guid,Word,Reading,Meaning,Level,ReadingType,Pattern,Rules,KanjiDetail
kk_Arbeit（德）_アルバイト,Arbeit（德）,アルバイト,德:◆生まれながらに備わっている性質、もの本来の性質、本性(ホンショウ)◆本来の行いや考え、人として尊(とうと)び守るべき(進むべき)道、「道徳(ドウトク)」◆自ら,N4,on,on~,IL2_on_only(on 99%),德:◆生まれながらに備わっている性質、もの本来の性質、本性(ホンショウ)◆本来の行いや考え、人として尊(とうと)び守るべき(進むべき)道、「道徳(ドウトク)」◆自ら
kk_Energie（德）_エネルギー,Energie（德）,エネルギー,德:◆生まれながらに備わっている性質、もの本来の性質、本性(ホンショウ)◆本来の行いや考え、人として尊(とうと)び守るべき(進むべき)道、「道徳(ドウトク)」◆自ら,N4,on,on~,IL2_on_only(on 99%),德:◆生まれながらに備わっている性質、もの本来の性質、本性(ホンショウ)◆本来の行いや考え、人として尊(とうと)び守るべき(進むべき)道、「道徳(ドウトク)」◆自ら
kk_alcohol（荷）_アルコール,alcohol（荷）,アルコール,荷:◆ハス(蓮)、ハス科ハス属の水草、ハスの花・実・茎・根茎など全体を指す、別名「芙蕖(フキョ)」、「【爾雅注疏:釋草】荷芙渠(…)其莖茄其葉蕸其本蔤(《注》莖下白,N4,other,unknown,IL2_single_default(kun 84%),荷:◆ハス(蓮)、ハス科ハス属の水草、ハスの花・実・茎・根茎など全体を指す、別名「芙蕖(フキョ)」、「【爾雅注疏:釋草】荷芙渠(…)其莖茄其葉蕸其本蔤(《注》莖下白
kk_lemon（檸檬）_レモン,lemon（檸檬）,レモン,檸:◆「檸檬(ネイモウ、レモンlemon)」、ミカン科ミカン属の木、またその果実、同「柠檬」 ◆簡「柠」; 檬:◆「檸檬(ネイモウ)」、レモンlemon、ミカン科ミカン属の木、またその果実,N4,on,on+on~,A3_short_compound(on+on 71%) | B_noun_rad_木(kun 93%) | B_noun_rad_木(kun 93%),檸:◆「檸檬(ネイモウ、レモンlemon)」、ミカン科ミカン属の木、またその果実、同「柠檬」 ◆簡「柠」; 檬:◆「檸檬(ネイモウ)」、レモンlemon、ミカン科ミカン属の木、またその果実
kk_お前_おまえ,お前,おまえ,前:◆(前に)進む、またその方向、同「先」、「前途(ぜんと、目的地に向かう道のり、将来)」◆位置的には先の方向、時間的には過去の方向、順序では上位の方向、同「先」、,N4,kun,kun,IL1_okurigana(kun 96%) | IL2_single_okuri(kun 96%) | B_verb_rad_刀(kun 80%),前:◆(前に)進む、またその方向、同「先」、「前途(ぜんと、目的地に向かう道のり、将来)」◆位置的には先の方向、時間的には過去の方向、順序では上位の方向、同「先」、
kk_お土産_おみやげ,お土産,おみやげ,土:◆泥や細かい砂などから成るもの◆生(セイ)あるものを生み出すもの、「【說文解字:巻一三下:土部:土】地之吐生物者也二象地之下地之中物出形」◆地に根差したもの、そ; 産:◆子を生む◆生まれ◆新たに(新たなものを)生み出す、作り出す、また生み出されたもの、「生産(セイサン)」◆土地や財物◆音孔が三つの籥(ヤク、縦笛)、籥よりも太く,N4,other,mixed+mixed~,IL1_okurigana(kun 96%) | A1_compound_oku(kun 90%) | A1_on_kun_mix(on+kun 65%),土:◆泥や細かい砂などから成るもの◆生(セイ)あるものを生み出すもの、「【說文解字:巻一三下:土部:土】地之吐生物者也二象地之下地之中物出形」◆地に根差したもの、そ; 産:◆子を生む◆生まれ◆新たに(新たなものを)生み出す、作り出す、また生み出されたもの、「生産(セイサン)」◆土地や財物◆音孔が三つの籥(ヤク、縦笛)、籥よりも太く
kk_お目にかかる_おめにかかる,お目にかかる,おめにかかる,目:◆眼(め、眼球ガンキュウ、黒目くろめ)・白目(しろめ、結膜ケツマク)・視神経などを含むものを見る器官全体、またその形状や様子や機能◆ものを見る、また見分ける◆眼,N4,kun,kun,IL1_okurigana(kun 96%) | IL2_single_okuri(kun 96%),目:◆眼(め、眼球ガンキュウ、黒目くろめ)・白目(しろめ、結膜ケツマク)・視神経などを含むものを見る器官全体、またその形状や様子や機能◆ものを見る、また見分ける◆眼
kk_お礼_おれい,お礼,おれい,礼:◆社会生活をする上での作法や決まり事、「禮儀(礼儀、レイギ、正式な・正規の作法)」「拜禮(拝礼、ハイレイ、お辞儀の作法)」「禮拜(礼拝、レイハイ、作法に則ってお,N4,on,on~,IL1_okurigana(kun 96%) | IL2_single_okuri(kun 96%),礼:◆社会生活をする上での作法や決まり事、「禮儀(礼儀、レイギ、正式な・正規の作法)」「拜禮(拝礼、ハイレイ、お辞儀の作法)」「禮拜(礼拝、レイハイ、作法に則ってお
kk_お祝い_おいわい,お祝い,おいわい,祝:◆神前で祈祷(キトウ)する、神に申し上げる、またその言葉、またその人◆「巫祝(フシュク)」、祭祀(サイシ)などの神事を司(つかさど)る人◆人に幸い・喜びを賜りま,N4,kun,kun,IL1_okurigana(kun 96%) | IL2_single_okuri(kun 96%),祝:◆神前で祈祷(キトウ)する、神に申し上げる、またその言葉、またその人◆「巫祝(フシュク)」、祭祀(サイシ)などの神事を司(つかさど)る人◆人に幸い・喜びを賜りま
kk_お祭り_おまつり,お祭り,おまつり,祭:◆神(かみ)や先祖や死者に供え物(そなえもの)を捧(ささ)げる、またその儀式、「祭祀(サイシ)」、同「祀」◆[日]大勢の人が集まって行う催(もよお)し¶「祭」の,N4,kun,kun,IL1_okurigana(kun 96%) | IL2_single_okuri(kun 96%),祭:◆神(かみ)や先祖や死者に供え物(そなえもの)を捧(ささ)げる、またその儀式、「祭祀(サイシ)」、同「祀」◆[日]大勢の人が集まって行う催(もよお)し¶「祭」の
kk_お粥_おかゆ,お粥,おかゆ,粥:◆米などの穀物を多めの水で柔らかく炊いたもの或いは煮たもの、同「鬻」◆鬻(ひさ)ぐ、(生活をするためにものを)売る、同「鬻」,N4,kun,kun,IL1_okurigana(kun 96%) | IL2_single_okuri(kun 96%) | B_noun_rad_米(kun 93%),粥:◆米などの穀物を多めの水で柔らかく炊いたもの或いは煮たもの、同「鬻」◆鬻(ひさ)ぐ、(生活をするためにものを)売る、同「鬻」
kk_お蔭_おかげ,お蔭,おかげ,蔭:◆草木に覆われて日光が遮(さえぎ)られたところ、日陰、同「廕」◆覆う、覆い守る、庇(かば)う◆他に守られる、他の力を借りる、おかげ、～のおかげで～◆「庇蔭(ヒイ,N4,kun,kun,IL1_okurigana(kun 96%) | IL2_single_okuri(kun 96%),蔭:◆草木に覆われて日光が遮(さえぎ)られたところ、日陰、同「廕」◆覆う、覆い守る、庇(かば)う◆他に守られる、他の力を借りる、おかげ、～のおかげで～◆「庇蔭(ヒイ
kk_お見舞い_おみまい,お見舞い,おみまい,見:◆目でものや状況を認識する、目に入る◆(見たものの)認識の仕方、考え◆人と顔を合わせる、対面する◆みる、部首名; 舞:◆手足や体を動かし踊(おど)り喜怒哀楽(キドアイラク)を表現する、同「儛」「𦐀」◆(舞うように)飛ぶ、(舞うように)揺(ゆ)らす◆弄(いじ)くって変えてしまう,N4,kun,kun+kun~,IL1_okurigana(kun 96%) | A1_compound_oku(kun 90%) | A1_on_kun_mix(on+kun 65%),見:◆目でものや状況を認識する、目に入る◆(見たものの)認識の仕方、考え◆人と顔を合わせる、対面する◆みる、部首名; 舞:◆手足や体を動かし踊(おど)り喜怒哀楽(キドアイラク)を表現する、同「儛」「𦐀」◆(舞うように)飛ぶ、(舞うように)揺(ゆ)らす◆弄(いじ)くって変えてしまう
kk_この間_このあいだ,この間,このあいだ,間:◆両側からぴったりと閉じられずに開いているところ、(空間・時間・物事・関係などが)連続せずに途切れているところ、開いたり途切れたりして何もないところ、隙(すき),N4,kun,kun,IL1_okurigana(kun 96%) | IL2_single_okuri(kun 96%),間:◆両側からぴったりと閉じられずに開いているところ、(空間・時間・物事・関係などが)連続せずに途切れているところ、開いたり途切れたりして何もないところ、隙(すき)
kk_この頃_このごろ,この頃,このごろ,頃:◆頭を傾(かたむ)ける、頭を傾(かし)げる、同「傾」◆傾く、斜めになる、片方に(一方に)偏(かたよ)る、同「傾」◆僅(わず)かな時間、「頃刻(ケイコク、僅かな間,N4,other,unknown,IL1_okurigana(kun 96%) | IL2_single_okuri(kun 96%),頃:◆頭を傾(かたむ)ける、頭を傾(かし)げる、同「傾」◆傾く、斜めになる、片方に(一方に)偏(かたよ)る、同「傾」◆僅(わず)かな時間、「頃刻(ケイコク、僅かな間
kk_ごみ箱_ごみばこ,ごみ箱,ごみばこ,箱:◆ものを収納(収蔵)する方形の入れ物、四周が囲われ上面・下面が塞(ふさ)がれているもの、小形のものは「篋(キョウ、はこ)」、またそのような形のもの◆人や物を入れ,N4,other,unknown,IL1_okurigana(kun 96%) | IL2_single_okuri(kun 96%) | B_noun_rad_竹(kun 93%),箱:◆ものを収納(収蔵)する方形の入れ物、四周が囲われ上面・下面が塞(ふさ)がれているもの、小形のものは「篋(キョウ、はこ)」、またそのような形のもの◆人や物を入れ
kk_ご存知_ごぞんじ,ご存知,ごぞんじ,存:◆そこに在(あ)る、そこに居(い)る、同「侟」◆ながら･える、保つ、長く保ち続ける◆生きている、「存命(ゾンメイ)」◆無事かどうかを問う、気に掛かっていることを; 知:◆(矢のように素早く、矢が的の中央に当たるように的確に)認識する、見定める、「察知(サッチ)」「知識(チシキ)」、「智」は「見知ったことを理解しその正邪を正しく,N4,other,mixed+mixed~,IL1_okurigana(kun 96%) | A1_compound_oku(kun 90%) | A1_on_kun_mix(on+kun 65%),存:◆そこに在(あ)る、そこに居(い)る、同「侟」◆ながら･える、保つ、長く保ち続ける◆生きている、「存命(ゾンメイ)」◆無事かどうかを問う、気に掛かっていることを; 知:◆(矢のように素早く、矢が的の中央に当たるように的確に)認識する、見定める、「察知(サッチ)」「知識(チシキ)」、「智」は「見知ったことを理解しその正邪を正しく
kk_ご覧になる_ごらんになる,ご覧になる,ごらんになる,覧:◆見渡す、見て回る◆全体を見る、全体に目を通す,N4,on,on~,IL1_okurigana(kun 96%) | IL2_single_okuri(kun 96%),覧:◆見渡す、見て回る◆全体を見る、全体に目を通す
kk_そう言えば_そういえば,そう言えば,そういえば,言:◆相手に伝えたいことを声に出してはっきりと述べる、またその内容、またそのための語(ゴ、互いに意思の疎通を図るための言葉)◆字(ジ)、文字◆我(われ)、自分を指す,N4,kun,kun,IL1_okurigana(kun 96%) | IL2_single_okuri(kun 96%) | B_verb_rad_言(kun 80%),言:◆相手に伝えたいことを声に出してはっきりと述べる、またその内容、またそのための語(ゴ、互いに意思の疎通を図るための言葉)◆字(ジ)、文字◆我(われ)、自分を指す
kk_どの様_どのよう,どの様,どのよう,様:◆物事の性格や状態、また姿や形、あり方また見掛け◆形や姿、状態やあり方、方法や方式、同「𢳌」◆形や姿・状態やあり方・方法や方式などの種類を数える語◆クヌギ(櫟、,N4,other,unknown,IL1_okurigana(kun 96%) | IL2_single_okuri(kun 96%) | B_noun_rad_木(kun 93%),様:◆物事の性格や状態、また姿や形、あり方また見掛け◆形や姿、状態やあり方、方法や方式、同「𢳌」◆形や姿・状態やあり方・方法や方式などの種類を数える語◆クヌギ(櫟、
kk_もう少しで_もうすこしで,もう少しで,もうすこしで,少:◆数や度量(ドリョウ、ものの多少・軽重・長短・高低・深浅・強弱など)が、あるべき(必要とする)数や度量より小さい、またそれに足りない、またそれに及ばない、同「寡,N4,kun,kun,IL1_okurigana(kun 96%) | IL2_single_okuri(kun 96%),少:◆数や度量(ドリョウ、ものの多少・軽重・長短・高低・深浅・強弱など)が、あるべき(必要とする)数や度量より小さい、またそれに足りない、またそれに及ばない、同「寡
kk_やり方_やりかた,やり方,やりかた,方:◆四角、四角いさま、角(かど)が直角になっているさま、「方形(ホウケイ)」◆数学で二つの数を掛け合わせた数(正方形・長方形の一つの角を成す二辺を掛け合わせた数),N4,kun,kun,IL1_okurigana(kun 96%) | IL2_single_okuri(kun 96%),方:◆四角、四角いさま、角(かど)が直角になっているさま、「方形(ホウケイ)」◆数学で二つの数を掛け合わせた数(正方形・長方形の一つの角を成す二辺を掛け合わせた数)
kk_サツマ芋_サツマいも,サツマ芋,サツマいも,芋:◆澱粉などの養分を貯えて肥大した根茎、塊根(カイコン)、塊根を食用とする植物の総称 ◆サトイモ(里芋)、サトイモ科サトイモ属、サトイモ科の植物、中国では「芋(ウ,N4,kun,kun,IL2_single_default(kun 84%),芋:◆澱粉などの養分を貯えて肥大した根茎、塊根(カイコン)、塊根を食用とする植物の総称 ◆サトイモ(里芋)、サトイモ科サトイモ属、サトイモ科の植物、中国では「芋(ウ
kk_一度_いちど,一度,いちど,一:◆最初、最初の数、最も小さい数、同「壹」 ◆(幾つかあるものの内の、全体の中の)一つ、一つの、一つに、それだけ、ひたすら、同「壹」◆同じ、等しい、「同じ一つのも; 度:◆長さを測(はか)る際に基準となる物差し(ものさし)、またその目盛(めもり)、「度量(ドリョウ、長さと容量、人の言動をどの程度容認できるかの大きさ)」「法度(ハ,N4,on,on+on,A3_short_compound(on+on 71%) | B_noun_rad_广(kun 93%),一:◆最初、最初の数、最も小さい数、同「壹」 ◆(幾つかあるものの内の、全体の中の)一つ、一つの、一つに、それだけ、ひたすら、同「壹」◆同じ、等しい、「同じ一つのも; 度:◆長さを測(はか)る際に基準となる物差し(ものさし)、またその目盛(めもり)、「度量(ドリョウ、長さと容量、人の言動をどの程度容認できるかの大きさ)」「法度(ハ
kk_一昨々年_さきおととし,一昨々年,さきおととし,一:◆最初、最初の数、最も小さい数、同「壹」 ◆(幾つかあるものの内の、全体の中の)一つ、一つの、一つに、それだけ、ひたすら、同「壹」◆同じ、等しい、「同じ一つのも; 昨:◆夜を挟んで一つ前の日◆一つ前の月や年◆過去、以前; 年:◆穀物が稔(みの)る、同「秊」◆農作物を収穫してから次の収穫期までの期間、四季(二十四節気)を一巡する期間、year◆誕生してから生きてその誕生日を通り過ぎた回,N4,on,mixed+on+mixed~,A4_multi_on(on+on+on 65%),一:◆最初、最初の数、最も小さい数、同「壹」 ◆(幾つかあるものの内の、全体の中の)一つ、一つの、一つに、それだけ、ひたすら、同「壹」◆同じ、等しい、「同じ一つのも; 昨:◆夜を挟んで一つ前の日◆一つ前の月や年◆過去、以前; 年:◆穀物が稔(みの)る、同「秊」◆農作物を収穫してから次の収穫期までの期間、四季(二十四節気)を一巡する期間、year◆誕生してから生きてその誕生日を通り過ぎた回
kk_一昨々日_さきおととい,一昨々日,さきおととい,一:◆最初、最初の数、最も小さい数、同「壹」 ◆(幾つかあるものの内の、全体の中の)一つ、一つの、一つに、それだけ、ひたすら、同「壹」◆同じ、等しい、「同じ一つのも; 昨:◆夜を挟んで一つ前の日◆一つ前の月や年◆過去、以前; 日:◆太陽◆太陽が出ている間、昼間、夜明けから日没まで◆一昼夜、朝から次の朝まで、またその繰り返し、またその繰り返しを数える語◆候(コウ)、時節、頃(ケイ、ころ)◆,N4,on,mixed+on+mixed~,A4_multi_on(on+on+on 65%),一:◆最初、最初の数、最も小さい数、同「壹」 ◆(幾つかあるものの内の、全体の中の)一つ、一つの、一つに、それだけ、ひたすら、同「壹」◆同じ、等しい、「同じ一つのも; 昨:◆夜を挟んで一つ前の日◆一つ前の月や年◆過去、以前; 日:◆太陽◆太陽が出ている間、昼間、夜明けから日没まで◆一昼夜、朝から次の朝まで、またその繰り返し、またその繰り返しを数える語◆候(コウ)、時節、頃(ケイ、ころ)◆
kk_一昨年_いっさくねん,一昨年,いっさくねん,一:◆最初、最初の数、最も小さい数、同「壹」 ◆(幾つかあるものの内の、全体の中の)一つ、一つの、一つに、それだけ、ひたすら、同「壹」◆同じ、等しい、「同じ一つのも; 昨:◆夜を挟んで一つ前の日◆一つ前の月や年◆過去、以前; 年:◆穀物が稔(みの)る、同「秊」◆農作物を収穫してから次の収穫期までの期間、四季(二十四節気)を一巡する期間、year◆誕生してから生きてその誕生日を通り過ぎた回,N4,on,on+on+on,A4_multi_on(on+on+on 65%),一:◆最初、最初の数、最も小さい数、同「壹」 ◆(幾つかあるものの内の、全体の中の)一つ、一つの、一つに、それだけ、ひたすら、同「壹」◆同じ、等しい、「同じ一つのも; 昨:◆夜を挟んで一つ前の日◆一つ前の月や年◆過去、以前; 年:◆穀物が稔(みの)る、同「秊」◆農作物を収穫してから次の収穫期までの期間、四季(二十四節気)を一巡する期間、year◆誕生してから生きてその誕生日を通り過ぎた回
kk_一生_いっしょう,一生,いっしょう,一:◆最初、最初の数、最も小さい数、同「壹」 ◆(幾つかあるものの内の、全体の中の)一つ、一つの、一つに、それだけ、ひたすら、同「壹」◆同じ、等しい、「同じ一つのも; 生:◆う・まれる、それまでになかった新しいものが現れ出る、また新しいことが起こる◆い・きる、成長し活動できる状態で存在する、またその状態◆なま、現れ出た時のそのまま,N4,on,on+on,,一:◆最初、最初の数、最も小さい数、同「壹」 ◆(幾つかあるものの内の、全体の中の)一つ、一つの、一つに、それだけ、ひたすら、同「壹」◆同じ、等しい、「同じ一つのも; 生:◆う・まれる、それまでになかった新しいものが現れ出る、また新しいことが起こる◆い・きる、成長し活動できる状態で存在する、またその状態◆なま、現れ出た時のそのまま
kk_一生懸命_いっしょうけんめい,一生懸命,いっしょうけんめい,一:◆最初、最初の数、最も小さい数、同「壹」 ◆(幾つかあるものの内の、全体の中の)一つ、一つの、一つに、それだけ、ひたすら、同「壹」◆同じ、等しい、「同じ一つのも; 生:◆う・まれる、それまでになかった新しいものが現れ出る、また新しいことが起こる◆い・きる、成長し活動できる状態で存在する、またその状態◆なま、現れ出た時のそのまま; 懸:◆掛ける、掛けてぶら下げる、同「縣」◆長い間宙吊りのままになっている、物事が宙ぶらりんで落ち着かない◆隔(へだ)たる、同「縣」,N4,on,on+on+on+on,A4_multi_on(on+on+on+on 65%),一:◆最初、最初の数、最も小さい数、同「壹」 ◆(幾つかあるものの内の、全体の中の)一つ、一つの、一つに、それだけ、ひたすら、同「壹」◆同じ、等しい、「同じ一つのも; 生:◆う・まれる、それまでになかった新しいものが現れ出る、また新しいことが起こる◆い・きる、成長し活動できる状態で存在する、またその状態◆なま、現れ出た時のそのまま; 懸:◆掛ける、掛けてぶら下げる、同「縣」◆長い間宙吊りのままになっている、物事が宙ぶらりんで落ち着かない◆隔(へだ)たる、同「縣」
kk_三角_さんかく,三角,さんかく,三:◆数の名、三番目; 角:◆つの、動物などの頭部から突き出た骨質状また角質状のもの、またそのように先が尖ったもの、またそのように先が尖った状態◆(角を突き合わせて)力を競い合う◆すみ、か,N4,on,on+on,,三:◆数の名、三番目; 角:◆つの、動物などの頭部から突き出た骨質状また角質状のもの、またそのように先が尖ったもの、またそのように先が尖った状態◆(角を突き合わせて)力を競い合う◆すみ、か
kk_上る_あがる,上る,あがる,上:◆位置・場所・地位などが高い、高い方にある◆高い方に移る、昇る、登る◆順序・時間などが前、前の方にある◆前の方に移る◆等級・品質などが高い、優れている◆殿様、皇,N4,kun,kun,IL1_okurigana(kun 96%) | IL2_single_okuri(kun 96%),上:◆位置・場所・地位などが高い、高い方にある◆高い方に移る、昇る、登る◆順序・時間などが前、前の方にある◆前の方に移る◆等級・品質などが高い、優れている◆殿様、皇
kk_上司_じょうし,上司,じょうし,上:◆位置・場所・地位などが高い、高い方にある◆高い方に移る、昇る、登る◆順序・時間などが前、前の方にある◆前の方に移る◆等級・品質などが高い、優れている◆殿様、皇; 司:◆管理・監督する、主管(シュカン)・管掌(カンショウ)する、またその職掌(ショクショウ)・職務・役割、またその人、「【禮記注疏(禮記正義):卷四:曲禮下】天子之,N4,on,on+on,A3_short_compound(on+on 71%),上:◆位置・場所・地位などが高い、高い方にある◆高い方に移る、昇る、登る◆順序・時間などが前、前の方にある◆前の方に移る◆等級・品質などが高い、優れている◆殿様、皇; 司:◆管理・監督する、主管(シュカン)・管掌(カンショウ)する、またその職掌(ショクショウ)・職務・役割、またその人、「【禮記注疏(禮記正義):卷四:曲禮下】天子之
kk_下がる_さがる,下がる,さがる,下:◆位置・場所・地位などが低い、低い方にある◆低い方に移る、降りる、落ちる◆順序・時間などが後(あと)、後の方にある◆後の方に移る、後(うし)ろの方へ退く◆等級・,N4,kun,kun,IL1_okurigana(kun 96%) | IL2_single_okuri(kun 96%),下:◆位置・場所・地位などが低い、低い方にある◆低い方に移る、降りる、落ちる◆順序・時間などが後(あと)、後の方にある◆後の方に移る、後(うし)ろの方へ退く◆等級・
kk_下げる_さげる,下げる,さげる,下:◆位置・場所・地位などが低い、低い方にある◆低い方に移る、降りる、落ちる◆順序・時間などが後(あと)、後の方にある◆後の方に移る、後(うし)ろの方へ退く◆等級・,N4,kun,kun,IL1_okurigana(kun 96%) | IL2_single_okuri(kun 96%),下:◆位置・場所・地位などが低い、低い方にある◆低い方に移る、降りる、落ちる◆順序・時間などが後(あと)、後の方にある◆後の方に移る、後(うし)ろの方へ退く◆等級・
kk_下りる_おりる,下りる,おりる,下:◆位置・場所・地位などが低い、低い方にある◆低い方に移る、降りる、落ちる◆順序・時間などが後(あと)、後の方にある◆後の方に移る、後(うし)ろの方へ退く◆等級・,N4,kun,kun,IL1_okurigana(kun 96%) | IL2_single_okuri(kun 96%),下:◆位置・場所・地位などが低い、低い方にある◆低い方に移る、降りる、落ちる◆順序・時間などが後(あと)、後の方にある◆後の方に移る、後(うし)ろの方へ退く◆等級・
kk_下宿_げしゅく,下宿,げしゅく,下:◆位置・場所・地位などが低い、低い方にある◆低い方に移る、降りる、落ちる◆順序・時間などが後(あと)、後の方にある◆後の方に移る、後(うし)ろの方へ退く◆等級・; 宿:◆屋根の下(家屋の中)で一夜を過ごす、また止(とど)まって休息する、「【春秋左傳:莊公:莊公三年】凡師一宿為舍再宿爲信過信爲次(《疏》注正義曰舍者君行一日止而舍,N4,on,on+on,A3_short_compound(on+on 71%) | B_noun_rad_宀(kun 93%),下:◆位置・場所・地位などが低い、低い方にある◆低い方に移る、降りる、落ちる◆順序・時間などが後(あと)、後の方にある◆後の方に移る、後(うし)ろの方へ退く◆等級・; 宿:◆屋根の下(家屋の中)で一夜を過ごす、また止(とど)まって休息する、「【春秋左傳:莊公:莊公三年】凡師一宿為舍再宿爲信過信爲次(《疏》注正義曰舍者君行一日止而舍
kk_下着_したぎ,下着,したぎ,下:◆位置・場所・地位などが低い、低い方にある◆低い方に移る、降りる、落ちる◆順序・時間などが後(あと)、後の方にある◆後の方に移る、後(うし)ろの方へ退く◆等級・; 着:◆目的や目標としている物事・場所などに届く、また達する、また到る、同「著」◆他のものに付く、同「著」◆き・る、衣服を身に付ける、同「著」◆火や明かりを点(つ)け,N4,other,mixed+mixed~,A3_short_compound(on+on 71%),下:◆位置・場所・地位などが低い、低い方にある◆低い方に移る、降りる、落ちる◆順序・時間などが後(あと)、後の方にある◆後の方に移る、後(うし)ろの方へ退く◆等級・; 着:◆目的や目標としている物事・場所などに届く、また達する、また到る、同「著」◆他のものに付く、同「著」◆き・る、衣服を身に付ける、同「著」◆火や明かりを点(つ)け
kk_不便_ふべん,不便,ふべん,不:◆～でない、～ない、not、no、否定の語、同「弗」、「不可(フカ、認められない、してはならない)」「不知(フチ、知らない)」◆否(いな)、いや、いいや、同意で; 便:◆安らかなさま、差し障る(さしさわる)ようなことがないさま◆都合が良いさま、ちょうど良いさま、(物事をするのに)適(テキ)しているさま、「便宜(ベンギ)」「便利,N4,on,on+on,A3_short_compound(on+on 71%),不:◆～でない、～ない、not、no、否定の語、同「弗」、「不可(フカ、認められない、してはならない)」「不知(フチ、知らない)」◆否(いな)、いや、いいや、同意で; 便:◆安らかなさま、差し障る(さしさわる)ようなことがないさま◆都合が良いさま、ちょうど良いさま、(物事をするのに)適(テキ)しているさま、「便宜(ベンギ)」「便利
kk_不動産_ふどうさん,不動産,ふどうさん,不:◆～でない、～ない、not、no、否定の語、同「弗」、「不可(フカ、認められない、してはならない)」「不知(フチ、知らない)」◆否(いな)、いや、いいや、同意で; 動:◆位置・姿勢・感情・状態・事情などが変わる、また変える、また変わり始める、「動作」「行動」「感動」◆やや・もすれば、どうかすると(～になる、～になりやすい); 産:◆子を生む◆生まれ◆新たに(新たなものを)生み出す、作り出す、また生み出されたもの、「生産(セイサン)」◆土地や財物◆音孔が三つの籥(ヤク、縦笛)、籥よりも太く,N4,on,on+on+on,A4_multi_on(on+on+on 65%) | B_verb_rad_力(kun 80%),不:◆～でない、～ない、not、no、否定の語、同「弗」、「不可(フカ、認められない、してはならない)」「不知(フチ、知らない)」◆否(いな)、いや、いいや、同意で; 動:◆位置・姿勢・感情・状態・事情などが変わる、また変える、また変わり始める、「動作」「行動」「感動」◆やや・もすれば、どうかすると(～になる、～になりやすい); 産:◆子を生む◆生まれ◆新たに(新たなものを)生み出す、作り出す、また生み出されたもの、「生産(セイサン)」◆土地や財物◆音孔が三つの籥(ヤク、縦笛)、籥よりも太く
kk_不自由_ふじゆう,不自由,ふじゆう,不:◆～でない、～ない、not、no、否定の語、同「弗」、「不可(フカ、認められない、してはならない)」「不知(フチ、知らない)」◆否(いな)、いや、いいや、同意で; 自:◆みずか・ら、己(おのれ)、己の◆おの・ずから、己ひとりで、他からの影響を受けずに、それのみの力や意志で◆～から、～より、場所や時間の起点を表す◆みずから、部首; 由:◆基(もと)づく、因(よ)る、「経由(ケイユ)」「由来(ユライ)」◆～が元(もと)で、～によって、「原因(ゲンイン)」◆(～という結果に至った)訳(わけ)、経緯,N4,on,on+on+on,A4_multi_on(on+on+on 65%),不:◆～でない、～ない、not、no、否定の語、同「弗」、「不可(フカ、認められない、してはならない)」「不知(フチ、知らない)」◆否(いな)、いや、いいや、同意で; 自:◆みずか・ら、己(おのれ)、己の◆おの・ずから、己ひとりで、他からの影響を受けずに、それのみの力や意志で◆～から、～より、場所や時間の起点を表す◆みずから、部首; 由:◆基(もと)づく、因(よ)る、「経由(ケイユ)」「由来(ユライ)」◆～が元(もと)で、～によって、「原因(ゲンイン)」◆(～という結果に至った)訳(わけ)、経緯
kk_不親切_ふしんせつ,不親切,ふしんせつ,不:◆～でない、～ない、not、no、否定の語、同「弗」、「不可(フカ、認められない、してはならない)」「不知(フチ、知らない)」◆否(いな)、いや、いいや、同意で; 親:◆身近にいる、近しい◆関係が近い、関係が深い◆父母◆血縁・婚姻関係にある人◆深く付き合う、気兼ねなく接することができる、気の置けない◆自ら、自分で; 切:◆刃物などですっと断(た)つ、裁(た)つ、割(さ)く◆ぴったりとしたさま、隙(すき)がないさま、「親切(シンセツ)」◆近くまで迫(せま)る、差し迫る、「切近(セ,N4,on,on+on+on,A4_multi_on(on+on+on 65%) | B_verb_rad_刀(kun 80%),不:◆～でない、～ない、not、no、否定の語、同「弗」、「不可(フカ、認められない、してはならない)」「不知(フチ、知らない)」◆否(いな)、いや、いいや、同意で; 親:◆身近にいる、近しい◆関係が近い、関係が深い◆父母◆血縁・婚姻関係にある人◆深く付き合う、気兼ねなく接することができる、気の置けない◆自ら、自分で; 切:◆刃物などですっと断(た)つ、裁(た)つ、割(さ)く◆ぴったりとしたさま、隙(すき)がないさま、「親切(シンセツ)」◆近くまで迫(せま)る、差し迫る、「切近(セ
kk_与える_あたえる,与える,あたえる,与:◆上位の者が下位の者に物などをやる、授(さず)ける、同「賜予(シヨ)」◆同じ目的を持った仲間に加わる、また加わって共に行動する、組する、同「與」◆関(かか)わる,N4,kun,kun,IL1_okurigana(kun 96%) | IL2_single_okuri(kun 96%),与:◆上位の者が下位の者に物などをやる、授(さず)ける、同「賜予(シヨ)」◆同じ目的を持った仲間に加わる、また加わって共に行動する、組する、同「與」◆関(かか)わる
kk_世の中_よのなか,世の中,よのなか,世:◆地位や家督を継(つ)いでから次の代(ダイ)に引き継ぐまでの期間、同「代」◆家督(カトク)を継(つ)ぐ、「【前漢書(漢書):卷四十八:賈誼傳】…賈嘉最好學世其家; 中:◆ものとものの間にあってどちらにも偏(かたよ)らない位置◆上下・高低・大小などの間(あいだ)に位置する人や物や場所、同「仲」◆始点(出発地)から終点(目的地)ま,N4,kun,kun+kun~,IL1_okurigana(kun 96%) | A1_compound_oku(kun 90%) | A1_on_kun_mix(on+kun 65%),世:◆地位や家督を継(つ)いでから次の代(ダイ)に引き継ぐまでの期間、同「代」◆家督(カトク)を継(つ)ぐ、「【前漢書(漢書):卷四十八:賈誼傳】…賈嘉最好學世其家; 中:◆ものとものの間にあってどちらにも偏(かたよ)らない位置◆上下・高低・大小などの間(あいだ)に位置する人や物や場所、同「仲」◆始点(出発地)から終点(目的地)ま
kk_世話_せわ,世話,せわ,世:◆地位や家督を継(つ)いでから次の代(ダイ)に引き継ぐまでの期間、同「代」◆家督(カトク)を継(つ)ぐ、「【前漢書(漢書):卷四十八:賈誼傳】…賈嘉最好學世其家; 話:◆言葉にして言う、言葉で告げる、語(かた)る、またその言葉、同「𦧵(舙)」◆語られた(語られている)こと、物語(ものがたり),N4,on,on+on,A3_short_compound(on+on 71%) | B_verb_rad_言(kun 80%),世:◆地位や家督を継(つ)いでから次の代(ダイ)に引き継ぐまでの期間、同「代」◆家督(カトク)を継(つ)ぐ、「【前漢書(漢書):卷四十八:賈誼傳】…賈嘉最好學世其家; 話:◆言葉にして言う、言葉で告げる、語(かた)る、またその言葉、同「𦧵(舙)」◆語られた(語られている)こと、物語(ものがたり)
kk_両側_りょうがわ,両側,りょうがわ,両:◆(対になる)二つ、またその双方、双方共に◆重量の単位、1斤=16両 ◆車の台数を表す語、同「輛」◆[日]貨幣の単位、金1両=銀60匁(江戸時代元禄期); 側:◆(立っているものの)すぐ傍(そば)、傍(かたわ)ら、脇(わき)、同「旁」◆立てて片方に(一方に)寄せる、片方に寄る、偏(かたよ)る、同「仄」◆立ったものが一方,N4,other,mixed+mixed~,,両:◆(対になる)二つ、またその双方、双方共に◆重量の単位、1斤=16両 ◆車の台数を表す語、同「輛」◆[日]貨幣の単位、金1両=銀60匁(江戸時代元禄期); 側:◆(立っているものの)すぐ傍(そば)、傍(かたわ)ら、脇(わき)、同「旁」◆立てて片方に(一方に)寄せる、片方に寄る、偏(かたよ)る、同「仄」◆立ったものが一方
kk_両方_りょうほう,両方,りょうほう,両:◆(対になる)二つ、またその双方、双方共に◆重量の単位、1斤=16両 ◆車の台数を表す語、同「輛」◆[日]貨幣の単位、金1両=銀60匁(江戸時代元禄期); 方:◆四角、四角いさま、角(かど)が直角になっているさま、「方形(ホウケイ)」◆数学で二つの数を掛け合わせた数(正方形・長方形の一つの角を成す二辺を掛け合わせた数),N4,on,on+on,,両:◆(対になる)二つ、またその双方、双方共に◆重量の単位、1斤=16両 ◆車の台数を表す語、同「輛」◆[日]貨幣の単位、金1両=銀60匁(江戸時代元禄期); 方:◆四角、四角いさま、角(かど)が直角になっているさま、「方形(ホウケイ)」◆数学で二つの数を掛け合わせた数(正方形・長方形の一つの角を成す二辺を掛け合わせた数)
kk_中国語_ちゅうごくご,中国語,ちゅうごくご,中:◆ものとものの間にあってどちらにも偏(かたよ)らない位置◆上下・高低・大小などの間(あいだ)に位置する人や物や場所、同「仲」◆始点(出発地)から終点(目的地)ま; 国:◆主権者の支配が及ぶ範囲、土地や人や政治体制などを含む概念で古くは君主から与えられた領地、「王(権力者)の勢力が及ぶ範囲(囗)」の意; 語:◆他に向かって述べる、また告げる、考えや思い・言い伝えなどを話す◆意味を持つ言葉、話(はなし),N4,other,mixed+mixed+mixed~,A4_multi_on(on+on+on 65%) | B_verb_rad_言(kun 80%),中:◆ものとものの間にあってどちらにも偏(かたよ)らない位置◆上下・高低・大小などの間(あいだ)に位置する人や物や場所、同「仲」◆始点(出発地)から終点(目的地)ま; 国:◆主権者の支配が及ぶ範囲、土地や人や政治体制などを含む概念で古くは君主から与えられた領地、「王(権力者)の勢力が及ぶ範囲(囗)」の意; 語:◆他に向かって述べる、また告げる、考えや思い・言い伝えなどを話す◆意味を持つ言葉、話(はなし)
kk_中学_ちゅうがく,中学,ちゅうがく,中:◆ものとものの間にあってどちらにも偏(かたよ)らない位置◆上下・高低・大小などの間(あいだ)に位置する人や物や場所、同「仲」◆始点(出発地)から終点(目的地)ま; 学:◆(教えを受けながら、見て倣いながら)知識や技術などを身に付ける、習得する、またその内容、知識や技術などを授(さず)けることを「教」◆教えを受け知識や技術などを,N4,on,on+on,,中:◆ものとものの間にあってどちらにも偏(かたよ)らない位置◆上下・高低・大小などの間(あいだ)に位置する人や物や場所、同「仲」◆始点(出発地)から終点(目的地)ま; 学:◆(教えを受けながら、見て倣いながら)知識や技術などを身に付ける、習得する、またその内容、知識や技術などを授(さず)けることを「教」◆教えを受け知識や技術などを
kk_中心_ちゅうしん,中心,ちゅうしん,中:◆ものとものの間にあってどちらにも偏(かたよ)らない位置◆上下・高低・大小などの間(あいだ)に位置する人や物や場所、同「仲」◆始点(出発地)から終点(目的地)ま; 心:◆血液を循環させる働きをする臓器で五臓(心シン・肝カン・脾ヒ・肺ハイ・腎ジン)の一つ ◆ものの真(ま)ん中、真ん中(中心)にあるもの、ものの重要な部分、ものの本,N4,on,on+on,,中:◆ものとものの間にあってどちらにも偏(かたよ)らない位置◆上下・高低・大小などの間(あいだ)に位置する人や物や場所、同「仲」◆始点(出発地)から終点(目的地)ま; 心:◆血液を循環させる働きをする臓器で五臓(心シン・肝カン・脾ヒ・肺ハイ・腎ジン)の一つ ◆ものの真(ま)ん中、真ん中(中心)にあるもの、ものの重要な部分、ものの本
kk_中止_ちゅうし,中止,ちゅうし,中:◆ものとものの間にあってどちらにも偏(かたよ)らない位置◆上下・高低・大小などの間(あいだ)に位置する人や物や場所、同「仲」◆始点(出発地)から終点(目的地)ま; 止:◆ものが動かないように(しっかりと)立つための支えとなる基(もと、土台)◆体を支える足(あし)◆同じ所に留(とど)まって動かない[†「止」は止まったまま動かない,N4,on,on+on,A3_short_compound(on+on 71%),中:◆ものとものの間にあってどちらにも偏(かたよ)らない位置◆上下・高低・大小などの間(あいだ)に位置する人や物や場所、同「仲」◆始点(出発地)から終点(目的地)ま; 止:◆ものが動かないように(しっかりと)立つための支えとなる基(もと、土台)◆体を支える足(あし)◆同じ所に留(とど)まって動かない[†「止」は止まったまま動かない
kk_丸で_まるで,丸で,まるで,丸:◆球状または円形、またそのような形のもの、またそのような形にする◆角(かど)が尖(とが)っていない、またそのような形のもの、またそのような形にする◆球状のものを,N4,kun,kun,IL1_okurigana(kun 96%) | IL2_single_okuri(kun 96%),丸:◆球状または円形、またそのような形のもの、またそのような形にする◆角(かど)が尖(とが)っていない、またそのような形のもの、またそのような形にする◆球状のものを
kk_主_おも,主,おも,主:◆蝋燭やランプなどの灯心、同「炷」◆多くの中で特に重要な、またそのような人◆中心となるもの、中心にあるもの、またそのような人◆司(つかさど)る、中心となって統治,N4,kun,kun,IL2_single_default(kun 84%),主:◆蝋燭やランプなどの灯心、同「炷」◆多くの中で特に重要な、またそのような人◆中心となるもの、中心にあるもの、またそのような人◆司(つかさど)る、中心となって統治
kk_主婦_しゅふ,主婦,しゅふ,主:◆蝋燭やランプなどの灯心、同「炷」◆多くの中で特に重要な、またそのような人◆中心となるもの、中心にあるもの、またそのような人◆司(つかさど)る、中心となって統治; 婦:◆成人した女性、既婚の女性◆自分の妻◆息子の妻、同「媳」◆女子が自分の弟の妻を呼ぶ語、「【爾雅注疏:釋親】女子謂兄之妻為嫂弟之妻為婦」¶「帚」は「箒(ほうき)」,N4,on,on+on,A3_short_compound(on+on 71%),主:◆蝋燭やランプなどの灯心、同「炷」◆多くの中で特に重要な、またそのような人◆中心となるもの、中心にあるもの、またそのような人◆司(つかさど)る、中心となって統治; 婦:◆成人した女性、既婚の女性◆自分の妻◆息子の妻、同「媳」◆女子が自分の弟の妻を呼ぶ語、「【爾雅注疏:釋親】女子謂兄之妻為嫂弟之妻為婦」¶「帚」は「箒(ほうき)」
kk_久しぶり_ひさしぶり,久しぶり,ひさしぶり,久:◆長い時間が経っている◆長い間同じような状態で続いている◆灸を据える、同「灸」,N4,kun,kun,IL1_okurigana(kun 96%) | IL2_single_okuri(kun 96%),久:◆長い時間が経っている◆長い間同じような状態で続いている◆灸を据える、同「灸」
kk_乗り換え_のりかえ,乗り換え,のりかえ,乗:◆高台(たかだい、周りからは一段と高く人や物が乗ることができるようなところ)に登(のぼ)る、馬や車・舟などの台(ダイ)に上(あ)がる◆(人が乗るための)馬や車・; 換:◆今あるものをそれまでのものとは別のものに替える,N4,kun,kun+kun~,IL1_okurigana(kun 96%) | A1_compound_oku(kun 90%) | A1_on_kun_mix(on+kun 65%),乗:◆高台(たかだい、周りからは一段と高く人や物が乗ることができるようなところ)に登(のぼ)る、馬や車・舟などの台(ダイ)に上(あ)がる◆(人が乗るための)馬や車・; 換:◆今あるものをそれまでのものとは別のものに替える
kk_乗り換える_のりかえる,乗り換える,のりかえる,乗:◆高台(たかだい、周りからは一段と高く人や物が乗ることができるようなところ)に登(のぼ)る、馬や車・舟などの台(ダイ)に上(あ)がる◆(人が乗るための)馬や車・; 換:◆今あるものをそれまでのものとは別のものに替える,N4,kun,kun+kun~,IL1_okurigana(kun 96%) | A1_compound_oku(kun 90%) | A1_on_kun_mix(on+kun 65%),乗:◆高台(たかだい、周りからは一段と高く人や物が乗ることができるようなところ)に登(のぼ)る、馬や車・舟などの台(ダイ)に上(あ)がる◆(人が乗るための)馬や車・; 換:◆今あるものをそれまでのものとは別のものに替える
kk_乗り物_のりもの,乗り物,のりもの,乗:◆高台(たかだい、周りからは一段と高く人や物が乗ることができるようなところ)に登(のぼ)る、馬や車・舟などの台(ダイ)に上(あ)がる◆(人が乗るための)馬や車・; 物:◆(天地の間に存在する)人以外の形のあるもの、人は「者」、形のないものは「事」,N4,kun,kun+kun~,IL1_okurigana(kun 96%) | A1_compound_oku(kun 90%) | A1_on_kun_mix(on+kun 65%),乗:◆高台(たかだい、周りからは一段と高く人や物が乗ることができるようなところ)に登(のぼ)る、馬や車・舟などの台(ダイ)に上(あ)がる◆(人が乗るための)馬や車・; 物:◆(天地の間に存在する)人以外の形のあるもの、人は「者」、形のないものは「事」
kk_乱暴_らんぼう,乱暴,らんぼう,乱:◆平穏でなくなる、均衡が失われ不安定になる、秩序がなくなる、ごちゃごちゃする、同「𢿢」◆ばらばらになる、脈絡(ミャクラク)がなくなる、訳が分からなくなる◆縺(も; 暴:◆粗野な、粗野で荒々しい、同「虣」◆荒々しい、激しい、度が過ぎる◆(荒々しいことや激しいことが)突然に、不意に、同「曓」◆陽の当たる表に出す、(屋外に出して)日,N4,on,on+on,,乱:◆平穏でなくなる、均衡が失われ不安定になる、秩序がなくなる、ごちゃごちゃする、同「𢿢」◆ばらばらになる、脈絡(ミャクラク)がなくなる、訳が分からなくなる◆縺(も; 暴:◆粗野な、粗野で荒々しい、同「虣」◆荒々しい、激しい、度が過ぎる◆(荒々しいことや激しいことが)突然に、不意に、同「曓」◆陽の当たる表に出す、(屋外に出して)日
kk_乾く_かわく,乾く,かわく,乾:◆いぬい、八卦(ハッカ、「乾・兌・離・震・巽・坎・艮・坤」)の一つ、方角は戌亥(いぬい、北西)、天・太陽・君(君主)・父・男性など強く盛んなものを象徴する ◆太,N4,kun,kun,IL1_okurigana(kun 96%) | IL2_single_okuri(kun 96%),乾:◆いぬい、八卦(ハッカ、「乾・兌・離・震・巽・坎・艮・坤」)の一つ、方角は戌亥(いぬい、北西)、天・太陽・君(君主)・父・男性など強く盛んなものを象徴する ◆太
kk_予定_よてい,予定,よてい,予:◆我(われ)、自分を指す語、同「余」「吾」「我」◆与える、授ける、「賜予(シヨ)」◆前もって、同「豫」「預」◆余裕があるさま、ゆとりがあるさま、「猶予(ユウヨ); 定:◆さだ・まる、動きや乱れが鎮(しず)まって変化・変動しない状態になる、平静になる、落ち着く、「鎮定(チンテイ)」◆さだ・める、動いたり揺らいだりしない状態にする,N4,on,on+on,A3_short_compound(on+on 71%) | B_noun_rad_宀(kun 93%),予:◆我(われ)、自分を指す語、同「余」「吾」「我」◆与える、授ける、「賜予(シヨ)」◆前もって、同「豫」「預」◆余裕があるさま、ゆとりがあるさま、「猶予(ユウヨ); 定:◆さだ・まる、動きや乱れが鎮(しず)まって変化・変動しない状態になる、平静になる、落ち着く、「鎮定(チンテイ)」◆さだ・める、動いたり揺らいだりしない状態にする
kk_予約_よやく,予約,よやく,予:◆我(われ)、自分を指す語、同「余」「吾」「我」◆与える、授ける、「賜予(シヨ)」◆前もって、同「豫」「預」◆余裕があるさま、ゆとりがあるさま、「猶予(ユウヨ); 約:◆束ねる、纏(まと)めて束ねる、小さく纏める、同「𠣩」◆結ぶ、結び目、「約定(ヤクジョウ、互いに取り決め結び合うこと)」◆「約束(ヤクソク)」◇しっかりと縛(し,N4,on,on+on,A3_short_compound(on+on 71%),予:◆我(われ)、自分を指す語、同「余」「吾」「我」◆与える、授ける、「賜予(シヨ)」◆前もって、同「豫」「預」◆余裕があるさま、ゆとりがあるさま、「猶予(ユウヨ); 約:◆束ねる、纏(まと)めて束ねる、小さく纏める、同「𠣩」◆結ぶ、結び目、「約定(ヤクジョウ、互いに取り決め結び合うこと)」◆「約束(ヤクソク)」◇しっかりと縛(し
kk_予習_よしゅう,予習,よしゅう,予:◆我(われ)、自分を指す語、同「余」「吾」「我」◆与える、授ける、「賜予(シヨ)」◆前もって、同「豫」「預」◆余裕があるさま、ゆとりがあるさま、「猶予(ユウヨ); 習:◆何度も繰り返す、何度も繰り返すことによって身に付ける、同「慣」◆なら・わし、繰り返されることで身に付いたこと、普段から繰り返し行われること、同「慣」,N4,on,on+on,A3_short_compound(on+on 71%),予:◆我(われ)、自分を指す語、同「余」「吾」「我」◆与える、授ける、「賜予(シヨ)」◆前もって、同「豫」「預」◆余裕があるさま、ゆとりがあるさま、「猶予(ユウヨ); 習:◆何度も繰り返す、何度も繰り返すことによって身に付ける、同「慣」◆なら・わし、繰り返されることで身に付いたこと、普段から繰り返し行われること、同「慣」
kk_事_こと,事,こと,事:◆こと、動作・現象・状態など形のないものを指す語、形のあるものは「物」、「事情(ジジョウ、ことの様子)」「無事(ブジ、何事もないさま)」◆職(ショク)、仕事や役,N4,kun,kun,IL2_single_default(kun 84%),事:◆こと、動作・現象・状態など形のないものを指す語、形のあるものは「物」、「事情(ジジョウ、ことの様子)」「無事(ブジ、何事もないさま)」◆職(ショク)、仕事や役
kk_事務所_じむしょ,事務所,じむしょ,事:◆こと、動作・現象・状態など形のないものを指す語、形のあるものは「物」、「事情(ジジョウ、ことの様子)」「無事(ブジ、何事もないさま)」◆職(ショク)、仕事や役; 務:◆成すべきこと、ひたすら力を注(そそ)ぐべきこと◆努(つと)める、成すべきことにひたすら力を尽くす、同「敄」◆強(し)いて、押して、無理にでも; 所:◆処(ところ)、ものがある場また位置(要所・箇所など)、ことをする場また位置(住所・裁判所など)◆～のこと、「所感(感じること)」「所存(考え思っていること)◆,N4,on,on+on+on,A4_multi_on(on+on+on 65%) | B_verb_rad_力(kun 80%),事:◆こと、動作・現象・状態など形のないものを指す語、形のあるものは「物」、「事情(ジジョウ、ことの様子)」「無事(ブジ、何事もないさま)」◆職(ショク)、仕事や役; 務:◆成すべきこと、ひたすら力を注(そそ)ぐべきこと◆努(つと)める、成すべきことにひたすら力を尽くす、同「敄」◆強(し)いて、押して、無理にでも; 所:◆処(ところ)、ものがある場また位置(要所・箇所など)、ことをする場また位置(住所・裁判所など)◆～のこと、「所感(感じること)」「所存(考え思っていること)◆
kk_事故_じこ,事故,じこ,事:◆こと、動作・現象・状態など形のないものを指す語、形のあるものは「物」、「事情(ジジョウ、ことの様子)」「無事(ブジ、何事もないさま)」◆職(ショク)、仕事や役; 故:◆古い、以前の、同「古」◆古くから、以前から◆古くからの～、以前からの～◆死ぬ、亡(な)くなる◆～の為に～、～という理由で～、～が原因で～◆理由、原因◆(思い掛,N4,on,on+on,A3_short_compound(on+on 71%),事:◆こと、動作・現象・状態など形のないものを指す語、形のあるものは「物」、「事情(ジジョウ、ことの様子)」「無事(ブジ、何事もないさま)」◆職(ショク)、仕事や役; 故:◆古い、以前の、同「古」◆古くから、以前から◆古くからの～、以前からの～◆死ぬ、亡(な)くなる◆～の為に～、～という理由で～、～が原因で～◆理由、原因◆(思い掛
kk_事項_じこう,事項,じこう,事:◆こと、動作・現象・状態など形のないものを指す語、形のあるものは「物」、「事情(ジジョウ、ことの様子)」「無事(ブジ、何事もないさま)」◆職(ショク)、仕事や役; 項:◆うなじ、頸(くび、頭と胴の間にあって頭を支える部分)の後ろ側(背側)、同「脖」、前側は「頸」 ◆基準を定めて区分したその一つ一つ、「項目(コウモク)」,N4,on,on+on,A3_short_compound(on+on 71%),事:◆こと、動作・現象・状態など形のないものを指す語、形のあるものは「物」、「事情(ジジョウ、ことの様子)」「無事(ブジ、何事もないさま)」◆職(ショク)、仕事や役; 項:◆うなじ、頸(くび、頭と胴の間にあって頭を支える部分)の後ろ側(背側)、同「脖」、前側は「頸」 ◆基準を定めて区分したその一つ一つ、「項目(コウモク)」
kk_亡くなる_なくなる,亡くなる,なくなる,亡:◆(そこにいた人が)逃げる、姿を消す、「逃亡(トウボウ)」◆(それまで生きていた人が)死ぬ、「死亡(シボウ)」◆(それまでそこにあったものが衰え弱り小さくなって,N4,kun,kun,IL1_okurigana(kun 96%) | IL2_single_okuri(kun 96%),亡:◆(そこにいた人が)逃げる、姿を消す、「逃亡(トウボウ)」◆(それまで生きていた人が)死ぬ、「死亡(シボウ)」◆(それまでそこにあったものが衰え弱り小さくなって
kk_交換_こうかん,交換,こうかん,"交:◆形や状態などが""＋Ｘ""字形(交差する)ような形になるさま、違う方向から進んできたものが一点で出会うさま、交叉(コウサ)するさま、同「䢒」◆互いに行き来し合う、; 換:◆今あるものをそれまでのものとは別のものに替える",N4,on,on+on,B_verb_rad_手(kun 80%),"交:◆形や状態などが""＋Ｘ""字形(交差する)ような形になるさま、違う方向から進んできたものが一点で出会うさま、交叉(コウサ)するさま、同「䢒」◆互いに行き来し合う、; 換:◆今あるものをそれまでのものとは別のものに替える"
kk_交通_こうつう,交通,こうつう,"交:◆形や状態などが""＋Ｘ""字形(交差する)ような形になるさま、違う方向から進んできたものが一点で出会うさま、交叉(コウサ)するさま、同「䢒」◆互いに行き来し合う、; 通:◆途中に障害となるようなものがなく反対側・向こう側・相手方・目的地まで達する、また達している◆支障なく行き来ができる、また行き来する、また行き来ができるようにす",N4,on,on+on,,"交:◆形や状態などが""＋Ｘ""字形(交差する)ような形になるさま、違う方向から進んできたものが一点で出会うさま、交叉(コウサ)するさま、同「䢒」◆互いに行き来し合う、; 通:◆途中に障害となるようなものがなく反対側・向こう側・相手方・目的地まで達する、また達している◆支障なく行き来ができる、また行き来する、また行き来ができるようにす"
kk_人々_ひとびと,人々,ひとびと,人:◆霊長目ヒト科ヒト属の生物、ホモ・サピエンスHomo sapiens(「知恵の人」の意)、同「儿」◆自分以外の者、「人我(ジンガ、他人と自分)」◆人の数(かず),N4,kun,kun,IL2_single_default(kun 84%),人:◆霊長目ヒト科ヒト属の生物、ホモ・サピエンスHomo sapiens(「知恵の人」の意)、同「儿」◆自分以外の者、「人我(ジンガ、他人と自分)」◆人の数(かず)
kk_人事_じんじ,人事,じんじ,人:◆霊長目ヒト科ヒト属の生物、ホモ・サピエンスHomo sapiens(「知恵の人」の意)、同「儿」◆自分以外の者、「人我(ジンガ、他人と自分)」◆人の数(かず); 事:◆こと、動作・現象・状態など形のないものを指す語、形のあるものは「物」、「事情(ジジョウ、ことの様子)」「無事(ブジ、何事もないさま)」◆職(ショク)、仕事や役,N4,on,on+on,A3_short_compound(on+on 71%),人:◆霊長目ヒト科ヒト属の生物、ホモ・サピエンスHomo sapiens(「知恵の人」の意)、同「儿」◆自分以外の者、「人我(ジンガ、他人と自分)」◆人の数(かず); 事:◆こと、動作・現象・状態など形のないものを指す語、形のあるものは「物」、「事情(ジジョウ、ことの様子)」「無事(ブジ、何事もないさま)」◆職(ショク)、仕事や役
kk_人口_じんこう,人口,じんこう,人:◆霊長目ヒト科ヒト属の生物、ホモ・サピエンスHomo sapiens(「知恵の人」の意)、同「儿」◆自分以外の者、「人我(ジンガ、他人と自分)」◆人の数(かず); 口:◆動物の食べたり声を発したりするための器官◆ものが出入りするために空(あ)けた(空いた)ところ、(口のように)全体の内の一部空いたところ◆言葉、言葉を発する、語,N4,on,on+on,,人:◆霊長目ヒト科ヒト属の生物、ホモ・サピエンスHomo sapiens(「知恵の人」の意)、同「儿」◆自分以外の者、「人我(ジンガ、他人と自分)」◆人の数(かず); 口:◆動物の食べたり声を発したりするための器官◆ものが出入りするために空(あ)けた(空いた)ところ、(口のように)全体の内の一部空いたところ◆言葉、言葉を発する、語
kk_人形_にんぎょう,人形,にんぎょう,人:◆霊長目ヒト科ヒト属の生物、ホモ・サピエンスHomo sapiens(「知恵の人」の意)、同「儿」◆自分以外の者、「人我(ジンガ、他人と自分)」◆人の数(かず); 形:◆ものの表に現れた姿、外観◆ものの表の様子、状態◆型、様式,N4,on,on+on,,人:◆霊長目ヒト科ヒト属の生物、ホモ・サピエンスHomo sapiens(「知恵の人」の意)、同「儿」◆自分以外の者、「人我(ジンガ、他人と自分)」◆人の数(かず); 形:◆ものの表に現れた姿、外観◆ものの表の様子、状態◆型、様式
kk_人民元_じんみんげん,人民元,じんみんげん,人:◆霊長目ヒト科ヒト属の生物、ホモ・サピエンスHomo sapiens(「知恵の人」の意)、同「儿」◆自分以外の者、「人我(ジンガ、他人と自分)」◆人の数(かず); 民:◆(支配者層に属する人を除く)一般の人◆人(ひと)、人達(ひとたち); 元:◆物事の発端(ホッタン)、起源、始まり、「元年(ガンネン)」◆物事の基(もと)となるもの、根本(コンポン)◆物事の先頭にあるもの、頭(かしら)、「元首(ゲンシュ,N4,on,on+on+on,A4_multi_on(on+on+on 65%),人:◆霊長目ヒト科ヒト属の生物、ホモ・サピエンスHomo sapiens(「知恵の人」の意)、同「儿」◆自分以外の者、「人我(ジンガ、他人と自分)」◆人の数(かず); 民:◆(支配者層に属する人を除く)一般の人◆人(ひと)、人達(ひとたち); 元:◆物事の発端(ホッタン)、起源、始まり、「元年(ガンネン)」◆物事の基(もと)となるもの、根本(コンポン)◆物事の先頭にあるもの、頭(かしら)、「元首(ゲンシュ
kk_今すぐ_いますぐ,今すぐ,いますぐ,今:◆現在、この時(とき)、この時代、現在を挟んで前後に比較的短い時間また月日また時代◆すぐに、間もなく,N4,kun,kun,IL1_okurigana(kun 96%) | IL2_single_okuri(kun 96%),今:◆現在、この時(とき)、この時代、現在を挟んで前後に比較的短い時間また月日また時代◆すぐに、間もなく
kk_今でも_いまでも,今でも,いまでも,今:◆現在、この時(とき)、この時代、現在を挟んで前後に比較的短い時間また月日また時代◆すぐに、間もなく,N4,kun,kun,IL1_okurigana(kun 96%) | IL2_single_okuri(kun 96%),今:◆現在、この時(とき)、この時代、現在を挟んで前後に比較的短い時間また月日また時代◆すぐに、間もなく
kk_今にも_いまにも,今にも,いまにも,今:◆現在、この時(とき)、この時代、現在を挟んで前後に比較的短い時間また月日また時代◆すぐに、間もなく,N4,kun,kun,IL1_okurigana(kun 96%) | IL2_single_okuri(kun 96%),今:◆現在、この時(とき)、この時代、現在を挟んで前後に比較的短い時間また月日また時代◆すぐに、間もなく
kk_今回_こんかい,今回,こんかい,今:◆現在、この時(とき)、この時代、現在を挟んで前後に比較的短い時間また月日また時代◆すぐに、間もなく; 回:◆円を描(えが)くように動く、一周して(一巡して)元に戻る、同「廻」「迴」、「回復(カイフク)」「回帰(カイキ)」◆元に戻す、元に返す、「回答(カイトウ)」◆(,N4,on,on+on,,今:◆現在、この時(とき)、この時代、現在を挟んで前後に比較的短い時間また月日また時代◆すぐに、間もなく; 回:◆円を描(えが)くように動く、一周して(一巡して)元に戻る、同「廻」「迴」、「回復(カイフク)」「回帰(カイキ)」◆元に戻す、元に返す、「回答(カイトウ)」◆(
kk_今夜_こんや,今夜,こんや,今:◆現在、この時(とき)、この時代、現在を挟んで前後に比較的短い時間また月日また時代◆すぐに、間もなく; 夜:◆日没から日の出までの間、陽が沈んで暗い時間帯、日中は「昼」,N4,on,on+on,A3_short_compound(on+on 71%),今:◆現在、この時(とき)、この時代、現在を挟んで前後に比較的短い時間また月日また時代◆すぐに、間もなく; 夜:◆日没から日の出までの間、陽が沈んで暗い時間帯、日中は「昼」
kk_今度_こんど,今度,こんど,今:◆現在、この時(とき)、この時代、現在を挟んで前後に比較的短い時間また月日また時代◆すぐに、間もなく; 度:◆長さを測(はか)る際に基準となる物差し(ものさし)、またその目盛(めもり)、「度量(ドリョウ、長さと容量、人の言動をどの程度容認できるかの大きさ)」「法度(ハ,N4,on,on+on,A3_short_compound(on+on 71%) | B_noun_rad_广(kun 93%),今:◆現在、この時(とき)、この時代、現在を挟んで前後に比較的短い時間また月日また時代◆すぐに、間もなく; 度:◆長さを測(はか)る際に基準となる物差し(ものさし)、またその目盛(めもり)、「度量(ドリョウ、長さと容量、人の言動をどの程度容認できるかの大きさ)」「法度(ハ
kk_今後_こんご,今後,こんご,今:◆現在、この時(とき)、この時代、現在を挟んで前後に比較的短い時間また月日また時代◆すぐに、間もなく; 後:◆位置的には背の方向、時間的には未来の方向、順位・順序では下位の方向、逆は「前」「先」◆遅れる、遅れて来る◆家を継ぐ子、子孫◆簡「后」,N4,on,on+on,A3_short_compound(on+on 71%),今:◆現在、この時(とき)、この時代、現在を挟んで前後に比較的短い時間また月日また時代◆すぐに、間もなく; 後:◆位置的には背の方向、時間的には未来の方向、順位・順序では下位の方向、逆は「前」「先」◆遅れる、遅れて来る◆家を継ぐ子、子孫◆簡「后」
kk_今～_こん～,今～,こん～,今:◆現在、この時(とき)、この時代、現在を挟んで前後に比較的短い時間また月日また時代◆すぐに、間もなく,N4,on,on,IL2_single_default(kun 84%),今:◆現在、この時(とき)、この時代、現在を挟んで前後に比較的短い時間また月日また時代◆すぐに、間もなく
kk_仕方_しかた,仕方,しかた,仕:◆身分の高い人に付き従う、またその用をする◆官職に就く、またその業務や任務を担い行う◆為(な)す、為(な)すべき事; 方:◆四角、四角いさま、角(かど)が直角になっているさま、「方形(ホウケイ)」◆数学で二つの数を掛け合わせた数(正方形・長方形の一つの角を成す二辺を掛け合わせた数),N4,mixed,on+kun~,A3_short_compound(on+on 71%),仕:◆身分の高い人に付き従う、またその用をする◆官職に就く、またその業務や任務を担い行う◆為(な)す、為(な)すべき事; 方:◆四角、四角いさま、角(かど)が直角になっているさま、「方形(ホウケイ)」◆数学で二つの数を掛け合わせた数(正方形・長方形の一つの角を成す二辺を掛け合わせた数)
kk_仕方ない_しかたない,仕方ない,しかたない,仕:◆身分の高い人に付き従う、またその用をする◆官職に就く、またその業務や任務を担い行う◆為(な)す、為(な)すべき事; 方:◆四角、四角いさま、角(かど)が直角になっているさま、「方形(ホウケイ)」◆数学で二つの数を掛け合わせた数(正方形・長方形の一つの角を成す二辺を掛け合わせた数),N4,mixed,on+kun,IL1_okurigana(kun 96%) | A1_compound_oku(kun 90%) | A1_on_kun_mix(on+kun 65%),仕:◆身分の高い人に付き従う、またその用をする◆官職に就く、またその業務や任務を担い行う◆為(な)す、為(な)すべき事; 方:◆四角、四角いさま、角(かど)が直角になっているさま、「方形(ホウケイ)」◆数学で二つの数を掛け合わせた数(正方形・長方形の一つの角を成す二辺を掛け合わせた数)
kk_付く_つく,付く,つく,付:◆手ずから授(さず)ける、直接手を取って与える、同「仅」◆渡し与える、渡して任せる、委(ゆだ)ねる◆[日]他のものに加える、また添える、また足す、同「附」,N4,kun,kun,IL1_okurigana(kun 96%) | IL2_single_okuri(kun 96%),付:◆手ずから授(さず)ける、直接手を取って与える、同「仅」◆渡し与える、渡して任せる、委(ゆだ)ねる◆[日]他のものに加える、また添える、また足す、同「附」
kk_代わり_かわり,代わり,かわり,代:◆替(か)える、それまでのもの(今あるもの)を別のものに替える、入れ替える、また入れ替わる◆同じ家主や国主がその地位にある期間、同じ種(シュ、起源を同じにするも,N4,kun,kun,IL1_okurigana(kun 96%) | IL2_single_okuri(kun 96%),代:◆替(か)える、それまでのもの(今あるもの)を別のものに替える、入れ替える、また入れ替わる◆同じ家主や国主がその地位にある期間、同じ種(シュ、起源を同じにするも
kk_代わりに_かわりに,代わりに,かわりに,代:◆替(か)える、それまでのもの(今あるもの)を別のものに替える、入れ替える、また入れ替わる◆同じ家主や国主がその地位にある期間、同じ種(シュ、起源を同じにするも,N4,kun,kun,IL1_okurigana(kun 96%) | IL2_single_okuri(kun 96%),代:◆替(か)える、それまでのもの(今あるもの)を別のものに替える、入れ替える、また入れ替わる◆同じ家主や国主がその地位にある期間、同じ種(シュ、起源を同じにするも
kk_以上_いじょう,以上,いじょう,以:◆用(もち)いる、使用する、～を用いて、～を利用して、「【論語注疏:卷一:學而】…行有餘力則以學文(《疏》…能行已上諸事仍有閒暇餘力則可以學先王之遺文…)」◆～; 上:◆位置・場所・地位などが高い、高い方にある◆高い方に移る、昇る、登る◆順序・時間などが前、前の方にある◆前の方に移る◆等級・品質などが高い、優れている◆殿様、皇,N4,on,on+on,A3_short_compound(on+on 71%),以:◆用(もち)いる、使用する、～を用いて、～を利用して、「【論語注疏:卷一:學而】…行有餘力則以學文(《疏》…能行已上諸事仍有閒暇餘力則可以學先王之遺文…)」◆～; 上:◆位置・場所・地位などが高い、高い方にある◆高い方に移る、昇る、登る◆順序・時間などが前、前の方にある◆前の方に移る◆等級・品質などが高い、優れている◆殿様、皇
kk_以下_いか,以下,いか,以:◆用(もち)いる、使用する、～を用いて、～を利用して、「【論語注疏:卷一:學而】…行有餘力則以學文(《疏》…能行已上諸事仍有閒暇餘力則可以學先王之遺文…)」◆～; 下:◆位置・場所・地位などが低い、低い方にある◆低い方に移る、降りる、落ちる◆順序・時間などが後(あと)、後の方にある◆後の方に移る、後(うし)ろの方へ退く◆等級・,N4,on,on+on,A3_short_compound(on+on 71%),以:◆用(もち)いる、使用する、～を用いて、～を利用して、「【論語注疏:卷一:學而】…行有餘力則以學文(《疏》…能行已上諸事仍有閒暇餘力則可以學先王之遺文…)」◆～; 下:◆位置・場所・地位などが低い、低い方にある◆低い方に移る、降りる、落ちる◆順序・時間などが後(あと)、後の方にある◆後の方に移る、後(うし)ろの方へ退く◆等級・
kk_以外_いがい,以外,いがい,以:◆用(もち)いる、使用する、～を用いて、～を利用して、「【論語注疏:卷一:學而】…行有餘力則以學文(《疏》…能行已上諸事仍有閒暇餘力則可以學先王之遺文…)」◆～; 外:◆そと、範囲・領域・組織や区切り・境界の内(内側、内部)から出たもの、表に出ている(表に面している)もの、見えるところにあるもの、またそのようなところ、逆は「内,N4,on,on+on,A3_short_compound(on+on 71%),以:◆用(もち)いる、使用する、～を用いて、～を利用して、「【論語注疏:卷一:學而】…行有餘力則以學文(《疏》…能行已上諸事仍有閒暇餘力則可以學先王之遺文…)」◆～; 外:◆そと、範囲・領域・組織や区切り・境界の内(内側、内部)から出たもの、表に出ている(表に面している)もの、見えるところにあるもの、またそのようなところ、逆は「内
kk_任せる_まかせる,任せる,まかせる,任:◆役目や仕事を与える、また委(ゆだ)ねる、また託(たく)す、「任命(ニンメイ)」◆(仕事を託し、その)扱いをその人の裁量(サイリョウ)に委ねる、「放任(ホウニン,N4,kun,kun,IL1_okurigana(kun 96%) | IL2_single_okuri(kun 96%),任:◆役目や仕事を与える、また委(ゆだ)ねる、また託(たく)す、「任命(ニンメイ)」◆(仕事を託し、その)扱いをその人の裁量(サイリョウ)に委ねる、「放任(ホウニン
kk_休憩_きゅうけい,休憩,きゅうけい,休:◆連続した動きや働きの途中で一旦その動きや働きを止(や)める、再開するために息を整えたり力を蓄(たくわ)えることをいう◆止める、止む、終わる、「【歸去來辭】羨萬; 憩:◆一息(ひといき)つく、止(とど)まって一休みする、休息する、同「愒」,N4,on,on+on,,休:◆連続した動きや働きの途中で一旦その動きや働きを止(や)める、再開するために息を整えたり力を蓄(たくわ)えることをいう◆止める、止む、終わる、「【歸去來辭】羨萬; 憩:◆一息(ひといき)つく、止(とど)まって一休みする、休息する、同「愒」
kk_休日_きゅうじつ,休日,きゅうじつ,休:◆連続した動きや働きの途中で一旦その動きや働きを止(や)める、再開するために息を整えたり力を蓄(たくわ)えることをいう◆止める、止む、終わる、「【歸去來辭】羨萬; 日:◆太陽◆太陽が出ている間、昼間、夜明けから日没まで◆一昼夜、朝から次の朝まで、またその繰り返し、またその繰り返しを数える語◆候(コウ)、時節、頃(ケイ、ころ)◆,N4,on,on+on,,休:◆連続した動きや働きの途中で一旦その動きや働きを止(や)める、再開するために息を整えたり力を蓄(たくわ)えることをいう◆止める、止む、終わる、「【歸去來辭】羨萬; 日:◆太陽◆太陽が出ている間、昼間、夜明けから日没まで◆一昼夜、朝から次の朝まで、またその繰り返し、またその繰り返しを数える語◆候(コウ)、時節、頃(ケイ、ころ)◆
kk_会員_かいいん,会員,かいいん,会:◆人が集まる、同じ時間や場所に(同じ目的で)集まる、「会合(カイゴウ)」◆多くの人が(出向いて)集まる、また集まったところ、「集会(シュウカイ)」「都会(トカイ; 員:◆限られた範囲(場所・空間など)に入っている(含まれる)人、集団に属している人、またその人数◆限られた範囲(特に国土・領土などの境界線)の大きさ、また広さ◆円(,N4,on,on+on,,会:◆人が集まる、同じ時間や場所に(同じ目的で)集まる、「会合(カイゴウ)」◆多くの人が(出向いて)集まる、また集まったところ、「集会(シュウカイ)」「都会(トカイ; 員:◆限られた範囲(場所・空間など)に入っている(含まれる)人、集団に属している人、またその人数◆限られた範囲(特に国土・領土などの境界線)の大きさ、また広さ◆円(
kk_会場_かいじょう,会場,かいじょう,会:◆人が集まる、同じ時間や場所に(同じ目的で)集まる、「会合(カイゴウ)」◆多くの人が(出向いて)集まる、また集まったところ、「集会(シュウカイ)」「都会(トカイ; 場:◆(日当たりのよい、収穫した穀物の乾燥・脱穀などをする、また多くの人やものが集まる)広く平らなところ、「広場」、同「塲」◆一段と高くし上を平らに作ったところ、台,N4,on,on+on,,会:◆人が集まる、同じ時間や場所に(同じ目的で)集まる、「会合(カイゴウ)」◆多くの人が(出向いて)集まる、また集まったところ、「集会(シュウカイ)」「都会(トカイ; 場:◆(日当たりのよい、収穫した穀物の乾燥・脱穀などをする、また多くの人やものが集まる)広く平らなところ、「広場」、同「塲」◆一段と高くし上を平らに作ったところ、台
kk_会議_かいぎ,会議,かいぎ,会:◆人が集まる、同じ時間や場所に(同じ目的で)集まる、「会合(カイゴウ)」◆多くの人が(出向いて)集まる、また集まったところ、「集会(シュウカイ)」「都会(トカイ; 議:◆互いに意見を交わし合う◆物事の是非について意見を交わし合う、またそれよって適切な結論を得る◆文章様式の一種で、物事の理非についての意見を記述したもの,N4,on,on+on,A3_short_compound(on+on 71%) | B_verb_rad_言(kun 80%),会:◆人が集まる、同じ時間や場所に(同じ目的で)集まる、「会合(カイゴウ)」◆多くの人が(出向いて)集まる、また集まったところ、「集会(シュウカイ)」「都会(トカイ; 議:◆互いに意見を交わし合う◆物事の是非について意見を交わし合う、またそれよって適切な結論を得る◆文章様式の一種で、物事の理非についての意見を記述したもの
kk_会議室_かいぎしつ,会議室,かいぎしつ,会:◆人が集まる、同じ時間や場所に(同じ目的で)集まる、「会合(カイゴウ)」◆多くの人が(出向いて)集まる、また集まったところ、「集会(シュウカイ)」「都会(トカイ; 議:◆互いに意見を交わし合う◆物事の是非について意見を交わし合う、またそれよって適切な結論を得る◆文章様式の一種で、物事の理非についての意見を記述したもの; 室:◆奥の部屋、堂(ドウ、南側の広間)の後ろ(北側、北側中央)の部屋、家人が日常起居(キキョ)する部屋◆部屋、房間(ボウカン)、屋子(オクシ)◆家、住居、またそこで,N4,on,on+on+on,A4_multi_on(on+on+on 65%) | B_verb_rad_言(kun 80%) | B_noun_rad_宀(kun 93%),会:◆人が集まる、同じ時間や場所に(同じ目的で)集まる、「会合(カイゴウ)」◆多くの人が(出向いて)集まる、また集まったところ、「集会(シュウカイ)」「都会(トカイ; 議:◆互いに意見を交わし合う◆物事の是非について意見を交わし合う、またそれよって適切な結論を得る◆文章様式の一種で、物事の理非についての意見を記述したもの; 室:◆奥の部屋、堂(ドウ、南側の広間)の後ろ(北側、北側中央)の部屋、家人が日常起居(キキョ)する部屋◆部屋、房間(ボウカン)、屋子(オクシ)◆家、住居、またそこで
kk_伝わる_つたわる,伝わる,つたわる,伝:◆「伝伝(ウンウン)」、雲のように留(とど)まることなく漂い行くさま、「【白虎通義:卷八:情性】魂魄者何謂魂猶伝伝也行不休於外也主於情…」◆[日]同「傳」,N4,kun,kun,IL1_okurigana(kun 96%) | IL2_single_okuri(kun 96%),伝:◆「伝伝(ウンウン)」、雲のように留(とど)まることなく漂い行くさま、「【白虎通義:卷八:情性】魂魄者何謂魂猶伝伝也行不休於外也主於情…」◆[日]同「傳」
kk_伺う_うかがう,伺う,うかがう,伺:◆こっそりと見る、小さい孔や隙間を通して見る、同「𥄶」「覗」◆訪ねて行って様子や機嫌を尋(たず)ねる◆様子や機会を窺(うかが)う、同「候」◆「伺候(シコウ)」◇,N4,kun,kun,IL1_okurigana(kun 96%) | IL2_single_okuri(kun 96%),伺:◆こっそりと見る、小さい孔や隙間を通して見る、同「𥄶」「覗」◆訪ねて行って様子や機嫌を尋(たず)ねる◆様子や機会を窺(うかが)う、同「候」◆「伺候(シコウ)」◇
kk_似る_にる,似る,にる,似:◆他と同じように見える、また見せる◆(他と)ほぼ同じ、～のよう◆継(つ)ぐ、後を継ぐ、同「嗣」[†「以前と同じように後に続く」の意†],N4,kun,kun,IL1_okurigana(kun 96%) | IL2_single_okuri(kun 96%),似:◆他と同じように見える、また見せる◆(他と)ほぼ同じ、～のよう◆継(つ)ぐ、後を継ぐ、同「嗣」[†「以前と同じように後に続く」の意†]
kk_住所_じゅうしょ,住所,じゅうしょ,住:◆同じ場所に長期間に亘(わた)って留(とど)まる◆場所を定めて生活する、またその居所(きょしょ、いどころ)◆動詞の後に置いて「同じ場所や状態に留(とど)まる、同; 所:◆処(ところ)、ものがある場また位置(要所・箇所など)、ことをする場また位置(住所・裁判所など)◆～のこと、「所感(感じること)」「所存(考え思っていること)◆,N4,on,on+on,A3_short_compound(on+on 71%),住:◆同じ場所に長期間に亘(わた)って留(とど)まる◆場所を定めて生活する、またその居所(きょしょ、いどころ)◆動詞の後に置いて「同じ場所や状態に留(とど)まる、同; 所:◆処(ところ)、ものがある場また位置(要所・箇所など)、ことをする場また位置(住所・裁判所など)◆～のこと、「所感(感じること)」「所存(考え思っていること)◆
kk_体操_たいそう,体操,たいそう,体:◆頭から足の先までの全身、ものの全部、ものの主要な部分、またその姿形や様子、「身体(シンタイ、体、肉体)」「本体(ホンタイ、ものの本当の姿、ものの中心的部分)」; 操:◆手に握り持つ、しっかりと持つ◆みさお、守るべきものをしっかりと持つ、またしっかりと守る、またその行いや心掛け◆あやつ・る、人や動物・言葉や心・道具や楽器などを,N4,on,on+on,B_verb_rad_手(kun 80%),体:◆頭から足の先までの全身、ものの全部、ものの主要な部分、またその姿形や様子、「身体(シンタイ、体、肉体)」「本体(ホンタイ、ものの本当の姿、ものの中心的部分)」; 操:◆手に握り持つ、しっかりと持つ◆みさお、守るべきものをしっかりと持つ、またしっかりと守る、またその行いや心掛け◆あやつ・る、人や動物・言葉や心・道具や楽器などを
kk_何で_なんで,何で,なんで,何:◆(問うときに)なに?◆(物事について)なに、なんの、どういう、どのような◆(人について)だれ◆(幾つかの選択肢について)どれ、いずれ◆(場所について)どこ、い,N4,kun,kun,IL1_okurigana(kun 96%) | IL2_single_okuri(kun 96%),何:◆(問うときに)なに?◆(物事について)なに、なんの、どういう、どのような◆(人について)だれ◆(幾つかの選択肢について)どれ、いずれ◆(場所について)どこ、い
kk_何処か_どこか,何処か,どこか,何:◆(問うときに)なに?◆(物事について)なに、なんの、どういう、どのような◆(人について)だれ◆(幾つかの選択肢について)どれ、いずれ◆(場所について)どこ、い; 処:◆腰を落ち着ける、居(い)る、止(とど)まる、またその場所◆腰を落ち着けて留(とど)まっているさま、「処士(ショシ、能力がありながら出仕しない人))」「処女(シ,N4,mixed,on+kun~,IL1_okurigana(kun 96%) | A1_compound_oku(kun 90%) | A1_on_kun_mix(on+kun 65%),何:◆(問うときに)なに?◆(物事について)なに、なんの、どういう、どのような◆(人について)だれ◆(幾つかの選択肢について)どれ、いずれ◆(場所について)どこ、い; 処:◆腰を落ち着ける、居(い)る、止(とど)まる、またその場所◆腰を落ち着けて留(とど)まっているさま、「処士(ショシ、能力がありながら出仕しない人))」「処女(シ
kk_何時でも_いつでも,何時でも,いつでも,何:◆(問うときに)なに?◆(物事について)なに、なんの、どういう、どのような◆(人について)だれ◆(幾つかの選択肢について)どれ、いずれ◆(場所について)どこ、い; 時:◆一年の四分の一、季節、「一時(イチジ、三カ月、一季節)」「四時(シジ、四つの季節、四季)」◆一日の十二分の一、現在は二十四分の一、「時刻(ジコク)」◆年代、期,N4,other,mixed+mixed~,IL1_okurigana(kun 96%) | A1_compound_oku(kun 90%) | A1_on_kun_mix(on+kun 65%),何:◆(問うときに)なに?◆(物事について)なに、なんの、どういう、どのような◆(人について)だれ◆(幾つかの選択肢について)どれ、いずれ◆(場所について)どこ、い; 時:◆一年の四分の一、季節、「一時(イチジ、三カ月、一季節)」「四時(シジ、四つの季節、四季)」◆一日の十二分の一、現在は二十四分の一、「時刻(ジコク)」◆年代、期
kk_何時まで_いつでも,何時まで,いつでも,何:◆(問うときに)なに?◆(物事について)なに、なんの、どういう、どのような◆(人について)だれ◆(幾つかの選択肢について)どれ、いずれ◆(場所について)どこ、い; 時:◆一年の四分の一、季節、「一時(イチジ、三カ月、一季節)」「四時(シジ、四つの季節、四季)」◆一日の十二分の一、現在は二十四分の一、「時刻(ジコク)」◆年代、期,N4,other,mixed+mixed~,IL1_okurigana(kun 96%) | A1_compound_oku(kun 90%) | A1_on_kun_mix(on+kun 65%),何:◆(問うときに)なに?◆(物事について)なに、なんの、どういう、どのような◆(人について)だれ◆(幾つかの選択肢について)どれ、いずれ◆(場所について)どこ、い; 時:◆一年の四分の一、季節、「一時(イチジ、三カ月、一季節)」「四時(シジ、四つの季節、四季)」◆一日の十二分の一、現在は二十四分の一、「時刻(ジコク)」◆年代、期
kk_作品_さくひん,作品,さくひん,作:◆働(はたらく)く、力や手を加える、為(な)す、「作業(サギョウ)」「作為(サクイ)」◆力や手を加えることによって物事や状態を変化させる、また他に影響を与える、; 品:◆物(もの)、多くの物、様々な物◆もの(人や物)の本質・価値・程度を判断する◆ものの値打ち、また価値、また程度・等級,N4,on,on+on,,作:◆働(はたらく)く、力や手を加える、為(な)す、「作業(サギョウ)」「作為(サクイ)」◆力や手を加えることによって物事や状態を変化させる、また他に影響を与える、; 品:◆物(もの)、多くの物、様々な物◆もの(人や物)の本質・価値・程度を判断する◆ものの値打ち、また価値、また程度・等級
kk_例_れい,例,れい,例:◆たと・える、たと・えば、同じ種類・性質のものを列挙(レッキョ)する◆(同様のものを並べて)比べる、「比例(ヒレイ)」◆ためし、以前から行われていること、以前と,N4,on,on,IL2_single_default(kun 84%),例:◆たと・える、たと・えば、同じ種類・性質のものを列挙(レッキョ)する◆(同様のものを並べて)比べる、「比例(ヒレイ)」◆ためし、以前から行われていること、以前と
kk_例えば_たとえば,例えば,たとえば,例:◆たと・える、たと・えば、同じ種類・性質のものを列挙(レッキョ)する◆(同様のものを並べて)比べる、「比例(ヒレイ)」◆ためし、以前から行われていること、以前と,N4,kun,kun,IL1_okurigana(kun 96%) | IL2_single_okuri(kun 96%),例:◆たと・える、たと・えば、同じ種類・性質のものを列挙(レッキョ)する◆(同様のものを並べて)比べる、「比例(ヒレイ)」◆ためし、以前から行われていること、以前と
kk_係り_かかり,係り,かかり,係:◆切れている糸を(途切れているものを)繋(つな)ぐ、繋いで結び付ける、途切れないように継(つ)ぐ、同「系」◆関わる、関わりを持つ、繋がりを持つ、同「系」◆簡「系,N4,kun,kun,IL1_okurigana(kun 96%) | IL2_single_okuri(kun 96%),係:◆切れている糸を(途切れているものを)繋(つな)ぐ、繋いで結び付ける、途切れないように継(つ)ぐ、同「系」◆関わる、関わりを持つ、繋がりを持つ、同「系」◆簡「系
kk_係員_かかりいん,係員,かかりいん,係:◆切れている糸を(途切れているものを)繋(つな)ぐ、繋いで結び付ける、途切れないように継(つ)ぐ、同「系」◆関わる、関わりを持つ、繋がりを持つ、同「系」◆簡「系; 員:◆限られた範囲(場所・空間など)に入っている(含まれる)人、集団に属している人、またその人数◆限られた範囲(特に国土・領土などの境界線)の大きさ、また広さ◆円(,N4,mixed,kun+on~,,係:◆切れている糸を(途切れているものを)繋(つな)ぐ、繋いで結び付ける、途切れないように継(つ)ぐ、同「系」◆関わる、関わりを持つ、繋がりを持つ、同「系」◆簡「系; 員:◆限られた範囲(場所・空間など)に入っている(含まれる)人、集団に属している人、またその人数◆限られた範囲(特に国土・領土などの境界線)の大きさ、また広さ◆円(
kk_保つ_たもつ,保つ,たもつ,保:◆(子供などを)大切に守り育てる、「保護(ホゴ)」◆傍(そば)に付き添い助け守る、「保母(ホボ)」、傍に付き添いながら助言・教育する、「太保(タイホ、古代の官職,N4,kun,kun,IL1_okurigana(kun 96%) | IL2_single_okuri(kun 96%),保:◆(子供などを)大切に守り育てる、「保護(ホゴ)」◆傍(そば)に付き添い助け守る、「保母(ホボ)」、傍に付き添いながら助言・教育する、「太保(タイホ、古代の官職
kk_倍_ばい,倍,ばい,倍:◆ある数や量に同じ数や量を加える◆同じ数や量を繰り返し加える◆背(そむ)ける、背(せ)を向ける、背(そむ)く、同「背」,N4,on,on,IL2_on_only(on 99%),倍:◆ある数や量に同じ数や量を加える◆同じ数や量を繰り返し加える◆背(そむ)ける、背(せ)を向ける、背(そむ)く、同「背」
kk_倒す_たおす,倒す,たおす,倒:◆立っているものが横になる(横にする)◆(上下や前後左右の位置関係や順序が、また意図・予想していたことと)逆(ぎゃく)になる、逆にする、逆(さか)さまになる◆器,N4,kun,kun,IL1_okurigana(kun 96%) | IL2_single_okuri(kun 96%),倒:◆立っているものが横になる(横にする)◆(上下や前後左右の位置関係や順序が、また意図・予想していたことと)逆(ぎゃく)になる、逆にする、逆(さか)さまになる◆器
kk_倒れる_たおれる,倒れる,たおれる,倒:◆立っているものが横になる(横にする)◆(上下や前後左右の位置関係や順序が、また意図・予想していたことと)逆(ぎゃく)になる、逆にする、逆(さか)さまになる◆器,N4,kun,kun,IL1_okurigana(kun 96%) | IL2_single_okuri(kun 96%),倒:◆立っているものが横になる(横にする)◆(上下や前後左右の位置関係や順序が、また意図・予想していたことと)逆(ぎゃく)になる、逆にする、逆(さか)さまになる◆器
kk_倒産_とうさん,倒産,とうさん,倒:◆立っているものが横になる(横にする)◆(上下や前後左右の位置関係や順序が、また意図・予想していたことと)逆(ぎゃく)になる、逆にする、逆(さか)さまになる◆器; 産:◆子を生む◆生まれ◆新たに(新たなものを)生み出す、作り出す、また生み出されたもの、「生産(セイサン)」◆土地や財物◆音孔が三つの籥(ヤク、縦笛)、籥よりも太く,N4,on,on+on,,倒:◆立っているものが横になる(横にする)◆(上下や前後左右の位置関係や順序が、また意図・予想していたことと)逆(ぎゃく)になる、逆にする、逆(さか)さまになる◆器; 産:◆子を生む◆生まれ◆新たに(新たなものを)生み出す、作り出す、また生み出されたもの、「生産(セイサン)」◆土地や財物◆音孔が三つの籥(ヤク、縦笛)、籥よりも太く
kk_値段_ねだん,値段,ねだん,値:◆それがどの程度であるかを評価した結果示される価(あたい)、価格(カカク、物の値段、値打ち)、品位(ヒンイ、人や物の値打ち)、数(かず、数えた結果得られる数値); 段:◆上へ上へと積み重なって層をなしたものの、その一つ一つ◆物事などの区切り、文章などの区切り◆階位、等級,N4,mixed,kun+on~,A3_short_compound(on+on 71%),値:◆それがどの程度であるかを評価した結果示される価(あたい)、価格(カカク、物の値段、値打ち)、品位(ヒンイ、人や物の値打ち)、数(かず、数えた結果得られる数値); 段:◆上へ上へと積み重なって層をなしたものの、その一つ一つ◆物事などの区切り、文章などの区切り◆階位、等級
kk_偉い_えらい,偉い,えらい,偉:◆並外れて大きいさま、大きくて立派なさま◆「奇偉(キイ)」、ひときわ大きいさま、また大きくて立派なさま,N4,kun,kun,IL1_okurigana(kun 96%) | IL2_single_okuri(kun 96%),偉:◆並外れて大きいさま、大きくて立派なさま◆「奇偉(キイ)」、ひときわ大きいさま、また大きくて立派なさま
kk_偶に_たまに,偶に,たまに,偶:◆人の形に似せた人形、「偶像(グウゾウ)」「木偶(モクグウ、でく)」、同「𣕃」◆夫婦などのように同等のものが対(ツイ、二つで一組)になる◆2で割り切れる数、「偶,N4,on,on~,IL1_okurigana(kun 96%) | IL2_single_okuri(kun 96%),偶:◆人の形に似せた人形、「偶像(グウゾウ)」「木偶(モクグウ、でく)」、同「𣕃」◆夫婦などのように同等のものが対(ツイ、二つで一組)になる◆2で割り切れる数、「偶
kk_傷_きず,傷,きず,傷:◆体やものの一部が損(そこ)なわれる、一部が欠(か)けたり裂(さ)けたり破(やぶ)れたりする、怪我(けが)をする、またそのような箇所(カショ)◆(傷のようにずき,N4,kun,kun,IL2_single_default(kun 84%),傷:◆体やものの一部が損(そこ)なわれる、一部が欠(か)けたり裂(さ)けたり破(やぶ)れたりする、怪我(けが)をする、またそのような箇所(カショ)◆(傷のようにずき
kk_優しい_やさしい,優しい,やさしい,優:◆ゆったりとしている、ゆとりがある、穏(おだ)やかな、「強く締め付けられていない(制限・束縛されていない)様子や状態」を指す◆余裕があるさま、豊かなさま◆すぐ・,N4,kun,kun,IL1_okurigana(kun 96%) | IL2_single_okuri(kun 96%),優:◆ゆったりとしている、ゆとりがある、穏(おだ)やかな、「強く締め付けられていない(制限・束縛されていない)様子や状態」を指す◆余裕があるさま、豊かなさま◆すぐ・
kk_元旦_がんたん,元旦,がんたん,元:◆物事の発端(ホッタン)、起源、始まり、「元年(ガンネン)」◆物事の基(もと)となるもの、根本(コンポン)◆物事の先頭にあるもの、頭(かしら)、「元首(ゲンシュ; 旦:◆明け方、太陽が地平より上に出た頃、同「㫜」◆月の最初の日の明け方、月の始まりの日、朔日(ついたち)、「月旦(ゲッタン、各月の最初の日、またその日が始まる頃)」,N4,on,on+on,,元:◆物事の発端(ホッタン)、起源、始まり、「元年(ガンネン)」◆物事の基(もと)となるもの、根本(コンポン)◆物事の先頭にあるもの、頭(かしら)、「元首(ゲンシュ; 旦:◆明け方、太陽が地平より上に出た頃、同「㫜」◆月の最初の日の明け方、月の始まりの日、朔日(ついたち)、「月旦(ゲッタン、各月の最初の日、またその日が始まる頃)」
kk_先～_せん～,先～,せん～,先:◆基準になる位置や時間よりも前、同「前」、逆は「後」◆前に向かって進む、またその方向、同「前」◆以前、時間的に過去の方向◆ま・ず、最初に、～の前に,N4,on,on,IL2_single_default(kun 84%),先:◆基準になる位置や時間よりも前、同「前」、逆は「後」◆前に向かって進む、またその方向、同「前」◆以前、時間的に過去の方向◆ま・ず、最初に、～の前に
kk_光_ひかり,光,ひかり,光:◆明かるく輝(かがや)く、きらきらと輝(かがや)く◆辺りを明るく照らすさま、同「炚」「炛」◆(光り輝き)美しい◆景色(ケシキ)、「風光(フウコウ)」◆(四方に光,N4,kun,kun,IL2_single_default(kun 84%),光:◆明かるく輝(かがや)く、きらきらと輝(かがや)く◆辺りを明るく照らすさま、同「炚」「炛」◆(光り輝き)美しい◆景色(ケシキ)、「風光(フウコウ)」◆(四方に光
kk_光る_ひかる,光る,ひかる,光:◆明かるく輝(かがや)く、きらきらと輝(かがや)く◆辺りを明るく照らすさま、同「炚」「炛」◆(光り輝き)美しい◆景色(ケシキ)、「風光(フウコウ)」◆(四方に光,N4,kun,kun,IL1_okurigana(kun 96%) | IL2_single_okuri(kun 96%),光:◆明かるく輝(かがや)く、きらきらと輝(かがや)く◆辺りを明るく照らすさま、同「炚」「炛」◆(光り輝き)美しい◆景色(ケシキ)、「風光(フウコウ)」◆(四方に光
kk_兎_うさぎ,兎,うさぎ,兎:◆ウサギ(兎、兔)、ウサギ目の哺乳類◆「玉兎(ギョクト)」、月(つき、地球の衛星)、月にウサギが住むと考えられたことから◆「伏兎(フクト)」、車軸に被(かぶ)せ,N4,kun,kun,IL2_single_default(kun 84%),兎:◆ウサギ(兎、兔)、ウサギ目の哺乳類◆「玉兎(ギョクト)」、月(つき、地球の衛星)、月にウサギが住むと考えられたことから◆「伏兎(フクト)」、車軸に被(かぶ)せ
kk_入学_にゅうがく,入学,にゅうがく,入:◆範囲・領域・組織や区切り・境界の外(外側、外部、表側、向こう側、公のところ)から内(内側、内部、裏側、こちら側、私的なところ)に移る、また移す、内から外へ移る; 学:◆(教えを受けながら、見て倣いながら)知識や技術などを身に付ける、習得する、またその内容、知識や技術などを授(さず)けることを「教」◆教えを受け知識や技術などを,N4,on,on+on,,入:◆範囲・領域・組織や区切り・境界の外(外側、外部、表側、向こう側、公のところ)から内(内側、内部、裏側、こちら側、私的なところ)に移る、また移す、内から外へ移る; 学:◆(教えを受けながら、見て倣いながら)知識や技術などを身に付ける、習得する、またその内容、知識や技術などを授(さず)けることを「教」◆教えを受け知識や技術などを
kk_入院_にゅういん,入院,にゅういん,入:◆範囲・領域・組織や区切り・境界の外(外側、外部、表側、向こう側、公のところ)から内(内側、内部、裏側、こちら側、私的なところ)に移る、また移す、内から外へ移る; 院:◆壁などで周りを囲った幾つもの建物からなる屋敷や施設◆壁や家などで周りが取り囲まれている庭、中庭、「院落(インラク)」「庭院(テイイン)」 ◆(学校・病院などの,N4,on,on+on,,入:◆範囲・領域・組織や区切り・境界の外(外側、外部、表側、向こう側、公のところ)から内(内側、内部、裏側、こちら側、私的なところ)に移る、また移す、内から外へ移る; 院:◆壁などで周りを囲った幾つもの建物からなる屋敷や施設◆壁や家などで周りが取り囲まれている庭、中庭、「院落(インラク)」「庭院(テイイン)」 ◆(学校・病院などの
kk_全て_すべて,全て,すべて,全:◆すべ・て、欠点・瑕疵や不備・不足がない、余すところがない◆まった・く、まっと・う、余すところなく、漏れなく、残らず、すっかり,N4,kun,kun,IL1_okurigana(kun 96%) | IL2_single_okuri(kun 96%),全:◆すべ・て、欠点・瑕疵や不備・不足がない、余すところがない◆まった・く、まっと・う、余すところなく、漏れなく、残らず、すっかり
kk_全国_ぜんこく,全国,ぜんこく,全:◆すべ・て、欠点・瑕疵や不備・不足がない、余すところがない◆まった・く、まっと・う、余すところなく、漏れなく、残らず、すっかり; 国:◆主権者の支配が及ぶ範囲、土地や人や政治体制などを含む概念で古くは君主から与えられた領地、「王(権力者)の勢力が及ぶ範囲(囗)」の意,N4,on,on+on,,全:◆すべ・て、欠点・瑕疵や不備・不足がない、余すところがない◆まった・く、まっと・う、余すところなく、漏れなく、残らず、すっかり; 国:◆主権者の支配が及ぶ範囲、土地や人や政治体制などを含む概念で古くは君主から与えられた領地、「王(権力者)の勢力が及ぶ範囲(囗)」の意
kk_全然_ぜんぜん,全然,ぜんぜん,全:◆すべ・て、欠点・瑕疵や不備・不足がない、余すところがない◆まった・く、まっと・う、余すところなく、漏れなく、残らず、すっかり; 然:◆燃やす、火で焼く、「イヌ(犬、狗)の肉(月)を燃やす(灬)」の意、同「燃」◆～のような、～のように◆しか・も、その上に、それでも◆しか・り、その通り、yes◆,N4,on,on+on,,全:◆すべ・て、欠点・瑕疵や不備・不足がない、余すところがない◆まった・く、まっと・う、余すところなく、漏れなく、残らず、すっかり; 然:◆燃やす、火で焼く、「イヌ(犬、狗)の肉(月)を燃やす(灬)」の意、同「燃」◆～のような、～のように◆しか・も、その上に、それでも◆しか・り、その通り、yes◆
kk_公務員_こうむいん,公務員,こうむいん,公:◆私(わたくし)することなく広く平らなさま、偏(かたよ)らないさま、「公平(コウヘイ)」◆私・個人ではなく多くの人の集まり、社会的なこと、「公共(コウキョウ、多; 務:◆成すべきこと、ひたすら力を注(そそ)ぐべきこと◆努(つと)める、成すべきことにひたすら力を尽くす、同「敄」◆強(し)いて、押して、無理にでも; 員:◆限られた範囲(場所・空間など)に入っている(含まれる)人、集団に属している人、またその人数◆限られた範囲(特に国土・領土などの境界線)の大きさ、また広さ◆円(,N4,on,on+on+on,A4_multi_on(on+on+on 65%) | B_verb_rad_力(kun 80%),公:◆私(わたくし)することなく広く平らなさま、偏(かたよ)らないさま、「公平(コウヘイ)」◆私・個人ではなく多くの人の集まり、社会的なこと、「公共(コウキョウ、多; 務:◆成すべきこと、ひたすら力を注(そそ)ぐべきこと◆努(つと)める、成すべきことにひたすら力を尽くす、同「敄」◆強(し)いて、押して、無理にでも; 員:◆限られた範囲(場所・空間など)に入っている(含まれる)人、集団に属している人、またその人数◆限られた範囲(特に国土・領土などの境界線)の大きさ、また広さ◆円(
kk_其々_それぞれ,其々,それぞれ,其:◆人(その人)や事柄(そのこと、それ)や物(それ)などを指す語、that、it,N4,kun,kun,IL2_single_default(kun 84%),其:◆人(その人)や事柄(そのこと、それ)や物(それ)などを指す語、that、it
kk_其の儘_そのまま,其の儘,そのまま,其:◆人(その人)や事柄(そのこと、それ)や物(それ)などを指す語、that、it; 儘:◆尽(つ)きる、全てが出尽くす、全てを出し切る、同「尽」◆[日]まま、その通りに、思いの通りに◆簡「侭」◆簡「尽」,N4,kun,kun+kun~,IL1_okurigana(kun 96%) | A1_compound_oku(kun 90%) | A1_on_kun_mix(on+kun 65%),其:◆人(その人)や事柄(そのこと、それ)や物(それ)などを指す語、that、it; 儘:◆尽(つ)きる、全てが出尽くす、全てを出し切る、同「尽」◆[日]まま、その通りに、思いの通りに◆簡「侭」◆簡「尽」
kk_其の外/其の他_そのほか,其の外/其の他,そのほか,其:◆人(その人)や事柄(そのこと、それ)や物(それ)などを指す語、that、it; 外:◆そと、範囲・領域・組織や区切り・境界の内(内側、内部)から出たもの、表に出ている(表に面している)もの、見えるところにあるもの、またそのようなところ、逆は「内; 其:◆人(その人)や事柄(そのこと、それ)や物(それ)などを指す語、that、it,N4,kun,kun+kun+kun+kun~,IL1_okurigana(kun 96%) | A1_compound_oku(kun 90%) | A1_on_kun_mix(on+kun 65%),其:◆人(その人)や事柄(そのこと、それ)や物(それ)などを指す語、that、it; 外:◆そと、範囲・領域・組織や区切り・境界の内(内側、内部)から出たもの、表に出ている(表に面している)もの、見えるところにあるもの、またそのようなところ、逆は「内; 其:◆人(その人)や事柄(そのこと、それ)や物(それ)などを指す語、that、it
kk_其の為_そのため,其の為,そのため,其:◆人(その人)や事柄(そのこと、それ)や物(それ)などを指す語、that、it; 為:◆サル(猿)の一種、未詳、「母猴(ボコウ)」◆～をする、～を行う◆～に働きかける◆(～をして、～を行って)～を作る、～に作り上げる、形作る◆(～をして、～をする,N4,kun,kun+kun~,IL1_okurigana(kun 96%) | A1_compound_oku(kun 90%) | A1_on_kun_mix(on+kun 65%),其:◆人(その人)や事柄(そのこと、それ)や物(それ)などを指す語、that、it; 為:◆サル(猿)の一種、未詳、「母猴(ボコウ)」◆～をする、～を行う◆～に働きかける◆(～をして、～を行って)～を作る、～に作り上げる、形作る◆(～をして、～をする
kk_其の頃_そのころ,其の頃,そのころ,其:◆人(その人)や事柄(そのこと、それ)や物(それ)などを指す語、that、it; 頃:◆頭を傾(かたむ)ける、頭を傾(かし)げる、同「傾」◆傾く、斜めになる、片方に(一方に)偏(かたよ)る、同「傾」◆僅(わず)かな時間、「頃刻(ケイコク、僅かな間,N4,kun,kun+kun~,IL1_okurigana(kun 96%) | A1_compound_oku(kun 90%) | A1_on_kun_mix(on+kun 65%),其:◆人(その人)や事柄(そのこと、それ)や物(それ)などを指す語、that、it; 頃:◆頭を傾(かたむ)ける、頭を傾(かし)げる、同「傾」◆傾く、斜めになる、片方に(一方に)偏(かたよ)る、同「傾」◆僅(わず)かな時間、「頃刻(ケイコク、僅かな間
kk_其れで_それで,其れで,それで,其:◆人(その人)や事柄(そのこと、それ)や物(それ)などを指す語、that、it,N4,kun,kun,IL1_okurigana(kun 96%) | IL2_single_okuri(kun 96%),其:◆人(その人)や事柄(そのこと、それ)や物(それ)などを指す語、that、it
kk_其れとも_それとも,其れとも,それとも,其:◆人(その人)や事柄(そのこと、それ)や物(それ)などを指す語、that、it,N4,kun,kun,IL1_okurigana(kun 96%) | IL2_single_okuri(kun 96%),其:◆人(その人)や事柄(そのこと、それ)や物(それ)などを指す語、that、it
kk_其れなのに_それなのに,其れなのに,それなのに,其:◆人(その人)や事柄(そのこと、それ)や物(それ)などを指す語、that、it,N4,kun,kun,IL1_okurigana(kun 96%) | IL2_single_okuri(kun 96%),其:◆人(その人)や事柄(そのこと、それ)や物(それ)などを指す語、that、it
kk_其れなら_それなら,其れなら,それなら,其:◆人(その人)や事柄(そのこと、それ)や物(それ)などを指す語、that、it,N4,kun,kun,IL1_okurigana(kun 96%) | IL2_single_okuri(kun 96%),其:◆人(その人)や事柄(そのこと、それ)や物(それ)などを指す語、that、it
kk_其れに_それに,其れに,それに,其:◆人(その人)や事柄(そのこと、それ)や物(それ)などを指す語、that、it,N4,kun,kun,IL1_okurigana(kun 96%) | IL2_single_okuri(kun 96%),其:◆人(その人)や事柄(そのこと、それ)や物(それ)などを指す語、that、it
kk_其れ程_それほど,其れ程,それほど,其:◆人(その人)や事柄(そのこと、それ)や物(それ)などを指す語、that、it; 程:◆ものの大小・長短・軽重・強弱・優劣などをはかる(測る・量る・計る)際の基準・規格◆一定の決まり・手順・方法◆定まっている基準・規格・決まり・区切り・手順・方法,N4,kun,kun+kun~,IL1_okurigana(kun 96%) | A1_compound_oku(kun 90%) | A1_on_kun_mix(on+kun 65%),其:◆人(その人)や事柄(そのこと、それ)や物(それ)などを指す語、that、it; 程:◆ものの大小・長短・軽重・強弱・優劣などをはかる(測る・量る・計る)際の基準・規格◆一定の決まり・手順・方法◆定まっている基準・規格・決まり・区切り・手順・方法
kk_其処で_そこで,其処で,そこで,其:◆人(その人)や事柄(そのこと、それ)や物(それ)などを指す語、that、it; 処:◆腰を落ち着ける、居(い)る、止(とど)まる、またその場所◆腰を落ち着けて留(とど)まっているさま、「処士(ショシ、能力がありながら出仕しない人))」「処女(シ,N4,kun,kun+kun,IL1_okurigana(kun 96%) | A1_compound_oku(kun 90%) | A1_on_kun_mix(on+kun 65%),其:◆人(その人)や事柄(そのこと、それ)や物(それ)などを指す語、that、it; 処:◆腰を落ち着ける、居(い)る、止(とど)まる、またその場所◆腰を落ち着けて留(とど)まっているさま、「処士(ショシ、能力がありながら出仕しない人))」「処女(シ
kk_具合_ぐあい,具合,ぐあい,具:◆そな・わる、そな・える、必要なものが揃っている、必要なものを揃える◆必要なものが身に付いている◆(食事のための器具、戦うための武具、作業するための道具などの); 合:◆人や物が集まって一緒になる、また一つになる◆幾つかのものを集め一緒にする、幾つかのものが集まり同じになる◆同じものを纏(まと)めた全体◆ぴったりと一致する、当,N4,mixed,on+kun~,A3_short_compound(on+on 71%),具:◆そな・わる、そな・える、必要なものが揃っている、必要なものを揃える◆必要なものが身に付いている◆(食事のための器具、戦うための武具、作業するための道具などの); 合:◆人や物が集まって一緒になる、また一つになる◆幾つかのものを集め一緒にする、幾つかのものが集まり同じになる◆同じものを纏(まと)めた全体◆ぴったりと一致する、当
kk_内_うち,内,うち,内:◆外から中に入る、入れる◆限られた範囲・領域の中、区切りや境目の中、同「中」◆ある一定の範囲に含まれるもの、囲われたり覆われたりしていて外からは見えないもの、公,N4,kun,kun,IL2_single_default(kun 84%),内:◆外から中に入る、入れる◆限られた範囲・領域の中、区切りや境目の中、同「中」◆ある一定の範囲に含まれるもの、囲われたり覆われたりしていて外からは見えないもの、公
kk_内側_うちがわ,内側,うちがわ,内:◆外から中に入る、入れる◆限られた範囲・領域の中、区切りや境目の中、同「中」◆ある一定の範囲に含まれるもの、囲われたり覆われたりしていて外からは見えないもの、公; 側:◆(立っているものの)すぐ傍(そば)、傍(かたわ)ら、脇(わき)、同「旁」◆立てて片方に(一方に)寄せる、片方に寄る、偏(かたよ)る、同「仄」◆立ったものが一方,N4,other,mixed+mixed~,,内:◆外から中に入る、入れる◆限られた範囲・領域の中、区切りや境目の中、同「中」◆ある一定の範囲に含まれるもの、囲われたり覆われたりしていて外からは見えないもの、公; 側:◆(立っているものの)すぐ傍(そば)、傍(かたわ)ら、脇(わき)、同「旁」◆立てて片方に(一方に)寄せる、片方に寄る、偏(かたよ)る、同「仄」◆立ったものが一方
kk_再会_さいかい,再会,さいかい,再:◆同じことが更にもう一度繰り返される、もう一度、二度、二回、二重; 会:◆人が集まる、同じ時間や場所に(同じ目的で)集まる、「会合(カイゴウ)」◆多くの人が(出向いて)集まる、また集まったところ、「集会(シュウカイ)」「都会(トカイ,N4,on,on+on,,再:◆同じことが更にもう一度繰り返される、もう一度、二度、二回、二重; 会:◆人が集まる、同じ時間や場所に(同じ目的で)集まる、「会合(カイゴウ)」◆多くの人が(出向いて)集まる、また集まったところ、「集会(シュウカイ)」「都会(トカイ
kk_冗談_じょうだん,冗談,じょうだん,冗:◆暇(ひま)なさま、弛(たる)むさま◆緩(ゆる)んで纏(まと)まりがないさま◆余分なさま、無駄なさま¶「田畑の仕事がなく人(儿)が家(宀)にいるさま」を象った字; 談:◆物語、物語る、同「譚」◆寛いで話をする、盛んに語り合う,N4,on,on+on,B_verb_rad_言(kun 80%),冗:◆暇(ひま)なさま、弛(たる)むさま◆緩(ゆる)んで纏(まと)まりがないさま◆余分なさま、無駄なさま¶「田畑の仕事がなく人(儿)が家(宀)にいるさま」を象った字; 談:◆物語、物語る、同「譚」◆寛いで話をする、盛んに語り合う
kk_写す_うつす,写す,うつす,写:◆別の場所に移(うつ)す、他に移す◆書く、描く、「墨や絵の具を紙などに移す」の意◆元になるものに倣(なら)って別のものに書く、或いは描く,N4,kun,kun,IL1_okurigana(kun 96%) | IL2_single_okuri(kun 96%),写:◆別の場所に移(うつ)す、他に移す◆書く、描く、「墨や絵の具を紙などに移す」の意◆元になるものに倣(なら)って別のものに書く、或いは描く
kk_写る_うつる,写る,うつる,写:◆別の場所に移(うつ)す、他に移す◆書く、描く、「墨や絵の具を紙などに移す」の意◆元になるものに倣(なら)って別のものに書く、或いは描く,N4,kun,kun,IL1_okurigana(kun 96%) | IL2_single_okuri(kun 96%),写:◆別の場所に移(うつ)す、他に移す◆書く、描く、「墨や絵の具を紙などに移す」の意◆元になるものに倣(なら)って別のものに書く、或いは描く
kk_冷える_ひえる,冷える,ひえる,冷:◆気温や温度が低い、熱(ネツ)がない、ひんやりする、寒い◆熱(あつ)くない、熱気や熱意がない、関心や興味がない◆氷のように透(す)き通っている,N4,kun,kun,IL1_okurigana(kun 96%) | IL2_single_okuri(kun 96%),冷:◆気温や温度が低い、熱(ネツ)がない、ひんやりする、寒い◆熱(あつ)くない、熱気や熱意がない、関心や興味がない◆氷のように透(す)き通っている
kk_冷房_れいぼう,冷房,れいぼう,冷:◆気温や温度が低い、熱(ネツ)がない、ひんやりする、寒い◆熱(あつ)くない、熱気や熱意がない、関心や興味がない◆氷のように透(す)き通っている; 房:◆主屋(おもや、中庭を囲むように建てられた住居の北側の建物、正房、家主の住居)の左右(東西)両側に張り出すように建てられた部屋、「耳房(ジボウ)」 ◆部屋、室(,N4,on,on+on,,冷:◆気温や温度が低い、熱(ネツ)がない、ひんやりする、寒い◆熱(あつ)くない、熱気や熱意がない、関心や興味がない◆氷のように透(す)き通っている; 房:◆主屋(おもや、中庭を囲むように建てられた住居の北側の建物、正房、家主の住居)の左右(東西)両側に張り出すように建てられた部屋、「耳房(ジボウ)」 ◆部屋、室(
kk_冷暖房_れいだんぼう,冷暖房,れいだんぼう,冷:◆気温や温度が低い、熱(ネツ)がない、ひんやりする、寒い◆熱(あつ)くない、熱気や熱意がない、関心や興味がない◆氷のように透(す)き通っている; 暖:◆日光が当たってぽかぽかと暑くもなく寒くもなく程良いさま、穏(おだ)やかな陽気であるさま、同「㬉」「暄」、「温」は液体などが程よい温度であること、「煖」は火が当; 房:◆主屋(おもや、中庭を囲むように建てられた住居の北側の建物、正房、家主の住居)の左右(東西)両側に張り出すように建てられた部屋、「耳房(ジボウ)」 ◆部屋、室(,N4,on,on+on+on,A4_multi_on(on+on+on 65%),冷:◆気温や温度が低い、熱(ネツ)がない、ひんやりする、寒い◆熱(あつ)くない、熱気や熱意がない、関心や興味がない◆氷のように透(す)き通っている; 暖:◆日光が当たってぽかぽかと暑くもなく寒くもなく程良いさま、穏(おだ)やかな陽気であるさま、同「㬉」「暄」、「温」は液体などが程よい温度であること、「煖」は火が当; 房:◆主屋(おもや、中庭を囲むように建てられた住居の北側の建物、正房、家主の住居)の左右(東西)両側に張り出すように建てられた部屋、「耳房(ジボウ)」 ◆部屋、室(
kk_凄い_すごい,凄い,すごい,凄:◆冷たく寒いさま、冷たさ寒さが甚(はなは)だしいさま、骨身にこたえるさま、同「淒」,N4,kun,kun,IL1_okurigana(kun 96%) | IL2_single_okuri(kun 96%),凄:◆冷たく寒いさま、冷たさ寒さが甚(はなは)だしいさま、骨身にこたえるさま、同「淒」
kk_出会う_であう,出会う,であう,出:◆範囲・領域・組織や区切り・境界の内(内側、内部、裏側、こちら側、私的なところ)から外(外側、外部、表側、向こう側、公のところ)に移る、また移す、外から内へ移る; 会:◆人が集まる、同じ時間や場所に(同じ目的で)集まる、「会合(カイゴウ)」◆多くの人が(出向いて)集まる、また集まったところ、「集会(シュウカイ)」「都会(トカイ,N4,kun,kun+kun,IL1_okurigana(kun 96%) | A1_compound_oku(kun 90%) | A1_on_kun_mix(on+kun 65%),出:◆範囲・領域・組織や区切り・境界の内(内側、内部、裏側、こちら側、私的なところ)から外(外側、外部、表側、向こう側、公のところ)に移る、また移す、外から内へ移る; 会:◆人が集まる、同じ時間や場所に(同じ目的で)集まる、「会合(カイゴウ)」◆多くの人が(出向いて)集まる、また集まったところ、「集会(シュウカイ)」「都会(トカイ
kk_出入り口_でいりぐち,出入り口,でいりぐち,出:◆範囲・領域・組織や区切り・境界の内(内側、内部、裏側、こちら側、私的なところ)から外(外側、外部、表側、向こう側、公のところ)に移る、また移す、外から内へ移る; 入:◆範囲・領域・組織や区切り・境界の外(外側、外部、表側、向こう側、公のところ)から内(内側、内部、裏側、こちら側、私的なところ)に移る、また移す、内から外へ移る; 口:◆動物の食べたり声を発したりするための器官◆ものが出入りするために空(あ)けた(空いた)ところ、(口のように)全体の内の一部空いたところ◆言葉、言葉を発する、語,N4,other,mixed+mixed+mixed~,IL1_okurigana(kun 96%) | A1_compound_oku(kun 90%) | A1_on_kun_mix(on+kun 65%),出:◆範囲・領域・組織や区切り・境界の内(内側、内部、裏側、こちら側、私的なところ)から外(外側、外部、表側、向こう側、公のところ)に移る、また移す、外から内へ移る; 入:◆範囲・領域・組織や区切り・境界の外(外側、外部、表側、向こう側、公のところ)から内(内側、内部、裏側、こちら側、私的なところ)に移る、また移す、内から外へ移る; 口:◆動物の食べたり声を発したりするための器官◆ものが出入りするために空(あ)けた(空いた)ところ、(口のように)全体の内の一部空いたところ◆言葉、言葉を発する、語
kk_出席_しゅっせき,出席,しゅっせき,出:◆範囲・領域・組織や区切り・境界の内(内側、内部、裏側、こちら側、私的なところ)から外(外側、外部、表側、向こう側、公のところ)に移る、また移す、外から内へ移る; 席:◆むしろ、竹や藁(わら、乾燥させた草の茎)を並べ紐(ひも)で編んだ敷物、人が座ったり横になったりするところに敷くもの、同「蓆」◆座るところ、居並ぶ時の座る位置◆,N4,on,on+on,B_noun_rad_巾(kun 93%),出:◆範囲・領域・組織や区切り・境界の内(内側、内部、裏側、こちら側、私的なところ)から外(外側、外部、表側、向こう側、公のところ)に移る、また移す、外から内へ移る; 席:◆むしろ、竹や藁(わら、乾燥させた草の茎)を並べ紐(ひも)で編んだ敷物、人が座ったり横になったりするところに敷くもの、同「蓆」◆座るところ、居並ぶ時の座る位置◆
kk_出発_しゅっぱつ,出発,しゅっぱつ,出:◆範囲・領域・組織や区切り・境界の内(内側、内部、裏側、こちら側、私的なところ)から外(外側、外部、表側、向こう側、公のところ)に移る、また移す、外から内へ移る; 発:◆矢を放つ、外(離れて行く方向)に向かって勢いよく飛び出る◆動いていなかったものが勢いよく動き出す、物事が動き出す、物事が始まる、行動を起こす◆隠れていたものが,N4,other,mixed+mixed~,,出:◆範囲・領域・組織や区切り・境界の内(内側、内部、裏側、こちら側、私的なところ)から外(外側、外部、表側、向こう側、公のところ)に移る、また移す、外から内へ移る; 発:◆矢を放つ、外(離れて行く方向)に向かって勢いよく飛び出る◆動いていなかったものが勢いよく動き出す、物事が動き出す、物事が始まる、行動を起こす◆隠れていたものが
kk_分かれる_わかれる,分かれる,わかれる,分:◆一つに纏(まと)まっているものを幾つかに切り離す、また幾つかに仕切る(区切る)、「分割(ブンカツ)」、切り離したものを仕分けることを「別」◆一つの纏まりから一,N4,kun,kun,IL1_okurigana(kun 96%) | IL2_single_okuri(kun 96%) | B_verb_rad_刀(kun 80%),分:◆一つに纏(まと)まっているものを幾つかに切り離す、また幾つかに仕切る(区切る)、「分割(ブンカツ)」、切り離したものを仕分けることを「別」◆一つの纏まりから一
kk_分ける_わける,分ける,わける,分:◆一つに纏(まと)まっているものを幾つかに切り離す、また幾つかに仕切る(区切る)、「分割(ブンカツ)」、切り離したものを仕分けることを「別」◆一つの纏まりから一,N4,kun,kun,IL1_okurigana(kun 96%) | IL2_single_okuri(kun 96%) | B_verb_rad_刀(kun 80%),分:◆一つに纏(まと)まっているものを幾つかに切り離す、また幾つかに仕切る(区切る)、「分割(ブンカツ)」、切り離したものを仕分けることを「別」◆一つの纏まりから一
kk_列_れつ,列,れつ,列:◆横方向の並び、横方向に順序に従って(重ならないように)並ぶ、同「排」、縦方向の列を「行」◆ずらりと人が居並ぶ◆裂(さ)く、二つに切り割(さ)く、同「裂」「𠜺」,N4,on,on,IL2_single_default(kun 84%) | B_verb_rad_刀(kun 80%),列:◆横方向の並び、横方向に順序に従って(重ならないように)並ぶ、同「排」、縦方向の列を「行」◆ずらりと人が居並ぶ◆裂(さ)く、二つに切り割(さ)く、同「裂」「𠜺」
kk_列車_れっしゃ,列車,れっしゃ,列:◆横方向の並び、横方向に順序に従って(重ならないように)並ぶ、同「排」、縦方向の列を「行」◆ずらりと人が居並ぶ◆裂(さ)く、二つに切り割(さ)く、同「裂」「𠜺」; 車:◆二つの輪(リン、車輪)の中心に軸(ジク、車軸)を通し、その上に人や物を乗せるための台(車台)を設(しつら)えたもの ◆輪状・円状のものが軸を中心として回転する,N4,on,on+on,A3_short_compound(on+on 71%) | B_verb_rad_刀(kun 80%),列:◆横方向の並び、横方向に順序に従って(重ならないように)並ぶ、同「排」、縦方向の列を「行」◆ずらりと人が居並ぶ◆裂(さ)く、二つに切り割(さ)く、同「裂」「𠜺」; 車:◆二つの輪(リン、車輪)の中心に軸(ジク、車軸)を通し、その上に人や物を乗せるための台(車台)を設(しつら)えたもの ◆輪状・円状のものが軸を中心として回転する
kk_初め/始め_はじめ,初め/始め,はじめ,初:◆物事の起こり、物事の発端、「衣服を作り始める時にまず布を切る」の意、「初」は「物事はまず初めに～する、～の初め」、「始」は「物事はまず～から始める、～から始ま; 始:◆それ以降続く物事の最初、出だし、「始」は「物事はまず～から始める、～から始まる」、「初」は「物事はまず初めに～する、～の初め」◆初めて、～の時に至ってやっと、,N4,kun,kun+kun~,IL1_okurigana(kun 96%) | A1_compound_oku(kun 90%) | A1_on_kun_mix(on+kun 65%),初:◆物事の起こり、物事の発端、「衣服を作り始める時にまず布を切る」の意、「初」は「物事はまず初めに～する、～の初め」、「始」は「物事はまず～から始める、～から始ま; 始:◆それ以降続く物事の最初、出だし、「始」は「物事はまず～から始める、～から始まる」、「初」は「物事はまず初めに～する、～の初め」◆初めて、～の時に至ってやっと、
kk_別_べつ,別,べつ,別:◆切って分(わ)ける、分離する、分けて離す、分けたものが繋(つな)がっていない状態にする◆分かれる、分かれ離れる◆他と繋がりがない、他とは違う、異なる◆他(ほか,N4,on,on,IL2_single_default(kun 84%) | B_verb_rad_刀(kun 80%),別:◆切って分(わ)ける、分離する、分けて離す、分けたものが繋(つな)がっていない状態にする◆分かれる、分かれ離れる◆他と繋がりがない、他とは違う、異なる◆他(ほか
kk_別れる_わかれる,別れる,わかれる,別:◆切って分(わ)ける、分離する、分けて離す、分けたものが繋(つな)がっていない状態にする◆分かれる、分かれ離れる◆他と繋がりがない、他とは違う、異なる◆他(ほか,N4,kun,kun,IL1_okurigana(kun 96%) | IL2_single_okuri(kun 96%) | B_verb_rad_刀(kun 80%),別:◆切って分(わ)ける、分離する、分けて離す、分けたものが繋(つな)がっていない状態にする◆分かれる、分かれ離れる◆他と繋がりがない、他とは違う、異なる◆他(ほか
kk_利用_りよう,利用,りよう,利:◆先が尖(とが)る、先が鋭(するど)く尖った刃物◆よく切れるさま、切れ味が良いさま、鋭いさま◆(よく切れる刃物のように)すぱっと、さっと、一気に◆(よく切れる刃; 用:◆人や物、或いはその特性や能力を使う、また使ってあることを行う、また役立たせる◆働かせる、発揮させる、またそのために必要な特性・能力・金銭など◆以(もっ)て◆[,N4,on,on+on,A3_short_compound(on+on 71%) | B_verb_rad_刀(kun 80%),利:◆先が尖(とが)る、先が鋭(するど)く尖った刃物◆よく切れるさま、切れ味が良いさま、鋭いさま◆(よく切れる刃物のように)すぱっと、さっと、一気に◆(よく切れる刃; 用:◆人や物、或いはその特性や能力を使う、また使ってあることを行う、また役立たせる◆働かせる、発揮させる、またそのために必要な特性・能力・金銭など◆以(もっ)て◆[
kk_利用者_りようしゃ,利用者,りようしゃ,利:◆先が尖(とが)る、先が鋭(するど)く尖った刃物◆よく切れるさま、切れ味が良いさま、鋭いさま◆(よく切れる刃物のように)すぱっと、さっと、一気に◆(よく切れる刃; 用:◆人や物、或いはその特性や能力を使う、また使ってあることを行う、また役立たせる◆働かせる、発揮させる、またそのために必要な特性・能力・金銭など◆以(もっ)て◆[; 者:◆～の人、～する人、「使者(ししゃ、使いをする人、運び届けること)」◆こと(事)、もの(物)、「再者(サイシャ、更に付け加えること、追伸)」「前者(ゼンシャ、前,N4,on,on+on+on,A4_multi_on(on+on+on 65%) | B_verb_rad_刀(kun 80%),利:◆先が尖(とが)る、先が鋭(するど)く尖った刃物◆よく切れるさま、切れ味が良いさま、鋭いさま◆(よく切れる刃物のように)すぱっと、さっと、一気に◆(よく切れる刃; 用:◆人や物、或いはその特性や能力を使う、また使ってあることを行う、また役立たせる◆働かせる、発揮させる、またそのために必要な特性・能力・金銭など◆以(もっ)て◆[; 者:◆～の人、～する人、「使者(ししゃ、使いをする人、運び届けること)」◆こと(事)、もの(物)、「再者(サイシャ、更に付け加えること、追伸)」「前者(ゼンシャ、前
kk_到頭_とうとう,到頭,とうとう,到:◆目指すところに行き着く(達する、届く)、ある時間・状態になる(達する、届く)、同「至」◆それより先がない(これ以上はない)ところまで行き着く、極まる、同「至」; 頭:◆身体の最上部(四足・多足の動物の場合は先端部)、胴体の肩よりも上(先)にある部分 ◆物事の端(はじ)、物事の始まり(先端、最初)や終わり(後端、最終)、「先頭,N4,on,on+on,B_verb_rad_刀(kun 80%),到:◆目指すところに行き着く(達する、届く)、ある時間・状態になる(達する、届く)、同「至」◆それより先がない(これ以上はない)ところまで行き着く、極まる、同「至」; 頭:◆身体の最上部(四足・多足の動物の場合は先端部)、胴体の肩よりも上(先)にある部分 ◆物事の端(はじ)、物事の始まり(先端、最初)や終わり(後端、最終)、「先頭
kk_刺身_さしみ,刺身,さしみ,刺:◆さ・す、針などの細く先端が尖(とが)ったものでまっすぐに突く、また突き入れる、同「㓨」◆(痛いところを)ちくりと突く、「諷刺(フウシ)」「譏刺(キシ)」◆棘(; 身:◆(頭部を除いた)体(からだ)、躯体(クタイ)、同「躯」「躬」◆中に含まれているもの、また入っているもの、本体◆人の一生、命(いのち)◆吾(われ)、我(わ)が、,N4,mixed,on+kun~,A3_short_compound(on+on 71%) | B_verb_rad_刀(kun 80%),刺:◆さ・す、針などの細く先端が尖(とが)ったものでまっすぐに突く、また突き入れる、同「㓨」◆(痛いところを)ちくりと突く、「諷刺(フウシ)」「譏刺(キシ)」◆棘(; 身:◆(頭部を除いた)体(からだ)、躯体(クタイ)、同「躯」「躬」◆中に含まれているもの、また入っているもの、本体◆人の一生、命(いのち)◆吾(われ)、我(わ)が、
kk_前に_まえに,前に,まえに,前:◆(前に)進む、またその方向、同「先」、「前途(ぜんと、目的地に向かう道のり、将来)」◆位置的には先の方向、時間的には過去の方向、順序では上位の方向、同「先」、,N4,kun,kun,IL1_okurigana(kun 96%) | IL2_single_okuri(kun 96%) | B_verb_rad_刀(kun 80%),前:◆(前に)進む、またその方向、同「先」、「前途(ぜんと、目的地に向かう道のり、将来)」◆位置的には先の方向、時間的には過去の方向、順序では上位の方向、同「先」、
kk_割る_わる,割る,わる,割:◆刀で二つに裂く、裂いて切り離された状態にする◆十分の一(比率の単位),N4,kun,kun,IL1_okurigana(kun 96%) | IL2_single_okuri(kun 96%) | B_verb_rad_刀(kun 80%),割:◆刀で二つに裂く、裂いて切り離された状態にする◆十分の一(比率の単位)
kk_割れる_われる,割れる,われる,割:◆刀で二つに裂く、裂いて切り離された状態にする◆十分の一(比率の単位),N4,kun,kun,IL1_okurigana(kun 96%) | IL2_single_okuri(kun 96%) | B_verb_rad_刀(kun 80%),割:◆刀で二つに裂く、裂いて切り離された状態にする◆十分の一(比率の単位)
kk_割合_わりあい,割合,わりあい,割:◆刀で二つに裂く、裂いて切り離された状態にする◆十分の一(比率の単位); 合:◆人や物が集まって一緒になる、また一つになる◆幾つかのものを集め一緒にする、幾つかのものが集まり同じになる◆同じものを纏(まと)めた全体◆ぴったりと一致する、当,N4,kun,kun+kun~,B_verb_rad_刀(kun 80%),割:◆刀で二つに裂く、裂いて切り離された状態にする◆十分の一(比率の単位); 合:◆人や物が集まって一緒になる、また一つになる◆幾つかのものを集め一緒にする、幾つかのものが集まり同じになる◆同じものを纏(まと)めた全体◆ぴったりと一致する、当
kk_力_ちから,力,ちから,力:◆ものを動かすもの、ものを動かしているもの、ものに働(はたら)くもの、「強力(キョウリョク、強い力)」◆働く、務(つと)める、勤(つと)める、「努力(ドリョク、,N4,kun,kun,IL2_single_default(kun 84%) | B_verb_rad_力(kun 80%),力:◆ものを動かすもの、ものを動かしているもの、ものに働(はたら)くもの、「強力(キョウリョク、強い力)」◆働く、務(つと)める、勤(つと)める、「努力(ドリョク、
kk_助かる_たすかる,助かる,たすかる,助:◆力や手を貸す、力や手を貸し支る、力になる◆「助法(ジョホウ)」、殷代(イン、約前17世紀～約前11世紀) の税法で、土地を縦横それぞれ三分して九区画(各七十畝,N4,kun,kun,IL1_okurigana(kun 96%) | IL2_single_okuri(kun 96%) | B_verb_rad_力(kun 80%),助:◆力や手を貸す、力や手を貸し支る、力になる◆「助法(ジョホウ)」、殷代(イン、約前17世紀～約前11世紀) の税法で、土地を縦横それぞれ三分して九区画(各七十畝
kk_助ける_たすける,助ける,たすける,助:◆力や手を貸す、力や手を貸し支る、力になる◆「助法(ジョホウ)」、殷代(イン、約前17世紀～約前11世紀) の税法で、土地を縦横それぞれ三分して九区画(各七十畝,N4,kun,kun,IL1_okurigana(kun 96%) | IL2_single_okuri(kun 96%) | B_verb_rad_力(kun 80%),助:◆力や手を貸す、力や手を貸し支る、力になる◆「助法(ジョホウ)」、殷代(イン、約前17世紀～約前11世紀) の税法で、土地を縦横それぞれ三分して九区画(各七十畝
kk_動く_うごく,動く,うごく,動:◆位置・姿勢・感情・状態・事情などが変わる、また変える、また変わり始める、「動作」「行動」「感動」◆やや・もすれば、どうかすると(～になる、～になりやすい),N4,kun,kun,IL1_okurigana(kun 96%) | IL2_single_okuri(kun 96%) | B_verb_rad_力(kun 80%),動:◆位置・姿勢・感情・状態・事情などが変わる、また変える、また変わり始める、「動作」「行動」「感動」◆やや・もすれば、どうかすると(～になる、～になりやすい)
kk_動物園_どうぶつえん,動物園,どうぶつえん,動:◆位置・姿勢・感情・状態・事情などが変わる、また変える、また変わり始める、「動作」「行動」「感動」◆やや・もすれば、どうかすると(～になる、～になりやすい); 物:◆(天地の間に存在する)人以外の形のあるもの、人は「者」、形のないものは「事」; 園:◆周りを垣や柵などで囲った(樹木・果樹などの)畑、「【說文解字:囗部:園】所以樹果也」◆周りを垣や柵などで囲った広い庭、またそのような庭のある邸宅、またそのよう,N4,on,on+on+on,A4_multi_on(on+on+on 65%) | B_verb_rad_力(kun 80%) | B_noun_rad_牛(kun 93%),動:◆位置・姿勢・感情・状態・事情などが変わる、また変える、また変わり始める、「動作」「行動」「感動」◆やや・もすれば、どうかすると(～になる、～になりやすい); 物:◆(天地の間に存在する)人以外の形のあるもの、人は「者」、形のないものは「事」; 園:◆周りを垣や柵などで囲った(樹木・果樹などの)畑、「【說文解字:囗部:園】所以樹果也」◆周りを垣や柵などで囲った広い庭、またそのような庭のある邸宅、またそのよう
kk_勝つ_かつ,勝つ,かつ,勝:◆責任や任務によく耐える、また耐えることができる◆克(か)つ、克服する、(困難に耐え)乗り越え成し遂げる◆～を上回る、～より優(すぐ)れる、優れている◆相手を上,N4,kun,kun,IL1_okurigana(kun 96%) | IL2_single_okuri(kun 96%) | B_verb_rad_力(kun 80%),勝:◆責任や任務によく耐える、また耐えることができる◆克(か)つ、克服する、(困難に耐え)乗り越え成し遂げる◆～を上回る、～より優(すぐ)れる、優れている◆相手を上
kk_勿論_もちろん,勿論,もちろん,勿:◆なか・れ、～するな、禁止の助字◆～ない、～しない、～でない、否定の助字◆「勿吉(モツキチ)」、南北朝時代(420年～589年)現中国北東部吉林省・黒竜江省から; 論:◆理(リ、道理ドウリ、筋目すじめ)に沿って考える、理に適(かな)った考え◆きちんと筋道(すじみち、道理)に沿って(順序立てて)述べる◆道理(筋や理)に照らして物,N4,on,on+on,B_verb_rad_言(kun 80%),勿:◆なか・れ、～するな、禁止の助字◆～ない、～しない、～でない、否定の助字◆「勿吉(モツキチ)」、南北朝時代(420年～589年)現中国北東部吉林省・黒竜江省から; 論:◆理(リ、道理ドウリ、筋目すじめ)に沿って考える、理に適(かな)った考え◆きちんと筋道(すじみち、道理)に沿って(順序立てて)述べる◆道理(筋や理)に照らして物
kk_匂い_におい,匂い,におい,匂:◆[日]よい香り、よい香りがする、よい香りが届いて来る◆[日]美しさが目を引く、色合いが美しく引き立つ◆[日]～のような感じがする,N4,kun,kun,IL1_okurigana(kun 96%) | IL2_single_okuri(kun 96%),匂:◆[日]よい香り、よい香りがする、よい香りが届いて来る◆[日]美しさが目を引く、色合いが美しく引き立つ◆[日]～のような感じがする
kk_包む_つつむ,包む,つつむ,包:◆布や紙などの薄い膜状のもので全体を覆(おお)う、中のものを保護するように全体を覆う、含(ふく)める、同「裹」◆周りを覆う、周りを囲う,N4,kun,kun,IL1_okurigana(kun 96%) | IL2_single_okuri(kun 96%),包:◆布や紙などの薄い膜状のもので全体を覆(おお)う、中のものを保護するように全体を覆う、含(ふく)める、同「裹」◆周りを覆う、周りを囲う
kk_化学_かがく,化学,かがく,化:◆性質・形状・状態などが元とは全く違ったものに変わる、まだ元の様子が分かる程度の変化は「変」◆他の影響を受けて、また時間を経ることによって考えや態度などが変わる; 学:◆(教えを受けながら、見て倣いながら)知識や技術などを身に付ける、習得する、またその内容、知識や技術などを授(さず)けることを「教」◆教えを受け知識や技術などを,N4,on,on+on,A3_short_compound(on+on 71%),化:◆性質・形状・状態などが元とは全く違ったものに変わる、まだ元の様子が分かる程度の変化は「変」◆他の影響を受けて、また時間を経ることによって考えや態度などが変わる; 学:◆(教えを受けながら、見て倣いながら)知識や技術などを身に付ける、習得する、またその内容、知識や技術などを授(さず)けることを「教」◆教えを受け知識や技術などを
kk_医学_いがく,医学,いがく,医:◆弓や弩(ド、機械仕掛けの弓)の矢を入れる容器◆病気を治(なお)す、また病気を治療する人、同繁「醫」、同「毉」; 学:◆(教えを受けながら、見て倣いながら)知識や技術などを身に付ける、習得する、またその内容、知識や技術などを授(さず)けることを「教」◆教えを受け知識や技術などを,N4,on,on+on,A3_short_compound(on+on 71%),医:◆弓や弩(ド、機械仕掛けの弓)の矢を入れる容器◆病気を治(なお)す、また病気を治療する人、同繁「醫」、同「毉」; 学:◆(教えを受けながら、見て倣いながら)知識や技術などを身に付ける、習得する、またその内容、知識や技術などを授(さず)けることを「教」◆教えを受け知識や技術などを
kk_十分_じゅうぶん,十分,じゅうぶん,十:◆数の名、十番目 ◆多い◆全て、全て備わる、全て揃う、「【說文解字:十部:十】數之具也一爲東西丨爲南北則四方中央備矣…」◆じゅう、部首名; 分:◆一つに纏(まと)まっているものを幾つかに切り離す、また幾つかに仕切る(区切る)、「分割(ブンカツ)」、切り離したものを仕分けることを「別」◆一つの纏まりから一,N4,on,on+on,B_verb_rad_刀(kun 80%),十:◆数の名、十番目 ◆多い◆全て、全て備わる、全て揃う、「【說文解字:十部:十】數之具也一爲東西丨爲南北則四方中央備矣…」◆じゅう、部首名; 分:◆一つに纏(まと)まっているものを幾つかに切り離す、また幾つかに仕切る(区切る)、「分割(ブンカツ)」、切り離したものを仕分けることを「別」◆一つの纏まりから一
kk_卒業_そつぎょう,卒業,そつぎょう,卒:◆下級の兵士、歩兵、上官に付き従い身の回りの世話をする兵◆終わる、尽きる◆大夫(タイフ、君主を補佐する重臣)の死、高位の人の死、同「𣨛」、「【禮記注疏(禮記正義; 業:◆鍾(ショウ)や磬(ケイ)などの打楽器を吊るすための横木(筍)の上の横板、吊るした楽器の位置が演奏中にずれないように凹みや突起がついていたという、「业」はそれを,N4,on,on+on,B_noun_rad_木(kun 93%),卒:◆下級の兵士、歩兵、上官に付き従い身の回りの世話をする兵◆終わる、尽きる◆大夫(タイフ、君主を補佐する重臣)の死、高位の人の死、同「𣨛」、「【禮記注疏(禮記正義; 業:◆鍾(ショウ)や磬(ケイ)などの打楽器を吊るすための横木(筍)の上の横板、吊るした楽器の位置が演奏中にずれないように凹みや突起がついていたという、「业」はそれを
kk_南瓜_カボチャ,南瓜,カボチャ,南:◆東(トウ、ひがし、太陽が昇る方角)を向いたときに右の方角、陽が射し込む方角、左の方角を「北」; 瓜:◆ウリ(瓜)、ウリ科の蔓性の草の総称 ◆うり、部首名,N4,other,mixed+mixed~,A3_short_compound(on+on 71%),南:◆東(トウ、ひがし、太陽が昇る方角)を向いたときに右の方角、陽が射し込む方角、左の方角を「北」; 瓜:◆ウリ(瓜)、ウリ科の蔓性の草の総称 ◆うり、部首名
kk_単語_たんご,単語,たんご,単:◆一つ、ただ一つ、それだけ、ただそれだけ、異質のものや別物が混ざっていない状態を指す◆ひとえ◇重ならない、繰り返さない◇裏地のない衣服; 語:◆他に向かって述べる、また告げる、考えや思い・言い伝えなどを話す◆意味を持つ言葉、話(はなし),N4,on,on+on,A3_short_compound(on+on 71%) | B_verb_rad_言(kun 80%),単:◆一つ、ただ一つ、それだけ、ただそれだけ、異質のものや別物が混ざっていない状態を指す◆ひとえ◇重ならない、繰り返さない◇裏地のない衣服; 語:◆他に向かって述べる、また告げる、考えや思い・言い伝えなどを話す◆意味を持つ言葉、話(はなし)
kk_危険_きけん,危険,きけん,危:◆高くそそり立つさま◆高くそそり立った山や崖の上から今にもものが落ちて来そうなさま、高くそそり立った山や崖から落ちそうになるさま、身に害が及ぶのではないかと不安; 険:◆山が高く切り立っているさま、行く手を阻(はば)むように山が高く立ちはだかっているさま、またそのようなところ◆危(あぶ)ない、危(あや)うい状況や困難な状況に遭,N4,on,on+on,A3_short_compound(on+on 71%),危:◆高くそそり立つさま◆高くそそり立った山や崖の上から今にもものが落ちて来そうなさま、高くそそり立った山や崖から落ちそうになるさま、身に害が及ぶのではないかと不安; 険:◆山が高く切り立っているさま、行く手を阻(はば)むように山が高く立ちはだかっているさま、またそのようなところ◆危(あぶ)ない、危(あや)うい状況や困難な状況に遭
kk_原因_げんいん,原因,げんいん,原:◆源(みなもと)、地下水が地表に湧(わ)き出るところ、同「厡」「源」[†「原」は「厂(崖や岸)」「泉(水が地表に湧き出るところ)」の合字†]◆物事の始まり、物事; 因:◆基(もと)づく、土台となるものの上に順々に積み重なっていく◆物事がそうなるに至った理由や事情、「全て物事は基となるものに様々な物事が繋がり積み重なった結果」の,N4,on,on+on,,原:◆源(みなもと)、地下水が地表に湧(わ)き出るところ、同「厡」「源」[†「原」は「厂(崖や岸)」「泉(水が地表に湧き出るところ)」の合字†]◆物事の始まり、物事; 因:◆基(もと)づく、土台となるものの上に順々に積み重なっていく◆物事がそうなるに至った理由や事情、「全て物事は基となるものに様々な物事が繋がり積み重なった結果」の
kk_厳しい_きびしい,厳しい,きびしい,厳:◆堂々としたさま、圧倒されるさま、気圧(けお)されるさま◆妥協を許さないさま、人を寄せつけないさま◆ぴったりとして隙がないさま◆激しいさま、甚(はなは)だしいさ,N4,kun,kun,IL1_okurigana(kun 96%) | IL2_single_okuri(kun 96%),厳:◆堂々としたさま、圧倒されるさま、気圧(けお)されるさま◆妥協を許さないさま、人を寄せつけないさま◆ぴったりとして隙がないさま◆激しいさま、甚(はなは)だしいさ
kk_参る_まいる,参る,まいる,参:◆行く、行って加わる◆行って目見(まみ)える、拝謁(ハイエツ)する、拝謁するために行く◆幾つものものを引き合わせて比べる◆三、「三」の大写字(「一」は「壹」・「,N4,kun,kun,IL1_okurigana(kun 96%) | IL2_single_okuri(kun 96%),参:◆行く、行って加わる◆行って目見(まみ)える、拝謁(ハイエツ)する、拝謁するために行く◆幾つものものを引き合わせて比べる◆三、「三」の大写字(「一」は「壹」・「
kk_参加_さんか,参加,さんか,参:◆行く、行って加わる◆行って目見(まみ)える、拝謁(ハイエツ)する、拝謁するために行く◆幾つものものを引き合わせて比べる◆三、「三」の大写字(「一」は「壹」・「; 加:◆足(た)す、付け足す、継(つ)ぎ足す、注(つ)ぎ足す◆増(ふ)やす、増える◆その上に～、その上更に～,N4,on,on+on,A3_short_compound(on+on 71%) | B_verb_rad_力(kun 80%),参:◆行く、行って加わる◆行って目見(まみ)える、拝謁(ハイエツ)する、拝謁するために行く◆幾つものものを引き合わせて比べる◆三、「三」の大写字(「一」は「壹」・「; 加:◆足(た)す、付け足す、継(つ)ぎ足す、注(つ)ぎ足す◆増(ふ)やす、増える◆その上に～、その上更に～
kk_又は_または,又は,または,又:◆また、その上に、更に、再び、重(かさ)ねて、加えて[†同じことが繰り返されること・同じことが以降も繰り返し続くことをいう†]◆[日]また・は、Ａ或いはＢ、Aか,N4,kun,kun,IL1_okurigana(kun 96%) | IL2_single_okuri(kun 96%),又:◆また、その上に、更に、再び、重(かさ)ねて、加えて[†同じことが繰り返されること・同じことが以降も繰り返し続くことをいう†]◆[日]また・は、Ａ或いはＢ、Aか
kk_反対_はんたい,反対,はんたい,反:◆覆(くつがえ)る、表裏が逆になる、ひっくり返る◆逆(ギャク)、逆である、「反対(ハンタイ)」、「【韓非子:卷十八:六反】害者利之反也…亂者治之反也」◆背(そむ; 対:◆向かい合う、向き合う◆二つで一組になるもの◆二つを並べ比較する◆問いに答える、依頼や指示に応(こた)える、相手からの働きかけに応(おう)じた結果を返す,N4,on,on+on,,反:◆覆(くつがえ)る、表裏が逆になる、ひっくり返る◆逆(ギャク)、逆である、「反対(ハンタイ)」、「【韓非子:卷十八:六反】害者利之反也…亂者治之反也」◆背(そむ; 対:◆向かい合う、向き合う◆二つで一組になるもの◆二つを並べ比較する◆問いに答える、依頼や指示に応(こた)える、相手からの働きかけに応(おう)じた結果を返す
kk_収入_しゅうにゅう,収入,しゅうにゅう,収:◆あちこちから取り集めて一カ所に纏(まと)める◆収穫したものを一カ所に集める、また役所がその一部を取り立てて公庫(政府の倉庫など)に入れる◆罪人を捕(とら)らえ; 入:◆範囲・領域・組織や区切り・境界の外(外側、外部、表側、向こう側、公のところ)から内(内側、内部、裏側、こちら側、私的なところ)に移る、また移す、内から外へ移る,N4,on,on+on,,収:◆あちこちから取り集めて一カ所に纏(まと)める◆収穫したものを一カ所に集める、また役所がその一部を取り立てて公庫(政府の倉庫など)に入れる◆罪人を捕(とら)らえ; 入:◆範囲・領域・組織や区切り・境界の外(外側、外部、表側、向こう側、公のところ)から内(内側、内部、裏側、こちら側、私的なところ)に移る、また移す、内から外へ移る
kk_取り替える_とりかえる,取り替える,とりかえる,取:◆捕(つか)まえる、捕(と)らえる、縄(なわ)を掛ける◆手に入れる、手の中に収(おさ)める、手で受ける◆(多くの中から一部を、或いは一つを)選ぶ、選択する◆娶(; 替:◆廃(すた)る、衰(おとろ)える、用を成(な)さなくなる、「衰替(スイタイ)」◆それまでのもの(今あるもの)や廃れたもの(衰えたもの、用を成さないもの)を別のも,N4,kun,kun+kun~,IL1_okurigana(kun 96%) | A1_compound_oku(kun 90%) | A1_on_kun_mix(on+kun 65%),取:◆捕(つか)まえる、捕(と)らえる、縄(なわ)を掛ける◆手に入れる、手の中に収(おさ)める、手で受ける◆(多くの中から一部を、或いは一つを)選ぶ、選択する◆娶(; 替:◆廃(すた)る、衰(おとろ)える、用を成(な)さなくなる、「衰替(スイタイ)」◆それまでのもの(今あるもの)や廃れたもの(衰えたもの、用を成さないもの)を別のも
kk_受ける_うける,受ける,うける,受:◆他から渡されたものを掌(てのひら)に載(の)せる、また手に納(おさ)める◆授(さず)かる、手渡しで与えられる◆蒙(こうむ)る◆容認する,N4,kun,kun,IL1_okurigana(kun 96%) | IL2_single_okuri(kun 96%),受:◆他から渡されたものを掌(てのひら)に載(の)せる、また手に納(おさ)める◆授(さず)かる、手渡しで与えられる◆蒙(こうむ)る◆容認する
kk_受付_うけつけ,受付,うけつけ,受:◆他から渡されたものを掌(てのひら)に載(の)せる、また手に納(おさ)める◆授(さず)かる、手渡しで与えられる◆蒙(こうむ)る◆容認する; 付:◆手ずから授(さず)ける、直接手を取って与える、同「仅」◆渡し与える、渡して任せる、委(ゆだ)ねる◆[日]他のものに加える、また添える、また足す、同「附」,N4,kun,kun+kun~,,受:◆他から渡されたものを掌(てのひら)に載(の)せる、また手に納(おさ)める◆授(さず)かる、手渡しで与えられる◆蒙(こうむ)る◆容認する; 付:◆手ずから授(さず)ける、直接手を取って与える、同「仅」◆渡し与える、渡して任せる、委(ゆだ)ねる◆[日]他のものに加える、また添える、また足す、同「附」
kk_受付係_うけつけがかり,受付係,うけつけがかり,受:◆他から渡されたものを掌(てのひら)に載(の)せる、また手に納(おさ)める◆授(さず)かる、手渡しで与えられる◆蒙(こうむ)る◆容認する; 付:◆手ずから授(さず)ける、直接手を取って与える、同「仅」◆渡し与える、渡して任せる、委(ゆだ)ねる◆[日]他のものに加える、また添える、また足す、同「附」; 係:◆切れている糸を(途切れているものを)繋(つな)ぐ、繋いで結び付ける、途切れないように継(つ)ぐ、同「系」◆関わる、関わりを持つ、繋がりを持つ、同「系」◆簡「系,N4,other,mixed+mixed+mixed~,A4_multi_on(on+on+on 65%),受:◆他から渡されたものを掌(てのひら)に載(の)せる、また手に納(おさ)める◆授(さず)かる、手渡しで与えられる◆蒙(こうむ)る◆容認する; 付:◆手ずから授(さず)ける、直接手を取って与える、同「仅」◆渡し与える、渡して任せる、委(ゆだ)ねる◆[日]他のものに加える、また添える、また足す、同「附」; 係:◆切れている糸を(途切れているものを)繋(つな)ぐ、繋いで結び付ける、途切れないように継(つ)ぐ、同「系」◆関わる、関わりを持つ、繋がりを持つ、同「系」◆簡「系
kk_受話器_じゅわき,受話器,じゅわき,受:◆他から渡されたものを掌(てのひら)に載(の)せる、また手に納(おさ)める◆授(さず)かる、手渡しで与えられる◆蒙(こうむ)る◆容認する; 話:◆言葉にして言う、言葉で告げる、語(かた)る、またその言葉、同「𦧵(舙)」◆語られた(語られている)こと、物語(ものがたり); 器:◆入れもの、(周りや底を囲って)中にものを入れるためのもの、「食器(ショッキ)」◆中に入る量、ものを受け入れることができる量、入れ物の大きさ、「器量(キリョウ),N4,on,on+on+on,A4_multi_on(on+on+on 65%) | B_verb_rad_言(kun 80%),受:◆他から渡されたものを掌(てのひら)に載(の)せる、また手に納(おさ)める◆授(さず)かる、手渡しで与えられる◆蒙(こうむ)る◆容認する; 話:◆言葉にして言う、言葉で告げる、語(かた)る、またその言葉、同「𦧵(舙)」◆語られた(語られている)こと、物語(ものがたり); 器:◆入れもの、(周りや底を囲って)中にものを入れるためのもの、「食器(ショッキ)」◆中に入る量、ものを受け入れることができる量、入れ物の大きさ、「器量(キリョウ)
kk_口に合う_くちにあう,口に合う,くちにあう,口:◆動物の食べたり声を発したりするための器官◆ものが出入りするために空(あ)けた(空いた)ところ、(口のように)全体の内の一部空いたところ◆言葉、言葉を発する、語; 合:◆人や物が集まって一緒になる、また一つになる◆幾つかのものを集め一緒にする、幾つかのものが集まり同じになる◆同じものを纏(まと)めた全体◆ぴったりと一致する、当,N4,mixed,on+kun~,IL1_okurigana(kun 96%) | A1_compound_oku(kun 90%) | A1_on_kun_mix(on+kun 65%),口:◆動物の食べたり声を発したりするための器官◆ものが出入りするために空(あ)けた(空いた)ところ、(口のように)全体の内の一部空いたところ◆言葉、言葉を発する、語; 合:◆人や物が集まって一緒になる、また一つになる◆幾つかのものを集め一緒にする、幾つかのものが集まり同じになる◆同じものを纏(まと)めた全体◆ぴったりと一致する、当
kk_口喧嘩_くちげんか,口喧嘩,くちげんか,口:◆動物の食べたり声を発したりするための器官◆ものが出入りするために空(あ)けた(空いた)ところ、(口のように)全体の内の一部空いたところ◆言葉、言葉を発する、語; 喧:◆大勢の人の声や多くの物の音が一度に耳に入ってくる、がやがやと騒々(ソウゾウ)しい、わいわいと煩(うるさ)い、同「吅」「諠」; 嘩:◆わいわいと話が聞き取れないほど喧(やかま)しい、がやがやと騒々(ソウゾウ)しい、同「譁」,N4,on,mixed+mixed+on~,A4_multi_on(on+on+on 65%),口:◆動物の食べたり声を発したりするための器官◆ものが出入りするために空(あ)けた(空いた)ところ、(口のように)全体の内の一部空いたところ◆言葉、言葉を発する、語; 喧:◆大勢の人の声や多くの物の音が一度に耳に入ってくる、がやがやと騒々(ソウゾウ)しい、わいわいと煩(うるさ)い、同「吅」「諠」; 嘩:◆わいわいと話が聞き取れないほど喧(やかま)しい、がやがやと騒々(ソウゾウ)しい、同「譁」
kk_叫ぶ_さけぶ,叫ぶ,さけぶ,叫:◆大声を張り上げる,N4,kun,kun,IL1_okurigana(kun 96%) | IL2_single_okuri(kun 96%),叫:◆大声を張り上げる
kk_召し上がる_めしあがる,召し上がる,めしあがる,召:◆声を掛けて呼び出す、また呼び寄せる、手を振って呼び寄せるのは「招」◆招(まね)く、自分の方に向かって引き寄せる◆[日]～なさる、「呼び寄せる」「食べる」「着る; 上:◆位置・場所・地位などが高い、高い方にある◆高い方に移る、昇る、登る◆順序・時間などが前、前の方にある◆前の方に移る◆等級・品質などが高い、優れている◆殿様、皇,N4,kun,kun+kun~,IL1_okurigana(kun 96%) | A1_compound_oku(kun 90%) | A1_on_kun_mix(on+kun 65%),召:◆声を掛けて呼び出す、また呼び寄せる、手を振って呼び寄せるのは「招」◆招(まね)く、自分の方に向かって引き寄せる◆[日]～なさる、「呼び寄せる」「食べる」「着る; 上:◆位置・場所・地位などが高い、高い方にある◆高い方に移る、昇る、登る◆順序・時間などが前、前の方にある◆前の方に移る◆等級・品質などが高い、優れている◆殿様、皇
kk_可哀相·可哀想_かわいそう,可哀相·可哀想,かわいそう,可:◆よい、よろしい、～してよい、同意の語◆認める、許す、許可の意を表す語◆～できる、可能性を示す語◆(当然)～すべきである、(必ず、きっと)～となるだろう◆～ばか; 哀:◆心を痛める、心が締め付けられる、悲しむ◆かわいそうに思う◆悲しみ悼(いた)む◆父母の喪(も); 相:◆(対象となるものを)よく見る◆互(たが)いに～(しあう)、「互相(ゴソウ、相互ソウゴ)」◆二つのものの間に起こること、また関係し合うこと、片方から他方へ働き掛,N4,other,mixed+mixed+mixed+mixed+mixed+mixed~,A4_multi_on(on+on+on+on+on+on 65%),可:◆よい、よろしい、～してよい、同意の語◆認める、許す、許可の意を表す語◆～できる、可能性を示す語◆(当然)～すべきである、(必ず、きっと)～となるだろう◆～ばか; 哀:◆心を痛める、心が締め付けられる、悲しむ◆かわいそうに思う◆悲しみ悼(いた)む◆父母の喪(も); 相:◆(対象となるものを)よく見る◆互(たが)いに～(しあう)、「互相(ゴソウ、相互ソウゴ)」◆二つのものの間に起こること、また関係し合うこと、片方から他方へ働き掛
kk_可成り_かなり,可成り,かなり,可:◆よい、よろしい、～してよい、同意の語◆認める、許す、許可の意を表す語◆～できる、可能性を示す語◆(当然)～すべきである、(必ず、きっと)～となるだろう◆～ばか; 成:◆為(な)す、形や状態などを変えようとする、また変わろうとする◆本来の形や状態になる、目的・目標を持って働き、当初の目的・目標に達する、出来上がる、仕上がる、「,N4,mixed,on+kun,IL1_okurigana(kun 96%) | A1_compound_oku(kun 90%) | A1_on_kun_mix(on+kun 65%),可:◆よい、よろしい、～してよい、同意の語◆認める、許す、許可の意を表す語◆～できる、可能性を示す語◆(当然)～すべきである、(必ず、きっと)～となるだろう◆～ばか; 成:◆為(な)す、形や状態などを変えようとする、また変わろうとする◆本来の形や状態になる、目的・目標を持って働き、当初の目的・目標に達する、出来上がる、仕上がる、「
kk_可笑しい_おかしい,可笑しい,おかしい,可:◆よい、よろしい、～してよい、同意の語◆認める、許す、許可の意を表す語◆～できる、可能性を示す語◆(当然)～すべきである、(必ず、きっと)～となるだろう◆～ばか; 笑:◆喜び顔を綻(ほころ)ばせる、顔を綻ばせ歯を見せる、同「𥬇」「㗛」「咲」◆面白(おもしろ)おかしい◆侮(あなど)って小さく口を開く、嘲笑う(あざわらう)◆花が咲,N4,other,mixed+mixed~,IL1_okurigana(kun 96%) | A1_compound_oku(kun 90%) | A1_on_kun_mix(on+kun 65%),可:◆よい、よろしい、～してよい、同意の語◆認める、許す、許可の意を表す語◆～できる、可能性を示す語◆(当然)～すべきである、(必ず、きっと)～となるだろう◆～ばか; 笑:◆喜び顔を綻(ほころ)ばせる、顔を綻ばせ歯を見せる、同「𥬇」「㗛」「咲」◆面白(おもしろ)おかしい◆侮(あなど)って小さく口を開く、嘲笑う(あざわらう)◆花が咲
kk_台風_たいふう,台風,たいふう,台:◆我(われ)、自分を指す語、同「吾」「余」「予」◆「三台星(サンタイセイ)、三台(サンタイ)」、紫微垣(シビエン、天の北極を中心とした区画で天帝が住むとされた、; 風:◆大気の流れや揺らぎ ◆(風に乗って)どこからともなく届いて来る話や様子◆(風のように自然に広まる)一般的な習慣や傾向◆譬える、似たもの◆かぜ、部首名,N4,on,on+on,,台:◆我(われ)、自分を指す語、同「吾」「余」「予」◆「三台星(サンタイセイ)、三台(サンタイ)」、紫微垣(シビエン、天の北極を中心とした区画で天帝が住むとされた、; 風:◆大気の流れや揺らぎ ◆(風に乗って)どこからともなく届いて来る話や様子◆(風のように自然に広まる)一般的な習慣や傾向◆譬える、似たもの◆かぜ、部首名
kk_叱る_しかる,叱る,しかる,叱:◆大声で言う、怒鳴(どな)る、「叱咤(シッタ)」「叱呵(シッカ)」、同「呵」「𠮟」◆「叱責(シッセキ)」、大声で為(な)すべきことを為すよう強く求める,N4,kun,kun,IL1_okurigana(kun 96%) | IL2_single_okuri(kun 96%),叱:◆大声で言う、怒鳴(どな)る、「叱咤(シッタ)」「叱呵(シッカ)」、同「呵」「𠮟」◆「叱責(シッセキ)」、大声で為(な)すべきことを為すよう強く求める
kk_吃驚_びっくり,吃驚,びっくり,吃:◆ども・る、言葉や声が閊(つか)える・同じ言葉を繰り返すなど、淀(よど)みなく話すことが難(むずか)しい◆食べる、飲む、吸う、物を口から体の中に入れる、同「喫」; 驚:◆(馬が)不意のことにぎょっとする、びっくりする、同簡「惊」,N4,other,mixed+mixed~,,吃:◆ども・る、言葉や声が閊(つか)える・同じ言葉を繰り返すなど、淀(よど)みなく話すことが難(むずか)しい◆食べる、飲む、吸う、物を口から体の中に入れる、同「喫」; 驚:◆(馬が)不意のことにぎょっとする、びっくりする、同簡「惊」
kk_合う_あう,合う,あう,合:◆人や物が集まって一緒になる、また一つになる◆幾つかのものを集め一緒にする、幾つかのものが集まり同じになる◆同じものを纏(まと)めた全体◆ぴったりと一致する、当,N4,kun,kun,IL1_okurigana(kun 96%) | IL2_single_okuri(kun 96%),合:◆人や物が集まって一緒になる、また一つになる◆幾つかのものを集め一緒にする、幾つかのものが集まり同じになる◆同じものを纏(まと)めた全体◆ぴったりと一致する、当
kk_合格_ごうかく,合格,ごうかく,合:◆人や物が集まって一緒になる、また一つになる◆幾つかのものを集め一緒にする、幾つかのものが集まり同じになる◆同じものを纏(まと)めた全体◆ぴったりと一致する、当; 格:◆長く伸びた木の枝、その枝が交差するさま◆四角い枠(わく)、四角く枠をはめる◆ものの外枠、規則や基準◆限界(外枠)まで至る、行き着く、窮(きわ)まる、同「𢓜」◆,N4,on,on+on,B_noun_rad_木(kun 93%),合:◆人や物が集まって一緒になる、また一つになる◆幾つかのものを集め一緒にする、幾つかのものが集まり同じになる◆同じものを纏(まと)めた全体◆ぴったりと一致する、当; 格:◆長く伸びた木の枝、その枝が交差するさま◆四角い枠(わく)、四角く枠をはめる◆ものの外枠、規則や基準◆限界(外枠)まで至る、行き着く、窮(きわ)まる、同「𢓜」◆
kk_同僚_どうりょう,同僚,どうりょう,同:◆一所(ひとところ)に人が集まる、一緒になる◆意見や行動などを共にする◆一様なさま、揃っているさま◆～と等しい、～と共に◆「胡同(コドウ)」、町中を縦横に走る道; 僚:◆朋(とも、共に働いたり学んだりしている人)、同じ職位や職務に就いている人、同窓の人、同「寮」,N4,on,on+on,,同:◆一所(ひとところ)に人が集まる、一緒になる◆意見や行動などを共にする◆一様なさま、揃っているさま◆～と等しい、～と共に◆「胡同(コドウ)」、町中を縦横に走る道; 僚:◆朋(とも、共に働いたり学んだりしている人)、同じ職位や職務に就いている人、同窓の人、同「寮」
kk_向かう_むかう,向かう,むかう,向:◆窓、北側に面した窓、同「郷」、「丿冂」は「宀」で「屋根のある建物」、「口」は「壁などに空いた窓」の意◆目的とするところを目指して行く、基点となるところから遠ざ,N4,kun,kun,IL1_okurigana(kun 96%) | IL2_single_okuri(kun 96%),向:◆窓、北側に面した窓、同「郷」、「丿冂」は「宀」で「屋根のある建物」、「口」は「壁などに空いた窓」の意◆目的とするところを目指して行く、基点となるところから遠ざ
kk_君_きみ,君,きみ,君:◆大きな領土を有し多くの人民を統治する人、天子◆国王から諸国の領有を認められた者、国を領有している者、国主(コクシュ)◆きみ、あなた(you)、人を尊(とうと),N4,kun,kun,IL2_single_default(kun 84%),君:◆大きな領土を有し多くの人民を統治する人、天子◆国王から諸国の領有を認められた者、国を領有している者、国主(コクシュ)◆きみ、あなた(you)、人を尊(とうと)
kk_周り_まわり,周り,まわり,周:◆囲いの境目、一回り、一回りする、一巡する◆隅々まで漏れなく行き渡る◆漏れがないさま、緻密な◆前11世紀頃から八百年以上続いた王朝、別名「西周」 ◆南北朝時代の,N4,kun,kun,IL1_okurigana(kun 96%) | IL2_single_okuri(kun 96%),周:◆囲いの境目、一回り、一回りする、一巡する◆隅々まで漏れなく行き渡る◆漏れがないさま、緻密な◆前11世紀頃から八百年以上続いた王朝、別名「西周」 ◆南北朝時代の
kk_味_あじ,味,あじ,味:◆舌で感じる、舌の感覚◆「五味(ゴミ)」、舌の感覚(味)を五つに大別したもの、酸(酸っぱい味)苦(苦い味)辛(辛い味)鹹(塩辛い味)甘(甘い味)、「【禮記注疏(,N4,kun,kun,IL2_single_default(kun 84%),味:◆舌で感じる、舌の感覚◆「五味(ゴミ)」、舌の感覚(味)を五つに大別したもの、酸(酸っぱい味)苦(苦い味)辛(辛い味)鹹(塩辛い味)甘(甘い味)、「【禮記注疏(
kk_味噌_みそ,味噌,みそ,味:◆舌で感じる、舌の感覚◆「五味(ゴミ)」、舌の感覚(味)を五つに大別したもの、酸(酸っぱい味)苦(苦い味)辛(辛い味)鹹(塩辛い味)甘(甘い味)、「【禮記注疏(; 噌:◆「噌吰(ソウコウ)」◇鐘(かね)の音◇大勢の大きく賑(にぎ)やかな声◆「泓噌(オウソウ)」、大きな声が辺りに広がるさま、「【康熙字典:丑集上:口部:噌】又慈陵,N4,on,mixed+on~,A3_short_compound(on+on 71%),味:◆舌で感じる、舌の感覚◆「五味(ゴミ)」、舌の感覚(味)を五つに大別したもの、酸(酸っぱい味)苦(苦い味)辛(辛い味)鹹(塩辛い味)甘(甘い味)、「【禮記注疏(; 噌:◆「噌吰(ソウコウ)」◇鐘(かね)の音◇大勢の大きく賑(にぎ)やかな声◆「泓噌(オウソウ)」、大きな声が辺りに広がるさま、「【康熙字典:丑集上:口部:噌】又慈陵
kk_命_いのち,命,いのち,命:◆天や神から差し遣(さしつ)わされるもの、また授(さず)かるもの、「生命(セイメイ)」「寿命(ジュミョウ)」「運命(ウンメイ)」◆身分・地位が高い人や敬うべき人,N4,kun,kun,IL2_single_default(kun 84%),命:◆天や神から差し遣(さしつ)わされるもの、また授(さず)かるもの、「生命(セイメイ)」「寿命(ジュミョウ)」「運命(ウンメイ)」◆身分・地位が高い人や敬うべき人
kk_和服_わふく,和服,わふく,和:◆大き過ぎず小さ過ぎない、硬過ぎず柔らか過ぎない、暑過ぎず寒過ぎない、釣り合いが取れてちょうどよいさま、程好(ほどよ)いさま、適度なさま◆気に掛ることも気に障る; 服:◆命令や指示に沿い合わせる、命令や指示に従う◆自分の考えにぴったりと収まる、納得する、納得して従う◆仕事や道具などが手に合う、馴染む、慣れる◆何時もと同じように,N4,on,on+on,A3_short_compound(on+on 71%),和:◆大き過ぎず小さ過ぎない、硬過ぎず柔らか過ぎない、暑過ぎず寒過ぎない、釣り合いが取れてちょうどよいさま、程好(ほどよ)いさま、適度なさま◆気に掛ることも気に障る; 服:◆命令や指示に沿い合わせる、命令や指示に従う◆自分の考えにぴったりと収まる、納得する、納得して従う◆仕事や道具などが手に合う、馴染む、慣れる◆何時もと同じように
kk_咳_せき,咳,せき,咳:◆生まれて三カ月ほどを過ぎて働きかけに反応し始める頃の幼子(おさなご)が笑うさま、同「孩」◆せき、しわぶき、咽喉(インコウ、のど)に息が詰まり吐き出してしまうこ,N4,kun,kun,IL2_single_default(kun 84%),咳:◆生まれて三カ月ほどを過ぎて働きかけに反応し始める頃の幼子(おさなご)が笑うさま、同「孩」◆せき、しわぶき、咽喉(インコウ、のど)に息が詰まり吐き出してしまうこ
kk_品物_しなもの,品物,しなもの,品:◆物(もの)、多くの物、様々な物◆もの(人や物)の本質・価値・程度を判断する◆ものの値打ち、また価値、また程度・等級; 物:◆(天地の間に存在する)人以外の形のあるもの、人は「者」、形のないものは「事」,N4,kun,kun+kun~,B_noun_rad_牛(kun 93%),品:◆物(もの)、多くの物、様々な物◆もの(人や物)の本質・価値・程度を判断する◆ものの値打ち、また価値、また程度・等級; 物:◆(天地の間に存在する)人以外の形のあるもの、人は「者」、形のないものは「事」
kk_唐辛子_とうがらし,唐辛子,とうがらし,唐:◆口を大きく開いて言う、大袈裟(おおげさ)に言う◆大きいだけで中身がないさま◆618年李淵(リエン、566年～635年、唐初代皇帝)が随(581年～618年)を; 辛:◆舌がひりひりと痛むような味、五味(甘・酸・鹹・苦・辛)の一つ◆涙が出るような(泣き出しそうな)痛み、突き刺されるような痛み◆かのと、十干(ジッカン、甲・乙・丙; 子:◆母親から産まれるもの、古くは男女を問わず「子」といったが、現代中国では男の子(息子)を指す◆新しく産まれる(生まれる)ものの元となるもの、植物の種や実、動物の,N4,other,mixed+mixed+mixed~,A4_multi_on(on+on+on 65%),唐:◆口を大きく開いて言う、大袈裟(おおげさ)に言う◆大きいだけで中身がないさま◆618年李淵(リエン、566年～635年、唐初代皇帝)が随(581年～618年)を; 辛:◆舌がひりひりと痛むような味、五味(甘・酸・鹹・苦・辛)の一つ◆涙が出るような(泣き出しそうな)痛み、突き刺されるような痛み◆かのと、十干(ジッカン、甲・乙・丙; 子:◆母親から産まれるもの、古くは男女を問わず「子」といったが、現代中国では男の子(息子)を指す◆新しく産まれる(生まれる)ものの元となるもの、植物の種や実、動物の
kk_喜び_よろこび,喜び,よろこび,喜:◆悦(よろこ)ぶ、嬉(うれ)しい、またそのような事柄◆楽しい、心が安らぐ、楽しむ◆めでたい、またそのような事柄,N4,kun,kun,IL1_okurigana(kun 96%) | IL2_single_okuri(kun 96%),喜:◆悦(よろこ)ぶ、嬉(うれ)しい、またそのような事柄◆楽しい、心が安らぐ、楽しむ◆めでたい、またそのような事柄
kk_喜ぶ_よろこぶ,喜ぶ,よろこぶ,喜:◆悦(よろこ)ぶ、嬉(うれ)しい、またそのような事柄◆楽しい、心が安らぐ、楽しむ◆めでたい、またそのような事柄,N4,kun,kun,IL1_okurigana(kun 96%) | IL2_single_okuri(kun 96%),喜:◆悦(よろこ)ぶ、嬉(うれ)しい、またそのような事柄◆楽しい、心が安らぐ、楽しむ◆めでたい、またそのような事柄
kk_喧嘩_けんか,喧嘩,けんか,喧:◆大勢の人の声や多くの物の音が一度に耳に入ってくる、がやがやと騒々(ソウゾウ)しい、わいわいと煩(うるさ)い、同「吅」「諠」; 嘩:◆わいわいと話が聞き取れないほど喧(やかま)しい、がやがやと騒々(ソウゾウ)しい、同「譁」,N4,on,on+on,A3_short_compound(on+on 71%),喧:◆大勢の人の声や多くの物の音が一度に耳に入ってくる、がやがやと騒々(ソウゾウ)しい、わいわいと煩(うるさ)い、同「吅」「諠」; 嘩:◆わいわいと話が聞き取れないほど喧(やかま)しい、がやがやと騒々(ソウゾウ)しい、同「譁」
kk_喫煙_きつえん,喫煙,きつえん,喫:◆食べる、飲む、吸う、物を口から体の中に入れる、同「吃」◆打撃や衝撃を食(く)らう、受ける; 煙:◆ものが燃える時に発生する気体や微粒子◆煤(すす)、煙の粒子が飛散せずに黒く溜(た)まったもの◆空中を大量の微粒子が浮遊することによって霞(かす)むさま、またぼ,N4,on,on+on,,喫:◆食べる、飲む、吸う、物を口から体の中に入れる、同「吃」◆打撃や衝撃を食(く)らう、受ける; 煙:◆ものが燃える時に発生する気体や微粒子◆煤(すす)、煙の粒子が飛散せずに黒く溜(た)まったもの◆空中を大量の微粒子が浮遊することによって霞(かす)むさま、またぼ
kk_嘘_うそ,嘘,うそ,嘘:◆「はぁ」「ふう」と弱く(ゆっくりと)息を吐き出す、勢いよく吹くのは「吹」◆「はぁ」「ふう」と溜息をつく◆「しーっ」という「静かに」「だめ」という制止の意味を表,N4,kun,kun,IL2_single_default(kun 84%),嘘:◆「はぁ」「ふう」と弱く(ゆっくりと)息を吐き出す、勢いよく吹くのは「吹」◆「はぁ」「ふう」と溜息をつく◆「しーっ」という「静かに」「だめ」という制止の意味を表
kk_噛む_かむ,噛む,かむ,噛:◆歯で咬(か)む、齧(かじ)る、同「齧」,N4,kun,kun,IL1_okurigana(kun 96%) | IL2_single_okuri(kun 96%),噛:◆歯で咬(か)む、齧(かじ)る、同「齧」
kk_四季_しき,四季,しき,四:◆数の名、四番目の数 ◆東西南北・前後左右など周りの全て; 季:◆三カ月、一年を四分した春夏秋冬のそれぞれの期間(四季)、その最後の月、最初は「孟」◆時・季節・年・時代や順序の末(すえ)、また末期◆兄弟の中の最年少者、年長か,N4,on,on+on,A3_short_compound(on+on 71%),四:◆数の名、四番目の数 ◆東西南北・前後左右など周りの全て; 季:◆三カ月、一年を四分した春夏秋冬のそれぞれの期間(四季)、その最後の月、最初は「孟」◆時・季節・年・時代や順序の末(すえ)、また末期◆兄弟の中の最年少者、年長か
kk_四角_しかく,四角,しかく,四:◆数の名、四番目の数 ◆東西南北・前後左右など周りの全て; 角:◆つの、動物などの頭部から突き出た骨質状また角質状のもの、またそのように先が尖ったもの、またそのように先が尖った状態◆(角を突き合わせて)力を競い合う◆すみ、か,N4,on,on+on,A3_short_compound(on+on 71%),四:◆数の名、四番目の数 ◆東西南北・前後左右など周りの全て; 角:◆つの、動物などの頭部から突き出た骨質状また角質状のもの、またそのように先が尖ったもの、またそのように先が尖った状態◆(角を突き合わせて)力を競い合う◆すみ、か
kk_四角い_しかくい,四角い,しかくい,四:◆数の名、四番目の数 ◆東西南北・前後左右など周りの全て; 角:◆つの、動物などの頭部から突き出た骨質状また角質状のもの、またそのように先が尖ったもの、またそのように先が尖った状態◆(角を突き合わせて)力を競い合う◆すみ、か,N4,on,on+on~,IL1_okurigana(kun 96%) | A1_compound_oku(kun 90%) | A1_on_kun_mix(on+kun 65%),四:◆数の名、四番目の数 ◆東西南北・前後左右など周りの全て; 角:◆つの、動物などの頭部から突き出た骨質状また角質状のもの、またそのように先が尖ったもの、またそのように先が尖った状態◆(角を突き合わせて)力を競い合う◆すみ、か
kk_回る_まわる,回る,まわる,回:◆円を描(えが)くように動く、一周して(一巡して)元に戻る、同「廻」「迴」、「回復(カイフク)」「回帰(カイキ)」◆元に戻す、元に返す、「回答(カイトウ)」◆(,N4,kun,kun,IL1_okurigana(kun 96%) | IL2_single_okuri(kun 96%),回:◆円を描(えが)くように動く、一周して(一巡して)元に戻る、同「廻」「迴」、「回復(カイフク)」「回帰(カイキ)」◆元に戻す、元に返す、「回答(カイトウ)」◆(
kk_固い_かたい,固い,かたい,固:◆(周りを囲まれていて)形・位置・状態が変わらない(変えない)、同じ形・位置・状態が枠内に収まっている(収める)、「固定(コテイ)」◆もと・より、元来(ガンライ,N4,kun,kun,IL1_okurigana(kun 96%) | IL2_single_okuri(kun 96%),固:◆(周りを囲まれていて)形・位置・状態が変わらない(変えない)、同じ形・位置・状態が枠内に収まっている(収める)、「固定(コテイ)」◆もと・より、元来(ガンライ
kk_国内_こくない,国内,こくない,国:◆主権者の支配が及ぶ範囲、土地や人や政治体制などを含む概念で古くは君主から与えられた領地、「王(権力者)の勢力が及ぶ範囲(囗)」の意; 内:◆外から中に入る、入れる◆限られた範囲・領域の中、区切りや境目の中、同「中」◆ある一定の範囲に含まれるもの、囲われたり覆われたりしていて外からは見えないもの、公,N4,on,on+on,,国:◆主権者の支配が及ぶ範囲、土地や人や政治体制などを含む概念で古くは君主から与えられた領地、「王(権力者)の勢力が及ぶ範囲(囗)」の意; 内:◆外から中に入る、入れる◆限られた範囲・領域の中、区切りや境目の中、同「中」◆ある一定の範囲に含まれるもの、囲われたり覆われたりしていて外からは見えないもの、公
kk_国土_こくど,国土,こくど,国:◆主権者の支配が及ぶ範囲、土地や人や政治体制などを含む概念で古くは君主から与えられた領地、「王(権力者)の勢力が及ぶ範囲(囗)」の意; 土:◆泥や細かい砂などから成るもの◆生(セイ)あるものを生み出すもの、「【說文解字:巻一三下:土部:土】地之吐生物者也二象地之下地之中物出形」◆地に根差したもの、そ,N4,on,on+on,A3_short_compound(on+on 71%),国:◆主権者の支配が及ぶ範囲、土地や人や政治体制などを含む概念で古くは君主から与えられた領地、「王(権力者)の勢力が及ぶ範囲(囗)」の意; 土:◆泥や細かい砂などから成るもの◆生(セイ)あるものを生み出すもの、「【說文解字:巻一三下:土部:土】地之吐生物者也二象地之下地之中物出形」◆地に根差したもの、そ
kk_国外_こくがい,国外,こくがい,国:◆主権者の支配が及ぶ範囲、土地や人や政治体制などを含む概念で古くは君主から与えられた領地、「王(権力者)の勢力が及ぶ範囲(囗)」の意; 外:◆そと、範囲・領域・組織や区切り・境界の内(内側、内部)から出たもの、表に出ている(表に面している)もの、見えるところにあるもの、またそのようなところ、逆は「内,N4,on,on+on,,国:◆主権者の支配が及ぶ範囲、土地や人や政治体制などを含む概念で古くは君主から与えられた領地、「王(権力者)の勢力が及ぶ範囲(囗)」の意; 外:◆そと、範囲・領域・組織や区切り・境界の内(内側、内部)から出たもの、表に出ている(表に面している)もの、見えるところにあるもの、またそのようなところ、逆は「内
kk_国語_こくご,国語,こくご,国:◆主権者の支配が及ぶ範囲、土地や人や政治体制などを含む概念で古くは君主から与えられた領地、「王(権力者)の勢力が及ぶ範囲(囗)」の意; 語:◆他に向かって述べる、また告げる、考えや思い・言い伝えなどを話す◆意味を持つ言葉、話(はなし),N4,on,on+on,A3_short_compound(on+on 71%) | B_verb_rad_言(kun 80%),国:◆主権者の支配が及ぶ範囲、土地や人や政治体制などを含む概念で古くは君主から与えられた領地、「王(権力者)の勢力が及ぶ範囲(囗)」の意; 語:◆他に向かって述べる、また告げる、考えや思い・言い伝えなどを話す◆意味を持つ言葉、話(はなし)
kk_国際_こくさい,国際,こくさい,国:◆主権者の支配が及ぶ範囲、土地や人や政治体制などを含む概念で古くは君主から与えられた領地、「王(権力者)の勢力が及ぶ範囲(囗)」の意; 際:◆他と触(ふ)れ合う、付き合う、「交際(コウサイ、交わり接すること、付き合うこと)」◆他と合(あ)わさるところ、接するところ、境目、「水際(スイサイ、みずぎわ),N4,on,on+on,,国:◆主権者の支配が及ぶ範囲、土地や人や政治体制などを含む概念で古くは君主から与えられた領地、「王(権力者)の勢力が及ぶ範囲(囗)」の意; 際:◆他と触(ふ)れ合う、付き合う、「交際(コウサイ、交わり接すること、付き合うこと)」◆他と合(あ)わさるところ、接するところ、境目、「水際(スイサイ、みずぎわ)
kk_土曜_どよう,土曜,どよう,土:◆泥や細かい砂などから成るもの◆生(セイ)あるものを生み出すもの、「【說文解字:巻一三下:土部:土】地之吐生物者也二象地之下地之中物出形」◆地に根差したもの、そ; 曜:◆陽の光が明るく輝(かがや)く、眩(まばゆ)く輝く◆太陽・月と水金火木土星の七つの明るく光る天体、総称して「七曜(シチヨウ)」といい、これを一週間の各日に当てた,N4,on,on+on,A3_short_compound(on+on 71%),土:◆泥や細かい砂などから成るもの◆生(セイ)あるものを生み出すもの、「【說文解字:巻一三下:土部:土】地之吐生物者也二象地之下地之中物出形」◆地に根差したもの、そ; 曜:◆陽の光が明るく輝(かがや)く、眩(まばゆ)く輝く◆太陽・月と水金火木土星の七つの明るく光る天体、総称して「七曜(シチヨウ)」といい、これを一週間の各日に当てた
kk_土産_みやげ,土産,みやげ,土:◆泥や細かい砂などから成るもの◆生(セイ)あるものを生み出すもの、「【說文解字:巻一三下:土部:土】地之吐生物者也二象地之下地之中物出形」◆地に根差したもの、そ; 産:◆子を生む◆生まれ◆新たに(新たなものを)生み出す、作り出す、また生み出されたもの、「生産(セイサン)」◆土地や財物◆音孔が三つの籥(ヤク、縦笛)、籥よりも太く,N4,other,mixed+mixed~,A3_short_compound(on+on 71%),土:◆泥や細かい砂などから成るもの◆生(セイ)あるものを生み出すもの、「【說文解字:巻一三下:土部:土】地之吐生物者也二象地之下地之中物出形」◆地に根差したもの、そ; 産:◆子を生む◆生まれ◆新たに(新たなものを)生み出す、作り出す、また生み出されたもの、「生産(セイサン)」◆土地や財物◆音孔が三つの籥(ヤク、縦笛)、籥よりも太く
kk_在庫_ざいこ,在庫,ざいこ,在:◆そこに居(い)る、同じ状態で一定のところに留(とど)まっている、またその場所◆～に於(お)いて、～(場所)で(at); 庫:◆兵車(ヘイシャ、軍事用の車両)を保管する建物、「兵庫(ヘイコ)」◆物を貯蔵・保管する建物または部屋、「府庫(フコ)」「倉庫(ソウコ)」,N4,on,on+on,A3_short_compound(on+on 71%) | B_noun_rad_广(kun 93%),在:◆そこに居(い)る、同じ状態で一定のところに留(とど)まっている、またその場所◆～に於(お)いて、～(場所)で(at); 庫:◆兵車(ヘイシャ、軍事用の車両)を保管する建物、「兵庫(ヘイコ)」◆物を貯蔵・保管する建物または部屋、「府庫(フコ)」「倉庫(ソウコ)」
kk_地球_ちきゅう,地球,ちきゅう,地:◆重い陰気が(下に沈み)集まるところ、万物が居並ぶ(存在する)ところ、軽い陽気が(上に浮き)集まるところを「天(テン)」、「【說文解字注:土部:地】元气初分輕清; 球:◆丸いもの、毬(まり)状のもの、ボールball状のもの、同「毬」◆美しい玉(ギョク、宝石)◆玉(ギョク、大変美しい石)製の磬(ケイ、打楽器)、同「璆」,N4,on,on+on,A3_short_compound(on+on 71%),地:◆重い陰気が(下に沈み)集まるところ、万物が居並ぶ(存在する)ところ、軽い陽気が(上に浮き)集まるところを「天(テン)」、「【說文解字注:土部:地】元气初分輕清; 球:◆丸いもの、毬(まり)状のもの、ボールball状のもの、同「毬」◆美しい玉(ギョク、宝石)◆玉(ギョク、大変美しい石)製の磬(ケイ、打楽器)、同「璆」
kk_地理_ちり,地理,ちり,地:◆重い陰気が(下に沈み)集まるところ、万物が居並ぶ(存在する)ところ、軽い陽気が(上に浮き)集まるところを「天(テン)」、「【說文解字注:土部:地】元气初分輕清; 理:◆玉(ギョク、大変美しい石)の筋目(すじめ)、規則正しく並んだ筋目◆物事の正しい筋道◆筋道を立てる、また立っている、筋を通す、また通っている◆筋道に沿って判断す,N4,on,on+on,A3_short_compound(on+on 71%),地:◆重い陰気が(下に沈み)集まるところ、万物が居並ぶ(存在する)ところ、軽い陽気が(上に浮き)集まるところを「天(テン)」、「【說文解字注:土部:地】元气初分輕清; 理:◆玉(ギョク、大変美しい石)の筋目(すじめ)、規則正しく並んだ筋目◆物事の正しい筋道◆筋道を立てる、また立っている、筋を通す、また通っている◆筋道に沿って判断す
kk_坂_さか,坂,さか,坂:◆傾斜した地形、傾斜した道、同「岅」「坡」「陂」「岥」◆土手、堤(つつみ)、同「坡」「陂」、「【說文解字:𨸏部:阪】坡者曰阪一曰澤障一曰山脅也」,N4,kun,kun,IL2_single_default(kun 84%),坂:◆傾斜した地形、傾斜した道、同「岅」「坡」「陂」「岥」◆土手、堤(つつみ)、同「坡」「陂」、「【說文解字:𨸏部:阪】坡者曰阪一曰澤障一曰山脅也」
kk_堅い_かたい,堅い,かたい,堅:◆しっかりしている、しっかりしていて揺(ゆ)るがない、また緩(ゆる)まない¶「固」「硬」,N4,kun,kun,IL1_okurigana(kun 96%) | IL2_single_okuri(kun 96%),堅:◆しっかりしている、しっかりしていて揺(ゆ)るがない、また緩(ゆる)まない¶「固」「硬」
kk_報告_ほうこく,報告,ほうこく,報:◆相手から受けた物事に対して相応(ソウオウ)の物事で返す、相手に与えた物事に対して相応の物事が返ってくる、罪科の程度に相応する罰を与える(「罪を犯せば相応の罰が; 告:◆(下位者が上位者に、また人に)～であると(～であることを)知らせる、伝える、「報告(ホウコク)」、上位者が下位者に対して告げるのは「誥」◆上位者が下位者に知ら,N4,on,on+on,,報:◆相手から受けた物事に対して相応(ソウオウ)の物事で返す、相手に与えた物事に対して相応の物事が返ってくる、罪科の程度に相応する罰を与える(「罪を犯せば相応の罰が; 告:◆(下位者が上位者に、また人に)～であると(～であることを)知らせる、伝える、「報告(ホウコク)」、上位者が下位者に対して告げるのは「誥」◆上位者が下位者に知ら
kk_場合_ばあい,場合,ばあい,場:◆(日当たりのよい、収穫した穀物の乾燥・脱穀などをする、また多くの人やものが集まる)広く平らなところ、「広場」、同「塲」◆一段と高くし上を平らに作ったところ、台; 合:◆人や物が集まって一緒になる、また一つになる◆幾つかのものを集め一緒にする、幾つかのものが集まり同じになる◆同じものを纏(まと)めた全体◆ぴったりと一致する、当,N4,kun,kun+kun~,A3_short_compound(on+on 71%),場:◆(日当たりのよい、収穫した穀物の乾燥・脱穀などをする、また多くの人やものが集まる)広く平らなところ、「広場」、同「塲」◆一段と高くし上を平らに作ったところ、台; 合:◆人や物が集まって一緒になる、また一つになる◆幾つかのものを集め一緒にする、幾つかのものが集まり同じになる◆同じものを纏(まと)めた全体◆ぴったりと一致する、当
kk_場所_ばしょ,場所,ばしょ,場:◆(日当たりのよい、収穫した穀物の乾燥・脱穀などをする、また多くの人やものが集まる)広く平らなところ、「広場」、同「塲」◆一段と高くし上を平らに作ったところ、台; 所:◆処(ところ)、ものがある場また位置(要所・箇所など)、ことをする場また位置(住所・裁判所など)◆～のこと、「所感(感じること)」「所存(考え思っていること)◆,N4,mixed,kun+on~,A3_short_compound(on+on 71%),場:◆(日当たりのよい、収穫した穀物の乾燥・脱穀などをする、また多くの人やものが集まる)広く平らなところ、「広場」、同「塲」◆一段と高くし上を平らに作ったところ、台; 所:◆処(ところ)、ものがある場また位置(要所・箇所など)、ことをする場また位置(住所・裁判所など)◆～のこと、「所感(感じること)」「所存(考え思っていること)◆
kk_塗る_ぬる,塗る,ぬる,塗:◆泥(どろ)◆ものの表面に泥や絵具などの粘土状のものを平らに延ばすようにして付着させる、また付着させて平らにする、また付着させて表面を覆う、同簡「涂」◆泥で汚(,N4,kun,kun,IL1_okurigana(kun 96%) | IL2_single_okuri(kun 96%),塗:◆泥(どろ)◆ものの表面に泥や絵具などの粘土状のものを平らに延ばすようにして付着させる、また付着させて平らにする、また付着させて表面を覆う、同簡「涂」◆泥で汚(
kk_塵/芥_ごみ,塵/芥,ごみ,塵:◆ちり、風などによって宙に舞い上がる細かい土や砂など、「塵埃(ジンアイ)」、同「埃」「𪋻」「𡒲」「𦧄」「𡐪」◆ものに纏わり付く穢(けが)れ、汚(よご)れ、穢れた; 芥:◆カラシナ(芥子菜)、アブラナ科アブラナ属の草、「芥菜(カイサイ)」、「芥子(カイシ、カラシナの実)」、「芥末(カイマツ、カラシナの実を粉末にしたもの、マスター,N4,kun,kun+kun~,A3_short_compound(on+on 71%),塵:◆ちり、風などによって宙に舞い上がる細かい土や砂など、「塵埃(ジンアイ)」、同「埃」「𪋻」「𡒲」「𦧄」「𡐪」◆ものに纏わり付く穢(けが)れ、汚(よご)れ、穢れた; 芥:◆カラシナ(芥子菜)、アブラナ科アブラナ属の草、「芥菜(カイサイ)」、「芥子(カイシ、カラシナの実)」、「芥末(カイマツ、カラシナの実を粉末にしたもの、マスター
kk_増える_ふえる,増える,ふえる,増:◆同質のものが積み重(かさ)なる、また繰り返される、同「曾」「層」◆付け加わる、大きくなる、多くなる,N4,kun,kun,IL1_okurigana(kun 96%) | IL2_single_okuri(kun 96%),増:◆同質のものが積み重(かさ)なる、また繰り返される、同「曾」「層」◆付け加わる、大きくなる、多くなる
kk_壁_かべ,壁,かべ,壁:◆敷地と外部・部屋と部屋などを仕切るための直立した平板状の固定式の遮蔽物(シャヘツブツ)◆敵や風などを遮(さえぎ)る構築物◆内(手前、こちら)と外(向こう、あち,N4,kun,kun,IL2_single_default(kun 84%),壁:◆敷地と外部・部屋と部屋などを仕切るための直立した平板状の固定式の遮蔽物(シャヘツブツ)◆敵や風などを遮(さえぎ)る構築物◆内(手前、こちら)と外(向こう、あち
kk_壊す_こわす,壊す,こわす,壊:◆毀(こぼ)れる、崩れる、損(そこ)なう、破れる、欠ける、潰(つぶ)れる、元来(ガンライ)の或いは本来の形や状態でなくなる,N4,kun,kun,IL1_okurigana(kun 96%) | IL2_single_okuri(kun 96%),壊:◆毀(こぼ)れる、崩れる、損(そこ)なう、破れる、欠ける、潰(つぶ)れる、元来(ガンライ)の或いは本来の形や状態でなくなる
kk_壊れる_こわれる,壊れる,こわれる,壊:◆毀(こぼ)れる、崩れる、損(そこ)なう、破れる、欠ける、潰(つぶ)れる、元来(ガンライ)の或いは本来の形や状態でなくなる,N4,kun,kun,IL1_okurigana(kun 96%) | IL2_single_okuri(kun 96%),壊:◆毀(こぼ)れる、崩れる、損(そこ)なう、破れる、欠ける、潰(つぶ)れる、元来(ガンライ)の或いは本来の形や状態でなくなる
kk_売れる_うれる,売れる,うれる,売:◆相手が欲しいと思っているものを渡して金銭(対価)を得る、金銭(対価)を渡して欲しいものを得るのは「買」,N4,kun,kun,IL1_okurigana(kun 96%) | IL2_single_okuri(kun 96%),売:◆相手が欲しいと思っているものを渡して金銭(対価)を得る、金銭(対価)を渡して欲しいものを得るのは「買」
kk_変_へん,変,へん,変:◆これまでとは違ったものになる、また改まる、これまでとは違ったものにする、また改める、まだ元の様子が分かる程度の変化・全体の中の一部だけの変化を指し、全く別のも,N4,on,on,IL2_single_default(kun 84%),変:◆これまでとは違ったものになる、また改まる、これまでとは違ったものにする、また改める、まだ元の様子が分かる程度の変化・全体の中の一部だけの変化を指し、全く別のも
kk_変える_かえる,変える,かえる,変:◆これまでとは違ったものになる、また改まる、これまでとは違ったものにする、また改める、まだ元の様子が分かる程度の変化・全体の中の一部だけの変化を指し、全く別のも,N4,kun,kun,IL1_okurigana(kun 96%) | IL2_single_okuri(kun 96%),変:◆これまでとは違ったものになる、また改まる、これまでとは違ったものにする、また改める、まだ元の様子が分かる程度の変化・全体の中の一部だけの変化を指し、全く別のも
kk_変わり_かわり,変わり,かわり,変:◆これまでとは違ったものになる、また改まる、これまでとは違ったものにする、また改める、まだ元の様子が分かる程度の変化・全体の中の一部だけの変化を指し、全く別のも,N4,kun,kun,IL1_okurigana(kun 96%) | IL2_single_okuri(kun 96%),変:◆これまでとは違ったものになる、また改まる、これまでとは違ったものにする、また改める、まだ元の様子が分かる程度の変化・全体の中の一部だけの変化を指し、全く別のも
kk_変わる_かわる,変わる,かわる,変:◆これまでとは違ったものになる、また改まる、これまでとは違ったものにする、また改める、まだ元の様子が分かる程度の変化・全体の中の一部だけの変化を指し、全く別のも,N4,kun,kun,IL1_okurigana(kun 96%) | IL2_single_okuri(kun 96%),変:◆これまでとは違ったものになる、また改まる、これまでとは違ったものにする、また改める、まだ元の様子が分かる程度の変化・全体の中の一部だけの変化を指し、全く別のも
kk_変化_へんか,変化,へんか,変:◆これまでとは違ったものになる、また改まる、これまでとは違ったものにする、また改める、まだ元の様子が分かる程度の変化・全体の中の一部だけの変化を指し、全く別のも; 化:◆性質・形状・状態などが元とは全く違ったものに変わる、まだ元の様子が分かる程度の変化は「変」◆他の影響を受けて、また時間を経ることによって考えや態度などが変わる,N4,on,on+on,A3_short_compound(on+on 71%),変:◆これまでとは違ったものになる、また改まる、これまでとは違ったものにする、また改める、まだ元の様子が分かる程度の変化・全体の中の一部だけの変化を指し、全く別のも; 化:◆性質・形状・状態などが元とは全く違ったものに変わる、まだ元の様子が分かる程度の変化は「変」◆他の影響を受けて、また時間を経ることによって考えや態度などが変わる
kk_外来語_がいらいご,外来語,がいらいご,外:◆そと、範囲・領域・組織や区切り・境界の内(内側、内部)から出たもの、表に出ている(表に面している)もの、見えるところにあるもの、またそのようなところ、逆は「内; 来:◆(人や時間や物事が)向こうからこちらに近づく、「到来(トウライ)」、同「倈」「徠」「逨」「𧼛」◆招き寄せる、「こちらに来させる」の意◆ある時点から今まで、今に; 語:◆他に向かって述べる、また告げる、考えや思い・言い伝えなどを話す◆意味を持つ言葉、話(はなし),N4,on,on+on+on,A4_multi_on(on+on+on 65%) | B_noun_rad_木(kun 93%) | B_verb_rad_言(kun 80%),外:◆そと、範囲・領域・組織や区切り・境界の内(内側、内部)から出たもの、表に出ている(表に面している)もの、見えるところにあるもの、またそのようなところ、逆は「内; 来:◆(人や時間や物事が)向こうからこちらに近づく、「到来(トウライ)」、同「倈」「徠」「逨」「𧼛」◆招き寄せる、「こちらに来させる」の意◆ある時点から今まで、今に; 語:◆他に向かって述べる、また告げる、考えや思い・言い伝えなどを話す◆意味を持つ言葉、話(はなし)
kk_夜中_よなか,夜中,よなか,夜:◆日没から日の出までの間、陽が沈んで暗い時間帯、日中は「昼」; 中:◆ものとものの間にあってどちらにも偏(かたよ)らない位置◆上下・高低・大小などの間(あいだ)に位置する人や物や場所、同「仲」◆始点(出発地)から終点(目的地)ま,N4,kun,kun+kun~,A3_short_compound(on+on 71%),夜:◆日没から日の出までの間、陽が沈んで暗い時間帯、日中は「昼」; 中:◆ものとものの間にあってどちらにも偏(かたよ)らない位置◆上下・高低・大小などの間(あいだ)に位置する人や物や場所、同「仲」◆始点(出発地)から終点(目的地)ま
kk_夢_ゆめ,夢,ゆめ,夢:◆睡眠中に見る幻覚・幻像、またそれを見る、同「㝱」、「【周禮:卷第五:春官宗伯:占夢】以日月星辰占六夢之吉凶(…)一曰正夢(無所感動平安自夢)二曰噩夢(杜子春云,N4,kun,kun,IL2_single_default(kun 84%),夢:◆睡眠中に見る幻覚・幻像、またそれを見る、同「㝱」、「【周禮:卷第五:春官宗伯:占夢】以日月星辰占六夢之吉凶(…)一曰正夢(無所感動平安自夢)二曰噩夢(杜子春云
kk_大事_だいじ,大事,だいじ,大:◆形・数・量・力・程度などが比較しようとしているもの以上である、求められる(必要とされる、必要な)形・数・量・力・程度などを超(こ)えている、優(すぐ)れる、長; 事:◆こと、動作・現象・状態など形のないものを指す語、形のあるものは「物」、「事情(ジジョウ、ことの様子)」「無事(ブジ、何事もないさま)」◆職(ショク)、仕事や役,N4,on,on+on,A3_short_compound(on+on 71%),大:◆形・数・量・力・程度などが比較しようとしているもの以上である、求められる(必要とされる、必要な)形・数・量・力・程度などを超(こ)えている、優(すぐ)れる、長; 事:◆こと、動作・現象・状態など形のないものを指す語、形のあるものは「物」、「事情(ジジョウ、ことの様子)」「無事(ブジ、何事もないさま)」◆職(ショク)、仕事や役
kk_大人しい_おとなしい,大人しい,おとなしい,大:◆形・数・量・力・程度などが比較しようとしているもの以上である、求められる(必要とされる、必要な)形・数・量・力・程度などを超(こ)えている、優(すぐ)れる、長; 人:◆霊長目ヒト科ヒト属の生物、ホモ・サピエンスHomo sapiens(「知恵の人」の意)、同「儿」◆自分以外の者、「人我(ジンガ、他人と自分)」◆人の数(かず),N4,other,mixed+mixed~,IL1_okurigana(kun 96%) | A1_compound_oku(kun 90%) | A1_on_kun_mix(on+kun 65%),大:◆形・数・量・力・程度などが比較しようとしているもの以上である、求められる(必要とされる、必要な)形・数・量・力・程度などを超(こ)えている、優(すぐ)れる、長; 人:◆霊長目ヒト科ヒト属の生物、ホモ・サピエンスHomo sapiens(「知恵の人」の意)、同「儿」◆自分以外の者、「人我(ジンガ、他人と自分)」◆人の数(かず)
kk_大体_だいたい,大体,だいたい,大:◆形・数・量・力・程度などが比較しようとしているもの以上である、求められる(必要とされる、必要な)形・数・量・力・程度などを超(こ)えている、優(すぐ)れる、長; 体:◆頭から足の先までの全身、ものの全部、ものの主要な部分、またその姿形や様子、「身体(シンタイ、体、肉体)」「本体(ホンタイ、ものの本当の姿、ものの中心的部分)」,N4,on,on+on,,大:◆形・数・量・力・程度などが比較しようとしているもの以上である、求められる(必要とされる、必要な)形・数・量・力・程度などを超(こ)えている、優(すぐ)れる、長; 体:◆頭から足の先までの全身、ものの全部、ものの主要な部分、またその姿形や様子、「身体(シンタイ、体、肉体)」「本体(ホンタイ、ものの本当の姿、ものの中心的部分)」
kk_大型_おおがた,大型,おおがた,大:◆形・数・量・力・程度などが比較しようとしているもの以上である、求められる(必要とされる、必要な)形・数・量・力・程度などを超(こ)えている、優(すぐ)れる、長; 型:◆これから作ろうとする物の形に作ったもの、溶かした金属を流し入れて目的の形に造るためのもの、「鋳型(いがた)」、木製は「模」、竹製は「範」◆模範(モハン)、手本,N4,other,mixed+mixed~,,大:◆形・数・量・力・程度などが比較しようとしているもの以上である、求められる(必要とされる、必要な)形・数・量・力・程度などを超(こ)えている、優(すぐ)れる、長; 型:◆これから作ろうとする物の形に作ったもの、溶かした金属を流し入れて目的の形に造るためのもの、「鋳型(いがた)」、木製は「模」、竹製は「範」◆模範(モハン)、手本
kk_大声_おおごえ,大声,おおごえ,大:◆形・数・量・力・程度などが比較しようとしているもの以上である、求められる(必要とされる、必要な)形・数・量・力・程度などを超(こ)えている、優(すぐ)れる、長; 声:◆磬(ケイ、石また玉製の打楽器)、またその音◆人や動物が口から発する音、一般には高低強弱などの抑揚がある音が連続し全体として意味を持つものを指す、意味をなさない,N4,other,mixed+mixed~,,大:◆形・数・量・力・程度などが比較しようとしているもの以上である、求められる(必要とされる、必要な)形・数・量・力・程度などを超(こ)えている、優(すぐ)れる、長; 声:◆磬(ケイ、石また玉製の打楽器)、またその音◆人や動物が口から発する音、一般には高低強弱などの抑揚がある音が連続し全体として意味を持つものを指す、意味をなさない
kk_大幅_おおはば,大幅,おおはば,大:◆形・数・量・力・程度などが比較しようとしているもの以上である、求められる(必要とされる、必要な)形・数・量・力・程度などを超(こ)えている、優(すぐ)れる、長; 幅:◆布の横方向の長さ、同「䋹」「畐」、古代中国では1幅=2尺2寸(時代や国によって異なるが、秦代・漢代で1尺=23.1cm、日本でも時代によって異なるが、計量法施,N4,kun,kun+kun~,B_noun_rad_巾(kun 93%),大:◆形・数・量・力・程度などが比較しようとしているもの以上である、求められる(必要とされる、必要な)形・数・量・力・程度などを超(こ)えている、優(すぐ)れる、長; 幅:◆布の横方向の長さ、同「䋹」「畐」、古代中国では1幅=2尺2寸(時代や国によって異なるが、秦代・漢代で1尺=23.1cm、日本でも時代によって異なるが、計量法施
kk_大抵_たいてい,大抵,たいてい,大:◆形・数・量・力・程度などが比較しようとしているもの以上である、求められる(必要とされる、必要な)形・数・量・力・程度などを超(こ)えている、優(すぐ)れる、長; 抵:◆至る、届く、着く◆突き当たる、当たる、触れる、「抵触(テイショク)」、同「牴」「觝」◆当たる、相当する◆「抵挡(テイトウ)」、食(く)い止める、押し止(とど),N4,on,on+on,B_verb_rad_手(kun 80%),大:◆形・数・量・力・程度などが比較しようとしているもの以上である、求められる(必要とされる、必要な)形・数・量・力・程度などを超(こ)えている、優(すぐ)れる、長; 抵:◆至る、届く、着く◆突き当たる、当たる、触れる、「抵触(テイショク)」、同「牴」「觝」◆当たる、相当する◆「抵挡(テイトウ)」、食(く)い止める、押し止(とど)
kk_大通り_おおどおり,大通り,おおどおり,大:◆形・数・量・力・程度などが比較しようとしているもの以上である、求められる(必要とされる、必要な)形・数・量・力・程度などを超(こ)えている、優(すぐ)れる、長; 通:◆途中に障害となるようなものがなく反対側・向こう側・相手方・目的地まで達する、また達している◆支障なく行き来ができる、また行き来する、また行き来ができるようにす,N4,other,mixed+mixed~,IL1_okurigana(kun 96%) | A1_compound_oku(kun 90%) | A1_on_kun_mix(on+kun 65%),大:◆形・数・量・力・程度などが比較しようとしているもの以上である、求められる(必要とされる、必要な)形・数・量・力・程度などを超(こ)えている、優(すぐ)れる、長; 通:◆途中に障害となるようなものがなく反対側・向こう側・相手方・目的地まで達する、また達している◆支障なく行き来ができる、また行き来する、また行き来ができるようにす
kk_大部分_だいぶぶん,大部分,だいぶぶん,大:◆形・数・量・力・程度などが比較しようとしているもの以上である、求められる(必要とされる、必要な)形・数・量・力・程度などを超(こ)えている、優(すぐ)れる、長; 部:◆区分けしたものの一つ、「部分」「内部」◆集団を分類し同じものを一纏(ひとまと)めにしたもの、全体を構成する小さな集合体や組織、「部署」「部隊」◆書物を数える単; 分:◆一つに纏(まと)まっているものを幾つかに切り離す、また幾つかに仕切る(区切る)、「分割(ブンカツ)」、切り離したものを仕分けることを「別」◆一つの纏まりから一,N4,on,on+on+on,A4_multi_on(on+on+on 65%) | B_verb_rad_刀(kun 80%),大:◆形・数・量・力・程度などが比較しようとしているもの以上である、求められる(必要とされる、必要な)形・数・量・力・程度などを超(こ)えている、優(すぐ)れる、長; 部:◆区分けしたものの一つ、「部分」「内部」◆集団を分類し同じものを一纏(ひとまと)めにしたもの、全体を構成する小さな集合体や組織、「部署」「部隊」◆書物を数える単; 分:◆一つに纏(まと)まっているものを幾つかに切り離す、また幾つかに仕切る(区切る)、「分割(ブンカツ)」、切り離したものを仕分けることを「別」◆一つの纏まりから一
kk_大都会_だいとかい,大都会,だいとかい,大:◆形・数・量・力・程度などが比較しようとしているもの以上である、求められる(必要とされる、必要な)形・数・量・力・程度などを超(こ)えている、優(すぐ)れる、長; 都:◆天子や天皇が主として住むところ、先君を祭る宗廟を置くところ◆国の中心的な町、人が多く集まる大きな町◆多くのものが集まる、多くのものが集まるところ◆盛んなさま、; 会:◆人が集まる、同じ時間や場所に(同じ目的で)集まる、「会合(カイゴウ)」◆多くの人が(出向いて)集まる、また集まったところ、「集会(シュウカイ)」「都会(トカイ,N4,on,on+on+on,A4_multi_on(on+on+on 65%),大:◆形・数・量・力・程度などが比較しようとしているもの以上である、求められる(必要とされる、必要な)形・数・量・力・程度などを超(こ)えている、優(すぐ)れる、長; 都:◆天子や天皇が主として住むところ、先君を祭る宗廟を置くところ◆国の中心的な町、人が多く集まる大きな町◆多くのものが集まる、多くのものが集まるところ◆盛んなさま、; 会:◆人が集まる、同じ時間や場所に(同じ目的で)集まる、「会合(カイゴウ)」◆多くの人が(出向いて)集まる、また集まったところ、「集会(シュウカイ)」「都会(トカイ
kk_大雨_おおあめ,大雨,おおあめ,大:◆形・数・量・力・程度などが比較しようとしているもの以上である、求められる(必要とされる、必要な)形・数・量・力・程度などを超(こ)えている、優(すぐ)れる、長; 雨:◆大気中の水蒸気が集まって水滴となり、浮かんでいることができずに落下するもの ◆(雨や雪が、小さなものが無数に)降る、上から下に落ちて来る◆あめ、あめかんむり、,N4,kun,kun+kun~,B_noun_rad_雨(kun 93%),大:◆形・数・量・力・程度などが比較しようとしているもの以上である、求められる(必要とされる、必要な)形・数・量・力・程度などを超(こ)えている、優(すぐ)れる、長; 雨:◆大気中の水蒸気が集まって水滴となり、浮かんでいることができずに落下するもの ◆(雨や雪が、小さなものが無数に)降る、上から下に落ちて来る◆あめ、あめかんむり、
kk_天気予報_てんきよほう,天気予報,てんきよほう,天:◆軽い陽気が(上に浮き)集まるところ、重い陰気が(下に沈み)集まるところを「地(チ)」、「【說文解字注:土部:地】元气初分輕清陽爲天重濁侌爲地萬物所陳𠛱也…」◆; 気:◆中国古来の考えで、天地全ての事物の基本要素、目に見えず形状は一定しない、あらゆる事物の生死・盛衰などの変化・変動はこの「気」の移動・集散によるものと考えられた; 予:◆我(われ)、自分を指す語、同「余」「吾」「我」◆与える、授ける、「賜予(シヨ)」◆前もって、同「豫」「預」◆余裕があるさま、ゆとりがあるさま、「猶予(ユウヨ),N4,on,on+on+on+on,A4_multi_on(on+on+on+on 65%),天:◆軽い陽気が(上に浮き)集まるところ、重い陰気が(下に沈み)集まるところを「地(チ)」、「【說文解字注:土部:地】元气初分輕清陽爲天重濁侌爲地萬物所陳𠛱也…」◆; 気:◆中国古来の考えで、天地全ての事物の基本要素、目に見えず形状は一定しない、あらゆる事物の生死・盛衰などの変化・変動はこの「気」の移動・集散によるものと考えられた; 予:◆我(われ)、自分を指す語、同「余」「吾」「我」◆与える、授ける、「賜予(シヨ)」◆前もって、同「豫」「預」◆余裕があるさま、ゆとりがあるさま、「猶予(ユウヨ)
kk_太る_ふとる,太る,ふとる,太:◆大きい、同「大」◆甚(はなは)だしい、非常に、極めて、あまりにも～過ぎる、同「泰」、「太」は「泰」の略字◆[日]ふと・い、ふと・る、肥えている、ふっくらとして,N4,kun,kun,IL1_okurigana(kun 96%) | IL2_single_okuri(kun 96%),太:◆大きい、同「大」◆甚(はなは)だしい、非常に、極めて、あまりにも～過ぎる、同「泰」、「太」は「泰」の略字◆[日]ふと・い、ふと・る、肥えている、ふっくらとして
kk_夫_おっと,夫,おっと,夫:◆成年の男子◆おっと、妻の配偶者、妻が配偶者を呼ぶ語◆それ、言い出しの言葉,N4,other,unknown,IL2_single_default(kun 84%),夫:◆成年の男子◆おっと、妻の配偶者、妻が配偶者を呼ぶ語◆それ、言い出しの言葉
kk_失敗_しっぱい,失敗,しっぱい,失:◆指の間から(隙間から)するりと抜け出る、手にしていたもの(それまであったもの)をなくす◆逸(イッ)する、なくす、なくなる◆すべきことや選ぶべき道・時などを見逃; 敗:◆(争いなどに)破れる、負ける◆うまくいかない、駄目になる◆損なわれる、壊れる、萎える、衰える◆肉が腐る、「腐敗(フハイ)」、魚は「餒」,N4,other,mixed+mixed~,,失:◆指の間から(隙間から)するりと抜け出る、手にしていたもの(それまであったもの)をなくす◆逸(イッ)する、なくす、なくなる◆すべきことや選ぶべき道・時などを見逃; 敗:◆(争いなどに)破れる、負ける◆うまくいかない、駄目になる◆損なわれる、壊れる、萎える、衰える◆肉が腐る、「腐敗(フハイ)」、魚は「餒」
kk_失礼_しつれい,失礼,しつれい,失:◆指の間から(隙間から)するりと抜け出る、手にしていたもの(それまであったもの)をなくす◆逸(イッ)する、なくす、なくなる◆すべきことや選ぶべき道・時などを見逃; 礼:◆社会生活をする上での作法や決まり事、「禮儀(礼儀、レイギ、正式な・正規の作法)」「拜禮(拝礼、ハイレイ、お辞儀の作法)」「禮拜(礼拝、レイハイ、作法に則ってお,N4,on,on+on,,失:◆指の間から(隙間から)するりと抜け出る、手にしていたもの(それまであったもの)をなくす◆逸(イッ)する、なくす、なくなる◆すべきことや選ぶべき道・時などを見逃; 礼:◆社会生活をする上での作法や決まり事、「禮儀(礼儀、レイギ、正式な・正規の作法)」「拜禮(拝礼、ハイレイ、お辞儀の作法)」「禮拜(礼拝、レイハイ、作法に則ってお
kk_妻_つま,妻,つま,妻:◆男子の配偶者、夫が自分の配偶者を呼ぶ語◆娘を他家に嫁(とつ)がせる、他家から娶(めと)り配偶者とする,N4,kun,kun,IL2_single_default(kun 84%),妻:◆男子の配偶者、夫が自分の配偶者を呼ぶ語◆娘を他家に嫁(とつ)がせる、他家から娶(めと)り配偶者とする
kk_始める_はじめる,始める,はじめる,始:◆それ以降続く物事の最初、出だし、「始」は「物事はまず～から始める、～から始まる」、「初」は「物事はまず初めに～する、～の初め」◆初めて、～の時に至ってやっと、,N4,kun,kun,IL1_okurigana(kun 96%) | IL2_single_okuri(kun 96%),始:◆それ以降続く物事の最初、出だし、「始」は「物事はまず～から始める、～から始まる」、「初」は「物事はまず初めに～する、～の初め」◆初めて、～の時に至ってやっと、
kk_姿_すがた,姿,すがた,姿:◆容貌(ヨウボウ)・体形(タイケイ)・身形(みなり)や立ち振る舞いなどの外見やその様子、ものの形や動きの様子,N4,kun,kun,IL2_single_default(kun 84%),姿:◆容貌(ヨウボウ)・体形(タイケイ)・身形(みなり)や立ち振る舞いなどの外見やその様子、ものの形や動きの様子
kk_娘_むすめ,娘,むすめ,娘:◆むすめ、若い未婚の女性、少女、同「孃」◆母、母親、同「孃」,N4,kun,kun,IL2_single_default(kun 84%),娘:◆むすめ、若い未婚の女性、少女、同「孃」◆母、母親、同「孃」
kk_嬉しい_うれしい,嬉しい,うれしい,嬉:◆喜ぶ、喜び楽しむ、喜び戯(たわむ)れる,N4,kun,kun,IL1_okurigana(kun 96%) | IL2_single_okuri(kun 96%),嬉:◆喜ぶ、喜び楽しむ、喜び戯(たわむ)れる
kk_子_こ,子,こ,子:◆母親から産まれるもの、古くは男女を問わず「子」といったが、現代中国では男の子(息子)を指す◆新しく産まれる(生まれる)ものの元となるもの、植物の種や実、動物の,N4,kun,kun,IL2_single_default(kun 84%),子:◆母親から産まれるもの、古くは男女を問わず「子」といったが、現代中国では男の子(息子)を指す◆新しく産まれる(生まれる)ものの元となるもの、植物の種や実、動物の
kk_字_じ,字,じ,字:◆子を生む、生まれた子を慈(いつく)しみ育てる、同「𡥜」◆あざな、成人時に名付ける本名以外の名、男子は二十歳で成人とし初めて冠を被り、女子は許嫁(キョカ、いいな,N4,on,on,IL2_single_default(kun 84%),字:◆子を生む、生まれた子を慈(いつく)しみ育てる、同「𡥜」◆あざな、成人時に名付ける本名以外の名、男子は二十歳で成人とし初めて冠を被り、女子は許嫁(キョカ、いいな
kk_存じる_ぞんじる,存じる,ぞんじる,存:◆そこに在(あ)る、そこに居(い)る、同「侟」◆ながら･える、保つ、長く保ち続ける◆生きている、「存命(ゾンメイ)」◆無事かどうかを問う、気に掛かっていることを,N4,on,on,IL1_okurigana(kun 96%) | IL2_single_okuri(kun 96%),存:◆そこに在(あ)る、そこに居(い)る、同「侟」◆ながら･える、保つ、長く保ち続ける◆生きている、「存命(ゾンメイ)」◆無事かどうかを問う、気に掛かっていることを
kk_季節_きせつ,季節,きせつ,季:◆三カ月、一年を四分した春夏秋冬のそれぞれの期間(四季)、その最後の月、最初は「孟」◆時・季節・年・時代や順序の末(すえ)、また末期◆兄弟の中の最年少者、年長か; 節:◆タケ(竹、イネ科タケ亜科の木)の中空の茎が途中で区切られ外側に硬く盛り上がっているところ、イネ科の植物に多くみられる◆区切り、変わり目、段落、けじめ◆区切りで,N4,on,on+on,A3_short_compound(on+on 71%) | B_noun_rad_竹(kun 93%),季:◆三カ月、一年を四分した春夏秋冬のそれぞれの期間(四季)、その最後の月、最初は「孟」◆時・季節・年・時代や順序の末(すえ)、また末期◆兄弟の中の最年少者、年長か; 節:◆タケ(竹、イネ科タケ亜科の木)の中空の茎が途中で区切られ外側に硬く盛り上がっているところ、イネ科の植物に多くみられる◆区切り、変わり目、段落、けじめ◆区切りで
kk_学年_がくねん,学年,がくねん,学:◆(教えを受けながら、見て倣いながら)知識や技術などを身に付ける、習得する、またその内容、知識や技術などを授(さず)けることを「教」◆教えを受け知識や技術などを; 年:◆穀物が稔(みの)る、同「秊」◆農作物を収穫してから次の収穫期までの期間、四季(二十四節気)を一巡する期間、year◆誕生してから生きてその誕生日を通り過ぎた回,N4,on,on+on,,学:◆(教えを受けながら、見て倣いながら)知識や技術などを身に付ける、習得する、またその内容、知識や技術などを授(さず)けることを「教」◆教えを受け知識や技術などを; 年:◆穀物が稔(みの)る、同「秊」◆農作物を収穫してから次の収穫期までの期間、四季(二十四節気)を一巡する期間、year◆誕生してから生きてその誕生日を通り過ぎた回
kk_学習_がくしゅう,学習,がくしゅう,学:◆(教えを受けながら、見て倣いながら)知識や技術などを身に付ける、習得する、またその内容、知識や技術などを授(さず)けることを「教」◆教えを受け知識や技術などを; 習:◆何度も繰り返す、何度も繰り返すことによって身に付ける、同「慣」◆なら・わし、繰り返されることで身に付いたこと、普段から繰り返し行われること、同「慣」,N4,on,on+on,,学:◆(教えを受けながら、見て倣いながら)知識や技術などを身に付ける、習得する、またその内容、知識や技術などを授(さず)けることを「教」◆教えを受け知識や技術などを; 習:◆何度も繰り返す、何度も繰り返すことによって身に付ける、同「慣」◆なら・わし、繰り返されることで身に付いたこと、普段から繰り返し行われること、同「慣」
kk_学習者_がくしゅうしゃ,学習者,がくしゅうしゃ,学:◆(教えを受けながら、見て倣いながら)知識や技術などを身に付ける、習得する、またその内容、知識や技術などを授(さず)けることを「教」◆教えを受け知識や技術などを; 習:◆何度も繰り返す、何度も繰り返すことによって身に付ける、同「慣」◆なら・わし、繰り返されることで身に付いたこと、普段から繰り返し行われること、同「慣」; 者:◆～の人、～する人、「使者(ししゃ、使いをする人、運び届けること)」◆こと(事)、もの(物)、「再者(サイシャ、更に付け加えること、追伸)」「前者(ゼンシャ、前,N4,on,on+on+on,A4_multi_on(on+on+on 65%),学:◆(教えを受けながら、見て倣いながら)知識や技術などを身に付ける、習得する、またその内容、知識や技術などを授(さず)けることを「教」◆教えを受け知識や技術などを; 習:◆何度も繰り返す、何度も繰り返すことによって身に付ける、同「慣」◆なら・わし、繰り返されることで身に付いたこと、普段から繰り返し行われること、同「慣」; 者:◆～の人、～する人、「使者(ししゃ、使いをする人、運び届けること)」◆こと(事)、もの(物)、「再者(サイシャ、更に付け加えること、追伸)」「前者(ゼンシャ、前
kk_学部_がくぶ,学部,がくぶ,学:◆(教えを受けながら、見て倣いながら)知識や技術などを身に付ける、習得する、またその内容、知識や技術などを授(さず)けることを「教」◆教えを受け知識や技術などを; 部:◆区分けしたものの一つ、「部分」「内部」◆集団を分類し同じものを一纏(ひとまと)めにしたもの、全体を構成する小さな集合体や組織、「部署」「部隊」◆書物を数える単,N4,on,on+on,A3_short_compound(on+on 71%),学:◆(教えを受けながら、見て倣いながら)知識や技術などを身に付ける、習得する、またその内容、知識や技術などを授(さず)けることを「教」◆教えを受け知識や技術などを; 部:◆区分けしたものの一つ、「部分」「内部」◆集団を分類し同じものを一纏(ひとまと)めにしたもの、全体を構成する小さな集合体や組織、「部署」「部隊」◆書物を数える単
kk_守る_まもる,守る,まもる,守:◆古代の官名、同「𡬮」、「太守(タイシュ、郡や府の長官、地方の長官)」◆同じ状態に保(たも)つ、「守備(シュビ、備え守る)」◆(異変がないかを)見張る、番(バン,N4,kun,kun,IL1_okurigana(kun 96%) | IL2_single_okuri(kun 96%) | B_noun_rad_宀(kun 93%),守:◆古代の官名、同「𡬮」、「太守(タイシュ、郡や府の長官、地方の長官)」◆同じ状態に保(たも)つ、「守備(シュビ、備え守る)」◆(異変がないかを)見張る、番(バン
kk_安全_あんぜん,安全,あんぜん,安:◆心を乱すものも体を縛るものもなく穏(おだ)やかなさま、気に掛かるようなことがなくゆったりとしたさま◆揺(ゆ)らぎや乱れがないさま、落ち着くさま◆いずく・んぞ、; 全:◆すべ・て、欠点・瑕疵や不備・不足がない、余すところがない◆まった・く、まっと・う、余すところなく、漏れなく、残らず、すっかり,N4,on,on+on,B_noun_rad_宀(kun 93%),安:◆心を乱すものも体を縛るものもなく穏(おだ)やかなさま、気に掛かるようなことがなくゆったりとしたさま◆揺(ゆ)らぎや乱れがないさま、落ち着くさま◆いずく・んぞ、; 全:◆すべ・て、欠点・瑕疵や不備・不足がない、余すところがない◆まった・く、まっと・う、余すところなく、漏れなく、残らず、すっかり
kk_安全belt_あんぜんベルト,安全belt,あんぜんベルト,安:◆心を乱すものも体を縛るものもなく穏(おだ)やかなさま、気に掛かるようなことがなくゆったりとしたさま◆揺(ゆ)らぎや乱れがないさま、落ち着くさま◆いずく・んぞ、; 全:◆すべ・て、欠点・瑕疵や不備・不足がない、余すところがない◆まった・く、まっと・う、余すところなく、漏れなく、残らず、すっかり,N4,on,on+on~,B_noun_rad_宀(kun 93%),安:◆心を乱すものも体を縛るものもなく穏(おだ)やかなさま、気に掛かるようなことがなくゆったりとしたさま◆揺(ゆ)らぎや乱れがないさま、落ち着くさま◆いずく・んぞ、; 全:◆すべ・て、欠点・瑕疵や不備・不足がない、余すところがない◆まった・く、まっと・う、余すところなく、漏れなく、残らず、すっかり
kk_安心_あんしん,安心,あんしん,安:◆心を乱すものも体を縛るものもなく穏(おだ)やかなさま、気に掛かるようなことがなくゆったりとしたさま◆揺(ゆ)らぎや乱れがないさま、落ち着くさま◆いずく・んぞ、; 心:◆血液を循環させる働きをする臓器で五臓(心シン・肝カン・脾ヒ・肺ハイ・腎ジン)の一つ ◆ものの真(ま)ん中、真ん中(中心)にあるもの、ものの重要な部分、ものの本,N4,on,on+on,B_noun_rad_宀(kun 93%),安:◆心を乱すものも体を縛るものもなく穏(おだ)やかなさま、気に掛かるようなことがなくゆったりとしたさま◆揺(ゆ)らぎや乱れがないさま、落ち着くさま◆いずく・んぞ、; 心:◆血液を循環させる働きをする臓器で五臓(心シン・肝カン・脾ヒ・肺ハイ・腎ジン)の一つ ◆ものの真(ま)ん中、真ん中(中心)にあるもの、ものの重要な部分、ものの本
kk_宜しい_よろしい,宜しい,よろしい,宜:◆理(リ)に適(かな)う、適(テキ)する、ちょうど良い、「事宜(ジギ、事をするのにちょうど良い頃合い)」◆むべ、当然な、尤(もっと)もな◆～するのがよい、～した,N4,kun,kun,IL1_okurigana(kun 96%) | IL2_single_okuri(kun 96%) | B_noun_rad_宀(kun 93%),宜:◆理(リ)に適(かな)う、適(テキ)する、ちょうど良い、「事宜(ジギ、事をするのにちょうど良い頃合い)」◆むべ、当然な、尤(もっと)もな◆～するのがよい、～した
kk_宝籤_たからくじ,宝籤,たからくじ,宝:◆大切にしまっておくもの、珍しく貴重なもの、高価なもの、「宝石」「宝物」「財宝」「家宝」◆秘蔵する、大切にする、珍重する◆玉(ギョク、大変美しい石)製の品物、玉; 籤:◆竹を切り削り細長くしたもの、竹籤(たけひご)、同「䉔」「𥵞」「𥷪」◆竹を切り削り細長くして先を尖らせたもの、竹串(たけぐし)◆将来・未来(現在が続いて行ったそ,N4,kun,kun+kun~,B_noun_rad_宀(kun 93%) | B_noun_rad_竹(kun 93%),宝:◆大切にしまっておくもの、珍しく貴重なもの、高価なもの、「宝石」「宝物」「財宝」「家宝」◆秘蔵する、大切にする、珍重する◆玉(ギョク、大変美しい石)製の品物、玉; 籤:◆竹を切り削り細長くしたもの、竹籤(たけひご)、同「䉔」「𥵞」「𥷪」◆竹を切り削り細長くして先を尖らせたもの、竹串(たけぐし)◆将来・未来(現在が続いて行ったそ
kk_実家_じっか,実家,じっか,実:◆蓄(たくわ)えが家に満ちているさま◆隙間なく詰まって虚(うつ)ろなところがないさま◆ぎっしりと詰まった中身、草木などの稔(みの)って中がぎっしりと詰まったもの; 家:◆屋根(「宀」)があり四周が戸や壁で遮(さえぎ)られている建物、豕(いのこ、ブタ)などの大切な家畜を飼(か)う建物◆同じ屋根の下で親子や一族が共に生活する、人が,N4,on,on+on,A3_short_compound(on+on 71%) | B_noun_rad_宀(kun 93%) | B_noun_rad_宀(kun 93%),実:◆蓄(たくわ)えが家に満ちているさま◆隙間なく詰まって虚(うつ)ろなところがないさま◆ぎっしりと詰まった中身、草木などの稔(みの)って中がぎっしりと詰まったもの; 家:◆屋根(「宀」)があり四周が戸や壁で遮(さえぎ)られている建物、豕(いのこ、ブタ)などの大切な家畜を飼(か)う建物◆同じ屋根の下で親子や一族が共に生活する、人が
kk_実際_じっさい,実際,じっさい,実:◆蓄(たくわ)えが家に満ちているさま◆隙間なく詰まって虚(うつ)ろなところがないさま◆ぎっしりと詰まった中身、草木などの稔(みの)って中がぎっしりと詰まったもの; 際:◆他と触(ふ)れ合う、付き合う、「交際(コウサイ、交わり接すること、付き合うこと)」◆他と合(あ)わさるところ、接するところ、境目、「水際(スイサイ、みずぎわ),N4,on,on+on,B_noun_rad_宀(kun 93%),実:◆蓄(たくわ)えが家に満ちているさま◆隙間なく詰まって虚(うつ)ろなところがないさま◆ぎっしりと詰まった中身、草木などの稔(みの)って中がぎっしりと詰まったもの; 際:◆他と触(ふ)れ合う、付き合う、「交際(コウサイ、交わり接すること、付き合うこと)」◆他と合(あ)わさるところ、接するところ、境目、「水際(スイサイ、みずぎわ)
kk_実際に_じっさいに,実際に,じっさいに,実:◆蓄(たくわ)えが家に満ちているさま◆隙間なく詰まって虚(うつ)ろなところがないさま◆ぎっしりと詰まった中身、草木などの稔(みの)って中がぎっしりと詰まったもの; 際:◆他と触(ふ)れ合う、付き合う、「交際(コウサイ、交わり接すること、付き合うこと)」◆他と合(あ)わさるところ、接するところ、境目、「水際(スイサイ、みずぎわ),N4,on,on+on~,IL1_okurigana(kun 96%) | A1_compound_oku(kun 90%) | A1_on_kun_mix(on+kun 65%),実:◆蓄(たくわ)えが家に満ちているさま◆隙間なく詰まって虚(うつ)ろなところがないさま◆ぎっしりと詰まった中身、草木などの稔(みの)って中がぎっしりと詰まったもの; 際:◆他と触(ふ)れ合う、付き合う、「交際(コウサイ、交わり接すること、付き合うこと)」◆他と合(あ)わさるところ、接するところ、境目、「水際(スイサイ、みずぎわ)
kk_客_きゃく,客,きゃく,客:◆他からやって来て他人の家・宿舎・旅館・店などに立ち寄る人、また身を寄せる人、主(あるじ)が自らの家などに受け入れた人、招いた人かどうかは問わない◆退く、過ぎ去,N4,on,on,IL2_on_only(on 99%) | B_noun_rad_宀(kun 93%),客:◆他からやって来て他人の家・宿舎・旅館・店などに立ち寄る人、また身を寄せる人、主(あるじ)が自らの家などに受け入れた人、招いた人かどうかは問わない◆退く、過ぎ去
kk_家事_かじ,家事,かじ,家:◆屋根(「宀」)があり四周が戸や壁で遮(さえぎ)られている建物、豕(いのこ、ブタ)などの大切な家畜を飼(か)う建物◆同じ屋根の下で親子や一族が共に生活する、人が; 事:◆こと、動作・現象・状態など形のないものを指す語、形のあるものは「物」、「事情(ジジョウ、ことの様子)」「無事(ブジ、何事もないさま)」◆職(ショク)、仕事や役,N4,on,on+on,A3_short_compound(on+on 71%) | B_noun_rad_宀(kun 93%),家:◆屋根(「宀」)があり四周が戸や壁で遮(さえぎ)られている建物、豕(いのこ、ブタ)などの大切な家畜を飼(か)う建物◆同じ屋根の下で親子や一族が共に生活する、人が; 事:◆こと、動作・現象・状態など形のないものを指す語、形のあるものは「物」、「事情(ジジョウ、ことの様子)」「無事(ブジ、何事もないさま)」◆職(ショク)、仕事や役
kk_家内_かない,家内,かない,家:◆屋根(「宀」)があり四周が戸や壁で遮(さえぎ)られている建物、豕(いのこ、ブタ)などの大切な家畜を飼(か)う建物◆同じ屋根の下で親子や一族が共に生活する、人が; 内:◆外から中に入る、入れる◆限られた範囲・領域の中、区切りや境目の中、同「中」◆ある一定の範囲に含まれるもの、囲われたり覆われたりしていて外からは見えないもの、公,N4,on,on+on,A3_short_compound(on+on 71%) | B_noun_rad_宀(kun 93%),家:◆屋根(「宀」)があり四周が戸や壁で遮(さえぎ)られている建物、豕(いのこ、ブタ)などの大切な家畜を飼(か)う建物◆同じ屋根の下で親子や一族が共に生活する、人が; 内:◆外から中に入る、入れる◆限られた範囲・領域の中、区切りや境目の中、同「中」◆ある一定の範囲に含まれるもの、囲われたり覆われたりしていて外からは見えないもの、公
kk_容器_ようき,容器,ようき,容:◆ものを器(うつわ)などの周りが囲まれているものの中に入れる、またそこに入っているもの、中身(なかみ)◆人や意見などを受け入れる、許す、認める◆顔の表情、姿形(; 器:◆入れもの、(周りや底を囲って)中にものを入れるためのもの、「食器(ショッキ)」◆中に入る量、ものを受け入れることができる量、入れ物の大きさ、「器量(キリョウ),N4,on,on+on,A3_short_compound(on+on 71%) | B_noun_rad_宀(kun 93%),容:◆ものを器(うつわ)などの周りが囲まれているものの中に入れる、またそこに入っているもの、中身(なかみ)◆人や意見などを受け入れる、許す、認める◆顔の表情、姿形(; 器:◆入れもの、(周りや底を囲って)中にものを入れるためのもの、「食器(ショッキ)」◆中に入る量、ものを受け入れることができる量、入れ物の大きさ、「器量(キリョウ)
kk_寄る_よる,寄る,よる,寄:◆他のものを頼りにする、他のものに凭(もた)れ掛かる◆託(たく)する、他人(ひと)に預(あず)ける、委(ゆだ)ねる、「寄託(キタク)」「寄命(キメイ、命を託す、,N4,kun,kun,IL1_okurigana(kun 96%) | IL2_single_okuri(kun 96%) | B_noun_rad_宀(kun 93%),寄:◆他のものを頼りにする、他のものに凭(もた)れ掛かる◆託(たく)する、他人(ひと)に預(あず)ける、委(ゆだ)ねる、「寄託(キタク)」「寄命(キメイ、命を託す、
kk_寝坊_ねぼう,寝坊,ねぼう,寝:◆体を横にして休む、「寝台・寝床・寝室などで横になり休む」ことをいう◆体を横にして眠る◆睡眠をとるところ、ゆっくりと寛(くつろ)ぐ部屋や建物、「寢殿(シンデン、; 坊:◆市街を区画(クカク)する道、街巷(ガイコウ)、里巷(リコウ)◆市街の道で区切られた区画◆住まい、住居、同「房」「𠩝」◆防(ふせ)ぐ、遮(さえぎ)る、同「防」◆,N4,mixed,kun+on~,A3_short_compound(on+on 71%) | B_noun_rad_宀(kun 93%),寝:◆体を横にして休む、「寝台・寝床・寝室などで横になり休む」ことをいう◆体を横にして眠る◆睡眠をとるところ、ゆっくりと寛(くつろ)ぐ部屋や建物、「寢殿(シンデン、; 坊:◆市街を区画(クカク)する道、街巷(ガイコウ)、里巷(リコウ)◆市街の道で区切られた区画◆住まい、住居、同「房」「𠩝」◆防(ふせ)ぐ、遮(さえぎ)る、同「防」◆
kk_寺_てら,寺,てら,寺:◆役人が執務(シツム)するところ、役所、その建物また部署◆主(あるじ)の近くに仕える、同「侍」◆「寺人(ジジン)」◇後宮(コウキュウ、皇后や妃などが居住する館),N4,kun,kun,IL2_single_default(kun 84%),寺:◆役人が執務(シツム)するところ、役所、その建物また部署◆主(あるじ)の近くに仕える、同「侍」◆「寺人(ジジン)」◇後宮(コウキュウ、皇后や妃などが居住する館)
kk_専門_せんもん,専門,せんもん,専:◆もっぱ・ら、ただそれだけ、ただひたすら、一途(いちず)◆もっぱ・らにする、一人でする、一人で自分の思い通りにする、同「顓」「擅」; 門:◆敷地の囲いの一部に設けた出入口、囲われたものの内から外へ(外から内へ)出入りするところ、同「𨳇」「閅」◆同じ入口から入って来た人、同じ囲いの中にいる人、同じ目,N4,on,on+on,,専:◆もっぱ・ら、ただそれだけ、ただひたすら、一途(いちず)◆もっぱ・らにする、一人でする、一人で自分の思い通りにする、同「顓」「擅」; 門:◆敷地の囲いの一部に設けた出入口、囲われたものの内から外へ(外から内へ)出入りするところ、同「𨳇」「閅」◆同じ入口から入って来た人、同じ囲いの中にいる人、同じ目
kk_将来_しょうらい,将来,しょうらい,将:◆軍を統帥(トウスイ、統率・指揮)する、率(ひき)いる、またその長、同「帥」◆行く、率いて行く、連れて行く、送って行く◆まさ・に、今にも～しようとする(なろうと; 来:◆(人や時間や物事が)向こうからこちらに近づく、「到来(トウライ)」、同「倈」「徠」「逨」「𧼛」◆招き寄せる、「こちらに来させる」の意◆ある時点から今まで、今に,N4,on,on+on,B_noun_rad_木(kun 93%),将:◆軍を統帥(トウスイ、統率・指揮)する、率(ひき)いる、またその長、同「帥」◆行く、率いて行く、連れて行く、送って行く◆まさ・に、今にも～しようとする(なろうと; 来:◆(人や時間や物事が)向こうからこちらに近づく、「到来(トウライ)」、同「倈」「徠」「逨」「𧼛」◆招き寄せる、「こちらに来させる」の意◆ある時点から今まで、今に
kk_尋ねる_たずねる,尋ねる,たずねる,尋:◆たず・ねる、次々に辿(たど)りながら端緒(原因)を探(さが)す、訊(たず)ねる、探し求める、「【說文解字注:寸部:𢒫】繹理也(謂抽繹而治之凡治亂必得其緒而後設,N4,kun,kun,IL1_okurigana(kun 96%) | IL2_single_okuri(kun 96%),尋:◆たず・ねる、次々に辿(たど)りながら端緒(原因)を探(さが)す、訊(たず)ねる、探し求める、「【說文解字注:寸部:𢒫】繹理也(謂抽繹而治之凡治亂必得其緒而後設
kk_小学_しょうがく,小学,しょうがく,小:◆形・数・量・力・程度などが比較しようとしているもの以下である、求められる(必要とされる、必要な)形・数・量・力・程度などに及ばない(足りない)、劣(おと)る、; 学:◆(教えを受けながら、見て倣いながら)知識や技術などを身に付ける、習得する、またその内容、知識や技術などを授(さず)けることを「教」◆教えを受け知識や技術などを,N4,on,on+on,,小:◆形・数・量・力・程度などが比較しようとしているもの以下である、求められる(必要とされる、必要な)形・数・量・力・程度などに及ばない(足りない)、劣(おと)る、; 学:◆(教えを受けながら、見て倣いながら)知識や技術などを身に付ける、習得する、またその内容、知識や技術などを授(さず)けることを「教」◆教えを受け知識や技術などを
kk_小説_しょうせつ,小説,しょうせつ,小:◆形・数・量・力・程度などが比較しようとしているもの以下である、求められる(必要とされる、必要な)形・数・量・力・程度などに及ばない(足りない)、劣(おと)る、; 説:◆解き明かす、解釈する、またそれを言葉にしたもの◆あることに対する意見◆意味することが分かるように順序立てて話す,N4,on,on+on,B_verb_rad_言(kun 80%),小:◆形・数・量・力・程度などが比較しようとしているもの以下である、求められる(必要とされる、必要な)形・数・量・力・程度などに及ばない(足りない)、劣(おと)る、; 説:◆解き明かす、解釈する、またそれを言葉にしたもの◆あることに対する意見◆意味することが分かるように順序立てて話す
kk_小鳥_ことり,小鳥,ことり,小:◆形・数・量・力・程度などが比較しようとしているもの以下である、求められる(必要とされる、必要な)形・数・量・力・程度などに及ばない(足りない)、劣(おと)る、; 鳥:◆羽毛に覆(おお)われ嘴(くちばし)があり二足で卵生の動物の総称◆とり、とりへん、部首名,N4,kun,kun+kun~,A3_short_compound(on+on 71%),小:◆形・数・量・力・程度などが比較しようとしているもの以下である、求められる(必要とされる、必要な)形・数・量・力・程度などに及ばない(足りない)、劣(おと)る、; 鳥:◆羽毛に覆(おお)われ嘴(くちばし)があり二足で卵生の動物の総称◆とり、とりへん、部首名
kk_少々_しょうしょう,少々,しょうしょう,少:◆数や度量(ドリョウ、ものの多少・軽重・長短・高低・深浅・強弱など)が、あるべき(必要とする)数や度量より小さい、またそれに足りない、またそれに及ばない、同「寡,N4,on,on,IL2_single_default(kun 84%),少:◆数や度量(ドリョウ、ものの多少・軽重・長短・高低・深浅・強弱など)が、あるべき(必要とする)数や度量より小さい、またそれに足りない、またそれに及ばない、同「寡
kk_少なくとも_すくなくとも,少なくとも,すくなくとも,少:◆数や度量(ドリョウ、ものの多少・軽重・長短・高低・深浅・強弱など)が、あるべき(必要とする)数や度量より小さい、またそれに足りない、またそれに及ばない、同「寡,N4,kun,kun,IL1_okurigana(kun 96%) | IL2_single_okuri(kun 96%),少:◆数や度量(ドリョウ、ものの多少・軽重・長短・高低・深浅・強弱など)が、あるべき(必要とする)数や度量より小さい、またそれに足りない、またそれに及ばない、同「寡
kk_少子化_しょうしか,少子化,しょうしか,少:◆数や度量(ドリョウ、ものの多少・軽重・長短・高低・深浅・強弱など)が、あるべき(必要とする)数や度量より小さい、またそれに足りない、またそれに及ばない、同「寡; 子:◆母親から産まれるもの、古くは男女を問わず「子」といったが、現代中国では男の子(息子)を指す◆新しく産まれる(生まれる)ものの元となるもの、植物の種や実、動物の; 化:◆性質・形状・状態などが元とは全く違ったものに変わる、まだ元の様子が分かる程度の変化は「変」◆他の影響を受けて、また時間を経ることによって考えや態度などが変わる,N4,on,on+on+on,A4_multi_on(on+on+on 65%),少:◆数や度量(ドリョウ、ものの多少・軽重・長短・高低・深浅・強弱など)が、あるべき(必要とする)数や度量より小さい、またそれに足りない、またそれに及ばない、同「寡; 子:◆母親から産まれるもの、古くは男女を問わず「子」といったが、現代中国では男の子(息子)を指す◆新しく産まれる(生まれる)ものの元となるもの、植物の種や実、動物の; 化:◆性質・形状・状態などが元とは全く違ったものに変わる、まだ元の様子が分かる程度の変化は「変」◆他の影響を受けて、また時間を経ることによって考えや態度などが変わる
kk_居る_おる,居る,おる,居:◆座る、腰を据(す)える、腰を落ち着ける、またその場所◆長く腰を落ち着けて住む、住まい◆一定の場所を占める、存在する◆貯(たくわ)える、得たものを置いておく,N4,kun,kun,IL1_okurigana(kun 96%) | IL2_single_okuri(kun 96%),居:◆座る、腰を据(す)える、腰を落ち着ける、またその場所◆長く腰を落ち着けて住む、住まい◆一定の場所を占める、存在する◆貯(たくわ)える、得たものを置いておく
kk_届ける_とどける,届ける,とどける,届:◆目標・目的とした場所や時間に行き着く、到(いた)る、達する◆[日]とど・け、監督者に提出する申請・報告などの文書,N4,kun,kun,IL1_okurigana(kun 96%) | IL2_single_okuri(kun 96%),届:◆目標・目的とした場所や時間に行き着く、到(いた)る、達する◆[日]とど・け、監督者に提出する申請・報告などの文書
kk_屋上_おくじょう,屋上,おくじょう,屋:◆日差しや雨風を遮(さえぎ)るための覆(おお)い、同「幄」◆建物の上部の日差しや雨風を遮(さえぎ)るための覆い、「屋頂(オクテイ、オクチョウ、屋根)」◆(屋根に; 上:◆位置・場所・地位などが高い、高い方にある◆高い方に移る、昇る、登る◆順序・時間などが前、前の方にある◆前の方に移る◆等級・品質などが高い、優れている◆殿様、皇,N4,on,on+on,,屋:◆日差しや雨風を遮(さえぎ)るための覆(おお)い、同「幄」◆建物の上部の日差しや雨風を遮(さえぎ)るための覆い、「屋頂(オクテイ、オクチョウ、屋根)」◆(屋根に; 上:◆位置・場所・地位などが高い、高い方にある◆高い方に移る、昇る、登る◆順序・時間などが前、前の方にある◆前の方に移る◆等級・品質などが高い、優れている◆殿様、皇
kk_展覧会_てんらんかい,展覧会,てんらんかい,展:◆転(ころ)がす、巻いてあるものを転がして広げる◆巻いたり折ってあるものなどを開き広げる、そのままでは見えないもの(ものの中にあって見えないもの)を広げて見る、; 覧:◆見渡す、見て回る◆全体を見る、全体に目を通す; 会:◆人が集まる、同じ時間や場所に(同じ目的で)集まる、「会合(カイゴウ)」◆多くの人が(出向いて)集まる、また集まったところ、「集会(シュウカイ)」「都会(トカイ,N4,on,on+on+on,A4_multi_on(on+on+on 65%),展:◆転(ころ)がす、巻いてあるものを転がして広げる◆巻いたり折ってあるものなどを開き広げる、そのままでは見えないもの(ものの中にあって見えないもの)を広げて見る、; 覧:◆見渡す、見て回る◆全体を見る、全体に目を通す; 会:◆人が集まる、同じ時間や場所に(同じ目的で)集まる、「会合(カイゴウ)」◆多くの人が(出向いて)集まる、また集まったところ、「集会(シュウカイ)」「都会(トカイ
kk_山葵_わさび,山葵,わさび,"山:◆地面が""△""状に高く盛り上がったところ、またその形や様子◆土を丸く盛り上げた墓◆十二章紋の一つ ◆やま、やまへん、やまかんむり、部首名; 葵:◆アオイ(葵)、アオイ科・フウロソウ科テンジクアオイ属・ウマノスズクサ科カンアオイ属などの植物の総称 ◆「冬葵(フユアオイ)」、アオイ科ゼニアオイ属の草 ◆「天",N4,other,mixed+mixed~,A3_short_compound(on+on 71%),"山:◆地面が""△""状に高く盛り上がったところ、またその形や様子◆土を丸く盛り上げた墓◆十二章紋の一つ ◆やま、やまへん、やまかんむり、部首名; 葵:◆アオイ(葵)、アオイ科・フウロソウ科テンジクアオイ属・ウマノスズクサ科カンアオイ属などの植物の総称 ◆「冬葵(フユアオイ)」、アオイ科ゼニアオイ属の草 ◆「天"
kk_岸_きし,岸,きし,"岸:◆水面から""厂""字状に高く切り立っているところの水際(スイサイ、みずぎわ)、水崖(スイガイ)、汀(テイ、みぎわ)のように波が寄せて引くたびに水と陸地の境目が変わ",N4,kun,kun,IL2_single_default(kun 84%),"岸:◆水面から""厂""字状に高く切り立っているところの水際(スイサイ、みずぎわ)、水崖(スイガイ)、汀(テイ、みぎわ)のように波が寄せて引くたびに水と陸地の境目が変わ"
kk_島_しま,島,しま,島:◆海や湖などの広い水の中の陸地、同「隝」「隯」「嶹」¶「海を渡る鳥が羽を休めることができるところ」の意,N4,kun,kun,IL2_single_default(kun 84%),島:◆海や湖などの広い水の中の陸地、同「隝」「隯」「嶹」¶「海を渡る鳥が羽を休めることができるところ」の意
kk_島々_しまじま,島々,しまじま,島:◆海や湖などの広い水の中の陸地、同「隝」「隯」「嶹」¶「海を渡る鳥が羽を休めることができるところ」の意,N4,kun,kun,IL2_single_default(kun 84%),島:◆海や湖などの広い水の中の陸地、同「隝」「隯」「嶹」¶「海を渡る鳥が羽を休めることができるところ」の意
kk_工事_こうじ,工事,こうじ,工:◆物をつくる巧(たく)みな技(わざ)、また物づくりが巧みなさま◆できばえが精巧(セイコウ)なさま、同「㣉」◆匠(たくみ)、物をつくる技術・技能に秀(ひい)でた人; 事:◆こと、動作・現象・状態など形のないものを指す語、形のあるものは「物」、「事情(ジジョウ、ことの様子)」「無事(ブジ、何事もないさま)」◆職(ショク)、仕事や役,N4,on,on+on,A3_short_compound(on+on 71%),工:◆物をつくる巧(たく)みな技(わざ)、また物づくりが巧みなさま◆できばえが精巧(セイコウ)なさま、同「㣉」◆匠(たくみ)、物をつくる技術・技能に秀(ひい)でた人; 事:◆こと、動作・現象・状態など形のないものを指す語、形のあるものは「物」、「事情(ジジョウ、ことの様子)」「無事(ブジ、何事もないさま)」◆職(ショク)、仕事や役
kk_工場_こうじょう,工場,こうじょう,工:◆物をつくる巧(たく)みな技(わざ)、また物づくりが巧みなさま◆できばえが精巧(セイコウ)なさま、同「㣉」◆匠(たくみ)、物をつくる技術・技能に秀(ひい)でた人; 場:◆(日当たりのよい、収穫した穀物の乾燥・脱穀などをする、また多くの人やものが集まる)広く平らなところ、「広場」、同「塲」◆一段と高くし上を平らに作ったところ、台,N4,on,on+on,,工:◆物をつくる巧(たく)みな技(わざ)、また物づくりが巧みなさま◆できばえが精巧(セイコウ)なさま、同「㣉」◆匠(たくみ)、物をつくる技術・技能に秀(ひい)でた人; 場:◆(日当たりのよい、収穫した穀物の乾燥・脱穀などをする、また多くの人やものが集まる)広く平らなところ、「広場」、同「塲」◆一段と高くし上を平らに作ったところ、台
kk_工場長_こうじょうちょう,工場長,こうじょうちょう,工:◆物をつくる巧(たく)みな技(わざ)、また物づくりが巧みなさま◆できばえが精巧(セイコウ)なさま、同「㣉」◆匠(たくみ)、物をつくる技術・技能に秀(ひい)でた人; 場:◆(日当たりのよい、収穫した穀物の乾燥・脱穀などをする、また多くの人やものが集まる)広く平らなところ、「広場」、同「塲」◆一段と高くし上を平らに作ったところ、台; 長:◆距離や時間などが途切れることなく連なっている、離れたところまでずぅっと続いている、途切れなく続いているものの二点(両端)が大きく隔(へだ)たっている、またその,N4,on,on+on+on,A4_multi_on(on+on+on 65%),工:◆物をつくる巧(たく)みな技(わざ)、また物づくりが巧みなさま◆できばえが精巧(セイコウ)なさま、同「㣉」◆匠(たくみ)、物をつくる技術・技能に秀(ひい)でた人; 場:◆(日当たりのよい、収穫した穀物の乾燥・脱穀などをする、また多くの人やものが集まる)広く平らなところ、「広場」、同「塲」◆一段と高くし上を平らに作ったところ、台; 長:◆距離や時間などが途切れることなく連なっている、離れたところまでずぅっと続いている、途切れなく続いているものの二点(両端)が大きく隔(へだ)たっている、またその
kk_工学_こうがく,工学,こうがく,工:◆物をつくる巧(たく)みな技(わざ)、また物づくりが巧みなさま◆できばえが精巧(セイコウ)なさま、同「㣉」◆匠(たくみ)、物をつくる技術・技能に秀(ひい)でた人; 学:◆(教えを受けながら、見て倣いながら)知識や技術などを身に付ける、習得する、またその内容、知識や技術などを授(さず)けることを「教」◆教えを受け知識や技術などを,N4,on,on+on,,工:◆物をつくる巧(たく)みな技(わざ)、また物づくりが巧みなさま◆できばえが精巧(セイコウ)なさま、同「㣉」◆匠(たくみ)、物をつくる技術・技能に秀(ひい)でた人; 学:◆(教えを受けながら、見て倣いながら)知識や技術などを身に付ける、習得する、またその内容、知識や技術などを授(さず)けることを「教」◆教えを受け知識や技術などを
kk_工業_こうぎょう,工業,こうぎょう,工:◆物をつくる巧(たく)みな技(わざ)、また物づくりが巧みなさま◆できばえが精巧(セイコウ)なさま、同「㣉」◆匠(たくみ)、物をつくる技術・技能に秀(ひい)でた人; 業:◆鍾(ショウ)や磬(ケイ)などの打楽器を吊るすための横木(筍)の上の横板、吊るした楽器の位置が演奏中にずれないように凹みや突起がついていたという、「业」はそれを,N4,on,on+on,B_noun_rad_木(kun 93%),工:◆物をつくる巧(たく)みな技(わざ)、また物づくりが巧みなさま◆できばえが精巧(セイコウ)なさま、同「㣉」◆匠(たくみ)、物をつくる技術・技能に秀(ひい)でた人; 業:◆鍾(ショウ)や磬(ケイ)などの打楽器を吊るすための横木(筍)の上の横板、吊るした楽器の位置が演奏中にずれないように凹みや突起がついていたという、「业」はそれを
kk_差し上げる_さしあげる,差し上げる,さしあげる,差:◆違いがある、揃(そろ)わない◆引き算をした時に余りが出る、またその時の余り◆(同じ差ごとに)区分けする、区別する◆やや～(違う、差がある、不足する、など)◆使; 上:◆位置・場所・地位などが高い、高い方にある◆高い方に移る、昇る、登る◆順序・時間などが前、前の方にある◆前の方に移る◆等級・品質などが高い、優れている◆殿様、皇,N4,mixed,on+kun~,IL1_okurigana(kun 96%) | A1_compound_oku(kun 90%) | A1_on_kun_mix(on+kun 65%),差:◆違いがある、揃(そろ)わない◆引き算をした時に余りが出る、またその時の余り◆(同じ差ごとに)区分けする、区別する◆やや～(違う、差がある、不足する、など)◆使; 上:◆位置・場所・地位などが高い、高い方にある◆高い方に移る、昇る、登る◆順序・時間などが前、前の方にある◆前の方に移る◆等級・品質などが高い、優れている◆殿様、皇
kk_市_し,市,し,市:◆人が多く集まり物品などを売買・交換する、またその場所◆人が多く集まる所◆「町」よりも大きな行政区画¶本字は「亠巾」で「一巾」の「巿」とは別字,N4,on,on,IL2_single_default(kun 84%) | B_noun_rad_巾(kun 93%),市:◆人が多く集まり物品などを売買・交換する、またその場所◆人が多く集まる所◆「町」よりも大きな行政区画¶本字は「亠巾」で「一巾」の「巿」とは別字
kk_市民_しみん,市民,しみん,市:◆人が多く集まり物品などを売買・交換する、またその場所◆人が多く集まる所◆「町」よりも大きな行政区画¶本字は「亠巾」で「一巾」の「巿」とは別字; 民:◆(支配者層に属する人を除く)一般の人◆人(ひと)、人達(ひとたち),N4,on,on+on,A3_short_compound(on+on 71%) | B_noun_rad_巾(kun 93%),市:◆人が多く集まり物品などを売買・交換する、またその場所◆人が多く集まる所◆「町」よりも大きな行政区画¶本字は「亠巾」で「一巾」の「巿」とは別字; 民:◆(支配者層に属する人を除く)一般の人◆人(ひと)、人達(ひとたち)
kk_布団_ふとん,布団,ふとん,"布:◆経糸(よこいと)と緯糸(たていと)を""十""状に交差させながら織ったもの、一般にはアサ(麻)やワタ(綿)などの植物繊維で織ったものを指し、繭(まゆ)から紡(つむ; 団:◆集まって一つになる、集まって円状の塊(かたまり)になる、一つに纏(まと)まる◆同じものが寄せ集まる、また寄せ集まって塊となったもの、「集団」「団体」",N4,on,on+on,A3_short_compound(on+on 71%) | B_noun_rad_巾(kun 93%),"布:◆経糸(よこいと)と緯糸(たていと)を""十""状に交差させながら織ったもの、一般にはアサ(麻)やワタ(綿)などの植物繊維で織ったものを指し、繭(まゆ)から紡(つむ; 団:◆集まって一つになる、集まって円状の塊(かたまり)になる、一つに纏(まと)まる◆同じものが寄せ集まる、また寄せ集まって塊となったもの、「集団」「団体」"
kk_希望_きぼう,希望,きぼう,希:◆稀(まれ)な、少ない(薄い)、めったにない(珍しい)、同「稀」◆ねが・う、こいねが・う、望む、願い望む、同「睎」; 望:◆待っている人や物事の到着をまだかまだかと待つ、期待する、そうなって欲しいと思う◆(待ち望む方を)見やる、遠くを見やる◆仰ぎ見る、他から仰ぎ見られる◆もち、陰暦,N4,on,on+on,A3_short_compound(on+on 71%) | B_noun_rad_巾(kun 93%),希:◆稀(まれ)な、少ない(薄い)、めったにない(珍しい)、同「稀」◆ねが・う、こいねが・う、望む、願い望む、同「睎」; 望:◆待っている人や物事の到着をまだかまだかと待つ、期待する、そうなって欲しいと思う◆(待ち望む方を)見やる、遠くを見やる◆仰ぎ見る、他から仰ぎ見られる◆もち、陰暦
kk_帰り_かえり,帰り,かえり,帰:◆女性が他家に嫁(とつ)ぐ、嫁(よめ)に行く、女性を自家に迎えることを「來歸(ライキ、来帰)」◆元の(本来の)状態や位置に戻る、同「皈」「𢅨」「䢜」「𣦨」◆元の,N4,kun,kun,IL1_okurigana(kun 96%) | IL2_single_okuri(kun 96%) | B_noun_rad_巾(kun 93%),帰:◆女性が他家に嫁(とつ)ぐ、嫁(よめ)に行く、女性を自家に迎えることを「來歸(ライキ、来帰)」◆元の(本来の)状態や位置に戻る、同「皈」「𢅨」「䢜」「𣦨」◆元の
kk_年度_ねんど,年度,ねんど,年:◆穀物が稔(みの)る、同「秊」◆農作物を収穫してから次の収穫期までの期間、四季(二十四節気)を一巡する期間、year◆誕生してから生きてその誕生日を通り過ぎた回; 度:◆長さを測(はか)る際に基準となる物差し(ものさし)、またその目盛(めもり)、「度量(ドリョウ、長さと容量、人の言動をどの程度容認できるかの大きさ)」「法度(ハ,N4,on,on+on,A3_short_compound(on+on 71%) | B_noun_rad_广(kun 93%),年:◆穀物が稔(みの)る、同「秊」◆農作物を収穫してから次の収穫期までの期間、四季(二十四節気)を一巡する期間、year◆誕生してから生きてその誕生日を通り過ぎた回; 度:◆長さを測(はか)る際に基準となる物差し(ものさし)、またその目盛(めもり)、「度量(ドリョウ、長さと容量、人の言動をどの程度容認できるかの大きさ)」「法度(ハ
kk_幸せ_しあわせ,幸せ,しあわせ,幸:◆凶事を免れて運が良いさま、同「倖」◆(思い掛けない)喜ばしいことや良いこと、またそれが起きること、またその状態◆願う、希望する◆天子の寵愛を受ける、「寵愛を受,N4,kun,kun,IL1_okurigana(kun 96%) | IL2_single_okuri(kun 96%),幸:◆凶事を免れて運が良いさま、同「倖」◆(思い掛けない)喜ばしいことや良いこと、またそれが起きること、またその状態◆願う、希望する◆天子の寵愛を受ける、「寵愛を受
kk_幾つか_いくつか,幾つか,いくつか,幾:◆微(かす)か、僅(わず)か◆殆(ほとん)ど、数や程度などがほぼ等しい(それに近い)、今にも、もう少しで、もう少しのところで、同「𧰙」「危」◆いく・つ、どれ程、,N4,kun,kun,IL1_okurigana(kun 96%) | IL2_single_okuri(kun 96%),幾:◆微(かす)か、僅(わず)か◆殆(ほとん)ど、数や程度などがほぼ等しい(それに近い)、今にも、もう少しで、もう少しのところで、同「𧰙」「危」◆いく・つ、どれ程、
kk_幾らでも_いくらでも,幾らでも,いくらでも,幾:◆微(かす)か、僅(わず)か◆殆(ほとん)ど、数や程度などがほぼ等しい(それに近い)、今にも、もう少しで、もう少しのところで、同「𧰙」「危」◆いく・つ、どれ程、,N4,kun,kun,IL1_okurigana(kun 96%) | IL2_single_okuri(kun 96%),幾:◆微(かす)か、僅(わず)か◆殆(ほとん)ど、数や程度などがほぼ等しい(それに近い)、今にも、もう少しで、もう少しのところで、同「𧰙」「危」◆いく・つ、どれ程、
kk_広さ_ひろさ,広さ,ひろさ,広:◆周りに壁がなく天井が高い大きな建物、周りに遮(さえぎ)るものがなく大きく開(ひら)けているところ◆中心から外方向に大きい、四方八方に行き渡る◆左右・東西など横,N4,kun,kun,IL1_okurigana(kun 96%) | IL2_single_okuri(kun 96%) | B_noun_rad_广(kun 93%),広:◆周りに壁がなく天井が高い大きな建物、周りに遮(さえぎ)るものがなく大きく開(ひら)けているところ◆中心から外方向に大きい、四方八方に行き渡る◆左右・東西など横
kk_床_ゆか,床,ゆか,床:◆寝台や椅子、一段高く平らで横になったり座ったりできるようにしたもの、同「牀」◆一段高く平らなのところ、またそのような(台状、ベッドbed状)もの、同「牀」◆[,N4,kun,kun,IL2_single_default(kun 84%) | B_noun_rad_广(kun 93%),床:◆寝台や椅子、一段高く平らで横になったり座ったりできるようにしたもの、同「牀」◆一段高く平らなのところ、またそのような(台状、ベッドbed状)もの、同「牀」◆[
kk_床屋_とこや,床屋,とこや,床:◆寝台や椅子、一段高く平らで横になったり座ったりできるようにしたもの、同「牀」◆一段高く平らなのところ、またそのような(台状、ベッドbed状)もの、同「牀」◆[; 屋:◆日差しや雨風を遮(さえぎ)るための覆(おお)い、同「幄」◆建物の上部の日差しや雨風を遮(さえぎ)るための覆い、「屋頂(オクテイ、オクチョウ、屋根)」◆(屋根に,N4,kun,kun+kun~,A3_short_compound(on+on 71%) | B_noun_rad_广(kun 93%),床:◆寝台や椅子、一段高く平らで横になったり座ったりできるようにしたもの、同「牀」◆一段高く平らなのところ、またそのような(台状、ベッドbed状)もの、同「牀」◆[; 屋:◆日差しや雨風を遮(さえぎ)るための覆(おお)い、同「幄」◆建物の上部の日差しや雨風を遮(さえぎ)るための覆い、「屋頂(オクテイ、オクチョウ、屋根)」◆(屋根に
kk_底_そこ,底,そこ,底:◆ものの一番下の突き当たりの部分、「井底(セイテイ、井戸の底)」◆突き当たる、行き止まる、行き着く、「月底(ゲツテイ、月末)」◆ものの下にあって上のものを支えて,N4,kun,kun,IL2_single_default(kun 84%) | B_noun_rad_广(kun 93%),底:◆ものの一番下の突き当たりの部分、「井底(セイテイ、井戸の底)」◆突き当たる、行き止まる、行き着く、「月底(ゲツテイ、月末)」◆ものの下にあって上のものを支えて
kk_店員_てんいん,店員,てんいん,店:◆みせ、物を並べ売る建物、「一定の場所を占めて商売する屋根(广)のある所」の意◆たな、商品を並べる陳列棚、売り手と買い手を隔(へだ)てるカウンター、同「坫」◆[; 員:◆限られた範囲(場所・空間など)に入っている(含まれる)人、集団に属している人、またその人数◆限られた範囲(特に国土・領土などの境界線)の大きさ、また広さ◆円(,N4,on,on+on,B_noun_rad_广(kun 93%),店:◆みせ、物を並べ売る建物、「一定の場所を占めて商売する屋根(广)のある所」の意◆たな、商品を並べる陳列棚、売り手と買い手を隔(へだ)てるカウンター、同「坫」◆[; 員:◆限られた範囲(場所・空間など)に入っている(含まれる)人、集団に属している人、またその人数◆限られた範囲(特に国土・領土などの境界線)の大きさ、また広さ◆円(
kk_庭園_ていえん,庭園,ていえん,庭:◆堂(ドウ、大きな建物、母屋おもや)の正面階段前の平らに整地された広場、同「廷」◆宮中、役所や裁判所(廷)、またその敷地内の平らに整地された広場、同「廷」◆広い; 園:◆周りを垣や柵などで囲った(樹木・果樹などの)畑、「【說文解字:囗部:園】所以樹果也」◆周りを垣や柵などで囲った広い庭、またそのような庭のある邸宅、またそのよう,N4,on,on+on,B_noun_rad_广(kun 93%),庭:◆堂(ドウ、大きな建物、母屋おもや)の正面階段前の平らに整地された広場、同「廷」◆宮中、役所や裁判所(廷)、またその敷地内の平らに整地された広場、同「廷」◆広い; 園:◆周りを垣や柵などで囲った(樹木・果樹などの)畑、「【說文解字:囗部:園】所以樹果也」◆周りを垣や柵などで囲った広い庭、またそのような庭のある邸宅、またそのよう
kk_建つ_たつ,建つ,たつ,建:◆(建造物を)しっかりと立てる、造(つく)る、作り上げる◆(法律などを)しっかりと定める◆意見を申し立てる◆北斗七星の柄(え)の指す方向、「建寅(ケンイン、夏暦,N4,kun,kun,IL1_okurigana(kun 96%) | IL2_single_okuri(kun 96%),建:◆(建造物を)しっかりと立てる、造(つく)る、作り上げる◆(法律などを)しっかりと定める◆意見を申し立てる◆北斗七星の柄(え)の指す方向、「建寅(ケンイン、夏暦
kk_建てる_たてる,建てる,たてる,建:◆(建造物を)しっかりと立てる、造(つく)る、作り上げる◆(法律などを)しっかりと定める◆意見を申し立てる◆北斗七星の柄(え)の指す方向、「建寅(ケンイン、夏暦,N4,kun,kun,IL1_okurigana(kun 96%) | IL2_single_okuri(kun 96%),建:◆(建造物を)しっかりと立てる、造(つく)る、作り上げる◆(法律などを)しっかりと定める◆意見を申し立てる◆北斗七星の柄(え)の指す方向、「建寅(ケンイン、夏暦
kk_引き出し_ひきだし,引き出し,ひきだし,引:◆(弓の弦iに指を掛け、ぐいと)手前に寄せる、「向こうへぐいと押しやる」とは逆の動きをいう◆ぐいと伸ばす、「引領(インレイ、首を伸ばす、首を伸ばして待ち受ける); 出:◆範囲・領域・組織や区切り・境界の内(内側、内部、裏側、こちら側、私的なところ)から外(外側、外部、表側、向こう側、公のところ)に移る、また移す、外から内へ移る,N4,kun,kun+kun~,IL1_okurigana(kun 96%) | A1_compound_oku(kun 90%) | A1_on_kun_mix(on+kun 65%),引:◆(弓の弦iに指を掛け、ぐいと)手前に寄せる、「向こうへぐいと押しやる」とは逆の動きをいう◆ぐいと伸ばす、「引領(インレイ、首を伸ばす、首を伸ばして待ち受ける); 出:◆範囲・領域・組織や区切り・境界の内(内側、内部、裏側、こちら側、私的なところ)から外(外側、外部、表側、向こう側、公のところ)に移る、また移す、外から内へ移る
kk_引っ越す_ひっこす,引っ越す,ひっこす,引:◆(弓の弦iに指を掛け、ぐいと)手前に寄せる、「向こうへぐいと押しやる」とは逆の動きをいう◆ぐいと伸ばす、「引領(インレイ、首を伸ばす、首を伸ばして待ち受ける); 越:◆行く手(ゆくて)を阻(はば)んでいるものの上を跨(また)ぐようにしてその先に行く、区切りや障害となっているものの先に行く、同「逾」◆度(ど、区切り・限度・程度,N4,kun,kun+kun~,IL1_okurigana(kun 96%) | A1_compound_oku(kun 90%) | A1_on_kun_mix(on+kun 65%),引:◆(弓の弦iに指を掛け、ぐいと)手前に寄せる、「向こうへぐいと押しやる」とは逆の動きをいう◆ぐいと伸ばす、「引領(インレイ、首を伸ばす、首を伸ばして待ち受ける); 越:◆行く手(ゆくて)を阻(はば)んでいるものの上を跨(また)ぐようにしてその先に行く、区切りや障害となっているものの先に行く、同「逾」◆度(ど、区切り・限度・程度
kk_引越し_ひっこし,引越し,ひっこし,引:◆(弓の弦iに指を掛け、ぐいと)手前に寄せる、「向こうへぐいと押しやる」とは逆の動きをいう◆ぐいと伸ばす、「引領(インレイ、首を伸ばす、首を伸ばして待ち受ける); 越:◆行く手(ゆくて)を阻(はば)んでいるものの上を跨(また)ぐようにしてその先に行く、区切りや障害となっているものの先に行く、同「逾」◆度(ど、区切り・限度・程度,N4,kun,kun+kun~,IL1_okurigana(kun 96%) | A1_compound_oku(kun 90%) | A1_on_kun_mix(on+kun 65%),引:◆(弓の弦iに指を掛け、ぐいと)手前に寄せる、「向こうへぐいと押しやる」とは逆の動きをいう◆ぐいと伸ばす、「引領(インレイ、首を伸ばす、首を伸ばして待ち受ける); 越:◆行く手(ゆくて)を阻(はば)んでいるものの上を跨(また)ぐようにしてその先に行く、区切りや障害となっているものの先に行く、同「逾」◆度(ど、区切り・限度・程度
kk_当たる_あたる,当たる,あたる,当:◆正面からぶつかる、正面から向き合う、相対する、同「噹」◆適合する、相応しい◆受け持つ、引き受ける◆そうするべき、そうあるべき◆この(this)、今、此処(ここ,N4,kun,kun,IL1_okurigana(kun 96%) | IL2_single_okuri(kun 96%),当:◆正面からぶつかる、正面から向き合う、相対する、同「噹」◆適合する、相応しい◆受け持つ、引き受ける◆そうするべき、そうあるべき◆この(this)、今、此処(ここ
kk_当てる_あてる,当てる,あてる,当:◆正面からぶつかる、正面から向き合う、相対する、同「噹」◆適合する、相応しい◆受け持つ、引き受ける◆そうするべき、そうあるべき◆この(this)、今、此処(ここ,N4,kun,kun,IL1_okurigana(kun 96%) | IL2_single_okuri(kun 96%),当:◆正面からぶつかる、正面から向き合う、相対する、同「噹」◆適合する、相応しい◆受け持つ、引き受ける◆そうするべき、そうあるべき◆この(this)、今、此処(ここ
kk_形_かたち,形,かたち,形:◆ものの表に現れた姿、外観◆ものの表の様子、状態◆型、様式,N4,kun,kun,IL2_single_default(kun 84%),形:◆ものの表に現れた姿、外観◆ものの表の様子、状態◆型、様式
kk_影響_えいきょう,影響,えいきょう,影:◆光が遮(さえぎ)られてできる像(ゾウ)◆鏡などに映(うつ)った像、実物と同じような姿や形◆写真、肖像、映像、映画◆[日](ものの影になって)光の当たらないさま; 響:◆声や音、声や音を立てる◆(声や音などの振動が)辺りに広がる、鳴り渡(わた)る,N4,on,on+on,,影:◆光が遮(さえぎ)られてできる像(ゾウ)◆鏡などに映(うつ)った像、実物と同じような姿や形◆写真、肖像、映像、映画◆[日](ものの影になって)光の当たらないさま; 響:◆声や音、声や音を立てる◆(声や音などの振動が)辺りに広がる、鳴り渡(わた)る
kk_役に立つ_やくにたつ,役に立つ,やくにたつ,役:◆辺境の守備をさせる、人に厳しい労働をさせる◆労働、戦(いくさ)、またそれらの労務に服する人◆割り当てられた任務や職務、またそれを務める人; 立:◆地(チ、地面、土台、基盤)に足を着け垂直にする、また垂直になる、地から上に向かって伸ばす、また伸びる◆しっかりとした土台を築いてその上にものを作り上げて行く、,N4,mixed,on+kun~,IL1_okurigana(kun 96%) | A1_compound_oku(kun 90%) | A1_on_kun_mix(on+kun 65%),役:◆辺境の守備をさせる、人に厳しい労働をさせる◆労働、戦(いくさ)、またそれらの労務に服する人◆割り当てられた任務や職務、またそれを務める人; 立:◆地(チ、地面、土台、基盤)に足を着け垂直にする、また垂直になる、地から上に向かって伸ばす、また伸びる◆しっかりとした土台を築いてその上にものを作り上げて行く、
kk_彼_かれ,彼,かれ,彼:◆あの、あれ、that、近くにないものを指す語、近くのものを指す語は「此(シ、この、これ)」◆あちらの、向こうの、「彼此(ヒシ、あれとこれ、あちらとこちら)」,N4,kun,kun,IL2_single_default(kun 84%),彼:◆あの、あれ、that、近くにないものを指す語、近くのものを指す語は「此(シ、この、これ)」◆あちらの、向こうの、「彼此(ヒシ、あれとこれ、あちらとこちら)」
kk_彼ら_かれら,彼ら,かれら,彼:◆あの、あれ、that、近くにないものを指す語、近くのものを指す語は「此(シ、この、これ)」◆あちらの、向こうの、「彼此(ヒシ、あれとこれ、あちらとこちら)」,N4,kun,kun,IL1_okurigana(kun 96%) | IL2_single_okuri(kun 96%),彼:◆あの、あれ、that、近くにないものを指す語、近くのものを指す語は「此(シ、この、これ)」◆あちらの、向こうの、「彼此(ヒシ、あれとこれ、あちらとこちら)」
kk_彼女_かのじょ,彼女,かのじょ,彼:◆あの、あれ、that、近くにないものを指す語、近くのものを指す語は「此(シ、この、これ)」◆あちらの、向こうの、「彼此(ヒシ、あれとこれ、あちらとこちら)」; 女:◆雌(シ、めす)としての特性を持つ人、男(雄おすとしての特性を持つ人)と対になる性の一方◆娘(むすめ、若い未婚の女性)、既婚は「婦」◆妻(めあ)わせる、嫁(とつ,N4,mixed,kun+on~,A3_short_compound(on+on 71%),彼:◆あの、あれ、that、近くにないものを指す語、近くのものを指す語は「此(シ、この、これ)」◆あちらの、向こうの、「彼此(ヒシ、あれとこれ、あちらとこちら)」; 女:◆雌(シ、めす)としての特性を持つ人、男(雄おすとしての特性を持つ人)と対になる性の一方◆娘(むすめ、若い未婚の女性)、既婚は「婦」◆妻(めあ)わせる、嫁(とつ
kk_後輩_こうはい,後輩,こうはい,後:◆位置的には背の方向、時間的には未来の方向、順位・順序では下位の方向、逆は「前」「先」◆遅れる、遅れて来る◆家を継ぐ子、子孫◆簡「后」; 輩:◆車の数の単位、1輩=100輌◆車列、車が列を成すさま、「輩出(ハイシュツ、列を成して次々に現れ出るさま)」◆ともがら、やから、同等・同類・同属・同世代などの同,N4,on,on+on,,後:◆位置的には背の方向、時間的には未来の方向、順位・順序では下位の方向、逆は「前」「先」◆遅れる、遅れて来る◆家を継ぐ子、子孫◆簡「后」; 輩:◆車の数の単位、1輩=100輌◆車列、車が列を成すさま、「輩出(ハイシュツ、列を成して次々に現れ出るさま)」◆ともがら、やから、同等・同類・同属・同世代などの同
kk_従兄弟_いとこ,従兄弟,いとこ,従:◆付き随(したが)う、前の人や物事の後(あと)に付いて行く、同「蹤」「䢨」「𨑢」◆考え・規則・指示・命令・前例などを受け入れる、また逆らうことなくその通りにする; 兄:◆同じ親を持つ自分よりも先に生まれた男子、同「哥哥(カカ)」、自分よりも後から生まれた男子は「弟」◆年長また同世代の男子に対する敬称; 弟:◆同じ親を持つ自分よりも後から生まれた男子、同「𠂖」、先に生まれた男子は「兄」◆年長者や兄姉を敬い従う、同「悌」◆「弟靡(テイビ)」、逆らうことなく従う、「【莊,N4,other,mixed+mixed+mixed~,A4_multi_on(on+on+on 65%),従:◆付き随(したが)う、前の人や物事の後(あと)に付いて行く、同「蹤」「䢨」「𨑢」◆考え・規則・指示・命令・前例などを受け入れる、また逆らうことなくその通りにする; 兄:◆同じ親を持つ自分よりも先に生まれた男子、同「哥哥(カカ)」、自分よりも後から生まれた男子は「弟」◆年長また同世代の男子に対する敬称; 弟:◆同じ親を持つ自分よりも後から生まれた男子、同「𠂖」、先に生まれた男子は「兄」◆年長者や兄姉を敬い従う、同「悌」◆「弟靡(テイビ)」、逆らうことなく従う、「【莊
kk_御主人_ごしゅじん,御主人,ごしゅじん,御:◆(馬などを)意のままに操(あやつ)る、またその人、同「馭」◆治(おさ)める、統治(トウチ)する◆天子に関する言葉に付けて尊敬の意を表す語◆侍(はべ)る、天子に; 主:◆蝋燭やランプなどの灯心、同「炷」◆多くの中で特に重要な、またそのような人◆中心となるもの、中心にあるもの、またそのような人◆司(つかさど)る、中心となって統治; 人:◆霊長目ヒト科ヒト属の生物、ホモ・サピエンスHomo sapiens(「知恵の人」の意)、同「儿」◆自分以外の者、「人我(ジンガ、他人と自分)」◆人の数(かず),N4,on,on+on+on,A4_multi_on(on+on+on 65%),御:◆(馬などを)意のままに操(あやつ)る、またその人、同「馭」◆治(おさ)める、統治(トウチ)する◆天子に関する言葉に付けて尊敬の意を表す語◆侍(はべ)る、天子に; 主:◆蝋燭やランプなどの灯心、同「炷」◆多くの中で特に重要な、またそのような人◆中心となるもの、中心にあるもの、またそのような人◆司(つかさど)る、中心となって統治; 人:◆霊長目ヒト科ヒト属の生物、ホモ・サピエンスHomo sapiens(「知恵の人」の意)、同「儿」◆自分以外の者、「人我(ジンガ、他人と自分)」◆人の数(かず)
kk_御出でになる_おいでになる,御出でになる,おいでになる,御:◆(馬などを)意のままに操(あやつ)る、またその人、同「馭」◆治(おさ)める、統治(トウチ)する◆天子に関する言葉に付けて尊敬の意を表す語◆侍(はべ)る、天子に; 出:◆範囲・領域・組織や区切り・境界の内(内側、内部、裏側、こちら側、私的なところ)から外(外側、外部、表側、向こう側、公のところ)に移る、また移す、外から内へ移る,N4,kun,kun+kun,IL1_okurigana(kun 96%) | A1_compound_oku(kun 90%) | A1_on_kun_mix(on+kun 65%),御:◆(馬などを)意のままに操(あやつ)る、またその人、同「馭」◆治(おさ)める、統治(トウチ)する◆天子に関する言葉に付けて尊敬の意を表す語◆侍(はべ)る、天子に; 出:◆範囲・領域・組織や区切り・境界の内(内側、内部、裏側、こちら側、私的なところ)から外(外側、外部、表側、向こう側、公のところ)に移る、また移す、外から内へ移る
kk_御嬢さん_おじょうさん,御嬢さん,おじょうさん,御:◆(馬などを)意のままに操(あやつ)る、またその人、同「馭」◆治(おさ)める、統治(トウチ)する◆天子に関する言葉に付けて尊敬の意を表す語◆侍(はべ)る、天子に; 嬢:◆母、母親、同「娘」◆娘、若い未婚の女性、少女、同「娘」◆[日]未婚の女性に対する敬称,N4,mixed,kun+on~,IL1_okurigana(kun 96%) | A1_compound_oku(kun 90%) | A1_on_kun_mix(on+kun 65%),御:◆(馬などを)意のままに操(あやつ)る、またその人、同「馭」◆治(おさ)める、統治(トウチ)する◆天子に関する言葉に付けて尊敬の意を表す語◆侍(はべ)る、天子に; 嬢:◆母、母親、同「娘」◆娘、若い未婚の女性、少女、同「娘」◆[日]未婚の女性に対する敬称
kk_御宅_おたく,御宅,おたく,御:◆(馬などを)意のままに操(あやつ)る、またその人、同「馭」◆治(おさ)める、統治(トウチ)する◆天子に関する言葉に付けて尊敬の意を表す語◆侍(はべ)る、天子に; 宅:◆身を託(タク)すところ、住まい、住むための建物、住居(ジュウキョ)◆住まう、居住(キョジュウ)する◆落ち着く◆墓、墓地、「宅兆(タクチョウ)」,N4,mixed,kun+on~,A3_short_compound(on+on 71%) | B_noun_rad_宀(kun 93%),御:◆(馬などを)意のままに操(あやつ)る、またその人、同「馭」◆治(おさ)める、統治(トウチ)する◆天子に関する言葉に付けて尊敬の意を表す語◆侍(はべ)る、天子に; 宅:◆身を託(タク)すところ、住まい、住むための建物、住居(ジュウキョ)◆住まう、居住(キョジュウ)する◆落ち着く◆墓、墓地、「宅兆(タクチョウ)」
kk_御数_おかず,御数,おかず,御:◆(馬などを)意のままに操(あやつ)る、またその人、同「馭」◆治(おさ)める、統治(トウチ)する◆天子に関する言葉に付けて尊敬の意を表す語◆侍(はべ)る、天子に; 数:◆かず、同種のもの(繰り返されるもの)の多少を表す語◆かぞ・える、一つ二つ(一回二回)と計算する、またその多少◆細かい、煩(わずら)わしい◆しばしば、同じことを,N4,kun,kun+kun~,A3_short_compound(on+on 71%),御:◆(馬などを)意のままに操(あやつ)る、またその人、同「馭」◆治(おさ)める、統治(トウチ)する◆天子に関する言葉に付けて尊敬の意を表す語◆侍(はべ)る、天子に; 数:◆かず、同種のもの(繰り返されるもの)の多少を表す語◆かぞ・える、一つ二つ(一回二回)と計算する、またその多少◆細かい、煩(わずら)わしい◆しばしば、同じことを
kk_御釣り_おつり,御釣り,おつり,御:◆(馬などを)意のままに操(あやつ)る、またその人、同「馭」◆治(おさ)める、統治(トウチ)する◆天子に関する言葉に付けて尊敬の意を表す語◆侍(はべ)る、天子に; 釣:◆鉤(かぎ、先を曲げた金具)に引っ掛ける、また引っ掛けて魚を獲(と)る、同「魡」◆(餌をぶら下げて)誘(おび)き出す、誘き出して手に入れる◆吊(つ)る、吊り下げ,N4,kun,kun+kun,IL1_okurigana(kun 96%) | A1_compound_oku(kun 90%) | A1_on_kun_mix(on+kun 65%),御:◆(馬などを)意のままに操(あやつ)る、またその人、同「馭」◆治(おさ)める、統治(トウチ)する◆天子に関する言葉に付けて尊敬の意を表す語◆侍(はべ)る、天子に; 釣:◆鉤(かぎ、先を曲げた金具)に引っ掛ける、また引っ掛けて魚を獲(と)る、同「魡」◆(餌をぶら下げて)誘(おび)き出す、誘き出して手に入れる◆吊(つ)る、吊り下げ
kk_御馳走_ごちそう,御馳走,ごちそう,御:◆(馬などを)意のままに操(あやつ)る、またその人、同「馭」◆治(おさ)める、統治(トウチ)する◆天子に関する言葉に付けて尊敬の意を表す語◆侍(はべ)る、天子に; 馳:◆馬を速く駆(か)けさせる、疾駆(シック)させる、また疾駆する、同「䮈」、「【集韻:卷一:平聲:支第五:馳𧂓䮈】陳知切說文大驅也」◆縦横(ジュウオウ、北へ南へ東; 走:◆片足を地に着け止め、残る片足を前に運んで止める、という動作を左右の足で交互に速く繰り返す、早足(はやあし)で行く、同「趨」、ゆっくり繰り返すことを「歩」◆逃(,N4,on,on+on+on,A4_multi_on(on+on+on 65%),御:◆(馬などを)意のままに操(あやつ)る、またその人、同「馭」◆治(おさ)める、統治(トウチ)する◆天子に関する言葉に付けて尊敬の意を表す語◆侍(はべ)る、天子に; 馳:◆馬を速く駆(か)けさせる、疾駆(シック)させる、また疾駆する、同「䮈」、「【集韻:卷一:平聲:支第五:馳𧂓䮈】陳知切說文大驅也」◆縦横(ジュウオウ、北へ南へ東; 走:◆片足を地に着け止め、残る片足を前に運んで止める、という動作を左右の足で交互に速く繰り返す、早足(はやあし)で行く、同「趨」、ゆっくり繰り返すことを「歩」◆逃(
kk_御～_ご～,御～,ご～,御:◆(馬などを)意のままに操(あやつ)る、またその人、同「馭」◆治(おさ)める、統治(トウチ)する◆天子に関する言葉に付けて尊敬の意を表す語◆侍(はべ)る、天子に,N4,other,unknown,IL2_single_default(kun 84%),御:◆(馬などを)意のままに操(あやつ)る、またその人、同「馭」◆治(おさ)める、統治(トウチ)する◆天子に関する言葉に付けて尊敬の意を表す語◆侍(はべ)る、天子に
kk_復習_ふくしゅう,復習,ふくしゅう,復:◆来た道と同じ道を辿って帰る、引き返す◆元の位置や状態に戻す、また戻る、同「覆」、同簡「复」◆繰り返す、繰り返される◆問いに対して返答する、指示などに対してその; 習:◆何度も繰り返す、何度も繰り返すことによって身に付ける、同「慣」◆なら・わし、繰り返されることで身に付いたこと、普段から繰り返し行われること、同「慣」,N4,on,on+on,,復:◆来た道と同じ道を辿って帰る、引き返す◆元の位置や状態に戻す、また戻る、同「覆」、同簡「复」◆繰り返す、繰り返される◆問いに対して返答する、指示などに対してその; 習:◆何度も繰り返す、何度も繰り返すことによって身に付ける、同「慣」◆なら・わし、繰り返されることで身に付いたこと、普段から繰り返し行われること、同「慣」
kk_心_こころ,心,こころ,心:◆血液を循環させる働きをする臓器で五臓(心シン・肝カン・脾ヒ・肺ハイ・腎ジン)の一つ ◆ものの真(ま)ん中、真ん中(中心)にあるもの、ものの重要な部分、ものの本,N4,kun,kun,IL2_single_default(kun 84%),心:◆血液を循環させる働きをする臓器で五臓(心シン・肝カン・脾ヒ・肺ハイ・腎ジン)の一つ ◆ものの真(ま)ん中、真ん中(中心)にあるもの、ものの重要な部分、ものの本
kk_心配_しんぱい,心配,しんぱい,心:◆血液を循環させる働きをする臓器で五臓(心シン・肝カン・脾ヒ・肺ハイ・腎ジン)の一つ ◆ものの真(ま)ん中、真ん中(中心)にあるもの、ものの重要な部分、ものの本; 配:◆釣り合いが取れるようにする、相応(ふさわ)しい形や状態にする◆幾つかのものを合わせて(結び付けて)整える、調和させる◆結婚した相手、また妻、「配偶(ハイグウ、,N4,other,mixed+mixed~,,心:◆血液を循環させる働きをする臓器で五臓(心シン・肝カン・脾ヒ・肺ハイ・腎ジン)の一つ ◆ものの真(ま)ん中、真ん中(中心)にあるもの、ものの重要な部分、ものの本; 配:◆釣り合いが取れるようにする、相応(ふさわ)しい形や状態にする◆幾つかのものを合わせて(結び付けて)整える、調和させる◆結婚した相手、また妻、「配偶(ハイグウ、
kk_必ず_かならず,必ず,かならず,必:◆かなら・ず、確実に～、間違いなく～、きっと～,N4,kun,kun,IL1_okurigana(kun 96%) | IL2_single_okuri(kun 96%),必:◆かなら・ず、確実に～、間違いなく～、きっと～
kk_必要_ひつよう,必要,ひつよう,必:◆かなら・ず、確実に～、間違いなく～、きっと～; 要:◆(体の要かなめとなる)腰(こし)◆物事の中心となるところ、非常に大切なところ◆求める、強く乞(こ)う、「要求(ヨウキュウ)」「要請(ヨウセイ、請い求める、強く,N4,on,on+on,,必:◆かなら・ず、確実に～、間違いなく～、きっと～; 要:◆(体の要かなめとなる)腰(こし)◆物事の中心となるところ、非常に大切なところ◆求める、強く乞(こ)う、「要求(ヨウキュウ)」「要請(ヨウセイ、請い求める、強く
kk_忘れ物_わすれもの,忘れ物,わすれもの,忘:◆知っていたこと・覚えていたこと・為すべきことを思い出せない、失念する; 物:◆(天地の間に存在する)人以外の形のあるもの、人は「者」、形のないものは「事」,N4,kun,kun+kun~,IL1_okurigana(kun 96%) | A1_compound_oku(kun 90%) | A1_on_kun_mix(on+kun 65%),忘:◆知っていたこと・覚えていたこと・為すべきことを思い出せない、失念する; 物:◆(天地の間に存在する)人以外の形のあるもの、人は「者」、形のないものは「事」
kk_怒る_おこる,怒る,おこる,怒:◆腹を立てる、憤(いきどお)る◆勢いよいさま、奮(ふる)い立つさま,N4,kun,kun,IL1_okurigana(kun 96%) | IL2_single_okuri(kun 96%),怒:◆腹を立てる、憤(いきどお)る◆勢いよいさま、奮(ふる)い立つさま
kk_怖い_こわい,怖い,こわい,怖:◆(身に迫って来るものに対して)恐れる、畏(おそ)れる、おどおどする、びくびくする、身を竦(すく)ませる、同「惶」◆お・じける、恐れで身が竦む,N4,kun,kun,IL1_okurigana(kun 96%) | IL2_single_okuri(kun 96%),怖:◆(身に迫って来るものに対して)恐れる、畏(おそ)れる、おどおどする、びくびくする、身を竦(すく)ませる、同「惶」◆お・じける、恐れで身が竦む
kk_怖がる_こわがる,怖がる,こわがる,怖:◆(身に迫って来るものに対して)恐れる、畏(おそ)れる、おどおどする、びくびくする、身を竦(すく)ませる、同「惶」◆お・じける、恐れで身が竦む,N4,kun,kun,IL1_okurigana(kun 96%) | IL2_single_okuri(kun 96%),怖:◆(身に迫って来るものに対して)恐れる、畏(おそ)れる、おどおどする、びくびくする、身を竦(すく)ませる、同「惶」◆お・じける、恐れで身が竦む
kk_思い出す_おもいだす,思い出す,おもいだす,思:◆心の中で考える、心に浮かぶ、心に浮かべる、想(おも)う、「思慮(シリョ、あれこれと思いや考えを巡らすこと)」「相思(ソウシ、互いに相手を思うこと、思い合うこと; 出:◆範囲・領域・組織や区切り・境界の内(内側、内部、裏側、こちら側、私的なところ)から外(外側、外部、表側、向こう側、公のところ)に移る、また移す、外から内へ移る,N4,kun,kun+kun,IL1_okurigana(kun 96%) | A1_compound_oku(kun 90%) | A1_on_kun_mix(on+kun 65%),思:◆心の中で考える、心に浮かぶ、心に浮かべる、想(おも)う、「思慮(シリョ、あれこれと思いや考えを巡らすこと)」「相思(ソウシ、互いに相手を思うこと、思い合うこと; 出:◆範囲・領域・組織や区切り・境界の内(内側、内部、裏側、こちら側、私的なところ)から外(外側、外部、表側、向こう側、公のところ)に移る、また移す、外から内へ移る
kk_怠い_だるい,怠い,だるい,怠:◆おこた・る、緊張感がなくすべきことをしない◆なま・ける、気が緩(ゆる)んで進んでしようとしない、だらだらとして身が入らない、同「懈」,N4,other,unknown,IL1_okurigana(kun 96%) | IL2_single_okuri(kun 96%),怠:◆おこた・る、緊張感がなくすべきことをしない◆なま・ける、気が緩(ゆる)んで進んでしようとしない、だらだらとして身が入らない、同「懈」
kk_急_きゅう,急,きゅう,急:◆ゆとりがないさま、余裕がないさま、ゆったりとしていないさま◆せ・く、気持ちにゆとりがない、忙(せわ)しい◆いそ・ぐ、間(マ)を置かずに動く、早く動く、せかせか,N4,on,on,IL2_single_default(kun 84%),急:◆ゆとりがないさま、余裕がないさま、ゆったりとしていないさま◆せ・く、気持ちにゆとりがない、忙(せわ)しい◆いそ・ぐ、間(マ)を置かずに動く、早く動く、せかせか
kk_急に_きゅうに,急に,きゅうに,急:◆ゆとりがないさま、余裕がないさま、ゆったりとしていないさま◆せ・く、気持ちにゆとりがない、忙(せわ)しい◆いそ・ぐ、間(マ)を置かずに動く、早く動く、せかせか,N4,on,on,IL1_okurigana(kun 96%) | IL2_single_okuri(kun 96%),急:◆ゆとりがないさま、余裕がないさま、ゆったりとしていないさま◆せ・く、気持ちにゆとりがない、忙(せわ)しい◆いそ・ぐ、間(マ)を置かずに動く、早く動く、せかせか
kk_急行_きゅうこう,急行,きゅうこう,急:◆ゆとりがないさま、余裕がないさま、ゆったりとしていないさま◆せ・く、気持ちにゆとりがない、忙(せわ)しい◆いそ・ぐ、間(マ)を置かずに動く、早く動く、せかせか; 行:◆左足を前に出し(彳)次に右足を前に出す(亍)、足を交互に動かして前に進む◆目的とするところに向かって進む◆遠くに出掛ける、旅に出る◆道、人が往来する道路、同「,N4,on,on+on,,急:◆ゆとりがないさま、余裕がないさま、ゆったりとしていないさま◆せ・く、気持ちにゆとりがない、忙(せわ)しい◆いそ・ぐ、間(マ)を置かずに動く、早く動く、せかせか; 行:◆左足を前に出し(彳)次に右足を前に出す(亍)、足を交互に動かして前に進む◆目的とするところに向かって進む◆遠くに出掛ける、旅に出る◆道、人が往来する道路、同「
kk_性格_せいかく,性格,せいかく,性:◆生まれながらに持っている能力・性格・習癖・運命などの無形のもの◆男女・雄雌の別、男女間また雄雌間の本能的な関係◆物事が具えている資質や能力; 格:◆長く伸びた木の枝、その枝が交差するさま◆四角い枠(わく)、四角く枠をはめる◆ものの外枠、規則や基準◆限界(外枠)まで至る、行き着く、窮(きわ)まる、同「𢓜」◆,N4,on,on+on,B_noun_rad_木(kun 93%),性:◆生まれながらに持っている能力・性格・習癖・運命などの無形のもの◆男女・雄雌の別、男女間また雄雌間の本能的な関係◆物事が具えている資質や能力; 格:◆長く伸びた木の枝、その枝が交差するさま◆四角い枠(わく)、四角く枠をはめる◆ものの外枠、規則や基準◆限界(外枠)まで至る、行き着く、窮(きわ)まる、同「𢓜」◆
kk_怪我_けが,怪我,けが,怪:◆普通とは違っていてるさま、これまでに見たことがないさま、譬(たと)えようががないさま◆得体が知れない、奇異な、不思議な◆不審に思う、疑わしく思う; 我:◆自分の、主に所有格(my)や目的格(me)で用いられ、主格(I)では「吾」が用いられる、「我見(ガケン、私見、わたしの見解)」◆自分、自分を指す語、同「吾」「,N4,on,on+on,A3_short_compound(on+on 71%),怪:◆普通とは違っていてるさま、これまでに見たことがないさま、譬(たと)えようががないさま◆得体が知れない、奇異な、不思議な◆不審に思う、疑わしく思う; 我:◆自分の、主に所有格(my)や目的格(me)で用いられ、主格(I)では「吾」が用いられる、「我見(ガケン、私見、わたしの見解)」◆自分、自分を指す語、同「吾」「
kk_恐ろしい_おそろしい,恐ろしい,おそろしい,恐:◆おそ・れる、危害や不幸が及ぶかもしれないとびくびくする、また心配する、また不安になる◆おそ・らく、おそ・れ、多分、～となるかもしれない、好ましくない状態になる,N4,kun,kun,IL1_okurigana(kun 96%) | IL2_single_okuri(kun 96%),恐:◆おそ・れる、危害や不幸が及ぶかもしれないとびくびくする、また心配する、また不安になる◆おそ・らく、おそ・れ、多分、～となるかもしれない、好ましくない状態になる
kk_恥ずかしい_はずかしい,恥ずかしい,はずかしい,恥:◆面目(メンモク)ない、顔向けできない、きまりが悪い、「恥辱(チジョク)」「羞恥(シュウチ)」,N4,kun,kun,IL1_okurigana(kun 96%) | IL2_single_okuri(kun 96%),恥:◆面目(メンモク)ない、顔向けできない、きまりが悪い、「恥辱(チジョク)」「羞恥(シュウチ)」
kk_息子_むすこ,息子,むすこ,息:◆いき、口や鼻で吐いたり吸ったりする空気◆呼吸する、一度吐いて吸うことを「一息」という◆生きている◆止(や)む、鎮(しず)まる、落ち着く、同「熄」◆休む、休憩す; 子:◆母親から産まれるもの、古くは男女を問わず「子」といったが、現代中国では男の子(息子)を指す◆新しく産まれる(生まれる)ものの元となるもの、植物の種や実、動物の,N4,other,mixed+mixed~,A3_short_compound(on+on 71%),息:◆いき、口や鼻で吐いたり吸ったりする空気◆呼吸する、一度吐いて吸うことを「一息」という◆生きている◆止(や)む、鎮(しず)まる、落ち着く、同「熄」◆休む、休憩す; 子:◆母親から産まれるもの、古くは男女を問わず「子」といったが、現代中国では男の子(息子)を指す◆新しく産まれる(生まれる)ものの元となるもの、植物の種や実、動物の
kk_患者_かんじゃ,患者,かんじゃ,患:◆憂(うれ)える、悩み苦しむ◆悩みや苦しみを齎(もたら)す災難、禍(わざわい)◆病(や)む、病気になる; 者:◆～の人、～する人、「使者(ししゃ、使いをする人、運び届けること)」◆こと(事)、もの(物)、「再者(サイシャ、更に付け加えること、追伸)」「前者(ゼンシャ、前,N4,other,mixed+mixed~,A3_short_compound(on+on 71%),患:◆憂(うれ)える、悩み苦しむ◆悩みや苦しみを齎(もたら)す災難、禍(わざわい)◆病(や)む、病気になる; 者:◆～の人、～する人、「使者(ししゃ、使いをする人、運び届けること)」◆こと(事)、もの(物)、「再者(サイシャ、更に付け加えること、追伸)」「前者(ゼンシャ、前
kk_悲しい_かなしい,悲しい,かなしい,悲:◆心が深く(ひりひりと)痛む、心が締め付けられているような感じがして苦しむ、声は出るが涙は出ない状態、「【說文解字注:心部:悲】痛也(按憯者痛之深者也恫者痛之專,N4,kun,kun,IL1_okurigana(kun 96%) | IL2_single_okuri(kun 96%),悲:◆心が深く(ひりひりと)痛む、心が締め付けられているような感じがして苦しむ、声は出るが涙は出ない状態、「【說文解字注:心部:悲】痛也(按憯者痛之深者也恫者痛之專
kk_悲しがる_かなしがる,悲しがる,かなしがる,悲:◆心が深く(ひりひりと)痛む、心が締め付けられているような感じがして苦しむ、声は出るが涙は出ない状態、「【說文解字注:心部:悲】痛也(按憯者痛之深者也恫者痛之專,N4,kun,kun,IL1_okurigana(kun 96%) | IL2_single_okuri(kun 96%),悲:◆心が深く(ひりひりと)痛む、心が締め付けられているような感じがして苦しむ、声は出るが涙は出ない状態、「【說文解字注:心部:悲】痛也(按憯者痛之深者也恫者痛之專
kk_情報_じょうほう,情報,じょうほう,情:◆物事(特に他の人)からの働き掛けで起こる喜怒哀楽愛好悪欲などの心の動き、「感情(カンジョウ)」◆他に寄せる思い、「愛情(アイジョウ)」◆異性に寄せる思い、好意; 報:◆相手から受けた物事に対して相応(ソウオウ)の物事で返す、相手に与えた物事に対して相応の物事が返ってくる、罪科の程度に相応する罰を与える(「罪を犯せば相応の罰が,N4,on,on+on,,情:◆物事(特に他の人)からの働き掛けで起こる喜怒哀楽愛好悪欲などの心の動き、「感情(カンジョウ)」◆他に寄せる思い、「愛情(アイジョウ)」◆異性に寄せる思い、好意; 報:◆相手から受けた物事に対して相応(ソウオウ)の物事で返す、相手に与えた物事に対して相応の物事が返ってくる、罪科の程度に相応する罰を与える(「罪を犯せば相応の罰が
kk_意見_いけん,意見,いけん,意:◆心の中にあって外(言葉や態度・行動など)には出さない思いや考え、心の動きや働き、気持ち◆物事の内にあって表には現れ出ないもの、内に込められているもの; 見:◆目でものや状況を認識する、目に入る◆(見たものの)認識の仕方、考え◆人と顔を合わせる、対面する◆みる、部首名,N4,on,on+on,A3_short_compound(on+on 71%),意:◆心の中にあって外(言葉や態度・行動など)には出さない思いや考え、心の動きや働き、気持ち◆物事の内にあって表には現れ出ないもの、内に込められているもの; 見:◆目でものや状況を認識する、目に入る◆(見たものの)認識の仕方、考え◆人と顔を合わせる、対面する◆みる、部首名
kk_愛_あい,愛,あい,愛:◆相手に心を寄せる、慕(した)う、またその気持◆心から慈(いつく)しむ、優しく大切に可愛がる◆心から好む、気に入る、気に入って手放せない,N4,on,on,IL2_single_default(kun 84%),愛:◆相手に心を寄せる、慕(した)う、またその気持◆心から慈(いつく)しむ、優しく大切に可愛がる◆心から好む、気に入る、気に入って手放せない
kk_愛犬_あいけん,愛犬,あいけん,愛:◆相手に心を寄せる、慕(した)う、またその気持◆心から慈(いつく)しむ、優しく大切に可愛がる◆心から好む、気に入る、気に入って手放せない; 犬:◆イヌ科の動物の総称、同「狗」、敢えて区分するとすれば大形のものが「犬」、小形のものが「狗」◆つまらないもの、(自らを卑下して)つまらないもの◆「犬馬(ケンバ),N4,on,on+on,,愛:◆相手に心を寄せる、慕(した)う、またその気持◆心から慈(いつく)しむ、優しく大切に可愛がる◆心から好む、気に入る、気に入って手放せない; 犬:◆イヌ科の動物の総称、同「狗」、敢えて区分するとすれば大形のものが「犬」、小形のものが「狗」◆つまらないもの、(自らを卑下して)つまらないもの◆「犬馬(ケンバ)
kk_感じ_かんじ,感じ,かんじ,感:◆外部から受けた刺激を知覚する◆外部からの刺激を受けて心や体が反応する、また動く,N4,on,on,IL1_okurigana(kun 96%) | IL2_single_okuri(kun 96%),感:◆外部から受けた刺激を知覚する◆外部からの刺激を受けて心や体が反応する、また動く
kk_感心_かんしん,感心,かんしん,感:◆外部から受けた刺激を知覚する◆外部からの刺激を受けて心や体が反応する、また動く; 心:◆血液を循環させる働きをする臓器で五臓(心シン・肝カン・脾ヒ・肺ハイ・腎ジン)の一つ ◆ものの真(ま)ん中、真ん中(中心)にあるもの、ものの重要な部分、ものの本,N4,on,on+on,,感:◆外部から受けた刺激を知覚する◆外部からの刺激を受けて心や体が反応する、また動く; 心:◆血液を循環させる働きをする臓器で五臓(心シン・肝カン・脾ヒ・肺ハイ・腎ジン)の一つ ◆ものの真(ま)ん中、真ん中(中心)にあるもの、ものの重要な部分、ものの本
kk_態度_たいど,態度,たいど,態:◆心中の思いや考えなどが表に(体の動きになって)現れ出る、またその様子、「態度(タイド)」、「【說文解字注:心部:態】意態也(…意態者有是意因有是狀故曰意態…); 度:◆長さを測(はか)る際に基準となる物差し(ものさし)、またその目盛(めもり)、「度量(ドリョウ、長さと容量、人の言動をどの程度容認できるかの大きさ)」「法度(ハ,N4,on,on+on,A3_short_compound(on+on 71%) | B_noun_rad_广(kun 93%),態:◆心中の思いや考えなどが表に(体の動きになって)現れ出る、またその様子、「態度(タイド)」、「【說文解字注:心部:態】意態也(…意態者有是意因有是狀故曰意態…); 度:◆長さを測(はか)る際に基準となる物差し(ものさし)、またその目盛(めもり)、「度量(ドリョウ、長さと容量、人の言動をどの程度容認できるかの大きさ)」「法度(ハ
kk_慣れる_なれる,慣れる,なれる,慣:◆何度も繰り返す、何度も繰り返すことによって身に付ける、同「習」「摜」◆なら・わし、繰り返されることで身に付いたこと、普段から繰り返し行われること、同「習」,N4,kun,kun,IL1_okurigana(kun 96%) | IL2_single_okuri(kun 96%),慣:◆何度も繰り返す、何度も繰り返すことによって身に付ける、同「習」「摜」◆なら・わし、繰り返されることで身に付いたこと、普段から繰り返し行われること、同「習」
kk_憧れ_あこがれ,憧れ,あこがれ,憧:◆(心が)揺れ動く、(気持ちが)定まらない、「憧憧(ショウショウ、ドウドウ)」◆「憧憬(ショウケイ、ドウケイ)」、遠く離れたものにあれこれと思いを巡(めぐ)らす,N4,kun,kun,IL1_okurigana(kun 96%) | IL2_single_okuri(kun 96%),憧:◆(心が)揺れ動く、(気持ちが)定まらない、「憧憧(ショウショウ、ドウドウ)」◆「憧憬(ショウケイ、ドウケイ)」、遠く離れたものにあれこれと思いを巡(めぐ)らす
kk_成るべく_なるべく,成るべく,なるべく,成:◆為(な)す、形や状態などを変えようとする、また変わろうとする◆本来の形や状態になる、目的・目標を持って働き、当初の目的・目標に達する、出来上がる、仕上がる、「,N4,kun,kun,IL1_okurigana(kun 96%) | IL2_single_okuri(kun 96%),成:◆為(な)す、形や状態などを変えようとする、また変わろうとする◆本来の形や状態になる、目的・目標を持って働き、当初の目的・目標に達する、出来上がる、仕上がる、「
kk_成功_せいこう,成功,せいこう,成:◆為(な)す、形や状態などを変えようとする、また変わろうとする◆本来の形や状態になる、目的・目標を持って働き、当初の目的・目標に達する、出来上がる、仕上がる、「; 功:◆積み重ねて得た成果、価値のある行いやその結果◆優れた働き◆「女功(ジョコウ)」、女性の仕事、針仕事や糸紡(いとつむ)ぎ・機織(はたおり)など、同「女紅」◆麻製,N4,on,on+on,B_verb_rad_力(kun 80%),成:◆為(な)す、形や状態などを変えようとする、また変わろうとする◆本来の形や状態になる、目的・目標を持って働き、当初の目的・目標に達する、出来上がる、仕上がる、「; 功:◆積み重ねて得た成果、価値のある行いやその結果◆優れた働き◆「女功(ジョコウ)」、女性の仕事、針仕事や糸紡(いとつむ)ぎ・機織(はたおり)など、同「女紅」◆麻製
kk_成程_なるほど,成程,なるほど,成:◆為(な)す、形や状態などを変えようとする、また変わろうとする◆本来の形や状態になる、目的・目標を持って働き、当初の目的・目標に達する、出来上がる、仕上がる、「; 程:◆ものの大小・長短・軽重・強弱・優劣などをはかる(測る・量る・計る)際の基準・規格◆一定の決まり・手順・方法◆定まっている基準・規格・決まり・区切り・手順・方法,N4,kun,kun+kun~,,成:◆為(な)す、形や状態などを変えようとする、また変わろうとする◆本来の形や状態になる、目的・目標を持って働き、当初の目的・目標に達する、出来上がる、仕上がる、「; 程:◆ものの大小・長短・軽重・強弱・優劣などをはかる(測る・量る・計る)際の基準・規格◆一定の決まり・手順・方法◆定まっている基準・規格・決まり・区切り・手順・方法
kk_成長_せいちょう,成長,せいちょう,成:◆為(な)す、形や状態などを変えようとする、また変わろうとする◆本来の形や状態になる、目的・目標を持って働き、当初の目的・目標に達する、出来上がる、仕上がる、「; 長:◆距離や時間などが途切れることなく連なっている、離れたところまでずぅっと続いている、途切れなく続いているものの二点(両端)が大きく隔(へだ)たっている、またその,N4,on,on+on,,成:◆為(な)す、形や状態などを変えようとする、また変わろうとする◆本来の形や状態になる、目的・目標を持って働き、当初の目的・目標に達する、出来上がる、仕上がる、「; 長:◆距離や時間などが途切れることなく連なっている、離れたところまでずぅっと続いている、途切れなく続いているものの二点(両端)が大きく隔(へだ)たっている、またその
kk_我が儘_わがまま,我が儘,わがまま,我:◆自分の、主に所有格(my)や目的格(me)で用いられ、主格(I)では「吾」が用いられる、「我見(ガケン、私見、わたしの見解)」◆自分、自分を指す語、同「吾」「; 儘:◆尽(つ)きる、全てが出尽くす、全てを出し切る、同「尽」◆[日]まま、その通りに、思いの通りに◆簡「侭」◆簡「尽」,N4,mixed,on+kun~,IL1_okurigana(kun 96%) | A1_compound_oku(kun 90%) | A1_on_kun_mix(on+kun 65%),我:◆自分の、主に所有格(my)や目的格(me)で用いられ、主格(I)では「吾」が用いられる、「我見(ガケン、私見、わたしの見解)」◆自分、自分を指す語、同「吾」「; 儘:◆尽(つ)きる、全てが出尽くす、全てを出し切る、同「尽」◆[日]まま、その通りに、思いの通りに◆簡「侭」◆簡「尽」
kk_戦争_せんそう,戦争,せんそう,戦:◆戈(ほこ)などの武器を持って闘(たたか)う、争(あらそ)う◆勝負・優劣を競(きそ)い合う◆懼(おそ)れる、恐れでびくびくする、「戦慄(センリツ、恐怖で体を震わ; 争:◆互いに自分の方へ取り合う、奪い合う、戦う◆言い合い優劣・正否を競う、議論する、同「訟」「諍」◆諌(いさ)める、非や過ちを正すよう意見する、同「諫」「諍」◆いか,N4,on,on+on,,戦:◆戈(ほこ)などの武器を持って闘(たたか)う、争(あらそ)う◆勝負・優劣を競(きそ)い合う◆懼(おそ)れる、恐れでびくびくする、「戦慄(センリツ、恐怖で体を震わ; 争:◆互いに自分の方へ取り合う、奪い合う、戦う◆言い合い優劣・正否を競う、議論する、同「訟」「諍」◆諌(いさ)める、非や過ちを正すよう意見する、同「諫」「諍」◆いか
kk_戻る_もどる,戻る,もどる,戻:◆車の左右側の扉、「【說文解字注:戸部:戻】輜車旁推戶也(輜車者衣車也前後有蔽旁有可開之戶)」◆[日]もど・る、元と同じ状態になる、逆方向に向かって元の場所に帰,N4,kun,kun,IL1_okurigana(kun 96%) | IL2_single_okuri(kun 96%),戻:◆車の左右側の扉、「【說文解字注:戸部:戻】輜車旁推戶也(輜車者衣車也前後有蔽旁有可開之戶)」◆[日]もど・る、元と同じ状態になる、逆方向に向かって元の場所に帰
kk_扇風機_せんぷうき,扇風機,せんぷうき,扇:◆おうぎ、羽(は)ばたかせて風を起こし涼(リョウ)をとる道具、「団扇(ダンセン、うちわ、丸形で取っ手が付いたもの)」「扇子(センス、開閉できるもの)」、同「𥰢」; 風:◆大気の流れや揺らぎ ◆(風に乗って)どこからともなく届いて来る話や様子◆(風のように自然に広まる)一般的な習慣や傾向◆譬える、似たもの◆かぜ、部首名; 機:◆布を織る装置、「機織(キショク、はたおり)」◆ある仕事をさせる(する)ために人や部品を組み合わせて作り上げた仕組みや仕掛け(組織や装置)◆「機関(キカン)」◇,N4,other,mixed+mixed+mixed~,A4_multi_on(on+on+on 65%) | B_noun_rad_木(kun 93%),扇:◆おうぎ、羽(は)ばたかせて風を起こし涼(リョウ)をとる道具、「団扇(ダンセン、うちわ、丸形で取っ手が付いたもの)」「扇子(センス、開閉できるもの)」、同「𥰢」; 風:◆大気の流れや揺らぎ ◆(風に乗って)どこからともなく届いて来る話や様子◆(風のように自然に広まる)一般的な習慣や傾向◆譬える、似たもの◆かぜ、部首名; 機:◆布を織る装置、「機織(キショク、はたおり)」◆ある仕事をさせる(する)ために人や部品を組み合わせて作り上げた仕組みや仕掛け(組織や装置)◆「機関(キカン)」◇
kk_手伝い_てつだい,手伝い,てつだい,手:◆体や物体の一部で、胴から分かれ出て伸び、持つ・握る・叩く・ものを作る・操作するなどの機能を持つ部分、掌(たなごころ)と指を合わせた全体、腕の先の部分 ◆自(み; 伝:◆「伝伝(ウンウン)」、雲のように留(とど)まることなく漂い行くさま、「【白虎通義:卷八:情性】魂魄者何謂魂猶伝伝也行不休於外也主於情…」◆[日]同「傳」,N4,other,mixed+mixed~,IL1_okurigana(kun 96%) | A1_compound_oku(kun 90%) | A1_on_kun_mix(on+kun 65%),手:◆体や物体の一部で、胴から分かれ出て伸び、持つ・握る・叩く・ものを作る・操作するなどの機能を持つ部分、掌(たなごころ)と指を合わせた全体、腕の先の部分 ◆自(み; 伝:◆「伝伝(ウンウン)」、雲のように留(とど)まることなく漂い行くさま、「【白虎通義:卷八:情性】魂魄者何謂魂猶伝伝也行不休於外也主於情…」◆[日]同「傳」
kk_手伝う_てつだう,手伝う,てつだう,手:◆体や物体の一部で、胴から分かれ出て伸び、持つ・握る・叩く・ものを作る・操作するなどの機能を持つ部分、掌(たなごころ)と指を合わせた全体、腕の先の部分 ◆自(み; 伝:◆「伝伝(ウンウン)」、雲のように留(とど)まることなく漂い行くさま、「【白虎通義:卷八:情性】魂魄者何謂魂猶伝伝也行不休於外也主於情…」◆[日]同「傳」,N4,other,mixed+mixed~,IL1_okurigana(kun 96%) | A1_compound_oku(kun 90%) | A1_on_kun_mix(on+kun 65%),手:◆体や物体の一部で、胴から分かれ出て伸び、持つ・握る・叩く・ものを作る・操作するなどの機能を持つ部分、掌(たなごころ)と指を合わせた全体、腕の先の部分 ◆自(み; 伝:◆「伝伝(ウンウン)」、雲のように留(とど)まることなく漂い行くさま、「【白虎通義:卷八:情性】魂魄者何謂魂猶伝伝也行不休於外也主於情…」◆[日]同「傳」
kk_手袋_てぶくろ,手袋,てぶくろ,手:◆体や物体の一部で、胴から分かれ出て伸び、持つ・握る・叩く・ものを作る・操作するなどの機能を持つ部分、掌(たなごころ)と指を合わせた全体、腕の先の部分 ◆自(み; 袋:◆物を入れるための紙・布・革製の入れ物,N4,other,mixed+mixed~,B_verb_rad_手(kun 80%),手:◆体や物体の一部で、胴から分かれ出て伸び、持つ・握る・叩く・ものを作る・操作するなどの機能を持つ部分、掌(たなごころ)と指を合わせた全体、腕の先の部分 ◆自(み; 袋:◆物を入れるための紙・布・革製の入れ物
kk_手軽_てがる,手軽,てがる,手:◆体や物体の一部で、胴から分かれ出て伸び、持つ・握る・叩く・ものを作る・操作するなどの機能を持つ部分、掌(たなごころ)と指を合わせた全体、腕の先の部分 ◆自(み; 軽:◆重くない、重くなく素早く動ける(車)、重くなく扱い易い(車)◆積載量が少ない、重さや程度が少ない◆重みがない、どっしりとしていない◆重要ではない,N4,other,mixed+mixed~,A3_short_compound(on+on 71%) | B_verb_rad_手(kun 80%),手:◆体や物体の一部で、胴から分かれ出て伸び、持つ・握る・叩く・ものを作る・操作するなどの機能を持つ部分、掌(たなごころ)と指を合わせた全体、腕の先の部分 ◆自(み; 軽:◆重くない、重くなく素早く動ける(車)、重くなく扱い易い(車)◆積載量が少ない、重さや程度が少ない◆重みがない、どっしりとしていない◆重要ではない
kk_打つ_うつ,打つ,うつ,打:◆撃(う)つ、手や道具を物に当てる、叩(たた)く◆～する、「打消(ダショウ、取り消す、打ち消す)」「打撃(ダゲキ、撃つ)」「打開(ダカイ、開ける)」「打算(ダサ,N4,kun,kun,IL1_okurigana(kun 96%) | IL2_single_okuri(kun 96%) | B_verb_rad_手(kun 80%),打:◆撃(う)つ、手や道具を物に当てる、叩(たた)く◆～する、「打消(ダショウ、取り消す、打ち消す)」「打撃(ダゲキ、撃つ)」「打開(ダカイ、開ける)」「打算(ダサ
kk_払う_はらう,払う,はらう,払:◆取る◆手(や用具)を左右に振って不要なものや邪魔なものを他に追いやる、同「拂」、本来「拂」は別字だが古くから「拂」の異体字として「払」が用いられた◆[日]代金,N4,kun,kun,IL1_okurigana(kun 96%) | IL2_single_okuri(kun 96%) | B_verb_rad_手(kun 80%),払:◆取る◆手(や用具)を左右に振って不要なものや邪魔なものを他に追いやる、同「拂」、本来「拂」は別字だが古くから「拂」の異体字として「払」が用いられた◆[日]代金
kk_承知_しょうち,承知,しょうち,承:◆上にあるものを掌(てのひら)で受ける◆上位者からの授(さず)かりものを下位者が恭(うやうや)しく両手で受ける、また受け取る◆上位者からの命令や意向などを受ける; 知:◆(矢のように素早く、矢が的の中央に当たるように的確に)認識する、見定める、「察知(サッチ)」「知識(チシキ)」、「智」は「見知ったことを理解しその正邪を正しく,N4,on,on+on,A3_short_compound(on+on 71%) | B_verb_rad_手(kun 80%),承:◆上にあるものを掌(てのひら)で受ける◆上位者からの授(さず)かりものを下位者が恭(うやうや)しく両手で受ける、また受け取る◆上位者からの命令や意向などを受ける; 知:◆(矢のように素早く、矢が的の中央に当たるように的確に)認識する、見定める、「察知(サッチ)」「知識(チシキ)」、「智」は「見知ったことを理解しその正邪を正しく
kk_技術_ぎじゅつ,技術,ぎじゅつ,技:◆手足を使い巧(たく)みに物を作る或いは操(あやつ)る、またその能力や方法◆藝(ゲイ、芸術、技芸)、巧みに演(エン)ずる、またその能力や方法; 術:◆市中を通る道、行き方◆やり方、方法・方策や手段、それを使いこなす能力◆取るべき道、従うべき決まり◆述べる、考えや思いを書き表す、或いは言い表す、同「述」,N4,on,on+on,A3_short_compound(on+on 71%) | B_verb_rad_手(kun 80%),技:◆手足を使い巧(たく)みに物を作る或いは操(あやつ)る、またその能力や方法◆藝(ゲイ、芸術、技芸)、巧みに演(エン)ずる、またその能力や方法; 術:◆市中を通る道、行き方◆やり方、方法・方策や手段、それを使いこなす能力◆取るべき道、従うべき決まり◆述べる、考えや思いを書き表す、或いは言い表す、同「述」
kk_投げる_なげる,投げる,なげる,投:◆手に持っているものを放り出す、手放す◆持っているものを他のものに入れる、また当てる◆棄てる、諦める◆止まる、滞在する,N4,kun,kun,IL1_okurigana(kun 96%) | IL2_single_okuri(kun 96%) | B_verb_rad_手(kun 80%),投:◆手に持っているものを放り出す、手放す◆持っているものを他のものに入れる、また当てる◆棄てる、諦める◆止まる、滞在する
kk_折る_おる,折る,おる,"折:◆まっすぐなものや平らなものを途中から""Ｖ""字形に曲げる、また曲げて畳む、同「㪿」、単に""Ｕ""字形のように曲げるのではなく折り目が付くようにしっかりと曲げること",N4,kun,kun,IL1_okurigana(kun 96%) | IL2_single_okuri(kun 96%) | B_verb_rad_手(kun 80%),"折:◆まっすぐなものや平らなものを途中から""Ｖ""字形に曲げる、また曲げて畳む、同「㪿」、単に""Ｕ""字形のように曲げるのではなく折り目が付くようにしっかりと曲げること"
kk_折れる_おれる,折れる,おれる,"折:◆まっすぐなものや平らなものを途中から""Ｖ""字形に曲げる、また曲げて畳む、同「㪿」、単に""Ｕ""字形のように曲げるのではなく折り目が付くようにしっかりと曲げること",N4,kun,kun,IL1_okurigana(kun 96%) | IL2_single_okuri(kun 96%) | B_verb_rad_手(kun 80%),"折:◆まっすぐなものや平らなものを途中から""Ｖ""字形に曲げる、また曲げて畳む、同「㪿」、単に""Ｕ""字形のように曲げるのではなく折り目が付くようにしっかりと曲げること"
kk_押し入れ_おしいれ,押し入れ,おしいれ,押:◆手で力を加える、力を加え自由に動けないようにする、勝手に動かないようにする、拘束(コウソク)する◆署名(ショメイ)する、署名、自署(ジショ)、「押署(オウショ; 入:◆範囲・領域・組織や区切り・境界の外(外側、外部、表側、向こう側、公のところ)から内(内側、内部、裏側、こちら側、私的なところ)に移る、また移す、内から外へ移る,N4,kun,kun+kun~,IL1_okurigana(kun 96%) | A1_compound_oku(kun 90%) | A1_on_kun_mix(on+kun 65%),押:◆手で力を加える、力を加え自由に動けないようにする、勝手に動かないようにする、拘束(コウソク)する◆署名(ショメイ)する、署名、自署(ジショ)、「押署(オウショ; 入:◆範囲・領域・組織や区切り・境界の外(外側、外部、表側、向こう側、公のところ)から内(内側、内部、裏側、こちら側、私的なところ)に移る、また移す、内から外へ移る
kk_拉麺_ラーメン,拉麺,ラーメン,拉:◆折る、圧(へ)し折る◆引く、引っ張る、引き延ばす◆[日]ひし・ぐ、ひしゃ・げる、押し潰(つぶ)す、押し潰されて形が変わる; 麺:◆小麦などを挽(ひ)いて粉末状にしたもの、「麵粉(メンフン)」、同「麪」◆小麦粉などを使った各種食品、餅状(平らに延ばしたもの)また麺状(細くしたもの)にしたも,N4,on,mixed+on~,B_verb_rad_手(kun 80%),拉:◆折る、圧(へ)し折る◆引く、引っ張る、引き延ばす◆[日]ひし・ぐ、ひしゃ・げる、押し潰(つぶ)す、押し潰されて形が変わる; 麺:◆小麦などを挽(ひ)いて粉末状にしたもの、「麵粉(メンフン)」、同「麪」◆小麦粉などを使った各種食品、餅状(平らに延ばしたもの)また麺状(細くしたもの)にしたも
kk_招待_しょうたい,招待,しょうたい,招:◆手を振って人を呼び寄せる、声を掛けて呼び寄せるのは「召」◆礼を尽くして人を自分のところに呼び寄せる; 待:◆その人・時間・機会などが来るまで(その状態になるまで)その場に止(とど)まる、同「𥩳」◆持て成す(もてなす)、準備を整えて応接する、心を尽くして応対する◆「不,N4,on,on+on,B_verb_rad_手(kun 80%),招:◆手を振って人を呼び寄せる、声を掛けて呼び寄せるのは「召」◆礼を尽くして人を自分のところに呼び寄せる; 待:◆その人・時間・機会などが来るまで(その状態になるまで)その場に止(とど)まる、同「𥩳」◆持て成す(もてなす)、準備を整えて応接する、心を尽くして応対する◆「不
kk_拝見_はいけん,拝見,はいけん,拝:◆対面した相手に敬意・弔意や恭順・感謝などの意を示すために、跪(ひざまず)く・頭を下げる・手を合わせるなどの動作をする、同「𣬊」「𢷎」、「【通典:卷四十八:禮八; 見:◆目でものや状況を認識する、目に入る◆(見たものの)認識の仕方、考え◆人と顔を合わせる、対面する◆みる、部首名,N4,on,on+on,B_verb_rad_手(kun 80%),拝:◆対面した相手に敬意・弔意や恭順・感謝などの意を示すために、跪(ひざまず)く・頭を下げる・手を合わせるなどの動作をする、同「𣬊」「𢷎」、「【通典:卷四十八:禮八; 見:◆目でものや状況を認識する、目に入る◆(見たものの)認識の仕方、考え◆人と顔を合わせる、対面する◆みる、部首名
kk_拭く_ふく,拭く,ふく,拭:◆表面をさぁっと擦(こす)るようにして汚(よご)れや濡(ぬ)れなどを取る、きれいにする,N4,kun,kun,IL1_okurigana(kun 96%) | IL2_single_okuri(kun 96%) | B_verb_rad_手(kun 80%),拭:◆表面をさぁっと擦(こす)るようにして汚(よご)れや濡(ぬ)れなどを取る、きれいにする
kk_拾う_ひろう,拾う,ひろう,拾:◆落ちているもの(放置されてそのままになっているもの)を手で取る、また手に取って持ち上げる◆集める、集めて手に収める◆数の十、「十」の大写字(「一」は「壹」・「,N4,kun,kun,IL1_okurigana(kun 96%) | IL2_single_okuri(kun 96%) | B_verb_rad_手(kun 80%),拾:◆落ちているもの(放置されてそのままになっているもの)を手で取る、また手に取って持ち上げる◆集める、集めて手に収める◆数の十、「十」の大写字(「一」は「壹」・「
kk_指_ゆび,指,ゆび,指:◆ゆび、手足の先に伸び出た体の一部 ◆ゆび・さす、さ・す、物事の方向を示す◆意図するところ、考え、意向、同「旨」,N4,kun,kun,IL2_single_default(kun 84%) | B_verb_rad_手(kun 80%),指:◆ゆび、手足の先に伸び出た体の一部 ◆ゆび・さす、さ・す、物事の方向を示す◆意図するところ、考え、意向、同「旨」
kk_指す_さす,指す,さす,指:◆ゆび、手足の先に伸び出た体の一部 ◆ゆび・さす、さ・す、物事の方向を示す◆意図するところ、考え、意向、同「旨」,N4,kun,kun,IL1_okurigana(kun 96%) | IL2_single_okuri(kun 96%) | B_verb_rad_手(kun 80%),指:◆ゆび、手足の先に伸び出た体の一部 ◆ゆび・さす、さ・す、物事の方向を示す◆意図するところ、考え、意向、同「旨」
kk_指輪_ゆびわ,指輪,ゆびわ,指:◆ゆび、手足の先に伸び出た体の一部 ◆ゆび・さす、さ・す、物事の方向を示す◆意図するところ、考え、意向、同「旨」; 輪:◆回りながら車の移動を容易にするための円形で中央部が空いている部品、丸太を輪切りにしたようなものは「輇」 ◆円形で中央部が空いている形、またそのような形のもの◆,N4,kun,kun+kun~,A3_short_compound(on+on 71%) | B_verb_rad_手(kun 80%),指:◆ゆび、手足の先に伸び出た体の一部 ◆ゆび・さす、さ・す、物事の方向を示す◆意図するところ、考え、意向、同「旨」; 輪:◆回りながら車の移動を容易にするための円形で中央部が空いている部品、丸太を輪切りにしたようなものは「輇」 ◆円形で中央部が空いている形、またそのような形のもの◆
kk_挙げる_あげる,挙げる,あげる,挙:◆(ものを手で頭よりも上に)持ち上げる、手を高く上げる、「挙手(キョシュ)」◆(問題点などを)取り上げる◆(人などを)取り立てる、「推挙(スイキョ)」◆事を起こ,N4,kun,kun,IL1_okurigana(kun 96%) | IL2_single_okuri(kun 96%) | B_verb_rad_手(kun 80%),挙:◆(ものを手で頭よりも上に)持ち上げる、手を高く上げる、「挙手(キョシュ)」◆(問題点などを)取り上げる◆(人などを)取り立てる、「推挙(スイキョ)」◆事を起こ
kk_挨拶_あいさつ,挨拶,あいさつ,挨:◆ぶつかるほど近くまで寄る、肩が触れるほどぴったりと並ぶ◆押す、押し合う◆被(こうむ)る、～される、同「捱」◆引き延ばす、同「捱」◆「挨拶(アイサツ)」◇ぎっし; 拶:◆隙間がない程までに近づく、また近くに寄せる、同「𢹵」「𥔨」◆「挨拶(アイサツ)」◇ぎっしりと詰まって押し合い圧(へ)し合いするさま◇[日]人と付き合う際の礼儀,N4,on,on+on,B_verb_rad_手(kun 80%) | B_verb_rad_手(kun 80%),挨:◆ぶつかるほど近くまで寄る、肩が触れるほどぴったりと並ぶ◆押す、押し合う◆被(こうむ)る、～される、同「捱」◆引き延ばす、同「捱」◆「挨拶(アイサツ)」◇ぎっし; 拶:◆隙間がない程までに近づく、また近くに寄せる、同「𢹵」「𥔨」◆「挨拶(アイサツ)」◇ぎっしりと詰まって押し合い圧(へ)し合いするさま◇[日]人と付き合う際の礼儀
kk_捕まえる_つかまえる,捕まえる,つかまえる,捕:◆(逃げるものを追いかけて、或いは隠れているもの捜し出して)掴(つか)まえる、捉(つか)まえる、取り押さえる,N4,kun,kun,IL1_okurigana(kun 96%) | IL2_single_okuri(kun 96%) | B_verb_rad_手(kun 80%),捕:◆(逃げるものを追いかけて、或いは隠れているもの捜し出して)掴(つか)まえる、捉(つか)まえる、取り押さえる
kk_捨てる_すてる,捨てる,すてる,捨:◆手放(てばな)す、棄(す)てる、握った手を解(と)いて手の中のものを放(ほう)る、同簡「舍」◆財物などを他に与える、施(ほどこ)す、「喜捨(キシャ)」「施捨(,N4,kun,kun,IL1_okurigana(kun 96%) | IL2_single_okuri(kun 96%) | B_verb_rad_手(kun 80%),捨:◆手放(てばな)す、棄(す)てる、握った手を解(と)いて手の中のものを放(ほう)る、同簡「舍」◆財物などを他に与える、施(ほどこ)す、「喜捨(キシャ)」「施捨(
kk_掏る_する,掏る,する,掏:◆中の物を手で探り取り出す、同「搯」「捾」◆す・る、人の懐から金品を抜き取る,N4,kun,kun,IL1_okurigana(kun 96%) | IL2_single_okuri(kun 96%) | B_verb_rad_手(kun 80%),掏:◆中の物を手で探り取り出す、同「搯」「捾」◆す・る、人の懐から金品を抜き取る
kk_掏摸_すり,掏摸,すり,掏:◆中の物を手で探り取り出す、同「搯」「捾」◆す・る、人の懐から金品を抜き取る; 摸:◆手で撫(な)でる、手で触れる、手で探る、よく見えないものを手で触れて確かめる◆手本に倣(なら)う、手本をなぞる、同「摹」◆似せる、真似る、同「摹」◆ものの形、,N4,on,mixed+on~,A3_short_compound(on+on 71%) | B_verb_rad_手(kun 80%) | B_verb_rad_手(kun 80%),掏:◆中の物を手で探り取り出す、同「搯」「捾」◆す・る、人の懐から金品を抜き取る; 摸:◆手で撫(な)でる、手で触れる、手で探る、よく見えないものを手で触れて確かめる◆手本に倣(なら)う、手本をなぞる、同「摹」◆似せる、真似る、同「摹」◆ものの形、
kk_換える_かえる,換える,かえる,換:◆今あるものをそれまでのものとは別のものに替える,N4,kun,kun,IL1_okurigana(kun 96%) | IL2_single_okuri(kun 96%) | B_verb_rad_手(kun 80%),換:◆今あるものをそれまでのものとは別のものに替える
kk_揺らす_ゆらす,揺らす,ゆらす,揺:◆上下・左右・前後に行きつ戻りつするように動く、また動かす,N4,kun,kun,IL1_okurigana(kun 96%) | IL2_single_okuri(kun 96%) | B_verb_rad_手(kun 80%),揺:◆上下・左右・前後に行きつ戻りつするように動く、また動かす
kk_揺れる_ゆれる,揺れる,ゆれる,揺:◆上下・左右・前後に行きつ戻りつするように動く、また動かす,N4,kun,kun,IL1_okurigana(kun 96%) | IL2_single_okuri(kun 96%) | B_verb_rad_手(kun 80%),揺:◆上下・左右・前後に行きつ戻りつするように動く、また動かす
kk_携帯電話_けいたいでんわ,携帯電話,けいたいでんわ,携:◆手にぶら下げて持つ、(紐などで繋いだものをぶら下げるようにして)身に帯びる◆手を繋ぐ、手を取る、手を取り合う◆手を取って一緒に行く、引き連れる; 帯:◆衣服が開(はだ)けないように胸の下に辺りに巻いて結ぶ長く幅広の布、またそれを巻く ◆(帯に挟んだり、帯のように巻いたり結わえたりして)身に着ける、着用する◆(; 電:◆雷(かみなり)の光、稲妻(いなずま)◆光や音のように一瞬で遠くまで届くもの、また伝わるもの,N4,on,on+on+on+on,A4_multi_on(on+on+on+on 65%) | B_verb_rad_手(kun 80%) | B_noun_rad_巾(kun 93%),携:◆手にぶら下げて持つ、(紐などで繋いだものをぶら下げるようにして)身に帯びる◆手を繋ぐ、手を取る、手を取り合う◆手を取って一緒に行く、引き連れる; 帯:◆衣服が開(はだ)けないように胸の下に辺りに巻いて結ぶ長く幅広の布、またそれを巻く ◆(帯に挟んだり、帯のように巻いたり結わえたりして)身に着ける、着用する◆(; 電:◆雷(かみなり)の光、稲妻(いなずま)◆光や音のように一瞬で遠くまで届くもの、また伝わるもの
kk_操作_そうさ,操作,そうさ,操:◆手に握り持つ、しっかりと持つ◆みさお、守るべきものをしっかりと持つ、またしっかりと守る、またその行いや心掛け◆あやつ・る、人や動物・言葉や心・道具や楽器などを; 作:◆働(はたらく)く、力や手を加える、為(な)す、「作業(サギョウ)」「作為(サクイ)」◆力や手を加えることによって物事や状態を変化させる、また他に影響を与える、,N4,on,on+on,A3_short_compound(on+on 71%) | B_verb_rad_手(kun 80%),操:◆手に握り持つ、しっかりと持つ◆みさお、守るべきものをしっかりと持つ、またしっかりと守る、またその行いや心掛け◆あやつ・る、人や動物・言葉や心・道具や楽器などを; 作:◆働(はたらく)く、力や手を加える、為(な)す、「作業(サギョウ)」「作為(サクイ)」◆力や手を加えることによって物事や状態を変化させる、また他に影響を与える、
kk_支度_したく,支度,したく,支:◆枝(えだ)、幹(みき)となる部分から枝状に分かれ出たもの、同「枝」「肢」「𢺶」◆分かれる、分かれ出る、幹(みき)となる部分から分かれる◆ささ・える、落ちたり倒; 度:◆長さを測(はか)る際に基準となる物差し(ものさし)、またその目盛(めもり)、「度量(ドリョウ、長さと容量、人の言動をどの程度容認できるかの大きさ)」「法度(ハ,N4,on,on+on,A3_short_compound(on+on 71%) | B_noun_rad_广(kun 93%),支:◆枝(えだ)、幹(みき)となる部分から枝状に分かれ出たもの、同「枝」「肢」「𢺶」◆分かれる、分かれ出る、幹(みき)となる部分から分かれる◆ささ・える、落ちたり倒; 度:◆長さを測(はか)る際に基準となる物差し(ものさし)、またその目盛(めもり)、「度量(ドリョウ、長さと容量、人の言動をどの程度容認できるかの大きさ)」「法度(ハ
kk_支社_ししゃ,支社,ししゃ,支:◆枝(えだ)、幹(みき)となる部分から枝状に分かれ出たもの、同「枝」「肢」「𢺶」◆分かれる、分かれ出る、幹(みき)となる部分から分かれる◆ささ・える、落ちたり倒; 社:◆土地の神、土地の神を祀った所◆同種また同じ目的を持つ人から成る集まり,N4,on,on+on,A3_short_compound(on+on 71%),支:◆枝(えだ)、幹(みき)となる部分から枝状に分かれ出たもの、同「枝」「肢」「𢺶」◆分かれる、分かれ出る、幹(みき)となる部分から分かれる◆ささ・える、落ちたり倒; 社:◆土地の神、土地の神を祀った所◆同種また同じ目的を持つ人から成る集まり
kk_放送_ほうそう,放送,ほうそう,放:◆制限(セイゲン)・束縛(ソクバク)・拘束(コウソク)され自由に動けない状態であったものを自由に動ける状態にする、制限・束縛・拘束を解(と)く、「開放(カイホウ; 送:◆行く人(別れる人、帰る人、旅立つ人、亡くなった人など)と途中まで同道する、出向いて行って迎えるのは「迎」◆ものを目的地へ運び届ける◆贈(おく)る、遣(つか)わ,N4,on,on+on,,放:◆制限(セイゲン)・束縛(ソクバク)・拘束(コウソク)され自由に動けない状態であったものを自由に動ける状態にする、制限・束縛・拘束を解(と)く、「開放(カイホウ; 送:◆行く人(別れる人、帰る人、旅立つ人、亡くなった人など)と途中まで同道する、出向いて行って迎えるのは「迎」◆ものを目的地へ運び届ける◆贈(おく)る、遣(つか)わ
kk_放送局_ほうそうきょく,放送局,ほうそうきょく,放:◆制限(セイゲン)・束縛(ソクバク)・拘束(コウソク)され自由に動けない状態であったものを自由に動ける状態にする、制限・束縛・拘束を解(と)く、「開放(カイホウ; 送:◆行く人(別れる人、帰る人、旅立つ人、亡くなった人など)と途中まで同道する、出向いて行って迎えるのは「迎」◆ものを目的地へ運び届ける◆贈(おく)る、遣(つか)わ; 局:◆周りが囲まれ区切られた部分や場所◆限定された一部分、狭い範囲◆曲げる、曲げて縮こまる、「狭いところに押し込められている」の意◆将棋などの盤、また形勢・情勢、「,N4,on,on+on+on,A4_multi_on(on+on+on 65%),放:◆制限(セイゲン)・束縛(ソクバク)・拘束(コウソク)され自由に動けない状態であったものを自由に動ける状態にする、制限・束縛・拘束を解(と)く、「開放(カイホウ; 送:◆行く人(別れる人、帰る人、旅立つ人、亡くなった人など)と途中まで同道する、出向いて行って迎えるのは「迎」◆ものを目的地へ運び届ける◆贈(おく)る、遣(つか)わ; 局:◆周りが囲まれ区切られた部分や場所◆限定された一部分、狭い範囲◆曲げる、曲げて縮こまる、「狭いところに押し込められている」の意◆将棋などの盤、また形勢・情勢、「
kk_政治_せいじ,政治,せいじ,政:◆正(ただ)す、正しくする、同「正」◆社会などの秩序(チツジョ)を公正・公平に保(たも)つこと、またその仕事、またその手順・方法、「政治(セイジ、国を治めること; 治:◆氾濫(ハンラン)を防いだり水を利用しやすくするために川の流れを変える、筋(すじ)を通す、同「理」◆手を加えて乱れがないようにする、また秩序ある状態にする、また,N4,on,on+on,A3_short_compound(on+on 71%),政:◆正(ただ)す、正しくする、同「正」◆社会などの秩序(チツジョ)を公正・公平に保(たも)つこと、またその仕事、またその手順・方法、「政治(セイジ、国を治めること; 治:◆氾濫(ハンラン)を防いだり水を利用しやすくするために川の流れを変える、筋(すじ)を通す、同「理」◆手を加えて乱れがないようにする、また秩序ある状態にする、また
kk_故障_こしょう,故障,こしょう,故:◆古い、以前の、同「古」◆古くから、以前から◆古くからの～、以前からの～◆死ぬ、亡(な)くなる◆～の為に～、～という理由で～、～が原因で～◆理由、原因◆(思い掛; 障:◆間が仕切られている、仕切る◆仕切られていて向こう側へ行けない、仕切って行く手を遮(さえぎ)る、妨げる◆仕切って遮(さえぎ)るもの、壁や塀・障子や衝立など◆差し,N4,on,on+on,A3_short_compound(on+on 71%),故:◆古い、以前の、同「古」◆古くから、以前から◆古くからの～、以前からの～◆死ぬ、亡(な)くなる◆～の為に～、～という理由で～、～が原因で～◆理由、原因◆(思い掛; 障:◆間が仕切られている、仕切る◆仕切られていて向こう側へ行けない、仕切って行く手を遮(さえぎ)る、妨げる◆仕切って遮(さえぎ)るもの、壁や塀・障子や衝立など◆差し
kk_教会_きょうかい,教会,きょうかい,教:◆自分の持つ知識・技術などをそれを持たない他の人に授(さず)ける、また見習わせる、またその内容、教えを受け見て倣い習得することを「学」◆神仏の説く道、道を示し導; 会:◆人が集まる、同じ時間や場所に(同じ目的で)集まる、「会合(カイゴウ)」◆多くの人が(出向いて)集まる、また集まったところ、「集会(シュウカイ)」「都会(トカイ,N4,on,on+on,,教:◆自分の持つ知識・技術などをそれを持たない他の人に授(さず)ける、また見習わせる、またその内容、教えを受け見て倣い習得することを「学」◆神仏の説く道、道を示し導; 会:◆人が集まる、同じ時間や場所に(同じ目的で)集まる、「会合(カイゴウ)」◆多くの人が(出向いて)集まる、また集まったところ、「集会(シュウカイ)」「都会(トカイ
kk_教科書_きょうかしょ,教科書,きょうかしょ,教:◆自分の持つ知識・技術などをそれを持たない他の人に授(さず)ける、また見習わせる、またその内容、教えを受け見て倣い習得することを「学」◆神仏の説く道、道を示し導; 科:◆穀物の生産量や品質の良し悪しの程度を幾つかに区分し順に並べたもの、等級◆罪の軽重に従い量刑を定める、またそれを適用する(科する)◆分類し同等のものを一つに纏(; 書:◆文字を筆(聿)などで記(しる)す、著(あらわ)す、「書物(ショモツ)」「文書(ブンショ)」◆手紙、「書信(ショシン)」◆「書経(ショキョウ、別名尚書ショウショ,N4,on,on+on+on,A4_multi_on(on+on+on 65%),教:◆自分の持つ知識・技術などをそれを持たない他の人に授(さず)ける、また見習わせる、またその内容、教えを受け見て倣い習得することを「学」◆神仏の説く道、道を示し導; 科:◆穀物の生産量や品質の良し悪しの程度を幾つかに区分し順に並べたもの、等級◆罪の軽重に従い量刑を定める、またそれを適用する(科する)◆分類し同等のものを一つに纏(; 書:◆文字を筆(聿)などで記(しる)す、著(あらわ)す、「書物(ショモツ)」「文書(ブンショ)」◆手紙、「書信(ショシン)」◆「書経(ショキョウ、別名尚書ショウショ
kk_教育_きょういく,教育,きょういく,教:◆自分の持つ知識・技術などをそれを持たない他の人に授(さず)ける、また見習わせる、またその内容、教えを受け見て倣い習得することを「学」◆神仏の説く道、道を示し導; 育:◆(生まれたばかりの子「𠫓」に)栄養や知識などを与えて成長させる、養分を与えて生長させる◆古「毓」,N4,on,on+on,,教:◆自分の持つ知識・技術などをそれを持たない他の人に授(さず)ける、また見習わせる、またその内容、教えを受け見て倣い習得することを「学」◆神仏の説く道、道を示し導; 育:◆(生まれたばかりの子「𠫓」に)栄養や知識などを与えて成長させる、養分を与えて生長させる◆古「毓」
kk_敬語_けいご,敬語,けいご,敬:◆心から大切に思う、相手を尊(とうと)び隅々まで心を配る、またそのように振る舞う、「尊敬(ソンケイ)」¶この敬う気持ちを「敬」といい、それを態度や行動で示すこと; 語:◆他に向かって述べる、また告げる、考えや思い・言い伝えなどを話す◆意味を持つ言葉、話(はなし),N4,on,on+on,A3_short_compound(on+on 71%) | B_verb_rad_言(kun 80%),敬:◆心から大切に思う、相手を尊(とうと)び隅々まで心を配る、またそのように振る舞う、「尊敬(ソンケイ)」¶この敬う気持ちを「敬」といい、それを態度や行動で示すこと; 語:◆他に向かって述べる、また告げる、考えや思い・言い伝えなどを話す◆意味を持つ言葉、話(はなし)
kk_数える_かぞえる,数える,かぞえる,数:◆かず、同種のもの(繰り返されるもの)の多少を表す語◆かぞ・える、一つ二つ(一回二回)と計算する、またその多少◆細かい、煩(わずら)わしい◆しばしば、同じことを,N4,kun,kun,IL1_okurigana(kun 96%) | IL2_single_okuri(kun 96%),数:◆かず、同種のもの(繰り返されるもの)の多少を表す語◆かぞ・える、一つ二つ(一回二回)と計算する、またその多少◆細かい、煩(わずら)わしい◆しばしば、同じことを
kk_数学_すうがく,数学,すうがく,数:◆かず、同種のもの(繰り返されるもの)の多少を表す語◆かぞ・える、一つ二つ(一回二回)と計算する、またその多少◆細かい、煩(わずら)わしい◆しばしば、同じことを; 学:◆(教えを受けながら、見て倣いながら)知識や技術などを身に付ける、習得する、またその内容、知識や技術などを授(さず)けることを「教」◆教えを受け知識や技術などを,N4,on,on+on,,数:◆かず、同種のもの(繰り返されるもの)の多少を表す語◆かぞ・える、一つ二つ(一回二回)と計算する、またその多少◆細かい、煩(わずら)わしい◆しばしば、同じことを; 学:◆(教えを受けながら、見て倣いながら)知識や技術などを身に付ける、習得する、またその内容、知識や技術などを授(さず)けることを「教」◆教えを受け知識や技術などを
kk_敷金_しききん,敷金,しききん,敷:◆一面に並べる、平らに広げる、延(の)べる◆広く漏れなく行き渡る、また行き渡らせる、同「布」◆細部にまで亘って述べる; 金:◆黄金・白銀・赤銅・青銅・青鉛・黒鉄などの総称、金属の総称◆(黄金のように)黄色い、輝く、美しい、貴重な、(金属のように)堅い◆金属製のもの◆銭(ぜに)、またそ,N4,mixed,kun+on~,B_noun_rad_金(kun 93%),敷:◆一面に並べる、平らに広げる、延(の)べる◆広く漏れなく行き渡る、また行き渡らせる、同「布」◆細部にまで亘って述べる; 金:◆黄金・白銀・赤銅・青銅・青鉛・黒鉄などの総称、金属の総称◆(黄金のように)黄色い、輝く、美しい、貴重な、(金属のように)堅い◆金属製のもの◆銭(ぜに)、またそ
kk_文_ぶん,文,ぶん,文:◆紋様や図形、「天文(テンブン、テンモン)」◆多くの人にとって共通の意味を持つ紋様や図形、「文字(モジ、モンジ)」、古くは象形文字(ものの形を象った字、「宀」「,N4,on,on,IL2_single_default(kun 84%),文:◆紋様や図形、「天文(テンブン、テンモン)」◆多くの人にとって共通の意味を持つ紋様や図形、「文字(モジ、モンジ)」、古くは象形文字(ものの形を象った字、「宀」「
kk_文化_ぶんか,文化,ぶんか,文:◆紋様や図形、「天文(テンブン、テンモン)」◆多くの人にとって共通の意味を持つ紋様や図形、「文字(モジ、モンジ)」、古くは象形文字(ものの形を象った字、「宀」「; 化:◆性質・形状・状態などが元とは全く違ったものに変わる、まだ元の様子が分かる程度の変化は「変」◆他の影響を受けて、また時間を経ることによって考えや態度などが変わる,N4,on,on+on,A3_short_compound(on+on 71%),文:◆紋様や図形、「天文(テンブン、テンモン)」◆多くの人にとって共通の意味を持つ紋様や図形、「文字(モジ、モンジ)」、古くは象形文字(ものの形を象った字、「宀」「; 化:◆性質・形状・状態などが元とは全く違ったものに変わる、まだ元の様子が分かる程度の変化は「変」◆他の影響を受けて、また時間を経ることによって考えや態度などが変わる
kk_文型_ぶんけい,文型,ぶんけい,文:◆紋様や図形、「天文(テンブン、テンモン)」◆多くの人にとって共通の意味を持つ紋様や図形、「文字(モジ、モンジ)」、古くは象形文字(ものの形を象った字、「宀」「; 型:◆これから作ろうとする物の形に作ったもの、溶かした金属を流し入れて目的の形に造るためのもの、「鋳型(いがた)」、木製は「模」、竹製は「範」◆模範(モハン)、手本,N4,on,on+on,,文:◆紋様や図形、「天文(テンブン、テンモン)」◆多くの人にとって共通の意味を持つ紋様や図形、「文字(モジ、モンジ)」、古くは象形文字(ものの形を象った字、「宀」「; 型:◆これから作ろうとする物の形に作ったもの、溶かした金属を流し入れて目的の形に造るためのもの、「鋳型(いがた)」、木製は「模」、竹製は「範」◆模範(モハン)、手本
kk_文字_もじ,文字,もじ,文:◆紋様や図形、「天文(テンブン、テンモン)」◆多くの人にとって共通の意味を持つ紋様や図形、「文字(モジ、モンジ)」、古くは象形文字(ものの形を象った字、「宀」「; 字:◆子を生む、生まれた子を慈(いつく)しみ育てる、同「𡥜」◆あざな、成人時に名付ける本名以外の名、男子は二十歳で成人とし初めて冠を被り、女子は許嫁(キョカ、いいな,N4,other,mixed+mixed~,A3_short_compound(on+on 71%),文:◆紋様や図形、「天文(テンブン、テンモン)」◆多くの人にとって共通の意味を持つ紋様や図形、「文字(モジ、モンジ)」、古くは象形文字(ものの形を象った字、「宀」「; 字:◆子を生む、生まれた子を慈(いつく)しみ育てる、同「𡥜」◆あざな、成人時に名付ける本名以外の名、男子は二十歳で成人とし初めて冠を被り、女子は許嫁(キョカ、いいな
kk_文学_ぶんがく,文学,ぶんがく,文:◆紋様や図形、「天文(テンブン、テンモン)」◆多くの人にとって共通の意味を持つ紋様や図形、「文字(モジ、モンジ)」、古くは象形文字(ものの形を象った字、「宀」「; 学:◆(教えを受けながら、見て倣いながら)知識や技術などを身に付ける、習得する、またその内容、知識や技術などを授(さず)けることを「教」◆教えを受け知識や技術などを,N4,on,on+on,,文:◆紋様や図形、「天文(テンブン、テンモン)」◆多くの人にとって共通の意味を持つ紋様や図形、「文字(モジ、モンジ)」、古くは象形文字(ものの形を象った字、「宀」「; 学:◆(教えを受けながら、見て倣いながら)知識や技術などを身に付ける、習得する、またその内容、知識や技術などを授(さず)けることを「教」◆教えを受け知識や技術などを
kk_文房具_ぶんぼうぐ,文房具,ぶんぼうぐ,文:◆紋様や図形、「天文(テンブン、テンモン)」◆多くの人にとって共通の意味を持つ紋様や図形、「文字(モジ、モンジ)」、古くは象形文字(ものの形を象った字、「宀」「; 房:◆主屋(おもや、中庭を囲むように建てられた住居の北側の建物、正房、家主の住居)の左右(東西)両側に張り出すように建てられた部屋、「耳房(ジボウ)」 ◆部屋、室(; 具:◆そな・わる、そな・える、必要なものが揃っている、必要なものを揃える◆必要なものが身に付いている◆(食事のための器具、戦うための武具、作業するための道具などの),N4,on,on+on+on,A4_multi_on(on+on+on 65%),文:◆紋様や図形、「天文(テンブン、テンモン)」◆多くの人にとって共通の意味を持つ紋様や図形、「文字(モジ、モンジ)」、古くは象形文字(ものの形を象った字、「宀」「; 房:◆主屋(おもや、中庭を囲むように建てられた住居の北側の建物、正房、家主の住居)の左右(東西)両側に張り出すように建てられた部屋、「耳房(ジボウ)」 ◆部屋、室(; 具:◆そな・わる、そな・える、必要なものが揃っている、必要なものを揃える◆必要なものが身に付いている◆(食事のための器具、戦うための武具、作業するための道具などの)
kk_文法_ぶんぽう,文法,ぶんぽう,文:◆紋様や図形、「天文(テンブン、テンモン)」◆多くの人にとって共通の意味を持つ紋様や図形、「文字(モジ、モンジ)」、古くは象形文字(ものの形を象った字、「宀」「; 法:◆規律を維持するための決まり、守り従うべき制度や規則、私的なものではなく公(おおやけ)のものを指す◆標準的な或いは慣例となっているやり方、またそれらに従う◆基準,N4,other,mixed+mixed~,,文:◆紋様や図形、「天文(テンブン、テンモン)」◆多くの人にとって共通の意味を持つ紋様や図形、「文字(モジ、モンジ)」、古くは象形文字(ものの形を象った字、「宀」「; 法:◆規律を維持するための決まり、守り従うべき制度や規則、私的なものではなく公(おおやけ)のものを指す◆標準的な或いは慣例となっているやり方、またそれらに従う◆基準
kk_料金_りょうきん,料金,りょうきん,料:◆升(ます、枡)で米などの物の嵩(かさ)を量(はか)る◆人や物の資質(シシツ)を量る、推(お)し量る、見当を付ける◆ものを作る際に量を決めて使うもの、それを使っ; 金:◆黄金・白銀・赤銅・青銅・青鉛・黒鉄などの総称、金属の総称◆(黄金のように)黄色い、輝く、美しい、貴重な、(金属のように)堅い◆金属製のもの◆銭(ぜに)、またそ,N4,on,on+on,B_noun_rad_金(kun 93%),料:◆升(ます、枡)で米などの物の嵩(かさ)を量(はか)る◆人や物の資質(シシツ)を量る、推(お)し量る、見当を付ける◆ものを作る際に量を決めて使うもの、それを使っ; 金:◆黄金・白銀・赤銅・青銅・青鉛・黒鉄などの総称、金属の総称◆(黄金のように)黄色い、輝く、美しい、貴重な、(金属のように)堅い◆金属製のもの◆銭(ぜに)、またそ
kk_新入生_しんにゅうせい,新入生,しんにゅうせい,新:◆切ったばかりの木、切ったばかりで何の手も加えられていない木◆それまでにはなかった形状・状態・様子・性質になるさま、それまではなかったものが初めて現れるさま◆改; 入:◆範囲・領域・組織や区切り・境界の外(外側、外部、表側、向こう側、公のところ)から内(内側、内部、裏側、こちら側、私的なところ)に移る、また移す、内から外へ移る; 生:◆う・まれる、それまでになかった新しいものが現れ出る、また新しいことが起こる◆い・きる、成長し活動できる状態で存在する、またその状態◆なま、現れ出た時のそのまま,N4,on,on+on+on,A4_multi_on(on+on+on 65%),新:◆切ったばかりの木、切ったばかりで何の手も加えられていない木◆それまでにはなかった形状・状態・様子・性質になるさま、それまではなかったものが初めて現れるさま◆改; 入:◆範囲・領域・組織や区切り・境界の外(外側、外部、表側、向こう側、公のところ)から内(内側、内部、裏側、こちら側、私的なところ)に移る、また移す、内から外へ移る; 生:◆う・まれる、それまでになかった新しいものが現れ出る、また新しいことが起こる◆い・きる、成長し活動できる状態で存在する、またその状態◆なま、現れ出た時のそのまま
kk_新入社員_しんにゅう,新入社員,しんにゅう,新:◆切ったばかりの木、切ったばかりで何の手も加えられていない木◆それまでにはなかった形状・状態・様子・性質になるさま、それまではなかったものが初めて現れるさま◆改; 入:◆範囲・領域・組織や区切り・境界の外(外側、外部、表側、向こう側、公のところ)から内(内側、内部、裏側、こちら側、私的なところ)に移る、また移す、内から外へ移る; 社:◆土地の神、土地の神を祀った所◆同種また同じ目的を持つ人から成る集まり,N4,on,mixed+mixed+mixed+on~,A4_multi_on(on+on+on+on 65%),新:◆切ったばかりの木、切ったばかりで何の手も加えられていない木◆それまでにはなかった形状・状態・様子・性質になるさま、それまではなかったものが初めて現れるさま◆改; 入:◆範囲・領域・組織や区切り・境界の外(外側、外部、表側、向こう側、公のところ)から内(内側、内部、裏側、こちら側、私的なところ)に移る、また移す、内から外へ移る; 社:◆土地の神、土地の神を祀った所◆同種また同じ目的を持つ人から成る集まり
kk_新聞社_しんぶんしゃ,新聞社,しんぶんしゃ,新:◆切ったばかりの木、切ったばかりで何の手も加えられていない木◆それまでにはなかった形状・状態・様子・性質になるさま、それまではなかったものが初めて現れるさま◆改; 聞:◆(声や音や噂うわさや知らせなどが)耳に届く、耳に伝わってくる、「【說文解字注:耳部:聞】知聲也(往曰聽來曰聞…)[†「こちらから聞く」ことを「聽」、「向こうか; 社:◆土地の神、土地の神を祀った所◆同種また同じ目的を持つ人から成る集まり,N4,on,on+on+on,A4_multi_on(on+on+on 65%),新:◆切ったばかりの木、切ったばかりで何の手も加えられていない木◆それまでにはなかった形状・状態・様子・性質になるさま、それまではなかったものが初めて現れるさま◆改; 聞:◆(声や音や噂うわさや知らせなどが)耳に届く、耳に伝わってくる、「【說文解字注:耳部:聞】知聲也(往曰聽來曰聞…)[†「こちらから聞く」ことを「聽」、「向こうか; 社:◆土地の神、土地の神を祀った所◆同種また同じ目的を持つ人から成る集まり
kk_新～_しん～,新～,しん～,新:◆切ったばかりの木、切ったばかりで何の手も加えられていない木◆それまでにはなかった形状・状態・様子・性質になるさま、それまではなかったものが初めて現れるさま◆改,N4,on,on,IL2_single_default(kun 84%),新:◆切ったばかりの木、切ったばかりで何の手も加えられていない木◆それまでにはなかった形状・状態・様子・性質になるさま、それまではなかったものが初めて現れるさま◆改
kk_方向_ほうこう,方向,ほうこう,方:◆四角、四角いさま、角(かど)が直角になっているさま、「方形(ホウケイ)」◆数学で二つの数を掛け合わせた数(正方形・長方形の一つの角を成す二辺を掛け合わせた数); 向:◆窓、北側に面した窓、同「郷」、「丿冂」は「宀」で「屋根のある建物」、「口」は「壁などに空いた窓」の意◆目的とするところを目指して行く、基点となるところから遠ざ,N4,on,on+on,,方:◆四角、四角いさま、角(かど)が直角になっているさま、「方形(ホウケイ)」◆数学で二つの数を掛け合わせた数(正方形・長方形の一つの角を成す二辺を掛け合わせた数); 向:◆窓、北側に面した窓、同「郷」、「丿冂」は「宀」で「屋根のある建物」、「口」は「壁などに空いた窓」の意◆目的とするところを目指して行く、基点となるところから遠ざ
kk_方法_ほうほう,方法,ほうほう,方:◆四角、四角いさま、角(かど)が直角になっているさま、「方形(ホウケイ)」◆数学で二つの数を掛け合わせた数(正方形・長方形の一つの角を成す二辺を掛け合わせた数); 法:◆規律を維持するための決まり、守り従うべき制度や規則、私的なものではなく公(おおやけ)のものを指す◆標準的な或いは慣例となっているやり方、またそれらに従う◆基準,N4,on,on+on,,方:◆四角、四角いさま、角(かど)が直角になっているさま、「方形(ホウケイ)」◆数学で二つの数を掛け合わせた数(正方形・長方形の一つの角を成す二辺を掛け合わせた数); 法:◆規律を維持するための決まり、守り従うべき制度や規則、私的なものではなく公(おおやけ)のものを指す◆標準的な或いは慣例となっているやり方、またそれらに従う◆基準
kk_旅館_りょかん,旅館,りょかん,旅:◆兵士数を基にした軍隊の規模の単位、周朝(シュウ、西周、前11世紀～前771年)では500人を単位とした、「【周禮:卷第三:地官司徒】乃會萬民之卒伍而用之五人爲; 館:◆公用に使う大きな建物、公衆が利用する大きな建物◆公用の人や賓客を泊めるための建物、宿◆貴人の邸宅,N4,on,on+on,A3_short_compound(on+on 71%),旅:◆兵士数を基にした軍隊の規模の単位、周朝(シュウ、西周、前11世紀～前771年)では500人を単位とした、「【周禮:卷第三:地官司徒】乃會萬民之卒伍而用之五人爲; 館:◆公用に使う大きな建物、公衆が利用する大きな建物◆公用の人や賓客を泊めるための建物、宿◆貴人の邸宅
kk_日_ひ,日,ひ,日:◆太陽◆太陽が出ている間、昼間、夜明けから日没まで◆一昼夜、朝から次の朝まで、またその繰り返し、またその繰り返しを数える語◆候(コウ)、時節、頃(ケイ、ころ)◆,N4,kun,kun,IL2_single_default(kun 84%),日:◆太陽◆太陽が出ている間、昼間、夜明けから日没まで◆一昼夜、朝から次の朝まで、またその繰り返し、またその繰り返しを数える語◆候(コウ)、時節、頃(ケイ、ころ)◆
kk_日曜_にちよう,日曜,にちよう,日:◆太陽◆太陽が出ている間、昼間、夜明けから日没まで◆一昼夜、朝から次の朝まで、またその繰り返し、またその繰り返しを数える語◆候(コウ)、時節、頃(ケイ、ころ)◆; 曜:◆陽の光が明るく輝(かがや)く、眩(まばゆ)く輝く◆太陽・月と水金火木土星の七つの明るく光る天体、総称して「七曜(シチヨウ)」といい、これを一週間の各日に当てた,N4,on,on+on,,日:◆太陽◆太陽が出ている間、昼間、夜明けから日没まで◆一昼夜、朝から次の朝まで、またその繰り返し、またその繰り返しを数える語◆候(コウ)、時節、頃(ケイ、ころ)◆; 曜:◆陽の光が明るく輝(かがや)く、眩(まばゆ)く輝く◆太陽・月と水金火木土星の七つの明るく光る天体、総称して「七曜(シチヨウ)」といい、これを一週間の各日に当てた
kk_日記_にっき,日記,にっき,日:◆太陽◆太陽が出ている間、昼間、夜明けから日没まで◆一昼夜、朝から次の朝まで、またその繰り返し、またその繰り返しを数える語◆候(コウ)、時節、頃(ケイ、ころ)◆; 記:◆(忘れないように)覚えておく、「記憶(キオク)」◆(忘れないように)書き留(と)める、書き付ける、また書き留めたもの、「記録(キロク)」「記事(キジ、書き記さ,N4,other,mixed+mixed~,A3_short_compound(on+on 71%) | B_verb_rad_言(kun 80%),日:◆太陽◆太陽が出ている間、昼間、夜明けから日没まで◆一昼夜、朝から次の朝まで、またその繰り返し、またその繰り返しを数える語◆候(コウ)、時節、頃(ケイ、ころ)◆; 記:◆(忘れないように)覚えておく、「記憶(キオク)」◆(忘れないように)書き留(と)める、書き付ける、また書き留めたもの、「記録(キロク)」「記事(キジ、書き記さ
kk_旨/巧/美味/甘/上手い_うまい,旨/巧/美味/甘/上手い,うまい,旨:◆うま・い、美味(おい)しい、甘(あま)く美味しい◆意図(イト)していること、意向(イコウ)、本意(ホンイ)◆天子や上位者の指示や命令、またその考えや意向; 巧:◆技(わざ)、技術が秀(ひい)でているさま、器用なさま◆上手(じょうず)な、上手(うま)い◆技術、技量; 美:◆綺麗な、姿形が良い◆善(よ)い、良い、優(すぐ)れている◆美味しい、味が良い、甘い◆褒(ほ)める、称賛する,N4,other,mixed+mixed+mixed+mixed+mixed+mixed+mixed~,IL1_okurigana(kun 96%) | A1_compound_oku(kun 90%) | A1_on_kun_mix(on+kun 65%),旨:◆うま・い、美味(おい)しい、甘(あま)く美味しい◆意図(イト)していること、意向(イコウ)、本意(ホンイ)◆天子や上位者の指示や命令、またその考えや意向; 巧:◆技(わざ)、技術が秀(ひい)でているさま、器用なさま◆上手(じょうず)な、上手(うま)い◆技術、技量; 美:◆綺麗な、姿形が良い◆善(よ)い、良い、優(すぐ)れている◆美味しい、味が良い、甘い◆褒(ほ)める、称賛する
kk_早く_はやく,早く,はやく,早:◆いよいよ陽が昇り始めようとしていてまだ薄暗い頃、朝が明(あ)けようとする頃◆その時(時間、時期、頃合い)に至っていない◆本来の時よりも前に(先に)、前以って、,N4,kun,kun,IL1_okurigana(kun 96%) | IL2_single_okuri(kun 96%),早:◆いよいよ陽が昇り始めようとしていてまだ薄暗い頃、朝が明(あ)けようとする頃◆その時(時間、時期、頃合い)に至っていない◆本来の時よりも前に(先に)、前以って、
kk_早退_そうたい,早退,そうたい,早:◆いよいよ陽が昇り始めようとしていてまだ薄暗い頃、朝が明(あ)けようとする頃◆その時(時間、時期、頃合い)に至っていない◆本来の時よりも前に(先に)、前以って、; 退:◆後ろに向かう、後ろへ下がる、後ろ向きに進む、逆は「進」◆今いる場所から遠ざかる方に向かう、その場を立ち去る◆体を後へ引く、身を引く◆状態が悪くなる(衰える、弱,N4,on,on+on,,早:◆いよいよ陽が昇り始めようとしていてまだ薄暗い頃、朝が明(あ)けようとする頃◆その時(時間、時期、頃合い)に至っていない◆本来の時よりも前に(先に)、前以って、; 退:◆後ろに向かう、後ろへ下がる、後ろ向きに進む、逆は「進」◆今いる場所から遠ざかる方に向かう、その場を立ち去る◆体を後へ引く、身を引く◆状態が悪くなる(衰える、弱
kk_昔_むかし,昔,むかし,昔:◆過ぎ去った日、現在よりも前、以前◆久しく時(月日)を経(へ)ているさま◆夜、同「夕」◆干し肉、或いは肉を薄く切った後に残る肉(切り落とし肉)を干したもの、同「,N4,kun,kun,IL2_single_default(kun 84%),昔:◆過ぎ去った日、現在よりも前、以前◆久しく時(月日)を経(へ)ているさま◆夜、同「夕」◆干し肉、或いは肉を薄く切った後に残る肉(切り落とし肉)を干したもの、同「
kk_星_ほし,星,ほし,星:◆天体、天空で光る天体◆(星のように)小さい、小さい点◆ひときわ目立つ、またそのような人◆二十八宿南方朱雀スザクの一つ,N4,kun,kun,IL2_single_default(kun 84%),星:◆天体、天空で光る天体◆(星のように)小さい、小さい点◆ひときわ目立つ、またそのような人◆二十八宿南方朱雀スザクの一つ
kk_春節_しゅんせつ,春節,しゅんせつ,春:◆地中の草木の芽が地上に現(あらわ)れ出る季節、四季(春・夏・秋・冬)の第一、陰暦の一月から三月◆若々しく瑞々(みずみず)しいさま、生気に満ちているさま◆異性を; 節:◆タケ(竹、イネ科タケ亜科の木)の中空の茎が途中で区切られ外側に硬く盛り上がっているところ、イネ科の植物に多くみられる◆区切り、変わり目、段落、けじめ◆区切りで,N4,on,on+on,B_noun_rad_竹(kun 93%),春:◆地中の草木の芽が地上に現(あらわ)れ出る季節、四季(春・夏・秋・冬)の第一、陰暦の一月から三月◆若々しく瑞々(みずみず)しいさま、生気に満ちているさま◆異性を; 節:◆タケ(竹、イネ科タケ亜科の木)の中空の茎が途中で区切られ外側に硬く盛り上がっているところ、イネ科の植物に多くみられる◆区切り、変わり目、段落、けじめ◆区切りで
kk_是から_これから,是から,これから,是:◆これ、この、ここ、this◆正しい、理に適(かな)っている、理に則(のっと)っている◆良しとして認める◆その通り、はい、同意・肯定を表す◆「是非(ぜひ)」◇善,N4,kun,kun,IL1_okurigana(kun 96%) | IL2_single_okuri(kun 96%),是:◆これ、この、ここ、this◆正しい、理に適(かな)っている、理に則(のっと)っている◆良しとして認める◆その通り、はい、同意・肯定を表す◆「是非(ぜひ)」◇善
kk_是では_これでは,是では,これでは,是:◆これ、この、ここ、this◆正しい、理に適(かな)っている、理に則(のっと)っている◆良しとして認める◆その通り、はい、同意・肯定を表す◆「是非(ぜひ)」◇善,N4,kun,kun,IL1_okurigana(kun 96%) | IL2_single_okuri(kun 96%),是:◆これ、この、ここ、this◆正しい、理に適(かな)っている、理に則(のっと)っている◆良しとして認める◆その通り、はい、同意・肯定を表す◆「是非(ぜひ)」◇善
kk_是非_ぜひ,是非,ぜひ,是:◆これ、この、ここ、this◆正しい、理に適(かな)っている、理に則(のっと)っている◆良しとして認める◆その通り、はい、同意・肯定を表す◆「是非(ぜひ)」◇善; 非:◆～ではない、否定を表す言葉、同「匪」◆違っている、誤っている、正しくない◆「是非(ゼヒ)」◇物事の正邪、良し悪し◇(都合の良し悪しに拘らず)どうしても◆あらず,N4,on,on+on,A3_short_compound(on+on 71%),是:◆これ、この、ここ、this◆正しい、理に適(かな)っている、理に則(のっと)っている◆良しとして認める◆その通り、はい、同意・肯定を表す◆「是非(ぜひ)」◇善; 非:◆～ではない、否定を表す言葉、同「匪」◆違っている、誤っている、正しくない◆「是非(ゼヒ)」◇物事の正邪、良し悪し◇(都合の良し悪しに拘らず)どうしても◆あらず
kk_昼休み_ひるやすみ,昼休み,ひるやすみ,昼:◆日の出から日の入りまで間、日中(ニッチュウ)、日の入りから日の出までの間を「夜」◆正午(ショウゴ); 休:◆連続した動きや働きの途中で一旦その動きや働きを止(や)める、再開するために息を整えたり力を蓄(たくわ)えることをいう◆止める、止む、終わる、「【歸去來辭】羨萬,N4,kun,kun+kun,IL1_okurigana(kun 96%) | A1_compound_oku(kun 90%) | A1_on_kun_mix(on+kun 65%),昼:◆日の出から日の入りまで間、日中(ニッチュウ)、日の入りから日の出までの間を「夜」◆正午(ショウゴ); 休:◆連続した動きや働きの途中で一旦その動きや働きを止(や)める、再開するために息を整えたり力を蓄(たくわ)えることをいう◆止める、止む、終わる、「【歸去來辭】羨萬
kk_昼間_ひるま,昼間,ひるま,昼:◆日の出から日の入りまで間、日中(ニッチュウ)、日の入りから日の出までの間を「夜」◆正午(ショウゴ); 間:◆両側からぴったりと閉じられずに開いているところ、(空間・時間・物事・関係などが)連続せずに途切れているところ、開いたり途切れたりして何もないところ、隙(すき),N4,kun,kun+kun~,A3_short_compound(on+on 71%),昼:◆日の出から日の入りまで間、日中(ニッチュウ)、日の入りから日の出までの間を「夜」◆正午(ショウゴ); 間:◆両側からぴったりと閉じられずに開いているところ、(空間・時間・物事・関係などが)連続せずに途切れているところ、開いたり途切れたりして何もないところ、隙(すき)
kk_昼食_ちゅうしょく,昼食,ちゅうしょく,昼:◆日の出から日の入りまで間、日中(ニッチュウ)、日の入りから日の出までの間を「夜」◆正午(ショウゴ); 食:◆(固形の食べ物を)口の中でよく噛んで胃に入れる、よく噛んで胃に入れるもの、噛まずに胃に入れるのは「飲」◆(生きていくために必要な食べ物を得るための)俸禄(ホウ,N4,on,on+on,,昼:◆日の出から日の入りまで間、日中(ニッチュウ)、日の入りから日の出までの間を「夜」◆正午(ショウゴ); 食:◆(固形の食べ物を)口の中でよく噛んで胃に入れる、よく噛んで胃に入れるもの、噛まずに胃に入れるのは「飲」◆(生きていくために必要な食べ物を得るための)俸禄(ホウ
kk_時代_じだい,時代,じだい,時:◆一年の四分の一、季節、「一時(イチジ、三カ月、一季節)」「四時(シジ、四つの季節、四季)」◆一日の十二分の一、現在は二十四分の一、「時刻(ジコク)」◆年代、期; 代:◆替(か)える、それまでのもの(今あるもの)を別のものに替える、入れ替える、また入れ替わる◆同じ家主や国主がその地位にある期間、同じ種(シュ、起源を同じにするも,N4,on,on+on,A3_short_compound(on+on 71%),時:◆一年の四分の一、季節、「一時(イチジ、三カ月、一季節)」「四時(シジ、四つの季節、四季)」◆一日の十二分の一、現在は二十四分の一、「時刻(ジコク)」◆年代、期; 代:◆替(か)える、それまでのもの(今あるもの)を別のものに替える、入れ替える、また入れ替わる◆同じ家主や国主がその地位にある期間、同じ種(シュ、起源を同じにするも
kk_普段_ふだん,普段,ふだん,普:◆太陽の光が遠近にかかわらずどこにも一様に降り注ぐさま◆偏りがないさま、一様にどこまでも行き渡るさま¶別「𤽽」; 段:◆上へ上へと積み重なって層をなしたものの、その一つ一つ◆物事などの区切り、文章などの区切り◆階位、等級,N4,on,on+on,A3_short_compound(on+on 71%),普:◆太陽の光が遠近にかかわらずどこにも一様に降り注ぐさま◆偏りがないさま、一様にどこまでも行き渡るさま¶別「𤽽」; 段:◆上へ上へと積み重なって層をなしたものの、その一つ一つ◆物事などの区切り、文章などの区切り◆階位、等級
kk_普通_ふつう,普通,ふつう,普:◆太陽の光が遠近にかかわらずどこにも一様に降り注ぐさま◆偏りがないさま、一様にどこまでも行き渡るさま¶別「𤽽」; 通:◆途中に障害となるようなものがなく反対側・向こう側・相手方・目的地まで達する、また達している◆支障なく行き来ができる、また行き来する、また行き来ができるようにす,N4,on,on+on,A3_short_compound(on+on 71%),普:◆太陽の光が遠近にかかわらずどこにも一様に降り注ぐさま◆偏りがないさま、一様にどこまでも行き渡るさま¶別「𤽽」; 通:◆途中に障害となるようなものがなく反対側・向こう側・相手方・目的地まで達する、また達している◆支障なく行き来ができる、また行き来する、また行き来ができるようにす
kk_景色_けしき,景色,けしき,景:◆光(ひかり)、光が当たることでできる影、光と影◆光と影があることで見える姿形(すがたかたち)や様子(ようす)・状態、「景色(ケイショク、けしき)」「風景(フウ; 色:◆視覚によって認識するものの内、形状以外のもの、(特に顔の)表情、彩(いろどり)り、具合(ぐあい)、様子◆男女間の情欲(ジョウヨク)◆種類、二色=二種類◆いろ、,N4,other,mixed+mixed~,A3_short_compound(on+on 71%),景:◆光(ひかり)、光が当たることでできる影、光と影◆光と影があることで見える姿形(すがたかたち)や様子(ようす)・状態、「景色(ケイショク、けしき)」「風景(フウ; 色:◆視覚によって認識するものの内、形状以外のもの、(特に顔の)表情、彩(いろどり)り、具合(ぐあい)、様子◆男女間の情欲(ジョウヨク)◆種類、二色=二種類◆いろ、
kk_暖房_だんぼう,暖房,だんぼう,暖:◆日光が当たってぽかぽかと暑くもなく寒くもなく程良いさま、穏(おだ)やかな陽気であるさま、同「㬉」「暄」、「温」は液体などが程よい温度であること、「煖」は火が当; 房:◆主屋(おもや、中庭を囲むように建てられた住居の北側の建物、正房、家主の住居)の左右(東西)両側に張り出すように建てられた部屋、「耳房(ジボウ)」 ◆部屋、室(,N4,on,on+on,,暖:◆日光が当たってぽかぽかと暑くもなく寒くもなく程良いさま、穏(おだ)やかな陽気であるさま、同「㬉」「暄」、「温」は液体などが程よい温度であること、「煖」は火が当; 房:◆主屋(おもや、中庭を囲むように建てられた住居の北側の建物、正房、家主の住居)の左右(東西)両側に張り出すように建てられた部屋、「耳房(ジボウ)」 ◆部屋、室(
kk_暫く_しばらく,暫く,しばらく,暫:◆(一連の動作・行為・状態などの途中の)長くない間、少しの間、同「蹔」◆一先ず(ひとまず)、差し当たって◆[日]久し振りに,N4,kun,kun,IL1_okurigana(kun 96%) | IL2_single_okuri(kun 96%),暫:◆(一連の動作・行為・状態などの途中の)長くない間、少しの間、同「蹔」◆一先ず(ひとまず)、差し当たって◆[日]久し振りに
kk_暮し_くらし,暮し,くらし,暮:◆陽の光が届かなって暗くなる、晩(バン)、同「莫」◆人生や月日・季節・年などが将(まさ)に尽きようとする、またその頃◆[日]く・れる、(暗くなって)区別や判断が,N4,kun,kun,IL1_okurigana(kun 96%) | IL2_single_okuri(kun 96%),暮:◆陽の光が届かなって暗くなる、晩(バン)、同「莫」◆人生や月日・季節・年などが将(まさ)に尽きようとする、またその頃◆[日]く・れる、(暗くなって)区別や判断が
kk_暮らす_くらす,暮らす,くらす,暮:◆陽の光が届かなって暗くなる、晩(バン)、同「莫」◆人生や月日・季節・年などが将(まさ)に尽きようとする、またその頃◆[日]く・れる、(暗くなって)区別や判断が,N4,kun,kun,IL1_okurigana(kun 96%) | IL2_single_okuri(kun 96%),暮:◆陽の光が届かなって暗くなる、晩(バン)、同「莫」◆人生や月日・季節・年などが将(まさ)に尽きようとする、またその頃◆[日]く・れる、(暗くなって)区別や判断が
kk_暮れる_くれる,暮れる,くれる,暮:◆陽の光が届かなって暗くなる、晩(バン)、同「莫」◆人生や月日・季節・年などが将(まさ)に尽きようとする、またその頃◆[日]く・れる、(暗くなって)区別や判断が,N4,kun,kun,IL1_okurigana(kun 96%) | IL2_single_okuri(kun 96%),暮:◆陽の光が届かなって暗くなる、晩(バン)、同「莫」◆人生や月日・季節・年などが将(まさ)に尽きようとする、またその頃◆[日]く・れる、(暗くなって)区別や判断が
kk_最も_もっとも,最も,もっとも,最:◆もっと・も、比べるものの中で一番の、第一の、極めて◆多くの(幾つかの)ものの中で先頭であるさま、一番優れているさま◆多くのものが同じところに集まる、また集める,N4,other,unknown,IL1_okurigana(kun 96%) | IL2_single_okuri(kun 96%),最:◆もっと・も、比べるものの中で一番の、第一の、極めて◆多くの(幾つかの)ものの中で先頭であるさま、一番優れているさま◆多くのものが同じところに集まる、また集める
kk_最古_さいこ,最古,さいこ,最:◆もっと・も、比べるものの中で一番の、第一の、極めて◆多くの(幾つかの)ものの中で先頭であるさま、一番優れているさま◆多くのものが同じところに集まる、また集める; 古:◆以前、昔(むかし)、以前の、昔の、同「故」◆長い時を経(へ)ているさま,N4,on,on+on,A3_short_compound(on+on 71%),最:◆もっと・も、比べるものの中で一番の、第一の、極めて◆多くの(幾つかの)ものの中で先頭であるさま、一番優れているさま◆多くのものが同じところに集まる、また集める; 古:◆以前、昔(むかし)、以前の、昔の、同「故」◆長い時を経(へ)ているさま
kk_最近_さいきん,最近,さいきん,最:◆もっと・も、比べるものの中で一番の、第一の、極めて◆多くの(幾つかの)ものの中で先頭であるさま、一番優れているさま◆多くのものが同じところに集まる、また集める; 近:◆位置・時間・関係・状態などがすぐ傍(そば)にある◆迫(せま)る、すぐ傍まで寄る、また寄せる◆親(ちか)しい、親(した)しい(間柄や関係などが近い)◆似ている(,N4,on,on+on,,最:◆もっと・も、比べるものの中で一番の、第一の、極めて◆多くの(幾つかの)ものの中で先頭であるさま、一番優れているさま◆多くのものが同じところに集まる、また集める; 近:◆位置・時間・関係・状態などがすぐ傍(そば)にある◆迫(せま)る、すぐ傍まで寄る、また寄せる◆親(ちか)しい、親(した)しい(間柄や関係などが近い)◆似ている(
kk_月_つき,月,つき,月:◆地球の衛星の名、太陰(タイイン)、「日」を「太陽」というのに対して月を「太陰」という◆一年をほぼ十二等分した期間、新月(月が見えなくなる日)から次の新月までの,N4,kun,kun,IL2_single_default(kun 84%),月:◆地球の衛星の名、太陰(タイイン)、「日」を「太陽」というのに対して月を「太陰」という◆一年をほぼ十二等分した期間、新月(月が見えなくなる日)から次の新月までの
kk_月曜_げつよう,月曜,げつよう,月:◆地球の衛星の名、太陰(タイイン)、「日」を「太陽」というのに対して月を「太陰」という◆一年をほぼ十二等分した期間、新月(月が見えなくなる日)から次の新月までの; 曜:◆陽の光が明るく輝(かがや)く、眩(まばゆ)く輝く◆太陽・月と水金火木土星の七つの明るく光る天体、総称して「七曜(シチヨウ)」といい、これを一週間の各日に当てた,N4,on,on+on,,月:◆地球の衛星の名、太陰(タイイン)、「日」を「太陽」というのに対して月を「太陰」という◆一年をほぼ十二等分した期間、新月(月が見えなくなる日)から次の新月までの; 曜:◆陽の光が明るく輝(かがや)く、眩(まばゆ)く輝く◆太陽・月と水金火木土星の七つの明るく光る天体、総称して「七曜(シチヨウ)」といい、これを一週間の各日に当てた
kk_有料_ゆうりょう,有料,ゆうりょう,有:◆在(あ)る、居(い)る、一定の範囲や場所に存在する、「有力(ユウリョク、力がある)」「稀有(ケウ、稀にある、稀にしかない)」◆持っている、備わっている、「所有; 料:◆升(ます、枡)で米などの物の嵩(かさ)を量(はか)る◆人や物の資質(シシツ)を量る、推(お)し量る、見当を付ける◆ものを作る際に量を決めて使うもの、それを使っ,N4,on,on+on,,有:◆在(あ)る、居(い)る、一定の範囲や場所に存在する、「有力(ユウリョク、力がある)」「稀有(ケウ、稀にある、稀にしかない)」◆持っている、備わっている、「所有; 料:◆升(ます、枡)で米などの物の嵩(かさ)を量(はか)る◆人や物の資質(シシツ)を量る、推(お)し量る、見当を付ける◆ものを作る際に量を決めて使うもの、それを使っ
kk_木の葉_このは,木の葉,このは,木:◆植物の一分類、例外もあるが一般に表皮が硬く寒暖差などによって年輪を生ずるもの、またそれを使ったもの◆五行(水・火・木・金・土)の一つ ◆自然で飾り気がないさま; 葉:◆植物の茎や枝から伸び出る薄く平らなもの、主に光を受け成長に必要な養分を合成する(光合成、コウゴウセイ)役割を担う◆(葉のように)薄いもの◆紙などのような薄いも,N4,kun,kun+kun~,IL1_okurigana(kun 96%) | A1_compound_oku(kun 90%) | A1_on_kun_mix(on+kun 65%),木:◆植物の一分類、例外もあるが一般に表皮が硬く寒暖差などによって年輪を生ずるもの、またそれを使ったもの◆五行(水・火・木・金・土)の一つ ◆自然で飾り気がないさま; 葉:◆植物の茎や枝から伸び出る薄く平らなもの、主に光を受け成長に必要な養分を合成する(光合成、コウゴウセイ)役割を担う◆(葉のように)薄いもの◆紙などのような薄いも
kk_木曜_もくよう,木曜,もくよう,木:◆植物の一分類、例外もあるが一般に表皮が硬く寒暖差などによって年輪を生ずるもの、またそれを使ったもの◆五行(水・火・木・金・土)の一つ ◆自然で飾り気がないさま; 曜:◆陽の光が明るく輝(かがや)く、眩(まばゆ)く輝く◆太陽・月と水金火木土星の七つの明るく光る天体、総称して「七曜(シチヨウ)」といい、これを一週間の各日に当てた,N4,on,on+on,B_noun_rad_木(kun 93%),木:◆植物の一分類、例外もあるが一般に表皮が硬く寒暖差などによって年輪を生ずるもの、またそれを使ったもの◆五行(水・火・木・金・土)の一つ ◆自然で飾り気がないさま; 曜:◆陽の光が明るく輝(かがや)く、眩(まばゆ)く輝く◆太陽・月と水金火木土星の七つの明るく光る天体、総称して「七曜(シチヨウ)」といい、これを一週間の各日に当てた
kk_木綿_もめん,木綿,もめん,木:◆植物の一分類、例外もあるが一般に表皮が硬く寒暖差などによって年輪を生ずるもの、またそれを使ったもの◆五行(水・火・木・金・土)の一つ ◆自然で飾り気がないさま; 綿:◆ワタ(綿、アオイ科ワタ属の草本植物)やキワタ(木棉、アオイ科キワタ属の木本植物)などの植物から採った繊維の総称、植物名のワタは中国では「棉」、日本では繭(まゆ,N4,other,mixed+mixed~,A3_short_compound(on+on 71%) | B_noun_rad_木(kun 93%),木:◆植物の一分類、例外もあるが一般に表皮が硬く寒暖差などによって年輪を生ずるもの、またそれを使ったもの◆五行(水・火・木・金・土)の一つ ◆自然で飾り気がないさま; 綿:◆ワタ(綿、アオイ科ワタ属の草本植物)やキワタ(木棉、アオイ科キワタ属の木本植物)などの植物から採った繊維の総称、植物名のワタは中国では「棉」、日本では繭(まゆ
kk_材料_ざいりょう,材料,ざいりょう,材:◆切り出した木、立木は「樹」◆さまざまな構築物や工作物などに用いられる木◆ものを作り上げるための元となる物◆有用なもの、有能な人; 料:◆升(ます、枡)で米などの物の嵩(かさ)を量(はか)る◆人や物の資質(シシツ)を量る、推(お)し量る、見当を付ける◆ものを作る際に量を決めて使うもの、それを使っ,N4,on,on+on,B_noun_rad_木(kun 93%),材:◆切り出した木、立木は「樹」◆さまざまな構築物や工作物などに用いられる木◆ものを作り上げるための元となる物◆有用なもの、有能な人; 料:◆升(ます、枡)で米などの物の嵩(かさ)を量(はか)る◆人や物の資質(シシツ)を量る、推(お)し量る、見当を付ける◆ものを作る際に量を決めて使うもの、それを使っ
kk_来～_らい～,来～,らい～,来:◆(人や時間や物事が)向こうからこちらに近づく、「到来(トウライ)」、同「倈」「徠」「逨」「𧼛」◆招き寄せる、「こちらに来させる」の意◆ある時点から今まで、今に,N4,on,on,IL2_single_default(kun 84%) | B_noun_rad_木(kun 93%),来:◆(人や時間や物事が)向こうからこちらに近づく、「到来(トウライ)」、同「倈」「徠」「逨」「𧼛」◆招き寄せる、「こちらに来させる」の意◆ある時点から今まで、今に
kk_林_はやし,林,はやし,林:◆木や竹が叢(むら)がって生えているところ◆同様のものがたくさん集まっているさま◆郊外(「野」という)の外側の地、都(みやこ)を囲む城壁の外に広がる地で都から百,N4,kun,kun,IL2_single_default(kun 84%) | B_noun_rad_木(kun 93%),林:◆木や竹が叢(むら)がって生えているところ◆同様のものがたくさん集まっているさま◆郊外(「野」という)の外側の地、都(みやこ)を囲む城壁の外に広がる地で都から百
kk_枝_えだ,枝,えだ,枝:◆木の幹(みき)から分かれ出たもの、同「支」「肢」◆本(もと、根幹、基本、本体、主流)から分れ出たもの,N4,kun,kun,IL2_single_default(kun 84%) | B_noun_rad_木(kun 93%),枝:◆木の幹(みき)から分かれ出たもの、同「支」「肢」◆本(もと、根幹、基本、本体、主流)から分れ出たもの
kk_柔らかい/軟らかい_やわらかい,柔らかい/軟らかい,やわらかい,柔:◆曲げても折れないさま、しなやかなさま◆穏やかなさま、温和なさま; 軟:◆柔らかい、柔らかく変形・伸縮し易い◆しなやかな、弱々しい◆穏やかな、緩(ゆる)やかな,N4,kun,kun+kun~,IL1_okurigana(kun 96%) | A1_compound_oku(kun 90%) | A1_on_kun_mix(on+kun 65%),柔:◆曲げても折れないさま、しなやかなさま◆穏やかなさま、温和なさま; 軟:◆柔らかい、柔らかく変形・伸縮し易い◆しなやかな、弱々しい◆穏やかな、緩(ゆる)やかな
kk_柔道_じゅうどう,柔道,じゅうどう,柔:◆曲げても折れないさま、しなやかなさま◆穏やかなさま、温和なさま; 道:◆出発地から目的地へ通じている路(みち)、人や動物などが往来する通り路、「道路(ドウロ)」、同「路」◆目的を達するための経路、手順や方法◆導(みちび)く、手引き,N4,on,on+on,B_noun_rad_木(kun 93%),柔:◆曲げても折れないさま、しなやかなさま◆穏やかなさま、温和なさま; 道:◆出発地から目的地へ通じている路(みち)、人や動物などが往来する通り路、「道路(ドウロ)」、同「路」◆目的を達するための経路、手順や方法◆導(みちび)く、手引き
kk_校長_こうちょう,校長,こうちょう,校:◆木製の枷(かせ)、罪人の首・手・足などに嵌(は)めて自由を奪う刑具◆(陣地の周囲に張り巡らせる、或いは狩猟の際に獲物を追い込む)格子状に組んだ柵(さく)◆武官; 長:◆距離や時間などが途切れることなく連なっている、離れたところまでずぅっと続いている、途切れなく続いているものの二点(両端)が大きく隔(へだ)たっている、またその,N4,on,on+on,B_noun_rad_木(kun 93%),校:◆木製の枷(かせ)、罪人の首・手・足などに嵌(は)めて自由を奪う刑具◆(陣地の周囲に張り巡らせる、或いは狩猟の際に獲物を追い込む)格子状に組んだ柵(さく)◆武官; 長:◆距離や時間などが途切れることなく連なっている、離れたところまでずぅっと続いている、途切れなく続いているものの二点(両端)が大きく隔(へだ)たっている、またその
kk_格好_かっこう,格好,かっこう,格:◆長く伸びた木の枝、その枝が交差するさま◆四角い枠(わく)、四角く枠をはめる◆ものの外枠、規則や基準◆限界(外枠)まで至る、行き着く、窮(きわ)まる、同「𢓜」◆; 好:◆自分にとって快く受け入れることができること(事・言)やもの(物・者)、その逆が「悪」、「好悪(コウオ)」◆良い、善(よ)い、心地良い、丁度良い、勝手(かって、,N4,on,on+on~,B_noun_rad_木(kun 93%),格:◆長く伸びた木の枝、その枝が交差するさま◆四角い枠(わく)、四角く枠をはめる◆ものの外枠、規則や基準◆限界(外枠)まで至る、行き着く、窮(きわ)まる、同「𢓜」◆; 好:◆自分にとって快く受け入れることができること(事・言)やもの(物・者)、その逆が「悪」、「好悪(コウオ)」◆良い、善(よ)い、心地良い、丁度良い、勝手(かって、
kk_桃_もも,桃,もも,桃:◆モモ(桃)、バラ科モモ属の木、また同属の木の総称、またその果実 ◆モモ(桃)の果実に似た形のものを形容する語、モモ(桃)の花に似た色を形容する語、モモ(桃)の,N4,kun,kun,IL2_single_default(kun 84%) | B_noun_rad_木(kun 93%),桃:◆モモ(桃)、バラ科モモ属の木、また同属の木の総称、またその果実 ◆モモ(桃)の果実に似た形のものを形容する語、モモ(桃)の花に似た色を形容する語、モモ(桃)の
kk_案内_あんない,案内,あんない,案:◆机、テーブルtable、方形で比較的小さなものや低いものを指す、料理を載(の)せる脚付きの台や座った時に肘(ひじ)などを載せて体を凭(もた)れ掛ける脇息(キョ; 内:◆外から中に入る、入れる◆限られた範囲・領域の中、区切りや境目の中、同「中」◆ある一定の範囲に含まれるもの、囲われたり覆われたりしていて外からは見えないもの、公,N4,on,on+on,B_noun_rad_木(kun 93%),案:◆机、テーブルtable、方形で比較的小さなものや低いものを指す、料理を載(の)せる脚付きの台や座った時に肘(ひじ)などを載せて体を凭(もた)れ掛ける脇息(キョ; 内:◆外から中に入る、入れる◆限られた範囲・領域の中、区切りや境目の中、同「中」◆ある一定の範囲に含まれるもの、囲われたり覆われたりしていて外からは見えないもの、公
kk_桜_さくら,桜,さくら,桜:◆サクラ(桜)、バラ科サクラ属などの植物の称 ◆「桜桃(オウトウ)」、カラミザクラ(唐実桜)、別名シナミザクラ(支那実桜)、バラ科サクラ属の木、またその実(さく,N4,kun,kun,IL2_single_default(kun 84%) | B_noun_rad_木(kun 93%),桜:◆サクラ(桜)、バラ科サクラ属などの植物の称 ◆「桜桃(オウトウ)」、カラミザクラ(唐実桜)、別名シナミザクラ(支那実桜)、バラ科サクラ属の木、またその実(さく
kk_棚_たな,棚,たな,棚:◆竹や木を組んで上を覆った建物◆粗末な小屋、掘建て(ほったて)小屋◆棒や板を横に並べて架け渡した橋や道、同「桟」「閣」◆[日]物を載せるために横に渡した板、また,N4,kun,kun,IL2_single_default(kun 84%) | B_noun_rad_木(kun 93%),棚:◆竹や木を組んで上を覆った建物◆粗末な小屋、掘建て(ほったて)小屋◆棒や板を横に並べて架け渡した橋や道、同「桟」「閣」◆[日]物を載せるために横に渡した板、また
kk_森_もり,森,もり,森:◆たくさんの木が立ち並ぶさま、木がびっしりと生えているさま、またそのようなところ◆木が茂(しげ)って薄暗いさま,N4,kun,kun,IL2_single_default(kun 84%) | B_noun_rad_木(kun 93%),森:◆たくさんの木が立ち並ぶさま、木がびっしりと生えているさま、またそのようなところ◆木が茂(しげ)って薄暗いさま
kk_植える_うえる,植える,うえる,植:◆草木の根を土中に埋めて茎(ケイ、くき)や幹(カン、みき)の部分をまっすぐに立たせる◆まっすぐに立てる、しっかりと立てる、しっかりと据(す)える、同「樹」「置」,N4,kun,kun,IL1_okurigana(kun 96%) | IL2_single_okuri(kun 96%) | B_noun_rad_木(kun 93%),植:◆草木の根を土中に埋めて茎(ケイ、くき)や幹(カン、みき)の部分をまっすぐに立たせる◆まっすぐに立てる、しっかりと立てる、しっかりと据(す)える、同「樹」「置」
kk_植わる_うわる,植わる,うわる,植:◆草木の根を土中に埋めて茎(ケイ、くき)や幹(カン、みき)の部分をまっすぐに立たせる◆まっすぐに立てる、しっかりと立てる、しっかりと据(す)える、同「樹」「置」,N4,kun,kun,IL1_okurigana(kun 96%) | IL2_single_okuri(kun 96%) | B_noun_rad_木(kun 93%),植:◆草木の根を土中に埋めて茎(ケイ、くき)や幹(カン、みき)の部分をまっすぐに立たせる◆まっすぐに立てる、しっかりと立てる、しっかりと据(す)える、同「樹」「置」
kk_植物_しょくぶつ,植物,しょくぶつ,植:◆草木の根を土中に埋めて茎(ケイ、くき)や幹(カン、みき)の部分をまっすぐに立たせる◆まっすぐに立てる、しっかりと立てる、しっかりと据(す)える、同「樹」「置」; 物:◆(天地の間に存在する)人以外の形のあるもの、人は「者」、形のないものは「事」,N4,on,on+on,B_noun_rad_木(kun 93%) | B_noun_rad_牛(kun 93%),植:◆草木の根を土中に埋めて茎(ケイ、くき)や幹(カン、みき)の部分をまっすぐに立たせる◆まっすぐに立てる、しっかりと立てる、しっかりと据(す)える、同「樹」「置」; 物:◆(天地の間に存在する)人以外の形のあるもの、人は「者」、形のないものは「事」
kk_楽しみ_たのしみ,楽しみ,たのしみ,楽:◆音を奏(かな)でる、「音楽(オンガク)」◆調和が取れて心地よい、心や体を煩(わずら)わせるものが何もなく安らかで快い、悦(よろこ)ばしい,N4,kun,kun,IL1_okurigana(kun 96%) | IL2_single_okuri(kun 96%) | B_noun_rad_木(kun 93%),楽:◆音を奏(かな)でる、「音楽(オンガク)」◆調和が取れて心地よい、心や体を煩(わずら)わせるものが何もなく安らかで快い、悦(よろこ)ばしい
kk_楽しむ_たのしむ,楽しむ,たのしむ,楽:◆音を奏(かな)でる、「音楽(オンガク)」◆調和が取れて心地よい、心や体を煩(わずら)わせるものが何もなく安らかで快い、悦(よろこ)ばしい,N4,kun,kun,IL1_okurigana(kun 96%) | IL2_single_okuri(kun 96%) | B_noun_rad_木(kun 93%),楽:◆音を奏(かな)でる、「音楽(オンガク)」◆調和が取れて心地よい、心や体を煩(わずら)わせるものが何もなく安らかで快い、悦(よろこ)ばしい
kk_構う_かまう,構う,かまう,構:◆材木をしっかりと組んで建物を作る、また出来上がった建物◆(建物・作品・組織など)幾つかの素材や要素を組み合わせて作り上げる、また組み立て上がったもの◆組み立て,N4,kun,kun,IL1_okurigana(kun 96%) | IL2_single_okuri(kun 96%) | B_noun_rad_木(kun 93%),構:◆材木をしっかりと組んで建物を作る、また出来上がった建物◆(建物・作品・組織など)幾つかの素材や要素を組み合わせて作り上げる、また組み立て上がったもの◆組み立て
kk_様々_さまざま,様々,さまざま,様:◆物事の性格や状態、また姿や形、あり方また見掛け◆形や姿、状態やあり方、方法や方式、同「𢳌」◆形や姿・状態やあり方・方法や方式などの種類を数える語◆クヌギ(櫟、,N4,kun,kun,IL2_single_default(kun 84%) | B_noun_rad_木(kun 93%),様:◆物事の性格や状態、また姿や形、あり方また見掛け◆形や姿、状態やあり方、方法や方式、同「𢳌」◆形や姿・状態やあり方・方法や方式などの種類を数える語◆クヌギ(櫟、
kk_様子_ようす,様子,ようす,様:◆物事の性格や状態、また姿や形、あり方また見掛け◆形や姿、状態やあり方、方法や方式、同「𢳌」◆形や姿・状態やあり方・方法や方式などの種類を数える語◆クヌギ(櫟、; 子:◆母親から産まれるもの、古くは男女を問わず「子」といったが、現代中国では男の子(息子)を指す◆新しく産まれる(生まれる)ものの元となるもの、植物の種や実、動物の,N4,on,on+on,A3_short_compound(on+on 71%) | B_noun_rad_木(kun 93%),様:◆物事の性格や状態、また姿や形、あり方また見掛け◆形や姿、状態やあり方、方法や方式、同「𢳌」◆形や姿・状態やあり方・方法や方式などの種類を数える語◆クヌギ(櫟、; 子:◆母親から産まれるもの、古くは男女を問わず「子」といったが、現代中国では男の子(息子)を指す◆新しく産まれる(生まれる)ものの元となるもの、植物の種や実、動物の
kk_横断_おうだん,横断,おうだん,横:◆(垂直に立つ柱に対して)水平に渡した木◆(垂直に対して)水平の方向、(前後に対して)左右の方向、(南北に対して)東西の方向、上下・南北・前後の方向を「縦」◆長; 断:◆繋(つな)がっているものを(連続しているものを)途中で切る、切って二つに分ける、切り離す◆ぷっつりと途切れる、絶(た)える◆すっぱりと区切る、きっぱりと決める,N4,on,on+on,B_noun_rad_木(kun 93%),横:◆(垂直に立つ柱に対して)水平に渡した木◆(垂直に対して)水平の方向、(前後に対して)左右の方向、(南北に対して)東西の方向、上下・南北・前後の方向を「縦」◆長; 断:◆繋(つな)がっているものを(連続しているものを)途中で切る、切って二つに分ける、切り離す◆ぷっつりと途切れる、絶(た)える◆すっぱりと区切る、きっぱりと決める
kk_機会_きかい,機会,きかい,機:◆布を織る装置、「機織(キショク、はたおり)」◆ある仕事をさせる(する)ために人や部品を組み合わせて作り上げた仕組みや仕掛け(組織や装置)◆「機関(キカン)」◇; 会:◆人が集まる、同じ時間や場所に(同じ目的で)集まる、「会合(カイゴウ)」◆多くの人が(出向いて)集まる、また集まったところ、「集会(シュウカイ)」「都会(トカイ,N4,on,on+on,A3_short_compound(on+on 71%) | B_noun_rad_木(kun 93%),機:◆布を織る装置、「機織(キショク、はたおり)」◆ある仕事をさせる(する)ために人や部品を組み合わせて作り上げた仕組みや仕掛け(組織や装置)◆「機関(キカン)」◇; 会:◆人が集まる、同じ時間や場所に(同じ目的で)集まる、「会合(カイゴウ)」◆多くの人が(出向いて)集まる、また集まったところ、「集会(シュウカイ)」「都会(トカイ
kk_機械_きかい,機械,きかい,機:◆布を織る装置、「機織(キショク、はたおり)」◆ある仕事をさせる(する)ために人や部品を組み合わせて作り上げた仕組みや仕掛け(組織や装置)◆「機関(キカン)」◇; 械:◆枷(かせ)、手枷(てかせ)や足枷(あしかせ)、桎梏(シッコク)◆ある仕事をさせるために作られた道具、仕掛け、装置、器具、武器、「器械(キカイ、道具)」◆兵器、,N4,on,on+on,A3_short_compound(on+on 71%) | B_noun_rad_木(kun 93%) | B_noun_rad_木(kun 93%),機:◆布を織る装置、「機織(キショク、はたおり)」◆ある仕事をさせる(する)ために人や部品を組み合わせて作り上げた仕組みや仕掛け(組織や装置)◆「機関(キカン)」◇; 械:◆枷(かせ)、手枷(てかせ)や足枷(あしかせ)、桎梏(シッコク)◆ある仕事をさせるために作られた道具、仕掛け、装置、器具、武器、「器械(キカイ、道具)」◆兵器、
kk_欠席_けっせき,欠席,けっせき,欠:◆あくび、口を大きく開けて息をすること、また息をして体を伸ばす、「欠伸(ケンシン、あくび)」◆(多く敬意を表す際に)上半身を前に少し傾ける、体を屈(かがめ)める; 席:◆むしろ、竹や藁(わら、乾燥させた草の茎)を並べ紐(ひも)で編んだ敷物、人が座ったり横になったりするところに敷くもの、同「蓆」◆座るところ、居並ぶ時の座る位置◆,N4,on,on+on,B_noun_rad_巾(kun 93%),欠:◆あくび、口を大きく開けて息をすること、また息をして体を伸ばす、「欠伸(ケンシン、あくび)」◆(多く敬意を表す際に)上半身を前に少し傾ける、体を屈(かがめ)める; 席:◆むしろ、竹や藁(わら、乾燥させた草の茎)を並べ紐(ひも)で編んだ敷物、人が座ったり横になったりするところに敷くもの、同「蓆」◆座るところ、居並ぶ時の座る位置◆
kk_次回_じかい,次回,じかい,次:◆並びや繰り返しの先頭の後に続く二番目◆後(あと)に続く、～の後に続いて～◆順序、「次第(シダイ)」◆繰り返される物事の回数、また順序、「数次(スウジ、数回)」; 回:◆円を描(えが)くように動く、一周して(一巡して)元に戻る、同「廻」「迴」、「回復(カイフク)」「回帰(カイキ)」◆元に戻す、元に返す、「回答(カイトウ)」◆(,N4,on,on+on,A3_short_compound(on+on 71%),次:◆並びや繰り返しの先頭の後に続く二番目◆後(あと)に続く、～の後に続いて～◆順序、「次第(シダイ)」◆繰り返される物事の回数、また順序、「数次(スウジ、数回)」; 回:◆円を描(えが)くように動く、一周して(一巡して)元に戻る、同「廻」「迴」、「回復(カイフク)」「回帰(カイキ)」◆元に戻す、元に返す、「回答(カイトウ)」◆(
kk_止む_やむ,止む,やむ,止:◆ものが動かないように(しっかりと)立つための支えとなる基(もと、土台)◆体を支える足(あし)◆同じ所に留(とど)まって動かない[†「止」は止まったまま動かない,N4,kun,kun,IL1_okurigana(kun 96%) | IL2_single_okuri(kun 96%),止:◆ものが動かないように(しっかりと)立つための支えとなる基(もと、土台)◆体を支える足(あし)◆同じ所に留(とど)まって動かない[†「止」は止まったまま動かない
kk_止める_とめる,止める,とめる,止:◆ものが動かないように(しっかりと)立つための支えとなる基(もと、土台)◆体を支える足(あし)◆同じ所に留(とど)まって動かない[†「止」は止まったまま動かない,N4,kun,kun,IL1_okurigana(kun 96%) | IL2_single_okuri(kun 96%),止:◆ものが動かないように(しっかりと)立つための支えとなる基(もと、土台)◆体を支える足(あし)◆同じ所に留(とど)まって動かない[†「止」は止まったまま動かない
kk_止める_やめる,止める,やめる,止:◆ものが動かないように(しっかりと)立つための支えとなる基(もと、土台)◆体を支える足(あし)◆同じ所に留(とど)まって動かない[†「止」は止まったまま動かない,N4,kun,kun,IL1_okurigana(kun 96%) | IL2_single_okuri(kun 96%),止:◆ものが動かないように(しっかりと)立つための支えとなる基(もと、土台)◆体を支える足(あし)◆同じ所に留(とど)まって動かない[†「止」は止まったまま動かない
kk_正しい_ただしい,正しい,ただしい,正:◆まっすぐなさま、曲がり・歪(ゆが)み・偏(かたよ)りなどがないさま◆他のものが雑(ま)じっていないさま、また混(ま)じっていないさま、また交(ま)じっていない,N4,kun,kun,IL1_okurigana(kun 96%) | IL2_single_okuri(kun 96%),正:◆まっすぐなさま、曲がり・歪(ゆが)み・偏(かたよ)りなどがないさま◆他のものが雑(ま)じっていないさま、また混(ま)じっていないさま、また交(ま)じっていない
kk_正月_しょうがつ,正月,しょうがつ,正:◆まっすぐなさま、曲がり・歪(ゆが)み・偏(かたよ)りなどがないさま◆他のものが雑(ま)じっていないさま、また混(ま)じっていないさま、また交(ま)じっていない; 月:◆地球の衛星の名、太陰(タイイン)、「日」を「太陽」というのに対して月を「太陰」という◆一年をほぼ十二等分した期間、新月(月が見えなくなる日)から次の新月までの,N4,on,on+on,,正:◆まっすぐなさま、曲がり・歪(ゆが)み・偏(かたよ)りなどがないさま◆他のものが雑(ま)じっていないさま、また混(ま)じっていないさま、また交(ま)じっていない; 月:◆地球の衛星の名、太陰(タイイン)、「日」を「太陽」というのに対して月を「太陰」という◆一年をほぼ十二等分した期間、新月(月が見えなくなる日)から次の新月までの
kk_正解_せいかい,正解,せいかい,正:◆まっすぐなさま、曲がり・歪(ゆが)み・偏(かたよ)りなどがないさま◆他のものが雑(ま)じっていないさま、また混(ま)じっていないさま、また交(ま)じっていない; 解:◆一つになっているもの(固まっているもの)をばらばらにする、また柔らかくする、また融(と)かす、また和(やわ)らげる、「解散(カイサン)」「分解(ブンカイ)」◆,N4,on,on+on,,正:◆まっすぐなさま、曲がり・歪(ゆが)み・偏(かたよ)りなどがないさま◆他のものが雑(ま)じっていないさま、また混(ま)じっていないさま、また交(ま)じっていない; 解:◆一つになっているもの(固まっているもの)をばらばらにする、また柔らかくする、また融(と)かす、また和(やわ)らげる、「解散(カイサン)」「分解(ブンカイ)」◆
kk_歯医者_はいしゃ,歯医者,はいしゃ,歯:◆ものを食べるために噛(か)むための器官、噛(か)み砕くための器官 ◆牛馬の年齢、歯の本数で年齢が分かることによる◆人の年齢◆並ぶ、順に従って並ぶ◆は、はへん、; 医:◆弓や弩(ド、機械仕掛けの弓)の矢を入れる容器◆病気を治(なお)す、また病気を治療する人、同繁「醫」、同「毉」; 者:◆～の人、～する人、「使者(ししゃ、使いをする人、運び届けること)」◆こと(事)、もの(物)、「再者(サイシャ、更に付け加えること、追伸)」「前者(ゼンシャ、前,N4,on,on+on+on~,A4_multi_on(on+on+on 65%),歯:◆ものを食べるために噛(か)むための器官、噛(か)み砕くための器官 ◆牛馬の年齢、歯の本数で年齢が分かることによる◆人の年齢◆並ぶ、順に従って並ぶ◆は、はへん、; 医:◆弓や弩(ド、機械仕掛けの弓)の矢を入れる容器◆病気を治(なお)す、また病気を治療する人、同繁「醫」、同「毉」; 者:◆～の人、～する人、「使者(ししゃ、使いをする人、運び届けること)」◆こと(事)、もの(物)、「再者(サイシャ、更に付け加えること、追伸)」「前者(ゼンシャ、前
kk_歴史_れきし,歴史,れきし,歴:◆通過点(時・時間や場所・位置など)を通(とお)って行く、また踏み越えて行く、通り過ぎる、経(へ)る、経過(ケイカ)する◆過ぎ去ったこと、通り過ぎたこと◆明らか; 史:◆記録、出来事などを記録した文書◆記録係、記録(特に歴史書)を管掌する役人、またその役職名,N4,on,on+on,A3_short_compound(on+on 71%),歴:◆通過点(時・時間や場所・位置など)を通(とお)って行く、また踏み越えて行く、通り過ぎる、経(へ)る、経過(ケイカ)する◆過ぎ去ったこと、通り過ぎたこと◆明らか; 史:◆記録、出来事などを記録した文書◆記録係、記録(特に歴史書)を管掌する役人、またその役職名
kk_殆ど_ほとんど,殆ど,ほとんど,殆:◆危(あや)うい◆危うく、すんでところで、もう少しのところで◆～にとても近い、ほぼ～、凡(およ)そ～,N4,kun,kun,IL1_okurigana(kun 96%) | IL2_single_okuri(kun 96%),殆:◆危(あや)うい◆危うく、すんでところで、もう少しのところで◆～にとても近い、ほぼ～、凡(およ)そ～
kk_残り_のこり,残り,のこり,残:◆傷付ける、害(ガイ)する、壊(こわ)す◆踏(ふ)み付けにする、平気で人に危害を加える◆酷(むご)い◆必要なものを取り除いた余り、必要なものを満たすために不足し,N4,kun,kun,IL1_okurigana(kun 96%) | IL2_single_okuri(kun 96%),残:◆傷付ける、害(ガイ)する、壊(こわ)す◆踏(ふ)み付けにする、平気で人に危害を加える◆酷(むご)い◆必要なものを取り除いた余り、必要なものを満たすために不足し
kk_残る_のこる,残る,のこる,残:◆傷付ける、害(ガイ)する、壊(こわ)す◆踏(ふ)み付けにする、平気で人に危害を加える◆酷(むご)い◆必要なものを取り除いた余り、必要なものを満たすために不足し,N4,kun,kun,IL1_okurigana(kun 96%) | IL2_single_okuri(kun 96%),残:◆傷付ける、害(ガイ)する、壊(こわ)す◆踏(ふ)み付けにする、平気で人に危害を加える◆酷(むご)い◆必要なものを取り除いた余り、必要なものを満たすために不足し
kk_残念_ざんねん,残念,ざんねん,残:◆傷付ける、害(ガイ)する、壊(こわ)す◆踏(ふ)み付けにする、平気で人に危害を加える◆酷(むご)い◆必要なものを取り除いた余り、必要なものを満たすために不足し; 念:◆常に心に留めて思い考える、心の中に留まり去らない思いや考え◆口をほとんど閉じた状態で低い声を長く伸ばして読む◆二十、「廿」の大写字(「二」は「貳」、「三」は「,N4,on,on+on,,残:◆傷付ける、害(ガイ)する、壊(こわ)す◆踏(ふ)み付けにする、平気で人に危害を加える◆酷(むご)い◆必要なものを取り除いた余り、必要なものを満たすために不足し; 念:◆常に心に留めて思い考える、心の中に留まり去らない思いや考え◆口をほとんど閉じた状態で低い声を長く伸ばして読む◆二十、「廿」の大写字(「二」は「貳」、「三」は「
kk_殴る_なぐる,殴る,なぐる,殴:◆鞭(むち)・杖(つえ)・拳(こぶし)などで叩(たた)く、また打ち据(す)える,N4,kun,kun,IL1_okurigana(kun 96%) | IL2_single_okuri(kun 96%),殴:◆鞭(むち)・杖(つえ)・拳(こぶし)などで叩(たた)く、また打ち据(す)える
kk_殺人_さつじん,殺人,さつじん,殺:◆ころ・す、人や動物の生命を奪う、同「𠮁」「煞」「𤋣」「𢼡」「𢿔」「𣪖」「𢽮」「𢽯」「𢽺」「𢽅」「𢾈」「𢽘」「𢽆」「𢼯」「𢼴」「𣪆」「𢁛」「𧤿」「𣀎」「𢿹」◆そ; 人:◆霊長目ヒト科ヒト属の生物、ホモ・サピエンスHomo sapiens(「知恵の人」の意)、同「儿」◆自分以外の者、「人我(ジンガ、他人と自分)」◆人の数(かず),N4,on,on+on,,殺:◆ころ・す、人や動物の生命を奪う、同「𠮁」「煞」「𤋣」「𢼡」「𢿔」「𣪖」「𢽮」「𢽯」「𢽺」「𢽅」「𢾈」「𢽘」「𢽆」「𢼯」「𢼴」「𣪆」「𢁛」「𧤿」「𣀎」「𢿹」◆そ; 人:◆霊長目ヒト科ヒト属の生物、ホモ・サピエンスHomo sapiens(「知恵の人」の意)、同「儿」◆自分以外の者、「人我(ジンガ、他人と自分)」◆人の数(かず)
kk_比べる_くらべる,比べる,くらべる,比:◆同様・同等のものが並ぶ、並べる、「比肩(ヒケン)」◆類(たぐい)、性格・性質が共通しているもの、またその集まり◆(同様・同等のものを)並べて大小・長短・優劣・,N4,kun,kun,IL1_okurigana(kun 96%) | IL2_single_okuri(kun 96%),比:◆同様・同等のものが並ぶ、並べる、「比肩(ヒケン)」◆類(たぐい)、性格・性質が共通しているもの、またその集まり◆(同様・同等のものを)並べて大小・長短・優劣・
kk_毛_け,毛,け,毛:◆生物の表皮に生える細長い糸状のもの◆細長いものがたくさんあるさま、細く弱々しいさま◆草木が生え出る◆草木や穀物が生える、また草木や穀物◆粗末なさま◆[日]千分,N4,kun,kun,IL2_single_default(kun 84%),毛:◆生物の表皮に生える細長い糸状のもの◆細長いものがたくさんあるさま、細く弱々しいさま◆草木が生え出る◆草木や穀物が生える、また草木や穀物◆粗末なさま◆[日]千分
kk_気_き,気,き,気:◆中国古来の考えで、天地全ての事物の基本要素、目に見えず形状は一定しない、あらゆる事物の生死・盛衰などの変化・変動はこの「気」の移動・集散によるものと考えられた,N4,on,on,IL2_on_only(on 99%),気:◆中国古来の考えで、天地全ての事物の基本要素、目に見えず形状は一定しない、あらゆる事物の生死・盛衰などの変化・変動はこの「気」の移動・集散によるものと考えられた
kk_気が付く_きがつく,気が付く,きがつく,気:◆中国古来の考えで、天地全ての事物の基本要素、目に見えず形状は一定しない、あらゆる事物の生死・盛衰などの変化・変動はこの「気」の移動・集散によるものと考えられた; 付:◆手ずから授(さず)ける、直接手を取って与える、同「仅」◆渡し与える、渡して任せる、委(ゆだ)ねる◆[日]他のものに加える、また添える、また足す、同「附」,N4,mixed,on+kun~,IL1_okurigana(kun 96%) | A1_compound_oku(kun 90%) | A1_on_kun_mix(on+kun 65%),気:◆中国古来の考えで、天地全ての事物の基本要素、目に見えず形状は一定しない、あらゆる事物の生死・盛衰などの変化・変動はこの「気」の移動・集散によるものと考えられた; 付:◆手ずから授(さず)ける、直接手を取って与える、同「仅」◆渡し与える、渡して任せる、委(ゆだ)ねる◆[日]他のものに加える、また添える、また足す、同「附」
kk_気を付ける_きをつける,気を付ける,きをつける,気:◆中国古来の考えで、天地全ての事物の基本要素、目に見えず形状は一定しない、あらゆる事物の生死・盛衰などの変化・変動はこの「気」の移動・集散によるものと考えられた; 付:◆手ずから授(さず)ける、直接手を取って与える、同「仅」◆渡し与える、渡して任せる、委(ゆだ)ねる◆[日]他のものに加える、また添える、また足す、同「附」,N4,mixed,on+kun~,IL1_okurigana(kun 96%) | A1_compound_oku(kun 90%) | A1_on_kun_mix(on+kun 65%),気:◆中国古来の考えで、天地全ての事物の基本要素、目に見えず形状は一定しない、あらゆる事物の生死・盛衰などの変化・変動はこの「気」の移動・集散によるものと考えられた; 付:◆手ずから授(さず)ける、直接手を取って与える、同「仅」◆渡し与える、渡して任せる、委(ゆだ)ねる◆[日]他のものに加える、また添える、また足す、同「附」
kk_気付く_きづく,気付く,きづく,気:◆中国古来の考えで、天地全ての事物の基本要素、目に見えず形状は一定しない、あらゆる事物の生死・盛衰などの変化・変動はこの「気」の移動・集散によるものと考えられた; 付:◆手ずから授(さず)ける、直接手を取って与える、同「仅」◆渡し与える、渡して任せる、委(ゆだ)ねる◆[日]他のものに加える、また添える、また足す、同「附」,N4,on,on+mixed~,IL1_okurigana(kun 96%) | A1_compound_oku(kun 90%) | A1_on_kun_mix(on+kun 65%),気:◆中国古来の考えで、天地全ての事物の基本要素、目に見えず形状は一定しない、あらゆる事物の生死・盛衰などの変化・変動はこの「気」の移動・集散によるものと考えられた; 付:◆手ずから授(さず)ける、直接手を取って与える、同「仅」◆渡し与える、渡して任せる、委(ゆだ)ねる◆[日]他のものに加える、また添える、また足す、同「附」
kk_気候_きこう,気候,きこう,気:◆中国古来の考えで、天地全ての事物の基本要素、目に見えず形状は一定しない、あらゆる事物の生死・盛衰などの変化・変動はこの「気」の移動・集散によるものと考えられた; 候:◆高いところから遠くを見やる、辺りの様子を探(さぐ)る、「候望(コウボウ)」◆階位や年齢が上の人を訪ねる、訪ねて様子や機嫌を伺(うかが)う、「伺候(シコウ)」「,N4,on,on+on,A3_short_compound(on+on 71%),気:◆中国古来の考えで、天地全ての事物の基本要素、目に見えず形状は一定しない、あらゆる事物の生死・盛衰などの変化・変動はこの「気」の移動・集散によるものと考えられた; 候:◆高いところから遠くを見やる、辺りの様子を探(さぐ)る、「候望(コウボウ)」◆階位や年齢が上の人を訪ねる、訪ねて様子や機嫌を伺(うかが)う、「伺候(シコウ)」「
kk_気分_きぶん,気分,きぶん,気:◆中国古来の考えで、天地全ての事物の基本要素、目に見えず形状は一定しない、あらゆる事物の生死・盛衰などの変化・変動はこの「気」の移動・集散によるものと考えられた; 分:◆一つに纏(まと)まっているものを幾つかに切り離す、また幾つかに仕切る(区切る)、「分割(ブンカツ)」、切り離したものを仕分けることを「別」◆一つの纏まりから一,N4,on,on+on,A3_short_compound(on+on 71%) | B_verb_rad_刀(kun 80%),気:◆中国古来の考えで、天地全ての事物の基本要素、目に見えず形状は一定しない、あらゆる事物の生死・盛衰などの変化・変動はこの「気」の移動・集散によるものと考えられた; 分:◆一つに纏(まと)まっているものを幾つかに切り離す、また幾つかに仕切る(区切る)、「分割(ブンカツ)」、切り離したものを仕分けることを「別」◆一つの纏まりから一
kk_気持ち_きもち,気持ち,きもち,気:◆中国古来の考えで、天地全ての事物の基本要素、目に見えず形状は一定しない、あらゆる事物の生死・盛衰などの変化・変動はこの「気」の移動・集散によるものと考えられた; 持:◆ぐっと握(にぎ)る、しっかりと掴(つか)む◆しっかりと守る、そのままの状態を保つ、「持久(ジキュウ、長く保ち続ける)」◆しっかりと支える、「支持(シジ)」◆「,N4,on,on+on,IL1_okurigana(kun 96%) | A1_compound_oku(kun 90%) | A1_on_kun_mix(on+kun 65%),気:◆中国古来の考えで、天地全ての事物の基本要素、目に見えず形状は一定しない、あらゆる事物の生死・盛衰などの変化・変動はこの「気」の移動・集散によるものと考えられた; 持:◆ぐっと握(にぎ)る、しっかりと掴(つか)む◆しっかりと守る、そのままの状態を保つ、「持久(ジキュウ、長く保ち続ける)」◆しっかりと支える、「支持(シジ)」◆「
kk_水曜_すいよう,水曜,すいよう,水:◆器などに入れると水平になる(器に合わせて形を変える)液体、液状のもの、酸素と水素からなる液体 H<sub>2</sub>O、(一般には人工的に他のものを加えて; 曜:◆陽の光が明るく輝(かがや)く、眩(まばゆ)く輝く◆太陽・月と水金火木土星の七つの明るく光る天体、総称して「七曜(シチヨウ)」といい、これを一週間の各日に当てた,N4,on,on+on,,水:◆器などに入れると水平になる(器に合わせて形を変える)液体、液状のもの、酸素と水素からなる液体 H<sub>2</sub>O、(一般には人工的に他のものを加えて; 曜:◆陽の光が明るく輝(かがや)く、眩(まばゆ)く輝く◆太陽・月と水金火木土星の七つの明るく光る天体、総称して「七曜(シチヨウ)」といい、これを一週間の各日に当てた
kk_水泳_すいえい,水泳,すいえい,水:◆器などに入れると水平になる(器に合わせて形を変える)液体、液状のもの、酸素と水素からなる液体 H<sub>2</sub>O、(一般には人工的に他のものを加えて; 泳:◆水中に潜って進む、水の中を進む,N4,on,on+on,,水:◆器などに入れると水平になる(器に合わせて形を変える)液体、液状のもの、酸素と水素からなる液体 H<sub>2</sub>O、(一般には人工的に他のものを加えて; 泳:◆水中に潜って進む、水の中を進む
kk_水道_すいどう,水道,すいどう,水:◆器などに入れると水平になる(器に合わせて形を変える)液体、液状のもの、酸素と水素からなる液体 H<sub>2</sub>O、(一般には人工的に他のものを加えて; 道:◆出発地から目的地へ通じている路(みち)、人や動物などが往来する通り路、「道路(ドウロ)」、同「路」◆目的を達するための経路、手順や方法◆導(みちび)く、手引き,N4,on,on+on,,水:◆器などに入れると水平になる(器に合わせて形を変える)液体、液状のもの、酸素と水素からなる液体 H<sub>2</sub>O、(一般には人工的に他のものを加えて; 道:◆出発地から目的地へ通じている路(みち)、人や動物などが往来する通り路、「道路(ドウロ)」、同「路」◆目的を達するための経路、手順や方法◆導(みちび)く、手引き
kk_汚れ_よごれ,汚れ,よごれ,汚:◆淀(よど)んで濁(にご)った水◆穢(けが)れる、異物が混じる◆不潔(フケツ)なさま◆行いが正しくない◆泥を塗る、泥を塗って面目を失わせる,N4,kun,kun,IL1_okurigana(kun 96%) | IL2_single_okuri(kun 96%),汚:◆淀(よど)んで濁(にご)った水◆穢(けが)れる、異物が混じる◆不潔(フケツ)なさま◆行いが正しくない◆泥を塗る、泥を塗って面目を失わせる
kk_汚れる_よごれる,汚れる,よごれる,汚:◆淀(よど)んで濁(にご)った水◆穢(けが)れる、異物が混じる◆不潔(フケツ)なさま◆行いが正しくない◆泥を塗る、泥を塗って面目を失わせる,N4,kun,kun,IL1_okurigana(kun 96%) | IL2_single_okuri(kun 96%),汚:◆淀(よど)んで濁(にご)った水◆穢(けが)れる、異物が混じる◆不潔(フケツ)なさま◆行いが正しくない◆泥を塗る、泥を塗って面目を失わせる
kk_決して_けっして,決して,けっして,決:◆堤(つつみ)などが破(やぶ)れる、また(堤防などが破れて)水が流れ出る◆破る、突き破る◆(妨げとなっている物や事を突き破って、押し退けて)きっぱりと、「決断(,N4,on,on,IL1_okurigana(kun 96%) | IL2_single_okuri(kun 96%),決:◆堤(つつみ)などが破(やぶ)れる、また(堤防などが破れて)水が流れ出る◆破る、突き破る◆(妨げとなっている物や事を突き破って、押し退けて)きっぱりと、「決断(
kk_決まる_きまる,決まる,きまる,決:◆堤(つつみ)などが破(やぶ)れる、また(堤防などが破れて)水が流れ出る◆破る、突き破る◆(妨げとなっている物や事を突き破って、押し退けて)きっぱりと、「決断(,N4,kun,kun,IL1_okurigana(kun 96%) | IL2_single_okuri(kun 96%),決:◆堤(つつみ)などが破(やぶ)れる、また(堤防などが破れて)水が流れ出る◆破る、突き破る◆(妨げとなっている物や事を突き破って、押し退けて)きっぱりと、「決断(
kk_決める_きめる,決める,きめる,決:◆堤(つつみ)などが破(やぶ)れる、また(堤防などが破れて)水が流れ出る◆破る、突き破る◆(妨げとなっている物や事を突き破って、押し退けて)きっぱりと、「決断(,N4,kun,kun,IL1_okurigana(kun 96%) | IL2_single_okuri(kun 96%),決:◆堤(つつみ)などが破(やぶ)れる、また(堤防などが破れて)水が流れ出る◆破る、突き破る◆(妨げとなっている物や事を突き破って、押し退けて)きっぱりと、「決断(
kk_汽車_きしゃ,汽車,きしゃ,汽:◆蒸気、液体また固体が気化したもの; 車:◆二つの輪(リン、車輪)の中心に軸(ジク、車軸)を通し、その上に人や物を乗せるための台(車台)を設(しつら)えたもの ◆輪状・円状のものが軸を中心として回転する,N4,on,on+on,A3_short_compound(on+on 71%),汽:◆蒸気、液体また固体が気化したもの; 車:◆二つの輪(リン、車輪)の中心に軸(ジク、車軸)を通し、その上に人や物を乗せるための台(車台)を設(しつら)えたもの ◆輪状・円状のものが軸を中心として回転する
kk_沸かす_わかす,沸かす,わかす,沸:◆水が勢いよく湧(わ)き出る、湧き上がる、同「㵒」◆(声などが)涌(わ)き上がる◆液体に熱が加わりぼこぼこと泡が立つ状態になる,N4,kun,kun,IL1_okurigana(kun 96%) | IL2_single_okuri(kun 96%),沸:◆水が勢いよく湧(わ)き出る、湧き上がる、同「㵒」◆(声などが)涌(わ)き上がる◆液体に熱が加わりぼこぼこと泡が立つ状態になる
kk_沸く_わく,沸く,わく,沸:◆水が勢いよく湧(わ)き出る、湧き上がる、同「㵒」◆(声などが)涌(わ)き上がる◆液体に熱が加わりぼこぼこと泡が立つ状態になる,N4,kun,kun,IL1_okurigana(kun 96%) | IL2_single_okuri(kun 96%),沸:◆水が勢いよく湧(わ)き出る、湧き上がる、同「㵒」◆(声などが)涌(わ)き上がる◆液体に熱が加わりぼこぼこと泡が立つ状態になる
kk_油_あぶら,油,あぶら,油:◆粘性の高い可燃性の液体、「石油(セキユ)」◆膏(コウ、あぶら)、脂肪(シボウ)◆光沢(コウタク)、艶(つや)、同「𥑤」◆ゆったりとしたさま,N4,kun,kun,IL2_single_default(kun 84%),油:◆粘性の高い可燃性の液体、「石油(セキユ)」◆膏(コウ、あぶら)、脂肪(シボウ)◆光沢(コウタク)、艶(つや)、同「𥑤」◆ゆったりとしたさま
kk_治る_なおる,治る,なおる,治:◆氾濫(ハンラン)を防いだり水を利用しやすくするために川の流れを変える、筋(すじ)を通す、同「理」◆手を加えて乱れがないようにする、また秩序ある状態にする、また,N4,kun,kun,IL1_okurigana(kun 96%) | IL2_single_okuri(kun 96%),治:◆氾濫(ハンラン)を防いだり水を利用しやすくするために川の流れを変える、筋(すじ)を通す、同「理」◆手を加えて乱れがないようにする、また秩序ある状態にする、また
kk_泊まる_とまる,泊まる,とまる,泊:◆舟を岸に寄せて停まる、「停泊(テイハク)」◆宿などで休む、留(とど)まる◆湖(みずうみ)、水が打ち寄せる湖などの辺(ほとり)◆水が浅いさま、水の浅いところ、浅,N4,kun,kun,IL1_okurigana(kun 96%) | IL2_single_okuri(kun 96%),泊:◆舟を岸に寄せて停まる、「停泊(テイハク)」◆宿などで休む、留(とど)まる◆湖(みずうみ)、水が打ち寄せる湖などの辺(ほとり)◆水が浅いさま、水の浅いところ、浅
kk_法律_ほうりつ,法律,ほうりつ,法:◆規律を維持するための決まり、守り従うべき制度や規則、私的なものではなく公(おおやけ)のものを指す◆標準的な或いは慣例となっているやり方、またそれらに従う◆基準; 律:◆音楽の十二の階調のうち陽の音、六音があり「六律(ロクリツ)」という、また陰の「六呂(ロクリョ)」と合わせて「十二律呂(ジュウニリツリョ)」「律呂(リツリョ)」,N4,on,on+on,,法:◆規律を維持するための決まり、守り従うべき制度や規則、私的なものではなく公(おおやけ)のものを指す◆標準的な或いは慣例となっているやり方、またそれらに従う◆基準; 律:◆音楽の十二の階調のうち陽の音、六音があり「六律(ロクリツ)」という、また陰の「六呂(ロクリョ)」と合わせて「十二律呂(ジュウニリツリョ)」「律呂(リツリョ)」
kk_法蓮草/報連相_ほうれんそう,法蓮草/報連相,ほうれんそう,法:◆規律を維持するための決まり、守り従うべき制度や規則、私的なものではなく公(おおやけ)のものを指す◆標準的な或いは慣例となっているやり方、またそれらに従う◆基準; 蓮:◆ハス(蓮)、ハス科ハス属の水草、本来は実と実を包む部分(「花托カタク」という)を指す、ハス全体を「荷」、根茎は「藕」、「【爾雅注疏:釋草】荷芙渠(…)其莖茄其; 草:◆(特に野生の)一年以内に枯死し茎が木質化しない植物(草本植物という)の総称◆粗い、大まかな◆(大まかな)下書き◆荒れた土地、人が足を踏み入れないところ、「草深,N4,on,on+on+on+on+on+on~,A4_multi_on(on+on+on+on+on+on 65%),法:◆規律を維持するための決まり、守り従うべき制度や規則、私的なものではなく公(おおやけ)のものを指す◆標準的な或いは慣例となっているやり方、またそれらに従う◆基準; 蓮:◆ハス(蓮)、ハス科ハス属の水草、本来は実と実を包む部分(「花托カタク」という)を指す、ハス全体を「荷」、根茎は「藕」、「【爾雅注疏:釋草】荷芙渠(…)其莖茄其; 草:◆(特に野生の)一年以内に枯死し茎が木質化しない植物(草本植物という)の総称◆粗い、大まかな◆(大まかな)下書き◆荒れた土地、人が足を踏み入れないところ、「草深
kk_泥_どろ,泥,どろ,泥:◆水を含んだ土、同「埿」「淖」「𥩥」◆どろっとした、どろどろした、またそのようなもの◆(泥に足を取られて)動けない、囚(とら)われて抜け出せない、拘(こだわ)る,N4,kun,kun,IL2_single_default(kun 84%),泥:◆水を含んだ土、同「埿」「淖」「𥩥」◆どろっとした、どろどろした、またそのようなもの◆(泥に足を取られて)動けない、囚(とら)われて抜け出せない、拘(こだわ)る
kk_泥棒_どろぼう,泥棒,どろぼう,泥:◆水を含んだ土、同「埿」「淖」「𥩥」◆どろっとした、どろどろした、またそのようなもの◆(泥に足を取られて)動けない、囚(とら)われて抜け出せない、拘(こだわ)る; 棒:◆(手で握れる程度の太さのまっすぐで)丸く長い木、「棍棒(コンボウ)」「棒杖(ボウジョウ)」、同「㭋」「棓」◆(棒で)打つ◆[日](ある程度の太さのある)まっす,N4,mixed,kun+on~,B_noun_rad_木(kun 93%),泥:◆水を含んだ土、同「埿」「淖」「𥩥」◆どろっとした、どろどろした、またそのようなもの◆(泥に足を取られて)動けない、囚(とら)われて抜け出せない、拘(こだわ)る; 棒:◆(手で握れる程度の太さのまっすぐで)丸く長い木、「棍棒(コンボウ)」「棒杖(ボウジョウ)」、同「㭋」「棓」◆(棒で)打つ◆[日](ある程度の太さのある)まっす
kk_注射_ちゅうしゃ,注射,ちゅうしゃ,注:◆水を一か所に狙いを定めて流し入れる、流れを目的の方に集中するようにする◆心や力を一点に集中する◆字句の解説、また解釈を加える、同「註」◆書き記(しる)す、記載; 射:◆弓を引き絞って番(つが)えた矢を放つ、敵や的(まと)に向かって矢や弾(たま)などを放つ、同「䠶」「𢎤」◆弓から放たれた矢が目標に向かって一直線に高速に飛んで行,N4,on,on+on,A3_short_compound(on+on 71%),注:◆水を一か所に狙いを定めて流し入れる、流れを目的の方に集中するようにする◆心や力を一点に集中する◆字句の解説、また解釈を加える、同「註」◆書き記(しる)す、記載; 射:◆弓を引き絞って番(つが)えた矢を放つ、敵や的(まと)に向かって矢や弾(たま)などを放つ、同「䠶」「𢎤」◆弓から放たれた矢が目標に向かって一直線に高速に飛んで行
kk_注意_ちゅうい,注意,ちゅうい,注:◆水を一か所に狙いを定めて流し入れる、流れを目的の方に集中するようにする◆心や力を一点に集中する◆字句の解説、また解釈を加える、同「註」◆書き記(しる)す、記載; 意:◆心の中にあって外(言葉や態度・行動など)には出さない思いや考え、心の動きや働き、気持ち◆物事の内にあって表には現れ出ないもの、内に込められているもの,N4,on,on+on,A3_short_compound(on+on 71%),注:◆水を一か所に狙いを定めて流し入れる、流れを目的の方に集中するようにする◆心や力を一点に集中する◆字句の解説、また解釈を加える、同「註」◆書き記(しる)す、記載; 意:◆心の中にあって外(言葉や態度・行動など)には出さない思いや考え、心の動きや働き、気持ち◆物事の内にあって表には現れ出ないもの、内に込められているもの
kk_泳ぎ_およぎ,泳ぎ,およぎ,泳:◆水中に潜って進む、水の中を進む,N4,kun,kun,IL1_okurigana(kun 96%) | IL2_single_okuri(kun 96%),泳:◆水中に潜って進む、水の中を進む
kk_洪水_こうずい,洪水,こうずい,洪:◆水が増える、水が増え水位が上がる、増水する、大水(おおみず)◆「洪水(コウズイ)」、水が増え(川などから)溢(あふ)れ出る◆大きいさま、大きく膨れ上がる(盛り; 水:◆器などに入れると水平になる(器に合わせて形を変える)液体、液状のもの、酸素と水素からなる液体 H<sub>2</sub>O、(一般には人工的に他のものを加えて,N4,on,on+mixed~,,洪:◆水が増える、水が増え水位が上がる、増水する、大水(おおみず)◆「洪水(コウズイ)」、水が増え(川などから)溢(あふ)れ出る◆大きいさま、大きく膨れ上がる(盛り; 水:◆器などに入れると水平になる(器に合わせて形を変える)液体、液状のもの、酸素と水素からなる液体 H<sub>2</sub>O、(一般には人工的に他のものを加えて
kk_流れる_ながれる,流れる,ながれる,流:◆水などの液体やそこに浮かんだもの・水中にあるものが淀まずに移動する◆罰として遠くへ移動させる◆(川の流れのように)淀まずに伝わって行く◆分かれて逸(そ)れる◆,N4,kun,kun,IL1_okurigana(kun 96%) | IL2_single_okuri(kun 96%),流:◆水などの液体やそこに浮かんだもの・水中にあるものが淀まずに移動する◆罰として遠くへ移動させる◆(川の流れのように)淀まずに伝わって行く◆分かれて逸(そ)れる◆
kk_流石_さすが,流石,さすが,流:◆水などの液体やそこに浮かんだもの・水中にあるものが淀まずに移動する◆罰として遠くへ移動させる◆(川の流れのように)淀まずに伝わって行く◆分かれて逸(そ)れる◆; 石:◆地殻を構成する鉱物で硬(かた)く塊(かたまり)状をしたもの、堅く塊状をしたもの、多く岩(いわ、山のように大きな石)よりも小さく、砂(すな、小さな粒状の石)より,N4,other,mixed+mixed~,A3_short_compound(on+on 71%),流:◆水などの液体やそこに浮かんだもの・水中にあるものが淀まずに移動する◆罰として遠くへ移動させる◆(川の流れのように)淀まずに伝わって行く◆分かれて逸(そ)れる◆; 石:◆地殻を構成する鉱物で硬(かた)く塊(かたまり)状をしたもの、堅く塊状をしたもの、多く岩(いわ、山のように大きな石)よりも小さく、砂(すな、小さな粒状の石)より
kk_浅い_あさい,浅い,あさい,浅:◆水面から底までの距離が小さい、深くない◆薄っぺらな、厚みがない、奥行きがない◆色などが薄い、或いは淡い、深みがない◆時間的に短い、あまり時間が経(た)っていな,N4,kun,kun,IL1_okurigana(kun 96%) | IL2_single_okuri(kun 96%),浅:◆水面から底までの距離が小さい、深くない◆薄っぺらな、厚みがない、奥行きがない◆色などが薄い、或いは淡い、深みがない◆時間的に短い、あまり時間が経(た)っていな
kk_海岸_かいがん,海岸,かいがん,"海:◆大地を取り囲むように広がる深く広大な水溜まり(みずたまり)、陸地内の大きな水溜まりは「湖」◆広く大きいさま◆たくさんのものが集まっているさま; 岸:◆水面から""厂""字状に高く切り立っているところの水際(スイサイ、みずぎわ)、水崖(スイガイ)、汀(テイ、みぎわ)のように波が寄せて引くたびに水と陸地の境目が変わ",N4,on,on+on,,"海:◆大地を取り囲むように広がる深く広大な水溜まり(みずたまり)、陸地内の大きな水溜まりは「湖」◆広く大きいさま◆たくさんのものが集まっているさま; 岸:◆水面から""厂""字状に高く切り立っているところの水際(スイサイ、みずぎわ)、水崖(スイガイ)、汀(テイ、みぎわ)のように波が寄せて引くたびに水と陸地の境目が変わ"
kk_海老/蝦_えび,海老/蝦,えび,海:◆大地を取り囲むように広がる深く広大な水溜まり(みずたまり)、陸地内の大きな水溜まりは「湖」◆広く大きいさま◆たくさんのものが集まっているさま; 老:◆年齢を重ねる、年齢を重ねて髪が白くなる、また衰(おとろ)える、またそのような人やもの◆年齢を重ねて多くの経験を積む、また積んだ人、またそのような人に対する敬称; 蝦:◆エビ(海老、蝦)、エビ目の内ヤドカリ・カニ類を除いた動物の総称、同「鰕」◆「蝦蟆、蝦蟇(ガマ)」、ヒキガエル(蟾蜍)、ヒキガエル科のカエル(蛙)の総称、別名「,N4,other,mixed+mixed+mixed~,A4_multi_on(on+on+on 65%) | B_noun_rad_虫(kun 93%),海:◆大地を取り囲むように広がる深く広大な水溜まり(みずたまり)、陸地内の大きな水溜まりは「湖」◆広く大きいさま◆たくさんのものが集まっているさま; 老:◆年齢を重ねる、年齢を重ねて髪が白くなる、また衰(おとろ)える、またそのような人やもの◆年齢を重ねて多くの経験を積む、また積んだ人、またそのような人に対する敬称; 蝦:◆エビ(海老、蝦)、エビ目の内ヤドカリ・カニ類を除いた動物の総称、同「鰕」◆「蝦蟆、蝦蟇(ガマ)」、ヒキガエル(蟾蜍)、ヒキガエル科のカエル(蛙)の総称、別名「
kk_海苔_のり,海苔,のり,海:◆大地を取り囲むように広がる深く広大な水溜まり(みずたまり)、陸地内の大きな水溜まりは「湖」◆広く大きいさま◆たくさんのものが集まっているさま; 苔:◆湿ったところや濡れたものの表面に貼り付くように生える植物、胞子によって繁殖する植物のうちシダ植物を除く植物の総称、同「菭」 ◆「薹」の簡体字として使われること,N4,other,mixed+mixed~,A3_short_compound(on+on 71%),海:◆大地を取り囲むように広がる深く広大な水溜まり(みずたまり)、陸地内の大きな水溜まりは「湖」◆広く大きいさま◆たくさんのものが集まっているさま; 苔:◆湿ったところや濡れたものの表面に貼り付くように生える植物、胞子によって繁殖する植物のうちシダ植物を除く植物の総称、同「菭」 ◆「薹」の簡体字として使われること
kk_消しゴム_けしごむ,消しゴム,けしごむ,消:◆減る、少しずつ小さくなる、また少なくなる、また細くなる、またそのようにする◆次第に小さく(細く)なってやがて姿が見えなくなる、なくなる、後に何も残らない、また,N4,kun,kun,IL1_okurigana(kun 96%) | IL2_single_okuri(kun 96%),消:◆減る、少しずつ小さくなる、また少なくなる、また細くなる、またそのようにする◆次第に小さく(細く)なってやがて姿が見えなくなる、なくなる、後に何も残らない、また
kk_淡い_あわい,淡い,あわい,淡:◆味や色などが薄い、殆ど味や色などがない◆(とろみがなく、こだわりがなく)さらっとしている、(濃厚でなく、粘り付くようなこともなく)あっさりしている,N4,kun,kun,IL1_okurigana(kun 96%) | IL2_single_okuri(kun 96%),淡:◆味や色などが薄い、殆ど味や色などがない◆(とろみがなく、こだわりがなく)さらっとしている、(濃厚でなく、粘り付くようなこともなく)あっさりしている
kk_深い_ふかい,深い,ふかい,深:◆水面から底までの距離が大きい、入口から奥までが遠い、表面から内部に大きく入り込んでいる◆基準とする時や時間から長い時や時間が経(た)つ、「深夜(シンヤ)」「深,N4,kun,kun,IL1_okurigana(kun 96%) | IL2_single_okuri(kun 96%),深:◆水面から底までの距離が大きい、入口から奥までが遠い、表面から内部に大きく入り込んでいる◆基準とする時や時間から長い時や時間が経(た)つ、「深夜(シンヤ)」「深
kk_渇く_かわく,渇く,かわく,渇:◆水が涸(か)れる、水分がなくなる、咽喉(インコウ、のど)がからからになる◆(水を)頻(しき)りに欲しがる◆急(せ)いで、慌てて、同「愒」,N4,kun,kun,IL1_okurigana(kun 96%) | IL2_single_okuri(kun 96%),渇:◆水が涸(か)れる、水分がなくなる、咽喉(インコウ、のど)がからからになる◆(水を)頻(しき)りに欲しがる◆急(せ)いで、慌てて、同「愒」
kk_済む_すむ,済む,すむ,済:◆(舟で)川を渡る◆(難所を、難事を)渡り切る、(互いに手を貸しあって)乗り切る◆手を貸して救い上げる、困っている人に手を貸して(足りないものを補い合って)みな,N4,kun,kun,IL1_okurigana(kun 96%) | IL2_single_okuri(kun 96%),済:◆(舟で)川を渡る◆(難所を、難事を)渡り切る、(互いに手を貸しあって)乗り切る◆手を貸して救い上げる、困っている人に手を貸して(足りないものを補い合って)みな
kk_渋滞_じゅうたい,渋滞,じゅうたい,渋:◆流れては淀(よど)み流れては淀みする、滑(なめ)らかに進まない、すんなりといかない、同「歮」◆熟していないカキ(柿、カキノキ科カキノキ属の木)の実の味、舌がざ; 滞:◆動きが止まってなかなか流れない、止まったままなかなか動かない,N4,on,on+on,,渋:◆流れては淀(よど)み流れては淀みする、滑(なめ)らかに進まない、すんなりといかない、同「歮」◆熟していないカキ(柿、カキノキ科カキノキ属の木)の実の味、舌がざ; 滞:◆動きが止まってなかなか流れない、止まったままなかなか動かない
kk_温める/暖める_あたためる,温める/暖める,あたためる,温:◆熱くもなく冷たくもなく程よいさま、暖かなさま、また熱を加えてそのようにする◆穏やかなさま、柔和なさま◆(古く冷めてしまったものを温め直して)蘇(よみがえ)させ; 暖:◆日光が当たってぽかぽかと暑くもなく寒くもなく程良いさま、穏(おだ)やかな陽気であるさま、同「㬉」「暄」、「温」は液体などが程よい温度であること、「煖」は火が当,N4,kun,kun+kun~,IL1_okurigana(kun 96%) | A1_compound_oku(kun 90%) | A1_on_kun_mix(on+kun 65%),温:◆熱くもなく冷たくもなく程よいさま、暖かなさま、また熱を加えてそのようにする◆穏やかなさま、柔和なさま◆(古く冷めてしまったものを温め直して)蘇(よみがえ)させ; 暖:◆日光が当たってぽかぽかと暑くもなく寒くもなく程良いさま、穏(おだ)やかな陽気であるさま、同「㬉」「暄」、「温」は液体などが程よい温度であること、「煖」は火が当
kk_温度_おんど,温度,おんど,温:◆熱くもなく冷たくもなく程よいさま、暖かなさま、また熱を加えてそのようにする◆穏やかなさま、柔和なさま◆(古く冷めてしまったものを温め直して)蘇(よみがえ)させ; 度:◆長さを測(はか)る際に基準となる物差し(ものさし)、またその目盛(めもり)、「度量(ドリョウ、長さと容量、人の言動をどの程度容認できるかの大きさ)」「法度(ハ,N4,on,on+on,A3_short_compound(on+on 71%) | B_noun_rad_广(kun 93%),温:◆熱くもなく冷たくもなく程よいさま、暖かなさま、また熱を加えてそのようにする◆穏やかなさま、柔和なさま◆(古く冷めてしまったものを温め直して)蘇(よみがえ)させ; 度:◆長さを測(はか)る際に基準となる物差し(ものさし)、またその目盛(めもり)、「度量(ドリョウ、長さと容量、人の言動をどの程度容認できるかの大きさ)」「法度(ハ
kk_温暖化_おんだんか,温暖化,おんだんか,温:◆熱くもなく冷たくもなく程よいさま、暖かなさま、また熱を加えてそのようにする◆穏やかなさま、柔和なさま◆(古く冷めてしまったものを温め直して)蘇(よみがえ)させ; 暖:◆日光が当たってぽかぽかと暑くもなく寒くもなく程良いさま、穏(おだ)やかな陽気であるさま、同「㬉」「暄」、「温」は液体などが程よい温度であること、「煖」は火が当; 化:◆性質・形状・状態などが元とは全く違ったものに変わる、まだ元の様子が分かる程度の変化は「変」◆他の影響を受けて、また時間を経ることによって考えや態度などが変わる,N4,on,on+on+on,A4_multi_on(on+on+on 65%),温:◆熱くもなく冷たくもなく程よいさま、暖かなさま、また熱を加えてそのようにする◆穏やかなさま、柔和なさま◆(古く冷めてしまったものを温め直して)蘇(よみがえ)させ; 暖:◆日光が当たってぽかぽかと暑くもなく寒くもなく程良いさま、穏(おだ)やかな陽気であるさま、同「㬉」「暄」、「温」は液体などが程よい温度であること、「煖」は火が当; 化:◆性質・形状・状態などが元とは全く違ったものに変わる、まだ元の様子が分かる程度の変化は「変」◆他の影響を受けて、また時間を経ることによって考えや態度などが変わる
kk_港_みなと,港,みなと,港:◆船が通る水路◆多くの船が停泊する所、埠頭(フトウ),N4,kun,kun,IL2_single_default(kun 84%),港:◆船が通る水路◆多くの船が停泊する所、埠頭(フトウ)
kk_湯_ゆ,湯,ゆ,湯:◆温かい水、熱い水、沸騰した水◆熱いスープsoup、スープ状のもの、「菜湯(サイタン)、野菜のスープ」「濃湯(ノウタン、ノンタン)、シチューstewなどのような,N4,kun,kun,IL2_single_default(kun 84%),湯:◆温かい水、熱い水、沸騰した水◆熱いスープsoup、スープ状のもの、「菜湯(サイタン)、野菜のスープ」「濃湯(ノウタン、ノンタン)、シチューstewなどのような
kk_満員_まんいん,満員,まんいん,満:◆余すところなく一杯になる、これ以上は(それ以上は)入らなくなる、また一杯にする◆ぎっしりと詰まる、また詰める、隙間(すきま)なく埋(う)まる、また埋める、「充; 員:◆限られた範囲(場所・空間など)に入っている(含まれる)人、集団に属している人、またその人数◆限られた範囲(特に国土・領土などの境界線)の大きさ、また広さ◆円(,N4,on,on+on,,満:◆余すところなく一杯になる、これ以上は(それ以上は)入らなくなる、また一杯にする◆ぎっしりと詰まる、また詰める、隙間(すきま)なく埋(う)まる、また埋める、「充; 員:◆限られた範囲(場所・空間など)に入っている(含まれる)人、集団に属している人、またその人数◆限られた範囲(特に国土・領土などの境界線)の大きさ、また広さ◆円(
kk_準備_じゅんび,準備,じゅんび,準:◆水平にする、均(なら)す◆水平かどうかを調べる道具、「水準器(スイジュンキ)」◆平(たいら)らな、公平な◆手本として倣(なら)うべきもの、物事の尺度となるもの; 備:◆必要なものを用意しておく、(いざという時のために)予め揃えておく◆身に付いている、身に具(そな)わる◆つぶさ・に、必要なものは全て、ことごとく,N4,on,on+on,A3_short_compound(on+on 71%),準:◆水平にする、均(なら)す◆水平かどうかを調べる道具、「水準器(スイジュンキ)」◆平(たいら)らな、公平な◆手本として倣(なら)うべきもの、物事の尺度となるもの; 備:◆必要なものを用意しておく、(いざという時のために)予め揃えておく◆身に付いている、身に具(そな)わる◆つぶさ・に、必要なものは全て、ことごとく
kk_漏らす_もらす,漏らす,もらす,漏:◆(屋根に滲み込んだ雨が)隙間から少しずつ滴(したた)り落ちる、同「屚」◆液体や臭いや隠していることなどが隙間を抜けて少しずつ外に零(こぼ)れ出る◆水時計、小さ,N4,kun,kun,IL1_okurigana(kun 96%) | IL2_single_okuri(kun 96%),漏:◆(屋根に滲み込んだ雨が)隙間から少しずつ滴(したた)り落ちる、同「屚」◆液体や臭いや隠していることなどが隙間を抜けて少しずつ外に零(こぼ)れ出る◆水時計、小さ
kk_漏れる_もれる,漏れる,もれる,漏:◆(屋根に滲み込んだ雨が)隙間から少しずつ滴(したた)り落ちる、同「屚」◆液体や臭いや隠していることなどが隙間を抜けて少しずつ外に零(こぼ)れ出る◆水時計、小さ,N4,kun,kun,IL1_okurigana(kun 96%) | IL2_single_okuri(kun 96%),漏:◆(屋根に滲み込んだ雨が)隙間から少しずつ滴(したた)り落ちる、同「屚」◆液体や臭いや隠していることなどが隙間を抜けて少しずつ外に零(こぼ)れ出る◆水時計、小さ
kk_演奏_えんそう,演奏,えんそう,演:◆水がどこまでも伸びて流れる、「涴演(エンエン、川が曲がりくねりながら延々エンエンと流れるさま)」◆広げる、行(ゆ)き渡(わた)らせる◆元(もと)となるもの・元; 奏:◆進める◆物を両手に持ち前に差し出す、物を両手に捧(ささ)げ持ち神や君主に差し上げる、進献(シンケン)する、同「𡲯」、「【集韻:卷八:去聲下:第第五十:𡴝奏𠭡𢽥,N4,on,on+on,,演:◆水がどこまでも伸びて流れる、「涴演(エンエン、川が曲がりくねりながら延々エンエンと流れるさま)」◆広げる、行(ゆ)き渡(わた)らせる◆元(もと)となるもの・元; 奏:◆進める◆物を両手に持ち前に差し出す、物を両手に捧(ささ)げ持ち神や君主に差し上げる、進献(シンケン)する、同「𡲯」、「【集韻:卷八:去聲下:第第五十:𡴝奏𠭡𢽥
kk_漫画_まんが,漫画,まんが,漫:◆水が満ちる、水が一面に広がる、同「澫」「𣸞」◆だらだらとどこまでも続く◆だらだらする、怠(なま)ける◆そぞ・ろ、気儘(きまま)なさま、自らの拘(こだわ)りもな; 画:◆筆で線を引く、また線を引いて区切る、同「划」◆漢字の線や点の数(画数)を数える語◆輪郭(リンカク)を描く◆事に先立って案を作る、計画する、同「図」◆絵、絵を描,N4,on,on+on,A3_short_compound(on+on 71%),漫:◆水が満ちる、水が一面に広がる、同「澫」「𣸞」◆だらだらとどこまでも続く◆だらだらする、怠(なま)ける◆そぞ・ろ、気儘(きまま)なさま、自らの拘(こだわ)りもな; 画:◆筆で線を引く、また線を引いて区切る、同「划」◆漢字の線や点の数(画数)を数える語◆輪郭(リンカク)を描く◆事に先立って案を作る、計画する、同「図」◆絵、絵を描
kk_漬ける_つける,漬ける,つける,漬:◆液体に入れる、液体の中に全体が隠れるようにすっぽりと入れる、浸(ひた)す◆(液体の中に入れて)色や味などを染(し)み込ませる◆四足の動物の死、「【禮記:曲禮下,N4,kun,kun,IL1_okurigana(kun 96%) | IL2_single_okuri(kun 96%),漬:◆液体に入れる、液体の中に全体が隠れるようにすっぽりと入れる、浸(ひた)す◆(液体の中に入れて)色や味などを染(し)み込ませる◆四足の動物の死、「【禮記:曲禮下
kk_漬物_つけもの,漬物,つけもの,漬:◆液体に入れる、液体の中に全体が隠れるようにすっぽりと入れる、浸(ひた)す◆(液体の中に入れて)色や味などを染(し)み込ませる◆四足の動物の死、「【禮記:曲禮下; 物:◆(天地の間に存在する)人以外の形のあるもの、人は「者」、形のないものは「事」,N4,kun,kun+kun~,B_noun_rad_牛(kun 93%),漬:◆液体に入れる、液体の中に全体が隠れるようにすっぽりと入れる、浸(ひた)す◆(液体の中に入れて)色や味などを染(し)み込ませる◆四足の動物の死、「【禮記:曲禮下; 物:◆(天地の間に存在する)人以外の形のあるもの、人は「者」、形のないものは「事」
kk_濡れる_ぬれる,濡れる,ぬれる,濡:◆ものの表面に水や水滴が付く◆水が染(し)み込む、水分を含んで柔らかい、しっとりする◆滞(とどこお)る,N4,kun,kun,IL1_okurigana(kun 96%) | IL2_single_okuri(kun 96%),濡:◆ものの表面に水や水滴が付く◆水が染(し)み込む、水分を含んで柔らかい、しっとりする◆滞(とどこお)る
kk_火_ひ,火,ひ,火:◆ものが燃える時に発生する光や色や炎や熱など◆ものが赤々と燃える、また焼く◆(火が勢いよく燃えるように、また顔を紅潮させて)怒る、(火が弾けるように)突然怒り出,N4,kun,kun,IL2_single_default(kun 84%),火:◆ものが燃える時に発生する光や色や炎や熱など◆ものが赤々と燃える、また焼く◆(火が勢いよく燃えるように、また顔を紅潮させて)怒る、(火が弾けるように)突然怒り出
kk_火事_かじ,火事,かじ,火:◆ものが燃える時に発生する光や色や炎や熱など◆ものが赤々と燃える、また焼く◆(火が勢いよく燃えるように、また顔を紅潮させて)怒る、(火が弾けるように)突然怒り出; 事:◆こと、動作・現象・状態など形のないものを指す語、形のあるものは「物」、「事情(ジジョウ、ことの様子)」「無事(ブジ、何事もないさま)」◆職(ショク)、仕事や役,N4,on,on+on,A3_short_compound(on+on 71%),火:◆ものが燃える時に発生する光や色や炎や熱など◆ものが赤々と燃える、また焼く◆(火が勢いよく燃えるように、また顔を紅潮させて)怒る、(火が弾けるように)突然怒り出; 事:◆こと、動作・現象・状態など形のないものを指す語、形のあるものは「物」、「事情(ジジョウ、ことの様子)」「無事(ブジ、何事もないさま)」◆職(ショク)、仕事や役
kk_火曜_かよう,火曜,かよう,火:◆ものが燃える時に発生する光や色や炎や熱など◆ものが赤々と燃える、また焼く◆(火が勢いよく燃えるように、また顔を紅潮させて)怒る、(火が弾けるように)突然怒り出; 曜:◆陽の光が明るく輝(かがや)く、眩(まばゆ)く輝く◆太陽・月と水金火木土星の七つの明るく光る天体、総称して「七曜(シチヨウ)」といい、これを一週間の各日に当てた,N4,on,on+on,A3_short_compound(on+on 71%),火:◆ものが燃える時に発生する光や色や炎や熱など◆ものが赤々と燃える、また焼く◆(火が勢いよく燃えるように、また顔を紅潮させて)怒る、(火が弾けるように)突然怒り出; 曜:◆陽の光が明るく輝(かがや)く、眩(まばゆ)く輝く◆太陽・月と水金火木土星の七つの明るく光る天体、総称して「七曜(シチヨウ)」といい、これを一週間の各日に当てた
kk_点_てん,点,てん,点:◆小さな(黒い)染(し)み・瑕(きず)・印(しるし)、またそのようなものを付ける、「汚点(オテン)」◆小さく狭く限られた場所・範囲・位置・事柄、「地点(チテン),N4,on,on,IL2_single_default(kun 84%),点:◆小さな(黒い)染(し)み・瑕(きず)・印(しるし)、またそのようなものを付ける、「汚点(オテン)」◆小さく狭く限られた場所・範囲・位置・事柄、「地点(チテン)
kk_為さる_なさる,為さる,なさる,為:◆サル(猿)の一種、未詳、「母猴(ボコウ)」◆～をする、～を行う◆～に働きかける◆(～をして、～を行って)～を作る、～に作り上げる、形作る◆(～をして、～をする,N4,kun,kun,IL1_okurigana(kun 96%) | IL2_single_okuri(kun 96%),為:◆サル(猿)の一種、未詳、「母猴(ボコウ)」◆～をする、～を行う◆～に働きかける◆(～をして、～を行って)～を作る、～に作り上げる、形作る◆(～をして、～をする
kk_無くなる_なくなる,無くなる,なくなる,無:◆ない、存在しない、有(ゆう)していない◆～ではない、～であってはならない◆簡「无」,N4,kun,kun,IL1_okurigana(kun 96%) | IL2_single_okuri(kun 96%),無:◆ない、存在しない、有(ゆう)していない◆～ではない、～であってはならない◆簡「无」
kk_無理_むり,無理,むり,無:◆ない、存在しない、有(ゆう)していない◆～ではない、～であってはならない◆簡「无」; 理:◆玉(ギョク、大変美しい石)の筋目(すじめ)、規則正しく並んだ筋目◆物事の正しい筋道◆筋道を立てる、また立っている、筋を通す、また通っている◆筋道に沿って判断す,N4,on,on+on,A3_short_compound(on+on 71%),無:◆ない、存在しない、有(ゆう)していない◆～ではない、～であってはならない◆簡「无」; 理:◆玉(ギョク、大変美しい石)の筋目(すじめ)、規則正しく並んだ筋目◆物事の正しい筋道◆筋道を立てる、また立っている、筋を通す、また通っている◆筋道に沿って判断す
kk_無駄_むだ,無駄,むだ,無:◆ない、存在しない、有(ゆう)していない◆～ではない、～であってはならない◆簡「无」; 駄:◆牛馬などの家畜の背に荷物を載せる、同「駝」◆牛馬などに背負わせる荷物◆[日]あまり役に立たない、あまり値打ちがない、「荷物の運搬用にしか使えない馬」の意,N4,on,on+on,A3_short_compound(on+on 71%),無:◆ない、存在しない、有(ゆう)していない◆～ではない、～であってはならない◆簡「无」; 駄:◆牛馬などの家畜の背に荷物を載せる、同「駝」◆牛馬などに背負わせる荷物◆[日]あまり役に立たない、あまり値打ちがない、「荷物の運搬用にしか使えない馬」の意
kk_焼く_やく,焼く,やく,焼:◆火をつける、火つけて燃やす、火の中にものを入れて燃やす、ものが熱せられて炎や煙が立ち昇る◆[日]あれこれと進んで人に尽くす,N4,kun,kun,IL1_okurigana(kun 96%) | IL2_single_okuri(kun 96%),焼:◆火をつける、火つけて燃やす、火の中にものを入れて燃やす、ものが熱せられて炎や煙が立ち昇る◆[日]あれこれと進んで人に尽くす
kk_焼ける_やける,焼ける,やける,焼:◆火をつける、火つけて燃やす、火の中にものを入れて燃やす、ものが熱せられて炎や煙が立ち昇る◆[日]あれこれと進んで人に尽くす,N4,kun,kun,IL1_okurigana(kun 96%) | IL2_single_okuri(kun 96%),焼:◆火をつける、火つけて燃やす、火の中にものを入れて燃やす、ものが熱せられて炎や煙が立ち昇る◆[日]あれこれと進んで人に尽くす
kk_焼肉_やきにく,焼肉,やきにく,焼:◆火をつける、火つけて燃やす、火の中にものを入れて燃やす、ものが熱せられて炎や煙が立ち昇る◆[日]あれこれと進んで人に尽くす; 肉:◆人や動物の骨・臓器などを除いた部分、果実の種などを除いた部分、ものの内部の骨・内臓・種などを厚く覆(おお)い、外的な力からそれらを保護し、同時にその形状や位置,N4,mixed,kun+on~,,焼:◆火をつける、火つけて燃やす、火の中にものを入れて燃やす、ものが熱せられて炎や煙が立ち昇る◆[日]あれこれと進んで人に尽くす; 肉:◆人や動物の骨・臓器などを除いた部分、果実の種などを除いた部分、ものの内部の骨・内臓・種などを厚く覆(おお)い、外的な力からそれらを保護し、同時にその形状や位置
kk_熱_ねつ,熱,ねつ,熱:◆火に温められて立ち昇る温気や蒸気◆火に当たって温度が高くなる、太陽の熱によって気温が上がるのは「暑」◆火照(ほて)る◆盛んになる、夢中になる,N4,on,on,IL2_single_default(kun 84%),熱:◆火に温められて立ち昇る温気や蒸気◆火に当たって温度が高くなる、太陽の熱によって気温が上がるのは「暑」◆火照(ほて)る◆盛んになる、夢中になる
kk_熱心_ねっしん,熱心,ねっしん,熱:◆火に温められて立ち昇る温気や蒸気◆火に当たって温度が高くなる、太陽の熱によって気温が上がるのは「暑」◆火照(ほて)る◆盛んになる、夢中になる; 心:◆血液を循環させる働きをする臓器で五臓(心シン・肝カン・脾ヒ・肺ハイ・腎ジン)の一つ ◆ものの真(ま)ん中、真ん中(中心)にあるもの、ものの重要な部分、ものの本,N4,on,on+on,,熱:◆火に温められて立ち昇る温気や蒸気◆火に当たって温度が高くなる、太陽の熱によって気温が上がるのは「暑」◆火照(ほて)る◆盛んになる、夢中になる; 心:◆血液を循環させる働きをする臓器で五臓(心シン・肝カン・脾ヒ・肺ハイ・腎ジン)の一つ ◆ものの真(ま)ん中、真ん中(中心)にあるもの、ものの重要な部分、ものの本
kk_燃える_もえる,燃える,もえる,燃:◆火で熱せられて炎が立ち昇る、単に火で熱するのは「焼」、同「然」¶古くは「イヌ(犬、狗)の肉(月)を燃やす(灬)」の意で「然」が用いられたが、「然」が専ら「しか,N4,kun,kun,IL1_okurigana(kun 96%) | IL2_single_okuri(kun 96%),燃:◆火で熱せられて炎が立ち昇る、単に火で熱するのは「焼」、同「然」¶古くは「イヌ(犬、狗)の肉(月)を燃やす(灬)」の意で「然」が用いられたが、「然」が専ら「しか
kk_爽やか_さわやか,爽やか,さわやか,爽:◆夜が明け明るい光が差すさま◆清々(すがすが)しいさま、さらっとして心地よいさま◆さっぱりとしているさま、あれこれにごだわらず明快であるさま、粘り付いたり纏(ま,N4,kun,kun,IL1_okurigana(kun 96%) | IL2_single_okuri(kun 96%),爽:◆夜が明け明るい光が差すさま◆清々(すがすが)しいさま、さらっとして心地よいさま◆さっぱりとしているさま、あれこれにごだわらず明快であるさま、粘り付いたり纏(ま
kk_片付く_かたづく,片付く,かたづく,片:◆切って(切り開いて、切り裂いて)薄く広げたもの、薄く平らなもの◆大きなものを小さく分けたその一つ、小さいもの◆少しであるさま、僅(わず)かなさま、「片言(ヘン; 付:◆手ずから授(さず)ける、直接手を取って与える、同「仅」◆渡し与える、渡して任せる、委(ゆだ)ねる◆[日]他のものに加える、また添える、また足す、同「附」,N4,other,mixed+mixed~,IL1_okurigana(kun 96%) | A1_compound_oku(kun 90%) | A1_on_kun_mix(on+kun 65%),片:◆切って(切り開いて、切り裂いて)薄く広げたもの、薄く平らなもの◆大きなものを小さく分けたその一つ、小さいもの◆少しであるさま、僅(わず)かなさま、「片言(ヘン; 付:◆手ずから授(さず)ける、直接手を取って与える、同「仅」◆渡し与える、渡して任せる、委(ゆだ)ねる◆[日]他のものに加える、また添える、また足す、同「附」
kk_片付ける_かたづける,片付ける,かたづける,片:◆切って(切り開いて、切り裂いて)薄く広げたもの、薄く平らなもの◆大きなものを小さく分けたその一つ、小さいもの◆少しであるさま、僅(わず)かなさま、「片言(ヘン; 付:◆手ずから授(さず)ける、直接手を取って与える、同「仅」◆渡し与える、渡して任せる、委(ゆだ)ねる◆[日]他のものに加える、また添える、また足す、同「附」,N4,other,mixed+mixed~,IL1_okurigana(kun 96%) | A1_compound_oku(kun 90%) | A1_on_kun_mix(on+kun 65%),片:◆切って(切り開いて、切り裂いて)薄く広げたもの、薄く平らなもの◆大きなものを小さく分けたその一つ、小さいもの◆少しであるさま、僅(わず)かなさま、「片言(ヘン; 付:◆手ずから授(さず)ける、直接手を取って与える、同「仅」◆渡し与える、渡して任せる、委(ゆだ)ねる◆[日]他のものに加える、また添える、また足す、同「附」
kk_特に_とくに,特に,とくに,特:◆牡牛(おすうし)、祭礼の際の犠牲(ギセイ、生贄いけにえ)として選ばれるひときわ立派な牡牛、同「犆」「𤙰」◆際立(きわだ)っている、抜きん出ている、非常に◆それ,N4,on,on,IL1_okurigana(kun 96%) | IL2_single_okuri(kun 96%) | B_noun_rad_牛(kun 93%),特:◆牡牛(おすうし)、祭礼の際の犠牲(ギセイ、生贄いけにえ)として選ばれるひときわ立派な牡牛、同「犆」「𤙰」◆際立(きわだ)っている、抜きん出ている、非常に◆それ
kk_特別_とくべつ,特別,とくべつ,特:◆牡牛(おすうし)、祭礼の際の犠牲(ギセイ、生贄いけにえ)として選ばれるひときわ立派な牡牛、同「犆」「𤙰」◆際立(きわだ)っている、抜きん出ている、非常に◆それ; 別:◆切って分(わ)ける、分離する、分けて離す、分けたものが繋(つな)がっていない状態にする◆分かれる、分かれ離れる◆他と繋がりがない、他とは違う、異なる◆他(ほか,N4,on,on+on,B_noun_rad_牛(kun 93%) | B_verb_rad_刀(kun 80%),特:◆牡牛(おすうし)、祭礼の際の犠牲(ギセイ、生贄いけにえ)として選ばれるひときわ立派な牡牛、同「犆」「𤙰」◆際立(きわだ)っている、抜きん出ている、非常に◆それ; 別:◆切って分(わ)ける、分離する、分けて離す、分けたものが繋(つな)がっていない状態にする◆分かれる、分かれ離れる◆他と繋がりがない、他とは違う、異なる◆他(ほか
kk_特急_とっきゅう,特急,とっきゅう,特:◆牡牛(おすうし)、祭礼の際の犠牲(ギセイ、生贄いけにえ)として選ばれるひときわ立派な牡牛、同「犆」「𤙰」◆際立(きわだ)っている、抜きん出ている、非常に◆それ; 急:◆ゆとりがないさま、余裕がないさま、ゆったりとしていないさま◆せ・く、気持ちにゆとりがない、忙(せわ)しい◆いそ・ぐ、間(マ)を置かずに動く、早く動く、せかせか,N4,on,on+mixed~,B_noun_rad_牛(kun 93%),特:◆牡牛(おすうし)、祭礼の際の犠牲(ギセイ、生贄いけにえ)として選ばれるひときわ立派な牡牛、同「犆」「𤙰」◆際立(きわだ)っている、抜きん出ている、非常に◆それ; 急:◆ゆとりがないさま、余裕がないさま、ゆったりとしていないさま◆せ・く、気持ちにゆとりがない、忙(せわ)しい◆いそ・ぐ、間(マ)を置かずに動く、早く動く、せかせか
kk_犯人_はんにん,犯人,はんにん,犯:◆入るべきところではないところに入り込む、決められた範囲を越える◆守るべきことを守らない、法律や命令などを破る; 人:◆霊長目ヒト科ヒト属の生物、ホモ・サピエンスHomo sapiens(「知恵の人」の意)、同「儿」◆自分以外の者、「人我(ジンガ、他人と自分)」◆人の数(かず),N4,on,on+on,,犯:◆入るべきところではないところに入り込む、決められた範囲を越える◆守るべきことを守らない、法律や命令などを破る; 人:◆霊長目ヒト科ヒト属の生物、ホモ・サピエンスHomo sapiens(「知恵の人」の意)、同「儿」◆自分以外の者、「人我(ジンガ、他人と自分)」◆人の数(かず)
kk_玩具_おもちゃ,玩具,おもちゃ,玩:◆手の中に入れて飽(あ)きずに愛(め)でる、飽くまで手放さない、同「翫」◆(相手が嫌がるのも構わずに)むやみに手を加える、意味もなくあれやこれやに口や手を出す、; 具:◆そな・わる、そな・える、必要なものが揃っている、必要なものを揃える◆必要なものが身に付いている◆(食事のための器具、戦うための武具、作業するための道具などの),N4,other,mixed+mixed~,A3_short_compound(on+on 71%),玩:◆手の中に入れて飽(あ)きずに愛(め)でる、飽くまで手放さない、同「翫」◆(相手が嫌がるのも構わずに)むやみに手を加える、意味もなくあれやこれやに口や手を出す、; 具:◆そな・わる、そな・える、必要なものが揃っている、必要なものを揃える◆必要なものが身に付いている◆(食事のための器具、戦うための武具、作業するための道具などの)
kk_珍しい_めずらしい,珍しい,めずらしい,珍:◆玉(ギョク、大変美しい石)や珠(たま、球状の真珠)などの宝石、宝物◆大変貴重なもの、貴重で大切にしているもの◆滅多にないもの、希少なもの,N4,kun,kun,IL1_okurigana(kun 96%) | IL2_single_okuri(kun 96%),珍:◆玉(ギョク、大変美しい石)や珠(たま、球状の真珠)などの宝石、宝物◆大変貴重なもの、貴重で大切にしているもの◆滅多にないもの、希少なもの
kk_理由_りゆう,理由,りゆう,理:◆玉(ギョク、大変美しい石)の筋目(すじめ)、規則正しく並んだ筋目◆物事の正しい筋道◆筋道を立てる、また立っている、筋を通す、また通っている◆筋道に沿って判断す; 由:◆基(もと)づく、因(よ)る、「経由(ケイユ)」「由来(ユライ)」◆～が元(もと)で、～によって、「原因(ゲンイン)」◆(～という結果に至った)訳(わけ)、経緯,N4,on,on+on,A3_short_compound(on+on 71%),理:◆玉(ギョク、大変美しい石)の筋目(すじめ)、規則正しく並んだ筋目◆物事の正しい筋道◆筋道を立てる、また立っている、筋を通す、また通っている◆筋道に沿って判断す; 由:◆基(もと)づく、因(よ)る、「経由(ケイユ)」「由来(ユライ)」◆～が元(もと)で、～によって、「原因(ゲンイン)」◆(～という結果に至った)訳(わけ)、経緯
kk_瓶_びん,瓶,びん,瓶:◆口が小さく首が窄(すぼ)んで腹がやや膨(ふく)らんだ容器、胴回りの大きさに比べて背が高い、同「壜」  ◆[日]液体を入れる容器、同「罎」「壜」,N4,on,on,IL2_single_default(kun 84%),瓶:◆口が小さく首が窄(すぼ)んで腹がやや膨(ふく)らんだ容器、胴回りの大きさに比べて背が高い、同「壜」  ◆[日]液体を入れる容器、同「罎」「壜」
kk_生きる_いきる,生きる,いきる,生:◆う・まれる、それまでになかった新しいものが現れ出る、また新しいことが起こる◆い・きる、成長し活動できる状態で存在する、またその状態◆なま、現れ出た時のそのまま,N4,kun,kun,IL1_okurigana(kun 96%) | IL2_single_okuri(kun 96%),生:◆う・まれる、それまでになかった新しいものが現れ出る、また新しいことが起こる◆い・きる、成長し活動できる状態で存在する、またその状態◆なま、現れ出た時のそのまま
kk_生産_せいさん,生産,せいさん,生:◆う・まれる、それまでになかった新しいものが現れ出る、また新しいことが起こる◆い・きる、成長し活動できる状態で存在する、またその状態◆なま、現れ出た時のそのまま; 産:◆子を生む◆生まれ◆新たに(新たなものを)生み出す、作り出す、また生み出されたもの、「生産(セイサン)」◆土地や財物◆音孔が三つの籥(ヤク、縦笛)、籥よりも太く,N4,on,on+on,,生:◆う・まれる、それまでになかった新しいものが現れ出る、また新しいことが起こる◆い・きる、成長し活動できる状態で存在する、またその状態◆なま、現れ出た時のそのまま; 産:◆子を生む◆生まれ◆新たに(新たなものを)生み出す、作り出す、また生み出されたもの、「生産(セイサン)」◆土地や財物◆音孔が三つの籥(ヤク、縦笛)、籥よりも太く
kk_産業_さんぎょう,産業,さんぎょう,産:◆子を生む◆生まれ◆新たに(新たなものを)生み出す、作り出す、また生み出されたもの、「生産(セイサン)」◆土地や財物◆音孔が三つの籥(ヤク、縦笛)、籥よりも太く; 業:◆鍾(ショウ)や磬(ケイ)などの打楽器を吊るすための横木(筍)の上の横板、吊るした楽器の位置が演奏中にずれないように凹みや突起がついていたという、「业」はそれを,N4,on,on+on,B_noun_rad_木(kun 93%),産:◆子を生む◆生まれ◆新たに(新たなものを)生み出す、作り出す、また生み出されたもの、「生産(セイサン)」◆土地や財物◆音孔が三つの籥(ヤク、縦笛)、籥よりも太く; 業:◆鍾(ショウ)や磬(ケイ)などの打楽器を吊るすための横木(筍)の上の横板、吊るした楽器の位置が演奏中にずれないように凹みや突起がついていたという、「业」はそれを
kk_用_よう,用,よう,用:◆人や物、或いはその特性や能力を使う、また使ってあることを行う、また役立たせる◆働かせる、発揮させる、またそのために必要な特性・能力・金銭など◆以(もっ)て◆[,N4,on,on,IL2_single_default(kun 84%),用:◆人や物、或いはその特性や能力を使う、また使ってあることを行う、また役立たせる◆働かせる、発揮させる、またそのために必要な特性・能力・金銭など◆以(もっ)て◆[
kk_用事_ようじ,用事,ようじ,用:◆人や物、或いはその特性や能力を使う、また使ってあることを行う、また役立たせる◆働かせる、発揮させる、またそのために必要な特性・能力・金銭など◆以(もっ)て◆[; 事:◆こと、動作・現象・状態など形のないものを指す語、形のあるものは「物」、「事情(ジジョウ、ことの様子)」「無事(ブジ、何事もないさま)」◆職(ショク)、仕事や役,N4,on,on+on,A3_short_compound(on+on 71%),用:◆人や物、或いはその特性や能力を使う、また使ってあることを行う、また役立たせる◆働かせる、発揮させる、またそのために必要な特性・能力・金銭など◆以(もっ)て◆[; 事:◆こと、動作・現象・状態など形のないものを指す語、形のあるものは「物」、「事情(ジジョウ、ことの様子)」「無事(ブジ、何事もないさま)」◆職(ショク)、仕事や役
kk_用意_ようい,用意,ようい,用:◆人や物、或いはその特性や能力を使う、また使ってあることを行う、また役立たせる◆働かせる、発揮させる、またそのために必要な特性・能力・金銭など◆以(もっ)て◆[; 意:◆心の中にあって外(言葉や態度・行動など)には出さない思いや考え、心の動きや働き、気持ち◆物事の内にあって表には現れ出ないもの、内に込められているもの,N4,on,on+on,A3_short_compound(on+on 71%),用:◆人や物、或いはその特性や能力を使う、また使ってあることを行う、また役立たせる◆働かせる、発揮させる、またそのために必要な特性・能力・金銭など◆以(もっ)て◆[; 意:◆心の中にあって外(言葉や態度・行動など)には出さない思いや考え、心の動きや働き、気持ち◆物事の内にあって表には現れ出ないもの、内に込められているもの
kk_用紙_ようし,用紙,ようし,用:◆人や物、或いはその特性や能力を使う、また使ってあることを行う、また役立たせる◆働かせる、発揮させる、またそのために必要な特性・能力・金銭など◆以(もっ)て◆[; 紙:◆植物などの繊維を抄(す)き薄く平らにしたもの、paper,N4,on,on+on,A3_short_compound(on+on 71%),用:◆人や物、或いはその特性や能力を使う、また使ってあることを行う、また役立たせる◆働かせる、発揮させる、またそのために必要な特性・能力・金銭など◆以(もっ)て◆[; 紙:◆植物などの繊維を抄(す)き薄く平らにしたもの、paper
kk_田_た,田,た,田:◆畦(あぜ)などで区画され平らに整地された耕作地、主に農作物を栽培する土地、同「佃」◆狩(か)り、狩りをする、「田漁(デンギョ、漁猟)」「田犬(デンケン、狩猟犬,N4,kun,kun,IL2_single_default(kun 84%),田:◆畦(あぜ)などで区画され平らに整地された耕作地、主に農作物を栽培する土地、同「佃」◆狩(か)り、狩りをする、「田漁(デンギョ、漁猟)」「田犬(デンケン、狩猟犬
kk_申し上げる_もうしあげる,申し上げる,もうしあげる,申:◆さる、十二支の九番目、時刻では午後四時を中心とした二時間、方角では西南西、動物ではサル(猿)を当てる ◆伸ばす、折れたり曲がっているものをまっすぐにする、同「; 上:◆位置・場所・地位などが高い、高い方にある◆高い方に移る、昇る、登る◆順序・時間などが前、前の方にある◆前の方に移る◆等級・品質などが高い、優れている◆殿様、皇,N4,kun,kun+kun~,IL1_okurigana(kun 96%) | A1_compound_oku(kun 90%) | A1_on_kun_mix(on+kun 65%),申:◆さる、十二支の九番目、時刻では午後四時を中心とした二時間、方角では西南西、動物ではサル(猿)を当てる ◆伸ばす、折れたり曲がっているものをまっすぐにする、同「; 上:◆位置・場所・地位などが高い、高い方にある◆高い方に移る、昇る、登る◆順序・時間などが前、前の方にある◆前の方に移る◆等級・品質などが高い、優れている◆殿様、皇
kk_男女_だんじょ,男女,だんじょ,男:◆雄(ユウ、おす)としての特性を持つ人、女(雌めすとしての特性を持つ人)と対になる性の一方、「田畑で力仕事をする人」の意◆息子(むすこ)◆親に対しての息子の自称; 女:◆雌(シ、めす)としての特性を持つ人、男(雄おすとしての特性を持つ人)と対になる性の一方◆娘(むすめ、若い未婚の女性)、既婚は「婦」◆妻(めあ)わせる、嫁(とつ,N4,on,on+on,A3_short_compound(on+on 71%),男:◆雄(ユウ、おす)としての特性を持つ人、女(雌めすとしての特性を持つ人)と対になる性の一方、「田畑で力仕事をする人」の意◆息子(むすこ)◆親に対しての息子の自称; 女:◆雌(シ、めす)としての特性を持つ人、男(雄おすとしての特性を持つ人)と対になる性の一方◆娘(むすめ、若い未婚の女性)、既婚は「婦」◆妻(めあ)わせる、嫁(とつ
kk_男性_だんせい,男性,だんせい,男:◆雄(ユウ、おす)としての特性を持つ人、女(雌めすとしての特性を持つ人)と対になる性の一方、「田畑で力仕事をする人」の意◆息子(むすこ)◆親に対しての息子の自称; 性:◆生まれながらに持っている能力・性格・習癖・運命などの無形のもの◆男女・雄雌の別、男女間また雄雌間の本能的な関係◆物事が具えている資質や能力,N4,on,on+on,,男:◆雄(ユウ、おす)としての特性を持つ人、女(雌めすとしての特性を持つ人)と対になる性の一方、「田畑で力仕事をする人」の意◆息子(むすこ)◆親に対しての息子の自称; 性:◆生まれながらに持っている能力・性格・習癖・運命などの無形のもの◆男女・雄雌の別、男女間また雄雌間の本能的な関係◆物事が具えている資質や能力
kk_留守_るす,留守,るす,留:◆動きを止(と)める、動きを止めて同じ場所や状態に止(とど)まる◆同じ状態が残る、同じ状態で残す; 守:◆古代の官名、同「𡬮」、「太守(タイシュ、郡や府の長官、地方の長官)」◆同じ状態に保(たも)つ、「守備(シュビ、備え守る)」◆(異変がないかを)見張る、番(バン,N4,on,on+on,A3_short_compound(on+on 71%) | B_noun_rad_宀(kun 93%),留:◆動きを止(と)める、動きを止めて同じ場所や状態に止(とど)まる◆同じ状態が残る、同じ状態で残す; 守:◆古代の官名、同「𡬮」、「太守(タイシュ、郡や府の長官、地方の長官)」◆同じ状態に保(たも)つ、「守備(シュビ、備え守る)」◆(異変がないかを)見張る、番(バン
kk_番組_ばんぐみ,番組,ばんぐみ,番:◆順に並んでいるものを次々に入れ替えながら繰り返すこと、またその順位、またその順位に当たること、「輪番(リンバン、順番に交替しながら繰り返すこと)」「當番(トウ; 組:◆糸や紐(ひも)を編んだ紐、「組紐(くみひも)」◆幾つかのものを合わせて一つに纏(まと)める、また一つに纏まったもの◆「組織(ソシキ)」◇紐を編み糸を織ること◇,N4,other,mixed+mixed~,,番:◆順に並んでいるものを次々に入れ替えながら繰り返すこと、またその順位、またその順位に当たること、「輪番(リンバン、順番に交替しながら繰り返すこと)」「當番(トウ; 組:◆糸や紐(ひも)を編んだ紐、「組紐(くみひも)」◆幾つかのものを合わせて一つに纏(まと)める、また一つに纏まったもの◆「組織(ソシキ)」◇紐を編み糸を織ること◇
kk_畳_たたみ,畳,たたみ,畳:◆薄いものが何層にも積み重なる、何度も同じことが繰り返される◆たた・む、薄いものを折って重ねる◆[日]たたみ、藁の床の表面にイグサ(藺草)の筵を張った敷物、薄い,N4,kun,kun,IL2_single_default(kun 84%),畳:◆薄いものが何層にも積み重なる、何度も同じことが繰り返される◆たた・む、薄いものを折って重ねる◆[日]たたみ、藁の床の表面にイグサ(藺草)の筵を張った敷物、薄い
kk_痩せる_やせる,痩せる,やせる,痩:◆瘠(や)せる、体が細くなる◆細る◆地味(ちみ、作物などを育てるための土壌の質)が衰える、同「瘠」,N4,kun,kun,IL1_okurigana(kun 96%) | IL2_single_okuri(kun 96%),痩:◆瘠(や)せる、体が細くなる◆細る◆地味(ちみ、作物などを育てるための土壌の質)が衰える、同「瘠」
kk_発展_はってん,発展,はってん,発:◆矢を放つ、外(離れて行く方向)に向かって勢いよく飛び出る◆動いていなかったものが勢いよく動き出す、物事が動き出す、物事が始まる、行動を起こす◆隠れていたものが; 展:◆転(ころ)がす、巻いてあるものを転がして広げる◆巻いたり折ってあるものなどを開き広げる、そのままでは見えないもの(ものの中にあって見えないもの)を広げて見る、,N4,on,on+on,,発:◆矢を放つ、外(離れて行く方向)に向かって勢いよく飛び出る◆動いていなかったものが勢いよく動き出す、物事が動き出す、物事が始まる、行動を起こす◆隠れていたものが; 展:◆転(ころ)がす、巻いてあるものを転がして広げる◆巻いたり折ってあるものなどを開き広げる、そのままでは見えないもの(ものの中にあって見えないもの)を広げて見る、
kk_発言_はつげん,発言,はつげん,発:◆矢を放つ、外(離れて行く方向)に向かって勢いよく飛び出る◆動いていなかったものが勢いよく動き出す、物事が動き出す、物事が始まる、行動を起こす◆隠れていたものが; 言:◆相手に伝えたいことを声に出してはっきりと述べる、またその内容、またそのための語(ゴ、互いに意思の疎通を図るための言葉)◆字(ジ)、文字◆我(われ)、自分を指す,N4,on,on+on,B_verb_rad_言(kun 80%),発:◆矢を放つ、外(離れて行く方向)に向かって勢いよく飛び出る◆動いていなかったものが勢いよく動き出す、物事が動き出す、物事が始まる、行動を起こす◆隠れていたものが; 言:◆相手に伝えたいことを声に出してはっきりと述べる、またその内容、またそのための語(ゴ、互いに意思の疎通を図るための言葉)◆字(ジ)、文字◆我(われ)、自分を指す
kk_発音_はつおん,発音,はつおん,発:◆矢を放つ、外(離れて行く方向)に向かって勢いよく飛び出る◆動いていなかったものが勢いよく動き出す、物事が動き出す、物事が始まる、行動を起こす◆隠れていたものが; 音:◆聴覚で認識できるものの総称、特に楽器のもの、高低強弱などの抑揚がある音が連続し全体として意味を持つものを「声」◆耳に届いて来るもの、便り◆[日]漢字の中国伝来,N4,on,on+on,,発:◆矢を放つ、外(離れて行く方向)に向かって勢いよく飛び出る◆動いていなかったものが勢いよく動き出す、物事が動き出す、物事が始まる、行動を起こす◆隠れていたものが; 音:◆聴覚で認識できるものの総称、特に楽器のもの、高低強弱などの抑揚がある音が連続し全体として意味を持つものを「声」◆耳に届いて来るもの、便り◆[日]漢字の中国伝来
kk_皆_みな,皆,みな,皆:◆揃って、一緒に、共に、同「倶」「偕」◆[日]みな、全て、全部◆[日]みんな、全ての人,N4,kun,kun,IL2_single_default(kun 84%),皆:◆揃って、一緒に、共に、同「倶」「偕」◆[日]みな、全て、全部◆[日]みんな、全ての人
kk_盗む_ぬすむ,盗む,ぬすむ,盗:◆本来自分のものではないのものを(相手の許しを得ないまま、こっそりと)自分のものにする,N4,kun,kun,IL1_okurigana(kun 96%) | IL2_single_okuri(kun 96%),盗:◆本来自分のものではないのものを(相手の許しを得ないまま、こっそりと)自分のものにする
kk_盛ん_さかん,盛ん,さかん,盛:◆器(うつわ)に山のようにものを入れる、山のように積み上げる、これ以上は入らないという程に入れる◆一杯になるさま、満ち溢(あふ)れるさま、豊かなさま◆力や勢いが,N4,kun,kun,IL1_okurigana(kun 96%) | IL2_single_okuri(kun 96%),盛:◆器(うつわ)に山のようにものを入れる、山のように積み上げる、これ以上は入らないという程に入れる◆一杯になるさま、満ち溢(あふ)れるさま、豊かなさま◆力や勢いが
kk_目に入る_めにはいる,目に入る,めにはいる,目:◆眼(め、眼球ガンキュウ、黒目くろめ)・白目(しろめ、結膜ケツマク)・視神経などを含むものを見る器官全体、またその形状や様子や機能◆ものを見る、また見分ける◆眼; 入:◆範囲・領域・組織や区切り・境界の外(外側、外部、表側、向こう側、公のところ)から内(内側、内部、裏側、こちら側、私的なところ)に移る、また移す、内から外へ移る,N4,kun,kun+kun~,IL1_okurigana(kun 96%) | A1_compound_oku(kun 90%) | A1_on_kun_mix(on+kun 65%),目:◆眼(め、眼球ガンキュウ、黒目くろめ)・白目(しろめ、結膜ケツマク)・視神経などを含むものを見る器官全体、またその形状や様子や機能◆ものを見る、また見分ける◆眼; 入:◆範囲・領域・組織や区切り・境界の外(外側、外部、表側、向こう側、公のところ)から内(内側、内部、裏側、こちら側、私的なところ)に移る、また移す、内から外へ移る
kk_目の前_めのまえ,目の前,めのまえ,目:◆眼(め、眼球ガンキュウ、黒目くろめ)・白目(しろめ、結膜ケツマク)・視神経などを含むものを見る器官全体、またその形状や様子や機能◆ものを見る、また見分ける◆眼; 前:◆(前に)進む、またその方向、同「先」、「前途(ぜんと、目的地に向かう道のり、将来)」◆位置的には先の方向、時間的には過去の方向、順序では上位の方向、同「先」、,N4,kun,kun+kun~,IL1_okurigana(kun 96%) | A1_compound_oku(kun 90%) | A1_on_kun_mix(on+kun 65%),目:◆眼(め、眼球ガンキュウ、黒目くろめ)・白目(しろめ、結膜ケツマク)・視神経などを含むものを見る器官全体、またその形状や様子や機能◆ものを見る、また見分ける◆眼; 前:◆(前に)進む、またその方向、同「先」、「前途(ぜんと、目的地に向かう道のり、将来)」◆位置的には先の方向、時間的には過去の方向、順序では上位の方向、同「先」、
kk_目的_もくてき,目的,もくてき,目:◆眼(め、眼球ガンキュウ、黒目くろめ)・白目(しろめ、結膜ケツマク)・視神経などを含むものを見る器官全体、またその形状や様子や機能◆ものを見る、また見分ける◆眼; 的:◆弓で矢を射(い)る時の目標とするもの、同「㢩」「墑」◆額(ひたい)の部分だけが白い馬、またその額の白い部分、女性が額に施(ほどこ)す(赤い点状の)装飾◆(弓の,N4,on,on+on,,目:◆眼(め、眼球ガンキュウ、黒目くろめ)・白目(しろめ、結膜ケツマク)・視神経などを含むものを見る器官全体、またその形状や様子や機能◆ものを見る、また見分ける◆眼; 的:◆弓で矢を射(い)る時の目標とするもの、同「㢩」「墑」◆額(ひたい)の部分だけが白い馬、またその額の白い部分、女性が額に施(ほどこ)す(赤い点状の)装飾◆(弓の
kk_目薬_めぐすり,目薬,めぐすり,目:◆眼(め、眼球ガンキュウ、黒目くろめ)・白目(しろめ、結膜ケツマク)・視神経などを含むものを見る器官全体、またその形状や様子や機能◆ものを見る、また見分ける◆眼; 薬:◆病(やまい)や傷を治(なお)したり癒(いや)したりする効果のある物質◆病や傷を治す、癒す◆他に化学作用を及ぼす物質◆「芍薬(シャクヤク)」、ボタン科ボタン属 ,N4,other,mixed+mixed~,,目:◆眼(め、眼球ガンキュウ、黒目くろめ)・白目(しろめ、結膜ケツマク)・視神経などを含むものを見る器官全体、またその形状や様子や機能◆ものを見る、また見分ける◆眼; 薬:◆病(やまい)や傷を治(なお)したり癒(いや)したりする効果のある物質◆病や傷を治す、癒す◆他に化学作用を及ぼす物質◆「芍薬(シャクヤク)」、ボタン科ボタン属 
kk_直る_なおる,直る,なおる,直:◆ものをまっすぐによく見る◆まっすぐなさま、曲がったり折れたり歪(ゆが)んだりしない(していない)さま、「正直(ショウジキ、まっすぐなこと、嘘や偽りがないこと),N4,kun,kun,IL1_okurigana(kun 96%) | IL2_single_okuri(kun 96%),直:◆ものをまっすぐによく見る◆まっすぐなさま、曲がったり折れたり歪(ゆが)んだりしない(していない)さま、「正直(ショウジキ、まっすぐなこと、嘘や偽りがないこと)
kk_相談_そうだん,相談,そうだん,相:◆(対象となるものを)よく見る◆互(たが)いに～(しあう)、「互相(ゴソウ、相互ソウゴ)」◆二つのものの間に起こること、また関係し合うこと、片方から他方へ働き掛; 談:◆物語、物語る、同「譚」◆寛いで話をする、盛んに語り合う,N4,on,on+on,B_verb_rad_言(kun 80%),相:◆(対象となるものを)よく見る◆互(たが)いに～(しあう)、「互相(ゴソウ、相互ソウゴ)」◆二つのものの間に起こること、また関係し合うこと、片方から他方へ働き掛; 談:◆物語、物語る、同「譚」◆寛いで話をする、盛んに語り合う
kk_看護士_かんごし,看護士,かんごし,看:◆目の上に掌(てのひら)を翳(かざ)して見る、また望む、同「𥉏」◆目を凝(こ)らして見る、注意深く見る、観察する、「看過(カンカ、見逃す)」◆見守る、「看病(カ; 護:◆周(まわ)りを囲んで中のものを守る、庇(かば)い守る、外からの災禍(サイカ)や危害(キガイ)などを防ぎ守る、「保護(ホゴ)」; 士:◆男(おとこ)、男子◆実務を担(にな)う下級の役人、またその官職名◆学徳や知能に秀(ひい)でた人、有能な人◆兵(つわもの)、「兵士(ヘイシ)」「士卒(シソツ)」,N4,on,on+on+on,A4_multi_on(on+on+on 65%) | B_verb_rad_言(kun 80%),看:◆目の上に掌(てのひら)を翳(かざ)して見る、また望む、同「𥉏」◆目を凝(こ)らして見る、注意深く見る、観察する、「看過(カンカ、見逃す)」◆見守る、「看病(カ; 護:◆周(まわ)りを囲んで中のものを守る、庇(かば)い守る、外からの災禍(サイカ)や危害(キガイ)などを防ぎ守る、「保護(ホゴ)」; 士:◆男(おとこ)、男子◆実務を担(にな)う下級の役人、またその官職名◆学徳や知能に秀(ひい)でた人、有能な人◆兵(つわもの)、「兵士(ヘイシ)」「士卒(シソツ)」
kk_看護婦_かんごふ,看護婦,かんごふ,看:◆目の上に掌(てのひら)を翳(かざ)して見る、また望む、同「𥉏」◆目を凝(こ)らして見る、注意深く見る、観察する、「看過(カンカ、見逃す)」◆見守る、「看病(カ; 護:◆周(まわ)りを囲んで中のものを守る、庇(かば)い守る、外からの災禍(サイカ)や危害(キガイ)などを防ぎ守る、「保護(ホゴ)」; 婦:◆成人した女性、既婚の女性◆自分の妻◆息子の妻、同「媳」◆女子が自分の弟の妻を呼ぶ語、「【爾雅注疏:釋親】女子謂兄之妻為嫂弟之妻為婦」¶「帚」は「箒(ほうき)」,N4,on,on+on+on,A4_multi_on(on+on+on 65%) | B_verb_rad_言(kun 80%),看:◆目の上に掌(てのひら)を翳(かざ)して見る、また望む、同「𥉏」◆目を凝(こ)らして見る、注意深く見る、観察する、「看過(カンカ、見逃す)」◆見守る、「看病(カ; 護:◆周(まわ)りを囲んで中のものを守る、庇(かば)い守る、外からの災禍(サイカ)や危害(キガイ)などを防ぎ守る、「保護(ホゴ)」; 婦:◆成人した女性、既婚の女性◆自分の妻◆息子の妻、同「媳」◆女子が自分の弟の妻を呼ぶ語、「【爾雅注疏:釋親】女子謂兄之妻為嫂弟之妻為婦」¶「帚」は「箒(ほうき)」
kk_看護師_かんごし,看護師,かんごし,"看:◆目の上に掌(てのひら)を翳(かざ)して見る、また望む、同「𥉏」◆目を凝(こ)らして見る、注意深く見る、観察する、「看過(カンカ、見逃す)」◆見守る、「看病(カ; 護:◆周(まわ)りを囲んで中のものを守る、庇(かば)い守る、外からの災禍(サイカ)や危害(キガイ)などを防ぎ守る、「保護(ホゴ)」; 師:◆兵士数を基にした軍隊の規模の単位、軍隊、周朝(シュウ、西周、前11世紀～前771年)では2,500人を単位とした、「【周禮:卷第三:地官司徒】乃會萬民之卒伍而",N4,on,on+on+on,A4_multi_on(on+on+on 65%) | B_verb_rad_言(kun 80%) | B_noun_rad_巾(kun 93%),"看:◆目の上に掌(てのひら)を翳(かざ)して見る、また望む、同「𥉏」◆目を凝(こ)らして見る、注意深く見る、観察する、「看過(カンカ、見逃す)」◆見守る、「看病(カ; 護:◆周(まわ)りを囲んで中のものを守る、庇(かば)い守る、外からの災禍(サイカ)や危害(キガイ)などを防ぎ守る、「保護(ホゴ)」; 師:◆兵士数を基にした軍隊の規模の単位、軍隊、周朝(シュウ、西周、前11世紀～前771年)では2,500人を単位とした、「【周禮:卷第三:地官司徒】乃會萬民之卒伍而"
kk_真ん中_まんなか,真ん中,まんなか,真:◆手が加えられていない、本来の、本当の、確かな、嘘(うそ)や偽(いつわ)りがない◆正しい、正当な; 中:◆ものとものの間にあってどちらにも偏(かたよ)らない位置◆上下・高低・大小などの間(あいだ)に位置する人や物や場所、同「仲」◆始点(出発地)から終点(目的地)ま,N4,kun,kun+kun~,IL1_okurigana(kun 96%) | A1_compound_oku(kun 90%) | A1_on_kun_mix(on+kun 65%),真:◆手が加えられていない、本来の、本当の、確かな、嘘(うそ)や偽(いつわ)りがない◆正しい、正当な; 中:◆ものとものの間にあってどちらにも偏(かたよ)らない位置◆上下・高低・大小などの間(あいだ)に位置する人や物や場所、同「仲」◆始点(出発地)から終点(目的地)ま
kk_真面目_まじめ,真面目,まじめ,真:◆手が加えられていない、本来の、本当の、確かな、嘘(うそ)や偽(いつわ)りがない◆正しい、正当な; 面:◆顔(かお)、頭の目鼻口がある側◆顔を対象(タイショウ、目標や相手)に向ける、また向く◆(顔が)向いている側、向き、向いている方向◆ものの表(おもて)、前(まえ; 目:◆眼(め、眼球ガンキュウ、黒目くろめ)・白目(しろめ、結膜ケツマク)・視神経などを含むものを見る器官全体、またその形状や様子や機能◆ものを見る、また見分ける◆眼,N4,other,mixed+mixed+mixed~,A4_multi_on(on+on+on 65%),真:◆手が加えられていない、本来の、本当の、確かな、嘘(うそ)や偽(いつわ)りがない◆正しい、正当な; 面:◆顔(かお)、頭の目鼻口がある側◆顔を対象(タイショウ、目標や相手)に向ける、また向く◆(顔が)向いている側、向き、向いている方向◆ものの表(おもて)、前(まえ; 目:◆眼(め、眼球ガンキュウ、黒目くろめ)・白目(しろめ、結膜ケツマク)・視神経などを含むものを見る器官全体、またその形状や様子や機能◆ものを見る、また見分ける◆眼
kk_眠い_ねむい,眠い,ねむい,眠:◆目を瞑(つむ)る、体を横たえ目を瞑る、寝る◆刺激に対する反応が鈍くなり(眠ったように、死んだように)動かなくなる、活動を休止する,N4,kun,kun,IL1_okurigana(kun 96%) | IL2_single_okuri(kun 96%),眠:◆目を瞑(つむ)る、体を横たえ目を瞑る、寝る◆刺激に対する反応が鈍くなり(眠ったように、死んだように)動かなくなる、活動を休止する
kk_眠る_ねむる,眠る,ねむる,眠:◆目を瞑(つむ)る、体を横たえ目を瞑る、寝る◆刺激に対する反応が鈍くなり(眠ったように、死んだように)動かなくなる、活動を休止する,N4,kun,kun,IL1_okurigana(kun 96%) | IL2_single_okuri(kun 96%),眠:◆目を瞑(つむ)る、体を横たえ目を瞑る、寝る◆刺激に対する反応が鈍くなり(眠ったように、死んだように)動かなくなる、活動を休止する
kk_着せる_きせる,着せる,きせる,着:◆目的や目標としている物事・場所などに届く、また達する、また到る、同「著」◆他のものに付く、同「著」◆き・る、衣服を身に付ける、同「著」◆火や明かりを点(つ)け,N4,kun,kun,IL1_okurigana(kun 96%) | IL2_single_okuri(kun 96%),着:◆目的や目標としている物事・場所などに届く、また達する、また到る、同「著」◆他のものに付く、同「著」◆き・る、衣服を身に付ける、同「著」◆火や明かりを点(つ)け
kk_着る物_きるもの,着る物,きるもの,着:◆目的や目標としている物事・場所などに届く、また達する、また到る、同「著」◆他のものに付く、同「著」◆き・る、衣服を身に付ける、同「著」◆火や明かりを点(つ)け; 物:◆(天地の間に存在する)人以外の形のあるもの、人は「者」、形のないものは「事」,N4,kun,kun+kun~,IL1_okurigana(kun 96%) | A1_compound_oku(kun 90%) | A1_on_kun_mix(on+kun 65%),着:◆目的や目標としている物事・場所などに届く、また達する、また到る、同「著」◆他のものに付く、同「著」◆き・る、衣服を身に付ける、同「著」◆火や明かりを点(つ)け; 物:◆(天地の間に存在する)人以外の形のあるもの、人は「者」、形のないものは「事」
kk_着物_きもの,着物,きもの,着:◆目的や目標としている物事・場所などに届く、また達する、また到る、同「著」◆他のものに付く、同「著」◆き・る、衣服を身に付ける、同「著」◆火や明かりを点(つ)け; 物:◆(天地の間に存在する)人以外の形のあるもの、人は「者」、形のないものは「事」,N4,kun,kun+kun~,A3_short_compound(on+on 71%) | B_noun_rad_牛(kun 93%),着:◆目的や目標としている物事・場所などに届く、また達する、また到る、同「著」◆他のものに付く、同「著」◆き・る、衣服を身に付ける、同「著」◆火や明かりを点(つ)け; 物:◆(天地の間に存在する)人以外の形のあるもの、人は「者」、形のないものは「事」
kk_矢張り_やはり,矢張り,やはり,矢:◆弓を使って離れている獲物を仕留めるための棒状の武器、竹製の矢は特に「箭(セン)」という ◆まっすぐなさま、まっすぐに進むさま◆きっぱりと(ずばりと)言う、誓(; 張:◆弓や弦楽器の弦(ゲン、つる)を弛(たる)まないように掛ける、二点間に糸や網などを渡す◆弛(ゆる)みがないようにぴんと伸ばす、皺(しわ)にならないようにぴんと延,N4,kun,kun+kun,IL1_okurigana(kun 96%) | A1_compound_oku(kun 90%) | A1_on_kun_mix(on+kun 65%),矢:◆弓を使って離れている獲物を仕留めるための棒状の武器、竹製の矢は特に「箭(セン)」という ◆まっすぐなさま、まっすぐに進むさま◆きっぱりと(ずばりと)言う、誓(; 張:◆弓や弦楽器の弦(ゲン、つる)を弛(たる)まないように掛ける、二点間に糸や網などを渡す◆弛(ゆる)みがないようにぴんと伸ばす、皺(しわ)にならないようにぴんと延
kk_知らせ_しらせ,知らせ,しらせ,知:◆(矢のように素早く、矢が的の中央に当たるように的確に)認識する、見定める、「察知(サッチ)」「知識(チシキ)」、「智」は「見知ったことを理解しその正邪を正しく,N4,kun,kun,IL1_okurigana(kun 96%) | IL2_single_okuri(kun 96%),知:◆(矢のように素早く、矢が的の中央に当たるように的確に)認識する、見定める、「察知(サッチ)」「知識(チシキ)」、「智」は「見知ったことを理解しその正邪を正しく
kk_知らせる_しらせる,知らせる,しらせる,知:◆(矢のように素早く、矢が的の中央に当たるように的確に)認識する、見定める、「察知(サッチ)」「知識(チシキ)」、「智」は「見知ったことを理解しその正邪を正しく,N4,kun,kun,IL1_okurigana(kun 96%) | IL2_single_okuri(kun 96%),知:◆(矢のように素早く、矢が的の中央に当たるように的確に)認識する、見定める、「察知(サッチ)」「知識(チシキ)」、「智」は「見知ったことを理解しその正邪を正しく
kk_知り合い_しりあい,知り合い,しりあい,知:◆(矢のように素早く、矢が的の中央に当たるように的確に)認識する、見定める、「察知(サッチ)」「知識(チシキ)」、「智」は「見知ったことを理解しその正邪を正しく; 合:◆人や物が集まって一緒になる、また一つになる◆幾つかのものを集め一緒にする、幾つかのものが集まり同じになる◆同じものを纏(まと)めた全体◆ぴったりと一致する、当,N4,kun,kun+kun~,IL1_okurigana(kun 96%) | A1_compound_oku(kun 90%) | A1_on_kun_mix(on+kun 65%),知:◆(矢のように素早く、矢が的の中央に当たるように的確に)認識する、見定める、「察知(サッチ)」「知識(チシキ)」、「智」は「見知ったことを理解しその正邪を正しく; 合:◆人や物が集まって一緒になる、また一つになる◆幾つかのものを集め一緒にする、幾つかのものが集まり同じになる◆同じものを纏(まと)めた全体◆ぴったりと一致する、当
kk_石_いし,石,いし,石:◆地殻を構成する鉱物で硬(かた)く塊(かたまり)状をしたもの、堅く塊状をしたもの、多く岩(いわ、山のように大きな石)よりも小さく、砂(すな、小さな粒状の石)より,N4,kun,kun,IL2_single_default(kun 84%),石:◆地殻を構成する鉱物で硬(かた)く塊(かたまり)状をしたもの、堅く塊状をしたもの、多く岩(いわ、山のように大きな石)よりも小さく、砂(すな、小さな粒状の石)より
kk_砂_すな,砂,すな,砂:◆細かい粒状の石、同「沙」◆小さく硬い粒状のもの,N4,kun,kun,IL2_single_default(kun 84%),砂:◆細かい粒状の石、同「沙」◆小さく硬い粒状のもの
kk_研究_けんきゅう,研究,けんきゅう,研:◆(石を使って)磨(みが)く、擦(こす)って表面を平らにする、同「揅」◆硯(すずり)、硯で墨を磨(す)る◆技術や学問に磨きをかける、またより深く究める、同「揅」; 究:◆極める、奥深い穴の突き当たりまで行く、極まる、突き当たりまで行き着く◆窮(きわ)める、(奥深い穴の)隅々まで調べ尽くす◆とどのつまり、結局,N4,on,on+on,,研:◆(石を使って)磨(みが)く、擦(こす)って表面を平らにする、同「揅」◆硯(すずり)、硯で墨を磨(す)る◆技術や学問に磨きをかける、またより深く究める、同「揅」; 究:◆極める、奥深い穴の突き当たりまで行く、極まる、突き当たりまで行き着く◆窮(きわ)める、(奥深い穴の)隅々まで調べ尽くす◆とどのつまり、結局
kk_研究室_けんきゅうしつ,研究室,けんきゅうしつ,研:◆(石を使って)磨(みが)く、擦(こす)って表面を平らにする、同「揅」◆硯(すずり)、硯で墨を磨(す)る◆技術や学問に磨きをかける、またより深く究める、同「揅」; 究:◆極める、奥深い穴の突き当たりまで行く、極まる、突き当たりまで行き着く◆窮(きわ)める、(奥深い穴の)隅々まで調べ尽くす◆とどのつまり、結局; 室:◆奥の部屋、堂(ドウ、南側の広間)の後ろ(北側、北側中央)の部屋、家人が日常起居(キキョ)する部屋◆部屋、房間(ボウカン)、屋子(オクシ)◆家、住居、またそこで,N4,on,on+on+on,A4_multi_on(on+on+on 65%) | B_noun_rad_宀(kun 93%),研:◆(石を使って)磨(みが)く、擦(こす)って表面を平らにする、同「揅」◆硯(すずり)、硯で墨を磨(す)る◆技術や学問に磨きをかける、またより深く究める、同「揅」; 究:◆極める、奥深い穴の突き当たりまで行く、極まる、突き当たりまで行き着く◆窮(きわ)める、(奥深い穴の)隅々まで調べ尽くす◆とどのつまり、結局; 室:◆奥の部屋、堂(ドウ、南側の広間)の後ろ(北側、北側中央)の部屋、家人が日常起居(キキョ)する部屋◆部屋、房間(ボウカン)、屋子(オクシ)◆家、住居、またそこで
kk_研究所_けんきゅうじょ,研究所,けんきゅうじょ,研:◆(石を使って)磨(みが)く、擦(こす)って表面を平らにする、同「揅」◆硯(すずり)、硯で墨を磨(す)る◆技術や学問に磨きをかける、またより深く究める、同「揅」; 究:◆極める、奥深い穴の突き当たりまで行く、極まる、突き当たりまで行き着く◆窮(きわ)める、(奥深い穴の)隅々まで調べ尽くす◆とどのつまり、結局; 所:◆処(ところ)、ものがある場また位置(要所・箇所など)、ことをする場また位置(住所・裁判所など)◆～のこと、「所感(感じること)」「所存(考え思っていること)◆,N4,other,mixed+mixed+mixed~,A4_multi_on(on+on+on 65%),研:◆(石を使って)磨(みが)く、擦(こす)って表面を平らにする、同「揅」◆硯(すずり)、硯で墨を磨(す)る◆技術や学問に磨きをかける、またより深く究める、同「揅」; 究:◆極める、奥深い穴の突き当たりまで行く、極まる、突き当たりまで行き着く◆窮(きわ)める、(奥深い穴の)隅々まで調べ尽くす◆とどのつまり、結局; 所:◆処(ところ)、ものがある場また位置(要所・箇所など)、ことをする場また位置(住所・裁判所など)◆～のこと、「所感(感じること)」「所存(考え思っていること)◆
kk_破れる_やぶれる,破れる,やぶれる,破:◆石を砕(くだ)く◆壊(こわ)す、壊れる、本来の形や状態でなくなる◆限界(区切りとなる線や面)を突き抜ける、突いて穴をあける◆敵の防御線を突き抜ける、敵を打ち負,N4,kun,kun,IL1_okurigana(kun 96%) | IL2_single_okuri(kun 96%),破:◆石を砕(くだ)く◆壊(こわ)す、壊れる、本来の形や状態でなくなる◆限界(区切りとなる線や面)を突き抜ける、突いて穴をあける◆敵の防御線を突き抜ける、敵を打ち負
kk_硬い_かたい,硬い,かたい,硬:◆ごつごつ(ごわごわ)としている、強(こわ)い、軟(やわ)らかさがない¶「固」「堅」,N4,kun,kun,IL1_okurigana(kun 96%) | IL2_single_okuri(kun 96%),硬:◆ごつごつ(ごわごわ)としている、強(こわ)い、軟(やわ)らかさがない¶「固」「堅」
kk_碗/椀_わん,碗/椀,わん,碗:◆食べ物や飲み物を盛るための深めの器、同「盌」、特に石製のものを指す、陶製は「埦」、木製は「椀」、金属製は「鋺」; 椀:◆食べ物や飲み物を盛るための深めの器、同「盌」、特に木製のものを指す、陶製は「埦」、石製は「碗」、金属製は「鋺」,N4,on,on+on~,A3_short_compound(on+on 71%) | B_noun_rad_木(kun 93%),碗:◆食べ物や飲み物を盛るための深めの器、同「盌」、特に石製のものを指す、陶製は「埦」、木製は「椀」、金属製は「鋺」; 椀:◆食べ物や飲み物を盛るための深めの器、同「盌」、特に木製のものを指す、陶製は「埦」、石製は「碗」、金属製は「鋺」
kk_確か_たしか,確か,たしか,確:◆石のように堅(かた)い、堅くしっかりとしていて揺るぎがない◆間違いない◆簡「确」,N4,kun,kun,IL1_okurigana(kun 96%) | IL2_single_okuri(kun 96%),確:◆石のように堅(かた)い、堅くしっかりとしていて揺るぎがない◆間違いない◆簡「确」
kk_確り_しっかり,確り,しっかり,確:◆石のように堅(かた)い、堅くしっかりとしていて揺るぎがない◆間違いない◆簡「确」,N4,other,unknown,IL1_okurigana(kun 96%) | IL2_single_okuri(kun 96%),確:◆石のように堅(かた)い、堅くしっかりとしていて揺るぎがない◆間違いない◆簡「确」
kk_礼_れい,礼,れい,礼:◆社会生活をする上での作法や決まり事、「禮儀(礼儀、レイギ、正式な・正規の作法)」「拜禮(拝礼、ハイレイ、お辞儀の作法)」「禮拜(礼拝、レイハイ、作法に則ってお,N4,on,on,IL2_on_only(on 99%),礼:◆社会生活をする上での作法や決まり事、「禮儀(礼儀、レイギ、正式な・正規の作法)」「拜禮(拝礼、ハイレイ、お辞儀の作法)」「禮拜(礼拝、レイハイ、作法に則ってお
kk_礼金_れいきん,礼金,れいきん,礼:◆社会生活をする上での作法や決まり事、「禮儀(礼儀、レイギ、正式な・正規の作法)」「拜禮(拝礼、ハイレイ、お辞儀の作法)」「禮拜(礼拝、レイハイ、作法に則ってお; 金:◆黄金・白銀・赤銅・青銅・青鉛・黒鉄などの総称、金属の総称◆(黄金のように)黄色い、輝く、美しい、貴重な、(金属のように)堅い◆金属製のもの◆銭(ぜに)、またそ,N4,on,on+on,B_noun_rad_金(kun 93%),礼:◆社会生活をする上での作法や決まり事、「禮儀(礼儀、レイギ、正式な・正規の作法)」「拜禮(拝礼、ハイレイ、お辞儀の作法)」「禮拜(礼拝、レイハイ、作法に則ってお; 金:◆黄金・白銀・赤銅・青銅・青鉛・黒鉄などの総称、金属の総称◆(黄金のように)黄色い、輝く、美しい、貴重な、(金属のように)堅い◆金属製のもの◆銭(ぜに)、またそ
kk_社会人_しゃかいじん,社会人,しゃかいじん,社:◆土地の神、土地の神を祀った所◆同種また同じ目的を持つ人から成る集まり; 会:◆人が集まる、同じ時間や場所に(同じ目的で)集まる、「会合(カイゴウ)」◆多くの人が(出向いて)集まる、また集まったところ、「集会(シュウカイ)」「都会(トカイ; 人:◆霊長目ヒト科ヒト属の生物、ホモ・サピエンスHomo sapiens(「知恵の人」の意)、同「儿」◆自分以外の者、「人我(ジンガ、他人と自分)」◆人の数(かず),N4,on,on+on+on,A4_multi_on(on+on+on 65%),社:◆土地の神、土地の神を祀った所◆同種また同じ目的を持つ人から成る集まり; 会:◆人が集まる、同じ時間や場所に(同じ目的で)集まる、「会合(カイゴウ)」◆多くの人が(出向いて)集まる、また集まったところ、「集会(シュウカイ)」「都会(トカイ; 人:◆霊長目ヒト科ヒト属の生物、ホモ・サピエンスHomo sapiens(「知恵の人」の意)、同「儿」◆自分以外の者、「人我(ジンガ、他人と自分)」◆人の数(かず)
kk_社長_しゃちょう,社長,しゃちょう,社:◆土地の神、土地の神を祀った所◆同種また同じ目的を持つ人から成る集まり; 長:◆距離や時間などが途切れることなく連なっている、離れたところまでずぅっと続いている、途切れなく続いているものの二点(両端)が大きく隔(へだ)たっている、またその,N4,on,on+on,A3_short_compound(on+on 71%),社:◆土地の神、土地の神を祀った所◆同種また同じ目的を持つ人から成る集まり; 長:◆距離や時間などが途切れることなく連なっている、離れたところまでずぅっと続いている、途切れなく続いているものの二点(両端)が大きく隔(へだ)たっている、またその
kk_祈る_いのる,祈る,いのる,祈:◆天や神仏に望みが叶うようにと、また幸せになれるようにと願い求める,N4,kun,kun,IL1_okurigana(kun 96%) | IL2_single_okuri(kun 96%),祈:◆天や神仏に望みが叶うようにと、また幸せになれるようにと願い求める
kk_祖母_そぼ,祖母,そぼ,祖:◆父の父、「祖父(ソフ)」◆代々続く家系の初代から先代までの人、特に初代の人、「祖先(ソセン)」「先祖(センゾ)」◆物事の始まり、物事の大本(おおもと)、また物; 母:◆女親(おんなおや)◆子を生み育てる性、雌性(シセイ)、女性◆物事を生み出す元(もと)となるもの、生まれた場所¶別「毋」「毌」,N4,on,on+on,A3_short_compound(on+on 71%),祖:◆父の父、「祖父(ソフ)」◆代々続く家系の初代から先代までの人、特に初代の人、「祖先(ソセン)」「先祖(センゾ)」◆物事の始まり、物事の大本(おおもと)、また物; 母:◆女親(おんなおや)◆子を生み育てる性、雌性(シセイ)、女性◆物事を生み出す元(もと)となるもの、生まれた場所¶別「毋」「毌」
kk_祖父_そふ,祖父,そふ,祖:◆父の父、「祖父(ソフ)」◆代々続く家系の初代から先代までの人、特に初代の人、「祖先(ソセン)」「先祖(センゾ)」◆物事の始まり、物事の大本(おおもと)、また物; 父:◆男親(おとこおや)、家長(カチョウ)◆家族・親族・種族・民族などを率(ひき)いる男性◆名前の後に付けて用いる男子の美称、同「甫」◆年長また老年の男性に対する敬,N4,on,on+on,A3_short_compound(on+on 71%),祖:◆父の父、「祖父(ソフ)」◆代々続く家系の初代から先代までの人、特に初代の人、「祖先(ソセン)」「先祖(センゾ)」◆物事の始まり、物事の大本(おおもと)、また物; 父:◆男親(おとこおや)、家長(カチョウ)◆家族・親族・種族・民族などを率(ひき)いる男性◆名前の後に付けて用いる男子の美称、同「甫」◆年長また老年の男性に対する敬
kk_神社_じんじゃ,神社,じんじゃ,神:◆人の力や理解が及ばない現象を引き起こすと考えられたもの、不思議なはたらきをするもの◆心(こころ)、魂(コン、たましい、思考や感情など); 社:◆土地の神、土地の神を祀った所◆同種また同じ目的を持つ人から成る集まり,N4,on,on+on,A3_short_compound(on+on 71%),神:◆人の力や理解が及ばない現象を引き起こすと考えられたもの、不思議なはたらきをするもの◆心(こころ)、魂(コン、たましい、思考や感情など); 社:◆土地の神、土地の神を祀った所◆同種また同じ目的を持つ人から成る集まり
kk_科学_かがく,科学,かがく,科:◆穀物の生産量や品質の良し悪しの程度を幾つかに区分し順に並べたもの、等級◆罪の軽重に従い量刑を定める、またそれを適用する(科する)◆分類し同等のものを一つに纏(; 学:◆(教えを受けながら、見て倣いながら)知識や技術などを身に付ける、習得する、またその内容、知識や技術などを授(さず)けることを「教」◆教えを受け知識や技術などを,N4,on,on+on,A3_short_compound(on+on 71%),科:◆穀物の生産量や品質の良し悪しの程度を幾つかに区分し順に並べたもの、等級◆罪の軽重に従い量刑を定める、またそれを適用する(科する)◆分類し同等のものを一つに纏(; 学:◆(教えを受けながら、見て倣いながら)知識や技術などを身に付ける、習得する、またその内容、知識や技術などを授(さず)けることを「教」◆教えを受け知識や技術などを
kk_移す_うつす,移す,うつす,移:◆位置がずれる、次へ次へと位置や状況などが変わって行く◆ものを今あるところから別のところに動かす、また動く、位置を変える、位置が変わる、同「迻」「徙」「乁」◆次,N4,kun,kun,IL1_okurigana(kun 96%) | IL2_single_okuri(kun 96%),移:◆位置がずれる、次へ次へと位置や状況などが変わって行く◆ものを今あるところから別のところに動かす、また動く、位置を変える、位置が変わる、同「迻」「徙」「乁」◆次
kk_移る_うつる,移る,うつる,移:◆位置がずれる、次へ次へと位置や状況などが変わって行く◆ものを今あるところから別のところに動かす、また動く、位置を変える、位置が変わる、同「迻」「徙」「乁」◆次,N4,kun,kun,IL1_okurigana(kun 96%) | IL2_single_okuri(kun 96%),移:◆位置がずれる、次へ次へと位置や状況などが変わって行く◆ものを今あるところから別のところに動かす、また動く、位置を変える、位置が変わる、同「迻」「徙」「乁」◆次
kk_程_ほど,程,ほど,程:◆ものの大小・長短・軽重・強弱・優劣などをはかる(測る・量る・計る)際の基準・規格◆一定の決まり・手順・方法◆定まっている基準・規格・決まり・区切り・手順・方法,N4,kun,kun,IL2_single_default(kun 84%),程:◆ものの大小・長短・軽重・強弱・優劣などをはかる(測る・量る・計る)際の基準・規格◆一定の決まり・手順・方法◆定まっている基準・規格・決まり・区切り・手順・方法
kk_積もり_つもり,積もり,つもり,積:◆(刈り取った穀物を)集めて次々に重ねて行く、上へ上へと重ねて行く◆堆(うずたか)く蓄(たくわ)える、貯(た)める◆数学で掛け算の結果◆「疳積(カンシャク)」、,N4,kun,kun,IL1_okurigana(kun 96%) | IL2_single_okuri(kun 96%),積:◆(刈り取った穀物を)集めて次々に重ねて行く、上へ上へと重ねて行く◆堆(うずたか)く蓄(たくわ)える、貯(た)める◆数学で掛け算の結果◆「疳積(カンシャク)」、
kk_空く_あく,空く,あく,空:◆(中に)何もない、何も含まれていない、虚(うつ)ろなさま◆何もないところ、天と地の間(あいだ),N4,kun,kun,IL1_okurigana(kun 96%) | IL2_single_okuri(kun 96%),空:◆(中に)何もない、何も含まれていない、虚(うつ)ろなさま◆何もないところ、天と地の間(あいだ)
kk_空く_すく,空く,すく,空:◆(中に)何もない、何も含まれていない、虚(うつ)ろなさま◆何もないところ、天と地の間(あいだ),N4,kun,kun,IL1_okurigana(kun 96%) | IL2_single_okuri(kun 96%),空:◆(中に)何もない、何も含まれていない、虚(うつ)ろなさま◆何もないところ、天と地の間(あいだ)
kk_空気_くうき,空気,くうき,空:◆(中に)何もない、何も含まれていない、虚(うつ)ろなさま◆何もないところ、天と地の間(あいだ); 気:◆中国古来の考えで、天地全ての事物の基本要素、目に見えず形状は一定しない、あらゆる事物の生死・盛衰などの変化・変動はこの「気」の移動・集散によるものと考えられた,N4,on,on+on,A3_short_compound(on+on 71%),空:◆(中に)何もない、何も含まれていない、虚(うつ)ろなさま◆何もないところ、天と地の間(あいだ); 気:◆中国古来の考えで、天地全ての事物の基本要素、目に見えず形状は一定しない、あらゆる事物の生死・盛衰などの変化・変動はこの「気」の移動・集散によるものと考えられた
kk_空港_くうこう,空港,くうこう,空:◆(中に)何もない、何も含まれていない、虚(うつ)ろなさま◆何もないところ、天と地の間(あいだ); 港:◆船が通る水路◆多くの船が停泊する所、埠頭(フトウ),N4,on,on+on,,空:◆(中に)何もない、何も含まれていない、虚(うつ)ろなさま◆何もないところ、天と地の間(あいだ); 港:◆船が通る水路◆多くの船が停泊する所、埠頭(フトウ)
kk_競争_きょうそう,競争,きょうそう,競:◆互いに勝負(かちまけ)や優劣を争い合う、張り合う◆強い、しっかりとしている、曲がったり歪(ゆが)んだり挫(くじ)けたりすることがない、【春秋左傳正義:卷十一:; 争:◆互いに自分の方へ取り合う、奪い合う、戦う◆言い合い優劣・正否を競う、議論する、同「訟」「諍」◆諌(いさ)める、非や過ちを正すよう意見する、同「諫」「諍」◆いか,N4,on,on+on,,競:◆互いに勝負(かちまけ)や優劣を争い合う、張り合う◆強い、しっかりとしている、曲がったり歪(ゆが)んだり挫(くじ)けたりすることがない、【春秋左傳正義:卷十一:; 争:◆互いに自分の方へ取り合う、奪い合う、戦う◆言い合い優劣・正否を競う、議論する、同「訟」「諍」◆諌(いさ)める、非や過ちを正すよう意見する、同「諫」「諍」◆いか
kk_竹_たけ,竹,たけ,竹:◆タケ(竹)、イネ科タケ亜科のうち稈(カン、内部が空洞になっている茎)が木質化し隆起した節(ふし)のある多年生常緑木本の称◆(竹製の)笛◆「竹簡(チクカン)」、,N4,kun,kun,IL2_single_default(kun 84%) | B_noun_rad_竹(kun 93%),竹:◆タケ(竹)、イネ科タケ亜科のうち稈(カン、内部が空洞になっている茎)が木質化し隆起した節(ふし)のある多年生常緑木本の称◆(竹製の)笛◆「竹簡(チクカン)」、
kk_笑う_わらう,笑う,わらう,笑:◆喜び顔を綻(ほころ)ばせる、顔を綻ばせ歯を見せる、同「𥬇」「㗛」「咲」◆面白(おもしろ)おかしい◆侮(あなど)って小さく口を開く、嘲笑う(あざわらう)◆花が咲,N4,kun,kun,IL1_okurigana(kun 96%) | IL2_single_okuri(kun 96%) | B_noun_rad_竹(kun 93%),笑:◆喜び顔を綻(ほころ)ばせる、顔を綻ばせ歯を見せる、同「𥬇」「㗛」「咲」◆面白(おもしろ)おかしい◆侮(あなど)って小さく口を開く、嘲笑う(あざわらう)◆花が咲
kk_笑わせる_わらわせる,笑わせる,わらわせる,笑:◆喜び顔を綻(ほころ)ばせる、顔を綻ばせ歯を見せる、同「𥬇」「㗛」「咲」◆面白(おもしろ)おかしい◆侮(あなど)って小さく口を開く、嘲笑う(あざわらう)◆花が咲,N4,kun,kun,IL1_okurigana(kun 96%) | IL2_single_okuri(kun 96%) | B_noun_rad_竹(kun 93%),笑:◆喜び顔を綻(ほころ)ばせる、顔を綻ばせ歯を見せる、同「𥬇」「㗛」「咲」◆面白(おもしろ)おかしい◆侮(あなど)って小さく口を開く、嘲笑う(あざわらう)◆花が咲
kk_第～_だい～,第～,だい～,第:◆階段のように段々に区切られているさま◆高低の並び、順序、順位、順番、序列、等級◆(昇進・採用のための等級ごとに行われる)試験◆大きな屋敷,N4,on,on,IL2_on_only(on 99%) | B_noun_rad_竹(kun 93%),第:◆階段のように段々に区切られているさま◆高低の並び、順序、順位、順番、序列、等級◆(昇進・採用のための等級ごとに行われる)試験◆大きな屋敷
kk_簡単_かんたん,簡単,かんたん,簡:◆文字(文章)を記すための竹製の細長い札(ふだ)、多くは一枚一行で、これを順に紐で綴じたものが一つの文書や手紙となる◆信書、手紙、文書、同「柬」◆仕分けて選び出; 単:◆一つ、ただ一つ、それだけ、ただそれだけ、異質のものや別物が混ざっていない状態を指す◆ひとえ◇重ならない、繰り返さない◇裏地のない衣服,N4,on,on+on,B_noun_rad_竹(kun 93%),簡:◆文字(文章)を記すための竹製の細長い札(ふだ)、多くは一枚一行で、これを順に紐で綴じたものが一つの文書や手紙となる◆信書、手紙、文書、同「柬」◆仕分けて選び出; 単:◆一つ、ただ一つ、それだけ、ただそれだけ、異質のものや別物が混ざっていない状態を指す◆ひとえ◇重ならない、繰り返さない◇裏地のない衣服
kk_米_こめ,米,こめ,米:◆穀物などの実から殻(外皮)を取り除いた小さな粒、「小米」はアワ(粟)の実、「粟米」はトウモロコシ(玉蜀黍)の実◆[日]イネ(稲)の実から殻を取り除いた小さな粒,N4,kun,kun,IL2_single_default(kun 84%) | B_noun_rad_米(kun 93%),米:◆穀物などの実から殻(外皮)を取り除いた小さな粒、「小米」はアワ(粟)の実、「粟米」はトウモロコシ(玉蜀黍)の実◆[日]イネ(稲)の実から殻を取り除いた小さな粒
kk_精神_せいしん,精神,せいしん,精:◆選(え)りすぐられた透き通るように真っ白な米◆選りすぐる、よいものだけを選ぶ◆瑕(きず)や汚れがない、濁りや混じり気がない◆瑕や濁りを取り去ったもの、清らかな; 神:◆人の力や理解が及ばない現象を引き起こすと考えられたもの、不思議なはたらきをするもの◆心(こころ)、魂(コン、たましい、思考や感情など),N4,on,on+on,B_noun_rad_米(kun 93%),精:◆選(え)りすぐられた透き通るように真っ白な米◆選りすぐる、よいものだけを選ぶ◆瑕(きず)や汚れがない、濁りや混じり気がない◆瑕や濁りを取り去ったもの、清らかな; 神:◆人の力や理解が及ばない現象を引き起こすと考えられたもの、不思議なはたらきをするもの◆心(こころ)、魂(コン、たましい、思考や感情など)
kk_糸_いと,糸,いと,糸:◆蚕(かいこ)の繭(まゆ)から取り出した繊維(「忽」という)五本を縒(よ)ったもの、十本を縒ったものが「絲」、中国で「縫物などに使う糸」をいう場合は「线(線)」,N4,kun,kun,IL2_single_default(kun 84%),糸:◆蚕(かいこ)の繭(まゆ)から取り出した繊維(「忽」という)五本を縒(よ)ったもの、十本を縒ったものが「絲」、中国で「縫物などに使う糸」をいう場合は「线(線)」
kk_約束_やくそく,約束,やくそく,約:◆束ねる、纏(まと)めて束ねる、小さく纏める、同「𠣩」◆結ぶ、結び目、「約定(ヤクジョウ、互いに取り決め結び合うこと)」◆「約束(ヤクソク)」◇しっかりと縛(し; 束:◆(長いものを)縛(しば)って一つにする、一つに纏(まと)める、同「捒」◆縛って一つにしたものの数を表す語◆縛る、縛ってばらばらにならないようにする、自由を制限,N4,on,on+on,B_noun_rad_木(kun 93%),約:◆束ねる、纏(まと)めて束ねる、小さく纏める、同「𠣩」◆結ぶ、結び目、「約定(ヤクジョウ、互いに取り決め結び合うこと)」◆「約束(ヤクソク)」◇しっかりと縛(し; 束:◆(長いものを)縛(しば)って一つにする、一つに纏(まと)める、同「捒」◆縛って一つにしたものの数を表す語◆縛る、縛ってばらばらにならないようにする、自由を制限
kk_納豆_なっとう,納豆,なっとう,納:◆外にあるものを内(うち)に入れる、建物や容器の中に入れる◆他のものを受け入れる、自分のものを他へ渡す◆ここで止(や)めて終わりにする、これまでのことを終わりに; 豆:◆高坏(たかつき)、食物を盛る蓋(ふた)付き脚(あし)付きの器、同「䇺」 ◆マメ科の穀物の総称、またその実、またその形に似たもの◆中国戦国時代(前5世紀～前22,N4,on,on+on,,納:◆外にあるものを内(うち)に入れる、建物や容器の中に入れる◆他のものを受け入れる、自分のものを他へ渡す◆ここで止(や)めて終わりにする、これまでのことを終わりに; 豆:◆高坏(たかつき)、食物を盛る蓋(ふた)付き脚(あし)付きの器、同「䇺」 ◆マメ科の穀物の総称、またその実、またその形に似たもの◆中国戦国時代(前5世紀～前22
kk_細かい_こまかい,細かい,こまかい,細:◆小さい◆幅が狭い◆(細く)弱々しいさま、しなやかなさま◆(細部にまで亘って)詳(くわ)しい,N4,kun,kun,IL1_okurigana(kun 96%) | IL2_single_okuri(kun 96%),細:◆小さい◆幅が狭い◆(細く)弱々しいさま、しなやかなさま◆(細部にまで亘って)詳(くわ)しい
kk_紹介_しょうかい,紹介,しょうかい,紹:◆糸と糸の端同士を繋(つな)ぐ、同「綤」◆受け継ぐ、継承(ケイショウ)する、「紹繼(ショウケイ)」、同「綤」◆人と人の間に立って関係を繋ぐ、人を引き合わせて取り; 介:◆画(カク)する、区切る、境(さかい)、境目(さかいめ)、境界(キョウカイ)、同「界」◆～の間(あいだ)、二つのものの間◆両側から挟(はさ)まれる、二つのものの,N4,on,on+on,,紹:◆糸と糸の端同士を繋(つな)ぐ、同「綤」◆受け継ぐ、継承(ケイショウ)する、「紹繼(ショウケイ)」、同「綤」◆人と人の間に立って関係を繋ぐ、人を引き合わせて取り; 介:◆画(カク)する、区切る、境(さかい)、境目(さかいめ)、境界(キョウカイ)、同「界」◆～の間(あいだ)、二つのものの間◆両側から挟(はさ)まれる、二つのものの
kk_終う/仕舞う_しまう,終う/仕舞う,しまう,終:◆途切れずに続いているものの後方の部分、始まりの部分は「始」◆続いていたものが尽きる、これから先はないところにまで到(いた)る◆最後に、ついに、しまいに、とうと; 仕:◆身分の高い人に付き従う、またその用をする◆官職に就く、またその業務や任務を担い行う◆為(な)す、為(な)すべき事; 舞:◆手足や体を動かし踊(おど)り喜怒哀楽(キドアイラク)を表現する、同「儛」「𦐀」◆(舞うように)飛ぶ、(舞うように)揺(ゆ)らす◆弄(いじ)くって変えてしまう,N4,mixed,kun+on+kun~,IL1_okurigana(kun 96%) | A1_compound_oku(kun 90%) | A1_on_kun_mix(on+kun 65%),終:◆途切れずに続いているものの後方の部分、始まりの部分は「始」◆続いていたものが尽きる、これから先はないところにまで到(いた)る◆最後に、ついに、しまいに、とうと; 仕:◆身分の高い人に付き従う、またその用をする◆官職に就く、またその業務や任務を担い行う◆為(な)す、為(な)すべき事; 舞:◆手足や体を動かし踊(おど)り喜怒哀楽(キドアイラク)を表現する、同「儛」「𦐀」◆(舞うように)飛ぶ、(舞うように)揺(ゆ)らす◆弄(いじ)くって変えてしまう
kk_経営_けいえい,経営,けいえい,経:◆たていと、布の縦方向の糸、横は「緯」◆南北の方向、東西は「緯」◆筋道、筋が通っている◆筋が通っていて変わることがない、常に◆どんな場合も変わることがない方向や; 営:◆住居(生活するところ)の周りに壁や塀などを巡らす◆軍隊が駐留するために周りに土塁などを巡らす、また土塁などを巡らせた場所◆周りを囲って外敵から守る◆生活する(,N4,on,on+on,,経:◆たていと、布の縦方向の糸、横は「緯」◆南北の方向、東西は「緯」◆筋道、筋が通っている◆筋が通っていて変わることがない、常に◆どんな場合も変わることがない方向や; 営:◆住居(生活するところ)の周りに壁や塀などを巡らす◆軍隊が駐留するために周りに土塁などを巡らす、また土塁などを巡らせた場所◆周りを囲って外敵から守る◆生活する(
kk_経済_けいざい,経済,けいざい,経:◆たていと、布の縦方向の糸、横は「緯」◆南北の方向、東西は「緯」◆筋道、筋が通っている◆筋が通っていて変わることがない、常に◆どんな場合も変わることがない方向や; 済:◆(舟で)川を渡る◆(難所を、難事を)渡り切る、(互いに手を貸しあって)乗り切る◆手を貸して救い上げる、困っている人に手を貸して(足りないものを補い合って)みな,N4,other,mixed+mixed~,,経:◆たていと、布の縦方向の糸、横は「緯」◆南北の方向、東西は「緯」◆筋道、筋が通っている◆筋が通っていて変わることがない、常に◆どんな場合も変わることがない方向や; 済:◆(舟で)川を渡る◆(難所を、難事を)渡り切る、(互いに手を貸しあって)乗り切る◆手を貸して救い上げる、困っている人に手を貸して(足りないものを補い合って)みな
kk_経験_けいけん,経験,けいけん,経:◆たていと、布の縦方向の糸、横は「緯」◆南北の方向、東西は「緯」◆筋道、筋が通っている◆筋が通っていて変わることがない、常に◆どんな場合も変わることがない方向や; 験:◆ため・す、どのような結果になるのかを知るために実際にやってみる、「実験」「試験」「体験」◆しるし、実際にやってみた証(あかし)、実際にやってみた結果生じるもの,N4,on,on+on,,経:◆たていと、布の縦方向の糸、横は「緯」◆南北の方向、東西は「緯」◆筋道、筋が通っている◆筋が通っていて変わることがない、常に◆どんな場合も変わることがない方向や; 験:◆ため・す、どのような結果になるのかを知るために実際にやってみる、「実験」「試験」「体験」◆しるし、実際にやってみた証(あかし)、実際にやってみた結果生じるもの
kk_結果_けっか,結果,けっか,結:◆糸や紐(ひも)・縄(なわ)・綱(つな)などの両端を繋(つな)いで解(ほど)けないようにする◆解けたり緩(ゆる)んだりしないように締(し)める、しっかりと繋ぐ◆; 果:◆木の実、同「菓」◆は・たす、最後まで成し遂げる◆(芽を出し生長し花を咲かせ最終的には実が成ることから)物事の結末、最後まで成し遂げることによって得るもの、「結,N4,on,on+on,A3_short_compound(on+on 71%) | B_noun_rad_木(kun 93%),結:◆糸や紐(ひも)・縄(なわ)・綱(つな)などの両端を繋(つな)いで解(ほど)けないようにする◆解けたり緩(ゆる)んだりしないように締(し)める、しっかりと繋ぐ◆; 果:◆木の実、同「菓」◆は・たす、最後まで成し遂げる◆(芽を出し生長し花を咲かせ最終的には実が成ることから)物事の結末、最後まで成し遂げることによって得るもの、「結
kk_給料_きゅうりょう,給料,きゅうりょう,給:◆足りていないところ(加える必要があるところ)に足して繋(つな)ぎ合わせる◆必要があるところに必要とするものを補(おぎな)う、足して足りるようにする◆上位の人(; 料:◆升(ます、枡)で米などの物の嵩(かさ)を量(はか)る◆人や物の資質(シシツ)を量る、推(お)し量る、見当を付ける◆ものを作る際に量を決めて使うもの、それを使っ,N4,on,on+on,,給:◆足りていないところ(加える必要があるところ)に足して繋(つな)ぎ合わせる◆必要があるところに必要とするものを補(おぎな)う、足して足りるようにする◆上位の人(; 料:◆升(ます、枡)で米などの物の嵩(かさ)を量(はか)る◆人や物の資質(シシツ)を量る、推(お)し量る、見当を付ける◆ものを作る際に量を決めて使うもの、それを使っ
kk_絹_きぬ,絹,きぬ,絹:◆蚕の繭から紡いで作った生糸で織った織物◆鳥獣を捕る網,N4,kun,kun,IL2_single_default(kun 84%),絹:◆蚕の繭から紡いで作った生糸で織った織物◆鳥獣を捕る網
kk_続く_つづく,続く,つづく,続:◆切れることなく繋(つな)がる、また連(つら)なる◆前との関係を保ちながら次々に繋がって行く、「継続(ケイゾク)」「連続(レンゾク)」◆前の物事を受け、それを後,N4,kun,kun,IL1_okurigana(kun 96%) | IL2_single_okuri(kun 96%),続:◆切れることなく繋(つな)がる、また連(つら)なる◆前との関係を保ちながら次々に繋がって行く、「継続(ケイゾク)」「連続(レンゾク)」◆前の物事を受け、それを後
kk_続ける_つづける,続ける,つづける,続:◆切れることなく繋(つな)がる、また連(つら)なる◆前との関係を保ちながら次々に繋がって行く、「継続(ケイゾク)」「連続(レンゾク)」◆前の物事を受け、それを後,N4,kun,kun,IL1_okurigana(kun 96%) | IL2_single_okuri(kun 96%),続:◆切れることなく繋(つな)がる、また連(つら)なる◆前との関係を保ちながら次々に繋がって行く、「継続(ケイゾク)」「連続(レンゾク)」◆前の物事を受け、それを後
kk_線_せん,線,せん,線:◆糸や紐(ひも)、糸や紐のように細く長いもの、同「綫」「絤」「𦇫」「綖」◆糸や紐のように途切れずに長く延びているもの、二つの点と点を結ぶもの、またその形状や状態,N4,on,on,IL2_on_only(on 99%),線:◆糸や紐(ひも)、糸や紐のように細く長いもの、同「綫」「絤」「𦇫」「綖」◆糸や紐のように途切れずに長く延びているもの、二つの点と点を結ぶもの、またその形状や状態
kk_編み物_あみもの,編み物,あみもの,編:◆竹簡や木簡を一つの纏まった文書・記録・書物になるように順に揃え結わいて綴じる、またそのための綴じ紐◆ばらばらのものを集め順序立てて並べ一つのものに組み上げる◆; 物:◆(天地の間に存在する)人以外の形のあるもの、人は「者」、形のないものは「事」,N4,kun,kun+kun~,IL1_okurigana(kun 96%) | A1_compound_oku(kun 90%) | A1_on_kun_mix(on+kun 65%),編:◆竹簡や木簡を一つの纏まった文書・記録・書物になるように順に揃え結わいて綴じる、またそのための綴じ紐◆ばらばらのものを集め順序立てて並べ一つのものに組み上げる◆; 物:◆(天地の間に存在する)人以外の形のあるもの、人は「者」、形のないものは「事」
kk_編む_あむ,編む,あむ,編:◆竹簡や木簡を一つの纏まった文書・記録・書物になるように順に揃え結わいて綴じる、またそのための綴じ紐◆ばらばらのものを集め順序立てて並べ一つのものに組み上げる◆,N4,kun,kun,IL1_okurigana(kun 96%) | IL2_single_okuri(kun 96%),編:◆竹簡や木簡を一つの纏まった文書・記録・書物になるように順に揃え結わいて綴じる、またそのための綴じ紐◆ばらばらのものを集め順序立てて並べ一つのものに組み上げる◆
kk_缶_かん,缶,かん,缶:◆口は大きく腹が膨(ふく)らんだ容器、用途を限らず液体・粉末・固形物などを入れる、同「缻」「罐」 ◆打楽器の名、同「缻」、「【舊唐書:卷二十九:志第九:音樂二】,N4,on,on,IL2_on_only(on 99%),缶:◆口は大きく腹が膨(ふく)らんだ容器、用途を限らず液体・粉末・固形物などを入れる、同「缻」「罐」 ◆打楽器の名、同「缻」、「【舊唐書:卷二十九:志第九:音樂二】
kk_美しい_うつくしい,美しい,うつくしい,美:◆綺麗な、姿形が良い◆善(よ)い、良い、優(すぐ)れている◆美味しい、味が良い、甘い◆褒(ほ)める、称賛する,N4,kun,kun,IL1_okurigana(kun 96%) | IL2_single_okuri(kun 96%),美:◆綺麗な、姿形が良い◆善(よ)い、良い、優(すぐ)れている◆美味しい、味が良い、甘い◆褒(ほ)める、称賛する
kk_美術館_びじゅつかん,美術館,びじゅつかん,美:◆綺麗な、姿形が良い◆善(よ)い、良い、優(すぐ)れている◆美味しい、味が良い、甘い◆褒(ほ)める、称賛する; 術:◆市中を通る道、行き方◆やり方、方法・方策や手段、それを使いこなす能力◆取るべき道、従うべき決まり◆述べる、考えや思いを書き表す、或いは言い表す、同「述」; 館:◆公用に使う大きな建物、公衆が利用する大きな建物◆公用の人や賓客を泊めるための建物、宿◆貴人の邸宅,N4,on,on+on+on,A4_multi_on(on+on+on 65%),美:◆綺麗な、姿形が良い◆善(よ)い、良い、優(すぐ)れている◆美味しい、味が良い、甘い◆褒(ほ)める、称賛する; 術:◆市中を通る道、行き方◆やり方、方法・方策や手段、それを使いこなす能力◆取るべき道、従うべき決まり◆述べる、考えや思いを書き表す、或いは言い表す、同「述」; 館:◆公用に使う大きな建物、公衆が利用する大きな建物◆公用の人や賓客を泊めるための建物、宿◆貴人の邸宅
kk_羨ましい_うらやましい,羨ましい,うらやましい,羨:◆欲しがって涎(よだれ、同「㳄」)を垂らす◆有り余る、必要とする分を除いた残り◆墓に通じる道、同「埏」¶本来「羨」と「羡」は音義共に異なるが、多く「羨」の意でも,N4,kun,kun,IL1_okurigana(kun 96%) | IL2_single_okuri(kun 96%),羨:◆欲しがって涎(よだれ、同「㳄」)を垂らす◆有り余る、必要とする分を除いた残り◆墓に通じる道、同「埏」¶本来「羨」と「羡」は音義共に異なるが、多く「羨」の意でも
kk_習慣_しゅうかん,習慣,しゅうかん,習:◆何度も繰り返す、何度も繰り返すことによって身に付ける、同「慣」◆なら・わし、繰り返されることで身に付いたこと、普段から繰り返し行われること、同「慣」; 慣:◆何度も繰り返す、何度も繰り返すことによって身に付ける、同「習」「摜」◆なら・わし、繰り返されることで身に付いたこと、普段から繰り返し行われること、同「習」,N4,on,on+on,,習:◆何度も繰り返す、何度も繰り返すことによって身に付ける、同「慣」◆なら・わし、繰り返されることで身に付いたこと、普段から繰り返し行われること、同「慣」; 慣:◆何度も繰り返す、何度も繰り返すことによって身に付ける、同「習」「摜」◆なら・わし、繰り返されることで身に付いたこと、普段から繰り返し行われること、同「習」
kk_翻訳_ほんやく,翻訳,ほんやく,翻:◆鳥が翼を大きく羽ばたかせながら飛ぶ◆表裏が逆になる、向きが逆になる◆「翻意(ホンイ)」、考えや態度をそれまでとは反対方向に変える◆「翻訳(ホンヤク)」、全く別; 訳:◆言葉・文章や文字を、意味が通じるように(理解できるように、分かりやすいように)他の(別の)言葉・文章や文字に置き換える(言い換える)、またそれができる人(通訳,N4,on,on+on,B_verb_rad_言(kun 80%),翻:◆鳥が翼を大きく羽ばたかせながら飛ぶ◆表裏が逆になる、向きが逆になる◆「翻意(ホンイ)」、考えや態度をそれまでとは反対方向に変える◆「翻訳(ホンヤク)」、全く別; 訳:◆言葉・文章や文字を、意味が通じるように(理解できるように、分かりやすいように)他の(別の)言葉・文章や文字に置き換える(言い換える)、またそれができる人(通訳
kk_老人_ろうじん,老人,ろうじん,老:◆年齢を重ねる、年齢を重ねて髪が白くなる、また衰(おとろ)える、またそのような人やもの◆年齢を重ねて多くの経験を積む、また積んだ人、またそのような人に対する敬称; 人:◆霊長目ヒト科ヒト属の生物、ホモ・サピエンスHomo sapiens(「知恵の人」の意)、同「儿」◆自分以外の者、「人我(ジンガ、他人と自分)」◆人の数(かず),N4,on,on+on,,老:◆年齢を重ねる、年齢を重ねて髪が白くなる、また衰(おとろ)える、またそのような人やもの◆年齢を重ねて多くの経験を積む、また積んだ人、またそのような人に対する敬称; 人:◆霊長目ヒト科ヒト属の生物、ホモ・サピエンスHomo sapiens(「知恵の人」の意)、同「儿」◆自分以外の者、「人我(ジンガ、他人と自分)」◆人の数(かず)
kk_考え_かんがえ,考え,かんがえ,考:◆老いているさま、高齢なさま、「壽考(ジュコウ、長生きなさま、長生きな人)」◆亡くなった父親に対する呼称、母親は「妣」、妻は「嬪」、「考妣(コウヒ、両親、亡くな,N4,kun,kun,IL1_okurigana(kun 96%) | IL2_single_okuri(kun 96%),考:◆老いているさま、高齢なさま、「壽考(ジュコウ、長生きなさま、長生きな人)」◆亡くなった父親に対する呼称、母親は「妣」、妻は「嬪」、「考妣(コウヒ、両親、亡くな
kk_考える_かんがえる,考える,かんがえる,考:◆老いているさま、高齢なさま、「壽考(ジュコウ、長生きなさま、長生きな人)」◆亡くなった父親に対する呼称、母親は「妣」、妻は「嬪」、「考妣(コウヒ、両親、亡くな,N4,kun,kun,IL1_okurigana(kun 96%) | IL2_single_okuri(kun 96%),考:◆老いているさま、高齢なさま、「壽考(ジュコウ、長生きなさま、長生きな人)」◆亡くなった父親に対する呼称、母親は「妣」、妻は「嬪」、「考妣(コウヒ、両親、亡くな
kk_考え出す_かんがえだす,考え出す,かんがえだす,考:◆老いているさま、高齢なさま、「壽考(ジュコウ、長生きなさま、長生きな人)」◆亡くなった父親に対する呼称、母親は「妣」、妻は「嬪」、「考妣(コウヒ、両親、亡くな; 出:◆範囲・領域・組織や区切り・境界の内(内側、内部、裏側、こちら側、私的なところ)から外(外側、外部、表側、向こう側、公のところ)に移る、また移す、外から内へ移る,N4,kun,kun+kun~,IL1_okurigana(kun 96%) | A1_compound_oku(kun 90%) | A1_on_kun_mix(on+kun 65%),考:◆老いているさま、高齢なさま、「壽考(ジュコウ、長生きなさま、長生きな人)」◆亡くなった父親に対する呼称、母親は「妣」、妻は「嬪」、「考妣(コウヒ、両親、亡くな; 出:◆範囲・領域・組織や区切り・境界の内(内側、内部、裏側、こちら側、私的なところ)から外(外側、外部、表側、向こう側、公のところ)に移る、また移す、外から内へ移る
kk_考え方_かんがえかた,考え方,かんがえかた,考:◆老いているさま、高齢なさま、「壽考(ジュコウ、長生きなさま、長生きな人)」◆亡くなった父親に対する呼称、母親は「妣」、妻は「嬪」、「考妣(コウヒ、両親、亡くな; 方:◆四角、四角いさま、角(かど)が直角になっているさま、「方形(ホウケイ)」◆数学で二つの数を掛け合わせた数(正方形・長方形の一つの角を成す二辺を掛け合わせた数),N4,kun,kun+kun~,IL1_okurigana(kun 96%) | A1_compound_oku(kun 90%) | A1_on_kun_mix(on+kun 65%),考:◆老いているさま、高齢なさま、「壽考(ジュコウ、長生きなさま、長生きな人)」◆亡くなった父親に対する呼称、母親は「妣」、妻は「嬪」、「考妣(コウヒ、両親、亡くな; 方:◆四角、四角いさま、角(かど)が直角になっているさま、「方形(ホウケイ)」◆数学で二つの数を掛け合わせた数(正方形・長方形の一つの角を成す二辺を掛け合わせた数)
kk_聞かせる_きかせる,聞かせる,きかせる,聞:◆(声や音や噂うわさや知らせなどが)耳に届く、耳に伝わってくる、「【說文解字注:耳部:聞】知聲也(往曰聽來曰聞…)[†「こちらから聞く」ことを「聽」、「向こうか,N4,kun,kun,IL1_okurigana(kun 96%) | IL2_single_okuri(kun 96%),聞:◆(声や音や噂うわさや知らせなどが)耳に届く、耳に伝わってくる、「【說文解字注:耳部:聞】知聲也(往曰聽來曰聞…)[†「こちらから聞く」ことを「聽」、「向こうか
kk_聞こえる_きこえる,聞こえる,きこえる,聞:◆(声や音や噂うわさや知らせなどが)耳に届く、耳に伝わってくる、「【說文解字注:耳部:聞】知聲也(往曰聽來曰聞…)[†「こちらから聞く」ことを「聽」、「向こうか,N4,kun,kun,IL1_okurigana(kun 96%) | IL2_single_okuri(kun 96%),聞:◆(声や音や噂うわさや知らせなどが)耳に届く、耳に伝わってくる、「【說文解字注:耳部:聞】知聲也(往曰聽來曰聞…)[†「こちらから聞く」ことを「聽」、「向こうか
kk_肩_かた,肩,かた,肩:◆首の付け根から腕の付け根までの部分、四足の動物の場合は両前足の付け根の間の部分 ◆責任や任務などを担(にな)う、またそれによく耐える、「【爾雅注疏:釋詁】犯奢,N4,kun,kun,IL2_single_default(kun 84%),肩:◆首の付け根から腕の付け根までの部分、四足の動物の場合は両前足の付け根の間の部分 ◆責任や任務などを担(にな)う、またそれによく耐える、「【爾雅注疏:釋詁】犯奢
kk_育てる_そだてる,育てる,そだてる,育:◆(生まれたばかりの子「𠫓」に)栄養や知識などを与えて成長させる、養分を与えて生長させる◆古「毓」,N4,kun,kun,IL1_okurigana(kun 96%) | IL2_single_okuri(kun 96%),育:◆(生まれたばかりの子「𠫓」に)栄養や知識などを与えて成長させる、養分を与えて生長させる◆古「毓」
kk_背中_せなか,背中,せなか,背:◆体の後ろ側の肩から腰までの部分、腹の反対側、裏側、「自分からは見えない部分」をいう ◆荷や仕事などを担(にな)う、負(お)う◆相手が見えない方を向く、相手が見; 中:◆ものとものの間にあってどちらにも偏(かたよ)らない位置◆上下・高低・大小などの間(あいだ)に位置する人や物や場所、同「仲」◆始点(出発地)から終点(目的地)ま,N4,kun,kun+kun~,A3_short_compound(on+on 71%),背:◆体の後ろ側の肩から腰までの部分、腹の反対側、裏側、「自分からは見えない部分」をいう ◆荷や仕事などを担(にな)う、負(お)う◆相手が見えない方を向く、相手が見; 中:◆ものとものの間にあってどちらにも偏(かたよ)らない位置◆上下・高低・大小などの間(あいだ)に位置する人や物や場所、同「仲」◆始点(出発地)から終点(目的地)ま
kk_胡瓜_きゅうり,胡瓜,きゅうり,胡:◆顎(あご)や頬(ほお、ほほ)や咽(のど)の辺りから垂れ下がった肉、肉垂(ニクスイ)、同「㗅」「𩑶」「𠴱」◆顎(あご、口の下)に伸びる毛、同繁「鬍」◆「胡子(コ; 瓜:◆ウリ(瓜)、ウリ科の蔓性の草の総称 ◆うり、部首名,N4,other,mixed+mixed~,A3_short_compound(on+on 71%),胡:◆顎(あご)や頬(ほお、ほほ)や咽(のど)の辺りから垂れ下がった肉、肉垂(ニクスイ)、同「㗅」「𩑶」「𠴱」◆顎(あご、口の下)に伸びる毛、同繁「鬍」◆「胡子(コ; 瓜:◆ウリ(瓜)、ウリ科の蔓性の草の総称 ◆うり、部首名
kk_胸_むね,胸,むね,胸:◆体の前の首の下から腹の上までの部分 ◆内心(ナイシン)、心中(シンチュウ)、「胸の内」の意,N4,kun,kun,IL2_single_default(kun 84%),胸:◆体の前の首の下から腹の上までの部分 ◆内心(ナイシン)、心中(シンチュウ)、「胸の内」の意
kk_腕_うで,腕,うで,腕:◆手首、「臂(ヒ、日本でいう「腕」)」と「手」を繋ぐ関節部分、同「𢮘」 ◆技量、力量◆「手腕(シュワン)」◇手首◇技量、力量、能力◆[日]肩口から手首までの部分,N4,kun,kun,IL2_single_default(kun 84%),腕:◆手首、「臂(ヒ、日本でいう「腕」)」と「手」を繋ぐ関節部分、同「𢮘」 ◆技量、力量◆「手腕(シュワン)」◇手首◇技量、力量、能力◆[日]肩口から手首までの部分
kk_腹_はら,腹,はら,腹:◆体の前側(四足・多足の動物の場合は下側)の胸の下から骨盤までの胃や腸のある部分、同「肚」 ◆ものの前面、背の反対側◆胎内、ものの内部、心の内、心の内にある考え,N4,kun,kun,IL2_single_default(kun 84%),腹:◆体の前側(四足・多足の動物の場合は下側)の胸の下から骨盤までの胃や腸のある部分、同「肚」 ◆ものの前面、背の反対側◆胎内、ものの内部、心の内、心の内にある考え
kk_自信_じしん,自信,じしん,自:◆みずか・ら、己(おのれ)、己の◆おの・ずから、己ひとりで、他からの影響を受けずに、それのみの力や意志で◆～から、～より、場所や時間の起点を表す◆みずから、部首; 信:◆誠実なさま、嘘偽りがないさま、言ったことを違(たが)えないさま◆確かであるとして疑わない、一点の疑いもない、「信用する」の意◆確かな、間違いない、確かに、本当,N4,on,on+on,A3_short_compound(on+on 71%),自:◆みずか・ら、己(おのれ)、己の◆おの・ずから、己ひとりで、他からの影響を受けずに、それのみの力や意志で◆～から、～より、場所や時間の起点を表す◆みずから、部首; 信:◆誠実なさま、嘘偽りがないさま、言ったことを違(たが)えないさま◆確かであるとして疑わない、一点の疑いもない、「信用する」の意◆確かな、間違いない、確かに、本当
kk_自然_しぜん,自然,しぜん,自:◆みずか・ら、己(おのれ)、己の◆おの・ずから、己ひとりで、他からの影響を受けずに、それのみの力や意志で◆～から、～より、場所や時間の起点を表す◆みずから、部首; 然:◆燃やす、火で焼く、「イヌ(犬、狗)の肉(月)を燃やす(灬)」の意、同「燃」◆～のような、～のように◆しか・も、その上に、それでも◆しか・り、その通り、yes◆,N4,on,on+on,A3_short_compound(on+on 71%),自:◆みずか・ら、己(おのれ)、己の◆おの・ずから、己ひとりで、他からの影響を受けずに、それのみの力や意志で◆～から、～より、場所や時間の起点を表す◆みずから、部首; 然:◆燃やす、火で焼く、「イヌ(犬、狗)の肉(月)を燃やす(灬)」の意、同「燃」◆～のような、～のように◆しか・も、その上に、それでも◆しか・り、その通り、yes◆
kk_自然に_しぜんに,自然に,しぜんに,自:◆みずか・ら、己(おのれ)、己の◆おの・ずから、己ひとりで、他からの影響を受けずに、それのみの力や意志で◆～から、～より、場所や時間の起点を表す◆みずから、部首; 然:◆燃やす、火で焼く、「イヌ(犬、狗)の肉(月)を燃やす(灬)」の意、同「燃」◆～のような、～のように◆しか・も、その上に、それでも◆しか・り、その通り、yes◆,N4,on,on+on~,IL1_okurigana(kun 96%) | A1_compound_oku(kun 90%) | A1_on_kun_mix(on+kun 65%),自:◆みずか・ら、己(おのれ)、己の◆おの・ずから、己ひとりで、他からの影響を受けずに、それのみの力や意志で◆～から、～より、場所や時間の起点を表す◆みずから、部首; 然:◆燃やす、火で焼く、「イヌ(犬、狗)の肉(月)を燃やす(灬)」の意、同「燃」◆～のような、～のように◆しか・も、その上に、それでも◆しか・り、その通り、yes◆
kk_自由_じゆう,自由,じゆう,自:◆みずか・ら、己(おのれ)、己の◆おの・ずから、己ひとりで、他からの影響を受けずに、それのみの力や意志で◆～から、～より、場所や時間の起点を表す◆みずから、部首; 由:◆基(もと)づく、因(よ)る、「経由(ケイユ)」「由来(ユライ)」◆～が元(もと)で、～によって、「原因(ゲンイン)」◆(～という結果に至った)訳(わけ)、経緯,N4,on,on+on,A3_short_compound(on+on 71%),自:◆みずか・ら、己(おのれ)、己の◆おの・ずから、己ひとりで、他からの影響を受けずに、それのみの力や意志で◆～から、～より、場所や時間の起点を表す◆みずから、部首; 由:◆基(もと)づく、因(よ)る、「経由(ケイユ)」「由来(ユライ)」◆～が元(もと)で、～によって、「原因(ゲンイン)」◆(～という結果に至った)訳(わけ)、経緯
kk_臭い_くさい,臭い,くさい,臭:◆匂(にお)い、鼻(はな)で感じ取るものの総称◆物が腐(くさ)ったような臭(にお)い、不快な匂い、嫌(いや)な匂い、同「臰」,N4,kun,kun,IL1_okurigana(kun 96%) | IL2_single_okuri(kun 96%),臭:◆匂(にお)い、鼻(はな)で感じ取るものの総称◆物が腐(くさ)ったような臭(にお)い、不快な匂い、嫌(いや)な匂い、同「臰」
kk_至る_いたる,至る,いたる,至:◆目指すところに行き着く(達する、届く)、ある時間・状態になる(達する、届く)、同「到」◆自分ところに届く、やって来る◆それより先がない(これ以上はない)ところ,N4,kun,kun,IL1_okurigana(kun 96%) | IL2_single_okuri(kun 96%),至:◆目指すところに行き着く(達する、届く)、ある時間・状態になる(達する、届く)、同「到」◆自分ところに届く、やって来る◆それより先がない(これ以上はない)ところ
kk_致す_いたす,致す,いたす,致:◆相手方まで持って行って届ける、「送致」◆招き寄せる、こちらまで来させる、「招致」◆～に至る、～に至らしめる、「致死」◆～という結果に行く着く、～になる、「一致,N4,kun,kun,IL1_okurigana(kun 96%) | IL2_single_okuri(kun 96%),致:◆相手方まで持って行って届ける、「送致」◆招き寄せる、こちらまで来させる、「招致」◆～に至る、～に至らしめる、「致死」◆～という結果に行く着く、～になる、「一致
kk_舌_した,舌,した,舌:◆口の中の味を感じ発音・咀嚼の助けをする器官◆言葉を話す◆扁平で先が丸く突き出ているもの、「帽舌(ぼうぜつ、帽子のつば)」◆鈴(レイ、すず)や鐸(タク)など内部,N4,kun,kun,IL2_single_default(kun 84%),舌:◆口の中の味を感じ発音・咀嚼の助けをする器官◆言葉を話す◆扁平で先が丸く突き出ているもの、「帽舌(ぼうぜつ、帽子のつば)」◆鈴(レイ、すず)や鐸(タク)など内部
kk_航空券_こうくうけん,航空券,こうくうけん,航:◆方舟(はこぶね)、二艘(そう、船の数の単位)の舟を並べ互いに繋ぎ合わせた舟(船首が二つあるような形の舟)、同「斻」「舫」◆船が並んで進むさま、同「𦨵」◆舟、船; 空:◆(中に)何もない、何も含まれていない、虚(うつ)ろなさま◆何もないところ、天と地の間(あいだ); 券:◆手形、割符、木或いは竹の札に契約(約束)内容を書きこれを半分に割って双方が持ち真正な相手の証(あかし)としたもの◆「券書(ケンショ)」、契約(約束)の内容を書,N4,on,on+on+on,A4_multi_on(on+on+on 65%) | B_verb_rad_刀(kun 80%),航:◆方舟(はこぶね)、二艘(そう、船の数の単位)の舟を並べ互いに繋ぎ合わせた舟(船首が二つあるような形の舟)、同「斻」「舫」◆船が並んで進むさま、同「𦨵」◆舟、船; 空:◆(中に)何もない、何も含まれていない、虚(うつ)ろなさま◆何もないところ、天と地の間(あいだ); 券:◆手形、割符、木或いは竹の札に契約(約束)内容を書きこれを半分に割って双方が持ち真正な相手の証(あかし)としたもの◆「券書(ケンショ)」、契約(約束)の内容を書
kk_芒果/mango_マンゴー,芒果/mango,マンゴー,芒:◆イネ科の植物の小穂から伸びる細く刺状の毛◆穂先◆限りなく広がっているさま、ぼんやりしていてはっきりしないさま、同「茫」◆[日]ススキ(薄、芒)、イネ科ススキ属; 果:◆木の実、同「菓」◆は・たす、最後まで成し遂げる◆(芽を出し生長し花を咲かせ最終的には実が成ることから)物事の結末、最後まで成し遂げることによって得るもの、「結,N4,other,mixed+mixed~,B_noun_rad_木(kun 93%),芒:◆イネ科の植物の小穂から伸びる細く刺状の毛◆穂先◆限りなく広がっているさま、ぼんやりしていてはっきりしないさま、同「茫」◆[日]ススキ(薄、芒)、イネ科ススキ属; 果:◆木の実、同「菓」◆は・たす、最後まで成し遂げる◆(芽を出し生長し花を咲かせ最終的には実が成ることから)物事の結末、最後まで成し遂げることによって得るもの、「結
kk_花見_はなみ,花見,はなみ,花:◆種子植物の生殖のための器官、雌蕊(シズイ、めしべ)や雄蕊(ユウズイ、おしべ)やその外側にある部分を総じた名 ◆(花のように)美しいさま、華(はな)やかなさま、; 見:◆目でものや状況を認識する、目に入る◆(見たものの)認識の仕方、考え◆人と顔を合わせる、対面する◆みる、部首名,N4,kun,kun+kun~,A3_short_compound(on+on 71%),花:◆種子植物の生殖のための器官、雌蕊(シズイ、めしべ)や雄蕊(ユウズイ、おしべ)やその外側にある部分を総じた名 ◆(花のように)美しいさま、華(はな)やかなさま、; 見:◆目でものや状況を認識する、目に入る◆(見たものの)認識の仕方、考え◆人と顔を合わせる、対面する◆みる、部首名
kk_若し_もし,若し,もし,若:◆わか・い、柔(やわ)らかくしなやかなさま、生まれて間もないさま◆柔らかい(しなやかな、若い)草木◆逆(さか)らわずに従(したが)う◆もし～、仮に、或いは、もし,N4,kun,kun,IL1_okurigana(kun 96%) | IL2_single_okuri(kun 96%),若:◆わか・い、柔(やわ)らかくしなやかなさま、生まれて間もないさま◆柔らかい(しなやかな、若い)草木◆逆(さか)らわずに従(したが)う◆もし～、仮に、或いは、もし
kk_苦い_にがい,苦い,にがい,苦:◆渋味やえぐ味などの不快に感じる味、五味(甘・酸・鹹・苦・辛)の一つ◆不快なことや思うようにならないことなどに困り果てる、押さえ付けられているような(重苦しい),N4,kun,kun,IL1_okurigana(kun 96%) | IL2_single_okuri(kun 96%),苦:◆渋味やえぐ味などの不快に感じる味、五味(甘・酸・鹹・苦・辛)の一つ◆不快なことや思うようにならないことなどに困り果てる、押さえ付けられているような(重苦しい)
kk_茶色い_ちゃいろい,茶色い,ちゃいろい,茶:◆チャ(茶)、チャノキ(茶の木)、ツバキ科ツバキ属の木 ◆チャノキの若葉を摘(つ)み煎(せん)じて飲料用に加工したもの、遅い時期に摘み取った茶葉を使ったものは「; 色:◆視覚によって認識するものの内、形状以外のもの、(特に顔の)表情、彩(いろどり)り、具合(ぐあい)、様子◆男女間の情欲(ジョウヨク)◆種類、二色=二種類◆いろ、,N4,mixed,on+kun,IL1_okurigana(kun 96%) | A1_compound_oku(kun 90%) | A1_on_kun_mix(on+kun 65%),茶:◆チャ(茶)、チャノキ(茶の木)、ツバキ科ツバキ属の木 ◆チャノキの若葉を摘(つ)み煎(せん)じて飲料用に加工したもの、遅い時期に摘み取った茶葉を使ったものは「; 色:◆視覚によって認識するものの内、形状以外のもの、(特に顔の)表情、彩(いろどり)り、具合(ぐあい)、様子◆男女間の情欲(ジョウヨク)◆種類、二色=二種類◆いろ、
kk_草_くさ,草,くさ,草:◆(特に野生の)一年以内に枯死し茎が木質化しない植物(草本植物という)の総称◆粗い、大まかな◆(大まかな)下書き◆荒れた土地、人が足を踏み入れないところ、「草深,N4,kun,kun,IL2_single_default(kun 84%),草:◆(特に野生の)一年以内に枯死し茎が木質化しない植物(草本植物という)の総称◆粗い、大まかな◆(大まかな)下書き◆荒れた土地、人が足を踏み入れないところ、「草深
kk_落ちる_おちる,落ちる,おちる,落:◆上にあったものが下に移動する、高い所から下に位置を変える、「落下(ラッカ)」「墜落(ツイラク)」◆枯れ衰える、(枯れた葉が)地に墜ちる、「没落(ボツラク)」「,N4,kun,kun,IL1_okurigana(kun 96%) | IL2_single_okuri(kun 96%),落:◆上にあったものが下に移動する、高い所から下に位置を変える、「落下(ラッカ)」「墜落(ツイラク)」◆枯れ衰える、(枯れた葉が)地に墜ちる、「没落(ボツラク)」「
kk_落とす_おとす,落とす,おとす,落:◆上にあったものが下に移動する、高い所から下に位置を変える、「落下(ラッカ)」「墜落(ツイラク)」◆枯れ衰える、(枯れた葉が)地に墜ちる、「没落(ボツラク)」「,N4,kun,kun,IL1_okurigana(kun 96%) | IL2_single_okuri(kun 96%),落:◆上にあったものが下に移動する、高い所から下に位置を変える、「落下(ラッカ)」「墜落(ツイラク)」◆枯れ衰える、(枯れた葉が)地に墜ちる、「没落(ボツラク)」「
kk_葉_は,葉,は,葉:◆植物の茎や枝から伸び出る薄く平らなもの、主に光を受け成長に必要な養分を合成する(光合成、コウゴウセイ)役割を担う◆(葉のように)薄いもの◆紙などのような薄いも,N4,kun,kun,IL2_single_default(kun 84%),葉:◆植物の茎や枝から伸び出る薄く平らなもの、主に光を受け成長に必要な養分を合成する(光合成、コウゴウセイ)役割を担う◆(葉のように)薄いもの◆紙などのような薄いも
kk_葡萄_ぶどう,葡萄,ぶどう,葡:◆「葡萄(ブドウ)」、ブドウ科ブドウ属の果樹またその実◆[日]「葡萄牙(ポルトガル)」、国名; 萄:◆「葡萄(ブドウ)」、ブドウ科ブドウ属の果樹またその実◆[日]「葡萄牙(ポルトガル)」、国名,N4,on,on+on,A3_short_compound(on+on 71%),葡:◆「葡萄(ブドウ)」、ブドウ科ブドウ属の果樹またその実◆[日]「葡萄牙(ポルトガル)」、国名; 萄:◆「葡萄(ブドウ)」、ブドウ科ブドウ属の果樹またその実◆[日]「葡萄牙(ポルトガル)」、国名
kk_薔薇_ばら,薔薇,ばら,薔:◆ヤナギタデ(柳蓼)、タデ科イヌタデ属の草、別名「ミズタデ(水蓼)」 ◆「薔薇(ショウビ)」、バラ(薔薇)、バラ科の植物の総称、別名「蘠靡」「蘠蘼」; 薇:◆ゼンマイ(薇)、ゼンマイ科ゼンマイ属のシダ植物 ◆イブキノエンドウ(伊吹野豌豆)、マメ科ソラマメ属の草、別名「カラスノエンドウ(烏野豌豆)」 ◆「薔薇(ショウ,N4,on,on+mixed~,A3_short_compound(on+on 71%),薔:◆ヤナギタデ(柳蓼)、タデ科イヌタデ属の草、別名「ミズタデ(水蓼)」 ◆「薔薇(ショウビ)」、バラ(薔薇)、バラ科の植物の総称、別名「蘠靡」「蘠蘼」; 薇:◆ゼンマイ(薇)、ゼンマイ科ゼンマイ属のシダ植物 ◆イブキノエンドウ(伊吹野豌豆)、マメ科ソラマメ属の草、別名「カラスノエンドウ(烏野豌豆)」 ◆「薔薇(ショウ
kk_虎_とら,虎,とら,虎:◆トラ(虎)、ネコ科ヒョウ属の動物の総称、同「俿」「乕」◆勇猛(ユウモウ)なさま、猛猛(たけだけ)しいさま◆凶暴なさま,N4,kun,kun,IL2_single_default(kun 84%),虎:◆トラ(虎)、ネコ科ヒョウ属の動物の総称、同「俿」「乕」◆勇猛(ユウモウ)なさま、猛猛(たけだけ)しいさま◆凶暴なさま
kk_虐める/苛める_いじめる,虐める/苛める,いじめる,虐:◆酷(むご)い仕打ちをする、苛(いじめ)め苦しめる; 苛:◆いじ・める、厳しく要求して苦しめる、叱(しか)る◆[日]いら、煩わしくどうしてよいか分からないさま,N4,other,mixed+mixed~,IL1_okurigana(kun 96%) | A1_compound_oku(kun 90%) | A1_on_kun_mix(on+kun 65%),虐:◆酷(むご)い仕打ちをする、苛(いじめ)め苦しめる; 苛:◆いじ・める、厳しく要求して苦しめる、叱(しか)る◆[日]いら、煩わしくどうしてよいか分からないさま
kk_虫_むし,虫,むし,虫:◆マムシ(蝮)、クサリヘビ科マムシ属のヘビ(蛇)、同「虺」「蝮」[†音は「虺」と同じで「キ、ケ」†]◆動物の総称、動物全体を「五虫」とし「鱗虫(外皮が鱗うろこ状,N4,kun,kun,IL2_single_default(kun 84%) | B_noun_rad_虫(kun 93%),虫:◆マムシ(蝮)、クサリヘビ科マムシ属のヘビ(蛇)、同「虺」「蝮」[†音は「虺」と同じで「キ、ケ」†]◆動物の総称、動物全体を「五虫」とし「鱗虫(外皮が鱗うろこ状
kk_蜜柑_みかん,蜜柑,みかん,蜜:◆ハチ(蜂)が花などから集めて巣に貯える粘性が高く甘い液体◆(蜂蜜のように)甘くねっとりとしたもの; 柑:◆ミカン科ミカン属の植物、ミカン(蜜柑)やオレンジorangeの類、その果実、「柑橘(カンキツ)」,N4,on,on+on~,A3_short_compound(on+on 71%) | B_noun_rad_虫(kun 93%) | B_noun_rad_木(kun 93%),蜜:◆ハチ(蜂)が花などから集めて巣に貯える粘性が高く甘い液体◆(蜂蜜のように)甘くねっとりとしたもの; 柑:◆ミカン科ミカン属の植物、ミカン(蜜柑)やオレンジorangeの類、その果実、「柑橘(カンキツ)」
kk_血_ち,血,ち,血:◆動物の体内を循環し養分や老廃物を運ぶ役目をする液体◆同じ親を持つ人、またその人たちの代々の繋(つな)がり◆「血気(ケッキ)」、体を維持する血液と体を動かす気力,N4,kun,kun,IL2_single_default(kun 84%),血:◆動物の体内を循環し養分や老廃物を運ぶ役目をする液体◆同じ親を持つ人、またその人たちの代々の繋(つな)がり◆「血気(ケッキ)」、体を維持する血液と体を動かす気力
kk_行う_おこなう,行う,おこなう,行:◆左足を前に出し(彳)次に右足を前に出す(亍)、足を交互に動かして前に進む◆目的とするところに向かって進む◆遠くに出掛ける、旅に出る◆道、人が往来する道路、同「,N4,kun,kun,IL1_okurigana(kun 96%) | IL2_single_okuri(kun 96%),行:◆左足を前に出し(彳)次に右足を前に出す(亍)、足を交互に動かして前に進む◆目的とするところに向かって進む◆遠くに出掛ける、旅に出る◆道、人が往来する道路、同「
kk_行き先（ゆきさき）_いきさき,行き先（ゆきさき）,いきさき,行:◆左足を前に出し(彳)次に右足を前に出す(亍)、足を交互に動かして前に進む◆目的とするところに向かって進む◆遠くに出掛ける、旅に出る◆道、人が往来する道路、同「; 先:◆基準になる位置や時間よりも前、同「前」、逆は「後」◆前に向かって進む、またその方向、同「前」◆以前、時間的に過去の方向◆ま・ず、最初に、～の前に,N4,kun,kun+kun~,IL1_okurigana(kun 96%) | A1_compound_oku(kun 90%) | A1_on_kun_mix(on+kun 65%),行:◆左足を前に出し(彳)次に右足を前に出す(亍)、足を交互に動かして前に進む◆目的とするところに向かって進む◆遠くに出掛ける、旅に出る◆道、人が往来する道路、同「; 先:◆基準になる位置や時間よりも前、同「前」、逆は「後」◆前に向かって進む、またその方向、同「前」◆以前、時間的に過去の方向◆ま・ず、最初に、～の前に
kk_行ける_いける,行ける,いける,行:◆左足を前に出し(彳)次に右足を前に出す(亍)、足を交互に動かして前に進む◆目的とするところに向かって進む◆遠くに出掛ける、旅に出る◆道、人が往来する道路、同「,N4,kun,kun,IL1_okurigana(kun 96%) | IL2_single_okuri(kun 96%),行:◆左足を前に出し(彳)次に右足を前に出す(亍)、足を交互に動かして前に進む◆目的とするところに向かって進む◆遠くに出掛ける、旅に出る◆道、人が往来する道路、同「
kk_表_おもて,表,おもて,表:◆重ね着をする際に最も上(外側)に羽織(はお)る衣服、上着(うわぎ)、外衣(ガイイ)、本「𧘝」、同「𧞧」◆外側、外側に面した部分◆人の目に触れる、またその部分◆,N4,kun,kun,IL2_single_default(kun 84%),表:◆重ね着をする際に最も上(外側)に羽織(はお)る衣服、上着(うわぎ)、外衣(ガイイ)、本「𧘝」、同「𧞧」◆外側、外側に面した部分◆人の目に触れる、またその部分◆
kk_表す_あらわす,表す,あらわす,表:◆重ね着をする際に最も上(外側)に羽織(はお)る衣服、上着(うわぎ)、外衣(ガイイ)、本「𧘝」、同「𧞧」◆外側、外側に面した部分◆人の目に触れる、またその部分◆,N4,kun,kun,IL1_okurigana(kun 96%) | IL2_single_okuri(kun 96%),表:◆重ね着をする際に最も上(外側)に羽織(はお)る衣服、上着(うわぎ)、外衣(ガイイ)、本「𧘝」、同「𧞧」◆外側、外側に面した部分◆人の目に触れる、またその部分◆
kk_裏_うら,裏,うら,裏:◆衣服の内側の布、裏地(うらじ)◆内側、内部、簡「里」,N4,kun,kun,IL2_single_default(kun 84%),裏:◆衣服の内側の布、裏地(うらじ)◆内側、内部、簡「里」
kk_製造_せいぞう,製造,せいぞう,製:◆形に合わせて布(ぬの)を断(た)つ、布を断ち衣服に仕立てる、同「裁」◆目的とする形に作る、また形を整(ととの)える、同簡「制」; 造:◆(素材に手を加えて、組み合わせて)作り上げる◆成(な)る、為(な)す、成し遂(と)げる◆到(いた)る、行き着く◆慌てる、慌ただしい◆「造次(ゾウジ)」◇ごく短,N4,on,on+on,,製:◆形に合わせて布(ぬの)を断(た)つ、布を断ち衣服に仕立てる、同「裁」◆目的とする形に作る、また形を整(ととの)える、同簡「制」; 造:◆(素材に手を加えて、組み合わせて)作り上げる◆成(な)る、為(な)す、成し遂(と)げる◆到(いた)る、行き着く◆慌てる、慌ただしい◆「造次(ゾウジ)」◇ごく短
kk_複雑_ふくざつ,複雑,ふくざつ,複:◆布を重ねて縫い上げた(裏地の付いた)衣服、袷(あわせ)、同「𧜰」◆重(かさ)なる、重ねる、同「𠣾」、同簡「复」; 雑:◆それぞれの性質は保ったままいろいろな物が寄せ集まる、また入り交る、入り交って元の性質が失われるのは「混」◆入り交って纏(まと)まりがないさま、きちんと整ってい,N4,on,on+on,,複:◆布を重ねて縫い上げた(裏地の付いた)衣服、袷(あわせ)、同「𧜰」◆重(かさ)なる、重ねる、同「𠣾」、同簡「复」; 雑:◆それぞれの性質は保ったままいろいろな物が寄せ集まる、また入り交る、入り交って元の性質が失われるのは「混」◆入り交って纏(まと)まりがないさま、きちんと整ってい
kk_褒める_ほめる,褒める,ほめる,褒:◆衣服がゆったりしているさま、「褒明(ホウメイ、ゆったりとした衣服、ゆったりと寛くつろげる衣服、普段着)」◆相手から受けた善(よ)い行いに報(むく)いるために相,N4,kun,kun,IL1_okurigana(kun 96%) | IL2_single_okuri(kun 96%),褒:◆衣服がゆったりしているさま、「褒明(ホウメイ、ゆったりとした衣服、ゆったりと寛くつろげる衣服、普段着)」◆相手から受けた善(よ)い行いに報(むく)いるために相
kk_西洋_せいよう,西洋,せいよう,西:◆太陽が沈む方角・方向、またその方向に向く、またその方向に向かう、昇る方角を「東」◆中国から太陽が沈む方向の地域、欧州や米州; 洋:◆水がどこまでも広がっているさま◆広大な、広大な海◆外国、外国の、「海を隔てた向こうの国」の意,N4,on,on+on,,西:◆太陽が沈む方角・方向、またその方向に向く、またその方向に向かう、昇る方角を「東」◆中国から太陽が沈む方向の地域、欧州や米州; 洋:◆水がどこまでも広がっているさま◆広大な、広大な海◆外国、外国の、「海を隔てた向こうの国」の意
kk_見える_みえる,見える,みえる,見:◆目でものや状況を認識する、目に入る◆(見たものの)認識の仕方、考え◆人と顔を合わせる、対面する◆みる、部首名,N4,kun,kun,IL1_okurigana(kun 96%) | IL2_single_okuri(kun 96%),見:◆目でものや状況を認識する、目に入る◆(見たものの)認識の仕方、考え◆人と顔を合わせる、対面する◆みる、部首名
kk_見つかる_みつかる,見つかる,みつかる,見:◆目でものや状況を認識する、目に入る◆(見たものの)認識の仕方、考え◆人と顔を合わせる、対面する◆みる、部首名,N4,kun,kun,IL1_okurigana(kun 96%) | IL2_single_okuri(kun 96%),見:◆目でものや状況を認識する、目に入る◆(見たものの)認識の仕方、考え◆人と顔を合わせる、対面する◆みる、部首名
kk_見つける_みつける,見つける,みつける,見:◆目でものや状況を認識する、目に入る◆(見たものの)認識の仕方、考え◆人と顔を合わせる、対面する◆みる、部首名,N4,kun,kun,IL1_okurigana(kun 96%) | IL2_single_okuri(kun 96%),見:◆目でものや状況を認識する、目に入る◆(見たものの)認識の仕方、考え◆人と顔を合わせる、対面する◆みる、部首名
kk_見学_けんがく,見学,けんがく,見:◆目でものや状況を認識する、目に入る◆(見たものの)認識の仕方、考え◆人と顔を合わせる、対面する◆みる、部首名; 学:◆(教えを受けながら、見て倣いながら)知識や技術などを身に付ける、習得する、またその内容、知識や技術などを授(さず)けることを「教」◆教えを受け知識や技術などを,N4,on,on+on,,見:◆目でものや状況を認識する、目に入る◆(見たものの)認識の仕方、考え◆人と顔を合わせる、対面する◆みる、部首名; 学:◆(教えを受けながら、見て倣いながら)知識や技術などを身に付ける、習得する、またその内容、知識や技術などを授(さず)けることを「教」◆教えを受け知識や技術などを
kk_見物_けんぶつ,見物,けんぶつ,見:◆目でものや状況を認識する、目に入る◆(見たものの)認識の仕方、考え◆人と顔を合わせる、対面する◆みる、部首名; 物:◆(天地の間に存在する)人以外の形のあるもの、人は「者」、形のないものは「事」,N4,on,on+on,B_noun_rad_牛(kun 93%),見:◆目でものや状況を認識する、目に入る◆(見たものの)認識の仕方、考え◆人と顔を合わせる、対面する◆みる、部首名; 物:◆(天地の間に存在する)人以外の形のあるもの、人は「者」、形のないものは「事」
kk_見物人_けんぶつにん,見物人,けんぶつにん,見:◆目でものや状況を認識する、目に入る◆(見たものの)認識の仕方、考え◆人と顔を合わせる、対面する◆みる、部首名; 物:◆(天地の間に存在する)人以外の形のあるもの、人は「者」、形のないものは「事」; 人:◆霊長目ヒト科ヒト属の生物、ホモ・サピエンスHomo sapiens(「知恵の人」の意)、同「儿」◆自分以外の者、「人我(ジンガ、他人と自分)」◆人の数(かず),N4,on,on+on+on,A4_multi_on(on+on+on 65%) | B_noun_rad_牛(kun 93%),見:◆目でものや状況を認識する、目に入る◆(見たものの)認識の仕方、考え◆人と顔を合わせる、対面する◆みる、部首名; 物:◆(天地の間に存在する)人以外の形のあるもの、人は「者」、形のないものは「事」; 人:◆霊長目ヒト科ヒト属の生物、ホモ・サピエンスHomo sapiens(「知恵の人」の意)、同「儿」◆自分以外の者、「人我(ジンガ、他人と自分)」◆人の数(かず)
kk_見込む_みこむ,見込む,みこむ,見:◆目でものや状況を認識する、目に入る◆(見たものの)認識の仕方、考え◆人と顔を合わせる、対面する◆みる、部首名; 込:◆[日]中に(内に、裏に、見えないところに)入(はい)る、入(い)れる,N4,kun,kun+kun,IL1_okurigana(kun 96%) | A1_compound_oku(kun 90%) | A1_on_kun_mix(on+kun 65%),見:◆目でものや状況を認識する、目に入る◆(見たものの)認識の仕方、考え◆人と顔を合わせる、対面する◆みる、部首名; 込:◆[日]中に(内に、裏に、見えないところに)入(はい)る、入(い)れる
kk_規則_きそく,規則,きそく,規:◆ぶんまわし(規)、コンパスcompass、正しく円を描く道具、直線や角度を描く道具は「矩」◆基準・標準となるもの、基準・標準とすべき決まりごと◆基準・標準とな; 則:◆のり、規範・基準となるもの、手本として倣(なら)うべきもの◆のっと・る、守るべき法律・規範・基準・手本などに従う◆すなわ・ち、「Ａ則Ｂ」の用法で、Ａ(原因や理,N4,on,on+on,A3_short_compound(on+on 71%) | B_verb_rad_刀(kun 80%),規:◆ぶんまわし(規)、コンパスcompass、正しく円を描く道具、直線や角度を描く道具は「矩」◆基準・標準となるもの、基準・標準とすべき決まりごと◆基準・標準とな; 則:◆のり、規範・基準となるもの、手本として倣(なら)うべきもの◆のっと・る、守るべき法律・規範・基準・手本などに従う◆すなわ・ち、「Ａ則Ｂ」の用法で、Ａ(原因や理
kk_規模_きぼ,規模,きぼ,規:◆ぶんまわし(規)、コンパスcompass、正しく円を描く道具、直線や角度を描く道具は「矩」◆基準・標準となるもの、基準・標準とすべき決まりごと◆基準・標準とな; 模:◆目的の形に造るための木製の型(かた)、土製は「型」、竹製は「範」◆手本、基本や標準となるもの◆ものの形や大きさ◆手本や基準となるものの形や大きさに似(に)せる,N4,on,on+on,A3_short_compound(on+on 71%) | B_noun_rad_木(kun 93%),規:◆ぶんまわし(規)、コンパスcompass、正しく円を描く道具、直線や角度を描く道具は「矩」◆基準・標準となるもの、基準・標準とすべき決まりごと◆基準・標準とな; 模:◆目的の形に造るための木製の型(かた)、土製は「型」、竹製は「範」◆手本、基本や標準となるもの◆ものの形や大きさ◆手本や基準となるものの形や大きさに似(に)せる
kk_親しい_したしい,親しい,したしい,親:◆身近にいる、近しい◆関係が近い、関係が深い◆父母◆血縁・婚姻関係にある人◆深く付き合う、気兼ねなく接することができる、気の置けない◆自ら、自分で,N4,kun,kun,IL1_okurigana(kun 96%) | IL2_single_okuri(kun 96%),親:◆身近にいる、近しい◆関係が近い、関係が深い◆父母◆血縁・婚姻関係にある人◆深く付き合う、気兼ねなく接することができる、気の置けない◆自ら、自分で
kk_親切_しんせつ,親切,しんせつ,親:◆身近にいる、近しい◆関係が近い、関係が深い◆父母◆血縁・婚姻関係にある人◆深く付き合う、気兼ねなく接することができる、気の置けない◆自ら、自分で; 切:◆刃物などですっと断(た)つ、裁(た)つ、割(さ)く◆ぴったりとしたさま、隙(すき)がないさま、「親切(シンセツ)」◆近くまで迫(せま)る、差し迫る、「切近(セ,N4,on,on+on,B_verb_rad_刀(kun 80%),親:◆身近にいる、近しい◆関係が近い、関係が深い◆父母◆血縁・婚姻関係にある人◆深く付き合う、気兼ねなく接することができる、気の置けない◆自ら、自分で; 切:◆刃物などですっと断(た)つ、裁(た)つ、割(さ)く◆ぴったりとしたさま、隙(すき)がないさま、「親切(シンセツ)」◆近くまで迫(せま)る、差し迫る、「切近(セ
kk_親戚_しんせき,親戚,しんせき,親:◆身近にいる、近しい◆関係が近い、関係が深い◆父母◆血縁・婚姻関係にある人◆深く付き合う、気兼ねなく接することができる、気の置けない◆自ら、自分で; 戚:◆鉞(エツ)、斧(おの)に似た重みのある刃物、また武器、武舞(ブブ、舞劇の一つで武具を持って舞うもの)の際に使われることがあるという、同「鏚」 ◆(振り回される,N4,on,on+on,,親:◆身近にいる、近しい◆関係が近い、関係が深い◆父母◆血縁・婚姻関係にある人◆深く付き合う、気兼ねなく接することができる、気の置けない◆自ら、自分で; 戚:◆鉞(エツ)、斧(おの)に似た重みのある刃物、また武器、武舞(ブブ、舞劇の一つで武具を持って舞うもの)の際に使われることがあるという、同「鏚」 ◆(振り回される
kk_触る_さわる,触る,さわる,触:◆角(つの)の先端が当たる、尖(とが)ったものの先端が軽く当たる、同「𧢻」◆一部分(全体の中のある限られた部分、狭い部分)に当たる、また押し当てる◆法で禁じられ,N4,kun,kun,IL1_okurigana(kun 96%) | IL2_single_okuri(kun 96%),触:◆角(つの)の先端が当たる、尖(とが)ったものの先端が軽く当たる、同「𧢻」◆一部分(全体の中のある限られた部分、狭い部分)に当たる、また押し当てる◆法で禁じられ
kk_言葉遣い_ことばづかい,言葉遣い,ことばづかい,言:◆相手に伝えたいことを声に出してはっきりと述べる、またその内容、またそのための語(ゴ、互いに意思の疎通を図るための言葉)◆字(ジ)、文字◆我(われ)、自分を指す; 葉:◆植物の茎や枝から伸び出る薄く平らなもの、主に光を受け成長に必要な養分を合成する(光合成、コウゴウセイ)役割を担う◆(葉のように)薄いもの◆紙などのような薄いも; 遣:◆人を行かせる、差し向ける、「派遣(ハケン)」◆追いやる、追い払う◆人や物を送る◆死者を葬(ほうむ)る際に共に埋葬する副葬品、「遣車(ケンシャ、副葬品を載せる車,N4,other,mixed+mixed+mixed~,IL1_okurigana(kun 96%) | A1_compound_oku(kun 90%) | A1_on_kun_mix(on+kun 65%),言:◆相手に伝えたいことを声に出してはっきりと述べる、またその内容、またそのための語(ゴ、互いに意思の疎通を図るための言葉)◆字(ジ)、文字◆我(われ)、自分を指す; 葉:◆植物の茎や枝から伸び出る薄く平らなもの、主に光を受け成長に必要な養分を合成する(光合成、コウゴウセイ)役割を担う◆(葉のように)薄いもの◆紙などのような薄いも; 遣:◆人を行かせる、差し向ける、「派遣(ハケン)」◆追いやる、追い払う◆人や物を送る◆死者を葬(ほうむ)る際に共に埋葬する副葬品、「遣車(ケンシャ、副葬品を載せる車
kk_言語_げんご,言語,げんご,言:◆相手に伝えたいことを声に出してはっきりと述べる、またその内容、またそのための語(ゴ、互いに意思の疎通を図るための言葉)◆字(ジ)、文字◆我(われ)、自分を指す; 語:◆他に向かって述べる、また告げる、考えや思い・言い伝えなどを話す◆意味を持つ言葉、話(はなし),N4,on,on+on,A3_short_compound(on+on 71%) | B_verb_rad_言(kun 80%) | B_verb_rad_言(kun 80%),言:◆相手に伝えたいことを声に出してはっきりと述べる、またその内容、またそのための語(ゴ、互いに意思の疎通を図るための言葉)◆字(ジ)、文字◆我(われ)、自分を指す; 語:◆他に向かって述べる、また告げる、考えや思い・言い伝えなどを話す◆意味を持つ言葉、話(はなし)
kk_計画_けいかく,計画,けいかく,計:◆数える、測る◆(その年の)出納を合わせる◆見積もる、見当をつける; 画:◆筆で線を引く、また線を引いて区切る、同「划」◆漢字の線や点の数(画数)を数える語◆輪郭(リンカク)を描く◆事に先立って案を作る、計画する、同「図」◆絵、絵を描,N4,on,on+on,B_verb_rad_言(kun 80%),計:◆数える、測る◆(その年の)出納を合わせる◆見積もる、見当をつける; 画:◆筆で線を引く、また線を引いて区切る、同「划」◆漢字の線や点の数(画数)を数える語◆輪郭(リンカク)を描く◆事に先立って案を作る、計画する、同「図」◆絵、絵を描
kk_記念_きねん,記念,きねん,記:◆(忘れないように)覚えておく、「記憶(キオク)」◆(忘れないように)書き留(と)める、書き付ける、また書き留めたもの、「記録(キロク)」「記事(キジ、書き記さ; 念:◆常に心に留めて思い考える、心の中に留まり去らない思いや考え◆口をほとんど閉じた状態で低い声を長く伸ばして読む◆二十、「廿」の大写字(「二」は「貳」、「三」は「,N4,on,on+on,A3_short_compound(on+on 71%) | B_verb_rad_言(kun 80%),記:◆(忘れないように)覚えておく、「記憶(キオク)」◆(忘れないように)書き留(と)める、書き付ける、また書き留めたもの、「記録(キロク)」「記事(キジ、書き記さ; 念:◆常に心に留めて思い考える、心の中に留まり去らない思いや考え◆口をほとんど閉じた状態で低い声を長く伸ばして読む◆二十、「廿」の大写字(「二」は「貳」、「三」は「
kk_訪ねる_たずねる,訪ねる,たずねる,訪:◆あちこちに出向いて問う、尋(たず)ねる◆(尋ねるために)出向く◆[日]やって来る,N4,kun,kun,IL1_okurigana(kun 96%) | IL2_single_okuri(kun 96%) | B_verb_rad_言(kun 80%),訪:◆あちこちに出向いて問う、尋(たず)ねる◆(尋ねるために)出向く◆[日]やって来る
kk_許す_ゆるす,許す,ゆるす,許:◆ゆる・す、願いや話を聞き入れる、受け入れる◆ゆる・す、認める◆もと、～のところ(処、所)◆ばか・り、凡(おおよ)そ～、～程(ほど)◆「何許(カキョ)」◇何処(,N4,kun,kun,IL1_okurigana(kun 96%) | IL2_single_okuri(kun 96%) | B_verb_rad_言(kun 80%),許:◆ゆる・す、願いや話を聞き入れる、受け入れる◆ゆる・す、認める◆もと、～のところ(処、所)◆ばか・り、凡(おおよ)そ～、～程(ほど)◆「何許(カキョ)」◇何処(
kk_訳_わけ,訳,わけ,訳:◆言葉・文章や文字を、意味が通じるように(理解できるように、分かりやすいように)他の(別の)言葉・文章や文字に置き換える(言い換える)、またそれができる人(通訳,N4,kun,kun,IL2_single_default(kun 84%) | B_verb_rad_言(kun 80%),訳:◆言葉・文章や文字を、意味が通じるように(理解できるように、分かりやすいように)他の(別の)言葉・文章や文字に置き換える(言い換える)、またそれができる人(通訳
kk_訳す_やくす,訳す,やくす,訳:◆言葉・文章や文字を、意味が通じるように(理解できるように、分かりやすいように)他の(別の)言葉・文章や文字に置き換える(言い換える)、またそれができる人(通訳,N4,on,on,IL1_okurigana(kun 96%) | IL2_single_okuri(kun 96%) | B_verb_rad_言(kun 80%),訳:◆言葉・文章や文字を、意味が通じるように(理解できるように、分かりやすいように)他の(別の)言葉・文章や文字に置き換える(言い換える)、またそれができる人(通訳
kk_試合_しあい,試合,しあい,試:◆先(ま)ずはしてみる、また使ってみる、「試用(シヨウ)」; 合:◆人や物が集まって一緒になる、また一つになる◆幾つかのものを集め一緒にする、幾つかのものが集まり同じになる◆同じものを纏(まと)めた全体◆ぴったりと一致する、当,N4,mixed,on+kun~,A3_short_compound(on+on 71%) | B_verb_rad_言(kun 80%),試:◆先(ま)ずはしてみる、また使ってみる、「試用(シヨウ)」; 合:◆人や物が集まって一緒になる、また一つになる◆幾つかのものを集め一緒にする、幾つかのものが集まり同じになる◆同じものを纏(まと)めた全体◆ぴったりと一致する、当
kk_詰まり_つまり,詰まり,つまり,詰:◆厳(きび)しく問い責(せ)める◆追及(ツイキュウ)する、「詰問(キツモン、厳しく問い返事を迫る)」◆曲がる、屈(かが)む◆次の日、「詰旦(キッタン、次の日の明,N4,kun,kun,IL1_okurigana(kun 96%) | IL2_single_okuri(kun 96%) | B_verb_rad_言(kun 80%),詰:◆厳(きび)しく問い責(せ)める◆追及(ツイキュウ)する、「詰問(キツモン、厳しく問い返事を迫る)」◆曲がる、屈(かが)む◆次の日、「詰旦(キッタン、次の日の明
kk_認める_みとめる,認める,みとめる,認:◆見分ける、それが何かを見定める◆しっかりと見定めて受け入れる、聞き入れる、納得(ナットク)する◆[日]したた・める、整える、(膳を整え)食事をする◆[日]した,N4,kun,kun,IL1_okurigana(kun 96%) | IL2_single_okuri(kun 96%) | B_verb_rad_言(kun 80%),認:◆見分ける、それが何かを見定める◆しっかりと見定めて受け入れる、聞き入れる、納得(ナットク)する◆[日]したた・める、整える、(膳を整え)食事をする◆[日]した
kk_誘う_さそう,誘う,さそう,誘:◆道を示しながら先導する◆一緒に～するよう勧める、説いて～をさせる◆引き寄せる、引き起こす,N4,kun,kun,IL1_okurigana(kun 96%) | IL2_single_okuri(kun 96%) | B_verb_rad_言(kun 80%),誘:◆道を示しながら先導する◆一緒に～するよう勧める、説いて～をさせる◆引き寄せる、引き起こす
kk_語彙_ごい,語彙,ごい,語:◆他に向かって述べる、また告げる、考えや思い・言い伝えなどを話す◆意味を持つ言葉、話(はなし); 彙:◆ハリネズミ(針鼠)、ハリネズミ亜科の哺乳類の総称、針のように尖った毛を持つ小形の動物、同「蝟(猬)」◆類(たぐい)、同類(同様)のもの、またその集まり、同「類,N4,on,on+on,A3_short_compound(on+on 71%) | B_verb_rad_言(kun 80%),語:◆他に向かって述べる、また告げる、考えや思い・言い伝えなどを話す◆意味を持つ言葉、話(はなし); 彙:◆ハリネズミ(針鼠)、ハリネズミ亜科の哺乳類の総称、針のように尖った毛を持つ小形の動物、同「蝟(猬)」◆類(たぐい)、同類(同様)のもの、またその集まり、同「類
kk_誠に_まことに,誠に,まことに,誠:◆真心(まごころ)、真実(シンジツ)◆言行(ゲンコウ、言葉と行為・行動)に嘘偽(うそいつわ)りがない◆真(まこと)に、本当に、嘘偽りなく,N4,kun,kun,IL1_okurigana(kun 96%) | IL2_single_okuri(kun 96%) | B_verb_rad_言(kun 80%),誠:◆真心(まごころ)、真実(シンジツ)◆言行(ゲンコウ、言葉と行為・行動)に嘘偽(うそいつわ)りがない◆真(まこと)に、本当に、嘘偽りなく
kk_説明_せつめい,説明,せつめい,説:◆解き明かす、解釈する、またそれを言葉にしたもの◆あることに対する意見◆意味することが分かるように順序立てて話す; 明:◆(太陽や月の)光が差す、光が当たる、光を当てる◆光が当たってはっきりと見える(分かる)、誰の目にもはっきりとしている、はっきりとさせる◆隠されたところ(陰にな,N4,on,on+on,B_verb_rad_言(kun 80%),説:◆解き明かす、解釈する、またそれを言葉にしたもの◆あることに対する意見◆意味することが分かるように順序立てて話す; 明:◆(太陽や月の)光が差す、光が当たる、光を当てる◆光が当たってはっきりと見える(分かる)、誰の目にもはっきりとしている、はっきりとさせる◆隠されたところ(陰にな
kk_読書_どくしょ,読書,どくしょ,読:◆文章を内容が理解しやすいように区切りながら抑揚(ヨクヨウ)をつけながら声に出す◆文の中に置く読みの区切り、「、」で表す、コンマcomma、「読点、逗点(トウテ; 書:◆文字を筆(聿)などで記(しる)す、著(あらわ)す、「書物(ショモツ)」「文書(ブンショ)」◆手紙、「書信(ショシン)」◆「書経(ショキョウ、別名尚書ショウショ,N4,on,on+on,A3_short_compound(on+on 71%) | B_verb_rad_言(kun 80%),読:◆文章を内容が理解しやすいように区切りながら抑揚(ヨクヨウ)をつけながら声に出す◆文の中に置く読みの区切り、「、」で表す、コンマcomma、「読点、逗点(トウテ; 書:◆文字を筆(聿)などで記(しる)す、著(あらわ)す、「書物(ショモツ)」「文書(ブンショ)」◆手紙、「書信(ショシン)」◆「書経(ショキョウ、別名尚書ショウショ
kk_課長_かちょう,課長,かちょう,課:◆成果(セイカ)・結果(ケッカ)がどうか(どうなるか)を調べる、試(ため)す◆官吏(カンリ)登用の試験(シケン)◆税(ゼイ)、国や領主に納(おさ)める金銭・収穫; 長:◆距離や時間などが途切れることなく連なっている、離れたところまでずぅっと続いている、途切れなく続いているものの二点(両端)が大きく隔(へだ)たっている、またその,N4,on,on+on,A3_short_compound(on+on 71%) | B_verb_rad_言(kun 80%),課:◆成果(セイカ)・結果(ケッカ)がどうか(どうなるか)を調べる、試(ため)す◆官吏(カンリ)登用の試験(シケン)◆税(ゼイ)、国や領主に納(おさ)める金銭・収穫; 長:◆距離や時間などが途切れることなく連なっている、離れたところまでずぅっと続いている、途切れなく続いているものの二点(両端)が大きく隔(へだ)たっている、またその
kk_調べる_しらべる,調べる,しらべる,調:◆整える、釣り合いを取る、バランスbalanceを取る、不均衡・不公平などでない状態にする、不快感・違和感などを感じない状態に整える、「調和(チョウワ)」◆音律,N4,kun,kun,IL1_okurigana(kun 96%) | IL2_single_okuri(kun 96%) | B_verb_rad_言(kun 80%),調:◆整える、釣り合いを取る、バランスbalanceを取る、不均衡・不公平などでない状態にする、不快感・違和感などを感じない状態に整える、「調和(チョウワ)」◆音律
kk_論文_ろんぶん,論文,ろんぶん,論:◆理(リ、道理ドウリ、筋目すじめ)に沿って考える、理に適(かな)った考え◆きちんと筋道(すじみち、道理)に沿って(順序立てて)述べる◆道理(筋や理)に照らして物; 文:◆紋様や図形、「天文(テンブン、テンモン)」◆多くの人にとって共通の意味を持つ紋様や図形、「文字(モジ、モンジ)」、古くは象形文字(ものの形を象った字、「宀」「,N4,on,on+on,B_verb_rad_言(kun 80%),論:◆理(リ、道理ドウリ、筋目すじめ)に沿って考える、理に適(かな)った考え◆きちんと筋道(すじみち、道理)に沿って(順序立てて)述べる◆道理(筋や理)に照らして物; 文:◆紋様や図形、「天文(テンブン、テンモン)」◆多くの人にとって共通の意味を持つ紋様や図形、「文字(モジ、モンジ)」、古くは象形文字(ものの形を象った字、「宀」「
kk_講堂_こうどう,講堂,こうどう,講:◆相手に分かるように説(と)く、解説・説明する◆互いに相手の立場を理解し合う、和解(ワカイ)する、「講解(コウカイ)」「講和(コウワ)」; 堂:◆賓客の接待や重要な行事などに使われる最も正式な建物、高く大きな建物、重要な建物、どちらも南向きで前が大きく開けているものをいう◆政(まつりごと)や祭礼を行うた,N4,on,on+on,B_verb_rad_言(kun 80%),講:◆相手に分かるように説(と)く、解説・説明する◆互いに相手の立場を理解し合う、和解(ワカイ)する、「講解(コウカイ)」「講和(コウワ)」; 堂:◆賓客の接待や重要な行事などに使われる最も正式な建物、高く大きな建物、重要な建物、どちらも南向きで前が大きく開けているものをいう◆政(まつりごと)や祭礼を行うた
kk_講義_こうぎ,講義,こうぎ,講:◆相手に分かるように説(と)く、解説・説明する◆互いに相手の立場を理解し合う、和解(ワカイ)する、「講解(コウカイ)」「講和(コウワ)」; 義:◆広く良い・正しいと認められていること、また経験則(多くの経験を積むことで得られる道理)に適(かな)っていること◆人が進むべき道、則(のっと)るべき考え、「義士,N4,on,on+on,A3_short_compound(on+on 71%) | B_verb_rad_言(kun 80%),講:◆相手に分かるように説(と)く、解説・説明する◆互いに相手の立場を理解し合う、和解(ワカイ)する、「講解(コウカイ)」「講和(コウワ)」; 義:◆広く良い・正しいと認められていること、また経験則(多くの経験を積むことで得られる道理)に適(かな)っていること◆人が進むべき道、則(のっと)るべき考え、「義士
kk_謝る_あやまる,謝る,あやまる,謝:◆相手の誘いや勧(すす)めに、ありがたくは思うが、応(こた)えられない旨(感謝しつつも断りの言葉)を述べる、詫(わ)びて断る、辞退する、「謝絶(シャゼツ)」◆別,N4,kun,kun,IL1_okurigana(kun 96%) | IL2_single_okuri(kun 96%) | B_verb_rad_言(kun 80%),謝:◆相手の誘いや勧(すす)めに、ありがたくは思うが、応(こた)えられない旨(感謝しつつも断りの言葉)を述べる、詫(わ)びて断る、辞退する、「謝絶(シャゼツ)」◆別
kk_警察_けいさつ,警察,けいさつ,警:◆戒(いまし)める、注意(チュウイ、意を注ぐ)し用心(ヨウジン、心を用いる)させる、また注意し用心する、「警戒(ケイカイ)」◆注意し用心するよう促(うなが)す、; 察:◆余すところなくその本質を知るために詳しく見て調べる、詳しく見調べてその本質を余すところなく明らかにする、また余すところなく知る、形勢・状態などを見極める、同「,N4,on,on+on,B_verb_rad_言(kun 80%) | B_noun_rad_宀(kun 93%),警:◆戒(いまし)める、注意(チュウイ、意を注ぐ)し用心(ヨウジン、心を用いる)させる、また注意し用心する、「警戒(ケイカイ)」◆注意し用心するよう促(うなが)す、; 察:◆余すところなくその本質を知るために詳しく見て調べる、詳しく見調べてその本質を余すところなく明らかにする、また余すところなく知る、形勢・状態などを見極める、同「
kk_豆_まめ,豆,まめ,豆:◆高坏(たかつき)、食物を盛る蓋(ふた)付き脚(あし)付きの器、同「䇺」 ◆マメ科の穀物の総称、またその実、またその形に似たもの◆中国戦国時代(前5世紀～前22,N4,kun,kun,IL2_single_default(kun 84%),豆:◆高坏(たかつき)、食物を盛る蓋(ふた)付き脚(あし)付きの器、同「䇺」 ◆マメ科の穀物の総称、またその実、またその形に似たもの◆中国戦国時代(前5世紀～前22
kk_豊か_ゆたか,豊か,ゆたか,豊:◆豆(トウ、ズ、食物を盛る蓋付き脚付きの器)に食べ物が山のように盛られているさま ◆作物が大いに育つさま、穀物が多くの実を付けふっくらと膨(ふく)らんでいるさま,N4,kun,kun,IL1_okurigana(kun 96%) | IL2_single_okuri(kun 96%),豊:◆豆(トウ、ズ、食物を盛る蓋付き脚付きの器)に食べ物が山のように盛られているさま ◆作物が大いに育つさま、穀物が多くの実を付けふっくらと膨(ふく)らんでいるさま
kk_負ける_まける,負ける,まける,負:◆荷を背に載(の)せる、肩は「擔」「担」◆荷や仕事や責任などを引き受ける、「重い荷を背負う」の意◆(背後にあるものを)頼る、頼りにする、当てにする◆背を向ける、,N4,kun,kun,IL1_okurigana(kun 96%) | IL2_single_okuri(kun 96%),負:◆荷を背に載(の)せる、肩は「擔」「担」◆荷や仕事や責任などを引き受ける、「重い荷を背負う」の意◆(背後にあるものを)頼る、頼りにする、当てにする◆背を向ける、
kk_貰う_もらう,貰う,もらう,貰:◆代金後払い(掛け、後日決済の契約、付け払い、買い物をしたことを書き付けおいて後で清算すること)で物を買う、一旦貸すことにして物を渡し後で清算する、後払いで売買,N4,kun,kun,IL1_okurigana(kun 96%) | IL2_single_okuri(kun 96%),貰:◆代金後払い(掛け、後日決済の契約、付け払い、買い物をしたことを書き付けおいて後で清算すること)で物を買う、一旦貸すことにして物を渡し後で清算する、後払いで売買
kk_貸出し_かしだし,貸出し,かしだし,貸:◆施(ほどこ)す、金品などを与える◆後で返してもらうことを条件に自分の所有物を人に預け用いさせる、同「貣」◆後で返すことを条件に人の所有物を別人が預かり用いる、; 出:◆範囲・領域・組織や区切り・境界の内(内側、内部、裏側、こちら側、私的なところ)から外(外側、外部、表側、向こう側、公のところ)に移る、また移す、外から内へ移る,N4,kun,kun+kun~,IL1_okurigana(kun 96%) | A1_compound_oku(kun 90%) | A1_on_kun_mix(on+kun 65%),貸:◆施(ほどこ)す、金品などを与える◆後で返してもらうことを条件に自分の所有物を人に預け用いさせる、同「貣」◆後で返すことを条件に人の所有物を別人が預かり用いる、; 出:◆範囲・領域・組織や区切り・境界の内(内側、内部、裏側、こちら側、私的なところ)から外(外側、外部、表側、向こう側、公のところ)に移る、また移す、外から内へ移る
kk_貿易_ぼうえき,貿易,ぼうえき,貿:◆金品を交換する、売買する、交易する、またそれによって利益を得る; 易:◆換(か)える、替(か)える、代(か)える、交換する◆占いの書、また占いの法、「爻(コウ)」と呼ばれる「陽と「陰」の並びを換えながら組み合わせた「八卦」「六十四,N4,on,on+on,,貿:◆金品を交換する、売買する、交易する、またそれによって利益を得る; 易:◆換(か)える、替(か)える、代(か)える、交換する◆占いの書、また占いの法、「爻(コウ)」と呼ばれる「陽と「陰」の並びを換えながら組み合わせた「八卦」「六十四
kk_賛成_さんせい,賛成,さんせい,賛:◆主人の両脇に付き添い手助けする、傍から手を貸す、手を貸して助ける◆褒め称える、同「讚」◆褒め言葉、また文章、同「讚」; 成:◆為(な)す、形や状態などを変えようとする、また変わろうとする◆本来の形や状態になる、目的・目標を持って働き、当初の目的・目標に達する、出来上がる、仕上がる、「,N4,on,on+on,,賛:◆主人の両脇に付き添い手助けする、傍から手を貸す、手を貸して助ける◆褒め称える、同「讚」◆褒め言葉、また文章、同「讚」; 成:◆為(な)す、形や状態などを変えようとする、また変わろうとする◆本来の形や状態になる、目的・目標を持って働き、当初の目的・目標に達する、出来上がる、仕上がる、「
kk_贈り物_おくりもの,贈り物,おくりもの,贈:◆相手が貰って嬉しいと思うもの(相手が喜ぶもの)を送る◆死後に爵位や称号を与える; 物:◆(天地の間に存在する)人以外の形のあるもの、人は「者」、形のないものは「事」,N4,kun,kun+kun~,IL1_okurigana(kun 96%) | A1_compound_oku(kun 90%) | A1_on_kun_mix(on+kun 65%),贈:◆相手が貰って嬉しいと思うもの(相手が喜ぶもの)を送る◆死後に爵位や称号を与える; 物:◆(天地の間に存在する)人以外の形のあるもの、人は「者」、形のないものは「事」
kk_贈る_おくる,贈る,おくる,贈:◆相手が貰って嬉しいと思うもの(相手が喜ぶもの)を送る◆死後に爵位や称号を与える,N4,kun,kun,IL1_okurigana(kun 96%) | IL2_single_okuri(kun 96%),贈:◆相手が貰って嬉しいと思うもの(相手が喜ぶもの)を送る◆死後に爵位や称号を与える
kk_赤ちゃん_あかちゃん,赤ちゃん,あかちゃん,赤:◆南方の色、「赤道(セキドウ)」、[†「あらゆるものを焼き尽くすような太陽の強い光や熱の色」の意かと思われる†]◆顔や体が火照(ほて)ったときの色、ものが焼ける,N4,kun,kun,IL1_okurigana(kun 96%) | IL2_single_okuri(kun 96%),赤:◆南方の色、「赤道(セキドウ)」、[†「あらゆるものを焼き尽くすような太陽の強い光や熱の色」の意かと思われる†]◆顔や体が火照(ほて)ったときの色、ものが焼ける
kk_赤ん坊_あかんぼう,赤ん坊,あかんぼう,赤:◆南方の色、「赤道(セキドウ)」、[†「あらゆるものを焼き尽くすような太陽の強い光や熱の色」の意かと思われる†]◆顔や体が火照(ほて)ったときの色、ものが焼ける; 坊:◆市街を区画(クカク)する道、街巷(ガイコウ)、里巷(リコウ)◆市街の道で区切られた区画◆住まい、住居、同「房」「𠩝」◆防(ふせ)ぐ、遮(さえぎ)る、同「防」◆,N4,mixed,kun+on~,IL1_okurigana(kun 96%) | A1_compound_oku(kun 90%) | A1_on_kun_mix(on+kun 65%),赤:◆南方の色、「赤道(セキドウ)」、[†「あらゆるものを焼き尽くすような太陽の強い光や熱の色」の意かと思われる†]◆顔や体が火照(ほて)ったときの色、ものが焼ける; 坊:◆市街を区画(クカク)する道、街巷(ガイコウ)、里巷(リコウ)◆市街の道で区切られた区画◆住まい、住居、同「房」「𠩝」◆防(ふせ)ぐ、遮(さえぎ)る、同「防」◆
kk_赤字_あかじ,赤字,あかじ,赤:◆南方の色、「赤道(セキドウ)」、[†「あらゆるものを焼き尽くすような太陽の強い光や熱の色」の意かと思われる†]◆顔や体が火照(ほて)ったときの色、ものが焼ける; 字:◆子を生む、生まれた子を慈(いつく)しみ育てる、同「𡥜」◆あざな、成人時に名付ける本名以外の名、男子は二十歳で成人とし初めて冠を被り、女子は許嫁(キョカ、いいな,N4,mixed,kun+on~,A3_short_compound(on+on 71%),赤:◆南方の色、「赤道(セキドウ)」、[†「あらゆるものを焼き尽くすような太陽の強い光や熱の色」の意かと思われる†]◆顔や体が火照(ほて)ったときの色、ものが焼ける; 字:◆子を生む、生まれた子を慈(いつく)しみ育てる、同「𡥜」◆あざな、成人時に名付ける本名以外の名、男子は二十歳で成人とし初めて冠を被り、女子は許嫁(キョカ、いいな
kk_起こす_おこす,起こす,おこす,起:◆(横になっている状態・低い状態から上に向かって)立つ、立ち上がる、立たせる、立ち上げる◆(それまで動きのなかった物事が)動き出す、動き始める◆物事を動かす、始,N4,kun,kun,IL1_okurigana(kun 96%) | IL2_single_okuri(kun 96%),起:◆(横になっている状態・低い状態から上に向かって)立つ、立ち上がる、立たせる、立ち上げる◆(それまで動きのなかった物事が)動き出す、動き始める◆物事を動かす、始
kk_起こる_おこる,起こる,おこる,起:◆(横になっている状態・低い状態から上に向かって)立つ、立ち上がる、立たせる、立ち上げる◆(それまで動きのなかった物事が)動き出す、動き始める◆物事を動かす、始,N4,kun,kun,IL1_okurigana(kun 96%) | IL2_single_okuri(kun 96%),起:◆(横になっている状態・低い状態から上に向かって)立つ、立ち上がる、立たせる、立ち上げる◆(それまで動きのなかった物事が)動き出す、動き始める◆物事を動かす、始
kk_超える_こえる,超える,こえる,超:◆跳(と)び越(こ)える、高く跳(は)ね上がってもののの上を越える、また越えてその先に出る◆抜きん出ているさま、飛び抜けているさま,N4,kun,kun,IL1_okurigana(kun 96%) | IL2_single_okuri(kun 96%),超:◆跳(と)び越(こ)える、高く跳(は)ね上がってもののの上を越える、また越えてその先に出る◆抜きん出ているさま、飛び抜けているさま
kk_趣味_しゅみ,趣味,しゅみ,趣:◆おもむ・く、足早(あしばや、「歩」よりは速く「走」よりは遅い速さ)に行く、さっさっと(すたすたと)行く、急いで行く、同「趨」「趍」◆急がせる、促(うなが)す◆; 味:◆舌で感じる、舌の感覚◆「五味(ゴミ)」、舌の感覚(味)を五つに大別したもの、酸(酸っぱい味)苦(苦い味)辛(辛い味)鹹(塩辛い味)甘(甘い味)、「【禮記注疏(,N4,on,on+on,A3_short_compound(on+on 71%),趣:◆おもむ・く、足早(あしばや、「歩」よりは速く「走」よりは遅い速さ)に行く、さっさっと(すたすたと)行く、急いで行く、同「趨」「趍」◆急がせる、促(うなが)す◆; 味:◆舌で感じる、舌の感覚◆「五味(ゴミ)」、舌の感覚(味)を五つに大別したもの、酸(酸っぱい味)苦(苦い味)辛(辛い味)鹹(塩辛い味)甘(甘い味)、「【禮記注疏(
kk_足す_たす,足す,たす,足:◆体や物体の一部で、胴から分かれ出て伸び、地に接して体を支えたり、歩行・走行・跳躍などの運動機能を担う部分、現代の中国では「脚」◆「歩く」「走る」などの足を使っ,N4,kun,kun,IL1_okurigana(kun 96%) | IL2_single_okuri(kun 96%) | B_verb_rad_足(kun 80%),足:◆体や物体の一部で、胴から分かれ出て伸び、地に接して体を支えたり、歩行・走行・跳躍などの運動機能を担う部分、現代の中国では「脚」◆「歩く」「走る」などの足を使っ
kk_足りる_たりる,足りる,たりる,足:◆体や物体の一部で、胴から分かれ出て伸び、地に接して体を支えたり、歩行・走行・跳躍などの運動機能を担う部分、現代の中国では「脚」◆「歩く」「走る」などの足を使っ,N4,kun,kun,IL1_okurigana(kun 96%) | IL2_single_okuri(kun 96%) | B_verb_rad_足(kun 80%),足:◆体や物体の一部で、胴から分かれ出て伸び、地に接して体を支えたり、歩行・走行・跳躍などの運動機能を担う部分、現代の中国では「脚」◆「歩く」「走る」などの足を使っ
kk_踊り/躍り_おどり,踊り/躍り,おどり,踊:◆足を屈し地を「とん」と蹴(け)り足を伸ばして飛び上がる、躍(おど)り上がる、低く飛び同じところに降りることをいう、「【六書故:卷十六】大為躍小為踊躍去其所踊不; 躍:◆高く飛び上がり離れたところに降りる、高く跳(は)ね上がる、低く飛び上がり同じところに降りるのは「踊」、「【六書故:卷十六】大為躍小為踊躍去其所踊不離其所」◆飛,N4,kun,kun+kun~,IL1_okurigana(kun 96%) | A1_compound_oku(kun 90%) | A1_on_kun_mix(on+kun 65%),踊:◆足を屈し地を「とん」と蹴(け)り足を伸ばして飛び上がる、躍(おど)り上がる、低く飛び同じところに降りることをいう、「【六書故:卷十六】大為躍小為踊躍去其所踊不; 躍:◆高く飛び上がり離れたところに降りる、高く跳(は)ね上がる、低く飛び上がり同じところに降りるのは「踊」、「【六書故:卷十六】大為躍小為踊躍去其所踊不離其所」◆飛
kk_踊る/躍る_おどる,踊る/躍る,おどる,踊:◆足を屈し地を「とん」と蹴(け)り足を伸ばして飛び上がる、躍(おど)り上がる、低く飛び同じところに降りることをいう、「【六書故:卷十六】大為躍小為踊躍去其所踊不; 躍:◆高く飛び上がり離れたところに降りる、高く跳(は)ね上がる、低く飛び上がり同じところに降りるのは「踊」、「【六書故:卷十六】大為躍小為踊躍去其所踊不離其所」◆飛,N4,kun,kun+kun~,IL1_okurigana(kun 96%) | A1_compound_oku(kun 90%) | A1_on_kun_mix(on+kun 65%),踊:◆足を屈し地を「とん」と蹴(け)り足を伸ばして飛び上がる、躍(おど)り上がる、低く飛び同じところに降りることをいう、「【六書故:卷十六】大為躍小為踊躍去其所踊不; 躍:◆高く飛び上がり離れたところに降りる、高く跳(は)ね上がる、低く飛び上がり同じところに降りるのは「踊」、「【六書故:卷十六】大為躍小為踊躍去其所踊不離其所」◆飛
kk_踏む_ふむ,踏む,ふむ,踏:◆足を地に着ける、足で押える、同「踐」,N4,kun,kun,IL1_okurigana(kun 96%) | IL2_single_okuri(kun 96%) | B_verb_rad_足(kun 80%),踏:◆足を地に着ける、足で押える、同「踐」
kk_輸入_ゆにゅう,輸入,ゆにゅう,輸:◆ものを(車に乗せて)別の場所に運ぶ、ものを送る、またその品物◆(勝負に)敗(やぶ)れる、敗(ま)ける; 入:◆範囲・領域・組織や区切り・境界の外(外側、外部、表側、向こう側、公のところ)から内(内側、内部、裏側、こちら側、私的なところ)に移る、また移す、内から外へ移る,N4,on,on+on,A3_short_compound(on+on 71%),輸:◆ものを(車に乗せて)別の場所に運ぶ、ものを送る、またその品物◆(勝負に)敗(やぶ)れる、敗(ま)ける; 入:◆範囲・領域・組織や区切り・境界の外(外側、外部、表側、向こう側、公のところ)から内(内側、内部、裏側、こちら側、私的なところ)に移る、また移す、内から外へ移る
kk_輸出_ゆしゅつ,輸出,ゆしゅつ,輸:◆ものを(車に乗せて)別の場所に運ぶ、ものを送る、またその品物◆(勝負に)敗(やぶ)れる、敗(ま)ける; 出:◆範囲・領域・組織や区切り・境界の内(内側、内部、裏側、こちら側、私的なところ)から外(外側、外部、表側、向こう側、公のところ)に移る、また移す、外から内へ移る,N4,on,on+on,A3_short_compound(on+on 71%),輸:◆ものを(車に乗せて)別の場所に運ぶ、ものを送る、またその品物◆(勝負に)敗(やぶ)れる、敗(ま)ける; 出:◆範囲・領域・組織や区切り・境界の内(内側、内部、裏側、こちら側、私的なところ)から外(外側、外部、表側、向こう側、公のところ)に移る、また移す、外から内へ移る
kk_輸出入_ゆしゅつにゅう,輸出入,ゆしゅつにゅう,輸:◆ものを(車に乗せて)別の場所に運ぶ、ものを送る、またその品物◆(勝負に)敗(やぶ)れる、敗(ま)ける; 出:◆範囲・領域・組織や区切り・境界の内(内側、内部、裏側、こちら側、私的なところ)から外(外側、外部、表側、向こう側、公のところ)に移る、また移す、外から内へ移る; 入:◆範囲・領域・組織や区切り・境界の外(外側、外部、表側、向こう側、公のところ)から内(内側、内部、裏側、こちら側、私的なところ)に移る、また移す、内から外へ移る,N4,on,on+on+on,A4_multi_on(on+on+on 65%),輸:◆ものを(車に乗せて)別の場所に運ぶ、ものを送る、またその品物◆(勝負に)敗(やぶ)れる、敗(ま)ける; 出:◆範囲・領域・組織や区切り・境界の内(内側、内部、裏側、こちら側、私的なところ)から外(外側、外部、表側、向こう側、公のところ)に移る、また移す、外から内へ移る; 入:◆範囲・領域・組織や区切り・境界の外(外側、外部、表側、向こう側、公のところ)から内(内側、内部、裏側、こちら側、私的なところ)に移る、また移す、内から外へ移る
kk_辞典_じてん,辞典,じてん,辞:◆説(と)く、分かるように順序立てて話す、説明する、「【說文解字注:辛部:辭】說也(…說者釋也)𤔬辛猶理辜也」◆丁寧に分かり易く述べる、また説明する、またその言; 典:◆古来から尊(とうと)ばれ続けている書物、行動や祭祀・儀式の規範・基準となる書物、「典籍(テンセキ、古い貴重な書物)」◆守り則(のっと)るべき手順や作法、規範、,N4,on,on+on,A3_short_compound(on+on 71%),辞:◆説(と)く、分かるように順序立てて話す、説明する、「【說文解字注:辛部:辭】說也(…說者釋也)𤔬辛猶理辜也」◆丁寧に分かり易く述べる、また説明する、またその言; 典:◆古来から尊(とうと)ばれ続けている書物、行動や祭祀・儀式の規範・基準となる書物、「典籍(テンセキ、古い貴重な書物)」◆守り則(のっと)るべき手順や作法、規範、
kk_辺り_あたり,辺り,あたり,辺:◆境界、境目(さかいめ)、面状のものの区切りとなるところ、一般にはその先も同じような状態で続いているものの区切りとなるところを指す、そこで途切れその先がないもの,N4,kun,kun,IL1_okurigana(kun 96%) | IL2_single_okuri(kun 96%),辺:◆境界、境目(さかいめ)、面状のものの区切りとなるところ、一般にはその先も同じような状態で続いているものの区切りとなるところを指す、そこで途切れその先がないもの
kk_込む/混む_こむ,込む/混む,こむ,込:◆[日]中に(内に、裏に、見えないところに)入(はい)る、入(い)れる; 混:◆水が滾滾(コンコン、渾渾、混混)と湧き出る◆たくさんのもの(流れ出た水)が集まり一つになる、様々なもの或いは多くのものが寄せ集まり同化する、同化してそれぞれの,N4,kun,kun+kun~,IL1_okurigana(kun 96%) | A1_compound_oku(kun 90%) | A1_kun_kun_mix(kun+kun 70%),込:◆[日]中に(内に、裏に、見えないところに)入(はい)る、入(い)れる; 混:◆水が滾滾(コンコン、渾渾、混混)と湧き出る◆たくさんのもの(流れ出た水)が集まり一つになる、様々なもの或いは多くのものが寄せ集まり同化する、同化してそれぞれの
kk_迎える_むかえる,迎える,むかえる,迎:◆来る人をただ待つのではなく(門の外や家の前などまで)出て行って逢う、逆は「送」◆(相手の考えなどを)進んで受け入れる,N4,kun,kun,IL1_okurigana(kun 96%) | IL2_single_okuri(kun 96%),迎:◆来る人をただ待つのではなく(門の外や家の前などまで)出て行って逢う、逆は「送」◆(相手の考えなどを)進んで受け入れる
kk_近所_きんじょ,近所,きんじょ,近:◆位置・時間・関係・状態などがすぐ傍(そば)にある◆迫(せま)る、すぐ傍まで寄る、また寄せる◆親(ちか)しい、親(した)しい(間柄や関係などが近い)◆似ている(; 所:◆処(ところ)、ものがある場また位置(要所・箇所など)、ことをする場また位置(住所・裁判所など)◆～のこと、「所感(感じること)」「所存(考え思っていること)◆,N4,other,mixed+mixed~,A3_short_compound(on+on 71%),近:◆位置・時間・関係・状態などがすぐ傍(そば)にある◆迫(せま)る、すぐ傍まで寄る、また寄せる◆親(ちか)しい、親(した)しい(間柄や関係などが近い)◆似ている(; 所:◆処(ところ)、ものがある場また位置(要所・箇所など)、ことをする場また位置(住所・裁判所など)◆～のこと、「所感(感じること)」「所存(考え思っていること)◆
kk_近頃_ちかごろ,近頃,ちかごろ,近:◆位置・時間・関係・状態などがすぐ傍(そば)にある◆迫(せま)る、すぐ傍まで寄る、また寄せる◆親(ちか)しい、親(した)しい(間柄や関係などが近い)◆似ている(; 頃:◆頭を傾(かたむ)ける、頭を傾(かし)げる、同「傾」◆傾く、斜めになる、片方に(一方に)偏(かたよ)る、同「傾」◆僅(わず)かな時間、「頃刻(ケイコク、僅かな間,N4,other,mixed+mixed~,,近:◆位置・時間・関係・状態などがすぐ傍(そば)にある◆迫(せま)る、すぐ傍まで寄る、また寄せる◆親(ちか)しい、親(した)しい(間柄や関係などが近い)◆似ている(; 頃:◆頭を傾(かたむ)ける、頭を傾(かし)げる、同「傾」◆傾く、斜めになる、片方に(一方に)偏(かたよ)る、同「傾」◆僅(わず)かな時間、「頃刻(ケイコク、僅かな間
kk_返事_へんじ,返事,へんじ,返:◆帰る、行った先から出発したところに戻る、同「𢓉」◆元に戻る、元に戻す◆[日]反対向きにする、反対向きになる; 事:◆こと、動作・現象・状態など形のないものを指す語、形のあるものは「物」、「事情(ジジョウ、ことの様子)」「無事(ブジ、何事もないさま)」◆職(ショク)、仕事や役,N4,on,on+on,A3_short_compound(on+on 71%),返:◆帰る、行った先から出発したところに戻る、同「𢓉」◆元に戻る、元に戻す◆[日]反対向きにする、反対向きになる; 事:◆こと、動作・現象・状態など形のないものを指す語、形のあるものは「物」、「事情(ジジョウ、ことの様子)」「無事(ブジ、何事もないさま)」◆職(ショク)、仕事や役
kk_迷惑_めいわく,迷惑,めいわく,迷:◆どちらに行ったらよいか(どうしたらよいか)分からなくなる、戸惑(とまど)う; 惑:◆あれこれと心が乱れる、どうしてよいか分からずに迷う、判断や区別が定まらない◆人を迷わせる,N4,on,on+on,,迷:◆どちらに行ったらよいか(どうしたらよいか)分からなくなる、戸惑(とまど)う; 惑:◆あれこれと心が乱れる、どうしてよいか分からずに迷う、判断や区別が定まらない◆人を迷わせる
kk_退院_たいいん,退院,たいいん,退:◆後ろに向かう、後ろへ下がる、後ろ向きに進む、逆は「進」◆今いる場所から遠ざかる方に向かう、その場を立ち去る◆体を後へ引く、身を引く◆状態が悪くなる(衰える、弱; 院:◆壁などで周りを囲った幾つもの建物からなる屋敷や施設◆壁や家などで周りが取り囲まれている庭、中庭、「院落(インラク)」「庭院(テイイン)」 ◆(学校・病院などの,N4,on,on+on,,退:◆後ろに向かう、後ろへ下がる、後ろ向きに進む、逆は「進」◆今いる場所から遠ざかる方に向かう、その場を立ち去る◆体を後へ引く、身を引く◆状態が悪くなる(衰える、弱; 院:◆壁などで周りを囲った幾つもの建物からなる屋敷や施設◆壁や家などで周りが取り囲まれている庭、中庭、「院落(インラク)」「庭院(テイイン)」 ◆(学校・病院などの
kk_送る_おくる,送る,おくる,送:◆行く人(別れる人、帰る人、旅立つ人、亡くなった人など)と途中まで同道する、出向いて行って迎えるのは「迎」◆ものを目的地へ運び届ける◆贈(おく)る、遣(つか)わ,N4,kun,kun,IL1_okurigana(kun 96%) | IL2_single_okuri(kun 96%),送:◆行く人(別れる人、帰る人、旅立つ人、亡くなった人など)と途中まで同道する、出向いて行って迎えるのは「迎」◆ものを目的地へ運び届ける◆贈(おく)る、遣(つか)わ
kk_逃げる_にげる,逃げる,にげる,逃:◆受け入れ難い状態から抜け出る、受け入れ難い状態に陥らない方向に向かって行く、避けて遠ざかる,N4,kun,kun,IL1_okurigana(kun 96%) | IL2_single_okuri(kun 96%),逃:◆受け入れ難い状態から抜け出る、受け入れ難い状態に陥らない方向に向かって行く、避けて遠ざかる
kk_途中_とちゅう,途中,とちゅう,途:◆(途切れることなく繋がっている)道、道路、同「涂」「塗」◆(目的とするところに達するための)道、道筋; 中:◆ものとものの間にあってどちらにも偏(かたよ)らない位置◆上下・高低・大小などの間(あいだ)に位置する人や物や場所、同「仲」◆始点(出発地)から終点(目的地)ま,N4,on,on+on,A3_short_compound(on+on 71%),途:◆(途切れることなく繋がっている)道、道路、同「涂」「塗」◆(目的とするところに達するための)道、道筋; 中:◆ものとものの間にあってどちらにも偏(かたよ)らない位置◆上下・高低・大小などの間(あいだ)に位置する人や物や場所、同「仲」◆始点(出発地)から終点(目的地)ま
kk_通う_かよう,通う,かよう,通:◆途中に障害となるようなものがなく反対側・向こう側・相手方・目的地まで達する、また達している◆支障なく行き来ができる、また行き来する、また行き来ができるようにす,N4,kun,kun,IL1_okurigana(kun 96%) | IL2_single_okuri(kun 96%),通:◆途中に障害となるようなものがなく反対側・向こう側・相手方・目的地まで達する、また達している◆支障なく行き来ができる、また行き来する、また行き来ができるようにす
kk_通じる_つうじる,通じる,つうじる,通:◆途中に障害となるようなものがなく反対側・向こう側・相手方・目的地まで達する、また達している◆支障なく行き来ができる、また行き来する、また行き来ができるようにす,N4,on,on,IL1_okurigana(kun 96%) | IL2_single_okuri(kun 96%),通:◆途中に障害となるようなものがなく反対側・向こう側・相手方・目的地まで達する、また達している◆支障なく行き来ができる、また行き来する、また行き来ができるようにす
kk_通り_とおり,通り,とおり,通:◆途中に障害となるようなものがなく反対側・向こう側・相手方・目的地まで達する、また達している◆支障なく行き来ができる、また行き来する、また行き来ができるようにす,N4,kun,kun,IL1_okurigana(kun 96%) | IL2_single_okuri(kun 96%),通:◆途中に障害となるようなものがなく反対側・向こう側・相手方・目的地まで達する、また達している◆支障なく行き来ができる、また行き来する、また行き来ができるようにす
kk_通る_とおる,通る,とおる,通:◆途中に障害となるようなものがなく反対側・向こう側・相手方・目的地まで達する、また達している◆支障なく行き来ができる、また行き来する、また行き来ができるようにす,N4,kun,kun,IL1_okurigana(kun 96%) | IL2_single_okuri(kun 96%),通:◆途中に障害となるようなものがなく反対側・向こう側・相手方・目的地まで達する、また達している◆支障なく行き来ができる、また行き来する、また行き来ができるようにす
kk_連れる_つれる,連れる,つれる,連:◆途切れずに続く、次々に間を置かずに続く、また繋(つな)がる◆結び付く、関わり合いを持つ◆一緒に行動する◆続々と、次々に、間を置かずに,N4,kun,kun,IL1_okurigana(kun 96%) | IL2_single_okuri(kun 96%),連:◆途切れずに続く、次々に間を置かずに続く、また繋(つな)がる◆結び付く、関わり合いを持つ◆一緒に行動する◆続々と、次々に、間を置かずに
kk_連絡_れんらく,連絡,れんらく,連:◆途切れずに続く、次々に間を置かずに続く、また繋(つな)がる◆結び付く、関わり合いを持つ◆一緒に行動する◆続々と、次々に、間を置かずに; 絡:◆短い糸の繊維、同「絮」、「【 說文解字:糸部:絡】絮也一曰麻未漚也」◆短い糸(或いは糸状・筋状のもの)が縺(もつ)れる、縺れ繋(つな)がる◆短い糸を繋げる、次,N4,on,on+on,,連:◆途切れずに続く、次々に間を置かずに続く、また繋(つな)がる◆結び付く、関わり合いを持つ◆一緒に行動する◆続々と、次々に、間を置かずに; 絡:◆短い糸の繊維、同「絮」、「【 說文解字:糸部:絡】絮也一曰麻未漚也」◆短い糸(或いは糸状・筋状のもの)が縺(もつ)れる、縺れ繋(つな)がる◆短い糸を繋げる、次
kk_連絡先_れんらくさき,連絡先,れんらくさき,連:◆途切れずに続く、次々に間を置かずに続く、また繋(つな)がる◆結び付く、関わり合いを持つ◆一緒に行動する◆続々と、次々に、間を置かずに; 絡:◆短い糸の繊維、同「絮」、「【 說文解字:糸部:絡】絮也一曰麻未漚也」◆短い糸(或いは糸状・筋状のもの)が縺(もつ)れる、縺れ繋(つな)がる◆短い糸を繋げる、次; 先:◆基準になる位置や時間よりも前、同「前」、逆は「後」◆前に向かって進む、またその方向、同「前」◆以前、時間的に過去の方向◆ま・ず、最初に、～の前に,N4,mixed,on+on+kun~,A4_multi_on(on+on+on 65%),連:◆途切れずに続く、次々に間を置かずに続く、また繋(つな)がる◆結び付く、関わり合いを持つ◆一緒に行動する◆続々と、次々に、間を置かずに; 絡:◆短い糸の繊維、同「絮」、「【 說文解字:糸部:絡】絮也一曰麻未漚也」◆短い糸(或いは糸状・筋状のもの)が縺(もつ)れる、縺れ繋(つな)がる◆短い糸を繋げる、次; 先:◆基準になる位置や時間よりも前、同「前」、逆は「後」◆前に向かって進む、またその方向、同「前」◆以前、時間的に過去の方向◆ま・ず、最初に、～の前に
kk_進む_すすむ,進む,すすむ,進:◆前に向かって動く(行く)、前に出る、登る、上に向かって動く(行く)、昇って行く、状態が良い方向に向かう、逆は「退」◆位や程度が上がる◆人にものを差し出す、また,N4,kun,kun,IL1_okurigana(kun 96%) | IL2_single_okuri(kun 96%),進:◆前に向かって動く(行く)、前に出る、登る、上に向かって動く(行く)、昇って行く、状態が良い方向に向かう、逆は「退」◆位や程度が上がる◆人にものを差し出す、また
kk_遅れる_おくれる,遅れる,おくれる,遅:◆ゆっくりしたさま、次の動作までに時間が掛るさま◆ゆっくりと進む、鈍(のろ)い◆決まっている時間・期間の終わりの頃になる、またその頃を過ぎる◆決まっている時(瞬,N4,kun,kun,IL1_okurigana(kun 96%) | IL2_single_okuri(kun 96%),遅:◆ゆっくりしたさま、次の動作までに時間が掛るさま◆ゆっくりと進む、鈍(のろ)い◆決まっている時間・期間の終わりの頃になる、またその頃を過ぎる◆決まっている時(瞬
kk_遊び_あそび,遊び,あそび,遊:◆同じところに留(とど)まらずにあちこち巡(めぐ)り歩く、あちこちに出向いて行く、同「游」◆気の向くままに楽しむ、同「游」◆互いに行き来して親しく交わる、同「游,N4,kun,kun,IL1_okurigana(kun 96%) | IL2_single_okuri(kun 96%),遊:◆同じところに留(とど)まらずにあちこち巡(めぐ)り歩く、あちこちに出向いて行く、同「游」◆気の向くままに楽しむ、同「游」◆互いに行き来して親しく交わる、同「游
kk_遊園地_ゆうえんち,遊園地,ゆうえんち,遊:◆同じところに留(とど)まらずにあちこち巡(めぐ)り歩く、あちこちに出向いて行く、同「游」◆気の向くままに楽しむ、同「游」◆互いに行き来して親しく交わる、同「游; 園:◆周りを垣や柵などで囲った(樹木・果樹などの)畑、「【說文解字:囗部:園】所以樹果也」◆周りを垣や柵などで囲った広い庭、またそのような庭のある邸宅、またそのよう; 地:◆重い陰気が(下に沈み)集まるところ、万物が居並ぶ(存在する)ところ、軽い陽気が(上に浮き)集まるところを「天(テン)」、「【說文解字注:土部:地】元气初分輕清,N4,on,on+on+on,A4_multi_on(on+on+on 65%),遊:◆同じところに留(とど)まらずにあちこち巡(めぐ)り歩く、あちこちに出向いて行く、同「游」◆気の向くままに楽しむ、同「游」◆互いに行き来して親しく交わる、同「游; 園:◆周りを垣や柵などで囲った(樹木・果樹などの)畑、「【說文解字:囗部:園】所以樹果也」◆周りを垣や柵などで囲った広い庭、またそのような庭のある邸宅、またそのよう; 地:◆重い陰気が(下に沈み)集まるところ、万物が居並ぶ(存在する)ところ、軽い陽気が(上に浮き)集まるところを「天(テン)」、「【說文解字注:土部:地】元气初分輕清
kk_運ぶ_はこぶ,運ぶ,はこぶ,運:◆場所や位置を移し変える、移動する、移転する、「運行(ウンコウ)」◆止(とど)まることなく位置や状況などが移り変わる、止(と)まらないように次へ次へと場所や位置,N4,kun,kun,IL1_okurigana(kun 96%) | IL2_single_okuri(kun 96%),運:◆場所や位置を移し変える、移動する、移転する、「運行(ウンコウ)」◆止(とど)まることなく位置や状況などが移り変わる、止(と)まらないように次へ次へと場所や位置
kk_運動_うんどう,運動,うんどう,運:◆場所や位置を移し変える、移動する、移転する、「運行(ウンコウ)」◆止(とど)まることなく位置や状況などが移り変わる、止(と)まらないように次へ次へと場所や位置; 動:◆位置・姿勢・感情・状態・事情などが変わる、また変える、また変わり始める、「動作」「行動」「感動」◆やや・もすれば、どうかすると(～になる、～になりやすい),N4,on,on+on,B_verb_rad_力(kun 80%),運:◆場所や位置を移し変える、移動する、移転する、「運行(ウンコウ)」◆止(とど)まることなく位置や状況などが移り変わる、止(と)まらないように次へ次へと場所や位置; 動:◆位置・姿勢・感情・状態・事情などが変わる、また変える、また変わり始める、「動作」「行動」「感動」◆やや・もすれば、どうかすると(～になる、～になりやすい)
kk_運転_うんてん,運転,うんてん,運:◆場所や位置を移し変える、移動する、移転する、「運行(ウンコウ)」◆止(とど)まることなく位置や状況などが移り変わる、止(と)まらないように次へ次へと場所や位置; 転:◆(車輪が回るように)ごろりと回る、ぐるりと回る、「回転(カイテン)」◆(車輪が接地する位置を変えながら転がり進んで行くように次へ次へと)位置や方向を変える、ま,N4,on,on+on,,運:◆場所や位置を移し変える、移動する、移転する、「運行(ウンコウ)」◆止(とど)まることなく位置や状況などが移り変わる、止(と)まらないように次へ次へと場所や位置; 転:◆(車輪が回るように)ごろりと回る、ぐるりと回る、「回転(カイテン)」◆(車輪が接地する位置を変えながら転がり進んで行くように次へ次へと)位置や方向を変える、ま
kk_運転手_うんてんしゅ,運転手,うんてんしゅ,運:◆場所や位置を移し変える、移動する、移転する、「運行(ウンコウ)」◆止(とど)まることなく位置や状況などが移り変わる、止(と)まらないように次へ次へと場所や位置; 転:◆(車輪が回るように)ごろりと回る、ぐるりと回る、「回転(カイテン)」◆(車輪が接地する位置を変えながら転がり進んで行くように次へ次へと)位置や方向を変える、ま; 手:◆体や物体の一部で、胴から分かれ出て伸び、持つ・握る・叩く・ものを作る・操作するなどの機能を持つ部分、掌(たなごころ)と指を合わせた全体、腕の先の部分 ◆自(み,N4,on,on+on+on,A4_multi_on(on+on+on 65%) | B_verb_rad_手(kun 80%),運:◆場所や位置を移し変える、移動する、移転する、「運行(ウンコウ)」◆止(とど)まることなく位置や状況などが移り変わる、止(と)まらないように次へ次へと場所や位置; 転:◆(車輪が回るように)ごろりと回る、ぐるりと回る、「回転(カイテン)」◆(車輪が接地する位置を変えながら転がり進んで行くように次へ次へと)位置や方向を変える、ま; 手:◆体や物体の一部で、胴から分かれ出て伸び、持つ・握る・叩く・ものを作る・操作するなどの機能を持つ部分、掌(たなごころ)と指を合わせた全体、腕の先の部分 ◆自(み
kk_過ぎる_すぎる,過ぎる,すぎる,過:◆度(ド、度合、節度、法度、限度、程度など)を越える(超える)◆度を越えて(超えて)しまう、誤(あやま)る◆時(とき、時代、時期、季節、月日、時間など)を通り越,N4,kun,kun,IL1_okurigana(kun 96%) | IL2_single_okuri(kun 96%),過:◆度(ド、度合、節度、法度、限度、程度など)を越える(超える)◆度を越えて(超えて)しまう、誤(あやま)る◆時(とき、時代、時期、季節、月日、時間など)を通り越
kk_違い_ちがい,違い,ちがい,違:◆背(せ)を向ける、背を向け去る、背(そむ)く◆あるべき形や様子と異なる、また反している、また合っていない◆守るべきものを守らない、従(したが)わない,N4,kun,kun,IL1_okurigana(kun 96%) | IL2_single_okuri(kun 96%),違:◆背(せ)を向ける、背を向け去る、背(そむ)く◆あるべき形や様子と異なる、また反している、また合っていない◆守るべきものを守らない、従(したが)わない
kk_遠く_とおく,遠く,とおく,遠:◆場所や時間などが遥(はる)かに離れている、間(あいだ)が大きく空(あ)いている◆間を離す、大きく空ける◆関係が薄い,N4,kun,kun,IL1_okurigana(kun 96%) | IL2_single_okuri(kun 96%),遠:◆場所や時間などが遥(はる)かに離れている、間(あいだ)が大きく空(あ)いている◆間を離す、大きく空ける◆関係が薄い
kk_遠慮_えんりょ,遠慮,えんりょ,遠:◆場所や時間などが遥(はる)かに離れている、間(あいだ)が大きく空(あ)いている◆間を離す、大きく空ける◆関係が薄い; 慮:◆(あることについて)あれこれと思いや考えを巡(めぐ)らす◆推(お)し量(はか)る、推測する、「慮外(リョガイ、思っていたこととは違うこと、思い掛けないこと)」,N4,on,on+on,A3_short_compound(on+on 71%),遠:◆場所や時間などが遥(はる)かに離れている、間(あいだ)が大きく空(あ)いている◆間を離す、大きく空ける◆関係が薄い; 慮:◆(あることについて)あれこれと思いや考えを巡(めぐ)らす◆推(お)し量(はか)る、推測する、「慮外(リョガイ、思っていたこととは違うこと、思い掛けないこと)」
kk_適当_てきとう,適当,てきとう,適:◆(目的とする方に向かって)往く、(目的とする方に)向かう◆向かう方向が目的に合っている、意に沿(そ)っている、相応(ふさわ)しい◆(ちょうど合っていて、自分の; 当:◆正面からぶつかる、正面から向き合う、相対する、同「噹」◆適合する、相応しい◆受け持つ、引き受ける◆そうするべき、そうあるべき◆この(this)、今、此処(ここ,N4,on,on+on,,適:◆(目的とする方に向かって)往く、(目的とする方に)向かう◆向かう方向が目的に合っている、意に沿(そ)っている、相応(ふさわ)しい◆(ちょうど合っていて、自分の; 当:◆正面からぶつかる、正面から向き合う、相対する、同「噹」◆適合する、相応しい◆受け持つ、引き受ける◆そうするべき、そうあるべき◆この(this)、今、此処(ここ
kk_遭う_あう,遭う,あう,遭:◆(人や事態に)出会(でくわ)す、出合う、巡(めぐ)り合う、「遭遇(ソウグウ)」、同「傮」◆周(めぐ)る、一回(ひとまわ)りする、周(まわ)りをぐるりと囲む、取,N4,kun,kun,IL1_okurigana(kun 96%) | IL2_single_okuri(kun 96%),遭:◆(人や事態に)出会(でくわ)す、出合う、巡(めぐ)り合う、「遭遇(ソウグウ)」、同「傮」◆周(めぐ)る、一回(ひとまわ)りする、周(まわ)りをぐるりと囲む、取
kk_選手_せんしゅ,選手,せんしゅ,選:◆多くのものを基準に従って仕分ける、また仕分けて目的のものを抜き出す、「選択(センタク)」「選抜(センバツ)」、同「撰」◆仕分け抜き出したものを纏(まと)めたも; 手:◆体や物体の一部で、胴から分かれ出て伸び、持つ・握る・叩く・ものを作る・操作するなどの機能を持つ部分、掌(たなごころ)と指を合わせた全体、腕の先の部分 ◆自(み,N4,on,on+on,A3_short_compound(on+on 71%) | B_verb_rad_手(kun 80%),選:◆多くのものを基準に従って仕分ける、また仕分けて目的のものを抜き出す、「選択(センタク)」「選抜(センバツ)」、同「撰」◆仕分け抜き出したものを纏(まと)めたも; 手:◆体や物体の一部で、胴から分かれ出て伸び、持つ・握る・叩く・ものを作る・操作するなどの機能を持つ部分、掌(たなごころ)と指を合わせた全体、腕の先の部分 ◆自(み
kk_遺産_いさん,遺産,いさん,遺:◆置いたままにする、置いたままにして去る、「遺失(イシツ)」◆(なくなった)後も残る、後に残る、また残す、「遺産(イサン)」◆取り残す、取り漏(も)らす、漏れ落; 産:◆子を生む◆生まれ◆新たに(新たなものを)生み出す、作り出す、また生み出されたもの、「生産(セイサン)」◆土地や財物◆音孔が三つの籥(ヤク、縦笛)、籥よりも太く,N4,on,on+on,A3_short_compound(on+on 71%),遺:◆置いたままにする、置いたままにして去る、「遺失(イシツ)」◆(なくなった)後も残る、後に残る、また残す、「遺産(イサン)」◆取り残す、取り漏(も)らす、漏れ落; 産:◆子を生む◆生まれ◆新たに(新たなものを)生み出す、作り出す、また生み出されたもの、「生産(セイサン)」◆土地や財物◆音孔が三つの籥(ヤク、縦笛)、籥よりも太く
kk_邪魔_じゃま,邪魔,じゃま,邪:◆ずれる、傾く、逸(そ)れる、片寄る、曲がる、歪(ゆが)む◆正常でない、本来の姿形や状態と違っている、本来の姿やあり方でない、同「衺」◆～か、～や、句末に付けて; 魔:◆心を乱し惑わせ、悟りを開くための修行を妨(さまた)げようとする悪神、「魔羅(マラ、Māra[梵]の音写)」◆人の心に入り込み、道から外(はず)れるように誘い仕,N4,on,on+on,A3_short_compound(on+on 71%),邪:◆ずれる、傾く、逸(そ)れる、片寄る、曲がる、歪(ゆが)む◆正常でない、本来の姿形や状態と違っている、本来の姿やあり方でない、同「衺」◆～か、～や、句末に付けて; 魔:◆心を乱し惑わせ、悟りを開くための修行を妨(さまた)げようとする悪神、「魔羅(マラ、Māra[梵]の音写)」◆人の心に入り込み、道から外(はず)れるように誘い仕
kk_郊外_こうがい,郊外,こうがい,郊:◆都(みやこ)を囲む城壁の外に広がる地で都から百里以内の地、五十里までを「近郊」、百里までを「遠郊」といった、また「郊」の外を「野」、その外を「林」、その外を「; 外:◆そと、範囲・領域・組織や区切り・境界の内(内側、内部)から出たもの、表に出ている(表に面している)もの、見えるところにあるもの、またそのようなところ、逆は「内,N4,on,on+on,,郊:◆都(みやこ)を囲む城壁の外に広がる地で都から百里以内の地、五十里までを「近郊」、百里までを「遠郊」といった、また「郊」の外を「野」、その外を「林」、その外を「; 外:◆そと、範囲・領域・組織や区切り・境界の内(内側、内部)から出たもの、表に出ている(表に面している)もの、見えるところにあるもの、またそのようなところ、逆は「内
kk_部長_ぶちょう,部長,ぶちょう,部:◆区分けしたものの一つ、「部分」「内部」◆集団を分類し同じものを一纏(ひとまと)めにしたもの、全体を構成する小さな集合体や組織、「部署」「部隊」◆書物を数える単; 長:◆距離や時間などが途切れることなく連なっている、離れたところまでずぅっと続いている、途切れなく続いているものの二点(両端)が大きく隔(へだ)たっている、またその,N4,on,on+on,A3_short_compound(on+on 71%),部:◆区分けしたものの一つ、「部分」「内部」◆集団を分類し同じものを一纏(ひとまと)めにしたもの、全体を構成する小さな集合体や組織、「部署」「部隊」◆書物を数える単; 長:◆距離や時間などが途切れることなく連なっている、離れたところまでずぅっと続いている、途切れなく続いているものの二点(両端)が大きく隔(へだ)たっている、またその
kk_都_と,都,と,都:◆天子や天皇が主として住むところ、先君を祭る宗廟を置くところ◆国の中心的な町、人が多く集まる大きな町◆多くのものが集まる、多くのものが集まるところ◆盛んなさま、,N4,on,on,IL2_single_default(kun 84%),都:◆天子や天皇が主として住むところ、先君を祭る宗廟を置くところ◆国の中心的な町、人が多く集まる大きな町◆多くのものが集まる、多くのものが集まるところ◆盛んなさま、
kk_都合_つごう,都合,つごう,都:◆天子や天皇が主として住むところ、先君を祭る宗廟を置くところ◆国の中心的な町、人が多く集まる大きな町◆多くのものが集まる、多くのものが集まるところ◆盛んなさま、; 合:◆人や物が集まって一緒になる、また一つになる◆幾つかのものを集め一緒にする、幾つかのものが集まり同じになる◆同じものを纏(まと)めた全体◆ぴったりと一致する、当,N4,on,on+on,A3_short_compound(on+on 71%),都:◆天子や天皇が主として住むところ、先君を祭る宗廟を置くところ◆国の中心的な町、人が多く集まる大きな町◆多くのものが集まる、多くのものが集まるところ◆盛んなさま、; 合:◆人や物が集まって一緒になる、また一つになる◆幾つかのものを集め一緒にする、幾つかのものが集まり同じになる◆同じものを纏(まと)めた全体◆ぴったりと一致する、当
kk_配る_くばる,配る,くばる,配:◆釣り合いが取れるようにする、相応(ふさわ)しい形や状態にする◆幾つかのものを合わせて(結び付けて)整える、調和させる◆結婚した相手、また妻、「配偶(ハイグウ、,N4,kun,kun,IL1_okurigana(kun 96%) | IL2_single_okuri(kun 96%),配:◆釣り合いが取れるようにする、相応(ふさわ)しい形や状態にする◆幾つかのものを合わせて(結び付けて)整える、調和させる◆結婚した相手、また妻、「配偶(ハイグウ、
kk_酒屋_さかや,酒屋,さかや,酒:◆穀物や果実などを原料として醸造(ジョウゾウ)したアルコールalcohol分を含む飲み物; 屋:◆日差しや雨風を遮(さえぎ)るための覆(おお)い、同「幄」◆建物の上部の日差しや雨風を遮(さえぎ)るための覆い、「屋頂(オクテイ、オクチョウ、屋根)」◆(屋根に,N4,kun,kun+kun~,A3_short_compound(on+on 71%),酒:◆穀物や果実などを原料として醸造(ジョウゾウ)したアルコールalcohol分を含む飲み物; 屋:◆日差しや雨風を遮(さえぎ)るための覆(おお)い、同「幄」◆建物の上部の日差しや雨風を遮(さえぎ)るための覆い、「屋頂(オクテイ、オクチョウ、屋根)」◆(屋根に
kk_酷い_ひどい,酷い,ひどい,酷:◆酒の味や臭(にお)いが濃(こ)い、また強い◆度が過ぎる、甚(はなは)だしい、極(きわ)まる、惨(むご)い、惨たらしい◆厳しくする、厳しい仕打(しう)ちをする、,N4,kun,kun,IL1_okurigana(kun 96%) | IL2_single_okuri(kun 96%),酷:◆酒の味や臭(にお)いが濃(こ)い、また強い◆度が過ぎる、甚(はなは)だしい、極(きわ)まる、惨(むご)い、惨たらしい◆厳しくする、厳しい仕打(しう)ちをする、
kk_重たい_おもたい,重たい,おもたい,重:◆層になる、上に載る、下になったものに上から大きな力が掛かる、負担が大きい◆再び、繰り返して、何度も、何層にも◆何層にも心配りがされていて手厚い、丁寧な◆何層に,N4,kun,kun,IL1_okurigana(kun 96%) | IL2_single_okuri(kun 96%),重:◆層になる、上に載る、下になったものに上から大きな力が掛かる、負担が大きい◆再び、繰り返して、何度も、何層にも◆何層にも心配りがされていて手厚い、丁寧な◆何層に
kk_重要_じゅうよう,重要,じゅうよう,重:◆層になる、上に載る、下になったものに上から大きな力が掛かる、負担が大きい◆再び、繰り返して、何度も、何層にも◆何層にも心配りがされていて手厚い、丁寧な◆何層に; 要:◆(体の要かなめとなる)腰(こし)◆物事の中心となるところ、非常に大切なところ◆求める、強く乞(こ)う、「要求(ヨウキュウ)」「要請(ヨウセイ、請い求める、強く,N4,on,on+on,,重:◆層になる、上に載る、下になったものに上から大きな力が掛かる、負担が大きい◆再び、繰り返して、何度も、何層にも◆何層にも心配りがされていて手厚い、丁寧な◆何層に; 要:◆(体の要かなめとなる)腰(こし)◆物事の中心となるところ、非常に大切なところ◆求める、強く乞(こ)う、「要求(ヨウキュウ)」「要請(ヨウセイ、請い求める、強く
kk_金持ち_かねもち,金持ち,かねもち,金:◆黄金・白銀・赤銅・青銅・青鉛・黒鉄などの総称、金属の総称◆(黄金のように)黄色い、輝く、美しい、貴重な、(金属のように)堅い◆金属製のもの◆銭(ぜに)、またそ; 持:◆ぐっと握(にぎ)る、しっかりと掴(つか)む◆しっかりと守る、そのままの状態を保つ、「持久(ジキュウ、長く保ち続ける)」◆しっかりと支える、「支持(シジ)」◆「,N4,kun,kun+kun,IL1_okurigana(kun 96%) | A1_compound_oku(kun 90%) | A1_on_kun_mix(on+kun 65%),金:◆黄金・白銀・赤銅・青銅・青鉛・黒鉄などの総称、金属の総称◆(黄金のように)黄色い、輝く、美しい、貴重な、(金属のように)堅い◆金属製のもの◆銭(ぜに)、またそ; 持:◆ぐっと握(にぎ)る、しっかりと掴(つか)む◆しっかりと守る、そのままの状態を保つ、「持久(ジキュウ、長く保ち続ける)」◆しっかりと支える、「支持(シジ)」◆「
kk_金曜_きんよう,金曜,きんよう,金:◆黄金・白銀・赤銅・青銅・青鉛・黒鉄などの総称、金属の総称◆(黄金のように)黄色い、輝く、美しい、貴重な、(金属のように)堅い◆金属製のもの◆銭(ぜに)、またそ; 曜:◆陽の光が明るく輝(かがや)く、眩(まばゆ)く輝く◆太陽・月と水金火木土星の七つの明るく光る天体、総称して「七曜(シチヨウ)」といい、これを一週間の各日に当てた,N4,on,on+on,B_noun_rad_金(kun 93%),金:◆黄金・白銀・赤銅・青銅・青鉛・黒鉄などの総称、金属の総称◆(黄金のように)黄色い、輝く、美しい、貴重な、(金属のように)堅い◆金属製のもの◆銭(ぜに)、またそ; 曜:◆陽の光が明るく輝(かがや)く、眩(まばゆ)く輝く◆太陽・月と水金火木土星の七つの明るく光る天体、総称して「七曜(シチヨウ)」といい、これを一週間の各日に当てた
kk_金色_きんいろ,金色,きんいろ,金:◆黄金・白銀・赤銅・青銅・青鉛・黒鉄などの総称、金属の総称◆(黄金のように)黄色い、輝く、美しい、貴重な、(金属のように)堅い◆金属製のもの◆銭(ぜに)、またそ; 色:◆視覚によって認識するものの内、形状以外のもの、(特に顔の)表情、彩(いろどり)り、具合(ぐあい)、様子◆男女間の情欲(ジョウヨク)◆種類、二色=二種類◆いろ、,N4,mixed,on+kun~,B_noun_rad_金(kun 93%),金:◆黄金・白銀・赤銅・青銅・青鉛・黒鉄などの総称、金属の総称◆(黄金のように)黄色い、輝く、美しい、貴重な、(金属のように)堅い◆金属製のもの◆銭(ぜに)、またそ; 色:◆視覚によって認識するものの内、形状以外のもの、(特に顔の)表情、彩(いろどり)り、具合(ぐあい)、様子◆男女間の情欲(ジョウヨク)◆種類、二色=二種類◆いろ、
kk_釣る_つる,釣る,つる,釣:◆鉤(かぎ、先を曲げた金具)に引っ掛ける、また引っ掛けて魚を獲(と)る、同「魡」◆(餌をぶら下げて)誘(おび)き出す、誘き出して手に入れる◆吊(つ)る、吊り下げ,N4,kun,kun,IL1_okurigana(kun 96%) | IL2_single_okuri(kun 96%) | B_noun_rad_金(kun 93%),釣:◆鉤(かぎ、先を曲げた金具)に引っ掛ける、また引っ掛けて魚を獲(と)る、同「魡」◆(餌をぶら下げて)誘(おび)き出す、誘き出して手に入れる◆吊(つ)る、吊り下げ
kk_銀色_ぎんいろ,銀色,ぎんいろ,銀:◆金属の一種、白く光沢がある、白金(しろがね、銀の古称)◆銀(Argentum[羅]、Ag)、元素名 ◆貨幣、金銭◆白く光るさま; 色:◆視覚によって認識するものの内、形状以外のもの、(特に顔の)表情、彩(いろどり)り、具合(ぐあい)、様子◆男女間の情欲(ジョウヨク)◆種類、二色=二種類◆いろ、,N4,mixed,on+kun~,B_noun_rad_金(kun 93%),銀:◆金属の一種、白く光沢がある、白金(しろがね、銀の古称)◆銀(Argentum[羅]、Ag)、元素名 ◆貨幣、金銭◆白く光るさま; 色:◆視覚によって認識するものの内、形状以外のもの、(特に顔の)表情、彩(いろどり)り、具合(ぐあい)、様子◆男女間の情欲(ジョウヨク)◆種類、二色=二種類◆いろ、
kk_鋏_はさみ,鋏,はさみ,鋏:◆熱した金属や融けた金属が入った容器などを挟(はさ)み持つ道具◆物を挟み切る道具◆剣(つるぎ)、両刃の刀、またその柄(つか、取っ手の部分),N4,kun,kun,IL2_single_default(kun 84%) | B_noun_rad_金(kun 93%),鋏:◆熱した金属や融けた金属が入った容器などを挟(はさ)み持つ道具◆物を挟み切る道具◆剣(つるぎ)、両刃の刀、またその柄(つか、取っ手の部分)
kk_鍋_なべ,鍋,なべ,鍋:◆食材を煮炊きするための円形の器、またそのような形をした容器、同「𩰫」◆車釭(シャコウ)に潤滑油を供給するための容器、車釭は轂(こしき、車輪中央にある円筒形の部,N4,kun,kun,IL2_single_default(kun 84%) | B_noun_rad_金(kun 93%),鍋:◆食材を煮炊きするための円形の器、またそのような形をした容器、同「𩰫」◆車釭(シャコウ)に潤滑油を供給するための容器、車釭は轂(こしき、車輪中央にある円筒形の部
kk_鏡_かがみ,鏡,かがみ,鏡:◆光の反射を利用して像を映(うつ)し出す、またその道具、古くは盆に水を張り鏡として使ったが、後には石や金属の表面を平らに磨いて鏡とした、同「鑑」 ◆(像を、姿を,N4,kun,kun,IL2_single_default(kun 84%) | B_noun_rad_金(kun 93%),鏡:◆光の反射を利用して像を映(うつ)し出す、またその道具、古くは盆に水を張り鏡として使ったが、後には石や金属の表面を平らに磨いて鏡とした、同「鑑」 ◆(像を、姿を
kk_長葱_ながねぎ,長葱,ながねぎ,長:◆距離や時間などが途切れることなく連なっている、離れたところまでずぅっと続いている、途切れなく続いているものの二点(両端)が大きく隔(へだ)たっている、またその; 葱:◆ネギ(葱)、ヒガンバナ科ネギ属の野菜、またネギ属の植物の称 ◆緑がかった青色,N4,kun,kun+kun~,,長:◆距離や時間などが途切れることなく連なっている、離れたところまでずぅっと続いている、途切れなく続いているものの二点(両端)が大きく隔(へだ)たっている、またその; 葱:◆ネギ(葱)、ヒガンバナ科ネギ属の野菜、またネギ属の植物の称 ◆緑がかった青色
kk_閉まる/締まる_しまる,閉まる/締まる,しまる,閉:◆ものが出入りするところ(門・戸・窓・穴など)から出たり入ったりできないようにする、塞ぐ、「密閉」「閉塞」◆中に入れて外に出られないようにする、「幽閉」◆しっか; 締:◆しっかりと結ぶ、解(ほど)けたり緩(ゆる)んだりしないように結ぶ、結び合わせる◆しっかりと閉(と)じる、閉(し)める◆[日]すっかりおしまいにする、合計する,N4,kun,kun+kun~,IL1_okurigana(kun 96%) | A1_compound_oku(kun 90%) | A1_on_kun_mix(on+kun 65%),閉:◆ものが出入りするところ(門・戸・窓・穴など)から出たり入ったりできないようにする、塞ぐ、「密閉」「閉塞」◆中に入れて外に出られないようにする、「幽閉」◆しっか; 締:◆しっかりと結ぶ、解(ほど)けたり緩(ゆる)んだりしないように結ぶ、結び合わせる◆しっかりと閉(と)じる、閉(し)める◆[日]すっかりおしまいにする、合計する
kk_開く_ひらく,開く,ひらく,開:◆啓(ひら)く、閉じられている扉を真ん中から左右に押し除(の)ける◆仕切っているもの(塞ふさいでいるもの、妨さまたげているもの)を取る、「開放(カイホウ)」◆明,N4,kun,kun,IL1_okurigana(kun 96%) | IL2_single_okuri(kun 96%),開:◆啓(ひら)く、閉じられている扉を真ん中から左右に押し除(の)ける◆仕切っているもの(塞ふさいでいるもの、妨さまたげているもの)を取る、「開放(カイホウ)」◆明
kk_開始_かいし,開始,かいし,開:◆啓(ひら)く、閉じられている扉を真ん中から左右に押し除(の)ける◆仕切っているもの(塞ふさいでいるもの、妨さまたげているもの)を取る、「開放(カイホウ)」◆明; 始:◆それ以降続く物事の最初、出だし、「始」は「物事はまず～から始める、～から始まる」、「初」は「物事はまず初めに～する、～の初め」◆初めて、～の時に至ってやっと、,N4,on,on+on,A3_short_compound(on+on 71%),開:◆啓(ひら)く、閉じられている扉を真ん中から左右に押し除(の)ける◆仕切っているもの(塞ふさいでいるもの、妨さまたげているもの)を取る、「開放(カイホウ)」◆明; 始:◆それ以降続く物事の最初、出だし、「始」は「物事はまず～から始める、～から始まる」、「初」は「物事はまず初めに～する、～の初め」◆初めて、～の時に至ってやっと、
kk_間_あいだ,間,あいだ,間:◆両側からぴったりと閉じられずに開いているところ、(空間・時間・物事・関係などが)連続せずに途切れているところ、開いたり途切れたりして何もないところ、隙(すき),N4,kun,kun,IL2_single_default(kun 84%),間:◆両側からぴったりと閉じられずに開いているところ、(空間・時間・物事・関係などが)連続せずに途切れているところ、開いたり途切れたりして何もないところ、隙(すき)
kk_間に合う_まにあう,間に合う,まにあう,間:◆両側からぴったりと閉じられずに開いているところ、(空間・時間・物事・関係などが)連続せずに途切れているところ、開いたり途切れたりして何もないところ、隙(すき); 合:◆人や物が集まって一緒になる、また一つになる◆幾つかのものを集め一緒にする、幾つかのものが集まり同じになる◆同じものを纏(まと)めた全体◆ぴったりと一致する、当,N4,kun,kun+kun~,IL1_okurigana(kun 96%) | A1_compound_oku(kun 90%) | A1_on_kun_mix(on+kun 65%),間:◆両側からぴったりと閉じられずに開いているところ、(空間・時間・物事・関係などが)連続せずに途切れているところ、開いたり途切れたりして何もないところ、隙(すき); 合:◆人や物が集まって一緒になる、また一つになる◆幾つかのものを集め一緒にする、幾つかのものが集まり同じになる◆同じものを纏(まと)めた全体◆ぴったりと一致する、当
kk_間違う_まちがう,間違う,まちがう,間:◆両側からぴったりと閉じられずに開いているところ、(空間・時間・物事・関係などが)連続せずに途切れているところ、開いたり途切れたりして何もないところ、隙(すき); 違:◆背(せ)を向ける、背を向け去る、背(そむ)く◆あるべき形や様子と異なる、また反している、また合っていない◆守るべきものを守らない、従(したが)わない,N4,kun,kun+kun,IL1_okurigana(kun 96%) | A1_compound_oku(kun 90%) | A1_on_kun_mix(on+kun 65%),間:◆両側からぴったりと閉じられずに開いているところ、(空間・時間・物事・関係などが)連続せずに途切れているところ、開いたり途切れたりして何もないところ、隙(すき); 違:◆背(せ)を向ける、背を向け去る、背(そむ)く◆あるべき形や様子と異なる、また反している、また合っていない◆守るべきものを守らない、従(したが)わない
kk_間違える_まちがえる,間違える,まちがえる,間:◆両側からぴったりと閉じられずに開いているところ、(空間・時間・物事・関係などが)連続せずに途切れているところ、開いたり途切れたりして何もないところ、隙(すき); 違:◆背(せ)を向ける、背を向け去る、背(そむ)く◆あるべき形や様子と異なる、また反している、また合っていない◆守るべきものを守らない、従(したが)わない,N4,kun,kun+kun,IL1_okurigana(kun 96%) | A1_compound_oku(kun 90%) | A1_on_kun_mix(on+kun 65%),間:◆両側からぴったりと閉じられずに開いているところ、(空間・時間・物事・関係などが)連続せずに途切れているところ、開いたり途切れたりして何もないところ、隙(すき); 違:◆背(せ)を向ける、背を向け去る、背(そむ)く◆あるべき形や様子と異なる、また反している、また合っていない◆守るべきものを守らない、従(したが)わない
kk_関係_かんけい,関係,かんけい,関:◆閂(かんぬき)、扉を閉め内側から横に渡して扉が開かないようにするための横木、同「閞」◆門を閉じる、門を閉じて閂を掛ける◆国や領地などの周りを囲った境界に設けら; 係:◆切れている糸を(途切れているものを)繋(つな)ぐ、繋いで結び付ける、途切れないように継(つ)ぐ、同「系」◆関わる、関わりを持つ、繋がりを持つ、同「系」◆簡「系,N4,on,on+on,,関:◆閂(かんぬき)、扉を閉め内側から横に渡して扉が開かないようにするための横木、同「閞」◆門を閉じる、門を閉じて閂を掛ける◆国や領地などの周りを囲った境界に設けら; 係:◆切れている糸を(途切れているものを)繋(つな)ぐ、繋いで結び付ける、途切れないように継(つ)ぐ、同「系」◆関わる、関わりを持つ、繋がりを持つ、同「系」◆簡「系
kk_除く_のぞく,除く,のぞく,除:◆そこにあるものを押し退(の)ける、押し退けて場所をあける◆取り払う、取り去る◆それまでの官職を解(と)いて新しい官職に就(つ)ける、「除官(ジョカン)」◆それ,N4,kun,kun,IL1_okurigana(kun 96%) | IL2_single_okuri(kun 96%),除:◆そこにあるものを押し退(の)ける、押し退けて場所をあける◆取り払う、取り去る◆それまでの官職を解(と)いて新しい官職に就(つ)ける、「除官(ジョカン)」◆それ
kk_隅_すみ,隅,すみ,"隅:◆""＜""字状になっているところの内側、同「隈」◆奥まったところ、中心から離れた角(すみ)",N4,kun,kun,IL2_single_default(kun 84%),"隅:◆""＜""字状になっているところの内側、同「隈」◆奥まったところ、中心から離れた角(すみ)"
kk_随分_ずいぶん,随分,ずいぶん,随:◆付き従う、他のものの後に付いて行く、「随行(ズイコウ)」◆他の者や思いや考えなどのままに任せる、成り行きに従う、「随意(ズイイ)」; 分:◆一つに纏(まと)まっているものを幾つかに切り離す、また幾つかに仕切る(区切る)、「分割(ブンカツ)」、切り離したものを仕分けることを「別」◆一つの纏まりから一,N4,on,on+on,B_verb_rad_刀(kun 80%),随:◆付き従う、他のものの後に付いて行く、「随行(ズイコウ)」◆他の者や思いや考えなどのままに任せる、成り行きに従う、「随意(ズイイ)」; 分:◆一つに纏(まと)まっているものを幾つかに切り離す、また幾つかに仕切る(区切る)、「分割(ブンカツ)」、切り離したものを仕分けることを「別」◆一つの纏まりから一
kk_集まる_あつまる,集まる,あつまる,集:◆多くのものが同じところに寄り合う、多くの人が同じところに会(カイ)する◆多くのものが一つになる、また一つにする、また一つになったもの、また一つにしたもの◆多く,N4,kun,kun,IL1_okurigana(kun 96%) | IL2_single_okuri(kun 96%),集:◆多くのものが同じところに寄り合う、多くの人が同じところに会(カイ)する◆多くのものが一つになる、また一つにする、また一つになったもの、また一つにしたもの◆多く
kk_集める_あつめる,集める,あつめる,集:◆多くのものが同じところに寄り合う、多くの人が同じところに会(カイ)する◆多くのものが一つになる、また一つにする、また一つになったもの、また一つにしたもの◆多く,N4,kun,kun,IL1_okurigana(kun 96%) | IL2_single_okuri(kun 96%),集:◆多くのものが同じところに寄り合う、多くの人が同じところに会(カイ)する◆多くのものが一つになる、また一つにする、また一つになったもの、また一つにしたもの◆多く
kk_離れる_はなれる,離れる,はなれる,離:◆間(あいだ)を空(あ)ける、隔(へだ)てる、分(わ)ける、別(わか)れる◆間が空いている、隔たっている、分かれている、別れている◆八卦(ハッカ、「乾・兌・離・,N4,kun,kun,IL1_okurigana(kun 96%) | IL2_single_okuri(kun 96%),離:◆間(あいだ)を空(あ)ける、隔(へだ)てる、分(わ)ける、別(わか)れる◆間が空いている、隔たっている、分かれている、別れている◆八卦(ハッカ、「乾・兌・離・
kk_雲_くも,雲,くも,雲:◆空中の細かい水滴が集まり浮かんでいるもの、水滴が大きくなり地表付近にまで落下してくるものが「雨」「雪」 ◆(雲のように)もやもやとしたもの、たくさん集まってい,N4,kun,kun,IL2_single_default(kun 84%) | B_noun_rad_雨(kun 93%),雲:◆空中の細かい水滴が集まり浮かんでいるもの、水滴が大きくなり地表付近にまで落下してくるものが「雨」「雪」 ◆(雲のように)もやもやとしたもの、たくさん集まってい
kk_電報_でんぽう,電報,でんぽう,電:◆雷(かみなり)の光、稲妻(いなずま)◆光や音のように一瞬で遠くまで届くもの、また伝わるもの; 報:◆相手から受けた物事に対して相応(ソウオウ)の物事で返す、相手に与えた物事に対して相応の物事が返ってくる、罪科の程度に相応する罰を与える(「罪を犯せば相応の罰が,N4,on,on+mixed~,B_noun_rad_雨(kun 93%),電:◆雷(かみなり)の光、稲妻(いなずま)◆光や音のように一瞬で遠くまで届くもの、また伝わるもの; 報:◆相手から受けた物事に対して相応(ソウオウ)の物事で返す、相手に与えた物事に対して相応の物事が返ってくる、罪科の程度に相応する罰を与える(「罪を犯せば相応の罰が
kk_電子辞書_でんしじしょ,電子辞書,でんしじしょ,電:◆雷(かみなり)の光、稲妻(いなずま)◆光や音のように一瞬で遠くまで届くもの、また伝わるもの; 子:◆母親から産まれるもの、古くは男女を問わず「子」といったが、現代中国では男の子(息子)を指す◆新しく産まれる(生まれる)ものの元となるもの、植物の種や実、動物の; 辞:◆説(と)く、分かるように順序立てて話す、説明する、「【說文解字注:辛部:辭】說也(…說者釋也)𤔬辛猶理辜也」◆丁寧に分かり易く述べる、また説明する、またその言,N4,on,on+on+on+on,A4_multi_on(on+on+on+on 65%) | B_noun_rad_雨(kun 93%),電:◆雷(かみなり)の光、稲妻(いなずま)◆光や音のように一瞬で遠くまで届くもの、また伝わるもの; 子:◆母親から産まれるもの、古くは男女を問わず「子」といったが、現代中国では男の子(息子)を指す◆新しく産まれる(生まれる)ものの元となるもの、植物の種や実、動物の; 辞:◆説(と)く、分かるように順序立てて話す、説明する、「【說文解字注:辛部:辭】說也(…說者釋也)𤔬辛猶理辜也」◆丁寧に分かり易く述べる、また説明する、またその言
kk_電灯_でんとう,電灯,でんとう,電:◆雷(かみなり)の光、稲妻(いなずま)◆光や音のように一瞬で遠くまで届くもの、また伝わるもの; 灯:◆火、烈(はげ)しく燃える火◆高く掲げ暗闇を照らす明かり、明かりを灯(とも)すため照明具、同繁「燈」、本来「灯」には「明かり(燈)」の意はなく「火、烈火」の意だ,N4,on,on+on,B_noun_rad_雨(kun 93%),電:◆雷(かみなり)の光、稲妻(いなずま)◆光や音のように一瞬で遠くまで届くもの、また伝わるもの; 灯:◆火、烈(はげ)しく燃える火◆高く掲げ暗闇を照らす明かり、明かりを灯(とも)すため照明具、同繁「燈」、本来「灯」には「明かり(燈)」の意はなく「火、烈火」の意だ
kk_青空_あおぞら,青空,あおぞら,青:◆植物などの芽生えの時の若々しく瑞瑞(みずみず)しい色、緑(みどり)色、またその色の名◆濃い色でくすみがなく瑞瑞しい深緑(ふかみどり)・紺(コン)・藍(アイ)色; 空:◆(中に)何もない、何も含まれていない、虚(うつ)ろなさま◆何もないところ、天と地の間(あいだ),N4,kun,kun+kun~,,青:◆植物などの芽生えの時の若々しく瑞瑞(みずみず)しい色、緑(みどり)色、またその色の名◆濃い色でくすみがなく瑞瑞しい深緑(ふかみどり)・紺(コン)・藍(アイ)色; 空:◆(中に)何もない、何も含まれていない、虚(うつ)ろなさま◆何もないところ、天と地の間(あいだ)
kk_非常に_ひじょうに,非常に,ひじょうに,非:◆～ではない、否定を表す言葉、同「匪」◆違っている、誤っている、正しくない◆「是非(ゼヒ)」◇物事の正邪、良し悪し◇(都合の良し悪しに拘らず)どうしても◆あらず; 常:◆何時も、何時もと変わらない◆変わることなく一定の、長い間変わることがない◆普通の、一般的な◆長さの単位、1常=2尋、1尋=8尺、「尋常」は「普通の、一般的な」,N4,on,on+on~,IL1_okurigana(kun 96%) | A1_compound_oku(kun 90%) | A1_on_kun_mix(on+kun 65%),非:◆～ではない、否定を表す言葉、同「匪」◆違っている、誤っている、正しくない◆「是非(ゼヒ)」◇物事の正邪、良し悪し◇(都合の良し悪しに拘らず)どうしても◆あらず; 常:◆何時も、何時もと変わらない◆変わることなく一定の、長い間変わることがない◆普通の、一般的な◆長さの単位、1常=2尋、1尋=8尺、「尋常」は「普通の、一般的な」
kk_韓国語_かんこくご,韓国語,かんこくご,韓:◆現朝鮮半島南部に居住していた馬韓(バカン)・弁韓(ベンカン)・辰韓(ベンカン)の総称、「三韓(サンカン)」◆古国名、前403年～前230年、戦国七雄(秦・楚・; 国:◆主権者の支配が及ぶ範囲、土地や人や政治体制などを含む概念で古くは君主から与えられた領地、「王(権力者)の勢力が及ぶ範囲(囗)」の意; 語:◆他に向かって述べる、また告げる、考えや思い・言い伝えなどを話す◆意味を持つ言葉、話(はなし),N4,on,on+on+on,A4_multi_on(on+on+on 65%) | B_verb_rad_言(kun 80%),韓:◆現朝鮮半島南部に居住していた馬韓(バカン)・弁韓(ベンカン)・辰韓(ベンカン)の総称、「三韓(サンカン)」◆古国名、前403年～前230年、戦国七雄(秦・楚・; 国:◆主権者の支配が及ぶ範囲、土地や人や政治体制などを含む概念で古くは君主から与えられた領地、「王(権力者)の勢力が及ぶ範囲(囗)」の意; 語:◆他に向かって述べる、また告げる、考えや思い・言い伝えなどを話す◆意味を持つ言葉、話(はなし)
kk_頂く_いただく,頂く,いただく,頂:◆頭の天辺(てっぺん、「頂辺」とも書く)、立っているものの最も高いところ、「頂上(チョウジョウ)」◆頭に載(の)せる、頭でものを受ける、上が平らで脚が付いている,N4,kun,kun,IL1_okurigana(kun 96%) | IL2_single_okuri(kun 96%),頂:◆頭の天辺(てっぺん、「頂辺」とも書く)、立っているものの最も高いところ、「頂上(チョウジョウ)」◆頭に載(の)せる、頭でものを受ける、上が平らで脚が付いている
kk_頑固_がんこ,頑固,がんこ,頑:◆頭が固くやり方や考えを変えないさま、強情(ゴウジョウ)なさま、「頑固(ガンコ)」◆鈍いさま、愚かなさま、「頭が固くやり方や考えを変えられない」ことから、「頑迷; 固:◆(周りを囲まれていて)形・位置・状態が変わらない(変えない)、同じ形・位置・状態が枠内に収まっている(収める)、「固定(コテイ)」◆もと・より、元来(ガンライ,N4,on,on+on,A3_short_compound(on+on 71%),頑:◆頭が固くやり方や考えを変えないさま、強情(ゴウジョウ)なさま、「頑固(ガンコ)」◆鈍いさま、愚かなさま、「頭が固くやり方や考えを変えられない」ことから、「頑迷; 固:◆(周りを囲まれていて)形・位置・状態が変わらない(変えない)、同じ形・位置・状態が枠内に収まっている(収める)、「固定(コテイ)」◆もと・より、元来(ガンライ
kk_頑張る_がんばる,頑張る,がんばる,頑:◆頭が固くやり方や考えを変えないさま、強情(ゴウジョウ)なさま、「頑固(ガンコ)」◆鈍いさま、愚かなさま、「頭が固くやり方や考えを変えられない」ことから、「頑迷; 張:◆弓や弦楽器の弦(ゲン、つる)を弛(たる)まないように掛ける、二点間に糸や網などを渡す◆弛(ゆる)みがないようにぴんと伸ばす、皺(しわ)にならないようにぴんと延,N4,other,mixed+mixed~,IL1_okurigana(kun 96%) | A1_compound_oku(kun 90%) | A1_on_kun_mix(on+kun 65%),頑:◆頭が固くやり方や考えを変えないさま、強情(ゴウジョウ)なさま、「頑固(ガンコ)」◆鈍いさま、愚かなさま、「頭が固くやり方や考えを変えられない」ことから、「頑迷; 張:◆弓や弦楽器の弦(ゲン、つる)を弛(たる)まないように掛ける、二点間に糸や網などを渡す◆弛(ゆる)みがないようにぴんと伸ばす、皺(しわ)にならないようにぴんと延
kk_領事館_りょうじかん,領事館,りょうじかん,領:◆項(うなじ)、頸(くび、頭と胴の間にあって頭を支える部分)の後ろ側(背側)◆首、頸(くび)◆衣服の首周りの縁(へり)の部分、首元で交差させるものは「交領(コウ; 事:◆こと、動作・現象・状態など形のないものを指す語、形のあるものは「物」、「事情(ジジョウ、ことの様子)」「無事(ブジ、何事もないさま)」◆職(ショク)、仕事や役; 館:◆公用に使う大きな建物、公衆が利用する大きな建物◆公用の人や賓客を泊めるための建物、宿◆貴人の邸宅,N4,on,on+on+on,A4_multi_on(on+on+on 65%),領:◆項(うなじ)、頸(くび、頭と胴の間にあって頭を支える部分)の後ろ側(背側)◆首、頸(くび)◆衣服の首周りの縁(へり)の部分、首元で交差させるものは「交領(コウ; 事:◆こと、動作・現象・状態など形のないものを指す語、形のあるものは「物」、「事情(ジジョウ、ことの様子)」「無事(ブジ、何事もないさま)」◆職(ショク)、仕事や役; 館:◆公用に使う大きな建物、公衆が利用する大きな建物◆公用の人や賓客を泊めるための建物、宿◆貴人の邸宅
kk_飛行場_ひこうじょう,飛行場,ひこうじょう,飛:◆鳥や昆虫などが翼(つばさ)を羽ばたかせて空中を行く◆空中を移動する、「飛語(ヒゴ、素早く広まる話、根拠のない噂話)」◆(飛ぶように)ぱっと(速く)移動するさま; 行:◆左足を前に出し(彳)次に右足を前に出す(亍)、足を交互に動かして前に進む◆目的とするところに向かって進む◆遠くに出掛ける、旅に出る◆道、人が往来する道路、同「; 場:◆(日当たりのよい、収穫した穀物の乾燥・脱穀などをする、また多くの人やものが集まる)広く平らなところ、「広場」、同「塲」◆一段と高くし上を平らに作ったところ、台,N4,on,on+on+on,A4_multi_on(on+on+on 65%),飛:◆鳥や昆虫などが翼(つばさ)を羽ばたかせて空中を行く◆空中を移動する、「飛語(ヒゴ、素早く広まる話、根拠のない噂話)」◆(飛ぶように)ぱっと(速く)移動するさま; 行:◆左足を前に出し(彳)次に右足を前に出す(亍)、足を交互に動かして前に進む◆目的とするところに向かって進む◆遠くに出掛ける、旅に出る◆道、人が往来する道路、同「; 場:◆(日当たりのよい、収穫した穀物の乾燥・脱穀などをする、また多くの人やものが集まる)広く平らなところ、「広場」、同「塲」◆一段と高くし上を平らに作ったところ、台
kk_食事_しょくじ,食事,しょくじ,食:◆(固形の食べ物を)口の中でよく噛んで胃に入れる、よく噛んで胃に入れるもの、噛まずに胃に入れるのは「飲」◆(生きていくために必要な食べ物を得るための)俸禄(ホウ; 事:◆こと、動作・現象・状態など形のないものを指す語、形のあるものは「物」、「事情(ジジョウ、ことの様子)」「無事(ブジ、何事もないさま)」◆職(ショク)、仕事や役,N4,on,on+on,A3_short_compound(on+on 71%),食:◆(固形の食べ物を)口の中でよく噛んで胃に入れる、よく噛んで胃に入れるもの、噛まずに胃に入れるのは「飲」◆(生きていくために必要な食べ物を得るための)俸禄(ホウ; 事:◆こと、動作・現象・状態など形のないものを指す語、形のあるものは「物」、「事情(ジジョウ、ことの様子)」「無事(ブジ、何事もないさま)」◆職(ショク)、仕事や役
kk_食卓_しょくたく,食卓,しょくたく,食:◆(固形の食べ物を)口の中でよく噛んで胃に入れる、よく噛んで胃に入れるもの、噛まずに胃に入れるのは「飲」◆(生きていくために必要な食べ物を得るための)俸禄(ホウ; 卓:◆ひときわ大きいさま、ひときわ高いさま、抜きん出ているさま◆[日]机、テーブルtable、中国では「桌」,N4,on,on+on,,食:◆(固形の食べ物を)口の中でよく噛んで胃に入れる、よく噛んで胃に入れるもの、噛まずに胃に入れるのは「飲」◆(生きていくために必要な食べ物を得るための)俸禄(ホウ; 卓:◆ひときわ大きいさま、ひときわ高いさま、抜きん出ているさま◆[日]机、テーブルtable、中国では「桌」
kk_食料品_しょくりょうひん,食料品,しょくりょうひん,食:◆(固形の食べ物を)口の中でよく噛んで胃に入れる、よく噛んで胃に入れるもの、噛まずに胃に入れるのは「飲」◆(生きていくために必要な食べ物を得るための)俸禄(ホウ; 料:◆升(ます、枡)で米などの物の嵩(かさ)を量(はか)る◆人や物の資質(シシツ)を量る、推(お)し量る、見当を付ける◆ものを作る際に量を決めて使うもの、それを使っ; 品:◆物(もの)、多くの物、様々な物◆もの(人や物)の本質・価値・程度を判断する◆ものの値打ち、また価値、また程度・等級,N4,on,on+on+on,A4_multi_on(on+on+on 65%),食:◆(固形の食べ物を)口の中でよく噛んで胃に入れる、よく噛んで胃に入れるもの、噛まずに胃に入れるのは「飲」◆(生きていくために必要な食べ物を得るための)俸禄(ホウ; 料:◆升(ます、枡)で米などの物の嵩(かさ)を量(はか)る◆人や物の資質(シシツ)を量る、推(お)し量る、見当を付ける◆ものを作る際に量を決めて使うもの、それを使っ; 品:◆物(もの)、多くの物、様々な物◆もの(人や物)の本質・価値・程度を判断する◆ものの値打ち、また価値、また程度・等級
kk_飯_めし,飯,めし,飯:◆米などの穀物を煮たり炊(た)いたりして柔らかくした(食べやすくした)もの◆(毎日定期的に摂とる)食事◆食べ物を食べる、食べ物を与える,N4,kun,kun,IL2_single_default(kun 84%),飯:◆米などの穀物を煮たり炊(た)いたりして柔らかくした(食べやすくした)もの◆(毎日定期的に摂とる)食事◆食べ物を食べる、食べ物を与える
kk_飲食店_いんしょくてん,飲食店,いんしょくてん,飲:◆液状のもの(水・酒・汁など)を口に入れ噛(か)まずに嚥下(エンカ、エンゲ、咽下)する、またそのようにして体に取り入れる水・酒・汁など、同「㱃」、噛(か)んで胃; 食:◆(固形の食べ物を)口の中でよく噛んで胃に入れる、よく噛んで胃に入れるもの、噛まずに胃に入れるのは「飲」◆(生きていくために必要な食べ物を得るための)俸禄(ホウ; 店:◆みせ、物を並べ売る建物、「一定の場所を占めて商売する屋根(广)のある所」の意◆たな、商品を並べる陳列棚、売り手と買い手を隔(へだ)てるカウンター、同「坫」◆[,N4,on,on+on+on,A4_multi_on(on+on+on 65%) | B_noun_rad_广(kun 93%),飲:◆液状のもの(水・酒・汁など)を口に入れ噛(か)まずに嚥下(エンカ、エンゲ、咽下)する、またそのようにして体に取り入れる水・酒・汁など、同「㱃」、噛(か)んで胃; 食:◆(固形の食べ物を)口の中でよく噛んで胃に入れる、よく噛んで胃に入れるもの、噛まずに胃に入れるのは「飲」◆(生きていくために必要な食べ物を得るための)俸禄(ホウ; 店:◆みせ、物を並べ売る建物、「一定の場所を占めて商売する屋根(广)のある所」の意◆たな、商品を並べる陳列棚、売り手と買い手を隔(へだ)てるカウンター、同「坫」◆[
kk_飾る_かざる,飾る,かざる,飾:◆表面(人の目に触れるところ)の汚れや不要なものを取り去って、また粗削りなところに手を加えて、美しくする、「修飾(シュウショク)」◆上から覆(おお)って美しく見,N4,kun,kun,IL1_okurigana(kun 96%) | IL2_single_okuri(kun 96%),飾:◆表面(人の目に触れるところ)の汚れや不要なものを取り去って、また粗削りなところに手を加えて、美しくする、「修飾(シュウショク)」◆上から覆(おお)って美しく見
kk_首_くび,首,くび,首:◆頭と頭を支える部分、多く「頭を支える部分」の意で用いられるが、本来は頭と頸(くび、頭と胴の間にあって頭を支える部分)を合わせた部分を指す、「首級(シュキュウ、,N4,kun,kun,IL2_single_default(kun 84%),首:◆頭と頭を支える部分、多く「頭を支える部分」の意で用いられるが、本来は頭と頸(くび、頭と胴の間にあって頭を支える部分)を合わせた部分を指す、「首級(シュキュウ、
kk_香水_こうすい,香水,こうすい,香:◆(穀物の)良い匂い、甘く芳(かぐわ)しい匂い、同「𪏽」「䅨」◆芳(かんば)しい、甘く芳(かぐわ)しい◆甘く良い匂いを発するもの◆美味(おい)しい、美味しいそう; 水:◆器などに入れると水平になる(器に合わせて形を変える)液体、液状のもの、酸素と水素からなる液体 H<sub>2</sub>O、(一般には人工的に他のものを加えて,N4,on,on+on,,香:◆(穀物の)良い匂い、甘く芳(かぐわ)しい匂い、同「𪏽」「䅨」◆芳(かんば)しい、甘く芳(かぐわ)しい◆甘く良い匂いを発するもの◆美味(おい)しい、美味しいそう; 水:◆器などに入れると水平になる(器に合わせて形を変える)液体、液状のもの、酸素と水素からなる液体 H<sub>2</sub>O、(一般には人工的に他のものを加えて
kk_馬_うま,馬,うま,馬:◆ウマ(馬)、ウマ科の哺乳類の総称◆うま、うまへん、部首名,N4,kun,kun,IL2_single_default(kun 84%),馬:◆ウマ(馬)、ウマ科の哺乳類の総称◆うま、うまへん、部首名
kk_馬鹿_ばか,馬鹿,ばか,馬:◆ウマ(馬)、ウマ科の哺乳類の総称◆うま、うまへん、部首名; 鹿:◆シカ(鹿)、シカ科の哺乳類の総称◆権力またその地位◆穀物などを貯蔵するための方形の倉庫、円形は「囷」◆しか、しかへん、部首名,N4,mixed,on+kun~,A3_short_compound(on+on 71%),馬:◆ウマ(馬)、ウマ科の哺乳類の総称◆うま、うまへん、部首名; 鹿:◆シカ(鹿)、シカ科の哺乳類の総称◆権力またその地位◆穀物などを貯蔵するための方形の倉庫、円形は「囷」◆しか、しかへん、部首名
kk_駐車場_ちゅうしゃじょう,駐車場,ちゅうしゃじょう,駐:◆馬また馬車を停(と)めておく◆止まって同じ場所や状態に留(とど)まる、一般には「停」よりも長期間留まることをいう; 車:◆二つの輪(リン、車輪)の中心に軸(ジク、車軸)を通し、その上に人や物を乗せるための台(車台)を設(しつら)えたもの ◆輪状・円状のものが軸を中心として回転する; 場:◆(日当たりのよい、収穫した穀物の乾燥・脱穀などをする、また多くの人やものが集まる)広く平らなところ、「広場」、同「塲」◆一段と高くし上を平らに作ったところ、台,N4,on,on+on+on,A4_multi_on(on+on+on 65%),駐:◆馬また馬車を停(と)めておく◆止まって同じ場所や状態に留(とど)まる、一般には「停」よりも長期間留まることをいう; 車:◆二つの輪(リン、車輪)の中心に軸(ジク、車軸)を通し、その上に人や物を乗せるための台(車台)を設(しつら)えたもの ◆輪状・円状のものが軸を中心として回転する; 場:◆(日当たりのよい、収穫した穀物の乾燥・脱穀などをする、また多くの人やものが集まる)広く平らなところ、「広場」、同「塲」◆一段と高くし上を平らに作ったところ、台
kk_騒ぎ_さわぎ,騒ぎ,さわぎ,騒:◆苛立(いらだ)って落ち着きがなくなる、そわそわする◆ざわざわする、がやがやする、多くの物や事が入り乱れて秩序がなくなる◆思い煩(わずら)って落ち着かない,N4,kun,kun,IL1_okurigana(kun 96%) | IL2_single_okuri(kun 96%),騒:◆苛立(いらだ)って落ち着きがなくなる、そわそわする◆ざわざわする、がやがやする、多くの物や事が入り乱れて秩序がなくなる◆思い煩(わずら)って落ち着かない
kk_騒ぐ_さわぐ,騒ぐ,さわぐ,騒:◆苛立(いらだ)って落ち着きがなくなる、そわそわする◆ざわざわする、がやがやする、多くの物や事が入り乱れて秩序がなくなる◆思い煩(わずら)って落ち着かない,N4,kun,kun,IL1_okurigana(kun 96%) | IL2_single_okuri(kun 96%),騒:◆苛立(いらだ)って落ち着きがなくなる、そわそわする◆ざわざわする、がやがやする、多くの物や事が入り乱れて秩序がなくなる◆思い煩(わずら)って落ち着かない
kk_驚く_おどろく,驚く,おどろく,驚:◆(馬が)不意のことにぎょっとする、びっくりする、同簡「惊」,N4,kun,kun,IL1_okurigana(kun 96%) | IL2_single_okuri(kun 96%),驚:◆(馬が)不意のことにぎょっとする、びっくりする、同簡「惊」
kk_高校_こうこう,高校,こうこう,高:◆上下の方向で上の方、標準的・平均的な程度よりも上にある◆幾つかのものを比べた時に上にある、また優(すぐ)れている、また尊(とうと)い◆標準・基準や想定・期待を; 校:◆木製の枷(かせ)、罪人の首・手・足などに嵌(は)めて自由を奪う刑具◆(陣地の周囲に張り巡らせる、或いは狩猟の際に獲物を追い込む)格子状に組んだ柵(さく)◆武官,N4,on,on+on,B_noun_rad_木(kun 93%),高:◆上下の方向で上の方、標準的・平均的な程度よりも上にある◆幾つかのものを比べた時に上にある、また優(すぐ)れている、また尊(とうと)い◆標準・基準や想定・期待を; 校:◆木製の枷(かせ)、罪人の首・手・足などに嵌(は)めて自由を奪う刑具◆(陣地の周囲に張り巡らせる、或いは狩猟の際に獲物を追い込む)格子状に組んだ柵(さく)◆武官
kk_高校生_こうこうせい,高校生,こうこうせい,高:◆上下の方向で上の方、標準的・平均的な程度よりも上にある◆幾つかのものを比べた時に上にある、また優(すぐ)れている、また尊(とうと)い◆標準・基準や想定・期待を; 校:◆木製の枷(かせ)、罪人の首・手・足などに嵌(は)めて自由を奪う刑具◆(陣地の周囲に張り巡らせる、或いは狩猟の際に獲物を追い込む)格子状に組んだ柵(さく)◆武官; 生:◆う・まれる、それまでになかった新しいものが現れ出る、また新しいことが起こる◆い・きる、成長し活動できる状態で存在する、またその状態◆なま、現れ出た時のそのまま,N4,on,on+on+on,A4_multi_on(on+on+on 65%) | B_noun_rad_木(kun 93%),高:◆上下の方向で上の方、標準的・平均的な程度よりも上にある◆幾つかのものを比べた時に上にある、また優(すぐ)れている、また尊(とうと)い◆標準・基準や想定・期待を; 校:◆木製の枷(かせ)、罪人の首・手・足などに嵌(は)めて自由を奪う刑具◆(陣地の周囲に張り巡らせる、或いは狩猟の際に獲物を追い込む)格子状に組んだ柵(さく)◆武官; 生:◆う・まれる、それまでになかった新しいものが現れ出る、また新しいことが起こる◆い・きる、成長し活動できる状態で存在する、またその状態◆なま、現れ出た時のそのまま
kk_高速bus_こうそくバス,高速bus,こうそくバス,高:◆上下の方向で上の方、標準的・平均的な程度よりも上にある◆幾つかのものを比べた時に上にある、また優(すぐ)れている、また尊(とうと)い◆標準・基準や想定・期待を; 速:◆あっという間に、瞬(またた)く間に、間を置かずに、さっと◆疾(はや)い、あっという間に位置が変わる、また通り過ぎて行く、同「遬」◆間を置かずに動作・反応・対応,N4,on,on+on~,,高:◆上下の方向で上の方、標準的・平均的な程度よりも上にある◆幾つかのものを比べた時に上にある、また優(すぐ)れている、また尊(とうと)い◆標準・基準や想定・期待を; 速:◆あっという間に、瞬(またた)く間に、間を置かずに、さっと◆疾(はや)い、あっという間に位置が変わる、また通り過ぎて行く、同「遬」◆間を置かずに動作・反応・対応
kk_高速道路_こうそくどうろ,高速道路,こうそくどうろ,高:◆上下の方向で上の方、標準的・平均的な程度よりも上にある◆幾つかのものを比べた時に上にある、また優(すぐ)れている、また尊(とうと)い◆標準・基準や想定・期待を; 速:◆あっという間に、瞬(またた)く間に、間を置かずに、さっと◆疾(はや)い、あっという間に位置が変わる、また通り過ぎて行く、同「遬」◆間を置かずに動作・反応・対応; 道:◆出発地から目的地へ通じている路(みち)、人や動物などが往来する通り路、「道路(ドウロ)」、同「路」◆目的を達するための経路、手順や方法◆導(みちび)く、手引き,N4,on,on+on+on+on,A4_multi_on(on+on+on+on 65%) | B_verb_rad_足(kun 80%),高:◆上下の方向で上の方、標準的・平均的な程度よりも上にある◆幾つかのものを比べた時に上にある、また優(すぐ)れている、また尊(とうと)い◆標準・基準や想定・期待を; 速:◆あっという間に、瞬(またた)く間に、間を置かずに、さっと◆疾(はや)い、あっという間に位置が変わる、また通り過ぎて行く、同「遬」◆間を置かずに動作・反応・対応; 道:◆出発地から目的地へ通じている路(みち)、人や動物などが往来する通り路、「道路(ドウロ)」、同「路」◆目的を達するための経路、手順や方法◆導(みちび)く、手引き
kk_髪_かみ,髪,かみ,髪:◆人の頭部の毛 ◆(山に生える草木が頭に生える髪に似ていることから)草木,N4,kun,kun,IL2_single_default(kun 84%),髪:◆人の頭部の毛 ◆(山に生える草木が頭に生える髪に似ていることから)草木
kk_髪の毛_かみのけ,髪の毛,かみのけ,髪:◆人の頭部の毛 ◆(山に生える草木が頭に生える髪に似ていることから)草木; 毛:◆生物の表皮に生える細長い糸状のもの◆細長いものがたくさんあるさま、細く弱々しいさま◆草木が生え出る◆草木や穀物が生える、また草木や穀物◆粗末なさま◆[日]千分,N4,kun,kun+kun~,IL1_okurigana(kun 96%) | A1_compound_oku(kun 90%) | A1_on_kun_mix(on+kun 65%),髪:◆人の頭部の毛 ◆(山に生える草木が頭に生える髪に似ていることから)草木; 毛:◆生物の表皮に生える細長い糸状のもの◆細長いものがたくさんあるさま、細く弱々しいさま◆草木が生え出る◆草木や穀物が生える、また草木や穀物◆粗末なさま◆[日]千分
kk_髭_ひげ,髭,ひげ,髭:◆鼻の下から口の上までの部分の毛、同「頾」「𨲝」,N4,kun,kun,IL2_single_default(kun 84%),髭:◆鼻の下から口の上までの部分の毛、同「頾」「𨲝」
kk_鳴く_なく,鳴く,なく,鳴:◆鳥が声を発する、またその声◆鳥・獣(けもの)・昆虫などの発する声、楽器や物などが発する音、またその音がする、またその音が伝わり聞こえて来る,N4,kun,kun,IL1_okurigana(kun 96%) | IL2_single_okuri(kun 96%),鳴:◆鳥が声を発する、またその声◆鳥・獣(けもの)・昆虫などの発する声、楽器や物などが発する音、またその音がする、またその音が伝わり聞こえて来る
kk_鳴る_なる,鳴る,なる,鳴:◆鳥が声を発する、またその声◆鳥・獣(けもの)・昆虫などの発する声、楽器や物などが発する音、またその音がする、またその音が伝わり聞こえて来る,N4,kun,kun,IL1_okurigana(kun 96%) | IL2_single_okuri(kun 96%),鳴:◆鳥が声を発する、またその声◆鳥・獣(けもの)・昆虫などの発する声、楽器や物などが発する音、またその音がする、またその音が伝わり聞こえて来る
kk_麦_むぎ,麦,むぎ,麦:◆ムギ(麦)、コムギ(小麦)・オオムギ(大麦)・エンバク(燕麦)など芒(のぎ)の長いイネ科に属する穀物の総称 ◆むぎ、むぎへん、ばくにょう、部首名,N4,kun,kun,IL2_single_default(kun 84%),麦:◆ムギ(麦)、コムギ(小麦)・オオムギ(大麦)・エンバク(燕麦)など芒(のぎ)の長いイネ科に属する穀物の総称 ◆むぎ、むぎへん、ばくにょう、部首名
kk_黒字_くろじ,黒字,くろじ,黒:◆煙突の中に溜(た)まる煤(すす)の色◆光りがなく暗い、暗闇◆善悪の悪、善は「白」◆くろ、くろへん、部首名; 字:◆子を生む、生まれた子を慈(いつく)しみ育てる、同「𡥜」◆あざな、成人時に名付ける本名以外の名、男子は二十歳で成人とし初めて冠を被り、女子は許嫁(キョカ、いいな,N4,mixed,kun+on~,A3_short_compound(on+on 71%),黒:◆煙突の中に溜(た)まる煤(すす)の色◆光りがなく暗い、暗闇◆善悪の悪、善は「白」◆くろ、くろへん、部首名; 字:◆子を生む、生まれた子を慈(いつく)しみ育てる、同「𡥜」◆あざな、成人時に名付ける本名以外の名、男子は二十歳で成人とし初めて冠を被り、女子は許嫁(キョカ、いいな
kk_黒板_こくばん,黒板,こくばん,黒:◆煙突の中に溜(た)まる煤(すす)の色◆光りがなく暗い、暗闇◆善悪の悪、善は「白」◆くろ、くろへん、部首名; 板:◆薄く平らな木、薄く平らなもの◆印刷する文字や絵などを彫(ほ)り込んだ板、同「版」◆(古くは板に書かれたことから)詔書(ショウショ)、文書、「【後漢書:卷八十四,N4,on,on+on,B_noun_rad_木(kun 93%),黒:◆煙突の中に溜(た)まる煤(すす)の色◆光りがなく暗い、暗闇◆善悪の悪、善は「白」◆くろ、くろへん、部首名; 板:◆薄く平らな木、薄く平らなもの◆印刷する文字や絵などを彫(ほ)り込んだ板、同「版」◆(古くは板に書かれたことから)詔書(ショウショ)、文書、「【後漢書:卷八十四
kk_黙る_だまる,黙る,だまる,黙:◆(話を止めて)口を噤(つぐ)む、語(かた)らない、口を利かず静かにする,N4,kun,kun,IL1_okurigana(kun 96%) | IL2_single_okuri(kun 96%),黙:◆(話を止めて)口を噤(つぐ)む、語(かた)らない、口を利かず静かにする
kk_～丁目_～ちょうめ,～丁目,～ちょうめ,丁:◆ひのと、十干(ジッカン、甲・乙・丙・丁・戊・己・庚・辛・壬・癸)の四番目 ◆賦役(フエキ)に徴用される年齢に達した(成年に達した)成人男性、壮年の(働き盛りの; 目:◆眼(め、眼球ガンキュウ、黒目くろめ)・白目(しろめ、結膜ケツマク)・視神経などを含むものを見る器官全体、またその形状や様子や機能◆ものを見る、また見分ける◆眼,N4,mixed,on+kun~,,丁:◆ひのと、十干(ジッカン、甲・乙・丙・丁・戊・己・庚・辛・壬・癸)の四番目 ◆賦役(フエキ)に徴用される年齢に達した(成年に達した)成人男性、壮年の(働き盛りの; 目:◆眼(め、眼球ガンキュウ、黒目くろめ)・白目(しろめ、結膜ケツマク)・視神経などを含むものを見る器官全体、またその形状や様子や機能◆ものを見る、また見分ける◆眼
kk_～代_～だい,～代,～だい,代:◆替(か)える、それまでのもの(今あるもの)を別のものに替える、入れ替える、また入れ替わる◆同じ家主や国主がその地位にある期間、同じ種(シュ、起源を同じにするも,N4,other,unknown,IL2_single_default(kun 84%),代:◆替(か)える、それまでのもの(今あるもの)を別のものに替える、入れ替える、また入れ替わる◆同じ家主や国主がその地位にある期間、同じ種(シュ、起源を同じにするも
kk_～以内_～いない,～以内,～いない,以:◆用(もち)いる、使用する、～を用いて、～を利用して、「【論語注疏:卷一:學而】…行有餘力則以學文(《疏》…能行已上諸事仍有閒暇餘力則可以學先王之遺文…)」◆～; 内:◆外から中に入る、入れる◆限られた範囲・領域の中、区切りや境目の中、同「中」◆ある一定の範囲に含まれるもの、囲われたり覆われたりしていて外からは見えないもの、公,N4,on,on+on,,以:◆用(もち)いる、使用する、～を用いて、～を利用して、「【論語注疏:卷一:學而】…行有餘力則以學文(《疏》…能行已上諸事仍有閒暇餘力則可以學先王之遺文…)」◆～; 内:◆外から中に入る、入れる◆限られた範囲・領域の中、区切りや境目の中、同「中」◆ある一定の範囲に含まれるもの、囲われたり覆われたりしていて外からは見えないもの、公
kk_～会_～かい,～会,～かい,会:◆人が集まる、同じ時間や場所に(同じ目的で)集まる、「会合(カイゴウ)」◆多くの人が(出向いて)集まる、また集まったところ、「集会(シュウカイ)」「都会(トカイ,N4,other,unknown,IL2_single_default(kun 84%),会:◆人が集まる、同じ時間や場所に(同じ目的で)集まる、「会合(カイゴウ)」◆多くの人が(出向いて)集まる、また集まったところ、「集会(シュウカイ)」「都会(トカイ
kk_～係_～がかり,～係,～がかり,係:◆切れている糸を(途切れているものを)繋(つな)ぐ、繋いで結び付ける、途切れないように継(つ)ぐ、同「系」◆関わる、関わりを持つ、繋がりを持つ、同「系」◆簡「系,N4,other,unknown,IL2_single_default(kun 84%),係:◆切れている糸を(途切れているものを)繋(つな)ぐ、繋いで結び付ける、途切れないように継(つ)ぐ、同「系」◆関わる、関わりを持つ、繋がりを持つ、同「系」◆簡「系
kk_～兆_～ちょう,～兆,～ちょう,兆:◆亀の甲羅を焼いた時の割れ目の形、その形で吉凶を占う◆前触れや気配、ことが起こる前に表れる現象◆墓地◆日本・台湾・韓国では一億の一万倍 、古くは百万(一万の百倍,N4,other,unknown,IL2_single_default(kun 84%),兆:◆亀の甲羅を焼いた時の割れ目の形、その形で吉凶を占う◆前触れや気配、ことが起こる前に表れる現象◆墓地◆日本・台湾・韓国では一億の一万倍 、古くは百万(一万の百倍
kk_～出す_～だす,～出す,～だす,出:◆範囲・領域・組織や区切り・境界の内(内側、内部、裏側、こちら側、私的なところ)から外(外側、外部、表側、向こう側、公のところ)に移る、また移す、外から内へ移る,N4,kun,kun,IL1_okurigana(kun 96%) | IL2_single_okuri(kun 96%),出:◆範囲・領域・組織や区切り・境界の内(内側、内部、裏側、こちら側、私的なところ)から外(外側、外部、表側、向こう側、公のところ)に移る、また移す、外から内へ移る
kk_～区_～く,～区,～く,区:◆ある大きさのものを幾つかに別(わ)ける、仕切(しき)る◆周りを仕切ったところ、他から仕切られたところ◆行政上の地域の単位◆小さいさま、細かいさま◆戦国時代(前,N4,on,on~,IL2_on_only(on 99%),区:◆ある大きさのものを幾つかに別(わ)ける、仕切(しき)る◆周りを仕切ったところ、他から仕切られたところ◆行政上の地域の単位◆小さいさま、細かいさま◆戦国時代(前
kk_～合う_あう,～合う,あう,合:◆人や物が集まって一緒になる、また一つになる◆幾つかのものを集め一緒にする、幾つかのものが集まり同じになる◆同じものを纏(まと)めた全体◆ぴったりと一致する、当,N4,kun,kun,IL1_okurigana(kun 96%) | IL2_single_okuri(kun 96%),合:◆人や物が集まって一緒になる、また一つになる◆幾つかのものを集め一緒にする、幾つかのものが集まり同じになる◆同じものを纏(まと)めた全体◆ぴったりと一致する、当
kk_～員_～いん,～員,～いん,員:◆限られた範囲(場所・空間など)に入っている(含まれる)人、集団に属している人、またその人数◆限られた範囲(特に国土・領土などの境界線)の大きさ、また広さ◆円(,N4,on,on~,IL2_on_only(on 99%),員:◆限られた範囲(場所・空間など)に入っている(含まれる)人、集団に属している人、またその人数◆限られた範囲(特に国土・領土などの境界線)の大きさ、また広さ◆円(
kk_～始める_～はじめる,～始める,～はじめる,始:◆それ以降続く物事の最初、出だし、「始」は「物事はまず～から始める、～から始まる」、「初」は「物事はまず初めに～する、～の初め」◆初めて、～の時に至ってやっと、,N4,kun,kun,IL1_okurigana(kun 96%) | IL2_single_okuri(kun 96%),始:◆それ以降続く物事の最初、出だし、「始」は「物事はまず～から始める、～から始まる」、「初」は「物事はまず初めに～する、～の初め」◆初めて、～の時に至ってやっと、
kk_～学年_～がくねん,～学年,～がくねん,学:◆(教えを受けながら、見て倣いながら)知識や技術などを身に付ける、習得する、またその内容、知識や技術などを授(さず)けることを「教」◆教えを受け知識や技術などを; 年:◆穀物が稔(みの)る、同「秊」◆農作物を収穫してから次の収穫期までの期間、四季(二十四節気)を一巡する期間、year◆誕生してから生きてその誕生日を通り過ぎた回,N4,on,on+on,,学:◆(教えを受けながら、見て倣いながら)知識や技術などを身に付ける、習得する、またその内容、知識や技術などを授(さず)けることを「教」◆教えを受け知識や技術などを; 年:◆穀物が稔(みの)る、同「秊」◆農作物を収穫してから次の収穫期までの期間、四季(二十四節気)を一巡する期間、year◆誕生してから生きてその誕生日を通り過ぎた回
kk_～家_～か,～家,～か,家:◆屋根(「宀」)があり四周が戸や壁で遮(さえぎ)られている建物、豕(いのこ、ブタ)などの大切な家畜を飼(か)う建物◆同じ屋根の下で親子や一族が共に生活する、人が,N4,other,unknown,IL2_single_default(kun 84%) | B_noun_rad_宀(kun 93%),家:◆屋根(「宀」)があり四周が戸や壁で遮(さえぎ)られている建物、豕(いのこ、ブタ)などの大切な家畜を飼(か)う建物◆同じ屋根の下で親子や一族が共に生活する、人が
kk_～年生_～ねんせい,～年生,～ねんせい,年:◆穀物が稔(みの)る、同「秊」◆農作物を収穫してから次の収穫期までの期間、四季(二十四節気)を一巡する期間、year◆誕生してから生きてその誕生日を通り過ぎた回; 生:◆う・まれる、それまでになかった新しいものが現れ出る、また新しいことが起こる◆い・きる、成長し活動できる状態で存在する、またその状態◆なま、現れ出た時のそのまま,N4,on,on+on,,年:◆穀物が稔(みの)る、同「秊」◆農作物を収穫してから次の収穫期までの期間、四季(二十四節気)を一巡する期間、year◆誕生してから生きてその誕生日を通り過ぎた回; 生:◆う・まれる、それまでになかった新しいものが現れ出る、また新しいことが起こる◆い・きる、成長し活動できる状態で存在する、またその状態◆なま、現れ出た時のそのまま
kk_～建て_～だて,～建て,～だて,建:◆(建造物を)しっかりと立てる、造(つく)る、作り上げる◆(法律などを)しっかりと定める◆意見を申し立てる◆北斗七星の柄(え)の指す方向、「建寅(ケンイン、夏暦,N4,other,unknown,IL1_okurigana(kun 96%) | IL2_single_okuri(kun 96%),建:◆(建造物を)しっかりと立てる、造(つく)る、作り上げる◆(法律などを)しっかりと定める◆意見を申し立てる◆北斗七星の柄(え)の指す方向、「建寅(ケンイン、夏暦
kk_～式_～しき,～式,～しき,式:◆決まり、やり方、一定の方法や手順◆型(かた)、基本や標準になる形◆目的や作法(サホウ)・次第(シダイ)が決まっている行事◆数学などの解法を示したもの◆用(もち,N4,on,on~,IL2_on_only(on 99%),式:◆決まり、やり方、一定の方法や手順◆型(かた)、基本や標準になる形◆目的や作法(サホウ)・次第(シダイ)が決まっている行事◆数学などの解法を示したもの◆用(もち
kk_～後_～ご,～後,～ご,後:◆位置的には背の方向、時間的には未来の方向、順位・順序では下位の方向、逆は「前」「先」◆遅れる、遅れて来る◆家を継ぐ子、子孫◆簡「后」,N4,other,unknown,IL2_single_default(kun 84%),後:◆位置的には背の方向、時間的には未来の方向、順位・順序では下位の方向、逆は「前」「先」◆遅れる、遅れて来る◆家を継ぐ子、子孫◆簡「后」
kk_～料_～りょう,～料,～りょう,料:◆升(ます、枡)で米などの物の嵩(かさ)を量(はか)る◆人や物の資質(シシツ)を量る、推(お)し量る、見当を付ける◆ものを作る際に量を決めて使うもの、それを使っ,N4,on,on~,IL2_on_only(on 99%),料:◆升(ます、枡)で米などの物の嵩(かさ)を量(はか)る◆人や物の資質(シシツ)を量る、推(お)し量る、見当を付ける◆ものを作る際に量を決めて使うもの、それを使っ
kk_～時間目_～じかんめ,～時間目,～じかんめ,時:◆一年の四分の一、季節、「一時(イチジ、三カ月、一季節)」「四時(シジ、四つの季節、四季)」◆一日の十二分の一、現在は二十四分の一、「時刻(ジコク)」◆年代、期; 間:◆両側からぴったりと閉じられずに開いているところ、(空間・時間・物事・関係などが)連続せずに途切れているところ、開いたり途切れたりして何もないところ、隙(すき); 目:◆眼(め、眼球ガンキュウ、黒目くろめ)・白目(しろめ、結膜ケツマク)・視神経などを含むものを見る器官全体、またその形状や様子や機能◆ものを見る、また見分ける◆眼,N4,mixed,on+on+kun~,A4_multi_on(on+on+on 65%),時:◆一年の四分の一、季節、「一時(イチジ、三カ月、一季節)」「四時(シジ、四つの季節、四季)」◆一日の十二分の一、現在は二十四分の一、「時刻(ジコク)」◆年代、期; 間:◆両側からぴったりと閉じられずに開いているところ、(空間・時間・物事・関係などが)連続せずに途切れているところ、開いたり途切れたりして何もないところ、隙(すき); 目:◆眼(め、眼球ガンキュウ、黒目くろめ)・白目(しろめ、結膜ケツマク)・視神経などを含むものを見る器官全体、またその形状や様子や機能◆ものを見る、また見分ける◆眼
kk_～点_～てん,～点,～てん,点:◆小さな(黒い)染(し)み・瑕(きず)・印(しるし)、またそのようなものを付ける、「汚点(オテン)」◆小さく狭く限られた場所・範囲・位置・事柄、「地点(チテン),N4,other,unknown,IL2_single_default(kun 84%),点:◆小さな(黒い)染(し)み・瑕(きず)・印(しるし)、またそのようなものを付ける、「汚点(オテン)」◆小さく狭く限られた場所・範囲・位置・事柄、「地点(チテン)
kk_～町_～ちょう,～町,～ちょう,町:◆田畑を区切る細い道、土を盛って人が通れるように平らにした畦道(あぜみち)、同「圢」「䵺」◆「町疃(テイタン)」、町や村の外(はず)れで、シカ(鹿)などの動物が,N4,other,unknown,IL2_single_default(kun 84%),町:◆田畑を区切る細い道、土を盛って人が通れるように平らにした畦道(あぜみち)、同「圢」「䵺」◆「町疃(テイタン)」、町や村の外(はず)れで、シカ(鹿)などの動物が
kk_～番地_～ばんち,～番地,～ばんち,番:◆順に並んでいるものを次々に入れ替えながら繰り返すこと、またその順位、またその順位に当たること、「輪番(リンバン、順番に交替しながら繰り返すこと)」「當番(トウ; 地:◆重い陰気が(下に沈み)集まるところ、万物が居並ぶ(存在する)ところ、軽い陽気が(上に浮き)集まるところを「天(テン)」、「【說文解字注:土部:地】元气初分輕清,N4,on,on+on,,番:◆順に並んでいるものを次々に入れ替えながら繰り返すこと、またその順位、またその順位に当たること、「輪番(リンバン、順番に交替しながら繰り返すこと)」「當番(トウ; 地:◆重い陰気が(下に沈み)集まるところ、万物が居並ぶ(存在する)ところ、軽い陽気が(上に浮き)集まるところを「天(テン)」、「【說文解字注:土部:地】元气初分輕清
kk_～番線_～ばんせん,～番線,～ばんせん,番:◆順に並んでいるものを次々に入れ替えながら繰り返すこと、またその順位、またその順位に当たること、「輪番(リンバン、順番に交替しながら繰り返すこと)」「當番(トウ; 線:◆糸や紐(ひも)、糸や紐のように細く長いもの、同「綫」「絤」「𦇫」「綖」◆糸や紐のように途切れずに長く延びているもの、二つの点と点を結ぶもの、またその形状や状態,N4,on,on+on,,番:◆順に並んでいるものを次々に入れ替えながら繰り返すこと、またその順位、またその順位に当たること、「輪番(リンバン、順番に交替しながら繰り返すこと)」「當番(トウ; 線:◆糸や紐(ひも)、糸や紐のように細く長いもの、同「綫」「絤」「𦇫」「綖」◆糸や紐のように途切れずに長く延びているもの、二つの点と点を結ぶもの、またその形状や状態
kk_～目_～め,～目,～め,目:◆眼(め、眼球ガンキュウ、黒目くろめ)・白目(しろめ、結膜ケツマク)・視神経などを含むものを見る器官全体、またその形状や様子や機能◆ものを見る、また見分ける◆眼,N4,kun,kun,IL2_single_default(kun 84%),目:◆眼(め、眼球ガンキュウ、黒目くろめ)・白目(しろめ、結膜ケツマク)・視神経などを含むものを見る器官全体、またその形状や様子や機能◆ものを見る、また見分ける◆眼
kk_～県_～けん,～県,～けん,県:◆懸(か)ける、掛(か)ける、掛けてぶら下げる、同「懸」◆懸け離れる、隔(へだ)たる、同「懸」◆王畿(オウキ)、京畿(ケイキ)、天子の支配が及ぶ地、同「寰」、「,N4,other,unknown,IL2_single_default(kun 84%),県:◆懸(か)ける、掛(か)ける、掛けてぶら下げる、同「懸」◆懸け離れる、隔(へだ)たる、同「懸」◆王畿(オウキ)、京畿(ケイキ)、天子の支配が及ぶ地、同「寰」、「
kk_～科_～か,～科,～か,科:◆穀物の生産量や品質の良し悪しの程度を幾つかに区分し順に並べたもの、等級◆罪の軽重に従い量刑を定める、またそれを適用する(科する)◆分類し同等のものを一つに纏(,N4,other,unknown,IL2_single_default(kun 84%),科:◆穀物の生産量や品質の良し悪しの程度を幾つかに区分し順に並べたもの、等級◆罪の軽重に従い量刑を定める、またそれを適用する(科する)◆分類し同等のものを一つに纏(
kk_～秒_～びょう,～秒,～びょう,秒:◆芒(のぎ)、イネ(稲、イネ科イネ属の穀物)などの穀物の穂の先端から伸びる細いひげ状のもの、同「𥤎」「𥢕」◆微細(ビサイ)なさま、とても小さいさま、同「杪」◆時,N4,on,on~,IL2_on_only(on 99%),秒:◆芒(のぎ)、イネ(稲、イネ科イネ属の穀物)などの穀物の穂の先端から伸びる細いひげ状のもの、同「𥤎」「𥢕」◆微細(ビサイ)なさま、とても小さいさま、同「杪」◆時
kk_～箱_～はこ,～箱,～はこ,箱:◆ものを収納(収蔵)する方形の入れ物、四周が囲われ上面・下面が塞(ふさ)がれているもの、小形のものは「篋(キョウ、はこ)」、またそのような形のもの◆人や物を入れ,N4,kun,kun,IL2_single_default(kun 84%) | B_noun_rad_竹(kun 93%),箱:◆ものを収納(収蔵)する方形の入れ物、四周が囲われ上面・下面が塞(ふさ)がれているもの、小形のものは「篋(キョウ、はこ)」、またそのような形のもの◆人や物を入れ
kk_～終わる_～おわる,～終わる,～おわる,終:◆途切れずに続いているものの後方の部分、始まりの部分は「始」◆続いていたものが尽きる、これから先はないところにまで到(いた)る◆最後に、ついに、しまいに、とうと,N4,kun,kun,IL1_okurigana(kun 96%) | IL2_single_okuri(kun 96%),終:◆途切れずに続いているものの後方の部分、始まりの部分は「始」◆続いていたものが尽きる、これから先はないところにまで到(いた)る◆最後に、ついに、しまいに、とうと
kk_～製_～せい,～製,～せい,製:◆形に合わせて布(ぬの)を断(た)つ、布を断ち衣服に仕立てる、同「裁」◆目的とする形に作る、また形を整(ととの)える、同簡「制」,N4,on,on~,IL2_on_only(on 99%),製:◆形に合わせて布(ぬの)を断(た)つ、布を断ち衣服に仕立てる、同「裁」◆目的とする形に作る、また形を整(ととの)える、同簡「制」
kk_～軒_～けん,～軒,～けん,軒:◆重心を後寄りにして前部が持ち上がるようにした車、大夫(タイフ)以上の高位の人が乗る車、重心を前寄りにして後部が持ち上がる車を「輊」◆屋根の建物から外に張り出し,N4,other,unknown,IL2_single_default(kun 84%),軒:◆重心を後寄りにして前部が持ち上がるようにした車、大夫(タイフ)以上の高位の人が乗る車、重心を前寄りにして後部が持ち上がる車を「輊」◆屋根の建物から外に張り出し
kk_～過ぎる_～すぎる,～過ぎる,～すぎる,過:◆度(ド、度合、節度、法度、限度、程度など)を越える(超える)◆度を越えて(超えて)しまう、誤(あやま)る◆時(とき、時代、時期、季節、月日、時間など)を通り越,N4,kun,kun,IL1_okurigana(kun 96%) | IL2_single_okuri(kun 96%),過:◆度(ド、度合、節度、法度、限度、程度など)を越える(超える)◆度を越えて(超えて)しまう、誤(あやま)る◆時(とき、時代、時期、季節、月日、時間など)を通り越
