guid,Word,Reading,Meaning,Level,ReadingType,Pattern,Rules,KanjiDetail
kk_jupon（法）_ズボン,jupon（法）,ズボン,法:◆規律を維持するための決まり、守り従うべき制度や規則、私的なものではなく公(おおやけ)のものを指す◆標準的な或いは慣例となっているやり方、またそれらに従う◆基準,N5,other,unknown,IL2_single_default(kun 84%),法:◆規律を維持するための決まり、守り従うべき制度や規則、私的なものではなく公(おおやけ)のものを指す◆標準的な或いは慣例となっているやり方、またそれらに従う◆基準
kk_kop（荷）_コップ,kop（荷）,コップ,荷:◆ハス(蓮)、ハス科ハス属の水草、ハスの花・実・茎・根茎など全体を指す、別名「芙蕖(フキョ)」、「【爾雅注疏:釋草】荷芙渠(…)其莖茄其葉蕸其本蔤(《注》莖下白,N5,other,unknown,IL2_single_default(kun 84%),荷:◆ハス(蓮)、ハス科ハス属の水草、ハスの花・実・茎・根茎など全体を指す、別名「芙蕖(フキョ)」、「【爾雅注疏:釋草】荷芙渠(…)其莖茄其葉蕸其本蔤(《注》莖下白
kk_match/（燐寸）_マッチ,match/（燐寸）,マッチ,燐:◆(黄燐などのように)自然発火し空中を動き回る青白い火、鬼火(おにび、空中を動き回る青白い火、古く原因が分からず鬼が点けた火と考えられた)、螢火(ほたるび、ホタ; 寸:◆長さの単位、1寸=10分、10寸=1尺 ◆非常に短い、(時間が、長さが)ほんの少し◆すん、すんづくり、部首名,N5,on,on+on~,A3_short_compound(on+on 71%),燐:◆(黄燐などのように)自然発火し空中を動き回る青白い火、鬼火(おにび、空中を動き回る青白い火、古く原因が分からず鬼が点けた火と考えられた)、螢火(ほたるび、ホタ; 寸:◆長さの単位、1寸=10分、10寸=1尺 ◆非常に短い、(時間が、長さが)ほんの少し◆すん、すんづくり、部首名
kk_あの様_あのよう,あの様,あのよう,様:◆物事の性格や状態、また姿や形、あり方また見掛け◆形や姿、状態やあり方、方法や方式、同「𢳌」◆形や姿・状態やあり方・方法や方式などの種類を数える語◆クヌギ(櫟、,N5,other,unknown,IL1_okurigana(kun 96%) | IL2_single_okuri(kun 96%) | B_noun_rad_木(kun 93%),様:◆物事の性格や状態、また姿や形、あり方また見掛け◆形や姿、状態やあり方、方法や方式、同「𢳌」◆形や姿・状態やあり方・方法や方式などの種類を数える語◆クヌギ(櫟、
kk_お婆さん_おばあさん,お婆さん,おばあさん,婆:◆年老いた女性◆夫の母、また祖母(ソボ)◆「娑婆(サバ、シャバ)」◇耐え忍ぶべき世界、現世、梵語のsahāの音写◇[日]軍隊や牢獄などの束縛されている世界から見,N5,other,unknown,IL1_okurigana(kun 96%) | IL2_single_okuri(kun 96%),婆:◆年老いた女性◆夫の母、また祖母(ソボ)◆「娑婆(サバ、シャバ)」◇耐え忍ぶべき世界、現世、梵語のsahāの音写◇[日]軍隊や牢獄などの束縛されている世界から見
kk_お子さん_おこさん,お子さん,おこさん,子:◆母親から産まれるもの、古くは男女を問わず「子」といったが、現代中国では男の子(息子)を指す◆新しく産まれる(生まれる)ものの元となるもの、植物の種や実、動物の,N5,kun,kun,IL1_okurigana(kun 96%) | IL2_single_okuri(kun 96%),子:◆母親から産まれるもの、古くは男女を問わず「子」といったが、現代中国では男の子(息子)を指す◆新しく産まれる(生まれる)ものの元となるもの、植物の種や実、動物の
kk_お客さん_おきゃくさん,お客さん,おきゃくさん,客:◆他からやって来て他人の家・宿舎・旅館・店などに立ち寄る人、また身を寄せる人、主(あるじ)が自らの家などに受け入れた人、招いた人かどうかは問わない◆退く、過ぎ去,N5,on,on~,IL1_okurigana(kun 96%) | IL2_single_okuri(kun 96%) | B_noun_rad_宀(kun 93%),客:◆他からやって来て他人の家・宿舎・旅館・店などに立ち寄る人、また身を寄せる人、主(あるじ)が自らの家などに受け入れた人、招いた人かどうかは問わない◆退く、過ぎ去
kk_お巡りさん_おまわりさん,お巡りさん,おまわりさん,巡:◆視察しに行く、(視察地を)見て回る◆順に沿って一回りする,N5,other,unknown,IL1_okurigana(kun 96%) | IL2_single_okuri(kun 96%),巡:◆視察しに行く、(視察地を)見て回る◆順に沿って一回りする
kk_お握り_おにぎり,お握り,おにぎり,握:◆掌(てのひら)と五本の指でしっかりと掴(つか)む◆しっかりと手の中に入れる◆一掴(ひとつか)み(片手で握った量),N5,kun,kun,IL1_okurigana(kun 96%) | IL2_single_okuri(kun 96%) | B_verb_rad_手(kun 80%),握:◆掌(てのひら)と五本の指でしっかりと掴(つか)む◆しっかりと手の中に入れる◆一掴(ひとつか)み(片手で握った量)
kk_お爺さん_おじいさん,お爺さん,おじいさん,爺:◆父(ちち)、父親、お父さん◆[日]老年の男性,N5,kun,kun,IL1_okurigana(kun 96%) | IL2_single_okuri(kun 96%),爺:◆父(ちち)、父親、お父さん◆[日]老年の男性
kk_お腹_おなか,お腹,おなか,腹:◆体の前側(四足・多足の動物の場合は下側)の胸の下から骨盤までの胃や腸のある部分、同「肚」 ◆ものの前面、背の反対側◆胎内、ものの内部、心の内、心の内にある考え,N5,other,unknown,IL1_okurigana(kun 96%) | IL2_single_okuri(kun 96%),腹:◆体の前側(四足・多足の動物の場合は下側)の胸の下から骨盤までの胃や腸のある部分、同「肚」 ◆ものの前面、背の反対側◆胎内、ものの内部、心の内、心の内にある考え
kk_お茶_おちゃ,お茶,おちゃ,茶:◆チャ(茶)、チャノキ(茶の木)、ツバキ科ツバキ属の木 ◆チャノキの若葉を摘(つ)み煎(せん)じて飲料用に加工したもの、遅い時期に摘み取った茶葉を使ったものは「,N5,on,on~,IL1_okurigana(kun 96%) | IL2_single_okuri(kun 96%),茶:◆チャ(茶)、チャノキ(茶の木)、ツバキ科ツバキ属の木 ◆チャノキの若葉を摘(つ)み煎(せん)じて飲料用に加工したもの、遅い時期に摘み取った茶葉を使ったものは「
kk_お菓子_おかし,お菓子,おかし,菓:◆食用となる草木の実や果実、同「果」◆[日]食事以外に食(しょく)する食べ物、「菓子(かし)」; 子:◆母親から産まれるもの、古くは男女を問わず「子」といったが、現代中国では男の子(息子)を指す◆新しく産まれる(生まれる)ものの元となるもの、植物の種や実、動物の,N5,on,on+on,IL1_okurigana(kun 96%) | A1_compound_oku(kun 90%) | A1_on_kun_mix(on+kun 65%),菓:◆食用となる草木の実や果実、同「果」◆[日]食事以外に食(しょく)する食べ物、「菓子(かし)」; 子:◆母親から産まれるもの、古くは男女を問わず「子」といったが、現代中国では男の子(息子)を指す◆新しく産まれる(生まれる)ものの元となるもの、植物の種や実、動物の
kk_この前_このまえ,この前,このまえ,前:◆(前に)進む、またその方向、同「先」、「前途(ぜんと、目的地に向かう道のり、将来)」◆位置的には先の方向、時間的には過去の方向、順序では上位の方向、同「先」、,N5,kun,kun,IL1_okurigana(kun 96%) | IL2_single_okuri(kun 96%) | B_verb_rad_刀(kun 80%),前:◆(前に)進む、またその方向、同「先」、「前途(ぜんと、目的地に向かう道のり、将来)」◆位置的には先の方向、時間的には過去の方向、順序では上位の方向、同「先」、
kk_この様_このよう,この様,このよう,様:◆物事の性格や状態、また姿や形、あり方また見掛け◆形や姿、状態やあり方、方法や方式、同「𢳌」◆形や姿・状態やあり方・方法や方式などの種類を数える語◆クヌギ(櫟、,N5,other,unknown,IL1_okurigana(kun 96%) | IL2_single_okuri(kun 96%) | B_noun_rad_木(kun 93%),様:◆物事の性格や状態、また姿や形、あり方また見掛け◆形や姿、状態やあり方、方法や方式、同「𢳌」◆形や姿・状態やあり方・方法や方式などの種類を数える語◆クヌギ(櫟、
kk_ご飯_ごはん,ご飯,ごはん,飯:◆米などの穀物を煮たり炊(た)いたりして柔らかくした(食べやすくした)もの◆(毎日定期的に摂とる)食事◆食べ物を食べる、食べ物を与える,N5,other,unknown,IL1_okurigana(kun 96%) | IL2_single_okuri(kun 96%),飯:◆米などの穀物を煮たり炊(た)いたりして柔らかくした(食べやすくした)もの◆(毎日定期的に摂とる)食事◆食べ物を食べる、食べ物を与える
kk_じゃが芋_ジャガいも,じゃが芋,ジャガいも,芋:◆澱粉などの養分を貯えて肥大した根茎、塊根(カイコン)、塊根を食用とする植物の総称 ◆サトイモ(里芋)、サトイモ科サトイモ属、サトイモ科の植物、中国では「芋(ウ,N5,kun,kun,IL1_okurigana(kun 96%) | IL2_single_okuri(kun 96%),芋:◆澱粉などの養分を貯えて肥大した根茎、塊根(カイコン)、塊根を食用とする植物の総称 ◆サトイモ(里芋)、サトイモ科サトイモ属、サトイモ科の植物、中国では「芋(ウ
kk_ただ今_ただいま,ただ今,ただいま,今:◆現在、この時(とき)、この時代、現在を挟んで前後に比較的短い時間また月日また時代◆すぐに、間もなく,N5,kun,kun,IL1_okurigana(kun 96%) | IL2_single_okuri(kun 96%),今:◆現在、この時(とき)、この時代、現在を挟んで前後に比較的短い時間また月日また時代◆すぐに、間もなく
kk_一つ_ひとつ,一つ,ひとつ,一:◆最初、最初の数、最も小さい数、同「壹」 ◆(幾つかあるものの内の、全体の中の)一つ、一つの、一つに、それだけ、ひたすら、同「壹」◆同じ、等しい、「同じ一つのも,N5,kun,kun,IL1_okurigana(kun 96%) | IL2_single_okuri(kun 96%),一:◆最初、最初の数、最も小さい数、同「壹」 ◆(幾つかあるものの内の、全体の中の)一つ、一つの、一つに、それだけ、ひたすら、同「壹」◆同じ、等しい、「同じ一つのも
kk_一人_ひとり,一人,ひとり,一:◆最初、最初の数、最も小さい数、同「壹」 ◆(幾つかあるものの内の、全体の中の)一つ、一つの、一つに、それだけ、ひたすら、同「壹」◆同じ、等しい、「同じ一つのも; 人:◆霊長目ヒト科ヒト属の生物、ホモ・サピエンスHomo sapiens(「知恵の人」の意)、同「儿」◆自分以外の者、「人我(ジンガ、他人と自分)」◆人の数(かず),N5,kun,kun+kun~,A3_short_compound(on+on 71%),一:◆最初、最初の数、最も小さい数、同「壹」 ◆(幾つかあるものの内の、全体の中の)一つ、一つの、一つに、それだけ、ひたすら、同「壹」◆同じ、等しい、「同じ一つのも; 人:◆霊長目ヒト科ヒト属の生物、ホモ・サピエンスHomo sapiens(「知恵の人」の意)、同「儿」◆自分以外の者、「人我(ジンガ、他人と自分)」◆人の数(かず)
kk_一日_いちにち,一日,いちにち,一:◆最初、最初の数、最も小さい数、同「壹」 ◆(幾つかあるものの内の、全体の中の)一つ、一つの、一つに、それだけ、ひたすら、同「壹」◆同じ、等しい、「同じ一つのも; 日:◆太陽◆太陽が出ている間、昼間、夜明けから日没まで◆一昼夜、朝から次の朝まで、またその繰り返し、またその繰り返しを数える語◆候(コウ)、時節、頃(ケイ、ころ)◆,N5,on,on+on,,一:◆最初、最初の数、最も小さい数、同「壹」 ◆(幾つかあるものの内の、全体の中の)一つ、一つの、一つに、それだけ、ひたすら、同「壹」◆同じ、等しい、「同じ一つのも; 日:◆太陽◆太陽が出ている間、昼間、夜明けから日没まで◆一昼夜、朝から次の朝まで、またその繰り返し、またその繰り返しを数える語◆候(コウ)、時節、頃(ケイ、ころ)◆
kk_一日_ついたち,一日,ついたち,一:◆最初、最初の数、最も小さい数、同「壹」 ◆(幾つかあるものの内の、全体の中の)一つ、一つの、一つに、それだけ、ひたすら、同「壹」◆同じ、等しい、「同じ一つのも; 日:◆太陽◆太陽が出ている間、昼間、夜明けから日没まで◆一昼夜、朝から次の朝まで、またその繰り返し、またその繰り返しを数える語◆候(コウ)、時節、頃(ケイ、ころ)◆,N5,other,mixed+mixed~,,一:◆最初、最初の数、最も小さい数、同「壹」 ◆(幾つかあるものの内の、全体の中の)一つ、一つの、一つに、それだけ、ひたすら、同「壹」◆同じ、等しい、「同じ一つのも; 日:◆太陽◆太陽が出ている間、昼間、夜明けから日没まで◆一昼夜、朝から次の朝まで、またその繰り返し、またその繰り返しを数える語◆候(コウ)、時節、頃(ケイ、ころ)◆
kk_一昨年_おととし,一昨年,おととし,一:◆最初、最初の数、最も小さい数、同「壹」 ◆(幾つかあるものの内の、全体の中の)一つ、一つの、一つに、それだけ、ひたすら、同「壹」◆同じ、等しい、「同じ一つのも; 昨:◆夜を挟んで一つ前の日◆一つ前の月や年◆過去、以前; 年:◆穀物が稔(みの)る、同「秊」◆農作物を収穫してから次の収穫期までの期間、四季(二十四節気)を一巡する期間、year◆誕生してから生きてその誕生日を通り過ぎた回,N5,on,mixed+on+mixed~,A4_multi_on(on+on+on 65%),一:◆最初、最初の数、最も小さい数、同「壹」 ◆(幾つかあるものの内の、全体の中の)一つ、一つの、一つに、それだけ、ひたすら、同「壹」◆同じ、等しい、「同じ一つのも; 昨:◆夜を挟んで一つ前の日◆一つ前の月や年◆過去、以前; 年:◆穀物が稔(みの)る、同「秊」◆農作物を収穫してから次の収穫期までの期間、四季(二十四節気)を一巡する期間、year◆誕生してから生きてその誕生日を通り過ぎた回
kk_一昨日_おととい,一昨日,おととい,一:◆最初、最初の数、最も小さい数、同「壹」 ◆(幾つかあるものの内の、全体の中の)一つ、一つの、一つに、それだけ、ひたすら、同「壹」◆同じ、等しい、「同じ一つのも; 昨:◆夜を挟んで一つ前の日◆一つ前の月や年◆過去、以前; 日:◆太陽◆太陽が出ている間、昼間、夜明けから日没まで◆一昼夜、朝から次の朝まで、またその繰り返し、またその繰り返しを数える語◆候(コウ)、時節、頃(ケイ、ころ)◆,N5,on,mixed+on+mixed~,A4_multi_on(on+on+on 65%),一:◆最初、最初の数、最も小さい数、同「壹」 ◆(幾つかあるものの内の、全体の中の)一つ、一つの、一つに、それだけ、ひたすら、同「壹」◆同じ、等しい、「同じ一つのも; 昨:◆夜を挟んで一つ前の日◆一つ前の月や年◆過去、以前; 日:◆太陽◆太陽が出ている間、昼間、夜明けから日没まで◆一昼夜、朝から次の朝まで、またその繰り返し、またその繰り返しを数える語◆候(コウ)、時節、頃(ケイ、ころ)◆
kk_一月_ひとつき,一月,ひとつき,一:◆最初、最初の数、最も小さい数、同「壹」 ◆(幾つかあるものの内の、全体の中の)一つ、一つの、一つに、それだけ、ひたすら、同「壹」◆同じ、等しい、「同じ一つのも; 月:◆地球の衛星の名、太陰(タイイン)、「日」を「太陽」というのに対して月を「太陰」という◆一年をほぼ十二等分した期間、新月(月が見えなくなる日)から次の新月までの,N5,kun,kun+kun~,,一:◆最初、最初の数、最も小さい数、同「壹」 ◆(幾つかあるものの内の、全体の中の)一つ、一つの、一つに、それだけ、ひたすら、同「壹」◆同じ、等しい、「同じ一つのも; 月:◆地球の衛星の名、太陰(タイイン)、「日」を「太陽」というのに対して月を「太陰」という◆一年をほぼ十二等分した期間、新月(月が見えなくなる日)から次の新月までの
kk_一杯_いっぱい,一杯,いっぱい,一:◆最初、最初の数、最も小さい数、同「壹」 ◆(幾つかあるものの内の、全体の中の)一つ、一つの、一つに、それだけ、ひたすら、同「壹」◆同じ、等しい、「同じ一つのも; 杯:◆酒・茶・スープsoupなどの液状の飲み物を飲むための器の総称、一般に手に持てる程度の大きさのものでやや浅めの器 ◆液体の入った容器の数また容器に液体を満たした,N5,other,mixed+mixed~,B_noun_rad_木(kun 93%),一:◆最初、最初の数、最も小さい数、同「壹」 ◆(幾つかあるものの内の、全体の中の)一つ、一つの、一つに、それだけ、ひたすら、同「壹」◆同じ、等しい、「同じ一つのも; 杯:◆酒・茶・スープsoupなどの液状の飲み物を飲むための器の総称、一般に手に持てる程度の大きさのものでやや浅めの器 ◆液体の入った容器の数また容器に液体を満たした
kk_一番_いちばん,一番,いちばん,一:◆最初、最初の数、最も小さい数、同「壹」 ◆(幾つかあるものの内の、全体の中の)一つ、一つの、一つに、それだけ、ひたすら、同「壹」◆同じ、等しい、「同じ一つのも; 番:◆順に並んでいるものを次々に入れ替えながら繰り返すこと、またその順位、またその順位に当たること、「輪番(リンバン、順番に交替しながら繰り返すこと)」「當番(トウ,N5,on,on+on,,一:◆最初、最初の数、最も小さい数、同「壹」 ◆(幾つかあるものの内の、全体の中の)一つ、一つの、一つに、それだけ、ひたすら、同「壹」◆同じ、等しい、「同じ一つのも; 番:◆順に並んでいるものを次々に入れ替えながら繰り返すこと、またその順位、またその順位に当たること、「輪番(リンバン、順番に交替しながら繰り返すこと)」「當番(トウ
kk_一緒_いっしょ,一緒,いっしょ,一:◆最初、最初の数、最も小さい数、同「壹」 ◆(幾つかあるものの内の、全体の中の)一つ、一つの、一つに、それだけ、ひたすら、同「壹」◆同じ、等しい、「同じ一つのも; 緒:◆長い糸の先端、糸口(いとぐち)、「端緒(タンショ、タンチョ)」◆物事などの始まり、発端(ホッタン)、「緒言(ショゲン)」◆家系などの途切れずに続く繋(つな)が,N5,on,on+on,A3_short_compound(on+on 71%),一:◆最初、最初の数、最も小さい数、同「壹」 ◆(幾つかあるものの内の、全体の中の)一つ、一つの、一つに、それだけ、ひたすら、同「壹」◆同じ、等しい、「同じ一つのも; 緒:◆長い糸の先端、糸口(いとぐち)、「端緒(タンショ、タンチョ)」◆物事などの始まり、発端(ホッタン)、「緒言(ショゲン)」◆家系などの途切れずに続く繋(つな)が
kk_一緒に_いっしょに,一緒に,いっしょに,一:◆最初、最初の数、最も小さい数、同「壹」 ◆(幾つかあるものの内の、全体の中の)一つ、一つの、一つに、それだけ、ひたすら、同「壹」◆同じ、等しい、「同じ一つのも; 緒:◆長い糸の先端、糸口(いとぐち)、「端緒(タンショ、タンチョ)」◆物事などの始まり、発端(ホッタン)、「緒言(ショゲン)」◆家系などの途切れずに続く繋(つな)が,N5,on,on+on~,IL1_okurigana(kun 96%) | A1_compound_oku(kun 90%) | A1_on_kun_mix(on+kun 65%),一:◆最初、最初の数、最も小さい数、同「壹」 ◆(幾つかあるものの内の、全体の中の)一つ、一つの、一つに、それだけ、ひたすら、同「壹」◆同じ、等しい、「同じ一つのも; 緒:◆長い糸の先端、糸口(いとぐち)、「端緒(タンショ、タンチョ)」◆物事などの始まり、発端(ホッタン)、「緒言(ショゲン)」◆家系などの途切れずに続く繋(つな)が
kk_丁寧_ていねい,丁寧,ていねい,丁:◆ひのと、十干(ジッカン、甲・乙・丙・丁・戊・己・庚・辛・壬・癸)の四番目 ◆賦役(フエキ)に徴用される年齢に達した(成年に達した)成人男性、壮年の(働き盛りの; 寧:◆穏(おだ)やかで心安(やす)らかなさま、不安も心配もなく心が安らぐさま、同「甯」◆むし・ろ、どちらかと言うならば～、「Ａ寧Ｂ」の用法で「Ａであるよりはどちらか,N5,on,on+on,B_noun_rad_宀(kun 93%),丁:◆ひのと、十干(ジッカン、甲・乙・丙・丁・戊・己・庚・辛・壬・癸)の四番目 ◆賦役(フエキ)に徴用される年齢に達した(成年に達した)成人男性、壮年の(働き盛りの; 寧:◆穏(おだ)やかで心安(やす)らかなさま、不安も心配もなく心が安らぐさま、同「甯」◆むし・ろ、どちらかと言うならば～、「Ａ寧Ｂ」の用法で「Ａであるよりはどちらか
kk_丁度_ちょうど,丁度,ちょうど,丁:◆ひのと、十干(ジッカン、甲・乙・丙・丁・戊・己・庚・辛・壬・癸)の四番目 ◆賦役(フエキ)に徴用される年齢に達した(成年に達した)成人男性、壮年の(働き盛りの; 度:◆長さを測(はか)る際に基準となる物差し(ものさし)、またその目盛(めもり)、「度量(ドリョウ、長さと容量、人の言動をどの程度容認できるかの大きさ)」「法度(ハ,N5,on,on+on,A3_short_compound(on+on 71%) | B_noun_rad_广(kun 93%),丁:◆ひのと、十干(ジッカン、甲・乙・丙・丁・戊・己・庚・辛・壬・癸)の四番目 ◆賦役(フエキ)に徴用される年齢に達した(成年に達した)成人男性、壮年の(働き盛りの; 度:◆長さを測(はか)る際に基準となる物差し(ものさし)、またその目盛(めもり)、「度量(ドリョウ、長さと容量、人の言動をどの程度容認できるかの大きさ)」「法度(ハ
kk_七つ_ななつ,七つ,ななつ,七:◆数の名、七番目,N5,kun,kun,IL1_okurigana(kun 96%) | IL2_single_okuri(kun 96%),七:◆数の名、七番目
kk_七五三_しちごさん,七五三,しちごさん,七:◆数の名、七番目; 五:◆数の名、五番目の数、真ん中の数 ◆五人を一組とした軍隊の編成単位、同「伍」◆工尺譜(コウセキフ、コウシャクフ、楽譜の表記法の一つ)で「ラ」の音を表す; 三:◆数の名、三番目,N5,on,on+on+on,A4_multi_on(on+on+on 65%),七:◆数の名、七番目; 五:◆数の名、五番目の数、真ん中の数 ◆五人を一組とした軍隊の編成単位、同「伍」◆工尺譜(コウセキフ、コウシャクフ、楽譜の表記法の一つ)で「ラ」の音を表す; 三:◆数の名、三番目
kk_七日_なのか,七日,なのか,七:◆数の名、七番目; 日:◆太陽◆太陽が出ている間、昼間、夜明けから日没まで◆一昼夜、朝から次の朝まで、またその繰り返し、またその繰り返しを数える語◆候(コウ)、時節、頃(ケイ、ころ)◆,N5,kun,kun+kun~,A3_short_compound(on+on 71%),七:◆数の名、七番目; 日:◆太陽◆太陽が出ている間、昼間、夜明けから日没まで◆一昼夜、朝から次の朝まで、またその繰り返し、またその繰り返しを数える語◆候(コウ)、時節、頃(ケイ、ころ)◆
kk_万_まん,万,まん,万:◆千の十倍 ◆数え切れないほど多いさま、極めて多いさま◆あらゆる、どんなものも、全て◆決して、絶対に、「萬萬(バンバン)」◆「万俟(ボクキ)」、姓、同「𢄏俟」、,N5,on,on,IL2_single_default(kun 84%),万:◆千の十倍 ◆数え切れないほど多いさま、極めて多いさま◆あらゆる、どんなものも、全て◆決して、絶対に、「萬萬(バンバン)」◆「万俟(ボクキ)」、姓、同「𢄏俟」、
kk_万年筆_まんねんひつ,万年筆,まんねんひつ,万:◆千の十倍 ◆数え切れないほど多いさま、極めて多いさま◆あらゆる、どんなものも、全て◆決して、絶対に、「萬萬(バンバン)」◆「万俟(ボクキ)」、姓、同「𢄏俟」、; 年:◆穀物が稔(みの)る、同「秊」◆農作物を収穫してから次の収穫期までの期間、四季(二十四節気)を一巡する期間、year◆誕生してから生きてその誕生日を通り過ぎた回; 筆:◆墨や絵の具を穂先に含ませて字を書いたり絵を描いたりする道具、またそれで字を書く、また絵を描く、またそれで書いた(描いた)字や絵,N5,on,on+on+on,A4_multi_on(on+on+on 65%) | B_noun_rad_竹(kun 93%),万:◆千の十倍 ◆数え切れないほど多いさま、極めて多いさま◆あらゆる、どんなものも、全て◆決して、絶対に、「萬萬(バンバン)」◆「万俟(ボクキ)」、姓、同「𢄏俟」、; 年:◆穀物が稔(みの)る、同「秊」◆農作物を収穫してから次の収穫期までの期間、四季(二十四節気)を一巡する期間、year◆誕生してから生きてその誕生日を通り過ぎた回; 筆:◆墨や絵の具を穂先に含ませて字を書いたり絵を描いたりする道具、またそれで字を書く、また絵を描く、またそれで書いた(描いた)字や絵
kk_丈夫_じょうぶ,丈夫,じょうぶ,丈:◆長さの単位、1丈=10尺 ◆年長者また老人に対する敬称、「老丈(ロウジョウ、ご老人)」◆「丈夫(ジョウフ)」◇夫(おっと)◇男(おとこ)、成人の男性◇堂々(ド; 夫:◆成年の男子◆おっと、妻の配偶者、妻が配偶者を呼ぶ語◆それ、言い出しの言葉,N5,other,mixed+mixed~,A3_short_compound(on+on 71%),丈:◆長さの単位、1丈=10尺 ◆年長者また老人に対する敬称、「老丈(ロウジョウ、ご老人)」◆「丈夫(ジョウフ)」◇夫(おっと)◇男(おとこ)、成人の男性◇堂々(ド; 夫:◆成年の男子◆おっと、妻の配偶者、妻が配偶者を呼ぶ語◆それ、言い出しの言葉
kk_三つ_みっつ,三つ,みっつ,三:◆数の名、三番目,N5,kun,kun,IL1_okurigana(kun 96%) | IL2_single_okuri(kun 96%),三:◆数の名、三番目
kk_三日_みっか,三日,みっか,三:◆数の名、三番目; 日:◆太陽◆太陽が出ている間、昼間、夜明けから日没まで◆一昼夜、朝から次の朝まで、またその繰り返し、またその繰り返しを数える語◆候(コウ)、時節、頃(ケイ、ころ)◆,N5,kun,kun+kun~,A3_short_compound(on+on 71%),三:◆数の名、三番目; 日:◆太陽◆太陽が出ている間、昼間、夜明けから日没まで◆一昼夜、朝から次の朝まで、またその繰り返し、またその繰り返しを数える語◆候(コウ)、時節、頃(ケイ、ころ)◆
kk_上_うえ,上,うえ,上:◆位置・場所・地位などが高い、高い方にある◆高い方に移る、昇る、登る◆順序・時間などが前、前の方にある◆前の方に移る◆等級・品質などが高い、優れている◆殿様、皇,N5,kun,kun,IL2_single_default(kun 84%),上:◆位置・場所・地位などが高い、高い方にある◆高い方に移る、昇る、登る◆順序・時間などが前、前の方にある◆前の方に移る◆等級・品質などが高い、優れている◆殿様、皇
kk_上げる_あげる,上げる,あげる,上:◆位置・場所・地位などが高い、高い方にある◆高い方に移る、昇る、登る◆順序・時間などが前、前の方にある◆前の方に移る◆等級・品質などが高い、優れている◆殿様、皇,N5,kun,kun,IL1_okurigana(kun 96%) | IL2_single_okuri(kun 96%),上:◆位置・場所・地位などが高い、高い方にある◆高い方に移る、昇る、登る◆順序・時間などが前、前の方にある◆前の方に移る◆等級・品質などが高い、優れている◆殿様、皇
kk_上手_じょうず,上手,じょうず,上:◆位置・場所・地位などが高い、高い方にある◆高い方に移る、昇る、登る◆順序・時間などが前、前の方にある◆前の方に移る◆等級・品質などが高い、優れている◆殿様、皇; 手:◆体や物体の一部で、胴から分かれ出て伸び、持つ・握る・叩く・ものを作る・操作するなどの機能を持つ部分、掌(たなごころ)と指を合わせた全体、腕の先の部分 ◆自(み,N5,other,mixed+mixed~,A3_short_compound(on+on 71%) | B_verb_rad_手(kun 80%),上:◆位置・場所・地位などが高い、高い方にある◆高い方に移る、昇る、登る◆順序・時間などが前、前の方にある◆前の方に移る◆等級・品質などが高い、優れている◆殿様、皇; 手:◆体や物体の一部で、胴から分かれ出て伸び、持つ・握る・叩く・ものを作る・操作するなどの機能を持つ部分、掌(たなごころ)と指を合わせた全体、腕の先の部分 ◆自(み
kk_上着_うわぎ,上着,うわぎ,上:◆位置・場所・地位などが高い、高い方にある◆高い方に移る、昇る、登る◆順序・時間などが前、前の方にある◆前の方に移る◆等級・品質などが高い、優れている◆殿様、皇; 着:◆目的や目標としている物事・場所などに届く、また達する、また到る、同「著」◆他のものに付く、同「著」◆き・る、衣服を身に付ける、同「著」◆火や明かりを点(つ)け,N5,other,mixed+mixed~,A3_short_compound(on+on 71%),上:◆位置・場所・地位などが高い、高い方にある◆高い方に移る、昇る、登る◆順序・時間などが前、前の方にある◆前の方に移る◆等級・品質などが高い、優れている◆殿様、皇; 着:◆目的や目標としている物事・場所などに届く、また達する、また到る、同「著」◆他のものに付く、同「著」◆き・る、衣服を身に付ける、同「著」◆火や明かりを点(つ)け
kk_下_した,下,した,下:◆位置・場所・地位などが低い、低い方にある◆低い方に移る、降りる、落ちる◆順序・時間などが後(あと)、後の方にある◆後の方に移る、後(うし)ろの方へ退く◆等級・,N5,kun,kun,IL2_single_default(kun 84%),下:◆位置・場所・地位などが低い、低い方にある◆低い方に移る、降りる、落ちる◆順序・時間などが後(あと)、後の方にある◆後の方に移る、後(うし)ろの方へ退く◆等級・
kk_下さる_くださる,下さる,くださる,下:◆位置・場所・地位などが低い、低い方にある◆低い方に移る、降りる、落ちる◆順序・時間などが後(あと)、後の方にある◆後の方に移る、後(うし)ろの方へ退く◆等級・,N5,kun,kun,IL1_okurigana(kun 96%) | IL2_single_okuri(kun 96%),下:◆位置・場所・地位などが低い、低い方にある◆低い方に移る、降りる、落ちる◆順序・時間などが後(あと)、後の方にある◆後の方に移る、後(うし)ろの方へ退く◆等級・
kk_下手_へた,下手,へた,下:◆位置・場所・地位などが低い、低い方にある◆低い方に移る、降りる、落ちる◆順序・時間などが後(あと)、後の方にある◆後の方に移る、後(うし)ろの方へ退く◆等級・; 手:◆体や物体の一部で、胴から分かれ出て伸び、持つ・握る・叩く・ものを作る・操作するなどの機能を持つ部分、掌(たなごころ)と指を合わせた全体、腕の先の部分 ◆自(み,N5,other,mixed+mixed~,A3_short_compound(on+on 71%) | B_verb_rad_手(kun 80%),下:◆位置・場所・地位などが低い、低い方にある◆低い方に移る、降りる、落ちる◆順序・時間などが後(あと)、後の方にある◆後の方に移る、後(うし)ろの方へ退く◆等級・; 手:◆体や物体の一部で、胴から分かれ出て伸び、持つ・握る・叩く・ものを作る・操作するなどの機能を持つ部分、掌(たなごころ)と指を合わせた全体、腕の先の部分 ◆自(み
kk_不味い_まずい,不味い,まずい,不:◆～でない、～ない、not、no、否定の語、同「弗」、「不可(フカ、認められない、してはならない)」「不知(フチ、知らない)」◆否(いな)、いや、いいや、同意で; 味:◆舌で感じる、舌の感覚◆「五味(ゴミ)」、舌の感覚(味)を五つに大別したもの、酸(酸っぱい味)苦(苦い味)辛(辛い味)鹹(塩辛い味)甘(甘い味)、「【禮記注疏(,N5,on,on+mixed~,IL1_okurigana(kun 96%) | A1_compound_oku(kun 90%) | A1_on_kun_mix(on+kun 65%),不:◆～でない、～ない、not、no、否定の語、同「弗」、「不可(フカ、認められない、してはならない)」「不知(フチ、知らない)」◆否(いな)、いや、いいや、同意で; 味:◆舌で感じる、舌の感覚◆「五味(ゴミ)」、舌の感覚(味)を五つに大別したもの、酸(酸っぱい味)苦(苦い味)辛(辛い味)鹹(塩辛い味)甘(甘い味)、「【禮記注疏(
kk_世界_せかい,世界,せかい,世:◆地位や家督を継(つ)いでから次の代(ダイ)に引き継ぐまでの期間、同「代」◆家督(カトク)を継(つ)ぐ、「【前漢書(漢書):卷四十八:賈誼傳】…賈嘉最好學世其家; 界:◆境(さかい)、境目(さかいめ)、区切り、同「堺」「𨺬」◆周(まわ)りが仕切られているところの内側、範囲(ハンイ),N5,on,on+on,A3_short_compound(on+on 71%),世:◆地位や家督を継(つ)いでから次の代(ダイ)に引き継ぐまでの期間、同「代」◆家督(カトク)を継(つ)ぐ、「【前漢書(漢書):卷四十八:賈誼傳】…賈嘉最好學世其家; 界:◆境(さかい)、境目(さかいめ)、区切り、同「堺」「𨺬」◆周(まわ)りが仕切られているところの内側、範囲(ハンイ)
kk_両親_りょうしん,両親,りょうしん,両:◆(対になる)二つ、またその双方、双方共に◆重量の単位、1斤=16両 ◆車の台数を表す語、同「輛」◆[日]貨幣の単位、金1両=銀60匁(江戸時代元禄期); 親:◆身近にいる、近しい◆関係が近い、関係が深い◆父母◆血縁・婚姻関係にある人◆深く付き合う、気兼ねなく接することができる、気の置けない◆自ら、自分で,N5,on,on+on,,両:◆(対になる)二つ、またその双方、双方共に◆重量の単位、1斤=16両 ◆車の台数を表す語、同「輛」◆[日]貨幣の単位、金1両=銀60匁(江戸時代元禄期); 親:◆身近にいる、近しい◆関係が近い、関係が深い◆父母◆血縁・婚姻関係にある人◆深く付き合う、気兼ねなく接することができる、気の置けない◆自ら、自分で
kk_並ぶ_ならぶ,並ぶ,ならぶ,並:◆二つの同じものが隣り合って同じ方向を向く、また同じ方向を向いて立つ◆～と同様に、～と同時に◆皆と同じ、程度が普通,N5,kun,kun,IL1_okurigana(kun 96%) | IL2_single_okuri(kun 96%),並:◆二つの同じものが隣り合って同じ方向を向く、また同じ方向を向いて立つ◆～と同様に、～と同時に◆皆と同じ、程度が普通
kk_並べる_ならべる,並べる,ならべる,並:◆二つの同じものが隣り合って同じ方向を向く、また同じ方向を向いて立つ◆～と同様に、～と同時に◆皆と同じ、程度が普通,N5,kun,kun,IL1_okurigana(kun 96%) | IL2_single_okuri(kun 96%),並:◆二つの同じものが隣り合って同じ方向を向く、また同じ方向を向いて立つ◆～と同様に、～と同時に◆皆と同じ、程度が普通
kk_中_なか,中,なか,中:◆ものとものの間にあってどちらにも偏(かたよ)らない位置◆上下・高低・大小などの間(あいだ)に位置する人や物や場所、同「仲」◆始点(出発地)から終点(目的地)ま,N5,kun,kun,IL2_single_default(kun 84%),中:◆ものとものの間にあってどちらにも偏(かたよ)らない位置◆上下・高低・大小などの間(あいだ)に位置する人や物や場所、同「仲」◆始点(出発地)から終点(目的地)ま
kk_中学校_ちゅうがっこう,中学校,ちゅうがっこう,中:◆ものとものの間にあってどちらにも偏(かたよ)らない位置◆上下・高低・大小などの間(あいだ)に位置する人や物や場所、同「仲」◆始点(出発地)から終点(目的地)ま; 学:◆(教えを受けながら、見て倣いながら)知識や技術などを身に付ける、習得する、またその内容、知識や技術などを授(さず)けることを「教」◆教えを受け知識や技術などを; 校:◆木製の枷(かせ)、罪人の首・手・足などに嵌(は)めて自由を奪う刑具◆(陣地の周囲に張り巡らせる、或いは狩猟の際に獲物を追い込む)格子状に組んだ柵(さく)◆武官,N5,on,mixed+mixed+on~,A4_multi_on(on+on+on 65%) | B_noun_rad_木(kun 93%),中:◆ものとものの間にあってどちらにも偏(かたよ)らない位置◆上下・高低・大小などの間(あいだ)に位置する人や物や場所、同「仲」◆始点(出発地)から終点(目的地)ま; 学:◆(教えを受けながら、見て倣いながら)知識や技術などを身に付ける、習得する、またその内容、知識や技術などを授(さず)けることを「教」◆教えを受け知識や技術などを; 校:◆木製の枷(かせ)、罪人の首・手・足などに嵌(は)めて自由を奪う刑具◆(陣地の周囲に張り巡らせる、或いは狩猟の際に獲物を追い込む)格子状に組んだ柵(さく)◆武官
kk_中学生_ちゅうがくせい,中学生,ちゅうがくせい,中:◆ものとものの間にあってどちらにも偏(かたよ)らない位置◆上下・高低・大小などの間(あいだ)に位置する人や物や場所、同「仲」◆始点(出発地)から終点(目的地)ま; 学:◆(教えを受けながら、見て倣いながら)知識や技術などを身に付ける、習得する、またその内容、知識や技術などを授(さず)けることを「教」◆教えを受け知識や技術などを; 生:◆う・まれる、それまでになかった新しいものが現れ出る、また新しいことが起こる◆い・きる、成長し活動できる状態で存在する、またその状態◆なま、現れ出た時のそのまま,N5,on,on+on+on,A4_multi_on(on+on+on 65%),中:◆ものとものの間にあってどちらにも偏(かたよ)らない位置◆上下・高低・大小などの間(あいだ)に位置する人や物や場所、同「仲」◆始点(出発地)から終点(目的地)ま; 学:◆(教えを受けながら、見て倣いながら)知識や技術などを身に付ける、習得する、またその内容、知識や技術などを授(さず)けることを「教」◆教えを受け知識や技術などを; 生:◆う・まれる、それまでになかった新しいものが現れ出る、また新しいことが起こる◆い・きる、成長し活動できる状態で存在する、またその状態◆なま、現れ出た時のそのまま
kk_中華料理_ちゅうかりょうり,中華料理,ちゅうかりょうり,中:◆ものとものの間にあってどちらにも偏(かたよ)らない位置◆上下・高低・大小などの間(あいだ)に位置する人や物や場所、同「仲」◆始点(出発地)から終点(目的地)ま; 華:◆花(はな)、同「花」◆花が咲き開くさま◆花のように美しいさま、美しい光を放つさま、同「花」◆栄えるさま、「栄華(エイガ)」◆漢民族の国、中国、「華夏(カカ)」; 料:◆升(ます、枡)で米などの物の嵩(かさ)を量(はか)る◆人や物の資質(シシツ)を量る、推(お)し量る、見当を付ける◆ものを作る際に量を決めて使うもの、それを使っ,N5,on,on+on+on+on,A4_multi_on(on+on+on+on 65%),中:◆ものとものの間にあってどちらにも偏(かたよ)らない位置◆上下・高低・大小などの間(あいだ)に位置する人や物や場所、同「仲」◆始点(出発地)から終点(目的地)ま; 華:◆花(はな)、同「花」◆花が咲き開くさま◆花のように美しいさま、美しい光を放つさま、同「花」◆栄えるさま、「栄華(エイガ)」◆漢民族の国、中国、「華夏(カカ)」; 料:◆升(ます、枡)で米などの物の嵩(かさ)を量(はか)る◆人や物の資質(シシツ)を量る、推(お)し量る、見当を付ける◆ものを作る際に量を決めて使うもの、それを使っ
kk_中華街_ちゅうかがい,中華街,ちゅうかがい,中:◆ものとものの間にあってどちらにも偏(かたよ)らない位置◆上下・高低・大小などの間(あいだ)に位置する人や物や場所、同「仲」◆始点(出発地)から終点(目的地)ま; 華:◆花(はな)、同「花」◆花が咲き開くさま◆花のように美しいさま、美しい光を放つさま、同「花」◆栄えるさま、「栄華(エイガ)」◆漢民族の国、中国、「華夏(カカ)」; 街:◆市中(シチュウ)の大通り、市中を区切るように通した道、四方に通じる道、「街道(カイドウ)」、大通りから外れた小路(こうじ)は「巷」◆その道で区切られた区画、「,N5,on,on+on+on,A4_multi_on(on+on+on 65%),中:◆ものとものの間にあってどちらにも偏(かたよ)らない位置◆上下・高低・大小などの間(あいだ)に位置する人や物や場所、同「仲」◆始点(出発地)から終点(目的地)ま; 華:◆花(はな)、同「花」◆花が咲き開くさま◆花のように美しいさま、美しい光を放つさま、同「花」◆栄えるさま、「栄華(エイガ)」◆漢民族の国、中国、「華夏(カカ)」; 街:◆市中(シチュウ)の大通り、市中を区切るように通した道、四方に通じる道、「街道(カイドウ)」、大通りから外れた小路(こうじ)は「巷」◆その道で区切られた区画、「
kk_丸い/円い_まるい,丸い/円い,まるい,丸:◆球状または円形、またそのような形のもの、またそのような形にする◆角(かど)が尖(とが)っていない、またそのような形のもの、またそのような形にする◆球状のものを; 円:◆丸い形、中心から等距離にある全ての点を順に結んだ線が成す形◆丸い、角(かど)がない、尖(とが)ったところがない◆丸くなる、丸く纏(まと)まる、誰にとっても満足,N5,kun,kun+kun~,IL1_okurigana(kun 96%) | A1_compound_oku(kun 90%) | A1_on_kun_mix(on+kun 65%),丸:◆球状または円形、またそのような形のもの、またそのような形にする◆角(かど)が尖(とが)っていない、またそのような形のもの、またそのような形にする◆球状のものを; 円:◆丸い形、中心から等距離にある全ての点を順に結んだ線が成す形◆丸い、角(かど)がない、尖(とが)ったところがない◆丸くなる、丸く纏(まと)まる、誰にとっても満足
kk_主人_しゅじん,主人,しゅじん,主:◆蝋燭やランプなどの灯心、同「炷」◆多くの中で特に重要な、またそのような人◆中心となるもの、中心にあるもの、またそのような人◆司(つかさど)る、中心となって統治; 人:◆霊長目ヒト科ヒト属の生物、ホモ・サピエンスHomo sapiens(「知恵の人」の意)、同「儿」◆自分以外の者、「人我(ジンガ、他人と自分)」◆人の数(かず),N5,on,on+on,A3_short_compound(on+on 71%),主:◆蝋燭やランプなどの灯心、同「炷」◆多くの中で特に重要な、またそのような人◆中心となるもの、中心にあるもの、またそのような人◆司(つかさど)る、中心となって統治; 人:◆霊長目ヒト科ヒト属の生物、ホモ・サピエンスHomo sapiens(「知恵の人」の意)、同「儿」◆自分以外の者、「人我(ジンガ、他人と自分)」◆人の数(かず)
kk_乗る_のる,乗る,のる,乗:◆高台(たかだい、周りからは一段と高く人や物が乗ることができるようなところ)に登(のぼ)る、馬や車・舟などの台(ダイ)に上(あ)がる◆(人が乗るための)馬や車・,N5,kun,kun,IL1_okurigana(kun 96%) | IL2_single_okuri(kun 96%),乗:◆高台(たかだい、周りからは一段と高く人や物が乗ることができるようなところ)に登(のぼ)る、馬や車・舟などの台(ダイ)に上(あ)がる◆(人が乗るための)馬や車・
kk_九つ_ここのつ,九つ,ここのつ,九:◆数の名、大写字(「一」は「壹」・「二」は「貳」のような大文字のこと)は「玖」 ◆数が多いさま、最も大きい数、最後の数◆最後まで行き着くさま、奥深いさま、同「究,N5,kun,kun,IL1_okurigana(kun 96%) | IL2_single_okuri(kun 96%),九:◆数の名、大写字(「一」は「壹」・「二」は「貳」のような大文字のこと)は「玖」 ◆数が多いさま、最も大きい数、最後の数◆最後まで行き着くさま、奥深いさま、同「究
kk_九日_ここのか,九日,ここのか,九:◆数の名、大写字(「一」は「壹」・「二」は「貳」のような大文字のこと)は「玖」 ◆数が多いさま、最も大きい数、最後の数◆最後まで行き着くさま、奥深いさま、同「究; 日:◆太陽◆太陽が出ている間、昼間、夜明けから日没まで◆一昼夜、朝から次の朝まで、またその繰り返し、またその繰り返しを数える語◆候(コウ)、時節、頃(ケイ、ころ)◆,N5,kun,kun+kun~,,九:◆数の名、大写字(「一」は「壹」・「二」は「貳」のような大文字のこと)は「玖」 ◆数が多いさま、最も大きい数、最後の数◆最後まで行き着くさま、奥深いさま、同「究; 日:◆太陽◆太陽が出ている間、昼間、夜明けから日没まで◆一昼夜、朝から次の朝まで、またその繰り返し、またその繰り返しを数える語◆候(コウ)、時節、頃(ケイ、ころ)◆
kk_二つ_ふたつ,二つ,ふたつ,二:◆数の名、(数の)一の次の数 ◆(二つに)分ける、分けて別々にする、対(ツイ、二つで一組になるもの)になる◆に、部首名¶別「𠄞」,N5,kun,kun,IL1_okurigana(kun 96%) | IL2_single_okuri(kun 96%),二:◆数の名、(数の)一の次の数 ◆(二つに)分ける、分けて別々にする、対(ツイ、二つで一組になるもの)になる◆に、部首名¶別「𠄞」
kk_二人_ふたり,二人,ふたり,二:◆数の名、(数の)一の次の数 ◆(二つに)分ける、分けて別々にする、対(ツイ、二つで一組になるもの)になる◆に、部首名¶別「𠄞」; 人:◆霊長目ヒト科ヒト属の生物、ホモ・サピエンスHomo sapiens(「知恵の人」の意)、同「儿」◆自分以外の者、「人我(ジンガ、他人と自分)」◆人の数(かず),N5,other,mixed+mixed~,A3_short_compound(on+on 71%),二:◆数の名、(数の)一の次の数 ◆(二つに)分ける、分けて別々にする、対(ツイ、二つで一組になるもの)になる◆に、部首名¶別「𠄞」; 人:◆霊長目ヒト科ヒト属の生物、ホモ・サピエンスHomo sapiens(「知恵の人」の意)、同「儿」◆自分以外の者、「人我(ジンガ、他人と自分)」◆人の数(かず)
kk_二十日_はつか,二十日,はつか,二:◆数の名、(数の)一の次の数 ◆(二つに)分ける、分けて別々にする、対(ツイ、二つで一組になるもの)になる◆に、部首名¶別「𠄞」; 十:◆数の名、十番目 ◆多い◆全て、全て備わる、全て揃う、「【說文解字:十部:十】數之具也一爲東西丨爲南北則四方中央備矣…」◆じゅう、部首名; 日:◆太陽◆太陽が出ている間、昼間、夜明けから日没まで◆一昼夜、朝から次の朝まで、またその繰り返し、またその繰り返しを数える語◆候(コウ)、時節、頃(ケイ、ころ)◆,N5,other,mixed+mixed+mixed~,A4_multi_on(on+on+on 65%),二:◆数の名、(数の)一の次の数 ◆(二つに)分ける、分けて別々にする、対(ツイ、二つで一組になるもの)になる◆に、部首名¶別「𠄞」; 十:◆数の名、十番目 ◆多い◆全て、全て備わる、全て揃う、「【說文解字:十部:十】數之具也一爲東西丨爲南北則四方中央備矣…」◆じゅう、部首名; 日:◆太陽◆太陽が出ている間、昼間、夜明けから日没まで◆一昼夜、朝から次の朝まで、またその繰り返し、またその繰り返しを数える語◆候(コウ)、時節、頃(ケイ、ころ)◆
kk_二十歳_はたち,二十歳,はたち,二:◆数の名、(数の)一の次の数 ◆(二つに)分ける、分けて別々にする、対(ツイ、二つで一組になるもの)になる◆に、部首名¶別「𠄞」; 十:◆数の名、十番目 ◆多い◆全て、全て備わる、全て揃う、「【說文解字:十部:十】數之具也一爲東西丨爲南北則四方中央備矣…」◆じゅう、部首名; 歳:◆年(とし)、一年、同じ季節が一巡する期間◆年齢、年齢を数える語◆その年の穀物の収穫の具合◆木星、五星(ゴセイ、木星・土星・水星・火星・金星)の一つ,N5,other,mixed+mixed+mixed~,A4_multi_on(on+on+on 65%),二:◆数の名、(数の)一の次の数 ◆(二つに)分ける、分けて別々にする、対(ツイ、二つで一組になるもの)になる◆に、部首名¶別「𠄞」; 十:◆数の名、十番目 ◆多い◆全て、全て備わる、全て揃う、「【說文解字:十部:十】數之具也一爲東西丨爲南北則四方中央備矣…」◆じゅう、部首名; 歳:◆年(とし)、一年、同じ季節が一巡する期間◆年齢、年齢を数える語◆その年の穀物の収穫の具合◆木星、五星(ゴセイ、木星・土星・水星・火星・金星)の一つ
kk_二日_ふつか,二日,ふつか,二:◆数の名、(数の)一の次の数 ◆(二つに)分ける、分けて別々にする、対(ツイ、二つで一組になるもの)になる◆に、部首名¶別「𠄞」; 日:◆太陽◆太陽が出ている間、昼間、夜明けから日没まで◆一昼夜、朝から次の朝まで、またその繰り返し、またその繰り返しを数える語◆候(コウ)、時節、頃(ケイ、ころ)◆,N5,other,mixed+mixed~,A3_short_compound(on+on 71%),二:◆数の名、(数の)一の次の数 ◆(二つに)分ける、分けて別々にする、対(ツイ、二つで一組になるもの)になる◆に、部首名¶別「𠄞」; 日:◆太陽◆太陽が出ている間、昼間、夜明けから日没まで◆一昼夜、朝から次の朝まで、またその繰り返し、またその繰り返しを数える語◆候(コウ)、時節、頃(ケイ、ころ)◆
kk_五つ_いつつ,五つ,いつつ,五:◆数の名、五番目の数、真ん中の数 ◆五人を一組とした軍隊の編成単位、同「伍」◆工尺譜(コウセキフ、コウシャクフ、楽譜の表記法の一つ)で「ラ」の音を表す,N5,kun,kun,IL1_okurigana(kun 96%) | IL2_single_okuri(kun 96%),五:◆数の名、五番目の数、真ん中の数 ◆五人を一組とした軍隊の編成単位、同「伍」◆工尺譜(コウセキフ、コウシャクフ、楽譜の表記法の一つ)で「ラ」の音を表す
kk_五日_いつか,五日,いつか,五:◆数の名、五番目の数、真ん中の数 ◆五人を一組とした軍隊の編成単位、同「伍」◆工尺譜(コウセキフ、コウシャクフ、楽譜の表記法の一つ)で「ラ」の音を表す; 日:◆太陽◆太陽が出ている間、昼間、夜明けから日没まで◆一昼夜、朝から次の朝まで、またその繰り返し、またその繰り返しを数える語◆候(コウ)、時節、頃(ケイ、ころ)◆,N5,kun,kun+kun~,A3_short_compound(on+on 71%),五:◆数の名、五番目の数、真ん中の数 ◆五人を一組とした軍隊の編成単位、同「伍」◆工尺譜(コウセキフ、コウシャクフ、楽譜の表記法の一つ)で「ラ」の音を表す; 日:◆太陽◆太陽が出ている間、昼間、夜明けから日没まで◆一昼夜、朝から次の朝まで、またその繰り返し、またその繰り返しを数える語◆候(コウ)、時節、頃(ケイ、ころ)◆
kk_交差点_こうさてん,交差点,こうさてん,"交:◆形や状態などが""＋Ｘ""字形(交差する)ような形になるさま、違う方向から進んできたものが一点で出会うさま、交叉(コウサ)するさま、同「䢒」◆互いに行き来し合う、; 差:◆違いがある、揃(そろ)わない◆引き算をした時に余りが出る、またその時の余り◆(同じ差ごとに)区分けする、区別する◆やや～(違う、差がある、不足する、など)◆使; 点:◆小さな(黒い)染(し)み・瑕(きず)・印(しるし)、またそのようなものを付ける、「汚点(オテン)」◆小さく狭く限られた場所・範囲・位置・事柄、「地点(チテン)",N5,on,on+on+on,A4_multi_on(on+on+on 65%),"交:◆形や状態などが""＋Ｘ""字形(交差する)ような形になるさま、違う方向から進んできたものが一点で出会うさま、交叉(コウサ)するさま、同「䢒」◆互いに行き来し合う、; 差:◆違いがある、揃(そろ)わない◆引き算をした時に余りが出る、またその時の余り◆(同じ差ごとに)区分けする、区別する◆やや～(違う、差がある、不足する、など)◆使; 点:◆小さな(黒い)染(し)み・瑕(きず)・印(しるし)、またそのようなものを付ける、「汚点(オテン)」◆小さく狭く限られた場所・範囲・位置・事柄、「地点(チテン)"
kk_交番_こうばん,交番,こうばん,"交:◆形や状態などが""＋Ｘ""字形(交差する)ような形になるさま、違う方向から進んできたものが一点で出会うさま、交叉(コウサ)するさま、同「䢒」◆互いに行き来し合う、; 番:◆順に並んでいるものを次々に入れ替えながら繰り返すこと、またその順位、またその順位に当たること、「輪番(リンバン、順番に交替しながら繰り返すこと)」「當番(トウ",N5,on,on+on,,"交:◆形や状態などが""＋Ｘ""字形(交差する)ような形になるさま、違う方向から進んできたものが一点で出会うさま、交叉(コウサ)するさま、同「䢒」◆互いに行き来し合う、; 番:◆順に並んでいるものを次々に入れ替えながら繰り返すこと、またその順位、またその順位に当たること、「輪番(リンバン、順番に交替しながら繰り返すこと)」「當番(トウ"
kk_人_ひと,人,ひと,人:◆霊長目ヒト科ヒト属の生物、ホモ・サピエンスHomo sapiens(「知恵の人」の意)、同「儿」◆自分以外の者、「人我(ジンガ、他人と自分)」◆人の数(かず),N5,kun,kun,IL2_single_default(kun 84%),人:◆霊長目ヒト科ヒト属の生物、ホモ・サピエンスHomo sapiens(「知恵の人」の意)、同「儿」◆自分以外の者、「人我(ジンガ、他人と自分)」◆人の数(かず)
kk_人気_にんき,人気,にんき,人:◆霊長目ヒト科ヒト属の生物、ホモ・サピエンスHomo sapiens(「知恵の人」の意)、同「儿」◆自分以外の者、「人我(ジンガ、他人と自分)」◆人の数(かず); 気:◆中国古来の考えで、天地全ての事物の基本要素、目に見えず形状は一定しない、あらゆる事物の生死・盛衰などの変化・変動はこの「気」の移動・集散によるものと考えられた,N5,on,on+on,A3_short_compound(on+on 71%),人:◆霊長目ヒト科ヒト属の生物、ホモ・サピエンスHomo sapiens(「知恵の人」の意)、同「儿」◆自分以外の者、「人我(ジンガ、他人と自分)」◆人の数(かず); 気:◆中国古来の考えで、天地全ての事物の基本要素、目に見えず形状は一定しない、あらゆる事物の生死・盛衰などの変化・変動はこの「気」の移動・集散によるものと考えられた
kk_人間_にんげん,人間,にんげん,人:◆霊長目ヒト科ヒト属の生物、ホモ・サピエンスHomo sapiens(「知恵の人」の意)、同「儿」◆自分以外の者、「人我(ジンガ、他人と自分)」◆人の数(かず); 間:◆両側からぴったりと閉じられずに開いているところ、(空間・時間・物事・関係などが)連続せずに途切れているところ、開いたり途切れたりして何もないところ、隙(すき),N5,other,mixed+mixed~,,人:◆霊長目ヒト科ヒト属の生物、ホモ・サピエンスHomo sapiens(「知恵の人」の意)、同「儿」◆自分以外の者、「人我(ジンガ、他人と自分)」◆人の数(かず); 間:◆両側からぴったりと閉じられずに開いているところ、(空間・時間・物事・関係などが)連続せずに途切れているところ、開いたり途切れたりして何もないところ、隙(すき)
kk_今_いま,今,いま,今:◆現在、この時(とき)、この時代、現在を挟んで前後に比較的短い時間また月日また時代◆すぐに、間もなく,N5,kun,kun,IL2_single_default(kun 84%),今:◆現在、この時(とき)、この時代、現在を挟んで前後に比較的短い時間また月日また時代◆すぐに、間もなく
kk_今では_いまでは,今では,いまでは,今:◆現在、この時(とき)、この時代、現在を挟んで前後に比較的短い時間また月日また時代◆すぐに、間もなく,N5,kun,kun,IL1_okurigana(kun 96%) | IL2_single_okuri(kun 96%),今:◆現在、この時(とき)、この時代、現在を挟んで前後に比較的短い時間また月日また時代◆すぐに、間もなく
kk_今まで_いままで,今まで,いままで,今:◆現在、この時(とき)、この時代、現在を挟んで前後に比較的短い時間また月日また時代◆すぐに、間もなく,N5,kun,kun,IL1_okurigana(kun 96%) | IL2_single_okuri(kun 96%),今:◆現在、この時(とき)、この時代、現在を挟んで前後に比較的短い時間また月日また時代◆すぐに、間もなく
kk_今年_ことし,今年,ことし,今:◆現在、この時(とき)、この時代、現在を挟んで前後に比較的短い時間また月日また時代◆すぐに、間もなく; 年:◆穀物が稔(みの)る、同「秊」◆農作物を収穫してから次の収穫期までの期間、四季(二十四節気)を一巡する期間、year◆誕生してから生きてその誕生日を通り過ぎた回,N5,other,mixed+mixed~,A3_short_compound(on+on 71%),今:◆現在、この時(とき)、この時代、現在を挟んで前後に比較的短い時間また月日また時代◆すぐに、間もなく; 年:◆穀物が稔(みの)る、同「秊」◆農作物を収穫してから次の収穫期までの期間、四季(二十四節気)を一巡する期間、year◆誕生してから生きてその誕生日を通り過ぎた回
kk_今日_きょう,今日,きょう,今:◆現在、この時(とき)、この時代、現在を挟んで前後に比較的短い時間また月日また時代◆すぐに、間もなく; 日:◆太陽◆太陽が出ている間、昼間、夜明けから日没まで◆一昼夜、朝から次の朝まで、またその繰り返し、またその繰り返しを数える語◆候(コウ)、時節、頃(ケイ、ころ)◆,N5,other,mixed+mixed~,A3_short_compound(on+on 71%),今:◆現在、この時(とき)、この時代、現在を挟んで前後に比較的短い時間また月日また時代◆すぐに、間もなく; 日:◆太陽◆太陽が出ている間、昼間、夜明けから日没まで◆一昼夜、朝から次の朝まで、またその繰り返し、またその繰り返しを数える語◆候(コウ)、時節、頃(ケイ、ころ)◆
kk_今晩_こんばん,今晩,こんばん,今:◆現在、この時(とき)、この時代、現在を挟んで前後に比較的短い時間また月日また時代◆すぐに、間もなく; 晩:◆陽が沈み切って暗くなる、日がすっかりと暮れる、またその時刻、陽が沈み始める頃を「夕」、「傍晚(ボウバン、晚が間近の頃)」「夜晚(ヤバン、夜、すっかり暗くなった,N5,on,on+on,,今:◆現在、この時(とき)、この時代、現在を挟んで前後に比較的短い時間また月日また時代◆すぐに、間もなく; 晩:◆陽が沈み切って暗くなる、日がすっかりと暮れる、またその時刻、陽が沈み始める頃を「夕」、「傍晚(ボウバン、晚が間近の頃)」「夜晚(ヤバン、夜、すっかり暗くなった
kk_今月_こんげつ,今月,こんげつ,今:◆現在、この時(とき)、この時代、現在を挟んで前後に比較的短い時間また月日また時代◆すぐに、間もなく; 月:◆地球の衛星の名、太陰(タイイン)、「日」を「太陽」というのに対して月を「太陰」という◆一年をほぼ十二等分した期間、新月(月が見えなくなる日)から次の新月までの,N5,on,on+on,,今:◆現在、この時(とき)、この時代、現在を挟んで前後に比較的短い時間また月日また時代◆すぐに、間もなく; 月:◆地球の衛星の名、太陰(タイイン)、「日」を「太陽」というのに対して月を「太陰」という◆一年をほぼ十二等分した期間、新月(月が見えなくなる日)から次の新月までの
kk_今朝_けさ,今朝,けさ,今:◆現在、この時(とき)、この時代、現在を挟んで前後に比較的短い時間また月日また時代◆すぐに、間もなく; 朝:◆太陽が地平より上に出て日光が射し始める頃、日の出の頃、同「旦」◆日の出から昼前までの時間、日の出から日の入りまでの時間◆天子・君主に謁見する、春の謁見式、秋は,N5,other,mixed+mixed~,A3_short_compound(on+on 71%),今:◆現在、この時(とき)、この時代、現在を挟んで前後に比較的短い時間また月日また時代◆すぐに、間もなく; 朝:◆太陽が地平より上に出て日光が射し始める頃、日の出の頃、同「旦」◆日の出から昼前までの時間、日の出から日の入りまでの時間◆天子・君主に謁見する、春の謁見式、秋は
kk_今週_こんしゅう,今週,こんしゅう,今:◆現在、この時(とき)、この時代、現在を挟んで前後に比較的短い時間また月日また時代◆すぐに、間もなく; 週:◆ぐるりと廻(まわ)る◆一定の周期で廻(めぐ)って来る、またその期間,N5,on,on+on,,今:◆現在、この時(とき)、この時代、現在を挟んで前後に比較的短い時間また月日また時代◆すぐに、間もなく; 週:◆ぐるりと廻(まわ)る◆一定の周期で廻(めぐ)って来る、またその期間
kk_仕事_しごと,仕事,しごと,仕:◆身分の高い人に付き従う、またその用をする◆官職に就く、またその業務や任務を担い行う◆為(な)す、為(な)すべき事; 事:◆こと、動作・現象・状態など形のないものを指す語、形のあるものは「物」、「事情(ジジョウ、ことの様子)」「無事(ブジ、何事もないさま)」◆職(ショク)、仕事や役,N5,on,on+on~,A3_short_compound(on+on 71%),仕:◆身分の高い人に付き従う、またその用をする◆官職に就く、またその業務や任務を担い行う◆為(な)す、為(な)すべき事; 事:◆こと、動作・現象・状態など形のないものを指す語、形のあるものは「物」、「事情(ジジョウ、ことの様子)」「無事(ブジ、何事もないさま)」◆職(ショク)、仕事や役
kk_他/外_ほか,他/外,ほか,他:◆別の、それ以外の、よそ(余所、他所)の、other、同「它」◆自分以外の人、あの人; 外:◆そと、範囲・領域・組織や区切り・境界の内(内側、内部)から出たもの、表に出ている(表に面している)もの、見えるところにあるもの、またそのようなところ、逆は「内,N5,kun,kun+kun~,A3_short_compound(on+on 71%),他:◆別の、それ以外の、よそ(余所、他所)の、other、同「它」◆自分以外の人、あの人; 外:◆そと、範囲・領域・組織や区切り・境界の内(内側、内部)から出たもの、表に出ている(表に面している)もの、見えるところにあるもの、またそのようなところ、逆は「内
kk_付ける_つける,付ける,つける,付:◆手ずから授(さず)ける、直接手を取って与える、同「仅」◆渡し与える、渡して任せる、委(ゆだ)ねる◆[日]他のものに加える、また添える、また足す、同「附」,N5,kun,kun,IL1_okurigana(kun 96%) | IL2_single_okuri(kun 96%),付:◆手ずから授(さず)ける、直接手を取って与える、同「仅」◆渡し与える、渡して任せる、委(ゆだ)ねる◆[日]他のものに加える、また添える、また足す、同「附」
kk_以前_いぜん,以前,いぜん,以:◆用(もち)いる、使用する、～を用いて、～を利用して、「【論語注疏:卷一:學而】…行有餘力則以學文(《疏》…能行已上諸事仍有閒暇餘力則可以學先王之遺文…)」◆～; 前:◆(前に)進む、またその方向、同「先」、「前途(ぜんと、目的地に向かう道のり、将来)」◆位置的には先の方向、時間的には過去の方向、順序では上位の方向、同「先」、,N5,on,on+on,A3_short_compound(on+on 71%) | B_verb_rad_刀(kun 80%),以:◆用(もち)いる、使用する、～を用いて、～を利用して、「【論語注疏:卷一:學而】…行有餘力則以學文(《疏》…能行已上諸事仍有閒暇餘力則可以學先王之遺文…)」◆～; 前:◆(前に)進む、またその方向、同「先」、「前途(ぜんと、目的地に向かう道のり、将来)」◆位置的には先の方向、時間的には過去の方向、順序では上位の方向、同「先」、
kk_仮名_かな,仮名,かな,仮:◆他から(他のものを)一時的に借りる、他に一時的に貸す、同「叚」◆実際とは違うが一時的に他のものを用いる、足りないところに他のものを借りて当てる、他のもので間に; 名:◆人に付ける呼称、また動物・もの・出来事などを呼んだり指し示したり識別したりするためにその各々に付ける呼称、「名称(メイショウ)」◆呼称を付ける、「命名(メイメ,N5,mixed,on+kun~,A3_short_compound(on+on 71%),仮:◆他から(他のものを)一時的に借りる、他に一時的に貸す、同「叚」◆実際とは違うが一時的に他のものを用いる、足りないところに他のものを借りて当てる、他のもので間に; 名:◆人に付ける呼称、また動物・もの・出来事などを呼んだり指し示したり識別したりするためにその各々に付ける呼称、「名称(メイショウ)」◆呼称を付ける、「命名(メイメ
kk_仲_なか,仲,なか,仲:◆間(あいだ)、中(なか)、中間、上位と下位の間、長子と末子の間の子、上下・高低・大小などの間に位置する人、始まりと終わりの中間、同「中」◆人と人の間に立って互,N5,kun,kun,IL2_single_default(kun 84%),仲:◆間(あいだ)、中(なか)、中間、上位と下位の間、長子と末子の間の子、上下・高低・大小などの間に位置する人、始まりと終わりの中間、同「中」◆人と人の間に立って互
kk_休み_やすみ,休み,やすみ,休:◆連続した動きや働きの途中で一旦その動きや働きを止(や)める、再開するために息を整えたり力を蓄(たくわ)えることをいう◆止める、止む、終わる、「【歸去來辭】羨萬,N5,kun,kun,IL1_okurigana(kun 96%) | IL2_single_okuri(kun 96%),休:◆連続した動きや働きの途中で一旦その動きや働きを止(や)める、再開するために息を整えたり力を蓄(たくわ)えることをいう◆止める、止む、終わる、「【歸去來辭】羨萬
kk_休む_やすむ,休む,やすむ,休:◆連続した動きや働きの途中で一旦その動きや働きを止(や)める、再開するために息を整えたり力を蓄(たくわ)えることをいう◆止める、止む、終わる、「【歸去來辭】羨萬,N5,kun,kun,IL1_okurigana(kun 96%) | IL2_single_okuri(kun 96%),休:◆連続した動きや働きの途中で一旦その動きや働きを止(や)める、再開するために息を整えたり力を蓄(たくわ)えることをいう◆止める、止む、終わる、「【歸去來辭】羨萬
kk_会う_あう,会う,あう,会:◆人が集まる、同じ時間や場所に(同じ目的で)集まる、「会合(カイゴウ)」◆多くの人が(出向いて)集まる、また集まったところ、「集会(シュウカイ)」「都会(トカイ,N5,kun,kun,IL1_okurigana(kun 96%) | IL2_single_okuri(kun 96%),会:◆人が集まる、同じ時間や場所に(同じ目的で)集まる、「会合(カイゴウ)」◆多くの人が(出向いて)集まる、また集まったところ、「集会(シュウカイ)」「都会(トカイ
kk_会社_かいしゃ,会社,かいしゃ,会:◆人が集まる、同じ時間や場所に(同じ目的で)集まる、「会合(カイゴウ)」◆多くの人が(出向いて)集まる、また集まったところ、「集会(シュウカイ)」「都会(トカイ; 社:◆土地の神、土地の神を祀った所◆同種また同じ目的を持つ人から成る集まり,N5,on,on+on,A3_short_compound(on+on 71%),会:◆人が集まる、同じ時間や場所に(同じ目的で)集まる、「会合(カイゴウ)」◆多くの人が(出向いて)集まる、また集まったところ、「集会(シュウカイ)」「都会(トカイ; 社:◆土地の神、土地の神を祀った所◆同種また同じ目的を持つ人から成る集まり
kk_会社員_かいしゃいん,会社員,かいしゃいん,会:◆人が集まる、同じ時間や場所に(同じ目的で)集まる、「会合(カイゴウ)」◆多くの人が(出向いて)集まる、また集まったところ、「集会(シュウカイ)」「都会(トカイ; 社:◆土地の神、土地の神を祀った所◆同種また同じ目的を持つ人から成る集まり; 員:◆限られた範囲(場所・空間など)に入っている(含まれる)人、集団に属している人、またその人数◆限られた範囲(特に国土・領土などの境界線)の大きさ、また広さ◆円(,N5,on,on+on+on,A4_multi_on(on+on+on 65%),会:◆人が集まる、同じ時間や場所に(同じ目的で)集まる、「会合(カイゴウ)」◆多くの人が(出向いて)集まる、また集まったところ、「集会(シュウカイ)」「都会(トカイ; 社:◆土地の神、土地の神を祀った所◆同種また同じ目的を持つ人から成る集まり; 員:◆限られた範囲(場所・空間など)に入っている(含まれる)人、集団に属している人、またその人数◆限られた範囲(特に国土・領土などの境界線)の大きさ、また広さ◆円(
kk_会話_かいわ,会話,かいわ,会:◆人が集まる、同じ時間や場所に(同じ目的で)集まる、「会合(カイゴウ)」◆多くの人が(出向いて)集まる、また集まったところ、「集会(シュウカイ)」「都会(トカイ; 話:◆言葉にして言う、言葉で告げる、語(かた)る、またその言葉、同「𦧵(舙)」◆語られた(語られている)こと、物語(ものがたり),N5,on,on+on,A3_short_compound(on+on 71%) | B_verb_rad_言(kun 80%),会:◆人が集まる、同じ時間や場所に(同じ目的で)集まる、「会合(カイゴウ)」◆多くの人が(出向いて)集まる、また集まったところ、「集会(シュウカイ)」「都会(トカイ; 話:◆言葉にして言う、言葉で告げる、語(かた)る、またその言葉、同「𦧵(舙)」◆語られた(語られている)こと、物語(ものがたり)
kk_伝える_つたえる,伝える,つたえる,伝:◆「伝伝(ウンウン)」、雲のように留(とど)まることなく漂い行くさま、「【白虎通義:卷八:情性】魂魄者何謂魂猶伝伝也行不休於外也主於情…」◆[日]同「傳」,N5,kun,kun,IL1_okurigana(kun 96%) | IL2_single_okuri(kun 96%),伝:◆「伝伝(ウンウン)」、雲のように留(とど)まることなく漂い行くさま、「【白虎通義:卷八:情性】魂魄者何謂魂猶伝伝也行不休於外也主於情…」◆[日]同「傳」
kk_但し_ただし,但し,ただし,但:◆ただ・し、補足・条件などを示す際に用いる語◆ただ、単に、それだけ、同「単」◆上着をはだけて肌を露わにする、同「袒」、「【說文解字:人部:但】裼也」,N5,kun,kun,IL1_okurigana(kun 96%) | IL2_single_okuri(kun 96%),但:◆ただ・し、補足・条件などを示す際に用いる語◆ただ、単に、それだけ、同「単」◆上着をはだけて肌を露わにする、同「袒」、「【說文解字:人部:但】裼也」
kk_低い_ひくい,低い,ひくい,低:◆上下の方向で下の方、標準的・平均的な程度よりも下にある◆幾つかのものを比べた時に下にある、また劣っている、また卑(いや)しい◆標準・基準や想定・期待に届かない,N5,kun,kun,IL1_okurigana(kun 96%) | IL2_single_okuri(kun 96%),低:◆上下の方向で下の方、標準的・平均的な程度よりも下にある◆幾つかのものを比べた時に下にある、また劣っている、また卑(いや)しい◆標準・基準や想定・期待に届かない
kk_低下_ていか,低下,ていか,低:◆上下の方向で下の方、標準的・平均的な程度よりも下にある◆幾つかのものを比べた時に下にある、また劣っている、また卑(いや)しい◆標準・基準や想定・期待に届かない; 下:◆位置・場所・地位などが低い、低い方にある◆低い方に移る、降りる、落ちる◆順序・時間などが後(あと)、後の方にある◆後の方に移る、後(うし)ろの方へ退く◆等級・,N5,on,on+on,A3_short_compound(on+on 71%),低:◆上下の方向で下の方、標準的・平均的な程度よりも下にある◆幾つかのものを比べた時に下にある、また劣っている、また卑(いや)しい◆標準・基準や想定・期待に届かない; 下:◆位置・場所・地位などが低い、低い方にある◆低い方に移る、降りる、落ちる◆順序・時間などが後(あと)、後の方にある◆後の方に移る、後(うし)ろの方へ退く◆等級・
kk_住む_すむ,住む,すむ,住:◆同じ場所に長期間に亘(わた)って留(とど)まる◆場所を定めて生活する、またその居所(きょしょ、いどころ)◆動詞の後に置いて「同じ場所や状態に留(とど)まる、同,N5,kun,kun,IL1_okurigana(kun 96%) | IL2_single_okuri(kun 96%),住:◆同じ場所に長期間に亘(わた)って留(とど)まる◆場所を定めて生活する、またその居所(きょしょ、いどころ)◆動詞の後に置いて「同じ場所や状態に留(とど)まる、同
kk_体_からだ,体,からだ,体:◆頭から足の先までの全身、ものの全部、ものの主要な部分、またその姿形や様子、「身体(シンタイ、体、肉体)」「本体(ホンタイ、ものの本当の姿、ものの中心的部分)」,N5,kun,kun,IL2_single_default(kun 84%),体:◆頭から足の先までの全身、ものの全部、ものの主要な部分、またその姿形や様子、「身体(シンタイ、体、肉体)」「本体(ホンタイ、ものの本当の姿、ものの中心的部分)」
kk_体育館_たいいくかん,体育館,たいいくかん,体:◆頭から足の先までの全身、ものの全部、ものの主要な部分、またその姿形や様子、「身体(シンタイ、体、肉体)」「本体(ホンタイ、ものの本当の姿、ものの中心的部分)」; 育:◆(生まれたばかりの子「𠫓」に)栄養や知識などを与えて成長させる、養分を与えて生長させる◆古「毓」; 館:◆公用に使う大きな建物、公衆が利用する大きな建物◆公用の人や賓客を泊めるための建物、宿◆貴人の邸宅,N5,on,on+on+on,A4_multi_on(on+on+on 65%),体:◆頭から足の先までの全身、ものの全部、ものの主要な部分、またその姿形や様子、「身体(シンタイ、体、肉体)」「本体(ホンタイ、ものの本当の姿、ものの中心的部分)」; 育:◆(生まれたばかりの子「𠫓」に)栄養や知識などを与えて成長させる、養分を与えて生長させる◆古「毓」; 館:◆公用に使う大きな建物、公衆が利用する大きな建物◆公用の人や賓客を泊めるための建物、宿◆貴人の邸宅
kk_何_なに,何,なに,何:◆(問うときに)なに?◆(物事について)なに、なんの、どういう、どのような◆(人について)だれ◆(幾つかの選択肢について)どれ、いずれ◆(場所について)どこ、い,N5,kun,kun,IL2_single_default(kun 84%),何:◆(問うときに)なに?◆(物事について)なに、なんの、どういう、どのような◆(人について)だれ◆(幾つかの選択肢について)どれ、いずれ◆(場所について)どこ、い
kk_何_なん,何,なん,何:◆(問うときに)なに?◆(物事について)なに、なんの、どういう、どのような◆(人について)だれ◆(幾つかの選択肢について)どれ、いずれ◆(場所について)どこ、い,N5,kun,kun,IL2_single_default(kun 84%),何:◆(問うときに)なに?◆(物事について)なに、なんの、どういう、どのような◆(人について)だれ◆(幾つかの選択肢について)どれ、いずれ◆(場所について)どこ、い
kk_何か_なにか,何か,なにか,何:◆(問うときに)なに?◆(物事について)なに、なんの、どういう、どのような◆(人について)だれ◆(幾つかの選択肢について)どれ、いずれ◆(場所について)どこ、い,N5,kun,kun,IL1_okurigana(kun 96%) | IL2_single_okuri(kun 96%),何:◆(問うときに)なに?◆(物事について)なに、なんの、どういう、どのような◆(人について)だれ◆(幾つかの選択肢について)どれ、いずれ◆(場所について)どこ、い
kk_何処_どこ,何処,どこ,何:◆(問うときに)なに?◆(物事について)なに、なんの、どういう、どのような◆(人について)だれ◆(幾つかの選択肢について)どれ、いずれ◆(場所について)どこ、い; 処:◆腰を落ち着ける、居(い)る、止(とど)まる、またその場所◆腰を落ち着けて留(とど)まっているさま、「処士(ショシ、能力がありながら出仕しない人))」「処女(シ,N5,other,mixed+mixed~,A3_short_compound(on+on 71%),何:◆(問うときに)なに?◆(物事について)なに、なんの、どういう、どのような◆(人について)だれ◆(幾つかの選択肢について)どれ、いずれ◆(場所について)どこ、い; 処:◆腰を落ち着ける、居(い)る、止(とど)まる、またその場所◆腰を落ち着けて留(とど)まっているさま、「処士(ショシ、能力がありながら出仕しない人))」「処女(シ
kk_何故_なぜ,何故,なぜ,何:◆(問うときに)なに?◆(物事について)なに、なんの、どういう、どのような◆(人について)だれ◆(幾つかの選択肢について)どれ、いずれ◆(場所について)どこ、い; 故:◆古い、以前の、同「古」◆古くから、以前から◆古くからの～、以前からの～◆死ぬ、亡(な)くなる◆～の為に～、～という理由で～、～が原因で～◆理由、原因◆(思い掛,N5,other,mixed+mixed~,A3_short_compound(on+on 71%),何:◆(問うときに)なに?◆(物事について)なに、なんの、どういう、どのような◆(人について)だれ◆(幾つかの選択肢について)どれ、いずれ◆(場所について)どこ、い; 故:◆古い、以前の、同「古」◆古くから、以前から◆古くからの～、以前からの～◆死ぬ、亡(な)くなる◆～の為に～、～という理由で～、～が原因で～◆理由、原因◆(思い掛
kk_何時_いつ,何時,いつ,何:◆(問うときに)なに?◆(物事について)なに、なんの、どういう、どのような◆(人について)だれ◆(幾つかの選択肢について)どれ、いずれ◆(場所について)どこ、い; 時:◆一年の四分の一、季節、「一時(イチジ、三カ月、一季節)」「四時(シジ、四つの季節、四季)」◆一日の十二分の一、現在は二十四分の一、「時刻(ジコク)」◆年代、期,N5,other,mixed+mixed~,A3_short_compound(on+on 71%),何:◆(問うときに)なに?◆(物事について)なに、なんの、どういう、どのような◆(人について)だれ◆(幾つかの選択肢について)どれ、いずれ◆(場所について)どこ、い; 時:◆一年の四分の一、季節、「一時(イチジ、三カ月、一季節)」「四時(シジ、四つの季節、四季)」◆一日の十二分の一、現在は二十四分の一、「時刻(ジコク)」◆年代、期
kk_何時か_いつか,何時か,いつか,何:◆(問うときに)なに?◆(物事について)なに、なんの、どういう、どのような◆(人について)だれ◆(幾つかの選択肢について)どれ、いずれ◆(場所について)どこ、い; 時:◆一年の四分の一、季節、「一時(イチジ、三カ月、一季節)」「四時(シジ、四つの季節、四季)」◆一日の十二分の一、現在は二十四分の一、「時刻(ジコク)」◆年代、期,N5,other,mixed+mixed~,IL1_okurigana(kun 96%) | A1_compound_oku(kun 90%) | A1_on_kun_mix(on+kun 65%),何:◆(問うときに)なに?◆(物事について)なに、なんの、どういう、どのような◆(人について)だれ◆(幾つかの選択肢について)どれ、いずれ◆(場所について)どこ、い; 時:◆一年の四分の一、季節、「一時(イチジ、三カ月、一季節)」「四時(シジ、四つの季節、四季)」◆一日の十二分の一、現在は二十四分の一、「時刻(ジコク)」◆年代、期
kk_何時も_いつも,何時も,いつも,何:◆(問うときに)なに?◆(物事について)なに、なんの、どういう、どのような◆(人について)だれ◆(幾つかの選択肢について)どれ、いずれ◆(場所について)どこ、い; 時:◆一年の四分の一、季節、「一時(イチジ、三カ月、一季節)」「四時(シジ、四つの季節、四季)」◆一日の十二分の一、現在は二十四分の一、「時刻(ジコク)」◆年代、期,N5,other,mixed+mixed~,IL1_okurigana(kun 96%) | A1_compound_oku(kun 90%) | A1_on_kun_mix(on+kun 65%),何:◆(問うときに)なに?◆(物事について)なに、なんの、どういう、どのような◆(人について)だれ◆(幾つかの選択肢について)どれ、いずれ◆(場所について)どこ、い; 時:◆一年の四分の一、季節、「一時(イチジ、三カ月、一季節)」「四時(シジ、四つの季節、四季)」◆一日の十二分の一、現在は二十四分の一、「時刻(ジコク)」◆年代、期
kk_何～_なん～,何～,なん～,何:◆(問うときに)なに?◆(物事について)なに、なんの、どういう、どのような◆(人について)だれ◆(幾つかの選択肢について)どれ、いずれ◆(場所について)どこ、い,N5,kun,kun,IL2_single_default(kun 84%),何:◆(問うときに)なに?◆(物事について)なに、なんの、どういう、どのような◆(人について)だれ◆(幾つかの選択肢について)どれ、いずれ◆(場所について)どこ、い
kk_余り_あまり,余り,あまり,余:◆われ(我)◆それ以外の、他の◆あま・す、あま・り◇必要な分を取り除いた後に残る、音・匂い・味・印象などがその元となるものがなくなった後も残る◇食べ物の量が多く,N5,kun,kun,IL1_okurigana(kun 96%) | IL2_single_okuri(kun 96%),余:◆われ(我)◆それ以外の、他の◆あま・す、あま・り◇必要な分を取り除いた後に残る、音・匂い・味・印象などがその元となるものがなくなった後も残る◇食べ物の量が多く
kk_作る_つくる,作る,つくる,作:◆働(はたらく)く、力や手を加える、為(な)す、「作業(サギョウ)」「作為(サクイ)」◆力や手を加えることによって物事や状態を変化させる、また他に影響を与える、,N5,kun,kun,IL1_okurigana(kun 96%) | IL2_single_okuri(kun 96%),作:◆働(はたらく)く、力や手を加える、為(な)す、「作業(サギョウ)」「作為(サクイ)」◆力や手を加えることによって物事や状態を変化させる、また他に影響を与える、
kk_作家_さっか,作家,さっか,作:◆働(はたらく)く、力や手を加える、為(な)す、「作業(サギョウ)」「作為(サクイ)」◆力や手を加えることによって物事や状態を変化させる、また他に影響を与える、; 家:◆屋根(「宀」)があり四周が戸や壁で遮(さえぎ)られている建物、豕(いのこ、ブタ)などの大切な家畜を飼(か)う建物◆同じ屋根の下で親子や一族が共に生活する、人が,N5,on,on+on,A3_short_compound(on+on 71%) | B_noun_rad_宀(kun 93%),作:◆働(はたらく)く、力や手を加える、為(な)す、「作業(サギョウ)」「作為(サクイ)」◆力や手を加えることによって物事や状態を変化させる、また他に影響を与える、; 家:◆屋根(「宀」)があり四周が戸や壁で遮(さえぎ)られている建物、豕(いのこ、ブタ)などの大切な家畜を飼(か)う建物◆同じ屋根の下で親子や一族が共に生活する、人が
kk_作文_さくぶん,作文,さくぶん,作:◆働(はたらく)く、力や手を加える、為(な)す、「作業(サギョウ)」「作為(サクイ)」◆力や手を加えることによって物事や状態を変化させる、また他に影響を与える、; 文:◆紋様や図形、「天文(テンブン、テンモン)」◆多くの人にとって共通の意味を持つ紋様や図形、「文字(モジ、モンジ)」、古くは象形文字(ものの形を象った字、「宀」「,N5,on,on+on,,作:◆働(はたらく)く、力や手を加える、為(な)す、「作業(サギョウ)」「作為(サクイ)」◆力や手を加えることによって物事や状態を変化させる、また他に影響を与える、; 文:◆紋様や図形、「天文(テンブン、テンモン)」◆多くの人にとって共通の意味を持つ紋様や図形、「文字(モジ、モンジ)」、古くは象形文字(ものの形を象った字、「宀」「
kk_使う_つかう,使う,つかう,使:◆つか・う、人や家畜を働かせる、道具などを用いる◆つか・い、用事をする◆つか・わす、用事などを伝えるために人を差し向ける◆～に～させる◆もし～、仮に～,N5,kun,kun,IL1_okurigana(kun 96%) | IL2_single_okuri(kun 96%),使:◆つか・う、人や家畜を働かせる、道具などを用いる◆つか・い、用事をする◆つか・わす、用事などを伝えるために人を差し向ける◆～に～させる◆もし～、仮に～
kk_便利_べんり,便利,べんり,便:◆安らかなさま、差し障る(さしさわる)ようなことがないさま◆都合が良いさま、ちょうど良いさま、(物事をするのに)適(テキ)しているさま、「便宜(ベンギ)」「便利; 利:◆先が尖(とが)る、先が鋭(するど)く尖った刃物◆よく切れるさま、切れ味が良いさま、鋭いさま◆(よく切れる刃物のように)すぱっと、さっと、一気に◆(よく切れる刃,N5,on,on+on,A3_short_compound(on+on 71%) | B_verb_rad_刀(kun 80%),便:◆安らかなさま、差し障る(さしさわる)ようなことがないさま◆都合が良いさま、ちょうど良いさま、(物事をするのに)適(テキ)しているさま、「便宜(ベンギ)」「便利; 利:◆先が尖(とが)る、先が鋭(するど)く尖った刃物◆よく切れるさま、切れ味が良いさま、鋭いさま◆(よく切れる刃物のように)すぱっと、さっと、一気に◆(よく切れる刃
kk_信じる_しんじる,信じる,しんじる,信:◆誠実なさま、嘘偽りがないさま、言ったことを違(たが)えないさま◆確かであるとして疑わない、一点の疑いもない、「信用する」の意◆確かな、間違いない、確かに、本当,N5,on,on,IL1_okurigana(kun 96%) | IL2_single_okuri(kun 96%),信:◆誠実なさま、嘘偽りがないさま、言ったことを違(たが)えないさま◆確かであるとして疑わない、一点の疑いもない、「信用する」の意◆確かな、間違いない、確かに、本当
kk_信号_しんごう,信号,しんごう,信:◆誠実なさま、嘘偽りがないさま、言ったことを違(たが)えないさま◆確かであるとして疑わない、一点の疑いもない、「信用する」の意◆確かな、間違いない、確かに、本当; 号:◆大声を出す、大声で呼ぶ、「号令(ゴウレイ)」「怒号(ドゴウ)」◆大きな声で泣く、また鳴く、また吼(ほ)える、「号泣(ゴウキュウ)」◆名付ける、正式な名前、「称,N5,on,on+on,,信:◆誠実なさま、嘘偽りがないさま、言ったことを違(たが)えないさま◆確かであるとして疑わない、一点の疑いもない、「信用する」の意◆確かな、間違いない、確かに、本当; 号:◆大声を出す、大声で呼ぶ、「号令(ゴウレイ)」「怒号(ドゴウ)」◆大きな声で泣く、また鳴く、また吼(ほ)える、「号泣(ゴウキュウ)」◆名付ける、正式な名前、「称
kk_借りる_かりる,借りる,かりる,借:◆後で返すことを条件に人の所有物を預かり用いる、同「貣」◆後で返すことを条件に人の所有物を別人に預け用いさせる、貸す、同「貸」◆他のものや別のものを仮に用いる、,N5,kun,kun,IL1_okurigana(kun 96%) | IL2_single_okuri(kun 96%),借:◆後で返すことを条件に人の所有物を預かり用いる、同「貣」◆後で返すことを条件に人の所有物を別人に預け用いさせる、貸す、同「貸」◆他のものや別のものを仮に用いる、
kk_健康_けんこう,健康,けんこう,健:◆体力や気力がある(衰おとろえたり滞とどこおったりすることがない)さま、しっかりとしているさま、同「徤」; 康:◆何事もなく安らかなさま、心配するようなことが何もないさま、「健康(ケンコウ)」「小康(ショウコウ、ひとまずは安定しているさま)」◆穀物の実を覆う殻(から)、実,N5,on,on+on,B_noun_rad_广(kun 93%),健:◆体力や気力がある(衰おとろえたり滞とどこおったりすることがない)さま、しっかりとしているさま、同「徤」; 康:◆何事もなく安らかなさま、心配するようなことが何もないさま、「健康(ケンコウ)」「小康(ショウコウ、ひとまずは安定しているさま)」◆穀物の実を覆う殻(から)、実
kk_傍/側_そば,傍/側,そば,傍:◆もののすぐ近くのところ、側(そば)、同「徬」「旁」◆すぐ傍に付き添(そ)う、ぴったりと寄り添う、同「徬」「旁」◆漢字の右側の部分、同「旁」、左は「扁」「偏」; 側:◆(立っているものの)すぐ傍(そば)、傍(かたわ)ら、脇(わき)、同「旁」◆立てて片方に(一方に)寄せる、片方に寄る、偏(かたよ)る、同「仄」◆立ったものが一方,N5,kun,kun+kun~,A3_short_compound(on+on 71%),傍:◆もののすぐ近くのところ、側(そば)、同「徬」「旁」◆すぐ傍に付き添(そ)う、ぴったりと寄り添う、同「徬」「旁」◆漢字の右側の部分、同「旁」、左は「扁」「偏」; 側:◆(立っているものの)すぐ傍(そば)、傍(かたわ)ら、脇(わき)、同「旁」◆立てて片方に(一方に)寄せる、片方に寄る、偏(かたよ)る、同「仄」◆立ったものが一方
kk_傘_かさ,傘,かさ,傘:◆頭上に翳(かざ)し雨や日差しを遮(さえぎ)るためのもので、手で持つための柄(え)が付いているもの、同「簦」「繖」◆(傘のように)頭上を覆(おお)うもの,N5,kun,kun,IL2_single_default(kun 84%),傘:◆頭上に翳(かざ)し雨や日差しを遮(さえぎ)るためのもので、手で持つための柄(え)が付いているもの、同「簦」「繖」◆(傘のように)頭上を覆(おお)うもの
kk_働く_はたらく,働く,はたらく,働:◆[日]仕事をする◆[日]他に対して作用する◆俗「仂」、但し和製の簡体字で、中国で「仂」は、「働く」の義はない,N5,kun,kun,IL1_okurigana(kun 96%) | IL2_single_okuri(kun 96%),働:◆[日]仕事をする◆[日]他に対して作用する◆俗「仂」、但し和製の簡体字で、中国で「仂」は、「働く」の義はない
kk_僕_ぼく,僕,ぼく,僕:◆個人の家に仕(つか)え主(あるじ)の身の回りの世話をする男子、召し使い、同簡「仆」、君主などの大身に仕える者は「臣」◆他の家に仕え馬を御する者、御車(ぎょしゃ,N5,on,on,IL2_single_default(kun 84%),僕:◆個人の家に仕(つか)え主(あるじ)の身の回りの世話をする男子、召し使い、同簡「仆」、君主などの大身に仕える者は「臣」◆他の家に仕え馬を御する者、御車(ぎょしゃ
kk_億_おく,億,おく,億:◆一万の一万倍 、古くは十万(一万の十倍で「下数」と呼ばれる十進法での数) ◆心が満たされる、心地よい、同「𢡃」◆推(お)し量る、同「臆」◆簡「亿」,N5,on,on,IL2_on_only(on 99%),億:◆一万の一万倍 、古くは十万(一万の十倍で「下数」と呼ばれる十進法での数) ◆心が満たされる、心地よい、同「𢡃」◆推(お)し量る、同「臆」◆簡「亿」
kk_元気_げんき,元気,げんき,元:◆物事の発端(ホッタン)、起源、始まり、「元年(ガンネン)」◆物事の基(もと)となるもの、根本(コンポン)◆物事の先頭にあるもの、頭(かしら)、「元首(ゲンシュ; 気:◆中国古来の考えで、天地全ての事物の基本要素、目に見えず形状は一定しない、あらゆる事物の生死・盛衰などの変化・変動はこの「気」の移動・集散によるものと考えられた,N5,on,on+on,A3_short_compound(on+on 71%),元:◆物事の発端(ホッタン)、起源、始まり、「元年(ガンネン)」◆物事の基(もと)となるもの、根本(コンポン)◆物事の先頭にあるもの、頭(かしら)、「元首(ゲンシュ; 気:◆中国古来の考えで、天地全ての事物の基本要素、目に見えず形状は一定しない、あらゆる事物の生死・盛衰などの変化・変動はこの「気」の移動・集散によるものと考えられた
kk_兄_あに,兄,あに,兄:◆同じ親を持つ自分よりも先に生まれた男子、同「哥哥(カカ)」、自分よりも後から生まれた男子は「弟」◆年長また同世代の男子に対する敬称,N5,kun,kun,IL2_single_default(kun 84%),兄:◆同じ親を持つ自分よりも先に生まれた男子、同「哥哥(カカ)」、自分よりも後から生まれた男子は「弟」◆年長また同世代の男子に対する敬称
kk_兄弟_きょうだい,兄弟,きょうだい,兄:◆同じ親を持つ自分よりも先に生まれた男子、同「哥哥(カカ)」、自分よりも後から生まれた男子は「弟」◆年長また同世代の男子に対する敬称; 弟:◆同じ親を持つ自分よりも後から生まれた男子、同「𠂖」、先に生まれた男子は「兄」◆年長者や兄姉を敬い従う、同「悌」◆「弟靡(テイビ)」、逆らうことなく従う、「【莊,N5,on,on+on,,兄:◆同じ親を持つ自分よりも先に生まれた男子、同「哥哥(カカ)」、自分よりも後から生まれた男子は「弟」◆年長また同世代の男子に対する敬称; 弟:◆同じ親を持つ自分よりも後から生まれた男子、同「𠂖」、先に生まれた男子は「兄」◆年長者や兄姉を敬い従う、同「悌」◆「弟靡(テイビ)」、逆らうことなく従う、「【莊
kk_先_さき,先,さき,先:◆基準になる位置や時間よりも前、同「前」、逆は「後」◆前に向かって進む、またその方向、同「前」◆以前、時間的に過去の方向◆ま・ず、最初に、～の前に,N5,kun,kun,IL2_single_default(kun 84%),先:◆基準になる位置や時間よりも前、同「前」、逆は「後」◆前に向かって進む、またその方向、同「前」◆以前、時間的に過去の方向◆ま・ず、最初に、～の前に
kk_先ず_まず,先ず,まず,先:◆基準になる位置や時間よりも前、同「前」、逆は「後」◆前に向かって進む、またその方向、同「前」◆以前、時間的に過去の方向◆ま・ず、最初に、～の前に,N5,kun,kun,IL1_okurigana(kun 96%) | IL2_single_okuri(kun 96%),先:◆基準になる位置や時間よりも前、同「前」、逆は「後」◆前に向かって進む、またその方向、同「前」◆以前、時間的に過去の方向◆ま・ず、最初に、～の前に
kk_先に_さきに,先に,さきに,先:◆基準になる位置や時間よりも前、同「前」、逆は「後」◆前に向かって進む、またその方向、同「前」◆以前、時間的に過去の方向◆ま・ず、最初に、～の前に,N5,kun,kun,IL1_okurigana(kun 96%) | IL2_single_okuri(kun 96%),先:◆基準になる位置や時間よりも前、同「前」、逆は「後」◆前に向かって進む、またその方向、同「前」◆以前、時間的に過去の方向◆ま・ず、最初に、～の前に
kk_先月_せんげつ,先月,せんげつ,先:◆基準になる位置や時間よりも前、同「前」、逆は「後」◆前に向かって進む、またその方向、同「前」◆以前、時間的に過去の方向◆ま・ず、最初に、～の前に; 月:◆地球の衛星の名、太陰(タイイン)、「日」を「太陽」というのに対して月を「太陰」という◆一年をほぼ十二等分した期間、新月(月が見えなくなる日)から次の新月までの,N5,on,on+on,,先:◆基準になる位置や時間よりも前、同「前」、逆は「後」◆前に向かって進む、またその方向、同「前」◆以前、時間的に過去の方向◆ま・ず、最初に、～の前に; 月:◆地球の衛星の名、太陰(タイイン)、「日」を「太陽」というのに対して月を「太陰」という◆一年をほぼ十二等分した期間、新月(月が見えなくなる日)から次の新月までの
kk_先生_せんせい,先生,せんせい,先:◆基準になる位置や時間よりも前、同「前」、逆は「後」◆前に向かって進む、またその方向、同「前」◆以前、時間的に過去の方向◆ま・ず、最初に、～の前に; 生:◆う・まれる、それまでになかった新しいものが現れ出る、また新しいことが起こる◆い・きる、成長し活動できる状態で存在する、またその状態◆なま、現れ出た時のそのまま,N5,on,on+on,,先:◆基準になる位置や時間よりも前、同「前」、逆は「後」◆前に向かって進む、またその方向、同「前」◆以前、時間的に過去の方向◆ま・ず、最初に、～の前に; 生:◆う・まれる、それまでになかった新しいものが現れ出る、また新しいことが起こる◆い・きる、成長し活動できる状態で存在する、またその状態◆なま、現れ出た時のそのまま
kk_先輩_せんぱい,先輩,せんぱい,先:◆基準になる位置や時間よりも前、同「前」、逆は「後」◆前に向かって進む、またその方向、同「前」◆以前、時間的に過去の方向◆ま・ず、最初に、～の前に; 輩:◆車の数の単位、1輩=100輌◆車列、車が列を成すさま、「輩出(ハイシュツ、列を成して次々に現れ出るさま)」◆ともがら、やから、同等・同類・同属・同世代などの同,N5,other,mixed+mixed~,,先:◆基準になる位置や時間よりも前、同「前」、逆は「後」◆前に向かって進む、またその方向、同「前」◆以前、時間的に過去の方向◆ま・ず、最初に、～の前に; 輩:◆車の数の単位、1輩=100輌◆車列、車が列を成すさま、「輩出(ハイシュツ、列を成して次々に現れ出るさま)」◆ともがら、やから、同等・同類・同属・同世代などの同
kk_先週_せんしゅう,先週,せんしゅう,先:◆基準になる位置や時間よりも前、同「前」、逆は「後」◆前に向かって進む、またその方向、同「前」◆以前、時間的に過去の方向◆ま・ず、最初に、～の前に; 週:◆ぐるりと廻(まわ)る◆一定の周期で廻(めぐ)って来る、またその期間,N5,on,on+on,,先:◆基準になる位置や時間よりも前、同「前」、逆は「後」◆前に向かって進む、またその方向、同「前」◆以前、時間的に過去の方向◆ま・ず、最初に、～の前に; 週:◆ぐるりと廻(まわ)る◆一定の周期で廻(めぐ)って来る、またその期間
kk_入り口_いりぐち,入り口,いりぐち,入:◆範囲・領域・組織や区切り・境界の外(外側、外部、表側、向こう側、公のところ)から内(内側、内部、裏側、こちら側、私的なところ)に移る、また移す、内から外へ移る; 口:◆動物の食べたり声を発したりするための器官◆ものが出入りするために空(あ)けた(空いた)ところ、(口のように)全体の内の一部空いたところ◆言葉、言葉を発する、語,N5,other,mixed+mixed~,IL1_okurigana(kun 96%) | A1_compound_oku(kun 90%) | A1_on_kun_mix(on+kun 65%),入:◆範囲・領域・組織や区切り・境界の外(外側、外部、表側、向こう側、公のところ)から内(内側、内部、裏側、こちら側、私的なところ)に移る、また移す、内から外へ移る; 口:◆動物の食べたり声を発したりするための器官◆ものが出入りするために空(あ)けた(空いた)ところ、(口のように)全体の内の一部空いたところ◆言葉、言葉を発する、語
kk_入る_はいる,入る,はいる,入:◆範囲・領域・組織や区切り・境界の外(外側、外部、表側、向こう側、公のところ)から内(内側、内部、裏側、こちら側、私的なところ)に移る、また移す、内から外へ移る,N5,kun,kun,IL1_okurigana(kun 96%) | IL2_single_okuri(kun 96%),入:◆範囲・領域・組織や区切り・境界の外(外側、外部、表側、向こう側、公のところ)から内(内側、内部、裏側、こちら側、私的なところ)に移る、また移す、内から外へ移る
kk_入れる_いれる,入れる,いれる,入:◆範囲・領域・組織や区切り・境界の外(外側、外部、表側、向こう側、公のところ)から内(内側、内部、裏側、こちら側、私的なところ)に移る、また移す、内から外へ移る,N5,kun,kun,IL1_okurigana(kun 96%) | IL2_single_okuri(kun 96%),入:◆範囲・領域・組織や区切り・境界の外(外側、外部、表側、向こう側、公のところ)から内(内側、内部、裏側、こちら側、私的なところ)に移る、また移す、内から外へ移る
kk_入学式_にゅうがくしき,入学式,にゅうがくしき,入:◆範囲・領域・組織や区切り・境界の外(外側、外部、表側、向こう側、公のところ)から内(内側、内部、裏側、こちら側、私的なところ)に移る、また移す、内から外へ移る; 学:◆(教えを受けながら、見て倣いながら)知識や技術などを身に付ける、習得する、またその内容、知識や技術などを授(さず)けることを「教」◆教えを受け知識や技術などを; 式:◆決まり、やり方、一定の方法や手順◆型(かた)、基本や標準になる形◆目的や作法(サホウ)・次第(シダイ)が決まっている行事◆数学などの解法を示したもの◆用(もち,N5,on,on+on+on,A4_multi_on(on+on+on 65%),入:◆範囲・領域・組織や区切り・境界の外(外側、外部、表側、向こう側、公のところ)から内(内側、内部、裏側、こちら側、私的なところ)に移る、また移す、内から外へ移る; 学:◆(教えを受けながら、見て倣いながら)知識や技術などを身に付ける、習得する、またその内容、知識や技術などを授(さず)けることを「教」◆教えを受け知識や技術などを; 式:◆決まり、やり方、一定の方法や手順◆型(かた)、基本や標準になる形◆目的や作法(サホウ)・次第(シダイ)が決まっている行事◆数学などの解法を示したもの◆用(もち
kk_全員_ぜんいん,全員,ぜんいん,全:◆すべ・て、欠点・瑕疵や不備・不足がない、余すところがない◆まった・く、まっと・う、余すところなく、漏れなく、残らず、すっかり; 員:◆限られた範囲(場所・空間など)に入っている(含まれる)人、集団に属している人、またその人数◆限られた範囲(特に国土・領土などの境界線)の大きさ、また広さ◆円(,N5,on,on+on,,全:◆すべ・て、欠点・瑕疵や不備・不足がない、余すところがない◆まった・く、まっと・う、余すところなく、漏れなく、残らず、すっかり; 員:◆限られた範囲(場所・空間など)に入っている(含まれる)人、集団に属している人、またその人数◆限られた範囲(特に国土・領土などの境界線)の大きさ、また広さ◆円(
kk_全部_ぜんぶ,全部,ぜんぶ,全:◆すべ・て、欠点・瑕疵や不備・不足がない、余すところがない◆まった・く、まっと・う、余すところなく、漏れなく、残らず、すっかり; 部:◆区分けしたものの一つ、「部分」「内部」◆集団を分類し同じものを一纏(ひとまと)めにしたもの、全体を構成する小さな集合体や組織、「部署」「部隊」◆書物を数える単,N5,on,on+on,A3_short_compound(on+on 71%),全:◆すべ・て、欠点・瑕疵や不備・不足がない、余すところがない◆まった・く、まっと・う、余すところなく、漏れなく、残らず、すっかり; 部:◆区分けしたものの一つ、「部分」「内部」◆集団を分類し同じものを一纏(ひとまと)めにしたもの、全体を構成する小さな集合体や組織、「部署」「部隊」◆書物を数える単
kk_八つ_やっつ,八つ,やっつ,八:◆数の名、八番目の数 ◆左右に分ける、別れる、反対方向に進んで次第に遠ざかる、同「別」◆はち、部首名,N5,kun,kun,IL1_okurigana(kun 96%) | IL2_single_okuri(kun 96%),八:◆数の名、八番目の数 ◆左右に分ける、別れる、反対方向に進んで次第に遠ざかる、同「別」◆はち、部首名
kk_八日_ようか,八日,ようか,八:◆数の名、八番目の数 ◆左右に分ける、別れる、反対方向に進んで次第に遠ざかる、同「別」◆はち、部首名; 日:◆太陽◆太陽が出ている間、昼間、夜明けから日没まで◆一昼夜、朝から次の朝まで、またその繰り返し、またその繰り返しを数える語◆候(コウ)、時節、頃(ケイ、ころ)◆,N5,kun,kun+kun~,A3_short_compound(on+on 71%),八:◆数の名、八番目の数 ◆左右に分ける、別れる、反対方向に進んで次第に遠ざかる、同「別」◆はち、部首名; 日:◆太陽◆太陽が出ている間、昼間、夜明けから日没まで◆一昼夜、朝から次の朝まで、またその繰り返し、またその繰り返しを数える語◆候(コウ)、時節、頃(ケイ、ころ)◆
kk_公園_こうえん,公園,こうえん,公:◆私(わたくし)することなく広く平らなさま、偏(かたよ)らないさま、「公平(コウヘイ)」◆私・個人ではなく多くの人の集まり、社会的なこと、「公共(コウキョウ、多; 園:◆周りを垣や柵などで囲った(樹木・果樹などの)畑、「【說文解字:囗部:園】所以樹果也」◆周りを垣や柵などで囲った広い庭、またそのような庭のある邸宅、またそのよう,N5,on,on+on,,公:◆私(わたくし)することなく広く平らなさま、偏(かたよ)らないさま、「公平(コウヘイ)」◆私・個人ではなく多くの人の集まり、社会的なこと、「公共(コウキョウ、多; 園:◆周りを垣や柵などで囲った(樹木・果樹などの)畑、「【說文解字:囗部:園】所以樹果也」◆周りを垣や柵などで囲った広い庭、またそのような庭のある邸宅、またそのよう
kk_六つ_むっつ,六つ,むっつ,六:◆数の名、六番目の数 ◆工尺譜(コウセキフ、コウシャクフ、楽譜の表記法の一つ)で「ソ」の音を表す,N5,kun,kun,IL1_okurigana(kun 96%) | IL2_single_okuri(kun 96%),六:◆数の名、六番目の数 ◆工尺譜(コウセキフ、コウシャクフ、楽譜の表記法の一つ)で「ソ」の音を表す
kk_六日_むいか,六日,むいか,六:◆数の名、六番目の数 ◆工尺譜(コウセキフ、コウシャクフ、楽譜の表記法の一つ)で「ソ」の音を表す; 日:◆太陽◆太陽が出ている間、昼間、夜明けから日没まで◆一昼夜、朝から次の朝まで、またその繰り返し、またその繰り返しを数える語◆候(コウ)、時節、頃(ケイ、ころ)◆,N5,kun,kun+kun~,A3_short_compound(on+on 71%),六:◆数の名、六番目の数 ◆工尺譜(コウセキフ、コウシャクフ、楽譜の表記法の一つ)で「ソ」の音を表す; 日:◆太陽◆太陽が出ている間、昼間、夜明けから日没まで◆一昼夜、朝から次の朝まで、またその繰り返し、またその繰り返しを数える語◆候(コウ)、時節、頃(ケイ、ころ)◆
kk_其の_その,其の,その,其:◆人(その人)や事柄(そのこと、それ)や物(それ)などを指す語、that、it,N5,kun,kun,IL1_okurigana(kun 96%) | IL2_single_okuri(kun 96%),其:◆人(その人)や事柄(そのこと、それ)や物(それ)などを指す語、that、it
kk_其の後_そのあと,其の後,そのあと,其:◆人(その人)や事柄(そのこと、それ)や物(それ)などを指す語、that、it; 後:◆位置的には背の方向、時間的には未来の方向、順位・順序では下位の方向、逆は「前」「先」◆遅れる、遅れて来る◆家を継ぐ子、子孫◆簡「后」,N5,kun,kun+kun~,IL1_okurigana(kun 96%) | A1_compound_oku(kun 90%) | A1_on_kun_mix(on+kun 65%),其:◆人(その人)や事柄(そのこと、それ)や物(それ)などを指す語、that、it; 後:◆位置的には背の方向、時間的には未来の方向、順位・順序では下位の方向、逆は「前」「先」◆遅れる、遅れて来る◆家を継ぐ子、子孫◆簡「后」
kk_其の様_そのよう,其の様,そのよう,其:◆人(その人)や事柄(そのこと、それ)や物(それ)などを指す語、that、it; 様:◆物事の性格や状態、また姿や形、あり方また見掛け◆形や姿、状態やあり方、方法や方式、同「𢳌」◆形や姿・状態やあり方・方法や方式などの種類を数える語◆クヌギ(櫟、,N5,mixed,kun+on~,IL1_okurigana(kun 96%) | A1_compound_oku(kun 90%) | A1_on_kun_mix(on+kun 65%),其:◆人(その人)や事柄(そのこと、それ)や物(それ)などを指す語、that、it; 様:◆物事の性格や状態、また姿や形、あり方また見掛け◆形や姿、状態やあり方、方法や方式、同「𢳌」◆形や姿・状態やあり方・方法や方式などの種類を数える語◆クヌギ(櫟、
kk_其れ_それ,其れ,それ,其:◆人(その人)や事柄(そのこと、それ)や物(それ)などを指す語、that、it,N5,kun,kun,IL1_okurigana(kun 96%) | IL2_single_okuri(kun 96%),其:◆人(その人)や事柄(そのこと、それ)や物(それ)などを指す語、that、it
kk_其れから_それから,其れから,それから,其:◆人(その人)や事柄(そのこと、それ)や物(それ)などを指す語、that、it,N5,kun,kun,IL1_okurigana(kun 96%) | IL2_single_okuri(kun 96%),其:◆人(その人)や事柄(そのこと、それ)や物(それ)などを指す語、that、it
kk_其れでは_それでは,其れでは,それでは,其:◆人(その人)や事柄(そのこと、それ)や物(それ)などを指す語、that、it,N5,kun,kun,IL1_okurigana(kun 96%) | IL2_single_okuri(kun 96%),其:◆人(その人)や事柄(そのこと、それ)や物(それ)などを指す語、that、it
kk_其処_そこ,其処,そこ,其:◆人(その人)や事柄(そのこと、それ)や物(それ)などを指す語、that、it; 処:◆腰を落ち着ける、居(い)る、止(とど)まる、またその場所◆腰を落ち着けて留(とど)まっているさま、「処士(ショシ、能力がありながら出仕しない人))」「処女(シ,N5,kun,kun+kun~,A3_short_compound(on+on 71%),其:◆人(その人)や事柄(そのこと、それ)や物(それ)などを指す語、that、it; 処:◆腰を落ち着ける、居(い)る、止(とど)まる、またその場所◆腰を落ち着けて留(とど)まっているさま、「処士(ショシ、能力がありながら出仕しない人))」「処女(シ
kk_其方_そちら,其方,そちら,其:◆人(その人)や事柄(そのこと、それ)や物(それ)などを指す語、that、it; 方:◆四角、四角いさま、角(かど)が直角になっているさま、「方形(ホウケイ)」◆数学で二つの数を掛け合わせた数(正方形・長方形の一つの角を成す二辺を掛け合わせた数),N5,other,mixed+mixed~,A3_short_compound(on+on 71%),其:◆人(その人)や事柄(そのこと、それ)や物(それ)などを指す語、that、it; 方:◆四角、四角いさま、角(かど)が直角になっているさま、「方形(ホウケイ)」◆数学で二つの数を掛け合わせた数(正方形・長方形の一つの角を成す二辺を掛け合わせた数)
kk_内容_ないよう,内容,ないよう,内:◆外から中に入る、入れる◆限られた範囲・領域の中、区切りや境目の中、同「中」◆ある一定の範囲に含まれるもの、囲われたり覆われたりしていて外からは見えないもの、公; 容:◆ものを器(うつわ)などの周りが囲まれているものの中に入れる、またそこに入っているもの、中身(なかみ)◆人や意見などを受け入れる、許す、認める◆顔の表情、姿形(,N5,on,on+on,B_noun_rad_宀(kun 93%),内:◆外から中に入る、入れる◆限られた範囲・領域の中、区切りや境目の中、同「中」◆ある一定の範囲に含まれるもの、囲われたり覆われたりしていて外からは見えないもの、公; 容:◆ものを器(うつわ)などの周りが囲まれているものの中に入れる、またそこに入っているもの、中身(なかみ)◆人や意見などを受け入れる、許す、認める◆顔の表情、姿形(
kk_円_えん,円,えん,円:◆丸い形、中心から等距離にある全ての点を順に結んだ線が成す形◆丸い、角(かど)がない、尖(とが)ったところがない◆丸くなる、丸く纏(まと)まる、誰にとっても満足,N5,on,on,IL2_single_default(kun 84%),円:◆丸い形、中心から等距離にある全ての点を順に結んだ線が成す形◆丸い、角(かど)がない、尖(とが)ったところがない◆丸くなる、丸く纏(まと)まる、誰にとっても満足
kk_再来年_さらいねん,再来年,さらいねん,再:◆同じことが更にもう一度繰り返される、もう一度、二度、二回、二重; 来:◆(人や時間や物事が)向こうからこちらに近づく、「到来(トウライ)」、同「倈」「徠」「逨」「𧼛」◆招き寄せる、「こちらに来させる」の意◆ある時点から今まで、今に; 年:◆穀物が稔(みの)る、同「秊」◆農作物を収穫してから次の収穫期までの期間、四季(二十四節気)を一巡する期間、year◆誕生してから生きてその誕生日を通り過ぎた回,N5,on,on+on+on,A4_multi_on(on+on+on 65%) | B_noun_rad_木(kun 93%),再:◆同じことが更にもう一度繰り返される、もう一度、二度、二回、二重; 来:◆(人や時間や物事が)向こうからこちらに近づく、「到来(トウライ)」、同「倈」「徠」「逨」「𧼛」◆招き寄せる、「こちらに来させる」の意◆ある時点から今まで、今に; 年:◆穀物が稔(みの)る、同「秊」◆農作物を収穫してから次の収穫期までの期間、四季(二十四節気)を一巡する期間、year◆誕生してから生きてその誕生日を通り過ぎた回
kk_再来月_さらいげつ,再来月,さらいげつ,再:◆同じことが更にもう一度繰り返される、もう一度、二度、二回、二重; 来:◆(人や時間や物事が)向こうからこちらに近づく、「到来(トウライ)」、同「倈」「徠」「逨」「𧼛」◆招き寄せる、「こちらに来させる」の意◆ある時点から今まで、今に; 月:◆地球の衛星の名、太陰(タイイン)、「日」を「太陽」というのに対して月を「太陰」という◆一年をほぼ十二等分した期間、新月(月が見えなくなる日)から次の新月までの,N5,on,on+on+on,A4_multi_on(on+on+on 65%) | B_noun_rad_木(kun 93%),再:◆同じことが更にもう一度繰り返される、もう一度、二度、二回、二重; 来:◆(人や時間や物事が)向こうからこちらに近づく、「到来(トウライ)」、同「倈」「徠」「逨」「𧼛」◆招き寄せる、「こちらに来させる」の意◆ある時点から今まで、今に; 月:◆地球の衛星の名、太陰(タイイン)、「日」を「太陽」というのに対して月を「太陰」という◆一年をほぼ十二等分した期間、新月(月が見えなくなる日)から次の新月までの
kk_再来週_さらいしゅう,再来週,さらいしゅう,再:◆同じことが更にもう一度繰り返される、もう一度、二度、二回、二重; 来:◆(人や時間や物事が)向こうからこちらに近づく、「到来(トウライ)」、同「倈」「徠」「逨」「𧼛」◆招き寄せる、「こちらに来させる」の意◆ある時点から今まで、今に; 週:◆ぐるりと廻(まわ)る◆一定の周期で廻(めぐ)って来る、またその期間,N5,on,on+on+on,A4_multi_on(on+on+on 65%) | B_noun_rad_木(kun 93%),再:◆同じことが更にもう一度繰り返される、もう一度、二度、二回、二重; 来:◆(人や時間や物事が)向こうからこちらに近づく、「到来(トウライ)」、同「倈」「徠」「逨」「𧼛」◆招き寄せる、「こちらに来させる」の意◆ある時点から今まで、今に; 週:◆ぐるりと廻(まわ)る◆一定の周期で廻(めぐ)って来る、またその期間
kk_写真_しゃしん,写真,しゃしん,写:◆別の場所に移(うつ)す、他に移す◆書く、描く、「墨や絵の具を紙などに移す」の意◆元になるものに倣(なら)って別のものに書く、或いは描く; 真:◆手が加えられていない、本来の、本当の、確かな、嘘(うそ)や偽(いつわ)りがない◆正しい、正当な,N5,on,on+on,A3_short_compound(on+on 71%),写:◆別の場所に移(うつ)す、他に移す◆書く、描く、「墨や絵の具を紙などに移す」の意◆元になるものに倣(なら)って別のものに書く、或いは描く; 真:◆手が加えられていない、本来の、本当の、確かな、嘘(うそ)や偽(いつわ)りがない◆正しい、正当な
kk_冬_ふゆ,冬,ふゆ,冬:◆四季の第四、一年の最後の季節、新しい一年が始まる前の季節、農暦(ノウレキ)の10月から12月(太陽暦の12月頃から翌年3月頃),N5,kun,kun,IL2_single_default(kun 84%),冬:◆四季の第四、一年の最後の季節、新しい一年が始まる前の季節、農暦(ノウレキ)の10月から12月(太陽暦の12月頃から翌年3月頃)
kk_冬休み_ふゆやすみ,冬休み,ふゆやすみ,冬:◆四季の第四、一年の最後の季節、新しい一年が始まる前の季節、農暦(ノウレキ)の10月から12月(太陽暦の12月頃から翌年3月頃); 休:◆連続した動きや働きの途中で一旦その動きや働きを止(や)める、再開するために息を整えたり力を蓄(たくわ)えることをいう◆止める、止む、終わる、「【歸去來辭】羨萬,N5,kun,kun+kun,IL1_okurigana(kun 96%) | A1_compound_oku(kun 90%) | A1_on_kun_mix(on+kun 65%),冬:◆四季の第四、一年の最後の季節、新しい一年が始まる前の季節、農暦(ノウレキ)の10月から12月(太陽暦の12月頃から翌年3月頃); 休:◆連続した動きや働きの途中で一旦その動きや働きを止(や)める、再開するために息を整えたり力を蓄(たくわ)えることをいう◆止める、止む、終わる、「【歸去來辭】羨萬
kk_冷たい_つめたい,冷たい,つめたい,冷:◆気温や温度が低い、熱(ネツ)がない、ひんやりする、寒い◆熱(あつ)くない、熱気や熱意がない、関心や興味がない◆氷のように透(す)き通っている,N5,kun,kun,IL1_okurigana(kun 96%) | IL2_single_okuri(kun 96%),冷:◆気温や温度が低い、熱(ネツ)がない、ひんやりする、寒い◆熱(あつ)くない、熱気や熱意がない、関心や興味がない◆氷のように透(す)き通っている
kk_冷蔵庫_れいぞうこ,冷蔵庫,れいぞうこ,冷:◆気温や温度が低い、熱(ネツ)がない、ひんやりする、寒い◆熱(あつ)くない、熱気や熱意がない、関心や興味がない◆氷のように透(す)き通っている; 蔵:◆しまう、周りが囲まれていて外からは見えないところ(箱や蔵など)に入れる、また中に入れて隠す、またそのようなところに入っているもの、またそのための建物◆内臓、同; 庫:◆兵車(ヘイシャ、軍事用の車両)を保管する建物、「兵庫(ヘイコ)」◆物を貯蔵・保管する建物または部屋、「府庫(フコ)」「倉庫(ソウコ)」,N5,on,on+on+on,A4_multi_on(on+on+on 65%) | B_noun_rad_广(kun 93%),冷:◆気温や温度が低い、熱(ネツ)がない、ひんやりする、寒い◆熱(あつ)くない、熱気や熱意がない、関心や興味がない◆氷のように透(す)き通っている; 蔵:◆しまう、周りが囲まれていて外からは見えないところ(箱や蔵など)に入れる、また中に入れて隠す、またそのようなところに入っているもの、またそのための建物◆内臓、同; 庫:◆兵車(ヘイシャ、軍事用の車両)を保管する建物、「兵庫(ヘイコ)」◆物を貯蔵・保管する建物または部屋、「府庫(フコ)」「倉庫(ソウコ)」
kk_出かける_でかける,出かける,でかける,出:◆範囲・領域・組織や区切り・境界の内(内側、内部、裏側、こちら側、私的なところ)から外(外側、外部、表側、向こう側、公のところ)に移る、また移す、外から内へ移る,N5,kun,kun,IL1_okurigana(kun 96%) | IL2_single_okuri(kun 96%),出:◆範囲・領域・組織や区切り・境界の内(内側、内部、裏側、こちら側、私的なところ)から外(外側、外部、表側、向こう側、公のところ)に移る、また移す、外から内へ移る
kk_出す_だす,出す,だす,出:◆範囲・領域・組織や区切り・境界の内(内側、内部、裏側、こちら側、私的なところ)から外(外側、外部、表側、向こう側、公のところ)に移る、また移す、外から内へ移る,N5,kun,kun,IL1_okurigana(kun 96%) | IL2_single_okuri(kun 96%),出:◆範囲・領域・組織や区切り・境界の内(内側、内部、裏側、こちら側、私的なところ)から外(外側、外部、表側、向こう側、公のところ)に移る、また移す、外から内へ移る
kk_出る_でる,出る,でる,出:◆範囲・領域・組織や区切り・境界の内(内側、内部、裏側、こちら側、私的なところ)から外(外側、外部、表側、向こう側、公のところ)に移る、また移す、外から内へ移る,N5,kun,kun,IL1_okurigana(kun 96%) | IL2_single_okuri(kun 96%),出:◆範囲・領域・組織や区切り・境界の内(内側、内部、裏側、こちら側、私的なところ)から外(外側、外部、表側、向こう側、公のところ)に移る、また移す、外から内へ移る
kk_出口_でぐち,出口,でぐち,出:◆範囲・領域・組織や区切り・境界の内(内側、内部、裏側、こちら側、私的なところ)から外(外側、外部、表側、向こう側、公のところ)に移る、また移す、外から内へ移る; 口:◆動物の食べたり声を発したりするための器官◆ものが出入りするために空(あ)けた(空いた)ところ、(口のように)全体の内の一部空いたところ◆言葉、言葉を発する、語,N5,other,mixed+mixed~,A3_short_compound(on+on 71%),出:◆範囲・領域・組織や区切り・境界の内(内側、内部、裏側、こちら側、私的なところ)から外(外側、外部、表側、向こう側、公のところ)に移る、また移す、外から内へ移る; 口:◆動物の食べたり声を発したりするための器官◆ものが出入りするために空(あ)けた(空いた)ところ、(口のように)全体の内の一部空いたところ◆言葉、言葉を発する、語
kk_出張_しゅっちょう,出張,しゅっちょう,出:◆範囲・領域・組織や区切り・境界の内(内側、内部、裏側、こちら側、私的なところ)から外(外側、外部、表側、向こう側、公のところ)に移る、また移す、外から内へ移る; 張:◆弓や弦楽器の弦(ゲン、つる)を弛(たる)まないように掛ける、二点間に糸や網などを渡す◆弛(ゆる)みがないようにぴんと伸ばす、皺(しわ)にならないようにぴんと延,N5,on,on+on,,出:◆範囲・領域・組織や区切り・境界の内(内側、内部、裏側、こちら側、私的なところ)から外(外側、外部、表側、向こう側、公のところ)に移る、また移す、外から内へ移る; 張:◆弓や弦楽器の弦(ゲン、つる)を弛(たる)まないように掛ける、二点間に糸や網などを渡す◆弛(ゆる)みがないようにぴんと伸ばす、皺(しわ)にならないようにぴんと延
kk_出来る_できる,出来る,できる,出:◆範囲・領域・組織や区切り・境界の内(内側、内部、裏側、こちら側、私的なところ)から外(外側、外部、表側、向こう側、公のところ)に移る、また移す、外から内へ移る; 来:◆(人や時間や物事が)向こうからこちらに近づく、「到来(トウライ)」、同「倈」「徠」「逨」「𧼛」◆招き寄せる、「こちらに来させる」の意◆ある時点から今まで、今に,N5,other,mixed+mixed~,IL1_okurigana(kun 96%) | A1_compound_oku(kun 90%) | A1_on_kun_mix(on+kun 65%),出:◆範囲・領域・組織や区切り・境界の内(内側、内部、裏側、こちら側、私的なところ)から外(外側、外部、表側、向こう側、公のところ)に移る、また移す、外から内へ移る; 来:◆(人や時間や物事が)向こうからこちらに近づく、「到来(トウライ)」、同「倈」「徠」「逨」「𧼛」◆招き寄せる、「こちらに来させる」の意◆ある時点から今まで、今に
kk_出産_しゅっさん,出産,しゅっさん,出:◆範囲・領域・組織や区切り・境界の内(内側、内部、裏側、こちら側、私的なところ)から外(外側、外部、表側、向こう側、公のところ)に移る、また移す、外から内へ移る; 産:◆子を生む◆生まれ◆新たに(新たなものを)生み出す、作り出す、また生み出されたもの、「生産(セイサン)」◆土地や財物◆音孔が三つの籥(ヤク、縦笛)、籥よりも太く,N5,on,on+on,,出:◆範囲・領域・組織や区切り・境界の内(内側、内部、裏側、こちら側、私的なところ)から外(外側、外部、表側、向こう側、公のところ)に移る、また移す、外から内へ移る; 産:◆子を生む◆生まれ◆新たに(新たなものを)生み出す、作り出す、また生み出されたもの、「生産(セイサン)」◆土地や財物◆音孔が三つの籥(ヤク、縦笛)、籥よりも太く
kk_分かる_わかる,分かる,わかる,分:◆一つに纏(まと)まっているものを幾つかに切り離す、また幾つかに仕切る(区切る)、「分割(ブンカツ)」、切り離したものを仕分けることを「別」◆一つの纏まりから一,N5,kun,kun,IL1_okurigana(kun 96%) | IL2_single_okuri(kun 96%) | B_verb_rad_刀(kun 80%),分:◆一つに纏(まと)まっているものを幾つかに切り離す、また幾つかに仕切る(区切る)、「分割(ブンカツ)」、切り離したものを仕分けることを「別」◆一つの纏まりから一
kk_切る_きる,切る,きる,切:◆刃物などですっと断(た)つ、裁(た)つ、割(さ)く◆ぴったりとしたさま、隙(すき)がないさま、「親切(シンセツ)」◆近くまで迫(せま)る、差し迫る、「切近(セ,N5,kun,kun,IL1_okurigana(kun 96%) | IL2_single_okuri(kun 96%) | B_verb_rad_刀(kun 80%),切:◆刃物などですっと断(た)つ、裁(た)つ、割(さ)く◆ぴったりとしたさま、隙(すき)がないさま、「親切(シンセツ)」◆近くまで迫(せま)る、差し迫る、「切近(セ
kk_切手_きって,切手,きって,切:◆刃物などですっと断(た)つ、裁(た)つ、割(さ)く◆ぴったりとしたさま、隙(すき)がないさま、「親切(シンセツ)」◆近くまで迫(せま)る、差し迫る、「切近(セ; 手:◆体や物体の一部で、胴から分かれ出て伸び、持つ・握る・叩く・ものを作る・操作するなどの機能を持つ部分、掌(たなごころ)と指を合わせた全体、腕の先の部分 ◆自(み,N5,kun,kun+kun~,A3_short_compound(on+on 71%) | B_verb_rad_刀(kun 80%) | B_verb_rad_手(kun 80%),切:◆刃物などですっと断(た)つ、裁(た)つ、割(さ)く◆ぴったりとしたさま、隙(すき)がないさま、「親切(シンセツ)」◆近くまで迫(せま)る、差し迫る、「切近(セ; 手:◆体や物体の一部で、胴から分かれ出て伸び、持つ・握る・叩く・ものを作る・操作するなどの機能を持つ部分、掌(たなごころ)と指を合わせた全体、腕の先の部分 ◆自(み
kk_切符_きっぷ,切符,きっぷ,切:◆刃物などですっと断(た)つ、裁(た)つ、割(さ)く◆ぴったりとしたさま、隙(すき)がないさま、「親切(シンセツ)」◆近くまで迫(せま)る、差し迫る、「切近(セ; 符:◆真正(シンセイ)な相手であることを確認し合うための二つに割った札(ふだ)、これを双方が持ち、当人自身が相手に会うことができないような場合に使者にこれを持たせて,N5,on,mixed+on~,A3_short_compound(on+on 71%) | B_verb_rad_刀(kun 80%) | B_noun_rad_竹(kun 93%),切:◆刃物などですっと断(た)つ、裁(た)つ、割(さ)く◆ぴったりとしたさま、隙(すき)がないさま、「親切(シンセツ)」◆近くまで迫(せま)る、差し迫る、「切近(セ; 符:◆真正(シンセイ)な相手であることを確認し合うための二つに割った札(ふだ)、これを双方が持ち、当人自身が相手に会うことができないような場合に使者にこれを持たせて
kk_前_まえ,前,まえ,前:◆(前に)進む、またその方向、同「先」、「前途(ぜんと、目的地に向かう道のり、将来)」◆位置的には先の方向、時間的には過去の方向、順序では上位の方向、同「先」、,N5,kun,kun,IL2_single_default(kun 84%) | B_verb_rad_刀(kun 80%),前:◆(前に)進む、またその方向、同「先」、「前途(ぜんと、目的地に向かう道のり、将来)」◆位置的には先の方向、時間的には過去の方向、順序では上位の方向、同「先」、
kk_勉強_べんきょう,勉強,べんきょう,勉:◆強(し)いる、他に強いる、強く励(はげ)ます、自らに強いる、力を尽くして励む◆「勉強(ベンキョウ)」◇足りないところ(足りないもの)を補(おぎ)おうと励む◇他; 強:◆堅(かた)く曲がったり歪(ゆが)んだり弛(ゆる)んだりすることがないさま、どんな力にも揺(ゆら)らがないさま◆力や勢いがあるさま、体力・気力が漲(みなぎ)って,N5,on,on+on,B_verb_rad_力(kun 80%),勉:◆強(し)いる、他に強いる、強く励(はげ)ます、自らに強いる、力を尽くして励む◆「勉強(ベンキョウ)」◇足りないところ(足りないもの)を補(おぎ)おうと励む◇他; 強:◆堅(かた)く曲がったり歪(ゆが)んだり弛(ゆる)んだりすることがないさま、どんな力にも揺(ゆら)らがないさま◆力や勢いがあるさま、体力・気力が漲(みなぎ)って
kk_動物_どうぶつ,動物,どうぶつ,動:◆位置・姿勢・感情・状態・事情などが変わる、また変える、また変わり始める、「動作」「行動」「感動」◆やや・もすれば、どうかすると(～になる、～になりやすい); 物:◆(天地の間に存在する)人以外の形のあるもの、人は「者」、形のないものは「事」,N5,on,on+on,B_verb_rad_力(kun 80%) | B_noun_rad_牛(kun 93%),動:◆位置・姿勢・感情・状態・事情などが変わる、また変える、また変わり始める、「動作」「行動」「感動」◆やや・もすれば、どうかすると(～になる、～になりやすい); 物:◆(天地の間に存在する)人以外の形のあるもの、人は「者」、形のないものは「事」
kk_勤める_つとめる,勤める,つとめる,勤:◆すべきことに(仕事に)力を注(そそ)ぐ、励(はげ)む、精(セイ)を出す、同「廑」,N5,kun,kun,IL1_okurigana(kun 96%) | IL2_single_okuri(kun 96%) | B_verb_rad_力(kun 80%),勤:◆すべきことに(仕事に)力を注(そそ)ぐ、励(はげ)む、精(セイ)を出す、同「廑」
kk_北_きた,北,きた,北:◆東(トウ、ひがし、太陽が昇る方角)に向いたときに左の方角、右の方角を「南」◆背(そむ)ける、背(せ)を向ける、背(そむ)く、同「背」◆逃(に)げる、「敵に背を,N5,kun,kun,IL2_single_default(kun 84%),北:◆東(トウ、ひがし、太陽が昇る方角)に向いたときに左の方角、右の方角を「南」◆背(そむ)ける、背(せ)を向ける、背(そむ)く、同「背」◆逃(に)げる、「敵に背を
kk_北側_きたがわ,北側,きたがわ,北:◆東(トウ、ひがし、太陽が昇る方角)に向いたときに左の方角、右の方角を「南」◆背(そむ)ける、背(せ)を向ける、背(そむ)く、同「背」◆逃(に)げる、「敵に背を; 側:◆(立っているものの)すぐ傍(そば)、傍(かたわ)ら、脇(わき)、同「旁」◆立てて片方に(一方に)寄せる、片方に寄る、偏(かたよ)る、同「仄」◆立ったものが一方,N5,other,mixed+mixed~,,北:◆東(トウ、ひがし、太陽が昇る方角)に向いたときに左の方角、右の方角を「南」◆背(そむ)ける、背(せ)を向ける、背(そむ)く、同「背」◆逃(に)げる、「敵に背を; 側:◆(立っているものの)すぐ傍(そば)、傍(かたわ)ら、脇(わき)、同「旁」◆立てて片方に(一方に)寄せる、片方に寄る、偏(かたよ)る、同「仄」◆立ったものが一方
kk_医者_いしゃ,医者,いしゃ,医:◆弓や弩(ド、機械仕掛けの弓)の矢を入れる容器◆病気を治(なお)す、また病気を治療する人、同繁「醫」、同「毉」; 者:◆～の人、～する人、「使者(ししゃ、使いをする人、運び届けること)」◆こと(事)、もの(物)、「再者(サイシャ、更に付け加えること、追伸)」「前者(ゼンシャ、前,N5,on,on+on,A3_short_compound(on+on 71%),医:◆弓や弩(ド、機械仕掛けの弓)の矢を入れる容器◆病気を治(なお)す、また病気を治療する人、同繁「醫」、同「毉」; 者:◆～の人、～する人、「使者(ししゃ、使いをする人、運び届けること)」◆こと(事)、もの(物)、「再者(サイシャ、更に付け加えること、追伸)」「前者(ゼンシャ、前
kk_十_とお,十,とお,十:◆数の名、十番目 ◆多い◆全て、全て備わる、全て揃う、「【說文解字:十部:十】數之具也一爲東西丨爲南北則四方中央備矣…」◆じゅう、部首名,N5,kun,kun,IL2_single_default(kun 84%),十:◆数の名、十番目 ◆多い◆全て、全て備わる、全て揃う、「【說文解字:十部:十】數之具也一爲東西丨爲南北則四方中央備矣…」◆じゅう、部首名
kk_十日_とおか,十日,とおか,十:◆数の名、十番目 ◆多い◆全て、全て備わる、全て揃う、「【說文解字:十部:十】數之具也一爲東西丨爲南北則四方中央備矣…」◆じゅう、部首名; 日:◆太陽◆太陽が出ている間、昼間、夜明けから日没まで◆一昼夜、朝から次の朝まで、またその繰り返し、またその繰り返しを数える語◆候(コウ)、時節、頃(ケイ、ころ)◆,N5,kun,kun+kun~,A3_short_compound(on+on 71%),十:◆数の名、十番目 ◆多い◆全て、全て備わる、全て揃う、「【說文解字:十部:十】數之具也一爲東西丨爲南北則四方中央備矣…」◆じゅう、部首名; 日:◆太陽◆太陽が出ている間、昼間、夜明けから日没まで◆一昼夜、朝から次の朝まで、またその繰り返し、またその繰り返しを数える語◆候(コウ)、時節、頃(ケイ、ころ)◆
kk_千_せん,千,せん,千:◆百の十倍、キロ kilo ◆数や回数が非常に(十・百よりも)多いさま◆「秋千(シュウセン)」、ぶらんこ、同「鞦韆」,N5,on,on,IL2_single_default(kun 84%),千:◆百の十倍、キロ kilo ◆数や回数が非常に(十・百よりも)多いさま◆「秋千(シュウセン)」、ぶらんこ、同「鞦韆」
kk_午前_ごぜん,午前,ごぜん,午:◆十二支の七番目、時刻では午前十二時を中心とした二時間、動物では馬、方角では南 ◆農歴(ノウレキ、中国の伝統的な暦法、旧暦)の五月、「午日(ゴジツ、旧暦の五月五; 前:◆(前に)進む、またその方向、同「先」、「前途(ぜんと、目的地に向かう道のり、将来)」◆位置的には先の方向、時間的には過去の方向、順序では上位の方向、同「先」、,N5,on,on+on,A3_short_compound(on+on 71%) | B_verb_rad_刀(kun 80%),午:◆十二支の七番目、時刻では午前十二時を中心とした二時間、動物では馬、方角では南 ◆農歴(ノウレキ、中国の伝統的な暦法、旧暦)の五月、「午日(ゴジツ、旧暦の五月五; 前:◆(前に)進む、またその方向、同「先」、「前途(ぜんと、目的地に向かう道のり、将来)」◆位置的には先の方向、時間的には過去の方向、順序では上位の方向、同「先」、
kk_午後_ごご,午後,ごご,午:◆十二支の七番目、時刻では午前十二時を中心とした二時間、動物では馬、方角では南 ◆農歴(ノウレキ、中国の伝統的な暦法、旧暦)の五月、「午日(ゴジツ、旧暦の五月五; 後:◆位置的には背の方向、時間的には未来の方向、順位・順序では下位の方向、逆は「前」「先」◆遅れる、遅れて来る◆家を継ぐ子、子孫◆簡「后」,N5,on,on+on,A3_short_compound(on+on 71%),午:◆十二支の七番目、時刻では午前十二時を中心とした二時間、動物では馬、方角では南 ◆農歴(ノウレキ、中国の伝統的な暦法、旧暦)の五月、「午日(ゴジツ、旧暦の五月五; 後:◆位置的には背の方向、時間的には未来の方向、順位・順序では下位の方向、逆は「前」「先」◆遅れる、遅れて来る◆家を継ぐ子、子孫◆簡「后」
kk_半_はん,半,はん,半:◆凡そ二分の一、二分したものの片方◆途中、距離や時間の中間付近◆まだ完全でないさま,N5,on,on,IL2_single_default(kun 84%),半:◆凡そ二分の一、二分したものの片方◆途中、距離や時間の中間付近◆まだ完全でないさま
kk_半分_はんぶん,半分,はんぶん,半:◆凡そ二分の一、二分したものの片方◆途中、距離や時間の中間付近◆まだ完全でないさま; 分:◆一つに纏(まと)まっているものを幾つかに切り離す、また幾つかに仕切る(区切る)、「分割(ブンカツ)」、切り離したものを仕分けることを「別」◆一つの纏まりから一,N5,on,on+on,B_verb_rad_刀(kun 80%),半:◆凡そ二分の一、二分したものの片方◆途中、距離や時間の中間付近◆まだ完全でないさま; 分:◆一つに纏(まと)まっているものを幾つかに切り離す、また幾つかに仕切る(区切る)、「分割(ブンカツ)」、切り離したものを仕分けることを「別」◆一つの纏まりから一
kk_卓球_たっきゅう,卓球,たっきゅう,卓:◆ひときわ大きいさま、ひときわ高いさま、抜きん出ているさま◆[日]机、テーブルtable、中国では「桌」; 球:◆丸いもの、毬(まり)状のもの、ボールball状のもの、同「毬」◆美しい玉(ギョク、宝石)◆玉(ギョク、大変美しい石)製の磬(ケイ、打楽器)、同「璆」,N5,on,on+mixed~,,卓:◆ひときわ大きいさま、ひときわ高いさま、抜きん出ているさま◆[日]机、テーブルtable、中国では「桌」; 球:◆丸いもの、毬(まり)状のもの、ボールball状のもの、同「毬」◆美しい玉(ギョク、宝石)◆玉(ギョク、大変美しい石)製の磬(ケイ、打楽器)、同「璆」
kk_南_みなみ,南,みなみ,南:◆東(トウ、ひがし、太陽が昇る方角)を向いたときに右の方角、陽が射し込む方角、左の方角を「北」,N5,kun,kun,IL2_single_default(kun 84%),南:◆東(トウ、ひがし、太陽が昇る方角)を向いたときに右の方角、陽が射し込む方角、左の方角を「北」
kk_博物館_はくぶつかん,博物館,はくぶつかん,博:◆広い、多い、大きい、普(あまね)く◆知識道理に広く通じている、「博識(ハクシキ)」◆賭けごとをする、「六博(リクハク、盤ゲームboard gameの一種、六簙; 物:◆(天地の間に存在する)人以外の形のあるもの、人は「者」、形のないものは「事」; 館:◆公用に使う大きな建物、公衆が利用する大きな建物◆公用の人や賓客を泊めるための建物、宿◆貴人の邸宅,N5,on,on+on+on,A4_multi_on(on+on+on 65%) | B_noun_rad_牛(kun 93%),博:◆広い、多い、大きい、普(あまね)く◆知識道理に広く通じている、「博識(ハクシキ)」◆賭けごとをする、「六博(リクハク、盤ゲームboard gameの一種、六簙; 物:◆(天地の間に存在する)人以外の形のあるもの、人は「者」、形のないものは「事」; 館:◆公用に使う大きな建物、公衆が利用する大きな建物◆公用の人や賓客を泊めるための建物、宿◆貴人の邸宅
kk_卡拉OK_カラオケ,卡拉OK,カラオケ,卡:◆関所、地方の要所(特に狭隘キョウアイの地)に設けた検問所、「関卡(カンカ)」◆両側から挟(はさ)む、挟まれる; 拉:◆折る、圧(へ)し折る◆引く、引っ張る、引き延ばす◆[日]ひし・ぐ、ひしゃ・げる、押し潰(つぶ)す、押し潰されて形が変わる,N5,on,on+mixed~,B_verb_rad_手(kun 80%),卡:◆関所、地方の要所(特に狭隘キョウアイの地)に設けた検問所、「関卡(カンカ)」◆両側から挟(はさ)む、挟まれる; 拉:◆折る、圧(へ)し折る◆引く、引っ張る、引き延ばす◆[日]ひし・ぐ、ひしゃ・げる、押し潰(つぶ)す、押し潰されて形が変わる
kk_危ない_あぶない,危ない,あぶない,危:◆高くそそり立つさま◆高くそそり立った山や崖の上から今にもものが落ちて来そうなさま、高くそそり立った山や崖から落ちそうになるさま、身に害が及ぶのではないかと不安,N5,kun,kun,IL1_okurigana(kun 96%) | IL2_single_okuri(kun 96%),危:◆高くそそり立つさま◆高くそそり立った山や崖の上から今にもものが落ちて来そうなさま、高くそそり立った山や崖から落ちそうになるさま、身に害が及ぶのではないかと不安
kk_卵_たまご,卵,たまご,卵:◆母乳で育てない動物が体外に産み出し、それが孵化 (ふか)して子になるもの◆子を産むための雌また牝の生殖細胞◆未熟なさま、「殻を破れない」「本来の姿までには成長,N5,kun,kun,IL2_single_default(kun 84%),卵:◆母乳で育てない動物が体外に産み出し、それが孵化 (ふか)して子になるもの◆子を産むための雌また牝の生殖細胞◆未熟なさま、「殻を破れない」「本来の姿までには成長
kk_厚い_あつい,厚い,あつい,厚:◆平らで広がりのあるものの表面から裏面まで(前面から背面まで)の距離が大きい、またその大きさ◆深みがある、濃い◆重い、重みがある◆心配りが行き届いているさま、丁,N5,kun,kun,IL1_okurigana(kun 96%) | IL2_single_okuri(kun 96%),厚:◆平らで広がりのあるものの表面から裏面まで(前面から背面まで)の距離が大きい、またその大きさ◆深みがある、濃い◆重い、重みがある◆心配りが行き届いているさま、丁
kk_原稿_げんこう,原稿,げんこう,原:◆源(みなもと)、地下水が地表に湧(わ)き出るところ、同「厡」「源」[†「原」は「厂(崖や岸)」「泉(水が地表に湧き出るところ)」の合字†]◆物事の始まり、物事; 稿:◆藁(わら)、穀物などの穂(ほ)や葉を除いた茎、また乾燥した茎、同「藁」「槀」◆詩文などの下書き、草案(ソウアン)、「草稿(ソウコウ)」,N5,on,on+on,,原:◆源(みなもと)、地下水が地表に湧(わ)き出るところ、同「厡」「源」[†「原」は「厂(崖や岸)」「泉(水が地表に湧き出るところ)」の合字†]◆物事の始まり、物事; 稿:◆藁(わら)、穀物などの穂(ほ)や葉を除いた茎、また乾燥した茎、同「藁」「槀」◆詩文などの下書き、草案(ソウアン)、「草稿(ソウコウ)」
kk_去年_きょねん,去年,きょねん,去:◆今いるところから離れる、また離れて別のところへ行く◆時(時間・月日・時代など)が過ぎる、過ぎてしまった時、「過去(カコ)」◆今あるものを別のところに移す、また; 年:◆穀物が稔(みの)る、同「秊」◆農作物を収穫してから次の収穫期までの期間、四季(二十四節気)を一巡する期間、year◆誕生してから生きてその誕生日を通り過ぎた回,N5,on,on+on,A3_short_compound(on+on 71%),去:◆今いるところから離れる、また離れて別のところへ行く◆時(時間・月日・時代など)が過ぎる、過ぎてしまった時、「過去(カコ)」◆今あるものを別のところに移す、また; 年:◆穀物が稔(みの)る、同「秊」◆農作物を収穫してから次の収穫期までの期間、四季(二十四節気)を一巡する期間、year◆誕生してから生きてその誕生日を通り過ぎた回
kk_友達_ともだち,友達,ともだち,友:◆同じ思いや考えを持つ、またそのような人、「朋」は同じ師の教えを受ける人、「【論語注疏:卷一】「【論語注疏:卷一:學而】有朋自逺方來不亦樂乎(…正義曰鄭𤣥注大司; 達:◆道が滞(とどこお)ることなく通じる◆目的とするところまで行き着く、また届く◆目標としたことを成し遂げる◆物事の奥深くまで通じる、また理解する◆[日]だち、たち,N5,mixed,kun+on~,,友:◆同じ思いや考えを持つ、またそのような人、「朋」は同じ師の教えを受ける人、「【論語注疏:卷一】「【論語注疏:卷一:學而】有朋自逺方來不亦樂乎(…正義曰鄭𤣥注大司; 達:◆道が滞(とどこお)ることなく通じる◆目的とするところまで行き着く、また届く◆目標としたことを成し遂げる◆物事の奥深くまで通じる、また理解する◆[日]だち、たち
kk_叔母/伯母_おば,叔母/伯母,おば,叔:◆兄弟の上から三番目、兄弟は年長者から順に「伯・仲・叔・季」といい、「叔」は上から三番目に当たる◆(妻の立場から)夫の弟◆父親の弟、兄は「伯」◆「叔父(シュクフ; 母:◆女親(おんなおや)◆子を生み育てる性、雌性(シセイ)、女性◆物事を生み出す元(もと)となるもの、生まれた場所¶別「毋」「毌」; 伯:◆兄弟の中で一番の年長者、長兄、兄弟は年長者から順に「伯・仲・叔・季」といい、「伯」は上から一番目に当たる◆父親の兄、弟は「叔」◆「伯父(ハクフ、おじ)」◇父親,N5,on,on+mixed+on+mixed~,A4_multi_on(on+on+on+on 65%),叔:◆兄弟の上から三番目、兄弟は年長者から順に「伯・仲・叔・季」といい、「叔」は上から三番目に当たる◆(妻の立場から)夫の弟◆父親の弟、兄は「伯」◆「叔父(シュクフ; 母:◆女親(おんなおや)◆子を生み育てる性、雌性(シセイ)、女性◆物事を生み出す元(もと)となるもの、生まれた場所¶別「毋」「毌」; 伯:◆兄弟の中で一番の年長者、長兄、兄弟は年長者から順に「伯・仲・叔・季」といい、「伯」は上から一番目に当たる◆父親の兄、弟は「叔」◆「伯父(ハクフ、おじ)」◇父親
kk_叔父/伯父_おじ,叔父/伯父,おじ,叔:◆兄弟の上から三番目、兄弟は年長者から順に「伯・仲・叔・季」といい、「叔」は上から三番目に当たる◆(妻の立場から)夫の弟◆父親の弟、兄は「伯」◆「叔父(シュクフ; 父:◆男親(おとこおや)、家長(カチョウ)◆家族・親族・種族・民族などを率(ひき)いる男性◆名前の後に付けて用いる男子の美称、同「甫」◆年長また老年の男性に対する敬; 伯:◆兄弟の中で一番の年長者、長兄、兄弟は年長者から順に「伯・仲・叔・季」といい、「伯」は上から一番目に当たる◆父親の兄、弟は「叔」◆「伯父(ハクフ、おじ)」◇父親,N5,on,on+mixed+on+mixed~,A4_multi_on(on+on+on+on 65%),叔:◆兄弟の上から三番目、兄弟は年長者から順に「伯・仲・叔・季」といい、「叔」は上から三番目に当たる◆(妻の立場から)夫の弟◆父親の弟、兄は「伯」◆「叔父(シュクフ; 父:◆男親(おとこおや)、家長(カチョウ)◆家族・親族・種族・民族などを率(ひき)いる男性◆名前の後に付けて用いる男子の美称、同「甫」◆年長また老年の男性に対する敬; 伯:◆兄弟の中で一番の年長者、長兄、兄弟は年長者から順に「伯・仲・叔・季」といい、「伯」は上から一番目に当たる◆父親の兄、弟は「叔」◆「伯父(ハクフ、おじ)」◇父親
kk_取る_とる,取る,とる,取:◆捕(つか)まえる、捕(と)らえる、縄(なわ)を掛ける◆手に入れる、手の中に収(おさ)める、手で受ける◆(多くの中から一部を、或いは一つを)選ぶ、選択する◆娶(,N5,kun,kun,IL1_okurigana(kun 96%) | IL2_single_okuri(kun 96%),取:◆捕(つか)まえる、捕(と)らえる、縄(なわ)を掛ける◆手に入れる、手の中に収(おさ)める、手で受ける◆(多くの中から一部を、或いは一つを)選ぶ、選択する◆娶(
kk_口_くち,口,くち,口:◆動物の食べたり声を発したりするための器官◆ものが出入りするために空(あ)けた(空いた)ところ、(口のように)全体の内の一部空いたところ◆言葉、言葉を発する、語,N5,kun,kun,IL2_single_default(kun 84%),口:◆動物の食べたり声を発したりするための器官◆ものが出入りするために空(あ)けた(空いた)ところ、(口のように)全体の内の一部空いたところ◆言葉、言葉を発する、語
kk_古い_ふるい,古い,ふるい,古:◆以前、昔(むかし)、以前の、昔の、同「故」◆長い時を経(へ)ているさま,N5,kun,kun,IL1_okurigana(kun 96%) | IL2_single_okuri(kun 96%),古:◆以前、昔(むかし)、以前の、昔の、同「故」◆長い時を経(へ)ているさま
kk_只/徒/唯/惟_ただ,只/徒/唯/惟,ただ,只:◆単に、唯一の、それだけ、同繁「隻」「衹」◆句末に用い語気を整える助詞、同「𠮡」◆[日]ただ、無料、代金・対価を払わないこと、「只」を「ロハ(ろは)」と読み「無; 徒:◆かち、乗り物に乗らず歩いて行く、同「𢓂」◆何も持たない、「徒手(トシュ、手に何も持たないこと)」◆いたずら・に、むだ、あだ、空(むな)しい、無駄に、「手に何も; 唯:◆只(ただ)、ただ～だけ◆ただひたすら◆呼び掛け・問い掛けや指示・命令などに対する「はい」という応答、敬(うやま)い慎(つつし)んで間髪を入れずに応(こた)える,N5,other,mixed+mixed+mixed+mixed~,A4_multi_on(on+on+on+on 65%),只:◆単に、唯一の、それだけ、同繁「隻」「衹」◆句末に用い語気を整える助詞、同「𠮡」◆[日]ただ、無料、代金・対価を払わないこと、「只」を「ロハ(ろは)」と読み「無; 徒:◆かち、乗り物に乗らず歩いて行く、同「𢓂」◆何も持たない、「徒手(トシュ、手に何も持たないこと)」◆いたずら・に、むだ、あだ、空(むな)しい、無駄に、「手に何も; 唯:◆只(ただ)、ただ～だけ◆ただひたすら◆呼び掛け・問い掛けや指示・命令などに対する「はい」という応答、敬(うやま)い慎(つつし)んで間髪を入れずに応(こた)える
kk_可愛い_かわいい,可愛い,かわいい,可:◆よい、よろしい、～してよい、同意の語◆認める、許す、許可の意を表す語◆～できる、可能性を示す語◆(当然)～すべきである、(必ず、きっと)～となるだろう◆～ばか; 愛:◆相手に心を寄せる、慕(した)う、またその気持◆心から慈(いつく)しむ、優しく大切に可愛がる◆心から好む、気に入る、気に入って手放せない,N5,other,mixed+mixed~,IL1_okurigana(kun 96%) | A1_compound_oku(kun 90%) | A1_on_kun_mix(on+kun 65%),可:◆よい、よろしい、～してよい、同意の語◆認める、許す、許可の意を表す語◆～できる、可能性を示す語◆(当然)～すべきである、(必ず、きっと)～となるだろう◆～ばか; 愛:◆相手に心を寄せる、慕(した)う、またその気持◆心から慈(いつく)しむ、優しく大切に可愛がる◆心から好む、気に入る、気に入って手放せない
kk_台所_だいどころ,台所,だいどころ,台:◆我(われ)、自分を指す語、同「吾」「余」「予」◆「三台星(サンタイセイ)、三台(サンタイ)」、紫微垣(シビエン、天の北極を中心とした区画で天帝が住むとされた、; 所:◆処(ところ)、ものがある場また位置(要所・箇所など)、ことをする場また位置(住所・裁判所など)◆～のこと、「所感(感じること)」「所存(考え思っていること)◆,N5,other,mixed+mixed~,,台:◆我(われ)、自分を指す語、同「吾」「余」「予」◆「三台星(サンタイセイ)、三台(サンタイ)」、紫微垣(シビエン、天の北極を中心とした区画で天帝が住むとされた、; 所:◆処(ところ)、ものがある場また位置(要所・箇所など)、ことをする場また位置(住所・裁判所など)◆～のこと、「所感(感じること)」「所存(考え思っていること)◆
kk_右_みぎ,右,みぎ,右:◆左と対(ツイ)になる片方 ◆南を向いた時の西の方向、西、西の方向、東は「左」◆上(うえ)、上にある、高い、上位、上位のもの、下は「左」◆(右手のように力が強い,N5,kun,kun,IL2_single_default(kun 84%),右:◆左と対(ツイ)になる片方 ◆南を向いた時の西の方向、西、西の方向、東は「左」◆上(うえ)、上にある、高い、上位、上位のもの、下は「左」◆(右手のように力が強い
kk_同じ_おなじ,同じ,おなじ,同:◆一所(ひとところ)に人が集まる、一緒になる◆意見や行動などを共にする◆一様なさま、揃っているさま◆～と等しい、～と共に◆「胡同(コドウ)」、町中を縦横に走る道,N5,kun,kun,IL1_okurigana(kun 96%) | IL2_single_okuri(kun 96%),同:◆一所(ひとところ)に人が集まる、一緒になる◆意見や行動などを共にする◆一様なさま、揃っているさま◆～と等しい、～と共に◆「胡同(コドウ)」、町中を縦横に走る道
kk_名前_なまえ,名前,なまえ,名:◆人に付ける呼称、また動物・もの・出来事などを呼んだり指し示したり識別したりするためにその各々に付ける呼称、「名称(メイショウ)」◆呼称を付ける、「命名(メイメ; 前:◆(前に)進む、またその方向、同「先」、「前途(ぜんと、目的地に向かう道のり、将来)」◆位置的には先の方向、時間的には過去の方向、順序では上位の方向、同「先」、,N5,kun,kun+kun~,A3_short_compound(on+on 71%) | B_verb_rad_刀(kun 80%),名:◆人に付ける呼称、また動物・もの・出来事などを呼んだり指し示したり識別したりするためにその各々に付ける呼称、「名称(メイショウ)」◆呼称を付ける、「命名(メイメ; 前:◆(前に)進む、またその方向、同「先」、「前途(ぜんと、目的地に向かう道のり、将来)」◆位置的には先の方向、時間的には過去の方向、順序では上位の方向、同「先」、
kk_向こう_むこう,向こう,むこう,向:◆窓、北側に面した窓、同「郷」、「丿冂」は「宀」で「屋根のある建物」、「口」は「壁などに空いた窓」の意◆目的とするところを目指して行く、基点となるところから遠ざ,N5,kun,kun,IL1_okurigana(kun 96%) | IL2_single_okuri(kun 96%),向:◆窓、北側に面した窓、同「郷」、「丿冂」は「宀」で「屋根のある建物」、「口」は「壁などに空いた窓」の意◆目的とするところを目指して行く、基点となるところから遠ざ
kk_吸う_すう,吸う,すう,吸:◆口や鼻から気体(空気など)や液体(液状のもの)を体の中に取り込む、同「噏」、出すのは「呼」◆「吸吸(キュウキュウ)」◇雲が動くさま、「【楚辭:卷十四:思古】…,N5,kun,kun,IL1_okurigana(kun 96%) | IL2_single_okuri(kun 96%),吸:◆口や鼻から気体(空気など)や液体(液状のもの)を体の中に取り込む、同「噏」、出すのは「呼」◆「吸吸(キュウキュウ)」◇雲が動くさま、「【楚辭:卷十四:思古】…
kk_吹く_ふく,吹く,ふく,吹:◆息を勢いよく吐き出す、唇を窄めて風を起こすように息を吐く、ゆっくり吹くのは「嘘」◆管楽器に音を出すために息を勢いよく吐き入れる、同「龡」◆大気が流れる、風が起,N5,kun,kun,IL1_okurigana(kun 96%) | IL2_single_okuri(kun 96%),吹:◆息を勢いよく吐き出す、唇を窄めて風を起こすように息を吐く、ゆっくり吹くのは「嘘」◆管楽器に音を出すために息を勢いよく吐き入れる、同「龡」◆大気が流れる、風が起
kk_味噌汁_みそしる,味噌汁,みそしる,味:◆舌で感じる、舌の感覚◆「五味(ゴミ)」、舌の感覚(味)を五つに大別したもの、酸(酸っぱい味)苦(苦い味)辛(辛い味)鹹(塩辛い味)甘(甘い味)、「【禮記注疏(; 噌:◆「噌吰(ソウコウ)」◇鐘(かね)の音◇大勢の大きく賑(にぎ)やかな声◆「泓噌(オウソウ)」、大きな声が辺りに広がるさま、「【康熙字典:丑集上:口部:噌】又慈陵; 汁:◆水以外の物質を含んだ液体,N5,on,mixed+on+mixed~,A4_multi_on(on+on+on 65%),味:◆舌で感じる、舌の感覚◆「五味(ゴミ)」、舌の感覚(味)を五つに大別したもの、酸(酸っぱい味)苦(苦い味)辛(辛い味)鹹(塩辛い味)甘(甘い味)、「【禮記注疏(; 噌:◆「噌吰(ソウコウ)」◇鐘(かね)の音◇大勢の大きく賑(にぎ)やかな声◆「泓噌(オウソウ)」、大きな声が辺りに広がるさま、「【康熙字典:丑集上:口部:噌】又慈陵; 汁:◆水以外の物質を含んだ液体
kk_呼ぶ_よぶ,呼ぶ,よぶ,呼:◆大きな声を出す、「呼号(コゴウ、大声で叫ぶ、また泣く)」◆人に声を掛ける、人に声を掛け招く◆名付(なづ)ける、名前、「呼び名(よびな)」「呼称(コショウ)」◆,N5,kun,kun,IL1_okurigana(kun 96%) | IL2_single_okuri(kun 96%),呼:◆大きな声を出す、「呼号(コゴウ、大声で叫ぶ、また泣く)」◆人に声を掛ける、人に声を掛け招く◆名付(なづ)ける、名前、「呼び名(よびな)」「呼称(コショウ)」◆
kk_咲く_さく,咲く,さく,咲:◆笑う、喜び顔を綻(ほころ)ばせる、古同「笑」◆さ・く、蕾(つぼみ)が綻(ほころ)ぶ、花が開く、同「笑」,N5,kun,kun,IL1_okurigana(kun 96%) | IL2_single_okuri(kun 96%),咲:◆笑う、喜び顔を綻(ほころ)ばせる、古同「笑」◆さ・く、蕾(つぼみ)が綻(ほころ)ぶ、花が開く、同「笑」
kk_唐揚げ_からあげ,唐揚げ,からあげ,唐:◆口を大きく開いて言う、大袈裟(おおげさ)に言う◆大きいだけで中身がないさま◆618年李淵(リエン、566年～635年、唐初代皇帝)が随(581年～618年)を; 揚:◆高く上がる、高く上げる◆(気持ちや声などが)高まる、高める◆(名前や評判などが)高まり広まる、広く伝わる◆[日]熱した油の中に食材を入れて調理する,N5,kun,kun+kun,IL1_okurigana(kun 96%) | A1_compound_oku(kun 90%) | A1_on_kun_mix(on+kun 65%),唐:◆口を大きく開いて言う、大袈裟(おおげさ)に言う◆大きいだけで中身がないさま◆618年李淵(リエン、566年～635年、唐初代皇帝)が随(581年～618年)を; 揚:◆高く上がる、高く上げる◆(気持ちや声などが)高まる、高める◆(名前や評判などが)高まり広まる、広く伝わる◆[日]熱した油の中に食材を入れて調理する
kk_問題_もんだい,問題,もんだい,問:◆分からないことやはっきりしないことを質(ただ)す◆罪や責任などの有無について聞く◆様子などを尋ねる; 題:◆額(ひたい)、おでこ、同「頟」「顁」◆ものの頭(最初、先頭)にあるもの◆初めに記される短い文章、全体を表現する簡潔な文章、「問題(モンダイ)」「話題(ワダイ),N5,on,on+on,,問:◆分からないことやはっきりしないことを質(ただ)す◆罪や責任などの有無について聞く◆様子などを尋ねる; 題:◆額(ひたい)、おでこ、同「頟」「顁」◆ものの頭(最初、先頭)にあるもの◆初めに記される短い文章、全体を表現する簡潔な文章、「問題(モンダイ)」「話題(ワダイ)
kk_喉_のど,喉,のど,喉:◆のど、咽(イン、口の奥から食道の入口までの部分)の途中から分かれて気管に通じる部分、総称して「咽喉(インコウ)」,N5,kun,kun,IL2_single_default(kun 84%),喉:◆のど、咽(イン、口の奥から食道の入口までの部分)の途中から分かれて気管に通じる部分、総称して「咽喉(インコウ)」
kk_喫茶店_きっさてん,喫茶店,きっさてん,喫:◆食べる、飲む、吸う、物を口から体の中に入れる、同「吃」◆打撃や衝撃を食(く)らう、受ける; 茶:◆チャ(茶)、チャノキ(茶の木)、ツバキ科ツバキ属の木 ◆チャノキの若葉を摘(つ)み煎(せん)じて飲料用に加工したもの、遅い時期に摘み取った茶葉を使ったものは「; 店:◆みせ、物を並べ売る建物、「一定の場所を占めて商売する屋根(广)のある所」の意◆たな、商品を並べる陳列棚、売り手と買い手を隔(へだ)てるカウンター、同「坫」◆[,N5,on,on+on+on,A4_multi_on(on+on+on 65%) | B_noun_rad_广(kun 93%),喫:◆食べる、飲む、吸う、物を口から体の中に入れる、同「吃」◆打撃や衝撃を食(く)らう、受ける; 茶:◆チャ(茶)、チャノキ(茶の木)、ツバキ科ツバキ属の木 ◆チャノキの若葉を摘(つ)み煎(せん)じて飲料用に加工したもの、遅い時期に摘み取った茶葉を使ったものは「; 店:◆みせ、物を並べ売る建物、「一定の場所を占めて商売する屋根(广)のある所」の意◆たな、商品を並べる陳列棚、売り手と買い手を隔(へだ)てるカウンター、同「坫」◆[
kk_営業部_えいぎょうぶ,営業部,えいぎょうぶ,営:◆住居(生活するところ)の周りに壁や塀などを巡らす◆軍隊が駐留するために周りに土塁などを巡らす、また土塁などを巡らせた場所◆周りを囲って外敵から守る◆生活する(; 業:◆鍾(ショウ)や磬(ケイ)などの打楽器を吊るすための横木(筍)の上の横板、吊るした楽器の位置が演奏中にずれないように凹みや突起がついていたという、「业」はそれを; 部:◆区分けしたものの一つ、「部分」「内部」◆集団を分類し同じものを一纏(ひとまと)めにしたもの、全体を構成する小さな集合体や組織、「部署」「部隊」◆書物を数える単,N5,on,on+on+on,A4_multi_on(on+on+on 65%) | B_noun_rad_木(kun 93%),営:◆住居(生活するところ)の周りに壁や塀などを巡らす◆軍隊が駐留するために周りに土塁などを巡らす、また土塁などを巡らせた場所◆周りを囲って外敵から守る◆生活する(; 業:◆鍾(ショウ)や磬(ケイ)などの打楽器を吊るすための横木(筍)の上の横板、吊るした楽器の位置が演奏中にずれないように凹みや突起がついていたという、「业」はそれを; 部:◆区分けしたものの一つ、「部分」「内部」◆集団を分類し同じものを一纏(ひとまと)めにしたもの、全体を構成する小さな集合体や組織、「部署」「部隊」◆書物を数える単
kk_四つ_よっつ,四つ,よっつ,四:◆数の名、四番目の数 ◆東西南北・前後左右など周りの全て,N5,kun,kun,IL1_okurigana(kun 96%) | IL2_single_okuri(kun 96%),四:◆数の名、四番目の数 ◆東西南北・前後左右など周りの全て
kk_四日_よっか,四日,よっか,四:◆数の名、四番目の数 ◆東西南北・前後左右など周りの全て; 日:◆太陽◆太陽が出ている間、昼間、夜明けから日没まで◆一昼夜、朝から次の朝まで、またその繰り返し、またその繰り返しを数える語◆候(コウ)、時節、頃(ケイ、ころ)◆,N5,kun,kun+kun~,A3_short_compound(on+on 71%),四:◆数の名、四番目の数 ◆東西南北・前後左右など周りの全て; 日:◆太陽◆太陽が出ている間、昼間、夜明けから日没まで◆一昼夜、朝から次の朝まで、またその繰り返し、またその繰り返しを数える語◆候(コウ)、時節、頃(ケイ、ころ)◆
kk_困る_こまる,困る,こまる,困:◆周りを囲まれていて手足の伸ばしようがない◆行き詰まる、身動きができない、苦しむ◆門や入り口の扉がそれ以上外に開かないようにするための杭(くい)、また門や入り口,N5,kun,kun,IL1_okurigana(kun 96%) | IL2_single_okuri(kun 96%),困:◆周りを囲まれていて手足の伸ばしようがない◆行き詰まる、身動きができない、苦しむ◆門や入り口の扉がそれ以上外に開かないようにするための杭(くい)、また門や入り口
kk_図書館_としょかん,図書館,としょかん,図:◆四角い紙などに地形やものの形やその様相などを描く、また描いたもの◆はか・る、事に先立って案を作る、計画する; 書:◆文字を筆(聿)などで記(しる)す、著(あらわ)す、「書物(ショモツ)」「文書(ブンショ)」◆手紙、「書信(ショシン)」◆「書経(ショキョウ、別名尚書ショウショ; 館:◆公用に使う大きな建物、公衆が利用する大きな建物◆公用の人や賓客を泊めるための建物、宿◆貴人の邸宅,N5,on,on+on+on,A4_multi_on(on+on+on 65%),図:◆四角い紙などに地形やものの形やその様相などを描く、また描いたもの◆はか・る、事に先立って案を作る、計画する; 書:◆文字を筆(聿)などで記(しる)す、著(あらわ)す、「書物(ショモツ)」「文書(ブンショ)」◆手紙、「書信(ショシン)」◆「書経(ショキョウ、別名尚書ショウショ; 館:◆公用に使う大きな建物、公衆が利用する大きな建物◆公用の人や賓客を泊めるための建物、宿◆貴人の邸宅
kk_国_くに,国,くに,国:◆主権者の支配が及ぶ範囲、土地や人や政治体制などを含む概念で古くは君主から与えられた領地、「王(権力者)の勢力が及ぶ範囲(囗)」の意,N5,kun,kun,IL2_single_default(kun 84%),国:◆主権者の支配が及ぶ範囲、土地や人や政治体制などを含む概念で古くは君主から与えられた領地、「王(権力者)の勢力が及ぶ範囲(囗)」の意
kk_園長_えんちょう,園長,えんちょう,園:◆周りを垣や柵などで囲った(樹木・果樹などの)畑、「【說文解字:囗部:園】所以樹果也」◆周りを垣や柵などで囲った広い庭、またそのような庭のある邸宅、またそのよう; 長:◆距離や時間などが途切れることなく連なっている、離れたところまでずぅっと続いている、途切れなく続いているものの二点(両端)が大きく隔(へだ)たっている、またその,N5,on,on+on,,園:◆周りを垣や柵などで囲った(樹木・果樹などの)畑、「【說文解字:囗部:園】所以樹果也」◆周りを垣や柵などで囲った広い庭、またそのような庭のある邸宅、またそのよう; 長:◆距離や時間などが途切れることなく連なっている、離れたところまでずぅっと続いている、途切れなく続いているものの二点(両端)が大きく隔(へだ)たっている、またその
kk_土曜日_どようび,土曜日,どようび,土:◆泥や細かい砂などから成るもの◆生(セイ)あるものを生み出すもの、「【說文解字:巻一三下:土部:土】地之吐生物者也二象地之下地之中物出形」◆地に根差したもの、そ; 曜:◆陽の光が明るく輝(かがや)く、眩(まばゆ)く輝く◆太陽・月と水金火木土星の七つの明るく光る天体、総称して「七曜(シチヨウ)」といい、これを一週間の各日に当てた; 日:◆太陽◆太陽が出ている間、昼間、夜明けから日没まで◆一昼夜、朝から次の朝まで、またその繰り返し、またその繰り返しを数える語◆候(コウ)、時節、頃(ケイ、ころ)◆,N5,on,mixed+on+mixed~,A4_multi_on(on+on+on 65%),土:◆泥や細かい砂などから成るもの◆生(セイ)あるものを生み出すもの、「【說文解字:巻一三下:土部:土】地之吐生物者也二象地之下地之中物出形」◆地に根差したもの、そ; 曜:◆陽の光が明るく輝(かがや)く、眩(まばゆ)く輝く◆太陽・月と水金火木土星の七つの明るく光る天体、総称して「七曜(シチヨウ)」といい、これを一週間の各日に当てた; 日:◆太陽◆太陽が出ている間、昼間、夜明けから日没まで◆一昼夜、朝から次の朝まで、またその繰り返し、またその繰り返しを数える語◆候(コウ)、時節、頃(ケイ、ころ)◆
kk_地下鉄_ちかてつ,地下鉄,ちかてつ,地:◆重い陰気が(下に沈み)集まるところ、万物が居並ぶ(存在する)ところ、軽い陽気が(上に浮き)集まるところを「天(テン)」、「【說文解字注:土部:地】元气初分輕清; 下:◆位置・場所・地位などが低い、低い方にある◆低い方に移る、降りる、落ちる◆順序・時間などが後(あと)、後の方にある◆後の方に移る、後(うし)ろの方へ退く◆等級・; 鉄:◆金属の一種、黒金(くろがね、鉄の古名)◆黒いさま◆堅く強いさま◆金属製の武器◆鉄(Ferrum[羅]、Fe)、元素名,N5,on,on+on+on,A4_multi_on(on+on+on 65%) | B_noun_rad_金(kun 93%),地:◆重い陰気が(下に沈み)集まるところ、万物が居並ぶ(存在する)ところ、軽い陽気が(上に浮き)集まるところを「天(テン)」、「【說文解字注:土部:地】元气初分輕清; 下:◆位置・場所・地位などが低い、低い方にある◆低い方に移る、降りる、落ちる◆順序・時間などが後(あと)、後の方にある◆後の方に移る、後(うし)ろの方へ退く◆等級・; 鉄:◆金属の一種、黒金(くろがね、鉄の古名)◆黒いさま◆堅く強いさま◆金属製の武器◆鉄(Ferrum[羅]、Fe)、元素名
kk_地図_ちず,地図,ちず,地:◆重い陰気が(下に沈み)集まるところ、万物が居並ぶ(存在する)ところ、軽い陽気が(上に浮き)集まるところを「天(テン)」、「【說文解字注:土部:地】元气初分輕清; 図:◆四角い紙などに地形やものの形やその様相などを描く、また描いたもの◆はか・る、事に先立って案を作る、計画する,N5,on,on+on,A3_short_compound(on+on 71%),地:◆重い陰気が(下に沈み)集まるところ、万物が居並ぶ(存在する)ところ、軽い陽気が(上に浮き)集まるところを「天(テン)」、「【說文解字注:土部:地】元气初分輕清; 図:◆四角い紙などに地形やものの形やその様相などを描く、また描いたもの◆はか・る、事に先立って案を作る、計画する
kk_地震_じしん,地震,じしん,地:◆重い陰気が(下に沈み)集まるところ、万物が居並ぶ(存在する)ところ、軽い陽気が(上に浮き)集まるところを「天(テン)」、「【說文解字注:土部:地】元气初分輕清; 震:◆激しい雷でものががたがたと振動するさま、怒りや恐れなどで体が小刻みに揺れ動くさま、ものが小刻みに揺れ動くさま◆八卦(ハッカ、「乾・兌・離・震・巽・坎・艮・坤」,N5,on,on+on,A3_short_compound(on+on 71%) | B_noun_rad_雨(kun 93%),地:◆重い陰気が(下に沈み)集まるところ、万物が居並ぶ(存在する)ところ、軽い陽気が(上に浮き)集まるところを「天(テン)」、「【說文解字注:土部:地】元气初分輕清; 震:◆激しい雷でものががたがたと振動するさま、怒りや恐れなどで体が小刻みに揺れ動くさま、ものが小刻みに揺れ動くさま◆八卦(ハッカ、「乾・兌・離・震・巽・坎・艮・坤」
kk_塩_しお,塩,しお,塩:◆海水などに含まれる苦く辛い成分が結晶化したもの、土中の塩分が結晶化した天然のものは「鹵」◆五味(甘・酸・鹹・苦・辛)の一つ,N5,kun,kun,IL2_single_default(kun 84%),塩:◆海水などに含まれる苦く辛い成分が結晶化したもの、土中の塩分が結晶化した天然のものは「鹵」◆五味(甘・酸・鹹・苦・辛)の一つ
kk_声_こえ,声,こえ,声:◆磬(ケイ、石また玉製の打楽器)、またその音◆人や動物が口から発する音、一般には高低強弱などの抑揚がある音が連続し全体として意味を持つものを指す、意味をなさない,N5,kun,kun,IL2_single_default(kun 84%),声:◆磬(ケイ、石また玉製の打楽器)、またその音◆人や動物が口から発する音、一般には高低強弱などの抑揚がある音が連続し全体として意味を持つものを指す、意味をなさない
kk_売り場_うりば,売り場,うりば,売:◆相手が欲しいと思っているものを渡して金銭(対価)を得る、金銭(対価)を渡して欲しいものを得るのは「買」; 場:◆(日当たりのよい、収穫した穀物の乾燥・脱穀などをする、また多くの人やものが集まる)広く平らなところ、「広場」、同「塲」◆一段と高くし上を平らに作ったところ、台,N5,kun,kun+kun~,IL1_okurigana(kun 96%) | A1_compound_oku(kun 90%) | A1_on_kun_mix(on+kun 65%),売:◆相手が欲しいと思っているものを渡して金銭(対価)を得る、金銭(対価)を渡して欲しいものを得るのは「買」; 場:◆(日当たりのよい、収穫した穀物の乾燥・脱穀などをする、また多くの人やものが集まる)広く平らなところ、「広場」、同「塲」◆一段と高くし上を平らに作ったところ、台
kk_売る_うる,売る,うる,売:◆相手が欲しいと思っているものを渡して金銭(対価)を得る、金銭(対価)を渡して欲しいものを得るのは「買」,N5,kun,kun,IL1_okurigana(kun 96%) | IL2_single_okuri(kun 96%),売:◆相手が欲しいと思っているものを渡して金銭(対価)を得る、金銭(対価)を渡して欲しいものを得るのは「買」
kk_売店_ばいてん,売店,ばいてん,売:◆相手が欲しいと思っているものを渡して金銭(対価)を得る、金銭(対価)を渡して欲しいものを得るのは「買」; 店:◆みせ、物を並べ売る建物、「一定の場所を占めて商売する屋根(广)のある所」の意◆たな、商品を並べる陳列棚、売り手と買い手を隔(へだ)てるカウンター、同「坫」◆[,N5,on,on+on,B_noun_rad_广(kun 93%),売:◆相手が欲しいと思っているものを渡して金銭(対価)を得る、金銭(対価)を渡して欲しいものを得るのは「買」; 店:◆みせ、物を並べ売る建物、「一定の場所を占めて商売する屋根(广)のある所」の意◆たな、商品を並べる陳列棚、売り手と買い手を隔(へだ)てるカウンター、同「坫」◆[
kk_夏_なつ,夏,なつ,夏:◆多くの異民族の中心にあって栄えた国、中国、また中国の人◆大きくものを覆(おお)うさま、盛んなさま◆現河南省西部・山西省南部周辺の黄河流域一帯を支配したとされる,N5,kun,kun,IL2_single_default(kun 84%),夏:◆多くの異民族の中心にあって栄えた国、中国、また中国の人◆大きくものを覆(おお)うさま、盛んなさま◆現河南省西部・山西省南部周辺の黄河流域一帯を支配したとされる
kk_夏休み_なつやすみ,夏休み,なつやすみ,夏:◆多くの異民族の中心にあって栄えた国、中国、また中国の人◆大きくものを覆(おお)うさま、盛んなさま◆現河南省西部・山西省南部周辺の黄河流域一帯を支配したとされる; 休:◆連続した動きや働きの途中で一旦その動きや働きを止(や)める、再開するために息を整えたり力を蓄(たくわ)えることをいう◆止める、止む、終わる、「【歸去來辭】羨萬,N5,kun,kun+kun,IL1_okurigana(kun 96%) | A1_compound_oku(kun 90%) | A1_on_kun_mix(on+kun 65%),夏:◆多くの異民族の中心にあって栄えた国、中国、また中国の人◆大きくものを覆(おお)うさま、盛んなさま◆現河南省西部・山西省南部周辺の黄河流域一帯を支配したとされる; 休:◆連続した動きや働きの途中で一旦その動きや働きを止(や)める、再開するために息を整えたり力を蓄(たくわ)えることをいう◆止める、止む、終わる、「【歸去來辭】羨萬
kk_夕方_ゆうがた,夕方,ゆうがた,夕:◆陽が沈み始める頃、日没の頃、日暮れ、傍晚(ボウバン、晚が間近の頃)、陽が沈み切った頃を「晩」◆夜、同「昔」◆「七夕(シチセキ、たなばた)」、陰暦七月七日の夜◆; 方:◆四角、四角いさま、角(かど)が直角になっているさま、「方形(ホウケイ)」◆数学で二つの数を掛け合わせた数(正方形・長方形の一つの角を成す二辺を掛け合わせた数),N5,other,mixed+mixed~,,夕:◆陽が沈み始める頃、日没の頃、日暮れ、傍晚(ボウバン、晚が間近の頃)、陽が沈み切った頃を「晩」◆夜、同「昔」◆「七夕(シチセキ、たなばた)」、陰暦七月七日の夜◆; 方:◆四角、四角いさま、角(かど)が直角になっているさま、「方形(ホウケイ)」◆数学で二つの数を掛け合わせた数(正方形・長方形の一つの角を成す二辺を掛け合わせた数)
kk_夕飯_ゆうはん,夕飯,ゆうはん,夕:◆陽が沈み始める頃、日没の頃、日暮れ、傍晚(ボウバン、晚が間近の頃)、陽が沈み切った頃を「晩」◆夜、同「昔」◆「七夕(シチセキ、たなばた)」、陰暦七月七日の夜◆; 飯:◆米などの穀物を煮たり炊(た)いたりして柔らかくした(食べやすくした)もの◆(毎日定期的に摂とる)食事◆食べ物を食べる、食べ物を与える,N5,mixed,kun+on~,,夕:◆陽が沈み始める頃、日没の頃、日暮れ、傍晚(ボウバン、晚が間近の頃)、陽が沈み切った頃を「晩」◆夜、同「昔」◆「七夕(シチセキ、たなばた)」、陰暦七月七日の夜◆; 飯:◆米などの穀物を煮たり炊(た)いたりして柔らかくした(食べやすくした)もの◆(毎日定期的に摂とる)食事◆食べ物を食べる、食べ物を与える
kk_外_そと,外,そと,外:◆そと、範囲・領域・組織や区切り・境界の内(内側、内部)から出たもの、表に出ている(表に面している)もの、見えるところにあるもの、またそのようなところ、逆は「内,N5,kun,kun,IL2_single_default(kun 84%),外:◆そと、範囲・領域・組織や区切り・境界の内(内側、内部)から出たもの、表に出ている(表に面している)もの、見えるところにあるもの、またそのようなところ、逆は「内
kk_外出_がいしゅつ,外出,がいしゅつ,外:◆そと、範囲・領域・組織や区切り・境界の内(内側、内部)から出たもの、表に出ている(表に面している)もの、見えるところにあるもの、またそのようなところ、逆は「内; 出:◆範囲・領域・組織や区切り・境界の内(内側、内部、裏側、こちら側、私的なところ)から外(外側、外部、表側、向こう側、公のところ)に移る、また移す、外から内へ移る,N5,on,on+on,,外:◆そと、範囲・領域・組織や区切り・境界の内(内側、内部)から出たもの、表に出ている(表に面している)もの、見えるところにあるもの、またそのようなところ、逆は「内; 出:◆範囲・領域・組織や区切り・境界の内(内側、内部、裏側、こちら側、私的なところ)から外(外側、外部、表側、向こう側、公のところ)に移る、また移す、外から内へ移る
kk_外国_がいこく,外国,がいこく,外:◆そと、範囲・領域・組織や区切り・境界の内(内側、内部)から出たもの、表に出ている(表に面している)もの、見えるところにあるもの、またそのようなところ、逆は「内; 国:◆主権者の支配が及ぶ範囲、土地や人や政治体制などを含む概念で古くは君主から与えられた領地、「王(権力者)の勢力が及ぶ範囲(囗)」の意,N5,on,on+on,,外:◆そと、範囲・領域・組織や区切り・境界の内(内側、内部)から出たもの、表に出ている(表に面している)もの、見えるところにあるもの、またそのようなところ、逆は「内; 国:◆主権者の支配が及ぶ範囲、土地や人や政治体制などを含む概念で古くは君主から与えられた領地、「王(権力者)の勢力が及ぶ範囲(囗)」の意
kk_外国人_がいこくじん,外国人,がいこくじん,外:◆そと、範囲・領域・組織や区切り・境界の内(内側、内部)から出たもの、表に出ている(表に面している)もの、見えるところにあるもの、またそのようなところ、逆は「内; 国:◆主権者の支配が及ぶ範囲、土地や人や政治体制などを含む概念で古くは君主から与えられた領地、「王(権力者)の勢力が及ぶ範囲(囗)」の意; 人:◆霊長目ヒト科ヒト属の生物、ホモ・サピエンスHomo sapiens(「知恵の人」の意)、同「儿」◆自分以外の者、「人我(ジンガ、他人と自分)」◆人の数(かず),N5,on,on+on+on,A4_multi_on(on+on+on 65%),外:◆そと、範囲・領域・組織や区切り・境界の内(内側、内部)から出たもの、表に出ている(表に面している)もの、見えるところにあるもの、またそのようなところ、逆は「内; 国:◆主権者の支配が及ぶ範囲、土地や人や政治体制などを含む概念で古くは君主から与えられた領地、「王(権力者)の勢力が及ぶ範囲(囗)」の意; 人:◆霊長目ヒト科ヒト属の生物、ホモ・サピエンスHomo sapiens(「知恵の人」の意)、同「儿」◆自分以外の者、「人我(ジンガ、他人と自分)」◆人の数(かず)
kk_外国語_がいこくご,外国語,がいこくご,外:◆そと、範囲・領域・組織や区切り・境界の内(内側、内部)から出たもの、表に出ている(表に面している)もの、見えるところにあるもの、またそのようなところ、逆は「内; 国:◆主権者の支配が及ぶ範囲、土地や人や政治体制などを含む概念で古くは君主から与えられた領地、「王(権力者)の勢力が及ぶ範囲(囗)」の意; 語:◆他に向かって述べる、また告げる、考えや思い・言い伝えなどを話す◆意味を持つ言葉、話(はなし),N5,on,on+on+on,A4_multi_on(on+on+on 65%) | B_verb_rad_言(kun 80%),外:◆そと、範囲・領域・組織や区切り・境界の内(内側、内部)から出たもの、表に出ている(表に面している)もの、見えるところにあるもの、またそのようなところ、逆は「内; 国:◆主権者の支配が及ぶ範囲、土地や人や政治体制などを含む概念で古くは君主から与えられた領地、「王(権力者)の勢力が及ぶ範囲(囗)」の意; 語:◆他に向かって述べる、また告げる、考えや思い・言い伝えなどを話す◆意味を持つ言葉、話(はなし)
kk_多い_おおい,多い,おおい,多:◆数や度量(ドリョウ、ものの多少・軽重・長短・高低・深浅・強弱など)が、あるべき(必要とする)数や度量より大きい、また余りある、またそれを超えている、少ないのは,N5,kun,kun,IL1_okurigana(kun 96%) | IL2_single_okuri(kun 96%),多:◆数や度量(ドリョウ、ものの多少・軽重・長短・高低・深浅・強弱など)が、あるべき(必要とする)数や度量より大きい、また余りある、またそれを超えている、少ないのは
kk_多く_おおく,多く,おおく,多:◆数や度量(ドリョウ、ものの多少・軽重・長短・高低・深浅・強弱など)が、あるべき(必要とする)数や度量より大きい、また余りある、またそれを超えている、少ないのは,N5,kun,kun,IL1_okurigana(kun 96%) | IL2_single_okuri(kun 96%),多:◆数や度量(ドリョウ、ものの多少・軽重・長短・高低・深浅・強弱など)が、あるべき(必要とする)数や度量より大きい、また余りある、またそれを超えている、少ないのは
kk_多分_たぶん,多分,たぶん,多:◆数や度量(ドリョウ、ものの多少・軽重・長短・高低・深浅・強弱など)が、あるべき(必要とする)数や度量より大きい、また余りある、またそれを超えている、少ないのは; 分:◆一つに纏(まと)まっているものを幾つかに切り離す、また幾つかに仕切る(区切る)、「分割(ブンカツ)」、切り離したものを仕分けることを「別」◆一つの纏まりから一,N5,on,on+on,A3_short_compound(on+on 71%) | B_verb_rad_刀(kun 80%),多:◆数や度量(ドリョウ、ものの多少・軽重・長短・高低・深浅・強弱など)が、あるべき(必要とする)数や度量より大きい、また余りある、またそれを超えている、少ないのは; 分:◆一つに纏(まと)まっているものを幾つかに切り離す、また幾つかに仕切る(区切る)、「分割(ブンカツ)」、切り離したものを仕分けることを「別」◆一つの纏まりから一
kk_夜_よる,夜,よる,夜:◆日没から日の出までの間、陽が沈んで暗い時間帯、日中は「昼」,N5,kun,kun,IL2_single_default(kun 84%),夜:◆日没から日の出までの間、陽が沈んで暗い時間帯、日中は「昼」
kk_大きい_おおきい,大きい,おおきい,大:◆形・数・量・力・程度などが比較しようとしているもの以上である、求められる(必要とされる、必要な)形・数・量・力・程度などを超(こ)えている、優(すぐ)れる、長,N5,kun,kun,IL1_okurigana(kun 96%) | IL2_single_okuri(kun 96%),大:◆形・数・量・力・程度などが比較しようとしているもの以上である、求められる(必要とされる、必要な)形・数・量・力・程度などを超(こ)えている、優(すぐ)れる、長
kk_大きな_おおきな,大きな,おおきな,大:◆形・数・量・力・程度などが比較しようとしているもの以上である、求められる(必要とされる、必要な)形・数・量・力・程度などを超(こ)えている、優(すぐ)れる、長,N5,kun,kun,IL1_okurigana(kun 96%) | IL2_single_okuri(kun 96%),大:◆形・数・量・力・程度などが比較しようとしているもの以上である、求められる(必要とされる、必要な)形・数・量・力・程度などを超(こ)えている、優(すぐ)れる、長
kk_大丈夫_だいじょうぶ,大丈夫,だいじょうぶ,大:◆形・数・量・力・程度などが比較しようとしているもの以上である、求められる(必要とされる、必要な)形・数・量・力・程度などを超(こ)えている、優(すぐ)れる、長; 丈:◆長さの単位、1丈=10尺 ◆年長者また老人に対する敬称、「老丈(ロウジョウ、ご老人)」◆「丈夫(ジョウフ)」◇夫(おっと)◇男(おとこ)、成人の男性◇堂々(ド; 夫:◆成年の男子◆おっと、妻の配偶者、妻が配偶者を呼ぶ語◆それ、言い出しの言葉,N5,other,mixed+mixed+mixed~,A4_multi_on(on+on+on 65%),大:◆形・数・量・力・程度などが比較しようとしているもの以上である、求められる(必要とされる、必要な)形・数・量・力・程度などを超(こ)えている、優(すぐ)れる、長; 丈:◆長さの単位、1丈=10尺 ◆年長者また老人に対する敬称、「老丈(ロウジョウ、ご老人)」◆「丈夫(ジョウフ)」◇夫(おっと)◇男(おとこ)、成人の男性◇堂々(ド; 夫:◆成年の男子◆おっと、妻の配偶者、妻が配偶者を呼ぶ語◆それ、言い出しの言葉
kk_大人_おとな,大人,おとな,大:◆形・数・量・力・程度などが比較しようとしているもの以上である、求められる(必要とされる、必要な)形・数・量・力・程度などを超(こ)えている、優(すぐ)れる、長; 人:◆霊長目ヒト科ヒト属の生物、ホモ・サピエンスHomo sapiens(「知恵の人」の意)、同「儿」◆自分以外の者、「人我(ジンガ、他人と自分)」◆人の数(かず),N5,other,mixed+mixed~,A3_short_compound(on+on 71%),大:◆形・数・量・力・程度などが比較しようとしているもの以上である、求められる(必要とされる、必要な)形・数・量・力・程度などを超(こ)えている、優(すぐ)れる、長; 人:◆霊長目ヒト科ヒト属の生物、ホモ・サピエンスHomo sapiens(「知恵の人」の意)、同「儿」◆自分以外の者、「人我(ジンガ、他人と自分)」◆人の数(かず)
kk_大使館_たいしかん,大使館,たいしかん,大:◆形・数・量・力・程度などが比較しようとしているもの以上である、求められる(必要とされる、必要な)形・数・量・力・程度などを超(こ)えている、優(すぐ)れる、長; 使:◆つか・う、人や家畜を働かせる、道具などを用いる◆つか・い、用事をする◆つか・わす、用事などを伝えるために人を差し向ける◆～に～させる◆もし～、仮に～; 館:◆公用に使う大きな建物、公衆が利用する大きな建物◆公用の人や賓客を泊めるための建物、宿◆貴人の邸宅,N5,on,on+on+on,A4_multi_on(on+on+on 65%),大:◆形・数・量・力・程度などが比較しようとしているもの以上である、求められる(必要とされる、必要な)形・数・量・力・程度などを超(こ)えている、優(すぐ)れる、長; 使:◆つか・う、人や家畜を働かせる、道具などを用いる◆つか・い、用事をする◆つか・わす、用事などを伝えるために人を差し向ける◆～に～させる◆もし～、仮に～; 館:◆公用に使う大きな建物、公衆が利用する大きな建物◆公用の人や賓客を泊めるための建物、宿◆貴人の邸宅
kk_大分_だいぶ,大分,だいぶ,大:◆形・数・量・力・程度などが比較しようとしているもの以上である、求められる(必要とされる、必要な)形・数・量・力・程度などを超(こ)えている、優(すぐ)れる、長; 分:◆一つに纏(まと)まっているものを幾つかに切り離す、また幾つかに仕切る(区切る)、「分割(ブンカツ)」、切り離したものを仕分けることを「別」◆一つの纏まりから一,N5,on,on+on,A3_short_compound(on+on 71%) | B_verb_rad_刀(kun 80%),大:◆形・数・量・力・程度などが比較しようとしているもの以上である、求められる(必要とされる、必要な)形・数・量・力・程度などを超(こ)えている、優(すぐ)れる、長; 分:◆一つに纏(まと)まっているものを幾つかに切り離す、また幾つかに仕切る(区切る)、「分割(ブンカツ)」、切り離したものを仕分けることを「別」◆一つの纏まりから一
kk_大切_たいせつ,大切,たいせつ,大:◆形・数・量・力・程度などが比較しようとしているもの以上である、求められる(必要とされる、必要な)形・数・量・力・程度などを超(こ)えている、優(すぐ)れる、長; 切:◆刃物などですっと断(た)つ、裁(た)つ、割(さ)く◆ぴったりとしたさま、隙(すき)がないさま、「親切(シンセツ)」◆近くまで迫(せま)る、差し迫る、「切近(セ,N5,on,on+on,B_verb_rad_刀(kun 80%),大:◆形・数・量・力・程度などが比較しようとしているもの以上である、求められる(必要とされる、必要な)形・数・量・力・程度などを超(こ)えている、優(すぐ)れる、長; 切:◆刃物などですっと断(た)つ、裁(た)つ、割(さ)く◆ぴったりとしたさま、隙(すき)がないさま、「親切(シンセツ)」◆近くまで迫(せま)る、差し迫る、「切近(セ
kk_大勢_おおぜい,大勢,おおぜい,大:◆形・数・量・力・程度などが比較しようとしているもの以上である、求められる(必要とされる、必要な)形・数・量・力・程度などを超(こ)えている、優(すぐ)れる、長; 勢:◆他を押さえ押し退ける力が強いさま、他に大きな影響を及ぼすさま◆物事の変化の様子や程度(「情勢」「時勢」など)、変化のあるものの姿や状態(「姿勢」「形勢」など),N5,mixed,kun+on~,B_verb_rad_力(kun 80%),大:◆形・数・量・力・程度などが比較しようとしているもの以上である、求められる(必要とされる、必要な)形・数・量・力・程度などを超(こ)えている、優(すぐ)れる、長; 勢:◆他を押さえ押し退ける力が強いさま、他に大きな影響を及ぼすさま◆物事の変化の様子や程度(「情勢」「時勢」など)、変化のあるものの姿や状態(「姿勢」「形勢」など)
kk_大変_たいへん,大変,たいへん,大:◆形・数・量・力・程度などが比較しようとしているもの以上である、求められる(必要とされる、必要な)形・数・量・力・程度などを超(こ)えている、優(すぐ)れる、長; 変:◆これまでとは違ったものになる、また改まる、これまでとは違ったものにする、また改める、まだ元の様子が分かる程度の変化・全体の中の一部だけの変化を指し、全く別のも,N5,on,on+on,,大:◆形・数・量・力・程度などが比較しようとしているもの以上である、求められる(必要とされる、必要な)形・数・量・力・程度などを超(こ)えている、優(すぐ)れる、長; 変:◆これまでとは違ったものになる、また改まる、これまでとは違ったものにする、また改める、まだ元の様子が分かる程度の変化・全体の中の一部だけの変化を指し、全く別のも
kk_大好き_だいすき,大好き,だいすき,大:◆形・数・量・力・程度などが比較しようとしているもの以上である、求められる(必要とされる、必要な)形・数・量・力・程度などを超(こ)えている、優(すぐ)れる、長; 好:◆自分にとって快く受け入れることができること(事・言)やもの(物・者)、その逆が「悪」、「好悪(コウオ)」◆良い、善(よ)い、心地良い、丁度良い、勝手(かって、,N5,mixed,on+kun,IL1_okurigana(kun 96%) | A1_compound_oku(kun 90%) | A1_on_kun_mix(on+kun 65%),大:◆形・数・量・力・程度などが比較しようとしているもの以上である、求められる(必要とされる、必要な)形・数・量・力・程度などを超(こ)えている、優(すぐ)れる、長; 好:◆自分にとって快く受け入れることができること(事・言)やもの(物・者)、その逆が「悪」、「好悪(コウオ)」◆良い、善(よ)い、心地良い、丁度良い、勝手(かって、
kk_大嫌い_だいきらい,大嫌い,だいきらい,大:◆形・数・量・力・程度などが比較しようとしているもの以上である、求められる(必要とされる、必要な)形・数・量・力・程度などを超(こ)えている、優(すぐ)れる、長; 嫌:◆好きでない、どこか意に沿わないところがある、同「慊」、「嫌悪(ケンオ)」◆何となく避けた方が良いような気がする、憚(はばか)る◆何かしら心に引っ掛る(ひっかか,N5,mixed,on+kun,IL1_okurigana(kun 96%) | A1_compound_oku(kun 90%) | A1_on_kun_mix(on+kun 65%),大:◆形・数・量・力・程度などが比較しようとしているもの以上である、求められる(必要とされる、必要な)形・数・量・力・程度などを超(こ)えている、優(すぐ)れる、長; 嫌:◆好きでない、どこか意に沿わないところがある、同「慊」、「嫌悪(ケンオ)」◆何となく避けた方が良いような気がする、憚(はばか)る◆何かしら心に引っ掛る(ひっかか
kk_大学_だいがく,大学,だいがく,大:◆形・数・量・力・程度などが比較しようとしているもの以上である、求められる(必要とされる、必要な)形・数・量・力・程度などを超(こ)えている、優(すぐ)れる、長; 学:◆(教えを受けながら、見て倣いながら)知識や技術などを身に付ける、習得する、またその内容、知識や技術などを授(さず)けることを「教」◆教えを受け知識や技術などを,N5,on,on+on,,大:◆形・数・量・力・程度などが比較しようとしているもの以上である、求められる(必要とされる、必要な)形・数・量・力・程度などを超(こ)えている、優(すぐ)れる、長; 学:◆(教えを受けながら、見て倣いながら)知識や技術などを身に付ける、習得する、またその内容、知識や技術などを授(さず)けることを「教」◆教えを受け知識や技術などを
kk_大学生_だいがくせい,大学生,だいがくせい,大:◆形・数・量・力・程度などが比較しようとしているもの以上である、求められる(必要とされる、必要な)形・数・量・力・程度などを超(こ)えている、優(すぐ)れる、長; 学:◆(教えを受けながら、見て倣いながら)知識や技術などを身に付ける、習得する、またその内容、知識や技術などを授(さず)けることを「教」◆教えを受け知識や技術などを; 生:◆う・まれる、それまでになかった新しいものが現れ出る、また新しいことが起こる◆い・きる、成長し活動できる状態で存在する、またその状態◆なま、現れ出た時のそのまま,N5,on,on+on+on,A4_multi_on(on+on+on 65%),大:◆形・数・量・力・程度などが比較しようとしているもの以上である、求められる(必要とされる、必要な)形・数・量・力・程度などを超(こ)えている、優(すぐ)れる、長; 学:◆(教えを受けながら、見て倣いながら)知識や技術などを身に付ける、習得する、またその内容、知識や技術などを授(さず)けることを「教」◆教えを受け知識や技術などを; 生:◆う・まれる、それまでになかった新しいものが現れ出る、また新しいことが起こる◆い・きる、成長し活動できる状態で存在する、またその状態◆なま、現れ出た時のそのまま
kk_大晦日_おおみそか,大晦日,おおみそか,大:◆形・数・量・力・程度などが比較しようとしているもの以上である、求められる(必要とされる、必要な)形・数・量・力・程度などを超(こ)えている、優(すぐ)れる、長; 晦:◆みそか、陰暦(中国では農暦)の月の最後の日、「晦日(カイジツ、みそか)」、この日は月が出ない◆夜(よる)◆暗い、はっきりしない◆人からはっきり見えないさま◆「; 日:◆太陽◆太陽が出ている間、昼間、夜明けから日没まで◆一昼夜、朝から次の朝まで、またその繰り返し、またその繰り返しを数える語◆候(コウ)、時節、頃(ケイ、ころ)◆,N5,kun,kun+kun+kun~,A4_multi_on(on+on+on 65%),大:◆形・数・量・力・程度などが比較しようとしているもの以上である、求められる(必要とされる、必要な)形・数・量・力・程度などを超(こ)えている、優(すぐ)れる、長; 晦:◆みそか、陰暦(中国では農暦)の月の最後の日、「晦日(カイジツ、みそか)」、この日は月が出ない◆夜(よる)◆暗い、はっきりしない◆人からはっきり見えないさま◆「; 日:◆太陽◆太陽が出ている間、昼間、夜明けから日没まで◆一昼夜、朝から次の朝まで、またその繰り返し、またその繰り返しを数える語◆候(コウ)、時節、頃(ケイ、ころ)◆
kk_天候_てんこう,天候,てんこう,天:◆軽い陽気が(上に浮き)集まるところ、重い陰気が(下に沈み)集まるところを「地(チ)」、「【說文解字注:土部:地】元气初分輕清陽爲天重濁侌爲地萬物所陳𠛱也…」◆; 候:◆高いところから遠くを見やる、辺りの様子を探(さぐ)る、「候望(コウボウ)」◆階位や年齢が上の人を訪ねる、訪ねて様子や機嫌を伺(うかが)う、「伺候(シコウ)」「,N5,on,on+on,,天:◆軽い陽気が(上に浮き)集まるところ、重い陰気が(下に沈み)集まるところを「地(チ)」、「【說文解字注:土部:地】元气初分輕清陽爲天重濁侌爲地萬物所陳𠛱也…」◆; 候:◆高いところから遠くを見やる、辺りの様子を探(さぐ)る、「候望(コウボウ)」◆階位や年齢が上の人を訪ねる、訪ねて様子や機嫌を伺(うかが)う、「伺候(シコウ)」「
kk_天気_てんき,天気,てんき,天:◆軽い陽気が(上に浮き)集まるところ、重い陰気が(下に沈み)集まるところを「地(チ)」、「【說文解字注:土部:地】元气初分輕清陽爲天重濁侌爲地萬物所陳𠛱也…」◆; 気:◆中国古来の考えで、天地全ての事物の基本要素、目に見えず形状は一定しない、あらゆる事物の生死・盛衰などの変化・変動はこの「気」の移動・集散によるものと考えられた,N5,on,on+on,A3_short_compound(on+on 71%),天:◆軽い陽気が(上に浮き)集まるところ、重い陰気が(下に沈み)集まるところを「地(チ)」、「【說文解字注:土部:地】元气初分輕清陽爲天重濁侌爲地萬物所陳𠛱也…」◆; 気:◆中国古来の考えで、天地全ての事物の基本要素、目に見えず形状は一定しない、あらゆる事物の生死・盛衰などの変化・変動はこの「気」の移動・集散によるものと考えられた
kk_天麩羅_てんぷら,天麩羅,てんぷら,天:◆軽い陽気が(上に浮き)集まるところ、重い陰気が(下に沈み)集まるところを「地(チ)」、「【說文解字注:土部:地】元气初分輕清陽爲天重濁侌爲地萬物所陳𠛱也…」◆; 麩:◆小麦を碾(ひ)いた時に出る粉状の穀皮(コクヒ、種子を覆っている殻)、また小麦の穀皮を粉状にしたもの、麦滓(むぎかす)、同「麬」「䴸」「麱」◆[日]水を加えて練; 羅:◆鳥を捕(と)らえる網(あみ)、魚を取る網は「綱」、「網羅(モウラ、魚を捕る網と鳥を捕る網、残らず捕らえる)」「羅網(ラモウ、鳥を捕る網と魚を捕る網、法の網、網,N5,on,mixed+mixed+on~,A4_multi_on(on+on+on 65%),天:◆軽い陽気が(上に浮き)集まるところ、重い陰気が(下に沈み)集まるところを「地(チ)」、「【說文解字注:土部:地】元气初分輕清陽爲天重濁侌爲地萬物所陳𠛱也…」◆; 麩:◆小麦を碾(ひ)いた時に出る粉状の穀皮(コクヒ、種子を覆っている殻)、また小麦の穀皮を粉状にしたもの、麦滓(むぎかす)、同「麬」「䴸」「麱」◆[日]水を加えて練; 羅:◆鳥を捕(と)らえる網(あみ)、魚を取る網は「綱」、「網羅(モウラ、魚を捕る網と鳥を捕る網、残らず捕らえる)」「羅網(ラモウ、鳥を捕る網と魚を捕る網、法の網、網
kk_太い_ふとい,太い,ふとい,太:◆大きい、同「大」◆甚(はなは)だしい、非常に、極めて、あまりにも～過ぎる、同「泰」、「太」は「泰」の略字◆[日]ふと・い、ふと・る、肥えている、ふっくらとして,N5,kun,kun,IL1_okurigana(kun 96%) | IL2_single_okuri(kun 96%),太:◆大きい、同「大」◆甚(はなは)だしい、非常に、極めて、あまりにも～過ぎる、同「泰」、「太」は「泰」の略字◆[日]ふと・い、ふと・る、肥えている、ふっくらとして
kk_奥さん_おくさん,奥さん,おくさん,奥:◆部屋の西南の隅(すみ)、祭礼の際に祭壇を設ける場所で「奥」と呼ばれた、同「隩」、「【儀禮:巻第十六:少牢饋食禮第十六】司宫筵于奥祝設几于筵上右之」◆深く入り込,N5,on,on,IL1_okurigana(kun 96%) | IL2_single_okuri(kun 96%),奥:◆部屋の西南の隅(すみ)、祭礼の際に祭壇を設ける場所で「奥」と呼ばれた、同「隩」、「【儀禮:巻第十六:少牢饋食禮第十六】司宫筵于奥祝設几于筵上右之」◆深く入り込
kk_女_おんな,女,おんな,女:◆雌(シ、めす)としての特性を持つ人、男(雄おすとしての特性を持つ人)と対になる性の一方◆娘(むすめ、若い未婚の女性)、既婚は「婦」◆妻(めあ)わせる、嫁(とつ,N5,kun,kun,IL2_single_default(kun 84%),女:◆雌(シ、めす)としての特性を持つ人、男(雄おすとしての特性を持つ人)と対になる性の一方◆娘(むすめ、若い未婚の女性)、既婚は「婦」◆妻(めあ)わせる、嫁(とつ
kk_女性_じょせい,女性,じょせい,女:◆雌(シ、めす)としての特性を持つ人、男(雄おすとしての特性を持つ人)と対になる性の一方◆娘(むすめ、若い未婚の女性)、既婚は「婦」◆妻(めあ)わせる、嫁(とつ; 性:◆生まれながらに持っている能力・性格・習癖・運命などの無形のもの◆男女・雄雌の別、男女間また雄雌間の本能的な関係◆物事が具えている資質や能力,N5,on,on+on,A3_short_compound(on+on 71%),女:◆雌(シ、めす)としての特性を持つ人、男(雄おすとしての特性を持つ人)と対になる性の一方◆娘(むすめ、若い未婚の女性)、既婚は「婦」◆妻(めあ)わせる、嫁(とつ; 性:◆生まれながらに持っている能力・性格・習癖・運命などの無形のもの◆男女・雄雌の別、男女間また雄雌間の本能的な関係◆物事が具えている資質や能力
kk_好い/良い_いい,好い/良い,いい,好:◆自分にとって快く受け入れることができること(事・言)やもの(物・者)、その逆が「悪」、「好悪(コウオ)」◆良い、善(よ)い、心地良い、丁度良い、勝手(かって、; 良:◆自分或いは多くの人の判断基準より上である、(「優(ユウ)」には及ばないが)一般的・標準的な水準・程度を超えている、善(よ)い、勝(まさ)る、好(この)ましい、,N5,other,mixed+mixed~,IL1_okurigana(kun 96%) | A1_compound_oku(kun 90%) | A1_on_kun_mix(on+kun 65%),好:◆自分にとって快く受け入れることができること(事・言)やもの(物・者)、その逆が「悪」、「好悪(コウオ)」◆良い、善(よ)い、心地良い、丁度良い、勝手(かって、; 良:◆自分或いは多くの人の判断基準より上である、(「優(ユウ)」には及ばないが)一般的・標準的な水準・程度を超えている、善(よ)い、勝(まさ)る、好(この)ましい、
kk_好き_すき,好き,すき,好:◆自分にとって快く受け入れることができること(事・言)やもの(物・者)、その逆が「悪」、「好悪(コウオ)」◆良い、善(よ)い、心地良い、丁度良い、勝手(かって、,N5,kun,kun,IL1_okurigana(kun 96%) | IL2_single_okuri(kun 96%),好:◆自分にとって快く受け入れることができること(事・言)やもの(物・者)、その逆が「悪」、「好悪(コウオ)」◆良い、善(よ)い、心地良い、丁度良い、勝手(かって、
kk_如何_いかが,如何,いかが,如:◆ごと・く、～のよう、～と程度や様子が同じよう、～と同じと言ってよい◆し・く、及ぶ、至る、届く、「同様、同程度」の意; 何:◆(問うときに)なに?◆(物事について)なに、なんの、どういう、どのような◆(人について)だれ◆(幾つかの選択肢について)どれ、いずれ◆(場所について)どこ、い,N5,other,mixed+mixed~,A3_short_compound(on+on 71%),如:◆ごと・く、～のよう、～と程度や様子が同じよう、～と同じと言ってよい◆し・く、及ぶ、至る、届く、「同様、同程度」の意; 何:◆(問うときに)なに?◆(物事について)なに、なんの、どういう、どのような◆(人について)だれ◆(幾つかの選択肢について)どれ、いずれ◆(場所について)どこ、い
kk_妹_いもうと,妹,いもうと,妹:◆同じ父母・父・母から生まれた自分よりも年下の女子、自分よりも年上の女子は「姉(シ、あね)」◆自分よりも(やや)年下の女子に対する呼称、親戚の中で自分よりも年下,N5,kun,kun,IL2_single_default(kun 84%),妹:◆同じ父母・父・母から生まれた自分よりも年下の女子、自分よりも年上の女子は「姉(シ、あね)」◆自分よりも(やや)年下の女子に対する呼称、親戚の中で自分よりも年下
kk_姉_あね,姉,あね,姉:◆同じ父母・父・母から生まれた自分よりも年上の女子、同「姐」、自分よりも年下の女子は「妹(バイ、いもうと)」◆(敬意を込めて)自分よりも年長の女性に対する呼称、,N5,kun,kun,IL2_single_default(kun 84%),姉:◆同じ父母・父・母から生まれた自分よりも年上の女子、同「姐」、自分よりも年下の女子は「妹(バイ、いもうと)」◆(敬意を込めて)自分よりも年長の女性に対する呼称、
kk_始まる_はじまる,始まる,はじまる,始:◆それ以降続く物事の最初、出だし、「始」は「物事はまず～から始める、～から始まる」、「初」は「物事はまず初めに～する、～の初め」◆初めて、～の時に至ってやっと、,N5,kun,kun,IL1_okurigana(kun 96%) | IL2_single_okuri(kun 96%),始:◆それ以降続く物事の最初、出だし、「始」は「物事はまず～から始める、～から始まる」、「初」は「物事はまず初めに～する、～の初め」◆初めて、～の時に至ってやっと、
kk_始めて/初めて_はじめて,始めて/初めて,はじめて,始:◆それ以降続く物事の最初、出だし、「始」は「物事はまず～から始める、～から始まる」、「初」は「物事はまず初めに～する、～の初め」◆初めて、～の時に至ってやっと、; 初:◆物事の起こり、物事の発端、「衣服を作り始める時にまず布を切る」の意、「初」は「物事はまず初めに～する、～の初め」、「始」は「物事はまず～から始める、～から始ま,N5,kun,kun+kun~,IL1_okurigana(kun 96%) | A1_compound_oku(kun 90%) | A1_on_kun_mix(on+kun 65%),始:◆それ以降続く物事の最初、出だし、「始」は「物事はまず～から始める、～から始まる」、「初」は「物事はまず初めに～する、～の初め」◆初めて、～の時に至ってやっと、; 初:◆物事の起こり、物事の発端、「衣服を作り始める時にまず布を切る」の意、「初」は「物事はまず初めに～する、～の初め」、「始」は「物事はまず～から始める、～から始ま
kk_嫌_いや,嫌,いや,嫌:◆好きでない、どこか意に沿わないところがある、同「慊」、「嫌悪(ケンオ)」◆何となく避けた方が良いような気がする、憚(はばか)る◆何かしら心に引っ掛る(ひっかか,N5,kun,kun,IL2_single_default(kun 84%),嫌:◆好きでない、どこか意に沿わないところがある、同「慊」、「嫌悪(ケンオ)」◆何となく避けた方が良いような気がする、憚(はばか)る◆何かしら心に引っ掛る(ひっかか
kk_嫌い_きらい,嫌い,きらい,嫌:◆好きでない、どこか意に沿わないところがある、同「慊」、「嫌悪(ケンオ)」◆何となく避けた方が良いような気がする、憚(はばか)る◆何かしら心に引っ掛る(ひっかか,N5,kun,kun,IL1_okurigana(kun 96%) | IL2_single_okuri(kun 96%),嫌:◆好きでない、どこか意に沿わないところがある、同「慊」、「嫌悪(ケンオ)」◆何となく避けた方が良いような気がする、憚(はばか)る◆何かしら心に引っ掛る(ひっかか
kk_子供_こども,子供,こども,子:◆母親から産まれるもの、古くは男女を問わず「子」といったが、現代中国では男の子(息子)を指す◆新しく産まれる(生まれる)ものの元となるもの、植物の種や実、動物の; 供:◆両手で物を捧(ささ)げ持つ、恭(うやうや)しく捧げ持つ、同「龔」◆労働・金品などを差し出す、また差し出して役立てる◆「供給(キョウキュウ)」、必要があるところ,N5,other,mixed+mixed~,A3_short_compound(on+on 71%),子:◆母親から産まれるもの、古くは男女を問わず「子」といったが、現代中国では男の子(息子)を指す◆新しく産まれる(生まれる)ものの元となるもの、植物の種や実、動物の; 供:◆両手で物を捧(ささ)げ持つ、恭(うやうや)しく捧げ持つ、同「龔」◆労働・金品などを差し出す、また差し出して役立てる◆「供給(キョウキュウ)」、必要があるところ
kk_字引_じびき,字引,じびき,字:◆子を生む、生まれた子を慈(いつく)しみ育てる、同「𡥜」◆あざな、成人時に名付ける本名以外の名、男子は二十歳で成人とし初めて冠を被り、女子は許嫁(キョカ、いいな; 引:◆(弓の弦iに指を掛け、ぐいと)手前に寄せる、「向こうへぐいと押しやる」とは逆の動きをいう◆ぐいと伸ばす、「引領(インレイ、首を伸ばす、首を伸ばして待ち受ける),N5,other,mixed+mixed~,A3_short_compound(on+on 71%),字:◆子を生む、生まれた子を慈(いつく)しみ育てる、同「𡥜」◆あざな、成人時に名付ける本名以外の名、男子は二十歳で成人とし初めて冠を被り、女子は許嫁(キョカ、いいな; 引:◆(弓の弦iに指を掛け、ぐいと)手前に寄せる、「向こうへぐいと押しやる」とは逆の動きをいう◆ぐいと伸ばす、「引領(インレイ、首を伸ばす、首を伸ばして待ち受ける)
kk_学校_がっこう,学校,がっこう,学:◆(教えを受けながら、見て倣いながら)知識や技術などを身に付ける、習得する、またその内容、知識や技術などを授(さず)けることを「教」◆教えを受け知識や技術などを; 校:◆木製の枷(かせ)、罪人の首・手・足などに嵌(は)めて自由を奪う刑具◆(陣地の周囲に張り巡らせる、或いは狩猟の際に獲物を追い込む)格子状に組んだ柵(さく)◆武官,N5,on,mixed+on~,B_noun_rad_木(kun 93%),学:◆(教えを受けながら、見て倣いながら)知識や技術などを身に付ける、習得する、またその内容、知識や技術などを授(さず)けることを「教」◆教えを受け知識や技術などを; 校:◆木製の枷(かせ)、罪人の首・手・足などに嵌(は)めて自由を奪う刑具◆(陣地の周囲に張り巡らせる、或いは狩猟の際に獲物を追い込む)格子状に組んだ柵(さく)◆武官
kk_学生_がくせい,学生,がくせい,学:◆(教えを受けながら、見て倣いながら)知識や技術などを身に付ける、習得する、またその内容、知識や技術などを授(さず)けることを「教」◆教えを受け知識や技術などを; 生:◆う・まれる、それまでになかった新しいものが現れ出る、また新しいことが起こる◆い・きる、成長し活動できる状態で存在する、またその状態◆なま、現れ出た時のそのまま,N5,on,on+on,,学:◆(教えを受けながら、見て倣いながら)知識や技術などを身に付ける、習得する、またその内容、知識や技術などを授(さず)けることを「教」◆教えを受け知識や技術などを; 生:◆う・まれる、それまでになかった新しいものが現れ出る、また新しいことが起こる◆い・きる、成長し活動できる状態で存在する、またその状態◆なま、現れ出た時のそのまま
kk_安い_やすい,安い,やすい,安:◆心を乱すものも体を縛るものもなく穏(おだ)やかなさま、気に掛かるようなことがなくゆったりとしたさま◆揺(ゆ)らぎや乱れがないさま、落ち着くさま◆いずく・んぞ、,N5,kun,kun,IL1_okurigana(kun 96%) | IL2_single_okuri(kun 96%) | B_noun_rad_宀(kun 93%),安:◆心を乱すものも体を縛るものもなく穏(おだ)やかなさま、気に掛かるようなことがなくゆったりとしたさま◆揺(ゆ)らぎや乱れがないさま、落ち着くさま◆いずく・んぞ、
kk_定価_ていか,定価,ていか,定:◆さだ・まる、動きや乱れが鎮(しず)まって変化・変動しない状態になる、平静になる、落ち着く、「鎮定(チンテイ)」◆さだ・める、動いたり揺らいだりしない状態にする; 価:◆ものを売り渡しても買い取っても損はないと考える値段(ねだん)、ものの値打ち◆それがどの程度であるかを評価した結果示される値(あたい),N5,on,on+on,A3_short_compound(on+on 71%) | B_noun_rad_宀(kun 93%),定:◆さだ・まる、動きや乱れが鎮(しず)まって変化・変動しない状態になる、平静になる、落ち着く、「鎮定(チンテイ)」◆さだ・める、動いたり揺らいだりしない状態にする; 価:◆ものを売り渡しても買い取っても損はないと考える値段(ねだん)、ものの値打ち◆それがどの程度であるかを評価した結果示される値(あたい)
kk_家_いえ,家,いえ,家:◆屋根(「宀」)があり四周が戸や壁で遮(さえぎ)られている建物、豕(いのこ、ブタ)などの大切な家畜を飼(か)う建物◆同じ屋根の下で親子や一族が共に生活する、人が,N5,kun,kun,IL2_single_default(kun 84%) | B_noun_rad_宀(kun 93%),家:◆屋根(「宀」)があり四周が戸や壁で遮(さえぎ)られている建物、豕(いのこ、ブタ)などの大切な家畜を飼(か)う建物◆同じ屋根の下で親子や一族が共に生活する、人が
kk_家_うち,家,うち,家:◆屋根(「宀」)があり四周が戸や壁で遮(さえぎ)られている建物、豕(いのこ、ブタ)などの大切な家畜を飼(か)う建物◆同じ屋根の下で親子や一族が共に生活する、人が,N5,kun,kun,IL2_single_default(kun 84%) | B_noun_rad_宀(kun 93%),家:◆屋根(「宀」)があり四周が戸や壁で遮(さえぎ)られている建物、豕(いのこ、ブタ)などの大切な家畜を飼(か)う建物◆同じ屋根の下で親子や一族が共に生活する、人が
kk_家具_かぐ,家具,かぐ,家:◆屋根(「宀」)があり四周が戸や壁で遮(さえぎ)られている建物、豕(いのこ、ブタ)などの大切な家畜を飼(か)う建物◆同じ屋根の下で親子や一族が共に生活する、人が; 具:◆そな・わる、そな・える、必要なものが揃っている、必要なものを揃える◆必要なものが身に付いている◆(食事のための器具、戦うための武具、作業するための道具などの),N5,on,on+on,A3_short_compound(on+on 71%) | B_noun_rad_宀(kun 93%),家:◆屋根(「宀」)があり四周が戸や壁で遮(さえぎ)られている建物、豕(いのこ、ブタ)などの大切な家畜を飼(か)う建物◆同じ屋根の下で親子や一族が共に生活する、人が; 具:◆そな・わる、そな・える、必要なものが揃っている、必要なものを揃える◆必要なものが身に付いている◆(食事のための器具、戦うための武具、作業するための道具などの)
kk_家庭_かてい,家庭,かてい,家:◆屋根(「宀」)があり四周が戸や壁で遮(さえぎ)られている建物、豕(いのこ、ブタ)などの大切な家畜を飼(か)う建物◆同じ屋根の下で親子や一族が共に生活する、人が; 庭:◆堂(ドウ、大きな建物、母屋おもや)の正面階段前の平らに整地された広場、同「廷」◆宮中、役所や裁判所(廷)、またその敷地内の平らに整地された広場、同「廷」◆広い,N5,on,on+on,A3_short_compound(on+on 71%) | B_noun_rad_宀(kun 93%) | B_noun_rad_广(kun 93%),家:◆屋根(「宀」)があり四周が戸や壁で遮(さえぎ)られている建物、豕(いのこ、ブタ)などの大切な家畜を飼(か)う建物◆同じ屋根の下で親子や一族が共に生活する、人が; 庭:◆堂(ドウ、大きな建物、母屋おもや)の正面階段前の平らに整地された広場、同「廷」◆宮中、役所や裁判所(廷)、またその敷地内の平らに整地された広場、同「廷」◆広い
kk_家族_かぞく,家族,かぞく,家:◆屋根(「宀」)があり四周が戸や壁で遮(さえぎ)られている建物、豕(いのこ、ブタ)などの大切な家畜を飼(か)う建物◆同じ屋根の下で親子や一族が共に生活する、人が; 族:◆同じ祖先(同じ姓、同じ起源)を持つ者の集まり、「種族(シュゾク)」「家族(カゾク)」◆共通のもの(思考や思想、言語、性格や性質など)を持つものの集まり、同「類,N5,on,on+on,A3_short_compound(on+on 71%) | B_noun_rad_宀(kun 93%),家:◆屋根(「宀」)があり四周が戸や壁で遮(さえぎ)られている建物、豕(いのこ、ブタ)などの大切な家畜を飼(か)う建物◆同じ屋根の下で親子や一族が共に生活する、人が; 族:◆同じ祖先(同じ姓、同じ起源)を持つ者の集まり、「種族(シュゾク)」「家族(カゾク)」◆共通のもの(思考や思想、言語、性格や性質など)を持つものの集まり、同「類
kk_家賃_やちん,家賃,やちん,家:◆屋根(「宀」)があり四周が戸や壁で遮(さえぎ)られている建物、豕(いのこ、ブタ)などの大切な家畜を飼(か)う建物◆同じ屋根の下で親子や一族が共に生活する、人が; 賃:◆金を払って人を雇う◆雇用者に支払う報酬、「賃金(チンギン)」◆金を払って借り貸しする,N5,mixed,kun+on~,A3_short_compound(on+on 71%) | B_noun_rad_宀(kun 93%),家:◆屋根(「宀」)があり四周が戸や壁で遮(さえぎ)られている建物、豕(いのこ、ブタ)などの大切な家畜を飼(か)う建物◆同じ屋根の下で親子や一族が共に生活する、人が; 賃:◆金を払って人を雇う◆雇用者に支払う報酬、「賃金(チンギン)」◆金を払って借り貸しする
kk_宿題_しゅくだい,宿題,しゅくだい,宿:◆屋根の下(家屋の中)で一夜を過ごす、また止(とど)まって休息する、「【春秋左傳:莊公:莊公三年】凡師一宿為舍再宿爲信過信爲次(《疏》注正義曰舍者君行一日止而舍; 題:◆額(ひたい)、おでこ、同「頟」「顁」◆ものの頭(最初、先頭)にあるもの◆初めに記される短い文章、全体を表現する簡潔な文章、「問題(モンダイ)」「話題(ワダイ),N5,on,on+on,B_noun_rad_宀(kun 93%),宿:◆屋根の下(家屋の中)で一夜を過ごす、また止(とど)まって休息する、「【春秋左傳:莊公:莊公三年】凡師一宿為舍再宿爲信過信爲次(《疏》注正義曰舍者君行一日止而舍; 題:◆額(ひたい)、おでこ、同「頟」「顁」◆ものの頭(最初、先頭)にあるもの◆初めに記される短い文章、全体を表現する簡潔な文章、「問題(モンダイ)」「話題(ワダイ)
kk_寂しい_さびしい,寂しい,さびしい,寂:◆声や音がすることもなくひっそりとしているさま、同「諔」◆「寂寥(セキリョウ)」◇何もなく空虚なさま◇声や音がすることもなくひっそりとしているさま◆「寂寞、寂漠,N5,kun,kun,IL1_okurigana(kun 96%) | IL2_single_okuri(kun 96%) | B_noun_rad_宀(kun 93%),寂:◆声や音がすることもなくひっそりとしているさま、同「諔」◆「寂寥(セキリョウ)」◇何もなく空虚なさま◇声や音がすることもなくひっそりとしているさま◆「寂寞、寂漠
kk_寒い_さむい,寒い,さむい,寒:◆凍(こご)える、冷(ひ)える、同「𣽬」◆気温が低い、空気が冷(つめ)たい◆物が乏(とぼ)しい、貧(まず)しい,N5,kun,kun,IL1_okurigana(kun 96%) | IL2_single_okuri(kun 96%) | B_noun_rad_宀(kun 93%),寒:◆凍(こご)える、冷(ひ)える、同「𣽬」◆気温が低い、空気が冷(つめ)たい◆物が乏(とぼ)しい、貧(まず)しい
kk_寝る_ねる,寝る,ねる,寝:◆体を横にして休む、「寝台・寝床・寝室などで横になり休む」ことをいう◆体を横にして眠る◆睡眠をとるところ、ゆっくりと寛(くつろ)ぐ部屋や建物、「寢殿(シンデン、,N5,kun,kun,IL1_okurigana(kun 96%) | IL2_single_okuri(kun 96%) | B_noun_rad_宀(kun 93%),寝:◆体を横にして休む、「寝台・寝床・寝室などで横になり休む」ことをいう◆体を横にして眠る◆睡眠をとるところ、ゆっくりと寛(くつろ)ぐ部屋や建物、「寢殿(シンデン、
kk_寮_りょう,寮,りょう,寮:◆朋(とも、共に働いたり学んだりしている人)、同じ職位や職務に就いている人、同窓の人、同「僚」◆同僚が住む官舎、宿舎、小屋◆小さな窓,N5,on,on,IL2_on_only(on 99%) | B_noun_rad_宀(kun 93%),寮:◆朋(とも、共に働いたり学んだりしている人)、同じ職位や職務に就いている人、同窓の人、同「僚」◆同僚が住む官舎、宿舎、小屋◆小さな窓
kk_寿司_すし,寿司,すし,寿:◆長く年齢を重ねる、長命、「長寿(チョウジュ)」◆祝福の言葉や贈り物を送り長命を祝う◆年齢、「寿命(ジュミョウ)」◆[日]めでたいこと、祝いの言葉、祝いの言葉を; 司:◆管理・監督する、主管(シュカン)・管掌(カンショウ)する、またその職掌(ショクショウ)・職務・役割、またその人、「【禮記注疏(禮記正義):卷四:曲禮下】天子之,N5,other,mixed+mixed~,A3_short_compound(on+on 71%),寿:◆長く年齢を重ねる、長命、「長寿(チョウジュ)」◆祝福の言葉や贈り物を送り長命を祝う◆年齢、「寿命(ジュミョウ)」◆[日]めでたいこと、祝いの言葉、祝いの言葉を; 司:◆管理・監督する、主管(シュカン)・管掌(カンショウ)する、またその職掌(ショクショウ)・職務・役割、またその人、「【禮記注疏(禮記正義):卷四:曲禮下】天子之
kk_封筒_ふうとう,封筒,ふうとう,封:◆君主が諸侯や重臣に領地を与える、また領有することを認める◆諸侯や重臣の領土、またその領主◆土を盛り上げる、土を盛り上げた祭壇、また墓◆塞(ふさ)ぐ、閉(と)じ; 筒:◆竹の茎の中空の部分、同「筩」◆細長い円柱状で内部が空洞になっている形のもの、同「筩」,N5,on,on+on,B_noun_rad_竹(kun 93%),封:◆君主が諸侯や重臣に領地を与える、また領有することを認める◆諸侯や重臣の領土、またその領主◆土を盛り上げる、土を盛り上げた祭壇、また墓◆塞(ふさ)ぐ、閉(と)じ; 筒:◆竹の茎の中空の部分、同「筩」◆細長い円柱状で内部が空洞になっている形のもの、同「筩」
kk_小さい_ちいさい,小さい,ちいさい,小:◆形・数・量・力・程度などが比較しようとしているもの以下である、求められる(必要とされる、必要な)形・数・量・力・程度などに及ばない(足りない)、劣(おと)る、,N5,kun,kun,IL1_okurigana(kun 96%) | IL2_single_okuri(kun 96%),小:◆形・数・量・力・程度などが比較しようとしているもの以下である、求められる(必要とされる、必要な)形・数・量・力・程度などに及ばない(足りない)、劣(おと)る、
kk_小さな_ちいさな,小さな,ちいさな,小:◆形・数・量・力・程度などが比較しようとしているもの以下である、求められる(必要とされる、必要な)形・数・量・力・程度などに及ばない(足りない)、劣(おと)る、,N5,kun,kun,IL1_okurigana(kun 96%) | IL2_single_okuri(kun 96%),小:◆形・数・量・力・程度などが比較しようとしているもの以下である、求められる(必要とされる、必要な)形・数・量・力・程度などに及ばない(足りない)、劣(おと)る、
kk_小学生_しょうがくせい,小学生,しょうがくせい,小:◆形・数・量・力・程度などが比較しようとしているもの以下である、求められる(必要とされる、必要な)形・数・量・力・程度などに及ばない(足りない)、劣(おと)る、; 学:◆(教えを受けながら、見て倣いながら)知識や技術などを身に付ける、習得する、またその内容、知識や技術などを授(さず)けることを「教」◆教えを受け知識や技術などを; 生:◆う・まれる、それまでになかった新しいものが現れ出る、また新しいことが起こる◆い・きる、成長し活動できる状態で存在する、またその状態◆なま、現れ出た時のそのまま,N5,on,on+on+on,A4_multi_on(on+on+on 65%),小:◆形・数・量・力・程度などが比較しようとしているもの以下である、求められる(必要とされる、必要な)形・数・量・力・程度などに及ばない(足りない)、劣(おと)る、; 学:◆(教えを受けながら、見て倣いながら)知識や技術などを身に付ける、習得する、またその内容、知識や技術などを授(さず)けることを「教」◆教えを受け知識や技術などを; 生:◆う・まれる、それまでになかった新しいものが現れ出る、また新しいことが起こる◆い・きる、成長し活動できる状態で存在する、またその状態◆なま、現れ出た時のそのまま
kk_小～_しょう～,小～,しょう～,小:◆形・数・量・力・程度などが比較しようとしているもの以下である、求められる(必要とされる、必要な)形・数・量・力・程度などに及ばない(足りない)、劣(おと)る、,N5,on,on,IL2_single_default(kun 84%),小:◆形・数・量・力・程度などが比較しようとしているもの以下である、求められる(必要とされる、必要な)形・数・量・力・程度などに及ばない(足りない)、劣(おと)る、
kk_少し_すこし,少し,すこし,少:◆数や度量(ドリョウ、ものの多少・軽重・長短・高低・深浅・強弱など)が、あるべき(必要とする)数や度量より小さい、またそれに足りない、またそれに及ばない、同「寡,N5,kun,kun,IL1_okurigana(kun 96%) | IL2_single_okuri(kun 96%),少:◆数や度量(ドリョウ、ものの多少・軽重・長短・高低・深浅・強弱など)が、あるべき(必要とする)数や度量より小さい、またそれに足りない、またそれに及ばない、同「寡
kk_少しも_すこしも,少しも,すこしも,少:◆数や度量(ドリョウ、ものの多少・軽重・長短・高低・深浅・強弱など)が、あるべき(必要とする)数や度量より小さい、またそれに足りない、またそれに及ばない、同「寡,N5,kun,kun,IL1_okurigana(kun 96%) | IL2_single_okuri(kun 96%),少:◆数や度量(ドリョウ、ものの多少・軽重・長短・高低・深浅・強弱など)が、あるべき(必要とする)数や度量より小さい、またそれに足りない、またそれに及ばない、同「寡
kk_少ない_すくない,少ない,すくない,少:◆数や度量(ドリョウ、ものの多少・軽重・長短・高低・深浅・強弱など)が、あるべき(必要とする)数や度量より小さい、またそれに足りない、またそれに及ばない、同「寡,N5,kun,kun,IL1_okurigana(kun 96%) | IL2_single_okuri(kun 96%),少:◆数や度量(ドリョウ、ものの多少・軽重・長短・高低・深浅・強弱など)が、あるべき(必要とする)数や度量より小さい、またそれに足りない、またそれに及ばない、同「寡
kk_就職_しゅうしょく,就職,しゅうしょく,就:◆つ・く、近くまで行く、近くに付いて従う◆物事に取り掛かるための位置につく、「就任」「就職」「就寝」など◆成る、成し遂げる◆[日]つ・いて、～に関して、即ち; 職:◆力を注ぐべき仕事や役割、またその責任を担(にな)う◆一定の業務や役目を司(つかさど)る◆担当する業務や役目、またそこでの地位,N5,on,on+on,,就:◆つ・く、近くまで行く、近くに付いて従う◆物事に取り掛かるための位置につく、「就任」「就職」「就寝」など◆成る、成し遂げる◆[日]つ・いて、～に関して、即ち; 職:◆力を注ぐべき仕事や役割、またその責任を担(にな)う◆一定の業務や役目を司(つかさど)る◆担当する業務や役目、またそこでの地位
kk_居る_いる,居る,いる,居:◆座る、腰を据(す)える、腰を落ち着ける、またその場所◆長く腰を落ち着けて住む、住まい◆一定の場所を占める、存在する◆貯(たくわ)える、得たものを置いておく,N5,kun,kun,IL1_okurigana(kun 96%) | IL2_single_okuri(kun 96%),居:◆座る、腰を据(す)える、腰を落ち着ける、またその場所◆長く腰を落ち着けて住む、住まい◆一定の場所を占める、存在する◆貯(たくわ)える、得たものを置いておく
kk_屋_や,屋,や,屋:◆日差しや雨風を遮(さえぎ)るための覆(おお)い、同「幄」◆建物の上部の日差しや雨風を遮(さえぎ)るための覆い、「屋頂(オクテイ、オクチョウ、屋根)」◆(屋根に,N5,kun,kun,IL2_single_default(kun 84%),屋:◆日差しや雨風を遮(さえぎ)るための覆(おお)い、同「幄」◆建物の上部の日差しや雨風を遮(さえぎ)るための覆い、「屋頂(オクテイ、オクチョウ、屋根)」◆(屋根に
kk_履く_はく,履く,はく,履:◆くつ、靴(長靴)や鞋(短靴)などの足に纏うものの総称、古くは木底や革底の履物に中敷きや刺繍などの飾りを施したものを指し、藁などで作っただけの粗末な履物(㞜)と,N5,kun,kun,IL1_okurigana(kun 96%) | IL2_single_okuri(kun 96%),履:◆くつ、靴(長靴)や鞋(短靴)などの足に纏うものの総称、古くは木底や革底の履物に中敷きや刺繍などの飾りを施したものを指し、藁などで作っただけの粗末な履物(㞜)と
kk_山_やま,山,やま,"山:◆地面が""△""状に高く盛り上がったところ、またその形や様子◆土を丸く盛り上げた墓◆十二章紋の一つ ◆やま、やまへん、やまかんむり、部首名",N5,kun,kun,IL2_single_default(kun 84%),"山:◆地面が""△""状に高く盛り上がったところ、またその形や様子◆土を丸く盛り上げた墓◆十二章紋の一つ ◆やま、やまへん、やまかんむり、部首名"
kk_川/河_かわ,川/河,かわ,川:◆水の流れる道、同「巛」◆四川省の略称 ◆かわ、さんぼんがわ、部首名; 河:◆川、特に大河(タイガ、大きな川)を指す◆「黄河(コウガ)」の略称、これに対し「江」は「長江(チョウコウ)」を指す、このことから中国北部では川を「河」、南部では,N5,mixed,kun+on~,A3_short_compound(on+on 71%),川:◆水の流れる道、同「巛」◆四川省の略称 ◆かわ、さんぼんがわ、部首名; 河:◆川、特に大河(タイガ、大きな川)を指す◆「黄河(コウガ)」の略称、これに対し「江」は「長江(チョウコウ)」を指す、このことから中国北部では川を「河」、南部では
kk_左_ひだり,左,ひだり,左:◆右と対(ツイ)になる片方 ◆南を向いた時の東の方向、東、東の方向、西は「右」◆(左手のように力が弱い者が右手のように力が強い者の手となり足となって)助ける、同,N5,kun,kun,IL2_single_default(kun 84%),左:◆右と対(ツイ)になる片方 ◆南を向いた時の東の方向、東、東の方向、西は「右」◆(左手のように力が弱い者が右手のように力が強い者の手となり足となって)助ける、同
kk_差す_さす,差す,さす,差:◆違いがある、揃(そろ)わない◆引き算をした時に余りが出る、またその時の余り◆(同じ差ごとに)区分けする、区別する◆やや～(違う、差がある、不足する、など)◆使,N5,kun,kun,IL1_okurigana(kun 96%) | IL2_single_okuri(kun 96%),差:◆違いがある、揃(そろ)わない◆引き算をした時に余りが出る、またその時の余り◆(同じ差ごとに)区分けする、区別する◆やや～(違う、差がある、不足する、など)◆使
kk_市役所_しやくしょ,市役所,しやくしょ,市:◆人が多く集まり物品などを売買・交換する、またその場所◆人が多く集まる所◆「町」よりも大きな行政区画¶本字は「亠巾」で「一巾」の「巿」とは別字; 役:◆辺境の守備をさせる、人に厳しい労働をさせる◆労働、戦(いくさ)、またそれらの労務に服する人◆割り当てられた任務や職務、またそれを務める人; 所:◆処(ところ)、ものがある場また位置(要所・箇所など)、ことをする場また位置(住所・裁判所など)◆～のこと、「所感(感じること)」「所存(考え思っていること)◆,N5,on,on+on+on,A4_multi_on(on+on+on 65%) | B_noun_rad_巾(kun 93%),市:◆人が多く集まり物品などを売買・交換する、またその場所◆人が多く集まる所◆「町」よりも大きな行政区画¶本字は「亠巾」で「一巾」の「巿」とは別字; 役:◆辺境の守備をさせる、人に厳しい労働をさせる◆労働、戦(いくさ)、またそれらの労務に服する人◆割り当てられた任務や職務、またそれを務める人; 所:◆処(ところ)、ものがある場また位置(要所・箇所など)、ことをする場また位置(住所・裁判所など)◆～のこと、「所感(感じること)」「所存(考え思っていること)◆
kk_席_せき,席,せき,席:◆むしろ、竹や藁(わら、乾燥させた草の茎)を並べ紐(ひも)で編んだ敷物、人が座ったり横になったりするところに敷くもの、同「蓆」◆座るところ、居並ぶ時の座る位置◆,N5,on,on,IL2_single_default(kun 84%) | B_noun_rad_巾(kun 93%),席:◆むしろ、竹や藁(わら、乾燥させた草の茎)を並べ紐(ひも)で編んだ敷物、人が座ったり横になったりするところに敷くもの、同「蓆」◆座るところ、居並ぶ時の座る位置◆
kk_帰る_かえる,帰る,かえる,帰:◆女性が他家に嫁(とつ)ぐ、嫁(よめ)に行く、女性を自家に迎えることを「來歸(ライキ、来帰)」◆元の(本来の)状態や位置に戻る、同「皈」「𢅨」「䢜」「𣦨」◆元の,N5,kun,kun,IL1_okurigana(kun 96%) | IL2_single_okuri(kun 96%) | B_noun_rad_巾(kun 93%),帰:◆女性が他家に嫁(とつ)ぐ、嫁(よめ)に行く、女性を自家に迎えることを「來歸(ライキ、来帰)」◆元の(本来の)状態や位置に戻る、同「皈」「𢅨」「䢜」「𣦨」◆元の
kk_帰国_きこく,帰国,きこく,帰:◆女性が他家に嫁(とつ)ぐ、嫁(よめ)に行く、女性を自家に迎えることを「來歸(ライキ、来帰)」◆元の(本来の)状態や位置に戻る、同「皈」「𢅨」「䢜」「𣦨」◆元の; 国:◆主権者の支配が及ぶ範囲、土地や人や政治体制などを含む概念で古くは君主から与えられた領地、「王(権力者)の勢力が及ぶ範囲(囗)」の意,N5,on,on+on,A3_short_compound(on+on 71%) | B_noun_rad_巾(kun 93%),帰:◆女性が他家に嫁(とつ)ぐ、嫁(よめ)に行く、女性を自家に迎えることを「來歸(ライキ、来帰)」◆元の(本来の)状態や位置に戻る、同「皈」「𢅨」「䢜」「𣦨」◆元の; 国:◆主権者の支配が及ぶ範囲、土地や人や政治体制などを含む概念で古くは君主から与えられた領地、「王(権力者)の勢力が及ぶ範囲(囗)」の意
kk_帽子_ぼうし,帽子,ぼうし,帽:◆頭巾(ズキン)、頭に被(かぶ)るものの総称◆物の頭に被せるもの、キャップcap; 子:◆母親から産まれるもの、古くは男女を問わず「子」といったが、現代中国では男の子(息子)を指す◆新しく産まれる(生まれる)ものの元となるもの、植物の種や実、動物の,N5,on,on+on,A3_short_compound(on+on 71%) | B_noun_rad_巾(kun 93%),帽:◆頭巾(ズキン)、頭に被(かぶ)るものの総称◆物の頭に被せるもの、キャップcap; 子:◆母親から産まれるもの、古くは男女を問わず「子」といったが、現代中国では男の子(息子)を指す◆新しく産まれる(生まれる)ものの元となるもの、植物の種や実、動物の
kk_平仮名_ひらがな,平仮名,ひらがな,平:◆起伏や凹凸がない、高さが揃っている◆普段通り、何時もと変わらずあるべき状態にある◆乱れがなく穏やかなさま◆均一な、等しい、斉(ひと)しい; 仮:◆他から(他のものを)一時的に借りる、他に一時的に貸す、同「叚」◆実際とは違うが一時的に他のものを用いる、足りないところに他のものを借りて当てる、他のもので間に; 名:◆人に付ける呼称、また動物・もの・出来事などを呼んだり指し示したり識別したりするためにその各々に付ける呼称、「名称(メイショウ)」◆呼称を付ける、「命名(メイメ,N5,other,mixed+mixed+mixed~,A4_multi_on(on+on+on 65%),平:◆起伏や凹凸がない、高さが揃っている◆普段通り、何時もと変わらずあるべき状態にある◆乱れがなく穏やかなさま◆均一な、等しい、斉(ひと)しい; 仮:◆他から(他のものを)一時的に借りる、他に一時的に貸す、同「叚」◆実際とは違うが一時的に他のものを用いる、足りないところに他のものを借りて当てる、他のもので間に; 名:◆人に付ける呼称、また動物・もの・出来事などを呼んだり指し示したり識別したりするためにその各々に付ける呼称、「名称(メイショウ)」◆呼称を付ける、「命名(メイメ
kk_年_とし,年,とし,年:◆穀物が稔(みの)る、同「秊」◆農作物を収穫してから次の収穫期までの期間、四季(二十四節気)を一巡する期間、year◆誕生してから生きてその誕生日を通り過ぎた回,N5,kun,kun,IL2_single_default(kun 84%),年:◆穀物が稔(みの)る、同「秊」◆農作物を収穫してから次の収穫期までの期間、四季(二十四節気)を一巡する期間、year◆誕生してから生きてその誕生日を通り過ぎた回
kk_年_ねん,年,ねん,年:◆穀物が稔(みの)る、同「秊」◆農作物を収穫してから次の収穫期までの期間、四季(二十四節気)を一巡する期間、year◆誕生してから生きてその誕生日を通り過ぎた回,N5,on,on,IL2_single_default(kun 84%),年:◆穀物が稔(みの)る、同「秊」◆農作物を収穫してから次の収穫期までの期間、四季(二十四節気)を一巡する期間、year◆誕生してから生きてその誕生日を通り過ぎた回
kk_年賀状_ねんがじょう,年賀状,ねんがじょう,年:◆穀物が稔(みの)る、同「秊」◆農作物を収穫してから次の収穫期までの期間、四季(二十四節気)を一巡する期間、year◆誕生してから生きてその誕生日を通り過ぎた回; 賀:◆品物を贈り祝福する、また祝福の言葉を述べる、「祝賀(シュクガ)」◆荷物を馬や牛の背に載せる; 状:◆形、姿形(すがたかたち)、有様(ありさま)、情況(ジョウキョウ)、様子(ヨウシ、ようす)◆様子を述べる、言い表す、またその文書や手紙,N5,on,on+on+on,A4_multi_on(on+on+on 65%),年:◆穀物が稔(みの)る、同「秊」◆農作物を収穫してから次の収穫期までの期間、四季(二十四節気)を一巡する期間、year◆誕生してから生きてその誕生日を通り過ぎた回; 賀:◆品物を贈り祝福する、また祝福の言葉を述べる、「祝賀(シュクガ)」◆荷物を馬や牛の背に載せる; 状:◆形、姿形(すがたかたち)、有様(ありさま)、情況(ジョウキョウ)、様子(ヨウシ、ようす)◆様子を述べる、言い表す、またその文書や手紙
kk_年金_ねんきん,年金,ねんきん,年:◆穀物が稔(みの)る、同「秊」◆農作物を収穫してから次の収穫期までの期間、四季(二十四節気)を一巡する期間、year◆誕生してから生きてその誕生日を通り過ぎた回; 金:◆黄金・白銀・赤銅・青銅・青鉛・黒鉄などの総称、金属の総称◆(黄金のように)黄色い、輝く、美しい、貴重な、(金属のように)堅い◆金属製のもの◆銭(ぜに)、またそ,N5,on,on+on,B_noun_rad_金(kun 93%),年:◆穀物が稔(みの)る、同「秊」◆農作物を収穫してから次の収穫期までの期間、四季(二十四節気)を一巡する期間、year◆誕生してから生きてその誕生日を通り過ぎた回; 金:◆黄金・白銀・赤銅・青銅・青鉛・黒鉄などの総称、金属の総称◆(黄金のように)黄色い、輝く、美しい、貴重な、(金属のように)堅い◆金属製のもの◆銭(ぜに)、またそ
kk_幼稚園_ようちえん,幼稚園,ようちえん,幼:◆十分に年を経(へ)ていないさま◆十分な程度に達していないさま、未熟なさま◆(幼い子を大切に育てるように)たっぷりの愛情を込めて慈(いつく)しむ; 稚:◆芽生えたばかりの幼い穀物、同「䕌」「稺」「䄺」、「【集韻:卷七:去聲上:至第六:稺𥣦稚䄺䕌】說文幼禾也或不省亦作稚䄺䕌搱摴蒱采名通作雉」◆幼い子、「稚子(チシ; 園:◆周りを垣や柵などで囲った(樹木・果樹などの)畑、「【說文解字:囗部:園】所以樹果也」◆周りを垣や柵などで囲った広い庭、またそのような庭のある邸宅、またそのよう,N5,on,on+on+on,A4_multi_on(on+on+on 65%),幼:◆十分に年を経(へ)ていないさま◆十分な程度に達していないさま、未熟なさま◆(幼い子を大切に育てるように)たっぷりの愛情を込めて慈(いつく)しむ; 稚:◆芽生えたばかりの幼い穀物、同「䕌」「稺」「䄺」、「【集韻:卷七:去聲上:至第六:稺𥣦稚䄺䕌】說文幼禾也或不省亦作稚䄺䕌搱摴蒱采名通作雉」◆幼い子、「稚子(チシ; 園:◆周りを垣や柵などで囲った(樹木・果樹などの)畑、「【說文解字:囗部:園】所以樹果也」◆周りを垣や柵などで囲った広い庭、またそのような庭のある邸宅、またそのよう
kk_幾つ_いくつ,幾つ,いくつ,幾:◆微(かす)か、僅(わず)か◆殆(ほとん)ど、数や程度などがほぼ等しい(それに近い)、今にも、もう少しで、もう少しのところで、同「𧰙」「危」◆いく・つ、どれ程、,N5,kun,kun,IL1_okurigana(kun 96%) | IL2_single_okuri(kun 96%),幾:◆微(かす)か、僅(わず)か◆殆(ほとん)ど、数や程度などがほぼ等しい(それに近い)、今にも、もう少しで、もう少しのところで、同「𧰙」「危」◆いく・つ、どれ程、
kk_幾ら_いくら,幾ら,いくら,幾:◆微(かす)か、僅(わず)か◆殆(ほとん)ど、数や程度などがほぼ等しい(それに近い)、今にも、もう少しで、もう少しのところで、同「𧰙」「危」◆いく・つ、どれ程、,N5,kun,kun,IL1_okurigana(kun 96%) | IL2_single_okuri(kun 96%),幾:◆微(かす)か、僅(わず)か◆殆(ほとん)ど、数や程度などがほぼ等しい(それに近い)、今にも、もう少しで、もう少しのところで、同「𧰙」「危」◆いく・つ、どれ程、
kk_広い_ひろい,広い,ひろい,広:◆周りに壁がなく天井が高い大きな建物、周りに遮(さえぎ)るものがなく大きく開(ひら)けているところ◆中心から外方向に大きい、四方八方に行き渡る◆左右・東西など横,N5,kun,kun,IL1_okurigana(kun 96%) | IL2_single_okuri(kun 96%) | B_noun_rad_广(kun 93%),広:◆周りに壁がなく天井が高い大きな建物、周りに遮(さえぎ)るものがなく大きく開(ひら)けているところ◆中心から外方向に大きい、四方八方に行き渡る◆左右・東西など横
kk_広告_こうこく,広告,こうこく,広:◆周りに壁がなく天井が高い大きな建物、周りに遮(さえぎ)るものがなく大きく開(ひら)けているところ◆中心から外方向に大きい、四方八方に行き渡る◆左右・東西など横; 告:◆(下位者が上位者に、また人に)～であると(～であることを)知らせる、伝える、「報告(ホウコク)」、上位者が下位者に対して告げるのは「誥」◆上位者が下位者に知ら,N5,on,on+on,B_noun_rad_广(kun 93%),広:◆周りに壁がなく天井が高い大きな建物、周りに遮(さえぎ)るものがなく大きく開(ひら)けているところ◆中心から外方向に大きい、四方八方に行き渡る◆左右・東西など横; 告:◆(下位者が上位者に、また人に)～であると(～であることを)知らせる、伝える、「報告(ホウコク)」、上位者が下位者に対して告げるのは「誥」◆上位者が下位者に知ら
kk_店_みせ,店,みせ,店:◆みせ、物を並べ売る建物、「一定の場所を占めて商売する屋根(广)のある所」の意◆たな、商品を並べる陳列棚、売り手と買い手を隔(へだ)てるカウンター、同「坫」◆[,N5,kun,kun,IL2_single_default(kun 84%) | B_noun_rad_广(kun 93%),店:◆みせ、物を並べ売る建物、「一定の場所を占めて商売する屋根(广)のある所」の意◆たな、商品を並べる陳列棚、売り手と買い手を隔(へだ)てるカウンター、同「坫」◆[
kk_座る_すわる,座る,すわる,座:◆腰を据(す)える席や場所・位置、「座席(ザセキ)」◆ものを載せる台◆定まっている位置や場所、「星座(セイザ)」◆山や建物など(どっしりと据えられているもの)を,N5,kun,kun,IL1_okurigana(kun 96%) | IL2_single_okuri(kun 96%) | B_noun_rad_广(kun 93%),座:◆腰を据(す)える席や場所・位置、「座席(ザセキ)」◆ものを載せる台◆定まっている位置や場所、「星座(セイザ)」◆山や建物など(どっしりと据えられているもの)を
kk_庭_にわ,庭,にわ,庭:◆堂(ドウ、大きな建物、母屋おもや)の正面階段前の平らに整地された広場、同「廷」◆宮中、役所や裁判所(廷)、またその敷地内の平らに整地された広場、同「廷」◆広い,N5,kun,kun,IL2_single_default(kun 84%) | B_noun_rad_广(kun 93%),庭:◆堂(ドウ、大きな建物、母屋おもや)の正面階段前の平らに整地された広場、同「廷」◆宮中、役所や裁判所(廷)、またその敷地内の平らに整地された広場、同「廷」◆広い
kk_廊下_ろうか,廊下,ろうか,廊:◆建物や部屋の間に設けた屋根のある通路◆「廊廟(ロウビョウ)」、政(まつりごと)を行う宮城(キュウジョウ)正面の建物、正殿(セイデン); 下:◆位置・場所・地位などが低い、低い方にある◆低い方に移る、降りる、落ちる◆順序・時間などが後(あと)、後の方にある◆後の方に移る、後(うし)ろの方へ退く◆等級・,N5,on,on+on,A3_short_compound(on+on 71%) | B_noun_rad_广(kun 93%),廊:◆建物や部屋の間に設けた屋根のある通路◆「廊廟(ロウビョウ)」、政(まつりごと)を行う宮城(キュウジョウ)正面の建物、正殿(セイデン); 下:◆位置・場所・地位などが低い、低い方にある◆低い方に移る、降りる、落ちる◆順序・時間などが後(あと)、後の方にある◆後の方に移る、後(うし)ろの方へ退く◆等級・
kk_建物_たてもの,建物,たてもの,建:◆(建造物を)しっかりと立てる、造(つく)る、作り上げる◆(法律などを)しっかりと定める◆意見を申し立てる◆北斗七星の柄(え)の指す方向、「建寅(ケンイン、夏暦; 物:◆(天地の間に存在する)人以外の形のあるもの、人は「者」、形のないものは「事」,N5,kun,kun+kun~,B_noun_rad_牛(kun 93%),建:◆(建造物を)しっかりと立てる、造(つく)る、作り上げる◆(法律などを)しっかりと定める◆意見を申し立てる◆北斗七星の柄(え)の指す方向、「建寅(ケンイン、夏暦; 物:◆(天地の間に存在する)人以外の形のあるもの、人は「者」、形のないものは「事」
kk_弁当_べんとう,弁当,べんとう,弁:◆頭に被(かぶ)る冠(かんむり)や帽子、冕(ベン、高位の人の正装用の冠)なども含む、同「㝸」「𢍍」◆冠を被(かぶ)る、同「𠭛」◆元服(ゲンプク、男子が成人したこ; 当:◆正面からぶつかる、正面から向き合う、相対する、同「噹」◆適合する、相応しい◆受け持つ、引き受ける◆そうするべき、そうあるべき◆この(this)、今、此処(ここ,N5,on,on+on,,弁:◆頭に被(かぶ)る冠(かんむり)や帽子、冕(ベン、高位の人の正装用の冠)なども含む、同「㝸」「𢍍」◆冠を被(かぶ)る、同「𠭛」◆元服(ゲンプク、男子が成人したこ; 当:◆正面からぶつかる、正面から向き合う、相対する、同「噹」◆適合する、相応しい◆受け持つ、引き受ける◆そうするべき、そうあるべき◆この(this)、今、此処(ここ
kk_引く_ひく,引く,ひく,引:◆(弓の弦iに指を掛け、ぐいと)手前に寄せる、「向こうへぐいと押しやる」とは逆の動きをいう◆ぐいと伸ばす、「引領(インレイ、首を伸ばす、首を伸ばして待ち受ける),N5,kun,kun,IL1_okurigana(kun 96%) | IL2_single_okuri(kun 96%),引:◆(弓の弦iに指を掛け、ぐいと)手前に寄せる、「向こうへぐいと押しやる」とは逆の動きをいう◆ぐいと伸ばす、「引領(インレイ、首を伸ばす、首を伸ばして待ち受ける)
kk_弟_おとうと,弟,おとうと,弟:◆同じ親を持つ自分よりも後から生まれた男子、同「𠂖」、先に生まれた男子は「兄」◆年長者や兄姉を敬い従う、同「悌」◆「弟靡(テイビ)」、逆らうことなく従う、「【莊,N5,kun,kun,IL2_single_default(kun 84%),弟:◆同じ親を持つ自分よりも後から生まれた男子、同「𠂖」、先に生まれた男子は「兄」◆年長者や兄姉を敬い従う、同「悌」◆「弟靡(テイビ)」、逆らうことなく従う、「【莊
kk_弱い_よわい,弱い,よわい,弱:◆(何かをするために必要な)力が十分でない、力が足りない、力が劣(おと)っている、力強さがない◆やや足りない、やや及ばない◆衰(おとろ)える、力強さがなくなる◆,N5,kun,kun,IL1_okurigana(kun 96%) | IL2_single_okuri(kun 96%),弱:◆(何かをするために必要な)力が十分でない、力が足りない、力が劣(おと)っている、力強さがない◆やや足りない、やや及ばない◆衰(おとろ)える、力強さがなくなる◆
kk_張る_はる,張る,はる,張:◆弓や弦楽器の弦(ゲン、つる)を弛(たる)まないように掛ける、二点間に糸や網などを渡す◆弛(ゆる)みがないようにぴんと伸ばす、皺(しわ)にならないようにぴんと延,N5,kun,kun,IL1_okurigana(kun 96%) | IL2_single_okuri(kun 96%),張:◆弓や弦楽器の弦(ゲン、つる)を弛(たる)まないように掛ける、二点間に糸や網などを渡す◆弛(ゆる)みがないようにぴんと伸ばす、皺(しわ)にならないようにぴんと延
kk_強い_つよい,強い,つよい,強:◆堅(かた)く曲がったり歪(ゆが)んだり弛(ゆる)んだりすることがないさま、どんな力にも揺(ゆら)らがないさま◆力や勢いがあるさま、体力・気力が漲(みなぎ)って,N5,kun,kun,IL1_okurigana(kun 96%) | IL2_single_okuri(kun 96%),強:◆堅(かた)く曲がったり歪(ゆが)んだり弛(ゆる)んだりすることがないさま、どんな力にも揺(ゆら)らがないさま◆力や勢いがあるさま、体力・気力が漲(みなぎ)って
kk_弾く_ひく,弾く,ひく,弾:◆弓の弦(ゲン、つる)を大きく引き絞って矢を射(い)る、弦楽器を鳴らす、弦を引いたり引っ掛けたりしたした後にぱっと放す動き、またそれによって起こる振動や音を指す,N5,kun,kun,IL1_okurigana(kun 96%) | IL2_single_okuri(kun 96%),弾:◆弓の弦(ゲン、つる)を大きく引き絞って矢を射(い)る、弦楽器を鳴らす、弦を引いたり引っ掛けたりしたした後にぱっと放す動き、またそれによって起こる振動や音を指す
kk_待つ_まつ,待つ,まつ,待:◆その人・時間・機会などが来るまで(その状態になるまで)その場に止(とど)まる、同「𥩳」◆持て成す(もてなす)、準備を整えて応接する、心を尽くして応対する◆「不,N5,kun,kun,IL1_okurigana(kun 96%) | IL2_single_okuri(kun 96%),待:◆その人・時間・機会などが来るまで(その状態になるまで)その場に止(とど)まる、同「𥩳」◆持て成す(もてなす)、準備を整えて応接する、心を尽くして応対する◆「不
kk_後_あと,後,あと,後:◆位置的には背の方向、時間的には未来の方向、順位・順序では下位の方向、逆は「前」「先」◆遅れる、遅れて来る◆家を継ぐ子、子孫◆簡「后」,N5,kun,kun,IL2_single_default(kun 84%),後:◆位置的には背の方向、時間的には未来の方向、順位・順序では下位の方向、逆は「前」「先」◆遅れる、遅れて来る◆家を継ぐ子、子孫◆簡「后」
kk_後ろ_うしろ,後ろ,うしろ,後:◆位置的には背の方向、時間的には未来の方向、順位・順序では下位の方向、逆は「前」「先」◆遅れる、遅れて来る◆家を継ぐ子、子孫◆簡「后」,N5,kun,kun,IL1_okurigana(kun 96%) | IL2_single_okuri(kun 96%),後:◆位置的には背の方向、時間的には未来の方向、順位・順序では下位の方向、逆は「前」「先」◆遅れる、遅れて来る◆家を継ぐ子、子孫◆簡「后」
kk_忘れる_わすれる,忘れる,わすれる,忘:◆知っていたこと・覚えていたこと・為すべきことを思い出せない、失念する,N5,kun,kun,IL1_okurigana(kun 96%) | IL2_single_okuri(kun 96%),忘:◆知っていたこと・覚えていたこと・為すべきことを思い出せない、失念する
kk_忙しい_いそがしい,忙しい,いそがしい,忙:◆あれこれとすべきことが多い、すべきことが多くゆとりがない、同「慌」「恾」◆「急忙(キュウボウ、ジィマン)」、慌(あわただ)しいさま、他のことは差し置いて急ぐさ,N5,kun,kun,IL1_okurigana(kun 96%) | IL2_single_okuri(kun 96%),忙:◆あれこれとすべきことが多い、すべきことが多くゆとりがない、同「慌」「恾」◆「急忙(キュウボウ、ジィマン)」、慌(あわただ)しいさま、他のことは差し置いて急ぐさ
kk_思う_おもう,思う,おもう,思:◆心の中で考える、心に浮かぶ、心に浮かべる、想(おも)う、「思慮(シリョ、あれこれと思いや考えを巡らすこと)」「相思(ソウシ、互いに相手を思うこと、思い合うこと,N5,kun,kun,IL1_okurigana(kun 96%) | IL2_single_okuri(kun 96%),思:◆心の中で考える、心に浮かぶ、心に浮かべる、想(おも)う、「思慮(シリョ、あれこれと思いや考えを巡らすこと)」「相思(ソウシ、互いに相手を思うこと、思い合うこと
kk_急ぐ_いそぐ,急ぐ,いそぐ,急:◆ゆとりがないさま、余裕がないさま、ゆったりとしていないさま◆せ・く、気持ちにゆとりがない、忙(せわ)しい◆いそ・ぐ、間(マ)を置かずに動く、早く動く、せかせか,N5,kun,kun,IL1_okurigana(kun 96%) | IL2_single_okuri(kun 96%),急:◆ゆとりがないさま、余裕がないさま、ゆったりとしていないさま◆せ・く、気持ちにゆとりがない、忙(せわ)しい◆いそ・ぐ、間(マ)を置かずに動く、早く動く、せかせか
kk_悩む_なやむ,悩む,なやむ,悩:◆なや・む、迷い苦しむ、心が乱れる,N5,kun,kun,IL1_okurigana(kun 96%) | IL2_single_okuri(kun 96%),悩:◆なや・む、迷い苦しむ、心が乱れる
kk_悪い_わるい,悪い,わるい,悪:◆良くない、劣る、好ましくない◆憎む、好ましくない(良くない)感情を抱く◆不快な、不吉な◆忌(いま)まわしい、醜(みにく)い、またそのように行い◆道を誤る、道義,N5,kun,kun,IL1_okurigana(kun 96%) | IL2_single_okuri(kun 96%),悪:◆良くない、劣る、好ましくない◆憎む、好ましくない(良くない)感情を抱く◆不快な、不吉な◆忌(いま)まわしい、醜(みにく)い、またそのように行い◆道を誤る、道義
kk_意味_いみ,意味,いみ,意:◆心の中にあって外(言葉や態度・行動など)には出さない思いや考え、心の動きや働き、気持ち◆物事の内にあって表には現れ出ないもの、内に込められているもの; 味:◆舌で感じる、舌の感覚◆「五味(ゴミ)」、舌の感覚(味)を五つに大別したもの、酸(酸っぱい味)苦(苦い味)辛(辛い味)鹹(塩辛い味)甘(甘い味)、「【禮記注疏(,N5,on,on+on,A3_short_compound(on+on 71%),意:◆心の中にあって外(言葉や態度・行動など)には出さない思いや考え、心の動きや働き、気持ち◆物事の内にあって表には現れ出ないもの、内に込められているもの; 味:◆舌で感じる、舌の感覚◆「五味(ゴミ)」、舌の感覚(味)を五つに大別したもの、酸(酸っぱい味)苦(苦い味)辛(辛い味)鹹(塩辛い味)甘(甘い味)、「【禮記注疏(
kk_成る_なる,成る,なる,成:◆為(な)す、形や状態などを変えようとする、また変わろうとする◆本来の形や状態になる、目的・目標を持って働き、当初の目的・目標に達する、出来上がる、仕上がる、「,N5,kun,kun,IL1_okurigana(kun 96%) | IL2_single_okuri(kun 96%),成:◆為(な)す、形や状態などを変えようとする、また変わろうとする◆本来の形や状態になる、目的・目標を持って働き、当初の目的・目標に達する、出来上がる、仕上がる、「
kk_成立_せいりつ,成立,せいりつ,成:◆為(な)す、形や状態などを変えようとする、また変わろうとする◆本来の形や状態になる、目的・目標を持って働き、当初の目的・目標に達する、出来上がる、仕上がる、「; 立:◆地(チ、地面、土台、基盤)に足を着け垂直にする、また垂直になる、地から上に向かって伸ばす、また伸びる◆しっかりとした土台を築いてその上にものを作り上げて行く、,N5,on,on+on,,成:◆為(な)す、形や状態などを変えようとする、また変わろうとする◆本来の形や状態になる、目的・目標を持って働き、当初の目的・目標に達する、出来上がる、仕上がる、「; 立:◆地(チ、地面、土台、基盤)に足を着け垂直にする、また垂直になる、地から上に向かって伸ばす、また伸びる◆しっかりとした土台を築いてその上にものを作り上げて行く、
kk_戸_と,戸,と,戸:◆開閉ができる外と内の仕切り、家や部屋の出入り口の片開きの扉、門内の建物の出入り口の扉、同「㦿」「𣥘」、大きな建物の出入り口の両開きの扉は「扉」、「【康熙字典:,N5,kun,kun,IL2_single_default(kun 84%),戸:◆開閉ができる外と内の仕切り、家や部屋の出入り口の片開きの扉、門内の建物の出入り口の扉、同「㦿」「𣥘」、大きな建物の出入り口の両開きの扉は「扉」、「【康熙字典:
kk_所_ところ,所,ところ,所:◆処(ところ)、ものがある場また位置(要所・箇所など)、ことをする場また位置(住所・裁判所など)◆～のこと、「所感(感じること)」「所存(考え思っていること)◆,N5,kun,kun,IL2_single_default(kun 84%),所:◆処(ところ)、ものがある場また位置(要所・箇所など)、ことをする場また位置(住所・裁判所など)◆～のこと、「所感(感じること)」「所存(考え思っていること)◆
kk_手_て,手,て,手:◆体や物体の一部で、胴から分かれ出て伸び、持つ・握る・叩く・ものを作る・操作するなどの機能を持つ部分、掌(たなごころ)と指を合わせた全体、腕の先の部分 ◆自(み,N5,kun,kun,IL2_single_default(kun 84%) | B_verb_rad_手(kun 80%),手:◆体や物体の一部で、胴から分かれ出て伸び、持つ・握る・叩く・ものを作る・操作するなどの機能を持つ部分、掌(たなごころ)と指を合わせた全体、腕の先の部分 ◆自(み
kk_手洗い_てあらい,手洗い,てあらい,手:◆体や物体の一部で、胴から分かれ出て伸び、持つ・握る・叩く・ものを作る・操作するなどの機能を持つ部分、掌(たなごころ)と指を合わせた全体、腕の先の部分 ◆自(み; 洗:◆水で汚(よご)れや垢(あか)を落とす◆汚れが落ちてきれいになる◆手・指・足などの汚れを落とすために水を張る器,N5,kun,kun+kun,IL1_okurigana(kun 96%) | A1_compound_oku(kun 90%) | A1_on_kun_mix(on+kun 65%),手:◆体や物体の一部で、胴から分かれ出て伸び、持つ・握る・叩く・ものを作る・操作するなどの機能を持つ部分、掌(たなごころ)と指を合わせた全体、腕の先の部分 ◆自(み; 洗:◆水で汚(よご)れや垢(あか)を落とす◆汚れが落ちてきれいになる◆手・指・足などの汚れを落とすために水を張る器
kk_手紙_てがみ,手紙,てがみ,手:◆体や物体の一部で、胴から分かれ出て伸び、持つ・握る・叩く・ものを作る・操作するなどの機能を持つ部分、掌(たなごころ)と指を合わせた全体、腕の先の部分 ◆自(み; 紙:◆植物などの繊維を抄(す)き薄く平らにしたもの、paper,N5,other,mixed+mixed~,A3_short_compound(on+on 71%) | B_verb_rad_手(kun 80%),手:◆体や物体の一部で、胴から分かれ出て伸び、持つ・握る・叩く・ものを作る・操作するなどの機能を持つ部分、掌(たなごころ)と指を合わせた全体、腕の先の部分 ◆自(み; 紙:◆植物などの繊維を抄(す)き薄く平らにしたもの、paper
kk_押す_おす,押す,おす,押:◆手で力を加える、力を加え自由に動けないようにする、勝手に動かないようにする、拘束(コウソク)する◆署名(ショメイ)する、署名、自署(ジショ)、「押署(オウショ,N5,kun,kun,IL1_okurigana(kun 96%) | IL2_single_okuri(kun 96%) | B_verb_rad_手(kun 80%),押:◆手で力を加える、力を加え自由に動けないようにする、勝手に動かないようにする、拘束(コウソク)する◆署名(ショメイ)する、署名、自署(ジショ)、「押署(オウショ
kk_持つ_もつ,持つ,もつ,持:◆ぐっと握(にぎ)る、しっかりと掴(つか)む◆しっかりと守る、そのままの状態を保つ、「持久(ジキュウ、長く保ち続ける)」◆しっかりと支える、「支持(シジ)」◆「,N5,kun,kun,IL1_okurigana(kun 96%) | IL2_single_okuri(kun 96%) | B_verb_rad_手(kun 80%),持:◆ぐっと握(にぎ)る、しっかりと掴(つか)む◆しっかりと守る、そのままの状態を保つ、「持久(ジキュウ、長く保ち続ける)」◆しっかりと支える、「支持(シジ)」◆「
kk_振る_ふる,振る,ふる,振:◆揺(ゆ)する、揺るがす、揺り動かす◆揺すって奮(ふる)い起こす、また奮い立たせる◆励(はげ)ます、励まし救(すく)う◆盛んなさま、勢(いきお)いがあるさま、「,N5,kun,kun,IL1_okurigana(kun 96%) | IL2_single_okuri(kun 96%) | B_verb_rad_手(kun 80%),振:◆揺(ゆ)する、揺るがす、揺り動かす◆揺すって奮(ふる)い起こす、また奮い立たせる◆励(はげ)ます、励まし救(すく)う◆盛んなさま、勢(いきお)いがあるさま、「
kk_掃除_そうじ,掃除,そうじ,掃:◆箒(ほうき)などで埃(ほこり)や塵(ちり)などを払(はら)う、また払ってきれいにする、同「埽」◆払い除(の)ける; 除:◆そこにあるものを押し退(の)ける、押し退けて場所をあける◆取り払う、取り去る◆それまでの官職を解(と)いて新しい官職に就(つ)ける、「除官(ジョカン)」◆それ,N5,on,on+on,A3_short_compound(on+on 71%) | B_verb_rad_手(kun 80%),掃:◆箒(ほうき)などで埃(ほこり)や塵(ちり)などを払(はら)う、また払ってきれいにする、同「埽」◆払い除(の)ける; 除:◆そこにあるものを押し退(の)ける、押し退けて場所をあける◆取り払う、取り去る◆それまでの官職を解(と)いて新しい官職に就(つ)ける、「除官(ジョカン)」◆それ
kk_授業_じゅぎょう,授業,じゅぎょう,授:◆上位者が下位者に直接(手渡しで)与える、また教える、下位者が上位者から直接(手渡しで)賜(たまわ)る、また給(たま)わる; 業:◆鍾(ショウ)や磬(ケイ)などの打楽器を吊るすための横木(筍)の上の横板、吊るした楽器の位置が演奏中にずれないように凹みや突起がついていたという、「业」はそれを,N5,on,on+on,A3_short_compound(on+on 71%) | B_verb_rad_手(kun 80%) | B_noun_rad_木(kun 93%),授:◆上位者が下位者に直接(手渡しで)与える、また教える、下位者が上位者から直接(手渡しで)賜(たまわ)る、また給(たま)わる; 業:◆鍾(ショウ)や磬(ケイ)などの打楽器を吊るすための横木(筍)の上の横板、吊るした楽器の位置が演奏中にずれないように凹みや突起がついていたという、「业」はそれを
kk_掛かる_かかる,掛かる,かかる,掛:◆引っ懸(か)ける、ものの上に置いて両方また片方を垂らす、ぶら下げる、同「挂」◆引っ懸かる、気になって心に(目に)止まる◆簡「挂」◆[日]体や物を斜めにしてその,N5,kun,kun,IL1_okurigana(kun 96%) | IL2_single_okuri(kun 96%) | B_verb_rad_手(kun 80%),掛:◆引っ懸(か)ける、ものの上に置いて両方また片方を垂らす、ぶら下げる、同「挂」◆引っ懸かる、気になって心に(目に)止まる◆簡「挂」◆[日]体や物を斜めにしてその
kk_掛ける_かける,掛ける,かける,掛:◆引っ懸(か)ける、ものの上に置いて両方また片方を垂らす、ぶら下げる、同「挂」◆引っ懸かる、気になって心に(目に)止まる◆簡「挂」◆[日]体や物を斜めにしてその,N5,kun,kun,IL1_okurigana(kun 96%) | IL2_single_okuri(kun 96%) | B_verb_rad_手(kun 80%),掛:◆引っ懸(か)ける、ものの上に置いて両方また片方を垂らす、ぶら下げる、同「挂」◆引っ懸かる、気になって心に(目に)止まる◆簡「挂」◆[日]体や物を斜めにしてその
kk_探す_さがす,探す,さがす,探:◆さぐ・る、奥まで手を伸ばし入れて確かめる、また調べる◆さが・す、遠くまで出かけて確かめる、また調べる◆尋(たず)ねる、尋ね求める,N5,kun,kun,IL1_okurigana(kun 96%) | IL2_single_okuri(kun 96%) | B_verb_rad_手(kun 80%),探:◆さぐ・る、奥まで手を伸ばし入れて確かめる、また調べる◆さが・す、遠くまで出かけて確かめる、また調べる◆尋(たず)ねる、尋ね求める
kk_提案_ていあん,提案,ていあん,提:◆さ・げる、垂らすようにして持つ、下げるようにして持つ◆持ち上げる、引き上げる◆(話や課題などを)取り上げる、持ち出す、「提起(テイキ)」「提案(テイアン)」◆; 案:◆机、テーブルtable、方形で比較的小さなものや低いものを指す、料理を載(の)せる脚付きの台や座った時に肘(ひじ)などを載せて体を凭(もた)れ掛ける脇息(キョ,N5,on,on+on,B_verb_rad_手(kun 80%) | B_noun_rad_木(kun 93%),提:◆さ・げる、垂らすようにして持つ、下げるようにして持つ◆持ち上げる、引き上げる◆(話や課題などを)取り上げる、持ち出す、「提起(テイキ)」「提案(テイアン)」◆; 案:◆机、テーブルtable、方形で比較的小さなものや低いものを指す、料理を載(の)せる脚付きの台や座った時に肘(ひじ)などを載せて体を凭(もた)れ掛ける脇息(キョ
kk_撮る_とる,撮る,とる,撮:◆つま・む、二本(或いは三本)の指で掴(つか)む、指先や箸などの長いものを使って寄せ集めて掴み上げる、摘(つ)まむ、同「摘」「抓」◆多くのものの内から一部分或い,N5,kun,kun,IL1_okurigana(kun 96%) | IL2_single_okuri(kun 96%) | B_verb_rad_手(kun 80%),撮:◆つま・む、二本(或いは三本)の指で掴(つか)む、指先や箸などの長いものを使って寄せ集めて掴み上げる、摘(つ)まむ、同「摘」「抓」◆多くのものの内から一部分或い
kk_故郷/古里_ふるさと,故郷/古里,ふるさと,"故:◆古い、以前の、同「古」◆古くから、以前から◆古くからの～、以前からの～◆死ぬ、亡(な)くなる◆～の為に～、～という理由で～、～が原因で～◆理由、原因◆(思い掛; 郷:◆都から離れた土地、(特に地方の)町村、田舎◆出生地、「故郷(コキョウ、ふるさと)」◆中国周代では12,500戸を単位とする行政区画、「【前漢書:卷二十四上:食; 古:◆以前、昔(むかし)、以前の、昔の、同「故」◆長い時を経(へ)ているさま",N5,other,mixed+mixed+mixed+mixed~,A4_multi_on(on+on+on+on 65%),"故:◆古い、以前の、同「古」◆古くから、以前から◆古くからの～、以前からの～◆死ぬ、亡(な)くなる◆～の為に～、～という理由で～、～が原因で～◆理由、原因◆(思い掛; 郷:◆都から離れた土地、(特に地方の)町村、田舎◆出生地、「故郷(コキョウ、ふるさと)」◆中国周代では12,500戸を単位とする行政区画、「【前漢書:卷二十四上:食; 古:◆以前、昔(むかし)、以前の、昔の、同「故」◆長い時を経(へ)ているさま"
kk_教える_おしえる,教える,おしえる,教:◆自分の持つ知識・技術などをそれを持たない他の人に授(さず)ける、また見習わせる、またその内容、教えを受け見て倣い習得することを「学」◆神仏の説く道、道を示し導,N5,kun,kun,IL1_okurigana(kun 96%) | IL2_single_okuri(kun 96%),教:◆自分の持つ知識・技術などをそれを持たない他の人に授(さず)ける、また見習わせる、またその内容、教えを受け見て倣い習得することを「学」◆神仏の説く道、道を示し導
kk_教室_きょうしつ,教室,きょうしつ,教:◆自分の持つ知識・技術などをそれを持たない他の人に授(さず)ける、また見習わせる、またその内容、教えを受け見て倣い習得することを「学」◆神仏の説く道、道を示し導; 室:◆奥の部屋、堂(ドウ、南側の広間)の後ろ(北側、北側中央)の部屋、家人が日常起居(キキョ)する部屋◆部屋、房間(ボウカン)、屋子(オクシ)◆家、住居、またそこで,N5,on,on+on,B_noun_rad_宀(kun 93%),教:◆自分の持つ知識・技術などをそれを持たない他の人に授(さず)ける、また見習わせる、またその内容、教えを受け見て倣い習得することを「学」◆神仏の説く道、道を示し導; 室:◆奥の部屋、堂(ドウ、南側の広間)の後ろ(北側、北側中央)の部屋、家人が日常起居(キキョ)する部屋◆部屋、房間(ボウカン)、屋子(オクシ)◆家、住居、またそこで
kk_散歩_さんぽ,散歩,さんぽ,散:◆分け離す、固まっていたり纏(まと)まっていたりしたものをばらばらにする、同「㪔」◆束縛する力がなくなってばらばらになる、ばらばらになってあちこちに広がる◆あち; 歩:◆片足を地に着け止め、残る片足を前に運んで止める、という動作を左右の足で交互に繰り返す、この動作を速く繰り返すことを「走」◆物事が前に進む、またその進み具合◆左,N5,other,mixed+mixed~,A3_short_compound(on+on 71%),散:◆分け離す、固まっていたり纏(まと)まっていたりしたものをばらばらにする、同「㪔」◆束縛する力がなくなってばらばらになる、ばらばらになってあちこちに広がる◆あち; 歩:◆片足を地に着け止め、残る片足を前に運んで止める、という動作を左右の足で交互に繰り返す、この動作を速く繰り返すことを「走」◆物事が前に進む、またその進み具合◆左
kk_数_かず,数,かず,数:◆かず、同種のもの(繰り返されるもの)の多少を表す語◆かぞ・える、一つ二つ(一回二回)と計算する、またその多少◆細かい、煩(わずら)わしい◆しばしば、同じことを,N5,kun,kun,IL2_single_default(kun 84%),数:◆かず、同種のもの(繰り返されるもの)の多少を表す語◆かぞ・える、一つ二つ(一回二回)と計算する、またその多少◆細かい、煩(わずら)わしい◆しばしば、同じことを
kk_数字_すうじ,数字,すうじ,数:◆かず、同種のもの(繰り返されるもの)の多少を表す語◆かぞ・える、一つ二つ(一回二回)と計算する、またその多少◆細かい、煩(わずら)わしい◆しばしば、同じことを; 字:◆子を生む、生まれた子を慈(いつく)しみ育てる、同「𡥜」◆あざな、成人時に名付ける本名以外の名、男子は二十歳で成人とし初めて冠を被り、女子は許嫁(キョカ、いいな,N5,on,on+on,A3_short_compound(on+on 71%),数:◆かず、同種のもの(繰り返されるもの)の多少を表す語◆かぞ・える、一つ二つ(一回二回)と計算する、またその多少◆細かい、煩(わずら)わしい◆しばしば、同じことを; 字:◆子を生む、生まれた子を慈(いつく)しみ育てる、同「𡥜」◆あざな、成人時に名付ける本名以外の名、男子は二十歳で成人とし初めて冠を被り、女子は許嫁(キョカ、いいな
kk_整理_せいり,整理,せいり,整:◆きちんとした状態や形にする、歪(ゆが)みや曲がりや乱れや偏(かたよ)りがないようにする、過不足がないように(凸凹がないように)する◆あるべき(本来の)状態や形; 理:◆玉(ギョク、大変美しい石)の筋目(すじめ)、規則正しく並んだ筋目◆物事の正しい筋道◆筋道を立てる、また立っている、筋を通す、また通っている◆筋道に沿って判断す,N5,on,on+on,A3_short_compound(on+on 71%),整:◆きちんとした状態や形にする、歪(ゆが)みや曲がりや乱れや偏(かたよ)りがないようにする、過不足がないように(凸凹がないように)する◆あるべき(本来の)状態や形; 理:◆玉(ギョク、大変美しい石)の筋目(すじめ)、規則正しく並んだ筋目◆物事の正しい筋道◆筋道を立てる、また立っている、筋を通す、また通っている◆筋道に沿って判断す
kk_文章_ぶんしょう,文章,ぶんしょう,文:◆紋様や図形、「天文(テンブン、テンモン)」◆多くの人にとって共通の意味を持つ紋様や図形、「文字(モジ、モンジ)」、古くは象形文字(ものの形を象った字、「宀」「; 章:◆楽曲・詩文・法令などの一纏(ひとまと)まりごとに設ける区切り◆織物や刺繍などの紋様◆明らか、明らかにする、はっきりと分かる◆(はっきりと分かるようにする)印鑑,N5,on,on+on,,文:◆紋様や図形、「天文(テンブン、テンモン)」◆多くの人にとって共通の意味を持つ紋様や図形、「文字(モジ、モンジ)」、古くは象形文字(ものの形を象った字、「宀」「; 章:◆楽曲・詩文・法令などの一纏(ひとまと)まりごとに設ける区切り◆織物や刺繍などの紋様◆明らか、明らかにする、はっきりと分かる◆(はっきりと分かるようにする)印鑑
kk_料理_りょうり,料理,りょうり,料:◆升(ます、枡)で米などの物の嵩(かさ)を量(はか)る◆人や物の資質(シシツ)を量る、推(お)し量る、見当を付ける◆ものを作る際に量を決めて使うもの、それを使っ; 理:◆玉(ギョク、大変美しい石)の筋目(すじめ)、規則正しく並んだ筋目◆物事の正しい筋道◆筋道を立てる、また立っている、筋を通す、また通っている◆筋道に沿って判断す,N5,on,on+on,A3_short_compound(on+on 71%),料:◆升(ます、枡)で米などの物の嵩(かさ)を量(はか)る◆人や物の資質(シシツ)を量る、推(お)し量る、見当を付ける◆ものを作る際に量を決めて使うもの、それを使っ; 理:◆玉(ギョク、大変美しい石)の筋目(すじめ)、規則正しく並んだ筋目◆物事の正しい筋道◆筋道を立てる、また立っている、筋を通す、また通っている◆筋道に沿って判断す
kk_新しい_あたらしい,新しい,あたらしい,新:◆切ったばかりの木、切ったばかりで何の手も加えられていない木◆それまでにはなかった形状・状態・様子・性質になるさま、それまではなかったものが初めて現れるさま◆改,N5,kun,kun,IL1_okurigana(kun 96%) | IL2_single_okuri(kun 96%),新:◆切ったばかりの木、切ったばかりで何の手も加えられていない木◆それまでにはなかった形状・状態・様子・性質になるさま、それまではなかったものが初めて現れるさま◆改
kk_新年_しんねん,新年,しんねん,新:◆切ったばかりの木、切ったばかりで何の手も加えられていない木◆それまでにはなかった形状・状態・様子・性質になるさま、それまではなかったものが初めて現れるさま◆改; 年:◆穀物が稔(みの)る、同「秊」◆農作物を収穫してから次の収穫期までの期間、四季(二十四節気)を一巡する期間、year◆誕生してから生きてその誕生日を通り過ぎた回,N5,on,on+on,,新:◆切ったばかりの木、切ったばかりで何の手も加えられていない木◆それまでにはなかった形状・状態・様子・性質になるさま、それまではなかったものが初めて現れるさま◆改; 年:◆穀物が稔(みの)る、同「秊」◆農作物を収穫してから次の収穫期までの期間、四季(二十四節気)を一巡する期間、year◆誕生してから生きてその誕生日を通り過ぎた回
kk_新聞_しんぶん,新聞,しんぶん,新:◆切ったばかりの木、切ったばかりで何の手も加えられていない木◆それまでにはなかった形状・状態・様子・性質になるさま、それまではなかったものが初めて現れるさま◆改; 聞:◆(声や音や噂うわさや知らせなどが)耳に届く、耳に伝わってくる、「【說文解字注:耳部:聞】知聲也(往曰聽來曰聞…)[†「こちらから聞く」ことを「聽」、「向こうか,N5,on,on+on,,新:◆切ったばかりの木、切ったばかりで何の手も加えられていない木◆それまでにはなかった形状・状態・様子・性質になるさま、それまではなかったものが初めて現れるさま◆改; 聞:◆(声や音や噂うわさや知らせなどが)耳に届く、耳に伝わってくる、「【說文解字注:耳部:聞】知聲也(往曰聽來曰聞…)[†「こちらから聞く」ことを「聽」、「向こうか
kk_新鮮_しんせん,新鮮,しんせん,新:◆切ったばかりの木、切ったばかりで何の手も加えられていない木◆それまでにはなかった形状・状態・様子・性質になるさま、それまではなかったものが初めて現れるさま◆改; 鮮:◆新たに捌いたばかりの魚や肉◆新しく瑞々(みずみず)しいさま、艶々(つやつや)として干乾(ひから)びたり腐ったりしていないさま◆くすみや汚(けが)れがないさま、,N5,on,on+on,B_noun_rad_魚(kun 93%),新:◆切ったばかりの木、切ったばかりで何の手も加えられていない木◆それまでにはなかった形状・状態・様子・性質になるさま、それまではなかったものが初めて現れるさま◆改; 鮮:◆新たに捌いたばかりの魚や肉◆新しく瑞々(みずみず)しいさま、艶々(つやつや)として干乾(ひから)びたり腐ったりしていないさま◆くすみや汚(けが)れがないさま、
kk_方_かた,方,かた,方:◆四角、四角いさま、角(かど)が直角になっているさま、「方形(ホウケイ)」◆数学で二つの数を掛け合わせた数(正方形・長方形の一つの角を成す二辺を掛け合わせた数),N5,kun,kun,IL2_single_default(kun 84%),方:◆四角、四角いさま、角(かど)が直角になっているさま、「方形(ホウケイ)」◆数学で二つの数を掛け合わせた数(正方形・長方形の一つの角を成す二辺を掛け合わせた数)
kk_方_ほう,方,ほう,方:◆四角、四角いさま、角(かど)が直角になっているさま、「方形(ホウケイ)」◆数学で二つの数を掛け合わせた数(正方形・長方形の一つの角を成す二辺を掛け合わせた数),N5,on,on,IL2_single_default(kun 84%),方:◆四角、四角いさま、角(かど)が直角になっているさま、「方形(ホウケイ)」◆数学で二つの数を掛け合わせた数(正方形・長方形の一つの角を成す二辺を掛け合わせた数)
kk_旅行_りょこう,旅行,りょこう,旅:◆兵士数を基にした軍隊の規模の単位、周朝(シュウ、西周、前11世紀～前771年)では500人を単位とした、「【周禮:卷第三:地官司徒】乃會萬民之卒伍而用之五人爲; 行:◆左足を前に出し(彳)次に右足を前に出す(亍)、足を交互に動かして前に進む◆目的とするところに向かって進む◆遠くに出掛ける、旅に出る◆道、人が往来する道路、同「,N5,on,on+on,A3_short_compound(on+on 71%),旅:◆兵士数を基にした軍隊の規模の単位、周朝(シュウ、西周、前11世紀～前771年)では500人を単位とした、「【周禮:卷第三:地官司徒】乃會萬民之卒伍而用之五人爲; 行:◆左足を前に出し(彳)次に右足を前に出す(亍)、足を交互に動かして前に進む◆目的とするところに向かって進む◆遠くに出掛ける、旅に出る◆道、人が往来する道路、同「
kk_日曜日_にちようび,日曜日,にちようび,日:◆太陽◆太陽が出ている間、昼間、夜明けから日没まで◆一昼夜、朝から次の朝まで、またその繰り返し、またその繰り返しを数える語◆候(コウ)、時節、頃(ケイ、ころ)◆; 曜:◆陽の光が明るく輝(かがや)く、眩(まばゆ)く輝く◆太陽・月と水金火木土星の七つの明るく光る天体、総称して「七曜(シチヨウ)」といい、これを一週間の各日に当てた; 日:◆太陽◆太陽が出ている間、昼間、夜明けから日没まで◆一昼夜、朝から次の朝まで、またその繰り返し、またその繰り返しを数える語◆候(コウ)、時節、頃(ケイ、ころ)◆,N5,on,on+on+on~,A4_multi_on(on+on+on 65%),日:◆太陽◆太陽が出ている間、昼間、夜明けから日没まで◆一昼夜、朝から次の朝まで、またその繰り返し、またその繰り返しを数える語◆候(コウ)、時節、頃(ケイ、ころ)◆; 曜:◆陽の光が明るく輝(かがや)く、眩(まばゆ)く輝く◆太陽・月と水金火木土星の七つの明るく光る天体、総称して「七曜(シチヨウ)」といい、これを一週間の各日に当てた; 日:◆太陽◆太陽が出ている間、昼間、夜明けから日没まで◆一昼夜、朝から次の朝まで、またその繰り返し、またその繰り返しを数える語◆候(コウ)、時節、頃(ケイ、ころ)◆
kk_日本_にほん,日本,にほん,日:◆太陽◆太陽が出ている間、昼間、夜明けから日没まで◆一昼夜、朝から次の朝まで、またその繰り返し、またその繰り返しを数える語◆候(コウ)、時節、頃(ケイ、ころ)◆; 本:◆木の根(ね)◆植物や物事の生まれ始まりの部分、ものの根源また起源、「本来(ホンライ、元々、初めから)」◆ものを支えているもの、基(もと)となるもの、拠(よ)り,N5,other,mixed+mixed~,A3_short_compound(on+on 71%) | B_noun_rad_木(kun 93%),日:◆太陽◆太陽が出ている間、昼間、夜明けから日没まで◆一昼夜、朝から次の朝まで、またその繰り返し、またその繰り返しを数える語◆候(コウ)、時節、頃(ケイ、ころ)◆; 本:◆木の根(ね)◆植物や物事の生まれ始まりの部分、ものの根源また起源、「本来(ホンライ、元々、初めから)」◆ものを支えているもの、基(もと)となるもの、拠(よ)り
kk_日本語_にほんご,日本語,にほんご,日:◆太陽◆太陽が出ている間、昼間、夜明けから日没まで◆一昼夜、朝から次の朝まで、またその繰り返し、またその繰り返しを数える語◆候(コウ)、時節、頃(ケイ、ころ)◆; 本:◆木の根(ね)◆植物や物事の生まれ始まりの部分、ものの根源また起源、「本来(ホンライ、元々、初めから)」◆ものを支えているもの、基(もと)となるもの、拠(よ)り; 語:◆他に向かって述べる、また告げる、考えや思い・言い伝えなどを話す◆意味を持つ言葉、話(はなし),N5,other,mixed+mixed+mixed~,A4_multi_on(on+on+on 65%) | B_noun_rad_木(kun 93%) | B_verb_rad_言(kun 80%),日:◆太陽◆太陽が出ている間、昼間、夜明けから日没まで◆一昼夜、朝から次の朝まで、またその繰り返し、またその繰り返しを数える語◆候(コウ)、時節、頃(ケイ、ころ)◆; 本:◆木の根(ね)◆植物や物事の生まれ始まりの部分、ものの根源また起源、「本来(ホンライ、元々、初めから)」◆ものを支えているもの、基(もと)となるもの、拠(よ)り; 語:◆他に向かって述べる、また告げる、考えや思い・言い伝えなどを話す◆意味を持つ言葉、話(はなし)
kk_早い_はやい,早い,はやい,早:◆いよいよ陽が昇り始めようとしていてまだ薄暗い頃、朝が明(あ)けようとする頃◆その時(時間、時期、頃合い)に至っていない◆本来の時よりも前に(先に)、前以って、,N5,kun,kun,IL1_okurigana(kun 96%) | IL2_single_okuri(kun 96%),早:◆いよいよ陽が昇り始めようとしていてまだ薄暗い頃、朝が明(あ)けようとする頃◆その時(時間、時期、頃合い)に至っていない◆本来の時よりも前に(先に)、前以って、
kk_明るい_あかるい,明るい,あかるい,明:◆(太陽や月の)光が差す、光が当たる、光を当てる◆光が当たってはっきりと見える(分かる)、誰の目にもはっきりとしている、はっきりとさせる◆隠されたところ(陰にな,N5,kun,kun,IL1_okurigana(kun 96%) | IL2_single_okuri(kun 96%),明:◆(太陽や月の)光が差す、光が当たる、光を当てる◆光が当たってはっきりと見える(分かる)、誰の目にもはっきりとしている、はっきりとさせる◆隠されたところ(陰にな
kk_明後日_あさって,明後日,あさって,明:◆(太陽や月の)光が差す、光が当たる、光を当てる◆光が当たってはっきりと見える(分かる)、誰の目にもはっきりとしている、はっきりとさせる◆隠されたところ(陰にな; 後:◆位置的には背の方向、時間的には未来の方向、順位・順序では下位の方向、逆は「前」「先」◆遅れる、遅れて来る◆家を継ぐ子、子孫◆簡「后」; 日:◆太陽◆太陽が出ている間、昼間、夜明けから日没まで◆一昼夜、朝から次の朝まで、またその繰り返し、またその繰り返しを数える語◆候(コウ)、時節、頃(ケイ、ころ)◆,N5,other,mixed+mixed+mixed~,A4_multi_on(on+on+on 65%),明:◆(太陽や月の)光が差す、光が当たる、光を当てる◆光が当たってはっきりと見える(分かる)、誰の目にもはっきりとしている、はっきりとさせる◆隠されたところ(陰にな; 後:◆位置的には背の方向、時間的には未来の方向、順位・順序では下位の方向、逆は「前」「先」◆遅れる、遅れて来る◆家を継ぐ子、子孫◆簡「后」; 日:◆太陽◆太陽が出ている間、昼間、夜明けから日没まで◆一昼夜、朝から次の朝まで、またその繰り返し、またその繰り返しを数える語◆候(コウ)、時節、頃(ケイ、ころ)◆
kk_明日_あした,明日,あした,明:◆(太陽や月の)光が差す、光が当たる、光を当てる◆光が当たってはっきりと見える(分かる)、誰の目にもはっきりとしている、はっきりとさせる◆隠されたところ(陰にな; 日:◆太陽◆太陽が出ている間、昼間、夜明けから日没まで◆一昼夜、朝から次の朝まで、またその繰り返し、またその繰り返しを数える語◆候(コウ)、時節、頃(ケイ、ころ)◆,N5,other,mixed+mixed~,A3_short_compound(on+on 71%),明:◆(太陽や月の)光が差す、光が当たる、光を当てる◆光が当たってはっきりと見える(分かる)、誰の目にもはっきりとしている、はっきりとさせる◆隠されたところ(陰にな; 日:◆太陽◆太陽が出ている間、昼間、夜明けから日没まで◆一昼夜、朝から次の朝まで、またその繰り返し、またその繰り返しを数える語◆候(コウ)、時節、頃(ケイ、ころ)◆
kk_易い_やすい,易い,やすい,易:◆換(か)える、替(か)える、代(か)える、交換する◆占いの書、また占いの法、「爻(コウ)」と呼ばれる「陽と「陰」の並びを換えながら組み合わせた「八卦」「六十四,N5,kun,kun,IL1_okurigana(kun 96%) | IL2_single_okuri(kun 96%),易:◆換(か)える、替(か)える、代(か)える、交換する◆占いの書、また占いの法、「爻(コウ)」と呼ばれる「陽と「陰」の並びを換えながら組み合わせた「八卦」「六十四
kk_易しい_やさしい,易しい,やさしい,易:◆換(か)える、替(か)える、代(か)える、交換する◆占いの書、また占いの法、「爻(コウ)」と呼ばれる「陽と「陰」の並びを換えながら組み合わせた「八卦」「六十四,N5,kun,kun,IL1_okurigana(kun 96%) | IL2_single_okuri(kun 96%),易:◆換(か)える、替(か)える、代(か)える、交換する◆占いの書、また占いの法、「爻(コウ)」と呼ばれる「陽と「陰」の並びを換えながら組み合わせた「八卦」「六十四
kk_映画_えいが,映画,えいが,映:◆光が当たって明るい◆光が当たってくっきりと見える、くっきりと浮かび上がって見える◆くっきりとした陰(かげ)、くっきりとした陰ができる¶「光が当たっているところ; 画:◆筆で線を引く、また線を引いて区切る、同「划」◆漢字の線や点の数(画数)を数える語◆輪郭(リンカク)を描く◆事に先立って案を作る、計画する、同「図」◆絵、絵を描,N5,on,on+on,A3_short_compound(on+on 71%),映:◆光が当たって明るい◆光が当たってくっきりと見える、くっきりと浮かび上がって見える◆くっきりとした陰(かげ)、くっきりとした陰ができる¶「光が当たっているところ; 画:◆筆で線を引く、また線を引いて区切る、同「划」◆漢字の線や点の数(画数)を数える語◆輪郭(リンカク)を描く◆事に先立って案を作る、計画する、同「図」◆絵、絵を描
kk_映画館_えいがかん,映画館,えいがかん,映:◆光が当たって明るい◆光が当たってくっきりと見える、くっきりと浮かび上がって見える◆くっきりとした陰(かげ)、くっきりとした陰ができる¶「光が当たっているところ; 画:◆筆で線を引く、また線を引いて区切る、同「划」◆漢字の線や点の数(画数)を数える語◆輪郭(リンカク)を描く◆事に先立って案を作る、計画する、同「図」◆絵、絵を描; 館:◆公用に使う大きな建物、公衆が利用する大きな建物◆公用の人や賓客を泊めるための建物、宿◆貴人の邸宅,N5,on,on+on+on,A4_multi_on(on+on+on 65%),映:◆光が当たって明るい◆光が当たってくっきりと見える、くっきりと浮かび上がって見える◆くっきりとした陰(かげ)、くっきりとした陰ができる¶「光が当たっているところ; 画:◆筆で線を引く、また線を引いて区切る、同「划」◆漢字の線や点の数(画数)を数える語◆輪郭(リンカク)を描く◆事に先立って案を作る、計画する、同「図」◆絵、絵を描; 館:◆公用に使う大きな建物、公衆が利用する大きな建物◆公用の人や賓客を泊めるための建物、宿◆貴人の邸宅
kk_春_はる,春,はる,春:◆地中の草木の芽が地上に現(あらわ)れ出る季節、四季(春・夏・秋・冬)の第一、陰暦の一月から三月◆若々しく瑞々(みずみず)しいさま、生気に満ちているさま◆異性を,N5,kun,kun,IL2_single_default(kun 84%),春:◆地中の草木の芽が地上に現(あらわ)れ出る季節、四季(春・夏・秋・冬)の第一、陰暦の一月から三月◆若々しく瑞々(みずみず)しいさま、生気に満ちているさま◆異性を
kk_春休み_はるやすみ,春休み,はるやすみ,春:◆地中の草木の芽が地上に現(あらわ)れ出る季節、四季(春・夏・秋・冬)の第一、陰暦の一月から三月◆若々しく瑞々(みずみず)しいさま、生気に満ちているさま◆異性を; 休:◆連続した動きや働きの途中で一旦その動きや働きを止(や)める、再開するために息を整えたり力を蓄(たくわ)えることをいう◆止める、止む、終わる、「【歸去來辭】羨萬,N5,kun,kun+kun,IL1_okurigana(kun 96%) | A1_compound_oku(kun 90%) | A1_on_kun_mix(on+kun 65%),春:◆地中の草木の芽が地上に現(あらわ)れ出る季節、四季(春・夏・秋・冬)の第一、陰暦の一月から三月◆若々しく瑞々(みずみず)しいさま、生気に満ちているさま◆異性を; 休:◆連続した動きや働きの途中で一旦その動きや働きを止(や)める、再開するために息を整えたり力を蓄(たくわ)えることをいう◆止める、止む、終わる、「【歸去來辭】羨萬
kk_昨夜/さくや_ゆうべ,昨夜/さくや,ゆうべ,昨:◆夜を挟んで一つ前の日◆一つ前の月や年◆過去、以前; 夜:◆日没から日の出までの間、陽が沈んで暗い時間帯、日中は「昼」,N5,on,on+mixed~,IL1_okurigana(kun 96%) | A1_compound_oku(kun 90%) | A1_on_kun_mix(on+kun 65%),昨:◆夜を挟んで一つ前の日◆一つ前の月や年◆過去、以前; 夜:◆日没から日の出までの間、陽が沈んで暗い時間帯、日中は「昼」
kk_昨日_きのう,昨日,きのう,昨:◆夜を挟んで一つ前の日◆一つ前の月や年◆過去、以前; 日:◆太陽◆太陽が出ている間、昼間、夜明けから日没まで◆一昼夜、朝から次の朝まで、またその繰り返し、またその繰り返しを数える語◆候(コウ)、時節、頃(ケイ、ころ)◆,N5,on,on+mixed~,A3_short_compound(on+on 71%),昨:◆夜を挟んで一つ前の日◆一つ前の月や年◆過去、以前; 日:◆太陽◆太陽が出ている間、昼間、夜明けから日没まで◆一昼夜、朝から次の朝まで、またその繰り返し、またその繰り返しを数える語◆候(コウ)、時節、頃(ケイ、ころ)◆
kk_是_これ,是,これ,是:◆これ、この、ここ、this◆正しい、理に適(かな)っている、理に則(のっと)っている◆良しとして認める◆その通り、はい、同意・肯定を表す◆「是非(ぜひ)」◇善,N5,kun,kun,IL2_single_default(kun 84%),是:◆これ、この、ここ、this◆正しい、理に適(かな)っている、理に則(のっと)っている◆良しとして認める◆その通り、はい、同意・肯定を表す◆「是非(ぜひ)」◇善
kk_昼_ひる,昼,ひる,昼:◆日の出から日の入りまで間、日中(ニッチュウ)、日の入りから日の出までの間を「夜」◆正午(ショウゴ),N5,kun,kun,IL2_single_default(kun 84%),昼:◆日の出から日の入りまで間、日中(ニッチュウ)、日の入りから日の出までの間を「夜」◆正午(ショウゴ)
kk_昼ご飯_ひるごはん,昼ご飯,ひるごはん,昼:◆日の出から日の入りまで間、日中(ニッチュウ)、日の入りから日の出までの間を「夜」◆正午(ショウゴ); 飯:◆米などの穀物を煮たり炊(た)いたりして柔らかくした(食べやすくした)もの◆(毎日定期的に摂とる)食事◆食べ物を食べる、食べ物を与える,N5,mixed,kun+on~,IL1_okurigana(kun 96%) | A1_compound_oku(kun 90%) | A1_on_kun_mix(on+kun 65%),昼:◆日の出から日の入りまで間、日中(ニッチュウ)、日の入りから日の出までの間を「夜」◆正午(ショウゴ); 飯:◆米などの穀物を煮たり炊(た)いたりして柔らかくした(食べやすくした)もの◆(毎日定期的に摂とる)食事◆食べ物を食べる、食べ物を与える
kk_時_とき,時,とき,時:◆一年の四分の一、季節、「一時(イチジ、三カ月、一季節)」「四時(シジ、四つの季節、四季)」◆一日の十二分の一、現在は二十四分の一、「時刻(ジコク)」◆年代、期,N5,kun,kun,IL2_single_default(kun 84%),時:◆一年の四分の一、季節、「一時(イチジ、三カ月、一季節)」「四時(シジ、四つの季節、四季)」◆一日の十二分の一、現在は二十四分の一、「時刻(ジコク)」◆年代、期
kk_時々_ときどき,時々,ときどき,時:◆一年の四分の一、季節、「一時(イチジ、三カ月、一季節)」「四時(シジ、四つの季節、四季)」◆一日の十二分の一、現在は二十四分の一、「時刻(ジコク)」◆年代、期,N5,kun,kun,IL2_single_default(kun 84%),時:◆一年の四分の一、季節、「一時(イチジ、三カ月、一季節)」「四時(シジ、四つの季節、四季)」◆一日の十二分の一、現在は二十四分の一、「時刻(ジコク)」◆年代、期
kk_時には_ときには,時には,ときには,時:◆一年の四分の一、季節、「一時(イチジ、三カ月、一季節)」「四時(シジ、四つの季節、四季)」◆一日の十二分の一、現在は二十四分の一、「時刻(ジコク)」◆年代、期,N5,kun,kun,IL1_okurigana(kun 96%) | IL2_single_okuri(kun 96%),時:◆一年の四分の一、季節、「一時(イチジ、三カ月、一季節)」「四時(シジ、四つの季節、四季)」◆一日の十二分の一、現在は二十四分の一、「時刻(ジコク)」◆年代、期
kk_時計_とけい,時計,とけい,時:◆一年の四分の一、季節、「一時(イチジ、三カ月、一季節)」「四時(シジ、四つの季節、四季)」◆一日の十二分の一、現在は二十四分の一、「時刻(ジコク)」◆年代、期; 計:◆数える、測る◆(その年の)出納を合わせる◆見積もる、見当をつける,N5,other,mixed+mixed~,A3_short_compound(on+on 71%) | B_verb_rad_言(kun 80%),時:◆一年の四分の一、季節、「一時(イチジ、三カ月、一季節)」「四時(シジ、四つの季節、四季)」◆一日の十二分の一、現在は二十四分の一、「時刻(ジコク)」◆年代、期; 計:◆数える、測る◆(その年の)出納を合わせる◆見積もる、見当をつける
kk_時間_じかん,時間,じかん,時:◆一年の四分の一、季節、「一時(イチジ、三カ月、一季節)」「四時(シジ、四つの季節、四季)」◆一日の十二分の一、現在は二十四分の一、「時刻(ジコク)」◆年代、期; 間:◆両側からぴったりと閉じられずに開いているところ、(空間・時間・物事・関係などが)連続せずに途切れているところ、開いたり途切れたりして何もないところ、隙(すき),N5,on,on+on,A3_short_compound(on+on 71%),時:◆一年の四分の一、季節、「一時(イチジ、三カ月、一季節)」「四時(シジ、四つの季節、四季)」◆一日の十二分の一、現在は二十四分の一、「時刻(ジコク)」◆年代、期; 間:◆両側からぴったりと閉じられずに開いているところ、(空間・時間・物事・関係などが)連続せずに途切れているところ、開いたり途切れたりして何もないところ、隙(すき)
kk_晩_ばん,晩,ばん,晩:◆陽が沈み切って暗くなる、日がすっかりと暮れる、またその時刻、陽が沈み始める頃を「夕」、「傍晚(ボウバン、晚が間近の頃)」「夜晚(ヤバン、夜、すっかり暗くなった,N5,on,on,IL2_single_default(kun 84%),晩:◆陽が沈み切って暗くなる、日がすっかりと暮れる、またその時刻、陽が沈み始める頃を「夕」、「傍晚(ボウバン、晚が間近の頃)」「夜晚(ヤバン、夜、すっかり暗くなった
kk_晩御飯_ばんごはん,晩御飯,ばんごはん,晩:◆陽が沈み切って暗くなる、日がすっかりと暮れる、またその時刻、陽が沈み始める頃を「夕」、「傍晚(ボウバン、晚が間近の頃)」「夜晚(ヤバン、夜、すっかり暗くなった; 御:◆(馬などを)意のままに操(あやつ)る、またその人、同「馭」◆治(おさ)める、統治(トウチ)する◆天子に関する言葉に付けて尊敬の意を表す語◆侍(はべ)る、天子に; 飯:◆米などの穀物を煮たり炊(た)いたりして柔らかくした(食べやすくした)もの◆(毎日定期的に摂とる)食事◆食べ物を食べる、食べ物を与える,N5,on,on+on+on,A4_multi_on(on+on+on 65%),晩:◆陽が沈み切って暗くなる、日がすっかりと暮れる、またその時刻、陽が沈み始める頃を「夕」、「傍晚(ボウバン、晚が間近の頃)」「夜晚(ヤバン、夜、すっかり暗くなった; 御:◆(馬などを)意のままに操(あやつ)る、またその人、同「馭」◆治(おさ)める、統治(トウチ)する◆天子に関する言葉に付けて尊敬の意を表す語◆侍(はべ)る、天子に; 飯:◆米などの穀物を煮たり炊(た)いたりして柔らかくした(食べやすくした)もの◆(毎日定期的に摂とる)食事◆食べ物を食べる、食べ物を与える
kk_晴れ_はれ,晴れ,はれ,晴:◆(雨や雪が止んで)雲がなくなる、雲がなく空が澄み渡る、同「夝」「暒」,N5,kun,kun,IL1_okurigana(kun 96%) | IL2_single_okuri(kun 96%),晴:◆(雨や雪が止んで)雲がなくなる、雲がなく空が澄み渡る、同「夝」「暒」
kk_晴れる_はれる,晴れる,はれる,晴:◆(雨や雪が止んで)雲がなくなる、雲がなく空が澄み渡る、同「夝」「暒」,N5,kun,kun,IL1_okurigana(kun 96%) | IL2_single_okuri(kun 96%),晴:◆(雨や雪が止んで)雲がなくなる、雲がなく空が澄み渡る、同「夝」「暒」
kk_暇_ひま,暇,ひま,暇:◆(仕事などの合間の)空いた時間、何もすることがない時間、同「假」◆[日]いとま、職を辞(や)める、訪問先を去る,N5,kun,kun,IL2_single_default(kun 84%),暇:◆(仕事などの合間の)空いた時間、何もすることがない時間、同「假」◆[日]いとま、職を辞(や)める、訪問先を去る
kk_暑い_あつい,暑い,あつい,暑:◆太陽の熱によって気温が高くなる、またそのような季節、火によって温度が高くなるのは「熱」,N5,kun,kun,IL1_okurigana(kun 96%) | IL2_single_okuri(kun 96%),暑:◆太陽の熱によって気温が高くなる、またそのような季節、火によって温度が高くなるのは「熱」
kk_暗い_くらい,暗い,くらい,暗:◆光がない、明るさがない◆光を失う、明るさや生き生きとした感じを失う◆光が届かない、明かりが届かずよく見えない、ものの陰になっていて見えない◆ぼんやりしている、,N5,kun,kun,IL1_okurigana(kun 96%) | IL2_single_okuri(kun 96%),暗:◆光がない、明るさがない◆光を失う、明るさや生き生きとした感じを失う◆光が届かない、明かりが届かずよく見えない、ものの陰になっていて見えない◆ぼんやりしている、
kk_曇り_くもり,曇り,くもり,曇:◆雲が広がる、空が雲に覆われる ◆[日]日光が雲に遮られる、光が少なくはっきり見えない、ぼんやりする、すっきりしない,N5,kun,kun,IL1_okurigana(kun 96%) | IL2_single_okuri(kun 96%),曇:◆雲が広がる、空が雲に覆われる ◆[日]日光が雲に遮られる、光が少なくはっきり見えない、ぼんやりする、すっきりしない
kk_曇る_くもる,曇る,くもる,曇:◆雲が広がる、空が雲に覆われる ◆[日]日光が雲に遮られる、光が少なくはっきり見えない、ぼんやりする、すっきりしない,N5,kun,kun,IL1_okurigana(kun 96%) | IL2_single_okuri(kun 96%),曇:◆雲が広がる、空が雲に覆われる ◆[日]日光が雲に遮られる、光が少なくはっきり見えない、ぼんやりする、すっきりしない
kk_曲がる_まがる,曲がる,まがる,"曲:◆真っ直(す)ぐでない、撓(たわ)む、""(""字形のように弧を描くように曲がることを指し""〈""字のように鋭角に曲がることを「折」という◆歪む、正しい状態や方向から",N5,kun,kun,IL1_okurigana(kun 96%) | IL2_single_okuri(kun 96%),"曲:◆真っ直(す)ぐでない、撓(たわ)む、""(""字形のように弧を描くように曲がることを指し""〈""字のように鋭角に曲がることを「折」という◆歪む、正しい状態や方向から"
kk_書く_かく,書く,かく,書:◆文字を筆(聿)などで記(しる)す、著(あらわ)す、「書物(ショモツ)」「文書(ブンショ)」◆手紙、「書信(ショシン)」◆「書経(ショキョウ、別名尚書ショウショ,N5,kun,kun,IL1_okurigana(kun 96%) | IL2_single_okuri(kun 96%),書:◆文字を筆(聿)などで記(しる)す、著(あらわ)す、「書物(ショモツ)」「文書(ブンショ)」◆手紙、「書信(ショシン)」◆「書経(ショキョウ、別名尚書ショウショ
kk_書留_かきとめ,書留,かきとめ,書:◆文字を筆(聿)などで記(しる)す、著(あらわ)す、「書物(ショモツ)」「文書(ブンショ)」◆手紙、「書信(ショシン)」◆「書経(ショキョウ、別名尚書ショウショ; 留:◆動きを止(と)める、動きを止めて同じ場所や状態に止(とど)まる◆同じ状態が残る、同じ状態で残す,N5,kun,kun+kun~,,書:◆文字を筆(聿)などで記(しる)す、著(あらわ)す、「書物(ショモツ)」「文書(ブンショ)」◆手紙、「書信(ショシン)」◆「書経(ショキョウ、別名尚書ショウショ; 留:◆動きを止(と)める、動きを止めて同じ場所や状態に止(とど)まる◆同じ状態が残る、同じ状態で残す
kk_書道_しょどう,書道,しょどう,書:◆文字を筆(聿)などで記(しる)す、著(あらわ)す、「書物(ショモツ)」「文書(ブンショ)」◆手紙、「書信(ショシン)」◆「書経(ショキョウ、別名尚書ショウショ; 道:◆出発地から目的地へ通じている路(みち)、人や動物などが往来する通り路、「道路(ドウロ)」、同「路」◆目的を達するための経路、手順や方法◆導(みちび)く、手引き,N5,on,on+on,A3_short_compound(on+on 71%),書:◆文字を筆(聿)などで記(しる)す、著(あらわ)す、「書物(ショモツ)」「文書(ブンショ)」◆手紙、「書信(ショシン)」◆「書経(ショキョウ、別名尚書ショウショ; 道:◆出発地から目的地へ通じている路(みち)、人や動物などが往来する通り路、「道路(ドウロ)」、同「路」◆目的を達するための経路、手順や方法◆導(みちび)く、手引き
kk_書類_しょるい,書類,しょるい,書:◆文字を筆(聿)などで記(しる)す、著(あらわ)す、「書物(ショモツ)」「文書(ブンショ)」◆手紙、「書信(ショシン)」◆「書経(ショキョウ、別名尚書ショウショ; 類:◆よく似ている、よく似たもの、よく似たものの集まり◆性格・性質が共通しているもの、またその集まり◆凡そ、大体、「似たもの、似ている」の意,N5,on,on+on,A3_short_compound(on+on 71%),書:◆文字を筆(聿)などで記(しる)す、著(あらわ)す、「書物(ショモツ)」「文書(ブンショ)」◆手紙、「書信(ショシン)」◆「書経(ショキョウ、別名尚書ショウショ; 類:◆よく似ている、よく似たもの、よく似たものの集まり◆性格・性質が共通しているもの、またその集まり◆凡そ、大体、「似たもの、似ている」の意
kk_最初_さいしょ,最初,さいしょ,最:◆もっと・も、比べるものの中で一番の、第一の、極めて◆多くの(幾つかの)ものの中で先頭であるさま、一番優れているさま◆多くのものが同じところに集まる、また集める; 初:◆物事の起こり、物事の発端、「衣服を作り始める時にまず布を切る」の意、「初」は「物事はまず初めに～する、～の初め」、「始」は「物事はまず～から始める、～から始ま,N5,on,on+on,A3_short_compound(on+on 71%) | B_verb_rad_刀(kun 80%),最:◆もっと・も、比べるものの中で一番の、第一の、極めて◆多くの(幾つかの)ものの中で先頭であるさま、一番優れているさま◆多くのものが同じところに集まる、また集める; 初:◆物事の起こり、物事の発端、「衣服を作り始める時にまず布を切る」の意、「初」は「物事はまず初めに～する、～の初め」、「始」は「物事はまず～から始める、～から始ま
kk_最後_さいご,最後,さいご,最:◆もっと・も、比べるものの中で一番の、第一の、極めて◆多くの(幾つかの)ものの中で先頭であるさま、一番優れているさま◆多くのものが同じところに集まる、また集める; 後:◆位置的には背の方向、時間的には未来の方向、順位・順序では下位の方向、逆は「前」「先」◆遅れる、遅れて来る◆家を継ぐ子、子孫◆簡「后」,N5,on,on+on,A3_short_compound(on+on 71%),最:◆もっと・も、比べるものの中で一番の、第一の、極めて◆多くの(幾つかの)ものの中で先頭であるさま、一番優れているさま◆多くのものが同じところに集まる、また集める; 後:◆位置的には背の方向、時間的には未来の方向、順位・順序では下位の方向、逆は「前」「先」◆遅れる、遅れて来る◆家を継ぐ子、子孫◆簡「后」
kk_月曜日_げつようび,月曜日,げつようび,月:◆地球の衛星の名、太陰(タイイン)、「日」を「太陽」というのに対して月を「太陰」という◆一年をほぼ十二等分した期間、新月(月が見えなくなる日)から次の新月までの; 曜:◆陽の光が明るく輝(かがや)く、眩(まばゆ)く輝く◆太陽・月と水金火木土星の七つの明るく光る天体、総称して「七曜(シチヨウ)」といい、これを一週間の各日に当てた; 日:◆太陽◆太陽が出ている間、昼間、夜明けから日没まで◆一昼夜、朝から次の朝まで、またその繰り返し、またその繰り返しを数える語◆候(コウ)、時節、頃(ケイ、ころ)◆,N5,on,mixed+on+mixed~,A4_multi_on(on+on+on 65%),月:◆地球の衛星の名、太陰(タイイン)、「日」を「太陽」というのに対して月を「太陰」という◆一年をほぼ十二等分した期間、新月(月が見えなくなる日)から次の新月までの; 曜:◆陽の光が明るく輝(かがや)く、眩(まばゆ)く輝く◆太陽・月と水金火木土星の七つの明るく光る天体、総称して「七曜(シチヨウ)」といい、これを一週間の各日に当てた; 日:◆太陽◆太陽が出ている間、昼間、夜明けから日没まで◆一昼夜、朝から次の朝まで、またその繰り返し、またその繰り返しを数える語◆候(コウ)、時節、頃(ケイ、ころ)◆
kk_月見_つきみ,月見,つきみ,月:◆地球の衛星の名、太陰(タイイン)、「日」を「太陽」というのに対して月を「太陰」という◆一年をほぼ十二等分した期間、新月(月が見えなくなる日)から次の新月までの; 見:◆目でものや状況を認識する、目に入る◆(見たものの)認識の仕方、考え◆人と顔を合わせる、対面する◆みる、部首名,N5,kun,kun+kun~,A3_short_compound(on+on 71%),月:◆地球の衛星の名、太陰(タイイン)、「日」を「太陽」というのに対して月を「太陰」という◆一年をほぼ十二等分した期間、新月(月が見えなくなる日)から次の新月までの; 見:◆目でものや状況を認識する、目に入る◆(見たものの)認識の仕方、考え◆人と顔を合わせる、対面する◆みる、部首名
kk_有る_ある,有る,ある,有:◆在(あ)る、居(い)る、一定の範囲や場所に存在する、「有力(ユウリョク、力がある)」「稀有(ケウ、稀にある、稀にしかない)」◆持っている、備わっている、「所有,N5,kun,kun,IL1_okurigana(kun 96%) | IL2_single_okuri(kun 96%),有:◆在(あ)る、居(い)る、一定の範囲や場所に存在する、「有力(ユウリョク、力がある)」「稀有(ケウ、稀にある、稀にしかない)」◆持っている、備わっている、「所有
kk_有名_ゆうめい,有名,ゆうめい,有:◆在(あ)る、居(い)る、一定の範囲や場所に存在する、「有力(ユウリョク、力がある)」「稀有(ケウ、稀にある、稀にしかない)」◆持っている、備わっている、「所有; 名:◆人に付ける呼称、また動物・もの・出来事などを呼んだり指し示したり識別したりするためにその各々に付ける呼称、「名称(メイショウ)」◆呼称を付ける、「命名(メイメ,N5,on,on+on,,有:◆在(あ)る、居(い)る、一定の範囲や場所に存在する、「有力(ユウリョク、力がある)」「稀有(ケウ、稀にある、稀にしかない)」◆持っている、備わっている、「所有; 名:◆人に付ける呼称、また動物・もの・出来事などを呼んだり指し示したり識別したりするためにその各々に付ける呼称、「名称(メイショウ)」◆呼称を付ける、「命名(メイメ
kk_服_ふく,服,ふく,服:◆命令や指示に沿い合わせる、命令や指示に従う◆自分の考えにぴったりと収まる、納得する、納得して従う◆仕事や道具などが手に合う、馴染む、慣れる◆何時もと同じように,N5,on,on,IL2_on_only(on 99%),服:◆命令や指示に沿い合わせる、命令や指示に従う◆自分の考えにぴったりと収まる、納得する、納得して従う◆仕事や道具などが手に合う、馴染む、慣れる◆何時もと同じように
kk_朝_あさ,朝,あさ,朝:◆太陽が地平より上に出て日光が射し始める頃、日の出の頃、同「旦」◆日の出から昼前までの時間、日の出から日の入りまでの時間◆天子・君主に謁見する、春の謁見式、秋は,N5,kun,kun,IL2_single_default(kun 84%),朝:◆太陽が地平より上に出て日光が射し始める頃、日の出の頃、同「旦」◆日の出から昼前までの時間、日の出から日の入りまでの時間◆天子・君主に謁見する、春の謁見式、秋は
kk_朝ご飯_あさごはん,朝ご飯,あさごはん,朝:◆太陽が地平より上に出て日光が射し始める頃、日の出の頃、同「旦」◆日の出から昼前までの時間、日の出から日の入りまでの時間◆天子・君主に謁見する、春の謁見式、秋は; 飯:◆米などの穀物を煮たり炊(た)いたりして柔らかくした(食べやすくした)もの◆(毎日定期的に摂とる)食事◆食べ物を食べる、食べ物を与える,N5,mixed,kun+on~,IL1_okurigana(kun 96%) | A1_compound_oku(kun 90%) | A1_on_kun_mix(on+kun 65%),朝:◆太陽が地平より上に出て日光が射し始める頃、日の出の頃、同「旦」◆日の出から昼前までの時間、日の出から日の入りまでの時間◆天子・君主に謁見する、春の謁見式、秋は; 飯:◆米などの穀物を煮たり炊(た)いたりして柔らかくした(食べやすくした)もの◆(毎日定期的に摂とる)食事◆食べ物を食べる、食べ物を与える
kk_木_き,木,き,木:◆植物の一分類、例外もあるが一般に表皮が硬く寒暖差などによって年輪を生ずるもの、またそれを使ったもの◆五行(水・火・木・金・土)の一つ ◆自然で飾り気がないさま,N5,kun,kun,IL2_single_default(kun 84%) | B_noun_rad_木(kun 93%),木:◆植物の一分類、例外もあるが一般に表皮が硬く寒暖差などによって年輪を生ずるもの、またそれを使ったもの◆五行(水・火・木・金・土)の一つ ◆自然で飾り気がないさま
kk_木曜日_もくようび,木曜日,もくようび,木:◆植物の一分類、例外もあるが一般に表皮が硬く寒暖差などによって年輪を生ずるもの、またそれを使ったもの◆五行(水・火・木・金・土)の一つ ◆自然で飾り気がないさま; 曜:◆陽の光が明るく輝(かがや)く、眩(まばゆ)く輝く◆太陽・月と水金火木土星の七つの明るく光る天体、総称して「七曜(シチヨウ)」といい、これを一週間の各日に当てた; 日:◆太陽◆太陽が出ている間、昼間、夜明けから日没まで◆一昼夜、朝から次の朝まで、またその繰り返し、またその繰り返しを数える語◆候(コウ)、時節、頃(ケイ、ころ)◆,N5,on,mixed+on+mixed~,A4_multi_on(on+on+on 65%) | B_noun_rad_木(kun 93%),木:◆植物の一分類、例外もあるが一般に表皮が硬く寒暖差などによって年輪を生ずるもの、またそれを使ったもの◆五行(水・火・木・金・土)の一つ ◆自然で飾り気がないさま; 曜:◆陽の光が明るく輝(かがや)く、眩(まばゆ)く輝く◆太陽・月と水金火木土星の七つの明るく光る天体、総称して「七曜(シチヨウ)」といい、これを一週間の各日に当てた; 日:◆太陽◆太陽が出ている間、昼間、夜明けから日没まで◆一昼夜、朝から次の朝まで、またその繰り返し、またその繰り返しを数える語◆候(コウ)、時節、頃(ケイ、ころ)◆
kk_未だ_まだ,未だ,まだ,未:◆十二支の八番目、方角では南南西、時刻では午後二時を中心とした二時間、動物では「羊」を当てる ◆いま・だ、まだ～でない、まだ～しない、まだ～していない◆ない、～,N5,kun,kun,IL1_okurigana(kun 96%) | IL2_single_okuri(kun 96%) | B_noun_rad_木(kun 93%),未:◆十二支の八番目、方角では南南西、時刻では午後二時を中心とした二時間、動物では「羊」を当てる ◆いま・だ、まだ～でない、まだ～しない、まだ～していない◆ない、～
kk_本_ほん,本,ほん,本:◆木の根(ね)◆植物や物事の生まれ始まりの部分、ものの根源また起源、「本来(ホンライ、元々、初めから)」◆ものを支えているもの、基(もと)となるもの、拠(よ)り,N5,on,on,IL2_single_default(kun 84%) | B_noun_rad_木(kun 93%),本:◆木の根(ね)◆植物や物事の生まれ始まりの部分、ものの根源また起源、「本来(ホンライ、元々、初めから)」◆ものを支えているもの、基(もと)となるもの、拠(よ)り
kk_本当_ほんとう,本当,ほんとう,本:◆木の根(ね)◆植物や物事の生まれ始まりの部分、ものの根源また起源、「本来(ホンライ、元々、初めから)」◆ものを支えているもの、基(もと)となるもの、拠(よ)り; 当:◆正面からぶつかる、正面から向き合う、相対する、同「噹」◆適合する、相応しい◆受け持つ、引き受ける◆そうするべき、そうあるべき◆この(this)、今、此処(ここ,N5,on,on+on,B_noun_rad_木(kun 93%),本:◆木の根(ね)◆植物や物事の生まれ始まりの部分、ものの根源また起源、「本来(ホンライ、元々、初めから)」◆ものを支えているもの、基(もと)となるもの、拠(よ)り; 当:◆正面からぶつかる、正面から向き合う、相対する、同「噹」◆適合する、相応しい◆受け持つ、引き受ける◆そうするべき、そうあるべき◆この(this)、今、此処(ここ
kk_本当に_ほんとうに,本当に,ほんとうに,本:◆木の根(ね)◆植物や物事の生まれ始まりの部分、ものの根源また起源、「本来(ホンライ、元々、初めから)」◆ものを支えているもの、基(もと)となるもの、拠(よ)り; 当:◆正面からぶつかる、正面から向き合う、相対する、同「噹」◆適合する、相応しい◆受け持つ、引き受ける◆そうするべき、そうあるべき◆この(this)、今、此処(ここ,N5,on,on+on~,IL1_okurigana(kun 96%) | A1_compound_oku(kun 90%) | A1_on_kun_mix(on+kun 65%),本:◆木の根(ね)◆植物や物事の生まれ始まりの部分、ものの根源また起源、「本来(ホンライ、元々、初めから)」◆ものを支えているもの、基(もと)となるもの、拠(よ)り; 当:◆正面からぶつかる、正面から向き合う、相対する、同「噹」◆適合する、相応しい◆受け持つ、引き受ける◆そうするべき、そうあるべき◆この(this)、今、此処(ここ
kk_本棚_ほんだな,本棚,ほんだな,本:◆木の根(ね)◆植物や物事の生まれ始まりの部分、ものの根源また起源、「本来(ホンライ、元々、初めから)」◆ものを支えているもの、基(もと)となるもの、拠(よ)り; 棚:◆竹や木を組んで上を覆った建物◆粗末な小屋、掘建て(ほったて)小屋◆棒や板を横に並べて架け渡した橋や道、同「桟」「閣」◆[日]物を載せるために横に渡した板、また,N5,other,mixed+mixed~,B_noun_rad_木(kun 93%) | B_noun_rad_木(kun 93%),本:◆木の根(ね)◆植物や物事の生まれ始まりの部分、ものの根源また起源、「本来(ホンライ、元々、初めから)」◆ものを支えているもの、基(もと)となるもの、拠(よ)り; 棚:◆竹や木を組んで上を覆った建物◆粗末な小屋、掘建て(ほったて)小屋◆棒や板を横に並べて架け渡した橋や道、同「桟」「閣」◆[日]物を載せるために横に渡した板、また
kk_机_つくえ,机,つくえ,机:◆つくえ、テーブルtable、同「几」◆木名、未詳、ニレ(楡、ニレ科ニレ属の木)に似た木で、焼いたものを稲田の肥料にするという、「【山海經:北山經】…單狐之山多,N5,kun,kun,IL2_single_default(kun 84%) | B_noun_rad_木(kun 93%),机:◆つくえ、テーブルtable、同「几」◆木名、未詳、ニレ(楡、ニレ科ニレ属の木)に似た木で、焼いたものを稲田の肥料にするという、「【山海經:北山經】…單狐之山多
kk_村_むら,村,むら,村:◆都から遠く離れた田舎(いなか)の集落、同「邨」「屯」◆田舎染みたさま,N5,kun,kun,IL2_single_default(kun 84%) | B_noun_rad_木(kun 93%),村:◆都から遠く離れた田舎(いなか)の集落、同「邨」「屯」◆田舎染みたさま
kk_来る_くる,来る,くる,来:◆(人や時間や物事が)向こうからこちらに近づく、「到来(トウライ)」、同「倈」「徠」「逨」「𧼛」◆招き寄せる、「こちらに来させる」の意◆ある時点から今まで、今に,N5,kun,kun,IL1_okurigana(kun 96%) | IL2_single_okuri(kun 96%) | B_noun_rad_木(kun 93%),来:◆(人や時間や物事が)向こうからこちらに近づく、「到来(トウライ)」、同「倈」「徠」「逨」「𧼛」◆招き寄せる、「こちらに来させる」の意◆ある時点から今まで、今に
kk_来年_らいねん,来年,らいねん,来:◆(人や時間や物事が)向こうからこちらに近づく、「到来(トウライ)」、同「倈」「徠」「逨」「𧼛」◆招き寄せる、「こちらに来させる」の意◆ある時点から今まで、今に; 年:◆穀物が稔(みの)る、同「秊」◆農作物を収穫してから次の収穫期までの期間、四季(二十四節気)を一巡する期間、year◆誕生してから生きてその誕生日を通り過ぎた回,N5,on,on+on,B_noun_rad_木(kun 93%),来:◆(人や時間や物事が)向こうからこちらに近づく、「到来(トウライ)」、同「倈」「徠」「逨」「𧼛」◆招き寄せる、「こちらに来させる」の意◆ある時点から今まで、今に; 年:◆穀物が稔(みの)る、同「秊」◆農作物を収穫してから次の収穫期までの期間、四季(二十四節気)を一巡する期間、year◆誕生してから生きてその誕生日を通り過ぎた回
kk_来月_らいげつ,来月,らいげつ,来:◆(人や時間や物事が)向こうからこちらに近づく、「到来(トウライ)」、同「倈」「徠」「逨」「𧼛」◆招き寄せる、「こちらに来させる」の意◆ある時点から今まで、今に; 月:◆地球の衛星の名、太陰(タイイン)、「日」を「太陽」というのに対して月を「太陰」という◆一年をほぼ十二等分した期間、新月(月が見えなくなる日)から次の新月までの,N5,on,on+on,B_noun_rad_木(kun 93%),来:◆(人や時間や物事が)向こうからこちらに近づく、「到来(トウライ)」、同「倈」「徠」「逨」「𧼛」◆招き寄せる、「こちらに来させる」の意◆ある時点から今まで、今に; 月:◆地球の衛星の名、太陰(タイイン)、「日」を「太陽」というのに対して月を「太陰」という◆一年をほぼ十二等分した期間、新月(月が見えなくなる日)から次の新月までの
kk_来週_らいしゅう,来週,らいしゅう,来:◆(人や時間や物事が)向こうからこちらに近づく、「到来(トウライ)」、同「倈」「徠」「逨」「𧼛」◆招き寄せる、「こちらに来させる」の意◆ある時点から今まで、今に; 週:◆ぐるりと廻(まわ)る◆一定の周期で廻(めぐ)って来る、またその期間,N5,on,on+on,B_noun_rad_木(kun 93%),来:◆(人や時間や物事が)向こうからこちらに近づく、「到来(トウライ)」、同「倈」「徠」「逨」「𧼛」◆招き寄せる、「こちらに来させる」の意◆ある時点から今まで、今に; 週:◆ぐるりと廻(まわ)る◆一定の周期で廻(めぐ)って来る、またその期間
kk_東_ひがし,東,ひがし,東:◆太陽が昇る方角、沈む方角を「西」¶木に昇り始めた太陽(日)が重なるの意、太陽が木の上に昇ることを「杲」、太陽が木の下に沈むことを「杳」、「【說文解字注:木部:,N5,kun,kun,IL2_single_default(kun 84%) | B_noun_rad_木(kun 93%),東:◆太陽が昇る方角、沈む方角を「西」¶木に昇り始めた太陽(日)が重なるの意、太陽が木の上に昇ることを「杲」、太陽が木の下に沈むことを「杳」、「【說文解字注:木部:
kk_松_まつ,松,まつ,松:◆マツ(松)、マツ科マツ属の植物の称、同「㮤」「枩」 ◆緩(ゆる)い、緩やか、きつくない、ゆとりがある、詰まっていない、間(あいだ)が空(あ)いている、緩む、弛,N5,kun,kun,IL2_single_default(kun 84%) | B_noun_rad_木(kun 93%),松:◆マツ(松)、マツ科マツ属の植物の称、同「㮤」「枩」 ◆緩(ゆる)い、緩やか、きつくない、ゆとりがある、詰まっていない、間(あいだ)が空(あ)いている、緩む、弛
kk_板_いた,板,いた,板:◆薄く平らな木、薄く平らなもの◆印刷する文字や絵などを彫(ほ)り込んだ板、同「版」◆(古くは板に書かれたことから)詔書(ショウショ)、文書、「【後漢書:卷八十四,N5,kun,kun,IL2_single_default(kun 84%) | B_noun_rad_木(kun 93%),板:◆薄く平らな木、薄く平らなもの◆印刷する文字や絵などを彫(ほ)り込んだ板、同「版」◆(古くは板に書かれたことから)詔書(ショウショ)、文書、「【後漢書:卷八十四
kk_林檎_りんご,林檎,りんご,林:◆木や竹が叢(むら)がって生えているところ◆同様のものがたくさん集まっているさま◆郊外(「野」という)の外側の地、都(みやこ)を囲む城壁の外に広がる地で都から百; 檎:◆「林檎(リンゴ)」、バラ科リンゴ属の植物の総称、また、その果実の称、別名「蘋果(ヒンカ)」「苹果(ヘイカ)」,N5,on,on+on,A3_short_compound(on+on 71%) | B_noun_rad_木(kun 93%) | B_noun_rad_木(kun 93%),林:◆木や竹が叢(むら)がって生えているところ◆同様のものがたくさん集まっているさま◆郊外(「野」という)の外側の地、都(みやこ)を囲む城壁の外に広がる地で都から百; 檎:◆「林檎(リンゴ)」、バラ科リンゴ属の植物の総称、また、その果実の称、別名「蘋果(ヒンカ)」「苹果(ヘイカ)」
kk_果物_くだもの,果物,くだもの,果:◆木の実、同「菓」◆は・たす、最後まで成し遂げる◆(芽を出し生長し花を咲かせ最終的には実が成ることから)物事の結末、最後まで成し遂げることによって得るもの、「結; 物:◆(天地の間に存在する)人以外の形のあるもの、人は「者」、形のないものは「事」,N5,other,mixed+mixed~,B_noun_rad_木(kun 93%) | B_noun_rad_牛(kun 93%),果:◆木の実、同「菓」◆は・たす、最後まで成し遂げる◆(芽を出し生長し花を咲かせ最終的には実が成ることから)物事の結末、最後まで成し遂げることによって得るもの、「結; 物:◆(天地の間に存在する)人以外の形のあるもの、人は「者」、形のないものは「事」
kk_梅雨_つゆ,梅雨,つゆ,梅:◆ウメ(梅)、バラ科サクラ属の木、またその実; 雨:◆大気中の水蒸気が集まって水滴となり、浮かんでいることができずに落下するもの ◆(雨や雪が、小さなものが無数に)降る、上から下に落ちて来る◆あめ、あめかんむり、,N5,other,mixed+mixed~,A3_short_compound(on+on 71%) | B_noun_rad_木(kun 93%) | B_noun_rad_雨(kun 93%),梅:◆ウメ(梅)、バラ科サクラ属の木、またその実; 雨:◆大気中の水蒸気が集まって水滴となり、浮かんでいることができずに落下するもの ◆(雨や雪が、小さなものが無数に)降る、上から下に落ちて来る◆あめ、あめかんむり、
kk_椅子_いす,椅子,いす,椅:◆イイギリ(飯桐)、ヤナギ科イイギリ属の木 ◆背凭(せもた)れがある腰掛(こしかけ); 子:◆母親から産まれるもの、古くは男女を問わず「子」といったが、現代中国では男の子(息子)を指す◆新しく産まれる(生まれる)ものの元となるもの、植物の種や実、動物の,N5,on,on+on,A3_short_compound(on+on 71%) | B_noun_rad_木(kun 93%),椅:◆イイギリ(飯桐)、ヤナギ科イイギリ属の木 ◆背凭(せもた)れがある腰掛(こしかけ); 子:◆母親から産まれるもの、古くは男女を問わず「子」といったが、現代中国では男の子(息子)を指す◆新しく産まれる(生まれる)ものの元となるもの、植物の種や実、動物の
kk_楽しい_たのしい,楽しい,たのしい,楽:◆音を奏(かな)でる、「音楽(オンガク)」◆調和が取れて心地よい、心や体を煩(わずら)わせるものが何もなく安らかで快い、悦(よろこ)ばしい,N5,kun,kun,IL1_okurigana(kun 96%) | IL2_single_okuri(kun 96%) | B_noun_rad_木(kun 93%),楽:◆音を奏(かな)でる、「音楽(オンガク)」◆調和が取れて心地よい、心や体を煩(わずら)わせるものが何もなく安らかで快い、悦(よろこ)ばしい
kk_横_よこ,横,よこ,横:◆(垂直に立つ柱に対して)水平に渡した木◆(垂直に対して)水平の方向、(前後に対して)左右の方向、(南北に対して)東西の方向、上下・南北・前後の方向を「縦」◆長,N5,kun,kun,IL2_single_default(kun 84%) | B_noun_rad_木(kun 93%),横:◆(垂直に立つ柱に対して)水平に渡した木◆(垂直に対して)水平の方向、(前後に対して)左右の方向、(南北に対して)東西の方向、上下・南北・前後の方向を「縦」◆長
kk_横断歩道_おうだんほどう,横断歩道,おうだんほどう,横:◆(垂直に立つ柱に対して)水平に渡した木◆(垂直に対して)水平の方向、(前後に対して)左右の方向、(南北に対して)東西の方向、上下・南北・前後の方向を「縦」◆長; 断:◆繋(つな)がっているものを(連続しているものを)途中で切る、切って二つに分ける、切り離す◆ぷっつりと途切れる、絶(た)える◆すっぱりと区切る、きっぱりと決める; 歩:◆片足を地に着け止め、残る片足を前に運んで止める、という動作を左右の足で交互に繰り返す、この動作を速く繰り返すことを「走」◆物事が前に進む、またその進み具合◆左,N5,on,on+on+on+on,A4_multi_on(on+on+on+on 65%) | B_noun_rad_木(kun 93%),横:◆(垂直に立つ柱に対して)水平に渡した木◆(垂直に対して)水平の方向、(前後に対して)左右の方向、(南北に対して)東西の方向、上下・南北・前後の方向を「縦」◆長; 断:◆繋(つな)がっているものを(連続しているものを)途中で切る、切って二つに分ける、切り離す◆ぷっつりと途切れる、絶(た)える◆すっぱりと区切る、きっぱりと決める; 歩:◆片足を地に着け止め、残る片足を前に運んで止める、という動作を左右の足で交互に繰り返す、この動作を速く繰り返すことを「走」◆物事が前に進む、またその進み具合◆左
kk_橋_はし,橋,はし,"橋:◆川や谷などの深く""ＵＶ""字状になっている上を横切るように板・棒・綱などを架け人が渡れるようにしたもの◆高いところに横に掛け渡した棒、またそのような形のもの◆高",N5,kun,kun,IL2_single_default(kun 84%) | B_noun_rad_木(kun 93%),"橋:◆川や谷などの深く""ＵＶ""字状になっている上を横切るように板・棒・綱などを架け人が渡れるようにしたもの◆高いところに横に掛け渡した棒、またそのような形のもの◆高"
kk_次_つぎ,次,つぎ,次:◆並びや繰り返しの先頭の後に続く二番目◆後(あと)に続く、～の後に続いて～◆順序、「次第(シダイ)」◆繰り返される物事の回数、また順序、「数次(スウジ、数回)」,N5,kun,kun,IL2_single_default(kun 84%),次:◆並びや繰り返しの先頭の後に続く二番目◆後(あと)に続く、～の後に続いて～◆順序、「次第(シダイ)」◆繰り返される物事の回数、また順序、「数次(スウジ、数回)」
kk_次に_つぎに,次に,つぎに,次:◆並びや繰り返しの先頭の後に続く二番目◆後(あと)に続く、～の後に続いて～◆順序、「次第(シダイ)」◆繰り返される物事の回数、また順序、「数次(スウジ、数回)」,N5,kun,kun,IL1_okurigana(kun 96%) | IL2_single_okuri(kun 96%),次:◆並びや繰り返しの先頭の後に続く二番目◆後(あと)に続く、～の後に続いて～◆順序、「次第(シダイ)」◆繰り返される物事の回数、また順序、「数次(スウジ、数回)」
kk_欲しい_ほしい,欲しい,ほしい,欲:◆望むものを得(え)たいと思う、望むようにしたい(なりたい)と思う、またそれを強く望む、「貪欲(ドンヨク、貪慾)」、同「慾」◆～しそうである、～になりそうである,N5,kun,kun,IL1_okurigana(kun 96%) | IL2_single_okuri(kun 96%),欲:◆望むものを得(え)たいと思う、望むようにしたい(なりたい)と思う、またそれを強く望む、「貪欲(ドンヨク、貪慾)」、同「慾」◆～しそうである、～になりそうである
kk_歌_うた,歌,うた,歌:◆詞(ことば)を声に出し節(ふし)を付けて詠(よ)む、曲に合わせて詞を詠む、同「謌」◆楽曲、詩,N5,kun,kun,IL2_single_default(kun 84%),歌:◆詞(ことば)を声に出し節(ふし)を付けて詠(よ)む、曲に合わせて詞を詠む、同「謌」◆楽曲、詩
kk_歌う_うたう,歌う,うたう,歌:◆詞(ことば)を声に出し節(ふし)を付けて詠(よ)む、曲に合わせて詞を詠む、同「謌」◆楽曲、詩,N5,kun,kun,IL1_okurigana(kun 96%) | IL2_single_okuri(kun 96%),歌:◆詞(ことば)を声に出し節(ふし)を付けて詠(よ)む、曲に合わせて詞を詠む、同「謌」◆楽曲、詩
kk_歌舞伎_かぶき,歌舞伎,かぶき,歌:◆詞(ことば)を声に出し節(ふし)を付けて詠(よ)む、曲に合わせて詞を詠む、同「謌」◆楽曲、詩; 舞:◆手足や体を動かし踊(おど)り喜怒哀楽(キドアイラク)を表現する、同「儛」「𦐀」◆(舞うように)飛ぶ、(舞うように)揺(ゆ)らす◆弄(いじ)くって変えてしまう; 伎:◆巧(たく)みな技(わざ)、技量、同「技」◆巧みな技を持つ人、芸人,N5,on,on+on+on,A4_multi_on(on+on+on 65%),歌:◆詞(ことば)を声に出し節(ふし)を付けて詠(よ)む、曲に合わせて詞を詠む、同「謌」◆楽曲、詩; 舞:◆手足や体を動かし踊(おど)り喜怒哀楽(キドアイラク)を表現する、同「儛」「𦐀」◆(舞うように)飛ぶ、(舞うように)揺(ゆ)らす◆弄(いじ)くって変えてしまう; 伎:◆巧(たく)みな技(わざ)、技量、同「技」◆巧みな技を持つ人、芸人
kk_歓迎会_かんげいかい,歓迎会,かんげいかい,歓:◆大いに喜び楽しむ、賑(にぎ)やかに楽しむ、また楽しませる◆相愛の二人が相手を呼ぶ語、「愛(いと)しい人」の意; 迎:◆来る人をただ待つのではなく(門の外や家の前などまで)出て行って逢う、逆は「送」◆(相手の考えなどを)進んで受け入れる; 会:◆人が集まる、同じ時間や場所に(同じ目的で)集まる、「会合(カイゴウ)」◆多くの人が(出向いて)集まる、また集まったところ、「集会(シュウカイ)」「都会(トカイ,N5,on,on+on+on,A4_multi_on(on+on+on 65%),歓:◆大いに喜び楽しむ、賑(にぎ)やかに楽しむ、また楽しませる◆相愛の二人が相手を呼ぶ語、「愛(いと)しい人」の意; 迎:◆来る人をただ待つのではなく(門の外や家の前などまで)出て行って逢う、逆は「送」◆(相手の考えなどを)進んで受け入れる; 会:◆人が集まる、同じ時間や場所に(同じ目的で)集まる、「会合(カイゴウ)」◆多くの人が(出向いて)集まる、また集まったところ、「集会(シュウカイ)」「都会(トカイ
kk_止まる_とまる,止まる,とまる,止:◆ものが動かないように(しっかりと)立つための支えとなる基(もと、土台)◆体を支える足(あし)◆同じ所に留(とど)まって動かない[†「止」は止まったまま動かない,N5,kun,kun,IL1_okurigana(kun 96%) | IL2_single_okuri(kun 96%),止:◆ものが動かないように(しっかりと)立つための支えとなる基(もと、土台)◆体を支える足(あし)◆同じ所に留(とど)まって動かない[†「止」は止まったまま動かない
kk_此処_ここ,此処,ここ,此:◆この、これ、それ、その、this、近くのものを指す語、近くにないものを指す語は「彼(ヒ、かの、かれ)」◆こちらの、「彼此(ヒシ、あれとこれ、あちらとこちら)」; 処:◆腰を落ち着ける、居(い)る、止(とど)まる、またその場所◆腰を落ち着けて留(とど)まっているさま、「処士(ショシ、能力がありながら出仕しない人))」「処女(シ,N5,kun,kun+kun~,A3_short_compound(on+on 71%),此:◆この、これ、それ、その、this、近くのものを指す語、近くにないものを指す語は「彼(ヒ、かの、かれ)」◆こちらの、「彼此(ヒシ、あれとこれ、あちらとこちら)」; 処:◆腰を落ち着ける、居(い)る、止(とど)まる、またその場所◆腰を落ち着けて留(とど)まっているさま、「処士(ショシ、能力がありながら出仕しない人))」「処女(シ
kk_此方_こちら,此方,こちら,此:◆この、これ、それ、その、this、近くのものを指す語、近くにないものを指す語は「彼(ヒ、かの、かれ)」◆こちらの、「彼此(ヒシ、あれとこれ、あちらとこちら)」; 方:◆四角、四角いさま、角(かど)が直角になっているさま、「方形(ホウケイ)」◆数学で二つの数を掛け合わせた数(正方形・長方形の一つの角を成す二辺を掛け合わせた数),N5,other,mixed+mixed~,A3_short_compound(on+on 71%),此:◆この、これ、それ、その、this、近くのものを指す語、近くにないものを指す語は「彼(ヒ、かの、かれ)」◆こちらの、「彼此(ヒシ、あれとこれ、あちらとこちら)」; 方:◆四角、四角いさま、角(かど)が直角になっているさま、「方形(ホウケイ)」◆数学で二つの数を掛け合わせた数(正方形・長方形の一つの角を成す二辺を掛け合わせた数)
kk_歩く_あるく,歩く,あるく,歩:◆片足を地に着け止め、残る片足を前に運んで止める、という動作を左右の足で交互に繰り返す、この動作を速く繰り返すことを「走」◆物事が前に進む、またその進み具合◆左,N5,kun,kun,IL1_okurigana(kun 96%) | IL2_single_okuri(kun 96%),歩:◆片足を地に着け止め、残る片足を前に運んで止める、という動作を左右の足で交互に繰り返す、この動作を速く繰り返すことを「走」◆物事が前に進む、またその進み具合◆左
kk_歯_は,歯,は,歯:◆ものを食べるために噛(か)むための器官、噛(か)み砕くための器官 ◆牛馬の年齢、歯の本数で年齢が分かることによる◆人の年齢◆並ぶ、順に従って並ぶ◆は、はへん、,N5,kun,kun,IL2_single_default(kun 84%),歯:◆ものを食べるために噛(か)むための器官、噛(か)み砕くための器官 ◆牛馬の年齢、歯の本数で年齢が分かることによる◆人の年齢◆並ぶ、順に従って並ぶ◆は、はへん、
kk_死ぬ_しぬ,死ぬ,しぬ,死:◆細って尽(つ)きる◆精気(セイキ)がなくなる◆動かなくなる、用を成(な)さなくなる◆命が尽きる、天寿(テンジュ、天から授かった寿命)を全(まっと)うすることな,N5,kun,kun,IL1_okurigana(kun 96%) | IL2_single_okuri(kun 96%),死:◆細って尽(つ)きる◆精気(セイキ)がなくなる◆動かなくなる、用を成(な)さなくなる◆命が尽きる、天寿(テンジュ、天から授かった寿命)を全(まっと)うすることな
kk_残業_ざんぎょう,残業,ざんぎょう,残:◆傷付ける、害(ガイ)する、壊(こわ)す◆踏(ふ)み付けにする、平気で人に危害を加える◆酷(むご)い◆必要なものを取り除いた余り、必要なものを満たすために不足し; 業:◆鍾(ショウ)や磬(ケイ)などの打楽器を吊るすための横木(筍)の上の横板、吊るした楽器の位置が演奏中にずれないように凹みや突起がついていたという、「业」はそれを,N5,on,on+on,B_noun_rad_木(kun 93%),残:◆傷付ける、害(ガイ)する、壊(こわ)す◆踏(ふ)み付けにする、平気で人に危害を加える◆酷(むご)い◆必要なものを取り除いた余り、必要なものを満たすために不足し; 業:◆鍾(ショウ)や磬(ケイ)などの打楽器を吊るすための横木(筍)の上の横板、吊るした楽器の位置が演奏中にずれないように凹みや突起がついていたという、「业」はそれを
kk_段々_だんだん,段々,だんだん,段:◆上へ上へと積み重なって層をなしたものの、その一つ一つ◆物事などの区切り、文章などの区切り◆階位、等級,N5,on,on,IL2_on_only(on 99%),段:◆上へ上へと積み重なって層をなしたものの、その一つ一つ◆物事などの区切り、文章などの区切り◆階位、等級
kk_母_はは,母,はは,母:◆女親(おんなおや)◆子を生み育てる性、雌性(シセイ)、女性◆物事を生み出す元(もと)となるもの、生まれた場所¶別「毋」「毌」,N5,kun,kun,IL2_single_default(kun 84%),母:◆女親(おんなおや)◆子を生み育てる性、雌性(シセイ)、女性◆物事を生み出す元(もと)となるもの、生まれた場所¶別「毋」「毌」
kk_毎回_まいかい,毎回,まいかい,毎:◆草が次々に生え出る◆同じようなこと(同じようなもの)が繰り返されること、またその一つ一つ、各々(おのおの)◆同じように繰り返される時は何時(いつ)も～、また常; 回:◆円を描(えが)くように動く、一周して(一巡して)元に戻る、同「廻」「迴」、「回復(カイフク)」「回帰(カイキ)」◆元に戻す、元に返す、「回答(カイトウ)」◆(,N5,on,on+on,,毎:◆草が次々に生え出る◆同じようなこと(同じようなもの)が繰り返されること、またその一つ一つ、各々(おのおの)◆同じように繰り返される時は何時(いつ)も～、また常; 回:◆円を描(えが)くように動く、一周して(一巡して)元に戻る、同「廻」「迴」、「回復(カイフク)」「回帰(カイキ)」◆元に戻す、元に返す、「回答(カイトウ)」◆(
kk_毎年/まいねん_まいとし,毎年/まいねん,まいとし,毎:◆草が次々に生え出る◆同じようなこと(同じようなもの)が繰り返されること、またその一つ一つ、各々(おのおの)◆同じように繰り返される時は何時(いつ)も～、また常; 年:◆穀物が稔(みの)る、同「秊」◆農作物を収穫してから次の収穫期までの期間、四季(二十四節気)を一巡する期間、year◆誕生してから生きてその誕生日を通り過ぎた回,N5,mixed,on+kun,IL1_okurigana(kun 96%) | A1_compound_oku(kun 90%) | A1_on_kun_mix(on+kun 65%),毎:◆草が次々に生え出る◆同じようなこと(同じようなもの)が繰り返されること、またその一つ一つ、各々(おのおの)◆同じように繰り返される時は何時(いつ)も～、また常; 年:◆穀物が稔(みの)る、同「秊」◆農作物を収穫してから次の収穫期までの期間、四季(二十四節気)を一巡する期間、year◆誕生してから生きてその誕生日を通り過ぎた回
kk_毎日_まいにち,毎日,まいにち,毎:◆草が次々に生え出る◆同じようなこと(同じようなもの)が繰り返されること、またその一つ一つ、各々(おのおの)◆同じように繰り返される時は何時(いつ)も～、また常; 日:◆太陽◆太陽が出ている間、昼間、夜明けから日没まで◆一昼夜、朝から次の朝まで、またその繰り返し、またその繰り返しを数える語◆候(コウ)、時節、頃(ケイ、ころ)◆,N5,on,on+on,,毎:◆草が次々に生え出る◆同じようなこと(同じようなもの)が繰り返されること、またその一つ一つ、各々(おのおの)◆同じように繰り返される時は何時(いつ)も～、また常; 日:◆太陽◆太陽が出ている間、昼間、夜明けから日没まで◆一昼夜、朝から次の朝まで、またその繰り返し、またその繰り返しを数える語◆候(コウ)、時節、頃(ケイ、ころ)◆
kk_毎晩_まいばん,毎晩,まいばん,毎:◆草が次々に生え出る◆同じようなこと(同じようなもの)が繰り返されること、またその一つ一つ、各々(おのおの)◆同じように繰り返される時は何時(いつ)も～、また常; 晩:◆陽が沈み切って暗くなる、日がすっかりと暮れる、またその時刻、陽が沈み始める頃を「夕」、「傍晚(ボウバン、晚が間近の頃)」「夜晚(ヤバン、夜、すっかり暗くなった,N5,on,on+on,,毎:◆草が次々に生え出る◆同じようなこと(同じようなもの)が繰り返されること、またその一つ一つ、各々(おのおの)◆同じように繰り返される時は何時(いつ)も～、また常; 晩:◆陽が沈み切って暗くなる、日がすっかりと暮れる、またその時刻、陽が沈み始める頃を「夕」、「傍晚(ボウバン、晚が間近の頃)」「夜晚(ヤバン、夜、すっかり暗くなった
kk_毎月/まいつき_まいげつ,毎月/まいつき,まいげつ,毎:◆草が次々に生え出る◆同じようなこと(同じようなもの)が繰り返されること、またその一つ一つ、各々(おのおの)◆同じように繰り返される時は何時(いつ)も～、また常; 月:◆地球の衛星の名、太陰(タイイン)、「日」を「太陽」というのに対して月を「太陰」という◆一年をほぼ十二等分した期間、新月(月が見えなくなる日)から次の新月までの,N5,on,on+on,IL1_okurigana(kun 96%) | A1_compound_oku(kun 90%) | A1_on_kun_mix(on+kun 65%),毎:◆草が次々に生え出る◆同じようなこと(同じようなもの)が繰り返されること、またその一つ一つ、各々(おのおの)◆同じように繰り返される時は何時(いつ)も～、また常; 月:◆地球の衛星の名、太陰(タイイン)、「日」を「太陽」というのに対して月を「太陰」という◆一年をほぼ十二等分した期間、新月(月が見えなくなる日)から次の新月までの
kk_毎朝_まいあさ,毎朝,まいあさ,毎:◆草が次々に生え出る◆同じようなこと(同じようなもの)が繰り返されること、またその一つ一つ、各々(おのおの)◆同じように繰り返される時は何時(いつ)も～、また常; 朝:◆太陽が地平より上に出て日光が射し始める頃、日の出の頃、同「旦」◆日の出から昼前までの時間、日の出から日の入りまでの時間◆天子・君主に謁見する、春の謁見式、秋は,N5,mixed,on+kun~,,毎:◆草が次々に生え出る◆同じようなこと(同じようなもの)が繰り返されること、またその一つ一つ、各々(おのおの)◆同じように繰り返される時は何時(いつ)も～、また常; 朝:◆太陽が地平より上に出て日光が射し始める頃、日の出の頃、同「旦」◆日の出から昼前までの時間、日の出から日の入りまでの時間◆天子・君主に謁見する、春の謁見式、秋は
kk_毎週_まいしゅう,毎週,まいしゅう,毎:◆草が次々に生え出る◆同じようなこと(同じようなもの)が繰り返されること、またその一つ一つ、各々(おのおの)◆同じように繰り返される時は何時(いつ)も～、また常; 週:◆ぐるりと廻(まわ)る◆一定の周期で廻(めぐ)って来る、またその期間,N5,on,on+on,,毎:◆草が次々に生え出る◆同じようなこと(同じようなもの)が繰り返されること、またその一つ一つ、各々(おのおの)◆同じように繰り返される時は何時(いつ)も～、また常; 週:◆ぐるりと廻(まわ)る◆一定の周期で廻(めぐ)って来る、またその期間
kk_毎～_まい～,毎～,まい～,毎:◆草が次々に生え出る◆同じようなこと(同じようなもの)が繰り返されること、またその一つ一つ、各々(おのおの)◆同じように繰り返される時は何時(いつ)も～、また常,N5,on,on,IL2_single_default(kun 84%),毎:◆草が次々に生え出る◆同じようなこと(同じようなもの)が繰り返されること、またその一つ一つ、各々(おのおの)◆同じように繰り返される時は何時(いつ)も～、また常
kk_気温_きおん,気温,きおん,気:◆中国古来の考えで、天地全ての事物の基本要素、目に見えず形状は一定しない、あらゆる事物の生死・盛衰などの変化・変動はこの「気」の移動・集散によるものと考えられた; 温:◆熱くもなく冷たくもなく程よいさま、暖かなさま、また熱を加えてそのようにする◆穏やかなさま、柔和なさま◆(古く冷めてしまったものを温め直して)蘇(よみがえ)させ,N5,on,on+on,A3_short_compound(on+on 71%),気:◆中国古来の考えで、天地全ての事物の基本要素、目に見えず形状は一定しない、あらゆる事物の生死・盛衰などの変化・変動はこの「気」の移動・集散によるものと考えられた; 温:◆熱くもなく冷たくもなく程よいさま、暖かなさま、また熱を加えてそのようにする◆穏やかなさま、柔和なさま◆(古く冷めてしまったものを温め直して)蘇(よみがえ)させ
kk_水_みず,水,みず,水:◆器などに入れると水平になる(器に合わせて形を変える)液体、液状のもの、酸素と水素からなる液体 H<sub>2</sub>O、(一般には人工的に他のものを加えて,N5,kun,kun,IL2_single_default(kun 84%),水:◆器などに入れると水平になる(器に合わせて形を変える)液体、液状のもの、酸素と水素からなる液体 H<sub>2</sub>O、(一般には人工的に他のものを加えて
kk_水曜日_すいようび,水曜日,すいようび,水:◆器などに入れると水平になる(器に合わせて形を変える)液体、液状のもの、酸素と水素からなる液体 H<sub>2</sub>O、(一般には人工的に他のものを加えて; 曜:◆陽の光が明るく輝(かがや)く、眩(まばゆ)く輝く◆太陽・月と水金火木土星の七つの明るく光る天体、総称して「七曜(シチヨウ)」といい、これを一週間の各日に当てた; 日:◆太陽◆太陽が出ている間、昼間、夜明けから日没まで◆一昼夜、朝から次の朝まで、またその繰り返し、またその繰り返しを数える語◆候(コウ)、時節、頃(ケイ、ころ)◆,N5,on,mixed+on+mixed~,A4_multi_on(on+on+on 65%),水:◆器などに入れると水平になる(器に合わせて形を変える)液体、液状のもの、酸素と水素からなる液体 H<sub>2</sub>O、(一般には人工的に他のものを加えて; 曜:◆陽の光が明るく輝(かがや)く、眩(まばゆ)く輝く◆太陽・月と水金火木土星の七つの明るく光る天体、総称して「七曜(シチヨウ)」といい、これを一週間の各日に当てた; 日:◆太陽◆太陽が出ている間、昼間、夜明けから日没まで◆一昼夜、朝から次の朝まで、またその繰り返し、またその繰り返しを数える語◆候(コウ)、時節、頃(ケイ、ころ)◆
kk_汚い_きたない,汚い,きたない,汚:◆淀(よど)んで濁(にご)った水◆穢(けが)れる、異物が混じる◆不潔(フケツ)なさま◆行いが正しくない◆泥を塗る、泥を塗って面目を失わせる,N5,kun,kun,IL1_okurigana(kun 96%) | IL2_single_okuri(kun 96%),汚:◆淀(よど)んで濁(にご)った水◆穢(けが)れる、異物が混じる◆不潔(フケツ)なさま◆行いが正しくない◆泥を塗る、泥を塗って面目を失わせる
kk_池_いけ,池,いけ,池:◆水を引き入れるための水路、また水を引き入れて溜(た)めておくところ、水溜め(みずため)、「【禮記注疏(禮記正義):卷十五:月令】是月也毋竭川澤毋漉陂池…(《注,N5,kun,kun,IL2_single_default(kun 84%),池:◆水を引き入れるための水路、また水を引き入れて溜(た)めておくところ、水溜め(みずため)、「【禮記注疏(禮記正義):卷十五:月令】是月也毋竭川澤毋漉陂池…(《注
kk_沢山_たくさん,沢山,たくさん,"沢:◆水の近くの草が生い茂った湿地◆表面が滑らかできらきらと光るさま、水分を含んで艶々(つやつや)しているさま、同「㚖」◆潤(うるお)う、恵(めぐ)み、「潤沢(ジュ; 山:◆地面が""△""状に高く盛り上がったところ、またその形や様子◆土を丸く盛り上げた墓◆十二章紋の一つ ◆やま、やまへん、やまかんむり、部首名",N5,on,on+on,,"沢:◆水の近くの草が生い茂った湿地◆表面が滑らかできらきらと光るさま、水分を含んで艶々(つやつや)しているさま、同「㚖」◆潤(うるお)う、恵(めぐ)み、「潤沢(ジュ; 山:◆地面が""△""状に高く盛り上がったところ、またその形や様子◆土を丸く盛り上げた墓◆十二章紋の一つ ◆やま、やまへん、やまかんむり、部首名"
kk_泣く_なく,泣く,なく,泣:◆(嘆き・悲しみ・苦しみ・喜びなどの感情の高揚に伴って)声を出さずに(或いは細く微かな声を出しながら)涙を流す、声を張り上げて泣くのは「哭」、「【康熙字典:丑集,N5,kun,kun,IL1_okurigana(kun 96%) | IL2_single_okuri(kun 96%),泣:◆(嘆き・悲しみ・苦しみ・喜びなどの感情の高揚に伴って)声を出さずに(或いは細く微かな声を出しながら)涙を流す、声を張り上げて泣くのは「哭」、「【康熙字典:丑集
kk_泳ぐ_およぐ,泳ぐ,およぐ,泳:◆水中に潜って進む、水の中を進む,N5,kun,kun,IL1_okurigana(kun 96%) | IL2_single_okuri(kun 96%),泳:◆水中に潜って進む、水の中を進む
kk_洋服_ようふく,洋服,ようふく,洋:◆水がどこまでも広がっているさま◆広大な、広大な海◆外国、外国の、「海を隔てた向こうの国」の意; 服:◆命令や指示に沿い合わせる、命令や指示に従う◆自分の考えにぴったりと収まる、納得する、納得して従う◆仕事や道具などが手に合う、馴染む、慣れる◆何時もと同じように,N5,on,on+on,,洋:◆水がどこまでも広がっているさま◆広大な、広大な海◆外国、外国の、「海を隔てた向こうの国」の意; 服:◆命令や指示に沿い合わせる、命令や指示に従う◆自分の考えにぴったりと収まる、納得する、納得して従う◆仕事や道具などが手に合う、馴染む、慣れる◆何時もと同じように
kk_洋食_ようしょく,洋食,ようしょく,洋:◆水がどこまでも広がっているさま◆広大な、広大な海◆外国、外国の、「海を隔てた向こうの国」の意; 食:◆(固形の食べ物を)口の中でよく噛んで胃に入れる、よく噛んで胃に入れるもの、噛まずに胃に入れるのは「飲」◆(生きていくために必要な食べ物を得るための)俸禄(ホウ,N5,on,on+on,,洋:◆水がどこまでも広がっているさま◆広大な、広大な海◆外国、外国の、「海を隔てた向こうの国」の意; 食:◆(固形の食べ物を)口の中でよく噛んで胃に入れる、よく噛んで胃に入れるもの、噛まずに胃に入れるのは「飲」◆(生きていくために必要な食べ物を得るための)俸禄(ホウ
kk_洗う_あらう,洗う,あらう,洗:◆水で汚(よご)れや垢(あか)を落とす◆汚れが落ちてきれいになる◆手・指・足などの汚れを落とすために水を張る器,N5,kun,kun,IL1_okurigana(kun 96%) | IL2_single_okuri(kun 96%),洗:◆水で汚(よご)れや垢(あか)を落とす◆汚れが落ちてきれいになる◆手・指・足などの汚れを落とすために水を張る器
kk_洗濯_せんたく,洗濯,せんたく,洗:◆水で汚(よご)れや垢(あか)を落とす◆汚れが落ちてきれいになる◆手・指・足などの汚れを落とすために水を張る器; 濯:◆揺り動かすようにして洗う◆(罪科や疑いを)払拭する,N5,on,on+on,,洗:◆水で汚(よご)れや垢(あか)を落とす◆汚れが落ちてきれいになる◆手・指・足などの汚れを落とすために水を張る器; 濯:◆揺り動かすようにして洗う◆(罪科や疑いを)払拭する
kk_活動_かつどう,活動,かつどう,活:◆水が(生きているかのように)勢いよく流れるさま、またその音、「活活(カツカツ)」、同「𣿛」「𣸅」◆(水しぶきが飛び散るように)生き生きとしたさま、動きが生き生; 動:◆位置・姿勢・感情・状態・事情などが変わる、また変える、また変わり始める、「動作」「行動」「感動」◆やや・もすれば、どうかすると(～になる、～になりやすい),N5,on,on+on,B_verb_rad_力(kun 80%),活:◆水が(生きているかのように)勢いよく流れるさま、またその音、「活活(カツカツ)」、同「𣿛」「𣸅」◆(水しぶきが飛び散るように)生き生きとしたさま、動きが生き生; 動:◆位置・姿勢・感情・状態・事情などが変わる、また変える、また変わり始める、「動作」「行動」「感動」◆やや・もすれば、どうかすると(～になる、～になりやすい)
kk_浴びる_あびる,浴びる,あびる,浴:◆水や湯に体を入れる、また入って体を洗う◆水や湯を上から体に掛ける◆身に受ける、蒙(こうむ)る,N5,kun,kun,IL1_okurigana(kun 96%) | IL2_single_okuri(kun 96%),浴:◆水や湯に体を入れる、また入って体を洗う◆水や湯を上から体に掛ける◆身に受ける、蒙(こうむ)る
kk_浴衣_ゆかた,浴衣,ゆかた,浴:◆水や湯に体を入れる、また入って体を洗う◆水や湯を上から体に掛ける◆身に受ける、蒙(こうむ)る; 衣:◆身に纏(まと)う着物の総称、特に上半身に纏う着物、下半身に纏う着物は「裳」◆身に纏う◆包み込む、覆う◆ころも、部首名,N5,other,mixed+mixed~,A3_short_compound(on+on 71%),浴:◆水や湯に体を入れる、また入って体を洗う◆水や湯を上から体に掛ける◆身に受ける、蒙(こうむ)る; 衣:◆身に纏(まと)う着物の総称、特に上半身に纏う着物、下半身に纏う着物は「裳」◆身に纏う◆包み込む、覆う◆ころも、部首名
kk_海_うみ,海,うみ,海:◆大地を取り囲むように広がる深く広大な水溜まり(みずたまり)、陸地内の大きな水溜まりは「湖」◆広く大きいさま◆たくさんのものが集まっているさま,N5,kun,kun,IL2_single_default(kun 84%),海:◆大地を取り囲むように広がる深く広大な水溜まり(みずたまり)、陸地内の大きな水溜まりは「湖」◆広く大きいさま◆たくさんのものが集まっているさま
kk_海外_かいがい,海外,かいがい,海:◆大地を取り囲むように広がる深く広大な水溜まり(みずたまり)、陸地内の大きな水溜まりは「湖」◆広く大きいさま◆たくさんのものが集まっているさま; 外:◆そと、範囲・領域・組織や区切り・境界の内(内側、内部)から出たもの、表に出ている(表に面している)もの、見えるところにあるもの、またそのようなところ、逆は「内,N5,on,on+on,,海:◆大地を取り囲むように広がる深く広大な水溜まり(みずたまり)、陸地内の大きな水溜まりは「湖」◆広く大きいさま◆たくさんのものが集まっているさま; 外:◆そと、範囲・領域・組織や区切り・境界の内(内側、内部)から出たもの、表に出ている(表に面している)もの、見えるところにあるもの、またそのようなところ、逆は「内
kk_消える_きえる,消える,きえる,消:◆減る、少しずつ小さくなる、また少なくなる、また細くなる、またそのようにする◆次第に小さく(細く)なってやがて姿が見えなくなる、なくなる、後に何も残らない、また,N5,kun,kun,IL1_okurigana(kun 96%) | IL2_single_okuri(kun 96%),消:◆減る、少しずつ小さくなる、また少なくなる、また細くなる、またそのようにする◆次第に小さく(細く)なってやがて姿が見えなくなる、なくなる、後に何も残らない、また
kk_消す_けす,消す,けす,消:◆減る、少しずつ小さくなる、また少なくなる、また細くなる、またそのようにする◆次第に小さく(細く)なってやがて姿が見えなくなる、なくなる、後に何も残らない、また,N5,kun,kun,IL1_okurigana(kun 96%) | IL2_single_okuri(kun 96%),消:◆減る、少しずつ小さくなる、また少なくなる、また細くなる、またそのようにする◆次第に小さく(細く)なってやがて姿が見えなくなる、なくなる、後に何も残らない、また
kk_涙_なみだ,涙,なみだ,涙:◆目から分泌される液体、またそれが流れ落ちる◆(目から涙が出るように)ぽたぽたと滲(し)み出る¶「淚」が本字で「涙」は日本でのみ用いられる漢字,N5,kun,kun,IL2_single_default(kun 84%),涙:◆目から分泌される液体、またそれが流れ落ちる◆(目から涙が出るように)ぽたぽたと滲(し)み出る¶「淚」が本字で「涙」は日本でのみ用いられる漢字
kk_涼しい_すずしい,涼しい,すずしい,涼:◆ひんやりする、気温が低い、やや冷たい、やや寒い◆もの寂(さび)しい◆対応が冷たい、情(ジョウ)が薄い、思い遣(や)りが欠ける◆五胡十六国時代の国名、中国西北部,N5,kun,kun,IL1_okurigana(kun 96%) | IL2_single_okuri(kun 96%),涼:◆ひんやりする、気温が低い、やや冷たい、やや寒い◆もの寂(さび)しい◆対応が冷たい、情(ジョウ)が薄い、思い遣(や)りが欠ける◆五胡十六国時代の国名、中国西北部
kk_渡す_わたす,渡す,わたす,渡:◆川や海などの水で隔(へだ)てられた対岸に行く、越えて行く、「渡河(トカ)」「渡江(トコウ)」「渡水(トスイ)」◆船着き場、対岸に人や物を運ぶ船が発着するところ,N5,kun,kun,IL1_okurigana(kun 96%) | IL2_single_okuri(kun 96%),渡:◆川や海などの水で隔(へだ)てられた対岸に行く、越えて行く、「渡河(トカ)」「渡江(トコウ)」「渡水(トスイ)」◆船着き場、対岸に人や物を運ぶ船が発着するところ
kk_渡る_わたる,渡る,わたる,渡:◆川や海などの水で隔(へだ)てられた対岸に行く、越えて行く、「渡河(トカ)」「渡江(トコウ)」「渡水(トスイ)」◆船着き場、対岸に人や物を運ぶ船が発着するところ,N5,kun,kun,IL1_okurigana(kun 96%) | IL2_single_okuri(kun 96%),渡:◆川や海などの水で隔(へだ)てられた対岸に行く、越えて行く、「渡河(トカ)」「渡江(トコウ)」「渡水(トスイ)」◆船着き場、対岸に人や物を運ぶ船が発着するところ
kk_温/暖かい_あたたかい,温/暖かい,あたたかい,温:◆熱くもなく冷たくもなく程よいさま、暖かなさま、また熱を加えてそのようにする◆穏やかなさま、柔和なさま◆(古く冷めてしまったものを温め直して)蘇(よみがえ)させ; 暖:◆日光が当たってぽかぽかと暑くもなく寒くもなく程良いさま、穏(おだ)やかな陽気であるさま、同「㬉」「暄」、「温」は液体などが程よい温度であること、「煖」は火が当,N5,kun,kun+kun~,IL1_okurigana(kun 96%) | A1_compound_oku(kun 90%) | A1_on_kun_mix(on+kun 65%),温:◆熱くもなく冷たくもなく程よいさま、暖かなさま、また熱を加えてそのようにする◆穏やかなさま、柔和なさま◆(古く冷めてしまったものを温め直して)蘇(よみがえ)させ; 暖:◆日光が当たってぽかぽかと暑くもなく寒くもなく程良いさま、穏(おだ)やかな陽気であるさま、同「㬉」「暄」、「温」は液体などが程よい温度であること、「煖」は火が当
kk_温い_ぬるい,温い,ぬるい,温:◆熱くもなく冷たくもなく程よいさま、暖かなさま、また熱を加えてそのようにする◆穏やかなさま、柔和なさま◆(古く冷めてしまったものを温め直して)蘇(よみがえ)させ,N5,other,unknown,IL1_okurigana(kun 96%) | IL2_single_okuri(kun 96%),温:◆熱くもなく冷たくもなく程よいさま、暖かなさま、また熱を加えてそのようにする◆穏やかなさま、柔和なさま◆(古く冷めてしまったものを温め直して)蘇(よみがえ)させ
kk_温泉_おんせん,温泉,おんせん,温:◆熱くもなく冷たくもなく程よいさま、暖かなさま、また熱を加えてそのようにする◆穏やかなさま、柔和なさま◆(古く冷めてしまったものを温め直して)蘇(よみがえ)させ; 泉:◆水が地表に湧(わ)き出るところ、源(みなもと)、水源(スイゲン)、またその水、同「𤽇」「湶」「洤」◆銭(ぜに)、「湧(わ)き出た水が人々を潤すように、銭は人々,N5,on,on+on,,温:◆熱くもなく冷たくもなく程よいさま、暖かなさま、また熱を加えてそのようにする◆穏やかなさま、柔和なさま◆(古く冷めてしまったものを温め直して)蘇(よみがえ)させ; 泉:◆水が地表に湧(わ)き出るところ、源(みなもと)、水源(スイゲン)、またその水、同「𤽇」「湶」「洤」◆銭(ぜに)、「湧(わ)き出た水が人々を潤すように、銭は人々
kk_湿度_しつど,湿度,しつど,湿:◆僅かに水分(液体)を含んでいるさま、水気を帯びる、水気を含んでいるが水が滲み出るほどではない状態を指す; 度:◆長さを測(はか)る際に基準となる物差し(ものさし)、またその目盛(めもり)、「度量(ドリョウ、長さと容量、人の言動をどの程度容認できるかの大きさ)」「法度(ハ,N5,on,on+on,A3_short_compound(on+on 71%) | B_noun_rad_广(kun 93%),湿:◆僅かに水分(液体)を含んでいるさま、水気を帯びる、水気を含んでいるが水が滲み出るほどではない状態を指す; 度:◆長さを測(はか)る際に基準となる物差し(ものさし)、またその目盛(めもり)、「度量(ドリョウ、長さと容量、人の言動をどの程度容認できるかの大きさ)」「法度(ハ
kk_滑る_すべる,滑る,すべる,滑:◆凹凸がなくつるつるしている、すべすべしている、ざらざらとしていない◆狡(ずる)い、すばしこい(すばしっこい)、するりと身を躱(かわ)してうまく逃(のが)れる、,N5,kun,kun,IL1_okurigana(kun 96%) | IL2_single_okuri(kun 96%),滑:◆凹凸がなくつるつるしている、すべすべしている、ざらざらとしていない◆狡(ずる)い、すばしこい(すばしっこい)、するりと身を躱(かわ)してうまく逃(のが)れる、
kk_漢字_かんじ,漢字,かんじ,漢:◆陝西省漢中カンチュウ市西北部を源とする川名、西流し湖北省武漢ブカン市で長江に注ぐ ◆王朝名、「西漢」「前漢」、前202年～9年 ◆王朝名、「東漢」「後漢」、2; 字:◆子を生む、生まれた子を慈(いつく)しみ育てる、同「𡥜」◆あざな、成人時に名付ける本名以外の名、男子は二十歳で成人とし初めて冠を被り、女子は許嫁(キョカ、いいな,N5,on,on+on,A3_short_compound(on+on 71%),漢:◆陝西省漢中カンチュウ市西北部を源とする川名、西流し湖北省武漢ブカン市で長江に注ぐ ◆王朝名、「西漢」「前漢」、前202年～9年 ◆王朝名、「東漢」「後漢」、2; 字:◆子を生む、生まれた子を慈(いつく)しみ育てる、同「𡥜」◆あざな、成人時に名付ける本名以外の名、男子は二十歳で成人とし初めて冠を被り、女子は許嫁(キョカ、いいな
kk_濃い_こい,濃い,こい,濃:◆露(つゆ)や霧(きり)などの水滴が多いさま、「濃濃(ノウノウ)」、同「𩅽」◆味や色などが深い◆密度が高い◆淡くない、薄くない,N5,kun,kun,IL1_okurigana(kun 96%) | IL2_single_okuri(kun 96%),濃:◆露(つゆ)や霧(きり)などの水滴が多いさま、「濃濃(ノウノウ)」、同「𩅽」◆味や色などが深い◆密度が高い◆淡くない、薄くない
kk_火曜日_かようび,火曜日,かようび,火:◆ものが燃える時に発生する光や色や炎や熱など◆ものが赤々と燃える、また焼く◆(火が勢いよく燃えるように、また顔を紅潮させて)怒る、(火が弾けるように)突然怒り出; 曜:◆陽の光が明るく輝(かがや)く、眩(まばゆ)く輝く◆太陽・月と水金火木土星の七つの明るく光る天体、総称して「七曜(シチヨウ)」といい、これを一週間の各日に当てた; 日:◆太陽◆太陽が出ている間、昼間、夜明けから日没まで◆一昼夜、朝から次の朝まで、またその繰り返し、またその繰り返しを数える語◆候(コウ)、時節、頃(ケイ、ころ)◆,N5,mixed,on+on+kun~,A4_multi_on(on+on+on 65%),火:◆ものが燃える時に発生する光や色や炎や熱など◆ものが赤々と燃える、また焼く◆(火が勢いよく燃えるように、また顔を紅潮させて)怒る、(火が弾けるように)突然怒り出; 曜:◆陽の光が明るく輝(かがや)く、眩(まばゆ)く輝く◆太陽・月と水金火木土星の七つの明るく光る天体、総称して「七曜(シチヨウ)」といい、これを一週間の各日に当てた; 日:◆太陽◆太陽が出ている間、昼間、夜明けから日没まで◆一昼夜、朝から次の朝まで、またその繰り返し、またその繰り返しを数える語◆候(コウ)、時節、頃(ケイ、ころ)◆
kk_灰皿_はいざら,灰皿,はいざら,灰:◆ものが燃え尽(つ)きて再び燃やすことができない状態のもの、再び燃やすことができるものは「炭」◆ものを高温で燃やし尽くした後に残ったものの色、黒と白の中間の色◆; 皿:◆ものを盛る器(うつわ)の総称、一般的には蓋(ふた)がなく口が広がっている盤(バン)・盂(ウ)・盃(ハイ)・盆(ボン)などの総称◆さら、部首名,N5,other,mixed+mixed~,,灰:◆ものが燃え尽(つ)きて再び燃やすことができない状態のもの、再び燃やすことができるものは「炭」◆ものを高温で燃やし尽くした後に残ったものの色、黒と白の中間の色◆; 皿:◆ものを盛る器(うつわ)の総称、一般的には蓋(ふた)がなく口が広がっている盤(バン)・盂(ウ)・盃(ハイ)・盆(ボン)などの総称◆さら、部首名
kk_烏竜茶_ウーロンちゃ,烏竜茶,ウーロンちゃ,烏:◆カラス(烏、鴉)、カラス科カラス属の鳥、また同属の鳥の称、同「烏鴉(オア、オウ)」「孝鳥(コウチョウ)」◆(カラスが黒いことから)黒い、また黒色◆いずく・んぞ; 竜:◆角(つの)と鬚(ひげ)を持ち体は細長く鱗(うろこ)があり、春分に天に昇り秋分に淵(ふち)に潜むという想像上の動物◆天子・君主・皇帝を指す語、「龍飛(リュウヒ、; 茶:◆チャ(茶)、チャノキ(茶の木)、ツバキ科ツバキ属の木 ◆チャノキの若葉を摘(つ)み煎(せん)じて飲料用に加工したもの、遅い時期に摘み取った茶葉を使ったものは「,N5,on,mixed+mixed+on~,A4_multi_on(on+on+on 65%),烏:◆カラス(烏、鴉)、カラス科カラス属の鳥、また同属の鳥の称、同「烏鴉(オア、オウ)」「孝鳥(コウチョウ)」◆(カラスが黒いことから)黒い、また黒色◆いずく・んぞ; 竜:◆角(つの)と鬚(ひげ)を持ち体は細長く鱗(うろこ)があり、春分に天に昇り秋分に淵(ふち)に潜むという想像上の動物◆天子・君主・皇帝を指す語、「龍飛(リュウヒ、; 茶:◆チャ(茶)、チャノキ(茶の木)、ツバキ科ツバキ属の木 ◆チャノキの若葉を摘(つ)み煎(せん)じて飲料用に加工したもの、遅い時期に摘み取った茶葉を使ったものは「
kk_無い_ない,無い,ない,無:◆ない、存在しない、有(ゆう)していない◆～ではない、～であってはならない◆簡「无」,N5,kun,kun,IL1_okurigana(kun 96%) | IL2_single_okuri(kun 96%),無:◆ない、存在しない、有(ゆう)していない◆～ではない、～であってはならない◆簡「无」
kk_無くす_なくす,無くす,なくす,無:◆ない、存在しない、有(ゆう)していない◆～ではない、～であってはならない◆簡「无」,N5,kun,kun,IL1_okurigana(kun 96%) | IL2_single_okuri(kun 96%),無:◆ない、存在しない、有(ゆう)していない◆～ではない、～であってはならない◆簡「无」
kk_然し/併し_しかし,然し/併し,しかし,然:◆燃やす、火で焼く、「イヌ(犬、狗)の肉(月)を燃やす(灬)」の意、同「燃」◆～のような、～のように◆しか・も、その上に、それでも◆しか・り、その通り、yes◆; 併:◆あわ・せる、二つのもの(幾つかのもの)を一つにする、同「幷」◆並ぶ、並べる、同「並」◆簡「并」◆[日]しか・し、～ではあるけれども,N5,kun,kun+kun~,IL1_okurigana(kun 96%) | A1_compound_oku(kun 90%) | A1_on_kun_mix(on+kun 65%),然:◆燃やす、火で焼く、「イヌ(犬、狗)の肉(月)を燃やす(灬)」の意、同「燃」◆～のような、～のように◆しか・も、その上に、それでも◆しか・り、その通り、yes◆; 併:◆あわ・せる、二つのもの(幾つかのもの)を一つにする、同「幷」◆並ぶ、並べる、同「並」◆簡「并」◆[日]しか・し、～ではあるけれども
kk_焼き鳥_やきとり,焼き鳥,やきとり,焼:◆火をつける、火つけて燃やす、火の中にものを入れて燃やす、ものが熱せられて炎や煙が立ち昇る◆[日]あれこれと進んで人に尽くす; 鳥:◆羽毛に覆(おお)われ嘴(くちばし)があり二足で卵生の動物の総称◆とり、とりへん、部首名,N5,kun,kun+kun~,IL1_okurigana(kun 96%) | A1_compound_oku(kun 90%) | A1_on_kun_mix(on+kun 65%),焼:◆火をつける、火つけて燃やす、火の中にものを入れて燃やす、ものが熱せられて炎や煙が立ち昇る◆[日]あれこれと進んで人に尽くす; 鳥:◆羽毛に覆(おお)われ嘴(くちばし)があり二足で卵生の動物の総称◆とり、とりへん、部首名
kk_焼酎_しょうちゅう,焼酎,しょうちゅう,焼:◆火をつける、火つけて燃やす、火の中にものを入れて燃やす、ものが熱せられて炎や煙が立ち昇る◆[日]あれこれと進んで人に尽くす; 酎:◆(二度三度と)繰り返し醸造(ジョウゾウ)した濃い酒◆「酎祭(チュウサイ)」、皇帝が秋に執(と)り行う祭礼、費用や供物(くもつ)を諸侯に醵出(キョシュツ)させた,N5,on,on+on,,焼:◆火をつける、火つけて燃やす、火の中にものを入れて燃やす、ものが熱せられて炎や煙が立ち昇る◆[日]あれこれと進んで人に尽くす; 酎:◆(二度三度と)繰り返し醸造(ジョウゾウ)した濃い酒◆「酎祭(チュウサイ)」、皇帝が秋に執(と)り行う祭礼、費用や供物(くもつ)を諸侯に醵出(キョシュツ)させた
kk_煙草_タバコ,煙草,タバコ,煙:◆ものが燃える時に発生する気体や微粒子◆煤(すす)、煙の粒子が飛散せずに黒く溜(た)まったもの◆空中を大量の微粒子が浮遊することによって霞(かす)むさま、またぼ; 草:◆(特に野生の)一年以内に枯死し茎が木質化しない植物(草本植物という)の総称◆粗い、大まかな◆(大まかな)下書き◆荒れた土地、人が足を踏み入れないところ、「草深,N5,other,mixed+mixed~,A3_short_compound(on+on 71%),煙:◆ものが燃える時に発生する気体や微粒子◆煤(すす)、煙の粒子が飛散せずに黒く溜(た)まったもの◆空中を大量の微粒子が浮遊することによって霞(かす)むさま、またぼ; 草:◆(特に野生の)一年以内に枯死し茎が木質化しない植物(草本植物という)の総称◆粗い、大まかな◆(大まかな)下書き◆荒れた土地、人が足を踏み入れないところ、「草深
kk_煩い/五月蝿い_うるさい,煩い/五月蝿い,うるさい,煩:◆あれこれ多くの物や事が入り乱れるさま◆あれこれ多くの物や事が身に降りかかる、またそれで頭を痛める、また苛々(いらいら)する、また思い悩む、「煩悶(ハンモン)」; 五:◆数の名、五番目の数、真ん中の数 ◆五人を一組とした軍隊の編成単位、同「伍」◆工尺譜(コウセキフ、コウシャクフ、楽譜の表記法の一つ)で「ラ」の音を表す; 月:◆地球の衛星の名、太陰(タイイン)、「日」を「太陽」というのに対して月を「太陰」という◆一年をほぼ十二等分した期間、新月(月が見えなくなる日)から次の新月までの,N5,other,mixed+mixed+mixed+mixed~,IL1_okurigana(kun 96%) | A1_compound_oku(kun 90%) | A1_on_kun_mix(on+kun 65%),煩:◆あれこれ多くの物や事が入り乱れるさま◆あれこれ多くの物や事が身に降りかかる、またそれで頭を痛める、また苛々(いらいら)する、また思い悩む、「煩悶(ハンモン)」; 五:◆数の名、五番目の数、真ん中の数 ◆五人を一組とした軍隊の編成単位、同「伍」◆工尺譜(コウセキフ、コウシャクフ、楽譜の表記法の一つ)で「ラ」の音を表す; 月:◆地球の衛星の名、太陰(タイイン)、「日」を「太陽」というのに対して月を「太陰」という◆一年をほぼ十二等分した期間、新月(月が見えなくなる日)から次の新月までの
kk_熊_くま,熊,くま,熊:◆クマ(熊)、クマ科の哺乳類,N5,kun,kun,IL2_single_default(kun 84%),熊:◆クマ(熊)、クマ科の哺乳類
kk_熱い_あつい,熱い,あつい,熱:◆火に温められて立ち昇る温気や蒸気◆火に当たって温度が高くなる、太陽の熱によって気温が上がるのは「暑」◆火照(ほて)る◆盛んになる、夢中になる,N5,kun,kun,IL1_okurigana(kun 96%) | IL2_single_okuri(kun 96%),熱:◆火に温められて立ち昇る温気や蒸気◆火に当たって温度が高くなる、太陽の熱によって気温が上がるのは「暑」◆火照(ほて)る◆盛んになる、夢中になる
kk_父_ちち,父,ちち,父:◆男親(おとこおや)、家長(カチョウ)◆家族・親族・種族・民族などを率(ひき)いる男性◆名前の後に付けて用いる男子の美称、同「甫」◆年長また老年の男性に対する敬,N5,kun,kun,IL2_single_default(kun 84%),父:◆男親(おとこおや)、家長(カチョウ)◆家族・親族・種族・民族などを率(ひき)いる男性◆名前の後に付けて用いる男子の美称、同「甫」◆年長また老年の男性に対する敬
kk_片仮名_かたかな,片仮名,かたかな,片:◆切って(切り開いて、切り裂いて)薄く広げたもの、薄く平らなもの◆大きなものを小さく分けたその一つ、小さいもの◆少しであるさま、僅(わず)かなさま、「片言(ヘン; 仮:◆他から(他のものを)一時的に借りる、他に一時的に貸す、同「叚」◆実際とは違うが一時的に他のものを用いる、足りないところに他のものを借りて当てる、他のもので間に; 名:◆人に付ける呼称、また動物・もの・出来事などを呼んだり指し示したり識別したりするためにその各々に付ける呼称、「名称(メイショウ)」◆呼称を付ける、「命名(メイメ,N5,mixed,kun+on+kun~,A4_multi_on(on+on+on 65%),片:◆切って(切り開いて、切り裂いて)薄く広げたもの、薄く平らなもの◆大きなものを小さく分けたその一つ、小さいもの◆少しであるさま、僅(わず)かなさま、「片言(ヘン; 仮:◆他から(他のものを)一時的に借りる、他に一時的に貸す、同「叚」◆実際とは違うが一時的に他のものを用いる、足りないところに他のものを借りて当てる、他のもので間に; 名:◆人に付ける呼称、また動物・もの・出来事などを呼んだり指し示したり識別したりするためにその各々に付ける呼称、「名称(メイショウ)」◆呼称を付ける、「命名(メイメ
kk_牛乳_ぎゅうにゅう,牛乳,ぎゅうにゅう,牛:◆ウシ(牛)、ウシ目の哺乳類の総称、特に家畜のウシを指す◆(牛のように)強情な、傲慢な◆二十八宿北方玄武ゲンブの第二星 ◆「牛蒡(ゴボウ)」、キク科ゴボウ属の草; 乳:◆生まれたばかりの子を育てるために母親の体から分泌される液体、ミルクmilk、またそれに似た白くやや粘性のある液体、同「奶」「嬭」◆(母乳を必要とする)生まれた,N5,on,on+on,B_noun_rad_牛(kun 93%),牛:◆ウシ(牛)、ウシ目の哺乳類の総称、特に家畜のウシを指す◆(牛のように)強情な、傲慢な◆二十八宿北方玄武ゲンブの第二星 ◆「牛蒡(ゴボウ)」、キク科ゴボウ属の草; 乳:◆生まれたばかりの子を育てるために母親の体から分泌される液体、ミルクmilk、またそれに似た白くやや粘性のある液体、同「奶」「嬭」◆(母乳を必要とする)生まれた
kk_牛肉_ぎゅうにく,牛肉,ぎゅうにく,牛:◆ウシ(牛)、ウシ目の哺乳類の総称、特に家畜のウシを指す◆(牛のように)強情な、傲慢な◆二十八宿北方玄武ゲンブの第二星 ◆「牛蒡(ゴボウ)」、キク科ゴボウ属の草; 肉:◆人や動物の骨・臓器などを除いた部分、果実の種などを除いた部分、ものの内部の骨・内臓・種などを厚く覆(おお)い、外的な力からそれらを保護し、同時にその形状や位置,N5,on,on+on,B_noun_rad_牛(kun 93%),牛:◆ウシ(牛)、ウシ目の哺乳類の総称、特に家畜のウシを指す◆(牛のように)強情な、傲慢な◆二十八宿北方玄武ゲンブの第二星 ◆「牛蒡(ゴボウ)」、キク科ゴボウ属の草; 肉:◆人や動物の骨・臓器などを除いた部分、果実の種などを除いた部分、ものの内部の骨・内臓・種などを厚く覆(おお)い、外的な力からそれらを保護し、同時にその形状や位置
kk_物_もの,物,もの,物:◆(天地の間に存在する)人以外の形のあるもの、人は「者」、形のないものは「事」,N5,kun,kun,IL2_single_default(kun 84%) | B_noun_rad_牛(kun 93%),物:◆(天地の間に存在する)人以外の形のあるもの、人は「者」、形のないものは「事」
kk_特技_とくぎ,特技,とくぎ,特:◆牡牛(おすうし)、祭礼の際の犠牲(ギセイ、生贄いけにえ)として選ばれるひときわ立派な牡牛、同「犆」「𤙰」◆際立(きわだ)っている、抜きん出ている、非常に◆それ; 技:◆手足を使い巧(たく)みに物を作る或いは操(あやつ)る、またその能力や方法◆藝(ゲイ、芸術、技芸)、巧みに演(エン)ずる、またその能力や方法,N5,on,on+on,A3_short_compound(on+on 71%) | B_noun_rad_牛(kun 93%) | B_verb_rad_手(kun 80%),特:◆牡牛(おすうし)、祭礼の際の犠牲(ギセイ、生贄いけにえ)として選ばれるひときわ立派な牡牛、同「犆」「𤙰」◆際立(きわだ)っている、抜きん出ている、非常に◆それ; 技:◆手足を使い巧(たく)みに物を作る或いは操(あやつ)る、またその能力や方法◆藝(ゲイ、芸術、技芸)、巧みに演(エン)ずる、またその能力や方法
kk_犬_いぬ,犬,いぬ,犬:◆イヌ科の動物の総称、同「狗」、敢えて区分するとすれば大形のものが「犬」、小形のものが「狗」◆つまらないもの、(自らを卑下して)つまらないもの◆「犬馬(ケンバ),N5,kun,kun,IL2_single_default(kun 84%),犬:◆イヌ科の動物の総称、同「狗」、敢えて区分するとすれば大形のものが「犬」、小形のものが「狗」◆つまらないもの、(自らを卑下して)つまらないもの◆「犬馬(ケンバ)
kk_狭い_せまい,狭い,せまい,狭:◆両側から挟(はさ)まれて空き(あき、幅、間隔)が小さい、また小さくなる、また小さくする◆心(度量)に幅がない(余裕がない)、また小さい◆幅や間隔が小さい,N5,kun,kun,IL1_okurigana(kun 96%) | IL2_single_okuri(kun 96%),狭:◆両側から挟(はさ)まれて空き(あき、幅、間隔)が小さい、また小さくなる、また小さくする◆心(度量)に幅がない(余裕がない)、また小さい◆幅や間隔が小さい
kk_猫_ねこ,猫,ねこ,猫:◆ネコ(猫)、特にイエネコ(家猫、家畜化されたネコ、飼い猫)、ネコ科ネコ属の哺乳類、同繁「貓」◆(天子や領主が)夏に行う狩り、春は「蒐(シュウ)、獀(ソウ)」、,N5,kun,kun,IL2_single_default(kun 84%),猫:◆ネコ(猫)、特にイエネコ(家猫、家畜化されたネコ、飼い猫)、ネコ科ネコ属の哺乳類、同繁「貓」◆(天子や領主が)夏に行う狩り、春は「蒐(シュウ)、獀(ソウ)」、
kk_玄関_げんかん,玄関,げんかん,玄:◆やや赤みを帯びた黒色◆濃く深みのある(ほぼ黒に近い)色、深く暗い色、同「𢆯」◆天(テン)、頭上高く無限に広がる空間◆奥深いさま、遥(はる)か遠いさま◆奥深くそ; 関:◆閂(かんぬき)、扉を閉め内側から横に渡して扉が開かないようにするための横木、同「閞」◆門を閉じる、門を閉じて閂を掛ける◆国や領地などの周りを囲った境界に設けら,N5,on,on+on,,玄:◆やや赤みを帯びた黒色◆濃く深みのある(ほぼ黒に近い)色、深く暗い色、同「𢆯」◆天(テン)、頭上高く無限に広がる空間◆奥深いさま、遥(はる)か遠いさま◆奥深くそ; 関:◆閂(かんぬき)、扉を閉め内側から横に渡して扉が開かないようにするための横木、同「閞」◆門を閉じる、門を閉じて閂を掛ける◆国や領地などの周りを囲った境界に設けら
kk_甘い_あまい,甘い,あまい,甘:◆あま・い、五味(甘・酸・鹹・苦・辛)の一つ、同「甜」◆あま・い、口当たりがよい◆うま・い、美味(おい)しい、味が良い◆あま・んずる、満足する、よしとする、よし,N5,kun,kun,IL1_okurigana(kun 96%) | IL2_single_okuri(kun 96%),甘:◆あま・い、五味(甘・酸・鹹・苦・辛)の一つ、同「甜」◆あま・い、口当たりがよい◆うま・い、美味(おい)しい、味が良い◆あま・んずる、満足する、よしとする、よし
kk_生まれる_うまれる,生まれる,うまれる,生:◆う・まれる、それまでになかった新しいものが現れ出る、また新しいことが起こる◆い・きる、成長し活動できる状態で存在する、またその状態◆なま、現れ出た時のそのまま,N5,kun,kun,IL1_okurigana(kun 96%) | IL2_single_okuri(kun 96%),生:◆う・まれる、それまでになかった新しいものが現れ出る、また新しいことが起こる◆い・きる、成長し活動できる状態で存在する、またその状態◆なま、現れ出た時のそのまま
kk_生徒_せいと,生徒,せいと,生:◆う・まれる、それまでになかった新しいものが現れ出る、また新しいことが起こる◆い・きる、成長し活動できる状態で存在する、またその状態◆なま、現れ出た時のそのまま; 徒:◆かち、乗り物に乗らず歩いて行く、同「𢓂」◆何も持たない、「徒手(トシュ、手に何も持たないこと)」◆いたずら・に、むだ、あだ、空(むな)しい、無駄に、「手に何も,N5,on,on+on,A3_short_compound(on+on 71%),生:◆う・まれる、それまでになかった新しいものが現れ出る、また新しいことが起こる◆い・きる、成長し活動できる状態で存在する、またその状態◆なま、現れ出た時のそのまま; 徒:◆かち、乗り物に乗らず歩いて行く、同「𢓂」◆何も持たない、「徒手(トシュ、手に何も持たないこと)」◆いたずら・に、むだ、あだ、空(むな)しい、無駄に、「手に何も
kk_生活_せいかつ,生活,せいかつ,生:◆う・まれる、それまでになかった新しいものが現れ出る、また新しいことが起こる◆い・きる、成長し活動できる状態で存在する、またその状態◆なま、現れ出た時のそのまま; 活:◆水が(生きているかのように)勢いよく流れるさま、またその音、「活活(カツカツ)」、同「𣿛」「𣸅」◆(水しぶきが飛び散るように)生き生きとしたさま、動きが生き生,N5,on,on+on,,生:◆う・まれる、それまでになかった新しいものが現れ出る、また新しいことが起こる◆い・きる、成長し活動できる状態で存在する、またその状態◆なま、現れ出た時のそのまま; 活:◆水が(生きているかのように)勢いよく流れるさま、またその音、「活活(カツカツ)」、同「𣿛」「𣸅」◆(水しぶきが飛び散るように)生き生きとしたさま、動きが生き生
kk_田舎_いなか,田舎,いなか,田:◆畦(あぜ)などで区画され平らに整地された耕作地、主に農作物を栽培する土地、同「佃」◆狩(か)り、狩りをする、「田漁(デンギョ、漁猟)」「田犬(デンケン、狩猟犬; 舎:◆身体を休めるところ、家、休息や宿泊するための宿◆休息する、身体を休める◆軍隊の一日の行軍距離の単位、1舎=30里(約15km)、「一舎ごとに一宿する」ことから,N5,on,mixed+on~,A3_short_compound(on+on 71%),田:◆畦(あぜ)などで区画され平らに整地された耕作地、主に農作物を栽培する土地、同「佃」◆狩(か)り、狩りをする、「田漁(デンギョ、漁猟)」「田犬(デンケン、狩猟犬; 舎:◆身体を休めるところ、家、休息や宿泊するための宿◆休息する、身体を休める◆軍隊の一日の行軍距離の単位、1舎=30里(約15km)、「一舎ごとに一宿する」ことから
kk_申す_もうす,申す,もうす,申:◆さる、十二支の九番目、時刻では午後四時を中心とした二時間、方角では西南西、動物ではサル(猿)を当てる ◆伸ばす、折れたり曲がっているものをまっすぐにする、同「,N5,kun,kun,IL1_okurigana(kun 96%) | IL2_single_okuri(kun 96%),申:◆さる、十二支の九番目、時刻では午後四時を中心とした二時間、方角では西南西、動物ではサル(猿)を当てる ◆伸ばす、折れたり曲がっているものをまっすぐにする、同「
kk_男_おとこ,男,おとこ,男:◆雄(ユウ、おす)としての特性を持つ人、女(雌めすとしての特性を持つ人)と対になる性の一方、「田畑で力仕事をする人」の意◆息子(むすこ)◆親に対しての息子の自称,N5,kun,kun,IL2_single_default(kun 84%),男:◆雄(ユウ、おす)としての特性を持つ人、女(雌めすとしての特性を持つ人)と対になる性の一方、「田畑で力仕事をする人」の意◆息子(むすこ)◆親に対しての息子の自称
kk_町_まち,町,まち,町:◆田畑を区切る細い道、土を盛って人が通れるように平らにした畦道(あぜみち)、同「圢」「䵺」◆「町疃(テイタン)」、町や村の外(はず)れで、シカ(鹿)などの動物が,N5,kun,kun,IL2_single_default(kun 84%),町:◆田畑を区切る細い道、土を盛って人が通れるように平らにした畦道(あぜみち)、同「圢」「䵺」◆「町疃(テイタン)」、町や村の外(はず)れで、シカ(鹿)などの動物が
kk_留学_りゅうがく,留学,りゅうがく,留:◆動きを止(と)める、動きを止めて同じ場所や状態に止(とど)まる◆同じ状態が残る、同じ状態で残す; 学:◆(教えを受けながら、見て倣いながら)知識や技術などを身に付ける、習得する、またその内容、知識や技術などを授(さず)けることを「教」◆教えを受け知識や技術などを,N5,on,on+on,,留:◆動きを止(と)める、動きを止めて同じ場所や状態に止(とど)まる◆同じ状態が残る、同じ状態で残す; 学:◆(教えを受けながら、見て倣いながら)知識や技術などを身に付ける、習得する、またその内容、知識や技術などを授(さず)けることを「教」◆教えを受け知識や技術などを
kk_留学生_りゅうがくせい,留学生,りゅうがくせい,留:◆動きを止(と)める、動きを止めて同じ場所や状態に止(とど)まる◆同じ状態が残る、同じ状態で残す; 学:◆(教えを受けながら、見て倣いながら)知識や技術などを身に付ける、習得する、またその内容、知識や技術などを授(さず)けることを「教」◆教えを受け知識や技術などを; 生:◆う・まれる、それまでになかった新しいものが現れ出る、また新しいことが起こる◆い・きる、成長し活動できる状態で存在する、またその状態◆なま、現れ出た時のそのまま,N5,on,on+on+on,A4_multi_on(on+on+on 65%),留:◆動きを止(と)める、動きを止めて同じ場所や状態に止(とど)まる◆同じ状態が残る、同じ状態で残す; 学:◆(教えを受けながら、見て倣いながら)知識や技術などを身に付ける、習得する、またその内容、知識や技術などを授(さず)けることを「教」◆教えを受け知識や技術などを; 生:◆う・まれる、それまでになかった新しいものが現れ出る、また新しいことが起こる◆い・きる、成長し活動できる状態で存在する、またその状態◆なま、現れ出た時のそのまま
kk_番号_ばんごう,番号,ばんごう,番:◆順に並んでいるものを次々に入れ替えながら繰り返すこと、またその順位、またその順位に当たること、「輪番(リンバン、順番に交替しながら繰り返すこと)」「當番(トウ; 号:◆大声を出す、大声で呼ぶ、「号令(ゴウレイ)」「怒号(ドゴウ)」◆大きな声で泣く、また鳴く、また吼(ほ)える、「号泣(ゴウキュウ)」◆名付ける、正式な名前、「称,N5,on,on+on,,番:◆順に並んでいるものを次々に入れ替えながら繰り返すこと、またその順位、またその順位に当たること、「輪番(リンバン、順番に交替しながら繰り返すこと)」「當番(トウ; 号:◆大声を出す、大声で呼ぶ、「号令(ゴウレイ)」「怒号(ドゴウ)」◆大きな声で泣く、また鳴く、また吼(ほ)える、「号泣(ゴウキュウ)」◆名付ける、正式な名前、「称
kk_疲れる_つかれる,疲れる,つかれる,疲:◆くたびれる、力が出ない、気力がなくなる,N5,kun,kun,IL1_okurigana(kun 96%) | IL2_single_okuri(kun 96%),疲:◆くたびれる、力が出ない、気力がなくなる
kk_病気_びょうき,病気,びょうき,病:◆体調や精神状態が正常でなくなる◆不調なさま、普段の或いは正常な状態でないさま◆体や心を痛める、憂える、苦しむ; 気:◆中国古来の考えで、天地全ての事物の基本要素、目に見えず形状は一定しない、あらゆる事物の生死・盛衰などの変化・変動はこの「気」の移動・集散によるものと考えられた,N5,on,on+on,A3_short_compound(on+on 71%),病:◆体調や精神状態が正常でなくなる◆不調なさま、普段の或いは正常な状態でないさま◆体や心を痛める、憂える、苦しむ; 気:◆中国古来の考えで、天地全ての事物の基本要素、目に見えず形状は一定しない、あらゆる事物の生死・盛衰などの変化・変動はこの「気」の移動・集散によるものと考えられた
kk_病院_びょういん,病院,びょういん,病:◆体調や精神状態が正常でなくなる◆不調なさま、普段の或いは正常な状態でないさま◆体や心を痛める、憂える、苦しむ; 院:◆壁などで周りを囲った幾つもの建物からなる屋敷や施設◆壁や家などで周りが取り囲まれている庭、中庭、「院落(インラク)」「庭院(テイイン)」 ◆(学校・病院などの,N5,on,on+on,,病:◆体調や精神状態が正常でなくなる◆不調なさま、普段の或いは正常な状態でないさま◆体や心を痛める、憂える、苦しむ; 院:◆壁などで周りを囲った幾つもの建物からなる屋敷や施設◆壁や家などで周りが取り囲まれている庭、中庭、「院落(インラク)」「庭院(テイイン)」 ◆(学校・病院などの
kk_痛い_いたい,痛い,いたい,痛:◆病気・傷・刺激などによって引き起こされる身体的な苦しみ◆精神的な苦しみや悲しみ◆甚(はなは)だ、非常に,N5,kun,kun,IL1_okurigana(kun 96%) | IL2_single_okuri(kun 96%),痛:◆病気・傷・刺激などによって引き起こされる身体的な苦しみ◆精神的な苦しみや悲しみ◆甚(はなは)だ、非常に
kk_登る/上る_のぼる,登る/上る,のぼる,登:◆高いところに上がる、高い方(上の方)に進む、同「陞」、一般に道や階段や梯子(はしご)などの足場を伝いながら上がることをいい、足場がなく浮くように上がるのは「昇; 上:◆位置・場所・地位などが高い、高い方にある◆高い方に移る、昇る、登る◆順序・時間などが前、前の方にある◆前の方に移る◆等級・品質などが高い、優れている◆殿様、皇,N5,kun,kun+kun~,IL1_okurigana(kun 96%) | A1_compound_oku(kun 90%) | A1_on_kun_mix(on+kun 65%),登:◆高いところに上がる、高い方(上の方)に進む、同「陞」、一般に道や階段や梯子(はしご)などの足場を伝いながら上がることをいい、足場がなく浮くように上がるのは「昇; 上:◆位置・場所・地位などが高い、高い方にある◆高い方に移る、昇る、登る◆順序・時間などが前、前の方にある◆前の方に移る◆等級・品質などが高い、優れている◆殿様、皇
kk_白_しろ,白,しろ,白:◆無色、雪の色、どんな色にも染まっていないさま、同「㿟」「皛」◆曇りがないさま、汚(けが)れがないさま、清(きよ)いさま◆何もないさま、あるがままであるさま、「,N5,kun,kun,IL2_single_default(kun 84%),白:◆無色、雪の色、どんな色にも染まっていないさま、同「㿟」「皛」◆曇りがないさま、汚(けが)れがないさま、清(きよ)いさま◆何もないさま、あるがままであるさま、「
kk_白い_しろい,白い,しろい,白:◆無色、雪の色、どんな色にも染まっていないさま、同「㿟」「皛」◆曇りがないさま、汚(けが)れがないさま、清(きよ)いさま◆何もないさま、あるがままであるさま、「,N5,kun,kun,IL1_okurigana(kun 96%) | IL2_single_okuri(kun 96%),白:◆無色、雪の色、どんな色にも染まっていないさま、同「㿟」「皛」◆曇りがないさま、汚(けが)れがないさま、清(きよ)いさま◆何もないさま、あるがままであるさま、「
kk_百_ひゃく,百,ひゃく,百:◆数の名、十の十倍、ヘクトhecto ◆数(数・回数・頻度・種類など)が多いさま◆多くの,N5,on,on,IL2_single_default(kun 84%),百:◆数の名、十の十倍、ヘクトhecto ◆数(数・回数・頻度・種類など)が多いさま◆多くの
kk_皆_みんな,皆,みんな,皆:◆揃って、一緒に、共に、同「倶」「偕」◆[日]みな、全て、全部◆[日]みんな、全ての人,N5,kun,kun,IL2_single_default(kun 84%),皆:◆揃って、一緒に、共に、同「倶」「偕」◆[日]みな、全て、全部◆[日]みんな、全ての人
kk_皆さん_みなさん,皆さん,みなさん,皆:◆揃って、一緒に、共に、同「倶」「偕」◆[日]みな、全て、全部◆[日]みんな、全ての人,N5,kun,kun,IL1_okurigana(kun 96%) | IL2_single_okuri(kun 96%),皆:◆揃って、一緒に、共に、同「倶」「偕」◆[日]みな、全て、全部◆[日]みんな、全ての人
kk_皮_かわ,皮,かわ,皮:◆体の表面を覆っている膜状のもの、動物の皮を剥いで平らに延ばし乾かしたりしたものは「革」、鞣(なめ)したものは「韋」◆物事の表面を覆っている膜状のもの◆かわ、ひ,N5,kun,kun,IL2_single_default(kun 84%),皮:◆体の表面を覆っている膜状のもの、動物の皮を剥いで平らに延ばし乾かしたりしたものは「革」、鞣(なめ)したものは「韋」◆物事の表面を覆っている膜状のもの◆かわ、ひ
kk_皿_さら,皿,さら,皿:◆ものを盛る器(うつわ)の総称、一般的には蓋(ふた)がなく口が広がっている盤(バン)・盂(ウ)・盃(ハイ)・盆(ボン)などの総称◆さら、部首名,N5,kun,kun,IL2_single_default(kun 84%),皿:◆ものを盛る器(うつわ)の総称、一般的には蓋(ふた)がなく口が広がっている盤(バン)・盂(ウ)・盃(ハイ)・盆(ボン)などの総称◆さら、部首名
kk_目_め,目,め,目:◆眼(め、眼球ガンキュウ、黒目くろめ)・白目(しろめ、結膜ケツマク)・視神経などを含むものを見る器官全体、またその形状や様子や機能◆ものを見る、また見分ける◆眼,N5,kun,kun,IL2_single_default(kun 84%),目:◆眼(め、眼球ガンキュウ、黒目くろめ)・白目(しろめ、結膜ケツマク)・視神経などを含むものを見る器官全体、またその形状や様子や機能◆ものを見る、また見分ける◆眼
kk_直ぐ_すぐ,直ぐ,すぐ,直:◆ものをまっすぐによく見る◆まっすぐなさま、曲がったり折れたり歪(ゆが)んだりしない(していない)さま、「正直(ショウジキ、まっすぐなこと、嘘や偽りがないこと),N5,kun,kun,IL1_okurigana(kun 96%) | IL2_single_okuri(kun 96%),直:◆ものをまっすぐによく見る◆まっすぐなさま、曲がったり折れたり歪(ゆが)んだりしない(していない)さま、「正直(ショウジキ、まっすぐなこと、嘘や偽りがないこと)
kk_直ぐに_すぐに,直ぐに,すぐに,直:◆ものをまっすぐによく見る◆まっすぐなさま、曲がったり折れたり歪(ゆが)んだりしない(していない)さま、「正直(ショウジキ、まっすぐなこと、嘘や偽りがないこと),N5,kun,kun,IL1_okurigana(kun 96%) | IL2_single_okuri(kun 96%),直:◆ものをまっすぐによく見る◆まっすぐなさま、曲がったり折れたり歪(ゆが)んだりしない(していない)さま、「正直(ショウジキ、まっすぐなこと、嘘や偽りがないこと)
kk_直す_なおす,直す,なおす,直:◆ものをまっすぐによく見る◆まっすぐなさま、曲がったり折れたり歪(ゆが)んだりしない(していない)さま、「正直(ショウジキ、まっすぐなこと、嘘や偽りがないこと),N5,kun,kun,IL1_okurigana(kun 96%) | IL2_single_okuri(kun 96%),直:◆ものをまっすぐによく見る◆まっすぐなさま、曲がったり折れたり歪(ゆが)んだりしない(していない)さま、「正直(ショウジキ、まっすぐなこと、嘘や偽りがないこと)
kk_相撲_すもう,相撲,すもう,相:◆(対象となるものを)よく見る◆互(たが)いに～(しあう)、「互相(ゴソウ、相互ソウゴ)」◆二つのものの間に起こること、また関係し合うこと、片方から他方へ働き掛; 撲:◆なぐ・る、軽く撃つ、軽く叩(はた)く◆ぶつかる、ぶつける◆ぶつかって倒れる◆「撲地(プーディ)」、「ぽん」「ぱっ」「ぎゅ」などという短い動きを表す副詞、例「撲,N5,other,mixed+mixed~,A3_short_compound(on+on 71%) | B_verb_rad_手(kun 80%),相:◆(対象となるものを)よく見る◆互(たが)いに～(しあう)、「互相(ゴソウ、相互ソウゴ)」◆二つのものの間に起こること、また関係し合うこと、片方から他方へ働き掛; 撲:◆なぐ・る、軽く撃つ、軽く叩(はた)く◆ぶつかる、ぶつける◆ぶつかって倒れる◆「撲地(プーディ)」、「ぽん」「ぱっ」「ぎゅ」などという短い動きを表す副詞、例「撲
kk_看板_かんばん,看板,かんばん,看:◆目の上に掌(てのひら)を翳(かざ)して見る、また望む、同「𥉏」◆目を凝(こ)らして見る、注意深く見る、観察する、「看過(カンカ、見逃す)」◆見守る、「看病(カ; 板:◆薄く平らな木、薄く平らなもの◆印刷する文字や絵などを彫(ほ)り込んだ板、同「版」◆(古くは板に書かれたことから)詔書(ショウショ)、文書、「【後漢書:卷八十四,N5,on,on+on,B_noun_rad_木(kun 93%),看:◆目の上に掌(てのひら)を翳(かざ)して見る、また望む、同「𥉏」◆目を凝(こ)らして見る、注意深く見る、観察する、「看過(カンカ、見逃す)」◆見守る、「看病(カ; 板:◆薄く平らな木、薄く平らなもの◆印刷する文字や絵などを彫(ほ)り込んだ板、同「版」◆(古くは板に書かれたことから)詔書(ショウショ)、文書、「【後漢書:卷八十四
kk_真っ直ぐ_まっすぐ,真っ直ぐ,まっすぐ,真:◆手が加えられていない、本来の、本当の、確かな、嘘(うそ)や偽(いつわ)りがない◆正しい、正当な; 直:◆ものをまっすぐによく見る◆まっすぐなさま、曲がったり折れたり歪(ゆが)んだりしない(していない)さま、「正直(ショウジキ、まっすぐなこと、嘘や偽りがないこと),N5,kun,kun+kun~,IL1_okurigana(kun 96%) | A1_compound_oku(kun 90%) | A1_on_kun_mix(on+kun 65%),真:◆手が加えられていない、本来の、本当の、確かな、嘘(うそ)や偽(いつわ)りがない◆正しい、正当な; 直:◆ものをまっすぐによく見る◆まっすぐなさま、曲がったり折れたり歪(ゆが)んだりしない(していない)さま、「正直(ショウジキ、まっすぐなこと、嘘や偽りがないこと)
kk_眼鏡_めがね,眼鏡,めがね,眼:◆目玉(めだま)、目の球状(黒目くろめ、眼球ガンキュウ)の部分、「目」はこの「眼」と「白眼(ハクガン、白目しろめ、結膜ケツマク)」・視神経などを含む、ものを見る; 鏡:◆光の反射を利用して像を映(うつ)し出す、またその道具、古くは盆に水を張り鏡として使ったが、後には石や金属の表面を平らに磨いて鏡とした、同「鑑」 ◆(像を、姿を,N5,other,mixed+mixed~,A3_short_compound(on+on 71%) | B_noun_rad_金(kun 93%),眼:◆目玉(めだま)、目の球状(黒目くろめ、眼球ガンキュウ)の部分、「目」はこの「眼」と「白眼(ハクガン、白目しろめ、結膜ケツマク)」・視神経などを含む、ものを見る; 鏡:◆光の反射を利用して像を映(うつ)し出す、またその道具、古くは盆に水を張り鏡として使ったが、後には石や金属の表面を平らに磨いて鏡とした、同「鑑」 ◆(像を、姿を
kk_着く_つく,着く,つく,着:◆目的や目標としている物事・場所などに届く、また達する、また到る、同「著」◆他のものに付く、同「著」◆き・る、衣服を身に付ける、同「著」◆火や明かりを点(つ)け,N5,kun,kun,IL1_okurigana(kun 96%) | IL2_single_okuri(kun 96%),着:◆目的や目標としている物事・場所などに届く、また達する、また到る、同「著」◆他のものに付く、同「著」◆き・る、衣服を身に付ける、同「著」◆火や明かりを点(つ)け
kk_着る_きる,着る,きる,着:◆目的や目標としている物事・場所などに届く、また達する、また到る、同「著」◆他のものに付く、同「著」◆き・る、衣服を身に付ける、同「著」◆火や明かりを点(つ)け,N5,kun,kun,IL1_okurigana(kun 96%) | IL2_single_okuri(kun 96%),着:◆目的や目標としている物事・場所などに届く、また達する、また到る、同「著」◆他のものに付く、同「著」◆き・る、衣服を身に付ける、同「著」◆火や明かりを点(つ)け
kk_知る_しる,知る,しる,知:◆(矢のように素早く、矢が的の中央に当たるように的確に)認識する、見定める、「察知(サッチ)」「知識(チシキ)」、「智」は「見知ったことを理解しその正邪を正しく,N5,kun,kun,IL1_okurigana(kun 96%) | IL2_single_okuri(kun 96%),知:◆(矢のように素早く、矢が的の中央に当たるように的確に)認識する、見定める、「察知(サッチ)」「知識(チシキ)」、「智」は「見知ったことを理解しその正邪を正しく
kk_短い_みじかい,短い,みじかい,短:◆長さや時間が足りない、また足りていない、「短促(タンソク、短いさま、慌ただしいさま)」◆長くない、早い、小さい、少ない、「短世(タンセイ、早世すること)」◆足,N5,kun,kun,IL1_okurigana(kun 96%) | IL2_single_okuri(kun 96%),短:◆長さや時間が足りない、また足りていない、「短促(タンソク、短いさま、慌ただしいさま)」◆長くない、早い、小さい、少ない、「短世(タンセイ、早世すること)」◆足
kk_石鹸_せっけん,石鹸,せっけん,石:◆地殻を構成する鉱物で硬(かた)く塊(かたまり)状をしたもの、堅く塊状をしたもの、多く岩(いわ、山のように大きな石)よりも小さく、砂(すな、小さな粒状の石)より; 鹸:◆地中の塩分◆灰汁(あく)、灰を溶かした水の上澄み(アルカリalkali性の液体)◆塩基性、アルカリ性、またその物質、炭酸ナトリウムsodium carbona,N5,on,mixed+on~,,石:◆地殻を構成する鉱物で硬(かた)く塊(かたまり)状をしたもの、堅く塊状をしたもの、多く岩(いわ、山のように大きな石)よりも小さく、砂(すな、小さな粒状の石)より; 鹸:◆地中の塩分◆灰汁(あく)、灰を溶かした水の上澄み(アルカリalkali性の液体)◆塩基性、アルカリ性、またその物質、炭酸ナトリウムsodium carbona
kk_砂糖_さとう,砂糖,さとう,砂:◆細かい粒状の石、同「沙」◆小さく硬い粒状のもの; 糖:◆米・麦・甘蔗・甜菜などから作った甘味料◆甘い飴,N5,on,on+on,A3_short_compound(on+on 71%) | B_noun_rad_米(kun 93%),砂:◆細かい粒状の石、同「沙」◆小さく硬い粒状のもの; 糖:◆米・麦・甘蔗・甜菜などから作った甘味料◆甘い飴
kk_確かめる_たしかめる,確かめる,たしかめる,確:◆石のように堅(かた)い、堅くしっかりとしていて揺るぎがない◆間違いない◆簡「确」,N5,kun,kun,IL1_okurigana(kun 96%) | IL2_single_okuri(kun 96%),確:◆石のように堅(かた)い、堅くしっかりとしていて揺るぎがない◆間違いない◆簡「确」
kk_磨く_みがく,磨く,みがく,磨:◆研(みが)く、擦(こす)り合わせる、石や玉(ギョク、大変美しい石)を擦って形を整える、また表面を滑らかにする◆石臼(いしうす)、回転させながら穀物などを粉砕す,N5,kun,kun,IL1_okurigana(kun 96%) | IL2_single_okuri(kun 96%),磨:◆研(みが)く、擦(こす)り合わせる、石や玉(ギョク、大変美しい石)を擦って形を整える、また表面を滑らかにする◆石臼(いしうす)、回転させながら穀物などを粉砕す
kk_社会_しゃかい,社会,しゃかい,社:◆土地の神、土地の神を祀った所◆同種また同じ目的を持つ人から成る集まり; 会:◆人が集まる、同じ時間や場所に(同じ目的で)集まる、「会合(カイゴウ)」◆多くの人が(出向いて)集まる、また集まったところ、「集会(シュウカイ)」「都会(トカイ,N5,on,on+on,A3_short_compound(on+on 71%),社:◆土地の神、土地の神を祀った所◆同種また同じ目的を持つ人から成る集まり; 会:◆人が集まる、同じ時間や場所に(同じ目的で)集まる、「会合(カイゴウ)」◆多くの人が(出向いて)集まる、また集まったところ、「集会(シュウカイ)」「都会(トカイ
kk_社員_しゃいん,社員,しゃいん,社:◆土地の神、土地の神を祀った所◆同種また同じ目的を持つ人から成る集まり; 員:◆限られた範囲(場所・空間など)に入っている(含まれる)人、集団に属している人、またその人数◆限られた範囲(特に国土・領土などの境界線)の大きさ、また広さ◆円(,N5,on,on+on,A3_short_compound(on+on 71%),社:◆土地の神、土地の神を祀った所◆同種また同じ目的を持つ人から成る集まり; 員:◆限られた範囲(場所・空間など)に入っている(含まれる)人、集団に属している人、またその人数◆限られた範囲(特に国土・領土などの境界線)の大きさ、また広さ◆円(
kk_祝う_いわう,祝う,いわう,祝:◆神前で祈祷(キトウ)する、神に申し上げる、またその言葉、またその人◆「巫祝(フシュク)」、祭祀(サイシ)などの神事を司(つかさど)る人◆人に幸い・喜びを賜りま,N5,kun,kun,IL1_okurigana(kun 96%) | IL2_single_okuri(kun 96%),祝:◆神前で祈祷(キトウ)する、神に申し上げる、またその言葉、またその人◆「巫祝(フシュク)」、祭祀(サイシ)などの神事を司(つかさど)る人◆人に幸い・喜びを賜りま
kk_私_わたくし,私,わたくし,私:◆自分、某(それがし)◆自分自身の、自分や自分の身内や自分の知り合いだけの、個人的な、公(おおやけ)でない◆公のことを顧(かえり)みずに自分の利益だけを優先する,N5,kun,kun,IL2_single_default(kun 84%),私:◆自分、某(それがし)◆自分自身の、自分や自分の身内や自分の知り合いだけの、個人的な、公(おおやけ)でない◆公のことを顧(かえり)みずに自分の利益だけを優先する
kk_私_わたし,私,わたし,私:◆自分、某(それがし)◆自分自身の、自分や自分の身内や自分の知り合いだけの、個人的な、公(おおやけ)でない◆公のことを顧(かえり)みずに自分の利益だけを優先する,N5,kun,kun,IL2_single_default(kun 84%),私:◆自分、某(それがし)◆自分自身の、自分や自分の身内や自分の知り合いだけの、個人的な、公(おおやけ)でない◆公のことを顧(かえり)みずに自分の利益だけを優先する
kk_秋_あき,秋,あき,秋:◆穀物の実が成熟して収穫する季節◆物事に取り掛かる時、機が熟す重要な時、大切な時期,N5,kun,kun,IL2_single_default(kun 84%),秋:◆穀物の実が成熟して収穫する季節◆物事に取り掛かる時、機が熟す重要な時、大切な時期
kk_秘密_ひみつ,秘密,ひみつ,秘:◆外から見えない、人目に触れない、またそのようににする◆奥が深く人知では伺い知れない、滅多に目にすることができない; 密:◆ぴったりとくっついて隙間がない◆閉ざされていて或いは奥まっていて外から見えない、また窺い知れない◆広く大きく物音や人の声が届いて来ない、ひっそりとした◆山深く,N5,on,on+on,A3_short_compound(on+on 71%) | B_noun_rad_宀(kun 93%),秘:◆外から見えない、人目に触れない、またそのようににする◆奥が深く人知では伺い知れない、滅多に目にすることができない; 密:◆ぴったりとくっついて隙間がない◆閉ざされていて或いは奥まっていて外から見えない、また窺い知れない◆広く大きく物音や人の声が届いて来ない、ひっそりとした◆山深く
kk_種類_しゅるい,種類,しゅるい,種:◆(植物が)生長し実を結ぶ元になるもの、またそれを植え付ける、またそれを蒔(ま)く◆起源を同じにするもの、共通性のあるもの、またその集まり◆簡「种」; 類:◆よく似ている、よく似たもの、よく似たものの集まり◆性格・性質が共通しているもの、またその集まり◆凡そ、大体、「似たもの、似ている」の意,N5,on,on+on,A3_short_compound(on+on 71%),種:◆(植物が)生長し実を結ぶ元になるもの、またそれを植え付ける、またそれを蒔(ま)く◆起源を同じにするもの、共通性のあるもの、またその集まり◆簡「种」; 類:◆よく似ている、よく似たもの、よく似たものの集まり◆性格・性質が共通しているもの、またその集まり◆凡そ、大体、「似たもの、似ている」の意
kk_空_そら,空,そら,空:◆(中に)何もない、何も含まれていない、虚(うつ)ろなさま◆何もないところ、天と地の間(あいだ),N5,kun,kun,IL2_single_default(kun 84%),空:◆(中に)何もない、何も含まれていない、虚(うつ)ろなさま◆何もないところ、天と地の間(あいだ)
kk_穿く_はく,穿く,はく,穿:◆穴を開ける、孔(あな)が開く◆反対側まで通(とお)す、貫(つらぬ)く、同「串」◆(狭いところを)通り抜ける◆は・く、袴(はかま)やズボンjupon[仏]などを,N5,kun,kun,IL1_okurigana(kun 96%) | IL2_single_okuri(kun 96%),穿:◆穴を開ける、孔(あな)が開く◆反対側まで通(とお)す、貫(つらぬ)く、同「串」◆(狭いところを)通り抜ける◆は・く、袴(はかま)やズボンjupon[仏]などを
kk_窓_まど,窓,まど,窓:◆通気や採光のために壁などに設けるもの、同「囱」「牎」 ◆壁など(内と外を隔てる遮蔽物)の内と外の間の開口部,N5,kun,kun,IL2_single_default(kun 84%),窓:◆通気や採光のために壁などに設けるもの、同「囱」「牎」 ◆壁など(内と外を隔てる遮蔽物)の内と外の間の開口部
kk_立つ_たつ,立つ,たつ,立:◆地(チ、地面、土台、基盤)に足を着け垂直にする、また垂直になる、地から上に向かって伸ばす、また伸びる◆しっかりとした土台を築いてその上にものを作り上げて行く、,N5,kun,kun,IL1_okurigana(kun 96%) | IL2_single_okuri(kun 96%),立:◆地(チ、地面、土台、基盤)に足を着け垂直にする、また垂直になる、地から上に向かって伸ばす、また伸びる◆しっかりとした土台を築いてその上にものを作り上げて行く、
kk_立てる_たてる,立てる,たてる,立:◆地(チ、地面、土台、基盤)に足を着け垂直にする、また垂直になる、地から上に向かって伸ばす、また伸びる◆しっかりとした土台を築いてその上にものを作り上げて行く、,N5,kun,kun,IL1_okurigana(kun 96%) | IL2_single_okuri(kun 96%),立:◆地(チ、地面、土台、基盤)に足を着け垂直にする、また垂直になる、地から上に向かって伸ばす、また伸びる◆しっかりとした土台を築いてその上にものを作り上げて行く、
kk_立派_りっぱ,立派,りっぱ,立:◆地(チ、地面、土台、基盤)に足を着け垂直にする、また垂直になる、地から上に向かって伸ばす、また伸びる◆しっかりとした土台を築いてその上にものを作り上げて行く、; 派:◆本流から枝分かれした流れ◆本筋の流れ(本流、主流、本家)から分かれ出たもの◆本(もと)の一部を割(さ)いて、本とは違う場所・方向に向かわせる、「派遣(ハケン),N5,on,mixed+on~,A3_short_compound(on+on 71%),立:◆地(チ、地面、土台、基盤)に足を着け垂直にする、また垂直になる、地から上に向かって伸ばす、また伸びる◆しっかりとした土台を築いてその上にものを作り上げて行く、; 派:◆本流から枝分かれした流れ◆本筋の流れ(本流、主流、本家)から分かれ出たもの◆本(もと)の一部を割(さ)いて、本とは違う場所・方向に向かわせる、「派遣(ハケン)
kk_等_など,等,など,等:◆きちんと揃(そろ)え整(ととの)えられた竹簡(チクカン、竹の札に記された文書)◆凸凹せずにきちんと揃う、また揃える、また整える◆数・量・大きさ・程度などが同じ,N5,kun,kun,IL2_single_default(kun 84%) | B_noun_rad_竹(kun 93%),等:◆きちんと揃(そろ)え整(ととの)えられた竹簡(チクカン、竹の札に記された文書)◆凸凹せずにきちんと揃う、また揃える、また整える◆数・量・大きさ・程度などが同じ
kk_答え_こたえ,答え,こたえ,答:◆相手からの問い掛けや働き掛けに対して自分の意思を言葉や態度で返す、返事をする◆相手からの問い掛けや働き掛けに応対する、応(こた)える◆相手の心遣いなどに言葉や,N5,kun,kun,IL1_okurigana(kun 96%) | IL2_single_okuri(kun 96%) | B_noun_rad_竹(kun 93%),答:◆相手からの問い掛けや働き掛けに対して自分の意思を言葉や態度で返す、返事をする◆相手からの問い掛けや働き掛けに応対する、応(こた)える◆相手の心遣いなどに言葉や
kk_答える_こたえる,答える,こたえる,答:◆相手からの問い掛けや働き掛けに対して自分の意思を言葉や態度で返す、返事をする◆相手からの問い掛けや働き掛けに応対する、応(こた)える◆相手の心遣いなどに言葉や,N5,kun,kun,IL1_okurigana(kun 96%) | IL2_single_okuri(kun 96%) | B_noun_rad_竹(kun 93%),答:◆相手からの問い掛けや働き掛けに対して自分の意思を言葉や態度で返す、返事をする◆相手からの問い掛けや働き掛けに応対する、応(こた)える◆相手の心遣いなどに言葉や
kk_箱_はこ,箱,はこ,箱:◆ものを収納(収蔵)する方形の入れ物、四周が囲われ上面・下面が塞(ふさ)がれているもの、小形のものは「篋(キョウ、はこ)」、またそのような形のもの◆人や物を入れ,N5,kun,kun,IL2_single_default(kun 84%) | B_noun_rad_竹(kun 93%),箱:◆ものを収納(収蔵)する方形の入れ物、四周が囲われ上面・下面が塞(ふさ)がれているもの、小形のものは「篋(キョウ、はこ)」、またそのような形のもの◆人や物を入れ
kk_箸_はし,箸,はし,箸:◆食べ物を挟(はさ)んで持つための二本一組の竹製の棒、同「櫡」「筯」◆はっきりと示す、明らかにする、書き表す、明らかなさま、同「著」◆着(つ)く、到着する、同「,N5,kun,kun,IL2_single_default(kun 84%) | B_noun_rad_竹(kun 93%),箸:◆食べ物を挟(はさ)んで持つための二本一組の竹製の棒、同「櫡」「筯」◆はっきりと示す、明らかにする、書き表す、明らかなさま、同「著」◆着(つ)く、到着する、同「
kk_節分_せつぶん,節分,せつぶん,節:◆タケ(竹、イネ科タケ亜科の木)の中空の茎が途中で区切られ外側に硬く盛り上がっているところ、イネ科の植物に多くみられる◆区切り、変わり目、段落、けじめ◆区切りで; 分:◆一つに纏(まと)まっているものを幾つかに切り離す、また幾つかに仕切る(区切る)、「分割(ブンカツ)」、切り離したものを仕分けることを「別」◆一つの纏まりから一,N5,on,on+on,B_noun_rad_竹(kun 93%) | B_verb_rad_刀(kun 80%),節:◆タケ(竹、イネ科タケ亜科の木)の中空の茎が途中で区切られ外側に硬く盛り上がっているところ、イネ科の植物に多くみられる◆区切り、変わり目、段落、けじめ◆区切りで; 分:◆一つに纏(まと)まっているものを幾つかに切り離す、また幾つかに仕切る(区切る)、「分割(ブンカツ)」、切り離したものを仕分けることを「別」◆一つの纏まりから一
kk_粥_かゆ,粥,かゆ,粥:◆米などの穀物を多めの水で柔らかく炊いたもの或いは煮たもの、同「鬻」◆鬻(ひさ)ぐ、(生活をするためにものを)売る、同「鬻」,N5,kun,kun,IL2_single_default(kun 84%) | B_noun_rad_米(kun 93%),粥:◆米などの穀物を多めの水で柔らかく炊いたもの或いは煮たもの、同「鬻」◆鬻(ひさ)ぐ、(生活をするためにものを)売る、同「鬻」
kk_糊_のり,糊,のり,糊:◆どろっとした濃い粥(かゆ)、同「𪏻」「𩱍」◆粘り気があるさま、とろみがあるさま、同「𪏻」「𩰯」◆米粉などを煮詰めて作った粘着剤◆(ものの上に薬や糊などを)塗る,N5,kun,kun,IL2_single_default(kun 84%) | B_noun_rad_米(kun 93%),糊:◆どろっとした濃い粥(かゆ)、同「𪏻」「𩱍」◆粘り気があるさま、とろみがあるさま、同「𪏻」「𩰯」◆米粉などを煮詰めて作った粘着剤◆(ものの上に薬や糊などを)塗る
kk_紅茶_こうちゃ,紅茶,こうちゃ,紅:◆(やや)白色が混じった赤色、濃いピンクpink色、赤色(淡赤から深赤まで全般を指す)◆(花や女性の)美しいさま、艶(あで)やかなさま◆「女紅(ジョコウ)」、女; 茶:◆チャ(茶)、チャノキ(茶の木)、ツバキ科ツバキ属の木 ◆チャノキの若葉を摘(つ)み煎(せん)じて飲料用に加工したもの、遅い時期に摘み取った茶葉を使ったものは「,N5,on,on+on,A3_short_compound(on+on 71%),紅:◆(やや)白色が混じった赤色、濃いピンクpink色、赤色(淡赤から深赤まで全般を指す)◆(花や女性の)美しいさま、艶(あで)やかなさま◆「女紅(ジョコウ)」、女; 茶:◆チャ(茶)、チャノキ(茶の木)、ツバキ科ツバキ属の木 ◆チャノキの若葉を摘(つ)み煎(せん)じて飲料用に加工したもの、遅い時期に摘み取った茶葉を使ったものは「
kk_紙_かみ,紙,かみ,紙:◆植物などの繊維を抄(す)き薄く平らにしたもの、paper,N5,kun,kun,IL2_single_default(kun 84%),紙:◆植物などの繊維を抄(す)き薄く平らにしたもの、paper
kk_素晴しい_すばらしい,素晴しい,すばらしい,素:◆色を染める前の白い糸◆白い、無地の◆形は整えられているが、それ以上には手が加えられていない、本来の、元のままの、「素質(ソシツ)」◆飾らない、飾り気のない、「; 晴:◆(雨や雪が止んで)雲がなくなる、雲がなく空が澄み渡る、同「夝」「暒」,N5,other,mixed+mixed~,IL1_okurigana(kun 96%) | A1_compound_oku(kun 90%) | A1_on_kun_mix(on+kun 65%),素:◆色を染める前の白い糸◆白い、無地の◆形は整えられているが、それ以上には手が加えられていない、本来の、元のままの、「素質(ソシツ)」◆飾らない、飾り気のない、「; 晴:◆(雨や雪が止んで)雲がなくなる、雲がなく空が澄み渡る、同「夝」「暒」
kk_細い_ほそい,細い,ほそい,細:◆小さい◆幅が狭い◆(細く)弱々しいさま、しなやかなさま◆(細部にまで亘って)詳(くわ)しい,N5,kun,kun,IL1_okurigana(kun 96%) | IL2_single_okuri(kun 96%),細:◆小さい◆幅が狭い◆(細く)弱々しいさま、しなやかなさま◆(細部にまで亘って)詳(くわ)しい
kk_終わり_おわり,終わり,おわり,終:◆途切れずに続いているものの後方の部分、始まりの部分は「始」◆続いていたものが尽きる、これから先はないところにまで到(いた)る◆最後に、ついに、しまいに、とうと,N5,kun,kun,IL1_okurigana(kun 96%) | IL2_single_okuri(kun 96%),終:◆途切れずに続いているものの後方の部分、始まりの部分は「始」◆続いていたものが尽きる、これから先はないところにまで到(いた)る◆最後に、ついに、しまいに、とうと
kk_終わる_おわる,終わる,おわる,終:◆途切れずに続いているものの後方の部分、始まりの部分は「始」◆続いていたものが尽きる、これから先はないところにまで到(いた)る◆最後に、ついに、しまいに、とうと,N5,kun,kun,IL1_okurigana(kun 96%) | IL2_single_okuri(kun 96%),終:◆途切れずに続いているものの後方の部分、始まりの部分は「始」◆続いていたものが尽きる、これから先はないところにまで到(いた)る◆最後に、ついに、しまいに、とうと
kk_結婚_けっこん,結婚,けっこん,結:◆糸や紐(ひも)・縄(なわ)・綱(つな)などの両端を繋(つな)いで解(ほど)けないようにする◆解けたり緩(ゆる)んだりしないように締(し)める、しっかりと繋ぐ◆; 婚:◆娶る(めとる、他家の女性を妻として迎える)、嫁ぐ(とつぐ、他家の男性のところに妻として入る)、夫婦になる、同「昏」、「女昏」は黄昏(たそがれ)時に嫁を迎えて婚,N5,on,on+on,,結:◆糸や紐(ひも)・縄(なわ)・綱(つな)などの両端を繋(つな)いで解(ほど)けないようにする◆解けたり緩(ゆる)んだりしないように締(し)める、しっかりと繋ぐ◆; 婚:◆娶る(めとる、他家の女性を妻として迎える)、嫁ぐ(とつぐ、他家の男性のところに妻として入る)、夫婦になる、同「昏」、「女昏」は黄昏(たそがれ)時に嫁を迎えて婚
kk_結構_けっこう,結構,けっこう,結:◆糸や紐(ひも)・縄(なわ)・綱(つな)などの両端を繋(つな)いで解(ほど)けないようにする◆解けたり緩(ゆる)んだりしないように締(し)める、しっかりと繋ぐ◆; 構:◆材木をしっかりと組んで建物を作る、また出来上がった建物◆(建物・作品・組織など)幾つかの素材や要素を組み合わせて作り上げる、また組み立て上がったもの◆組み立て,N5,on,on+on,B_noun_rad_木(kun 93%),結:◆糸や紐(ひも)・縄(なわ)・綱(つな)などの両端を繋(つな)いで解(ほど)けないようにする◆解けたり緩(ゆる)んだりしないように締(し)める、しっかりと繋ぐ◆; 構:◆材木をしっかりと組んで建物を作る、また出来上がった建物◆(建物・作品・組織など)幾つかの素材や要素を組み合わせて作り上げる、また組み立て上がったもの◆組み立て
kk_絵_え,絵,え,絵:◆布にさまざまな色糸を使って模様を刺繍する、また刺繍された布◆さまざまな色を使って模様を描く、また描かれたもの,N5,on,on,IL2_on_only(on 99%),絵:◆布にさまざまな色糸を使って模様を刺繍する、また刺繍された布◆さまざまな色を使って模様を描く、また描かれたもの
kk_絵葉書_えはがき,絵葉書,えはがき,絵:◆布にさまざまな色糸を使って模様を刺繍する、また刺繍された布◆さまざまな色を使って模様を描く、また描かれたもの; 葉:◆植物の茎や枝から伸び出る薄く平らなもの、主に光を受け成長に必要な養分を合成する(光合成、コウゴウセイ)役割を担う◆(葉のように)薄いもの◆紙などのような薄いも; 書:◆文字を筆(聿)などで記(しる)す、著(あらわ)す、「書物(ショモツ)」「文書(ブンショ)」◆手紙、「書信(ショシン)」◆「書経(ショキョウ、別名尚書ショウショ,N5,on,on+mixed+mixed~,A4_multi_on(on+on+on 65%),絵:◆布にさまざまな色糸を使って模様を刺繍する、また刺繍された布◆さまざまな色を使って模様を描く、また描かれたもの; 葉:◆植物の茎や枝から伸び出る薄く平らなもの、主に光を受け成長に必要な養分を合成する(光合成、コウゴウセイ)役割を担う◆(葉のように)薄いもの◆紙などのような薄いも; 書:◆文字を筆(聿)などで記(しる)す、著(あらわ)す、「書物(ショモツ)」「文書(ブンショ)」◆手紙、「書信(ショシン)」◆「書経(ショキョウ、別名尚書ショウショ
kk_綺麗_きれい,綺麗,きれい,綺:◆細糸で模様を織り出した絹織物◆美しい、優美な; 麗:◆形が整い立派で美しい◆(鹿の角のように)ペアpair(対)になって並ぶ◆連なる◆[日]うら・らか、晴れて穏やかなさま,N5,on,on+on,A3_short_compound(on+on 71%),綺:◆細糸で模様を織り出した絹織物◆美しい、優美な; 麗:◆形が整い立派で美しい◆(鹿の角のように)ペアpair(対)になって並ぶ◆連なる◆[日]うら・らか、晴れて穏やかなさま
kk_緑_みどり,緑,みどり,緑:◆青に黄が混じった色、草木の葉の色◆澄んだ水の深みのような濃い青色◆黒に近い深く濃い青色,N5,kun,kun,IL2_single_default(kun 84%),緑:◆青に黄が混じった色、草木の葉の色◆澄んだ水の深みのような濃い青色◆黒に近い深く濃い青色
kk_締める_しめる,締める,しめる,締:◆しっかりと結ぶ、解(ほど)けたり緩(ゆる)んだりしないように結ぶ、結び合わせる◆しっかりと閉(と)じる、閉(し)める◆[日]すっかりおしまいにする、合計する,N5,kun,kun,IL1_okurigana(kun 96%) | IL2_single_okuri(kun 96%),締:◆しっかりと結ぶ、解(ほど)けたり緩(ゆる)んだりしないように結ぶ、結び合わせる◆しっかりと閉(と)じる、閉(し)める◆[日]すっかりおしまいにする、合計する
kk_練習_れんしゅう,練習,れんしゅう,練:◆生糸や絹布を繰り返し煮て柔らかく白くする、同「湅」◆熟(こな)れていないものを繰り返し鍛(きた)える、鍛えて良いものにする◆習熟(シュウジュク)する、繰り返し; 習:◆何度も繰り返す、何度も繰り返すことによって身に付ける、同「慣」◆なら・わし、繰り返されることで身に付いたこと、普段から繰り返し行われること、同「慣」,N5,on,on+on,,練:◆生糸や絹布を繰り返し煮て柔らかく白くする、同「湅」◆熟(こな)れていないものを繰り返し鍛(きた)える、鍛えて良いものにする◆習熟(シュウジュク)する、繰り返し; 習:◆何度も繰り返す、何度も繰り返すことによって身に付ける、同「慣」◆なら・わし、繰り返されることで身に付いたこと、普段から繰り返し行われること、同「慣」
kk_縦_たて,縦,たて,縦:◆放(はな)つ、解(と)き放つ、放免(ホウメン)する、放任(ホウニン)する◆ほしいまま、(拘束から解き放たれて)思いのままにする、勝手気儘(きまま)にする、「放,N5,kun,kun,IL2_single_default(kun 84%),縦:◆放(はな)つ、解(と)き放つ、放免(ホウメン)する、放任(ホウニン)する◆ほしいまま、(拘束から解き放たれて)思いのままにする、勝手気儘(きまま)にする、「放
kk_置く_おく,置く,おく,置:◆まっすぐに立てる、動かないように(傾いたり揺らいだり位置や状態が変わったりしないように)しっかりと据(す)える、同「寘」◆設(もう)ける、あるべきところに据え,N5,kun,kun,IL1_okurigana(kun 96%) | IL2_single_okuri(kun 96%),置:◆まっすぐに立てる、動かないように(傾いたり揺らいだり位置や状態が変わったりしないように)しっかりと据(す)える、同「寘」◆設(もう)ける、あるべきところに据え
kk_美味しい_おいしい,美味しい,おいしい,美:◆綺麗な、姿形が良い◆善(よ)い、良い、優(すぐ)れている◆美味しい、味が良い、甘い◆褒(ほ)める、称賛する; 味:◆舌で感じる、舌の感覚◆「五味(ゴミ)」、舌の感覚(味)を五つに大別したもの、酸(酸っぱい味)苦(苦い味)辛(辛い味)鹹(塩辛い味)甘(甘い味)、「【禮記注疏(,N5,other,mixed+mixed~,IL1_okurigana(kun 96%) | A1_compound_oku(kun 90%) | A1_on_kun_mix(on+kun 65%),美:◆綺麗な、姿形が良い◆善(よ)い、良い、優(すぐ)れている◆美味しい、味が良い、甘い◆褒(ほ)める、称賛する; 味:◆舌で感じる、舌の感覚◆「五味(ゴミ)」、舌の感覚(味)を五つに大別したもの、酸(酸っぱい味)苦(苦い味)辛(辛い味)鹹(塩辛い味)甘(甘い味)、「【禮記注疏(
kk_習う_ならう,習う,ならう,習:◆何度も繰り返す、何度も繰り返すことによって身に付ける、同「慣」◆なら・わし、繰り返されることで身に付いたこと、普段から繰り返し行われること、同「慣」,N5,kun,kun,IL1_okurigana(kun 96%) | IL2_single_okuri(kun 96%),習:◆何度も繰り返す、何度も繰り返すことによって身に付ける、同「慣」◆なら・わし、繰り返されることで身に付いたこと、普段から繰り返し行われること、同「慣」
kk_者_もの,者,もの,者:◆～の人、～する人、「使者(ししゃ、使いをする人、運び届けること)」◆こと(事)、もの(物)、「再者(サイシャ、更に付け加えること、追伸)」「前者(ゼンシャ、前,N5,kun,kun,IL2_single_default(kun 84%),者:◆～の人、～する人、「使者(ししゃ、使いをする人、運び届けること)」◆こと(事)、もの(物)、「再者(サイシャ、更に付け加えること、追伸)」「前者(ゼンシャ、前
kk_耳_みみ,耳,みみ,耳:◆顔の両側にあって聴覚と平衡感覚を掌(つかさど)る器官◆(耳で)聞く、話や声や音が(耳に)届く◆～と(耳で)聞いている、～と聞いた◆(耳のように)ものの両側にあ,N5,kun,kun,IL2_single_default(kun 84%),耳:◆顔の両側にあって聴覚と平衡感覚を掌(つかさど)る器官◆(耳で)聞く、話や声や音が(耳に)届く◆～と(耳で)聞いている、～と聞いた◆(耳のように)ものの両側にあ
kk_聞く_きく,聞く,きく,聞:◆(声や音や噂うわさや知らせなどが)耳に届く、耳に伝わってくる、「【說文解字注:耳部:聞】知聲也(往曰聽來曰聞…)[†「こちらから聞く」ことを「聽」、「向こうか,N5,kun,kun,IL1_okurigana(kun 96%) | IL2_single_okuri(kun 96%),聞:◆(声や音や噂うわさや知らせなどが)耳に届く、耳に伝わってくる、「【說文解字注:耳部:聞】知聲也(往曰聽來曰聞…)[†「こちらから聞く」ことを「聽」、「向こうか
kk_肉_にく,肉,にく,肉:◆人や動物の骨・臓器などを除いた部分、果実の種などを除いた部分、ものの内部の骨・内臓・種などを厚く覆(おお)い、外的な力からそれらを保護し、同時にその形状や位置,N5,on,on,IL2_single_default(kun 84%),肉:◆人や動物の骨・臓器などを除いた部分、果実の種などを除いた部分、ものの内部の骨・内臓・種などを厚く覆(おお)い、外的な力からそれらを保護し、同時にその形状や位置
kk_背_せ,背,せ,背:◆体の後ろ側の肩から腰までの部分、腹の反対側、裏側、「自分からは見えない部分」をいう ◆荷や仕事などを担(にな)う、負(お)う◆相手が見えない方を向く、相手が見,N5,kun,kun,IL2_single_default(kun 84%),背:◆体の後ろ側の肩から腰までの部分、腹の反対側、裏側、「自分からは見えない部分」をいう ◆荷や仕事などを担(にな)う、負(お)う◆相手が見えない方を向く、相手が見
kk_背_せい,背,せい,背:◆体の後ろ側の肩から腰までの部分、腹の反対側、裏側、「自分からは見えない部分」をいう ◆荷や仕事などを担(にな)う、負(お)う◆相手が見えない方を向く、相手が見,N5,kun,kun,IL2_single_default(kun 84%),背:◆体の後ろ側の肩から腰までの部分、腹の反対側、裏側、「自分からは見えない部分」をいう ◆荷や仕事などを担(にな)う、負(お)う◆相手が見えない方を向く、相手が見
kk_背広_せびろ,背広,せびろ,背:◆体の後ろ側の肩から腰までの部分、腹の反対側、裏側、「自分からは見えない部分」をいう ◆荷や仕事などを担(にな)う、負(お)う◆相手が見えない方を向く、相手が見; 広:◆周りに壁がなく天井が高い大きな建物、周りに遮(さえぎ)るものがなく大きく開(ひら)けているところ◆中心から外方向に大きい、四方八方に行き渡る◆左右・東西など横,N5,other,mixed+mixed~,A3_short_compound(on+on 71%) | B_noun_rad_广(kun 93%),背:◆体の後ろ側の肩から腰までの部分、腹の反対側、裏側、「自分からは見えない部分」をいう ◆荷や仕事などを担(にな)う、負(お)う◆相手が見えない方を向く、相手が見; 広:◆周りに壁がなく天井が高い大きな建物、周りに遮(さえぎ)るものがなく大きく開(ひら)けているところ◆中心から外方向に大きい、四方八方に行き渡る◆左右・東西など横
kk_脱ぐ_ぬぐ,脱ぐ,ぬぐ,脱:◆肉から骨や皮を剥(は)ぎ取る、剥(む)き取る◆覆っているものを取り去る、覆っているものから抜け出る◆取り去る、外(はず)す◆抜(ぬ)ける、抜け落ちる、抜け出る,N5,kun,kun,IL1_okurigana(kun 96%) | IL2_single_okuri(kun 96%),脱:◆肉から骨や皮を剥(は)ぎ取る、剥(む)き取る◆覆っているものを取り去る、覆っているものから抜け出る◆取り去る、外(はず)す◆抜(ぬ)ける、抜け落ちる、抜け出る
kk_自分_じぶん,自分,じぶん,自:◆みずか・ら、己(おのれ)、己の◆おの・ずから、己ひとりで、他からの影響を受けずに、それのみの力や意志で◆～から、～より、場所や時間の起点を表す◆みずから、部首; 分:◆一つに纏(まと)まっているものを幾つかに切り離す、また幾つかに仕切る(区切る)、「分割(ブンカツ)」、切り離したものを仕分けることを「別」◆一つの纏まりから一,N5,on,on+on,A3_short_compound(on+on 71%) | B_verb_rad_刀(kun 80%),自:◆みずか・ら、己(おのれ)、己の◆おの・ずから、己ひとりで、他からの影響を受けずに、それのみの力や意志で◆～から、～より、場所や時間の起点を表す◆みずから、部首; 分:◆一つに纏(まと)まっているものを幾つかに切り離す、また幾つかに仕切る(区切る)、「分割(ブンカツ)」、切り離したものを仕分けることを「別」◆一つの纏まりから一
kk_自動車_じどうしゃ,自動車,じどうしゃ,自:◆みずか・ら、己(おのれ)、己の◆おの・ずから、己ひとりで、他からの影響を受けずに、それのみの力や意志で◆～から、～より、場所や時間の起点を表す◆みずから、部首; 動:◆位置・姿勢・感情・状態・事情などが変わる、また変える、また変わり始める、「動作」「行動」「感動」◆やや・もすれば、どうかすると(～になる、～になりやすい); 車:◆二つの輪(リン、車輪)の中心に軸(ジク、車軸)を通し、その上に人や物を乗せるための台(車台)を設(しつら)えたもの ◆輪状・円状のものが軸を中心として回転する,N5,on,on+on+on,A4_multi_on(on+on+on 65%) | B_verb_rad_力(kun 80%),自:◆みずか・ら、己(おのれ)、己の◆おの・ずから、己ひとりで、他からの影響を受けずに、それのみの力や意志で◆～から、～より、場所や時間の起点を表す◆みずから、部首; 動:◆位置・姿勢・感情・状態・事情などが変わる、また変える、また変わり始める、「動作」「行動」「感動」◆やや・もすれば、どうかすると(～になる、～になりやすい); 車:◆二つの輪(リン、車輪)の中心に軸(ジク、車軸)を通し、その上に人や物を乗せるための台(車台)を設(しつら)えたもの ◆輪状・円状のものが軸を中心として回転する
kk_自己紹介_じこしょうかい,自己紹介,じこしょうかい,自:◆みずか・ら、己(おのれ)、己の◆おの・ずから、己ひとりで、他からの影響を受けずに、それのみの力や意志で◆～から、～より、場所や時間の起点を表す◆みずから、部首; 己:◆おのれ、自分◆つちのと、十干(ジッカン、甲・乙・丙・丁・戊・己・庚・辛・壬・癸)の六番目 ◆[日]おのれ、相手を罵って言う言葉◆おのれ、き、つちのと、部首名; 紹:◆糸と糸の端同士を繋(つな)ぐ、同「綤」◆受け継ぐ、継承(ケイショウ)する、「紹繼(ショウケイ)」、同「綤」◆人と人の間に立って関係を繋ぐ、人を引き合わせて取り,N5,on,on+on+on+on,A4_multi_on(on+on+on+on 65%),自:◆みずか・ら、己(おのれ)、己の◆おの・ずから、己ひとりで、他からの影響を受けずに、それのみの力や意志で◆～から、～より、場所や時間の起点を表す◆みずから、部首; 己:◆おのれ、自分◆つちのと、十干(ジッカン、甲・乙・丙・丁・戊・己・庚・辛・壬・癸)の六番目 ◆[日]おのれ、相手を罵って言う言葉◆おのれ、き、つちのと、部首名; 紹:◆糸と糸の端同士を繋(つな)ぐ、同「綤」◆受け継ぐ、継承(ケイショウ)する、「紹繼(ショウケイ)」、同「綤」◆人と人の間に立って関係を繋ぐ、人を引き合わせて取り
kk_自転車_じてんしゃ,自転車,じてんしゃ,自:◆みずか・ら、己(おのれ)、己の◆おの・ずから、己ひとりで、他からの影響を受けずに、それのみの力や意志で◆～から、～より、場所や時間の起点を表す◆みずから、部首; 転:◆(車輪が回るように)ごろりと回る、ぐるりと回る、「回転(カイテン)」◆(車輪が接地する位置を変えながら転がり進んで行くように次へ次へと)位置や方向を変える、ま; 車:◆二つの輪(リン、車輪)の中心に軸(ジク、車軸)を通し、その上に人や物を乗せるための台(車台)を設(しつら)えたもの ◆輪状・円状のものが軸を中心として回転する,N5,on,on+on+on,A4_multi_on(on+on+on 65%),自:◆みずか・ら、己(おのれ)、己の◆おの・ずから、己ひとりで、他からの影響を受けずに、それのみの力や意志で◆～から、～より、場所や時間の起点を表す◆みずから、部首; 転:◆(車輪が回るように)ごろりと回る、ぐるりと回る、「回転(カイテン)」◆(車輪が接地する位置を変えながら転がり進んで行くように次へ次へと)位置や方向を変える、ま; 車:◆二つの輪(リン、車輪)の中心に軸(ジク、車軸)を通し、その上に人や物を乗せるための台(車台)を設(しつら)えたもの ◆輪状・円状のものが軸を中心として回転する
kk_興味_きょうみ,興味,きょうみ,興:◆起き上がる、すっくと立つ◆持ち上げる、高く挙(あ)げる◆高(たか)ぶる、高揚(コウヨウ)する、盛り上がる◆盛んになる、栄える; 味:◆舌で感じる、舌の感覚◆「五味(ゴミ)」、舌の感覚(味)を五つに大別したもの、酸(酸っぱい味)苦(苦い味)辛(辛い味)鹹(塩辛い味)甘(甘い味)、「【禮記注疏(,N5,on,on+on,A3_short_compound(on+on 71%),興:◆起き上がる、すっくと立つ◆持ち上げる、高く挙(あ)げる◆高(たか)ぶる、高揚(コウヨウ)する、盛り上がる◆盛んになる、栄える; 味:◆舌で感じる、舌の感覚◆「五味(ゴミ)」、舌の感覚(味)を五つに大別したもの、酸(酸っぱい味)苦(苦い味)辛(辛い味)鹹(塩辛い味)甘(甘い味)、「【禮記注疏(
kk_航空便_こうくうびん,航空便,こうくうびん,航:◆方舟(はこぶね)、二艘(そう、船の数の単位)の舟を並べ互いに繋ぎ合わせた舟(船首が二つあるような形の舟)、同「斻」「舫」◆船が並んで進むさま、同「𦨵」◆舟、船; 空:◆(中に)何もない、何も含まれていない、虚(うつ)ろなさま◆何もないところ、天と地の間(あいだ); 便:◆安らかなさま、差し障る(さしさわる)ようなことがないさま◆都合が良いさま、ちょうど良いさま、(物事をするのに)適(テキ)しているさま、「便宜(ベンギ)」「便利,N5,on,on+on+on,A4_multi_on(on+on+on 65%),航:◆方舟(はこぶね)、二艘(そう、船の数の単位)の舟を並べ互いに繋ぎ合わせた舟(船首が二つあるような形の舟)、同「斻」「舫」◆船が並んで進むさま、同「𦨵」◆舟、船; 空:◆(中に)何もない、何も含まれていない、虚(うつ)ろなさま◆何もないところ、天と地の間(あいだ); 便:◆安らかなさま、差し障る(さしさわる)ようなことがないさま◆都合が良いさま、ちょうど良いさま、(物事をするのに)適(テキ)しているさま、「便宜(ベンギ)」「便利
kk_船_ふね,船,ふね,船:◆川や沿岸を行き来する舟、外洋に出られる大きな舟は「舶」¶「舟」と「船」は同義だが、漢代では東方で「舟」・西方で「船」といい、後には一般に「舟」は小形のものを、,N5,kun,kun,IL2_single_default(kun 84%),船:◆川や沿岸を行き来する舟、外洋に出られる大きな舟は「舶」¶「舟」と「船」は同義だが、漢代では東方で「舟」・西方で「船」といい、後には一般に「舟」は小形のものを、
kk_良い_よい,良い,よい,良:◆自分或いは多くの人の判断基準より上である、(「優(ユウ)」には及ばないが)一般的・標準的な水準・程度を超えている、善(よ)い、勝(まさ)る、好(この)ましい、,N5,kun,kun,IL1_okurigana(kun 96%) | IL2_single_okuri(kun 96%),良:◆自分或いは多くの人の判断基準より上である、(「優(ユウ)」には及ばないが)一般的・標準的な水準・程度を超えている、善(よ)い、勝(まさ)る、好(この)ましい、
kk_良く_よく,良く,よく,良:◆自分或いは多くの人の判断基準より上である、(「優(ユウ)」には及ばないが)一般的・標準的な水準・程度を超えている、善(よ)い、勝(まさ)る、好(この)ましい、,N5,kun,kun,IL1_okurigana(kun 96%) | IL2_single_okuri(kun 96%),良:◆自分或いは多くの人の判断基準より上である、(「優(ユウ)」には及ばないが)一般的・標準的な水準・程度を超えている、善(よ)い、勝(まさ)る、好(この)ましい、
kk_色_いろ,色,いろ,色:◆視覚によって認識するものの内、形状以外のもの、(特に顔の)表情、彩(いろどり)り、具合(ぐあい)、様子◆男女間の情欲(ジョウヨク)◆種類、二色=二種類◆いろ、,N5,kun,kun,IL2_single_default(kun 84%),色:◆視覚によって認識するものの内、形状以外のもの、(特に顔の)表情、彩(いろどり)り、具合(ぐあい)、様子◆男女間の情欲(ジョウヨク)◆種類、二色=二種類◆いろ、
kk_色々_いろいろ,色々,いろいろ,色:◆視覚によって認識するものの内、形状以外のもの、(特に顔の)表情、彩(いろどり)り、具合(ぐあい)、様子◆男女間の情欲(ジョウヨク)◆種類、二色=二種類◆いろ、,N5,kun,kun,IL2_single_default(kun 84%),色:◆視覚によって認識するものの内、形状以外のもの、(特に顔の)表情、彩(いろどり)り、具合(ぐあい)、様子◆男女間の情欲(ジョウヨク)◆種類、二色=二種類◆いろ、
kk_花_はな,花,はな,花:◆種子植物の生殖のための器官、雌蕊(シズイ、めしべ)や雄蕊(ユウズイ、おしべ)やその外側にある部分を総じた名 ◆(花のように)美しいさま、華(はな)やかなさま、,N5,kun,kun,IL2_single_default(kun 84%),花:◆種子植物の生殖のための器官、雌蕊(シズイ、めしべ)や雄蕊(ユウズイ、おしべ)やその外側にある部分を総じた名 ◆(花のように)美しいさま、華(はな)やかなさま、
kk_花道/華道_かどう,花道/華道,かどう,花:◆種子植物の生殖のための器官、雌蕊(シズイ、めしべ)や雄蕊(ユウズイ、おしべ)やその外側にある部分を総じた名 ◆(花のように)美しいさま、華(はな)やかなさま、; 道:◆出発地から目的地へ通じている路(みち)、人や動物などが往来する通り路、「道路(ドウロ)」、同「路」◆目的を達するための経路、手順や方法◆導(みちび)く、手引き; 華:◆花(はな)、同「花」◆花が咲き開くさま◆花のように美しいさま、美しい光を放つさま、同「花」◆栄えるさま、「栄華(エイガ)」◆漢民族の国、中国、「華夏(カカ)」,N5,on,on+on+on+on~,A4_multi_on(on+on+on+on 65%),花:◆種子植物の生殖のための器官、雌蕊(シズイ、めしべ)や雄蕊(ユウズイ、おしべ)やその外側にある部分を総じた名 ◆(花のように)美しいさま、華(はな)やかなさま、; 道:◆出発地から目的地へ通じている路(みち)、人や動物などが往来する通り路、「道路(ドウロ)」、同「路」◆目的を達するための経路、手順や方法◆導(みちび)く、手引き; 華:◆花(はな)、同「花」◆花が咲き開くさま◆花のように美しいさま、美しい光を放つさま、同「花」◆栄えるさま、「栄華(エイガ)」◆漢民族の国、中国、「華夏(カカ)」
kk_若い_わかい,若い,わかい,若:◆わか・い、柔(やわ)らかくしなやかなさま、生まれて間もないさま◆柔らかい(しなやかな、若い)草木◆逆(さか)らわずに従(したが)う◆もし～、仮に、或いは、もし,N5,kun,kun,IL1_okurigana(kun 96%) | IL2_single_okuri(kun 96%),若:◆わか・い、柔(やわ)らかくしなやかなさま、生まれて間もないさま◆柔らかい(しなやかな、若い)草木◆逆(さか)らわずに従(したが)う◆もし～、仮に、或いは、もし
kk_英語_えいご,英語,えいご,英:◆秀(ひい)でる、傑出している、またそのような人、万人に一人の逸材(イツザイ)、同「偀」、「【春秋繁露:卷八:爵國第二十八】…萬人者曰英千人者曰俊百人者曰傑十人; 語:◆他に向かって述べる、また告げる、考えや思い・言い伝えなどを話す◆意味を持つ言葉、話(はなし),N5,on,on+on,A3_short_compound(on+on 71%) | B_verb_rad_言(kun 80%),英:◆秀(ひい)でる、傑出している、またそのような人、万人に一人の逸材(イツザイ)、同「偀」、「【春秋繁露:卷八:爵國第二十八】…萬人者曰英千人者曰俊百人者曰傑十人; 語:◆他に向かって述べる、また告げる、考えや思い・言い伝えなどを話す◆意味を持つ言葉、話(はなし)
kk_茶碗_ちゃわん,茶碗,ちゃわん,茶:◆チャ(茶)、チャノキ(茶の木)、ツバキ科ツバキ属の木 ◆チャノキの若葉を摘(つ)み煎(せん)じて飲料用に加工したもの、遅い時期に摘み取った茶葉を使ったものは「; 碗:◆食べ物や飲み物を盛るための深めの器、同「盌」、特に石製のものを指す、陶製は「埦」、木製は「椀」、金属製は「鋺」,N5,on,on+on,A3_short_compound(on+on 71%),茶:◆チャ(茶)、チャノキ(茶の木)、ツバキ科ツバキ属の木 ◆チャノキの若葉を摘(つ)み煎(せん)じて飲料用に加工したもの、遅い時期に摘み取った茶葉を使ったものは「; 碗:◆食べ物や飲み物を盛るための深めの器、同「盌」、特に石製のものを指す、陶製は「埦」、木製は「椀」、金属製は「鋺」
kk_茶色_ちゃいろ,茶色,ちゃいろ,茶:◆チャ(茶)、チャノキ(茶の木)、ツバキ科ツバキ属の木 ◆チャノキの若葉を摘(つ)み煎(せん)じて飲料用に加工したもの、遅い時期に摘み取った茶葉を使ったものは「; 色:◆視覚によって認識するものの内、形状以外のもの、(特に顔の)表情、彩(いろどり)り、具合(ぐあい)、様子◆男女間の情欲(ジョウヨク)◆種類、二色=二種類◆いろ、,N5,mixed,on+kun~,A3_short_compound(on+on 71%),茶:◆チャ(茶)、チャノキ(茶の木)、ツバキ科ツバキ属の木 ◆チャノキの若葉を摘(つ)み煎(せん)じて飲料用に加工したもの、遅い時期に摘み取った茶葉を使ったものは「; 色:◆視覚によって認識するものの内、形状以外のもの、(特に顔の)表情、彩(いろどり)り、具合(ぐあい)、様子◆男女間の情欲(ジョウヨク)◆種類、二色=二種類◆いろ、
kk_茶道_さどう,茶道,さどう,茶:◆チャ(茶)、チャノキ(茶の木)、ツバキ科ツバキ属の木 ◆チャノキの若葉を摘(つ)み煎(せん)じて飲料用に加工したもの、遅い時期に摘み取った茶葉を使ったものは「; 道:◆出発地から目的地へ通じている路(みち)、人や動物などが往来する通り路、「道路(ドウロ)」、同「路」◆目的を達するための経路、手順や方法◆導(みちび)く、手引き,N5,on,on+on,A3_short_compound(on+on 71%),茶:◆チャ(茶)、チャノキ(茶の木)、ツバキ科ツバキ属の木 ◆チャノキの若葉を摘(つ)み煎(せん)じて飲料用に加工したもの、遅い時期に摘み取った茶葉を使ったものは「; 道:◆出発地から目的地へ通じている路(みち)、人や動物などが往来する通り路、「道路(ドウロ)」、同「路」◆目的を達するための経路、手順や方法◆導(みちび)く、手引き
kk_荷物_にもつ,荷物,にもつ,荷:◆ハス(蓮)、ハス科ハス属の水草、ハスの花・実・茎・根茎など全体を指す、別名「芙蕖(フキョ)」、「【爾雅注疏:釋草】荷芙渠(…)其莖茄其葉蕸其本蔤(《注》莖下白; 物:◆(天地の間に存在する)人以外の形のあるもの、人は「者」、形のないものは「事」,N5,mixed,kun+on~,A3_short_compound(on+on 71%) | B_noun_rad_牛(kun 93%),荷:◆ハス(蓮)、ハス科ハス属の水草、ハスの花・実・茎・根茎など全体を指す、別名「芙蕖(フキョ)」、「【爾雅注疏:釋草】荷芙渠(…)其莖茄其葉蕸其本蔤(《注》莖下白; 物:◆(天地の間に存在する)人以外の形のあるもの、人は「者」、形のないものは「事」
kk_葉書_はがき,葉書,はがき,葉:◆植物の茎や枝から伸び出る薄く平らなもの、主に光を受け成長に必要な養分を合成する(光合成、コウゴウセイ)役割を担う◆(葉のように)薄いもの◆紙などのような薄いも; 書:◆文字を筆(聿)などで記(しる)す、著(あらわ)す、「書物(ショモツ)」「文書(ブンショ)」◆手紙、「書信(ショシン)」◆「書経(ショキョウ、別名尚書ショウショ,N5,other,mixed+mixed~,A3_short_compound(on+on 71%),葉:◆植物の茎や枝から伸び出る薄く平らなもの、主に光を受け成長に必要な養分を合成する(光合成、コウゴウセイ)役割を担う◆(葉のように)薄いもの◆紙などのような薄いも; 書:◆文字を筆(聿)などで記(しる)す、著(あらわ)す、「書物(ショモツ)」「文書(ブンショ)」◆手紙、「書信(ショシン)」◆「書経(ショキョウ、別名尚書ショウショ
kk_蕎麦_そば,蕎麦,そば,蕎:◆「蕎麥(キョウバク、そば)」、タデ科ソバ属の草、またその種を挽(ひ)いて作った食べ物 ◆タカトウダイ(高灯台)、大戟(ダイゲキ)、邛鉅(キョウキョ)、トウダイ; 麦:◆ムギ(麦)、コムギ(小麦)・オオムギ(大麦)・エンバク(燕麦)など芒(のぎ)の長いイネ科に属する穀物の総称 ◆むぎ、むぎへん、ばくにょう、部首名,N5,on,on+mixed~,A3_short_compound(on+on 71%),蕎:◆「蕎麥(キョウバク、そば)」、タデ科ソバ属の草、またその種を挽(ひ)いて作った食べ物 ◆タカトウダイ(高灯台)、大戟(ダイゲキ)、邛鉅(キョウキョ)、トウダイ; 麦:◆ムギ(麦)、コムギ(小麦)・オオムギ(大麦)・エンバク(燕麦)など芒(のぎ)の長いイネ科に属する穀物の総称 ◆むぎ、むぎへん、ばくにょう、部首名
kk_薄い_うすい,薄い,うすい,薄:◆草木がびっしりと(隙間なく)生えているさま、「【說文解字注:艸部:薄】林薄也(…劉注曰薄不入之叢也按林木相迫不可入曰薄引伸凡相迫皆曰薄)」◆互いの間が近い、間,N5,kun,kun,IL1_okurigana(kun 96%) | IL2_single_okuri(kun 96%),薄:◆草木がびっしりと(隙間なく)生えているさま、「【說文解字注:艸部:薄】林薄也(…劉注曰薄不入之叢也按林木相迫不可入曰薄引伸凡相迫皆曰薄)」◆互いの間が近い、間
kk_薬_くすり,薬,くすり,薬:◆病(やまい)や傷を治(なお)したり癒(いや)したりする効果のある物質◆病や傷を治す、癒す◆他に化学作用を及ぼす物質◆「芍薬(シャクヤク)」、ボタン科ボタン属 ,N5,kun,kun,IL2_single_default(kun 84%),薬:◆病(やまい)や傷を治(なお)したり癒(いや)したりする効果のある物質◆病や傷を治す、癒す◆他に化学作用を及ぼす物質◆「芍薬(シャクヤク)」、ボタン科ボタン属 
kk_行く_いく,行く,いく,行:◆左足を前に出し(彳)次に右足を前に出す(亍)、足を交互に動かして前に進む◆目的とするところに向かって進む◆遠くに出掛ける、旅に出る◆道、人が往来する道路、同「,N5,kun,kun,IL1_okurigana(kun 96%) | IL2_single_okuri(kun 96%),行:◆左足を前に出し(彳)次に右足を前に出す(亍)、足を交互に動かして前に進む◆目的とするところに向かって進む◆遠くに出掛ける、旅に出る◆道、人が往来する道路、同「
kk_街_まち,街,まち,街:◆市中(シチュウ)の大通り、市中を区切るように通した道、四方に通じる道、「街道(カイドウ)」、大通りから外れた小路(こうじ)は「巷」◆その道で区切られた区画、「,N5,kun,kun,IL2_single_default(kun 84%),街:◆市中(シチュウ)の大通り、市中を区切るように通した道、四方に通じる道、「街道(カイドウ)」、大通りから外れた小路(こうじ)は「巷」◆その道で区切られた区画、「
kk_被る_かぶる,被る,かぶる,被:◆布や衣を上から掛ける、また羽織る◆掛布団◆上から掛けて覆う◆(「被～」の形で受け身を表す語、「～」は動詞)～れる、～られる、～される、「被害(ヒガイ、害をこう,N5,kun,kun,IL1_okurigana(kun 96%) | IL2_single_okuri(kun 96%),被:◆布や衣を上から掛ける、また羽織る◆掛布団◆上から掛けて覆う◆(「被～」の形で受け身を表す語、「～」は動詞)～れる、～られる、～される、「被害(ヒガイ、害をこう
kk_製品_せいひん,製品,せいひん,製:◆形に合わせて布(ぬの)を断(た)つ、布を断ち衣服に仕立てる、同「裁」◆目的とする形に作る、また形を整(ととの)える、同簡「制」; 品:◆物(もの)、多くの物、様々な物◆もの(人や物)の本質・価値・程度を判断する◆ものの値打ち、また価値、また程度・等級,N5,on,on+on,,製:◆形に合わせて布(ぬの)を断(た)つ、布を断ち衣服に仕立てる、同「裁」◆目的とする形に作る、また形を整(ととの)える、同簡「制」; 品:◆物(もの)、多くの物、様々な物◆もの(人や物)の本質・価値・程度を判断する◆ものの値打ち、また価値、また程度・等級
kk_西_にし,西,にし,西:◆太陽が沈む方角・方向、またその方向に向く、またその方向に向かう、昇る方角を「東」◆中国から太陽が沈む方向の地域、欧州や米州,N5,kun,kun,IL2_single_default(kun 84%),西:◆太陽が沈む方角・方向、またその方向に向く、またその方向に向かう、昇る方角を「東」◆中国から太陽が沈む方向の地域、欧州や米州
kk_西瓜_すいか,西瓜,すいか,西:◆太陽が沈む方角・方向、またその方向に向く、またその方向に向かう、昇る方角を「東」◆中国から太陽が沈む方向の地域、欧州や米州; 瓜:◆ウリ(瓜)、ウリ科の蔓性の草の総称 ◆うり、部首名,N5,other,mixed+mixed~,A3_short_compound(on+on 71%),西:◆太陽が沈む方角・方向、またその方向に向く、またその方向に向かう、昇る方角を「東」◆中国から太陽が沈む方向の地域、欧州や米州; 瓜:◆ウリ(瓜)、ウリ科の蔓性の草の総称 ◆うり、部首名
kk_要る_いる,要る,いる,要:◆(体の要かなめとなる)腰(こし)◆物事の中心となるところ、非常に大切なところ◆求める、強く乞(こ)う、「要求(ヨウキュウ)」「要請(ヨウセイ、請い求める、強く,N5,kun,kun,IL1_okurigana(kun 96%) | IL2_single_okuri(kun 96%),要:◆(体の要かなめとなる)腰(こし)◆物事の中心となるところ、非常に大切なところ◆求める、強く乞(こ)う、「要求(ヨウキュウ)」「要請(ヨウセイ、請い求める、強く
kk_見せる_みせる,見せる,みせる,見:◆目でものや状況を認識する、目に入る◆(見たものの)認識の仕方、考え◆人と顔を合わせる、対面する◆みる、部首名,N5,kun,kun,IL1_okurigana(kun 96%) | IL2_single_okuri(kun 96%),見:◆目でものや状況を認識する、目に入る◆(見たものの)認識の仕方、考え◆人と顔を合わせる、対面する◆みる、部首名
kk_見る_みる,見る,みる,見:◆目でものや状況を認識する、目に入る◆(見たものの)認識の仕方、考え◆人と顔を合わせる、対面する◆みる、部首名,N5,kun,kun,IL1_okurigana(kun 96%) | IL2_single_okuri(kun 96%),見:◆目でものや状況を認識する、目に入る◆(見たものの)認識の仕方、考え◆人と顔を合わせる、対面する◆みる、部首名
kk_見送り_みおくり,見送り,みおくり,見:◆目でものや状況を認識する、目に入る◆(見たものの)認識の仕方、考え◆人と顔を合わせる、対面する◆みる、部首名; 送:◆行く人(別れる人、帰る人、旅立つ人、亡くなった人など)と途中まで同道する、出向いて行って迎えるのは「迎」◆ものを目的地へ運び届ける◆贈(おく)る、遣(つか)わ,N5,kun,kun+kun,IL1_okurigana(kun 96%) | A1_compound_oku(kun 90%) | A1_on_kun_mix(on+kun 65%),見:◆目でものや状況を認識する、目に入る◆(見たものの)認識の仕方、考え◆人と顔を合わせる、対面する◆みる、部首名; 送:◆行く人(別れる人、帰る人、旅立つ人、亡くなった人など)と途中まで同道する、出向いて行って迎えるのは「迎」◆ものを目的地へ運び届ける◆贈(おく)る、遣(つか)わ
kk_見送る_みおくる,見送る,みおくる,見:◆目でものや状況を認識する、目に入る◆(見たものの)認識の仕方、考え◆人と顔を合わせる、対面する◆みる、部首名; 送:◆行く人(別れる人、帰る人、旅立つ人、亡くなった人など)と途中まで同道する、出向いて行って迎えるのは「迎」◆ものを目的地へ運び届ける◆贈(おく)る、遣(つか)わ,N5,kun,kun+kun,IL1_okurigana(kun 96%) | A1_compound_oku(kun 90%) | A1_on_kun_mix(on+kun 65%),見:◆目でものや状況を認識する、目に入る◆(見たものの)認識の仕方、考え◆人と顔を合わせる、対面する◆みる、部首名; 送:◆行く人(別れる人、帰る人、旅立つ人、亡くなった人など)と途中まで同道する、出向いて行って迎えるのは「迎」◆ものを目的地へ運び届ける◆贈(おく)る、遣(つか)わ
kk_覚える_おぼえる,覚える,おぼえる,覚:◆目を醒(さ)ます、眠りから醒める、正常な認識や判断ができない状態から抜け出る◆迷いや暗がりから抜け出る、明るみに出る◆辺りの状況が意識・認識できるようになる、,N5,kun,kun,IL1_okurigana(kun 96%) | IL2_single_okuri(kun 96%),覚:◆目を醒(さ)ます、眠りから醒める、正常な認識や判断ができない状態から抜け出る◆迷いや暗がりから抜け出る、明るみに出る◆辺りの状況が意識・認識できるようになる、
kk_親_おや,親,おや,親:◆身近にいる、近しい◆関係が近い、関係が深い◆父母◆血縁・婚姻関係にある人◆深く付き合う、気兼ねなく接することができる、気の置けない◆自ら、自分で,N5,kun,kun,IL2_single_default(kun 84%),親:◆身近にいる、近しい◆関係が近い、関係が深い◆父母◆血縁・婚姻関係にある人◆深く付き合う、気兼ねなく接することができる、気の置けない◆自ら、自分で
kk_親子丼_おやこどん,親子丼,おやこどん,親:◆身近にいる、近しい◆関係が近い、関係が深い◆父母◆血縁・婚姻関係にある人◆深く付き合う、気兼ねなく接することができる、気の置けない◆自ら、自分で; 子:◆母親から産まれるもの、古くは男女を問わず「子」といったが、現代中国では男の子(息子)を指す◆新しく産まれる(生まれる)ものの元となるもの、植物の種や実、動物の; 丼:◆井戸、同「井」◆井戸の中に物を投げ入れた時の音◆[日]どんぶり◇大きめの陶製の碗、またそれにご飯を盛り具を載せた料理◇職人などの前掛けや腹掛けの前に付いている,N5,other,mixed+mixed+mixed~,A4_multi_on(on+on+on 65%),親:◆身近にいる、近しい◆関係が近い、関係が深い◆父母◆血縁・婚姻関係にある人◆深く付き合う、気兼ねなく接することができる、気の置けない◆自ら、自分で; 子:◆母親から産まれるもの、古くは男女を問わず「子」といったが、現代中国では男の子(息子)を指す◆新しく産まれる(生まれる)ものの元となるもの、植物の種や実、動物の; 丼:◆井戸、同「井」◆井戸の中に物を投げ入れた時の音◆[日]どんぶり◇大きめの陶製の碗、またそれにご飯を盛り具を載せた料理◇職人などの前掛けや腹掛けの前に付いている
kk_角_かど,角,かど,角:◆つの、動物などの頭部から突き出た骨質状また角質状のもの、またそのように先が尖ったもの、またそのように先が尖った状態◆(角を突き合わせて)力を競い合う◆すみ、か,N5,kun,kun,IL2_single_default(kun 84%),角:◆つの、動物などの頭部から突き出た骨質状また角質状のもの、またそのように先が尖ったもの、またそのように先が尖った状態◆(角を突き合わせて)力を競い合う◆すみ、か
kk_言う_いう,言う,いう,言:◆相手に伝えたいことを声に出してはっきりと述べる、またその内容、またそのための語(ゴ、互いに意思の疎通を図るための言葉)◆字(ジ)、文字◆我(われ)、自分を指す,N5,kun,kun,IL1_okurigana(kun 96%) | IL2_single_okuri(kun 96%) | B_verb_rad_言(kun 80%),言:◆相手に伝えたいことを声に出してはっきりと述べる、またその内容、またそのための語(ゴ、互いに意思の疎通を図るための言葉)◆字(ジ)、文字◆我(われ)、自分を指す
kk_言葉_ことば,言葉,ことば,言:◆相手に伝えたいことを声に出してはっきりと述べる、またその内容、またそのための語(ゴ、互いに意思の疎通を図るための言葉)◆字(ジ)、文字◆我(われ)、自分を指す; 葉:◆植物の茎や枝から伸び出る薄く平らなもの、主に光を受け成長に必要な養分を合成する(光合成、コウゴウセイ)役割を担う◆(葉のように)薄いもの◆紙などのような薄いも,N5,other,mixed+mixed~,A3_short_compound(on+on 71%) | B_verb_rad_言(kun 80%),言:◆相手に伝えたいことを声に出してはっきりと述べる、またその内容、またそのための語(ゴ、互いに意思の疎通を図るための言葉)◆字(ジ)、文字◆我(われ)、自分を指す; 葉:◆植物の茎や枝から伸び出る薄く平らなもの、主に光を受け成長に必要な養分を合成する(光合成、コウゴウセイ)役割を担う◆(葉のように)薄いもの◆紙などのような薄いも
kk_記念品_きねんひん,記念品,きねんひん,記:◆(忘れないように)覚えておく、「記憶(キオク)」◆(忘れないように)書き留(と)める、書き付ける、また書き留めたもの、「記録(キロク)」「記事(キジ、書き記さ; 念:◆常に心に留めて思い考える、心の中に留まり去らない思いや考え◆口をほとんど閉じた状態で低い声を長く伸ばして読む◆二十、「廿」の大写字(「二」は「貳」、「三」は「; 品:◆物(もの)、多くの物、様々な物◆もの(人や物)の本質・価値・程度を判断する◆ものの値打ち、また価値、また程度・等級,N5,on,on+on+on,A4_multi_on(on+on+on 65%) | B_verb_rad_言(kun 80%),記:◆(忘れないように)覚えておく、「記憶(キオク)」◆(忘れないように)書き留(と)める、書き付ける、また書き留めたもの、「記録(キロク)」「記事(キジ、書き記さ; 念:◆常に心に留めて思い考える、心の中に留まり去らない思いや考え◆口をほとんど閉じた状態で低い声を長く伸ばして読む◆二十、「廿」の大写字(「二」は「貳」、「三」は「; 品:◆物(もの)、多くの物、様々な物◆もの(人や物)の本質・価値・程度を判断する◆ものの値打ち、また価値、また程度・等級
kk_試験_しけん,試験,しけん,試:◆先(ま)ずはしてみる、また使ってみる、「試用(シヨウ)」; 験:◆ため・す、どのような結果になるのかを知るために実際にやってみる、「実験」「試験」「体験」◆しるし、実際にやってみた証(あかし)、実際にやってみた結果生じるもの,N5,on,on+on,A3_short_compound(on+on 71%) | B_verb_rad_言(kun 80%),試:◆先(ま)ずはしてみる、また使ってみる、「試用(シヨウ)」; 験:◆ため・す、どのような結果になるのかを知るために実際にやってみる、「実験」「試験」「体験」◆しるし、実際にやってみた証(あかし)、実際にやってみた結果生じるもの
kk_詰まらない_つまらない,詰まらない,つまらない,詰:◆厳(きび)しく問い責(せ)める◆追及(ツイキュウ)する、「詰問(キツモン、厳しく問い返事を迫る)」◆曲がる、屈(かが)む◆次の日、「詰旦(キッタン、次の日の明,N5,kun,kun,IL1_okurigana(kun 96%) | IL2_single_okuri(kun 96%) | B_verb_rad_言(kun 80%),詰:◆厳(きび)しく問い責(せ)める◆追及(ツイキュウ)する、「詰問(キツモン、厳しく問い返事を迫る)」◆曲がる、屈(かが)む◆次の日、「詰旦(キッタン、次の日の明
kk_話_はなし,話,はなし,話:◆言葉にして言う、言葉で告げる、語(かた)る、またその言葉、同「𦧵(舙)」◆語られた(語られている)こと、物語(ものがたり),N5,kun,kun,IL2_single_default(kun 84%) | B_verb_rad_言(kun 80%),話:◆言葉にして言う、言葉で告げる、語(かた)る、またその言葉、同「𦧵(舙)」◆語られた(語られている)こと、物語(ものがたり)
kk_話す_はなす,話す,はなす,話:◆言葉にして言う、言葉で告げる、語(かた)る、またその言葉、同「𦧵(舙)」◆語られた(語られている)こと、物語(ものがたり),N5,kun,kun,IL1_okurigana(kun 96%) | IL2_single_okuri(kun 96%) | B_verb_rad_言(kun 80%),話:◆言葉にして言う、言葉で告げる、語(かた)る、またその言葉、同「𦧵(舙)」◆語られた(語られている)こと、物語(ものがたり)
kk_誕生日_たんじょうび,誕生日,たんじょうび,誕:◆生まれる◆大きいさま、広々としているさま◆話が大袈裟で馬鹿げているさま、またいい加減なさま; 生:◆う・まれる、それまでになかった新しいものが現れ出る、また新しいことが起こる◆い・きる、成長し活動できる状態で存在する、またその状態◆なま、現れ出た時のそのまま; 日:◆太陽◆太陽が出ている間、昼間、夜明けから日没まで◆一昼夜、朝から次の朝まで、またその繰り返し、またその繰り返しを数える語◆候(コウ)、時節、頃(ケイ、ころ)◆,N5,on,on+mixed+mixed~,A4_multi_on(on+on+on 65%) | B_verb_rad_言(kun 80%),誕:◆生まれる◆大きいさま、広々としているさま◆話が大袈裟で馬鹿げているさま、またいい加減なさま; 生:◆う・まれる、それまでになかった新しいものが現れ出る、また新しいことが起こる◆い・きる、成長し活動できる状態で存在する、またその状態◆なま、現れ出た時のそのまま; 日:◆太陽◆太陽が出ている間、昼間、夜明けから日没まで◆一昼夜、朝から次の朝まで、またその繰り返し、またその繰り返しを数える語◆候(コウ)、時節、頃(ケイ、ころ)◆
kk_読む_よむ,読む,よむ,読:◆文章を内容が理解しやすいように区切りながら抑揚(ヨクヨウ)をつけながら声に出す◆文の中に置く読みの区切り、「、」で表す、コンマcomma、「読点、逗点(トウテ,N5,kun,kun,IL1_okurigana(kun 96%) | IL2_single_okuri(kun 96%) | B_verb_rad_言(kun 80%),読:◆文章を内容が理解しやすいように区切りながら抑揚(ヨクヨウ)をつけながら声に出す◆文の中に置く読みの区切り、「、」で表す、コンマcomma、「読点、逗点(トウテ
kk_誰_だれ,誰,だれ,誰:◆人の名や身元を尋ねる疑問代名詞、who◆不特定の人を表す語,N5,kun,kun,IL2_single_default(kun 84%) | B_verb_rad_言(kun 80%),誰:◆人の名や身元を尋ねる疑問代名詞、who◆不特定の人を表す語
kk_誰か_だれか,誰か,だれか,誰:◆人の名や身元を尋ねる疑問代名詞、who◆不特定の人を表す語,N5,kun,kun,IL1_okurigana(kun 96%) | IL2_single_okuri(kun 96%) | B_verb_rad_言(kun 80%),誰:◆人の名や身元を尋ねる疑問代名詞、who◆不特定の人を表す語
kk_警備_けいび,警備,けいび,警:◆戒(いまし)める、注意(チュウイ、意を注ぐ)し用心(ヨウジン、心を用いる)させる、また注意し用心する、「警戒(ケイカイ)」◆注意し用心するよう促(うなが)す、; 備:◆必要なものを用意しておく、(いざという時のために)予め揃えておく◆身に付いている、身に具(そな)わる◆つぶさ・に、必要なものは全て、ことごとく,N5,on,on+on,A3_short_compound(on+on 71%) | B_verb_rad_言(kun 80%),警:◆戒(いまし)める、注意(チュウイ、意を注ぐ)し用心(ヨウジン、心を用いる)させる、また注意し用心する、「警戒(ケイカイ)」◆注意し用心するよう促(うなが)す、; 備:◆必要なものを用意しておく、(いざという時のために)予め揃えておく◆身に付いている、身に具(そな)わる◆つぶさ・に、必要なものは全て、ことごとく
kk_警官_けいかん,警官,けいかん,警:◆戒(いまし)める、注意(チュウイ、意を注ぐ)し用心(ヨウジン、心を用いる)させる、また注意し用心する、「警戒(ケイカイ)」◆注意し用心するよう促(うなが)す、; 官:◆つかさ、役人、役所、またその役目や役職◆政府、朝廷、国家◆役人になる、公(おおやけ、政府、朝廷、国家)の職に就(つ)く◆生物体の独立した機能を持つ(耳・目・口,N5,on,on+on,B_verb_rad_言(kun 80%) | B_noun_rad_宀(kun 93%),警:◆戒(いまし)める、注意(チュウイ、意を注ぐ)し用心(ヨウジン、心を用いる)させる、また注意し用心する、「警戒(ケイカイ)」◆注意し用心するよう促(うなが)す、; 官:◆つかさ、役人、役所、またその役目や役職◆政府、朝廷、国家◆役人になる、公(おおやけ、政府、朝廷、国家)の職に就(つ)く◆生物体の独立した機能を持つ(耳・目・口
kk_豚肉_ぶたにく,豚肉,ぶたにく,豚:◆イノシシ(猪、イノシシ科の哺乳類)を(小形化し)家畜化した動物、同「𧱴」「𧱯」; 肉:◆人や動物の骨・臓器などを除いた部分、果実の種などを除いた部分、ものの内部の骨・内臓・種などを厚く覆(おお)い、外的な力からそれらを保護し、同時にその形状や位置,N5,mixed,kun+on~,,豚:◆イノシシ(猪、イノシシ科の哺乳類)を(小形化し)家畜化した動物、同「𧱴」「𧱯」; 肉:◆人や動物の骨・臓器などを除いた部分、果実の種などを除いた部分、ものの内部の骨・内臓・種などを厚く覆(おお)い、外的な力からそれらを保護し、同時にその形状や位置
kk_象_ぞう,象,ぞう,象:◆ゾウ(象)、ゾウ科の哺乳類、また同科の哺乳類の称◆もの(者や物)の姿形(すがたかたち)、同「像」◆もの(者や物)の姿形に似せる、また似る、また似せて作ったもの,N5,on,on,IL2_single_default(kun 84%),象:◆ゾウ(象)、ゾウ科の哺乳類、また同科の哺乳類の称◆もの(者や物)の姿形(すがたかたち)、同「像」◆もの(者や物)の姿形に似せる、また似る、また似せて作ったもの
kk_財布_さいふ,財布,さいふ,"財:◆金銭・品物・土地・知識・人材などの有用なもの、同「材」◆金銭・品物・土地・知識・人材などの価値のあるもの、宝、富(とみ)◆形を整える、同「裁」◆僅(わず)か、; 布:◆経糸(よこいと)と緯糸(たていと)を""十""状に交差させながら織ったもの、一般にはアサ(麻)やワタ(綿)などの植物繊維で織ったものを指し、繭(まゆ)から紡(つむ",N5,on,on+on,A3_short_compound(on+on 71%) | B_noun_rad_巾(kun 93%),"財:◆金銭・品物・土地・知識・人材などの有用なもの、同「材」◆金銭・品物・土地・知識・人材などの価値のあるもの、宝、富(とみ)◆形を整える、同「裁」◆僅(わず)か、; 布:◆経糸(よこいと)と緯糸(たていと)を""十""状に交差させながら織ったもの、一般にはアサ(麻)やワタ(綿)などの植物繊維で織ったものを指し、繭(まゆ)から紡(つむ"
kk_買い物_かいもの,買い物,かいもの,買:◆金銭(対価)を渡して欲しいものを得る、相手が欲しいと思っているものを渡して金銭(対価)を得るのは「売」◆自ら招き寄せる、自ら進んで(面倒なことや良くないことを; 物:◆(天地の間に存在する)人以外の形のあるもの、人は「者」、形のないものは「事」,N5,kun,kun+kun~,IL1_okurigana(kun 96%) | A1_compound_oku(kun 90%) | A1_on_kun_mix(on+kun 65%),買:◆金銭(対価)を渡して欲しいものを得る、相手が欲しいと思っているものを渡して金銭(対価)を得るのは「売」◆自ら招き寄せる、自ら進んで(面倒なことや良くないことを; 物:◆(天地の間に存在する)人以外の形のあるもの、人は「者」、形のないものは「事」
kk_買う_かう,買う,かう,買:◆金銭(対価)を渡して欲しいものを得る、相手が欲しいと思っているものを渡して金銭(対価)を得るのは「売」◆自ら招き寄せる、自ら進んで(面倒なことや良くないことを,N5,kun,kun,IL1_okurigana(kun 96%) | IL2_single_okuri(kun 96%),買:◆金銭(対価)を渡して欲しいものを得る、相手が欲しいと思っているものを渡して金銭(対価)を得るのは「売」◆自ら招き寄せる、自ら進んで(面倒なことや良くないことを
kk_貸す_かす,貸す,かす,貸:◆施(ほどこ)す、金品などを与える◆後で返してもらうことを条件に自分の所有物を人に預け用いさせる、同「貣」◆後で返すことを条件に人の所有物を別人が預かり用いる、,N5,kun,kun,IL1_okurigana(kun 96%) | IL2_single_okuri(kun 96%),貸:◆施(ほどこ)す、金品などを与える◆後で返してもらうことを条件に自分の所有物を人に預け用いさせる、同「貣」◆後で返すことを条件に人の所有物を別人が預かり用いる、
kk_貼る_はる,貼る,はる,貼:◆接近する、ぴったりとくっつく、くっつける◆ぺったりと(点状や線状ではなく面状に)張り付く、また付着する、また張り付ける,N5,kun,kun,IL1_okurigana(kun 96%) | IL2_single_okuri(kun 96%),貼:◆接近する、ぴったりとくっつく、くっつける◆ぺったりと(点状や線状ではなく面状に)張り付く、また付着する、また張り付ける
kk_資料_しりょう,資料,しりょう,資:◆何かを成そうとするために必要となるもの、何かをするために先立つもの、前以(まえもっ)て備えておくもの、「資財(シザイ)」「資格(シカク)」◆天性の(生まれつき; 料:◆升(ます、枡)で米などの物の嵩(かさ)を量(はか)る◆人や物の資質(シシツ)を量る、推(お)し量る、見当を付ける◆ものを作る際に量を決めて使うもの、それを使っ,N5,on,on+on,A3_short_compound(on+on 71%),資:◆何かを成そうとするために必要となるもの、何かをするために先立つもの、前以(まえもっ)て備えておくもの、「資財(シザイ)」「資格(シカク)」◆天性の(生まれつき; 料:◆升(ます、枡)で米などの物の嵩(かさ)を量(はか)る◆人や物の資質(シシツ)を量る、推(お)し量る、見当を付ける◆ものを作る際に量を決めて使うもの、それを使っ
kk_賑やか_にぎやか,賑やか,にぎやか,賑:◆豊かなさま、富(と)むさま◆人や物や富(とみ)が多いさま、「殷賑(インシン)」◆富を分け与えて救い助ける、また奮(ふる)い立たせる、「賑給(シンキュウ)」「賑,N5,kun,kun,IL1_okurigana(kun 96%) | IL2_single_okuri(kun 96%),賑:◆豊かなさま、富(と)むさま◆人や物や富(とみ)が多いさま、「殷賑(インシン)」◆富を分け与えて救い助ける、また奮(ふる)い立たせる、「賑給(シンキュウ)」「賑
kk_質問_しつもん,質問,しつもん,質:◆本来の、元々(もともと)の、「本質(ホンシツ)」◆本来のままであるさま、素(す)のままであるさま、「質素(シッソ)」◆そのものが持つ本来の価値や中身、また性格; 問:◆分からないことやはっきりしないことを質(ただ)す◆罪や責任などの有無について聞く◆様子などを尋ねる,N5,on,on+on,,質:◆本来の、元々(もともと)の、「本質(ホンシツ)」◆本来のままであるさま、素(す)のままであるさま、「質素(シッソ)」◆そのものが持つ本来の価値や中身、また性格; 問:◆分からないことやはっきりしないことを質(ただ)す◆罪や責任などの有無について聞く◆様子などを尋ねる
kk_赤_あか,赤,あか,赤:◆南方の色、「赤道(セキドウ)」、[†「あらゆるものを焼き尽くすような太陽の強い光や熱の色」の意かと思われる†]◆顔や体が火照(ほて)ったときの色、ものが焼ける,N5,kun,kun,IL2_single_default(kun 84%),赤:◆南方の色、「赤道(セキドウ)」、[†「あらゆるものを焼き尽くすような太陽の強い光や熱の色」の意かと思われる†]◆顔や体が火照(ほて)ったときの色、ものが焼ける
kk_赤い_あかい,赤い,あかい,赤:◆南方の色、「赤道(セキドウ)」、[†「あらゆるものを焼き尽くすような太陽の強い光や熱の色」の意かと思われる†]◆顔や体が火照(ほて)ったときの色、ものが焼ける,N5,kun,kun,IL1_okurigana(kun 96%) | IL2_single_okuri(kun 96%),赤:◆南方の色、「赤道(セキドウ)」、[†「あらゆるものを焼き尽くすような太陽の強い光や熱の色」の意かと思われる†]◆顔や体が火照(ほて)ったときの色、ものが焼ける
kk_走る_はしる,走る,はしる,走:◆片足を地に着け止め、残る片足を前に運んで止める、という動作を左右の足で交互に速く繰り返す、早足(はやあし)で行く、同「趨」、ゆっくり繰り返すことを「歩」◆逃(,N5,kun,kun,IL1_okurigana(kun 96%) | IL2_single_okuri(kun 96%),走:◆片足を地に着け止め、残る片足を前に運んで止める、という動作を左右の足で交互に速く繰り返す、早足(はやあし)で行く、同「趨」、ゆっくり繰り返すことを「歩」◆逃(
kk_起きる_おきる,起きる,おきる,起:◆(横になっている状態・低い状態から上に向かって)立つ、立ち上がる、立たせる、立ち上げる◆(それまで動きのなかった物事が)動き出す、動き始める◆物事を動かす、始,N5,kun,kun,IL1_okurigana(kun 96%) | IL2_single_okuri(kun 96%),起:◆(横になっている状態・低い状態から上に向かって)立つ、立ち上がる、立たせる、立ち上げる◆(それまで動きのなかった物事が)動き出す、動き始める◆物事を動かす、始
kk_足_あし,足,あし,足:◆体や物体の一部で、胴から分かれ出て伸び、地に接して体を支えたり、歩行・走行・跳躍などの運動機能を担う部分、現代の中国では「脚」◆「歩く」「走る」などの足を使っ,N5,kun,kun,IL2_single_default(kun 84%) | B_verb_rad_足(kun 80%),足:◆体や物体の一部で、胴から分かれ出て伸び、地に接して体を支えたり、歩行・走行・跳躍などの運動機能を担う部分、現代の中国では「脚」◆「歩く」「走る」などの足を使っ
kk_車_くるま,車,くるま,車:◆二つの輪(リン、車輪)の中心に軸(ジク、車軸)を通し、その上に人や物を乗せるための台(車台)を設(しつら)えたもの ◆輪状・円状のものが軸を中心として回転する,N5,kun,kun,IL2_single_default(kun 84%),車:◆二つの輪(リン、車輪)の中心に軸(ジク、車軸)を通し、その上に人や物を乗せるための台(車台)を設(しつら)えたもの ◆輪状・円状のものが軸を中心として回転する
kk_軽い_かるい,軽い,かるい,軽:◆重くない、重くなく素早く動ける(車)、重くなく扱い易い(車)◆積載量が少ない、重さや程度が少ない◆重みがない、どっしりとしていない◆重要ではない,N5,kun,kun,IL1_okurigana(kun 96%) | IL2_single_okuri(kun 96%),軽:◆重くない、重くなく素早く動ける(車)、重くなく扱い易い(車)◆積載量が少ない、重さや程度が少ない◆重みがない、どっしりとしていない◆重要ではない
kk_辛い_からい,辛い,からい,辛:◆舌がひりひりと痛むような味、五味(甘・酸・鹹・苦・辛)の一つ◆涙が出るような(泣き出しそうな)痛み、突き刺されるような痛み◆かのと、十干(ジッカン、甲・乙・丙,N5,kun,kun,IL1_okurigana(kun 96%) | IL2_single_okuri(kun 96%),辛:◆舌がひりひりと痛むような味、五味(甘・酸・鹹・苦・辛)の一つ◆涙が出るような(泣き出しそうな)痛み、突き刺されるような痛み◆かのと、十干(ジッカン、甲・乙・丙
kk_辛い_つらい,辛い,つらい,辛:◆舌がひりひりと痛むような味、五味(甘・酸・鹹・苦・辛)の一つ◆涙が出るような(泣き出しそうな)痛み、突き刺されるような痛み◆かのと、十干(ジッカン、甲・乙・丙,N5,kun,kun,IL1_okurigana(kun 96%) | IL2_single_okuri(kun 96%),辛:◆舌がひりひりと痛むような味、五味(甘・酸・鹹・苦・辛)の一つ◆涙が出るような(泣き出しそうな)痛み、突き刺されるような痛み◆かのと、十干(ジッカン、甲・乙・丙
kk_辞書_じしょ,辞書,じしょ,辞:◆説(と)く、分かるように順序立てて話す、説明する、「【說文解字注:辛部:辭】說也(…說者釋也)𤔬辛猶理辜也」◆丁寧に分かり易く述べる、また説明する、またその言; 書:◆文字を筆(聿)などで記(しる)す、著(あらわ)す、「書物(ショモツ)」「文書(ブンショ)」◆手紙、「書信(ショシン)」◆「書経(ショキョウ、別名尚書ショウショ,N5,on,on+on,A3_short_compound(on+on 71%),辞:◆説(と)く、分かるように順序立てて話す、説明する、「【說文解字注:辛部:辭】說也(…說者釋也)𤔬辛猶理辜也」◆丁寧に分かり易く述べる、また説明する、またその言; 書:◆文字を筆(聿)などで記(しる)す、著(あらわ)す、「書物(ショモツ)」「文書(ブンショ)」◆手紙、「書信(ショシン)」◆「書経(ショキョウ、別名尚書ショウショ
kk_辺_へん,辺,へん,辺:◆境界、境目(さかいめ)、面状のものの区切りとなるところ、一般にはその先も同じような状態で続いているものの区切りとなるところを指す、そこで途切れその先がないもの,N5,on,on,IL2_single_default(kun 84%),辺:◆境界、境目(さかいめ)、面状のものの区切りとなるところ、一般にはその先も同じような状態で続いているものの区切りとなるところを指す、そこで途切れその先がないもの
kk_込む_こむ,込む,こむ,込:◆[日]中に(内に、裏に、見えないところに)入(はい)る、入(い)れる,N5,kun,kun,IL1_okurigana(kun 96%) | IL2_single_okuri(kun 96%),込:◆[日]中に(内に、裏に、見えないところに)入(はい)る、入(い)れる
kk_近い_ちかい,近い,ちかい,近:◆位置・時間・関係・状態などがすぐ傍(そば)にある◆迫(せま)る、すぐ傍まで寄る、また寄せる◆親(ちか)しい、親(した)しい(間柄や関係などが近い)◆似ている(,N5,kun,kun,IL1_okurigana(kun 96%) | IL2_single_okuri(kun 96%),近:◆位置・時間・関係・状態などがすぐ傍(そば)にある◆迫(せま)る、すぐ傍まで寄る、また寄せる◆親(ちか)しい、親(した)しい(間柄や関係などが近い)◆似ている(
kk_近く_ちかく,近く,ちかく,近:◆位置・時間・関係・状態などがすぐ傍(そば)にある◆迫(せま)る、すぐ傍まで寄る、また寄せる◆親(ちか)しい、親(した)しい(間柄や関係などが近い)◆似ている(,N5,kun,kun,IL1_okurigana(kun 96%) | IL2_single_okuri(kun 96%),近:◆位置・時間・関係・状態などがすぐ傍(そば)にある◆迫(せま)る、すぐ傍まで寄る、また寄せる◆親(ちか)しい、親(した)しい(間柄や関係などが近い)◆似ている(
kk_返す_かえす,返す,かえす,返:◆帰る、行った先から出発したところに戻る、同「𢓉」◆元に戻る、元に戻す◆[日]反対向きにする、反対向きになる,N5,kun,kun,IL1_okurigana(kun 96%) | IL2_single_okuri(kun 96%),返:◆帰る、行った先から出発したところに戻る、同「𢓉」◆元に戻る、元に戻す◆[日]反対向きにする、反対向きになる
kk_迷う_まよう,迷う,まよう,迷:◆どちらに行ったらよいか(どうしたらよいか)分からなくなる、戸惑(とまど)う,N5,kun,kun,IL1_okurigana(kun 96%) | IL2_single_okuri(kun 96%),迷:◆どちらに行ったらよいか(どうしたらよいか)分からなくなる、戸惑(とまど)う
kk_迷子_まいご,迷子,まいご,迷:◆どちらに行ったらよいか(どうしたらよいか)分からなくなる、戸惑(とまど)う; 子:◆母親から産まれるもの、古くは男女を問わず「子」といったが、現代中国では男の子(息子)を指す◆新しく産まれる(生まれる)ものの元となるもの、植物の種や実、動物の,N5,other,mixed+mixed~,A3_short_compound(on+on 71%),迷:◆どちらに行ったらよいか(どうしたらよいか)分からなくなる、戸惑(とまど)う; 子:◆母親から産まれるもの、古くは男女を問わず「子」といったが、現代中国では男の子(息子)を指す◆新しく産まれる(生まれる)ものの元となるもの、植物の種や実、動物の
kk_送る/贈る_おくる,送る/贈る,おくる,送:◆行く人(別れる人、帰る人、旅立つ人、亡くなった人など)と途中まで同道する、出向いて行って迎えるのは「迎」◆ものを目的地へ運び届ける◆贈(おく)る、遣(つか)わ; 贈:◆相手が貰って嬉しいと思うもの(相手が喜ぶもの)を送る◆死後に爵位や称号を与える,N5,kun,kun+kun~,IL1_okurigana(kun 96%) | A1_compound_oku(kun 90%) | A1_on_kun_mix(on+kun 65%),送:◆行く人(別れる人、帰る人、旅立つ人、亡くなった人など)と途中まで同道する、出向いて行って迎えるのは「迎」◆ものを目的地へ運び届ける◆贈(おく)る、遣(つか)わ; 贈:◆相手が貰って嬉しいと思うもの(相手が喜ぶもの)を送る◆死後に爵位や称号を与える
kk_速い_はやい,速い,はやい,速:◆あっという間に、瞬(またた)く間に、間を置かずに、さっと◆疾(はや)い、あっという間に位置が変わる、また通り過ぎて行く、同「遬」◆間を置かずに動作・反応・対応,N5,kun,kun,IL1_okurigana(kun 96%) | IL2_single_okuri(kun 96%),速:◆あっという間に、瞬(またた)く間に、間を置かずに、さっと◆疾(はや)い、あっという間に位置が変わる、また通り過ぎて行く、同「遬」◆間を置かずに動作・反応・対応
kk_連休_れんきゅう,連休,れんきゅう,連:◆途切れずに続く、次々に間を置かずに続く、また繋(つな)がる◆結び付く、関わり合いを持つ◆一緒に行動する◆続々と、次々に、間を置かずに; 休:◆連続した動きや働きの途中で一旦その動きや働きを止(や)める、再開するために息を整えたり力を蓄(たくわ)えることをいう◆止める、止む、終わる、「【歸去來辭】羨萬,N5,on,on+on,,連:◆途切れずに続く、次々に間を置かずに続く、また繋(つな)がる◆結び付く、関わり合いを持つ◆一緒に行動する◆続々と、次々に、間を置かずに; 休:◆連続した動きや働きの途中で一旦その動きや働きを止(や)める、再開するために息を整えたり力を蓄(たくわ)えることをいう◆止める、止む、終わる、「【歸去來辭】羨萬
kk_週_しゅう,週,しゅう,週:◆ぐるりと廻(まわ)る◆一定の周期で廻(めぐ)って来る、またその期間,N5,on,on,IL2_on_only(on 99%),週:◆ぐるりと廻(まわ)る◆一定の周期で廻(めぐ)って来る、またその期間
kk_週末_しゅうまつ,週末,しゅうまつ,週:◆ぐるりと廻(まわ)る◆一定の周期で廻(めぐ)って来る、またその期間; 末:◆木の先(さき)の細い部分、端(はじ)、先端◆物事の最後、終わり◆細いさま、細(こま)かいさま、小さいさま◆(端の方にあって或いは細かくて)取るに足りない、些細,N5,on,on+on,B_noun_rad_木(kun 93%),週:◆ぐるりと廻(まわ)る◆一定の周期で廻(めぐ)って来る、またその期間; 末:◆木の先(さき)の細い部分、端(はじ)、先端◆物事の最後、終わり◆細いさま、細(こま)かいさま、小さいさま◆(端の方にあって或いは細かくて)取るに足りない、些細
kk_遅い_おそい,遅い,おそい,遅:◆ゆっくりしたさま、次の動作までに時間が掛るさま◆ゆっくりと進む、鈍(のろ)い◆決まっている時間・期間の終わりの頃になる、またその頃を過ぎる◆決まっている時(瞬,N5,kun,kun,IL1_okurigana(kun 96%) | IL2_single_okuri(kun 96%),遅:◆ゆっくりしたさま、次の動作までに時間が掛るさま◆ゆっくりと進む、鈍(のろ)い◆決まっている時間・期間の終わりの頃になる、またその頃を過ぎる◆決まっている時(瞬
kk_遊ぶ_あそぶ,遊ぶ,あそぶ,遊:◆同じところに留(とど)まらずにあちこち巡(めぐ)り歩く、あちこちに出向いて行く、同「游」◆気の向くままに楽しむ、同「游」◆互いに行き来して親しく交わる、同「游,N5,kun,kun,IL1_okurigana(kun 96%) | IL2_single_okuri(kun 96%),遊:◆同じところに留(とど)まらずにあちこち巡(めぐ)り歩く、あちこちに出向いて行く、同「游」◆気の向くままに楽しむ、同「游」◆互いに行き来して親しく交わる、同「游
kk_運動会_うんどうかい,運動会,うんどうかい,運:◆場所や位置を移し変える、移動する、移転する、「運行(ウンコウ)」◆止(とど)まることなく位置や状況などが移り変わる、止(と)まらないように次へ次へと場所や位置; 動:◆位置・姿勢・感情・状態・事情などが変わる、また変える、また変わり始める、「動作」「行動」「感動」◆やや・もすれば、どうかすると(～になる、～になりやすい); 会:◆人が集まる、同じ時間や場所に(同じ目的で)集まる、「会合(カイゴウ)」◆多くの人が(出向いて)集まる、また集まったところ、「集会(シュウカイ)」「都会(トカイ,N5,on,on+on+on,A4_multi_on(on+on+on 65%) | B_verb_rad_力(kun 80%),運:◆場所や位置を移し変える、移動する、移転する、「運行(ウンコウ)」◆止(とど)まることなく位置や状況などが移り変わる、止(と)まらないように次へ次へと場所や位置; 動:◆位置・姿勢・感情・状態・事情などが変わる、また変える、また変わり始める、「動作」「行動」「感動」◆やや・もすれば、どうかすると(～になる、～になりやすい); 会:◆人が集まる、同じ時間や場所に(同じ目的で)集まる、「会合(カイゴウ)」◆多くの人が(出向いて)集まる、また集まったところ、「集会(シュウカイ)」「都会(トカイ
kk_運動場_うんどうじょう,運動場,うんどうじょう,運:◆場所や位置を移し変える、移動する、移転する、「運行(ウンコウ)」◆止(とど)まることなく位置や状況などが移り変わる、止(と)まらないように次へ次へと場所や位置; 動:◆位置・姿勢・感情・状態・事情などが変わる、また変える、また変わり始める、「動作」「行動」「感動」◆やや・もすれば、どうかすると(～になる、～になりやすい); 場:◆(日当たりのよい、収穫した穀物の乾燥・脱穀などをする、また多くの人やものが集まる)広く平らなところ、「広場」、同「塲」◆一段と高くし上を平らに作ったところ、台,N5,on,on+on+on,A4_multi_on(on+on+on 65%) | B_verb_rad_力(kun 80%),運:◆場所や位置を移し変える、移動する、移転する、「運行(ウンコウ)」◆止(とど)まることなく位置や状況などが移り変わる、止(と)まらないように次へ次へと場所や位置; 動:◆位置・姿勢・感情・状態・事情などが変わる、また変える、また変わり始める、「動作」「行動」「感動」◆やや・もすれば、どうかすると(～になる、～になりやすい); 場:◆(日当たりのよい、収穫した穀物の乾燥・脱穀などをする、また多くの人やものが集まる)広く平らなところ、「広場」、同「塲」◆一段と高くし上を平らに作ったところ、台
kk_道_みち,道,みち,道:◆出発地から目的地へ通じている路(みち)、人や動物などが往来する通り路、「道路(ドウロ)」、同「路」◆目的を達するための経路、手順や方法◆導(みちび)く、手引き,N5,kun,kun,IL2_single_default(kun 84%),道:◆出発地から目的地へ通じている路(みち)、人や動物などが往来する通り路、「道路(ドウロ)」、同「路」◆目的を達するための経路、手順や方法◆導(みちび)く、手引き
kk_道具_どうぐ,道具,どうぐ,道:◆出発地から目的地へ通じている路(みち)、人や動物などが往来する通り路、「道路(ドウロ)」、同「路」◆目的を達するための経路、手順や方法◆導(みちび)く、手引き; 具:◆そな・わる、そな・える、必要なものが揃っている、必要なものを揃える◆必要なものが身に付いている◆(食事のための器具、戦うための武具、作業するための道具などの),N5,on,on+on,A3_short_compound(on+on 71%),道:◆出発地から目的地へ通じている路(みち)、人や動物などが往来する通り路、「道路(ドウロ)」、同「路」◆目的を達するための経路、手順や方法◆導(みちび)く、手引き; 具:◆そな・わる、そな・える、必要なものが揃っている、必要なものを揃える◆必要なものが身に付いている◆(食事のための器具、戦うための武具、作業するための道具などの)
kk_違う_ちがう,違う,ちがう,違:◆背(せ)を向ける、背を向け去る、背(そむ)く◆あるべき形や様子と異なる、また反している、また合っていない◆守るべきものを守らない、従(したが)わない,N5,kun,kun,IL1_okurigana(kun 96%) | IL2_single_okuri(kun 96%),違:◆背(せ)を向ける、背を向け去る、背(そむ)く◆あるべき形や様子と異なる、また反している、また合っていない◆守るべきものを守らない、従(したが)わない
kk_遠い_とおい,遠い,とおい,遠:◆場所や時間などが遥(はる)かに離れている、間(あいだ)が大きく空(あ)いている◆間を離す、大きく空ける◆関係が薄い,N5,kun,kun,IL1_okurigana(kun 96%) | IL2_single_okuri(kun 96%),遠:◆場所や時間などが遥(はる)かに離れている、間(あいだ)が大きく空(あ)いている◆間を離す、大きく空ける◆関係が薄い
kk_遠足_えんそく,遠足,えんそく,遠:◆場所や時間などが遥(はる)かに離れている、間(あいだ)が大きく空(あ)いている◆間を離す、大きく空ける◆関係が薄い; 足:◆体や物体の一部で、胴から分かれ出て伸び、地に接して体を支えたり、歩行・走行・跳躍などの運動機能を担う部分、現代の中国では「脚」◆「歩く」「走る」などの足を使っ,N5,on,on+on,B_verb_rad_足(kun 80%),遠:◆場所や時間などが遥(はる)かに離れている、間(あいだ)が大きく空(あ)いている◆間を離す、大きく空ける◆関係が薄い; 足:◆体や物体の一部で、胴から分かれ出て伸び、地に接して体を支えたり、歩行・走行・跳躍などの運動機能を担う部分、現代の中国では「脚」◆「歩く」「走る」などの足を使っ
kk_選ぶ_えらぶ,選ぶ,えらぶ,選:◆多くのものを基準に従って仕分ける、また仕分けて目的のものを抜き出す、「選択(センタク)」「選抜(センバツ)」、同「撰」◆仕分け抜き出したものを纏(まと)めたも,N5,kun,kun,IL1_okurigana(kun 96%) | IL2_single_okuri(kun 96%),選:◆多くのものを基準に従って仕分ける、また仕分けて目的のものを抜き出す、「選択(センタク)」「選抜(センバツ)」、同「撰」◆仕分け抜き出したものを纏(まと)めたも
kk_部屋_へや,部屋,へや,部:◆区分けしたものの一つ、「部分」「内部」◆集団を分類し同じものを一纏(ひとまと)めにしたもの、全体を構成する小さな集合体や組織、「部署」「部隊」◆書物を数える単; 屋:◆日差しや雨風を遮(さえぎ)るための覆(おお)い、同「幄」◆建物の上部の日差しや雨風を遮(さえぎ)るための覆い、「屋頂(オクテイ、オクチョウ、屋根)」◆(屋根に,N5,kun,kun+kun~,A3_short_compound(on+on 71%),部:◆区分けしたものの一つ、「部分」「内部」◆集団を分類し同じものを一纏(ひとまと)めにしたもの、全体を構成する小さな集合体や組織、「部署」「部隊」◆書物を数える単; 屋:◆日差しや雨風を遮(さえぎ)るための覆(おお)い、同「幄」◆建物の上部の日差しや雨風を遮(さえぎ)るための覆い、「屋頂(オクテイ、オクチョウ、屋根)」◆(屋根に
kk_郵便局_ゆうびんきょく,郵便局,ゆうびんきょく,郵:◆手紙や荷物などを中継しながら運ぶ、またそのための中継所◆過ち◆役人が農作業を監視するために建てた小屋◆簡「邮」; 便:◆安らかなさま、差し障る(さしさわる)ようなことがないさま◆都合が良いさま、ちょうど良いさま、(物事をするのに)適(テキ)しているさま、「便宜(ベンギ)」「便利; 局:◆周りが囲まれ区切られた部分や場所◆限定された一部分、狭い範囲◆曲げる、曲げて縮こまる、「狭いところに押し込められている」の意◆将棋などの盤、また形勢・情勢、「,N5,on,on+on+on,A4_multi_on(on+on+on 65%),郵:◆手紙や荷物などを中継しながら運ぶ、またそのための中継所◆過ち◆役人が農作業を監視するために建てた小屋◆簡「邮」; 便:◆安らかなさま、差し障る(さしさわる)ようなことがないさま◆都合が良いさま、ちょうど良いさま、(物事をするのに)適(テキ)しているさま、「便宜(ベンギ)」「便利; 局:◆周りが囲まれ区切られた部分や場所◆限定された一部分、狭い範囲◆曲げる、曲げて縮こまる、「狭いところに押し込められている」の意◆将棋などの盤、また形勢・情勢、「
kk_都会_とかい,都会,とかい,都:◆天子や天皇が主として住むところ、先君を祭る宗廟を置くところ◆国の中心的な町、人が多く集まる大きな町◆多くのものが集まる、多くのものが集まるところ◆盛んなさま、; 会:◆人が集まる、同じ時間や場所に(同じ目的で)集まる、「会合(カイゴウ)」◆多くの人が(出向いて)集まる、また集まったところ、「集会(シュウカイ)」「都会(トカイ,N5,on,on+on,A3_short_compound(on+on 71%),都:◆天子や天皇が主として住むところ、先君を祭る宗廟を置くところ◆国の中心的な町、人が多く集まる大きな町◆多くのものが集まる、多くのものが集まるところ◆盛んなさま、; 会:◆人が集まる、同じ時間や場所に(同じ目的で)集まる、「会合(カイゴウ)」◆多くの人が(出向いて)集まる、また集まったところ、「集会(シュウカイ)」「都会(トカイ
kk_都市_とし,都市,とし,都:◆天子や天皇が主として住むところ、先君を祭る宗廟を置くところ◆国の中心的な町、人が多く集まる大きな町◆多くのものが集まる、多くのものが集まるところ◆盛んなさま、; 市:◆人が多く集まり物品などを売買・交換する、またその場所◆人が多く集まる所◆「町」よりも大きな行政区画¶本字は「亠巾」で「一巾」の「巿」とは別字,N5,on,on+on,A3_short_compound(on+on 71%) | B_noun_rad_巾(kun 93%),都:◆天子や天皇が主として住むところ、先君を祭る宗廟を置くところ◆国の中心的な町、人が多く集まる大きな町◆多くのものが集まる、多くのものが集まるところ◆盛んなさま、; 市:◆人が多く集まり物品などを売買・交換する、またその場所◆人が多く集まる所◆「町」よりも大きな行政区画¶本字は「亠巾」で「一巾」の「巿」とは別字
kk_酒_さけ,酒,さけ,酒:◆穀物や果実などを原料として醸造(ジョウゾウ)したアルコールalcohol分を含む飲み物,N5,kun,kun,IL2_single_default(kun 84%),酒:◆穀物や果実などを原料として醸造(ジョウゾウ)したアルコールalcohol分を含む飲み物
kk_酸っぱい_すっぱい,酸っぱい,すっぱい,酸:◆酢のような味、すっぱい、五味(甘・酸・鹹・苦・辛)の一つ、同「醋」「酢」◆堪え難いさま、不快なさま◆厳しい、苦しい◆疼(うず)く、「ずきずき」「しくしく」とし,N5,kun,kun,IL1_okurigana(kun 96%) | IL2_single_okuri(kun 96%),酸:◆酢のような味、すっぱい、五味(甘・酸・鹹・苦・辛)の一つ、同「醋」「酢」◆堪え難いさま、不快なさま◆厳しい、苦しい◆疼(うず)く、「ずきずき」「しくしく」とし
kk_醤油_しょうゆ,醤油,しょうゆ,醤:◆肉類・魚類・豆類・穀類などに塩などを加え発酵させたもの、主原料によって「肉醤(ニクショウ、ししびしお)」「魚醤(ギョショウ、日本の塩辛しおからに類するもの)」; 油:◆粘性の高い可燃性の液体、「石油(セキユ)」◆膏(コウ、あぶら)、脂肪(シボウ)◆光沢(コウタク)、艶(つや)、同「𥑤」◆ゆったりとしたさま,N5,on,on+on,A3_short_compound(on+on 71%),醤:◆肉類・魚類・豆類・穀類などに塩などを加え発酵させたもの、主原料によって「肉醤(ニクショウ、ししびしお)」「魚醤(ギョショウ、日本の塩辛しおからに類するもの)」; 油:◆粘性の高い可燃性の液体、「石油(セキユ)」◆膏(コウ、あぶら)、脂肪(シボウ)◆光沢(コウタク)、艶(つや)、同「𥑤」◆ゆったりとしたさま
kk_重い_おもい,重い,おもい,重:◆層になる、上に載る、下になったものに上から大きな力が掛かる、負担が大きい◆再び、繰り返して、何度も、何層にも◆何層にも心配りがされていて手厚い、丁寧な◆何層に,N5,kun,kun,IL1_okurigana(kun 96%) | IL2_single_okuri(kun 96%),重:◆層になる、上に載る、下になったものに上から大きな力が掛かる、負担が大きい◆再び、繰り返して、何度も、何層にも◆何層にも心配りがされていて手厚い、丁寧な◆何層に
kk_野球_やきゅう,野球,やきゅう,野:◆郊外(コウガイ)、都(みやこ)を囲む城壁の外に広がる地で都から百里以内の地を「郊」、その外を「野」、その外を「林」、その外を「冂」といった、「【說文解字: 冂; 球:◆丸いもの、毬(まり)状のもの、ボールball状のもの、同「毬」◆美しい玉(ギョク、宝石)◆玉(ギョク、大変美しい石)製の磬(ケイ、打楽器)、同「璆」,N5,on,on+on,A3_short_compound(on+on 71%),野:◆郊外(コウガイ)、都(みやこ)を囲む城壁の外に広がる地で都から百里以内の地を「郊」、その外を「野」、その外を「林」、その外を「冂」といった、「【說文解字: 冂; 球:◆丸いもの、毬(まり)状のもの、ボールball状のもの、同「毬」◆美しい玉(ギョク、宝石)◆玉(ギョク、大変美しい石)製の磬(ケイ、打楽器)、同「璆」
kk_野菜_やさい,野菜,やさい,野:◆郊外(コウガイ)、都(みやこ)を囲む城壁の外に広がる地で都から百里以内の地を「郊」、その外を「野」、その外を「林」、その外を「冂」といった、「【說文解字: 冂; 菜:◆食用にする草の総称◆主食に添えて出されるおかず、料理,N5,on,on+on,A3_short_compound(on+on 71%),野:◆郊外(コウガイ)、都(みやこ)を囲む城壁の外に広がる地で都から百里以内の地を「郊」、その外を「野」、その外を「林」、その外を「冂」といった、「【說文解字: 冂; 菜:◆食用にする草の総称◆主食に添えて出されるおかず、料理
kk_金_かね,金,かね,金:◆黄金・白銀・赤銅・青銅・青鉛・黒鉄などの総称、金属の総称◆(黄金のように)黄色い、輝く、美しい、貴重な、(金属のように)堅い◆金属製のもの◆銭(ぜに)、またそ,N5,kun,kun,IL2_single_default(kun 84%) | B_noun_rad_金(kun 93%),金:◆黄金・白銀・赤銅・青銅・青鉛・黒鉄などの総称、金属の総称◆(黄金のように)黄色い、輝く、美しい、貴重な、(金属のように)堅い◆金属製のもの◆銭(ぜに)、またそ
kk_金曜日_きんようび,金曜日,きんようび,金:◆黄金・白銀・赤銅・青銅・青鉛・黒鉄などの総称、金属の総称◆(黄金のように)黄色い、輝く、美しい、貴重な、(金属のように)堅い◆金属製のもの◆銭(ぜに)、またそ; 曜:◆陽の光が明るく輝(かがや)く、眩(まばゆ)く輝く◆太陽・月と水金火木土星の七つの明るく光る天体、総称して「七曜(シチヨウ)」といい、これを一週間の各日に当てた; 日:◆太陽◆太陽が出ている間、昼間、夜明けから日没まで◆一昼夜、朝から次の朝まで、またその繰り返し、またその繰り返しを数える語◆候(コウ)、時節、頃(ケイ、ころ)◆,N5,on,mixed+on+mixed~,A4_multi_on(on+on+on 65%) | B_noun_rad_金(kun 93%),金:◆黄金・白銀・赤銅・青銅・青鉛・黒鉄などの総称、金属の総称◆(黄金のように)黄色い、輝く、美しい、貴重な、(金属のように)堅い◆金属製のもの◆銭(ぜに)、またそ; 曜:◆陽の光が明るく輝(かがや)く、眩(まばゆ)く輝く◆太陽・月と水金火木土星の七つの明るく光る天体、総称して「七曜(シチヨウ)」といい、これを一週間の各日に当てた; 日:◆太陽◆太陽が出ている間、昼間、夜明けから日没まで◆一昼夜、朝から次の朝まで、またその繰り返し、またその繰り返しを数える語◆候(コウ)、時節、頃(ケイ、ころ)◆
kk_釣り_つり,釣り,つり,釣:◆鉤(かぎ、先を曲げた金具)に引っ掛ける、また引っ掛けて魚を獲(と)る、同「魡」◆(餌をぶら下げて)誘(おび)き出す、誘き出して手に入れる◆吊(つ)る、吊り下げ,N5,kun,kun,IL1_okurigana(kun 96%) | IL2_single_okuri(kun 96%) | B_noun_rad_金(kun 93%),釣:◆鉤(かぎ、先を曲げた金具)に引っ掛ける、また引っ掛けて魚を獲(と)る、同「魡」◆(餌をぶら下げて)誘(おび)き出す、誘き出して手に入れる◆吊(つ)る、吊り下げ
kk_鉛筆_えんぴつ,鉛筆,えんぴつ,鉛:◆金属の一種、「鉛白(エンパク、鉛を使った白色の顔料)」「鉛筆(エンピツ、鉛粉を使って書く筆、黒鉛と粘土から作った芯を持つ筆記具)」◆鉛(Plumbum[羅]、; 筆:◆墨や絵の具を穂先に含ませて字を書いたり絵を描いたりする道具、またそれで字を書く、また絵を描く、またそれで書いた(描いた)字や絵,N5,other,mixed+mixed~,B_noun_rad_金(kun 93%) | B_noun_rad_竹(kun 93%),鉛:◆金属の一種、「鉛白(エンパク、鉛を使った白色の顔料)」「鉛筆(エンピツ、鉛粉を使って書く筆、黒鉛と粘土から作った芯を持つ筆記具)」◆鉛(Plumbum[羅]、; 筆:◆墨や絵の具を穂先に含ませて字を書いたり絵を描いたりする道具、またそれで字を書く、また絵を描く、またそれで書いた(描いた)字や絵
kk_銀行_ぎんこう,銀行,ぎんこう,銀:◆金属の一種、白く光沢がある、白金(しろがね、銀の古称)◆銀(Argentum[羅]、Ag)、元素名 ◆貨幣、金銭◆白く光るさま; 行:◆左足を前に出し(彳)次に右足を前に出す(亍)、足を交互に動かして前に進む◆目的とするところに向かって進む◆遠くに出掛ける、旅に出る◆道、人が往来する道路、同「,N5,on,on+on,B_noun_rad_金(kun 93%),銀:◆金属の一種、白く光沢がある、白金(しろがね、銀の古称)◆銀(Argentum[羅]、Ag)、元素名 ◆貨幣、金銭◆白く光るさま; 行:◆左足を前に出し(彳)次に右足を前に出す(亍)、足を交互に動かして前に進む◆目的とするところに向かって進む◆遠くに出掛ける、旅に出る◆道、人が往来する道路、同「
kk_銀行員_ぎんこういん,銀行員,ぎんこういん,銀:◆金属の一種、白く光沢がある、白金(しろがね、銀の古称)◆銀(Argentum[羅]、Ag)、元素名 ◆貨幣、金銭◆白く光るさま; 行:◆左足を前に出し(彳)次に右足を前に出す(亍)、足を交互に動かして前に進む◆目的とするところに向かって進む◆遠くに出掛ける、旅に出る◆道、人が往来する道路、同「; 員:◆限られた範囲(場所・空間など)に入っている(含まれる)人、集団に属している人、またその人数◆限られた範囲(特に国土・領土などの境界線)の大きさ、また広さ◆円(,N5,on,on+on+on,A4_multi_on(on+on+on 65%) | B_noun_rad_金(kun 93%),銀:◆金属の一種、白く光沢がある、白金(しろがね、銀の古称)◆銀(Argentum[羅]、Ag)、元素名 ◆貨幣、金銭◆白く光るさま; 行:◆左足を前に出し(彳)次に右足を前に出す(亍)、足を交互に動かして前に進む◆目的とするところに向かって進む◆遠くに出掛ける、旅に出る◆道、人が往来する道路、同「; 員:◆限られた範囲(場所・空間など)に入っている(含まれる)人、集団に属している人、またその人数◆限られた範囲(特に国土・領土などの境界線)の大きさ、また広さ◆円(
kk_鋤焼き_すきやき,鋤焼き,すきやき,鋤:◆田畑の土を掘り起こす、また掘り起こして雑草を取り除く◆柄の先に鉄板などを付け振り下ろして土など掘り起こす農具、日本で「鍬(くわ)」と呼ばれれる農具、日本で「鋤; 焼:◆火をつける、火つけて燃やす、火の中にものを入れて燃やす、ものが熱せられて炎や煙が立ち昇る◆[日]あれこれと進んで人に尽くす,N5,kun,kun+kun,IL1_okurigana(kun 96%) | A1_compound_oku(kun 90%) | A1_on_kun_mix(on+kun 65%),鋤:◆田畑の土を掘り起こす、また掘り起こして雑草を取り除く◆柄の先に鉄板などを付け振り下ろして土など掘り起こす農具、日本で「鍬(くわ)」と呼ばれれる農具、日本で「鋤; 焼:◆火をつける、火つけて燃やす、火の中にものを入れて燃やす、ものが熱せられて炎や煙が立ち昇る◆[日]あれこれと進んで人に尽くす
kk_鍵_かぎ,鍵,かぎ,"鍵:◆鼎(かなえ)を持ち運ぶために両耳(""∩""字状の取っ手)に掛け渡す棒◆車輪の脱落を防ぐために車軸の両端に打ち込む楔(くさび)、同「轄」◆扉や戸などの戸締りをする",N5,kun,kun,IL2_single_default(kun 84%) | B_noun_rad_金(kun 93%),"鍵:◆鼎(かなえ)を持ち運ぶために両耳(""∩""字状の取っ手)に掛け渡す棒◆車輪の脱落を防ぐために車軸の両端に打ち込む楔(くさび)、同「轄」◆扉や戸などの戸締りをする"
kk_長い_ながい,長い,ながい,長:◆距離や時間などが途切れることなく連なっている、離れたところまでずぅっと続いている、途切れなく続いているものの二点(両端)が大きく隔(へだ)たっている、またその,N5,kun,kun,IL1_okurigana(kun 96%) | IL2_single_okuri(kun 96%),長:◆距離や時間などが途切れることなく連なっている、離れたところまでずぅっと続いている、途切れなく続いているものの二点(両端)が大きく隔(へだ)たっている、またその
kk_門_もん,門,もん,門:◆敷地の囲いの一部に設けた出入口、囲われたものの内から外へ(外から内へ)出入りするところ、同「𨳇」「閅」◆同じ入口から入って来た人、同じ囲いの中にいる人、同じ目,N5,on,on,IL2_single_default(kun 84%),門:◆敷地の囲いの一部に設けた出入口、囲われたものの内から外へ(外から内へ)出入りするところ、同「𨳇」「閅」◆同じ入口から入って来た人、同じ囲いの中にいる人、同じ目
kk_閉まる_しまる,閉まる,しまる,閉:◆ものが出入りするところ(門・戸・窓・穴など)から出たり入ったりできないようにする、塞ぐ、「密閉」「閉塞」◆中に入れて外に出られないようにする、「幽閉」◆しっか,N5,kun,kun,IL1_okurigana(kun 96%) | IL2_single_okuri(kun 96%),閉:◆ものが出入りするところ(門・戸・窓・穴など)から出たり入ったりできないようにする、塞ぐ、「密閉」「閉塞」◆中に入れて外に出られないようにする、「幽閉」◆しっか
kk_閉める_しめる,閉める,しめる,閉:◆ものが出入りするところ(門・戸・窓・穴など)から出たり入ったりできないようにする、塞ぐ、「密閉」「閉塞」◆中に入れて外に出られないようにする、「幽閉」◆しっか,N5,kun,kun,IL1_okurigana(kun 96%) | IL2_single_okuri(kun 96%),閉:◆ものが出入りするところ(門・戸・窓・穴など)から出たり入ったりできないようにする、塞ぐ、「密閉」「閉塞」◆中に入れて外に出られないようにする、「幽閉」◆しっか
kk_開く_あく,開く,あく,開:◆啓(ひら)く、閉じられている扉を真ん中から左右に押し除(の)ける◆仕切っているもの(塞ふさいでいるもの、妨さまたげているもの)を取る、「開放(カイホウ)」◆明,N5,kun,kun,IL1_okurigana(kun 96%) | IL2_single_okuri(kun 96%),開:◆啓(ひら)く、閉じられている扉を真ん中から左右に押し除(の)ける◆仕切っているもの(塞ふさいでいるもの、妨さまたげているもの)を取る、「開放(カイホウ)」◆明
kk_開ける_あける,開ける,あける,開:◆啓(ひら)く、閉じられている扉を真ん中から左右に押し除(の)ける◆仕切っているもの(塞ふさいでいるもの、妨さまたげているもの)を取る、「開放(カイホウ)」◆明,N5,kun,kun,IL1_okurigana(kun 96%) | IL2_single_okuri(kun 96%),開:◆啓(ひら)く、閉じられている扉を真ん中から左右に押し除(の)ける◆仕切っているもの(塞ふさいでいるもの、妨さまたげているもの)を取る、「開放(カイホウ)」◆明
kk_降りる_おりる,降りる,おりる,降:◆下(くだ)る、高いところから低いところに移る◆下(お)りる、下りて来る、上から下に落ちる◆下(さ)げる、下(お)ろす、低くする、「降伏(コウフク、姿勢を低くし,N5,kun,kun,IL1_okurigana(kun 96%) | IL2_single_okuri(kun 96%),降:◆下(くだ)る、高いところから低いところに移る◆下(お)りる、下りて来る、上から下に落ちる◆下(さ)げる、下(お)ろす、低くする、「降伏(コウフク、姿勢を低くし
kk_降る_ふる,降る,ふる,降:◆下(くだ)る、高いところから低いところに移る◆下(お)りる、下りて来る、上から下に落ちる◆下(さ)げる、下(お)ろす、低くする、「降伏(コウフク、姿勢を低くし,N5,kun,kun,IL1_okurigana(kun 96%) | IL2_single_okuri(kun 96%),降:◆下(くだ)る、高いところから低いところに移る◆下(お)りる、下りて来る、上から下に落ちる◆下(さ)げる、下(お)ろす、低くする、「降伏(コウフク、姿勢を低くし
kk_階段_かいだん,階段,かいだん,階:◆同じ高さの段(ダン、積み重ねて層をなしたもの)、上り下りするために同じ高さに揃え積み重ねたもの、「階段(カイダン)」◆梯子(テイシ、はしご)◆高低の区切りの一; 段:◆上へ上へと積み重なって層をなしたものの、その一つ一つ◆物事などの区切り、文章などの区切り◆階位、等級,N5,on,on+on,,階:◆同じ高さの段(ダン、積み重ねて層をなしたもの)、上り下りするために同じ高さに揃え積み重ねたもの、「階段(カイダン)」◆梯子(テイシ、はしご)◆高低の区切りの一; 段:◆上へ上へと積み重なって層をなしたものの、その一つ一つ◆物事などの区切り、文章などの区切り◆階位、等級
kk_隣_となり,隣,となり,隣:◆境界を共有している(同じ境界に接している)家・土地・町・国など◆すぐそばに並んでいる、すぐそばに連(つら)なっている◆周代(前11世紀～前256年)の五家を単,N5,kun,kun,IL2_single_default(kun 84%),隣:◆境界を共有している(同じ境界に接している)家・土地・町・国など◆すぐそばに並んでいる、すぐそばに連(つら)なっている◆周代(前11世紀～前256年)の五家を単
kk_雑誌_ざっし,雑誌,ざっし,雑:◆それぞれの性質は保ったままいろいろな物が寄せ集まる、また入り交る、入り交って元の性質が失われるのは「混」◆入り交って纏(まと)まりがないさま、きちんと整ってい; 誌:◆記(しる)す、書き留(と)める、またその記録、同簡「志」,N5,on,on+on,A3_short_compound(on+on 71%) | B_verb_rad_言(kun 80%),雑:◆それぞれの性質は保ったままいろいろな物が寄せ集まる、また入り交る、入り交って元の性質が失われるのは「混」◆入り交って纏(まと)まりがないさま、きちんと整ってい; 誌:◆記(しる)す、書き留(と)める、またその記録、同簡「志」
kk_雛祭り_ひなまつり,雛祭り,ひなまつり,雛:◆生まれて間もないニワトリ(鶏)の子◆生まれて間もない鳥の子◆小さいさま、幼いさま; 祭:◆神(かみ)や先祖や死者に供え物(そなえもの)を捧(ささ)げる、またその儀式、「祭祀(サイシ)」、同「祀」◆[日]大勢の人が集まって行う催(もよお)し¶「祭」の,N5,kun,kun+kun,IL1_okurigana(kun 96%) | A1_compound_oku(kun 90%) | A1_on_kun_mix(on+kun 65%),雛:◆生まれて間もないニワトリ(鶏)の子◆生まれて間もない鳥の子◆小さいさま、幼いさま; 祭:◆神(かみ)や先祖や死者に供え物(そなえもの)を捧(ささ)げる、またその儀式、「祭祀(サイシ)」、同「祀」◆[日]大勢の人が集まって行う催(もよお)し¶「祭」の
kk_難しい_むずかしい,難しい,むずかしい,難:◆思いの通りにいかない(ならない)、～するのは容易でない、～しにくい、～しづらい、同「艱」◆災(わざわ)い、禍(カ、わざわい)、手の施(ほどこ)しようのない(思,N5,kun,kun,IL1_okurigana(kun 96%) | IL2_single_okuri(kun 96%),難:◆思いの通りにいかない(ならない)、～するのは容易でない、～しにくい、～しづらい、同「艱」◆災(わざわ)い、禍(カ、わざわい)、手の施(ほどこ)しようのない(思
kk_雨_あめ,雨,あめ,雨:◆大気中の水蒸気が集まって水滴となり、浮かんでいることができずに落下するもの ◆(雨や雪が、小さなものが無数に)降る、上から下に落ちて来る◆あめ、あめかんむり、,N5,kun,kun,IL2_single_default(kun 84%) | B_noun_rad_雨(kun 93%),雨:◆大気中の水蒸気が集まって水滴となり、浮かんでいることができずに落下するもの ◆(雨や雪が、小さなものが無数に)降る、上から下に落ちて来る◆あめ、あめかんむり、
kk_雪_ゆき,雪,ゆき,雪:◆ゆき、空中の水蒸気が結晶となって降ってくるもの ◆(雪のように)白いさま◆すす・ぐ、穢れや恥を洗い清める,N5,kun,kun,IL2_single_default(kun 84%) | B_noun_rad_雨(kun 93%),雪:◆ゆき、空中の水蒸気が結晶となって降ってくるもの ◆(雪のように)白いさま◆すす・ぐ、穢れや恥を洗い清める
kk_零_ゼロ,零,ゼロ,零:◆細かい雨が静かに降る、細かい水の粒がぽとぽとと滴(したた)り落ちる◆落ちる、衰える、萎(しお)れる、寂(さび)れる、無(な)くなる◆小さい、少ない、非常に小さ,N5,kun,kun,IL2_single_default(kun 84%) | B_noun_rad_雨(kun 93%),零:◆細かい雨が静かに降る、細かい水の粒がぽとぽとと滴(したた)り落ちる◆落ちる、衰える、萎(しお)れる、寂(さび)れる、無(な)くなる◆小さい、少ない、非常に小さ
kk_零_れい,零,れい,零:◆細かい雨が静かに降る、細かい水の粒がぽとぽとと滴(したた)り落ちる◆落ちる、衰える、萎(しお)れる、寂(さび)れる、無(な)くなる◆小さい、少ない、非常に小さ,N5,on,on,IL2_single_default(kun 84%) | B_noun_rad_雨(kun 93%),零:◆細かい雨が静かに降る、細かい水の粒がぽとぽとと滴(したた)り落ちる◆落ちる、衰える、萎(しお)れる、寂(さび)れる、無(な)くなる◆小さい、少ない、非常に小さ
kk_電気_でんき,電気,でんき,電:◆雷(かみなり)の光、稲妻(いなずま)◆光や音のように一瞬で遠くまで届くもの、また伝わるもの; 気:◆中国古来の考えで、天地全ての事物の基本要素、目に見えず形状は一定しない、あらゆる事物の生死・盛衰などの変化・変動はこの「気」の移動・集散によるものと考えられた,N5,on,on+on,A3_short_compound(on+on 71%) | B_noun_rad_雨(kun 93%),電:◆雷(かみなり)の光、稲妻(いなずま)◆光や音のように一瞬で遠くまで届くもの、また伝わるもの; 気:◆中国古来の考えで、天地全ての事物の基本要素、目に見えず形状は一定しない、あらゆる事物の生死・盛衰などの変化・変動はこの「気」の移動・集散によるものと考えられた
kk_電話_でんわ,電話,でんわ,電:◆雷(かみなり)の光、稲妻(いなずま)◆光や音のように一瞬で遠くまで届くもの、また伝わるもの; 話:◆言葉にして言う、言葉で告げる、語(かた)る、またその言葉、同「𦧵(舙)」◆語られた(語られている)こと、物語(ものがたり),N5,on,on+on,A3_short_compound(on+on 71%) | B_noun_rad_雨(kun 93%) | B_verb_rad_言(kun 80%),電:◆雷(かみなり)の光、稲妻(いなずま)◆光や音のように一瞬で遠くまで届くもの、また伝わるもの; 話:◆言葉にして言う、言葉で告げる、語(かた)る、またその言葉、同「𦧵(舙)」◆語られた(語られている)こと、物語(ものがたり)
kk_電車_でんしゃ,電車,でんしゃ,電:◆雷(かみなり)の光、稲妻(いなずま)◆光や音のように一瞬で遠くまで届くもの、また伝わるもの; 車:◆二つの輪(リン、車輪)の中心に軸(ジク、車軸)を通し、その上に人や物を乗せるための台(車台)を設(しつら)えたもの ◆輪状・円状のものが軸を中心として回転する,N5,on,on+on,A3_short_compound(on+on 71%) | B_noun_rad_雨(kun 93%),電:◆雷(かみなり)の光、稲妻(いなずま)◆光や音のように一瞬で遠くまで届くもの、また伝わるもの; 車:◆二つの輪(リン、車輪)の中心に軸(ジク、車軸)を通し、その上に人や物を乗せるための台(車台)を設(しつら)えたもの ◆輪状・円状のものが軸を中心として回転する
kk_露_つゆ,露,つゆ,露:◆大気中の水蒸気が物に付着して水滴となったもの◆屋根などの覆いがない、屋外◆覆い隠すものがなく雨や露などが直接当たる◆覆い隠すものがなく外から見える、また見える,N5,kun,kun,IL2_single_default(kun 84%) | B_noun_rad_雨(kun 93%),露:◆大気中の水蒸気が物に付着して水滴となったもの◆屋根などの覆いがない、屋外◆覆い隠すものがなく雨や露などが直接当たる◆覆い隠すものがなく外から見える、また見える
kk_青_あお,青,あお,青:◆植物などの芽生えの時の若々しく瑞瑞(みずみず)しい色、緑(みどり)色、またその色の名◆濃い色でくすみがなく瑞瑞しい深緑(ふかみどり)・紺(コン)・藍(アイ)色,N5,kun,kun,IL2_single_default(kun 84%),青:◆植物などの芽生えの時の若々しく瑞瑞(みずみず)しい色、緑(みどり)色、またその色の名◆濃い色でくすみがなく瑞瑞しい深緑(ふかみどり)・紺(コン)・藍(アイ)色
kk_青い_あおい,青い,あおい,青:◆植物などの芽生えの時の若々しく瑞瑞(みずみず)しい色、緑(みどり)色、またその色の名◆濃い色でくすみがなく瑞瑞しい深緑(ふかみどり)・紺(コン)・藍(アイ)色,N5,kun,kun,IL1_okurigana(kun 96%) | IL2_single_okuri(kun 96%),青:◆植物などの芽生えの時の若々しく瑞瑞(みずみず)しい色、緑(みどり)色、またその色の名◆濃い色でくすみがなく瑞瑞しい深緑(ふかみどり)・紺(コン)・藍(アイ)色
kk_静か_しずか,静か,しずか,静:◆動きや乱れなどが鎮(しず)まる、治(おさ)まる◆何事もなく穏やかなさま◆しんとして音や声がしないさま、じっと動かないさま,N5,kun,kun,IL1_okurigana(kun 96%) | IL2_single_okuri(kun 96%),静:◆動きや乱れなどが鎮(しず)まる、治(おさ)まる◆何事もなく穏やかなさま◆しんとして音や声がしないさま、じっと動かないさま
kk_面白い_おもしろい,面白い,おもしろい,面:◆顔(かお)、頭の目鼻口がある側◆顔を対象(タイショウ、目標や相手)に向ける、また向く◆(顔が)向いている側、向き、向いている方向◆ものの表(おもて)、前(まえ; 白:◆無色、雪の色、どんな色にも染まっていないさま、同「㿟」「皛」◆曇りがないさま、汚(けが)れがないさま、清(きよ)いさま◆何もないさま、あるがままであるさま、「,N5,kun,kun+kun,IL1_okurigana(kun 96%) | A1_compound_oku(kun 90%) | A1_on_kun_mix(on+kun 65%),面:◆顔(かお)、頭の目鼻口がある側◆顔を対象(タイショウ、目標や相手)に向ける、また向く◆(顔が)向いている側、向き、向いている方向◆ものの表(おもて)、前(まえ; 白:◆無色、雪の色、どんな色にも染まっていないさま、同「㿟」「皛」◆曇りがないさま、汚(けが)れがないさま、清(きよ)いさま◆何もないさま、あるがままであるさま、「
kk_靴_くつ,靴,くつ,靴:◆(革製の履物で)踝(くるぶし)より上から足までを包む履物の総称、長靴 、踝より上を覆わないものは「鞋」,N5,kun,kun,IL2_single_default(kun 84%),靴:◆(革製の履物で)踝(くるぶし)より上から足までを包む履物の総称、長靴 、踝より上を覆わないものは「鞋」
kk_靴下_くつした,靴下,くつした,靴:◆(革製の履物で)踝(くるぶし)より上から足までを包む履物の総称、長靴 、踝より上を覆わないものは「鞋」; 下:◆位置・場所・地位などが低い、低い方にある◆低い方に移る、降りる、落ちる◆順序・時間などが後(あと)、後の方にある◆後の方に移る、後(うし)ろの方へ退く◆等級・,N5,kun,kun+kun~,,靴:◆(革製の履物で)踝(くるぶし)より上から足までを包む履物の総称、長靴 、踝より上を覆わないものは「鞋」; 下:◆位置・場所・地位などが低い、低い方にある◆低い方に移る、降りる、落ちる◆順序・時間などが後(あと)、後の方にある◆後の方に移る、後(うし)ろの方へ退く◆等級・
kk_鞄_かばん,鞄,かばん,鞄:◆革(かわ、毛や脂を取り平らに延ばして乾かした皮)を柔らかくする、鞣(なめ)す、またその職人、同「䩝」「𩎘」◆鞣革(なめしがわ)製のバッグbag、但し中国では「,N5,kun,kun,IL2_single_default(kun 84%),鞄:◆革(かわ、毛や脂を取り平らに延ばして乾かした皮)を柔らかくする、鞣(なめ)す、またその職人、同「䩝」「𩎘」◆鞣革(なめしがわ)製のバッグbag、但し中国では「
kk_音_おと,音,おと,音:◆聴覚で認識できるものの総称、特に楽器のもの、高低強弱などの抑揚がある音が連続し全体として意味を持つものを「声」◆耳に届いて来るもの、便り◆[日]漢字の中国伝来,N5,kun,kun,IL2_single_default(kun 84%),音:◆聴覚で認識できるものの総称、特に楽器のもの、高低強弱などの抑揚がある音が連続し全体として意味を持つものを「声」◆耳に届いて来るもの、便り◆[日]漢字の中国伝来
kk_音楽_おんがく,音楽,おんがく,音:◆聴覚で認識できるものの総称、特に楽器のもの、高低強弱などの抑揚がある音が連続し全体として意味を持つものを「声」◆耳に届いて来るもの、便り◆[日]漢字の中国伝来; 楽:◆音を奏(かな)でる、「音楽(オンガク)」◆調和が取れて心地よい、心や体を煩(わずら)わせるものが何もなく安らかで快い、悦(よろこ)ばしい,N5,on,on+on,B_noun_rad_木(kun 93%),音:◆聴覚で認識できるものの総称、特に楽器のもの、高低強弱などの抑揚がある音が連続し全体として意味を持つものを「声」◆耳に届いて来るもの、便り◆[日]漢字の中国伝来; 楽:◆音を奏(かな)でる、「音楽(オンガク)」◆調和が取れて心地よい、心や体を煩(わずら)わせるものが何もなく安らかで快い、悦(よろこ)ばしい
kk_音楽会_おんがくかい,音楽会,おんがくかい,音:◆聴覚で認識できるものの総称、特に楽器のもの、高低強弱などの抑揚がある音が連続し全体として意味を持つものを「声」◆耳に届いて来るもの、便り◆[日]漢字の中国伝来; 楽:◆音を奏(かな)でる、「音楽(オンガク)」◆調和が取れて心地よい、心や体を煩(わずら)わせるものが何もなく安らかで快い、悦(よろこ)ばしい; 会:◆人が集まる、同じ時間や場所に(同じ目的で)集まる、「会合(カイゴウ)」◆多くの人が(出向いて)集まる、また集まったところ、「集会(シュウカイ)」「都会(トカイ,N5,on,on+on+on,A4_multi_on(on+on+on 65%) | B_noun_rad_木(kun 93%),音:◆聴覚で認識できるものの総称、特に楽器のもの、高低強弱などの抑揚がある音が連続し全体として意味を持つものを「声」◆耳に届いて来るもの、便り◆[日]漢字の中国伝来; 楽:◆音を奏(かな)でる、「音楽(オンガク)」◆調和が取れて心地よい、心や体を煩(わずら)わせるものが何もなく安らかで快い、悦(よろこ)ばしい; 会:◆人が集まる、同じ時間や場所に(同じ目的で)集まる、「会合(カイゴウ)」◆多くの人が(出向いて)集まる、また集まったところ、「集会(シュウカイ)」「都会(トカイ
kk_頃_ころ,頃,ころ,頃:◆頭を傾(かたむ)ける、頭を傾(かし)げる、同「傾」◆傾く、斜めになる、片方に(一方に)偏(かたよ)る、同「傾」◆僅(わず)かな時間、「頃刻(ケイコク、僅かな間,N5,kun,kun,IL2_single_default(kun 84%),頃:◆頭を傾(かたむ)ける、頭を傾(かし)げる、同「傾」◆傾く、斜めになる、片方に(一方に)偏(かたよ)る、同「傾」◆僅(わず)かな時間、「頃刻(ケイコク、僅かな間
kk_頭_あたま,頭,あたま,頭:◆身体の最上部(四足・多足の動物の場合は先端部)、胴体の肩よりも上(先)にある部分 ◆物事の端(はじ)、物事の始まり(先端、最初)や終わり(後端、最終)、「先頭,N5,kun,kun,IL2_single_default(kun 84%),頭:◆身体の最上部(四足・多足の動物の場合は先端部)、胴体の肩よりも上(先)にある部分 ◆物事の端(はじ)、物事の始まり(先端、最初)や終わり(後端、最終)、「先頭
kk_頼む_たのむ,頼む,たのむ,頼:◆他に任(まか)せ切りにする、他を当てにする◆仕事や責任などを他に押し付ける、他のせいにする◆「無頼(ブライ)」◇他を当てにしない◇嘘ばかりで狡賢(ずるがしこ),N5,kun,kun,IL1_okurigana(kun 96%) | IL2_single_okuri(kun 96%),頼:◆他に任(まか)せ切りにする、他を当てにする◆仕事や責任などを他に押し付ける、他のせいにする◆「無頼(ブライ)」◇他を当てにしない◇嘘ばかりで狡賢(ずるがしこ)
kk_顔_かお,顔,かお,顔:◆額(ひたい)◆頭の前面、前に向いている面、またその容貌や表情◆様子、情景、彩(あや)、彩(いろど)り,N5,kun,kun,IL2_single_default(kun 84%),顔:◆額(ひたい)◆頭の前面、前に向いている面、またその容貌や表情◆様子、情景、彩(あや)、彩(いろど)り
kk_風_かぜ,風,かぜ,風:◆大気の流れや揺らぎ ◆(風に乗って)どこからともなく届いて来る話や様子◆(風のように自然に広まる)一般的な習慣や傾向◆譬える、似たもの◆かぜ、部首名,N5,kun,kun,IL2_single_default(kun 84%),風:◆大気の流れや揺らぎ ◆(風に乗って)どこからともなく届いて来る話や様子◆(風のように自然に広まる)一般的な習慣や傾向◆譬える、似たもの◆かぜ、部首名
kk_風呂_ふろ,風呂,ふろ,風:◆大気の流れや揺らぎ ◆(風に乗って)どこからともなく届いて来る話や様子◆(風のように自然に広まる)一般的な習慣や傾向◆譬える、似たもの◆かぜ、部首名; 呂:◆背骨(せぼね)、脊椎(セキツイ、)、椎骨(ツイコツ)が重なるように連なっている様子を象ったもの ◆音楽の十二の階調のうち陰の音律、六音があり「六呂(ロクリョ),N5,on,on+on,A3_short_compound(on+on 71%),風:◆大気の流れや揺らぎ ◆(風に乗って)どこからともなく届いて来る話や様子◆(風のように自然に広まる)一般的な習慣や傾向◆譬える、似たもの◆かぜ、部首名; 呂:◆背骨(せぼね)、脊椎(セキツイ、)、椎骨(ツイコツ)が重なるように連なっている様子を象ったもの ◆音楽の十二の階調のうち陰の音律、六音があり「六呂(ロクリョ)
kk_風邪_かぜ,風邪,かぜ,風:◆大気の流れや揺らぎ ◆(風に乗って)どこからともなく届いて来る話や様子◆(風のように自然に広まる)一般的な習慣や傾向◆譬える、似たもの◆かぜ、部首名; 邪:◆ずれる、傾く、逸(そ)れる、片寄る、曲がる、歪(ゆが)む◆正常でない、本来の姿形や状態と違っている、本来の姿やあり方でない、同「衺」◆～か、～や、句末に付けて,N5,other,mixed+mixed~,A3_short_compound(on+on 71%),風:◆大気の流れや揺らぎ ◆(風に乗って)どこからともなく届いて来る話や様子◆(風のように自然に広まる)一般的な習慣や傾向◆譬える、似たもの◆かぜ、部首名; 邪:◆ずれる、傾く、逸(そ)れる、片寄る、曲がる、歪(ゆが)む◆正常でない、本来の姿形や状態と違っている、本来の姿やあり方でない、同「衺」◆～か、～や、句末に付けて
kk_飛ぶ_とぶ,飛ぶ,とぶ,飛:◆鳥や昆虫などが翼(つばさ)を羽ばたかせて空中を行く◆空中を移動する、「飛語(ヒゴ、素早く広まる話、根拠のない噂話)」◆(飛ぶように)ぱっと(速く)移動するさま,N5,kun,kun,IL1_okurigana(kun 96%) | IL2_single_okuri(kun 96%),飛:◆鳥や昆虫などが翼(つばさ)を羽ばたかせて空中を行く◆空中を移動する、「飛語(ヒゴ、素早く広まる話、根拠のない噂話)」◆(飛ぶように)ぱっと(速く)移動するさま
kk_飛行機_ひこうき,飛行機,ひこうき,飛:◆鳥や昆虫などが翼(つばさ)を羽ばたかせて空中を行く◆空中を移動する、「飛語(ヒゴ、素早く広まる話、根拠のない噂話)」◆(飛ぶように)ぱっと(速く)移動するさま; 行:◆左足を前に出し(彳)次に右足を前に出す(亍)、足を交互に動かして前に進む◆目的とするところに向かって進む◆遠くに出掛ける、旅に出る◆道、人が往来する道路、同「; 機:◆布を織る装置、「機織(キショク、はたおり)」◆ある仕事をさせる(する)ために人や部品を組み合わせて作り上げた仕組みや仕掛け(組織や装置)◆「機関(キカン)」◇,N5,on,on+on+on,A4_multi_on(on+on+on 65%) | B_noun_rad_木(kun 93%),飛:◆鳥や昆虫などが翼(つばさ)を羽ばたかせて空中を行く◆空中を移動する、「飛語(ヒゴ、素早く広まる話、根拠のない噂話)」◆(飛ぶように)ぱっと(速く)移動するさま; 行:◆左足を前に出し(彳)次に右足を前に出す(亍)、足を交互に動かして前に進む◆目的とするところに向かって進む◆遠くに出掛ける、旅に出る◆道、人が往来する道路、同「; 機:◆布を織る装置、「機織(キショク、はたおり)」◆ある仕事をさせる(する)ために人や部品を組み合わせて作り上げた仕組みや仕掛け(組織や装置)◆「機関(キカン)」◇
kk_食べる_たべる,食べる,たべる,食:◆(固形の食べ物を)口の中でよく噛んで胃に入れる、よく噛んで胃に入れるもの、噛まずに胃に入れるのは「飲」◆(生きていくために必要な食べ物を得るための)俸禄(ホウ,N5,kun,kun,IL1_okurigana(kun 96%) | IL2_single_okuri(kun 96%),食:◆(固形の食べ物を)口の中でよく噛んで胃に入れる、よく噛んで胃に入れるもの、噛まずに胃に入れるのは「飲」◆(生きていくために必要な食べ物を得るための)俸禄(ホウ
kk_食べ物_たべもの,食べ物,たべもの,食:◆(固形の食べ物を)口の中でよく噛んで胃に入れる、よく噛んで胃に入れるもの、噛まずに胃に入れるのは「飲」◆(生きていくために必要な食べ物を得るための)俸禄(ホウ; 物:◆(天地の間に存在する)人以外の形のあるもの、人は「者」、形のないものは「事」,N5,kun,kun+kun~,IL1_okurigana(kun 96%) | A1_compound_oku(kun 90%) | A1_on_kun_mix(on+kun 65%),食:◆(固形の食べ物を)口の中でよく噛んで胃に入れる、よく噛んで胃に入れるもの、噛まずに胃に入れるのは「飲」◆(生きていくために必要な食べ物を得るための)俸禄(ホウ; 物:◆(天地の間に存在する)人以外の形のあるもの、人は「者」、形のないものは「事」
kk_食堂_しょくどう,食堂,しょくどう,食:◆(固形の食べ物を)口の中でよく噛んで胃に入れる、よく噛んで胃に入れるもの、噛まずに胃に入れるのは「飲」◆(生きていくために必要な食べ物を得るための)俸禄(ホウ; 堂:◆賓客の接待や重要な行事などに使われる最も正式な建物、高く大きな建物、重要な建物、どちらも南向きで前が大きく開けているものをいう◆政(まつりごと)や祭礼を行うた,N5,on,on+on,,食:◆(固形の食べ物を)口の中でよく噛んで胃に入れる、よく噛んで胃に入れるもの、噛まずに胃に入れるのは「飲」◆(生きていくために必要な食べ物を得るための)俸禄(ホウ; 堂:◆賓客の接待や重要な行事などに使われる最も正式な建物、高く大きな建物、重要な建物、どちらも南向きで前が大きく開けているものをいう◆政(まつりごと)や祭礼を行うた
kk_飲み会_のみかい,飲み会,のみかい,飲:◆液状のもの(水・酒・汁など)を口に入れ噛(か)まずに嚥下(エンカ、エンゲ、咽下)する、またそのようにして体に取り入れる水・酒・汁など、同「㱃」、噛(か)んで胃; 会:◆人が集まる、同じ時間や場所に(同じ目的で)集まる、「会合(カイゴウ)」◆多くの人が(出向いて)集まる、また集まったところ、「集会(シュウカイ)」「都会(トカイ,N5,mixed,kun+on~,IL1_okurigana(kun 96%) | A1_compound_oku(kun 90%) | A1_on_kun_mix(on+kun 65%),飲:◆液状のもの(水・酒・汁など)を口に入れ噛(か)まずに嚥下(エンカ、エンゲ、咽下)する、またそのようにして体に取り入れる水・酒・汁など、同「㱃」、噛(か)んで胃; 会:◆人が集まる、同じ時間や場所に(同じ目的で)集まる、「会合(カイゴウ)」◆多くの人が(出向いて)集まる、また集まったところ、「集会(シュウカイ)」「都会(トカイ
kk_飲み物_のみもの,飲み物,のみもの,飲:◆液状のもの(水・酒・汁など)を口に入れ噛(か)まずに嚥下(エンカ、エンゲ、咽下)する、またそのようにして体に取り入れる水・酒・汁など、同「㱃」、噛(か)んで胃; 物:◆(天地の間に存在する)人以外の形のあるもの、人は「者」、形のないものは「事」,N5,kun,kun+kun~,IL1_okurigana(kun 96%) | A1_compound_oku(kun 90%) | A1_on_kun_mix(on+kun 65%),飲:◆液状のもの(水・酒・汁など)を口に入れ噛(か)まずに嚥下(エンカ、エンゲ、咽下)する、またそのようにして体に取り入れる水・酒・汁など、同「㱃」、噛(か)んで胃; 物:◆(天地の間に存在する)人以外の形のあるもの、人は「者」、形のないものは「事」
kk_飲む_のむ,飲む,のむ,飲:◆液状のもの(水・酒・汁など)を口に入れ噛(か)まずに嚥下(エンカ、エンゲ、咽下)する、またそのようにして体に取り入れる水・酒・汁など、同「㱃」、噛(か)んで胃,N5,kun,kun,IL1_okurigana(kun 96%) | IL2_single_okuri(kun 96%),飲:◆液状のもの(水・酒・汁など)を口に入れ噛(か)まずに嚥下(エンカ、エンゲ、咽下)する、またそのようにして体に取り入れる水・酒・汁など、同「㱃」、噛(か)んで胃
kk_飲食_いんしょく,飲食,いんしょく,飲:◆液状のもの(水・酒・汁など)を口に入れ噛(か)まずに嚥下(エンカ、エンゲ、咽下)する、またそのようにして体に取り入れる水・酒・汁など、同「㱃」、噛(か)んで胃; 食:◆(固形の食べ物を)口の中でよく噛んで胃に入れる、よく噛んで胃に入れるもの、噛まずに胃に入れるのは「飲」◆(生きていくために必要な食べ物を得るための)俸禄(ホウ,N5,on,on+on,,飲:◆液状のもの(水・酒・汁など)を口に入れ噛(か)まずに嚥下(エンカ、エンゲ、咽下)する、またそのようにして体に取り入れる水・酒・汁など、同「㱃」、噛(か)んで胃; 食:◆(固形の食べ物を)口の中でよく噛んで胃に入れる、よく噛んで胃に入れるもの、噛まずに胃に入れるのは「飲」◆(生きていくために必要な食べ物を得るための)俸禄(ホウ
kk_飴_あめ,飴,あめ,飴:◆米や麦などの澱粉(デンプン)を糖化させて粘液状にしたもの、水飴やシロップなどのようにやや緩(ゆる)いもの、キャンディcandy などのように硬いものは「餳」、,N5,kun,kun,IL2_single_default(kun 84%),飴:◆米や麦などの澱粉(デンプン)を糖化させて粘液状にしたもの、水飴やシロップなどのようにやや緩(ゆる)いもの、キャンディcandy などのように硬いものは「餳」、
kk_餃子_ギョーザ,餃子,ギョーザ,餃:◆「餃子(ギョウザ)」「餃餌、餃兒(ギョウジ)」、小麦粉に水などを加え捏(こ)ね、延ばして餡(あん)を包み込んだ食べ物、一般には周りを摘(つ)まむようにして閉じ; 子:◆母親から産まれるもの、古くは男女を問わず「子」といったが、現代中国では男の子(息子)を指す◆新しく産まれる(生まれる)ものの元となるもの、植物の種や実、動物の,N5,on,on+mixed~,A3_short_compound(on+on 71%),餃:◆「餃子(ギョウザ)」「餃餌、餃兒(ギョウジ)」、小麦粉に水などを加え捏(こ)ね、延ばして餡(あん)を包み込んだ食べ物、一般には周りを摘(つ)まむようにして閉じ; 子:◆母親から産まれるもの、古くは男女を問わず「子」といったが、現代中国では男の子(息子)を指す◆新しく産まれる(生まれる)ものの元となるもの、植物の種や実、動物の
kk_駄目_だめ,駄目,だめ,駄:◆牛馬などの家畜の背に荷物を載せる、同「駝」◆牛馬などに背負わせる荷物◆[日]あまり役に立たない、あまり値打ちがない、「荷物の運搬用にしか使えない馬」の意; 目:◆眼(め、眼球ガンキュウ、黒目くろめ)・白目(しろめ、結膜ケツマク)・視神経などを含むものを見る器官全体、またその形状や様子や機能◆ものを見る、また見分ける◆眼,N5,mixed,on+kun~,A3_short_compound(on+on 71%),駄:◆牛馬などの家畜の背に荷物を載せる、同「駝」◆牛馬などに背負わせる荷物◆[日]あまり役に立たない、あまり値打ちがない、「荷物の運搬用にしか使えない馬」の意; 目:◆眼(め、眼球ガンキュウ、黒目くろめ)・白目(しろめ、結膜ケツマク)・視神経などを含むものを見る器官全体、またその形状や様子や機能◆ものを見る、また見分ける◆眼
kk_駅_えき,駅,えき,駅:◆宿場(しゅくば)、街道の要所に置かれる旅人の宿泊所・休息所や荷物・人が乗り継ぐための人馬の手配所が設けられたところ、中継所◆宿場ごとに配置しておく乗り継ぎ用の,N5,on,on,IL2_on_only(on 99%),駅:◆宿場(しゅくば)、街道の要所に置かれる旅人の宿泊所・休息所や荷物・人が乗り継ぐための人馬の手配所が設けられたところ、中継所◆宿場ごとに配置しておく乗り継ぎ用の
kk_駅員_えきいん,駅員,えきいん,駅:◆宿場(しゅくば)、街道の要所に置かれる旅人の宿泊所・休息所や荷物・人が乗り継ぐための人馬の手配所が設けられたところ、中継所◆宿場ごとに配置しておく乗り継ぎ用の; 員:◆限られた範囲(場所・空間など)に入っている(含まれる)人、集団に属している人、またその人数◆限られた範囲(特に国土・領土などの境界線)の大きさ、また広さ◆円(,N5,on,on+on,,駅:◆宿場(しゅくば)、街道の要所に置かれる旅人の宿泊所・休息所や荷物・人が乗り継ぐための人馬の手配所が設けられたところ、中継所◆宿場ごとに配置しておく乗り継ぎ用の; 員:◆限られた範囲(場所・空間など)に入っている(含まれる)人、集団に属している人、またその人数◆限られた範囲(特に国土・領土などの境界線)の大きさ、また広さ◆円(
kk_高い_たかい,高い,たかい,高:◆上下の方向で上の方、標準的・平均的な程度よりも上にある◆幾つかのものを比べた時に上にある、また優(すぐ)れている、また尊(とうと)い◆標準・基準や想定・期待を,N5,kun,kun,IL1_okurigana(kun 96%) | IL2_single_okuri(kun 96%),高:◆上下の方向で上の方、標準的・平均的な程度よりも上にある◆幾つかのものを比べた時に上にある、また優(すぐ)れている、また尊(とうと)い◆標準・基準や想定・期待を
kk_高等学校_こうとうがっこう,高等学校,こうとうがっこう,高:◆上下の方向で上の方、標準的・平均的な程度よりも上にある◆幾つかのものを比べた時に上にある、また優(すぐ)れている、また尊(とうと)い◆標準・基準や想定・期待を; 等:◆きちんと揃(そろ)え整(ととの)えられた竹簡(チクカン、竹の札に記された文書)◆凸凹せずにきちんと揃う、また揃える、また整える◆数・量・大きさ・程度などが同じ; 学:◆(教えを受けながら、見て倣いながら)知識や技術などを身に付ける、習得する、またその内容、知識や技術などを授(さず)けることを「教」◆教えを受け知識や技術などを,N5,on,mixed+mixed+mixed+on~,A4_multi_on(on+on+on+on 65%) | B_noun_rad_竹(kun 93%) | B_noun_rad_木(kun 93%),高:◆上下の方向で上の方、標準的・平均的な程度よりも上にある◆幾つかのものを比べた時に上にある、また優(すぐ)れている、また尊(とうと)い◆標準・基準や想定・期待を; 等:◆きちんと揃(そろ)え整(ととの)えられた竹簡(チクカン、竹の札に記された文書)◆凸凹せずにきちんと揃う、また揃える、また整える◆数・量・大きさ・程度などが同じ; 学:◆(教えを受けながら、見て倣いながら)知識や技術などを身に付ける、習得する、またその内容、知識や技術などを授(さず)けることを「教」◆教えを受け知識や技術などを
kk_魚_さかな,魚,さかな,魚:◆水中に棲息し鱗(うろこ)で覆われ鰓(えら)呼吸する変温動物の総称◆うお、うおへん、部首名,N5,kun,kun,IL2_single_default(kun 84%) | B_noun_rad_魚(kun 93%),魚:◆水中に棲息し鱗(うろこ)で覆われ鰓(えら)呼吸する変温動物の総称◆うお、うおへん、部首名
kk_鳥_とり,鳥,とり,鳥:◆羽毛に覆(おお)われ嘴(くちばし)があり二足で卵生の動物の総称◆とり、とりへん、部首名,N5,kun,kun,IL2_single_default(kun 84%),鳥:◆羽毛に覆(おお)われ嘴(くちばし)があり二足で卵生の動物の総称◆とり、とりへん、部首名
kk_鶏肉_とりにく,鶏肉,とりにく,鶏:◆ニワトリ(鶏)、家禽化されたキジ科ヤケイ属の鳥◆「雉鶏(チケイ)」「野鶏(ヤケイ)」、キジ(雉)、またコウライキジ(高麗雉)、キジ科キジ属の鳥; 肉:◆人や動物の骨・臓器などを除いた部分、果実の種などを除いた部分、ものの内部の骨・内臓・種などを厚く覆(おお)い、外的な力からそれらを保護し、同時にその形状や位置,N5,other,mixed+mixed~,,鶏:◆ニワトリ(鶏)、家禽化されたキジ科ヤケイ属の鳥◆「雉鶏(チケイ)」「野鶏(ヤケイ)」、キジ(雉)、またコウライキジ(高麗雉)、キジ科キジ属の鳥; 肉:◆人や動物の骨・臓器などを除いた部分、果実の種などを除いた部分、ものの内部の骨・内臓・種などを厚く覆(おお)い、外的な力からそれらを保護し、同時にその形状や位置
kk_麺麭_パン,麺麭,パン,麺:◆小麦などを挽(ひ)いて粉末状にしたもの、「麵粉(メンフン)」、同「麪」◆小麦粉などを使った各種食品、餅状(平らに延ばしたもの)また麺状(細くしたもの)にしたも; 麭:◆小麦粉などを捏(こ)ねて蒸した団子(だんご)や饅頭(マントウ、マンジュウ)のような食べ物、「麪麭(麪包、面包、ミィェンバォ、メンホウ、パンpão[葡])」,N5,on,on+on~,A3_short_compound(on+on 71%),麺:◆小麦などを挽(ひ)いて粉末状にしたもの、「麵粉(メンフン)」、同「麪」◆小麦粉などを使った各種食品、餅状(平らに延ばしたもの)また麺状(細くしたもの)にしたも; 麭:◆小麦粉などを捏(こ)ねて蒸した団子(だんご)や饅頭(マントウ、マンジュウ)のような食べ物、「麪麭(麪包、面包、ミィェンバォ、メンホウ、パンpão[葡])」
kk_麻雀_マージャン,麻雀,マージャン,麻:◆アサ(麻)、アサ科アサ属の草、また同科同属の植物の称 ◆「苧麻(チョマ)」「亜麻(アマ)」「大麻(タイマ)」など繊維を採(と)る植物の総称◆「胡麻(ゴマ)」、; 雀:◆スズメ(雀)、スズメ科スズメ属の鳥、また同科同属の鳥の称、同「䲵」◆小躍(こおど)りする◆「孔雀(クジャク)」、キジ科クジャク属・コンゴクジャク属の鳥、また同,N5,other,mixed+mixed~,,麻:◆アサ(麻)、アサ科アサ属の草、また同科同属の植物の称 ◆「苧麻(チョマ)」「亜麻(アマ)」「大麻(タイマ)」など繊維を採(と)る植物の総称◆「胡麻(ゴマ)」、; 雀:◆スズメ(雀)、スズメ科スズメ属の鳥、また同科同属の鳥の称、同「䲵」◆小躍(こおど)りする◆「孔雀(クジャク)」、キジ科クジャク属・コンゴクジャク属の鳥、また同
kk_黄色_きいろ,黄色,きいろ,黄:◆茶色・橙(だいだい)色を薄くした色、大地の色、金色◆(黄ばんで)熟す、枯れる◆きいろ、き、部首名; 色:◆視覚によって認識するものの内、形状以外のもの、(特に顔の)表情、彩(いろどり)り、具合(ぐあい)、様子◆男女間の情欲(ジョウヨク)◆種類、二色=二種類◆いろ、,N5,kun,kun+kun~,A3_short_compound(on+on 71%),黄:◆茶色・橙(だいだい)色を薄くした色、大地の色、金色◆(黄ばんで)熟す、枯れる◆きいろ、き、部首名; 色:◆視覚によって認識するものの内、形状以外のもの、(特に顔の)表情、彩(いろどり)り、具合(ぐあい)、様子◆男女間の情欲(ジョウヨク)◆種類、二色=二種類◆いろ、
kk_黄色い_きいろい,黄色い,きいろい,黄:◆茶色・橙(だいだい)色を薄くした色、大地の色、金色◆(黄ばんで)熟す、枯れる◆きいろ、き、部首名; 色:◆視覚によって認識するものの内、形状以外のもの、(特に顔の)表情、彩(いろどり)り、具合(ぐあい)、様子◆男女間の情欲(ジョウヨク)◆種類、二色=二種類◆いろ、,N5,kun,kun+kun,IL1_okurigana(kun 96%) | A1_compound_oku(kun 90%) | A1_on_kun_mix(on+kun 65%),黄:◆茶色・橙(だいだい)色を薄くした色、大地の色、金色◆(黄ばんで)熟す、枯れる◆きいろ、き、部首名; 色:◆視覚によって認識するものの内、形状以外のもの、(特に顔の)表情、彩(いろどり)り、具合(ぐあい)、様子◆男女間の情欲(ジョウヨク)◆種類、二色=二種類◆いろ、
kk_黒_くろ,黒,くろ,黒:◆煙突の中に溜(た)まる煤(すす)の色◆光りがなく暗い、暗闇◆善悪の悪、善は「白」◆くろ、くろへん、部首名,N5,kun,kun,IL2_single_default(kun 84%),黒:◆煙突の中に溜(た)まる煤(すす)の色◆光りがなく暗い、暗闇◆善悪の悪、善は「白」◆くろ、くろへん、部首名
kk_黒い_くろい,黒い,くろい,黒:◆煙突の中に溜(た)まる煤(すす)の色◆光りがなく暗い、暗闇◆善悪の悪、善は「白」◆くろ、くろへん、部首名,N5,kun,kun,IL1_okurigana(kun 96%) | IL2_single_okuri(kun 96%),黒:◆煙突の中に溜(た)まる煤(すす)の色◆光りがなく暗い、暗闇◆善悪の悪、善は「白」◆くろ、くろへん、部首名
kk_鼻_はな,鼻,はな,鼻:◆一般に動物(ヒト人を含む)の顔の中央にあって呼吸したり匂(にお)いを感じるための隆起(リュウキ)した器官 ◆(動物の体の先にある顔から更に突き出ていることから,N5,kun,kun,IL2_single_default(kun 84%),鼻:◆一般に動物(ヒト人を含む)の顔の中央にあって呼吸したり匂(にお)いを感じるための隆起(リュウキ)した器官 ◆(動物の体の先にある顔から更に突き出ていることから
kk_（又/復/亦）_また,（又/復/亦）,また,又:◆また、その上に、更に、再び、重(かさ)ねて、加えて[†同じことが繰り返されること・同じことが以降も繰り返し続くことをいう†]◆[日]また・は、Ａ或いはＢ、Aか; 復:◆来た道と同じ道を辿って帰る、引き返す◆元の位置や状態に戻す、また戻る、同「覆」、同簡「复」◆繰り返す、繰り返される◆問いに対して返答する、指示などに対してその; 亦:◆また、～もまた～、ある物事と別の同様な物事を指す語、「【論語注疏:學而】子曰學而時習之不亦說乎(《注》馬曰子者男子之通稱謂孔子也王曰時者學者以時誦習之誦習以時,N5,kun,kun+kun+kun~,A4_multi_on(on+on+on 65%),又:◆また、その上に、更に、再び、重(かさ)ねて、加えて[†同じことが繰り返されること・同じことが以降も繰り返し続くことをいう†]◆[日]また・は、Ａ或いはＢ、Aか; 復:◆来た道と同じ道を辿って帰る、引き返す◆元の位置や状態に戻す、また戻る、同「覆」、同簡「复」◆繰り返す、繰り返される◆問いに対して返答する、指示などに対してその; 亦:◆また、～もまた～、ある物事と別の同様な物事を指す語、「【論語注疏:學而】子曰學而時習之不亦說乎(《注》馬曰子者男子之通稱謂孔子也王曰時者學者以時誦習之誦習以時
kk_～か月_～かげつ,～か月,～かげつ,月:◆地球の衛星の名、太陰(タイイン)、「日」を「太陽」というのに対して月を「太陰」という◆一年をほぼ十二等分した期間、新月(月が見えなくなる日)から次の新月までの,N5,other,unknown,IL1_okurigana(kun 96%) | IL2_single_okuri(kun 96%),月:◆地球の衛星の名、太陰(タイイン)、「日」を「太陽」というのに対して月を「太陰」という◆一年をほぼ十二等分した期間、新月(月が見えなくなる日)から次の新月までの
kk_～中_～じゅう,～中,～じゅう,中:◆ものとものの間にあってどちらにも偏(かたよ)らない位置◆上下・高低・大小などの間(あいだ)に位置する人や物や場所、同「仲」◆始点(出発地)から終点(目的地)ま,N5,other,unknown,IL2_single_default(kun 84%),中:◆ものとものの間にあってどちらにも偏(かたよ)らない位置◆上下・高低・大小などの間(あいだ)に位置する人や物や場所、同「仲」◆始点(出発地)から終点(目的地)ま
kk_～中_～ちゅう,～中,～ちゅう,中:◆ものとものの間にあってどちらにも偏(かたよ)らない位置◆上下・高低・大小などの間(あいだ)に位置する人や物や場所、同「仲」◆始点(出発地)から終点(目的地)ま,N5,other,unknown,IL2_single_default(kun 84%),中:◆ものとものの間にあってどちらにも偏(かたよ)らない位置◆上下・高低・大小などの間(あいだ)に位置する人や物や場所、同「仲」◆始点(出発地)から終点(目的地)ま
kk_～人_～じん,～人,～じん,人:◆霊長目ヒト科ヒト属の生物、ホモ・サピエンスHomo sapiens(「知恵の人」の意)、同「儿」◆自分以外の者、「人我(ジンガ、他人と自分)」◆人の数(かず),N5,other,unknown,IL2_single_default(kun 84%),人:◆霊長目ヒト科ヒト属の生物、ホモ・サピエンスHomo sapiens(「知恵の人」の意)、同「儿」◆自分以外の者、「人我(ジンガ、他人と自分)」◆人の数(かず)
kk_～人_～にん,～人,～にん,人:◆霊長目ヒト科ヒト属の生物、ホモ・サピエンスHomo sapiens(「知恵の人」の意)、同「儿」◆自分以外の者、「人我(ジンガ、他人と自分)」◆人の数(かず),N5,other,unknown,IL2_single_default(kun 84%),人:◆霊長目ヒト科ヒト属の生物、ホモ・サピエンスHomo sapiens(「知恵の人」の意)、同「儿」◆自分以外の者、「人我(ジンガ、他人と自分)」◆人の数(かず)
kk_～以外_～いがい,～以外,～いがい,以:◆用(もち)いる、使用する、～を用いて、～を利用して、「【論語注疏:卷一:學而】…行有餘力則以學文(《疏》…能行已上諸事仍有閒暇餘力則可以學先王之遺文…)」◆～; 外:◆そと、範囲・領域・組織や区切り・境界の内(内側、内部)から出たもの、表に出ている(表に面している)もの、見えるところにあるもの、またそのようなところ、逆は「内,N5,on,on+on,,以:◆用(もち)いる、使用する、～を用いて、～を利用して、「【論語注疏:卷一:學而】…行有餘力則以學文(《疏》…能行已上諸事仍有閒暇餘力則可以學先王之遺文…)」◆～; 外:◆そと、範囲・領域・組織や区切り・境界の内(内側、内部)から出たもの、表に出ている(表に面している)もの、見えるところにあるもの、またそのようなところ、逆は「内
kk_～個_～こ,～個,～こ,個:◆形のあるものを数える語、またその一つ一つを指す語、同「个」「箇」◆簡「个」,N5,on,on~,IL2_on_only(on 99%),個:◆形のあるものを数える語、またその一つ一つを指す語、同「个」「箇」◆簡「个」
kk_～側_～がわ,～側,～がわ,側:◆(立っているものの)すぐ傍(そば)、傍(かたわ)ら、脇(わき)、同「旁」◆立てて片方に(一方に)寄せる、片方に寄る、偏(かたよ)る、同「仄」◆立ったものが一方,N5,other,unknown,IL2_single_default(kun 84%),側:◆(立っているものの)すぐ傍(そば)、傍(かたわ)ら、脇(わき)、同「旁」◆立てて片方に(一方に)寄せる、片方に寄る、偏(かたよ)る、同「仄」◆立ったものが一方
kk_～冊_～さつ,～冊,～さつ,冊:◆文字(文章)が記された細長い竹製・木製の札(竹簡や木簡)を順序正しく並べ綴じたもの、文書や書物◆綴じられた書物や文書を数える単位◆符命(フメイ)、天子の意であ,N5,on,on~,IL2_on_only(on 99%),冊:◆文字(文章)が記された細長い竹製・木製の札(竹簡や木簡)を順序正しく並べ綴じたもの、文書や書物◆綴じられた書物や文書を数える単位◆符命(フメイ)、天子の意であ
kk_～分_～ふん,～分,～ふん,分:◆一つに纏(まと)まっているものを幾つかに切り離す、また幾つかに仕切る(区切る)、「分割(ブンカツ)」、切り離したものを仕分けることを「別」◆一つの纏まりから一,N5,other,unknown,IL2_single_default(kun 84%) | B_verb_rad_刀(kun 80%),分:◆一つに纏(まと)まっているものを幾つかに切り離す、また幾つかに仕切る(区切る)、「分割(ブンカツ)」、切り離したものを仕分けることを「別」◆一つの纏まりから一
kk_～前_～まえ,～前,～まえ,前:◆(前に)進む、またその方向、同「先」、「前途(ぜんと、目的地に向かう道のり、将来)」◆位置的には先の方向、時間的には過去の方向、順序では上位の方向、同「先」、,N5,kun,kun,IL2_single_default(kun 84%) | B_verb_rad_刀(kun 80%),前:◆(前に)進む、またその方向、同「先」、「前途(ぜんと、目的地に向かう道のり、将来)」◆位置的には先の方向、時間的には過去の方向、順序では上位の方向、同「先」、
kk_～匹_～ひき,～匹,～ひき,匹:◆一対(ツイ)になる、二つで一組になる◆対になること、互いに釣り合いが取れること、「匹敵(ヒッテキ、釣り合うこと、対等であること、またその相手)」◆「匹配(ヒッ,N5,on,on~,IL2_on_only(on 99%),匹:◆一対(ツイ)になる、二つで一組になる◆対になること、互いに釣り合いが取れること、「匹敵(ヒッテキ、釣り合うこと、対等であること、またその相手)」◆「匹配(ヒッ
kk_～台_～だい,～台,～だい,台:◆我(われ)、自分を指す語、同「吾」「余」「予」◆「三台星(サンタイセイ)、三台(サンタイ)」、紫微垣(シビエン、天の北極を中心とした区画で天帝が住むとされた、,N5,other,unknown,IL2_single_default(kun 84%),台:◆我(われ)、自分を指す語、同「吾」「余」「予」◆「三台星(サンタイセイ)、三台(サンタイ)」、紫微垣(シビエン、天の北極を中心とした区画で天帝が住むとされた、
kk_～君_～くん,～君,～くん,君:◆大きな領土を有し多くの人民を統治する人、天子◆国王から諸国の領有を認められた者、国を領有している者、国主(コクシュ)◆きみ、あなた(you)、人を尊(とうと),N5,other,unknown,IL2_single_default(kun 84%),君:◆大きな領土を有し多くの人民を統治する人、天子◆国王から諸国の領有を認められた者、国を領有している者、国主(コクシュ)◆きみ、あなた(you)、人を尊(とうと)
kk_～回_～かい,～回,～かい,回:◆円を描(えが)くように動く、一周して(一巡して)元に戻る、同「廻」「迴」、「回復(カイフク)」「回帰(カイキ)」◆元に戻す、元に返す、「回答(カイトウ)」◆(,N5,other,unknown,IL2_single_default(kun 84%),回:◆円を描(えが)くように動く、一周して(一巡して)元に戻る、同「廻」「迴」、「回復(カイフク)」「回帰(カイキ)」◆元に戻す、元に返す、「回答(カイトウ)」◆(
kk_～年_～ねん,～年,～ねん,年:◆穀物が稔(みの)る、同「秊」◆農作物を収穫してから次の収穫期までの期間、四季(二十四節気)を一巡する期間、year◆誕生してから生きてその誕生日を通り過ぎた回,N5,other,unknown,IL2_single_default(kun 84%),年:◆穀物が稔(みの)る、同「秊」◆農作物を収穫してから次の収穫期までの期間、四季(二十四節気)を一巡する期間、year◆誕生してから生きてその誕生日を通り過ぎた回
kk_～店_～てん,～店,～てん,店:◆みせ、物を並べ売る建物、「一定の場所を占めて商売する屋根(广)のある所」の意◆たな、商品を並べる陳列棚、売り手と買い手を隔(へだ)てるカウンター、同「坫」◆[,N5,other,unknown,IL2_single_default(kun 84%) | B_noun_rad_广(kun 93%),店:◆みせ、物を並べ売る建物、「一定の場所を占めて商売する屋根(广)のある所」の意◆たな、商品を並べる陳列棚、売り手と買い手を隔(へだ)てるカウンター、同「坫」◆[
kk_～度_～ど,～度,～ど,度:◆長さを測(はか)る際に基準となる物差し(ものさし)、またその目盛(めもり)、「度量(ドリョウ、長さと容量、人の言動をどの程度容認できるかの大きさ)」「法度(ハ,N5,other,unknown,IL2_single_default(kun 84%) | B_noun_rad_广(kun 93%),度:◆長さを測(はか)る際に基準となる物差し(ものさし)、またその目盛(めもり)、「度量(ドリョウ、長さと容量、人の言動をどの程度容認できるかの大きさ)」「法度(ハ
kk_～方_～かた,～方,～かた,方:◆四角、四角いさま、角(かど)が直角になっているさま、「方形(ホウケイ)」◆数学で二つの数を掛け合わせた数(正方形・長方形の一つの角を成す二辺を掛け合わせた数),N5,kun,kun,IL2_single_default(kun 84%),方:◆四角、四角いさま、角(かど)が直角になっているさま、「方形(ホウケイ)」◆数学で二つの数を掛け合わせた数(正方形・長方形の一つの角を成す二辺を掛け合わせた数)
kk_～方_～がた,～方,～がた,方:◆四角、四角いさま、角(かど)が直角になっているさま、「方形(ホウケイ)」◆数学で二つの数を掛け合わせた数(正方形・長方形の一つの角を成す二辺を掛け合わせた数),N5,other,unknown,IL2_single_default(kun 84%),方:◆四角、四角いさま、角(かど)が直角になっているさま、「方形(ホウケイ)」◆数学で二つの数を掛け合わせた数(正方形・長方形の一つの角を成す二辺を掛け合わせた数)
kk_～日_～にち,～日,～にち,日:◆太陽◆太陽が出ている間、昼間、夜明けから日没まで◆一昼夜、朝から次の朝まで、またその繰り返し、またその繰り返しを数える語◆候(コウ)、時節、頃(ケイ、ころ)◆,N5,other,unknown,IL2_single_default(kun 84%),日:◆太陽◆太陽が出ている間、昼間、夜明けから日没まで◆一昼夜、朝から次の朝まで、またその繰り返し、またその繰り返しを数える語◆候(コウ)、時節、頃(ケイ、ころ)◆
kk_～時_～じ,～時,～じ,時:◆一年の四分の一、季節、「一時(イチジ、三カ月、一季節)」「四時(シジ、四つの季節、四季)」◆一日の十二分の一、現在は二十四分の一、「時刻(ジコク)」◆年代、期,N5,other,unknown,IL2_single_default(kun 84%),時:◆一年の四分の一、季節、「一時(イチジ、三カ月、一季節)」「四時(シジ、四つの季節、四季)」◆一日の十二分の一、現在は二十四分の一、「時刻(ジコク)」◆年代、期
kk_～時間_～じかん,～時間,～じかん,時:◆一年の四分の一、季節、「一時(イチジ、三カ月、一季節)」「四時(シジ、四つの季節、四季)」◆一日の十二分の一、現在は二十四分の一、「時刻(ジコク)」◆年代、期; 間:◆両側からぴったりと閉じられずに開いているところ、(空間・時間・物事・関係などが)連続せずに途切れているところ、開いたり途切れたりして何もないところ、隙(すき),N5,on,on+on,,時:◆一年の四分の一、季節、「一時(イチジ、三カ月、一季節)」「四時(シジ、四つの季節、四季)」◆一日の十二分の一、現在は二十四分の一、「時刻(ジコク)」◆年代、期; 間:◆両側からぴったりと閉じられずに開いているところ、(空間・時間・物事・関係などが)連続せずに途切れているところ、開いたり途切れたりして何もないところ、隙(すき)
kk_～月_～がつ,～月,～がつ,月:◆地球の衛星の名、太陰(タイイン)、「日」を「太陽」というのに対して月を「太陰」という◆一年をほぼ十二等分した期間、新月(月が見えなくなる日)から次の新月までの,N5,other,unknown,IL2_single_default(kun 84%),月:◆地球の衛星の名、太陰(タイイン)、「日」を「太陽」というのに対して月を「太陰」という◆一年をほぼ十二等分した期間、新月(月が見えなくなる日)から次の新月までの
kk_～末_～まつ,～末,～まつ,末:◆木の先(さき)の細い部分、端(はじ)、先端◆物事の最後、終わり◆細いさま、細(こま)かいさま、小さいさま◆(端の方にあって或いは細かくて)取るに足りない、些細,N5,other,unknown,IL2_single_default(kun 84%) | B_noun_rad_木(kun 93%),末:◆木の先(さき)の細い部分、端(はじ)、先端◆物事の最後、終わり◆細いさま、細(こま)かいさま、小さいさま◆(端の方にあって或いは細かくて)取るに足りない、些細
kk_～本_～ほん,～本,～ほん,本:◆木の根(ね)◆植物や物事の生まれ始まりの部分、ものの根源また起源、「本来(ホンライ、元々、初めから)」◆ものを支えているもの、基(もと)となるもの、拠(よ)り,N5,other,unknown,IL2_single_default(kun 84%) | B_noun_rad_木(kun 93%),本:◆木の根(ね)◆植物や物事の生まれ始まりの部分、ものの根源また起源、「本来(ホンライ、元々、初めから)」◆ものを支えているもの、基(もと)となるもの、拠(よ)り
kk_～杯_～はい,～杯,～はい,杯:◆酒・茶・スープsoupなどの液状の飲み物を飲むための器の総称、一般に手に持てる程度の大きさのものでやや浅めの器 ◆液体の入った容器の数また容器に液体を満たした,N5,other,unknown,IL2_single_default(kun 84%) | B_noun_rad_木(kun 93%),杯:◆酒・茶・スープsoupなどの液状の飲み物を飲むための器の総称、一般に手に持てる程度の大きさのものでやや浅めの器 ◆液体の入った容器の数また容器に液体を満たした
kk_～枚_～まい,～枚,～まい,枚:◆杖(つえ)などに使う程度の太さの(枝よりも太い)木の幹(みき)、木の棒◆馬を打つ鞭(むち)◆馬が声を立てないようにするために口に咥(くわ)えさせる木の棒◆「個,N5,on,on~,IL2_on_only(on 99%) | B_noun_rad_木(kun 93%),枚:◆杖(つえ)などに使う程度の太さの(枝よりも太い)木の幹(みき)、木の棒◆馬を打つ鞭(むち)◆馬が声を立てないようにするために口に咥(くわ)えさせる木の棒◆「個
kk_～様_～さま,～様,～さま,様:◆物事の性格や状態、また姿や形、あり方また見掛け◆形や姿、状態やあり方、方法や方式、同「𢳌」◆形や姿・状態やあり方・方法や方式などの種類を数える語◆クヌギ(櫟、,N5,kun,kun,IL2_single_default(kun 84%) | B_noun_rad_木(kun 93%),様:◆物事の性格や状態、また姿や形、あり方また見掛け◆形や姿、状態やあり方、方法や方式、同「𢳌」◆形や姿・状態やあり方・方法や方式などの種類を数える語◆クヌギ(櫟、
kk_～歳_～さい,～歳,～さい,歳:◆年(とし)、一年、同じ季節が一巡する期間◆年齢、年齢を数える語◆その年の穀物の収穫の具合◆木星、五星(ゴセイ、木星・土星・水星・火星・金星)の一つ,N5,other,unknown,IL2_single_default(kun 84%),歳:◆年(とし)、一年、同じ季節が一巡する期間◆年齢、年齢を数える語◆その年の穀物の収穫の具合◆木星、五星(ゴセイ、木星・土星・水星・火星・金星)の一つ
kk_～番_～ばん,～番,～ばん,番:◆順に並んでいるものを次々に入れ替えながら繰り返すこと、またその順位、またその順位に当たること、「輪番(リンバン、順番に交替しながら繰り返すこと)」「當番(トウ,N5,other,unknown,IL2_single_default(kun 84%),番:◆順に並んでいるものを次々に入れ替えながら繰り返すこと、またその順位、またその順位に当たること、「輪番(リンバン、順番に交替しながら繰り返すこと)」「當番(トウ
kk_～番目_～ばんめ,～番目,～ばんめ,番:◆順に並んでいるものを次々に入れ替えながら繰り返すこと、またその順位、またその順位に当たること、「輪番(リンバン、順番に交替しながら繰り返すこと)」「當番(トウ; 目:◆眼(め、眼球ガンキュウ、黒目くろめ)・白目(しろめ、結膜ケツマク)・視神経などを含むものを見る器官全体、またその形状や様子や機能◆ものを見る、また見分ける◆眼,N5,mixed,on+kun~,,番:◆順に並んでいるものを次々に入れ替えながら繰り返すこと、またその順位、またその順位に当たること、「輪番(リンバン、順番に交替しながら繰り返すこと)」「當番(トウ; 目:◆眼(め、眼球ガンキュウ、黒目くろめ)・白目(しろめ、結膜ケツマク)・視神経などを含むものを見る器官全体、またその形状や様子や機能◆ものを見る、また見分ける◆眼
kk_～足_～そく,～足,～そく,足:◆体や物体の一部で、胴から分かれ出て伸び、地に接して体を支えたり、歩行・走行・跳躍などの運動機能を担う部分、現代の中国では「脚」◆「歩く」「走る」などの足を使っ,N5,other,unknown,IL2_single_default(kun 84%) | B_verb_rad_足(kun 80%),足:◆体や物体の一部で、胴から分かれ出て伸び、地に接して体を支えたり、歩行・走行・跳躍などの運動機能を担う部分、現代の中国では「脚」◆「歩く」「走る」などの足を使っ
kk_～週間_～しゅうかん,～週間,～しゅうかん,週:◆ぐるりと廻(まわ)る◆一定の周期で廻(めぐ)って来る、またその期間; 間:◆両側からぴったりと閉じられずに開いているところ、(空間・時間・物事・関係などが)連続せずに途切れているところ、開いたり途切れたりして何もないところ、隙(すき),N5,on,on+on,,週:◆ぐるりと廻(まわ)る◆一定の周期で廻(めぐ)って来る、またその期間; 間:◆両側からぴったりと閉じられずに開いているところ、(空間・時間・物事・関係などが)連続せずに途切れているところ、開いたり途切れたりして何もないところ、隙(すき)
kk_～過ぎ_～すぎ,～過ぎ,～すぎ,過:◆度(ド、度合、節度、法度、限度、程度など)を越える(超える)◆度を越えて(超えて)しまう、誤(あやま)る◆時(とき、時代、時期、季節、月日、時間など)を通り越,N5,kun,kun,IL1_okurigana(kun 96%) | IL2_single_okuri(kun 96%),過:◆度(ド、度合、節度、法度、限度、程度など)を越える(超える)◆度を越えて(超えて)しまう、誤(あやま)る◆時(とき、時代、時期、季節、月日、時間など)を通り越
kk_～達_～たち,～達,～たち,達:◆道が滞(とどこお)ることなく通じる◆目的とするところまで行き着く、また届く◆目標としたことを成し遂げる◆物事の奥深くまで通じる、また理解する◆[日]だち、たち,N5,on,on~,IL2_on_only(on 99%),達:◆道が滞(とどこお)ることなく通じる◆目的とするところまで行き着く、また届く◆目標としたことを成し遂げる◆物事の奥深くまで通じる、また理解する◆[日]だち、たち
kk_～階_～かい,～階,～かい,階:◆同じ高さの段(ダン、積み重ねて層をなしたもの)、上り下りするために同じ高さに揃え積み重ねたもの、「階段(カイダン)」◆梯子(テイシ、はしご)◆高低の区切りの一,N5,other,unknown,IL2_single_default(kun 84%),階:◆同じ高さの段(ダン、積み重ねて層をなしたもの)、上り下りするために同じ高さに揃え積み重ねたもの、「階段(カイダン)」◆梯子(テイシ、はしご)◆高低の区切りの一
kk_～階建て_～かいだて,～階建て,～かいだて,階:◆同じ高さの段(ダン、積み重ねて層をなしたもの)、上り下りするために同じ高さに揃え積み重ねたもの、「階段(カイダン)」◆梯子(テイシ、はしご)◆高低の区切りの一; 建:◆(建造物を)しっかりと立てる、造(つく)る、作り上げる◆(法律などを)しっかりと定める◆意見を申し立てる◆北斗七星の柄(え)の指す方向、「建寅(ケンイン、夏暦,N5,other,mixed+mixed~,IL1_okurigana(kun 96%) | A1_compound_oku(kun 90%) | A1_on_kun_mix(on+kun 65%),階:◆同じ高さの段(ダン、積み重ねて層をなしたもの)、上り下りするために同じ高さに揃え積み重ねたもの、「階段(カイダン)」◆梯子(テイシ、はしご)◆高低の区切りの一; 建:◆(建造物を)しっかりと立てる、造(つく)る、作り上げる◆(法律などを)しっかりと定める◆意見を申し立てる◆北斗七星の柄(え)の指す方向、「建寅(ケンイン、夏暦
kk_～難い_～にくい,～難い,～にくい,難:◆思いの通りにいかない(ならない)、～するのは容易でない、～しにくい、～しづらい、同「艱」◆災(わざわ)い、禍(カ、わざわい)、手の施(ほどこ)しようのない(思,N5,other,unknown,IL1_okurigana(kun 96%) | IL2_single_okuri(kun 96%),難:◆思いの通りにいかない(ならない)、～するのは容易でない、～しにくい、～しづらい、同「艱」◆災(わざわ)い、禍(カ、わざわい)、手の施(ほどこ)しようのない(思
kk_～頃_～ごろ,～頃,～ごろ,頃:◆頭を傾(かたむ)ける、頭を傾(かし)げる、同「傾」◆傾く、斜めになる、片方に(一方に)偏(かたよ)る、同「傾」◆僅(わず)かな時間、「頃刻(ケイコク、僅かな間,N5,other,unknown,IL2_single_default(kun 84%),頃:◆頭を傾(かたむ)ける、頭を傾(かし)げる、同「傾」◆傾く、斜めになる、片方に(一方に)偏(かたよ)る、同「傾」◆僅(わず)かな時間、「頃刻(ケイコク、僅かな間
