guid,Word,Reading,Meaning,Level,ReadingType,Pattern,Rules,KanjiDetail
kk_capsel（德）_カプセル,capsel（德）,カプセル,德:◆生まれながらに備わっている性質、もの本来の性質、本性(ホンショウ)◆本来の行いや考え、人として尊(とうと)び守るべき(進むべき)道、「道徳(ドウトク)」◆自ら,N2,on,on~,IL2_on_only(on 99%),德:◆生まれながらに備わっている性質、もの本来の性質、本性(ホンショウ)◆本来の行いや考え、人として尊(とうと)び守るべき(進むべき)道、「道徳(ドウトク)」◆自ら
kk_categorie（德）_カテゴリー,categorie（德）,カテゴリー,德:◆生まれながらに備わっている性質、もの本来の性質、本性(ホンショウ)◆本来の行いや考え、人として尊(とうと)び守るべき(進むべき)道、「道徳(ドウトク)」◆自ら,N2,on,on~,IL2_on_only(on 99%),德:◆生まれながらに備わっている性質、もの本来の性質、本性(ホンショウ)◆本来の行いや考え、人として尊(とうと)び守るべき(進むべき)道、「道徳(ドウトク)」◆自ら
kk_etiquette（法）_エチケット,etiquette（法）,エチケット,法:◆規律を維持するための決まり、守り従うべき制度や規則、私的なものではなく公(おおやけ)のものを指す◆標準的な或いは慣例となっているやり方、またそれらに従う◆基準,N2,other,unknown,IL2_single_default(kun 84%),法:◆規律を維持するための決まり、守り従うべき制度や規則、私的なものではなく公(おおやけ)のものを指す◆標準的な或いは慣例となっているやり方、またそれらに従う◆基準
kk_organ（葡）_オルガン,organ（葡）,オルガン,葡:◆「葡萄(ブドウ)」、ブドウ科ブドウ属の果樹またその実◆[日]「葡萄牙(ポルトガル)」、国名,N2,on,on~,IL2_on_only(on 99%),葡:◆「葡萄(ブドウ)」、ブドウ科ブドウ属の果樹またその実◆[日]「葡萄牙(ポルトガル)」、国名
kk_いい加減_いいかげん,いい加減,いいかげん,加:◆足(た)す、付け足す、継(つ)ぎ足す、注(つ)ぎ足す◆増(ふ)やす、増える◆その上に～、その上更に～; 減:◆少なくなる、全体から一部がなくなる◆軽くなる、落ちる、下がる◆差し引く,N2,on,on+on,IL1_okurigana(kun 96%) | A1_compound_oku(kun 90%) | A1_on_kun_mix(on+kun 65%),加:◆足(た)す、付け足す、継(つ)ぎ足す、注(つ)ぎ足す◆増(ふ)やす、増える◆その上に～、その上更に～; 減:◆少なくなる、全体から一部がなくなる◆軽くなる、落ちる、下がる◆差し引く
kk_いざと言う時_いざというとき,いざと言う時,いざというとき,言:◆相手に伝えたいことを声に出してはっきりと述べる、またその内容、またそのための語(ゴ、互いに意思の疎通を図るための言葉)◆字(ジ)、文字◆我(われ)、自分を指す; 時:◆一年の四分の一、季節、「一時(イチジ、三カ月、一季節)」「四時(シジ、四つの季節、四季)」◆一日の十二分の一、現在は二十四分の一、「時刻(ジコク)」◆年代、期,N2,kun,kun+kun~,IL1_okurigana(kun 96%) | A1_compound_oku(kun 90%) | A1_on_kun_mix(on+kun 65%),言:◆相手に伝えたいことを声に出してはっきりと述べる、またその内容、またそのための語(ゴ、互いに意思の疎通を図るための言葉)◆字(ジ)、文字◆我(われ)、自分を指す; 時:◆一年の四分の一、季節、「一時(イチジ、三カ月、一季節)」「四時(シジ、四つの季節、四季)」◆一日の十二分の一、現在は二十四分の一、「時刻(ジコク)」◆年代、期
kk_お参り_おまいり,お参り,おまいり,参:◆行く、行って加わる◆行って目見(まみ)える、拝謁(ハイエツ)する、拝謁するために行く◆幾つものものを引き合わせて比べる◆三、「三」の大写字(「一」は「壹」・「,N2,kun,kun,IL1_okurigana(kun 96%) | IL2_single_okuri(kun 96%),参:◆行く、行って加わる◆行って目見(まみ)える、拝謁(ハイエツ)する、拝謁するために行く◆幾つものものを引き合わせて比べる◆三、「三」の大写字(「一」は「壹」・「
kk_お決まり_おきまり,お決まり,おきまり,決:◆堤(つつみ)などが破(やぶ)れる、また(堤防などが破れて)水が流れ出る◆破る、突き破る◆(妨げとなっている物や事を突き破って、押し退けて)きっぱりと、「決断(,N2,kun,kun,IL1_okurigana(kun 96%) | IL2_single_okuri(kun 96%),決:◆堤(つつみ)などが破(やぶ)れる、また(堤防などが破れて)水が流れ出る◆破る、突き破る◆(妨げとなっている物や事を突き破って、押し退けて)きっぱりと、「決断(
kk_くっ付く_くっつく,くっ付く,くっつく,付:◆手ずから授(さず)ける、直接手を取って与える、同「仅」◆渡し与える、渡して任せる、委(ゆだ)ねる◆[日]他のものに加える、また添える、また足す、同「附」,N2,kun,kun,IL1_okurigana(kun 96%) | IL2_single_okuri(kun 96%),付:◆手ずから授(さず)ける、直接手を取って与える、同「仅」◆渡し与える、渡して任せる、委(ゆだ)ねる◆[日]他のものに加える、また添える、また足す、同「附」
kk_くっ付ける_くっつける,くっ付ける,くっつける,付:◆手ずから授(さず)ける、直接手を取って与える、同「仅」◆渡し与える、渡して任せる、委(ゆだ)ねる◆[日]他のものに加える、また添える、また足す、同「附」,N2,kun,kun,IL1_okurigana(kun 96%) | IL2_single_okuri(kun 96%),付:◆手ずから授(さず)ける、直接手を取って与える、同「仅」◆渡し与える、渡して任せる、委(ゆだ)ねる◆[日]他のものに加える、また添える、また足す、同「附」
kk_ここの所_ここのところ,ここの所,ここのところ,所:◆処(ところ)、ものがある場また位置(要所・箇所など)、ことをする場また位置(住所・裁判所など)◆～のこと、「所感(感じること)」「所存(考え思っていること)◆,N2,kun,kun,IL1_okurigana(kun 96%) | IL2_single_okuri(kun 96%),所:◆処(ところ)、ものがある場また位置(要所・箇所など)、ことをする場また位置(住所・裁判所など)◆～のこと、「所感(感じること)」「所存(考え思っていること)◆
kk_この度_このたび,この度,このたび,度:◆長さを測(はか)る際に基準となる物差し(ものさし)、またその目盛(めもり)、「度量(ドリョウ、長さと容量、人の言動をどの程度容認できるかの大きさ)」「法度(ハ,N2,kun,kun,IL1_okurigana(kun 96%) | IL2_single_okuri(kun 96%) | B_noun_rad_广(kun 93%),度:◆長さを測(はか)る際に基準となる物差し(ものさし)、またその目盛(めもり)、「度量(ドリョウ、長さと容量、人の言動をどの程度容認できるかの大きさ)」「法度(ハ
kk_ご無沙汰_ごぶさた,ご無沙汰,ごぶさた,無:◆ない、存在しない、有(ゆう)していない◆～ではない、～であってはならない◆簡「无」; 沙:◆砂、細かい砂、同「𡋷」◆砂地、砂が広がっているところ◆細かい粒状のもの、細かいさま、小さいさま◆ざらざらとしたさま◆淘(よな)げる、水の中で揺り動かして洗いな; 汰:◆たっぷりの水で濯(すす)ぐ、たっぷりの水で濯ぎ必要なもの以外を取り除く、同「汏」◆大きな波◆驕(おご)り高ぶる、同「泰」◆「沙汰(サタ)」◇水中で揺すって砂(,N2,on,on+on+on,IL1_okurigana(kun 96%) | A1_compound_oku(kun 90%) | A1_on_kun_mix(on+kun 65%),無:◆ない、存在しない、有(ゆう)していない◆～ではない、～であってはならない◆簡「无」; 沙:◆砂、細かい砂、同「𡋷」◆砂地、砂が広がっているところ◆細かい粒状のもの、細かいさま、小さいさま◆ざらざらとしたさま◆淘(よな)げる、水の中で揺り動かして洗いな; 汰:◆たっぷりの水で濯(すす)ぐ、たっぷりの水で濯ぎ必要なもの以外を取り除く、同「汏」◆大きな波◆驕(おご)り高ぶる、同「泰」◆「沙汰(サタ)」◇水中で揺すって砂(
kk_とは言いつつも_とはいいつつも,とは言いつつも,とはいいつつも,言:◆相手に伝えたいことを声に出してはっきりと述べる、またその内容、またそのための語(ゴ、互いに意思の疎通を図るための言葉)◆字(ジ)、文字◆我(われ)、自分を指す,N2,kun,kun,IL1_okurigana(kun 96%) | IL2_single_okuri(kun 96%) | B_verb_rad_言(kun 80%),言:◆相手に伝えたいことを声に出してはっきりと述べる、またその内容、またそのための語(ゴ、互いに意思の疎通を図るための言葉)◆字(ジ)、文字◆我(われ)、自分を指す
kk_にも拘らず_にもかかわらず,にも拘らず,にもかかわらず,拘:◆「掌(てのひら)の中に入れ指を閉じて握(にぎ)る」「腕を回して抱(かか)える」のように、周りを取り囲んで押さえ自由に動けないようにする、束縛(ソクバク)する、,N2,kun,kun,IL1_okurigana(kun 96%) | IL2_single_okuri(kun 96%) | B_verb_rad_手(kun 80%),拘:◆「掌(てのひら)の中に入れ指を閉じて握(にぎ)る」「腕を回して抱(かか)える」のように、周りを取り囲んで押さえ自由に動けないようにする、束縛(ソクバク)する、
kk_ぶら下がる_ぶらさがる,ぶら下がる,ぶらさがる,下:◆位置・場所・地位などが低い、低い方にある◆低い方に移る、降りる、落ちる◆順序・時間などが後(あと)、後の方にある◆後の方に移る、後(うし)ろの方へ退く◆等級・,N2,kun,kun,IL1_okurigana(kun 96%) | IL2_single_okuri(kun 96%),下:◆位置・場所・地位などが低い、低い方にある◆低い方に移る、降りる、落ちる◆順序・時間などが後(あと)、後の方にある◆後の方に移る、後(うし)ろの方へ退く◆等級・
kk_ぶら下げる_ぶらさげる,ぶら下げる,ぶらさげる,下:◆位置・場所・地位などが低い、低い方にある◆低い方に移る、降りる、落ちる◆順序・時間などが後(あと)、後の方にある◆後の方に移る、後(うし)ろの方へ退く◆等級・,N2,kun,kun,IL1_okurigana(kun 96%) | IL2_single_okuri(kun 96%),下:◆位置・場所・地位などが低い、低い方にある◆低い方に移る、降りる、落ちる◆順序・時間などが後(あと)、後の方にある◆後の方に移る、後(うし)ろの方へ退く◆等級・
kk_一先ず_ひとまず,一先ず,ひとまず,一:◆最初、最初の数、最も小さい数、同「壹」 ◆(幾つかあるものの内の、全体の中の)一つ、一つの、一つに、それだけ、ひたすら、同「壹」◆同じ、等しい、「同じ一つのも; 先:◆基準になる位置や時間よりも前、同「前」、逆は「後」◆前に向かって進む、またその方向、同「前」◆以前、時間的に過去の方向◆ま・ず、最初に、～の前に,N2,kun,kun+kun,IL1_okurigana(kun 96%) | A1_compound_oku(kun 90%) | A1_on_kun_mix(on+kun 65%),一:◆最初、最初の数、最も小さい数、同「壹」 ◆(幾つかあるものの内の、全体の中の)一つ、一つの、一つに、それだけ、ひたすら、同「壹」◆同じ、等しい、「同じ一つのも; 先:◆基準になる位置や時間よりも前、同「前」、逆は「後」◆前に向かって進む、またその方向、同「前」◆以前、時間的に過去の方向◆ま・ず、最初に、～の前に
kk_一向に_いっこうに,一向に,いっこうに,一:◆最初、最初の数、最も小さい数、同「壹」 ◆(幾つかあるものの内の、全体の中の)一つ、一つの、一つに、それだけ、ひたすら、同「壹」◆同じ、等しい、「同じ一つのも; 向:◆窓、北側に面した窓、同「郷」、「丿冂」は「宀」で「屋根のある建物」、「口」は「壁などに空いた窓」の意◆目的とするところを目指して行く、基点となるところから遠ざ,N2,on,on+on~,IL1_okurigana(kun 96%) | A1_compound_oku(kun 90%) | A1_on_kun_mix(on+kun 65%),一:◆最初、最初の数、最も小さい数、同「壹」 ◆(幾つかあるものの内の、全体の中の)一つ、一つの、一つに、それだけ、ひたすら、同「壹」◆同じ、等しい、「同じ一つのも; 向:◆窓、北側に面した窓、同「郷」、「丿冂」は「宀」で「屋根のある建物」、「口」は「壁などに空いた窓」の意◆目的とするところを目指して行く、基点となるところから遠ざ
kk_一定_いってい,一定,いってい,一:◆最初、最初の数、最も小さい数、同「壹」 ◆(幾つかあるものの内の、全体の中の)一つ、一つの、一つに、それだけ、ひたすら、同「壹」◆同じ、等しい、「同じ一つのも; 定:◆さだ・まる、動きや乱れが鎮(しず)まって変化・変動しない状態になる、平静になる、落ち着く、「鎮定(チンテイ)」◆さだ・める、動いたり揺らいだりしない状態にする,N2,on,on+on,B_noun_rad_宀(kun 93%),一:◆最初、最初の数、最も小さい数、同「壹」 ◆(幾つかあるものの内の、全体の中の)一つ、一つの、一つに、それだけ、ひたすら、同「壹」◆同じ、等しい、「同じ一つのも; 定:◆さだ・まる、動きや乱れが鎮(しず)まって変化・変動しない状態になる、平静になる、落ち着く、「鎮定(チンテイ)」◆さだ・める、動いたり揺らいだりしない状態にする
kk_一層_いっそう,一層,いっそう,一:◆最初、最初の数、最も小さい数、同「壹」 ◆(幾つかあるものの内の、全体の中の)一つ、一つの、一つに、それだけ、ひたすら、同「壹」◆同じ、等しい、「同じ一つのも; 層:◆同質のものが積み重(かさ)なる、また繰り返される、同「曾」◆二階以上の建物、その重なった有様、同「樓」◆階級、等級,N2,on,on+on,,一:◆最初、最初の数、最も小さい数、同「壹」 ◆(幾つかあるものの内の、全体の中の)一つ、一つの、一つに、それだけ、ひたすら、同「壹」◆同じ、等しい、「同じ一つのも; 層:◆同質のものが積み重(かさ)なる、また繰り返される、同「曾」◆二階以上の建物、その重なった有様、同「樓」◆階級、等級
kk_一斉に_いっせいに,一斉に,いっせいに,一:◆最初、最初の数、最も小さい数、同「壹」 ◆(幾つかあるものの内の、全体の中の)一つ、一つの、一つに、それだけ、ひたすら、同「壹」◆同じ、等しい、「同じ一つのも; 斉:◆(穀物の穂が)凸凹(でこぼこ)せずに平らに揃っている◆多くのものが凸凹せずに揃っている、偏(かたよ)らずに整(ととの)っている◆長さや重さなどが揃っている、等,N2,on,on+on~,IL1_okurigana(kun 96%) | A1_compound_oku(kun 90%) | A1_on_kun_mix(on+kun 65%),一:◆最初、最初の数、最も小さい数、同「壹」 ◆(幾つかあるものの内の、全体の中の)一つ、一つの、一つに、それだけ、ひたすら、同「壹」◆同じ、等しい、「同じ一つのも; 斉:◆(穀物の穂が)凸凹(でこぼこ)せずに平らに揃っている◆多くのものが凸凹せずに揃っている、偏(かたよ)らずに整(ととの)っている◆長さや重さなどが揃っている、等
kk_一旦_いったん,一旦,いったん,一:◆最初、最初の数、最も小さい数、同「壹」 ◆(幾つかあるものの内の、全体の中の)一つ、一つの、一つに、それだけ、ひたすら、同「壹」◆同じ、等しい、「同じ一つのも; 旦:◆明け方、太陽が地平より上に出た頃、同「㫜」◆月の最初の日の明け方、月の始まりの日、朔日(ついたち)、「月旦(ゲッタン、各月の最初の日、またその日が始まる頃)」,N2,on,on+on,,一:◆最初、最初の数、最も小さい数、同「壹」 ◆(幾つかあるものの内の、全体の中の)一つ、一つの、一つに、それだけ、ひたすら、同「壹」◆同じ、等しい、「同じ一つのも; 旦:◆明け方、太陽が地平より上に出た頃、同「㫜」◆月の最初の日の明け方、月の始まりの日、朔日(ついたち)、「月旦(ゲッタン、各月の最初の日、またその日が始まる頃)」
kk_一段と_いちだんと,一段と,いちだんと,一:◆最初、最初の数、最も小さい数、同「壹」 ◆(幾つかあるものの内の、全体の中の)一つ、一つの、一つに、それだけ、ひたすら、同「壹」◆同じ、等しい、「同じ一つのも; 段:◆上へ上へと積み重なって層をなしたものの、その一つ一つ◆物事などの区切り、文章などの区切り◆階位、等級,N2,on,on+on~,IL1_okurigana(kun 96%) | A1_compound_oku(kun 90%) | A1_on_kun_mix(on+kun 65%),一:◆最初、最初の数、最も小さい数、同「壹」 ◆(幾つかあるものの内の、全体の中の)一つ、一つの、一つに、それだけ、ひたすら、同「壹」◆同じ、等しい、「同じ一つのも; 段:◆上へ上へと積み重なって層をなしたものの、その一つ一つ◆物事などの区切り、文章などの区切り◆階位、等級
kk_一種_いっしゅ,一種,いっしゅ,一:◆最初、最初の数、最も小さい数、同「壹」 ◆(幾つかあるものの内の、全体の中の)一つ、一つの、一つに、それだけ、ひたすら、同「壹」◆同じ、等しい、「同じ一つのも; 種:◆(植物が)生長し実を結ぶ元になるもの、またそれを植え付ける、またそれを蒔(ま)く◆起源を同じにするもの、共通性のあるもの、またその集まり◆簡「种」,N2,on,on+on,A3_short_compound(on+on 71%),一:◆最初、最初の数、最も小さい数、同「壹」 ◆(幾つかあるものの内の、全体の中の)一つ、一つの、一つに、それだけ、ひたすら、同「壹」◆同じ、等しい、「同じ一つのも; 種:◆(植物が)生長し実を結ぶ元になるもの、またそれを植え付ける、またそれを蒔(ま)く◆起源を同じにするもの、共通性のあるもの、またその集まり◆簡「种」
kk_一致_いっち,一致,いっち,一:◆最初、最初の数、最も小さい数、同「壹」 ◆(幾つかあるものの内の、全体の中の)一つ、一つの、一つに、それだけ、ひたすら、同「壹」◆同じ、等しい、「同じ一つのも; 致:◆相手方まで持って行って届ける、「送致」◆招き寄せる、こちらまで来させる、「招致」◆～に至る、～に至らしめる、「致死」◆～という結果に行く着く、～になる、「一致,N2,on,on+on,A3_short_compound(on+on 71%),一:◆最初、最初の数、最も小さい数、同「壹」 ◆(幾つかあるものの内の、全体の中の)一つ、一つの、一つに、それだけ、ひたすら、同「壹」◆同じ、等しい、「同じ一つのも; 致:◆相手方まで持って行って届ける、「送致」◆招き寄せる、こちらまで来させる、「招致」◆～に至る、～に至らしめる、「致死」◆～という結果に行く着く、～になる、「一致
kk_一色_いっしょく,一色,いっしょく,一:◆最初、最初の数、最も小さい数、同「壹」 ◆(幾つかあるものの内の、全体の中の)一つ、一つの、一つに、それだけ、ひたすら、同「壹」◆同じ、等しい、「同じ一つのも; 色:◆視覚によって認識するものの内、形状以外のもの、(特に顔の)表情、彩(いろどり)り、具合(ぐあい)、様子◆男女間の情欲(ジョウヨク)◆種類、二色=二種類◆いろ、,N2,on,on+on,,一:◆最初、最初の数、最も小さい数、同「壹」 ◆(幾つかあるものの内の、全体の中の)一つ、一つの、一つに、それだけ、ひたすら、同「壹」◆同じ、等しい、「同じ一つのも; 色:◆視覚によって認識するものの内、形状以外のもの、(特に顔の)表情、彩(いろどり)り、具合(ぐあい)、様子◆男女間の情欲(ジョウヨク)◆種類、二色=二種類◆いろ、
kk_一転_いってん,一転,いってん,一:◆最初、最初の数、最も小さい数、同「壹」 ◆(幾つかあるものの内の、全体の中の)一つ、一つの、一つに、それだけ、ひたすら、同「壹」◆同じ、等しい、「同じ一つのも; 転:◆(車輪が回るように)ごろりと回る、ぐるりと回る、「回転(カイテン)」◆(車輪が接地する位置を変えながら転がり進んで行くように次へ次へと)位置や方向を変える、ま,N2,on,on+on,,一:◆最初、最初の数、最も小さい数、同「壹」 ◆(幾つかあるものの内の、全体の中の)一つ、一つの、一つに、それだけ、ひたすら、同「壹」◆同じ、等しい、「同じ一つのも; 転:◆(車輪が回るように)ごろりと回る、ぐるりと回る、「回転(カイテン)」◆(車輪が接地する位置を変えながら転がり進んで行くように次へ次へと)位置や方向を変える、ま
kk_一通り_ひととおり,一通り,ひととおり,一:◆最初、最初の数、最も小さい数、同「壹」 ◆(幾つかあるものの内の、全体の中の)一つ、一つの、一つに、それだけ、ひたすら、同「壹」◆同じ、等しい、「同じ一つのも; 通:◆途中に障害となるようなものがなく反対側・向こう側・相手方・目的地まで達する、また達している◆支障なく行き来ができる、また行き来する、また行き来ができるようにす,N2,kun,kun+kun,IL1_okurigana(kun 96%) | A1_compound_oku(kun 90%) | A1_on_kun_mix(on+kun 65%),一:◆最初、最初の数、最も小さい数、同「壹」 ◆(幾つかあるものの内の、全体の中の)一つ、一つの、一つに、それだけ、ひたすら、同「壹」◆同じ、等しい、「同じ一つのも; 通:◆途中に障害となるようなものがなく反対側・向こう側・相手方・目的地まで達する、また達している◆支障なく行き来ができる、また行き来する、また行き来ができるようにす
kk_万一_まんいち,万一,まんいち,万:◆千の十倍 ◆数え切れないほど多いさま、極めて多いさま◆あらゆる、どんなものも、全て◆決して、絶対に、「萬萬(バンバン)」◆「万俟(ボクキ)」、姓、同「𢄏俟」、; 一:◆最初、最初の数、最も小さい数、同「壹」 ◆(幾つかあるものの内の、全体の中の)一つ、一つの、一つに、それだけ、ひたすら、同「壹」◆同じ、等しい、「同じ一つのも,N2,on,on+on,,万:◆千の十倍 ◆数え切れないほど多いさま、極めて多いさま◆あらゆる、どんなものも、全て◆決して、絶対に、「萬萬(バンバン)」◆「万俟(ボクキ)」、姓、同「𢄏俟」、; 一:◆最初、最初の数、最も小さい数、同「壹」 ◆(幾つかあるものの内の、全体の中の)一つ、一つの、一つに、それだけ、ひたすら、同「壹」◆同じ、等しい、「同じ一つのも
kk_万能_ばんのう,万能,ばんのう,万:◆千の十倍 ◆数え切れないほど多いさま、極めて多いさま◆あらゆる、どんなものも、全て◆決して、絶対に、「萬萬(バンバン)」◆「万俟(ボクキ)」、姓、同「𢄏俟」、; 能:◆ことを成し遂(と)げる技量(ギリョウ)や力量(リキリョウ)、「能力(ノウリョク)」「才能(サイノウ)」◆十分に或いは上手にできる、～をすることができる(技能・,N2,on,on+on,,万:◆千の十倍 ◆数え切れないほど多いさま、極めて多いさま◆あらゆる、どんなものも、全て◆決して、絶対に、「萬萬(バンバン)」◆「万俟(ボクキ)」、姓、同「𢄏俟」、; 能:◆ことを成し遂(と)げる技量(ギリョウ)や力量(リキリョウ)、「能力(ノウリョク)」「才能(サイノウ)」◆十分に或いは上手にできる、～をすることができる(技能・
kk_三日月_みかづき,三日月,みかづき,三:◆数の名、三番目; 日:◆太陽◆太陽が出ている間、昼間、夜明けから日没まで◆一昼夜、朝から次の朝まで、またその繰り返し、またその繰り返しを数える語◆候(コウ)、時節、頃(ケイ、ころ)◆; 月:◆地球の衛星の名、太陰(タイイン)、「日」を「太陽」というのに対して月を「太陰」という◆一年をほぼ十二等分した期間、新月(月が見えなくなる日)から次の新月までの,N2,other,mixed+mixed+mixed~,A4_multi_on(on+on+on 65%),三:◆数の名、三番目; 日:◆太陽◆太陽が出ている間、昼間、夜明けから日没まで◆一昼夜、朝から次の朝まで、またその繰り返し、またその繰り返しを数える語◆候(コウ)、時節、頃(ケイ、ころ)◆; 月:◆地球の衛星の名、太陰(タイイン)、「日」を「太陽」というのに対して月を「太陰」という◆一年をほぼ十二等分した期間、新月(月が見えなくなる日)から次の新月までの
kk_上下_じょうげ,上下,じょうげ,上:◆位置・場所・地位などが高い、高い方にある◆高い方に移る、昇る、登る◆順序・時間などが前、前の方にある◆前の方に移る◆等級・品質などが高い、優れている◆殿様、皇; 下:◆位置・場所・地位などが低い、低い方にある◆低い方に移る、降りる、落ちる◆順序・時間などが後(あと)、後の方にある◆後の方に移る、後(うし)ろの方へ退く◆等級・,N2,on,on+on,A3_short_compound(on+on 71%),上:◆位置・場所・地位などが高い、高い方にある◆高い方に移る、昇る、登る◆順序・時間などが前、前の方にある◆前の方に移る◆等級・品質などが高い、優れている◆殿様、皇; 下:◆位置・場所・地位などが低い、低い方にある◆低い方に移る、降りる、落ちる◆順序・時間などが後(あと)、後の方にある◆後の方に移る、後(うし)ろの方へ退く◆等級・
kk_上京_じょうきょう,上京,じょうきょう,上:◆位置・場所・地位などが高い、高い方にある◆高い方に移る、昇る、登る◆順序・時間などが前、前の方にある◆前の方に移る◆等級・品質などが高い、優れている◆殿様、皇; 京:◆高台(たかだい)、小高い丘◆(多く高台に宮城があったことから)首都、王宮や中央政府の所在地、都(みやこ)、同「亰」◆一兆の一万倍 、古くは千万(一万の千倍で「,N2,on,on+on,,上:◆位置・場所・地位などが高い、高い方にある◆高い方に移る、昇る、登る◆順序・時間などが前、前の方にある◆前の方に移る◆等級・品質などが高い、優れている◆殿様、皇; 京:◆高台(たかだい)、小高い丘◆(多く高台に宮城があったことから)首都、王宮や中央政府の所在地、都(みやこ)、同「亰」◆一兆の一万倍 、古くは千万(一万の千倍で「
kk_上回る_うわまわる,上回る,うわまわる,上:◆位置・場所・地位などが高い、高い方にある◆高い方に移る、昇る、登る◆順序・時間などが前、前の方にある◆前の方に移る◆等級・品質などが高い、優れている◆殿様、皇; 回:◆円を描(えが)くように動く、一周して(一巡して)元に戻る、同「廻」「迴」、「回復(カイフク)」「回帰(カイキ)」◆元に戻す、元に返す、「回答(カイトウ)」◆(,N2,kun,kun+kun,IL1_okurigana(kun 96%) | A1_compound_oku(kun 90%) | A1_on_kun_mix(on+kun 65%),上:◆位置・場所・地位などが高い、高い方にある◆高い方に移る、昇る、登る◆順序・時間などが前、前の方にある◆前の方に移る◆等級・品質などが高い、優れている◆殿様、皇; 回:◆円を描(えが)くように動く、一周して(一巡して)元に戻る、同「廻」「迴」、「回復(カイフク)」「回帰(カイキ)」◆元に戻す、元に返す、「回答(カイトウ)」◆(
kk_上昇_じょうしょう,上昇,じょうしょう,上:◆位置・場所・地位などが高い、高い方にある◆高い方に移る、昇る、登る◆順序・時間などが前、前の方にある◆前の方に移る◆等級・品質などが高い、優れている◆殿様、皇; 昇:◆太陽が上がる◆上の方向に行く、同「升」、一般に浮くようにして上がることを指し、足掛りなどを踏みながら上がるのは「登」¶中国で「昇る」は「升」を用い「昇」は殆ど,N2,on,on+on,,上:◆位置・場所・地位などが高い、高い方にある◆高い方に移る、昇る、登る◆順序・時間などが前、前の方にある◆前の方に移る◆等級・品質などが高い、優れている◆殿様、皇; 昇:◆太陽が上がる◆上の方向に行く、同「升」、一般に浮くようにして上がることを指し、足掛りなどを踏みながら上がるのは「登」¶中国で「昇る」は「升」を用い「昇」は殆ど
kk_上映_じょうえい,上映,じょうえい,上:◆位置・場所・地位などが高い、高い方にある◆高い方に移る、昇る、登る◆順序・時間などが前、前の方にある◆前の方に移る◆等級・品質などが高い、優れている◆殿様、皇; 映:◆光が当たって明るい◆光が当たってくっきりと見える、くっきりと浮かび上がって見える◆くっきりとした陰(かげ)、くっきりとした陰ができる¶「光が当たっているところ,N2,on,on+on,,上:◆位置・場所・地位などが高い、高い方にある◆高い方に移る、昇る、登る◆順序・時間などが前、前の方にある◆前の方に移る◆等級・品質などが高い、優れている◆殿様、皇; 映:◆光が当たって明るい◆光が当たってくっきりと見える、くっきりと浮かび上がって見える◆くっきりとした陰(かげ)、くっきりとした陰ができる¶「光が当たっているところ
kk_上～_かみ～,上～,かみ～,上:◆位置・場所・地位などが高い、高い方にある◆高い方に移る、昇る、登る◆順序・時間などが前、前の方にある◆前の方に移る◆等級・品質などが高い、優れている◆殿様、皇,N2,kun,kun,IL2_single_default(kun 84%),上:◆位置・場所・地位などが高い、高い方にある◆高い方に移る、昇る、登る◆順序・時間などが前、前の方にある◆前の方に移る◆等級・品質などが高い、優れている◆殿様、皇
kk_下_しも,下,しも,下:◆位置・場所・地位などが低い、低い方にある◆低い方に移る、降りる、落ちる◆順序・時間などが後(あと)、後の方にある◆後の方に移る、後(うし)ろの方へ退く◆等級・,N2,kun,kun,IL2_single_default(kun 84%),下:◆位置・場所・地位などが低い、低い方にある◆低い方に移る、降りる、落ちる◆順序・時間などが後(あと)、後の方にある◆後の方に移る、後(うし)ろの方へ退く◆等級・
kk_下り_くだり,下り,くだり,下:◆位置・場所・地位などが低い、低い方にある◆低い方に移る、降りる、落ちる◆順序・時間などが後(あと)、後の方にある◆後の方に移る、後(うし)ろの方へ退く◆等級・,N2,kun,kun,IL1_okurigana(kun 96%) | IL2_single_okuri(kun 96%),下:◆位置・場所・地位などが低い、低い方にある◆低い方に移る、降りる、落ちる◆順序・時間などが後(あと)、後の方にある◆後の方に移る、後(うし)ろの方へ退く◆等級・
kk_下品_げひん,下品,げひん,下:◆位置・場所・地位などが低い、低い方にある◆低い方に移る、降りる、落ちる◆順序・時間などが後(あと)、後の方にある◆後の方に移る、後(うし)ろの方へ退く◆等級・; 品:◆物(もの)、多くの物、様々な物◆もの(人や物)の本質・価値・程度を判断する◆ものの値打ち、また価値、また程度・等級,N2,on,on+on,A3_short_compound(on+on 71%),下:◆位置・場所・地位などが低い、低い方にある◆低い方に移る、降りる、落ちる◆順序・時間などが後(あと)、後の方にある◆後の方に移る、後(うし)ろの方へ退く◆等級・; 品:◆物(もの)、多くの物、様々な物◆もの(人や物)の本質・価値・程度を判断する◆ものの値打ち、また価値、また程度・等級
kk_下回る_したまわる,下回る,したまわる,下:◆位置・場所・地位などが低い、低い方にある◆低い方に移る、降りる、落ちる◆順序・時間などが後(あと)、後の方にある◆後の方に移る、後(うし)ろの方へ退く◆等級・; 回:◆円を描(えが)くように動く、一周して(一巡して)元に戻る、同「廻」「迴」、「回復(カイフク)」「回帰(カイキ)」◆元に戻す、元に返す、「回答(カイトウ)」◆(,N2,kun,kun+kun,IL1_okurigana(kun 96%) | A1_compound_oku(kun 90%) | A1_on_kun_mix(on+kun 65%),下:◆位置・場所・地位などが低い、低い方にある◆低い方に移る、降りる、落ちる◆順序・時間などが後(あと)、後の方にある◆後の方に移る、後(うし)ろの方へ退く◆等級・; 回:◆円を描(えが)くように動く、一周して(一巡して)元に戻る、同「廻」「迴」、「回復(カイフク)」「回帰(カイキ)」◆元に戻す、元に返す、「回答(カイトウ)」◆(
kk_下書き_したがき,下書き,したがき,下:◆位置・場所・地位などが低い、低い方にある◆低い方に移る、降りる、落ちる◆順序・時間などが後(あと)、後の方にある◆後の方に移る、後(うし)ろの方へ退く◆等級・; 書:◆文字を筆(聿)などで記(しる)す、著(あらわ)す、「書物(ショモツ)」「文書(ブンショ)」◆手紙、「書信(ショシン)」◆「書経(ショキョウ、別名尚書ショウショ,N2,other,mixed+mixed~,IL1_okurigana(kun 96%) | A1_compound_oku(kun 90%) | A1_on_kun_mix(on+kun 65%),下:◆位置・場所・地位などが低い、低い方にある◆低い方に移る、降りる、落ちる◆順序・時間などが後(あと)、後の方にある◆後の方に移る、後(うし)ろの方へ退く◆等級・; 書:◆文字を筆(聿)などで記(しる)す、著(あらわ)す、「書物(ショモツ)」「文書(ブンショ)」◆手紙、「書信(ショシン)」◆「書経(ショキョウ、別名尚書ショウショ
kk_下町_したまち,下町,したまち,下:◆位置・場所・地位などが低い、低い方にある◆低い方に移る、降りる、落ちる◆順序・時間などが後(あと)、後の方にある◆後の方に移る、後(うし)ろの方へ退く◆等級・; 町:◆田畑を区切る細い道、土を盛って人が通れるように平らにした畦道(あぜみち)、同「圢」「䵺」◆「町疃(テイタン)」、町や村の外(はず)れで、シカ(鹿)などの動物が,N2,kun,kun+kun~,,下:◆位置・場所・地位などが低い、低い方にある◆低い方に移る、降りる、落ちる◆順序・時間などが後(あと)、後の方にある◆後の方に移る、後(うし)ろの方へ退く◆等級・; 町:◆田畑を区切る細い道、土を盛って人が通れるように平らにした畦道(あぜみち)、同「圢」「䵺」◆「町疃(テイタン)」、町や村の外(はず)れで、シカ(鹿)などの動物が
kk_下線_かせん,下線,かせん,下:◆位置・場所・地位などが低い、低い方にある◆低い方に移る、降りる、落ちる◆順序・時間などが後(あと)、後の方にある◆後の方に移る、後(うし)ろの方へ退く◆等級・; 線:◆糸や紐(ひも)、糸や紐のように細く長いもの、同「綫」「絤」「𦇫」「綖」◆糸や紐のように途切れずに長く延びているもの、二つの点と点を結ぶもの、またその形状や状態,N2,on,on+on,A3_short_compound(on+on 71%),下:◆位置・場所・地位などが低い、低い方にある◆低い方に移る、降りる、落ちる◆順序・時間などが後(あと)、後の方にある◆後の方に移る、後(うし)ろの方へ退く◆等級・; 線:◆糸や紐(ひも)、糸や紐のように細く長いもの、同「綫」「絤」「𦇫」「綖」◆糸や紐のように途切れずに長く延びているもの、二つの点と点を結ぶもの、またその形状や状態
kk_下降_かこう,下降,かこう,下:◆位置・場所・地位などが低い、低い方にある◆低い方に移る、降りる、落ちる◆順序・時間などが後(あと)、後の方にある◆後の方に移る、後(うし)ろの方へ退く◆等級・; 降:◆下(くだ)る、高いところから低いところに移る◆下(お)りる、下りて来る、上から下に落ちる◆下(さ)げる、下(お)ろす、低くする、「降伏(コウフク、姿勢を低くし,N2,on,on+on,A3_short_compound(on+on 71%),下:◆位置・場所・地位などが低い、低い方にある◆低い方に移る、降りる、落ちる◆順序・時間などが後(あと)、後の方にある◆後の方に移る、後(うし)ろの方へ退く◆等級・; 降:◆下(くだ)る、高いところから低いところに移る◆下(お)りる、下りて来る、上から下に落ちる◆下(さ)げる、下(お)ろす、低くする、「降伏(コウフク、姿勢を低くし
kk_不利_ふり,不利,ふり,不:◆～でない、～ない、not、no、否定の語、同「弗」、「不可(フカ、認められない、してはならない)」「不知(フチ、知らない)」◆否(いな)、いや、いいや、同意で; 利:◆先が尖(とが)る、先が鋭(するど)く尖った刃物◆よく切れるさま、切れ味が良いさま、鋭いさま◆(よく切れる刃物のように)すぱっと、さっと、一気に◆(よく切れる刃,N2,on,on+on,A3_short_compound(on+on 71%) | B_verb_rad_刀(kun 80%),不:◆～でない、～ない、not、no、否定の語、同「弗」、「不可(フカ、認められない、してはならない)」「不知(フチ、知らない)」◆否(いな)、いや、いいや、同意で; 利:◆先が尖(とが)る、先が鋭(するど)く尖った刃物◆よく切れるさま、切れ味が良いさま、鋭いさま◆(よく切れる刃物のように)すぱっと、さっと、一気に◆(よく切れる刃
kk_不可_ふか,不可,ふか,不:◆～でない、～ない、not、no、否定の語、同「弗」、「不可(フカ、認められない、してはならない)」「不知(フチ、知らない)」◆否(いな)、いや、いいや、同意で; 可:◆よい、よろしい、～してよい、同意の語◆認める、許す、許可の意を表す語◆～できる、可能性を示す語◆(当然)～すべきである、(必ず、きっと)～となるだろう◆～ばか,N2,on,on+on,A3_short_compound(on+on 71%),不:◆～でない、～ない、not、no、否定の語、同「弗」、「不可(フカ、認められない、してはならない)」「不知(フチ、知らない)」◆否(いな)、いや、いいや、同意で; 可:◆よい、よろしい、～してよい、同意の語◆認める、許す、許可の意を表す語◆～できる、可能性を示す語◆(当然)～すべきである、(必ず、きっと)～となるだろう◆～ばか
kk_不可欠_ふかけつ,不可欠,ふかけつ,不:◆～でない、～ない、not、no、否定の語、同「弗」、「不可(フカ、認められない、してはならない)」「不知(フチ、知らない)」◆否(いな)、いや、いいや、同意で; 可:◆よい、よろしい、～してよい、同意の語◆認める、許す、許可の意を表す語◆～できる、可能性を示す語◆(当然)～すべきである、(必ず、きっと)～となるだろう◆～ばか; 欠:◆あくび、口を大きく開けて息をすること、また息をして体を伸ばす、「欠伸(ケンシン、あくび)」◆(多く敬意を表す際に)上半身を前に少し傾ける、体を屈(かがめ)める,N2,on,on+on+on,A4_multi_on(on+on+on 65%),不:◆～でない、～ない、not、no、否定の語、同「弗」、「不可(フカ、認められない、してはならない)」「不知(フチ、知らない)」◆否(いな)、いや、いいや、同意で; 可:◆よい、よろしい、～してよい、同意の語◆認める、許す、許可の意を表す語◆～できる、可能性を示す語◆(当然)～すべきである、(必ず、きっと)～となるだろう◆～ばか; 欠:◆あくび、口を大きく開けて息をすること、また息をして体を伸ばす、「欠伸(ケンシン、あくび)」◆(多く敬意を表す際に)上半身を前に少し傾ける、体を屈(かがめ)める
kk_不図_ふと,不図,ふと,不:◆～でない、～ない、not、no、否定の語、同「弗」、「不可(フカ、認められない、してはならない)」「不知(フチ、知らない)」◆否(いな)、いや、いいや、同意で; 図:◆四角い紙などに地形やものの形やその様相などを描く、また描いたもの◆はか・る、事に先立って案を作る、計画する,N2,on,on+on,A3_short_compound(on+on 71%),不:◆～でない、～ない、not、no、否定の語、同「弗」、「不可(フカ、認められない、してはならない)」「不知(フチ、知らない)」◆否(いな)、いや、いいや、同意で; 図:◆四角い紙などに地形やものの形やその様相などを描く、また描いたもの◆はか・る、事に先立って案を作る、計画する
kk_不完全_ふかんぜん,不完全,ふかんぜん,不:◆～でない、～ない、not、no、否定の語、同「弗」、「不可(フカ、認められない、してはならない)」「不知(フチ、知らない)」◆否(いな)、いや、いいや、同意で; 完:◆全(すべ)て、全(まった)く◆欠点や不足がなく全てが揃っている、また備わっている◆全てが揃って(整って)終わる、出来上がる、やり遂(と)げる; 全:◆すべ・て、欠点・瑕疵や不備・不足がない、余すところがない◆まった・く、まっと・う、余すところなく、漏れなく、残らず、すっかり,N2,on,on+on+on,A4_multi_on(on+on+on 65%) | B_noun_rad_宀(kun 93%),不:◆～でない、～ない、not、no、否定の語、同「弗」、「不可(フカ、認められない、してはならない)」「不知(フチ、知らない)」◆否(いな)、いや、いいや、同意で; 完:◆全(すべ)て、全(まった)く◆欠点や不足がなく全てが揃っている、また備わっている◆全てが揃って(整って)終わる、出来上がる、やり遂(と)げる; 全:◆すべ・て、欠点・瑕疵や不備・不足がない、余すところがない◆まった・く、まっと・う、余すところなく、漏れなく、残らず、すっかり
kk_不平_ふへい,不平,ふへい,不:◆～でない、～ない、not、no、否定の語、同「弗」、「不可(フカ、認められない、してはならない)」「不知(フチ、知らない)」◆否(いな)、いや、いいや、同意で; 平:◆起伏や凹凸がない、高さが揃っている◆普段通り、何時もと変わらずあるべき状態にある◆乱れがなく穏やかなさま◆均一な、等しい、斉(ひと)しい,N2,on,on+on,A3_short_compound(on+on 71%),不:◆～でない、～ない、not、no、否定の語、同「弗」、「不可(フカ、認められない、してはならない)」「不知(フチ、知らない)」◆否(いな)、いや、いいや、同意で; 平:◆起伏や凹凸がない、高さが揃っている◆普段通り、何時もと変わらずあるべき状態にある◆乱れがなく穏やかなさま◆均一な、等しい、斉(ひと)しい
kk_不快_ふかい,不快,ふかい,不:◆～でない、～ない、not、no、否定の語、同「弗」、「不可(フカ、認められない、してはならない)」「不知(フチ、知らない)」◆否(いな)、いや、いいや、同意で; 快:◆こころよ・い、心がすっきりする、心地がよい、気持ちがよい、「爽快(ソウカイ)」◆すっきりとするさま、さっぱりとしたさま、すっぱりとしたさま◆動きが速い,N2,on,on+on,A3_short_compound(on+on 71%),不:◆～でない、～ない、not、no、否定の語、同「弗」、「不可(フカ、認められない、してはならない)」「不知(フチ、知らない)」◆否(いな)、いや、いいや、同意で; 快:◆こころよ・い、心がすっきりする、心地がよい、気持ちがよい、「爽快(ソウカイ)」◆すっきりとするさま、さっぱりとしたさま、すっぱりとしたさま◆動きが速い
kk_不明_ふめい,不明,ふめい,不:◆～でない、～ない、not、no、否定の語、同「弗」、「不可(フカ、認められない、してはならない)」「不知(フチ、知らない)」◆否(いな)、いや、いいや、同意で; 明:◆(太陽や月の)光が差す、光が当たる、光を当てる◆光が当たってはっきりと見える(分かる)、誰の目にもはっきりとしている、はっきりとさせる◆隠されたところ(陰にな,N2,on,on+on,A3_short_compound(on+on 71%),不:◆～でない、～ない、not、no、否定の語、同「弗」、「不可(フカ、認められない、してはならない)」「不知(フチ、知らない)」◆否(いな)、いや、いいや、同意で; 明:◆(太陽や月の)光が差す、光が当たる、光を当てる◆光が当たってはっきりと見える(分かる)、誰の目にもはっきりとしている、はっきりとさせる◆隠されたところ(陰にな
kk_不景気_ふけいき,不景気,ふけいき,不:◆～でない、～ない、not、no、否定の語、同「弗」、「不可(フカ、認められない、してはならない)」「不知(フチ、知らない)」◆否(いな)、いや、いいや、同意で; 景:◆光(ひかり)、光が当たることでできる影、光と影◆光と影があることで見える姿形(すがたかたち)や様子(ようす)・状態、「景色(ケイショク、けしき)」「風景(フウ; 気:◆中国古来の考えで、天地全ての事物の基本要素、目に見えず形状は一定しない、あらゆる事物の生死・盛衰などの変化・変動はこの「気」の移動・集散によるものと考えられた,N2,on,on+on+on,A4_multi_on(on+on+on 65%),不:◆～でない、～ない、not、no、否定の語、同「弗」、「不可(フカ、認められない、してはならない)」「不知(フチ、知らない)」◆否(いな)、いや、いいや、同意で; 景:◆光(ひかり)、光が当たることでできる影、光と影◆光と影があることで見える姿形(すがたかたち)や様子(ようす)・状態、「景色(ケイショク、けしき)」「風景(フウ; 気:◆中国古来の考えで、天地全ての事物の基本要素、目に見えず形状は一定しない、あらゆる事物の生死・盛衰などの変化・変動はこの「気」の移動・集散によるものと考えられた
kk_不正_ふせい,不正,ふせい,不:◆～でない、～ない、not、no、否定の語、同「弗」、「不可(フカ、認められない、してはならない)」「不知(フチ、知らない)」◆否(いな)、いや、いいや、同意で; 正:◆まっすぐなさま、曲がり・歪(ゆが)み・偏(かたよ)りなどがないさま◆他のものが雑(ま)じっていないさま、また混(ま)じっていないさま、また交(ま)じっていない,N2,on,on+on,A3_short_compound(on+on 71%),不:◆～でない、～ない、not、no、否定の語、同「弗」、「不可(フカ、認められない、してはならない)」「不知(フチ、知らない)」◆否(いな)、いや、いいや、同意で; 正:◆まっすぐなさま、曲がり・歪(ゆが)み・偏(かたよ)りなどがないさま◆他のものが雑(ま)じっていないさま、また混(ま)じっていないさま、また交(ま)じっていない
kk_不況_ふきょう,不況,ふきょう,不:◆～でない、～ない、not、no、否定の語、同「弗」、「不可(フカ、認められない、してはならない)」「不知(フチ、知らない)」◆否(いな)、いや、いいや、同意で; 況:◆様子、有様(ありさま)、状態◆他と比べる、他の例を引く、譬(たと)える、「【前漢書:卷十六:高惠高后文功臣表】…以往況今甚可悲傷(師古曰況譬也)…」◆いわ・ん,N2,on,on+on,A3_short_compound(on+on 71%),不:◆～でない、～ない、not、no、否定の語、同「弗」、「不可(フカ、認められない、してはならない)」「不知(フチ、知らない)」◆否(いな)、いや、いいや、同意で; 況:◆様子、有様(ありさま)、状態◆他と比べる、他の例を引く、譬(たと)える、「【前漢書:卷十六:高惠高后文功臣表】…以往況今甚可悲傷(師古曰況譬也)…」◆いわ・ん
kk_不満足_ふまんぞく,不満足,ふまんぞく,不:◆～でない、～ない、not、no、否定の語、同「弗」、「不可(フカ、認められない、してはならない)」「不知(フチ、知らない)」◆否(いな)、いや、いいや、同意で; 満:◆余すところなく一杯になる、これ以上は(それ以上は)入らなくなる、また一杯にする◆ぎっしりと詰まる、また詰める、隙間(すきま)なく埋(う)まる、また埋める、「充; 足:◆体や物体の一部で、胴から分かれ出て伸び、地に接して体を支えたり、歩行・走行・跳躍などの運動機能を担う部分、現代の中国では「脚」◆「歩く」「走る」などの足を使っ,N2,on,on+mixed+mixed~,A4_multi_on(on+on+on 65%) | B_verb_rad_足(kun 80%),不:◆～でない、～ない、not、no、否定の語、同「弗」、「不可(フカ、認められない、してはならない)」「不知(フチ、知らない)」◆否(いな)、いや、いいや、同意で; 満:◆余すところなく一杯になる、これ以上は(それ以上は)入らなくなる、また一杯にする◆ぎっしりと詰まる、また詰める、隙間(すきま)なく埋(う)まる、また埋める、「充; 足:◆体や物体の一部で、胴から分かれ出て伸び、地に接して体を支えたり、歩行・走行・跳躍などの運動機能を担う部分、現代の中国では「脚」◆「歩く」「走る」などの足を使っ
kk_不潔_ふけつ,不潔,ふけつ,不:◆～でない、～ない、not、no、否定の語、同「弗」、「不可(フカ、認められない、してはならない)」「不知(フチ、知らない)」◆否(いな)、いや、いいや、同意で; 潔:◆清(きよ)い、澄(す)んでいる、穢(けが)れがない、またそのような水或いは川、同「洁」◆余計なものが混じっていない、すっきりしている◆余計なことにこだわらない,N2,on,on+on,A3_short_compound(on+on 71%),不:◆～でない、～ない、not、no、否定の語、同「弗」、「不可(フカ、認められない、してはならない)」「不知(フチ、知らない)」◆否(いな)、いや、いいや、同意で; 潔:◆清(きよ)い、澄(す)んでいる、穢(けが)れがない、またそのような水或いは川、同「洁」◆余計なものが混じっていない、すっきりしている◆余計なことにこだわらない
kk_不確か_ふたしか,不確か,ふたしか,不:◆～でない、～ない、not、no、否定の語、同「弗」、「不可(フカ、認められない、してはならない)」「不知(フチ、知らない)」◆否(いな)、いや、いいや、同意で; 確:◆石のように堅(かた)い、堅くしっかりとしていて揺るぎがない◆間違いない◆簡「确」,N2,mixed,on+kun,IL1_okurigana(kun 96%) | A1_compound_oku(kun 90%) | A1_on_kun_mix(on+kun 65%),不:◆～でない、～ない、not、no、否定の語、同「弗」、「不可(フカ、認められない、してはならない)」「不知(フチ、知らない)」◆否(いな)、いや、いいや、同意で; 確:◆石のように堅(かた)い、堅くしっかりとしていて揺るぎがない◆間違いない◆簡「确」
kk_不確定_ふかくてい,不確定,ふかくてい,不:◆～でない、～ない、not、no、否定の語、同「弗」、「不可(フカ、認められない、してはならない)」「不知(フチ、知らない)」◆否(いな)、いや、いいや、同意で; 確:◆石のように堅(かた)い、堅くしっかりとしていて揺るぎがない◆間違いない◆簡「确」; 定:◆さだ・まる、動きや乱れが鎮(しず)まって変化・変動しない状態になる、平静になる、落ち着く、「鎮定(チンテイ)」◆さだ・める、動いたり揺らいだりしない状態にする,N2,on,on+on+on,A4_multi_on(on+on+on 65%) | B_noun_rad_宀(kun 93%),不:◆～でない、～ない、not、no、否定の語、同「弗」、「不可(フカ、認められない、してはならない)」「不知(フチ、知らない)」◆否(いな)、いや、いいや、同意で; 確:◆石のように堅(かた)い、堅くしっかりとしていて揺るぎがない◆間違いない◆簡「确」; 定:◆さだ・まる、動きや乱れが鎮(しず)まって変化・変動しない状態になる、平静になる、落ち着く、「鎮定(チンテイ)」◆さだ・める、動いたり揺らいだりしない状態にする
kk_不確実_ふかくじつ,不確実,ふかくじつ,不:◆～でない、～ない、not、no、否定の語、同「弗」、「不可(フカ、認められない、してはならない)」「不知(フチ、知らない)」◆否(いな)、いや、いいや、同意で; 確:◆石のように堅(かた)い、堅くしっかりとしていて揺るぎがない◆間違いない◆簡「确」; 実:◆蓄(たくわ)えが家に満ちているさま◆隙間なく詰まって虚(うつ)ろなところがないさま◆ぎっしりと詰まった中身、草木などの稔(みの)って中がぎっしりと詰まったもの,N2,on,on+on+on,A4_multi_on(on+on+on 65%) | B_noun_rad_宀(kun 93%),不:◆～でない、～ない、not、no、否定の語、同「弗」、「不可(フカ、認められない、してはならない)」「不知(フチ、知らない)」◆否(いな)、いや、いいや、同意で; 確:◆石のように堅(かた)い、堅くしっかりとしていて揺るぎがない◆間違いない◆簡「确」; 実:◆蓄(たくわ)えが家に満ちているさま◆隙間なく詰まって虚(うつ)ろなところがないさま◆ぎっしりと詰まった中身、草木などの稔(みの)って中がぎっしりと詰まったもの
kk_不良_ふりょう,不良,ふりょう,不:◆～でない、～ない、not、no、否定の語、同「弗」、「不可(フカ、認められない、してはならない)」「不知(フチ、知らない)」◆否(いな)、いや、いいや、同意で; 良:◆自分或いは多くの人の判断基準より上である、(「優(ユウ)」には及ばないが)一般的・標準的な水準・程度を超えている、善(よ)い、勝(まさ)る、好(この)ましい、,N2,on,on+on,A3_short_compound(on+on 71%),不:◆～でない、～ない、not、no、否定の語、同「弗」、「不可(フカ、認められない、してはならない)」「不知(フチ、知らない)」◆否(いな)、いや、いいや、同意で; 良:◆自分或いは多くの人の判断基準より上である、(「優(ユウ)」には及ばないが)一般的・標準的な水準・程度を超えている、善(よ)い、勝(まさ)る、好(この)ましい、
kk_不規則_ふきそく,不規則,ふきそく,不:◆～でない、～ない、not、no、否定の語、同「弗」、「不可(フカ、認められない、してはならない)」「不知(フチ、知らない)」◆否(いな)、いや、いいや、同意で; 規:◆ぶんまわし(規)、コンパスcompass、正しく円を描く道具、直線や角度を描く道具は「矩」◆基準・標準となるもの、基準・標準とすべき決まりごと◆基準・標準とな; 則:◆のり、規範・基準となるもの、手本として倣(なら)うべきもの◆のっと・る、守るべき法律・規範・基準・手本などに従う◆すなわ・ち、「Ａ則Ｂ」の用法で、Ａ(原因や理,N2,on,on+on+on,A4_multi_on(on+on+on 65%) | B_verb_rad_刀(kun 80%),不:◆～でない、～ない、not、no、否定の語、同「弗」、「不可(フカ、認められない、してはならない)」「不知(フチ、知らない)」◆否(いな)、いや、いいや、同意で; 規:◆ぶんまわし(規)、コンパスcompass、正しく円を描く道具、直線や角度を描く道具は「矩」◆基準・標準となるもの、基準・標準とすべき決まりごと◆基準・標準とな; 則:◆のり、規範・基準となるもの、手本として倣(なら)うべきもの◆のっと・る、守るべき法律・規範・基準・手本などに従う◆すなわ・ち、「Ａ則Ｂ」の用法で、Ａ(原因や理
kk_不通_ふつう,不通,ふつう,不:◆～でない、～ない、not、no、否定の語、同「弗」、「不可(フカ、認められない、してはならない)」「不知(フチ、知らない)」◆否(いな)、いや、いいや、同意で; 通:◆途中に障害となるようなものがなく反対側・向こう側・相手方・目的地まで達する、また達している◆支障なく行き来ができる、また行き来する、また行き来ができるようにす,N2,on,on+on,A3_short_compound(on+on 71%),不:◆～でない、～ない、not、no、否定の語、同「弗」、「不可(フカ、認められない、してはならない)」「不知(フチ、知らない)」◆否(いな)、いや、いいや、同意で; 通:◆途中に障害となるようなものがなく反対側・向こう側・相手方・目的地まで達する、また達している◆支障なく行き来ができる、また行き来する、また行き来ができるようにす
kk_不運_ふうん,不運,ふうん,不:◆～でない、～ない、not、no、否定の語、同「弗」、「不可(フカ、認められない、してはならない)」「不知(フチ、知らない)」◆否(いな)、いや、いいや、同意で; 運:◆場所や位置を移し変える、移動する、移転する、「運行(ウンコウ)」◆止(とど)まることなく位置や状況などが移り変わる、止(と)まらないように次へ次へと場所や位置,N2,on,on+on,A3_short_compound(on+on 71%),不:◆～でない、～ない、not、no、否定の語、同「弗」、「不可(フカ、認められない、してはならない)」「不知(フチ、知らない)」◆否(いな)、いや、いいや、同意で; 運:◆場所や位置を移し変える、移動する、移転する、「運行(ウンコウ)」◆止(とど)まることなく位置や状況などが移り変わる、止(と)まらないように次へ次へと場所や位置
kk_世代_せだい,世代,せだい,世:◆地位や家督を継(つ)いでから次の代(ダイ)に引き継ぐまでの期間、同「代」◆家督(カトク)を継(つ)ぐ、「【前漢書(漢書):卷四十八:賈誼傳】…賈嘉最好學世其家; 代:◆替(か)える、それまでのもの(今あるもの)を別のものに替える、入れ替える、また入れ替わる◆同じ家主や国主がその地位にある期間、同じ種(シュ、起源を同じにするも,N2,on,on+on,A3_short_compound(on+on 71%),世:◆地位や家督を継(つ)いでから次の代(ダイ)に引き継ぐまでの期間、同「代」◆家督(カトク)を継(つ)ぐ、「【前漢書(漢書):卷四十八:賈誼傳】…賈嘉最好學世其家; 代:◆替(か)える、それまでのもの(今あるもの)を別のものに替える、入れ替える、また入れ替わる◆同じ家主や国主がその地位にある期間、同じ種(シュ、起源を同じにするも
kk_世帯_せたい,世帯,せたい,世:◆地位や家督を継(つ)いでから次の代(ダイ)に引き継ぐまでの期間、同「代」◆家督(カトク)を継(つ)ぐ、「【前漢書(漢書):卷四十八:賈誼傳】…賈嘉最好學世其家; 帯:◆衣服が開(はだ)けないように胸の下に辺りに巻いて結ぶ長く幅広の布、またそれを巻く ◆(帯に挟んだり、帯のように巻いたり結わえたりして)身に着ける、着用する◆(,N2,on,on+on,A3_short_compound(on+on 71%) | B_noun_rad_巾(kun 93%),世:◆地位や家督を継(つ)いでから次の代(ダイ)に引き継ぐまでの期間、同「代」◆家督(カトク)を継(つ)ぐ、「【前漢書(漢書):卷四十八:賈誼傳】…賈嘉最好學世其家; 帯:◆衣服が開(はだ)けないように胸の下に辺りに巻いて結ぶ長く幅広の布、またそれを巻く ◆(帯に挟んだり、帯のように巻いたり結わえたりして)身に着ける、着用する◆(
kk_世紀_せいき,世紀,せいき,世:◆地位や家督を継(つ)いでから次の代(ダイ)に引き継ぐまでの期間、同「代」◆家督(カトク)を継(つ)ぐ、「【前漢書(漢書):卷四十八:賈誼傳】…賈嘉最好學世其家; 紀:◆糸口、糸や物事の端緒◆布の経糸(たていと)の数の単位、【西京雜記】によれば1紀=2𥿮=4升=8䌰=40絲(40本)、但し【儀禮】に1升=80縷とあり、いずれも,N2,on,on+on,A3_short_compound(on+on 71%),世:◆地位や家督を継(つ)いでから次の代(ダイ)に引き継ぐまでの期間、同「代」◆家督(カトク)を継(つ)ぐ、「【前漢書(漢書):卷四十八:賈誼傳】…賈嘉最好學世其家; 紀:◆糸口、糸や物事の端緒◆布の経糸(たていと)の数の単位、【西京雜記】によれば1紀=2𥿮=4升=8䌰=40絲(40本)、但し【儀禮】に1升=80縷とあり、いずれも
kk_世論_せろん,世論,せろん,世:◆地位や家督を継(つ)いでから次の代(ダイ)に引き継ぐまでの期間、同「代」◆家督(カトク)を継(つ)ぐ、「【前漢書(漢書):卷四十八:賈誼傳】…賈嘉最好學世其家; 論:◆理(リ、道理ドウリ、筋目すじめ)に沿って考える、理に適(かな)った考え◆きちんと筋道(すじみち、道理)に沿って(順序立てて)述べる◆道理(筋や理)に照らして物,N2,on,on+on,A3_short_compound(on+on 71%) | B_verb_rad_言(kun 80%),世:◆地位や家督を継(つ)いでから次の代(ダイ)に引き継ぐまでの期間、同「代」◆家督(カトク)を継(つ)ぐ、「【前漢書(漢書):卷四十八:賈誼傳】…賈嘉最好學世其家; 論:◆理(リ、道理ドウリ、筋目すじめ)に沿って考える、理に適(かな)った考え◆きちんと筋道(すじみち、道理)に沿って(順序立てて)述べる◆道理(筋や理)に照らして物
kk_世論_よろん,世論,よろん,世:◆地位や家督を継(つ)いでから次の代(ダイ)に引き継ぐまでの期間、同「代」◆家督(カトク)を継(つ)ぐ、「【前漢書(漢書):卷四十八:賈誼傳】…賈嘉最好學世其家; 論:◆理(リ、道理ドウリ、筋目すじめ)に沿って考える、理に適(かな)った考え◆きちんと筋道(すじみち、道理)に沿って(順序立てて)述べる◆道理(筋や理)に照らして物,N2,mixed,kun+on~,A3_short_compound(on+on 71%) | B_verb_rad_言(kun 80%),世:◆地位や家督を継(つ)いでから次の代(ダイ)に引き継ぐまでの期間、同「代」◆家督(カトク)を継(つ)ぐ、「【前漢書(漢書):卷四十八:賈誼傳】…賈嘉最好學世其家; 論:◆理(リ、道理ドウリ、筋目すじめ)に沿って考える、理に適(かな)った考え◆きちんと筋道(すじみち、道理)に沿って(順序立てて)述べる◆道理(筋や理)に照らして物
kk_世間_せけん,世間,せけん,世:◆地位や家督を継(つ)いでから次の代(ダイ)に引き継ぐまでの期間、同「代」◆家督(カトク)を継(つ)ぐ、「【前漢書(漢書):卷四十八:賈誼傳】…賈嘉最好學世其家; 間:◆両側からぴったりと閉じられずに開いているところ、(空間・時間・物事・関係などが)連続せずに途切れているところ、開いたり途切れたりして何もないところ、隙(すき),N2,on,on+on,A3_short_compound(on+on 71%),世:◆地位や家督を継(つ)いでから次の代(ダイ)に引き継ぐまでの期間、同「代」◆家督(カトク)を継(つ)ぐ、「【前漢書(漢書):卷四十八:賈誼傳】…賈嘉最好學世其家; 間:◆両側からぴったりと閉じられずに開いているところ、(空間・時間・物事・関係などが)連続せずに途切れているところ、開いたり途切れたりして何もないところ、隙(すき)
kk_両替_りょうがえ,両替,りょうがえ,両:◆(対になる)二つ、またその双方、双方共に◆重量の単位、1斤=16両 ◆車の台数を表す語、同「輛」◆[日]貨幣の単位、金1両=銀60匁(江戸時代元禄期); 替:◆廃(すた)る、衰(おとろ)える、用を成(な)さなくなる、「衰替(スイタイ)」◆それまでのもの(今あるもの)や廃れたもの(衰えたもの、用を成さないもの)を別のも,N2,other,mixed+mixed~,,両:◆(対になる)二つ、またその双方、双方共に◆重量の単位、1斤=16両 ◆車の台数を表す語、同「輛」◆[日]貨幣の単位、金1両=銀60匁(江戸時代元禄期); 替:◆廃(すた)る、衰(おとろ)える、用を成(な)さなくなる、「衰替(スイタイ)」◆それまでのもの(今あるもの)や廃れたもの(衰えたもの、用を成さないもの)を別のも
kk_並木_なみき,並木,なみき,並:◆二つの同じものが隣り合って同じ方向を向く、また同じ方向を向いて立つ◆～と同様に、～と同時に◆皆と同じ、程度が普通; 木:◆植物の一分類、例外もあるが一般に表皮が硬く寒暖差などによって年輪を生ずるもの、またそれを使ったもの◆五行(水・火・木・金・土)の一つ ◆自然で飾り気がないさま,N2,kun,kun+kun~,A3_short_compound(on+on 71%) | B_noun_rad_木(kun 93%),並:◆二つの同じものが隣り合って同じ方向を向く、また同じ方向を向いて立つ◆～と同様に、～と同時に◆皆と同じ、程度が普通; 木:◆植物の一分類、例外もあるが一般に表皮が硬く寒暖差などによって年輪を生ずるもの、またそれを使ったもの◆五行(水・火・木・金・土)の一つ ◆自然で飾り気がないさま
kk_中世_ちゅうせい,中世,ちゅうせい,中:◆ものとものの間にあってどちらにも偏(かたよ)らない位置◆上下・高低・大小などの間(あいだ)に位置する人や物や場所、同「仲」◆始点(出発地)から終点(目的地)ま; 世:◆地位や家督を継(つ)いでから次の代(ダイ)に引き継ぐまでの期間、同「代」◆家督(カトク)を継(つ)ぐ、「【前漢書(漢書):卷四十八:賈誼傳】…賈嘉最好學世其家,N2,on,on+on,,中:◆ものとものの間にあってどちらにも偏(かたよ)らない位置◆上下・高低・大小などの間(あいだ)に位置する人や物や場所、同「仲」◆始点(出発地)から終点(目的地)ま; 世:◆地位や家督を継(つ)いでから次の代(ダイ)に引き継ぐまでの期間、同「代」◆家督(カトク)を継(つ)ぐ、「【前漢書(漢書):卷四十八:賈誼傳】…賈嘉最好學世其家
kk_中央_ちゅうおう,中央,ちゅうおう,中:◆ものとものの間にあってどちらにも偏(かたよ)らない位置◆上下・高低・大小などの間(あいだ)に位置する人や物や場所、同「仲」◆始点(出発地)から終点(目的地)ま; 央:◆円状・球状にものの中心、線状のものの半(なか)ば、真ん中◆尽(つ)きる、終わる、「未央(ビオウ、尽きない、終わらない+)」,N2,on,on+on,,中:◆ものとものの間にあってどちらにも偏(かたよ)らない位置◆上下・高低・大小などの間(あいだ)に位置する人や物や場所、同「仲」◆始点(出発地)から終点(目的地)ま; 央:◆円状・球状にものの中心、線状のものの半(なか)ば、真ん中◆尽(つ)きる、終わる、「未央(ビオウ、尽きない、終わらない+)」
kk_中性_ちゅうせい,中性,ちゅうせい,中:◆ものとものの間にあってどちらにも偏(かたよ)らない位置◆上下・高低・大小などの間(あいだ)に位置する人や物や場所、同「仲」◆始点(出発地)から終点(目的地)ま; 性:◆生まれながらに持っている能力・性格・習癖・運命などの無形のもの◆男女・雄雌の別、男女間また雄雌間の本能的な関係◆物事が具えている資質や能力,N2,on,on+on,,中:◆ものとものの間にあってどちらにも偏(かたよ)らない位置◆上下・高低・大小などの間(あいだ)に位置する人や物や場所、同「仲」◆始点(出発地)から終点(目的地)ま; 性:◆生まれながらに持っている能力・性格・習癖・運命などの無形のもの◆男女・雄雌の別、男女間また雄雌間の本能的な関係◆物事が具えている資質や能力
kk_中毒_ちゅうどく,中毒,ちゅうどく,中:◆ものとものの間にあってどちらにも偏(かたよ)らない位置◆上下・高低・大小などの間(あいだ)に位置する人や物や場所、同「仲」◆始点(出発地)から終点(目的地)ま; 毒:◆生命や健康に害を及ぼす、またそうしたもの◆禍(わざわい)や苦しみを齎(もたら)す、またそうしたもの◆酷(ひど)い,N2,on,on+on,,中:◆ものとものの間にあってどちらにも偏(かたよ)らない位置◆上下・高低・大小などの間(あいだ)に位置する人や物や場所、同「仲」◆始点(出発地)から終点(目的地)ま; 毒:◆生命や健康に害を及ぼす、またそうしたもの◆禍(わざわい)や苦しみを齎(もたら)す、またそうしたもの◆酷(ひど)い
kk_中退_ちゅうたい,中退,ちゅうたい,中:◆ものとものの間にあってどちらにも偏(かたよ)らない位置◆上下・高低・大小などの間(あいだ)に位置する人や物や場所、同「仲」◆始点(出発地)から終点(目的地)ま; 退:◆後ろに向かう、後ろへ下がる、後ろ向きに進む、逆は「進」◆今いる場所から遠ざかる方に向かう、その場を立ち去る◆体を後へ引く、身を引く◆状態が悪くなる(衰える、弱,N2,on,on+on,,中:◆ものとものの間にあってどちらにも偏(かたよ)らない位置◆上下・高低・大小などの間(あいだ)に位置する人や物や場所、同「仲」◆始点(出発地)から終点(目的地)ま; 退:◆後ろに向かう、後ろへ下がる、後ろ向きに進む、逆は「進」◆今いる場所から遠ざかる方に向かう、その場を立ち去る◆体を後へ引く、身を引く◆状態が悪くなる(衰える、弱
kk_中途_ちゅうと,中途,ちゅうと,中:◆ものとものの間にあってどちらにも偏(かたよ)らない位置◆上下・高低・大小などの間(あいだ)に位置する人や物や場所、同「仲」◆始点(出発地)から終点(目的地)ま; 途:◆(途切れることなく繋がっている)道、道路、同「涂」「塗」◆(目的とするところに達するための)道、道筋,N2,on,on+on,A3_short_compound(on+on 71%),中:◆ものとものの間にあってどちらにも偏(かたよ)らない位置◆上下・高低・大小などの間(あいだ)に位置する人や物や場所、同「仲」◆始点(出発地)から終点(目的地)ま; 途:◆(途切れることなく繋がっている)道、道路、同「涂」「塗」◆(目的とするところに達するための)道、道筋
kk_中途半端_ちゅうとはんぱ,中途半端,ちゅうとはんぱ,中:◆ものとものの間にあってどちらにも偏(かたよ)らない位置◆上下・高低・大小などの間(あいだ)に位置する人や物や場所、同「仲」◆始点(出発地)から終点(目的地)ま; 途:◆(途切れることなく繋がっている)道、道路、同「涂」「塗」◆(目的とするところに達するための)道、道筋; 半:◆凡そ二分の一、二分したものの片方◆途中、距離や時間の中間付近◆まだ完全でないさま,N2,mixed,on+on+on+kun~,A4_multi_on(on+on+on+on 65%),中:◆ものとものの間にあってどちらにも偏(かたよ)らない位置◆上下・高低・大小などの間(あいだ)に位置する人や物や場所、同「仲」◆始点(出発地)から終点(目的地)ま; 途:◆(途切れることなく繋がっている)道、道路、同「涂」「塗」◆(目的とするところに達するための)道、道筋; 半:◆凡そ二分の一、二分したものの片方◆途中、距離や時間の中間付近◆まだ完全でないさま
kk_中間_ちゅうかん,中間,ちゅうかん,中:◆ものとものの間にあってどちらにも偏(かたよ)らない位置◆上下・高低・大小などの間(あいだ)に位置する人や物や場所、同「仲」◆始点(出発地)から終点(目的地)ま; 間:◆両側からぴったりと閉じられずに開いているところ、(空間・時間・物事・関係などが)連続せずに途切れているところ、開いたり途切れたりして何もないところ、隙(すき),N2,on,on+on,,中:◆ものとものの間にあってどちらにも偏(かたよ)らない位置◆上下・高低・大小などの間(あいだ)に位置する人や物や場所、同「仲」◆始点(出発地)から終点(目的地)ま; 間:◆両側からぴったりと閉じられずに開いているところ、(空間・時間・物事・関係などが)連続せずに途切れているところ、開いたり途切れたりして何もないところ、隙(すき)
kk_丸ごと_まるごと,丸ごと,まるごと,丸:◆球状または円形、またそのような形のもの、またそのような形にする◆角(かど)が尖(とが)っていない、またそのような形のもの、またそのような形にする◆球状のものを,N2,kun,kun,IL1_okurigana(kun 96%) | IL2_single_okuri(kun 96%),丸:◆球状または円形、またそのような形のもの、またそのような形にする◆角(かど)が尖(とが)っていない、またそのような形のもの、またそのような形にする◆球状のものを
kk_主催_しゅさい,主催,しゅさい,主:◆蝋燭やランプなどの灯心、同「炷」◆多くの中で特に重要な、またそのような人◆中心となるもの、中心にあるもの、またそのような人◆司(つかさど)る、中心となって統治; 催:◆促(うなが)す、急(せ)き立てる、「催促(サイソク)」◆急(せ)かされる、急き立てられる◆[日]もよお・す、行事などを準備し執(と)り行う,N2,on,on+on,A3_short_compound(on+on 71%),主:◆蝋燭やランプなどの灯心、同「炷」◆多くの中で特に重要な、またそのような人◆中心となるもの、中心にあるもの、またそのような人◆司(つかさど)る、中心となって統治; 催:◆促(うなが)す、急(せ)き立てる、「催促(サイソク)」◆急(せ)かされる、急き立てられる◆[日]もよお・す、行事などを準備し執(と)り行う
kk_主義_しゅぎ,主義,しゅぎ,主:◆蝋燭やランプなどの灯心、同「炷」◆多くの中で特に重要な、またそのような人◆中心となるもの、中心にあるもの、またそのような人◆司(つかさど)る、中心となって統治; 義:◆広く良い・正しいと認められていること、また経験則(多くの経験を積むことで得られる道理)に適(かな)っていること◆人が進むべき道、則(のっと)るべき考え、「義士,N2,on,on+on,A3_short_compound(on+on 71%),主:◆蝋燭やランプなどの灯心、同「炷」◆多くの中で特に重要な、またそのような人◆中心となるもの、中心にあるもの、またそのような人◆司(つかさど)る、中心となって統治; 義:◆広く良い・正しいと認められていること、また経験則(多くの経験を積むことで得られる道理)に適(かな)っていること◆人が進むべき道、則(のっと)るべき考え、「義士
kk_主観_しゅかん,主観,しゅかん,主:◆蝋燭やランプなどの灯心、同「炷」◆多くの中で特に重要な、またそのような人◆中心となるもの、中心にあるもの、またそのような人◆司(つかさど)る、中心となって統治; 観:◆隅々までしっかりと見る、余すところなく見尽くす、「觀察(カンサツ、細部まで詳しく見て調べる)」、「【說文解字注:見部:觀】諦視也(宷諦之視也穀梁傳曰常事曰視非,N2,on,on+on,A3_short_compound(on+on 71%),主:◆蝋燭やランプなどの灯心、同「炷」◆多くの中で特に重要な、またそのような人◆中心となるもの、中心にあるもの、またそのような人◆司(つかさど)る、中心となって統治; 観:◆隅々までしっかりと見る、余すところなく見尽くす、「觀察(カンサツ、細部まで詳しく見て調べる)」、「【說文解字注:見部:觀】諦視也(宷諦之視也穀梁傳曰常事曰視非
kk_主観的_しゅかんてき,主観的,しゅかんてき,主:◆蝋燭やランプなどの灯心、同「炷」◆多くの中で特に重要な、またそのような人◆中心となるもの、中心にあるもの、またそのような人◆司(つかさど)る、中心となって統治; 観:◆隅々までしっかりと見る、余すところなく見尽くす、「觀察(カンサツ、細部まで詳しく見て調べる)」、「【說文解字注:見部:觀】諦視也(宷諦之視也穀梁傳曰常事曰視非; 的:◆弓で矢を射(い)る時の目標とするもの、同「㢩」「墑」◆額(ひたい)の部分だけが白い馬、またその額の白い部分、女性が額に施(ほどこ)す(赤い点状の)装飾◆(弓の,N2,on,on+on+on,A4_multi_on(on+on+on 65%),主:◆蝋燭やランプなどの灯心、同「炷」◆多くの中で特に重要な、またそのような人◆中心となるもの、中心にあるもの、またそのような人◆司(つかさど)る、中心となって統治; 観:◆隅々までしっかりと見る、余すところなく見尽くす、「觀察(カンサツ、細部まで詳しく見て調べる)」、「【說文解字注:見部:觀】諦視也(宷諦之視也穀梁傳曰常事曰視非; 的:◆弓で矢を射(い)る時の目標とするもの、同「㢩」「墑」◆額(ひたい)の部分だけが白い馬、またその額の白い部分、女性が額に施(ほどこ)す(赤い点状の)装飾◆(弓の
kk_主語_しゅご,主語,しゅご,主:◆蝋燭やランプなどの灯心、同「炷」◆多くの中で特に重要な、またそのような人◆中心となるもの、中心にあるもの、またそのような人◆司(つかさど)る、中心となって統治; 語:◆他に向かって述べる、また告げる、考えや思い・言い伝えなどを話す◆意味を持つ言葉、話(はなし),N2,on,on+on,A3_short_compound(on+on 71%) | B_verb_rad_言(kun 80%),主:◆蝋燭やランプなどの灯心、同「炷」◆多くの中で特に重要な、またそのような人◆中心となるもの、中心にあるもの、またそのような人◆司(つかさど)る、中心となって統治; 語:◆他に向かって述べる、また告げる、考えや思い・言い伝えなどを話す◆意味を持つ言葉、話(はなし)
kk_主題_しゅだい,主題,しゅだい,主:◆蝋燭やランプなどの灯心、同「炷」◆多くの中で特に重要な、またそのような人◆中心となるもの、中心にあるもの、またそのような人◆司(つかさど)る、中心となって統治; 題:◆額(ひたい)、おでこ、同「頟」「顁」◆ものの頭(最初、先頭)にあるもの◆初めに記される短い文章、全体を表現する簡潔な文章、「問題(モンダイ)」「話題(ワダイ),N2,on,on+on,A3_short_compound(on+on 71%),主:◆蝋燭やランプなどの灯心、同「炷」◆多くの中で特に重要な、またそのような人◆中心となるもの、中心にあるもの、またそのような人◆司(つかさど)る、中心となって統治; 題:◆額(ひたい)、おでこ、同「頟」「顁」◆ものの頭(最初、先頭)にあるもの◆初めに記される短い文章、全体を表現する簡潔な文章、「問題(モンダイ)」「話題(ワダイ)
kk_丼_どんぶり,丼,どんぶり,丼:◆井戸、同「井」◆井戸の中に物を投げ入れた時の音◆[日]どんぶり◇大きめの陶製の碗、またそれにご飯を盛り具を載せた料理◇職人などの前掛けや腹掛けの前に付いている,N2,kun,kun,IL2_single_default(kun 84%),丼:◆井戸、同「井」◆井戸の中に物を投げ入れた時の音◆[日]どんぶり◇大きめの陶製の碗、またそれにご飯を盛り具を載せた料理◇職人などの前掛けや腹掛けの前に付いている
kk_乗り切る_のりきる,乗り切る,のりきる,乗:◆高台(たかだい、周りからは一段と高く人や物が乗ることができるようなところ)に登(のぼ)る、馬や車・舟などの台(ダイ)に上(あ)がる◆(人が乗るための)馬や車・; 切:◆刃物などですっと断(た)つ、裁(た)つ、割(さ)く◆ぴったりとしたさま、隙(すき)がないさま、「親切(シンセツ)」◆近くまで迫(せま)る、差し迫る、「切近(セ,N2,kun,kun+kun~,IL1_okurigana(kun 96%) | A1_compound_oku(kun 90%) | A1_on_kun_mix(on+kun 65%),乗:◆高台(たかだい、周りからは一段と高く人や物が乗ることができるようなところ)に登(のぼ)る、馬や車・舟などの台(ダイ)に上(あ)がる◆(人が乗るための)馬や車・; 切:◆刃物などですっと断(た)つ、裁(た)つ、割(さ)く◆ぴったりとしたさま、隙(すき)がないさま、「親切(シンセツ)」◆近くまで迫(せま)る、差し迫る、「切近(セ
kk_乗り越える_のりこえる,乗り越える,のりこえる,乗:◆高台(たかだい、周りからは一段と高く人や物が乗ることができるようなところ)に登(のぼ)る、馬や車・舟などの台(ダイ)に上(あ)がる◆(人が乗るための)馬や車・; 越:◆行く手(ゆくて)を阻(はば)んでいるものの上を跨(また)ぐようにしてその先に行く、区切りや障害となっているものの先に行く、同「逾」◆度(ど、区切り・限度・程度,N2,kun,kun+kun~,IL1_okurigana(kun 96%) | A1_compound_oku(kun 90%) | A1_on_kun_mix(on+kun 65%),乗:◆高台(たかだい、周りからは一段と高く人や物が乗ることができるようなところ)に登(のぼ)る、馬や車・舟などの台(ダイ)に上(あ)がる◆(人が乗るための)馬や車・; 越:◆行く手(ゆくて)を阻(はば)んでいるものの上を跨(また)ぐようにしてその先に行く、区切りや障害となっているものの先に行く、同「逾」◆度(ど、区切り・限度・程度
kk_乗り越し_のりこし,乗り越し,のりこし,乗:◆高台(たかだい、周りからは一段と高く人や物が乗ることができるようなところ)に登(のぼ)る、馬や車・舟などの台(ダイ)に上(あ)がる◆(人が乗るための)馬や車・; 越:◆行く手(ゆくて)を阻(はば)んでいるものの上を跨(また)ぐようにしてその先に行く、区切りや障害となっているものの先に行く、同「逾」◆度(ど、区切り・限度・程度,N2,kun,kun+kun~,IL1_okurigana(kun 96%) | A1_compound_oku(kun 90%) | A1_on_kun_mix(on+kun 65%),乗:◆高台(たかだい、周りからは一段と高く人や物が乗ることができるようなところ)に登(のぼ)る、馬や車・舟などの台(ダイ)に上(あ)がる◆(人が乗るための)馬や車・; 越:◆行く手(ゆくて)を阻(はば)んでいるものの上を跨(また)ぐようにしてその先に行く、区切りや障害となっているものの先に行く、同「逾」◆度(ど、区切り・限度・程度
kk_乗り込む_のりこむ,乗り込む,のりこむ,乗:◆高台(たかだい、周りからは一段と高く人や物が乗ることができるようなところ)に登(のぼ)る、馬や車・舟などの台(ダイ)に上(あ)がる◆(人が乗るための)馬や車・; 込:◆[日]中に(内に、裏に、見えないところに)入(はい)る、入(い)れる,N2,kun,kun+kun~,IL1_okurigana(kun 96%) | A1_compound_oku(kun 90%) | A1_on_kun_mix(on+kun 65%),乗:◆高台(たかだい、周りからは一段と高く人や物が乗ることができるようなところ)に登(のぼ)る、馬や車・舟などの台(ダイ)に上(あ)がる◆(人が乗るための)馬や車・; 込:◆[日]中に(内に、裏に、見えないところに)入(はい)る、入(い)れる
kk_乱れる_みだれる,乱れる,みだれる,乱:◆平穏でなくなる、均衡が失われ不安定になる、秩序がなくなる、ごちゃごちゃする、同「𢿢」◆ばらばらになる、脈絡(ミャクラク)がなくなる、訳が分からなくなる◆縺(も,N2,kun,kun,IL1_okurigana(kun 96%) | IL2_single_okuri(kun 96%),乱:◆平穏でなくなる、均衡が失われ不安定になる、秩序がなくなる、ごちゃごちゃする、同「𢿢」◆ばらばらになる、脈絡(ミャクラク)がなくなる、訳が分からなくなる◆縺(も
kk_了解_りょうかい,了解,りょうかい,了:◆～し終わる、～し終える、完結する◆はっきりと分かる、はっきりしている、明らかなさま、同「瞭」◆全く、すっかり; 解:◆一つになっているもの(固まっているもの)をばらばらにする、また柔らかくする、また融(と)かす、また和(やわ)らげる、「解散(カイサン)」「分解(ブンカイ)」◆,N2,on,on+on,,了:◆～し終わる、～し終える、完結する◆はっきりと分かる、はっきりしている、明らかなさま、同「瞭」◆全く、すっかり; 解:◆一つになっているもの(固まっているもの)をばらばらにする、また柔らかくする、また融(と)かす、また和(やわ)らげる、「解散(カイサン)」「分解(ブンカイ)」◆
kk_予備_よび,予備,よび,予:◆我(われ)、自分を指す語、同「余」「吾」「我」◆与える、授ける、「賜予(シヨ)」◆前もって、同「豫」「預」◆余裕があるさま、ゆとりがあるさま、「猶予(ユウヨ); 備:◆必要なものを用意しておく、(いざという時のために)予め揃えておく◆身に付いている、身に具(そな)わる◆つぶさ・に、必要なものは全て、ことごとく,N2,on,on+on,A3_short_compound(on+on 71%),予:◆我(われ)、自分を指す語、同「余」「吾」「我」◆与える、授ける、「賜予(シヨ)」◆前もって、同「豫」「預」◆余裕があるさま、ゆとりがあるさま、「猶予(ユウヨ); 備:◆必要なものを用意しておく、(いざという時のために)予め揃えておく◆身に付いている、身に具(そな)わる◆つぶさ・に、必要なものは全て、ことごとく
kk_予告_よこく,予告,よこく,予:◆我(われ)、自分を指す語、同「余」「吾」「我」◆与える、授ける、「賜予(シヨ)」◆前もって、同「豫」「預」◆余裕があるさま、ゆとりがあるさま、「猶予(ユウヨ); 告:◆(下位者が上位者に、また人に)～であると(～であることを)知らせる、伝える、「報告(ホウコク)」、上位者が下位者に対して告げるのは「誥」◆上位者が下位者に知ら,N2,on,on+on,A3_short_compound(on+on 71%),予:◆我(われ)、自分を指す語、同「余」「吾」「我」◆与える、授ける、「賜予(シヨ)」◆前もって、同「豫」「預」◆余裕があるさま、ゆとりがあるさま、「猶予(ユウヨ); 告:◆(下位者が上位者に、また人に)～であると(～であることを)知らせる、伝える、「報告(ホウコク)」、上位者が下位者に対して告げるのは「誥」◆上位者が下位者に知ら
kk_予報_よほう,予報,よほう,予:◆我(われ)、自分を指す語、同「余」「吾」「我」◆与える、授ける、「賜予(シヨ)」◆前もって、同「豫」「預」◆余裕があるさま、ゆとりがあるさま、「猶予(ユウヨ); 報:◆相手から受けた物事に対して相応(ソウオウ)の物事で返す、相手に与えた物事に対して相応の物事が返ってくる、罪科の程度に相応する罰を与える(「罪を犯せば相応の罰が,N2,on,on+on,A3_short_compound(on+on 71%),予:◆我(われ)、自分を指す語、同「余」「吾」「我」◆与える、授ける、「賜予(シヨ)」◆前もって、同「豫」「預」◆余裕があるさま、ゆとりがあるさま、「猶予(ユウヨ); 報:◆相手から受けた物事に対して相応(ソウオウ)の物事で返す、相手に与えた物事に対して相応の物事が返ってくる、罪科の程度に相応する罰を与える(「罪を犯せば相応の罰が
kk_予期_よき,予期,よき,予:◆我(われ)、自分を指す語、同「余」「吾」「我」◆与える、授ける、「賜予(シヨ)」◆前もって、同「豫」「預」◆余裕があるさま、ゆとりがあるさま、「猶予(ユウヨ); 期:◆予定されている(約束されている)時(とき、時期、時間)、「時期(ジキ)」「期間(キカン、二つの時の間、始めの時から終わりの時までの間)」◆決められた時(時期、,N2,on,on+on,A3_short_compound(on+on 71%),予:◆我(われ)、自分を指す語、同「余」「吾」「我」◆与える、授ける、「賜予(シヨ)」◆前もって、同「豫」「預」◆余裕があるさま、ゆとりがあるさま、「猶予(ユウヨ); 期:◆予定されている(約束されている)時(とき、時期、時間)、「時期(ジキ)」「期間(キカン、二つの時の間、始めの時から終わりの時までの間)」◆決められた時(時期、
kk_予選_よせん,予選,よせん,予:◆我(われ)、自分を指す語、同「余」「吾」「我」◆与える、授ける、「賜予(シヨ)」◆前もって、同「豫」「預」◆余裕があるさま、ゆとりがあるさま、「猶予(ユウヨ); 選:◆多くのものを基準に従って仕分ける、また仕分けて目的のものを抜き出す、「選択(センタク)」「選抜(センバツ)」、同「撰」◆仕分け抜き出したものを纏(まと)めたも,N2,on,on+on,A3_short_compound(on+on 71%),予:◆我(われ)、自分を指す語、同「余」「吾」「我」◆与える、授ける、「賜予(シヨ)」◆前もって、同「豫」「預」◆余裕があるさま、ゆとりがあるさま、「猶予(ユウヨ); 選:◆多くのものを基準に従って仕分ける、また仕分けて目的のものを抜き出す、「選択(センタク)」「選抜(センバツ)」、同「撰」◆仕分け抜き出したものを纏(まと)めたも
kk_予防_よぼう,予防,よぼう,予:◆我(われ)、自分を指す語、同「余」「吾」「我」◆与える、授ける、「賜予(シヨ)」◆前もって、同「豫」「預」◆余裕があるさま、ゆとりがあるさま、「猶予(ユウヨ); 防:◆堤(つつみ)、水が溢(あふ)れ出てくることがないように或いは流れを変えるために土や石などを高く盛って遮(さえぎ)る、「堤防(テイボウ)」◆災害や危険などが及ば,N2,on,on+on,A3_short_compound(on+on 71%),予:◆我(われ)、自分を指す語、同「余」「吾」「我」◆与える、授ける、「賜予(シヨ)」◆前もって、同「豫」「預」◆余裕があるさま、ゆとりがあるさま、「猶予(ユウヨ); 防:◆堤(つつみ)、水が溢(あふ)れ出てくることがないように或いは流れを変えるために土や石などを高く盛って遮(さえぎ)る、「堤防(テイボウ)」◆災害や危険などが及ば
kk_争い_あらそい,争い,あらそい,争:◆互いに自分の方へ取り合う、奪い合う、戦う◆言い合い優劣・正否を競う、議論する、同「訟」「諍」◆諌(いさ)める、非や過ちを正すよう意見する、同「諫」「諍」◆いか,N2,kun,kun,IL1_okurigana(kun 96%) | IL2_single_okuri(kun 96%),争:◆互いに自分の方へ取り合う、奪い合う、戦う◆言い合い優劣・正否を競う、議論する、同「訟」「諍」◆諌(いさ)める、非や過ちを正すよう意見する、同「諫」「諍」◆いか
kk_争って_あらそって,争って,あらそって,争:◆互いに自分の方へ取り合う、奪い合う、戦う◆言い合い優劣・正否を競う、議論する、同「訟」「諍」◆諌(いさ)める、非や過ちを正すよう意見する、同「諫」「諍」◆いか,N2,kun,kun,IL1_okurigana(kun 96%) | IL2_single_okuri(kun 96%),争:◆互いに自分の方へ取り合う、奪い合う、戦う◆言い合い優劣・正否を競う、議論する、同「訟」「諍」◆諌(いさ)める、非や過ちを正すよう意見する、同「諫」「諍」◆いか
kk_事前_じぜん,事前,じぜん,事:◆こと、動作・現象・状態など形のないものを指す語、形のあるものは「物」、「事情(ジジョウ、ことの様子)」「無事(ブジ、何事もないさま)」◆職(ショク)、仕事や役; 前:◆(前に)進む、またその方向、同「先」、「前途(ぜんと、目的地に向かう道のり、将来)」◆位置的には先の方向、時間的には過去の方向、順序では上位の方向、同「先」、,N2,on,on+on,A3_short_compound(on+on 71%) | B_verb_rad_刀(kun 80%),事:◆こと、動作・現象・状態など形のないものを指す語、形のあるものは「物」、「事情(ジジョウ、ことの様子)」「無事(ブジ、何事もないさま)」◆職(ショク)、仕事や役; 前:◆(前に)進む、またその方向、同「先」、「前途(ぜんと、目的地に向かう道のり、将来)」◆位置的には先の方向、時間的には過去の方向、順序では上位の方向、同「先」、
kk_事態_じたい,事態,じたい,事:◆こと、動作・現象・状態など形のないものを指す語、形のあるものは「物」、「事情(ジジョウ、ことの様子)」「無事(ブジ、何事もないさま)」◆職(ショク)、仕事や役; 態:◆心中の思いや考えなどが表に(体の動きになって)現れ出る、またその様子、「態度(タイド)」、「【說文解字注:心部:態】意態也(…意態者有是意因有是狀故曰意態…),N2,on,on+on,A3_short_compound(on+on 71%),事:◆こと、動作・現象・状態など形のないものを指す語、形のあるものは「物」、「事情(ジジョウ、ことの様子)」「無事(ブジ、何事もないさま)」◆職(ショク)、仕事や役; 態:◆心中の思いや考えなどが表に(体の動きになって)現れ出る、またその様子、「態度(タイド)」、「【說文解字注:心部:態】意態也(…意態者有是意因有是狀故曰意態…)
kk_事柄_ことがら,事柄,ことがら,事:◆こと、動作・現象・状態など形のないものを指す語、形のあるものは「物」、「事情(ジジョウ、ことの様子)」「無事(ブジ、何事もないさま)」◆職(ショク)、仕事や役; 柄:◆茎や枝から伸びて花や葉を支えている枝状の部分、「花柄(カヘイ)」「葉柄(ヨウヘイ)」という◆器物に取り付けて手で握るための棒 ◆手に握る、握って自由に操る、ま,N2,kun,kun+kun~,B_noun_rad_木(kun 93%),事:◆こと、動作・現象・状態など形のないものを指す語、形のあるものは「物」、「事情(ジジョウ、ことの様子)」「無事(ブジ、何事もないさま)」◆職(ショク)、仕事や役; 柄:◆茎や枝から伸びて花や葉を支えている枝状の部分、「花柄(カヘイ)」「葉柄(ヨウヘイ)」という◆器物に取り付けて手で握るための棒 ◆手に握る、握って自由に操る、ま
kk_井戸_いど,井戸,いど,井:◆地面を掘り湧き出る水を汲(く)む所◆人が集まり住むところ、「市井(シセイ)」、水がある所に人が集まることから◆「井」状に区切られているもの、「天井(テンジョウ; 戸:◆開閉ができる外と内の仕切り、家や部屋の出入り口の片開きの扉、門内の建物の出入り口の扉、同「㦿」「𣥘」、大きな建物の出入り口の両開きの扉は「扉」、「【康熙字典:,N2,other,mixed+mixed~,A3_short_compound(on+on 71%),井:◆地面を掘り湧き出る水を汲(く)む所◆人が集まり住むところ、「市井(シセイ)」、水がある所に人が集まることから◆「井」状に区切られているもの、「天井(テンジョウ; 戸:◆開閉ができる外と内の仕切り、家や部屋の出入り口の片開きの扉、門内の建物の出入り口の扉、同「㦿」「𣥘」、大きな建物の出入り口の両開きの扉は「扉」、「【康熙字典:
kk_些少_さしょう,些少,さしょう,些:◆僅(わず)かなさま、少ないさま◆多くのもののうちの少し◆楚国(～前223年)の詩句で末尾に置く助詞; 少:◆数や度量(ドリョウ、ものの多少・軽重・長短・高低・深浅・強弱など)が、あるべき(必要とする)数や度量より小さい、またそれに足りない、またそれに及ばない、同「寡,N2,on,on+on,A3_short_compound(on+on 71%),些:◆僅(わず)かなさま、少ないさま◆多くのもののうちの少し◆楚国(～前223年)の詩句で末尾に置く助詞; 少:◆数や度量(ドリョウ、ものの多少・軽重・長短・高低・深浅・強弱など)が、あるべき(必要とする)数や度量より小さい、またそれに足りない、またそれに及ばない、同「寡
kk_亡くす_なくす,亡くす,なくす,亡:◆(そこにいた人が)逃げる、姿を消す、「逃亡(トウボウ)」◆(それまで生きていた人が)死ぬ、「死亡(シボウ)」◆(それまでそこにあったものが衰え弱り小さくなって,N2,kun,kun,IL1_okurigana(kun 96%) | IL2_single_okuri(kun 96%),亡:◆(そこにいた人が)逃げる、姿を消す、「逃亡(トウボウ)」◆(それまで生きていた人が)死ぬ、「死亡(シボウ)」◆(それまでそこにあったものが衰え弱り小さくなって
kk_交代_こうたい,交代,こうたい,"交:◆形や状態などが""＋Ｘ""字形(交差する)ような形になるさま、違う方向から進んできたものが一点で出会うさま、交叉(コウサ)するさま、同「䢒」◆互いに行き来し合う、; 代:◆替(か)える、それまでのもの(今あるもの)を別のものに替える、入れ替える、また入れ替わる◆同じ家主や国主がその地位にある期間、同じ種(シュ、起源を同じにするも",N2,on,on+on,,"交:◆形や状態などが""＋Ｘ""字形(交差する)ような形になるさま、違う方向から進んできたものが一点で出会うさま、交叉(コウサ)するさま、同「䢒」◆互いに行き来し合う、; 代:◆替(か)える、それまでのもの(今あるもの)を別のものに替える、入れ替える、また入れ替わる◆同じ家主や国主がその地位にある期間、同じ種(シュ、起源を同じにするも"
kk_交差_こうさ,交差,こうさ,"交:◆形や状態などが""＋Ｘ""字形(交差する)ような形になるさま、違う方向から進んできたものが一点で出会うさま、交叉(コウサ)するさま、同「䢒」◆互いに行き来し合う、; 差:◆違いがある、揃(そろ)わない◆引き算をした時に余りが出る、またその時の余り◆(同じ差ごとに)区分けする、区別する◆やや～(違う、差がある、不足する、など)◆使",N2,on,on+on,A3_short_compound(on+on 71%),"交:◆形や状態などが""＋Ｘ""字形(交差する)ような形になるさま、違う方向から進んできたものが一点で出会うさま、交叉(コウサ)するさま、同「䢒」◆互いに行き来し合う、; 差:◆違いがある、揃(そろ)わない◆引き算をした時に余りが出る、またその時の余り◆(同じ差ごとに)区分けする、区別する◆やや～(違う、差がある、不足する、など)◆使"
kk_交通機関_こうつうきかん,交通機関,こうつうきかん,"交:◆形や状態などが""＋Ｘ""字形(交差する)ような形になるさま、違う方向から進んできたものが一点で出会うさま、交叉(コウサ)するさま、同「䢒」◆互いに行き来し合う、; 通:◆途中に障害となるようなものがなく反対側・向こう側・相手方・目的地まで達する、また達している◆支障なく行き来ができる、また行き来する、また行き来ができるようにす; 機:◆布を織る装置、「機織(キショク、はたおり)」◆ある仕事をさせる(する)ために人や部品を組み合わせて作り上げた仕組みや仕掛け(組織や装置)◆「機関(キカン)」◇",N2,on,on+on+on+on,A4_multi_on(on+on+on+on 65%) | B_noun_rad_木(kun 93%),"交:◆形や状態などが""＋Ｘ""字形(交差する)ような形になるさま、違う方向から進んできたものが一点で出会うさま、交叉(コウサ)するさま、同「䢒」◆互いに行き来し合う、; 通:◆途中に障害となるようなものがなく反対側・向こう側・相手方・目的地まで達する、また達している◆支障なく行き来ができる、また行き来する、また行き来ができるようにす; 機:◆布を織る装置、「機織(キショク、はたおり)」◆ある仕事をさせる(する)ために人や部品を組み合わせて作り上げた仕組みや仕掛け(組織や装置)◆「機関(キカン)」◇"
kk_人命_じんめい,人命,じんめい,人:◆霊長目ヒト科ヒト属の生物、ホモ・サピエンスHomo sapiens(「知恵の人」の意)、同「儿」◆自分以外の者、「人我(ジンガ、他人と自分)」◆人の数(かず); 命:◆天や神から差し遣(さしつ)わされるもの、また授(さず)かるもの、「生命(セイメイ)」「寿命(ジュミョウ)」「運命(ウンメイ)」◆身分・地位が高い人や敬うべき人,N2,on,on+on,,人:◆霊長目ヒト科ヒト属の生物、ホモ・サピエンスHomo sapiens(「知恵の人」の意)、同「儿」◆自分以外の者、「人我(ジンガ、他人と自分)」◆人の数(かず); 命:◆天や神から差し遣(さしつ)わされるもの、また授(さず)かるもの、「生命(セイメイ)」「寿命(ジュミョウ)」「運命(ウンメイ)」◆身分・地位が高い人や敬うべき人
kk_人文_じんぶん,人文,じんぶん,人:◆霊長目ヒト科ヒト属の生物、ホモ・サピエンスHomo sapiens(「知恵の人」の意)、同「儿」◆自分以外の者、「人我(ジンガ、他人と自分)」◆人の数(かず); 文:◆紋様や図形、「天文(テンブン、テンモン)」◆多くの人にとって共通の意味を持つ紋様や図形、「文字(モジ、モンジ)」、古くは象形文字(ものの形を象った字、「宀」「,N2,on,on+on,,人:◆霊長目ヒト科ヒト属の生物、ホモ・サピエンスHomo sapiens(「知恵の人」の意)、同「儿」◆自分以外の者、「人我(ジンガ、他人と自分)」◆人の数(かず); 文:◆紋様や図形、「天文(テンブン、テンモン)」◆多くの人にとって共通の意味を持つ紋様や図形、「文字(モジ、モンジ)」、古くは象形文字(ものの形を象った字、「宀」「
kk_人目_ひとめ,人目,ひとめ,人:◆霊長目ヒト科ヒト属の生物、ホモ・サピエンスHomo sapiens(「知恵の人」の意)、同「儿」◆自分以外の者、「人我(ジンガ、他人と自分)」◆人の数(かず); 目:◆眼(め、眼球ガンキュウ、黒目くろめ)・白目(しろめ、結膜ケツマク)・視神経などを含むものを見る器官全体、またその形状や様子や機能◆ものを見る、また見分ける◆眼,N2,kun,kun+kun~,A3_short_compound(on+on 71%),人:◆霊長目ヒト科ヒト属の生物、ホモ・サピエンスHomo sapiens(「知恵の人」の意)、同「儿」◆自分以外の者、「人我(ジンガ、他人と自分)」◆人の数(かず); 目:◆眼(め、眼球ガンキュウ、黒目くろめ)・白目(しろめ、結膜ケツマク)・視神経などを含むものを見る器官全体、またその形状や様子や機能◆ものを見る、また見分ける◆眼
kk_人種_じんしゅ,人種,じんしゅ,人:◆霊長目ヒト科ヒト属の生物、ホモ・サピエンスHomo sapiens(「知恵の人」の意)、同「儿」◆自分以外の者、「人我(ジンガ、他人と自分)」◆人の数(かず); 種:◆(植物が)生長し実を結ぶ元になるもの、またそれを植え付ける、またそれを蒔(ま)く◆起源を同じにするもの、共通性のあるもの、またその集まり◆簡「种」,N2,on,on+on,A3_short_compound(on+on 71%),人:◆霊長目ヒト科ヒト属の生物、ホモ・サピエンスHomo sapiens(「知恵の人」の意)、同「儿」◆自分以外の者、「人我(ジンガ、他人と自分)」◆人の数(かず); 種:◆(植物が)生長し実を結ぶ元になるもの、またそれを植え付ける、またそれを蒔(ま)く◆起源を同じにするもの、共通性のあるもの、またその集まり◆簡「种」
kk_人脈_じんみゃく,人脈,じんみゃく,人:◆霊長目ヒト科ヒト属の生物、ホモ・サピエンスHomo sapiens(「知恵の人」の意)、同「儿」◆自分以外の者、「人我(ジンガ、他人と自分)」◆人の数(かず); 脈:◆動物などの体内の血が通る細く長い管(くだ)、植物などの水や養分が通る細く長い管、「動脈(ドウミャク)」「葉脈(ヨウミャク)」◆血液が血管を流れる際の規則的な動,N2,on,on+on,,人:◆霊長目ヒト科ヒト属の生物、ホモ・サピエンスHomo sapiens(「知恵の人」の意)、同「儿」◆自分以外の者、「人我(ジンガ、他人と自分)」◆人の数(かず); 脈:◆動物などの体内の血が通る細く長い管(くだ)、植物などの水や養分が通る細く長い管、「動脈(ドウミャク)」「葉脈(ヨウミャク)」◆血液が血管を流れる際の規則的な動
kk_人身事故_じんしんじこ,人身事故,じんしんじこ,人:◆霊長目ヒト科ヒト属の生物、ホモ・サピエンスHomo sapiens(「知恵の人」の意)、同「儿」◆自分以外の者、「人我(ジンガ、他人と自分)」◆人の数(かず); 身:◆(頭部を除いた)体(からだ)、躯体(クタイ)、同「躯」「躬」◆中に含まれているもの、また入っているもの、本体◆人の一生、命(いのち)◆吾(われ)、我(わ)が、; 事:◆こと、動作・現象・状態など形のないものを指す語、形のあるものは「物」、「事情(ジジョウ、ことの様子)」「無事(ブジ、何事もないさま)」◆職(ショク)、仕事や役,N2,on,on+on+on+on,A4_multi_on(on+on+on+on 65%),人:◆霊長目ヒト科ヒト属の生物、ホモ・サピエンスHomo sapiens(「知恵の人」の意)、同「儿」◆自分以外の者、「人我(ジンガ、他人と自分)」◆人の数(かず); 身:◆(頭部を除いた)体(からだ)、躯体(クタイ)、同「躯」「躬」◆中に含まれているもの、また入っているもの、本体◆人の一生、命(いのち)◆吾(われ)、我(わ)が、; 事:◆こと、動作・現象・状態など形のないものを指す語、形のあるものは「物」、「事情(ジジョウ、ことの様子)」「無事(ブジ、何事もないさま)」◆職(ショク)、仕事や役
kk_人込み_ひとごみ,人込み,ひとごみ,人:◆霊長目ヒト科ヒト属の生物、ホモ・サピエンスHomo sapiens(「知恵の人」の意)、同「儿」◆自分以外の者、「人我(ジンガ、他人と自分)」◆人の数(かず); 込:◆[日]中に(内に、裏に、見えないところに)入(はい)る、入(い)れる,N2,kun,mixed+kun~,IL1_okurigana(kun 96%) | A1_compound_oku(kun 90%) | A1_on_kun_mix(on+kun 65%),人:◆霊長目ヒト科ヒト属の生物、ホモ・サピエンスHomo sapiens(「知恵の人」の意)、同「儿」◆自分以外の者、「人我(ジンガ、他人と自分)」◆人の数(かず); 込:◆[日]中に(内に、裏に、見えないところに)入(はい)る、入(い)れる
kk_人通り_ひとどおり,人通り,ひとどおり,人:◆霊長目ヒト科ヒト属の生物、ホモ・サピエンスHomo sapiens(「知恵の人」の意)、同「儿」◆自分以外の者、「人我(ジンガ、他人と自分)」◆人の数(かず); 通:◆途中に障害となるようなものがなく反対側・向こう側・相手方・目的地まで達する、また達している◆支障なく行き来ができる、また行き来する、また行き来ができるようにす,N2,other,mixed+mixed~,IL1_okurigana(kun 96%) | A1_compound_oku(kun 90%) | A1_on_kun_mix(on+kun 65%),人:◆霊長目ヒト科ヒト属の生物、ホモ・サピエンスHomo sapiens(「知恵の人」の意)、同「儿」◆自分以外の者、「人我(ジンガ、他人と自分)」◆人の数(かず); 通:◆途中に障害となるようなものがなく反対側・向こう側・相手方・目的地まで達する、また達している◆支障なく行き来ができる、また行き来する、また行き来ができるようにす
kk_人造_じんぞう,人造,じんぞう,人:◆霊長目ヒト科ヒト属の生物、ホモ・サピエンスHomo sapiens(「知恵の人」の意)、同「儿」◆自分以外の者、「人我(ジンガ、他人と自分)」◆人の数(かず); 造:◆(素材に手を加えて、組み合わせて)作り上げる◆成(な)る、為(な)す、成し遂(と)げる◆到(いた)る、行き着く◆慌てる、慌ただしい◆「造次(ゾウジ)」◇ごく短,N2,on,on+on,,人:◆霊長目ヒト科ヒト属の生物、ホモ・サピエンスHomo sapiens(「知恵の人」の意)、同「儿」◆自分以外の者、「人我(ジンガ、他人と自分)」◆人の数(かず); 造:◆(素材に手を加えて、組み合わせて)作り上げる◆成(な)る、為(な)す、成し遂(と)げる◆到(いた)る、行き着く◆慌てる、慌ただしい◆「造次(ゾウジ)」◇ごく短
kk_人類_じんるい,人類,じんるい,人:◆霊長目ヒト科ヒト属の生物、ホモ・サピエンスHomo sapiens(「知恵の人」の意)、同「儿」◆自分以外の者、「人我(ジンガ、他人と自分)」◆人の数(かず); 類:◆よく似ている、よく似たもの、よく似たものの集まり◆性格・性質が共通しているもの、またその集まり◆凡そ、大体、「似たもの、似ている」の意,N2,on,on+on,,人:◆霊長目ヒト科ヒト属の生物、ホモ・サピエンスHomo sapiens(「知恵の人」の意)、同「儿」◆自分以外の者、「人我(ジンガ、他人と自分)」◆人の数(かず); 類:◆よく似ている、よく似たもの、よく似たものの集まり◆性格・性質が共通しているもの、またその集まり◆凡そ、大体、「似たもの、似ている」の意
kk_今に_いまに,今に,いまに,今:◆現在、この時(とき)、この時代、現在を挟んで前後に比較的短い時間また月日また時代◆すぐに、間もなく,N2,kun,kun,IL1_okurigana(kun 96%) | IL2_single_okuri(kun 96%),今:◆現在、この時(とき)、この時代、現在を挟んで前後に比較的短い時間また月日また時代◆すぐに、間もなく
kk_今のところ_いまのところ,今のところ,いまのところ,今:◆現在、この時(とき)、この時代、現在を挟んで前後に比較的短い時間また月日また時代◆すぐに、間もなく,N2,kun,kun,IL1_okurigana(kun 96%) | IL2_single_okuri(kun 96%),今:◆現在、この時(とき)、この時代、現在を挟んで前後に比較的短い時間また月日また時代◆すぐに、間もなく
kk_今一_いまいち,今一,いまいち,今:◆現在、この時(とき)、この時代、現在を挟んで前後に比較的短い時間また月日また時代◆すぐに、間もなく; 一:◆最初、最初の数、最も小さい数、同「壹」 ◆(幾つかあるものの内の、全体の中の)一つ、一つの、一つに、それだけ、ひたすら、同「壹」◆同じ、等しい、「同じ一つのも,N2,mixed,kun+on~,,今:◆現在、この時(とき)、この時代、現在を挟んで前後に比較的短い時間また月日また時代◆すぐに、間もなく; 一:◆最初、最初の数、最も小さい数、同「壹」 ◆(幾つかあるものの内の、全体の中の)一つ、一つの、一つに、それだけ、ひたすら、同「壹」◆同じ、等しい、「同じ一つのも
kk_今時_いまどき,今時,いまどき,今:◆現在、この時(とき)、この時代、現在を挟んで前後に比較的短い時間また月日また時代◆すぐに、間もなく; 時:◆一年の四分の一、季節、「一時(イチジ、三カ月、一季節)」「四時(シジ、四つの季節、四季)」◆一日の十二分の一、現在は二十四分の一、「時刻(ジコク)」◆年代、期,N2,other,mixed+mixed~,,今:◆現在、この時(とき)、この時代、現在を挟んで前後に比較的短い時間また月日また時代◆すぐに、間もなく; 時:◆一年の四分の一、季節、「一時(イチジ、三カ月、一季節)」「四時(シジ、四つの季節、四季)」◆一日の十二分の一、現在は二十四分の一、「時刻(ジコク)」◆年代、期
kk_仕方がない_しかたがない,仕方がない,しかたがない,仕:◆身分の高い人に付き従う、またその用をする◆官職に就く、またその業務や任務を担い行う◆為(な)す、為(な)すべき事; 方:◆四角、四角いさま、角(かど)が直角になっているさま、「方形(ホウケイ)」◆数学で二つの数を掛け合わせた数(正方形・長方形の一つの角を成す二辺を掛け合わせた数),N2,mixed,on+kun,IL1_okurigana(kun 96%) | A1_compound_oku(kun 90%) | A1_on_kun_mix(on+kun 65%),仕:◆身分の高い人に付き従う、またその用をする◆官職に就く、またその業務や任務を担い行う◆為(な)す、為(な)すべき事; 方:◆四角、四角いさま、角(かど)が直角になっているさま、「方形(ホウケイ)」◆数学で二つの数を掛け合わせた数(正方形・長方形の一つの角を成す二辺を掛け合わせた数)
kk_仕様_しよう,仕様,しよう,仕:◆身分の高い人に付き従う、またその用をする◆官職に就く、またその業務や任務を担い行う◆為(な)す、為(な)すべき事; 様:◆物事の性格や状態、また姿や形、あり方また見掛け◆形や姿、状態やあり方、方法や方式、同「𢳌」◆形や姿・状態やあり方・方法や方式などの種類を数える語◆クヌギ(櫟、,N2,on,on+on,A3_short_compound(on+on 71%) | B_noun_rad_木(kun 93%),仕:◆身分の高い人に付き従う、またその用をする◆官職に就く、またその業務や任務を担い行う◆為(な)す、為(な)すべき事; 様:◆物事の性格や状態、また姿や形、あり方また見掛け◆形や姿、状態やあり方、方法や方式、同「𢳌」◆形や姿・状態やあり方・方法や方式などの種類を数える語◆クヌギ(櫟、
kk_仕舞った_しまった,仕舞った,しまった,仕:◆身分の高い人に付き従う、またその用をする◆官職に就く、またその業務や任務を担い行う◆為(な)す、為(な)すべき事; 舞:◆手足や体を動かし踊(おど)り喜怒哀楽(キドアイラク)を表現する、同「儛」「𦐀」◆(舞うように)飛ぶ、(舞うように)揺(ゆ)らす◆弄(いじ)くって変えてしまう,N2,mixed,on+kun,IL1_okurigana(kun 96%) | A1_compound_oku(kun 90%) | A1_on_kun_mix(on+kun 65%),仕:◆身分の高い人に付き従う、またその用をする◆官職に就く、またその業務や任務を担い行う◆為(な)す、為(な)すべき事; 舞:◆手足や体を動かし踊(おど)り喜怒哀楽(キドアイラク)を表現する、同「儛」「𦐀」◆(舞うように)飛ぶ、(舞うように)揺(ゆ)らす◆弄(いじ)くって変えてしまう
kk_他人_たにん,他人,たにん,他:◆別の、それ以外の、よそ(余所、他所)の、other、同「它」◆自分以外の人、あの人; 人:◆霊長目ヒト科ヒト属の生物、ホモ・サピエンスHomo sapiens(「知恵の人」の意)、同「儿」◆自分以外の者、「人我(ジンガ、他人と自分)」◆人の数(かず),N2,on,on+on,A3_short_compound(on+on 71%),他:◆別の、それ以外の、よそ(余所、他所)の、other、同「它」◆自分以外の人、あの人; 人:◆霊長目ヒト科ヒト属の生物、ホモ・サピエンスHomo sapiens(「知恵の人」の意)、同「儿」◆自分以外の者、「人我(ジンガ、他人と自分)」◆人の数(かず)
kk_付け加える_つけくわえる,付け加える,つけくわえる,付:◆手ずから授(さず)ける、直接手を取って与える、同「仅」◆渡し与える、渡して任せる、委(ゆだ)ねる◆[日]他のものに加える、また添える、また足す、同「附」; 加:◆足(た)す、付け足す、継(つ)ぎ足す、注(つ)ぎ足す◆増(ふ)やす、増える◆その上に～、その上更に～,N2,mixed,kun+on~,IL1_okurigana(kun 96%) | A1_compound_oku(kun 90%) | A1_on_kun_mix(on+kun 65%),付:◆手ずから授(さず)ける、直接手を取って与える、同「仅」◆渡し与える、渡して任せる、委(ゆだ)ねる◆[日]他のものに加える、また添える、また足す、同「附」; 加:◆足(た)す、付け足す、継(つ)ぎ足す、注(つ)ぎ足す◆増(ふ)やす、増える◆その上に～、その上更に～
kk_付属_ふぞく,付属,ふぞく,付:◆手ずから授(さず)ける、直接手を取って与える、同「仅」◆渡し与える、渡して任せる、委(ゆだ)ねる◆[日]他のものに加える、また添える、また足す、同「附」; 属:◆関(かか)わりがある、繋(つな)がりがある、関連する◆関わりのある事柄、同じ種類のもの◆関わりのある者、関わりのある者の集まり、「親属(シンゾク、血縁や婚姻の,N2,on,on+on,A3_short_compound(on+on 71%),付:◆手ずから授(さず)ける、直接手を取って与える、同「仅」◆渡し与える、渡して任せる、委(ゆだ)ねる◆[日]他のものに加える、また添える、また足す、同「附」; 属:◆関(かか)わりがある、繋(つな)がりがある、関連する◆関わりのある事柄、同じ種類のもの◆関わりのある者、関わりのある者の集まり、「親属(シンゾク、血縁や婚姻の
kk_代理_だいり,代理,だいり,代:◆替(か)える、それまでのもの(今あるもの)を別のものに替える、入れ替える、また入れ替わる◆同じ家主や国主がその地位にある期間、同じ種(シュ、起源を同じにするも; 理:◆玉(ギョク、大変美しい石)の筋目(すじめ)、規則正しく並んだ筋目◆物事の正しい筋道◆筋道を立てる、また立っている、筋を通す、また通っている◆筋道に沿って判断す,N2,on,on+on,A3_short_compound(on+on 71%),代:◆替(か)える、それまでのもの(今あるもの)を別のものに替える、入れ替える、また入れ替わる◆同じ家主や国主がその地位にある期間、同じ種(シュ、起源を同じにするも; 理:◆玉(ギョク、大変美しい石)の筋目(すじめ)、規則正しく並んだ筋目◆物事の正しい筋道◆筋道を立てる、また立っている、筋を通す、また通っている◆筋道に沿って判断す
kk_以降_いこう,以降,いこう,以:◆用(もち)いる、使用する、～を用いて、～を利用して、「【論語注疏:卷一:學而】…行有餘力則以學文(《疏》…能行已上諸事仍有閒暇餘力則可以學先王之遺文…)」◆～; 降:◆下(くだ)る、高いところから低いところに移る◆下(お)りる、下りて来る、上から下に落ちる◆下(さ)げる、下(お)ろす、低くする、「降伏(コウフク、姿勢を低くし,N2,on,on+on,A3_short_compound(on+on 71%),以:◆用(もち)いる、使用する、～を用いて、～を利用して、「【論語注疏:卷一:學而】…行有餘力則以學文(《疏》…能行已上諸事仍有閒暇餘力則可以學先王之遺文…)」◆～; 降:◆下(くだ)る、高いところから低いところに移る◆下(お)りる、下りて来る、上から下に落ちる◆下(さ)げる、下(お)ろす、低くする、「降伏(コウフク、姿勢を低くし
kk_仮定_かてい,仮定,かてい,仮:◆他から(他のものを)一時的に借りる、他に一時的に貸す、同「叚」◆実際とは違うが一時的に他のものを用いる、足りないところに他のものを借りて当てる、他のもので間に; 定:◆さだ・まる、動きや乱れが鎮(しず)まって変化・変動しない状態になる、平静になる、落ち着く、「鎮定(チンテイ)」◆さだ・める、動いたり揺らいだりしない状態にする,N2,on,on+on,A3_short_compound(on+on 71%) | B_noun_rad_宀(kun 93%),仮:◆他から(他のものを)一時的に借りる、他に一時的に貸す、同「叚」◆実際とは違うが一時的に他のものを用いる、足りないところに他のものを借りて当てる、他のもので間に; 定:◆さだ・まる、動きや乱れが鎮(しず)まって変化・変動しない状態になる、平静になる、落ち着く、「鎮定(チンテイ)」◆さだ・める、動いたり揺らいだりしない状態にする
kk_仮～_かり～,仮～,かり～,仮:◆他から(他のものを)一時的に借りる、他に一時的に貸す、同「叚」◆実際とは違うが一時的に他のものを用いる、足りないところに他のものを借りて当てる、他のもので間に,N2,kun,kun,IL2_single_default(kun 84%),仮:◆他から(他のものを)一時的に借りる、他に一時的に貸す、同「叚」◆実際とは違うが一時的に他のものを用いる、足りないところに他のものを借りて当てる、他のもので間に
kk_休息_きゅうそく,休息,きゅうそく,休:◆連続した動きや働きの途中で一旦その動きや働きを止(や)める、再開するために息を整えたり力を蓄(たくわ)えることをいう◆止める、止む、終わる、「【歸去來辭】羨萬; 息:◆いき、口や鼻で吐いたり吸ったりする空気◆呼吸する、一度吐いて吸うことを「一息」という◆生きている◆止(や)む、鎮(しず)まる、落ち着く、同「熄」◆休む、休憩す,N2,on,on+on,,休:◆連続した動きや働きの途中で一旦その動きや働きを止(や)める、再開するために息を整えたり力を蓄(たくわ)えることをいう◆止める、止む、終わる、「【歸去來辭】羨萬; 息:◆いき、口や鼻で吐いたり吸ったりする空気◆呼吸する、一度吐いて吸うことを「一息」という◆生きている◆止(や)む、鎮(しず)まる、落ち着く、同「熄」◆休む、休憩す
kk_休業_きゅうぎょう,休業,きゅうぎょう,休:◆連続した動きや働きの途中で一旦その動きや働きを止(や)める、再開するために息を整えたり力を蓄(たくわ)えることをいう◆止める、止む、終わる、「【歸去來辭】羨萬; 業:◆鍾(ショウ)や磬(ケイ)などの打楽器を吊るすための横木(筍)の上の横板、吊るした楽器の位置が演奏中にずれないように凹みや突起がついていたという、「业」はそれを,N2,on,on+on,B_noun_rad_木(kun 93%),休:◆連続した動きや働きの途中で一旦その動きや働きを止(や)める、再開するために息を整えたり力を蓄(たくわ)えることをいう◆止める、止む、終わる、「【歸去來辭】羨萬; 業:◆鍾(ショウ)や磬(ケイ)などの打楽器を吊るすための横木(筍)の上の横板、吊るした楽器の位置が演奏中にずれないように凹みや突起がついていたという、「业」はそれを
kk_休養_きゅうよう,休養,きゅうよう,休:◆連続した動きや働きの途中で一旦その動きや働きを止(や)める、再開するために息を整えたり力を蓄(たくわ)えることをいう◆止める、止む、終わる、「【歸去來辭】羨萬; 養:◆人・家畜・植物などが育つために必要なものを与える、また与えて大きく立派に育てる◆人が立派に育つために必要なことを教える、また教え導く,N2,on,on+on,,休:◆連続した動きや働きの途中で一旦その動きや働きを止(や)める、再開するために息を整えたり力を蓄(たくわ)えることをいう◆止める、止む、終わる、「【歸去來辭】羨萬; 養:◆人・家畜・植物などが育つために必要なものを与える、また与えて大きく立派に育てる◆人が立派に育つために必要なことを教える、また教え導く
kk_会合_かいごう,会合,かいごう,会:◆人が集まる、同じ時間や場所に(同じ目的で)集まる、「会合(カイゴウ)」◆多くの人が(出向いて)集まる、また集まったところ、「集会(シュウカイ)」「都会(トカイ; 合:◆人や物が集まって一緒になる、また一つになる◆幾つかのものを集め一緒にする、幾つかのものが集まり同じになる◆同じものを纏(まと)めた全体◆ぴったりと一致する、当,N2,on,on+on,,会:◆人が集まる、同じ時間や場所に(同じ目的で)集まる、「会合(カイゴウ)」◆多くの人が(出向いて)集まる、また集まったところ、「集会(シュウカイ)」「都会(トカイ; 合:◆人や物が集まって一緒になる、また一つになる◆幾つかのものを集め一緒にする、幾つかのものが集まり同じになる◆同じものを纏(まと)めた全体◆ぴったりと一致する、当
kk_伝言_でんごん,伝言,でんごん,伝:◆「伝伝(ウンウン)」、雲のように留(とど)まることなく漂い行くさま、「【白虎通義:卷八:情性】魂魄者何謂魂猶伝伝也行不休於外也主於情…」◆[日]同「傳」; 言:◆相手に伝えたいことを声に出してはっきりと述べる、またその内容、またそのための語(ゴ、互いに意思の疎通を図るための言葉)◆字(ジ)、文字◆我(われ)、自分を指す,N2,on,on+on,B_verb_rad_言(kun 80%),伝:◆「伝伝(ウンウン)」、雲のように留(とど)まることなく漂い行くさま、「【白虎通義:卷八:情性】魂魄者何謂魂猶伝伝也行不休於外也主於情…」◆[日]同「傳」; 言:◆相手に伝えたいことを声に出してはっきりと述べる、またその内容、またそのための語(ゴ、互いに意思の疎通を図るための言葉)◆字(ジ)、文字◆我(われ)、自分を指す
kk_伝記_でんき,伝記,でんき,伝:◆「伝伝(ウンウン)」、雲のように留(とど)まることなく漂い行くさま、「【白虎通義:卷八:情性】魂魄者何謂魂猶伝伝也行不休於外也主於情…」◆[日]同「傳」; 記:◆(忘れないように)覚えておく、「記憶(キオク)」◆(忘れないように)書き留(と)める、書き付ける、また書き留めたもの、「記録(キロク)」「記事(キジ、書き記さ,N2,on,on+on,A3_short_compound(on+on 71%) | B_verb_rad_言(kun 80%),伝:◆「伝伝(ウンウン)」、雲のように留(とど)まることなく漂い行くさま、「【白虎通義:卷八:情性】魂魄者何謂魂猶伝伝也行不休於外也主於情…」◆[日]同「傳」; 記:◆(忘れないように)覚えておく、「記憶(キオク)」◆(忘れないように)書き留(と)める、書き付ける、また書き留めたもの、「記録(キロク)」「記事(キジ、書き記さ
kk_位_くらい,位,くらい,位:◆順に並ぶ時に立つべき場所、並べて置く時の置くべき場所、並んでいるものの中での置かれている場所、「位置(イチ)」◆階級の中の級(キュウ、順位)、席次(セキジ)、,N2,kun,kun,IL2_single_default(kun 84%),位:◆順に並ぶ時に立つべき場所、並べて置く時の置くべき場所、並んでいるものの中での置かれている場所、「位置(イチ)」◆階級の中の級(キュウ、順位)、席次(セキジ)、
kk_位する_くらいする,位する,くらいする,位:◆順に並ぶ時に立つべき場所、並べて置く時の置くべき場所、並んでいるものの中での置かれている場所、「位置(イチ)」◆階級の中の級(キュウ、順位)、席次(セキジ)、,N2,kun,kun,IL1_okurigana(kun 96%) | IL2_single_okuri(kun 96%),位:◆順に並ぶ時に立つべき場所、並べて置く時の置くべき場所、並んでいるものの中での置かれている場所、「位置(イチ)」◆階級の中の級(キュウ、順位)、席次(セキジ)、
kk_住み着く_すみつく,住み着く,すみつく,住:◆同じ場所に長期間に亘(わた)って留(とど)まる◆場所を定めて生活する、またその居所(きょしょ、いどころ)◆動詞の後に置いて「同じ場所や状態に留(とど)まる、同; 着:◆目的や目標としている物事・場所などに届く、また達する、また到る、同「著」◆他のものに付く、同「著」◆き・る、衣服を身に付ける、同「著」◆火や明かりを点(つ)け,N2,kun,kun+kun~,IL1_okurigana(kun 96%) | A1_compound_oku(kun 90%) | A1_on_kun_mix(on+kun 65%),住:◆同じ場所に長期間に亘(わた)って留(とど)まる◆場所を定めて生活する、またその居所(きょしょ、いどころ)◆動詞の後に置いて「同じ場所や状態に留(とど)まる、同; 着:◆目的や目標としている物事・場所などに届く、また達する、また到る、同「著」◆他のものに付く、同「著」◆き・る、衣服を身に付ける、同「著」◆火や明かりを点(つ)け
kk_体付き_からだつき,体付き,からだつき,体:◆頭から足の先までの全身、ものの全部、ものの主要な部分、またその姿形や様子、「身体(シンタイ、体、肉体)」「本体(ホンタイ、ものの本当の姿、ものの中心的部分)」; 付:◆手ずから授(さず)ける、直接手を取って与える、同「仅」◆渡し与える、渡して任せる、委(ゆだ)ねる◆[日]他のものに加える、また添える、また足す、同「附」,N2,kun,kun+kun,IL1_okurigana(kun 96%) | A1_compound_oku(kun 90%) | A1_on_kun_mix(on+kun 65%),体:◆頭から足の先までの全身、ものの全部、ものの主要な部分、またその姿形や様子、「身体(シンタイ、体、肉体)」「本体(ホンタイ、ものの本当の姿、ものの中心的部分)」; 付:◆手ずから授(さず)ける、直接手を取って与える、同「仅」◆渡し与える、渡して任せる、委(ゆだ)ねる◆[日]他のものに加える、また添える、また足す、同「附」
kk_体制_たいせい,体制,たいせい,体:◆頭から足の先までの全身、ものの全部、ものの主要な部分、またその姿形や様子、「身体(シンタイ、体、肉体)」「本体(ホンタイ、ものの本当の姿、ものの中心的部分)」; 制:◆断(た)つ、切る◆断って目的とする形にする、また形を整(ととの)える、同繁「製」、同「剬」◆決まり、規則、法(ホウ)◆枠(わく)をはみ出さないように押さえる、,N2,on,on+on,B_verb_rad_刀(kun 80%),体:◆頭から足の先までの全身、ものの全部、ものの主要な部分、またその姿形や様子、「身体(シンタイ、体、肉体)」「本体(ホンタイ、ものの本当の姿、ものの中心的部分)」; 制:◆断(た)つ、切る◆断って目的とする形にする、また形を整(ととの)える、同繁「製」、同「剬」◆決まり、規則、法(ホウ)◆枠(わく)をはみ出さないように押さえる、
kk_体格_たいかく,体格,たいかく,体:◆頭から足の先までの全身、ものの全部、ものの主要な部分、またその姿形や様子、「身体(シンタイ、体、肉体)」「本体(ホンタイ、ものの本当の姿、ものの中心的部分)」; 格:◆長く伸びた木の枝、その枝が交差するさま◆四角い枠(わく)、四角く枠をはめる◆ものの外枠、規則や基準◆限界(外枠)まで至る、行き着く、窮(きわ)まる、同「𢓜」◆,N2,on,on+on,B_noun_rad_木(kun 93%),体:◆頭から足の先までの全身、ものの全部、ものの主要な部分、またその姿形や様子、「身体(シンタイ、体、肉体)」「本体(ホンタイ、ものの本当の姿、ものの中心的部分)」; 格:◆長く伸びた木の枝、その枝が交差するさま◆四角い枠(わく)、四角く枠をはめる◆ものの外枠、規則や基準◆限界(外枠)まで至る、行き着く、窮(きわ)まる、同「𢓜」◆
kk_体温_たいおん,体温,たいおん,体:◆頭から足の先までの全身、ものの全部、ものの主要な部分、またその姿形や様子、「身体(シンタイ、体、肉体)」「本体(ホンタイ、ものの本当の姿、ものの中心的部分)」; 温:◆熱くもなく冷たくもなく程よいさま、暖かなさま、また熱を加えてそのようにする◆穏やかなさま、柔和なさま◆(古く冷めてしまったものを温め直して)蘇(よみがえ)させ,N2,on,on+on,,体:◆頭から足の先までの全身、ものの全部、ものの主要な部分、またその姿形や様子、「身体(シンタイ、体、肉体)」「本体(ホンタイ、ものの本当の姿、ものの中心的部分)」; 温:◆熱くもなく冷たくもなく程よいさま、暖かなさま、また熱を加えてそのようにする◆穏やかなさま、柔和なさま◆(古く冷めてしまったものを温め直して)蘇(よみがえ)させ
kk_体系_たいけい,体系,たいけい,体:◆頭から足の先までの全身、ものの全部、ものの主要な部分、またその姿形や様子、「身体(シンタイ、体、肉体)」「本体(ホンタイ、ものの本当の姿、ものの中心的部分)」; 系:◆切れている糸を(途切れているものを)繋(つな)ぐ、繋いで結び付ける、途切れないように継(つ)ぐ、同「繫」「係」◆関わる、関わりを持つ、繋がりを持つ、同「係」◆,N2,on,on+on,,体:◆頭から足の先までの全身、ものの全部、ものの主要な部分、またその姿形や様子、「身体(シンタイ、体、肉体)」「本体(ホンタイ、ものの本当の姿、ものの中心的部分)」; 系:◆切れている糸を(途切れているものを)繋(つな)ぐ、繋いで結び付ける、途切れないように継(つ)ぐ、同「繫」「係」◆関わる、関わりを持つ、繋がりを持つ、同「係」◆
kk_何と_なんと,何と,なんと,何:◆(問うときに)なに?◆(物事について)なに、なんの、どういう、どのような◆(人について)だれ◆(幾つかの選択肢について)どれ、いずれ◆(場所について)どこ、い,N2,kun,kun,IL1_okurigana(kun 96%) | IL2_single_okuri(kun 96%),何:◆(問うときに)なに?◆(物事について)なに、なんの、どういう、どのような◆(人について)だれ◆(幾つかの選択肢について)どれ、いずれ◆(場所について)どこ、い
kk_何とも_なんとも,何とも,なんとも,何:◆(問うときに)なに?◆(物事について)なに、なんの、どういう、どのような◆(人について)だれ◆(幾つかの選択肢について)どれ、いずれ◆(場所について)どこ、い,N2,kun,kun,IL1_okurigana(kun 96%) | IL2_single_okuri(kun 96%),何:◆(問うときに)なに?◆(物事について)なに、なんの、どういう、どのような◆(人について)だれ◆(幾つかの選択肢について)どれ、いずれ◆(場所について)どこ、い
kk_何にも_なんにも,何にも,なんにも,何:◆(問うときに)なに?◆(物事について)なに、なんの、どういう、どのような◆(人について)だれ◆(幾つかの選択肢について)どれ、いずれ◆(場所について)どこ、い,N2,kun,kun,IL1_okurigana(kun 96%) | IL2_single_okuri(kun 96%),何:◆(問うときに)なに?◆(物事について)なに、なんの、どういう、どのような◆(人について)だれ◆(幾つかの選択肢について)どれ、いずれ◆(場所について)どこ、い
kk_何の_なんの,何の,なんの,何:◆(問うときに)なに?◆(物事について)なに、なんの、どういう、どのような◆(人について)だれ◆(幾つかの選択肢について)どれ、いずれ◆(場所について)どこ、い,N2,kun,kun,IL1_okurigana(kun 96%) | IL2_single_okuri(kun 96%),何:◆(問うときに)なに?◆(物事について)なに、なんの、どういう、どのような◆(人について)だれ◆(幾つかの選択肢について)どれ、いずれ◆(場所について)どこ、い
kk_何もかも_なにもかも,何もかも,なにもかも,何:◆(問うときに)なに?◆(物事について)なに、なんの、どういう、どのような◆(人について)だれ◆(幾つかの選択肢について)どれ、いずれ◆(場所について)どこ、い,N2,kun,kun,IL1_okurigana(kun 96%) | IL2_single_okuri(kun 96%),何:◆(問うときに)なに?◆(物事について)なに、なんの、どういう、どのような◆(人について)だれ◆(幾つかの選択肢について)どれ、いずれ◆(場所について)どこ、い
kk_何処となく_どことなく,何処となく,どことなく,何:◆(問うときに)なに?◆(物事について)なに、なんの、どういう、どのような◆(人について)だれ◆(幾つかの選択肢について)どれ、いずれ◆(場所について)どこ、い; 処:◆腰を落ち着ける、居(い)る、止(とど)まる、またその場所◆腰を落ち着けて留(とど)まっているさま、「処士(ショシ、能力がありながら出仕しない人))」「処女(シ,N2,other,mixed+mixed~,IL1_okurigana(kun 96%) | A1_compound_oku(kun 90%) | A1_on_kun_mix(on+kun 65%),何:◆(問うときに)なに?◆(物事について)なに、なんの、どういう、どのような◆(人について)だれ◆(幾つかの選択肢について)どれ、いずれ◆(場所について)どこ、い; 処:◆腰を落ち着ける、居(い)る、止(とど)まる、またその場所◆腰を落ち着けて留(とど)まっているさま、「処士(ショシ、能力がありながら出仕しない人))」「処女(シ
kk_何分_なにぶん,何分,なにぶん,何:◆(問うときに)なに?◆(物事について)なに、なんの、どういう、どのような◆(人について)だれ◆(幾つかの選択肢について)どれ、いずれ◆(場所について)どこ、い; 分:◆一つに纏(まと)まっているものを幾つかに切り離す、また幾つかに仕切る(区切る)、「分割(ブンカツ)」、切り離したものを仕分けることを「別」◆一つの纏まりから一,N2,mixed,kun+on~,B_verb_rad_刀(kun 80%),何:◆(問うときに)なに?◆(物事について)なに、なんの、どういう、どのような◆(人について)だれ◆(幾つかの選択肢について)どれ、いずれ◆(場所について)どこ、い; 分:◆一つに纏(まと)まっているものを幾つかに切り離す、また幾つかに仕切る(区切る)、「分割(ブンカツ)」、切り離したものを仕分けることを「別」◆一つの纏まりから一
kk_何時と無く_いつとなく,何時と無く,いつとなく,何:◆(問うときに)なに?◆(物事について)なに、なんの、どういう、どのような◆(人について)だれ◆(幾つかの選択肢について)どれ、いずれ◆(場所について)どこ、い; 時:◆一年の四分の一、季節、「一時(イチジ、三カ月、一季節)」「四時(シジ、四つの季節、四季)」◆一日の十二分の一、現在は二十四分の一、「時刻(ジコク)」◆年代、期; 無:◆ない、存在しない、有(ゆう)していない◆～ではない、～であってはならない◆簡「无」,N2,other,mixed+mixed+mixed~,IL1_okurigana(kun 96%) | A1_compound_oku(kun 90%) | A1_on_kun_mix(on+kun 65%),何:◆(問うときに)なに?◆(物事について)なに、なんの、どういう、どのような◆(人について)だれ◆(幾つかの選択肢について)どれ、いずれ◆(場所について)どこ、い; 時:◆一年の四分の一、季節、「一時(イチジ、三カ月、一季節)」「四時(シジ、四つの季節、四季)」◆一日の十二分の一、現在は二十四分の一、「時刻(ジコク)」◆年代、期; 無:◆ない、存在しない、有(ゆう)していない◆～ではない、～であってはならない◆簡「无」
kk_余りに_あまりに,余りに,あまりに,余:◆われ(我)◆それ以外の、他の◆あま・す、あま・り◇必要な分を取り除いた後に残る、音・匂い・味・印象などがその元となるものがなくなった後も残る◇食べ物の量が多く,N2,kun,kun,IL1_okurigana(kun 96%) | IL2_single_okuri(kun 96%),余:◆われ(我)◆それ以外の、他の◆あま・す、あま・り◇必要な分を取り除いた後に残る、音・匂い・味・印象などがその元となるものがなくなった後も残る◇食べ物の量が多く
kk_余分_よぶん,余分,よぶん,余:◆われ(我)◆それ以外の、他の◆あま・す、あま・り◇必要な分を取り除いた後に残る、音・匂い・味・印象などがその元となるものがなくなった後も残る◇食べ物の量が多く; 分:◆一つに纏(まと)まっているものを幾つかに切り離す、また幾つかに仕切る(区切る)、「分割(ブンカツ)」、切り離したものを仕分けることを「別」◆一つの纏まりから一,N2,on,on+on,A3_short_compound(on+on 71%) | B_verb_rad_刀(kun 80%),余:◆われ(我)◆それ以外の、他の◆あま・す、あま・り◇必要な分を取り除いた後に残る、音・匂い・味・印象などがその元となるものがなくなった後も残る◇食べ物の量が多く; 分:◆一つに纏(まと)まっているものを幾つかに切り離す、また幾つかに仕切る(区切る)、「分割(ブンカツ)」、切り離したものを仕分けることを「別」◆一つの纏まりから一
kk_余所_よそ,余所,よそ,余:◆われ(我)◆それ以外の、他の◆あま・す、あま・り◇必要な分を取り除いた後に残る、音・匂い・味・印象などがその元となるものがなくなった後も残る◇食べ物の量が多く; 所:◆処(ところ)、ものがある場また位置(要所・箇所など)、ことをする場また位置(住所・裁判所など)◆～のこと、「所感(感じること)」「所存(考え思っていること)◆,N2,on,on+on,A3_short_compound(on+on 71%),余:◆われ(我)◆それ以外の、他の◆あま・す、あま・り◇必要な分を取り除いた後に残る、音・匂い・味・印象などがその元となるものがなくなった後も残る◇食べ物の量が多く; 所:◆処(ところ)、ものがある場また位置(要所・箇所など)、ことをする場また位置(住所・裁判所など)◆～のこと、「所感(感じること)」「所存(考え思っていること)◆
kk_余暇_よか,余暇,よか,余:◆われ(我)◆それ以外の、他の◆あま・す、あま・り◇必要な分を取り除いた後に残る、音・匂い・味・印象などがその元となるものがなくなった後も残る◇食べ物の量が多く; 暇:◆(仕事などの合間の)空いた時間、何もすることがない時間、同「假」◆[日]いとま、職を辞(や)める、訪問先を去る,N2,on,on+on,A3_short_compound(on+on 71%),余:◆われ(我)◆それ以外の、他の◆あま・す、あま・り◇必要な分を取り除いた後に残る、音・匂い・味・印象などがその元となるものがなくなった後も残る◇食べ物の量が多く; 暇:◆(仕事などの合間の)空いた時間、何もすることがない時間、同「假」◆[日]いとま、職を辞(や)める、訪問先を去る
kk_余計_よけい,余計,よけい,余:◆われ(我)◆それ以外の、他の◆あま・す、あま・り◇必要な分を取り除いた後に残る、音・匂い・味・印象などがその元となるものがなくなった後も残る◇食べ物の量が多く; 計:◆数える、測る◆(その年の)出納を合わせる◆見積もる、見当をつける,N2,on,on+on,A3_short_compound(on+on 71%) | B_verb_rad_言(kun 80%),余:◆われ(我)◆それ以外の、他の◆あま・す、あま・り◇必要な分を取り除いた後に残る、音・匂い・味・印象などがその元となるものがなくなった後も残る◇食べ物の量が多く; 計:◆数える、測る◆(その年の)出納を合わせる◆見積もる、見当をつける
kk_作曲_さっきょく,作曲,さっきょく,"作:◆働(はたらく)く、力や手を加える、為(な)す、「作業(サギョウ)」「作為(サクイ)」◆力や手を加えることによって物事や状態を変化させる、また他に影響を与える、; 曲:◆真っ直(す)ぐでない、撓(たわ)む、""(""字形のように弧を描くように曲がることを指し""〈""字のように鋭角に曲がることを「折」という◆歪む、正しい状態や方向から",N2,on,on+on,,"作:◆働(はたらく)く、力や手を加える、為(な)す、「作業(サギョウ)」「作為(サクイ)」◆力や手を加えることによって物事や状態を変化させる、また他に影響を与える、; 曲:◆真っ直(す)ぐでない、撓(たわ)む、""(""字形のように弧を描くように曲がることを指し""〈""字のように鋭角に曲がることを「折」という◆歪む、正しい状態や方向から"
kk_作法_さほう,作法,さほう,作:◆働(はたらく)く、力や手を加える、為(な)す、「作業(サギョウ)」「作為(サクイ)」◆力や手を加えることによって物事や状態を変化させる、また他に影響を与える、; 法:◆規律を維持するための決まり、守り従うべき制度や規則、私的なものではなく公(おおやけ)のものを指す◆標準的な或いは慣例となっているやり方、またそれらに従う◆基準,N2,on,on+on,A3_short_compound(on+on 71%),作:◆働(はたらく)く、力や手を加える、為(な)す、「作業(サギョウ)」「作為(サクイ)」◆力や手を加えることによって物事や状態を変化させる、また他に影響を与える、; 法:◆規律を維持するための決まり、守り従うべき制度や規則、私的なものではなく公(おおやけ)のものを指す◆標準的な或いは慣例となっているやり方、またそれらに従う◆基準
kk_作物_さくもつ,作物,さくもつ,作:◆働(はたらく)く、力や手を加える、為(な)す、「作業(サギョウ)」「作為(サクイ)」◆力や手を加えることによって物事や状態を変化させる、また他に影響を与える、; 物:◆(天地の間に存在する)人以外の形のあるもの、人は「者」、形のないものは「事」,N2,on,on+on,B_noun_rad_牛(kun 93%),作:◆働(はたらく)く、力や手を加える、為(な)す、「作業(サギョウ)」「作為(サクイ)」◆力や手を加えることによって物事や状態を変化させる、また他に影響を与える、; 物:◆(天地の間に存在する)人以外の形のあるもの、人は「者」、形のないものは「事」
kk_使い分け_つかいわけ,使い分け,つかいわけ,使:◆つか・う、人や家畜を働かせる、道具などを用いる◆つか・い、用事をする◆つか・わす、用事などを伝えるために人を差し向ける◆～に～させる◆もし～、仮に～; 分:◆一つに纏(まと)まっているものを幾つかに切り離す、また幾つかに仕切る(区切る)、「分割(ブンカツ)」、切り離したものを仕分けることを「別」◆一つの纏まりから一,N2,kun,kun+kun~,IL1_okurigana(kun 96%) | A1_compound_oku(kun 90%) | A1_on_kun_mix(on+kun 65%),使:◆つか・う、人や家畜を働かせる、道具などを用いる◆つか・い、用事をする◆つか・わす、用事などを伝えるために人を差し向ける◆～に～させる◆もし～、仮に～; 分:◆一つに纏(まと)まっているものを幾つかに切り離す、また幾つかに仕切る(区切る)、「分割(ブンカツ)」、切り離したものを仕分けることを「別」◆一つの纏まりから一
kk_使い果たす_つかいはたす,使い果たす,つかいはたす,使:◆つか・う、人や家畜を働かせる、道具などを用いる◆つか・い、用事をする◆つか・わす、用事などを伝えるために人を差し向ける◆～に～させる◆もし～、仮に～; 果:◆木の実、同「菓」◆は・たす、最後まで成し遂げる◆(芽を出し生長し花を咲かせ最終的には実が成ることから)物事の結末、最後まで成し遂げることによって得るもの、「結,N2,mixed,kun+on~,IL1_okurigana(kun 96%) | A1_compound_oku(kun 90%) | A1_on_kun_mix(on+kun 65%),使:◆つか・う、人や家畜を働かせる、道具などを用いる◆つか・い、用事をする◆つか・わす、用事などを伝えるために人を差し向ける◆～に～させる◆もし～、仮に～; 果:◆木の実、同「菓」◆は・たす、最後まで成し遂げる◆(芽を出し生長し花を咲かせ最終的には実が成ることから)物事の結末、最後まで成し遂げることによって得るもの、「結
kk_侘び_わび,侘び,わび,侘:◆誇(ほこ)る、中身のないものを大きく見せようとする、「【史記:卷一百八:韓長孺列傳】…車旗皆帝所賜也卽欲以侘鄙縣(…侘音丑亞反誇也…)驅馳國中以夸諸侯…」◆願,N2,kun,kun,IL1_okurigana(kun 96%) | IL2_single_okuri(kun 96%),侘:◆誇(ほこ)る、中身のないものを大きく見せようとする、「【史記:卷一百八:韓長孺列傳】…車旗皆帝所賜也卽欲以侘鄙縣(…侘音丑亞反誇也…)驅馳國中以夸諸侯…」◆願
kk_供給_きょうきゅう,供給,きょうきゅう,供:◆両手で物を捧(ささ)げ持つ、恭(うやうや)しく捧げ持つ、同「龔」◆労働・金品などを差し出す、また差し出して役立てる◆「供給(キョウキュウ)」、必要があるところ; 給:◆足りていないところ(加える必要があるところ)に足して繋(つな)ぎ合わせる◆必要があるところに必要とするものを補(おぎな)う、足して足りるようにする◆上位の人(,N2,on,on+on,,供:◆両手で物を捧(ささ)げ持つ、恭(うやうや)しく捧げ持つ、同「龔」◆労働・金品などを差し出す、また差し出して役立てる◆「供給(キョウキュウ)」、必要があるところ; 給:◆足りていないところ(加える必要があるところ)に足して繋(つな)ぎ合わせる◆必要があるところに必要とするものを補(おぎな)う、足して足りるようにする◆上位の人(
kk_依頼_いらい,依頼,いらい,依:◆寄り掛かる、凭(もた)れ掛る◆拠(よ)る、他のものを拠りどころにする、他のものを頼りにする、「依據(イキョ、依拠、よりどころとすること)」◆従う、他のものに従; 頼:◆他に任(まか)せ切りにする、他を当てにする◆仕事や責任などを他に押し付ける、他のせいにする◆「無頼(ブライ)」◇他を当てにしない◇嘘ばかりで狡賢(ずるがしこ),N2,on,on+on,A3_short_compound(on+on 71%),依:◆寄り掛かる、凭(もた)れ掛る◆拠(よ)る、他のものを拠りどころにする、他のものを頼りにする、「依據(イキョ、依拠、よりどころとすること)」◆従う、他のものに従; 頼:◆他に任(まか)せ切りにする、他を当てにする◆仕事や責任などを他に押し付ける、他のせいにする◆「無頼(ブライ)」◇他を当てにしない◇嘘ばかりで狡賢(ずるがしこ)
kk_侵入_しんにゅう,侵入,しんにゅう,侵:◆少しずつ(じわじわと)入り込む、また入ってくる、同「浸」; 入:◆範囲・領域・組織や区切り・境界の外(外側、外部、表側、向こう側、公のところ)から内(内側、内部、裏側、こちら側、私的なところ)に移る、また移す、内から外へ移る,N2,on,on+on,,侵:◆少しずつ(じわじわと)入り込む、また入ってくる、同「浸」; 入:◆範囲・領域・組織や区切り・境界の外(外側、外部、表側、向こう側、公のところ)から内(内側、内部、裏側、こちら側、私的なところ)に移る、また移す、内から外へ移る
kk_侵害_しんがい,侵害,しんがい,侵:◆少しずつ(じわじわと)入り込む、また入ってくる、同「浸」; 害:◆状態を悪くする、損(そこ)なう、傷付ける、妨(さまた)げる、良好な状態とは逆の状態になる◆なぜ、どうして、どうして～しないのか、同「盍」,N2,on,on+on,B_noun_rad_宀(kun 93%),侵:◆少しずつ(じわじわと)入り込む、また入ってくる、同「浸」; 害:◆状態を悪くする、損(そこ)なう、傷付ける、妨(さまた)げる、良好な状態とは逆の状態になる◆なぜ、どうして、どうして～しないのか、同「盍」
kk_侵略_しんりゃく,侵略,しんりゃく,侵:◆少しずつ(じわじわと)入り込む、また入ってくる、同「浸」; 略:◆治(おさ)める、統治する、またそのための方策、またその土地・領地、またその境界◆掠(かす)める、奪い取る、同「掠」◆主要な部分だけを残してそれ以外を省(はぶ),N2,on,on+on,,侵:◆少しずつ(じわじわと)入り込む、また入ってくる、同「浸」; 略:◆治(おさ)める、統治する、またそのための方策、またその土地・領地、またその境界◆掠(かす)める、奪い取る、同「掠」◆主要な部分だけを残してそれ以外を省(はぶ)
kk_便箋_びんせん,便箋,びんせん,便:◆安らかなさま、差し障る(さしさわる)ようなことがないさま◆都合が良いさま、ちょうど良いさま、(物事をするのに)適(テキ)しているさま、「便宜(ベンギ)」「便利; 箋:◆書物の表題や注記・覚書(おぼえがき、メモmemo)などを記すために使う小さい札や紙片◆手紙や詩文・書画などを書くために使われる札や用紙、同「牋」◆手紙,N2,on,on+on,B_noun_rad_竹(kun 93%),便:◆安らかなさま、差し障る(さしさわる)ようなことがないさま◆都合が良いさま、ちょうど良いさま、(物事をするのに)適(テキ)しているさま、「便宜(ベンギ)」「便利; 箋:◆書物の表題や注記・覚書(おぼえがき、メモmemo)などを記すために使う小さい札や紙片◆手紙や詩文・書画などを書くために使われる札や用紙、同「牋」◆手紙
kk_俄か_にわか,俄か,にわか,俄:◆急に、突然に、がくっと、がくんと、急に状態が変わることを指す、「【毛詩正義(毛詩註疏):卷二十一:小雅:賓之初筵】…側弁之俄(《箋》…俄傾貌…)[†「がくっと,N2,kun,kun,IL1_okurigana(kun 96%) | IL2_single_okuri(kun 96%),俄:◆急に、突然に、がくっと、がくんと、急に状態が変わることを指す、「【毛詩正義(毛詩註疏):卷二十一:小雅:賓之初筵】…側弁之俄(《箋》…俄傾貌…)[†「がくっと
kk_保健_ほけん,保健,ほけん,保:◆(子供などを)大切に守り育てる、「保護(ホゴ)」◆傍(そば)に付き添い助け守る、「保母(ホボ)」、傍に付き添いながら助言・教育する、「太保(タイホ、古代の官職; 健:◆体力や気力がある(衰おとろえたり滞とどこおったりすることがない)さま、しっかりとしているさま、同「徤」,N2,on,on+on,A3_short_compound(on+on 71%),保:◆(子供などを)大切に守り育てる、「保護(ホゴ)」◆傍(そば)に付き添い助け守る、「保母(ホボ)」、傍に付き添いながら助言・教育する、「太保(タイホ、古代の官職; 健:◆体力や気力がある(衰おとろえたり滞とどこおったりすることがない)さま、しっかりとしているさま、同「徤」
kk_保守的_ほしゅてき,保守的,ほしゅてき,保:◆(子供などを)大切に守り育てる、「保護(ホゴ)」◆傍(そば)に付き添い助け守る、「保母(ホボ)」、傍に付き添いながら助言・教育する、「太保(タイホ、古代の官職; 守:◆古代の官名、同「𡬮」、「太守(タイシュ、郡や府の長官、地方の長官)」◆同じ状態に保(たも)つ、「守備(シュビ、備え守る)」◆(異変がないかを)見張る、番(バン; 的:◆弓で矢を射(い)る時の目標とするもの、同「㢩」「墑」◆額(ひたい)の部分だけが白い馬、またその額の白い部分、女性が額に施(ほどこ)す(赤い点状の)装飾◆(弓の,N2,on,on+on+on,A4_multi_on(on+on+on 65%) | B_noun_rad_宀(kun 93%),保:◆(子供などを)大切に守り育てる、「保護(ホゴ)」◆傍(そば)に付き添い助け守る、「保母(ホボ)」、傍に付き添いながら助言・教育する、「太保(タイホ、古代の官職; 守:◆古代の官名、同「𡬮」、「太守(タイシュ、郡や府の長官、地方の長官)」◆同じ状態に保(たも)つ、「守備(シュビ、備え守る)」◆(異変がないかを)見張る、番(バン; 的:◆弓で矢を射(い)る時の目標とするもの、同「㢩」「墑」◆額(ひたい)の部分だけが白い馬、またその額の白い部分、女性が額に施(ほどこ)す(赤い点状の)装飾◆(弓の
kk_保管_ほかん,保管,ほかん,保:◆(子供などを)大切に守り育てる、「保護(ホゴ)」◆傍(そば)に付き添い助け守る、「保母(ホボ)」、傍に付き添いながら助言・教育する、「太保(タイホ、古代の官職; 管:◆息を吹き込んで音を出す笛(ふえ)などの細長い筒(つつ)状の楽器◆細長い円柱状で内部が空洞になっているもの、またそのような形のもの◆「管鍵(カンケン)」、鍵穴(,N2,on,on+on,A3_short_compound(on+on 71%) | B_noun_rad_竹(kun 93%),保:◆(子供などを)大切に守り育てる、「保護(ホゴ)」◆傍(そば)に付き添い助け守る、「保母(ホボ)」、傍に付き添いながら助言・教育する、「太保(タイホ、古代の官職; 管:◆息を吹き込んで音を出す笛(ふえ)などの細長い筒(つつ)状の楽器◆細長い円柱状で内部が空洞になっているもの、またそのような形のもの◆「管鍵(カンケン)」、鍵穴(
kk_保護_ほご,保護,ほご,保:◆(子供などを)大切に守り育てる、「保護(ホゴ)」◆傍(そば)に付き添い助け守る、「保母(ホボ)」、傍に付き添いながら助言・教育する、「太保(タイホ、古代の官職; 護:◆周(まわ)りを囲んで中のものを守る、庇(かば)い守る、外からの災禍(サイカ)や危害(キガイ)などを防ぎ守る、「保護(ホゴ)」,N2,on,on+on,A3_short_compound(on+on 71%) | B_verb_rad_言(kun 80%),保:◆(子供などを)大切に守り育てる、「保護(ホゴ)」◆傍(そば)に付き添い助け守る、「保母(ホボ)」、傍に付き添いながら助言・教育する、「太保(タイホ、古代の官職; 護:◆周(まわ)りを囲んで中のものを守る、庇(かば)い守る、外からの災禍(サイカ)や危害(キガイ)などを防ぎ守る、「保護(ホゴ)」
kk_保険_ほけん,保険,ほけん,保:◆(子供などを)大切に守り育てる、「保護(ホゴ)」◆傍(そば)に付き添い助け守る、「保母(ホボ)」、傍に付き添いながら助言・教育する、「太保(タイホ、古代の官職; 険:◆山が高く切り立っているさま、行く手を阻(はば)むように山が高く立ちはだかっているさま、またそのようなところ◆危(あぶ)ない、危(あや)うい状況や困難な状況に遭,N2,on,on+on,A3_short_compound(on+on 71%),保:◆(子供などを)大切に守り育てる、「保護(ホゴ)」◆傍(そば)に付き添い助け守る、「保母(ホボ)」、傍に付き添いながら助言・教育する、「太保(タイホ、古代の官職; 険:◆山が高く切り立っているさま、行く手を阻(はば)むように山が高く立ちはだかっているさま、またそのようなところ◆危(あぶ)ない、危(あや)うい状況や困難な状況に遭
kk_保障_ほしょう,保障,ほしょう,保:◆(子供などを)大切に守り育てる、「保護(ホゴ)」◆傍(そば)に付き添い助け守る、「保母(ホボ)」、傍に付き添いながら助言・教育する、「太保(タイホ、古代の官職; 障:◆間が仕切られている、仕切る◆仕切られていて向こう側へ行けない、仕切って行く手を遮(さえぎ)る、妨げる◆仕切って遮(さえぎ)るもの、壁や塀・障子や衝立など◆差し,N2,on,on+on,A3_short_compound(on+on 71%),保:◆(子供などを)大切に守り育てる、「保護(ホゴ)」◆傍(そば)に付き添い助け守る、「保母(ホボ)」、傍に付き添いながら助言・教育する、「太保(タイホ、古代の官職; 障:◆間が仕切られている、仕切る◆仕切られていて向こう側へ行けない、仕切って行く手を遮(さえぎ)る、妨げる◆仕切って遮(さえぎ)るもの、壁や塀・障子や衝立など◆差し
kk_信仰_しんこう,信仰,しんこう,信:◆誠実なさま、嘘偽りがないさま、言ったことを違(たが)えないさま◆確かであるとして疑わない、一点の疑いもない、「信用する」の意◆確かな、間違いない、確かに、本当; 仰:◆顔を上に向ける、高いところにあるものの方に顔を向ける、同「卬」◆慕(した)い敬(うやま)う◆頼(たよ)る◆下位の人が高位の人から受けるお言葉やご指示◆「偃仰(,N2,on,on+on,,信:◆誠実なさま、嘘偽りがないさま、言ったことを違(たが)えないさま◆確かであるとして疑わない、一点の疑いもない、「信用する」の意◆確かな、間違いない、確かに、本当; 仰:◆顔を上に向ける、高いところにあるものの方に顔を向ける、同「卬」◆慕(した)い敬(うやま)う◆頼(たよ)る◆下位の人が高位の人から受けるお言葉やご指示◆「偃仰(
kk_修了_しゅうりょう,修了,しゅうりょう,修:◆荒々しいところ・ごつごつしたところを取り除いて形を整える、足りないところ・欠けているところを補いてすっきりした形にする◆足りないところ・欠けているところを補い; 了:◆～し終わる、～し終える、完結する◆はっきりと分かる、はっきりしている、明らかなさま、同「瞭」◆全く、すっかり,N2,on,on+on,,修:◆荒々しいところ・ごつごつしたところを取り除いて形を整える、足りないところ・欠けているところを補いてすっきりした形にする◆足りないところ・欠けているところを補い; 了:◆～し終わる、～し終える、完結する◆はっきりと分かる、はっきりしている、明らかなさま、同「瞭」◆全く、すっかり
kk_修得_しゅうとく,修得,しゅうとく,修:◆荒々しいところ・ごつごつしたところを取り除いて形を整える、足りないところ・欠けているところを補いてすっきりした形にする◆足りないところ・欠けているところを補い; 得:◆手に入れる、手に入る、自分のものにする、自分のものになる、身に付く◆ぴったりと合う、相応(ふさわ)しい◆意に適(かな)う◆～できる◆儲(もう)かる、出て行くも,N2,on,on+on,,修:◆荒々しいところ・ごつごつしたところを取り除いて形を整える、足りないところ・欠けているところを補いてすっきりした形にする◆足りないところ・欠けているところを補い; 得:◆手に入れる、手に入る、自分のものにする、自分のものになる、身に付く◆ぴったりと合う、相応(ふさわ)しい◆意に適(かな)う◆～できる◆儲(もう)かる、出て行くも
kk_修正_しゅうせい,修正,しゅうせい,修:◆荒々しいところ・ごつごつしたところを取り除いて形を整える、足りないところ・欠けているところを補いてすっきりした形にする◆足りないところ・欠けているところを補い; 正:◆まっすぐなさま、曲がり・歪(ゆが)み・偏(かたよ)りなどがないさま◆他のものが雑(ま)じっていないさま、また混(ま)じっていないさま、また交(ま)じっていない,N2,on,on+on,,修:◆荒々しいところ・ごつごつしたところを取り除いて形を整える、足りないところ・欠けているところを補いてすっきりした形にする◆足りないところ・欠けているところを補い; 正:◆まっすぐなさま、曲がり・歪(ゆが)み・偏(かたよ)りなどがないさま◆他のものが雑(ま)じっていないさま、また混(ま)じっていないさま、また交(ま)じっていない
kk_修繕_しゅうぜん,修繕,しゅうぜん,修:◆荒々しいところ・ごつごつしたところを取り除いて形を整える、足りないところ・欠けているところを補いてすっきりした形にする◆足りないところ・欠けているところを補い; 繕:◆衣服の綻(ほころ)びなどを元通りにする、補修する、同「敾」◆間違いや欠けたところなどを補い修正しながら書き写す、同「𧭽」,N2,on,on+on,,修:◆荒々しいところ・ごつごつしたところを取り除いて形を整える、足りないところ・欠けているところを補いてすっきりした形にする◆足りないところ・欠けているところを補い; 繕:◆衣服の綻(ほころ)びなどを元通りにする、補修する、同「敾」◆間違いや欠けたところなどを補い修正しながら書き写す、同「𧭽」
kk_修飾_しゅうしょく,修飾,しゅうしょく,修:◆荒々しいところ・ごつごつしたところを取り除いて形を整える、足りないところ・欠けているところを補いてすっきりした形にする◆足りないところ・欠けているところを補い; 飾:◆表面(人の目に触れるところ)の汚れや不要なものを取り去って、また粗削りなところに手を加えて、美しくする、「修飾(シュウショク)」◆上から覆(おお)って美しく見,N2,on,on+on,,修:◆荒々しいところ・ごつごつしたところを取り除いて形を整える、足りないところ・欠けているところを補いてすっきりした形にする◆足りないところ・欠けているところを補い; 飾:◆表面(人の目に触れるところ)の汚れや不要なものを取り去って、また粗削りなところに手を加えて、美しくする、「修飾(シュウショク)」◆上から覆(おお)って美しく見
kk_俳句_はいく,俳句,はいく,"俳:◆滑稽(コッケイ)な、面白(おもしろ)おかしい◆戯(おど)け芝居、またその芸人、「俳優(ハイユウ、古くは戯け芝居の芸人、また広く劇などを演ずる人)」◆「俳佪(ハ; 句:◆曲がる、湾曲する、同「勾」◆言葉や文章の区切り、""」(閉じ鉤括弧、縦書きの場合は""Ｌ""のような形で表す)""、現代では読点(、頓号)・コンマcomma(,逗号)",N2,on,on+on,A3_short_compound(on+on 71%),"俳:◆滑稽(コッケイ)な、面白(おもしろ)おかしい◆戯(おど)け芝居、またその芸人、「俳優(ハイユウ、古くは戯け芝居の芸人、また広く劇などを演ずる人)」◆「俳佪(ハ; 句:◆曲がる、湾曲する、同「勾」◆言葉や文章の区切り、""」(閉じ鉤括弧、縦書きの場合は""Ｌ""のような形で表す)""、現代では読点(、頓号)・コンマcomma(,逗号)"
kk_個人的_こじんてき,個人的,こじんてき,個:◆形のあるものを数える語、またその一つ一つを指す語、同「个」「箇」◆簡「个」; 人:◆霊長目ヒト科ヒト属の生物、ホモ・サピエンスHomo sapiens(「知恵の人」の意)、同「儿」◆自分以外の者、「人我(ジンガ、他人と自分)」◆人の数(かず); 的:◆弓で矢を射(い)る時の目標とするもの、同「㢩」「墑」◆額(ひたい)の部分だけが白い馬、またその額の白い部分、女性が額に施(ほどこ)す(赤い点状の)装飾◆(弓の,N2,on,on+on+on,A4_multi_on(on+on+on 65%),個:◆形のあるものを数える語、またその一つ一つを指す語、同「个」「箇」◆簡「个」; 人:◆霊長目ヒト科ヒト属の生物、ホモ・サピエンスHomo sapiens(「知恵の人」の意)、同「儿」◆自分以外の者、「人我(ジンガ、他人と自分)」◆人の数(かず); 的:◆弓で矢を射(い)る時の目標とするもの、同「㢩」「墑」◆額(ひたい)の部分だけが白い馬、またその額の白い部分、女性が額に施(ほどこ)す(赤い点状の)装飾◆(弓の
kk_候補_こうほ,候補,こうほ,候:◆高いところから遠くを見やる、辺りの様子を探(さぐ)る、「候望(コウボウ)」◆階位や年齢が上の人を訪ねる、訪ねて様子や機嫌を伺(うかが)う、「伺候(シコウ)」「; 補:◆衣服の綻(ほころ)びを繕(つくろ)う◆割れ目や欠けたところや足りないところを埋める◆力を貸し支え助ける◆数の単位、10兆=1經、10經=1垓、10垓=1補,N2,on,on+on,A3_short_compound(on+on 71%),候:◆高いところから遠くを見やる、辺りの様子を探(さぐ)る、「候望(コウボウ)」◆階位や年齢が上の人を訪ねる、訪ねて様子や機嫌を伺(うかが)う、「伺候(シコウ)」「; 補:◆衣服の綻(ほころ)びを繕(つくろ)う◆割れ目や欠けたところや足りないところを埋める◆力を貸し支え助ける◆数の単位、10兆=1經、10經=1垓、10垓=1補
kk_借り_かり,借り,かり,借:◆後で返すことを条件に人の所有物を預かり用いる、同「貣」◆後で返すことを条件に人の所有物を別人に預け用いさせる、貸す、同「貸」◆他のものや別のものを仮に用いる、,N2,kun,kun,IL1_okurigana(kun 96%) | IL2_single_okuri(kun 96%),借:◆後で返すことを条件に人の所有物を預かり用いる、同「貣」◆後で返すことを条件に人の所有物を別人に預け用いさせる、貸す、同「貸」◆他のものや別のものを仮に用いる、
kk_借り入れる_かりいれる,借り入れる,かりいれる,借:◆後で返すことを条件に人の所有物を預かり用いる、同「貣」◆後で返すことを条件に人の所有物を別人に預け用いさせる、貸す、同「貸」◆他のものや別のものを仮に用いる、; 入:◆範囲・領域・組織や区切り・境界の外(外側、外部、表側、向こう側、公のところ)から内(内側、内部、裏側、こちら側、私的なところ)に移る、また移す、内から外へ移る,N2,kun,kun+kun~,IL1_okurigana(kun 96%) | A1_compound_oku(kun 90%) | A1_on_kun_mix(on+kun 65%),借:◆後で返すことを条件に人の所有物を預かり用いる、同「貣」◆後で返すことを条件に人の所有物を別人に預け用いさせる、貸す、同「貸」◆他のものや別のものを仮に用いる、; 入:◆範囲・領域・組織や区切り・境界の外(外側、外部、表側、向こう側、公のところ)から内(内側、内部、裏側、こちら側、私的なところ)に移る、また移す、内から外へ移る
kk_借家_しゃくや,借家,しゃくや,借:◆後で返すことを条件に人の所有物を預かり用いる、同「貣」◆後で返すことを条件に人の所有物を別人に預け用いさせる、貸す、同「貸」◆他のものや別のものを仮に用いる、; 家:◆屋根(「宀」)があり四周が戸や壁で遮(さえぎ)られている建物、豕(いのこ、ブタ)などの大切な家畜を飼(か)う建物◆同じ屋根の下で親子や一族が共に生活する、人が,N2,mixed,on+kun~,A3_short_compound(on+on 71%) | B_noun_rad_宀(kun 93%),借:◆後で返すことを条件に人の所有物を預かり用いる、同「貣」◆後で返すことを条件に人の所有物を別人に預け用いさせる、貸す、同「貸」◆他のものや別のものを仮に用いる、; 家:◆屋根(「宀」)があり四周が戸や壁で遮(さえぎ)られている建物、豕(いのこ、ブタ)などの大切な家畜を飼(か)う建物◆同じ屋根の下で親子や一族が共に生活する、人が
kk_倣う_ならう,倣う,ならう,倣:◆姿形(すがたかたち)や方法などの手本となるものを見て学び、それに似(に)せる、似せた形に作る、似せた方法でする、同「傚」,N2,kun,kun,IL1_okurigana(kun 96%) | IL2_single_okuri(kun 96%),倣:◆姿形(すがたかたち)や方法などの手本となるものを見て学び、それに似(に)せる、似せた形に作る、似せた方法でする、同「傚」
kk_値_ね,値,ね,値:◆それがどの程度であるかを評価した結果示される価(あたい)、価格(カカク、物の値段、値打ち)、品位(ヒンイ、人や物の値打ち)、数(かず、数えた結果得られる数値),N2,kun,kun,IL2_single_default(kun 84%),値:◆それがどの程度であるかを評価した結果示される価(あたい)、価格(カカク、物の値段、値打ち)、品位(ヒンイ、人や物の値打ち)、数(かず、数えた結果得られる数値)
kk_値上がり_ねあがり,値上がり,ねあがり,値:◆それがどの程度であるかを評価した結果示される価(あたい)、価格(カカク、物の値段、値打ち)、品位(ヒンイ、人や物の値打ち)、数(かず、数えた結果得られる数値); 上:◆位置・場所・地位などが高い、高い方にある◆高い方に移る、昇る、登る◆順序・時間などが前、前の方にある◆前の方に移る◆等級・品質などが高い、優れている◆殿様、皇,N2,kun,kun+kun,IL1_okurigana(kun 96%) | A1_compound_oku(kun 90%) | A1_on_kun_mix(on+kun 65%),値:◆それがどの程度であるかを評価した結果示される価(あたい)、価格(カカク、物の値段、値打ち)、品位(ヒンイ、人や物の値打ち)、数(かず、数えた結果得られる数値); 上:◆位置・場所・地位などが高い、高い方にある◆高い方に移る、昇る、登る◆順序・時間などが前、前の方にある◆前の方に移る◆等級・品質などが高い、優れている◆殿様、皇
kk_値上げ_ねあげ,値上げ,ねあげ,値:◆それがどの程度であるかを評価した結果示される価(あたい)、価格(カカク、物の値段、値打ち)、品位(ヒンイ、人や物の値打ち)、数(かず、数えた結果得られる数値); 上:◆位置・場所・地位などが高い、高い方にある◆高い方に移る、昇る、登る◆順序・時間などが前、前の方にある◆前の方に移る◆等級・品質などが高い、優れている◆殿様、皇,N2,kun,kun+kun,IL1_okurigana(kun 96%) | A1_compound_oku(kun 90%) | A1_on_kun_mix(on+kun 65%),値:◆それがどの程度であるかを評価した結果示される価(あたい)、価格(カカク、物の値段、値打ち)、品位(ヒンイ、人や物の値打ち)、数(かず、数えた結果得られる数値); 上:◆位置・場所・地位などが高い、高い方にある◆高い方に移る、昇る、登る◆順序・時間などが前、前の方にある◆前の方に移る◆等級・品質などが高い、優れている◆殿様、皇
kk_値下がり_ねさがり,値下がり,ねさがり,値:◆それがどの程度であるかを評価した結果示される価(あたい)、価格(カカク、物の値段、値打ち)、品位(ヒンイ、人や物の値打ち)、数(かず、数えた結果得られる数値); 下:◆位置・場所・地位などが低い、低い方にある◆低い方に移る、降りる、落ちる◆順序・時間などが後(あと)、後の方にある◆後の方に移る、後(うし)ろの方へ退く◆等級・,N2,kun,kun+kun,IL1_okurigana(kun 96%) | A1_compound_oku(kun 90%) | A1_on_kun_mix(on+kun 65%),値:◆それがどの程度であるかを評価した結果示される価(あたい)、価格(カカク、物の値段、値打ち)、品位(ヒンイ、人や物の値打ち)、数(かず、数えた結果得られる数値); 下:◆位置・場所・地位などが低い、低い方にある◆低い方に移る、降りる、落ちる◆順序・時間などが後(あと)、後の方にある◆後の方に移る、後(うし)ろの方へ退く◆等級・
kk_値下げ_ねさげ,値下げ,ねさげ,値:◆それがどの程度であるかを評価した結果示される価(あたい)、価格(カカク、物の値段、値打ち)、品位(ヒンイ、人や物の値打ち)、数(かず、数えた結果得られる数値); 下:◆位置・場所・地位などが低い、低い方にある◆低い方に移る、降りる、落ちる◆順序・時間などが後(あと)、後の方にある◆後の方に移る、後(うし)ろの方へ退く◆等級・,N2,kun,kun+kun,IL1_okurigana(kun 96%) | A1_compound_oku(kun 90%) | A1_on_kun_mix(on+kun 65%),値:◆それがどの程度であるかを評価した結果示される価(あたい)、価格(カカク、物の値段、値打ち)、品位(ヒンイ、人や物の値打ち)、数(かず、数えた結果得られる数値); 下:◆位置・場所・地位などが低い、低い方にある◆低い方に移る、降りる、落ちる◆順序・時間などが後(あと)、後の方にある◆後の方に移る、後(うし)ろの方へ退く◆等級・
kk_値引き_ねびき,値引き,ねびき,値:◆それがどの程度であるかを評価した結果示される価(あたい)、価格(カカク、物の値段、値打ち)、品位(ヒンイ、人や物の値打ち)、数(かず、数えた結果得られる数値); 引:◆(弓の弦iに指を掛け、ぐいと)手前に寄せる、「向こうへぐいと押しやる」とは逆の動きをいう◆ぐいと伸ばす、「引領(インレイ、首を伸ばす、首を伸ばして待ち受ける),N2,other,mixed+mixed~,IL1_okurigana(kun 96%) | A1_compound_oku(kun 90%) | A1_on_kun_mix(on+kun 65%),値:◆それがどの程度であるかを評価した結果示される価(あたい)、価格(カカク、物の値段、値打ち)、品位(ヒンイ、人や物の値打ち)、数(かず、数えた結果得られる数値); 引:◆(弓の弦iに指を掛け、ぐいと)手前に寄せる、「向こうへぐいと押しやる」とは逆の動きをいう◆ぐいと伸ばす、「引領(インレイ、首を伸ばす、首を伸ばして待ち受ける)
kk_倹約_けんやく,倹約,けんやく,倹:◆度を超(こ)えずに控え目にする、「儉約(ケンヤク)」◆不要な部分を省略して必要な部分だけを残す、無駄がないように簡素にする; 約:◆束ねる、纏(まと)めて束ねる、小さく纏める、同「𠣩」◆結ぶ、結び目、「約定(ヤクジョウ、互いに取り決め結び合うこと)」◆「約束(ヤクソク)」◇しっかりと縛(し,N2,on,on+on,,倹:◆度を超(こ)えずに控え目にする、「儉約(ケンヤク)」◆不要な部分を省略して必要な部分だけを残す、無駄がないように簡素にする; 約:◆束ねる、纏(まと)めて束ねる、小さく纏める、同「𠣩」◆結ぶ、結び目、「約定(ヤクジョウ、互いに取り決め結び合うこと)」◆「約束(ヤクソク)」◇しっかりと縛(し
kk_偏る_かたよる,偏る,かたよる,偏:◆かたよ・る、真ん中から外れてどちらか片方に寄る、片寄る、傾く、「偏見(ヘンケン、片寄った考え)」◆中央から遠く離れる、「偏僻(ヘンペキ、都から遠く離れた地)」,N2,kun,kun,IL1_okurigana(kun 96%) | IL2_single_okuri(kun 96%),偏:◆かたよ・る、真ん中から外れてどちらか片方に寄る、片寄る、傾く、「偏見(ヘンケン、片寄った考え)」◆中央から遠く離れる、「偏僻(ヘンペキ、都から遠く離れた地)」
kk_停止_ていし,停止,ていし,停:◆連続・継続する動きや流れ(道程・工程・時間・年月など)の途中で一旦(イッタン、少しの間、一時的に)同じ場所や状態に留(とど)まる、同「亭」◆止(とど)まる、止; 止:◆ものが動かないように(しっかりと)立つための支えとなる基(もと、土台)◆体を支える足(あし)◆同じ所に留(とど)まって動かない[†「止」は止まったまま動かない,N2,on,on+on,A3_short_compound(on+on 71%),停:◆連続・継続する動きや流れ(道程・工程・時間・年月など)の途中で一旦(イッタン、少しの間、一時的に)同じ場所や状態に留(とど)まる、同「亭」◆止(とど)まる、止; 止:◆ものが動かないように(しっかりと)立つための支えとなる基(もと、土台)◆体を支える足(あし)◆同じ所に留(とど)まって動かない[†「止」は止まったまま動かない
kk_健闘_けんとう,健闘,けんとう,健:◆体力や気力がある(衰おとろえたり滞とどこおったりすることがない)さま、しっかりとしているさま、同「徤」; 闘:◆互いに向き合って戦う、また争う、また競う,N2,on,on+on,,健:◆体力や気力がある(衰おとろえたり滞とどこおったりすることがない)さま、しっかりとしているさま、同「徤」; 闘:◆互いに向き合って戦う、また争う、また競う
kk_偶然_ぐうぜん,偶然,ぐうぜん,偶:◆人の形に似せた人形、「偶像(グウゾウ)」「木偶(モクグウ、でく)」、同「𣕃」◆夫婦などのように同等のものが対(ツイ、二つで一組)になる◆2で割り切れる数、「偶; 然:◆燃やす、火で焼く、「イヌ(犬、狗)の肉(月)を燃やす(灬)」の意、同「燃」◆～のような、～のように◆しか・も、その上に、それでも◆しか・り、その通り、yes◆,N2,on,on+on,,偶:◆人の形に似せた人形、「偶像(グウゾウ)」「木偶(モクグウ、でく)」、同「𣕃」◆夫婦などのように同等のものが対(ツイ、二つで一組)になる◆2で割り切れる数、「偶; 然:◆燃やす、火で焼く、「イヌ(犬、狗)の肉(月)を燃やす(灬)」の意、同「燃」◆～のような、～のように◆しか・も、その上に、それでも◆しか・り、その通り、yes◆
kk_傑作_けっさく,傑作,けっさく,傑:◆突出している、抜きん出ている、群を抜いて秀(ひい)でている、またそのような人、「英」は万人、「俊」は千人、「傑」は百人、「豪」は十人に一人の逸材、同簡「杰」、; 作:◆働(はたらく)く、力や手を加える、為(な)す、「作業(サギョウ)」「作為(サクイ)」◆力や手を加えることによって物事や状態を変化させる、また他に影響を与える、,N2,on,on+on,,傑:◆突出している、抜きん出ている、群を抜いて秀(ひい)でている、またそのような人、「英」は万人、「俊」は千人、「傑」は百人、「豪」は十人に一人の逸材、同簡「杰」、; 作:◆働(はたらく)く、力や手を加える、為(な)す、「作業(サギョウ)」「作為(サクイ)」◆力や手を加えることによって物事や状態を変化させる、また他に影響を与える、
kk_備える_そなえる,備える,そなえる,備:◆必要なものを用意しておく、(いざという時のために)予め揃えておく◆身に付いている、身に具(そな)わる◆つぶさ・に、必要なものは全て、ことごとく,N2,kun,kun,IL1_okurigana(kun 96%) | IL2_single_okuri(kun 96%),備:◆必要なものを用意しておく、(いざという時のために)予め揃えておく◆身に付いている、身に具(そな)わる◆つぶさ・に、必要なものは全て、ことごとく
kk_催し_もよおし,催し,もよおし,催:◆促(うなが)す、急(せ)き立てる、「催促(サイソク)」◆急(せ)かされる、急き立てられる◆[日]もよお・す、行事などを準備し執(と)り行う,N2,kun,kun,IL1_okurigana(kun 96%) | IL2_single_okuri(kun 96%),催:◆促(うなが)す、急(せ)き立てる、「催促(サイソク)」◆急(せ)かされる、急き立てられる◆[日]もよお・す、行事などを準備し執(と)り行う
kk_催促_さいそく,催促,さいそく,催:◆促(うなが)す、急(せ)き立てる、「催促(サイソク)」◆急(せ)かされる、急き立てられる◆[日]もよお・す、行事などを準備し執(と)り行う; 促:◆時間や距離の間隔が狭まる、近づく、迫る◆うなが・す、急(せ)き立てる、急(せ)かす◆「偓促(アクソク)」、ゆとりがないさま、忙(せわ)しく落ち着きがないさま、,N2,on,on+on,,催:◆促(うなが)す、急(せ)き立てる、「催促(サイソク)」◆急(せ)かされる、急き立てられる◆[日]もよお・す、行事などを準備し執(と)り行う; 促:◆時間や距離の間隔が狭まる、近づく、迫る◆うなが・す、急(せ)き立てる、急(せ)かす◆「偓促(アクソク)」、ゆとりがないさま、忙(せわ)しく落ち着きがないさま、
kk_傷み_いたみ,傷み,いたみ,傷:◆体やものの一部が損(そこ)なわれる、一部が欠(か)けたり裂(さ)けたり破(やぶ)れたりする、怪我(けが)をする、またそのような箇所(カショ)◆(傷のようにずき,N2,kun,kun,IL1_okurigana(kun 96%) | IL2_single_okuri(kun 96%),傷:◆体やものの一部が損(そこ)なわれる、一部が欠(か)けたり裂(さ)けたり破(やぶ)れたりする、怪我(けが)をする、またそのような箇所(カショ)◆(傷のようにずき
kk_傷む_いたむ,傷む,いたむ,傷:◆体やものの一部が損(そこ)なわれる、一部が欠(か)けたり裂(さ)けたり破(やぶ)れたりする、怪我(けが)をする、またそのような箇所(カショ)◆(傷のようにずき,N2,kun,kun,IL1_okurigana(kun 96%) | IL2_single_okuri(kun 96%),傷:◆体やものの一部が損(そこ)なわれる、一部が欠(か)けたり裂(さ)けたり破(やぶ)れたりする、怪我(けが)をする、またそのような箇所(カショ)◆(傷のようにずき
kk_傷付く_きずつく,傷付く,きずつく,傷:◆体やものの一部が損(そこ)なわれる、一部が欠(か)けたり裂(さ)けたり破(やぶ)れたりする、怪我(けが)をする、またそのような箇所(カショ)◆(傷のようにずき; 付:◆手ずから授(さず)ける、直接手を取って与える、同「仅」◆渡し与える、渡して任せる、委(ゆだ)ねる◆[日]他のものに加える、また添える、また足す、同「附」,N2,kun,kun+kun,IL1_okurigana(kun 96%) | A1_compound_oku(kun 90%) | A1_on_kun_mix(on+kun 65%),傷:◆体やものの一部が損(そこ)なわれる、一部が欠(か)けたり裂(さ)けたり破(やぶ)れたりする、怪我(けが)をする、またそのような箇所(カショ)◆(傷のようにずき; 付:◆手ずから授(さず)ける、直接手を取って与える、同「仅」◆渡し与える、渡して任せる、委(ゆだ)ねる◆[日]他のものに加える、また添える、また足す、同「附」
kk_傷付ける_きずつける,傷付ける,きずつける,傷:◆体やものの一部が損(そこ)なわれる、一部が欠(か)けたり裂(さ)けたり破(やぶ)れたりする、怪我(けが)をする、またそのような箇所(カショ)◆(傷のようにずき; 付:◆手ずから授(さず)ける、直接手を取って与える、同「仅」◆渡し与える、渡して任せる、委(ゆだ)ねる◆[日]他のものに加える、また添える、また足す、同「附」,N2,kun,kun+kun,IL1_okurigana(kun 96%) | A1_compound_oku(kun 90%) | A1_on_kun_mix(on+kun 65%),傷:◆体やものの一部が損(そこ)なわれる、一部が欠(か)けたり裂(さ)けたり破(やぶ)れたりする、怪我(けが)をする、またそのような箇所(カショ)◆(傷のようにずき; 付:◆手ずから授(さず)ける、直接手を取って与える、同「仅」◆渡し与える、渡して任せる、委(ゆだ)ねる◆[日]他のものに加える、また添える、また足す、同「附」
kk_傷口_きずぐち,傷口,きずぐち,傷:◆体やものの一部が損(そこ)なわれる、一部が欠(か)けたり裂(さ)けたり破(やぶ)れたりする、怪我(けが)をする、またそのような箇所(カショ)◆(傷のようにずき; 口:◆動物の食べたり声を発したりするための器官◆ものが出入りするために空(あ)けた(空いた)ところ、(口のように)全体の内の一部空いたところ◆言葉、言葉を発する、語,N2,other,mixed+mixed~,,傷:◆体やものの一部が損(そこ)なわれる、一部が欠(か)けたり裂(さ)けたり破(やぶ)れたりする、怪我(けが)をする、またそのような箇所(カショ)◆(傷のようにずき; 口:◆動物の食べたり声を発したりするための器官◆ものが出入りするために空(あ)けた(空いた)ところ、(口のように)全体の内の一部空いたところ◆言葉、言葉を発する、語
kk_傾く_かたむく,傾く,かたむく,傾:◆斜めになる、片方に(一方に)偏(かたよ)る◆斜めにする、(器などの中身を出すように)横にし(出切らないようであれば)更に逆さにする◆(直立しているものが傾き),N2,kun,kun,IL1_okurigana(kun 96%) | IL2_single_okuri(kun 96%),傾:◆斜めになる、片方に(一方に)偏(かたよ)る◆斜めにする、(器などの中身を出すように)横にし(出切らないようであれば)更に逆さにする◆(直立しているものが傾き)
kk_傾ける_かたむける,傾ける,かたむける,傾:◆斜めになる、片方に(一方に)偏(かたよ)る◆斜めにする、(器などの中身を出すように)横にし(出切らないようであれば)更に逆さにする◆(直立しているものが傾き),N2,kun,kun,IL1_okurigana(kun 96%) | IL2_single_okuri(kun 96%),傾:◆斜めになる、片方に(一方に)偏(かたよ)る◆斜めにする、(器などの中身を出すように)横にし(出切らないようであれば)更に逆さにする◆(直立しているものが傾き)
kk_僅か_わずか,僅か,わずか,僅:◆ほんの少し、ほんの少しだけ、やっと～だけ、「必要とする分にほんの少し足りない」「目的としたものにほんの少し及ばない(届かない)状態」を指す、同簡「仅」、同「㝻,N2,kun,kun,IL1_okurigana(kun 96%) | IL2_single_okuri(kun 96%),僅:◆ほんの少し、ほんの少しだけ、やっと～だけ、「必要とする分にほんの少し足りない」「目的としたものにほんの少し及ばない(届かない)状態」を指す、同簡「仅」、同「㝻
kk_働き者_はたらきもの,働き者,はたらきもの,働:◆[日]仕事をする◆[日]他に対して作用する◆俗「仂」、但し和製の簡体字で、中国で「仂」は、「働く」の義はない; 者:◆～の人、～する人、「使者(ししゃ、使いをする人、運び届けること)」◆こと(事)、もの(物)、「再者(サイシャ、更に付け加えること、追伸)」「前者(ゼンシャ、前,N2,kun,kun+kun~,IL1_okurigana(kun 96%) | A1_compound_oku(kun 90%) | A1_on_kun_mix(on+kun 65%),働:◆[日]仕事をする◆[日]他に対して作用する◆俗「仂」、但し和製の簡体字で、中国で「仂」は、「働く」の義はない; 者:◆～の人、～する人、「使者(ししゃ、使いをする人、運び届けること)」◆こと(事)、もの(物)、「再者(サイシャ、更に付け加えること、追伸)」「前者(ゼンシャ、前
kk_儀式_ぎしき,儀式,ぎしき,儀:◆規準、規準となるもの、規準とすべきもの、「兩儀(リョウギ、宇宙の起源の二つの要素、陰・陽)」「三儀(サンギ、宇宙を構成する三つの要素、天・地・人)」「五儀(ゴ; 式:◆決まり、やり方、一定の方法や手順◆型(かた)、基本や標準になる形◆目的や作法(サホウ)・次第(シダイ)が決まっている行事◆数学などの解法を示したもの◆用(もち,N2,on,on+on,A3_short_compound(on+on 71%),儀:◆規準、規準となるもの、規準とすべきもの、「兩儀(リョウギ、宇宙の起源の二つの要素、陰・陽)」「三儀(サンギ、宇宙を構成する三つの要素、天・地・人)」「五儀(ゴ; 式:◆決まり、やり方、一定の方法や手順◆型(かた)、基本や標準になる形◆目的や作法(サホウ)・次第(シダイ)が決まっている行事◆数学などの解法を示したもの◆用(もち
kk_優れる_すぐれる,優れる,すぐれる,優:◆ゆったりとしている、ゆとりがある、穏(おだ)やかな、「強く締め付けられていない(制限・束縛されていない)様子や状態」を指す◆余裕があるさま、豊かなさま◆すぐ・,N2,kun,kun,IL1_okurigana(kun 96%) | IL2_single_okuri(kun 96%),優:◆ゆったりとしている、ゆとりがある、穏(おだ)やかな、「強く締め付けられていない(制限・束縛されていない)様子や状態」を指す◆余裕があるさま、豊かなさま◆すぐ・
kk_優先的_ゆうせんてき,優先的,ゆうせんてき,優:◆ゆったりとしている、ゆとりがある、穏(おだ)やかな、「強く締め付けられていない(制限・束縛されていない)様子や状態」を指す◆余裕があるさま、豊かなさま◆すぐ・; 先:◆基準になる位置や時間よりも前、同「前」、逆は「後」◆前に向かって進む、またその方向、同「前」◆以前、時間的に過去の方向◆ま・ず、最初に、～の前に; 的:◆弓で矢を射(い)る時の目標とするもの、同「㢩」「墑」◆額(ひたい)の部分だけが白い馬、またその額の白い部分、女性が額に施(ほどこ)す(赤い点状の)装飾◆(弓の,N2,on,on+on+on,A4_multi_on(on+on+on 65%),優:◆ゆったりとしている、ゆとりがある、穏(おだ)やかな、「強く締め付けられていない(制限・束縛されていない)様子や状態」を指す◆余裕があるさま、豊かなさま◆すぐ・; 先:◆基準になる位置や時間よりも前、同「前」、逆は「後」◆前に向かって進む、またその方向、同「前」◆以前、時間的に過去の方向◆ま・ず、最初に、～の前に; 的:◆弓で矢を射(い)る時の目標とするもの、同「㢩」「墑」◆額(ひたい)の部分だけが白い馬、またその額の白い部分、女性が額に施(ほどこ)す(赤い点状の)装飾◆(弓の
kk_優良_ゆうりょう,優良,ゆうりょう,優:◆ゆったりとしている、ゆとりがある、穏(おだ)やかな、「強く締め付けられていない(制限・束縛されていない)様子や状態」を指す◆余裕があるさま、豊かなさま◆すぐ・; 良:◆自分或いは多くの人の判断基準より上である、(「優(ユウ)」には及ばないが)一般的・標準的な水準・程度を超えている、善(よ)い、勝(まさ)る、好(この)ましい、,N2,on,on+on,,優:◆ゆったりとしている、ゆとりがある、穏(おだ)やかな、「強く締め付けられていない(制限・束縛されていない)様子や状態」を指す◆余裕があるさま、豊かなさま◆すぐ・; 良:◆自分或いは多くの人の判断基準より上である、(「優(ユウ)」には及ばないが)一般的・標準的な水準・程度を超えている、善(よ)い、勝(まさ)る、好(この)ましい、
kk_元～_もと～,元～,もと～,元:◆物事の発端(ホッタン)、起源、始まり、「元年(ガンネン)」◆物事の基(もと)となるもの、根本(コンポン)◆物事の先頭にあるもの、頭(かしら)、「元首(ゲンシュ,N2,kun,kun,IL2_single_default(kun 84%),元:◆物事の発端(ホッタン)、起源、始まり、「元年(ガンネン)」◆物事の基(もと)となるもの、根本(コンポン)◆物事の先頭にあるもの、頭(かしら)、「元首(ゲンシュ
kk_充実_じゅうじつ,充実,じゅうじつ,充:◆あ・てる、足し加えて満たす、空いているところを埋める◆み・ちる、満ちる、いっぱいになる; 実:◆蓄(たくわ)えが家に満ちているさま◆隙間なく詰まって虚(うつ)ろなところがないさま◆ぎっしりと詰まった中身、草木などの稔(みの)って中がぎっしりと詰まったもの,N2,on,on+on,B_noun_rad_宀(kun 93%),充:◆あ・てる、足し加えて満たす、空いているところを埋める◆み・ちる、満ちる、いっぱいになる; 実:◆蓄(たくわ)えが家に満ちているさま◆隙間なく詰まって虚(うつ)ろなところがないさま◆ぎっしりと詰まった中身、草木などの稔(みの)って中がぎっしりと詰まったもの
kk_先着_せんちゃく,先着,せんちゃく,先:◆基準になる位置や時間よりも前、同「前」、逆は「後」◆前に向かって進む、またその方向、同「前」◆以前、時間的に過去の方向◆ま・ず、最初に、～の前に; 着:◆目的や目標としている物事・場所などに届く、また達する、また到る、同「著」◆他のものに付く、同「著」◆き・る、衣服を身に付ける、同「著」◆火や明かりを点(つ)け,N2,on,on+on,,先:◆基準になる位置や時間よりも前、同「前」、逆は「後」◆前に向かって進む、またその方向、同「前」◆以前、時間的に過去の方向◆ま・ず、最初に、～の前に; 着:◆目的や目標としている物事・場所などに届く、また達する、また到る、同「著」◆他のものに付く、同「著」◆き・る、衣服を身に付ける、同「著」◆火や明かりを点(つ)け
kk_先祖_せんぞ,先祖,せんぞ,先:◆基準になる位置や時間よりも前、同「前」、逆は「後」◆前に向かって進む、またその方向、同「前」◆以前、時間的に過去の方向◆ま・ず、最初に、～の前に; 祖:◆父の父、「祖父(ソフ)」◆代々続く家系の初代から先代までの人、特に初代の人、「祖先(ソセン)」「先祖(センゾ)」◆物事の始まり、物事の大本(おおもと)、また物,N2,other,mixed+mixed~,A3_short_compound(on+on 71%),先:◆基準になる位置や時間よりも前、同「前」、逆は「後」◆前に向かって進む、またその方向、同「前」◆以前、時間的に過去の方向◆ま・ず、最初に、～の前に; 祖:◆父の父、「祖父(ソフ)」◆代々続く家系の初代から先代までの人、特に初代の人、「祖先(ソセン)」「先祖(センゾ)」◆物事の始まり、物事の大本(おおもと)、また物
kk_先端_せんたん,先端,せんたん,先:◆基準になる位置や時間よりも前、同「前」、逆は「後」◆前に向かって進む、またその方向、同「前」◆以前、時間的に過去の方向◆ま・ず、最初に、～の前に; 端:◆物事の始まり、最初、「端緒(タンショ、タンチョ)」、同「耑」◆始め(始まり)か終わりのどちらか片方、「一端(イッタン)」「両端(リョウタン)」◆まっすぐなさま,N2,on,on+on,,先:◆基準になる位置や時間よりも前、同「前」、逆は「後」◆前に向かって進む、またその方向、同「前」◆以前、時間的に過去の方向◆ま・ず、最初に、～の前に; 端:◆物事の始まり、最初、「端緒(タンショ、タンチョ)」、同「耑」◆始め(始まり)か終わりのどちらか片方、「一端(イッタン)」「両端(リョウタン)」◆まっすぐなさま
kk_先頭_せんとう,先頭,せんとう,先:◆基準になる位置や時間よりも前、同「前」、逆は「後」◆前に向かって進む、またその方向、同「前」◆以前、時間的に過去の方向◆ま・ず、最初に、～の前に; 頭:◆身体の最上部(四足・多足の動物の場合は先端部)、胴体の肩よりも上(先)にある部分 ◆物事の端(はじ)、物事の始まり(先端、最初)や終わり(後端、最終)、「先頭,N2,on,on+on,,先:◆基準になる位置や時間よりも前、同「前」、逆は「後」◆前に向かって進む、またその方向、同「前」◆以前、時間的に過去の方向◆ま・ず、最初に、～の前に; 頭:◆身体の最上部(四足・多足の動物の場合は先端部)、胴体の肩よりも上(先)にある部分 ◆物事の端(はじ)、物事の始まり(先端、最初)や終わり(後端、最終)、「先頭
kk_光景_こうけい,光景,こうけい,光:◆明かるく輝(かがや)く、きらきらと輝(かがや)く◆辺りを明るく照らすさま、同「炚」「炛」◆(光り輝き)美しい◆景色(ケシキ)、「風光(フウコウ)」◆(四方に光; 景:◆光(ひかり)、光が当たることでできる影、光と影◆光と影があることで見える姿形(すがたかたち)や様子(ようす)・状態、「景色(ケイショク、けしき)」「風景(フウ,N2,on,on+on,,光:◆明かるく輝(かがや)く、きらきらと輝(かがや)く◆辺りを明るく照らすさま、同「炚」「炛」◆(光り輝き)美しい◆景色(ケシキ)、「風光(フウコウ)」◆(四方に光; 景:◆光(ひかり)、光が当たることでできる影、光と影◆光と影があることで見える姿形(すがたかたち)や様子(ようす)・状態、「景色(ケイショク、けしき)」「風景(フウ
kk_克服_こくふく,克服,こくふく,克:◆背負ったもの(為すべきこと)によく耐える、耐え抜く◆(困難なことを)乗り越え成し遂げる、打ち勝つ、同「剋」◆能(よ)くする、十分に(或いは上手に)～することが; 服:◆命令や指示に沿い合わせる、命令や指示に従う◆自分の考えにぴったりと収まる、納得する、納得して従う◆仕事や道具などが手に合う、馴染む、慣れる◆何時もと同じように,N2,on,on+on,,克:◆背負ったもの(為すべきこと)によく耐える、耐え抜く◆(困難なことを)乗り越え成し遂げる、打ち勝つ、同「剋」◆能(よ)くする、十分に(或いは上手に)～することが; 服:◆命令や指示に沿い合わせる、命令や指示に従う◆自分の考えにぴったりと収まる、納得する、納得して従う◆仕事や道具などが手に合う、馴染む、慣れる◆何時もと同じように
kk_免税_めんぜい,免税,めんぜい,免:◆取り除く、取り去る◆身に着けているものを脱(ぬ)ぐ◆逃(のが)れる、負うべき役目や義務などを負わずに済む、災いなどに遇わず済む◆許(ゆる)す、赦(ゆる)す、見; 税:◆国や領主に納める収穫物や金銭、租(田畑などからの収穫物)・庸(労役)・調(穀物以外の布などの現物)の総称◆収穫物や商売などによって得た利益の一部を(税として),N2,on,on+on,,免:◆取り除く、取り去る◆身に着けているものを脱(ぬ)ぐ◆逃(のが)れる、負うべき役目や義務などを負わずに済む、災いなどに遇わず済む◆許(ゆる)す、赦(ゆる)す、見; 税:◆国や領主に納める収穫物や金銭、租(田畑などからの収穫物)・庸(労役)・調(穀物以外の布などの現物)の総称◆収穫物や商売などによって得た利益の一部を(税として)
kk_兎も角_ともかく,兎も角,ともかく,兎:◆ウサギ(兎、兔)、ウサギ目の哺乳類◆「玉兎(ギョクト)」、月(つき、地球の衛星)、月にウサギが住むと考えられたことから◆「伏兎(フクト)」、車軸に被(かぶ)せ; 角:◆つの、動物などの頭部から突き出た骨質状また角質状のもの、またそのように先が尖ったもの、またそのように先が尖った状態◆(角を突き合わせて)力を競い合う◆すみ、か,N2,on,on+on,IL1_okurigana(kun 96%) | A1_compound_oku(kun 90%) | A1_on_kun_mix(on+kun 65%),兎:◆ウサギ(兎、兔)、ウサギ目の哺乳類◆「玉兎(ギョクト)」、月(つき、地球の衛星)、月にウサギが住むと考えられたことから◆「伏兎(フクト)」、車軸に被(かぶ)せ; 角:◆つの、動物などの頭部から突き出た骨質状また角質状のもの、またそのように先が尖ったもの、またそのように先が尖った状態◆(角を突き合わせて)力を競い合う◆すみ、か
kk_兎角_とかく,兎角,とかく,兎:◆ウサギ(兎、兔)、ウサギ目の哺乳類◆「玉兎(ギョクト)」、月(つき、地球の衛星)、月にウサギが住むと考えられたことから◆「伏兎(フクト)」、車軸に被(かぶ)せ; 角:◆つの、動物などの頭部から突き出た骨質状また角質状のもの、またそのように先が尖ったもの、またそのように先が尖った状態◆(角を突き合わせて)力を競い合う◆すみ、か,N2,on,on+on,A3_short_compound(on+on 71%),兎:◆ウサギ(兎、兔)、ウサギ目の哺乳類◆「玉兎(ギョクト)」、月(つき、地球の衛星)、月にウサギが住むと考えられたことから◆「伏兎(フクト)」、車軸に被(かぶ)せ; 角:◆つの、動物などの頭部から突き出た骨質状また角質状のもの、またそのように先が尖ったもの、またそのように先が尖った状態◆(角を突き合わせて)力を競い合う◆すみ、か
kk_入れ替える_いれかえる,入れ替える,いれかえる,入:◆範囲・領域・組織や区切り・境界の外(外側、外部、表側、向こう側、公のところ)から内(内側、内部、裏側、こちら側、私的なところ)に移る、また移す、内から外へ移る; 替:◆廃(すた)る、衰(おとろ)える、用を成(な)さなくなる、「衰替(スイタイ)」◆それまでのもの(今あるもの)や廃れたもの(衰えたもの、用を成さないもの)を別のも,N2,kun,kun+kun~,IL1_okurigana(kun 96%) | A1_compound_oku(kun 90%) | A1_on_kun_mix(on+kun 65%),入:◆範囲・領域・組織や区切り・境界の外(外側、外部、表側、向こう側、公のところ)から内(内側、内部、裏側、こちら側、私的なところ)に移る、また移す、内から外へ移る; 替:◆廃(すた)る、衰(おとろ)える、用を成(な)さなくなる、「衰替(スイタイ)」◆それまでのもの(今あるもの)や廃れたもの(衰えたもの、用を成さないもの)を別のも
kk_入力_にゅうりょく,入力,にゅうりょく,入:◆範囲・領域・組織や区切り・境界の外(外側、外部、表側、向こう側、公のところ)から内(内側、内部、裏側、こちら側、私的なところ)に移る、また移す、内から外へ移る; 力:◆ものを動かすもの、ものを動かしているもの、ものに働(はたら)くもの、「強力(キョウリョク、強い力)」◆働く、務(つと)める、勤(つと)める、「努力(ドリョク、,N2,on,on+on,B_verb_rad_力(kun 80%),入:◆範囲・領域・組織や区切り・境界の外(外側、外部、表側、向こう側、公のところ)から内(内側、内部、裏側、こちら側、私的なところ)に移る、また移す、内から外へ移る; 力:◆ものを動かすもの、ものを動かしているもの、ものに働(はたら)くもの、「強力(キョウリョク、強い力)」◆働く、務(つと)める、勤(つと)める、「努力(ドリョク、
kk_入社_にゅうしゃ,入社,にゅうしゃ,入:◆範囲・領域・組織や区切り・境界の外(外側、外部、表側、向こう側、公のところ)から内(内側、内部、裏側、こちら側、私的なところ)に移る、また移す、内から外へ移る; 社:◆土地の神、土地の神を祀った所◆同種また同じ目的を持つ人から成る集まり,N2,on,on+on,A3_short_compound(on+on 71%),入:◆範囲・領域・組織や区切り・境界の外(外側、外部、表側、向こう側、公のところ)から内(内側、内部、裏側、こちら側、私的なところ)に移る、また移す、内から外へ移る; 社:◆土地の神、土地の神を祀った所◆同種また同じ目的を持つ人から成る集まり
kk_全般_ぜんぱん,全般,ぜんぱん,全:◆すべ・て、欠点・瑕疵や不備・不足がない、余すところがない◆まった・く、まっと・う、余すところなく、漏れなく、残らず、すっかり; 般:◆巡(めぐ)る、一巡りする、一巡りして戻って来る、元に戻る◆(一巡り見渡した)辺りの様子◆～のようである、～と同様である◆運搬(ウンパン)する、物を別の場所へ運,N2,on,mixed+on~,,全:◆すべ・て、欠点・瑕疵や不備・不足がない、余すところがない◆まった・く、まっと・う、余すところなく、漏れなく、残らず、すっかり; 般:◆巡(めぐ)る、一巡りする、一巡りして戻って来る、元に戻る◆(一巡り見渡した)辺りの様子◆～のようである、～と同様である◆運搬(ウンパン)する、物を別の場所へ運
kk_全集_ぜんしゅう,全集,ぜんしゅう,全:◆すべ・て、欠点・瑕疵や不備・不足がない、余すところがない◆まった・く、まっと・う、余すところなく、漏れなく、残らず、すっかり; 集:◆多くのものが同じところに寄り合う、多くの人が同じところに会(カイ)する◆多くのものが一つになる、また一つにする、また一つになったもの、また一つにしたもの◆多く,N2,on,on+on,,全:◆すべ・て、欠点・瑕疵や不備・不足がない、余すところがない◆まった・く、まっと・う、余すところなく、漏れなく、残らず、すっかり; 集:◆多くのものが同じところに寄り合う、多くの人が同じところに会(カイ)する◆多くのものが一つになる、また一つにする、また一つになったもの、また一つにしたもの◆多く
kk_公務_こうむ,公務,こうむ,公:◆私(わたくし)することなく広く平らなさま、偏(かたよ)らないさま、「公平(コウヘイ)」◆私・個人ではなく多くの人の集まり、社会的なこと、「公共(コウキョウ、多; 務:◆成すべきこと、ひたすら力を注(そそ)ぐべきこと◆努(つと)める、成すべきことにひたすら力を尽くす、同「敄」◆強(し)いて、押して、無理にでも,N2,on,on+on,A3_short_compound(on+on 71%) | B_verb_rad_力(kun 80%),公:◆私(わたくし)することなく広く平らなさま、偏(かたよ)らないさま、「公平(コウヘイ)」◆私・個人ではなく多くの人の集まり、社会的なこと、「公共(コウキョウ、多; 務:◆成すべきこと、ひたすら力を注(そそ)ぐべきこと◆努(つと)める、成すべきことにひたすら力を尽くす、同「敄」◆強(し)いて、押して、無理にでも
kk_公式_こうしき,公式,こうしき,公:◆私(わたくし)することなく広く平らなさま、偏(かたよ)らないさま、「公平(コウヘイ)」◆私・個人ではなく多くの人の集まり、社会的なこと、「公共(コウキョウ、多; 式:◆決まり、やり方、一定の方法や手順◆型(かた)、基本や標準になる形◆目的や作法(サホウ)・次第(シダイ)が決まっている行事◆数学などの解法を示したもの◆用(もち,N2,on,on+on,,公:◆私(わたくし)することなく広く平らなさま、偏(かたよ)らないさま、「公平(コウヘイ)」◆私・個人ではなく多くの人の集まり、社会的なこと、「公共(コウキョウ、多; 式:◆決まり、やり方、一定の方法や手順◆型(かた)、基本や標準になる形◆目的や作法(サホウ)・次第(シダイ)が決まっている行事◆数学などの解法を示したもの◆用(もち
kk_公正_こうせい,公正,こうせい,公:◆私(わたくし)することなく広く平らなさま、偏(かたよ)らないさま、「公平(コウヘイ)」◆私・個人ではなく多くの人の集まり、社会的なこと、「公共(コウキョウ、多; 正:◆まっすぐなさま、曲がり・歪(ゆが)み・偏(かたよ)りなどがないさま◆他のものが雑(ま)じっていないさま、また混(ま)じっていないさま、また交(ま)じっていない,N2,on,on+on,,公:◆私(わたくし)することなく広く平らなさま、偏(かたよ)らないさま、「公平(コウヘイ)」◆私・個人ではなく多くの人の集まり、社会的なこと、「公共(コウキョウ、多; 正:◆まっすぐなさま、曲がり・歪(ゆが)み・偏(かたよ)りなどがないさま◆他のものが雑(ま)じっていないさま、また混(ま)じっていないさま、また交(ま)じっていない
kk_公立_こうりつ,公立,こうりつ,公:◆私(わたくし)することなく広く平らなさま、偏(かたよ)らないさま、「公平(コウヘイ)」◆私・個人ではなく多くの人の集まり、社会的なこと、「公共(コウキョウ、多; 立:◆地(チ、地面、土台、基盤)に足を着け垂直にする、また垂直になる、地から上に向かって伸ばす、また伸びる◆しっかりとした土台を築いてその上にものを作り上げて行く、,N2,on,on+on,,公:◆私(わたくし)することなく広く平らなさま、偏(かたよ)らないさま、「公平(コウヘイ)」◆私・個人ではなく多くの人の集まり、社会的なこと、「公共(コウキョウ、多; 立:◆地(チ、地面、土台、基盤)に足を着け垂直にする、また垂直になる、地から上に向かって伸ばす、また伸びる◆しっかりとした土台を築いてその上にものを作り上げて行く、
kk_公衆_こうしゅう,公衆,こうしゅう,公:◆私(わたくし)することなく広く平らなさま、偏(かたよ)らないさま、「公平(コウヘイ)」◆私・個人ではなく多くの人の集まり、社会的なこと、「公共(コウキョウ、多; 衆:◆大勢の人、多くの人、同「乑」「𧰨」◆一般の人、「【後漢書:卷七十九:王充王符仲長統列傳】…然則寡者爲人上者也衆者爲人下者也…」◆大勢の、たくさんの、多い,N2,on,on+on,,公:◆私(わたくし)することなく広く平らなさま、偏(かたよ)らないさま、「公平(コウヘイ)」◆私・個人ではなく多くの人の集まり、社会的なこと、「公共(コウキョウ、多; 衆:◆大勢の人、多くの人、同「乑」「𧰨」◆一般の人、「【後漢書:卷七十九:王充王符仲長統列傳】…然則寡者爲人上者也衆者爲人下者也…」◆大勢の、たくさんの、多い
kk_公表_こうひょう,公表,こうひょう,公:◆私(わたくし)することなく広く平らなさま、偏(かたよ)らないさま、「公平(コウヘイ)」◆私・個人ではなく多くの人の集まり、社会的なこと、「公共(コウキョウ、多; 表:◆重ね着をする際に最も上(外側)に羽織(はお)る衣服、上着(うわぎ)、外衣(ガイイ)、本「𧘝」、同「𧞧」◆外側、外側に面した部分◆人の目に触れる、またその部分◆,N2,on,on+on,,公:◆私(わたくし)することなく広く平らなさま、偏(かたよ)らないさま、「公平(コウヘイ)」◆私・個人ではなく多くの人の集まり、社会的なこと、「公共(コウキョウ、多; 表:◆重ね着をする際に最も上(外側)に羽織(はお)る衣服、上着(うわぎ)、外衣(ガイイ)、本「𧘝」、同「𧞧」◆外側、外側に面した部分◆人の目に触れる、またその部分◆
kk_共に_ともに,共に,ともに,共:◆両手を胸の前で組む、同「拱」◆両手で物を捧(ささ)げ持つ、恭(うやうや)しく捧げ持つ、同「供」「恭」◆～と一緒に、～と同じに◆一緒に～する◆合わせて、全部で,N2,kun,kun,IL1_okurigana(kun 96%) | IL2_single_okuri(kun 96%),共:◆両手を胸の前で組む、同「拱」◆両手で物を捧(ささ)げ持つ、恭(うやうや)しく捧げ持つ、同「供」「恭」◆～と一緒に、～と同じに◆一緒に～する◆合わせて、全部で
kk_兵隊_へいたい,兵隊,へいたい,兵:◆戦うための武器、「兵器(ヘイキ)」◆武器を持って戦う者、「兵士(ヘイシ)」「兵卒(ヘイソツ)」◆軍隊、戦(いくさ)を目的として組織化された集団◆軍(いくさ)に; 隊:◆同じ目的を持って行動する集団、特に軍の役割や機能ごとに組織した集団◆高い所から(ごろごろと転がりながら落ちるのではなく空中をまっすぐ下に)落ちる、落下する、同,N2,on,on+on,,兵:◆戦うための武器、「兵器(ヘイキ)」◆武器を持って戦う者、「兵士(ヘイシ)」「兵卒(ヘイソツ)」◆軍隊、戦(いくさ)を目的として組織化された集団◆軍(いくさ)に; 隊:◆同じ目的を持って行動する集団、特に軍の役割や機能ごとに組織した集団◆高い所から(ごろごろと転がりながら落ちるのではなく空中をまっすぐ下に)落ちる、落下する、同
kk_具体_ぐたい,具体,ぐたい,具:◆そな・わる、そな・える、必要なものが揃っている、必要なものを揃える◆必要なものが身に付いている◆(食事のための器具、戦うための武具、作業するための道具などの); 体:◆頭から足の先までの全身、ものの全部、ものの主要な部分、またその姿形や様子、「身体(シンタイ、体、肉体)」「本体(ホンタイ、ものの本当の姿、ものの中心的部分)」,N2,on,on+on,A3_short_compound(on+on 71%),具:◆そな・わる、そな・える、必要なものが揃っている、必要なものを揃える◆必要なものが身に付いている◆(食事のための器具、戦うための武具、作業するための道具などの); 体:◆頭から足の先までの全身、ものの全部、ものの主要な部分、またその姿形や様子、「身体(シンタイ、体、肉体)」「本体(ホンタイ、ものの本当の姿、ものの中心的部分)」
kk_典型的_てんけいてき,典型的,てんけいてき,典:◆古来から尊(とうと)ばれ続けている書物、行動や祭祀・儀式の規範・基準となる書物、「典籍(テンセキ、古い貴重な書物)」◆守り則(のっと)るべき手順や作法、規範、; 型:◆これから作ろうとする物の形に作ったもの、溶かした金属を流し入れて目的の形に造るためのもの、「鋳型(いがた)」、木製は「模」、竹製は「範」◆模範(モハン)、手本; 的:◆弓で矢を射(い)る時の目標とするもの、同「㢩」「墑」◆額(ひたい)の部分だけが白い馬、またその額の白い部分、女性が額に施(ほどこ)す(赤い点状の)装飾◆(弓の,N2,on,on+on+on,A4_multi_on(on+on+on 65%),典:◆古来から尊(とうと)ばれ続けている書物、行動や祭祀・儀式の規範・基準となる書物、「典籍(テンセキ、古い貴重な書物)」◆守り則(のっと)るべき手順や作法、規範、; 型:◆これから作ろうとする物の形に作ったもの、溶かした金属を流し入れて目的の形に造るためのもの、「鋳型(いがた)」、木製は「模」、竹製は「範」◆模範(モハン)、手本; 的:◆弓で矢を射(い)る時の目標とするもの、同「㢩」「墑」◆額(ひたい)の部分だけが白い馬、またその額の白い部分、女性が額に施(ほどこ)す(赤い点状の)装飾◆(弓の
kk_兼ねる_かねる,兼ねる,かねる,兼:◆穀物を両手に握り持つ、穀物(禾)を片手だけに持つのは「秉」、これを二つ並べた「𥡝」の簡略字が「兼」◆か・ねる、幾つかの物事を併(あわ)せる、また併せ持つ◆幾つ,N2,kun,kun,IL1_okurigana(kun 96%) | IL2_single_okuri(kun 96%),兼:◆穀物を両手に握り持つ、穀物(禾)を片手だけに持つのは「秉」、これを二つ並べた「𥡝」の簡略字が「兼」◆か・ねる、幾つかの物事を併(あわ)せる、また併せ持つ◆幾つ
kk_内定_ないてい,内定,ないてい,内:◆外から中に入る、入れる◆限られた範囲・領域の中、区切りや境目の中、同「中」◆ある一定の範囲に含まれるもの、囲われたり覆われたりしていて外からは見えないもの、公; 定:◆さだ・まる、動きや乱れが鎮(しず)まって変化・変動しない状態になる、平静になる、落ち着く、「鎮定(チンテイ)」◆さだ・める、動いたり揺らいだりしない状態にする,N2,on,on+on,B_noun_rad_宀(kun 93%),内:◆外から中に入る、入れる◆限られた範囲・領域の中、区切りや境目の中、同「中」◆ある一定の範囲に含まれるもの、囲われたり覆われたりしていて外からは見えないもの、公; 定:◆さだ・まる、動きや乱れが鎮(しず)まって変化・変動しない状態になる、平静になる、落ち着く、「鎮定(チンテイ)」◆さだ・める、動いたり揺らいだりしない状態にする
kk_内線_ないせん,内線,ないせん,内:◆外から中に入る、入れる◆限られた範囲・領域の中、区切りや境目の中、同「中」◆ある一定の範囲に含まれるもの、囲われたり覆われたりしていて外からは見えないもの、公; 線:◆糸や紐(ひも)、糸や紐のように細く長いもの、同「綫」「絤」「𦇫」「綖」◆糸や紐のように途切れずに長く延びているもの、二つの点と点を結ぶもの、またその形状や状態,N2,on,on+on,,内:◆外から中に入る、入れる◆限られた範囲・領域の中、区切りや境目の中、同「中」◆ある一定の範囲に含まれるもの、囲われたり覆われたりしていて外からは見えないもの、公; 線:◆糸や紐(ひも)、糸や紐のように細く長いもの、同「綫」「絤」「𦇫」「綖」◆糸や紐のように途切れずに長く延びているもの、二つの点と点を結ぶもの、またその形状や状態
kk_内部_ないぶ,内部,ないぶ,内:◆外から中に入る、入れる◆限られた範囲・領域の中、区切りや境目の中、同「中」◆ある一定の範囲に含まれるもの、囲われたり覆われたりしていて外からは見えないもの、公; 部:◆区分けしたものの一つ、「部分」「内部」◆集団を分類し同じものを一纏(ひとまと)めにしたもの、全体を構成する小さな集合体や組織、「部署」「部隊」◆書物を数える単,N2,on,on+on,A3_short_compound(on+on 71%),内:◆外から中に入る、入れる◆限られた範囲・領域の中、区切りや境目の中、同「中」◆ある一定の範囲に含まれるもの、囲われたり覆われたりしていて外からは見えないもの、公; 部:◆区分けしたものの一つ、「部分」「内部」◆集団を分類し同じものを一纏(ひとまと)めにしたもの、全体を構成する小さな集合体や組織、「部署」「部隊」◆書物を数える単
kk_再び_ふたたび,再び,ふたたび,再:◆同じことが更にもう一度繰り返される、もう一度、二度、二回、二重,N2,kun,kun,IL1_okurigana(kun 96%) | IL2_single_okuri(kun 96%),再:◆同じことが更にもう一度繰り返される、もう一度、二度、二回、二重
kk_再三_さいさん,再三,さいさん,再:◆同じことが更にもう一度繰り返される、もう一度、二度、二回、二重; 三:◆数の名、三番目,N2,on,on+on,,再:◆同じことが更にもう一度繰り返される、もう一度、二度、二回、二重; 三:◆数の名、三番目
kk_冒険_ぼうけん,冒険,ぼうけん,冒:◆覆(おお)う、上から覆い被(かぶ)さる◆目の前が覆われていて暗い、またはっきりと見えない◆覆っているものや目の前に立ちはだかっているものを押し除(の)ける、ま; 険:◆山が高く切り立っているさま、行く手を阻(はば)むように山が高く立ちはだかっているさま、またそのようなところ◆危(あぶ)ない、危(あや)うい状況や困難な状況に遭,N2,on,on+on,,冒:◆覆(おお)う、上から覆い被(かぶ)さる◆目の前が覆われていて暗い、またはっきりと見えない◆覆っているものや目の前に立ちはだかっているものを押し除(の)ける、ま; 険:◆山が高く切り立っているさま、行く手を阻(はば)むように山が高く立ちはだかっているさま、またそのようなところ◆危(あぶ)ない、危(あや)うい状況や困難な状況に遭
kk_写生_しゃせい,写生,しゃせい,写:◆別の場所に移(うつ)す、他に移す◆書く、描く、「墨や絵の具を紙などに移す」の意◆元になるものに倣(なら)って別のものに書く、或いは描く; 生:◆う・まれる、それまでになかった新しいものが現れ出る、また新しいことが起こる◆い・きる、成長し活動できる状態で存在する、またその状態◆なま、現れ出た時のそのまま,N2,on,on+on,A3_short_compound(on+on 71%),写:◆別の場所に移(うつ)す、他に移す◆書く、描く、「墨や絵の具を紙などに移す」の意◆元になるものに倣(なら)って別のものに書く、或いは描く; 生:◆う・まれる、それまでになかった新しいものが現れ出る、また新しいことが起こる◆い・きる、成長し活動できる状態で存在する、またその状態◆なま、現れ出た時のそのまま
kk_冠_かんむり,冠,かんむり,冠:◆髪を整えその上に被(かぶ)る、髪が解(ほつ)れないように被る◆頭に被るものの総称、帽子状のものや細長い布を巻いて髪をまとめる頭巾(ズキン)などを含む◆ものの頂,N2,kun,kun,IL2_single_default(kun 84%),冠:◆髪を整えその上に被(かぶ)る、髪が解(ほつ)れないように被る◆頭に被るものの総称、帽子状のものや細長い布を巻いて髪をまとめる頭巾(ズキン)などを含む◆ものの頂
kk_冷蔵_れいぞう,冷蔵,れいぞう,冷:◆気温や温度が低い、熱(ネツ)がない、ひんやりする、寒い◆熱(あつ)くない、熱気や熱意がない、関心や興味がない◆氷のように透(す)き通っている; 蔵:◆しまう、周りが囲まれていて外からは見えないところ(箱や蔵など)に入れる、また中に入れて隠す、またそのようなところに入っているもの、またそのための建物◆内臓、同,N2,on,on+on,,冷:◆気温や温度が低い、熱(ネツ)がない、ひんやりする、寒い◆熱(あつ)くない、熱気や熱意がない、関心や興味がない◆氷のように透(す)き通っている; 蔵:◆しまう、周りが囲まれていて外からは見えないところ(箱や蔵など)に入れる、また中に入れて隠す、またそのようなところに入っているもの、またそのための建物◆内臓、同
kk_冷静_れいせい,冷静,れいせい,冷:◆気温や温度が低い、熱(ネツ)がない、ひんやりする、寒い◆熱(あつ)くない、熱気や熱意がない、関心や興味がない◆氷のように透(す)き通っている; 静:◆動きや乱れなどが鎮(しず)まる、治(おさ)まる◆何事もなく穏やかなさま◆しんとして音や声がしないさま、じっと動かないさま,N2,on,on+on,,冷:◆気温や温度が低い、熱(ネツ)がない、ひんやりする、寒い◆熱(あつ)くない、熱気や熱意がない、関心や興味がない◆氷のように透(す)き通っている; 静:◆動きや乱れなどが鎮(しず)まる、治(おさ)まる◆何事もなく穏やかなさま◆しんとして音や声がしないさま、じっと動かないさま
kk_凍える_こごえる,凍える,こごえる,凍:◆液体が個体になる、氷が張る◆寒さで体がきかなくなる、また感覚がなくなる,N2,kun,kun,IL1_okurigana(kun 96%) | IL2_single_okuri(kun 96%),凍:◆液体が個体になる、氷が張る◆寒さで体がきかなくなる、また感覚がなくなる
kk_処分_しょぶん,処分,しょぶん,処:◆腰を落ち着ける、居(い)る、止(とど)まる、またその場所◆腰を落ち着けて留(とど)まっているさま、「処士(ショシ、能力がありながら出仕しない人))」「処女(シ; 分:◆一つに纏(まと)まっているものを幾つかに切り離す、また幾つかに仕切る(区切る)、「分割(ブンカツ)」、切り離したものを仕分けることを「別」◆一つの纏まりから一,N2,on,on+on,A3_short_compound(on+on 71%) | B_verb_rad_刀(kun 80%),処:◆腰を落ち着ける、居(い)る、止(とど)まる、またその場所◆腰を落ち着けて留(とど)まっているさま、「処士(ショシ、能力がありながら出仕しない人))」「処女(シ; 分:◆一つに纏(まと)まっているものを幾つかに切り離す、また幾つかに仕切る(区切る)、「分割(ブンカツ)」、切り離したものを仕分けることを「別」◆一つの纏まりから一
kk_凭れる_もたれる,凭れる,もたれる,凭:◆もた・れる、寄り掛る、脇息(きょうそく)などに体などを預ける、依(よ)る、頼りにする、同「憑」◆繁「憑」,N2,kun,kun,IL1_okurigana(kun 96%) | IL2_single_okuri(kun 96%),凭:◆もた・れる、寄り掛る、脇息(きょうそく)などに体などを預ける、依(よ)る、頼りにする、同「憑」◆繁「憑」
kk_出し入れ_だしいれ,出し入れ,だしいれ,出:◆範囲・領域・組織や区切り・境界の内(内側、内部、裏側、こちら側、私的なところ)から外(外側、外部、表側、向こう側、公のところ)に移る、また移す、外から内へ移る; 入:◆範囲・領域・組織や区切り・境界の外(外側、外部、表側、向こう側、公のところ)から内(内側、内部、裏側、こちら側、私的なところ)に移る、また移す、内から外へ移る,N2,kun,kun+kun~,IL1_okurigana(kun 96%) | A1_compound_oku(kun 90%) | A1_on_kun_mix(on+kun 65%),出:◆範囲・領域・組織や区切り・境界の内(内側、内部、裏側、こちら側、私的なところ)から外(外側、外部、表側、向こう側、公のところ)に移る、また移す、外から内へ移る; 入:◆範囲・領域・組織や区切り・境界の外(外側、外部、表側、向こう側、公のところ)から内(内側、内部、裏側、こちら側、私的なところ)に移る、また移す、内から外へ移る
kk_出世_しゅっせ,出世,しゅっせ,出:◆範囲・領域・組織や区切り・境界の内(内側、内部、裏側、こちら側、私的なところ)から外(外側、外部、表側、向こう側、公のところ)に移る、また移す、外から内へ移る; 世:◆地位や家督を継(つ)いでから次の代(ダイ)に引き継ぐまでの期間、同「代」◆家督(カトク)を継(つ)ぐ、「【前漢書(漢書):卷四十八:賈誼傳】…賈嘉最好學世其家,N2,on,on+on,A3_short_compound(on+on 71%),出:◆範囲・領域・組織や区切り・境界の内(内側、内部、裏側、こちら側、私的なところ)から外(外側、外部、表側、向こう側、公のところ)に移る、また移す、外から内へ移る; 世:◆地位や家督を継(つ)いでから次の代(ダイ)に引き継ぐまでの期間、同「代」◆家督(カトク)を継(つ)ぐ、「【前漢書(漢書):卷四十八:賈誼傳】…賈嘉最好學世其家
kk_出向_しゅっこう,出向,しゅっこう,出:◆範囲・領域・組織や区切り・境界の内(内側、内部、裏側、こちら側、私的なところ)から外(外側、外部、表側、向こう側、公のところ)に移る、また移す、外から内へ移る; 向:◆窓、北側に面した窓、同「郷」、「丿冂」は「宀」で「屋根のある建物」、「口」は「壁などに空いた窓」の意◆目的とするところを目指して行く、基点となるところから遠ざ,N2,on,on+on,,出:◆範囲・領域・組織や区切り・境界の内(内側、内部、裏側、こちら側、私的なところ)から外(外側、外部、表側、向こう側、公のところ)に移る、また移す、外から内へ移る; 向:◆窓、北側に面した窓、同「郷」、「丿冂」は「宀」で「屋根のある建物」、「口」は「壁などに空いた窓」の意◆目的とするところを目指して行く、基点となるところから遠ざ
kk_出場_しゅつじょう,出場,しゅつじょう,出:◆範囲・領域・組織や区切り・境界の内(内側、内部、裏側、こちら側、私的なところ)から外(外側、外部、表側、向こう側、公のところ)に移る、また移す、外から内へ移る; 場:◆(日当たりのよい、収穫した穀物の乾燥・脱穀などをする、また多くの人やものが集まる)広く平らなところ、「広場」、同「塲」◆一段と高くし上を平らに作ったところ、台,N2,on,on+on,,出:◆範囲・領域・組織や区切り・境界の内(内側、内部、裏側、こちら側、私的なところ)から外(外側、外部、表側、向こう側、公のところ)に移る、また移す、外から内へ移る; 場:◆(日当たりのよい、収穫した穀物の乾燥・脱穀などをする、また多くの人やものが集まる)広く平らなところ、「広場」、同「塲」◆一段と高くし上を平らに作ったところ、台
kk_出現_しゅつげん,出現,しゅつげん,出:◆範囲・領域・組織や区切り・境界の内(内側、内部、裏側、こちら側、私的なところ)から外(外側、外部、表側、向こう側、公のところ)に移る、また移す、外から内へ移る; 現:◆それまで見えなかったものが見えるようになる、隠れていたものが表に出てくる◆目の前の、目の前にある、実際の、実際にそこにある◆今の、今ここにある,N2,on,on+on,,出:◆範囲・領域・組織や区切り・境界の内(内側、内部、裏側、こちら側、私的なところ)から外(外側、外部、表側、向こう側、公のところ)に移る、また移す、外から内へ移る; 現:◆それまで見えなかったものが見えるようになる、隠れていたものが表に出てくる◆目の前の、目の前にある、実際の、実際にそこにある◆今の、今ここにある
kk_出生_しゅっしょう,出生,しゅっしょう,出:◆範囲・領域・組織や区切り・境界の内(内側、内部、裏側、こちら側、私的なところ)から外(外側、外部、表側、向こう側、公のところ)に移る、また移す、外から内へ移る; 生:◆う・まれる、それまでになかった新しいものが現れ出る、また新しいことが起こる◆い・きる、成長し活動できる状態で存在する、またその状態◆なま、現れ出た時のそのまま,N2,on,on+on,,出:◆範囲・領域・組織や区切り・境界の内(内側、内部、裏側、こちら側、私的なところ)から外(外側、外部、表側、向こう側、公のところ)に移る、また移す、外から内へ移る; 生:◆う・まれる、それまでになかった新しいものが現れ出る、また新しいことが起こる◆い・きる、成長し活動できる状態で存在する、またその状態◆なま、現れ出た時のそのまま
kk_出鱈目_でたらめ,出鱈目,でたらめ,出:◆範囲・領域・組織や区切り・境界の内(内側、内部、裏側、こちら側、私的なところ)から外(外側、外部、表側、向こう側、公のところ)に移る、また移す、外から内へ移る; 鱈:◆タラ(鱈)、タラ科の海水魚、また同科の魚の総称; 目:◆眼(め、眼球ガンキュウ、黒目くろめ)・白目(しろめ、結膜ケツマク)・視神経などを含むものを見る器官全体、またその形状や様子や機能◆ものを見る、また見分ける◆眼,N2,kun,kun+kun+kun~,A4_multi_on(on+on+on 65%) | B_noun_rad_魚(kun 93%),出:◆範囲・領域・組織や区切り・境界の内(内側、内部、裏側、こちら側、私的なところ)から外(外側、外部、表側、向こう側、公のところ)に移る、また移す、外から内へ移る; 鱈:◆タラ(鱈)、タラ科の海水魚、また同科の魚の総称; 目:◆眼(め、眼球ガンキュウ、黒目くろめ)・白目(しろめ、結膜ケツマク)・視神経などを含むものを見る器官全体、またその形状や様子や機能◆ものを見る、また見分ける◆眼
kk_刀_かたな,刀,かたな,刀:◆(一般には少し反った形の)片刃の刃物の総称 、両刃は「剣」◆錢(ぜに)、古く刀の形をしていたことから◆かたな、部首名,N2,kun,kun,IL2_single_default(kun 84%) | B_verb_rad_刀(kun 80%),刀:◆(一般には少し反った形の)片刃の刃物の総称 、両刃は「剣」◆錢(ぜに)、古く刀の形をしていたことから◆かたな、部首名
kk_分布_ぶんぷ,分布,ぶんぷ,"分:◆一つに纏(まと)まっているものを幾つかに切り離す、また幾つかに仕切る(区切る)、「分割(ブンカツ)」、切り離したものを仕分けることを「別」◆一つの纏まりから一; 布:◆経糸(よこいと)と緯糸(たていと)を""十""状に交差させながら織ったもの、一般にはアサ(麻)やワタ(綿)などの植物繊維で織ったものを指し、繭(まゆ)から紡(つむ",N2,other,mixed+mixed~,A3_short_compound(on+on 71%) | B_verb_rad_刀(kun 80%) | B_noun_rad_巾(kun 93%),"分:◆一つに纏(まと)まっているものを幾つかに切り離す、また幾つかに仕切る(区切る)、「分割(ブンカツ)」、切り離したものを仕分けることを「別」◆一つの纏まりから一; 布:◆経糸(よこいと)と緯糸(たていと)を""十""状に交差させながら織ったもの、一般にはアサ(麻)やワタ(綿)などの植物繊維で織ったものを指し、繭(まゆ)から紡(つむ"
kk_分担_ぶんたん,分担,ぶんたん,分:◆一つに纏(まと)まっているものを幾つかに切り離す、また幾つかに仕切る(区切る)、「分割(ブンカツ)」、切り離したものを仕分けることを「別」◆一つの纏まりから一; 担:◆(ゴミなどを払うように)軽く叩(はた)く、叩(たた)くようにして払う、同「撣」[†現在はこの意で「担」を用いることはない†]◆荷を肩に載せる、背に載せるのは「,N2,on,on+on,B_verb_rad_刀(kun 80%) | B_verb_rad_手(kun 80%),分:◆一つに纏(まと)まっているものを幾つかに切り離す、また幾つかに仕切る(区切る)、「分割(ブンカツ)」、切り離したものを仕分けることを「別」◆一つの纏まりから一; 担:◆(ゴミなどを払うように)軽く叩(はた)く、叩(たた)くようにして払う、同「撣」[†現在はこの意で「担」を用いることはない†]◆荷を肩に載せる、背に載せるのは「
kk_分析_ぶんせき,分析,ぶんせき,分:◆一つに纏(まと)まっているものを幾つかに切り離す、また幾つかに仕切る(区切る)、「分割(ブンカツ)」、切り離したものを仕分けることを「別」◆一つの纏まりから一; 析:◆裂(さ)く、切り割(さ)く◆分ける、別ける、切り分ける◆ものの本質・性質を知るためにばらばらに分ける,N2,on,on+on,B_verb_rad_刀(kun 80%) | B_noun_rad_木(kun 93%),分:◆一つに纏(まと)まっているものを幾つかに切り離す、また幾つかに仕切る(区切る)、「分割(ブンカツ)」、切り離したものを仕分けることを「別」◆一つの纏まりから一; 析:◆裂(さ)く、切り割(さ)く◆分ける、別ける、切り分ける◆ものの本質・性質を知るためにばらばらに分ける
kk_分解_ぶんかい,分解,ぶんかい,分:◆一つに纏(まと)まっているものを幾つかに切り離す、また幾つかに仕切る(区切る)、「分割(ブンカツ)」、切り離したものを仕分けることを「別」◆一つの纏まりから一; 解:◆一つになっているもの(固まっているもの)をばらばらにする、また柔らかくする、また融(と)かす、また和(やわ)らげる、「解散(カイサン)」「分解(ブンカイ)」◆,N2,on,on+on,B_verb_rad_刀(kun 80%),分:◆一つに纏(まと)まっているものを幾つかに切り離す、また幾つかに仕切る(区切る)、「分割(ブンカツ)」、切り離したものを仕分けることを「別」◆一つの纏まりから一; 解:◆一つになっているもの(固まっているもの)をばらばらにする、また柔らかくする、また融(と)かす、また和(やわ)らげる、「解散(カイサン)」「分解(ブンカイ)」◆
kk_分配_ぶんぱい,分配,ぶんぱい,分:◆一つに纏(まと)まっているものを幾つかに切り離す、また幾つかに仕切る(区切る)、「分割(ブンカツ)」、切り離したものを仕分けることを「別」◆一つの纏まりから一; 配:◆釣り合いが取れるようにする、相応(ふさわ)しい形や状態にする◆幾つかのものを合わせて(結び付けて)整える、調和させる◆結婚した相手、また妻、「配偶(ハイグウ、,N2,other,mixed+mixed~,B_verb_rad_刀(kun 80%),分:◆一つに纏(まと)まっているものを幾つかに切り離す、また幾つかに仕切る(区切る)、「分割(ブンカツ)」、切り離したものを仕分けることを「別」◆一つの纏まりから一; 配:◆釣り合いが取れるようにする、相応(ふさわ)しい形や状態にする◆幾つかのものを合わせて(結び付けて)整える、調和させる◆結婚した相手、また妻、「配偶(ハイグウ、
kk_分野_ぶんや,分野,ぶんや,分:◆一つに纏(まと)まっているものを幾つかに切り離す、また幾つかに仕切る(区切る)、「分割(ブンカツ)」、切り離したものを仕分けることを「別」◆一つの纏まりから一; 野:◆郊外(コウガイ)、都(みやこ)を囲む城壁の外に広がる地で都から百里以内の地を「郊」、その外を「野」、その外を「林」、その外を「冂」といった、「【說文解字: 冂,N2,on,on+on,A3_short_compound(on+on 71%) | B_verb_rad_刀(kun 80%),分:◆一つに纏(まと)まっているものを幾つかに切り離す、また幾つかに仕切る(区切る)、「分割(ブンカツ)」、切り離したものを仕分けることを「別」◆一つの纏まりから一; 野:◆郊外(コウガイ)、都(みやこ)を囲む城壁の外に広がる地で都から百里以内の地を「郊」、その外を「野」、その外を「林」、その外を「冂」といった、「【說文解字: 冂
kk_分量_ぶんりょう,分量,ぶんりょう,分:◆一つに纏(まと)まっているものを幾つかに切り離す、また幾つかに仕切る(区切る)、「分割(ブンカツ)」、切り離したものを仕分けることを「別」◆一つの纏まりから一; 量:◆容積(体積)またその軽重・大小の程度、またそれを計測する、またそれを計測するための容器 ◆ものの大きさや重さを推(お)し測る◆入れ物(いれもの)の大きさ、もの,N2,on,on+on,B_verb_rad_刀(kun 80%),分:◆一つに纏(まと)まっているものを幾つかに切り離す、また幾つかに仕切る(区切る)、「分割(ブンカツ)」、切り離したものを仕分けることを「別」◆一つの纏まりから一; 量:◆容積(体積)またその軽重・大小の程度、またそれを計測する、またそれを計測するための容器 ◆ものの大きさや重さを推(お)し測る◆入れ物(いれもの)の大きさ、もの
kk_分離_ぶんり,分離,ぶんり,分:◆一つに纏(まと)まっているものを幾つかに切り離す、また幾つかに仕切る(区切る)、「分割(ブンカツ)」、切り離したものを仕分けることを「別」◆一つの纏まりから一; 離:◆間(あいだ)を空(あ)ける、隔(へだ)てる、分(わ)ける、別(わか)れる◆間が空いている、隔たっている、分かれている、別れている◆八卦(ハッカ、「乾・兌・離・,N2,on,on+on,A3_short_compound(on+on 71%) | B_verb_rad_刀(kun 80%),分:◆一つに纏(まと)まっているものを幾つかに切り離す、また幾つかに仕切る(区切る)、「分割(ブンカツ)」、切り離したものを仕分けることを「別」◆一つの纏まりから一; 離:◆間(あいだ)を空(あ)ける、隔(へだ)てる、分(わ)ける、別(わか)れる◆間が空いている、隔たっている、分かれている、別れている◆八卦(ハッカ、「乾・兌・離・
kk_分類_ぶんるい,分類,ぶんるい,分:◆一つに纏(まと)まっているものを幾つかに切り離す、また幾つかに仕切る(区切る)、「分割(ブンカツ)」、切り離したものを仕分けることを「別」◆一つの纏まりから一; 類:◆よく似ている、よく似たもの、よく似たものの集まり◆性格・性質が共通しているもの、またその集まり◆凡そ、大体、「似たもの、似ている」の意,N2,on,on+on,B_verb_rad_刀(kun 80%),分:◆一つに纏(まと)まっているものを幾つかに切り離す、また幾つかに仕切る(区切る)、「分割(ブンカツ)」、切り離したものを仕分けることを「別」◆一つの纏まりから一; 類:◆よく似ている、よく似たもの、よく似たものの集まり◆性格・性質が共通しているもの、またその集まり◆凡そ、大体、「似たもの、似ている」の意
kk_切り開く_きりひらく,切り開く,きりひらく,切:◆刃物などですっと断(た)つ、裁(た)つ、割(さ)く◆ぴったりとしたさま、隙(すき)がないさま、「親切(シンセツ)」◆近くまで迫(せま)る、差し迫る、「切近(セ; 開:◆啓(ひら)く、閉じられている扉を真ん中から左右に押し除(の)ける◆仕切っているもの(塞ふさいでいるもの、妨さまたげているもの)を取る、「開放(カイホウ)」◆明,N2,kun,kun+kun~,IL1_okurigana(kun 96%) | A1_compound_oku(kun 90%) | A1_on_kun_mix(on+kun 65%),切:◆刃物などですっと断(た)つ、裁(た)つ、割(さ)く◆ぴったりとしたさま、隙(すき)がないさま、「親切(シンセツ)」◆近くまで迫(せま)る、差し迫る、「切近(セ; 開:◆啓(ひら)く、閉じられている扉を真ん中から左右に押し除(の)ける◆仕切っているもの(塞ふさいでいるもの、妨さまたげているもの)を取る、「開放(カイホウ)」◆明
kk_刑事_けいじ,刑事,けいじ,刑:◆重い罪に対する懲(こら)らしめ、軽い罪に対するものは「罰」◆処罰する、罰を加える、「刑罰(ケイバツ)」◆型(かた)、基本や標準になる形、同「型」; 事:◆こと、動作・現象・状態など形のないものを指す語、形のあるものは「物」、「事情(ジジョウ、ことの様子)」「無事(ブジ、何事もないさま)」◆職(ショク)、仕事や役,N2,on,on+on,A3_short_compound(on+on 71%) | B_verb_rad_刀(kun 80%),刑:◆重い罪に対する懲(こら)らしめ、軽い罪に対するものは「罰」◆処罰する、罰を加える、「刑罰(ケイバツ)」◆型(かた)、基本や標準になる形、同「型」; 事:◆こと、動作・現象・状態など形のないものを指す語、形のあるものは「物」、「事情(ジジョウ、ことの様子)」「無事(ブジ、何事もないさま)」◆職(ショク)、仕事や役
kk_初旬_しょじゅん,初旬,しょじゅん,初:◆物事の起こり、物事の発端、「衣服を作り始める時にまず布を切る」の意、「初」は「物事はまず初めに～する、～の初め」、「始」は「物事はまず～から始める、～から始ま; 旬:◆十日間、「一旬」は十日間、「上旬」はその月の最初の十日間◆十年、年齢を数える場合は十歳、「七旬」は七十歳◆満ちる、一回りして達する、「旬月(ジュンゲツ、満一カ,N2,on,on+on,A3_short_compound(on+on 71%) | B_verb_rad_刀(kun 80%),初:◆物事の起こり、物事の発端、「衣服を作り始める時にまず布を切る」の意、「初」は「物事はまず初めに～する、～の初め」、「始」は「物事はまず～から始める、～から始ま; 旬:◆十日間、「一旬」は十日間、「上旬」はその月の最初の十日間◆十年、年齢を数える場合は十歳、「七旬」は七十歳◆満ちる、一回りして達する、「旬月(ジュンゲツ、満一カ
kk_初歩_しょほ,初歩,しょほ,初:◆物事の起こり、物事の発端、「衣服を作り始める時にまず布を切る」の意、「初」は「物事はまず初めに～する、～の初め」、「始」は「物事はまず～から始める、～から始ま; 歩:◆片足を地に着け止め、残る片足を前に運んで止める、という動作を左右の足で交互に繰り返す、この動作を速く繰り返すことを「走」◆物事が前に進む、またその進み具合◆左,N2,on,on+on,A3_short_compound(on+on 71%) | B_verb_rad_刀(kun 80%),初:◆物事の起こり、物事の発端、「衣服を作り始める時にまず布を切る」の意、「初」は「物事はまず初めに～する、～の初め」、「始」は「物事はまず～から始める、～から始ま; 歩:◆片足を地に着け止め、残る片足を前に運んで止める、という動作を左右の足で交互に繰り返す、この動作を速く繰り返すことを「走」◆物事が前に進む、またその進み具合◆左
kk_初～_はつ～,初～,はつ～,初:◆物事の起こり、物事の発端、「衣服を作り始める時にまず布を切る」の意、「初」は「物事はまず初めに～する、～の初め」、「始」は「物事はまず～から始める、～から始ま,N2,kun,kun,IL2_single_default(kun 84%) | B_verb_rad_刀(kun 80%),初:◆物事の起こり、物事の発端、「衣服を作り始める時にまず布を切る」の意、「初」は「物事はまず初めに～する、～の初め」、「始」は「物事はまず～から始める、～から始ま
kk_判事_はんじ,判事,はんじ,判:◆二つに分ける、二つに分かれる、同「牉」◆(正否・是非・真偽などを)はっきりと区別する、見分ける、「判決(ハンケツ)」◆はっきりとした(する)さま、はっきりと区; 事:◆こと、動作・現象・状態など形のないものを指す語、形のあるものは「物」、「事情(ジジョウ、ことの様子)」「無事(ブジ、何事もないさま)」◆職(ショク)、仕事や役,N2,on,on+on,A3_short_compound(on+on 71%) | B_verb_rad_刀(kun 80%),判:◆二つに分ける、二つに分かれる、同「牉」◆(正否・是非・真偽などを)はっきりと区別する、見分ける、「判決(ハンケツ)」◆はっきりとした(する)さま、はっきりと区; 事:◆こと、動作・現象・状態など形のないものを指す語、形のあるものは「物」、「事情(ジジョウ、ことの様子)」「無事(ブジ、何事もないさま)」◆職(ショク)、仕事や役
kk_判子_はんこ,判子,はんこ,判:◆二つに分ける、二つに分かれる、同「牉」◆(正否・是非・真偽などを)はっきりと区別する、見分ける、「判決(ハンケツ)」◆はっきりとした(する)さま、はっきりと区; 子:◆母親から産まれるもの、古くは男女を問わず「子」といったが、現代中国では男の子(息子)を指す◆新しく産まれる(生まれる)ものの元となるもの、植物の種や実、動物の,N2,mixed,on+kun~,A3_short_compound(on+on 71%) | B_verb_rad_刀(kun 80%),判:◆二つに分ける、二つに分かれる、同「牉」◆(正否・是非・真偽などを)はっきりと区別する、見分ける、「判決(ハンケツ)」◆はっきりとした(する)さま、はっきりと区; 子:◆母親から産まれるもの、古くは男女を問わず「子」といったが、現代中国では男の子(息子)を指す◆新しく産まれる(生まれる)ものの元となるもの、植物の種や実、動物の
kk_判定_はんてい,判定,はんてい,判:◆二つに分ける、二つに分かれる、同「牉」◆(正否・是非・真偽などを)はっきりと区別する、見分ける、「判決(ハンケツ)」◆はっきりとした(する)さま、はっきりと区; 定:◆さだ・まる、動きや乱れが鎮(しず)まって変化・変動しない状態になる、平静になる、落ち着く、「鎮定(チンテイ)」◆さだ・める、動いたり揺らいだりしない状態にする,N2,on,on+on,B_verb_rad_刀(kun 80%) | B_noun_rad_宀(kun 93%),判:◆二つに分ける、二つに分かれる、同「牉」◆(正否・是非・真偽などを)はっきりと区別する、見分ける、「判決(ハンケツ)」◆はっきりとした(する)さま、はっきりと区; 定:◆さだ・まる、動きや乱れが鎮(しず)まって変化・変動しない状態になる、平静になる、落ち着く、「鎮定(チンテイ)」◆さだ・める、動いたり揺らいだりしない状態にする
kk_判決_はんけつ,判決,はんけつ,判:◆二つに分ける、二つに分かれる、同「牉」◆(正否・是非・真偽などを)はっきりと区別する、見分ける、「判決(ハンケツ)」◆はっきりとした(する)さま、はっきりと区; 決:◆堤(つつみ)などが破(やぶ)れる、また(堤防などが破れて)水が流れ出る◆破る、突き破る◆(妨げとなっている物や事を突き破って、押し退けて)きっぱりと、「決断(,N2,on,on+on,B_verb_rad_刀(kun 80%),判:◆二つに分ける、二つに分かれる、同「牉」◆(正否・是非・真偽などを)はっきりと区別する、見分ける、「判決(ハンケツ)」◆はっきりとした(する)さま、はっきりと区; 決:◆堤(つつみ)などが破(やぶ)れる、また(堤防などが破れて)水が流れ出る◆破る、突き破る◆(妨げとなっている物や事を突き破って、押し退けて)きっぱりと、「決断(
kk_別人_べつじん,別人,べつじん,別:◆切って分(わ)ける、分離する、分けて離す、分けたものが繋(つな)がっていない状態にする◆分かれる、分かれ離れる◆他と繋がりがない、他とは違う、異なる◆他(ほか; 人:◆霊長目ヒト科ヒト属の生物、ホモ・サピエンスHomo sapiens(「知恵の人」の意)、同「儿」◆自分以外の者、「人我(ジンガ、他人と自分)」◆人の数(かず),N2,on,on+on,B_verb_rad_刀(kun 80%),別:◆切って分(わ)ける、分離する、分けて離す、分けたものが繋(つな)がっていない状態にする◆分かれる、分かれ離れる◆他と繋がりがない、他とは違う、異なる◆他(ほか; 人:◆霊長目ヒト科ヒト属の生物、ホモ・サピエンスHomo sapiens(「知恵の人」の意)、同「儿」◆自分以外の者、「人我(ジンガ、他人と自分)」◆人の数(かず)
kk_利害_りがい,利害,りがい,利:◆先が尖(とが)る、先が鋭(するど)く尖った刃物◆よく切れるさま、切れ味が良いさま、鋭いさま◆(よく切れる刃物のように)すぱっと、さっと、一気に◆(よく切れる刃; 害:◆状態を悪くする、損(そこ)なう、傷付ける、妨(さまた)げる、良好な状態とは逆の状態になる◆なぜ、どうして、どうして～しないのか、同「盍」,N2,on,on+on,A3_short_compound(on+on 71%) | B_verb_rad_刀(kun 80%) | B_noun_rad_宀(kun 93%),利:◆先が尖(とが)る、先が鋭(するど)く尖った刃物◆よく切れるさま、切れ味が良いさま、鋭いさま◆(よく切れる刃物のように)すぱっと、さっと、一気に◆(よく切れる刃; 害:◆状態を悪くする、損(そこ)なう、傷付ける、妨(さまた)げる、良好な状態とは逆の状態になる◆なぜ、どうして、どうして～しないのか、同「盍」
kk_利息_りそく,利息,りそく,利:◆先が尖(とが)る、先が鋭(するど)く尖った刃物◆よく切れるさま、切れ味が良いさま、鋭いさま◆(よく切れる刃物のように)すぱっと、さっと、一気に◆(よく切れる刃; 息:◆いき、口や鼻で吐いたり吸ったりする空気◆呼吸する、一度吐いて吸うことを「一息」という◆生きている◆止(や)む、鎮(しず)まる、落ち着く、同「熄」◆休む、休憩す,N2,on,on+on,A3_short_compound(on+on 71%) | B_verb_rad_刀(kun 80%),利:◆先が尖(とが)る、先が鋭(するど)く尖った刃物◆よく切れるさま、切れ味が良いさま、鋭いさま◆(よく切れる刃物のように)すぱっと、さっと、一気に◆(よく切れる刃; 息:◆いき、口や鼻で吐いたり吸ったりする空気◆呼吸する、一度吐いて吸うことを「一息」という◆生きている◆止(や)む、鎮(しず)まる、落ち着く、同「熄」◆休む、休憩す
kk_制度_せいど,制度,せいど,制:◆断(た)つ、切る◆断って目的とする形にする、また形を整(ととの)える、同繁「製」、同「剬」◆決まり、規則、法(ホウ)◆枠(わく)をはみ出さないように押さえる、; 度:◆長さを測(はか)る際に基準となる物差し(ものさし)、またその目盛(めもり)、「度量(ドリョウ、長さと容量、人の言動をどの程度容認できるかの大きさ)」「法度(ハ,N2,on,on+on,A3_short_compound(on+on 71%) | B_verb_rad_刀(kun 80%) | B_noun_rad_广(kun 93%),制:◆断(た)つ、切る◆断って目的とする形にする、また形を整(ととの)える、同繁「製」、同「剬」◆決まり、規則、法(ホウ)◆枠(わく)をはみ出さないように押さえる、; 度:◆長さを測(はか)る際に基準となる物差し(ものさし)、またその目盛(めもり)、「度量(ドリョウ、長さと容量、人の言動をどの程度容認できるかの大きさ)」「法度(ハ
kk_刷る_する,刷る,する,刷:◆さっと擦(こす)る、さっと拭(ぬぐ)う◆擦って(拭って、掃いて)きれいにする、汚れを払(はら)い除く、同「㕞」「𢼞」◆「刷子(サッシ)」、刷毛(はけ)、ブラシ,N2,kun,kun,IL1_okurigana(kun 96%) | IL2_single_okuri(kun 96%) | B_verb_rad_刀(kun 80%),刷:◆さっと擦(こす)る、さっと拭(ぬぐ)う◆擦って(拭って、掃いて)きれいにする、汚れを払(はら)い除く、同「㕞」「𢼞」◆「刷子(サッシ)」、刷毛(はけ)、ブラシ
kk_削減_さくげん,削減,さくげん,削:◆不要なところ(不要なもの)を切り取る、はみ出したり出っ張ったりしているところを切り取る◆薄く切り取る、少しずつ切り落とす◆次第に細くなる、また減る、また減らす; 減:◆少なくなる、全体から一部がなくなる◆軽くなる、落ちる、下がる◆差し引く,N2,on,on+on,B_verb_rad_刀(kun 80%),削:◆不要なところ(不要なもの)を切り取る、はみ出したり出っ張ったりしているところを切り取る◆薄く切り取る、少しずつ切り落とす◆次第に細くなる、また減る、また減らす; 減:◆少なくなる、全体から一部がなくなる◆軽くなる、落ちる、下がる◆差し引く
kk_削除_さくじょ,削除,さくじょ,削:◆不要なところ(不要なもの)を切り取る、はみ出したり出っ張ったりしているところを切り取る◆薄く切り取る、少しずつ切り落とす◆次第に細くなる、また減る、また減らす; 除:◆そこにあるものを押し退(の)ける、押し退けて場所をあける◆取り払う、取り去る◆それまでの官職を解(と)いて新しい官職に就(つ)ける、「除官(ジョカン)」◆それ,N2,on,on+on,A3_short_compound(on+on 71%) | B_verb_rad_刀(kun 80%),削:◆不要なところ(不要なもの)を切り取る、はみ出したり出っ張ったりしているところを切り取る◆薄く切り取る、少しずつ切り落とす◆次第に細くなる、また減る、また減らす; 除:◆そこにあるものを押し退(の)ける、押し退けて場所をあける◆取り払う、取り去る◆それまでの官職を解(と)いて新しい官職に就(つ)ける、「除官(ジョカン)」◆それ
kk_前提_ぜんてい,前提,ぜんてい,前:◆(前に)進む、またその方向、同「先」、「前途(ぜんと、目的地に向かう道のり、将来)」◆位置的には先の方向、時間的には過去の方向、順序では上位の方向、同「先」、; 提:◆さ・げる、垂らすようにして持つ、下げるようにして持つ◆持ち上げる、引き上げる◆(話や課題などを)取り上げる、持ち出す、「提起(テイキ)」「提案(テイアン)」◆,N2,on,on+on,B_verb_rad_刀(kun 80%) | B_verb_rad_手(kun 80%),前:◆(前に)進む、またその方向、同「先」、「前途(ぜんと、目的地に向かう道のり、将来)」◆位置的には先の方向、時間的には過去の方向、順序では上位の方向、同「先」、; 提:◆さ・げる、垂らすようにして持つ、下げるようにして持つ◆持ち上げる、引き上げる◆(話や課題などを)取り上げる、持ち出す、「提起(テイキ)」「提案(テイアン)」◆
kk_前者_ぜんしゃ,前者,ぜんしゃ,前:◆(前に)進む、またその方向、同「先」、「前途(ぜんと、目的地に向かう道のり、将来)」◆位置的には先の方向、時間的には過去の方向、順序では上位の方向、同「先」、; 者:◆～の人、～する人、「使者(ししゃ、使いをする人、運び届けること)」◆こと(事)、もの(物)、「再者(サイシャ、更に付け加えること、追伸)」「前者(ゼンシャ、前,N2,on,on+on,A3_short_compound(on+on 71%) | B_verb_rad_刀(kun 80%),前:◆(前に)進む、またその方向、同「先」、「前途(ぜんと、目的地に向かう道のり、将来)」◆位置的には先の方向、時間的には過去の方向、順序では上位の方向、同「先」、; 者:◆～の人、～する人、「使者(ししゃ、使いをする人、運び届けること)」◆こと(事)、もの(物)、「再者(サイシャ、更に付け加えること、追伸)」「前者(ゼンシャ、前
kk_前進_ぜんしん,前進,ぜんしん,前:◆(前に)進む、またその方向、同「先」、「前途(ぜんと、目的地に向かう道のり、将来)」◆位置的には先の方向、時間的には過去の方向、順序では上位の方向、同「先」、; 進:◆前に向かって動く(行く)、前に出る、登る、上に向かって動く(行く)、昇って行く、状態が良い方向に向かう、逆は「退」◆位や程度が上がる◆人にものを差し出す、また,N2,on,on+on,B_verb_rad_刀(kun 80%),前:◆(前に)進む、またその方向、同「先」、「前途(ぜんと、目的地に向かう道のり、将来)」◆位置的には先の方向、時間的には過去の方向、順序では上位の方向、同「先」、; 進:◆前に向かって動く(行く)、前に出る、登る、上に向かって動く(行く)、昇って行く、状態が良い方向に向かう、逆は「退」◆位や程度が上がる◆人にものを差し出す、また
kk_前～_ぜん～,前～,ぜん～,前:◆(前に)進む、またその方向、同「先」、「前途(ぜんと、目的地に向かう道のり、将来)」◆位置的には先の方向、時間的には過去の方向、順序では上位の方向、同「先」、,N2,on,on,IL2_single_default(kun 84%) | B_verb_rad_刀(kun 80%),前:◆(前に)進む、またその方向、同「先」、「前途(ぜんと、目的地に向かう道のり、将来)」◆位置的には先の方向、時間的には過去の方向、順序では上位の方向、同「先」、
kk_剥がす_はがす,剥がす,はがす,剥:◆表面を覆(おお)っているものを切り取る、また切り外(はず)す、また取り去る、同「𠚩」「𠛧」◆表面を覆っているものが取れる◆身に着けているものを脱(ぬ)がす、ま,N2,kun,kun,IL1_okurigana(kun 96%) | IL2_single_okuri(kun 96%) | B_verb_rad_刀(kun 80%),剥:◆表面を覆(おお)っているものを切り取る、また切り外(はず)す、また取り去る、同「𠚩」「𠛧」◆表面を覆っているものが取れる◆身に着けているものを脱(ぬ)がす、ま
kk_剥がれる_はがれる,剥がれる,はがれる,剥:◆表面を覆(おお)っているものを切り取る、また切り外(はず)す、また取り去る、同「𠚩」「𠛧」◆表面を覆っているものが取れる◆身に着けているものを脱(ぬ)がす、ま,N2,kun,kun,IL1_okurigana(kun 96%) | IL2_single_okuri(kun 96%) | B_verb_rad_刀(kun 80%),剥:◆表面を覆(おお)っているものを切り取る、また切り外(はず)す、また取り去る、同「𠚩」「𠛧」◆表面を覆っているものが取れる◆身に着けているものを脱(ぬ)がす、ま
kk_副～_ふく～,副～,ふく～,副:◆主となるものの傍に寄り添う、付き添う◆主となるものに予備や補助などを目的として添える、補佐的な、二次的な、控え◆割(さ)く、二つに割く、同「疈」,N2,on,on,IL2_single_default(kun 84%) | B_verb_rad_刀(kun 80%),副:◆主となるものの傍に寄り添う、付き添う◆主となるものに予備や補助などを目的として添える、補佐的な、二次的な、控え◆割(さ)く、二つに割く、同「疈」
kk_割と_わりと,割と,わりと,割:◆刀で二つに裂く、裂いて切り離された状態にする◆十分の一(比率の単位),N2,kun,kun,IL1_okurigana(kun 96%) | IL2_single_okuri(kun 96%) | B_verb_rad_刀(kun 80%),割:◆刀で二つに裂く、裂いて切り離された状態にする◆十分の一(比率の単位)
kk_割り引く_わりびく,割り引く,わりびく,割:◆刀で二つに裂く、裂いて切り離された状態にする◆十分の一(比率の単位); 引:◆(弓の弦iに指を掛け、ぐいと)手前に寄せる、「向こうへぐいと押しやる」とは逆の動きをいう◆ぐいと伸ばす、「引領(インレイ、首を伸ばす、首を伸ばして待ち受ける),N2,other,mixed+mixed~,IL1_okurigana(kun 96%) | A1_compound_oku(kun 90%) | A1_on_kun_mix(on+kun 65%),割:◆刀で二つに裂く、裂いて切り離された状態にする◆十分の一(比率の単位); 引:◆(弓の弦iに指を掛け、ぐいと)手前に寄せる、「向こうへぐいと押しやる」とは逆の動きをいう◆ぐいと伸ばす、「引領(インレイ、首を伸ばす、首を伸ばして待ち受ける)
kk_創造_そうぞう,創造,そうぞう,創:◆傷(きず)、切り傷、同「瘡」◆傷付ける、刃物で切り込みを入れる、彫(ほ)る、彫り込む、同「𠛂」◆(まず刃物で切り込みを入れるところから始めるの意で)仕事をし始; 造:◆(素材に手を加えて、組み合わせて)作り上げる◆成(な)る、為(な)す、成し遂(と)げる◆到(いた)る、行き着く◆慌てる、慌ただしい◆「造次(ゾウジ)」◇ごく短,N2,on,on+on,B_verb_rad_刀(kun 80%),創:◆傷(きず)、切り傷、同「瘡」◆傷付ける、刃物で切り込みを入れる、彫(ほ)る、彫り込む、同「𠛂」◆(まず刃物で切り込みを入れるところから始めるの意で)仕事をし始; 造:◆(素材に手を加えて、組み合わせて)作り上げる◆成(な)る、為(な)す、成し遂(と)げる◆到(いた)る、行き着く◆慌てる、慌ただしい◆「造次(ゾウジ)」◇ごく短
kk_劇_げき,劇,げき,劇:◆激しい、烈(はげ)しい、甚(はなは)だしい◆忙(せわ)しい、目まぐるしい◆舞踊や芝居、同「戯」,N2,on,on,IL2_on_only(on 99%) | B_verb_rad_刀(kun 80%),劇:◆激しい、烈(はげ)しい、甚(はなは)だしい◆忙(せわ)しい、目まぐるしい◆舞踊や芝居、同「戯」
kk_劇場_げきじょう,劇場,げきじょう,劇:◆激しい、烈(はげ)しい、甚(はなは)だしい◆忙(せわ)しい、目まぐるしい◆舞踊や芝居、同「戯」; 場:◆(日当たりのよい、収穫した穀物の乾燥・脱穀などをする、また多くの人やものが集まる)広く平らなところ、「広場」、同「塲」◆一段と高くし上を平らに作ったところ、台,N2,on,on+on,B_verb_rad_刀(kun 80%),劇:◆激しい、烈(はげ)しい、甚(はなは)だしい◆忙(せわ)しい、目まぐるしい◆舞踊や芝居、同「戯」; 場:◆(日当たりのよい、収穫した穀物の乾燥・脱穀などをする、また多くの人やものが集まる)広く平らなところ、「広場」、同「塲」◆一段と高くし上を平らに作ったところ、台
kk_力づく_ちからづく,力づく,ちからづく,力:◆ものを動かすもの、ものを動かしているもの、ものに働(はたら)くもの、「強力(キョウリョク、強い力)」◆働く、務(つと)める、勤(つと)める、「努力(ドリョク、,N2,kun,kun,IL1_okurigana(kun 96%) | IL2_single_okuri(kun 96%) | B_verb_rad_力(kun 80%),力:◆ものを動かすもの、ものを動かしているもの、ものに働(はたら)くもの、「強力(キョウリョク、強い力)」◆働く、務(つと)める、勤(つと)める、「努力(ドリョク、
kk_力付ける_ちからづける,力付ける,ちからづける,力:◆ものを動かすもの、ものを動かしているもの、ものに働(はたら)くもの、「強力(キョウリョク、強い力)」◆働く、務(つと)める、勤(つと)める、「努力(ドリョク、; 付:◆手ずから授(さず)ける、直接手を取って与える、同「仅」◆渡し与える、渡して任せる、委(ゆだ)ねる◆[日]他のものに加える、また添える、また足す、同「附」,N2,other,mixed+mixed~,IL1_okurigana(kun 96%) | A1_compound_oku(kun 90%) | A1_on_kun_mix(on+kun 65%),力:◆ものを動かすもの、ものを動かしているもの、ものに働(はたら)くもの、「強力(キョウリョク、強い力)」◆働く、務(つと)める、勤(つと)める、「努力(ドリョク、; 付:◆手ずから授(さず)ける、直接手を取って与える、同「仅」◆渡し与える、渡して任せる、委(ゆだ)ねる◆[日]他のものに加える、また添える、また足す、同「附」
kk_功績_こうせき,功績,こうせき,功:◆積み重ねて得た成果、価値のある行いやその結果◆優れた働き◆「女功(ジョコウ)」、女性の仕事、針仕事や糸紡(いとつむ)ぎ・機織(はたおり)など、同「女紅」◆麻製; 績:◆う・む、麻や綿などの短い繊維や生糸を継(つ)ぎながら撚(よ)って糸にする◆(細かいことを一つ一つ継ぎながら)積み重ねてきたことの結果、成果、同「勣」◆優れた働,N2,on,on+on,B_verb_rad_力(kun 80%),功:◆積み重ねて得た成果、価値のある行いやその結果◆優れた働き◆「女功(ジョコウ)」、女性の仕事、針仕事や糸紡(いとつむ)ぎ・機織(はたおり)など、同「女紅」◆麻製; 績:◆う・む、麻や綿などの短い繊維や生糸を継(つ)ぎながら撚(よ)って糸にする◆(細かいことを一つ一つ継ぎながら)積み重ねてきたことの結果、成果、同「勣」◆優れた働
kk_加わる_くわわる,加わる,くわわる,加:◆足(た)す、付け足す、継(つ)ぎ足す、注(つ)ぎ足す◆増(ふ)やす、増える◆その上に～、その上更に～,N2,kun,kun,IL1_okurigana(kun 96%) | IL2_single_okuri(kun 96%) | B_verb_rad_力(kun 80%),加:◆足(た)す、付け足す、継(つ)ぎ足す、注(つ)ぎ足す◆増(ふ)やす、増える◆その上に～、その上更に～
kk_加減_かげん,加減,かげん,加:◆足(た)す、付け足す、継(つ)ぎ足す、注(つ)ぎ足す◆増(ふ)やす、増える◆その上に～、その上更に～; 減:◆少なくなる、全体から一部がなくなる◆軽くなる、落ちる、下がる◆差し引く,N2,on,on+on,A3_short_compound(on+on 71%) | B_verb_rad_力(kun 80%),加:◆足(た)す、付け足す、継(つ)ぎ足す、注(つ)ぎ足す◆増(ふ)やす、増える◆その上に～、その上更に～; 減:◆少なくなる、全体から一部がなくなる◆軽くなる、落ちる、下がる◆差し引く
kk_加算_かさん,加算,かさん,加:◆足(た)す、付け足す、継(つ)ぎ足す、注(つ)ぎ足す◆増(ふ)やす、増える◆その上に～、その上更に～; 算:◆数(かず)を数(かぞ)える、同「筭」◆数を計算する(本数や置き方によって数を表す)ための竹の棒、占いにも用いる、同「籌」、「算籌(サンチュウ、計算また占いに用,N2,on,on+on,A3_short_compound(on+on 71%) | B_verb_rad_力(kun 80%) | B_noun_rad_竹(kun 93%),加:◆足(た)す、付け足す、継(つ)ぎ足す、注(つ)ぎ足す◆増(ふ)やす、増える◆その上に～、その上更に～; 算:◆数(かず)を数(かぞ)える、同「筭」◆数を計算する(本数や置き方によって数を表す)ための竹の棒、占いにも用いる、同「籌」、「算籌(サンチュウ、計算また占いに用
kk_加速_かそく,加速,かそく,加:◆足(た)す、付け足す、継(つ)ぎ足す、注(つ)ぎ足す◆増(ふ)やす、増える◆その上に～、その上更に～; 速:◆あっという間に、瞬(またた)く間に、間を置かずに、さっと◆疾(はや)い、あっという間に位置が変わる、また通り過ぎて行く、同「遬」◆間を置かずに動作・反応・対応,N2,on,on+on,A3_short_compound(on+on 71%) | B_verb_rad_力(kun 80%),加:◆足(た)す、付け足す、継(つ)ぎ足す、注(つ)ぎ足す◆増(ふ)やす、増える◆その上に～、その上更に～; 速:◆あっという間に、瞬(またた)く間に、間を置かずに、さっと◆疾(はや)い、あっという間に位置が変わる、また通り過ぎて行く、同「遬」◆間を置かずに動作・反応・対応
kk_加速度的_かそくどてき,加速度的,かそくどてき,加:◆足(た)す、付け足す、継(つ)ぎ足す、注(つ)ぎ足す◆増(ふ)やす、増える◆その上に～、その上更に～; 速:◆あっという間に、瞬(またた)く間に、間を置かずに、さっと◆疾(はや)い、あっという間に位置が変わる、また通り過ぎて行く、同「遬」◆間を置かずに動作・反応・対応; 度:◆長さを測(はか)る際に基準となる物差し(ものさし)、またその目盛(めもり)、「度量(ドリョウ、長さと容量、人の言動をどの程度容認できるかの大きさ)」「法度(ハ,N2,on,on+on+on+on,A4_multi_on(on+on+on+on 65%) | B_verb_rad_力(kun 80%) | B_noun_rad_广(kun 93%),加:◆足(た)す、付け足す、継(つ)ぎ足す、注(つ)ぎ足す◆増(ふ)やす、増える◆その上に～、その上更に～; 速:◆あっという間に、瞬(またた)く間に、間を置かずに、さっと◆疾(はや)い、あっという間に位置が変わる、また通り過ぎて行く、同「遬」◆間を置かずに動作・反応・対応; 度:◆長さを測(はか)る際に基準となる物差し(ものさし)、またその目盛(めもり)、「度量(ドリョウ、長さと容量、人の言動をどの程度容認できるかの大きさ)」「法度(ハ
kk_劣る_おとる,劣る,おとる,劣:◆他のものや標準的・平均的なものと比較して(まったく欠けているわけではないが、やや)少ない、また小さい、また足りない、また及ばない、また低い、また弱い、また良く,N2,kun,kun,IL1_okurigana(kun 96%) | IL2_single_okuri(kun 96%) | B_verb_rad_力(kun 80%),劣:◆他のものや標準的・平均的なものと比較して(まったく欠けているわけではないが、やや)少ない、また小さい、また足りない、また及ばない、また低い、また弱い、また良く
kk_助け_たすけ,助け,たすけ,助:◆力や手を貸す、力や手を貸し支る、力になる◆「助法(ジョホウ)」、殷代(イン、約前17世紀～約前11世紀) の税法で、土地を縦横それぞれ三分して九区画(各七十畝,N2,kun,kun,IL1_okurigana(kun 96%) | IL2_single_okuri(kun 96%) | B_verb_rad_力(kun 80%),助:◆力や手を貸す、力や手を貸し支る、力になる◆「助法(ジョホウ)」、殷代(イン、約前17世紀～約前11世紀) の税法で、土地を縦横それぞれ三分して九区画(各七十畝
kk_助手_じょしゅ,助手,じょしゅ,助:◆力や手を貸す、力や手を貸し支る、力になる◆「助法(ジョホウ)」、殷代(イン、約前17世紀～約前11世紀) の税法で、土地を縦横それぞれ三分して九区画(各七十畝; 手:◆体や物体の一部で、胴から分かれ出て伸び、持つ・握る・叩く・ものを作る・操作するなどの機能を持つ部分、掌(たなごころ)と指を合わせた全体、腕の先の部分 ◆自(み,N2,on,on+on,A3_short_compound(on+on 71%) | B_verb_rad_力(kun 80%) | B_verb_rad_手(kun 80%),助:◆力や手を貸す、力や手を貸し支る、力になる◆「助法(ジョホウ)」、殷代(イン、約前17世紀～約前11世紀) の税法で、土地を縦横それぞれ三分して九区画(各七十畝; 手:◆体や物体の一部で、胴から分かれ出て伸び、持つ・握る・叩く・ものを作る・操作するなどの機能を持つ部分、掌(たなごころ)と指を合わせた全体、腕の先の部分 ◆自(み
kk_助教授_じょきょうじゅ,助教授,じょきょうじゅ,助:◆力や手を貸す、力や手を貸し支る、力になる◆「助法(ジョホウ)」、殷代(イン、約前17世紀～約前11世紀) の税法で、土地を縦横それぞれ三分して九区画(各七十畝; 教:◆自分の持つ知識・技術などをそれを持たない他の人に授(さず)ける、また見習わせる、またその内容、教えを受け見て倣い習得することを「学」◆神仏の説く道、道を示し導; 授:◆上位者が下位者に直接(手渡しで)与える、また教える、下位者が上位者から直接(手渡しで)賜(たまわ)る、また給(たま)わる,N2,on,on+on+on,A4_multi_on(on+on+on 65%) | B_verb_rad_力(kun 80%) | B_verb_rad_手(kun 80%),助:◆力や手を貸す、力や手を貸し支る、力になる◆「助法(ジョホウ)」、殷代(イン、約前17世紀～約前11世紀) の税法で、土地を縦横それぞれ三分して九区画(各七十畝; 教:◆自分の持つ知識・技術などをそれを持たない他の人に授(さず)ける、また見習わせる、またその内容、教えを受け見て倣い習得することを「学」◆神仏の説く道、道を示し導; 授:◆上位者が下位者に直接(手渡しで)与える、また教える、下位者が上位者から直接(手渡しで)賜(たまわ)る、また給(たま)わる
kk_助言_じょげん,助言,じょげん,助:◆力や手を貸す、力や手を貸し支る、力になる◆「助法(ジョホウ)」、殷代(イン、約前17世紀～約前11世紀) の税法で、土地を縦横それぞれ三分して九区画(各七十畝; 言:◆相手に伝えたいことを声に出してはっきりと述べる、またその内容、またそのための語(ゴ、互いに意思の疎通を図るための言葉)◆字(ジ)、文字◆我(われ)、自分を指す,N2,on,on+on,A3_short_compound(on+on 71%) | B_verb_rad_力(kun 80%) | B_verb_rad_言(kun 80%),助:◆力や手を貸す、力や手を貸し支る、力になる◆「助法(ジョホウ)」、殷代(イン、約前17世紀～約前11世紀) の税法で、土地を縦横それぞれ三分して九区画(各七十畝; 言:◆相手に伝えたいことを声に出してはっきりと述べる、またその内容、またそのための語(ゴ、互いに意思の疎通を図るための言葉)◆字(ジ)、文字◆我(われ)、自分を指す
kk_助～_じょ～,助～,じょ～,助:◆力や手を貸す、力や手を貸し支る、力になる◆「助法(ジョホウ)」、殷代(イン、約前17世紀～約前11世紀) の税法で、土地を縦横それぞれ三分して九区画(各七十畝,N2,on,on,IL2_single_default(kun 84%) | B_verb_rad_力(kun 80%),助:◆力や手を貸す、力や手を貸し支る、力になる◆「助法(ジョホウ)」、殷代(イン、約前17世紀～約前11世紀) の税法で、土地を縦横それぞれ三分して九区画(各七十畝
kk_努める_つとめる,努める,つとめる,努:◆つと・める、力を尽くす、勉(つと)める◆突き出るさま、突出するさま◆永字八法の一つ、縦画の書き方、「弩」ともいう、現代中国では「竪(しゅ)」 ◆[日]つと・め,N2,kun,kun,IL1_okurigana(kun 96%) | IL2_single_okuri(kun 96%) | B_verb_rad_力(kun 80%),努:◆つと・める、力を尽くす、勉(つと)める◆突き出るさま、突出するさま◆永字八法の一つ、縦画の書き方、「弩」ともいう、現代中国では「竪(しゅ)」 ◆[日]つと・め
kk_励ます_はげます,励ます,はげます,励:◆はげ・ます、元気付ける、力付ける、奮(ふる)い立たせる◆仕事などに力を注ぐ,N2,kun,kun,IL1_okurigana(kun 96%) | IL2_single_okuri(kun 96%) | B_verb_rad_力(kun 80%),励:◆はげ・ます、元気付ける、力付ける、奮(ふる)い立たせる◆仕事などに力を注ぐ
kk_励み_はげみ,励み,はげみ,励:◆はげ・ます、元気付ける、力付ける、奮(ふる)い立たせる◆仕事などに力を注ぐ,N2,kun,kun,IL1_okurigana(kun 96%) | IL2_single_okuri(kun 96%) | B_verb_rad_力(kun 80%),励:◆はげ・ます、元気付ける、力付ける、奮(ふる)い立たせる◆仕事などに力を注ぐ
kk_労働_ろうどう,労働,ろうどう,労:◆精一杯務める、力を尽くして働く、またそのような人◆力を出し尽くして疲れる、困憊(コンパイ)する◆いた・わる、ねぎら・う、働きや骨折り・疲れや辛苦を慰める; 働:◆[日]仕事をする◆[日]他に対して作用する◆俗「仂」、但し和製の簡体字で、中国で「仂」は、「働く」の義はない,N2,on,on+on,B_verb_rad_力(kun 80%),労:◆精一杯務める、力を尽くして働く、またそのような人◆力を出し尽くして疲れる、困憊(コンパイ)する◆いた・わる、ねぎら・う、働きや骨折り・疲れや辛苦を慰める; 働:◆[日]仕事をする◆[日]他に対して作用する◆俗「仂」、但し和製の簡体字で、中国で「仂」は、「働く」の義はない
kk_効き目_ききめ,効き目,ききめ,効:◆致(いた)す、力を尽くす、力を発揮する◆致す(力を尽くす、力を発揮する)ことによって結果・成果が現れる(得られる)◆他に致す(作用する)ことによって現れる(得; 目:◆眼(め、眼球ガンキュウ、黒目くろめ)・白目(しろめ、結膜ケツマク)・視神経などを含むものを見る器官全体、またその形状や様子や機能◆ものを見る、また見分ける◆眼,N2,kun,kun+kun~,IL1_okurigana(kun 96%) | A1_compound_oku(kun 90%) | A1_on_kun_mix(on+kun 65%),効:◆致(いた)す、力を尽くす、力を発揮する◆致す(力を尽くす、力を発揮する)ことによって結果・成果が現れる(得られる)◆他に致す(作用する)ことによって現れる(得; 目:◆眼(め、眼球ガンキュウ、黒目くろめ)・白目(しろめ、結膜ケツマク)・視神経などを含むものを見る器官全体、またその形状や様子や機能◆ものを見る、また見分ける◆眼
kk_効力_こうりょく,効力,こうりょく,効:◆致(いた)す、力を尽くす、力を発揮する◆致す(力を尽くす、力を発揮する)ことによって結果・成果が現れる(得られる)◆他に致す(作用する)ことによって現れる(得; 力:◆ものを動かすもの、ものを動かしているもの、ものに働(はたら)くもの、「強力(キョウリョク、強い力)」◆働く、務(つと)める、勤(つと)める、「努力(ドリョク、,N2,on,on+on,B_verb_rad_力(kun 80%) | B_verb_rad_力(kun 80%),効:◆致(いた)す、力を尽くす、力を発揮する◆致す(力を尽くす、力を発揮する)ことによって結果・成果が現れる(得られる)◆他に致す(作用する)ことによって現れる(得; 力:◆ものを動かすもの、ものを動かしているもの、ものに働(はたら)くもの、「強力(キョウリョク、強い力)」◆働く、務(つと)める、勤(つと)める、「努力(ドリョク、
kk_勇ましい_いさましい,勇ましい,いさましい,勇:◆気力が満ちているさま、気力に満ちて恐れを知らない、恐れることなく立ち向かう、逞(たくま)しく怯(ひる)まない、同「恿」,N2,kun,kun,IL1_okurigana(kun 96%) | IL2_single_okuri(kun 96%) | B_verb_rad_力(kun 80%),勇:◆気力が満ちているさま、気力に満ちて恐れを知らない、恐れることなく立ち向かう、逞(たくま)しく怯(ひる)まない、同「恿」
kk_動機_どうき,動機,どうき,動:◆位置・姿勢・感情・状態・事情などが変わる、また変える、また変わり始める、「動作」「行動」「感動」◆やや・もすれば、どうかすると(～になる、～になりやすい); 機:◆布を織る装置、「機織(キショク、はたおり)」◆ある仕事をさせる(する)ために人や部品を組み合わせて作り上げた仕組みや仕掛け(組織や装置)◆「機関(キカン)」◇,N2,on,on+on,A3_short_compound(on+on 71%) | B_verb_rad_力(kun 80%) | B_noun_rad_木(kun 93%),動:◆位置・姿勢・感情・状態・事情などが変わる、また変える、また変わり始める、「動作」「行動」「感動」◆やや・もすれば、どうかすると(～になる、～になりやすい); 機:◆布を織る装置、「機織(キショク、はたおり)」◆ある仕事をさせる(する)ために人や部品を組み合わせて作り上げた仕組みや仕掛け(組織や装置)◆「機関(キカン)」◇
kk_勘_かん,勘,かん,勘:◆よく突き合わせながら考える、詳しく比べる◆(罪を)問い質(ただ)す、詳しく取り調べる◆[日]かん、第六感、感覚では知覚できな物事を確かに感じ知ること,N2,on,on,IL2_on_only(on 99%) | B_verb_rad_力(kun 80%),勘:◆よく突き合わせながら考える、詳しく比べる◆(罪を)問い質(ただ)す、詳しく取り調べる◆[日]かん、第六感、感覚では知覚できな物事を確かに感じ知ること
kk_勘違い_かんちがい,勘違い,かんちがい,勘:◆よく突き合わせながら考える、詳しく比べる◆(罪を)問い質(ただ)す、詳しく取り調べる◆[日]かん、第六感、感覚では知覚できな物事を確かに感じ知ること; 違:◆背(せ)を向ける、背を向け去る、背(そむ)く◆あるべき形や様子と異なる、また反している、また合っていない◆守るべきものを守らない、従(したが)わない,N2,on,on+on,IL1_okurigana(kun 96%) | A1_compound_oku(kun 90%) | A1_on_kun_mix(on+kun 65%),勘:◆よく突き合わせながら考える、詳しく比べる◆(罪を)問い質(ただ)す、詳しく取り調べる◆[日]かん、第六感、感覚では知覚できな物事を確かに感じ知ること; 違:◆背(せ)を向ける、背を向け去る、背(そむ)く◆あるべき形や様子と異なる、また反している、また合っていない◆守るべきものを守らない、従(したが)わない
kk_務め_つとめ,務め,つとめ,務:◆成すべきこと、ひたすら力を注(そそ)ぐべきこと◆努(つと)める、成すべきことにひたすら力を尽くす、同「敄」◆強(し)いて、押して、無理にでも,N2,kun,kun,IL1_okurigana(kun 96%) | IL2_single_okuri(kun 96%) | B_verb_rad_力(kun 80%),務:◆成すべきこと、ひたすら力を注(そそ)ぐべきこと◆努(つと)める、成すべきことにひたすら力を尽くす、同「敄」◆強(し)いて、押して、無理にでも
kk_務める_つとめる,務める,つとめる,務:◆成すべきこと、ひたすら力を注(そそ)ぐべきこと◆努(つと)める、成すべきことにひたすら力を尽くす、同「敄」◆強(し)いて、押して、無理にでも,N2,kun,kun,IL1_okurigana(kun 96%) | IL2_single_okuri(kun 96%) | B_verb_rad_力(kun 80%),務:◆成すべきこと、ひたすら力を注(そそ)ぐべきこと◆努(つと)める、成すべきことにひたすら力を尽くす、同「敄」◆強(し)いて、押して、無理にでも
kk_勝ち_かち,勝ち,かち,勝:◆責任や任務によく耐える、また耐えることができる◆克(か)つ、克服する、(困難に耐え)乗り越え成し遂げる◆～を上回る、～より優(すぐ)れる、優れている◆相手を上,N2,kun,kun,IL1_okurigana(kun 96%) | IL2_single_okuri(kun 96%) | B_verb_rad_力(kun 80%),勝:◆責任や任務によく耐える、また耐えることができる◆克(か)つ、克服する、(困難に耐え)乗り越え成し遂げる◆～を上回る、～より優(すぐ)れる、優れている◆相手を上
kk_勝ち抜く_かちぬく,勝ち抜く,かちぬく,勝:◆責任や任務によく耐える、また耐えることができる◆克(か)つ、克服する、(困難に耐え)乗り越え成し遂げる◆～を上回る、～より優(すぐ)れる、優れている◆相手を上; 抜:◆多くの中で一部だけが見えているところを掴んで引っ張り出す◆多くの中から必要なもの或いは不必要なものを選んで取り出す◆多くの中でそこだけ(それだけ)が突き出てい,N2,kun,kun+kun~,IL1_okurigana(kun 96%) | A1_compound_oku(kun 90%) | A1_on_kun_mix(on+kun 65%),勝:◆責任や任務によく耐える、また耐えることができる◆克(か)つ、克服する、(困難に耐え)乗り越え成し遂げる◆～を上回る、～より優(すぐ)れる、優れている◆相手を上; 抜:◆多くの中で一部だけが見えているところを掴んで引っ張り出す◆多くの中から必要なもの或いは不必要なものを選んで取り出す◆多くの中でそこだけ(それだけ)が突き出てい
kk_勝ち負け_かちまけ,勝ち負け,かちまけ,勝:◆責任や任務によく耐える、また耐えることができる◆克(か)つ、克服する、(困難に耐え)乗り越え成し遂げる◆～を上回る、～より優(すぐ)れる、優れている◆相手を上; 負:◆荷を背に載(の)せる、肩は「擔」「担」◆荷や仕事や責任などを引き受ける、「重い荷を背負う」の意◆(背後にあるものを)頼る、頼りにする、当てにする◆背を向ける、,N2,kun,kun+kun~,IL1_okurigana(kun 96%) | A1_compound_oku(kun 90%) | A1_on_kun_mix(on+kun 65%),勝:◆責任や任務によく耐える、また耐えることができる◆克(か)つ、克服する、(困難に耐え)乗り越え成し遂げる◆～を上回る、～より優(すぐ)れる、優れている◆相手を上; 負:◆荷を背に載(の)せる、肩は「擔」「担」◆荷や仕事や責任などを引き受ける、「重い荷を背負う」の意◆(背後にあるものを)頼る、頼りにする、当てにする◆背を向ける、
kk_勝利_しょうり,勝利,しょうり,勝:◆責任や任務によく耐える、また耐えることができる◆克(か)つ、克服する、(困難に耐え)乗り越え成し遂げる◆～を上回る、～より優(すぐ)れる、優れている◆相手を上; 利:◆先が尖(とが)る、先が鋭(するど)く尖った刃物◆よく切れるさま、切れ味が良いさま、鋭いさま◆(よく切れる刃物のように)すぱっと、さっと、一気に◆(よく切れる刃,N2,on,on+on,A3_short_compound(on+on 71%) | B_verb_rad_力(kun 80%) | B_verb_rad_刀(kun 80%),勝:◆責任や任務によく耐える、また耐えることができる◆克(か)つ、克服する、(困難に耐え)乗り越え成し遂げる◆～を上回る、～より優(すぐ)れる、優れている◆相手を上; 利:◆先が尖(とが)る、先が鋭(するど)く尖った刃物◆よく切れるさま、切れ味が良いさま、鋭いさま◆(よく切れる刃物のように)すぱっと、さっと、一気に◆(よく切れる刃
kk_勝敗_しょうはい,勝敗,しょうはい,勝:◆責任や任務によく耐える、また耐えることができる◆克(か)つ、克服する、(困難に耐え)乗り越え成し遂げる◆～を上回る、～より優(すぐ)れる、優れている◆相手を上; 敗:◆(争いなどに)破れる、負ける◆うまくいかない、駄目になる◆損なわれる、壊れる、萎える、衰える◆肉が腐る、「腐敗(フハイ)」、魚は「餒」,N2,on,on+on,B_verb_rad_力(kun 80%),勝:◆責任や任務によく耐える、また耐えることができる◆克(か)つ、克服する、(困難に耐え)乗り越え成し遂げる◆～を上回る、～より優(すぐ)れる、優れている◆相手を上; 敗:◆(争いなどに)破れる、負ける◆うまくいかない、駄目になる◆損なわれる、壊れる、萎える、衰える◆肉が腐る、「腐敗(フハイ)」、魚は「餒」
kk_勢い_いきおい,勢い,いきおい,勢:◆他を押さえ押し退ける力が強いさま、他に大きな影響を及ぼすさま◆物事の変化の様子や程度(「情勢」「時勢」など)、変化のあるものの姿や状態(「姿勢」「形勢」など),N2,kun,kun,IL1_okurigana(kun 96%) | IL2_single_okuri(kun 96%) | B_verb_rad_力(kun 80%),勢:◆他を押さえ押し退ける力が強いさま、他に大きな影響を及ぼすさま◆物事の変化の様子や程度(「情勢」「時勢」など)、変化のあるものの姿や状態(「姿勢」「形勢」など)
kk_勤め_つとめ,勤め,つとめ,勤:◆すべきことに(仕事に)力を注(そそ)ぐ、励(はげ)む、精(セイ)を出す、同「廑」,N2,kun,kun,IL1_okurigana(kun 96%) | IL2_single_okuri(kun 96%) | B_verb_rad_力(kun 80%),勤:◆すべきことに(仕事に)力を注(そそ)ぐ、励(はげ)む、精(セイ)を出す、同「廑」
kk_勧め_すすめ,勧め,すすめ,勧:◆手を貸し励(はげ)まし促(うなが)す、繰返し促す,N2,kun,kun,IL1_okurigana(kun 96%) | IL2_single_okuri(kun 96%) | B_verb_rad_力(kun 80%),勧:◆手を貸し励(はげ)まし促(うなが)す、繰返し促す
kk_包帯_ほうたい,包帯,ほうたい,包:◆布や紙などの薄い膜状のもので全体を覆(おお)う、中のものを保護するように全体を覆う、含(ふく)める、同「裹」◆周りを覆う、周りを囲う; 帯:◆衣服が開(はだ)けないように胸の下に辺りに巻いて結ぶ長く幅広の布、またそれを巻く ◆(帯に挟んだり、帯のように巻いたり結わえたりして)身に着ける、着用する◆(,N2,on,on+on,B_noun_rad_巾(kun 93%),包:◆布や紙などの薄い膜状のもので全体を覆(おお)う、中のものを保護するように全体を覆う、含(ふく)める、同「裹」◆周りを覆う、周りを囲う; 帯:◆衣服が開(はだ)けないように胸の下に辺りに巻いて結ぶ長く幅広の布、またそれを巻く ◆(帯に挟んだり、帯のように巻いたり結わえたりして)身に着ける、着用する◆(
kk_匙_さじ,匙,さじ,匙:◆食べ物などを掬(すく)い取る食器、スプーンspoon◆錠前(じょうまえ、扉や戸を閉じて開かないようにするための道具、中国では「鎖」)を開けるための鍵(かぎ)、,N2,kun,kun,IL2_single_default(kun 84%),匙:◆食べ物などを掬(すく)い取る食器、スプーンspoon◆錠前(じょうまえ、扉や戸を閉じて開かないようにするための道具、中国では「鎖」)を開けるための鍵(かぎ)、
kk_区分_くぶん,区分,くぶん,区:◆ある大きさのものを幾つかに別(わ)ける、仕切(しき)る◆周りを仕切ったところ、他から仕切られたところ◆行政上の地域の単位◆小さいさま、細かいさま◆戦国時代(前; 分:◆一つに纏(まと)まっているものを幾つかに切り離す、また幾つかに仕切る(区切る)、「分割(ブンカツ)」、切り離したものを仕分けることを「別」◆一つの纏まりから一,N2,on,on+on,A3_short_compound(on+on 71%) | B_verb_rad_刀(kun 80%),区:◆ある大きさのものを幾つかに別(わ)ける、仕切(しき)る◆周りを仕切ったところ、他から仕切られたところ◆行政上の地域の単位◆小さいさま、細かいさま◆戦国時代(前; 分:◆一つに纏(まと)まっているものを幾つかに切り離す、また幾つかに仕切る(区切る)、「分割(ブンカツ)」、切り離したものを仕分けることを「別」◆一つの纏まりから一
kk_区切る_くぎる,区切る,くぎる,区:◆ある大きさのものを幾つかに別(わ)ける、仕切(しき)る◆周りを仕切ったところ、他から仕切られたところ◆行政上の地域の単位◆小さいさま、細かいさま◆戦国時代(前; 切:◆刃物などですっと断(た)つ、裁(た)つ、割(さ)く◆ぴったりとしたさま、隙(すき)がないさま、「親切(シンセツ)」◆近くまで迫(せま)る、差し迫る、「切近(セ,N2,on,on+mixed~,IL1_okurigana(kun 96%) | A1_compound_oku(kun 90%) | A1_on_kun_mix(on+kun 65%),区:◆ある大きさのものを幾つかに別(わ)ける、仕切(しき)る◆周りを仕切ったところ、他から仕切られたところ◆行政上の地域の単位◆小さいさま、細かいさま◆戦国時代(前; 切:◆刃物などですっと断(た)つ、裁(た)つ、割(さ)く◆ぴったりとしたさま、隙(すき)がないさま、「親切(シンセツ)」◆近くまで迫(せま)る、差し迫る、「切近(セ
kk_区域_くいき,区域,くいき,区:◆ある大きさのものを幾つかに別(わ)ける、仕切(しき)る◆周りを仕切ったところ、他から仕切られたところ◆行政上の地域の単位◆小さいさま、細かいさま◆戦国時代(前; 域:◆境界、区切り◆境界の内側、周りを囲った内側、範囲◆邦(くに)、領土、国土,N2,on,on+on,A3_short_compound(on+on 71%),区:◆ある大きさのものを幾つかに別(わ)ける、仕切(しき)る◆周りを仕切ったところ、他から仕切られたところ◆行政上の地域の単位◆小さいさま、細かいさま◆戦国時代(前; 域:◆境界、区切り◆境界の内側、周りを囲った内側、範囲◆邦(くに)、領土、国土
kk_千切る_ちぎる,千切る,ちぎる,千:◆百の十倍、キロ kilo ◆数や回数が非常に(十・百よりも)多いさま◆「秋千(シュウセン)」、ぶらんこ、同「鞦韆」; 切:◆刃物などですっと断(た)つ、裁(た)つ、割(さ)く◆ぴったりとしたさま、隙(すき)がないさま、「親切(シンセツ)」◆近くまで迫(せま)る、差し迫る、「切近(セ,N2,other,mixed+mixed~,IL1_okurigana(kun 96%) | A1_compound_oku(kun 90%) | A1_on_kun_mix(on+kun 65%),千:◆百の十倍、キロ kilo ◆数や回数が非常に(十・百よりも)多いさま◆「秋千(シュウセン)」、ぶらんこ、同「鞦韆」; 切:◆刃物などですっと断(た)つ、裁(た)つ、割(さ)く◆ぴったりとしたさま、隙(すき)がないさま、「親切(シンセツ)」◆近くまで迫(せま)る、差し迫る、「切近(セ
kk_半ば_なかば,半ば,なかば,半:◆凡そ二分の一、二分したものの片方◆途中、距離や時間の中間付近◆まだ完全でないさま,N2,kun,kun,IL1_okurigana(kun 96%) | IL2_single_okuri(kun 96%),半:◆凡そ二分の一、二分したものの片方◆途中、距離や時間の中間付近◆まだ完全でないさま
kk_半島_はんとう,半島,はんとう,半:◆凡そ二分の一、二分したものの片方◆途中、距離や時間の中間付近◆まだ完全でないさま; 島:◆海や湖などの広い水の中の陸地、同「隝」「隯」「嶹」¶「海を渡る鳥が羽を休めることができるところ」の意,N2,on,on+on,,半:◆凡そ二分の一、二分したものの片方◆途中、距離や時間の中間付近◆まだ完全でないさま; 島:◆海や湖などの広い水の中の陸地、同「隝」「隯」「嶹」¶「海を渡る鳥が羽を休めることができるところ」の意
kk_半～_はん～,半～,はん～,半:◆凡そ二分の一、二分したものの片方◆途中、距離や時間の中間付近◆まだ完全でないさま,N2,on,on,IL2_single_default(kun 84%),半:◆凡そ二分の一、二分したものの片方◆途中、距離や時間の中間付近◆まだ完全でないさま
kk_卑怯_ひきょう,卑怯,ひきょう,卑:◆下にあるさま、低いさま、高いのは「尊」、「【周易正義(周易注疏):卷十一:繫辭上】天尊地卑乾坤定矣」◆身分や地位などが低い◆下等な、下品な、劣(おと)る、賤(; 怯:◆恐がってびくびくする(おどおどする)、後込(しりご)みする、同「㹤」◆小心なさま、臆病なさま、肝(きも)が小さいさま、「怯懦(キョウダ)」,N2,on,on+on,A3_short_compound(on+on 71%),卑:◆下にあるさま、低いさま、高いのは「尊」、「【周易正義(周易注疏):卷十一:繫辭上】天尊地卑乾坤定矣」◆身分や地位などが低い◆下等な、下品な、劣(おと)る、賤(; 怯:◆恐がってびくびくする(おどおどする)、後込(しりご)みする、同「㹤」◆小心なさま、臆病なさま、肝(きも)が小さいさま、「怯懦(キョウダ)」
kk_南北_なんぼく,南北,なんぼく,南:◆東(トウ、ひがし、太陽が昇る方角)を向いたときに右の方角、陽が射し込む方角、左の方角を「北」; 北:◆東(トウ、ひがし、太陽が昇る方角)に向いたときに左の方角、右の方角を「南」◆背(そむ)ける、背(せ)を向ける、背(そむ)く、同「背」◆逃(に)げる、「敵に背を,N2,other,mixed+mixed~,,南:◆東(トウ、ひがし、太陽が昇る方角)を向いたときに右の方角、陽が射し込む方角、左の方角を「北」; 北:◆東(トウ、ひがし、太陽が昇る方角)に向いたときに左の方角、右の方角を「南」◆背(そむ)ける、背(せ)を向ける、背(そむ)く、同「背」◆逃(に)げる、「敵に背を
kk_南極_なんきょく,南極,なんきょく,南:◆東(トウ、ひがし、太陽が昇る方角)を向いたときに右の方角、陽が射し込む方角、左の方角を「北」; 極:◆屋根の棟(むね)、最も高いところ、またそこに渡した木、棟木(むなぎ)◆頂点、先端◆これ以上はない、それより先はない、またそこに達する◆究(きわ)まる、尽(つ),N2,on,on+on,B_noun_rad_木(kun 93%),南:◆東(トウ、ひがし、太陽が昇る方角)を向いたときに右の方角、陽が射し込む方角、左の方角を「北」; 極:◆屋根の棟(むね)、最も高いところ、またそこに渡した木、棟木(むなぎ)◆頂点、先端◆これ以上はない、それより先はない、またそこに達する◆究(きわ)まる、尽(つ)
kk_単なる_たんなる,単なる,たんなる,単:◆一つ、ただ一つ、それだけ、ただそれだけ、異質のものや別物が混ざっていない状態を指す◆ひとえ◇重ならない、繰り返さない◇裏地のない衣服,N2,on,on,IL1_okurigana(kun 96%) | IL2_single_okuri(kun 96%),単:◆一つ、ただ一つ、それだけ、ただそれだけ、異質のものや別物が混ざっていない状態を指す◆ひとえ◇重ならない、繰り返さない◇裏地のない衣服
kk_単数_たんすう,単数,たんすう,単:◆一つ、ただ一つ、それだけ、ただそれだけ、異質のものや別物が混ざっていない状態を指す◆ひとえ◇重ならない、繰り返さない◇裏地のない衣服; 数:◆かず、同種のもの(繰り返されるもの)の多少を表す語◆かぞ・える、一つ二つ(一回二回)と計算する、またその多少◆細かい、煩(わずら)わしい◆しばしば、同じことを,N2,on,on+on,,単:◆一つ、ただ一つ、それだけ、ただそれだけ、異質のものや別物が混ざっていない状態を指す◆ひとえ◇重ならない、繰り返さない◇裏地のない衣服; 数:◆かず、同種のもの(繰り返されるもの)の多少を表す語◆かぞ・える、一つ二つ(一回二回)と計算する、またその多少◆細かい、煩(わずら)わしい◆しばしば、同じことを
kk_単純_たんじゅん,単純,たんじゅん,単:◆一つ、ただ一つ、それだけ、ただそれだけ、異質のものや別物が混ざっていない状態を指す◆ひとえ◇重ならない、繰り返さない◇裏地のない衣服; 純:◆他の色が混じっていない単色の糸、単色の布や衣服◆本来のもの以外の何ものも混じっていない、本来のままで何の手も加えられていない,N2,on,on+on,,単:◆一つ、ただ一つ、それだけ、ただそれだけ、異質のものや別物が混ざっていない状態を指す◆ひとえ◇重ならない、繰り返さない◇裏地のない衣服; 純:◆他の色が混じっていない単色の糸、単色の布や衣服◆本来のもの以外の何ものも混じっていない、本来のままで何の手も加えられていない
kk_単調_たんちょう,単調,たんちょう,単:◆一つ、ただ一つ、それだけ、ただそれだけ、異質のものや別物が混ざっていない状態を指す◆ひとえ◇重ならない、繰り返さない◇裏地のない衣服; 調:◆整える、釣り合いを取る、バランスbalanceを取る、不均衡・不公平などでない状態にする、不快感・違和感などを感じない状態に整える、「調和(チョウワ)」◆音律,N2,on,on+on,B_verb_rad_言(kun 80%),単:◆一つ、ただ一つ、それだけ、ただそれだけ、異質のものや別物が混ざっていない状態を指す◆ひとえ◇重ならない、繰り返さない◇裏地のない衣服; 調:◆整える、釣り合いを取る、バランスbalanceを取る、不均衡・不公平などでない状態にする、不快感・違和感などを感じない状態に整える、「調和(チョウワ)」◆音律
kk_占う_うらなう,占う,うらなう,占:◆卜(うらな)う、吉凶を予想する、同「卜」◆幾つかの選択肢の中から一つを決め選ぶ◆自分のものにする、「占拠(せんきょ)」,N2,kun,kun,IL1_okurigana(kun 96%) | IL2_single_okuri(kun 96%),占:◆卜(うらな)う、吉凶を予想する、同「卜」◆幾つかの選択肢の中から一つを決め選ぶ◆自分のものにする、「占拠(せんきょ)」
kk_占める_しめる,占める,しめる,占:◆卜(うらな)う、吉凶を予想する、同「卜」◆幾つかの選択肢の中から一つを決め選ぶ◆自分のものにする、「占拠(せんきょ)」,N2,kun,kun,IL1_okurigana(kun 96%) | IL2_single_okuri(kun 96%),占:◆卜(うらな)う、吉凶を予想する、同「卜」◆幾つかの選択肢の中から一つを決め選ぶ◆自分のものにする、「占拠(せんきょ)」
kk_危うい_あやうい,危うい,あやうい,危:◆高くそそり立つさま◆高くそそり立った山や崖の上から今にもものが落ちて来そうなさま、高くそそり立った山や崖から落ちそうになるさま、身に害が及ぶのではないかと不安,N2,kun,kun,IL1_okurigana(kun 96%) | IL2_single_okuri(kun 96%),危:◆高くそそり立つさま◆高くそそり立った山や崖の上から今にもものが落ちて来そうなさま、高くそそり立った山や崖から落ちそうになるさま、身に害が及ぶのではないかと不安
kk_危機_きき,危機,きき,危:◆高くそそり立つさま◆高くそそり立った山や崖の上から今にもものが落ちて来そうなさま、高くそそり立った山や崖から落ちそうになるさま、身に害が及ぶのではないかと不安; 機:◆布を織る装置、「機織(キショク、はたおり)」◆ある仕事をさせる(する)ために人や部品を組み合わせて作り上げた仕組みや仕掛け(組織や装置)◆「機関(キカン)」◇,N2,on,on+on,A3_short_compound(on+on 71%) | B_noun_rad_木(kun 93%),危:◆高くそそり立つさま◆高くそそり立った山や崖の上から今にもものが落ちて来そうなさま、高くそそり立った山や崖から落ちそうになるさま、身に害が及ぶのではないかと不安; 機:◆布を織る装置、「機織(キショク、はたおり)」◆ある仕事をさせる(する)ために人や部品を組み合わせて作り上げた仕組みや仕掛け(組織や装置)◆「機関(キカン)」◇
kk_卸す_おろす,卸す,おろす,卸:◆馬から馬具などを解(と)いて下(お)ろす、鎧(よろい)などを脱いで下ろす◆身に纏(まと)っているものを脱ぎ下ろす、「卸肩(シャケン、肩に負っている荷を下ろす),N2,kun,kun,IL1_okurigana(kun 96%) | IL2_single_okuri(kun 96%),卸:◆馬から馬具などを解(と)いて下(お)ろす、鎧(よろい)などを脱いで下ろす◆身に纏(まと)っているものを脱ぎ下ろす、「卸肩(シャケン、肩に負っている荷を下ろす)
kk_卸売り_おろしうり,卸売り,おろしうり,卸:◆馬から馬具などを解(と)いて下(お)ろす、鎧(よろい)などを脱いで下ろす◆身に纏(まと)っているものを脱ぎ下ろす、「卸肩(シャケン、肩に負っている荷を下ろす); 売:◆相手が欲しいと思っているものを渡して金銭(対価)を得る、金銭(対価)を渡して欲しいものを得るのは「買」,N2,kun,kun+kun,IL1_okurigana(kun 96%) | A1_compound_oku(kun 90%) | A1_on_kun_mix(on+kun 65%),卸:◆馬から馬具などを解(と)いて下(お)ろす、鎧(よろい)などを脱いで下ろす◆身に纏(まと)っているものを脱ぎ下ろす、「卸肩(シャケン、肩に負っている荷を下ろす); 売:◆相手が欲しいと思っているものを渡して金銭(対価)を得る、金銭(対価)を渡して欲しいものを得るのは「買」
kk_厄介_やっかい,厄介,やっかい,厄:◆行き詰まる、進退窮(きわ)まる、打つ手がなく困り果てる、同「戹」「阨」「阸」◆木の節(ふし)、「行き止まりになっている」の意、同「戹」「枙」◆[日]良くないこ; 介:◆画(カク)する、区切る、境(さかい)、境目(さかいめ)、境界(キョウカイ)、同「界」◆～の間(あいだ)、二つのものの間◆両側から挟(はさ)まれる、二つのものの,N2,on,on+mixed~,,厄:◆行き詰まる、進退窮(きわ)まる、打つ手がなく困り果てる、同「戹」「阨」「阸」◆木の節(ふし)、「行き止まりになっている」の意、同「戹」「枙」◆[日]良くないこ; 介:◆画(カク)する、区切る、境(さかい)、境目(さかいめ)、境界(キョウカイ)、同「界」◆～の間(あいだ)、二つのものの間◆両側から挟(はさ)まれる、二つのものの
kk_厚かましい_あつかましい,厚かましい,あつかましい,厚:◆平らで広がりのあるものの表面から裏面まで(前面から背面まで)の距離が大きい、またその大きさ◆深みがある、濃い◆重い、重みがある◆心配りが行き届いているさま、丁,N2,kun,kun,IL1_okurigana(kun 96%) | IL2_single_okuri(kun 96%),厚:◆平らで広がりのあるものの表面から裏面まで(前面から背面まで)の距離が大きい、またその大きさ◆深みがある、濃い◆重い、重みがある◆心配りが行き届いているさま、丁
kk_原則_げんそく,原則,げんそく,原:◆源(みなもと)、地下水が地表に湧(わ)き出るところ、同「厡」「源」[†「原」は「厂(崖や岸)」「泉(水が地表に湧き出るところ)」の合字†]◆物事の始まり、物事; 則:◆のり、規範・基準となるもの、手本として倣(なら)うべきもの◆のっと・る、守るべき法律・規範・基準・手本などに従う◆すなわ・ち、「Ａ則Ｂ」の用法で、Ａ(原因や理,N2,on,on+on,B_verb_rad_刀(kun 80%),原:◆源(みなもと)、地下水が地表に湧(わ)き出るところ、同「厡」「源」[†「原」は「厂(崖や岸)」「泉(水が地表に湧き出るところ)」の合字†]◆物事の始まり、物事; 則:◆のり、規範・基準となるもの、手本として倣(なら)うべきもの◆のっと・る、守るべき法律・規範・基準・手本などに従う◆すなわ・ち、「Ａ則Ｂ」の用法で、Ａ(原因や理
kk_原始_げんし,原始,げんし,原:◆源(みなもと)、地下水が地表に湧(わ)き出るところ、同「厡」「源」[†「原」は「厂(崖や岸)」「泉(水が地表に湧き出るところ)」の合字†]◆物事の始まり、物事; 始:◆それ以降続く物事の最初、出だし、「始」は「物事はまず～から始める、～から始まる」、「初」は「物事はまず初めに～する、～の初め」◆初めて、～の時に至ってやっと、,N2,on,on+on,A3_short_compound(on+on 71%),原:◆源(みなもと)、地下水が地表に湧(わ)き出るところ、同「厡」「源」[†「原」は「厂(崖や岸)」「泉(水が地表に湧き出るところ)」の合字†]◆物事の始まり、物事; 始:◆それ以降続く物事の最初、出だし、「始」は「物事はまず～から始める、～から始まる」、「初」は「物事はまず初めに～する、～の初め」◆初めて、～の時に至ってやっと、
kk_原文_げんぶん,原文,げんぶん,原:◆源(みなもと)、地下水が地表に湧(わ)き出るところ、同「厡」「源」[†「原」は「厂(崖や岸)」「泉(水が地表に湧き出るところ)」の合字†]◆物事の始まり、物事; 文:◆紋様や図形、「天文(テンブン、テンモン)」◆多くの人にとって共通の意味を持つ紋様や図形、「文字(モジ、モンジ)」、古くは象形文字(ものの形を象った字、「宀」「,N2,on,on+on,,原:◆源(みなもと)、地下水が地表に湧(わ)き出るところ、同「厡」「源」[†「原」は「厂(崖や岸)」「泉(水が地表に湧き出るところ)」の合字†]◆物事の始まり、物事; 文:◆紋様や図形、「天文(テンブン、テンモン)」◆多くの人にとって共通の意味を持つ紋様や図形、「文字(モジ、モンジ)」、古くは象形文字(ものの形を象った字、「宀」「
kk_原理_げんり,原理,げんり,原:◆源(みなもと)、地下水が地表に湧(わ)き出るところ、同「厡」「源」[†「原」は「厂(崖や岸)」「泉(水が地表に湧き出るところ)」の合字†]◆物事の始まり、物事; 理:◆玉(ギョク、大変美しい石)の筋目(すじめ)、規則正しく並んだ筋目◆物事の正しい筋道◆筋道を立てる、また立っている、筋を通す、また通っている◆筋道に沿って判断す,N2,on,on+on,A3_short_compound(on+on 71%),原:◆源(みなもと)、地下水が地表に湧(わ)き出るところ、同「厡」「源」[†「原」は「厂(崖や岸)」「泉(水が地表に湧き出るところ)」の合字†]◆物事の始まり、物事; 理:◆玉(ギョク、大変美しい石)の筋目(すじめ)、規則正しく並んだ筋目◆物事の正しい筋道◆筋道を立てる、また立っている、筋を通す、また通っている◆筋道に沿って判断す
kk_原産_げんさん,原産,げんさん,原:◆源(みなもと)、地下水が地表に湧(わ)き出るところ、同「厡」「源」[†「原」は「厂(崖や岸)」「泉(水が地表に湧き出るところ)」の合字†]◆物事の始まり、物事; 産:◆子を生む◆生まれ◆新たに(新たなものを)生み出す、作り出す、また生み出されたもの、「生産(セイサン)」◆土地や財物◆音孔が三つの籥(ヤク、縦笛)、籥よりも太く,N2,on,on+on,,原:◆源(みなもと)、地下水が地表に湧(わ)き出るところ、同「厡」「源」[†「原」は「厂(崖や岸)」「泉(水が地表に湧き出るところ)」の合字†]◆物事の始まり、物事; 産:◆子を生む◆生まれ◆新たに(新たなものを)生み出す、作り出す、また生み出されたもの、「生産(セイサン)」◆土地や財物◆音孔が三つの籥(ヤク、縦笛)、籥よりも太く
kk_厳重_げんじゅう,厳重,げんじゅう,厳:◆堂々としたさま、圧倒されるさま、気圧(けお)されるさま◆妥協を許さないさま、人を寄せつけないさま◆ぴったりとして隙がないさま◆激しいさま、甚(はなは)だしいさ; 重:◆層になる、上に載る、下になったものに上から大きな力が掛かる、負担が大きい◆再び、繰り返して、何度も、何層にも◆何層にも心配りがされていて手厚い、丁寧な◆何層に,N2,on,on+on,,厳:◆堂々としたさま、圧倒されるさま、気圧(けお)されるさま◆妥協を許さないさま、人を寄せつけないさま◆ぴったりとして隙がないさま◆激しいさま、甚(はなは)だしいさ; 重:◆層になる、上に載る、下になったものに上から大きな力が掛かる、負担が大きい◆再び、繰り返して、何度も、何層にも◆何層にも心配りがされていて手厚い、丁寧な◆何層に
kk_去る_さる,去る,さる,去:◆今いるところから離れる、また離れて別のところへ行く◆時(時間・月日・時代など)が過ぎる、過ぎてしまった時、「過去(カコ)」◆今あるものを別のところに移す、また,N2,kun,kun,IL1_okurigana(kun 96%) | IL2_single_okuri(kun 96%),去:◆今いるところから離れる、また離れて別のところへ行く◆時(時間・月日・時代など)が過ぎる、過ぎてしまった時、「過去(カコ)」◆今あるものを別のところに移す、また
kk_及ぼす_およぼす,及ぼす,およぼす,及:◆～の状態が継続してここに(今に)至る、同「迨」◆～(の状態、の時刻・時期・時機)になる、～に至(いた)る、同「迨」「逮」◆～(の状態、の場所、の段階)に達する,N2,kun,kun,IL1_okurigana(kun 96%) | IL2_single_okuri(kun 96%),及:◆～の状態が継続してここに(今に)至る、同「迨」◆～(の状態、の時刻・時期・時機)になる、～に至(いた)る、同「迨」「逮」◆～(の状態、の場所、の段階)に達する
kk_友_とも,友,とも,友:◆同じ思いや考えを持つ、またそのような人、「朋」は同じ師の教えを受ける人、「【論語注疏:卷一】「【論語注疏:卷一:學而】有朋自逺方來不亦樂乎(…正義曰鄭𤣥注大司,N2,kun,kun,IL2_single_default(kun 84%),友:◆同じ思いや考えを持つ、またそのような人、「朋」は同じ師の教えを受ける人、「【論語注疏:卷一】「【論語注疏:卷一:學而】有朋自逺方來不亦樂乎(…正義曰鄭𤣥注大司
kk_友好_ゆうこう,友好,ゆうこう,友:◆同じ思いや考えを持つ、またそのような人、「朋」は同じ師の教えを受ける人、「【論語注疏:卷一】「【論語注疏:卷一:學而】有朋自逺方來不亦樂乎(…正義曰鄭𤣥注大司; 好:◆自分にとって快く受け入れることができること(事・言)やもの(物・者)、その逆が「悪」、「好悪(コウオ)」◆良い、善(よ)い、心地良い、丁度良い、勝手(かって、,N2,on,on+on,,友:◆同じ思いや考えを持つ、またそのような人、「朋」は同じ師の教えを受ける人、「【論語注疏:卷一】「【論語注疏:卷一:學而】有朋自逺方來不亦樂乎(…正義曰鄭𤣥注大司; 好:◆自分にとって快く受け入れることができること(事・言)やもの(物・者)、その逆が「悪」、「好悪(コウオ)」◆良い、善(よ)い、心地良い、丁度良い、勝手(かって、
kk_友情_ゆうじょう,友情,ゆうじょう,友:◆同じ思いや考えを持つ、またそのような人、「朋」は同じ師の教えを受ける人、「【論語注疏:卷一】「【論語注疏:卷一:學而】有朋自逺方來不亦樂乎(…正義曰鄭𤣥注大司; 情:◆物事(特に他の人)からの働き掛けで起こる喜怒哀楽愛好悪欲などの心の動き、「感情(カンジョウ)」◆他に寄せる思い、「愛情(アイジョウ)」◆異性に寄せる思い、好意,N2,on,on+on,,友:◆同じ思いや考えを持つ、またそのような人、「朋」は同じ師の教えを受ける人、「【論語注疏:卷一】「【論語注疏:卷一:學而】有朋自逺方來不亦樂乎(…正義曰鄭𤣥注大司; 情:◆物事(特に他の人)からの働き掛けで起こる喜怒哀楽愛好悪欲などの心の動き、「感情(カンジョウ)」◆他に寄せる思い、「愛情(アイジョウ)」◆異性に寄せる思い、好意
kk_双子_ふたご,双子,ふたご,双:◆対(ツイ)、二つで一組になるものまたそれが並んでいるさま◆対になるもの(対になって用をなすもの)を数える語; 子:◆母親から産まれるもの、古くは男女を問わず「子」といったが、現代中国では男の子(息子)を指す◆新しく産まれる(生まれる)ものの元となるもの、植物の種や実、動物の,N2,other,mixed+mixed~,A3_short_compound(on+on 71%),双:◆対(ツイ)、二つで一組になるものまたそれが並んでいるさま◆対になるもの(対になって用をなすもの)を数える語; 子:◆母親から産まれるもの、古くは男女を問わず「子」といったが、現代中国では男の子(息子)を指す◆新しく産まれる(生まれる)ものの元となるもの、植物の種や実、動物の
kk_反する_はんする,反する,はんする,反:◆覆(くつがえ)る、表裏が逆になる、ひっくり返る◆逆(ギャク)、逆である、「反対(ハンタイ)」、「【韓非子:卷十八:六反】害者利之反也…亂者治之反也」◆背(そむ,N2,on,on,IL1_okurigana(kun 96%) | IL2_single_okuri(kun 96%),反:◆覆(くつがえ)る、表裏が逆になる、ひっくり返る◆逆(ギャク)、逆である、「反対(ハンタイ)」、「【韓非子:卷十八:六反】害者利之反也…亂者治之反也」◆背(そむ
kk_反映_はんえい,反映,はんえい,反:◆覆(くつがえ)る、表裏が逆になる、ひっくり返る◆逆(ギャク)、逆である、「反対(ハンタイ)」、「【韓非子:卷十八:六反】害者利之反也…亂者治之反也」◆背(そむ; 映:◆光が当たって明るい◆光が当たってくっきりと見える、くっきりと浮かび上がって見える◆くっきりとした陰(かげ)、くっきりとした陰ができる¶「光が当たっているところ,N2,on,on+on,,反:◆覆(くつがえ)る、表裏が逆になる、ひっくり返る◆逆(ギャク)、逆である、「反対(ハンタイ)」、「【韓非子:卷十八:六反】害者利之反也…亂者治之反也」◆背(そむ; 映:◆光が当たって明るい◆光が当たってくっきりと見える、くっきりと浮かび上がって見える◆くっきりとした陰(かげ)、くっきりとした陰ができる¶「光が当たっているところ
kk_反省_はんせい,反省,はんせい,反:◆覆(くつがえ)る、表裏が逆になる、ひっくり返る◆逆(ギャク)、逆である、「反対(ハンタイ)」、「【韓非子:卷十八:六反】害者利之反也…亂者治之反也」◆背(そむ; 省:◆目を細めて詳(くわ)しく見る、同「䚇」◆かえり・みる、これまでの自分の思いや行いなどを詳しく振り返ってみる◆はぶ・く、必要な部分だけを残して不要な部分を取り除,N2,on,on+on,,反:◆覆(くつがえ)る、表裏が逆になる、ひっくり返る◆逆(ギャク)、逆である、「反対(ハンタイ)」、「【韓非子:卷十八:六反】害者利之反也…亂者治之反也」◆背(そむ; 省:◆目を細めて詳(くわ)しく見る、同「䚇」◆かえり・みる、これまでの自分の思いや行いなどを詳しく振り返ってみる◆はぶ・く、必要な部分だけを残して不要な部分を取り除
kk_反～_はん～,反～,はん～,反:◆覆(くつがえ)る、表裏が逆になる、ひっくり返る◆逆(ギャク)、逆である、「反対(ハンタイ)」、「【韓非子:卷十八:六反】害者利之反也…亂者治之反也」◆背(そむ,N2,on,on,IL2_single_default(kun 84%),反:◆覆(くつがえ)る、表裏が逆になる、ひっくり返る◆逆(ギャク)、逆である、「反対(ハンタイ)」、「【韓非子:卷十八:六反】害者利之反也…亂者治之反也」◆背(そむ
kk_収める_おさめる,収める,おさめる,収:◆あちこちから取り集めて一カ所に纏(まと)める◆収穫したものを一カ所に集める、また役所がその一部を取り立てて公庫(政府の倉庫など)に入れる◆罪人を捕(とら)らえ,N2,kun,kun,IL1_okurigana(kun 96%) | IL2_single_okuri(kun 96%),収:◆あちこちから取り集めて一カ所に纏(まと)める◆収穫したものを一カ所に集める、また役所がその一部を取り立てて公庫(政府の倉庫など)に入れる◆罪人を捕(とら)らえ
kk_収支_しゅうし,収支,しゅうし,収:◆あちこちから取り集めて一カ所に纏(まと)める◆収穫したものを一カ所に集める、また役所がその一部を取り立てて公庫(政府の倉庫など)に入れる◆罪人を捕(とら)らえ; 支:◆枝(えだ)、幹(みき)となる部分から枝状に分かれ出たもの、同「枝」「肢」「𢺶」◆分かれる、分かれ出る、幹(みき)となる部分から分かれる◆ささ・える、落ちたり倒,N2,on,on+on,A3_short_compound(on+on 71%),収:◆あちこちから取り集めて一カ所に纏(まと)める◆収穫したものを一カ所に集める、また役所がその一部を取り立てて公庫(政府の倉庫など)に入れる◆罪人を捕(とら)らえ; 支:◆枝(えだ)、幹(みき)となる部分から枝状に分かれ出たもの、同「枝」「肢」「𢺶」◆分かれる、分かれ出る、幹(みき)となる部分から分かれる◆ささ・える、落ちたり倒
kk_収穫_しゅうかく,収穫,しゅうかく,収:◆あちこちから取り集めて一カ所に纏(まと)める◆収穫したものを一カ所に集める、また役所がその一部を取り立てて公庫(政府の倉庫など)に入れる◆罪人を捕(とら)らえ; 穫:◆穀物を刈(か)り取る、刈り入れる、「収穫(シュウカク)」、同「耯」「劐」◆得る、手に入れる、(「収穫」「獲得」の意)、同「獲」◆簡「获」,N2,on,on+on,,収:◆あちこちから取り集めて一カ所に纏(まと)める◆収穫したものを一カ所に集める、また役所がその一部を取り立てて公庫(政府の倉庫など)に入れる◆罪人を捕(とら)らえ; 穫:◆穀物を刈(か)り取る、刈り入れる、「収穫(シュウカク)」、同「耯」「劐」◆得る、手に入れる、(「収穫」「獲得」の意)、同「獲」◆簡「获」
kk_取り上げる_とりあげる,取り上げる,とりあげる,取:◆捕(つか)まえる、捕(と)らえる、縄(なわ)を掛ける◆手に入れる、手の中に収(おさ)める、手で受ける◆(多くの中から一部を、或いは一つを)選ぶ、選択する◆娶(; 上:◆位置・場所・地位などが高い、高い方にある◆高い方に移る、昇る、登る◆順序・時間などが前、前の方にある◆前の方に移る◆等級・品質などが高い、優れている◆殿様、皇,N2,kun,kun+kun~,IL1_okurigana(kun 96%) | A1_compound_oku(kun 90%) | A1_on_kun_mix(on+kun 65%),取:◆捕(つか)まえる、捕(と)らえる、縄(なわ)を掛ける◆手に入れる、手の中に収(おさ)める、手で受ける◆(多くの中から一部を、或いは一つを)選ぶ、選択する◆娶(; 上:◆位置・場所・地位などが高い、高い方にある◆高い方に移る、昇る、登る◆順序・時間などが前、前の方にある◆前の方に移る◆等級・品質などが高い、優れている◆殿様、皇
kk_取り付ける_とりつける,取り付ける,とりつける,取:◆捕(つか)まえる、捕(と)らえる、縄(なわ)を掛ける◆手に入れる、手の中に収(おさ)める、手で受ける◆(多くの中から一部を、或いは一つを)選ぶ、選択する◆娶(; 付:◆手ずから授(さず)ける、直接手を取って与える、同「仅」◆渡し与える、渡して任せる、委(ゆだ)ねる◆[日]他のものに加える、また添える、また足す、同「附」,N2,kun,kun+kun~,IL1_okurigana(kun 96%) | A1_compound_oku(kun 90%) | A1_on_kun_mix(on+kun 65%),取:◆捕(つか)まえる、捕(と)らえる、縄(なわ)を掛ける◆手に入れる、手の中に収(おさ)める、手で受ける◆(多くの中から一部を、或いは一つを)選ぶ、選択する◆娶(; 付:◆手ずから授(さず)ける、直接手を取って与える、同「仅」◆渡し与える、渡して任せる、委(ゆだ)ねる◆[日]他のものに加える、また添える、また足す、同「附」
kk_取り入れる_とりいれる,取り入れる,とりいれる,取:◆捕(つか)まえる、捕(と)らえる、縄(なわ)を掛ける◆手に入れる、手の中に収(おさ)める、手で受ける◆(多くの中から一部を、或いは一つを)選ぶ、選択する◆娶(; 入:◆範囲・領域・組織や区切り・境界の外(外側、外部、表側、向こう側、公のところ)から内(内側、内部、裏側、こちら側、私的なところ)に移る、また移す、内から外へ移る,N2,kun,kun+kun~,IL1_okurigana(kun 96%) | A1_compound_oku(kun 90%) | A1_on_kun_mix(on+kun 65%),取:◆捕(つか)まえる、捕(と)らえる、縄(なわ)を掛ける◆手に入れる、手の中に収(おさ)める、手で受ける◆(多くの中から一部を、或いは一つを)選ぶ、選択する◆娶(; 入:◆範囲・領域・組織や区切り・境界の外(外側、外部、表側、向こう側、公のところ)から内(内側、内部、裏側、こちら側、私的なところ)に移る、また移す、内から外へ移る
kk_取り戻す_とりもどす,取り戻す,とりもどす,取:◆捕(つか)まえる、捕(と)らえる、縄(なわ)を掛ける◆手に入れる、手の中に収(おさ)める、手で受ける◆(多くの中から一部を、或いは一つを)選ぶ、選択する◆娶(; 戻:◆車の左右側の扉、「【說文解字注:戸部:戻】輜車旁推戶也(輜車者衣車也前後有蔽旁有可開之戶)」◆[日]もど・る、元と同じ状態になる、逆方向に向かって元の場所に帰,N2,mixed,on+kun~,IL1_okurigana(kun 96%) | A1_compound_oku(kun 90%) | A1_on_kun_mix(on+kun 65%),取:◆捕(つか)まえる、捕(と)らえる、縄(なわ)を掛ける◆手に入れる、手の中に収(おさ)める、手で受ける◆(多くの中から一部を、或いは一つを)選ぶ、選択する◆娶(; 戻:◆車の左右側の扉、「【說文解字注:戸部:戻】輜車旁推戶也(輜車者衣車也前後有蔽旁有可開之戶)」◆[日]もど・る、元と同じ状態になる、逆方向に向かって元の場所に帰
kk_取り掛かる_とりかかる,取り掛かる,とりかかる,取:◆捕(つか)まえる、捕(と)らえる、縄(なわ)を掛ける◆手に入れる、手の中に収(おさ)める、手で受ける◆(多くの中から一部を、或いは一つを)選ぶ、選択する◆娶(; 掛:◆引っ懸(か)ける、ものの上に置いて両方また片方を垂らす、ぶら下げる、同「挂」◆引っ懸かる、気になって心に(目に)止まる◆簡「挂」◆[日]体や物を斜めにしてその,N2,mixed,kun+on~,IL1_okurigana(kun 96%) | A1_compound_oku(kun 90%) | A1_on_kun_mix(on+kun 65%),取:◆捕(つか)まえる、捕(と)らえる、縄(なわ)を掛ける◆手に入れる、手の中に収(おさ)める、手で受ける◆(多くの中から一部を、或いは一つを)選ぶ、選択する◆娶(; 掛:◆引っ懸(か)ける、ものの上に置いて両方また片方を垂らす、ぶら下げる、同「挂」◆引っ懸かる、気になって心に(目に)止まる◆簡「挂」◆[日]体や物を斜めにしてその
kk_取り敢えず_とりあえず,取り敢えず,とりあえず,取:◆捕(つか)まえる、捕(と)らえる、縄(なわ)を掛ける◆手に入れる、手の中に収(おさ)める、手で受ける◆(多くの中から一部を、或いは一つを)選ぶ、選択する◆娶(; 敢:◆(不安・周りからの反対・相手への気兼ねなどの)押し止(とど)めようとするものを撥(は)ね除(の)けて思うところをする、思い切って～する,N2,kun,kun+kun~,IL1_okurigana(kun 96%) | A1_compound_oku(kun 90%) | A1_on_kun_mix(on+kun 65%),取:◆捕(つか)まえる、捕(と)らえる、縄(なわ)を掛ける◆手に入れる、手の中に収(おさ)める、手で受ける◆(多くの中から一部を、或いは一つを)選ぶ、選択する◆娶(; 敢:◆(不安・周りからの反対・相手への気兼ねなどの)押し止(とど)めようとするものを撥(は)ね除(の)けて思うところをする、思い切って～する
kk_取り替え_とりがえ,取り替え,とりがえ,取:◆捕(つか)まえる、捕(と)らえる、縄(なわ)を掛ける◆手に入れる、手の中に収(おさ)める、手で受ける◆(多くの中から一部を、或いは一つを)選ぶ、選択する◆娶(; 替:◆廃(すた)る、衰(おとろ)える、用を成(な)さなくなる、「衰替(スイタイ)」◆それまでのもの(今あるもの)や廃れたもの(衰えたもの、用を成さないもの)を別のも,N2,other,mixed+mixed~,IL1_okurigana(kun 96%) | A1_compound_oku(kun 90%) | A1_on_kun_mix(on+kun 65%),取:◆捕(つか)まえる、捕(と)らえる、縄(なわ)を掛ける◆手に入れる、手の中に収(おさ)める、手で受ける◆(多くの中から一部を、或いは一つを)選ぶ、選択する◆娶(; 替:◆廃(すた)る、衰(おとろ)える、用を成(な)さなくなる、「衰替(スイタイ)」◆それまでのもの(今あるもの)や廃れたもの(衰えたもの、用を成さないもの)を別のも
kk_取り締り_とりしまり,取り締り,とりしまり,取:◆捕(つか)まえる、捕(と)らえる、縄(なわ)を掛ける◆手に入れる、手の中に収(おさ)める、手で受ける◆(多くの中から一部を、或いは一つを)選ぶ、選択する◆娶(; 締:◆しっかりと結ぶ、解(ほど)けたり緩(ゆる)んだりしないように結ぶ、結び合わせる◆しっかりと閉(と)じる、閉(し)める◆[日]すっかりおしまいにする、合計する,N2,kun,kun+kun~,IL1_okurigana(kun 96%) | A1_compound_oku(kun 90%) | A1_on_kun_mix(on+kun 65%),取:◆捕(つか)まえる、捕(と)らえる、縄(なわ)を掛ける◆手に入れる、手の中に収(おさ)める、手で受ける◆(多くの中から一部を、或いは一つを)選ぶ、選択する◆娶(; 締:◆しっかりと結ぶ、解(ほど)けたり緩(ゆる)んだりしないように結ぶ、結び合わせる◆しっかりと閉(と)じる、閉(し)める◆[日]すっかりおしまいにする、合計する
kk_取り込む_とりこむ,取り込む,とりこむ,取:◆捕(つか)まえる、捕(と)らえる、縄(なわ)を掛ける◆手に入れる、手の中に収(おさ)める、手で受ける◆(多くの中から一部を、或いは一つを)選ぶ、選択する◆娶(; 込:◆[日]中に(内に、裏に、見えないところに)入(はい)る、入(い)れる,N2,kun,kun+kun~,IL1_okurigana(kun 96%) | A1_compound_oku(kun 90%) | A1_on_kun_mix(on+kun 65%),取:◆捕(つか)まえる、捕(と)らえる、縄(なわ)を掛ける◆手に入れる、手の中に収(おさ)める、手で受ける◆(多くの中から一部を、或いは一つを)選ぶ、選択する◆娶(; 込:◆[日]中に(内に、裏に、見えないところに)入(はい)る、入(い)れる
kk_取材_しゅざい,取材,しゅざい,取:◆捕(つか)まえる、捕(と)らえる、縄(なわ)を掛ける◆手に入れる、手の中に収(おさ)める、手で受ける◆(多くの中から一部を、或いは一つを)選ぶ、選択する◆娶(; 材:◆切り出した木、立木は「樹」◆さまざまな構築物や工作物などに用いられる木◆ものを作り上げるための元となる物◆有用なもの、有能な人,N2,on,on+on,A3_short_compound(on+on 71%) | B_noun_rad_木(kun 93%),取:◆捕(つか)まえる、捕(と)らえる、縄(なわ)を掛ける◆手に入れる、手の中に収(おさ)める、手で受ける◆(多くの中から一部を、或いは一つを)選ぶ、選択する◆娶(; 材:◆切り出した木、立木は「樹」◆さまざまな構築物や工作物などに用いられる木◆ものを作り上げるための元となる物◆有用なもの、有能な人
kk_受け入れ_うけいれ,受け入れ,うけいれ,受:◆他から渡されたものを掌(てのひら)に載(の)せる、また手に納(おさ)める◆授(さず)かる、手渡しで与えられる◆蒙(こうむ)る◆容認する; 入:◆範囲・領域・組織や区切り・境界の外(外側、外部、表側、向こう側、公のところ)から内(内側、内部、裏側、こちら側、私的なところ)に移る、また移す、内から外へ移る,N2,kun,kun+kun~,IL1_okurigana(kun 96%) | A1_compound_oku(kun 90%) | A1_on_kun_mix(on+kun 65%),受:◆他から渡されたものを掌(てのひら)に載(の)せる、また手に納(おさ)める◆授(さず)かる、手渡しで与えられる◆蒙(こうむ)る◆容認する; 入:◆範囲・領域・組織や区切り・境界の外(外側、外部、表側、向こう側、公のところ)から内(内側、内部、裏側、こちら側、私的なところ)に移る、また移す、内から外へ移る
kk_受け取り_うけとり,受け取り,うけとり,受:◆他から渡されたものを掌(てのひら)に載(の)せる、また手に納(おさ)める◆授(さず)かる、手渡しで与えられる◆蒙(こうむ)る◆容認する; 取:◆捕(つか)まえる、捕(と)らえる、縄(なわ)を掛ける◆手に入れる、手の中に収(おさ)める、手で受ける◆(多くの中から一部を、或いは一つを)選ぶ、選択する◆娶(,N2,kun,kun+kun~,IL1_okurigana(kun 96%) | A1_compound_oku(kun 90%) | A1_on_kun_mix(on+kun 65%),受:◆他から渡されたものを掌(てのひら)に載(の)せる、また手に納(おさ)める◆授(さず)かる、手渡しで与えられる◆蒙(こうむ)る◆容認する; 取:◆捕(つか)まえる、捕(と)らえる、縄(なわ)を掛ける◆手に入れる、手の中に収(おさ)める、手で受ける◆(多くの中から一部を、或いは一つを)選ぶ、選択する◆娶(
kk_受け持ち_うけもち,受け持ち,うけもち,受:◆他から渡されたものを掌(てのひら)に載(の)せる、また手に納(おさ)める◆授(さず)かる、手渡しで与えられる◆蒙(こうむ)る◆容認する; 持:◆ぐっと握(にぎ)る、しっかりと掴(つか)む◆しっかりと守る、そのままの状態を保つ、「持久(ジキュウ、長く保ち続ける)」◆しっかりと支える、「支持(シジ)」◆「,N2,mixed,kun+on~,IL1_okurigana(kun 96%) | A1_compound_oku(kun 90%) | A1_on_kun_mix(on+kun 65%),受:◆他から渡されたものを掌(てのひら)に載(の)せる、また手に納(おさ)める◆授(さず)かる、手渡しで与えられる◆蒙(こうむ)る◆容認する; 持:◆ぐっと握(にぎ)る、しっかりと掴(つか)む◆しっかりと守る、そのままの状態を保つ、「持久(ジキュウ、長く保ち続ける)」◆しっかりと支える、「支持(シジ)」◆「
kk_受け持つ_うけもつ,受け持つ,うけもつ,受:◆他から渡されたものを掌(てのひら)に載(の)せる、また手に納(おさ)める◆授(さず)かる、手渡しで与えられる◆蒙(こうむ)る◆容認する; 持:◆ぐっと握(にぎ)る、しっかりと掴(つか)む◆しっかりと守る、そのままの状態を保つ、「持久(ジキュウ、長く保ち続ける)」◆しっかりと支える、「支持(シジ)」◆「,N2,kun,kun+kun~,IL1_okurigana(kun 96%) | A1_compound_oku(kun 90%) | A1_on_kun_mix(on+kun 65%),受:◆他から渡されたものを掌(てのひら)に載(の)せる、また手に納(おさ)める◆授(さず)かる、手渡しで与えられる◆蒙(こうむ)る◆容認する; 持:◆ぐっと握(にぎ)る、しっかりと掴(つか)む◆しっかりと守る、そのままの状態を保つ、「持久(ジキュウ、長く保ち続ける)」◆しっかりと支える、「支持(シジ)」◆「
kk_受賞_じゅしょう,受賞,じゅしょう,受:◆他から渡されたものを掌(てのひら)に載(の)せる、また手に納(おさ)める◆授(さず)かる、手渡しで与えられる◆蒙(こうむ)る◆容認する; 賞:◆優れた働きをした者を褒め称える、またその者に金品を与える◆愛(め)でる、愛(め)で楽しむ,N2,on,on+on,A3_short_compound(on+on 71%),受:◆他から渡されたものを掌(てのひら)に載(の)せる、また手に納(おさ)める◆授(さず)かる、手渡しで与えられる◆蒙(こうむ)る◆容認する; 賞:◆優れた働きをした者を褒め称える、またその者に金品を与える◆愛(め)でる、愛(め)で楽しむ
kk_口ぶり_くちぶり,口ぶり,くちぶり,口:◆動物の食べたり声を発したりするための器官◆ものが出入りするために空(あ)けた(空いた)ところ、(口のように)全体の内の一部空いたところ◆言葉、言葉を発する、語,N2,kun,kun,IL1_okurigana(kun 96%) | IL2_single_okuri(kun 96%),口:◆動物の食べたり声を発したりするための器官◆ものが出入りするために空(あ)けた(空いた)ところ、(口のように)全体の内の一部空いたところ◆言葉、言葉を発する、語
kk_口先_くちさき,口先,くちさき,口:◆動物の食べたり声を発したりするための器官◆ものが出入りするために空(あ)けた(空いた)ところ、(口のように)全体の内の一部空いたところ◆言葉、言葉を発する、語; 先:◆基準になる位置や時間よりも前、同「前」、逆は「後」◆前に向かって進む、またその方向、同「前」◆以前、時間的に過去の方向◆ま・ず、最初に、～の前に,N2,mixed,on+kun~,,口:◆動物の食べたり声を発したりするための器官◆ものが出入りするために空(あ)けた(空いた)ところ、(口のように)全体の内の一部空いたところ◆言葉、言葉を発する、語; 先:◆基準になる位置や時間よりも前、同「前」、逆は「後」◆前に向かって進む、またその方向、同「前」◆以前、時間的に過去の方向◆ま・ず、最初に、～の前に
kk_口実_こうじつ,口実,こうじつ,口:◆動物の食べたり声を発したりするための器官◆ものが出入りするために空(あ)けた(空いた)ところ、(口のように)全体の内の一部空いたところ◆言葉、言葉を発する、語; 実:◆蓄(たくわ)えが家に満ちているさま◆隙間なく詰まって虚(うつ)ろなところがないさま◆ぎっしりと詰まった中身、草木などの稔(みの)って中がぎっしりと詰まったもの,N2,on,on+on,B_noun_rad_宀(kun 93%),口:◆動物の食べたり声を発したりするための器官◆ものが出入りするために空(あ)けた(空いた)ところ、(口のように)全体の内の一部空いたところ◆言葉、言葉を発する、語; 実:◆蓄(たくわ)えが家に満ちているさま◆隙間なく詰まって虚(うつ)ろなところがないさま◆ぎっしりと詰まった中身、草木などの稔(みの)って中がぎっしりと詰まったもの
kk_口座_こうざ,口座,こうざ,口:◆動物の食べたり声を発したりするための器官◆ものが出入りするために空(あ)けた(空いた)ところ、(口のように)全体の内の一部空いたところ◆言葉、言葉を発する、語; 座:◆腰を据(す)える席や場所・位置、「座席(ザセキ)」◆ものを載せる台◆定まっている位置や場所、「星座(セイザ)」◆山や建物など(どっしりと据えられているもの)を,N2,on,on+on,A3_short_compound(on+on 71%) | B_noun_rad_广(kun 93%),口:◆動物の食べたり声を発したりするための器官◆ものが出入りするために空(あ)けた(空いた)ところ、(口のように)全体の内の一部空いたところ◆言葉、言葉を発する、語; 座:◆腰を据(す)える席や場所・位置、「座席(ザセキ)」◆ものを載せる台◆定まっている位置や場所、「星座(セイザ)」◆山や建物など(どっしりと据えられているもの)を
kk_口調_くちょう,口調,くちょう,口:◆動物の食べたり声を発したりするための器官◆ものが出入りするために空(あ)けた(空いた)ところ、(口のように)全体の内の一部空いたところ◆言葉、言葉を発する、語; 調:◆整える、釣り合いを取る、バランスbalanceを取る、不均衡・不公平などでない状態にする、不快感・違和感などを感じない状態に整える、「調和(チョウワ)」◆音律,N2,on,on+on,A3_short_compound(on+on 71%) | B_verb_rad_言(kun 80%),口:◆動物の食べたり声を発したりするための器官◆ものが出入りするために空(あ)けた(空いた)ところ、(口のように)全体の内の一部空いたところ◆言葉、言葉を発する、語; 調:◆整える、釣り合いを取る、バランスbalanceを取る、不均衡・不公平などでない状態にする、不快感・違和感などを感じない状態に整える、「調和(チョウワ)」◆音律
kk_古今_ここん,古今,ここん,古:◆以前、昔(むかし)、以前の、昔の、同「故」◆長い時を経(へ)ているさま; 今:◆現在、この時(とき)、この時代、現在を挟んで前後に比較的短い時間また月日また時代◆すぐに、間もなく,N2,on,on+on,A3_short_compound(on+on 71%),古:◆以前、昔(むかし)、以前の、昔の、同「故」◆長い時を経(へ)ているさま; 今:◆現在、この時(とき)、この時代、現在を挟んで前後に比較的短い時間また月日また時代◆すぐに、間もなく
kk_古典_こてん,古典,こてん,古:◆以前、昔(むかし)、以前の、昔の、同「故」◆長い時を経(へ)ているさま; 典:◆古来から尊(とうと)ばれ続けている書物、行動や祭祀・儀式の規範・基準となる書物、「典籍(テンセキ、古い貴重な書物)」◆守り則(のっと)るべき手順や作法、規範、,N2,on,on+on,A3_short_compound(on+on 71%),古:◆以前、昔(むかし)、以前の、昔の、同「故」◆長い時を経(へ)ているさま; 典:◆古来から尊(とうと)ばれ続けている書物、行動や祭祀・儀式の規範・基準となる書物、「典籍(テンセキ、古い貴重な書物)」◆守り則(のっと)るべき手順や作法、規範、
kk_古～_ふる～,古～,ふる～,古:◆以前、昔(むかし)、以前の、昔の、同「故」◆長い時を経(へ)ているさま,N2,kun,kun,IL2_single_default(kun 84%),古:◆以前、昔(むかし)、以前の、昔の、同「故」◆長い時を経(へ)ているさま
kk_句読点_くとうてん,句読点,くとうてん,"句:◆曲がる、湾曲する、同「勾」◆言葉や文章の区切り、""」(閉じ鉤括弧、縦書きの場合は""Ｌ""のような形で表す)""、現代では読点(、頓号)・コンマcomma(,逗号); 読:◆文章を内容が理解しやすいように区切りながら抑揚(ヨクヨウ)をつけながら声に出す◆文の中に置く読みの区切り、「、」で表す、コンマcomma、「読点、逗点(トウテ; 点:◆小さな(黒い)染(し)み・瑕(きず)・印(しるし)、またそのようなものを付ける、「汚点(オテン)」◆小さく狭く限られた場所・範囲・位置・事柄、「地点(チテン)",N2,on,on+on+on,A4_multi_on(on+on+on 65%) | B_verb_rad_言(kun 80%),"句:◆曲がる、湾曲する、同「勾」◆言葉や文章の区切り、""」(閉じ鉤括弧、縦書きの場合は""Ｌ""のような形で表す)""、現代では読点(、頓号)・コンマcomma(,逗号); 読:◆文章を内容が理解しやすいように区切りながら抑揚(ヨクヨウ)をつけながら声に出す◆文の中に置く読みの区切り、「、」で表す、コンマcomma、「読点、逗点(トウテ; 点:◆小さな(黒い)染(し)み・瑕(きず)・印(しるし)、またそのようなものを付ける、「汚点(オテン)」◆小さく狭く限られた場所・範囲・位置・事柄、「地点(チテン)"
kk_叫び_さけび,叫び,さけび,叫:◆大声を張り上げる,N2,kun,kun,IL1_okurigana(kun 96%) | IL2_single_okuri(kun 96%),叫:◆大声を張り上げる
kk_可決_かけつ,可決,かけつ,可:◆よい、よろしい、～してよい、同意の語◆認める、許す、許可の意を表す語◆～できる、可能性を示す語◆(当然)～すべきである、(必ず、きっと)～となるだろう◆～ばか; 決:◆堤(つつみ)などが破(やぶ)れる、また(堤防などが破れて)水が流れ出る◆破る、突き破る◆(妨げとなっている物や事を突き破って、押し退けて)きっぱりと、「決断(,N2,on,on+on,A3_short_compound(on+on 71%),可:◆よい、よろしい、～してよい、同意の語◆認める、許す、許可の意を表す語◆～できる、可能性を示す語◆(当然)～すべきである、(必ず、きっと)～となるだろう◆～ばか; 決:◆堤(つつみ)などが破(やぶ)れる、また(堤防などが破れて)水が流れ出る◆破る、突き破る◆(妨げとなっている物や事を突き破って、押し退けて)きっぱりと、「決断(
kk_台詞_せりふ,台詞,せりふ,台:◆我(われ)、自分を指す語、同「吾」「余」「予」◆「三台星(サンタイセイ)、三台(サンタイ)」、紫微垣(シビエン、天の北極を中心とした区画で天帝が住むとされた、; 詞:◆単語◆思いや考えを伝えるための単語を連ねた一連の言葉◆詩歌,N2,other,mixed+mixed~,A3_short_compound(on+on 71%) | B_verb_rad_言(kun 80%),台:◆我(われ)、自分を指す語、同「吾」「余」「予」◆「三台星(サンタイセイ)、三台(サンタイ)」、紫微垣(シビエン、天の北極を中心とした区画で天帝が住むとされた、; 詞:◆単語◆思いや考えを伝えるための単語を連ねた一連の言葉◆詩歌
kk_右折_うせつ,右折,うせつ,"右:◆左と対(ツイ)になる片方 ◆南を向いた時の西の方向、西、西の方向、東は「左」◆上(うえ)、上にある、高い、上位、上位のもの、下は「左」◆(右手のように力が強い; 折:◆まっすぐなものや平らなものを途中から""Ｖ""字形に曲げる、また曲げて畳む、同「㪿」、単に""Ｕ""字形のように曲げるのではなく折り目が付くようにしっかりと曲げること",N2,on,on+on,A3_short_compound(on+on 71%) | B_verb_rad_手(kun 80%),"右:◆左と対(ツイ)になる片方 ◆南を向いた時の西の方向、西、西の方向、東は「左」◆上(うえ)、上にある、高い、上位、上位のもの、下は「左」◆(右手のように力が強い; 折:◆まっすぐなものや平らなものを途中から""Ｖ""字形に曲げる、また曲げて畳む、同「㪿」、単に""Ｕ""字形のように曲げるのではなく折り目が付くようにしっかりと曲げること"
kk_各々_おのおの,各々,おのおの,各:◆めいめい、一人一人、それぞれ、一つ一つ、別々,N2,kun,kun,IL2_single_default(kun 84%),各:◆めいめい、一人一人、それぞれ、一つ一つ、別々
kk_各自_かくじ,各自,かくじ,各:◆めいめい、一人一人、それぞれ、一つ一つ、別々; 自:◆みずか・ら、己(おのれ)、己の◆おの・ずから、己ひとりで、他からの影響を受けずに、それのみの力や意志で◆～から、～より、場所や時間の起点を表す◆みずから、部首,N2,on,on+on,A3_short_compound(on+on 71%),各:◆めいめい、一人一人、それぞれ、一つ一つ、別々; 自:◆みずか・ら、己(おのれ)、己の◆おの・ずから、己ひとりで、他からの影響を受けずに、それのみの力や意志で◆～から、～より、場所や時間の起点を表す◆みずから、部首
kk_合同_ごうどう,合同,ごうどう,合:◆人や物が集まって一緒になる、また一つになる◆幾つかのものを集め一緒にする、幾つかのものが集まり同じになる◆同じものを纏(まと)めた全体◆ぴったりと一致する、当; 同:◆一所(ひとところ)に人が集まる、一緒になる◆意見や行動などを共にする◆一様なさま、揃っているさま◆～と等しい、～と共に◆「胡同(コドウ)」、町中を縦横に走る道,N2,on,on+on,,合:◆人や物が集まって一緒になる、また一つになる◆幾つかのものを集め一緒にする、幾つかのものが集まり同じになる◆同じものを纏(まと)めた全体◆ぴったりと一致する、当; 同:◆一所(ひとところ)に人が集まる、一緒になる◆意見や行動などを共にする◆一様なさま、揃っているさま◆～と等しい、～と共に◆「胡同(コドウ)」、町中を縦横に走る道
kk_合否_ごうひ,合否,ごうひ,合:◆人や物が集まって一緒になる、また一つになる◆幾つかのものを集め一緒にする、幾つかのものが集まり同じになる◆同じものを纏(まと)めた全体◆ぴったりと一致する、当; 否:◆いな、いや、いいや、同意できない、認められない、受け入れられない、否定・不同意の言葉、同「不」◆然(しか)らずんば、～でなければ～、同「否」◆そうではない、他,N2,on,on+on,A3_short_compound(on+on 71%),合:◆人や物が集まって一緒になる、また一つになる◆幾つかのものを集め一緒にする、幾つかのものが集まり同じになる◆同じものを纏(まと)めた全体◆ぴったりと一致する、当; 否:◆いな、いや、いいや、同意できない、認められない、受け入れられない、否定・不同意の言葉、同「不」◆然(しか)らずんば、～でなければ～、同「否」◆そうではない、他
kk_合図_あいず,合図,あいず,合:◆人や物が集まって一緒になる、また一つになる◆幾つかのものを集め一緒にする、幾つかのものが集まり同じになる◆同じものを纏(まと)めた全体◆ぴったりと一致する、当; 図:◆四角い紙などに地形やものの形やその様相などを描く、また描いたもの◆はか・る、事に先立って案を作る、計画する,N2,mixed,kun+on~,A3_short_compound(on+on 71%),合:◆人や物が集まって一緒になる、また一つになる◆幾つかのものを集め一緒にする、幾つかのものが集まり同じになる◆同じものを纏(まと)めた全体◆ぴったりと一致する、当; 図:◆四角い紙などに地形やものの形やその様相などを描く、また描いたもの◆はか・る、事に先立って案を作る、計画する
kk_合理_ごうり,合理,ごうり,合:◆人や物が集まって一緒になる、また一つになる◆幾つかのものを集め一緒にする、幾つかのものが集まり同じになる◆同じものを纏(まと)めた全体◆ぴったりと一致する、当; 理:◆玉(ギョク、大変美しい石)の筋目(すじめ)、規則正しく並んだ筋目◆物事の正しい筋道◆筋道を立てる、また立っている、筋を通す、また通っている◆筋道に沿って判断す,N2,on,on+on,A3_short_compound(on+on 71%),合:◆人や物が集まって一緒になる、また一つになる◆幾つかのものを集め一緒にする、幾つかのものが集まり同じになる◆同じものを纏(まと)めた全体◆ぴったりと一致する、当; 理:◆玉(ギョク、大変美しい石)の筋目(すじめ)、規則正しく並んだ筋目◆物事の正しい筋道◆筋道を立てる、また立っている、筋を通す、また通っている◆筋道に沿って判断す
kk_吊る_つる,吊る,つる,吊:◆つ・る、つる・す、ぶらさげる、上部を固定して(上に掛けて)下に垂らす◆穴あき銅銭千枚を紐に通して結(ゆ)わえたもの、「一吊」という◆弔(とむら)う、古「弔」、,N2,kun,kun,IL1_okurigana(kun 96%) | IL2_single_okuri(kun 96%),吊:◆つ・る、つる・す、ぶらさげる、上部を固定して(上に掛けて)下に垂らす◆穴あき銅銭千枚を紐に通して結(ゆ)わえたもの、「一吊」という◆弔(とむら)う、古「弔」、
kk_同一_どういつ,同一,どういつ,同:◆一所(ひとところ)に人が集まる、一緒になる◆意見や行動などを共にする◆一様なさま、揃っているさま◆～と等しい、～と共に◆「胡同(コドウ)」、町中を縦横に走る道; 一:◆最初、最初の数、最も小さい数、同「壹」 ◆(幾つかあるものの内の、全体の中の)一つ、一つの、一つに、それだけ、ひたすら、同「壹」◆同じ、等しい、「同じ一つのも,N2,on,on+on,,同:◆一所(ひとところ)に人が集まる、一緒になる◆意見や行動などを共にする◆一様なさま、揃っているさま◆～と等しい、～と共に◆「胡同(コドウ)」、町中を縦横に走る道; 一:◆最初、最初の数、最も小さい数、同「壹」 ◆(幾つかあるものの内の、全体の中の)一つ、一つの、一つに、それだけ、ひたすら、同「壹」◆同じ、等しい、「同じ一つのも
kk_同居_どうきょ,同居,どうきょ,同:◆一所(ひとところ)に人が集まる、一緒になる◆意見や行動などを共にする◆一様なさま、揃っているさま◆～と等しい、～と共に◆「胡同(コドウ)」、町中を縦横に走る道; 居:◆座る、腰を据(す)える、腰を落ち着ける、またその場所◆長く腰を落ち着けて住む、住まい◆一定の場所を占める、存在する◆貯(たくわ)える、得たものを置いておく,N2,on,on+on,A3_short_compound(on+on 71%),同:◆一所(ひとところ)に人が集まる、一緒になる◆意見や行動などを共にする◆一様なさま、揃っているさま◆～と等しい、～と共に◆「胡同(コドウ)」、町中を縦横に走る道; 居:◆座る、腰を据(す)える、腰を落ち着ける、またその場所◆長く腰を落ち着けて住む、住まい◆一定の場所を占める、存在する◆貯(たくわ)える、得たものを置いておく
kk_同期_どうき,同期,どうき,同:◆一所(ひとところ)に人が集まる、一緒になる◆意見や行動などを共にする◆一様なさま、揃っているさま◆～と等しい、～と共に◆「胡同(コドウ)」、町中を縦横に走る道; 期:◆予定されている(約束されている)時(とき、時期、時間)、「時期(ジキ)」「期間(キカン、二つの時の間、始めの時から終わりの時までの間)」◆決められた時(時期、,N2,on,on+on,A3_short_compound(on+on 71%),同:◆一所(ひとところ)に人が集まる、一緒になる◆意見や行動などを共にする◆一様なさま、揃っているさま◆～と等しい、～と共に◆「胡同(コドウ)」、町中を縦横に走る道; 期:◆予定されている(約束されている)時(とき、時期、時間)、「時期(ジキ)」「期間(キカン、二つの時の間、始めの時から終わりの時までの間)」◆決められた時(時期、
kk_同様_どうよう,同様,どうよう,同:◆一所(ひとところ)に人が集まる、一緒になる◆意見や行動などを共にする◆一様なさま、揃っているさま◆～と等しい、～と共に◆「胡同(コドウ)」、町中を縦横に走る道; 様:◆物事の性格や状態、また姿や形、あり方また見掛け◆形や姿、状態やあり方、方法や方式、同「𢳌」◆形や姿・状態やあり方・方法や方式などの種類を数える語◆クヌギ(櫟、,N2,on,on+on,B_noun_rad_木(kun 93%),同:◆一所(ひとところ)に人が集まる、一緒になる◆意見や行動などを共にする◆一様なさま、揃っているさま◆～と等しい、～と共に◆「胡同(コドウ)」、町中を縦横に走る道; 様:◆物事の性格や状態、また姿や形、あり方また見掛け◆形や姿、状態やあり方、方法や方式、同「𢳌」◆形や姿・状態やあり方・方法や方式などの種類を数える語◆クヌギ(櫟、
kk_名付ける_なづける,名付ける,なづける,名:◆人に付ける呼称、また動物・もの・出来事などを呼んだり指し示したり識別したりするためにその各々に付ける呼称、「名称(メイショウ)」◆呼称を付ける、「命名(メイメ; 付:◆手ずから授(さず)ける、直接手を取って与える、同「仅」◆渡し与える、渡して任せる、委(ゆだ)ねる◆[日]他のものに加える、また添える、また足す、同「附」,N2,other,mixed+mixed~,IL1_okurigana(kun 96%) | A1_compound_oku(kun 90%) | A1_on_kun_mix(on+kun 65%),名:◆人に付ける呼称、また動物・もの・出来事などを呼んだり指し示したり識別したりするためにその各々に付ける呼称、「名称(メイショウ)」◆呼称を付ける、「命名(メイメ; 付:◆手ずから授(さず)ける、直接手を取って与える、同「仅」◆渡し与える、渡して任せる、委(ゆだ)ねる◆[日]他のものに加える、また添える、また足す、同「附」
kk_名作_めいさく,名作,めいさく,名:◆人に付ける呼称、また動物・もの・出来事などを呼んだり指し示したり識別したりするためにその各々に付ける呼称、「名称(メイショウ)」◆呼称を付ける、「命名(メイメ; 作:◆働(はたらく)く、力や手を加える、為(な)す、「作業(サギョウ)」「作為(サクイ)」◆力や手を加えることによって物事や状態を変化させる、また他に影響を与える、,N2,on,on+on,,名:◆人に付ける呼称、また動物・もの・出来事などを呼んだり指し示したり識別したりするためにその各々に付ける呼称、「名称(メイショウ)」◆呼称を付ける、「命名(メイメ; 作:◆働(はたらく)く、力や手を加える、為(な)す、「作業(サギョウ)」「作為(サクイ)」◆力や手を加えることによって物事や状態を変化させる、また他に影響を与える、
kk_名字_みょうじ,名字,みょうじ,名:◆人に付ける呼称、また動物・もの・出来事などを呼んだり指し示したり識別したりするためにその各々に付ける呼称、「名称(メイショウ)」◆呼称を付ける、「命名(メイメ; 字:◆子を生む、生まれた子を慈(いつく)しみ育てる、同「𡥜」◆あざな、成人時に名付ける本名以外の名、男子は二十歳で成人とし初めて冠を被り、女子は許嫁(キョカ、いいな,N2,on,on+on,A3_short_compound(on+on 71%),名:◆人に付ける呼称、また動物・もの・出来事などを呼んだり指し示したり識別したりするためにその各々に付ける呼称、「名称(メイショウ)」◆呼称を付ける、「命名(メイメ; 字:◆子を生む、生まれた子を慈(いつく)しみ育てる、同「𡥜」◆あざな、成人時に名付ける本名以外の名、男子は二十歳で成人とし初めて冠を被り、女子は許嫁(キョカ、いいな
kk_名産_めいさん,名産,めいさん,名:◆人に付ける呼称、また動物・もの・出来事などを呼んだり指し示したり識別したりするためにその各々に付ける呼称、「名称(メイショウ)」◆呼称を付ける、「命名(メイメ; 産:◆子を生む◆生まれ◆新たに(新たなものを)生み出す、作り出す、また生み出されたもの、「生産(セイサン)」◆土地や財物◆音孔が三つの籥(ヤク、縦笛)、籥よりも太く,N2,on,on+on,,名:◆人に付ける呼称、また動物・もの・出来事などを呼んだり指し示したり識別したりするためにその各々に付ける呼称、「名称(メイショウ)」◆呼称を付ける、「命名(メイメ; 産:◆子を生む◆生まれ◆新たに(新たなものを)生み出す、作り出す、また生み出されたもの、「生産(セイサン)」◆土地や財物◆音孔が三つの籥(ヤク、縦笛)、籥よりも太く
kk_名～_めい～,名～,めい～,名:◆人に付ける呼称、また動物・もの・出来事などを呼んだり指し示したり識別したりするためにその各々に付ける呼称、「名称(メイショウ)」◆呼称を付ける、「命名(メイメ,N2,on,on,IL2_single_default(kun 84%),名:◆人に付ける呼称、また動物・もの・出来事などを呼んだり指し示したり識別したりするためにその各々に付ける呼称、「名称(メイショウ)」◆呼称を付ける、「命名(メイメ
kk_向ける_むける,向ける,むける,向:◆窓、北側に面した窓、同「郷」、「丿冂」は「宀」で「屋根のある建物」、「口」は「壁などに空いた窓」の意◆目的とするところを目指して行く、基点となるところから遠ざ,N2,kun,kun,IL1_okurigana(kun 96%) | IL2_single_okuri(kun 96%),向:◆窓、北側に面した窓、同「郷」、「丿冂」は「宀」で「屋根のある建物」、「口」は「壁などに空いた窓」の意◆目的とするところを目指して行く、基点となるところから遠ざ
kk_向上心_こうじょうしん,向上心,こうじょうしん,向:◆窓、北側に面した窓、同「郷」、「丿冂」は「宀」で「屋根のある建物」、「口」は「壁などに空いた窓」の意◆目的とするところを目指して行く、基点となるところから遠ざ; 上:◆位置・場所・地位などが高い、高い方にある◆高い方に移る、昇る、登る◆順序・時間などが前、前の方にある◆前の方に移る◆等級・品質などが高い、優れている◆殿様、皇; 心:◆血液を循環させる働きをする臓器で五臓(心シン・肝カン・脾ヒ・肺ハイ・腎ジン)の一つ ◆ものの真(ま)ん中、真ん中(中心)にあるもの、ものの重要な部分、ものの本,N2,on,on+on+on,A4_multi_on(on+on+on 65%),向:◆窓、北側に面した窓、同「郷」、「丿冂」は「宀」で「屋根のある建物」、「口」は「壁などに空いた窓」の意◆目的とするところを目指して行く、基点となるところから遠ざ; 上:◆位置・場所・地位などが高い、高い方にある◆高い方に移る、昇る、登る◆順序・時間などが前、前の方にある◆前の方に移る◆等級・品質などが高い、優れている◆殿様、皇; 心:◆血液を循環させる働きをする臓器で五臓(心シン・肝カン・脾ヒ・肺ハイ・腎ジン)の一つ ◆ものの真(ま)ん中、真ん中(中心)にあるもの、ものの重要な部分、ものの本
kk_吠える_ほえる,吠える,ほえる,吠:◆犬が不審なものに対して威嚇(イカク)するように鳴く、また同類に対して合図するように叫ぶ,N2,kun,kun,IL1_okurigana(kun 96%) | IL2_single_okuri(kun 96%),吠:◆犬が不審なものに対して威嚇(イカク)するように鳴く、また同類に対して合図するように叫ぶ
kk_否定_ひてい,否定,ひてい,否:◆いな、いや、いいや、同意できない、認められない、受け入れられない、否定・不同意の言葉、同「不」◆然(しか)らずんば、～でなければ～、同「否」◆そうではない、他; 定:◆さだ・まる、動きや乱れが鎮(しず)まって変化・変動しない状態になる、平静になる、落ち着く、「鎮定(チンテイ)」◆さだ・める、動いたり揺らいだりしない状態にする,N2,on,on+on,A3_short_compound(on+on 71%) | B_noun_rad_宀(kun 93%),否:◆いな、いや、いいや、同意できない、認められない、受け入れられない、否定・不同意の言葉、同「不」◆然(しか)らずんば、～でなければ～、同「否」◆そうではない、他; 定:◆さだ・まる、動きや乱れが鎮(しず)まって変化・変動しない状態になる、平静になる、落ち着く、「鎮定(チンテイ)」◆さだ・める、動いたり揺らいだりしない状態にする
kk_吸収_きゅうしゅう,吸収,きゅうしゅう,吸:◆口や鼻から気体(空気など)や液体(液状のもの)を体の中に取り込む、同「噏」、出すのは「呼」◆「吸吸(キュウキュウ)」◇雲が動くさま、「【楚辭:卷十四:思古】…; 収:◆あちこちから取り集めて一カ所に纏(まと)める◆収穫したものを一カ所に集める、また役所がその一部を取り立てて公庫(政府の倉庫など)に入れる◆罪人を捕(とら)らえ,N2,on,on+on,,吸:◆口や鼻から気体(空気など)や液体(液状のもの)を体の中に取り込む、同「噏」、出すのは「呼」◆「吸吸(キュウキュウ)」◇雲が動くさま、「【楚辭:卷十四:思古】…; 収:◆あちこちから取り集めて一カ所に纏(まと)める◆収穫したものを一カ所に集める、また役所がその一部を取り立てて公庫(政府の倉庫など)に入れる◆罪人を捕(とら)らえ
kk_吹雪_ふぶき,吹雪,ふぶき,吹:◆息を勢いよく吐き出す、唇を窄めて風を起こすように息を吐く、ゆっくり吹くのは「嘘」◆管楽器に音を出すために息を勢いよく吐き入れる、同「龡」◆大気が流れる、風が起; 雪:◆ゆき、空中の水蒸気が結晶となって降ってくるもの ◆(雪のように)白いさま◆すす・ぐ、穢れや恥を洗い清める,N2,other,mixed+mixed~,A3_short_compound(on+on 71%) | B_noun_rad_雨(kun 93%),吹:◆息を勢いよく吐き出す、唇を窄めて風を起こすように息を吐く、ゆっくり吹くのは「嘘」◆管楽器に音を出すために息を勢いよく吐き入れる、同「龡」◆大気が流れる、風が起; 雪:◆ゆき、空中の水蒸気が結晶となって降ってくるもの ◆(雪のように)白いさま◆すす・ぐ、穢れや恥を洗い清める
kk_呆れる_あきれる,呆れる,あきれる,呆:◆(動きや反応や切れ味が)鈍(にぶ)い、ぼんやりしている、同繁「獃」◆[日]あき・れる、咄嗟(トッサ)のことでどうしてよいか分からない、あまりのことにどう反応し,N2,kun,kun,IL1_okurigana(kun 96%) | IL2_single_okuri(kun 96%),呆:◆(動きや反応や切れ味が)鈍(にぶ)い、ぼんやりしている、同繁「獃」◆[日]あき・れる、咄嗟(トッサ)のことでどうしてよいか分からない、あまりのことにどう反応し
kk_周囲_しゅうい,周囲,しゅうい,周:◆囲いの境目、一回り、一回りする、一巡する◆隅々まで漏れなく行き渡る◆漏れがないさま、緻密な◆前11世紀頃から八百年以上続いた王朝、別名「西周」 ◆南北朝時代の; 囲:◆四周を取り巻く◆外から中に入らないように或いは中から外に出ないように周(まわ)りに設けられた区切り◆長さの単位、両手を広げた長さ、一抱(ひとかか)え,N2,on,on+on,A3_short_compound(on+on 71%),周:◆囲いの境目、一回り、一回りする、一巡する◆隅々まで漏れなく行き渡る◆漏れがないさま、緻密な◆前11世紀頃から八百年以上続いた王朝、別名「西周」 ◆南北朝時代の; 囲:◆四周を取り巻く◆外から中に入らないように或いは中から外に出ないように周(まわ)りに設けられた区切り◆長さの単位、両手を広げた長さ、一抱(ひとかか)え
kk_味わう_あじわう,味わう,あじわう,味:◆舌で感じる、舌の感覚◆「五味(ゴミ)」、舌の感覚(味)を五つに大別したもの、酸(酸っぱい味)苦(苦い味)辛(辛い味)鹹(塩辛い味)甘(甘い味)、「【禮記注疏(,N2,kun,kun,IL1_okurigana(kun 96%) | IL2_single_okuri(kun 96%),味:◆舌で感じる、舌の感覚◆「五味(ゴミ)」、舌の感覚(味)を五つに大別したもの、酸(酸っぱい味)苦(苦い味)辛(辛い味)鹹(塩辛い味)甘(甘い味)、「【禮記注疏(
kk_味方_みかた,味方,みかた,味:◆舌で感じる、舌の感覚◆「五味(ゴミ)」、舌の感覚(味)を五つに大別したもの、酸(酸っぱい味)苦(苦い味)辛(辛い味)鹹(塩辛い味)甘(甘い味)、「【禮記注疏(; 方:◆四角、四角いさま、角(かど)が直角になっているさま、「方形(ホウケイ)」◆数学で二つの数を掛け合わせた数(正方形・長方形の一つの角を成す二辺を掛け合わせた数),N2,mixed,on+kun~,A3_short_compound(on+on 71%),味:◆舌で感じる、舌の感覚◆「五味(ゴミ)」、舌の感覚(味)を五つに大別したもの、酸(酸っぱい味)苦(苦い味)辛(辛い味)鹹(塩辛い味)甘(甘い味)、「【禮記注疏(; 方:◆四角、四角いさま、角(かど)が直角になっているさま、「方形(ホウケイ)」◆数学で二つの数を掛け合わせた数(正方形・長方形の一つの角を成す二辺を掛け合わせた数)
kk_呼び出す_よびだす,呼び出す,よびだす,呼:◆大きな声を出す、「呼号(コゴウ、大声で叫ぶ、また泣く)」◆人に声を掛ける、人に声を掛け招く◆名付(なづ)ける、名前、「呼び名(よびな)」「呼称(コショウ)」◆; 出:◆範囲・領域・組織や区切り・境界の内(内側、内部、裏側、こちら側、私的なところ)から外(外側、外部、表側、向こう側、公のところ)に移る、また移す、外から内へ移る,N2,kun,kun+kun~,IL1_okurigana(kun 96%) | A1_compound_oku(kun 90%) | A1_on_kun_mix(on+kun 65%),呼:◆大きな声を出す、「呼号(コゴウ、大声で叫ぶ、また泣く)」◆人に声を掛ける、人に声を掛け招く◆名付(なづ)ける、名前、「呼び名(よびな)」「呼称(コショウ)」◆; 出:◆範囲・領域・組織や区切り・境界の内(内側、内部、裏側、こちら側、私的なところ)から外(外側、外部、表側、向こう側、公のところ)に移る、また移す、外から内へ移る
kk_呼び捨て_よびすて,呼び捨て,よびすて,呼:◆大きな声を出す、「呼号(コゴウ、大声で叫ぶ、また泣く)」◆人に声を掛ける、人に声を掛け招く◆名付(なづ)ける、名前、「呼び名(よびな)」「呼称(コショウ)」◆; 捨:◆手放(てばな)す、棄(す)てる、握った手を解(と)いて手の中のものを放(ほう)る、同簡「舍」◆財物などを他に与える、施(ほどこ)す、「喜捨(キシャ)」「施捨(,N2,kun,kun+kun~,IL1_okurigana(kun 96%) | A1_compound_oku(kun 90%) | A1_on_kun_mix(on+kun 65%),呼:◆大きな声を出す、「呼号(コゴウ、大声で叫ぶ、また泣く)」◆人に声を掛ける、人に声を掛け招く◆名付(なづ)ける、名前、「呼び名(よびな)」「呼称(コショウ)」◆; 捨:◆手放(てばな)す、棄(す)てる、握った手を解(と)いて手の中のものを放(ほう)る、同簡「舍」◆財物などを他に与える、施(ほどこ)す、「喜捨(キシャ)」「施捨(
kk_呼び掛ける_よびかける,呼び掛ける,よびかける,呼:◆大きな声を出す、「呼号(コゴウ、大声で叫ぶ、また泣く)」◆人に声を掛ける、人に声を掛け招く◆名付(なづ)ける、名前、「呼び名(よびな)」「呼称(コショウ)」◆; 掛:◆引っ懸(か)ける、ものの上に置いて両方また片方を垂らす、ぶら下げる、同「挂」◆引っ懸かる、気になって心に(目に)止まる◆簡「挂」◆[日]体や物を斜めにしてその,N2,mixed,kun+on~,IL1_okurigana(kun 96%) | A1_compound_oku(kun 90%) | A1_on_kun_mix(on+kun 65%),呼:◆大きな声を出す、「呼号(コゴウ、大声で叫ぶ、また泣く)」◆人に声を掛ける、人に声を掛け招く◆名付(なづ)ける、名前、「呼び名(よびな)」「呼称(コショウ)」◆; 掛:◆引っ懸(か)ける、ものの上に置いて両方また片方を垂らす、ぶら下げる、同「挂」◆引っ懸かる、気になって心に(目に)止まる◆簡「挂」◆[日]体や物を斜めにしてその
kk_呼び止める_よびとめる,呼び止める,よびとめる,呼:◆大きな声を出す、「呼号(コゴウ、大声で叫ぶ、また泣く)」◆人に声を掛ける、人に声を掛け招く◆名付(なづ)ける、名前、「呼び名(よびな)」「呼称(コショウ)」◆; 止:◆ものが動かないように(しっかりと)立つための支えとなる基(もと、土台)◆体を支える足(あし)◆同じ所に留(とど)まって動かない[†「止」は止まったまま動かない,N2,kun,kun+kun~,IL1_okurigana(kun 96%) | A1_compound_oku(kun 90%) | A1_on_kun_mix(on+kun 65%),呼:◆大きな声を出す、「呼号(コゴウ、大声で叫ぶ、また泣く)」◆人に声を掛ける、人に声を掛け招く◆名付(なづ)ける、名前、「呼び名(よびな)」「呼称(コショウ)」◆; 止:◆ものが動かないように(しっかりと)立つための支えとなる基(もと、土台)◆体を支える足(あし)◆同じ所に留(とど)まって動かない[†「止」は止まったまま動かない
kk_咥える_くわえる,咥える,くわえる,咥:◆くわ・える、口や歯で挟(はさ)む、噛む◆笑う、大笑いする,N2,kun,kun,IL1_okurigana(kun 96%) | IL2_single_okuri(kun 96%),咥:◆くわ・える、口や歯で挟(はさ)む、噛む◆笑う、大笑いする
kk_咳止め_せきどめ,咳止め,せきどめ,咳:◆生まれて三カ月ほどを過ぎて働きかけに反応し始める頃の幼子(おさなご)が笑うさま、同「孩」◆せき、しわぶき、咽喉(インコウ、のど)に息が詰まり吐き出してしまうこ; 止:◆ものが動かないように(しっかりと)立つための支えとなる基(もと、土台)◆体を支える足(あし)◆同じ所に留(とど)まって動かない[†「止」は止まったまま動かない,N2,other,mixed+mixed~,IL1_okurigana(kun 96%) | A1_compound_oku(kun 90%) | A1_on_kun_mix(on+kun 65%),咳:◆生まれて三カ月ほどを過ぎて働きかけに反応し始める頃の幼子(おさなご)が笑うさま、同「孩」◆せき、しわぶき、咽喉(インコウ、のど)に息が詰まり吐き出してしまうこ; 止:◆ものが動かないように(しっかりと)立つための支えとなる基(もと、土台)◆体を支える足(あし)◆同じ所に留(とど)まって動かない[†「止」は止まったまま動かない
kk_哀れ_あわれ,哀れ,あわれ,哀:◆心を痛める、心が締め付けられる、悲しむ◆かわいそうに思う◆悲しみ悼(いた)む◆父母の喪(も),N2,kun,kun,IL1_okurigana(kun 96%) | IL2_single_okuri(kun 96%),哀:◆心を痛める、心が締め付けられる、悲しむ◆かわいそうに思う◆悲しみ悼(いた)む◆父母の喪(も)
kk_品_ひん,品,ひん,品:◆物(もの)、多くの物、様々な物◆もの(人や物)の本質・価値・程度を判断する◆ものの値打ち、また価値、また程度・等級,N2,on,on,IL2_single_default(kun 84%),品:◆物(もの)、多くの物、様々な物◆もの(人や物)の本質・価値・程度を判断する◆ものの値打ち、また価値、また程度・等級
kk_品種_ひんしゅ,品種,ひんしゅ,品:◆物(もの)、多くの物、様々な物◆もの(人や物)の本質・価値・程度を判断する◆ものの値打ち、また価値、また程度・等級; 種:◆(植物が)生長し実を結ぶ元になるもの、またそれを植え付ける、またそれを蒔(ま)く◆起源を同じにするもの、共通性のあるもの、またその集まり◆簡「种」,N2,on,on+on,A3_short_compound(on+on 71%),品:◆物(もの)、多くの物、様々な物◆もの(人や物)の本質・価値・程度を判断する◆ものの値打ち、また価値、また程度・等級; 種:◆(植物が)生長し実を結ぶ元になるもの、またそれを植え付ける、またそれを蒔(ま)く◆起源を同じにするもの、共通性のあるもの、またその集まり◆簡「种」
kk_哲学_てつがく,哲学,てつがく,哲:◆思考や言動が明晰(メイセキ)で揺らぎや迷いがない、智慧(チエ)があり道理に通じている、またそのような人、同「嚞」「喆」「悊」「埑」; 学:◆(教えを受けながら、見て倣いながら)知識や技術などを身に付ける、習得する、またその内容、知識や技術などを授(さず)けることを「教」◆教えを受け知識や技術などを,N2,on,on+on,,哲:◆思考や言動が明晰(メイセキ)で揺らぎや迷いがない、智慧(チエ)があり道理に通じている、またそのような人、同「嚞」「喆」「悊」「埑」; 学:◆(教えを受けながら、見て倣いながら)知識や技術などを身に付ける、習得する、またその内容、知識や技術などを授(さず)けることを「教」◆教えを受け知識や技術などを
kk_唯一_ゆいいつ,唯一,ゆいいつ,唯:◆只(ただ)、ただ～だけ◆ただひたすら◆呼び掛け・問い掛けや指示・命令などに対する「はい」という応答、敬(うやま)い慎(つつし)んで間髪を入れずに応(こた)える; 一:◆最初、最初の数、最も小さい数、同「壹」 ◆(幾つかあるものの内の、全体の中の)一つ、一つの、一つに、それだけ、ひたすら、同「壹」◆同じ、等しい、「同じ一つのも,N2,on,on+on,,唯:◆只(ただ)、ただ～だけ◆ただひたすら◆呼び掛け・問い掛けや指示・命令などに対する「はい」という応答、敬(うやま)い慎(つつし)んで間髪を入れずに応(こた)える; 一:◆最初、最初の数、最も小さい数、同「壹」 ◆(幾つかあるものの内の、全体の中の)一つ、一つの、一つに、それだけ、ひたすら、同「壹」◆同じ、等しい、「同じ一つのも
kk_唸る/呻る_うなる,唸る/呻る,うなる,唸:◆口を閉じたままで声を出す、またその声◆口を(ほとんど)閉じ低い声で唱える、また吼える; 呻:◆(病で苦しんでいる時のような)口をあまり開けずに声を長く伸ばす、「吟」よりもゆっくりとした感じ,N2,other,mixed+mixed~,IL1_okurigana(kun 96%) | A1_compound_oku(kun 90%) | A1_on_kun_mix(on+kun 65%),唸:◆口を閉じたままで声を出す、またその声◆口を(ほとんど)閉じ低い声で唱える、また吼える; 呻:◆(病で苦しんでいる時のような)口をあまり開けずに声を長く伸ばす、「吟」よりもゆっくりとした感じ
kk_商人_しょうにん,商人,しょうにん,商:◆物を売買する、古くは「行商」を指し、市場で店を構えて商売することを「賈」といった◆(品質や条件など)さまざまなことを考え合わせて見当(ケントウ)を付ける、推し; 人:◆霊長目ヒト科ヒト属の生物、ホモ・サピエンスHomo sapiens(「知恵の人」の意)、同「儿」◆自分以外の者、「人我(ジンガ、他人と自分)」◆人の数(かず),N2,on,on+on,,商:◆物を売買する、古くは「行商」を指し、市場で店を構えて商売することを「賈」といった◆(品質や条件など)さまざまなことを考え合わせて見当(ケントウ)を付ける、推し; 人:◆霊長目ヒト科ヒト属の生物、ホモ・サピエンスHomo sapiens(「知恵の人」の意)、同「儿」◆自分以外の者、「人我(ジンガ、他人と自分)」◆人の数(かず)
kk_問う_とう,問う,とう,問:◆分からないことやはっきりしないことを質(ただ)す◆罪や責任などの有無について聞く◆様子などを尋ねる,N2,kun,kun,IL1_okurigana(kun 96%) | IL2_single_okuri(kun 96%),問:◆分からないことやはっきりしないことを質(ただ)す◆罪や責任などの有無について聞く◆様子などを尋ねる
kk_問答_もんどう,問答,もんどう,問:◆分からないことやはっきりしないことを質(ただ)す◆罪や責任などの有無について聞く◆様子などを尋ねる; 答:◆相手からの問い掛けや働き掛けに対して自分の意思を言葉や態度で返す、返事をする◆相手からの問い掛けや働き掛けに応対する、応(こた)える◆相手の心遣いなどに言葉や,N2,other,mixed+mixed~,B_noun_rad_竹(kun 93%),問:◆分からないことやはっきりしないことを質(ただ)す◆罪や責任などの有無について聞く◆様子などを尋ねる; 答:◆相手からの問い掛けや働き掛けに対して自分の意思を言葉や態度で返す、返事をする◆相手からの問い掛けや働き掛けに応対する、応(こた)える◆相手の心遣いなどに言葉や
kk_善_ぜん,善,ぜん,善:◆めでたい、喜ばしい◆良い、好ましい◆美しい、魅力的な◆優(すぐ)れている、立派な◆正しい、正しい行い◆親しい、友好的な,N2,on,on,IL2_single_default(kun 84%),善:◆めでたい、喜ばしい◆良い、好ましい◆美しい、魅力的な◆優(すぐ)れている、立派な◆正しい、正しい行い◆親しい、友好的な
kk_喝采_かっさい,喝采,かっさい,喝:◆(咽喉がかすれる程に)大きな声を出す◆「かっ」と大きな声で叱り付ける、また脅す◆(特に酒を)飲む; 采:◆指先で摘(つま)み取る、選び取る、同簡「採」◆彩(いろど)り、様子、姿、同「彩」◆重臣や重職に就いている者に与えられる領地、「采地(サイチ)」「采邑(サイユウ,N2,on,on+on,,喝:◆(咽喉がかすれる程に)大きな声を出す◆「かっ」と大きな声で叱り付ける、また脅す◆(特に酒を)飲む; 采:◆指先で摘(つま)み取る、選び取る、同簡「採」◆彩(いろど)り、様子、姿、同「彩」◆重臣や重職に就いている者に与えられる領地、「采地(サイチ)」「采邑(サイユウ
kk_喧しい_やかましい,喧しい,やかましい,喧:◆大勢の人の声や多くの物の音が一度に耳に入ってくる、がやがやと騒々(ソウゾウ)しい、わいわいと煩(うるさ)い、同「吅」「諠」,N2,kun,kun,IL1_okurigana(kun 96%) | IL2_single_okuri(kun 96%),喧:◆大勢の人の声や多くの物の音が一度に耳に入ってくる、がやがやと騒々(ソウゾウ)しい、わいわいと煩(うるさ)い、同「吅」「諠」
kk_喫茶_きっさ,喫茶,きっさ,喫:◆食べる、飲む、吸う、物を口から体の中に入れる、同「吃」◆打撃や衝撃を食(く)らう、受ける; 茶:◆チャ(茶)、チャノキ(茶の木)、ツバキ科ツバキ属の木 ◆チャノキの若葉を摘(つ)み煎(せん)じて飲料用に加工したもの、遅い時期に摘み取った茶葉を使ったものは「,N2,on,on+on,A3_short_compound(on+on 71%),喫:◆食べる、飲む、吸う、物を口から体の中に入れる、同「吃」◆打撃や衝撃を食(く)らう、受ける; 茶:◆チャ(茶)、チャノキ(茶の木)、ツバキ科ツバキ属の木 ◆チャノキの若葉を摘(つ)み煎(せん)じて飲料用に加工したもの、遅い時期に摘み取った茶葉を使ったものは「
kk_嗜好_しこう,嗜好,しこう,嗜:◆好(この)む、愛好する、同「耆」◆[日]好んで取り組む趣味や余技、またそれを楽しむ; 好:◆自分にとって快く受け入れることができること(事・言)やもの(物・者)、その逆が「悪」、「好悪(コウオ)」◆良い、善(よ)い、心地良い、丁度良い、勝手(かって、,N2,on,on+on,A3_short_compound(on+on 71%),嗜:◆好(この)む、愛好する、同「耆」◆[日]好んで取り組む趣味や余技、またそれを楽しむ; 好:◆自分にとって快く受け入れることができること(事・言)やもの(物・者)、その逆が「悪」、「好悪(コウオ)」◆良い、善(よ)い、心地良い、丁度良い、勝手(かって、
kk_嘘吐き_うそつき,嘘吐き,うそつき,嘘:◆「はぁ」「ふう」と弱く(ゆっくりと)息を吐き出す、勢いよく吹くのは「吹」◆「はぁ」「ふう」と溜息をつく◆「しーっ」という「静かに」「だめ」という制止の意味を表; 吐:◆もの(食べたものなどの固形物・液状物)を口から体外に出す、一般に中医では、嘔吐物は出ずに声だけが出ることを「噦」、嘔吐物と共に声も出ることを「嘔」「歐」、「【,N2,mixed,kun+on~,IL1_okurigana(kun 96%) | A1_compound_oku(kun 90%) | A1_on_kun_mix(on+kun 65%),嘘:◆「はぁ」「ふう」と弱く(ゆっくりと)息を吐き出す、勢いよく吹くのは「吹」◆「はぁ」「ふう」と溜息をつく◆「しーっ」という「静かに」「だめ」という制止の意味を表; 吐:◆もの(食べたものなどの固形物・液状物)を口から体外に出す、一般に中医では、嘔吐物は出ずに声だけが出ることを「噦」、嘔吐物と共に声も出ることを「嘔」「歐」、「【
kk_嘱望_しょくぼう,嘱望,しょくぼう,嘱:◆(自分の希望を他に、後々のことを他に)託(たく)す、頼(たの)む、同「属」、「嘱託(ショクタク、託す、頼む)」◆付ける、寄せる、「嘱咐(ショクフ、～しなさいと; 望:◆待っている人や物事の到着をまだかまだかと待つ、期待する、そうなって欲しいと思う◆(待ち望む方を)見やる、遠くを見やる◆仰ぎ見る、他から仰ぎ見られる◆もち、陰暦,N2,on,on+on,,嘱:◆(自分の希望を他に、後々のことを他に)託(たく)す、頼(たの)む、同「属」、「嘱託(ショクタク、託す、頼む)」◆付ける、寄せる、「嘱咐(ショクフ、～しなさいと; 望:◆待っている人や物事の到着をまだかまだかと待つ、期待する、そうなって欲しいと思う◆(待ち望む方を)見やる、遠くを見やる◆仰ぎ見る、他から仰ぎ見られる◆もち、陰暦
kk_嘴_くちばし,嘴,くちばし,嘴:◆くちばし、鳥の口先、同「觜」◆(鳥の嘴のように)先に行くにつれて細くなりながら突き出ているもの、またそのような形,N2,kun,kun,IL2_single_default(kun 84%),嘴:◆くちばし、鳥の口先、同「觜」◆(鳥の嘴のように)先に行くにつれて細くなりながら突き出ているもの、またそのような形
kk_噛み切る_かみきる,噛み切る,かみきる,噛:◆歯で咬(か)む、齧(かじ)る、同「齧」; 切:◆刃物などですっと断(た)つ、裁(た)つ、割(さ)く◆ぴったりとしたさま、隙(すき)がないさま、「親切(シンセツ)」◆近くまで迫(せま)る、差し迫る、「切近(セ,N2,kun,kun+kun~,IL1_okurigana(kun 96%) | A1_compound_oku(kun 90%) | A1_on_kun_mix(on+kun 65%),噛:◆歯で咬(か)む、齧(かじ)る、同「齧」; 切:◆刃物などですっと断(た)つ、裁(た)つ、割(さ)く◆ぴったりとしたさま、隙(すき)がないさま、「親切(シンセツ)」◆近くまで迫(せま)る、差し迫る、「切近(セ
kk_噛み締める_かみしめる,噛み締める,かみしめる,噛:◆歯で咬(か)む、齧(かじ)る、同「齧」; 締:◆しっかりと結ぶ、解(ほど)けたり緩(ゆる)んだりしないように結ぶ、結び合わせる◆しっかりと閉(と)じる、閉(し)める◆[日]すっかりおしまいにする、合計する,N2,kun,kun+kun~,IL1_okurigana(kun 96%) | A1_compound_oku(kun 90%) | A1_on_kun_mix(on+kun 65%),噛:◆歯で咬(か)む、齧(かじ)る、同「齧」; 締:◆しっかりと結ぶ、解(ほど)けたり緩(ゆる)んだりしないように結ぶ、結び合わせる◆しっかりと閉(と)じる、閉(し)める◆[日]すっかりおしまいにする、合計する
kk_器械_きかい,器械,きかい,器:◆入れもの、(周りや底を囲って)中にものを入れるためのもの、「食器(ショッキ)」◆中に入る量、ものを受け入れることができる量、入れ物の大きさ、「器量(キリョウ); 械:◆枷(かせ)、手枷(てかせ)や足枷(あしかせ)、桎梏(シッコク)◆ある仕事をさせるために作られた道具、仕掛け、装置、器具、武器、「器械(キカイ、道具)」◆兵器、,N2,on,on+on,A3_short_compound(on+on 71%) | B_noun_rad_木(kun 93%),器:◆入れもの、(周りや底を囲って)中にものを入れるためのもの、「食器(ショッキ)」◆中に入る量、ものを受け入れることができる量、入れ物の大きさ、「器量(キリョウ); 械:◆枷(かせ)、手枷(てかせ)や足枷(あしかせ)、桎梏(シッコク)◆ある仕事をさせるために作られた道具、仕掛け、装置、器具、武器、「器械(キカイ、道具)」◆兵器、
kk_噴出_ふんしゅつ,噴出,ふんしゅつ,噴:◆勢いよく吹き出す、(水が辺りに飛び散るように)一気に吹き出す; 出:◆範囲・領域・組織や区切り・境界の内(内側、内部、裏側、こちら側、私的なところ)から外(外側、外部、表側、向こう側、公のところ)に移る、また移す、外から内へ移る,N2,on,on+on,,噴:◆勢いよく吹き出す、(水が辺りに飛び散るように)一気に吹き出す; 出:◆範囲・領域・組織や区切り・境界の内(内側、内部、裏側、こちら側、私的なところ)から外(外側、外部、表側、向こう側、公のところ)に移る、また移す、外から内へ移る
kk_噴水_ふんすい,噴水,ふんすい,噴:◆勢いよく吹き出す、(水が辺りに飛び散るように)一気に吹き出す; 水:◆器などに入れると水平になる(器に合わせて形を変える)液体、液状のもの、酸素と水素からなる液体 H<sub>2</sub>O、(一般には人工的に他のものを加えて,N2,on,on+on,,噴:◆勢いよく吹き出す、(水が辺りに飛び散るように)一気に吹き出す; 水:◆器などに入れると水平になる(器に合わせて形を変える)液体、液状のもの、酸素と水素からなる液体 H<sub>2</sub>O、(一般には人工的に他のものを加えて
kk_噴火_ふんか,噴火,ふんか,噴:◆勢いよく吹き出す、(水が辺りに飛び散るように)一気に吹き出す; 火:◆ものが燃える時に発生する光や色や炎や熱など◆ものが赤々と燃える、また焼く◆(火が勢いよく燃えるように、また顔を紅潮させて)怒る、(火が弾けるように)突然怒り出,N2,on,on+on,A3_short_compound(on+on 71%),噴:◆勢いよく吹き出す、(水が辺りに飛び散るように)一気に吹き出す; 火:◆ものが燃える時に発生する光や色や炎や熱など◆ものが赤々と燃える、また焼く◆(火が勢いよく燃えるように、また顔を紅潮させて)怒る、(火が弾けるように)突然怒り出
kk_囀る_さえずる,囀る,さえずる,囀:◆鳥が玉(たま)を転(ころ)がしているかのように(高く澄んだ声で)鳴く、また歌っているかのように鳴く,N2,kun,kun,IL1_okurigana(kun 96%) | IL2_single_okuri(kun 96%),囀:◆鳥が玉(たま)を転(ころ)がしているかのように(高く澄んだ声で)鳴く、また歌っているかのように鳴く
kk_囁く_ささやく,囁く,ささやく,囁:◆小声で話す、もごもごと小さな声で話す、口を耳に近づけひそひそと小声で話すのは「聶」◆話がしどろもどろになる、言い掛けて口籠(くちごも)る◆次から次へとよく喋(,N2,kun,kun,IL1_okurigana(kun 96%) | IL2_single_okuri(kun 96%),囁:◆小声で話す、もごもごと小さな声で話す、口を耳に近づけひそひそと小声で話すのは「聶」◆話がしどろもどろになる、言い掛けて口籠(くちごも)る◆次から次へとよく喋(
kk_四則算_しそくざん,四則算,しそくざん,四:◆数の名、四番目の数 ◆東西南北・前後左右など周りの全て; 則:◆のり、規範・基準となるもの、手本として倣(なら)うべきもの◆のっと・る、守るべき法律・規範・基準・手本などに従う◆すなわ・ち、「Ａ則Ｂ」の用法で、Ａ(原因や理; 算:◆数(かず)を数(かぞ)える、同「筭」◆数を計算する(本数や置き方によって数を表す)ための竹の棒、占いにも用いる、同「籌」、「算籌(サンチュウ、計算また占いに用,N2,on,mixed+mixed+on~,A4_multi_on(on+on+on 65%) | B_verb_rad_刀(kun 80%) | B_noun_rad_竹(kun 93%),四:◆数の名、四番目の数 ◆東西南北・前後左右など周りの全て; 則:◆のり、規範・基準となるもの、手本として倣(なら)うべきもの◆のっと・る、守るべき法律・規範・基準・手本などに従う◆すなわ・ち、「Ａ則Ｂ」の用法で、Ａ(原因や理; 算:◆数(かず)を数(かぞ)える、同「筭」◆数を計算する(本数や置き方によって数を表す)ための竹の棒、占いにも用いる、同「籌」、「算籌(サンチュウ、計算また占いに用
kk_回数_かいすう,回数,かいすう,回:◆円を描(えが)くように動く、一周して(一巡して)元に戻る、同「廻」「迴」、「回復(カイフク)」「回帰(カイキ)」◆元に戻す、元に返す、「回答(カイトウ)」◆(; 数:◆かず、同種のもの(繰り返されるもの)の多少を表す語◆かぞ・える、一つ二つ(一回二回)と計算する、またその多少◆細かい、煩(わずら)わしい◆しばしば、同じことを,N2,on,on+on,,回:◆円を描(えが)くように動く、一周して(一巡して)元に戻る、同「廻」「迴」、「回復(カイフク)」「回帰(カイキ)」◆元に戻す、元に返す、「回答(カイトウ)」◆(; 数:◆かず、同種のもの(繰り返されるもの)の多少を表す語◆かぞ・える、一つ二つ(一回二回)と計算する、またその多少◆細かい、煩(わずら)わしい◆しばしば、同じことを
kk_回答_かいとう,回答,かいとう,回:◆円を描(えが)くように動く、一周して(一巡して)元に戻る、同「廻」「迴」、「回復(カイフク)」「回帰(カイキ)」◆元に戻す、元に返す、「回答(カイトウ)」◆(; 答:◆相手からの問い掛けや働き掛けに対して自分の意思を言葉や態度で返す、返事をする◆相手からの問い掛けや働き掛けに応対する、応(こた)える◆相手の心遣いなどに言葉や,N2,on,on+on,B_noun_rad_竹(kun 93%),回:◆円を描(えが)くように動く、一周して(一巡して)元に戻る、同「廻」「迴」、「回復(カイフク)」「回帰(カイキ)」◆元に戻す、元に返す、「回答(カイトウ)」◆(; 答:◆相手からの問い掛けや働き掛けに対して自分の意思を言葉や態度で返す、返事をする◆相手からの問い掛けや働き掛けに応対する、応(こた)える◆相手の心遣いなどに言葉や
kk_回転_かいてん,回転,かいてん,回:◆円を描(えが)くように動く、一周して(一巡して)元に戻る、同「廻」「迴」、「回復(カイフク)」「回帰(カイキ)」◆元に戻す、元に返す、「回答(カイトウ)」◆(; 転:◆(車輪が回るように)ごろりと回る、ぐるりと回る、「回転(カイテン)」◆(車輪が接地する位置を変えながら転がり進んで行くように次へ次へと)位置や方向を変える、ま,N2,on,on+on,,回:◆円を描(えが)くように動く、一周して(一巡して)元に戻る、同「廻」「迴」、「回復(カイフク)」「回帰(カイキ)」◆元に戻す、元に返す、「回答(カイトウ)」◆(; 転:◆(車輪が回るように)ごろりと回る、ぐるりと回る、「回転(カイテン)」◆(車輪が接地する位置を変えながら転がり進んで行くように次へ次へと)位置や方向を変える、ま
kk_団扇_うちわ,団扇,うちわ,団:◆集まって一つになる、集まって円状の塊(かたまり)になる、一つに纏(まと)まる◆同じものが寄せ集まる、また寄せ集まって塊となったもの、「集団」「団体」; 扇:◆おうぎ、羽(は)ばたかせて風を起こし涼(リョウ)をとる道具、「団扇(ダンセン、うちわ、丸形で取っ手が付いたもの)」「扇子(センス、開閉できるもの)」、同「𥰢」,N2,on,on+mixed~,A3_short_compound(on+on 71%),団:◆集まって一つになる、集まって円状の塊(かたまり)になる、一つに纏(まと)まる◆同じものが寄せ集まる、また寄せ集まって塊となったもの、「集団」「団体」; 扇:◆おうぎ、羽(は)ばたかせて風を起こし涼(リョウ)をとる道具、「団扇(ダンセン、うちわ、丸形で取っ手が付いたもの)」「扇子(センス、開閉できるもの)」、同「𥰢」
kk_図図しい_ずうずうしい,図図しい,ずうずうしい,図:◆四角い紙などに地形やものの形やその様相などを描く、また描いたもの◆はか・る、事に先立って案を作る、計画する; 図:◆四角い紙などに地形やものの形やその様相などを描く、また描いたもの◆はか・る、事に先立って案を作る、計画する,N2,on,on+on~,IL1_okurigana(kun 96%) | A1_compound_oku(kun 90%) | A1_on_kun_mix(on+kun 65%),図:◆四角い紙などに地形やものの形やその様相などを描く、また描いたもの◆はか・る、事に先立って案を作る、計画する; 図:◆四角い紙などに地形やものの形やその様相などを描く、また描いたもの◆はか・る、事に先立って案を作る、計画する
kk_図形_ずけい,図形,ずけい,図:◆四角い紙などに地形やものの形やその様相などを描く、また描いたもの◆はか・る、事に先立って案を作る、計画する; 形:◆ものの表に現れた姿、外観◆ものの表の様子、状態◆型、様式,N2,on,on+on,A3_short_compound(on+on 71%),図:◆四角い紙などに地形やものの形やその様相などを描く、また描いたもの◆はか・る、事に先立って案を作る、計画する; 形:◆ものの表に現れた姿、外観◆ものの表の様子、状態◆型、様式
kk_図書_としょ,図書,としょ,図:◆四角い紙などに地形やものの形やその様相などを描く、また描いたもの◆はか・る、事に先立って案を作る、計画する; 書:◆文字を筆(聿)などで記(しる)す、著(あらわ)す、「書物(ショモツ)」「文書(ブンショ)」◆手紙、「書信(ショシン)」◆「書経(ショキョウ、別名尚書ショウショ,N2,on,on+on,A3_short_compound(on+on 71%),図:◆四角い紙などに地形やものの形やその様相などを描く、また描いたもの◆はか・る、事に先立って案を作る、計画する; 書:◆文字を筆(聿)などで記(しる)す、著(あらわ)す、「書物(ショモツ)」「文書(ブンショ)」◆手紙、「書信(ショシン)」◆「書経(ショキョウ、別名尚書ショウショ
kk_図表_ずひょう,図表,ずひょう,図:◆四角い紙などに地形やものの形やその様相などを描く、また描いたもの◆はか・る、事に先立って案を作る、計画する; 表:◆重ね着をする際に最も上(外側)に羽織(はお)る衣服、上着(うわぎ)、外衣(ガイイ)、本「𧘝」、同「𧞧」◆外側、外側に面した部分◆人の目に触れる、またその部分◆,N2,on,on+on,A3_short_compound(on+on 71%),図:◆四角い紙などに地形やものの形やその様相などを描く、また描いたもの◆はか・る、事に先立って案を作る、計画する; 表:◆重ね着をする際に最も上(外側)に羽織(はお)る衣服、上着(うわぎ)、外衣(ガイイ)、本「𧘝」、同「𧞧」◆外側、外側に面した部分◆人の目に触れる、またその部分◆
kk_図鑑_ずかん,図鑑,ずかん,図:◆四角い紙などに地形やものの形やその様相などを描く、また描いたもの◆はか・る、事に先立って案を作る、計画する; 鑑:◆大きな盆(ボン、口が開き底が平らな容器) ◆物を映(うつ)す鏡、古くは盆に水を張り鏡(かがみ)として使ったが、後には石や金属の表面を平らに磨いて鏡とした、同「,N2,on,on+on,A3_short_compound(on+on 71%) | B_noun_rad_金(kun 93%),図:◆四角い紙などに地形やものの形やその様相などを描く、また描いたもの◆はか・る、事に先立って案を作る、計画する; 鑑:◆大きな盆(ボン、口が開き底が平らな容器) ◆物を映(うつ)す鏡、古くは盆に水を張り鏡(かがみ)として使ったが、後には石や金属の表面を平らに磨いて鏡とした、同「
kk_固める_かためる,固める,かためる,固:◆(周りを囲まれていて)形・位置・状態が変わらない(変えない)、同じ形・位置・状態が枠内に収まっている(収める)、「固定(コテイ)」◆もと・より、元来(ガンライ,N2,kun,kun,IL1_okurigana(kun 96%) | IL2_single_okuri(kun 96%),固:◆(周りを囲まれていて)形・位置・状態が変わらない(変えない)、同じ形・位置・状態が枠内に収まっている(収める)、「固定(コテイ)」◆もと・より、元来(ガンライ
kk_国境_こっきょう,国境,こっきょう,国:◆主権者の支配が及ぶ範囲、土地や人や政治体制などを含む概念で古くは君主から与えられた領地、「王(権力者)の勢力が及ぶ範囲(囗)」の意; 境:◆他の所有者の土地と接するところ、区切り、同「竟」「疆」◆(限られた、特定の)ところ、場所、地域◆状態、状況、様子,N2,other,mixed+mixed~,,国:◆主権者の支配が及ぶ範囲、土地や人や政治体制などを含む概念で古くは君主から与えられた領地、「王(権力者)の勢力が及ぶ範囲(囗)」の意; 境:◆他の所有者の土地と接するところ、区切り、同「竟」「疆」◆(限られた、特定の)ところ、場所、地域◆状態、状況、様子
kk_園芸_えんげい,園芸,えんげい,園:◆周りを垣や柵などで囲った(樹木・果樹などの)畑、「【說文解字:囗部:園】所以樹果也」◆周りを垣や柵などで囲った広い庭、またそのような庭のある邸宅、またそのよう; 芸:◆田畑の雑草を取り除く、同「耘」◆「芸香(ウンコウ)」、ヘンルーダwijnruit、ミカン科ヘンルーダ属の草 ◆「芸臺(ウンタイ)」、書庫、「芸香」に書物を食い,N2,on,on+on,,園:◆周りを垣や柵などで囲った(樹木・果樹などの)畑、「【說文解字:囗部:園】所以樹果也」◆周りを垣や柵などで囲った広い庭、またそのような庭のある邸宅、またそのよう; 芸:◆田畑の雑草を取り除く、同「耘」◆「芸香(ウンコウ)」、ヘンルーダwijnruit、ミカン科ヘンルーダ属の草 ◆「芸臺(ウンタイ)」、書庫、「芸香」に書物を食い
kk_圧縮_あっしゅく,圧縮,あっしゅく,圧:◆上から下に向けて押え付けるように力を加える◆力で押え付ける、押え付けて従わせる¶「圧」は日本・韓国などで用いられる「壓」の簡体字、中国では「压」; 縮:◆縄を巻いてぎゅっと締め付ける、周りから締め付けて小さくする、「収縮(シュウシュク)」◆酒の入った袋を周りから締め付けて小さくする、搾(しぼ)る◆大きく広がって,N2,on,on+on,,圧:◆上から下に向けて押え付けるように力を加える◆力で押え付ける、押え付けて従わせる¶「圧」は日本・韓国などで用いられる「壓」の簡体字、中国では「压」; 縮:◆縄を巻いてぎゅっと締め付ける、周りから締め付けて小さくする、「収縮(シュウシュク)」◆酒の入った袋を周りから締め付けて小さくする、搾(しぼ)る◆大きく広がって
kk_在学_ざいがく,在学,ざいがく,在:◆そこに居(い)る、同じ状態で一定のところに留(とど)まっている、またその場所◆～に於(お)いて、～(場所)で(at); 学:◆(教えを受けながら、見て倣いながら)知識や技術などを身に付ける、習得する、またその内容、知識や技術などを授(さず)けることを「教」◆教えを受け知識や技術などを,N2,on,on+on,,在:◆そこに居(い)る、同じ状態で一定のところに留(とど)まっている、またその場所◆～に於(お)いて、～(場所)で(at); 学:◆(教えを受けながら、見て倣いながら)知識や技術などを身に付ける、習得する、またその内容、知識や技術などを授(さず)けることを「教」◆教えを受け知識や技術などを
kk_在籍_ざいせき,在籍,ざいせき,在:◆そこに居(い)る、同じ状態で一定のところに留(とど)まっている、またその場所◆～に於(お)いて、～(場所)で(at); 籍:◆書物、文書◆人(家族・家族関係・居住所など)や土地(場所・位置・所有者など)などの明細を記録した文書、所属や所有関係を記した文書◆「門籍(モンセキ)」、その人,N2,on,on+on,B_noun_rad_竹(kun 93%),在:◆そこに居(い)る、同じ状態で一定のところに留(とど)まっている、またその場所◆～に於(お)いて、～(場所)で(at); 籍:◆書物、文書◆人(家族・家族関係・居住所など)や土地(場所・位置・所有者など)などの明細を記録した文書、所属や所有関係を記した文書◆「門籍(モンセキ)」、その人
kk_地下_ちか,地下,ちか,地:◆重い陰気が(下に沈み)集まるところ、万物が居並ぶ(存在する)ところ、軽い陽気が(上に浮き)集まるところを「天(テン)」、「【說文解字注:土部:地】元气初分輕清; 下:◆位置・場所・地位などが低い、低い方にある◆低い方に移る、降りる、落ちる◆順序・時間などが後(あと)、後の方にある◆後の方に移る、後(うし)ろの方へ退く◆等級・,N2,on,on+on,A3_short_compound(on+on 71%),地:◆重い陰気が(下に沈み)集まるところ、万物が居並ぶ(存在する)ところ、軽い陽気が(上に浮き)集まるところを「天(テン)」、「【說文解字注:土部:地】元气初分輕清; 下:◆位置・場所・地位などが低い、低い方にある◆低い方に移る、降りる、落ちる◆順序・時間などが後(あと)、後の方にある◆後の方に移る、後(うし)ろの方へ退く◆等級・
kk_地下水_ちかすい,地下水,ちかすい,地:◆重い陰気が(下に沈み)集まるところ、万物が居並ぶ(存在する)ところ、軽い陽気が(上に浮き)集まるところを「天(テン)」、「【說文解字注:土部:地】元气初分輕清; 下:◆位置・場所・地位などが低い、低い方にある◆低い方に移る、降りる、落ちる◆順序・時間などが後(あと)、後の方にある◆後の方に移る、後(うし)ろの方へ退く◆等級・; 水:◆器などに入れると水平になる(器に合わせて形を変える)液体、液状のもの、酸素と水素からなる液体 H<sub>2</sub>O、(一般には人工的に他のものを加えて,N2,on,on+on+on,A4_multi_on(on+on+on 65%),地:◆重い陰気が(下に沈み)集まるところ、万物が居並ぶ(存在する)ところ、軽い陽気が(上に浮き)集まるところを「天(テン)」、「【說文解字注:土部:地】元气初分輕清; 下:◆位置・場所・地位などが低い、低い方にある◆低い方に移る、降りる、落ちる◆順序・時間などが後(あと)、後の方にある◆後の方に移る、後(うし)ろの方へ退く◆等級・; 水:◆器などに入れると水平になる(器に合わせて形を変える)液体、液状のもの、酸素と水素からなる液体 H<sub>2</sub>O、(一般には人工的に他のものを加えて
kk_地位_ちい,地位,ちい,地:◆重い陰気が(下に沈み)集まるところ、万物が居並ぶ(存在する)ところ、軽い陽気が(上に浮き)集まるところを「天(テン)」、「【說文解字注:土部:地】元气初分輕清; 位:◆順に並ぶ時に立つべき場所、並べて置く時の置くべき場所、並んでいるものの中での置かれている場所、「位置(イチ)」◆階級の中の級(キュウ、順位)、席次(セキジ)、,N2,on,on+on,A3_short_compound(on+on 71%),地:◆重い陰気が(下に沈み)集まるところ、万物が居並ぶ(存在する)ところ、軽い陽気が(上に浮き)集まるところを「天(テン)」、「【說文解字注:土部:地】元气初分輕清; 位:◆順に並ぶ時に立つべき場所、並べて置く時の置くべき場所、並んでいるものの中での置かれている場所、「位置(イチ)」◆階級の中の級(キュウ、順位)、席次(セキジ)、
kk_地元_じもと,地元,じもと,地:◆重い陰気が(下に沈み)集まるところ、万物が居並ぶ(存在する)ところ、軽い陽気が(上に浮き)集まるところを「天(テン)」、「【說文解字注:土部:地】元气初分輕清; 元:◆物事の発端(ホッタン)、起源、始まり、「元年(ガンネン)」◆物事の基(もと)となるもの、根本(コンポン)◆物事の先頭にあるもの、頭(かしら)、「元首(ゲンシュ,N2,mixed,on+kun~,A3_short_compound(on+on 71%),地:◆重い陰気が(下に沈み)集まるところ、万物が居並ぶ(存在する)ところ、軽い陽気が(上に浮き)集まるところを「天(テン)」、「【說文解字注:土部:地】元气初分輕清; 元:◆物事の発端(ホッタン)、起源、始まり、「元年(ガンネン)」◆物事の基(もと)となるもの、根本(コンポン)◆物事の先頭にあるもの、頭(かしら)、「元首(ゲンシュ
kk_地区_ちく,地区,ちく,地:◆重い陰気が(下に沈み)集まるところ、万物が居並ぶ(存在する)ところ、軽い陽気が(上に浮き)集まるところを「天(テン)」、「【說文解字注:土部:地】元气初分輕清; 区:◆ある大きさのものを幾つかに別(わ)ける、仕切(しき)る◆周りを仕切ったところ、他から仕切られたところ◆行政上の地域の単位◆小さいさま、細かいさま◆戦国時代(前,N2,on,on+on,A3_short_compound(on+on 71%),地:◆重い陰気が(下に沈み)集まるところ、万物が居並ぶ(存在する)ところ、軽い陽気が(上に浮き)集まるところを「天(テン)」、「【說文解字注:土部:地】元气初分輕清; 区:◆ある大きさのものを幾つかに別(わ)ける、仕切(しき)る◆周りを仕切ったところ、他から仕切られたところ◆行政上の地域の単位◆小さいさま、細かいさま◆戦国時代(前
kk_地帯_ちたい,地帯,ちたい,地:◆重い陰気が(下に沈み)集まるところ、万物が居並ぶ(存在する)ところ、軽い陽気が(上に浮き)集まるところを「天(テン)」、「【說文解字注:土部:地】元气初分輕清; 帯:◆衣服が開(はだ)けないように胸の下に辺りに巻いて結ぶ長く幅広の布、またそれを巻く ◆(帯に挟んだり、帯のように巻いたり結わえたりして)身に着ける、着用する◆(,N2,on,on+on,A3_short_compound(on+on 71%) | B_noun_rad_巾(kun 93%),地:◆重い陰気が(下に沈み)集まるところ、万物が居並ぶ(存在する)ところ、軽い陽気が(上に浮き)集まるところを「天(テン)」、「【說文解字注:土部:地】元气初分輕清; 帯:◆衣服が開(はだ)けないように胸の下に辺りに巻いて結ぶ長く幅広の布、またそれを巻く ◆(帯に挟んだり、帯のように巻いたり結わえたりして)身に着ける、着用する◆(
kk_地平線_ちへいせん,地平線,ちへいせん,地:◆重い陰気が(下に沈み)集まるところ、万物が居並ぶ(存在する)ところ、軽い陽気が(上に浮き)集まるところを「天(テン)」、「【說文解字注:土部:地】元气初分輕清; 平:◆起伏や凹凸がない、高さが揃っている◆普段通り、何時もと変わらずあるべき状態にある◆乱れがなく穏やかなさま◆均一な、等しい、斉(ひと)しい; 線:◆糸や紐(ひも)、糸や紐のように細く長いもの、同「綫」「絤」「𦇫」「綖」◆糸や紐のように途切れずに長く延びているもの、二つの点と点を結ぶもの、またその形状や状態,N2,on,on+on+on,A4_multi_on(on+on+on 65%),地:◆重い陰気が(下に沈み)集まるところ、万物が居並ぶ(存在する)ところ、軽い陽気が(上に浮き)集まるところを「天(テン)」、「【說文解字注:土部:地】元气初分輕清; 平:◆起伏や凹凸がない、高さが揃っている◆普段通り、何時もと変わらずあるべき状態にある◆乱れがなく穏やかなさま◆均一な、等しい、斉(ひと)しい; 線:◆糸や紐(ひも)、糸や紐のように細く長いもの、同「綫」「絤」「𦇫」「綖」◆糸や紐のように途切れずに長く延びているもの、二つの点と点を結ぶもの、またその形状や状態
kk_地点_ちてん,地点,ちてん,地:◆重い陰気が(下に沈み)集まるところ、万物が居並ぶ(存在する)ところ、軽い陽気が(上に浮き)集まるところを「天(テン)」、「【說文解字注:土部:地】元气初分輕清; 点:◆小さな(黒い)染(し)み・瑕(きず)・印(しるし)、またそのようなものを付ける、「汚点(オテン)」◆小さく狭く限られた場所・範囲・位置・事柄、「地点(チテン),N2,on,on+on,A3_short_compound(on+on 71%),地:◆重い陰気が(下に沈み)集まるところ、万物が居並ぶ(存在する)ところ、軽い陽気が(上に浮き)集まるところを「天(テン)」、「【說文解字注:土部:地】元气初分輕清; 点:◆小さな(黒い)染(し)み・瑕(きず)・印(しるし)、またそのようなものを付ける、「汚点(オテン)」◆小さく狭く限られた場所・範囲・位置・事柄、「地点(チテン)
kk_地盤_じばん,地盤,じばん,地:◆重い陰気が(下に沈み)集まるところ、万物が居並ぶ(存在する)ところ、軽い陽気が(上に浮き)集まるところを「天(テン)」、「【說文解字注:土部:地】元气初分輕清; 盤:◆浅い盆(ボン)や皿状の器、木製は「槃」、金属製は「鎜」 ◆薄く平らなもの、上部が平らな台◆大きくどっしりとした石、同「磐」◆円を描(えが)くように回る、回転す,N2,on,on+on,A3_short_compound(on+on 71%),地:◆重い陰気が(下に沈み)集まるところ、万物が居並ぶ(存在する)ところ、軽い陽気が(上に浮き)集まるところを「天(テン)」、「【說文解字注:土部:地】元气初分輕清; 盤:◆浅い盆(ボン)や皿状の器、木製は「槃」、金属製は「鎜」 ◆薄く平らなもの、上部が平らな台◆大きくどっしりとした石、同「磐」◆円を描(えが)くように回る、回転す
kk_地質_ちぢつ,地質,ちぢつ,地:◆重い陰気が(下に沈み)集まるところ、万物が居並ぶ(存在する)ところ、軽い陽気が(上に浮き)集まるところを「天(テン)」、「【說文解字注:土部:地】元气初分輕清; 質:◆本来の、元々(もともと)の、「本質(ホンシツ)」◆本来のままであるさま、素(す)のままであるさま、「質素(シッソ)」◆そのものが持つ本来の価値や中身、また性格,N2,on,on+on~,A3_short_compound(on+on 71%),地:◆重い陰気が(下に沈み)集まるところ、万物が居並ぶ(存在する)ところ、軽い陽気が(上に浮き)集まるところを「天(テン)」、「【說文解字注:土部:地】元气初分輕清; 質:◆本来の、元々(もともと)の、「本質(ホンシツ)」◆本来のままであるさま、素(す)のままであるさま、「質素(シッソ)」◆そのものが持つ本来の価値や中身、また性格
kk_地道_じみち,地道,じみち,地:◆重い陰気が(下に沈み)集まるところ、万物が居並ぶ(存在する)ところ、軽い陽気が(上に浮き)集まるところを「天(テン)」、「【說文解字注:土部:地】元气初分輕清; 道:◆出発地から目的地へ通じている路(みち)、人や動物などが往来する通り路、「道路(ドウロ)」、同「路」◆目的を達するための経路、手順や方法◆導(みちび)く、手引き,N2,mixed,on+kun~,A3_short_compound(on+on 71%),地:◆重い陰気が(下に沈み)集まるところ、万物が居並ぶ(存在する)ところ、軽い陽気が(上に浮き)集まるところを「天(テン)」、「【說文解字注:土部:地】元气初分輕清; 道:◆出発地から目的地へ通じている路(みち)、人や動物などが往来する通り路、「道路(ドウロ)」、同「路」◆目的を達するための経路、手順や方法◆導(みちび)く、手引き
kk_地面_じめん,地面,じめん,地:◆重い陰気が(下に沈み)集まるところ、万物が居並ぶ(存在する)ところ、軽い陽気が(上に浮き)集まるところを「天(テン)」、「【說文解字注:土部:地】元气初分輕清; 面:◆顔(かお)、頭の目鼻口がある側◆顔を対象(タイショウ、目標や相手)に向ける、また向く◆(顔が)向いている側、向き、向いている方向◆ものの表(おもて)、前(まえ,N2,on,on+on,A3_short_compound(on+on 71%),地:◆重い陰気が(下に沈み)集まるところ、万物が居並ぶ(存在する)ところ、軽い陽気が(上に浮き)集まるところを「天(テン)」、「【說文解字注:土部:地】元气初分輕清; 面:◆顔(かお)、頭の目鼻口がある側◆顔を対象(タイショウ、目標や相手)に向ける、また向く◆(顔が)向いている側、向き、向いている方向◆ものの表(おもて)、前(まえ
kk_坊さん_ぼうさん,坊さん,ぼうさん,坊:◆市街を区画(クカク)する道、街巷(ガイコウ)、里巷(リコウ)◆市街の道で区切られた区画◆住まい、住居、同「房」「𠩝」◆防(ふせ)ぐ、遮(さえぎ)る、同「防」◆,N2,on,on,IL1_okurigana(kun 96%) | IL2_single_okuri(kun 96%),坊:◆市街を区画(クカク)する道、街巷(ガイコウ)、里巷(リコウ)◆市街の道で区切られた区画◆住まい、住居、同「房」「𠩝」◆防(ふせ)ぐ、遮(さえぎ)る、同「防」◆
kk_坊や_ぼうや,坊や,ぼうや,坊:◆市街を区画(クカク)する道、街巷(ガイコウ)、里巷(リコウ)◆市街の道で区切られた区画◆住まい、住居、同「房」「𠩝」◆防(ふせ)ぐ、遮(さえぎ)る、同「防」◆,N2,on,on,IL1_okurigana(kun 96%) | IL2_single_okuri(kun 96%),坊:◆市街を区画(クカク)する道、街巷(ガイコウ)、里巷(リコウ)◆市街の道で区切られた区画◆住まい、住居、同「房」「𠩝」◆防(ふせ)ぐ、遮(さえぎ)る、同「防」◆
kk_垂れる_たれる,垂れる,たれる,垂:◆(紐・糸などの線状のものや布・紙などの平面状のものの)片方がぶら下がる、繋(つな)がっているものの片方がだらりと下がる◆連(つら)なりながら下に落ちる、伝わり,N2,kun,kun,IL1_okurigana(kun 96%) | IL2_single_okuri(kun 96%),垂:◆(紐・糸などの線状のものや布・紙などの平面状のものの)片方がぶら下がる、繋(つな)がっているものの片方がだらりと下がる◆連(つら)なりながら下に落ちる、伝わり
kk_垂直_すいちょく,垂直,すいちょく,垂:◆(紐・糸などの線状のものや布・紙などの平面状のものの)片方がぶら下がる、繋(つな)がっているものの片方がだらりと下がる◆連(つら)なりながら下に落ちる、伝わり; 直:◆ものをまっすぐによく見る◆まっすぐなさま、曲がったり折れたり歪(ゆが)んだりしない(していない)さま、「正直(ショウジキ、まっすぐなこと、嘘や偽りがないこと),N2,on,on+on,,垂:◆(紐・糸などの線状のものや布・紙などの平面状のものの)片方がぶら下がる、繋(つな)がっているものの片方がだらりと下がる◆連(つら)なりながら下に落ちる、伝わり; 直:◆ものをまっすぐによく見る◆まっすぐなさま、曲がったり折れたり歪(ゆが)んだりしない(していない)さま、「正直(ショウジキ、まっすぐなこと、嘘や偽りがないこと)
kk_型_かた,型,かた,型:◆これから作ろうとする物の形に作ったもの、溶かした金属を流し入れて目的の形に造るためのもの、「鋳型(いがた)」、木製は「模」、竹製は「範」◆模範(モハン)、手本,N2,kun,kun,IL2_single_default(kun 84%),型:◆これから作ろうとする物の形に作ったもの、溶かした金属を流し入れて目的の形に造るためのもの、「鋳型(いがた)」、木製は「模」、竹製は「範」◆模範(モハン)、手本
kk_垣根_かきね,垣根,かきね,垣:◆土を高く盛って周りを囲んだ土塁(ドルイ)、比較的低いものを指す、高いものは「墉」、「【字彙:丑集:土部:垣】于權切音員牆也卑曰垣高曰墉釋名垣援也人所依阻以為援; 根:◆植物の主に土中や水中にあって茎(くき)や幹(みき)を通じて枝葉(シヨウ、えだは)に水分・養分を送る役割を担(にな)う部分◆物事を支える基本・基礎となる部分、元,N2,kun,kun+kun~,A3_short_compound(on+on 71%) | B_noun_rad_木(kun 93%),垣:◆土を高く盛って周りを囲んだ土塁(ドルイ)、比較的低いものを指す、高いものは「墉」、「【字彙:丑集:土部:垣】于權切音員牆也卑曰垣高曰墉釋名垣援也人所依阻以為援; 根:◆植物の主に土中や水中にあって茎(くき)や幹(みき)を通じて枝葉(シヨウ、えだは)に水分・養分を送る役割を担(にな)う部分◆物事を支える基本・基礎となる部分、元
kk_埋まる_うまる,埋まる,うまる,埋:◆ものを中に入れて塞(ふさ)ぐ、土などで覆(おお)って外から見えなくする、「埋葬(マイソウ)」、同「薶」,N2,kun,kun,IL1_okurigana(kun 96%) | IL2_single_okuri(kun 96%),埋:◆ものを中に入れて塞(ふさ)ぐ、土などで覆(おお)って外から見えなくする、「埋葬(マイソウ)」、同「薶」
kk_城_しろ,城,しろ,城:◆外敵からの攻撃を防ぐために都市(日本の城下町に当たる)を囲むように築かれた高い壁、またその壁で囲まれた都市、二重に壁を巡(めぐ)らせてある場合は、内側を「城」,N2,kun,kun,IL2_single_default(kun 84%),城:◆外敵からの攻撃を防ぐために都市(日本の城下町に当たる)を囲むように築かれた高い壁、またその壁で囲まれた都市、二重に壁を巡(めぐ)らせてある場合は、内側を「城」
kk_執筆_しっぴつ,執筆,しっぴつ,執:◆手に取りしっかりと握る、しっかりと手や目や頭などの中に入れる、掴(つか)まえて離さない◆ぴったりと付く、ぴったりと付いて離れない、心が捉(とら)われる◆しっか; 筆:◆墨や絵の具を穂先に含ませて字を書いたり絵を描いたりする道具、またそれで字を書く、また絵を描く、またそれで書いた(描いた)字や絵,N2,other,mixed+mixed~,B_noun_rad_竹(kun 93%),執:◆手に取りしっかりと握る、しっかりと手や目や頭などの中に入れる、掴(つか)まえて離さない◆ぴったりと付く、ぴったりと付いて離れない、心が捉(とら)われる◆しっか; 筆:◆墨や絵の具を穂先に含ませて字を書いたり絵を描いたりする道具、またそれで字を書く、また絵を描く、またそれで書いた(描いた)字や絵
kk_基づく_もとづく,基づく,もとづく,基:◆構築物を建てる時に最初に築く部分、構築物を支える土台◆物事の始まりとなるところ、物事の拠(よ)りどころとなるもの、物事の根本のところ,N2,kun,kun,IL1_okurigana(kun 96%) | IL2_single_okuri(kun 96%),基:◆構築物を建てる時に最初に築く部分、構築物を支える土台◆物事の始まりとなるところ、物事の拠(よ)りどころとなるもの、物事の根本のところ
kk_基地_きち,基地,きち,基:◆構築物を建てる時に最初に築く部分、構築物を支える土台◆物事の始まりとなるところ、物事の拠(よ)りどころとなるもの、物事の根本のところ; 地:◆重い陰気が(下に沈み)集まるところ、万物が居並ぶ(存在する)ところ、軽い陽気が(上に浮き)集まるところを「天(テン)」、「【說文解字注:土部:地】元气初分輕清,N2,on,on+on,A3_short_compound(on+on 71%),基:◆構築物を建てる時に最初に築く部分、構築物を支える土台◆物事の始まりとなるところ、物事の拠(よ)りどころとなるもの、物事の根本のところ; 地:◆重い陰気が(下に沈み)集まるところ、万物が居並ぶ(存在する)ところ、軽い陽気が(上に浮き)集まるところを「天(テン)」、「【說文解字注:土部:地】元气初分輕清
kk_基本_きほん,基本,きほん,基:◆構築物を建てる時に最初に築く部分、構築物を支える土台◆物事の始まりとなるところ、物事の拠(よ)りどころとなるもの、物事の根本のところ; 本:◆木の根(ね)◆植物や物事の生まれ始まりの部分、ものの根源また起源、「本来(ホンライ、元々、初めから)」◆ものを支えているもの、基(もと)となるもの、拠(よ)り,N2,on,on+on,A3_short_compound(on+on 71%) | B_noun_rad_木(kun 93%),基:◆構築物を建てる時に最初に築く部分、構築物を支える土台◆物事の始まりとなるところ、物事の拠(よ)りどころとなるもの、物事の根本のところ; 本:◆木の根(ね)◆植物や物事の生まれ始まりの部分、ものの根源また起源、「本来(ホンライ、元々、初めから)」◆ものを支えているもの、基(もと)となるもの、拠(よ)り
kk_基準_きじゅん,基準,きじゅん,基:◆構築物を建てる時に最初に築く部分、構築物を支える土台◆物事の始まりとなるところ、物事の拠(よ)りどころとなるもの、物事の根本のところ; 準:◆水平にする、均(なら)す◆水平かどうかを調べる道具、「水準器(スイジュンキ)」◆平(たいら)らな、公平な◆手本として倣(なら)うべきもの、物事の尺度となるもの,N2,on,on+on,A3_short_compound(on+on 71%),基:◆構築物を建てる時に最初に築く部分、構築物を支える土台◆物事の始まりとなるところ、物事の拠(よ)りどころとなるもの、物事の根本のところ; 準:◆水平にする、均(なら)す◆水平かどうかを調べる道具、「水準器(スイジュンキ)」◆平(たいら)らな、公平な◆手本として倣(なら)うべきもの、物事の尺度となるもの
kk_基盤_きばん,基盤,きばん,基:◆構築物を建てる時に最初に築く部分、構築物を支える土台◆物事の始まりとなるところ、物事の拠(よ)りどころとなるもの、物事の根本のところ; 盤:◆浅い盆(ボン)や皿状の器、木製は「槃」、金属製は「鎜」 ◆薄く平らなもの、上部が平らな台◆大きくどっしりとした石、同「磐」◆円を描(えが)くように回る、回転す,N2,on,on+on,A3_short_compound(on+on 71%),基:◆構築物を建てる時に最初に築く部分、構築物を支える土台◆物事の始まりとなるところ、物事の拠(よ)りどころとなるもの、物事の根本のところ; 盤:◆浅い盆(ボン)や皿状の器、木製は「槃」、金属製は「鎜」 ◆薄く平らなもの、上部が平らな台◆大きくどっしりとした石、同「磐」◆円を描(えが)くように回る、回転す
kk_堀/濠_ほり,堀/濠,ほり,"堀:◆土や岩などを""⊂""字状(水平方向)・""Ｕ""字状(垂直方向)に掘って造(つく)った穴、地中に掘った土室(つちむろ)や岩などに穴を掘って岩屋(いわや)など、同「窟; 濠:◆都市や城の周りの水を湛えた堀(ほり)、水を湛(たた)えた堀、同「壕」◆川名、安徽省滁州市鳳陽県を流れる川",N2,kun,kun+kun~,A3_short_compound(on+on 71%),"堀:◆土や岩などを""⊂""字状(水平方向)・""Ｕ""字状(垂直方向)に掘って造(つく)った穴、地中に掘った土室(つちむろ)や岩などに穴を掘って岩屋(いわや)など、同「窟; 濠:◆都市や城の周りの水を湛えた堀(ほり)、水を湛(たた)えた堀、同「壕」◆川名、安徽省滁州市鳳陽県を流れる川"
kk_堪える_こらえる,堪える,こらえる,堪:◆耐え難いこと(困難・重圧・攻撃・誘惑・欲求・苦痛など)に耐える、困難や苦難に耐えてそれを乗り越える、我慢する◆土地が高く突き出ているさま、「【說文解字:土部:,N2,kun,kun,IL1_okurigana(kun 96%) | IL2_single_okuri(kun 96%),堪:◆耐え難いこと(困難・重圧・攻撃・誘惑・欲求・苦痛など)に耐える、困難や苦難に耐えてそれを乗り越える、我慢する◆土地が高く突き出ているさま、「【說文解字:土部:
kk_場_ば,場,ば,場:◆(日当たりのよい、収穫した穀物の乾燥・脱穀などをする、また多くの人やものが集まる)広く平らなところ、「広場」、同「塲」◆一段と高くし上を平らに作ったところ、台,N2,kun,kun,IL2_single_default(kun 84%),場:◆(日当たりのよい、収穫した穀物の乾燥・脱穀などをする、また多くの人やものが集まる)広く平らなところ、「広場」、同「塲」◆一段と高くし上を平らに作ったところ、台
kk_塊_かたまり,塊,かたまり,塊:◆かたまり、土の固まり、元はばらばらなものが固まって一つになったもの、ばらばらなものが纏(まと)まって一つになったもの◆周りとはちがってそこだけ、一つだけ、一人,N2,kun,kun,IL2_single_default(kun 84%),塊:◆かたまり、土の固まり、元はばらばらなものが固まって一つになったもの、ばらばらなものが纏(まと)まって一つになったもの◆周りとはちがってそこだけ、一つだけ、一人
kk_塞がる_ふさがる,塞がる,ふさがる,塞:◆隙間を埋める、空いている所に物を詰め込む、同「窒」◆ぎっしりと詰める、満たす◆隙間を埋めて行き来ができないようにする◆(道を塞いで外敵の侵入を防ぐための)砦◆,N2,kun,kun,IL1_okurigana(kun 96%) | IL2_single_okuri(kun 96%),塞:◆隙間を埋める、空いている所に物を詰め込む、同「窒」◆ぎっしりと詰める、満たす◆隙間を埋めて行き来ができないようにする◆(道を塞いで外敵の侵入を防ぐための)砦◆
kk_塞ぐ_ふさぐ,塞ぐ,ふさぐ,塞:◆隙間を埋める、空いている所に物を詰め込む、同「窒」◆ぎっしりと詰める、満たす◆隙間を埋めて行き来ができないようにする◆(道を塞いで外敵の侵入を防ぐための)砦◆,N2,kun,kun,IL1_okurigana(kun 96%) | IL2_single_okuri(kun 96%),塞:◆隙間を埋める、空いている所に物を詰め込む、同「窒」◆ぎっしりと詰める、満たす◆隙間を埋めて行き来ができないようにする◆(道を塞いで外敵の侵入を防ぐための)砦◆
kk_塩分_えんぶん,塩分,えんぶん,塩:◆海水などに含まれる苦く辛い成分が結晶化したもの、土中の塩分が結晶化した天然のものは「鹵」◆五味(甘・酸・鹹・苦・辛)の一つ; 分:◆一つに纏(まと)まっているものを幾つかに切り離す、また幾つかに仕切る(区切る)、「分割(ブンカツ)」、切り離したものを仕分けることを「別」◆一つの纏まりから一,N2,on,on+on,B_verb_rad_刀(kun 80%),塩:◆海水などに含まれる苦く辛い成分が結晶化したもの、土中の塩分が結晶化した天然のものは「鹵」◆五味(甘・酸・鹹・苦・辛)の一つ; 分:◆一つに纏(まと)まっているものを幾つかに切り離す、また幾つかに仕切る(区切る)、「分割(ブンカツ)」、切り離したものを仕分けることを「別」◆一つの纏まりから一
kk_塵紙_ちりがみ,塵紙,ちりがみ,塵:◆ちり、風などによって宙に舞い上がる細かい土や砂など、「塵埃(ジンアイ)」、同「埃」「𪋻」「𡒲」「𦧄」「𡐪」◆ものに纏わり付く穢(けが)れ、汚(よご)れ、穢れた; 紙:◆植物などの繊維を抄(す)き薄く平らにしたもの、paper,N2,other,mixed+mixed~,,塵:◆ちり、風などによって宙に舞い上がる細かい土や砂など、「塵埃(ジンアイ)」、同「埃」「𪋻」「𡒲」「𦧄」「𡐪」◆ものに纏わり付く穢(けが)れ、汚(よご)れ、穢れた; 紙:◆植物などの繊維を抄(す)き薄く平らにしたもの、paper
kk_境_さかい,境,さかい,境:◆他の所有者の土地と接するところ、区切り、同「竟」「疆」◆(限られた、特定の)ところ、場所、地域◆状態、状況、様子,N2,kun,kun,IL2_single_default(kun 84%),境:◆他の所有者の土地と接するところ、区切り、同「竟」「疆」◆(限られた、特定の)ところ、場所、地域◆状態、状況、様子
kk_境界_きょうかい,境界,きょうかい,境:◆他の所有者の土地と接するところ、区切り、同「竟」「疆」◆(限られた、特定の)ところ、場所、地域◆状態、状況、様子; 界:◆境(さかい)、境目(さかいめ)、区切り、同「堺」「𨺬」◆周(まわ)りが仕切られているところの内側、範囲(ハンイ),N2,on,on+on,,境:◆他の所有者の土地と接するところ、区切り、同「竟」「疆」◆(限られた、特定の)ところ、場所、地域◆状態、状況、様子; 界:◆境(さかい)、境目(さかいめ)、区切り、同「堺」「𨺬」◆周(まわ)りが仕切られているところの内側、範囲(ハンイ)
kk_墓_はか,墓,はか,墓:◆はか、死者を埋葬(マイソウ)したところ、大きなものは「冢(塚、チョウ、つか)」,N2,kun,kun,IL2_single_default(kun 84%),墓:◆はか、死者を埋葬(マイソウ)したところ、大きなものは「冢(塚、チョウ、つか)」
kk_墓参り_はかまいり,墓参り,はかまいり,墓:◆はか、死者を埋葬(マイソウ)したところ、大きなものは「冢(塚、チョウ、つか)」; 参:◆行く、行って加わる◆行って目見(まみ)える、拝謁(ハイエツ)する、拝謁するために行く◆幾つものものを引き合わせて比べる◆三、「三」の大写字(「一」は「壹」・「,N2,kun,kun+kun,IL1_okurigana(kun 96%) | A1_compound_oku(kun 90%) | A1_on_kun_mix(on+kun 65%),墓:◆はか、死者を埋葬(マイソウ)したところ、大きなものは「冢(塚、チョウ、つか)」; 参:◆行く、行って加わる◆行って目見(まみ)える、拝謁(ハイエツ)する、拝謁するために行く◆幾つものものを引き合わせて比べる◆三、「三」の大写字(「一」は「壹」・「
kk_増す_ます,増す,ます,増:◆同質のものが積み重(かさ)なる、また繰り返される、同「曾」「層」◆付け加わる、大きくなる、多くなる,N2,kun,kun,IL1_okurigana(kun 96%) | IL2_single_okuri(kun 96%),増:◆同質のものが積み重(かさ)なる、また繰り返される、同「曾」「層」◆付け加わる、大きくなる、多くなる
kk_増大_ぞうだい,増大,ぞうだい,増:◆同質のものが積み重(かさ)なる、また繰り返される、同「曾」「層」◆付け加わる、大きくなる、多くなる; 大:◆形・数・量・力・程度などが比較しようとしているもの以上である、求められる(必要とされる、必要な)形・数・量・力・程度などを超(こ)えている、優(すぐ)れる、長,N2,on,on+on,,増:◆同質のものが積み重(かさ)なる、また繰り返される、同「曾」「層」◆付け加わる、大きくなる、多くなる; 大:◆形・数・量・力・程度などが比較しようとしているもの以上である、求められる(必要とされる、必要な)形・数・量・力・程度などを超(こ)えている、優(すぐ)れる、長
kk_増減_ぞうげん,増減,ぞうげん,増:◆同質のものが積み重(かさ)なる、また繰り返される、同「曾」「層」◆付け加わる、大きくなる、多くなる; 減:◆少なくなる、全体から一部がなくなる◆軽くなる、落ちる、下がる◆差し引く,N2,on,on+on,,増:◆同質のものが積み重(かさ)なる、また繰り返される、同「曾」「層」◆付け加わる、大きくなる、多くなる; 減:◆少なくなる、全体から一部がなくなる◆軽くなる、落ちる、下がる◆差し引く
kk_墨_すみ,墨,すみ,墨:◆文字や絵を書く(描く)ための黒い液体、またそれを用いて書いた(描いた)書や絵画◆松脂や菜種油などの植物性油脂を燻(くす)ぶらせ、発生した煤(すす)を採取し、こ,N2,kun,kun,IL2_single_default(kun 84%),墨:◆文字や絵を書く(描く)ための黒い液体、またそれを用いて書いた(描いた)書や絵画◆松脂や菜種油などの植物性油脂を燻(くす)ぶらせ、発生した煤(すす)を採取し、こ
kk_声優_せいゆう,声優,せいゆう,声:◆磬(ケイ、石また玉製の打楽器)、またその音◆人や動物が口から発する音、一般には高低強弱などの抑揚がある音が連続し全体として意味を持つものを指す、意味をなさない; 優:◆ゆったりとしている、ゆとりがある、穏(おだ)やかな、「強く締め付けられていない(制限・束縛されていない)様子や状態」を指す◆余裕があるさま、豊かなさま◆すぐ・,N2,on,on+on,,声:◆磬(ケイ、石また玉製の打楽器)、またその音◆人や動物が口から発する音、一般には高低強弱などの抑揚がある音が連続し全体として意味を持つものを指す、意味をなさない; 優:◆ゆったりとしている、ゆとりがある、穏(おだ)やかな、「強く締め付けられていない(制限・束縛されていない)様子や状態」を指す◆余裕があるさま、豊かなさま◆すぐ・
kk_売り出し_うりだし,売り出し,うりだし,売:◆相手が欲しいと思っているものを渡して金銭(対価)を得る、金銭(対価)を渡して欲しいものを得るのは「買」; 出:◆範囲・領域・組織や区切り・境界の内(内側、内部、裏側、こちら側、私的なところ)から外(外側、外部、表側、向こう側、公のところ)に移る、また移す、外から内へ移る,N2,kun,kun+kun~,IL1_okurigana(kun 96%) | A1_compound_oku(kun 90%) | A1_on_kun_mix(on+kun 65%),売:◆相手が欲しいと思っているものを渡して金銭(対価)を得る、金銭(対価)を渡して欲しいものを得るのは「買」; 出:◆範囲・領域・組織や区切り・境界の内(内側、内部、裏側、こちら側、私的なところ)から外(外側、外部、表側、向こう側、公のところ)に移る、また移す、外から内へ移る
kk_売り出す_うりだす,売り出す,うりだす,売:◆相手が欲しいと思っているものを渡して金銭(対価)を得る、金銭(対価)を渡して欲しいものを得るのは「買」; 出:◆範囲・領域・組織や区切り・境界の内(内側、内部、裏側、こちら側、私的なところ)から外(外側、外部、表側、向こう側、公のところ)に移る、また移す、外から内へ移る,N2,kun,kun+kun~,IL1_okurigana(kun 96%) | A1_compound_oku(kun 90%) | A1_on_kun_mix(on+kun 65%),売:◆相手が欲しいと思っているものを渡して金銭(対価)を得る、金銭(対価)を渡して欲しいものを得るのは「買」; 出:◆範囲・領域・組織や区切り・境界の内(内側、内部、裏側、こちら側、私的なところ)から外(外側、外部、表側、向こう側、公のところ)に移る、また移す、外から内へ移る
kk_売り切れ_うりきれ,売り切れ,うりきれ,売:◆相手が欲しいと思っているものを渡して金銭(対価)を得る、金銭(対価)を渡して欲しいものを得るのは「買」; 切:◆刃物などですっと断(た)つ、裁(た)つ、割(さ)く◆ぴったりとしたさま、隙(すき)がないさま、「親切(シンセツ)」◆近くまで迫(せま)る、差し迫る、「切近(セ,N2,kun,kun+kun~,IL1_okurigana(kun 96%) | A1_compound_oku(kun 90%) | A1_on_kun_mix(on+kun 65%),売:◆相手が欲しいと思っているものを渡して金銭(対価)を得る、金銭(対価)を渡して欲しいものを得るのは「買」; 切:◆刃物などですっと断(た)つ、裁(た)つ、割(さ)く◆ぴったりとしたさま、隙(すき)がないさま、「親切(シンセツ)」◆近くまで迫(せま)る、差し迫る、「切近(セ
kk_売買_ばいばい,売買,ばいばい,売:◆相手が欲しいと思っているものを渡して金銭(対価)を得る、金銭(対価)を渡して欲しいものを得るのは「買」; 買:◆金銭(対価)を渡して欲しいものを得る、相手が欲しいと思っているものを渡して金銭(対価)を得るのは「売」◆自ら招き寄せる、自ら進んで(面倒なことや良くないことを,N2,on,on+on,,売:◆相手が欲しいと思っているものを渡して金銭(対価)を得る、金銭(対価)を渡して欲しいものを得るのは「買」; 買:◆金銭(対価)を渡して欲しいものを得る、相手が欲しいと思っているものを渡して金銭(対価)を得るのは「売」◆自ら招き寄せる、自ら進んで(面倒なことや良くないことを
kk_変動_へんどう,変動,へんどう,変:◆これまでとは違ったものになる、また改まる、これまでとは違ったものにする、また改める、まだ元の様子が分かる程度の変化・全体の中の一部だけの変化を指し、全く別のも; 動:◆位置・姿勢・感情・状態・事情などが変わる、また変える、また変わり始める、「動作」「行動」「感動」◆やや・もすれば、どうかすると(～になる、～になりやすい),N2,on,on+on,B_verb_rad_力(kun 80%),変:◆これまでとは違ったものになる、また改まる、これまでとは違ったものにする、また改める、まだ元の様子が分かる程度の変化・全体の中の一部だけの変化を指し、全く別のも; 動:◆位置・姿勢・感情・状態・事情などが変わる、また変える、また変わり始める、「動作」「行動」「感動」◆やや・もすれば、どうかすると(～になる、～になりやすい)
kk_変革_へんかく,変革,へんかく,変:◆これまでとは違ったものになる、また改まる、これまでとは違ったものにする、また改める、まだ元の様子が分かる程度の変化・全体の中の一部だけの変化を指し、全く別のも; 革:◆動物の皮を剥(は)いで毛を抜き乾かしたもの、生皮は「皮」、鞣(なめ)したものは「韋」◆改(あらた)める、改まる、「革変(カクヘン)」◆取り消す、取り除く、「革,N2,on,on+on,,変:◆これまでとは違ったものになる、また改まる、これまでとは違ったものにする、また改める、まだ元の様子が分かる程度の変化・全体の中の一部だけの変化を指し、全く別のも; 革:◆動物の皮を剥(は)いで毛を抜き乾かしたもの、生皮は「皮」、鞣(なめ)したものは「韋」◆改(あらた)める、改まる、「革変(カクヘン)」◆取り消す、取り除く、「革
kk_外交_がいこう,外交,がいこう,"外:◆そと、範囲・領域・組織や区切り・境界の内(内側、内部)から出たもの、表に出ている(表に面している)もの、見えるところにあるもの、またそのようなところ、逆は「内; 交:◆形や状態などが""＋Ｘ""字形(交差する)ような形になるさま、違う方向から進んできたものが一点で出会うさま、交叉(コウサ)するさま、同「䢒」◆互いに行き来し合う、",N2,on,on+on,,"外:◆そと、範囲・領域・組織や区切り・境界の内(内側、内部)から出たもの、表に出ている(表に面している)もの、見えるところにあるもの、またそのようなところ、逆は「内; 交:◆形や状態などが""＋Ｘ""字形(交差する)ような形になるさま、違う方向から進んできたものが一点で出会うさま、交叉(コウサ)するさま、同「䢒」◆互いに行き来し合う、"
kk_外見_がいけん,外見,がいけん,外:◆そと、範囲・領域・組織や区切り・境界の内(内側、内部)から出たもの、表に出ている(表に面している)もの、見えるところにあるもの、またそのようなところ、逆は「内; 見:◆目でものや状況を認識する、目に入る◆(見たものの)認識の仕方、考え◆人と顔を合わせる、対面する◆みる、部首名,N2,on,on+on,,外:◆そと、範囲・領域・組織や区切り・境界の内(内側、内部)から出たもの、表に出ている(表に面している)もの、見えるところにあるもの、またそのようなところ、逆は「内; 見:◆目でものや状況を認識する、目に入る◆(見たものの)認識の仕方、考え◆人と顔を合わせる、対面する◆みる、部首名
kk_外部_がいぶ,外部,がいぶ,外:◆そと、範囲・領域・組織や区切り・境界の内(内側、内部)から出たもの、表に出ている(表に面している)もの、見えるところにあるもの、またそのようなところ、逆は「内; 部:◆区分けしたものの一つ、「部分」「内部」◆集団を分類し同じものを一纏(ひとまと)めにしたもの、全体を構成する小さな集合体や組織、「部署」「部隊」◆書物を数える単,N2,on,on+on,A3_short_compound(on+on 71%),外:◆そと、範囲・領域・組織や区切り・境界の内(内側、内部)から出たもの、表に出ている(表に面している)もの、見えるところにあるもの、またそのようなところ、逆は「内; 部:◆区分けしたものの一つ、「部分」「内部」◆集団を分類し同じものを一纏(ひとまと)めにしたもの、全体を構成する小さな集合体や組織、「部署」「部隊」◆書物を数える単
kk_多くとも_おおくとも,多くとも,おおくとも,多:◆数や度量(ドリョウ、ものの多少・軽重・長短・高低・深浅・強弱など)が、あるべき(必要とする)数や度量より大きい、また余りある、またそれを超えている、少ないのは,N2,kun,kun,IL1_okurigana(kun 96%) | IL2_single_okuri(kun 96%),多:◆数や度量(ドリョウ、ものの多少・軽重・長短・高低・深浅・強弱など)が、あるべき(必要とする)数や度量より大きい、また余りある、またそれを超えている、少ないのは
kk_多忙_たぼう,多忙,たぼう,多:◆数や度量(ドリョウ、ものの多少・軽重・長短・高低・深浅・強弱など)が、あるべき(必要とする)数や度量より大きい、また余りある、またそれを超えている、少ないのは; 忙:◆あれこれとすべきことが多い、すべきことが多くゆとりがない、同「慌」「恾」◆「急忙(キュウボウ、ジィマン)」、慌(あわただ)しいさま、他のことは差し置いて急ぐさ,N2,on,on+on,A3_short_compound(on+on 71%),多:◆数や度量(ドリョウ、ものの多少・軽重・長短・高低・深浅・強弱など)が、あるべき(必要とする)数や度量より大きい、また余りある、またそれを超えている、少ないのは; 忙:◆あれこれとすべきことが多い、すべきことが多くゆとりがない、同「慌」「恾」◆「急忙(キュウボウ、ジィマン)」、慌(あわただ)しいさま、他のことは差し置いて急ぐさ
kk_多数_たすう,多数,たすう,多:◆数や度量(ドリョウ、ものの多少・軽重・長短・高低・深浅・強弱など)が、あるべき(必要とする)数や度量より大きい、また余りある、またそれを超えている、少ないのは; 数:◆かず、同種のもの(繰り返されるもの)の多少を表す語◆かぞ・える、一つ二つ(一回二回)と計算する、またその多少◆細かい、煩(わずら)わしい◆しばしば、同じことを,N2,on,on+on,A3_short_compound(on+on 71%),多:◆数や度量(ドリョウ、ものの多少・軽重・長短・高低・深浅・強弱など)が、あるべき(必要とする)数や度量より大きい、また余りある、またそれを超えている、少ないのは; 数:◆かず、同種のもの(繰り返されるもの)の多少を表す語◆かぞ・える、一つ二つ(一回二回)と計算する、またその多少◆細かい、煩(わずら)わしい◆しばしば、同じことを
kk_多種多様_たしゅたよう,多種多様,たしゅたよう,多:◆数や度量(ドリョウ、ものの多少・軽重・長短・高低・深浅・強弱など)が、あるべき(必要とする)数や度量より大きい、また余りある、またそれを超えている、少ないのは; 種:◆(植物が)生長し実を結ぶ元になるもの、またそれを植え付ける、またそれを蒔(ま)く◆起源を同じにするもの、共通性のあるもの、またその集まり◆簡「种」; 多:◆数や度量(ドリョウ、ものの多少・軽重・長短・高低・深浅・強弱など)が、あるべき(必要とする)数や度量より大きい、また余りある、またそれを超えている、少ないのは,N2,on,on+on+on+on,A4_multi_on(on+on+on+on 65%) | B_noun_rad_木(kun 93%),多:◆数や度量(ドリョウ、ものの多少・軽重・長短・高低・深浅・強弱など)が、あるべき(必要とする)数や度量より大きい、また余りある、またそれを超えている、少ないのは; 種:◆(植物が)生長し実を結ぶ元になるもの、またそれを植え付ける、またそれを蒔(ま)く◆起源を同じにするもの、共通性のあるもの、またその集まり◆簡「种」; 多:◆数や度量(ドリョウ、ものの多少・軽重・長短・高低・深浅・強弱など)が、あるべき(必要とする)数や度量より大きい、また余りある、またそれを超えている、少ないのは
kk_多～_た～,多～,た～,多:◆数や度量(ドリョウ、ものの多少・軽重・長短・高低・深浅・強弱など)が、あるべき(必要とする)数や度量より大きい、また余りある、またそれを超えている、少ないのは,N2,other,unknown,IL2_single_default(kun 84%),多:◆数や度量(ドリョウ、ものの多少・軽重・長短・高低・深浅・強弱など)が、あるべき(必要とする)数や度量より大きい、また余りある、またそれを超えている、少ないのは
kk_夜更かし_よふかし,夜更かし,よふかし,夜:◆日没から日の出までの間、陽が沈んで暗い時間帯、日中は「昼」; 更:◆それまで(これまで)続けてきたことを改(あらた)めて、それ以降も(これ以降も)続ける、それまでのものを別のものに替える◆さら・に、その上に、一段と◆さら・に、,N2,kun,kun+kun,IL1_okurigana(kun 96%) | A1_compound_oku(kun 90%) | A1_on_kun_mix(on+kun 65%),夜:◆日没から日の出までの間、陽が沈んで暗い時間帯、日中は「昼」; 更:◆それまで(これまで)続けてきたことを改(あらた)めて、それ以降も(これ以降も)続ける、それまでのものを別のものに替える◆さら・に、その上に、一段と◆さら・に、
kk_夜行_やこう,夜行,やこう,夜:◆日没から日の出までの間、陽が沈んで暗い時間帯、日中は「昼」; 行:◆左足を前に出し(彳)次に右足を前に出す(亍)、足を交互に動かして前に進む◆目的とするところに向かって進む◆遠くに出掛ける、旅に出る◆道、人が往来する道路、同「,N2,on,on+on,A3_short_compound(on+on 71%),夜:◆日没から日の出までの間、陽が沈んで暗い時間帯、日中は「昼」; 行:◆左足を前に出し(彳)次に右足を前に出す(亍)、足を交互に動かして前に進む◆目的とするところに向かって進む◆遠くに出掛ける、旅に出る◆道、人が往来する道路、同「
kk_夜間_やかん,夜間,やかん,夜:◆日没から日の出までの間、陽が沈んで暗い時間帯、日中は「昼」; 間:◆両側からぴったりと閉じられずに開いているところ、(空間・時間・物事・関係などが)連続せずに途切れているところ、開いたり途切れたりして何もないところ、隙(すき),N2,on,on+on,A3_short_compound(on+on 71%),夜:◆日没から日の出までの間、陽が沈んで暗い時間帯、日中は「昼」; 間:◆両側からぴったりと閉じられずに開いているところ、(空間・時間・物事・関係などが)連続せずに途切れているところ、開いたり途切れたりして何もないところ、隙(すき)
kk_大使_たいし,大使,たいし,大:◆形・数・量・力・程度などが比較しようとしているもの以上である、求められる(必要とされる、必要な)形・数・量・力・程度などを超(こ)えている、優(すぐ)れる、長; 使:◆つか・う、人や家畜を働かせる、道具などを用いる◆つか・い、用事をする◆つか・わす、用事などを伝えるために人を差し向ける◆～に～させる◆もし～、仮に～,N2,on,on+on,A3_short_compound(on+on 71%),大:◆形・数・量・力・程度などが比較しようとしているもの以上である、求められる(必要とされる、必要な)形・数・量・力・程度などを超(こ)えている、優(すぐ)れる、長; 使:◆つか・う、人や家畜を働かせる、道具などを用いる◆つか・い、用事をする◆つか・わす、用事などを伝えるために人を差し向ける◆～に～させる◆もし～、仮に～
kk_大半_たいはん,大半,たいはん,大:◆形・数・量・力・程度などが比較しようとしているもの以上である、求められる(必要とされる、必要な)形・数・量・力・程度などを超(こ)えている、優(すぐ)れる、長; 半:◆凡そ二分の一、二分したものの片方◆途中、距離や時間の中間付近◆まだ完全でないさま,N2,on,on+on,,大:◆形・数・量・力・程度などが比較しようとしているもの以上である、求められる(必要とされる、必要な)形・数・量・力・程度などを超(こ)えている、優(すぐ)れる、長; 半:◆凡そ二分の一、二分したものの片方◆途中、距離や時間の中間付近◆まだ完全でないさま
kk_大層_たいそう,大層,たいそう,大:◆形・数・量・力・程度などが比較しようとしているもの以上である、求められる(必要とされる、必要な)形・数・量・力・程度などを超(こ)えている、優(すぐ)れる、長; 層:◆同質のものが積み重(かさ)なる、また繰り返される、同「曾」◆二階以上の建物、その重なった有様、同「樓」◆階級、等級,N2,on,on+on,,大:◆形・数・量・力・程度などが比較しようとしているもの以上である、求められる(必要とされる、必要な)形・数・量・力・程度などを超(こ)えている、優(すぐ)れる、長; 層:◆同質のものが積み重(かさ)なる、また繰り返される、同「曾」◆二階以上の建物、その重なった有様、同「樓」◆階級、等級
kk_大役_たいやく,大役,たいやく,大:◆形・数・量・力・程度などが比較しようとしているもの以上である、求められる(必要とされる、必要な)形・数・量・力・程度などを超(こ)えている、優(すぐ)れる、長; 役:◆辺境の守備をさせる、人に厳しい労働をさせる◆労働、戦(いくさ)、またそれらの労務に服する人◆割り当てられた任務や職務、またそれを務める人,N2,on,on+on,,大:◆形・数・量・力・程度などが比較しようとしているもの以上である、求められる(必要とされる、必要な)形・数・量・力・程度などを超(こ)えている、優(すぐ)れる、長; 役:◆辺境の守備をさせる、人に厳しい労働をさせる◆労働、戦(いくさ)、またそれらの労務に服する人◆割り当てられた任務や職務、またそれを務める人
kk_大木_たいぼく,大木,たいぼく,大:◆形・数・量・力・程度などが比較しようとしているもの以上である、求められる(必要とされる、必要な)形・数・量・力・程度などを超(こ)えている、優(すぐ)れる、長; 木:◆植物の一分類、例外もあるが一般に表皮が硬く寒暖差などによって年輪を生ずるもの、またそれを使ったもの◆五行(水・火・木・金・土)の一つ ◆自然で飾り気がないさま,N2,on,on+on,B_noun_rad_木(kun 93%),大:◆形・数・量・力・程度などが比較しようとしているもの以上である、求められる(必要とされる、必要な)形・数・量・力・程度などを超(こ)えている、優(すぐ)れる、長; 木:◆植物の一分類、例外もあるが一般に表皮が硬く寒暖差などによって年輪を生ずるもの、またそれを使ったもの◆五行(水・火・木・金・土)の一つ ◆自然で飾り気がないさま
kk_大物_おおもの,大物,おおもの,大:◆形・数・量・力・程度などが比較しようとしているもの以上である、求められる(必要とされる、必要な)形・数・量・力・程度などを超(こ)えている、優(すぐ)れる、長; 物:◆(天地の間に存在する)人以外の形のあるもの、人は「者」、形のないものは「事」,N2,kun,kun+kun~,B_noun_rad_牛(kun 93%),大:◆形・数・量・力・程度などが比較しようとしているもの以上である、求められる(必要とされる、必要な)形・数・量・力・程度などを超(こ)えている、優(すぐ)れる、長; 物:◆(天地の間に存在する)人以外の形のあるもの、人は「者」、形のないものは「事」
kk_大豆_だいず,大豆,だいず,大:◆形・数・量・力・程度などが比較しようとしているもの以上である、求められる(必要とされる、必要な)形・数・量・力・程度などを超(こ)えている、優(すぐ)れる、長; 豆:◆高坏(たかつき)、食物を盛る蓋(ふた)付き脚(あし)付きの器、同「䇺」 ◆マメ科の穀物の総称、またその実、またその形に似たもの◆中国戦国時代(前5世紀～前22,N2,on,on+on,A3_short_compound(on+on 71%),大:◆形・数・量・力・程度などが比較しようとしているもの以上である、求められる(必要とされる、必要な)形・数・量・力・程度などを超(こ)えている、優(すぐ)れる、長; 豆:◆高坏(たかつき)、食物を盛る蓋(ふた)付き脚(あし)付きの器、同「䇺」 ◆マメ科の穀物の総称、またその実、またその形に似たもの◆中国戦国時代(前5世紀～前22
kk_大雑把_おおざっぱ,大雑把,おおざっぱ,大:◆形・数・量・力・程度などが比較しようとしているもの以上である、求められる(必要とされる、必要な)形・数・量・力・程度などを超(こ)えている、優(すぐ)れる、長; 雑:◆それぞれの性質は保ったままいろいろな物が寄せ集まる、また入り交る、入り交って元の性質が失われるのは「混」◆入り交って纏(まと)まりがないさま、きちんと整ってい; 把:◆手の中に入れてしっかりと握る、周りからしっかりと押さえる、しっかりと握って持つ◆容器や道具の握り持つ部分 ◆たば、わ、束ねたものを数える語、一般には一握り分を,N2,other,mixed+mixed+mixed~,A4_multi_on(on+on+on 65%) | B_verb_rad_手(kun 80%),大:◆形・数・量・力・程度などが比較しようとしているもの以上である、求められる(必要とされる、必要な)形・数・量・力・程度などを超(こ)えている、優(すぐ)れる、長; 雑:◆それぞれの性質は保ったままいろいろな物が寄せ集まる、また入り交る、入り交って元の性質が失われるのは「混」◆入り交って纏(まと)まりがないさま、きちんと整ってい; 把:◆手の中に入れてしっかりと握る、周りからしっかりと押さえる、しっかりと握って持つ◆容器や道具の握り持つ部分 ◆たば、わ、束ねたものを数える語、一般には一握り分を
kk_天皇_てんのう,天皇,てんのう,天:◆軽い陽気が(上に浮き)集まるところ、重い陰気が(下に沈み)集まるところを「地(チ)」、「【說文解字注:土部:地】元气初分輕清陽爲天重濁侌爲地萬物所陳𠛱也…」◆; 皇:◆君主、偉大な王、天下を治める者◆大きい、偉大な、神々(こうごう)しい◆煌々(コウコウ)と光り輝く、輝かしい、明々とした光が四方に広がる、同「煌」◆祖先に対する,N2,other,mixed+mixed~,,天:◆軽い陽気が(上に浮き)集まるところ、重い陰気が(下に沈み)集まるところを「地(チ)」、「【說文解字注:土部:地】元气初分輕清陽爲天重濁侌爲地萬物所陳𠛱也…」◆; 皇:◆君主、偉大な王、天下を治める者◆大きい、偉大な、神々(こうごう)しい◆煌々(コウコウ)と光り輝く、輝かしい、明々とした光が四方に広がる、同「煌」◆祖先に対する
kk_太鼓_たいこ,太鼓,たいこ,太:◆大きい、同「大」◆甚(はなは)だしい、非常に、極めて、あまりにも～過ぎる、同「泰」、「太」は「泰」の略字◆[日]ふと・い、ふと・る、肥えている、ふっくらとして; 鼓:◆円筒形の胴の両側を革などを張って塞(ふさ)いだ打楽器 ◆(鼓などを)打つ、また叩(たた)いて音を出す◆音を出して合図する、また奮(ふる)い立たせる◆つづみ、部,N2,on,on+on,A3_short_compound(on+on 71%),太:◆大きい、同「大」◆甚(はなは)だしい、非常に、極めて、あまりにも～過ぎる、同「泰」、「太」は「泰」の略字◆[日]ふと・い、ふと・る、肥えている、ふっくらとして; 鼓:◆円筒形の胴の両側を革などを張って塞(ふさ)いだ打楽器 ◆(鼓などを)打つ、また叩(たた)いて音を出す◆音を出して合図する、また奮(ふる)い立たせる◆つづみ、部
kk_奇妙_きみょう,奇妙,きみょう,奇:◆普通(平常、一般)とは違うさま、珍しいさま、思い掛けないさま、想像或いは予想できないさま、「奇異(キイ)」◆2で割り切れない数、割り切れるものは「偶」◆「數奇; 妙:◆(人の手によるものとは思われないほど)繊細なさま、精巧なさま、技が巧(たく)みなさま◆繊細で美しいさま◆年若く繊細なさま、年若く美しい人◆人の手によるものとは,N2,on,on+on,A3_short_compound(on+on 71%),奇:◆普通(平常、一般)とは違うさま、珍しいさま、思い掛けないさま、想像或いは予想できないさま、「奇異(キイ)」◆2で割り切れない数、割り切れるものは「偶」◆「數奇; 妙:◆(人の手によるものとは思われないほど)繊細なさま、精巧なさま、技が巧(たく)みなさま◆繊細で美しいさま◆年若く繊細なさま、年若く美しい人◆人の手によるものとは
kk_奇跡_きせき,奇跡,きせき,奇:◆普通(平常、一般)とは違うさま、珍しいさま、思い掛けないさま、想像或いは予想できないさま、「奇異(キイ)」◆2で割り切れない数、割り切れるものは「偶」◆「數奇; 跡:◆歩いた所、歩いた所に残る足の印(しるし)◆物や出来事があった所に残る痕跡、同「迹」「蹟」◆簡「迹」,N2,on,on+on,A3_short_compound(on+on 71%) | B_verb_rad_足(kun 80%),奇:◆普通(平常、一般)とは違うさま、珍しいさま、思い掛けないさま、想像或いは予想できないさま、「奇異(キイ)」◆2で割り切れない数、割り切れるものは「偶」◆「數奇; 跡:◆歩いた所、歩いた所に残る足の印(しるし)◆物や出来事があった所に残る痕跡、同「迹」「蹟」◆簡「迹」
kk_奇跡的_きせきてき,奇跡的,きせきてき,奇:◆普通(平常、一般)とは違うさま、珍しいさま、思い掛けないさま、想像或いは予想できないさま、「奇異(キイ)」◆2で割り切れない数、割り切れるものは「偶」◆「數奇; 跡:◆歩いた所、歩いた所に残る足の印(しるし)◆物や出来事があった所に残る痕跡、同「迹」「蹟」◆簡「迹」; 的:◆弓で矢を射(い)る時の目標とするもの、同「㢩」「墑」◆額(ひたい)の部分だけが白い馬、またその額の白い部分、女性が額に施(ほどこ)す(赤い点状の)装飾◆(弓の,N2,on,on+on+on,A4_multi_on(on+on+on 65%) | B_verb_rad_足(kun 80%),奇:◆普通(平常、一般)とは違うさま、珍しいさま、思い掛けないさま、想像或いは予想できないさま、「奇異(キイ)」◆2で割り切れない数、割り切れるものは「偶」◆「數奇; 跡:◆歩いた所、歩いた所に残る足の印(しるし)◆物や出来事があった所に残る痕跡、同「迹」「蹟」◆簡「迹」; 的:◆弓で矢を射(い)る時の目標とするもの、同「㢩」「墑」◆額(ひたい)の部分だけが白い馬、またその額の白い部分、女性が額に施(ほどこ)す(赤い点状の)装飾◆(弓の
kk_契機_けいき,契機,けいき,契:◆(札に)刀で文字などを刻(きざ)み込む、また彫(ほ)る、同「㓞」「栔」◆固い約束、重要な取り決め、「違(たが)えることがないように刻み込む」の意◆割符(わりふ; 機:◆布を織る装置、「機織(キショク、はたおり)」◆ある仕事をさせる(する)ために人や部品を組み合わせて作り上げた仕組みや仕掛け(組織や装置)◆「機関(キカン)」◇,N2,on,on+on,A3_short_compound(on+on 71%) | B_noun_rad_木(kun 93%),契:◆(札に)刀で文字などを刻(きざ)み込む、また彫(ほ)る、同「㓞」「栔」◆固い約束、重要な取り決め、「違(たが)えることがないように刻み込む」の意◆割符(わりふ; 機:◆布を織る装置、「機織(キショク、はたおり)」◆ある仕事をさせる(する)ために人や部品を組み合わせて作り上げた仕組みや仕掛け(組織や装置)◆「機関(キカン)」◇
kk_奨励_しょうれい,奨励,しょうれい,奨:◆褒(ほ)め励(はげ)まし奮(ふる)い立たせる、励まし促(うなが)す、励まし手助けをする、同「獎」; 励:◆はげ・ます、元気付ける、力付ける、奮(ふる)い立たせる◆仕事などに力を注ぐ,N2,on,on+on,B_verb_rad_力(kun 80%),奨:◆褒(ほ)め励(はげ)まし奮(ふる)い立たせる、励まし促(うなが)す、励まし手助けをする、同「獎」; 励:◆はげ・ます、元気付ける、力付ける、奮(ふる)い立たせる◆仕事などに力を注ぐ
kk_女優_じょゆう,女優,じょゆう,女:◆雌(シ、めす)としての特性を持つ人、男(雄おすとしての特性を持つ人)と対になる性の一方◆娘(むすめ、若い未婚の女性)、既婚は「婦」◆妻(めあ)わせる、嫁(とつ; 優:◆ゆったりとしている、ゆとりがある、穏(おだ)やかな、「強く締め付けられていない(制限・束縛されていない)様子や状態」を指す◆余裕があるさま、豊かなさま◆すぐ・,N2,on,on+on,A3_short_compound(on+on 71%),女:◆雌(シ、めす)としての特性を持つ人、男(雄おすとしての特性を持つ人)と対になる性の一方◆娘(むすめ、若い未婚の女性)、既婚は「婦」◆妻(めあ)わせる、嫁(とつ; 優:◆ゆったりとしている、ゆとりがある、穏(おだ)やかな、「強く締め付けられていない(制限・束縛されていない)様子や状態」を指す◆余裕があるさま、豊かなさま◆すぐ・
kk_女王_じょおう,女王,じょおう,女:◆雌(シ、めす)としての特性を持つ人、男(雄おすとしての特性を持つ人)と対になる性の一方◆娘(むすめ、若い未婚の女性)、既婚は「婦」◆妻(めあ)わせる、嫁(とつ; 王:◆天下を統治する者、またその一族、「三つの横棒はそれぞれ天人地を表しそれらを纏め治める者」の意◆国を治める者、秦代以降は国の統治者を「皇帝」と呼び皇帝によって与,N2,on,on+on,A3_short_compound(on+on 71%),女:◆雌(シ、めす)としての特性を持つ人、男(雄おすとしての特性を持つ人)と対になる性の一方◆娘(むすめ、若い未婚の女性)、既婚は「婦」◆妻(めあ)わせる、嫁(とつ; 王:◆天下を統治する者、またその一族、「三つの横棒はそれぞれ天人地を表しそれらを纏め治める者」の意◆国を治める者、秦代以降は国の統治者を「皇帝」と呼び皇帝によって与
kk_好く_すく,好く,すく,好:◆自分にとって快く受け入れることができること(事・言)やもの(物・者)、その逆が「悪」、「好悪(コウオ)」◆良い、善(よ)い、心地良い、丁度良い、勝手(かって、,N2,kun,kun,IL1_okurigana(kun 96%) | IL2_single_okuri(kun 96%),好:◆自分にとって快く受け入れることができること(事・言)やもの(物・者)、その逆が「悪」、「好悪(コウオ)」◆良い、善(よ)い、心地良い、丁度良い、勝手(かって、
kk_好む_このむ,好む,このむ,好:◆自分にとって快く受け入れることができること(事・言)やもの(物・者)、その逆が「悪」、「好悪(コウオ)」◆良い、善(よ)い、心地良い、丁度良い、勝手(かって、,N2,kun,kun,IL1_okurigana(kun 96%) | IL2_single_okuri(kun 96%),好:◆自分にとって快く受け入れることができること(事・言)やもの(物・者)、その逆が「悪」、「好悪(コウオ)」◆良い、善(よ)い、心地良い、丁度良い、勝手(かって、
kk_好奇心_こうきしん,好奇心,こうきしん,好:◆自分にとって快く受け入れることができること(事・言)やもの(物・者)、その逆が「悪」、「好悪(コウオ)」◆良い、善(よ)い、心地良い、丁度良い、勝手(かって、; 奇:◆普通(平常、一般)とは違うさま、珍しいさま、思い掛けないさま、想像或いは予想できないさま、「奇異(キイ)」◆2で割り切れない数、割り切れるものは「偶」◆「數奇; 心:◆血液を循環させる働きをする臓器で五臓(心シン・肝カン・脾ヒ・肺ハイ・腎ジン)の一つ ◆ものの真(ま)ん中、真ん中(中心)にあるもの、ものの重要な部分、ものの本,N2,on,on+on+on,A4_multi_on(on+on+on 65%),好:◆自分にとって快く受け入れることができること(事・言)やもの(物・者)、その逆が「悪」、「好悪(コウオ)」◆良い、善(よ)い、心地良い、丁度良い、勝手(かって、; 奇:◆普通(平常、一般)とは違うさま、珍しいさま、思い掛けないさま、想像或いは予想できないさま、「奇異(キイ)」◆2で割り切れない数、割り切れるものは「偶」◆「數奇; 心:◆血液を循環させる働きをする臓器で五臓(心シン・肝カン・脾ヒ・肺ハイ・腎ジン)の一つ ◆ものの真(ま)ん中、真ん中(中心)にあるもの、ものの重要な部分、ものの本
kk_好意_こうい,好意,こうい,好:◆自分にとって快く受け入れることができること(事・言)やもの(物・者)、その逆が「悪」、「好悪(コウオ)」◆良い、善(よ)い、心地良い、丁度良い、勝手(かって、; 意:◆心の中にあって外(言葉や態度・行動など)には出さない思いや考え、心の動きや働き、気持ち◆物事の内にあって表には現れ出ないもの、内に込められているもの,N2,on,on+on,A3_short_compound(on+on 71%),好:◆自分にとって快く受け入れることができること(事・言)やもの(物・者)、その逆が「悪」、「好悪(コウオ)」◆良い、善(よ)い、心地良い、丁度良い、勝手(かって、; 意:◆心の中にあって外(言葉や態度・行動など)には出さない思いや考え、心の動きや働き、気持ち◆物事の内にあって表には現れ出ないもの、内に込められているもの
kk_好況_こうきょう,好況,こうきょう,好:◆自分にとって快く受け入れることができること(事・言)やもの(物・者)、その逆が「悪」、「好悪(コウオ)」◆良い、善(よ)い、心地良い、丁度良い、勝手(かって、; 況:◆様子、有様(ありさま)、状態◆他と比べる、他の例を引く、譬(たと)える、「【前漢書:卷十六:高惠高后文功臣表】…以往況今甚可悲傷(師古曰況譬也)…」◆いわ・ん,N2,on,on+on,,好:◆自分にとって快く受け入れることができること(事・言)やもの(物・者)、その逆が「悪」、「好悪(コウオ)」◆良い、善(よ)い、心地良い、丁度良い、勝手(かって、; 況:◆様子、有様(ありさま)、状態◆他と比べる、他の例を引く、譬(たと)える、「【前漢書:卷十六:高惠高后文功臣表】…以往況今甚可悲傷(師古曰況譬也)…」◆いわ・ん
kk_好物_こうぶつ,好物,こうぶつ,好:◆自分にとって快く受け入れることができること(事・言)やもの(物・者)、その逆が「悪」、「好悪(コウオ)」◆良い、善(よ)い、心地良い、丁度良い、勝手(かって、; 物:◆(天地の間に存在する)人以外の形のあるもの、人は「者」、形のないものは「事」,N2,on,on+on,B_noun_rad_牛(kun 93%),好:◆自分にとって快く受け入れることができること(事・言)やもの(物・者)、その逆が「悪」、「好悪(コウオ)」◆良い、善(よ)い、心地良い、丁度良い、勝手(かって、; 物:◆(天地の間に存在する)人以外の形のあるもの、人は「者」、形のないものは「事」
kk_好調_こうちょう,好調,こうちょう,好:◆自分にとって快く受け入れることができること(事・言)やもの(物・者)、その逆が「悪」、「好悪(コウオ)」◆良い、善(よ)い、心地良い、丁度良い、勝手(かって、; 調:◆整える、釣り合いを取る、バランスbalanceを取る、不均衡・不公平などでない状態にする、不快感・違和感などを感じない状態に整える、「調和(チョウワ)」◆音律,N2,on,on+on,B_verb_rad_言(kun 80%),好:◆自分にとって快く受け入れることができること(事・言)やもの(物・者)、その逆が「悪」、「好悪(コウオ)」◆良い、善(よ)い、心地良い、丁度良い、勝手(かって、; 調:◆整える、釣り合いを取る、バランスbalanceを取る、不均衡・不公平などでない状態にする、不快感・違和感などを感じない状態に整える、「調和(チョウワ)」◆音律
kk_如何にか_どうにか,如何にか,どうにか,如:◆ごと・く、～のよう、～と程度や様子が同じよう、～と同じと言ってよい◆し・く、及ぶ、至る、届く、「同様、同程度」の意; 何:◆(問うときに)なに?◆(物事について)なに、なんの、どういう、どのような◆(人について)だれ◆(幾つかの選択肢について)どれ、いずれ◆(場所について)どこ、い,N2,other,mixed+mixed~,IL1_okurigana(kun 96%) | A1_compound_oku(kun 90%) | A1_on_kun_mix(on+kun 65%),如:◆ごと・く、～のよう、～と程度や様子が同じよう、～と同じと言ってよい◆し・く、及ぶ、至る、届く、「同様、同程度」の意; 何:◆(問うときに)なに?◆(物事について)なに、なんの、どういう、どのような◆(人について)だれ◆(幾つかの選択肢について)どれ、いずれ◆(場所について)どこ、い
kk_如何にも_どうにも,如何にも,どうにも,如:◆ごと・く、～のよう、～と程度や様子が同じよう、～と同じと言ってよい◆し・く、及ぶ、至る、届く、「同様、同程度」の意; 何:◆(問うときに)なに?◆(物事について)なに、なんの、どういう、どのような◆(人について)だれ◆(幾つかの選択肢について)どれ、いずれ◆(場所について)どこ、い,N2,other,mixed+mixed~,IL1_okurigana(kun 96%) | A1_compound_oku(kun 90%) | A1_on_kun_mix(on+kun 65%),如:◆ごと・く、～のよう、～と程度や様子が同じよう、～と同じと言ってよい◆し・く、及ぶ、至る、届く、「同様、同程度」の意; 何:◆(問うときに)なに?◆(物事について)なに、なんの、どういう、どのような◆(人について)だれ◆(幾つかの選択肢について)どれ、いずれ◆(場所について)どこ、い
kk_妄りに/濫りに_みだりに,妄りに/濫りに,みだりに,妄:◆馬鹿げた、いい加減な、根拠のない、非現実的な◆みだ・り、みだ・りに、やたらに、手当たり次第に、考えもなしに; 濫:◆水が一面に満ちて溢(あふ)れる、水が(堰や堤を越えて)外に溢(あふ)れ出る、同「灠」◆度を越えて、無闇(むやみ)に、勝手気ままな、「堰や堤のような限度や限界を,N2,kun,kun+kun~,IL1_okurigana(kun 96%) | A1_compound_oku(kun 90%) | A1_on_kun_mix(on+kun 65%),妄:◆馬鹿げた、いい加減な、根拠のない、非現実的な◆みだ・り、みだ・りに、やたらに、手当たり次第に、考えもなしに; 濫:◆水が一面に満ちて溢(あふ)れる、水が(堰や堤を越えて)外に溢(あふ)れ出る、同「灠」◆度を越えて、無闇(むやみ)に、勝手気ままな、「堰や堤のような限度や限界を
kk_妙_みょう,妙,みょう,妙:◆(人の手によるものとは思われないほど)繊細なさま、精巧なさま、技が巧(たく)みなさま◆繊細で美しいさま◆年若く繊細なさま、年若く美しい人◆人の手によるものとは,N2,on,on,IL2_single_default(kun 84%),妙:◆(人の手によるものとは思われないほど)繊細なさま、精巧なさま、技が巧(たく)みなさま◆繊細で美しいさま◆年若く繊細なさま、年若く美しい人◆人の手によるものとは
kk_妥当_だとう,妥当,だとう,妥:◆座りがよい、落ち着く、安定している、同「綏」「𢼻」; 当:◆正面からぶつかる、正面から向き合う、相対する、同「噹」◆適合する、相応しい◆受け持つ、引き受ける◆そうするべき、そうあるべき◆この(this)、今、此処(ここ,N2,on,on+on,A3_short_compound(on+on 71%),妥:◆座りがよい、落ち着く、安定している、同「綏」「𢼻」; 当:◆正面からぶつかる、正面から向き合う、相対する、同「噹」◆適合する、相応しい◆受け持つ、引き受ける◆そうするべき、そうあるべき◆この(this)、今、此処(ここ
kk_妨げる_さまたげる,妨げる,さまたげる,妨:◆行(ゆ)く手を阻(はば)む、遮(さえぎ)る◆差し支(つ)える、支障や問題になるものがある、「不妨(フホウ、差し支えない、～しても問題ない)」,N2,kun,kun,IL1_okurigana(kun 96%) | IL2_single_okuri(kun 96%),妨:◆行(ゆ)く手を阻(はば)む、遮(さえぎ)る◆差し支(つ)える、支障や問題になるものがある、「不妨(フホウ、差し支えない、～しても問題ない)」
kk_委員_いいん,委員,いいん,委:◆まか・せる、人に任(まか)せる、任せて成すがままにさせる◆ゆだ・ねる、他に任せたままにする、他に任せて自らは何もしない◆曲がる、曲がったまま、きちんとしていな; 員:◆限られた範囲(場所・空間など)に入っている(含まれる)人、集団に属している人、またその人数◆限られた範囲(特に国土・領土などの境界線)の大きさ、また広さ◆円(,N2,on,on+on,A3_short_compound(on+on 71%),委:◆まか・せる、人に任(まか)せる、任せて成すがままにさせる◆ゆだ・ねる、他に任せたままにする、他に任せて自らは何もしない◆曲がる、曲がったまま、きちんとしていな; 員:◆限られた範囲(場所・空間など)に入っている(含まれる)人、集団に属している人、またその人数◆限られた範囲(特に国土・領土などの境界線)の大きさ、また広さ◆円(
kk_威張る_いばる,威張る,いばる,威:◆(無言のうちに)人を圧(おさ)え畏(おそ)れさせるような強い力(圧力、気力、能力、権力など)、またその力で人を畏れ従わせる、「威力(イリョク、人を畏れ従わせる; 張:◆弓や弦楽器の弦(ゲン、つる)を弛(たる)まないように掛ける、二点間に糸や網などを渡す◆弛(ゆる)みがないようにぴんと伸ばす、皺(しわ)にならないようにぴんと延,N2,other,mixed+mixed~,IL1_okurigana(kun 96%) | A1_compound_oku(kun 90%) | A1_on_kun_mix(on+kun 65%),威:◆(無言のうちに)人を圧(おさ)え畏(おそ)れさせるような強い力(圧力、気力、能力、権力など)、またその力で人を畏れ従わせる、「威力(イリョク、人を畏れ従わせる; 張:◆弓や弦楽器の弦(ゲン、つる)を弛(たる)まないように掛ける、二点間に糸や網などを渡す◆弛(ゆる)みがないようにぴんと伸ばす、皺(しわ)にならないようにぴんと延
kk_娯楽_ごらく,娯楽,ごらく,娯:◆(趣味・嗜好などを)楽しむ、楽しみ; 楽:◆音を奏(かな)でる、「音楽(オンガク)」◆調和が取れて心地よい、心や体を煩(わずら)わせるものが何もなく安らかで快い、悦(よろこ)ばしい,N2,on,on+on,A3_short_compound(on+on 71%) | B_noun_rad_木(kun 93%),娯:◆(趣味・嗜好などを)楽しむ、楽しみ; 楽:◆音を奏(かな)でる、「音楽(オンガク)」◆調和が取れて心地よい、心や体を煩(わずら)わせるものが何もなく安らかで快い、悦(よろこ)ばしい
kk_婚約_こんやく,婚約,こんやく,婚:◆娶る(めとる、他家の女性を妻として迎える)、嫁ぐ(とつぐ、他家の男性のところに妻として入る)、夫婦になる、同「昏」、「女昏」は黄昏(たそがれ)時に嫁を迎えて婚; 約:◆束ねる、纏(まと)めて束ねる、小さく纏める、同「𠣩」◆結ぶ、結び目、「約定(ヤクジョウ、互いに取り決め結び合うこと)」◆「約束(ヤクソク)」◇しっかりと縛(し,N2,on,on+on,,婚:◆娶る(めとる、他家の女性を妻として迎える)、嫁ぐ(とつぐ、他家の男性のところに妻として入る)、夫婦になる、同「昏」、「女昏」は黄昏(たそがれ)時に嫁を迎えて婚; 約:◆束ねる、纏(まと)めて束ねる、小さく纏める、同「𠣩」◆結ぶ、結び目、「約定(ヤクジョウ、互いに取り決め結び合うこと)」◆「約束(ヤクソク)」◇しっかりと縛(し
kk_嫌う_きらう,嫌う,きらう,嫌:◆好きでない、どこか意に沿わないところがある、同「慊」、「嫌悪(ケンオ)」◆何となく避けた方が良いような気がする、憚(はばか)る◆何かしら心に引っ掛る(ひっかか,N2,kun,kun,IL1_okurigana(kun 96%) | IL2_single_okuri(kun 96%),嫌:◆好きでない、どこか意に沿わないところがある、同「慊」、「嫌悪(ケンオ)」◆何となく避けた方が良いような気がする、憚(はばか)る◆何かしら心に引っ掛る(ひっかか
kk_嫌というほど_いやというほど,嫌というほど,いやというほど,嫌:◆好きでない、どこか意に沿わないところがある、同「慊」、「嫌悪(ケンオ)」◆何となく避けた方が良いような気がする、憚(はばか)る◆何かしら心に引っ掛る(ひっかか,N2,kun,kun,IL1_okurigana(kun 96%) | IL2_single_okuri(kun 96%),嫌:◆好きでない、どこか意に沿わないところがある、同「慊」、「嫌悪(ケンオ)」◆何となく避けた方が良いような気がする、憚(はばか)る◆何かしら心に引っ掛る(ひっかか
kk_子孫_しそん,子孫,しそん,子:◆母親から産まれるもの、古くは男女を問わず「子」といったが、現代中国では男の子(息子)を指す◆新しく産まれる(生まれる)ものの元となるもの、植物の種や実、動物の; 孫:◆子の子、「【釋名:釋親屬】子…孫…曾孫…玄孫…來孫…昆孫…仍孫…雲孫[†子の子を「孫」、孫の子を「曾孫」、以下同†]」◆同じ血筋の子よりも後代の者(孫・曾孫・,N2,on,on+on,A3_short_compound(on+on 71%),子:◆母親から産まれるもの、古くは男女を問わず「子」といったが、現代中国では男の子(息子)を指す◆新しく産まれる(生まれる)ものの元となるもの、植物の種や実、動物の; 孫:◆子の子、「【釋名:釋親屬】子…孫…曾孫…玄孫…來孫…昆孫…仍孫…雲孫[†子の子を「孫」、孫の子を「曾孫」、以下同†]」◆同じ血筋の子よりも後代の者(孫・曾孫・
kk_学会_がっかい,学会,がっかい,学:◆(教えを受けながら、見て倣いながら)知識や技術などを身に付ける、習得する、またその内容、知識や技術などを授(さず)けることを「教」◆教えを受け知識や技術などを; 会:◆人が集まる、同じ時間や場所に(同じ目的で)集まる、「会合(カイゴウ)」◆多くの人が(出向いて)集まる、また集まったところ、「集会(シュウカイ)」「都会(トカイ,N2,other,mixed+mixed~,,学:◆(教えを受けながら、見て倣いながら)知識や技術などを身に付ける、習得する、またその内容、知識や技術などを授(さず)けることを「教」◆教えを受け知識や技術などを; 会:◆人が集まる、同じ時間や場所に(同じ目的で)集まる、「会合(カイゴウ)」◆多くの人が(出向いて)集まる、また集まったところ、「集会(シュウカイ)」「都会(トカイ
kk_学業_がくぎょう,学業,がくぎょう,学:◆(教えを受けながら、見て倣いながら)知識や技術などを身に付ける、習得する、またその内容、知識や技術などを授(さず)けることを「教」◆教えを受け知識や技術などを; 業:◆鍾(ショウ)や磬(ケイ)などの打楽器を吊るすための横木(筍)の上の横板、吊るした楽器の位置が演奏中にずれないように凹みや突起がついていたという、「业」はそれを,N2,on,on+on,B_noun_rad_木(kun 93%),学:◆(教えを受けながら、見て倣いながら)知識や技術などを身に付ける、習得する、またその内容、知識や技術などを授(さず)けることを「教」◆教えを受け知識や技術などを; 業:◆鍾(ショウ)や磬(ケイ)などの打楽器を吊るすための横木(筍)の上の横板、吊るした楽器の位置が演奏中にずれないように凹みや突起がついていたという、「业」はそれを
kk_学術_がくじゅつ,学術,がくじゅつ,学:◆(教えを受けながら、見て倣いながら)知識や技術などを身に付ける、習得する、またその内容、知識や技術などを授(さず)けることを「教」◆教えを受け知識や技術などを; 術:◆市中を通る道、行き方◆やり方、方法・方策や手段、それを使いこなす能力◆取るべき道、従うべき決まり◆述べる、考えや思いを書き表す、或いは言い表す、同「述」,N2,on,on+on,,学:◆(教えを受けながら、見て倣いながら)知識や技術などを身に付ける、習得する、またその内容、知識や技術などを授(さず)けることを「教」◆教えを受け知識や技術などを; 術:◆市中を通る道、行き方◆やり方、方法・方策や手段、それを使いこなす能力◆取るべき道、従うべき決まり◆述べる、考えや思いを書き表す、或いは言い表す、同「述」
kk_学説_がくせつ,学説,がくせつ,学:◆(教えを受けながら、見て倣いながら)知識や技術などを身に付ける、習得する、またその内容、知識や技術などを授(さず)けることを「教」◆教えを受け知識や技術などを; 説:◆解き明かす、解釈する、またそれを言葉にしたもの◆あることに対する意見◆意味することが分かるように順序立てて話す,N2,on,on+on,B_verb_rad_言(kun 80%),学:◆(教えを受けながら、見て倣いながら)知識や技術などを身に付ける、習得する、またその内容、知識や技術などを授(さず)けることを「教」◆教えを受け知識や技術などを; 説:◆解き明かす、解釈する、またそれを言葉にしたもの◆あることに対する意見◆意味することが分かるように順序立てて話す
kk_安らか_やすらか,安らか,やすらか,安:◆心を乱すものも体を縛るものもなく穏(おだ)やかなさま、気に掛かるようなことがなくゆったりとしたさま◆揺(ゆ)らぎや乱れがないさま、落ち着くさま◆いずく・んぞ、,N2,kun,kun,IL1_okurigana(kun 96%) | IL2_single_okuri(kun 96%) | B_noun_rad_宀(kun 93%),安:◆心を乱すものも体を縛るものもなく穏(おだ)やかなさま、気に掛かるようなことがなくゆったりとしたさま◆揺(ゆ)らぎや乱れがないさま、落ち着くさま◆いずく・んぞ、
kk_安易_あんい,安易,あんい,安:◆心を乱すものも体を縛るものもなく穏(おだ)やかなさま、気に掛かるようなことがなくゆったりとしたさま◆揺(ゆ)らぎや乱れがないさま、落ち着くさま◆いずく・んぞ、; 易:◆換(か)える、替(か)える、代(か)える、交換する◆占いの書、また占いの法、「爻(コウ)」と呼ばれる「陽と「陰」の並びを換えながら組み合わせた「八卦」「六十四,N2,on,on+on,A3_short_compound(on+on 71%) | B_noun_rad_宀(kun 93%),安:◆心を乱すものも体を縛るものもなく穏(おだ)やかなさま、気に掛かるようなことがなくゆったりとしたさま◆揺(ゆ)らぎや乱れがないさま、落ち着くさま◆いずく・んぞ、; 易:◆換(か)える、替(か)える、代(か)える、交換する◆占いの書、また占いの法、「爻(コウ)」と呼ばれる「陽と「陰」の並びを換えながら組み合わせた「八卦」「六十四
kk_安～_やす～,安～,やす～,安:◆心を乱すものも体を縛るものもなく穏(おだ)やかなさま、気に掛かるようなことがなくゆったりとしたさま◆揺(ゆ)らぎや乱れがないさま、落ち着くさま◆いずく・んぞ、,N2,kun,kun,IL2_single_default(kun 84%) | B_noun_rad_宀(kun 93%),安:◆心を乱すものも体を縛るものもなく穏(おだ)やかなさま、気に掛かるようなことがなくゆったりとしたさま◆揺(ゆ)らぎや乱れがないさま、落ち着くさま◆いずく・んぞ、
kk_宗教_しゅうきょう,宗教,しゅうきょう,宗:◆祖先を祭(まつ)るところ、「宗廟(ソウビョウ、祖先を祭る建物)」◆始祖の姓を名乗る一族、「宗族(ソウゾク)」、中でも「宗廟」を管理し祭祀(サイシ)を執(と)り; 教:◆自分の持つ知識・技術などをそれを持たない他の人に授(さず)ける、また見習わせる、またその内容、教えを受け見て倣い習得することを「学」◆神仏の説く道、道を示し導,N2,on,on+on,B_noun_rad_宀(kun 93%),宗:◆祖先を祭(まつ)るところ、「宗廟(ソウビョウ、祖先を祭る建物)」◆始祖の姓を名乗る一族、「宗族(ソウゾク)」、中でも「宗廟」を管理し祭祀(サイシ)を執(と)り; 教:◆自分の持つ知識・技術などをそれを持たない他の人に授(さず)ける、また見習わせる、またその内容、教えを受け見て倣い習得することを「学」◆神仏の説く道、道を示し導
kk_官庁_かんちょう,官庁,かんちょう,官:◆つかさ、役人、役所、またその役目や役職◆政府、朝廷、国家◆役人になる、公(おおやけ、政府、朝廷、国家)の職に就(つ)く◆生物体の独立した機能を持つ(耳・目・口; 庁:◆石碑などに用いる平板な石材、「𥑈」の簡略字◆役所、「庁」は「廳」の俗字、ただ現在では、ほぼ「役所」の意味でのみ用いられる、「廳」参照,N2,on,on+on,B_noun_rad_宀(kun 93%) | B_noun_rad_广(kun 93%),官:◆つかさ、役人、役所、またその役目や役職◆政府、朝廷、国家◆役人になる、公(おおやけ、政府、朝廷、国家)の職に就(つ)く◆生物体の独立した機能を持つ(耳・目・口; 庁:◆石碑などに用いる平板な石材、「𥑈」の簡略字◆役所、「庁」は「廳」の俗字、ただ現在では、ほぼ「役所」の意味でのみ用いられる、「廳」参照
kk_定休日_ていきゅうび,定休日,ていきゅうび,定:◆さだ・まる、動きや乱れが鎮(しず)まって変化・変動しない状態になる、平静になる、落ち着く、「鎮定(チンテイ)」◆さだ・める、動いたり揺らいだりしない状態にする; 休:◆連続した動きや働きの途中で一旦その動きや働きを止(や)める、再開するために息を整えたり力を蓄(たくわ)えることをいう◆止める、止む、終わる、「【歸去來辭】羨萬; 日:◆太陽◆太陽が出ている間、昼間、夜明けから日没まで◆一昼夜、朝から次の朝まで、またその繰り返し、またその繰り返しを数える語◆候(コウ)、時節、頃(ケイ、ころ)◆,N2,other,mixed+mixed+mixed~,A4_multi_on(on+on+on 65%) | B_noun_rad_宀(kun 93%),定:◆さだ・まる、動きや乱れが鎮(しず)まって変化・変動しない状態になる、平静になる、落ち着く、「鎮定(チンテイ)」◆さだ・める、動いたり揺らいだりしない状態にする; 休:◆連続した動きや働きの途中で一旦その動きや働きを止(や)める、再開するために息を整えたり力を蓄(たくわ)えることをいう◆止める、止む、終わる、「【歸去來辭】羨萬; 日:◆太陽◆太陽が出ている間、昼間、夜明けから日没まで◆一昼夜、朝から次の朝まで、またその繰り返し、またその繰り返しを数える語◆候(コウ)、時節、頃(ケイ、ころ)◆
kk_定期_ていき,定期,ていき,定:◆さだ・まる、動きや乱れが鎮(しず)まって変化・変動しない状態になる、平静になる、落ち着く、「鎮定(チンテイ)」◆さだ・める、動いたり揺らいだりしない状態にする; 期:◆予定されている(約束されている)時(とき、時期、時間)、「時期(ジキ)」「期間(キカン、二つの時の間、始めの時から終わりの時までの間)」◆決められた時(時期、,N2,on,on+on,A3_short_compound(on+on 71%) | B_noun_rad_宀(kun 93%),定:◆さだ・まる、動きや乱れが鎮(しず)まって変化・変動しない状態になる、平静になる、落ち着く、「鎮定(チンテイ)」◆さだ・める、動いたり揺らいだりしない状態にする; 期:◆予定されている(約束されている)時(とき、時期、時間)、「時期(ジキ)」「期間(キカン、二つの時の間、始めの時から終わりの時までの間)」◆決められた時(時期、
kk_定規_じょうぎ,定規,じょうぎ,定:◆さだ・まる、動きや乱れが鎮(しず)まって変化・変動しない状態になる、平静になる、落ち着く、「鎮定(チンテイ)」◆さだ・める、動いたり揺らいだりしない状態にする; 規:◆ぶんまわし(規)、コンパスcompass、正しく円を描く道具、直線や角度を描く道具は「矩」◆基準・標準となるもの、基準・標準とすべき決まりごと◆基準・標準とな,N2,other,mixed+mixed~,A3_short_compound(on+on 71%) | B_noun_rad_宀(kun 93%),定:◆さだ・まる、動きや乱れが鎮(しず)まって変化・変動しない状態になる、平静になる、落ち着く、「鎮定(チンテイ)」◆さだ・める、動いたり揺らいだりしない状態にする; 規:◆ぶんまわし(規)、コンパスcompass、正しく円を描く道具、直線や角度を描く道具は「矩」◆基準・標準となるもの、基準・標準とすべき決まりごと◆基準・標準とな
kk_宝石_ほうせき,宝石,ほうせき,宝:◆大切にしまっておくもの、珍しく貴重なもの、高価なもの、「宝石」「宝物」「財宝」「家宝」◆秘蔵する、大切にする、珍重する◆玉(ギョク、大変美しい石)製の品物、玉; 石:◆地殻を構成する鉱物で硬(かた)く塊(かたまり)状をしたもの、堅く塊状をしたもの、多く岩(いわ、山のように大きな石)よりも小さく、砂(すな、小さな粒状の石)より,N2,on,on+on,B_noun_rad_宀(kun 93%),宝:◆大切にしまっておくもの、珍しく貴重なもの、高価なもの、「宝石」「宝物」「財宝」「家宝」◆秘蔵する、大切にする、珍重する◆玉(ギョク、大変美しい石)製の品物、玉; 石:◆地殻を構成する鉱物で硬(かた)く塊(かたまり)状をしたもの、堅く塊状をしたもの、多く岩(いわ、山のように大きな石)よりも小さく、砂(すな、小さな粒状の石)より
kk_実例_じつれい,実例,じつれい,実:◆蓄(たくわ)えが家に満ちているさま◆隙間なく詰まって虚(うつ)ろなところがないさま◆ぎっしりと詰まった中身、草木などの稔(みの)って中がぎっしりと詰まったもの; 例:◆たと・える、たと・えば、同じ種類・性質のものを列挙(レッキョ)する◆(同様のものを並べて)比べる、「比例(ヒレイ)」◆ためし、以前から行われていること、以前と,N2,on,on+on,B_noun_rad_宀(kun 93%),実:◆蓄(たくわ)えが家に満ちているさま◆隙間なく詰まって虚(うつ)ろなところがないさま◆ぎっしりと詰まった中身、草木などの稔(みの)って中がぎっしりと詰まったもの; 例:◆たと・える、たと・えば、同じ種類・性質のものを列挙(レッキョ)する◆(同様のものを並べて)比べる、「比例(ヒレイ)」◆ためし、以前から行われていること、以前と
kk_実態_じったい,実態,じったい,実:◆蓄(たくわ)えが家に満ちているさま◆隙間なく詰まって虚(うつ)ろなところがないさま◆ぎっしりと詰まった中身、草木などの稔(みの)って中がぎっしりと詰まったもの; 態:◆心中の思いや考えなどが表に(体の動きになって)現れ出る、またその様子、「態度(タイド)」、「【說文解字注:心部:態】意態也(…意態者有是意因有是狀故曰意態…),N2,on,on+on,B_noun_rad_宀(kun 93%),実:◆蓄(たくわ)えが家に満ちているさま◆隙間なく詰まって虚(うつ)ろなところがないさま◆ぎっしりと詰まった中身、草木などの稔(みの)って中がぎっしりと詰まったもの; 態:◆心中の思いや考えなどが表に(体の動きになって)現れ出る、またその様子、「態度(タイド)」、「【說文解字注:心部:態】意態也(…意態者有是意因有是狀故曰意態…)
kk_実施_じっし,実施,じっし,実:◆蓄(たくわ)えが家に満ちているさま◆隙間なく詰まって虚(うつ)ろなところがないさま◆ぎっしりと詰まった中身、草木などの稔(みの)って中がぎっしりと詰まったもの; 施:◆広げる、平らに広げる、同「𢻫」◆広く行き渡る、また行き渡らせる、広める◆広く恩恵を行き渡らせる、恵む、与える◆旗が広がり翻(ひるがえ)る◆「施行(シコウ)」、,N2,on,on+on,A3_short_compound(on+on 71%) | B_noun_rad_宀(kun 93%),実:◆蓄(たくわ)えが家に満ちているさま◆隙間なく詰まって虚(うつ)ろなところがないさま◆ぎっしりと詰まった中身、草木などの稔(みの)って中がぎっしりと詰まったもの; 施:◆広げる、平らに広げる、同「𢻫」◆広く行き渡る、また行き渡らせる、広める◆広く恩恵を行き渡らせる、恵む、与える◆旗が広がり翻(ひるがえ)る◆「施行(シコウ)」、
kk_実物_じつぶつ,実物,じつぶつ,実:◆蓄(たくわ)えが家に満ちているさま◆隙間なく詰まって虚(うつ)ろなところがないさま◆ぎっしりと詰まった中身、草木などの稔(みの)って中がぎっしりと詰まったもの; 物:◆(天地の間に存在する)人以外の形のあるもの、人は「者」、形のないものは「事」,N2,on,on+on,B_noun_rad_宀(kun 93%) | B_noun_rad_牛(kun 93%),実:◆蓄(たくわ)えが家に満ちているさま◆隙間なく詰まって虚(うつ)ろなところがないさま◆ぎっしりと詰まった中身、草木などの稔(みの)って中がぎっしりと詰まったもの; 物:◆(天地の間に存在する)人以外の形のあるもの、人は「者」、形のないものは「事」
kk_実践_じっせん,実践,じっせん,実:◆蓄(たくわ)えが家に満ちているさま◆隙間なく詰まって虚(うつ)ろなところがないさま◆ぎっしりと詰まった中身、草木などの稔(みの)って中がぎっしりと詰まったもの; 践:◆踏む、足を地に着ける、足で押える、同「踏」◆(道を、前人が通った後を)踏んで行く、同「履」「㣤」「𧗸」◆決めた通りに(言った通りに)行う、履行(リコウ)する,N2,on,on+on,B_noun_rad_宀(kun 93%) | B_verb_rad_足(kun 80%),実:◆蓄(たくわ)えが家に満ちているさま◆隙間なく詰まって虚(うつ)ろなところがないさま◆ぎっしりと詰まった中身、草木などの稔(みの)って中がぎっしりと詰まったもの; 践:◆踏む、足を地に着ける、足で押える、同「踏」◆(道を、前人が通った後を)踏んで行く、同「履」「㣤」「𧗸」◆決めた通りに(言った通りに)行う、履行(リコウ)する
kk_実践的_じっせんてき,実践的,じっせんてき,実:◆蓄(たくわ)えが家に満ちているさま◆隙間なく詰まって虚(うつ)ろなところがないさま◆ぎっしりと詰まった中身、草木などの稔(みの)って中がぎっしりと詰まったもの; 践:◆踏む、足を地に着ける、足で押える、同「踏」◆(道を、前人が通った後を)踏んで行く、同「履」「㣤」「𧗸」◆決めた通りに(言った通りに)行う、履行(リコウ)する; 的:◆弓で矢を射(い)る時の目標とするもの、同「㢩」「墑」◆額(ひたい)の部分だけが白い馬、またその額の白い部分、女性が額に施(ほどこ)す(赤い点状の)装飾◆(弓の,N2,on,on+on+on,A4_multi_on(on+on+on 65%) | B_noun_rad_宀(kun 93%) | B_verb_rad_足(kun 80%),実:◆蓄(たくわ)えが家に満ちているさま◆隙間なく詰まって虚(うつ)ろなところがないさま◆ぎっしりと詰まった中身、草木などの稔(みの)って中がぎっしりと詰まったもの; 践:◆踏む、足を地に着ける、足で押える、同「踏」◆(道を、前人が通った後を)踏んで行く、同「履」「㣤」「𧗸」◆決めた通りに(言った通りに)行う、履行(リコウ)する; 的:◆弓で矢を射(い)る時の目標とするもの、同「㢩」「墑」◆額(ひたい)の部分だけが白い馬、またその額の白い部分、女性が額に施(ほどこ)す(赤い点状の)装飾◆(弓の
kk_客席_きゃくせき,客席,きゃくせき,客:◆他からやって来て他人の家・宿舎・旅館・店などに立ち寄る人、また身を寄せる人、主(あるじ)が自らの家などに受け入れた人、招いた人かどうかは問わない◆退く、過ぎ去; 席:◆むしろ、竹や藁(わら、乾燥させた草の茎)を並べ紐(ひも)で編んだ敷物、人が座ったり横になったりするところに敷くもの、同「蓆」◆座るところ、居並ぶ時の座る位置◆,N2,on,on+on,B_noun_rad_宀(kun 93%) | B_noun_rad_巾(kun 93%),客:◆他からやって来て他人の家・宿舎・旅館・店などに立ち寄る人、また身を寄せる人、主(あるじ)が自らの家などに受け入れた人、招いた人かどうかは問わない◆退く、過ぎ去; 席:◆むしろ、竹や藁(わら、乾燥させた草の茎)を並べ紐(ひも)で編んだ敷物、人が座ったり横になったりするところに敷くもの、同「蓆」◆座るところ、居並ぶ時の座る位置◆
kk_客観_きゃっかん,客観,きゃっかん,客:◆他からやって来て他人の家・宿舎・旅館・店などに立ち寄る人、また身を寄せる人、主(あるじ)が自らの家などに受け入れた人、招いた人かどうかは問わない◆退く、過ぎ去; 観:◆隅々までしっかりと見る、余すところなく見尽くす、「觀察(カンサツ、細部まで詳しく見て調べる)」、「【說文解字注:見部:觀】諦視也(宷諦之視也穀梁傳曰常事曰視非,N2,on,on+mixed~,B_noun_rad_宀(kun 93%),客:◆他からやって来て他人の家・宿舎・旅館・店などに立ち寄る人、また身を寄せる人、主(あるじ)が自らの家などに受け入れた人、招いた人かどうかは問わない◆退く、過ぎ去; 観:◆隅々までしっかりと見る、余すところなく見尽くす、「觀察(カンサツ、細部まで詳しく見て調べる)」、「【說文解字注:見部:觀】諦視也(宷諦之視也穀梁傳曰常事曰視非
kk_客観的_きゃっかんてき,客観的,きゃっかんてき,客:◆他からやって来て他人の家・宿舎・旅館・店などに立ち寄る人、また身を寄せる人、主(あるじ)が自らの家などに受け入れた人、招いた人かどうかは問わない◆退く、過ぎ去; 観:◆隅々までしっかりと見る、余すところなく見尽くす、「觀察(カンサツ、細部まで詳しく見て調べる)」、「【說文解字注:見部:觀】諦視也(宷諦之視也穀梁傳曰常事曰視非; 的:◆弓で矢を射(い)る時の目標とするもの、同「㢩」「墑」◆額(ひたい)の部分だけが白い馬、またその額の白い部分、女性が額に施(ほどこ)す(赤い点状の)装飾◆(弓の,N2,on,on+mixed+mixed~,A4_multi_on(on+on+on 65%) | B_noun_rad_宀(kun 93%),客:◆他からやって来て他人の家・宿舎・旅館・店などに立ち寄る人、また身を寄せる人、主(あるじ)が自らの家などに受け入れた人、招いた人かどうかは問わない◆退く、過ぎ去; 観:◆隅々までしっかりと見る、余すところなく見尽くす、「觀察(カンサツ、細部まで詳しく見て調べる)」、「【說文解字注:見部:觀】諦視也(宷諦之視也穀梁傳曰常事曰視非; 的:◆弓で矢を射(い)る時の目標とするもの、同「㢩」「墑」◆額(ひたい)の部分だけが白い馬、またその額の白い部分、女性が額に施(ほどこ)す(赤い点状の)装飾◆(弓の
kk_宣告_せんこく,宣告,せんこく,宣:◆(天子の住む)宮殿の大きな部屋、「【前漢書:卷四十八:賈誼傳】…後歲餘丸帝思誼微之至入見上方受釐坐宣室(蘇林日宣室未央前正室也…)[†「未央」は「未央宮ビオウ; 告:◆(下位者が上位者に、また人に)～であると(～であることを)知らせる、伝える、「報告(ホウコク)」、上位者が下位者に対して告げるのは「誥」◆上位者が下位者に知ら,N2,on,on+on,B_noun_rad_宀(kun 93%),宣:◆(天子の住む)宮殿の大きな部屋、「【前漢書:卷四十八:賈誼傳】…後歲餘丸帝思誼微之至入見上方受釐坐宣室(蘇林日宣室未央前正室也…)[†「未央」は「未央宮ビオウ; 告:◆(下位者が上位者に、また人に)～であると(～であることを)知らせる、伝える、「報告(ホウコク)」、上位者が下位者に対して告げるのは「誥」◆上位者が下位者に知ら
kk_害_がい,害,がい,害:◆状態を悪くする、損(そこ)なう、傷付ける、妨(さまた)げる、良好な状態とは逆の状態になる◆なぜ、どうして、どうして～しないのか、同「盍」,N2,on,on,IL2_single_default(kun 84%) | B_noun_rad_宀(kun 93%),害:◆状態を悪くする、損(そこ)なう、傷付ける、妨(さまた)げる、良好な状態とは逆の状態になる◆なぜ、どうして、どうして～しないのか、同「盍」
kk_家主_やぬし,家主,やぬし,家:◆屋根(「宀」)があり四周が戸や壁で遮(さえぎ)られている建物、豕(いのこ、ブタ)などの大切な家畜を飼(か)う建物◆同じ屋根の下で親子や一族が共に生活する、人が; 主:◆蝋燭やランプなどの灯心、同「炷」◆多くの中で特に重要な、またそのような人◆中心となるもの、中心にあるもの、またそのような人◆司(つかさど)る、中心となって統治,N2,kun,kun+kun~,A3_short_compound(on+on 71%) | B_noun_rad_宀(kun 93%),家:◆屋根(「宀」)があり四周が戸や壁で遮(さえぎ)られている建物、豕(いのこ、ブタ)などの大切な家畜を飼(か)う建物◆同じ屋根の下で親子や一族が共に生活する、人が; 主:◆蝋燭やランプなどの灯心、同「炷」◆多くの中で特に重要な、またそのような人◆中心となるもの、中心にあるもの、またそのような人◆司(つかさど)る、中心となって統治
kk_家計_かけい,家計,かけい,家:◆屋根(「宀」)があり四周が戸や壁で遮(さえぎ)られている建物、豕(いのこ、ブタ)などの大切な家畜を飼(か)う建物◆同じ屋根の下で親子や一族が共に生活する、人が; 計:◆数える、測る◆(その年の)出納を合わせる◆見積もる、見当をつける,N2,on,on+on,A3_short_compound(on+on 71%) | B_noun_rad_宀(kun 93%) | B_verb_rad_言(kun 80%),家:◆屋根(「宀」)があり四周が戸や壁で遮(さえぎ)られている建物、豕(いのこ、ブタ)などの大切な家畜を飼(か)う建物◆同じ屋根の下で親子や一族が共に生活する、人が; 計:◆数える、測る◆(その年の)出納を合わせる◆見積もる、見当をつける
kk_容易_ようい,容易,ようい,容:◆ものを器(うつわ)などの周りが囲まれているものの中に入れる、またそこに入っているもの、中身(なかみ)◆人や意見などを受け入れる、許す、認める◆顔の表情、姿形(; 易:◆換(か)える、替(か)える、代(か)える、交換する◆占いの書、また占いの法、「爻(コウ)」と呼ばれる「陽と「陰」の並びを換えながら組み合わせた「八卦」「六十四,N2,on,on+on,A3_short_compound(on+on 71%) | B_noun_rad_宀(kun 93%),容:◆ものを器(うつわ)などの周りが囲まれているものの中に入れる、またそこに入っているもの、中身(なかみ)◆人や意見などを受け入れる、許す、認める◆顔の表情、姿形(; 易:◆換(か)える、替(か)える、代(か)える、交換する◆占いの書、また占いの法、「爻(コウ)」と呼ばれる「陽と「陰」の並びを換えながら組み合わせた「八卦」「六十四
kk_容積_ようせき,容積,ようせき,容:◆ものを器(うつわ)などの周りが囲まれているものの中に入れる、またそこに入っているもの、中身(なかみ)◆人や意見などを受け入れる、許す、認める◆顔の表情、姿形(; 積:◆(刈り取った穀物を)集めて次々に重ねて行く、上へ上へと重ねて行く◆堆(うずたか)く蓄(たくわ)える、貯(た)める◆数学で掛け算の結果◆「疳積(カンシャク)」、,N2,on,on+on,B_noun_rad_宀(kun 93%),容:◆ものを器(うつわ)などの周りが囲まれているものの中に入れる、またそこに入っているもの、中身(なかみ)◆人や意見などを受け入れる、許す、認める◆顔の表情、姿形(; 積:◆(刈り取った穀物を)集めて次々に重ねて行く、上へ上へと重ねて行く◆堆(うずたか)く蓄(たくわ)える、貯(た)める◆数学で掛け算の結果◆「疳積(カンシャク)」、
kk_宿_やど,宿,やど,宿:◆屋根の下(家屋の中)で一夜を過ごす、また止(とど)まって休息する、「【春秋左傳:莊公:莊公三年】凡師一宿為舍再宿爲信過信爲次(《疏》注正義曰舍者君行一日止而舍,N2,kun,kun,IL2_single_default(kun 84%) | B_noun_rad_宀(kun 93%),宿:◆屋根の下(家屋の中)で一夜を過ごす、また止(とど)まって休息する、「【春秋左傳:莊公:莊公三年】凡師一宿為舍再宿爲信過信爲次(《疏》注正義曰舍者君行一日止而舍
kk_宿る_やどる,宿る,やどる,宿:◆屋根の下(家屋の中)で一夜を過ごす、また止(とど)まって休息する、「【春秋左傳:莊公:莊公三年】凡師一宿為舍再宿爲信過信爲次(《疏》注正義曰舍者君行一日止而舍,N2,kun,kun,IL1_okurigana(kun 96%) | IL2_single_okuri(kun 96%) | B_noun_rad_宀(kun 93%),宿:◆屋根の下(家屋の中)で一夜を過ごす、また止(とど)まって休息する、「【春秋左傳:莊公:莊公三年】凡師一宿為舍再宿爲信過信爲次(《疏》注正義曰舍者君行一日止而舍
kk_宿命_しゅくめい,宿命,しゅくめい,宿:◆屋根の下(家屋の中)で一夜を過ごす、また止(とど)まって休息する、「【春秋左傳:莊公:莊公三年】凡師一宿為舍再宿爲信過信爲次(《疏》注正義曰舍者君行一日止而舍; 命:◆天や神から差し遣(さしつ)わされるもの、また授(さず)かるもの、「生命(セイメイ)」「寿命(ジュミョウ)」「運命(ウンメイ)」◆身分・地位が高い人や敬うべき人,N2,on,on+on,B_noun_rad_宀(kun 93%),宿:◆屋根の下(家屋の中)で一夜を過ごす、また止(とど)まって休息する、「【春秋左傳:莊公:莊公三年】凡師一宿為舍再宿爲信過信爲次(《疏》注正義曰舍者君行一日止而舍; 命:◆天や神から差し遣(さしつ)わされるもの、また授(さず)かるもの、「生命(セイメイ)」「寿命(ジュミョウ)」「運命(ウンメイ)」◆身分・地位が高い人や敬うべき人
kk_宿泊_しゅくはく,宿泊,しゅくはく,宿:◆屋根の下(家屋の中)で一夜を過ごす、また止(とど)まって休息する、「【春秋左傳:莊公:莊公三年】凡師一宿為舍再宿爲信過信爲次(《疏》注正義曰舍者君行一日止而舍; 泊:◆舟を岸に寄せて停まる、「停泊(テイハク)」◆宿などで休む、留(とど)まる◆湖(みずうみ)、水が打ち寄せる湖などの辺(ほとり)◆水が浅いさま、水の浅いところ、浅,N2,on,on+on,B_noun_rad_宀(kun 93%),宿:◆屋根の下(家屋の中)で一夜を過ごす、また止(とど)まって休息する、「【春秋左傳:莊公:莊公三年】凡師一宿為舍再宿爲信過信爲次(《疏》注正義曰舍者君行一日止而舍; 泊:◆舟を岸に寄せて停まる、「停泊(テイハク)」◆宿などで休む、留(とど)まる◆湖(みずうみ)、水が打ち寄せる湖などの辺(ほとり)◆水が浅いさま、水の浅いところ、浅
kk_寄越す_よこす,寄越す,よこす,寄:◆他のものを頼りにする、他のものに凭(もた)れ掛かる◆託(たく)する、他人(ひと)に預(あず)ける、委(ゆだ)ねる、「寄託(キタク)」「寄命(キメイ、命を託す、; 越:◆行く手(ゆくて)を阻(はば)んでいるものの上を跨(また)ぐようにしてその先に行く、区切りや障害となっているものの先に行く、同「逾」◆度(ど、区切り・限度・程度,N2,kun,kun+kun,IL1_okurigana(kun 96%) | A1_compound_oku(kun 90%) | A1_on_kun_mix(on+kun 65%),寄:◆他のものを頼りにする、他のものに凭(もた)れ掛かる◆託(たく)する、他人(ひと)に預(あず)ける、委(ゆだ)ねる、「寄託(キタク)」「寄命(キメイ、命を託す、; 越:◆行く手(ゆくて)を阻(はば)んでいるものの上を跨(また)ぐようにしてその先に行く、区切りや障害となっているものの先に行く、同「逾」◆度(ど、区切り・限度・程度
kk_密やか_ひそやか,密やか,ひそやか,密:◆ぴったりとくっついて隙間がない◆閉ざされていて或いは奥まっていて外から見えない、また窺い知れない◆広く大きく物音や人の声が届いて来ない、ひっそりとした◆山深く,N2,kun,kun,IL1_okurigana(kun 96%) | IL2_single_okuri(kun 96%) | B_noun_rad_宀(kun 93%),密:◆ぴったりとくっついて隙間がない◆閉ざされていて或いは奥まっていて外から見えない、また窺い知れない◆広く大きく物音や人の声が届いて来ない、ひっそりとした◆山深く
kk_寛ぐ_くつろぐ,寛ぐ,くつろぐ,寛:◆広々としたさま、同「𥦀」◆幅(はば)、横幅◆心が広いさま、度量が大きいさま◆ゆったりとしたさま、ゆとりがあるさま◆緩(ゆる)いさま、緩んでいるさま,N2,kun,kun,IL1_okurigana(kun 96%) | IL2_single_okuri(kun 96%) | B_noun_rad_宀(kun 93%),寛:◆広々としたさま、同「𥦀」◆幅(はば)、横幅◆心が広いさま、度量が大きいさま◆ゆったりとしたさま、ゆとりがあるさま◆緩(ゆる)いさま、緩んでいるさま
kk_寝かす_ねかす,寝かす,ねかす,寝:◆体を横にして休む、「寝台・寝床・寝室などで横になり休む」ことをいう◆体を横にして眠る◆睡眠をとるところ、ゆっくりと寛(くつろ)ぐ部屋や建物、「寢殿(シンデン、,N2,kun,kun,IL1_okurigana(kun 96%) | IL2_single_okuri(kun 96%) | B_noun_rad_宀(kun 93%),寝:◆体を横にして休む、「寝台・寝床・寝室などで横になり休む」ことをいう◆体を横にして眠る◆睡眠をとるところ、ゆっくりと寛(くつろ)ぐ部屋や建物、「寢殿(シンデン、
kk_寝台_しんだい,寝台,しんだい,寝:◆体を横にして休む、「寝台・寝床・寝室などで横になり休む」ことをいう◆体を横にして眠る◆睡眠をとるところ、ゆっくりと寛(くつろ)ぐ部屋や建物、「寢殿(シンデン、; 台:◆我(われ)、自分を指す語、同「吾」「余」「予」◆「三台星(サンタイセイ)、三台(サンタイ)」、紫微垣(シビエン、天の北極を中心とした区画で天帝が住むとされた、,N2,on,on+on,B_noun_rad_宀(kun 93%),寝:◆体を横にして休む、「寝台・寝床・寝室などで横になり休む」ことをいう◆体を横にして眠る◆睡眠をとるところ、ゆっくりと寛(くつろ)ぐ部屋や建物、「寢殿(シンデン、; 台:◆我(われ)、自分を指す語、同「吾」「余」「予」◆「三台星(サンタイセイ)、三台(サンタイ)」、紫微垣(シビエン、天の北極を中心とした区画で天帝が住むとされた、
kk_寧ろ_むしろ,寧ろ,むしろ,寧:◆穏(おだ)やかで心安(やす)らかなさま、不安も心配もなく心が安らぐさま、同「甯」◆むし・ろ、どちらかと言うならば～、「Ａ寧Ｂ」の用法で「Ａであるよりはどちらか,N2,kun,kun,IL1_okurigana(kun 96%) | IL2_single_okuri(kun 96%) | B_noun_rad_宀(kun 93%),寧:◆穏(おだ)やかで心安(やす)らかなさま、不安も心配もなく心が安らぐさま、同「甯」◆むし・ろ、どちらかと言うならば～、「Ａ寧Ｂ」の用法で「Ａであるよりはどちらか
kk_審判_しんぱん,審判,しんぱん,審:◆悉(ことごと)く、余すところなく、残すところなく、同「悉」◆悉(ことごと)く調べ尽くす、余すところなく知り尽くす、同「讅」◆細部まで調べ尽くして明らかにする、; 判:◆二つに分ける、二つに分かれる、同「牉」◆(正否・是非・真偽などを)はっきりと区別する、見分ける、「判決(ハンケツ)」◆はっきりとした(する)さま、はっきりと区,N2,other,mixed+mixed~,B_noun_rad_宀(kun 93%) | B_verb_rad_刀(kun 80%),審:◆悉(ことごと)く、余すところなく、残すところなく、同「悉」◆悉(ことごと)く調べ尽くす、余すところなく知り尽くす、同「讅」◆細部まで調べ尽くして明らかにする、; 判:◆二つに分ける、二つに分かれる、同「牉」◆(正否・是非・真偽などを)はっきりと区別する、見分ける、「判決(ハンケツ)」◆はっきりとした(する)さま、はっきりと区
kk_審査_しんさ,審査,しんさ,審:◆悉(ことごと)く、余すところなく、残すところなく、同「悉」◆悉(ことごと)く調べ尽くす、余すところなく知り尽くす、同「讅」◆細部まで調べ尽くして明らかにする、; 査:◆柵・欄干・堰(せき)などの木を組んで他との間を遮(さえぎ)るもの、同「柤」◆木を組んで作った筏、同「槎」◆調べる、「調査(チョウサ)」◆「山査(サンサ)」、サ,N2,on,on+on,A3_short_compound(on+on 71%) | B_noun_rad_宀(kun 93%) | B_noun_rad_木(kun 93%),審:◆悉(ことごと)く、余すところなく、残すところなく、同「悉」◆悉(ことごと)く調べ尽くす、余すところなく知り尽くす、同「讅」◆細部まで調べ尽くして明らかにする、; 査:◆柵・欄干・堰(せき)などの木を組んで他との間を遮(さえぎ)るもの、同「柤」◆木を組んで作った筏、同「槎」◆調べる、「調査(チョウサ)」◆「山査(サンサ)」、サ
kk_寸法_すんぽう,寸法,すんぽう,寸:◆長さの単位、1寸=10分、10寸=1尺 ◆非常に短い、(時間が、長さが)ほんの少し◆すん、すんづくり、部首名; 法:◆規律を維持するための決まり、守り従うべき制度や規則、私的なものではなく公(おおやけ)のものを指す◆標準的な或いは慣例となっているやり方、またそれらに従う◆基準,N2,on,on+mixed~,,寸:◆長さの単位、1寸=10分、10寸=1尺 ◆非常に短い、(時間が、長さが)ほんの少し◆すん、すんづくり、部首名; 法:◆規律を維持するための決まり、守り従うべき制度や規則、私的なものではなく公(おおやけ)のものを指す◆標準的な或いは慣例となっているやり方、またそれらに従う◆基準
kk_対_たい,対,たい,対:◆向かい合う、向き合う◆二つで一組になるもの◆二つを並べ比較する◆問いに答える、依頼や指示に応(こた)える、相手からの働きかけに応(おう)じた結果を返す,N2,on,on,IL2_single_default(kun 84%),対:◆向かい合う、向き合う◆二つで一組になるもの◆二つを並べ比較する◆問いに答える、依頼や指示に応(こた)える、相手からの働きかけに応(おう)じた結果を返す
kk_対処_たいしょ,対処,たいしょ,対:◆向かい合う、向き合う◆二つで一組になるもの◆二つを並べ比較する◆問いに答える、依頼や指示に応(こた)える、相手からの働きかけに応(おう)じた結果を返す; 処:◆腰を落ち着ける、居(い)る、止(とど)まる、またその場所◆腰を落ち着けて留(とど)まっているさま、「処士(ショシ、能力がありながら出仕しない人))」「処女(シ,N2,on,on+on,A3_short_compound(on+on 71%),対:◆向かい合う、向き合う◆二つで一組になるもの◆二つを並べ比較する◆問いに答える、依頼や指示に応(こた)える、相手からの働きかけに応(おう)じた結果を返す; 処:◆腰を落ち着ける、居(い)る、止(とど)まる、またその場所◆腰を落ち着けて留(とど)まっているさま、「処士(ショシ、能力がありながら出仕しない人))」「処女(シ
kk_対戦_たいせん,対戦,たいせん,対:◆向かい合う、向き合う◆二つで一組になるもの◆二つを並べ比較する◆問いに答える、依頼や指示に応(こた)える、相手からの働きかけに応(おう)じた結果を返す; 戦:◆戈(ほこ)などの武器を持って闘(たたか)う、争(あらそ)う◆勝負・優劣を競(きそ)い合う◆懼(おそ)れる、恐れでびくびくする、「戦慄(センリツ、恐怖で体を震わ,N2,on,on+on,,対:◆向かい合う、向き合う◆二つで一組になるもの◆二つを並べ比較する◆問いに答える、依頼や指示に応(こた)える、相手からの働きかけに応(おう)じた結果を返す; 戦:◆戈(ほこ)などの武器を持って闘(たたか)う、争(あらそ)う◆勝負・優劣を競(きそ)い合う◆懼(おそ)れる、恐れでびくびくする、「戦慄(センリツ、恐怖で体を震わ
kk_対立_たいりつ,対立,たいりつ,対:◆向かい合う、向き合う◆二つで一組になるもの◆二つを並べ比較する◆問いに答える、依頼や指示に応(こた)える、相手からの働きかけに応(おう)じた結果を返す; 立:◆地(チ、地面、土台、基盤)に足を着け垂直にする、また垂直になる、地から上に向かって伸ばす、また伸びる◆しっかりとした土台を築いてその上にものを作り上げて行く、,N2,on,on+on,,対:◆向かい合う、向き合う◆二つで一組になるもの◆二つを並べ比較する◆問いに答える、依頼や指示に応(こた)える、相手からの働きかけに応(おう)じた結果を返す; 立:◆地(チ、地面、土台、基盤)に足を着け垂直にする、また垂直になる、地から上に向かって伸ばす、また伸びる◆しっかりとした土台を築いてその上にものを作り上げて行く、
kk_寿退社_ことぶきたいしゃ,寿退社,ことぶきたいしゃ,寿:◆長く年齢を重ねる、長命、「長寿(チョウジュ)」◆祝福の言葉や贈り物を送り長命を祝う◆年齢、「寿命(ジュミョウ)」◆[日]めでたいこと、祝いの言葉、祝いの言葉を; 退:◆後ろに向かう、後ろへ下がる、後ろ向きに進む、逆は「進」◆今いる場所から遠ざかる方に向かう、その場を立ち去る◆体を後へ引く、身を引く◆状態が悪くなる(衰える、弱; 社:◆土地の神、土地の神を祀った所◆同種また同じ目的を持つ人から成る集まり,N2,mixed,kun+on+on~,A4_multi_on(on+on+on 65%),寿:◆長く年齢を重ねる、長命、「長寿(チョウジュ)」◆祝福の言葉や贈り物を送り長命を祝う◆年齢、「寿命(ジュミョウ)」◆[日]めでたいこと、祝いの言葉、祝いの言葉を; 退:◆後ろに向かう、後ろへ下がる、後ろ向きに進む、逆は「進」◆今いる場所から遠ざかる方に向かう、その場を立ち去る◆体を後へ引く、身を引く◆状態が悪くなる(衰える、弱; 社:◆土地の神、土地の神を祀った所◆同種また同じ目的を持つ人から成る集まり
kk_封じる_ふうじる,封じる,ふうじる,封:◆君主が諸侯や重臣に領地を与える、また領有することを認める◆諸侯や重臣の領土、またその領主◆土を盛り上げる、土を盛り上げた祭壇、また墓◆塞(ふさ)ぐ、閉(と)じ,N2,on,on,IL1_okurigana(kun 96%) | IL2_single_okuri(kun 96%),封:◆君主が諸侯や重臣に領地を与える、また領有することを認める◆諸侯や重臣の領土、またその領主◆土を盛り上げる、土を盛り上げた祭壇、また墓◆塞(ふさ)ぐ、閉(と)じ
kk_専制_せんせい,専制,せんせい,専:◆もっぱ・ら、ただそれだけ、ただひたすら、一途(いちず)◆もっぱ・らにする、一人でする、一人で自分の思い通りにする、同「顓」「擅」; 制:◆断(た)つ、切る◆断って目的とする形にする、また形を整(ととの)える、同繁「製」、同「剬」◆決まり、規則、法(ホウ)◆枠(わく)をはみ出さないように押さえる、,N2,on,on+on,B_verb_rad_刀(kun 80%),専:◆もっぱ・ら、ただそれだけ、ただひたすら、一途(いちず)◆もっぱ・らにする、一人でする、一人で自分の思い通りにする、同「顓」「擅」; 制:◆断(た)つ、切る◆断って目的とする形にする、また形を整(ととの)える、同繁「製」、同「剬」◆決まり、規則、法(ホウ)◆枠(わく)をはみ出さないように押さえる、
kk_専属_せんぞく,専属,せんぞく,専:◆もっぱ・ら、ただそれだけ、ただひたすら、一途(いちず)◆もっぱ・らにする、一人でする、一人で自分の思い通りにする、同「顓」「擅」; 属:◆関(かか)わりがある、繋(つな)がりがある、関連する◆関わりのある事柄、同じ種類のもの◆関わりのある者、関わりのある者の集まり、「親属(シンゾク、血縁や婚姻の,N2,on,on+on,,専:◆もっぱ・ら、ただそれだけ、ただひたすら、一途(いちず)◆もっぱ・らにする、一人でする、一人で自分の思い通りにする、同「顓」「擅」; 属:◆関(かか)わりがある、繋(つな)がりがある、関連する◆関わりのある事柄、同じ種類のもの◆関わりのある者、関わりのある者の集まり、「親属(シンゾク、血縁や婚姻の
kk_専念_せんねん,専念,せんねん,専:◆もっぱ・ら、ただそれだけ、ただひたすら、一途(いちず)◆もっぱ・らにする、一人でする、一人で自分の思い通りにする、同「顓」「擅」; 念:◆常に心に留めて思い考える、心の中に留まり去らない思いや考え◆口をほとんど閉じた状態で低い声を長く伸ばして読む◆二十、「廿」の大写字(「二」は「貳」、「三」は「,N2,on,on+on,,専:◆もっぱ・ら、ただそれだけ、ただひたすら、一途(いちず)◆もっぱ・らにする、一人でする、一人で自分の思い通りにする、同「顓」「擅」; 念:◆常に心に留めて思い考える、心の中に留まり去らない思いや考え◆口をほとんど閉じた状態で低い声を長く伸ばして読む◆二十、「廿」の大写字(「二」は「貳」、「三」は「
kk_専用_せんよう,専用,せんよう,専:◆もっぱ・ら、ただそれだけ、ただひたすら、一途(いちず)◆もっぱ・らにする、一人でする、一人で自分の思い通りにする、同「顓」「擅」; 用:◆人や物、或いはその特性や能力を使う、また使ってあることを行う、また役立たせる◆働かせる、発揮させる、またそのために必要な特性・能力・金銭など◆以(もっ)て◆[,N2,on,on+on,,専:◆もっぱ・ら、ただそれだけ、ただひたすら、一途(いちず)◆もっぱ・らにする、一人でする、一人で自分の思い通りにする、同「顓」「擅」; 用:◆人や物、或いはその特性や能力を使う、また使ってあることを行う、また役立たせる◆働かせる、発揮させる、またそのために必要な特性・能力・金銭など◆以(もっ)て◆[
kk_将棋_しょうぎ,将棋,しょうぎ,将:◆軍を統帥(トウスイ、統率・指揮)する、率(ひき)いる、またその長、同「帥」◆行く、率いて行く、連れて行く、送って行く◆まさ・に、今にも～しようとする(なろうと; 棋:◆囲碁や将棋などの方形の盤(ボードboard)を使うゲームgame、またそれに使う石や駒、「囲棋(イキ、囲碁)」「棋子(キシ、碁石や将棋・チェスchessなどの,N2,on,on+on,A3_short_compound(on+on 71%) | B_noun_rad_木(kun 93%),将:◆軍を統帥(トウスイ、統率・指揮)する、率(ひき)いる、またその長、同「帥」◆行く、率いて行く、連れて行く、送って行く◆まさ・に、今にも～しようとする(なろうと; 棋:◆囲碁や将棋などの方形の盤(ボードboard)を使うゲームgame、またそれに使う石や駒、「囲棋(イキ、囲碁)」「棋子(キシ、碁石や将棋・チェスchessなどの
kk_導入_どうにゅう,導入,どうにゅう,導:◆道案内する、手引きする、行く道を誤らないように手助けする、同「道」; 入:◆範囲・領域・組織や区切り・境界の外(外側、外部、表側、向こう側、公のところ)から内(内側、内部、裏側、こちら側、私的なところ)に移る、また移す、内から外へ移る,N2,on,on+on,,導:◆道案内する、手引きする、行く道を誤らないように手助けする、同「道」; 入:◆範囲・領域・組織や区切り・境界の外(外側、外部、表側、向こう側、公のところ)から内(内側、内部、裏側、こちら側、私的なところ)に移る、また移す、内から外へ移る
kk_小児科_しょうにか,小児科,しょうにか,小:◆形・数・量・力・程度などが比較しようとしているもの以下である、求められる(必要とされる、必要な)形・数・量・力・程度などに及ばない(足りない)、劣(おと)る、; 児:◆生まれたばかりの(男の)子、乳飲み子、囟(シン、頭蓋の左右の骨の額から後頭部にかけての接合部分)が骨化していない2歳くらいまでの幼い子◆小さく弱々しいさま、初; 科:◆穀物の生産量や品質の良し悪しの程度を幾つかに区分し順に並べたもの、等級◆罪の軽重に従い量刑を定める、またそれを適用する(科する)◆分類し同等のものを一つに纏(,N2,on,on+on+on,A4_multi_on(on+on+on 65%),小:◆形・数・量・力・程度などが比較しようとしているもの以下である、求められる(必要とされる、必要な)形・数・量・力・程度などに及ばない(足りない)、劣(おと)る、; 児:◆生まれたばかりの(男の)子、乳飲み子、囟(シン、頭蓋の左右の骨の額から後頭部にかけての接合部分)が骨化していない2歳くらいまでの幼い子◆小さく弱々しいさま、初; 科:◆穀物の生産量や品質の良し悪しの程度を幾つかに区分し順に並べたもの、等級◆罪の軽重に従い量刑を定める、またそれを適用する(科する)◆分類し同等のものを一つに纏(
kk_小声_こごえ,小声,こごえ,小:◆形・数・量・力・程度などが比較しようとしているもの以下である、求められる(必要とされる、必要な)形・数・量・力・程度などに及ばない(足りない)、劣(おと)る、; 声:◆磬(ケイ、石また玉製の打楽器)、またその音◆人や動物が口から発する音、一般には高低強弱などの抑揚がある音が連続し全体として意味を持つものを指す、意味をなさない,N2,other,mixed+mixed~,A3_short_compound(on+on 71%),小:◆形・数・量・力・程度などが比較しようとしているもの以下である、求められる(必要とされる、必要な)形・数・量・力・程度などに及ばない(足りない)、劣(おと)る、; 声:◆磬(ケイ、石また玉製の打楽器)、またその音◆人や動物が口から発する音、一般には高低強弱などの抑揚がある音が連続し全体として意味を持つものを指す、意味をなさない
kk_少数_しょうすう,少数,しょうすう,少:◆数や度量(ドリョウ、ものの多少・軽重・長短・高低・深浅・強弱など)が、あるべき(必要とする)数や度量より小さい、またそれに足りない、またそれに及ばない、同「寡; 数:◆かず、同種のもの(繰り返されるもの)の多少を表す語◆かぞ・える、一つ二つ(一回二回)と計算する、またその多少◆細かい、煩(わずら)わしい◆しばしば、同じことを,N2,on,on+on,,少:◆数や度量(ドリョウ、ものの多少・軽重・長短・高低・深浅・強弱など)が、あるべき(必要とする)数や度量より小さい、またそれに足りない、またそれに及ばない、同「寡; 数:◆かず、同種のもの(繰り返されるもの)の多少を表す語◆かぞ・える、一つ二つ(一回二回)と計算する、またその多少◆細かい、煩(わずら)わしい◆しばしば、同じことを
kk_尤も_もっとも,尤も,もっとも,尤:◆誤(あやま)り、過(あやま)ち◆咎(とが)める、責(せ)める◆その上に～、とび抜けて～、なかでも特に～◆[日]もっと・も、その通りである、理(リ)に適(かな),N2,other,unknown,IL1_okurigana(kun 96%) | IL2_single_okuri(kun 96%),尤:◆誤(あやま)り、過(あやま)ち◆咎(とが)める、責(せ)める◆その上に～、とび抜けて～、なかでも特に～◆[日]もっと・も、その通りである、理(リ)に適(かな)
kk_就学_しゅうがく,就学,しゅうがく,就:◆つ・く、近くまで行く、近くに付いて従う◆物事に取り掛かるための位置につく、「就任」「就職」「就寝」など◆成る、成し遂げる◆[日]つ・いて、～に関して、即ち; 学:◆(教えを受けながら、見て倣いながら)知識や技術などを身に付ける、習得する、またその内容、知識や技術などを授(さず)けることを「教」◆教えを受け知識や技術などを,N2,on,on+on,,就:◆つ・く、近くまで行く、近くに付いて従う◆物事に取り掛かるための位置につく、「就任」「就職」「就寝」など◆成る、成し遂げる◆[日]つ・いて、～に関して、即ち; 学:◆(教えを受けながら、見て倣いながら)知識や技術などを身に付ける、習得する、またその内容、知識や技術などを授(さず)けることを「教」◆教えを受け知識や技術などを
kk_就業_しゅうぎょう,就業,しゅうぎょう,就:◆つ・く、近くまで行く、近くに付いて従う◆物事に取り掛かるための位置につく、「就任」「就職」「就寝」など◆成る、成し遂げる◆[日]つ・いて、～に関して、即ち; 業:◆鍾(ショウ)や磬(ケイ)などの打楽器を吊るすための横木(筍)の上の横板、吊るした楽器の位置が演奏中にずれないように凹みや突起がついていたという、「业」はそれを,N2,on,on+on,B_noun_rad_木(kun 93%),就:◆つ・く、近くまで行く、近くに付いて従う◆物事に取り掛かるための位置につく、「就任」「就職」「就寝」など◆成る、成し遂げる◆[日]つ・いて、～に関して、即ち; 業:◆鍾(ショウ)や磬(ケイ)などの打楽器を吊るすための横木(筍)の上の横板、吊るした楽器の位置が演奏中にずれないように凹みや突起がついていたという、「业」はそれを
kk_尽きる_つきる,尽きる,つきる,尽:◆器の中身を空(から)にする、全てを出し切る、同「儘」◆全て終える、最後まで全(まっと)うする◆ことごと・く、全て、余すところなく、あるものを残らず◆繁「盡」◆,N2,kun,kun,IL1_okurigana(kun 96%) | IL2_single_okuri(kun 96%),尽:◆器の中身を空(から)にする、全てを出し切る、同「儘」◆全て終える、最後まで全(まっと)うする◆ことごと・く、全て、余すところなく、あるものを残らず◆繁「盡」◆
kk_尽くす_つくす,尽くす,つくす,尽:◆器の中身を空(から)にする、全てを出し切る、同「儘」◆全て終える、最後まで全(まっと)うする◆ことごと・く、全て、余すところなく、あるものを残らず◆繁「盡」◆,N2,kun,kun,IL1_okurigana(kun 96%) | IL2_single_okuri(kun 96%),尽:◆器の中身を空(から)にする、全てを出し切る、同「儘」◆全て終える、最後まで全(まっと)うする◆ことごと・く、全て、余すところなく、あるものを残らず◆繁「盡」◆
kk_居住_きょじゅう,居住,きょじゅう,居:◆座る、腰を据(す)える、腰を落ち着ける、またその場所◆長く腰を落ち着けて住む、住まい◆一定の場所を占める、存在する◆貯(たくわ)える、得たものを置いておく; 住:◆同じ場所に長期間に亘(わた)って留(とど)まる◆場所を定めて生活する、またその居所(きょしょ、いどころ)◆動詞の後に置いて「同じ場所や状態に留(とど)まる、同,N2,on,on+on,A3_short_compound(on+on 71%),居:◆座る、腰を据(す)える、腰を落ち着ける、またその場所◆長く腰を落ち着けて住む、住まい◆一定の場所を占める、存在する◆貯(たくわ)える、得たものを置いておく; 住:◆同じ場所に長期間に亘(わた)って留(とど)まる◆場所を定めて生活する、またその居所(きょしょ、いどころ)◆動詞の後に置いて「同じ場所や状態に留(とど)まる、同
kk_屋外_おくがい,屋外,おくがい,屋:◆日差しや雨風を遮(さえぎ)るための覆(おお)い、同「幄」◆建物の上部の日差しや雨風を遮(さえぎ)るための覆い、「屋頂(オクテイ、オクチョウ、屋根)」◆(屋根に; 外:◆そと、範囲・領域・組織や区切り・境界の内(内側、内部)から出たもの、表に出ている(表に面している)もの、見えるところにあるもの、またそのようなところ、逆は「内,N2,on,on+on,,屋:◆日差しや雨風を遮(さえぎ)るための覆(おお)い、同「幄」◆建物の上部の日差しや雨風を遮(さえぎ)るための覆い、「屋頂(オクテイ、オクチョウ、屋根)」◆(屋根に; 外:◆そと、範囲・領域・組織や区切り・境界の内(内側、内部)から出たもの、表に出ている(表に面している)もの、見えるところにあるもの、またそのようなところ、逆は「内
kk_屑_くず,屑,くず,屑:◆砕かれて細かくなったもの◆細々(こまごま)した、瑣末(サマツ)な◆細かいことに拘(こだわ)らない、潔(いさぎよ)い◆「不屑(フセツ)」◇細かいこと(ところ)ま,N2,kun,kun,IL2_single_default(kun 84%),屑:◆砕かれて細かくなったもの◆細々(こまごま)した、瑣末(サマツ)な◆細かいことに拘(こだわ)らない、潔(いさぎよ)い◆「不屑(フセツ)」◇細かいこと(ところ)ま
kk_展開_てんかい,展開,てんかい,展:◆転(ころ)がす、巻いてあるものを転がして広げる◆巻いたり折ってあるものなどを開き広げる、そのままでは見えないもの(ものの中にあって見えないもの)を広げて見る、; 開:◆啓(ひら)く、閉じられている扉を真ん中から左右に押し除(の)ける◆仕切っているもの(塞ふさいでいるもの、妨さまたげているもの)を取る、「開放(カイホウ)」◆明,N2,on,on+on,,展:◆転(ころ)がす、巻いてあるものを転がして広げる◆巻いたり折ってあるものなどを開き広げる、そのままでは見えないもの(ものの中にあって見えないもの)を広げて見る、; 開:◆啓(ひら)く、閉じられている扉を真ん中から左右に押し除(の)ける◆仕切っているもの(塞ふさいでいるもの、妨さまたげているもの)を取る、「開放(カイホウ)」◆明
kk_属する_ぞくする,属する,ぞくする,属:◆関(かか)わりがある、繋(つな)がりがある、関連する◆関わりのある事柄、同じ種類のもの◆関わりのある者、関わりのある者の集まり、「親属(シンゾク、血縁や婚姻の,N2,on,on,IL1_okurigana(kun 96%) | IL2_single_okuri(kun 96%),属:◆関(かか)わりがある、繋(つな)がりがある、関連する◆関わりのある事柄、同じ種類のもの◆関わりのある者、関わりのある者の集まり、「親属(シンゾク、血縁や婚姻の
kk_山林_さんりん,山林,さんりん,"山:◆地面が""△""状に高く盛り上がったところ、またその形や様子◆土を丸く盛り上げた墓◆十二章紋の一つ ◆やま、やまへん、やまかんむり、部首名; 林:◆木や竹が叢(むら)がって生えているところ◆同様のものがたくさん集まっているさま◆郊外(「野」という)の外側の地、都(みやこ)を囲む城壁の外に広がる地で都から百",N2,on,on+on,B_noun_rad_木(kun 93%),"山:◆地面が""△""状に高く盛り上がったところ、またその形や様子◆土を丸く盛り上げた墓◆十二章紋の一つ ◆やま、やまへん、やまかんむり、部首名; 林:◆木や竹が叢(むら)がって生えているところ◆同様のものがたくさん集まっているさま◆郊外(「野」という)の外側の地、都(みやこ)を囲む城壁の外に広がる地で都から百"
kk_山腹_さんぷく,山腹,さんぷく,"山:◆地面が""△""状に高く盛り上がったところ、またその形や様子◆土を丸く盛り上げた墓◆十二章紋の一つ ◆やま、やまへん、やまかんむり、部首名; 腹:◆体の前側(四足・多足の動物の場合は下側)の胸の下から骨盤までの胃や腸のある部分、同「肚」 ◆ものの前面、背の反対側◆胎内、ものの内部、心の内、心の内にある考え",N2,other,mixed+mixed~,,"山:◆地面が""△""状に高く盛り上がったところ、またその形や様子◆土を丸く盛り上げた墓◆十二章紋の一つ ◆やま、やまへん、やまかんむり、部首名; 腹:◆体の前側(四足・多足の動物の場合は下側)の胸の下から骨盤までの胃や腸のある部分、同「肚」 ◆ものの前面、背の反対側◆胎内、ものの内部、心の内、心の内にある考え"
kk_岬_みさき,岬,みさき,岬:◆山が両側から迫(せま)って狭(せば)まっているところ、同「峽」◆みさき、海や湖などに長く突き出た陸地,N2,kun,kun,IL2_single_default(kun 84%),岬:◆山が両側から迫(せま)って狭(せば)まっているところ、同「峽」◆みさき、海や湖などに長く突き出た陸地
kk_峠_とうげ,峠,とうげ,峠:◆[日]坂道や物事などの上(のぼり)りが終わって下(くだ)り始めるその境目,N2,kun,kun,IL2_kun_only(kun 99%),峠:◆[日]坂道や物事などの上(のぼり)りが終わって下(くだ)り始めるその境目
kk_峰_みね,峰,みね,峰:◆高く尖(とが)っている山、またその頭頂部、山の頂(いただき)◆高く突き出ているさま◆[日]刀の背、刀の刃の反対側で厚みのある部分,N2,kun,kun,IL2_single_default(kun 84%),峰:◆高く尖(とが)っている山、またその頭頂部、山の頂(いただき)◆高く突き出ているさま◆[日]刀の背、刀の刃の反対側で厚みのある部分
kk_崖_がけ,崖,がけ,"崖:◆""厂""字状に急角度で深く落ち込んでいる地形、またその縁(へり)の部分◆地の果(は)てるところ、その先に何もないところ、同「涯」",N2,kun,kun,IL2_single_default(kun 84%),"崖:◆""厂""字状に急角度で深く落ち込んでいる地形、またその縁(へり)の部分◆地の果(は)てるところ、その先に何もないところ、同「涯」"
kk_崩れる_くずれる,崩れる,くずれる,崩:◆山が裂け土石が落下する、壊れて倒れる◆破れる、ばらばらになる、決裂する◆天子の死、「【禮記注疏(禮記正義):曲禮下】天子死曰崩諸侯曰薨大夫曰卒士曰不祿庶人曰死,N2,kun,kun,IL1_okurigana(kun 96%) | IL2_single_okuri(kun 96%),崩:◆山が裂け土石が落下する、壊れて倒れる◆破れる、ばらばらになる、決裂する◆天子の死、「【禮記注疏(禮記正義):曲禮下】天子死曰崩諸侯曰薨大夫曰卒士曰不祿庶人曰死
kk_嵐_あらし,嵐,あらし,嵐:◆山間部に立ち籠(こ)める幾らか湿気を含んだ空気、また風、山間部に発生する靄(もや)や霧◆[日]あらし、激しく吹く風,N2,kun,kun,IL2_single_default(kun 84%),嵐:◆山間部に立ち籠(こ)める幾らか湿気を含んだ空気、また風、山間部に発生する靄(もや)や霧◆[日]あらし、激しく吹く風
kk_巡り合う_めぐりあう,巡り合う,めぐりあう,巡:◆視察しに行く、(視察地を)見て回る◆順に沿って一回りする; 合:◆人や物が集まって一緒になる、また一つになる◆幾つかのものを集め一緒にする、幾つかのものが集まり同じになる◆同じものを纏(まと)めた全体◆ぴったりと一致する、当,N2,kun,kun+kun~,IL1_okurigana(kun 96%) | A1_compound_oku(kun 90%) | A1_on_kun_mix(on+kun 65%),巡:◆視察しに行く、(視察地を)見て回る◆順に沿って一回りする; 合:◆人や物が集まって一緒になる、また一つになる◆幾つかのものを集め一緒にする、幾つかのものが集まり同じになる◆同じものを纏(まと)めた全体◆ぴったりと一致する、当
kk_巡る_めぐる,巡る,めぐる,巡:◆視察しに行く、(視察地を)見て回る◆順に沿って一回りする,N2,kun,kun,IL1_okurigana(kun 96%) | IL2_single_okuri(kun 96%),巡:◆視察しに行く、(視察地を)見て回る◆順に沿って一回りする
kk_巣_す,巣,す,巣:◆木の上に作られた栖(す、鳥の巣)、動物の凹状・穴状の住処(すみか)、またそれを造る◆(他からは見えにくい、探しにくい)特に悪人などの住処、隠れ家(が)◆「巣菜,N2,kun,kun,IL2_single_default(kun 84%),巣:◆木の上に作られた栖(す、鳥の巣)、動物の凹状・穴状の住処(すみか)、またそれを造る◆(他からは見えにくい、探しにくい)特に悪人などの住処、隠れ家(が)◆「巣菜
kk_工員_こういん,工員,こういん,工:◆物をつくる巧(たく)みな技(わざ)、また物づくりが巧みなさま◆できばえが精巧(セイコウ)なさま、同「㣉」◆匠(たくみ)、物をつくる技術・技能に秀(ひい)でた人; 員:◆限られた範囲(場所・空間など)に入っている(含まれる)人、集団に属している人、またその人数◆限られた範囲(特に国土・領土などの境界線)の大きさ、また広さ◆円(,N2,on,on+on,,工:◆物をつくる巧(たく)みな技(わざ)、また物づくりが巧みなさま◆できばえが精巧(セイコウ)なさま、同「㣉」◆匠(たくみ)、物をつくる技術・技能に秀(ひい)でた人; 員:◆限られた範囲(場所・空間など)に入っている(含まれる)人、集団に属している人、またその人数◆限られた範囲(特に国土・領土などの境界線)の大きさ、また広さ◆円(
kk_工夫_くふう,工夫,くふう,工:◆物をつくる巧(たく)みな技(わざ)、また物づくりが巧みなさま◆できばえが精巧(セイコウ)なさま、同「㣉」◆匠(たくみ)、物をつくる技術・技能に秀(ひい)でた人; 夫:◆成年の男子◆おっと、妻の配偶者、妻が配偶者を呼ぶ語◆それ、言い出しの言葉,N2,on,on+on,A3_short_compound(on+on 71%),工:◆物をつくる巧(たく)みな技(わざ)、また物づくりが巧みなさま◆できばえが精巧(セイコウ)なさま、同「㣉」◆匠(たくみ)、物をつくる技術・技能に秀(ひい)でた人; 夫:◆成年の男子◆おっと、妻の配偶者、妻が配偶者を呼ぶ語◆それ、言い出しの言葉
kk_工芸_こうげい,工芸,こうげい,工:◆物をつくる巧(たく)みな技(わざ)、また物づくりが巧みなさま◆できばえが精巧(セイコウ)なさま、同「㣉」◆匠(たくみ)、物をつくる技術・技能に秀(ひい)でた人; 芸:◆田畑の雑草を取り除く、同「耘」◆「芸香(ウンコウ)」、ヘンルーダwijnruit、ミカン科ヘンルーダ属の草 ◆「芸臺(ウンタイ)」、書庫、「芸香」に書物を食い,N2,on,on+on,,工:◆物をつくる巧(たく)みな技(わざ)、また物づくりが巧みなさま◆できばえが精巧(セイコウ)なさま、同「㣉」◆匠(たくみ)、物をつくる技術・技能に秀(ひい)でた人; 芸:◆田畑の雑草を取り除く、同「耘」◆「芸香(ウンコウ)」、ヘンルーダwijnruit、ミカン科ヘンルーダ属の草 ◆「芸臺(ウンタイ)」、書庫、「芸香」に書物を食い
kk_差し伸べる_さしのべる,差し伸べる,さしのべる,差:◆違いがある、揃(そろ)わない◆引き算をした時に余りが出る、またその時の余り◆(同じ差ごとに)区分けする、区別する◆やや～(違う、差がある、不足する、など)◆使; 伸:◆広げ伸ばす、折れたり曲がっているものをまっすぐにする、畳んであるものを平らに広げる、同「申」,N2,mixed,on+kun~,IL1_okurigana(kun 96%) | A1_compound_oku(kun 90%) | A1_on_kun_mix(on+kun 65%),差:◆違いがある、揃(そろ)わない◆引き算をした時に余りが出る、またその時の余り◆(同じ差ごとに)区分けする、区別する◆やや～(違う、差がある、不足する、など)◆使; 伸:◆広げ伸ばす、折れたり曲がっているものをまっすぐにする、畳んであるものを平らに広げる、同「申」
kk_差し出す_さしだす,差し出す,さしだす,差:◆違いがある、揃(そろ)わない◆引き算をした時に余りが出る、またその時の余り◆(同じ差ごとに)区分けする、区別する◆やや～(違う、差がある、不足する、など)◆使; 出:◆範囲・領域・組織や区切り・境界の内(内側、内部、裏側、こちら側、私的なところ)から外(外側、外部、表側、向こう側、公のところ)に移る、また移す、外から内へ移る,N2,mixed,on+kun~,IL1_okurigana(kun 96%) | A1_compound_oku(kun 90%) | A1_on_kun_mix(on+kun 65%),差:◆違いがある、揃(そろ)わない◆引き算をした時に余りが出る、またその時の余り◆(同じ差ごとに)区分けする、区別する◆やや～(違う、差がある、不足する、など)◆使; 出:◆範囲・領域・組織や区切り・境界の内(内側、内部、裏側、こちら側、私的なところ)から外(外側、外部、表側、向こう側、公のところ)に移る、また移す、外から内へ移る
kk_差し引く_さしひく,差し引く,さしひく,差:◆違いがある、揃(そろ)わない◆引き算をした時に余りが出る、またその時の余り◆(同じ差ごとに)区分けする、区別する◆やや～(違う、差がある、不足する、など)◆使; 引:◆(弓の弦iに指を掛け、ぐいと)手前に寄せる、「向こうへぐいと押しやる」とは逆の動きをいう◆ぐいと伸ばす、「引領(インレイ、首を伸ばす、首を伸ばして待ち受ける),N2,mixed,on+kun~,IL1_okurigana(kun 96%) | A1_compound_oku(kun 90%) | A1_on_kun_mix(on+kun 65%),差:◆違いがある、揃(そろ)わない◆引き算をした時に余りが出る、またその時の余り◆(同じ差ごとに)区分けする、区別する◆やや～(違う、差がある、不足する、など)◆使; 引:◆(弓の弦iに指を掛け、ぐいと)手前に寄せる、「向こうへぐいと押しやる」とは逆の動きをいう◆ぐいと伸ばす、「引領(インレイ、首を伸ばす、首を伸ばして待ち受ける)
kk_差し支え_さしつかえ,差し支え,さしつかえ,差:◆違いがある、揃(そろ)わない◆引き算をした時に余りが出る、またその時の余り◆(同じ差ごとに)区分けする、区別する◆やや～(違う、差がある、不足する、など)◆使; 支:◆枝(えだ)、幹(みき)となる部分から枝状に分かれ出たもの、同「枝」「肢」「𢺶」◆分かれる、分かれ出る、幹(みき)となる部分から分かれる◆ささ・える、落ちたり倒,N2,on,on+on~,IL1_okurigana(kun 96%) | A1_compound_oku(kun 90%) | A1_on_kun_mix(on+kun 65%),差:◆違いがある、揃(そろ)わない◆引き算をした時に余りが出る、またその時の余り◆(同じ差ごとに)区分けする、区別する◆やや～(違う、差がある、不足する、など)◆使; 支:◆枝(えだ)、幹(みき)となる部分から枝状に分かれ出たもの、同「枝」「肢」「𢺶」◆分かれる、分かれ出る、幹(みき)となる部分から分かれる◆ささ・える、落ちたり倒
kk_市町村_しちょうそん,市町村,しちょうそん,市:◆人が多く集まり物品などを売買・交換する、またその場所◆人が多く集まる所◆「町」よりも大きな行政区画¶本字は「亠巾」で「一巾」の「巿」とは別字; 町:◆田畑を区切る細い道、土を盛って人が通れるように平らにした畦道(あぜみち)、同「圢」「䵺」◆「町疃(テイタン)」、町や村の外(はず)れで、シカ(鹿)などの動物が; 村:◆都から遠く離れた田舎(いなか)の集落、同「邨」「屯」◆田舎染みたさま,N2,on,on+on+on,A4_multi_on(on+on+on 65%) | B_noun_rad_巾(kun 93%) | B_noun_rad_木(kun 93%),市:◆人が多く集まり物品などを売買・交換する、またその場所◆人が多く集まる所◆「町」よりも大きな行政区画¶本字は「亠巾」で「一巾」の「巿」とは別字; 町:◆田畑を区切る細い道、土を盛って人が通れるように平らにした畦道(あぜみち)、同「圢」「䵺」◆「町疃(テイタン)」、町や村の外(はず)れで、シカ(鹿)などの動物が; 村:◆都から遠く離れた田舎(いなか)の集落、同「邨」「屯」◆田舎染みたさま
kk_希薄_きはく,希薄,きはく,希:◆稀(まれ)な、少ない(薄い)、めったにない(珍しい)、同「稀」◆ねが・う、こいねが・う、望む、願い望む、同「睎」; 薄:◆草木がびっしりと(隙間なく)生えているさま、「【說文解字注:艸部:薄】林薄也(…劉注曰薄不入之叢也按林木相迫不可入曰薄引伸凡相迫皆曰薄)」◆互いの間が近い、間,N2,on,on+on,A3_short_compound(on+on 71%) | B_noun_rad_巾(kun 93%),希:◆稀(まれ)な、少ない(薄い)、めったにない(珍しい)、同「稀」◆ねが・う、こいねが・う、望む、願い望む、同「睎」; 薄:◆草木がびっしりと(隙間なく)生えているさま、「【說文解字注:艸部:薄】林薄也(…劉注曰薄不入之叢也按林木相迫不可入曰薄引伸凡相迫皆曰薄)」◆互いの間が近い、間
kk_帯_おび,帯,おび,帯:◆衣服が開(はだ)けないように胸の下に辺りに巻いて結ぶ長く幅広の布、またそれを巻く ◆(帯に挟んだり、帯のように巻いたり結わえたりして)身に着ける、着用する◆(,N2,kun,kun,IL2_single_default(kun 84%) | B_noun_rad_巾(kun 93%),帯:◆衣服が開(はだ)けないように胸の下に辺りに巻いて結ぶ長く幅広の布、またそれを巻く ◆(帯に挟んだり、帯のように巻いたり結わえたりして)身に着ける、着用する◆(
kk_常々_つねづね,常々,つねづね,常:◆何時も、何時もと変わらない◆変わることなく一定の、長い間変わることがない◆普通の、一般的な◆長さの単位、1常=2尋、1尋=8尺、「尋常」は「普通の、一般的な」,N2,kun,kun,IL2_single_default(kun 84%) | B_noun_rad_巾(kun 93%),常:◆何時も、何時もと変わらない◆変わることなく一定の、長い間変わることがない◆普通の、一般的な◆長さの単位、1常=2尋、1尋=8尺、「尋常」は「普通の、一般的な」
kk_常勤_じょうきん,常勤,じょうきん,常:◆何時も、何時もと変わらない◆変わることなく一定の、長い間変わることがない◆普通の、一般的な◆長さの単位、1常=2尋、1尋=8尺、「尋常」は「普通の、一般的な」; 勤:◆すべきことに(仕事に)力を注(そそ)ぐ、励(はげ)む、精(セイ)を出す、同「廑」,N2,on,on+on,B_noun_rad_巾(kun 93%) | B_verb_rad_力(kun 80%),常:◆何時も、何時もと変わらない◆変わることなく一定の、長い間変わることがない◆普通の、一般的な◆長さの単位、1常=2尋、1尋=8尺、「尋常」は「普通の、一般的な」; 勤:◆すべきことに(仕事に)力を注(そそ)ぐ、励(はげ)む、精(セイ)を出す、同「廑」
kk_幕_まく,幕,まく,幕:◆上から覆い被(かぶ)せるように張る布、周りを囲うように垂らす布は「帷」「幃」、「【說文解字:巾部:幕】帷在上曰幕覆食案亦曰幕」◆舞台などの左右に開閉する垂れ幕,N2,on,on,IL2_on_only(on 99%) | B_noun_rad_巾(kun 93%),幕:◆上から覆い被(かぶ)せるように張る布、周りを囲うように垂らす布は「帷」「幃」、「【說文解字:巾部:幕】帷在上曰幕覆食案亦曰幕」◆舞台などの左右に開閉する垂れ幕
kk_干ばつ/旱魃_かんばつ,干ばつ/旱魃,かんばつ,干:◆他の領域に入り込む、侵(おか)す、犯(おか)す◆求める、欲しいものを得ようとする◆相手の攻撃を防ぐ、くい止める、盾(たて)となる、盾◆「欄干(ランカン)」、長; 旱:◆長い間雨が降らず干上がる◆陸、陸地、「干上がって水がないところ」の意; 魃:◆日照りを齎(もたら)すという鬼神、また妖怪◆「旱魃(カンバツ)」、長い間雨が降らず水が涸(か)れること,N2,on,on+on+on~,IL1_okurigana(kun 96%) | A1_compound_oku(kun 90%) | A1_on_kun_mix(on+kun 65%),干:◆他の領域に入り込む、侵(おか)す、犯(おか)す◆求める、欲しいものを得ようとする◆相手の攻撃を防ぐ、くい止める、盾(たて)となる、盾◆「欄干(ランカン)」、長; 旱:◆長い間雨が降らず干上がる◆陸、陸地、「干上がって水がないところ」の意; 魃:◆日照りを齎(もたら)すという鬼神、また妖怪◆「旱魃(カンバツ)」、長い間雨が降らず水が涸(か)れること
kk_平凡_へいぼん,平凡,へいぼん,平:◆起伏や凹凸がない、高さが揃っている◆普段通り、何時もと変わらずあるべき状態にある◆乱れがなく穏やかなさま◆均一な、等しい、斉(ひと)しい; 凡:◆(突出した物事・状態を除いた)一般的な、平均的な、ありふれた、普通の◆およ・そ、おおよそ、(特異・特殊なもの除いた)ほぼ全て、大体、押し並(な)べて,N2,on,on+on,,平:◆起伏や凹凸がない、高さが揃っている◆普段通り、何時もと変わらずあるべき状態にある◆乱れがなく穏やかなさま◆均一な、等しい、斉(ひと)しい; 凡:◆(突出した物事・状態を除いた)一般的な、平均的な、ありふれた、普通の◆およ・そ、おおよそ、(特異・特殊なもの除いた)ほぼ全て、大体、押し並(な)べて
kk_平和_へいわ,平和,へいわ,平:◆起伏や凹凸がない、高さが揃っている◆普段通り、何時もと変わらずあるべき状態にある◆乱れがなく穏やかなさま◆均一な、等しい、斉(ひと)しい; 和:◆大き過ぎず小さ過ぎない、硬過ぎず柔らか過ぎない、暑過ぎず寒過ぎない、釣り合いが取れてちょうどよいさま、程好(ほどよ)いさま、適度なさま◆気に掛ることも気に障る,N2,on,on+on,A3_short_compound(on+on 71%),平:◆起伏や凹凸がない、高さが揃っている◆普段通り、何時もと変わらずあるべき状態にある◆乱れがなく穏やかなさま◆均一な、等しい、斉(ひと)しい; 和:◆大き過ぎず小さ過ぎない、硬過ぎず柔らか過ぎない、暑過ぎず寒過ぎない、釣り合いが取れてちょうどよいさま、程好(ほどよ)いさま、適度なさま◆気に掛ることも気に障る
kk_平行_へいこう,平行,へいこう,平:◆起伏や凹凸がない、高さが揃っている◆普段通り、何時もと変わらずあるべき状態にある◆乱れがなく穏やかなさま◆均一な、等しい、斉(ひと)しい; 行:◆左足を前に出し(彳)次に右足を前に出す(亍)、足を交互に動かして前に進む◆目的とするところに向かって進む◆遠くに出掛ける、旅に出る◆道、人が往来する道路、同「,N2,on,on+on,,平:◆起伏や凹凸がない、高さが揃っている◆普段通り、何時もと変わらずあるべき状態にある◆乱れがなく穏やかなさま◆均一な、等しい、斉(ひと)しい; 行:◆左足を前に出し(彳)次に右足を前に出す(亍)、足を交互に動かして前に進む◆目的とするところに向かって進む◆遠くに出掛ける、旅に出る◆道、人が往来する道路、同「
kk_年月_としつき,年月,としつき,年:◆穀物が稔(みの)る、同「秊」◆農作物を収穫してから次の収穫期までの期間、四季(二十四節気)を一巡する期間、year◆誕生してから生きてその誕生日を通り過ぎた回; 月:◆地球の衛星の名、太陰(タイイン)、「日」を「太陽」というのに対して月を「太陰」という◆一年をほぼ十二等分した期間、新月(月が見えなくなる日)から次の新月までの,N2,kun,kun+kun~,,年:◆穀物が稔(みの)る、同「秊」◆農作物を収穫してから次の収穫期までの期間、四季(二十四節気)を一巡する期間、year◆誕生してから生きてその誕生日を通り過ぎた回; 月:◆地球の衛星の名、太陰(タイイン)、「日」を「太陽」というのに対して月を「太陰」という◆一年をほぼ十二等分した期間、新月(月が見えなくなる日)から次の新月までの
kk_年月_ねんげつ,年月,ねんげつ,年:◆穀物が稔(みの)る、同「秊」◆農作物を収穫してから次の収穫期までの期間、四季(二十四節気)を一巡する期間、year◆誕生してから生きてその誕生日を通り過ぎた回; 月:◆地球の衛星の名、太陰(タイイン)、「日」を「太陽」というのに対して月を「太陰」という◆一年をほぼ十二等分した期間、新月(月が見えなくなる日)から次の新月までの,N2,on,on+on,,年:◆穀物が稔(みの)る、同「秊」◆農作物を収穫してから次の収穫期までの期間、四季(二十四節気)を一巡する期間、year◆誕生してから生きてその誕生日を通り過ぎた回; 月:◆地球の衛星の名、太陰(タイイン)、「日」を「太陽」というのに対して月を「太陰」という◆一年をほぼ十二等分した期間、新月(月が見えなくなる日)から次の新月までの
kk_年配_ねんぱい,年配,ねんぱい,年:◆穀物が稔(みの)る、同「秊」◆農作物を収穫してから次の収穫期までの期間、四季(二十四節気)を一巡する期間、year◆誕生してから生きてその誕生日を通り過ぎた回; 配:◆釣り合いが取れるようにする、相応(ふさわ)しい形や状態にする◆幾つかのものを合わせて(結び付けて)整える、調和させる◆結婚した相手、また妻、「配偶(ハイグウ、,N2,other,mixed+mixed~,,年:◆穀物が稔(みの)る、同「秊」◆農作物を収穫してから次の収穫期までの期間、四季(二十四節気)を一巡する期間、year◆誕生してから生きてその誕生日を通り過ぎた回; 配:◆釣り合いが取れるようにする、相応(ふさわ)しい形や状態にする◆幾つかのものを合わせて(結び付けて)整える、調和させる◆結婚した相手、また妻、「配偶(ハイグウ、
kk_幸運/好運_こううん,幸運/好運,こううん,幸:◆凶事を免れて運が良いさま、同「倖」◆(思い掛けない)喜ばしいことや良いこと、またそれが起きること、またその状態◆願う、希望する◆天子の寵愛を受ける、「寵愛を受; 運:◆場所や位置を移し変える、移動する、移転する、「運行(ウンコウ)」◆止(とど)まることなく位置や状況などが移り変わる、止(と)まらないように次へ次へと場所や位置; 好:◆自分にとって快く受け入れることができること(事・言)やもの(物・者)、その逆が「悪」、「好悪(コウオ)」◆良い、善(よ)い、心地良い、丁度良い、勝手(かって、,N2,on,on+on+on+on~,A4_multi_on(on+on+on+on 65%),幸:◆凶事を免れて運が良いさま、同「倖」◆(思い掛けない)喜ばしいことや良いこと、またそれが起きること、またその状態◆願う、希望する◆天子の寵愛を受ける、「寵愛を受; 運:◆場所や位置を移し変える、移動する、移転する、「運行(ウンコウ)」◆止(とど)まることなく位置や状況などが移り変わる、止(と)まらないように次へ次へと場所や位置; 好:◆自分にとって快く受け入れることができること(事・言)やもの(物・者)、その逆が「悪」、「好悪(コウオ)」◆良い、善(よ)い、心地良い、丁度良い、勝手(かって、
kk_幼稚_ようち,幼稚,ようち,幼:◆十分に年を経(へ)ていないさま◆十分な程度に達していないさま、未熟なさま◆(幼い子を大切に育てるように)たっぷりの愛情を込めて慈(いつく)しむ; 稚:◆芽生えたばかりの幼い穀物、同「䕌」「稺」「䄺」、「【集韻:卷七:去聲上:至第六:稺𥣦稚䄺䕌】說文幼禾也或不省亦作稚䄺䕌搱摴蒱采名通作雉」◆幼い子、「稚子(チシ,N2,on,on+on,A3_short_compound(on+on 71%),幼:◆十分に年を経(へ)ていないさま◆十分な程度に達していないさま、未熟なさま◆(幼い子を大切に育てるように)たっぷりの愛情を込めて慈(いつく)しむ; 稚:◆芽生えたばかりの幼い穀物、同「䕌」「稺」「䄺」、「【集韻:卷七:去聲上:至第六:稺𥣦稚䄺䕌】說文幼禾也或不省亦作稚䄺䕌搱摴蒱采名通作雉」◆幼い子、「稚子(チシ
kk_幾分_いくぶん,幾分,いくぶん,幾:◆微(かす)か、僅(わず)か◆殆(ほとん)ど、数や程度などがほぼ等しい(それに近い)、今にも、もう少しで、もう少しのところで、同「𧰙」「危」◆いく・つ、どれ程、; 分:◆一つに纏(まと)まっているものを幾つかに切り離す、また幾つかに仕切る(区切る)、「分割(ブンカツ)」、切り離したものを仕分けることを「別」◆一つの纏まりから一,N2,mixed,kun+on~,B_verb_rad_刀(kun 80%),幾:◆微(かす)か、僅(わず)か◆殆(ほとん)ど、数や程度などがほぼ等しい(それに近い)、今にも、もう少しで、もう少しのところで、同「𧰙」「危」◆いく・つ、どれ程、; 分:◆一つに纏(まと)まっているものを幾つかに切り離す、また幾つかに仕切る(区切る)、「分割(ブンカツ)」、切り離したものを仕分けることを「別」◆一つの纏まりから一
kk_広々_ひろびろ,広々,ひろびろ,広:◆周りに壁がなく天井が高い大きな建物、周りに遮(さえぎ)るものがなく大きく開(ひら)けているところ◆中心から外方向に大きい、四方八方に行き渡る◆左右・東西など横,N2,kun,kun,IL2_single_default(kun 84%) | B_noun_rad_广(kun 93%),広:◆周りに壁がなく天井が高い大きな建物、周りに遮(さえぎ)るものがなく大きく開(ひら)けているところ◆中心から外方向に大きい、四方八方に行き渡る◆左右・東西など横
kk_床の間_とこのま,床の間,とこのま,床:◆寝台や椅子、一段高く平らで横になったり座ったりできるようにしたもの、同「牀」◆一段高く平らなのところ、またそのような(台状、ベッドbed状)もの、同「牀」◆[; 間:◆両側からぴったりと閉じられずに開いているところ、(空間・時間・物事・関係などが)連続せずに途切れているところ、開いたり途切れたりして何もないところ、隙(すき),N2,kun,kun+kun~,IL1_okurigana(kun 96%) | A1_compound_oku(kun 90%) | A1_on_kun_mix(on+kun 65%),床:◆寝台や椅子、一段高く平らで横になったり座ったりできるようにしたもの、同「牀」◆一段高く平らなのところ、またそのような(台状、ベッドbed状)もの、同「牀」◆[; 間:◆両側からぴったりと閉じられずに開いているところ、(空間・時間・物事・関係などが)連続せずに途切れているところ、開いたり途切れたりして何もないところ、隙(すき)
kk_店屋_みせや,店屋,みせや,店:◆みせ、物を並べ売る建物、「一定の場所を占めて商売する屋根(广)のある所」の意◆たな、商品を並べる陳列棚、売り手と買い手を隔(へだ)てるカウンター、同「坫」◆[; 屋:◆日差しや雨風を遮(さえぎ)るための覆(おお)い、同「幄」◆建物の上部の日差しや雨風を遮(さえぎ)るための覆い、「屋頂(オクテイ、オクチョウ、屋根)」◆(屋根に,N2,kun,kun+kun~,A3_short_compound(on+on 71%) | B_noun_rad_广(kun 93%),店:◆みせ、物を並べ売る建物、「一定の場所を占めて商売する屋根(广)のある所」の意◆たな、商品を並べる陳列棚、売り手と買い手を隔(へだ)てるカウンター、同「坫」◆[; 屋:◆日差しや雨風を遮(さえぎ)るための覆(おお)い、同「幄」◆建物の上部の日差しや雨風を遮(さえぎ)るための覆い、「屋頂(オクテイ、オクチョウ、屋根)」◆(屋根に
kk_度々_たびたび,度々,たびたび,度:◆長さを測(はか)る際に基準となる物差し(ものさし)、またその目盛(めもり)、「度量(ドリョウ、長さと容量、人の言動をどの程度容認できるかの大きさ)」「法度(ハ,N2,kun,kun,IL2_single_default(kun 84%) | B_noun_rad_广(kun 93%),度:◆長さを測(はか)る際に基準となる物差し(ものさし)、またその目盛(めもり)、「度量(ドリョウ、長さと容量、人の言動をどの程度容認できるかの大きさ)」「法度(ハ
kk_座布団_ざぶとん,座布団,ざぶとん,"座:◆腰を据(す)える席や場所・位置、「座席(ザセキ)」◆ものを載せる台◆定まっている位置や場所、「星座(セイザ)」◆山や建物など(どっしりと据えられているもの)を; 布:◆経糸(よこいと)と緯糸(たていと)を""十""状に交差させながら織ったもの、一般にはアサ(麻)やワタ(綿)などの植物繊維で織ったものを指し、繭(まゆ)から紡(つむ; 団:◆集まって一つになる、集まって円状の塊(かたまり)になる、一つに纏(まと)まる◆同じものが寄せ集まる、また寄せ集まって塊となったもの、「集団」「団体」",N2,on,mixed+mixed+on~,A4_multi_on(on+on+on 65%) | B_noun_rad_广(kun 93%) | B_noun_rad_巾(kun 93%),"座:◆腰を据(す)える席や場所・位置、「座席(ザセキ)」◆ものを載せる台◆定まっている位置や場所、「星座(セイザ)」◆山や建物など(どっしりと据えられているもの)を; 布:◆経糸(よこいと)と緯糸(たていと)を""十""状に交差させながら織ったもの、一般にはアサ(麻)やワタ(綿)などの植物繊維で織ったものを指し、繭(まゆ)から紡(つむ; 団:◆集まって一つになる、集まって円状の塊(かたまり)になる、一つに纏(まと)まる◆同じものが寄せ集まる、また寄せ集まって塊となったもの、「集団」「団体」"
kk_座敷_ざしき,座敷,ざしき,座:◆腰を据(す)える席や場所・位置、「座席(ザセキ)」◆ものを載せる台◆定まっている位置や場所、「星座(セイザ)」◆山や建物など(どっしりと据えられているもの)を; 敷:◆一面に並べる、平らに広げる、延(の)べる◆広く漏れなく行き渡る、また行き渡らせる、同「布」◆細部にまで亘って述べる,N2,mixed,on+kun~,A3_short_compound(on+on 71%) | B_noun_rad_广(kun 93%),座:◆腰を据(す)える席や場所・位置、「座席(ザセキ)」◆ものを載せる台◆定まっている位置や場所、「星座(セイザ)」◆山や建物など(どっしりと据えられているもの)を; 敷:◆一面に並べる、平らに広げる、延(の)べる◆広く漏れなく行き渡る、また行き渡らせる、同「布」◆細部にまで亘って述べる
kk_廃止_はいし,廃止,はいし,廃:◆建物が傾き倒れる◆すた・る、使えなくなる、使われなくなる、役に立たなくなる◆それまでしていたことを止める、使うことを止める; 止:◆ものが動かないように(しっかりと)立つための支えとなる基(もと、土台)◆体を支える足(あし)◆同じ所に留(とど)まって動かない[†「止」は止まったまま動かない,N2,on,on+on,A3_short_compound(on+on 71%) | B_noun_rad_广(kun 93%),廃:◆建物が傾き倒れる◆すた・る、使えなくなる、使われなくなる、役に立たなくなる◆それまでしていたことを止める、使うことを止める; 止:◆ものが動かないように(しっかりと)立つための支えとなる基(もと、土台)◆体を支える足(あし)◆同じ所に留(とど)まって動かない[†「止」は止まったまま動かない
kk_延べ_のべ,延べ,のべ,延:◆時間や道などが途切れずに遠くまで伸びている、また続いている◆長く(広く)引き伸ばす、また伸びる◆人を招(まね)く¶別「𢌛」,N2,kun,kun,IL1_okurigana(kun 96%) | IL2_single_okuri(kun 96%),延:◆時間や道などが途切れずに遠くまで伸びている、また続いている◆長く(広く)引き伸ばす、また伸びる◆人を招(まね)く¶別「𢌛」
kk_延期_えんき,延期,えんき,延:◆時間や道などが途切れずに遠くまで伸びている、また続いている◆長く(広く)引き伸ばす、また伸びる◆人を招(まね)く¶別「𢌛」; 期:◆予定されている(約束されている)時(とき、時期、時間)、「時期(ジキ)」「期間(キカン、二つの時の間、始めの時から終わりの時までの間)」◆決められた時(時期、,N2,on,on+on,A3_short_compound(on+on 71%),延:◆時間や道などが途切れずに遠くまで伸びている、また続いている◆長く(広く)引き伸ばす、また伸びる◆人を招(まね)く¶別「𢌛」; 期:◆予定されている(約束されている)時(とき、時期、時間)、「時期(ジキ)」「期間(キカン、二つの時の間、始めの時から終わりの時までの間)」◆決められた時(時期、
kk_延長_えんちょう,延長,えんちょう,延:◆時間や道などが途切れずに遠くまで伸びている、また続いている◆長く(広く)引き伸ばす、また伸びる◆人を招(まね)く¶別「𢌛」; 長:◆距離や時間などが途切れることなく連なっている、離れたところまでずぅっと続いている、途切れなく続いているものの二点(両端)が大きく隔(へだ)たっている、またその,N2,on,on+on,,延:◆時間や道などが途切れずに遠くまで伸びている、また続いている◆長く(広く)引き伸ばす、また伸びる◆人を招(まね)く¶別「𢌛」; 長:◆距離や時間などが途切れることなく連なっている、離れたところまでずぅっと続いている、途切れなく続いているものの二点(両端)が大きく隔(へだ)たっている、またその
kk_建前_たてまえ,建前,たてまえ,建:◆(建造物を)しっかりと立てる、造(つく)る、作り上げる◆(法律などを)しっかりと定める◆意見を申し立てる◆北斗七星の柄(え)の指す方向、「建寅(ケンイン、夏暦; 前:◆(前に)進む、またその方向、同「先」、「前途(ぜんと、目的地に向かう道のり、将来)」◆位置的には先の方向、時間的には過去の方向、順序では上位の方向、同「先」、,N2,kun,kun+kun~,B_verb_rad_刀(kun 80%),建:◆(建造物を)しっかりと立てる、造(つく)る、作り上げる◆(法律などを)しっかりと定める◆意見を申し立てる◆北斗七星の柄(え)の指す方向、「建寅(ケンイン、夏暦; 前:◆(前に)進む、またその方向、同「先」、「前途(ぜんと、目的地に向かう道のり、将来)」◆位置的には先の方向、時間的には過去の方向、順序では上位の方向、同「先」、
kk_弁論_べんろん,弁論,べんろん,弁:◆頭に被(かぶ)る冠(かんむり)や帽子、冕(ベン、高位の人の正装用の冠)なども含む、同「㝸」「𢍍」◆冠を被(かぶ)る、同「𠭛」◆元服(ゲンプク、男子が成人したこ; 論:◆理(リ、道理ドウリ、筋目すじめ)に沿って考える、理に適(かな)った考え◆きちんと筋道(すじみち、道理)に沿って(順序立てて)述べる◆道理(筋や理)に照らして物,N2,on,on+on,B_verb_rad_言(kun 80%),弁:◆頭に被(かぶ)る冠(かんむり)や帽子、冕(ベン、高位の人の正装用の冠)なども含む、同「㝸」「𢍍」◆冠を被(かぶ)る、同「𠭛」◆元服(ゲンプク、男子が成人したこ; 論:◆理(リ、道理ドウリ、筋目すじめ)に沿って考える、理に適(かな)った考え◆きちんと筋道(すじみち、道理)に沿って(順序立てて)述べる◆道理(筋や理)に照らして物
kk_引き上げる_ひきあげる,引き上げる,ひきあげる,引:◆(弓の弦iに指を掛け、ぐいと)手前に寄せる、「向こうへぐいと押しやる」とは逆の動きをいう◆ぐいと伸ばす、「引領(インレイ、首を伸ばす、首を伸ばして待ち受ける); 上:◆位置・場所・地位などが高い、高い方にある◆高い方に移る、昇る、登る◆順序・時間などが前、前の方にある◆前の方に移る◆等級・品質などが高い、優れている◆殿様、皇,N2,kun,kun+kun~,IL1_okurigana(kun 96%) | A1_compound_oku(kun 90%) | A1_on_kun_mix(on+kun 65%),引:◆(弓の弦iに指を掛け、ぐいと)手前に寄せる、「向こうへぐいと押しやる」とは逆の動きをいう◆ぐいと伸ばす、「引領(インレイ、首を伸ばす、首を伸ばして待ち受ける); 上:◆位置・場所・地位などが高い、高い方にある◆高い方に移る、昇る、登る◆順序・時間などが前、前の方にある◆前の方に移る◆等級・品質などが高い、優れている◆殿様、皇
kk_引き下げる_ひきさげる,引き下げる,ひきさげる,引:◆(弓の弦iに指を掛け、ぐいと)手前に寄せる、「向こうへぐいと押しやる」とは逆の動きをいう◆ぐいと伸ばす、「引領(インレイ、首を伸ばす、首を伸ばして待ち受ける); 下:◆位置・場所・地位などが低い、低い方にある◆低い方に移る、降りる、落ちる◆順序・時間などが後(あと)、後の方にある◆後の方に移る、後(うし)ろの方へ退く◆等級・,N2,mixed,kun+on~,IL1_okurigana(kun 96%) | A1_compound_oku(kun 90%) | A1_on_kun_mix(on+kun 65%),引:◆(弓の弦iに指を掛け、ぐいと)手前に寄せる、「向こうへぐいと押しやる」とは逆の動きをいう◆ぐいと伸ばす、「引領(インレイ、首を伸ばす、首を伸ばして待ち受ける); 下:◆位置・場所・地位などが低い、低い方にある◆低い方に移る、降りる、落ちる◆順序・時間などが後(あと)、後の方にある◆後の方に移る、後(うし)ろの方へ退く◆等級・
kk_引き出す_ひきだす,引き出す,ひきだす,引:◆(弓の弦iに指を掛け、ぐいと)手前に寄せる、「向こうへぐいと押しやる」とは逆の動きをいう◆ぐいと伸ばす、「引領(インレイ、首を伸ばす、首を伸ばして待ち受ける); 出:◆範囲・領域・組織や区切り・境界の内(内側、内部、裏側、こちら側、私的なところ)から外(外側、外部、表側、向こう側、公のところ)に移る、また移す、外から内へ移る,N2,kun,kun+kun~,IL1_okurigana(kun 96%) | A1_compound_oku(kun 90%) | A1_on_kun_mix(on+kun 65%),引:◆(弓の弦iに指を掛け、ぐいと)手前に寄せる、「向こうへぐいと押しやる」とは逆の動きをいう◆ぐいと伸ばす、「引領(インレイ、首を伸ばす、首を伸ばして待ち受ける); 出:◆範囲・領域・組織や区切り・境界の内(内側、内部、裏側、こちら側、私的なところ)から外(外側、外部、表側、向こう側、公のところ)に移る、また移す、外から内へ移る
kk_引き分け_ひきわけ,引き分け,ひきわけ,引:◆(弓の弦iに指を掛け、ぐいと)手前に寄せる、「向こうへぐいと押しやる」とは逆の動きをいう◆ぐいと伸ばす、「引領(インレイ、首を伸ばす、首を伸ばして待ち受ける); 分:◆一つに纏(まと)まっているものを幾つかに切り離す、また幾つかに仕切る(区切る)、「分割(ブンカツ)」、切り離したものを仕分けることを「別」◆一つの纏まりから一,N2,kun,kun+kun~,IL1_okurigana(kun 96%) | A1_compound_oku(kun 90%) | A1_on_kun_mix(on+kun 65%),引:◆(弓の弦iに指を掛け、ぐいと)手前に寄せる、「向こうへぐいと押しやる」とは逆の動きをいう◆ぐいと伸ばす、「引領(インレイ、首を伸ばす、首を伸ばして待ち受ける); 分:◆一つに纏(まと)まっているものを幾つかに切り離す、また幾つかに仕切る(区切る)、「分割(ブンカツ)」、切り離したものを仕分けることを「別」◆一つの纏まりから一
kk_引き止める_ひきとめる,引き止める,ひきとめる,引:◆(弓の弦iに指を掛け、ぐいと)手前に寄せる、「向こうへぐいと押しやる」とは逆の動きをいう◆ぐいと伸ばす、「引領(インレイ、首を伸ばす、首を伸ばして待ち受ける); 止:◆ものが動かないように(しっかりと)立つための支えとなる基(もと、土台)◆体を支える足(あし)◆同じ所に留(とど)まって動かない[†「止」は止まったまま動かない,N2,kun,kun+kun~,IL1_okurigana(kun 96%) | A1_compound_oku(kun 90%) | A1_on_kun_mix(on+kun 65%),引:◆(弓の弦iに指を掛け、ぐいと)手前に寄せる、「向こうへぐいと押しやる」とは逆の動きをいう◆ぐいと伸ばす、「引領(インレイ、首を伸ばす、首を伸ばして待ち受ける); 止:◆ものが動かないように(しっかりと)立つための支えとなる基(もと、土台)◆体を支える足(あし)◆同じ所に留(とど)まって動かない[†「止」は止まったまま動かない
kk_引き続き_ひきつづき,引き続き,ひきつづき,引:◆(弓の弦iに指を掛け、ぐいと)手前に寄せる、「向こうへぐいと押しやる」とは逆の動きをいう◆ぐいと伸ばす、「引領(インレイ、首を伸ばす、首を伸ばして待ち受ける); 続:◆切れることなく繋(つな)がる、また連(つら)なる◆前との関係を保ちながら次々に繋がって行く、「継続(ケイゾク)」「連続(レンゾク)」◆前の物事を受け、それを後,N2,kun,kun+kun~,IL1_okurigana(kun 96%) | A1_compound_oku(kun 90%) | A1_on_kun_mix(on+kun 65%),引:◆(弓の弦iに指を掛け、ぐいと)手前に寄せる、「向こうへぐいと押しやる」とは逆の動きをいう◆ぐいと伸ばす、「引領(インレイ、首を伸ばす、首を伸ばして待ち受ける); 続:◆切れることなく繋(つな)がる、また連(つら)なる◆前との関係を保ちながら次々に繋がって行く、「継続(ケイゾク)」「連続(レンゾク)」◆前の物事を受け、それを後
kk_引き返す_ひきかえす,引き返す,ひきかえす,引:◆(弓の弦iに指を掛け、ぐいと)手前に寄せる、「向こうへぐいと押しやる」とは逆の動きをいう◆ぐいと伸ばす、「引領(インレイ、首を伸ばす、首を伸ばして待ち受ける); 返:◆帰る、行った先から出発したところに戻る、同「𢓉」◆元に戻る、元に戻す◆[日]反対向きにする、反対向きになる,N2,kun,kun+kun~,IL1_okurigana(kun 96%) | A1_compound_oku(kun 90%) | A1_on_kun_mix(on+kun 65%),引:◆(弓の弦iに指を掛け、ぐいと)手前に寄せる、「向こうへぐいと押しやる」とは逆の動きをいう◆ぐいと伸ばす、「引領(インレイ、首を伸ばす、首を伸ばして待ち受ける); 返:◆帰る、行った先から出発したところに戻る、同「𢓉」◆元に戻る、元に戻す◆[日]反対向きにする、反対向きになる
kk_引っ張る_ひっぱる,引っ張る,ひっぱる,引:◆(弓の弦iに指を掛け、ぐいと)手前に寄せる、「向こうへぐいと押しやる」とは逆の動きをいう◆ぐいと伸ばす、「引領(インレイ、首を伸ばす、首を伸ばして待ち受ける); 張:◆弓や弦楽器の弦(ゲン、つる)を弛(たる)まないように掛ける、二点間に糸や網などを渡す◆弛(ゆる)みがないようにぴんと伸ばす、皺(しわ)にならないようにぴんと延,N2,other,mixed+mixed~,IL1_okurigana(kun 96%) | A1_compound_oku(kun 90%) | A1_on_kun_mix(on+kun 65%),引:◆(弓の弦iに指を掛け、ぐいと)手前に寄せる、「向こうへぐいと押しやる」とは逆の動きをいう◆ぐいと伸ばす、「引領(インレイ、首を伸ばす、首を伸ばして待ち受ける); 張:◆弓や弦楽器の弦(ゲン、つる)を弛(たる)まないように掛ける、二点間に糸や網などを渡す◆弛(ゆる)みがないようにぴんと伸ばす、皺(しわ)にならないようにぴんと延
kk_引っ掛かる_ひっかかる,引っ掛かる,ひっかかる,引:◆(弓の弦iに指を掛け、ぐいと)手前に寄せる、「向こうへぐいと押しやる」とは逆の動きをいう◆ぐいと伸ばす、「引領(インレイ、首を伸ばす、首を伸ばして待ち受ける); 掛:◆引っ懸(か)ける、ものの上に置いて両方また片方を垂らす、ぶら下げる、同「挂」◆引っ懸かる、気になって心に(目に)止まる◆簡「挂」◆[日]体や物を斜めにしてその,N2,mixed,kun+on~,IL1_okurigana(kun 96%) | A1_compound_oku(kun 90%) | A1_on_kun_mix(on+kun 65%),引:◆(弓の弦iに指を掛け、ぐいと)手前に寄せる、「向こうへぐいと押しやる」とは逆の動きをいう◆ぐいと伸ばす、「引領(インレイ、首を伸ばす、首を伸ばして待ち受ける); 掛:◆引っ懸(か)ける、ものの上に置いて両方また片方を垂らす、ぶら下げる、同「挂」◆引っ懸かる、気になって心に(目に)止まる◆簡「挂」◆[日]体や物を斜めにしてその
kk_引っ掛ける_ひっかける,引っ掛ける,ひっかける,引:◆(弓の弦iに指を掛け、ぐいと)手前に寄せる、「向こうへぐいと押しやる」とは逆の動きをいう◆ぐいと伸ばす、「引領(インレイ、首を伸ばす、首を伸ばして待ち受ける); 掛:◆引っ懸(か)ける、ものの上に置いて両方また片方を垂らす、ぶら下げる、同「挂」◆引っ懸かる、気になって心に(目に)止まる◆簡「挂」◆[日]体や物を斜めにしてその,N2,mixed,kun+on~,IL1_okurigana(kun 96%) | A1_compound_oku(kun 90%) | A1_on_kun_mix(on+kun 65%),引:◆(弓の弦iに指を掛け、ぐいと)手前に寄せる、「向こうへぐいと押しやる」とは逆の動きをいう◆ぐいと伸ばす、「引領(インレイ、首を伸ばす、首を伸ばして待ち受ける); 掛:◆引っ懸(か)ける、ものの上に置いて両方また片方を垂らす、ぶら下げる、同「挂」◆引っ懸かる、気になって心に(目に)止まる◆簡「挂」◆[日]体や物を斜めにしてその
kk_引っ繰り返す_ひっくりかえす,引っ繰り返す,ひっくりかえす,引:◆(弓の弦iに指を掛け、ぐいと)手前に寄せる、「向こうへぐいと押しやる」とは逆の動きをいう◆ぐいと伸ばす、「引領(インレイ、首を伸ばす、首を伸ばして待ち受ける); 繰:◆繭(まゆ)から糸を引き出す、同「繅」◆色とりどりの糸を使って撚(よ)り上げた紐(ひも)、組紐、同「繅」◆経糸(たていと)と緯糸(よこいと)を二本ずつにして織っ; 返:◆帰る、行った先から出発したところに戻る、同「𢓉」◆元に戻る、元に戻す◆[日]反対向きにする、反対向きになる,N2,kun,kun+kun+kun~,IL1_okurigana(kun 96%) | A1_compound_oku(kun 90%) | A1_on_kun_mix(on+kun 65%),引:◆(弓の弦iに指を掛け、ぐいと)手前に寄せる、「向こうへぐいと押しやる」とは逆の動きをいう◆ぐいと伸ばす、「引領(インレイ、首を伸ばす、首を伸ばして待ち受ける); 繰:◆繭(まゆ)から糸を引き出す、同「繅」◆色とりどりの糸を使って撚(よ)り上げた紐(ひも)、組紐、同「繅」◆経糸(たていと)と緯糸(よこいと)を二本ずつにして織っ; 返:◆帰る、行った先から出発したところに戻る、同「𢓉」◆元に戻る、元に戻す◆[日]反対向きにする、反対向きになる
kk_引っ繰り返る_ひっくりかえる,引っ繰り返る,ひっくりかえる,引:◆(弓の弦iに指を掛け、ぐいと)手前に寄せる、「向こうへぐいと押しやる」とは逆の動きをいう◆ぐいと伸ばす、「引領(インレイ、首を伸ばす、首を伸ばして待ち受ける); 繰:◆繭(まゆ)から糸を引き出す、同「繅」◆色とりどりの糸を使って撚(よ)り上げた紐(ひも)、組紐、同「繅」◆経糸(たていと)と緯糸(よこいと)を二本ずつにして織っ; 返:◆帰る、行った先から出発したところに戻る、同「𢓉」◆元に戻る、元に戻す◆[日]反対向きにする、反対向きになる,N2,kun,kun+kun+kun~,IL1_okurigana(kun 96%) | A1_compound_oku(kun 90%) | A1_on_kun_mix(on+kun 65%),引:◆(弓の弦iに指を掛け、ぐいと)手前に寄せる、「向こうへぐいと押しやる」とは逆の動きをいう◆ぐいと伸ばす、「引領(インレイ、首を伸ばす、首を伸ばして待ち受ける); 繰:◆繭(まゆ)から糸を引き出す、同「繅」◆色とりどりの糸を使って撚(よ)り上げた紐(ひも)、組紐、同「繅」◆経糸(たていと)と緯糸(よこいと)を二本ずつにして織っ; 返:◆帰る、行った先から出発したところに戻る、同「𢓉」◆元に戻る、元に戻す◆[日]反対向きにする、反対向きになる
kk_引っ込む_ひっこむ,引っ込む,ひっこむ,引:◆(弓の弦iに指を掛け、ぐいと)手前に寄せる、「向こうへぐいと押しやる」とは逆の動きをいう◆ぐいと伸ばす、「引領(インレイ、首を伸ばす、首を伸ばして待ち受ける); 込:◆[日]中に(内に、裏に、見えないところに)入(はい)る、入(い)れる,N2,kun,kun+kun~,IL1_okurigana(kun 96%) | A1_compound_oku(kun 90%) | A1_on_kun_mix(on+kun 65%),引:◆(弓の弦iに指を掛け、ぐいと)手前に寄せる、「向こうへぐいと押しやる」とは逆の動きをいう◆ぐいと伸ばす、「引領(インレイ、首を伸ばす、首を伸ばして待ち受ける); 込:◆[日]中に(内に、裏に、見えないところに)入(はい)る、入(い)れる
kk_引力_いんりょく,引力,いんりょく,引:◆(弓の弦iに指を掛け、ぐいと)手前に寄せる、「向こうへぐいと押しやる」とは逆の動きをいう◆ぐいと伸ばす、「引領(インレイ、首を伸ばす、首を伸ばして待ち受ける); 力:◆ものを動かすもの、ものを動かしているもの、ものに働(はたら)くもの、「強力(キョウリョク、強い力)」◆働く、務(つと)める、勤(つと)める、「努力(ドリョク、,N2,on,on+on,B_verb_rad_力(kun 80%),引:◆(弓の弦iに指を掛け、ぐいと)手前に寄せる、「向こうへぐいと押しやる」とは逆の動きをいう◆ぐいと伸ばす、「引領(インレイ、首を伸ばす、首を伸ばして待ち受ける); 力:◆ものを動かすもの、ものを動かしているもの、ものに働(はたら)くもの、「強力(キョウリョク、強い力)」◆働く、務(つと)める、勤(つと)める、「努力(ドリョク、
kk_引用_いんよう,引用,いんよう,引:◆(弓の弦iに指を掛け、ぐいと)手前に寄せる、「向こうへぐいと押しやる」とは逆の動きをいう◆ぐいと伸ばす、「引領(インレイ、首を伸ばす、首を伸ばして待ち受ける); 用:◆人や物、或いはその特性や能力を使う、また使ってあることを行う、また役立たせる◆働かせる、発揮させる、またそのために必要な特性・能力・金銭など◆以(もっ)て◆[,N2,on,on+on,,引:◆(弓の弦iに指を掛け、ぐいと)手前に寄せる、「向こうへぐいと押しやる」とは逆の動きをいう◆ぐいと伸ばす、「引領(インレイ、首を伸ばす、首を伸ばして待ち受ける); 用:◆人や物、或いはその特性や能力を使う、また使ってあることを行う、また役立たせる◆働かせる、発揮させる、またそのために必要な特性・能力・金銭など◆以(もっ)て◆[
kk_引退_いんたい,引退,いんたい,引:◆(弓の弦iに指を掛け、ぐいと)手前に寄せる、「向こうへぐいと押しやる」とは逆の動きをいう◆ぐいと伸ばす、「引領(インレイ、首を伸ばす、首を伸ばして待ち受ける); 退:◆後ろに向かう、後ろへ下がる、後ろ向きに進む、逆は「進」◆今いる場所から遠ざかる方に向かう、その場を立ち去る◆体を後へ引く、身を引く◆状態が悪くなる(衰える、弱,N2,on,on+on,,引:◆(弓の弦iに指を掛け、ぐいと)手前に寄せる、「向こうへぐいと押しやる」とは逆の動きをいう◆ぐいと伸ばす、「引領(インレイ、首を伸ばす、首を伸ばして待ち受ける); 退:◆後ろに向かう、後ろへ下がる、後ろ向きに進む、逆は「進」◆今いる場所から遠ざかる方に向かう、その場を立ち去る◆体を後へ引く、身を引く◆状態が悪くなる(衰える、弱
kk_弟子_でし,弟子,でし,弟:◆同じ親を持つ自分よりも後から生まれた男子、同「𠂖」、先に生まれた男子は「兄」◆年長者や兄姉を敬い従う、同「悌」◆「弟靡(テイビ)」、逆らうことなく従う、「【莊; 子:◆母親から産まれるもの、古くは男女を問わず「子」といったが、現代中国では男の子(息子)を指す◆新しく産まれる(生まれる)ものの元となるもの、植物の種や実、動物の,N2,on,on+on,A3_short_compound(on+on 71%),弟:◆同じ親を持つ自分よりも後から生まれた男子、同「𠂖」、先に生まれた男子は「兄」◆年長者や兄姉を敬い従う、同「悌」◆「弟靡(テイビ)」、逆らうことなく従う、「【莊; 子:◆母親から産まれるもの、古くは男女を問わず「子」といったが、現代中国では男の子(息子)を指す◆新しく産まれる(生まれる)ものの元となるもの、植物の種や実、動物の
kk_弱々しい_よわよわしい,弱々しい,よわよわしい,弱:◆(何かをするために必要な)力が十分でない、力が足りない、力が劣(おと)っている、力強さがない◆やや足りない、やや及ばない◆衰(おとろ)える、力強さがなくなる◆,N2,kun,kun,IL1_okurigana(kun 96%) | IL2_single_okuri(kun 96%),弱:◆(何かをするために必要な)力が十分でない、力が足りない、力が劣(おと)っている、力強さがない◆やや足りない、やや及ばない◆衰(おとろ)える、力強さがなくなる◆
kk_弱点_じゃくてん,弱点,じゃくてん,弱:◆(何かをするために必要な)力が十分でない、力が足りない、力が劣(おと)っている、力強さがない◆やや足りない、やや及ばない◆衰(おとろ)える、力強さがなくなる◆; 点:◆小さな(黒い)染(し)み・瑕(きず)・印(しるし)、またそのようなものを付ける、「汚点(オテン)」◆小さく狭く限られた場所・範囲・位置・事柄、「地点(チテン),N2,on,on+on,,弱:◆(何かをするために必要な)力が十分でない、力が足りない、力が劣(おと)っている、力強さがない◆やや足りない、やや及ばない◆衰(おとろ)える、力強さがなくなる◆; 点:◆小さな(黒い)染(し)み・瑕(きず)・印(しるし)、またそのようなものを付ける、「汚点(オテン)」◆小さく狭く限られた場所・範囲・位置・事柄、「地点(チテン)
kk_張り切る_はりきる,張り切る,はりきる,張:◆弓や弦楽器の弦(ゲン、つる)を弛(たる)まないように掛ける、二点間に糸や網などを渡す◆弛(ゆる)みがないようにぴんと伸ばす、皺(しわ)にならないようにぴんと延; 切:◆刃物などですっと断(た)つ、裁(た)つ、割(さ)く◆ぴったりとしたさま、隙(すき)がないさま、「親切(シンセツ)」◆近くまで迫(せま)る、差し迫る、「切近(セ,N2,kun,kun+kun~,IL1_okurigana(kun 96%) | A1_compound_oku(kun 90%) | A1_on_kun_mix(on+kun 65%),張:◆弓や弦楽器の弦(ゲン、つる)を弛(たる)まないように掛ける、二点間に糸や網などを渡す◆弛(ゆる)みがないようにぴんと伸ばす、皺(しわ)にならないようにぴんと延; 切:◆刃物などですっと断(た)つ、裁(た)つ、割(さ)く◆ぴったりとしたさま、隙(すき)がないさま、「親切(シンセツ)」◆近くまで迫(せま)る、差し迫る、「切近(セ
kk_強まる_つよまる,強まる,つよまる,強:◆堅(かた)く曲がったり歪(ゆが)んだり弛(ゆる)んだりすることがないさま、どんな力にも揺(ゆら)らがないさま◆力や勢いがあるさま、体力・気力が漲(みなぎ)って,N2,kun,kun,IL1_okurigana(kun 96%) | IL2_single_okuri(kun 96%),強:◆堅(かた)く曲がったり歪(ゆが)んだり弛(ゆる)んだりすることがないさま、どんな力にも揺(ゆら)らがないさま◆力や勢いがあるさま、体力・気力が漲(みなぎ)って
kk_強み_つよみ,強み,つよみ,強:◆堅(かた)く曲がったり歪(ゆが)んだり弛(ゆる)んだりすることがないさま、どんな力にも揺(ゆら)らがないさま◆力や勢いがあるさま、体力・気力が漲(みなぎ)って,N2,kun,kun,IL1_okurigana(kun 96%) | IL2_single_okuri(kun 96%),強:◆堅(かた)く曲がったり歪(ゆが)んだり弛(ゆる)んだりすることがないさま、どんな力にも揺(ゆら)らがないさま◆力や勢いがあるさま、体力・気力が漲(みなぎ)って
kk_強める_つよめる,強める,つよめる,強:◆堅(かた)く曲がったり歪(ゆが)んだり弛(ゆる)んだりすることがないさま、どんな力にも揺(ゆら)らがないさま◆力や勢いがあるさま、体力・気力が漲(みなぎ)って,N2,kun,kun,IL1_okurigana(kun 96%) | IL2_single_okuri(kun 96%),強:◆堅(かた)く曲がったり歪(ゆが)んだり弛(ゆる)んだりすることがないさま、どんな力にも揺(ゆら)らがないさま◆力や勢いがあるさま、体力・気力が漲(みなぎ)って
kk_強力_きょうりょく,強力,きょうりょく,強:◆堅(かた)く曲がったり歪(ゆが)んだり弛(ゆる)んだりすることがないさま、どんな力にも揺(ゆら)らがないさま◆力や勢いがあるさま、体力・気力が漲(みなぎ)って; 力:◆ものを動かすもの、ものを動かしているもの、ものに働(はたら)くもの、「強力(キョウリョク、強い力)」◆働く、務(つと)める、勤(つと)める、「努力(ドリョク、,N2,on,on+on,B_verb_rad_力(kun 80%),強:◆堅(かた)く曲がったり歪(ゆが)んだり弛(ゆる)んだりすることがないさま、どんな力にも揺(ゆら)らがないさま◆力や勢いがあるさま、体力・気力が漲(みなぎ)って; 力:◆ものを動かすもの、ものを動かしているもの、ものに働(はたら)くもの、「強力(キョウリョク、強い力)」◆働く、務(つと)める、勤(つと)める、「努力(ドリョク、
kk_強化_きょうか,強化,きょうか,強:◆堅(かた)く曲がったり歪(ゆが)んだり弛(ゆる)んだりすることがないさま、どんな力にも揺(ゆら)らがないさま◆力や勢いがあるさま、体力・気力が漲(みなぎ)って; 化:◆性質・形状・状態などが元とは全く違ったものに変わる、まだ元の様子が分かる程度の変化は「変」◆他の影響を受けて、また時間を経ることによって考えや態度などが変わる,N2,on,on+on,A3_short_compound(on+on 71%),強:◆堅(かた)く曲がったり歪(ゆが)んだり弛(ゆる)んだりすることがないさま、どんな力にも揺(ゆら)らがないさま◆力や勢いがあるさま、体力・気力が漲(みなぎ)って; 化:◆性質・形状・状態などが元とは全く違ったものに変わる、まだ元の様子が分かる程度の変化は「変」◆他の影響を受けて、また時間を経ることによって考えや態度などが変わる
kk_強引_ごういん,強引,ごういん,強:◆堅(かた)く曲がったり歪(ゆが)んだり弛(ゆる)んだりすることがないさま、どんな力にも揺(ゆら)らがないさま◆力や勢いがあるさま、体力・気力が漲(みなぎ)って; 引:◆(弓の弦iに指を掛け、ぐいと)手前に寄せる、「向こうへぐいと押しやる」とは逆の動きをいう◆ぐいと伸ばす、「引領(インレイ、首を伸ばす、首を伸ばして待ち受ける),N2,on,on+on,,強:◆堅(かた)く曲がったり歪(ゆが)んだり弛(ゆる)んだりすることがないさま、どんな力にも揺(ゆら)らがないさま◆力や勢いがあるさま、体力・気力が漲(みなぎ)って; 引:◆(弓の弦iに指を掛け、ぐいと)手前に寄せる、「向こうへぐいと押しやる」とは逆の動きをいう◆ぐいと伸ばす、「引領(インレイ、首を伸ばす、首を伸ばして待ち受ける)
kk_強情_ごうじょう,強情,ごうじょう,強:◆堅(かた)く曲がったり歪(ゆが)んだり弛(ゆる)んだりすることがないさま、どんな力にも揺(ゆら)らがないさま◆力や勢いがあるさま、体力・気力が漲(みなぎ)って; 情:◆物事(特に他の人)からの働き掛けで起こる喜怒哀楽愛好悪欲などの心の動き、「感情(カンジョウ)」◆他に寄せる思い、「愛情(アイジョウ)」◆異性に寄せる思い、好意,N2,on,on+on,,強:◆堅(かた)く曲がったり歪(ゆが)んだり弛(ゆる)んだりすることがないさま、どんな力にも揺(ゆら)らがないさま◆力や勢いがあるさま、体力・気力が漲(みなぎ)って; 情:◆物事(特に他の人)からの働き掛けで起こる喜怒哀楽愛好悪欲などの心の動き、「感情(カンジョウ)」◆他に寄せる思い、「愛情(アイジョウ)」◆異性に寄せる思い、好意
kk_強気_つよき,強気,つよき,強:◆堅(かた)く曲がったり歪(ゆが)んだり弛(ゆる)んだりすることがないさま、どんな力にも揺(ゆら)らがないさま◆力や勢いがあるさま、体力・気力が漲(みなぎ)って; 気:◆中国古来の考えで、天地全ての事物の基本要素、目に見えず形状は一定しない、あらゆる事物の生死・盛衰などの変化・変動はこの「気」の移動・集散によるものと考えられた,N2,mixed,kun+on~,A3_short_compound(on+on 71%),強:◆堅(かた)く曲がったり歪(ゆが)んだり弛(ゆる)んだりすることがないさま、どんな力にも揺(ゆら)らがないさま◆力や勢いがあるさま、体力・気力が漲(みなぎ)って; 気:◆中国古来の考えで、天地全ての事物の基本要素、目に見えず形状は一定しない、あらゆる事物の生死・盛衰などの変化・変動はこの「気」の移動・集散によるものと考えられた
kk_当て嵌まる_あてはまる,当て嵌まる,あてはまる,当:◆正面からぶつかる、正面から向き合う、相対する、同「噹」◆適合する、相応しい◆受け持つ、引き受ける◆そうするべき、そうあるべき◆この(this)、今、此処(ここ; 嵌:◆は・める、窪(くぼ)みや空(あ)いたところ(空いているところ)に物を入れ込む、入れて動かないようする、「象嵌(ゾウガン、象眼)」、同「篏」◆高い山に囲まれて窪,N2,kun,kun+kun~,IL1_okurigana(kun 96%) | A1_compound_oku(kun 90%) | A1_on_kun_mix(on+kun 65%),当:◆正面からぶつかる、正面から向き合う、相対する、同「噹」◆適合する、相応しい◆受け持つ、引き受ける◆そうするべき、そうあるべき◆この(this)、今、此処(ここ; 嵌:◆は・める、窪(くぼ)みや空(あ)いたところ(空いているところ)に物を入れ込む、入れて動かないようする、「象嵌(ゾウガン、象眼)」、同「篏」◆高い山に囲まれて窪
kk_当て嵌める_あてはめる,当て嵌める,あてはめる,当:◆正面からぶつかる、正面から向き合う、相対する、同「噹」◆適合する、相応しい◆受け持つ、引き受ける◆そうするべき、そうあるべき◆この(this)、今、此処(ここ; 嵌:◆は・める、窪(くぼ)みや空(あ)いたところ(空いているところ)に物を入れ込む、入れて動かないようする、「象嵌(ゾウガン、象眼)」、同「篏」◆高い山に囲まれて窪,N2,kun,kun+kun~,IL1_okurigana(kun 96%) | A1_compound_oku(kun 90%) | A1_on_kun_mix(on+kun 65%),当:◆正面からぶつかる、正面から向き合う、相対する、同「噹」◆適合する、相応しい◆受け持つ、引き受ける◆そうするべき、そうあるべき◆この(this)、今、此処(ここ; 嵌:◆は・める、窪(くぼ)みや空(あ)いたところ(空いているところ)に物を入れ込む、入れて動かないようする、「象嵌(ゾウガン、象眼)」、同「篏」◆高い山に囲まれて窪
kk_当時_とうじ,当時,とうじ,当:◆正面からぶつかる、正面から向き合う、相対する、同「噹」◆適合する、相応しい◆受け持つ、引き受ける◆そうするべき、そうあるべき◆この(this)、今、此処(ここ; 時:◆一年の四分の一、季節、「一時(イチジ、三カ月、一季節)」「四時(シジ、四つの季節、四季)」◆一日の十二分の一、現在は二十四分の一、「時刻(ジコク)」◆年代、期,N2,on,on+on,A3_short_compound(on+on 71%),当:◆正面からぶつかる、正面から向き合う、相対する、同「噹」◆適合する、相応しい◆受け持つ、引き受ける◆そうするべき、そうあるべき◆この(this)、今、此処(ここ; 時:◆一年の四分の一、季節、「一時(イチジ、三カ月、一季節)」「四時(シジ、四つの季節、四季)」◆一日の十二分の一、現在は二十四分の一、「時刻(ジコク)」◆年代、期
kk_当然_とうぜん,当然,とうぜん,当:◆正面からぶつかる、正面から向き合う、相対する、同「噹」◆適合する、相応しい◆受け持つ、引き受ける◆そうするべき、そうあるべき◆この(this)、今、此処(ここ; 然:◆燃やす、火で焼く、「イヌ(犬、狗)の肉(月)を燃やす(灬)」の意、同「燃」◆～のような、～のように◆しか・も、その上に、それでも◆しか・り、その通り、yes◆,N2,on,on+on,,当:◆正面からぶつかる、正面から向き合う、相対する、同「噹」◆適合する、相応しい◆受け持つ、引き受ける◆そうするべき、そうあるべき◆この(this)、今、此処(ここ; 然:◆燃やす、火で焼く、「イヌ(犬、狗)の肉(月)を燃やす(灬)」の意、同「燃」◆～のような、～のように◆しか・も、その上に、それでも◆しか・り、その通り、yes◆
kk_当番_とうばん,当番,とうばん,当:◆正面からぶつかる、正面から向き合う、相対する、同「噹」◆適合する、相応しい◆受け持つ、引き受ける◆そうするべき、そうあるべき◆この(this)、今、此処(ここ; 番:◆順に並んでいるものを次々に入れ替えながら繰り返すこと、またその順位、またその順位に当たること、「輪番(リンバン、順番に交替しながら繰り返すこと)」「當番(トウ,N2,on,on+on,,当:◆正面からぶつかる、正面から向き合う、相対する、同「噹」◆適合する、相応しい◆受け持つ、引き受ける◆そうするべき、そうあるべき◆この(this)、今、此処(ここ; 番:◆順に並んでいるものを次々に入れ替えながら繰り返すこと、またその順位、またその順位に当たること、「輪番(リンバン、順番に交替しながら繰り返すこと)」「當番(トウ
kk_彫刻_ちょうこく,彫刻,ちょうこく,彫:◆模様や文字を刻み込む、同「雕」◆模様を刻み込んで飾り立てる◆萎(な)える、衰える、零落(おちぶ)れる、同「凋」; 刻:◆(刀で)切り込みを入れる、彫(ほ)り込む◆印(しるし)をつける、目印を彫る◆(水時計や日時計の)目盛り、時間の区切り目[†古く一刻は一日の百分の一、後に一時間,N2,on,on+on,B_verb_rad_刀(kun 80%),彫:◆模様や文字を刻み込む、同「雕」◆模様を刻み込んで飾り立てる◆萎(な)える、衰える、零落(おちぶ)れる、同「凋」; 刻:◆(刀で)切り込みを入れる、彫(ほ)り込む◆印(しるし)をつける、目印を彫る◆(水時計や日時計の)目盛り、時間の区切り目[†古く一刻は一日の百分の一、後に一時間
kk_役者_やくしゃ,役者,やくしゃ,役:◆辺境の守備をさせる、人に厳しい労働をさせる◆労働、戦(いくさ)、またそれらの労務に服する人◆割り当てられた任務や職務、またそれを務める人; 者:◆～の人、～する人、「使者(ししゃ、使いをする人、運び届けること)」◆こと(事)、もの(物)、「再者(サイシャ、更に付け加えること、追伸)」「前者(ゼンシャ、前,N2,on,on+on,A3_short_compound(on+on 71%),役:◆辺境の守備をさせる、人に厳しい労働をさせる◆労働、戦(いくさ)、またそれらの労務に服する人◆割り当てられた任務や職務、またそれを務める人; 者:◆～の人、～する人、「使者(ししゃ、使いをする人、運び届けること)」◆こと(事)、もの(物)、「再者(サイシャ、更に付け加えること、追伸)」「前者(ゼンシャ、前
kk_役職_やくしょく,役職,やくしょく,役:◆辺境の守備をさせる、人に厳しい労働をさせる◆労働、戦(いくさ)、またそれらの労務に服する人◆割り当てられた任務や職務、またそれを務める人; 職:◆力を注ぐべき仕事や役割、またその責任を担(にな)う◆一定の業務や役目を司(つかさど)る◆担当する業務や役目、またそこでの地位,N2,on,on+on,,役:◆辺境の守備をさせる、人に厳しい労働をさせる◆労働、戦(いくさ)、またそれらの労務に服する人◆割り当てられた任務や職務、またそれを務める人; 職:◆力を注ぐべき仕事や役割、またその責任を担(にな)う◆一定の業務や役目を司(つかさど)る◆担当する業務や役目、またそこでの地位
kk_往来_おうらい,往来,おうらい,往:◆目的とする方に向かって行く、遠ざかって行く、去って行く、手前に向かって来るのは「復」◆過ぎ去る、行ってしまう◆以前、昔、嘗(かつ)て◆死ぬ、「死後の世界に行く; 来:◆(人や時間や物事が)向こうからこちらに近づく、「到来(トウライ)」、同「倈」「徠」「逨」「𧼛」◆招き寄せる、「こちらに来させる」の意◆ある時点から今まで、今に,N2,on,on+on,B_noun_rad_木(kun 93%),往:◆目的とする方に向かって行く、遠ざかって行く、去って行く、手前に向かって来るのは「復」◆過ぎ去る、行ってしまう◆以前、昔、嘗(かつ)て◆死ぬ、「死後の世界に行く; 来:◆(人や時間や物事が)向こうからこちらに近づく、「到来(トウライ)」、同「倈」「徠」「逨」「𧼛」◆招き寄せる、「こちらに来させる」の意◆ある時点から今まで、今に
kk_待ち合わせ_まちあわせ,待ち合わせ,まちあわせ,待:◆その人・時間・機会などが来るまで(その状態になるまで)その場に止(とど)まる、同「𥩳」◆持て成す(もてなす)、準備を整えて応接する、心を尽くして応対する◆「不; 合:◆人や物が集まって一緒になる、また一つになる◆幾つかのものを集め一緒にする、幾つかのものが集まり同じになる◆同じものを纏(まと)めた全体◆ぴったりと一致する、当,N2,kun,kun+kun~,IL1_okurigana(kun 96%) | A1_compound_oku(kun 90%) | A1_on_kun_mix(on+kun 65%),待:◆その人・時間・機会などが来るまで(その状態になるまで)その場に止(とど)まる、同「𥩳」◆持て成す(もてなす)、準備を整えて応接する、心を尽くして応対する◆「不; 合:◆人や物が集まって一緒になる、また一つになる◆幾つかのものを集め一緒にする、幾つかのものが集まり同じになる◆同じものを纏(まと)めた全体◆ぴったりと一致する、当
kk_待ち望む_まちのぞむ,待ち望む,まちのぞむ,待:◆その人・時間・機会などが来るまで(その状態になるまで)その場に止(とど)まる、同「𥩳」◆持て成す(もてなす)、準備を整えて応接する、心を尽くして応対する◆「不; 望:◆待っている人や物事の到着をまだかまだかと待つ、期待する、そうなって欲しいと思う◆(待ち望む方を)見やる、遠くを見やる◆仰ぎ見る、他から仰ぎ見られる◆もち、陰暦,N2,kun,kun+kun~,IL1_okurigana(kun 96%) | A1_compound_oku(kun 90%) | A1_on_kun_mix(on+kun 65%),待:◆その人・時間・機会などが来るまで(その状態になるまで)その場に止(とど)まる、同「𥩳」◆持て成す(もてなす)、準備を整えて応接する、心を尽くして応対する◆「不; 望:◆待っている人や物事の到着をまだかまだかと待つ、期待する、そうなって欲しいと思う◆(待ち望む方を)見やる、遠くを見やる◆仰ぎ見る、他から仰ぎ見られる◆もち、陰暦
kk_待遇_たいぐう,待遇,たいぐう,待:◆その人・時間・機会などが来るまで(その状態になるまで)その場に止(とど)まる、同「𥩳」◆持て成す(もてなす)、準備を整えて応接する、心を尽くして応対する◆「不; 遇:◆期せずして(予め示し合せることなく)出会う、偶然出会(でくわ)す、巡(めぐ)り合う、「遭遇(ソウグウ)」◆巡(めぐ)り合せ、機会、「境遇(キョウグウ)」◆相手,N2,on,on+on,,待:◆その人・時間・機会などが来るまで(その状態になるまで)その場に止(とど)まる、同「𥩳」◆持て成す(もてなす)、準備を整えて応接する、心を尽くして応対する◆「不; 遇:◆期せずして(予め示し合せることなく)出会う、偶然出会(でくわ)す、巡(めぐ)り合う、「遭遇(ソウグウ)」◆巡(めぐ)り合せ、機会、「境遇(キョウグウ)」◆相手
kk_後_のち,後,のち,後:◆位置的には背の方向、時間的には未来の方向、順位・順序では下位の方向、逆は「前」「先」◆遅れる、遅れて来る◆家を継ぐ子、子孫◆簡「后」,N2,kun,kun,IL2_single_default(kun 84%),後:◆位置的には背の方向、時間的には未来の方向、順位・順序では下位の方向、逆は「前」「先」◆遅れる、遅れて来る◆家を継ぐ子、子孫◆簡「后」
kk_後半_こうはん,後半,こうはん,後:◆位置的には背の方向、時間的には未来の方向、順位・順序では下位の方向、逆は「前」「先」◆遅れる、遅れて来る◆家を継ぐ子、子孫◆簡「后」; 半:◆凡そ二分の一、二分したものの片方◆途中、距離や時間の中間付近◆まだ完全でないさま,N2,on,on+on,,後:◆位置的には背の方向、時間的には未来の方向、順位・順序では下位の方向、逆は「前」「先」◆遅れる、遅れて来る◆家を継ぐ子、子孫◆簡「后」; 半:◆凡そ二分の一、二分したものの片方◆途中、距離や時間の中間付近◆まだ完全でないさま
kk_後悔_こうかい,後悔,こうかい,後:◆位置的には背の方向、時間的には未来の方向、順位・順序では下位の方向、逆は「前」「先」◆遅れる、遅れて来る◆家を継ぐ子、子孫◆簡「后」; 悔:◆過ちや失敗を残念に思う、過ちや失敗が気になって心が沈み込む◆[日]くや・み、人の死を弔う◆外卦(ガイカ)、六つの爻(コウ、卦を表す横棒)から成る六十四卦の内の,N2,on,on+on,,後:◆位置的には背の方向、時間的には未来の方向、順位・順序では下位の方向、逆は「前」「先」◆遅れる、遅れて来る◆家を継ぐ子、子孫◆簡「后」; 悔:◆過ちや失敗を残念に思う、過ちや失敗が気になって心が沈み込む◆[日]くや・み、人の死を弔う◆外卦(ガイカ)、六つの爻(コウ、卦を表す横棒)から成る六十四卦の内の
kk_後片付け_あとかたづけ,後片付け,あとかたづけ,後:◆位置的には背の方向、時間的には未来の方向、順位・順序では下位の方向、逆は「前」「先」◆遅れる、遅れて来る◆家を継ぐ子、子孫◆簡「后」; 片:◆切って(切り開いて、切り裂いて)薄く広げたもの、薄く平らなもの◆大きなものを小さく分けたその一つ、小さいもの◆少しであるさま、僅(わず)かなさま、「片言(ヘン; 付:◆手ずから授(さず)ける、直接手を取って与える、同「仅」◆渡し与える、渡して任せる、委(ゆだ)ねる◆[日]他のものに加える、また添える、また足す、同「附」,N2,other,mixed+mixed+mixed~,IL1_okurigana(kun 96%) | A1_compound_oku(kun 90%) | A1_on_kun_mix(on+kun 65%),後:◆位置的には背の方向、時間的には未来の方向、順位・順序では下位の方向、逆は「前」「先」◆遅れる、遅れて来る◆家を継ぐ子、子孫◆簡「后」; 片:◆切って(切り開いて、切り裂いて)薄く広げたもの、薄く平らなもの◆大きなものを小さく分けたその一つ、小さいもの◆少しであるさま、僅(わず)かなさま、「片言(ヘン; 付:◆手ずから授(さず)ける、直接手を取って与える、同「仅」◆渡し与える、渡して任せる、委(ゆだ)ねる◆[日]他のものに加える、また添える、また足す、同「附」
kk_後者_こうしゃ,後者,こうしゃ,後:◆位置的には背の方向、時間的には未来の方向、順位・順序では下位の方向、逆は「前」「先」◆遅れる、遅れて来る◆家を継ぐ子、子孫◆簡「后」; 者:◆～の人、～する人、「使者(ししゃ、使いをする人、運び届けること)」◆こと(事)、もの(物)、「再者(サイシャ、更に付け加えること、追伸)」「前者(ゼンシャ、前,N2,on,on+on,A3_short_compound(on+on 71%),後:◆位置的には背の方向、時間的には未来の方向、順位・順序では下位の方向、逆は「前」「先」◆遅れる、遅れて来る◆家を継ぐ子、子孫◆簡「后」; 者:◆～の人、～する人、「使者(ししゃ、使いをする人、運び届けること)」◆こと(事)、もの(物)、「再者(サイシャ、更に付け加えること、追伸)」「前者(ゼンシャ、前
kk_徐々に_じょじょに,徐々に,じょじょに,徐:◆ゆっくりと行く◆ゆっくりとしたさま、ゆったりとしたさま◆古国名、周代(シュウ、西周、前11世紀～前771年)から春秋時代(前770年～前5世紀)にかけての諸侯,N2,on,on,IL1_okurigana(kun 96%) | IL2_single_okuri(kun 96%),徐:◆ゆっくりと行く◆ゆっくりとしたさま、ゆったりとしたさま◆古国名、周代(シュウ、西周、前11世紀～前771年)から春秋時代(前770年～前5世紀)にかけての諸侯
kk_徒歩_とほ,徒歩,とほ,徒:◆かち、乗り物に乗らず歩いて行く、同「𢓂」◆何も持たない、「徒手(トシュ、手に何も持たないこと)」◆いたずら・に、むだ、あだ、空(むな)しい、無駄に、「手に何も; 歩:◆片足を地に着け止め、残る片足を前に運んで止める、という動作を左右の足で交互に繰り返す、この動作を速く繰り返すことを「走」◆物事が前に進む、またその進み具合◆左,N2,on,on+on,A3_short_compound(on+on 71%),徒:◆かち、乗り物に乗らず歩いて行く、同「𢓂」◆何も持たない、「徒手(トシュ、手に何も持たないこと)」◆いたずら・に、むだ、あだ、空(むな)しい、無駄に、「手に何も; 歩:◆片足を地に着け止め、残る片足を前に運んで止める、という動作を左右の足で交互に繰り返す、この動作を速く繰り返すことを「走」◆物事が前に進む、またその進み具合◆左
kk_従って_したがって,従って,したがって,従:◆付き随(したが)う、前の人や物事の後(あと)に付いて行く、同「蹤」「䢨」「𨑢」◆考え・規則・指示・命令・前例などを受け入れる、また逆らうことなくその通りにする,N2,kun,kun,IL1_okurigana(kun 96%) | IL2_single_okuri(kun 96%),従:◆付き随(したが)う、前の人や物事の後(あと)に付いて行く、同「蹤」「䢨」「𨑢」◆考え・規則・指示・命令・前例などを受け入れる、また逆らうことなくその通りにする
kk_従来_じゅうらい,従来,じゅうらい,従:◆付き随(したが)う、前の人や物事の後(あと)に付いて行く、同「蹤」「䢨」「𨑢」◆考え・規則・指示・命令・前例などを受け入れる、また逆らうことなくその通りにする; 来:◆(人や時間や物事が)向こうからこちらに近づく、「到来(トウライ)」、同「倈」「徠」「逨」「𧼛」◆招き寄せる、「こちらに来させる」の意◆ある時点から今まで、今に,N2,on,on+on,B_noun_rad_木(kun 93%),従:◆付き随(したが)う、前の人や物事の後(あと)に付いて行く、同「蹤」「䢨」「𨑢」◆考え・規則・指示・命令・前例などを受け入れる、また逆らうことなくその通りにする; 来:◆(人や時間や物事が)向こうからこちらに近づく、「到来(トウライ)」、同「倈」「徠」「逨」「𧼛」◆招き寄せる、「こちらに来させる」の意◆ある時点から今まで、今に
kk_御世辞_おせじ,御世辞,おせじ,御:◆(馬などを)意のままに操(あやつ)る、またその人、同「馭」◆治(おさ)める、統治(トウチ)する◆天子に関する言葉に付けて尊敬の意を表す語◆侍(はべ)る、天子に; 世:◆地位や家督を継(つ)いでから次の代(ダイ)に引き継ぐまでの期間、同「代」◆家督(カトク)を継(つ)ぐ、「【前漢書(漢書):卷四十八:賈誼傳】…賈嘉最好學世其家; 辞:◆説(と)く、分かるように順序立てて話す、説明する、「【說文解字注:辛部:辭】說也(…說者釋也)𤔬辛猶理辜也」◆丁寧に分かり易く述べる、また説明する、またその言,N2,mixed,kun+on+on~,A4_multi_on(on+on+on 65%),御:◆(馬などを)意のままに操(あやつ)る、またその人、同「馭」◆治(おさ)める、統治(トウチ)する◆天子に関する言葉に付けて尊敬の意を表す語◆侍(はべ)る、天子に; 世:◆地位や家督を継(つ)いでから次の代(ダイ)に引き継ぐまでの期間、同「代」◆家督(カトク)を継(つ)ぐ、「【前漢書(漢書):卷四十八:賈誼傳】…賈嘉最好學世其家; 辞:◆説(と)く、分かるように順序立てて話す、説明する、「【說文解字注:辛部:辭】說也(…說者釋也)𤔬辛猶理辜也」◆丁寧に分かり易く述べる、また説明する、またその言
kk_御八つ_おやつ,御八つ,おやつ,御:◆(馬などを)意のままに操(あやつ)る、またその人、同「馭」◆治(おさ)める、統治(トウチ)する◆天子に関する言葉に付けて尊敬の意を表す語◆侍(はべ)る、天子に; 八:◆数の名、八番目の数 ◆左右に分ける、別れる、反対方向に進んで次第に遠ざかる、同「別」◆はち、部首名,N2,kun,kun+kun,IL1_okurigana(kun 96%) | A1_compound_oku(kun 90%) | A1_on_kun_mix(on+kun 65%),御:◆(馬などを)意のままに操(あやつ)る、またその人、同「馭」◆治(おさ)める、統治(トウチ)する◆天子に関する言葉に付けて尊敬の意を表す語◆侍(はべ)る、天子に; 八:◆数の名、八番目の数 ◆左右に分ける、別れる、反対方向に進んで次第に遠ざかる、同「別」◆はち、部首名
kk_御目出度い_おめでたい,御目出度い,おめでたい,御:◆(馬などを)意のままに操(あやつ)る、またその人、同「馭」◆治(おさ)める、統治(トウチ)する◆天子に関する言葉に付けて尊敬の意を表す語◆侍(はべ)る、天子に; 目:◆眼(め、眼球ガンキュウ、黒目くろめ)・白目(しろめ、結膜ケツマク)・視神経などを含むものを見る器官全体、またその形状や様子や機能◆ものを見る、また見分ける◆眼; 出:◆範囲・領域・組織や区切り・境界の内(内側、内部、裏側、こちら側、私的なところ)から外(外側、外部、表側、向こう側、公のところ)に移る、また移す、外から内へ移る,N2,other,mixed+mixed+mixed+mixed~,IL1_okurigana(kun 96%) | A1_compound_oku(kun 90%) | A1_on_kun_mix(on+kun 65%),御:◆(馬などを)意のままに操(あやつ)る、またその人、同「馭」◆治(おさ)める、統治(トウチ)する◆天子に関する言葉に付けて尊敬の意を表す語◆侍(はべ)る、天子に; 目:◆眼(め、眼球ガンキュウ、黒目くろめ)・白目(しろめ、結膜ケツマク)・視神経などを含むものを見る器官全体、またその形状や様子や機能◆ものを見る、また見分ける◆眼; 出:◆範囲・領域・組織や区切り・境界の内(内側、内部、裏側、こちら側、私的なところ)から外(外側、外部、表側、向こう側、公のところ)に移る、また移す、外から内へ移る
kk_御負け_おまけ,御負け,おまけ,御:◆(馬などを)意のままに操(あやつ)る、またその人、同「馭」◆治(おさ)める、統治(トウチ)する◆天子に関する言葉に付けて尊敬の意を表す語◆侍(はべ)る、天子に; 負:◆荷を背に載(の)せる、肩は「擔」「担」◆荷や仕事や責任などを引き受ける、「重い荷を背負う」の意◆(背後にあるものを)頼る、頼りにする、当てにする◆背を向ける、,N2,kun,kun+kun,IL1_okurigana(kun 96%) | A1_compound_oku(kun 90%) | A1_on_kun_mix(on+kun 65%),御:◆(馬などを)意のままに操(あやつ)る、またその人、同「馭」◆治(おさ)める、統治(トウチ)する◆天子に関する言葉に付けて尊敬の意を表す語◆侍(はべ)る、天子に; 負:◆荷を背に載(の)せる、肩は「擔」「担」◆荷や仕事や責任などを引き受ける、「重い荷を背負う」の意◆(背後にあるものを)頼る、頼りにする、当てにする◆背を向ける、
kk_循環_じゅんかん,循環,じゅんかん,循:◆既に道筋が付いているものや頼りになるものに沿って行く、道形(みちなり)に進む、先例などに従う◆自ら判断・選択をせずにそこにある道や先例に従う、人の意見や指示に; 環:◆中央に孔(あな)のあいた輪状の玉(ギョク、大変美しい石)製の礼器、玉の部分(肉)と孔の部分(好)の大きさががほぼ同じもの、好が小さいものを「璧」、好が大きいも,N2,on,on+on,,循:◆既に道筋が付いているものや頼りになるものに沿って行く、道形(みちなり)に進む、先例などに従う◆自ら判断・選択をせずにそこにある道や先例に従う、人の意見や指示に; 環:◆中央に孔(あな)のあいた輪状の玉(ギョク、大変美しい石)製の礼器、玉の部分(肉)と孔の部分(好)の大きさががほぼ同じもの、好が小さいものを「璧」、好が大きいも
kk_微妙_びみょう,微妙,びみょう,微:◆非常に小さい、はっきり見えないほど小さい、同「𢼸」「𣁋」◆小さくて目立たない◆目立たないようにこっそりと、密(ひそ)かに、同「𧗬」◆身分が低い、「身分が低く目; 妙:◆(人の手によるものとは思われないほど)繊細なさま、精巧なさま、技が巧(たく)みなさま◆繊細で美しいさま◆年若く繊細なさま、年若く美しい人◆人の手によるものとは,N2,on,on+on,A3_short_compound(on+on 71%),微:◆非常に小さい、はっきり見えないほど小さい、同「𢼸」「𣁋」◆小さくて目立たない◆目立たないようにこっそりと、密(ひそ)かに、同「𧗬」◆身分が低い、「身分が低く目; 妙:◆(人の手によるものとは思われないほど)繊細なさま、精巧なさま、技が巧(たく)みなさま◆繊細で美しいさま◆年若く繊細なさま、年若く美しい人◆人の手によるものとは
kk_徹夜_てつや,徹夜,てつや,徹:◆貫(つらぬ)く、突き通す、突き抜ける◆取り去る、取り除く、同「撤」◆周代(前11世紀～前256年)の税法、耕作地百畝からの収穫物のうち十畝分を税として徴収した; 夜:◆日没から日の出までの間、陽が沈んで暗い時間帯、日中は「昼」,N2,on,on+on,A3_short_compound(on+on 71%),徹:◆貫(つらぬ)く、突き通す、突き抜ける◆取り去る、取り除く、同「撤」◆周代(前11世紀～前256年)の税法、耕作地百畝からの収穫物のうち十畝分を税として徴収した; 夜:◆日没から日の出までの間、陽が沈んで暗い時間帯、日中は「昼」
kk_徹底的_てっていてき,徹底的,てっていてき,徹:◆貫(つらぬ)く、突き通す、突き抜ける◆取り去る、取り除く、同「撤」◆周代(前11世紀～前256年)の税法、耕作地百畝からの収穫物のうち十畝分を税として徴収した; 底:◆ものの一番下の突き当たりの部分、「井底(セイテイ、井戸の底)」◆突き当たる、行き止まる、行き着く、「月底(ゲツテイ、月末)」◆ものの下にあって上のものを支えて; 的:◆弓で矢を射(い)る時の目標とするもの、同「㢩」「墑」◆額(ひたい)の部分だけが白い馬、またその額の白い部分、女性が額に施(ほどこ)す(赤い点状の)装飾◆(弓の,N2,on,on+on+on,A4_multi_on(on+on+on 65%) | B_noun_rad_广(kun 93%),徹:◆貫(つらぬ)く、突き通す、突き抜ける◆取り去る、取り除く、同「撤」◆周代(前11世紀～前256年)の税法、耕作地百畝からの収穫物のうち十畝分を税として徴収した; 底:◆ものの一番下の突き当たりの部分、「井底(セイテイ、井戸の底)」◆突き当たる、行き止まる、行き着く、「月底(ゲツテイ、月末)」◆ものの下にあって上のものを支えて; 的:◆弓で矢を射(い)る時の目標とするもの、同「㢩」「墑」◆額(ひたい)の部分だけが白い馬、またその額の白い部分、女性が額に施(ほどこ)す(赤い点状の)装飾◆(弓の
kk_心当たり_こころあたり,心当たり,こころあたり,心:◆血液を循環させる働きをする臓器で五臓(心シン・肝カン・脾ヒ・肺ハイ・腎ジン)の一つ ◆ものの真(ま)ん中、真ん中(中心)にあるもの、ものの重要な部分、ものの本; 当:◆正面からぶつかる、正面から向き合う、相対する、同「噹」◆適合する、相応しい◆受け持つ、引き受ける◆そうするべき、そうあるべき◆この(this)、今、此処(ここ,N2,kun,kun+kun,IL1_okurigana(kun 96%) | A1_compound_oku(kun 90%) | A1_on_kun_mix(on+kun 65%),心:◆血液を循環させる働きをする臓器で五臓(心シン・肝カン・脾ヒ・肺ハイ・腎ジン)の一つ ◆ものの真(ま)ん中、真ん中(中心)にあるもの、ものの重要な部分、ものの本; 当:◆正面からぶつかる、正面から向き合う、相対する、同「噹」◆適合する、相応しい◆受け持つ、引き受ける◆そうするべき、そうあるべき◆この(this)、今、此処(ここ
kk_心得_こころえ,心得,こころえ,心:◆血液を循環させる働きをする臓器で五臓(心シン・肝カン・脾ヒ・肺ハイ・腎ジン)の一つ ◆ものの真(ま)ん中、真ん中(中心)にあるもの、ものの重要な部分、ものの本; 得:◆手に入れる、手に入る、自分のものにする、自分のものになる、身に付く◆ぴったりと合う、相応(ふさわ)しい◆意に適(かな)う◆～できる◆儲(もう)かる、出て行くも,N2,kun,kun+kun~,,心:◆血液を循環させる働きをする臓器で五臓(心シン・肝カン・脾ヒ・肺ハイ・腎ジン)の一つ ◆ものの真(ま)ん中、真ん中(中心)にあるもの、ものの重要な部分、ものの本; 得:◆手に入れる、手に入る、自分のものにする、自分のものになる、身に付く◆ぴったりと合う、相応(ふさわ)しい◆意に適(かな)う◆～できる◆儲(もう)かる、出て行くも
kk_心得る_こころえる,心得る,こころえる,心:◆血液を循環させる働きをする臓器で五臓(心シン・肝カン・脾ヒ・肺ハイ・腎ジン)の一つ ◆ものの真(ま)ん中、真ん中(中心)にあるもの、ものの重要な部分、ものの本; 得:◆手に入れる、手に入る、自分のものにする、自分のものになる、身に付く◆ぴったりと合う、相応(ふさわ)しい◆意に適(かな)う◆～できる◆儲(もう)かる、出て行くも,N2,kun,kun+kun,IL1_okurigana(kun 96%) | A1_compound_oku(kun 90%) | A1_on_kun_mix(on+kun 65%),心:◆血液を循環させる働きをする臓器で五臓(心シン・肝カン・脾ヒ・肺ハイ・腎ジン)の一つ ◆ものの真(ま)ん中、真ん中(中心)にあるもの、ものの重要な部分、ものの本; 得:◆手に入れる、手に入る、自分のものにする、自分のものになる、身に付く◆ぴったりと合う、相応(ふさわ)しい◆意に適(かな)う◆～できる◆儲(もう)かる、出て行くも
kk_心掛かり_こころがかり,心掛かり,こころがかり,心:◆血液を循環させる働きをする臓器で五臓(心シン・肝カン・脾ヒ・肺ハイ・腎ジン)の一つ ◆ものの真(ま)ん中、真ん中(中心)にあるもの、ものの重要な部分、ものの本; 掛:◆引っ懸(か)ける、ものの上に置いて両方また片方を垂らす、ぶら下げる、同「挂」◆引っ懸かる、気になって心に(目に)止まる◆簡「挂」◆[日]体や物を斜めにしてその,N2,mixed,kun+on~,IL1_okurigana(kun 96%) | A1_compound_oku(kun 90%) | A1_on_kun_mix(on+kun 65%),心:◆血液を循環させる働きをする臓器で五臓(心シン・肝カン・脾ヒ・肺ハイ・腎ジン)の一つ ◆ものの真(ま)ん中、真ん中(中心)にあるもの、ものの重要な部分、ものの本; 掛:◆引っ懸(か)ける、ものの上に置いて両方また片方を垂らす、ぶら下げる、同「挂」◆引っ懸かる、気になって心に(目に)止まる◆簡「挂」◆[日]体や物を斜めにしてその
kk_心構え_こころがまえ,心構え,こころがまえ,心:◆血液を循環させる働きをする臓器で五臓(心シン・肝カン・脾ヒ・肺ハイ・腎ジン)の一つ ◆ものの真(ま)ん中、真ん中(中心)にあるもの、ものの重要な部分、ものの本; 構:◆材木をしっかりと組んで建物を作る、また出来上がった建物◆(建物・作品・組織など)幾つかの素材や要素を組み合わせて作り上げる、また組み立て上がったもの◆組み立て,N2,other,mixed+mixed~,IL1_okurigana(kun 96%) | A1_compound_oku(kun 90%) | A1_on_kun_mix(on+kun 65%),心:◆血液を循環させる働きをする臓器で五臓(心シン・肝カン・脾ヒ・肺ハイ・腎ジン)の一つ ◆ものの真(ま)ん中、真ん中(中心)にあるもの、ものの重要な部分、ものの本; 構:◆材木をしっかりと組んで建物を作る、また出来上がった建物◆(建物・作品・組織など)幾つかの素材や要素を組み合わせて作り上げる、また組み立て上がったもの◆組み立て
kk_心身_しんしん,心身,しんしん,心:◆血液を循環させる働きをする臓器で五臓(心シン・肝カン・脾ヒ・肺ハイ・腎ジン)の一つ ◆ものの真(ま)ん中、真ん中(中心)にあるもの、ものの重要な部分、ものの本; 身:◆(頭部を除いた)体(からだ)、躯体(クタイ)、同「躯」「躬」◆中に含まれているもの、また入っているもの、本体◆人の一生、命(いのち)◆吾(われ)、我(わ)が、,N2,on,on+on,,心:◆血液を循環させる働きをする臓器で五臓(心シン・肝カン・脾ヒ・肺ハイ・腎ジン)の一つ ◆ものの真(ま)ん中、真ん中(中心)にあるもの、ものの重要な部分、ものの本; 身:◆(頭部を除いた)体(からだ)、躯体(クタイ)、同「躯」「躬」◆中に含まれているもの、また入っているもの、本体◆人の一生、命(いのち)◆吾(われ)、我(わ)が、
kk_心遣い_こころづかい,心遣い,こころづかい,心:◆血液を循環させる働きをする臓器で五臓(心シン・肝カン・脾ヒ・肺ハイ・腎ジン)の一つ ◆ものの真(ま)ん中、真ん中(中心)にあるもの、ものの重要な部分、ものの本; 遣:◆人を行かせる、差し向ける、「派遣(ハケン)」◆追いやる、追い払う◆人や物を送る◆死者を葬(ほうむ)る際に共に埋葬する副葬品、「遣車(ケンシャ、副葬品を載せる車,N2,other,mixed+mixed~,IL1_okurigana(kun 96%) | A1_compound_oku(kun 90%) | A1_on_kun_mix(on+kun 65%),心:◆血液を循環させる働きをする臓器で五臓(心シン・肝カン・脾ヒ・肺ハイ・腎ジン)の一つ ◆ものの真(ま)ん中、真ん中(中心)にあるもの、ものの重要な部分、ものの本; 遣:◆人を行かせる、差し向ける、「派遣(ハケン)」◆追いやる、追い払う◆人や物を送る◆死者を葬(ほうむ)る際に共に埋葬する副葬品、「遣車(ケンシャ、副葬品を載せる車
kk_心配事_しんぱいごと,心配事,しんぱいごと,心:◆血液を循環させる働きをする臓器で五臓(心シン・肝カン・脾ヒ・肺ハイ・腎ジン)の一つ ◆ものの真(ま)ん中、真ん中(中心)にあるもの、ものの重要な部分、ものの本; 配:◆釣り合いが取れるようにする、相応(ふさわ)しい形や状態にする◆幾つかのものを合わせて(結び付けて)整える、調和させる◆結婚した相手、また妻、「配偶(ハイグウ、; 事:◆こと、動作・現象・状態など形のないものを指す語、形のあるものは「物」、「事情(ジジョウ、ことの様子)」「無事(ブジ、何事もないさま)」◆職(ショク)、仕事や役,N2,other,mixed+mixed+mixed~,A4_multi_on(on+on+on 65%),心:◆血液を循環させる働きをする臓器で五臓(心シン・肝カン・脾ヒ・肺ハイ・腎ジン)の一つ ◆ものの真(ま)ん中、真ん中(中心)にあるもの、ものの重要な部分、ものの本; 配:◆釣り合いが取れるようにする、相応(ふさわ)しい形や状態にする◆幾つかのものを合わせて(結び付けて)整える、調和させる◆結婚した相手、また妻、「配偶(ハイグウ、; 事:◆こと、動作・現象・状態など形のないものを指す語、形のあるものは「物」、「事情(ジジョウ、ことの様子)」「無事(ブジ、何事もないさま)」◆職(ショク)、仕事や役
kk_必需品_ひつじゅひん,必需品,ひつじゅひん,必:◆かなら・ず、確実に～、間違いなく～、きっと～; 需:◆(雨降りに合って早く止まないかと)待ち望む◆欲しいものや必要なもの、またそれを得たいと思う、また思いながら待つ; 品:◆物(もの)、多くの物、様々な物◆もの(人や物)の本質・価値・程度を判断する◆ものの値打ち、また価値、また程度・等級,N2,on,on+on+on,A4_multi_on(on+on+on 65%) | B_noun_rad_雨(kun 93%),必:◆かなら・ず、確実に～、間違いなく～、きっと～; 需:◆(雨降りに合って早く止まないかと)待ち望む◆欲しいものや必要なもの、またそれを得たいと思う、また思いながら待つ; 品:◆物(もの)、多くの物、様々な物◆もの(人や物)の本質・価値・程度を判断する◆ものの値打ち、また価値、また程度・等級
kk_忌憚_きたん,忌憚,きたん,忌:◆憎(にく)む、嫌(きら)う◆嫌って避ける、憚(はばか)る、「忌諱(キキ)」、同「誋」「𢭄」◆「忌日(キジツ)」、親の命日、行動や言葉を慎(つつし)む日; 憚:◆意に沿わないことを(意に沿わないことになるのではないかと恐れて)避ける、また嫌(きら)う、同「憚」◆[日]気兼ね(きがね)する、気兼ねして差し控える,N2,on,on+on,A3_short_compound(on+on 71%),忌:◆憎(にく)む、嫌(きら)う◆嫌って避ける、憚(はばか)る、「忌諱(キキ)」、同「誋」「𢭄」◆「忌日(キジツ)」、親の命日、行動や言葉を慎(つつし)む日; 憚:◆意に沿わないことを(意に沿わないことになるのではないかと恐れて)避ける、また嫌(きら)う、同「憚」◆[日]気兼ね(きがね)する、気兼ねして差し控える
kk_志望_しぼう,志望,しぼう,志:◆心が指し示す方向、遂(と)げようとする思いや考え◆思いや考えを成し遂げようとする◆記(しる)す、書き留(と)める、またその記録、同繁「誌」◆[日]こころざし、; 望:◆待っている人や物事の到着をまだかまだかと待つ、期待する、そうなって欲しいと思う◆(待ち望む方を)見やる、遠くを見やる◆仰ぎ見る、他から仰ぎ見られる◆もち、陰暦,N2,on,on+on,A3_short_compound(on+on 71%),志:◆心が指し示す方向、遂(と)げようとする思いや考え◆思いや考えを成し遂げようとする◆記(しる)す、書き留(と)める、またその記録、同繁「誌」◆[日]こころざし、; 望:◆待っている人や物事の到着をまだかまだかと待つ、期待する、そうなって欲しいと思う◆(待ち望む方を)見やる、遠くを見やる◆仰ぎ見る、他から仰ぎ見られる◆もち、陰暦
kk_応える_こたえる,応える,こたえる,応:◆相手からの問い掛けや働き掛けに対して自分の意思を態度で示す、言葉で返すのは「答」◆相手の求めを受け入れる◆当然～すべき、当然～であろう,N2,kun,kun,IL1_okurigana(kun 96%) | IL2_single_okuri(kun 96%),応:◆相手からの問い掛けや働き掛けに対して自分の意思を態度で示す、言葉で返すのは「答」◆相手の求めを受け入れる◆当然～すべき、当然～であろう
kk_応じる_おうじる,応じる,おうじる,応:◆相手からの問い掛けや働き掛けに対して自分の意思を態度で示す、言葉で返すのは「答」◆相手の求めを受け入れる◆当然～すべき、当然～であろう,N2,on,on,IL1_okurigana(kun 96%) | IL2_single_okuri(kun 96%),応:◆相手からの問い掛けや働き掛けに対して自分の意思を態度で示す、言葉で返すのは「答」◆相手の求めを受け入れる◆当然～すべき、当然～であろう
kk_応援_おうえん,応援,おうえん,応:◆相手からの問い掛けや働き掛けに対して自分の意思を態度で示す、言葉で返すのは「答」◆相手の求めを受け入れる◆当然～すべき、当然～であろう; 援:◆手で引く、引き寄せる、引っ張る◆引用する、他を引いて用いる、「援用(エンヨウ)」◆手を貸して助ける、「援助(エンジョ)」「援護(エンゴ)」,N2,on,on+on,B_verb_rad_手(kun 80%),応:◆相手からの問い掛けや働き掛けに対して自分の意思を態度で示す、言葉で返すのは「答」◆相手の求めを受け入れる◆当然～すべき、当然～であろう; 援:◆手で引く、引き寄せる、引っ張る◆引用する、他を引いて用いる、「援用(エンヨウ)」◆手を貸して助ける、「援助(エンジョ)」「援護(エンゴ)」
kk_応答_おうとう,応答,おうとう,応:◆相手からの問い掛けや働き掛けに対して自分の意思を態度で示す、言葉で返すのは「答」◆相手の求めを受け入れる◆当然～すべき、当然～であろう; 答:◆相手からの問い掛けや働き掛けに対して自分の意思を言葉や態度で返す、返事をする◆相手からの問い掛けや働き掛けに応対する、応(こた)える◆相手の心遣いなどに言葉や,N2,on,on+on,B_noun_rad_竹(kun 93%),応:◆相手からの問い掛けや働き掛けに対して自分の意思を態度で示す、言葉で返すのは「答」◆相手の求めを受け入れる◆当然～すべき、当然～であろう; 答:◆相手からの問い掛けや働き掛けに対して自分の意思を言葉や態度で返す、返事をする◆相手からの問い掛けや働き掛けに応対する、応(こた)える◆相手の心遣いなどに言葉や
kk_忠告_ちゅうこく,忠告,ちゅうこく,忠:◆心からの誠意(セイイ)、私心(シシン)がなく偽(いつ)りのない気持ちや態度◆(主君に対し)私心を捨て一途(イチズ)に誠(まこと)を尽くす◆[日]律令制で弾正台; 告:◆(下位者が上位者に、また人に)～であると(～であることを)知らせる、伝える、「報告(ホウコク)」、上位者が下位者に対して告げるのは「誥」◆上位者が下位者に知ら,N2,on,on+on,,忠:◆心からの誠意(セイイ)、私心(シシン)がなく偽(いつ)りのない気持ちや態度◆(主君に対し)私心を捨て一途(イチズ)に誠(まこと)を尽くす◆[日]律令制で弾正台; 告:◆(下位者が上位者に、また人に)～であると(～であることを)知らせる、伝える、「報告(ホウコク)」、上位者が下位者に対して告げるのは「誥」◆上位者が下位者に知ら
kk_快晴_かいせい,快晴,かいせい,快:◆こころよ・い、心がすっきりする、心地がよい、気持ちがよい、「爽快(ソウカイ)」◆すっきりとするさま、さっぱりとしたさま、すっぱりとしたさま◆動きが速い; 晴:◆(雨や雪が止んで)雲がなくなる、雲がなく空が澄み渡る、同「夝」「暒」,N2,on,on+on,,快:◆こころよ・い、心がすっきりする、心地がよい、気持ちがよい、「爽快(ソウカイ)」◆すっきりとするさま、さっぱりとしたさま、すっぱりとしたさま◆動きが速い; 晴:◆(雨や雪が止んで)雲がなくなる、雲がなく空が澄み渡る、同「夝」「暒」
kk_快適_かいてき,快適,かいてき,快:◆こころよ・い、心がすっきりする、心地がよい、気持ちがよい、「爽快(ソウカイ)」◆すっきりとするさま、さっぱりとしたさま、すっぱりとしたさま◆動きが速い; 適:◆(目的とする方に向かって)往く、(目的とする方に)向かう◆向かう方向が目的に合っている、意に沿(そ)っている、相応(ふさわ)しい◆(ちょうど合っていて、自分の,N2,on,on+on,,快:◆こころよ・い、心がすっきりする、心地がよい、気持ちがよい、「爽快(ソウカイ)」◆すっきりとするさま、さっぱりとしたさま、すっぱりとしたさま◆動きが速い; 適:◆(目的とする方に向かって)往く、(目的とする方に)向かう◆向かう方向が目的に合っている、意に沿(そ)っている、相応(ふさわ)しい◆(ちょうど合っていて、自分の
kk_念の為に_ねんのために,念の為に,ねんのために,念:◆常に心に留めて思い考える、心の中に留まり去らない思いや考え◆口をほとんど閉じた状態で低い声を長く伸ばして読む◆二十、「廿」の大写字(「二」は「貳」、「三」は「; 為:◆サル(猿)の一種、未詳、「母猴(ボコウ)」◆～をする、～を行う◆～に働きかける◆(～をして、～を行って)～を作る、～に作り上げる、形作る◆(～をして、～をする,N2,mixed,on+kun~,IL1_okurigana(kun 96%) | A1_compound_oku(kun 90%) | A1_on_kun_mix(on+kun 65%),念:◆常に心に留めて思い考える、心の中に留まり去らない思いや考え◆口をほとんど閉じた状態で低い声を長く伸ばして読む◆二十、「廿」の大写字(「二」は「貳」、「三」は「; 為:◆サル(猿)の一種、未詳、「母猴(ボコウ)」◆～をする、～を行う◆～に働きかける◆(～をして、～を行って)～を作る、～に作り上げる、形作る◆(～をして、～をする
kk_怒り_いかり,怒り,いかり,怒:◆腹を立てる、憤(いきどお)る◆勢いよいさま、奮(ふる)い立つさま,N2,kun,kun,IL1_okurigana(kun 96%) | IL2_single_okuri(kun 96%),怒:◆腹を立てる、憤(いきどお)る◆勢いよいさま、奮(ふる)い立つさま
kk_思い_おもい,思い,おもい,思:◆心の中で考える、心に浮かぶ、心に浮かべる、想(おも)う、「思慮(シリョ、あれこれと思いや考えを巡らすこと)」「相思(ソウシ、互いに相手を思うこと、思い合うこと,N2,kun,kun,IL1_okurigana(kun 96%) | IL2_single_okuri(kun 96%),思:◆心の中で考える、心に浮かぶ、心に浮かべる、想(おも)う、「思慮(シリョ、あれこれと思いや考えを巡らすこと)」「相思(ソウシ、互いに相手を思うこと、思い合うこと
kk_思いきり_おもいきり,思いきり,おもいきり,思:◆心の中で考える、心に浮かぶ、心に浮かべる、想(おも)う、「思慮(シリョ、あれこれと思いや考えを巡らすこと)」「相思(ソウシ、互いに相手を思うこと、思い合うこと,N2,kun,kun,IL1_okurigana(kun 96%) | IL2_single_okuri(kun 96%),思:◆心の中で考える、心に浮かぶ、心に浮かべる、想(おも)う、「思慮(シリョ、あれこれと思いや考えを巡らすこと)」「相思(ソウシ、互いに相手を思うこと、思い合うこと
kk_思いも寄らない_おもいもよらない,思いも寄らない,おもいもよらない,思:◆心の中で考える、心に浮かぶ、心に浮かべる、想(おも)う、「思慮(シリョ、あれこれと思いや考えを巡らすこと)」「相思(ソウシ、互いに相手を思うこと、思い合うこと; 寄:◆他のものを頼りにする、他のものに凭(もた)れ掛かる◆託(たく)する、他人(ひと)に預(あず)ける、委(ゆだ)ねる、「寄託(キタク)」「寄命(キメイ、命を託す、,N2,kun,kun+kun~,IL1_okurigana(kun 96%) | A1_compound_oku(kun 90%) | A1_on_kun_mix(on+kun 65%),思:◆心の中で考える、心に浮かぶ、心に浮かべる、想(おも)う、「思慮(シリョ、あれこれと思いや考えを巡らすこと)」「相思(ソウシ、互いに相手を思うこと、思い合うこと; 寄:◆他のものを頼りにする、他のものに凭(もた)れ掛かる◆託(たく)する、他人(ひと)に預(あず)ける、委(ゆだ)ねる、「寄託(キタク)」「寄命(キメイ、命を託す、
kk_思い付く_おもいつく,思い付く,おもいつく,思:◆心の中で考える、心に浮かぶ、心に浮かべる、想(おも)う、「思慮(シリョ、あれこれと思いや考えを巡らすこと)」「相思(ソウシ、互いに相手を思うこと、思い合うこと; 付:◆手ずから授(さず)ける、直接手を取って与える、同「仅」◆渡し与える、渡して任せる、委(ゆだ)ねる◆[日]他のものに加える、また添える、また足す、同「附」,N2,kun,kun+kun~,IL1_okurigana(kun 96%) | A1_compound_oku(kun 90%) | A1_on_kun_mix(on+kun 65%),思:◆心の中で考える、心に浮かぶ、心に浮かべる、想(おも)う、「思慮(シリョ、あれこれと思いや考えを巡らすこと)」「相思(ソウシ、互いに相手を思うこと、思い合うこと; 付:◆手ずから授(さず)ける、直接手を取って与える、同「仅」◆渡し与える、渡して任せる、委(ゆだ)ねる◆[日]他のものに加える、また添える、また足す、同「附」
kk_思い切って_おもいきって,思い切って,おもいきって,思:◆心の中で考える、心に浮かぶ、心に浮かべる、想(おも)う、「思慮(シリョ、あれこれと思いや考えを巡らすこと)」「相思(ソウシ、互いに相手を思うこと、思い合うこと; 切:◆刃物などですっと断(た)つ、裁(た)つ、割(さ)く◆ぴったりとしたさま、隙(すき)がないさま、「親切(シンセツ)」◆近くまで迫(せま)る、差し迫る、「切近(セ,N2,kun,kun+kun~,IL1_okurigana(kun 96%) | A1_compound_oku(kun 90%) | A1_on_kun_mix(on+kun 65%),思:◆心の中で考える、心に浮かぶ、心に浮かべる、想(おも)う、「思慮(シリョ、あれこれと思いや考えを巡らすこと)」「相思(ソウシ、互いに相手を思うこと、思い合うこと; 切:◆刃物などですっと断(た)つ、裁(た)つ、割(さ)く◆ぴったりとしたさま、隙(すき)がないさま、「親切(シンセツ)」◆近くまで迫(せま)る、差し迫る、「切近(セ
kk_思い掛けない_おもいかけない,思い掛けない,おもいかけない,思:◆心の中で考える、心に浮かぶ、心に浮かべる、想(おも)う、「思慮(シリョ、あれこれと思いや考えを巡らすこと)」「相思(ソウシ、互いに相手を思うこと、思い合うこと; 掛:◆引っ懸(か)ける、ものの上に置いて両方また片方を垂らす、ぶら下げる、同「挂」◆引っ懸かる、気になって心に(目に)止まる◆簡「挂」◆[日]体や物を斜めにしてその,N2,mixed,kun+on~,IL1_okurigana(kun 96%) | A1_compound_oku(kun 90%) | A1_on_kun_mix(on+kun 65%),思:◆心の中で考える、心に浮かぶ、心に浮かべる、想(おも)う、「思慮(シリョ、あれこれと思いや考えを巡らすこと)」「相思(ソウシ、互いに相手を思うこと、思い合うこと; 掛:◆引っ懸(か)ける、ものの上に置いて両方また片方を垂らす、ぶら下げる、同「挂」◆引っ懸かる、気になって心に(目に)止まる◆簡「挂」◆[日]体や物を斜めにしてその
kk_思い浮かぶ_おもいうかぶ,思い浮かぶ,おもいうかぶ,思:◆心の中で考える、心に浮かぶ、心に浮かべる、想(おも)う、「思慮(シリョ、あれこれと思いや考えを巡らすこと)」「相思(ソウシ、互いに相手を思うこと、思い合うこと; 浮:◆水中にあるものが水面に出てくる、下にあるものが空中を上に移動する◆水面に留(とど)まる、空中に留まる、水面で水の流れのままに漂う、空中で空気の動き(風)のまま,N2,mixed,kun+on~,IL1_okurigana(kun 96%) | A1_compound_oku(kun 90%) | A1_on_kun_mix(on+kun 65%),思:◆心の中で考える、心に浮かぶ、心に浮かべる、想(おも)う、「思慮(シリョ、あれこれと思いや考えを巡らすこと)」「相思(ソウシ、互いに相手を思うこと、思い合うこと; 浮:◆水中にあるものが水面に出てくる、下にあるものが空中を上に移動する◆水面に留(とど)まる、空中に留まる、水面で水の流れのままに漂う、空中で空気の動き(風)のまま
kk_思い込む_おもいこむ,思い込む,おもいこむ,思:◆心の中で考える、心に浮かぶ、心に浮かべる、想(おも)う、「思慮(シリョ、あれこれと思いや考えを巡らすこと)」「相思(ソウシ、互いに相手を思うこと、思い合うこと; 込:◆[日]中に(内に、裏に、見えないところに)入(はい)る、入(い)れる,N2,kun,kun+kun~,IL1_okurigana(kun 96%) | A1_compound_oku(kun 90%) | A1_on_kun_mix(on+kun 65%),思:◆心の中で考える、心に浮かぶ、心に浮かべる、想(おも)う、「思慮(シリョ、あれこれと思いや考えを巡らすこと)」「相思(ソウシ、互いに相手を思うこと、思い合うこと; 込:◆[日]中に(内に、裏に、見えないところに)入(はい)る、入(い)れる
kk_思う儘に_おもうままに,思う儘に,おもうままに,思:◆心の中で考える、心に浮かぶ、心に浮かべる、想(おも)う、「思慮(シリョ、あれこれと思いや考えを巡らすこと)」「相思(ソウシ、互いに相手を思うこと、思い合うこと; 儘:◆尽(つ)きる、全てが出尽くす、全てを出し切る、同「尽」◆[日]まま、その通りに、思いの通りに◆簡「侭」◆簡「尽」,N2,kun,kun+kun~,IL1_okurigana(kun 96%) | A1_compound_oku(kun 90%) | A1_on_kun_mix(on+kun 65%),思:◆心の中で考える、心に浮かぶ、心に浮かべる、想(おも)う、「思慮(シリョ、あれこれと思いや考えを巡らすこと)」「相思(ソウシ、互いに相手を思うこと、思い合うこと; 儘:◆尽(つ)きる、全てが出尽くす、全てを出し切る、同「尽」◆[日]まま、その通りに、思いの通りに◆簡「侭」◆簡「尽」
kk_思想_しそう,思想,しそう,思:◆心の中で考える、心に浮かぶ、心に浮かべる、想(おも)う、「思慮(シリョ、あれこれと思いや考えを巡らすこと)」「相思(ソウシ、互いに相手を思うこと、思い合うこと; 想:◆～について考える、また考えを巡(めぐ)らす◆～と思う、～ではないかと思う◆～したいと思う,N2,on,on+on,A3_short_compound(on+on 71%),思:◆心の中で考える、心に浮かぶ、心に浮かべる、想(おも)う、「思慮(シリョ、あれこれと思いや考えを巡らすこと)」「相思(ソウシ、互いに相手を思うこと、思い合うこと; 想:◆～について考える、また考えを巡(めぐ)らす◆～と思う、～ではないかと思う◆～したいと思う
kk_急激_きゅうげき,急激,きゅうげき,急:◆ゆとりがないさま、余裕がないさま、ゆったりとしていないさま◆せ・く、気持ちにゆとりがない、忙(せわ)しい◆いそ・ぐ、間(マ)を置かずに動く、早く動く、せかせか; 激:◆水が岩などに当たりしぶきとなって高く飛び散るさま◆勢いが強いさま、猛烈なさま◆強く人の心を揺さぶるさま,N2,on,on+on,,急:◆ゆとりがないさま、余裕がないさま、ゆったりとしていないさま◆せ・く、気持ちにゆとりがない、忙(せわ)しい◆いそ・ぐ、間(マ)を置かずに動く、早く動く、せかせか; 激:◆水が岩などに当たりしぶきとなって高く飛び散るさま◆勢いが強いさま、猛烈なさま◆強く人の心を揺さぶるさま
kk_急用_きゅうよう,急用,きゅうよう,急:◆ゆとりがないさま、余裕がないさま、ゆったりとしていないさま◆せ・く、気持ちにゆとりがない、忙(せわ)しい◆いそ・ぐ、間(マ)を置かずに動く、早く動く、せかせか; 用:◆人や物、或いはその特性や能力を使う、また使ってあることを行う、また役立たせる◆働かせる、発揮させる、またそのために必要な特性・能力・金銭など◆以(もっ)て◆[,N2,on,on+on,,急:◆ゆとりがないさま、余裕がないさま、ゆったりとしていないさま◆せ・く、気持ちにゆとりがない、忙(せわ)しい◆いそ・ぐ、間(マ)を置かずに動く、早く動く、せかせか; 用:◆人や物、或いはその特性や能力を使う、また使ってあることを行う、また役立たせる◆働かせる、発揮させる、またそのために必要な特性・能力・金銭など◆以(もっ)て◆[
kk_怪しからん_けしからん,怪しからん,けしからん,怪:◆普通とは違っていてるさま、これまでに見たことがないさま、譬(たと)えようががないさま◆得体が知れない、奇異な、不思議な◆不審に思う、疑わしく思う,N2,other,unknown,IL1_okurigana(kun 96%) | IL2_single_okuri(kun 96%),怪:◆普通とは違っていてるさま、これまでに見たことがないさま、譬(たと)えようががないさま◆得体が知れない、奇異な、不思議な◆不審に思う、疑わしく思う
kk_怪しむ_あやしむ,怪しむ,あやしむ,怪:◆普通とは違っていてるさま、これまでに見たことがないさま、譬(たと)えようががないさま◆得体が知れない、奇異な、不思議な◆不審に思う、疑わしく思う,N2,kun,kun,IL1_okurigana(kun 96%) | IL2_single_okuri(kun 96%),怪:◆普通とは違っていてるさま、これまでに見たことがないさま、譬(たと)えようががないさま◆得体が知れない、奇異な、不思議な◆不審に思う、疑わしく思う
kk_恋しい_こいしい,恋しい,こいしい,恋:◆思いを断ち切れないさま、「恋恋(レンレン)」「恋慕(レンボ、思い慕う気持ちを断ち切れないさま)」◆異性に対して抱く愛情、また愛情を抱く,N2,kun,kun,IL1_okurigana(kun 96%) | IL2_single_okuri(kun 96%),恋:◆思いを断ち切れないさま、「恋恋(レンレン)」「恋慕(レンボ、思い慕う気持ちを断ち切れないさま)」◆異性に対して抱く愛情、また愛情を抱く
kk_恋する_こいする,恋する,こいする,恋:◆思いを断ち切れないさま、「恋恋(レンレン)」「恋慕(レンボ、思い慕う気持ちを断ち切れないさま)」◆異性に対して抱く愛情、また愛情を抱く,N2,kun,kun,IL1_okurigana(kun 96%) | IL2_single_okuri(kun 96%),恋:◆思いを断ち切れないさま、「恋恋(レンレン)」「恋慕(レンボ、思い慕う気持ちを断ち切れないさま)」◆異性に対して抱く愛情、また愛情を抱く
kk_恐らく_おそらく,恐らく,おそらく,恐:◆おそ・れる、危害や不幸が及ぶかもしれないとびくびくする、また心配する、また不安になる◆おそ・らく、おそ・れ、多分、～となるかもしれない、好ましくない状態になる,N2,kun,kun,IL1_okurigana(kun 96%) | IL2_single_okuri(kun 96%),恐:◆おそ・れる、危害や不幸が及ぶかもしれないとびくびくする、また心配する、また不安になる◆おそ・らく、おそ・れ、多分、～となるかもしれない、好ましくない状態になる
kk_恐れ_おそれ,恐れ,おそれ,恐:◆おそ・れる、危害や不幸が及ぶかもしれないとびくびくする、また心配する、また不安になる◆おそ・らく、おそ・れ、多分、～となるかもしれない、好ましくない状態になる,N2,kun,kun,IL1_okurigana(kun 96%) | IL2_single_okuri(kun 96%),恐:◆おそ・れる、危害や不幸が及ぶかもしれないとびくびくする、また心配する、また不安になる◆おそ・らく、おそ・れ、多分、～となるかもしれない、好ましくない状態になる
kk_恐れ入る_おそれいる,恐れ入る,おそれいる,恐:◆おそ・れる、危害や不幸が及ぶかもしれないとびくびくする、また心配する、また不安になる◆おそ・らく、おそ・れ、多分、～となるかもしれない、好ましくない状態になる; 入:◆範囲・領域・組織や区切り・境界の外(外側、外部、表側、向こう側、公のところ)から内(内側、内部、裏側、こちら側、私的なところ)に移る、また移す、内から外へ移る,N2,kun,kun+kun~,IL1_okurigana(kun 96%) | A1_compound_oku(kun 90%) | A1_on_kun_mix(on+kun 65%),恐:◆おそ・れる、危害や不幸が及ぶかもしれないとびくびくする、また心配する、また不安になる◆おそ・らく、おそ・れ、多分、～となるかもしれない、好ましくない状態になる; 入:◆範囲・領域・組織や区切り・境界の外(外側、外部、表側、向こう側、公のところ)から内(内側、内部、裏側、こちら側、私的なところ)に移る、また移す、内から外へ移る
kk_恐怖_きょうふ,恐怖,きょうふ,恐:◆おそ・れる、危害や不幸が及ぶかもしれないとびくびくする、また心配する、また不安になる◆おそ・らく、おそ・れ、多分、～となるかもしれない、好ましくない状態になる; 怖:◆(身に迫って来るものに対して)恐れる、畏(おそ)れる、おどおどする、びくびくする、身を竦(すく)ませる、同「惶」◆お・じける、恐れで身が竦む,N2,on,on+on,A3_short_compound(on+on 71%),恐:◆おそ・れる、危害や不幸が及ぶかもしれないとびくびくする、また心配する、また不安になる◆おそ・らく、おそ・れ、多分、～となるかもしれない、好ましくない状態になる; 怖:◆(身に迫って来るものに対して)恐れる、畏(おそ)れる、おどおどする、びくびくする、身を竦(すく)ませる、同「惶」◆お・じける、恐れで身が竦む
kk_恩_おん,恩,おん,恩:◆心からの情愛や配慮、恵(めぐ)み、慈(いつく)しみ,N2,on,on,IL2_on_only(on 99%),恩:◆心からの情愛や配慮、恵(めぐ)み、慈(いつく)しみ
kk_恩恵_おんけい,恩恵,おんけい,恩:◆心からの情愛や配慮、恵(めぐ)み、慈(いつく)しみ; 恵:◆慈(いつく)しみの心を持って金品を与える、相手に対し思いやりの気持ちを持って接する、「恩惠(オンケイ)」「惠風(ケイフウ、恵みの風、穏おだやかで暖かい風)」◆,N2,on,on+on,,恩:◆心からの情愛や配慮、恵(めぐ)み、慈(いつく)しみ; 恵:◆慈(いつく)しみの心を持って金品を与える、相手に対し思いやりの気持ちを持って接する、「恩惠(オンケイ)」「惠風(ケイフウ、恵みの風、穏おだやかで暖かい風)」◆
kk_恵まれる_めぐまれる,恵まれる,めぐまれる,恵:◆慈(いつく)しみの心を持って金品を与える、相手に対し思いやりの気持ちを持って接する、「恩惠(オンケイ)」「惠風(ケイフウ、恵みの風、穏おだやかで暖かい風)」◆,N2,kun,kun,IL1_okurigana(kun 96%) | IL2_single_okuri(kun 96%),恵:◆慈(いつく)しみの心を持って金品を与える、相手に対し思いやりの気持ちを持って接する、「恩惠(オンケイ)」「惠風(ケイフウ、恵みの風、穏おだやかで暖かい風)」◆
kk_悔いる_くいる,悔いる,くいる,悔:◆過ちや失敗を残念に思う、過ちや失敗が気になって心が沈み込む◆[日]くや・み、人の死を弔う◆外卦(ガイカ)、六つの爻(コウ、卦を表す横棒)から成る六十四卦の内の,N2,kun,kun,IL1_okurigana(kun 96%) | IL2_single_okuri(kun 96%),悔:◆過ちや失敗を残念に思う、過ちや失敗が気になって心が沈み込む◆[日]くや・み、人の死を弔う◆外卦(ガイカ)、六つの爻(コウ、卦を表す横棒)から成る六十四卦の内の
kk_悠々_ゆうゆう,悠々,ゆうゆう,悠:◆遥(はる)か遠いさま、どこまでも(いつまでも)続くさま◆ゆったりとしたさま、長閑(のどか)なさま,N2,on,on,IL2_on_only(on 99%),悠:◆遥(はる)か遠いさま、どこまでも(いつまでも)続くさま◆ゆったりとしたさま、長閑(のどか)なさま
kk_悩ます_なやます,悩ます,なやます,悩:◆なや・む、迷い苦しむ、心が乱れる,N2,kun,kun,IL1_okurigana(kun 96%) | IL2_single_okuri(kun 96%),悩:◆なや・む、迷い苦しむ、心が乱れる
kk_悪魔_あくま,悪魔,あくま,悪:◆良くない、劣る、好ましくない◆憎む、好ましくない(良くない)感情を抱く◆不快な、不吉な◆忌(いま)まわしい、醜(みにく)い、またそのように行い◆道を誤る、道義; 魔:◆心を乱し惑わせ、悟りを開くための修行を妨(さまた)げようとする悪神、「魔羅(マラ、Māra[梵]の音写)」◆人の心に入り込み、道から外(はず)れるように誘い仕,N2,on,on+on,A3_short_compound(on+on 71%),悪:◆良くない、劣る、好ましくない◆憎む、好ましくない(良くない)感情を抱く◆不快な、不吉な◆忌(いま)まわしい、醜(みにく)い、またそのように行い◆道を誤る、道義; 魔:◆心を乱し惑わせ、悟りを開くための修行を妨(さまた)げようとする悪神、「魔羅(マラ、Māra[梵]の音写)」◆人の心に入り込み、道から外(はず)れるように誘い仕
kk_悲劇_ひげき,悲劇,ひげき,悲:◆心が深く(ひりひりと)痛む、心が締め付けられているような感じがして苦しむ、声は出るが涙は出ない状態、「【說文解字注:心部:悲】痛也(按憯者痛之深者也恫者痛之專; 劇:◆激しい、烈(はげ)しい、甚(はなは)だしい◆忙(せわ)しい、目まぐるしい◆舞踊や芝居、同「戯」,N2,on,on+on,A3_short_compound(on+on 71%) | B_verb_rad_刀(kun 80%),悲:◆心が深く(ひりひりと)痛む、心が締め付けられているような感じがして苦しむ、声は出るが涙は出ない状態、「【說文解字注:心部:悲】痛也(按憯者痛之深者也恫者痛之專; 劇:◆激しい、烈(はげ)しい、甚(はなは)だしい◆忙(せわ)しい、目まぐるしい◆舞踊や芝居、同「戯」
kk_悲惨_ひさん,悲惨,ひさん,悲:◆心が深く(ひりひりと)痛む、心が締め付けられているような感じがして苦しむ、声は出るが涙は出ない状態、「【說文解字注:心部:悲】痛也(按憯者痛之深者也恫者痛之專; 惨:◆心が痛(いた)む、心を痛める◆痛ましい、哀(あわ)れで痛々しい◆(程度が)激しい、甚(はなは)だしい、酷(ひど)い,N2,on,on+on,A3_short_compound(on+on 71%),悲:◆心が深く(ひりひりと)痛む、心が締め付けられているような感じがして苦しむ、声は出るが涙は出ない状態、「【說文解字注:心部:悲】痛也(按憯者痛之深者也恫者痛之專; 惨:◆心が痛(いた)む、心を痛める◆痛ましい、哀(あわ)れで痛々しい◆(程度が)激しい、甚(はなは)だしい、酷(ひど)い
kk_情熱_じょうねつ,情熱,じょうねつ,情:◆物事(特に他の人)からの働き掛けで起こる喜怒哀楽愛好悪欲などの心の動き、「感情(カンジョウ)」◆他に寄せる思い、「愛情(アイジョウ)」◆異性に寄せる思い、好意; 熱:◆火に温められて立ち昇る温気や蒸気◆火に当たって温度が高くなる、太陽の熱によって気温が上がるのは「暑」◆火照(ほて)る◆盛んになる、夢中になる,N2,on,on+on,,情:◆物事(特に他の人)からの働き掛けで起こる喜怒哀楽愛好悪欲などの心の動き、「感情(カンジョウ)」◆他に寄せる思い、「愛情(アイジョウ)」◆異性に寄せる思い、好意; 熱:◆火に温められて立ち昇る温気や蒸気◆火に当たって温度が高くなる、太陽の熱によって気温が上がるのは「暑」◆火照(ほて)る◆盛んになる、夢中になる
kk_惜しまず_おしまず,惜しまず,おしまず,惜:◆残念に思う、心が痛む◆お・しむ、手放しがたい、手の内から離れてしまわないように大切にする,N2,kun,kun,IL1_okurigana(kun 96%) | IL2_single_okuri(kun 96%),惜:◆残念に思う、心が痛む◆お・しむ、手放しがたい、手の内から離れてしまわないように大切にする
kk_想定_そうてい,想定,そうてい,想:◆～について考える、また考えを巡(めぐ)らす◆～と思う、～ではないかと思う◆～したいと思う; 定:◆さだ・まる、動きや乱れが鎮(しず)まって変化・変動しない状態になる、平静になる、落ち着く、「鎮定(チンテイ)」◆さだ・める、動いたり揺らいだりしない状態にする,N2,on,on+on,B_noun_rad_宀(kun 93%),想:◆～について考える、また考えを巡(めぐ)らす◆～と思う、～ではないかと思う◆～したいと思う; 定:◆さだ・まる、動きや乱れが鎮(しず)まって変化・変動しない状態になる、平静になる、落ち着く、「鎮定(チンテイ)」◆さだ・める、動いたり揺らいだりしない状態にする
kk_意地悪_いじわる,意地悪,いじわる,意:◆心の中にあって外(言葉や態度・行動など)には出さない思いや考え、心の動きや働き、気持ち◆物事の内にあって表には現れ出ないもの、内に込められているもの; 地:◆重い陰気が(下に沈み)集まるところ、万物が居並ぶ(存在する)ところ、軽い陽気が(上に浮き)集まるところを「天(テン)」、「【說文解字注:土部:地】元气初分輕清; 悪:◆良くない、劣る、好ましくない◆憎む、好ましくない(良くない)感情を抱く◆不快な、不吉な◆忌(いま)まわしい、醜(みにく)い、またそのように行い◆道を誤る、道義,N2,mixed,on+on+kun~,A4_multi_on(on+on+on 65%),意:◆心の中にあって外(言葉や態度・行動など)には出さない思いや考え、心の動きや働き、気持ち◆物事の内にあって表には現れ出ないもの、内に込められているもの; 地:◆重い陰気が(下に沈み)集まるところ、万物が居並ぶ(存在する)ところ、軽い陽気が(上に浮き)集まるところを「天(テン)」、「【說文解字注:土部:地】元气初分輕清; 悪:◆良くない、劣る、好ましくない◆憎む、好ましくない(良くない)感情を抱く◆不快な、不吉な◆忌(いま)まわしい、醜(みにく)い、またそのように行い◆道を誤る、道義
kk_意思_いし,意思,いし,意:◆心の中にあって外(言葉や態度・行動など)には出さない思いや考え、心の動きや働き、気持ち◆物事の内にあって表には現れ出ないもの、内に込められているもの; 思:◆心の中で考える、心に浮かぶ、心に浮かべる、想(おも)う、「思慮(シリョ、あれこれと思いや考えを巡らすこと)」「相思(ソウシ、互いに相手を思うこと、思い合うこと,N2,on,on+on,A3_short_compound(on+on 71%),意:◆心の中にあって外(言葉や態度・行動など)には出さない思いや考え、心の動きや働き、気持ち◆物事の内にあって表には現れ出ないもの、内に込められているもの; 思:◆心の中で考える、心に浮かぶ、心に浮かべる、想(おも)う、「思慮(シリョ、あれこれと思いや考えを巡らすこと)」「相思(ソウシ、互いに相手を思うこと、思い合うこと
kk_愚図つく_ぐずつく,愚図つく,ぐずつく,愚:◆智慧(チエ)が身に付いていない、頭の働きや反応が鈍(にぶ)い、またそのような人◆自分や自分に関することを言う語の頭に付けて謙遜の意味を表す、相手に対する敬称は; 図:◆四角い紙などに地形やものの形やその様相などを描く、また描いたもの◆はか・る、事に先立って案を作る、計画する,N2,on,on+on~,IL1_okurigana(kun 96%) | A1_compound_oku(kun 90%) | A1_on_kun_mix(on+kun 65%),愚:◆智慧(チエ)が身に付いていない、頭の働きや反応が鈍(にぶ)い、またそのような人◆自分や自分に関することを言う語の頭に付けて謙遜の意味を表す、相手に対する敬称は; 図:◆四角い紙などに地形やものの形やその様相などを描く、また描いたもの◆はか・る、事に先立って案を作る、計画する
kk_感染_かんせん,感染,かんせん,感:◆外部から受けた刺激を知覚する◆外部からの刺激を受けて心や体が反応する、また動く; 染:◆液体が小さな隙間に滲(し)み込む、布などを液体に浸(ひた)して着色する、色を滲み込ませる◆色や匂いなどが付着する、またそれによってそれまでとは別のものになる、,N2,on,on+on,B_noun_rad_木(kun 93%),感:◆外部から受けた刺激を知覚する◆外部からの刺激を受けて心や体が反応する、また動く; 染:◆液体が小さな隙間に滲(し)み込む、布などを液体に浸(ひた)して着色する、色を滲み込ませる◆色や匂いなどが付着する、またそれによってそれまでとは別のものになる、
kk_感激_かんげき,感激,かんげき,感:◆外部から受けた刺激を知覚する◆外部からの刺激を受けて心や体が反応する、また動く; 激:◆水が岩などに当たりしぶきとなって高く飛び散るさま◆勢いが強いさま、猛烈なさま◆強く人の心を揺さぶるさま,N2,on,on+on,,感:◆外部から受けた刺激を知覚する◆外部からの刺激を受けて心や体が反応する、また動く; 激:◆水が岩などに当たりしぶきとなって高く飛び散るさま◆勢いが強いさま、猛烈なさま◆強く人の心を揺さぶるさま
kk_感覚_かんかく,感覚,かんかく,感:◆外部から受けた刺激を知覚する◆外部からの刺激を受けて心や体が反応する、また動く; 覚:◆目を醒(さ)ます、眠りから醒める、正常な認識や判断ができない状態から抜け出る◆迷いや暗がりから抜け出る、明るみに出る◆辺りの状況が意識・認識できるようになる、,N2,on,on+on,,感:◆外部から受けた刺激を知覚する◆外部からの刺激を受けて心や体が反応する、また動く; 覚:◆目を醒(さ)ます、眠りから醒める、正常な認識や判断ができない状態から抜け出る◆迷いや暗がりから抜け出る、明るみに出る◆辺りの状況が意識・認識できるようになる、
kk_慌て者_あわてもの,慌て者,あわてもの,慌:◆あわ・てる、頭が混乱して狼狽(うろた)える◆あわただ・しい、忙(せわ)しく落ち着けない、すべきことが多く忙しい、同「忙」◆ぼんやりする; 者:◆～の人、～する人、「使者(ししゃ、使いをする人、運び届けること)」◆こと(事)、もの(物)、「再者(サイシャ、更に付け加えること、追伸)」「前者(ゼンシャ、前,N2,kun,kun+kun~,IL1_okurigana(kun 96%) | A1_compound_oku(kun 90%) | A1_on_kun_mix(on+kun 65%),慌:◆あわ・てる、頭が混乱して狼狽(うろた)える◆あわただ・しい、忙(せわ)しく落ち着けない、すべきことが多く忙しい、同「忙」◆ぼんやりする; 者:◆～の人、～する人、「使者(ししゃ、使いをする人、運び届けること)」◆こと(事)、もの(物)、「再者(サイシャ、更に付け加えること、追伸)」「前者(ゼンシャ、前
kk_慰める_なぐさめる,慰める,なぐさめる,慰:◆気持ちを安(やす)らげ和(なご)ませる、宥(なだ)め落ち着かせる◆心が安らぐ、安心する◆[日]心を楽しませるもの(こと),N2,kun,kun,IL1_okurigana(kun 96%) | IL2_single_okuri(kun 96%),慰:◆気持ちを安(やす)らげ和(なご)ませる、宥(なだ)め落ち着かせる◆心が安らぐ、安心する◆[日]心を楽しませるもの(こと)
kk_憎む_にくむ,憎む,にくむ,憎:◆嫌悪感(ケンオカン)や反感(ハンカン)を抱(いだ)く、嫌(きら)う,N2,kun,kun,IL1_okurigana(kun 96%) | IL2_single_okuri(kun 96%),憎:◆嫌悪感(ケンオカン)や反感(ハンカン)を抱(いだ)く、嫌(きら)う
kk_憎らしい_にくらしい,憎らしい,にくらしい,憎:◆嫌悪感(ケンオカン)や反感(ハンカン)を抱(いだ)く、嫌(きら)う,N2,kun,kun,IL1_okurigana(kun 96%) | IL2_single_okuri(kun 96%),憎:◆嫌悪感(ケンオカン)や反感(ハンカン)を抱(いだ)く、嫌(きら)う
kk_憧れる_あこがれる,憧れる,あこがれる,憧:◆(心が)揺れ動く、(気持ちが)定まらない、「憧憧(ショウショウ、ドウドウ)」◆「憧憬(ショウケイ、ドウケイ)」、遠く離れたものにあれこれと思いを巡(めぐ)らす,N2,kun,kun,IL1_okurigana(kun 96%) | IL2_single_okuri(kun 96%),憧:◆(心が)揺れ動く、(気持ちが)定まらない、「憧憧(ショウショウ、ドウドウ)」◆「憧憬(ショウケイ、ドウケイ)」、遠く離れたものにあれこれと思いを巡(めぐ)らす
kk_憲法_けんぽう,憲法,けんぽう,憲:◆人が則(のっと)るべき決まり、人の行為の規範; 法:◆規律を維持するための決まり、守り従うべき制度や規則、私的なものではなく公(おおやけ)のものを指す◆標準的な或いは慣例となっているやり方、またそれらに従う◆基準,N2,other,mixed+mixed~,,憲:◆人が則(のっと)るべき決まり、人の行為の規範; 法:◆規律を維持するための決まり、守り従うべき制度や規則、私的なものではなく公(おおやけ)のものを指す◆標準的な或いは慣例となっているやり方、またそれらに従う◆基準
kk_懐中電灯_かいちゅうでんとう,懐中電灯,かいちゅうでんとう,懐:◆着物の前合わせ(体の前で重ね合わさったところ)や着物と下着の間、同「褱」◆周りが覆われている内側、心の中、腹の中◆包み込む、胸に抱(だ)く、心に思い抱(いだ); 中:◆ものとものの間にあってどちらにも偏(かたよ)らない位置◆上下・高低・大小などの間(あいだ)に位置する人や物や場所、同「仲」◆始点(出発地)から終点(目的地)ま; 電:◆雷(かみなり)の光、稲妻(いなずま)◆光や音のように一瞬で遠くまで届くもの、また伝わるもの,N2,on,on+on+on+on,A4_multi_on(on+on+on+on 65%) | B_noun_rad_雨(kun 93%),懐:◆着物の前合わせ(体の前で重ね合わさったところ)や着物と下着の間、同「褱」◆周りが覆われている内側、心の中、腹の中◆包み込む、胸に抱(だ)く、心に思い抱(いだ); 中:◆ものとものの間にあってどちらにも偏(かたよ)らない位置◆上下・高低・大小などの間(あいだ)に位置する人や物や場所、同「仲」◆始点(出発地)から終点(目的地)ま; 電:◆雷(かみなり)の光、稲妻(いなずま)◆光や音のように一瞬で遠くまで届くもの、また伝わるもの
kk_懸け付ける_かけつける,懸け付ける,かけつける,懸:◆掛ける、掛けてぶら下げる、同「縣」◆長い間宙吊りのままになっている、物事が宙ぶらりんで落ち着かない◆隔(へだ)たる、同「縣」; 付:◆手ずから授(さず)ける、直接手を取って与える、同「仅」◆渡し与える、渡して任せる、委(ゆだ)ねる◆[日]他のものに加える、また添える、また足す、同「附」,N2,mixed,on+kun~,IL1_okurigana(kun 96%) | A1_compound_oku(kun 90%) | A1_on_kun_mix(on+kun 65%),懸:◆掛ける、掛けてぶら下げる、同「縣」◆長い間宙吊りのままになっている、物事が宙ぶらりんで落ち着かない◆隔(へだ)たる、同「縣」; 付:◆手ずから授(さず)ける、直接手を取って与える、同「仅」◆渡し与える、渡して任せる、委(ゆだ)ねる◆[日]他のものに加える、また添える、また足す、同「附」
kk_成し遂げる_なしとげる,成し遂げる,なしとげる,成:◆為(な)す、形や状態などを変えようとする、また変わろうとする◆本来の形や状態になる、目的・目標を持って働き、当初の目的・目標に達する、出来上がる、仕上がる、「; 遂:◆行き止りのところまで辿り着く◆最後までやり通す、成し終える◆思いの通りにする、思い通りになる、同「㒸」◆つい・に、とうとう、最後に,N2,kun,kun+kun~,IL1_okurigana(kun 96%) | A1_compound_oku(kun 90%) | A1_on_kun_mix(on+kun 65%),成:◆為(な)す、形や状態などを変えようとする、また変わろうとする◆本来の形や状態になる、目的・目標を持って働き、当初の目的・目標に達する、出来上がる、仕上がる、「; 遂:◆行き止りのところまで辿り着く◆最後までやり通す、成し終える◆思いの通りにする、思い通りになる、同「㒸」◆つい・に、とうとう、最後に
kk_成す_なす,成す,なす,成:◆為(な)す、形や状態などを変えようとする、また変わろうとする◆本来の形や状態になる、目的・目標を持って働き、当初の目的・目標に達する、出来上がる、仕上がる、「,N2,kun,kun,IL1_okurigana(kun 96%) | IL2_single_okuri(kun 96%),成:◆為(な)す、形や状態などを変えようとする、また変わろうとする◆本来の形や状態になる、目的・目標を持って働き、当初の目的・目標に達する、出来上がる、仕上がる、「
kk_成り立つ_なりたつ,成り立つ,なりたつ,成:◆為(な)す、形や状態などを変えようとする、また変わろうとする◆本来の形や状態になる、目的・目標を持って働き、当初の目的・目標に達する、出来上がる、仕上がる、「; 立:◆地(チ、地面、土台、基盤)に足を着け垂直にする、また垂直になる、地から上に向かって伸ばす、また伸びる◆しっかりとした土台を築いてその上にものを作り上げて行く、,N2,kun,kun+kun~,IL1_okurigana(kun 96%) | A1_compound_oku(kun 90%) | A1_on_kun_mix(on+kun 65%),成:◆為(な)す、形や状態などを変えようとする、また変わろうとする◆本来の形や状態になる、目的・目標を持って働き、当初の目的・目標に達する、出来上がる、仕上がる、「; 立:◆地(チ、地面、土台、基盤)に足を着け垂直にする、また垂直になる、地から上に向かって伸ばす、また伸びる◆しっかりとした土台を築いてその上にものを作り上げて行く、
kk_成分_せいぶん,成分,せいぶん,成:◆為(な)す、形や状態などを変えようとする、また変わろうとする◆本来の形や状態になる、目的・目標を持って働き、当初の目的・目標に達する、出来上がる、仕上がる、「; 分:◆一つに纏(まと)まっているものを幾つかに切り離す、また幾つかに仕切る(区切る)、「分割(ブンカツ)」、切り離したものを仕分けることを「別」◆一つの纏まりから一,N2,on,on+on,B_verb_rad_刀(kun 80%),成:◆為(な)す、形や状態などを変えようとする、また変わろうとする◆本来の形や状態になる、目的・目標を持って働き、当初の目的・目標に達する、出来上がる、仕上がる、「; 分:◆一つに纏(まと)まっているものを幾つかに切り離す、また幾つかに仕切る(区切る)、「分割(ブンカツ)」、切り離したものを仕分けることを「別」◆一つの纏まりから一
kk_成熟_せいじゅく,成熟,せいじゅく,成:◆為(な)す、形や状態などを変えようとする、また変わろうとする◆本来の形や状態になる、目的・目標を持って働き、当初の目的・目標に達する、出来上がる、仕上がる、「; 熟:◆食べ頃になるまで十分に火を通す、また煮る、また焼く、同「孰」◆十分に食べ頃になる、十分に良い状態になる、十分に成長する◆十分な状態になるまで～する,N2,on,on+on,,成:◆為(な)す、形や状態などを変えようとする、また変わろうとする◆本来の形や状態になる、目的・目標を持って働き、当初の目的・目標に達する、出来上がる、仕上がる、「; 熟:◆食べ頃になるまで十分に火を通す、また煮る、また焼く、同「孰」◆十分に食べ頃になる、十分に良い状態になる、十分に成長する◆十分な状態になるまで～する
kk_戦力_せんりょく,戦力,せんりょく,戦:◆戈(ほこ)などの武器を持って闘(たたか)う、争(あらそ)う◆勝負・優劣を競(きそ)い合う◆懼(おそ)れる、恐れでびくびくする、「戦慄(センリツ、恐怖で体を震わ; 力:◆ものを動かすもの、ものを動かしているもの、ものに働(はたら)くもの、「強力(キョウリョク、強い力)」◆働く、務(つと)める、勤(つと)める、「努力(ドリョク、,N2,on,on+on,B_verb_rad_力(kun 80%),戦:◆戈(ほこ)などの武器を持って闘(たたか)う、争(あらそ)う◆勝負・優劣を競(きそ)い合う◆懼(おそ)れる、恐れでびくびくする、「戦慄(センリツ、恐怖で体を震わ; 力:◆ものを動かすもの、ものを動かしているもの、ものに働(はたら)くもの、「強力(キョウリョク、強い力)」◆働く、務(つと)める、勤(つと)める、「努力(ドリョク、
kk_戦略_せんりゃく,戦略,せんりゃく,戦:◆戈(ほこ)などの武器を持って闘(たたか)う、争(あらそ)う◆勝負・優劣を競(きそ)い合う◆懼(おそ)れる、恐れでびくびくする、「戦慄(センリツ、恐怖で体を震わ; 略:◆治(おさ)める、統治する、またそのための方策、またその土地・領地、またその境界◆掠(かす)める、奪い取る、同「掠」◆主要な部分だけを残してそれ以外を省(はぶ),N2,on,on+on,,戦:◆戈(ほこ)などの武器を持って闘(たたか)う、争(あらそ)う◆勝負・優劣を競(きそ)い合う◆懼(おそ)れる、恐れでびくびくする、「戦慄(センリツ、恐怖で体を震わ; 略:◆治(おさ)める、統治する、またそのための方策、またその土地・領地、またその境界◆掠(かす)める、奪い取る、同「掠」◆主要な部分だけを残してそれ以外を省(はぶ)
kk_戦術_せんじゅつ,戦術,せんじゅつ,戦:◆戈(ほこ)などの武器を持って闘(たたか)う、争(あらそ)う◆勝負・優劣を競(きそ)い合う◆懼(おそ)れる、恐れでびくびくする、「戦慄(センリツ、恐怖で体を震わ; 術:◆市中を通る道、行き方◆やり方、方法・方策や手段、それを使いこなす能力◆取るべき道、従うべき決まり◆述べる、考えや思いを書き表す、或いは言い表す、同「述」,N2,on,on+on,,戦:◆戈(ほこ)などの武器を持って闘(たたか)う、争(あらそ)う◆勝負・優劣を競(きそ)い合う◆懼(おそ)れる、恐れでびくびくする、「戦慄(センリツ、恐怖で体を震わ; 術:◆市中を通る道、行き方◆やり方、方法・方策や手段、それを使いこなす能力◆取るべき道、従うべき決まり◆述べる、考えや思いを書き表す、或いは言い表す、同「述」
kk_戦闘_せんとう,戦闘,せんとう,戦:◆戈(ほこ)などの武器を持って闘(たたか)う、争(あらそ)う◆勝負・優劣を競(きそ)い合う◆懼(おそ)れる、恐れでびくびくする、「戦慄(センリツ、恐怖で体を震わ; 闘:◆互いに向き合って戦う、また争う、また競う,N2,on,on+on,,戦:◆戈(ほこ)などの武器を持って闘(たたか)う、争(あらそ)う◆勝負・優劣を競(きそ)い合う◆懼(おそ)れる、恐れでびくびくする、「戦慄(センリツ、恐怖で体を震わ; 闘:◆互いに向き合って戦う、また争う、また競う
kk_戸棚_とだな,戸棚,とだな,戸:◆開閉ができる外と内の仕切り、家や部屋の出入り口の片開きの扉、門内の建物の出入り口の扉、同「㦿」「𣥘」、大きな建物の出入り口の両開きの扉は「扉」、「【康熙字典:; 棚:◆竹や木を組んで上を覆った建物◆粗末な小屋、掘建て(ほったて)小屋◆棒や板を横に並べて架け渡した橋や道、同「桟」「閣」◆[日]物を載せるために横に渡した板、また,N2,other,mixed+mixed~,A3_short_compound(on+on 71%) | B_noun_rad_木(kun 93%),戸:◆開閉ができる外と内の仕切り、家や部屋の出入り口の片開きの扉、門内の建物の出入り口の扉、同「㦿」「𣥘」、大きな建物の出入り口の両開きの扉は「扉」、「【康熙字典:; 棚:◆竹や木を組んで上を覆った建物◆粗末な小屋、掘建て(ほったて)小屋◆棒や板を横に並べて架け渡した橋や道、同「桟」「閣」◆[日]物を載せるために横に渡した板、また
kk_所々_ところどころ,所々,ところどころ,所:◆処(ところ)、ものがある場また位置(要所・箇所など)、ことをする場また位置(住所・裁判所など)◆～のこと、「所感(感じること)」「所存(考え思っていること)◆,N2,kun,kun,IL2_single_default(kun 84%),所:◆処(ところ)、ものがある場また位置(要所・箇所など)、ことをする場また位置(住所・裁判所など)◆～のこと、「所感(感じること)」「所存(考え思っていること)◆
kk_所属_しょぞく,所属,しょぞく,所:◆処(ところ)、ものがある場また位置(要所・箇所など)、ことをする場また位置(住所・裁判所など)◆～のこと、「所感(感じること)」「所存(考え思っていること)◆; 属:◆関(かか)わりがある、繋(つな)がりがある、関連する◆関わりのある事柄、同じ種類のもの◆関わりのある者、関わりのある者の集まり、「親属(シンゾク、血縁や婚姻の,N2,on,on+on,A3_short_compound(on+on 71%),所:◆処(ところ)、ものがある場また位置(要所・箇所など)、ことをする場また位置(住所・裁判所など)◆～のこと、「所感(感じること)」「所存(考え思っていること)◆; 属:◆関(かか)わりがある、繋(つな)がりがある、関連する◆関わりのある事柄、同じ種類のもの◆関わりのある者、関わりのある者の集まり、「親属(シンゾク、血縁や婚姻の
kk_所帯_しょたい,所帯,しょたい,所:◆処(ところ)、ものがある場また位置(要所・箇所など)、ことをする場また位置(住所・裁判所など)◆～のこと、「所感(感じること)」「所存(考え思っていること)◆; 帯:◆衣服が開(はだ)けないように胸の下に辺りに巻いて結ぶ長く幅広の布、またそれを巻く ◆(帯に挟んだり、帯のように巻いたり結わえたりして)身に着ける、着用する◆(,N2,on,on+on,A3_short_compound(on+on 71%) | B_noun_rad_巾(kun 93%),所:◆処(ところ)、ものがある場また位置(要所・箇所など)、ことをする場また位置(住所・裁判所など)◆～のこと、「所感(感じること)」「所存(考え思っていること)◆; 帯:◆衣服が開(はだ)けないように胸の下に辺りに巻いて結ぶ長く幅広の布、またそれを巻く ◆(帯に挟んだり、帯のように巻いたり結わえたりして)身に着ける、着用する◆(
kk_所得_しょとく,所得,しょとく,所:◆処(ところ)、ものがある場また位置(要所・箇所など)、ことをする場また位置(住所・裁判所など)◆～のこと、「所感(感じること)」「所存(考え思っていること)◆; 得:◆手に入れる、手に入る、自分のものにする、自分のものになる、身に付く◆ぴったりと合う、相応(ふさわ)しい◆意に適(かな)う◆～できる◆儲(もう)かる、出て行くも,N2,on,on+on,A3_short_compound(on+on 71%),所:◆処(ところ)、ものがある場また位置(要所・箇所など)、ことをする場また位置(住所・裁判所など)◆～のこと、「所感(感じること)」「所存(考え思っていること)◆; 得:◆手に入れる、手に入る、自分のものにする、自分のものになる、身に付く◆ぴったりと合う、相応(ふさわ)しい◆意に適(かな)う◆～できる◆儲(もう)かる、出て行くも
kk_所謂_いわゆる,所謂,いわゆる,所:◆処(ところ)、ものがある場また位置(要所・箇所など)、ことをする場また位置(住所・裁判所など)◆～のこと、「所感(感じること)」「所存(考え思っていること)◆; 謂:◆言う、話す、告げる◆～は～と言う、～と呼ぶ、～と称する◆～は～と言われている◆～と言われている訳(わけ)、理由,N2,other,mixed+mixed~,B_verb_rad_言(kun 80%),所:◆処(ところ)、ものがある場また位置(要所・箇所など)、ことをする場また位置(住所・裁判所など)◆～のこと、「所感(感じること)」「所存(考え思っていること)◆; 謂:◆言う、話す、告げる◆～は～と言う、～と呼ぶ、～と称する◆～は～と言われている◆～と言われている訳(わけ)、理由
kk_扇ぐ_あおぐ,扇ぐ,あおぐ,扇:◆おうぎ、羽(は)ばたかせて風を起こし涼(リョウ)をとる道具、「団扇(ダンセン、うちわ、丸形で取っ手が付いたもの)」「扇子(センス、開閉できるもの)」、同「𥰢」,N2,kun,kun,IL1_okurigana(kun 96%) | IL2_single_okuri(kun 96%),扇:◆おうぎ、羽(は)ばたかせて風を起こし涼(リョウ)をとる道具、「団扇(ダンセン、うちわ、丸形で取っ手が付いたもの)」「扇子(センス、開閉できるもの)」、同「𥰢」
kk_扇子_せんす,扇子,せんす,扇:◆おうぎ、羽(は)ばたかせて風を起こし涼(リョウ)をとる道具、「団扇(ダンセン、うちわ、丸形で取っ手が付いたもの)」「扇子(センス、開閉できるもの)」、同「𥰢」; 子:◆母親から産まれるもの、古くは男女を問わず「子」といったが、現代中国では男の子(息子)を指す◆新しく産まれる(生まれる)ものの元となるもの、植物の種や実、動物の,N2,on,on+on,A3_short_compound(on+on 71%),扇:◆おうぎ、羽(は)ばたかせて風を起こし涼(リョウ)をとる道具、「団扇(ダンセン、うちわ、丸形で取っ手が付いたもの)」「扇子(センス、開閉できるもの)」、同「𥰢」; 子:◆母親から産まれるもの、古くは男女を問わず「子」といったが、現代中国では男の子(息子)を指す◆新しく産まれる(生まれる)ものの元となるもの、植物の種や実、動物の
kk_手品_てじな,手品,てじな,手:◆体や物体の一部で、胴から分かれ出て伸び、持つ・握る・叩く・ものを作る・操作するなどの機能を持つ部分、掌(たなごころ)と指を合わせた全体、腕の先の部分 ◆自(み; 品:◆物(もの)、多くの物、様々な物◆もの(人や物)の本質・価値・程度を判断する◆ものの値打ち、また価値、また程度・等級,N2,other,mixed+mixed~,A3_short_compound(on+on 71%) | B_verb_rad_手(kun 80%),手:◆体や物体の一部で、胴から分かれ出て伸び、持つ・握る・叩く・ものを作る・操作するなどの機能を持つ部分、掌(たなごころ)と指を合わせた全体、腕の先の部分 ◆自(み; 品:◆物(もの)、多くの物、様々な物◆もの(人や物)の本質・価値・程度を判断する◆ものの値打ち、また価値、また程度・等級
kk_手抜き_てぬき,手抜き,てぬき,手:◆体や物体の一部で、胴から分かれ出て伸び、持つ・握る・叩く・ものを作る・操作するなどの機能を持つ部分、掌(たなごころ)と指を合わせた全体、腕の先の部分 ◆自(み; 抜:◆多くの中で一部だけが見えているところを掴んで引っ張り出す◆多くの中から必要なもの或いは不必要なものを選んで取り出す◆多くの中でそこだけ(それだけ)が突き出てい,N2,kun,kun+kun,IL1_okurigana(kun 96%) | A1_compound_oku(kun 90%) | A1_on_kun_mix(on+kun 65%),手:◆体や物体の一部で、胴から分かれ出て伸び、持つ・握る・叩く・ものを作る・操作するなどの機能を持つ部分、掌(たなごころ)と指を合わせた全体、腕の先の部分 ◆自(み; 抜:◆多くの中で一部だけが見えているところを掴んで引っ張り出す◆多くの中から必要なもの或いは不必要なものを選んで取り出す◆多くの中でそこだけ(それだけ)が突き出てい
kk_手拭い_てぬぐい,手拭い,てぬぐい,手:◆体や物体の一部で、胴から分かれ出て伸び、持つ・握る・叩く・ものを作る・操作するなどの機能を持つ部分、掌(たなごころ)と指を合わせた全体、腕の先の部分 ◆自(み; 拭:◆表面をさぁっと擦(こす)るようにして汚(よご)れや濡(ぬ)れなどを取る、きれいにする,N2,kun,kun+kun,IL1_okurigana(kun 96%) | A1_compound_oku(kun 90%) | A1_on_kun_mix(on+kun 65%),手:◆体や物体の一部で、胴から分かれ出て伸び、持つ・握る・叩く・ものを作る・操作するなどの機能を持つ部分、掌(たなごころ)と指を合わせた全体、腕の先の部分 ◆自(み; 拭:◆表面をさぁっと擦(こす)るようにして汚(よご)れや濡(ぬ)れなどを取る、きれいにする
kk_手本_てほん,手本,てほん,手:◆体や物体の一部で、胴から分かれ出て伸び、持つ・握る・叩く・ものを作る・操作するなどの機能を持つ部分、掌(たなごころ)と指を合わせた全体、腕の先の部分 ◆自(み; 本:◆木の根(ね)◆植物や物事の生まれ始まりの部分、ものの根源また起源、「本来(ホンライ、元々、初めから)」◆ものを支えているもの、基(もと)となるもの、拠(よ)り,N2,mixed,kun+on~,A3_short_compound(on+on 71%) | B_verb_rad_手(kun 80%) | B_noun_rad_木(kun 93%),手:◆体や物体の一部で、胴から分かれ出て伸び、持つ・握る・叩く・ものを作る・操作するなどの機能を持つ部分、掌(たなごころ)と指を合わせた全体、腕の先の部分 ◆自(み; 本:◆木の根(ね)◆植物や物事の生まれ始まりの部分、ものの根源また起源、「本来(ホンライ、元々、初めから)」◆ものを支えているもの、基(もと)となるもの、拠(よ)り
kk_手触り_てざわり,手触り,てざわり,手:◆体や物体の一部で、胴から分かれ出て伸び、持つ・握る・叩く・ものを作る・操作するなどの機能を持つ部分、掌(たなごころ)と指を合わせた全体、腕の先の部分 ◆自(み; 触:◆角(つの)の先端が当たる、尖(とが)ったものの先端が軽く当たる、同「𧢻」◆一部分(全体の中のある限られた部分、狭い部分)に当たる、また押し当てる◆法で禁じられ,N2,other,mixed+mixed~,IL1_okurigana(kun 96%) | A1_compound_oku(kun 90%) | A1_on_kun_mix(on+kun 65%),手:◆体や物体の一部で、胴から分かれ出て伸び、持つ・握る・叩く・ものを作る・操作するなどの機能を持つ部分、掌(たなごころ)と指を合わせた全体、腕の先の部分 ◆自(み; 触:◆角(つの)の先端が当たる、尖(とが)ったものの先端が軽く当たる、同「𧢻」◆一部分(全体の中のある限られた部分、狭い部分)に当たる、また押し当てる◆法で禁じられ
kk_手間_てま,手間,てま,手:◆体や物体の一部で、胴から分かれ出て伸び、持つ・握る・叩く・ものを作る・操作するなどの機能を持つ部分、掌(たなごころ)と指を合わせた全体、腕の先の部分 ◆自(み; 間:◆両側からぴったりと閉じられずに開いているところ、(空間・時間・物事・関係などが)連続せずに途切れているところ、開いたり途切れたりして何もないところ、隙(すき),N2,kun,kun+kun~,A3_short_compound(on+on 71%) | B_verb_rad_手(kun 80%),手:◆体や物体の一部で、胴から分かれ出て伸び、持つ・握る・叩く・ものを作る・操作するなどの機能を持つ部分、掌(たなごころ)と指を合わせた全体、腕の先の部分 ◆自(み; 間:◆両側からぴったりと閉じられずに開いているところ、(空間・時間・物事・関係などが)連続せずに途切れているところ、開いたり途切れたりして何もないところ、隙(すき)
kk_手首_てくび,手首,てくび,手:◆体や物体の一部で、胴から分かれ出て伸び、持つ・握る・叩く・ものを作る・操作するなどの機能を持つ部分、掌(たなごころ)と指を合わせた全体、腕の先の部分 ◆自(み; 首:◆頭と頭を支える部分、多く「頭を支える部分」の意で用いられるが、本来は頭と頸(くび、頭と胴の間にあって頭を支える部分)を合わせた部分を指す、「首級(シュキュウ、,N2,kun,kun+kun~,A3_short_compound(on+on 71%) | B_verb_rad_手(kun 80%),手:◆体や物体の一部で、胴から分かれ出て伸び、持つ・握る・叩く・ものを作る・操作するなどの機能を持つ部分、掌(たなごころ)と指を合わせた全体、腕の先の部分 ◆自(み; 首:◆頭と頭を支える部分、多く「頭を支える部分」の意で用いられるが、本来は頭と頸(くび、頭と胴の間にあって頭を支える部分)を合わせた部分を指す、「首級(シュキュウ、
kk_手～_て～,手～,て～,手:◆体や物体の一部で、胴から分かれ出て伸び、持つ・握る・叩く・ものを作る・操作するなどの機能を持つ部分、掌(たなごころ)と指を合わせた全体、腕の先の部分 ◆自(み,N2,kun,kun,IL2_single_default(kun 84%) | B_verb_rad_手(kun 80%),手:◆体や物体の一部で、胴から分かれ出て伸び、持つ・握る・叩く・ものを作る・操作するなどの機能を持つ部分、掌(たなごころ)と指を合わせた全体、腕の先の部分 ◆自(み
kk_打ち上げる_うちあげる,打ち上げる,うちあげる,打:◆撃(う)つ、手や道具を物に当てる、叩(たた)く◆～する、「打消(ダショウ、取り消す、打ち消す)」「打撃(ダゲキ、撃つ)」「打開(ダカイ、開ける)」「打算(ダサ; 上:◆位置・場所・地位などが高い、高い方にある◆高い方に移る、昇る、登る◆順序・時間などが前、前の方にある◆前の方に移る◆等級・品質などが高い、優れている◆殿様、皇,N2,kun,kun+kun~,IL1_okurigana(kun 96%) | A1_compound_oku(kun 90%) | A1_on_kun_mix(on+kun 65%),打:◆撃(う)つ、手や道具を物に当てる、叩(たた)く◆～する、「打消(ダショウ、取り消す、打ち消す)」「打撃(ダゲキ、撃つ)」「打開(ダカイ、開ける)」「打算(ダサ; 上:◆位置・場所・地位などが高い、高い方にある◆高い方に移る、昇る、登る◆順序・時間などが前、前の方にある◆前の方に移る◆等級・品質などが高い、優れている◆殿様、皇
kk_打ち出す_うちだす,打ち出す,うちだす,打:◆撃(う)つ、手や道具を物に当てる、叩(たた)く◆～する、「打消(ダショウ、取り消す、打ち消す)」「打撃(ダゲキ、撃つ)」「打開(ダカイ、開ける)」「打算(ダサ; 出:◆範囲・領域・組織や区切り・境界の内(内側、内部、裏側、こちら側、私的なところ)から外(外側、外部、表側、向こう側、公のところ)に移る、また移す、外から内へ移る,N2,mixed,on+kun~,IL1_okurigana(kun 96%) | A1_compound_oku(kun 90%) | A1_on_kun_mix(on+kun 65%),打:◆撃(う)つ、手や道具を物に当てる、叩(たた)く◆～する、「打消(ダショウ、取り消す、打ち消す)」「打撃(ダゲキ、撃つ)」「打開(ダカイ、開ける)」「打算(ダサ; 出:◆範囲・領域・組織や区切り・境界の内(内側、内部、裏側、こちら側、私的なところ)から外(外側、外部、表側、向こう側、公のところ)に移る、また移す、外から内へ移る
kk_打ち消す_うちけす,打ち消す,うちけす,打:◆撃(う)つ、手や道具を物に当てる、叩(たた)く◆～する、「打消(ダショウ、取り消す、打ち消す)」「打撃(ダゲキ、撃つ)」「打開(ダカイ、開ける)」「打算(ダサ; 消:◆減る、少しずつ小さくなる、また少なくなる、また細くなる、またそのようにする◆次第に小さく(細く)なってやがて姿が見えなくなる、なくなる、後に何も残らない、また,N2,kun,kun+kun~,IL1_okurigana(kun 96%) | A1_compound_oku(kun 90%) | A1_on_kun_mix(on+kun 65%),打:◆撃(う)つ、手や道具を物に当てる、叩(たた)く◆～する、「打消(ダショウ、取り消す、打ち消す)」「打撃(ダゲキ、撃つ)」「打開(ダカイ、開ける)」「打算(ダサ; 消:◆減る、少しずつ小さくなる、また少なくなる、また細くなる、またそのようにする◆次第に小さく(細く)なってやがて姿が見えなくなる、なくなる、後に何も残らない、また
kk_打つ_ぶつ,打つ,ぶつ,打:◆撃(う)つ、手や道具を物に当てる、叩(たた)く◆～する、「打消(ダショウ、取り消す、打ち消す)」「打撃(ダゲキ、撃つ)」「打開(ダカイ、開ける)」「打算(ダサ,N2,other,unknown,IL1_okurigana(kun 96%) | IL2_single_okuri(kun 96%) | B_verb_rad_手(kun 80%),打:◆撃(う)つ、手や道具を物に当てる、叩(たた)く◆～する、「打消(ダショウ、取り消す、打ち消す)」「打撃(ダゲキ、撃つ)」「打開(ダカイ、開ける)」「打算(ダサ
kk_払い込む_はらいこむ,払い込む,はらいこむ,払:◆取る◆手(や用具)を左右に振って不要なものや邪魔なものを他に追いやる、同「拂」、本来「拂」は別字だが古くから「拂」の異体字として「払」が用いられた◆[日]代金; 込:◆[日]中に(内に、裏に、見えないところに)入(はい)る、入(い)れる,N2,kun,kun+kun~,IL1_okurigana(kun 96%) | A1_compound_oku(kun 90%) | A1_on_kun_mix(on+kun 65%),払:◆取る◆手(や用具)を左右に振って不要なものや邪魔なものを他に追いやる、同「拂」、本来「拂」は別字だが古くから「拂」の異体字として「払」が用いられた◆[日]代金; 込:◆[日]中に(内に、裏に、見えないところに)入(はい)る、入(い)れる
kk_扱う_あつかう,扱う,あつかう,扱:◆挟(はさ)む、狭いところに差し入れる、同「插(挿)」◆引く、手前に引く、引き上げる◆搔(か)き集める、一カ所に集める、また集め取る、集めて片付ける、「【禮記注,N2,kun,kun,IL1_okurigana(kun 96%) | IL2_single_okuri(kun 96%) | B_verb_rad_手(kun 80%),扱:◆挟(はさ)む、狭いところに差し入れる、同「插(挿)」◆引く、手前に引く、引き上げる◆搔(か)き集める、一カ所に集める、また集め取る、集めて片付ける、「【禮記注
kk_承る_うけたまわる,承る,うけたまわる,承:◆上にあるものを掌(てのひら)で受ける◆上位者からの授(さず)かりものを下位者が恭(うやうや)しく両手で受ける、また受け取る◆上位者からの命令や意向などを受ける,N2,kun,kun,IL1_okurigana(kun 96%) | IL2_single_okuri(kun 96%) | B_verb_rad_手(kun 80%),承:◆上にあるものを掌(てのひら)で受ける◆上位者からの授(さず)かりものを下位者が恭(うやうや)しく両手で受ける、また受け取る◆上位者からの命令や意向などを受ける
kk_承認_しょうにん,承認,しょうにん,承:◆上にあるものを掌(てのひら)で受ける◆上位者からの授(さず)かりものを下位者が恭(うやうや)しく両手で受ける、また受け取る◆上位者からの命令や意向などを受ける; 認:◆見分ける、それが何かを見定める◆しっかりと見定めて受け入れる、聞き入れる、納得(ナットク)する◆[日]したた・める、整える、(膳を整え)食事をする◆[日]した,N2,on,on+on,B_verb_rad_手(kun 80%) | B_verb_rad_言(kun 80%),承:◆上にあるものを掌(てのひら)で受ける◆上位者からの授(さず)かりものを下位者が恭(うやうや)しく両手で受ける、また受け取る◆上位者からの命令や意向などを受ける; 認:◆見分ける、それが何かを見定める◆しっかりと見定めて受け入れる、聞き入れる、納得(ナットク)する◆[日]したた・める、整える、(膳を整え)食事をする◆[日]した
kk_技_わざ,技,わざ,技:◆手足を使い巧(たく)みに物を作る或いは操(あやつ)る、またその能力や方法◆藝(ゲイ、芸術、技芸)、巧みに演(エン)ずる、またその能力や方法,N2,kun,kun,IL2_single_default(kun 84%) | B_verb_rad_手(kun 80%),技:◆手足を使い巧(たく)みに物を作る或いは操(あやつ)る、またその能力や方法◆藝(ゲイ、芸術、技芸)、巧みに演(エン)ずる、またその能力や方法
kk_抑々_そもそも,抑々,そもそも,抑:◆おさ・える、上から下の方向に押さえ付ける、押え付けて立ったり起きたり(上の方に向かう動作)や目立ったり激しい動作をしないようにする◆そもそも、文中に置いてそれ,N2,kun,kun,IL2_single_default(kun 84%) | B_verb_rad_手(kun 80%),抑:◆おさ・える、上から下の方向に押さえ付ける、押え付けて立ったり起きたり(上の方に向かう動作)や目立ったり激しい動作をしないようにする◆そもそも、文中に置いてそれ
kk_抑える_おさえる,抑える,おさえる,抑:◆おさ・える、上から下の方向に押さえ付ける、押え付けて立ったり起きたり(上の方に向かう動作)や目立ったり激しい動作をしないようにする◆そもそも、文中に置いてそれ,N2,kun,kun,IL1_okurigana(kun 96%) | IL2_single_okuri(kun 96%) | B_verb_rad_手(kun 80%),抑:◆おさ・える、上から下の方向に押さえ付ける、押え付けて立ったり起きたり(上の方に向かう動作)や目立ったり激しい動作をしないようにする◆そもそも、文中に置いてそれ
kk_投書_とうしょ,投書,とうしょ,投:◆手に持っているものを放り出す、手放す◆持っているものを他のものに入れる、また当てる◆棄てる、諦める◆止まる、滞在する; 書:◆文字を筆(聿)などで記(しる)す、著(あらわ)す、「書物(ショモツ)」「文書(ブンショ)」◆手紙、「書信(ショシン)」◆「書経(ショキョウ、別名尚書ショウショ,N2,on,on+on,A3_short_compound(on+on 71%) | B_verb_rad_手(kun 80%),投:◆手に持っているものを放り出す、手放す◆持っているものを他のものに入れる、また当てる◆棄てる、諦める◆止まる、滞在する; 書:◆文字を筆(聿)などで記(しる)す、著(あらわ)す、「書物(ショモツ)」「文書(ブンショ)」◆手紙、「書信(ショシン)」◆「書経(ショキョウ、別名尚書ショウショ
kk_投票_とうひょう,投票,とうひょう,投:◆手に持っているものを放り出す、手放す◆持っているものを他のものに入れる、また当てる◆棄てる、諦める◆止まる、滞在する; 票:◆文字や絵が描かれた札(ふだ)◆紙幣や切符などの信用できることが保証されている札、信用できることを証明する札◆「さっと」「すっと」などの軽快な動き、「【漢書:志,N2,on,on+on,B_verb_rad_手(kun 80%),投:◆手に持っているものを放り出す、手放す◆持っているものを他のものに入れる、また当てる◆棄てる、諦める◆止まる、滞在する; 票:◆文字や絵が描かれた札(ふだ)◆紙幣や切符などの信用できることが保証されている札、信用できることを証明する札◆「さっと」「すっと」などの軽快な動き、「【漢書:志
kk_抗議_こうぎ,抗議,こうぎ,抗:◆まっすぐなさま、まっすぐに立つさま、同「伉」◆正面から対する、相対する、同「伉」◆あらが・う、向かって来るものを正面から防ぎ止める、拒(こば)む◆「拮抗(キッ; 議:◆互いに意見を交わし合う◆物事の是非について意見を交わし合う、またそれよって適切な結論を得る◆文章様式の一種で、物事の理非についての意見を記述したもの,N2,on,on+on,A3_short_compound(on+on 71%) | B_verb_rad_手(kun 80%) | B_verb_rad_言(kun 80%),抗:◆まっすぐなさま、まっすぐに立つさま、同「伉」◆正面から対する、相対する、同「伉」◆あらが・う、向かって来るものを正面から防ぎ止める、拒(こば)む◆「拮抗(キッ; 議:◆互いに意見を交わし合う◆物事の是非について意見を交わし合う、またそれよって適切な結論を得る◆文章様式の一種で、物事の理非についての意見を記述したもの
kk_抜かす_ぬかす,抜かす,ぬかす,抜:◆多くの中で一部だけが見えているところを掴んで引っ張り出す◆多くの中から必要なもの或いは不必要なものを選んで取り出す◆多くの中でそこだけ(それだけ)が突き出てい,N2,kun,kun,IL1_okurigana(kun 96%) | IL2_single_okuri(kun 96%) | B_verb_rad_手(kun 80%),抜:◆多くの中で一部だけが見えているところを掴んで引っ張り出す◆多くの中から必要なもの或いは不必要なものを選んで取り出す◆多くの中でそこだけ(それだけ)が突き出てい
kk_抜き出す_ぬきだす,抜き出す,ぬきだす,抜:◆多くの中で一部だけが見えているところを掴んで引っ張り出す◆多くの中から必要なもの或いは不必要なものを選んで取り出す◆多くの中でそこだけ(それだけ)が突き出てい; 出:◆範囲・領域・組織や区切り・境界の内(内側、内部、裏側、こちら側、私的なところ)から外(外側、外部、表側、向こう側、公のところ)に移る、また移す、外から内へ移る,N2,kun,kun+kun~,IL1_okurigana(kun 96%) | A1_compound_oku(kun 90%) | A1_on_kun_mix(on+kun 65%),抜:◆多くの中で一部だけが見えているところを掴んで引っ張り出す◆多くの中から必要なもの或いは不必要なものを選んで取り出す◆多くの中でそこだけ(それだけ)が突き出てい; 出:◆範囲・領域・組織や区切り・境界の内(内側、内部、裏側、こちら側、私的なところ)から外(外側、外部、表側、向こう側、公のところ)に移る、また移す、外から内へ移る
kk_披露_ひろう,披露,ひろう,披:◆開く、開いて中が見えるように広げる、「披露(ヒロウ、中のものを開いて見せる)」◆ひらひらと靡(なび)く、「披靡(ヒビ、ピミ、風に靡く)」◆広げてひらりと上から; 露:◆大気中の水蒸気が物に付着して水滴となったもの◆屋根などの覆いがない、屋外◆覆い隠すものがなく雨や露などが直接当たる◆覆い隠すものがなく外から見える、また見える,N2,on,on+on,A3_short_compound(on+on 71%) | B_verb_rad_手(kun 80%) | B_noun_rad_雨(kun 93%),披:◆開く、開いて中が見えるように広げる、「披露(ヒロウ、中のものを開いて見せる)」◆ひらひらと靡(なび)く、「披靡(ヒビ、ピミ、風に靡く)」◆広げてひらりと上から; 露:◆大気中の水蒸気が物に付着して水滴となったもの◆屋根などの覆いがない、屋外◆覆い隠すものがなく雨や露などが直接当たる◆覆い隠すものがなく外から見える、また見える
kk_抱える_かかえる,抱える,かかえる,抱:◆腕を回し胸の中に入れる、中に包み込む◆胸に(心に)考え・思いを持つ、同「懷」,N2,kun,kun,IL1_okurigana(kun 96%) | IL2_single_okuri(kun 96%) | B_verb_rad_手(kun 80%),抱:◆腕を回し胸の中に入れる、中に包み込む◆胸に(心に)考え・思いを持つ、同「懷」
kk_抱き締める_だきしめる,抱き締める,だきしめる,抱:◆腕を回し胸の中に入れる、中に包み込む◆胸に(心に)考え・思いを持つ、同「懷」; 締:◆しっかりと結ぶ、解(ほど)けたり緩(ゆる)んだりしないように結ぶ、結び合わせる◆しっかりと閉(と)じる、閉(し)める◆[日]すっかりおしまいにする、合計する,N2,kun,kun+kun~,IL1_okurigana(kun 96%) | A1_compound_oku(kun 90%) | A1_on_kun_mix(on+kun 65%),抱:◆腕を回し胸の中に入れる、中に包み込む◆胸に(心に)考え・思いを持つ、同「懷」; 締:◆しっかりと結ぶ、解(ほど)けたり緩(ゆる)んだりしないように結ぶ、結び合わせる◆しっかりと閉(と)じる、閉(し)める◆[日]すっかりおしまいにする、合計する
kk_抱っこ_だっこ,抱っこ,だっこ,抱:◆腕を回し胸の中に入れる、中に包み込む◆胸に(心に)考え・思いを持つ、同「懷」,N2,kun,kun,IL1_okurigana(kun 96%) | IL2_single_okuri(kun 96%) | B_verb_rad_手(kun 80%),抱:◆腕を回し胸の中に入れる、中に包み込む◆胸に(心に)考え・思いを持つ、同「懷」
kk_抵抗_ていこう,抵抗,ていこう,抵:◆至る、届く、着く◆突き当たる、当たる、触れる、「抵触(テイショク)」、同「牴」「觝」◆当たる、相当する◆「抵挡(テイトウ)」、食(く)い止める、押し止(とど); 抗:◆まっすぐなさま、まっすぐに立つさま、同「伉」◆正面から対する、相対する、同「伉」◆あらが・う、向かって来るものを正面から防ぎ止める、拒(こば)む◆「拮抗(キッ,N2,on,on+on,B_verb_rad_手(kun 80%) | B_verb_rad_手(kun 80%),抵:◆至る、届く、着く◆突き当たる、当たる、触れる、「抵触(テイショク)」、同「牴」「觝」◆当たる、相当する◆「抵挡(テイトウ)」、食(く)い止める、押し止(とど); 抗:◆まっすぐなさま、まっすぐに立つさま、同「伉」◆正面から対する、相対する、同「伉」◆あらが・う、向かって来るものを正面から防ぎ止める、拒(こば)む◆「拮抗(キッ
kk_抽象的_ちゅうしょうてき,抽象的,ちゅうしょうてき,抽:◆中にあるものを引き出す、一部を抜き出す、抜き取る◆ぬき・んでる、多くの中でそこだけ(それだけ、一部だけ)が突き出る、秀(ひい)でる、同「𢭆」「㩅」「抜」; 象:◆ゾウ(象)、ゾウ科の哺乳類、また同科の哺乳類の称◆もの(者や物)の姿形(すがたかたち)、同「像」◆もの(者や物)の姿形に似せる、また似る、また似せて作ったもの; 的:◆弓で矢を射(い)る時の目標とするもの、同「㢩」「墑」◆額(ひたい)の部分だけが白い馬、またその額の白い部分、女性が額に施(ほどこ)す(赤い点状の)装飾◆(弓の,N2,on,on+on+on,A4_multi_on(on+on+on 65%) | B_verb_rad_手(kun 80%),抽:◆中にあるものを引き出す、一部を抜き出す、抜き取る◆ぬき・んでる、多くの中でそこだけ(それだけ、一部だけ)が突き出る、秀(ひい)でる、同「𢭆」「㩅」「抜」; 象:◆ゾウ(象)、ゾウ科の哺乳類、また同科の哺乳類の称◆もの(者や物)の姿形(すがたかたち)、同「像」◆もの(者や物)の姿形に似せる、また似る、また似せて作ったもの; 的:◆弓で矢を射(い)る時の目標とするもの、同「㢩」「墑」◆額(ひたい)の部分だけが白い馬、またその額の白い部分、女性が額に施(ほどこ)す(赤い点状の)装飾◆(弓の
kk_担ぐ_かつぐ,担ぐ,かつぐ,担:◆(ゴミなどを払うように)軽く叩(はた)く、叩(たた)くようにして払う、同「撣」[†現在はこの意で「担」を用いることはない†]◆荷を肩に載せる、背に載せるのは「,N2,kun,kun,IL1_okurigana(kun 96%) | IL2_single_okuri(kun 96%) | B_verb_rad_手(kun 80%),担:◆(ゴミなどを払うように)軽く叩(はた)く、叩(たた)くようにして払う、同「撣」[†現在はこの意で「担」を用いることはない†]◆荷を肩に載せる、背に載せるのは「
kk_拘り_こだわり,拘り,こだわり,拘:◆「掌(てのひら)の中に入れ指を閉じて握(にぎ)る」「腕を回して抱(かか)える」のように、周りを取り囲んで押さえ自由に動けないようにする、束縛(ソクバク)する、,N2,kun,kun,IL1_okurigana(kun 96%) | IL2_single_okuri(kun 96%) | B_verb_rad_手(kun 80%),拘:◆「掌(てのひら)の中に入れ指を閉じて握(にぎ)る」「腕を回して抱(かか)える」のように、周りを取り囲んで押さえ自由に動けないようにする、束縛(ソクバク)する、
kk_招き_まねき,招き,まねき,招:◆手を振って人を呼び寄せる、声を掛けて呼び寄せるのは「召」◆礼を尽くして人を自分のところに呼び寄せる,N2,kun,kun,IL1_okurigana(kun 96%) | IL2_single_okuri(kun 96%) | B_verb_rad_手(kun 80%),招:◆手を振って人を呼び寄せる、声を掛けて呼び寄せるのは「召」◆礼を尽くして人を自分のところに呼び寄せる
kk_拝む_おがむ,拝む,おがむ,拝:◆対面した相手に敬意・弔意や恭順・感謝などの意を示すために、跪(ひざまず)く・頭を下げる・手を合わせるなどの動作をする、同「𣬊」「𢷎」、「【通典:卷四十八:禮八,N2,kun,kun,IL1_okurigana(kun 96%) | IL2_single_okuri(kun 96%) | B_verb_rad_手(kun 80%),拝:◆対面した相手に敬意・弔意や恭順・感謝などの意を示すために、跪(ひざまず)く・頭を下げる・手を合わせるなどの動作をする、同「𣬊」「𢷎」、「【通典:卷四十八:禮八
kk_拝借_はいしゃく,拝借,はいしゃく,拝:◆対面した相手に敬意・弔意や恭順・感謝などの意を示すために、跪(ひざまず)く・頭を下げる・手を合わせるなどの動作をする、同「𣬊」「𢷎」、「【通典:卷四十八:禮八; 借:◆後で返すことを条件に人の所有物を預かり用いる、同「貣」◆後で返すことを条件に人の所有物を別人に預け用いさせる、貸す、同「貸」◆他のものや別のものを仮に用いる、,N2,on,on+on,B_verb_rad_手(kun 80%),拝:◆対面した相手に敬意・弔意や恭順・感謝などの意を示すために、跪(ひざまず)く・頭を下げる・手を合わせるなどの動作をする、同「𣬊」「𢷎」、「【通典:卷四十八:禮八; 借:◆後で返すことを条件に人の所有物を預かり用いる、同「貣」◆後で返すことを条件に人の所有物を別人に預け用いさせる、貸す、同「貸」◆他のものや別のものを仮に用いる、
kk_拡充_かくじゅう,拡充,かくじゅう,拡:◆大きく広げる、いっぱいに広げる、また広がる、一面に広がる、同「撗」「㨯」; 充:◆あ・てる、足し加えて満たす、空いているところを埋める◆み・ちる、満ちる、いっぱいになる,N2,on,on+on,B_verb_rad_手(kun 80%),拡:◆大きく広げる、いっぱいに広げる、また広がる、一面に広がる、同「撗」「㨯」; 充:◆あ・てる、足し加えて満たす、空いているところを埋める◆み・ちる、満ちる、いっぱいになる
kk_括弧_かっこ,括弧,かっこ,括:◆袋などの口を解(ほど)けないように縛(しば)る、また縛って閉じる◆幾つかのものを一つに纏(まと)める、纏めて束ねる◆矢を弦(つる)に番(つが)える部分、矢筈(; 弧:◆木の弓◆弓なり(弓状)に曲がった形,N2,on,on+on,A3_short_compound(on+on 71%) | B_verb_rad_手(kun 80%),括:◆袋などの口を解(ほど)けないように縛(しば)る、また縛って閉じる◆幾つかのものを一つに纏(まと)める、纏めて束ねる◆矢を弦(つる)に番(つが)える部分、矢筈(; 弧:◆木の弓◆弓なり(弓状)に曲がった形
kk_拭う_ぬぐう,拭う,ぬぐう,拭:◆表面をさぁっと擦(こす)るようにして汚(よご)れや濡(ぬ)れなどを取る、きれいにする,N2,kun,kun,IL1_okurigana(kun 96%) | IL2_single_okuri(kun 96%) | B_verb_rad_手(kun 80%),拭:◆表面をさぁっと擦(こす)るようにして汚(よご)れや濡(ぬ)れなどを取る、きれいにする
kk_拵える_こしらえる,拵える,こしらえる,拵:◆拠(よ)る、拠りどころとする、同「据」◆差し入れる、差し込む、同「挿」◆[日]こしら・える、物を作る、作り上げる,N2,kun,kun,IL1_okurigana(kun 96%) | IL2_single_okuri(kun 96%) | B_verb_rad_手(kun 80%),拵:◆拠(よ)る、拠りどころとする、同「据」◆差し入れる、差し込む、同「挿」◆[日]こしら・える、物を作る、作り上げる
kk_持ち上げる_もちあげる,持ち上げる,もちあげる,持:◆ぐっと握(にぎ)る、しっかりと掴(つか)む◆しっかりと守る、そのままの状態を保つ、「持久(ジキュウ、長く保ち続ける)」◆しっかりと支える、「支持(シジ)」◆「; 上:◆位置・場所・地位などが高い、高い方にある◆高い方に移る、昇る、登る◆順序・時間などが前、前の方にある◆前の方に移る◆等級・品質などが高い、優れている◆殿様、皇,N2,mixed,on+kun~,IL1_okurigana(kun 96%) | A1_compound_oku(kun 90%) | A1_on_kun_mix(on+kun 65%),持:◆ぐっと握(にぎ)る、しっかりと掴(つか)む◆しっかりと守る、そのままの状態を保つ、「持久(ジキュウ、長く保ち続ける)」◆しっかりと支える、「支持(シジ)」◆「; 上:◆位置・場所・地位などが高い、高い方にある◆高い方に移る、昇る、登る◆順序・時間などが前、前の方にある◆前の方に移る◆等級・品質などが高い、優れている◆殿様、皇
kk_持ち出す_もちだす,持ち出す,もちだす,持:◆ぐっと握(にぎ)る、しっかりと掴(つか)む◆しっかりと守る、そのままの状態を保つ、「持久(ジキュウ、長く保ち続ける)」◆しっかりと支える、「支持(シジ)」◆「; 出:◆範囲・領域・組織や区切り・境界の内(内側、内部、裏側、こちら側、私的なところ)から外(外側、外部、表側、向こう側、公のところ)に移る、また移す、外から内へ移る,N2,mixed,on+kun~,IL1_okurigana(kun 96%) | A1_compound_oku(kun 90%) | A1_on_kun_mix(on+kun 65%),持:◆ぐっと握(にぎ)る、しっかりと掴(つか)む◆しっかりと守る、そのままの状態を保つ、「持久(ジキュウ、長く保ち続ける)」◆しっかりと支える、「支持(シジ)」◆「; 出:◆範囲・領域・組織や区切り・境界の内(内側、内部、裏側、こちら側、私的なところ)から外(外側、外部、表側、向こう側、公のところ)に移る、また移す、外から内へ移る
kk_持ち込む_もちこむ,持ち込む,もちこむ,持:◆ぐっと握(にぎ)る、しっかりと掴(つか)む◆しっかりと守る、そのままの状態を保つ、「持久(ジキュウ、長く保ち続ける)」◆しっかりと支える、「支持(シジ)」◆「; 込:◆[日]中に(内に、裏に、見えないところに)入(はい)る、入(い)れる,N2,mixed,on+kun~,IL1_okurigana(kun 96%) | A1_compound_oku(kun 90%) | A1_on_kun_mix(on+kun 65%),持:◆ぐっと握(にぎ)る、しっかりと掴(つか)む◆しっかりと守る、そのままの状態を保つ、「持久(ジキュウ、長く保ち続ける)」◆しっかりと支える、「支持(シジ)」◆「; 込:◆[日]中に(内に、裏に、見えないところに)入(はい)る、入(い)れる
kk_挫ける_くじける,挫ける,くじける,挫:◆途中で折る、折れる◆途中からそれまでのように進めなくなる,N2,kun,kun,IL1_okurigana(kun 96%) | IL2_single_okuri(kun 96%) | B_verb_rad_手(kun 80%),挫:◆途中で折る、折れる◆途中からそれまでのように進めなくなる
kk_振う_ふるう,振う,ふるう,振:◆揺(ゆ)する、揺るがす、揺り動かす◆揺すって奮(ふる)い起こす、また奮い立たせる◆励(はげ)ます、励まし救(すく)う◆盛んなさま、勢(いきお)いがあるさま、「,N2,kun,kun,IL1_okurigana(kun 96%) | IL2_single_okuri(kun 96%) | B_verb_rad_手(kun 80%),振:◆揺(ゆ)する、揺るがす、揺り動かす◆揺すって奮(ふる)い起こす、また奮い立たせる◆励(はげ)ます、励まし救(すく)う◆盛んなさま、勢(いきお)いがあるさま、「
kk_振り仮名_ふりがな,振り仮名,ふりがな,振:◆揺(ゆ)する、揺るがす、揺り動かす◆揺すって奮(ふる)い起こす、また奮い立たせる◆励(はげ)ます、励まし救(すく)う◆盛んなさま、勢(いきお)いがあるさま、「; 仮:◆他から(他のものを)一時的に借りる、他に一時的に貸す、同「叚」◆実際とは違うが一時的に他のものを用いる、足りないところに他のものを借りて当てる、他のもので間に; 名:◆人に付ける呼称、また動物・もの・出来事などを呼んだり指し示したり識別したりするためにその各々に付ける呼称、「名称(メイショウ)」◆呼称を付ける、「命名(メイメ,N2,other,mixed+mixed+mixed~,IL1_okurigana(kun 96%) | A1_compound_oku(kun 90%) | A1_on_kun_mix(on+kun 65%),振:◆揺(ゆ)する、揺るがす、揺り動かす◆揺すって奮(ふる)い起こす、また奮い立たせる◆励(はげ)ます、励まし救(すく)う◆盛んなさま、勢(いきお)いがあるさま、「; 仮:◆他から(他のものを)一時的に借りる、他に一時的に貸す、同「叚」◆実際とは違うが一時的に他のものを用いる、足りないところに他のものを借りて当てる、他のもので間に; 名:◆人に付ける呼称、また動物・もの・出来事などを呼んだり指し示したり識別したりするためにその各々に付ける呼称、「名称(メイショウ)」◆呼称を付ける、「命名(メイメ
kk_振り向く_ふりむく,振り向く,ふりむく,振:◆揺(ゆ)する、揺るがす、揺り動かす◆揺すって奮(ふる)い起こす、また奮い立たせる◆励(はげ)ます、励まし救(すく)う◆盛んなさま、勢(いきお)いがあるさま、「; 向:◆窓、北側に面した窓、同「郷」、「丿冂」は「宀」で「屋根のある建物」、「口」は「壁などに空いた窓」の意◆目的とするところを目指して行く、基点となるところから遠ざ,N2,kun,kun+kun~,IL1_okurigana(kun 96%) | A1_compound_oku(kun 90%) | A1_on_kun_mix(on+kun 65%),振:◆揺(ゆ)する、揺るがす、揺り動かす◆揺すって奮(ふる)い起こす、また奮い立たせる◆励(はげ)ます、励まし救(すく)う◆盛んなさま、勢(いきお)いがあるさま、「; 向:◆窓、北側に面した窓、同「郷」、「丿冂」は「宀」で「屋根のある建物」、「口」は「壁などに空いた窓」の意◆目的とするところを目指して行く、基点となるところから遠ざ
kk_振動_しんどう,振動,しんどう,振:◆揺(ゆ)する、揺るがす、揺り動かす◆揺すって奮(ふる)い起こす、また奮い立たせる◆励(はげ)ます、励まし救(すく)う◆盛んなさま、勢(いきお)いがあるさま、「; 動:◆位置・姿勢・感情・状態・事情などが変わる、また変える、また変わり始める、「動作」「行動」「感動」◆やや・もすれば、どうかすると(～になる、～になりやすい),N2,on,on+on,B_verb_rad_手(kun 80%) | B_verb_rad_力(kun 80%),振:◆揺(ゆ)する、揺るがす、揺り動かす◆揺すって奮(ふる)い起こす、また奮い立たせる◆励(はげ)ます、励まし救(すく)う◆盛んなさま、勢(いきお)いがあるさま、「; 動:◆位置・姿勢・感情・状態・事情などが変わる、また変える、また変わり始める、「動作」「行動」「感動」◆やや・もすれば、どうかすると(～になる、～になりやすい)
kk_挿入_そうにゅう,挿入,そうにゅう,挿:◆細長いもの(先が尖ったもの)を刺し入れる◆空いたところ(隙間や穴)に差し入れる; 入:◆範囲・領域・組織や区切り・境界の外(外側、外部、表側、向こう側、公のところ)から内(内側、内部、裏側、こちら側、私的なところ)に移る、また移す、内から外へ移る,N2,on,on+on,B_verb_rad_手(kun 80%),挿:◆細長いもの(先が尖ったもの)を刺し入れる◆空いたところ(隙間や穴)に差し入れる; 入:◆範囲・領域・組織や区切り・境界の外(外側、外部、表側、向こう側、公のところ)から内(内側、内部、裏側、こちら側、私的なところ)に移る、また移す、内から外へ移る
kk_捉える/捕える_とらえる,捉える/捕える,とらえる,捉:◆ぎゅっと掴(つか)まえる、掴まえて離さない、しっかりと手(や目や頭など)の中に収める◆捕(つか)まえる、搦(から)め捕(と)る◆「守捉(シュソク)」、唐朝(6; 捕:◆(逃げるものを追いかけて、或いは隠れているもの捜し出して)掴(つか)まえる、捉(つか)まえる、取り押さえる,N2,kun,kun+kun~,IL1_okurigana(kun 96%) | A1_compound_oku(kun 90%) | A1_on_kun_mix(on+kun 65%),捉:◆ぎゅっと掴(つか)まえる、掴まえて離さない、しっかりと手(や目や頭など)の中に収める◆捕(つか)まえる、搦(から)め捕(と)る◆「守捉(シュソク)」、唐朝(6; 捕:◆(逃げるものを追いかけて、或いは隠れているもの捜し出して)掴(つか)まえる、捉(つか)まえる、取り押さえる
kk_捩じる_ねじる,捩じる,ねじる,捩:◆両端を持って逆方向に回す、捻(ひね)る、「手(扌)を逆方向(戾)に回す」の意◆曲げた指を伸ばす弾(はじ)く・手首を捻る・掌を返すなど手や手首を曲げ伸ばししたり,N2,kun,kun,IL1_okurigana(kun 96%) | IL2_single_okuri(kun 96%) | B_verb_rad_手(kun 80%),捩:◆両端を持って逆方向に回す、捻(ひね)る、「手(扌)を逆方向(戾)に回す」の意◆曲げた指を伸ばす弾(はじ)く・手首を捻る・掌を返すなど手や手首を曲げ伸ばししたり
kk_捻る_ひねる,捻る,ひねる,捻:◆指で摘まんで回す、撚(よ)る◆「捻子(ネンシ)」、指で撚(よ)って糸状にしたもの、紙を撚(よ)ったものを「紙捻子」、日本ではこより(紙縒・紙捻・紙撚),N2,kun,kun,IL1_okurigana(kun 96%) | IL2_single_okuri(kun 96%) | B_verb_rad_手(kun 80%),捻:◆指で摘まんで回す、撚(よ)る◆「捻子(ネンシ)」、指で撚(よ)って糸状にしたもの、紙を撚(よ)ったものを「紙捻子」、日本ではこより(紙縒・紙捻・紙撚)
kk_排水_はいすい,排水,はいすい,排:◆閉じているものを押して開(あ)ける、両側に押し開(ひら)く◆斥(しりぞ)ける、押し退(の)ける、押し除(の)ける、追い遣(や)る、「排斥(ハイセキ)」◆順に並; 水:◆器などに入れると水平になる(器に合わせて形を変える)液体、液状のもの、酸素と水素からなる液体 H<sub>2</sub>O、(一般には人工的に他のものを加えて,N2,on,on+on,B_verb_rad_手(kun 80%),排:◆閉じているものを押して開(あ)ける、両側に押し開(ひら)く◆斥(しりぞ)ける、押し退(の)ける、押し除(の)ける、追い遣(や)る、「排斥(ハイセキ)」◆順に並; 水:◆器などに入れると水平になる(器に合わせて形を変える)液体、液状のもの、酸素と水素からなる液体 H<sub>2</sub>O、(一般には人工的に他のものを加えて
kk_排除_はいじょ,排除,はいじょ,排:◆閉じているものを押して開(あ)ける、両側に押し開(ひら)く◆斥(しりぞ)ける、押し退(の)ける、押し除(の)ける、追い遣(や)る、「排斥(ハイセキ)」◆順に並; 除:◆そこにあるものを押し退(の)ける、押し退けて場所をあける◆取り払う、取り去る◆それまでの官職を解(と)いて新しい官職に就(つ)ける、「除官(ジョカン)」◆それ,N2,on,on+on,A3_short_compound(on+on 71%) | B_verb_rad_手(kun 80%),排:◆閉じているものを押して開(あ)ける、両側に押し開(ひら)く◆斥(しりぞ)ける、押し退(の)ける、押し除(の)ける、追い遣(や)る、「排斥(ハイセキ)」◆順に並; 除:◆そこにあるものを押し退(の)ける、押し退けて場所をあける◆取り払う、取り去る◆それまでの官職を解(と)いて新しい官職に就(つ)ける、「除官(ジョカン)」◆それ
kk_採る_とる,採る,とる,採:◆指先で摘(つま)み取る、選び取る、同簡「采」◆燃料にする小さい木、大きいものは「薪」,N2,kun,kun,IL1_okurigana(kun 96%) | IL2_single_okuri(kun 96%) | B_verb_rad_手(kun 80%),採:◆指先で摘(つま)み取る、選び取る、同簡「采」◆燃料にする小さい木、大きいものは「薪」
kk_採択_さいたく,採択,さいたく,採:◆指先で摘(つま)み取る、選び取る、同簡「采」◆燃料にする小さい木、大きいものは「薪」; 択:◆仕分けて選び出す、幾つかの中から選び出す、同「睪」「𢍰」◆選(よ)り分ける,N2,on,on+on,B_verb_rad_手(kun 80%) | B_verb_rad_手(kun 80%),採:◆指先で摘(つま)み取る、選び取る、同簡「采」◆燃料にする小さい木、大きいものは「薪」; 択:◆仕分けて選び出す、幾つかの中から選び出す、同「睪」「𢍰」◆選(よ)り分ける
kk_探る_さぐる,探る,さぐる,探:◆さぐ・る、奥まで手を伸ばし入れて確かめる、また調べる◆さが・す、遠くまで出かけて確かめる、また調べる◆尋(たず)ねる、尋ね求める,N2,kun,kun,IL1_okurigana(kun 96%) | IL2_single_okuri(kun 96%) | B_verb_rad_手(kun 80%),探:◆さぐ・る、奥まで手を伸ばし入れて確かめる、また調べる◆さが・す、遠くまで出かけて確かめる、また調べる◆尋(たず)ねる、尋ね求める
kk_接する_せっする,接する,せっする,接:◆二つのものが間近(まぢか)まで近づく、ぴったりと寄る◆交(まじ)える、触れ合わせる◆(人と)触れ合う、親しく交わる◆近くまで寄ってくるもの(寄ってきたもの)を,N2,on,on,IL1_okurigana(kun 96%) | IL2_single_okuri(kun 96%) | B_verb_rad_手(kun 80%),接:◆二つのものが間近(まぢか)まで近づく、ぴったりと寄る◆交(まじ)える、触れ合わせる◆(人と)触れ合う、親しく交わる◆近くまで寄ってくるもの(寄ってきたもの)を
kk_接続_せつぞく,接続,せつぞく,接:◆二つのものが間近(まぢか)まで近づく、ぴったりと寄る◆交(まじ)える、触れ合わせる◆(人と)触れ合う、親しく交わる◆近くまで寄ってくるもの(寄ってきたもの)を; 続:◆切れることなく繋(つな)がる、また連(つら)なる◆前との関係を保ちながら次々に繋がって行く、「継続(ケイゾク)」「連続(レンゾク)」◆前の物事を受け、それを後,N2,on,on+on,B_verb_rad_手(kun 80%),接:◆二つのものが間近(まぢか)まで近づく、ぴったりと寄る◆交(まじ)える、触れ合わせる◆(人と)触れ合う、親しく交わる◆近くまで寄ってくるもの(寄ってきたもの)を; 続:◆切れることなく繋(つな)がる、また連(つら)なる◆前との関係を保ちながら次々に繋がって行く、「継続(ケイゾク)」「連続(レンゾク)」◆前の物事を受け、それを後
kk_接触_せっしょく,接触,せっしょく,接:◆二つのものが間近(まぢか)まで近づく、ぴったりと寄る◆交(まじ)える、触れ合わせる◆(人と)触れ合う、親しく交わる◆近くまで寄ってくるもの(寄ってきたもの)を; 触:◆角(つの)の先端が当たる、尖(とが)ったものの先端が軽く当たる、同「𧢻」◆一部分(全体の中のある限られた部分、狭い部分)に当たる、また押し当てる◆法で禁じられ,N2,on,on+on,B_verb_rad_手(kun 80%),接:◆二つのものが間近(まぢか)まで近づく、ぴったりと寄る◆交(まじ)える、触れ合わせる◆(人と)触れ合う、親しく交わる◆近くまで寄ってくるもの(寄ってきたもの)を; 触:◆角(つの)の先端が当たる、尖(とが)ったものの先端が軽く当たる、同「𧢻」◆一部分(全体の中のある限られた部分、狭い部分)に当たる、また押し当てる◆法で禁じられ
kk_接近_せっきん,接近,せっきん,接:◆二つのものが間近(まぢか)まで近づく、ぴったりと寄る◆交(まじ)える、触れ合わせる◆(人と)触れ合う、親しく交わる◆近くまで寄ってくるもの(寄ってきたもの)を; 近:◆位置・時間・関係・状態などがすぐ傍(そば)にある◆迫(せま)る、すぐ傍まで寄る、また寄せる◆親(ちか)しい、親(した)しい(間柄や関係などが近い)◆似ている(,N2,on,on+on,B_verb_rad_手(kun 80%),接:◆二つのものが間近(まぢか)まで近づく、ぴったりと寄る◆交(まじ)える、触れ合わせる◆(人と)触れ合う、親しく交わる◆近くまで寄ってくるもの(寄ってきたもの)を; 近:◆位置・時間・関係・状態などがすぐ傍(そば)にある◆迫(せま)る、すぐ傍まで寄る、また寄せる◆親(ちか)しい、親(した)しい(間柄や関係などが近い)◆似ている(
kk_推定_すいてい,推定,すいてい,推:◆(前に向かって)押す、押し出す、押し開ける、押し広げる◆前に向かって進む、また進める、「推移(スイイ)」◆人に(人を)進める、また薦(すす)める、「推挙(スイ; 定:◆さだ・まる、動きや乱れが鎮(しず)まって変化・変動しない状態になる、平静になる、落ち着く、「鎮定(チンテイ)」◆さだ・める、動いたり揺らいだりしない状態にする,N2,on,on+on,B_verb_rad_手(kun 80%) | B_noun_rad_宀(kun 93%),推:◆(前に向かって)押す、押し出す、押し開ける、押し広げる◆前に向かって進む、また進める、「推移(スイイ)」◆人に(人を)進める、また薦(すす)める、「推挙(スイ; 定:◆さだ・まる、動きや乱れが鎮(しず)まって変化・変動しない状態になる、平静になる、落ち着く、「鎮定(チンテイ)」◆さだ・める、動いたり揺らいだりしない状態にする
kk_推測_すいそく,推測,すいそく,推:◆(前に向かって)押す、押し出す、押し開ける、押し広げる◆前に向かって進む、また進める、「推移(スイイ)」◆人に(人を)進める、また薦(すす)める、「推挙(スイ; 測:◆物差(ものさし)や基準となるものを基(もと)にして深さ・高さ・長さなどの度合い(長短)を調べる、「測量(ソクリョウ)」◆経験や知識などを基に見当をつける、推(,N2,on,on+on,B_verb_rad_手(kun 80%),推:◆(前に向かって)押す、押し出す、押し開ける、押し広げる◆前に向かって進む、また進める、「推移(スイイ)」◆人に(人を)進める、また薦(すす)める、「推挙(スイ; 測:◆物差(ものさし)や基準となるものを基(もと)にして深さ・高さ・長さなどの度合い(長短)を調べる、「測量(ソクリョウ)」◆経験や知識などを基に見当をつける、推(
kk_推移_すいい,推移,すいい,推:◆(前に向かって)押す、押し出す、押し開ける、押し広げる◆前に向かって進む、また進める、「推移(スイイ)」◆人に(人を)進める、また薦(すす)める、「推挙(スイ; 移:◆位置がずれる、次へ次へと位置や状況などが変わって行く◆ものを今あるところから別のところに動かす、また動く、位置を変える、位置が変わる、同「迻」「徙」「乁」◆次,N2,on,on+on,A3_short_compound(on+on 71%) | B_verb_rad_手(kun 80%),推:◆(前に向かって)押す、押し出す、押し開ける、押し広げる◆前に向かって進む、また進める、「推移(スイイ)」◆人に(人を)進める、また薦(すす)める、「推挙(スイ; 移:◆位置がずれる、次へ次へと位置や状況などが変わって行く◆ものを今あるところから別のところに動かす、また動く、位置を変える、位置が変わる、同「迻」「徙」「乁」◆次
kk_推薦_すいせん,推薦,すいせん,推:◆(前に向かって)押す、押し出す、押し開ける、押し広げる◆前に向かって進む、また進める、「推移(スイイ)」◆人に(人を)進める、また薦(すす)める、「推挙(スイ; 薦:◆腰の下に莚(むしろ)や敷き草、またそれを敷く、同「荐」、「【說文解字:𢊁部:薦】獸之所食艸从𢊁从艸古者神人以𢊁遺黃帝帝曰何食何處曰食薦夏處水澤冬處松柏」◆しっ,N2,on,on+on,B_verb_rad_手(kun 80%),推:◆(前に向かって)押す、押し出す、押し開ける、押し広げる◆前に向かって進む、また進める、「推移(スイイ)」◆人に(人を)進める、また薦(すす)める、「推挙(スイ; 薦:◆腰の下に莚(むしろ)や敷き草、またそれを敷く、同「荐」、「【說文解字:𢊁部:薦】獸之所食艸从𢊁从艸古者神人以𢊁遺黃帝帝曰何食何處曰食薦夏處水澤冬處松柏」◆しっ
kk_掲示_けいじ,掲示,けいじ,掲:◆高く上げる、高く差し上げる◆(旗や目印などを付けた)棒や竿(さお)などを立てる、人の目に入るように高く上げる◆持ち上げる、(衣服の裾すそなどを)たくし上げる; 示:◆(天上の神が地上のものに齎す物事の意思・意図を)はっきりと分かるように目の前に出して見せる、また見せて知らしめる、同「視」◆しめす、しめすへん、部首名,N2,on,on+on,A3_short_compound(on+on 71%) | B_verb_rad_手(kun 80%),掲:◆高く上げる、高く差し上げる◆(旗や目印などを付けた)棒や竿(さお)などを立てる、人の目に入るように高く上げる◆持ち上げる、(衣服の裾すそなどを)たくし上げる; 示:◆(天上の神が地上のものに齎す物事の意思・意図を)はっきりと分かるように目の前に出して見せる、また見せて知らしめる、同「視」◆しめす、しめすへん、部首名
kk_掲載_けいさい,掲載,けいさい,掲:◆高く上げる、高く差し上げる◆(旗や目印などを付けた)棒や竿(さお)などを立てる、人の目に入るように高く上げる◆持ち上げる、(衣服の裾すそなどを)たくし上げる; 載:◆車や船などの上に乗る、乗って行く、また積む、積んで運ぶ◆(平らなものの)上に乗る、また乗せる◆本や帳面などに書き付ける◆歳(サイ、とし)、年(ネン、とし)、「,N2,on,on+on,B_verb_rad_手(kun 80%),掲:◆高く上げる、高く差し上げる◆(旗や目印などを付けた)棒や竿(さお)などを立てる、人の目に入るように高く上げる◆持ち上げる、(衣服の裾すそなどを)たくし上げる; 載:◆車や船などの上に乗る、乗って行く、また積む、積んで運ぶ◆(平らなものの)上に乗る、また乗せる◆本や帳面などに書き付ける◆歳(サイ、とし)、年(ネン、とし)、「
kk_揉まれる_もまれる,揉まれる,もまれる,揉:◆曲げたり伸ばしたりする、またそうして柔らかくする◆おとなしくさせる、懐柔(カイジュウ)する,N2,kun,kun,IL1_okurigana(kun 96%) | IL2_single_okuri(kun 96%) | B_verb_rad_手(kun 80%),揉:◆曲げたり伸ばしたりする、またそうして柔らかくする◆おとなしくさせる、懐柔(カイジュウ)する
kk_提供_ていきょう,提供,ていきょう,提:◆さ・げる、垂らすようにして持つ、下げるようにして持つ◆持ち上げる、引き上げる◆(話や課題などを)取り上げる、持ち出す、「提起(テイキ)」「提案(テイアン)」◆; 供:◆両手で物を捧(ささ)げ持つ、恭(うやうや)しく捧げ持つ、同「龔」◆労働・金品などを差し出す、また差し出して役立てる◆「供給(キョウキュウ)」、必要があるところ,N2,on,on+on,B_verb_rad_手(kun 80%),提:◆さ・げる、垂らすようにして持つ、下げるようにして持つ◆持ち上げる、引き上げる◆(話や課題などを)取り上げる、持ち出す、「提起(テイキ)」「提案(テイアン)」◆; 供:◆両手で物を捧(ささ)げ持つ、恭(うやうや)しく捧げ持つ、同「龔」◆労働・金品などを差し出す、また差し出して役立てる◆「供給(キョウキュウ)」、必要があるところ
kk_揶揄う_からかう,揶揄う,からかう,揶:◆「揶揄(ヤユ)」、からかう、弄(もてあそ)ぶ、困らせたり怒らせたりして面白がる、同「擨𢶖」「歋歈」; 揄:◆引く、引き出す、引き上げる◆臼(うす)などの器から中身を掬(すく)い出す、また掬い取る、同「抭」「舀」「揄」◆「揶揄(ヤユ)」、からかう、弄(もてあそ)ぶ、困,N2,on,on+on~,IL1_okurigana(kun 96%) | A1_compound_oku(kun 90%) | A1_on_kun_mix(on+kun 65%),揶:◆「揶揄(ヤユ)」、からかう、弄(もてあそ)ぶ、困らせたり怒らせたりして面白がる、同「擨𢶖」「歋歈」; 揄:◆引く、引き出す、引き上げる◆臼(うす)などの器から中身を掬(すく)い出す、また掬い取る、同「抭」「舀」「揄」◆「揶揄(ヤユ)」、からかう、弄(もてあそ)ぶ、困
kk_損害_そんがい,損害,そんがい,損:◆減らす、失う、失(しっ)する、欠ける、傷付ける、貶(おとし)める、貶(けな)す、価値が低下したり状態が悪化したりすることを指す; 害:◆状態を悪くする、損(そこ)なう、傷付ける、妨(さまた)げる、良好な状態とは逆の状態になる◆なぜ、どうして、どうして～しないのか、同「盍」,N2,on,on+on,B_verb_rad_手(kun 80%) | B_noun_rad_宀(kun 93%),損:◆減らす、失う、失(しっ)する、欠ける、傷付ける、貶(おとし)める、貶(けな)す、価値が低下したり状態が悪化したりすることを指す; 害:◆状態を悪くする、損(そこ)なう、傷付ける、妨(さまた)げる、良好な状態とは逆の状態になる◆なぜ、どうして、どうして～しないのか、同「盍」
kk_損得_そんとく,損得,そんとく,損:◆減らす、失う、失(しっ)する、欠ける、傷付ける、貶(おとし)める、貶(けな)す、価値が低下したり状態が悪化したりすることを指す; 得:◆手に入れる、手に入る、自分のものにする、自分のものになる、身に付く◆ぴったりと合う、相応(ふさわ)しい◆意に適(かな)う◆～できる◆儲(もう)かる、出て行くも,N2,on,on+on,B_verb_rad_手(kun 80%),損:◆減らす、失う、失(しっ)する、欠ける、傷付ける、貶(おとし)める、貶(けな)す、価値が低下したり状態が悪化したりすることを指す; 得:◆手に入れる、手に入る、自分のものにする、自分のものになる、身に付く◆ぴったりと合う、相応(ふさわ)しい◆意に適(かな)う◆～できる◆儲(もう)かる、出て行くも
kk_携わる_たずさわる,携わる,たずさわる,携:◆手にぶら下げて持つ、(紐などで繋いだものをぶら下げるようにして)身に帯びる◆手を繋ぐ、手を取る、手を取り合う◆手を取って一緒に行く、引き連れる,N2,kun,kun,IL1_okurigana(kun 96%) | IL2_single_okuri(kun 96%) | B_verb_rad_手(kun 80%),携:◆手にぶら下げて持つ、(紐などで繋いだものをぶら下げるようにして)身に帯びる◆手を繋ぐ、手を取る、手を取り合う◆手を取って一緒に行く、引き連れる
kk_携帯_けいたい,携帯,けいたい,携:◆手にぶら下げて持つ、(紐などで繋いだものをぶら下げるようにして)身に帯びる◆手を繋ぐ、手を取る、手を取り合う◆手を取って一緒に行く、引き連れる; 帯:◆衣服が開(はだ)けないように胸の下に辺りに巻いて結ぶ長く幅広の布、またそれを巻く ◆(帯に挟んだり、帯のように巻いたり結わえたりして)身に着ける、着用する◆(,N2,on,on+on,B_verb_rad_手(kun 80%) | B_noun_rad_巾(kun 93%),携:◆手にぶら下げて持つ、(紐などで繋いだものをぶら下げるようにして)身に帯びる◆手を繋ぐ、手を取る、手を取り合う◆手を取って一緒に行く、引き連れる; 帯:◆衣服が開(はだ)けないように胸の下に辺りに巻いて結ぶ長く幅広の布、またそれを巻く ◆(帯に挟んだり、帯のように巻いたり結わえたりして)身に着ける、着用する◆(
kk_摘み/撮み/抓み_つまみ,摘み/撮み/抓み,つまみ,摘:◆指や箸などの先で掴(つか)む◆指や箸などの先で掴み取る、また掴んで千切(ちぎ)り取る◆一部分(或いは必要な部分)を選び取る; 撮:◆つま・む、二本(或いは三本)の指で掴(つか)む、指先や箸などの長いものを使って寄せ集めて掴み上げる、摘(つ)まむ、同「摘」「抓」◆多くのものの内から一部分或い; 抓:◆つま・む、(指や箸などの長いものを使って)掴(つか)む、また掴み取る、同「摘」「撮」◆爪を立てて掻(か)く、同「搔」◆[日]つね・る、指先で掴んで捻(ひね)る,N2,kun,kun+kun+kun~,IL1_okurigana(kun 96%) | A1_compound_oku(kun 90%) | A1_on_kun_mix(on+kun 65%),摘:◆指や箸などの先で掴(つか)む◆指や箸などの先で掴み取る、また掴んで千切(ちぎ)り取る◆一部分(或いは必要な部分)を選び取る; 撮:◆つま・む、二本(或いは三本)の指で掴(つか)む、指先や箸などの長いものを使って寄せ集めて掴み上げる、摘(つ)まむ、同「摘」「抓」◆多くのものの内から一部分或い; 抓:◆つま・む、(指や箸などの長いものを使って)掴(つか)む、また掴み取る、同「摘」「撮」◆爪を立てて掻(か)く、同「搔」◆[日]つね・る、指先で掴んで捻(ひね)る
kk_摘む_つむ,摘む,つむ,摘:◆指や箸などの先で掴(つか)む◆指や箸などの先で掴み取る、また掴んで千切(ちぎ)り取る◆一部分(或いは必要な部分)を選び取る,N2,kun,kun,IL1_okurigana(kun 96%) | IL2_single_okuri(kun 96%) | B_verb_rad_手(kun 80%),摘:◆指や箸などの先で掴(つか)む◆指や箸などの先で掴み取る、また掴んで千切(ちぎ)り取る◆一部分(或いは必要な部分)を選び取る
kk_摩擦_まさつ,摩擦,まさつ,摩:◆手で押さえ撫(な)でる、軽く擦る◆擦(こす)って磨(みが)く、(知識や技能を)研(みが)く◆触れる、触れる程に間近まで迫る; 擦:◆さっと摩(さす)る、また拭(ふ)く◆拭き取る,N2,on,on+on,A3_short_compound(on+on 71%) | B_verb_rad_手(kun 80%) | B_verb_rad_手(kun 80%),摩:◆手で押さえ撫(な)でる、軽く擦る◆擦(こす)って磨(みが)く、(知識や技能を)研(みが)く◆触れる、触れる程に間近まで迫る; 擦:◆さっと摩(さす)る、また拭(ふ)く◆拭き取る
kk_擦れ違い_すれちがい,擦れ違い,すれちがい,擦:◆さっと摩(さす)る、また拭(ふ)く◆拭き取る; 違:◆背(せ)を向ける、背を向け去る、背(そむ)く◆あるべき形や様子と異なる、また反している、また合っていない◆守るべきものを守らない、従(したが)わない,N2,mixed,kun+on~,IL1_okurigana(kun 96%) | A1_compound_oku(kun 90%) | A1_on_kun_mix(on+kun 65%),擦:◆さっと摩(さす)る、また拭(ふ)く◆拭き取る; 違:◆背(せ)を向ける、背を向け去る、背(そむ)く◆あるべき形や様子と異なる、また反している、また合っていない◆守るべきものを守らない、従(したが)わない
kk_擦れ違う_すれちがう,擦れ違う,すれちがう,擦:◆さっと摩(さす)る、また拭(ふ)く◆拭き取る; 違:◆背(せ)を向ける、背を向け去る、背(そむ)く◆あるべき形や様子と異なる、また反している、また合っていない◆守るべきものを守らない、従(したが)わない,N2,kun,kun+kun~,IL1_okurigana(kun 96%) | A1_compound_oku(kun 90%) | A1_on_kun_mix(on+kun 65%),擦:◆さっと摩(さす)る、また拭(ふ)く◆拭き取る; 違:◆背(せ)を向ける、背を向け去る、背(そむ)く◆あるべき形や様子と異なる、また反している、また合っていない◆守るべきものを守らない、従(したが)わない
kk_支配_しはい,支配,しはい,支:◆枝(えだ)、幹(みき)となる部分から枝状に分かれ出たもの、同「枝」「肢」「𢺶」◆分かれる、分かれ出る、幹(みき)となる部分から分かれる◆ささ・える、落ちたり倒; 配:◆釣り合いが取れるようにする、相応(ふさわ)しい形や状態にする◆幾つかのものを合わせて(結び付けて)整える、調和させる◆結婚した相手、また妻、「配偶(ハイグウ、,N2,on,on+on,A3_short_compound(on+on 71%),支:◆枝(えだ)、幹(みき)となる部分から枝状に分かれ出たもの、同「枝」「肢」「𢺶」◆分かれる、分かれ出る、幹(みき)となる部分から分かれる◆ささ・える、落ちたり倒; 配:◆釣り合いが取れるようにする、相応(ふさわ)しい形や状態にする◆幾つかのものを合わせて(結び付けて)整える、調和させる◆結婚した相手、また妻、「配偶(ハイグウ、
kk_改ざん/改竄_かいざん,改ざん/改竄,かいざん,改:◆新しくなる、新しくする◆変わる、変える◆変えて新たにやり直す、よりよい状態また正しい状態に変える、誤りや過ちを正してやり直す◆新たにもう一度; 改:◆新しくなる、新しくする◆変わる、変える◆変えて新たにやり直す、よりよい状態また正しい状態に変える、誤りや過ちを正してやり直す◆新たにもう一度; 竄:◆(鼠が)穴に入り込む、逃(に)げ込む、逃げ隠(かく)れる◆追いやる、目が届かないところへ追いやる◆目立たないようにこっそりと、密(ひそ)かに,N2,on,on+on+on~,IL1_okurigana(kun 96%) | A1_compound_oku(kun 90%) | A1_on_kun_mix(on+kun 65%),改:◆新しくなる、新しくする◆変わる、変える◆変えて新たにやり直す、よりよい状態また正しい状態に変える、誤りや過ちを正してやり直す◆新たにもう一度; 改:◆新しくなる、新しくする◆変わる、変える◆変えて新たにやり直す、よりよい状態また正しい状態に変える、誤りや過ちを正してやり直す◆新たにもう一度; 竄:◆(鼠が)穴に入り込む、逃(に)げ込む、逃げ隠(かく)れる◆追いやる、目が届かないところへ追いやる◆目立たないようにこっそりと、密(ひそ)かに
kk_改まる_あらたまる,改まる,あらたまる,改:◆新しくなる、新しくする◆変わる、変える◆変えて新たにやり直す、よりよい状態また正しい状態に変える、誤りや過ちを正してやり直す◆新たにもう一度,N2,kun,kun,IL1_okurigana(kun 96%) | IL2_single_okuri(kun 96%),改:◆新しくなる、新しくする◆変わる、変える◆変えて新たにやり直す、よりよい状態また正しい状態に変える、誤りや過ちを正してやり直す◆新たにもう一度
kk_改めて_あらためて,改めて,あらためて,改:◆新しくなる、新しくする◆変わる、変える◆変えて新たにやり直す、よりよい状態また正しい状態に変える、誤りや過ちを正してやり直す◆新たにもう一度,N2,kun,kun,IL1_okurigana(kun 96%) | IL2_single_okuri(kun 96%),改:◆新しくなる、新しくする◆変わる、変える◆変えて新たにやり直す、よりよい状態また正しい状態に変える、誤りや過ちを正してやり直す◆新たにもう一度
kk_改める_あらためる,改める,あらためる,改:◆新しくなる、新しくする◆変わる、変える◆変えて新たにやり直す、よりよい状態また正しい状態に変える、誤りや過ちを正してやり直す◆新たにもう一度,N2,kun,kun,IL1_okurigana(kun 96%) | IL2_single_okuri(kun 96%),改:◆新しくなる、新しくする◆変わる、変える◆変えて新たにやり直す、よりよい状態また正しい状態に変える、誤りや過ちを正してやり直す◆新たにもう一度
kk_改札_かいさつ,改札,かいさつ,改:◆新しくなる、新しくする◆変わる、変える◆変えて新たにやり直す、よりよい状態また正しい状態に変える、誤りや過ちを正してやり直す◆新たにもう一度; 札:◆薄く小さい木片、文字を書くための薄く細長い木片、同「扎」「劄」◆信書、手紙、文書、公文書◆[日]紙幣◆[日]薄く小さい板状のもの,N2,on,on+on,B_noun_rad_木(kun 93%),改:◆新しくなる、新しくする◆変わる、変える◆変えて新たにやり直す、よりよい状態また正しい状態に変える、誤りや過ちを正してやり直す◆新たにもう一度; 札:◆薄く小さい木片、文字を書くための薄く細長い木片、同「扎」「劄」◆信書、手紙、文書、公文書◆[日]紙幣◆[日]薄く小さい板状のもの
kk_攻める_せめる,攻める,せめる,攻:◆こちらから敵に突き掛かる、襲(おそ)い掛かる◆人の過失を突く、また責める◆隅々まで手を加え美しく仕上げる、深く突っ込んで学ぶ,N2,kun,kun,IL1_okurigana(kun 96%) | IL2_single_okuri(kun 96%),攻:◆こちらから敵に突き掛かる、襲(おそ)い掛かる◆人の過失を突く、また責める◆隅々まで手を加え美しく仕上げる、深く突っ込んで学ぶ
kk_攻撃_こうげき,攻撃,こうげき,攻:◆こちらから敵に突き掛かる、襲(おそ)い掛かる◆人の過失を突く、また責める◆隅々まで手を加え美しく仕上げる、深く突っ込んで学ぶ; 撃:◆(軽く繰り返すのではなく一挙に)強く打つ、また撲(なぐ)る、また叩(たた)く◆相手に激しく突き掛かる◆敵を攻める、また滅ぼす,N2,on,on+on,B_verb_rad_手(kun 80%),攻:◆こちらから敵に突き掛かる、襲(おそ)い掛かる◆人の過失を突く、また責める◆隅々まで手を加え美しく仕上げる、深く突っ込んで学ぶ; 撃:◆(軽く繰り返すのではなく一挙に)強く打つ、また撲(なぐ)る、また叩(たた)く◆相手に激しく突き掛かる◆敵を攻める、また滅ぼす
kk_放って置く_ほうっておく,放って置く,ほうっておく,放:◆制限(セイゲン)・束縛(ソクバク)・拘束(コウソク)され自由に動けない状態であったものを自由に動ける状態にする、制限・束縛・拘束を解(と)く、「開放(カイホウ; 置:◆まっすぐに立てる、動かないように(傾いたり揺らいだり位置や状態が変わったりしないように)しっかりと据(す)える、同「寘」◆設(もう)ける、あるべきところに据え,N2,mixed,on+kun~,IL1_okurigana(kun 96%) | A1_compound_oku(kun 90%) | A1_on_kun_mix(on+kun 65%),放:◆制限(セイゲン)・束縛(ソクバク)・拘束(コウソク)され自由に動けない状態であったものを自由に動ける状態にする、制限・束縛・拘束を解(と)く、「開放(カイホウ; 置:◆まっすぐに立てる、動かないように(傾いたり揺らいだり位置や状態が変わったりしないように)しっかりと据(す)える、同「寘」◆設(もう)ける、あるべきところに据え
kk_放り出す_ほうりだす,放り出す,ほうりだす,放:◆制限(セイゲン)・束縛(ソクバク)・拘束(コウソク)され自由に動けない状態であったものを自由に動ける状態にする、制限・束縛・拘束を解(と)く、「開放(カイホウ; 出:◆範囲・領域・組織や区切り・境界の内(内側、内部、裏側、こちら側、私的なところ)から外(外側、外部、表側、向こう側、公のところ)に移る、また移す、外から内へ移る,N2,mixed,on+kun~,IL1_okurigana(kun 96%) | A1_compound_oku(kun 90%) | A1_on_kun_mix(on+kun 65%),放:◆制限(セイゲン)・束縛(ソクバク)・拘束(コウソク)され自由に動けない状態であったものを自由に動ける状態にする、制限・束縛・拘束を解(と)く、「開放(カイホウ; 出:◆範囲・領域・組織や区切り・境界の内(内側、内部、裏側、こちら側、私的なところ)から外(外側、外部、表側、向こう側、公のところ)に移る、また移す、外から内へ移る
kk_放れる_はなれる,放れる,はなれる,放:◆制限(セイゲン)・束縛(ソクバク)・拘束(コウソク)され自由に動けない状態であったものを自由に動ける状態にする、制限・束縛・拘束を解(と)く、「開放(カイホウ,N2,kun,kun,IL1_okurigana(kun 96%) | IL2_single_okuri(kun 96%),放:◆制限(セイゲン)・束縛(ソクバク)・拘束(コウソク)され自由に動けない状態であったものを自由に動ける状態にする、制限・束縛・拘束を解(と)く、「開放(カイホウ
kk_政党_せいとう,政党,せいとう,政:◆正(ただ)す、正しくする、同「正」◆社会などの秩序(チツジョ)を公正・公平に保(たも)つこと、またその仕事、またその手順・方法、「政治(セイジ、国を治めること; 党:◆同じ目的を持った人の集まり、志を同じくする仲間◆同じ村里に居住する人々、古代中国の行政単位で五百戸を一党とした◆同じ親族の人々,N2,on,on+on,,政:◆正(ただ)す、正しくする、同「正」◆社会などの秩序(チツジョ)を公正・公平に保(たも)つこと、またその仕事、またその手順・方法、「政治(セイジ、国を治めること; 党:◆同じ目的を持った人の集まり、志を同じくする仲間◆同じ村里に居住する人々、古代中国の行政単位で五百戸を一党とした◆同じ親族の人々
kk_救う_すくう,救う,すくう,救:◆止(と)める、引き止める、押し止(とど)める、同「𣪋」「𧧷」◆助ける、手を貸し助ける、同「捄」「𧧷」,N2,kun,kun,IL1_okurigana(kun 96%) | IL2_single_okuri(kun 96%),救:◆止(と)める、引き止める、押し止(とど)める、同「𣪋」「𧧷」◆助ける、手を貸し助ける、同「捄」「𧧷」
kk_救助_きゅうじょ,救助,きゅうじょ,救:◆止(と)める、引き止める、押し止(とど)める、同「𣪋」「𧧷」◆助ける、手を貸し助ける、同「捄」「𧧷」; 助:◆力や手を貸す、力や手を貸し支る、力になる◆「助法(ジョホウ)」、殷代(イン、約前17世紀～約前11世紀) の税法で、土地を縦横それぞれ三分して九区画(各七十畝,N2,on,on+on,A3_short_compound(on+on 71%) | B_verb_rad_力(kun 80%),救:◆止(と)める、引き止める、押し止(とど)める、同「𣪋」「𧧷」◆助ける、手を貸し助ける、同「捄」「𧧷」; 助:◆力や手を貸す、力や手を貸し支る、力になる◆「助法(ジョホウ)」、殷代(イン、約前17世紀～約前11世紀) の税法で、土地を縦横それぞれ三分して九区画(各七十畝
kk_救援_きゅうえん,救援,きゅうえん,救:◆止(と)める、引き止める、押し止(とど)める、同「𣪋」「𧧷」◆助ける、手を貸し助ける、同「捄」「𧧷」; 援:◆手で引く、引き寄せる、引っ張る◆引用する、他を引いて用いる、「援用(エンヨウ)」◆手を貸して助ける、「援助(エンジョ)」「援護(エンゴ)」,N2,on,on+on,B_verb_rad_手(kun 80%),救:◆止(と)める、引き止める、押し止(とど)める、同「𣪋」「𧧷」◆助ける、手を貸し助ける、同「捄」「𧧷」; 援:◆手で引く、引き寄せる、引っ張る◆引用する、他を引いて用いる、「援用(エンヨウ)」◆手を貸して助ける、「援助(エンジョ)」「援護(エンゴ)」
kk_敗れる_やぶれる,敗れる,やぶれる,敗:◆(争いなどに)破れる、負ける◆うまくいかない、駄目になる◆損なわれる、壊れる、萎える、衰える◆肉が腐る、「腐敗(フハイ)」、魚は「餒」,N2,kun,kun,IL1_okurigana(kun 96%) | IL2_single_okuri(kun 96%),敗:◆(争いなどに)破れる、負ける◆うまくいかない、駄目になる◆損なわれる、壊れる、萎える、衰える◆肉が腐る、「腐敗(フハイ)」、魚は「餒」
kk_教え子_おしえご,教え子,おしえご,教:◆自分の持つ知識・技術などをそれを持たない他の人に授(さず)ける、また見習わせる、またその内容、教えを受け見て倣い習得することを「学」◆神仏の説く道、道を示し導; 子:◆母親から産まれるもの、古くは男女を問わず「子」といったが、現代中国では男の子(息子)を指す◆新しく産まれる(生まれる)ものの元となるもの、植物の種や実、動物の,N2,mixed,kun+on~,IL1_okurigana(kun 96%) | A1_compound_oku(kun 90%) | A1_on_kun_mix(on+kun 65%),教:◆自分の持つ知識・技術などをそれを持たない他の人に授(さず)ける、また見習わせる、またその内容、教えを受け見て倣い習得することを「学」◆神仏の説く道、道を示し導; 子:◆母親から産まれるもの、古くは男女を問わず「子」といったが、現代中国では男の子(息子)を指す◆新しく産まれる(生まれる)ものの元となるもの、植物の種や実、動物の
kk_教わる_おそわる,教わる,おそわる,教:◆自分の持つ知識・技術などをそれを持たない他の人に授(さず)ける、また見習わせる、またその内容、教えを受け見て倣い習得することを「学」◆神仏の説く道、道を示し導,N2,kun,kun,IL1_okurigana(kun 96%) | IL2_single_okuri(kun 96%),教:◆自分の持つ知識・技術などをそれを持たない他の人に授(さず)ける、また見習わせる、またその内容、教えを受け見て倣い習得することを「学」◆神仏の説く道、道を示し導
kk_教習_きょうしゅう,教習,きょうしゅう,教:◆自分の持つ知識・技術などをそれを持たない他の人に授(さず)ける、また見習わせる、またその内容、教えを受け見て倣い習得することを「学」◆神仏の説く道、道を示し導; 習:◆何度も繰り返す、何度も繰り返すことによって身に付ける、同「慣」◆なら・わし、繰り返されることで身に付いたこと、普段から繰り返し行われること、同「慣」,N2,on,on+on,,教:◆自分の持つ知識・技術などをそれを持たない他の人に授(さず)ける、また見習わせる、またその内容、教えを受け見て倣い習得することを「学」◆神仏の説く道、道を示し導; 習:◆何度も繰り返す、何度も繰り返すことによって身に付ける、同「慣」◆なら・わし、繰り返されることで身に付いたこと、普段から繰り返し行われること、同「慣」
kk_教訓_きょうくん,教訓,きょうくん,教:◆自分の持つ知識・技術などをそれを持たない他の人に授(さず)ける、また見習わせる、またその内容、教えを受け見て倣い習得することを「学」◆神仏の説く道、道を示し導; 訓:◆分かりやすく説明し教える、順を追って教え悟らせる◆上位者の下位者に対する教えや指示◆字句の意味や読み◆[日]漢字の日本での読み,N2,on,on+on,B_verb_rad_言(kun 80%),教:◆自分の持つ知識・技術などをそれを持たない他の人に授(さず)ける、また見習わせる、またその内容、教えを受け見て倣い習得することを「学」◆神仏の説く道、道を示し導; 訓:◆分かりやすく説明し教える、順を追って教え悟らせる◆上位者の下位者に対する教えや指示◆字句の意味や読み◆[日]漢字の日本での読み
kk_教養_きょうよう,教養,きょうよう,教:◆自分の持つ知識・技術などをそれを持たない他の人に授(さず)ける、また見習わせる、またその内容、教えを受け見て倣い習得することを「学」◆神仏の説く道、道を示し導; 養:◆人・家畜・植物などが育つために必要なものを与える、また与えて大きく立派に育てる◆人が立派に育つために必要なことを教える、また教え導く,N2,on,on+on,,教:◆自分の持つ知識・技術などをそれを持たない他の人に授(さず)ける、また見習わせる、またその内容、教えを受け見て倣い習得することを「学」◆神仏の説く道、道を示し導; 養:◆人・家畜・植物などが育つために必要なものを与える、また与えて大きく立派に育てる◆人が立派に育つために必要なことを教える、また教え導く
kk_散々_さんざん,散々,さんざん,散:◆分け離す、固まっていたり纏(まと)まっていたりしたものをばらばらにする、同「㪔」◆束縛する力がなくなってばらばらになる、ばらばらになってあちこちに広がる◆あち,N2,on,on,IL2_single_default(kun 84%),散:◆分け離す、固まっていたり纏(まと)まっていたりしたものをばらばらにする、同「㪔」◆束縛する力がなくなってばらばらになる、ばらばらになってあちこちに広がる◆あち
kk_散らかる_ちらかる,散らかる,ちらかる,散:◆分け離す、固まっていたり纏(まと)まっていたりしたものをばらばらにする、同「㪔」◆束縛する力がなくなってばらばらになる、ばらばらになってあちこちに広がる◆あち,N2,kun,kun,IL1_okurigana(kun 96%) | IL2_single_okuri(kun 96%),散:◆分け離す、固まっていたり纏(まと)まっていたりしたものをばらばらにする、同「㪔」◆束縛する力がなくなってばらばらになる、ばらばらになってあちこちに広がる◆あち
kk_散らす_ちらす,散らす,ちらす,散:◆分け離す、固まっていたり纏(まと)まっていたりしたものをばらばらにする、同「㪔」◆束縛する力がなくなってばらばらになる、ばらばらになってあちこちに広がる◆あち,N2,kun,kun,IL1_okurigana(kun 96%) | IL2_single_okuri(kun 96%),散:◆分け離す、固まっていたり纏(まと)まっていたりしたものをばらばらにする、同「㪔」◆束縛する力がなくなってばらばらになる、ばらばらになってあちこちに広がる◆あち
kk_散らばる_ちらばる,散らばる,ちらばる,散:◆分け離す、固まっていたり纏(まと)まっていたりしたものをばらばらにする、同「㪔」◆束縛する力がなくなってばらばらになる、ばらばらになってあちこちに広がる◆あち,N2,kun,kun,IL1_okurigana(kun 96%) | IL2_single_okuri(kun 96%),散:◆分け離す、固まっていたり纏(まと)まっていたりしたものをばらばらにする、同「㪔」◆束縛する力がなくなってばらばらになる、ばらばらになってあちこちに広がる◆あち
kk_敬う_うやまう,敬う,うやまう,敬:◆心から大切に思う、相手を尊(とうと)び隅々まで心を配る、またそのように振る舞う、「尊敬(ソンケイ)」¶この敬う気持ちを「敬」といい、それを態度や行動で示すこと,N2,kun,kun,IL1_okurigana(kun 96%) | IL2_single_okuri(kun 96%),敬:◆心から大切に思う、相手を尊(とうと)び隅々まで心を配る、またそのように振る舞う、「尊敬(ソンケイ)」¶この敬う気持ちを「敬」といい、それを態度や行動で示すこと
kk_数～_すう～,数～,すう～,数:◆かず、同種のもの(繰り返されるもの)の多少を表す語◆かぞ・える、一つ二つ(一回二回)と計算する、またその多少◆細かい、煩(わずら)わしい◆しばしば、同じことを,N2,on,on,IL2_single_default(kun 84%),数:◆かず、同種のもの(繰り返されるもの)の多少を表す語◆かぞ・える、一つ二つ(一回二回)と計算する、またその多少◆細かい、煩(わずら)わしい◆しばしば、同じことを
kk_整う_ととのう,整う,ととのう,整:◆きちんとした状態や形にする、歪(ゆが)みや曲がりや乱れや偏(かたよ)りがないようにする、過不足がないように(凸凹がないように)する◆あるべき(本来の)状態や形,N2,kun,kun,IL1_okurigana(kun 96%) | IL2_single_okuri(kun 96%),整:◆きちんとした状態や形にする、歪(ゆが)みや曲がりや乱れや偏(かたよ)りがないようにする、過不足がないように(凸凹がないように)する◆あるべき(本来の)状態や形
kk_整備_せいび,整備,せいび,整:◆きちんとした状態や形にする、歪(ゆが)みや曲がりや乱れや偏(かたよ)りがないようにする、過不足がないように(凸凹がないように)する◆あるべき(本来の)状態や形; 備:◆必要なものを用意しておく、(いざという時のために)予め揃えておく◆身に付いている、身に具(そな)わる◆つぶさ・に、必要なものは全て、ことごとく,N2,on,on+on,A3_short_compound(on+on 71%),整:◆きちんとした状態や形にする、歪(ゆが)みや曲がりや乱れや偏(かたよ)りがないようにする、過不足がないように(凸凹がないように)する◆あるべき(本来の)状態や形; 備:◆必要なものを用意しておく、(いざという時のために)予め揃えておく◆身に付いている、身に具(そな)わる◆つぶさ・に、必要なものは全て、ことごとく
kk_整然と_せいぜんと,整然と,せいぜんと,整:◆きちんとした状態や形にする、歪(ゆが)みや曲がりや乱れや偏(かたよ)りがないようにする、過不足がないように(凸凹がないように)する◆あるべき(本来の)状態や形; 然:◆燃やす、火で焼く、「イヌ(犬、狗)の肉(月)を燃やす(灬)」の意、同「燃」◆～のような、～のように◆しか・も、その上に、それでも◆しか・り、その通り、yes◆,N2,on,on+on~,IL1_okurigana(kun 96%) | A1_compound_oku(kun 90%) | A1_on_kun_mix(on+kun 65%),整:◆きちんとした状態や形にする、歪(ゆが)みや曲がりや乱れや偏(かたよ)りがないようにする、過不足がないように(凸凹がないように)する◆あるべき(本来の)状態や形; 然:◆燃やす、火で焼く、「イヌ(犬、狗)の肉(月)を燃やす(灬)」の意、同「燃」◆～のような、～のように◆しか・も、その上に、それでも◆しか・り、その通り、yes◆
kk_文明_ぶんめい,文明,ぶんめい,文:◆紋様や図形、「天文(テンブン、テンモン)」◆多くの人にとって共通の意味を持つ紋様や図形、「文字(モジ、モンジ)」、古くは象形文字(ものの形を象った字、「宀」「; 明:◆(太陽や月の)光が差す、光が当たる、光を当てる◆光が当たってはっきりと見える(分かる)、誰の目にもはっきりとしている、はっきりとさせる◆隠されたところ(陰にな,N2,on,on+on,,文:◆紋様や図形、「天文(テンブン、テンモン)」◆多くの人にとって共通の意味を持つ紋様や図形、「文字(モジ、モンジ)」、古くは象形文字(ものの形を象った字、「宀」「; 明:◆(太陽や月の)光が差す、光が当たる、光を当てる◆光が当たってはっきりと見える(分かる)、誰の目にもはっきりとしている、はっきりとさせる◆隠されたところ(陰にな
kk_文献_ぶんけん,文献,ぶんけん,文:◆紋様や図形、「天文(テンブン、テンモン)」◆多くの人にとって共通の意味を持つ紋様や図形、「文字(モジ、モンジ)」、古くは象形文字(ものの形を象った字、「宀」「; 献:◆神や祖先にお供えを奉(ささ)げる◆目上の人や大切な客人に品物や酒食などを差し上げる◆故事や物事によく通じる、またその人、それらを記録に留めたものが「文献」,N2,on,on+on,,文:◆紋様や図形、「天文(テンブン、テンモン)」◆多くの人にとって共通の意味を持つ紋様や図形、「文字(モジ、モンジ)」、古くは象形文字(ものの形を象った字、「宀」「; 献:◆神や祖先にお供えを奉(ささ)げる◆目上の人や大切な客人に品物や酒食などを差し上げる◆故事や物事によく通じる、またその人、それらを記録に留めたものが「文献」
kk_文脈_ぶんみゃく,文脈,ぶんみゃく,文:◆紋様や図形、「天文(テンブン、テンモン)」◆多くの人にとって共通の意味を持つ紋様や図形、「文字(モジ、モンジ)」、古くは象形文字(ものの形を象った字、「宀」「; 脈:◆動物などの体内の血が通る細く長い管(くだ)、植物などの水や養分が通る細く長い管、「動脈(ドウミャク)」「葉脈(ヨウミャク)」◆血液が血管を流れる際の規則的な動,N2,on,on+on,,文:◆紋様や図形、「天文(テンブン、テンモン)」◆多くの人にとって共通の意味を持つ紋様や図形、「文字(モジ、モンジ)」、古くは象形文字(ものの形を象った字、「宀」「; 脈:◆動物などの体内の血が通る細く長い管(くだ)、植物などの水や養分が通る細く長い管、「動脈(ドウミャク)」「葉脈(ヨウミャク)」◆血液が血管を流れる際の規則的な動
kk_文芸_ぶんげい,文芸,ぶんげい,文:◆紋様や図形、「天文(テンブン、テンモン)」◆多くの人にとって共通の意味を持つ紋様や図形、「文字(モジ、モンジ)」、古くは象形文字(ものの形を象った字、「宀」「; 芸:◆田畑の雑草を取り除く、同「耘」◆「芸香(ウンコウ)」、ヘンルーダwijnruit、ミカン科ヘンルーダ属の草 ◆「芸臺(ウンタイ)」、書庫、「芸香」に書物を食い,N2,on,on+on,,文:◆紋様や図形、「天文(テンブン、テンモン)」◆多くの人にとって共通の意味を持つ紋様や図形、「文字(モジ、モンジ)」、古くは象形文字(ものの形を象った字、「宀」「; 芸:◆田畑の雑草を取り除く、同「耘」◆「芸香(ウンコウ)」、ヘンルーダwijnruit、ミカン科ヘンルーダ属の草 ◆「芸臺(ウンタイ)」、書庫、「芸香」に書物を食い
kk_斜_はす,斜,はす,斜:◆水などの液体の入った斗(ます)や杓子(シャクシ)などを傾(かたむ)けて中のものを出す、傾ける◆傾く、水平のものの片方が下がっている或いは上がっている、垂直のも,N2,kun,kun,IL2_single_default(kun 84%),斜:◆水などの液体の入った斗(ます)や杓子(シャクシ)などを傾(かたむ)けて中のものを出す、傾ける◆傾く、水平のものの片方が下がっている或いは上がっている、垂直のも
kk_斜め_ななめ,斜め,ななめ,斜:◆水などの液体の入った斗(ます)や杓子(シャクシ)などを傾(かたむ)けて中のものを出す、傾ける◆傾く、水平のものの片方が下がっている或いは上がっている、垂直のも,N2,kun,kun,IL1_okurigana(kun 96%) | IL2_single_okuri(kun 96%),斜:◆水などの液体の入った斗(ます)や杓子(シャクシ)などを傾(かたむ)けて中のものを出す、傾ける◆傾く、水平のものの片方が下がっている或いは上がっている、垂直のも
kk_新規_しんき,新規,しんき,新:◆切ったばかりの木、切ったばかりで何の手も加えられていない木◆それまでにはなかった形状・状態・様子・性質になるさま、それまではなかったものが初めて現れるさま◆改; 規:◆ぶんまわし(規)、コンパスcompass、正しく円を描く道具、直線や角度を描く道具は「矩」◆基準・標準となるもの、基準・標準とすべき決まりごと◆基準・標準とな,N2,on,on+on,A3_short_compound(on+on 71%),新:◆切ったばかりの木、切ったばかりで何の手も加えられていない木◆それまでにはなかった形状・状態・様子・性質になるさま、それまではなかったものが初めて現れるさま◆改; 規:◆ぶんまわし(規)、コンパスcompass、正しく円を描く道具、直線や角度を描く道具は「矩」◆基準・標準となるもの、基準・標準とすべき決まりごと◆基準・標準とな
kk_新郎新婦_しんろうしんぷ,新郎新婦,しんろうしんぷ,新:◆切ったばかりの木、切ったばかりで何の手も加えられていない木◆それまでにはなかった形状・状態・様子・性質になるさま、それまではなかったものが初めて現れるさま◆改; 郎:◆若い男性を指す語、またその美称◆妻が夫を指す語◆官名、「侍郎(ジロウ、次官・副官に相当)」「郎中(ロウジュウ、侍郎に昇進する前の名)」「郎官(ロウカン、侍郎・; 新:◆切ったばかりの木、切ったばかりで何の手も加えられていない木◆それまでにはなかった形状・状態・様子・性質になるさま、それまではなかったものが初めて現れるさま◆改,N2,on,mixed+on+mixed+on~,A4_multi_on(on+on+on+on 65%),新:◆切ったばかりの木、切ったばかりで何の手も加えられていない木◆それまでにはなかった形状・状態・様子・性質になるさま、それまではなかったものが初めて現れるさま◆改; 郎:◆若い男性を指す語、またその美称◆妻が夫を指す語◆官名、「侍郎(ジロウ、次官・副官に相当)」「郎中(ロウジュウ、侍郎に昇進する前の名)」「郎官(ロウカン、侍郎・; 新:◆切ったばかりの木、切ったばかりで何の手も加えられていない木◆それまでにはなかった形状・状態・様子・性質になるさま、それまではなかったものが初めて現れるさま◆改
kk_方々_ほうぼう,方々,ほうぼう,方:◆四角、四角いさま、角(かど)が直角になっているさま、「方形(ホウケイ)」◆数学で二つの数を掛け合わせた数(正方形・長方形の一つの角を成す二辺を掛け合わせた数),N2,on,on,IL2_single_default(kun 84%),方:◆四角、四角いさま、角(かど)が直角になっているさま、「方形(ホウケイ)」◆数学で二つの数を掛け合わせた数(正方形・長方形の一つの角を成す二辺を掛け合わせた数)
kk_方式_ほうしき,方式,ほうしき,方:◆四角、四角いさま、角(かど)が直角になっているさま、「方形(ホウケイ)」◆数学で二つの数を掛け合わせた数(正方形・長方形の一つの角を成す二辺を掛け合わせた数); 式:◆決まり、やり方、一定の方法や手順◆型(かた)、基本や標準になる形◆目的や作法(サホウ)・次第(シダイ)が決まっている行事◆数学などの解法を示したもの◆用(もち,N2,on,on+on,,方:◆四角、四角いさま、角(かど)が直角になっているさま、「方形(ホウケイ)」◆数学で二つの数を掛け合わせた数(正方形・長方形の一つの角を成す二辺を掛け合わせた数); 式:◆決まり、やり方、一定の方法や手順◆型(かた)、基本や標準になる形◆目的や作法(サホウ)・次第(シダイ)が決まっている行事◆数学などの解法を示したもの◆用(もち
kk_方程式_ほうていしき,方程式,ほうていしき,方:◆四角、四角いさま、角(かど)が直角になっているさま、「方形(ホウケイ)」◆数学で二つの数を掛け合わせた数(正方形・長方形の一つの角を成す二辺を掛け合わせた数); 程:◆ものの大小・長短・軽重・強弱・優劣などをはかる(測る・量る・計る)際の基準・規格◆一定の決まり・手順・方法◆定まっている基準・規格・決まり・区切り・手順・方法; 式:◆決まり、やり方、一定の方法や手順◆型(かた)、基本や標準になる形◆目的や作法(サホウ)・次第(シダイ)が決まっている行事◆数学などの解法を示したもの◆用(もち,N2,on,on+on+on,A4_multi_on(on+on+on 65%),方:◆四角、四角いさま、角(かど)が直角になっているさま、「方形(ホウケイ)」◆数学で二つの数を掛け合わせた数(正方形・長方形の一つの角を成す二辺を掛け合わせた数); 程:◆ものの大小・長短・軽重・強弱・優劣などをはかる(測る・量る・計る)際の基準・規格◆一定の決まり・手順・方法◆定まっている基準・規格・決まり・区切り・手順・方法; 式:◆決まり、やり方、一定の方法や手順◆型(かた)、基本や標準になる形◆目的や作法(サホウ)・次第(シダイ)が決まっている行事◆数学などの解法を示したもの◆用(もち
kk_方角_ほうがく,方角,ほうがく,方:◆四角、四角いさま、角(かど)が直角になっているさま、「方形(ホウケイ)」◆数学で二つの数を掛け合わせた数(正方形・長方形の一つの角を成す二辺を掛け合わせた数); 角:◆つの、動物などの頭部から突き出た骨質状また角質状のもの、またそのように先が尖ったもの、またそのように先が尖った状態◆(角を突き合わせて)力を競い合う◆すみ、か,N2,other,mixed+mixed~,,方:◆四角、四角いさま、角(かど)が直角になっているさま、「方形(ホウケイ)」◆数学で二つの数を掛け合わせた数(正方形・長方形の一つの角を成す二辺を掛け合わせた数); 角:◆つの、動物などの頭部から突き出た骨質状また角質状のもの、またそのように先が尖ったもの、またそのように先が尖った状態◆(角を突き合わせて)力を競い合う◆すみ、か
kk_方言_ほうげん,方言,ほうげん,方:◆四角、四角いさま、角(かど)が直角になっているさま、「方形(ホウケイ)」◆数学で二つの数を掛け合わせた数(正方形・長方形の一つの角を成す二辺を掛け合わせた数); 言:◆相手に伝えたいことを声に出してはっきりと述べる、またその内容、またそのための語(ゴ、互いに意思の疎通を図るための言葉)◆字(ジ)、文字◆我(われ)、自分を指す,N2,on,on+on,B_verb_rad_言(kun 80%),方:◆四角、四角いさま、角(かど)が直角になっているさま、「方形(ホウケイ)」◆数学で二つの数を掛け合わせた数(正方形・長方形の一つの角を成す二辺を掛け合わせた数); 言:◆相手に伝えたいことを声に出してはっきりと述べる、またその内容、またそのための語(ゴ、互いに意思の疎通を図るための言葉)◆字(ジ)、文字◆我(われ)、自分を指す
kk_方針_ほうしん,方針,ほうしん,方:◆四角、四角いさま、角(かど)が直角になっているさま、「方形(ホウケイ)」◆数学で二つの数を掛け合わせた数(正方形・長方形の一つの角を成す二辺を掛け合わせた数); 針:◆裁縫などに使う細長く先が尖ったもの◆鍼(はり)治療などに使う細長い道具、針状のものや細長いメス状のものなどがある、同「鍼」◆(針のように)細長く先の尖ったもの,N2,on,on+on,B_noun_rad_金(kun 93%),方:◆四角、四角いさま、角(かど)が直角になっているさま、「方形(ホウケイ)」◆数学で二つの数を掛け合わせた数(正方形・長方形の一つの角を成す二辺を掛け合わせた数); 針:◆裁縫などに使う細長く先が尖ったもの◆鍼(はり)治療などに使う細長い道具、針状のものや細長いメス状のものなどがある、同「鍼」◆(針のように)細長く先の尖ったもの
kk_施設_しせつ,施設,しせつ,施:◆広げる、平らに広げる、同「𢻫」◆広く行き渡る、また行き渡らせる、広める◆広く恩恵を行き渡らせる、恵む、与える◆旗が広がり翻(ひるがえ)る◆「施行(シコウ)」、; 設:◆作る、作って据(す)える、拵(こしら)える◆据え置く、必要なものを揃えて並べ置く◆もし～、if,N2,on,on+on,A3_short_compound(on+on 71%) | B_verb_rad_言(kun 80%),施:◆広げる、平らに広げる、同「𢻫」◆広く行き渡る、また行き渡らせる、広める◆広く恩恵を行き渡らせる、恵む、与える◆旗が広がり翻(ひるがえ)る◆「施行(シコウ)」、; 設:◆作る、作って据(す)える、拵(こしら)える◆据え置く、必要なものを揃えて並べ置く◆もし～、if
kk_旅立つ_たびだつ,旅立つ,たびだつ,旅:◆兵士数を基にした軍隊の規模の単位、周朝(シュウ、西周、前11世紀～前771年)では500人を単位とした、「【周禮:卷第三:地官司徒】乃會萬民之卒伍而用之五人爲; 立:◆地(チ、地面、土台、基盤)に足を着け垂直にする、また垂直になる、地から上に向かって伸ばす、また伸びる◆しっかりとした土台を築いてその上にものを作り上げて行く、,N2,kun,kun+kun~,IL1_okurigana(kun 96%) | A1_compound_oku(kun 90%) | A1_on_kun_mix(on+kun 65%),旅:◆兵士数を基にした軍隊の規模の単位、周朝(シュウ、西周、前11世紀～前771年)では500人を単位とした、「【周禮:卷第三:地官司徒】乃會萬民之卒伍而用之五人爲; 立:◆地(チ、地面、土台、基盤)に足を着け垂直にする、また垂直になる、地から上に向かって伸ばす、また伸びる◆しっかりとした土台を築いてその上にものを作り上げて行く、
kk_旅費_りょひ,旅費,りょひ,旅:◆兵士数を基にした軍隊の規模の単位、周朝(シュウ、西周、前11世紀～前771年)では500人を単位とした、「【周禮:卷第三:地官司徒】乃會萬民之卒伍而用之五人爲; 費:◆金銭・品物・労力などを使う、時間・手間などがかかる◆ものなどを買うために用いる金銭、「費用(ヒヨウ)」◆使い減らす、「浪費(ロウヒ)」◆魯ロ国(前11世紀～前,N2,on,on+on,A3_short_compound(on+on 71%),旅:◆兵士数を基にした軍隊の規模の単位、周朝(シュウ、西周、前11世紀～前771年)では500人を単位とした、「【周禮:卷第三:地官司徒】乃會萬民之卒伍而用之五人爲; 費:◆金銭・品物・労力などを使う、時間・手間などがかかる◆ものなどを買うために用いる金銭、「費用(ヒヨウ)」◆使い減らす、「浪費(ロウヒ)」◆魯ロ国(前11世紀～前
kk_日の入り_ひのいり,日の入り,ひのいり,日:◆太陽◆太陽が出ている間、昼間、夜明けから日没まで◆一昼夜、朝から次の朝まで、またその繰り返し、またその繰り返しを数える語◆候(コウ)、時節、頃(ケイ、ころ)◆; 入:◆範囲・領域・組織や区切り・境界の外(外側、外部、表側、向こう側、公のところ)から内(内側、内部、裏側、こちら側、私的なところ)に移る、また移す、内から外へ移る,N2,kun,kun+kun~,IL1_okurigana(kun 96%) | A1_compound_oku(kun 90%) | A1_on_kun_mix(on+kun 65%),日:◆太陽◆太陽が出ている間、昼間、夜明けから日没まで◆一昼夜、朝から次の朝まで、またその繰り返し、またその繰り返しを数える語◆候(コウ)、時節、頃(ケイ、ころ)◆; 入:◆範囲・領域・組織や区切り・境界の外(外側、外部、表側、向こう側、公のところ)から内(内側、内部、裏側、こちら側、私的なところ)に移る、また移す、内から外へ移る
kk_日の出_ひので,日の出,ひので,日:◆太陽◆太陽が出ている間、昼間、夜明けから日没まで◆一昼夜、朝から次の朝まで、またその繰り返し、またその繰り返しを数える語◆候(コウ)、時節、頃(ケイ、ころ)◆; 出:◆範囲・領域・組織や区切り・境界の内(内側、内部、裏側、こちら側、私的なところ)から外(外側、外部、表側、向こう側、公のところ)に移る、また移す、外から内へ移る,N2,kun,kun+kun~,IL1_okurigana(kun 96%) | A1_compound_oku(kun 90%) | A1_on_kun_mix(on+kun 65%),日:◆太陽◆太陽が出ている間、昼間、夜明けから日没まで◆一昼夜、朝から次の朝まで、またその繰り返し、またその繰り返しを数える語◆候(コウ)、時節、頃(ケイ、ころ)◆; 出:◆範囲・領域・組織や区切り・境界の内(内側、内部、裏側、こちら側、私的なところ)から外(外側、外部、表側、向こう側、公のところ)に移る、また移す、外から内へ移る
kk_日中_にっちゅう,日中,にっちゅう,日:◆太陽◆太陽が出ている間、昼間、夜明けから日没まで◆一昼夜、朝から次の朝まで、またその繰り返し、またその繰り返しを数える語◆候(コウ)、時節、頃(ケイ、ころ)◆; 中:◆ものとものの間にあってどちらにも偏(かたよ)らない位置◆上下・高低・大小などの間(あいだ)に位置する人や物や場所、同「仲」◆始点(出発地)から終点(目的地)ま,N2,other,mixed+mixed~,,日:◆太陽◆太陽が出ている間、昼間、夜明けから日没まで◆一昼夜、朝から次の朝まで、またその繰り返し、またその繰り返しを数える語◆候(コウ)、時節、頃(ケイ、ころ)◆; 中:◆ものとものの間にあってどちらにも偏(かたよ)らない位置◆上下・高低・大小などの間(あいだ)に位置する人や物や場所、同「仲」◆始点(出発地)から終点(目的地)ま
kk_日光_にっこう,日光,にっこう,日:◆太陽◆太陽が出ている間、昼間、夜明けから日没まで◆一昼夜、朝から次の朝まで、またその繰り返し、またその繰り返しを数える語◆候(コウ)、時節、頃(ケイ、ころ)◆; 光:◆明かるく輝(かがや)く、きらきらと輝(かがや)く◆辺りを明るく照らすさま、同「炚」「炛」◆(光り輝き)美しい◆景色(ケシキ)、「風光(フウコウ)」◆(四方に光,N2,other,mixed+mixed~,,日:◆太陽◆太陽が出ている間、昼間、夜明けから日没まで◆一昼夜、朝から次の朝まで、またその繰り返し、またその繰り返しを数える語◆候(コウ)、時節、頃(ケイ、ころ)◆; 光:◆明かるく輝(かがや)く、きらきらと輝(かがや)く◆辺りを明るく照らすさま、同「炚」「炛」◆(光り輝き)美しい◆景色(ケシキ)、「風光(フウコウ)」◆(四方に光
kk_日増しに_ひましに,日増しに,ひましに,日:◆太陽◆太陽が出ている間、昼間、夜明けから日没まで◆一昼夜、朝から次の朝まで、またその繰り返し、またその繰り返しを数える語◆候(コウ)、時節、頃(ケイ、ころ)◆; 増:◆同質のものが積み重(かさ)なる、また繰り返される、同「曾」「層」◆付け加わる、大きくなる、多くなる,N2,kun,kun+kun,IL1_okurigana(kun 96%) | A1_compound_oku(kun 90%) | A1_on_kun_mix(on+kun 65%),日:◆太陽◆太陽が出ている間、昼間、夜明けから日没まで◆一昼夜、朝から次の朝まで、またその繰り返し、またその繰り返しを数える語◆候(コウ)、時節、頃(ケイ、ころ)◆; 増:◆同質のものが積み重(かさ)なる、また繰り返される、同「曾」「層」◆付け加わる、大きくなる、多くなる
kk_日頃_ひごろ,日頃,ひごろ,日:◆太陽◆太陽が出ている間、昼間、夜明けから日没まで◆一昼夜、朝から次の朝まで、またその繰り返し、またその繰り返しを数える語◆候(コウ)、時節、頃(ケイ、ころ)◆; 頃:◆頭を傾(かたむ)ける、頭を傾(かし)げる、同「傾」◆傾く、斜めになる、片方に(一方に)偏(かたよ)る、同「傾」◆僅(わず)かな時間、「頃刻(ケイコク、僅かな間,N2,other,mixed+mixed~,A3_short_compound(on+on 71%),日:◆太陽◆太陽が出ている間、昼間、夜明けから日没まで◆一昼夜、朝から次の朝まで、またその繰り返し、またその繰り返しを数える語◆候(コウ)、時節、頃(ケイ、ころ)◆; 頃:◆頭を傾(かたむ)ける、頭を傾(かし)げる、同「傾」◆傾く、斜めになる、片方に(一方に)偏(かたよ)る、同「傾」◆僅(わず)かな時間、「頃刻(ケイコク、僅かな間
kk_旧～_きゅう～,旧～,きゅう～,旧:◆古い、昔の、過去の、以前の◆古くからの、以前からの◆同「舊」,N2,on,on,IL2_single_default(kun 84%),旧:◆古い、昔の、過去の、以前の◆古くからの、以前からの◆同「舊」
kk_早くとも_はやくとも,早くとも,はやくとも,早:◆いよいよ陽が昇り始めようとしていてまだ薄暗い頃、朝が明(あ)けようとする頃◆その時(時間、時期、頃合い)に至っていない◆本来の時よりも前に(先に)、前以って、,N2,kun,kun,IL1_okurigana(kun 96%) | IL2_single_okuri(kun 96%),早:◆いよいよ陽が昇り始めようとしていてまだ薄暗い頃、朝が明(あ)けようとする頃◆その時(時間、時期、頃合い)に至っていない◆本来の時よりも前に(先に)、前以って、
kk_早口_はやくち,早口,はやくち,早:◆いよいよ陽が昇り始めようとしていてまだ薄暗い頃、朝が明(あ)けようとする頃◆その時(時間、時期、頃合い)に至っていない◆本来の時よりも前に(先に)、前以って、; 口:◆動物の食べたり声を発したりするための器官◆ものが出入りするために空(あ)けた(空いた)ところ、(口のように)全体の内の一部空いたところ◆言葉、言葉を発する、語,N2,mixed,kun+on~,,早:◆いよいよ陽が昇り始めようとしていてまだ薄暗い頃、朝が明(あ)けようとする頃◆その時(時間、時期、頃合い)に至っていない◆本来の時よりも前に(先に)、前以って、; 口:◆動物の食べたり声を発したりするための器官◆ものが出入りするために空(あ)けた(空いた)ところ、(口のように)全体の内の一部空いたところ◆言葉、言葉を発する、語
kk_早期_そうき,早期,そうき,早:◆いよいよ陽が昇り始めようとしていてまだ薄暗い頃、朝が明(あ)けようとする頃◆その時(時間、時期、頃合い)に至っていない◆本来の時よりも前に(先に)、前以って、; 期:◆予定されている(約束されている)時(とき、時期、時間)、「時期(ジキ)」「期間(キカン、二つの時の間、始めの時から終わりの時までの間)」◆決められた時(時期、,N2,on,on+on,A3_short_compound(on+on 71%),早:◆いよいよ陽が昇り始めようとしていてまだ薄暗い頃、朝が明(あ)けようとする頃◆その時(時間、時期、頃合い)に至っていない◆本来の時よりも前に(先に)、前以って、; 期:◆予定されている(約束されている)時(とき、時期、時間)、「時期(ジキ)」「期間(キカン、二つの時の間、始めの時から終わりの時までの間)」◆決められた時(時期、
kk_昆虫_こんちゅう,昆虫,こんちゅう,昆:◆兄、「昆弟(コンテイ、兄弟)」、同「晜」◆同じところに集まる、同「同」◆「昆虫(コンチュウ)」、節足動物のうち汎甲殻類(ハンコウカクルイ)六脚亜門(ロッキャク; 虫:◆マムシ(蝮)、クサリヘビ科マムシ属のヘビ(蛇)、同「虺」「蝮」[†音は「虺」と同じで「キ、ケ」†]◆動物の総称、動物全体を「五虫」とし「鱗虫(外皮が鱗うろこ状,N2,on,on+on,B_noun_rad_虫(kun 93%),昆:◆兄、「昆弟(コンテイ、兄弟)」、同「晜」◆同じところに集まる、同「同」◆「昆虫(コンチュウ)」、節足動物のうち汎甲殻類(ハンコウカクルイ)六脚亜門(ロッキャク; 虫:◆マムシ(蝮)、クサリヘビ科マムシ属のヘビ(蛇)、同「虺」「蝮」[†音は「虺」と同じで「キ、ケ」†]◆動物の総称、動物全体を「五虫」とし「鱗虫(外皮が鱗うろこ状
kk_昇進_しょうしん,昇進,しょうしん,昇:◆太陽が上がる◆上の方向に行く、同「升」、一般に浮くようにして上がることを指し、足掛りなどを踏みながら上がるのは「登」¶中国で「昇る」は「升」を用い「昇」は殆ど; 進:◆前に向かって動く(行く)、前に出る、登る、上に向かって動く(行く)、昇って行く、状態が良い方向に向かう、逆は「退」◆位や程度が上がる◆人にものを差し出す、また,N2,on,on+on,,昇:◆太陽が上がる◆上の方向に行く、同「升」、一般に浮くようにして上がることを指し、足掛りなどを踏みながら上がるのは「登」¶中国で「昇る」は「升」を用い「昇」は殆ど; 進:◆前に向かって動く(行く)、前に出る、登る、上に向かって動く(行く)、昇って行く、状態が良い方向に向かう、逆は「退」◆位や程度が上がる◆人にものを差し出す、また
kk_明かり_あかり,明かり,あかり,明:◆(太陽や月の)光が差す、光が当たる、光を当てる◆光が当たってはっきりと見える(分かる)、誰の目にもはっきりとしている、はっきりとさせる◆隠されたところ(陰にな,N2,kun,kun,IL1_okurigana(kun 96%) | IL2_single_okuri(kun 96%),明:◆(太陽や月の)光が差す、光が当たる、光を当てる◆光が当たってはっきりと見える(分かる)、誰の目にもはっきりとしている、はっきりとさせる◆隠されたところ(陰にな
kk_明くる_あくる,明くる,あくる,明:◆(太陽や月の)光が差す、光が当たる、光を当てる◆光が当たってはっきりと見える(分かる)、誰の目にもはっきりとしている、はっきりとさせる◆隠されたところ(陰にな,N2,kun,kun,IL1_okurigana(kun 96%) | IL2_single_okuri(kun 96%),明:◆(太陽や月の)光が差す、光が当たる、光を当てる◆光が当たってはっきりと見える(分かる)、誰の目にもはっきりとしている、はっきりとさせる◆隠されたところ(陰にな
kk_明け方_あけがた,明け方,あけがた,明:◆(太陽や月の)光が差す、光が当たる、光を当てる◆光が当たってはっきりと見える(分かる)、誰の目にもはっきりとしている、はっきりとさせる◆隠されたところ(陰にな; 方:◆四角、四角いさま、角(かど)が直角になっているさま、「方形(ホウケイ)」◆数学で二つの数を掛け合わせた数(正方形・長方形の一つの角を成す二辺を掛け合わせた数),N2,other,mixed+mixed~,IL1_okurigana(kun 96%) | A1_compound_oku(kun 90%) | A1_on_kun_mix(on+kun 65%),明:◆(太陽や月の)光が差す、光が当たる、光を当てる◆光が当たってはっきりと見える(分かる)、誰の目にもはっきりとしている、はっきりとさせる◆隠されたところ(陰にな; 方:◆四角、四角いさま、角(かど)が直角になっているさま、「方形(ホウケイ)」◆数学で二つの数を掛け合わせた数(正方形・長方形の一つの角を成す二辺を掛け合わせた数)
kk_明確_めいかく,明確,めいかく,明:◆(太陽や月の)光が差す、光が当たる、光を当てる◆光が当たってはっきりと見える(分かる)、誰の目にもはっきりとしている、はっきりとさせる◆隠されたところ(陰にな; 確:◆石のように堅(かた)い、堅くしっかりとしていて揺るぎがない◆間違いない◆簡「确」,N2,on,on+on,,明:◆(太陽や月の)光が差す、光が当たる、光を当てる◆光が当たってはっきりと見える(分かる)、誰の目にもはっきりとしている、はっきりとさせる◆隠されたところ(陰にな; 確:◆石のように堅(かた)い、堅くしっかりとしていて揺るぎがない◆間違いない◆簡「确」
kk_易々_やすやす,易々,やすやす,易:◆換(か)える、替(か)える、代(か)える、交換する◆占いの書、また占いの法、「爻(コウ)」と呼ばれる「陽と「陰」の並びを換えながら組み合わせた「八卦」「六十四,N2,kun,kun,IL2_single_default(kun 84%),易:◆換(か)える、替(か)える、代(か)える、交換する◆占いの書、また占いの法、「爻(コウ)」と呼ばれる「陽と「陰」の並びを換えながら組み合わせた「八卦」「六十四
kk_映像_えいぞう,映像,えいぞう,映:◆光が当たって明るい◆光が当たってくっきりと見える、くっきりと浮かび上がって見える◆くっきりとした陰(かげ)、くっきりとした陰ができる¶「光が当たっているところ; 像:◆象(かたど)る、人や物の姿形(すがたかたち)に似せる、また似る、また似せて作ったもの、同「象」◆もの(者や物)の姿形(すがたかたち)、また様子(ようす)、同「,N2,on,on+on,,映:◆光が当たって明るい◆光が当たってくっきりと見える、くっきりと浮かび上がって見える◆くっきりとした陰(かげ)、くっきりとした陰ができる¶「光が当たっているところ; 像:◆象(かたど)る、人や物の姿形(すがたかたち)に似せる、また似る、また似せて作ったもの、同「象」◆もの(者や物)の姿形(すがたかたち)、また様子(ようす)、同「
kk_昨～_さく～,昨～,さく～,昨:◆夜を挟んで一つ前の日◆一つ前の月や年◆過去、以前,N2,on,on,IL2_on_only(on 99%),昨:◆夜を挟んで一つ前の日◆一つ前の月や年◆過去、以前
kk_時点_じいてん,時点,じいてん,時:◆一年の四分の一、季節、「一時(イチジ、三カ月、一季節)」「四時(シジ、四つの季節、四季)」◆一日の十二分の一、現在は二十四分の一、「時刻(ジコク)」◆年代、期; 点:◆小さな(黒い)染(し)み・瑕(きず)・印(しるし)、またそのようなものを付ける、「汚点(オテン)」◆小さく狭く限られた場所・範囲・位置・事柄、「地点(チテン),N2,on,on+on,,時:◆一年の四分の一、季節、「一時(イチジ、三カ月、一季節)」「四時(シジ、四つの季節、四季)」◆一日の十二分の一、現在は二十四分の一、「時刻(ジコク)」◆年代、期; 点:◆小さな(黒い)染(し)み・瑕(きず)・印(しるし)、またそのようなものを付ける、「汚点(オテン)」◆小さく狭く限られた場所・範囲・位置・事柄、「地点(チテン)
kk_時速_じそく,時速,じそく,時:◆一年の四分の一、季節、「一時(イチジ、三カ月、一季節)」「四時(シジ、四つの季節、四季)」◆一日の十二分の一、現在は二十四分の一、「時刻(ジコク)」◆年代、期; 速:◆あっという間に、瞬(またた)く間に、間を置かずに、さっと◆疾(はや)い、あっという間に位置が変わる、また通り過ぎて行く、同「遬」◆間を置かずに動作・反応・対応,N2,on,on+on,A3_short_compound(on+on 71%),時:◆一年の四分の一、季節、「一時(イチジ、三カ月、一季節)」「四時(シジ、四つの季節、四季)」◆一日の十二分の一、現在は二十四分の一、「時刻(ジコク)」◆年代、期; 速:◆あっという間に、瞬(またた)く間に、間を置かずに、さっと◆疾(はや)い、あっという間に位置が変わる、また通り過ぎて行く、同「遬」◆間を置かずに動作・反応・対応
kk_普遍的_ふへんてき,普遍的,ふへんてき,普:◆太陽の光が遠近にかかわらずどこにも一様に降り注ぐさま◆偏りがないさま、一様にどこまでも行き渡るさま¶別「𤽽」; 遍:◆広く隅々まで行き渡る、同「𨖠」「徧」◆あまね・く、広く漏れなく、隅々まで、同「徧」◆回数を数える語、同「徧」; 的:◆弓で矢を射(い)る時の目標とするもの、同「㢩」「墑」◆額(ひたい)の部分だけが白い馬、またその額の白い部分、女性が額に施(ほどこ)す(赤い点状の)装飾◆(弓の,N2,on,on+on+on,A4_multi_on(on+on+on 65%),普:◆太陽の光が遠近にかかわらずどこにも一様に降り注ぐさま◆偏りがないさま、一様にどこまでも行き渡るさま¶別「𤽽」; 遍:◆広く隅々まで行き渡る、同「𨖠」「徧」◆あまね・く、広く漏れなく、隅々まで、同「徧」◆回数を数える語、同「徧」; 的:◆弓で矢を射(い)る時の目標とするもの、同「㢩」「墑」◆額(ひたい)の部分だけが白い馬、またその額の白い部分、女性が額に施(ほどこ)す(赤い点状の)装飾◆(弓の
kk_晴天_せいてん,晴天,せいてん,晴:◆(雨や雪が止んで)雲がなくなる、雲がなく空が澄み渡る、同「夝」「暒」; 天:◆軽い陽気が(上に浮き)集まるところ、重い陰気が(下に沈み)集まるところを「地(チ)」、「【說文解字注:土部:地】元气初分輕清陽爲天重濁侌爲地萬物所陳𠛱也…」◆,N2,on,on+on,,晴:◆(雨や雪が止んで)雲がなくなる、雲がなく空が澄み渡る、同「夝」「暒」; 天:◆軽い陽気が(上に浮き)集まるところ、重い陰気が(下に沈み)集まるところを「地(チ)」、「【說文解字注:土部:地】元气初分輕清陽爲天重濁侌爲地萬物所陳𠛱也…」◆
kk_暁_あかつき,暁,あかつき,暁:◆あかつき、夜明け、陽が昇り始め空が白(しら)む頃、夜が明けて明るくなり出す頃◆明らかになる、はっきりと分かる、悟(さと)る◆[日](～した)時、「実現した暁に,N2,kun,kun,IL2_single_default(kun 84%),暁:◆あかつき、夜明け、陽が昇り始め空が白(しら)む頃、夜が明けて明るくなり出す頃◆明らかになる、はっきりと分かる、悟(さと)る◆[日](～した)時、「実現した暁に
kk_暖か/温か_あたたか,暖か/温か,あたたか,暖:◆日光が当たってぽかぽかと暑くもなく寒くもなく程良いさま、穏(おだ)やかな陽気であるさま、同「㬉」「暄」、「温」は液体などが程よい温度であること、「煖」は火が当; 温:◆熱くもなく冷たくもなく程よいさま、暖かなさま、また熱を加えてそのようにする◆穏やかなさま、柔和なさま◆(古く冷めてしまったものを温め直して)蘇(よみがえ)させ,N2,kun,kun+kun~,IL1_okurigana(kun 96%) | A1_compound_oku(kun 90%) | A1_on_kun_mix(on+kun 65%),暖:◆日光が当たってぽかぽかと暑くもなく寒くもなく程良いさま、穏(おだ)やかな陽気であるさま、同「㬉」「暄」、「温」は液体などが程よい温度であること、「煖」は火が当; 温:◆熱くもなく冷たくもなく程よいさま、暖かなさま、また熱を加えてそのようにする◆穏やかなさま、柔和なさま◆(古く冷めてしまったものを温め直して)蘇(よみがえ)させ
kk_暴れる_あばれる,暴れる,あばれる,暴:◆粗野な、粗野で荒々しい、同「虣」◆荒々しい、激しい、度が過ぎる◆(荒々しいことや激しいことが)突然に、不意に、同「曓」◆陽の当たる表に出す、(屋外に出して)日,N2,kun,kun,IL1_okurigana(kun 96%) | IL2_single_okuri(kun 96%),暴:◆粗野な、粗野で荒々しい、同「虣」◆荒々しい、激しい、度が過ぎる◆(荒々しいことや激しいことが)突然に、不意に、同「曓」◆陽の当たる表に出す、(屋外に出して)日
kk_暴力_ぼうりょく,暴力,ぼうりょく,暴:◆粗野な、粗野で荒々しい、同「虣」◆荒々しい、激しい、度が過ぎる◆(荒々しいことや激しいことが)突然に、不意に、同「曓」◆陽の当たる表に出す、(屋外に出して)日; 力:◆ものを動かすもの、ものを動かしているもの、ものに働(はたら)くもの、「強力(キョウリョク、強い力)」◆働く、務(つと)める、勤(つと)める、「努力(ドリョク、,N2,on,on+on,B_verb_rad_力(kun 80%),暴:◆粗野な、粗野で荒々しい、同「虣」◆荒々しい、激しい、度が過ぎる◆(荒々しいことや激しいことが)突然に、不意に、同「曓」◆陽の当たる表に出す、(屋外に出して)日; 力:◆ものを動かすもの、ものを動かしているもの、ものに働(はたら)くもの、「強力(キョウリョク、強い力)」◆働く、務(つと)める、勤(つと)める、「努力(ドリョク、
kk_曲線_きょくせん,曲線,きょくせん,"曲:◆真っ直(す)ぐでない、撓(たわ)む、""(""字形のように弧を描くように曲がることを指し""〈""字のように鋭角に曲がることを「折」という◆歪む、正しい状態や方向から; 線:◆糸や紐(ひも)、糸や紐のように細く長いもの、同「綫」「絤」「𦇫」「綖」◆糸や紐のように途切れずに長く延びているもの、二つの点と点を結ぶもの、またその形状や状態",N2,on,on+on,,"曲:◆真っ直(す)ぐでない、撓(たわ)む、""(""字形のように弧を描くように曲がることを指し""〈""字のように鋭角に曲がることを「折」という◆歪む、正しい状態や方向から; 線:◆糸や紐(ひも)、糸や紐のように細く長いもの、同「綫」「絤」「𦇫」「綖」◆糸や紐のように途切れずに長く延びているもの、二つの点と点を結ぶもの、またその形状や状態"
kk_更々_さらさら,更々,さらさら,更:◆それまで(これまで)続けてきたことを改(あらた)めて、それ以降も(これ以降も)続ける、それまでのものを別のものに替える◆さら・に、その上に、一段と◆さら・に、,N2,kun,kun,IL2_single_default(kun 84%),更:◆それまで(これまで)続けてきたことを改(あらた)めて、それ以降も(これ以降も)続ける、それまでのものを別のものに替える◆さら・に、その上に、一段と◆さら・に、
kk_更ける_ふける,更ける,ふける,更:◆それまで(これまで)続けてきたことを改(あらた)めて、それ以降も(これ以降も)続ける、それまでのものを別のものに替える◆さら・に、その上に、一段と◆さら・に、,N2,kun,kun,IL1_okurigana(kun 96%) | IL2_single_okuri(kun 96%),更:◆それまで(これまで)続けてきたことを改(あらた)めて、それ以降も(これ以降も)続ける、それまでのものを別のものに替える◆さら・に、その上に、一段と◆さら・に、
kk_書き取る_かきとる,書き取る,かきとる,書:◆文字を筆(聿)などで記(しる)す、著(あらわ)す、「書物(ショモツ)」「文書(ブンショ)」◆手紙、「書信(ショシン)」◆「書経(ショキョウ、別名尚書ショウショ; 取:◆捕(つか)まえる、捕(と)らえる、縄(なわ)を掛ける◆手に入れる、手の中に収(おさ)める、手で受ける◆(多くの中から一部を、或いは一つを)選ぶ、選択する◆娶(,N2,kun,kun+kun~,IL1_okurigana(kun 96%) | A1_compound_oku(kun 90%) | A1_on_kun_mix(on+kun 65%),書:◆文字を筆(聿)などで記(しる)す、著(あらわ)す、「書物(ショモツ)」「文書(ブンショ)」◆手紙、「書信(ショシン)」◆「書経(ショキョウ、別名尚書ショウショ; 取:◆捕(つか)まえる、捕(と)らえる、縄(なわ)を掛ける◆手に入れる、手の中に収(おさ)める、手で受ける◆(多くの中から一部を、或いは一つを)選ぶ、選択する◆娶(
kk_書き留める_かきとめる,書き留める,かきとめる,書:◆文字を筆(聿)などで記(しる)す、著(あらわ)す、「書物(ショモツ)」「文書(ブンショ)」◆手紙、「書信(ショシン)」◆「書経(ショキョウ、別名尚書ショウショ; 留:◆動きを止(と)める、動きを止めて同じ場所や状態に止(とど)まる◆同じ状態が残る、同じ状態で残す,N2,mixed,kun+on~,IL1_okurigana(kun 96%) | A1_compound_oku(kun 90%) | A1_on_kun_mix(on+kun 65%),書:◆文字を筆(聿)などで記(しる)す、著(あらわ)す、「書物(ショモツ)」「文書(ブンショ)」◆手紙、「書信(ショシン)」◆「書経(ショキョウ、別名尚書ショウショ; 留:◆動きを止(と)める、動きを止めて同じ場所や状態に止(とど)まる◆同じ状態が残る、同じ状態で残す
kk_書き込む_かきこむ,書き込む,かきこむ,書:◆文字を筆(聿)などで記(しる)す、著(あらわ)す、「書物(ショモツ)」「文書(ブンショ)」◆手紙、「書信(ショシン)」◆「書経(ショキョウ、別名尚書ショウショ; 込:◆[日]中に(内に、裏に、見えないところに)入(はい)る、入(い)れる,N2,kun,kun+kun~,IL1_okurigana(kun 96%) | A1_compound_oku(kun 90%) | A1_on_kun_mix(on+kun 65%),書:◆文字を筆(聿)などで記(しる)す、著(あらわ)す、「書物(ショモツ)」「文書(ブンショ)」◆手紙、「書信(ショシン)」◆「書経(ショキョウ、別名尚書ショウショ; 込:◆[日]中に(内に、裏に、見えないところに)入(はい)る、入(い)れる
kk_書斎_しょさい,書斎,しょさい,書:◆文字を筆(聿)などで記(しる)す、著(あらわ)す、「書物(ショモツ)」「文書(ブンショ)」◆手紙、「書信(ショシン)」◆「書経(ショキョウ、別名尚書ショウショ; 斎:◆神を迎えるために食事や身なりや行動を控(ひか)えめにして心身を慎(つつし)み清める、またそのための部屋◆酒や魚肉などを避(さ)けた簡素な食事、同「𩝦」◆僧が(,N2,on,on+on,A3_short_compound(on+on 71%),書:◆文字を筆(聿)などで記(しる)す、著(あらわ)す、「書物(ショモツ)」「文書(ブンショ)」◆手紙、「書信(ショシン)」◆「書経(ショキョウ、別名尚書ショウショ; 斎:◆神を迎えるために食事や身なりや行動を控(ひか)えめにして心身を慎(つつし)み清める、またそのための部屋◆酒や魚肉などを避(さ)けた簡素な食事、同「𩝦」◆僧が(
kk_書物_しょもつ,書物,しょもつ,書:◆文字を筆(聿)などで記(しる)す、著(あらわ)す、「書物(ショモツ)」「文書(ブンショ)」◆手紙、「書信(ショシン)」◆「書経(ショキョウ、別名尚書ショウショ; 物:◆(天地の間に存在する)人以外の形のあるもの、人は「者」、形のないものは「事」,N2,on,on+on,A3_short_compound(on+on 71%) | B_noun_rad_牛(kun 93%),書:◆文字を筆(聿)などで記(しる)す、著(あらわ)す、「書物(ショモツ)」「文書(ブンショ)」◆手紙、「書信(ショシン)」◆「書経(ショキョウ、別名尚書ショウショ; 物:◆(天地の間に存在する)人以外の形のあるもの、人は「者」、形のないものは「事」
kk_書籍_しょせき,書籍,しょせき,書:◆文字を筆(聿)などで記(しる)す、著(あらわ)す、「書物(ショモツ)」「文書(ブンショ)」◆手紙、「書信(ショシン)」◆「書経(ショキョウ、別名尚書ショウショ; 籍:◆書物、文書◆人(家族・家族関係・居住所など)や土地(場所・位置・所有者など)などの明細を記録した文書、所属や所有関係を記した文書◆「門籍(モンセキ)」、その人,N2,on,on+on,A3_short_compound(on+on 71%) | B_noun_rad_竹(kun 93%),書:◆文字を筆(聿)などで記(しる)す、著(あらわ)す、「書物(ショモツ)」「文書(ブンショ)」◆手紙、「書信(ショシン)」◆「書経(ショキョウ、別名尚書ショウショ; 籍:◆書物、文書◆人(家族・家族関係・居住所など)や土地(場所・位置・所有者など)などの明細を記録した文書、所属や所有関係を記した文書◆「門籍(モンセキ)」、その人
kk_有り金_ありがね,有り金,ありがね,有:◆在(あ)る、居(い)る、一定の範囲や場所に存在する、「有力(ユウリョク、力がある)」「稀有(ケウ、稀にある、稀にしかない)」◆持っている、備わっている、「所有; 金:◆黄金・白銀・赤銅・青銅・青鉛・黒鉄などの総称、金属の総称◆(黄金のように)黄色い、輝く、美しい、貴重な、(金属のように)堅い◆金属製のもの◆銭(ぜに)、またそ,N2,other,mixed+mixed~,IL1_okurigana(kun 96%) | A1_compound_oku(kun 90%) | A1_on_kun_mix(on+kun 65%),有:◆在(あ)る、居(い)る、一定の範囲や場所に存在する、「有力(ユウリョク、力がある)」「稀有(ケウ、稀にある、稀にしかない)」◆持っている、備わっている、「所有; 金:◆黄金・白銀・赤銅・青銅・青鉛・黒鉄などの総称、金属の総称◆(黄金のように)黄色い、輝く、美しい、貴重な、(金属のように)堅い◆金属製のもの◆銭(ぜに)、またそ
kk_有利_ゆうり,有利,ゆうり,有:◆在(あ)る、居(い)る、一定の範囲や場所に存在する、「有力(ユウリョク、力がある)」「稀有(ケウ、稀にある、稀にしかない)」◆持っている、備わっている、「所有; 利:◆先が尖(とが)る、先が鋭(するど)く尖った刃物◆よく切れるさま、切れ味が良いさま、鋭いさま◆(よく切れる刃物のように)すぱっと、さっと、一気に◆(よく切れる刃,N2,on,on+on,A3_short_compound(on+on 71%) | B_verb_rad_刀(kun 80%),有:◆在(あ)る、居(い)る、一定の範囲や場所に存在する、「有力(ユウリョク、力がある)」「稀有(ケウ、稀にある、稀にしかない)」◆持っている、備わっている、「所有; 利:◆先が尖(とが)る、先が鋭(するど)く尖った刃物◆よく切れるさま、切れ味が良いさま、鋭いさま◆(よく切れる刃物のように)すぱっと、さっと、一気に◆(よく切れる刃
kk_有意義_ゆういぎ,有意義,ゆういぎ,有:◆在(あ)る、居(い)る、一定の範囲や場所に存在する、「有力(ユウリョク、力がある)」「稀有(ケウ、稀にある、稀にしかない)」◆持っている、備わっている、「所有; 意:◆心の中にあって外(言葉や態度・行動など)には出さない思いや考え、心の動きや働き、気持ち◆物事の内にあって表には現れ出ないもの、内に込められているもの; 義:◆広く良い・正しいと認められていること、また経験則(多くの経験を積むことで得られる道理)に適(かな)っていること◆人が進むべき道、則(のっと)るべき考え、「義士,N2,on,on+on+on,A4_multi_on(on+on+on 65%),有:◆在(あ)る、居(い)る、一定の範囲や場所に存在する、「有力(ユウリョク、力がある)」「稀有(ケウ、稀にある、稀にしかない)」◆持っている、備わっている、「所有; 意:◆心の中にあって外(言葉や態度・行動など)には出さない思いや考え、心の動きや働き、気持ち◆物事の内にあって表には現れ出ないもの、内に込められているもの; 義:◆広く良い・正しいと認められていること、また経験則(多くの経験を積むことで得られる道理)に適(かな)っていること◆人が進むべき道、則(のっと)るべき考え、「義士
kk_有無_うむ,有無,うむ,有:◆在(あ)る、居(い)る、一定の範囲や場所に存在する、「有力(ユウリョク、力がある)」「稀有(ケウ、稀にある、稀にしかない)」◆持っている、備わっている、「所有; 無:◆ない、存在しない、有(ゆう)していない◆～ではない、～であってはならない◆簡「无」,N2,on,on+on,A3_short_compound(on+on 71%),有:◆在(あ)る、居(い)る、一定の範囲や場所に存在する、「有力(ユウリョク、力がある)」「稀有(ケウ、稀にある、稀にしかない)」◆持っている、備わっている、「所有; 無:◆ない、存在しない、有(ゆう)していない◆～ではない、～であってはならない◆簡「无」
kk_有能_ゆうのう,有能,ゆうのう,有:◆在(あ)る、居(い)る、一定の範囲や場所に存在する、「有力(ユウリョク、力がある)」「稀有(ケウ、稀にある、稀にしかない)」◆持っている、備わっている、「所有; 能:◆ことを成し遂(と)げる技量(ギリョウ)や力量(リキリョウ)、「能力(ノウリョク)」「才能(サイノウ)」◆十分に或いは上手にできる、～をすることができる(技能・,N2,on,on+on,,有:◆在(あ)る、居(い)る、一定の範囲や場所に存在する、「有力(ユウリョク、力がある)」「稀有(ケウ、稀にある、稀にしかない)」◆持っている、備わっている、「所有; 能:◆ことを成し遂(と)げる技量(ギリョウ)や力量(リキリョウ)、「能力(ノウリョク)」「才能(サイノウ)」◆十分に或いは上手にできる、～をすることができる(技能・
kk_朗読_ろうどく,朗読,ろうどく,朗:◆明るい、明るく澄み渡っている、同「朤」◆明るく元気がよい、声が明るく澄んでいる; 読:◆文章を内容が理解しやすいように区切りながら抑揚(ヨクヨウ)をつけながら声に出す◆文の中に置く読みの区切り、「、」で表す、コンマcomma、「読点、逗点(トウテ,N2,on,on+on,B_verb_rad_言(kun 80%),朗:◆明るい、明るく澄み渡っている、同「朤」◆明るく元気がよい、声が明るく澄んでいる; 読:◆文章を内容が理解しやすいように区切りながら抑揚(ヨクヨウ)をつけながら声に出す◆文の中に置く読みの区切り、「、」で表す、コンマcomma、「読点、逗点(トウテ
kk_望み_のぞみ,望み,のぞみ,望:◆待っている人や物事の到着をまだかまだかと待つ、期待する、そうなって欲しいと思う◆(待ち望む方を)見やる、遠くを見やる◆仰ぎ見る、他から仰ぎ見られる◆もち、陰暦,N2,kun,kun,IL1_okurigana(kun 96%) | IL2_single_okuri(kun 96%),望:◆待っている人や物事の到着をまだかまだかと待つ、期待する、そうなって欲しいと思う◆(待ち望む方を)見やる、遠くを見やる◆仰ぎ見る、他から仰ぎ見られる◆もち、陰暦
kk_望遠鏡_ぼうえんきょう,望遠鏡,ぼうえんきょう,望:◆待っている人や物事の到着をまだかまだかと待つ、期待する、そうなって欲しいと思う◆(待ち望む方を)見やる、遠くを見やる◆仰ぎ見る、他から仰ぎ見られる◆もち、陰暦; 遠:◆場所や時間などが遥(はる)かに離れている、間(あいだ)が大きく空(あ)いている◆間を離す、大きく空ける◆関係が薄い; 鏡:◆光の反射を利用して像を映(うつ)し出す、またその道具、古くは盆に水を張り鏡として使ったが、後には石や金属の表面を平らに磨いて鏡とした、同「鑑」 ◆(像を、姿を,N2,on,on+on+on,A4_multi_on(on+on+on 65%) | B_noun_rad_金(kun 93%),望:◆待っている人や物事の到着をまだかまだかと待つ、期待する、そうなって欲しいと思う◆(待ち望む方を)見やる、遠くを見やる◆仰ぎ見る、他から仰ぎ見られる◆もち、陰暦; 遠:◆場所や時間などが遥(はる)かに離れている、間(あいだ)が大きく空(あ)いている◆間を離す、大きく空ける◆関係が薄い; 鏡:◆光の反射を利用して像を映(うつ)し出す、またその道具、古くは盆に水を張り鏡として使ったが、後には石や金属の表面を平らに磨いて鏡とした、同「鑑」 ◆(像を、姿を
kk_朝刊_ちょうかん,朝刊,ちょうかん,朝:◆太陽が地平より上に出て日光が射し始める頃、日の出の頃、同「旦」◆日の出から昼前までの時間、日の出から日の入りまでの時間◆天子・君主に謁見する、春の謁見式、秋は; 刊:◆(木などを)切る、削(そ)ぐ◆削(けず)る、削り取る◆(版木や石に文字などを)刻(きざ)み込む、彫(ほ)る、「刊正(カンセイ、誤った部分を削り取って彫り直すこ,N2,on,on+on,B_verb_rad_刀(kun 80%),朝:◆太陽が地平より上に出て日光が射し始める頃、日の出の頃、同「旦」◆日の出から昼前までの時間、日の出から日の入りまでの時間◆天子・君主に謁見する、春の謁見式、秋は; 刊:◆(木などを)切る、削(そ)ぐ◆削(けず)る、削り取る◆(版木や石に文字などを)刻(きざ)み込む、彫(ほ)る、「刊正(カンセイ、誤った部分を削り取って彫り直すこ
kk_朝夕_あさゆう,朝夕,あさゆう,朝:◆太陽が地平より上に出て日光が射し始める頃、日の出の頃、同「旦」◆日の出から昼前までの時間、日の出から日の入りまでの時間◆天子・君主に謁見する、春の謁見式、秋は; 夕:◆陽が沈み始める頃、日没の頃、日暮れ、傍晚(ボウバン、晚が間近の頃)、陽が沈み切った頃を「晩」◆夜、同「昔」◆「七夕(シチセキ、たなばた)」、陰暦七月七日の夜◆,N2,kun,kun+kun~,,朝:◆太陽が地平より上に出て日光が射し始める頃、日の出の頃、同「旦」◆日の出から昼前までの時間、日の出から日の入りまでの時間◆天子・君主に謁見する、春の謁見式、秋は; 夕:◆陽が沈み始める頃、日没の頃、日暮れ、傍晚(ボウバン、晚が間近の頃)、陽が沈み切った頃を「晩」◆夜、同「昔」◆「七夕(シチセキ、たなばた)」、陰暦七月七日の夜◆
kk_未～_み～,未～,み～,未:◆十二支の八番目、方角では南南西、時刻では午後二時を中心とした二時間、動物では「羊」を当てる ◆いま・だ、まだ～でない、まだ～しない、まだ～していない◆ない、～,N2,other,unknown,IL2_single_default(kun 84%) | B_noun_rad_木(kun 93%),未:◆十二支の八番目、方角では南南西、時刻では午後二時を中心とした二時間、動物では「羊」を当てる ◆いま・だ、まだ～でない、まだ～しない、まだ～していない◆ない、～
kk_本国_ほんごく,本国,ほんごく,本:◆木の根(ね)◆植物や物事の生まれ始まりの部分、ものの根源また起源、「本来(ホンライ、元々、初めから)」◆ものを支えているもの、基(もと)となるもの、拠(よ)り; 国:◆主権者の支配が及ぶ範囲、土地や人や政治体制などを含む概念で古くは君主から与えられた領地、「王(権力者)の勢力が及ぶ範囲(囗)」の意,N2,other,mixed+mixed~,B_noun_rad_木(kun 93%),本:◆木の根(ね)◆植物や物事の生まれ始まりの部分、ものの根源また起源、「本来(ホンライ、元々、初めから)」◆ものを支えているもの、基(もと)となるもの、拠(よ)り; 国:◆主権者の支配が及ぶ範囲、土地や人や政治体制などを含む概念で古くは君主から与えられた領地、「王(権力者)の勢力が及ぶ範囲(囗)」の意
kk_本来_ほんらい,本来,ほんらい,本:◆木の根(ね)◆植物や物事の生まれ始まりの部分、ものの根源また起源、「本来(ホンライ、元々、初めから)」◆ものを支えているもの、基(もと)となるもの、拠(よ)り; 来:◆(人や時間や物事が)向こうからこちらに近づく、「到来(トウライ)」、同「倈」「徠」「逨」「𧼛」◆招き寄せる、「こちらに来させる」の意◆ある時点から今まで、今に,N2,on,on+on,B_noun_rad_木(kun 93%) | B_noun_rad_木(kun 93%),本:◆木の根(ね)◆植物や物事の生まれ始まりの部分、ものの根源また起源、「本来(ホンライ、元々、初めから)」◆ものを支えているもの、基(もと)となるもの、拠(よ)り; 来:◆(人や時間や物事が)向こうからこちらに近づく、「到来(トウライ)」、同「倈」「徠」「逨」「𧼛」◆招き寄せる、「こちらに来させる」の意◆ある時点から今まで、今に
kk_本来ならば_ほんらいならば,本来ならば,ほんらいならば,本:◆木の根(ね)◆植物や物事の生まれ始まりの部分、ものの根源また起源、「本来(ホンライ、元々、初めから)」◆ものを支えているもの、基(もと)となるもの、拠(よ)り; 来:◆(人や時間や物事が)向こうからこちらに近づく、「到来(トウライ)」、同「倈」「徠」「逨」「𧼛」◆招き寄せる、「こちらに来させる」の意◆ある時点から今まで、今に,N2,on,on+on~,IL1_okurigana(kun 96%) | A1_compound_oku(kun 90%) | A1_on_kun_mix(on+kun 65%),本:◆木の根(ね)◆植物や物事の生まれ始まりの部分、ものの根源また起源、「本来(ホンライ、元々、初めから)」◆ものを支えているもの、基(もと)となるもの、拠(よ)り; 来:◆(人や時間や物事が)向こうからこちらに近づく、「到来(トウライ)」、同「倈」「徠」「逨」「𧼛」◆招き寄せる、「こちらに来させる」の意◆ある時点から今まで、今に
kk_本格的_ほんかくてき,本格的,ほんかくてき,本:◆木の根(ね)◆植物や物事の生まれ始まりの部分、ものの根源また起源、「本来(ホンライ、元々、初めから)」◆ものを支えているもの、基(もと)となるもの、拠(よ)り; 格:◆長く伸びた木の枝、その枝が交差するさま◆四角い枠(わく)、四角く枠をはめる◆ものの外枠、規則や基準◆限界(外枠)まで至る、行き着く、窮(きわ)まる、同「𢓜」◆; 的:◆弓で矢を射(い)る時の目標とするもの、同「㢩」「墑」◆額(ひたい)の部分だけが白い馬、またその額の白い部分、女性が額に施(ほどこ)す(赤い点状の)装飾◆(弓の,N2,on,on+on+on,A4_multi_on(on+on+on 65%) | B_noun_rad_木(kun 93%) | B_noun_rad_木(kun 93%),本:◆木の根(ね)◆植物や物事の生まれ始まりの部分、ものの根源また起源、「本来(ホンライ、元々、初めから)」◆ものを支えているもの、基(もと)となるもの、拠(よ)り; 格:◆長く伸びた木の枝、その枝が交差するさま◆四角い枠(わく)、四角く枠をはめる◆ものの外枠、規則や基準◆限界(外枠)まで至る、行き着く、窮(きわ)まる、同「𢓜」◆; 的:◆弓で矢を射(い)る時の目標とするもの、同「㢩」「墑」◆額(ひたい)の部分だけが白い馬、またその額の白い部分、女性が額に施(ほどこ)す(赤い点状の)装飾◆(弓の
kk_本質_ほんしつ,本質,ほんしつ,本:◆木の根(ね)◆植物や物事の生まれ始まりの部分、ものの根源また起源、「本来(ホンライ、元々、初めから)」◆ものを支えているもの、基(もと)となるもの、拠(よ)り; 質:◆本来の、元々(もともと)の、「本質(ホンシツ)」◆本来のままであるさま、素(す)のままであるさま、「質素(シッソ)」◆そのものが持つ本来の価値や中身、また性格,N2,on,on+on,B_noun_rad_木(kun 93%),本:◆木の根(ね)◆植物や物事の生まれ始まりの部分、ものの根源また起源、「本来(ホンライ、元々、初めから)」◆ものを支えているもの、基(もと)となるもの、拠(よ)り; 質:◆本来の、元々(もともと)の、「本質(ホンシツ)」◆本来のままであるさま、素(す)のままであるさま、「質素(シッソ)」◆そのものが持つ本来の価値や中身、また性格
kk_本質的_ほんしつてき,本質的,ほんしつてき,本:◆木の根(ね)◆植物や物事の生まれ始まりの部分、ものの根源また起源、「本来(ホンライ、元々、初めから)」◆ものを支えているもの、基(もと)となるもの、拠(よ)り; 質:◆本来の、元々(もともと)の、「本質(ホンシツ)」◆本来のままであるさま、素(す)のままであるさま、「質素(シッソ)」◆そのものが持つ本来の価値や中身、また性格; 的:◆弓で矢を射(い)る時の目標とするもの、同「㢩」「墑」◆額(ひたい)の部分だけが白い馬、またその額の白い部分、女性が額に施(ほどこ)す(赤い点状の)装飾◆(弓の,N2,on,on+on+on,A4_multi_on(on+on+on 65%) | B_noun_rad_木(kun 93%),本:◆木の根(ね)◆植物や物事の生まれ始まりの部分、ものの根源また起源、「本来(ホンライ、元々、初めから)」◆ものを支えているもの、基(もと)となるもの、拠(よ)り; 質:◆本来の、元々(もともと)の、「本質(ホンシツ)」◆本来のままであるさま、素(す)のままであるさま、「質素(シッソ)」◆そのものが持つ本来の価値や中身、また性格; 的:◆弓で矢を射(い)る時の目標とするもの、同「㢩」「墑」◆額(ひたい)の部分だけが白い馬、またその額の白い部分、女性が額に施(ほどこ)す(赤い点状の)装飾◆(弓の
kk_杉_すぎ,杉,すぎ,杉:◆コウヨウザン(広葉杉)、スギ科スギ属の木、同「柀」 ◆[日]スギ(杉)、スギ科スギ属の木,N2,kun,kun,IL2_single_default(kun 84%) | B_noun_rad_木(kun 93%),杉:◆コウヨウザン(広葉杉)、スギ科スギ属の木、同「柀」 ◆[日]スギ(杉)、スギ科スギ属の木
kk_材木_ざいもく,材木,ざいもく,材:◆切り出した木、立木は「樹」◆さまざまな構築物や工作物などに用いられる木◆ものを作り上げるための元となる物◆有用なもの、有能な人; 木:◆植物の一分類、例外もあるが一般に表皮が硬く寒暖差などによって年輪を生ずるもの、またそれを使ったもの◆五行(水・火・木・金・土)の一つ ◆自然で飾り気がないさま,N2,on,on+on,B_noun_rad_木(kun 93%) | B_noun_rad_木(kun 93%),材:◆切り出した木、立木は「樹」◆さまざまな構築物や工作物などに用いられる木◆ものを作り上げるための元となる物◆有用なもの、有能な人; 木:◆植物の一分類、例外もあるが一般に表皮が硬く寒暖差などによって年輪を生ずるもの、またそれを使ったもの◆五行(水・火・木・金・土)の一つ ◆自然で飾り気がないさま
kk_村長_そんちょう,村長,そんちょう,村:◆都から遠く離れた田舎(いなか)の集落、同「邨」「屯」◆田舎染みたさま; 長:◆距離や時間などが途切れることなく連なっている、離れたところまでずぅっと続いている、途切れなく続いているものの二点(両端)が大きく隔(へだ)たっている、またその,N2,on,on+on,B_noun_rad_木(kun 93%),村:◆都から遠く離れた田舎(いなか)の集落、同「邨」「屯」◆田舎染みたさま; 長:◆距離や時間などが途切れることなく連なっている、離れたところまでずぅっと続いている、途切れなく続いているものの二点(両端)が大きく隔(へだ)たっている、またその
kk_杜撰_ずさん,杜撰,ずさん,杜:◆ヤマナシ(山梨)、バラ科ナシ属の果樹、野生のナシ(梨) ◆「杜梨(トウリ)」、トウマメナシ(唐豆梨)、バラ科ナシ属の果樹 ◆「杜仲(トチュウ)」、トチュウ科ト; 撰:◆選ぶ、多くのものの中から目的のものを選び出す、同「選」◆文書や記録などを選び整理し一つに纏める、編纂(ヘンサン)する、同「纂」「篹」◆文章を著(あらわ)す、著,N2,on,on+on,A3_short_compound(on+on 71%) | B_noun_rad_木(kun 93%) | B_verb_rad_手(kun 80%),杜:◆ヤマナシ(山梨)、バラ科ナシ属の果樹、野生のナシ(梨) ◆「杜梨(トウリ)」、トウマメナシ(唐豆梨)、バラ科ナシ属の果樹 ◆「杜仲(トチュウ)」、トチュウ科ト; 撰:◆選ぶ、多くのものの中から目的のものを選び出す、同「選」◆文書や記録などを選び整理し一つに纏める、編纂(ヘンサン)する、同「纂」「篹」◆文章を著(あらわ)す、著
kk_来る_きたる,来る,きたる,来:◆(人や時間や物事が)向こうからこちらに近づく、「到来(トウライ)」、同「倈」「徠」「逨」「𧼛」◆招き寄せる、「こちらに来させる」の意◆ある時点から今まで、今に,N2,kun,kun,IL1_okurigana(kun 96%) | IL2_single_okuri(kun 96%) | B_noun_rad_木(kun 93%),来:◆(人や時間や物事が)向こうからこちらに近づく、「到来(トウライ)」、同「倈」「徠」「逨」「𧼛」◆招き寄せる、「こちらに来させる」の意◆ある時点から今まで、今に
kk_来日_らいにち,来日,らいにち,来:◆(人や時間や物事が)向こうからこちらに近づく、「到来(トウライ)」、同「倈」「徠」「逨」「𧼛」◆招き寄せる、「こちらに来させる」の意◆ある時点から今まで、今に; 日:◆太陽◆太陽が出ている間、昼間、夜明けから日没まで◆一昼夜、朝から次の朝まで、またその繰り返し、またその繰り返しを数える語◆候(コウ)、時節、頃(ケイ、ころ)◆,N2,on,on+on,B_noun_rad_木(kun 93%),来:◆(人や時間や物事が)向こうからこちらに近づく、「到来(トウライ)」、同「倈」「徠」「逨」「𧼛」◆招き寄せる、「こちらに来させる」の意◆ある時点から今まで、今に; 日:◆太陽◆太陽が出ている間、昼間、夜明けから日没まで◆一昼夜、朝から次の朝まで、またその繰り返し、またその繰り返しを数える語◆候(コウ)、時節、頃(ケイ、ころ)◆
kk_東洋_とうよう,東洋,とうよう,東:◆太陽が昇る方角、沈む方角を「西」¶木に昇り始めた太陽(日)が重なるの意、太陽が木の上に昇ることを「杲」、太陽が木の下に沈むことを「杳」、「【說文解字注:木部:; 洋:◆水がどこまでも広がっているさま◆広大な、広大な海◆外国、外国の、「海を隔てた向こうの国」の意,N2,on,on+on,B_noun_rad_木(kun 93%),東:◆太陽が昇る方角、沈む方角を「西」¶木に昇り始めた太陽(日)が重なるの意、太陽が木の上に昇ることを「杲」、太陽が木の下に沈むことを「杳」、「【說文解字注:木部:; 洋:◆水がどこまでも広がっているさま◆広大な、広大な海◆外国、外国の、「海を隔てた向こうの国」の意
kk_東西_とうざい,東西,とうざい,東:◆太陽が昇る方角、沈む方角を「西」¶木に昇り始めた太陽(日)が重なるの意、太陽が木の上に昇ることを「杲」、太陽が木の下に沈むことを「杳」、「【說文解字注:木部:; 西:◆太陽が沈む方角・方向、またその方向に向く、またその方向に向かう、昇る方角を「東」◆中国から太陽が沈む方向の地域、欧州や米州,N2,other,mixed+mixed~,B_noun_rad_木(kun 93%),東:◆太陽が昇る方角、沈む方角を「西」¶木に昇り始めた太陽(日)が重なるの意、太陽が木の上に昇ることを「杲」、太陽が木の下に沈むことを「杳」、「【說文解字注:木部:; 西:◆太陽が沈む方角・方向、またその方向に向く、またその方向に向かう、昇る方角を「東」◆中国から太陽が沈む方向の地域、欧州や米州
kk_枚数_まいすう,枚数,まいすう,枚:◆杖(つえ)などに使う程度の太さの(枝よりも太い)木の幹(みき)、木の棒◆馬を打つ鞭(むち)◆馬が声を立てないようにするために口に咥(くわ)えさせる木の棒◆「個; 数:◆かず、同種のもの(繰り返されるもの)の多少を表す語◆かぞ・える、一つ二つ(一回二回)と計算する、またその多少◆細かい、煩(わずら)わしい◆しばしば、同じことを,N2,on,on+on,B_noun_rad_木(kun 93%),枚:◆杖(つえ)などに使う程度の太さの(枝よりも太い)木の幹(みき)、木の棒◆馬を打つ鞭(むち)◆馬が声を立てないようにするために口に咥(くわ)えさせる木の棒◆「個; 数:◆かず、同種のもの(繰り返されるもの)の多少を表す語◆かぞ・える、一つ二つ(一回二回)と計算する、またその多少◆細かい、煩(わずら)わしい◆しばしば、同じことを
kk_果たして_はたして,果たして,はたして,果:◆木の実、同「菓」◆は・たす、最後まで成し遂げる◆(芽を出し生長し花を咲かせ最終的には実が成ることから)物事の結末、最後まで成し遂げることによって得るもの、「結,N2,kun,kun,IL1_okurigana(kun 96%) | IL2_single_okuri(kun 96%) | B_noun_rad_木(kun 93%),果:◆木の実、同「菓」◆は・たす、最後まで成し遂げる◆(芽を出し生長し花を咲かせ最終的には実が成ることから)物事の結末、最後まで成し遂げることによって得るもの、「結
kk_果たす_はたす,果たす,はたす,果:◆木の実、同「菓」◆は・たす、最後まで成し遂げる◆(芽を出し生長し花を咲かせ最終的には実が成ることから)物事の結末、最後まで成し遂げることによって得るもの、「結,N2,kun,kun,IL1_okurigana(kun 96%) | IL2_single_okuri(kun 96%) | B_noun_rad_木(kun 93%),果:◆木の実、同「菓」◆は・たす、最後まで成し遂げる◆(芽を出し生長し花を咲かせ最終的には実が成ることから)物事の結末、最後まで成し遂げることによって得るもの、「結
kk_果実_かじつ,果実,かじつ,果:◆木の実、同「菓」◆は・たす、最後まで成し遂げる◆(芽を出し生長し花を咲かせ最終的には実が成ることから)物事の結末、最後まで成し遂げることによって得るもの、「結; 実:◆蓄(たくわ)えが家に満ちているさま◆隙間なく詰まって虚(うつ)ろなところがないさま◆ぎっしりと詰まった中身、草木などの稔(みの)って中がぎっしりと詰まったもの,N2,on,on+on,A3_short_compound(on+on 71%) | B_noun_rad_木(kun 93%) | B_noun_rad_宀(kun 93%),果:◆木の実、同「菓」◆は・たす、最後まで成し遂げる◆(芽を出し生長し花を咲かせ最終的には実が成ることから)物事の結末、最後まで成し遂げることによって得るもの、「結; 実:◆蓄(たくわ)えが家に満ちているさま◆隙間なく詰まって虚(うつ)ろなところがないさま◆ぎっしりと詰まった中身、草木などの稔(みの)って中がぎっしりと詰まったもの
kk_架け橋_かけはし,架け橋,かけはし,"架:◆か・ける、二本の支柱などの支えとなるものの上に、棒や板のような長い物を横に渡す◆物を載せたり掛けたり吊ったりするするために、横に渡した横木や板、またそれを支え; 橋:◆川や谷などの深く""ＵＶ""字状になっている上を横切るように板・棒・綱などを架け人が渡れるようにしたもの◆高いところに横に掛け渡した棒、またそのような形のもの◆高",N2,mixed,on+kun~,IL1_okurigana(kun 96%) | A1_compound_oku(kun 90%) | A1_on_kun_mix(on+kun 65%),"架:◆か・ける、二本の支柱などの支えとなるものの上に、棒や板のような長い物を横に渡す◆物を載せたり掛けたり吊ったりするするために、横に渡した横木や板、またそれを支え; 橋:◆川や谷などの深く""ＵＶ""字状になっている上を横切るように板・棒・綱などを架け人が渡れるようにしたもの◆高いところに横に掛け渡した棒、またそのような形のもの◆高"
kk_架空_かくう,架空,かくう,架:◆か・ける、二本の支柱などの支えとなるものの上に、棒や板のような長い物を横に渡す◆物を載せたり掛けたり吊ったりするするために、横に渡した横木や板、またそれを支え; 空:◆(中に)何もない、何も含まれていない、虚(うつ)ろなさま◆何もないところ、天と地の間(あいだ),N2,on,on+on,A3_short_compound(on+on 71%) | B_noun_rad_木(kun 93%),架:◆か・ける、二本の支柱などの支えとなるものの上に、棒や板のような長い物を横に渡す◆物を載せたり掛けたり吊ったりするするために、横に渡した横木や板、またそれを支え; 空:◆(中に)何もない、何も含まれていない、虚(うつ)ろなさま◆何もないところ、天と地の間(あいだ)
kk_染まる_そまる,染まる,そまる,染:◆液体が小さな隙間に滲(し)み込む、布などを液体に浸(ひた)して着色する、色を滲み込ませる◆色や匂いなどが付着する、またそれによってそれまでとは別のものになる、,N2,kun,kun,IL1_okurigana(kun 96%) | IL2_single_okuri(kun 96%) | B_noun_rad_木(kun 93%),染:◆液体が小さな隙間に滲(し)み込む、布などを液体に浸(ひた)して着色する、色を滲み込ませる◆色や匂いなどが付着する、またそれによってそれまでとは別のものになる、
kk_栓_せん,栓,せん,栓:◆もののの口や穴をぴったりと塞ぐもの、また塞ぐように差し込むもの◆[日]「栓の木(センノキ)」、ハリギリ(針桐)の別称、ウコギ科ハリギリ属の木,N2,on,on,IL2_on_only(on 99%) | B_noun_rad_木(kun 93%),栓:◆もののの口や穴をぴったりと塞ぐもの、また塞ぐように差し込むもの◆[日]「栓の木(センノキ)」、ハリギリ(針桐)の別称、ウコギ科ハリギリ属の木
kk_校庭_こうてい,校庭,こうてい,校:◆木製の枷(かせ)、罪人の首・手・足などに嵌(は)めて自由を奪う刑具◆(陣地の周囲に張り巡らせる、或いは狩猟の際に獲物を追い込む)格子状に組んだ柵(さく)◆武官; 庭:◆堂(ドウ、大きな建物、母屋おもや)の正面階段前の平らに整地された広場、同「廷」◆宮中、役所や裁判所(廷)、またその敷地内の平らに整地された広場、同「廷」◆広い,N2,on,on+on,B_noun_rad_木(kun 93%) | B_noun_rad_广(kun 93%),校:◆木製の枷(かせ)、罪人の首・手・足などに嵌(は)めて自由を奪う刑具◆(陣地の周囲に張り巡らせる、或いは狩猟の際に獲物を追い込む)格子状に組んだ柵(さく)◆武官; 庭:◆堂(ドウ、大きな建物、母屋おもや)の正面階段前の平らに整地された広場、同「廷」◆宮中、役所や裁判所(廷)、またその敷地内の平らに整地された広場、同「廷」◆広い
kk_校舎_こうしゃ,校舎,こうしゃ,校:◆木製の枷(かせ)、罪人の首・手・足などに嵌(は)めて自由を奪う刑具◆(陣地の周囲に張り巡らせる、或いは狩猟の際に獲物を追い込む)格子状に組んだ柵(さく)◆武官; 舎:◆身体を休めるところ、家、休息や宿泊するための宿◆休息する、身体を休める◆軍隊の一日の行軍距離の単位、1舎=30里(約15km)、「一舎ごとに一宿する」ことから,N2,on,on+on,A3_short_compound(on+on 71%) | B_noun_rad_木(kun 93%),校:◆木製の枷(かせ)、罪人の首・手・足などに嵌(は)めて自由を奪う刑具◆(陣地の周囲に張り巡らせる、或いは狩猟の際に獲物を追い込む)格子状に組んだ柵(さく)◆武官; 舎:◆身体を休めるところ、家、休息や宿泊するための宿◆休息する、身体を休める◆軍隊の一日の行軍距離の単位、1舎=30里(約15km)、「一舎ごとに一宿する」ことから
kk_根_ね,根,ね,根:◆植物の主に土中や水中にあって茎(くき)や幹(みき)を通じて枝葉(シヨウ、えだは)に水分・養分を送る役割を担(にな)う部分◆物事を支える基本・基礎となる部分、元,N2,kun,kun,IL2_single_default(kun 84%) | B_noun_rad_木(kun 93%),根:◆植物の主に土中や水中にあって茎(くき)や幹(みき)を通じて枝葉(シヨウ、えだは)に水分・養分を送る役割を担(にな)う部分◆物事を支える基本・基礎となる部分、元
kk_根気_こんき,根気,こんき,根:◆植物の主に土中や水中にあって茎(くき)や幹(みき)を通じて枝葉(シヨウ、えだは)に水分・養分を送る役割を担(にな)う部分◆物事を支える基本・基礎となる部分、元; 気:◆中国古来の考えで、天地全ての事物の基本要素、目に見えず形状は一定しない、あらゆる事物の生死・盛衰などの変化・変動はこの「気」の移動・集散によるものと考えられた,N2,on,on+on,A3_short_compound(on+on 71%) | B_noun_rad_木(kun 93%),根:◆植物の主に土中や水中にあって茎(くき)や幹(みき)を通じて枝葉(シヨウ、えだは)に水分・養分を送る役割を担(にな)う部分◆物事を支える基本・基礎となる部分、元; 気:◆中国古来の考えで、天地全ての事物の基本要素、目に見えず形状は一定しない、あらゆる事物の生死・盛衰などの変化・変動はこの「気」の移動・集散によるものと考えられた
kk_格差_かくさ,格差,かくさ,格:◆長く伸びた木の枝、その枝が交差するさま◆四角い枠(わく)、四角く枠をはめる◆ものの外枠、規則や基準◆限界(外枠)まで至る、行き着く、窮(きわ)まる、同「𢓜」◆; 差:◆違いがある、揃(そろ)わない◆引き算をした時に余りが出る、またその時の余り◆(同じ差ごとに)区分けする、区別する◆やや～(違う、差がある、不足する、など)◆使,N2,on,on+on,A3_short_compound(on+on 71%) | B_noun_rad_木(kun 93%),格:◆長く伸びた木の枝、その枝が交差するさま◆四角い枠(わく)、四角く枠をはめる◆ものの外枠、規則や基準◆限界(外枠)まで至る、行き着く、窮(きわ)まる、同「𢓜」◆; 差:◆違いがある、揃(そろ)わない◆引き算をした時に余りが出る、またその時の余り◆(同じ差ごとに)区分けする、区別する◆やや～(違う、差がある、不足する、など)◆使
kk_桁違い_けたちがい,桁違い,けたちがい,桁:◆建物正面に向かって左右方向に渡した横木、同「檁」、一般に建物は柱を立て、その上に梁(リョウ、はり)を渡し、その上に直角方向に桁(コウ、けた)を渡す構造になる、; 違:◆背(せ)を向ける、背を向け去る、背(そむ)く◆あるべき形や様子と異なる、また反している、また合っていない◆守るべきものを守らない、従(したが)わない,N2,kun,kun+kun,IL1_okurigana(kun 96%) | A1_compound_oku(kun 90%) | A1_on_kun_mix(on+kun 65%),桁:◆建物正面に向かって左右方向に渡した横木、同「檁」、一般に建物は柱を立て、その上に梁(リョウ、はり)を渡し、その上に直角方向に桁(コウ、けた)を渡す構造になる、; 違:◆背(せ)を向ける、背を向け去る、背(そむ)く◆あるべき形や様子と異なる、また反している、また合っていない◆守るべきものを守らない、従(したが)わない
kk_案_あん,案,あん,案:◆机、テーブルtable、方形で比較的小さなものや低いものを指す、料理を載(の)せる脚付きの台や座った時に肘(ひじ)などを載せて体を凭(もた)れ掛ける脇息(キョ,N2,on,on,IL2_on_only(on 99%) | B_noun_rad_木(kun 93%),案:◆机、テーブルtable、方形で比較的小さなものや低いものを指す、料理を載(の)せる脚付きの台や座った時に肘(ひじ)などを載せて体を凭(もた)れ掛ける脇息(キョ
kk_桜並木_さくらなみき,桜並木,さくらなみき,桜:◆サクラ(桜)、バラ科サクラ属などの植物の称 ◆「桜桃(オウトウ)」、カラミザクラ(唐実桜)、別名シナミザクラ(支那実桜)、バラ科サクラ属の木、またその実(さく; 並:◆二つの同じものが隣り合って同じ方向を向く、また同じ方向を向いて立つ◆～と同様に、～と同時に◆皆と同じ、程度が普通; 木:◆植物の一分類、例外もあるが一般に表皮が硬く寒暖差などによって年輪を生ずるもの、またそれを使ったもの◆五行(水・火・木・金・土)の一つ ◆自然で飾り気がないさま,N2,kun,kun+kun+kun~,A4_multi_on(on+on+on 65%) | B_noun_rad_木(kun 93%) | B_noun_rad_木(kun 93%),桜:◆サクラ(桜)、バラ科サクラ属などの植物の称 ◆「桜桃(オウトウ)」、カラミザクラ(唐実桜)、別名シナミザクラ(支那実桜)、バラ科サクラ属の木、またその実(さく; 並:◆二つの同じものが隣り合って同じ方向を向く、また同じ方向を向いて立つ◆～と同様に、～と同時に◆皆と同じ、程度が普通; 木:◆植物の一分類、例外もあるが一般に表皮が硬く寒暖差などによって年輪を生ずるもの、またそれを使ったもの◆五行(水・火・木・金・土)の一つ ◆自然で飾り気がないさま
kk_桶_おけ,桶,おけ,桶:◆容量を量(はか)る木製の(方形の)枡(ます)、同「甬」◆水・液体を入れる容器,N2,kun,kun,IL2_single_default(kun 84%) | B_noun_rad_木(kun 93%),桶:◆容量を量(はか)る木製の(方形の)枡(ます)、同「甬」◆水・液体を入れる容器
kk_梅雨_ばいう,梅雨,ばいう,梅:◆ウメ(梅)、バラ科サクラ属の木、またその実; 雨:◆大気中の水蒸気が集まって水滴となり、浮かんでいることができずに落下するもの ◆(雨や雪が、小さなものが無数に)降る、上から下に落ちて来る◆あめ、あめかんむり、,N2,on,on+on,A3_short_compound(on+on 71%) | B_noun_rad_木(kun 93%) | B_noun_rad_雨(kun 93%),梅:◆ウメ(梅)、バラ科サクラ属の木、またその実; 雨:◆大気中の水蒸気が集まって水滴となり、浮かんでいることができずに落下するもの ◆(雨や雪が、小さなものが無数に)降る、上から下に落ちて来る◆あめ、あめかんむり、
kk_梯子_はしご,梯子,はしご,梯:◆長い二本の棒に短い横木を階段状に組んだ高い場所に登るための器具◆階段状のもの; 子:◆母親から産まれるもの、古くは男女を問わず「子」といったが、現代中国では男の子(息子)を指す◆新しく産まれる(生まれる)ものの元となるもの、植物の種や実、動物の,N2,mixed,kun+on~,A3_short_compound(on+on 71%) | B_noun_rad_木(kun 93%),梯:◆長い二本の棒に短い横木を階段状に組んだ高い場所に登るための器具◆階段状のもの; 子:◆母親から産まれるもの、古くは男女を問わず「子」といったが、現代中国では男の子(息子)を指す◆新しく産まれる(生まれる)ものの元となるもの、植物の種や実、動物の
kk_梳く_とく,梳く,とく,梳:◆櫛(くし)、歯の目が比較的粗い櫛、目が細かいものは「篦」「枇」、総称して「櫛」、「【說文解字注:木部:櫛】梳比之總名也(比讀若毗疏者為梳密者為比)」◆櫛で髪の,N2,kun,kun,IL1_okurigana(kun 96%) | IL2_single_okuri(kun 96%) | B_noun_rad_木(kun 93%),梳:◆櫛(くし)、歯の目が比較的粗い櫛、目が細かいものは「篦」「枇」、総称して「櫛」、「【說文解字注:木部:櫛】梳比之總名也(比讀若毗疏者為梳密者為比)」◆櫛で髪の
kk_植木_うえき,植木,うえき,植:◆草木の根を土中に埋めて茎(ケイ、くき)や幹(カン、みき)の部分をまっすぐに立たせる◆まっすぐに立てる、しっかりと立てる、しっかりと据(す)える、同「樹」「置」; 木:◆植物の一分類、例外もあるが一般に表皮が硬く寒暖差などによって年輪を生ずるもの、またそれを使ったもの◆五行(水・火・木・金・土)の一つ ◆自然で飾り気がないさま,N2,kun,kun+kun~,A3_short_compound(on+on 71%) | B_noun_rad_木(kun 93%) | B_noun_rad_木(kun 93%),植:◆草木の根を土中に埋めて茎(ケイ、くき)や幹(カン、みき)の部分をまっすぐに立たせる◆まっすぐに立てる、しっかりと立てる、しっかりと据(す)える、同「樹」「置」; 木:◆植物の一分類、例外もあるが一般に表皮が硬く寒暖差などによって年輪を生ずるもの、またそれを使ったもの◆五行(水・火・木・金・土)の一つ ◆自然で飾り気がないさま
kk_業務_ぎょうむ,業務,ぎょうむ,業:◆鍾(ショウ)や磬(ケイ)などの打楽器を吊るすための横木(筍)の上の横板、吊るした楽器の位置が演奏中にずれないように凹みや突起がついていたという、「业」はそれを; 務:◆成すべきこと、ひたすら力を注(そそ)ぐべきこと◆努(つと)める、成すべきことにひたすら力を尽くす、同「敄」◆強(し)いて、押して、無理にでも,N2,on,on+on,A3_short_compound(on+on 71%) | B_noun_rad_木(kun 93%) | B_verb_rad_力(kun 80%),業:◆鍾(ショウ)や磬(ケイ)などの打楽器を吊るすための横木(筍)の上の横板、吊るした楽器の位置が演奏中にずれないように凹みや突起がついていたという、「业」はそれを; 務:◆成すべきこと、ひたすら力を注(そそ)ぐべきこと◆努(つと)める、成すべきことにひたすら力を尽くす、同「敄」◆強(し)いて、押して、無理にでも
kk_極_ごく,極,ごく,極:◆屋根の棟(むね)、最も高いところ、またそこに渡した木、棟木(むなぎ)◆頂点、先端◆これ以上はない、それより先はない、またそこに達する◆究(きわ)まる、尽(つ),N2,on,on,IL2_single_default(kun 84%) | B_noun_rad_木(kun 93%),極:◆屋根の棟(むね)、最も高いところ、またそこに渡した木、棟木(むなぎ)◆頂点、先端◆これ以上はない、それより先はない、またそこに達する◆究(きわ)まる、尽(つ)
kk_概論_がいろん,概論,がいろん,概:◆斗掻(とかき)、枡掻(ますかき、升掻)、穀物を入れた枡(ます)から盛り上がった部分を削(けず)り落して平らにする(枡の高さと同じにする)棒、同「𣏙」◆おおむ・; 論:◆理(リ、道理ドウリ、筋目すじめ)に沿って考える、理に適(かな)った考え◆きちんと筋道(すじみち、道理)に沿って(順序立てて)述べる◆道理(筋や理)に照らして物,N2,on,on+on,B_noun_rad_木(kun 93%) | B_verb_rad_言(kun 80%),概:◆斗掻(とかき)、枡掻(ますかき、升掻)、穀物を入れた枡(ます)から盛り上がった部分を削(けず)り落して平らにする(枡の高さと同じにする)棒、同「𣏙」◆おおむ・; 論:◆理(リ、道理ドウリ、筋目すじめ)に沿って考える、理に適(かな)った考え◆きちんと筋道(すじみち、道理)に沿って(順序立てて)述べる◆道理(筋や理)に照らして物
kk_構図_こうず,構図,こうず,構:◆材木をしっかりと組んで建物を作る、また出来上がった建物◆(建物・作品・組織など)幾つかの素材や要素を組み合わせて作り上げる、また組み立て上がったもの◆組み立て; 図:◆四角い紙などに地形やものの形やその様相などを描く、また描いたもの◆はか・る、事に先立って案を作る、計画する,N2,on,on+on,A3_short_compound(on+on 71%) | B_noun_rad_木(kun 93%),構:◆材木をしっかりと組んで建物を作る、また出来上がった建物◆(建物・作品・組織など)幾つかの素材や要素を組み合わせて作り上げる、また組み立て上がったもの◆組み立て; 図:◆四角い紙などに地形やものの形やその様相などを描く、また描いたもの◆はか・る、事に先立って案を作る、計画する
kk_構造_こうぞう,構造,こうぞう,構:◆材木をしっかりと組んで建物を作る、また出来上がった建物◆(建物・作品・組織など)幾つかの素材や要素を組み合わせて作り上げる、また組み立て上がったもの◆組み立て; 造:◆(素材に手を加えて、組み合わせて)作り上げる◆成(な)る、為(な)す、成し遂(と)げる◆到(いた)る、行き着く◆慌てる、慌ただしい◆「造次(ゾウジ)」◇ごく短,N2,on,on+on,B_noun_rad_木(kun 93%),構:◆材木をしっかりと組んで建物を作る、また出来上がった建物◆(建物・作品・組織など)幾つかの素材や要素を組み合わせて作り上げる、また組み立て上がったもの◆組み立て; 造:◆(素材に手を加えて、組み合わせて)作り上げる◆成(な)る、為(な)す、成し遂(と)げる◆到(いた)る、行き着く◆慌てる、慌ただしい◆「造次(ゾウジ)」◇ごく短
kk_様式_ようしき,様式,ようしき,様:◆物事の性格や状態、また姿や形、あり方また見掛け◆形や姿、状態やあり方、方法や方式、同「𢳌」◆形や姿・状態やあり方・方法や方式などの種類を数える語◆クヌギ(櫟、; 式:◆決まり、やり方、一定の方法や手順◆型(かた)、基本や標準になる形◆目的や作法(サホウ)・次第(シダイ)が決まっている行事◆数学などの解法を示したもの◆用(もち,N2,on,on+on,B_noun_rad_木(kun 93%),様:◆物事の性格や状態、また姿や形、あり方また見掛け◆形や姿、状態やあり方、方法や方式、同「𢳌」◆形や姿・状態やあり方・方法や方式などの種類を数える語◆クヌギ(櫟、; 式:◆決まり、やり方、一定の方法や手順◆型(かた)、基本や標準になる形◆目的や作法(サホウ)・次第(シダイ)が決まっている行事◆数学などの解法を示したもの◆用(もち
kk_標本_ひょうほん,標本,ひょうほん,標:◆高く伸びた木の先の枝、梢(こずえ)◆物事の先端◆目印、場所を示す印(しるし)、案内や識別のための印◆高く掲(かか)げる、はっきりと目立たせる; 本:◆木の根(ね)◆植物や物事の生まれ始まりの部分、ものの根源また起源、「本来(ホンライ、元々、初めから)」◆ものを支えているもの、基(もと)となるもの、拠(よ)り,N2,on,on+on,B_noun_rad_木(kun 93%) | B_noun_rad_木(kun 93%),標:◆高く伸びた木の先の枝、梢(こずえ)◆物事の先端◆目印、場所を示す印(しるし)、案内や識別のための印◆高く掲(かか)げる、はっきりと目立たせる; 本:◆木の根(ね)◆植物や物事の生まれ始まりの部分、ものの根源また起源、「本来(ホンライ、元々、初めから)」◆ものを支えているもの、基(もと)となるもの、拠(よ)り
kk_標準_ひょうじゅん,標準,ひょうじゅん,標:◆高く伸びた木の先の枝、梢(こずえ)◆物事の先端◆目印、場所を示す印(しるし)、案内や識別のための印◆高く掲(かか)げる、はっきりと目立たせる; 準:◆水平にする、均(なら)す◆水平かどうかを調べる道具、「水準器(スイジュンキ)」◆平(たいら)らな、公平な◆手本として倣(なら)うべきもの、物事の尺度となるもの,N2,on,on+on,B_noun_rad_木(kun 93%),標:◆高く伸びた木の先の枝、梢(こずえ)◆物事の先端◆目印、場所を示す印(しるし)、案内や識別のための印◆高く掲(かか)げる、はっきりと目立たせる; 準:◆水平にする、均(なら)す◆水平かどうかを調べる道具、「水準器(スイジュンキ)」◆平(たいら)らな、公平な◆手本として倣(なら)うべきもの、物事の尺度となるもの
kk_標識_ひょうしき,標識,ひょうしき,標:◆高く伸びた木の先の枝、梢(こずえ)◆物事の先端◆目印、場所を示す印(しるし)、案内や識別のための印◆高く掲(かか)げる、はっきりと目立たせる; 識:◆知ったことが他とどう違うのかを理解する◆他との違いをはっきりと見分ける、またその働き、またその能力、またその内容◆記(しる)す、書き記す、同「誌」◆幟(のぼり,N2,on,on+on,B_noun_rad_木(kun 93%) | B_verb_rad_言(kun 80%),標:◆高く伸びた木の先の枝、梢(こずえ)◆物事の先端◆目印、場所を示す印(しるし)、案内や識別のための印◆高く掲(かか)げる、はっきりと目立たせる; 識:◆知ったことが他とどう違うのかを理解する◆他との違いをはっきりと見分ける、またその働き、またその能力、またその内容◆記(しる)す、書き記す、同「誌」◆幟(のぼり
kk_権利_けんり,権利,けんり,権:◆秤(はかり)、また秤に使う分銅(フンドウ、重さの基準となる金属の塊)◆重さを量(はか)る、状況を量りそれに応じて釣り合いを取る◆釣り合いを左右することができる; 利:◆先が尖(とが)る、先が鋭(するど)く尖った刃物◆よく切れるさま、切れ味が良いさま、鋭いさま◆(よく切れる刃物のように)すぱっと、さっと、一気に◆(よく切れる刃,N2,on,on+on,A3_short_compound(on+on 71%) | B_noun_rad_木(kun 93%) | B_verb_rad_刀(kun 80%),権:◆秤(はかり)、また秤に使う分銅(フンドウ、重さの基準となる金属の塊)◆重さを量(はか)る、状況を量りそれに応じて釣り合いを取る◆釣り合いを左右することができる; 利:◆先が尖(とが)る、先が鋭(するど)く尖った刃物◆よく切れるさま、切れ味が良いさま、鋭いさま◆(よく切れる刃物のように)すぱっと、さっと、一気に◆(よく切れる刃
kk_橇_そり,橇,そり,橇:◆泥濘(デイネイ、ぬかるみ)を行くための板状の履物、或いは底が平らな舟状の乗り物、同「毳」◆雪の上を移動するための乗り物,N2,kun,kun,IL2_single_default(kun 84%) | B_noun_rad_木(kun 93%),橇:◆泥濘(デイネイ、ぬかるみ)を行くための板状の履物、或いは底が平らな舟状の乗り物、同「毳」◆雪の上を移動するための乗り物
kk_機能_きのう,機能,きのう,機:◆布を織る装置、「機織(キショク、はたおり)」◆ある仕事をさせる(する)ために人や部品を組み合わせて作り上げた仕組みや仕掛け(組織や装置)◆「機関(キカン)」◇; 能:◆ことを成し遂(と)げる技量(ギリョウ)や力量(リキリョウ)、「能力(ノウリョク)」「才能(サイノウ)」◆十分に或いは上手にできる、～をすることができる(技能・,N2,on,on+on,A3_short_compound(on+on 71%) | B_noun_rad_木(kun 93%),機:◆布を織る装置、「機織(キショク、はたおり)」◆ある仕事をさせる(する)ために人や部品を組み合わせて作り上げた仕組みや仕掛け(組織や装置)◆「機関(キカン)」◇; 能:◆ことを成し遂(と)げる技量(ギリョウ)や力量(リキリョウ)、「能力(ノウリョク)」「才能(サイノウ)」◆十分に或いは上手にできる、～をすることができる(技能・
kk_機関_きかん,機関,きかん,機:◆布を織る装置、「機織(キショク、はたおり)」◆ある仕事をさせる(する)ために人や部品を組み合わせて作り上げた仕組みや仕掛け(組織や装置)◆「機関(キカン)」◇; 関:◆閂(かんぬき)、扉を閉め内側から横に渡して扉が開かないようにするための横木、同「閞」◆門を閉じる、門を閉じて閂を掛ける◆国や領地などの周りを囲った境界に設けら,N2,on,on+on,A3_short_compound(on+on 71%) | B_noun_rad_木(kun 93%),機:◆布を織る装置、「機織(キショク、はたおり)」◆ある仕事をさせる(する)ために人や部品を組み合わせて作り上げた仕組みや仕掛け(組織や装置)◆「機関(キカン)」◇; 関:◆閂(かんぬき)、扉を閉め内側から横に渡して扉が開かないようにするための横木、同「閞」◆門を閉じる、門を閉じて閂を掛ける◆国や領地などの周りを囲った境界に設けら
kk_機関車_きかんしゃ,機関車,きかんしゃ,機:◆布を織る装置、「機織(キショク、はたおり)」◆ある仕事をさせる(する)ために人や部品を組み合わせて作り上げた仕組みや仕掛け(組織や装置)◆「機関(キカン)」◇; 関:◆閂(かんぬき)、扉を閉め内側から横に渡して扉が開かないようにするための横木、同「閞」◆門を閉じる、門を閉じて閂を掛ける◆国や領地などの周りを囲った境界に設けら; 車:◆二つの輪(リン、車輪)の中心に軸(ジク、車軸)を通し、その上に人や物を乗せるための台(車台)を設(しつら)えたもの ◆輪状・円状のものが軸を中心として回転する,N2,on,on+on+on,A4_multi_on(on+on+on 65%) | B_noun_rad_木(kun 93%),機:◆布を織る装置、「機織(キショク、はたおり)」◆ある仕事をさせる(する)ために人や部品を組み合わせて作り上げた仕組みや仕掛け(組織や装置)◆「機関(キカン)」◇; 関:◆閂(かんぬき)、扉を閉め内側から横に渡して扉が開かないようにするための横木、同「閞」◆門を閉じる、門を閉じて閂を掛ける◆国や領地などの周りを囲った境界に設けら; 車:◆二つの輪(リン、車輪)の中心に軸(ジク、車軸)を通し、その上に人や物を乗せるための台(車台)を設(しつら)えたもの ◆輪状・円状のものが軸を中心として回転する
kk_櫛_くし,櫛,くし,櫛:◆毛髪を梳(す)き整える、またその道具の総称 、歯の目が細かいものを「篦」「枇」、目が粗いものを「梳」、「【說文解字注:木部:櫛】梳比之總名也(比讀若毗疏者為梳,N2,kun,kun,IL2_single_default(kun 84%) | B_noun_rad_木(kun 93%),櫛:◆毛髪を梳(す)き整える、またその道具の総称 、歯の目が細かいものを「篦」「枇」、目が粗いものを「梳」、「【說文解字注:木部:櫛】梳比之總名也(比讀若毗疏者為梳
kk_欠く_かく,欠く,かく,欠:◆あくび、口を大きく開けて息をすること、また息をして体を伸ばす、「欠伸(ケンシン、あくび)」◆(多く敬意を表す際に)上半身を前に少し傾ける、体を屈(かがめ)める,N2,kun,kun,IL1_okurigana(kun 96%) | IL2_single_okuri(kun 96%),欠:◆あくび、口を大きく開けて息をすること、また息をして体を伸ばす、「欠伸(ケンシン、あくび)」◆(多く敬意を表す際に)上半身を前に少し傾ける、体を屈(かがめ)める
kk_欠ける_かける,欠ける,かける,欠:◆あくび、口を大きく開けて息をすること、また息をして体を伸ばす、「欠伸(ケンシン、あくび)」◆(多く敬意を表す際に)上半身を前に少し傾ける、体を屈(かがめ)める,N2,kun,kun,IL1_okurigana(kun 96%) | IL2_single_okuri(kun 96%),欠:◆あくび、口を大きく開けて息をすること、また息をして体を伸ばす、「欠伸(ケンシン、あくび)」◆(多く敬意を表す際に)上半身を前に少し傾ける、体を屈(かがめ)める
kk_欠点_けってん,欠点,けってん,欠:◆あくび、口を大きく開けて息をすること、また息をして体を伸ばす、「欠伸(ケンシン、あくび)」◆(多く敬意を表す際に)上半身を前に少し傾ける、体を屈(かがめ)める; 点:◆小さな(黒い)染(し)み・瑕(きず)・印(しるし)、またそのようなものを付ける、「汚点(オテン)」◆小さく狭く限られた場所・範囲・位置・事柄、「地点(チテン),N2,on,on+on,,欠:◆あくび、口を大きく開けて息をすること、また息をして体を伸ばす、「欠伸(ケンシン、あくび)」◆(多く敬意を表す際に)上半身を前に少し傾ける、体を屈(かがめ)める; 点:◆小さな(黒い)染(し)み・瑕(きず)・印(しるし)、またそのようなものを付ける、「汚点(オテン)」◆小さく狭く限られた場所・範囲・位置・事柄、「地点(チテン)
kk_欠陥_けっかん,欠陥,けっかん,欠:◆あくび、口を大きく開けて息をすること、また息をして体を伸ばす、「欠伸(ケンシン、あくび)」◆(多く敬意を表す際に)上半身を前に少し傾ける、体を屈(かがめ)める; 陥:◆穴、地面が落ち窪(くぼ)んだ穴、同「臽」◆落とし穴、「陷阱、陷穽(カンセイ)」◆穴に落ち込む、穴に填(は)まり込む◆穴や罠(わな)に落とし入れる、攻め落とす,N2,on,on+on,,欠:◆あくび、口を大きく開けて息をすること、また息をして体を伸ばす、「欠伸(ケンシン、あくび)」◆(多く敬意を表す際に)上半身を前に少し傾ける、体を屈(かがめ)める; 陥:◆穴、地面が落ち窪(くぼ)んだ穴、同「臽」◆落とし穴、「陷阱、陷穽(カンセイ)」◆穴に落ち込む、穴に填(は)まり込む◆穴や罠(わな)に落とし入れる、攻め落とす
kk_次ぐ_つぐ,次ぐ,つぐ,次:◆並びや繰り返しの先頭の後に続く二番目◆後(あと)に続く、～の後に続いて～◆順序、「次第(シダイ)」◆繰り返される物事の回数、また順序、「数次(スウジ、数回)」,N2,kun,kun,IL1_okurigana(kun 96%) | IL2_single_okuri(kun 96%),次:◆並びや繰り返しの先頭の後に続く二番目◆後(あと)に続く、～の後に続いて～◆順序、「次第(シダイ)」◆繰り返される物事の回数、また順序、「数次(スウジ、数回)」
kk_次第_しだい,次第,しだい,次:◆並びや繰り返しの先頭の後に続く二番目◆後(あと)に続く、～の後に続いて～◆順序、「次第(シダイ)」◆繰り返される物事の回数、また順序、「数次(スウジ、数回)」; 第:◆階段のように段々に区切られているさま◆高低の並び、順序、順位、順番、序列、等級◆(昇進・採用のための等級ごとに行われる)試験◆大きな屋敷,N2,on,on+on,A3_short_compound(on+on 71%) | B_noun_rad_竹(kun 93%),次:◆並びや繰り返しの先頭の後に続く二番目◆後(あと)に続く、～の後に続いて～◆順序、「次第(シダイ)」◆繰り返される物事の回数、また順序、「数次(スウジ、数回)」; 第:◆階段のように段々に区切られているさま◆高低の並び、順序、順位、順番、序列、等級◆(昇進・採用のための等級ごとに行われる)試験◆大きな屋敷
kk_次第に_しだいに,次第に,しだいに,次:◆並びや繰り返しの先頭の後に続く二番目◆後(あと)に続く、～の後に続いて～◆順序、「次第(シダイ)」◆繰り返される物事の回数、また順序、「数次(スウジ、数回)」; 第:◆階段のように段々に区切られているさま◆高低の並び、順序、順位、順番、序列、等級◆(昇進・採用のための等級ごとに行われる)試験◆大きな屋敷,N2,on,on+on~,IL1_okurigana(kun 96%) | A1_compound_oku(kun 90%) | A1_on_kun_mix(on+kun 65%),次:◆並びや繰り返しの先頭の後に続く二番目◆後(あと)に続く、～の後に続いて～◆順序、「次第(シダイ)」◆繰り返される物事の回数、また順序、「数次(スウジ、数回)」; 第:◆階段のように段々に区切られているさま◆高低の並び、順序、順位、順番、序列、等級◆(昇進・採用のための等級ごとに行われる)試験◆大きな屋敷
kk_歌留多/加留多_かるた,歌留多/加留多,かるた,歌:◆詞(ことば)を声に出し節(ふし)を付けて詠(よ)む、曲に合わせて詞を詠む、同「謌」◆楽曲、詩; 留:◆動きを止(と)める、動きを止めて同じ場所や状態に止(とど)まる◆同じ状態が残る、同じ状態で残す; 多:◆数や度量(ドリョウ、ものの多少・軽重・長短・高低・深浅・強弱など)が、あるべき(必要とする)数や度量より大きい、また余りある、またそれを超えている、少ないのは,N2,on,on+on+on+on+on+on~,A4_multi_on(on+on+on+on+on+on 65%) | B_verb_rad_力(kun 80%),歌:◆詞(ことば)を声に出し節(ふし)を付けて詠(よ)む、曲に合わせて詞を詠む、同「謌」◆楽曲、詩; 留:◆動きを止(と)める、動きを止めて同じ場所や状態に止(とど)まる◆同じ状態が残る、同じ状態で残す; 多:◆数や度量(ドリョウ、ものの多少・軽重・長短・高低・深浅・強弱など)が、あるべき(必要とする)数や度量より大きい、また余りある、またそれを超えている、少ないのは
kk_歌謡_かよう,歌謡,かよう,歌:◆詞(ことば)を声に出し節(ふし)を付けて詠(よ)む、曲に合わせて詞を詠む、同「謌」◆楽曲、詩; 謡:◆即興で歌う、楽器などの伴奏なしに歌う、同「䚻」、楽器などの伴奏に合わせて歌うのは「歌」◆子どもや一般の人が節を付けて口遊(くちずさ)む歌◆根も葉もない噂話,N2,on,on+on,A3_short_compound(on+on 71%) | B_verb_rad_言(kun 80%),歌:◆詞(ことば)を声に出し節(ふし)を付けて詠(よ)む、曲に合わせて詞を詠む、同「謌」◆楽曲、詩; 謡:◆即興で歌う、楽器などの伴奏なしに歌う、同「䚻」、楽器などの伴奏に合わせて歌うのは「歌」◆子どもや一般の人が節を付けて口遊(くちずさ)む歌◆根も葉もない噂話
kk_歓声_かんせい,歓声,かんせい,歓:◆大いに喜び楽しむ、賑(にぎ)やかに楽しむ、また楽しませる◆相愛の二人が相手を呼ぶ語、「愛(いと)しい人」の意; 声:◆磬(ケイ、石また玉製の打楽器)、またその音◆人や動物が口から発する音、一般には高低強弱などの抑揚がある音が連続し全体として意味を持つものを指す、意味をなさない,N2,on,on+on,,歓:◆大いに喜び楽しむ、賑(にぎ)やかに楽しむ、また楽しませる◆相愛の二人が相手を呼ぶ語、「愛(いと)しい人」の意; 声:◆磬(ケイ、石また玉製の打楽器)、またその音◆人や動物が口から発する音、一般には高低強弱などの抑揚がある音が連続し全体として意味を持つものを指す、意味をなさない
kk_止/已むを得ず_やむをえず,止/已むを得ず,やむをえず,止:◆ものが動かないように(しっかりと)立つための支えとなる基(もと、土台)◆体を支える足(あし)◆同じ所に留(とど)まって動かない[†「止」は止まったまま動かない; 已:◆や・む、止(や)む、止める、止(と)まる、「不得已(ブゥドゥイィ、止む得ない、止む得ずに～)」◆(職を)退く、去る、辞(や)める◆終わる、終える◆既(すで)に; 得:◆手に入れる、手に入る、自分のものにする、自分のものになる、身に付く◆ぴったりと合う、相応(ふさわ)しい◆意に適(かな)う◆～できる◆儲(もう)かる、出て行くも,N2,kun,kun+kun+kun~,IL1_okurigana(kun 96%) | A1_compound_oku(kun 90%) | A1_on_kun_mix(on+kun 65%),止:◆ものが動かないように(しっかりと)立つための支えとなる基(もと、土台)◆体を支える足(あし)◆同じ所に留(とど)まって動かない[†「止」は止まったまま動かない; 已:◆や・む、止(や)む、止める、止(と)まる、「不得已(ブゥドゥイィ、止む得ない、止む得ずに～)」◆(職を)退く、去る、辞(や)める◆終わる、終える◆既(すで)に; 得:◆手に入れる、手に入る、自分のものにする、自分のものになる、身に付く◆ぴったりと合う、相応(ふさわ)しい◆意に適(かな)う◆～できる◆儲(もう)かる、出て行くも
kk_止す_よす,止す,よす,止:◆ものが動かないように(しっかりと)立つための支えとなる基(もと、土台)◆体を支える足(あし)◆同じ所に留(とど)まって動かない[†「止」は止まったまま動かない,N2,kun,kun,IL1_okurigana(kun 96%) | IL2_single_okuri(kun 96%),止:◆ものが動かないように(しっかりと)立つための支えとなる基(もと、土台)◆体を支える足(あし)◆同じ所に留(とど)まって動かない[†「止」は止まったまま動かない
kk_止まる/留まる_とどまる,止まる/留まる,とどまる,止:◆ものが動かないように(しっかりと)立つための支えとなる基(もと、土台)◆体を支える足(あし)◆同じ所に留(とど)まって動かない[†「止」は止まったまま動かない; 留:◆動きを止(と)める、動きを止めて同じ場所や状態に止(とど)まる◆同じ状態が残る、同じ状態で残す,N2,mixed,kun+on~,IL1_okurigana(kun 96%) | A1_compound_oku(kun 90%) | A1_on_kun_mix(on+kun 65%),止:◆ものが動かないように(しっかりと)立つための支えとなる基(もと、土台)◆体を支える足(あし)◆同じ所に留(とど)まって動かない[†「止」は止まったまま動かない; 留:◆動きを止(と)める、動きを止めて同じ場所や状態に止(とど)まる◆同じ状態が残る、同じ状態で残す
kk_止むを得ない_やむをえない,止むを得ない,やむをえない,止:◆ものが動かないように(しっかりと)立つための支えとなる基(もと、土台)◆体を支える足(あし)◆同じ所に留(とど)まって動かない[†「止」は止まったまま動かない; 得:◆手に入れる、手に入る、自分のものにする、自分のものになる、身に付く◆ぴったりと合う、相応(ふさわ)しい◆意に適(かな)う◆～できる◆儲(もう)かる、出て行くも,N2,kun,kun+kun~,IL1_okurigana(kun 96%) | A1_compound_oku(kun 90%) | A1_on_kun_mix(on+kun 65%),止:◆ものが動かないように(しっかりと)立つための支えとなる基(もと、土台)◆体を支える足(あし)◆同じ所に留(とど)まって動かない[†「止」は止まったまま動かない; 得:◆手に入れる、手に入る、自分のものにする、自分のものになる、身に付く◆ぴったりと合う、相応(ふさわ)しい◆意に適(かな)う◆～できる◆儲(もう)かる、出て行くも
kk_正_せい,正,せい,正:◆まっすぐなさま、曲がり・歪(ゆが)み・偏(かたよ)りなどがないさま◆他のものが雑(ま)じっていないさま、また混(ま)じっていないさま、また交(ま)じっていない,N2,on,on,IL2_single_default(kun 84%),正:◆まっすぐなさま、曲がり・歪(ゆが)み・偏(かたよ)りなどがないさま◆他のものが雑(ま)じっていないさま、また混(ま)じっていないさま、また交(ま)じっていない
kk_正に_まさに,正に,まさに,正:◆まっすぐなさま、曲がり・歪(ゆが)み・偏(かたよ)りなどがないさま◆他のものが雑(ま)じっていないさま、また混(ま)じっていないさま、また交(ま)じっていない,N2,kun,kun,IL1_okurigana(kun 96%) | IL2_single_okuri(kun 96%),正:◆まっすぐなさま、曲がり・歪(ゆが)み・偏(かたよ)りなどがないさま◆他のものが雑(ま)じっていないさま、また混(ま)じっていないさま、また交(ま)じっていない
kk_正味_しょうみ,正味,しょうみ,正:◆まっすぐなさま、曲がり・歪(ゆが)み・偏(かたよ)りなどがないさま◆他のものが雑(ま)じっていないさま、また混(ま)じっていないさま、また交(ま)じっていない; 味:◆舌で感じる、舌の感覚◆「五味(ゴミ)」、舌の感覚(味)を五つに大別したもの、酸(酸っぱい味)苦(苦い味)辛(辛い味)鹹(塩辛い味)甘(甘い味)、「【禮記注疏(,N2,on,on+on,A3_short_compound(on+on 71%),正:◆まっすぐなさま、曲がり・歪(ゆが)み・偏(かたよ)りなどがないさま◆他のものが雑(ま)じっていないさま、また混(ま)じっていないさま、また交(ま)じっていない; 味:◆舌で感じる、舌の感覚◆「五味(ゴミ)」、舌の感覚(味)を五つに大別したもの、酸(酸っぱい味)苦(苦い味)辛(辛い味)鹹(塩辛い味)甘(甘い味)、「【禮記注疏(
kk_正常化_せいじょうか,正常化,せいじょうか,正:◆まっすぐなさま、曲がり・歪(ゆが)み・偏(かたよ)りなどがないさま◆他のものが雑(ま)じっていないさま、また混(ま)じっていないさま、また交(ま)じっていない; 常:◆何時も、何時もと変わらない◆変わることなく一定の、長い間変わることがない◆普通の、一般的な◆長さの単位、1常=2尋、1尋=8尺、「尋常」は「普通の、一般的な」; 化:◆性質・形状・状態などが元とは全く違ったものに変わる、まだ元の様子が分かる程度の変化は「変」◆他の影響を受けて、また時間を経ることによって考えや態度などが変わる,N2,on,on+on+on,A4_multi_on(on+on+on 65%) | B_noun_rad_巾(kun 93%),正:◆まっすぐなさま、曲がり・歪(ゆが)み・偏(かたよ)りなどがないさま◆他のものが雑(ま)じっていないさま、また混(ま)じっていないさま、また交(ま)じっていない; 常:◆何時も、何時もと変わらない◆変わることなく一定の、長い間変わることがない◆普通の、一般的な◆長さの単位、1常=2尋、1尋=8尺、「尋常」は「普通の、一般的な」; 化:◆性質・形状・状態などが元とは全く違ったものに変わる、まだ元の様子が分かる程度の変化は「変」◆他の影響を受けて、また時間を経ることによって考えや態度などが変わる
kk_正門_せいもん,正門,せいもん,正:◆まっすぐなさま、曲がり・歪(ゆが)み・偏(かたよ)りなどがないさま◆他のものが雑(ま)じっていないさま、また混(ま)じっていないさま、また交(ま)じっていない; 門:◆敷地の囲いの一部に設けた出入口、囲われたものの内から外へ(外から内へ)出入りするところ、同「𨳇」「閅」◆同じ入口から入って来た人、同じ囲いの中にいる人、同じ目,N2,on,on+on,,正:◆まっすぐなさま、曲がり・歪(ゆが)み・偏(かたよ)りなどがないさま◆他のものが雑(ま)じっていないさま、また混(ま)じっていないさま、また交(ま)じっていない; 門:◆敷地の囲いの一部に設けた出入口、囲われたものの内から外へ(外から内へ)出入りするところ、同「𨳇」「閅」◆同じ入口から入って来た人、同じ囲いの中にいる人、同じ目
kk_武器_ぶき,武器,ぶき,武:◆勇ましく猛々(たけだけ)しいさま、穏やかで洗練されているのは「文」◆戦い、戦いに長(た)けているさま◆戦闘や軍事などに関わることに使われる語◆半歩(ハンポ)、; 器:◆入れもの、(周りや底を囲って)中にものを入れるためのもの、「食器(ショッキ)」◆中に入る量、ものを受け入れることができる量、入れ物の大きさ、「器量(キリョウ),N2,on,on+on,A3_short_compound(on+on 71%),武:◆勇ましく猛々(たけだけ)しいさま、穏やかで洗練されているのは「文」◆戦い、戦いに長(た)けているさま◆戦闘や軍事などに関わることに使われる語◆半歩(ハンポ)、; 器:◆入れもの、(周りや底を囲って)中にものを入れるためのもの、「食器(ショッキ)」◆中に入る量、ものを受け入れることができる量、入れ物の大きさ、「器量(キリョウ)
kk_武士_ぶし,武士,ぶし,武:◆勇ましく猛々(たけだけ)しいさま、穏やかで洗練されているのは「文」◆戦い、戦いに長(た)けているさま◆戦闘や軍事などに関わることに使われる語◆半歩(ハンポ)、; 士:◆男(おとこ)、男子◆実務を担(にな)う下級の役人、またその官職名◆学徳や知能に秀(ひい)でた人、有能な人◆兵(つわもの)、「兵士(ヘイシ)」「士卒(シソツ)」,N2,on,on+on,A3_short_compound(on+on 71%),武:◆勇ましく猛々(たけだけ)しいさま、穏やかで洗練されているのは「文」◆戦い、戦いに長(た)けているさま◆戦闘や軍事などに関わることに使われる語◆半歩(ハンポ)、; 士:◆男(おとこ)、男子◆実務を担(にな)う下級の役人、またその官職名◆学徳や知能に秀(ひい)でた人、有能な人◆兵(つわもの)、「兵士(ヘイシ)」「士卒(シソツ)」
kk_歯車_はぐるま,歯車,はぐるま,歯:◆ものを食べるために噛(か)むための器官、噛(か)み砕くための器官 ◆牛馬の年齢、歯の本数で年齢が分かることによる◆人の年齢◆並ぶ、順に従って並ぶ◆は、はへん、; 車:◆二つの輪(リン、車輪)の中心に軸(ジク、車軸)を通し、その上に人や物を乗せるための台(車台)を設(しつら)えたもの ◆輪状・円状のものが軸を中心として回転する,N2,other,mixed+mixed~,,歯:◆ものを食べるために噛(か)むための器官、噛(か)み砕くための器官 ◆牛馬の年齢、歯の本数で年齢が分かることによる◆人の年齢◆並ぶ、順に従って並ぶ◆は、はへん、; 車:◆二つの輪(リン、車輪)の中心に軸(ジク、車軸)を通し、その上に人や物を乗せるための台(車台)を設(しつら)えたもの ◆輪状・円状のものが軸を中心として回転する
kk_歳末_さいまつ,歳末,さいまつ,歳:◆年(とし)、一年、同じ季節が一巡する期間◆年齢、年齢を数える語◆その年の穀物の収穫の具合◆木星、五星(ゴセイ、木星・土星・水星・火星・金星)の一つ; 末:◆木の先(さき)の細い部分、端(はじ)、先端◆物事の最後、終わり◆細いさま、細(こま)かいさま、小さいさま◆(端の方にあって或いは細かくて)取るに足りない、些細,N2,on,on+on,B_noun_rad_木(kun 93%),歳:◆年(とし)、一年、同じ季節が一巡する期間◆年齢、年齢を数える語◆その年の穀物の収穫の具合◆木星、五星(ゴセイ、木星・土星・水星・火星・金星)の一つ; 末:◆木の先(さき)の細い部分、端(はじ)、先端◆物事の最後、終わり◆細いさま、細(こま)かいさま、小さいさま◆(端の方にあって或いは細かくて)取るに足りない、些細
kk_死体_したい,死体,したい,死:◆細って尽(つ)きる◆精気(セイキ)がなくなる◆動かなくなる、用を成(な)さなくなる◆命が尽きる、天寿(テンジュ、天から授かった寿命)を全(まっと)うすることな; 体:◆頭から足の先までの全身、ものの全部、ものの主要な部分、またその姿形や様子、「身体(シンタイ、体、肉体)」「本体(ホンタイ、ものの本当の姿、ものの中心的部分)」,N2,on,on+on,A3_short_compound(on+on 71%),死:◆細って尽(つ)きる◆精気(セイキ)がなくなる◆動かなくなる、用を成(な)さなくなる◆命が尽きる、天寿(テンジュ、天から授かった寿命)を全(まっと)うすることな; 体:◆頭から足の先までの全身、ものの全部、ものの主要な部分、またその姿形や様子、「身体(シンタイ、体、肉体)」「本体(ホンタイ、ものの本当の姿、ものの中心的部分)」
kk_殊に_ことに,殊に,ことに,殊:◆(罪を咎めて)切り殺す、死ぬ◆(それまで繋がっていたものやことを)断(た)つ、絶(た)つ、(それまで続いていたものやことが)絶える◆異(こと)なる、普通でない,N2,kun,kun,IL1_okurigana(kun 96%) | IL2_single_okuri(kun 96%),殊:◆(罪を咎めて)切り殺す、死ぬ◆(それまで繋がっていたものやことを)断(た)つ、絶(た)つ、(それまで続いていたものやことが)絶える◆異(こと)なる、普通でない
kk_残暑_ざんしょ,残暑,ざんしょ,残:◆傷付ける、害(ガイ)する、壊(こわ)す◆踏(ふ)み付けにする、平気で人に危害を加える◆酷(むご)い◆必要なものを取り除いた余り、必要なものを満たすために不足し; 暑:◆太陽の熱によって気温が高くなる、またそのような季節、火によって温度が高くなるのは「熱」,N2,on,on+on,A3_short_compound(on+on 71%),残:◆傷付ける、害(ガイ)する、壊(こわ)す◆踏(ふ)み付けにする、平気で人に危害を加える◆酷(むご)い◆必要なものを取り除いた余り、必要なものを満たすために不足し; 暑:◆太陽の熱によって気温が高くなる、またそのような季節、火によって温度が高くなるのは「熱」
kk_残酷_ざんこく,残酷,ざんこく,残:◆傷付ける、害(ガイ)する、壊(こわ)す◆踏(ふ)み付けにする、平気で人に危害を加える◆酷(むご)い◆必要なものを取り除いた余り、必要なものを満たすために不足し; 酷:◆酒の味や臭(にお)いが濃(こ)い、また強い◆度が過ぎる、甚(はなは)だしい、極(きわ)まる、惨(むご)い、惨たらしい◆厳しくする、厳しい仕打(しう)ちをする、,N2,on,on+on,,残:◆傷付ける、害(ガイ)する、壊(こわ)す◆踏(ふ)み付けにする、平気で人に危害を加える◆酷(むご)い◆必要なものを取り除いた余り、必要なものを満たすために不足し; 酷:◆酒の味や臭(にお)いが濃(こ)い、また強い◆度が過ぎる、甚(はなは)だしい、極(きわ)まる、惨(むご)い、惨たらしい◆厳しくする、厳しい仕打(しう)ちをする、
kk_殖える_ふえる,殖える,ふえる,殖:◆種を植え生まれた芽を大きく育てる、「【玉篇:卷十一:歹部第一百五十:殖】時力切長也生也種也…」「【龍龕手鑑:卷四:歹部第二十二:殖】時力反種也埋也生也」◆子(,N2,kun,kun,IL1_okurigana(kun 96%) | IL2_single_okuri(kun 96%),殖:◆種を植え生まれた芽を大きく育てる、「【玉篇:卷十一:歹部第一百五十:殖】時力切長也生也種也…」「【龍龕手鑑:卷四:歹部第二十二:殖】時力反種也埋也生也」◆子(
kk_段_だん,段,だん,段:◆上へ上へと積み重なって層をなしたものの、その一つ一つ◆物事などの区切り、文章などの区切り◆階位、等級,N2,on,on,IL2_on_only(on 99%),段:◆上へ上へと積み重なって層をなしたものの、その一つ一つ◆物事などの区切り、文章などの区切り◆階位、等級
kk_母国_ぼこく,母国,ぼこく,母:◆女親(おんなおや)◆子を生み育てる性、雌性(シセイ)、女性◆物事を生み出す元(もと)となるもの、生まれた場所¶別「毋」「毌」; 国:◆主権者の支配が及ぶ範囲、土地や人や政治体制などを含む概念で古くは君主から与えられた領地、「王(権力者)の勢力が及ぶ範囲(囗)」の意,N2,on,on+on,A3_short_compound(on+on 71%),母:◆女親(おんなおや)◆子を生み育てる性、雌性(シセイ)、女性◆物事を生み出す元(もと)となるもの、生まれた場所¶別「毋」「毌」; 国:◆主権者の支配が及ぶ範囲、土地や人や政治体制などを含む概念で古くは君主から与えられた領地、「王(権力者)の勢力が及ぶ範囲(囗)」の意
kk_母校_ぼこう,母校,ぼこう,母:◆女親(おんなおや)◆子を生み育てる性、雌性(シセイ)、女性◆物事を生み出す元(もと)となるもの、生まれた場所¶別「毋」「毌」; 校:◆木製の枷(かせ)、罪人の首・手・足などに嵌(は)めて自由を奪う刑具◆(陣地の周囲に張り巡らせる、或いは狩猟の際に獲物を追い込む)格子状に組んだ柵(さく)◆武官,N2,on,on+on,A3_short_compound(on+on 71%) | B_noun_rad_木(kun 93%),母:◆女親(おんなおや)◆子を生み育てる性、雌性(シセイ)、女性◆物事を生み出す元(もと)となるもの、生まれた場所¶別「毋」「毌」; 校:◆木製の枷(かせ)、罪人の首・手・足などに嵌(は)めて自由を奪う刑具◆(陣地の周囲に張り巡らせる、或いは狩猟の際に獲物を追い込む)格子状に組んだ柵(さく)◆武官
kk_比例_ひれい,比例,ひれい,比:◆同様・同等のものが並ぶ、並べる、「比肩(ヒケン)」◆類(たぐい)、性格・性質が共通しているもの、またその集まり◆(同様・同等のものを)並べて大小・長短・優劣・; 例:◆たと・える、たと・えば、同じ種類・性質のものを列挙(レッキョ)する◆(同様のものを並べて)比べる、「比例(ヒレイ)」◆ためし、以前から行われていること、以前と,N2,on,on+on,A3_short_compound(on+on 71%),比:◆同様・同等のものが並ぶ、並べる、「比肩(ヒケン)」◆類(たぐい)、性格・性質が共通しているもの、またその集まり◆(同様・同等のものを)並べて大小・長短・優劣・; 例:◆たと・える、たと・えば、同じ種類・性質のものを列挙(レッキョ)する◆(同様のものを並べて)比べる、「比例(ヒレイ)」◆ためし、以前から行われていること、以前と
kk_比率_ひりつ,比率,ひりつ,比:◆同様・同等のものが並ぶ、並べる、「比肩(ヒケン)」◆類(たぐい)、性格・性質が共通しているもの、またその集まり◆(同様・同等のものを)並べて大小・長短・優劣・; 率:◆鳥を捕らえるための網、一網打尽にする網◆ひき・いる、全体(集団)が乱れないよう一つに纏(まと)める、「統率(トウソツ)」◆従う、纏まり・基準などからはみ出ない,N2,on,on+on,A3_short_compound(on+on 71%),比:◆同様・同等のものが並ぶ、並べる、「比肩(ヒケン)」◆類(たぐい)、性格・性質が共通しているもの、またその集まり◆(同様・同等のものを)並べて大小・長短・優劣・; 率:◆鳥を捕らえるための網、一網打尽にする網◆ひき・いる、全体(集団)が乱れないよう一つに纏(まと)める、「統率(トウソツ)」◆従う、纏まり・基準などからはみ出ない
kk_毛布_もうふ,毛布,もうふ,"毛:◆生物の表皮に生える細長い糸状のもの◆細長いものがたくさんあるさま、細く弱々しいさま◆草木が生え出る◆草木や穀物が生える、また草木や穀物◆粗末なさま◆[日]千分; 布:◆経糸(よこいと)と緯糸(たていと)を""十""状に交差させながら織ったもの、一般にはアサ(麻)やワタ(綿)などの植物繊維で織ったものを指し、繭(まゆ)から紡(つむ",N2,on,on+on,A3_short_compound(on+on 71%) | B_noun_rad_巾(kun 93%),"毛:◆生物の表皮に生える細長い糸状のもの◆細長いものがたくさんあるさま、細く弱々しいさま◆草木が生え出る◆草木や穀物が生える、また草木や穀物◆粗末なさま◆[日]千分; 布:◆経糸(よこいと)と緯糸(たていと)を""十""状に交差させながら織ったもの、一般にはアサ(麻)やワタ(綿)などの植物繊維で織ったものを指し、繭(まゆ)から紡(つむ"
kk_毛皮_けがわ,毛皮,けがわ,毛:◆生物の表皮に生える細長い糸状のもの◆細長いものがたくさんあるさま、細く弱々しいさま◆草木が生え出る◆草木や穀物が生える、また草木や穀物◆粗末なさま◆[日]千分; 皮:◆体の表面を覆っている膜状のもの、動物の皮を剥いで平らに延ばし乾かしたりしたものは「革」、鞣(なめ)したものは「韋」◆物事の表面を覆っている膜状のもの◆かわ、ひ,N2,other,mixed+mixed~,A3_short_compound(on+on 71%),毛:◆生物の表皮に生える細長い糸状のもの◆細長いものがたくさんあるさま、細く弱々しいさま◆草木が生え出る◆草木や穀物が生える、また草木や穀物◆粗末なさま◆[日]千分; 皮:◆体の表面を覆っている膜状のもの、動物の皮を剥いで平らに延ばし乾かしたりしたものは「革」、鞣(なめ)したものは「韋」◆物事の表面を覆っている膜状のもの◆かわ、ひ
kk_毛糸_けいと,毛糸,けいと,毛:◆生物の表皮に生える細長い糸状のもの◆細長いものがたくさんあるさま、細く弱々しいさま◆草木が生え出る◆草木や穀物が生える、また草木や穀物◆粗末なさま◆[日]千分; 糸:◆蚕(かいこ)の繭(まゆ)から取り出した繊維(「忽」という)五本を縒(よ)ったもの、十本を縒ったものが「絲」、中国で「縫物などに使う糸」をいう場合は「线(線)」,N2,kun,kun+kun~,A3_short_compound(on+on 71%),毛:◆生物の表皮に生える細長い糸状のもの◆細長いものがたくさんあるさま、細く弱々しいさま◆草木が生え出る◆草木や穀物が生える、また草木や穀物◆粗末なさま◆[日]千分; 糸:◆蚕(かいこ)の繭(まゆ)から取り出した繊維(「忽」という)五本を縒(よ)ったもの、十本を縒ったものが「絲」、中国で「縫物などに使う糸」をいう場合は「线(線)」
kk_民主～_みんしゅ～,民主～,みんしゅ～,民:◆(支配者層に属する人を除く)一般の人◆人(ひと)、人達(ひとたち); 主:◆蝋燭やランプなどの灯心、同「炷」◆多くの中で特に重要な、またそのような人◆中心となるもの、中心にあるもの、またそのような人◆司(つかさど)る、中心となって統治,N2,on,on+on~,,民:◆(支配者層に属する人を除く)一般の人◆人(ひと)、人達(ひとたち); 主:◆蝋燭やランプなどの灯心、同「炷」◆多くの中で特に重要な、またそのような人◆中心となるもの、中心にあるもの、またそのような人◆司(つかさど)る、中心となって統治
kk_民謡_みんよう,民謡,みんよう,民:◆(支配者層に属する人を除く)一般の人◆人(ひと)、人達(ひとたち); 謡:◆即興で歌う、楽器などの伴奏なしに歌う、同「䚻」、楽器などの伴奏に合わせて歌うのは「歌」◆子どもや一般の人が節を付けて口遊(くちずさ)む歌◆根も葉もない噂話,N2,on,on+on,B_verb_rad_言(kun 80%),民:◆(支配者層に属する人を除く)一般の人◆人(ひと)、人達(ひとたち); 謡:◆即興で歌う、楽器などの伴奏なしに歌う、同「䚻」、楽器などの伴奏に合わせて歌うのは「歌」◆子どもや一般の人が節を付けて口遊(くちずさ)む歌◆根も葉もない噂話
kk_気儘_きまま,気儘,きまま,気:◆中国古来の考えで、天地全ての事物の基本要素、目に見えず形状は一定しない、あらゆる事物の生死・盛衰などの変化・変動はこの「気」の移動・集散によるものと考えられた; 儘:◆尽(つ)きる、全てが出尽くす、全てを出し切る、同「尽」◆[日]まま、その通りに、思いの通りに◆簡「侭」◆簡「尽」,N2,mixed,on+kun~,A3_short_compound(on+on 71%),気:◆中国古来の考えで、天地全ての事物の基本要素、目に見えず形状は一定しない、あらゆる事物の生死・盛衰などの変化・変動はこの「気」の移動・集散によるものと考えられた; 儘:◆尽(つ)きる、全てが出尽くす、全てを出し切る、同「尽」◆[日]まま、その通りに、思いの通りに◆簡「侭」◆簡「尽」
kk_気味_きみ,気味,きみ,気:◆中国古来の考えで、天地全ての事物の基本要素、目に見えず形状は一定しない、あらゆる事物の生死・盛衰などの変化・変動はこの「気」の移動・集散によるものと考えられた; 味:◆舌で感じる、舌の感覚◆「五味(ゴミ)」、舌の感覚(味)を五つに大別したもの、酸(酸っぱい味)苦(苦い味)辛(辛い味)鹹(塩辛い味)甘(甘い味)、「【禮記注疏(,N2,on,on+on,A3_short_compound(on+on 71%),気:◆中国古来の考えで、天地全ての事物の基本要素、目に見えず形状は一定しない、あらゆる事物の生死・盛衰などの変化・変動はこの「気」の移動・集散によるものと考えられた; 味:◆舌で感じる、舌の感覚◆「五味(ゴミ)」、舌の感覚(味)を五つに大別したもの、酸(酸っぱい味)苦(苦い味)辛(辛い味)鹹(塩辛い味)甘(甘い味)、「【禮記注疏(
kk_気圧_きあつ,気圧,きあつ,気:◆中国古来の考えで、天地全ての事物の基本要素、目に見えず形状は一定しない、あらゆる事物の生死・盛衰などの変化・変動はこの「気」の移動・集散によるものと考えられた; 圧:◆上から下に向けて押え付けるように力を加える◆力で押え付ける、押え付けて従わせる¶「圧」は日本・韓国などで用いられる「壓」の簡体字、中国では「压」,N2,on,on+on,A3_short_compound(on+on 71%),気:◆中国古来の考えで、天地全ての事物の基本要素、目に見えず形状は一定しない、あらゆる事物の生死・盛衰などの変化・変動はこの「気」の移動・集散によるものと考えられた; 圧:◆上から下に向けて押え付けるように力を加える◆力で押え付ける、押え付けて従わせる¶「圧」は日本・韓国などで用いられる「壓」の簡体字、中国では「压」
kk_気象_きしょう,気象,きしょう,気:◆中国古来の考えで、天地全ての事物の基本要素、目に見えず形状は一定しない、あらゆる事物の生死・盛衰などの変化・変動はこの「気」の移動・集散によるものと考えられた; 象:◆ゾウ(象)、ゾウ科の哺乳類、また同科の哺乳類の称◆もの(者や物)の姿形(すがたかたち)、同「像」◆もの(者や物)の姿形に似せる、また似る、また似せて作ったもの,N2,on,on+on,A3_short_compound(on+on 71%),気:◆中国古来の考えで、天地全ての事物の基本要素、目に見えず形状は一定しない、あらゆる事物の生死・盛衰などの変化・変動はこの「気」の移動・集散によるものと考えられた; 象:◆ゾウ(象)、ゾウ科の哺乳類、また同科の哺乳類の称◆もの(者や物)の姿形(すがたかたち)、同「像」◆もの(者や物)の姿形に似せる、また似る、また似せて作ったもの
kk_気軽_きがる,気軽,きがる,気:◆中国古来の考えで、天地全ての事物の基本要素、目に見えず形状は一定しない、あらゆる事物の生死・盛衰などの変化・変動はこの「気」の移動・集散によるものと考えられた; 軽:◆重くない、重くなく素早く動ける(車)、重くなく扱い易い(車)◆積載量が少ない、重さや程度が少ない◆重みがない、どっしりとしていない◆重要ではない,N2,on,on+mixed~,A3_short_compound(on+on 71%),気:◆中国古来の考えで、天地全ての事物の基本要素、目に見えず形状は一定しない、あらゆる事物の生死・盛衰などの変化・変動はこの「気」の移動・集散によるものと考えられた; 軽:◆重くない、重くなく素早く動ける(車)、重くなく扱い易い(車)◆積載量が少ない、重さや程度が少ない◆重みがない、どっしりとしていない◆重要ではない
kk_気配_けはい,気配,けはい,気:◆中国古来の考えで、天地全ての事物の基本要素、目に見えず形状は一定しない、あらゆる事物の生死・盛衰などの変化・変動はこの「気」の移動・集散によるものと考えられた; 配:◆釣り合いが取れるようにする、相応(ふさわ)しい形や状態にする◆幾つかのものを合わせて(結び付けて)整える、調和させる◆結婚した相手、また妻、「配偶(ハイグウ、,N2,on,on+on,A3_short_compound(on+on 71%),気:◆中国古来の考えで、天地全ての事物の基本要素、目に見えず形状は一定しない、あらゆる事物の生死・盛衰などの変化・変動はこの「気」の移動・集散によるものと考えられた; 配:◆釣り合いが取れるようにする、相応(ふさわ)しい形や状態にする◆幾つかのものを合わせて(結び付けて)整える、調和させる◆結婚した相手、また妻、「配偶(ハイグウ、
kk_水っぽい_みずっぽい,水っぽい,みずっぽい,水:◆器などに入れると水平になる(器に合わせて形を変える)液体、液状のもの、酸素と水素からなる液体 H<sub>2</sub>O、(一般には人工的に他のものを加えて,N2,kun,kun,IL1_okurigana(kun 96%) | IL2_single_okuri(kun 96%),水:◆器などに入れると水平になる(器に合わせて形を変える)液体、液状のもの、酸素と水素からなる液体 H<sub>2</sub>O、(一般には人工的に他のものを加えて
kk_水平_すいへい,水平,すいへい,水:◆器などに入れると水平になる(器に合わせて形を変える)液体、液状のもの、酸素と水素からなる液体 H<sub>2</sub>O、(一般には人工的に他のものを加えて; 平:◆起伏や凹凸がない、高さが揃っている◆普段通り、何時もと変わらずあるべき状態にある◆乱れがなく穏やかなさま◆均一な、等しい、斉(ひと)しい,N2,on,on+on,,水:◆器などに入れると水平になる(器に合わせて形を変える)液体、液状のもの、酸素と水素からなる液体 H<sub>2</sub>O、(一般には人工的に他のものを加えて; 平:◆起伏や凹凸がない、高さが揃っている◆普段通り、何時もと変わらずあるべき状態にある◆乱れがなく穏やかなさま◆均一な、等しい、斉(ひと)しい
kk_水平線_すいへいせん,水平線,すいへいせん,水:◆器などに入れると水平になる(器に合わせて形を変える)液体、液状のもの、酸素と水素からなる液体 H<sub>2</sub>O、(一般には人工的に他のものを加えて; 平:◆起伏や凹凸がない、高さが揃っている◆普段通り、何時もと変わらずあるべき状態にある◆乱れがなく穏やかなさま◆均一な、等しい、斉(ひと)しい; 線:◆糸や紐(ひも)、糸や紐のように細く長いもの、同「綫」「絤」「𦇫」「綖」◆糸や紐のように途切れずに長く延びているもの、二つの点と点を結ぶもの、またその形状や状態,N2,on,on+on+on,A4_multi_on(on+on+on 65%),水:◆器などに入れると水平になる(器に合わせて形を変える)液体、液状のもの、酸素と水素からなる液体 H<sub>2</sub>O、(一般には人工的に他のものを加えて; 平:◆起伏や凹凸がない、高さが揃っている◆普段通り、何時もと変わらずあるべき状態にある◆乱れがなく穏やかなさま◆均一な、等しい、斉(ひと)しい; 線:◆糸や紐(ひも)、糸や紐のように細く長いもの、同「綫」「絤」「𦇫」「綖」◆糸や紐のように途切れずに長く延びているもの、二つの点と点を結ぶもの、またその形状や状態
kk_水準_すいじゅん,水準,すいじゅん,水:◆器などに入れると水平になる(器に合わせて形を変える)液体、液状のもの、酸素と水素からなる液体 H<sub>2</sub>O、(一般には人工的に他のものを加えて; 準:◆水平にする、均(なら)す◆水平かどうかを調べる道具、「水準器(スイジュンキ)」◆平(たいら)らな、公平な◆手本として倣(なら)うべきもの、物事の尺度となるもの,N2,on,on+on,,水:◆器などに入れると水平になる(器に合わせて形を変える)液体、液状のもの、酸素と水素からなる液体 H<sub>2</sub>O、(一般には人工的に他のものを加えて; 準:◆水平にする、均(なら)す◆水平かどうかを調べる道具、「水準器(スイジュンキ)」◆平(たいら)らな、公平な◆手本として倣(なら)うべきもの、物事の尺度となるもの
kk_水滴_すいてき,水滴,すいてき,水:◆器などに入れると水平になる(器に合わせて形を変える)液体、液状のもの、酸素と水素からなる液体 H<sub>2</sub>O、(一般には人工的に他のものを加えて; 滴:◆しずく、小さな水(液体)の玉(たま)、「水滴(スイテキ)」◆したた・る、液体が小さな玉となってぽたぽたと落ちる,N2,on,on+on,,水:◆器などに入れると水平になる(器に合わせて形を変える)液体、液状のもの、酸素と水素からなる液体 H<sub>2</sub>O、(一般には人工的に他のものを加えて; 滴:◆しずく、小さな水(液体)の玉(たま)、「水滴(スイテキ)」◆したた・る、液体が小さな玉となってぽたぽたと落ちる
kk_水筒_すいとう,水筒,すいとう,水:◆器などに入れると水平になる(器に合わせて形を変える)液体、液状のもの、酸素と水素からなる液体 H<sub>2</sub>O、(一般には人工的に他のものを加えて; 筒:◆竹の茎の中空の部分、同「筩」◆細長い円柱状で内部が空洞になっている形のもの、同「筩」,N2,on,on+on,B_noun_rad_竹(kun 93%),水:◆器などに入れると水平になる(器に合わせて形を変える)液体、液状のもの、酸素と水素からなる液体 H<sub>2</sub>O、(一般には人工的に他のものを加えて; 筒:◆竹の茎の中空の部分、同「筩」◆細長い円柱状で内部が空洞になっている形のもの、同「筩」
kk_水素_すいそ,水素,すいそ,水:◆器などに入れると水平になる(器に合わせて形を変える)液体、液状のもの、酸素と水素からなる液体 H<sub>2</sub>O、(一般には人工的に他のものを加えて; 素:◆色を染める前の白い糸◆白い、無地の◆形は整えられているが、それ以上には手が加えられていない、本来の、元のままの、「素質(ソシツ)」◆飾らない、飾り気のない、「,N2,on,on+on,A3_short_compound(on+on 71%),水:◆器などに入れると水平になる(器に合わせて形を変える)液体、液状のもの、酸素と水素からなる液体 H<sub>2</sub>O、(一般には人工的に他のものを加えて; 素:◆色を染める前の白い糸◆白い、無地の◆形は整えられているが、それ以上には手が加えられていない、本来の、元のままの、「素質(ソシツ)」◆飾らない、飾り気のない、「
kk_水道水_すいどうすい,水道水,すいどうすい,水:◆器などに入れると水平になる(器に合わせて形を変える)液体、液状のもの、酸素と水素からなる液体 H<sub>2</sub>O、(一般には人工的に他のものを加えて; 道:◆出発地から目的地へ通じている路(みち)、人や動物などが往来する通り路、「道路(ドウロ)」、同「路」◆目的を達するための経路、手順や方法◆導(みちび)く、手引き; 水:◆器などに入れると水平になる(器に合わせて形を変える)液体、液状のもの、酸素と水素からなる液体 H<sub>2</sub>O、(一般には人工的に他のものを加えて,N2,on,on+on+on,A4_multi_on(on+on+on 65%),水:◆器などに入れると水平になる(器に合わせて形を変える)液体、液状のもの、酸素と水素からなる液体 H<sub>2</sub>O、(一般には人工的に他のものを加えて; 道:◆出発地から目的地へ通じている路(みち)、人や動物などが往来する通り路、「道路(ドウロ)」、同「路」◆目的を達するための経路、手順や方法◆導(みちび)く、手引き; 水:◆器などに入れると水平になる(器に合わせて形を変える)液体、液状のもの、酸素と水素からなる液体 H<sub>2</sub>O、(一般には人工的に他のものを加えて
kk_水面_すいめん,水面,すいめん,水:◆器などに入れると水平になる(器に合わせて形を変える)液体、液状のもの、酸素と水素からなる液体 H<sub>2</sub>O、(一般には人工的に他のものを加えて; 面:◆顔(かお)、頭の目鼻口がある側◆顔を対象(タイショウ、目標や相手)に向ける、また向く◆(顔が)向いている側、向き、向いている方向◆ものの表(おもて)、前(まえ,N2,on,on+on,,水:◆器などに入れると水平になる(器に合わせて形を変える)液体、液状のもの、酸素と水素からなる液体 H<sub>2</sub>O、(一般には人工的に他のものを加えて; 面:◆顔(かお)、頭の目鼻口がある側◆顔を対象(タイショウ、目標や相手)に向ける、また向く◆(顔が)向いている側、向き、向いている方向◆ものの表(おもて)、前(まえ
kk_永久_えいきゅう,永久,えいきゅう,永:◆川の水が途切れずに延々(エンエン)と流れるさま◆時(とき)が延々と続く、途切れずに長く続く、久(ひさ)しい◆「永字八法(エイジハッポウ)」、「永」を例に八つの; 久:◆長い時間が経っている◆長い間同じような状態で続いている◆灸を据える、同「灸」,N2,on,on+on,,永:◆川の水が途切れずに延々(エンエン)と流れるさま◆時(とき)が延々と続く、途切れずに長く続く、久(ひさ)しい◆「永字八法(エイジハッポウ)」、「永」を例に八つの; 久:◆長い時間が経っている◆長い間同じような状態で続いている◆灸を据える、同「灸」
kk_永遠_えいえん,永遠,えいえん,永:◆川の水が途切れずに延々(エンエン)と流れるさま◆時(とき)が延々と続く、途切れずに長く続く、久(ひさ)しい◆「永字八法(エイジハッポウ)」、「永」を例に八つの; 遠:◆場所や時間などが遥(はる)かに離れている、間(あいだ)が大きく空(あ)いている◆間を離す、大きく空ける◆関係が薄い,N2,on,on+on,,永:◆川の水が途切れずに延々(エンエン)と流れるさま◆時(とき)が延々と続く、途切れずに長く続く、久(ひさ)しい◆「永字八法(エイジハッポウ)」、「永」を例に八つの; 遠:◆場所や時間などが遥(はる)かに離れている、間(あいだ)が大きく空(あ)いている◆間を離す、大きく空ける◆関係が薄い
kk_汁_しる,汁,しる,汁:◆水以外の物質を含んだ液体,N2,kun,kun,IL2_single_default(kun 84%),汁:◆水以外の物質を含んだ液体
kk_求婚_きゅうこん,求婚,きゅうこん,求:◆探(さが)す、飽(あ)くまでも捜(さが)す◆欲しいものを何とか得ようとする、他人にものが欲しい(して欲しい)とねだる、強く乞(こ)う; 婚:◆娶る(めとる、他家の女性を妻として迎える)、嫁ぐ(とつぐ、他家の男性のところに妻として入る)、夫婦になる、同「昏」、「女昏」は黄昏(たそがれ)時に嫁を迎えて婚,N2,on,on+on,,求:◆探(さが)す、飽(あ)くまでも捜(さが)す◆欲しいものを何とか得ようとする、他人にものが欲しい(して欲しい)とねだる、強く乞(こ)う; 婚:◆娶る(めとる、他家の女性を妻として迎える)、嫁ぐ(とつぐ、他家の男性のところに妻として入る)、夫婦になる、同「昏」、「女昏」は黄昏(たそがれ)時に嫁を迎えて婚
kk_求職_きゅうしょく,求職,きゅうしょく,求:◆探(さが)す、飽(あ)くまでも捜(さが)す◆欲しいものを何とか得ようとする、他人にものが欲しい(して欲しい)とねだる、強く乞(こ)う; 職:◆力を注ぐべき仕事や役割、またその責任を担(にな)う◆一定の業務や役目を司(つかさど)る◆担当する業務や役目、またそこでの地位,N2,on,on+on,,求:◆探(さが)す、飽(あ)くまでも捜(さが)す◆欲しいものを何とか得ようとする、他人にものが欲しい(して欲しい)とねだる、強く乞(こ)う; 職:◆力を注ぐべき仕事や役割、またその責任を担(にな)う◆一定の業務や役目を司(つかさど)る◆担当する業務や役目、またそこでの地位
kk_決勝_けっしょう,決勝,けっしょう,決:◆堤(つつみ)などが破(やぶ)れる、また(堤防などが破れて)水が流れ出る◆破る、突き破る◆(妨げとなっている物や事を突き破って、押し退けて)きっぱりと、「決断(; 勝:◆責任や任務によく耐える、また耐えることができる◆克(か)つ、克服する、(困難に耐え)乗り越え成し遂げる◆～を上回る、～より優(すぐ)れる、優れている◆相手を上,N2,on,on+on,B_verb_rad_力(kun 80%),決:◆堤(つつみ)などが破(やぶ)れる、また(堤防などが破れて)水が流れ出る◆破る、突き破る◆(妨げとなっている物や事を突き破って、押し退けて)きっぱりと、「決断(; 勝:◆責任や任務によく耐える、また耐えることができる◆克(か)つ、克服する、(困難に耐え)乗り越え成し遂げる◆～を上回る、～より優(すぐ)れる、優れている◆相手を上
kk_決意_けつい,決意,けつい,決:◆堤(つつみ)などが破(やぶ)れる、また(堤防などが破れて)水が流れ出る◆破る、突き破る◆(妨げとなっている物や事を突き破って、押し退けて)きっぱりと、「決断(; 意:◆心の中にあって外(言葉や態度・行動など)には出さない思いや考え、心の動きや働き、気持ち◆物事の内にあって表には現れ出ないもの、内に込められているもの,N2,on,on+on,A3_short_compound(on+on 71%),決:◆堤(つつみ)などが破(やぶ)れる、また(堤防などが破れて)水が流れ出る◆破る、突き破る◆(妨げとなっている物や事を突き破って、押し退けて)きっぱりと、「決断(; 意:◆心の中にあって外(言葉や態度・行動など)には出さない思いや考え、心の動きや働き、気持ち◆物事の内にあって表には現れ出ないもの、内に込められているもの
kk_決断_けつだん,決断,けつだん,決:◆堤(つつみ)などが破(やぶ)れる、また(堤防などが破れて)水が流れ出る◆破る、突き破る◆(妨げとなっている物や事を突き破って、押し退けて)きっぱりと、「決断(; 断:◆繋(つな)がっているものを(連続しているものを)途中で切る、切って二つに分ける、切り離す◆ぷっつりと途切れる、絶(た)える◆すっぱりと区切る、きっぱりと決める,N2,on,on+on,,決:◆堤(つつみ)などが破(やぶ)れる、また(堤防などが破れて)水が流れ出る◆破る、突き破る◆(妨げとなっている物や事を突き破って、押し退けて)きっぱりと、「決断(; 断:◆繋(つな)がっているものを(連続しているものを)途中で切る、切って二つに分ける、切り離す◆ぷっつりと途切れる、絶(た)える◆すっぱりと区切る、きっぱりと決める
kk_決行_けっこう,決行,けっこう,決:◆堤(つつみ)などが破(やぶ)れる、また(堤防などが破れて)水が流れ出る◆破る、突き破る◆(妨げとなっている物や事を突き破って、押し退けて)きっぱりと、「決断(; 行:◆左足を前に出し(彳)次に右足を前に出す(亍)、足を交互に動かして前に進む◆目的とするところに向かって進む◆遠くに出掛ける、旅に出る◆道、人が往来する道路、同「,N2,on,on+on,,決:◆堤(つつみ)などが破(やぶ)れる、また(堤防などが破れて)水が流れ出る◆破る、突き破る◆(妨げとなっている物や事を突き破って、押し退けて)きっぱりと、「決断(; 行:◆左足を前に出し(彳)次に右足を前に出す(亍)、足を交互に動かして前に進む◆目的とするところに向かって進む◆遠くに出掛ける、旅に出る◆道、人が往来する道路、同「
kk_決議_けつぎ,決議,けつぎ,決:◆堤(つつみ)などが破(やぶ)れる、また(堤防などが破れて)水が流れ出る◆破る、突き破る◆(妨げとなっている物や事を突き破って、押し退けて)きっぱりと、「決断(; 議:◆互いに意見を交わし合う◆物事の是非について意見を交わし合う、またそれよって適切な結論を得る◆文章様式の一種で、物事の理非についての意見を記述したもの,N2,on,on+on,A3_short_compound(on+on 71%) | B_verb_rad_言(kun 80%),決:◆堤(つつみ)などが破(やぶ)れる、また(堤防などが破れて)水が流れ出る◆破る、突き破る◆(妨げとなっている物や事を突き破って、押し退けて)きっぱりと、「決断(; 議:◆互いに意見を交わし合う◆物事の是非について意見を交わし合う、またそれよって適切な結論を得る◆文章様式の一種で、物事の理非についての意見を記述したもの
kk_沈める_しずめる,沈める,しずめる,沈:◆ものが水中を底の方に向かって落ちて行く、全体が水面よりも下になって見えなくなる、同「沉」◆気持ちが落ち込む(沈み込む)、同「沉」◆奥深くに入り込む、深くのめり,N2,kun,kun,IL1_okurigana(kun 96%) | IL2_single_okuri(kun 96%),沈:◆ものが水中を底の方に向かって落ちて行く、全体が水面よりも下になって見えなくなる、同「沉」◆気持ちが落ち込む(沈み込む)、同「沉」◆奥深くに入り込む、深くのめり
kk_沸騰_ふっとう,沸騰,ふっとう,沸:◆水が勢いよく湧(わ)き出る、湧き上がる、同「㵒」◆(声などが)涌(わ)き上がる◆液体に熱が加わりぼこぼこと泡が立つ状態になる; 騰:◆勢いよく足を上げる、高く跳(と)び上がる、躍(おど)り上がる、同「驣」「䠮」「𦫀」◆勢いよく上がる、高く上がる◆馬を勢いよく走らせる、馬が跳(は)ねるように疾,N2,on,on+on,,沸:◆水が勢いよく湧(わ)き出る、湧き上がる、同「㵒」◆(声などが)涌(わ)き上がる◆液体に熱が加わりぼこぼこと泡が立つ状態になる; 騰:◆勢いよく足を上げる、高く跳(と)び上がる、躍(おど)り上がる、同「驣」「䠮」「𦫀」◆勢いよく上がる、高く上がる◆馬を勢いよく走らせる、馬が跳(は)ねるように疾
kk_油断_ゆだん,油断,ゆだん,油:◆粘性の高い可燃性の液体、「石油(セキユ)」◆膏(コウ、あぶら)、脂肪(シボウ)◆光沢(コウタク)、艶(つや)、同「𥑤」◆ゆったりとしたさま; 断:◆繋(つな)がっているものを(連続しているものを)途中で切る、切って二つに分ける、切り離す◆ぷっつりと途切れる、絶(た)える◆すっぱりと区切る、きっぱりと決める,N2,on,on+on,A3_short_compound(on+on 71%),油:◆粘性の高い可燃性の液体、「石油(セキユ)」◆膏(コウ、あぶら)、脂肪(シボウ)◆光沢(コウタク)、艶(つや)、同「𥑤」◆ゆったりとしたさま; 断:◆繋(つな)がっているものを(連続しているものを)途中で切る、切って二つに分ける、切り離す◆ぷっつりと途切れる、絶(た)える◆すっぱりと区切る、きっぱりと決める
kk_治める_おさめる,治める,おさめる,治:◆氾濫(ハンラン)を防いだり水を利用しやすくするために川の流れを変える、筋(すじ)を通す、同「理」◆手を加えて乱れがないようにする、また秩序ある状態にする、また,N2,kun,kun,IL1_okurigana(kun 96%) | IL2_single_okuri(kun 96%),治:◆氾濫(ハンラン)を防いだり水を利用しやすくするために川の流れを変える、筋(すじ)を通す、同「理」◆手を加えて乱れがないようにする、また秩序ある状態にする、また
kk_況して_まして,況して,まして,況:◆様子、有様(ありさま)、状態◆他と比べる、他の例を引く、譬(たと)える、「【前漢書:卷十六:高惠高后文功臣表】…以往況今甚可悲傷(師古曰況譬也)…」◆いわ・ん,N2,kun,kun,IL1_okurigana(kun 96%) | IL2_single_okuri(kun 96%),況:◆様子、有様(ありさま)、状態◆他と比べる、他の例を引く、譬(たと)える、「【前漢書:卷十六:高惠高后文功臣表】…以往況今甚可悲傷(師古曰況譬也)…」◆いわ・ん
kk_泉_いずみ,泉,いずみ,泉:◆水が地表に湧(わ)き出るところ、源(みなもと)、水源(スイゲン)、またその水、同「𤽇」「湶」「洤」◆銭(ぜに)、「湧(わ)き出た水が人々を潤すように、銭は人々,N2,kun,kun,IL2_single_default(kun 84%),泉:◆水が地表に湧(わ)き出るところ、源(みなもと)、水源(スイゲン)、またその水、同「𤽇」「湶」「洤」◆銭(ぜに)、「湧(わ)き出た水が人々を潤すように、銭は人々
kk_法_ほう,法,ほう,法:◆規律を維持するための決まり、守り従うべき制度や規則、私的なものではなく公(おおやけ)のものを指す◆標準的な或いは慣例となっているやり方、またそれらに従う◆基準,N2,on,on,IL2_single_default(kun 84%),法:◆規律を維持するための決まり、守り従うべき制度や規則、私的なものではなく公(おおやけ)のものを指す◆標準的な或いは慣例となっているやり方、またそれらに従う◆基準
kk_法則_ほうそく,法則,ほうそく,法:◆規律を維持するための決まり、守り従うべき制度や規則、私的なものではなく公(おおやけ)のものを指す◆標準的な或いは慣例となっているやり方、またそれらに従う◆基準; 則:◆のり、規範・基準となるもの、手本として倣(なら)うべきもの◆のっと・る、守るべき法律・規範・基準・手本などに従う◆すなわ・ち、「Ａ則Ｂ」の用法で、Ａ(原因や理,N2,on,on+on,B_verb_rad_刀(kun 80%),法:◆規律を維持するための決まり、守り従うべき制度や規則、私的なものではなく公(おおやけ)のものを指す◆標準的な或いは慣例となっているやり方、またそれらに従う◆基準; 則:◆のり、規範・基準となるもの、手本として倣(なら)うべきもの◆のっと・る、守るべき法律・規範・基準・手本などに従う◆すなわ・ち、「Ａ則Ｂ」の用法で、Ａ(原因や理
kk_法案_ほうあん,法案,ほうあん,法:◆規律を維持するための決まり、守り従うべき制度や規則、私的なものではなく公(おおやけ)のものを指す◆標準的な或いは慣例となっているやり方、またそれらに従う◆基準; 案:◆机、テーブルtable、方形で比較的小さなものや低いものを指す、料理を載(の)せる脚付きの台や座った時に肘(ひじ)などを載せて体を凭(もた)れ掛ける脇息(キョ,N2,on,on+on,B_noun_rad_木(kun 93%),法:◆規律を維持するための決まり、守り従うべき制度や規則、私的なものではなく公(おおやけ)のものを指す◆標準的な或いは慣例となっているやり方、またそれらに従う◆基準; 案:◆机、テーブルtable、方形で比較的小さなものや低いものを指す、料理を載(の)せる脚付きの台や座った時に肘(ひじ)などを載せて体を凭(もた)れ掛ける脇息(キョ
kk_注_ちゅう,注,ちゅう,注:◆水を一か所に狙いを定めて流し入れる、流れを目的の方に集中するようにする◆心や力を一点に集中する◆字句の解説、また解釈を加える、同「註」◆書き記(しる)す、記載,N2,on,on,IL2_single_default(kun 84%),注:◆水を一か所に狙いを定めて流し入れる、流れを目的の方に集中するようにする◆心や力を一点に集中する◆字句の解説、また解釈を加える、同「註」◆書き記(しる)す、記載
kk_注す_さす,注す,さす,注:◆水を一か所に狙いを定めて流し入れる、流れを目的の方に集中するようにする◆心や力を一点に集中する◆字句の解説、また解釈を加える、同「註」◆書き記(しる)す、記載,N2,other,unknown,IL1_okurigana(kun 96%) | IL2_single_okuri(kun 96%),注:◆水を一か所に狙いを定めて流し入れる、流れを目的の方に集中するようにする◆心や力を一点に集中する◆字句の解説、また解釈を加える、同「註」◆書き記(しる)す、記載
kk_洗面_せんめん,洗面,せんめん,洗:◆水で汚(よご)れや垢(あか)を落とす◆汚れが落ちてきれいになる◆手・指・足などの汚れを落とすために水を張る器; 面:◆顔(かお)、頭の目鼻口がある側◆顔を対象(タイショウ、目標や相手)に向ける、また向く◆(顔が)向いている側、向き、向いている方向◆ものの表(おもて)、前(まえ,N2,on,on+on,,洗:◆水で汚(よご)れや垢(あか)を落とす◆汚れが落ちてきれいになる◆手・指・足などの汚れを落とすために水を張る器; 面:◆顔(かお)、頭の目鼻口がある側◆顔を対象(タイショウ、目標や相手)に向ける、また向く◆(顔が)向いている側、向き、向いている方向◆ものの表(おもて)、前(まえ
kk_活力_かつりょく,活力,かつりょく,活:◆水が(生きているかのように)勢いよく流れるさま、またその音、「活活(カツカツ)」、同「𣿛」「𣸅」◆(水しぶきが飛び散るように)生き生きとしたさま、動きが生き生; 力:◆ものを動かすもの、ものを動かしているもの、ものに働(はたら)くもの、「強力(キョウリョク、強い力)」◆働く、務(つと)める、勤(つと)める、「努力(ドリョク、,N2,on,on+on,B_verb_rad_力(kun 80%),活:◆水が(生きているかのように)勢いよく流れるさま、またその音、「活活(カツカツ)」、同「𣿛」「𣸅」◆(水しぶきが飛び散るように)生き生きとしたさま、動きが生き生; 力:◆ものを動かすもの、ものを動かしているもの、ものに働(はたら)くもの、「強力(キョウリョク、強い力)」◆働く、務(つと)める、勤(つと)める、「努力(ドリョク、
kk_活字_かつじ,活字,かつじ,活:◆水が(生きているかのように)勢いよく流れるさま、またその音、「活活(カツカツ)」、同「𣿛」「𣸅」◆(水しぶきが飛び散るように)生き生きとしたさま、動きが生き生; 字:◆子を生む、生まれた子を慈(いつく)しみ育てる、同「𡥜」◆あざな、成人時に名付ける本名以外の名、男子は二十歳で成人とし初めて冠を被り、女子は許嫁(キョカ、いいな,N2,on,on+on,A3_short_compound(on+on 71%),活:◆水が(生きているかのように)勢いよく流れるさま、またその音、「活活(カツカツ)」、同「𣿛」「𣸅」◆(水しぶきが飛び散るように)生き生きとしたさま、動きが生き生; 字:◆子を生む、生まれた子を慈(いつく)しみ育てる、同「𡥜」◆あざな、成人時に名付ける本名以外の名、男子は二十歳で成人とし初めて冠を被り、女子は許嫁(キョカ、いいな
kk_活気_かっき,活気,かっき,活:◆水が(生きているかのように)勢いよく流れるさま、またその音、「活活(カツカツ)」、同「𣿛」「𣸅」◆(水しぶきが飛び散るように)生き生きとしたさま、動きが生き生; 気:◆中国古来の考えで、天地全ての事物の基本要素、目に見えず形状は一定しない、あらゆる事物の生死・盛衰などの変化・変動はこの「気」の移動・集散によるものと考えられた,N2,on,on+on,A3_short_compound(on+on 71%),活:◆水が(生きているかのように)勢いよく流れるさま、またその音、「活活(カツカツ)」、同「𣿛」「𣸅」◆(水しぶきが飛び散るように)生き生きとしたさま、動きが生き生; 気:◆中国古来の考えで、天地全ての事物の基本要素、目に見えず形状は一定しない、あらゆる事物の生死・盛衰などの変化・変動はこの「気」の移動・集散によるものと考えられた
kk_活用_かつよう,活用,かつよう,活:◆水が(生きているかのように)勢いよく流れるさま、またその音、「活活(カツカツ)」、同「𣿛」「𣸅」◆(水しぶきが飛び散るように)生き生きとしたさま、動きが生き生; 用:◆人や物、或いはその特性や能力を使う、また使ってあることを行う、また役立たせる◆働かせる、発揮させる、またそのために必要な特性・能力・金銭など◆以(もっ)て◆[,N2,on,on+on,,活:◆水が(生きているかのように)勢いよく流れるさま、またその音、「活活(カツカツ)」、同「𣿛」「𣸅」◆(水しぶきが飛び散るように)生き生きとしたさま、動きが生き生; 用:◆人や物、或いはその特性や能力を使う、また使ってあることを行う、また役立たせる◆働かせる、発揮させる、またそのために必要な特性・能力・金銭など◆以(もっ)て◆[
kk_活躍_かつやく,活躍,かつやく,活:◆水が(生きているかのように)勢いよく流れるさま、またその音、「活活(カツカツ)」、同「𣿛」「𣸅」◆(水しぶきが飛び散るように)生き生きとしたさま、動きが生き生; 躍:◆高く飛び上がり離れたところに降りる、高く跳(は)ね上がる、低く飛び上がり同じところに降りるのは「踊」、「【六書故:卷十六】大為躍小為踊躍去其所踊不離其所」◆飛,N2,on,on+on,B_verb_rad_足(kun 80%),活:◆水が(生きているかのように)勢いよく流れるさま、またその音、「活活(カツカツ)」、同「𣿛」「𣸅」◆(水しぶきが飛び散るように)生き生きとしたさま、動きが生き生; 躍:◆高く飛び上がり離れたところに降りる、高く跳(は)ね上がる、低く飛び上がり同じところに降りるのは「踊」、「【六書故:卷十六】大為躍小為踊躍去其所踊不離其所」◆飛
kk_派遣_はけん,派遣,はけん,派:◆本流から枝分かれした流れ◆本筋の流れ(本流、主流、本家)から分かれ出たもの◆本(もと)の一部を割(さ)いて、本とは違う場所・方向に向かわせる、「派遣(ハケン); 遣:◆人を行かせる、差し向ける、「派遣(ハケン)」◆追いやる、追い払う◆人や物を送る◆死者を葬(ほうむ)る際に共に埋葬する副葬品、「遣車(ケンシャ、副葬品を載せる車,N2,on,on+on,A3_short_compound(on+on 71%),派:◆本流から枝分かれした流れ◆本筋の流れ(本流、主流、本家)から分かれ出たもの◆本(もと)の一部を割(さ)いて、本とは違う場所・方向に向かわせる、「派遣(ハケン); 遣:◆人を行かせる、差し向ける、「派遣(ハケン)」◆追いやる、追い払う◆人や物を送る◆死者を葬(ほうむ)る際に共に埋葬する副葬品、「遣車(ケンシャ、副葬品を載せる車
kk_流出_りゅうしゅつ,流出,りゅうしゅつ,流:◆水などの液体やそこに浮かんだもの・水中にあるものが淀まずに移動する◆罰として遠くへ移動させる◆(川の流れのように)淀まずに伝わって行く◆分かれて逸(そ)れる◆; 出:◆範囲・領域・組織や区切り・境界の内(内側、内部、裏側、こちら側、私的なところ)から外(外側、外部、表側、向こう側、公のところ)に移る、また移す、外から内へ移る,N2,on,on+on,,流:◆水などの液体やそこに浮かんだもの・水中にあるものが淀まずに移動する◆罰として遠くへ移動させる◆(川の流れのように)淀まずに伝わって行く◆分かれて逸(そ)れる◆; 出:◆範囲・領域・組織や区切り・境界の内(内側、内部、裏側、こちら側、私的なところ)から外(外側、外部、表側、向こう側、公のところ)に移る、また移す、外から内へ移る
kk_流域_りゅういき,流域,りゅういき,流:◆水などの液体やそこに浮かんだもの・水中にあるものが淀まずに移動する◆罰として遠くへ移動させる◆(川の流れのように)淀まずに伝わって行く◆分かれて逸(そ)れる◆; 域:◆境界、区切り◆境界の内側、周りを囲った内側、範囲◆邦(くに)、領土、国土,N2,on,on+on,,流:◆水などの液体やそこに浮かんだもの・水中にあるものが淀まずに移動する◆罰として遠くへ移動させる◆(川の流れのように)淀まずに伝わって行く◆分かれて逸(そ)れる◆; 域:◆境界、区切り◆境界の内側、周りを囲った内側、範囲◆邦(くに)、領土、国土
kk_流行る_はやる,流行る,はやる,流:◆水などの液体やそこに浮かんだもの・水中にあるものが淀まずに移動する◆罰として遠くへ移動させる◆(川の流れのように)淀まずに伝わって行く◆分かれて逸(そ)れる◆; 行:◆左足を前に出し(彳)次に右足を前に出す(亍)、足を交互に動かして前に進む◆目的とするところに向かって進む◆遠くに出掛ける、旅に出る◆道、人が往来する道路、同「,N2,other,mixed+mixed~,IL1_okurigana(kun 96%) | A1_compound_oku(kun 90%) | A1_on_kun_mix(on+kun 65%),流:◆水などの液体やそこに浮かんだもの・水中にあるものが淀まずに移動する◆罰として遠くへ移動させる◆(川の流れのように)淀まずに伝わって行く◆分かれて逸(そ)れる◆; 行:◆左足を前に出し(彳)次に右足を前に出す(亍)、足を交互に動かして前に進む◆目的とするところに向かって進む◆遠くに出掛ける、旅に出る◆道、人が往来する道路、同「
kk_浜辺_はまべ,浜辺,はまべ,浜:◆(舟を停泊させたり航行させるための)小さな水路◆はま、水際、水が打ち寄せるぎりぎりの所、水際の陸地側、水際の近くの陸地、同「濱」◆「浜」は本来「小さな水路」の; 辺:◆境界、境目(さかいめ)、面状のものの区切りとなるところ、一般にはその先も同じような状態で続いているものの区切りとなるところを指す、そこで途切れその先がないもの,N2,kun,kun+kun~,A3_short_compound(on+on 71%),浜:◆(舟を停泊させたり航行させるための)小さな水路◆はま、水際、水が打ち寄せるぎりぎりの所、水際の陸地側、水際の近くの陸地、同「濱」◆「浜」は本来「小さな水路」の; 辺:◆境界、境目(さかいめ)、面状のものの区切りとなるところ、一般にはその先も同じような状態で続いているものの区切りとなるところを指す、そこで途切れその先がないもの
kk_浪費_ろうひ,浪費,ろうひ,浪:◆風が吹いて石にぶつかり噴(ふ)き上がる水、波、大波◆(波に揺られるように)あっちへ行きこっちへ来るするさま、ふらふらと当てがないさま、気儘(きまま)なさま; 費:◆金銭・品物・労力などを使う、時間・手間などがかかる◆ものなどを買うために用いる金銭、「費用(ヒヨウ)」◆使い減らす、「浪費(ロウヒ)」◆魯ロ国(前11世紀～前,N2,on,on+on,A3_short_compound(on+on 71%),浪:◆風が吹いて石にぶつかり噴(ふ)き上がる水、波、大波◆(波に揺られるように)あっちへ行きこっちへ来るするさま、ふらふらと当てがないさま、気儘(きまま)なさま; 費:◆金銭・品物・労力などを使う、時間・手間などがかかる◆ものなどを買うために用いる金銭、「費用(ヒヨウ)」◆使い減らす、「浪費(ロウヒ)」◆魯ロ国(前11世紀～前
kk_浮く_うく,浮く,うく,浮:◆水中にあるものが水面に出てくる、下にあるものが空中を上に移動する◆水面に留(とど)まる、空中に留まる、水面で水の流れのままに漂う、空中で空気の動き(風)のまま,N2,kun,kun,IL1_okurigana(kun 96%) | IL2_single_okuri(kun 96%),浮:◆水中にあるものが水面に出てくる、下にあるものが空中を上に移動する◆水面に留(とど)まる、空中に留まる、水面で水の流れのままに漂う、空中で空気の動き(風)のまま
kk_海抜_かいばつ,海抜,かいばつ,海:◆大地を取り囲むように広がる深く広大な水溜まり(みずたまり)、陸地内の大きな水溜まりは「湖」◆広く大きいさま◆たくさんのものが集まっているさま; 抜:◆多くの中で一部だけが見えているところを掴んで引っ張り出す◆多くの中から必要なもの或いは不必要なものを選んで取り出す◆多くの中でそこだけ(それだけ)が突き出てい,N2,on,on+on,B_verb_rad_手(kun 80%),海:◆大地を取り囲むように広がる深く広大な水溜まり(みずたまり)、陸地内の大きな水溜まりは「湖」◆広く大きいさま◆たくさんのものが集まっているさま; 抜:◆多くの中で一部だけが見えているところを掴んで引っ張り出す◆多くの中から必要なもの或いは不必要なものを選んで取り出す◆多くの中でそこだけ(それだけ)が突き出てい
kk_海水浴_かいすいよく,海水浴,かいすいよく,海:◆大地を取り囲むように広がる深く広大な水溜まり(みずたまり)、陸地内の大きな水溜まりは「湖」◆広く大きいさま◆たくさんのものが集まっているさま; 水:◆器などに入れると水平になる(器に合わせて形を変える)液体、液状のもの、酸素と水素からなる液体 H<sub>2</sub>O、(一般には人工的に他のものを加えて; 浴:◆水や湯に体を入れる、また入って体を洗う◆水や湯を上から体に掛ける◆身に受ける、蒙(こうむ)る,N2,on,on+on+on,A4_multi_on(on+on+on 65%),海:◆大地を取り囲むように広がる深く広大な水溜まり(みずたまり)、陸地内の大きな水溜まりは「湖」◆広く大きいさま◆たくさんのものが集まっているさま; 水:◆器などに入れると水平になる(器に合わせて形を変える)液体、液状のもの、酸素と水素からなる液体 H<sub>2</sub>O、(一般には人工的に他のものを加えて; 浴:◆水や湯に体を入れる、また入って体を洗う◆水や湯を上から体に掛ける◆身に受ける、蒙(こうむ)る
kk_海洋_かいよう,海洋,かいよう,海:◆大地を取り囲むように広がる深く広大な水溜まり(みずたまり)、陸地内の大きな水溜まりは「湖」◆広く大きいさま◆たくさんのものが集まっているさま; 洋:◆水がどこまでも広がっているさま◆広大な、広大な海◆外国、外国の、「海を隔てた向こうの国」の意,N2,on,on+on,,海:◆大地を取り囲むように広がる深く広大な水溜まり(みずたまり)、陸地内の大きな水溜まりは「湖」◆広く大きいさま◆たくさんのものが集まっているさま; 洋:◆水がどこまでも広がっているさま◆広大な、広大な海◆外国、外国の、「海を隔てた向こうの国」の意
kk_海賊版_かいぞくばん,海賊版,かいぞくばん,海:◆大地を取り囲むように広がる深く広大な水溜まり(みずたまり)、陸地内の大きな水溜まりは「湖」◆広く大きいさま◆たくさんのものが集まっているさま; 賊:◆人を脅(おびや)かす、傷付ける、危害を加える、またそのような者◆人を脅かして奪う、盗む、またそのような者、盗人(ぬすっと)◆他国を侵す、国に叛(そむ)く、また; 版:◆印刷する文字や絵などを彫(ほ)り込んだ板、同「板」◆印刷物用の板(版)に関する語、「出版(シュッパン、出版物の印刷が出来上がること、書籍・出版物を刊行すること,N2,on,mixed+on+on~,A4_multi_on(on+on+on 65%),海:◆大地を取り囲むように広がる深く広大な水溜まり(みずたまり)、陸地内の大きな水溜まりは「湖」◆広く大きいさま◆たくさんのものが集まっているさま; 賊:◆人を脅(おびや)かす、傷付ける、危害を加える、またそのような者◆人を脅かして奪う、盗む、またそのような者、盗人(ぬすっと)◆他国を侵す、国に叛(そむ)く、また; 版:◆印刷する文字や絵などを彫(ほ)り込んだ板、同「板」◆印刷物用の板(版)に関する語、「出版(シュッパン、出版物の印刷が出来上がること、書籍・出版物を刊行すること
kk_浸ける_つける,浸ける,つける,浸:◆ひた・す、ひた・る、液体の中にすっぽりと入れる、ものが水の中に隠れる、同「濅」◆し・みる、液体がじわじわと中に入り込む、滲(し)み込む、滲(し)み込ませる、同,N2,other,unknown,IL1_okurigana(kun 96%) | IL2_single_okuri(kun 96%),浸:◆ひた・す、ひた・る、液体の中にすっぽりと入れる、ものが水の中に隠れる、同「濅」◆し・みる、液体がじわじわと中に入り込む、滲(し)み込む、滲(し)み込ませる、同
kk_消え行く_きえゆく,消え行く,きえゆく,消:◆減る、少しずつ小さくなる、また少なくなる、また細くなる、またそのようにする◆次第に小さく(細く)なってやがて姿が見えなくなる、なくなる、後に何も残らない、また; 行:◆左足を前に出し(彳)次に右足を前に出す(亍)、足を交互に動かして前に進む◆目的とするところに向かって進む◆遠くに出掛ける、旅に出る◆道、人が往来する道路、同「,N2,kun,kun+kun~,IL1_okurigana(kun 96%) | A1_compound_oku(kun 90%) | A1_on_kun_mix(on+kun 65%),消:◆減る、少しずつ小さくなる、また少なくなる、また細くなる、またそのようにする◆次第に小さく(細く)なってやがて姿が見えなくなる、なくなる、後に何も残らない、また; 行:◆左足を前に出し(彳)次に右足を前に出す(亍)、足を交互に動かして前に進む◆目的とするところに向かって進む◆遠くに出掛ける、旅に出る◆道、人が往来する道路、同「
kk_消化_しょうか,消化,しょうか,消:◆減る、少しずつ小さくなる、また少なくなる、また細くなる、またそのようにする◆次第に小さく(細く)なってやがて姿が見えなくなる、なくなる、後に何も残らない、また; 化:◆性質・形状・状態などが元とは全く違ったものに変わる、まだ元の様子が分かる程度の変化は「変」◆他の影響を受けて、また時間を経ることによって考えや態度などが変わる,N2,on,on+on,A3_short_compound(on+on 71%),消:◆減る、少しずつ小さくなる、また少なくなる、また細くなる、またそのようにする◆次第に小さく(細く)なってやがて姿が見えなくなる、なくなる、後に何も残らない、また; 化:◆性質・形状・状態などが元とは全く違ったものに変わる、まだ元の様子が分かる程度の変化は「変」◆他の影響を受けて、また時間を経ることによって考えや態度などが変わる
kk_消息_しょうそく,消息,しょうそく,消:◆減る、少しずつ小さくなる、また少なくなる、また細くなる、またそのようにする◆次第に小さく(細く)なってやがて姿が見えなくなる、なくなる、後に何も残らない、また; 息:◆いき、口や鼻で吐いたり吸ったりする空気◆呼吸する、一度吐いて吸うことを「一息」という◆生きている◆止(や)む、鎮(しず)まる、落ち着く、同「熄」◆休む、休憩す,N2,on,on+on,,消:◆減る、少しずつ小さくなる、また少なくなる、また細くなる、またそのようにする◆次第に小さく(細く)なってやがて姿が見えなくなる、なくなる、後に何も残らない、また; 息:◆いき、口や鼻で吐いたり吸ったりする空気◆呼吸する、一度吐いて吸うことを「一息」という◆生きている◆止(や)む、鎮(しず)まる、落ち着く、同「熄」◆休む、休憩す
kk_消毒_しょうどく,消毒,しょうどく,消:◆減る、少しずつ小さくなる、また少なくなる、また細くなる、またそのようにする◆次第に小さく(細く)なってやがて姿が見えなくなる、なくなる、後に何も残らない、また; 毒:◆生命や健康に害を及ぼす、またそうしたもの◆禍(わざわい)や苦しみを齎(もたら)す、またそうしたもの◆酷(ひど)い,N2,on,on+on,,消:◆減る、少しずつ小さくなる、また少なくなる、また細くなる、またそのようにする◆次第に小さく(細く)なってやがて姿が見えなくなる、なくなる、後に何も残らない、また; 毒:◆生命や健康に害を及ぼす、またそうしたもの◆禍(わざわい)や苦しみを齎(もたら)す、またそうしたもの◆酷(ひど)い
kk_消耗_しょうもう,消耗,しょうもう,消:◆減る、少しずつ小さくなる、また少なくなる、また細くなる、またそのようにする◆次第に小さく(細く)なってやがて姿が見えなくなる、なくなる、後に何も残らない、また; 耗:◆繰返し使うことによって少しずつ小さくなる、また細る、また減る、また弱る、また衰(おとろ)える、同「消」「秏」◆便(たよ)り、消息(ショウソク),N2,on,on+on,,消:◆減る、少しずつ小さくなる、また少なくなる、また細くなる、またそのようにする◆次第に小さく(細く)なってやがて姿が見えなくなる、なくなる、後に何も残らない、また; 耗:◆繰返し使うことによって少しずつ小さくなる、また細る、また減る、また弱る、また衰(おとろ)える、同「消」「秏」◆便(たよ)り、消息(ショウソク)
kk_消防_しょうぼう,消防,しょうぼう,消:◆減る、少しずつ小さくなる、また少なくなる、また細くなる、またそのようにする◆次第に小さく(細く)なってやがて姿が見えなくなる、なくなる、後に何も残らない、また; 防:◆堤(つつみ)、水が溢(あふ)れ出てくることがないように或いは流れを変えるために土や石などを高く盛って遮(さえぎ)る、「堤防(テイボウ)」◆災害や危険などが及ば,N2,on,on+on,,消:◆減る、少しずつ小さくなる、また少なくなる、また細くなる、またそのようにする◆次第に小さく(細く)なってやがて姿が見えなくなる、なくなる、後に何も残らない、また; 防:◆堤(つつみ)、水が溢(あふ)れ出てくることがないように或いは流れを変えるために土や石などを高く盛って遮(さえぎ)る、「堤防(テイボウ)」◆災害や危険などが及ば
kk_涼む_すずむ,涼む,すずむ,涼:◆ひんやりする、気温が低い、やや冷たい、やや寒い◆もの寂(さび)しい◆対応が冷たい、情(ジョウ)が薄い、思い遣(や)りが欠ける◆五胡十六国時代の国名、中国西北部,N2,kun,kun,IL1_okurigana(kun 96%) | IL2_single_okuri(kun 96%),涼:◆ひんやりする、気温が低い、やや冷たい、やや寒い◆もの寂(さび)しい◆対応が冷たい、情(ジョウ)が薄い、思い遣(や)りが欠ける◆五胡十六国時代の国名、中国西北部
kk_淡水_たんすい,淡水,たんすい,淡:◆味や色などが薄い、殆ど味や色などがない◆(とろみがなく、こだわりがなく)さらっとしている、(濃厚でなく、粘り付くようなこともなく)あっさりしている; 水:◆器などに入れると水平になる(器に合わせて形を変える)液体、液状のもの、酸素と水素からなる液体 H<sub>2</sub>O、(一般には人工的に他のものを加えて,N2,on,on+on,,淡:◆味や色などが薄い、殆ど味や色などがない◆(とろみがなく、こだわりがなく)さらっとしている、(濃厚でなく、粘り付くようなこともなく)あっさりしている; 水:◆器などに入れると水平になる(器に合わせて形を変える)液体、液状のもの、酸素と水素からなる液体 H<sub>2</sub>O、(一般には人工的に他のものを加えて
kk_深夜_しんや,深夜,しんや,深:◆水面から底までの距離が大きい、入口から奥までが遠い、表面から内部に大きく入り込んでいる◆基準とする時や時間から長い時や時間が経(た)つ、「深夜(シンヤ)」「深; 夜:◆日没から日の出までの間、陽が沈んで暗い時間帯、日中は「昼」,N2,on,on+on,A3_short_compound(on+on 71%),深:◆水面から底までの距離が大きい、入口から奥までが遠い、表面から内部に大きく入り込んでいる◆基準とする時や時間から長い時や時間が経(た)つ、「深夜(シンヤ)」「深; 夜:◆日没から日の出までの間、陽が沈んで暗い時間帯、日中は「昼」
kk_混ざる/交ざる/雑ざる_まざる,混ざる/交ざる/雑ざる,まざる,"混:◆水が滾滾(コンコン、渾渾、混混)と湧き出る◆たくさんのもの(流れ出た水)が集まり一つになる、様々なもの或いは多くのものが寄せ集まり同化する、同化してそれぞれの; 交:◆形や状態などが""＋Ｘ""字形(交差する)ような形になるさま、違う方向から進んできたものが一点で出会うさま、交叉(コウサ)するさま、同「䢒」◆互いに行き来し合う、; 雑:◆それぞれの性質は保ったままいろいろな物が寄せ集まる、また入り交る、入り交って元の性質が失われるのは「混」◆入り交って纏(まと)まりがないさま、きちんと整ってい",N2,kun,kun+kun+kun~,IL1_okurigana(kun 96%) | A1_compound_oku(kun 90%) | A1_on_kun_mix(on+kun 65%),"混:◆水が滾滾(コンコン、渾渾、混混)と湧き出る◆たくさんのもの(流れ出た水)が集まり一つになる、様々なもの或いは多くのものが寄せ集まり同化する、同化してそれぞれの; 交:◆形や状態などが""＋Ｘ""字形(交差する)ような形になるさま、違う方向から進んできたものが一点で出会うさま、交叉(コウサ)するさま、同「䢒」◆互いに行き来し合う、; 雑:◆それぞれの性質は保ったままいろいろな物が寄せ集まる、また入り交る、入り交って元の性質が失われるのは「混」◆入り交って纏(まと)まりがないさま、きちんと整ってい"
kk_混合_こんごう,混合,こんごう,混:◆水が滾滾(コンコン、渾渾、混混)と湧き出る◆たくさんのもの(流れ出た水)が集まり一つになる、様々なもの或いは多くのものが寄せ集まり同化する、同化してそれぞれの; 合:◆人や物が集まって一緒になる、また一つになる◆幾つかのものを集め一緒にする、幾つかのものが集まり同じになる◆同じものを纏(まと)めた全体◆ぴったりと一致する、当,N2,on,on+on,,混:◆水が滾滾(コンコン、渾渾、混混)と湧き出る◆たくさんのもの(流れ出た水)が集まり一つになる、様々なもの或いは多くのものが寄せ集まり同化する、同化してそれぞれの; 合:◆人や物が集まって一緒になる、また一つになる◆幾つかのものを集め一緒にする、幾つかのものが集まり同じになる◆同じものを纏(まと)めた全体◆ぴったりと一致する、当
kk_混同_こんどう,混同,こんどう,混:◆水が滾滾(コンコン、渾渾、混混)と湧き出る◆たくさんのもの(流れ出た水)が集まり一つになる、様々なもの或いは多くのものが寄せ集まり同化する、同化してそれぞれの; 同:◆一所(ひとところ)に人が集まる、一緒になる◆意見や行動などを共にする◆一様なさま、揃っているさま◆～と等しい、～と共に◆「胡同(コドウ)」、町中を縦横に走る道,N2,on,on+on,,混:◆水が滾滾(コンコン、渾渾、混混)と湧き出る◆たくさんのもの(流れ出た水)が集まり一つになる、様々なもの或いは多くのものが寄せ集まり同化する、同化してそれぞれの; 同:◆一所(ひとところ)に人が集まる、一緒になる◆意見や行動などを共にする◆一様なさま、揃っているさま◆～と等しい、～と共に◆「胡同(コドウ)」、町中を縦横に走る道
kk_混雑_こんざつ,混雑,こんざつ,混:◆水が滾滾(コンコン、渾渾、混混)と湧き出る◆たくさんのもの(流れ出た水)が集まり一つになる、様々なもの或いは多くのものが寄せ集まり同化する、同化してそれぞれの; 雑:◆それぞれの性質は保ったままいろいろな物が寄せ集まる、また入り交る、入り交って元の性質が失われるのは「混」◆入り交って纏(まと)まりがないさま、きちんと整ってい,N2,on,on+on,,混:◆水が滾滾(コンコン、渾渾、混混)と湧き出る◆たくさんのもの(流れ出た水)が集まり一つになる、様々なもの或いは多くのものが寄せ集まり同化する、同化してそれぞれの; 雑:◆それぞれの性質は保ったままいろいろな物が寄せ集まる、また入り交る、入り交って元の性質が失われるのは「混」◆入り交って纏(まと)まりがないさま、きちんと整ってい
kk_清掃_せいそう,清掃,せいそう,清:◆水が青く澄みきっているさま、濁りや汚(けが)れがないさま◆曇りがないさま、すっきりしているさま、はっきりとしているさま◆私欲や邪心がないさま◆濁りや汚れを残さ; 掃:◆箒(ほうき)などで埃(ほこり)や塵(ちり)などを払(はら)う、また払ってきれいにする、同「埽」◆払い除(の)ける,N2,on,on+on,B_verb_rad_手(kun 80%),清:◆水が青く澄みきっているさま、濁りや汚(けが)れがないさま◆曇りがないさま、すっきりしているさま、はっきりとしているさま◆私欲や邪心がないさま◆濁りや汚れを残さ; 掃:◆箒(ほうき)などで埃(ほこり)や塵(ちり)などを払(はら)う、また払ってきれいにする、同「埽」◆払い除(の)ける
kk_清書_せいしょ,清書,せいしょ,清:◆水が青く澄みきっているさま、濁りや汚(けが)れがないさま◆曇りがないさま、すっきりしているさま、はっきりとしているさま◆私欲や邪心がないさま◆濁りや汚れを残さ; 書:◆文字を筆(聿)などで記(しる)す、著(あらわ)す、「書物(ショモツ)」「文書(ブンショ)」◆手紙、「書信(ショシン)」◆「書経(ショキョウ、別名尚書ショウショ,N2,on,on+on,A3_short_compound(on+on 71%),清:◆水が青く澄みきっているさま、濁りや汚(けが)れがないさま◆曇りがないさま、すっきりしているさま、はっきりとしているさま◆私欲や邪心がないさま◆濁りや汚れを残さ; 書:◆文字を筆(聿)などで記(しる)す、著(あらわ)す、「書物(ショモツ)」「文書(ブンショ)」◆手紙、「書信(ショシン)」◆「書経(ショキョウ、別名尚書ショウショ
kk_清潔_せいけつ,清潔,せいけつ,清:◆水が青く澄みきっているさま、濁りや汚(けが)れがないさま◆曇りがないさま、すっきりしているさま、はっきりとしているさま◆私欲や邪心がないさま◆濁りや汚れを残さ; 潔:◆清(きよ)い、澄(す)んでいる、穢(けが)れがない、またそのような水或いは川、同「洁」◆余計なものが混じっていない、すっきりしている◆余計なことにこだわらない,N2,on,on+on,,清:◆水が青く澄みきっているさま、濁りや汚(けが)れがないさま◆曇りがないさま、すっきりしているさま、はっきりとしているさま◆私欲や邪心がないさま◆濁りや汚れを残さ; 潔:◆清(きよ)い、澄(す)んでいる、穢(けが)れがない、またそのような水或いは川、同「洁」◆余計なものが混じっていない、すっきりしている◆余計なことにこだわらない
kk_済ませる_すませる,済ませる,すませる,済:◆(舟で)川を渡る◆(難所を、難事を)渡り切る、(互いに手を貸しあって)乗り切る◆手を貸して救い上げる、困っている人に手を貸して(足りないものを補い合って)みな,N2,kun,kun,IL1_okurigana(kun 96%) | IL2_single_okuri(kun 96%),済:◆(舟で)川を渡る◆(難所を、難事を)渡り切る、(互いに手を貸しあって)乗り切る◆手を貸して救い上げる、困っている人に手を貸して(足りないものを補い合って)みな
kk_温厚_おんこう,温厚,おんこう,温:◆熱くもなく冷たくもなく程よいさま、暖かなさま、また熱を加えてそのようにする◆穏やかなさま、柔和なさま◆(古く冷めてしまったものを温め直して)蘇(よみがえ)させ; 厚:◆平らで広がりのあるものの表面から裏面まで(前面から背面まで)の距離が大きい、またその大きさ◆深みがある、濃い◆重い、重みがある◆心配りが行き届いているさま、丁,N2,on,on+on,,温:◆熱くもなく冷たくもなく程よいさま、暖かなさま、また熱を加えてそのようにする◆穏やかなさま、柔和なさま◆(古く冷めてしまったものを温め直して)蘇(よみがえ)させ; 厚:◆平らで広がりのあるものの表面から裏面まで(前面から背面まで)の距離が大きい、またその大きさ◆深みがある、濃い◆重い、重みがある◆心配りが行き届いているさま、丁
kk_温室_おんしつ,温室,おんしつ,温:◆熱くもなく冷たくもなく程よいさま、暖かなさま、また熱を加えてそのようにする◆穏やかなさま、柔和なさま◆(古く冷めてしまったものを温め直して)蘇(よみがえ)させ; 室:◆奥の部屋、堂(ドウ、南側の広間)の後ろ(北側、北側中央)の部屋、家人が日常起居(キキョ)する部屋◆部屋、房間(ボウカン)、屋子(オクシ)◆家、住居、またそこで,N2,on,on+on,B_noun_rad_宀(kun 93%),温:◆熱くもなく冷たくもなく程よいさま、暖かなさま、また熱を加えてそのようにする◆穏やかなさま、柔和なさま◆(古く冷めてしまったものを温め直して)蘇(よみがえ)させ; 室:◆奥の部屋、堂(ドウ、南側の広間)の後ろ(北側、北側中央)の部屋、家人が日常起居(キキョ)する部屋◆部屋、房間(ボウカン)、屋子(オクシ)◆家、住居、またそこで
kk_温帯_おんたい,温帯,おんたい,温:◆熱くもなく冷たくもなく程よいさま、暖かなさま、また熱を加えてそのようにする◆穏やかなさま、柔和なさま◆(古く冷めてしまったものを温め直して)蘇(よみがえ)させ; 帯:◆衣服が開(はだ)けないように胸の下に辺りに巻いて結ぶ長く幅広の布、またそれを巻く ◆(帯に挟んだり、帯のように巻いたり結わえたりして)身に着ける、着用する◆(,N2,on,on+on,B_noun_rad_巾(kun 93%),温:◆熱くもなく冷たくもなく程よいさま、暖かなさま、また熱を加えてそのようにする◆穏やかなさま、柔和なさま◆(古く冷めてしまったものを温め直して)蘇(よみがえ)させ; 帯:◆衣服が開(はだ)けないように胸の下に辺りに巻いて結ぶ長く幅広の布、またそれを巻く ◆(帯に挟んだり、帯のように巻いたり結わえたりして)身に着ける、着用する◆(
kk_温暖_おんだん,温暖,おんだん,温:◆熱くもなく冷たくもなく程よいさま、暖かなさま、また熱を加えてそのようにする◆穏やかなさま、柔和なさま◆(古く冷めてしまったものを温め直して)蘇(よみがえ)させ; 暖:◆日光が当たってぽかぽかと暑くもなく寒くもなく程良いさま、穏(おだ)やかな陽気であるさま、同「㬉」「暄」、「温」は液体などが程よい温度であること、「煖」は火が当,N2,on,on+on,,温:◆熱くもなく冷たくもなく程よいさま、暖かなさま、また熱を加えてそのようにする◆穏やかなさま、柔和なさま◆(古く冷めてしまったものを温め直して)蘇(よみがえ)させ; 暖:◆日光が当たってぽかぽかと暑くもなく寒くもなく程良いさま、穏(おだ)やかな陽気であるさま、同「㬉」「暄」、「温」は液体などが程よい温度であること、「煖」は火が当
kk_測定_そくてい,測定,そくてい,測:◆物差(ものさし)や基準となるものを基(もと)にして深さ・高さ・長さなどの度合い(長短)を調べる、「測量(ソクリョウ)」◆経験や知識などを基に見当をつける、推(; 定:◆さだ・まる、動きや乱れが鎮(しず)まって変化・変動しない状態になる、平静になる、落ち着く、「鎮定(チンテイ)」◆さだ・める、動いたり揺らいだりしない状態にする,N2,on,on+on,B_noun_rad_宀(kun 93%),測:◆物差(ものさし)や基準となるものを基(もと)にして深さ・高さ・長さなどの度合い(長短)を調べる、「測量(ソクリョウ)」◆経験や知識などを基に見当をつける、推(; 定:◆さだ・まる、動きや乱れが鎮(しず)まって変化・変動しない状態になる、平静になる、落ち着く、「鎮定(チンテイ)」◆さだ・める、動いたり揺らいだりしない状態にする
kk_測量_そくりょう,測量,そくりょう,測:◆物差(ものさし)や基準となるものを基(もと)にして深さ・高さ・長さなどの度合い(長短)を調べる、「測量(ソクリョウ)」◆経験や知識などを基に見当をつける、推(; 量:◆容積(体積)またその軽重・大小の程度、またそれを計測する、またそれを計測するための容器 ◆ものの大きさや重さを推(お)し測る◆入れ物(いれもの)の大きさ、もの,N2,on,on+on,,測:◆物差(ものさし)や基準となるものを基(もと)にして深さ・高さ・長さなどの度合い(長短)を調べる、「測量(ソクリョウ)」◆経験や知識などを基に見当をつける、推(; 量:◆容積(体積)またその軽重・大小の程度、またそれを計測する、またそれを計測するための容器 ◆ものの大きさや重さを推(お)し測る◆入れ物(いれもの)の大きさ、もの
kk_湧く_わく,湧く,わく,湧:◆水が(勢いよく)噴(ふ)き出る、同「涌」◆(それまでなかったものが)現れ出る、同「涌」,N2,kun,kun,IL1_okurigana(kun 96%) | IL2_single_okuri(kun 96%),湧:◆水が(勢いよく)噴(ふ)き出る、同「涌」◆(それまでなかったものが)現れ出る、同「涌」
kk_湯気_ゆげ,湯気,ゆげ,湯:◆温かい水、熱い水、沸騰した水◆熱いスープsoup、スープ状のもの、「菜湯(サイタン)、野菜のスープ」「濃湯(ノウタン、ノンタン)、シチューstewなどのような; 気:◆中国古来の考えで、天地全ての事物の基本要素、目に見えず形状は一定しない、あらゆる事物の生死・盛衰などの変化・変動はこの「気」の移動・集散によるものと考えられた,N2,on,mixed+on~,A3_short_compound(on+on 71%),湯:◆温かい水、熱い水、沸騰した水◆熱いスープsoup、スープ状のもの、「菜湯(サイタン)、野菜のスープ」「濃湯(ノウタン、ノンタン)、シチューstewなどのような; 気:◆中国古来の考えで、天地全ての事物の基本要素、目に見えず形状は一定しない、あらゆる事物の生死・盛衰などの変化・変動はこの「気」の移動・集散によるものと考えられた
kk_湯飲み/湯呑み_ゆのみ,湯飲み/湯呑み,ゆのみ,湯:◆温かい水、熱い水、沸騰した水◆熱いスープsoup、スープ状のもの、「菜湯(サイタン)、野菜のスープ」「濃湯(ノウタン、ノンタン)、シチューstewなどのような; 飲:◆液状のもの(水・酒・汁など)を口に入れ噛(か)まずに嚥下(エンカ、エンゲ、咽下)する、またそのようにして体に取り入れる水・酒・汁など、同「㱃」、噛(か)んで胃; 湯:◆温かい水、熱い水、沸騰した水◆熱いスープsoup、スープ状のもの、「菜湯(サイタン)、野菜のスープ」「濃湯(ノウタン、ノンタン)、シチューstewなどのような,N2,kun,kun+kun+kun+kun~,IL1_okurigana(kun 96%) | A1_compound_oku(kun 90%) | A1_on_kun_mix(on+kun 65%),湯:◆温かい水、熱い水、沸騰した水◆熱いスープsoup、スープ状のもの、「菜湯(サイタン)、野菜のスープ」「濃湯(ノウタン、ノンタン)、シチューstewなどのような; 飲:◆液状のもの(水・酒・汁など)を口に入れ噛(か)まずに嚥下(エンカ、エンゲ、咽下)する、またそのようにして体に取り入れる水・酒・汁など、同「㱃」、噛(か)んで胃; 湯:◆温かい水、熱い水、沸騰した水◆熱いスープsoup、スープ状のもの、「菜湯(サイタン)、野菜のスープ」「濃湯(ノウタン、ノンタン)、シチューstewなどのような
kk_湿る_しめる,湿る,しめる,湿:◆僅かに水分(液体)を含んでいるさま、水気を帯びる、水気を含んでいるが水が滲み出るほどではない状態を指す,N2,kun,kun,IL1_okurigana(kun 96%) | IL2_single_okuri(kun 96%),湿:◆僅かに水分(液体)を含んでいるさま、水気を帯びる、水気を含んでいるが水が滲み出るほどではない状態を指す
kk_湿気_しっけ,湿気,しっけ,湿:◆僅かに水分(液体)を含んでいるさま、水気を帯びる、水気を含んでいるが水が滲み出るほどではない状態を指す; 気:◆中国古来の考えで、天地全ての事物の基本要素、目に見えず形状は一定しない、あらゆる事物の生死・盛衰などの変化・変動はこの「気」の移動・集散によるものと考えられた,N2,on,on+on,A3_short_compound(on+on 71%),湿:◆僅かに水分(液体)を含んでいるさま、水気を帯びる、水気を含んでいるが水が滲み出るほどではない状態を指す; 気:◆中国古来の考えで、天地全ての事物の基本要素、目に見えず形状は一定しない、あらゆる事物の生死・盛衰などの変化・変動はこの「気」の移動・集散によるものと考えられた
kk_満たす_みたす,満たす,みたす,満:◆余すところなく一杯になる、これ以上は(それ以上は)入らなくなる、また一杯にする◆ぎっしりと詰まる、また詰める、隙間(すきま)なく埋(う)まる、また埋める、「充,N2,kun,kun,IL1_okurigana(kun 96%) | IL2_single_okuri(kun 96%),満:◆余すところなく一杯になる、これ以上は(それ以上は)入らなくなる、また一杯にする◆ぎっしりと詰まる、また詰める、隙間(すきま)なく埋(う)まる、また埋める、「充
kk_満ちる_みちる,満ちる,みちる,満:◆余すところなく一杯になる、これ以上は(それ以上は)入らなくなる、また一杯にする◆ぎっしりと詰まる、また詰める、隙間(すきま)なく埋(う)まる、また埋める、「充,N2,kun,kun,IL1_okurigana(kun 96%) | IL2_single_okuri(kun 96%),満:◆余すところなく一杯になる、これ以上は(それ以上は)入らなくなる、また一杯にする◆ぎっしりと詰まる、また詰める、隙間(すきま)なく埋(う)まる、また埋める、「充
kk_満～_まん～,満～,まん～,満:◆余すところなく一杯になる、これ以上は(それ以上は)入らなくなる、また一杯にする◆ぎっしりと詰まる、また詰める、隙間(すきま)なく埋(う)まる、また埋める、「充,N2,on,on,IL2_single_default(kun 84%),満:◆余すところなく一杯になる、これ以上は(それ以上は)入らなくなる、また一杯にする◆ぎっしりと詰まる、また詰める、隙間(すきま)なく埋(う)まる、また埋める、「充
kk_準～_じゅん～,準～,じゅん～,準:◆水平にする、均(なら)す◆水平かどうかを調べる道具、「水準器(スイジュンキ)」◆平(たいら)らな、公平な◆手本として倣(なら)うべきもの、物事の尺度となるもの,N2,on,on,IL2_single_default(kun 84%),準:◆水平にする、均(なら)す◆水平かどうかを調べる道具、「水準器(スイジュンキ)」◆平(たいら)らな、公平な◆手本として倣(なら)うべきもの、物事の尺度となるもの
kk_溢れる_あふれる,溢れる,あふれる,溢:◆一杯になってもうそれ以上は収(おさ)まらなくなる、入り切らずに零(こぼ)れ出る◆過大な、過ぎる◆満ちる、一杯になる◆齊国(周代から春秋・戦国代にあった国名)の,N2,kun,kun,IL1_okurigana(kun 96%) | IL2_single_okuri(kun 96%),溢:◆一杯になってもうそれ以上は収(おさ)まらなくなる、入り切らずに零(こぼ)れ出る◆過大な、過ぎる◆満ちる、一杯になる◆齊国(周代から春秋・戦国代にあった国名)の
kk_溶け込む_とけこむ,溶け込む,とけこむ,溶:◆固体が(液体に混じり込んで)液状になる◆「溶然(ヨウゼン)」、ゆったりとしたさま◆「溶溶(ヨウヨウ)」、水が満ちているさま、水がゆったりと流れるさま; 込:◆[日]中に(内に、裏に、見えないところに)入(はい)る、入(い)れる,N2,kun,kun+kun~,IL1_okurigana(kun 96%) | A1_compound_oku(kun 90%) | A1_on_kun_mix(on+kun 65%),溶:◆固体が(液体に混じり込んで)液状になる◆「溶然(ヨウゼン)」、ゆったりとしたさま◆「溶溶(ヨウヨウ)」、水が満ちているさま、水がゆったりと流れるさま; 込:◆[日]中に(内に、裏に、見えないところに)入(はい)る、入(い)れる
kk_溶岩_ようがん,溶岩,ようがん,溶:◆固体が(液体に混じり込んで)液状になる◆「溶然(ヨウゼン)」、ゆったりとしたさま◆「溶溶(ヨウヨウ)」、水が満ちているさま、水がゆったりと流れるさま; 岩:◆山のように高く聳(そび)える石、ごつごつした大きな石、同「巖」,N2,on,on+on,,溶:◆固体が(液体に混じり込んで)液状になる◆「溶然(ヨウゼン)」、ゆったりとしたさま◆「溶溶(ヨウヨウ)」、水が満ちているさま、水がゆったりと流れるさま; 岩:◆山のように高く聳(そび)える石、ごつごつした大きな石、同「巖」
kk_溺れる_おぼれる,溺れる,おぼれる,溺:◆水中に沈(しず)む、没(ボッ)する、同「㲻」◆沈んで水から抜け出せなくなる◆節度を忘れて物事に耽(ふけ)る、また心を奪われそこから抜け出せなくなる◆尿(ニョウ,N2,kun,kun,IL1_okurigana(kun 96%) | IL2_single_okuri(kun 96%),溺:◆水中に沈(しず)む、没(ボッ)する、同「㲻」◆沈んで水から抜け出せなくなる◆節度を忘れて物事に耽(ふけ)る、また心を奪われそこから抜け出せなくなる◆尿(ニョウ
kk_滅多に_めったに,滅多に,めったに,滅:◆火や明かりが消える、消える、尽きる、なくなる、同「烕」「𤇳」◆消す、なくする、退治する、同「烕」; 多:◆数や度量(ドリョウ、ものの多少・軽重・長短・高低・深浅・強弱など)が、あるべき(必要とする)数や度量より大きい、また余りある、またそれを超えている、少ないのは,N2,on,on+on~,IL1_okurigana(kun 96%) | A1_compound_oku(kun 90%) | A1_on_kun_mix(on+kun 65%),滅:◆火や明かりが消える、消える、尽きる、なくなる、同「烕」「𤇳」◆消す、なくする、退治する、同「烕」; 多:◆数や度量(ドリョウ、ものの多少・軽重・長短・高低・深浅・強弱など)が、あるべき(必要とする)数や度量より大きい、また余りある、またそれを超えている、少ないのは
kk_滅茶滅茶_めちゃめちゃ,滅茶滅茶,めちゃめちゃ,滅:◆火や明かりが消える、消える、尽きる、なくなる、同「烕」「𤇳」◆消す、なくする、退治する、同「烕」; 茶:◆チャ(茶)、チャノキ(茶の木)、ツバキ科ツバキ属の木 ◆チャノキの若葉を摘(つ)み煎(せん)じて飲料用に加工したもの、遅い時期に摘み取った茶葉を使ったものは「; 滅:◆火や明かりが消える、消える、尽きる、なくなる、同「烕」「𤇳」◆消す、なくする、退治する、同「烕」,N2,on,on+on+on+on~,A4_multi_on(on+on+on+on 65%),滅:◆火や明かりが消える、消える、尽きる、なくなる、同「烕」「𤇳」◆消す、なくする、退治する、同「烕」; 茶:◆チャ(茶)、チャノキ(茶の木)、ツバキ科ツバキ属の木 ◆チャノキの若葉を摘(つ)み煎(せん)じて飲料用に加工したもの、遅い時期に摘み取った茶葉を使ったものは「; 滅:◆火や明かりが消える、消える、尽きる、なくなる、同「烕」「𤇳」◆消す、なくする、退治する、同「烕」
kk_滝_たき,滝,たき,滝:◆水の流れが速いさま、急流、早瀬(はやせ)◆[日]高い所から川のように流れ落ちる水,N2,kun,kun,IL2_single_default(kun 84%),滝:◆水の流れが速いさま、急流、早瀬(はやせ)◆[日]高い所から川のように流れ落ちる水
kk_漁師_りょうし,漁師,りょうし,"漁:◆あちこち探し回って魚や貝を捕(と)る◆目ぼしいものあちこちと探し回る; 師:◆兵士数を基にした軍隊の規模の単位、軍隊、周朝(シュウ、西周、前11世紀～前771年)では2,500人を単位とした、「【周禮:卷第三:地官司徒】乃會萬民之卒伍而",N2,on,on+on,A3_short_compound(on+on 71%) | B_noun_rad_巾(kun 93%),"漁:◆あちこち探し回って魚や貝を捕(と)る◆目ぼしいものあちこちと探し回る; 師:◆兵士数を基にした軍隊の規模の単位、軍隊、周朝(シュウ、西周、前11世紀～前771年)では2,500人を単位とした、「【周禮:卷第三:地官司徒】乃會萬民之卒伍而"
kk_漁業_ぎょぎょう,漁業,ぎょぎょう,漁:◆あちこち探し回って魚や貝を捕(と)る◆目ぼしいものあちこちと探し回る; 業:◆鍾(ショウ)や磬(ケイ)などの打楽器を吊るすための横木(筍)の上の横板、吊るした楽器の位置が演奏中にずれないように凹みや突起がついていたという、「业」はそれを,N2,on,on+on,A3_short_compound(on+on 71%) | B_noun_rad_木(kun 93%),漁:◆あちこち探し回って魚や貝を捕(と)る◆目ぼしいものあちこちと探し回る; 業:◆鍾(ショウ)や磬(ケイ)などの打楽器を吊るすための横木(筍)の上の横板、吊るした楽器の位置が演奏中にずれないように凹みや突起がついていたという、「业」はそれを
kk_演劇_えんげき,演劇,えんげき,演:◆水がどこまでも伸びて流れる、「涴演(エンエン、川が曲がりくねりながら延々エンエンと流れるさま)」◆広げる、行(ゆ)き渡(わた)らせる◆元(もと)となるもの・元; 劇:◆激しい、烈(はげ)しい、甚(はなは)だしい◆忙(せわ)しい、目まぐるしい◆舞踊や芝居、同「戯」,N2,on,on+on,B_verb_rad_刀(kun 80%),演:◆水がどこまでも伸びて流れる、「涴演(エンエン、川が曲がりくねりながら延々エンエンと流れるさま)」◆広げる、行(ゆ)き渡(わた)らせる◆元(もと)となるもの・元; 劇:◆激しい、烈(はげ)しい、甚(はなは)だしい◆忙(せわ)しい、目まぐるしい◆舞踊や芝居、同「戯」
kk_演技_えんぎ,演技,えんぎ,演:◆水がどこまでも伸びて流れる、「涴演(エンエン、川が曲がりくねりながら延々エンエンと流れるさま)」◆広げる、行(ゆ)き渡(わた)らせる◆元(もと)となるもの・元; 技:◆手足を使い巧(たく)みに物を作る或いは操(あやつ)る、またその能力や方法◆藝(ゲイ、芸術、技芸)、巧みに演(エン)ずる、またその能力や方法,N2,on,on+on,A3_short_compound(on+on 71%) | B_verb_rad_手(kun 80%),演:◆水がどこまでも伸びて流れる、「涴演(エンエン、川が曲がりくねりながら延々エンエンと流れるさま)」◆広げる、行(ゆ)き渡(わた)らせる◆元(もと)となるもの・元; 技:◆手足を使い巧(たく)みに物を作る或いは操(あやつ)る、またその能力や方法◆藝(ゲイ、芸術、技芸)、巧みに演(エン)ずる、またその能力や方法
kk_演習_えんしゅう,演習,えんしゅう,演:◆水がどこまでも伸びて流れる、「涴演(エンエン、川が曲がりくねりながら延々エンエンと流れるさま)」◆広げる、行(ゆ)き渡(わた)らせる◆元(もと)となるもの・元; 習:◆何度も繰り返す、何度も繰り返すことによって身に付ける、同「慣」◆なら・わし、繰り返されることで身に付いたこと、普段から繰り返し行われること、同「慣」,N2,on,on+on,,演:◆水がどこまでも伸びて流れる、「涴演(エンエン、川が曲がりくねりながら延々エンエンと流れるさま)」◆広げる、行(ゆ)き渡(わた)らせる◆元(もと)となるもの・元; 習:◆何度も繰り返す、何度も繰り返すことによって身に付ける、同「慣」◆なら・わし、繰り返されることで身に付いたこと、普段から繰り返し行われること、同「慣」
kk_演説_えんぜつ,演説,えんぜつ,演:◆水がどこまでも伸びて流れる、「涴演(エンエン、川が曲がりくねりながら延々エンエンと流れるさま)」◆広げる、行(ゆ)き渡(わた)らせる◆元(もと)となるもの・元; 説:◆解き明かす、解釈する、またそれを言葉にしたもの◆あることに対する意見◆意味することが分かるように順序立てて話す,N2,on,on+mixed~,B_verb_rad_言(kun 80%),演:◆水がどこまでも伸びて流れる、「涴演(エンエン、川が曲がりくねりながら延々エンエンと流れるさま)」◆広げる、行(ゆ)き渡(わた)らせる◆元(もと)となるもの・元; 説:◆解き明かす、解釈する、またそれを言葉にしたもの◆あることに対する意見◆意味することが分かるように順序立てて話す
kk_漕ぐ_こぐ,漕ぐ,こぐ,漕:◆舟でもの(物や人)を運ぶ、「漕運(ソウウン)」◆水運用の水路、「漕渠(ソウキョ)」「漕河(ソウガ)」◆「漕船(ソウセン)」、水運用の船◆[日]こ・ぐ、舟を進め,N2,kun,kun,IL1_okurigana(kun 96%) | IL2_single_okuri(kun 96%),漕:◆舟でもの(物や人)を運ぶ、「漕運(ソウウン)」◆水運用の水路、「漕渠(ソウキョ)」「漕河(ソウガ)」◆「漕船(ソウセン)」、水運用の船◆[日]こ・ぐ、舟を進め
kk_潜る_くぐる,潜る,くぐる,潜:◆全体が水面より下に深く沈む、また沈んで見えなくなる◆ものの中に入り込む、また入り込んで見えなくなる◆隠れる、人に気付かれないようにする、密かに,N2,other,unknown,IL1_okurigana(kun 96%) | IL2_single_okuri(kun 96%),潜:◆全体が水面より下に深く沈む、また沈んで見えなくなる◆ものの中に入り込む、また入り込んで見えなくなる◆隠れる、人に気付かれないようにする、密かに
kk_潜る_もぐる,潜る,もぐる,潜:◆全体が水面より下に深く沈む、また沈んで見えなくなる◆ものの中に入り込む、また入り込んで見えなくなる◆隠れる、人に気付かれないようにする、密かに,N2,kun,kun,IL1_okurigana(kun 96%) | IL2_single_okuri(kun 96%),潜:◆全体が水面より下に深く沈む、また沈んで見えなくなる◆ものの中に入り込む、また入り込んで見えなくなる◆隠れる、人に気付かれないようにする、密かに
kk_澄む/清む_すむ,澄む/清む,すむ,澄:◆泥などの汚(よご)れが沈んで水が透(す)き通る、同「澂」「瀓」; 清:◆水が青く澄みきっているさま、濁りや汚(けが)れがないさま◆曇りがないさま、すっきりしているさま、はっきりとしているさま◆私欲や邪心がないさま◆濁りや汚れを残さ,N2,other,mixed+mixed~,IL1_okurigana(kun 96%) | A1_compound_oku(kun 90%) | A1_on_kun_mix(on+kun 65%),澄:◆泥などの汚(よご)れが沈んで水が透(す)き通る、同「澂」「瀓」; 清:◆水が青く澄みきっているさま、濁りや汚(けが)れがないさま◆曇りがないさま、すっきりしているさま、はっきりとしているさま◆私欲や邪心がないさま◆濁りや汚れを残さ
kk_激増_げきぞう,激増,げきぞう,激:◆水が岩などに当たりしぶきとなって高く飛び散るさま◆勢いが強いさま、猛烈なさま◆強く人の心を揺さぶるさま; 増:◆同質のものが積み重(かさ)なる、また繰り返される、同「曾」「層」◆付け加わる、大きくなる、多くなる,N2,on,on+on,,激:◆水が岩などに当たりしぶきとなって高く飛び散るさま◆勢いが強いさま、猛烈なさま◆強く人の心を揺さぶるさま; 増:◆同質のものが積み重(かさ)なる、また繰り返される、同「曾」「層」◆付け加わる、大きくなる、多くなる
kk_激安_げきやす,激安,げきやす,激:◆水が岩などに当たりしぶきとなって高く飛び散るさま◆勢いが強いさま、猛烈なさま◆強く人の心を揺さぶるさま; 安:◆心を乱すものも体を縛るものもなく穏(おだ)やかなさま、気に掛かるようなことがなくゆったりとしたさま◆揺(ゆ)らぎや乱れがないさま、落ち着くさま◆いずく・んぞ、,N2,mixed,on+kun~,B_noun_rad_宀(kun 93%),激:◆水が岩などに当たりしぶきとなって高く飛び散るさま◆勢いが強いさま、猛烈なさま◆強く人の心を揺さぶるさま; 安:◆心を乱すものも体を縛るものもなく穏(おだ)やかなさま、気に掛かるようなことがなくゆったりとしたさま◆揺(ゆ)らぎや乱れがないさま、落ち着くさま◆いずく・んぞ、
kk_濁る_にごる,濁る,にごる,濁:◆水に泥などが混じる、他のものが混じって本来の色・形・状態などではなくなる◆汚(きたな)くなる、穢(けが)れる、乱れる◆[日]すっきりしないさま、はっきりとしな,N2,kun,kun,IL1_okurigana(kun 96%) | IL2_single_okuri(kun 96%),濁:◆水に泥などが混じる、他のものが混じって本来の色・形・状態などではなくなる◆汚(きたな)くなる、穢(けが)れる、乱れる◆[日]すっきりしないさま、はっきりとしな
kk_濃度_のうど,濃度,のうど,濃:◆露(つゆ)や霧(きり)などの水滴が多いさま、「濃濃(ノウノウ)」、同「𩅽」◆味や色などが深い◆密度が高い◆淡くない、薄くない; 度:◆長さを測(はか)る際に基準となる物差し(ものさし)、またその目盛(めもり)、「度量(ドリョウ、長さと容量、人の言動をどの程度容認できるかの大きさ)」「法度(ハ,N2,on,on+on,A3_short_compound(on+on 71%) | B_noun_rad_广(kun 93%),濃:◆露(つゆ)や霧(きり)などの水滴が多いさま、「濃濃(ノウノウ)」、同「𩅽」◆味や色などが深い◆密度が高い◆淡くない、薄くない; 度:◆長さを測(はか)る際に基準となる物差し(ものさし)、またその目盛(めもり)、「度量(ドリョウ、長さと容量、人の言動をどの程度容認できるかの大きさ)」「法度(ハ
kk_濡らす_ぬらす,濡らす,ぬらす,濡:◆ものの表面に水や水滴が付く◆水が染(し)み込む、水分を含んで柔らかい、しっとりする◆滞(とどこお)る,N2,kun,kun,IL1_okurigana(kun 96%) | IL2_single_okuri(kun 96%),濡:◆ものの表面に水や水滴が付く◆水が染(し)み込む、水分を含んで柔らかい、しっとりする◆滞(とどこお)る
kk_瀬戸物_せともの,瀬戸物,せともの,瀬:◆水底に砂や石が堆積して浅くなったところ、同「磧」、「浅瀬(あさせ)」◆川や海の浅くなって流れが速いところ、同「湍」、「早瀬(はやせ)」◆[日]立場、場所; 戸:◆開閉ができる外と内の仕切り、家や部屋の出入り口の片開きの扉、門内の建物の出入り口の扉、同「㦿」「𣥘」、大きな建物の出入り口の両開きの扉は「扉」、「【康熙字典:; 物:◆(天地の間に存在する)人以外の形のあるもの、人は「者」、形のないものは「事」,N2,kun,kun+kun+kun~,A4_multi_on(on+on+on 65%) | B_noun_rad_牛(kun 93%),瀬:◆水底に砂や石が堆積して浅くなったところ、同「磧」、「浅瀬(あさせ)」◆川や海の浅くなって流れが速いところ、同「湍」、「早瀬(はやせ)」◆[日]立場、場所; 戸:◆開閉ができる外と内の仕切り、家や部屋の出入り口の片開きの扉、門内の建物の出入り口の扉、同「㦿」「𣥘」、大きな建物の出入り口の両開きの扉は「扉」、「【康熙字典:; 物:◆(天地の間に存在する)人以外の形のあるもの、人は「者」、形のないものは「事」
kk_火口_かこう,火口,かこう,火:◆ものが燃える時に発生する光や色や炎や熱など◆ものが赤々と燃える、また焼く◆(火が勢いよく燃えるように、また顔を紅潮させて)怒る、(火が弾けるように)突然怒り出; 口:◆動物の食べたり声を発したりするための器官◆ものが出入りするために空(あ)けた(空いた)ところ、(口のように)全体の内の一部空いたところ◆言葉、言葉を発する、語,N2,on,on+on,A3_short_compound(on+on 71%),火:◆ものが燃える時に発生する光や色や炎や熱など◆ものが赤々と燃える、また焼く◆(火が勢いよく燃えるように、また顔を紅潮させて)怒る、(火が弾けるように)突然怒り出; 口:◆動物の食べたり声を発したりするための器官◆ものが出入りするために空(あ)けた(空いた)ところ、(口のように)全体の内の一部空いたところ◆言葉、言葉を発する、語
kk_火燵_こたつ,火燵,こたつ,火:◆ものが燃える時に発生する光や色や炎や熱など◆ものが赤々と燃える、また焼く◆(火が勢いよく燃えるように、また顔を紅潮させて)怒る、(火が弾けるように)突然怒り出; 燵:◆[日]「炬燵(こたつ)」、同「火燵」、櫓(やぐら)を組み中に火種を入れ布団などをかぶせた暖房具,N2,kun,mixed+kun~,A3_short_compound(on+on 71%),火:◆ものが燃える時に発生する光や色や炎や熱など◆ものが赤々と燃える、また焼く◆(火が勢いよく燃えるように、また顔を紅潮させて)怒る、(火が弾けるように)突然怒り出; 燵:◆[日]「炬燵(こたつ)」、同「火燵」、櫓(やぐら)を組み中に火種を入れ布団などをかぶせた暖房具
kk_灯_ひ,灯,ひ,灯:◆火、烈(はげ)しく燃える火◆高く掲げ暗闇を照らす明かり、明かりを灯(とも)すため照明具、同繁「燈」、本来「灯」には「明かり(燈)」の意はなく「火、烈火」の意だ,N2,kun,kun,IL2_single_default(kun 84%),灯:◆火、烈(はげ)しく燃える火◆高く掲げ暗闇を照らす明かり、明かりを灯(とも)すため照明具、同繁「燈」、本来「灯」には「明かり(燈)」の意はなく「火、烈火」の意だ
kk_灯台_とうだい,灯台,とうだい,灯:◆火、烈(はげ)しく燃える火◆高く掲げ暗闇を照らす明かり、明かりを灯(とも)すため照明具、同繁「燈」、本来「灯」には「明かり(燈)」の意はなく「火、烈火」の意だ; 台:◆我(われ)、自分を指す語、同「吾」「余」「予」◆「三台星(サンタイセイ)、三台(サンタイ)」、紫微垣(シビエン、天の北極を中心とした区画で天帝が住むとされた、,N2,on,on+on,,灯:◆火、烈(はげ)しく燃える火◆高く掲げ暗闇を照らす明かり、明かりを灯(とも)すため照明具、同繁「燈」、本来「灯」には「明かり(燈)」の意はなく「火、烈火」の意だ; 台:◆我(われ)、自分を指す語、同「吾」「余」「予」◆「三台星(サンタイセイ)、三台(サンタイ)」、紫微垣(シビエン、天の北極を中心とした区画で天帝が住むとされた、
kk_灯油_とうゆ,灯油,とうゆ,灯:◆火、烈(はげ)しく燃える火◆高く掲げ暗闇を照らす明かり、明かりを灯(とも)すため照明具、同繁「燈」、本来「灯」には「明かり(燈)」の意はなく「火、烈火」の意だ; 油:◆粘性の高い可燃性の液体、「石油(セキユ)」◆膏(コウ、あぶら)、脂肪(シボウ)◆光沢(コウタク)、艶(つや)、同「𥑤」◆ゆったりとしたさま,N2,on,on+on,A3_short_compound(on+on 71%),灯:◆火、烈(はげ)しく燃える火◆高く掲げ暗闇を照らす明かり、明かりを灯(とも)すため照明具、同繁「燈」、本来「灯」には「明かり(燈)」の意はなく「火、烈火」の意だ; 油:◆粘性の高い可燃性の液体、「石油(セキユ)」◆膏(コウ、あぶら)、脂肪(シボウ)◆光沢(コウタク)、艶(つや)、同「𥑤」◆ゆったりとしたさま
kk_灰_はい,灰,はい,灰:◆ものが燃え尽(つ)きて再び燃やすことができない状態のもの、再び燃やすことができるものは「炭」◆ものを高温で燃やし尽くした後に残ったものの色、黒と白の中間の色◆,N2,kun,kun,IL2_single_default(kun 84%),灰:◆ものが燃え尽(つ)きて再び燃やすことができない状態のもの、再び燃やすことができるものは「炭」◆ものを高温で燃やし尽くした後に残ったものの色、黒と白の中間の色◆
kk_災い_わざわい,災い,わざわい,災:◆大雨・洪水・旱(ひでり)・大風や地震・火事・疫病など天が齎(もたら)す禍(わざわい)◆人に困難や不幸を齎す出来事,N2,kun,kun,IL1_okurigana(kun 96%) | IL2_single_okuri(kun 96%),災:◆大雨・洪水・旱(ひでり)・大風や地震・火事・疫病など天が齎(もたら)す禍(わざわい)◆人に困難や不幸を齎す出来事
kk_炊く_たく,炊く,たく,炊:◆吹いて火を起こす、火を起こし食べ物に熱を加える、米を水に浸し熱を加えて柔らかくする◆食事の仕度をする,N2,kun,kun,IL1_okurigana(kun 96%) | IL2_single_okuri(kun 96%),炊:◆吹いて火を起こす、火を起こし食べ物に熱を加える、米を水に浸し熱を加えて柔らかくする◆食事の仕度をする
kk_炊事_すいじ,炊事,すいじ,炊:◆吹いて火を起こす、火を起こし食べ物に熱を加える、米を水に浸し熱を加えて柔らかくする◆食事の仕度をする; 事:◆こと、動作・現象・状態など形のないものを指す語、形のあるものは「物」、「事情(ジジョウ、ことの様子)」「無事(ブジ、何事もないさま)」◆職(ショク)、仕事や役,N2,on,on+on,A3_short_compound(on+on 71%),炊:◆吹いて火を起こす、火を起こし食べ物に熱を加える、米を水に浸し熱を加えて柔らかくする◆食事の仕度をする; 事:◆こと、動作・現象・状態など形のないものを指す語、形のあるものは「物」、「事情(ジジョウ、ことの様子)」「無事(ブジ、何事もないさま)」◆職(ショク)、仕事や役
kk_炎_ほのお,炎,ほのお,炎:◆ものが燃(も)えて明るく赤く立ち昇る部分、「火」は「ものが燃えた時に発生する光や色や炎や熱など」を総じたもの◆火が激しく燃え上がる、(炎のように)勢いよく盛ん,N2,kun,kun,IL2_single_default(kun 84%),炎:◆ものが燃(も)えて明るく赤く立ち昇る部分、「火」は「ものが燃えた時に発生する光や色や炎や熱など」を総じたもの◆火が激しく燃え上がる、(炎のように)勢いよく盛ん
kk_炒る/煎る_いる,炒る/煎る,いる,炒:◆鍋などに油を引き食材を入れて掻(か)き混ぜがら熱を加える、基本的にはじっくりと時間をかけて食材に火を通することではなく高温でさっと火を通すこと、「煎」参照; 煎:◆全体に熱を加え(食材の)水分を飛ばす、(食材の)水分がなくなるまで熱する、一般に油は使わないか或いは焦げ付かない程度の少量で熱を加える、「炒」参照◆水に食材や,N2,kun,kun+kun~,IL1_okurigana(kun 96%) | A1_compound_oku(kun 90%) | A1_on_kun_mix(on+kun 65%),炒:◆鍋などに油を引き食材を入れて掻(か)き混ぜがら熱を加える、基本的にはじっくりと時間をかけて食材に火を通することではなく高温でさっと火を通すこと、「煎」参照; 煎:◆全体に熱を加え(食材の)水分を飛ばす、(食材の)水分がなくなるまで熱する、一般に油は使わないか或いは焦げ付かない程度の少量で熱を加える、「炒」参照◆水に食材や
kk_炙る_あぶる,炙る,あぶる,炙:◆(肉を)火に翳(かざ)す、火に翳(かざ)して(表面を)焼く,N2,kun,kun,IL1_okurigana(kun 96%) | IL2_single_okuri(kun 96%),炙:◆(肉を)火に翳(かざ)す、火に翳(かざ)して(表面を)焼く
kk_炭鉱_たんこう,炭鉱,たんこう,炭:◆ものが燃えて黒化したもの、黒化した後も再び燃やすことができるもの、再び燃やすことができないものを「灰」◆木を高温で焼いて作った燃料、燃料とするもの、「石炭」「; 鉱:◆掘り出したままで加工されていない有用な物質を含む天然の原石、同「礦」「磺」「𥐫」「卝」,N2,on,on+on,B_noun_rad_金(kun 93%),炭:◆ものが燃えて黒化したもの、黒化した後も再び燃やすことができるもの、再び燃やすことができないものを「灰」◆木を高温で焼いて作った燃料、燃料とするもの、「石炭」「; 鉱:◆掘り出したままで加工されていない有用な物質を含む天然の原石、同「礦」「磺」「𥐫」「卝」
kk_点々_てんてん,点々,てんてん,点:◆小さな(黒い)染(し)み・瑕(きず)・印(しるし)、またそのようなものを付ける、「汚点(オテン)」◆小さく狭く限られた場所・範囲・位置・事柄、「地点(チテン),N2,on,on,IL2_single_default(kun 84%),点:◆小さな(黒い)染(し)み・瑕(きず)・印(しるし)、またそのようなものを付ける、「汚点(オテン)」◆小さく狭く限られた場所・範囲・位置・事柄、「地点(チテン)
kk_点ける_つける,点ける,つける,点:◆小さな(黒い)染(し)み・瑕(きず)・印(しるし)、またそのようなものを付ける、「汚点(オテン)」◆小さく狭く限られた場所・範囲・位置・事柄、「地点(チテン),N2,kun,kun,IL1_okurigana(kun 96%) | IL2_single_okuri(kun 96%),点:◆小さな(黒い)染(し)み・瑕(きず)・印(しるし)、またそのようなものを付ける、「汚点(オテン)」◆小さく狭く限られた場所・範囲・位置・事柄、「地点(チテン)
kk_為す_なす,為す,なす,為:◆サル(猿)の一種、未詳、「母猴(ボコウ)」◆～をする、～を行う◆～に働きかける◆(～をして、～を行って)～を作る、～に作り上げる、形作る◆(～をして、～をする,N2,kun,kun,IL1_okurigana(kun 96%) | IL2_single_okuri(kun 96%),為:◆サル(猿)の一種、未詳、「母猴(ボコウ)」◆～をする、～を行う◆～に働きかける◆(～をして、～を行って)～を作る、～に作り上げる、形作る◆(～をして、～をする
kk_為替_かわせ,為替,かわせ,為:◆サル(猿)の一種、未詳、「母猴(ボコウ)」◆～をする、～を行う◆～に働きかける◆(～をして、～を行って)～を作る、～に作り上げる、形作る◆(～をして、～をする; 替:◆廃(すた)る、衰(おとろ)える、用を成(な)さなくなる、「衰替(スイタイ)」◆それまでのもの(今あるもの)や廃れたもの(衰えたもの、用を成さないもの)を別のも,N2,other,mixed+mixed~,A3_short_compound(on+on 71%),為:◆サル(猿)の一種、未詳、「母猴(ボコウ)」◆～をする、～を行う◆～に働きかける◆(～をして、～を行って)～を作る、～に作り上げる、形作る◆(～をして、～をする; 替:◆廃(すた)る、衰(おとろ)える、用を成(な)さなくなる、「衰替(スイタイ)」◆それまでのもの(今あるもの)や廃れたもの(衰えたもの、用を成さないもの)を別のも
kk_無_む,無,む,無:◆ない、存在しない、有(ゆう)していない◆～ではない、～であってはならない◆簡「无」,N2,on,on,IL2_single_default(kun 84%),無:◆ない、存在しない、有(ゆう)していない◆～ではない、～であってはならない◆簡「无」
kk_無意味_むいみ,無意味,むいみ,無:◆ない、存在しない、有(ゆう)していない◆～ではない、～であってはならない◆簡「无」; 意:◆心の中にあって外(言葉や態度・行動など)には出さない思いや考え、心の動きや働き、気持ち◆物事の内にあって表には現れ出ないもの、内に込められているもの; 味:◆舌で感じる、舌の感覚◆「五味(ゴミ)」、舌の感覚(味)を五つに大別したもの、酸(酸っぱい味)苦(苦い味)辛(辛い味)鹹(塩辛い味)甘(甘い味)、「【禮記注疏(,N2,on,on+on+on,A4_multi_on(on+on+on 65%),無:◆ない、存在しない、有(ゆう)していない◆～ではない、～であってはならない◆簡「无」; 意:◆心の中にあって外(言葉や態度・行動など)には出さない思いや考え、心の動きや働き、気持ち◆物事の内にあって表には現れ出ないもの、内に込められているもの; 味:◆舌で感じる、舌の感覚◆「五味(ゴミ)」、舌の感覚(味)を五つに大別したもの、酸(酸っぱい味)苦(苦い味)辛(辛い味)鹹(塩辛い味)甘(甘い味)、「【禮記注疏(
kk_無意義_むいぎ,無意義,むいぎ,無:◆ない、存在しない、有(ゆう)していない◆～ではない、～であってはならない◆簡「无」; 意:◆心の中にあって外(言葉や態度・行動など)には出さない思いや考え、心の動きや働き、気持ち◆物事の内にあって表には現れ出ないもの、内に込められているもの; 義:◆広く良い・正しいと認められていること、また経験則(多くの経験を積むことで得られる道理)に適(かな)っていること◆人が進むべき道、則(のっと)るべき考え、「義士,N2,on,on+on+on,A4_multi_on(on+on+on 65%),無:◆ない、存在しない、有(ゆう)していない◆～ではない、～であってはならない◆簡「无」; 意:◆心の中にあって外(言葉や態度・行動など)には出さない思いや考え、心の動きや働き、気持ち◆物事の内にあって表には現れ出ないもの、内に込められているもの; 義:◆広く良い・正しいと認められていること、また経験則(多くの経験を積むことで得られる道理)に適(かな)っていること◆人が進むべき道、則(のっと)るべき考え、「義士
kk_無意識_むいしき,無意識,むいしき,無:◆ない、存在しない、有(ゆう)していない◆～ではない、～であってはならない◆簡「无」; 意:◆心の中にあって外(言葉や態度・行動など)には出さない思いや考え、心の動きや働き、気持ち◆物事の内にあって表には現れ出ないもの、内に込められているもの; 識:◆知ったことが他とどう違うのかを理解する◆他との違いをはっきりと見分ける、またその働き、またその能力、またその内容◆記(しる)す、書き記す、同「誌」◆幟(のぼり,N2,on,on+on+on,A4_multi_on(on+on+on 65%) | B_verb_rad_言(kun 80%),無:◆ない、存在しない、有(ゆう)していない◆～ではない、～であってはならない◆簡「无」; 意:◆心の中にあって外(言葉や態度・行動など)には出さない思いや考え、心の動きや働き、気持ち◆物事の内にあって表には現れ出ないもの、内に込められているもの; 識:◆知ったことが他とどう違うのかを理解する◆他との違いをはっきりと見分ける、またその働き、またその能力、またその内容◆記(しる)す、書き記す、同「誌」◆幟(のぼり
kk_無数_むすう,無数,むすう,無:◆ない、存在しない、有(ゆう)していない◆～ではない、～であってはならない◆簡「无」; 数:◆かず、同種のもの(繰り返されるもの)の多少を表す語◆かぞ・える、一つ二つ(一回二回)と計算する、またその多少◆細かい、煩(わずら)わしい◆しばしば、同じことを,N2,on,on+on,A3_short_compound(on+on 71%),無:◆ない、存在しない、有(ゆう)していない◆～ではない、～であってはならない◆簡「无」; 数:◆かず、同種のもの(繰り返されるもの)の多少を表す語◆かぞ・える、一つ二つ(一回二回)と計算する、またその多少◆細かい、煩(わずら)わしい◆しばしば、同じことを
kk_無断_むだん,無断,むだん,無:◆ない、存在しない、有(ゆう)していない◆～ではない、～であってはならない◆簡「无」; 断:◆繋(つな)がっているものを(連続しているものを)途中で切る、切って二つに分ける、切り離す◆ぷっつりと途切れる、絶(た)える◆すっぱりと区切る、きっぱりと決める,N2,on,on+on,A3_short_compound(on+on 71%),無:◆ない、存在しない、有(ゆう)していない◆～ではない、～であってはならない◆簡「无」; 断:◆繋(つな)がっているものを(連続しているものを)途中で切る、切って二つに分ける、切り離す◆ぷっつりと途切れる、絶(た)える◆すっぱりと区切る、きっぱりと決める
kk_無理矢理_むりやり,無理矢理,むりやり,無:◆ない、存在しない、有(ゆう)していない◆～ではない、～であってはならない◆簡「无」; 理:◆玉(ギョク、大変美しい石)の筋目(すじめ)、規則正しく並んだ筋目◆物事の正しい筋道◆筋道を立てる、また立っている、筋を通す、また通っている◆筋道に沿って判断す; 矢:◆弓を使って離れている獲物を仕留めるための棒状の武器、竹製の矢は特に「箭(セン)」という ◆まっすぐなさま、まっすぐに進むさま◆きっぱりと(ずばりと)言う、誓(,N2,mixed,on+on+kun+on~,A4_multi_on(on+on+on+on 65%),無:◆ない、存在しない、有(ゆう)していない◆～ではない、～であってはならない◆簡「无」; 理:◆玉(ギョク、大変美しい石)の筋目(すじめ)、規則正しく並んだ筋目◆物事の正しい筋道◆筋道を立てる、また立っている、筋を通す、また通っている◆筋道に沿って判断す; 矢:◆弓を使って離れている獲物を仕留めるための棒状の武器、竹製の矢は特に「箭(セン)」という ◆まっすぐなさま、まっすぐに進むさま◆きっぱりと(ずばりと)言う、誓(
kk_無用_むよう,無用,むよう,無:◆ない、存在しない、有(ゆう)していない◆～ではない、～であってはならない◆簡「无」; 用:◆人や物、或いはその特性や能力を使う、また使ってあることを行う、また役立たせる◆働かせる、発揮させる、またそのために必要な特性・能力・金銭など◆以(もっ)て◆[,N2,on,on+on,A3_short_compound(on+on 71%),無:◆ない、存在しない、有(ゆう)していない◆～ではない、～であってはならない◆簡「无」; 用:◆人や物、或いはその特性や能力を使う、また使ってあることを行う、また役立たせる◆働かせる、発揮させる、またそのために必要な特性・能力・金銭など◆以(もっ)て◆[
kk_無礼_ぶれい,無礼,ぶれい,無:◆ない、存在しない、有(ゆう)していない◆～ではない、～であってはならない◆簡「无」; 礼:◆社会生活をする上での作法や決まり事、「禮儀(礼儀、レイギ、正式な・正規の作法)」「拜禮(拝礼、ハイレイ、お辞儀の作法)」「禮拜(礼拝、レイハイ、作法に則ってお,N2,on,on+on,A3_short_compound(on+on 71%),無:◆ない、存在しない、有(ゆう)していない◆～ではない、～であってはならない◆簡「无」; 礼:◆社会生活をする上での作法や決まり事、「禮儀(礼儀、レイギ、正式な・正規の作法)」「拜禮(拝礼、ハイレイ、お辞儀の作法)」「禮拜(礼拝、レイハイ、作法に則ってお
kk_無神経_むしんけい,無神経,むしんけい,無:◆ない、存在しない、有(ゆう)していない◆～ではない、～であってはならない◆簡「无」; 神:◆人の力や理解が及ばない現象を引き起こすと考えられたもの、不思議なはたらきをするもの◆心(こころ)、魂(コン、たましい、思考や感情など); 経:◆たていと、布の縦方向の糸、横は「緯」◆南北の方向、東西は「緯」◆筋道、筋が通っている◆筋が通っていて変わることがない、常に◆どんな場合も変わることがない方向や,N2,on,on+on+on,A4_multi_on(on+on+on 65%),無:◆ない、存在しない、有(ゆう)していない◆～ではない、～であってはならない◆簡「无」; 神:◆人の力や理解が及ばない現象を引き起こすと考えられたもの、不思議なはたらきをするもの◆心(こころ)、魂(コン、たましい、思考や感情など); 経:◆たていと、布の縦方向の糸、横は「緯」◆南北の方向、東西は「緯」◆筋道、筋が通っている◆筋が通っていて変わることがない、常に◆どんな場合も変わることがない方向や
kk_無計画_むけいかく,無計画,むけいかく,無:◆ない、存在しない、有(ゆう)していない◆～ではない、～であってはならない◆簡「无」; 計:◆数える、測る◆(その年の)出納を合わせる◆見積もる、見当をつける; 画:◆筆で線を引く、また線を引いて区切る、同「划」◆漢字の線や点の数(画数)を数える語◆輪郭(リンカク)を描く◆事に先立って案を作る、計画する、同「図」◆絵、絵を描,N2,on,on+on+on,A4_multi_on(on+on+on 65%) | B_verb_rad_言(kun 80%),無:◆ない、存在しない、有(ゆう)していない◆～ではない、～であってはならない◆簡「无」; 計:◆数える、測る◆(その年の)出納を合わせる◆見積もる、見当をつける; 画:◆筆で線を引く、また線を引いて区切る、同「划」◆漢字の線や点の数(画数)を数える語◆輪郭(リンカク)を描く◆事に先立って案を作る、計画する、同「図」◆絵、絵を描
kk_無邪気_むじゃき,無邪気,むじゃき,無:◆ない、存在しない、有(ゆう)していない◆～ではない、～であってはならない◆簡「无」; 邪:◆ずれる、傾く、逸(そ)れる、片寄る、曲がる、歪(ゆが)む◆正常でない、本来の姿形や状態と違っている、本来の姿やあり方でない、同「衺」◆～か、～や、句末に付けて; 気:◆中国古来の考えで、天地全ての事物の基本要素、目に見えず形状は一定しない、あらゆる事物の生死・盛衰などの変化・変動はこの「気」の移動・集散によるものと考えられた,N2,on,on+on+on,A4_multi_on(on+on+on 65%),無:◆ない、存在しない、有(ゆう)していない◆～ではない、～であってはならない◆簡「无」; 邪:◆ずれる、傾く、逸(そ)れる、片寄る、曲がる、歪(ゆが)む◆正常でない、本来の姿形や状態と違っている、本来の姿やあり方でない、同「衺」◆～か、～や、句末に付けて; 気:◆中国古来の考えで、天地全ての事物の基本要素、目に見えず形状は一定しない、あらゆる事物の生死・盛衰などの変化・変動はこの「気」の移動・集散によるものと考えられた
kk_無限_むげん,無限,むげん,無:◆ない、存在しない、有(ゆう)していない◆～ではない、～であってはならない◆簡「无」; 限:◆内と外との区切り、境界、「限界(ゲンカイ)」◆境界や範囲の内側、定めた区切り以内、またその内に収める、「限度(ゲンド)」「限定(ゲンテイ)」◆門の地上部に渡し,N2,on,on+on,A3_short_compound(on+on 71%),無:◆ない、存在しない、有(ゆう)していない◆～ではない、～であってはならない◆簡「无」; 限:◆内と外との区切り、境界、「限界(ゲンカイ)」◆境界や範囲の内側、定めた区切り以内、またその内に収める、「限度(ゲンド)」「限定(ゲンテイ)」◆門の地上部に渡し
kk_無～_む～,無～,む～,無:◆ない、存在しない、有(ゆう)していない◆～ではない、～であってはならない◆簡「无」,N2,other,unknown,IL2_single_default(kun 84%),無:◆ない、存在しない、有(ゆう)していない◆～ではない、～であってはならない◆簡「无」
kk_焦がす_こがす,焦がす,こがす,焦:◆焼けて(黒く)色が変わる、またちりちり(縮んで皴が寄るさま)になる◆焼けて臭いがする◆心中が焼けるように熱くなる、苛々(いらいら)して気ばかりが急(せ)く、先,N2,kun,kun,IL1_okurigana(kun 96%) | IL2_single_okuri(kun 96%),焦:◆焼けて(黒く)色が変わる、またちりちり(縮んで皴が寄るさま)になる◆焼けて臭いがする◆心中が焼けるように熱くなる、苛々(いらいら)して気ばかりが急(せ)く、先
kk_焦げる_こげる,焦げる,こげる,焦:◆焼けて(黒く)色が変わる、またちりちり(縮んで皴が寄るさま)になる◆焼けて臭いがする◆心中が焼けるように熱くなる、苛々(いらいら)して気ばかりが急(せ)く、先,N2,kun,kun,IL1_okurigana(kun 96%) | IL2_single_okuri(kun 96%),焦:◆焼けて(黒く)色が変わる、またちりちり(縮んで皴が寄るさま)になる◆焼けて臭いがする◆心中が焼けるように熱くなる、苛々(いらいら)して気ばかりが急(せ)く、先
kk_焦点_しょうてん,焦点,しょうてん,焦:◆焼けて(黒く)色が変わる、またちりちり(縮んで皴が寄るさま)になる◆焼けて臭いがする◆心中が焼けるように熱くなる、苛々(いらいら)して気ばかりが急(せ)く、先; 点:◆小さな(黒い)染(し)み・瑕(きず)・印(しるし)、またそのようなものを付ける、「汚点(オテン)」◆小さく狭く限られた場所・範囲・位置・事柄、「地点(チテン),N2,on,on+on,,焦:◆焼けて(黒く)色が変わる、またちりちり(縮んで皴が寄るさま)になる◆焼けて臭いがする◆心中が焼けるように熱くなる、苛々(いらいら)して気ばかりが急(せ)く、先; 点:◆小さな(黒い)染(し)み・瑕(きず)・印(しるし)、またそのようなものを付ける、「汚点(オテン)」◆小さく狭く限られた場所・範囲・位置・事柄、「地点(チテン)
kk_煉瓦_れんが,煉瓦,れんが,煉:◆鉱石を火で熱し目的の金属を取り出す、高熱を加え不純物を取り除く、また質を高める、同「鍊」◆鍛(きた)える、鍛錬(タンレン)する、修練や訓練を重ねて精神や技術を; 瓦:◆土を目的の形に作って焼いたものの総称◆屋根に敷き詰める波板状の素焼きの土器、またそれを敷く◆ワットwatt(W)、仕事率(工率)や電力などの単位、「瓦特(ワト,N2,on,on+on,A3_short_compound(on+on 71%),煉:◆鉱石を火で熱し目的の金属を取り出す、高熱を加え不純物を取り除く、また質を高める、同「鍊」◆鍛(きた)える、鍛錬(タンレン)する、修練や訓練を重ねて精神や技術を; 瓦:◆土を目的の形に作って焼いたものの総称◆屋根に敷き詰める波板状の素焼きの土器、またそれを敷く◆ワットwatt(W)、仕事率(工率)や電力などの単位、「瓦特(ワト
kk_煙る_けむる,煙る,けむる,煙:◆ものが燃える時に発生する気体や微粒子◆煤(すす)、煙の粒子が飛散せずに黒く溜(た)まったもの◆空中を大量の微粒子が浮遊することによって霞(かす)むさま、またぼ,N2,kun,kun,IL1_okurigana(kun 96%) | IL2_single_okuri(kun 96%),煙:◆ものが燃える時に発生する気体や微粒子◆煤(すす)、煙の粒子が飛散せずに黒く溜(た)まったもの◆空中を大量の微粒子が浮遊することによって霞(かす)むさま、またぼ
kk_煙突_えんとつ,煙突,えんとつ,煙:◆ものが燃える時に発生する気体や微粒子◆煤(すす)、煙の粒子が飛散せずに黒く溜(た)まったもの◆空中を大量の微粒子が浮遊することによって霞(かす)むさま、またぼ; 突:◆犬が穴から急に飛び出す、また飛び出てくる◆急に、不意に◆つ・く、撞(つ)く、(棒状のものを正面から)まっすぐに当てる◆そこだけ凸状に飛び出ているさま、またその,N2,on,on+on,,煙:◆ものが燃える時に発生する気体や微粒子◆煤(すす)、煙の粒子が飛散せずに黒く溜(た)まったもの◆空中を大量の微粒子が浮遊することによって霞(かす)むさま、またぼ; 突:◆犬が穴から急に飛び出す、また飛び出てくる◆急に、不意に◆つ・く、撞(つ)く、(棒状のものを正面から)まっすぐに当てる◆そこだけ凸状に飛び出ているさま、またその
kk_照らす_てらす,照らす,てらす,照:◆光が当たる、光を当てる◆明るい、光を当てて辺りを明るくする、「照明(ショウメイ)」◆他のものと見比べる、また見比べて確かめる、「照合(ショウゴウ)」「◆光を当,N2,kun,kun,IL1_okurigana(kun 96%) | IL2_single_okuri(kun 96%),照:◆光が当たる、光を当てる◆明るい、光を当てて辺りを明るくする、「照明(ショウメイ)」◆他のものと見比べる、また見比べて確かめる、「照合(ショウゴウ)」「◆光を当
kk_照り返す_てりかえす,照り返す,てりかえす,照:◆光が当たる、光を当てる◆明るい、光を当てて辺りを明るくする、「照明(ショウメイ)」◆他のものと見比べる、また見比べて確かめる、「照合(ショウゴウ)」「◆光を当; 返:◆帰る、行った先から出発したところに戻る、同「𢓉」◆元に戻る、元に戻す◆[日]反対向きにする、反対向きになる,N2,kun,kun+kun~,IL1_okurigana(kun 96%) | A1_compound_oku(kun 90%) | A1_on_kun_mix(on+kun 65%),照:◆光が当たる、光を当てる◆明るい、光を当てて辺りを明るくする、「照明(ショウメイ)」◆他のものと見比べる、また見比べて確かめる、「照合(ショウゴウ)」「◆光を当; 返:◆帰る、行った先から出発したところに戻る、同「𢓉」◆元に戻る、元に戻す◆[日]反対向きにする、反対向きになる
kk_照る_てる,照る,てる,照:◆光が当たる、光を当てる◆明るい、光を当てて辺りを明るくする、「照明(ショウメイ)」◆他のものと見比べる、また見比べて確かめる、「照合(ショウゴウ)」「◆光を当,N2,kun,kun,IL1_okurigana(kun 96%) | IL2_single_okuri(kun 96%),照:◆光が当たる、光を当てる◆明るい、光を当てて辺りを明るくする、「照明(ショウメイ)」◆他のものと見比べる、また見比べて確かめる、「照合(ショウゴウ)」「◆光を当
kk_照明_しょうめい,照明,しょうめい,照:◆光が当たる、光を当てる◆明るい、光を当てて辺りを明るくする、「照明(ショウメイ)」◆他のものと見比べる、また見比べて確かめる、「照合(ショウゴウ)」「◆光を当; 明:◆(太陽や月の)光が差す、光が当たる、光を当てる◆光が当たってはっきりと見える(分かる)、誰の目にもはっきりとしている、はっきりとさせる◆隠されたところ(陰にな,N2,on,on+on,,照:◆光が当たる、光を当てる◆明るい、光を当てて辺りを明るくする、「照明(ショウメイ)」◆他のものと見比べる、また見比べて確かめる、「照合(ショウゴウ)」「◆光を当; 明:◆(太陽や月の)光が差す、光が当たる、光を当てる◆光が当たってはっきりと見える(分かる)、誰の目にもはっきりとしている、はっきりとさせる◆隠されたところ(陰にな
kk_煮える_にえる,煮える,にえる,煮:◆食材に湯水を加え火にかけ熱を通す,N2,kun,kun,IL1_okurigana(kun 96%) | IL2_single_okuri(kun 96%),煮:◆食材に湯水を加え火にかけ熱を通す
kk_熟成_じゅくせい,熟成,じゅくせい,熟:◆食べ頃になるまで十分に火を通す、また煮る、また焼く、同「孰」◆十分に食べ頃になる、十分に良い状態になる、十分に成長する◆十分な状態になるまで～する; 成:◆為(な)す、形や状態などを変えようとする、また変わろうとする◆本来の形や状態になる、目的・目標を持って働き、当初の目的・目標に達する、出来上がる、仕上がる、「,N2,on,on+on,,熟:◆食べ頃になるまで十分に火を通す、また煮る、また焼く、同「孰」◆十分に食べ頃になる、十分に良い状態になる、十分に成長する◆十分な状態になるまで～する; 成:◆為(な)す、形や状態などを変えようとする、また変わろうとする◆本来の形や状態になる、目的・目標を持って働き、当初の目的・目標に達する、出来上がる、仕上がる、「
kk_熟語_じゅくご,熟語,じゅくご,熟:◆食べ頃になるまで十分に火を通す、また煮る、また焼く、同「孰」◆十分に食べ頃になる、十分に良い状態になる、十分に成長する◆十分な状態になるまで～する; 語:◆他に向かって述べる、また告げる、考えや思い・言い伝えなどを話す◆意味を持つ言葉、話(はなし),N2,on,on+on,A3_short_compound(on+on 71%) | B_verb_rad_言(kun 80%),熟:◆食べ頃になるまで十分に火を通す、また煮る、また焼く、同「孰」◆十分に食べ頃になる、十分に良い状態になる、十分に成長する◆十分な状態になるまで～する; 語:◆他に向かって述べる、また告げる、考えや思い・言い伝えなどを話す◆意味を持つ言葉、話(はなし)
kk_熱する_ねっする,熱する,ねっする,熱:◆火に温められて立ち昇る温気や蒸気◆火に当たって温度が高くなる、太陽の熱によって気温が上がるのは「暑」◆火照(ほて)る◆盛んになる、夢中になる,N2,on,on,IL1_okurigana(kun 96%) | IL2_single_okuri(kun 96%),熱:◆火に温められて立ち昇る温気や蒸気◆火に当たって温度が高くなる、太陽の熱によって気温が上がるのは「暑」◆火照(ほて)る◆盛んになる、夢中になる
kk_熱中_ねっちゅう,熱中,ねっちゅう,熱:◆火に温められて立ち昇る温気や蒸気◆火に当たって温度が高くなる、太陽の熱によって気温が上がるのは「暑」◆火照(ほて)る◆盛んになる、夢中になる; 中:◆ものとものの間にあってどちらにも偏(かたよ)らない位置◆上下・高低・大小などの間(あいだ)に位置する人や物や場所、同「仲」◆始点(出発地)から終点(目的地)ま,N2,on,on+on,,熱:◆火に温められて立ち昇る温気や蒸気◆火に当たって温度が高くなる、太陽の熱によって気温が上がるのは「暑」◆火照(ほて)る◆盛んになる、夢中になる; 中:◆ものとものの間にあってどちらにも偏(かたよ)らない位置◆上下・高低・大小などの間(あいだ)に位置する人や物や場所、同「仲」◆始点(出発地)から終点(目的地)ま
kk_燃料_ねんりょう,燃料,ねんりょう,燃:◆火で熱せられて炎が立ち昇る、単に火で熱するのは「焼」、同「然」¶古くは「イヌ(犬、狗)の肉(月)を燃やす(灬)」の意で「然」が用いられたが、「然」が専ら「しか; 料:◆升(ます、枡)で米などの物の嵩(かさ)を量(はか)る◆人や物の資質(シシツ)を量る、推(お)し量る、見当を付ける◆ものを作る際に量を決めて使うもの、それを使っ,N2,on,on+on,,燃:◆火で熱せられて炎が立ち昇る、単に火で熱するのは「焼」、同「然」¶古くは「イヌ(犬、狗)の肉(月)を燃やす(灬)」の意で「然」が用いられたが、「然」が専ら「しか; 料:◆升(ます、枡)で米などの物の嵩(かさ)を量(はか)る◆人や物の資質(シシツ)を量る、推(お)し量る、見当を付ける◆ものを作る際に量を決めて使うもの、それを使っ
kk_燃費_ねんぴ,燃費,ねんぴ,燃:◆火で熱せられて炎が立ち昇る、単に火で熱するのは「焼」、同「然」¶古くは「イヌ(犬、狗)の肉(月)を燃やす(灬)」の意で「然」が用いられたが、「然」が専ら「しか; 費:◆金銭・品物・労力などを使う、時間・手間などがかかる◆ものなどを買うために用いる金銭、「費用(ヒヨウ)」◆使い減らす、「浪費(ロウヒ)」◆魯ロ国(前11世紀～前,N2,other,mixed+mixed~,A3_short_compound(on+on 71%),燃:◆火で熱せられて炎が立ち昇る、単に火で熱するのは「焼」、同「然」¶古くは「イヌ(犬、狗)の肉(月)を燃やす(灬)」の意で「然」が用いられたが、「然」が専ら「しか; 費:◆金銭・品物・労力などを使う、時間・手間などがかかる◆ものなどを買うために用いる金銭、「費用(ヒヨウ)」◆使い減らす、「浪費(ロウヒ)」◆魯ロ国(前11世紀～前
kk_爆弾_ばくだん,爆弾,ばくだん,爆:◆は・ぜる、火が弾(はじ)ける、火が勢いよく飛び散る◆(熱を加えることで)物が破裂し激しい勢いで飛び散る、炸裂(さくれつ)する◆急に膨(ふく)れる◆食材を熱い油; 弾:◆弓の弦(ゲン、つる)を大きく引き絞って矢を射(い)る、弦楽器を鳴らす、弦を引いたり引っ掛けたりしたした後にぱっと放す動き、またそれによって起こる振動や音を指す,N2,on,on+on,,爆:◆は・ぜる、火が弾(はじ)ける、火が勢いよく飛び散る◆(熱を加えることで)物が破裂し激しい勢いで飛び散る、炸裂(さくれつ)する◆急に膨(ふく)れる◆食材を熱い油; 弾:◆弓の弦(ゲン、つる)を大きく引き絞って矢を射(い)る、弦楽器を鳴らす、弦を引いたり引っ掛けたりしたした後にぱっと放す動き、またそれによって起こる振動や音を指す
kk_爆発_ばくはつ,爆発,ばくはつ,爆:◆は・ぜる、火が弾(はじ)ける、火が勢いよく飛び散る◆(熱を加えることで)物が破裂し激しい勢いで飛び散る、炸裂(さくれつ)する◆急に膨(ふく)れる◆食材を熱い油; 発:◆矢を放つ、外(離れて行く方向)に向かって勢いよく飛び出る◆動いていなかったものが勢いよく動き出す、物事が動き出す、物事が始まる、行動を起こす◆隠れていたものが,N2,on,on+on,,爆:◆は・ぜる、火が弾(はじ)ける、火が勢いよく飛び散る◆(熱を加えることで)物が破裂し激しい勢いで飛び散る、炸裂(さくれつ)する◆急に膨(ふく)れる◆食材を熱い油; 発:◆矢を放つ、外(離れて行く方向)に向かって勢いよく飛び出る◆動いていなかったものが勢いよく動き出す、物事が動き出す、物事が始まる、行動を起こす◆隠れていたものが
kk_爆発的_ばくはつてき,爆発的,ばくはつてき,爆:◆は・ぜる、火が弾(はじ)ける、火が勢いよく飛び散る◆(熱を加えることで)物が破裂し激しい勢いで飛び散る、炸裂(さくれつ)する◆急に膨(ふく)れる◆食材を熱い油; 発:◆矢を放つ、外(離れて行く方向)に向かって勢いよく飛び出る◆動いていなかったものが勢いよく動き出す、物事が動き出す、物事が始まる、行動を起こす◆隠れていたものが; 的:◆弓で矢を射(い)る時の目標とするもの、同「㢩」「墑」◆額(ひたい)の部分だけが白い馬、またその額の白い部分、女性が額に施(ほどこ)す(赤い点状の)装飾◆(弓の,N2,on,on+on+on,A4_multi_on(on+on+on 65%),爆:◆は・ぜる、火が弾(はじ)ける、火が勢いよく飛び散る◆(熱を加えることで)物が破裂し激しい勢いで飛び散る、炸裂(さくれつ)する◆急に膨(ふく)れる◆食材を熱い油; 発:◆矢を放つ、外(離れて行く方向)に向かって勢いよく飛び出る◆動いていなかったものが勢いよく動き出す、物事が動き出す、物事が始まる、行動を起こす◆隠れていたものが; 的:◆弓で矢を射(い)る時の目標とするもの、同「㢩」「墑」◆額(ひたい)の部分だけが白い馬、またその額の白い部分、女性が額に施(ほどこ)す(赤い点状の)装飾◆(弓の
kk_片一方_かたいっぽう,片一方,かたいっぽう,片:◆切って(切り開いて、切り裂いて)薄く広げたもの、薄く平らなもの◆大きなものを小さく分けたその一つ、小さいもの◆少しであるさま、僅(わず)かなさま、「片言(ヘン; 一:◆最初、最初の数、最も小さい数、同「壹」 ◆(幾つかあるものの内の、全体の中の)一つ、一つの、一つに、それだけ、ひたすら、同「壹」◆同じ、等しい、「同じ一つのも; 方:◆四角、四角いさま、角(かど)が直角になっているさま、「方形(ホウケイ)」◆数学で二つの数を掛け合わせた数(正方形・長方形の一つの角を成す二辺を掛け合わせた数),N2,mixed,kun+on+kun~,A4_multi_on(on+on+on 65%),片:◆切って(切り開いて、切り裂いて)薄く広げたもの、薄く平らなもの◆大きなものを小さく分けたその一つ、小さいもの◆少しであるさま、僅(わず)かなさま、「片言(ヘン; 一:◆最初、最初の数、最も小さい数、同「壹」 ◆(幾つかあるものの内の、全体の中の)一つ、一つの、一つに、それだけ、ひたすら、同「壹」◆同じ、等しい、「同じ一つのも; 方:◆四角、四角いさま、角(かど)が直角になっているさま、「方形(ホウケイ)」◆数学で二つの数を掛け合わせた数(正方形・長方形の一つの角を成す二辺を掛け合わせた数)
kk_片足_かたあし,片足,かたあし,片:◆切って(切り開いて、切り裂いて)薄く広げたもの、薄く平らなもの◆大きなものを小さく分けたその一つ、小さいもの◆少しであるさま、僅(わず)かなさま、「片言(ヘン; 足:◆体や物体の一部で、胴から分かれ出て伸び、地に接して体を支えたり、歩行・走行・跳躍などの運動機能を担う部分、現代の中国では「脚」◆「歩く」「走る」などの足を使っ,N2,kun,kun+kun~,B_verb_rad_足(kun 80%),片:◆切って(切り開いて、切り裂いて)薄く広げたもの、薄く平らなもの◆大きなものを小さく分けたその一つ、小さいもの◆少しであるさま、僅(わず)かなさま、「片言(ヘン; 足:◆体や物体の一部で、胴から分かれ出て伸び、地に接して体を支えたり、歩行・走行・跳躍などの運動機能を担う部分、現代の中国では「脚」◆「歩く」「走る」などの足を使っ
kk_牧場_ぼくじょう,牧場,ぼくじょう,牧:◆家畜を飼(か)う、家畜を養(やしな)い育てる◆人を養い育てる、人格や学識を研き高める、修養する◆人民を養い治(おさ)める◆家畜を放し飼いにするところ、都(みや; 場:◆(日当たりのよい、収穫した穀物の乾燥・脱穀などをする、また多くの人やものが集まる)広く平らなところ、「広場」、同「塲」◆一段と高くし上を平らに作ったところ、台,N2,other,mixed+mixed~,B_noun_rad_牛(kun 93%),牧:◆家畜を飼(か)う、家畜を養(やしな)い育てる◆人を養い育てる、人格や学識を研き高める、修養する◆人民を養い治(おさ)める◆家畜を放し飼いにするところ、都(みや; 場:◆(日当たりのよい、収穫した穀物の乾燥・脱穀などをする、また多くの人やものが集まる)広く平らなところ、「広場」、同「塲」◆一段と高くし上を平らに作ったところ、台
kk_牧畜_ぼくちく,牧畜,ぼくちく,牧:◆家畜を飼(か)う、家畜を養(やしな)い育てる◆人を養い育てる、人格や学識を研き高める、修養する◆人民を養い治(おさ)める◆家畜を放し飼いにするところ、都(みや; 畜:◆人間が飼(か)い馴らした動物、同「𤛅」、「家畜(カチク)」◆家畜を飼(か)う、飼い育てる、養(やしな)う、同「嘼」「蓄」◆蓄(たくわ)える、同「蓄」,N2,on,mixed+on~,B_noun_rad_牛(kun 93%),牧:◆家畜を飼(か)う、家畜を養(やしな)い育てる◆人を養い育てる、人格や学識を研き高める、修養する◆人民を養い治(おさ)める◆家畜を放し飼いにするところ、都(みや; 畜:◆人間が飼(か)い馴らした動物、同「𤛅」、「家畜(カチク)」◆家畜を飼(か)う、飼い育てる、養(やしな)う、同「嘼」「蓄」◆蓄(たくわ)える、同「蓄」
kk_物差し_ものさし,物差し,ものさし,物:◆(天地の間に存在する)人以外の形のあるもの、人は「者」、形のないものは「事」; 差:◆違いがある、揃(そろ)わない◆引き算をした時に余りが出る、またその時の余り◆(同じ差ごとに)区分けする、区別する◆やや～(違う、差がある、不足する、など)◆使,N2,kun,kun+kun,IL1_okurigana(kun 96%) | A1_compound_oku(kun 90%) | A1_on_kun_mix(on+kun 65%),物:◆(天地の間に存在する)人以外の形のあるもの、人は「者」、形のないものは「事」; 差:◆違いがある、揃(そろ)わない◆引き算をした時に余りが出る、またその時の余り◆(同じ差ごとに)区分けする、区別する◆やや～(違う、差がある、不足する、など)◆使
kk_物忘れ_ものわすれ,物忘れ,ものわすれ,物:◆(天地の間に存在する)人以外の形のあるもの、人は「者」、形のないものは「事」; 忘:◆知っていたこと・覚えていたこと・為すべきことを思い出せない、失念する,N2,kun,kun+kun,IL1_okurigana(kun 96%) | A1_compound_oku(kun 90%) | A1_on_kun_mix(on+kun 65%),物:◆(天地の間に存在する)人以外の形のあるもの、人は「者」、形のないものは「事」; 忘:◆知っていたこと・覚えていたこと・為すべきことを思い出せない、失念する
kk_物置_ものおき,物置,ものおき,物:◆(天地の間に存在する)人以外の形のあるもの、人は「者」、形のないものは「事」; 置:◆まっすぐに立てる、動かないように(傾いたり揺らいだり位置や状態が変わったりしないように)しっかりと据(す)える、同「寘」◆設(もう)ける、あるべきところに据え,N2,kun,kun+kun~,B_noun_rad_牛(kun 93%),物:◆(天地の間に存在する)人以外の形のあるもの、人は「者」、形のないものは「事」; 置:◆まっすぐに立てる、動かないように(傾いたり揺らいだり位置や状態が変わったりしないように)しっかりと据(す)える、同「寘」◆設(もう)ける、あるべきところに据え
kk_物語る_ものがたる,物語る,ものがたる,物:◆(天地の間に存在する)人以外の形のあるもの、人は「者」、形のないものは「事」; 語:◆他に向かって述べる、また告げる、考えや思い・言い伝えなどを話す◆意味を持つ言葉、話(はなし),N2,other,mixed+mixed~,IL1_okurigana(kun 96%) | A1_compound_oku(kun 90%) | A1_on_kun_mix(on+kun 65%),物:◆(天地の間に存在する)人以外の形のあるもの、人は「者」、形のないものは「事」; 語:◆他に向かって述べる、また告げる、考えや思い・言い伝えなどを話す◆意味を持つ言葉、話(はなし)
kk_物質_ぶっしつ,物質,ぶっしつ,物:◆(天地の間に存在する)人以外の形のあるもの、人は「者」、形のないものは「事」; 質:◆本来の、元々(もともと)の、「本質(ホンシツ)」◆本来のままであるさま、素(す)のままであるさま、「質素(シッソ)」◆そのものが持つ本来の価値や中身、また性格,N2,on,on+on,B_noun_rad_牛(kun 93%),物:◆(天地の間に存在する)人以外の形のあるもの、人は「者」、形のないものは「事」; 質:◆本来の、元々(もともと)の、「本質(ホンシツ)」◆本来のままであるさま、素(す)のままであるさま、「質素(シッソ)」◆そのものが持つ本来の価値や中身、また性格
kk_物騒_ぶっそう,物騒,ぶっそう,物:◆(天地の間に存在する)人以外の形のあるもの、人は「者」、形のないものは「事」; 騒:◆苛立(いらだ)って落ち着きがなくなる、そわそわする◆ざわざわする、がやがやする、多くの物や事が入り乱れて秩序がなくなる◆思い煩(わずら)って落ち着かない,N2,on,on+on,B_noun_rad_牛(kun 93%),物:◆(天地の間に存在する)人以外の形のあるもの、人は「者」、形のないものは「事」; 騒:◆苛立(いらだ)って落ち着きがなくなる、そわそわする◆ざわざわする、がやがやする、多くの物や事が入り乱れて秩序がなくなる◆思い煩(わずら)って落ち着かない
kk_特売_とくばい,特売,とくばい,特:◆牡牛(おすうし)、祭礼の際の犠牲(ギセイ、生贄いけにえ)として選ばれるひときわ立派な牡牛、同「犆」「𤙰」◆際立(きわだ)っている、抜きん出ている、非常に◆それ; 売:◆相手が欲しいと思っているものを渡して金銭(対価)を得る、金銭(対価)を渡して欲しいものを得るのは「買」,N2,on,on+on,B_noun_rad_牛(kun 93%),特:◆牡牛(おすうし)、祭礼の際の犠牲(ギセイ、生贄いけにえ)として選ばれるひときわ立派な牡牛、同「犆」「𤙰」◆際立(きわだ)っている、抜きん出ている、非常に◆それ; 売:◆相手が欲しいと思っているものを渡して金銭(対価)を得る、金銭(対価)を渡して欲しいものを得るのは「買」
kk_特定_とくてい,特定,とくてい,特:◆牡牛(おすうし)、祭礼の際の犠牲(ギセイ、生贄いけにえ)として選ばれるひときわ立派な牡牛、同「犆」「𤙰」◆際立(きわだ)っている、抜きん出ている、非常に◆それ; 定:◆さだ・まる、動きや乱れが鎮(しず)まって変化・変動しない状態になる、平静になる、落ち着く、「鎮定(チンテイ)」◆さだ・める、動いたり揺らいだりしない状態にする,N2,on,on+on,B_noun_rad_牛(kun 93%) | B_noun_rad_宀(kun 93%),特:◆牡牛(おすうし)、祭礼の際の犠牲(ギセイ、生贄いけにえ)として選ばれるひときわ立派な牡牛、同「犆」「𤙰」◆際立(きわだ)っている、抜きん出ている、非常に◆それ; 定:◆さだ・まる、動きや乱れが鎮(しず)まって変化・変動しない状態になる、平静になる、落ち着く、「鎮定(チンテイ)」◆さだ・める、動いたり揺らいだりしない状態にする
kk_特有_とくゆう,特有,とくゆう,特:◆牡牛(おすうし)、祭礼の際の犠牲(ギセイ、生贄いけにえ)として選ばれるひときわ立派な牡牛、同「犆」「𤙰」◆際立(きわだ)っている、抜きん出ている、非常に◆それ; 有:◆在(あ)る、居(い)る、一定の範囲や場所に存在する、「有力(ユウリョク、力がある)」「稀有(ケウ、稀にある、稀にしかない)」◆持っている、備わっている、「所有,N2,on,on+on,B_noun_rad_牛(kun 93%),特:◆牡牛(おすうし)、祭礼の際の犠牲(ギセイ、生贄いけにえ)として選ばれるひときわ立派な牡牛、同「犆」「𤙰」◆際立(きわだ)っている、抜きん出ている、非常に◆それ; 有:◆在(あ)る、居(い)る、一定の範囲や場所に存在する、「有力(ユウリョク、力がある)」「稀有(ケウ、稀にある、稀にしかない)」◆持っている、備わっている、「所有
kk_特殊_とくしゅ,特殊,とくしゅ,特:◆牡牛(おすうし)、祭礼の際の犠牲(ギセイ、生贄いけにえ)として選ばれるひときわ立派な牡牛、同「犆」「𤙰」◆際立(きわだ)っている、抜きん出ている、非常に◆それ; 殊:◆(罪を咎めて)切り殺す、死ぬ◆(それまで繋がっていたものやことを)断(た)つ、絶(た)つ、(それまで続いていたものやことが)絶える◆異(こと)なる、普通でない,N2,on,on+on,A3_short_compound(on+on 71%) | B_noun_rad_牛(kun 93%),特:◆牡牛(おすうし)、祭礼の際の犠牲(ギセイ、生贄いけにえ)として選ばれるひときわ立派な牡牛、同「犆」「𤙰」◆際立(きわだ)っている、抜きん出ている、非常に◆それ; 殊:◆(罪を咎めて)切り殺す、死ぬ◆(それまで繋がっていたものやことを)断(た)つ、絶(た)つ、(それまで続いていたものやことが)絶える◆異(こと)なる、普通でない
kk_特産_とくさん,特産,とくさん,特:◆牡牛(おすうし)、祭礼の際の犠牲(ギセイ、生贄いけにえ)として選ばれるひときわ立派な牡牛、同「犆」「𤙰」◆際立(きわだ)っている、抜きん出ている、非常に◆それ; 産:◆子を生む◆生まれ◆新たに(新たなものを)生み出す、作り出す、また生み出されたもの、「生産(セイサン)」◆土地や財物◆音孔が三つの籥(ヤク、縦笛)、籥よりも太く,N2,on,on+on,B_noun_rad_牛(kun 93%),特:◆牡牛(おすうし)、祭礼の際の犠牲(ギセイ、生贄いけにえ)として選ばれるひときわ立派な牡牛、同「犆」「𤙰」◆際立(きわだ)っている、抜きん出ている、非常に◆それ; 産:◆子を生む◆生まれ◆新たに(新たなものを)生み出す、作り出す、また生み出されたもの、「生産(セイサン)」◆土地や財物◆音孔が三つの籥(ヤク、縦笛)、籥よりも太く
kk_犯行_はんこう,犯行,はんこう,犯:◆入るべきところではないところに入り込む、決められた範囲を越える◆守るべきことを守らない、法律や命令などを破る; 行:◆左足を前に出し(彳)次に右足を前に出す(亍)、足を交互に動かして前に進む◆目的とするところに向かって進む◆遠くに出掛ける、旅に出る◆道、人が往来する道路、同「,N2,on,on+on,,犯:◆入るべきところではないところに入り込む、決められた範囲を越える◆守るべきことを守らない、法律や命令などを破る; 行:◆左足を前に出し(彳)次に右足を前に出す(亍)、足を交互に動かして前に進む◆目的とするところに向かって進む◆遠くに出掛ける、旅に出る◆道、人が往来する道路、同「
kk_狂う_くるう,狂う,くるう,狂:◆常軌(ジョウキ)を逸(イッ)している、正気でない、普通でない、同「𤝵」「𢙌」◆並外れている、程度が甚(はなは)だしい◆[日]滑稽(コッケイ)な,N2,kun,kun,IL1_okurigana(kun 96%) | IL2_single_okuri(kun 96%),狂:◆常軌(ジョウキ)を逸(イッ)している、正気でない、普通でない、同「𤝵」「𢙌」◆並外れている、程度が甚(はなは)だしい◆[日]滑稽(コッケイ)な
kk_狙い_ねらい,狙い,ねらい,狙:◆サル(猿)、サルの一種◆窺(うかが)う、相手に気付かれないようにこっそりと見る、また様子を窺う◆「狙詐(ソサ)」、騙(だま)す,N2,kun,kun,IL1_okurigana(kun 96%) | IL2_single_okuri(kun 96%),狙:◆サル(猿)、サルの一種◆窺(うかが)う、相手に気付かれないようにこっそりと見る、また様子を窺う◆「狙詐(ソサ)」、騙(だま)す
kk_狙う_ねらう,狙う,ねらう,狙:◆サル(猿)、サルの一種◆窺(うかが)う、相手に気付かれないようにこっそりと見る、また様子を窺う◆「狙詐(ソサ)」、騙(だま)す,N2,kun,kun,IL1_okurigana(kun 96%) | IL2_single_okuri(kun 96%),狙:◆サル(猿)、サルの一種◆窺(うかが)う、相手に気付かれないようにこっそりと見る、また様子を窺う◆「狙詐(ソサ)」、騙(だま)す
kk_独りでに_ひとりでに,独りでに,ひとりでに,独:◆一人、一人だけ◆一つ、ただ一つ,N2,kun,kun,IL1_okurigana(kun 96%) | IL2_single_okuri(kun 96%),独:◆一人、一人だけ◆一つ、ただ一つ
kk_独り言_ひとりごと,独り言,ひとりごと,独:◆一人、一人だけ◆一つ、ただ一つ; 言:◆相手に伝えたいことを声に出してはっきりと述べる、またその内容、またそのための語(ゴ、互いに意思の疎通を図るための言葉)◆字(ジ)、文字◆我(われ)、自分を指す,N2,other,mixed+mixed~,IL1_okurigana(kun 96%) | A1_compound_oku(kun 90%) | A1_on_kun_mix(on+kun 65%),独:◆一人、一人だけ◆一つ、ただ一つ; 言:◆相手に伝えたいことを声に出してはっきりと述べる、またその内容、またそのための語(ゴ、互いに意思の疎通を図るための言葉)◆字(ジ)、文字◆我(われ)、自分を指す
kk_独立_どくりつ,独立,どくりつ,独:◆一人、一人だけ◆一つ、ただ一つ; 立:◆地(チ、地面、土台、基盤)に足を着け垂直にする、また垂直になる、地から上に向かって伸ばす、また伸びる◆しっかりとした土台を築いてその上にものを作り上げて行く、,N2,on,on+on,,独:◆一人、一人だけ◆一つ、ただ一つ; 立:◆地(チ、地面、土台、基盤)に足を着け垂直にする、また垂直になる、地から上に向かって伸ばす、また伸びる◆しっかりとした土台を築いてその上にものを作り上げて行く、
kk_独自_どくじ,独自,どくじ,独:◆一人、一人だけ◆一つ、ただ一つ; 自:◆みずか・ら、己(おのれ)、己の◆おの・ずから、己ひとりで、他からの影響を受けずに、それのみの力や意志で◆～から、～より、場所や時間の起点を表す◆みずから、部首,N2,on,on+on,A3_short_compound(on+on 71%),独:◆一人、一人だけ◆一つ、ただ一つ; 自:◆みずか・ら、己(おのれ)、己の◆おの・ずから、己ひとりで、他からの影響を受けずに、それのみの力や意志で◆～から、～より、場所や時間の起点を表す◆みずから、部首
kk_狼_おおかみ,狼,おおかみ,狼:◆オオカミ(狼)、イヌ科の哺乳類◆「狼狽(ロウバイ)」、(「狼」は後足が「狽」は前足が短いため常に一緒に行動するという、この二頭が別々に行動しようとすると上手く,N2,kun,kun,IL2_single_default(kun 84%),狼:◆オオカミ(狼)、イヌ科の哺乳類◆「狼狽(ロウバイ)」、(「狼」は後足が「狽」は前足が短いため常に一緒に行動するという、この二頭が別々に行動しようとすると上手く
kk_献立_こんだて,献立,こんだて,献:◆神や祖先にお供えを奉(ささ)げる◆目上の人や大切な客人に品物や酒食などを差し上げる◆故事や物事によく通じる、またその人、それらを記録に留めたものが「文献」; 立:◆地(チ、地面、土台、基盤)に足を着け垂直にする、また垂直になる、地から上に向かって伸ばす、また伸びる◆しっかりとした土台を築いてその上にものを作り上げて行く、,N2,other,mixed+mixed~,,献:◆神や祖先にお供えを奉(ささ)げる◆目上の人や大切な客人に品物や酒食などを差し上げる◆故事や物事によく通じる、またその人、それらを記録に留めたものが「文献」; 立:◆地(チ、地面、土台、基盤)に足を着け垂直にする、また垂直になる、地から上に向かって伸ばす、また伸びる◆しっかりとした土台を築いてその上にものを作り上げて行く、
kk_獲得_かくとく,獲得,かくとく,獲:◆狩りで鳥獣を殺し捕(と)る、また狩りで捕った鳥獣など、「獲物(えもの、中国では「猎物」)」、生きたまま捕(つか)まえるのは「虜」、「【康熙字典:申集中:虍部:; 得:◆手に入れる、手に入る、自分のものにする、自分のものになる、身に付く◆ぴったりと合う、相応(ふさわ)しい◆意に適(かな)う◆～できる◆儲(もう)かる、出て行くも,N2,on,on+on,,獲:◆狩りで鳥獣を殺し捕(と)る、また狩りで捕った鳥獣など、「獲物(えもの、中国では「猎物」)」、生きたまま捕(つか)まえるのは「虜」、「【康熙字典:申集中:虍部:; 得:◆手に入れる、手に入る、自分のものにする、自分のものになる、身に付く◆ぴったりと合う、相応(ふさわ)しい◆意に適(かな)う◆～できる◆儲(もう)かる、出て行くも
kk_玄人_くろうと,玄人,くろうと,玄:◆やや赤みを帯びた黒色◆濃く深みのある(ほぼ黒に近い)色、深く暗い色、同「𢆯」◆天(テン)、頭上高く無限に広がる空間◆奥深いさま、遥(はる)か遠いさま◆奥深くそ; 人:◆霊長目ヒト科ヒト属の生物、ホモ・サピエンスHomo sapiens(「知恵の人」の意)、同「儿」◆自分以外の者、「人我(ジンガ、他人と自分)」◆人の数(かず),N2,other,mixed+mixed~,,玄:◆やや赤みを帯びた黒色◆濃く深みのある(ほぼ黒に近い)色、深く暗い色、同「𢆯」◆天(テン)、頭上高く無限に広がる空間◆奥深いさま、遥(はる)か遠いさま◆奥深くそ; 人:◆霊長目ヒト科ヒト属の生物、ホモ・サピエンスHomo sapiens(「知恵の人」の意)、同「儿」◆自分以外の者、「人我(ジンガ、他人と自分)」◆人の数(かず)
kk_率直_そっちょく,率直,そっちょく,率:◆鳥を捕らえるための網、一網打尽にする網◆ひき・いる、全体(集団)が乱れないよう一つに纏(まと)める、「統率(トウソツ)」◆従う、纏まり・基準などからはみ出ない; 直:◆ものをまっすぐによく見る◆まっすぐなさま、曲がったり折れたり歪(ゆが)んだりしない(していない)さま、「正直(ショウジキ、まっすぐなこと、嘘や偽りがないこと),N2,on,on+on,,率:◆鳥を捕らえるための網、一網打尽にする網◆ひき・いる、全体(集団)が乱れないよう一つに纏(まと)める、「統率(トウソツ)」◆従う、纏まり・基準などからはみ出ない; 直:◆ものをまっすぐによく見る◆まっすぐなさま、曲がったり折れたり歪(ゆが)んだりしない(していない)さま、「正直(ショウジキ、まっすぐなこと、嘘や偽りがないこと)
kk_現に_げんに,現に,げんに,現:◆それまで見えなかったものが見えるようになる、隠れていたものが表に出てくる◆目の前の、目の前にある、実際の、実際にそこにある◆今の、今ここにある,N2,on,on,IL1_okurigana(kun 96%) | IL2_single_okuri(kun 96%),現:◆それまで見えなかったものが見えるようになる、隠れていたものが表に出てくる◆目の前の、目の前にある、実際の、実際にそこにある◆今の、今ここにある
kk_現れ_あらわれ,現れ,あらわれ,現:◆それまで見えなかったものが見えるようになる、隠れていたものが表に出てくる◆目の前の、目の前にある、実際の、実際にそこにある◆今の、今ここにある,N2,kun,kun,IL1_okurigana(kun 96%) | IL2_single_okuri(kun 96%),現:◆それまで見えなかったものが見えるようになる、隠れていたものが表に出てくる◆目の前の、目の前にある、実際の、実際にそこにある◆今の、今ここにある
kk_現地_げんち,現地,げんち,現:◆それまで見えなかったものが見えるようになる、隠れていたものが表に出てくる◆目の前の、目の前にある、実際の、実際にそこにある◆今の、今ここにある; 地:◆重い陰気が(下に沈み)集まるところ、万物が居並ぶ(存在する)ところ、軽い陽気が(上に浮き)集まるところを「天(テン)」、「【說文解字注:土部:地】元气初分輕清,N2,on,on+on,A3_short_compound(on+on 71%),現:◆それまで見えなかったものが見えるようになる、隠れていたものが表に出てくる◆目の前の、目の前にある、実際の、実際にそこにある◆今の、今ここにある; 地:◆重い陰気が(下に沈み)集まるところ、万物が居並ぶ(存在する)ところ、軽い陽気が(上に浮き)集まるところを「天(テン)」、「【說文解字注:土部:地】元气初分輕清
kk_現場_げんば,現場,げんば,現:◆それまで見えなかったものが見えるようになる、隠れていたものが表に出てくる◆目の前の、目の前にある、実際の、実際にそこにある◆今の、今ここにある; 場:◆(日当たりのよい、収穫した穀物の乾燥・脱穀などをする、また多くの人やものが集まる)広く平らなところ、「広場」、同「塲」◆一段と高くし上を平らに作ったところ、台,N2,mixed,on+kun~,A3_short_compound(on+on 71%),現:◆それまで見えなかったものが見えるようになる、隠れていたものが表に出てくる◆目の前の、目の前にある、実際の、実際にそこにある◆今の、今ここにある; 場:◆(日当たりのよい、収穫した穀物の乾燥・脱穀などをする、また多くの人やものが集まる)広く平らなところ、「広場」、同「塲」◆一段と高くし上を平らに作ったところ、台
kk_現～_げん～,現～,げん～,現:◆それまで見えなかったものが見えるようになる、隠れていたものが表に出てくる◆目の前の、目の前にある、実際の、実際にそこにある◆今の、今ここにある,N2,on,on,IL2_single_default(kun 84%),現:◆それまで見えなかったものが見えるようになる、隠れていたものが表に出てくる◆目の前の、目の前にある、実際の、実際にそこにある◆今の、今ここにある
kk_理想_りそう,理想,りそう,理:◆玉(ギョク、大変美しい石)の筋目(すじめ)、規則正しく並んだ筋目◆物事の正しい筋道◆筋道を立てる、また立っている、筋を通す、また通っている◆筋道に沿って判断す; 想:◆～について考える、また考えを巡(めぐ)らす◆～と思う、～ではないかと思う◆～したいと思う,N2,on,on+on,A3_short_compound(on+on 71%),理:◆玉(ギョク、大変美しい石)の筋目(すじめ)、規則正しく並んだ筋目◆物事の正しい筋道◆筋道を立てる、また立っている、筋を通す、また通っている◆筋道に沿って判断す; 想:◆～について考える、また考えを巡(めぐ)らす◆～と思う、～ではないかと思う◆～したいと思う
kk_瓦_かわら,瓦,かわら,瓦:◆土を目的の形に作って焼いたものの総称◆屋根に敷き詰める波板状の素焼きの土器、またそれを敷く◆ワットwatt(W)、仕事率(工率)や電力などの単位、「瓦特(ワト,N2,kun,kun,IL2_single_default(kun 84%),瓦:◆土を目的の形に作って焼いたものの総称◆屋根に敷き詰める波板状の素焼きの土器、またそれを敷く◆ワットwatt(W)、仕事率(工率)や電力などの単位、「瓦特(ワト
kk_甘やかす_あまやかす,甘やかす,あまやかす,甘:◆あま・い、五味(甘・酸・鹹・苦・辛)の一つ、同「甜」◆あま・い、口当たりがよい◆うま・い、美味(おい)しい、味が良い◆あま・んずる、満足する、よしとする、よし,N2,kun,kun,IL1_okurigana(kun 96%) | IL2_single_okuri(kun 96%),甘:◆あま・い、五味(甘・酸・鹹・苦・辛)の一つ、同「甜」◆あま・い、口当たりがよい◆うま・い、美味(おい)しい、味が良い◆あま・んずる、満足する、よしとする、よし
kk_甚だしい_はなはだしい,甚だしい,はなはだしい,甚:◆(本来そこまで立ち入るべきではないところにまで)深入りする、度が過ぎる◆度を超えて、非常に、極めて、とても、とっても◆なに(what)、同「什」,N2,kun,kun,IL1_okurigana(kun 96%) | IL2_single_okuri(kun 96%),甚:◆(本来そこまで立ち入るべきではないところにまで)深入りする、度が過ぎる◆度を超えて、非常に、極めて、とても、とっても◆なに(what)、同「什」
kk_甚大_じんだい,甚大,じんだい,甚:◆(本来そこまで立ち入るべきではないところにまで)深入りする、度が過ぎる◆度を超えて、非常に、極めて、とても、とっても◆なに(what)、同「什」; 大:◆形・数・量・力・程度などが比較しようとしているもの以上である、求められる(必要とされる、必要な)形・数・量・力・程度などを超(こ)えている、優(すぐ)れる、長,N2,on,on+on,,甚:◆(本来そこまで立ち入るべきではないところにまで)深入りする、度が過ぎる◆度を超えて、非常に、極めて、とても、とっても◆なに(what)、同「什」; 大:◆形・数・量・力・程度などが比較しようとしているもの以上である、求められる(必要とされる、必要な)形・数・量・力・程度などを超(こ)えている、優(すぐ)れる、長
kk_生える_はえる,生える,はえる,生:◆う・まれる、それまでになかった新しいものが現れ出る、また新しいことが起こる◆い・きる、成長し活動できる状態で存在する、またその状態◆なま、現れ出た時のそのまま,N2,kun,kun,IL1_okurigana(kun 96%) | IL2_single_okuri(kun 96%),生:◆う・まれる、それまでになかった新しいものが現れ出る、また新しいことが起こる◆い・きる、成長し活動できる状態で存在する、またその状態◆なま、現れ出た時のそのまま
kk_生き残る_いきのこる,生き残る,いきのこる,生:◆う・まれる、それまでになかった新しいものが現れ出る、また新しいことが起こる◆い・きる、成長し活動できる状態で存在する、またその状態◆なま、現れ出た時のそのまま; 残:◆傷付ける、害(ガイ)する、壊(こわ)す◆踏(ふ)み付けにする、平気で人に危害を加える◆酷(むご)い◆必要なものを取り除いた余り、必要なものを満たすために不足し,N2,kun,kun+kun~,IL1_okurigana(kun 96%) | A1_compound_oku(kun 90%) | A1_on_kun_mix(on+kun 65%),生:◆う・まれる、それまでになかった新しいものが現れ出る、また新しいことが起こる◆い・きる、成長し活動できる状態で存在する、またその状態◆なま、現れ出た時のそのまま; 残:◆傷付ける、害(ガイ)する、壊(こわ)す◆踏(ふ)み付けにする、平気で人に危害を加える◆酷(むご)い◆必要なものを取り除いた余り、必要なものを満たすために不足し
kk_生き甲斐_いきがい,生き甲斐,いきがい,生:◆う・まれる、それまでになかった新しいものが現れ出る、また新しいことが起こる◆い・きる、成長し活動できる状態で存在する、またその状態◆なま、現れ出た時のそのまま; 甲:◆きのえ、十干(ジッカン、甲・乙・丙・丁・戊・己・庚・辛・壬・癸)の一番目、「甲乙(コウオツ、一番目と二番目、順位や等級・優劣)」 ◆序列・順序や等級の一番、一; 斐:◆複雑に入り組んだ紋様、紋様が美しいさま◆文章の表現や構成が巧みなさま,N2,on,mixed+mixed+on~,IL1_okurigana(kun 96%) | A1_compound_oku(kun 90%) | A1_on_kun_mix(on+kun 65%),生:◆う・まれる、それまでになかった新しいものが現れ出る、また新しいことが起こる◆い・きる、成長し活動できる状態で存在する、またその状態◆なま、現れ出た時のそのまま; 甲:◆きのえ、十干(ジッカン、甲・乙・丙・丁・戊・己・庚・辛・壬・癸)の一番目、「甲乙(コウオツ、一番目と二番目、順位や等級・優劣)」 ◆序列・順序や等級の一番、一; 斐:◆複雑に入り組んだ紋様、紋様が美しいさま◆文章の表現や構成が巧みなさま
kk_生み出す_うみだす,生み出す,うみだす,生:◆う・まれる、それまでになかった新しいものが現れ出る、また新しいことが起こる◆い・きる、成長し活動できる状態で存在する、またその状態◆なま、現れ出た時のそのまま; 出:◆範囲・領域・組織や区切り・境界の内(内側、内部、裏側、こちら側、私的なところ)から外(外側、外部、表側、向こう側、公のところ)に移る、また移す、外から内へ移る,N2,kun,kun+kun~,IL1_okurigana(kun 96%) | A1_compound_oku(kun 90%) | A1_on_kun_mix(on+kun 65%),生:◆う・まれる、それまでになかった新しいものが現れ出る、また新しいことが起こる◆い・きる、成長し活動できる状態で存在する、またその状態◆なま、現れ出た時のそのまま; 出:◆範囲・領域・組織や区切り・境界の内(内側、内部、裏側、こちら側、私的なところ)から外(外側、外部、表側、向こう側、公のところ)に移る、また移す、外から内へ移る
kk_生る_なる,生る,なる,生:◆う・まれる、それまでになかった新しいものが現れ出る、また新しいことが起こる◆い・きる、成長し活動できる状態で存在する、またその状態◆なま、現れ出た時のそのまま,N2,other,unknown,IL1_okurigana(kun 96%) | IL2_single_okuri(kun 96%),生:◆う・まれる、それまでになかった新しいものが現れ出る、また新しいことが起こる◆い・きる、成長し活動できる状態で存在する、またその状態◆なま、現れ出た時のそのまま
kk_生理_せいり,生理,せいり,生:◆う・まれる、それまでになかった新しいものが現れ出る、また新しいことが起こる◆い・きる、成長し活動できる状態で存在する、またその状態◆なま、現れ出た時のそのまま; 理:◆玉(ギョク、大変美しい石)の筋目(すじめ)、規則正しく並んだ筋目◆物事の正しい筋道◆筋道を立てる、また立っている、筋を通す、また通っている◆筋道に沿って判断す,N2,on,on+on,A3_short_compound(on+on 71%),生:◆う・まれる、それまでになかった新しいものが現れ出る、また新しいことが起こる◆い・きる、成長し活動できる状態で存在する、またその状態◆なま、現れ出た時のそのまま; 理:◆玉(ギョク、大変美しい石)の筋目(すじめ)、規則正しく並んだ筋目◆物事の正しい筋道◆筋道を立てる、また立っている、筋を通す、また通っている◆筋道に沿って判断す
kk_生育_せいいく,生育,せいいく,生:◆う・まれる、それまでになかった新しいものが現れ出る、また新しいことが起こる◆い・きる、成長し活動できる状態で存在する、またその状態◆なま、現れ出た時のそのまま; 育:◆(生まれたばかりの子「𠫓」に)栄養や知識などを与えて成長させる、養分を与えて生長させる◆古「毓」,N2,on,on+on,,生:◆う・まれる、それまでになかった新しいものが現れ出る、また新しいことが起こる◆い・きる、成長し活動できる状態で存在する、またその状態◆なま、現れ出た時のそのまま; 育:◆(生まれたばかりの子「𠫓」に)栄養や知識などを与えて成長させる、養分を与えて生長させる◆古「毓」
kk_生計_せいけい,生計,せいけい,生:◆う・まれる、それまでになかった新しいものが現れ出る、また新しいことが起こる◆い・きる、成長し活動できる状態で存在する、またその状態◆なま、現れ出た時のそのまま; 計:◆数える、測る◆(その年の)出納を合わせる◆見積もる、見当をつける,N2,on,on+on,B_verb_rad_言(kun 80%),生:◆う・まれる、それまでになかった新しいものが現れ出る、また新しいことが起こる◆い・きる、成長し活動できる状態で存在する、またその状態◆なま、現れ出た時のそのまま; 計:◆数える、測る◆(その年の)出納を合わせる◆見積もる、見当をつける
kk_産む/生む_うむ,産む/生む,うむ,産:◆子を生む◆生まれ◆新たに(新たなものを)生み出す、作り出す、また生み出されたもの、「生産(セイサン)」◆土地や財物◆音孔が三つの籥(ヤク、縦笛)、籥よりも太く; 生:◆う・まれる、それまでになかった新しいものが現れ出る、また新しいことが起こる◆い・きる、成長し活動できる状態で存在する、またその状態◆なま、現れ出た時のそのまま,N2,kun,kun+kun~,IL1_okurigana(kun 96%) | A1_compound_oku(kun 90%) | A1_on_kun_mix(on+kun 65%),産:◆子を生む◆生まれ◆新たに(新たなものを)生み出す、作り出す、また生み出されたもの、「生産(セイサン)」◆土地や財物◆音孔が三つの籥(ヤク、縦笛)、籥よりも太く; 生:◆う・まれる、それまでになかった新しいものが現れ出る、また新しいことが起こる◆い・きる、成長し活動できる状態で存在する、またその状態◆なま、現れ出た時のそのまま
kk_用いる_もちいる,用いる,もちいる,用:◆人や物、或いはその特性や能力を使う、また使ってあることを行う、また役立たせる◆働かせる、発揮させる、またそのために必要な特性・能力・金銭など◆以(もっ)て◆[,N2,kun,kun,IL1_okurigana(kun 96%) | IL2_single_okuri(kun 96%),用:◆人や物、或いはその特性や能力を使う、また使ってあることを行う、また役立たせる◆働かせる、発揮させる、またそのために必要な特性・能力・金銭など◆以(もっ)て◆[
kk_用件_ようけん,用件,ようけん,用:◆人や物、或いはその特性や能力を使う、また使ってあることを行う、また役立たせる◆働かせる、発揮させる、またそのために必要な特性・能力・金銭など◆以(もっ)て◆[; 件:◆分(わ)ける、区分(くわけ)する、区分けされているものを数える語、物や事(こと)を数える語◆事、事柄(ことがら)◆[日]くだん、くだり、前に取り上げた事柄,N2,on,on+on,,用:◆人や物、或いはその特性や能力を使う、また使ってあることを行う、また役立たせる◆働かせる、発揮させる、またそのために必要な特性・能力・金銭など◆以(もっ)て◆[; 件:◆分(わ)ける、区分(くわけ)する、区分けされているものを数える語、物や事(こと)を数える語◆事、事柄(ことがら)◆[日]くだん、くだり、前に取り上げた事柄
kk_用品_ようひん,用品,ようひん,用:◆人や物、或いはその特性や能力を使う、また使ってあることを行う、また役立たせる◆働かせる、発揮させる、またそのために必要な特性・能力・金銭など◆以(もっ)て◆[; 品:◆物(もの)、多くの物、様々な物◆もの(人や物)の本質・価値・程度を判断する◆ものの値打ち、また価値、また程度・等級,N2,on,on+on,,用:◆人や物、或いはその特性や能力を使う、また使ってあることを行う、また役立たせる◆働かせる、発揮させる、またそのために必要な特性・能力・金銭など◆以(もっ)て◆[; 品:◆物(もの)、多くの物、様々な物◆もの(人や物)の本質・価値・程度を判断する◆ものの値打ち、また価値、また程度・等級
kk_用心_ようじん,用心,ようじん,用:◆人や物、或いはその特性や能力を使う、また使ってあることを行う、また役立たせる◆働かせる、発揮させる、またそのために必要な特性・能力・金銭など◆以(もっ)て◆[; 心:◆血液を循環させる働きをする臓器で五臓(心シン・肝カン・脾ヒ・肺ハイ・腎ジン)の一つ ◆ものの真(ま)ん中、真ん中(中心)にあるもの、ものの重要な部分、ものの本,N2,other,mixed+mixed~,,用:◆人や物、或いはその特性や能力を使う、また使ってあることを行う、また役立たせる◆働かせる、発揮させる、またそのために必要な特性・能力・金銭など◆以(もっ)て◆[; 心:◆血液を循環させる働きをする臓器で五臓(心シン・肝カン・脾ヒ・肺ハイ・腎ジン)の一つ ◆ものの真(ま)ん中、真ん中(中心)にあるもの、ものの重要な部分、ものの本
kk_用心深い_ようじんぶかい,用心深い,ようじんぶかい,用:◆人や物、或いはその特性や能力を使う、また使ってあることを行う、また役立たせる◆働かせる、発揮させる、またそのために必要な特性・能力・金銭など◆以(もっ)て◆[; 心:◆血液を循環させる働きをする臓器で五臓(心シン・肝カン・脾ヒ・肺ハイ・腎ジン)の一つ ◆ものの真(ま)ん中、真ん中(中心)にあるもの、ものの重要な部分、ものの本; 深:◆水面から底までの距離が大きい、入口から奥までが遠い、表面から内部に大きく入り込んでいる◆基準とする時や時間から長い時や時間が経(た)つ、「深夜(シンヤ)」「深,N2,other,mixed+mixed+mixed~,IL1_okurigana(kun 96%) | A1_compound_oku(kun 90%) | A1_on_kun_mix(on+kun 65%),用:◆人や物、或いはその特性や能力を使う、また使ってあることを行う、また役立たせる◆働かせる、発揮させる、またそのために必要な特性・能力・金銭など◆以(もっ)て◆[; 心:◆血液を循環させる働きをする臓器で五臓(心シン・肝カン・脾ヒ・肺ハイ・腎ジン)の一つ ◆ものの真(ま)ん中、真ん中(中心)にあるもの、ものの重要な部分、ものの本; 深:◆水面から底までの距離が大きい、入口から奥までが遠い、表面から内部に大きく入り込んでいる◆基準とする時や時間から長い時や時間が経(た)つ、「深夜(シンヤ)」「深
kk_用語_ようご,用語,ようご,用:◆人や物、或いはその特性や能力を使う、また使ってあることを行う、また役立たせる◆働かせる、発揮させる、またそのために必要な特性・能力・金銭など◆以(もっ)て◆[; 語:◆他に向かって述べる、また告げる、考えや思い・言い伝えなどを話す◆意味を持つ言葉、話(はなし),N2,on,on+on,A3_short_compound(on+on 71%) | B_verb_rad_言(kun 80%),用:◆人や物、或いはその特性や能力を使う、また使ってあることを行う、また役立たせる◆働かせる、発揮させる、またそのために必要な特性・能力・金銭など◆以(もっ)て◆[; 語:◆他に向かって述べる、また告げる、考えや思い・言い伝えなどを話す◆意味を持つ言葉、話(はなし)
kk_用途_ようと,用途,ようと,用:◆人や物、或いはその特性や能力を使う、また使ってあることを行う、また役立たせる◆働かせる、発揮させる、またそのために必要な特性・能力・金銭など◆以(もっ)て◆[; 途:◆(途切れることなく繋がっている)道、道路、同「涂」「塗」◆(目的とするところに達するための)道、道筋,N2,on,on+on,A3_short_compound(on+on 71%),用:◆人や物、或いはその特性や能力を使う、また使ってあることを行う、また役立たせる◆働かせる、発揮させる、またそのために必要な特性・能力・金銭など◆以(もっ)て◆[; 途:◆(途切れることなく繋がっている)道、道路、同「涂」「塗」◆(目的とするところに達するための)道、道筋
kk_田植え_たうえ,田植え,たうえ,田:◆畦(あぜ)などで区画され平らに整地された耕作地、主に農作物を栽培する土地、同「佃」◆狩(か)り、狩りをする、「田漁(デンギョ、漁猟)」「田犬(デンケン、狩猟犬; 植:◆草木の根を土中に埋めて茎(ケイ、くき)や幹(カン、みき)の部分をまっすぐに立たせる◆まっすぐに立てる、しっかりと立てる、しっかりと据(す)える、同「樹」「置」,N2,kun,kun+kun,IL1_okurigana(kun 96%) | A1_compound_oku(kun 90%) | A1_on_kun_mix(on+kun 65%),田:◆畦(あぜ)などで区画され平らに整地された耕作地、主に農作物を栽培する土地、同「佃」◆狩(か)り、狩りをする、「田漁(デンギョ、漁猟)」「田犬(デンケン、狩猟犬; 植:◆草木の根を土中に埋めて茎(ケイ、くき)や幹(カン、みき)の部分をまっすぐに立たせる◆まっすぐに立てる、しっかりと立てる、しっかりと据(す)える、同「樹」「置」
kk_申し訳_もうしわけ,申し訳,もうしわけ,申:◆さる、十二支の九番目、時刻では午後四時を中心とした二時間、方角では西南西、動物ではサル(猿)を当てる ◆伸ばす、折れたり曲がっているものをまっすぐにする、同「; 訳:◆言葉・文章や文字を、意味が通じるように(理解できるように、分かりやすいように)他の(別の)言葉・文章や文字に置き換える(言い換える)、またそれができる人(通訳,N2,kun,kun+kun~,IL1_okurigana(kun 96%) | A1_compound_oku(kun 90%) | A1_on_kun_mix(on+kun 65%),申:◆さる、十二支の九番目、時刻では午後四時を中心とした二時間、方角では西南西、動物ではサル(猿)を当てる ◆伸ばす、折れたり曲がっているものをまっすぐにする、同「; 訳:◆言葉・文章や文字を、意味が通じるように(理解できるように、分かりやすいように)他の(別の)言葉・文章や文字に置き換える(言い換える)、またそれができる人(通訳
kk_申請_しんせい,申請,しんせい,申:◆さる、十二支の九番目、時刻では午後四時を中心とした二時間、方角では西南西、動物ではサル(猿)を当てる ◆伸ばす、折れたり曲がっているものをまっすぐにする、同「; 請:◆乞(こ)う、頼む、頼みごとをする、君主や神仏などにお願いする◆どうか(～して下さい)◆招く、招きに応(こた)えて来てくれた人を大切にもてなす◆依頼を受ける、頼,N2,on,on+on,B_verb_rad_言(kun 80%),申:◆さる、十二支の九番目、時刻では午後四時を中心とした二時間、方角では西南西、動物ではサル(猿)を当てる ◆伸ばす、折れたり曲がっているものをまっすぐにする、同「; 請:◆乞(こ)う、頼む、頼みごとをする、君主や神仏などにお願いする◆どうか(～して下さい)◆招く、招きに応(こた)えて来てくれた人を大切にもてなす◆依頼を受ける、頼
kk_男優_だんゆう,男優,だんゆう,男:◆雄(ユウ、おす)としての特性を持つ人、女(雌めすとしての特性を持つ人)と対になる性の一方、「田畑で力仕事をする人」の意◆息子(むすこ)◆親に対しての息子の自称; 優:◆ゆったりとしている、ゆとりがある、穏(おだ)やかな、「強く締め付けられていない(制限・束縛されていない)様子や状態」を指す◆余裕があるさま、豊かなさま◆すぐ・,N2,on,on+on,,男:◆雄(ユウ、おす)としての特性を持つ人、女(雌めすとしての特性を持つ人)と対になる性の一方、「田畑で力仕事をする人」の意◆息子(むすこ)◆親に対しての息子の自称; 優:◆ゆったりとしている、ゆとりがある、穏(おだ)やかな、「強く締め付けられていない(制限・束縛されていない)様子や状態」を指す◆余裕があるさま、豊かなさま◆すぐ・
kk_画家_がか,画家,がか,画:◆筆で線を引く、また線を引いて区切る、同「划」◆漢字の線や点の数(画数)を数える語◆輪郭(リンカク)を描く◆事に先立って案を作る、計画する、同「図」◆絵、絵を描; 家:◆屋根(「宀」)があり四周が戸や壁で遮(さえぎ)られている建物、豕(いのこ、ブタ)などの大切な家畜を飼(か)う建物◆同じ屋根の下で親子や一族が共に生活する、人が,N2,on,on+on,A3_short_compound(on+on 71%) | B_noun_rad_宀(kun 93%),画:◆筆で線を引く、また線を引いて区切る、同「划」◆漢字の線や点の数(画数)を数える語◆輪郭(リンカク)を描く◆事に先立って案を作る、計画する、同「図」◆絵、絵を描; 家:◆屋根(「宀」)があり四周が戸や壁で遮(さえぎ)られている建物、豕(いのこ、ブタ)などの大切な家畜を飼(か)う建物◆同じ屋根の下で親子や一族が共に生活する、人が
kk_畔_ほとり,畔,ほとり,畔:◆田畑の区切り(境界)、同「畦」◆水(川・海・湖・池など)と地面の境目、岸辺(きしべ)、水面よりも高くなっているところ(地面が現れているところ)、同「溿」「泮」,N2,other,unknown,IL2_single_default(kun 84%),畔:◆田畑の区切り(境界)、同「畦」◆水(川・海・湖・池など)と地面の境目、岸辺(きしべ)、水面よりも高くなっているところ(地面が現れているところ)、同「溿」「泮」
kk_略_ほぼ,略,ほぼ,略:◆治(おさ)める、統治する、またそのための方策、またその土地・領地、またその境界◆掠(かす)める、奪い取る、同「掠」◆主要な部分だけを残してそれ以外を省(はぶ),N2,on,on~,IL2_on_only(on 99%),略:◆治(おさ)める、統治する、またそのための方策、またその土地・領地、またその境界◆掠(かす)める、奪い取る、同「掠」◆主要な部分だけを残してそれ以外を省(はぶ)
kk_略す_りゃくす,略す,りゃくす,略:◆治(おさ)める、統治する、またそのための方策、またその土地・領地、またその境界◆掠(かす)める、奪い取る、同「掠」◆主要な部分だけを残してそれ以外を省(はぶ),N2,on,on,IL1_okurigana(kun 96%) | IL2_single_okuri(kun 96%),略:◆治(おさ)める、統治する、またそのための方策、またその土地・領地、またその境界◆掠(かす)める、奪い取る、同「掠」◆主要な部分だけを残してそれ以外を省(はぶ)
kk_番_ばん,番,ばん,番:◆順に並んでいるものを次々に入れ替えながら繰り返すこと、またその順位、またその順位に当たること、「輪番(リンバン、順番に交替しながら繰り返すこと)」「當番(トウ,N2,on,on,IL2_single_default(kun 84%),番:◆順に並んでいるものを次々に入れ替えながら繰り返すこと、またその順位、またその順位に当たること、「輪番(リンバン、順番に交替しながら繰り返すこと)」「當番(トウ
kk_異なる_ことなる,異なる,ことなる,異:◆こと・なる、(あれとは、これとは)別の、違った、同じでない◆普通(平常、一般)とは違っている、怪しい◆別々にする、分ける◆簡「异」,N2,kun,kun,IL1_okurigana(kun 96%) | IL2_single_okuri(kun 96%),異:◆こと・なる、(あれとは、これとは)別の、違った、同じでない◆普通(平常、一般)とは違っている、怪しい◆別々にする、分ける◆簡「异」
kk_疑い_うたがい,疑い,うたがい,疑:◆ああかもしれないこうかもしれないと思いが乱れ一歩を踏み出せない、もしかしたらと惑(まど)いどちらとも決め兼ねる◆(はっきりとした根拠はないが)もしかしたらと思,N2,kun,kun,IL1_okurigana(kun 96%) | IL2_single_okuri(kun 96%),疑:◆ああかもしれないこうかもしれないと思いが乱れ一歩を踏み出せない、もしかしたらと惑(まど)いどちらとも決め兼ねる◆(はっきりとした根拠はないが)もしかしたらと思
kk_症状_しょうじょう,症状,しょうじょう,症:◆病気の状態、病状◆繁「癥」; 状:◆形、姿形(すがたかたち)、有様(ありさま)、情況(ジョウキョウ)、様子(ヨウシ、ようす)◆様子を述べる、言い表す、またその文書や手紙,N2,on,on+on,,症:◆病気の状態、病状◆繁「癥」; 状:◆形、姿形(すがたかたち)、有様(ありさま)、情況(ジョウキョウ)、様子(ヨウシ、ようす)◆様子を述べる、言い表す、またその文書や手紙
kk_痺れる_しびれる,痺れる,しびれる,痺:◆筋肉や関節が痛んだり麻痺(まひ、感覚がなくなる)したりする、同「痹」◆雌のウズラ(鶉)、キジ科のウズラ属・ヤマウズラ属など、またミフウズラ科・ナンベイウズラ科,N2,kun,kun,IL1_okurigana(kun 96%) | IL2_single_okuri(kun 96%),痺:◆筋肉や関節が痛んだり麻痺(まひ、感覚がなくなる)したりする、同「痹」◆雌のウズラ(鶉)、キジ科のウズラ属・ヤマウズラ属など、またミフウズラ科・ナンベイウズラ科
kk_発射_はっしゃ,発射,はっしゃ,発:◆矢を放つ、外(離れて行く方向)に向かって勢いよく飛び出る◆動いていなかったものが勢いよく動き出す、物事が動き出す、物事が始まる、行動を起こす◆隠れていたものが; 射:◆弓を引き絞って番(つが)えた矢を放つ、敵や的(まと)に向かって矢や弾(たま)などを放つ、同「䠶」「𢎤」◆弓から放たれた矢が目標に向かって一直線に高速に飛んで行,N2,on,on+on,A3_short_compound(on+on 71%),発:◆矢を放つ、外(離れて行く方向)に向かって勢いよく飛び出る◆動いていなかったものが勢いよく動き出す、物事が動き出す、物事が始まる、行動を起こす◆隠れていたものが; 射:◆弓を引き絞って番(つが)えた矢を放つ、敵や的(まと)に向かって矢や弾(たま)などを放つ、同「䠶」「𢎤」◆弓から放たれた矢が目標に向かって一直線に高速に飛んで行
kk_発揮_はっき,発揮,はっき,発:◆矢を放つ、外(離れて行く方向)に向かって勢いよく飛び出る◆動いていなかったものが勢いよく動き出す、物事が動き出す、物事が始まる、行動を起こす◆隠れていたものが; 揮:◆(手や旗を)右に左に振る、振り回す、同「㩣」◆(手や旗を)振って指図(さしず)する、指示する、合図する、「指揮(シキ)」、同「撝」◆(ぱっと)手を振って拭い落,N2,on,on+on,A3_short_compound(on+on 71%) | B_verb_rad_手(kun 80%),発:◆矢を放つ、外(離れて行く方向)に向かって勢いよく飛び出る◆動いていなかったものが勢いよく動き出す、物事が動き出す、物事が始まる、行動を起こす◆隠れていたものが; 揮:◆(手や旗を)右に左に振る、振り回す、同「㩣」◆(手や旗を)振って指図(さしず)する、指示する、合図する、「指揮(シキ)」、同「撝」◆(ぱっと)手を振って拭い落
kk_発生_はっせい,発生,はっせい,発:◆矢を放つ、外(離れて行く方向)に向かって勢いよく飛び出る◆動いていなかったものが勢いよく動き出す、物事が動き出す、物事が始まる、行動を起こす◆隠れていたものが; 生:◆う・まれる、それまでになかった新しいものが現れ出る、また新しいことが起こる◆い・きる、成長し活動できる状態で存在する、またその状態◆なま、現れ出た時のそのまま,N2,on,on+on,,発:◆矢を放つ、外(離れて行く方向)に向かって勢いよく飛び出る◆動いていなかったものが勢いよく動き出す、物事が動き出す、物事が始まる、行動を起こす◆隠れていたものが; 生:◆う・まれる、それまでになかった新しいものが現れ出る、また新しいことが起こる◆い・きる、成長し活動できる状態で存在する、またその状態◆なま、現れ出た時のそのまま
kk_発行_はっこう,発行,はっこう,発:◆矢を放つ、外(離れて行く方向)に向かって勢いよく飛び出る◆動いていなかったものが勢いよく動き出す、物事が動き出す、物事が始まる、行動を起こす◆隠れていたものが; 行:◆左足を前に出し(彳)次に右足を前に出す(亍)、足を交互に動かして前に進む◆目的とするところに向かって進む◆遠くに出掛ける、旅に出る◆道、人が往来する道路、同「,N2,on,on+on,,発:◆矢を放つ、外(離れて行く方向)に向かって勢いよく飛び出る◆動いていなかったものが勢いよく動き出す、物事が動き出す、物事が始まる、行動を起こす◆隠れていたものが; 行:◆左足を前に出し(彳)次に右足を前に出す(亍)、足を交互に動かして前に進む◆目的とするところに向かって進む◆遠くに出掛ける、旅に出る◆道、人が往来する道路、同「
kk_発電_はつでん,発電,はつでん,発:◆矢を放つ、外(離れて行く方向)に向かって勢いよく飛び出る◆動いていなかったものが勢いよく動き出す、物事が動き出す、物事が始まる、行動を起こす◆隠れていたものが; 電:◆雷(かみなり)の光、稲妻(いなずま)◆光や音のように一瞬で遠くまで届くもの、また伝わるもの,N2,on,on+on,B_noun_rad_雨(kun 93%),発:◆矢を放つ、外(離れて行く方向)に向かって勢いよく飛び出る◆動いていなかったものが勢いよく動き出す、物事が動き出す、物事が始まる、行動を起こす◆隠れていたものが; 電:◆雷(かみなり)の光、稲妻(いなずま)◆光や音のように一瞬で遠くまで届くもの、また伝わるもの
kk_白髪_しらが,白髪,しらが,白:◆無色、雪の色、どんな色にも染まっていないさま、同「㿟」「皛」◆曇りがないさま、汚(けが)れがないさま、清(きよ)いさま◆何もないさま、あるがままであるさま、「; 髪:◆人の頭部の毛 ◆(山に生える草木が頭に生える髪に似ていることから)草木,N2,other,mixed+mixed~,A3_short_compound(on+on 71%),白:◆無色、雪の色、どんな色にも染まっていないさま、同「㿟」「皛」◆曇りがないさま、汚(けが)れがないさま、清(きよ)いさま◆何もないさま、あるがままであるさま、「; 髪:◆人の頭部の毛 ◆(山に生える草木が頭に生える髪に似ていることから)草木
kk_百科事典_ひゃっかじてん,百科事典,ひゃっかじてん,百:◆数の名、十の十倍、ヘクトhecto ◆数(数・回数・頻度・種類など)が多いさま◆多くの; 科:◆穀物の生産量や品質の良し悪しの程度を幾つかに区分し順に並べたもの、等級◆罪の軽重に従い量刑を定める、またそれを適用する(科する)◆分類し同等のものを一つに纏(; 事:◆こと、動作・現象・状態など形のないものを指す語、形のあるものは「物」、「事情(ジジョウ、ことの様子)」「無事(ブジ、何事もないさま)」◆職(ショク)、仕事や役,N2,other,mixed+mixed+mixed+mixed~,A4_multi_on(on+on+on+on 65%),百:◆数の名、十の十倍、ヘクトhecto ◆数(数・回数・頻度・種類など)が多いさま◆多くの; 科:◆穀物の生産量や品質の良し悪しの程度を幾つかに区分し順に並べたもの、等級◆罪の軽重に従い量刑を定める、またそれを適用する(科する)◆分類し同等のものを一つに纏(; 事:◆こと、動作・現象・状態など形のないものを指す語、形のあるものは「物」、「事情(ジジョウ、ことの様子)」「無事(ブジ、何事もないさま)」◆職(ショク)、仕事や役
kk_的確/適確_てきかく,的確/適確,てきかく,的:◆弓で矢を射(い)る時の目標とするもの、同「㢩」「墑」◆額(ひたい)の部分だけが白い馬、またその額の白い部分、女性が額に施(ほどこ)す(赤い点状の)装飾◆(弓の; 確:◆石のように堅(かた)い、堅くしっかりとしていて揺るぎがない◆間違いない◆簡「确」; 適:◆(目的とする方に向かって)往く、(目的とする方に)向かう◆向かう方向が目的に合っている、意に沿(そ)っている、相応(ふさわ)しい◆(ちょうど合っていて、自分の,N2,on,on+on+on+on~,A4_multi_on(on+on+on+on 65%),的:◆弓で矢を射(い)る時の目標とするもの、同「㢩」「墑」◆額(ひたい)の部分だけが白い馬、またその額の白い部分、女性が額に施(ほどこ)す(赤い点状の)装飾◆(弓の; 確:◆石のように堅(かた)い、堅くしっかりとしていて揺るぎがない◆間違いない◆簡「确」; 適:◆(目的とする方に向かって)往く、(目的とする方に)向かう◆向かう方向が目的に合っている、意に沿(そ)っている、相応(ふさわ)しい◆(ちょうど合っていて、自分の
kk_皆無_かいむ,皆無,かいむ,皆:◆揃って、一緒に、共に、同「倶」「偕」◆[日]みな、全て、全部◆[日]みんな、全ての人; 無:◆ない、存在しない、有(ゆう)していない◆～ではない、～であってはならない◆簡「无」,N2,on,on+on,A3_short_compound(on+on 71%),皆:◆揃って、一緒に、共に、同「倶」「偕」◆[日]みな、全て、全部◆[日]みんな、全ての人; 無:◆ない、存在しない、有(ゆう)していない◆～ではない、～であってはならない◆簡「无」
kk_皮肉_ひにく,皮肉,ひにく,皮:◆体の表面を覆っている膜状のもの、動物の皮を剥いで平らに延ばし乾かしたりしたものは「革」、鞣(なめ)したものは「韋」◆物事の表面を覆っている膜状のもの◆かわ、ひ; 肉:◆人や動物の骨・臓器などを除いた部分、果実の種などを除いた部分、ものの内部の骨・内臓・種などを厚く覆(おお)い、外的な力からそれらを保護し、同時にその形状や位置,N2,on,on+on,A3_short_compound(on+on 71%),皮:◆体の表面を覆っている膜状のもの、動物の皮を剥いで平らに延ばし乾かしたりしたものは「革」、鞣(なめ)したものは「韋」◆物事の表面を覆っている膜状のもの◆かわ、ひ; 肉:◆人や動物の骨・臓器などを除いた部分、果実の種などを除いた部分、ものの内部の骨・内臓・種などを厚く覆(おお)い、外的な力からそれらを保護し、同時にその形状や位置
kk_皮肉る_ひにくる,皮肉る,ひにくる,皮:◆体の表面を覆っている膜状のもの、動物の皮を剥いで平らに延ばし乾かしたりしたものは「革」、鞣(なめ)したものは「韋」◆物事の表面を覆っている膜状のもの◆かわ、ひ; 肉:◆人や動物の骨・臓器などを除いた部分、果実の種などを除いた部分、ものの内部の骨・内臓・種などを厚く覆(おお)い、外的な力からそれらを保護し、同時にその形状や位置,N2,on,on+on~,IL1_okurigana(kun 96%) | A1_compound_oku(kun 90%) | A1_on_kun_mix(on+kun 65%),皮:◆体の表面を覆っている膜状のもの、動物の皮を剥いで平らに延ばし乾かしたりしたものは「革」、鞣(なめ)したものは「韋」◆物事の表面を覆っている膜状のもの◆かわ、ひ; 肉:◆人や動物の骨・臓器などを除いた部分、果実の種などを除いた部分、ものの内部の骨・内臓・種などを厚く覆(おお)い、外的な力からそれらを保護し、同時にその形状や位置
kk_盆_ぼん,盆,ぼん,盆:◆口が開き底が平らな容器、水を入れる鉢(はち)やボウルbowlの類、形や用途はさまざま、「水盆(スイボン、手洗いなどに用いる器）」「臉盆(レンボン、洗面用の器),N2,on,on,IL2_on_only(on 99%),盆:◆口が開き底が平らな容器、水を入れる鉢(はち)やボウルbowlの類、形や用途はさまざま、「水盆(スイボン、手洗いなどに用いる器）」「臉盆(レンボン、洗面用の器)
kk_盆地_ぼんち,盆地,ぼんち,盆:◆口が開き底が平らな容器、水を入れる鉢(はち)やボウルbowlの類、形や用途はさまざま、「水盆(スイボン、手洗いなどに用いる器）」「臉盆(レンボン、洗面用の器); 地:◆重い陰気が(下に沈み)集まるところ、万物が居並ぶ(存在する)ところ、軽い陽気が(上に浮き)集まるところを「天(テン)」、「【說文解字注:土部:地】元气初分輕清,N2,on,on+on,A3_short_compound(on+on 71%),盆:◆口が開き底が平らな容器、水を入れる鉢(はち)やボウルbowlの類、形や用途はさまざま、「水盆(スイボン、手洗いなどに用いる器）」「臉盆(レンボン、洗面用の器); 地:◆重い陰気が(下に沈み)集まるところ、万物が居並ぶ(存在する)ところ、軽い陽気が(上に浮き)集まるところを「天(テン)」、「【說文解字注:土部:地】元气初分輕清
kk_盗み～_ぬすみ～,盗み～,ぬすみ～,盗:◆本来自分のものではないのものを(相手の許しを得ないまま、こっそりと)自分のものにする,N2,kun,kun,IL1_okurigana(kun 96%) | IL2_single_okuri(kun 96%),盗:◆本来自分のものではないのものを(相手の許しを得ないまま、こっそりと)自分のものにする
kk_盛り_さかり,盛り,さかり,盛:◆器(うつわ)に山のようにものを入れる、山のように積み上げる、これ以上は入らないという程に入れる◆一杯になるさま、満ち溢(あふ)れるさま、豊かなさま◆力や勢いが,N2,kun,kun,IL1_okurigana(kun 96%) | IL2_single_okuri(kun 96%),盛:◆器(うつわ)に山のようにものを入れる、山のように積み上げる、これ以上は入らないという程に入れる◆一杯になるさま、満ち溢(あふ)れるさま、豊かなさま◆力や勢いが
kk_盛り上がる_もりあがる,盛り上がる,もりあがる,盛:◆器(うつわ)に山のようにものを入れる、山のように積み上げる、これ以上は入らないという程に入れる◆一杯になるさま、満ち溢(あふ)れるさま、豊かなさま◆力や勢いが; 上:◆位置・場所・地位などが高い、高い方にある◆高い方に移る、昇る、登る◆順序・時間などが前、前の方にある◆前の方に移る◆等級・品質などが高い、優れている◆殿様、皇,N2,kun,kun+kun~,IL1_okurigana(kun 96%) | A1_compound_oku(kun 90%) | A1_on_kun_mix(on+kun 65%),盛:◆器(うつわ)に山のようにものを入れる、山のように積み上げる、これ以上は入らないという程に入れる◆一杯になるさま、満ち溢(あふ)れるさま、豊かなさま◆力や勢いが; 上:◆位置・場所・地位などが高い、高い方にある◆高い方に移る、昇る、登る◆順序・時間などが前、前の方にある◆前の方に移る◆等級・品質などが高い、優れている◆殿様、皇
kk_監視_かんし,監視,かんし,監:◆水を張った盆(ボン)を上から覗き込み、そこに映ったものをよく見る、同「鑑」◆実物を見て確認する、よく照らし合わせる、また手本にする◆常に見張り取り締まる(監督; 視:◆(自然に目に入ってきたものではなく、見ようとするものに視線を向けて)見る、よく見る、注意深く見る、よく比べながら見る◆見守る、見守り世話する◆示(しめ)す、は,N2,on,on+on,A3_short_compound(on+on 71%),監:◆水を張った盆(ボン)を上から覗き込み、そこに映ったものをよく見る、同「鑑」◆実物を見て確認する、よく照らし合わせる、また手本にする◆常に見張り取り締まる(監督; 視:◆(自然に目に入ってきたものではなく、見ようとするものに視線を向けて)見る、よく見る、注意深く見る、よく比べながら見る◆見守る、見守り世話する◆示(しめ)す、は
kk_目付き_めつき,目付き,めつき,目:◆眼(め、眼球ガンキュウ、黒目くろめ)・白目(しろめ、結膜ケツマク)・視神経などを含むものを見る器官全体、またその形状や様子や機能◆ものを見る、また見分ける◆眼; 付:◆手ずから授(さず)ける、直接手を取って与える、同「仅」◆渡し与える、渡して任せる、委(ゆだ)ねる◆[日]他のものに加える、また添える、また足す、同「附」,N2,kun,kun+kun,IL1_okurigana(kun 96%) | A1_compound_oku(kun 90%) | A1_on_kun_mix(on+kun 65%),目:◆眼(め、眼球ガンキュウ、黒目くろめ)・白目(しろめ、結膜ケツマク)・視神経などを含むものを見る器官全体、またその形状や様子や機能◆ものを見る、また見分ける◆眼; 付:◆手ずから授(さず)ける、直接手を取って与える、同「仅」◆渡し与える、渡して任せる、委(ゆだ)ねる◆[日]他のものに加える、また添える、また足す、同「附」
kk_目印_めじるし,目印,めじるし,目:◆眼(め、眼球ガンキュウ、黒目くろめ)・白目(しろめ、結膜ケツマク)・視神経などを含むものを見る器官全体、またその形状や様子や機能◆ものを見る、また見分ける◆眼; 印:◆しるし、真正(シンセイ)であることの証(あかし)とするもの、それであることを見分けるための標(しるし)◆判子(はんこ)、特に公的な印鑑を指す◆木や石や金属に文,N2,other,mixed+mixed~,,目:◆眼(め、眼球ガンキュウ、黒目くろめ)・白目(しろめ、結膜ケツマク)・視神経などを含むものを見る器官全体、またその形状や様子や機能◆ものを見る、また見分ける◆眼; 印:◆しるし、真正(シンセイ)であることの証(あかし)とするもの、それであることを見分けるための標(しるし)◆判子(はんこ)、特に公的な印鑑を指す◆木や石や金属に文
kk_目安_めやす,目安,めやす,目:◆眼(め、眼球ガンキュウ、黒目くろめ)・白目(しろめ、結膜ケツマク)・視神経などを含むものを見る器官全体、またその形状や様子や機能◆ものを見る、また見分ける◆眼; 安:◆心を乱すものも体を縛るものもなく穏(おだ)やかなさま、気に掛かるようなことがなくゆったりとしたさま◆揺(ゆ)らぎや乱れがないさま、落ち着くさま◆いずく・んぞ、,N2,kun,kun+kun~,A3_short_compound(on+on 71%) | B_noun_rad_宀(kun 93%),目:◆眼(め、眼球ガンキュウ、黒目くろめ)・白目(しろめ、結膜ケツマク)・視神経などを含むものを見る器官全体、またその形状や様子や機能◆ものを見る、また見分ける◆眼; 安:◆心を乱すものも体を縛るものもなく穏(おだ)やかなさま、気に掛かるようなことがなくゆったりとしたさま◆揺(ゆ)らぎや乱れがないさま、落ち着くさま◆いずく・んぞ、
kk_目指す_めざす,目指す,めざす,目:◆眼(め、眼球ガンキュウ、黒目くろめ)・白目(しろめ、結膜ケツマク)・視神経などを含むものを見る器官全体、またその形状や様子や機能◆ものを見る、また見分ける◆眼; 指:◆ゆび、手足の先に伸び出た体の一部 ◆ゆび・さす、さ・す、物事の方向を示す◆意図するところ、考え、意向、同「旨」,N2,other,mixed+mixed~,IL1_okurigana(kun 96%) | A1_compound_oku(kun 90%) | A1_on_kun_mix(on+kun 65%),目:◆眼(め、眼球ガンキュウ、黒目くろめ)・白目(しろめ、結膜ケツマク)・視神経などを含むものを見る器官全体、またその形状や様子や機能◆ものを見る、また見分ける◆眼; 指:◆ゆび、手足の先に伸び出た体の一部 ◆ゆび・さす、さ・す、物事の方向を示す◆意図するところ、考え、意向、同「旨」
kk_目撃_もくげき,目撃,もくげき,目:◆眼(め、眼球ガンキュウ、黒目くろめ)・白目(しろめ、結膜ケツマク)・視神経などを含むものを見る器官全体、またその形状や様子や機能◆ものを見る、また見分ける◆眼; 撃:◆(軽く繰り返すのではなく一挙に)強く打つ、また撲(なぐ)る、また叩(たた)く◆相手に激しく突き掛かる◆敵を攻める、また滅ぼす,N2,on,on+on,B_verb_rad_手(kun 80%),目:◆眼(め、眼球ガンキュウ、黒目くろめ)・白目(しろめ、結膜ケツマク)・視神経などを含むものを見る器官全体、またその形状や様子や機能◆ものを見る、また見分ける◆眼; 撃:◆(軽く繰り返すのではなく一挙に)強く打つ、また撲(なぐ)る、また叩(たた)く◆相手に激しく突き掛かる◆敵を攻める、また滅ぼす
kk_目方_めかた,目方,めかた,目:◆眼(め、眼球ガンキュウ、黒目くろめ)・白目(しろめ、結膜ケツマク)・視神経などを含むものを見る器官全体、またその形状や様子や機能◆ものを見る、また見分ける◆眼; 方:◆四角、四角いさま、角(かど)が直角になっているさま、「方形(ホウケイ)」◆数学で二つの数を掛け合わせた数(正方形・長方形の一つの角を成す二辺を掛け合わせた数),N2,kun,kun+kun~,A3_short_compound(on+on 71%),目:◆眼(め、眼球ガンキュウ、黒目くろめ)・白目(しろめ、結膜ケツマク)・視神経などを含むものを見る器官全体、またその形状や様子や機能◆ものを見る、また見分ける◆眼; 方:◆四角、四角いさま、角(かど)が直角になっているさま、「方形(ホウケイ)」◆数学で二つの数を掛け合わせた数(正方形・長方形の一つの角を成す二辺を掛け合わせた数)
kk_目次_もくじ,目次,もくじ,目:◆眼(め、眼球ガンキュウ、黒目くろめ)・白目(しろめ、結膜ケツマク)・視神経などを含むものを見る器官全体、またその形状や様子や機能◆ものを見る、また見分ける◆眼; 次:◆並びや繰り返しの先頭の後に続く二番目◆後(あと)に続く、～の後に続いて～◆順序、「次第(シダイ)」◆繰り返される物事の回数、また順序、「数次(スウジ、数回)」,N2,on,on+on,A3_short_compound(on+on 71%),目:◆眼(め、眼球ガンキュウ、黒目くろめ)・白目(しろめ、結膜ケツマク)・視神経などを含むものを見る器官全体、またその形状や様子や機能◆ものを見る、また見分ける◆眼; 次:◆並びや繰り返しの先頭の後に続く二番目◆後(あと)に続く、～の後に続いて～◆順序、「次第(シダイ)」◆繰り返される物事の回数、また順序、「数次(スウジ、数回)」
kk_目覚まし_めざまし,目覚まし,めざまし,目:◆眼(め、眼球ガンキュウ、黒目くろめ)・白目(しろめ、結膜ケツマク)・視神経などを含むものを見る器官全体、またその形状や様子や機能◆ものを見る、また見分ける◆眼; 覚:◆目を醒(さ)ます、眠りから醒める、正常な認識や判断ができない状態から抜け出る◆迷いや暗がりから抜け出る、明るみに出る◆辺りの状況が意識・認識できるようになる、,N2,other,mixed+mixed~,IL1_okurigana(kun 96%) | A1_compound_oku(kun 90%) | A1_on_kun_mix(on+kun 65%),目:◆眼(め、眼球ガンキュウ、黒目くろめ)・白目(しろめ、結膜ケツマク)・視神経などを含むものを見る器官全体、またその形状や様子や機能◆ものを見る、また見分ける◆眼; 覚:◆目を醒(さ)ます、眠りから醒める、正常な認識や判断ができない状態から抜け出る◆迷いや暗がりから抜け出る、明るみに出る◆辺りの状況が意識・認識できるようになる、
kk_目覚める_めざめる,目覚める,めざめる,目:◆眼(め、眼球ガンキュウ、黒目くろめ)・白目(しろめ、結膜ケツマク)・視神経などを含むものを見る器官全体、またその形状や様子や機能◆ものを見る、また見分ける◆眼; 覚:◆目を醒(さ)ます、眠りから醒める、正常な認識や判断ができない状態から抜け出る◆迷いや暗がりから抜け出る、明るみに出る◆辺りの状況が意識・認識できるようになる、,N2,other,mixed+mixed~,IL1_okurigana(kun 96%) | A1_compound_oku(kun 90%) | A1_on_kun_mix(on+kun 65%),目:◆眼(め、眼球ガンキュウ、黒目くろめ)・白目(しろめ、結膜ケツマク)・視神経などを含むものを見る器官全体、またその形状や様子や機能◆ものを見る、また見分ける◆眼; 覚:◆目を醒(さ)ます、眠りから醒める、正常な認識や判断ができない状態から抜け出る◆迷いや暗がりから抜け出る、明るみに出る◆辺りの状況が意識・認識できるようになる、
kk_直ちに_ただちに,直ちに,ただちに,直:◆ものをまっすぐによく見る◆まっすぐなさま、曲がったり折れたり歪(ゆが)んだりしない(していない)さま、「正直(ショウジキ、まっすぐなこと、嘘や偽りがないこと),N2,kun,kun,IL1_okurigana(kun 96%) | IL2_single_okuri(kun 96%),直:◆ものをまっすぐによく見る◆まっすぐなさま、曲がったり折れたり歪(ゆが)んだりしない(していない)さま、「正直(ショウジキ、まっすぐなこと、嘘や偽りがないこと)
kk_直に_じかに,直に,じかに,直:◆ものをまっすぐによく見る◆まっすぐなさま、曲がったり折れたり歪(ゆが)んだりしない(していない)さま、「正直(ショウジキ、まっすぐなこと、嘘や偽りがないこと),N2,kun,kun,IL1_okurigana(kun 96%) | IL2_single_okuri(kun 96%),直:◆ものをまっすぐによく見る◆まっすぐなさま、曲がったり折れたり歪(ゆが)んだりしない(していない)さま、「正直(ショウジキ、まっすぐなこと、嘘や偽りがないこと)
kk_直に_じきに,直に,じきに,直:◆ものをまっすぐによく見る◆まっすぐなさま、曲がったり折れたり歪(ゆが)んだりしない(していない)さま、「正直(ショウジキ、まっすぐなこと、嘘や偽りがないこと),N2,kun,kun,IL1_okurigana(kun 96%) | IL2_single_okuri(kun 96%),直:◆ものをまっすぐによく見る◆まっすぐなさま、曲がったり折れたり歪(ゆが)んだりしない(していない)さま、「正直(ショウジキ、まっすぐなこと、嘘や偽りがないこと)
kk_直前_ちょくぜん,直前,ちょくぜん,直:◆ものをまっすぐによく見る◆まっすぐなさま、曲がったり折れたり歪(ゆが)んだりしない(していない)さま、「正直(ショウジキ、まっすぐなこと、嘘や偽りがないこと); 前:◆(前に)進む、またその方向、同「先」、「前途(ぜんと、目的地に向かう道のり、将来)」◆位置的には先の方向、時間的には過去の方向、順序では上位の方向、同「先」、,N2,on,on+on,B_verb_rad_刀(kun 80%),直:◆ものをまっすぐによく見る◆まっすぐなさま、曲がったり折れたり歪(ゆが)んだりしない(していない)さま、「正直(ショウジキ、まっすぐなこと、嘘や偽りがないこと); 前:◆(前に)進む、またその方向、同「先」、「前途(ぜんと、目的地に向かう道のり、将来)」◆位置的には先の方向、時間的には過去の方向、順序では上位の方向、同「先」、
kk_直径_ちょっけい,直径,ちょっけい,直:◆ものをまっすぐによく見る◆まっすぐなさま、曲がったり折れたり歪(ゆが)んだりしない(していない)さま、「正直(ショウジキ、まっすぐなこと、嘘や偽りがないこと); 径:◆まっすぐに通じている近道、細い道、歩道、車の通れない狭い道◆円周と円の中心を結ぶ直線◆まっすぐに、直(ただ)ちに,N2,other,mixed+mixed~,,直:◆ものをまっすぐによく見る◆まっすぐなさま、曲がったり折れたり歪(ゆが)んだりしない(していない)さま、「正直(ショウジキ、まっすぐなこと、嘘や偽りがないこと); 径:◆まっすぐに通じている近道、細い道、歩道、車の通れない狭い道◆円周と円の中心を結ぶ直線◆まっすぐに、直(ただ)ちに
kk_直後_ちょくご,直後,ちょくご,直:◆ものをまっすぐによく見る◆まっすぐなさま、曲がったり折れたり歪(ゆが)んだりしない(していない)さま、「正直(ショウジキ、まっすぐなこと、嘘や偽りがないこと); 後:◆位置的には背の方向、時間的には未来の方向、順位・順序では下位の方向、逆は「前」「先」◆遅れる、遅れて来る◆家を継ぐ子、子孫◆簡「后」,N2,on,on+on,A3_short_compound(on+on 71%),直:◆ものをまっすぐによく見る◆まっすぐなさま、曲がったり折れたり歪(ゆが)んだりしない(していない)さま、「正直(ショウジキ、まっすぐなこと、嘘や偽りがないこと); 後:◆位置的には背の方向、時間的には未来の方向、順位・順序では下位の方向、逆は「前」「先」◆遅れる、遅れて来る◆家を継ぐ子、子孫◆簡「后」
kk_直流_ちょくりゅう,直流,ちょくりゅう,直:◆ものをまっすぐによく見る◆まっすぐなさま、曲がったり折れたり歪(ゆが)んだりしない(していない)さま、「正直(ショウジキ、まっすぐなこと、嘘や偽りがないこと); 流:◆水などの液体やそこに浮かんだもの・水中にあるものが淀まずに移動する◆罰として遠くへ移動させる◆(川の流れのように)淀まずに伝わって行く◆分かれて逸(そ)れる◆,N2,on,on+on,,直:◆ものをまっすぐによく見る◆まっすぐなさま、曲がったり折れたり歪(ゆが)んだりしない(していない)さま、「正直(ショウジキ、まっすぐなこと、嘘や偽りがないこと); 流:◆水などの液体やそこに浮かんだもの・水中にあるものが淀まずに移動する◆罰として遠くへ移動させる◆(川の流れのように)淀まずに伝わって行く◆分かれて逸(そ)れる◆
kk_直線_ちょくせん,直線,ちょくせん,直:◆ものをまっすぐによく見る◆まっすぐなさま、曲がったり折れたり歪(ゆが)んだりしない(していない)さま、「正直(ショウジキ、まっすぐなこと、嘘や偽りがないこと); 線:◆糸や紐(ひも)、糸や紐のように細く長いもの、同「綫」「絤」「𦇫」「綖」◆糸や紐のように途切れずに長く延びているもの、二つの点と点を結ぶもの、またその形状や状態,N2,on,on+on,,直:◆ものをまっすぐによく見る◆まっすぐなさま、曲がったり折れたり歪(ゆが)んだりしない(していない)さま、「正直(ショウジキ、まっすぐなこと、嘘や偽りがないこと); 線:◆糸や紐(ひも)、糸や紐のように細く長いもの、同「綫」「絤」「𦇫」「綖」◆糸や紐のように途切れずに長く延びているもの、二つの点と点を結ぶもの、またその形状や状態
kk_直角_ちょっかく,直角,ちょっかく,直:◆ものをまっすぐによく見る◆まっすぐなさま、曲がったり折れたり歪(ゆが)んだりしない(していない)さま、「正直(ショウジキ、まっすぐなこと、嘘や偽りがないこと); 角:◆つの、動物などの頭部から突き出た骨質状また角質状のもの、またそのように先が尖ったもの、またそのように先が尖った状態◆(角を突き合わせて)力を競い合う◆すみ、か,N2,other,mixed+mixed~,,直:◆ものをまっすぐによく見る◆まっすぐなさま、曲がったり折れたり歪(ゆが)んだりしない(していない)さま、「正直(ショウジキ、まっすぐなこと、嘘や偽りがないこと); 角:◆つの、動物などの頭部から突き出た骨質状また角質状のもの、またそのように先が尖ったもの、またそのように先が尖った状態◆(角を突き合わせて)力を競い合う◆すみ、か
kk_直通_ちょくつう,直通,ちょくつう,直:◆ものをまっすぐによく見る◆まっすぐなさま、曲がったり折れたり歪(ゆが)んだりしない(していない)さま、「正直(ショウジキ、まっすぐなこと、嘘や偽りがないこと); 通:◆途中に障害となるようなものがなく反対側・向こう側・相手方・目的地まで達する、また達している◆支障なく行き来ができる、また行き来する、また行き来ができるようにす,N2,on,on+on,,直:◆ものをまっすぐによく見る◆まっすぐなさま、曲がったり折れたり歪(ゆが)んだりしない(していない)さま、「正直(ショウジキ、まっすぐなこと、嘘や偽りがないこと); 通:◆途中に障害となるようなものがなく反対側・向こう側・相手方・目的地まで達する、また達している◆支障なく行き来ができる、また行き来する、また行き来ができるようにす
kk_相互_そうご,相互,そうご,相:◆(対象となるものを)よく見る◆互(たが)いに～(しあう)、「互相(ゴソウ、相互ソウゴ)」◆二つのものの間に起こること、また関係し合うこと、片方から他方へ働き掛; 互:◆二つのものが逆の方向から(別の方向から)同じところで合わさる、行き来し合う、代わる代わる(かわるがわる)にする、～し合う,N2,on,on+on,A3_short_compound(on+on 71%),相:◆(対象となるものを)よく見る◆互(たが)いに～(しあう)、「互相(ゴソウ、相互ソウゴ)」◆二つのものの間に起こること、また関係し合うこと、片方から他方へ働き掛; 互:◆二つのものが逆の方向から(別の方向から)同じところで合わさる、行き来し合う、代わる代わる(かわるがわる)にする、～し合う
kk_相変わらず_あいかわらず,相変わらず,あいかわらず,相:◆(対象となるものを)よく見る◆互(たが)いに～(しあう)、「互相(ゴソウ、相互ソウゴ)」◆二つのものの間に起こること、また関係し合うこと、片方から他方へ働き掛; 変:◆これまでとは違ったものになる、また改まる、これまでとは違ったものにする、また改める、まだ元の様子が分かる程度の変化・全体の中の一部だけの変化を指し、全く別のも,N2,kun,kun+kun,IL1_okurigana(kun 96%) | A1_compound_oku(kun 90%) | A1_on_kun_mix(on+kun 65%),相:◆(対象となるものを)よく見る◆互(たが)いに～(しあう)、「互相(ゴソウ、相互ソウゴ)」◆二つのものの間に起こること、また関係し合うこと、片方から他方へ働き掛; 変:◆これまでとは違ったものになる、また改まる、これまでとは違ったものにする、また改める、まだ元の様子が分かる程度の変化・全体の中の一部だけの変化を指し、全く別のも
kk_相当_そうとう,相当,そうとう,相:◆(対象となるものを)よく見る◆互(たが)いに～(しあう)、「互相(ゴソウ、相互ソウゴ)」◆二つのものの間に起こること、また関係し合うこと、片方から他方へ働き掛; 当:◆正面からぶつかる、正面から向き合う、相対する、同「噹」◆適合する、相応しい◆受け持つ、引き受ける◆そうするべき、そうあるべき◆この(this)、今、此処(ここ,N2,on,on+on,,相:◆(対象となるものを)よく見る◆互(たが)いに～(しあう)、「互相(ゴソウ、相互ソウゴ)」◆二つのものの間に起こること、また関係し合うこと、片方から他方へ働き掛; 当:◆正面からぶつかる、正面から向き合う、相対する、同「噹」◆適合する、相応しい◆受け持つ、引き受ける◆そうするべき、そうあるべき◆この(this)、今、此処(ここ
kk_相槌_あいづち,相槌,あいづち,相:◆(対象となるものを)よく見る◆互(たが)いに～(しあう)、「互相(ゴソウ、相互ソウゴ)」◆二つのものの間に起こること、また関係し合うこと、片方から他方へ働き掛; 槌:◆ものを打ちつける道具、ものを叩(たた)くための道具、木製の頭に柄(え)を付けたもの、ハンマーhammer、同「椎」、鉄製の頭のものは「鎚」「金槌(かなづち、鉄,N2,other,mixed+mixed~,B_noun_rad_木(kun 93%),相:◆(対象となるものを)よく見る◆互(たが)いに～(しあう)、「互相(ゴソウ、相互ソウゴ)」◆二つのものの間に起こること、また関係し合うこと、片方から他方へ働き掛; 槌:◆ものを打ちつける道具、ものを叩(たた)くための道具、木製の頭に柄(え)を付けたもの、ハンマーhammer、同「椎」、鉄製の頭のものは「鎚」「金槌(かなづち、鉄
kk_相次いで_あいついで,相次いで,あいついで,相:◆(対象となるものを)よく見る◆互(たが)いに～(しあう)、「互相(ゴソウ、相互ソウゴ)」◆二つのものの間に起こること、また関係し合うこと、片方から他方へ働き掛; 次:◆並びや繰り返しの先頭の後に続く二番目◆後(あと)に続く、～の後に続いて～◆順序、「次第(シダイ)」◆繰り返される物事の回数、また順序、「数次(スウジ、数回)」,N2,kun,kun+kun,IL1_okurigana(kun 96%) | A1_compound_oku(kun 90%) | A1_on_kun_mix(on+kun 65%),相:◆(対象となるものを)よく見る◆互(たが)いに～(しあう)、「互相(ゴソウ、相互ソウゴ)」◆二つのものの間に起こること、また関係し合うこと、片方から他方へ働き掛; 次:◆並びや繰り返しの先頭の後に続く二番目◆後(あと)に続く、～の後に続いて～◆順序、「次第(シダイ)」◆繰り返される物事の回数、また順序、「数次(スウジ、数回)」
kk_相続_そうぞく,相続,そうぞく,相:◆(対象となるものを)よく見る◆互(たが)いに～(しあう)、「互相(ゴソウ、相互ソウゴ)」◆二つのものの間に起こること、また関係し合うこと、片方から他方へ働き掛; 続:◆切れることなく繋(つな)がる、また連(つら)なる◆前との関係を保ちながら次々に繋がって行く、「継続(ケイゾク)」「連続(レンゾク)」◆前の物事を受け、それを後,N2,on,on+on,,相:◆(対象となるものを)よく見る◆互(たが)いに～(しあう)、「互相(ゴソウ、相互ソウゴ)」◆二つのものの間に起こること、また関係し合うこと、片方から他方へ働き掛; 続:◆切れることなく繋(つな)がる、また連(つら)なる◆前との関係を保ちながら次々に繋がって行く、「継続(ケイゾク)」「連続(レンゾク)」◆前の物事を受け、それを後
kk_相違_そうい,相違,そうい,相:◆(対象となるものを)よく見る◆互(たが)いに～(しあう)、「互相(ゴソウ、相互ソウゴ)」◆二つのものの間に起こること、また関係し合うこと、片方から他方へ働き掛; 違:◆背(せ)を向ける、背を向け去る、背(そむ)く◆あるべき形や様子と異なる、また反している、また合っていない◆守るべきものを守らない、従(したが)わない,N2,on,on+on,A3_short_compound(on+on 71%),相:◆(対象となるものを)よく見る◆互(たが)いに～(しあう)、「互相(ゴソウ、相互ソウゴ)」◆二つのものの間に起こること、また関係し合うこと、片方から他方へ働き掛; 違:◆背(せ)を向ける、背を向け去る、背(そむ)く◆あるべき形や様子と異なる、また反している、また合っていない◆守るべきものを守らない、従(したが)わない
kk_省エネ_しょうエネ,省エネ,しょうエネ,省:◆目を細めて詳(くわ)しく見る、同「䚇」◆かえり・みる、これまでの自分の思いや行いなどを詳しく振り返ってみる◆はぶ・く、必要な部分だけを残して不要な部分を取り除,N2,on,on,IL2_single_default(kun 84%),省:◆目を細めて詳(くわ)しく見る、同「䚇」◆かえり・みる、これまでの自分の思いや行いなどを詳しく振り返ってみる◆はぶ・く、必要な部分だけを残して不要な部分を取り除
kk_省略_しょうりゃく,省略,しょうりゃく,省:◆目を細めて詳(くわ)しく見る、同「䚇」◆かえり・みる、これまでの自分の思いや行いなどを詳しく振り返ってみる◆はぶ・く、必要な部分だけを残して不要な部分を取り除; 略:◆治(おさ)める、統治する、またそのための方策、またその土地・領地、またその境界◆掠(かす)める、奪い取る、同「掠」◆主要な部分だけを残してそれ以外を省(はぶ),N2,on,on+on,,省:◆目を細めて詳(くわ)しく見る、同「䚇」◆かえり・みる、これまでの自分の思いや行いなどを詳しく振り返ってみる◆はぶ・く、必要な部分だけを残して不要な部分を取り除; 略:◆治(おさ)める、統治する、またそのための方策、またその土地・領地、またその境界◆掠(かす)める、奪い取る、同「掠」◆主要な部分だけを残してそれ以外を省(はぶ)
kk_県庁_けんちょう,県庁,けんちょう,県:◆懸(か)ける、掛(か)ける、掛けてぶら下げる、同「懸」◆懸け離れる、隔(へだ)たる、同「懸」◆王畿(オウキ)、京畿(ケイキ)、天子の支配が及ぶ地、同「寰」、「; 庁:◆石碑などに用いる平板な石材、「𥑈」の簡略字◆役所、「庁」は「廳」の俗字、ただ現在では、ほぼ「役所」の意味でのみ用いられる、「廳」参照,N2,on,on+on,B_noun_rad_广(kun 93%),県:◆懸(か)ける、掛(か)ける、掛けてぶら下げる、同「懸」◆懸け離れる、隔(へだ)たる、同「懸」◆王畿(オウキ)、京畿(ケイキ)、天子の支配が及ぶ地、同「寰」、「; 庁:◆石碑などに用いる平板な石材、「𥑈」の簡略字◆役所、「庁」は「廳」の俗字、ただ現在では、ほぼ「役所」の意味でのみ用いられる、「廳」参照
kk_真ん前_まんまえ,真ん前,まんまえ,真:◆手が加えられていない、本来の、本当の、確かな、嘘(うそ)や偽(いつわ)りがない◆正しい、正当な; 前:◆(前に)進む、またその方向、同「先」、「前途(ぜんと、目的地に向かう道のり、将来)」◆位置的には先の方向、時間的には過去の方向、順序では上位の方向、同「先」、,N2,kun,kun+kun~,IL1_okurigana(kun 96%) | A1_compound_oku(kun 90%) | A1_on_kun_mix(on+kun 65%),真:◆手が加えられていない、本来の、本当の、確かな、嘘(うそ)や偽(いつわ)りがない◆正しい、正当な; 前:◆(前に)進む、またその方向、同「先」、「前途(ぜんと、目的地に向かう道のり、将来)」◆位置的には先の方向、時間的には過去の方向、順序では上位の方向、同「先」、
kk_真剣_しんけん,真剣,しんけん,真:◆手が加えられていない、本来の、本当の、確かな、嘘(うそ)や偽(いつわ)りがない◆正しい、正当な; 剣:◆両刃(もろは)のまっすぐな刀、片刃は「刀」,N2,on,on+on,B_verb_rad_刀(kun 80%),真:◆手が加えられていない、本来の、本当の、確かな、嘘(うそ)や偽(いつわ)りがない◆正しい、正当な; 剣:◆両刃(もろは)のまっすぐな刀、片刃は「刀」
kk_真空_しんくう,真空,しんくう,真:◆手が加えられていない、本来の、本当の、確かな、嘘(うそ)や偽(いつわ)りがない◆正しい、正当な; 空:◆(中に)何もない、何も含まれていない、虚(うつ)ろなさま◆何もないところ、天と地の間(あいだ),N2,on,on+on,,真:◆手が加えられていない、本来の、本当の、確かな、嘘(うそ)や偽(いつわ)りがない◆正しい、正当な; 空:◆(中に)何もない、何も含まれていない、虚(うつ)ろなさま◆何もないところ、天と地の間(あいだ)
kk_眺め_ながめ,眺め,ながめ,眺:◆見渡す、右を左を近くを遠くを(広い範囲を)見る、同「覜」,N2,kun,kun,IL1_okurigana(kun 96%) | IL2_single_okuri(kun 96%),眺:◆見渡す、右を左を近くを遠くを(広い範囲を)見る、同「覜」
kk_着々_ちゃくちゃく,着々,ちゃくちゃく,着:◆目的や目標としている物事・場所などに届く、また達する、また到る、同「著」◆他のものに付く、同「著」◆き・る、衣服を身に付ける、同「著」◆火や明かりを点(つ)け,N2,on,on,IL2_single_default(kun 84%),着:◆目的や目標としている物事・場所などに届く、また達する、また到る、同「著」◆他のものに付く、同「著」◆き・る、衣服を身に付ける、同「著」◆火や明かりを点(つ)け
kk_着ける_つける,着ける,つける,着:◆目的や目標としている物事・場所などに届く、また達する、また到る、同「著」◆他のものに付く、同「著」◆き・る、衣服を身に付ける、同「著」◆火や明かりを点(つ)け,N2,kun,kun,IL1_okurigana(kun 96%) | IL2_single_okuri(kun 96%),着:◆目的や目標としている物事・場所などに届く、また達する、また到る、同「著」◆他のものに付く、同「著」◆き・る、衣服を身に付ける、同「著」◆火や明かりを点(つ)け
kk_着実_ちゃくじつ,着実,ちゃくじつ,着:◆目的や目標としている物事・場所などに届く、また達する、また到る、同「著」◆他のものに付く、同「著」◆き・る、衣服を身に付ける、同「著」◆火や明かりを点(つ)け; 実:◆蓄(たくわ)えが家に満ちているさま◆隙間なく詰まって虚(うつ)ろなところがないさま◆ぎっしりと詰まった中身、草木などの稔(みの)って中がぎっしりと詰まったもの,N2,on,on+on,B_noun_rad_宀(kun 93%),着:◆目的や目標としている物事・場所などに届く、また達する、また到る、同「著」◆他のものに付く、同「著」◆き・る、衣服を身に付ける、同「著」◆火や明かりを点(つ)け; 実:◆蓄(たくわ)えが家に満ちているさま◆隙間なく詰まって虚(うつ)ろなところがないさま◆ぎっしりと詰まった中身、草木などの稔(みの)って中がぎっしりと詰まったもの
kk_瞬間_しゅんかん,瞬間,しゅんかん,瞬:◆瞼(まぶた)を開閉する◆(まばたきすることで)意図や意思を伝える◆(まばたきのように)明かりが明滅する◆「一瞬(イッシュン)」、(まばたき一回程の)ほんの僅(; 間:◆両側からぴったりと閉じられずに開いているところ、(空間・時間・物事・関係などが)連続せずに途切れているところ、開いたり途切れたりして何もないところ、隙(すき),N2,on,on+on,,瞬:◆瞼(まぶた)を開閉する◆(まばたきすることで)意図や意思を伝える◆(まばたきのように)明かりが明滅する◆「一瞬(イッシュン)」、(まばたき一回程の)ほんの僅(; 間:◆両側からぴったりと閉じられずに開いているところ、(空間・時間・物事・関係などが)連続せずに途切れているところ、開いたり途切れたりして何もないところ、隙(すき)
kk_瞳_ひとみ,瞳,ひとみ,瞳:◆目玉の中央の円(まる)い虹彩(コウサイ)に囲まれた黒い部分、「瞳子(ドウシ)」◆「瞳矇(ドウモウ)」、ぼんやりしているさま、ものをよく見極められないさま,N2,kun,kun,IL2_single_default(kun 84%),瞳:◆目玉の中央の円(まる)い虹彩(コウサイ)に囲まれた黒い部分、「瞳子(ドウシ)」◆「瞳矇(ドウモウ)」、ぼんやりしているさま、ものをよく見極められないさま
kk_瞼/（目蓋）_まぶた,瞼/（目蓋）,まぶた,瞼:◆目の上にあって目を開けたり閉じたりする働きをする部分、「まぶた、目蓋」は「目を蓋(ふた)する」の意; 目:◆眼(め、眼球ガンキュウ、黒目くろめ)・白目(しろめ、結膜ケツマク)・視神経などを含むものを見る器官全体、またその形状や様子や機能◆ものを見る、また見分ける◆眼; 蓋:◆(草を編んで作った)上からの雨や日差しを遮(さえぎ)る覆(おお)い◆雨や日差しを遮(さえぎ)るために頭の上に翳(かざ)す傘(かさ)◆全体を覆う◆(家を)造(つ,N2,other,mixed+mixed+mixed~,A4_multi_on(on+on+on 65%),瞼:◆目の上にあって目を開けたり閉じたりする働きをする部分、「まぶた、目蓋」は「目を蓋(ふた)する」の意; 目:◆眼(め、眼球ガンキュウ、黒目くろめ)・白目(しろめ、結膜ケツマク)・視神経などを含むものを見る器官全体、またその形状や様子や機能◆ものを見る、また見分ける◆眼; 蓋:◆(草を編んで作った)上からの雨や日差しを遮(さえぎ)る覆(おお)い◆雨や日差しを遮(さえぎ)るために頭の上に翳(かざ)す傘(かさ)◆全体を覆う◆(家を)造(つ
kk_矛盾_むじゅん,矛盾,むじゅん,矛:◆両刃の剣(つるぎ)で柄(え)を取り付けられるようにしたもの、筒状の鞘(さや)を付け長柄を差し込めるようにしたもの、同「鉾」  ◆またそれを長柄の先に付けた槍状; 盾:◆刀や矢による攻撃から顔や体を護(まも)るための防具、盾牌(ジュンパイ)、同「瞂」「楯」,N2,on,on+on,A3_short_compound(on+on 71%),矛:◆両刃の剣(つるぎ)で柄(え)を取り付けられるようにしたもの、筒状の鞘(さや)を付け長柄を差し込めるようにしたもの、同「鉾」  ◆またそれを長柄の先に付けた槍状; 盾:◆刀や矢による攻撃から顔や体を護(まも)るための防具、盾牌(ジュンパイ)、同「瞂」「楯」
kk_矢印_やじるし,矢印,やじるし,矢:◆弓を使って離れている獲物を仕留めるための棒状の武器、竹製の矢は特に「箭(セン)」という ◆まっすぐなさま、まっすぐに進むさま◆きっぱりと(ずばりと)言う、誓(; 印:◆しるし、真正(シンセイ)であることの証(あかし)とするもの、それであることを見分けるための標(しるし)◆判子(はんこ)、特に公的な印鑑を指す◆木や石や金属に文,N2,other,mixed+mixed~,,矢:◆弓を使って離れている獲物を仕留めるための棒状の武器、竹製の矢は特に「箭(セン)」という ◆まっすぐなさま、まっすぐに進むさま◆きっぱりと(ずばりと)言う、誓(; 印:◆しるし、真正(シンセイ)であることの証(あかし)とするもの、それであることを見分けるための標(しるし)◆判子(はんこ)、特に公的な印鑑を指す◆木や石や金属に文
kk_知らず知らず_しらずしらず,知らず知らず,しらずしらず,知:◆(矢のように素早く、矢が的の中央に当たるように的確に)認識する、見定める、「察知(サッチ)」「知識(チシキ)」、「智」は「見知ったことを理解しその正邪を正しく; 知:◆(矢のように素早く、矢が的の中央に当たるように的確に)認識する、見定める、「察知(サッチ)」「知識(チシキ)」、「智」は「見知ったことを理解しその正邪を正しく,N2,kun,kun+kun~,IL1_okurigana(kun 96%) | A1_compound_oku(kun 90%) | A1_on_kun_mix(on+kun 65%),知:◆(矢のように素早く、矢が的の中央に当たるように的確に)認識する、見定める、「察知(サッチ)」「知識(チシキ)」、「智」は「見知ったことを理解しその正邪を正しく; 知:◆(矢のように素早く、矢が的の中央に当たるように的確に)認識する、見定める、「察知(サッチ)」「知識(チシキ)」、「智」は「見知ったことを理解しその正邪を正しく
kk_知事_ちじ,知事,ちじ,知:◆(矢のように素早く、矢が的の中央に当たるように的確に)認識する、見定める、「察知(サッチ)」「知識(チシキ)」、「智」は「見知ったことを理解しその正邪を正しく; 事:◆こと、動作・現象・状態など形のないものを指す語、形のあるものは「物」、「事情(ジジョウ、ことの様子)」「無事(ブジ、何事もないさま)」◆職(ショク)、仕事や役,N2,on,on+on,A3_short_compound(on+on 71%),知:◆(矢のように素早く、矢が的の中央に当たるように的確に)認識する、見定める、「察知(サッチ)」「知識(チシキ)」、「智」は「見知ったことを理解しその正邪を正しく; 事:◆こと、動作・現象・状態など形のないものを指す語、形のあるものは「物」、「事情(ジジョウ、ことの様子)」「無事(ブジ、何事もないさま)」◆職(ショク)、仕事や役
kk_知人_ちじん,知人,ちじん,知:◆(矢のように素早く、矢が的の中央に当たるように的確に)認識する、見定める、「察知(サッチ)」「知識(チシキ)」、「智」は「見知ったことを理解しその正邪を正しく; 人:◆霊長目ヒト科ヒト属の生物、ホモ・サピエンスHomo sapiens(「知恵の人」の意)、同「儿」◆自分以外の者、「人我(ジンガ、他人と自分)」◆人の数(かず),N2,on,on+on,A3_short_compound(on+on 71%),知:◆(矢のように素早く、矢が的の中央に当たるように的確に)認識する、見定める、「察知(サッチ)」「知識(チシキ)」、「智」は「見知ったことを理解しその正邪を正しく; 人:◆霊長目ヒト科ヒト属の生物、ホモ・サピエンスHomo sapiens(「知恵の人」の意)、同「儿」◆自分以外の者、「人我(ジンガ、他人と自分)」◆人の数(かず)
kk_知恵_ちえ,知恵,ちえ,知:◆(矢のように素早く、矢が的の中央に当たるように的確に)認識する、見定める、「察知(サッチ)」「知識(チシキ)」、「智」は「見知ったことを理解しその正邪を正しく; 恵:◆慈(いつく)しみの心を持って金品を与える、相手に対し思いやりの気持ちを持って接する、「恩惠(オンケイ)」「惠風(ケイフウ、恵みの風、穏おだやかで暖かい風)」◆,N2,on,on+on,A3_short_compound(on+on 71%),知:◆(矢のように素早く、矢が的の中央に当たるように的確に)認識する、見定める、「察知(サッチ)」「知識(チシキ)」、「智」は「見知ったことを理解しその正邪を正しく; 恵:◆慈(いつく)しみの心を持って金品を与える、相手に対し思いやりの気持ちを持って接する、「恩惠(オンケイ)」「惠風(ケイフウ、恵みの風、穏おだやかで暖かい風)」◆
kk_知能/智能_ちのう,知能/智能,ちのう,知:◆(矢のように素早く、矢が的の中央に当たるように的確に)認識する、見定める、「察知(サッチ)」「知識(チシキ)」、「智」は「見知ったことを理解しその正邪を正しく; 能:◆ことを成し遂(と)げる技量(ギリョウ)や力量(リキリョウ)、「能力(ノウリョク)」「才能(サイノウ)」◆十分に或いは上手にできる、～をすることができる(技能・; 智:◆見知ったことを正しく理解する、物事の正否・是非を理解し判断できる、またそのような能力、「智慧(チエ、チケイ)」、「知」は「見知ること、認識すること」◆見識(ケ,N2,on,on+on+on+on~,A4_multi_on(on+on+on+on 65%),知:◆(矢のように素早く、矢が的の中央に当たるように的確に)認識する、見定める、「察知(サッチ)」「知識(チシキ)」、「智」は「見知ったことを理解しその正邪を正しく; 能:◆ことを成し遂(と)げる技量(ギリョウ)や力量(リキリョウ)、「能力(ノウリョク)」「才能(サイノウ)」◆十分に或いは上手にできる、～をすることができる(技能・; 智:◆見知ったことを正しく理解する、物事の正否・是非を理解し判断できる、またそのような能力、「智慧(チエ、チケイ)」、「知」は「見知ること、認識すること」◆見識(ケ
kk_短編_たんぺん,短編,たんぺん,短:◆長さや時間が足りない、また足りていない、「短促(タンソク、短いさま、慌ただしいさま)」◆長くない、早い、小さい、少ない、「短世(タンセイ、早世すること)」◆足; 編:◆竹簡や木簡を一つの纏まった文書・記録・書物になるように順に揃え結わいて綴じる、またそのための綴じ紐◆ばらばらのものを集め順序立てて並べ一つのものに組み上げる◆,N2,other,mixed+mixed~,,短:◆長さや時間が足りない、また足りていない、「短促(タンソク、短いさま、慌ただしいさま)」◆長くない、早い、小さい、少ない、「短世(タンセイ、早世すること)」◆足; 編:◆竹簡や木簡を一つの纏まった文書・記録・書物になるように順に揃え結わいて綴じる、またそのための綴じ紐◆ばらばらのものを集め順序立てて並べ一つのものに組み上げる◆
kk_短縮_たんしゅく,短縮,たんしゅく,短:◆長さや時間が足りない、また足りていない、「短促(タンソク、短いさま、慌ただしいさま)」◆長くない、早い、小さい、少ない、「短世(タンセイ、早世すること)」◆足; 縮:◆縄を巻いてぎゅっと締め付ける、周りから締め付けて小さくする、「収縮(シュウシュク)」◆酒の入った袋を周りから締め付けて小さくする、搾(しぼ)る◆大きく広がって,N2,on,on+on,,短:◆長さや時間が足りない、また足りていない、「短促(タンソク、短いさま、慌ただしいさま)」◆長くない、早い、小さい、少ない、「短世(タンセイ、早世すること)」◆足; 縮:◆縄を巻いてぎゅっと締め付ける、周りから締め付けて小さくする、「収縮(シュウシュク)」◆酒の入った袋を周りから締め付けて小さくする、搾(しぼ)る◆大きく広がって
kk_短～_たん～,短～,たん～,短:◆長さや時間が足りない、また足りていない、「短促(タンソク、短いさま、慌ただしいさま)」◆長くない、早い、小さい、少ない、「短世(タンセイ、早世すること)」◆足,N2,on,on,IL2_single_default(kun 84%),短:◆長さや時間が足りない、また足りていない、「短促(タンソク、短いさま、慌ただしいさま)」◆長くない、早い、小さい、少ない、「短世(タンセイ、早世すること)」◆足
kk_砂漠_さばく,砂漠,さばく,砂:◆細かい粒状の石、同「沙」◆小さく硬い粒状のもの; 漠:◆乾燥して水のない砂や石だけの広大な地◆見渡す限り広がっているさま、際限がないさま、掴(つか)み所がないさま◆無味乾燥で心淋(うらさび)しいさま◆10の-12乗,N2,on,on+on,A3_short_compound(on+on 71%),砂:◆細かい粒状の石、同「沙」◆小さく硬い粒状のもの; 漠:◆乾燥して水のない砂や石だけの広大な地◆見渡す限り広がっているさま、際限がないさま、掴(つか)み所がないさま◆無味乾燥で心淋(うらさび)しいさま◆10の-12乗
kk_砕く_くだく,砕く,くだく,砕:◆塊(かたまり)や形を成しているものが粉々に(ばらばらに)なる、また粉々にする、細かく(小さく)割る、壊して細かくする、「粉砕(フンサイ)」◆細々(こまごま)し,N2,kun,kun,IL1_okurigana(kun 96%) | IL2_single_okuri(kun 96%),砕:◆塊(かたまり)や形を成しているものが粉々に(ばらばらに)なる、また粉々にする、細かく(小さく)割る、壊して細かくする、「粉砕(フンサイ)」◆細々(こまごま)し
kk_破壊_はかい,破壊,はかい,破:◆石を砕(くだ)く◆壊(こわ)す、壊れる、本来の形や状態でなくなる◆限界(区切りとなる線や面)を突き抜ける、突いて穴をあける◆敵の防御線を突き抜ける、敵を打ち負; 壊:◆毀(こぼ)れる、崩れる、損(そこ)なう、破れる、欠ける、潰(つぶ)れる、元来(ガンライ)の或いは本来の形や状態でなくなる,N2,on,on+on,A3_short_compound(on+on 71%),破:◆石を砕(くだ)く◆壊(こわ)す、壊れる、本来の形や状態でなくなる◆限界(区切りとなる線や面)を突き抜ける、突いて穴をあける◆敵の防御線を突き抜ける、敵を打ち負; 壊:◆毀(こぼ)れる、崩れる、損(そこ)なう、破れる、欠ける、潰(つぶ)れる、元来(ガンライ)の或いは本来の形や状態でなくなる
kk_破片_はへん,破片,はへん,破:◆石を砕(くだ)く◆壊(こわ)す、壊れる、本来の形や状態でなくなる◆限界(区切りとなる線や面)を突き抜ける、突いて穴をあける◆敵の防御線を突き抜ける、敵を打ち負; 片:◆切って(切り開いて、切り裂いて)薄く広げたもの、薄く平らなもの◆大きなものを小さく分けたその一つ、小さいもの◆少しであるさま、僅(わず)かなさま、「片言(ヘン,N2,on,on+on,A3_short_compound(on+on 71%),破:◆石を砕(くだ)く◆壊(こわ)す、壊れる、本来の形や状態でなくなる◆限界(区切りとなる線や面)を突き抜ける、突いて穴をあける◆敵の防御線を突き抜ける、敵を打ち負; 片:◆切って(切り開いて、切り裂いて)薄く広げたもの、薄く平らなもの◆大きなものを小さく分けたその一つ、小さいもの◆少しであるさま、僅(わず)かなさま、「片言(ヘン
kk_破産_はさん,破産,はさん,破:◆石を砕(くだ)く◆壊(こわ)す、壊れる、本来の形や状態でなくなる◆限界(区切りとなる線や面)を突き抜ける、突いて穴をあける◆敵の防御線を突き抜ける、敵を打ち負; 産:◆子を生む◆生まれ◆新たに(新たなものを)生み出す、作り出す、また生み出されたもの、「生産(セイサン)」◆土地や財物◆音孔が三つの籥(ヤク、縦笛)、籥よりも太く,N2,on,on+on,A3_short_compound(on+on 71%),破:◆石を砕(くだ)く◆壊(こわ)す、壊れる、本来の形や状態でなくなる◆限界(区切りとなる線や面)を突き抜ける、突いて穴をあける◆敵の防御線を突き抜ける、敵を打ち負; 産:◆子を生む◆生まれ◆新たに(新たなものを)生み出す、作り出す、また生み出されたもの、「生産(セイサン)」◆土地や財物◆音孔が三つの籥(ヤク、縦笛)、籥よりも太く
kk_確実_かくじつ,確実,かくじつ,確:◆石のように堅(かた)い、堅くしっかりとしていて揺るぎがない◆間違いない◆簡「确」; 実:◆蓄(たくわ)えが家に満ちているさま◆隙間なく詰まって虚(うつ)ろなところがないさま◆ぎっしりと詰まった中身、草木などの稔(みの)って中がぎっしりと詰まったもの,N2,on,on+on,B_noun_rad_宀(kun 93%),確:◆石のように堅(かた)い、堅くしっかりとしていて揺るぎがない◆間違いない◆簡「确」; 実:◆蓄(たくわ)えが家に満ちているさま◆隙間なく詰まって虚(うつ)ろなところがないさま◆ぎっしりと詰まった中身、草木などの稔(みの)って中がぎっしりと詰まったもの
kk_確率_かくりつ,確率,かくりつ,確:◆石のように堅(かた)い、堅くしっかりとしていて揺るぎがない◆間違いない◆簡「确」; 率:◆鳥を捕らえるための網、一網打尽にする網◆ひき・いる、全体(集団)が乱れないよう一つに纏(まと)める、「統率(トウソツ)」◆従う、纏まり・基準などからはみ出ない,N2,on,on+on,,確:◆石のように堅(かた)い、堅くしっかりとしていて揺るぎがない◆間違いない◆簡「确」; 率:◆鳥を捕らえるための網、一網打尽にする網◆ひき・いる、全体(集団)が乱れないよう一つに纏(まと)める、「統率(トウソツ)」◆従う、纏まり・基準などからはみ出ない
kk_社説_しゃせつ,社説,しゃせつ,社:◆土地の神、土地の神を祀った所◆同種また同じ目的を持つ人から成る集まり; 説:◆解き明かす、解釈する、またそれを言葉にしたもの◆あることに対する意見◆意味することが分かるように順序立てて話す,N2,on,on+on,A3_short_compound(on+on 71%) | B_verb_rad_言(kun 80%),社:◆土地の神、土地の神を祀った所◆同種また同じ目的を持つ人から成る集まり; 説:◆解き明かす、解釈する、またそれを言葉にしたもの◆あることに対する意見◆意味することが分かるように順序立てて話す
kk_祈り_いのり,祈り,いのり,祈:◆天や神仏に望みが叶うようにと、また幸せになれるようにと願い求める,N2,kun,kun,IL1_okurigana(kun 96%) | IL2_single_okuri(kun 96%),祈:◆天や神仏に望みが叶うようにと、また幸せになれるようにと願い求める
kk_神経_しんけい,神経,しんけい,神:◆人の力や理解が及ばない現象を引き起こすと考えられたもの、不思議なはたらきをするもの◆心(こころ)、魂(コン、たましい、思考や感情など); 経:◆たていと、布の縦方向の糸、横は「緯」◆南北の方向、東西は「緯」◆筋道、筋が通っている◆筋が通っていて変わることがない、常に◆どんな場合も変わることがない方向や,N2,on,on+on,,神:◆人の力や理解が及ばない現象を引き起こすと考えられたもの、不思議なはたらきをするもの◆心(こころ)、魂(コン、たましい、思考や感情など); 経:◆たていと、布の縦方向の糸、横は「緯」◆南北の方向、東西は「緯」◆筋道、筋が通っている◆筋が通っていて変わることがない、常に◆どんな場合も変わることがない方向や
kk_神話_しんわ,神話,しんわ,神:◆人の力や理解が及ばない現象を引き起こすと考えられたもの、不思議なはたらきをするもの◆心(こころ)、魂(コン、たましい、思考や感情など); 話:◆言葉にして言う、言葉で告げる、語(かた)る、またその言葉、同「𦧵(舙)」◆語られた(語られている)こと、物語(ものがたり),N2,on,on+on,A3_short_compound(on+on 71%) | B_verb_rad_言(kun 80%),神:◆人の力や理解が及ばない現象を引き起こすと考えられたもの、不思議なはたらきをするもの◆心(こころ)、魂(コン、たましい、思考や感情など); 話:◆言葉にして言う、言葉で告げる、語(かた)る、またその言葉、同「𦧵(舙)」◆語られた(語られている)こと、物語(ものがたり)
kk_禁じる_きんじる,禁じる,きんじる,禁:◆吉凶(キッキョウ)の忌(キ)、忌(い)み避ける◆止(と)める、押し止(とど)める、制(セイ)する◆戒(いまし)める、慎(つつし)む、「軽々とした行いを禁じる」,N2,on,on,IL1_okurigana(kun 96%) | IL2_single_okuri(kun 96%),禁:◆吉凶(キッキョウ)の忌(キ)、忌(い)み避ける◆止(と)める、押し止(とど)める、制(セイ)する◆戒(いまし)める、慎(つつし)む、「軽々とした行いを禁じる」
kk_福祉_ふくし,福祉,ふくし,福:◆天や神から授(さず)かる豊かな恵み、幸せ◆満ち足りた、豊かな、ふくよかな; 祉:◆恵(めぐ)み、幸(さいわ)い、「福祉(フクシ)」「天祉(テンシ、天から授かる豊かな恵み)」,N2,on,on+on,A3_short_compound(on+on 71%),福:◆天や神から授(さず)かる豊かな恵み、幸せ◆満ち足りた、豊かな、ふくよかな; 祉:◆恵(めぐ)み、幸(さいわ)い、「福祉(フクシ)」「天祉(テンシ、天から授かる豊かな恵み)」
kk_私鉄_してつ,私鉄,してつ,私:◆自分、某(それがし)◆自分自身の、自分や自分の身内や自分の知り合いだけの、個人的な、公(おおやけ)でない◆公のことを顧(かえり)みずに自分の利益だけを優先する; 鉄:◆金属の一種、黒金(くろがね、鉄の古名)◆黒いさま◆堅く強いさま◆金属製の武器◆鉄(Ferrum[羅]、Fe)、元素名,N2,on,on+on,A3_short_compound(on+on 71%) | B_noun_rad_金(kun 93%),私:◆自分、某(それがし)◆自分自身の、自分や自分の身内や自分の知り合いだけの、個人的な、公(おおやけ)でない◆公のことを顧(かえり)みずに自分の利益だけを優先する; 鉄:◆金属の一種、黒金(くろがね、鉄の古名)◆黒いさま◆堅く強いさま◆金属製の武器◆鉄(Ferrum[羅]、Fe)、元素名
kk_秩序_ちつじょ,秩序,ちつじょ,秩:◆刈り取った穀物を順序良く積み重ねる、同「䆅」◆順序良く並べる、順序に従って並ぶ◆並びの順序、位(くらい)の等級、同「袟」「豑」◆(位の等級によって決まる)役人; 序:◆次第(シダイ)、順序◆述べる◆はしがき、文書の最初に記す文章、最後に記す文章は「跋」◆端緒、物事の始め◆中庭を囲むように東西南北に家屋を配する中国の伝統的様式,N2,on,on+on,A3_short_compound(on+on 71%) | B_noun_rad_广(kun 93%),秩:◆刈り取った穀物を順序良く積み重ねる、同「䆅」◆順序良く並べる、順序に従って並ぶ◆並びの順序、位(くらい)の等級、同「袟」「豑」◆(位の等級によって決まる)役人; 序:◆次第(シダイ)、順序◆述べる◆はしがき、文書の最初に記す文章、最後に記す文章は「跋」◆端緒、物事の始め◆中庭を囲むように東西南北に家屋を配する中国の伝統的様式
kk_稀_まれ,稀,まれ,稀:◆疎(まば)らな、頻度・濃度・密度が小さい、少ない(薄い)、めったにない(珍しい)、同「希」,N2,kun,kun,IL2_single_default(kun 84%),稀:◆疎(まば)らな、頻度・濃度・密度が小さい、少ない(薄い)、めったにない(珍しい)、同「希」
kk_稍_やや,稍,やや,稍:◆穀物の穂先◆小さい◆漸(ようや)く、徐々に、少しずつ◆少し、ちょっと、足りない(全くない)ことはないが十分ではない,N2,kun,kun,IL2_single_default(kun 84%),稍:◆穀物の穂先◆小さい◆漸(ようや)く、徐々に、少しずつ◆少し、ちょっと、足りない(全くない)ことはないが十分ではない
kk_税_ぜい,税,ぜい,税:◆国や領主に納める収穫物や金銭、租(田畑などからの収穫物)・庸(労役)・調(穀物以外の布などの現物)の総称◆収穫物や商売などによって得た利益の一部を(税として),N2,on,on,IL2_on_only(on 99%),税:◆国や領主に納める収穫物や金銭、租(田畑などからの収穫物)・庸(労役)・調(穀物以外の布などの現物)の総称◆収穫物や商売などによって得た利益の一部を(税として)
kk_税関_ぜいかん,税関,ぜいかん,税:◆国や領主に納める収穫物や金銭、租(田畑などからの収穫物)・庸(労役)・調(穀物以外の布などの現物)の総称◆収穫物や商売などによって得た利益の一部を(税として); 関:◆閂(かんぬき)、扉を閉め内側から横に渡して扉が開かないようにするための横木、同「閞」◆門を閉じる、門を閉じて閂を掛ける◆国や領地などの周りを囲った境界に設けら,N2,on,on+on,,税:◆国や領主に納める収穫物や金銭、租(田畑などからの収穫物)・庸(労役)・調(穀物以外の布などの現物)の総称◆収穫物や商売などによって得た利益の一部を(税として); 関:◆閂(かんぬき)、扉を閉め内側から横に渡して扉が開かないようにするための横木、同「閞」◆門を閉じる、門を閉じて閂を掛ける◆国や領地などの周りを囲った境界に設けら
kk_稲_いね,稲,いね,稲:◆イネ(稲)、イネ科イネ属の穀物、また同科同属の植物の称、その実を「米」(中国では「大米」)という,N2,kun,kun,IL2_single_default(kun 84%),稲:◆イネ(稲)、イネ科イネ属の穀物、また同科同属の植物の称、その実を「米」(中国では「大米」)という
kk_穀物_こくもつ,穀物,こくもつ,穀:◆殻の付いた実を食用とする作物の総称、同簡「谷」◆(穀物＝食料を与えて)養う、(穀物＝食料を食べて)生きる◆役人の俸禄◆善い; 物:◆(天地の間に存在する)人以外の形のあるもの、人は「者」、形のないものは「事」,N2,on,on+on,B_noun_rad_牛(kun 93%),穀:◆殻の付いた実を食用とする作物の総称、同簡「谷」◆(穀物＝食料を与えて)養う、(穀物＝食料を食べて)生きる◆役人の俸禄◆善い; 物:◆(天地の間に存在する)人以外の形のあるもの、人は「者」、形のないものは「事」
kk_積み重ねる_つみかさねる,積み重ねる,つみかさねる,積:◆(刈り取った穀物を)集めて次々に重ねて行く、上へ上へと重ねて行く◆堆(うずたか)く蓄(たくわ)える、貯(た)める◆数学で掛け算の結果◆「疳積(カンシャク)」、; 重:◆層になる、上に載る、下になったものに上から大きな力が掛かる、負担が大きい◆再び、繰り返して、何度も、何層にも◆何層にも心配りがされていて手厚い、丁寧な◆何層に,N2,kun,kun+kun~,IL1_okurigana(kun 96%) | A1_compound_oku(kun 90%) | A1_on_kun_mix(on+kun 65%),積:◆(刈り取った穀物を)集めて次々に重ねて行く、上へ上へと重ねて行く◆堆(うずたか)く蓄(たくわ)える、貯(た)める◆数学で掛け算の結果◆「疳積(カンシャク)」、; 重:◆層になる、上に載る、下になったものに上から大きな力が掛かる、負担が大きい◆再び、繰り返して、何度も、何層にも◆何層にも心配りがされていて手厚い、丁寧な◆何層に
kk_空かす_すかす,空かす,すかす,空:◆(中に)何もない、何も含まれていない、虚(うつ)ろなさま◆何もないところ、天と地の間(あいだ),N2,kun,kun,IL1_okurigana(kun 96%) | IL2_single_okuri(kun 96%),空:◆(中に)何もない、何も含まれていない、虚(うつ)ろなさま◆何もないところ、天と地の間(あいだ)
kk_空ける_あける,空ける,あける,空:◆(中に)何もない、何も含まれていない、虚(うつ)ろなさま◆何もないところ、天と地の間(あいだ),N2,kun,kun,IL1_okurigana(kun 96%) | IL2_single_okuri(kun 96%),空:◆(中に)何もない、何も含まれていない、虚(うつ)ろなさま◆何もないところ、天と地の間(あいだ)
kk_空中_くうちゅう,空中,くうちゅう,空:◆(中に)何もない、何も含まれていない、虚(うつ)ろなさま◆何もないところ、天と地の間(あいだ); 中:◆ものとものの間にあってどちらにも偏(かたよ)らない位置◆上下・高低・大小などの間(あいだ)に位置する人や物や場所、同「仲」◆始点(出発地)から終点(目的地)ま,N2,on,on+on,,空:◆(中に)何もない、何も含まれていない、虚(うつ)ろなさま◆何もないところ、天と地の間(あいだ); 中:◆ものとものの間にあってどちらにも偏(かたよ)らない位置◆上下・高低・大小などの間(あいだ)に位置する人や物や場所、同「仲」◆始点(出発地)から終点(目的地)ま
kk_空想_くうそう,空想,くうそう,空:◆(中に)何もない、何も含まれていない、虚(うつ)ろなさま◆何もないところ、天と地の間(あいだ); 想:◆～について考える、また考えを巡(めぐ)らす◆～と思う、～ではないかと思う◆～したいと思う,N2,on,on+on,,空:◆(中に)何もない、何も含まれていない、虚(うつ)ろなさま◆何もないところ、天と地の間(あいだ); 想:◆～について考える、また考えを巡(めぐ)らす◆～と思う、～ではないかと思う◆～したいと思う
kk_空腹_くうふく,空腹,くうふく,空:◆(中に)何もない、何も含まれていない、虚(うつ)ろなさま◆何もないところ、天と地の間(あいだ); 腹:◆体の前側(四足・多足の動物の場合は下側)の胸の下から骨盤までの胃や腸のある部分、同「肚」 ◆ものの前面、背の反対側◆胎内、ものの内部、心の内、心の内にある考え,N2,on,on+on,,空:◆(中に)何もない、何も含まれていない、虚(うつ)ろなさま◆何もないところ、天と地の間(あいだ); 腹:◆体の前側(四足・多足の動物の場合は下側)の胸の下から骨盤までの胃や腸のある部分、同「肚」 ◆ものの前面、背の反対側◆胎内、ものの内部、心の内、心の内にある考え
kk_突き当たる_つきあたる,突き当たる,つきあたる,突:◆犬が穴から急に飛び出す、また飛び出てくる◆急に、不意に◆つ・く、撞(つ)く、(棒状のものを正面から)まっすぐに当てる◆そこだけ凸状に飛び出ているさま、またその; 当:◆正面からぶつかる、正面から向き合う、相対する、同「噹」◆適合する、相応しい◆受け持つ、引き受ける◆そうするべき、そうあるべき◆この(this)、今、此処(ここ,N2,kun,kun+kun~,IL1_okurigana(kun 96%) | A1_compound_oku(kun 90%) | A1_on_kun_mix(on+kun 65%),突:◆犬が穴から急に飛び出す、また飛び出てくる◆急に、不意に◆つ・く、撞(つ)く、(棒状のものを正面から)まっすぐに当てる◆そこだけ凸状に飛び出ているさま、またその; 当:◆正面からぶつかる、正面から向き合う、相対する、同「噹」◆適合する、相応しい◆受け持つ、引き受ける◆そうするべき、そうあるべき◆この(this)、今、此処(ここ
kk_突っ込む_つっこむ,突っ込む,つっこむ,突:◆犬が穴から急に飛び出す、また飛び出てくる◆急に、不意に◆つ・く、撞(つ)く、(棒状のものを正面から)まっすぐに当てる◆そこだけ凸状に飛び出ているさま、またその; 込:◆[日]中に(内に、裏に、見えないところに)入(はい)る、入(い)れる,N2,kun,kun+kun~,IL1_okurigana(kun 96%) | A1_compound_oku(kun 90%) | A1_on_kun_mix(on+kun 65%),突:◆犬が穴から急に飛び出す、また飛び出てくる◆急に、不意に◆つ・く、撞(つ)く、(棒状のものを正面から)まっすぐに当てる◆そこだけ凸状に飛び出ているさま、またその; 込:◆[日]中に(内に、裏に、見えないところに)入(はい)る、入(い)れる
kk_窃盗_せっとう,窃盗,せっとう,窃:◆こっそり盗む、密(ひそ)かに奪う◆こっそりと、密かに◆浅い色、深みがなく薄めの色◆「窃衣(セツイ)」、オヤブジラミ(雄藪蝨)、セリ科ヤブジラミ属の草; 盗:◆本来自分のものではないのものを(相手の許しを得ないまま、こっそりと)自分のものにする,N2,on,on+on,,窃:◆こっそり盗む、密(ひそ)かに奪う◆こっそりと、密かに◆浅い色、深みがなく薄めの色◆「窃衣(セツイ)」、オヤブジラミ(雄藪蝨)、セリ科ヤブジラミ属の草; 盗:◆本来自分のものではないのものを(相手の許しを得ないまま、こっそりと)自分のものにする
kk_立ち上げる_たちあげる,立ち上げる,たちあげる,立:◆地(チ、地面、土台、基盤)に足を着け垂直にする、また垂直になる、地から上に向かって伸ばす、また伸びる◆しっかりとした土台を築いてその上にものを作り上げて行く、; 上:◆位置・場所・地位などが高い、高い方にある◆高い方に移る、昇る、登る◆順序・時間などが前、前の方にある◆前の方に移る◆等級・品質などが高い、優れている◆殿様、皇,N2,kun,kun+kun~,IL1_okurigana(kun 96%) | A1_compound_oku(kun 90%) | A1_on_kun_mix(on+kun 65%),立:◆地(チ、地面、土台、基盤)に足を着け垂直にする、また垂直になる、地から上に向かって伸ばす、また伸びる◆しっかりとした土台を築いてその上にものを作り上げて行く、; 上:◆位置・場所・地位などが高い、高い方にある◆高い方に移る、昇る、登る◆順序・時間などが前、前の方にある◆前の方に移る◆等級・品質などが高い、優れている◆殿様、皇
kk_立ち入り_たちいり,立ち入り,たちいり,立:◆地(チ、地面、土台、基盤)に足を着け垂直にする、また垂直になる、地から上に向かって伸ばす、また伸びる◆しっかりとした土台を築いてその上にものを作り上げて行く、; 入:◆範囲・領域・組織や区切り・境界の外(外側、外部、表側、向こう側、公のところ)から内(内側、内部、裏側、こちら側、私的なところ)に移る、また移す、内から外へ移る,N2,kun,kun+kun~,IL1_okurigana(kun 96%) | A1_compound_oku(kun 90%) | A1_on_kun_mix(on+kun 65%),立:◆地(チ、地面、土台、基盤)に足を着け垂直にする、また垂直になる、地から上に向かって伸ばす、また伸びる◆しっかりとした土台を築いてその上にものを作り上げて行く、; 入:◆範囲・領域・組織や区切り・境界の外(外側、外部、表側、向こう側、公のところ)から内(内側、内部、裏側、こちら側、私的なところ)に移る、また移す、内から外へ移る
kk_立ち去る_たちさる,立ち去る,たちさる,立:◆地(チ、地面、土台、基盤)に足を着け垂直にする、また垂直になる、地から上に向かって伸ばす、また伸びる◆しっかりとした土台を築いてその上にものを作り上げて行く、; 去:◆今いるところから離れる、また離れて別のところへ行く◆時(時間・月日・時代など)が過ぎる、過ぎてしまった時、「過去(カコ)」◆今あるものを別のところに移す、また,N2,kun,kun+kun~,IL1_okurigana(kun 96%) | A1_compound_oku(kun 90%) | A1_on_kun_mix(on+kun 65%),立:◆地(チ、地面、土台、基盤)に足を着け垂直にする、また垂直になる、地から上に向かって伸ばす、また伸びる◆しっかりとした土台を築いてその上にものを作り上げて行く、; 去:◆今いるところから離れる、また離れて別のところへ行く◆時(時間・月日・時代など)が過ぎる、過ぎてしまった時、「過去(カコ)」◆今あるものを別のところに移す、また
kk_立ち待ち_たちまち,立ち待ち,たちまち,立:◆地(チ、地面、土台、基盤)に足を着け垂直にする、また垂直になる、地から上に向かって伸ばす、また伸びる◆しっかりとした土台を築いてその上にものを作り上げて行く、; 待:◆その人・時間・機会などが来るまで(その状態になるまで)その場に止(とど)まる、同「𥩳」◆持て成す(もてなす)、準備を整えて応接する、心を尽くして応対する◆「不,N2,kun,kun+kun~,IL1_okurigana(kun 96%) | A1_compound_oku(kun 90%) | A1_on_kun_mix(on+kun 65%),立:◆地(チ、地面、土台、基盤)に足を着け垂直にする、また垂直になる、地から上に向かって伸ばす、また伸びる◆しっかりとした土台を築いてその上にものを作り上げて行く、; 待:◆その人・時間・機会などが来るまで(その状態になるまで)その場に止(とど)まる、同「𥩳」◆持て成す(もてなす)、準備を整えて応接する、心を尽くして応対する◆「不
kk_立ち止まる_たちどまる,立ち止まる,たちどまる,立:◆地(チ、地面、土台、基盤)に足を着け垂直にする、また垂直になる、地から上に向かって伸ばす、また伸びる◆しっかりとした土台を築いてその上にものを作り上げて行く、; 止:◆ものが動かないように(しっかりと)立つための支えとなる基(もと、土台)◆体を支える足(あし)◆同じ所に留(とど)まって動かない[†「止」は止まったまま動かない,N2,other,mixed+mixed~,IL1_okurigana(kun 96%) | A1_compound_oku(kun 90%) | A1_on_kun_mix(on+kun 65%),立:◆地(チ、地面、土台、基盤)に足を着け垂直にする、また垂直になる、地から上に向かって伸ばす、また伸びる◆しっかりとした土台を築いてその上にものを作り上げて行く、; 止:◆ものが動かないように(しっかりと)立つための支えとなる基(もと、土台)◆体を支える足(あし)◆同じ所に留(とど)まって動かない[†「止」は止まったまま動かない
kk_立ち直る_たちなおる,立ち直る,たちなおる,立:◆地(チ、地面、土台、基盤)に足を着け垂直にする、また垂直になる、地から上に向かって伸ばす、また伸びる◆しっかりとした土台を築いてその上にものを作り上げて行く、; 直:◆ものをまっすぐによく見る◆まっすぐなさま、曲がったり折れたり歪(ゆが)んだりしない(していない)さま、「正直(ショウジキ、まっすぐなこと、嘘や偽りがないこと),N2,kun,kun+kun~,IL1_okurigana(kun 96%) | A1_compound_oku(kun 90%) | A1_on_kun_mix(on+kun 65%),立:◆地(チ、地面、土台、基盤)に足を着け垂直にする、また垂直になる、地から上に向かって伸ばす、また伸びる◆しっかりとした土台を築いてその上にものを作り上げて行く、; 直:◆ものをまっすぐによく見る◆まっすぐなさま、曲がったり折れたり歪(ゆが)んだりしない(していない)さま、「正直(ショウジキ、まっすぐなこと、嘘や偽りがないこと)
kk_童話_どうわ,童話,どうわ,童:◆男の奴隷(ドレイ)や召使(めしつかい)◆幼い子ども、未成年(十五歳未満)の子ども、成人(十五歳で元服し成人となる)する前の男子◆幼いさま、「童昏(ドウコン、幼; 話:◆言葉にして言う、言葉で告げる、語(かた)る、またその言葉、同「𦧵(舙)」◆語られた(語られている)こと、物語(ものがたり),N2,on,on+on,A3_short_compound(on+on 71%) | B_verb_rad_言(kun 80%),童:◆男の奴隷(ドレイ)や召使(めしつかい)◆幼い子ども、未成年(十五歳未満)の子ども、成人(十五歳で元服し成人となる)する前の男子◆幼いさま、「童昏(ドウコン、幼; 話:◆言葉にして言う、言葉で告げる、語(かた)る、またその言葉、同「𦧵(舙)」◆語られた(語られている)こと、物語(ものがたり)
kk_童謡_どうよう,童謡,どうよう,童:◆男の奴隷(ドレイ)や召使(めしつかい)◆幼い子ども、未成年(十五歳未満)の子ども、成人(十五歳で元服し成人となる)する前の男子◆幼いさま、「童昏(ドウコン、幼; 謡:◆即興で歌う、楽器などの伴奏なしに歌う、同「䚻」、楽器などの伴奏に合わせて歌うのは「歌」◆子どもや一般の人が節を付けて口遊(くちずさ)む歌◆根も葉もない噂話,N2,on,on+on,B_verb_rad_言(kun 80%),童:◆男の奴隷(ドレイ)や召使(めしつかい)◆幼い子ども、未成年(十五歳未満)の子ども、成人(十五歳で元服し成人となる)する前の男子◆幼いさま、「童昏(ドウコン、幼; 謡:◆即興で歌う、楽器などの伴奏なしに歌う、同「䚻」、楽器などの伴奏に合わせて歌うのは「歌」◆子どもや一般の人が節を付けて口遊(くちずさ)む歌◆根も葉もない噂話
kk_競走_きょうそう,競走,きょうそう,競:◆互いに勝負(かちまけ)や優劣を争い合う、張り合う◆強い、しっかりとしている、曲がったり歪(ゆが)んだり挫(くじ)けたりすることがない、【春秋左傳正義:卷十一:; 走:◆片足を地に着け止め、残る片足を前に運んで止める、という動作を左右の足で交互に速く繰り返す、早足(はやあし)で行く、同「趨」、ゆっくり繰り返すことを「歩」◆逃(,N2,on,on+on,,競:◆互いに勝負(かちまけ)や優劣を争い合う、張り合う◆強い、しっかりとしている、曲がったり歪(ゆが)んだり挫(くじ)けたりすることがない、【春秋左傳正義:卷十一:; 走:◆片足を地に着け止め、残る片足を前に運んで止める、という動作を左右の足で交互に速く繰り返す、早足(はやあし)で行く、同「趨」、ゆっくり繰り返すことを「歩」◆逃(
kk_競馬_けいば,競馬,けいば,競:◆互いに勝負(かちまけ)や優劣を争い合う、張り合う◆強い、しっかりとしている、曲がったり歪(ゆが)んだり挫(くじ)けたりすることがない、【春秋左傳正義:卷十一:; 馬:◆ウマ(馬)、ウマ科の哺乳類の総称◆うま、うまへん、部首名,N2,on,on+on,A3_short_compound(on+on 71%),競:◆互いに勝負(かちまけ)や優劣を争い合う、張り合う◆強い、しっかりとしている、曲がったり歪(ゆが)んだり挫(くじ)けたりすることがない、【春秋左傳正義:卷十一:; 馬:◆ウマ(馬)、ウマ科の哺乳類の総称◆うま、うまへん、部首名
kk_笑顔_えがお,笑顔,えがお,笑:◆喜び顔を綻(ほころ)ばせる、顔を綻ばせ歯を見せる、同「𥬇」「㗛」「咲」◆面白(おもしろ)おかしい◆侮(あなど)って小さく口を開く、嘲笑う(あざわらう)◆花が咲; 顔:◆額(ひたい)◆頭の前面、前に向いている面、またその容貌や表情◆様子、情景、彩(あや)、彩(いろど)り,N2,other,mixed+mixed~,A3_short_compound(on+on 71%) | B_noun_rad_竹(kun 93%),笑:◆喜び顔を綻(ほころ)ばせる、顔を綻ばせ歯を見せる、同「𥬇」「㗛」「咲」◆面白(おもしろ)おかしい◆侮(あなど)って小さく口を開く、嘲笑う(あざわらう)◆花が咲; 顔:◆額(ひたい)◆頭の前面、前に向いている面、またその容貌や表情◆様子、情景、彩(あや)、彩(いろど)り
kk_笛_ふえ,笛,ふえ,笛:◆竹などの円筒形のものに幾つかの孔(あな)をあけ、その一つから息を吹き込み、他の孔を指で押さえたり離したりすることで音階を表現する楽器の総称、同「篴」「𥴦」 ),N2,kun,kun,IL2_single_default(kun 84%) | B_noun_rad_竹(kun 93%),笛:◆竹などの円筒形のものに幾つかの孔(あな)をあけ、その一つから息を吹き込み、他の孔を指で押さえたり離したりすることで音階を表現する楽器の総称、同「篴」「𥴦」 )
kk_符号_ふごう,符号,ふごう,符:◆真正(シンセイ)な相手であることを確認し合うための二つに割った札(ふだ)、これを双方が持ち、当人自身が相手に会うことができないような場合に使者にこれを持たせて; 号:◆大声を出す、大声で呼ぶ、「号令(ゴウレイ)」「怒号(ドゴウ)」◆大きな声で泣く、また鳴く、また吼(ほ)える、「号泣(ゴウキュウ)」◆名付ける、正式な名前、「称,N2,on,on+on,A3_short_compound(on+on 71%) | B_noun_rad_竹(kun 93%),符:◆真正(シンセイ)な相手であることを確認し合うための二つに割った札(ふだ)、これを双方が持ち、当人自身が相手に会うことができないような場合に使者にこれを持たせて; 号:◆大声を出す、大声で呼ぶ、「号令(ゴウレイ)」「怒号(ドゴウ)」◆大きな声で泣く、また鳴く、また吼(ほ)える、「号泣(ゴウキュウ)」◆名付ける、正式な名前、「称
kk_筆記_ひっき,筆記,ひっき,筆:◆墨や絵の具を穂先に含ませて字を書いたり絵を描いたりする道具、またそれで字を書く、また絵を描く、またそれで書いた(描いた)字や絵; 記:◆(忘れないように)覚えておく、「記憶(キオク)」◆(忘れないように)書き留(と)める、書き付ける、また書き留めたもの、「記録(キロク)」「記事(キジ、書き記さ,N2,on,on+on,A3_short_compound(on+on 71%) | B_noun_rad_竹(kun 93%) | B_verb_rad_言(kun 80%),筆:◆墨や絵の具を穂先に含ませて字を書いたり絵を描いたりする道具、またそれで字を書く、また絵を描く、またそれで書いた(描いた)字や絵; 記:◆(忘れないように)覚えておく、「記憶(キオク)」◆(忘れないように)書き留(と)める、書き付ける、また書き留めたもの、「記録(キロク)」「記事(キジ、書き記さ
kk_筆跡_ひっせき,筆跡,ひっせき,筆:◆墨や絵の具を穂先に含ませて字を書いたり絵を描いたりする道具、またそれで字を書く、また絵を描く、またそれで書いた(描いた)字や絵; 跡:◆歩いた所、歩いた所に残る足の印(しるし)◆物や出来事があった所に残る痕跡、同「迹」「蹟」◆簡「迹」,N2,on,on+on,B_noun_rad_竹(kun 93%) | B_verb_rad_足(kun 80%),筆:◆墨や絵の具を穂先に含ませて字を書いたり絵を描いたりする道具、またそれで字を書く、また絵を描く、またそれで書いた(描いた)字や絵; 跡:◆歩いた所、歩いた所に残る足の印(しるし)◆物や出来事があった所に残る痕跡、同「迹」「蹟」◆簡「迹」
kk_等しい_ひとしい,等しい,ひとしい,等:◆きちんと揃(そろ)え整(ととの)えられた竹簡(チクカン、竹の札に記された文書)◆凸凹せずにきちんと揃う、また揃える、また整える◆数・量・大きさ・程度などが同じ,N2,kun,kun,IL1_okurigana(kun 96%) | IL2_single_okuri(kun 96%) | B_noun_rad_竹(kun 93%),等:◆きちんと揃(そろ)え整(ととの)えられた竹簡(チクカン、竹の札に記された文書)◆凸凹せずにきちんと揃う、また揃える、また整える◆数・量・大きさ・程度などが同じ
kk_等分_とうぶん,等分,とうぶん,等:◆きちんと揃(そろ)え整(ととの)えられた竹簡(チクカン、竹の札に記された文書)◆凸凹せずにきちんと揃う、また揃える、また整える◆数・量・大きさ・程度などが同じ; 分:◆一つに纏(まと)まっているものを幾つかに切り離す、また幾つかに仕切る(区切る)、「分割(ブンカツ)」、切り離したものを仕分けることを「別」◆一つの纏まりから一,N2,on,on+on,B_noun_rad_竹(kun 93%) | B_verb_rad_刀(kun 80%),等:◆きちんと揃(そろ)え整(ととの)えられた竹簡(チクカン、竹の札に記された文書)◆凸凹せずにきちんと揃う、また揃える、また整える◆数・量・大きさ・程度などが同じ; 分:◆一つに纏(まと)まっているものを幾つかに切り離す、また幾つかに仕切る(区切る)、「分割(ブンカツ)」、切り離したものを仕分けることを「別」◆一つの纏まりから一
kk_筋_すじ,筋,すじ,筋:◆動物の肉(皮膚と骨を繋いで一定の形や位置を保つ役割を担う組織、筋肉と脂肪とからなる)を構成する伸縮性のある強靱な線状の組織、「【集韻:卷二:平聲:欣第二十一:,N2,kun,kun,IL2_single_default(kun 84%) | B_noun_rad_竹(kun 93%),筋:◆動物の肉(皮膚と骨を繋いで一定の形や位置を保つ役割を担う組織、筋肉と脂肪とからなる)を構成する伸縮性のある強靱な線状の組織、「【集韻:卷二:平聲:欣第二十一:
kk_筋肉_きんにく,筋肉,きんにく,筋:◆動物の肉(皮膚と骨を繋いで一定の形や位置を保つ役割を担う組織、筋肉と脂肪とからなる)を構成する伸縮性のある強靱な線状の組織、「【集韻:卷二:平聲:欣第二十一:; 肉:◆人や動物の骨・臓器などを除いた部分、果実の種などを除いた部分、ものの内部の骨・内臓・種などを厚く覆(おお)い、外的な力からそれらを保護し、同時にその形状や位置,N2,on,on+on,B_noun_rad_竹(kun 93%),筋:◆動物の肉(皮膚と骨を繋いで一定の形や位置を保つ役割を担う組織、筋肉と脂肪とからなる)を構成する伸縮性のある強靱な線状の組織、「【集韻:卷二:平聲:欣第二十一:; 肉:◆人や動物の骨・臓器などを除いた部分、果実の種などを除いた部分、ものの内部の骨・内臓・種などを厚く覆(おお)い、外的な力からそれらを保護し、同時にその形状や位置
kk_算盤_そろばん,算盤,そろばん,算:◆数(かず)を数(かぞ)える、同「筭」◆数を計算する(本数や置き方によって数を表す)ための竹の棒、占いにも用いる、同「籌」、「算籌(サンチュウ、計算また占いに用; 盤:◆浅い盆(ボン)や皿状の器、木製は「槃」、金属製は「鎜」 ◆薄く平らなもの、上部が平らな台◆大きくどっしりとした石、同「磐」◆円を描(えが)くように回る、回転す,N2,on,on+on~,B_noun_rad_竹(kun 93%),算:◆数(かず)を数(かぞ)える、同「筭」◆数を計算する(本数や置き方によって数を表す)ための竹の棒、占いにも用いる、同「籌」、「算籌(サンチュウ、計算また占いに用; 盤:◆浅い盆(ボン)や皿状の器、木製は「槃」、金属製は「鎜」 ◆薄く平らなもの、上部が平らな台◆大きくどっしりとした石、同「磐」◆円を描(えが)くように回る、回転す
kk_箪笥_たんす,箪笥,たんす,箪:◆割った竹を編んだ飯(めし)などを入れる円形蓋(ふた)付きの箱、四角いものは「笥」◆「箪笥(タンシ、タンス)」◇飯などを入れる竹製で蓋付きの小箱、小さな箱◇[日; 笥:◆(竹製の)四角い箱、飯や衣類を収納する、同「㔯」、丸いものは「箪」,N2,on,on+on,A3_short_compound(on+on 71%) | B_noun_rad_竹(kun 93%) | B_noun_rad_竹(kun 93%),箪:◆割った竹を編んだ飯(めし)などを入れる円形蓋(ふた)付きの箱、四角いものは「笥」◆「箪笥(タンシ、タンス)」◇飯などを入れる竹製で蓋付きの小箱、小さな箱◇[日; 笥:◆(竹製の)四角い箱、飯や衣類を収納する、同「㔯」、丸いものは「箪」
kk_節_せつ,節,せつ,節:◆タケ(竹、イネ科タケ亜科の木)の中空の茎が途中で区切られ外側に硬く盛り上がっているところ、イネ科の植物に多くみられる◆区切り、変わり目、段落、けじめ◆区切りで,N2,on,on,IL2_single_default(kun 84%) | B_noun_rad_竹(kun 93%),節:◆タケ(竹、イネ科タケ亜科の木)の中空の茎が途中で区切られ外側に硬く盛り上がっているところ、イネ科の植物に多くみられる◆区切り、変わり目、段落、けじめ◆区切りで
kk_節_ふし,節,ふし,節:◆タケ(竹、イネ科タケ亜科の木)の中空の茎が途中で区切られ外側に硬く盛り上がっているところ、イネ科の植物に多くみられる◆区切り、変わり目、段落、けじめ◆区切りで,N2,kun,kun,IL2_single_default(kun 84%) | B_noun_rad_竹(kun 93%),節:◆タケ(竹、イネ科タケ亜科の木)の中空の茎が途中で区切られ外側に硬く盛り上がっているところ、イネ科の植物に多くみられる◆区切り、変わり目、段落、けじめ◆区切りで
kk_籠_かご,籠,かご,籠:◆竹を編んで作った入れ物(盆状・桶状・笊状・筒状のものなど)の総称、またそれに入れる◆箙(えびら)、矢を入れて背負う竹製筒状(箱形・筒形・袋形など)の容器◆中に,N2,kun,kun,IL2_single_default(kun 84%) | B_noun_rad_竹(kun 93%),籠:◆竹を編んで作った入れ物(盆状・桶状・笊状・筒状のものなど)の総称、またそれに入れる◆箙(えびら)、矢を入れて背負う竹製筒状(箱形・筒形・袋形など)の容器◆中に
kk_籤_くじ,籤,くじ,籤:◆竹を切り削り細長くしたもの、竹籤(たけひご)、同「䉔」「𥵞」「𥷪」◆竹を切り削り細長くして先を尖らせたもの、竹串(たけぐし)◆将来・未来(現在が続いて行ったそ,N2,kun,kun,IL2_single_default(kun 84%) | B_noun_rad_竹(kun 93%),籤:◆竹を切り削り細長くしたもの、竹籤(たけひご)、同「䉔」「𥵞」「𥷪」◆竹を切り削り細長くして先を尖らせたもの、竹串(たけぐし)◆将来・未来(現在が続いて行ったそ
kk_籤引き_くじびき,籤引き,くじびき,籤:◆竹を切り削り細長くしたもの、竹籤(たけひご)、同「䉔」「𥵞」「𥷪」◆竹を切り削り細長くして先を尖らせたもの、竹串(たけぐし)◆将来・未来(現在が続いて行ったそ; 引:◆(弓の弦iに指を掛け、ぐいと)手前に寄せる、「向こうへぐいと押しやる」とは逆の動きをいう◆ぐいと伸ばす、「引領(インレイ、首を伸ばす、首を伸ばして待ち受ける),N2,other,mixed+mixed~,IL1_okurigana(kun 96%) | A1_compound_oku(kun 90%) | A1_on_kun_mix(on+kun 65%),籤:◆竹を切り削り細長くしたもの、竹籤(たけひご)、同「䉔」「𥵞」「𥷪」◆竹を切り削り細長くして先を尖らせたもの、竹串(たけぐし)◆将来・未来(現在が続いて行ったそ; 引:◆(弓の弦iに指を掛け、ぐいと)手前に寄せる、「向こうへぐいと押しやる」とは逆の動きをいう◆ぐいと伸ばす、「引領(インレイ、首を伸ばす、首を伸ばして待ち受ける)
kk_粗筋_あらすじ,粗筋,あらすじ,粗:◆脱穀したままで精白していない米、十分に磨(みが)かれていない米、同「𥼗」◆よく手が加えられていないさま、洗練されていないさま◆きれいに整えられていない(揃って; 筋:◆動物の肉(皮膚と骨を繋いで一定の形や位置を保つ役割を担う組織、筋肉と脂肪とからなる)を構成する伸縮性のある強靱な線状の組織、「【集韻:卷二:平聲:欣第二十一:,N2,mixed,on+kun~,B_noun_rad_米(kun 93%) | B_noun_rad_竹(kun 93%),粗:◆脱穀したままで精白していない米、十分に磨(みが)かれていない米、同「𥼗」◆よく手が加えられていないさま、洗練されていないさま◆きれいに整えられていない(揃って; 筋:◆動物の肉(皮膚と骨を繋いで一定の形や位置を保つ役割を担う組織、筋肉と脂肪とからなる)を構成する伸縮性のある強靱な線状の組織、「【集韻:卷二:平聲:欣第二十一:
kk_精々_せいぜい,精々,せいぜい,精:◆選(え)りすぐられた透き通るように真っ白な米◆選りすぐる、よいものだけを選ぶ◆瑕(きず)や汚れがない、濁りや混じり気がない◆瑕や濁りを取り去ったもの、清らかな,N2,on,on,IL2_single_default(kun 84%) | B_noun_rad_米(kun 93%),精:◆選(え)りすぐられた透き通るように真っ白な米◆選りすぐる、よいものだけを選ぶ◆瑕(きず)や汚れがない、濁りや混じり気がない◆瑕や濁りを取り去ったもの、清らかな
kk_精一杯_せいいっぱい,精一杯,せいいっぱい,精:◆選(え)りすぐられた透き通るように真っ白な米◆選りすぐる、よいものだけを選ぶ◆瑕(きず)や汚れがない、濁りや混じり気がない◆瑕や濁りを取り去ったもの、清らかな; 一:◆最初、最初の数、最も小さい数、同「壹」 ◆(幾つかあるものの内の、全体の中の)一つ、一つの、一つに、それだけ、ひたすら、同「壹」◆同じ、等しい、「同じ一つのも; 杯:◆酒・茶・スープsoupなどの液状の飲み物を飲むための器の総称、一般に手に持てる程度の大きさのものでやや浅めの器 ◆液体の入った容器の数また容器に液体を満たした,N2,other,mixed+mixed+mixed~,A4_multi_on(on+on+on 65%) | B_noun_rad_米(kun 93%) | B_noun_rad_木(kun 93%),精:◆選(え)りすぐられた透き通るように真っ白な米◆選りすぐる、よいものだけを選ぶ◆瑕(きず)や汚れがない、濁りや混じり気がない◆瑕や濁りを取り去ったもの、清らかな; 一:◆最初、最初の数、最も小さい数、同「壹」 ◆(幾つかあるものの内の、全体の中の)一つ、一つの、一つに、それだけ、ひたすら、同「壹」◆同じ、等しい、「同じ一つのも; 杯:◆酒・茶・スープsoupなどの液状の飲み物を飲むための器の総称、一般に手に持てる程度の大きさのものでやや浅めの器 ◆液体の入った容器の数また容器に液体を満たした
kk_精神的_せいしんてき,精神的,せいしんてき,精:◆選(え)りすぐられた透き通るように真っ白な米◆選りすぐる、よいものだけを選ぶ◆瑕(きず)や汚れがない、濁りや混じり気がない◆瑕や濁りを取り去ったもの、清らかな; 神:◆人の力や理解が及ばない現象を引き起こすと考えられたもの、不思議なはたらきをするもの◆心(こころ)、魂(コン、たましい、思考や感情など); 的:◆弓で矢を射(い)る時の目標とするもの、同「㢩」「墑」◆額(ひたい)の部分だけが白い馬、またその額の白い部分、女性が額に施(ほどこ)す(赤い点状の)装飾◆(弓の,N2,on,on+on+on,A4_multi_on(on+on+on 65%) | B_noun_rad_米(kun 93%),精:◆選(え)りすぐられた透き通るように真っ白な米◆選りすぐる、よいものだけを選ぶ◆瑕(きず)や汚れがない、濁りや混じり気がない◆瑕や濁りを取り去ったもの、清らかな; 神:◆人の力や理解が及ばない現象を引き起こすと考えられたもの、不思議なはたらきをするもの◆心(こころ)、魂(コン、たましい、思考や感情など); 的:◆弓で矢を射(い)る時の目標とするもの、同「㢩」「墑」◆額(ひたい)の部分だけが白い馬、またその額の白い部分、女性が額に施(ほどこ)す(赤い点状の)装飾◆(弓の
kk_系統_けいとう,系統,けいとう,系:◆切れている糸を(途切れているものを)繋(つな)ぐ、繋いで結び付ける、途切れないように継(つ)ぐ、同「繫」「係」◆関わる、関わりを持つ、繋がりを持つ、同「係」◆; 統:◆糸口、糸や物事の端緒◆一つの糸口に繋がって伸び広がる、また続いて行く、遡れば一つの端緒に行き着く、またそのような物事◆一つの物事を端緒・頂点としてその下にばら,N2,on,on+on,,系:◆切れている糸を(途切れているものを)繋(つな)ぐ、繋いで結び付ける、途切れないように継(つ)ぐ、同「繫」「係」◆関わる、関わりを持つ、繋がりを持つ、同「係」◆; 統:◆糸口、糸や物事の端緒◆一つの糸口に繋がって伸び広がる、また続いて行く、遡れば一つの端緒に行き着く、またそのような物事◆一つの物事を端緒・頂点としてその下にばら
kk_約_やく,約,やく,約:◆束ねる、纏(まと)めて束ねる、小さく纏める、同「𠣩」◆結ぶ、結び目、「約定(ヤクジョウ、互いに取り決め結び合うこと)」◆「約束(ヤクソク)」◇しっかりと縛(し,N2,on,on,IL2_single_default(kun 84%),約:◆束ねる、纏(まと)めて束ねる、小さく纏める、同「𠣩」◆結ぶ、結び目、「約定(ヤクジョウ、互いに取り決め結び合うこと)」◆「約束(ヤクソク)」◇しっかりと縛(し
kk_紅葉_こうよう,紅葉,こうよう,紅:◆(やや)白色が混じった赤色、濃いピンクpink色、赤色(淡赤から深赤まで全般を指す)◆(花や女性の)美しいさま、艶(あで)やかなさま◆「女紅(ジョコウ)」、女; 葉:◆植物の茎や枝から伸び出る薄く平らなもの、主に光を受け成長に必要な養分を合成する(光合成、コウゴウセイ)役割を担う◆(葉のように)薄いもの◆紙などのような薄いも,N2,on,on+on,,紅:◆(やや)白色が混じった赤色、濃いピンクpink色、赤色(淡赤から深赤まで全般を指す)◆(花や女性の)美しいさま、艶(あで)やかなさま◆「女紅(ジョコウ)」、女; 葉:◆植物の茎や枝から伸び出る薄く平らなもの、主に光を受け成長に必要な養分を合成する(光合成、コウゴウセイ)役割を担う◆(葉のように)薄いもの◆紙などのような薄いも
kk_納める_おさめる,納める,おさめる,納:◆外にあるものを内(うち)に入れる、建物や容器の中に入れる◆他のものを受け入れる、自分のものを他へ渡す◆ここで止(や)めて終わりにする、これまでのことを終わりに,N2,kun,kun,IL1_okurigana(kun 96%) | IL2_single_okuri(kun 96%),納:◆外にあるものを内(うち)に入れる、建物や容器の中に入れる◆他のものを受け入れる、自分のものを他へ渡す◆ここで止(や)めて終わりにする、これまでのことを終わりに
kk_純情_じゅんじょう,純情,じゅんじょう,純:◆他の色が混じっていない単色の糸、単色の布や衣服◆本来のもの以外の何ものも混じっていない、本来のままで何の手も加えられていない; 情:◆物事(特に他の人)からの働き掛けで起こる喜怒哀楽愛好悪欲などの心の動き、「感情(カンジョウ)」◆他に寄せる思い、「愛情(アイジョウ)」◆異性に寄せる思い、好意,N2,on,on+on,,純:◆他の色が混じっていない単色の糸、単色の布や衣服◆本来のもの以外の何ものも混じっていない、本来のままで何の手も加えられていない; 情:◆物事(特に他の人)からの働き掛けで起こる喜怒哀楽愛好悪欲などの心の動き、「感情(カンジョウ)」◆他に寄せる思い、「愛情(アイジョウ)」◆異性に寄せる思い、好意
kk_純粋_じゅんすい,純粋,じゅんすい,純:◆他の色が混じっていない単色の糸、単色の布や衣服◆本来のもの以外の何ものも混じっていない、本来のままで何の手も加えられていない; 粋:◆他のものが全く混じっていないさま、「純粋(ジュンスイ)」◆[日]いき、身形(みなり)や立ち振る舞いが垢抜けしているさま,N2,on,on+on,B_noun_rad_米(kun 93%),純:◆他の色が混じっていない単色の糸、単色の布や衣服◆本来のもの以外の何ものも混じっていない、本来のままで何の手も加えられていない; 粋:◆他のものが全く混じっていないさま、「純粋(ジュンスイ)」◆[日]いき、身形(みなり)や立ち振る舞いが垢抜けしているさま
kk_紙幣_しへい,紙幣,しへい,紙:◆植物などの繊維を抄(す)き薄く平らにしたもの、paper; 幣:◆神前(シンゼン)に供(そな)える白い絹布、同「𧝬」「𢄞」◆君主や賓客(ヒンキャク)への礼物(レイブツ、レイモツ、お礼の品物)◆財物(ザイブツ、ザイモツ)、大切,N2,on,on+on,A3_short_compound(on+on 71%) | B_noun_rad_巾(kun 93%),紙:◆植物などの繊維を抄(す)き薄く平らにしたもの、paper; 幣:◆神前(シンゼン)に供(そな)える白い絹布、同「𧝬」「𢄞」◆君主や賓客(ヒンキャク)への礼物(レイブツ、レイモツ、お礼の品物)◆財物(ザイブツ、ザイモツ)、大切
kk_紛争_ふんそう,紛争,ふんそう,紛:◆旗などがひらひらと激しくはためくさま、馬の尾がひらひらと揺れ乱れるさま◆細かいもの(細いもの、小さいもの)が入り乱れる、乱れて絡(から)み合う、縺(もつ)れ合; 争:◆互いに自分の方へ取り合う、奪い合う、戦う◆言い合い優劣・正否を競う、議論する、同「訟」「諍」◆諌(いさ)める、非や過ちを正すよう意見する、同「諫」「諍」◆いか,N2,on,on+on,,紛:◆旗などがひらひらと激しくはためくさま、馬の尾がひらひらと揺れ乱れるさま◆細かいもの(細いもの、小さいもの)が入り乱れる、乱れて絡(から)み合う、縺(もつ)れ合; 争:◆互いに自分の方へ取り合う、奪い合う、戦う◆言い合い優劣・正否を競う、議論する、同「訟」「諍」◆諌(いさ)める、非や過ちを正すよう意見する、同「諫」「諍」◆いか
kk_紛失_ふんしつ,紛失,ふんしつ,紛:◆旗などがひらひらと激しくはためくさま、馬の尾がひらひらと揺れ乱れるさま◆細かいもの(細いもの、小さいもの)が入り乱れる、乱れて絡(から)み合う、縺(もつ)れ合; 失:◆指の間から(隙間から)するりと抜け出る、手にしていたもの(それまであったもの)をなくす◆逸(イッ)する、なくす、なくなる◆すべきことや選ぶべき道・時などを見逃,N2,on,on+on,,紛:◆旗などがひらひらと激しくはためくさま、馬の尾がひらひらと揺れ乱れるさま◆細かいもの(細いもの、小さいもの)が入り乱れる、乱れて絡(から)み合う、縺(もつ)れ合; 失:◆指の間から(隙間から)するりと抜け出る、手にしていたもの(それまであったもの)をなくす◆逸(イッ)する、なくす、なくなる◆すべきことや選ぶべき道・時などを見逃
kk_素人_しろうと,素人,しろうと,素:◆色を染める前の白い糸◆白い、無地の◆形は整えられているが、それ以上には手が加えられていない、本来の、元のままの、「素質(ソシツ)」◆飾らない、飾り気のない、「; 人:◆霊長目ヒト科ヒト属の生物、ホモ・サピエンスHomo sapiens(「知恵の人」の意)、同「儿」◆自分以外の者、「人我(ジンガ、他人と自分)」◆人の数(かず),N2,other,mixed+mixed~,,素:◆色を染める前の白い糸◆白い、無地の◆形は整えられているが、それ以上には手が加えられていない、本来の、元のままの、「素質(ソシツ)」◆飾らない、飾り気のない、「; 人:◆霊長目ヒト科ヒト属の生物、ホモ・サピエンスHomo sapiens(「知恵の人」の意)、同「儿」◆自分以外の者、「人我(ジンガ、他人と自分)」◆人の数(かず)
kk_素早い_すばやい,素早い,すばやい,素:◆色を染める前の白い糸◆白い、無地の◆形は整えられているが、それ以上には手が加えられていない、本来の、元のままの、「素質(ソシツ)」◆飾らない、飾り気のない、「; 早:◆いよいよ陽が昇り始めようとしていてまだ薄暗い頃、朝が明(あ)けようとする頃◆その時(時間、時期、頃合い)に至っていない◆本来の時よりも前に(先に)、前以って、,N2,other,mixed+mixed~,IL1_okurigana(kun 96%) | A1_compound_oku(kun 90%) | A1_on_kun_mix(on+kun 65%),素:◆色を染める前の白い糸◆白い、無地の◆形は整えられているが、それ以上には手が加えられていない、本来の、元のままの、「素質(ソシツ)」◆飾らない、飾り気のない、「; 早:◆いよいよ陽が昇り始めようとしていてまだ薄暗い頃、朝が明(あ)けようとする頃◆その時(時間、時期、頃合い)に至っていない◆本来の時よりも前に(先に)、前以って、
kk_素材_そざい,素材,そざい,素:◆色を染める前の白い糸◆白い、無地の◆形は整えられているが、それ以上には手が加えられていない、本来の、元のままの、「素質(ソシツ)」◆飾らない、飾り気のない、「; 材:◆切り出した木、立木は「樹」◆さまざまな構築物や工作物などに用いられる木◆ものを作り上げるための元となる物◆有用なもの、有能な人,N2,on,on+on,A3_short_compound(on+on 71%) | B_noun_rad_木(kun 93%),素:◆色を染める前の白い糸◆白い、無地の◆形は整えられているが、それ以上には手が加えられていない、本来の、元のままの、「素質(ソシツ)」◆飾らない、飾り気のない、「; 材:◆切り出した木、立木は「樹」◆さまざまな構築物や工作物などに用いられる木◆ものを作り上げるための元となる物◆有用なもの、有能な人
kk_素案_そあん,素案,そあん,素:◆色を染める前の白い糸◆白い、無地の◆形は整えられているが、それ以上には手が加えられていない、本来の、元のままの、「素質(ソシツ)」◆飾らない、飾り気のない、「; 案:◆机、テーブルtable、方形で比較的小さなものや低いものを指す、料理を載(の)せる脚付きの台や座った時に肘(ひじ)などを載せて体を凭(もた)れ掛ける脇息(キョ,N2,on,on+on,A3_short_compound(on+on 71%) | B_noun_rad_木(kun 93%),素:◆色を染める前の白い糸◆白い、無地の◆形は整えられているが、それ以上には手が加えられていない、本来の、元のままの、「素質(ソシツ)」◆飾らない、飾り気のない、「; 案:◆机、テーブルtable、方形で比較的小さなものや低いものを指す、料理を載(の)せる脚付きの台や座った時に肘(ひじ)などを載せて体を凭(もた)れ掛ける脇息(キョ
kk_素質_そしつ,素質,そしつ,素:◆色を染める前の白い糸◆白い、無地の◆形は整えられているが、それ以上には手が加えられていない、本来の、元のままの、「素質(ソシツ)」◆飾らない、飾り気のない、「; 質:◆本来の、元々(もともと)の、「本質(ホンシツ)」◆本来のままであるさま、素(す)のままであるさま、「質素(シッソ)」◆そのものが持つ本来の価値や中身、また性格,N2,on,on+on,A3_short_compound(on+on 71%),素:◆色を染める前の白い糸◆白い、無地の◆形は整えられているが、それ以上には手が加えられていない、本来の、元のままの、「素質(ソシツ)」◆飾らない、飾り気のない、「; 質:◆本来の、元々(もともと)の、「本質(ホンシツ)」◆本来のままであるさま、素(す)のままであるさま、「質素(シッソ)」◆そのものが持つ本来の価値や中身、また性格
kk_索引_さくいん,索引,さくいん,索:◆ものに繋(つな)ぐ(ものを繋ぐ)太い縄(なわ)や綱(つな)、またそのような用途・形状のもの(紐・弦・鎖・ケーブルcableなど)、同「䌇」◆(手蔓てづるを頼り; 引:◆(弓の弦iに指を掛け、ぐいと)手前に寄せる、「向こうへぐいと押しやる」とは逆の動きをいう◆ぐいと伸ばす、「引領(インレイ、首を伸ばす、首を伸ばして待ち受ける),N2,on,on+on,,索:◆ものに繋(つな)ぐ(ものを繋ぐ)太い縄(なわ)や綱(つな)、またそのような用途・形状のもの(紐・弦・鎖・ケーブルcableなど)、同「䌇」◆(手蔓てづるを頼り; 引:◆(弓の弦iに指を掛け、ぐいと)手前に寄せる、「向こうへぐいと押しやる」とは逆の動きをいう◆ぐいと伸ばす、「引領(インレイ、首を伸ばす、首を伸ばして待ち受ける)
kk_紫_むらさき,紫,むらさき,紫:◆赤味がかった青色、青味がかった赤色,N2,kun,kun,IL2_single_default(kun 84%),紫:◆赤味がかった青色、青味がかった赤色
kk_累計_るいけい,累計,るいけい,累:◆同様のものごと(物・者や事・言など)が次へ次へと(以前のことに加えて更に同じことが)繰り返される、また積み重なる、同「纍」「絫」◆次へ次へと繋(つな)がって行; 計:◆数える、測る◆(その年の)出納を合わせる◆見積もる、見当をつける,N2,on,on+on,B_verb_rad_言(kun 80%),累:◆同様のものごと(物・者や事・言など)が次へ次へと(以前のことに加えて更に同じことが)繰り返される、また積み重なる、同「纍」「絫」◆次へ次へと繋(つな)がって行; 計:◆数える、測る◆(その年の)出納を合わせる◆見積もる、見当をつける
kk_細やか_ささやか,細やか,ささやか,細:◆小さい◆幅が狭い◆(細く)弱々しいさま、しなやかなさま◆(細部にまで亘って)詳(くわ)しい,N2,other,unknown,IL1_okurigana(kun 96%) | IL2_single_okuri(kun 96%),細:◆小さい◆幅が狭い◆(細く)弱々しいさま、しなやかなさま◆(細部にまで亘って)詳(くわ)しい
kk_細工_さいく,細工,さいく,細:◆小さい◆幅が狭い◆(細く)弱々しいさま、しなやかなさま◆(細部にまで亘って)詳(くわ)しい; 工:◆物をつくる巧(たく)みな技(わざ)、また物づくりが巧みなさま◆できばえが精巧(セイコウ)なさま、同「㣉」◆匠(たくみ)、物をつくる技術・技能に秀(ひい)でた人,N2,on,on+on,A3_short_compound(on+on 71%),細:◆小さい◆幅が狭い◆(細く)弱々しいさま、しなやかなさま◆(細部にまで亘って)詳(くわ)しい; 工:◆物をつくる巧(たく)みな技(わざ)、また物づくりが巧みなさま◆できばえが精巧(セイコウ)なさま、同「㣉」◆匠(たくみ)、物をつくる技術・技能に秀(ひい)でた人
kk_終える_おえる,終える,おえる,終:◆途切れずに続いているものの後方の部分、始まりの部分は「始」◆続いていたものが尽きる、これから先はないところにまで到(いた)る◆最後に、ついに、しまいに、とうと,N2,kun,kun,IL1_okurigana(kun 96%) | IL2_single_okuri(kun 96%),終:◆途切れずに続いているものの後方の部分、始まりの部分は「始」◆続いていたものが尽きる、これから先はないところにまで到(いた)る◆最後に、ついに、しまいに、とうと
kk_終始_しゅうし,終始,しゅうし,終:◆途切れずに続いているものの後方の部分、始まりの部分は「始」◆続いていたものが尽きる、これから先はないところにまで到(いた)る◆最後に、ついに、しまいに、とうと; 始:◆それ以降続く物事の最初、出だし、「始」は「物事はまず～から始める、～から始まる」、「初」は「物事はまず初めに～する、～の初め」◆初めて、～の時に至ってやっと、,N2,on,on+on,A3_short_compound(on+on 71%),終:◆途切れずに続いているものの後方の部分、始まりの部分は「始」◆続いていたものが尽きる、これから先はないところにまで到(いた)る◆最後に、ついに、しまいに、とうと; 始:◆それ以降続く物事の最初、出だし、「始」は「物事はまず～から始める、～から始まる」、「初」は「物事はまず初めに～する、～の初め」◆初めて、～の時に至ってやっと、
kk_終着_しゅうちゃく,終着,しゅうちゃく,終:◆途切れずに続いているものの後方の部分、始まりの部分は「始」◆続いていたものが尽きる、これから先はないところにまで到(いた)る◆最後に、ついに、しまいに、とうと; 着:◆目的や目標としている物事・場所などに届く、また達する、また到る、同「著」◆他のものに付く、同「著」◆き・る、衣服を身に付ける、同「著」◆火や明かりを点(つ)け,N2,on,on+on,,終:◆途切れずに続いているものの後方の部分、始まりの部分は「始」◆続いていたものが尽きる、これから先はないところにまで到(いた)る◆最後に、ついに、しまいに、とうと; 着:◆目的や目標としている物事・場所などに届く、また達する、また到る、同「著」◆他のものに付く、同「著」◆き・る、衣服を身に付ける、同「著」◆火や明かりを点(つ)け
kk_組織_そしき,組織,そしき,"組:◆糸や紐(ひも)を編んだ紐、「組紐(くみひも)」◆幾つかのものを合わせて一つに纏(まと)める、また一つに纏まったもの◆「組織(ソシキ)」◇紐を編み糸を織ること◇; 織:◆経糸(たていと)と緯糸(よこいと)を""十""状に交差させて布を作る、またそのようにして作り上げた布、「機織(はたおり)」◆幾つかのものを組み合わせて一つのものに",N2,on,on+on,A3_short_compound(on+on 71%),"組:◆糸や紐(ひも)を編んだ紐、「組紐(くみひも)」◆幾つかのものを合わせて一つに纏(まと)める、また一つに纏まったもの◆「組織(ソシキ)」◇紐を編み糸を織ること◇; 織:◆経糸(たていと)と緯糸(よこいと)を""十""状に交差させて布を作る、またそのようにして作り上げた布、「機織(はたおり)」◆幾つかのものを組み合わせて一つのものに"
kk_経つ_たつ,経つ,たつ,経:◆たていと、布の縦方向の糸、横は「緯」◆南北の方向、東西は「緯」◆筋道、筋が通っている◆筋が通っていて変わることがない、常に◆どんな場合も変わることがない方向や,N2,kun,kun,IL1_okurigana(kun 96%) | IL2_single_okuri(kun 96%),経:◆たていと、布の縦方向の糸、横は「緯」◆南北の方向、東西は「緯」◆筋道、筋が通っている◆筋が通っていて変わることがない、常に◆どんな場合も変わることがない方向や
kk_経由_けいゆ,経由,けいゆ,経:◆たていと、布の縦方向の糸、横は「緯」◆南北の方向、東西は「緯」◆筋道、筋が通っている◆筋が通っていて変わることがない、常に◆どんな場合も変わることがない方向や; 由:◆基(もと)づく、因(よ)る、「経由(ケイユ)」「由来(ユライ)」◆～が元(もと)で、～によって、「原因(ゲンイン)」◆(～という結果に至った)訳(わけ)、経緯,N2,on,on+on,A3_short_compound(on+on 71%),経:◆たていと、布の縦方向の糸、横は「緯」◆南北の方向、東西は「緯」◆筋道、筋が通っている◆筋が通っていて変わることがない、常に◆どんな場合も変わることがない方向や; 由:◆基(もと)づく、因(よ)る、「経由(ケイユ)」「由来(ユライ)」◆～が元(もと)で、～によって、「原因(ゲンイン)」◆(～という結果に至った)訳(わけ)、経緯
kk_結び付く_むすびつく,結び付く,むすびつく,結:◆糸や紐(ひも)・縄(なわ)・綱(つな)などの両端を繋(つな)いで解(ほど)けないようにする◆解けたり緩(ゆる)んだりしないように締(し)める、しっかりと繋ぐ◆; 付:◆手ずから授(さず)ける、直接手を取って与える、同「仅」◆渡し与える、渡して任せる、委(ゆだ)ねる◆[日]他のものに加える、また添える、また足す、同「附」,N2,kun,kun+kun~,IL1_okurigana(kun 96%) | A1_compound_oku(kun 90%) | A1_on_kun_mix(on+kun 65%),結:◆糸や紐(ひも)・縄(なわ)・綱(つな)などの両端を繋(つな)いで解(ほど)けないようにする◆解けたり緩(ゆる)んだりしないように締(し)める、しっかりと繋ぐ◆; 付:◆手ずから授(さず)ける、直接手を取って与える、同「仅」◆渡し与える、渡して任せる、委(ゆだ)ねる◆[日]他のものに加える、また添える、また足す、同「附」
kk_結び付ける_むすびつける,結び付ける,むすびつける,結:◆糸や紐(ひも)・縄(なわ)・綱(つな)などの両端を繋(つな)いで解(ほど)けないようにする◆解けたり緩(ゆる)んだりしないように締(し)める、しっかりと繋ぐ◆; 付:◆手ずから授(さず)ける、直接手を取って与える、同「仅」◆渡し与える、渡して任せる、委(ゆだ)ねる◆[日]他のものに加える、また添える、また足す、同「附」,N2,kun,kun+kun~,IL1_okurigana(kun 96%) | A1_compound_oku(kun 90%) | A1_on_kun_mix(on+kun 65%),結:◆糸や紐(ひも)・縄(なわ)・綱(つな)などの両端を繋(つな)いで解(ほど)けないようにする◆解けたり緩(ゆる)んだりしないように締(し)める、しっかりと繋ぐ◆; 付:◆手ずから授(さず)ける、直接手を取って与える、同「仅」◆渡し与える、渡して任せる、委(ゆだ)ねる◆[日]他のものに加える、また添える、また足す、同「附」
kk_結論_けつろん,結論,けつろん,結:◆糸や紐(ひも)・縄(なわ)・綱(つな)などの両端を繋(つな)いで解(ほど)けないようにする◆解けたり緩(ゆる)んだりしないように締(し)める、しっかりと繋ぐ◆; 論:◆理(リ、道理ドウリ、筋目すじめ)に沿って考える、理に適(かな)った考え◆きちんと筋道(すじみち、道理)に沿って(順序立てて)述べる◆道理(筋や理)に照らして物,N2,on,on+on,B_verb_rad_言(kun 80%),結:◆糸や紐(ひも)・縄(なわ)・綱(つな)などの両端を繋(つな)いで解(ほど)けないようにする◆解けたり緩(ゆる)んだりしないように締(し)める、しっかりと繋ぐ◆; 論:◆理(リ、道理ドウリ、筋目すじめ)に沿って考える、理に適(かな)った考え◆きちんと筋道(すじみち、道理)に沿って(順序立てて)述べる◆道理(筋や理)に照らして物
kk_給与_きゅうよ,給与,きゅうよ,給:◆足りていないところ(加える必要があるところ)に足して繋(つな)ぎ合わせる◆必要があるところに必要とするものを補(おぎな)う、足して足りるようにする◆上位の人(; 与:◆上位の者が下位の者に物などをやる、授(さず)ける、同「賜予(シヨ)」◆同じ目的を持った仲間に加わる、また加わって共に行動する、組する、同「與」◆関(かか)わる,N2,on,on+on,A3_short_compound(on+on 71%),給:◆足りていないところ(加える必要があるところ)に足して繋(つな)ぎ合わせる◆必要があるところに必要とするものを補(おぎな)う、足して足りるようにする◆上位の人(; 与:◆上位の者が下位の者に物などをやる、授(さず)ける、同「賜予(シヨ)」◆同じ目的を持った仲間に加わる、また加わって共に行動する、組する、同「與」◆関(かか)わる
kk_絨毯_じゅうたん,絨毯,じゅうたん,絨:◆毛羽(けば、細く柔らかい毛や羽、またそのようなもの)が立った織物; 毯:◆獣毛やワタ(綿、アオイ科ワタ属やキワタ属の植物)を使った毛織の敷物、「絨毯(ジュウタン)」,N2,on,on+on,,絨:◆毛羽(けば、細く柔らかい毛や羽、またそのようなもの)が立った織物; 毯:◆獣毛やワタ(綿、アオイ科ワタ属やキワタ属の植物)を使った毛織の敷物、「絨毯(ジュウタン)」
kk_統一_とういつ,統一,とういつ,統:◆糸口、糸や物事の端緒◆一つの糸口に繋がって伸び広がる、また続いて行く、遡れば一つの端緒に行き着く、またそのような物事◆一つの物事を端緒・頂点としてその下にばら; 一:◆最初、最初の数、最も小さい数、同「壹」 ◆(幾つかあるものの内の、全体の中の)一つ、一つの、一つに、それだけ、ひたすら、同「壹」◆同じ、等しい、「同じ一つのも,N2,on,on+on,,統:◆糸口、糸や物事の端緒◆一つの糸口に繋がって伸び広がる、また続いて行く、遡れば一つの端緒に行き着く、またそのような物事◆一つの物事を端緒・頂点としてその下にばら; 一:◆最初、最初の数、最も小さい数、同「壹」 ◆(幾つかあるものの内の、全体の中の)一つ、一つの、一つに、それだけ、ひたすら、同「壹」◆同じ、等しい、「同じ一つのも
kk_絵の具_えのぐ,絵の具,えのぐ,絵:◆布にさまざまな色糸を使って模様を刺繍する、また刺繍された布◆さまざまな色を使って模様を描く、また描かれたもの; 具:◆そな・わる、そな・える、必要なものが揃っている、必要なものを揃える◆必要なものが身に付いている◆(食事のための器具、戦うための武具、作業するための道具などの),N2,on,on+on,IL1_okurigana(kun 96%) | A1_compound_oku(kun 90%) | A1_on_kun_mix(on+kun 65%),絵:◆布にさまざまな色糸を使って模様を刺繍する、また刺繍された布◆さまざまな色を使って模様を描く、また描かれたもの; 具:◆そな・わる、そな・える、必要なものが揃っている、必要なものを揃える◆必要なものが身に付いている◆(食事のための器具、戦うための武具、作業するための道具などの)
kk_絶える_たえる,絶える,たえる,絶:◆(一本の糸・続いているもの・繋がっているものを途中で)断(た)ち切る、切り離す、同「𢇍」「𠤉」◆きっぱりと分(わ)かつ◆(それまで続いていたもの・繋がっていた,N2,kun,kun,IL1_okurigana(kun 96%) | IL2_single_okuri(kun 96%),絶:◆(一本の糸・続いているもの・繋がっているものを途中で)断(た)ち切る、切り離す、同「𢇍」「𠤉」◆きっぱりと分(わ)かつ◆(それまで続いていたもの・繋がっていた
kk_絶つ_たつ,絶つ,たつ,絶:◆(一本の糸・続いているもの・繋がっているものを途中で)断(た)ち切る、切り離す、同「𢇍」「𠤉」◆きっぱりと分(わ)かつ◆(それまで続いていたもの・繋がっていた,N2,kun,kun,IL1_okurigana(kun 96%) | IL2_single_okuri(kun 96%),絶:◆(一本の糸・続いているもの・繋がっているものを途中で)断(た)ち切る、切り離す、同「𢇍」「𠤉」◆きっぱりと分(わ)かつ◆(それまで続いていたもの・繋がっていた
kk_絶滅_ぜつめつ,絶滅,ぜつめつ,絶:◆(一本の糸・続いているもの・繋がっているものを途中で)断(た)ち切る、切り離す、同「𢇍」「𠤉」◆きっぱりと分(わ)かつ◆(それまで続いていたもの・繋がっていた; 滅:◆火や明かりが消える、消える、尽きる、なくなる、同「烕」「𤇳」◆消す、なくする、退治する、同「烕」,N2,on,on+on,,絶:◆(一本の糸・続いているもの・繋がっているものを途中で)断(た)ち切る、切り離す、同「𢇍」「𠤉」◆きっぱりと分(わ)かつ◆(それまで続いていたもの・繋がっていた; 滅:◆火や明かりが消える、消える、尽きる、なくなる、同「烕」「𤇳」◆消す、なくする、退治する、同「烕」
kk_継続_けいぞく,継続,けいぞく,継:◆切れている糸を繋(つな)ぐ、途切れないように前にあるものの後に続ける(続く)、同「㡭」◆前の物事を受けて続ける◆[日]まま、法的には親子関係であるが親と子の間; 続:◆切れることなく繋(つな)がる、また連(つら)なる◆前との関係を保ちながら次々に繋がって行く、「継続(ケイゾク)」「連続(レンゾク)」◆前の物事を受け、それを後,N2,on,on+on,,継:◆切れている糸を繋(つな)ぐ、途切れないように前にあるものの後に続ける(続く)、同「㡭」◆前の物事を受けて続ける◆[日]まま、法的には親子関係であるが親と子の間; 続:◆切れることなく繋(つな)がる、また連(つら)なる◆前との関係を保ちながら次々に繋がって行く、「継続(ケイゾク)」「連続(レンゾク)」◆前の物事を受け、それを後
kk_続々_ぞくぞく,続々,ぞくぞく,続:◆切れることなく繋(つな)がる、また連(つら)なる◆前との関係を保ちながら次々に繋がって行く、「継続(ケイゾク)」「連続(レンゾク)」◆前の物事を受け、それを後,N2,on,on,IL2_single_default(kun 84%),続:◆切れることなく繋(つな)がる、また連(つら)なる◆前との関係を保ちながら次々に繋がって行く、「継続(ケイゾク)」「連続(レンゾク)」◆前の物事を受け、それを後
kk_続き_つづき,続き,つづき,続:◆切れることなく繋(つな)がる、また連(つら)なる◆前との関係を保ちながら次々に繋がって行く、「継続(ケイゾク)」「連続(レンゾク)」◆前の物事を受け、それを後,N2,kun,kun,IL1_okurigana(kun 96%) | IL2_single_okuri(kun 96%),続:◆切れることなく繋(つな)がる、また連(つら)なる◆前との関係を保ちながら次々に繋がって行く、「継続(ケイゾク)」「連続(レンゾク)」◆前の物事を受け、それを後
kk_続出_ぞくしゅつ,続出,ぞくしゅつ,続:◆切れることなく繋(つな)がる、また連(つら)なる◆前との関係を保ちながら次々に繋がって行く、「継続(ケイゾク)」「連続(レンゾク)」◆前の物事を受け、それを後; 出:◆範囲・領域・組織や区切り・境界の内(内側、内部、裏側、こちら側、私的なところ)から外(外側、外部、表側、向こう側、公のところ)に移る、また移す、外から内へ移る,N2,on,on+on,,続:◆切れることなく繋(つな)がる、また連(つら)なる◆前との関係を保ちながら次々に繋がって行く、「継続(ケイゾク)」「連続(レンゾク)」◆前の物事を受け、それを後; 出:◆範囲・領域・組織や区切り・境界の内(内側、内部、裏側、こちら側、私的なところ)から外(外側、外部、表側、向こう側、公のところ)に移る、また移す、外から内へ移る
kk_維持_いじ,維持,いじ,維:◆(幕の四隅を)綱(つな)などで繋(つな)ぐ、繋ぎ止める、またその綱◆(四隅を)繋いで動いたり外れたり緩んだりしないようにする◆「四維(シイ)」◇四方(東西南北; 持:◆ぐっと握(にぎ)る、しっかりと掴(つか)む◆しっかりと守る、そのままの状態を保つ、「持久(ジキュウ、長く保ち続ける)」◆しっかりと支える、「支持(シジ)」◆「,N2,on,on+on,A3_short_compound(on+on 71%) | B_verb_rad_手(kun 80%),維:◆(幕の四隅を)綱(つな)などで繋(つな)ぐ、繋ぎ止める、またその綱◆(四隅を)繋いで動いたり外れたり緩んだりしないようにする◆「四維(シイ)」◇四方(東西南北; 持:◆ぐっと握(にぎ)る、しっかりと掴(つか)む◆しっかりと守る、そのままの状態を保つ、「持久(ジキュウ、長く保ち続ける)」◆しっかりと支える、「支持(シジ)」◆「
kk_綱_つな,綱,つな,綱:◆網(あみ)が解(ほつ)れたり絡(から)まったりしないように網の周りを留める太く強い縄(なわ)、広げた網の口を締める役目も果たす◆ものを繋(つな)ぎ止めたり引い,N2,kun,kun,IL2_single_default(kun 84%),綱:◆網(あみ)が解(ほつ)れたり絡(から)まったりしないように網の周りを留める太く強い縄(なわ)、広げた網の口を締める役目も果たす◆ものを繋(つな)ぎ止めたり引い
kk_網戸_あみど,網戸,あみど,網:◆糸や紐(ひも)を格子状に目を粗(あら)く編んだ魚や鳥獣を捕(と)らえる道具、特に魚を捕る網を指す、鳥を捕る網は「羅」、「網羅(モウラ、魚を捕る網と鳥を捕る網、; 戸:◆開閉ができる外と内の仕切り、家や部屋の出入り口の片開きの扉、門内の建物の出入り口の扉、同「㦿」「𣥘」、大きな建物の出入り口の両開きの扉は「扉」、「【康熙字典:,N2,other,mixed+mixed~,A3_short_compound(on+on 71%),網:◆糸や紐(ひも)を格子状に目を粗(あら)く編んだ魚や鳥獣を捕(と)らえる道具、特に魚を捕る網を指す、鳥を捕る網は「羅」、「網羅(モウラ、魚を捕る網と鳥を捕る網、; 戸:◆開閉ができる外と内の仕切り、家や部屋の出入り口の片開きの扉、門内の建物の出入り口の扉、同「㦿」「𣥘」、大きな建物の出入り口の両開きの扉は「扉」、「【康熙字典:
kk_綿_わた,綿,わた,綿:◆ワタ(綿、アオイ科ワタ属の草本植物)やキワタ(木棉、アオイ科キワタ属の木本植物)などの植物から採った繊維の総称、植物名のワタは中国では「棉」、日本では繭(まゆ,N2,kun,kun,IL2_single_default(kun 84%),綿:◆ワタ(綿、アオイ科ワタ属の草本植物)やキワタ(木棉、アオイ科キワタ属の木本植物)などの植物から採った繊維の総称、植物名のワタは中国では「棉」、日本では繭(まゆ
kk_綿密_めんみつ,綿密,めんみつ,綿:◆ワタ(綿、アオイ科ワタ属の草本植物)やキワタ(木棉、アオイ科キワタ属の木本植物)などの植物から採った繊維の総称、植物名のワタは中国では「棉」、日本では繭(まゆ; 密:◆ぴったりとくっついて隙間がない◆閉ざされていて或いは奥まっていて外から見えない、また窺い知れない◆広く大きく物音や人の声が届いて来ない、ひっそりとした◆山深く,N2,on,on+on,B_noun_rad_宀(kun 93%),綿:◆ワタ(綿、アオイ科ワタ属の草本植物)やキワタ(木棉、アオイ科キワタ属の木本植物)などの植物から採った繊維の総称、植物名のワタは中国では「棉」、日本では繭(まゆ; 密:◆ぴったりとくっついて隙間がない◆閉ざされていて或いは奥まっていて外から見えない、また窺い知れない◆広く大きく物音や人の声が届いて来ない、ひっそりとした◆山深く
kk_総合_そうごう,総合,そうごう,総:◆纏(まと)める、纏めて一つにする、同「總」「揔」「惣」◆すべ・て、全て、皆(みな)、遍(あまね)く、同「總」「揔」「惣」◆ふさ、長い糸や紐の一方を束ね、もう片; 合:◆人や物が集まって一緒になる、また一つになる◆幾つかのものを集め一緒にする、幾つかのものが集まり同じになる◆同じものを纏(まと)めた全体◆ぴったりと一致する、当,N2,on,on+on,,総:◆纏(まと)める、纏めて一つにする、同「總」「揔」「惣」◆すべ・て、全て、皆(みな)、遍(あまね)く、同「總」「揔」「惣」◆ふさ、長い糸や紐の一方を束ね、もう片; 合:◆人や物が集まって一緒になる、また一つになる◆幾つかのものを集め一緒にする、幾つかのものが集まり同じになる◆同じものを纏(まと)めた全体◆ぴったりと一致する、当
kk_総理大臣_そうりだいじん,総理大臣,そうりだいじん,総:◆纏(まと)める、纏めて一つにする、同「總」「揔」「惣」◆すべ・て、全て、皆(みな)、遍(あまね)く、同「總」「揔」「惣」◆ふさ、長い糸や紐の一方を束ね、もう片; 理:◆玉(ギョク、大変美しい石)の筋目(すじめ)、規則正しく並んだ筋目◆物事の正しい筋道◆筋道を立てる、また立っている、筋を通す、また通っている◆筋道に沿って判断す; 大:◆形・数・量・力・程度などが比較しようとしているもの以上である、求められる(必要とされる、必要な)形・数・量・力・程度などを超(こ)えている、優(すぐ)れる、長,N2,on,on+on+on+on,A4_multi_on(on+on+on+on 65%),総:◆纏(まと)める、纏めて一つにする、同「總」「揔」「惣」◆すべ・て、全て、皆(みな)、遍(あまね)く、同「總」「揔」「惣」◆ふさ、長い糸や紐の一方を束ね、もう片; 理:◆玉(ギョク、大変美しい石)の筋目(すじめ)、規則正しく並んだ筋目◆物事の正しい筋道◆筋道を立てる、また立っている、筋を通す、また通っている◆筋道に沿って判断す; 大:◆形・数・量・力・程度などが比較しようとしているもの以上である、求められる(必要とされる、必要な)形・数・量・力・程度などを超(こ)えている、優(すぐ)れる、長
kk_総～_そう～,総～,そう～,総:◆纏(まと)める、纏めて一つにする、同「總」「揔」「惣」◆すべ・て、全て、皆(みな)、遍(あまね)く、同「總」「揔」「惣」◆ふさ、長い糸や紐の一方を束ね、もう片,N2,on,on,IL2_single_default(kun 84%),総:◆纏(まと)める、纏めて一つにする、同「總」「揔」「惣」◆すべ・て、全て、皆(みな)、遍(あまね)く、同「總」「揔」「惣」◆ふさ、長い糸や紐の一方を束ね、もう片
kk_編集_へんしゅう,編集,へんしゅう,編:◆竹簡や木簡を一つの纏まった文書・記録・書物になるように順に揃え結わいて綴じる、またそのための綴じ紐◆ばらばらのものを集め順序立てて並べ一つのものに組み上げる◆; 集:◆多くのものが同じところに寄り合う、多くの人が同じところに会(カイ)する◆多くのものが一つになる、また一つにする、また一つになったもの、また一つにしたもの◆多く,N2,on,on+on,,編:◆竹簡や木簡を一つの纏まった文書・記録・書物になるように順に揃え結わいて綴じる、またそのための綴じ紐◆ばらばらのものを集め順序立てて並べ一つのものに組み上げる◆; 集:◆多くのものが同じところに寄り合う、多くの人が同じところに会(カイ)する◆多くのものが一つになる、また一つにする、また一つになったもの、また一つにしたもの◆多く
kk_緯度_いど,緯度,いど,緯:◆よこいと、布の横方向の糸、縦糸は「経」◆東西の方向に延びる線状のもの、南北は「経」◆「讖緯(シンイ)」、主に漢代(前202年～220年)に広まった予言などにつ; 度:◆長さを測(はか)る際に基準となる物差し(ものさし)、またその目盛(めもり)、「度量(ドリョウ、長さと容量、人の言動をどの程度容認できるかの大きさ)」「法度(ハ,N2,on,on+on,A3_short_compound(on+on 71%) | B_noun_rad_广(kun 93%),緯:◆よこいと、布の横方向の糸、縦糸は「経」◆東西の方向に延びる線状のもの、南北は「経」◆「讖緯(シンイ)」、主に漢代(前202年～220年)に広まった予言などにつ; 度:◆長さを測(はか)る際に基準となる物差し(ものさし)、またその目盛(めもり)、「度量(ドリョウ、長さと容量、人の言動をどの程度容認できるかの大きさ)」「法度(ハ
kk_縁_ふち,縁,ふち,縁:◆衣服の端(はじ)◆面状のものの先端、物の周辺部、一般にはそこで途切れその先がないところを指す、その先も同じような状態で続いているものの境目は「辺」、線状・棒状,N2,kun,kun,IL2_single_default(kun 84%),縁:◆衣服の端(はじ)◆面状のものの先端、物の周辺部、一般にはそこで途切れその先がないところを指す、その先も同じような状態で続いているものの境目は「辺」、線状・棒状
kk_縄_なわ,縄,なわ,縄:◆何本かの藁(わら)・糸・紐(ひも)などを捩(ねじ)りながら長くしたもの、ロープrope、一般には「紐」よりも太く「綱(つな)」よりも細く粗いもの◆墨糸(すみい,N2,kun,kun,IL2_single_default(kun 84%),縄:◆何本かの藁(わら)・糸・紐(ひも)などを捩(ねじ)りながら長くしたもの、ロープrope、一般には「紐」よりも太く「綱(つな)」よりも細く粗いもの◆墨糸(すみい
kk_縞_しま,縞,しま,縞:◆細い絹糸で織った真っ白な布◆白いさま◆[日]しま、縦また横方向に同じ柄(がら)を繰り返すことで作りだされる紋様,N2,kun,kun,IL2_single_default(kun 84%),縞:◆細い絹糸で織った真っ白な布◆白いさま◆[日]しま、縦また横方向に同じ柄(がら)を繰り返すことで作りだされる紋様
kk_縮まる_ちぢまる,縮まる,ちぢまる,縮:◆縄を巻いてぎゅっと締め付ける、周りから締め付けて小さくする、「収縮(シュウシュク)」◆酒の入った袋を周りから締め付けて小さくする、搾(しぼ)る◆大きく広がって,N2,kun,kun,IL1_okurigana(kun 96%) | IL2_single_okuri(kun 96%),縮:◆縄を巻いてぎゅっと締め付ける、周りから締め付けて小さくする、「収縮(シュウシュク)」◆酒の入った袋を周りから締め付けて小さくする、搾(しぼ)る◆大きく広がって
kk_縮小_しゅくしょう,縮小,しゅくしょう,縮:◆縄を巻いてぎゅっと締め付ける、周りから締め付けて小さくする、「収縮(シュウシュク)」◆酒の入った袋を周りから締め付けて小さくする、搾(しぼ)る◆大きく広がって; 小:◆形・数・量・力・程度などが比較しようとしているもの以下である、求められる(必要とされる、必要な)形・数・量・力・程度などに及ばない(足りない)、劣(おと)る、,N2,on,on+on,,縮:◆縄を巻いてぎゅっと締め付ける、周りから締め付けて小さくする、「収縮(シュウシュク)」◆酒の入った袋を周りから締め付けて小さくする、搾(しぼ)る◆大きく広がって; 小:◆形・数・量・力・程度などが比較しようとしているもの以下である、求められる(必要とされる、必要な)形・数・量・力・程度などに及ばない(足りない)、劣(おと)る、
kk_繁栄_はんえい,繁栄,はんえい,繁:◆(馬の鬣たてがみの)房状の飾り、同「緐」「𥿋」◆数や回数が多いさま、夥(おびただ)しいさま◆盛んなさま、勢いや活力があるさま、「繁華(ハンカ◇花が咲き乱れるさ; 栄:◆草木が盛んに茂る、花が華やかに咲き盛る◆繁盛する◆華やかなさま、目立つさま◆軒先(のきさき)の両端の反り上がった部分、「【說文解字:木部:榮】屋梠之兩頭起者為,N2,on,on+on,B_noun_rad_木(kun 93%),繁:◆(馬の鬣たてがみの)房状の飾り、同「緐」「𥿋」◆数や回数が多いさま、夥(おびただ)しいさま◆盛んなさま、勢いや活力があるさま、「繁華(ハンカ◇花が咲き乱れるさ; 栄:◆草木が盛んに茂る、花が華やかに咲き盛る◆繁盛する◆華やかなさま、目立つさま◆軒先(のきさき)の両端の反り上がった部分、「【說文解字:木部:榮】屋梠之兩頭起者為
kk_繁殖_はんしょく,繁殖,はんしょく,繁:◆(馬の鬣たてがみの)房状の飾り、同「緐」「𥿋」◆数や回数が多いさま、夥(おびただ)しいさま◆盛んなさま、勢いや活力があるさま、「繁華(ハンカ◇花が咲き乱れるさ; 殖:◆種を植え生まれた芽を大きく育てる、「【玉篇:卷十一:歹部第一百五十:殖】時力切長也生也種也…」「【龍龕手鑑:卷四:歹部第二十二:殖】時力反種也埋也生也」◆子(,N2,on,on+on,,繁:◆(馬の鬣たてがみの)房状の飾り、同「緐」「𥿋」◆数や回数が多いさま、夥(おびただ)しいさま◆盛んなさま、勢いや活力があるさま、「繁華(ハンカ◇花が咲き乱れるさ; 殖:◆種を植え生まれた芽を大きく育てる、「【玉篇:卷十一:歹部第一百五十:殖】時力切長也生也種也…」「【龍龕手鑑:卷四:歹部第二十二:殖】時力反種也埋也生也」◆子(
kk_繊維_せんい,繊維,せんい,繊:◆細(ほそ)い、細(こま)かい、小さい◆細い絹糸で織った薄い布◆金銭や損得に細かい◆10の-7乗; 維:◆(幕の四隅を)綱(つな)などで繋(つな)ぐ、繋ぎ止める、またその綱◆(四隅を)繋いで動いたり外れたり緩んだりしないようにする◆「四維(シイ)」◇四方(東西南北,N2,on,on+on,A3_short_compound(on+on 71%),繊:◆細(ほそ)い、細(こま)かい、小さい◆細い絹糸で織った薄い布◆金銭や損得に細かい◆10の-7乗; 維:◆(幕の四隅を)綱(つな)などで繋(つな)ぐ、繋ぎ止める、またその綱◆(四隅を)繋いで動いたり外れたり緩んだりしないようにする◆「四維(シイ)」◇四方(東西南北
kk_繋がり_つながり,繋がり,つながり,繋:◆切れている糸を(途切れているものを)結んで離れないようにする、結び付ける、同「系」◆掛(か)かる、ぶら下がる,N2,kun,kun,IL1_okurigana(kun 96%) | IL2_single_okuri(kun 96%),繋:◆切れている糸を(途切れているものを)結んで離れないようにする、結び付ける、同「系」◆掛(か)かる、ぶら下がる
kk_繋げる_つなげる,繋げる,つなげる,繋:◆切れている糸を(途切れているものを)結んで離れないようにする、結び付ける、同「系」◆掛(か)かる、ぶら下がる,N2,kun,kun,IL1_okurigana(kun 96%) | IL2_single_okuri(kun 96%),繋:◆切れている糸を(途切れているものを)結んで離れないようにする、結び付ける、同「系」◆掛(か)かる、ぶら下がる
kk_織物_おりもの,織物,おりもの,"織:◆経糸(たていと)と緯糸(よこいと)を""十""状に交差させて布を作る、またそのようにして作り上げた布、「機織(はたおり)」◆幾つかのものを組み合わせて一つのものに; 物:◆(天地の間に存在する)人以外の形のあるもの、人は「者」、形のないものは「事」",N2,kun,kun+kun~,B_noun_rad_牛(kun 93%),"織:◆経糸(たていと)と緯糸(よこいと)を""十""状に交差させて布を作る、またそのようにして作り上げた布、「機織(はたおり)」◆幾つかのものを組み合わせて一つのものに; 物:◆(天地の間に存在する)人以外の形のあるもの、人は「者」、形のないものは「事」"
kk_署名_しょめい,署名,しょめい,署:◆役目を与えて人を配置する、「部署(ブショ)」◆共通の役割毎に纏(まと)めた組織、役所、役人が執務する所◆書く、書き記(しる)す、「署名(ショメイ)」; 名:◆人に付ける呼称、また動物・もの・出来事などを呼んだり指し示したり識別したりするためにその各々に付ける呼称、「名称(メイショウ)」◆呼称を付ける、「命名(メイメ,N2,on,on+on,A3_short_compound(on+on 71%),署:◆役目を与えて人を配置する、「部署(ブショ)」◆共通の役割毎に纏(まと)めた組織、役所、役人が執務する所◆書く、書き記(しる)す、「署名(ショメイ)」; 名:◆人に付ける呼称、また動物・もの・出来事などを呼んだり指し示したり識別したりするためにその各々に付ける呼称、「名称(メイショウ)」◆呼称を付ける、「命名(メイメ
kk_羊毛_ようもう,羊毛,ようもう,羊:◆ヒツジ(羊)、ウシ科ヒツジ属の哺乳類◆ひつじ、ひつじへん、部首名; 毛:◆生物の表皮に生える細長い糸状のもの◆細長いものがたくさんあるさま、細く弱々しいさま◆草木が生え出る◆草木や穀物が生える、また草木や穀物◆粗末なさま◆[日]千分,N2,on,on+on,,羊:◆ヒツジ(羊)、ウシ科ヒツジ属の哺乳類◆ひつじ、ひつじへん、部首名; 毛:◆生物の表皮に生える細長い糸状のもの◆細長いものがたくさんあるさま、細く弱々しいさま◆草木が生え出る◆草木や穀物が生える、また草木や穀物◆粗末なさま◆[日]千分
kk_群れ_むれ,群れ,むれ,群:◆同類のものが数多く集まる、またそのさま◆同類のものの集団,N2,kun,kun,IL1_okurigana(kun 96%) | IL2_single_okuri(kun 96%),群:◆同類のものが数多く集まる、またそのさま◆同類のものの集団
kk_羨む_うらやむ,羨む,うらやむ,羨:◆欲しがって涎(よだれ、同「㳄」)を垂らす◆有り余る、必要とする分を除いた残り◆墓に通じる道、同「埏」¶本来「羨」と「羡」は音義共に異なるが、多く「羨」の意でも,N2,kun,kun,IL1_okurigana(kun 96%) | IL2_single_okuri(kun 96%),羨:◆欲しがって涎(よだれ、同「㳄」)を垂らす◆有り余る、必要とする分を除いた残り◆墓に通じる道、同「埏」¶本来「羨」と「羡」は音義共に異なるが、多く「羨」の意でも
kk_羽/羽根_はね,羽/羽根,はね,羽:◆鳥の体や翼を覆(おお)う毛状のもの、また飛ぶことができる昆虫の翼状の部分◆鳥、また鳥を数える語、「羽族(ウゾク、鳥属、鳥類)」◆羽(はね)を飾り付けたもの、「; 羽:◆鳥の体や翼を覆(おお)う毛状のもの、また飛ぶことができる昆虫の翼状の部分◆鳥、また鳥を数える語、「羽族(ウゾク、鳥属、鳥類)」◆羽(はね)を飾り付けたもの、「; 根:◆植物の主に土中や水中にあって茎(くき)や幹(みき)を通じて枝葉(シヨウ、えだは)に水分・養分を送る役割を担(にな)う部分◆物事を支える基本・基礎となる部分、元,N2,kun,kun+kun+kun~,A4_multi_on(on+on+on 65%) | B_noun_rad_木(kun 93%),羽:◆鳥の体や翼を覆(おお)う毛状のもの、また飛ぶことができる昆虫の翼状の部分◆鳥、また鳥を数える語、「羽族(ウゾク、鳥属、鳥類)」◆羽(はね)を飾り付けたもの、「; 羽:◆鳥の体や翼を覆(おお)う毛状のもの、また飛ぶことができる昆虫の翼状の部分◆鳥、また鳥を数える語、「羽族(ウゾク、鳥属、鳥類)」◆羽(はね)を飾り付けたもの、「; 根:◆植物の主に土中や水中にあって茎(くき)や幹(みき)を通じて枝葉(シヨウ、えだは)に水分・養分を送る役割を担(にな)う部分◆物事を支える基本・基礎となる部分、元
kk_翌日_よくじつ,翌日,よくじつ,翌:◆明日(あした)◆(日・月・年・季節・時期などの)次(つぎ)、次の; 日:◆太陽◆太陽が出ている間、昼間、夜明けから日没まで◆一昼夜、朝から次の朝まで、またその繰り返し、またその繰り返しを数える語◆候(コウ)、時節、頃(ケイ、ころ)◆,N2,on,on+on,,翌:◆明日(あした)◆(日・月・年・季節・時期などの)次(つぎ)、次の; 日:◆太陽◆太陽が出ている間、昼間、夜明けから日没まで◆一昼夜、朝から次の朝まで、またその繰り返し、またその繰り返しを数える語◆候(コウ)、時節、頃(ケイ、ころ)◆
kk_翌～_よく～,翌～,よく～,翌:◆明日(あした)◆(日・月・年・季節・時期などの)次(つぎ)、次の,N2,on,on,IL2_on_only(on 99%),翌:◆明日(あした)◆(日・月・年・季節・時期などの)次(つぎ)、次の
kk_習字_しゅうじ,習字,しゅうじ,習:◆何度も繰り返す、何度も繰り返すことによって身に付ける、同「慣」◆なら・わし、繰り返されることで身に付いたこと、普段から繰り返し行われること、同「慣」; 字:◆子を生む、生まれた子を慈(いつく)しみ育てる、同「𡥜」◆あざな、成人時に名付ける本名以外の名、男子は二十歳で成人とし初めて冠を被り、女子は許嫁(キョカ、いいな,N2,on,on+on,A3_short_compound(on+on 71%),習:◆何度も繰り返す、何度も繰り返すことによって身に付ける、同「慣」◆なら・わし、繰り返されることで身に付いたこと、普段から繰り返し行われること、同「慣」; 字:◆子を生む、生まれた子を慈(いつく)しみ育てる、同「𡥜」◆あざな、成人時に名付ける本名以外の名、男子は二十歳で成人とし初めて冠を被り、女子は許嫁(キョカ、いいな
kk_老後_ろうご,老後,ろうご,老:◆年齢を重ねる、年齢を重ねて髪が白くなる、また衰(おとろ)える、またそのような人やもの◆年齢を重ねて多くの経験を積む、また積んだ人、またそのような人に対する敬称; 後:◆位置的には背の方向、時間的には未来の方向、順位・順序では下位の方向、逆は「前」「先」◆遅れる、遅れて来る◆家を継ぐ子、子孫◆簡「后」,N2,on,on+on,A3_short_compound(on+on 71%),老:◆年齢を重ねる、年齢を重ねて髪が白くなる、また衰(おとろ)える、またそのような人やもの◆年齢を重ねて多くの経験を積む、また積んだ人、またそのような人に対する敬称; 後:◆位置的には背の方向、時間的には未来の方向、順位・順序では下位の方向、逆は「前」「先」◆遅れる、遅れて来る◆家を継ぐ子、子孫◆簡「后」
kk_考慮_こうりょ,考慮,こうりょ,考:◆老いているさま、高齢なさま、「壽考(ジュコウ、長生きなさま、長生きな人)」◆亡くなった父親に対する呼称、母親は「妣」、妻は「嬪」、「考妣(コウヒ、両親、亡くな; 慮:◆(あることについて)あれこれと思いや考えを巡(めぐ)らす◆推(お)し量(はか)る、推測する、「慮外(リョガイ、思っていたこととは違うこと、思い掛けないこと)」,N2,on,on+on,A3_short_compound(on+on 71%),考:◆老いているさま、高齢なさま、「壽考(ジュコウ、長生きなさま、長生きな人)」◆亡くなった父親に対する呼称、母親は「妣」、妻は「嬪」、「考妣(コウヒ、両親、亡くな; 慮:◆(あることについて)あれこれと思いや考えを巡(めぐ)らす◆推(お)し量(はか)る、推測する、「慮外(リョガイ、思っていたこととは違うこと、思い掛けないこと)」
kk_耕す_たがやす,耕す,たがやす,耕:◆田畑の土を掘り返す、土を柔らかくすると同時に土中に空気を入れる作業をいう◆怠らず力を尽くす、「【揚子法言:卷第一:學行】曰耕道而得道獵德而得德是穫饗已」「【正,N2,kun,kun,IL1_okurigana(kun 96%) | IL2_single_okuri(kun 96%),耕:◆田畑の土を掘り返す、土を柔らかくすると同時に土中に空気を入れる作業をいう◆怠らず力を尽くす、「【揚子法言:卷第一:學行】曰耕道而得道獵德而得德是穫饗已」「【正
kk_耕地_こうち,耕地,こうち,耕:◆田畑の土を掘り返す、土を柔らかくすると同時に土中に空気を入れる作業をいう◆怠らず力を尽くす、「【揚子法言:卷第一:學行】曰耕道而得道獵德而得德是穫饗已」「【正; 地:◆重い陰気が(下に沈み)集まるところ、万物が居並ぶ(存在する)ところ、軽い陽気が(上に浮き)集まるところを「天(テン)」、「【說文解字注:土部:地】元气初分輕清,N2,on,on+on,A3_short_compound(on+on 71%),耕:◆田畑の土を掘り返す、土を柔らかくすると同時に土中に空気を入れる作業をいう◆怠らず力を尽くす、「【揚子法言:卷第一:學行】曰耕道而得道獵德而得德是穫饗已」「【正; 地:◆重い陰気が(下に沈み)集まるところ、万物が居並ぶ(存在する)ところ、軽い陽気が(上に浮き)集まるところを「天(テン)」、「【說文解字注:土部:地】元气初分輕清
kk_耳鼻科_じびか,耳鼻科,じびか,耳:◆顔の両側にあって聴覚と平衡感覚を掌(つかさど)る器官◆(耳で)聞く、話や声や音が(耳に)届く◆～と(耳で)聞いている、～と聞いた◆(耳のように)ものの両側にあ; 鼻:◆一般に動物(ヒト人を含む)の顔の中央にあって呼吸したり匂(にお)いを感じるための隆起(リュウキ)した器官 ◆(動物の体の先にある顔から更に突き出ていることから; 科:◆穀物の生産量や品質の良し悪しの程度を幾つかに区分し順に並べたもの、等級◆罪の軽重に従い量刑を定める、またそれを適用する(科する)◆分類し同等のものを一つに纏(,N2,on,on+on+on,A4_multi_on(on+on+on 65%),耳:◆顔の両側にあって聴覚と平衡感覚を掌(つかさど)る器官◆(耳で)聞く、話や声や音が(耳に)届く◆～と(耳で)聞いている、～と聞いた◆(耳のように)ものの両側にあ; 鼻:◆一般に動物(ヒト人を含む)の顔の中央にあって呼吸したり匂(にお)いを感じるための隆起(リュウキ)した器官 ◆(動物の体の先にある顔から更に突き出ていることから; 科:◆穀物の生産量や品質の良し悪しの程度を幾つかに区分し順に並べたもの、等級◆罪の軽重に従い量刑を定める、またそれを適用する(科する)◆分類し同等のものを一つに纏(
kk_聊か/些か_いささか,聊か/些か,いささか,聊:◆耳が微(かす)かに鳴る、音が微かに聞こえる、同「𦗖」「𦕵」◆いささ・か、ひとまず、取り敢えず◆頼(たよ)る、頼りにする、「不聊(ブリョウ、頼りにならないさま); 些:◆僅(わず)かなさま、少ないさま◆多くのもののうちの少し◆楚国(～前223年)の詩句で末尾に置く助詞,N2,mixed,kun+on~,IL1_okurigana(kun 96%) | A1_compound_oku(kun 90%) | A1_on_kun_mix(on+kun 65%),聊:◆耳が微(かす)かに鳴る、音が微かに聞こえる、同「𦗖」「𦕵」◆いささ・か、ひとまず、取り敢えず◆頼(たよ)る、頼りにする、「不聊(ブリョウ、頼りにならないさま); 些:◆僅(わず)かなさま、少ないさま◆多くのもののうちの少し◆楚国(～前223年)の詩句で末尾に置く助詞
kk_聞き上手_ききじょうず,聞き上手,ききじょうず,聞:◆(声や音や噂うわさや知らせなどが)耳に届く、耳に伝わってくる、「【說文解字注:耳部:聞】知聲也(往曰聽來曰聞…)[†「こちらから聞く」ことを「聽」、「向こうか; 上:◆位置・場所・地位などが高い、高い方にある◆高い方に移る、昇る、登る◆順序・時間などが前、前の方にある◆前の方に移る◆等級・品質などが高い、優れている◆殿様、皇; 手:◆体や物体の一部で、胴から分かれ出て伸び、持つ・握る・叩く・ものを作る・操作するなどの機能を持つ部分、掌(たなごころ)と指を合わせた全体、腕の先の部分 ◆自(み,N2,other,mixed+mixed+mixed~,IL1_okurigana(kun 96%) | A1_compound_oku(kun 90%) | A1_on_kun_mix(on+kun 65%),聞:◆(声や音や噂うわさや知らせなどが)耳に届く、耳に伝わってくる、「【說文解字注:耳部:聞】知聲也(往曰聽來曰聞…)[†「こちらから聞く」ことを「聽」、「向こうか; 上:◆位置・場所・地位などが高い、高い方にある◆高い方に移る、昇る、登る◆順序・時間などが前、前の方にある◆前の方に移る◆等級・品質などが高い、優れている◆殿様、皇; 手:◆体や物体の一部で、胴から分かれ出て伸び、持つ・握る・叩く・ものを作る・操作するなどの機能を持つ部分、掌(たなごころ)と指を合わせた全体、腕の先の部分 ◆自(み
kk_聞き取り_ききとり,聞き取り,ききとり,聞:◆(声や音や噂うわさや知らせなどが)耳に届く、耳に伝わってくる、「【說文解字注:耳部:聞】知聲也(往曰聽來曰聞…)[†「こちらから聞く」ことを「聽」、「向こうか; 取:◆捕(つか)まえる、捕(と)らえる、縄(なわ)を掛ける◆手に入れる、手の中に収(おさ)める、手で受ける◆(多くの中から一部を、或いは一つを)選ぶ、選択する◆娶(,N2,kun,kun+kun~,IL1_okurigana(kun 96%) | A1_compound_oku(kun 90%) | A1_on_kun_mix(on+kun 65%),聞:◆(声や音や噂うわさや知らせなどが)耳に届く、耳に伝わってくる、「【說文解字注:耳部:聞】知聲也(往曰聽來曰聞…)[†「こちらから聞く」ことを「聽」、「向こうか; 取:◆捕(つか)まえる、捕(と)らえる、縄(なわ)を掛ける◆手に入れる、手の中に収(おさ)める、手で受ける◆(多くの中から一部を、或いは一つを)選ぶ、選択する◆娶(
kk_職_しょく,職,しょく,職:◆力を注ぐべき仕事や役割、またその責任を担(にな)う◆一定の業務や役目を司(つかさど)る◆担当する業務や役目、またそこでの地位,N2,on,on,IL2_on_only(on 99%),職:◆力を注ぐべき仕事や役割、またその責任を担(にな)う◆一定の業務や役目を司(つかさど)る◆担当する業務や役目、またそこでの地位
kk_職人_しょくにん,職人,しょくにん,職:◆力を注ぐべき仕事や役割、またその責任を担(にな)う◆一定の業務や役目を司(つかさど)る◆担当する業務や役目、またそこでの地位; 人:◆霊長目ヒト科ヒト属の生物、ホモ・サピエンスHomo sapiens(「知恵の人」の意)、同「儿」◆自分以外の者、「人我(ジンガ、他人と自分)」◆人の数(かず),N2,on,on+on,,職:◆力を注ぐべき仕事や役割、またその責任を担(にな)う◆一定の業務や役目を司(つかさど)る◆担当する業務や役目、またそこでの地位; 人:◆霊長目ヒト科ヒト属の生物、ホモ・サピエンスHomo sapiens(「知恵の人」の意)、同「儿」◆自分以外の者、「人我(ジンガ、他人と自分)」◆人の数(かず)
kk_職務_しょくむ,職務,しょくむ,職:◆力を注ぐべき仕事や役割、またその責任を担(にな)う◆一定の業務や役目を司(つかさど)る◆担当する業務や役目、またそこでの地位; 務:◆成すべきこと、ひたすら力を注(そそ)ぐべきこと◆努(つと)める、成すべきことにひたすら力を尽くす、同「敄」◆強(し)いて、押して、無理にでも,N2,on,on+on,A3_short_compound(on+on 71%) | B_verb_rad_力(kun 80%),職:◆力を注ぐべき仕事や役割、またその責任を担(にな)う◆一定の業務や役目を司(つかさど)る◆担当する業務や役目、またそこでの地位; 務:◆成すべきこと、ひたすら力を注(そそ)ぐべきこと◆努(つと)める、成すべきことにひたすら力を尽くす、同「敄」◆強(し)いて、押して、無理にでも
kk_肌着_はだぎ,肌着,はだぎ,肌:◆皮膚や肉や筋肉など人や動物の骨を除いた部分、「肌肉(キニク、筋肉)」「肌膚(キフ、肉と皮膚)」「肌骨(キコツ、肉と骨、骨身)」◆肉の表面、皮膚◆[日]はだ、も; 着:◆目的や目標としている物事・場所などに届く、また達する、また到る、同「著」◆他のものに付く、同「著」◆き・る、衣服を身に付ける、同「著」◆火や明かりを点(つ)け,N2,other,mixed+mixed~,A3_short_compound(on+on 71%),肌:◆皮膚や肉や筋肉など人や動物の骨を除いた部分、「肌肉(キニク、筋肉)」「肌膚(キフ、肉と皮膚)」「肌骨(キコツ、肉と骨、骨身)」◆肉の表面、皮膚◆[日]はだ、も; 着:◆目的や目標としている物事・場所などに届く、また達する、また到る、同「著」◆他のものに付く、同「著」◆き・る、衣服を身に付ける、同「著」◆火や明かりを点(つ)け
kk_肩書き_かたがき,肩書き,かたがき,肩:◆首の付け根から腕の付け根までの部分、四足の動物の場合は両前足の付け根の間の部分 ◆責任や任務などを担(にな)う、またそれによく耐える、「【爾雅注疏:釋詁】犯奢; 書:◆文字を筆(聿)などで記(しる)す、著(あらわ)す、「書物(ショモツ)」「文書(ブンショ)」◆手紙、「書信(ショシン)」◆「書経(ショキョウ、別名尚書ショウショ,N2,kun,kun+kun~,IL1_okurigana(kun 96%) | A1_compound_oku(kun 90%) | A1_on_kun_mix(on+kun 65%),肩:◆首の付け根から腕の付け根までの部分、四足の動物の場合は両前足の付け根の間の部分 ◆責任や任務などを担(にな)う、またそれによく耐える、「【爾雅注疏:釋詁】犯奢; 書:◆文字を筆(聿)などで記(しる)す、著(あらわ)す、「書物(ショモツ)」「文書(ブンショ)」◆手紙、「書信(ショシン)」◆「書経(ショキョウ、別名尚書ショウショ
kk_肯定_こうてい,肯定,こうてい,肯:◆骨に付いている肉、同「𣍟」◆がえん・ずる、同意する、承認する、承知する、頷(うなず)く、「肯定(コウテイ)」「首肯(シュコウ)」; 定:◆さだ・まる、動きや乱れが鎮(しず)まって変化・変動しない状態になる、平静になる、落ち着く、「鎮定(チンテイ)」◆さだ・める、動いたり揺らいだりしない状態にする,N2,on,on+on,B_noun_rad_宀(kun 93%),肯:◆骨に付いている肉、同「𣍟」◆がえん・ずる、同意する、承認する、承知する、頷(うなず)く、「肯定(コウテイ)」「首肯(シュコウ)」; 定:◆さだ・まる、動きや乱れが鎮(しず)まって変化・変動しない状態になる、平静になる、落ち着く、「鎮定(チンテイ)」◆さだ・める、動いたり揺らいだりしない状態にする
kk_育児_いくじ,育児,いくじ,育:◆(生まれたばかりの子「𠫓」に)栄養や知識などを与えて成長させる、養分を与えて生長させる◆古「毓」; 児:◆生まれたばかりの(男の)子、乳飲み子、囟(シン、頭蓋の左右の骨の額から後頭部にかけての接合部分)が骨化していない2歳くらいまでの幼い子◆小さく弱々しいさま、初,N2,on,on+on,A3_short_compound(on+on 71%),育:◆(生まれたばかりの子「𠫓」に)栄養や知識などを与えて成長させる、養分を与えて生長させる◆古「毓」; 児:◆生まれたばかりの(男の)子、乳飲み子、囟(シン、頭蓋の左右の骨の額から後頭部にかけての接合部分)が骨化していない2歳くらいまでの幼い子◆小さく弱々しいさま、初
kk_脂肪_しぼう,脂肪,しぼう,脂:◆動物の油性成分、「脂肪(シボウ)」「脂燭(ししょく、脂を燃やす照明)」◆油を塗って滑(なめ)らかにする、潤滑油、「脂轄(しかつ、車の潤滑油)」◆(顔料などに脂; 肪:◆肉の脂(あぶら)◆「脂肪(シボウ)」、脂の塊、脂身(あぶらみ),N2,on,on+on,A3_short_compound(on+on 71%),脂:◆動物の油性成分、「脂肪(シボウ)」「脂燭(ししょく、脂を燃やす照明)」◆油を塗って滑(なめ)らかにする、潤滑油、「脂轄(しかつ、車の潤滑油)」◆(顔料などに脂; 肪:◆肉の脂(あぶら)◆「脂肪(シボウ)」、脂の塊、脂身(あぶらみ)
kk_脅かす_おどかす,脅かす,おどかす,脅:◆脇(わき)、胸の両側面の部分、上腕を垂らしたときに体の側面と合わさる部分、同「脇」「䏩」 ◆両側からぐっと押え付ける、力で押え付けて迫る、また恐れさせる、威嚇,N2,kun,kun,IL1_okurigana(kun 96%) | IL2_single_okuri(kun 96%),脅:◆脇(わき)、胸の両側面の部分、上腕を垂らしたときに体の側面と合わさる部分、同「脇」「䏩」 ◆両側からぐっと押え付ける、力で押え付けて迫る、また恐れさせる、威嚇
kk_脱線_だっせん,脱線,だっせん,脱:◆肉から骨や皮を剥(は)ぎ取る、剥(む)き取る◆覆っているものを取り去る、覆っているものから抜け出る◆取り去る、外(はず)す◆抜(ぬ)ける、抜け落ちる、抜け出る; 線:◆糸や紐(ひも)、糸や紐のように細く長いもの、同「綫」「絤」「𦇫」「綖」◆糸や紐のように途切れずに長く延びているもの、二つの点と点を結ぶもの、またその形状や状態,N2,on,on+on,,脱:◆肉から骨や皮を剥(は)ぎ取る、剥(む)き取る◆覆っているものを取り去る、覆っているものから抜け出る◆取り去る、外(はず)す◆抜(ぬ)ける、抜け落ちる、抜け出る; 線:◆糸や紐(ひも)、糸や紐のように細く長いもの、同「綫」「絤」「𦇫」「綖」◆糸や紐のように途切れずに長く延びているもの、二つの点と点を結ぶもの、またその形状や状態
kk_腰掛け_こしかけ,腰掛け,こしかけ,腰:◆動物の背骨と脚(あし、四足の動物の場合は後ろ足)を繋ぐ部分、ものの上(或はい前)と下(或いは後)を繋ぐ部分 ◆ものの中ほどにある節目(ふしめ)、ものの中ほどの; 掛:◆引っ懸(か)ける、ものの上に置いて両方また片方を垂らす、ぶら下げる、同「挂」◆引っ懸かる、気になって心に(目に)止まる◆簡「挂」◆[日]体や物を斜めにしてその,N2,kun,kun+kun,IL1_okurigana(kun 96%) | A1_compound_oku(kun 90%) | A1_on_kun_mix(on+kun 65%),腰:◆動物の背骨と脚(あし、四足の動物の場合は後ろ足)を繋ぐ部分、ものの上(或はい前)と下(或いは後)を繋ぐ部分 ◆ものの中ほどにある節目(ふしめ)、ものの中ほどの; 掛:◆引っ懸(か)ける、ものの上に置いて両方また片方を垂らす、ぶら下げる、同「挂」◆引っ懸かる、気になって心に(目に)止まる◆簡「挂」◆[日]体や物を斜めにしてその
kk_膨らます_ふくらます,膨らます,ふくらます,膨:◆腹が大きく突き出る、内側から外に向かって張り出す、同「𤺬」◆体積や程度が大きくなる、「膨張(ボウチョウ)」,N2,kun,kun,IL1_okurigana(kun 96%) | IL2_single_okuri(kun 96%),膨:◆腹が大きく突き出る、内側から外に向かって張り出す、同「𤺬」◆体積や程度が大きくなる、「膨張(ボウチョウ)」
kk_膨らむ_ふくらむ,膨らむ,ふくらむ,膨:◆腹が大きく突き出る、内側から外に向かって張り出す、同「𤺬」◆体積や程度が大きくなる、「膨張(ボウチョウ)」,N2,kun,kun,IL1_okurigana(kun 96%) | IL2_single_okuri(kun 96%),膨:◆腹が大きく突き出る、内側から外に向かって張り出す、同「𤺬」◆体積や程度が大きくなる、「膨張(ボウチョウ)」
kk_膨れる_ふくれる,膨れる,ふくれる,膨:◆腹が大きく突き出る、内側から外に向かって張り出す、同「𤺬」◆体積や程度が大きくなる、「膨張(ボウチョウ)」,N2,kun,kun,IL1_okurigana(kun 96%) | IL2_single_okuri(kun 96%),膨:◆腹が大きく突き出る、内側から外に向かって張り出す、同「𤺬」◆体積や程度が大きくなる、「膨張(ボウチョウ)」
kk_膨れ上がる_ふくれあがる,膨れ上がる,ふくれあがる,膨:◆腹が大きく突き出る、内側から外に向かって張り出す、同「𤺬」◆体積や程度が大きくなる、「膨張(ボウチョウ)」; 上:◆位置・場所・地位などが高い、高い方にある◆高い方に移る、昇る、登る◆順序・時間などが前、前の方にある◆前の方に移る◆等級・品質などが高い、優れている◆殿様、皇,N2,kun,kun+kun~,IL1_okurigana(kun 96%) | A1_compound_oku(kun 90%) | A1_on_kun_mix(on+kun 65%),膨:◆腹が大きく突き出る、内側から外に向かって張り出す、同「𤺬」◆体積や程度が大きくなる、「膨張(ボウチョウ)」; 上:◆位置・場所・地位などが高い、高い方にある◆高い方に移る、昇る、登る◆順序・時間などが前、前の方にある◆前の方に移る◆等級・品質などが高い、優れている◆殿様、皇
kk_膨大/厖大_ぼうだい,膨大/厖大,ぼうだい,膨:◆腹が大きく突き出る、内側から外に向かって張り出す、同「𤺬」◆体積や程度が大きくなる、「膨張(ボウチョウ)」; 大:◆形・数・量・力・程度などが比較しようとしているもの以上である、求められる(必要とされる、必要な)形・数・量・力・程度などを超(こ)えている、優(すぐ)れる、長; 厖:◆大きいさま、大きくなるさま、大きく膨(ふく)らむさま、「厖大(ボウダイ、膨大)」、同「尨」「庬」◆入り乱れるさま、入り交じるさま、同「尨」,N2,on,on+on+on+on~,A4_multi_on(on+on+on+on 65%),膨:◆腹が大きく突き出る、内側から外に向かって張り出す、同「𤺬」◆体積や程度が大きくなる、「膨張(ボウチョウ)」; 大:◆形・数・量・力・程度などが比較しようとしているもの以上である、求められる(必要とされる、必要な)形・数・量・力・程度などを超(こ)えている、優(すぐ)れる、長; 厖:◆大きいさま、大きくなるさま、大きく膨(ふく)らむさま、「厖大(ボウダイ、膨大)」、同「尨」「庬」◆入り乱れるさま、入り交じるさま、同「尨」
kk_臍_へそ,臍,へそ,臍:◆へそ、ほぞ、腹の真ん中の窪(くぼ)んでいる所◆ものの真ん中にあって窪んでいるもの◆「臍帯(サイタイ)」、へその緒(お)、胎児と胎盤とを繋(つな)ぐ管状の器官,N2,kun,kun,IL2_single_default(kun 84%),臍:◆へそ、ほぞ、腹の真ん中の窪(くぼ)んでいる所◆ものの真ん中にあって窪んでいるもの◆「臍帯(サイタイ)」、へその緒(お)、胎児と胎盤とを繋(つな)ぐ管状の器官
kk_臨時_りんじ,臨時,りんじ,臨:◆高いところから低いところを見る、見下ろす◆高位の者が(高い席から)下位の者(低いところに控えている者)と会う、高位の者が(高いところから下に降り)一般の人のと; 時:◆一年の四分の一、季節、「一時(イチジ、三カ月、一季節)」「四時(シジ、四つの季節、四季)」◆一日の十二分の一、現在は二十四分の一、「時刻(ジコク)」◆年代、期,N2,on,on+on,A3_short_compound(on+on 71%),臨:◆高いところから低いところを見る、見下ろす◆高位の者が(高い席から)下位の者(低いところに控えている者)と会う、高位の者が(高いところから下に降り)一般の人のと; 時:◆一年の四分の一、季節、「一時(イチジ、三カ月、一季節)」「四時(シジ、四つの季節、四季)」◆一日の十二分の一、現在は二十四分の一、「時刻(ジコク)」◆年代、期
kk_自ら_みずから,自ら,みずから,自:◆みずか・ら、己(おのれ)、己の◆おの・ずから、己ひとりで、他からの影響を受けずに、それのみの力や意志で◆～から、～より、場所や時間の起点を表す◆みずから、部首,N2,kun,kun,IL1_okurigana(kun 96%) | IL2_single_okuri(kun 96%),自:◆みずか・ら、己(おのれ)、己の◆おの・ずから、己ひとりで、他からの影響を受けずに、それのみの力や意志で◆～から、～より、場所や時間の起点を表す◆みずから、部首
kk_自宅_じたく,自宅,じたく,自:◆みずか・ら、己(おのれ)、己の◆おの・ずから、己ひとりで、他からの影響を受けずに、それのみの力や意志で◆～から、～より、場所や時間の起点を表す◆みずから、部首; 宅:◆身を託(タク)すところ、住まい、住むための建物、住居(ジュウキョ)◆住まう、居住(キョジュウ)する◆落ち着く◆墓、墓地、「宅兆(タクチョウ)」,N2,on,on+on,A3_short_compound(on+on 71%) | B_noun_rad_宀(kun 93%),自:◆みずか・ら、己(おのれ)、己の◆おの・ずから、己ひとりで、他からの影響を受けずに、それのみの力や意志で◆～から、～より、場所や時間の起点を表す◆みずから、部首; 宅:◆身を託(タク)すところ、住まい、住むための建物、住居(ジュウキョ)◆住まう、居住(キョジュウ)する◆落ち着く◆墓、墓地、「宅兆(タクチョウ)」
kk_自治_じち,自治,じち,自:◆みずか・ら、己(おのれ)、己の◆おの・ずから、己ひとりで、他からの影響を受けずに、それのみの力や意志で◆～から、～より、場所や時間の起点を表す◆みずから、部首; 治:◆氾濫(ハンラン)を防いだり水を利用しやすくするために川の流れを変える、筋(すじ)を通す、同「理」◆手を加えて乱れがないようにする、また秩序ある状態にする、また,N2,on,on+on,A3_short_compound(on+on 71%),自:◆みずか・ら、己(おのれ)、己の◆おの・ずから、己ひとりで、他からの影響を受けずに、それのみの力や意志で◆～から、～より、場所や時間の起点を表す◆みずから、部首; 治:◆氾濫(ハンラン)を防いだり水を利用しやすくするために川の流れを変える、筋(すじ)を通す、同「理」◆手を加えて乱れがないようにする、また秩序ある状態にする、また
kk_自立_じりつ,自立,じりつ,自:◆みずか・ら、己(おのれ)、己の◆おの・ずから、己ひとりで、他からの影響を受けずに、それのみの力や意志で◆～から、～より、場所や時間の起点を表す◆みずから、部首; 立:◆地(チ、地面、土台、基盤)に足を着け垂直にする、また垂直になる、地から上に向かって伸ばす、また伸びる◆しっかりとした土台を築いてその上にものを作り上げて行く、,N2,on,on+on,A3_short_compound(on+on 71%),自:◆みずか・ら、己(おのれ)、己の◆おの・ずから、己ひとりで、他からの影響を受けずに、それのみの力や意志で◆～から、～より、場所や時間の起点を表す◆みずから、部首; 立:◆地(チ、地面、土台、基盤)に足を着け垂直にする、また垂直になる、地から上に向かって伸ばす、また伸びる◆しっかりとした土台を築いてその上にものを作り上げて行く、
kk_至る所_いたるところ,至る所,いたるところ,至:◆目指すところに行き着く(達する、届く)、ある時間・状態になる(達する、届く)、同「到」◆自分ところに届く、やって来る◆それより先がない(これ以上はない)ところ; 所:◆処(ところ)、ものがある場また位置(要所・箇所など)、ことをする場また位置(住所・裁判所など)◆～のこと、「所感(感じること)」「所存(考え思っていること)◆,N2,kun,kun+kun~,IL1_okurigana(kun 96%) | A1_compound_oku(kun 90%) | A1_on_kun_mix(on+kun 65%),至:◆目指すところに行き着く(達する、届く)、ある時間・状態になる(達する、届く)、同「到」◆自分ところに届く、やって来る◆それより先がない(これ以上はない)ところ; 所:◆処(ところ)、ものがある場また位置(要所・箇所など)、ことをする場また位置(住所・裁判所など)◆～のこと、「所感(感じること)」「所存(考え思っていること)◆
kk_至急_しきゅう,至急,しきゅう,至:◆目指すところに行き着く(達する、届く)、ある時間・状態になる(達する、届く)、同「到」◆自分ところに届く、やって来る◆それより先がない(これ以上はない)ところ; 急:◆ゆとりがないさま、余裕がないさま、ゆったりとしていないさま◆せ・く、気持ちにゆとりがない、忙(せわ)しい◆いそ・ぐ、間(マ)を置かずに動く、早く動く、せかせか,N2,on,on+on,A3_short_compound(on+on 71%),至:◆目指すところに行き着く(達する、届く)、ある時間・状態になる(達する、届く)、同「到」◆自分ところに届く、やって来る◆それより先がない(これ以上はない)ところ; 急:◆ゆとりがないさま、余裕がないさま、ゆったりとしていないさま◆せ・く、気持ちにゆとりがない、忙(せわ)しい◆いそ・ぐ、間(マ)を置かずに動く、早く動く、せかせか
kk_興奮_こうふん,興奮,こうふん,興:◆起き上がる、すっくと立つ◆持ち上げる、高く挙(あ)げる◆高(たか)ぶる、高揚(コウヨウ)する、盛り上がる◆盛んになる、栄える; 奮:◆鳥が翼を大きく羽撃(はばた)かせて飛び立つ、力強く飛ぶ、同「翬」「奞」◆(鳥が飛び立つために翼を)震(ふる)わせる、(力強く立ち上がるために気持ちを)揺(ゆ),N2,on,on+on,,興:◆起き上がる、すっくと立つ◆持ち上げる、高く挙(あ)げる◆高(たか)ぶる、高揚(コウヨウ)する、盛り上がる◆盛んになる、栄える; 奮:◆鳥が翼を大きく羽撃(はばた)かせて飛び立つ、力強く飛ぶ、同「翬」「奞」◆(鳥が飛び立つために翼を)震(ふる)わせる、(力強く立ち上がるために気持ちを)揺(ゆ)
kk_舗装_ほそう,舗装,ほそう,舗:◆門扉(モンピ)に取り付ける金属製の飾り、「金鋪(キンホ)」「銅鋪(ドウホ)」◆敷く、敷き広げる、同「敷」◆広げる、広く行き渡らせる、同「布」「敷」◆並ぶ、並べ; 装:◆(包んだり覆ったりして)外側を飾る◆(衣服や装飾品などのような、上辺を繕うための)飾り◆(飾り付けをしたりして)外見を整える◆(衣服を纏ったり化粧をしたりして,N2,on,on+on,A3_short_compound(on+on 71%),舗:◆門扉(モンピ)に取り付ける金属製の飾り、「金鋪(キンホ)」「銅鋪(ドウホ)」◆敷く、敷き広げる、同「敷」◆広げる、広く行き渡らせる、同「布」「敷」◆並ぶ、並べ; 装:◆(包んだり覆ったりして)外側を飾る◆(衣服や装飾品などのような、上辺を繕うための)飾り◆(飾り付けをしたりして)外見を整える◆(衣服を纏ったり化粧をしたりして
kk_良し_よし,良し,よし,良:◆自分或いは多くの人の判断基準より上である、(「優(ユウ)」には及ばないが)一般的・標準的な水準・程度を超えている、善(よ)い、勝(まさ)る、好(この)ましい、,N2,kun,kun,IL1_okurigana(kun 96%) | IL2_single_okuri(kun 96%),良:◆自分或いは多くの人の判断基準より上である、(「優(ユウ)」には及ばないが)一般的・標準的な水準・程度を超えている、善(よ)い、勝(まさ)る、好(この)ましい、
kk_良質_りょうしつ,良質,りょうしつ,良:◆自分或いは多くの人の判断基準より上である、(「優(ユウ)」には及ばないが)一般的・標準的な水準・程度を超えている、善(よ)い、勝(まさ)る、好(この)ましい、; 質:◆本来の、元々(もともと)の、「本質(ホンシツ)」◆本来のままであるさま、素(す)のままであるさま、「質素(シッソ)」◆そのものが持つ本来の価値や中身、また性格,N2,on,on+on,,良:◆自分或いは多くの人の判断基準より上である、(「優(ユウ)」には及ばないが)一般的・標準的な水準・程度を超えている、善(よ)い、勝(まさ)る、好(この)ましい、; 質:◆本来の、元々(もともと)の、「本質(ホンシツ)」◆本来のままであるさま、素(す)のままであるさま、「質素(シッソ)」◆そのものが持つ本来の価値や中身、また性格
kk_色づく_いろづく,色づく,いろづく,色:◆視覚によって認識するものの内、形状以外のもの、(特に顔の)表情、彩(いろどり)り、具合(ぐあい)、様子◆男女間の情欲(ジョウヨク)◆種類、二色=二種類◆いろ、,N2,kun,kun,IL1_okurigana(kun 96%) | IL2_single_okuri(kun 96%),色:◆視覚によって認識するものの内、形状以外のもの、(特に顔の)表情、彩(いろどり)り、具合(ぐあい)、様子◆男女間の情欲(ジョウヨク)◆種類、二色=二種類◆いろ、
kk_艶_つや,艶,つや,艶:◆色合い豊かで美しいさま、色鮮やかで美しいさま◆人を引き寄せるように美しいさま、色気があるさま、またそのような女性、同「𡤩」◆[日]男女の情事に関すること,N2,kun,kun,IL2_single_default(kun 84%),艶:◆色合い豊かで美しいさま、色鮮やかで美しいさま◆人を引き寄せるように美しいさま、色気があるさま、またそのような女性、同「𡤩」◆[日]男女の情事に関すること
kk_芝居_しばい,芝居,しばい,芝:◆「芝草(シソウ)」「霊芝(レイシ)」「木霊芝(モクレイシ)」、万年茸(マンネンタケ)、マンネンタケ科のキノコ(茸)、また同科のキノコの称、別名「神草(シンソウ; 居:◆座る、腰を据(す)える、腰を落ち着ける、またその場所◆長く腰を落ち着けて住む、住まい◆一定の場所を占める、存在する◆貯(たくわ)える、得たものを置いておく,N2,mixed,on+kun~,A3_short_compound(on+on 71%),芝:◆「芝草(シソウ)」「霊芝(レイシ)」「木霊芝(モクレイシ)」、万年茸(マンネンタケ)、マンネンタケ科のキノコ(茸)、また同科のキノコの称、別名「神草(シンソウ; 居:◆座る、腰を据(す)える、腰を落ち着ける、またその場所◆長く腰を落ち着けて住む、住まい◆一定の場所を占める、存在する◆貯(たくわ)える、得たものを置いておく
kk_芯_しん,芯,しん,芯:◆植物の茎の隨(ズイ)◆物の中心部分,N2,on,on,IL2_on_only(on 99%),芯:◆植物の茎の隨(ズイ)◆物の中心部分
kk_芸能_げいのう,芸能,げいのう,芸:◆田畑の雑草を取り除く、同「耘」◆「芸香(ウンコウ)」、ヘンルーダwijnruit、ミカン科ヘンルーダ属の草 ◆「芸臺(ウンタイ)」、書庫、「芸香」に書物を食い; 能:◆ことを成し遂(と)げる技量(ギリョウ)や力量(リキリョウ)、「能力(ノウリョク)」「才能(サイノウ)」◆十分に或いは上手にできる、～をすることができる(技能・,N2,on,on+on,,芸:◆田畑の雑草を取り除く、同「耘」◆「芸香(ウンコウ)」、ヘンルーダwijnruit、ミカン科ヘンルーダ属の草 ◆「芸臺(ウンタイ)」、書庫、「芸香」に書物を食い; 能:◆ことを成し遂(と)げる技量(ギリョウ)や力量(リキリョウ)、「能力(ノウリョク)」「才能(サイノウ)」◆十分に或いは上手にできる、～をすることができる(技能・
kk_芽_め,芽,め,芽:◆草木の生え出たばかりのもの◆生え出て伸びようとしている、或いは咲こうとしている、またそのような状態、またそのような状態のもの◆物事の始まる兆(きざ)し,N2,kun,kun,IL2_single_default(kun 84%),芽:◆草木の生え出たばかりのもの◆生え出て伸びようとしている、或いは咲こうとしている、またそのような状態、またそのような状態のもの◆物事の始まる兆(きざ)し
kk_若々しい_わかわかしい,若々しい,わかわかしい,若:◆わか・い、柔(やわ)らかくしなやかなさま、生まれて間もないさま◆柔らかい(しなやかな、若い)草木◆逆(さか)らわずに従(したが)う◆もし～、仮に、或いは、もし,N2,kun,kun,IL1_okurigana(kun 96%) | IL2_single_okuri(kun 96%),若:◆わか・い、柔(やわ)らかくしなやかなさま、生まれて間もないさま◆柔らかい(しなやかな、若い)草木◆逆(さか)らわずに従(したが)う◆もし～、仮に、或いは、もし
kk_若しかすると_もしかすると,若しかすると,もしかすると,若:◆わか・い、柔(やわ)らかくしなやかなさま、生まれて間もないさま◆柔らかい(しなやかな、若い)草木◆逆(さか)らわずに従(したが)う◆もし～、仮に、或いは、もし,N2,kun,kun,IL1_okurigana(kun 96%) | IL2_single_okuri(kun 96%),若:◆わか・い、柔(やわ)らかくしなやかなさま、生まれて間もないさま◆柔らかい(しなやかな、若い)草木◆逆(さか)らわずに従(したが)う◆もし～、仮に、或いは、もし
kk_若干_じゃっかん,若干,じゃっかん,若:◆わか・い、柔(やわ)らかくしなやかなさま、生まれて間もないさま◆柔らかい(しなやかな、若い)草木◆逆(さか)らわずに従(したが)う◆もし～、仮に、或いは、もし; 干:◆他の領域に入り込む、侵(おか)す、犯(おか)す◆求める、欲しいものを得ようとする◆相手の攻撃を防ぐ、くい止める、盾(たて)となる、盾◆「欄干(ランカン)」、長,N2,on,on+on,,若:◆わか・い、柔(やわ)らかくしなやかなさま、生まれて間もないさま◆柔らかい(しなやかな、若い)草木◆逆(さか)らわずに従(したが)う◆もし～、仮に、或いは、もし; 干:◆他の領域に入り込む、侵(おか)す、犯(おか)す◆求める、欲しいものを得ようとする◆相手の攻撃を防ぐ、くい止める、盾(たて)となる、盾◆「欄干(ランカン)」、長
kk_苦しめる_くるしめる,苦しめる,くるしめる,苦:◆渋味やえぐ味などの不快に感じる味、五味(甘・酸・鹹・苦・辛)の一つ◆不快なことや思うようにならないことなどに困り果てる、押さえ付けられているような(重苦しい),N2,kun,kun,IL1_okurigana(kun 96%) | IL2_single_okuri(kun 96%),苦:◆渋味やえぐ味などの不快に感じる味、五味(甘・酸・鹹・苦・辛)の一つ◆不快なことや思うようにならないことなどに困り果てる、押さえ付けられているような(重苦しい)
kk_苦心_くしん,苦心,くしん,苦:◆渋味やえぐ味などの不快に感じる味、五味(甘・酸・鹹・苦・辛)の一つ◆不快なことや思うようにならないことなどに困り果てる、押さえ付けられているような(重苦しい); 心:◆血液を循環させる働きをする臓器で五臓(心シン・肝カン・脾ヒ・肺ハイ・腎ジン)の一つ ◆ものの真(ま)ん中、真ん中(中心)にあるもの、ものの重要な部分、ものの本,N2,on,on+on,A3_short_compound(on+on 71%),苦:◆渋味やえぐ味などの不快に感じる味、五味(甘・酸・鹹・苦・辛)の一つ◆不快なことや思うようにならないことなどに困り果てる、押さえ付けられているような(重苦しい); 心:◆血液を循環させる働きをする臓器で五臓(心シン・肝カン・脾ヒ・肺ハイ・腎ジン)の一つ ◆ものの真(ま)ん中、真ん中(中心)にあるもの、ものの重要な部分、ものの本
kk_苦情_くじょう,苦情,くじょう,苦:◆渋味やえぐ味などの不快に感じる味、五味(甘・酸・鹹・苦・辛)の一つ◆不快なことや思うようにならないことなどに困り果てる、押さえ付けられているような(重苦しい); 情:◆物事(特に他の人)からの働き掛けで起こる喜怒哀楽愛好悪欲などの心の動き、「感情(カンジョウ)」◆他に寄せる思い、「愛情(アイジョウ)」◆異性に寄せる思い、好意,N2,on,on+on,A3_short_compound(on+on 71%),苦:◆渋味やえぐ味などの不快に感じる味、五味(甘・酸・鹹・苦・辛)の一つ◆不快なことや思うようにならないことなどに困り果てる、押さえ付けられているような(重苦しい); 情:◆物事(特に他の人)からの働き掛けで起こる喜怒哀楽愛好悪欲などの心の動き、「感情(カンジョウ)」◆他に寄せる思い、「愛情(アイジョウ)」◆異性に寄せる思い、好意
kk_苦痛_くつう,苦痛,くつう,苦:◆渋味やえぐ味などの不快に感じる味、五味(甘・酸・鹹・苦・辛)の一つ◆不快なことや思うようにならないことなどに困り果てる、押さえ付けられているような(重苦しい); 痛:◆病気・傷・刺激などによって引き起こされる身体的な苦しみ◆精神的な苦しみや悲しみ◆甚(はなは)だ、非常に,N2,on,on+on,A3_short_compound(on+on 71%),苦:◆渋味やえぐ味などの不快に感じる味、五味(甘・酸・鹹・苦・辛)の一つ◆不快なことや思うようにならないことなどに困り果てる、押さえ付けられているような(重苦しい); 痛:◆病気・傷・刺激などによって引き起こされる身体的な苦しみ◆精神的な苦しみや悲しみ◆甚(はなは)だ、非常に
kk_茸_きのこ,茸,きのこ,茸:◆若々しい草が芽生えるさま、若芽(わかめ)◆(毛のように)細く柔らかいさま、細く柔らかい毛◆「鹿茸(ロクジョウ)」、鹿の生え換(か)わった若い角(つの)を乾燥さ,N2,kun,kun,IL2_single_default(kun 84%),茸:◆若々しい草が芽生えるさま、若芽(わかめ)◆(毛のように)細く柔らかいさま、細く柔らかい毛◆「鹿茸(ロクジョウ)」、鹿の生え換(か)わった若い角(つの)を乾燥さ
kk_茹でる_ゆでる,茹でる,ゆでる,茹:◆貪(むさぼ)り食う◆柔らかい、柔らかい野菜◆根がずるずると繋がる◆[日]湯で煮て柔らかくする,N2,kun,kun,IL1_okurigana(kun 96%) | IL2_single_okuri(kun 96%),茹:◆貪(むさぼ)り食う◆柔らかい、柔らかい野菜◆根がずるずると繋がる◆[日]湯で煮て柔らかくする
kk_草履_ぞうり,草履,ぞうり,草:◆(特に野生の)一年以内に枯死し茎が木質化しない植物(草本植物という)の総称◆粗い、大まかな◆(大まかな)下書き◆荒れた土地、人が足を踏み入れないところ、「草深; 履:◆くつ、靴(長靴)や鞋(短靴)などの足に纏うものの総称、古くは木底や革底の履物に中敷きや刺繍などの飾りを施したものを指し、藁などで作っただけの粗末な履物(㞜)と,N2,other,mixed+mixed~,A3_short_compound(on+on 71%),草:◆(特に野生の)一年以内に枯死し茎が木質化しない植物(草本植物という)の総称◆粗い、大まかな◆(大まかな)下書き◆荒れた土地、人が足を踏み入れないところ、「草深; 履:◆くつ、靴(長靴)や鞋(短靴)などの足に纏うものの総称、古くは木底や革底の履物に中敷きや刺繍などの飾りを施したものを指し、藁などで作っただけの粗末な履物(㞜)と
kk_草臥れる_くたびれる,草臥れる,くたびれる,草:◆(特に野生の)一年以内に枯死し茎が木質化しない植物(草本植物という)の総称◆粗い、大まかな◆(大まかな)下書き◆荒れた土地、人が足を踏み入れないところ、「草深; 臥:◆身を横たえる、伏せる,N2,other,mixed+mixed~,IL1_okurigana(kun 96%) | A1_compound_oku(kun 90%) | A1_on_kun_mix(on+kun 65%),草:◆(特に野生の)一年以内に枯死し茎が木質化しない植物(草本植物という)の総称◆粗い、大まかな◆(大まかな)下書き◆荒れた土地、人が足を踏み入れないところ、「草深; 臥:◆身を横たえる、伏せる
kk_草花_くさばな,草花,くさばな,草:◆(特に野生の)一年以内に枯死し茎が木質化しない植物(草本植物という)の総称◆粗い、大まかな◆(大まかな)下書き◆荒れた土地、人が足を踏み入れないところ、「草深; 花:◆種子植物の生殖のための器官、雌蕊(シズイ、めしべ)や雄蕊(ユウズイ、おしべ)やその外側にある部分を総じた名 ◆(花のように)美しいさま、華(はな)やかなさま、,N2,other,mixed+mixed~,,草:◆(特に野生の)一年以内に枯死し茎が木質化しない植物(草本植物という)の総称◆粗い、大まかな◆(大まかな)下書き◆荒れた土地、人が足を踏み入れないところ、「草深; 花:◆種子植物の生殖のための器官、雌蕊(シズイ、めしべ)や雄蕊(ユウズイ、おしべ)やその外側にある部分を総じた名 ◆(花のように)美しいさま、華(はな)やかなさま、
kk_荒れる_あれる,荒れる,あれる,荒:◆雑草が伸び放題なさま、人の手が入っておらず耕作や居住に向かないさま、またそのような地◆廃(すた)れる、長い間人の手が加えられた様子がないさま◆(人の手が及ばす,N2,kun,kun,IL1_okurigana(kun 96%) | IL2_single_okuri(kun 96%),荒:◆雑草が伸び放題なさま、人の手が入っておらず耕作や居住に向かないさま、またそのような地◆廃(すた)れる、長い間人の手が加えられた様子がないさま◆(人の手が及ばす
kk_莫大_ばくだい,莫大,ばくだい,莫:◆暗くなる、陽の光が届かなって暗くなる、晩(バン)、同「暮」「𦱤」◆無(な)い、「莫大(バクダイ、それ以上はない、それ以上のものはない)」、同「𦮅」◆～でない、; 大:◆形・数・量・力・程度などが比較しようとしているもの以上である、求められる(必要とされる、必要な)形・数・量・力・程度などを超(こ)えている、優(すぐ)れる、長,N2,on,on+on,,莫:◆暗くなる、陽の光が届かなって暗くなる、晩(バン)、同「暮」「𦱤」◆無(な)い、「莫大(バクダイ、それ以上はない、それ以上のものはない)」、同「𦮅」◆～でない、; 大:◆形・数・量・力・程度などが比較しようとしているもの以上である、求められる(必要とされる、必要な)形・数・量・力・程度などを超(こ)えている、優(すぐ)れる、長
kk_萎む_しぼむ,萎む,しぼむ,萎:◆草木が水分を失って弱る、弱って張(は)りが失われる◆病(やまい)などで弱る、活力が失われる、同「痿」◆「萎蕤(イズイ)」、アマドコロ(甘野老)、キジカクシ科ア,N2,kun,kun,IL1_okurigana(kun 96%) | IL2_single_okuri(kun 96%),萎:◆草木が水分を失って弱る、弱って張(は)りが失われる◆病(やまい)などで弱る、活力が失われる、同「痿」◆「萎蕤(イズイ)」、アマドコロ(甘野老)、キジカクシ科ア
kk_落し物_おとしもの,落し物,おとしもの,落:◆上にあったものが下に移動する、高い所から下に位置を変える、「落下(ラッカ)」「墜落(ツイラク)」◆枯れ衰える、(枯れた葉が)地に墜ちる、「没落(ボツラク)」「; 物:◆(天地の間に存在する)人以外の形のあるもの、人は「者」、形のないものは「事」,N2,kun,kun+kun~,IL1_okurigana(kun 96%) | A1_compound_oku(kun 90%) | A1_on_kun_mix(on+kun 65%),落:◆上にあったものが下に移動する、高い所から下に位置を変える、「落下(ラッカ)」「墜落(ツイラク)」◆枯れ衰える、(枯れた葉が)地に墜ちる、「没落(ボツラク)」「; 物:◆(天地の間に存在する)人以外の形のあるもの、人は「者」、形のないものは「事」
kk_落ち込む_おちこむ,落ち込む,おちこむ,落:◆上にあったものが下に移動する、高い所から下に位置を変える、「落下(ラッカ)」「墜落(ツイラク)」◆枯れ衰える、(枯れた葉が)地に墜ちる、「没落(ボツラク)」「; 込:◆[日]中に(内に、裏に、見えないところに)入(はい)る、入(い)れる,N2,kun,kun+kun~,IL1_okurigana(kun 96%) | A1_compound_oku(kun 90%) | A1_on_kun_mix(on+kun 65%),落:◆上にあったものが下に移動する、高い所から下に位置を変える、「落下(ラッカ)」「墜落(ツイラク)」◆枯れ衰える、(枯れた葉が)地に墜ちる、「没落(ボツラク)」「; 込:◆[日]中に(内に、裏に、見えないところに)入(はい)る、入(い)れる
kk_落第_らくだい,落第,らくだい,落:◆上にあったものが下に移動する、高い所から下に位置を変える、「落下(ラッカ)」「墜落(ツイラク)」◆枯れ衰える、(枯れた葉が)地に墜ちる、「没落(ボツラク)」「; 第:◆階段のように段々に区切られているさま◆高低の並び、順序、順位、順番、序列、等級◆(昇進・採用のための等級ごとに行われる)試験◆大きな屋敷,N2,on,on+on,B_noun_rad_竹(kun 93%),落:◆上にあったものが下に移動する、高い所から下に位置を変える、「落下(ラッカ)」「墜落(ツイラク)」◆枯れ衰える、(枯れた葉が)地に墜ちる、「没落(ボツラク)」「; 第:◆階段のように段々に区切られているさま◆高低の並び、順序、順位、順番、序列、等級◆(昇進・採用のための等級ごとに行われる)試験◆大きな屋敷
kk_著す_あらわす,著す,あらわす,著:◆他との違い(或いは正誤)をはっきりと示す、誰の目にも明らかにする、明確にする、同「箸」「𣋐」◆(間違いや誤解がないように)文章などに書き表す、書かれた文章、同,N2,kun,kun,IL1_okurigana(kun 96%) | IL2_single_okuri(kun 96%),著:◆他との違い(或いは正誤)をはっきりと示す、誰の目にも明らかにする、明確にする、同「箸」「𣋐」◆(間違いや誤解がないように)文章などに書き表す、書かれた文章、同
kk_葬式_そうしき,葬式,そうしき,葬:◆周りから見えないように覆(おお)い隠(かく)す◆死者を他人の目に触れないように隠(かく)す、死者を土に埋める、同「𦽱」¶「葬」は「艸」「死」「艸」の合字で、「; 式:◆決まり、やり方、一定の方法や手順◆型(かた)、基本や標準になる形◆目的や作法(サホウ)・次第(シダイ)が決まっている行事◆数学などの解法を示したもの◆用(もち,N2,on,on+on,,葬:◆周りから見えないように覆(おお)い隠(かく)す◆死者を他人の目に触れないように隠(かく)す、死者を土に埋める、同「𦽱」¶「葬」は「艸」「死」「艸」の合字で、「; 式:◆決まり、やり方、一定の方法や手順◆型(かた)、基本や標準になる形◆目的や作法(サホウ)・次第(シダイ)が決まっている行事◆数学などの解法を示したもの◆用(もち
kk_蒸発_じょうはつ,蒸発,じょうはつ,蒸:◆湯気(水蒸気)が立ち昇る、同「烝」◆湯気(水蒸気)を立ち昇らせて熱する、同「烝」◆皮を取り去ったアサ(麻)の茎を乾燥させたもの、麻幹(あさがら、おがら)◆細い; 発:◆矢を放つ、外(離れて行く方向)に向かって勢いよく飛び出る◆動いていなかったものが勢いよく動き出す、物事が動き出す、物事が始まる、行動を起こす◆隠れていたものが,N2,on,on+on,,蒸:◆湯気(水蒸気)が立ち昇る、同「烝」◆湯気(水蒸気)を立ち昇らせて熱する、同「烝」◆皮を取り去ったアサ(麻)の茎を乾燥させたもの、麻幹(あさがら、おがら)◆細い; 発:◆矢を放つ、外(離れて行く方向)に向かって勢いよく飛び出る◆動いていなかったものが勢いよく動き出す、物事が動き出す、物事が始まる、行動を起こす◆隠れていたものが
kk_蓄える_たくわえる,蓄える,たくわえる,蓄:◆(冬に備えて野菜を)貯(たくわ)える、集めて堆(うずたか)く積む、しまっておく、「備蓄(ビチク)」、同「畜」「𧁃」「稸」◆飼(か)う、飼い育てる、養(やしな),N2,kun,kun,IL1_okurigana(kun 96%) | IL2_single_okuri(kun 96%),蓄:◆(冬に備えて野菜を)貯(たくわ)える、集めて堆(うずたか)く積む、しまっておく、「備蓄(ビチク)」、同「畜」「𧁃」「稸」◆飼(か)う、飼い育てる、養(やしな)
kk_蔓_つる,蔓,つる,蔓:◆長く延びているさま、同「曼」◆茎や枝が直立できずに地を這ったり物に絡み付きながら伸びる草や木の総称、「長く延びている(曼)草の茎」の意◆「蔓菁(マンセイ)」、,N2,kun,kun,IL2_single_default(kun 84%),蔓:◆長く延びているさま、同「曼」◆茎や枝が直立できずに地を這ったり物に絡み付きながら伸びる草や木の総称、「長く延びている(曼)草の茎」の意◆「蔓菁(マンセイ)」、
kk_薄っすら_うっすら,薄っすら,うっすら,薄:◆草木がびっしりと(隙間なく)生えているさま、「【說文解字注:艸部:薄】林薄也(…劉注曰薄不入之叢也按林木相迫不可入曰薄引伸凡相迫皆曰薄)」◆互いの間が近い、間,N2,other,unknown,IL1_okurigana(kun 96%) | IL2_single_okuri(kun 96%),薄:◆草木がびっしりと(隙間なく)生えているさま、「【說文解字注:艸部:薄】林薄也(…劉注曰薄不入之叢也按林木相迫不可入曰薄引伸凡相迫皆曰薄)」◆互いの間が近い、間
kk_薄める_うすめる,薄める,うすめる,薄:◆草木がびっしりと(隙間なく)生えているさま、「【說文解字注:艸部:薄】林薄也(…劉注曰薄不入之叢也按林木相迫不可入曰薄引伸凡相迫皆曰薄)」◆互いの間が近い、間,N2,kun,kun,IL1_okurigana(kun 96%) | IL2_single_okuri(kun 96%),薄:◆草木がびっしりと(隙間なく)生えているさま、「【說文解字注:艸部:薄】林薄也(…劉注曰薄不入之叢也按林木相迫不可入曰薄引伸凡相迫皆曰薄)」◆互いの間が近い、間
kk_薄れる_うすれる,薄れる,うすれる,薄:◆草木がびっしりと(隙間なく)生えているさま、「【說文解字注:艸部:薄】林薄也(…劉注曰薄不入之叢也按林木相迫不可入曰薄引伸凡相迫皆曰薄)」◆互いの間が近い、間,N2,kun,kun,IL1_okurigana(kun 96%) | IL2_single_okuri(kun 96%),薄:◆草木がびっしりと(隙間なく)生えているさま、「【說文解字注:艸部:薄】林薄也(…劉注曰薄不入之叢也按林木相迫不可入曰薄引伸凡相迫皆曰薄)」◆互いの間が近い、間
kk_薄型_うすがた,薄型,うすがた,薄:◆草木がびっしりと(隙間なく)生えているさま、「【說文解字注:艸部:薄】林薄也(…劉注曰薄不入之叢也按林木相迫不可入曰薄引伸凡相迫皆曰薄)」◆互いの間が近い、間; 型:◆これから作ろうとする物の形に作ったもの、溶かした金属を流し入れて目的の形に造るためのもの、「鋳型(いがた)」、木製は「模」、竹製は「範」◆模範(モハン)、手本,N2,other,mixed+mixed~,,薄:◆草木がびっしりと(隙間なく)生えているさま、「【說文解字注:艸部:薄】林薄也(…劉注曰薄不入之叢也按林木相迫不可入曰薄引伸凡相迫皆曰薄)」◆互いの間が近い、間; 型:◆これから作ろうとする物の形に作ったもの、溶かした金属を流し入れて目的の形に造るためのもの、「鋳型(いがた)」、木製は「模」、竹製は「範」◆模範(モハン)、手本
kk_薄明るい_うすあかるい,薄明るい,うすあかるい,薄:◆草木がびっしりと(隙間なく)生えているさま、「【說文解字注:艸部:薄】林薄也(…劉注曰薄不入之叢也按林木相迫不可入曰薄引伸凡相迫皆曰薄)」◆互いの間が近い、間; 明:◆(太陽や月の)光が差す、光が当たる、光を当てる◆光が当たってはっきりと見える(分かる)、誰の目にもはっきりとしている、はっきりとさせる◆隠されたところ(陰にな,N2,kun,kun+kun,IL1_okurigana(kun 96%) | A1_compound_oku(kun 90%) | A1_on_kun_mix(on+kun 65%),薄:◆草木がびっしりと(隙間なく)生えているさま、「【說文解字注:艸部:薄】林薄也(…劉注曰薄不入之叢也按林木相迫不可入曰薄引伸凡相迫皆曰薄)」◆互いの間が近い、間; 明:◆(太陽や月の)光が差す、光が当たる、光を当てる◆光が当たってはっきりと見える(分かる)、誰の目にもはっきりとしている、はっきりとさせる◆隠されたところ(陰にな
kk_薄暗い_うすぐらい,薄暗い,うすぐらい,薄:◆草木がびっしりと(隙間なく)生えているさま、「【說文解字注:艸部:薄】林薄也(…劉注曰薄不入之叢也按林木相迫不可入曰薄引伸凡相迫皆曰薄)」◆互いの間が近い、間; 暗:◆光がない、明るさがない◆光を失う、明るさや生き生きとした感じを失う◆光が届かない、明かりが届かずよく見えない、ものの陰になっていて見えない◆ぼんやりしている、,N2,other,mixed+mixed~,IL1_okurigana(kun 96%) | A1_compound_oku(kun 90%) | A1_on_kun_mix(on+kun 65%),薄:◆草木がびっしりと(隙間なく)生えているさま、「【說文解字注:艸部:薄】林薄也(…劉注曰薄不入之叢也按林木相迫不可入曰薄引伸凡相迫皆曰薄)」◆互いの間が近い、間; 暗:◆光がない、明るさがない◆光を失う、明るさや生き生きとした感じを失う◆光が届かない、明かりが届かずよく見えない、ものの陰になっていて見えない◆ぼんやりしている、
kk_薦める_すすめる,薦める,すすめる,薦:◆腰の下に莚(むしろ)や敷き草、またそれを敷く、同「荐」、「【說文解字:𢊁部:薦】獸之所食艸从𢊁从艸古者神人以𢊁遺黃帝帝曰何食何處曰食薦夏處水澤冬處松柏」◆しっ,N2,kun,kun,IL1_okurigana(kun 96%) | IL2_single_okuri(kun 96%),薦:◆腰の下に莚(むしろ)や敷き草、またそれを敷く、同「荐」、「【說文解字:𢊁部:薦】獸之所食艸从𢊁从艸古者神人以𢊁遺黃帝帝曰何食何處曰食薦夏處水澤冬處松柏」◆しっ
kk_薬品_やくひん,薬品,やくひん,薬:◆病(やまい)や傷を治(なお)したり癒(いや)したりする効果のある物質◆病や傷を治す、癒す◆他に化学作用を及ぼす物質◆「芍薬(シャクヤク)」、ボタン科ボタン属 ; 品:◆物(もの)、多くの物、様々な物◆もの(人や物)の本質・価値・程度を判断する◆ものの値打ち、また価値、また程度・等級,N2,on,on+on,,薬:◆病(やまい)や傷を治(なお)したり癒(いや)したりする効果のある物質◆病や傷を治す、癒す◆他に化学作用を及ぼす物質◆「芍薬(シャクヤク)」、ボタン科ボタン属 ; 品:◆物(もの)、多くの物、様々な物◆もの(人や物)の本質・価値・程度を判断する◆ものの値打ち、また価値、また程度・等級
kk_虫歯_むしば,虫歯,むしば,虫:◆マムシ(蝮)、クサリヘビ科マムシ属のヘビ(蛇)、同「虺」「蝮」[†音は「虺」と同じで「キ、ケ」†]◆動物の総称、動物全体を「五虫」とし「鱗虫(外皮が鱗うろこ状; 歯:◆ものを食べるために噛(か)むための器官、噛(か)み砕くための器官 ◆牛馬の年齢、歯の本数で年齢が分かることによる◆人の年齢◆並ぶ、順に従って並ぶ◆は、はへん、,N2,mixed,kun+on~,A3_short_compound(on+on 71%) | B_noun_rad_虫(kun 93%),虫:◆マムシ(蝮)、クサリヘビ科マムシ属のヘビ(蛇)、同「虺」「蝮」[†音は「虺」と同じで「キ、ケ」†]◆動物の総称、動物全体を「五虫」とし「鱗虫(外皮が鱗うろこ状; 歯:◆ものを食べるために噛(か)むための器官、噛(か)み砕くための器官 ◆牛馬の年齢、歯の本数で年齢が分かることによる◆人の年齢◆並ぶ、順に従って並ぶ◆は、はへん、
kk_虹_にじ,虹,にじ,虹:◆大気中の水滴に光が反射・屈折して円弧を描くもの、外側が赤で内側が紫になるもを「虹」「主虹(シュコウ)」といい、その外側に薄くできる虹を「霓(ゲイ)」「副虹(フ,N2,kun,kun,IL2_single_default(kun 84%) | B_noun_rad_虫(kun 93%),虹:◆大気中の水滴に光が反射・屈折して円弧を描くもの、外側が赤で内側が紫になるもを「虹」「主虹(シュコウ)」といい、その外側に薄くできる虹を「霓(ゲイ)」「副虹(フ
kk_蛍光灯_けいこうとう,蛍光灯,けいこうとう,蛍:◆ホタル(蛍)、ホタル科に属する昆虫; 光:◆明かるく輝(かがや)く、きらきらと輝(かがや)く◆辺りを明るく照らすさま、同「炚」「炛」◆(光り輝き)美しい◆景色(ケシキ)、「風光(フウコウ)」◆(四方に光; 灯:◆火、烈(はげ)しく燃える火◆高く掲げ暗闇を照らす明かり、明かりを灯(とも)すため照明具、同繁「燈」、本来「灯」には「明かり(燈)」の意はなく「火、烈火」の意だ,N2,on,on+on+on,A4_multi_on(on+on+on 65%) | B_noun_rad_虫(kun 93%),蛍:◆ホタル(蛍)、ホタル科に属する昆虫; 光:◆明かるく輝(かがや)く、きらきらと輝(かがや)く◆辺りを明るく照らすさま、同「炚」「炛」◆(光り輝き)美しい◆景色(ケシキ)、「風光(フウコウ)」◆(四方に光; 灯:◆火、烈(はげ)しく燃える火◆高く掲げ暗闇を照らす明かり、明かりを灯(とも)すため照明具、同繁「燈」、本来「灯」には「明かり(燈)」の意はなく「火、烈火」の意だ
kk_蜜_みつ,蜜,みつ,蜜:◆ハチ(蜂)が花などから集めて巣に貯える粘性が高く甘い液体◆(蜂蜜のように)甘くねっとりとしたもの,N2,on,on,IL2_on_only(on 99%) | B_noun_rad_虫(kun 93%),蜜:◆ハチ(蜂)が花などから集めて巣に貯える粘性が高く甘い液体◆(蜂蜜のように)甘くねっとりとしたもの
kk_蝋燭_ろうそく,蝋燭,ろうそく,蝋:◆動植物などから精製する油性の物質、特にミツバチ(蜜蜂)の蜜から精製した蜜蝋を指す、ワックスwax、同「蜡」; 燭:◆火で辺りを照(て)らす、明かりを灯(とも)す、同「曯」◆火を点(つ)け明(あ)かりとするもの、明かり、同簡「烛」,N2,on,on+on,B_noun_rad_虫(kun 93%),蝋:◆動植物などから精製する油性の物質、特にミツバチ(蜜蜂)の蜜から精製した蜜蝋を指す、ワックスwax、同「蜡」; 燭:◆火で辺りを照(て)らす、明かりを灯(とも)す、同「曯」◆火を点(つ)け明(あ)かりとするもの、明かり、同簡「烛」
kk_螺子_ねじ,螺子,ねじ,螺:◆タニシ(田螺)やカタツムリ(蝸牛)などの渦巻状の貝を背負う虫◆渦巻き状のもの、またそのような形、「螺絲(ラシ、螺子ねじ)」「螺紋(ラモン、指紋、螺子山ねじやま; 子:◆母親から産まれるもの、古くは男女を問わず「子」といったが、現代中国では男の子(息子)を指す◆新しく産まれる(生まれる)ものの元となるもの、植物の種や実、動物の,N2,other,mixed+mixed~,A3_short_compound(on+on 71%) | B_noun_rad_虫(kun 93%),螺:◆タニシ(田螺)やカタツムリ(蝸牛)などの渦巻状の貝を背負う虫◆渦巻き状のもの、またそのような形、「螺絲(ラシ、螺子ねじ)」「螺紋(ラモン、指紋、螺子山ねじやま; 子:◆母親から産まれるもの、古くは男女を問わず「子」といったが、現代中国では男の子(息子)を指す◆新しく産まれる(生まれる)ものの元となるもの、植物の種や実、動物の
kk_蟻_あり,蟻,あり,蟻:◆アリ(蟻)、アリ科の昆虫の総称、同「螘」,N2,kun,kun,IL2_single_default(kun 84%) | B_noun_rad_虫(kun 93%),蟻:◆アリ(蟻)、アリ科の昆虫の総称、同「螘」
kk_血圧_けつあつ,血圧,けつあつ,血:◆動物の体内を循環し養分や老廃物を運ぶ役目をする液体◆同じ親を持つ人、またその人たちの代々の繋(つな)がり◆「血気(ケッキ)」、体を維持する血液と体を動かす気力; 圧:◆上から下に向けて押え付けるように力を加える◆力で押え付ける、押え付けて従わせる¶「圧」は日本・韓国などで用いられる「壓」の簡体字、中国では「压」,N2,on,on+on,,血:◆動物の体内を循環し養分や老廃物を運ぶ役目をする液体◆同じ親を持つ人、またその人たちの代々の繋(つな)がり◆「血気(ケッキ)」、体を維持する血液と体を動かす気力; 圧:◆上から下に向けて押え付けるように力を加える◆力で押え付ける、押え付けて従わせる¶「圧」は日本・韓国などで用いられる「壓」の簡体字、中国では「压」
kk_行き先_ゆきさき,行き先,ゆきさき,行:◆左足を前に出し(彳)次に右足を前に出す(亍)、足を交互に動かして前に進む◆目的とするところに向かって進む◆遠くに出掛ける、旅に出る◆道、人が往来する道路、同「; 先:◆基準になる位置や時間よりも前、同「前」、逆は「後」◆前に向かって進む、またその方向、同「前」◆以前、時間的に過去の方向◆ま・ず、最初に、～の前に,N2,kun,kun+kun~,IL1_okurigana(kun 96%) | A1_compound_oku(kun 90%) | A1_on_kun_mix(on+kun 65%),行:◆左足を前に出し(彳)次に右足を前に出す(亍)、足を交互に動かして前に進む◆目的とするところに向かって進む◆遠くに出掛ける、旅に出る◆道、人が往来する道路、同「; 先:◆基準になる位置や時間よりも前、同「前」、逆は「後」◆前に向かって進む、またその方向、同「前」◆以前、時間的に過去の方向◆ま・ず、最初に、～の前に
kk_行き過ぎる_ゆきすぎる,行き過ぎる,ゆきすぎる,行:◆左足を前に出し(彳)次に右足を前に出す(亍)、足を交互に動かして前に進む◆目的とするところに向かって進む◆遠くに出掛ける、旅に出る◆道、人が往来する道路、同「; 過:◆度(ド、度合、節度、法度、限度、程度など)を越える(超える)◆度を越えて(超えて)しまう、誤(あやま)る◆時(とき、時代、時期、季節、月日、時間など)を通り越,N2,kun,kun+kun~,IL1_okurigana(kun 96%) | A1_compound_oku(kun 90%) | A1_on_kun_mix(on+kun 65%),行:◆左足を前に出し(彳)次に右足を前に出す(亍)、足を交互に動かして前に進む◆目的とするところに向かって進む◆遠くに出掛ける、旅に出る◆道、人が往来する道路、同「; 過:◆度(ド、度合、節度、法度、限度、程度など)を越える(超える)◆度を越えて(超えて)しまう、誤(あやま)る◆時(とき、時代、時期、季節、月日、時間など)を通り越
kk_行き（ゆき）_いき,行き（ゆき）,いき,行:◆左足を前に出し(彳)次に右足を前に出す(亍)、足を交互に動かして前に進む◆目的とするところに向かって進む◆遠くに出掛ける、旅に出る◆道、人が往来する道路、同「,N2,kun,kun,IL1_okurigana(kun 96%) | IL2_single_okuri(kun 96%),行:◆左足を前に出し(彳)次に右足を前に出す(亍)、足を交互に動かして前に進む◆目的とするところに向かって進む◆遠くに出掛ける、旅に出る◆道、人が往来する道路、同「
kk_行く_ゆく,行く,ゆく,行:◆左足を前に出し(彳)次に右足を前に出す(亍)、足を交互に動かして前に進む◆目的とするところに向かって進む◆遠くに出掛ける、旅に出る◆道、人が往来する道路、同「,N2,kun,kun,IL1_okurigana(kun 96%) | IL2_single_okuri(kun 96%),行:◆左足を前に出し(彳)次に右足を前に出す(亍)、足を交互に動かして前に進む◆目的とするところに向かって進む◆遠くに出掛ける、旅に出る◆道、人が往来する道路、同「
kk_行く先_ゆくさき,行く先,ゆくさき,行:◆左足を前に出し(彳)次に右足を前に出す(亍)、足を交互に動かして前に進む◆目的とするところに向かって進む◆遠くに出掛ける、旅に出る◆道、人が往来する道路、同「; 先:◆基準になる位置や時間よりも前、同「前」、逆は「後」◆前に向かって進む、またその方向、同「前」◆以前、時間的に過去の方向◆ま・ず、最初に、～の前に,N2,kun,kun+kun~,IL1_okurigana(kun 96%) | A1_compound_oku(kun 90%) | A1_on_kun_mix(on+kun 65%),行:◆左足を前に出し(彳)次に右足を前に出す(亍)、足を交互に動かして前に進む◆目的とするところに向かって進む◆遠くに出掛ける、旅に出る◆道、人が往来する道路、同「; 先:◆基準になる位置や時間よりも前、同「前」、逆は「後」◆前に向かって進む、またその方向、同「前」◆以前、時間的に過去の方向◆ま・ず、最初に、～の前に
kk_行儀_ぎょうぎ,行儀,ぎょうぎ,行:◆左足を前に出し(彳)次に右足を前に出す(亍)、足を交互に動かして前に進む◆目的とするところに向かって進む◆遠くに出掛ける、旅に出る◆道、人が往来する道路、同「; 儀:◆規準、規準となるもの、規準とすべきもの、「兩儀(リョウギ、宇宙の起源の二つの要素、陰・陽)」「三儀(サンギ、宇宙を構成する三つの要素、天・地・人)」「五儀(ゴ,N2,on,on+on,A3_short_compound(on+on 71%),行:◆左足を前に出し(彳)次に右足を前に出す(亍)、足を交互に動かして前に進む◆目的とするところに向かって進む◆遠くに出掛ける、旅に出る◆道、人が往来する道路、同「; 儀:◆規準、規準となるもの、規準とすべきもの、「兩儀(リョウギ、宇宙の起源の二つの要素、陰・陽)」「三儀(サンギ、宇宙を構成する三つの要素、天・地・人)」「五儀(ゴ
kk_行政_ぎょうせい,行政,ぎょうせい,行:◆左足を前に出し(彳)次に右足を前に出す(亍)、足を交互に動かして前に進む◆目的とするところに向かって進む◆遠くに出掛ける、旅に出る◆道、人が往来する道路、同「; 政:◆正(ただ)す、正しくする、同「正」◆社会などの秩序(チツジョ)を公正・公平に保(たも)つこと、またその仕事、またその手順・方法、「政治(セイジ、国を治めること,N2,on,on+on,,行:◆左足を前に出し(彳)次に右足を前に出す(亍)、足を交互に動かして前に進む◆目的とするところに向かって進む◆遠くに出掛ける、旅に出る◆道、人が往来する道路、同「; 政:◆正(ただ)す、正しくする、同「正」◆社会などの秩序(チツジョ)を公正・公平に保(たも)つこと、またその仕事、またその手順・方法、「政治(セイジ、国を治めること
kk_行方_ゆくえ,行方,ゆくえ,行:◆左足を前に出し(彳)次に右足を前に出す(亍)、足を交互に動かして前に進む◆目的とするところに向かって進む◆遠くに出掛ける、旅に出る◆道、人が往来する道路、同「; 方:◆四角、四角いさま、角(かど)が直角になっているさま、「方形(ホウケイ)」◆数学で二つの数を掛け合わせた数(正方形・長方形の一つの角を成す二辺を掛け合わせた数),N2,other,mixed+mixed~,A3_short_compound(on+on 71%),行:◆左足を前に出し(彳)次に右足を前に出す(亍)、足を交互に動かして前に進む◆目的とするところに向かって進む◆遠くに出掛ける、旅に出る◆道、人が往来する道路、同「; 方:◆四角、四角いさま、角(かど)が直角になっているさま、「方形(ホウケイ)」◆数学で二つの数を掛け合わせた数(正方形・長方形の一つの角を成す二辺を掛け合わせた数)
kk_行楽_こうらく,行楽,こうらく,行:◆左足を前に出し(彳)次に右足を前に出す(亍)、足を交互に動かして前に進む◆目的とするところに向かって進む◆遠くに出掛ける、旅に出る◆道、人が往来する道路、同「; 楽:◆音を奏(かな)でる、「音楽(オンガク)」◆調和が取れて心地よい、心や体を煩(わずら)わせるものが何もなく安らかで快い、悦(よろこ)ばしい,N2,on,on+on,B_noun_rad_木(kun 93%),行:◆左足を前に出し(彳)次に右足を前に出す(亍)、足を交互に動かして前に進む◆目的とするところに向かって進む◆遠くに出掛ける、旅に出る◆道、人が往来する道路、同「; 楽:◆音を奏(かな)でる、「音楽(オンガク)」◆調和が取れて心地よい、心や体を煩(わずら)わせるものが何もなく安らかで快い、悦(よろこ)ばしい
kk_街角_まちかど,街角,まちかど,街:◆市中(シチュウ)の大通り、市中を区切るように通した道、四方に通じる道、「街道(カイドウ)」、大通りから外れた小路(こうじ)は「巷」◆その道で区切られた区画、「; 角:◆つの、動物などの頭部から突き出た骨質状また角質状のもの、またそのように先が尖ったもの、またそのように先が尖った状態◆(角を突き合わせて)力を競い合う◆すみ、か,N2,kun,kun+kun~,,街:◆市中(シチュウ)の大通り、市中を区切るように通した道、四方に通じる道、「街道(カイドウ)」、大通りから外れた小路(こうじ)は「巷」◆その道で区切られた区画、「; 角:◆つの、動物などの頭部から突き出た骨質状また角質状のもの、またそのように先が尖ったもの、またそのように先が尖った状態◆(角を突き合わせて)力を競い合う◆すみ、か
kk_衛生_えいせい,衛生,えいせい,衛:◆建物の周りを見回(みまわ)る、周りを巡(めぐ)る◆見回って近づくものから中を守る、外からの侵入を防ぐ、外敵から国境を防ぎ守る、「防衛(ボウエイ)」◆諸侯国名、; 生:◆う・まれる、それまでになかった新しいものが現れ出る、また新しいことが起こる◆い・きる、成長し活動できる状態で存在する、またその状態◆なま、現れ出た時のそのまま,N2,on,on+on,,衛:◆建物の周りを見回(みまわ)る、周りを巡(めぐ)る◆見回って近づくものから中を守る、外からの侵入を防ぐ、外敵から国境を防ぎ守る、「防衛(ボウエイ)」◆諸侯国名、; 生:◆う・まれる、それまでになかった新しいものが現れ出る、また新しいことが起こる◆い・きる、成長し活動できる状態で存在する、またその状態◆なま、現れ出た時のそのまま
kk_衣服_いふく,衣服,いふく,衣:◆身に纏(まと)う着物の総称、特に上半身に纏う着物、下半身に纏う着物は「裳」◆身に纏う◆包み込む、覆う◆ころも、部首名; 服:◆命令や指示に沿い合わせる、命令や指示に従う◆自分の考えにぴったりと収まる、納得する、納得して従う◆仕事や道具などが手に合う、馴染む、慣れる◆何時もと同じように,N2,on,on+on,A3_short_compound(on+on 71%),衣:◆身に纏(まと)う着物の総称、特に上半身に纏う着物、下半身に纏う着物は「裳」◆身に纏う◆包み込む、覆う◆ころも、部首名; 服:◆命令や指示に沿い合わせる、命令や指示に従う◆自分の考えにぴったりと収まる、納得する、納得して従う◆仕事や道具などが手に合う、馴染む、慣れる◆何時もと同じように
kk_衣食住_いしょくじゅう,衣食住,いしょくじゅう,衣:◆身に纏(まと)う着物の総称、特に上半身に纏う着物、下半身に纏う着物は「裳」◆身に纏う◆包み込む、覆う◆ころも、部首名; 食:◆(固形の食べ物を)口の中でよく噛んで胃に入れる、よく噛んで胃に入れるもの、噛まずに胃に入れるのは「飲」◆(生きていくために必要な食べ物を得るための)俸禄(ホウ; 住:◆同じ場所に長期間に亘(わた)って留(とど)まる◆場所を定めて生活する、またその居所(きょしょ、いどころ)◆動詞の後に置いて「同じ場所や状態に留(とど)まる、同,N2,on,on+on+on,A4_multi_on(on+on+on 65%),衣:◆身に纏(まと)う着物の総称、特に上半身に纏う着物、下半身に纏う着物は「裳」◆身に纏う◆包み込む、覆う◆ころも、部首名; 食:◆(固形の食べ物を)口の中でよく噛んで胃に入れる、よく噛んで胃に入れるもの、噛まずに胃に入れるのは「飲」◆(生きていくために必要な食べ物を得るための)俸禄(ホウ; 住:◆同じ場所に長期間に亘(わた)って留(とど)まる◆場所を定めて生活する、またその居所(きょしょ、いどころ)◆動詞の後に置いて「同じ場所や状態に留(とど)まる、同
kk_表紙_ひょうし,表紙,ひょうし,表:◆重ね着をする際に最も上(外側)に羽織(はお)る衣服、上着(うわぎ)、外衣(ガイイ)、本「𧘝」、同「𧞧」◆外側、外側に面した部分◆人の目に触れる、またその部分◆; 紙:◆植物などの繊維を抄(す)き薄く平らにしたもの、paper,N2,on,on+on,A3_short_compound(on+on 71%),表:◆重ね着をする際に最も上(外側)に羽織(はお)る衣服、上着(うわぎ)、外衣(ガイイ)、本「𧘝」、同「𧞧」◆外側、外側に面した部分◆人の目に触れる、またその部分◆; 紙:◆植物などの繊維を抄(す)き薄く平らにしたもの、paper
kk_被害_ひがい,被害,ひがい,被:◆布や衣を上から掛ける、また羽織る◆掛布団◆上から掛けて覆う◆(「被～」の形で受け身を表す語、「～」は動詞)～れる、～られる、～される、「被害(ヒガイ、害をこう; 害:◆状態を悪くする、損(そこ)なう、傷付ける、妨(さまた)げる、良好な状態とは逆の状態になる◆なぜ、どうして、どうして～しないのか、同「盍」,N2,on,on+on,A3_short_compound(on+on 71%) | B_noun_rad_宀(kun 93%),被:◆布や衣を上から掛ける、また羽織る◆掛布団◆上から掛けて覆う◆(「被～」の形で受け身を表す語、「～」は動詞)～れる、～られる、～される、「被害(ヒガイ、害をこう; 害:◆状態を悪くする、損(そこ)なう、傷付ける、妨(さまた)げる、良好な状態とは逆の状態になる◆なぜ、どうして、どうして～しないのか、同「盍」
kk_被～_ひ～,被～,ひ～,被:◆布や衣を上から掛ける、また羽織る◆掛布団◆上から掛けて覆う◆(「被～」の形で受け身を表す語、「～」は動詞)～れる、～られる、～される、「被害(ヒガイ、害をこう,N2,other,unknown,IL2_single_default(kun 84%),被:◆布や衣を上から掛ける、また羽織る◆掛布団◆上から掛けて覆う◆(「被～」の形で受け身を表す語、「～」は動詞)～れる、～られる、～される、「被害(ヒガイ、害をこう
kk_裁判_さいばん,裁判,さいばん,裁:◆形に合わせて布(ぬの)を断(た)つ、布を断ち衣服に仕立てる、同「製」「𧚶」◆断(た)つ、切る◆切って形を整える、同「財」◆型(かた)、形式、様式(ヨウシキ)◆; 判:◆二つに分ける、二つに分かれる、同「牉」◆(正否・是非・真偽などを)はっきりと区別する、見分ける、「判決(ハンケツ)」◆はっきりとした(する)さま、はっきりと区,N2,on,on+on,B_verb_rad_刀(kun 80%),裁:◆形に合わせて布(ぬの)を断(た)つ、布を断ち衣服に仕立てる、同「製」「𧚶」◆断(た)つ、切る◆切って形を整える、同「財」◆型(かた)、形式、様式(ヨウシキ)◆; 判:◆二つに分ける、二つに分かれる、同「牉」◆(正否・是非・真偽などを)はっきりと区別する、見分ける、「判決(ハンケツ)」◆はっきりとした(する)さま、はっきりと区
kk_裁縫_さいほう,裁縫,さいほう,裁:◆形に合わせて布(ぬの)を断(た)つ、布を断ち衣服に仕立てる、同「製」「𧚶」◆断(た)つ、切る◆切って形を整える、同「財」◆型(かた)、形式、様式(ヨウシキ)◆; 縫:◆布などを糸で繋ぎ合わせる◆繋ぎ合わせたところ、継(つ)ぎ目,N2,on,on+on,,裁:◆形に合わせて布(ぬの)を断(た)つ、布を断ち衣服に仕立てる、同「製」「𧚶」◆断(た)つ、切る◆切って形を整える、同「財」◆型(かた)、形式、様式(ヨウシキ)◆; 縫:◆布などを糸で繋ぎ合わせる◆繋ぎ合わせたところ、継(つ)ぎ目
kk_裂く_さく,裂く,さく,裂:◆きれ、裁断した後に残る布、端切れ(はぎれ)◆破(やぶ)ける、綻(ほころ)び破れる◆さ・く、二つに切り割(さ)く、裂け目が平滑ではないもの、同「列」,N2,kun,kun,IL1_okurigana(kun 96%) | IL2_single_okuri(kun 96%),裂:◆きれ、裁断した後に残る布、端切れ(はぎれ)◆破(やぶ)ける、綻(ほころ)び破れる◆さ・く、二つに切り割(さ)く、裂け目が平滑ではないもの、同「列」
kk_装置_そうち,装置,そうち,装:◆(包んだり覆ったりして)外側を飾る◆(衣服や装飾品などのような、上辺を繕うための)飾り◆(飾り付けをしたりして)外見を整える◆(衣服を纏ったり化粧をしたりして; 置:◆まっすぐに立てる、動かないように(傾いたり揺らいだり位置や状態が変わったりしないように)しっかりと据(す)える、同「寘」◆設(もう)ける、あるべきところに据え,N2,on,on+on,A3_short_compound(on+on 71%),装:◆(包んだり覆ったりして)外側を飾る◆(衣服や装飾品などのような、上辺を繕うための)飾り◆(飾り付けをしたりして)外見を整える◆(衣服を纏ったり化粧をしたりして; 置:◆まっすぐに立てる、動かないように(傾いたり揺らいだり位置や状態が変わったりしないように)しっかりと据(す)える、同「寘」◆設(もう)ける、あるべきところに据え
kk_装飾_そうしょく,装飾,そうしょく,装:◆(包んだり覆ったりして)外側を飾る◆(衣服や装飾品などのような、上辺を繕うための)飾り◆(飾り付けをしたりして)外見を整える◆(衣服を纏ったり化粧をしたりして; 飾:◆表面(人の目に触れるところ)の汚れや不要なものを取り去って、また粗削りなところに手を加えて、美しくする、「修飾(シュウショク)」◆上から覆(おお)って美しく見,N2,on,on+on,,装:◆(包んだり覆ったりして)外側を飾る◆(衣服や装飾品などのような、上辺を繕うための)飾り◆(飾り付けをしたりして)外見を整える◆(衣服を纏ったり化粧をしたりして; 飾:◆表面(人の目に触れるところ)の汚れや不要なものを取り去って、また粗削りなところに手を加えて、美しくする、「修飾(シュウショク)」◆上から覆(おお)って美しく見
kk_裏切る_うらぎる,裏切る,うらぎる,裏:◆衣服の内側の布、裏地(うらじ)◆内側、内部、簡「里」; 切:◆刃物などですっと断(た)つ、裁(た)つ、割(さ)く◆ぴったりとしたさま、隙(すき)がないさま、「親切(シンセツ)」◆近くまで迫(せま)る、差し迫る、「切近(セ,N2,other,mixed+mixed~,IL1_okurigana(kun 96%) | A1_compound_oku(kun 90%) | A1_on_kun_mix(on+kun 65%),裏:◆衣服の内側の布、裏地(うらじ)◆内側、内部、簡「里」; 切:◆刃物などですっと断(た)つ、裁(た)つ、割(さ)く◆ぴったりとしたさま、隙(すき)がないさま、「親切(シンセツ)」◆近くまで迫(せま)る、差し迫る、「切近(セ
kk_裏返す_うらがえす,裏返す,うらがえす,裏:◆衣服の内側の布、裏地(うらじ)◆内側、内部、簡「里」; 返:◆帰る、行った先から出発したところに戻る、同「𢓉」◆元に戻る、元に戻す◆[日]反対向きにする、反対向きになる,N2,other,mixed+mixed~,IL1_okurigana(kun 96%) | A1_compound_oku(kun 90%) | A1_on_kun_mix(on+kun 65%),裏:◆衣服の内側の布、裏地(うらじ)◆内側、内部、簡「里」; 返:◆帰る、行った先から出発したところに戻る、同「𢓉」◆元に戻る、元に戻す◆[日]反対向きにする、反対向きになる
kk_補う_おぎなう,補う,おぎなう,補:◆衣服の綻(ほころ)びを繕(つくろ)う◆割れ目や欠けたところや足りないところを埋める◆力を貸し支え助ける◆数の単位、10兆=1經、10經=1垓、10垓=1補,N2,kun,kun,IL1_okurigana(kun 96%) | IL2_single_okuri(kun 96%),補:◆衣服の綻(ほころ)びを繕(つくろ)う◆割れ目や欠けたところや足りないところを埋める◆力を貸し支え助ける◆数の単位、10兆=1經、10經=1垓、10垓=1補
kk_裾_すそ,裾,すそ,裾:◆丈の長い衣服の下に垂れる部分、帯よりも下の部分 ◆(裾のように広がったものの)下の部分、端の部分◆傲(おご)る、態度が尊大なさま、同「倨」,N2,kun,kun,IL2_single_default(kun 84%),裾:◆丈の長い衣服の下に垂れる部分、帯よりも下の部分 ◆(裾のように広がったものの)下の部分、端の部分◆傲(おご)る、態度が尊大なさま、同「倨」
kk_複写_ふくしゃ,複写,ふくしゃ,複:◆布を重ねて縫い上げた(裏地の付いた)衣服、袷(あわせ)、同「𧜰」◆重(かさ)なる、重ねる、同「𠣾」、同簡「复」; 写:◆別の場所に移(うつ)す、他に移す◆書く、描く、「墨や絵の具を紙などに移す」の意◆元になるものに倣(なら)って別のものに書く、或いは描く,N2,on,on+on,A3_short_compound(on+on 71%),複:◆布を重ねて縫い上げた(裏地の付いた)衣服、袷(あわせ)、同「𧜰」◆重(かさ)なる、重ねる、同「𠣾」、同簡「复」; 写:◆別の場所に移(うつ)す、他に移す◆書く、描く、「墨や絵の具を紙などに移す」の意◆元になるものに倣(なら)って別のものに書く、或いは描く
kk_複数_ふくすう,複数,ふくすう,複:◆布を重ねて縫い上げた(裏地の付いた)衣服、袷(あわせ)、同「𧜰」◆重(かさ)なる、重ねる、同「𠣾」、同簡「复」; 数:◆かず、同種のもの(繰り返されるもの)の多少を表す語◆かぞ・える、一つ二つ(一回二回)と計算する、またその多少◆細かい、煩(わずら)わしい◆しばしば、同じことを,N2,on,on+on,,複:◆布を重ねて縫い上げた(裏地の付いた)衣服、袷(あわせ)、同「𧜰」◆重(かさ)なる、重ねる、同「𠣾」、同簡「复」; 数:◆かず、同種のもの(繰り返されるもの)の多少を表す語◆かぞ・える、一つ二つ(一回二回)と計算する、またその多少◆細かい、煩(わずら)わしい◆しばしば、同じことを
kk_襟_えり,襟,えり,襟:◆衣服の体の前(胸元)を覆(おお)う部分、和服の前身頃(まえみごろ)に相当する部分の帯よりも上の部分、同「䘳」 ◆胸のうち、胸に抱(いだ)く思い◆「連襟(レンキ,N2,kun,kun,IL2_single_default(kun 84%),襟:◆衣服の体の前(胸元)を覆(おお)う部分、和服の前身頃(まえみごろ)に相当する部分の帯よりも上の部分、同「䘳」 ◆胸のうち、胸に抱(いだ)く思い◆「連襟(レンキ
kk_襤褸～_ぼろ～,襤褸～,ぼろ～,襤:◆縁(へり)が解(ほつ)れたり破れたりした衣服、ぼろ(襤褸)、同「藍」; 褸:◆衣服の襟(キン、和服の前身頃に当たる部分、特に胸を覆う部分)、衽(おくみ、着物の左右の幅にゆとりをもたせるため身頃に縫い足した部分)◆傷み綻(ほころ)んだ布ま,N2,on,on+on~,A3_short_compound(on+on 71%),襤:◆縁(へり)が解(ほつ)れたり破れたりした衣服、ぼろ(襤褸)、同「藍」; 褸:◆衣服の襟(キン、和服の前身頃に当たる部分、特に胸を覆う部分)、衽(おくみ、着物の左右の幅にゆとりをもたせるため身頃に縫い足した部分)◆傷み綻(ほころ)んだ布ま
kk_襲う_おそう,襲う,おそう,襲:◆かさね、外衣(ガイイ)、衣服の上に羽織る(重ねて着る)衣服、同「褶」◆重(かさ)ねる、同じように繰り返す、それまで通りにする、受け継ぐ、引き継ぐ、「襲用(シュ,N2,kun,kun,IL1_okurigana(kun 96%) | IL2_single_okuri(kun 96%),襲:◆かさね、外衣(ガイイ)、衣服の上に羽織る(重ねて着る)衣服、同「褶」◆重(かさ)ねる、同じように繰り返す、それまで通りにする、受け継ぐ、引き継ぐ、「襲用(シュ
kk_西暦_せいれき,西暦,せいれき,西:◆太陽が沈む方角・方向、またその方向に向く、またその方向に向かう、昇る方角を「東」◆中国から太陽が沈む方向の地域、欧州や米州; 暦:◆太陽・月・星の運行とその相互の(位置)関係を基に、月・日・季節を計算・予測すること、またその方法、「曆法(レキホウ)」◆(一年の)月・日・季節を記したもの、カ,N2,on,on+on,,西:◆太陽が沈む方角・方向、またその方向に向く、またその方向に向かう、昇る方角を「東」◆中国から太陽が沈む方向の地域、欧州や米州; 暦:◆太陽・月・星の運行とその相互の(位置)関係を基に、月・日・季節を計算・予測すること、またその方法、「曆法(レキホウ)」◆(一年の)月・日・季節を記したもの、カ
kk_要するに_ようするに,要するに,ようするに,要:◆(体の要かなめとなる)腰(こし)◆物事の中心となるところ、非常に大切なところ◆求める、強く乞(こ)う、「要求(ヨウキュウ)」「要請(ヨウセイ、請い求める、強く,N2,on,on,IL1_okurigana(kun 96%) | IL2_single_okuri(kun 96%),要:◆(体の要かなめとなる)腰(こし)◆物事の中心となるところ、非常に大切なところ◆求める、強く乞(こ)う、「要求(ヨウキュウ)」「要請(ヨウセイ、請い求める、強く
kk_要は_ようは,要は,ようは,要:◆(体の要かなめとなる)腰(こし)◆物事の中心となるところ、非常に大切なところ◆求める、強く乞(こ)う、「要求(ヨウキュウ)」「要請(ヨウセイ、請い求める、強く,N2,on,on,IL1_okurigana(kun 96%) | IL2_single_okuri(kun 96%),要:◆(体の要かなめとなる)腰(こし)◆物事の中心となるところ、非常に大切なところ◆求める、強く乞(こ)う、「要求(ヨウキュウ)」「要請(ヨウセイ、請い求める、強く
kk_要旨_ようし,要旨,ようし,要:◆(体の要かなめとなる)腰(こし)◆物事の中心となるところ、非常に大切なところ◆求める、強く乞(こ)う、「要求(ヨウキュウ)」「要請(ヨウセイ、請い求める、強く; 旨:◆うま・い、美味(おい)しい、甘(あま)く美味しい◆意図(イト)していること、意向(イコウ)、本意(ホンイ)◆天子や上位者の指示や命令、またその考えや意向,N2,on,on+on,A3_short_compound(on+on 71%),要:◆(体の要かなめとなる)腰(こし)◆物事の中心となるところ、非常に大切なところ◆求める、強く乞(こ)う、「要求(ヨウキュウ)」「要請(ヨウセイ、請い求める、強く; 旨:◆うま・い、美味(おい)しい、甘(あま)く美味しい◆意図(イト)していること、意向(イコウ)、本意(ホンイ)◆天子や上位者の指示や命令、またその考えや意向
kk_要望_ようぼう,要望,ようぼう,要:◆(体の要かなめとなる)腰(こし)◆物事の中心となるところ、非常に大切なところ◆求める、強く乞(こ)う、「要求(ヨウキュウ)」「要請(ヨウセイ、請い求める、強く; 望:◆待っている人や物事の到着をまだかまだかと待つ、期待する、そうなって欲しいと思う◆(待ち望む方を)見やる、遠くを見やる◆仰ぎ見る、他から仰ぎ見られる◆もち、陰暦,N2,on,on+on,,要:◆(体の要かなめとなる)腰(こし)◆物事の中心となるところ、非常に大切なところ◆求める、強く乞(こ)う、「要求(ヨウキュウ)」「要請(ヨウセイ、請い求める、強く; 望:◆待っている人や物事の到着をまだかまだかと待つ、期待する、そうなって欲しいと思う◆(待ち望む方を)見やる、遠くを見やる◆仰ぎ見る、他から仰ぎ見られる◆もち、陰暦
kk_要点_ようてん,要点,ようてん,要:◆(体の要かなめとなる)腰(こし)◆物事の中心となるところ、非常に大切なところ◆求める、強く乞(こ)う、「要求(ヨウキュウ)」「要請(ヨウセイ、請い求める、強く; 点:◆小さな(黒い)染(し)み・瑕(きず)・印(しるし)、またそのようなものを付ける、「汚点(オテン)」◆小さく狭く限られた場所・範囲・位置・事柄、「地点(チテン),N2,on,on+on,,要:◆(体の要かなめとなる)腰(こし)◆物事の中心となるところ、非常に大切なところ◆求める、強く乞(こ)う、「要求(ヨウキュウ)」「要請(ヨウセイ、請い求める、強く; 点:◆小さな(黒い)染(し)み・瑕(きず)・印(しるし)、またそのようなものを付ける、「汚点(オテン)」◆小さく狭く限られた場所・範囲・位置・事柄、「地点(チテン)
kk_要素_ようそ,要素,ようそ,要:◆(体の要かなめとなる)腰(こし)◆物事の中心となるところ、非常に大切なところ◆求める、強く乞(こ)う、「要求(ヨウキュウ)」「要請(ヨウセイ、請い求める、強く; 素:◆色を染める前の白い糸◆白い、無地の◆形は整えられているが、それ以上には手が加えられていない、本来の、元のままの、「素質(ソシツ)」◆飾らない、飾り気のない、「,N2,on,on+on,A3_short_compound(on+on 71%),要:◆(体の要かなめとなる)腰(こし)◆物事の中心となるところ、非常に大切なところ◆求める、強く乞(こ)う、「要求(ヨウキュウ)」「要請(ヨウセイ、請い求める、強く; 素:◆色を染める前の白い糸◆白い、無地の◆形は整えられているが、それ以上には手が加えられていない、本来の、元のままの、「素質(ソシツ)」◆飾らない、飾り気のない、「
kk_要領_ようりょう,要領,ようりょう,要:◆(体の要かなめとなる)腰(こし)◆物事の中心となるところ、非常に大切なところ◆求める、強く乞(こ)う、「要求(ヨウキュウ)」「要請(ヨウセイ、請い求める、強く; 領:◆項(うなじ)、頸(くび、頭と胴の間にあって頭を支える部分)の後ろ側(背側)◆首、頸(くび)◆衣服の首周りの縁(へり)の部分、首元で交差させるものは「交領(コウ,N2,on,on+on,,要:◆(体の要かなめとなる)腰(こし)◆物事の中心となるところ、非常に大切なところ◆求める、強く乞(こ)う、「要求(ヨウキュウ)」「要請(ヨウセイ、請い求める、強く; 領:◆項(うなじ)、頸(くび、頭と胴の間にあって頭を支える部分)の後ろ側(背側)◆首、頸(くび)◆衣服の首周りの縁(へり)の部分、首元で交差させるものは「交領(コウ
kk_見っとも無い_みっともない,見っとも無い,みっともない,見:◆目でものや状況を認識する、目に入る◆(見たものの)認識の仕方、考え◆人と顔を合わせる、対面する◆みる、部首名; 無:◆ない、存在しない、有(ゆう)していない◆～ではない、～であってはならない◆簡「无」,N2,kun,kun+kun~,IL1_okurigana(kun 96%) | A1_compound_oku(kun 90%) | A1_on_kun_mix(on+kun 65%),見:◆目でものや状況を認識する、目に入る◆(見たものの)認識の仕方、考え◆人と顔を合わせる、対面する◆みる、部首名; 無:◆ない、存在しない、有(ゆう)していない◆～ではない、～であってはならない◆簡「无」
kk_見事_みごと,見事,みごと,見:◆目でものや状況を認識する、目に入る◆(見たものの)認識の仕方、考え◆人と顔を合わせる、対面する◆みる、部首名; 事:◆こと、動作・現象・状態など形のないものを指す語、形のあるものは「物」、「事情(ジジョウ、ことの様子)」「無事(ブジ、何事もないさま)」◆職(ショク)、仕事や役,N2,other,mixed+mixed~,A3_short_compound(on+on 71%),見:◆目でものや状況を認識する、目に入る◆(見たものの)認識の仕方、考え◆人と顔を合わせる、対面する◆みる、部首名; 事:◆こと、動作・現象・状態など形のないものを指す語、形のあるものは「物」、「事情(ジジョウ、ことの様子)」「無事(ブジ、何事もないさま)」◆職(ショク)、仕事や役
kk_見出し_みだす,見出し,みだす,見:◆目でものや状況を認識する、目に入る◆(見たものの)認識の仕方、考え◆人と顔を合わせる、対面する◆みる、部首名; 出:◆範囲・領域・組織や区切り・境界の内(内側、内部、裏側、こちら側、私的なところ)から外(外側、外部、表側、向こう側、公のところ)に移る、また移す、外から内へ移る,N2,kun,kun+kun,IL1_okurigana(kun 96%) | A1_compound_oku(kun 90%) | A1_on_kun_mix(on+kun 65%),見:◆目でものや状況を認識する、目に入る◆(見たものの)認識の仕方、考え◆人と顔を合わせる、対面する◆みる、部首名; 出:◆範囲・領域・組織や区切り・境界の内(内側、内部、裏側、こちら側、私的なところ)から外(外側、外部、表側、向こう側、公のところ)に移る、また移す、外から内へ移る
kk_見分ける_みわける,見分ける,みわける,見:◆目でものや状況を認識する、目に入る◆(見たものの)認識の仕方、考え◆人と顔を合わせる、対面する◆みる、部首名; 分:◆一つに纏(まと)まっているものを幾つかに切り離す、また幾つかに仕切る(区切る)、「分割(ブンカツ)」、切り離したものを仕分けることを「別」◆一つの纏まりから一,N2,kun,kun+kun,IL1_okurigana(kun 96%) | A1_compound_oku(kun 90%) | A1_on_kun_mix(on+kun 65%),見:◆目でものや状況を認識する、目に入る◆(見たものの)認識の仕方、考え◆人と顔を合わせる、対面する◆みる、部首名; 分:◆一つに纏(まと)まっているものを幾つかに切り離す、また幾つかに仕切る(区切る)、「分割(ブンカツ)」、切り離したものを仕分けることを「別」◆一つの纏まりから一
kk_見回す_みまわす,見回す,みまわす,見:◆目でものや状況を認識する、目に入る◆(見たものの)認識の仕方、考え◆人と顔を合わせる、対面する◆みる、部首名; 回:◆円を描(えが)くように動く、一周して(一巡して)元に戻る、同「廻」「迴」、「回復(カイフク)」「回帰(カイキ)」◆元に戻す、元に返す、「回答(カイトウ)」◆(,N2,kun,kun+kun,IL1_okurigana(kun 96%) | A1_compound_oku(kun 90%) | A1_on_kun_mix(on+kun 65%),見:◆目でものや状況を認識する、目に入る◆(見たものの)認識の仕方、考え◆人と顔を合わせる、対面する◆みる、部首名; 回:◆円を描(えが)くように動く、一周して(一巡して)元に戻る、同「廻」「迴」、「回復(カイフク)」「回帰(カイキ)」◆元に戻す、元に返す、「回答(カイトウ)」◆(
kk_見回る_みまわる,見回る,みまわる,見:◆目でものや状況を認識する、目に入る◆(見たものの)認識の仕方、考え◆人と顔を合わせる、対面する◆みる、部首名; 回:◆円を描(えが)くように動く、一周して(一巡して)元に戻る、同「廻」「迴」、「回復(カイフク)」「回帰(カイキ)」◆元に戻す、元に返す、「回答(カイトウ)」◆(,N2,kun,kun+kun,IL1_okurigana(kun 96%) | A1_compound_oku(kun 90%) | A1_on_kun_mix(on+kun 65%),見:◆目でものや状況を認識する、目に入る◆(見たものの)認識の仕方、考え◆人と顔を合わせる、対面する◆みる、部首名; 回:◆円を描(えが)くように動く、一周して(一巡して)元に戻る、同「廻」「迴」、「回復(カイフク)」「回帰(カイキ)」◆元に戻す、元に返す、「回答(カイトウ)」◆(
kk_見守る_みまもる,見守る,みまもる,見:◆目でものや状況を認識する、目に入る◆(見たものの)認識の仕方、考え◆人と顔を合わせる、対面する◆みる、部首名; 守:◆古代の官名、同「𡬮」、「太守(タイシュ、郡や府の長官、地方の長官)」◆同じ状態に保(たも)つ、「守備(シュビ、備え守る)」◆(異変がないかを)見張る、番(バン,N2,kun,kun+kun,IL1_okurigana(kun 96%) | A1_compound_oku(kun 90%) | A1_on_kun_mix(on+kun 65%),見:◆目でものや状況を認識する、目に入る◆(見たものの)認識の仕方、考え◆人と顔を合わせる、対面する◆みる、部首名; 守:◆古代の官名、同「𡬮」、「太守(タイシュ、郡や府の長官、地方の長官)」◆同じ状態に保(たも)つ、「守備(シュビ、備え守る)」◆(異変がないかを)見張る、番(バン
kk_見当_けんとう,見当,けんとう,見:◆目でものや状況を認識する、目に入る◆(見たものの)認識の仕方、考え◆人と顔を合わせる、対面する◆みる、部首名; 当:◆正面からぶつかる、正面から向き合う、相対する、同「噹」◆適合する、相応しい◆受け持つ、引き受ける◆そうするべき、そうあるべき◆この(this)、今、此処(ここ,N2,on,on+on,,見:◆目でものや状況を認識する、目に入る◆(見たものの)認識の仕方、考え◆人と顔を合わせる、対面する◆みる、部首名; 当:◆正面からぶつかる、正面から向き合う、相対する、同「噹」◆適合する、相応しい◆受け持つ、引き受ける◆そうするべき、そうあるべき◆この(this)、今、此処(ここ
kk_見慣れる_みなれる,見慣れる,みなれる,見:◆目でものや状況を認識する、目に入る◆(見たものの)認識の仕方、考え◆人と顔を合わせる、対面する◆みる、部首名; 慣:◆何度も繰り返す、何度も繰り返すことによって身に付ける、同「習」「摜」◆なら・わし、繰り返されることで身に付いたこと、普段から繰り返し行われること、同「習」,N2,kun,kun+kun,IL1_okurigana(kun 96%) | A1_compound_oku(kun 90%) | A1_on_kun_mix(on+kun 65%),見:◆目でものや状況を認識する、目に入る◆(見たものの)認識の仕方、考え◆人と顔を合わせる、対面する◆みる、部首名; 慣:◆何度も繰り返す、何度も繰り返すことによって身に付ける、同「習」「摜」◆なら・わし、繰り返されることで身に付いたこと、普段から繰り返し行われること、同「習」
kk_見抜く_みぬく,見抜く,みぬく,見:◆目でものや状況を認識する、目に入る◆(見たものの)認識の仕方、考え◆人と顔を合わせる、対面する◆みる、部首名; 抜:◆多くの中で一部だけが見えているところを掴んで引っ張り出す◆多くの中から必要なもの或いは不必要なものを選んで取り出す◆多くの中でそこだけ(それだけ)が突き出てい,N2,kun,kun+kun,IL1_okurigana(kun 96%) | A1_compound_oku(kun 90%) | A1_on_kun_mix(on+kun 65%),見:◆目でものや状況を認識する、目に入る◆(見たものの)認識の仕方、考え◆人と顔を合わせる、対面する◆みる、部首名; 抜:◆多くの中で一部だけが見えているところを掴んで引っ張り出す◆多くの中から必要なもの或いは不必要なものを選んで取り出す◆多くの中でそこだけ(それだけ)が突き出てい
kk_見捨てる_みすてる,見捨てる,みすてる,見:◆目でものや状況を認識する、目に入る◆(見たものの)認識の仕方、考え◆人と顔を合わせる、対面する◆みる、部首名; 捨:◆手放(てばな)す、棄(す)てる、握った手を解(と)いて手の中のものを放(ほう)る、同簡「舍」◆財物などを他に与える、施(ほどこ)す、「喜捨(キシャ)」「施捨(,N2,kun,kun+kun,IL1_okurigana(kun 96%) | A1_compound_oku(kun 90%) | A1_on_kun_mix(on+kun 65%),見:◆目でものや状況を認識する、目に入る◆(見たものの)認識の仕方、考え◆人と顔を合わせる、対面する◆みる、部首名; 捨:◆手放(てばな)す、棄(す)てる、握った手を解(と)いて手の中のものを放(ほう)る、同簡「舍」◆財物などを他に与える、施(ほどこ)す、「喜捨(キシャ)」「施捨(
kk_見本_みほん,見本,みほん,見:◆目でものや状況を認識する、目に入る◆(見たものの)認識の仕方、考え◆人と顔を合わせる、対面する◆みる、部首名; 本:◆木の根(ね)◆植物や物事の生まれ始まりの部分、ものの根源また起源、「本来(ホンライ、元々、初めから)」◆ものを支えているもの、基(もと)となるもの、拠(よ)り,N2,mixed,kun+on~,A3_short_compound(on+on 71%) | B_noun_rad_木(kun 93%),見:◆目でものや状況を認識する、目に入る◆(見たものの)認識の仕方、考え◆人と顔を合わせる、対面する◆みる、部首名; 本:◆木の根(ね)◆植物や物事の生まれ始まりの部分、ものの根源また起源、「本来(ホンライ、元々、初めから)」◆ものを支えているもの、基(もと)となるもの、拠(よ)り
kk_見渡す_みわたす,見渡す,みわたす,見:◆目でものや状況を認識する、目に入る◆(見たものの)認識の仕方、考え◆人と顔を合わせる、対面する◆みる、部首名; 渡:◆川や海などの水で隔(へだ)てられた対岸に行く、越えて行く、「渡河(トカ)」「渡江(トコウ)」「渡水(トスイ)」◆船着き場、対岸に人や物を運ぶ船が発着するところ,N2,kun,kun+kun,IL1_okurigana(kun 96%) | A1_compound_oku(kun 90%) | A1_on_kun_mix(on+kun 65%),見:◆目でものや状況を認識する、目に入る◆(見たものの)認識の仕方、考え◆人と顔を合わせる、対面する◆みる、部首名; 渡:◆川や海などの水で隔(へだ)てられた対岸に行く、越えて行く、「渡河(トカ)」「渡江(トコウ)」「渡水(トスイ)」◆船着き場、対岸に人や物を運ぶ船が発着するところ
kk_見渡す限り_みわたすかぎり,見渡す限り,みわたすかぎり,見:◆目でものや状況を認識する、目に入る◆(見たものの)認識の仕方、考え◆人と顔を合わせる、対面する◆みる、部首名; 渡:◆川や海などの水で隔(へだ)てられた対岸に行く、越えて行く、「渡河(トカ)」「渡江(トコウ)」「渡水(トスイ)」◆船着き場、対岸に人や物を運ぶ船が発着するところ; 限:◆内と外との区切り、境界、「限界(ゲンカイ)」◆境界や範囲の内側、定めた区切り以内、またその内に収める、「限度(ゲンド)」「限定(ゲンテイ)」◆門の地上部に渡し,N2,kun,kun+kun+kun~,IL1_okurigana(kun 96%) | A1_compound_oku(kun 90%) | A1_on_kun_mix(on+kun 65%),見:◆目でものや状況を認識する、目に入る◆(見たものの)認識の仕方、考え◆人と顔を合わせる、対面する◆みる、部首名; 渡:◆川や海などの水で隔(へだ)てられた対岸に行く、越えて行く、「渡河(トカ)」「渡江(トコウ)」「渡水(トスイ)」◆船着き場、対岸に人や物を運ぶ船が発着するところ; 限:◆内と外との区切り、境界、「限界(ゲンカイ)」◆境界や範囲の内側、定めた区切り以内、またその内に収める、「限度(ゲンド)」「限定(ゲンテイ)」◆門の地上部に渡し
kk_見積もり_みつもり,見積もり,みつもり,見:◆目でものや状況を認識する、目に入る◆(見たものの)認識の仕方、考え◆人と顔を合わせる、対面する◆みる、部首名; 積:◆(刈り取った穀物を)集めて次々に重ねて行く、上へ上へと重ねて行く◆堆(うずたか)く蓄(たくわ)える、貯(た)める◆数学で掛け算の結果◆「疳積(カンシャク)」、,N2,kun,kun+kun,IL1_okurigana(kun 96%) | A1_compound_oku(kun 90%) | A1_on_kun_mix(on+kun 65%),見:◆目でものや状況を認識する、目に入る◆(見たものの)認識の仕方、考え◆人と顔を合わせる、対面する◆みる、部首名; 積:◆(刈り取った穀物を)集めて次々に重ねて行く、上へ上へと重ねて行く◆堆(うずたか)く蓄(たくわ)える、貯(た)める◆数学で掛け算の結果◆「疳積(カンシャク)」、
kk_見覚え_みおぼえ,見覚え,みおぼえ,見:◆目でものや状況を認識する、目に入る◆(見たものの)認識の仕方、考え◆人と顔を合わせる、対面する◆みる、部首名; 覚:◆目を醒(さ)ます、眠りから醒める、正常な認識や判断ができない状態から抜け出る◆迷いや暗がりから抜け出る、明るみに出る◆辺りの状況が意識・認識できるようになる、,N2,kun,kun+kun,IL1_okurigana(kun 96%) | A1_compound_oku(kun 90%) | A1_on_kun_mix(on+kun 65%),見:◆目でものや状況を認識する、目に入る◆(見たものの)認識の仕方、考え◆人と顔を合わせる、対面する◆みる、部首名; 覚:◆目を醒(さ)ます、眠りから醒める、正常な認識や判断ができない状態から抜け出る◆迷いや暗がりから抜け出る、明るみに出る◆辺りの状況が意識・認識できるようになる、
kk_見解_げんかい,見解,げんかい,見:◆目でものや状況を認識する、目に入る◆(見たものの)認識の仕方、考え◆人と顔を合わせる、対面する◆みる、部首名; 解:◆一つになっているもの(固まっているもの)をばらばらにする、また柔らかくする、また融(と)かす、また和(やわ)らげる、「解散(カイサン)」「分解(ブンカイ)」◆,N2,on,on+on,,見:◆目でものや状況を認識する、目に入る◆(見たものの)認識の仕方、考え◆人と顔を合わせる、対面する◆みる、部首名; 解:◆一つになっているもの(固まっているもの)をばらばらにする、また柔らかくする、また融(と)かす、また和(やわ)らげる、「解散(カイサン)」「分解(ブンカイ)」◆
kk_見違える_みちがえる,見違える,みちがえる,見:◆目でものや状況を認識する、目に入る◆(見たものの)認識の仕方、考え◆人と顔を合わせる、対面する◆みる、部首名; 違:◆背(せ)を向ける、背を向け去る、背(そむ)く◆あるべき形や様子と異なる、また反している、また合っていない◆守るべきものを守らない、従(したが)わない,N2,kun,kun+kun,IL1_okurigana(kun 96%) | A1_compound_oku(kun 90%) | A1_on_kun_mix(on+kun 65%),見:◆目でものや状況を認識する、目に入る◆(見たものの)認識の仕方、考え◆人と顔を合わせる、対面する◆みる、部首名; 違:◆背(せ)を向ける、背を向け去る、背(そむ)く◆あるべき形や様子と異なる、また反している、また合っていない◆守るべきものを守らない、従(したが)わない
kk_規律_きりつ,規律,きりつ,規:◆ぶんまわし(規)、コンパスcompass、正しく円を描く道具、直線や角度を描く道具は「矩」◆基準・標準となるもの、基準・標準とすべき決まりごと◆基準・標準とな; 律:◆音楽の十二の階調のうち陽の音、六音があり「六律(ロクリツ)」という、また陰の「六呂(ロクリョ)」と合わせて「十二律呂(ジュウニリツリョ)」「律呂(リツリョ)」,N2,on,on+on,A3_short_compound(on+on 71%),規:◆ぶんまわし(規)、コンパスcompass、正しく円を描く道具、直線や角度を描く道具は「矩」◆基準・標準となるもの、基準・標準とすべき決まりごと◆基準・標準とな; 律:◆音楽の十二の階調のうち陽の音、六音があり「六律(ロクリツ)」という、また陰の「六呂(ロクリョ)」と合わせて「十二律呂(ジュウニリツリョ)」「律呂(リツリョ)」
kk_視線_しせん,視線,しせん,視:◆(自然に目に入ってきたものではなく、見ようとするものに視線を向けて)見る、よく見る、注意深く見る、よく比べながら見る◆見守る、見守り世話する◆示(しめ)す、は; 線:◆糸や紐(ひも)、糸や紐のように細く長いもの、同「綫」「絤」「𦇫」「綖」◆糸や紐のように途切れずに長く延びているもの、二つの点と点を結ぶもの、またその形状や状態,N2,on,on+on,A3_short_compound(on+on 71%),視:◆(自然に目に入ってきたものではなく、見ようとするものに視線を向けて)見る、よく見る、注意深く見る、よく比べながら見る◆見守る、見守り世話する◆示(しめ)す、は; 線:◆糸や紐(ひも)、糸や紐のように細く長いもの、同「綫」「絤」「𦇫」「綖」◆糸や紐のように途切れずに長く延びているもの、二つの点と点を結ぶもの、またその形状や状態
kk_視聴_しちょう,視聴,しちょう,視:◆(自然に目に入ってきたものではなく、見ようとするものに視線を向けて)見る、よく見る、注意深く見る、よく比べながら見る◆見守る、見守り世話する◆示(しめ)す、は; 聴:◆耳を傾けて言わんとするところをしっかりと聞く◆聞いたことを受け入れる、聞き入れる◆聞き入れてその通りにさせる、思い通りにさせる,N2,on,on+on,A3_short_compound(on+on 71%),視:◆(自然に目に入ってきたものではなく、見ようとするものに視線を向けて)見る、よく見る、注意深く見る、よく比べながら見る◆見守る、見守り世話する◆示(しめ)す、は; 聴:◆耳を傾けて言わんとするところをしっかりと聞く◆聞いたことを受け入れる、聞き入れる◆聞き入れてその通りにさせる、思い通りにさせる
kk_覗く_のぞく,覗く,のぞく,覗:◆小さい孔や隙間を通して見る、同「伺」「𥄶」,N2,kun,kun,IL1_okurigana(kun 96%) | IL2_single_okuri(kun 96%),覗:◆小さい孔や隙間を通して見る、同「伺」「𥄶」
kk_覚める_さめる,覚める,さめる,覚:◆目を醒(さ)ます、眠りから醒める、正常な認識や判断ができない状態から抜け出る◆迷いや暗がりから抜け出る、明るみに出る◆辺りの状況が意識・認識できるようになる、,N2,kun,kun,IL1_okurigana(kun 96%) | IL2_single_okuri(kun 96%),覚:◆目を醒(さ)ます、眠りから醒める、正常な認識や判断ができない状態から抜け出る◆迷いや暗がりから抜け出る、明るみに出る◆辺りの状況が意識・認識できるようになる、
kk_親族_しんぞく,親族,しんぞく,親:◆身近にいる、近しい◆関係が近い、関係が深い◆父母◆血縁・婚姻関係にある人◆深く付き合う、気兼ねなく接することができる、気の置けない◆自ら、自分で; 族:◆同じ祖先(同じ姓、同じ起源)を持つ者の集まり、「種族(シュゾク)」「家族(カゾク)」◆共通のもの(思考や思想、言語、性格や性質など)を持つものの集まり、同「類,N2,on,on+on,,親:◆身近にいる、近しい◆関係が近い、関係が深い◆父母◆血縁・婚姻関係にある人◆深く付き合う、気兼ねなく接することができる、気の置けない◆自ら、自分で; 族:◆同じ祖先(同じ姓、同じ起源)を持つ者の集まり、「種族(シュゾク)」「家族(カゾク)」◆共通のもの(思考や思想、言語、性格や性質など)を持つものの集まり、同「類
kk_観客_かんきゃく,観客,かんきゃく,観:◆隅々までしっかりと見る、余すところなく見尽くす、「觀察(カンサツ、細部まで詳しく見て調べる)」、「【說文解字注:見部:觀】諦視也(宷諦之視也穀梁傳曰常事曰視非; 客:◆他からやって来て他人の家・宿舎・旅館・店などに立ち寄る人、また身を寄せる人、主(あるじ)が自らの家などに受け入れた人、招いた人かどうかは問わない◆退く、過ぎ去,N2,on,on+on,B_noun_rad_宀(kun 93%),観:◆隅々までしっかりと見る、余すところなく見尽くす、「觀察(カンサツ、細部まで詳しく見て調べる)」、「【說文解字注:見部:觀】諦視也(宷諦之視也穀梁傳曰常事曰視非; 客:◆他からやって来て他人の家・宿舎・旅館・店などに立ち寄る人、また身を寄せる人、主(あるじ)が自らの家などに受け入れた人、招いた人かどうかは問わない◆退く、過ぎ去
kk_観念_かんねん,観念,かんねん,観:◆隅々までしっかりと見る、余すところなく見尽くす、「觀察(カンサツ、細部まで詳しく見て調べる)」、「【說文解字注:見部:觀】諦視也(宷諦之視也穀梁傳曰常事曰視非; 念:◆常に心に留めて思い考える、心の中に留まり去らない思いや考え◆口をほとんど閉じた状態で低い声を長く伸ばして読む◆二十、「廿」の大写字(「二」は「貳」、「三」は「,N2,on,on+on,,観:◆隅々までしっかりと見る、余すところなく見尽くす、「觀察(カンサツ、細部まで詳しく見て調べる)」、「【說文解字注:見部:觀】諦視也(宷諦之視也穀梁傳曰常事曰視非; 念:◆常に心に留めて思い考える、心の中に留まり去らない思いや考え◆口をほとんど閉じた状態で低い声を長く伸ばして読む◆二十、「廿」の大写字(「二」は「貳」、「三」は「
kk_観測_かんそく,観測,かんそく,観:◆隅々までしっかりと見る、余すところなく見尽くす、「觀察(カンサツ、細部まで詳しく見て調べる)」、「【說文解字注:見部:觀】諦視也(宷諦之視也穀梁傳曰常事曰視非; 測:◆物差(ものさし)や基準となるものを基(もと)にして深さ・高さ・長さなどの度合い(長短)を調べる、「測量(ソクリョウ)」◆経験や知識などを基に見当をつける、推(,N2,on,on+on,,観:◆隅々までしっかりと見る、余すところなく見尽くす、「觀察(カンサツ、細部まで詳しく見て調べる)」、「【說文解字注:見部:觀】諦視也(宷諦之視也穀梁傳曰常事曰視非; 測:◆物差(ものさし)や基準となるものを基(もと)にして深さ・高さ・長さなどの度合い(長短)を調べる、「測量(ソクリョウ)」◆経験や知識などを基に見当をつける、推(
kk_観衆_かんしゅう,観衆,かんしゅう,観:◆隅々までしっかりと見る、余すところなく見尽くす、「觀察(カンサツ、細部まで詳しく見て調べる)」、「【說文解字注:見部:觀】諦視也(宷諦之視也穀梁傳曰常事曰視非; 衆:◆大勢の人、多くの人、同「乑」「𧰨」◆一般の人、「【後漢書:卷七十九:王充王符仲長統列傳】…然則寡者爲人上者也衆者爲人下者也…」◆大勢の、たくさんの、多い,N2,on,on+on,,観:◆隅々までしっかりと見る、余すところなく見尽くす、「觀察(カンサツ、細部まで詳しく見て調べる)」、「【說文解字注:見部:觀】諦視也(宷諦之視也穀梁傳曰常事曰視非; 衆:◆大勢の人、多くの人、同「乑」「𧰨」◆一般の人、「【後漢書:卷七十九:王充王符仲長統列傳】…然則寡者爲人上者也衆者爲人下者也…」◆大勢の、たくさんの、多い
kk_解散_かいさん,解散,かいさん,解:◆一つになっているもの(固まっているもの)をばらばらにする、また柔らかくする、また融(と)かす、また和(やわ)らげる、「解散(カイサン)」「分解(ブンカイ)」◆; 散:◆分け離す、固まっていたり纏(まと)まっていたりしたものをばらばらにする、同「㪔」◆束縛する力がなくなってばらばらになる、ばらばらになってあちこちに広がる◆あち,N2,on,on+on,,解:◆一つになっているもの(固まっているもの)をばらばらにする、また柔らかくする、また融(と)かす、また和(やわ)らげる、「解散(カイサン)」「分解(ブンカイ)」◆; 散:◆分け離す、固まっていたり纏(まと)まっていたりしたものをばらばらにする、同「㪔」◆束縛する力がなくなってばらばらになる、ばらばらになってあちこちに広がる◆あち
kk_解明_かいめい,解明,かいめい,解:◆一つになっているもの(固まっているもの)をばらばらにする、また柔らかくする、また融(と)かす、また和(やわ)らげる、「解散(カイサン)」「分解(ブンカイ)」◆; 明:◆(太陽や月の)光が差す、光が当たる、光を当てる◆光が当たってはっきりと見える(分かる)、誰の目にもはっきりとしている、はっきりとさせる◆隠されたところ(陰にな,N2,on,on+on,,解:◆一つになっているもの(固まっているもの)をばらばらにする、また柔らかくする、また融(と)かす、また和(やわ)らげる、「解散(カイサン)」「分解(ブンカイ)」◆; 明:◆(太陽や月の)光が差す、光が当たる、光を当てる◆光が当たってはっきりと見える(分かる)、誰の目にもはっきりとしている、はっきりとさせる◆隠されたところ(陰にな
kk_解消_かいしょう,解消,かいしょう,解:◆一つになっているもの(固まっているもの)をばらばらにする、また柔らかくする、また融(と)かす、また和(やわ)らげる、「解散(カイサン)」「分解(ブンカイ)」◆; 消:◆減る、少しずつ小さくなる、また少なくなる、また細くなる、またそのようにする◆次第に小さく(細く)なってやがて姿が見えなくなる、なくなる、後に何も残らない、また,N2,on,on+on,,解:◆一つになっているもの(固まっているもの)をばらばらにする、また柔らかくする、また融(と)かす、また和(やわ)らげる、「解散(カイサン)」「分解(ブンカイ)」◆; 消:◆減る、少しずつ小さくなる、また少なくなる、また細くなる、またそのようにする◆次第に小さく(細く)なってやがて姿が見えなくなる、なくなる、後に何も残らない、また
kk_解釈_かいしゃく,解釈,かいしゃく,解:◆一つになっているもの(固まっているもの)をばらばらにする、また柔らかくする、また融(と)かす、また和(やわ)らげる、「解散(カイサン)」「分解(ブンカイ)」◆; 釈:◆解(と)く、縛られ固定されているものの縛りを解く、締め付けていたものを外して解き放つ◆固まって動かなかったものが解(ほぐ)れて動くようになる、氷解(ヒョウカイ,N2,on,on+on,,解:◆一つになっているもの(固まっているもの)をばらばらにする、また柔らかくする、また融(と)かす、また和(やわ)らげる、「解散(カイサン)」「分解(ブンカイ)」◆; 釈:◆解(と)く、縛られ固定されているものの縛りを解く、締め付けていたものを外して解き放つ◆固まって動かなかったものが解(ほぐ)れて動くようになる、氷解(ヒョウカイ
kk_解雇_かいこ,解雇,かいこ,解:◆一つになっているもの(固まっているもの)をばらばらにする、また柔らかくする、また融(と)かす、また和(やわ)らげる、「解散(カイサン)」「分解(ブンカイ)」◆; 雇:◆賃金を支払って人を使う、同「傭」「僱」◆金を払って物や力を借りる◆渡り鳥、候鳥(コウチョウ)、時候の変化を感じ取ったり農作業などの目安としたりする鳥、同「鳸」,N2,on,on+on,A3_short_compound(on+on 71%),解:◆一つになっているもの(固まっているもの)をばらばらにする、また柔らかくする、また融(と)かす、また和(やわ)らげる、「解散(カイサン)」「分解(ブンカイ)」◆; 雇:◆賃金を支払って人を使う、同「傭」「僱」◆金を払って物や力を借りる◆渡り鳥、候鳥(コウチョウ)、時候の変化を感じ取ったり農作業などの目安としたりする鳥、同「鳸」
kk_言い付ける_いいつける,言い付ける,いいつける,言:◆相手に伝えたいことを声に出してはっきりと述べる、またその内容、またそのための語(ゴ、互いに意思の疎通を図るための言葉)◆字(ジ)、文字◆我(われ)、自分を指す; 付:◆手ずから授(さず)ける、直接手を取って与える、同「仅」◆渡し与える、渡して任せる、委(ゆだ)ねる◆[日]他のものに加える、また添える、また足す、同「附」,N2,kun,kun+kun~,IL1_okurigana(kun 96%) | A1_compound_oku(kun 90%) | A1_on_kun_mix(on+kun 65%),言:◆相手に伝えたいことを声に出してはっきりと述べる、またその内容、またそのための語(ゴ、互いに意思の疎通を図るための言葉)◆字(ジ)、文字◆我(われ)、自分を指す; 付:◆手ずから授(さず)ける、直接手を取って与える、同「仅」◆渡し与える、渡して任せる、委(ゆだ)ねる◆[日]他のものに加える、また添える、また足す、同「附」
kk_言い伝える_いいつたえる,言い伝える,いいつたえる,言:◆相手に伝えたいことを声に出してはっきりと述べる、またその内容、またそのための語(ゴ、互いに意思の疎通を図るための言葉)◆字(ジ)、文字◆我(われ)、自分を指す; 伝:◆「伝伝(ウンウン)」、雲のように留(とど)まることなく漂い行くさま、「【白虎通義:卷八:情性】魂魄者何謂魂猶伝伝也行不休於外也主於情…」◆[日]同「傳」,N2,kun,kun+kun~,IL1_okurigana(kun 96%) | A1_compound_oku(kun 90%) | A1_on_kun_mix(on+kun 65%),言:◆相手に伝えたいことを声に出してはっきりと述べる、またその内容、またそのための語(ゴ、互いに意思の疎通を図るための言葉)◆字(ジ)、文字◆我(われ)、自分を指す; 伝:◆「伝伝(ウンウン)」、雲のように留(とど)まることなく漂い行くさま、「【白虎通義:卷八:情性】魂魄者何謂魂猶伝伝也行不休於外也主於情…」◆[日]同「傳」
kk_言い分_いいぶん,言い分,いいぶん,言:◆相手に伝えたいことを声に出してはっきりと述べる、またその内容、またそのための語(ゴ、互いに意思の疎通を図るための言葉)◆字(ジ)、文字◆我(われ)、自分を指す; 分:◆一つに纏(まと)まっているものを幾つかに切り離す、また幾つかに仕切る(区切る)、「分割(ブンカツ)」、切り離したものを仕分けることを「別」◆一つの纏まりから一,N2,mixed,kun+on~,IL1_okurigana(kun 96%) | A1_compound_oku(kun 90%) | A1_on_kun_mix(on+kun 65%),言:◆相手に伝えたいことを声に出してはっきりと述べる、またその内容、またそのための語(ゴ、互いに意思の疎通を図るための言葉)◆字(ジ)、文字◆我(われ)、自分を指す; 分:◆一つに纏(まと)まっているものを幾つかに切り離す、また幾つかに仕切る(区切る)、「分割(ブンカツ)」、切り離したものを仕分けることを「別」◆一つの纏まりから一
kk_言い合う_いいあう,言い合う,いいあう,言:◆相手に伝えたいことを声に出してはっきりと述べる、またその内容、またそのための語(ゴ、互いに意思の疎通を図るための言葉)◆字(ジ)、文字◆我(われ)、自分を指す; 合:◆人や物が集まって一緒になる、また一つになる◆幾つかのものを集め一緒にする、幾つかのものが集まり同じになる◆同じものを纏(まと)めた全体◆ぴったりと一致する、当,N2,kun,kun+kun~,IL1_okurigana(kun 96%) | A1_compound_oku(kun 90%) | A1_on_kun_mix(on+kun 65%),言:◆相手に伝えたいことを声に出してはっきりと述べる、またその内容、またそのための語(ゴ、互いに意思の疎通を図るための言葉)◆字(ジ)、文字◆我(われ)、自分を指す; 合:◆人や物が集まって一緒になる、また一つになる◆幾つかのものを集め一緒にする、幾つかのものが集まり同じになる◆同じものを纏(まと)めた全体◆ぴったりと一致する、当
kk_言い表す_いいあらわす,言い表す,いいあらわす,言:◆相手に伝えたいことを声に出してはっきりと述べる、またその内容、またそのための語(ゴ、互いに意思の疎通を図るための言葉)◆字(ジ)、文字◆我(われ)、自分を指す; 表:◆重ね着をする際に最も上(外側)に羽織(はお)る衣服、上着(うわぎ)、外衣(ガイイ)、本「𧘝」、同「𧞧」◆外側、外側に面した部分◆人の目に触れる、またその部分◆,N2,kun,kun+kun~,IL1_okurigana(kun 96%) | A1_compound_oku(kun 90%) | A1_on_kun_mix(on+kun 65%),言:◆相手に伝えたいことを声に出してはっきりと述べる、またその内容、またそのための語(ゴ、互いに意思の疎通を図るための言葉)◆字(ジ)、文字◆我(われ)、自分を指す; 表:◆重ね着をする際に最も上(外側)に羽織(はお)る衣服、上着(うわぎ)、外衣(ガイイ)、本「𧘝」、同「𧞧」◆外側、外側に面した部分◆人の目に触れる、またその部分◆
kk_言い訳_いいわけ,言い訳,いいわけ,言:◆相手に伝えたいことを声に出してはっきりと述べる、またその内容、またそのための語(ゴ、互いに意思の疎通を図るための言葉)◆字(ジ)、文字◆我(われ)、自分を指す; 訳:◆言葉・文章や文字を、意味が通じるように(理解できるように、分かりやすいように)他の(別の)言葉・文章や文字に置き換える(言い換える)、またそれができる人(通訳,N2,kun,kun+kun~,IL1_okurigana(kun 96%) | A1_compound_oku(kun 90%) | A1_on_kun_mix(on+kun 65%),言:◆相手に伝えたいことを声に出してはっきりと述べる、またその内容、またそのための語(ゴ、互いに意思の疎通を図るための言葉)◆字(ジ)、文字◆我(われ)、自分を指す; 訳:◆言葉・文章や文字を、意味が通じるように(理解できるように、分かりやすいように)他の(別の)言葉・文章や文字に置き換える(言い換える)、またそれができる人(通訳
kk_言わば_いわば,言わば,いわば,言:◆相手に伝えたいことを声に出してはっきりと述べる、またその内容、またそのための語(ゴ、互いに意思の疎通を図るための言葉)◆字(ジ)、文字◆我(われ)、自分を指す,N2,kun,kun,IL1_okurigana(kun 96%) | IL2_single_okuri(kun 96%) | B_verb_rad_言(kun 80%),言:◆相手に伝えたいことを声に出してはっきりと述べる、またその内容、またそのための語(ゴ、互いに意思の疎通を図るための言葉)◆字(ジ)、文字◆我(われ)、自分を指す
kk_言付ける_ことづける,言付ける,ことづける,言:◆相手に伝えたいことを声に出してはっきりと述べる、またその内容、またそのための語(ゴ、互いに意思の疎通を図るための言葉)◆字(ジ)、文字◆我(われ)、自分を指す; 付:◆手ずから授(さず)ける、直接手を取って与える、同「仅」◆渡し与える、渡して任せる、委(ゆだ)ねる◆[日]他のものに加える、また添える、また足す、同「附」,N2,other,mixed+mixed~,IL1_okurigana(kun 96%) | A1_compound_oku(kun 90%) | A1_on_kun_mix(on+kun 65%),言:◆相手に伝えたいことを声に出してはっきりと述べる、またその内容、またそのための語(ゴ、互いに意思の疎通を図るための言葉)◆字(ジ)、文字◆我(われ)、自分を指す; 付:◆手ずから授(さず)ける、直接手を取って与える、同「仅」◆渡し与える、渡して任せる、委(ゆだ)ねる◆[日]他のものに加える、また添える、また足す、同「附」
kk_計_けい,計,けい,計:◆数える、測る◆(その年の)出納を合わせる◆見積もる、見当をつける,N2,on,on,IL2_single_default(kun 84%) | B_verb_rad_言(kun 80%),計:◆数える、測る◆(その年の)出納を合わせる◆見積もる、見当をつける
kk_訓練_くんれん,訓練,くんれん,訓:◆分かりやすく説明し教える、順を追って教え悟らせる◆上位者の下位者に対する教えや指示◆字句の意味や読み◆[日]漢字の日本での読み; 練:◆生糸や絹布を繰り返し煮て柔らかく白くする、同「湅」◆熟(こな)れていないものを繰り返し鍛(きた)える、鍛えて良いものにする◆習熟(シュウジュク)する、繰り返し,N2,on,on+on,B_verb_rad_言(kun 80%),訓:◆分かりやすく説明し教える、順を追って教え悟らせる◆上位者の下位者に対する教えや指示◆字句の意味や読み◆[日]漢字の日本での読み; 練:◆生糸や絹布を繰り返し煮て柔らかく白くする、同「湅」◆熟(こな)れていないものを繰り返し鍛(きた)える、鍛えて良いものにする◆習熟(シュウジュク)する、繰り返し
kk_記号_きごう,記号,きごう,記:◆(忘れないように)覚えておく、「記憶(キオク)」◆(忘れないように)書き留(と)める、書き付ける、また書き留めたもの、「記録(キロク)」「記事(キジ、書き記さ; 号:◆大声を出す、大声で呼ぶ、「号令(ゴウレイ)」「怒号(ドゴウ)」◆大きな声で泣く、また鳴く、また吼(ほ)える、「号泣(ゴウキュウ)」◆名付ける、正式な名前、「称,N2,on,on+on,A3_short_compound(on+on 71%) | B_verb_rad_言(kun 80%),記:◆(忘れないように)覚えておく、「記憶(キオク)」◆(忘れないように)書き留(と)める、書き付ける、また書き留めたもの、「記録(キロク)」「記事(キジ、書き記さ; 号:◆大声を出す、大声で呼ぶ、「号令(ゴウレイ)」「怒号(ドゴウ)」◆大きな声で泣く、また鳴く、また吼(ほ)える、「号泣(ゴウキュウ)」◆名付ける、正式な名前、「称
kk_訪れる_おとずれる,訪れる,おとずれる,訪:◆あちこちに出向いて問う、尋(たず)ねる◆(尋ねるために)出向く◆[日]やって来る,N2,kun,kun,IL1_okurigana(kun 96%) | IL2_single_okuri(kun 96%) | B_verb_rad_言(kun 80%),訪:◆あちこちに出向いて問う、尋(たず)ねる◆(尋ねるために)出向く◆[日]やって来る
kk_設定_せってい,設定,せってい,設:◆作る、作って据(す)える、拵(こしら)える◆据え置く、必要なものを揃えて並べ置く◆もし～、if; 定:◆さだ・まる、動きや乱れが鎮(しず)まって変化・変動しない状態になる、平静になる、落ち着く、「鎮定(チンテイ)」◆さだ・める、動いたり揺らいだりしない状態にする,N2,on,on+on,B_verb_rad_言(kun 80%) | B_noun_rad_宀(kun 93%),設:◆作る、作って据(す)える、拵(こしら)える◆据え置く、必要なものを揃えて並べ置く◆もし～、if; 定:◆さだ・まる、動きや乱れが鎮(しず)まって変化・変動しない状態になる、平静になる、落ち着く、「鎮定(チンテイ)」◆さだ・める、動いたり揺らいだりしない状態にする
kk_設置_せっち,設置,せっち,設:◆作る、作って据(す)える、拵(こしら)える◆据え置く、必要なものを揃えて並べ置く◆もし～、if; 置:◆まっすぐに立てる、動かないように(傾いたり揺らいだり位置や状態が変わったりしないように)しっかりと据(す)える、同「寘」◆設(もう)ける、あるべきところに据え,N2,on,on+on,A3_short_compound(on+on 71%) | B_verb_rad_言(kun 80%),設:◆作る、作って据(す)える、拵(こしら)える◆据え置く、必要なものを揃えて並べ置く◆もし～、if; 置:◆まっすぐに立てる、動かないように(傾いたり揺らいだり位置や状態が変わったりしないように)しっかりと据(す)える、同「寘」◆設(もう)ける、あるべきところに据え
kk_訳_やく,訳,やく,訳:◆言葉・文章や文字を、意味が通じるように(理解できるように、分かりやすいように)他の(別の)言葉・文章や文字に置き換える(言い換える)、またそれができる人(通訳,N2,on,on,IL2_single_default(kun 84%) | B_verb_rad_言(kun 80%),訳:◆言葉・文章や文字を、意味が通じるように(理解できるように、分かりやすいように)他の(別の)言葉・文章や文字に置き換える(言い換える)、またそれができる人(通訳
kk_訴える_うったえる,訴える,うったえる,訴:◆告げる、述べる◆「告訴(コクソ)」◇事情や状態を人に告げる◇不当・不正なことについて上に申し出て解決・是正を求める,N2,other,unknown,IL1_okurigana(kun 96%) | IL2_single_okuri(kun 96%) | B_verb_rad_言(kun 80%),訴:◆告げる、述べる◆「告訴(コクソ)」◇事情や状態を人に告げる◇不当・不正なことについて上に申し出て解決・是正を求める
kk_診療_しんりょう,診療,しんりょう,診:◆医者が(脈を見て)病状や健康状態をよく調べる◆実際に見て調べる; 療:◆肉体的・精神的な病(やまい)や傷を治(なお)す、癒(いや)す,N2,on,on+on,B_verb_rad_言(kun 80%),診:◆医者が(脈を見て)病状や健康状態をよく調べる◆実際に見て調べる; 療:◆肉体的・精神的な病(やまい)や傷を治(なお)す、癒(いや)す
kk_証人_しょうにん,証人,しょうにん,証:◆諌(いさ)める、過(あやま)ちを咎(とが)め正すよう意見する◆病気の徴候や状態、症状、同「症」◆正当であること(事実であること)を根拠を示して明らかにする、ま; 人:◆霊長目ヒト科ヒト属の生物、ホモ・サピエンスHomo sapiens(「知恵の人」の意)、同「儿」◆自分以外の者、「人我(ジンガ、他人と自分)」◆人の数(かず),N2,on,on+on,B_verb_rad_言(kun 80%),証:◆諌(いさ)める、過(あやま)ちを咎(とが)め正すよう意見する◆病気の徴候や状態、症状、同「症」◆正当であること(事実であること)を根拠を示して明らかにする、ま; 人:◆霊長目ヒト科ヒト属の生物、ホモ・サピエンスHomo sapiens(「知恵の人」の意)、同「儿」◆自分以外の者、「人我(ジンガ、他人と自分)」◆人の数(かず)
kk_証拠_しょうこ,証拠,しょうこ,証:◆諌(いさ)める、過(あやま)ちを咎(とが)め正すよう意見する◆病気の徴候や状態、症状、同「症」◆正当であること(事実であること)を根拠を示して明らかにする、ま; 拠:◆依(よ)る、「依據、依拠(イキョ、よりどころとすること)」「憑據、憑拠(ヒョウコ、証拠ショウコ、正当であることを証明するための根拠)」、同簡「据」◆「根據、根,N2,on,on+on,A3_short_compound(on+on 71%) | B_verb_rad_言(kun 80%) | B_verb_rad_手(kun 80%),証:◆諌(いさ)める、過(あやま)ちを咎(とが)め正すよう意見する◆病気の徴候や状態、症状、同「症」◆正当であること(事実であること)を根拠を示して明らかにする、ま; 拠:◆依(よ)る、「依據、依拠(イキョ、よりどころとすること)」「憑據、憑拠(ヒョウコ、証拠ショウコ、正当であることを証明するための根拠)」、同簡「据」◆「根據、根
kk_評価_ひょうか,評価,ひょうか,評:◆論じて価値や程度などを均(ひと)しく定める、理に適(かな)った或いは公平な判定を下す; 価:◆ものを売り渡しても買い取っても損はないと考える値段(ねだん)、ものの値打ち◆それがどの程度であるかを評価した結果示される値(あたい),N2,on,on+on,A3_short_compound(on+on 71%) | B_verb_rad_言(kun 80%),評:◆論じて価値や程度などを均(ひと)しく定める、理に適(かな)った或いは公平な判定を下す; 価:◆ものを売り渡しても買い取っても損はないと考える値段(ねだん)、ものの値打ち◆それがどの程度であるかを評価した結果示される値(あたい)
kk_評判_ひょうばん,評判,ひょうばん,評:◆論じて価値や程度などを均(ひと)しく定める、理に適(かな)った或いは公平な判定を下す; 判:◆二つに分ける、二つに分かれる、同「牉」◆(正否・是非・真偽などを)はっきりと区別する、見分ける、「判決(ハンケツ)」◆はっきりとした(する)さま、はっきりと区,N2,on,on+on,B_verb_rad_言(kun 80%) | B_verb_rad_刀(kun 80%),評:◆論じて価値や程度などを均(ひと)しく定める、理に適(かな)った或いは公平な判定を下す; 判:◆二つに分ける、二つに分かれる、同「牉」◆(正否・是非・真偽などを)はっきりと区別する、見分ける、「判決(ハンケツ)」◆はっきりとした(する)さま、はっきりと区
kk_評論_ひょうろん,評論,ひょうろん,評:◆論じて価値や程度などを均(ひと)しく定める、理に適(かな)った或いは公平な判定を下す; 論:◆理(リ、道理ドウリ、筋目すじめ)に沿って考える、理に適(かな)った考え◆きちんと筋道(すじみち、道理)に沿って(順序立てて)述べる◆道理(筋や理)に照らして物,N2,on,on+on,B_verb_rad_言(kun 80%) | B_verb_rad_言(kun 80%),評:◆論じて価値や程度などを均(ひと)しく定める、理に適(かな)った或いは公平な判定を下す; 論:◆理(リ、道理ドウリ、筋目すじめ)に沿って考える、理に適(かな)った考え◆きちんと筋道(すじみち、道理)に沿って(順序立てて)述べる◆道理(筋や理)に照らして物
kk_詣でる_もうでる,詣でる,もうでる,詣:◆到(いた)る、高みに行き着く◆目上の人や年長の人を訪(おとず)れる◆[日]もう・でる、有名な場所や建物を訪れる,N2,kun,kun,IL1_okurigana(kun 96%) | IL2_single_okuri(kun 96%) | B_verb_rad_言(kun 80%),詣:◆到(いた)る、高みに行き着く◆目上の人や年長の人を訪(おとず)れる◆[日]もう・でる、有名な場所や建物を訪れる
kk_試す_ためす,試す,ためす,試:◆先(ま)ずはしてみる、また使ってみる、「試用(シヨウ)」,N2,kun,kun,IL1_okurigana(kun 96%) | IL2_single_okuri(kun 96%) | B_verb_rad_言(kun 80%),試:◆先(ま)ずはしてみる、また使ってみる、「試用(シヨウ)」
kk_試乗_しじょう,試乗,しじょう,試:◆先(ま)ずはしてみる、また使ってみる、「試用(シヨウ)」; 乗:◆高台(たかだい、周りからは一段と高く人や物が乗ることができるようなところ)に登(のぼ)る、馬や車・舟などの台(ダイ)に上(あ)がる◆(人が乗るための)馬や車・,N2,on,on+on,A3_short_compound(on+on 71%) | B_verb_rad_言(kun 80%),試:◆先(ま)ずはしてみる、また使ってみる、「試用(シヨウ)」; 乗:◆高台(たかだい、周りからは一段と高く人や物が乗ることができるようなところ)に登(のぼ)る、馬や車・舟などの台(ダイ)に上(あ)がる◆(人が乗るための)馬や車・
kk_試作品_しさくひん,試作品,しさくひん,試:◆先(ま)ずはしてみる、また使ってみる、「試用(シヨウ)」; 作:◆働(はたらく)く、力や手を加える、為(な)す、「作業(サギョウ)」「作為(サクイ)」◆力や手を加えることによって物事や状態を変化させる、また他に影響を与える、; 品:◆物(もの)、多くの物、様々な物◆もの(人や物)の本質・価値・程度を判断する◆ものの値打ち、また価値、また程度・等級,N2,on,on+on+on,A4_multi_on(on+on+on 65%) | B_verb_rad_言(kun 80%),試:◆先(ま)ずはしてみる、また使ってみる、「試用(シヨウ)」; 作:◆働(はたらく)く、力や手を加える、為(な)す、「作業(サギョウ)」「作為(サクイ)」◆力や手を加えることによって物事や状態を変化させる、また他に影響を与える、; 品:◆物(もの)、多くの物、様々な物◆もの(人や物)の本質・価値・程度を判断する◆ものの値打ち、また価値、また程度・等級
kk_詫びる_わびる,詫びる,わびる,詫:◆誇(ほこ)る、誇張する、中身のないものを大きく見せる、また話す、同「誇」「侘」◆誑(たぶら)かす、惑わし誤らせる、巧みな言葉で騙(だま)す、同「誑」◆「詫異(,N2,kun,kun,IL1_okurigana(kun 96%) | IL2_single_okuri(kun 96%) | B_verb_rad_言(kun 80%),詫:◆誇(ほこ)る、誇張する、中身のないものを大きく見せる、また話す、同「誇」「侘」◆誑(たぶら)かす、惑わし誤らせる、巧みな言葉で騙(だま)す、同「誑」◆「詫異(
kk_詰まる_つまる,詰まる,つまる,詰:◆厳(きび)しく問い責(せ)める◆追及(ツイキュウ)する、「詰問(キツモン、厳しく問い返事を迫る)」◆曲がる、屈(かが)む◆次の日、「詰旦(キッタン、次の日の明,N2,kun,kun,IL1_okurigana(kun 96%) | IL2_single_okuri(kun 96%) | B_verb_rad_言(kun 80%),詰:◆厳(きび)しく問い責(せ)める◆追及(ツイキュウ)する、「詰問(キツモン、厳しく問い返事を迫る)」◆曲がる、屈(かが)む◆次の日、「詰旦(キッタン、次の日の明
kk_詰める_つめる,詰める,つめる,詰:◆厳(きび)しく問い責(せ)める◆追及(ツイキュウ)する、「詰問(キツモン、厳しく問い返事を迫る)」◆曲がる、屈(かが)む◆次の日、「詰旦(キッタン、次の日の明,N2,kun,kun,IL1_okurigana(kun 96%) | IL2_single_okuri(kun 96%) | B_verb_rad_言(kun 80%),詰:◆厳(きび)しく問い責(せ)める◆追及(ツイキュウ)する、「詰問(キツモン、厳しく問い返事を迫る)」◆曲がる、屈(かが)む◆次の日、「詰旦(キッタン、次の日の明
kk_誇る_ほこる,誇る,ほこる,誇:◆話は大きく派手だが中身がないさま、話が大袈裟なさま、同簡「夸」◆[日]ほこ・り、自らの誉れとすること,N2,kun,kun,IL1_okurigana(kun 96%) | IL2_single_okuri(kun 96%) | B_verb_rad_言(kun 80%),誇:◆話は大きく派手だが中身がないさま、話が大袈裟なさま、同簡「夸」◆[日]ほこ・り、自らの誉れとすること
kk_認識_にんしき,認識,にんしき,認:◆見分ける、それが何かを見定める◆しっかりと見定めて受け入れる、聞き入れる、納得(ナットク)する◆[日]したた・める、整える、(膳を整え)食事をする◆[日]した; 識:◆知ったことが他とどう違うのかを理解する◆他との違いをはっきりと見分ける、またその働き、またその能力、またその内容◆記(しる)す、書き記す、同「誌」◆幟(のぼり,N2,on,on+on,B_verb_rad_言(kun 80%) | B_verb_rad_言(kun 80%),認:◆見分ける、それが何かを見定める◆しっかりと見定めて受け入れる、聞き入れる、納得(ナットク)する◆[日]したた・める、整える、(膳を整え)食事をする◆[日]した; 識:◆知ったことが他とどう違うのかを理解する◆他との違いをはっきりと見分ける、またその働き、またその能力、またその内容◆記(しる)す、書き記す、同「誌」◆幟(のぼり
kk_誓う_ちかう,誓う,ちかう,誓:◆固く守ることを約束する、忠誠や決心などの意思を言葉にして違(たが)うことがないことを約束する◆戒(いまし)める、誡(いまし)める、間違い(手違い)がないよう約,N2,kun,kun,IL1_okurigana(kun 96%) | IL2_single_okuri(kun 96%) | B_verb_rad_言(kun 80%),誓:◆固く守ることを約束する、忠誠や決心などの意思を言葉にして違(たが)うことがないことを約束する◆戒(いまし)める、誡(いまし)める、間違い(手違い)がないよう約
kk_誕生_たんじょう,誕生,たんじょう,誕:◆生まれる◆大きいさま、広々としているさま◆話が大袈裟で馬鹿げているさま、またいい加減なさま; 生:◆う・まれる、それまでになかった新しいものが現れ出る、また新しいことが起こる◆い・きる、成長し活動できる状態で存在する、またその状態◆なま、現れ出た時のそのまま,N2,mixed,on+kun~,B_verb_rad_言(kun 80%),誕:◆生まれる◆大きいさま、広々としているさま◆話が大袈裟で馬鹿げているさま、またいい加減なさま; 生:◆う・まれる、それまでになかった新しいものが現れ出る、また新しいことが起こる◆い・きる、成長し活動できる状態で存在する、またその状態◆なま、現れ出た時のそのまま
kk_語学_ごがく,語学,ごがく,語:◆他に向かって述べる、また告げる、考えや思い・言い伝えなどを話す◆意味を持つ言葉、話(はなし); 学:◆(教えを受けながら、見て倣いながら)知識や技術などを身に付ける、習得する、またその内容、知識や技術などを授(さず)けることを「教」◆教えを受け知識や技術などを,N2,on,on+on,A3_short_compound(on+on 71%) | B_verb_rad_言(kun 80%),語:◆他に向かって述べる、また告げる、考えや思い・言い伝えなどを話す◆意味を持つ言葉、話(はなし); 学:◆(教えを受けながら、見て倣いながら)知識や技術などを身に付ける、習得する、またその内容、知識や技術などを授(さず)けることを「教」◆教えを受け知識や技術などを
kk_誠実_せいじつ,誠実,せいじつ,誠:◆真心(まごころ)、真実(シンジツ)◆言行(ゲンコウ、言葉と行為・行動)に嘘偽(うそいつわ)りがない◆真(まこと)に、本当に、嘘偽りなく; 実:◆蓄(たくわ)えが家に満ちているさま◆隙間なく詰まって虚(うつ)ろなところがないさま◆ぎっしりと詰まった中身、草木などの稔(みの)って中がぎっしりと詰まったもの,N2,on,on+on,B_verb_rad_言(kun 80%) | B_noun_rad_宀(kun 93%),誠:◆真心(まごころ)、真実(シンジツ)◆言行(ゲンコウ、言葉と行為・行動)に嘘偽(うそいつわ)りがない◆真(まこと)に、本当に、嘘偽りなく; 実:◆蓄(たくわ)えが家に満ちているさま◆隙間なく詰まって虚(うつ)ろなところがないさま◆ぎっしりと詰まった中身、草木などの稔(みの)って中がぎっしりと詰まったもの
kk_誤り/謝り_あやまり,誤り/謝り,あやまり,誤:◆間違う、本来の仕方(しかた、やり方・方法・手段など)を違(たが)える、理解・判断・行動の際の基準(基準の選択、基準の本来の意味)を取り違える◆判断を間違う、思; 謝:◆相手の誘いや勧(すす)めに、ありがたくは思うが、応(こた)えられない旨(感謝しつつも断りの言葉)を述べる、詫(わ)びて断る、辞退する、「謝絶(シャゼツ)」◆別,N2,kun,kun+kun~,IL1_okurigana(kun 96%) | A1_compound_oku(kun 90%) | A1_on_kun_mix(on+kun 65%),誤:◆間違う、本来の仕方(しかた、やり方・方法・手段など)を違(たが)える、理解・判断・行動の際の基準(基準の選択、基準の本来の意味)を取り違える◆判断を間違う、思; 謝:◆相手の誘いや勧(すす)めに、ありがたくは思うが、応(こた)えられない旨(感謝しつつも断りの言葉)を述べる、詫(わ)びて断る、辞退する、「謝絶(シャゼツ)」◆別
kk_説_せつ,説,せつ,説:◆解き明かす、解釈する、またそれを言葉にしたもの◆あることに対する意見◆意味することが分かるように順序立てて話す,N2,on,on,IL2_single_default(kun 84%) | B_verb_rad_言(kun 80%),説:◆解き明かす、解釈する、またそれを言葉にしたもの◆あることに対する意見◆意味することが分かるように順序立てて話す
kk_説得_せっとく,説得,せっとく,説:◆解き明かす、解釈する、またそれを言葉にしたもの◆あることに対する意見◆意味することが分かるように順序立てて話す; 得:◆手に入れる、手に入る、自分のものにする、自分のものになる、身に付く◆ぴったりと合う、相応(ふさわ)しい◆意に適(かな)う◆～できる◆儲(もう)かる、出て行くも,N2,on,on+on,B_verb_rad_言(kun 80%),説:◆解き明かす、解釈する、またそれを言葉にしたもの◆あることに対する意見◆意味することが分かるように順序立てて話す; 得:◆手に入れる、手に入る、自分のものにする、自分のものになる、身に付く◆ぴったりと合う、相応(ふさわ)しい◆意に適(かな)う◆～できる◆儲(もう)かる、出て行くも
kk_説得力_せっとくりょく,説得力,せっとくりょく,説:◆解き明かす、解釈する、またそれを言葉にしたもの◆あることに対する意見◆意味することが分かるように順序立てて話す; 得:◆手に入れる、手に入る、自分のものにする、自分のものになる、身に付く◆ぴったりと合う、相応(ふさわ)しい◆意に適(かな)う◆～できる◆儲(もう)かる、出て行くも; 力:◆ものを動かすもの、ものを動かしているもの、ものに働(はたら)くもの、「強力(キョウリョク、強い力)」◆働く、務(つと)める、勤(つと)める、「努力(ドリョク、,N2,on,on+on+on,A4_multi_on(on+on+on 65%) | B_verb_rad_言(kun 80%) | B_verb_rad_力(kun 80%),説:◆解き明かす、解釈する、またそれを言葉にしたもの◆あることに対する意見◆意味することが分かるように順序立てて話す; 得:◆手に入れる、手に入る、自分のものにする、自分のものになる、身に付く◆ぴったりと合う、相応(ふさわ)しい◆意に適(かな)う◆～できる◆儲(もう)かる、出て行くも; 力:◆ものを動かすもの、ものを動かしているもの、ものに働(はたら)くもの、「強力(キョウリョク、強い力)」◆働く、務(つと)める、勤(つと)める、「努力(ドリョク、
kk_読み取る_よみとる,読み取る,よみとる,読:◆文章を内容が理解しやすいように区切りながら抑揚(ヨクヨウ)をつけながら声に出す◆文の中に置く読みの区切り、「、」で表す、コンマcomma、「読点、逗点(トウテ; 取:◆捕(つか)まえる、捕(と)らえる、縄(なわ)を掛ける◆手に入れる、手の中に収(おさ)める、手で受ける◆(多くの中から一部を、或いは一つを)選ぶ、選択する◆娶(,N2,kun,kun+kun~,IL1_okurigana(kun 96%) | A1_compound_oku(kun 90%) | A1_on_kun_mix(on+kun 65%),読:◆文章を内容が理解しやすいように区切りながら抑揚(ヨクヨウ)をつけながら声に出す◆文の中に置く読みの区切り、「、」で表す、コンマcomma、「読点、逗点(トウテ; 取:◆捕(つか)まえる、捕(と)らえる、縄(なわ)を掛ける◆手に入れる、手の中に収(おさ)める、手で受ける◆(多くの中から一部を、或いは一つを)選ぶ、選択する◆娶(
kk_誰しも_だれしも,誰しも,だれしも,誰:◆人の名や身元を尋ねる疑問代名詞、who◆不特定の人を表す語,N2,kun,kun,IL1_okurigana(kun 96%) | IL2_single_okuri(kun 96%) | B_verb_rad_言(kun 80%),誰:◆人の名や身元を尋ねる疑問代名詞、who◆不特定の人を表す語
kk_誰一人_だれひとり,誰一人,だれひとり,誰:◆人の名や身元を尋ねる疑問代名詞、who◆不特定の人を表す語; 一:◆最初、最初の数、最も小さい数、同「壹」 ◆(幾つかあるものの内の、全体の中の)一つ、一つの、一つに、それだけ、ひたすら、同「壹」◆同じ、等しい、「同じ一つのも; 人:◆霊長目ヒト科ヒト属の生物、ホモ・サピエンスHomo sapiens(「知恵の人」の意)、同「儿」◆自分以外の者、「人我(ジンガ、他人と自分)」◆人の数(かず),N2,kun,kun+kun+kun~,A4_multi_on(on+on+on 65%) | B_verb_rad_言(kun 80%),誰:◆人の名や身元を尋ねる疑問代名詞、who◆不特定の人を表す語; 一:◆最初、最初の数、最も小さい数、同「壹」 ◆(幾つかあるものの内の、全体の中の)一つ、一つの、一つに、それだけ、ひたすら、同「壹」◆同じ、等しい、「同じ一つのも; 人:◆霊長目ヒト科ヒト属の生物、ホモ・サピエンスHomo sapiens(「知恵の人」の意)、同「儿」◆自分以外の者、「人我(ジンガ、他人と自分)」◆人の数(かず)
kk_課程_かてい,課程,かてい,課:◆成果(セイカ)・結果(ケッカ)がどうか(どうなるか)を調べる、試(ため)す◆官吏(カンリ)登用の試験(シケン)◆税(ゼイ)、国や領主に納(おさ)める金銭・収穫; 程:◆ものの大小・長短・軽重・強弱・優劣などをはかる(測る・量る・計る)際の基準・規格◆一定の決まり・手順・方法◆定まっている基準・規格・決まり・区切り・手順・方法,N2,on,on+on,A3_short_compound(on+on 71%) | B_verb_rad_言(kun 80%),課:◆成果(セイカ)・結果(ケッカ)がどうか(どうなるか)を調べる、試(ため)す◆官吏(カンリ)登用の試験(シケン)◆税(ゼイ)、国や領主に納(おさ)める金銭・収穫; 程:◆ものの大小・長短・軽重・強弱・優劣などをはかる(測る・量る・計る)際の基準・規格◆一定の決まり・手順・方法◆定まっている基準・規格・決まり・区切り・手順・方法
kk_課税_かぜい,課税,かぜい,課:◆成果(セイカ)・結果(ケッカ)がどうか(どうなるか)を調べる、試(ため)す◆官吏(カンリ)登用の試験(シケン)◆税(ゼイ)、国や領主に納(おさ)める金銭・収穫; 税:◆国や領主に納める収穫物や金銭、租(田畑などからの収穫物)・庸(労役)・調(穀物以外の布などの現物)の総称◆収穫物や商売などによって得た利益の一部を(税として),N2,on,on+on,A3_short_compound(on+on 71%) | B_verb_rad_言(kun 80%),課:◆成果(セイカ)・結果(ケッカ)がどうか(どうなるか)を調べる、試(ため)す◆官吏(カンリ)登用の試験(シケン)◆税(ゼイ)、国や領主に納(おさ)める金銭・収穫; 税:◆国や領主に納める収穫物や金銭、租(田畑などからの収穫物)・庸(労役)・調(穀物以外の布などの現物)の総称◆収穫物や商売などによって得た利益の一部を(税として)
kk_課題_かだい,課題,かだい,課:◆成果(セイカ)・結果(ケッカ)がどうか(どうなるか)を調べる、試(ため)す◆官吏(カンリ)登用の試験(シケン)◆税(ゼイ)、国や領主に納(おさ)める金銭・収穫; 題:◆額(ひたい)、おでこ、同「頟」「顁」◆ものの頭(最初、先頭)にあるもの◆初めに記される短い文章、全体を表現する簡潔な文章、「問題(モンダイ)」「話題(ワダイ),N2,on,on+on,A3_short_compound(on+on 71%) | B_verb_rad_言(kun 80%),課:◆成果(セイカ)・結果(ケッカ)がどうか(どうなるか)を調べる、試(ため)す◆官吏(カンリ)登用の試験(シケン)◆税(ゼイ)、国や領主に納(おさ)める金銭・収穫; 題:◆額(ひたい)、おでこ、同「頟」「顁」◆ものの頭(最初、先頭)にあるもの◆初めに記される短い文章、全体を表現する簡潔な文章、「問題(モンダイ)」「話題(ワダイ)
kk_請う_こう,請う,こう,請:◆乞(こ)う、頼む、頼みごとをする、君主や神仏などにお願いする◆どうか(～して下さい)◆招く、招きに応(こた)えて来てくれた人を大切にもてなす◆依頼を受ける、頼,N2,kun,kun,IL1_okurigana(kun 96%) | IL2_single_okuri(kun 96%) | B_verb_rad_言(kun 80%),請:◆乞(こ)う、頼む、頼みごとをする、君主や神仏などにお願いする◆どうか(～して下さい)◆招く、招きに応(こた)えて来てくれた人を大切にもてなす◆依頼を受ける、頼
kk_請求_せいきゅう,請求,せいきゅう,請:◆乞(こ)う、頼む、頼みごとをする、君主や神仏などにお願いする◆どうか(～して下さい)◆招く、招きに応(こた)えて来てくれた人を大切にもてなす◆依頼を受ける、頼; 求:◆探(さが)す、飽(あ)くまでも捜(さが)す◆欲しいものを何とか得ようとする、他人にものが欲しい(して欲しい)とねだる、強く乞(こ)う,N2,on,on+on,B_verb_rad_言(kun 80%),請:◆乞(こ)う、頼む、頼みごとをする、君主や神仏などにお願いする◆どうか(～して下さい)◆招く、招きに応(こた)えて来てくれた人を大切にもてなす◆依頼を受ける、頼; 求:◆探(さが)す、飽(あ)くまでも捜(さが)す◆欲しいものを何とか得ようとする、他人にものが欲しい(して欲しい)とねだる、強く乞(こ)う
kk_論じる/論ずる_ろんじる,論じる/論ずる,ろんじる,論:◆理(リ、道理ドウリ、筋目すじめ)に沿って考える、理に適(かな)った考え◆きちんと筋道(すじみち、道理)に沿って(順序立てて)述べる◆道理(筋や理)に照らして物; 論:◆理(リ、道理ドウリ、筋目すじめ)に沿って考える、理に適(かな)った考え◆きちんと筋道(すじみち、道理)に沿って(順序立てて)述べる◆道理(筋や理)に照らして物,N2,on,on+on~,IL1_okurigana(kun 96%) | A1_compound_oku(kun 90%) | A1_on_kun_mix(on+kun 65%),論:◆理(リ、道理ドウリ、筋目すじめ)に沿って考える、理に適(かな)った考え◆きちんと筋道(すじみち、道理)に沿って(順序立てて)述べる◆道理(筋や理)に照らして物; 論:◆理(リ、道理ドウリ、筋目すじめ)に沿って考える、理に適(かな)った考え◆きちんと筋道(すじみち、道理)に沿って(順序立てて)述べる◆道理(筋や理)に照らして物
kk_論争_ろんそう,論争,ろんそう,論:◆理(リ、道理ドウリ、筋目すじめ)に沿って考える、理に適(かな)った考え◆きちんと筋道(すじみち、道理)に沿って(順序立てて)述べる◆道理(筋や理)に照らして物; 争:◆互いに自分の方へ取り合う、奪い合う、戦う◆言い合い優劣・正否を競う、議論する、同「訟」「諍」◆諌(いさ)める、非や過ちを正すよう意見する、同「諫」「諍」◆いか,N2,on,on+on,B_verb_rad_言(kun 80%),論:◆理(リ、道理ドウリ、筋目すじめ)に沿って考える、理に適(かな)った考え◆きちんと筋道(すじみち、道理)に沿って(順序立てて)述べる◆道理(筋や理)に照らして物; 争:◆互いに自分の方へ取り合う、奪い合う、戦う◆言い合い優劣・正否を競う、議論する、同「訟」「諍」◆諌(いさ)める、非や過ちを正すよう意見する、同「諫」「諍」◆いか
kk_諸～_しょ～,諸～,しょ～,諸:◆多くの、様々の◆これ、この、this、「之於(シオ)」「之乎(シコ)」を「諸」一字で表したもの,N2,on,on,IL2_single_default(kun 84%) | B_verb_rad_言(kun 80%),諸:◆多くの、様々の◆これ、この、this、「之於(シオ)」「之乎(シコ)」を「諸」一字で表したもの
kk_諺_ことわざ,諺,ことわざ,諺:◆(古くから言い伝えられている、教訓などを含む、示唆に富む)短く簡潔な話、「諺語(ゲンゴ)」「俗諺(ゾクゲン)」「俚諺(リゲン)」◆傷つき悲しみ悩み苦しむ人に労,N2,kun,kun,IL2_single_default(kun 84%) | B_verb_rad_言(kun 80%),諺:◆(古くから言い伝えられている、教訓などを含む、示唆に富む)短く簡潔な話、「諺語(ゲンゴ)」「俗諺(ゾクゲン)」「俚諺(リゲン)」◆傷つき悲しみ悩み苦しむ人に労
kk_謎々_なぞなぞ,謎々,なぞなぞ,謎:◆なぞなぞ、なぞなぞ遊び◆人を迷(まよ)わせる言葉、またそのようなこと◆どいう意味か(どう理解してよいか)分からないようなこと,N2,kun,kun,IL2_single_default(kun 84%) | B_verb_rad_言(kun 80%),謎:◆なぞなぞ、なぞなぞ遊び◆人を迷(まよ)わせる言葉、またそのようなこと◆どいう意味か(どう理解してよいか)分からないようなこと
kk_講演_こうえん,講演,こうえん,講:◆相手に分かるように説(と)く、解説・説明する◆互いに相手の立場を理解し合う、和解(ワカイ)する、「講解(コウカイ)」「講和(コウワ)」; 演:◆水がどこまでも伸びて流れる、「涴演(エンエン、川が曲がりくねりながら延々エンエンと流れるさま)」◆広げる、行(ゆ)き渡(わた)らせる◆元(もと)となるもの・元,N2,on,on+on,B_verb_rad_言(kun 80%),講:◆相手に分かるように説(と)く、解説・説明する◆互いに相手の立場を理解し合う、和解(ワカイ)する、「講解(コウカイ)」「講和(コウワ)」; 演:◆水がどこまでも伸びて流れる、「涴演(エンエン、川が曲がりくねりながら延々エンエンと流れるさま)」◆広げる、行(ゆ)き渡(わた)らせる◆元(もと)となるもの・元
kk_警告_けいこく,警告,けいこく,警:◆戒(いまし)める、注意(チュウイ、意を注ぐ)し用心(ヨウジン、心を用いる)させる、また注意し用心する、「警戒(ケイカイ)」◆注意し用心するよう促(うなが)す、; 告:◆(下位者が上位者に、また人に)～であると(～であることを)知らせる、伝える、「報告(ホウコク)」、上位者が下位者に対して告げるのは「誥」◆上位者が下位者に知ら,N2,on,on+on,B_verb_rad_言(kun 80%),警:◆戒(いまし)める、注意(チュウイ、意を注ぐ)し用心(ヨウジン、心を用いる)させる、また注意し用心する、「警戒(ケイカイ)」◆注意し用心するよう促(うなが)す、; 告:◆(下位者が上位者に、また人に)～であると(～であることを)知らせる、伝える、「報告(ホウコク)」、上位者が下位者に対して告げるのは「誥」◆上位者が下位者に知ら
kk_議会_ぎかい,議会,ぎかい,議:◆互いに意見を交わし合う◆物事の是非について意見を交わし合う、またそれよって適切な結論を得る◆文章様式の一種で、物事の理非についての意見を記述したもの; 会:◆人が集まる、同じ時間や場所に(同じ目的で)集まる、「会合(カイゴウ)」◆多くの人が(出向いて)集まる、また集まったところ、「集会(シュウカイ)」「都会(トカイ,N2,on,on+on,A3_short_compound(on+on 71%) | B_verb_rad_言(kun 80%),議:◆互いに意見を交わし合う◆物事の是非について意見を交わし合う、またそれよって適切な結論を得る◆文章様式の一種で、物事の理非についての意見を記述したもの; 会:◆人が集まる、同じ時間や場所に(同じ目的で)集まる、「会合(カイゴウ)」◆多くの人が(出向いて)集まる、また集まったところ、「集会(シュウカイ)」「都会(トカイ
kk_譲る_ゆずる,譲る,ゆずる,譲:◆自ら退(しりぞ)き他人を先にする◆位・場所・立場などから自ら退き空いたところを人に進める、対価を求めずに人に渡す◆控え目に(他人の先に出ることがないように)振,N2,kun,kun,IL1_okurigana(kun 96%) | IL2_single_okuri(kun 96%) | B_verb_rad_言(kun 80%),譲:◆自ら退(しりぞ)き他人を先にする◆位・場所・立場などから自ら退き空いたところを人に進める、対価を求めずに人に渡す◆控え目に(他人の先に出ることがないように)振
kk_豊作_ほうさく,豊作,ほうさく,豊:◆豆(トウ、ズ、食物を盛る蓋付き脚付きの器)に食べ物が山のように盛られているさま ◆作物が大いに育つさま、穀物が多くの実を付けふっくらと膨(ふく)らんでいるさま; 作:◆働(はたらく)く、力や手を加える、為(な)す、「作業(サギョウ)」「作為(サクイ)」◆力や手を加えることによって物事や状態を変化させる、また他に影響を与える、,N2,on,on+on,,豊:◆豆(トウ、ズ、食物を盛る蓋付き脚付きの器)に食べ物が山のように盛られているさま ◆作物が大いに育つさま、穀物が多くの実を付けふっくらと膨(ふく)らんでいるさま; 作:◆働(はたらく)く、力や手を加える、為(な)す、「作業(サギョウ)」「作為(サクイ)」◆力や手を加えることによって物事や状態を変化させる、また他に影響を与える、
kk_豊富_ほうふ,豊富,ほうふ,豊:◆豆(トウ、ズ、食物を盛る蓋付き脚付きの器)に食べ物が山のように盛られているさま ◆作物が大いに育つさま、穀物が多くの実を付けふっくらと膨(ふく)らんでいるさま; 富:◆(家の中が)いっぱいになる、満ちる、同「畐」◆とみ、(家いっぱいに蓄えられた)財産、裕福◆と・む、物が豊か、物がいっぱいある,N2,on,on+on,A3_short_compound(on+on 71%) | B_noun_rad_宀(kun 93%),豊:◆豆(トウ、ズ、食物を盛る蓋付き脚付きの器)に食べ物が山のように盛られているさま ◆作物が大いに育つさま、穀物が多くの実を付けふっくらと膨(ふく)らんでいるさま; 富:◆(家の中が)いっぱいになる、満ちる、同「畐」◆とみ、(家いっぱいに蓄えられた)財産、裕福◆と・む、物が豊か、物がいっぱいある
kk_象徴_しょうちょう,象徴,しょうちょう,象:◆ゾウ(象)、ゾウ科の哺乳類、また同科の哺乳類の称◆もの(者や物)の姿形(すがたかたち)、同「像」◆もの(者や物)の姿形に似せる、また似る、また似せて作ったもの; 徴:◆(埋もれていた人物を)召(め)し出す、召し寄せる、(税などを)取り立てる、同「征」◆求める、要求する◆(それまで隠れていたり目に付かないところにあったものが),N2,on,on+on,,象:◆ゾウ(象)、ゾウ科の哺乳類、また同科の哺乳類の称◆もの(者や物)の姿形(すがたかたち)、同「像」◆もの(者や物)の姿形に似せる、また似る、また似せて作ったもの; 徴:◆(埋もれていた人物を)召(め)し出す、召し寄せる、(税などを)取り立てる、同「征」◆求める、要求する◆(それまで隠れていたり目に付かないところにあったものが)
kk_負_ふ,負,ふ,負:◆荷を背に載(の)せる、肩は「擔」「担」◆荷や仕事や責任などを引き受ける、「重い荷を背負う」の意◆(背後にあるものを)頼る、頼りにする、当てにする◆背を向ける、,N2,on,on,IL2_single_default(kun 84%),負:◆荷を背に載(の)せる、肩は「擔」「担」◆荷や仕事や責任などを引き受ける、「重い荷を背負う」の意◆(背後にあるものを)頼る、頼りにする、当てにする◆背を向ける、
kk_負かす_まかす,負かす,まかす,負:◆荷を背に載(の)せる、肩は「擔」「担」◆荷や仕事や責任などを引き受ける、「重い荷を背負う」の意◆(背後にあるものを)頼る、頼りにする、当てにする◆背を向ける、,N2,kun,kun,IL1_okurigana(kun 96%) | IL2_single_okuri(kun 96%),負:◆荷を背に載(の)せる、肩は「擔」「担」◆荷や仕事や責任などを引き受ける、「重い荷を背負う」の意◆(背後にあるものを)頼る、頼りにする、当てにする◆背を向ける、
kk_負け_まけ,負け,まけ,負:◆荷を背に載(の)せる、肩は「擔」「担」◆荷や仕事や責任などを引き受ける、「重い荷を背負う」の意◆(背後にあるものを)頼る、頼りにする、当てにする◆背を向ける、,N2,kun,kun,IL1_okurigana(kun 96%) | IL2_single_okuri(kun 96%),負:◆荷を背に載(の)せる、肩は「擔」「担」◆荷や仕事や責任などを引き受ける、「重い荷を背負う」の意◆(背後にあるものを)頼る、頼りにする、当てにする◆背を向ける、
kk_負傷_ふしょう,負傷,ふしょう,負:◆荷を背に載(の)せる、肩は「擔」「担」◆荷や仕事や責任などを引き受ける、「重い荷を背負う」の意◆(背後にあるものを)頼る、頼りにする、当てにする◆背を向ける、; 傷:◆体やものの一部が損(そこ)なわれる、一部が欠(か)けたり裂(さ)けたり破(やぶ)れたりする、怪我(けが)をする、またそのような箇所(カショ)◆(傷のようにずき,N2,on,on+on,A3_short_compound(on+on 71%),負:◆荷を背に載(の)せる、肩は「擔」「担」◆荷や仕事や責任などを引き受ける、「重い荷を背負う」の意◆(背後にあるものを)頼る、頼りにする、当てにする◆背を向ける、; 傷:◆体やものの一部が損(そこ)なわれる、一部が欠(か)けたり裂(さ)けたり破(やぶ)れたりする、怪我(けが)をする、またそのような箇所(カショ)◆(傷のようにずき
kk_負担_ふたん,負担,ふたん,負:◆荷を背に載(の)せる、肩は「擔」「担」◆荷や仕事や責任などを引き受ける、「重い荷を背負う」の意◆(背後にあるものを)頼る、頼りにする、当てにする◆背を向ける、; 担:◆(ゴミなどを払うように)軽く叩(はた)く、叩(たた)くようにして払う、同「撣」[†現在はこの意で「担」を用いることはない†]◆荷を肩に載せる、背に載せるのは「,N2,on,on+on,A3_short_compound(on+on 71%) | B_verb_rad_手(kun 80%),負:◆荷を背に載(の)せる、肩は「擔」「担」◆荷や仕事や責任などを引き受ける、「重い荷を背負う」の意◆(背後にあるものを)頼る、頼りにする、当てにする◆背を向ける、; 担:◆(ゴミなどを払うように)軽く叩(はた)く、叩(たた)くようにして払う、同「撣」[†現在はこの意で「担」を用いることはない†]◆荷を肩に載せる、背に載せるのは「
kk_貢献_こうけん,貢献,こうけん,貢:◆君主に税として農作物などの生産品を差し出す◆推挙する; 献:◆神や祖先にお供えを奉(ささ)げる◆目上の人や大切な客人に品物や酒食などを差し上げる◆故事や物事によく通じる、またその人、それらを記録に留めたものが「文献」,N2,on,on+on,,貢:◆君主に税として農作物などの生産品を差し出す◆推挙する; 献:◆神や祖先にお供えを奉(ささ)げる◆目上の人や大切な客人に品物や酒食などを差し上げる◆故事や物事によく通じる、またその人、それらを記録に留めたものが「文献」
kk_貧困_ひんこん,貧困,ひんこん,貧:◆貯(たくわ)えが乏(とぼ)しい、生活するための財貨が足りていない、「貧乏(ビンボウ)」「貧困(ヒンコン)」◆経験や知識が足りていない、「貧僧(ヒンソウ、僧侶の; 困:◆周りを囲まれていて手足の伸ばしようがない◆行き詰まる、身動きができない、苦しむ◆門や入り口の扉がそれ以上外に開かないようにするための杭(くい)、また門や入り口,N2,on,on+on,,貧:◆貯(たくわ)えが乏(とぼ)しい、生活するための財貨が足りていない、「貧乏(ビンボウ)」「貧困(ヒンコン)」◆経験や知識が足りていない、「貧僧(ヒンソウ、僧侶の; 困:◆周りを囲まれていて手足の伸ばしようがない◆行き詰まる、身動きができない、苦しむ◆門や入り口の扉がそれ以上外に開かないようにするための杭(くい)、また門や入り口
kk_貨物_かもつ,貨物,かもつ,貨:◆品物を買うための金銭、「貨幣(カヘイ)」◆金銭に交換できる(金銭と同じ価値がある)品物、財物◆商品、売り物、(金銭に変えることができる)品物◆賂(まいない)、; 物:◆(天地の間に存在する)人以外の形のあるもの、人は「者」、形のないものは「事」,N2,on,on+on,A3_short_compound(on+on 71%) | B_noun_rad_牛(kun 93%),貨:◆品物を買うための金銭、「貨幣(カヘイ)」◆金銭に交換できる(金銭と同じ価値がある)品物、財物◆商品、売り物、(金銭に変えることができる)品物◆賂(まいない)、; 物:◆(天地の間に存在する)人以外の形のあるもの、人は「者」、形のないものは「事」
kk_販売_はんばい,販売,はんばい,販:◆品物を安く買い高く売る、「【說文解字:貝部:販】買賤賣貴者」◆市場に行って品物を売る、商売する、「【周禮:地官司徒】…夕市夕時而市販夫販婦爲主(…販夫販婦朝資; 売:◆相手が欲しいと思っているものを渡して金銭(対価)を得る、金銭(対価)を渡して欲しいものを得るのは「買」,N2,on,on+on,,販:◆品物を安く買い高く売る、「【說文解字:貝部:販】買賤賣貴者」◆市場に行って品物を売る、商売する、「【周禮:地官司徒】…夕市夕時而市販夫販婦爲主(…販夫販婦朝資; 売:◆相手が欲しいと思っているものを渡して金銭(対価)を得る、金銭(対価)を渡して欲しいものを得るのは「買」
kk_責める_せめる,責める,せめる,責:◆強く求められる務(つと)め、果たすべきこと、為(な)すべきこと◆(果たすべきことを果たすよう)強く求める、(為すべきことを為さないことを)厳(きび)しく咎(と,N2,kun,kun,IL1_okurigana(kun 96%) | IL2_single_okuri(kun 96%),責:◆強く求められる務(つと)め、果たすべきこと、為(な)すべきこと◆(果たすべきことを果たすよう)強く求める、(為すべきことを為さないことを)厳(きび)しく咎(と
kk_貯蔵_ちょぞう,貯蔵,ちょぞう,貯:◆集めて蓄(たくわ)える、集めてしまっておく、同「𡪄」、後の備えのために貯えるのは「蓄」、「貯蓄(チョチク)」; 蔵:◆しまう、周りが囲まれていて外からは見えないところ(箱や蔵など)に入れる、また中に入れて隠す、またそのようなところに入っているもの、またそのための建物◆内臓、同,N2,on,on+on,A3_short_compound(on+on 71%),貯:◆集めて蓄(たくわ)える、集めてしまっておく、同「𡪄」、後の備えのために貯えるのは「蓄」、「貯蓄(チョチク)」; 蔵:◆しまう、周りが囲まれていて外からは見えないところ(箱や蔵など)に入れる、また中に入れて隠す、またそのようなところに入っているもの、またそのための建物◆内臓、同
kk_貴重_きちょう,貴重,きちょう,貴:◆品質・価値・値段が高い、低いのは「賤」◆得難(えがた)いものとして大切にする、また重視(ジュウシ)する、同「貴重(キチョウ)」◆身分・地位が高い、またそのよう; 重:◆層になる、上に載る、下になったものに上から大きな力が掛かる、負担が大きい◆再び、繰り返して、何度も、何層にも◆何層にも心配りがされていて手厚い、丁寧な◆何層に,N2,on,on+on,A3_short_compound(on+on 71%),貴:◆品質・価値・値段が高い、低いのは「賤」◆得難(えがた)いものとして大切にする、また重視(ジュウシ)する、同「貴重(キチョウ)」◆身分・地位が高い、またそのよう; 重:◆層になる、上に載る、下になったものに上から大きな力が掛かる、負担が大きい◆再び、繰り返して、何度も、何層にも◆何層にも心配りがされていて手厚い、丁寧な◆何層に
kk_買い入れる_かいいれる,買い入れる,かいいれる,買:◆金銭(対価)を渡して欲しいものを得る、相手が欲しいと思っているものを渡して金銭(対価)を得るのは「売」◆自ら招き寄せる、自ら進んで(面倒なことや良くないことを; 入:◆範囲・領域・組織や区切り・境界の外(外側、外部、表側、向こう側、公のところ)から内(内側、内部、裏側、こちら側、私的なところ)に移る、また移す、内から外へ移る,N2,kun,kun+kun,IL1_okurigana(kun 96%) | A1_compound_oku(kun 90%) | A1_on_kun_mix(on+kun 65%),買:◆金銭(対価)を渡して欲しいものを得る、相手が欲しいと思っているものを渡して金銭(対価)を得るのは「売」◆自ら招き寄せる、自ら進んで(面倒なことや良くないことを; 入:◆範囲・領域・組織や区切り・境界の外(外側、外部、表側、向こう側、公のところ)から内(内側、内部、裏側、こちら側、私的なところ)に移る、また移す、内から外へ移る
kk_買い求める_かいもとめる,買い求める,かいもとめる,買:◆金銭(対価)を渡して欲しいものを得る、相手が欲しいと思っているものを渡して金銭(対価)を得るのは「売」◆自ら招き寄せる、自ら進んで(面倒なことや良くないことを; 求:◆探(さが)す、飽(あ)くまでも捜(さが)す◆欲しいものを何とか得ようとする、他人にものが欲しい(して欲しい)とねだる、強く乞(こ)う,N2,mixed,on+kun~,IL1_okurigana(kun 96%) | A1_compound_oku(kun 90%) | A1_on_kun_mix(on+kun 65%),買:◆金銭(対価)を渡して欲しいものを得る、相手が欲しいと思っているものを渡して金銭(対価)を得るのは「売」◆自ら招き寄せる、自ら進んで(面倒なことや良くないことを; 求:◆探(さが)す、飽(あ)くまでも捜(さが)す◆欲しいものを何とか得ようとする、他人にものが欲しい(して欲しい)とねだる、強く乞(こ)う
kk_貸し_かし,貸し,かし,貸:◆施(ほどこ)す、金品などを与える◆後で返してもらうことを条件に自分の所有物を人に預け用いさせる、同「貣」◆後で返すことを条件に人の所有物を別人が預かり用いる、,N2,kun,kun,IL1_okurigana(kun 96%) | IL2_single_okuri(kun 96%),貸:◆施(ほどこ)す、金品などを与える◆後で返してもらうことを条件に自分の所有物を人に預け用いさせる、同「貣」◆後で返すことを条件に人の所有物を別人が預かり用いる、
kk_貸し出し_かしだし,貸し出し,かしだし,貸:◆施(ほどこ)す、金品などを与える◆後で返してもらうことを条件に自分の所有物を人に預け用いさせる、同「貣」◆後で返すことを条件に人の所有物を別人が預かり用いる、; 出:◆範囲・領域・組織や区切り・境界の内(内側、内部、裏側、こちら側、私的なところ)から外(外側、外部、表側、向こう側、公のところ)に移る、また移す、外から内へ移る,N2,kun,kun+kun~,IL1_okurigana(kun 96%) | A1_compound_oku(kun 90%) | A1_on_kun_mix(on+kun 65%),貸:◆施(ほどこ)す、金品などを与える◆後で返してもらうことを条件に自分の所有物を人に預け用いさせる、同「貣」◆後で返すことを条件に人の所有物を別人が預かり用いる、; 出:◆範囲・領域・組織や区切り・境界の内(内側、内部、裏側、こちら側、私的なところ)から外(外側、外部、表側、向こう側、公のところ)に移る、また移す、外から内へ移る
kk_貸し出す_かしだす,貸し出す,かしだす,貸:◆施(ほどこ)す、金品などを与える◆後で返してもらうことを条件に自分の所有物を人に預け用いさせる、同「貣」◆後で返すことを条件に人の所有物を別人が預かり用いる、; 出:◆範囲・領域・組織や区切り・境界の内(内側、内部、裏側、こちら側、私的なところ)から外(外側、外部、表側、向こう側、公のところ)に移る、また移す、外から内へ移る,N2,kun,kun+kun~,IL1_okurigana(kun 96%) | A1_compound_oku(kun 90%) | A1_on_kun_mix(on+kun 65%),貸:◆施(ほどこ)す、金品などを与える◆後で返してもらうことを条件に自分の所有物を人に預け用いさせる、同「貣」◆後で返すことを条件に人の所有物を別人が預かり用いる、; 出:◆範囲・領域・組織や区切り・境界の内(内側、内部、裏側、こちら側、私的なところ)から外(外側、外部、表側、向こう側、公のところ)に移る、また移す、外から内へ移る
kk_貸家_かしや,貸家,かしや,貸:◆施(ほどこ)す、金品などを与える◆後で返してもらうことを条件に自分の所有物を人に預け用いさせる、同「貣」◆後で返すことを条件に人の所有物を別人が預かり用いる、; 家:◆屋根(「宀」)があり四周が戸や壁で遮(さえぎ)られている建物、豕(いのこ、ブタ)などの大切な家畜を飼(か)う建物◆同じ屋根の下で親子や一族が共に生活する、人が,N2,mixed,kun+on~,A3_short_compound(on+on 71%) | B_noun_rad_宀(kun 93%),貸:◆施(ほどこ)す、金品などを与える◆後で返してもらうことを条件に自分の所有物を人に預け用いさせる、同「貣」◆後で返すことを条件に人の所有物を別人が預かり用いる、; 家:◆屋根(「宀」)があり四周が戸や壁で遮(さえぎ)られている建物、豕(いのこ、ブタ)などの大切な家畜を飼(か)う建物◆同じ屋根の下で親子や一族が共に生活する、人が
kk_貸間_かしま,貸間,かしま,貸:◆施(ほどこ)す、金品などを与える◆後で返してもらうことを条件に自分の所有物を人に預け用いさせる、同「貣」◆後で返すことを条件に人の所有物を別人が預かり用いる、; 間:◆両側からぴったりと閉じられずに開いているところ、(空間・時間・物事・関係などが)連続せずに途切れているところ、開いたり途切れたりして何もないところ、隙(すき),N2,kun,kun+kun~,A3_short_compound(on+on 71%),貸:◆施(ほどこ)す、金品などを与える◆後で返してもらうことを条件に自分の所有物を人に預け用いさせる、同「貣」◆後で返すことを条件に人の所有物を別人が預かり用いる、; 間:◆両側からぴったりと閉じられずに開いているところ、(空間・時間・物事・関係などが)連続せずに途切れているところ、開いたり途切れたりして何もないところ、隙(すき)
kk_賃_ちん,賃,ちん,賃:◆金を払って人を雇う◆雇用者に支払う報酬、「賃金(チンギン)」◆金を払って借り貸しする,N2,on,on,IL2_on_only(on 99%),賃:◆金を払って人を雇う◆雇用者に支払う報酬、「賃金(チンギン)」◆金を払って借り貸しする
kk_資本_しほん,資本,しほん,資:◆何かを成そうとするために必要となるもの、何かをするために先立つもの、前以(まえもっ)て備えておくもの、「資財(シザイ)」「資格(シカク)」◆天性の(生まれつき; 本:◆木の根(ね)◆植物や物事の生まれ始まりの部分、ものの根源また起源、「本来(ホンライ、元々、初めから)」◆ものを支えているもの、基(もと)となるもの、拠(よ)り,N2,on,on+on,A3_short_compound(on+on 71%) | B_noun_rad_木(kun 93%),資:◆何かを成そうとするために必要となるもの、何かをするために先立つもの、前以(まえもっ)て備えておくもの、「資財(シザイ)」「資格(シカク)」◆天性の(生まれつき; 本:◆木の根(ね)◆植物や物事の生まれ始まりの部分、ものの根源また起源、「本来(ホンライ、元々、初めから)」◆ものを支えているもの、基(もと)となるもの、拠(よ)り
kk_賞味_しょうみ,賞味,しょうみ,賞:◆優れた働きをした者を褒め称える、またその者に金品を与える◆愛(め)でる、愛(め)で楽しむ; 味:◆舌で感じる、舌の感覚◆「五味(ゴミ)」、舌の感覚(味)を五つに大別したもの、酸(酸っぱい味)苦(苦い味)辛(辛い味)鹹(塩辛い味)甘(甘い味)、「【禮記注疏(,N2,on,on+on,A3_short_compound(on+on 71%),賞:◆優れた働きをした者を褒め称える、またその者に金品を与える◆愛(め)でる、愛(め)で楽しむ; 味:◆舌で感じる、舌の感覚◆「五味(ゴミ)」、舌の感覚(味)を五つに大別したもの、酸(酸っぱい味)苦(苦い味)辛(辛い味)鹹(塩辛い味)甘(甘い味)、「【禮記注疏(
kk_賞品_しょうひん,賞品,しょうひん,賞:◆優れた働きをした者を褒め称える、またその者に金品を与える◆愛(め)でる、愛(め)で楽しむ; 品:◆物(もの)、多くの物、様々な物◆もの(人や物)の本質・価値・程度を判断する◆ものの値打ち、また価値、また程度・等級,N2,on,on+on,,賞:◆優れた働きをした者を褒め称える、またその者に金品を与える◆愛(め)でる、愛(め)で楽しむ; 品:◆物(もの)、多くの物、様々な物◆もの(人や物)の本質・価値・程度を判断する◆ものの値打ち、また価値、また程度・等級
kk_賞金_しょうきん,賞金,しょうきん,賞:◆優れた働きをした者を褒め称える、またその者に金品を与える◆愛(め)でる、愛(め)で楽しむ; 金:◆黄金・白銀・赤銅・青銅・青鉛・黒鉄などの総称、金属の総称◆(黄金のように)黄色い、輝く、美しい、貴重な、(金属のように)堅い◆金属製のもの◆銭(ぜに)、またそ,N2,on,on+on,B_noun_rad_金(kun 93%),賞:◆優れた働きをした者を褒め称える、またその者に金品を与える◆愛(め)でる、愛(め)で楽しむ; 金:◆黄金・白銀・赤銅・青銅・青鉛・黒鉄などの総称、金属の総称◆(黄金のように)黄色い、輝く、美しい、貴重な、(金属のように)堅い◆金属製のもの◆銭(ぜに)、またそ
kk_賠償_ばいしょう,賠償,ばいしょう,賠:◆欠損を埋め合わせる、補償する; 償:◆犯した罪・与えた損害・借りなどをそれに見合うもの(金・労役・代りの品物など)で返す、返して貸し借りがない状態に戻す,N2,on,on+on,,賠:◆欠損を埋め合わせる、補償する; 償:◆犯した罪・与えた損害・借りなどをそれに見合うもの(金・労役・代りの品物など)で返す、返して貸し借りがない状態に戻す
kk_質_しち,質,しち,質:◆本来の、元々(もともと)の、「本質(ホンシツ)」◆本来のままであるさま、素(す)のままであるさま、「質素(シッソ)」◆そのものが持つ本来の価値や中身、また性格,N2,on,on,IL2_single_default(kun 84%),質:◆本来の、元々(もともと)の、「本質(ホンシツ)」◆本来のままであるさま、素(す)のままであるさま、「質素(シッソ)」◆そのものが持つ本来の価値や中身、また性格
kk_質素_しっそ,質素,しっそ,質:◆本来の、元々(もともと)の、「本質(ホンシツ)」◆本来のままであるさま、素(す)のままであるさま、「質素(シッソ)」◆そのものが持つ本来の価値や中身、また性格; 素:◆色を染める前の白い糸◆白い、無地の◆形は整えられているが、それ以上には手が加えられていない、本来の、元のままの、「素質(ソシツ)」◆飾らない、飾り気のない、「,N2,on,on+on,A3_short_compound(on+on 71%),質:◆本来の、元々(もともと)の、「本質(ホンシツ)」◆本来のままであるさま、素(す)のままであるさま、「質素(シッソ)」◆そのものが持つ本来の価値や中身、また性格; 素:◆色を染める前の白い糸◆白い、無地の◆形は整えられているが、それ以上には手が加えられていない、本来の、元のままの、「素質(ソシツ)」◆飾らない、飾り気のない、「
kk_贈答_ぞうとう,贈答,ぞうとう,贈:◆相手が貰って嬉しいと思うもの(相手が喜ぶもの)を送る◆死後に爵位や称号を与える; 答:◆相手からの問い掛けや働き掛けに対して自分の意思を言葉や態度で返す、返事をする◆相手からの問い掛けや働き掛けに応対する、応(こた)える◆相手の心遣いなどに言葉や,N2,on,on+on,B_noun_rad_竹(kun 93%),贈:◆相手が貰って嬉しいと思うもの(相手が喜ぶもの)を送る◆死後に爵位や称号を与える; 答:◆相手からの問い掛けや働き掛けに対して自分の意思を言葉や態度で返す、返事をする◆相手からの問い掛けや働き掛けに応対する、応(こた)える◆相手の心遣いなどに言葉や
kk_赤道_せきどう,赤道,せきどう,赤:◆南方の色、「赤道(セキドウ)」、[†「あらゆるものを焼き尽くすような太陽の強い光や熱の色」の意かと思われる†]◆顔や体が火照(ほて)ったときの色、ものが焼ける; 道:◆出発地から目的地へ通じている路(みち)、人や動物などが往来する通り路、「道路(ドウロ)」、同「路」◆目的を達するための経路、手順や方法◆導(みちび)く、手引き,N2,on,on+on,,赤:◆南方の色、「赤道(セキドウ)」、[†「あらゆるものを焼き尽くすような太陽の強い光や熱の色」の意かと思われる†]◆顔や体が火照(ほて)ったときの色、ものが焼ける; 道:◆出発地から目的地へ通じている路(みち)、人や動物などが往来する通り路、「道路(ドウロ)」、同「路」◆目的を達するための経路、手順や方法◆導(みちび)く、手引き
kk_起動_きどう,起動,きどう,起:◆(横になっている状態・低い状態から上に向かって)立つ、立ち上がる、立たせる、立ち上げる◆(それまで動きのなかった物事が)動き出す、動き始める◆物事を動かす、始; 動:◆位置・姿勢・感情・状態・事情などが変わる、また変える、また変わり始める、「動作」「行動」「感動」◆やや・もすれば、どうかすると(～になる、～になりやすい),N2,on,on+on,A3_short_compound(on+on 71%) | B_verb_rad_力(kun 80%),起:◆(横になっている状態・低い状態から上に向かって)立つ、立ち上がる、立たせる、立ち上げる◆(それまで動きのなかった物事が)動き出す、動き始める◆物事を動かす、始; 動:◆位置・姿勢・感情・状態・事情などが変わる、また変える、また変わり始める、「動作」「行動」「感動」◆やや・もすれば、どうかすると(～になる、～になりやすい)
kk_超過_ちょうか,超過,ちょうか,超:◆跳(と)び越(こ)える、高く跳(は)ね上がってもののの上を越える、また越えてその先に出る◆抜きん出ているさま、飛び抜けているさま; 過:◆度(ド、度合、節度、法度、限度、程度など)を越える(超える)◆度を越えて(超えて)しまう、誤(あやま)る◆時(とき、時代、時期、季節、月日、時間など)を通り越,N2,on,on+on,A3_short_compound(on+on 71%),超:◆跳(と)び越(こ)える、高く跳(は)ね上がってもののの上を越える、また越えてその先に出る◆抜きん出ているさま、飛び抜けているさま; 過:◆度(ド、度合、節度、法度、限度、程度など)を越える(超える)◆度を越えて(超えて)しまう、誤(あやま)る◆時(とき、時代、時期、季節、月日、時間など)を通り越
kk_超～_ちょう～,超～,ちょう～,超:◆跳(と)び越(こ)える、高く跳(は)ね上がってもののの上を越える、また越えてその先に出る◆抜きん出ているさま、飛び抜けているさま,N2,on,on,IL2_single_default(kun 84%),超:◆跳(と)び越(こ)える、高く跳(は)ね上がってもののの上を越える、また越えてその先に出る◆抜きん出ているさま、飛び抜けているさま
kk_越す_こす,越す,こす,越:◆行く手(ゆくて)を阻(はば)んでいるものの上を跨(また)ぐようにしてその先に行く、区切りや障害となっているものの先に行く、同「逾」◆度(ど、区切り・限度・程度,N2,kun,kun,IL1_okurigana(kun 96%) | IL2_single_okuri(kun 96%),越:◆行く手(ゆくて)を阻(はば)んでいるものの上を跨(また)ぐようにしてその先に行く、区切りや障害となっているものの先に行く、同「逾」◆度(ど、区切り・限度・程度
kk_足る_たる,足る,たる,足:◆体や物体の一部で、胴から分かれ出て伸び、地に接して体を支えたり、歩行・走行・跳躍などの運動機能を担う部分、現代の中国では「脚」◆「歩く」「走る」などの足を使っ,N2,kun,kun,IL1_okurigana(kun 96%) | IL2_single_okuri(kun 96%) | B_verb_rad_足(kun 80%),足:◆体や物体の一部で、胴から分かれ出て伸び、地に接して体を支えたり、歩行・走行・跳躍などの運動機能を担う部分、現代の中国では「脚」◆「歩く」「走る」などの足を使っ
kk_足袋_たび,足袋,たび,足:◆体や物体の一部で、胴から分かれ出て伸び、地に接して体を支えたり、歩行・走行・跳躍などの運動機能を担う部分、現代の中国では「脚」◆「歩く」「走る」などの足を使っ; 袋:◆物を入れるための紙・布・革製の入れ物,N2,other,mixed+mixed~,A3_short_compound(on+on 71%) | B_verb_rad_足(kun 80%),足:◆体や物体の一部で、胴から分かれ出て伸び、地に接して体を支えたり、歩行・走行・跳躍などの運動機能を担う部分、現代の中国では「脚」◆「歩く」「走る」などの足を使っ; 袋:◆物を入れるための紙・布・革製の入れ物
kk_足跡_あしあと,足跡,あしあと,足:◆体や物体の一部で、胴から分かれ出て伸び、地に接して体を支えたり、歩行・走行・跳躍などの運動機能を担う部分、現代の中国では「脚」◆「歩く」「走る」などの足を使っ; 跡:◆歩いた所、歩いた所に残る足の印(しるし)◆物や出来事があった所に残る痕跡、同「迹」「蹟」◆簡「迹」,N2,kun,kun+kun~,B_verb_rad_足(kun 80%) | B_verb_rad_足(kun 80%),足:◆体や物体の一部で、胴から分かれ出て伸び、地に接して体を支えたり、歩行・走行・跳躍などの運動機能を担う部分、現代の中国では「脚」◆「歩く」「走る」などの足を使っ; 跡:◆歩いた所、歩いた所に残る足の印(しるし)◆物や出来事があった所に残る痕跡、同「迹」「蹟」◆簡「迹」
kk_跡_あと,跡,あと,跡:◆歩いた所、歩いた所に残る足の印(しるし)◆物や出来事があった所に残る痕跡、同「迹」「蹟」◆簡「迹」,N2,kun,kun,IL2_single_default(kun 84%) | B_verb_rad_足(kun 80%),跡:◆歩いた所、歩いた所に残る足の印(しるし)◆物や出来事があった所に残る痕跡、同「迹」「蹟」◆簡「迹」
kk_跨ぐ_またぐ,跨ぐ,またぐ,跨:◆股(また)の内側の部分、股間、同「胯」◆股を広げてものの上を越える、股を広げてものの上に乗る,N2,kun,kun,IL1_okurigana(kun 96%) | IL2_single_okuri(kun 96%) | B_verb_rad_足(kun 80%),跨:◆股(また)の内側の部分、股間、同「胯」◆股を広げてものの上を越える、股を広げてものの上に乗る
kk_跳ねる_はねる,跳ねる,はねる,跳:◆両足が地を離れるように高く飛び上がる◆地を蹴(け)って飛び上がり離れた場所に着地する,N2,kun,kun,IL1_okurigana(kun 96%) | IL2_single_okuri(kun 96%) | B_verb_rad_足(kun 80%),跳:◆両足が地を離れるように高く飛び上がる◆地を蹴(け)って飛び上がり離れた場所に着地する
kk_跳ぶ_とぶ,跳ぶ,とぶ,跳:◆両足が地を離れるように高く飛び上がる◆地を蹴(け)って飛び上がり離れた場所に着地する,N2,kun,kun,IL1_okurigana(kun 96%) | IL2_single_okuri(kun 96%) | B_verb_rad_足(kun 80%),跳:◆両足が地を離れるように高く飛び上がる◆地を蹴(け)って飛び上がり離れた場所に着地する
kk_躊躇う_ためらう,躊躇う,ためらう,躊:◆「躊躇(チュウチョ、ためら・う)」、少し進んでは立ち止まり少し進んでは立ち止まるさま、迷ってなかなか前に進めないさま、事を起こす前にじっくりと考えを巡らすさま; 躇:◆少し進んで立ち止まる、「ぴたっと足を地に着ける、足を地に着けたまま動かない」の意◆「躊躇(チュウチョ、ためら・う)」、少し進んでは立ち止まり少し進んでは立ち止,N2,on,on+on~,IL1_okurigana(kun 96%) | A1_compound_oku(kun 90%) | A1_on_kun_mix(on+kun 65%),躊:◆「躊躇(チュウチョ、ためら・う)」、少し進んでは立ち止まり少し進んでは立ち止まるさま、迷ってなかなか前に進めないさま、事を起こす前にじっくりと考えを巡らすさま; 躇:◆少し進んで立ち止まる、「ぴたっと足を地に着ける、足を地に着けたまま動かない」の意◆「躊躇(チュウチョ、ためら・う)」、少し進んでは立ち止まり少し進んでは立ち止
kk_躓く_つまずく,躓く,つまずく,躓:◆足が物に当たってよろめく、また転ぶ◆物事が障害のために停滞・失敗する,N2,other,unknown,IL1_okurigana(kun 96%) | IL2_single_okuri(kun 96%) | B_verb_rad_足(kun 80%),躓:◆足が物に当たってよろめく、また転ぶ◆物事が障害のために停滞・失敗する
kk_身体_しんたい,身体,しんたい,身:◆(頭部を除いた)体(からだ)、躯体(クタイ)、同「躯」「躬」◆中に含まれているもの、また入っているもの、本体◆人の一生、命(いのち)◆吾(われ)、我(わ)が、; 体:◆頭から足の先までの全身、ものの全部、ものの主要な部分、またその姿形や様子、「身体(シンタイ、体、肉体)」「本体(ホンタイ、ものの本当の姿、ものの中心的部分)」,N2,on,on+on,,身:◆(頭部を除いた)体(からだ)、躯体(クタイ)、同「躯」「躬」◆中に含まれているもの、また入っているもの、本体◆人の一生、命(いのち)◆吾(われ)、我(わ)が、; 体:◆頭から足の先までの全身、ものの全部、ものの主要な部分、またその姿形や様子、「身体(シンタイ、体、肉体)」「本体(ホンタイ、ものの本当の姿、ものの中心的部分)」
kk_躾ける_しつける,躾ける,しつける,躾:◆[日]礼儀作法、礼儀作法を身に付けさせる,N2,kun,kun,IL1_okurigana(kun 96%) | IL2_single_okuri(kun 96%),躾:◆[日]礼儀作法、礼儀作法を身に付けさせる
kk_車輪_しゃりん,車輪,しゃりん,車:◆二つの輪(リン、車輪)の中心に軸(ジク、車軸)を通し、その上に人や物を乗せるための台(車台)を設(しつら)えたもの ◆輪状・円状のものが軸を中心として回転する; 輪:◆回りながら車の移動を容易にするための円形で中央部が空いている部品、丸太を輪切りにしたようなものは「輇」 ◆円形で中央部が空いている形、またそのような形のもの◆,N2,on,on+on,A3_short_compound(on+on 71%),車:◆二つの輪(リン、車輪)の中心に軸(ジク、車軸)を通し、その上に人や物を乗せるための台(車台)を設(しつら)えたもの ◆輪状・円状のものが軸を中心として回転する; 輪:◆回りながら車の移動を容易にするための円形で中央部が空いている部品、丸太を輪切りにしたようなものは「輇」 ◆円形で中央部が空いている形、またそのような形のもの◆
kk_軒_のき,軒,のき,軒:◆重心を後寄りにして前部が持ち上がるようにした車、大夫(タイフ)以上の高位の人が乗る車、重心を前寄りにして後部が持ち上がる車を「輊」◆屋根の建物から外に張り出し,N2,kun,kun,IL2_single_default(kun 84%),軒:◆重心を後寄りにして前部が持ち上がるようにした車、大夫(タイフ)以上の高位の人が乗る車、重心を前寄りにして後部が持ち上がる車を「輊」◆屋根の建物から外に張り出し
kk_軟弱_なんじゃく,軟弱,なんじゃく,軟:◆柔らかい、柔らかく変形・伸縮し易い◆しなやかな、弱々しい◆穏やかな、緩(ゆる)やかな; 弱:◆(何かをするために必要な)力が十分でない、力が足りない、力が劣(おと)っている、力強さがない◆やや足りない、やや及ばない◆衰(おとろ)える、力強さがなくなる◆,N2,on,on+on,,軟:◆柔らかい、柔らかく変形・伸縮し易い◆しなやかな、弱々しい◆穏やかな、緩(ゆる)やかな; 弱:◆(何かをするために必要な)力が十分でない、力が足りない、力が劣(おと)っている、力強さがない◆やや足りない、やや及ばない◆衰(おとろ)える、力強さがなくなる◆
kk_転々_てんてん,転々,てんてん,転:◆(車輪が回るように)ごろりと回る、ぐるりと回る、「回転(カイテン)」◆(車輪が接地する位置を変えながら転がり進んで行くように次へ次へと)位置や方向を変える、ま,N2,on,on,IL2_single_default(kun 84%),転:◆(車輪が回るように)ごろりと回る、ぐるりと回る、「回転(カイテン)」◆(車輪が接地する位置を変えながら転がり進んで行くように次へ次へと)位置や方向を変える、ま
kk_転がす_ころがす,転がす,ころがす,転:◆(車輪が回るように)ごろりと回る、ぐるりと回る、「回転(カイテン)」◆(車輪が接地する位置を変えながら転がり進んで行くように次へ次へと)位置や方向を変える、ま,N2,kun,kun,IL1_okurigana(kun 96%) | IL2_single_okuri(kun 96%),転:◆(車輪が回るように)ごろりと回る、ぐるりと回る、「回転(カイテン)」◆(車輪が接地する位置を変えながら転がり進んで行くように次へ次へと)位置や方向を変える、ま
kk_転勤_てんきん,転勤,てんきん,転:◆(車輪が回るように)ごろりと回る、ぐるりと回る、「回転(カイテン)」◆(車輪が接地する位置を変えながら転がり進んで行くように次へ次へと)位置や方向を変える、ま; 勤:◆すべきことに(仕事に)力を注(そそ)ぐ、励(はげ)む、精(セイ)を出す、同「廑」,N2,on,on+on,B_verb_rad_力(kun 80%),転:◆(車輪が回るように)ごろりと回る、ぐるりと回る、「回転(カイテン)」◆(車輪が接地する位置を変えながら転がり進んで行くように次へ次へと)位置や方向を変える、ま; 勤:◆すべきことに(仕事に)力を注(そそ)ぐ、励(はげ)む、精(セイ)を出す、同「廑」
kk_転回_てんかい,転回,てんかい,転:◆(車輪が回るように)ごろりと回る、ぐるりと回る、「回転(カイテン)」◆(車輪が接地する位置を変えながら転がり進んで行くように次へ次へと)位置や方向を変える、ま; 回:◆円を描(えが)くように動く、一周して(一巡して)元に戻る、同「廻」「迴」、「回復(カイフク)」「回帰(カイキ)」◆元に戻す、元に返す、「回答(カイトウ)」◆(,N2,on,on+on,,転:◆(車輪が回るように)ごろりと回る、ぐるりと回る、「回転(カイテン)」◆(車輪が接地する位置を変えながら転がり進んで行くように次へ次へと)位置や方向を変える、ま; 回:◆円を描(えが)くように動く、一周して(一巡して)元に戻る、同「廻」「迴」、「回復(カイフク)」「回帰(カイキ)」◆元に戻す、元に返す、「回答(カイトウ)」◆(
kk_転換_てんかん,転換,てんかん,転:◆(車輪が回るように)ごろりと回る、ぐるりと回る、「回転(カイテン)」◆(車輪が接地する位置を変えながら転がり進んで行くように次へ次へと)位置や方向を変える、ま; 換:◆今あるものをそれまでのものとは別のものに替える,N2,on,on+on,B_verb_rad_手(kun 80%),転:◆(車輪が回るように)ごろりと回る、ぐるりと回る、「回転(カイテン)」◆(車輪が接地する位置を変えながら転がり進んで行くように次へ次へと)位置や方向を変える、ま; 換:◆今あるものをそれまでのものとは別のものに替える
kk_軽々と_かるがると,軽々と,かるがると,軽:◆重くない、重くなく素早く動ける(車)、重くなく扱い易い(車)◆積載量が少ない、重さや程度が少ない◆重みがない、どっしりとしていない◆重要ではない,N2,kun,kun,IL1_okurigana(kun 96%) | IL2_single_okuri(kun 96%),軽:◆重くない、重くなく素早く動ける(車)、重くなく扱い易い(車)◆積載量が少ない、重さや程度が少ない◆重みがない、どっしりとしていない◆重要ではない
kk_軽視_けいし,軽視,けいし,軽:◆重くない、重くなく素早く動ける(車)、重くなく扱い易い(車)◆積載量が少ない、重さや程度が少ない◆重みがない、どっしりとしていない◆重要ではない; 視:◆(自然に目に入ってきたものではなく、見ようとするものに視線を向けて)見る、よく見る、注意深く見る、よく比べながら見る◆見守る、見守り世話する◆示(しめ)す、は,N2,on,on+on,A3_short_compound(on+on 71%),軽:◆重くない、重くなく素早く動ける(車)、重くなく扱い易い(車)◆積載量が少ない、重さや程度が少ない◆重みがない、どっしりとしていない◆重要ではない; 視:◆(自然に目に入ってきたものではなく、見ようとするものに視線を向けて)見る、よく見る、注意深く見る、よく比べながら見る◆見守る、見守り世話する◆示(しめ)す、は
kk_軽食_けいしょく,軽食,けいしょく,軽:◆重くない、重くなく素早く動ける(車)、重くなく扱い易い(車)◆積載量が少ない、重さや程度が少ない◆重みがない、どっしりとしていない◆重要ではない; 食:◆(固形の食べ物を)口の中でよく噛んで胃に入れる、よく噛んで胃に入れるもの、噛まずに胃に入れるのは「飲」◆(生きていくために必要な食べ物を得るための)俸禄(ホウ,N2,on,on+on,,軽:◆重くない、重くなく素早く動ける(車)、重くなく扱い易い(車)◆積載量が少ない、重さや程度が少ない◆重みがない、どっしりとしていない◆重要ではない; 食:◆(固形の食べ物を)口の中でよく噛んで胃に入れる、よく噛んで胃に入れるもの、噛まずに胃に入れるのは「飲」◆(生きていくために必要な食べ物を得るための)俸禄(ホウ
kk_輪_わ,輪,わ,輪:◆回りながら車の移動を容易にするための円形で中央部が空いている部品、丸太を輪切りにしたようなものは「輇」 ◆円形で中央部が空いている形、またそのような形のもの◆,N2,kun,kun,IL2_single_default(kun 84%),輪:◆回りながら車の移動を容易にするための円形で中央部が空いている部品、丸太を輪切りにしたようなものは「輇」 ◆円形で中央部が空いている形、またそのような形のもの◆
kk_輸血_ゆけつ,輸血,ゆけつ,輸:◆ものを(車に乗せて)別の場所に運ぶ、ものを送る、またその品物◆(勝負に)敗(やぶ)れる、敗(ま)ける; 血:◆動物の体内を循環し養分や老廃物を運ぶ役目をする液体◆同じ親を持つ人、またその人たちの代々の繋(つな)がり◆「血気(ケッキ)」、体を維持する血液と体を動かす気力,N2,on,on+on,A3_short_compound(on+on 71%),輸:◆ものを(車に乗せて)別の場所に運ぶ、ものを送る、またその品物◆(勝負に)敗(やぶ)れる、敗(ま)ける; 血:◆動物の体内を循環し養分や老廃物を運ぶ役目をする液体◆同じ親を持つ人、またその人たちの代々の繋(つな)がり◆「血気(ケッキ)」、体を維持する血液と体を動かす気力
kk_輸送_ゆそう,輸送,ゆそう,輸:◆ものを(車に乗せて)別の場所に運ぶ、ものを送る、またその品物◆(勝負に)敗(やぶ)れる、敗(ま)ける; 送:◆行く人(別れる人、帰る人、旅立つ人、亡くなった人など)と途中まで同道する、出向いて行って迎えるのは「迎」◆ものを目的地へ運び届ける◆贈(おく)る、遣(つか)わ,N2,on,on+on,A3_short_compound(on+on 71%),輸:◆ものを(車に乗せて)別の場所に運ぶ、ものを送る、またその品物◆(勝負に)敗(やぶ)れる、敗(ま)ける; 送:◆行く人(別れる人、帰る人、旅立つ人、亡くなった人など)と途中まで同道する、出向いて行って迎えるのは「迎」◆ものを目的地へ運び届ける◆贈(おく)る、遣(つか)わ
kk_辞退_じたい,辞退,じたい,辞:◆説(と)く、分かるように順序立てて話す、説明する、「【說文解字注:辛部:辭】說也(…說者釋也)𤔬辛猶理辜也」◆丁寧に分かり易く述べる、また説明する、またその言; 退:◆後ろに向かう、後ろへ下がる、後ろ向きに進む、逆は「進」◆今いる場所から遠ざかる方に向かう、その場を立ち去る◆体を後へ引く、身を引く◆状態が悪くなる(衰える、弱,N2,on,on+on,A3_short_compound(on+on 71%),辞:◆説(と)く、分かるように順序立てて話す、説明する、「【說文解字注:辛部:辭】說也(…說者釋也)𤔬辛猶理辜也」◆丁寧に分かり易く述べる、また説明する、またその言; 退:◆後ろに向かう、後ろへ下がる、後ろ向きに進む、逆は「進」◆今いる場所から遠ざかる方に向かう、その場を立ち去る◆体を後へ引く、身を引く◆状態が悪くなる(衰える、弱
kk_農薬_のうやく,農薬,のうやく,農:◆田畑を耕し、作物の種を播(ま)き育て収穫する、またその仕事、またそれ従事する人、「農業(ノウギョウ)」「農夫(ノウフ)」◆「神農(シンノウ)」、伝承上の人で、; 薬:◆病(やまい)や傷を治(なお)したり癒(いや)したりする効果のある物質◆病や傷を治す、癒す◆他に化学作用を及ぼす物質◆「芍薬(シャクヤク)」、ボタン科ボタン属 ,N2,on,on+on,,農:◆田畑を耕し、作物の種を播(ま)き育て収穫する、またその仕事、またそれ従事する人、「農業(ノウギョウ)」「農夫(ノウフ)」◆「神農(シンノウ)」、伝承上の人で、; 薬:◆病(やまい)や傷を治(なお)したり癒(いや)したりする効果のある物質◆病や傷を治す、癒す◆他に化学作用を及ぼす物質◆「芍薬(シャクヤク)」、ボタン科ボタン属 
kk_近道_ちかみち,近道,ちかみち,近:◆位置・時間・関係・状態などがすぐ傍(そば)にある◆迫(せま)る、すぐ傍まで寄る、また寄せる◆親(ちか)しい、親(した)しい(間柄や関係などが近い)◆似ている(; 道:◆出発地から目的地へ通じている路(みち)、人や動物などが往来する通り路、「道路(ドウロ)」、同「路」◆目的を達するための経路、手順や方法◆導(みちび)く、手引き,N2,kun,kun+kun~,,近:◆位置・時間・関係・状態などがすぐ傍(そば)にある◆迫(せま)る、すぐ傍まで寄る、また寄せる◆親(ちか)しい、親(した)しい(間柄や関係などが近い)◆似ている(; 道:◆出発地から目的地へ通じている路(みち)、人や動物などが往来する通り路、「道路(ドウロ)」、同「路」◆目的を達するための経路、手順や方法◆導(みちび)く、手引き
kk_返る_かえる,返る,かえる,返:◆帰る、行った先から出発したところに戻る、同「𢓉」◆元に戻る、元に戻す◆[日]反対向きにする、反対向きになる,N2,kun,kun,IL1_okurigana(kun 96%) | IL2_single_okuri(kun 96%),返:◆帰る、行った先から出発したところに戻る、同「𢓉」◆元に戻る、元に戻す◆[日]反対向きにする、反対向きになる
kk_迫る_せまる,迫る,せまる,迫:◆間近(まじか)まで近づく、間(あいだ)が狭まる、間(ま)が詰まる、「逼迫(ヒッパク)」◆(身動きができないところまで)間を詰める、追い詰める、「強迫(キョウハ,N2,kun,kun,IL1_okurigana(kun 96%) | IL2_single_okuri(kun 96%),迫:◆間近(まじか)まで近づく、間(あいだ)が狭まる、間(ま)が詰まる、「逼迫(ヒッパク)」◆(身動きができないところまで)間を詰める、追い詰める、「強迫(キョウハ
kk_迫力_はくりょく,迫力,はくりょく,迫:◆間近(まじか)まで近づく、間(あいだ)が狭まる、間(ま)が詰まる、「逼迫(ヒッパク)」◆(身動きができないところまで)間を詰める、追い詰める、「強迫(キョウハ; 力:◆ものを動かすもの、ものを動かしているもの、ものに働(はたら)くもの、「強力(キョウリョク、強い力)」◆働く、務(つと)める、勤(つと)める、「努力(ドリョク、,N2,on,on+on,B_verb_rad_力(kun 80%),迫:◆間近(まじか)まで近づく、間(あいだ)が狭まる、間(ま)が詰まる、「逼迫(ヒッパク)」◆(身動きができないところまで)間を詰める、追い詰める、「強迫(キョウハ; 力:◆ものを動かすもの、ものを動かしているもの、ものに働(はたら)くもの、「強力(キョウリョク、強い力)」◆働く、務(つと)める、勤(つと)める、「努力(ドリョク、
kk_迷信_めいしん,迷信,めいしん,迷:◆どちらに行ったらよいか(どうしたらよいか)分からなくなる、戸惑(とまど)う; 信:◆誠実なさま、嘘偽りがないさま、言ったことを違(たが)えないさま◆確かであるとして疑わない、一点の疑いもない、「信用する」の意◆確かな、間違いない、確かに、本当,N2,on,on+on,,迷:◆どちらに行ったらよいか(どうしたらよいか)分からなくなる、戸惑(とまど)う; 信:◆誠実なさま、嘘偽りがないさま、言ったことを違(たが)えないさま◆確かであるとして疑わない、一点の疑いもない、「信用する」の意◆確かな、間違いない、確かに、本当
kk_追い付く_おいつく,追い付く,おいつく,追:◆先に行った者の跡を辿(たど)って行く、済んだ物事と同じ道を逆に辿る、現在(結果)に至るまでの道筋を過去(原因)に向かって遡(さかのぼ)って行く、「追跡(ツイセ; 付:◆手ずから授(さず)ける、直接手を取って与える、同「仅」◆渡し与える、渡して任せる、委(ゆだ)ねる◆[日]他のものに加える、また添える、また足す、同「附」,N2,kun,kun+kun~,IL1_okurigana(kun 96%) | A1_compound_oku(kun 90%) | A1_on_kun_mix(on+kun 65%),追:◆先に行った者の跡を辿(たど)って行く、済んだ物事と同じ道を逆に辿る、現在(結果)に至るまでの道筋を過去(原因)に向かって遡(さかのぼ)って行く、「追跡(ツイセ; 付:◆手ずから授(さず)ける、直接手を取って与える、同「仅」◆渡し与える、渡して任せる、委(ゆだ)ねる◆[日]他のものに加える、また添える、また足す、同「附」
kk_追い抜く_おいぬく,追い抜く,おいぬく,追:◆先に行った者の跡を辿(たど)って行く、済んだ物事と同じ道を逆に辿る、現在(結果)に至るまでの道筋を過去(原因)に向かって遡(さかのぼ)って行く、「追跡(ツイセ; 抜:◆多くの中で一部だけが見えているところを掴んで引っ張り出す◆多くの中から必要なもの或いは不必要なものを選んで取り出す◆多くの中でそこだけ(それだけ)が突き出てい,N2,kun,kun+kun~,IL1_okurigana(kun 96%) | A1_compound_oku(kun 90%) | A1_on_kun_mix(on+kun 65%),追:◆先に行った者の跡を辿(たど)って行く、済んだ物事と同じ道を逆に辿る、現在(結果)に至るまでの道筋を過去(原因)に向かって遡(さかのぼ)って行く、「追跡(ツイセ; 抜:◆多くの中で一部だけが見えているところを掴んで引っ張り出す◆多くの中から必要なもの或いは不必要なものを選んで取り出す◆多くの中でそこだけ(それだけ)が突き出てい
kk_追い越す_おいこす,追い越す,おいこす,追:◆先に行った者の跡を辿(たど)って行く、済んだ物事と同じ道を逆に辿る、現在(結果)に至るまでの道筋を過去(原因)に向かって遡(さかのぼ)って行く、「追跡(ツイセ; 越:◆行く手(ゆくて)を阻(はば)んでいるものの上を跨(また)ぐようにしてその先に行く、区切りや障害となっているものの先に行く、同「逾」◆度(ど、区切り・限度・程度,N2,kun,kun+kun~,IL1_okurigana(kun 96%) | A1_compound_oku(kun 90%) | A1_on_kun_mix(on+kun 65%),追:◆先に行った者の跡を辿(たど)って行く、済んだ物事と同じ道を逆に辿る、現在(結果)に至るまでの道筋を過去(原因)に向かって遡(さかのぼ)って行く、「追跡(ツイセ; 越:◆行く手(ゆくて)を阻(はば)んでいるものの上を跨(また)ぐようにしてその先に行く、区切りや障害となっているものの先に行く、同「逾」◆度(ど、区切り・限度・程度
kk_追い駆けて_おいかけて,追い駆けて,おいかけて,追:◆先に行った者の跡を辿(たど)って行く、済んだ物事と同じ道を逆に辿る、現在(結果)に至るまでの道筋を過去(原因)に向かって遡(さかのぼ)って行く、「追跡(ツイセ; 駆:◆馬に鞭(むち)を当て走らせる◆追い立てる、急(せ)かす◆追う、追い払う、追い遣(や)る◆速く走る、疾走する,N2,kun,kun+kun~,IL1_okurigana(kun 96%) | A1_compound_oku(kun 90%) | A1_on_kun_mix(on+kun 65%),追:◆先に行った者の跡を辿(たど)って行く、済んだ物事と同じ道を逆に辿る、現在(結果)に至るまでの道筋を過去(原因)に向かって遡(さかのぼ)って行く、「追跡(ツイセ; 駆:◆馬に鞭(むち)を当て走らせる◆追い立てる、急(せ)かす◆追う、追い払う、追い遣(や)る◆速く走る、疾走する
kk_追い駆ける_おいかける,追い駆ける,おいかける,追:◆先に行った者の跡を辿(たど)って行く、済んだ物事と同じ道を逆に辿る、現在(結果)に至るまでの道筋を過去(原因)に向かって遡(さかのぼ)って行く、「追跡(ツイセ; 駆:◆馬に鞭(むち)を当て走らせる◆追い立てる、急(せ)かす◆追う、追い払う、追い遣(や)る◆速く走る、疾走する,N2,kun,kun+kun~,IL1_okurigana(kun 96%) | A1_compound_oku(kun 90%) | A1_on_kun_mix(on+kun 65%),追:◆先に行った者の跡を辿(たど)って行く、済んだ物事と同じ道を逆に辿る、現在(結果)に至るまでの道筋を過去(原因)に向かって遡(さかのぼ)って行く、「追跡(ツイセ; 駆:◆馬に鞭(むち)を当て走らせる◆追い立てる、急(せ)かす◆追う、追い払う、追い遣(や)る◆速く走る、疾走する
kk_追加_ついか,追加,ついか,追:◆先に行った者の跡を辿(たど)って行く、済んだ物事と同じ道を逆に辿る、現在(結果)に至るまでの道筋を過去(原因)に向かって遡(さかのぼ)って行く、「追跡(ツイセ; 加:◆足(た)す、付け足す、継(つ)ぎ足す、注(つ)ぎ足す◆増(ふ)やす、増える◆その上に～、その上更に～,N2,on,on+on,A3_short_compound(on+on 71%) | B_verb_rad_力(kun 80%),追:◆先に行った者の跡を辿(たど)って行く、済んだ物事と同じ道を逆に辿る、現在(結果)に至るまでの道筋を過去(原因)に向かって遡(さかのぼ)って行く、「追跡(ツイセ; 加:◆足(た)す、付け足す、継(つ)ぎ足す、注(つ)ぎ足す◆増(ふ)やす、増える◆その上に～、その上更に～
kk_追求_ついきゅう,追求,ついきゅう,追:◆先に行った者の跡を辿(たど)って行く、済んだ物事と同じ道を逆に辿る、現在(結果)に至るまでの道筋を過去(原因)に向かって遡(さかのぼ)って行く、「追跡(ツイセ; 求:◆探(さが)す、飽(あ)くまでも捜(さが)す◆欲しいものを何とか得ようとする、他人にものが欲しい(して欲しい)とねだる、強く乞(こ)う,N2,on,on+on,,追:◆先に行った者の跡を辿(たど)って行く、済んだ物事と同じ道を逆に辿る、現在(結果)に至るまでの道筋を過去(原因)に向かって遡(さかのぼ)って行く、「追跡(ツイセ; 求:◆探(さが)す、飽(あ)くまでも捜(さが)す◆欲しいものを何とか得ようとする、他人にものが欲しい(して欲しい)とねだる、強く乞(こ)う
kk_退かす_どかす,退かす,どかす,退:◆後ろに向かう、後ろへ下がる、後ろ向きに進む、逆は「進」◆今いる場所から遠ざかる方に向かう、その場を立ち去る◆体を後へ引く、身を引く◆状態が悪くなる(衰える、弱,N2,kun,kun,IL1_okurigana(kun 96%) | IL2_single_okuri(kun 96%),退:◆後ろに向かう、後ろへ下がる、後ろ向きに進む、逆は「進」◆今いる場所から遠ざかる方に向かう、その場を立ち去る◆体を後へ引く、身を引く◆状態が悪くなる(衰える、弱
kk_退ける_どける,退ける,どける,退:◆後ろに向かう、後ろへ下がる、後ろ向きに進む、逆は「進」◆今いる場所から遠ざかる方に向かう、その場を立ち去る◆体を後へ引く、身を引く◆状態が悪くなる(衰える、弱,N2,kun,kun,IL1_okurigana(kun 96%) | IL2_single_okuri(kun 96%),退:◆後ろに向かう、後ろへ下がる、後ろ向きに進む、逆は「進」◆今いる場所から遠ざかる方に向かう、その場を立ち去る◆体を後へ引く、身を引く◆状態が悪くなる(衰える、弱
kk_退ける_のける,退ける,のける,退:◆後ろに向かう、後ろへ下がる、後ろ向きに進む、逆は「進」◆今いる場所から遠ざかる方に向かう、その場を立ち去る◆体を後へ引く、身を引く◆状態が悪くなる(衰える、弱,N2,kun,kun,IL1_okurigana(kun 96%) | IL2_single_okuri(kun 96%),退:◆後ろに向かう、後ろへ下がる、後ろ向きに進む、逆は「進」◆今いる場所から遠ざかる方に向かう、その場を立ち去る◆体を後へ引く、身を引く◆状態が悪くなる(衰える、弱
kk_退会_たいかい,退会,たいかい,退:◆後ろに向かう、後ろへ下がる、後ろ向きに進む、逆は「進」◆今いる場所から遠ざかる方に向かう、その場を立ち去る◆体を後へ引く、身を引く◆状態が悪くなる(衰える、弱; 会:◆人が集まる、同じ時間や場所に(同じ目的で)集まる、「会合(カイゴウ)」◆多くの人が(出向いて)集まる、また集まったところ、「集会(シュウカイ)」「都会(トカイ,N2,on,on+on,,退:◆後ろに向かう、後ろへ下がる、後ろ向きに進む、逆は「進」◆今いる場所から遠ざかる方に向かう、その場を立ち去る◆体を後へ引く、身を引く◆状態が悪くなる(衰える、弱; 会:◆人が集まる、同じ時間や場所に(同じ目的で)集まる、「会合(カイゴウ)」◆多くの人が(出向いて)集まる、また集まったところ、「集会(シュウカイ)」「都会(トカイ
kk_退学_たいがく,退学,たいがく,退:◆後ろに向かう、後ろへ下がる、後ろ向きに進む、逆は「進」◆今いる場所から遠ざかる方に向かう、その場を立ち去る◆体を後へ引く、身を引く◆状態が悪くなる(衰える、弱; 学:◆(教えを受けながら、見て倣いながら)知識や技術などを身に付ける、習得する、またその内容、知識や技術などを授(さず)けることを「教」◆教えを受け知識や技術などを,N2,on,on+on,,退:◆後ろに向かう、後ろへ下がる、後ろ向きに進む、逆は「進」◆今いる場所から遠ざかる方に向かう、その場を立ち去る◆体を後へ引く、身を引く◆状態が悪くなる(衰える、弱; 学:◆(教えを受けながら、見て倣いながら)知識や技術などを身に付ける、習得する、またその内容、知識や技術などを授(さず)けることを「教」◆教えを受け知識や技術などを
kk_送り仮名_おくりがな,送り仮名,おくりがな,送:◆行く人(別れる人、帰る人、旅立つ人、亡くなった人など)と途中まで同道する、出向いて行って迎えるのは「迎」◆ものを目的地へ運び届ける◆贈(おく)る、遣(つか)わ; 仮:◆他から(他のものを)一時的に借りる、他に一時的に貸す、同「叚」◆実際とは違うが一時的に他のものを用いる、足りないところに他のものを借りて当てる、他のもので間に; 名:◆人に付ける呼称、また動物・もの・出来事などを呼んだり指し示したり識別したりするためにその各々に付ける呼称、「名称(メイショウ)」◆呼称を付ける、「命名(メイメ,N2,other,mixed+mixed+mixed~,IL1_okurigana(kun 96%) | A1_compound_oku(kun 90%) | A1_on_kun_mix(on+kun 65%),送:◆行く人(別れる人、帰る人、旅立つ人、亡くなった人など)と途中まで同道する、出向いて行って迎えるのは「迎」◆ものを目的地へ運び届ける◆贈(おく)る、遣(つか)わ; 仮:◆他から(他のものを)一時的に借りる、他に一時的に貸す、同「叚」◆実際とは違うが一時的に他のものを用いる、足りないところに他のものを借りて当てる、他のもので間に; 名:◆人に付ける呼称、また動物・もの・出来事などを呼んだり指し示したり識別したりするためにその各々に付ける呼称、「名称(メイショウ)」◆呼称を付ける、「命名(メイメ
kk_送別_そうべつ,送別,そうべつ,送:◆行く人(別れる人、帰る人、旅立つ人、亡くなった人など)と途中まで同道する、出向いて行って迎えるのは「迎」◆ものを目的地へ運び届ける◆贈(おく)る、遣(つか)わ; 別:◆切って分(わ)ける、分離する、分けて離す、分けたものが繋(つな)がっていない状態にする◆分かれる、分かれ離れる◆他と繋がりがない、他とは違う、異なる◆他(ほか,N2,on,on+on,B_verb_rad_刀(kun 80%),送:◆行く人(別れる人、帰る人、旅立つ人、亡くなった人など)と途中まで同道する、出向いて行って迎えるのは「迎」◆ものを目的地へ運び届ける◆贈(おく)る、遣(つか)わ; 別:◆切って分(わ)ける、分離する、分けて離す、分けたものが繋(つな)がっていない状態にする◆分かれる、分かれ離れる◆他と繋がりがない、他とは違う、異なる◆他(ほか
kk_送金_そうきん,送金,そうきん,送:◆行く人(別れる人、帰る人、旅立つ人、亡くなった人など)と途中まで同道する、出向いて行って迎えるのは「迎」◆ものを目的地へ運び届ける◆贈(おく)る、遣(つか)わ; 金:◆黄金・白銀・赤銅・青銅・青鉛・黒鉄などの総称、金属の総称◆(黄金のように)黄色い、輝く、美しい、貴重な、(金属のように)堅い◆金属製のもの◆銭(ぜに)、またそ,N2,on,on+on,B_noun_rad_金(kun 93%),送:◆行く人(別れる人、帰る人、旅立つ人、亡くなった人など)と途中まで同道する、出向いて行って迎えるのは「迎」◆ものを目的地へ運び届ける◆贈(おく)る、遣(つか)わ; 金:◆黄金・白銀・赤銅・青銅・青鉛・黒鉄などの総称、金属の総称◆(黄金のように)黄色い、輝く、美しい、貴重な、(金属のように)堅い◆金属製のもの◆銭(ぜに)、またそ
kk_逃がす_にがす,逃がす,にがす,逃:◆受け入れ難い状態から抜け出る、受け入れ難い状態に陥らない方向に向かって行く、避けて遠ざかる,N2,kun,kun,IL1_okurigana(kun 96%) | IL2_single_okuri(kun 96%),逃:◆受け入れ難い状態から抜け出る、受け入れ難い状態に陥らない方向に向かって行く、避けて遠ざかる
kk_逃げ出す_にげだす,逃げ出す,にげだす,逃:◆受け入れ難い状態から抜け出る、受け入れ難い状態に陥らない方向に向かって行く、避けて遠ざかる; 出:◆範囲・領域・組織や区切り・境界の内(内側、内部、裏側、こちら側、私的なところ)から外(外側、外部、表側、向こう側、公のところ)に移る、また移す、外から内へ移る,N2,kun,kun+kun~,IL1_okurigana(kun 96%) | A1_compound_oku(kun 90%) | A1_on_kun_mix(on+kun 65%),逃:◆受け入れ難い状態から抜け出る、受け入れ難い状態に陥らない方向に向かって行く、避けて遠ざかる; 出:◆範囲・領域・組織や区切り・境界の内(内側、内部、裏側、こちら側、私的なところ)から外(外側、外部、表側、向こう側、公のところ)に移る、また移す、外から内へ移る
kk_逃避_とうひ,逃避,とうひ,逃:◆受け入れ難い状態から抜け出る、受け入れ難い状態に陥らない方向に向かって行く、避けて遠ざかる; 避:◆障害となるものに当たらないような位置・場所に移動する、当たらないように身を躱(かわ)す、身を逸(そ)らす、同「辟」、「迴避、回避(カイヒ)」◆中心から去る、退,N2,on,on+on,A3_short_compound(on+on 71%),逃:◆受け入れ難い状態から抜け出る、受け入れ難い状態に陥らない方向に向かって行く、避けて遠ざかる; 避:◆障害となるものに当たらないような位置・場所に移動する、当たらないように身を躱(かわ)す、身を逸(そ)らす、同「辟」、「迴避、回避(カイヒ)」◆中心から去る、退
kk_逆さ_さかさ,逆さ,さかさ,"逆:◆""→""向きに進むべきものが""←""向きに進む、進むべき道(道理や道徳など)に反する、本来の(一般的な)方向や順序と反対向きである、「逆行(ギャッコウ)」「逆流(",N2,kun,kun,IL1_okurigana(kun 96%) | IL2_single_okuri(kun 96%),"逆:◆""→""向きに進むべきものが""←""向きに進む、進むべき道(道理や道徳など)に反する、本来の(一般的な)方向や順序と反対向きである、「逆行(ギャッコウ)」「逆流("
kk_逆らう_さからう,逆らう,さからう,"逆:◆""→""向きに進むべきものが""←""向きに進む、進むべき道(道理や道徳など)に反する、本来の(一般的な)方向や順序と反対向きである、「逆行(ギャッコウ)」「逆流(",N2,kun,kun,IL1_okurigana(kun 96%) | IL2_single_okuri(kun 96%),"逆:◆""→""向きに進むべきものが""←""向きに進む、進むべき道(道理や道徳など)に反する、本来の(一般的な)方向や順序と反対向きである、「逆行(ギャッコウ)」「逆流("
kk_逆様_さかさま,逆様,さかさま,"逆:◆""→""向きに進むべきものが""←""向きに進む、進むべき道(道理や道徳など)に反する、本来の(一般的な)方向や順序と反対向きである、「逆行(ギャッコウ)」「逆流(; 様:◆物事の性格や状態、また姿や形、あり方また見掛け◆形や姿、状態やあり方、方法や方式、同「𢳌」◆形や姿・状態やあり方・方法や方式などの種類を数える語◆クヌギ(櫟、",N2,kun,kun+kun~,B_noun_rad_木(kun 93%),"逆:◆""→""向きに進むべきものが""←""向きに進む、進むべき道(道理や道徳など)に反する、本来の(一般的な)方向や順序と反対向きである、「逆行(ギャッコウ)」「逆流(; 様:◆物事の性格や状態、また姿や形、あり方また見掛け◆形や姿、状態やあり方、方法や方式、同「𢳌」◆形や姿・状態やあり方・方法や方式などの種類を数える語◆クヌギ(櫟、"
kk_逆立ち_さかだち,逆立ち,さかだち,"逆:◆""→""向きに進むべきものが""←""向きに進む、進むべき道(道理や道徳など)に反する、本来の(一般的な)方向や順序と反対向きである、「逆行(ギャッコウ)」「逆流(; 立:◆地(チ、地面、土台、基盤)に足を着け垂直にする、また垂直になる、地から上に向かって伸ばす、また伸びる◆しっかりとした土台を築いてその上にものを作り上げて行く、",N2,other,mixed+mixed~,IL1_okurigana(kun 96%) | A1_compound_oku(kun 90%) | A1_on_kun_mix(on+kun 65%),"逆:◆""→""向きに進むべきものが""←""向きに進む、進むべき道(道理や道徳など)に反する、本来の(一般的な)方向や順序と反対向きである、「逆行(ギャッコウ)」「逆流(; 立:◆地(チ、地面、土台、基盤)に足を着け垂直にする、また垂直になる、地から上に向かって伸ばす、また伸びる◆しっかりとした土台を築いてその上にものを作り上げて行く、"
kk_逆転_ぎゃくてん,逆転,ぎゃくてん,"逆:◆""→""向きに進むべきものが""←""向きに進む、進むべき道(道理や道徳など)に反する、本来の(一般的な)方向や順序と反対向きである、「逆行(ギャッコウ)」「逆流(; 転:◆(車輪が回るように)ごろりと回る、ぐるりと回る、「回転(カイテン)」◆(車輪が接地する位置を変えながら転がり進んで行くように次へ次へと)位置や方向を変える、ま",N2,on,on+on,,"逆:◆""→""向きに進むべきものが""←""向きに進む、進むべき道(道理や道徳など)に反する、本来の(一般的な)方向や順序と反対向きである、「逆行(ギャッコウ)」「逆流(; 転:◆(車輪が回るように)ごろりと回る、ぐるりと回る、「回転(カイテン)」◆(車輪が接地する位置を変えながら転がり進んで行くように次へ次へと)位置や方向を変える、ま"
kk_透き通る_すきとおる,透き通る,すきとおる,透:◆物を通して、また隙間を通して向こう側が見える◆(向こう側へ)通り抜ける、突き抜ける◆跳(と)ぶ、跳び上がる; 通:◆途中に障害となるようなものがなく反対側・向こう側・相手方・目的地まで達する、また達している◆支障なく行き来ができる、また行き来する、また行き来ができるようにす,N2,kun,kun+kun~,IL1_okurigana(kun 96%) | A1_compound_oku(kun 90%) | A1_on_kun_mix(on+kun 65%),透:◆物を通して、また隙間を通して向こう側が見える◆(向こう側へ)通り抜ける、突き抜ける◆跳(と)ぶ、跳び上がる; 通:◆途中に障害となるようなものがなく反対側・向こう側・相手方・目的地まで達する、また達している◆支障なく行き来ができる、また行き来する、また行き来ができるようにす
kk_通用_つうよう,通用,つうよう,通:◆途中に障害となるようなものがなく反対側・向こう側・相手方・目的地まで達する、また達している◆支障なく行き来ができる、また行き来する、また行き来ができるようにす; 用:◆人や物、或いはその特性や能力を使う、また使ってあることを行う、また役立たせる◆働かせる、発揮させる、またそのために必要な特性・能力・金銭など◆以(もっ)て◆[,N2,on,on+on,,通:◆途中に障害となるようなものがなく反対側・向こう側・相手方・目的地まで達する、また達している◆支障なく行き来ができる、また行き来する、また行き来ができるようにす; 用:◆人や物、或いはその特性や能力を使う、また使ってあることを行う、また役立たせる◆働かせる、発揮させる、またそのために必要な特性・能力・金銭など◆以(もっ)て◆[
kk_通行_つうこう,通行,つうこう,通:◆途中に障害となるようなものがなく反対側・向こう側・相手方・目的地まで達する、また達している◆支障なく行き来ができる、また行き来する、また行き来ができるようにす; 行:◆左足を前に出し(彳)次に右足を前に出す(亍)、足を交互に動かして前に進む◆目的とするところに向かって進む◆遠くに出掛ける、旅に出る◆道、人が往来する道路、同「,N2,on,on+on,,通:◆途中に障害となるようなものがなく反対側・向こう側・相手方・目的地まで達する、また達している◆支障なく行き来ができる、また行き来する、また行き来ができるようにす; 行:◆左足を前に出し(彳)次に右足を前に出す(亍)、足を交互に動かして前に進む◆目的とするところに向かって進む◆遠くに出掛ける、旅に出る◆道、人が往来する道路、同「
kk_通貨_つうか,通貨,つうか,通:◆途中に障害となるようなものがなく反対側・向こう側・相手方・目的地まで達する、また達している◆支障なく行き来ができる、また行き来する、また行き来ができるようにす; 貨:◆品物を買うための金銭、「貨幣(カヘイ)」◆金銭に交換できる(金銭と同じ価値がある)品物、財物◆商品、売り物、(金銭に変えることができる)品物◆賂(まいない)、,N2,on,on+on,A3_short_compound(on+on 71%),通:◆途中に障害となるようなものがなく反対側・向こう側・相手方・目的地まで達する、また達している◆支障なく行き来ができる、また行き来する、また行き来ができるようにす; 貨:◆品物を買うための金銭、「貨幣(カヘイ)」◆金銭に交換できる(金銭と同じ価値がある)品物、財物◆商品、売り物、(金銭に変えることができる)品物◆賂(まいない)、
kk_通路_つうろ,通路,つうろ,通:◆途中に障害となるようなものがなく反対側・向こう側・相手方・目的地まで達する、また達している◆支障なく行き来ができる、また行き来する、また行き来ができるようにす; 路:◆通り道、都市内・集落内・城内・邸内などの連絡用の道◆道、人などが往来する道、「道路(ドウロ)」、同「道」◆行き方、方法◆天子や諸侯が乗る車、同「輅」◆宋(96,N2,on,on+on,A3_short_compound(on+on 71%) | B_verb_rad_足(kun 80%),通:◆途中に障害となるようなものがなく反対側・向こう側・相手方・目的地まで達する、また達している◆支障なく行き来ができる、また行き来する、また行き来ができるようにす; 路:◆通り道、都市内・集落内・城内・邸内などの連絡用の道◆道、人などが往来する道、「道路(ドウロ)」、同「道」◆行き方、方法◆天子や諸侯が乗る車、同「輅」◆宋(96
kk_速やか_すみやか,速やか,すみやか,速:◆あっという間に、瞬(またた)く間に、間を置かずに、さっと◆疾(はや)い、あっという間に位置が変わる、また通り過ぎて行く、同「遬」◆間を置かずに動作・反応・対応,N2,kun,kun,IL1_okurigana(kun 96%) | IL2_single_okuri(kun 96%),速:◆あっという間に、瞬(またた)く間に、間を置かずに、さっと◆疾(はや)い、あっという間に位置が変わる、また通り過ぎて行く、同「遬」◆間を置かずに動作・反応・対応
kk_速力_そくりょく,速力,そくりょく,速:◆あっという間に、瞬(またた)く間に、間を置かずに、さっと◆疾(はや)い、あっという間に位置が変わる、また通り過ぎて行く、同「遬」◆間を置かずに動作・反応・対応; 力:◆ものを動かすもの、ものを動かしているもの、ものに働(はたら)くもの、「強力(キョウリョク、強い力)」◆働く、務(つと)める、勤(つと)める、「努力(ドリョク、,N2,on,on+on,B_verb_rad_力(kun 80%),速:◆あっという間に、瞬(またた)く間に、間を置かずに、さっと◆疾(はや)い、あっという間に位置が変わる、また通り過ぎて行く、同「遬」◆間を置かずに動作・反応・対応; 力:◆ものを動かすもの、ものを動かしているもの、ものに働(はたら)くもの、「強力(キョウリョク、強い力)」◆働く、務(つと)める、勤(つと)める、「努力(ドリョク、
kk_造船_ぞうせん,造船,ぞうせん,造:◆(素材に手を加えて、組み合わせて)作り上げる◆成(な)る、為(な)す、成し遂(と)げる◆到(いた)る、行き着く◆慌てる、慌ただしい◆「造次(ゾウジ)」◇ごく短; 船:◆川や沿岸を行き来する舟、外洋に出られる大きな舟は「舶」¶「舟」と「船」は同義だが、漢代では東方で「舟」・西方で「船」といい、後には一般に「舟」は小形のものを、,N2,on,on+on,,造:◆(素材に手を加えて、組み合わせて)作り上げる◆成(な)る、為(な)す、成し遂(と)げる◆到(いた)る、行き着く◆慌てる、慌ただしい◆「造次(ゾウジ)」◇ごく短; 船:◆川や沿岸を行き来する舟、外洋に出られる大きな舟は「舶」¶「舟」と「船」は同義だが、漢代では東方で「舟」・西方で「船」といい、後には一般に「舟」は小形のものを、
kk_連合_れんごう,連合,れんごう,連:◆途切れずに続く、次々に間を置かずに続く、また繋(つな)がる◆結び付く、関わり合いを持つ◆一緒に行動する◆続々と、次々に、間を置かずに; 合:◆人や物が集まって一緒になる、また一つになる◆幾つかのものを集め一緒にする、幾つかのものが集まり同じになる◆同じものを纏(まと)めた全体◆ぴったりと一致する、当,N2,on,on+on,,連:◆途切れずに続く、次々に間を置かずに続く、また繋(つな)がる◆結び付く、関わり合いを持つ◆一緒に行動する◆続々と、次々に、間を置かずに; 合:◆人や物が集まって一緒になる、また一つになる◆幾つかのものを集め一緒にする、幾つかのものが集まり同じになる◆同じものを纏(まと)めた全体◆ぴったりと一致する、当
kk_連想_れんそう,連想,れんそう,連:◆途切れずに続く、次々に間を置かずに続く、また繋(つな)がる◆結び付く、関わり合いを持つ◆一緒に行動する◆続々と、次々に、間を置かずに; 想:◆～について考える、また考えを巡(めぐ)らす◆～と思う、～ではないかと思う◆～したいと思う,N2,on,on+on,,連:◆途切れずに続く、次々に間を置かずに続く、また繋(つな)がる◆結び付く、関わり合いを持つ◆一緒に行動する◆続々と、次々に、間を置かずに; 想:◆～について考える、また考えを巡(めぐ)らす◆～と思う、～ではないかと思う◆～したいと思う
kk_連続_れんぞく,連続,れんぞく,連:◆途切れずに続く、次々に間を置かずに続く、また繋(つな)がる◆結び付く、関わり合いを持つ◆一緒に行動する◆続々と、次々に、間を置かずに; 続:◆切れることなく繋(つな)がる、また連(つら)なる◆前との関係を保ちながら次々に繋がって行く、「継続(ケイゾク)」「連続(レンゾク)」◆前の物事を受け、それを後,N2,on,on+on,,連:◆途切れずに続く、次々に間を置かずに続く、また繋(つな)がる◆結び付く、関わり合いを持つ◆一緒に行動する◆続々と、次々に、間を置かずに; 続:◆切れることなく繋(つな)がる、また連(つら)なる◆前との関係を保ちながら次々に繋がって行く、「継続(ケイゾク)」「連続(レンゾク)」◆前の物事を受け、それを後
kk_逮捕_たいほ,逮捕,たいほ,逮:◆～(の状態、の時刻・時期・時機)になる、～に至(いた)る、同「及」◆～(の状態、の場所、の段階)に達する、～に到(いた)る、～に届く、同「及」◆先(さき)を行; 捕:◆(逃げるものを追いかけて、或いは隠れているもの捜し出して)掴(つか)まえる、捉(つか)まえる、取り押さえる,N2,on,on+on,A3_short_compound(on+on 71%) | B_verb_rad_手(kun 80%),逮:◆～(の状態、の時刻・時期・時機)になる、～に至(いた)る、同「及」◆～(の状態、の場所、の段階)に達する、～に到(いた)る、～に届く、同「及」◆先(さき)を行; 捕:◆(逃げるものを追いかけて、或いは隠れているもの捜し出して)掴(つか)まえる、捉(つか)まえる、取り押さえる
kk_進み_すすみ,進み,すすみ,進:◆前に向かって動く(行く)、前に出る、登る、上に向かって動く(行く)、昇って行く、状態が良い方向に向かう、逆は「退」◆位や程度が上がる◆人にものを差し出す、また,N2,kun,kun,IL1_okurigana(kun 96%) | IL2_single_okuri(kun 96%),進:◆前に向かって動く(行く)、前に出る、登る、上に向かって動く(行く)、昇って行く、状態が良い方向に向かう、逆は「退」◆位や程度が上がる◆人にものを差し出す、また
kk_進出_しんしゅつ,進出,しんしゅつ,進:◆前に向かって動く(行く)、前に出る、登る、上に向かって動く(行く)、昇って行く、状態が良い方向に向かう、逆は「退」◆位や程度が上がる◆人にものを差し出す、また; 出:◆範囲・領域・組織や区切り・境界の内(内側、内部、裏側、こちら側、私的なところ)から外(外側、外部、表側、向こう側、公のところ)に移る、また移す、外から内へ移る,N2,on,on+on,,進:◆前に向かって動く(行く)、前に出る、登る、上に向かって動く(行く)、昇って行く、状態が良い方向に向かう、逆は「退」◆位や程度が上がる◆人にものを差し出す、また; 出:◆範囲・領域・組織や区切り・境界の内(内側、内部、裏側、こちら側、私的なところ)から外(外側、外部、表側、向こう側、公のところ)に移る、また移す、外から内へ移る
kk_進化_しんか,進化,しんか,進:◆前に向かって動く(行く)、前に出る、登る、上に向かって動く(行く)、昇って行く、状態が良い方向に向かう、逆は「退」◆位や程度が上がる◆人にものを差し出す、また; 化:◆性質・形状・状態などが元とは全く違ったものに変わる、まだ元の様子が分かる程度の変化は「変」◆他の影響を受けて、また時間を経ることによって考えや態度などが変わる,N2,on,on+on,A3_short_compound(on+on 71%),進:◆前に向かって動く(行く)、前に出る、登る、上に向かって動く(行く)、昇って行く、状態が良い方向に向かう、逆は「退」◆位や程度が上がる◆人にものを差し出す、また; 化:◆性質・形状・状態などが元とは全く違ったものに変わる、まだ元の様子が分かる程度の変化は「変」◆他の影響を受けて、また時間を経ることによって考えや態度などが変わる
kk_進行_しんこう,進行,しんこう,進:◆前に向かって動く(行く)、前に出る、登る、上に向かって動く(行く)、昇って行く、状態が良い方向に向かう、逆は「退」◆位や程度が上がる◆人にものを差し出す、また; 行:◆左足を前に出し(彳)次に右足を前に出す(亍)、足を交互に動かして前に進む◆目的とするところに向かって進む◆遠くに出掛ける、旅に出る◆道、人が往来する道路、同「,N2,on,on+on,,進:◆前に向かって動く(行く)、前に出る、登る、上に向かって動く(行く)、昇って行く、状態が良い方向に向かう、逆は「退」◆位や程度が上がる◆人にものを差し出す、また; 行:◆左足を前に出し(彳)次に右足を前に出す(亍)、足を交互に動かして前に進む◆目的とするところに向かって進む◆遠くに出掛ける、旅に出る◆道、人が往来する道路、同「
kk_進路_しんろ,進路,しんろ,進:◆前に向かって動く(行く)、前に出る、登る、上に向かって動く(行く)、昇って行く、状態が良い方向に向かう、逆は「退」◆位や程度が上がる◆人にものを差し出す、また; 路:◆通り道、都市内・集落内・城内・邸内などの連絡用の道◆道、人などが往来する道、「道路(ドウロ)」、同「道」◆行き方、方法◆天子や諸侯が乗る車、同「輅」◆宋(96,N2,on,on+on,A3_short_compound(on+on 71%) | B_verb_rad_足(kun 80%),進:◆前に向かって動く(行く)、前に出る、登る、上に向かって動く(行く)、昇って行く、状態が良い方向に向かう、逆は「退」◆位や程度が上がる◆人にものを差し出す、また; 路:◆通り道、都市内・集落内・城内・邸内などの連絡用の道◆道、人などが往来する道、「道路(ドウロ)」、同「道」◆行き方、方法◆天子や諸侯が乗る車、同「輅」◆宋(96
kk_遂げる_とげる,遂げる,とげる,遂:◆行き止りのところまで辿り着く◆最後までやり通す、成し終える◆思いの通りにする、思い通りになる、同「㒸」◆つい・に、とうとう、最後に,N2,kun,kun,IL1_okurigana(kun 96%) | IL2_single_okuri(kun 96%),遂:◆行き止りのところまで辿り着く◆最後までやり通す、成し終える◆思いの通りにする、思い通りになる、同「㒸」◆つい・に、とうとう、最後に
kk_遅くとも_おそくとも,遅くとも,おそくとも,遅:◆ゆっくりしたさま、次の動作までに時間が掛るさま◆ゆっくりと進む、鈍(のろ)い◆決まっている時間・期間の終わりの頃になる、またその頃を過ぎる◆決まっている時(瞬,N2,kun,kun,IL1_okurigana(kun 96%) | IL2_single_okuri(kun 96%),遅:◆ゆっくりしたさま、次の動作までに時間が掛るさま◆ゆっくりと進む、鈍(のろ)い◆決まっている時間・期間の終わりの頃になる、またその頃を過ぎる◆決まっている時(瞬
kk_遅らせる_おくらせる,遅らせる,おくらせる,遅:◆ゆっくりしたさま、次の動作までに時間が掛るさま◆ゆっくりと進む、鈍(のろ)い◆決まっている時間・期間の終わりの頃になる、またその頃を過ぎる◆決まっている時(瞬,N2,kun,kun,IL1_okurigana(kun 96%) | IL2_single_okuri(kun 96%),遅:◆ゆっくりしたさま、次の動作までに時間が掛るさま◆ゆっくりと進む、鈍(のろ)い◆決まっている時間・期間の終わりの頃になる、またその頃を過ぎる◆決まっている時(瞬
kk_遅れ_おくれ,遅れ,おくれ,遅:◆ゆっくりしたさま、次の動作までに時間が掛るさま◆ゆっくりと進む、鈍(のろ)い◆決まっている時間・期間の終わりの頃になる、またその頃を過ぎる◆決まっている時(瞬,N2,kun,kun,IL1_okurigana(kun 96%) | IL2_single_okuri(kun 96%),遅:◆ゆっくりしたさま、次の動作までに時間が掛るさま◆ゆっくりと進む、鈍(のろ)い◆決まっている時間・期間の終わりの頃になる、またその頃を過ぎる◆決まっている時(瞬
kk_運_うん,運,うん,運:◆場所や位置を移し変える、移動する、移転する、「運行(ウンコウ)」◆止(とど)まることなく位置や状況などが移り変わる、止(と)まらないように次へ次へと場所や位置,N2,on,on,IL2_single_default(kun 84%),運:◆場所や位置を移し変える、移動する、移転する、「運行(ウンコウ)」◆止(とど)まることなく位置や状況などが移り変わる、止(と)まらないように次へ次へと場所や位置
kk_運び_はこび,運び,はこび,運:◆場所や位置を移し変える、移動する、移転する、「運行(ウンコウ)」◆止(とど)まることなく位置や状況などが移り変わる、止(と)まらないように次へ次へと場所や位置,N2,kun,kun,IL1_okurigana(kun 96%) | IL2_single_okuri(kun 96%),運:◆場所や位置を移し変える、移動する、移転する、「運行(ウンコウ)」◆止(とど)まることなく位置や状況などが移り変わる、止(と)まらないように次へ次へと場所や位置
kk_運河_うんが,運河,うんが,運:◆場所や位置を移し変える、移動する、移転する、「運行(ウンコウ)」◆止(とど)まることなく位置や状況などが移り変わる、止(と)まらないように次へ次へと場所や位置; 河:◆川、特に大河(タイガ、大きな川)を指す◆「黄河(コウガ)」の略称、これに対し「江」は「長江(チョウコウ)」を指す、このことから中国北部では川を「河」、南部では,N2,on,on+on,A3_short_compound(on+on 71%),運:◆場所や位置を移し変える、移動する、移転する、「運行(ウンコウ)」◆止(とど)まることなく位置や状況などが移り変わる、止(と)まらないように次へ次へと場所や位置; 河:◆川、特に大河(タイガ、大きな川)を指す◆「黄河(コウガ)」の略称、これに対し「江」は「長江(チョウコウ)」を指す、このことから中国北部では川を「河」、南部では
kk_過剰_かじょう,過剰,かじょう,過:◆度(ド、度合、節度、法度、限度、程度など)を越える(超える)◆度を越えて(超えて)しまう、誤(あやま)る◆時(とき、時代、時期、季節、月日、時間など)を通り越; 剰:◆余(あま)る、余り、必要な分を除いた後の残り、残る◆あまつさ・え、その上に,N2,on,on+on,A3_short_compound(on+on 71%) | B_verb_rad_刀(kun 80%),過:◆度(ド、度合、節度、法度、限度、程度など)を越える(超える)◆度を越えて(超えて)しまう、誤(あやま)る◆時(とき、時代、時期、季節、月日、時間など)を通り越; 剰:◆余(あま)る、余り、必要な分を除いた後の残り、残る◆あまつさ・え、その上に
kk_過半数_かはんすう,過半数,かはんすう,過:◆度(ド、度合、節度、法度、限度、程度など)を越える(超える)◆度を越えて(超えて)しまう、誤(あやま)る◆時(とき、時代、時期、季節、月日、時間など)を通り越; 半:◆凡そ二分の一、二分したものの片方◆途中、距離や時間の中間付近◆まだ完全でないさま; 数:◆かず、同種のもの(繰り返されるもの)の多少を表す語◆かぞ・える、一つ二つ(一回二回)と計算する、またその多少◆細かい、煩(わずら)わしい◆しばしば、同じことを,N2,on,on+on+on,A4_multi_on(on+on+on 65%),過:◆度(ド、度合、節度、法度、限度、程度など)を越える(超える)◆度を越えて(超えて)しまう、誤(あやま)る◆時(とき、時代、時期、季節、月日、時間など)を通り越; 半:◆凡そ二分の一、二分したものの片方◆途中、距離や時間の中間付近◆まだ完全でないさま; 数:◆かず、同種のもの(繰り返されるもの)の多少を表す語◆かぞ・える、一つ二つ(一回二回)と計算する、またその多少◆細かい、煩(わずら)わしい◆しばしば、同じことを
kk_過失_かしつ,過失,かしつ,過:◆度(ド、度合、節度、法度、限度、程度など)を越える(超える)◆度を越えて(超えて)しまう、誤(あやま)る◆時(とき、時代、時期、季節、月日、時間など)を通り越; 失:◆指の間から(隙間から)するりと抜け出る、手にしていたもの(それまであったもの)をなくす◆逸(イッ)する、なくす、なくなる◆すべきことや選ぶべき道・時などを見逃,N2,on,on+on,A3_short_compound(on+on 71%),過:◆度(ド、度合、節度、法度、限度、程度など)を越える(超える)◆度を越えて(超えて)しまう、誤(あやま)る◆時(とき、時代、時期、季節、月日、時間など)を通り越; 失:◆指の間から(隙間から)するりと抜け出る、手にしていたもの(それまであったもの)をなくす◆逸(イッ)する、なくす、なくなる◆すべきことや選ぶべき道・時などを見逃
kk_過疎_かそ,過疎,かそ,過:◆度(ド、度合、節度、法度、限度、程度など)を越える(超える)◆度を越えて(超えて)しまう、誤(あやま)る◆時(とき、時代、時期、季節、月日、時間など)を通り越; 疎:◆隙間があるさま、間(あいだ)が空(あ)いているさま、ぎっしりと詰まっていないさま◆間(ま)を取って深く関わろうとしない、関心や関係が薄い、よく知らない◆間が空,N2,on,on+on,A3_short_compound(on+on 71%),過:◆度(ド、度合、節度、法度、限度、程度など)を越える(超える)◆度を越えて(超えて)しまう、誤(あやま)る◆時(とき、時代、時期、季節、月日、時間など)を通り越; 疎:◆隙間があるさま、間(あいだ)が空(あ)いているさま、ぎっしりと詰まっていないさま◆間(ま)を取って深く関わろうとしない、関心や関係が薄い、よく知らない◆間が空
kk_過程_かてい,過程,かてい,過:◆度(ド、度合、節度、法度、限度、程度など)を越える(超える)◆度を越えて(超えて)しまう、誤(あやま)る◆時(とき、時代、時期、季節、月日、時間など)を通り越; 程:◆ものの大小・長短・軽重・強弱・優劣などをはかる(測る・量る・計る)際の基準・規格◆一定の決まり・手順・方法◆定まっている基準・規格・決まり・区切り・手順・方法,N2,on,on+on,A3_short_compound(on+on 71%),過:◆度(ド、度合、節度、法度、限度、程度など)を越える(超える)◆度を越えて(超えて)しまう、誤(あやま)る◆時(とき、時代、時期、季節、月日、時間など)を通り越; 程:◆ものの大小・長短・軽重・強弱・優劣などをはかる(測る・量る・計る)際の基準・規格◆一定の決まり・手順・方法◆定まっている基準・規格・決まり・区切り・手順・方法
kk_道徳_どうとく,道徳,どうとく,道:◆出発地から目的地へ通じている路(みち)、人や動物などが往来する通り路、「道路(ドウロ)」、同「路」◆目的を達するための経路、手順や方法◆導(みちび)く、手引き; 徳:◆生まれながらに備わっている性質、もの本来の性質、本性(ホンショウ)◆本来の行いや考え、人として尊(とうと)び守るべき(進むべき)道、「道徳(ドウトク)」◆自ら,N2,on,on+on,,道:◆出発地から目的地へ通じている路(みち)、人や動物などが往来する通り路、「道路(ドウロ)」、同「路」◆目的を達するための経路、手順や方法◆導(みちび)く、手引き; 徳:◆生まれながらに備わっている性質、もの本来の性質、本性(ホンショウ)◆本来の行いや考え、人として尊(とうと)び守るべき(進むべき)道、「道徳(ドウトク)」◆自ら
kk_道端_みちばた,道端,みちばた,道:◆出発地から目的地へ通じている路(みち)、人や動物などが往来する通り路、「道路(ドウロ)」、同「路」◆目的を達するための経路、手順や方法◆導(みちび)く、手引き; 端:◆物事の始まり、最初、「端緒(タンショ、タンチョ)」、同「耑」◆始め(始まり)か終わりのどちらか片方、「一端(イッタン)」「両端(リョウタン)」◆まっすぐなさま,N2,other,mixed+mixed~,,道:◆出発地から目的地へ通じている路(みち)、人や動物などが往来する通り路、「道路(ドウロ)」、同「路」◆目的を達するための経路、手順や方法◆導(みちび)く、手引き; 端:◆物事の始まり、最初、「端緒(タンショ、タンチョ)」、同「耑」◆始め(始まり)か終わりのどちらか片方、「一端(イッタン)」「両端(リョウタン)」◆まっすぐなさま
kk_道順_みちじゅん,道順,みちじゅん,道:◆出発地から目的地へ通じている路(みち)、人や動物などが往来する通り路、「道路(ドウロ)」、同「路」◆目的を達するための経路、手順や方法◆導(みちび)く、手引き; 順:◆従うべき道筋や道理、また基準や規則◆道筋(道や道理や規則など)に沿って進む、道理や規則に沿う◆川や風の流れに逆らわずに進む、逆らわずに従う,N2,mixed,kun+on~,,道:◆出発地から目的地へ通じている路(みち)、人や動物などが往来する通り路、「道路(ドウロ)」、同「路」◆目的を達するための経路、手順や方法◆導(みちび)く、手引き; 順:◆従うべき道筋や道理、また基準や規則◆道筋(道や道理や規則など)に沿って進む、道理や規則に沿う◆川や風の流れに逆らわずに進む、逆らわずに従う
kk_達する_たっする,達する,たっする,達:◆道が滞(とどこお)ることなく通じる◆目的とするところまで行き着く、また届く◆目標としたことを成し遂げる◆物事の奥深くまで通じる、また理解する◆[日]だち、たち,N2,on,on,IL1_okurigana(kun 96%) | IL2_single_okuri(kun 96%),達:◆道が滞(とどこお)ることなく通じる◆目的とするところまで行き着く、また届く◆目標としたことを成し遂げる◆物事の奥深くまで通じる、また理解する◆[日]だち、たち
kk_達人_たつじん,達人,たつじん,達:◆道が滞(とどこお)ることなく通じる◆目的とするところまで行き着く、また届く◆目標としたことを成し遂げる◆物事の奥深くまで通じる、また理解する◆[日]だち、たち; 人:◆霊長目ヒト科ヒト属の生物、ホモ・サピエンスHomo sapiens(「知恵の人」の意)、同「儿」◆自分以外の者、「人我(ジンガ、他人と自分)」◆人の数(かず),N2,on,on+on,,達:◆道が滞(とどこお)ることなく通じる◆目的とするところまで行き着く、また届く◆目標としたことを成し遂げる◆物事の奥深くまで通じる、また理解する◆[日]だち、たち; 人:◆霊長目ヒト科ヒト属の生物、ホモ・サピエンスHomo sapiens(「知恵の人」の意)、同「儿」◆自分以外の者、「人我(ジンガ、他人と自分)」◆人の数(かず)
kk_達成_たっせい,達成,たっせい,達:◆道が滞(とどこお)ることなく通じる◆目的とするところまで行き着く、また届く◆目標としたことを成し遂げる◆物事の奥深くまで通じる、また理解する◆[日]だち、たち; 成:◆為(な)す、形や状態などを変えようとする、また変わろうとする◆本来の形や状態になる、目的・目標を持って働き、当初の目的・目標に達する、出来上がる、仕上がる、「,N2,on,on+on,,達:◆道が滞(とどこお)ることなく通じる◆目的とするところまで行き着く、また届く◆目標としたことを成し遂げる◆物事の奥深くまで通じる、また理解する◆[日]だち、たち; 成:◆為(な)す、形や状態などを変えようとする、また変わろうとする◆本来の形や状態になる、目的・目標を持って働き、当初の目的・目標に達する、出来上がる、仕上がる、「
kk_違える_ちがえる,違える,ちがえる,違:◆背(せ)を向ける、背を向け去る、背(そむ)く◆あるべき形や様子と異なる、また反している、また合っていない◆守るべきものを守らない、従(したが)わない,N2,kun,kun,IL1_okurigana(kun 96%) | IL2_single_okuri(kun 96%),違:◆背(せ)を向ける、背を向け去る、背(そむ)く◆あるべき形や様子と異なる、また反している、また合っていない◆守るべきものを守らない、従(したが)わない
kk_遡る/溯る_さかのぼる,遡る/溯る,さかのぼる,遡:◆水や時間・物事などの本来の流れとは逆方向に進む、上流に向かって進む、同「溯」◆源(みなもと、流れや物事の始まるところ)に向かって行く◆訴(うった)える、告げる; 溯:◆水や時間・物事などの本来の流れとは逆方向に流れて行く、上流に向かって行く、同「泝」「遡」、流れと同じ方向に行くのは「沿」,N2,kun,kun+kun~,IL1_okurigana(kun 96%) | A1_compound_oku(kun 90%) | A1_on_kun_mix(on+kun 65%),遡:◆水や時間・物事などの本来の流れとは逆方向に進む、上流に向かって進む、同「溯」◆源(みなもと、流れや物事の始まるところ)に向かって行く◆訴(うった)える、告げる; 溯:◆水や時間・物事などの本来の流れとは逆方向に流れて行く、上流に向かって行く、同「泝」「遡」、流れと同じ方向に行くのは「沿」
kk_遣っ付ける_やっつける,遣っ付ける,やっつける,遣:◆人を行かせる、差し向ける、「派遣(ハケン)」◆追いやる、追い払う◆人や物を送る◆死者を葬(ほうむ)る際に共に埋葬する副葬品、「遣車(ケンシャ、副葬品を載せる車; 付:◆手ずから授(さず)ける、直接手を取って与える、同「仅」◆渡し与える、渡して任せる、委(ゆだ)ねる◆[日]他のものに加える、また添える、また足す、同「附」,N2,kun,kun+kun,IL1_okurigana(kun 96%) | A1_compound_oku(kun 90%) | A1_on_kun_mix(on+kun 65%),遣:◆人を行かせる、差し向ける、「派遣(ハケン)」◆追いやる、追い払う◆人や物を送る◆死者を葬(ほうむ)る際に共に埋葬する副葬品、「遣車(ケンシャ、副葬品を載せる車; 付:◆手ずから授(さず)ける、直接手を取って与える、同「仅」◆渡し与える、渡して任せる、委(ゆだ)ねる◆[日]他のものに加える、また添える、また足す、同「附」
kk_遣られる_やられる,遣られる,やられる,遣:◆人を行かせる、差し向ける、「派遣(ハケン)」◆追いやる、追い払う◆人や物を送る◆死者を葬(ほうむ)る際に共に埋葬する副葬品、「遣車(ケンシャ、副葬品を載せる車,N2,kun,kun,IL1_okurigana(kun 96%) | IL2_single_okuri(kun 96%),遣:◆人を行かせる、差し向ける、「派遣(ハケン)」◆追いやる、追い払う◆人や物を送る◆死者を葬(ほうむ)る際に共に埋葬する副葬品、「遣車(ケンシャ、副葬品を載せる車
kk_遣り通す_やりとおす,遣り通す,やりとおす,遣:◆人を行かせる、差し向ける、「派遣(ハケン)」◆追いやる、追い払う◆人や物を送る◆死者を葬(ほうむ)る際に共に埋葬する副葬品、「遣車(ケンシャ、副葬品を載せる車; 通:◆途中に障害となるようなものがなく反対側・向こう側・相手方・目的地まで達する、また達している◆支障なく行き来ができる、また行き来する、また行き来ができるようにす,N2,kun,kun+kun~,IL1_okurigana(kun 96%) | A1_compound_oku(kun 90%) | A1_on_kun_mix(on+kun 65%),遣:◆人を行かせる、差し向ける、「派遣(ハケン)」◆追いやる、追い払う◆人や物を送る◆死者を葬(ほうむ)る際に共に埋葬する副葬品、「遣車(ケンシャ、副葬品を載せる車; 通:◆途中に障害となるようなものがなく反対側・向こう側・相手方・目的地まで達する、また達している◆支障なく行き来ができる、また行き来する、また行き来ができるようにす
kk_遣り遂げる_やりとげる,遣り遂げる,やりとげる,遣:◆人を行かせる、差し向ける、「派遣(ハケン)」◆追いやる、追い払う◆人や物を送る◆死者を葬(ほうむ)る際に共に埋葬する副葬品、「遣車(ケンシャ、副葬品を載せる車; 遂:◆行き止りのところまで辿り着く◆最後までやり通す、成し終える◆思いの通りにする、思い通りになる、同「㒸」◆つい・に、とうとう、最後に,N2,kun,kun+kun~,IL1_okurigana(kun 96%) | A1_compound_oku(kun 90%) | A1_on_kun_mix(on+kun 65%),遣:◆人を行かせる、差し向ける、「派遣(ハケン)」◆追いやる、追い払う◆人や物を送る◆死者を葬(ほうむ)る際に共に埋葬する副葬品、「遣車(ケンシャ、副葬品を載せる車; 遂:◆行き止りのところまで辿り着く◆最後までやり通す、成し終える◆思いの通りにする、思い通りになる、同「㒸」◆つい・に、とうとう、最後に
kk_適する_てきする,適する,てきする,適:◆(目的とする方に向かって)往く、(目的とする方に)向かう◆向かう方向が目的に合っている、意に沿(そ)っている、相応(ふさわ)しい◆(ちょうど合っていて、自分の,N2,on,on,IL1_okurigana(kun 96%) | IL2_single_okuri(kun 96%),適:◆(目的とする方に向かって)往く、(目的とする方に)向かう◆向かう方向が目的に合っている、意に沿(そ)っている、相応(ふさわ)しい◆(ちょうど合っていて、自分の
kk_適切_てきせつ,適切,てきせつ,適:◆(目的とする方に向かって)往く、(目的とする方に)向かう◆向かう方向が目的に合っている、意に沿(そ)っている、相応(ふさわ)しい◆(ちょうど合っていて、自分の; 切:◆刃物などですっと断(た)つ、裁(た)つ、割(さ)く◆ぴったりとしたさま、隙(すき)がないさま、「親切(シンセツ)」◆近くまで迫(せま)る、差し迫る、「切近(セ,N2,on,on+on,B_verb_rad_刀(kun 80%),適:◆(目的とする方に向かって)往く、(目的とする方に)向かう◆向かう方向が目的に合っている、意に沿(そ)っている、相応(ふさわ)しい◆(ちょうど合っていて、自分の; 切:◆刃物などですっと断(た)つ、裁(た)つ、割(さ)く◆ぴったりとしたさま、隙(すき)がないさま、「親切(シンセツ)」◆近くまで迫(せま)る、差し迫る、「切近(セ
kk_適用_てきよう,適用,てきよう,適:◆(目的とする方に向かって)往く、(目的とする方に)向かう◆向かう方向が目的に合っている、意に沿(そ)っている、相応(ふさわ)しい◆(ちょうど合っていて、自分の; 用:◆人や物、或いはその特性や能力を使う、また使ってあることを行う、また役立たせる◆働かせる、発揮させる、またそのために必要な特性・能力・金銭など◆以(もっ)て◆[,N2,on,on+on,,適:◆(目的とする方に向かって)往く、(目的とする方に)向かう◆向かう方向が目的に合っている、意に沿(そ)っている、相応(ふさわ)しい◆(ちょうど合っていて、自分の; 用:◆人や物、或いはその特性や能力を使う、また使ってあることを行う、また役立たせる◆働かせる、発揮させる、またそのために必要な特性・能力・金銭など◆以(もっ)て◆[
kk_遭難_そうなん,遭難,そうなん,遭:◆(人や事態に)出会(でくわ)す、出合う、巡(めぐ)り合う、「遭遇(ソウグウ)」、同「傮」◆周(めぐ)る、一回(ひとまわ)りする、周(まわ)りをぐるりと囲む、取; 難:◆思いの通りにいかない(ならない)、～するのは容易でない、～しにくい、～しづらい、同「艱」◆災(わざわ)い、禍(カ、わざわい)、手の施(ほどこ)しようのない(思,N2,on,on+on,,遭:◆(人や事態に)出会(でくわ)す、出合う、巡(めぐ)り合う、「遭遇(ソウグウ)」、同「傮」◆周(めぐ)る、一回(ひとまわ)りする、周(まわ)りをぐるりと囲む、取; 難:◆思いの通りにいかない(ならない)、～するのは容易でない、～しにくい、～しづらい、同「艱」◆災(わざわ)い、禍(カ、わざわい)、手の施(ほどこ)しようのない(思
kk_選定_せんてい,選定,せんてい,選:◆多くのものを基準に従って仕分ける、また仕分けて目的のものを抜き出す、「選択(センタク)」「選抜(センバツ)」、同「撰」◆仕分け抜き出したものを纏(まと)めたも; 定:◆さだ・まる、動きや乱れが鎮(しず)まって変化・変動しない状態になる、平静になる、落ち着く、「鎮定(チンテイ)」◆さだ・める、動いたり揺らいだりしない状態にする,N2,on,on+on,B_noun_rad_宀(kun 93%),選:◆多くのものを基準に従って仕分ける、また仕分けて目的のものを抜き出す、「選択(センタク)」「選抜(センバツ)」、同「撰」◆仕分け抜き出したものを纏(まと)めたも; 定:◆さだ・まる、動きや乱れが鎮(しず)まって変化・変動しない状態になる、平静になる、落ち着く、「鎮定(チンテイ)」◆さだ・める、動いたり揺らいだりしない状態にする
kk_避ける_よける,避ける,よける,避:◆障害となるものに当たらないような位置・場所に移動する、当たらないように身を躱(かわ)す、身を逸(そ)らす、同「辟」、「迴避、回避(カイヒ)」◆中心から去る、退,N2,kun,kun,IL1_okurigana(kun 96%) | IL2_single_okuri(kun 96%),避:◆障害となるものに当たらないような位置・場所に移動する、当たらないように身を躱(かわ)す、身を逸(そ)らす、同「辟」、「迴避、回避(カイヒ)」◆中心から去る、退
kk_部分的_ぶぶんてき,部分的,ぶぶんてき,部:◆区分けしたものの一つ、「部分」「内部」◆集団を分類し同じものを一纏(ひとまと)めにしたもの、全体を構成する小さな集合体や組織、「部署」「部隊」◆書物を数える単; 分:◆一つに纏(まと)まっているものを幾つかに切り離す、また幾つかに仕切る(区切る)、「分割(ブンカツ)」、切り離したものを仕分けることを「別」◆一つの纏まりから一; 的:◆弓で矢を射(い)る時の目標とするもの、同「㢩」「墑」◆額(ひたい)の部分だけが白い馬、またその額の白い部分、女性が額に施(ほどこ)す(赤い点状の)装飾◆(弓の,N2,on,on+on+on,A4_multi_on(on+on+on 65%) | B_verb_rad_刀(kun 80%),部:◆区分けしたものの一つ、「部分」「内部」◆集団を分類し同じものを一纏(ひとまと)めにしたもの、全体を構成する小さな集合体や組織、「部署」「部隊」◆書物を数える単; 分:◆一つに纏(まと)まっているものを幾つかに切り離す、また幾つかに仕切る(区切る)、「分割(ブンカツ)」、切り離したものを仕分けることを「別」◆一つの纏まりから一; 的:◆弓で矢を射(い)る時の目標とするもの、同「㢩」「墑」◆額(ひたい)の部分だけが白い馬、またその額の白い部分、女性が額に施(ほどこ)す(赤い点状の)装飾◆(弓の
kk_郵送_ゆうそう,郵送,ゆうそう,郵:◆手紙や荷物などを中継しながら運ぶ、またそのための中継所◆過ち◆役人が農作業を監視するために建てた小屋◆簡「邮」; 送:◆行く人(別れる人、帰る人、旅立つ人、亡くなった人など)と途中まで同道する、出向いて行って迎えるのは「迎」◆ものを目的地へ運び届ける◆贈(おく)る、遣(つか)わ,N2,on,on+on,,郵:◆手紙や荷物などを中継しながら運ぶ、またそのための中継所◆過ち◆役人が農作業を監視するために建てた小屋◆簡「邮」; 送:◆行く人(別れる人、帰る人、旅立つ人、亡くなった人など)と途中まで同道する、出向いて行って迎えるのは「迎」◆ものを目的地へ運び届ける◆贈(おく)る、遣(つか)わ
kk_都_みやこ,都,みやこ,都:◆天子や天皇が主として住むところ、先君を祭る宗廟を置くところ◆国の中心的な町、人が多く集まる大きな町◆多くのものが集まる、多くのものが集まるところ◆盛んなさま、,N2,kun,kun,IL2_single_default(kun 84%),都:◆天子や天皇が主として住むところ、先君を祭る宗廟を置くところ◆国の中心的な町、人が多く集まる大きな町◆多くのものが集まる、多くのものが集まるところ◆盛んなさま、
kk_配慮_はいりょ,配慮,はいりょ,配:◆釣り合いが取れるようにする、相応(ふさわ)しい形や状態にする◆幾つかのものを合わせて(結び付けて)整える、調和させる◆結婚した相手、また妻、「配偶(ハイグウ、; 慮:◆(あることについて)あれこれと思いや考えを巡(めぐ)らす◆推(お)し量(はか)る、推測する、「慮外(リョガイ、思っていたこととは違うこと、思い掛けないこと)」,N2,on,on+on,A3_short_compound(on+on 71%),配:◆釣り合いが取れるようにする、相応(ふさわ)しい形や状態にする◆幾つかのものを合わせて(結び付けて)整える、調和させる◆結婚した相手、また妻、「配偶(ハイグウ、; 慮:◆(あることについて)あれこれと思いや考えを巡(めぐ)らす◆推(お)し量(はか)る、推測する、「慮外(リョガイ、思っていたこととは違うこと、思い掛けないこと)」
kk_配達_はいたつ,配達,はいたつ,配:◆釣り合いが取れるようにする、相応(ふさわ)しい形や状態にする◆幾つかのものを合わせて(結び付けて)整える、調和させる◆結婚した相手、また妻、「配偶(ハイグウ、; 達:◆道が滞(とどこお)ることなく通じる◆目的とするところまで行き着く、また届く◆目標としたことを成し遂げる◆物事の奥深くまで通じる、また理解する◆[日]だち、たち,N2,on,on+on,,配:◆釣り合いが取れるようにする、相応(ふさわ)しい形や状態にする◆幾つかのものを合わせて(結び付けて)整える、調和させる◆結婚した相手、また妻、「配偶(ハイグウ、; 達:◆道が滞(とどこお)ることなく通じる◆目的とするところまで行き着く、また届く◆目標としたことを成し遂げる◆物事の奥深くまで通じる、また理解する◆[日]だち、たち
kk_酒場_さかば,酒場,さかば,酒:◆穀物や果実などを原料として醸造(ジョウゾウ)したアルコールalcohol分を含む飲み物; 場:◆(日当たりのよい、収穫した穀物の乾燥・脱穀などをする、また多くの人やものが集まる)広く平らなところ、「広場」、同「塲」◆一段と高くし上を平らに作ったところ、台,N2,kun,kun+kun~,A3_short_compound(on+on 71%),酒:◆穀物や果実などを原料として醸造(ジョウゾウ)したアルコールalcohol分を含む飲み物; 場:◆(日当たりのよい、収穫した穀物の乾燥・脱穀などをする、また多くの人やものが集まる)広く平らなところ、「広場」、同「塲」◆一段と高くし上を平らに作ったところ、台
kk_酔っ払う_よっぱらう,酔っ払う,よっぱらう,酔:◆酒を適度に(心地よく酔う程度に)飲み楽しむ、「【說文解字注:酉部:醉】卒也卒其度量不至於亂也(…)一曰酒潰也(此別一義…)」◆飲み潰れる、(酒を飲んで)正常な; 払:◆取る◆手(や用具)を左右に振って不要なものや邪魔なものを他に追いやる、同「拂」、本来「拂」は別字だが古くから「拂」の異体字として「払」が用いられた◆[日]代金,N2,other,mixed+mixed~,IL1_okurigana(kun 96%) | A1_compound_oku(kun 90%) | A1_on_kun_mix(on+kun 65%),酔:◆酒を適度に(心地よく酔う程度に)飲み楽しむ、「【說文解字注:酉部:醉】卒也卒其度量不至於亂也(…)一曰酒潰也(此別一義…)」◆飲み潰れる、(酒を飲んで)正常な; 払:◆取る◆手(や用具)を左右に振って不要なものや邪魔なものを他に追いやる、同「拂」、本来「拂」は別字だが古くから「拂」の異体字として「払」が用いられた◆[日]代金
kk_酸性_さんせい,酸性,さんせい,酸:◆酢のような味、すっぱい、五味(甘・酸・鹹・苦・辛)の一つ、同「醋」「酢」◆堪え難いさま、不快なさま◆厳しい、苦しい◆疼(うず)く、「ずきずき」「しくしく」とし; 性:◆生まれながらに持っている能力・性格・習癖・運命などの無形のもの◆男女・雄雌の別、男女間また雄雌間の本能的な関係◆物事が具えている資質や能力,N2,on,on+on,,酸:◆酢のような味、すっぱい、五味(甘・酸・鹹・苦・辛)の一つ、同「醋」「酢」◆堪え難いさま、不快なさま◆厳しい、苦しい◆疼(うず)く、「ずきずき」「しくしく」とし; 性:◆生まれながらに持っている能力・性格・習癖・運命などの無形のもの◆男女・雄雌の別、男女間また雄雌間の本能的な関係◆物事が具えている資質や能力
kk_重ねて_かさねて,重ねて,かさねて,重:◆層になる、上に載る、下になったものに上から大きな力が掛かる、負担が大きい◆再び、繰り返して、何度も、何層にも◆何層にも心配りがされていて手厚い、丁寧な◆何層に,N2,kun,kun,IL1_okurigana(kun 96%) | IL2_single_okuri(kun 96%),重:◆層になる、上に載る、下になったものに上から大きな力が掛かる、負担が大きい◆再び、繰り返して、何度も、何層にも◆何層にも心配りがされていて手厚い、丁寧な◆何層に
kk_重んじる_おもんじる,重んじる,おもんじる,重:◆層になる、上に載る、下になったものに上から大きな力が掛かる、負担が大きい◆再び、繰り返して、何度も、何層にも◆何層にも心配りがされていて手厚い、丁寧な◆何層に,N2,kun,kun,IL1_okurigana(kun 96%) | IL2_single_okuri(kun 96%),重:◆層になる、上に載る、下になったものに上から大きな力が掛かる、負担が大きい◆再び、繰り返して、何度も、何層にも◆何層にも心配りがされていて手厚い、丁寧な◆何層に
kk_重体/重態_じゅうたい,重体/重態,じゅうたい,重:◆層になる、上に載る、下になったものに上から大きな力が掛かる、負担が大きい◆再び、繰り返して、何度も、何層にも◆何層にも心配りがされていて手厚い、丁寧な◆何層に; 体:◆頭から足の先までの全身、ものの全部、ものの主要な部分、またその姿形や様子、「身体(シンタイ、体、肉体)」「本体(ホンタイ、ものの本当の姿、ものの中心的部分)」; 重:◆層になる、上に載る、下になったものに上から大きな力が掛かる、負担が大きい◆再び、繰り返して、何度も、何層にも◆何層にも心配りがされていて手厚い、丁寧な◆何層に,N2,on,on+on+on+on~,A4_multi_on(on+on+on+on 65%),重:◆層になる、上に載る、下になったものに上から大きな力が掛かる、負担が大きい◆再び、繰り返して、何度も、何層にも◆何層にも心配りがされていて手厚い、丁寧な◆何層に; 体:◆頭から足の先までの全身、ものの全部、ものの主要な部分、またその姿形や様子、「身体(シンタイ、体、肉体)」「本体(ホンタイ、ものの本当の姿、ものの中心的部分)」; 重:◆層になる、上に載る、下になったものに上から大きな力が掛かる、負担が大きい◆再び、繰り返して、何度も、何層にも◆何層にも心配りがされていて手厚い、丁寧な◆何層に
kk_重力_じゅうりょく,重力,じゅうりょく,重:◆層になる、上に載る、下になったものに上から大きな力が掛かる、負担が大きい◆再び、繰り返して、何度も、何層にも◆何層にも心配りがされていて手厚い、丁寧な◆何層に; 力:◆ものを動かすもの、ものを動かしているもの、ものに働(はたら)くもの、「強力(キョウリョク、強い力)」◆働く、務(つと)める、勤(つと)める、「努力(ドリョク、,N2,on,on+on,B_verb_rad_力(kun 80%),重:◆層になる、上に載る、下になったものに上から大きな力が掛かる、負担が大きい◆再び、繰り返して、何度も、何層にも◆何層にも心配りがされていて手厚い、丁寧な◆何層に; 力:◆ものを動かすもの、ものを動かしているもの、ものに働(はたら)くもの、「強力(キョウリョク、強い力)」◆働く、務(つと)める、勤(つと)める、「努力(ドリョク、
kk_重役_じゅうやく,重役,じゅうやく,重:◆層になる、上に載る、下になったものに上から大きな力が掛かる、負担が大きい◆再び、繰り返して、何度も、何層にも◆何層にも心配りがされていて手厚い、丁寧な◆何層に; 役:◆辺境の守備をさせる、人に厳しい労働をさせる◆労働、戦(いくさ)、またそれらの労務に服する人◆割り当てられた任務や職務、またそれを務める人,N2,on,on+on,,重:◆層になる、上に載る、下になったものに上から大きな力が掛かる、負担が大きい◆再び、繰り返して、何度も、何層にも◆何層にも心配りがされていて手厚い、丁寧な◆何層に; 役:◆辺境の守備をさせる、人に厳しい労働をさせる◆労働、戦(いくさ)、またそれらの労務に服する人◆割り当てられた任務や職務、またそれを務める人
kk_重複_ちょうふく,重複,ちょうふく,重:◆層になる、上に載る、下になったものに上から大きな力が掛かる、負担が大きい◆再び、繰り返して、何度も、何層にも◆何層にも心配りがされていて手厚い、丁寧な◆何層に; 複:◆布を重ねて縫い上げた(裏地の付いた)衣服、袷(あわせ)、同「𧜰」◆重(かさ)なる、重ねる、同「𠣾」、同簡「复」,N2,on,on+on,,重:◆層になる、上に載る、下になったものに上から大きな力が掛かる、負担が大きい◆再び、繰り返して、何度も、何層にも◆何層にも心配りがされていて手厚い、丁寧な◆何層に; 複:◆布を重ねて縫い上げた(裏地の付いた)衣服、袷(あわせ)、同「𧜰」◆重(かさ)なる、重ねる、同「𠣾」、同簡「复」
kk_重複/ちょうふく_じゅうふく,重複/ちょうふく,じゅうふく,重:◆層になる、上に載る、下になったものに上から大きな力が掛かる、負担が大きい◆再び、繰り返して、何度も、何層にも◆何層にも心配りがされていて手厚い、丁寧な◆何層に; 複:◆布を重ねて縫い上げた(裏地の付いた)衣服、袷(あわせ)、同「𧜰」◆重(かさ)なる、重ねる、同「𠣾」、同簡「复」,N2,on,on+on,IL1_okurigana(kun 96%) | A1_compound_oku(kun 90%) | A1_on_kun_mix(on+kun 65%),重:◆層になる、上に載る、下になったものに上から大きな力が掛かる、負担が大きい◆再び、繰り返して、何度も、何層にも◆何層にも心配りがされていて手厚い、丁寧な◆何層に; 複:◆布を重ねて縫い上げた(裏地の付いた)衣服、袷(あわせ)、同「𧜰」◆重(かさ)なる、重ねる、同「𠣾」、同簡「复」
kk_重～_じゅう～,重～,じゅう～,重:◆層になる、上に載る、下になったものに上から大きな力が掛かる、負担が大きい◆再び、繰り返して、何度も、何層にも◆何層にも心配りがされていて手厚い、丁寧な◆何層に,N2,on,on,IL2_single_default(kun 84%),重:◆層になる、上に載る、下になったものに上から大きな力が掛かる、負担が大きい◆再び、繰り返して、何度も、何層にも◆何層にも心配りがされていて手厚い、丁寧な◆何層に
kk_野～_の～,野～,の～,野:◆郊外(コウガイ)、都(みやこ)を囲む城壁の外に広がる地で都から百里以内の地を「郊」、その外を「野」、その外を「林」、その外を「冂」といった、「【說文解字: 冂,N2,kun,kun,IL2_single_default(kun 84%),野:◆郊外(コウガイ)、都(みやこ)を囲む城壁の外に広がる地で都から百里以内の地を「郊」、その外を「野」、その外を「林」、その外を「冂」といった、「【說文解字: 冂
kk_金庫_きんこ,金庫,きんこ,金:◆黄金・白銀・赤銅・青銅・青鉛・黒鉄などの総称、金属の総称◆(黄金のように)黄色い、輝く、美しい、貴重な、(金属のように)堅い◆金属製のもの◆銭(ぜに)、またそ; 庫:◆兵車(ヘイシャ、軍事用の車両)を保管する建物、「兵庫(ヘイコ)」◆物を貯蔵・保管する建物または部屋、「府庫(フコ)」「倉庫(ソウコ)」,N2,on,on+on,A3_short_compound(on+on 71%) | B_noun_rad_金(kun 93%) | B_noun_rad_广(kun 93%),金:◆黄金・白銀・赤銅・青銅・青鉛・黒鉄などの総称、金属の総称◆(黄金のように)黄色い、輝く、美しい、貴重な、(金属のように)堅い◆金属製のもの◆銭(ぜに)、またそ; 庫:◆兵車(ヘイシャ、軍事用の車両)を保管する建物、「兵庫(ヘイコ)」◆物を貯蔵・保管する建物または部屋、「府庫(フコ)」「倉庫(ソウコ)」
kk_金融_きんゆう,金融,きんゆう,金:◆黄金・白銀・赤銅・青銅・青鉛・黒鉄などの総称、金属の総称◆(黄金のように)黄色い、輝く、美しい、貴重な、(金属のように)堅い◆金属製のもの◆銭(ぜに)、またそ; 融:◆固形のものが(熱によって)柔らかくなる、また液状になる、固かったものが柔らかくなる◆打ち解(と)ける、蟠(わだかま)りなく互いに通じ合う,N2,on,on+on,B_noun_rad_金(kun 93%) | B_noun_rad_虫(kun 93%),金:◆黄金・白銀・赤銅・青銅・青鉛・黒鉄などの総称、金属の総称◆(黄金のように)黄色い、輝く、美しい、貴重な、(金属のように)堅い◆金属製のもの◆銭(ぜに)、またそ; 融:◆固形のものが(熱によって)柔らかくなる、また液状になる、固かったものが柔らかくなる◆打ち解(と)ける、蟠(わだかま)りなく互いに通じ合う
kk_金銭_きんせん,金銭,きんせん,金:◆黄金・白銀・赤銅・青銅・青鉛・黒鉄などの総称、金属の総称◆(黄金のように)黄色い、輝く、美しい、貴重な、(金属のように)堅い◆金属製のもの◆銭(ぜに)、またそ; 銭:◆貨幣、特に銅貨(価値の低い貨幣)、貨幣の総称◆重量の単位、1両=10銭、1銭=10分 ◆刃を取り付けたシャベルshovel状の農具、同「銚」、「【說文解字:金,N2,on,on+on,B_noun_rad_金(kun 93%) | B_noun_rad_金(kun 93%),金:◆黄金・白銀・赤銅・青銅・青鉛・黒鉄などの総称、金属の総称◆(黄金のように)黄色い、輝く、美しい、貴重な、(金属のように)堅い◆金属製のもの◆銭(ぜに)、またそ; 銭:◆貨幣、特に銅貨(価値の低い貨幣)、貨幣の総称◆重量の単位、1両=10銭、1銭=10分 ◆刃を取り付けたシャベルshovel状の農具、同「銚」、「【說文解字:金
kk_金魚_きんぎょ,金魚,きんぎょ,金:◆黄金・白銀・赤銅・青銅・青鉛・黒鉄などの総称、金属の総称◆(黄金のように)黄色い、輝く、美しい、貴重な、(金属のように)堅い◆金属製のもの◆銭(ぜに)、またそ; 魚:◆水中に棲息し鱗(うろこ)で覆われ鰓(えら)呼吸する変温動物の総称◆うお、うおへん、部首名,N2,on,on+on,A3_short_compound(on+on 71%) | B_noun_rad_金(kun 93%) | B_noun_rad_魚(kun 93%),金:◆黄金・白銀・赤銅・青銅・青鉛・黒鉄などの総称、金属の総称◆(黄金のように)黄色い、輝く、美しい、貴重な、(金属のように)堅い◆金属製のもの◆銭(ぜに)、またそ; 魚:◆水中に棲息し鱗(うろこ)で覆われ鰓(えら)呼吸する変温動物の総称◆うお、うおへん、部首名
kk_釘_くぎ,釘,くぎ,"釘:◆物に打ち込んで固定するもの、細長く先が尖り、平らな頭が付いた""Ｔ""字形のもの◆(釘を)打つ、同「𠄖」",N2,kun,kun,IL2_single_default(kun 84%) | B_noun_rad_金(kun 93%),"釘:◆物に打ち込んで固定するもの、細長く先が尖り、平らな頭が付いた""Ｔ""字形のもの◆(釘を)打つ、同「𠄖」"
kk_釜_かま,釜,かま,釜:◆食材を煮炊する底が丸く深い鍋(なべ) ◆中国戦国時代の齊国の容量の単位、1釜(フ)=6斗4升,N2,kun,kun,IL2_single_default(kun 84%) | B_noun_rad_金(kun 93%),釜:◆食材を煮炊する底が丸く深い鍋(なべ) ◆中国戦国時代の齊国の容量の単位、1釜(フ)=6斗4升
kk_釜戸_かまど,釜戸,かまど,釜:◆食材を煮炊する底が丸く深い鍋(なべ) ◆中国戦国時代の齊国の容量の単位、1釜(フ)=6斗4升; 戸:◆開閉ができる外と内の仕切り、家や部屋の出入り口の片開きの扉、門内の建物の出入り口の扉、同「㦿」「𣥘」、大きな建物の出入り口の両開きの扉は「扉」、「【康熙字典:,N2,other,mixed+mixed~,A3_short_compound(on+on 71%) | B_noun_rad_金(kun 93%),釜:◆食材を煮炊する底が丸く深い鍋(なべ) ◆中国戦国時代の齊国の容量の単位、1釜(フ)=6斗4升; 戸:◆開閉ができる外と内の仕切り、家や部屋の出入り口の片開きの扉、門内の建物の出入り口の扉、同「㦿」「𣥘」、大きな建物の出入り口の両開きの扉は「扉」、「【康熙字典:
kk_針路_しんろ,針路,しんろ,針:◆裁縫などに使う細長く先が尖ったもの◆鍼(はり)治療などに使う細長い道具、針状のものや細長いメス状のものなどがある、同「鍼」◆(針のように)細長く先の尖ったもの; 路:◆通り道、都市内・集落内・城内・邸内などの連絡用の道◆道、人などが往来する道、「道路(ドウロ)」、同「道」◆行き方、方法◆天子や諸侯が乗る車、同「輅」◆宋(96,N2,on,on+on,A3_short_compound(on+on 71%) | B_noun_rad_金(kun 93%) | B_verb_rad_足(kun 80%),針:◆裁縫などに使う細長く先が尖ったもの◆鍼(はり)治療などに使う細長い道具、針状のものや細長いメス状のものなどがある、同「鍼」◆(針のように)細長く先の尖ったもの; 路:◆通り道、都市内・集落内・城内・邸内などの連絡用の道◆道、人などが往来する道、「道路(ドウロ)」、同「道」◆行き方、方法◆天子や諸侯が乗る車、同「輅」◆宋(96
kk_針金_はりがね,針金,はりがね,針:◆裁縫などに使う細長く先が尖ったもの◆鍼(はり)治療などに使う細長い道具、針状のものや細長いメス状のものなどがある、同「鍼」◆(針のように)細長く先の尖ったもの; 金:◆黄金・白銀・赤銅・青銅・青鉛・黒鉄などの総称、金属の総称◆(黄金のように)黄色い、輝く、美しい、貴重な、(金属のように)堅い◆金属製のもの◆銭(ぜに)、またそ,N2,other,mixed+mixed~,B_noun_rad_金(kun 93%) | B_noun_rad_金(kun 93%),針:◆裁縫などに使う細長く先が尖ったもの◆鍼(はり)治療などに使う細長い道具、針状のものや細長いメス状のものなどがある、同「鍼」◆(針のように)細長く先の尖ったもの; 金:◆黄金・白銀・赤銅・青銅・青鉛・黒鉄などの総称、金属の総称◆(黄金のように)黄色い、輝く、美しい、貴重な、(金属のように)堅い◆金属製のもの◆銭(ぜに)、またそ
kk_釣り合う_つりあう,釣り合う,つりあう,釣:◆鉤(かぎ、先を曲げた金具)に引っ掛ける、また引っ掛けて魚を獲(と)る、同「魡」◆(餌をぶら下げて)誘(おび)き出す、誘き出して手に入れる◆吊(つ)る、吊り下げ; 合:◆人や物が集まって一緒になる、また一つになる◆幾つかのものを集め一緒にする、幾つかのものが集まり同じになる◆同じものを纏(まと)めた全体◆ぴったりと一致する、当,N2,kun,kun+kun,IL1_okurigana(kun 96%) | A1_compound_oku(kun 90%) | A1_on_kun_mix(on+kun 65%),釣:◆鉤(かぎ、先を曲げた金具)に引っ掛ける、また引っ掛けて魚を獲(と)る、同「魡」◆(餌をぶら下げて)誘(おび)き出す、誘き出して手に入れる◆吊(つ)る、吊り下げ; 合:◆人や物が集まって一緒になる、また一つになる◆幾つかのものを集め一緒にする、幾つかのものが集まり同じになる◆同じものを纏(まと)めた全体◆ぴったりと一致する、当
kk_鈍い_にぶい,鈍い,にぶい,鈍:◆鋭くない◆刃物の切れ味が悪い、また悪くなる◆反応が遅い、また遅くなる,N2,kun,kun,IL1_okurigana(kun 96%) | IL2_single_okuri(kun 96%) | B_noun_rad_金(kun 93%),鈍:◆鋭くない◆刃物の切れ味が悪い、また悪くなる◆反応が遅い、また遅くなる
kk_鈍い_のろい,鈍い,のろい,鈍:◆鋭くない◆刃物の切れ味が悪い、また悪くなる◆反応が遅い、また遅くなる,N2,kun,kun,IL1_okurigana(kun 96%) | IL2_single_okuri(kun 96%) | B_noun_rad_金(kun 93%),鈍:◆鋭くない◆刃物の切れ味が悪い、また悪くなる◆反応が遅い、また遅くなる
kk_鈴_すず,鈴,すず,鈴:◆鐸(タク)の一種で、一般には鐸よりも小形のもの、揺らすことで内部に吊るした舌(ゼツ、した)が揺れ、内壁にぶつかり音が出る ◆(鈴のような)「りんりん」「ちりん,N2,kun,kun,IL2_single_default(kun 84%) | B_noun_rad_金(kun 93%),鈴:◆鐸(タク)の一種で、一般には鐸よりも小形のもの、揺らすことで内部に吊るした舌(ゼツ、した)が揺れ、内壁にぶつかり音が出る ◆(鈴のような)「りんりん」「ちりん
kk_鉄橋_てっきょう,鉄橋,てっきょう,"鉄:◆金属の一種、黒金(くろがね、鉄の古名)◆黒いさま◆堅く強いさま◆金属製の武器◆鉄(Ferrum[羅]、Fe)、元素名; 橋:◆川や谷などの深く""ＵＶ""字状になっている上を横切るように板・棒・綱などを架け人が渡れるようにしたもの◆高いところに横に掛け渡した棒、またそのような形のもの◆高",N2,on,on+on,B_noun_rad_金(kun 93%) | B_noun_rad_木(kun 93%),"鉄:◆金属の一種、黒金(くろがね、鉄の古名)◆黒いさま◆堅く強いさま◆金属製の武器◆鉄(Ferrum[羅]、Fe)、元素名; 橋:◆川や谷などの深く""ＵＶ""字状になっている上を横切るように板・棒・綱などを架け人が渡れるようにしたもの◆高いところに横に掛け渡した棒、またそのような形のもの◆高"
kk_鉄砲_てっぽう,鉄砲,てっぽう,鉄:◆金属の一種、黒金(くろがね、鉄の古名)◆黒いさま◆堅く強いさま◆金属製の武器◆鉄(Ferrum[羅]、Fe)、元素名; 砲:◆大きな石を飛ばす兵器、投石器◆弾丸を飛ばす円筒形の兵器、大筒(おおづつ)、同「炮」◆火薬を用いて爆破する、炸裂する、同「炮」◆爆竹(バクチク)、同「炮」,N2,on,mixed+on~,B_noun_rad_金(kun 93%),鉄:◆金属の一種、黒金(くろがね、鉄の古名)◆黒いさま◆堅く強いさま◆金属製の武器◆鉄(Ferrum[羅]、Fe)、元素名; 砲:◆大きな石を飛ばす兵器、投石器◆弾丸を飛ばす円筒形の兵器、大筒(おおづつ)、同「炮」◆火薬を用いて爆破する、炸裂する、同「炮」◆爆竹(バクチク)、同「炮」
kk_鉢_はち,鉢,はち,鉢:◆僧侶が食事などに使う器 ◆口が大きく開いた陶製或いは金属製の深めの器、「碗(ワン)」に似る、同「盋」,N2,on,on,IL2_on_only(on 99%) | B_noun_rad_金(kun 93%),鉢:◆僧侶が食事などに使う器 ◆口が大きく開いた陶製或いは金属製の深めの器、「碗(ワン)」に似る、同「盋」
kk_鉱物_こうぶつ,鉱物,こうぶつ,鉱:◆掘り出したままで加工されていない有用な物質を含む天然の原石、同「礦」「磺」「𥐫」「卝」; 物:◆(天地の間に存在する)人以外の形のあるもの、人は「者」、形のないものは「事」,N2,on,on+on,B_noun_rad_金(kun 93%) | B_noun_rad_牛(kun 93%),鉱:◆掘り出したままで加工されていない有用な物質を含む天然の原石、同「礦」「磺」「𥐫」「卝」; 物:◆(天地の間に存在する)人以外の形のあるもの、人は「者」、形のないものは「事」
kk_銃_じゅう,銃,じゅう,銃:◆斧(おの)に設ける柄を差し込むための孔(あな)、同「銎」◆筒(つつ)に弾丸を込(こ)めこれを発射する装置◆穴をあける工具、ポンチpunch,N2,on,on,IL2_single_default(kun 84%) | B_noun_rad_金(kun 93%),銃:◆斧(おの)に設ける柄を差し込むための孔(あな)、同「銎」◆筒(つつ)に弾丸を込(こ)めこれを発射する装置◆穴をあける工具、ポンチpunch
kk_銘々_めいめい,銘々,めいめい,銘:◆器や石碑に名や由来・功績などを彫り込む、またその文章、「銘文(メイブン)」◆忘れないように刻み込む、記(しる)して後々まで伝える、またその言葉、「銘記(メイキ,N2,on,on,IL2_on_only(on 99%) | B_noun_rad_金(kun 93%),銘:◆器や石碑に名や由来・功績などを彫り込む、またその文章、「銘文(メイブン)」◆忘れないように刻み込む、記(しる)して後々まで伝える、またその言葉、「銘記(メイキ
kk_銭湯_せんとう,銭湯,せんとう,銭:◆貨幣、特に銅貨(価値の低い貨幣)、貨幣の総称◆重量の単位、1両=10銭、1銭=10分 ◆刃を取り付けたシャベルshovel状の農具、同「銚」、「【說文解字:金; 湯:◆温かい水、熱い水、沸騰した水◆熱いスープsoup、スープ状のもの、「菜湯(サイタン)、野菜のスープ」「濃湯(ノウタン、ノンタン)、シチューstewなどのような,N2,on,on+on,B_noun_rad_金(kun 93%),銭:◆貨幣、特に銅貨(価値の低い貨幣)、貨幣の総称◆重量の単位、1両=10銭、1銭=10分 ◆刃を取り付けたシャベルshovel状の農具、同「銚」、「【說文解字:金; 湯:◆温かい水、熱い水、沸騰した水◆熱いスープsoup、スープ状のもの、「菜湯(サイタン)、野菜のスープ」「濃湯(ノウタン、ノンタン)、シチューstewなどのような
kk_鋭い_するどい,鋭い,するどい,鋭:◆先端に近くなるほど細く尖(とが)るさま◆突き出ているさま、抜きん出ているさま◆動きが素早いさま、反応が速いさま,N2,kun,kun,IL1_okurigana(kun 96%) | IL2_single_okuri(kun 96%) | B_noun_rad_金(kun 93%),鋭:◆先端に近くなるほど細く尖(とが)るさま◆突き出ているさま、抜きん出ているさま◆動きが素早いさま、反応が速いさま
kk_鋸_のこぎり,鋸,のこぎり,鋸:◆罪人(の足)を挽(ひ)き切るための小さい歯が並んだ道具の名◆ものを挽き切るための道具、それを用いて挽き切る,N2,kun,kun,IL2_single_default(kun 84%) | B_noun_rad_金(kun 93%),鋸:◆罪人(の足)を挽(ひ)き切るための小さい歯が並んだ道具の名◆ものを挽き切るための道具、それを用いて挽き切る
kk_錆_さび,錆,さび,錆:◆鉱物や金属の表面に浮き出てきたもの、金属の表面にできる酸化膜,N2,kun,kun,IL2_single_default(kun 84%) | B_noun_rad_金(kun 93%),錆:◆鉱物や金属の表面に浮き出てきたもの、金属の表面にできる酸化膜
kk_錆びる_さびる,錆びる,さびる,錆:◆鉱物や金属の表面に浮き出てきたもの、金属の表面にできる酸化膜,N2,kun,kun,IL1_okurigana(kun 96%) | IL2_single_okuri(kun 96%) | B_noun_rad_金(kun 93%),錆:◆鉱物や金属の表面に浮き出てきたもの、金属の表面にできる酸化膜
kk_錯覚_さっかく,錯覚,さっかく,錯:◆複雑に入り交(まじ)る、交互に入(い)り組む、きちんと揃っていない◆入れ違う、食い違う、行き違う、間違う◆砥石(といし)や鑢(やすり)などで磨く、また擦(こす; 覚:◆目を醒(さ)ます、眠りから醒める、正常な認識や判断ができない状態から抜け出る◆迷いや暗がりから抜け出る、明るみに出る◆辺りの状況が意識・認識できるようになる、,N2,other,mixed+mixed~,B_noun_rad_金(kun 93%),錯:◆複雑に入り交(まじ)る、交互に入(い)り組む、きちんと揃っていない◆入れ違う、食い違う、行き違う、間違う◆砥石(といし)や鑢(やすり)などで磨く、また擦(こす; 覚:◆目を醒(さ)ます、眠りから醒める、正常な認識や判断ができない状態から抜け出る◆迷いや暗がりから抜け出る、明るみに出る◆辺りの状況が意識・認識できるようになる、
kk_録音_ろくおん,録音,ろくおん,録:◆刻む、刻み込む、彫る、彫り込む、同「彔」◆(板や金属の表面になどに)文字を刻み込む、文字を彫り込む◆書き記(しる)す、後々のために(或いは他に伝えるために)書; 音:◆聴覚で認識できるものの総称、特に楽器のもの、高低強弱などの抑揚がある音が連続し全体として意味を持つものを「声」◆耳に届いて来るもの、便り◆[日]漢字の中国伝来,N2,on,on+on,B_noun_rad_金(kun 93%),録:◆刻む、刻み込む、彫る、彫り込む、同「彔」◆(板や金属の表面になどに)文字を刻み込む、文字を彫り込む◆書き記(しる)す、後々のために(或いは他に伝えるために)書; 音:◆聴覚で認識できるものの総称、特に楽器のもの、高低強弱などの抑揚がある音が連続し全体として意味を持つものを「声」◆耳に届いて来るもの、便り◆[日]漢字の中国伝来
kk_鎖_くさり,鎖,くさり,鎖:◆金属製の環(わ)を繋(つな)いで紐(ひも)状にしたもの、チェーンchain◆(鎖で門や扉や戸などを)開かないように閉じる、閉ざす◆閉じ込める、閉じ籠(こも)る,N2,kun,kun,IL2_single_default(kun 84%) | B_noun_rad_金(kun 93%),鎖:◆金属製の環(わ)を繋(つな)いで紐(ひも)状にしたもの、チェーンchain◆(鎖で門や扉や戸などを)開かないように閉じる、閉ざす◆閉じ込める、閉じ籠(こも)る
kk_鎮める/静める_しずめる,鎮める/静める,しずめる,鎮:◆重みをかけて抑え付ける◆力で抑え付ける、乱れを静める、安定させる◆抑えとなる軍隊、その軍隊が駐屯している所◆県の下の行政単位、比較的大きな町◆常に、何時も、づ; 静:◆動きや乱れなどが鎮(しず)まる、治(おさ)まる◆何事もなく穏やかなさま◆しんとして音や声がしないさま、じっと動かないさま,N2,kun,kun+kun~,IL1_okurigana(kun 96%) | A1_compound_oku(kun 90%) | A1_on_kun_mix(on+kun 65%),鎮:◆重みをかけて抑え付ける◆力で抑え付ける、乱れを静める、安定させる◆抑えとなる軍隊、その軍隊が駐屯している所◆県の下の行政単位、比較的大きな町◆常に、何時も、づ; 静:◆動きや乱れなどが鎮(しず)まる、治(おさ)まる◆何事もなく穏やかなさま◆しんとして音や声がしないさま、じっと動かないさま
kk_鑑賞_かんしょう,鑑賞,かんしょう,鑑:◆大きな盆(ボン、口が開き底が平らな容器) ◆物を映(うつ)す鏡、古くは盆に水を張り鏡(かがみ)として使ったが、後には石や金属の表面を平らに磨いて鏡とした、同「; 賞:◆優れた働きをした者を褒め称える、またその者に金品を与える◆愛(め)でる、愛(め)で楽しむ,N2,on,on+on,B_noun_rad_金(kun 93%),鑑:◆大きな盆(ボン、口が開き底が平らな容器) ◆物を映(うつ)す鏡、古くは盆に水を張り鏡(かがみ)として使ったが、後には石や金属の表面を平らに磨いて鏡とした、同「; 賞:◆優れた働きをした者を褒め称える、またその者に金品を与える◆愛(め)でる、愛(め)で楽しむ
kk_長引く_ながびく,長引く,ながびく,長:◆距離や時間などが途切れることなく連なっている、離れたところまでずぅっと続いている、途切れなく続いているものの二点(両端)が大きく隔(へだ)たっている、またその; 引:◆(弓の弦iに指を掛け、ぐいと)手前に寄せる、「向こうへぐいと押しやる」とは逆の動きをいう◆ぐいと伸ばす、「引領(インレイ、首を伸ばす、首を伸ばして待ち受ける),N2,other,mixed+mixed~,IL1_okurigana(kun 96%) | A1_compound_oku(kun 90%) | A1_on_kun_mix(on+kun 65%),長:◆距離や時間などが途切れることなく連なっている、離れたところまでずぅっと続いている、途切れなく続いているものの二点(両端)が大きく隔(へだ)たっている、またその; 引:◆(弓の弦iに指を掛け、ぐいと)手前に寄せる、「向こうへぐいと押しやる」とは逆の動きをいう◆ぐいと伸ばす、「引領(インレイ、首を伸ばす、首を伸ばして待ち受ける)
kk_長短_ちょうたん,長短,ちょうたん,長:◆距離や時間などが途切れることなく連なっている、離れたところまでずぅっと続いている、途切れなく続いているものの二点(両端)が大きく隔(へだ)たっている、またその; 短:◆長さや時間が足りない、また足りていない、「短促(タンソク、短いさま、慌ただしいさま)」◆長くない、早い、小さい、少ない、「短世(タンセイ、早世すること)」◆足,N2,on,on+on,,長:◆距離や時間などが途切れることなく連なっている、離れたところまでずぅっと続いている、途切れなく続いているものの二点(両端)が大きく隔(へだ)たっている、またその; 短:◆長さや時間が足りない、また足りていない、「短促(タンソク、短いさま、慌ただしいさま)」◆長くない、早い、小さい、少ない、「短世(タンセイ、早世すること)」◆足
kk_長続き_ながつづき,長続き,ながつづき,長:◆距離や時間などが途切れることなく連なっている、離れたところまでずぅっと続いている、途切れなく続いているものの二点(両端)が大きく隔(へだ)たっている、またその; 続:◆切れることなく繋(つな)がる、また連(つら)なる◆前との関係を保ちながら次々に繋がって行く、「継続(ケイゾク)」「連続(レンゾク)」◆前の物事を受け、それを後,N2,kun,kun+kun,IL1_okurigana(kun 96%) | A1_compound_oku(kun 90%) | A1_on_kun_mix(on+kun 65%),長:◆距離や時間などが途切れることなく連なっている、離れたところまでずぅっと続いている、途切れなく続いているものの二点(両端)が大きく隔(へだ)たっている、またその; 続:◆切れることなく繋(つな)がる、また連(つら)なる◆前との関係を保ちながら次々に繋がって行く、「継続(ケイゾク)」「連続(レンゾク)」◆前の物事を受け、それを後
kk_閉会_へいかい,閉会,へいかい,閉:◆ものが出入りするところ(門・戸・窓・穴など)から出たり入ったりできないようにする、塞ぐ、「密閉」「閉塞」◆中に入れて外に出られないようにする、「幽閉」◆しっか; 会:◆人が集まる、同じ時間や場所に(同じ目的で)集まる、「会合(カイゴウ)」◆多くの人が(出向いて)集まる、また集まったところ、「集会(シュウカイ)」「都会(トカイ,N2,on,on+on,,閉:◆ものが出入りするところ(門・戸・窓・穴など)から出たり入ったりできないようにする、塞ぐ、「密閉」「閉塞」◆中に入れて外に出られないようにする、「幽閉」◆しっか; 会:◆人が集まる、同じ時間や場所に(同じ目的で)集まる、「会合(カイゴウ)」◆多くの人が(出向いて)集まる、また集まったところ、「集会(シュウカイ)」「都会(トカイ
kk_閉口_へいこう,閉口,へいこう,閉:◆ものが出入りするところ(門・戸・窓・穴など)から出たり入ったりできないようにする、塞ぐ、「密閉」「閉塞」◆中に入れて外に出られないようにする、「幽閉」◆しっか; 口:◆動物の食べたり声を発したりするための器官◆ものが出入りするために空(あ)けた(空いた)ところ、(口のように)全体の内の一部空いたところ◆言葉、言葉を発する、語,N2,on,on+on,,閉:◆ものが出入りするところ(門・戸・窓・穴など)から出たり入ったりできないようにする、塞ぐ、「密閉」「閉塞」◆中に入れて外に出られないようにする、「幽閉」◆しっか; 口:◆動物の食べたり声を発したりするための器官◆ものが出入りするために空(あ)けた(空いた)ところ、(口のように)全体の内の一部空いたところ◆言葉、言葉を発する、語
kk_閉鎖_へいさ,閉鎖,へいさ,閉:◆ものが出入りするところ(門・戸・窓・穴など)から出たり入ったりできないようにする、塞ぐ、「密閉」「閉塞」◆中に入れて外に出られないようにする、「幽閉」◆しっか; 鎖:◆金属製の環(わ)を繋(つな)いで紐(ひも)状にしたもの、チェーンchain◆(鎖で門や扉や戸などを)開かないように閉じる、閉ざす◆閉じ込める、閉じ籠(こも)る,N2,on,on+on,A3_short_compound(on+on 71%) | B_noun_rad_金(kun 93%),閉:◆ものが出入りするところ(門・戸・窓・穴など)から出たり入ったりできないようにする、塞ぐ、「密閉」「閉塞」◆中に入れて外に出られないようにする、「幽閉」◆しっか; 鎖:◆金属製の環(わ)を繋(つな)いで紐(ひも)状にしたもの、チェーンchain◆(鎖で門や扉や戸などを)開かないように閉じる、閉ざす◆閉じ込める、閉じ籠(こも)る
kk_閉館_へいかん,閉館,へいかん,閉:◆ものが出入りするところ(門・戸・窓・穴など)から出たり入ったりできないようにする、塞ぐ、「密閉」「閉塞」◆中に入れて外に出られないようにする、「幽閉」◆しっか; 館:◆公用に使う大きな建物、公衆が利用する大きな建物◆公用の人や賓客を泊めるための建物、宿◆貴人の邸宅,N2,on,on+on,,閉:◆ものが出入りするところ(門・戸・窓・穴など)から出たり入ったりできないようにする、塞ぐ、「密閉」「閉塞」◆中に入れて外に出られないようにする、「幽閉」◆しっか; 館:◆公用に使う大きな建物、公衆が利用する大きな建物◆公用の人や賓客を泊めるための建物、宿◆貴人の邸宅
kk_開会_かいかい,開会,かいかい,開:◆啓(ひら)く、閉じられている扉を真ん中から左右に押し除(の)ける◆仕切っているもの(塞ふさいでいるもの、妨さまたげているもの)を取る、「開放(カイホウ)」◆明; 会:◆人が集まる、同じ時間や場所に(同じ目的で)集まる、「会合(カイゴウ)」◆多くの人が(出向いて)集まる、また集まったところ、「集会(シュウカイ)」「都会(トカイ,N2,on,on+on,,開:◆啓(ひら)く、閉じられている扉を真ん中から左右に押し除(の)ける◆仕切っているもの(塞ふさいでいるもの、妨さまたげているもの)を取る、「開放(カイホウ)」◆明; 会:◆人が集まる、同じ時間や場所に(同じ目的で)集まる、「会合(カイゴウ)」◆多くの人が(出向いて)集まる、また集まったところ、「集会(シュウカイ)」「都会(トカイ
kk_開催_かいさい,開催,かいさい,開:◆啓(ひら)く、閉じられている扉を真ん中から左右に押し除(の)ける◆仕切っているもの(塞ふさいでいるもの、妨さまたげているもの)を取る、「開放(カイホウ)」◆明; 催:◆促(うなが)す、急(せ)き立てる、「催促(サイソク)」◆急(せ)かされる、急き立てられる◆[日]もよお・す、行事などを準備し執(と)り行う,N2,on,on+on,,開:◆啓(ひら)く、閉じられている扉を真ん中から左右に押し除(の)ける◆仕切っているもの(塞ふさいでいるもの、妨さまたげているもの)を取る、「開放(カイホウ)」◆明; 催:◆促(うなが)す、急(せ)き立てる、「催促(サイソク)」◆急(せ)かされる、急き立てられる◆[日]もよお・す、行事などを準備し執(と)り行う
kk_開花_かいか,開花,かいか,開:◆啓(ひら)く、閉じられている扉を真ん中から左右に押し除(の)ける◆仕切っているもの(塞ふさいでいるもの、妨さまたげているもの)を取る、「開放(カイホウ)」◆明; 花:◆種子植物の生殖のための器官、雌蕊(シズイ、めしべ)や雄蕊(ユウズイ、おしべ)やその外側にある部分を総じた名 ◆(花のように)美しいさま、華(はな)やかなさま、,N2,on,on+on,A3_short_compound(on+on 71%),開:◆啓(ひら)く、閉じられている扉を真ん中から左右に押し除(の)ける◆仕切っているもの(塞ふさいでいるもの、妨さまたげているもの)を取る、「開放(カイホウ)」◆明; 花:◆種子植物の生殖のための器官、雌蕊(シズイ、めしべ)や雄蕊(ユウズイ、おしべ)やその外側にある部分を総じた名 ◆(花のように)美しいさま、華(はな)やかなさま、
kk_開館_かいかん,開館,かいかん,開:◆啓(ひら)く、閉じられている扉を真ん中から左右に押し除(の)ける◆仕切っているもの(塞ふさいでいるもの、妨さまたげているもの)を取る、「開放(カイホウ)」◆明; 館:◆公用に使う大きな建物、公衆が利用する大きな建物◆公用の人や賓客を泊めるための建物、宿◆貴人の邸宅,N2,on,on+on,,開:◆啓(ひら)く、閉じられている扉を真ん中から左右に押し除(の)ける◆仕切っているもの(塞ふさいでいるもの、妨さまたげているもの)を取る、「開放(カイホウ)」◆明; 館:◆公用に使う大きな建物、公衆が利用する大きな建物◆公用の人や賓客を泊めるための建物、宿◆貴人の邸宅
kk_間近_まぢか,間近,まぢか,間:◆両側からぴったりと閉じられずに開いているところ、(空間・時間・物事・関係などが)連続せずに途切れているところ、開いたり途切れたりして何もないところ、隙(すき); 近:◆位置・時間・関係・状態などがすぐ傍(そば)にある◆迫(せま)る、すぐ傍まで寄る、また寄せる◆親(ちか)しい、親(した)しい(間柄や関係などが近い)◆似ている(,N2,other,mixed+mixed~,A3_short_compound(on+on 71%),間:◆両側からぴったりと閉じられずに開いているところ、(空間・時間・物事・関係などが)連続せずに途切れているところ、開いたり途切れたりして何もないところ、隙(すき); 近:◆位置・時間・関係・状態などがすぐ傍(そば)にある◆迫(せま)る、すぐ傍まで寄る、また寄せる◆親(ちか)しい、親(した)しい(間柄や関係などが近い)◆似ている(
kk_関連_かんれん,関連,かんれん,関:◆閂(かんぬき)、扉を閉め内側から横に渡して扉が開かないようにするための横木、同「閞」◆門を閉じる、門を閉じて閂を掛ける◆国や領地などの周りを囲った境界に設けら; 連:◆途切れずに続く、次々に間を置かずに続く、また繋(つな)がる◆結び付く、関わり合いを持つ◆一緒に行動する◆続々と、次々に、間を置かずに,N2,on,on+on,,関:◆閂(かんぬき)、扉を閉め内側から横に渡して扉が開かないようにするための横木、同「閞」◆門を閉じる、門を閉じて閂を掛ける◆国や領地などの周りを囲った境界に設けら; 連:◆途切れずに続く、次々に間を置かずに続く、また繋(つな)がる◆結び付く、関わり合いを持つ◆一緒に行動する◆続々と、次々に、間を置かずに
kk_防災_ぼうさい,防災,ぼうさい,防:◆堤(つつみ)、水が溢(あふ)れ出てくることがないように或いは流れを変えるために土や石などを高く盛って遮(さえぎ)る、「堤防(テイボウ)」◆災害や危険などが及ば; 災:◆大雨・洪水・旱(ひでり)・大風や地震・火事・疫病など天が齎(もたら)す禍(わざわい)◆人に困難や不幸を齎す出来事,N2,on,on+on,,防:◆堤(つつみ)、水が溢(あふ)れ出てくることがないように或いは流れを変えるために土や石などを高く盛って遮(さえぎ)る、「堤防(テイボウ)」◆災害や危険などが及ば; 災:◆大雨・洪水・旱(ひでり)・大風や地震・火事・疫病など天が齎(もたら)す禍(わざわい)◆人に困難や不幸を齎す出来事
kk_防犯_ぼうはん,防犯,ぼうはん,防:◆堤(つつみ)、水が溢(あふ)れ出てくることがないように或いは流れを変えるために土や石などを高く盛って遮(さえぎ)る、「堤防(テイボウ)」◆災害や危険などが及ば; 犯:◆入るべきところではないところに入り込む、決められた範囲を越える◆守るべきことを守らない、法律や命令などを破る,N2,on,on+on,,防:◆堤(つつみ)、水が溢(あふ)れ出てくることがないように或いは流れを変えるために土や石などを高く盛って遮(さえぎ)る、「堤防(テイボウ)」◆災害や危険などが及ば; 犯:◆入るべきところではないところに入り込む、決められた範囲を越える◆守るべきことを守らない、法律や命令などを破る
kk_限りない_かぎりない,限りない,かぎりない,限:◆内と外との区切り、境界、「限界(ゲンカイ)」◆境界や範囲の内側、定めた区切り以内、またその内に収める、「限度(ゲンド)」「限定(ゲンテイ)」◆門の地上部に渡し,N2,kun,kun,IL1_okurigana(kun 96%) | IL2_single_okuri(kun 96%),限:◆内と外との区切り、境界、「限界(ゲンカイ)」◆境界や範囲の内側、定めた区切り以内、またその内に収める、「限度(ゲンド)」「限定(ゲンテイ)」◆門の地上部に渡し
kk_限定_げんてい,限定,げんてい,限:◆内と外との区切り、境界、「限界(ゲンカイ)」◆境界や範囲の内側、定めた区切り以内、またその内に収める、「限度(ゲンド)」「限定(ゲンテイ)」◆門の地上部に渡し; 定:◆さだ・まる、動きや乱れが鎮(しず)まって変化・変動しない状態になる、平静になる、落ち着く、「鎮定(チンテイ)」◆さだ・める、動いたり揺らいだりしない状態にする,N2,on,on+on,B_noun_rad_宀(kun 93%),限:◆内と外との区切り、境界、「限界(ゲンカイ)」◆境界や範囲の内側、定めた区切り以内、またその内に収める、「限度(ゲンド)」「限定(ゲンテイ)」◆門の地上部に渡し; 定:◆さだ・まる、動きや乱れが鎮(しず)まって変化・変動しない状態になる、平静になる、落ち着く、「鎮定(チンテイ)」◆さだ・める、動いたり揺らいだりしない状態にする
kk_限度_げんど,限度,げんど,限:◆内と外との区切り、境界、「限界(ゲンカイ)」◆境界や範囲の内側、定めた区切り以内、またその内に収める、「限度(ゲンド)」「限定(ゲンテイ)」◆門の地上部に渡し; 度:◆長さを測(はか)る際に基準となる物差し(ものさし)、またその目盛(めもり)、「度量(ドリョウ、長さと容量、人の言動をどの程度容認できるかの大きさ)」「法度(ハ,N2,on,on+on,A3_short_compound(on+on 71%) | B_noun_rad_广(kun 93%),限:◆内と外との区切り、境界、「限界(ゲンカイ)」◆境界や範囲の内側、定めた区切り以内、またその内に収める、「限度(ゲンド)」「限定(ゲンテイ)」◆門の地上部に渡し; 度:◆長さを測(はか)る際に基準となる物差し(ものさし)、またその目盛(めもり)、「度量(ドリョウ、長さと容量、人の言動をどの程度容認できるかの大きさ)」「法度(ハ
kk_限界_げんかい,限界,げんかい,限:◆内と外との区切り、境界、「限界(ゲンカイ)」◆境界や範囲の内側、定めた区切り以内、またその内に収める、「限度(ゲンド)」「限定(ゲンテイ)」◆門の地上部に渡し; 界:◆境(さかい)、境目(さかいめ)、区切り、同「堺」「𨺬」◆周(まわ)りが仕切られているところの内側、範囲(ハンイ),N2,on,on+on,,限:◆内と外との区切り、境界、「限界(ゲンカイ)」◆境界や範囲の内側、定めた区切り以内、またその内に収める、「限度(ゲンド)」「限定(ゲンテイ)」◆門の地上部に渡し; 界:◆境(さかい)、境目(さかいめ)、区切り、同「堺」「𨺬」◆周(まわ)りが仕切られているところの内側、範囲(ハンイ)
kk_陸_りく,陸,りく,陸:◆おか、くが、広い台地、土が厚く積み重なって水面より高くなったところ、水に覆われていない平らに広がる土地◆水に覆われていない土地、「陸路(りくろ)」◆途切れるこ,N2,on,on,IL2_single_default(kun 84%),陸:◆おか、くが、広い台地、土が厚く積み重なって水面より高くなったところ、水に覆われていない平らに広がる土地◆水に覆われていない土地、「陸路(りくろ)」◆途切れるこ
kk_陸地_りくち,陸地,りくち,陸:◆おか、くが、広い台地、土が厚く積み重なって水面より高くなったところ、水に覆われていない平らに広がる土地◆水に覆われていない土地、「陸路(りくろ)」◆途切れるこ; 地:◆重い陰気が(下に沈み)集まるところ、万物が居並ぶ(存在する)ところ、軽い陽気が(上に浮き)集まるところを「天(テン)」、「【說文解字注:土部:地】元气初分輕清,N2,on,on+on,A3_short_compound(on+on 71%),陸:◆おか、くが、広い台地、土が厚く積み重なって水面より高くなったところ、水に覆われていない平らに広がる土地◆水に覆われていない土地、「陸路(りくろ)」◆途切れるこ; 地:◆重い陰気が(下に沈み)集まるところ、万物が居並ぶ(存在する)ところ、軽い陽気が(上に浮き)集まるところを「天(テン)」、「【說文解字注:土部:地】元气初分輕清
kk_険しい_けわしい,険しい,けわしい,険:◆山が高く切り立っているさま、行く手を阻(はば)むように山が高く立ちはだかっているさま、またそのようなところ◆危(あぶ)ない、危(あや)うい状況や困難な状況に遭,N2,kun,kun,IL1_okurigana(kun 96%) | IL2_single_okuri(kun 96%),険:◆山が高く切り立っているさま、行く手を阻(はば)むように山が高く立ちはだかっているさま、またそのようなところ◆危(あぶ)ない、危(あや)うい状況や困難な状況に遭
kk_陽気_ようき,陽気,ようき,陽:◆日光、日光が当たって明るい、明るく暖かい、またそのようなところ、日光が当たらないところは「陰」◆山の南側、川の北側、日光が当たる側、逆は「陰」◆人の目に触れる; 気:◆中国古来の考えで、天地全ての事物の基本要素、目に見えず形状は一定しない、あらゆる事物の生死・盛衰などの変化・変動はこの「気」の移動・集散によるものと考えられた,N2,on,on+on,A3_short_compound(on+on 71%),陽:◆日光、日光が当たって明るい、明るく暖かい、またそのようなところ、日光が当たらないところは「陰」◆山の南側、川の北側、日光が当たる側、逆は「陰」◆人の目に触れる; 気:◆中国古来の考えで、天地全ての事物の基本要素、目に見えず形状は一定しない、あらゆる事物の生死・盛衰などの変化・変動はこの「気」の移動・集散によるものと考えられた
kk_随一_ずいいち,随一,ずいいち,随:◆付き従う、他のものの後に付いて行く、「随行(ズイコウ)」◆他の者や思いや考えなどのままに任せる、成り行きに従う、「随意(ズイイ)」; 一:◆最初、最初の数、最も小さい数、同「壹」 ◆(幾つかあるものの内の、全体の中の)一つ、一つの、一つに、それだけ、ひたすら、同「壹」◆同じ、等しい、「同じ一つのも,N2,on,on+on,,随:◆付き従う、他のものの後に付いて行く、「随行(ズイコウ)」◆他の者や思いや考えなどのままに任せる、成り行きに従う、「随意(ズイイ)」; 一:◆最初、最初の数、最も小さい数、同「壹」 ◆(幾つかあるものの内の、全体の中の)一つ、一つの、一つに、それだけ、ひたすら、同「壹」◆同じ、等しい、「同じ一つのも
kk_随筆_ずいひつ,随筆,ずいひつ,随:◆付き従う、他のものの後に付いて行く、「随行(ズイコウ)」◆他の者や思いや考えなどのままに任せる、成り行きに従う、「随意(ズイイ)」; 筆:◆墨や絵の具を穂先に含ませて字を書いたり絵を描いたりする道具、またそれで字を書く、また絵を描く、またそれで書いた(描いた)字や絵,N2,on,on+on,B_noun_rad_竹(kun 93%),随:◆付き従う、他のものの後に付いて行く、「随行(ズイコウ)」◆他の者や思いや考えなどのままに任せる、成り行きに従う、「随意(ズイイ)」; 筆:◆墨や絵の具を穂先に含ませて字を書いたり絵を描いたりする道具、またそれで字を書く、また絵を描く、またそれで書いた(描いた)字や絵
kk_隔たる_へだたる,隔たる,へだたる,隔:◆間(あいだ)を仕切る、仕切って内(手前、こちら)と外(向こう、あちら)の行き来ができないようにする◆時間や距離などの間を空(あ)ける◆他との関(かか)わりに距,N2,kun,kun,IL1_okurigana(kun 96%) | IL2_single_okuri(kun 96%),隔:◆間(あいだ)を仕切る、仕切って内(手前、こちら)と外(向こう、あちら)の行き来ができないようにする◆時間や距離などの間を空(あ)ける◆他との関(かか)わりに距
kk_際_さい,際,さい,際:◆他と触(ふ)れ合う、付き合う、「交際(コウサイ、交わり接すること、付き合うこと)」◆他と合(あ)わさるところ、接するところ、境目、「水際(スイサイ、みずぎわ),N2,on,on,IL2_single_default(kun 84%),際:◆他と触(ふ)れ合う、付き合う、「交際(コウサイ、交わり接すること、付き合うこと)」◆他と合(あ)わさるところ、接するところ、境目、「水際(スイサイ、みずぎわ)
kk_障子_しょうじ,障子,しょうじ,障:◆間が仕切られている、仕切る◆仕切られていて向こう側へ行けない、仕切って行く手を遮(さえぎ)る、妨げる◆仕切って遮(さえぎ)るもの、壁や塀・障子や衝立など◆差し; 子:◆母親から産まれるもの、古くは男女を問わず「子」といったが、現代中国では男の子(息子)を指す◆新しく産まれる(生まれる)ものの元となるもの、植物の種や実、動物の,N2,on,on+on~,A3_short_compound(on+on 71%),障:◆間が仕切られている、仕切る◆仕切られていて向こう側へ行けない、仕切って行く手を遮(さえぎ)る、妨げる◆仕切って遮(さえぎ)るもの、壁や塀・障子や衝立など◆差し; 子:◆母親から産まれるもの、古くは男女を問わず「子」といったが、現代中国では男の子(息子)を指す◆新しく産まれる(生まれる)ものの元となるもの、植物の種や実、動物の
kk_障害_しょうがい,障害,しょうがい,障:◆間が仕切られている、仕切る◆仕切られていて向こう側へ行けない、仕切って行く手を遮(さえぎ)る、妨げる◆仕切って遮(さえぎ)るもの、壁や塀・障子や衝立など◆差し; 害:◆状態を悪くする、損(そこ)なう、傷付ける、妨(さまた)げる、良好な状態とは逆の状態になる◆なぜ、どうして、どうして～しないのか、同「盍」,N2,on,on+on,B_noun_rad_宀(kun 93%),障:◆間が仕切られている、仕切る◆仕切られていて向こう側へ行けない、仕切って行く手を遮(さえぎ)る、妨げる◆仕切って遮(さえぎ)るもの、壁や塀・障子や衝立など◆差し; 害:◆状態を悪くする、損(そこ)なう、傷付ける、妨(さまた)げる、良好な状態とは逆の状態になる◆なぜ、どうして、どうして～しないのか、同「盍」
kk_雀_すずめ,雀,すずめ,雀:◆スズメ(雀)、スズメ科スズメ属の鳥、また同科同属の鳥の称、同「䲵」◆小躍(こおど)りする◆「孔雀(クジャク)」、キジ科クジャク属・コンゴクジャク属の鳥、また同,N2,kun,kun,IL2_single_default(kun 84%),雀:◆スズメ(雀)、スズメ科スズメ属の鳥、また同科同属の鳥の称、同「䲵」◆小躍(こおど)りする◆「孔雀(クジャク)」、キジ科クジャク属・コンゴクジャク属の鳥、また同
kk_集会_しゅうかい,集会,しゅうかい,集:◆多くのものが同じところに寄り合う、多くの人が同じところに会(カイ)する◆多くのものが一つになる、また一つにする、また一つになったもの、また一つにしたもの◆多く; 会:◆人が集まる、同じ時間や場所に(同じ目的で)集まる、「会合(カイゴウ)」◆多くの人が(出向いて)集まる、また集まったところ、「集会(シュウカイ)」「都会(トカイ,N2,on,on+on,,集:◆多くのものが同じところに寄り合う、多くの人が同じところに会(カイ)する◆多くのものが一つになる、また一つにする、また一つになったもの、また一つにしたもの◆多く; 会:◆人が集まる、同じ時間や場所に(同じ目的で)集まる、「会合(カイゴウ)」◆多くの人が(出向いて)集まる、また集まったところ、「集会(シュウカイ)」「都会(トカイ
kk_集合_しゅうごう,集合,しゅうごう,集:◆多くのものが同じところに寄り合う、多くの人が同じところに会(カイ)する◆多くのものが一つになる、また一つにする、また一つになったもの、また一つにしたもの◆多く; 合:◆人や物が集まって一緒になる、また一つになる◆幾つかのものを集め一緒にする、幾つかのものが集まり同じになる◆同じものを纏(まと)めた全体◆ぴったりと一致する、当,N2,on,on+on,,集:◆多くのものが同じところに寄り合う、多くの人が同じところに会(カイ)する◆多くのものが一つになる、また一つにする、また一つになったもの、また一つにしたもの◆多く; 合:◆人や物が集まって一緒になる、また一つになる◆幾つかのものを集め一緒にする、幾つかのものが集まり同じになる◆同じものを纏(まと)めた全体◆ぴったりと一致する、当
kk_集計_しゅうけい,集計,しゅうけい,集:◆多くのものが同じところに寄り合う、多くの人が同じところに会(カイ)する◆多くのものが一つになる、また一つにする、また一つになったもの、また一つにしたもの◆多く; 計:◆数える、測る◆(その年の)出納を合わせる◆見積もる、見当をつける,N2,on,on+on,B_verb_rad_言(kun 80%),集:◆多くのものが同じところに寄り合う、多くの人が同じところに会(カイ)する◆多くのものが一つになる、また一つにする、また一つになったもの、また一つにしたもの◆多く; 計:◆数える、測る◆(その年の)出納を合わせる◆見積もる、見当をつける
kk_集金_しゅうきん,集金,しゅうきん,集:◆多くのものが同じところに寄り合う、多くの人が同じところに会(カイ)する◆多くのものが一つになる、また一つにする、また一つになったもの、また一つにしたもの◆多く; 金:◆黄金・白銀・赤銅・青銅・青鉛・黒鉄などの総称、金属の総称◆(黄金のように)黄色い、輝く、美しい、貴重な、(金属のように)堅い◆金属製のもの◆銭(ぜに)、またそ,N2,on,on+on,B_noun_rad_金(kun 93%),集:◆多くのものが同じところに寄り合う、多くの人が同じところに会(カイ)する◆多くのものが一つになる、また一つにする、また一つになったもの、また一つにしたもの◆多く; 金:◆黄金・白銀・赤銅・青銅・青鉛・黒鉄などの総称、金属の総称◆(黄金のように)黄色い、輝く、美しい、貴重な、(金属のように)堅い◆金属製のもの◆銭(ぜに)、またそ
kk_雇用_こよう,雇用,こよう,雇:◆賃金を支払って人を使う、同「傭」「僱」◆金を払って物や力を借りる◆渡り鳥、候鳥(コウチョウ)、時候の変化を感じ取ったり農作業などの目安としたりする鳥、同「鳸」; 用:◆人や物、或いはその特性や能力を使う、また使ってあることを行う、また役立たせる◆働かせる、発揮させる、またそのために必要な特性・能力・金銭など◆以(もっ)て◆[,N2,on,on+on,A3_short_compound(on+on 71%),雇:◆賃金を支払って人を使う、同「傭」「僱」◆金を払って物や力を借りる◆渡り鳥、候鳥(コウチョウ)、時候の変化を感じ取ったり農作業などの目安としたりする鳥、同「鳸」; 用:◆人や物、或いはその特性や能力を使う、また使ってあることを行う、また役立たせる◆働かせる、発揮させる、またそのために必要な特性・能力・金銭など◆以(もっ)て◆[
kk_雑談_ざつだん,雑談,ざつだん,雑:◆それぞれの性質は保ったままいろいろな物が寄せ集まる、また入り交る、入り交って元の性質が失われるのは「混」◆入り交って纏(まと)まりがないさま、きちんと整ってい; 談:◆物語、物語る、同「譚」◆寛いで話をする、盛んに語り合う,N2,on,on+on,B_verb_rad_言(kun 80%),雑:◆それぞれの性質は保ったままいろいろな物が寄せ集まる、また入り交る、入り交って元の性質が失われるのは「混」◆入り交って纏(まと)まりがないさま、きちんと整ってい; 談:◆物語、物語る、同「譚」◆寛いで話をする、盛んに語り合う
kk_雑音_ざつおん,雑音,ざつおん,雑:◆それぞれの性質は保ったままいろいろな物が寄せ集まる、また入り交る、入り交って元の性質が失われるのは「混」◆入り交って纏(まと)まりがないさま、きちんと整ってい; 音:◆聴覚で認識できるものの総称、特に楽器のもの、高低強弱などの抑揚がある音が連続し全体として意味を持つものを「声」◆耳に届いて来るもの、便り◆[日]漢字の中国伝来,N2,on,on+on,,雑:◆それぞれの性質は保ったままいろいろな物が寄せ集まる、また入り交る、入り交って元の性質が失われるのは「混」◆入り交って纏(まと)まりがないさま、きちんと整ってい; 音:◆聴覚で認識できるものの総称、特に楽器のもの、高低強弱などの抑揚がある音が連続し全体として意味を持つものを「声」◆耳に届いて来るもの、便り◆[日]漢字の中国伝来
kk_難問_なんもん,難問,なんもん,難:◆思いの通りにいかない(ならない)、～するのは容易でない、～しにくい、～しづらい、同「艱」◆災(わざわ)い、禍(カ、わざわい)、手の施(ほどこ)しようのない(思; 問:◆分からないことやはっきりしないことを質(ただ)す◆罪や責任などの有無について聞く◆様子などを尋ねる,N2,on,on+on,,難:◆思いの通りにいかない(ならない)、～するのは容易でない、～しにくい、～しづらい、同「艱」◆災(わざわ)い、禍(カ、わざわい)、手の施(ほどこ)しようのない(思; 問:◆分からないことやはっきりしないことを質(ただ)す◆罪や責任などの有無について聞く◆様子などを尋ねる
kk_雨天_うてん,雨天,うてん,雨:◆大気中の水蒸気が集まって水滴となり、浮かんでいることができずに落下するもの ◆(雨や雪が、小さなものが無数に)降る、上から下に落ちて来る◆あめ、あめかんむり、; 天:◆軽い陽気が(上に浮き)集まるところ、重い陰気が(下に沈み)集まるところを「地(チ)」、「【說文解字注:土部:地】元气初分輕清陽爲天重濁侌爲地萬物所陳𠛱也…」◆,N2,on,on+on,A3_short_compound(on+on 71%) | B_noun_rad_雨(kun 93%),雨:◆大気中の水蒸気が集まって水滴となり、浮かんでいることができずに落下するもの ◆(雨や雪が、小さなものが無数に)降る、上から下に落ちて来る◆あめ、あめかんむり、; 天:◆軽い陽気が(上に浮き)集まるところ、重い陰気が(下に沈み)集まるところを「地(チ)」、「【說文解字注:土部:地】元气初分輕清陽爲天重濁侌爲地萬物所陳𠛱也…」◆
kk_雨戸_あまど,雨戸,あまど,雨:◆大気中の水蒸気が集まって水滴となり、浮かんでいることができずに落下するもの ◆(雨や雪が、小さなものが無数に)降る、上から下に落ちて来る◆あめ、あめかんむり、; 戸:◆開閉ができる外と内の仕切り、家や部屋の出入り口の片開きの扉、門内の建物の出入り口の扉、同「㦿」「𣥘」、大きな建物の出入り口の両開きの扉は「扉」、「【康熙字典:,N2,other,mixed+mixed~,A3_short_compound(on+on 71%) | B_noun_rad_雨(kun 93%),雨:◆大気中の水蒸気が集まって水滴となり、浮かんでいることができずに落下するもの ◆(雨や雪が、小さなものが無数に)降る、上から下に落ちて来る◆あめ、あめかんむり、; 戸:◆開閉ができる外と内の仕切り、家や部屋の出入り口の片開きの扉、門内の建物の出入り口の扉、同「㦿」「𣥘」、大きな建物の出入り口の両開きの扉は「扉」、「【康熙字典:
kk_雨足_あまあし,雨足,あまあし,雨:◆大気中の水蒸気が集まって水滴となり、浮かんでいることができずに落下するもの ◆(雨や雪が、小さなものが無数に)降る、上から下に落ちて来る◆あめ、あめかんむり、; 足:◆体や物体の一部で、胴から分かれ出て伸び、地に接して体を支えたり、歩行・走行・跳躍などの運動機能を担う部分、現代の中国では「脚」◆「歩く」「走る」などの足を使っ,N2,kun,kun+kun~,B_noun_rad_雨(kun 93%) | B_verb_rad_足(kun 80%),雨:◆大気中の水蒸気が集まって水滴となり、浮かんでいることができずに落下するもの ◆(雨や雪が、小さなものが無数に)降る、上から下に落ちて来る◆あめ、あめかんむり、; 足:◆体や物体の一部で、胴から分かれ出て伸び、地に接して体を支えたり、歩行・走行・跳躍などの運動機能を担う部分、現代の中国では「脚」◆「歩く」「走る」などの足を使っ
kk_零れる_こぼれる,零れる,こぼれる,零:◆細かい雨が静かに降る、細かい水の粒がぽとぽとと滴(したた)り落ちる◆落ちる、衰える、萎(しお)れる、寂(さび)れる、無(な)くなる◆小さい、少ない、非常に小さ,N2,kun,kun,IL1_okurigana(kun 96%) | IL2_single_okuri(kun 96%) | B_noun_rad_雨(kun 93%),零:◆細かい雨が静かに降る、細かい水の粒がぽとぽとと滴(したた)り落ちる◆落ちる、衰える、萎(しお)れる、寂(さび)れる、無(な)くなる◆小さい、少ない、非常に小さ
kk_雷_かみなり,雷,かみなり,雷:◆雲の内部や雲と地表の間に発生する放電現象、それに伴う音や光 ◆大地や大気を激しく揺るがすような大きな音、またそのような音のするもの,N2,kun,kun,IL2_single_default(kun 84%) | B_noun_rad_雨(kun 93%),雷:◆雲の内部や雲と地表の間に発生する放電現象、それに伴う音や光 ◆大地や大気を激しく揺るがすような大きな音、またそのような音のするもの
kk_電力_でんりょく,電力,でんりょく,電:◆雷(かみなり)の光、稲妻(いなずま)◆光や音のように一瞬で遠くまで届くもの、また伝わるもの; 力:◆ものを動かすもの、ものを動かしているもの、ものに働(はたら)くもの、「強力(キョウリョク、強い力)」◆働く、務(つと)める、勤(つと)める、「努力(ドリョク、,N2,on,on+on,B_noun_rad_雨(kun 93%) | B_verb_rad_力(kun 80%),電:◆雷(かみなり)の光、稲妻(いなずま)◆光や音のように一瞬で遠くまで届くもの、また伝わるもの; 力:◆ものを動かすもの、ものを動かしているもの、ものに働(はたら)くもの、「強力(キョウリョク、強い力)」◆働く、務(つと)める、勤(つと)める、「努力(ドリョク、
kk_電柱_でんちゅう,電柱,でんちゅう,"電:◆雷(かみなり)の光、稲妻(いなずま)◆光や音のように一瞬で遠くまで届くもの、また伝わるもの; 柱:◆建物上部の構造物を支える直立した木材 ◆上の者や物を下から支える、また支えとなるもの◆じ、箏(ショウ、こと)などの弦の途中を支える""Ｍ""字状の具、その位置を変",N2,on,on+on,B_noun_rad_雨(kun 93%) | B_noun_rad_木(kun 93%),"電:◆雷(かみなり)の光、稲妻(いなずま)◆光や音のように一瞬で遠くまで届くもの、また伝わるもの; 柱:◆建物上部の構造物を支える直立した木材 ◆上の者や物を下から支える、また支えとなるもの◆じ、箏(ショウ、こと)などの弦の途中を支える""Ｍ""字状の具、その位置を変"
kk_電波_でんぱ,電波,でんぱ,電:◆雷(かみなり)の光、稲妻(いなずま)◆光や音のように一瞬で遠くまで届くもの、また伝わるもの; 波:◆(水が撹拌されることによって)水面が上下に揺れ動きながら(うねりながら)流れるさま、またその動き、またその形、「【爾雅注疏:釋地】河水清且瀾漪大波為瀾…小波為,N2,on,on+mixed~,A3_short_compound(on+on 71%) | B_noun_rad_雨(kun 93%),電:◆雷(かみなり)の光、稲妻(いなずま)◆光や音のように一瞬で遠くまで届くもの、また伝わるもの; 波:◆(水が撹拌されることによって)水面が上下に揺れ動きながら(うねりながら)流れるさま、またその動き、またその形、「【爾雅注疏:釋地】河水清且瀾漪大波為瀾…小波為
kk_震わせる_ふるわせる,震わせる,ふるわせる,震:◆激しい雷でものががたがたと振動するさま、怒りや恐れなどで体が小刻みに揺れ動くさま、ものが小刻みに揺れ動くさま◆八卦(ハッカ、「乾・兌・離・震・巽・坎・艮・坤」,N2,kun,kun,IL1_okurigana(kun 96%) | IL2_single_okuri(kun 96%) | B_noun_rad_雨(kun 93%),震:◆激しい雷でものががたがたと振動するさま、怒りや恐れなどで体が小刻みに揺れ動くさま、ものが小刻みに揺れ動くさま◆八卦(ハッカ、「乾・兌・離・震・巽・坎・艮・坤」
kk_震動_しんどう,震動,しんどう,震:◆激しい雷でものががたがたと振動するさま、怒りや恐れなどで体が小刻みに揺れ動くさま、ものが小刻みに揺れ動くさま◆八卦(ハッカ、「乾・兌・離・震・巽・坎・艮・坤」; 動:◆位置・姿勢・感情・状態・事情などが変わる、また変える、また変わり始める、「動作」「行動」「感動」◆やや・もすれば、どうかすると(～になる、～になりやすい),N2,on,on+on,B_noun_rad_雨(kun 93%) | B_verb_rad_力(kun 80%),震:◆激しい雷でものががたがたと振動するさま、怒りや恐れなどで体が小刻みに揺れ動くさま、ものが小刻みに揺れ動くさま◆八卦(ハッカ、「乾・兌・離・震・巽・坎・艮・坤」; 動:◆位置・姿勢・感情・状態・事情などが変わる、また変える、また変わり始める、「動作」「行動」「感動」◆やや・もすれば、どうかすると(～になる、～になりやすい)
kk_震災_しんさい,震災,しんさい,震:◆激しい雷でものががたがたと振動するさま、怒りや恐れなどで体が小刻みに揺れ動くさま、ものが小刻みに揺れ動くさま◆八卦(ハッカ、「乾・兌・離・震・巽・坎・艮・坤」; 災:◆大雨・洪水・旱(ひでり)・大風や地震・火事・疫病など天が齎(もたら)す禍(わざわい)◆人に困難や不幸を齎す出来事,N2,on,on+on,B_noun_rad_雨(kun 93%),震:◆激しい雷でものががたがたと振動するさま、怒りや恐れなどで体が小刻みに揺れ動くさま、ものが小刻みに揺れ動くさま◆八卦(ハッカ、「乾・兌・離・震・巽・坎・艮・坤」; 災:◆大雨・洪水・旱(ひでり)・大風や地震・火事・疫病など天が齎(もたら)す禍(わざわい)◆人に困難や不幸を齎す出来事
kk_青年_せいねん,青年,せいねん,青:◆植物などの芽生えの時の若々しく瑞瑞(みずみず)しい色、緑(みどり)色、またその色の名◆濃い色でくすみがなく瑞瑞しい深緑(ふかみどり)・紺(コン)・藍(アイ)色; 年:◆穀物が稔(みの)る、同「秊」◆農作物を収穫してから次の収穫期までの期間、四季(二十四節気)を一巡する期間、year◆誕生してから生きてその誕生日を通り過ぎた回,N2,on,on+on,,青:◆植物などの芽生えの時の若々しく瑞瑞(みずみず)しい色、緑(みどり)色、またその色の名◆濃い色でくすみがなく瑞瑞しい深緑(ふかみどり)・紺(コン)・藍(アイ)色; 年:◆穀物が稔(みの)る、同「秊」◆農作物を収穫してから次の収穫期までの期間、四季(二十四節気)を一巡する期間、year◆誕生してから生きてその誕生日を通り過ぎた回
kk_青白い_あおじろい,青白い,あおじろい,青:◆植物などの芽生えの時の若々しく瑞瑞(みずみず)しい色、緑(みどり)色、またその色の名◆濃い色でくすみがなく瑞瑞しい深緑(ふかみどり)・紺(コン)・藍(アイ)色; 白:◆無色、雪の色、どんな色にも染まっていないさま、同「㿟」「皛」◆曇りがないさま、汚(けが)れがないさま、清(きよ)いさま◆何もないさま、あるがままであるさま、「,N2,other,mixed+mixed~,IL1_okurigana(kun 96%) | A1_compound_oku(kun 90%) | A1_on_kun_mix(on+kun 65%),青:◆植物などの芽生えの時の若々しく瑞瑞(みずみず)しい色、緑(みどり)色、またその色の名◆濃い色でくすみがなく瑞瑞しい深緑(ふかみどり)・紺(コン)・藍(アイ)色; 白:◆無色、雪の色、どんな色にも染まっていないさま、同「㿟」「皛」◆曇りがないさま、汚(けが)れがないさま、清(きよ)いさま◆何もないさま、あるがままであるさま、「
kk_静まる_しずまる,静まる,しずまる,静:◆動きや乱れなどが鎮(しず)まる、治(おさ)まる◆何事もなく穏やかなさま◆しんとして音や声がしないさま、じっと動かないさま,N2,kun,kun,IL1_okurigana(kun 96%) | IL2_single_okuri(kun 96%),静:◆動きや乱れなどが鎮(しず)まる、治(おさ)まる◆何事もなく穏やかなさま◆しんとして音や声がしないさま、じっと動かないさま
kk_静脈_じょうみゃく,静脈,じょうみゃく,静:◆動きや乱れなどが鎮(しず)まる、治(おさ)まる◆何事もなく穏やかなさま◆しんとして音や声がしないさま、じっと動かないさま; 脈:◆動物などの体内の血が通る細く長い管(くだ)、植物などの水や養分が通る細く長い管、「動脈(ドウミャク)」「葉脈(ヨウミャク)」◆血液が血管を流れる際の規則的な動,N2,on,on+on,,静:◆動きや乱れなどが鎮(しず)まる、治(おさ)まる◆何事もなく穏やかなさま◆しんとして音や声がしないさま、じっと動かないさま; 脈:◆動物などの体内の血が通る細く長い管(くだ)、植物などの水や養分が通る細く長い管、「動脈(ドウミャク)」「葉脈(ヨウミャク)」◆血液が血管を流れる際の規則的な動
kk_非常識_ひじょうしき,非常識,ひじょうしき,非:◆～ではない、否定を表す言葉、同「匪」◆違っている、誤っている、正しくない◆「是非(ゼヒ)」◇物事の正邪、良し悪し◇(都合の良し悪しに拘らず)どうしても◆あらず; 常:◆何時も、何時もと変わらない◆変わることなく一定の、長い間変わることがない◆普通の、一般的な◆長さの単位、1常=2尋、1尋=8尺、「尋常」は「普通の、一般的な」; 識:◆知ったことが他とどう違うのかを理解する◆他との違いをはっきりと見分ける、またその働き、またその能力、またその内容◆記(しる)す、書き記す、同「誌」◆幟(のぼり,N2,on,on+on+on,A4_multi_on(on+on+on 65%) | B_noun_rad_巾(kun 93%) | B_verb_rad_言(kun 80%),非:◆～ではない、否定を表す言葉、同「匪」◆違っている、誤っている、正しくない◆「是非(ゼヒ)」◇物事の正邪、良し悪し◇(都合の良し悪しに拘らず)どうしても◆あらず; 常:◆何時も、何時もと変わらない◆変わることなく一定の、長い間変わることがない◆普通の、一般的な◆長さの単位、1常=2尋、1尋=8尺、「尋常」は「普通の、一般的な」; 識:◆知ったことが他とどう違うのかを理解する◆他との違いをはっきりと見分ける、またその働き、またその能力、またその内容◆記(しる)す、書き記す、同「誌」◆幟(のぼり
kk_非行_ひこう,非行,ひこう,非:◆～ではない、否定を表す言葉、同「匪」◆違っている、誤っている、正しくない◆「是非(ゼヒ)」◇物事の正邪、良し悪し◇(都合の良し悪しに拘らず)どうしても◆あらず; 行:◆左足を前に出し(彳)次に右足を前に出す(亍)、足を交互に動かして前に進む◆目的とするところに向かって進む◆遠くに出掛ける、旅に出る◆道、人が往来する道路、同「,N2,on,on+on,A3_short_compound(on+on 71%),非:◆～ではない、否定を表す言葉、同「匪」◆違っている、誤っている、正しくない◆「是非(ゼヒ)」◇物事の正邪、良し悪し◇(都合の良し悪しに拘らず)どうしても◆あらず; 行:◆左足を前に出し(彳)次に右足を前に出す(亍)、足を交互に動かして前に進む◆目的とするところに向かって進む◆遠くに出掛ける、旅に出る◆道、人が往来する道路、同「
kk_非～_ひ～,非～,ひ～,非:◆～ではない、否定を表す言葉、同「匪」◆違っている、誤っている、正しくない◆「是非(ゼヒ)」◇物事の正邪、良し悪し◇(都合の良し悪しに拘らず)どうしても◆あらず,N2,other,unknown,IL2_single_default(kun 84%),非:◆～ではない、否定を表す言葉、同「匪」◆違っている、誤っている、正しくない◆「是非(ゼヒ)」◇物事の正邪、良し悪し◇(都合の良し悪しに拘らず)どうしても◆あらず
kk_面_めん,面,めん,面:◆顔(かお)、頭の目鼻口がある側◆顔を対象(タイショウ、目標や相手)に向ける、また向く◆(顔が)向いている側、向き、向いている方向◆ものの表(おもて)、前(まえ,N2,on,on,IL2_single_default(kun 84%),面:◆顔(かお)、頭の目鼻口がある側◆顔を対象(タイショウ、目標や相手)に向ける、また向く◆(顔が)向いている側、向き、向いている方向◆ものの表(おもて)、前(まえ
kk_面子_めんつ,面子,めんつ,面:◆顔(かお)、頭の目鼻口がある側◆顔を対象(タイショウ、目標や相手)に向ける、また向く◆(顔が)向いている側、向き、向いている方向◆ものの表(おもて)、前(まえ; 子:◆母親から産まれるもの、古くは男女を問わず「子」といったが、現代中国では男の子(息子)を指す◆新しく産まれる(生まれる)ものの元となるもの、植物の種や実、動物の,N2,other,mixed+mixed~,A3_short_compound(on+on 71%),面:◆顔(かお)、頭の目鼻口がある側◆顔を対象(タイショウ、目標や相手)に向ける、また向く◆(顔が)向いている側、向き、向いている方向◆ものの表(おもて)、前(まえ; 子:◆母親から産まれるもの、古くは男女を問わず「子」といったが、現代中国では男の子(息子)を指す◆新しく産まれる(生まれる)ものの元となるもの、植物の種や実、動物の
kk_面積_めんせき,面積,めんせき,面:◆顔(かお)、頭の目鼻口がある側◆顔を対象(タイショウ、目標や相手)に向ける、また向く◆(顔が)向いている側、向き、向いている方向◆ものの表(おもて)、前(まえ; 積:◆(刈り取った穀物を)集めて次々に重ねて行く、上へ上へと重ねて行く◆堆(うずたか)く蓄(たくわ)える、貯(た)める◆数学で掛け算の結果◆「疳積(カンシャク)」、,N2,on,on+on,,面:◆顔(かお)、頭の目鼻口がある側◆顔を対象(タイショウ、目標や相手)に向ける、また向く◆(顔が)向いている側、向き、向いている方向◆ものの表(おもて)、前(まえ; 積:◆(刈り取った穀物を)集めて次々に重ねて行く、上へ上へと重ねて行く◆堆(うずたか)く蓄(たくわ)える、貯(た)める◆数学で掛け算の結果◆「疳積(カンシャク)」、
kk_音色_ねいろ,音色,ねいろ,音:◆聴覚で認識できるものの総称、特に楽器のもの、高低強弱などの抑揚がある音が連続し全体として意味を持つものを「声」◆耳に届いて来るもの、便り◆[日]漢字の中国伝来; 色:◆視覚によって認識するものの内、形状以外のもの、(特に顔の)表情、彩(いろどり)り、具合(ぐあい)、様子◆男女間の情欲(ジョウヨク)◆種類、二色=二種類◆いろ、,N2,kun,kun+kun~,A3_short_compound(on+on 71%),音:◆聴覚で認識できるものの総称、特に楽器のもの、高低強弱などの抑揚がある音が連続し全体として意味を持つものを「声」◆耳に届いて来るもの、便り◆[日]漢字の中国伝来; 色:◆視覚によって認識するものの内、形状以外のもの、(特に顔の)表情、彩(いろどり)り、具合(ぐあい)、様子◆男女間の情欲(ジョウヨク)◆種類、二色=二種類◆いろ、
kk_響き_ひびき,響き,ひびき,響:◆声や音、声や音を立てる◆(声や音などの振動が)辺りに広がる、鳴り渡(わた)る,N2,kun,kun,IL1_okurigana(kun 96%) | IL2_single_okuri(kun 96%),響:◆声や音、声や音を立てる◆(声や音などの振動が)辺りに広がる、鳴り渡(わた)る
kk_順々に_じゅんじゅんに,順々に,じゅんじゅんに,順:◆従うべき道筋や道理、また基準や規則◆道筋(道や道理や規則など)に沿って進む、道理や規則に沿う◆川や風の流れに逆らわずに進む、逆らわずに従う,N2,on,on,IL1_okurigana(kun 96%) | IL2_single_okuri(kun 96%),順:◆従うべき道筋や道理、また基準や規則◆道筋(道や道理や規則など)に沿って進む、道理や規則に沿う◆川や風の流れに逆らわずに進む、逆らわずに従う
kk_預かる_あずかる,預かる,あずかる,預:◆予(あらかじ)め、前もって、同「予」「豫」◆関(かか)わる、関与(カンヨ)する、同「与」「豫」◆[日]事前に金や物や人を渡しておく(或いは受け取っておく)、後,N2,kun,kun,IL1_okurigana(kun 96%) | IL2_single_okuri(kun 96%),預:◆予(あらかじ)め、前もって、同「予」「豫」◆関(かか)わる、関与(カンヨ)する、同「与」「豫」◆[日]事前に金や物や人を渡しておく(或いは受け取っておく)、後
kk_預ける_あずける,預ける,あずける,預:◆予(あらかじ)め、前もって、同「予」「豫」◆関(かか)わる、関与(カンヨ)する、同「与」「豫」◆[日]事前に金や物や人を渡しておく(或いは受け取っておく)、後,N2,kun,kun,IL1_okurigana(kun 96%) | IL2_single_okuri(kun 96%),預:◆予(あらかじ)め、前もって、同「予」「豫」◆関(かか)わる、関与(カンヨ)する、同「与」「豫」◆[日]事前に金や物や人を渡しておく(或いは受け取っておく)、後
kk_預金_よきん,預金,よきん,預:◆予(あらかじ)め、前もって、同「予」「豫」◆関(かか)わる、関与(カンヨ)する、同「与」「豫」◆[日]事前に金や物や人を渡しておく(或いは受け取っておく)、後; 金:◆黄金・白銀・赤銅・青銅・青鉛・黒鉄などの総称、金属の総称◆(黄金のように)黄色い、輝く、美しい、貴重な、(金属のように)堅い◆金属製のもの◆銭(ぜに)、またそ,N2,on,on+on,A3_short_compound(on+on 71%) | B_noun_rad_金(kun 93%),預:◆予(あらかじ)め、前もって、同「予」「豫」◆関(かか)わる、関与(カンヨ)する、同「与」「豫」◆[日]事前に金や物や人を渡しておく(或いは受け取っておく)、後; 金:◆黄金・白銀・赤銅・青銅・青鉛・黒鉄などの総称、金属の総称◆(黄金のように)黄色い、輝く、美しい、貴重な、(金属のように)堅い◆金属製のもの◆銭(ぜに)、またそ
kk_領収_りょうしゅう,領収,りょうしゅう,領:◆項(うなじ)、頸(くび、頭と胴の間にあって頭を支える部分)の後ろ側(背側)◆首、頸(くび)◆衣服の首周りの縁(へり)の部分、首元で交差させるものは「交領(コウ; 収:◆あちこちから取り集めて一カ所に纏(まと)める◆収穫したものを一カ所に集める、また役所がその一部を取り立てて公庫(政府の倉庫など)に入れる◆罪人を捕(とら)らえ,N2,on,on+on,,領:◆項(うなじ)、頸(くび、頭と胴の間にあって頭を支える部分)の後ろ側(背側)◆首、頸(くび)◆衣服の首周りの縁(へり)の部分、首元で交差させるものは「交領(コウ; 収:◆あちこちから取り集めて一カ所に纏(まと)める◆収穫したものを一カ所に集める、また役所がその一部を取り立てて公庫(政府の倉庫など)に入れる◆罪人を捕(とら)らえ
kk_頭脳_ずのう,頭脳,ずのう,頭:◆身体の最上部(四足・多足の動物の場合は先端部)、胴体の肩よりも上(先)にある部分 ◆物事の端(はじ)、物事の始まり(先端、最初)や終わり(後端、最終)、「先頭; 脳:◆頭蓋骨に覆われた動物の活動全般を司る中枢器官、またその機能◆ものの全体を制御・維持するために欠かせない主要なもの、またそのような人,N2,on,on+on,A3_short_compound(on+on 71%),頭:◆身体の最上部(四足・多足の動物の場合は先端部)、胴体の肩よりも上(先)にある部分 ◆物事の端(はじ)、物事の始まり(先端、最初)や終わり(後端、最終)、「先頭; 脳:◆頭蓋骨に覆われた動物の活動全般を司る中枢器官、またその機能◆ものの全体を制御・維持するために欠かせない主要なもの、またそのような人
kk_頷く/肯く_うなずく,頷く/肯く,うなずく,頷:◆下頜(カコウ)、下巴(カハ)、口を開閉する際に上下に動く部分、日本でいう下顎(したあご)、同「𩩊」「頦」「顋」 ◆うなず・く、下顎を引き頭を下げて(これを何度; 肯:◆骨に付いている肉、同「𣍟」◆がえん・ずる、同意する、承認する、承知する、頷(うなず)く、「肯定(コウテイ)」「首肯(シュコウ)」,N2,other,mixed+mixed~,IL1_okurigana(kun 96%) | A1_compound_oku(kun 90%) | A1_on_kun_mix(on+kun 65%),頷:◆下頜(カコウ)、下巴(カハ)、口を開閉する際に上下に動く部分、日本でいう下顎(したあご)、同「𩩊」「頦」「顋」 ◆うなず・く、下顎を引き頭を下げて(これを何度; 肯:◆骨に付いている肉、同「𣍟」◆がえん・ずる、同意する、承認する、承知する、頷(うなず)く、「肯定(コウテイ)」「首肯(シュコウ)」
kk_頻りに_しきりに,頻りに,しきりに,頻:◆水際、水が打ち寄せるぎりぎりの所、同「瀕」(「頻」は「瀕」の省字)◆顰(ひそ)める、不満・不快・愁嘆・心痛などで眉間や鼻などに皺を寄せる、同「顰」◆ぎりぎりま,N2,kun,kun,IL1_okurigana(kun 96%) | IL2_single_okuri(kun 96%),頻:◆水際、水が打ち寄せるぎりぎりの所、同「瀕」(「頻」は「瀕」の省字)◆顰(ひそ)める、不満・不快・愁嘆・心痛などで眉間や鼻などに皺を寄せる、同「顰」◆ぎりぎりま
kk_頼もしい_たのもしい,頼もしい,たのもしい,頼:◆他に任(まか)せ切りにする、他を当てにする◆仕事や責任などを他に押し付ける、他のせいにする◆「無頼(ブライ)」◇他を当てにしない◇嘘ばかりで狡賢(ずるがしこ),N2,kun,kun,IL1_okurigana(kun 96%) | IL2_single_okuri(kun 96%),頼:◆他に任(まか)せ切りにする、他を当てにする◆仕事や責任などを他に押し付ける、他のせいにする◆「無頼(ブライ)」◇他を当てにしない◇嘘ばかりで狡賢(ずるがしこ)
kk_頼り_たより,頼り,たより,頼:◆他に任(まか)せ切りにする、他を当てにする◆仕事や責任などを他に押し付ける、他のせいにする◆「無頼(ブライ)」◇他を当てにしない◇嘘ばかりで狡賢(ずるがしこ),N2,kun,kun,IL1_okurigana(kun 96%) | IL2_single_okuri(kun 96%),頼:◆他に任(まか)せ切りにする、他を当てにする◆仕事や責任などを他に押し付ける、他のせいにする◆「無頼(ブライ)」◇他を当てにしない◇嘘ばかりで狡賢(ずるがしこ)
kk_頼りない_たよりない,頼りない,たよりない,頼:◆他に任(まか)せ切りにする、他を当てにする◆仕事や責任などを他に押し付ける、他のせいにする◆「無頼(ブライ)」◇他を当てにしない◇嘘ばかりで狡賢(ずるがしこ),N2,kun,kun,IL1_okurigana(kun 96%) | IL2_single_okuri(kun 96%),頼:◆他に任(まか)せ切りにする、他を当てにする◆仕事や責任などを他に押し付ける、他のせいにする◆「無頼(ブライ)」◇他を当てにしない◇嘘ばかりで狡賢(ずるがしこ)
kk_題_だい,題,だい,題:◆額(ひたい)、おでこ、同「頟」「顁」◆ものの頭(最初、先頭)にあるもの◆初めに記される短い文章、全体を表現する簡潔な文章、「問題(モンダイ)」「話題(ワダイ),N2,on,on,IL2_on_only(on 99%),題:◆額(ひたい)、おでこ、同「頟」「顁」◆ものの頭(最初、先頭)にあるもの◆初めに記される短い文章、全体を表現する簡潔な文章、「問題(モンダイ)」「話題(ワダイ)
kk_題名_だいめい,題名,だいめい,題:◆額(ひたい)、おでこ、同「頟」「顁」◆ものの頭(最初、先頭)にあるもの◆初めに記される短い文章、全体を表現する簡潔な文章、「問題(モンダイ)」「話題(ワダイ); 名:◆人に付ける呼称、また動物・もの・出来事などを呼んだり指し示したり識別したりするためにその各々に付ける呼称、「名称(メイショウ)」◆呼称を付ける、「命名(メイメ,N2,on,on+on,,題:◆額(ひたい)、おでこ、同「頟」「顁」◆ものの頭(最初、先頭)にあるもの◆初めに記される短い文章、全体を表現する簡潔な文章、「問題(モンダイ)」「話題(ワダイ); 名:◆人に付ける呼称、また動物・もの・出来事などを呼んだり指し示したり識別したりするためにその各々に付ける呼称、「名称(メイショウ)」◆呼称を付ける、「命名(メイメ
kk_額_がく,額,がく,額:◆髪の生え際から眉の上まで部分、顔の目より上の部分◆建物の正面入口や門の上部中央に掲げる平板、額(ひたい、顔の上部)と同じような位置に掲げることから◆予(あらか,N2,on,on,IL2_single_default(kun 84%),額:◆髪の生え際から眉の上まで部分、顔の目より上の部分◆建物の正面入口や門の上部中央に掲げる平板、額(ひたい、顔の上部)と同じような位置に掲げることから◆予(あらか
kk_顎_あご,顎,あご,顎:◆口蓋(コウガイ)、口腔(コウコウ、口の中の空洞部分)の上の部分、日本でいう上顎(うわあご)、同「齶」「腭」 ◆鼻筋が高く通っているさま◆身心を引き締めて敬う、,N2,kun,kun,IL2_single_default(kun 84%),顎:◆口蓋(コウガイ)、口腔(コウコウ、口の中の空洞部分)の上の部分、日本でいう上顎(うわあご)、同「齶」「腭」 ◆鼻筋が高く通っているさま◆身心を引き締めて敬う、
kk_顔付き_かおつき,顔付き,かおつき,顔:◆額(ひたい)◆頭の前面、前に向いている面、またその容貌や表情◆様子、情景、彩(あや)、彩(いろど)り; 付:◆手ずから授(さず)ける、直接手を取って与える、同「仅」◆渡し与える、渡して任せる、委(ゆだ)ねる◆[日]他のものに加える、また添える、また足す、同「附」,N2,kun,kun+kun,IL1_okurigana(kun 96%) | A1_compound_oku(kun 90%) | A1_on_kun_mix(on+kun 65%),顔:◆額(ひたい)◆頭の前面、前に向いている面、またその容貌や表情◆様子、情景、彩(あや)、彩(いろど)り; 付:◆手ずから授(さず)ける、直接手を取って与える、同「仅」◆渡し与える、渡して任せる、委(ゆだ)ねる◆[日]他のものに加える、また添える、また足す、同「附」
kk_顕微鏡_けんびきょう,顕微鏡,けんびきょう,顕:◆表に現れる、はっきりと見える◆はっきりと示す、明らかにする◆明らか、目立つ◆身分や地位が高い、声望が高い; 微:◆非常に小さい、はっきり見えないほど小さい、同「𢼸」「𣁋」◆小さくて目立たない◆目立たないようにこっそりと、密(ひそ)かに、同「𧗬」◆身分が低い、「身分が低く目; 鏡:◆光の反射を利用して像を映(うつ)し出す、またその道具、古くは盆に水を張り鏡として使ったが、後には石や金属の表面を平らに磨いて鏡とした、同「鑑」 ◆(像を、姿を,N2,on,on+on+on,A4_multi_on(on+on+on 65%) | B_noun_rad_金(kun 93%),顕:◆表に現れる、はっきりと見える◆はっきりと示す、明らかにする◆明らか、目立つ◆身分や地位が高い、声望が高い; 微:◆非常に小さい、はっきり見えないほど小さい、同「𢼸」「𣁋」◆小さくて目立たない◆目立たないようにこっそりと、密(ひそ)かに、同「𧗬」◆身分が低い、「身分が低く目; 鏡:◆光の反射を利用して像を映(うつ)し出す、またその道具、古くは盆に水を張り鏡として使ったが、後には石や金属の表面を平らに磨いて鏡とした、同「鑑」 ◆(像を、姿を
kk_願書_がんしょ,願書,がんしょ,願:◆ひたすら欲しいと思う、望みが叶(かな)って欲しいとひたすら思う◆望むものが手に入るようにと希(こいねが)う、希望する◆ねが・わくは、～したい、～して欲しい、～; 書:◆文字を筆(聿)などで記(しる)す、著(あらわ)す、「書物(ショモツ)」「文書(ブンショ)」◆手紙、「書信(ショシン)」◆「書経(ショキョウ、別名尚書ショウショ,N2,on,on+on,A3_short_compound(on+on 71%),願:◆ひたすら欲しいと思う、望みが叶(かな)って欲しいとひたすら思う◆望むものが手に入るようにと希(こいねが)う、希望する◆ねが・わくは、～したい、～して欲しい、～; 書:◆文字を筆(聿)などで記(しる)す、著(あらわ)す、「書物(ショモツ)」「文書(ブンショ)」◆手紙、「書信(ショシン)」◆「書経(ショキョウ、別名尚書ショウショ
kk_類似_るいじ,類似,るいじ,類:◆よく似ている、よく似たもの、よく似たものの集まり◆性格・性質が共通しているもの、またその集まり◆凡そ、大体、「似たもの、似ている」の意; 似:◆他と同じように見える、また見せる◆(他と)ほぼ同じ、～のよう◆継(つ)ぐ、後を継ぐ、同「嗣」[†「以前と同じように後に続く」の意†],N2,on,on+on,A3_short_compound(on+on 71%),類:◆よく似ている、よく似たもの、よく似たものの集まり◆性格・性質が共通しているもの、またその集まり◆凡そ、大体、「似たもの、似ている」の意; 似:◆他と同じように見える、また見せる◆(他と)ほぼ同じ、～のよう◆継(つ)ぐ、後を継ぐ、同「嗣」[†「以前と同じように後に続く」の意†]
kk_風土_ふうど,風土,ふうど,風:◆大気の流れや揺らぎ ◆(風に乗って)どこからともなく届いて来る話や様子◆(風のように自然に広まる)一般的な習慣や傾向◆譬える、似たもの◆かぜ、部首名; 土:◆泥や細かい砂などから成るもの◆生(セイ)あるものを生み出すもの、「【說文解字:巻一三下:土部:土】地之吐生物者也二象地之下地之中物出形」◆地に根差したもの、そ,N2,on,on+on,A3_short_compound(on+on 71%),風:◆大気の流れや揺らぎ ◆(風に乗って)どこからともなく届いて来る話や様子◆(風のように自然に広まる)一般的な習慣や傾向◆譬える、似たもの◆かぜ、部首名; 土:◆泥や細かい砂などから成るもの◆生(セイ)あるものを生み出すもの、「【說文解字:巻一三下:土部:土】地之吐生物者也二象地之下地之中物出形」◆地に根差したもの、そ
kk_風習_ふうしゅう,風習,ふうしゅう,風:◆大気の流れや揺らぎ ◆(風に乗って)どこからともなく届いて来る話や様子◆(風のように自然に広まる)一般的な習慣や傾向◆譬える、似たもの◆かぜ、部首名; 習:◆何度も繰り返す、何度も繰り返すことによって身に付ける、同「慣」◆なら・わし、繰り返されることで身に付いたこと、普段から繰り返し行われること、同「慣」,N2,on,on+on,,風:◆大気の流れや揺らぎ ◆(風に乗って)どこからともなく届いて来る話や様子◆(風のように自然に広まる)一般的な習慣や傾向◆譬える、似たもの◆かぜ、部首名; 習:◆何度も繰り返す、何度も繰り返すことによって身に付ける、同「慣」◆なら・わし、繰り返されることで身に付いたこと、普段から繰り返し行われること、同「慣」
kk_風船_ふうせん,風船,ふうせん,風:◆大気の流れや揺らぎ ◆(風に乗って)どこからともなく届いて来る話や様子◆(風のように自然に広まる)一般的な習慣や傾向◆譬える、似たもの◆かぜ、部首名; 船:◆川や沿岸を行き来する舟、外洋に出られる大きな舟は「舶」¶「舟」と「船」は同義だが、漢代では東方で「舟」・西方で「船」といい、後には一般に「舟」は小形のものを、,N2,on,on+on,,風:◆大気の流れや揺らぎ ◆(風に乗って)どこからともなく届いて来る話や様子◆(風のように自然に広まる)一般的な習慣や傾向◆譬える、似たもの◆かぜ、部首名; 船:◆川や沿岸を行き来する舟、外洋に出られる大きな舟は「舶」¶「舟」と「船」は同義だが、漢代では東方で「舟」・西方で「船」といい、後には一般に「舟」は小形のものを、
kk_飛ばす_とばす,飛ばす,とばす,飛:◆鳥や昆虫などが翼(つばさ)を羽ばたかせて空中を行く◆空中を移動する、「飛語(ヒゴ、素早く広まる話、根拠のない噂話)」◆(飛ぶように)ぱっと(速く)移動するさま,N2,kun,kun,IL1_okurigana(kun 96%) | IL2_single_okuri(kun 96%),飛:◆鳥や昆虫などが翼(つばさ)を羽ばたかせて空中を行く◆空中を移動する、「飛語(ヒゴ、素早く広まる話、根拠のない噂話)」◆(飛ぶように)ぱっと(速く)移動するさま
kk_飛び越える_とびこえる,飛び越える,とびこえる,飛:◆鳥や昆虫などが翼(つばさ)を羽ばたかせて空中を行く◆空中を移動する、「飛語(ヒゴ、素早く広まる話、根拠のない噂話)」◆(飛ぶように)ぱっと(速く)移動するさま; 越:◆行く手(ゆくて)を阻(はば)んでいるものの上を跨(また)ぐようにしてその先に行く、区切りや障害となっているものの先に行く、同「逾」◆度(ど、区切り・限度・程度,N2,kun,kun+kun~,IL1_okurigana(kun 96%) | A1_compound_oku(kun 90%) | A1_on_kun_mix(on+kun 65%),飛:◆鳥や昆虫などが翼(つばさ)を羽ばたかせて空中を行く◆空中を移動する、「飛語(ヒゴ、素早く広まる話、根拠のない噂話)」◆(飛ぶように)ぱっと(速く)移動するさま; 越:◆行く手(ゆくて)を阻(はば)んでいるものの上を跨(また)ぐようにしてその先に行く、区切りや障害となっているものの先に行く、同「逾」◆度(ど、区切り・限度・程度
kk_飛行_ひこう,飛行,ひこう,飛:◆鳥や昆虫などが翼(つばさ)を羽ばたかせて空中を行く◆空中を移動する、「飛語(ヒゴ、素早く広まる話、根拠のない噂話)」◆(飛ぶように)ぱっと(速く)移動するさま; 行:◆左足を前に出し(彳)次に右足を前に出す(亍)、足を交互に動かして前に進む◆目的とするところに向かって進む◆遠くに出掛ける、旅に出る◆道、人が往来する道路、同「,N2,on,on+on,A3_short_compound(on+on 71%),飛:◆鳥や昆虫などが翼(つばさ)を羽ばたかせて空中を行く◆空中を移動する、「飛語(ヒゴ、素早く広まる話、根拠のない噂話)」◆(飛ぶように)ぱっと(速く)移動するさま; 行:◆左足を前に出し(彳)次に右足を前に出す(亍)、足を交互に動かして前に進む◆目的とするところに向かって進む◆遠くに出掛ける、旅に出る◆道、人が往来する道路、同「
kk_食塩_しょくえん,食塩,しょくえん,食:◆(固形の食べ物を)口の中でよく噛んで胃に入れる、よく噛んで胃に入れるもの、噛まずに胃に入れるのは「飲」◆(生きていくために必要な食べ物を得るための)俸禄(ホウ; 塩:◆海水などに含まれる苦く辛い成分が結晶化したもの、土中の塩分が結晶化した天然のものは「鹵」◆五味(甘・酸・鹹・苦・辛)の一つ,N2,on,on+on,,食:◆(固形の食べ物を)口の中でよく噛んで胃に入れる、よく噛んで胃に入れるもの、噛まずに胃に入れるのは「飲」◆(生きていくために必要な食べ物を得るための)俸禄(ホウ; 塩:◆海水などに含まれる苦く辛い成分が結晶化したもの、土中の塩分が結晶化した天然のものは「鹵」◆五味(甘・酸・鹹・苦・辛)の一つ
kk_飢/餓える_うえる,飢/餓える,うえる,飢:◆食べ物が足りず腹をすかす、同「饑」、腹をすかし痩せ衰えるのは「餓」◆穀物が不作で食糧が不足する、同「饑」、穀物以外の作物が不足するのは「饉」; 餓:◆食べ物が足りず腹がすいて痩(や)せて骨ばる、「飢(キ、う・える、食べ物が足りず腹をすかす)」よりも甚(はなは)だしい状態,N2,kun,kun+kun~,IL1_okurigana(kun 96%) | A1_compound_oku(kun 90%) | A1_on_kun_mix(on+kun 65%),飢:◆食べ物が足りず腹をすかす、同「饑」、腹をすかし痩せ衰えるのは「餓」◆穀物が不作で食糧が不足する、同「饑」、穀物以外の作物が不足するのは「饉」; 餓:◆食べ物が足りず腹がすいて痩(や)せて骨ばる、「飢(キ、う・える、食べ物が足りず腹をすかす)」よりも甚(はなは)だしい状態
kk_飢饉_ききん,飢饉,ききん,飢:◆食べ物が足りず腹をすかす、同「饑」、腹をすかし痩せ衰えるのは「餓」◆穀物が不作で食糧が不足する、同「饑」、穀物以外の作物が不足するのは「饉」; 饉:◆作物が成らない(収穫できない)、穀物以外の作物が不足する、穀物は「飢」、「飢饉(キキン)」,N2,on,on+on,A3_short_compound(on+on 71%),飢:◆食べ物が足りず腹をすかす、同「饑」、腹をすかし痩せ衰えるのは「餓」◆穀物が不作で食糧が不足する、同「饑」、穀物以外の作物が不足するのは「饉」; 饉:◆作物が成らない(収穫できない)、穀物以外の作物が不足する、穀物は「飢」、「飢饉(キキン)」
kk_飽きっぽい_あきっぽい,飽きっぽい,あきっぽい,飽:◆十分に食べたり飲んだりして腹がいっぱいになる、満腹になる◆満ち足りる、満足する◆十分な量や程度を超える、もうこれ以上は要(い)らないというほどになる、十分に過,N2,kun,kun,IL1_okurigana(kun 96%) | IL2_single_okuri(kun 96%),飽:◆十分に食べたり飲んだりして腹がいっぱいになる、満腹になる◆満ち足りる、満足する◆十分な量や程度を超える、もうこれ以上は要(い)らないというほどになる、十分に過
kk_飽く迄_あくまで,飽く迄,あくまで,飽:◆十分に食べたり飲んだりして腹がいっぱいになる、満腹になる◆満ち足りる、満足する◆十分な量や程度を超える、もうこれ以上は要(い)らないというほどになる、十分に過; 迄:◆継続・連続している動作・状態・時間・空間などの区切りとなるところ、行き着くところ、尽きるところ、またその間づっと◆結局は、所詮(しょせん),N2,kun,kun+kun~,IL1_okurigana(kun 96%) | A1_compound_oku(kun 90%) | A1_on_kun_mix(on+kun 65%),飽:◆十分に食べたり飲んだりして腹がいっぱいになる、満腹になる◆満ち足りる、満足する◆十分な量や程度を超える、もうこれ以上は要(い)らないというほどになる、十分に過; 迄:◆継続・連続している動作・状態・時間・空間などの区切りとなるところ、行き着くところ、尽きるところ、またその間づっと◆結局は、所詮(しょせん)
kk_養分_ようぶん,養分,ようぶん,養:◆人・家畜・植物などが育つために必要なものを与える、また与えて大きく立派に育てる◆人が立派に育つために必要なことを教える、また教え導く; 分:◆一つに纏(まと)まっているものを幾つかに切り離す、また幾つかに仕切る(区切る)、「分割(ブンカツ)」、切り離したものを仕分けることを「別」◆一つの纏まりから一,N2,on,on+on,B_verb_rad_刀(kun 80%),養:◆人・家畜・植物などが育つために必要なものを与える、また与えて大きく立派に育てる◆人が立派に育つために必要なことを教える、また教え導く; 分:◆一つに纏(まと)まっているものを幾つかに切り離す、また幾つかに仕切る(区切る)、「分割(ブンカツ)」、切り離したものを仕分けることを「別」◆一つの纏まりから一
kk_餡_あん,餡,あん,餡:◆餅(ヘイ、もち、米粉や小麦粉などで作り丸く平らにした皮)に包み入れる具材、包子(パオズ、中華饅頭)・餃子(ぎょうざ)などの中に入れる具材◆[日]豆などに砂糖を,N2,on,on,IL2_on_only(on 99%),餡:◆餅(ヘイ、もち、米粉や小麦粉などで作り丸く平らにした皮)に包み入れる具材、包子(パオズ、中華饅頭)・餃子(ぎょうざ)などの中に入れる具材◆[日]豆などに砂糖を
kk_馬鹿～_ばか～,馬鹿～,ばか～,馬:◆ウマ(馬)、ウマ科の哺乳類の総称◆うま、うまへん、部首名; 鹿:◆シカ(鹿)、シカ科の哺乳類の総称◆権力またその地位◆穀物などを貯蔵するための方形の倉庫、円形は「囷」◆しか、しかへん、部首名,N2,mixed,on+kun~,A3_short_compound(on+on 71%),馬:◆ウマ(馬)、ウマ科の哺乳類の総称◆うま、うまへん、部首名; 鹿:◆シカ(鹿)、シカ科の哺乳類の総称◆権力またその地位◆穀物などを貯蔵するための方形の倉庫、円形は「囷」◆しか、しかへん、部首名
kk_馴れる_なれる,馴れる,なれる,馴:◆人の指示に従うように(馬を)訓練する、訓練によって従うようになる◆従順な◆慣れる,N2,kun,kun,IL1_okurigana(kun 96%) | IL2_single_okuri(kun 96%),馴:◆人の指示に従うように(馬を)訓練する、訓練によって従うようになる◆従順な◆慣れる
kk_騒々しい_そうぞうしい,騒々しい,そうぞうしい,騒:◆苛立(いらだ)って落ち着きがなくなる、そわそわする◆ざわざわする、がやがやする、多くの物や事が入り乱れて秩序がなくなる◆思い煩(わずら)って落ち着かない,N2,on,on,IL1_okurigana(kun 96%) | IL2_single_okuri(kun 96%),騒:◆苛立(いらだ)って落ち着きがなくなる、そわそわする◆ざわざわする、がやがやする、多くの物や事が入り乱れて秩序がなくなる◆思い煩(わずら)って落ち着かない
kk_騒がしい_さわがしい,騒がしい,さわがしい,騒:◆苛立(いらだ)って落ち着きがなくなる、そわそわする◆ざわざわする、がやがやする、多くの物や事が入り乱れて秩序がなくなる◆思い煩(わずら)って落ち着かない,N2,kun,kun,IL1_okurigana(kun 96%) | IL2_single_okuri(kun 96%),騒:◆苛立(いらだ)って落ち着きがなくなる、そわそわする◆ざわざわする、がやがやする、多くの物や事が入り乱れて秩序がなくなる◆思い煩(わずら)って落ち着かない
kk_驚き_おどろき,驚き,おどろき,驚:◆(馬が)不意のことにぎょっとする、びっくりする、同簡「惊」,N2,kun,kun,IL1_okurigana(kun 96%) | IL2_single_okuri(kun 96%),驚:◆(馬が)不意のことにぎょっとする、びっくりする、同簡「惊」
kk_骨_こつ,骨,こつ,骨:◆脊椎(セキツイ)動物の体の内側にあって、体の各組織の位置や形を支え、保ち、また保護する役目を担う堅い組織◆人の芯(シン)を貫いているもの、人となり、人としての,N2,on,on,IL2_single_default(kun 84%),骨:◆脊椎(セキツイ)動物の体の内側にあって、体の各組織の位置や形を支え、保ち、また保護する役目を担う堅い組織◆人の芯(シン)を貫いているもの、人となり、人としての
kk_高価_こうか,高価,こうか,高:◆上下の方向で上の方、標準的・平均的な程度よりも上にある◆幾つかのものを比べた時に上にある、また優(すぐ)れている、また尊(とうと)い◆標準・基準や想定・期待を; 価:◆ものを売り渡しても買い取っても損はないと考える値段(ねだん)、ものの値打ち◆それがどの程度であるかを評価した結果示される値(あたい),N2,on,on+on,A3_short_compound(on+on 71%),高:◆上下の方向で上の方、標準的・平均的な程度よりも上にある◆幾つかのものを比べた時に上にある、また優(すぐ)れている、また尊(とうと)い◆標準・基準や想定・期待を; 価:◆ものを売り渡しても買い取っても損はないと考える値段(ねだん)、ものの値打ち◆それがどの程度であるかを評価した結果示される値(あたい)
kk_高度_こうど,高度,こうど,高:◆上下の方向で上の方、標準的・平均的な程度よりも上にある◆幾つかのものを比べた時に上にある、また優(すぐ)れている、また尊(とうと)い◆標準・基準や想定・期待を; 度:◆長さを測(はか)る際に基準となる物差し(ものさし)、またその目盛(めもり)、「度量(ドリョウ、長さと容量、人の言動をどの程度容認できるかの大きさ)」「法度(ハ,N2,on,on+on,A3_short_compound(on+on 71%) | B_noun_rad_广(kun 93%),高:◆上下の方向で上の方、標準的・平均的な程度よりも上にある◆幾つかのものを比べた時に上にある、また優(すぐ)れている、また尊(とうと)い◆標準・基準や想定・期待を; 度:◆長さを測(はか)る際に基準となる物差し(ものさし)、またその目盛(めもり)、「度量(ドリョウ、長さと容量、人の言動をどの程度容認できるかの大きさ)」「法度(ハ
kk_高齢化_こうれいか,高齢化,こうれいか,高:◆上下の方向で上の方、標準的・平均的な程度よりも上にある◆幾つかのものを比べた時に上にある、また優(すぐ)れている、また尊(とうと)い◆標準・基準や想定・期待を; 齢:◆生まれてからの年(とし)の数、同「秢」; 化:◆性質・形状・状態などが元とは全く違ったものに変わる、まだ元の様子が分かる程度の変化は「変」◆他の影響を受けて、また時間を経ることによって考えや態度などが変わる,N2,on,on+on+on,A4_multi_on(on+on+on 65%),高:◆上下の方向で上の方、標準的・平均的な程度よりも上にある◆幾つかのものを比べた時に上にある、また優(すぐ)れている、また尊(とうと)い◆標準・基準や想定・期待を; 齢:◆生まれてからの年(とし)の数、同「秢」; 化:◆性質・形状・状態などが元とは全く違ったものに変わる、まだ元の様子が分かる程度の変化は「変」◆他の影響を受けて、また時間を経ることによって考えや態度などが変わる
kk_魚_うお,魚,うお,魚:◆水中に棲息し鱗(うろこ)で覆われ鰓(えら)呼吸する変温動物の総称◆うお、うおへん、部首名,N2,kun,kun,IL2_single_default(kun 84%) | B_noun_rad_魚(kun 93%),魚:◆水中に棲息し鱗(うろこ)で覆われ鰓(えら)呼吸する変温動物の総称◆うお、うおへん、部首名
kk_鳴らす_ならす,鳴らす,ならす,鳴:◆鳥が声を発する、またその声◆鳥・獣(けもの)・昆虫などの発する声、楽器や物などが発する音、またその音がする、またその音が伝わり聞こえて来る,N2,kun,kun,IL1_okurigana(kun 96%) | IL2_single_okuri(kun 96%),鳴:◆鳥が声を発する、またその声◆鳥・獣(けもの)・昆虫などの発する声、楽器や物などが発する音、またその音がする、またその音が伝わり聞こえて来る
kk_鴉_からす,鴉,からす,鴉:◆カラス(烏、鴉)、カラス科カラス属の鳥、また同属の鳥の称、同「烏」「雅」、同「烏鴉(オア、オウ)」「孝鳥(コウチョウ)」,N2,kun,kun,IL2_single_default(kun 84%),鴉:◆カラス(烏、鴉)、カラス科カラス属の鳥、また同属の鳥の称、同「烏」「雅」、同「烏鴉(オア、オウ)」「孝鳥(コウチョウ)」
kk_麓_ふもと,麓,ふもと,麓:◆(木が生えている)山裾(やますそ)◆山林を管理する役人,N2,kun,kun,IL2_single_default(kun 84%),麓:◆(木が生えている)山裾(やますそ)◆山林を管理する役人
kk_麻_あさ,麻,あさ,麻:◆アサ(麻)、アサ科アサ属の草、また同科同属の植物の称 ◆「苧麻(チョマ)」「亜麻(アマ)」「大麻(タイマ)」など繊維を採(と)る植物の総称◆「胡麻(ゴマ)」、,N2,kun,kun,IL2_single_default(kun 84%),麻:◆アサ(麻)、アサ科アサ属の草、また同科同属の植物の称 ◆「苧麻(チョマ)」「亜麻(アマ)」「大麻(タイマ)」など繊維を採(と)る植物の総称◆「胡麻(ゴマ)」、
kk_黙認_もくにん,黙認,もくにん,黙:◆(話を止めて)口を噤(つぐ)む、語(かた)らない、口を利かず静かにする; 認:◆見分ける、それが何かを見定める◆しっかりと見定めて受け入れる、聞き入れる、納得(ナットク)する◆[日]したた・める、整える、(膳を整え)食事をする◆[日]した,N2,on,on+on,B_verb_rad_言(kun 80%),黙:◆(話を止めて)口を噤(つぐ)む、語(かた)らない、口を利かず静かにする; 認:◆見分ける、それが何かを見定める◆しっかりと見定めて受け入れる、聞き入れる、納得(ナットク)する◆[日]したた・める、整える、(膳を整え)食事をする◆[日]した
kk_齧る_かじる,齧る,かじる,齧:◆上下の歯で物を挟(はさ)み強く咬(か)む、同「齦」「齳」「𪘩」,N2,kun,kun,IL1_okurigana(kun 96%) | IL2_single_okuri(kun 96%),齧:◆上下の歯で物を挟(はさ)み強く咬(か)む、同「齦」「齳」「𪘩」
kk_（接せと）_せっせと,（接せと）,せっせと,接:◆二つのものが間近(まぢか)まで近づく、ぴったりと寄る◆交(まじ)える、触れ合わせる◆(人と)触れ合う、親しく交わる◆近くまで寄ってくるもの(寄ってきたもの)を,N2,on,on,IL1_okurigana(kun 96%) | IL2_single_okuri(kun 96%) | B_verb_rad_手(kun 80%),接:◆二つのものが間近(まぢか)まで近づく、ぴったりと寄る◆交(まじ)える、触れ合わせる◆(人と)触れ合う、親しく交わる◆近くまで寄ってくるもの(寄ってきたもの)を
kk_（疾っくに）_とっくに,（疾っくに）,とっくに,疾:◆急に、速い、あっという間に、一瞬のうちに◆症状が急速に悪化する病気◆病(やまい)、病(や)む、患(わずら)う◆辛(つら)い、苦しい◆怨(うら)む、憎む、嫉(そ,N2,kun,kun,IL1_okurigana(kun 96%) | IL2_single_okuri(kun 96%),疾:◆急に、速い、あっという間に、一瞬のうちに◆症状が急速に悪化する病気◆病(やまい)、病(や)む、患(わずら)う◆辛(つら)い、苦しい◆怨(うら)む、憎む、嫉(そ
kk_（軈て）_やがて,（軈て）,やがて,軈:◆間もなく,N2,kun,kun,IL1_okurigana(kun 96%) | IL2_single_okuri(kun 96%),軈:◆間もなく
kk_～下_～か,～下,～か,下:◆位置・場所・地位などが低い、低い方にある◆低い方に移る、降りる、落ちる◆順序・時間などが後(あと)、後の方にある◆後の方に移る、後(うし)ろの方へ退く◆等級・,N2,other,unknown,IL2_single_default(kun 84%),下:◆位置・場所・地位などが低い、低い方にある◆低い方に移る、降りる、落ちる◆順序・時間などが後(あと)、後の方にある◆後の方に移る、後(うし)ろの方へ退く◆等級・
kk_～並み_～なみ,～並み,～なみ,並:◆二つの同じものが隣り合って同じ方向を向く、また同じ方向を向いて立つ◆～と同様に、～と同時に◆皆と同じ、程度が普通,N2,kun,kun,IL1_okurigana(kun 96%) | IL2_single_okuri(kun 96%),並:◆二つの同じものが隣り合って同じ方向を向く、また同じ方向を向いて立つ◆～と同様に、～と同時に◆皆と同じ、程度が普通
kk_～丼_～どん,～丼,～どん,丼:◆井戸、同「井」◆井戸の中に物を投げ入れた時の音◆[日]どんぶり◇大きめの陶製の碗、またそれにご飯を盛り具を載せた料理◇職人などの前掛けや腹掛けの前に付いている,N2,other,unknown,IL2_single_default(kun 84%),丼:◆井戸、同「井」◆井戸の中に物を投げ入れた時の音◆[日]どんぶり◇大きめの陶製の碗、またそれにご飯を盛り具を載せた料理◇職人などの前掛けや腹掛けの前に付いている
kk_～付け_～づけ,～付け,～づけ,付:◆手ずから授(さず)ける、直接手を取って与える、同「仅」◆渡し与える、渡して任せる、委(ゆだ)ねる◆[日]他のものに加える、また添える、また足す、同「附」,N2,other,unknown,IL1_okurigana(kun 96%) | IL2_single_okuri(kun 96%),付:◆手ずから授(さず)ける、直接手を取って与える、同「仅」◆渡し与える、渡して任せる、委(ゆだ)ねる◆[日]他のものに加える、また添える、また足す、同「附」
kk_～位_～い,～位,～い,位:◆順に並ぶ時に立つべき場所、並べて置く時の置くべき場所、並んでいるものの中での置かれている場所、「位置(イチ)」◆階級の中の級(キュウ、順位)、席次(セキジ)、,N2,other,unknown,IL2_single_default(kun 84%),位:◆順に並ぶ時に立つべき場所、並べて置く時の置くべき場所、並んでいるものの中での置かれている場所、「位置(イチ)」◆階級の中の級(キュウ、順位)、席次(セキジ)、
kk_～便_～びん,～便,～びん,便:◆安らかなさま、差し障る(さしさわる)ようなことがないさま◆都合が良いさま、ちょうど良いさま、(物事をするのに)適(テキ)しているさま、「便宜(ベンギ)」「便利,N2,other,unknown,IL2_single_default(kun 84%),便:◆安らかなさま、差し障る(さしさわる)ようなことがないさま◆都合が良いさま、ちょうど良いさま、(物事をするのに)適(テキ)しているさま、「便宜(ベンギ)」「便利
kk_～党_～とう,～党,～とう,党:◆同じ目的を持った人の集まり、志を同じくする仲間◆同じ村里に居住する人々、古代中国の行政単位で五百戸を一党とした◆同じ親族の人々,N2,on,on~,IL2_on_only(on 99%),党:◆同じ目的を持った人の集まり、志を同じくする仲間◆同じ村里に居住する人々、古代中国の行政単位で五百戸を一党とした◆同じ親族の人々
kk_～内_～ない,～内,～ない,内:◆外から中に入る、入れる◆限られた範囲・領域の中、区切りや境目の中、同「中」◆ある一定の範囲に含まれるもの、囲われたり覆われたりしていて外からは見えないもの、公,N2,other,unknown,IL2_single_default(kun 84%),内:◆外から中に入る、入れる◆限られた範囲・領域の中、区切りや境目の中、同「中」◆ある一定の範囲に含まれるもの、囲われたり覆われたりしていて外からは見えないもの、公
kk_～切れ_～ぎれ,～切れ,～ぎれ,切:◆刃物などですっと断(た)つ、裁(た)つ、割(さ)く◆ぴったりとしたさま、隙(すき)がないさま、「親切(シンセツ)」◆近くまで迫(せま)る、差し迫る、「切近(セ,N2,other,unknown,IL1_okurigana(kun 96%) | IL2_single_okuri(kun 96%) | B_verb_rad_刀(kun 80%),切:◆刃物などですっと断(た)つ、裁(た)つ、割(さ)く◆ぴったりとしたさま、隙(すき)がないさま、「親切(シンセツ)」◆近くまで迫(せま)る、差し迫る、「切近(セ
kk_～刊_～かん,～刊,～かん,刊:◆(木などを)切る、削(そ)ぐ◆削(けず)る、削り取る◆(版木や石に文字などを)刻(きざ)み込む、彫(ほ)る、「刊正(カンセイ、誤った部分を削り取って彫り直すこ,N2,on,on~,IL2_on_only(on 99%) | B_verb_rad_刀(kun 80%),刊:◆(木などを)切る、削(そ)ぐ◆削(けず)る、削り取る◆(版木や石に文字などを)刻(きざ)み込む、彫(ほ)る、「刊正(カンセイ、誤った部分を削り取って彫り直すこ
kk_～制_～せい,～制,～せい,制:◆断(た)つ、切る◆断って目的とする形にする、また形を整(ととの)える、同繁「製」、同「剬」◆決まり、規則、法(ホウ)◆枠(わく)をはみ出さないように押さえる、,N2,on,on~,IL2_on_only(on 99%) | B_verb_rad_刀(kun 80%),制:◆断(た)つ、切る◆断って目的とする形にする、また形を整(ととの)える、同繁「製」、同「剬」◆決まり、規則、法(ホウ)◆枠(わく)をはみ出さないように押さえる、
kk_～券_～けん,～券,～けん,券:◆手形、割符、木或いは竹の札に契約(約束)内容を書きこれを半分に割って双方が持ち真正な相手の証(あかし)としたもの◆「券書(ケンショ)」、契約(約束)の内容を書,N2,on,on~,IL2_on_only(on 99%) | B_verb_rad_刀(kun 80%),券:◆手形、割符、木或いは竹の札に契約(約束)内容を書きこれを半分に割って双方が持ち真正な相手の証(あかし)としたもの◆「券書(ケンショ)」、契約(約束)の内容を書
kk_～前_～ぜん,～前,～ぜん,前:◆(前に)進む、またその方向、同「先」、「前途(ぜんと、目的地に向かう道のり、将来)」◆位置的には先の方向、時間的には過去の方向、順序では上位の方向、同「先」、,N2,other,unknown,IL2_single_default(kun 84%) | B_verb_rad_刀(kun 80%),前:◆(前に)進む、またその方向、同「先」、「前途(ぜんと、目的地に向かう道のり、将来)」◆位置的には先の方向、時間的には過去の方向、順序では上位の方向、同「先」、
kk_～力_～りょく,～力,～りょく,力:◆ものを動かすもの、ものを動かしているもの、ものに働(はたら)くもの、「強力(キョウリョク、強い力)」◆働く、務(つと)める、勤(つと)める、「努力(ドリョク、,N2,other,unknown,IL2_single_default(kun 84%) | B_verb_rad_力(kun 80%),力:◆ものを動かすもの、ものを動かしているもの、ものに働(はたら)くもの、「強力(キョウリョク、強い力)」◆働く、務(つと)める、勤(つと)める、「努力(ドリョク、
kk_～勝_～しょう,～勝,～しょう,勝:◆責任や任務によく耐える、また耐えることができる◆克(か)つ、克服する、(困難に耐え)乗り越え成し遂げる◆～を上回る、～より優(すぐ)れる、優れている◆相手を上,N2,other,unknown,IL2_single_default(kun 84%) | B_verb_rad_力(kun 80%),勝:◆責任や任務によく耐える、また耐えることができる◆克(か)つ、克服する、(困難に耐え)乗り越え成し遂げる◆～を上回る、～より優(すぐ)れる、優れている◆相手を上
kk_～包み_～づつみ,～包み,～づつみ,包:◆布や紙などの薄い膜状のもので全体を覆(おお)う、中のものを保護するように全体を覆う、含(ふく)める、同「裹」◆周りを覆う、周りを囲う,N2,other,unknown,IL1_okurigana(kun 96%) | IL2_single_okuri(kun 96%),包:◆布や紙などの薄い膜状のもので全体を覆(おお)う、中のものを保護するように全体を覆う、含(ふく)める、同「裹」◆周りを覆う、周りを囲う
kk_～合わせ_～あわせる,～合わせ,～あわせる,合:◆人や物が集まって一緒になる、また一つになる◆幾つかのものを集め一緒にする、幾つかのものが集まり同じになる◆同じものを纏(まと)めた全体◆ぴったりと一致する、当,N2,kun,kun,IL1_okurigana(kun 96%) | IL2_single_okuri(kun 96%),合:◆人や物が集まって一緒になる、また一つになる◆幾つかのものを集め一緒にする、幾つかのものが集まり同じになる◆同じものを纏(まと)めた全体◆ぴったりと一致する、当
kk_～問_～もん,～問,～もん,問:◆分からないことやはっきりしないことを質(ただ)す◆罪や責任などの有無について聞く◆様子などを尋ねる,N2,other,unknown,IL2_single_default(kun 84%),問:◆分からないことやはっきりしないことを質(ただ)す◆罪や責任などの有無について聞く◆様子などを尋ねる
kk_～団_～だん,～団,～だん,団:◆集まって一つになる、集まって円状の塊(かたまり)になる、一つに纏(まと)まる◆同じものが寄せ集まる、また寄せ集まって塊となったもの、「集団」「団体」,N2,on,on~,IL2_on_only(on 99%),団:◆集まって一つになる、集まって円状の塊(かたまり)になる、一つに纏(まと)まる◆同じものが寄せ集まる、また寄せ集まって塊となったもの、「集団」「団体」
kk_～外_～がい,～外,～がい,外:◆そと、範囲・領域・組織や区切り・境界の内(内側、内部)から出たもの、表に出ている(表に面している)もの、見えるところにあるもの、またそのようなところ、逆は「内,N2,other,unknown,IL2_single_default(kun 84%),外:◆そと、範囲・領域・組織や区切り・境界の内(内側、内部)から出たもの、表に出ている(表に面している)もの、見えるところにあるもの、またそのようなところ、逆は「内
kk_～宛て_～あて,～宛て,～あて,宛:◆曲がる、くねる、緩(ゆる)やかに曲がる、同「惌」◆あたか・も、まるで、まるで～のよう、「宛然(エンゼン)」◆「大宛(ダイエン)」、古国名、漢代(前202年～2,N2,kun,kun,IL1_okurigana(kun 96%) | IL2_single_okuri(kun 96%) | B_noun_rad_宀(kun 93%),宛:◆曲がる、くねる、緩(ゆる)やかに曲がる、同「惌」◆あたか・も、まるで、まるで～のよう、「宛然(エンゼン)」◆「大宛(ダイエン)」、古国名、漢代(前202年～2
kk_～家_～け,～家,～け,家:◆屋根(「宀」)があり四周が戸や壁で遮(さえぎ)られている建物、豕(いのこ、ブタ)などの大切な家畜を飼(か)う建物◆同じ屋根の下で親子や一族が共に生活する、人が,N2,other,unknown,IL2_single_default(kun 84%) | B_noun_rad_宀(kun 93%),家:◆屋根(「宀」)があり四周が戸や壁で遮(さえぎ)られている建物、豕(いのこ、ブタ)などの大切な家畜を飼(か)う建物◆同じ屋根の下で親子や一族が共に生活する、人が
kk_～届け_～とどけ,～届け,～とどけ,届:◆目標・目的とした場所や時間に行き着く、到(いた)る、達する◆[日]とど・け、監督者に提出する申請・報告などの文書,N2,kun,kun,IL1_okurigana(kun 96%) | IL2_single_okuri(kun 96%),届:◆目標・目的とした場所や時間に行き着く、到(いた)る、達する◆[日]とど・け、監督者に提出する申請・報告などの文書
kk_～島_～とう,～島,～とう,島:◆海や湖などの広い水の中の陸地、同「隝」「隯」「嶹」¶「海を渡る鳥が羽を休めることができるところ」の意,N2,other,unknown,IL2_single_default(kun 84%),島:◆海や湖などの広い水の中の陸地、同「隝」「隯」「嶹」¶「海を渡る鳥が羽を休めることができるところ」の意
kk_～州_～しゅう,～州,～しゅう,州:◆川の中にできた陸地、同「洲」◆大きな陸地、大陸◆行政区画の単位、「州(領土、支配地)」の外を「殥」、その外を「紘」、更にその外を「垓」という,N2,other,unknown,IL2_single_default(kun 84%),州:◆川の中にできた陸地、同「洲」◆大きな陸地、大陸◆行政区画の単位、「州(領土、支配地)」の外を「殥」、その外を「紘」、更にその外を「垓」という
kk_～帯_～たい,～帯,～たい,帯:◆衣服が開(はだ)けないように胸の下に辺りに巻いて結ぶ長く幅広の布、またそれを巻く ◆(帯に挟んだり、帯のように巻いたり結わえたりして)身に着ける、着用する◆(,N2,other,unknown,IL2_single_default(kun 84%) | B_noun_rad_巾(kun 93%),帯:◆衣服が開(はだ)けないように胸の下に辺りに巻いて結ぶ長く幅広の布、またそれを巻く ◆(帯に挟んだり、帯のように巻いたり結わえたりして)身に着ける、着用する◆(
kk_～帳_～ちょう,～帳,～ちょう,帳:◆帷(とばり)、目隠しや仕切りなどのために垂らす布、同「幔」「帷」「幬」◆幕を張る◆文字を書き付けるために紙を綴じたもの、ノートnote,N2,other,unknown,IL2_single_default(kun 84%) | B_noun_rad_巾(kun 93%),帳:◆帷(とばり)、目隠しや仕切りなどのために垂らす布、同「幔」「帷」「幬」◆幕を張る◆文字を書き付けるために紙を綴じたもの、ノートnote
kk_～庁_～ちょう,～庁,～ちょう,庁:◆石碑などに用いる平板な石材、「𥑈」の簡略字◆役所、「庁」は「廳」の俗字、ただ現在では、ほぼ「役所」の意味でのみ用いられる、「廳」参照,N2,on,on~,IL2_on_only(on 99%) | B_noun_rad_广(kun 93%),庁:◆石碑などに用いる平板な石材、「𥑈」の簡略字◆役所、「庁」は「廳」の俗字、ただ現在では、ほぼ「役所」の意味でのみ用いられる、「廳」参照
kk_～弱_～じゃく,～弱,～じゃく,弱:◆(何かをするために必要な)力が十分でない、力が足りない、力が劣(おと)っている、力強さがない◆やや足りない、やや及ばない◆衰(おとろ)える、力強さがなくなる◆,N2,other,unknown,IL2_single_default(kun 84%),弱:◆(何かをするために必要な)力が十分でない、力が足りない、力が劣(おと)っている、力強さがない◆やや足りない、やや及ばない◆衰(おとろ)える、力強さがなくなる◆
kk_～強_～きょう,～強,～きょう,強:◆堅(かた)く曲がったり歪(ゆが)んだり弛(ゆる)んだりすることがないさま、どんな力にも揺(ゆら)らがないさま◆力や勢いがあるさま、体力・気力が漲(みなぎ)って,N2,other,unknown,IL2_single_default(kun 84%),強:◆堅(かた)く曲がったり歪(ゆが)んだり弛(ゆる)んだりすることがないさま、どんな力にも揺(ゆら)らがないさま◆力や勢いがあるさま、体力・気力が漲(みなぎ)って
kk_～形_～けい,～形,～けい,形:◆ものの表に現れた姿、外観◆ものの表の様子、状態◆型、様式,N2,other,unknown,IL2_single_default(kun 84%),形:◆ものの表に現れた姿、外観◆ものの表の様子、状態◆型、様式
kk_～役_～やく,～役,～やく,役:◆辺境の守備をさせる、人に厳しい労働をさせる◆労働、戦(いくさ)、またそれらの労務に服する人◆割り当てられた任務や職務、またそれを務める人,N2,on,on~,IL2_on_only(on 99%),役:◆辺境の守備をさせる、人に厳しい労働をさせる◆労働、戦(いくさ)、またそれらの労務に服する人◆割り当てられた任務や職務、またそれを務める人
kk_～戦_～せん,～戦,～せん,戦:◆戈(ほこ)などの武器を持って闘(たたか)う、争(あらそ)う◆勝負・優劣を競(きそ)い合う◆懼(おそ)れる、恐れでびくびくする、「戦慄(センリツ、恐怖で体を震わ,N2,other,unknown,IL2_single_default(kun 84%),戦:◆戈(ほこ)などの武器を持って闘(たたか)う、争(あらそ)う◆勝負・優劣を競(きそ)い合う◆懼(おそ)れる、恐れでびくびくする、「戦慄(センリツ、恐怖で体を震わ
kk_～持ち_～もち,～持ち,～もち,持:◆ぐっと握(にぎ)る、しっかりと掴(つか)む◆しっかりと守る、そのままの状態を保つ、「持久(ジキュウ、長く保ち続ける)」◆しっかりと支える、「支持(シジ)」◆「,N2,kun,kun,IL1_okurigana(kun 96%) | IL2_single_okuri(kun 96%) | B_verb_rad_手(kun 80%),持:◆ぐっと握(にぎ)る、しっかりと掴(つか)む◆しっかりと守る、そのままの状態を保つ、「持久(ジキュウ、長く保ち続ける)」◆しっかりと支える、「支持(シジ)」◆「
kk_～揃い_～ぞろい,～揃い,～ぞろい,揃:◆鋏(はさみ)や鎌(かま)などで端を切り落とす、(無駄なものや不揃いのものを)切って先端を或いは全体を整える、同「剪」◆絶(た)つ、根刮(ねこそ)ぎにする、滅ぼ,N2,other,unknown,IL1_okurigana(kun 96%) | IL2_single_okuri(kun 96%) | B_verb_rad_手(kun 80%),揃:◆鋏(はさみ)や鎌(かま)などで端を切り落とす、(無駄なものや不揃いのものを)切って先端を或いは全体を整える、同「剪」◆絶(た)つ、根刮(ねこそ)ぎにする、滅ぼ
kk_～敗_～はい,～敗,～はい,敗:◆(争いなどに)破れる、負ける◆うまくいかない、駄目になる◆損なわれる、壊れる、萎える、衰える◆肉が腐る、「腐敗(フハイ)」、魚は「餒」,N2,other,unknown,IL2_single_default(kun 84%),敗:◆(争いなどに)破れる、負ける◆うまくいかない、駄目になる◆損なわれる、壊れる、萎える、衰える◆肉が腐る、「腐敗(フハイ)」、魚は「餒」
kk_～期_～き,～期,～き,期:◆予定されている(約束されている)時(とき、時期、時間)、「時期(ジキ)」「期間(キカン、二つの時の間、始めの時から終わりの時までの間)」◆決められた時(時期、,N2,on,on~,IL2_on_only(on 99%),期:◆予定されている(約束されている)時(とき、時期、時間)、「時期(ジキ)」「期間(キカン、二つの時の間、始めの時から終わりの時までの間)」◆決められた時(時期、
kk_～未満_～みまん,～未満,～みまん,未:◆十二支の八番目、方角では南南西、時刻では午後二時を中心とした二時間、動物では「羊」を当てる ◆いま・だ、まだ～でない、まだ～しない、まだ～していない◆ない、～; 満:◆余すところなく一杯になる、これ以上は(それ以上は)入らなくなる、また一杯にする◆ぎっしりと詰まる、また詰める、隙間(すきま)なく埋(う)まる、また埋める、「充,N2,on,on+on,B_noun_rad_木(kun 93%),未:◆十二支の八番目、方角では南南西、時刻では午後二時を中心とした二時間、動物では「羊」を当てる ◆いま・だ、まだ～でない、まだ～しない、まだ～していない◆ない、～; 満:◆余すところなく一杯になる、これ以上は(それ以上は)入らなくなる、また一杯にする◆ぎっしりと詰まる、また詰める、隙間(すきま)なく埋(う)まる、また埋める、「充
kk_～束_～たば,～束,～たば,束:◆(長いものを)縛(しば)って一つにする、一つに纏(まと)める、同「捒」◆縛って一つにしたものの数を表す語◆縛る、縛ってばらばらにならないようにする、自由を制限,N2,kun,kun,IL2_single_default(kun 84%) | B_noun_rad_木(kun 93%),束:◆(長いものを)縛(しば)って一つにする、一つに纏(まと)める、同「捒」◆縛って一つにしたものの数を表す語◆縛る、縛ってばらばらにならないようにする、自由を制限
kk_～柄_～がら,～柄,～がら,柄:◆茎や枝から伸びて花や葉を支えている枝状の部分、「花柄(カヘイ)」「葉柄(ヨウヘイ)」という◆器物に取り付けて手で握るための棒 ◆手に握る、握って自由に操る、ま,N2,kun,kun,IL2_single_default(kun 84%) | B_noun_rad_木(kun 93%),柄:◆茎や枝から伸びて花や葉を支えている枝状の部分、「花柄(カヘイ)」「葉柄(ヨウヘイ)」という◆器物に取り付けて手で握るための棒 ◆手に握る、握って自由に操る、ま
kk_～棟_～とう,～棟,～とう,棟:◆建物の屋根の面が交わる最も高いところ◆桁(コウ、けた、建物正面に向かって左右方向に渡す木)で最も高い位置にある木、「棟木(むなぎ)」 ◆建物の数を数える語◆「,N2,other,unknown,IL2_single_default(kun 84%) | B_noun_rad_木(kun 93%),棟:◆建物の屋根の面が交わる最も高いところ◆桁(コウ、けた、建物正面に向かって左右方向に渡す木)で最も高い位置にある木、「棟木(むなぎ)」 ◆建物の数を数える語◆「
kk_～権_～けん,～権,～けん,権:◆秤(はかり)、また秤に使う分銅(フンドウ、重さの基準となる金属の塊)◆重さを量(はか)る、状況を量りそれに応じて釣り合いを取る◆釣り合いを左右することができる,N2,on,on~,IL2_on_only(on 99%) | B_noun_rad_木(kun 93%),権:◆秤(はかり)、また秤に使う分銅(フンドウ、重さの基準となる金属の塊)◆重さを量(はか)る、状況を量りそれに応じて釣り合いを取る◆釣り合いを左右することができる
kk_～欲_～よく,～欲,～よく,欲:◆望むものを得(え)たいと思う、望むようにしたい(なりたい)と思う、またそれを強く望む、「貪欲(ドンヨク、貪慾)」、同「慾」◆～しそうである、～になりそうである,N2,other,unknown,IL2_single_default(kun 84%),欲:◆望むものを得(え)たいと思う、望むようにしたい(なりたい)と思う、またそれを強く望む、「貪欲(ドンヨク、貪慾)」、同「慾」◆～しそうである、～になりそうである
kk_～歌_～か,～歌,～か,歌:◆詞(ことば)を声に出し節(ふし)を付けて詠(よ)む、曲に合わせて詞を詠む、同「謌」◆楽曲、詩,N2,other,unknown,IL2_single_default(kun 84%),歌:◆詞(ことば)を声に出し節(ふし)を付けて詠(よ)む、曲に合わせて詞を詠む、同「謌」◆楽曲、詩
kk_～正しい_～ただしい,～正しい,～ただしい,正:◆まっすぐなさま、曲がり・歪(ゆが)み・偏(かたよ)りなどがないさま◆他のものが雑(ま)じっていないさま、また混(ま)じっていないさま、また交(ま)じっていない,N2,kun,kun,IL1_okurigana(kun 96%) | IL2_single_okuri(kun 96%),正:◆まっすぐなさま、曲がり・歪(ゆが)み・偏(かたよ)りなどがないさま◆他のものが雑(ま)じっていないさま、また混(ま)じっていないさま、また交(ま)じっていない
kk_～毎_～ごと,～毎,～ごと,毎:◆草が次々に生え出る◆同じようなこと(同じようなもの)が繰り返されること、またその一つ一つ、各々(おのおの)◆同じように繰り返される時は何時(いつ)も～、また常,N2,kun,kun,IL2_single_default(kun 84%),毎:◆草が次々に生え出る◆同じようなこと(同じようなもの)が繰り返されること、またその一つ一つ、各々(おのおの)◆同じように繰り返される時は何時(いつ)も～、また常
kk_～気味_～ぎみ,～気味,～ぎみ,気:◆中国古来の考えで、天地全ての事物の基本要素、目に見えず形状は一定しない、あらゆる事物の生死・盛衰などの変化・変動はこの「気」の移動・集散によるものと考えられた; 味:◆舌で感じる、舌の感覚◆「五味(ゴミ)」、舌の感覚(味)を五つに大別したもの、酸(酸っぱい味)苦(苦い味)辛(辛い味)鹹(塩辛い味)甘(甘い味)、「【禮記注疏(,N2,on,on+mixed~,A3_short_compound(on+on 71%),気:◆中国古来の考えで、天地全ての事物の基本要素、目に見えず形状は一定しない、あらゆる事物の生死・盛衰などの変化・変動はこの「気」の移動・集散によるものと考えられた; 味:◆舌で感じる、舌の感覚◆「五味(ゴミ)」、舌の感覚(味)を五つに大別したもの、酸(酸っぱい味)苦(苦い味)辛(辛い味)鹹(塩辛い味)甘(甘い味)、「【禮記注疏(
kk_～沿い_～ぞい,～沿い,～ぞい,沿:◆水が川筋に順(したが)って流れる、道筋に従って行く、逆方向に行くのは「溯」◆習慣や先例・指示や命令に従って行動する◆水の縁(へり)、ものの縁,N2,other,unknown,IL1_okurigana(kun 96%) | IL2_single_okuri(kun 96%),沿:◆水が川筋に順(したが)って流れる、道筋に従って行く、逆方向に行くのは「溯」◆習慣や先例・指示や命令に従って行動する◆水の縁(へり)、ものの縁
kk_～流_～りゅう,～流,～りゅう,流:◆水などの液体やそこに浮かんだもの・水中にあるものが淀まずに移動する◆罰として遠くへ移動させる◆(川の流れのように)淀まずに伝わって行く◆分かれて逸(そ)れる◆,N2,other,unknown,IL2_single_default(kun 84%),流:◆水などの液体やそこに浮かんだもの・水中にあるものが淀まずに移動する◆罰として遠くへ移動させる◆(川の流れのように)淀まずに伝わって行く◆分かれて逸(そ)れる◆
kk_～海_～かい,～海,～かい,海:◆大地を取り囲むように広がる深く広大な水溜まり(みずたまり)、陸地内の大きな水溜まりは「湖」◆広く大きいさま◆たくさんのものが集まっているさま,N2,other,unknown,IL2_single_default(kun 84%),海:◆大地を取り囲むように広がる深く広大な水溜まり(みずたまり)、陸地内の大きな水溜まりは「湖」◆広く大きいさま◆たくさんのものが集まっているさま
kk_～済み_～ずみ,～済み,～ずみ,済:◆(舟で)川を渡る◆(難所を、難事を)渡り切る、(互いに手を貸しあって)乗り切る◆手を貸して救い上げる、困っている人に手を貸して(足りないものを補い合って)みな,N2,other,unknown,IL1_okurigana(kun 96%) | IL2_single_okuri(kun 96%),済:◆(舟で)川を渡る◆(難所を、難事を)渡り切る、(互いに手を貸しあって)乗り切る◆手を貸して救い上げる、困っている人に手を貸して(足りないものを補い合って)みな
kk_～港_～こう,～港,～こう,港:◆船が通る水路◆多くの船が停泊する所、埠頭(フトウ),N2,other,unknown,IL2_single_default(kun 84%),港:◆船が通る水路◆多くの船が停泊する所、埠頭(フトウ)
kk_～物_～ぶつ,～物,～ぶつ,物:◆(天地の間に存在する)人以外の形のあるもの、人は「者」、形のないものは「事」,N2,other,unknown,IL2_single_default(kun 84%) | B_noun_rad_牛(kun 93%),物:◆(天地の間に存在する)人以外の形のあるもの、人は「者」、形のないものは「事」
kk_～状_～じょう,～状,～じょう,状:◆形、姿形(すがたかたち)、有様(ありさま)、情況(ジョウキョウ)、様子(ヨウシ、ようす)◆様子を述べる、言い表す、またその文書や手紙,N2,on,on~,IL2_on_only(on 99%),状:◆形、姿形(すがたかたち)、有様(ありさま)、情況(ジョウキョウ)、様子(ヨウシ、ようす)◆様子を述べる、言い表す、またその文書や手紙
kk_～界_～かい,～界,～かい,界:◆境(さかい)、境目(さかいめ)、区切り、同「堺」「𨺬」◆周(まわ)りが仕切られているところの内側、範囲(ハンイ),N2,other,unknown,IL2_single_default(kun 84%),界:◆境(さかい)、境目(さかいめ)、区切り、同「堺」「𨺬」◆周(まわ)りが仕切られているところの内側、範囲(ハンイ)
kk_～盛り_～ざかり,～盛り,～ざかり,盛:◆器(うつわ)に山のようにものを入れる、山のように積み上げる、これ以上は入らないという程に入れる◆一杯になるさま、満ち溢(あふ)れるさま、豊かなさま◆力や勢いが,N2,other,unknown,IL1_okurigana(kun 96%) | IL2_single_okuri(kun 96%),盛:◆器(うつわ)に山のようにものを入れる、山のように積み上げる、これ以上は入らないという程に入れる◆一杯になるさま、満ち溢(あふ)れるさま、豊かなさま◆力や勢いが
kk_～着_～ちゃく,～着,～ちゃく,着:◆目的や目標としている物事・場所などに届く、また達する、また到る、同「著」◆他のものに付く、同「著」◆き・る、衣服を身に付ける、同「著」◆火や明かりを点(つ)け,N2,other,unknown,IL2_single_default(kun 84%),着:◆目的や目標としている物事・場所などに届く、また達する、また到る、同「著」◆他のものに付く、同「著」◆き・る、衣服を身に付ける、同「著」◆火や明かりを点(つ)け
kk_～知らず_～しらず,～知らず,～しらず,知:◆(矢のように素早く、矢が的の中央に当たるように的確に)認識する、見定める、「察知(サッチ)」「知識(チシキ)」、「智」は「見知ったことを理解しその正邪を正しく,N2,kun,kun,IL1_okurigana(kun 96%) | IL2_single_okuri(kun 96%),知:◆(矢のように素早く、矢が的の中央に当たるように的確に)認識する、見定める、「察知(サッチ)」「知識(チシキ)」、「智」は「見知ったことを理解しその正邪を正しく
kk_～祭_～さい,～祭,～さい,祭:◆神(かみ)や先祖や死者に供え物(そなえもの)を捧(ささ)げる、またその儀式、「祭祀(サイシ)」、同「祀」◆[日]大勢の人が集まって行う催(もよお)し¶「祭」の,N2,other,unknown,IL2_single_default(kun 84%),祭:◆神(かみ)や先祖や死者に供え物(そなえもの)を捧(ささ)げる、またその儀式、「祭祀(サイシ)」、同「祀」◆[日]大勢の人が集まって行う催(もよお)し¶「祭」の
kk_～種_～しゅ,～種,～しゅ,種:◆(植物が)生長し実を結ぶ元になるもの、またそれを植え付ける、またそれを蒔(ま)く◆起源を同じにするもの、共通性のあるもの、またその集まり◆簡「种」,N2,other,unknown,IL2_single_default(kun 84%),種:◆(植物が)生長し実を結ぶ元になるもの、またそれを植え付ける、またそれを蒔(ま)く◆起源を同じにするもの、共通性のあるもの、またその集まり◆簡「种」
kk_～章_～しょう,～章,～しょう,章:◆楽曲・詩文・法令などの一纏(ひとまと)まりごとに設ける区切り◆織物や刺繍などの紋様◆明らか、明らかにする、はっきりと分かる◆(はっきりと分かるようにする)印鑑,N2,on,on~,IL2_on_only(on 99%),章:◆楽曲・詩文・法令などの一纏(ひとまと)まりごとに設ける区切り◆織物や刺繍などの紋様◆明らか、明らかにする、はっきりと分かる◆(はっきりと分かるようにする)印鑑
kk_～等_～とう,～等,～とう,等:◆きちんと揃(そろ)え整(ととの)えられた竹簡(チクカン、竹の札に記された文書)◆凸凹せずにきちんと揃う、また揃える、また整える◆数・量・大きさ・程度などが同じ,N2,other,unknown,IL2_single_default(kun 84%) | B_noun_rad_竹(kun 93%),等:◆きちんと揃(そろ)え整(ととの)えられた竹簡(チクカン、竹の札に記された文書)◆凸凹せずにきちんと揃う、また揃える、また整える◆数・量・大きさ・程度などが同じ
kk_～筋_～すじ,～筋,～すじ,筋:◆動物の肉(皮膚と骨を繋いで一定の形や位置を保つ役割を担う組織、筋肉と脂肪とからなる)を構成する伸縮性のある強靱な線状の組織、「【集韻:卷二:平聲:欣第二十一:,N2,kun,kun,IL2_single_default(kun 84%) | B_noun_rad_竹(kun 93%),筋:◆動物の肉(皮膚と骨を繋いで一定の形や位置を保つ役割を担う組織、筋肉と脂肪とからなる)を構成する伸縮性のある強靱な線状の組織、「【集韻:卷二:平聲:欣第二十一:
kk_～級_～きゅう,～級,～きゅう,級:◆品質や地位などの程度◆上下の順序、同「𨸚」「階」◆切り取った敵の首(くび),N2,on,on~,IL2_on_only(on 99%),級:◆品質や地位などの程度◆上下の順序、同「𨸚」「階」◆切り取った敵の首(くび)
kk_～編_～へん,～編,～へん,編:◆竹簡や木簡を一つの纏まった文書・記録・書物になるように順に揃え結わいて綴じる、またそのための綴じ紐◆ばらばらのものを集め順序立てて並べ一つのものに組み上げる◆,N2,other,unknown,IL2_single_default(kun 84%),編:◆竹簡や木簡を一つの纏まった文書・記録・書物になるように順に揃え結わいて綴じる、またそのための綴じ紐◆ばらばらのものを集め順序立てて並べ一つのものに組み上げる◆
kk_～署_～しょ,～署,～しょ,署:◆役目を与えて人を配置する、「部署(ブショ)」◆共通の役割毎に纏(まと)めた組織、役所、役人が執務する所◆書く、書き記(しる)す、「署名(ショメイ)」,N2,on,on~,IL2_on_only(on 99%),署:◆役目を与えて人を配置する、「部署(ブショ)」◆共通の役割毎に纏(まと)めた組織、役所、役人が執務する所◆書く、書き記(しる)す、「署名(ショメイ)」
kk_～臭い_～くさい,～臭い,～くさい,臭:◆匂(にお)い、鼻(はな)で感じ取るものの総称◆物が腐(くさ)ったような臭(にお)い、不快な匂い、嫌(いや)な匂い、同「臰」,N2,kun,kun,IL1_okurigana(kun 96%) | IL2_single_okuri(kun 96%),臭:◆匂(にお)い、鼻(はな)で感じ取るものの総称◆物が腐(くさ)ったような臭(にお)い、不快な匂い、嫌(いや)な匂い、同「臰」
kk_～船_～せん,～船,～せん,船:◆川や沿岸を行き来する舟、外洋に出られる大きな舟は「舶」¶「舟」と「船」は同義だが、漢代では東方で「舟」・西方で「船」といい、後には一般に「舟」は小形のものを、,N2,other,unknown,IL2_single_default(kun 84%),船:◆川や沿岸を行き来する舟、外洋に出られる大きな舟は「舶」¶「舟」と「船」は同義だが、漢代では東方で「舟」・西方で「船」といい、後には一般に「舟」は小形のものを、
kk_～艘_～そう,～艘,～そう,艘:◆舟、船、船の総称◆船を数える語,N2,on,on~,IL2_on_only(on 99%),艘:◆舟、船、船の総称◆船を数える語
kk_～色_～しょく,～色,～しょく,色:◆視覚によって認識するものの内、形状以外のもの、(特に顔の)表情、彩(いろどり)り、具合(ぐあい)、様子◆男女間の情欲(ジョウヨク)◆種類、二色=二種類◆いろ、,N2,other,unknown,IL2_single_default(kun 84%),色:◆視覚によって認識するものの内、形状以外のもの、(特に顔の)表情、彩(いろどり)り、具合(ぐあい)、様子◆男女間の情欲(ジョウヨク)◆種類、二色=二種類◆いろ、
kk_～街_～がい,～街,～がい,街:◆市中(シチュウ)の大通り、市中を区切るように通した道、四方に通じる道、「街道(カイドウ)」、大通りから外れた小路(こうじ)は「巷」◆その道で区切られた区画、「,N2,other,unknown,IL2_single_default(kun 84%),街:◆市中(シチュウ)の大通り、市中を区切るように通した道、四方に通じる道、「街道(カイドウ)」、大通りから外れた小路(こうじ)は「巷」◆その道で区切られた区画、「
kk_～触り_～ざわり,～触り,～ざわり,触:◆角(つの)の先端が当たる、尖(とが)ったものの先端が軽く当たる、同「𧢻」◆一部分(全体の中のある限られた部分、狭い部分)に当たる、また押し当てる◆法で禁じられ,N2,other,unknown,IL1_okurigana(kun 96%) | IL2_single_okuri(kun 96%),触:◆角(つの)の先端が当たる、尖(とが)ったものの先端が軽く当たる、同「𧢻」◆一部分(全体の中のある限られた部分、狭い部分)に当たる、また押し当てる◆法で禁じられ
kk_～計_～けい,～計,～けい,計:◆数える、測る◆(その年の)出納を合わせる◆見積もる、見当をつける,N2,other,unknown,IL2_single_default(kun 84%) | B_verb_rad_言(kun 80%),計:◆数える、測る◆(その年の)出納を合わせる◆見積もる、見当をつける
kk_～話_～ばなし,～話,～ばなし,話:◆言葉にして言う、言葉で告げる、語(かた)る、またその言葉、同「𦧵(舙)」◆語られた(語られている)こと、物語(ものがたり),N2,other,unknown,IL2_single_default(kun 84%) | B_verb_rad_言(kun 80%),話:◆言葉にして言う、言葉で告げる、語(かた)る、またその言葉、同「𦧵(舙)」◆語られた(語られている)こと、物語(ものがたり)
kk_～談_～だん,～談,～だん,談:◆物語、物語る、同「譚」◆寛いで話をする、盛んに語り合う,N2,on,on~,IL2_on_only(on 99%) | B_verb_rad_言(kun 80%),談:◆物語、物語る、同「譚」◆寛いで話をする、盛んに語り合う
kk_～賞_～しょう,～賞,～しょう,賞:◆優れた働きをした者を褒め称える、またその者に金品を与える◆愛(め)でる、愛(め)で楽しむ,N2,on,on~,IL2_on_only(on 99%),賞:◆優れた働きをした者を褒め称える、またその者に金品を与える◆愛(め)でる、愛(め)で楽しむ
kk_～連れ_～づれ,～連れ,～づれ,連:◆途切れずに続く、次々に間を置かずに続く、また繋(つな)がる◆結び付く、関わり合いを持つ◆一緒に行動する◆続々と、次々に、間を置かずに,N2,other,unknown,IL1_okurigana(kun 96%) | IL2_single_okuri(kun 96%),連:◆途切れずに続く、次々に間を置かずに続く、また繋(つな)がる◆結び付く、関わり合いを持つ◆一緒に行動する◆続々と、次々に、間を置かずに
kk_～遍_～へん,～遍,～へん,遍:◆広く隅々まで行き渡る、同「𨖠」「徧」◆あまね・く、広く漏れなく、隅々まで、同「徧」◆回数を数える語、同「徧」,N2,other,unknown,IL2_single_default(kun 84%),遍:◆広く隅々まで行き渡る、同「𨖠」「徧」◆あまね・く、広く漏れなく、隅々まで、同「徧」◆回数を数える語、同「徧」
kk_～道_～どう,～道,～どう,道:◆出発地から目的地へ通じている路(みち)、人や動物などが往来する通り路、「道路(ドウロ)」、同「路」◆目的を達するための経路、手順や方法◆導(みちび)く、手引き,N2,other,unknown,IL2_single_default(kun 84%),道:◆出発地から目的地へ通じている路(みち)、人や動物などが往来する通り路、「道路(ドウロ)」、同「路」◆目的を達するための経路、手順や方法◆導(みちび)く、手引き
kk_～避け/除け_～よけ,～避け/除け,～よけ,避:◆障害となるものに当たらないような位置・場所に移動する、当たらないように身を躱(かわ)す、身を逸(そ)らす、同「辟」、「迴避、回避(カイヒ)」◆中心から去る、退; 除:◆そこにあるものを押し退(の)ける、押し退けて場所をあける◆取り払う、取り去る◆それまでの官職を解(と)いて新しい官職に就(つ)ける、「除官(ジョカン)」◆それ,N2,kun,kun+kun~,IL1_okurigana(kun 96%) | A1_compound_oku(kun 90%) | A1_on_kun_mix(on+kun 65%),避:◆障害となるものに当たらないような位置・場所に移動する、当たらないように身を躱(かわ)す、身を逸(そ)らす、同「辟」、「迴避、回避(カイヒ)」◆中心から去る、退; 除:◆そこにあるものを押し退(の)ける、押し退けて場所をあける◆取り払う、取り去る◆それまでの官職を解(と)いて新しい官職に就(つ)ける、「除官(ジョカン)」◆それ
kk_～酒_～しゅ,～酒,～しゅ,酒:◆穀物や果実などを原料として醸造(ジョウゾウ)したアルコールalcohol分を含む飲み物,N2,other,unknown,IL2_single_default(kun 84%),酒:◆穀物や果実などを原料として醸造(ジョウゾウ)したアルコールalcohol分を含む飲み物
kk_～重_～じゅう,～重,～じゅう,重:◆層になる、上に載る、下になったものに上から大きな力が掛かる、負担が大きい◆再び、繰り返して、何度も、何層にも◆何層にも心配りがされていて手厚い、丁寧な◆何層に,N2,other,unknown,IL2_single_default(kun 84%),重:◆層になる、上に載る、下になったものに上から大きな力が掛かる、負担が大きい◆再び、繰り返して、何度も、何層にも◆何層にも心配りがされていて手厚い、丁寧な◆何層に
kk_～間_～かん,～間,～かん,間:◆両側からぴったりと閉じられずに開いているところ、(空間・時間・物事・関係などが)連続せずに途切れているところ、開いたり途切れたりして何もないところ、隙(すき),N2,other,unknown,IL2_single_default(kun 84%),間:◆両側からぴったりと閉じられずに開いているところ、(空間・時間・物事・関係などが)連続せずに途切れているところ、開いたり途切れたりして何もないところ、隙(すき)
kk_～隻_～せき,～隻,～せき,隻:◆鳥の一羽◆一つ、それだけ、同簡「只」◆対(ツイ、二つで一組になるもの)の片方だけ、僅(わず)か◆鳥獣や船などを数える語,N2,other,unknown,IL2_single_default(kun 84%),隻:◆鳥の一羽◆一つ、それだけ、同簡「只」◆対(ツイ、二つで一組になるもの)の片方だけ、僅(わず)か◆鳥獣や船などを数える語
kk_～集_～しゅう,～集,～しゅう,集:◆多くのものが同じところに寄り合う、多くの人が同じところに会(カイ)する◆多くのものが一つになる、また一つにする、また一つになったもの、また一つにしたもの◆多く,N2,other,unknown,IL2_single_default(kun 84%),集:◆多くのものが同じところに寄り合う、多くの人が同じところに会(カイ)する◆多くのものが一つになる、また一つにする、また一つになったもの、また一つにしたもの◆多く
kk_～離れ_～ばなれ,～離れ,～ばなれ,離:◆間(あいだ)を空(あ)ける、隔(へだ)てる、分(わ)ける、別(わか)れる◆間が空いている、隔たっている、分かれている、別れている◆八卦(ハッカ、「乾・兌・離・,N2,other,unknown,IL1_okurigana(kun 96%) | IL2_single_okuri(kun 96%),離:◆間(あいだ)を空(あ)ける、隔(へだ)てる、分(わ)ける、別(わか)れる◆間が空いている、隔たっている、分かれている、別れている◆八卦(ハッカ、「乾・兌・離・
kk_～難_～なん,～難,～なん,難:◆思いの通りにいかない(ならない)、～するのは容易でない、～しにくい、～しづらい、同「艱」◆災(わざわ)い、禍(カ、わざわい)、手の施(ほどこ)しようのない(思,N2,other,unknown,IL2_single_default(kun 84%),難:◆思いの通りにいかない(ならない)、～するのは容易でない、～しにくい、～しづらい、同「艱」◆災(わざわ)い、禍(カ、わざわい)、手の施(ほどこ)しようのない(思
kk_～難い_～がたい,～難い,～がたい,難:◆思いの通りにいかない(ならない)、～するのは容易でない、～しにくい、～しづらい、同「艱」◆災(わざわ)い、禍(カ、わざわい)、手の施(ほどこ)しようのない(思,N2,other,unknown,IL1_okurigana(kun 96%) | IL2_single_okuri(kun 96%),難:◆思いの通りにいかない(ならない)、～するのは容易でない、～しにくい、～しづらい、同「艱」◆災(わざわ)い、禍(カ、わざわい)、手の施(ほどこ)しようのない(思
kk_～領_～りょう,～領,～りょう,領:◆項(うなじ)、頸(くび、頭と胴の間にあって頭を支える部分)の後ろ側(背側)◆首、頸(くび)◆衣服の首周りの縁(へり)の部分、首元で交差させるものは「交領(コウ,N2,other,unknown,IL2_single_default(kun 84%),領:◆項(うなじ)、頸(くび、頭と胴の間にあって頭を支える部分)の後ろ側(背側)◆首、頸(くび)◆衣服の首周りの縁(へり)の部分、首元で交差させるものは「交領(コウ
kk_～頭_～とう,～頭,～とう,頭:◆身体の最上部(四足・多足の動物の場合は先端部)、胴体の肩よりも上(先)にある部分 ◆物事の端(はじ)、物事の始まり(先端、最初)や終わり(後端、最終)、「先頭,N2,other,unknown,IL2_single_default(kun 84%),頭:◆身体の最上部(四足・多足の動物の場合は先端部)、胴体の肩よりも上(先)にある部分 ◆物事の端(はじ)、物事の始まり(先端、最初)や終わり(後端、最終)、「先頭
kk_～風_～ふう,～風,～ふう,風:◆大気の流れや揺らぎ ◆(風に乗って)どこからともなく届いて来る話や様子◆(風のように自然に広まる)一般的な習慣や傾向◆譬える、似たもの◆かぜ、部首名,N2,other,unknown,IL2_single_default(kun 84%),風:◆大気の流れや揺らぎ ◆(風に乗って)どこからともなく届いて来る話や様子◆(風のように自然に広まる)一般的な習慣や傾向◆譬える、似たもの◆かぜ、部首名
