guid,Word,Reading,Meaning,Level,ReadingType,Pattern,Rules,KanjiDetail
kk_(荷) pek_ペンキ,(荷) pek,ペンキ,荷:◆ハス(蓮)、ハス科ハス属の水草、ハスの花・実・茎・根茎など全体を指す、別名「芙蕖(フキョ)」、「【爾雅注疏:釋草】荷芙渠(…)其莖茄其葉蕸其本蔤(《注》莖下白,N3,other,unknown,IL2_single_default(kun 84%),荷:◆ハス(蓮)、ハス科ハス属の水草、ハスの花・実・茎・根茎など全体を指す、別名「芙蕖(フキョ)」、「【爾雅注疏:釋草】荷芙渠(…)其莖茄其葉蕸其本蔤(《注》莖下白
kk_Thema(德)_テーマ,Thema(德),テーマ,德:◆生まれながらに備わっている性質、もの本来の性質、本性(ホンショウ)◆本来の行いや考え、人として尊(とうと)び守るべき(進むべき)道、「道徳(ドウトク)」◆自ら,N3,on,on~,IL2_on_only(on 99%),德:◆生まれながらに備わっている性質、もの本来の性質、本性(ホンショウ)◆本来の行いや考え、人として尊(とうと)び守るべき(進むべき)道、「道徳(ドウトク)」◆自ら
kk_allergy（德）_アレルギー,allergy（德）,アレルギー,德:◆生まれながらに備わっている性質、もの本来の性質、本性(ホンショウ)◆本来の行いや考え、人として尊(とうと)び守るべき(進むべき)道、「道徳(ドウトク)」◆自ら,N3,on,on~,IL2_on_only(on 99%),德:◆生まれながらに備わっている性質、もの本来の性質、本性(ホンショウ)◆本来の行いや考え、人として尊(とうと)び守るべき(進むべき)道、「道徳(ドウトク)」◆自ら
kk_concours（法）_コンクール,concours（法）,コンクール,法:◆規律を維持するための決まり、守り従うべき制度や規則、私的なものではなく公(おおやけ)のものを指す◆標準的な或いは慣例となっているやり方、またそれらに従う◆基準,N3,other,unknown,IL2_single_default(kun 84%),法:◆規律を維持するための決まり、守り従うべき制度や規則、私的なものではなく公(おおやけ)のものを指す◆標準的な或いは慣例となっているやり方、またそれらに従う◆基準
kk_enguete(法)_アンケート,enguete(法),アンケート,法:◆規律を維持するための決まり、守り従うべき制度や規則、私的なものではなく公(おおやけ)のものを指す◆標準的な或いは慣例となっているやり方、またそれらに従う◆基準,N3,other,unknown,IL2_single_default(kun 84%),法:◆規律を維持するための決まり、守り従うべき制度や規則、私的なものではなく公(おおやけ)のものを指す◆標準的な或いは慣例となっているやり方、またそれらに従う◆基準
kk_gom（荷）_ゴム,gom（荷）,ゴム,荷:◆ハス(蓮)、ハス科ハス属の水草、ハスの花・実・茎・根茎など全体を指す、別名「芙蕖(フキョ)」、「【爾雅注疏:釋草】荷芙渠(…)其莖茄其葉蕸其本蔤(《注》莖下白,N3,other,unknown,IL2_single_default(kun 84%),荷:◆ハス(蓮)、ハス科ハス属の水草、ハスの花・実・茎・根茎など全体を指す、別名「芙蕖(フキョ)」、「【爾雅注疏:釋草】荷芙渠(…)其莖茄其葉蕸其本蔤(《注》莖下白
kk_salad油_サラダゆ,salad油,サラダゆ,油:◆粘性の高い可燃性の液体、「石油(セキユ)」◆膏(コウ、あぶら)、脂肪(シボウ)◆光沢(コウタク)、艶(つや)、同「𥑤」◆ゆったりとしたさま,N3,other,unknown,IL2_single_default(kun 84%),油:◆粘性の高い可燃性の液体、「石油(セキユ)」◆膏(コウ、あぶら)、脂肪(シボウ)◆光沢(コウタク)、艶(つや)、同「𥑤」◆ゆったりとしたさま
kk_tempo（意）_テンポ,tempo（意）,テンポ,意:◆心の中にあって外(言葉や態度・行動など)には出さない思いや考え、心の動きや働き、気持ち◆物事の内にあって表には現れ出ないもの、内に込められているもの,N3,on,on~,IL2_on_only(on 99%),意:◆心の中にあって外(言葉や態度・行動など)には出さない思いや考え、心の動きや働き、気持ち◆物事の内にあって表には現れ出ないもの、内に込められているもの
kk_あっという間に_あっというまに,あっという間に,あっというまに,間:◆両側からぴったりと閉じられずに開いているところ、(空間・時間・物事・関係などが)連続せずに途切れているところ、開いたり途切れたりして何もないところ、隙(すき),N3,kun,kun,IL1_okurigana(kun 96%) | IL2_single_okuri(kun 96%),間:◆両側からぴったりと閉じられずに開いているところ、(空間・時間・物事・関係などが)連続せずに途切れているところ、開いたり途切れたりして何もないところ、隙(すき)
kk_お互いに_おたがいに,お互いに,おたがいに,互:◆二つのものが逆の方向から(別の方向から)同じところで合わさる、行き来し合う、代わる代わる(かわるがわる)にする、～し合う,N3,kun,kun,IL1_okurigana(kun 96%) | IL2_single_okuri(kun 96%),互:◆二つのものが逆の方向から(別の方向から)同じところで合わさる、行き来し合う、代わる代わる(かわるがわる)にする、～し合う
kk_お代わり_おかわり,お代わり,おかわり,代:◆替(か)える、それまでのもの(今あるもの)を別のものに替える、入れ替える、また入れ替わる◆同じ家主や国主がその地位にある期間、同じ種(シュ、起源を同じにするも,N3,kun,kun,IL1_okurigana(kun 96%) | IL2_single_okuri(kun 96%),代:◆替(か)える、それまでのもの(今あるもの)を別のものに替える、入れ替える、また入れ替わる◆同じ家主や国主がその地位にある期間、同じ種(シュ、起源を同じにするも
kk_お住まい_おすまい,お住まい,おすまい,住:◆同じ場所に長期間に亘(わた)って留(とど)まる◆場所を定めて生活する、またその居所(きょしょ、いどころ)◆動詞の後に置いて「同じ場所や状態に留(とど)まる、同,N3,kun,kun,IL1_okurigana(kun 96%) | IL2_single_okuri(kun 96%),住:◆同じ場所に長期間に亘(わた)って留(とど)まる◆場所を定めて生活する、またその居所(きょしょ、いどころ)◆動詞の後に置いて「同じ場所や状態に留(とど)まる、同
kk_お年玉_おとしだま,お年玉,おとしだま,年:◆穀物が稔(みの)る、同「秊」◆農作物を収穫してから次の収穫期までの期間、四季(二十四節気)を一巡する期間、year◆誕生してから生きてその誕生日を通り過ぎた回; 玉:◆ぎょく、光沢と透明感があり堅く色や彩(あや、いろどり)が美しく音が涼やかな最も高貴とされた宝石、特定の鉱石を指すものではなく、「硬玉(コウギョク、ジェィダイト,N3,other,mixed+mixed~,IL1_okurigana(kun 96%) | A1_compound_oku(kun 90%) | A1_on_kun_mix(on+kun 65%),年:◆穀物が稔(みの)る、同「秊」◆農作物を収穫してから次の収穫期までの期間、四季(二十四節気)を一巡する期間、year◆誕生してから生きてその誕生日を通り過ぎた回; 玉:◆ぎょく、光沢と透明感があり堅く色や彩(あや、いろどり)が美しく音が涼やかな最も高貴とされた宝石、特定の鉱石を指すものではなく、「硬玉(コウギョク、ジェィダイト
kk_お昼_おひる,お昼,おひる,昼:◆日の出から日の入りまで間、日中(ニッチュウ)、日の入りから日の出までの間を「夜」◆正午(ショウゴ),N3,kun,kun,IL1_okurigana(kun 96%) | IL2_single_okuri(kun 96%),昼:◆日の出から日の入りまで間、日中(ニッチュウ)、日の入りから日の出までの間を「夜」◆正午(ショウゴ)
kk_お札_おさつ,お札,おさつ,札:◆薄く小さい木片、文字を書くための薄く細長い木片、同「扎」「劄」◆信書、手紙、文書、公文書◆[日]紙幣◆[日]薄く小さい板状のもの,N3,other,unknown,IL1_okurigana(kun 96%) | IL2_single_okuri(kun 96%) | B_noun_rad_木(kun 93%),札:◆薄く小さい木片、文字を書くための薄く細長い木片、同「扎」「劄」◆信書、手紙、文書、公文書◆[日]紙幣◆[日]薄く小さい板状のもの
kk_お盆_おぼん,お盆,おぼん,盆:◆口が開き底が平らな容器、水を入れる鉢(はち)やボウルbowlの類、形や用途はさまざま、「水盆(スイボン、手洗いなどに用いる器）」「臉盆(レンボン、洗面用の器),N3,on,on~,IL1_okurigana(kun 96%) | IL2_single_okuri(kun 96%),盆:◆口が開き底が平らな容器、水を入れる鉢(はち)やボウルbowlの類、形や用途はさまざま、「水盆(スイボン、手洗いなどに用いる器）」「臉盆(レンボン、洗面用の器)
kk_お絞り_おしぼり,お絞り,おしぼり,絞:◆紐(ひも)などを交差させてその両端を引く、堅(かた)く縛(しば)る、強く締め付ける◆周りから強く押え付ける,N3,kun,kun,IL1_okurigana(kun 96%) | IL2_single_okuri(kun 96%),絞:◆紐(ひも)などを交差させてその両端を引く、堅(かた)く縛(しば)る、強く締め付ける◆周りから強く押え付ける
kk_お詫び_おわび,お詫び,おわび,詫:◆誇(ほこ)る、誇張する、中身のないものを大きく見せる、また話す、同「誇」「侘」◆誑(たぶら)かす、惑わし誤らせる、巧みな言葉で騙(だま)す、同「誑」◆「詫異(,N3,kun,kun,IL1_okurigana(kun 96%) | IL2_single_okuri(kun 96%) | B_verb_rad_言(kun 80%),詫:◆誇(ほこ)る、誇張する、中身のないものを大きく見せる、また話す、同「誇」「侘」◆誑(たぶら)かす、惑わし誤らせる、巧みな言葉で騙(だま)す、同「誑」◆「詫異(
kk_お辞儀_おじぎ,お辞儀,おじぎ,辞:◆説(と)く、分かるように順序立てて話す、説明する、「【說文解字注:辛部:辭】說也(…說者釋也)𤔬辛猶理辜也」◆丁寧に分かり易く述べる、また説明する、またその言; 儀:◆規準、規準となるもの、規準とすべきもの、「兩儀(リョウギ、宇宙の起源の二つの要素、陰・陽)」「三儀(サンギ、宇宙を構成する三つの要素、天・地・人)」「五儀(ゴ,N3,on,on+on,IL1_okurigana(kun 96%) | A1_compound_oku(kun 90%) | A1_on_kun_mix(on+kun 65%),辞:◆説(と)く、分かるように順序立てて話す、説明する、「【說文解字注:辛部:辭】說也(…說者釋也)𤔬辛猶理辜也」◆丁寧に分かり易く述べる、また説明する、またその言; 儀:◆規準、規準となるもの、規準とすべきもの、「兩儀(リョウギ、宇宙の起源の二つの要素、陰・陽)」「三儀(サンギ、宇宙を構成する三つの要素、天・地・人)」「五儀(ゴ
kk_かっこ悪い_かっこわるい,かっこ悪い,かっこわるい,悪:◆良くない、劣る、好ましくない◆憎む、好ましくない(良くない)感情を抱く◆不快な、不吉な◆忌(いま)まわしい、醜(みにく)い、またそのように行い◆道を誤る、道義,N3,kun,kun,IL1_okurigana(kun 96%) | IL2_single_okuri(kun 96%),悪:◆良くない、劣る、好ましくない◆憎む、好ましくない(良くない)感情を抱く◆不快な、不吉な◆忌(いま)まわしい、醜(みにく)い、またそのように行い◆道を誤る、道義
kk_こう言う_こういう,こう言う,こういう,言:◆相手に伝えたいことを声に出してはっきりと述べる、またその内容、またそのための語(ゴ、互いに意思の疎通を図るための言葉)◆字(ジ)、文字◆我(われ)、自分を指す,N3,kun,kun,IL1_okurigana(kun 96%) | IL2_single_okuri(kun 96%) | B_verb_rad_言(kun 80%),言:◆相手に伝えたいことを声に出してはっきりと述べる、またその内容、またそのための語(ゴ、互いに意思の疎通を図るための言葉)◆字(ジ)、文字◆我(われ)、自分を指す
kk_その代わり_そのかわり,その代わり,そのかわり,代:◆替(か)える、それまでのもの(今あるもの)を別のものに替える、入れ替える、また入れ替わる◆同じ家主や国主がその地位にある期間、同じ種(シュ、起源を同じにするも,N3,kun,kun,IL1_okurigana(kun 96%) | IL2_single_okuri(kun 96%),代:◆替(か)える、それまでのもの(今あるもの)を別のものに替える、入れ替える、また入れ替わる◆同じ家主や国主がその地位にある期間、同じ種(シュ、起源を同じにするも
kk_とめる/留める/泊める_とめる,とめる/留める/泊める,とめる,留:◆動きを止(と)める、動きを止めて同じ場所や状態に止(とど)まる◆同じ状態が残る、同じ状態で残す; 泊:◆舟を岸に寄せて停まる、「停泊(テイハク)」◆宿などで休む、留(とど)まる◆湖(みずうみ)、水が打ち寄せる湖などの辺(ほとり)◆水が浅いさま、水の浅いところ、浅,N3,mixed,on+kun~,IL1_okurigana(kun 96%) | A1_compound_oku(kun 90%) | A1_on_kun_mix(on+kun 65%),留:◆動きを止(と)める、動きを止めて同じ場所や状態に止(とど)まる◆同じ状態が残る、同じ状態で残す; 泊:◆舟を岸に寄せて停まる、「停泊(テイハク)」◆宿などで休む、留(とど)まる◆湖(みずうみ)、水が打ち寄せる湖などの辺(ほとり)◆水が浅いさま、水の浅いところ、浅
kk_どれ程_どれほど,どれ程,どれほど,程:◆ものの大小・長短・軽重・強弱・優劣などをはかる(測る・量る・計る)際の基準・規格◆一定の決まり・手順・方法◆定まっている基準・規格・決まり・区切り・手順・方法,N3,kun,kun,IL1_okurigana(kun 96%) | IL2_single_okuri(kun 96%),程:◆ものの大小・長短・軽重・強弱・優劣などをはかる(測る・量る・計る)際の基準・規格◆一定の決まり・手順・方法◆定まっている基準・規格・決まり・区切り・手順・方法
kk_バス停_バスてい,バス停,バスてい,停:◆連続・継続する動きや流れ(道程・工程・時間・年月など)の途中で一旦(イッタン、少しの間、一時的に)同じ場所や状態に留(とど)まる、同「亭」◆止(とど)まる、止,N3,other,unknown,IL2_single_default(kun 84%),停:◆連続・継続する動きや流れ(道程・工程・時間・年月など)の途中で一旦(イッタン、少しの間、一時的に)同じ場所や状態に留(とど)まる、同「亭」◆止(とど)まる、止
kk_一々_いちいち,一々,いちいち,一:◆最初、最初の数、最も小さい数、同「壹」 ◆(幾つかあるものの内の、全体の中の)一つ、一つの、一つに、それだけ、ひたすら、同「壹」◆同じ、等しい、「同じ一つのも,N3,on,on,IL2_single_default(kun 84%),一:◆最初、最初の数、最も小さい数、同「壹」 ◆(幾つかあるものの内の、全体の中の)一つ、一つの、一つに、それだけ、ひたすら、同「壹」◆同じ、等しい、「同じ一つのも
kk_一人一人_ひとりひとり,一人一人,ひとりひとり,一:◆最初、最初の数、最も小さい数、同「壹」 ◆(幾つかあるものの内の、全体の中の)一つ、一つの、一つに、それだけ、ひたすら、同「壹」◆同じ、等しい、「同じ一つのも; 人:◆霊長目ヒト科ヒト属の生物、ホモ・サピエンスHomo sapiens(「知恵の人」の意)、同「儿」◆自分以外の者、「人我(ジンガ、他人と自分)」◆人の数(かず); 一:◆最初、最初の数、最も小さい数、同「壹」 ◆(幾つかあるものの内の、全体の中の)一つ、一つの、一つに、それだけ、ひたすら、同「壹」◆同じ、等しい、「同じ一つのも,N3,kun,kun+kun+kun+kun~,A4_multi_on(on+on+on+on 65%),一:◆最初、最初の数、最も小さい数、同「壹」 ◆(幾つかあるものの内の、全体の中の)一つ、一つの、一つに、それだけ、ひたすら、同「壹」◆同じ、等しい、「同じ一つのも; 人:◆霊長目ヒト科ヒト属の生物、ホモ・サピエンスHomo sapiens(「知恵の人」の意)、同「儿」◆自分以外の者、「人我(ジンガ、他人と自分)」◆人の数(かず); 一:◆最初、最初の数、最も小さい数、同「壹」 ◆(幾つかあるものの内の、全体の中の)一つ、一つの、一つに、それだけ、ひたすら、同「壹」◆同じ、等しい、「同じ一つのも
kk_一休み_ひとやすみ,一休み,ひとやすみ,一:◆最初、最初の数、最も小さい数、同「壹」 ◆(幾つかあるものの内の、全体の中の)一つ、一つの、一つに、それだけ、ひたすら、同「壹」◆同じ、等しい、「同じ一つのも; 休:◆連続した動きや働きの途中で一旦その動きや働きを止(や)める、再開するために息を整えたり力を蓄(たくわ)えることをいう◆止める、止む、終わる、「【歸去來辭】羨萬,N3,kun,kun+kun,IL1_okurigana(kun 96%) | A1_compound_oku(kun 90%) | A1_on_kun_mix(on+kun 65%),一:◆最初、最初の数、最も小さい数、同「壹」 ◆(幾つかあるものの内の、全体の中の)一つ、一つの、一つに、それだけ、ひたすら、同「壹」◆同じ、等しい、「同じ一つのも; 休:◆連続した動きや働きの途中で一旦その動きや働きを止(や)める、再開するために息を整えたり力を蓄(たくわ)えることをいう◆止める、止む、終わる、「【歸去來辭】羨萬
kk_一体_いったい,一体,いったい,一:◆最初、最初の数、最も小さい数、同「壹」 ◆(幾つかあるものの内の、全体の中の)一つ、一つの、一つに、それだけ、ひたすら、同「壹」◆同じ、等しい、「同じ一つのも; 体:◆頭から足の先までの全身、ものの全部、ものの主要な部分、またその姿形や様子、「身体(シンタイ、体、肉体)」「本体(ホンタイ、ものの本当の姿、ものの中心的部分)」,N3,on,on+on,,一:◆最初、最初の数、最も小さい数、同「壹」 ◆(幾つかあるものの内の、全体の中の)一つ、一つの、一つに、それだけ、ひたすら、同「壹」◆同じ、等しい、「同じ一つのも; 体:◆頭から足の先までの全身、ものの全部、ものの主要な部分、またその姿形や様子、「身体(シンタイ、体、肉体)」「本体(ホンタイ、ものの本当の姿、ものの中心的部分)」
kk_一周_いっしゅう,一周,いっしゅう,一:◆最初、最初の数、最も小さい数、同「壹」 ◆(幾つかあるものの内の、全体の中の)一つ、一つの、一つに、それだけ、ひたすら、同「壹」◆同じ、等しい、「同じ一つのも; 周:◆囲いの境目、一回り、一回りする、一巡する◆隅々まで漏れなく行き渡る◆漏れがないさま、緻密な◆前11世紀頃から八百年以上続いた王朝、別名「西周」 ◆南北朝時代の,N3,on,on+on,,一:◆最初、最初の数、最も小さい数、同「壹」 ◆(幾つかあるものの内の、全体の中の)一つ、一つの、一つに、それだけ、ひたすら、同「壹」◆同じ、等しい、「同じ一つのも; 周:◆囲いの境目、一回り、一回りする、一巡する◆隅々まで漏れなく行き渡る◆漏れがないさま、緻密な◆前11世紀頃から八百年以上続いた王朝、別名「西周」 ◆南北朝時代の
kk_一応_いちおう,一応,いちおう,一:◆最初、最初の数、最も小さい数、同「壹」 ◆(幾つかあるものの内の、全体の中の)一つ、一つの、一つに、それだけ、ひたすら、同「壹」◆同じ、等しい、「同じ一つのも; 応:◆相手からの問い掛けや働き掛けに対して自分の意思を態度で示す、言葉で返すのは「答」◆相手の求めを受け入れる◆当然～すべき、当然～であろう,N3,on,on+on,,一:◆最初、最初の数、最も小さい数、同「壹」 ◆(幾つかあるものの内の、全体の中の)一つ、一つの、一つに、それだけ、ひたすら、同「壹」◆同じ、等しい、「同じ一つのも; 応:◆相手からの問い掛けや働き掛けに対して自分の意思を態度で示す、言葉で返すのは「答」◆相手の求めを受け入れる◆当然～すべき、当然～であろう
kk_一方_いっぽう,一方,いっぽう,一:◆最初、最初の数、最も小さい数、同「壹」 ◆(幾つかあるものの内の、全体の中の)一つ、一つの、一つに、それだけ、ひたすら、同「壹」◆同じ、等しい、「同じ一つのも; 方:◆四角、四角いさま、角(かど)が直角になっているさま、「方形(ホウケイ)」◆数学で二つの数を掛け合わせた数(正方形・長方形の一つの角を成す二辺を掛け合わせた数),N3,other,mixed+mixed~,,一:◆最初、最初の数、最も小さい数、同「壹」 ◆(幾つかあるものの内の、全体の中の)一つ、一つの、一つに、それだけ、ひたすら、同「壹」◆同じ、等しい、「同じ一つのも; 方:◆四角、四角いさま、角(かど)が直角になっているさま、「方形(ホウケイ)」◆数学で二つの数を掛け合わせた数(正方形・長方形の一つの角を成す二辺を掛け合わせた数)
kk_一方通行_いっぽうつうこう,一方通行,いっぽうつうこう,一:◆最初、最初の数、最も小さい数、同「壹」 ◆(幾つかあるものの内の、全体の中の)一つ、一つの、一つに、それだけ、ひたすら、同「壹」◆同じ、等しい、「同じ一つのも; 方:◆四角、四角いさま、角(かど)が直角になっているさま、「方形(ホウケイ)」◆数学で二つの数を掛け合わせた数(正方形・長方形の一つの角を成す二辺を掛け合わせた数); 通:◆途中に障害となるようなものがなく反対側・向こう側・相手方・目的地まで達する、また達している◆支障なく行き来ができる、また行き来する、また行き来ができるようにす,N3,other,mixed+mixed+mixed+mixed~,A4_multi_on(on+on+on+on 65%),一:◆最初、最初の数、最も小さい数、同「壹」 ◆(幾つかあるものの内の、全体の中の)一つ、一つの、一つに、それだけ、ひたすら、同「壹」◆同じ、等しい、「同じ一つのも; 方:◆四角、四角いさま、角(かど)が直角になっているさま、「方形(ホウケイ)」◆数学で二つの数を掛け合わせた数(正方形・長方形の一つの角を成す二辺を掛け合わせた数); 通:◆途中に障害となるようなものがなく反対側・向こう側・相手方・目的地まで達する、また達している◆支障なく行き来ができる、また行き来する、また行き来ができるようにす
kk_一時_いちじ,一時,いちじ,一:◆最初、最初の数、最も小さい数、同「壹」 ◆(幾つかあるものの内の、全体の中の)一つ、一つの、一つに、それだけ、ひたすら、同「壹」◆同じ、等しい、「同じ一つのも; 時:◆一年の四分の一、季節、「一時(イチジ、三カ月、一季節)」「四時(シジ、四つの季節、四季)」◆一日の十二分の一、現在は二十四分の一、「時刻(ジコク)」◆年代、期,N3,on,on+on,A3_short_compound(on+on 71%),一:◆最初、最初の数、最も小さい数、同「壹」 ◆(幾つかあるものの内の、全体の中の)一つ、一つの、一つに、それだけ、ひたすら、同「壹」◆同じ、等しい、「同じ一つのも; 時:◆一年の四分の一、季節、「一時(イチジ、三カ月、一季節)」「四時(シジ、四つの季節、四季)」◆一日の十二分の一、現在は二十四分の一、「時刻(ジコク)」◆年代、期
kk_一晩_ひとばん,一晩,ひとばん,一:◆最初、最初の数、最も小さい数、同「壹」 ◆(幾つかあるものの内の、全体の中の)一つ、一つの、一つに、それだけ、ひたすら、同「壹」◆同じ、等しい、「同じ一つのも; 晩:◆陽が沈み切って暗くなる、日がすっかりと暮れる、またその時刻、陽が沈み始める頃を「夕」、「傍晚(ボウバン、晚が間近の頃)」「夜晚(ヤバン、夜、すっかり暗くなった,N3,mixed,kun+on~,,一:◆最初、最初の数、最も小さい数、同「壹」 ◆(幾つかあるものの内の、全体の中の)一つ、一つの、一つに、それだけ、ひたすら、同「壹」◆同じ、等しい、「同じ一つのも; 晩:◆陽が沈み切って暗くなる、日がすっかりと暮れる、またその時刻、陽が沈み始める頃を「夕」、「傍晚(ボウバン、晚が間近の頃)」「夜晚(ヤバン、夜、すっかり暗くなった
kk_一瞬_いっしゅん,一瞬,いっしゅん,一:◆最初、最初の数、最も小さい数、同「壹」 ◆(幾つかあるものの内の、全体の中の)一つ、一つの、一つに、それだけ、ひたすら、同「壹」◆同じ、等しい、「同じ一つのも; 瞬:◆瞼(まぶた)を開閉する◆(まばたきすることで)意図や意思を伝える◆(まばたきのように)明かりが明滅する◆「一瞬(イッシュン)」、(まばたき一回程の)ほんの僅(,N3,on,on+on,,一:◆最初、最初の数、最も小さい数、同「壹」 ◆(幾つかあるものの内の、全体の中の)一つ、一つの、一つに、それだけ、ひたすら、同「壹」◆同じ、等しい、「同じ一つのも; 瞬:◆瞼(まぶた)を開閉する◆(まばたきすることで)意図や意思を伝える◆(まばたきのように)明かりが明滅する◆「一瞬(イッシュン)」、(まばたき一回程の)ほんの僅(
kk_一般_いっぱん,一般,いっぱん,一:◆最初、最初の数、最も小さい数、同「壹」 ◆(幾つかあるものの内の、全体の中の)一つ、一つの、一つに、それだけ、ひたすら、同「壹」◆同じ、等しい、「同じ一つのも; 般:◆巡(めぐ)る、一巡りする、一巡りして戻って来る、元に戻る◆(一巡り見渡した)辺りの様子◆～のようである、～と同様である◆運搬(ウンパン)する、物を別の場所へ運,N3,on,mixed+on~,,一:◆最初、最初の数、最も小さい数、同「壹」 ◆(幾つかあるものの内の、全体の中の)一つ、一つの、一つに、それだけ、ひたすら、同「壹」◆同じ、等しい、「同じ一つのも; 般:◆巡(めぐ)る、一巡りする、一巡りして戻って来る、元に戻る◆(一巡り見渡した)辺りの様子◆～のようである、～と同様である◆運搬(ウンパン)する、物を別の場所へ運
kk_一般的_いっぱんてき,一般的,いっぱんてき,一:◆最初、最初の数、最も小さい数、同「壹」 ◆(幾つかあるものの内の、全体の中の)一つ、一つの、一つに、それだけ、ひたすら、同「壹」◆同じ、等しい、「同じ一つのも; 般:◆巡(めぐ)る、一巡りする、一巡りして戻って来る、元に戻る◆(一巡り見渡した)辺りの様子◆～のようである、～と同様である◆運搬(ウンパン)する、物を別の場所へ運; 的:◆弓で矢を射(い)る時の目標とするもの、同「㢩」「墑」◆額(ひたい)の部分だけが白い馬、またその額の白い部分、女性が額に施(ほどこ)す(赤い点状の)装飾◆(弓の,N3,on,mixed+on+mixed~,A4_multi_on(on+on+on 65%),一:◆最初、最初の数、最も小さい数、同「壹」 ◆(幾つかあるものの内の、全体の中の)一つ、一つの、一つに、それだけ、ひたすら、同「壹」◆同じ、等しい、「同じ一つのも; 般:◆巡(めぐ)る、一巡りする、一巡りして戻って来る、元に戻る◆(一巡り見渡した)辺りの様子◆～のようである、～と同様である◆運搬(ウンパン)する、物を別の場所へ運; 的:◆弓で矢を射(い)る時の目標とするもの、同「㢩」「墑」◆額(ひたい)の部分だけが白い馬、またその額の白い部分、女性が額に施(ほどこ)す(赤い点状の)装飾◆(弓の
kk_一言_ひとこと,一言,ひとこと,一:◆最初、最初の数、最も小さい数、同「壹」 ◆(幾つかあるものの内の、全体の中の)一つ、一つの、一つに、それだけ、ひたすら、同「壹」◆同じ、等しい、「同じ一つのも; 言:◆相手に伝えたいことを声に出してはっきりと述べる、またその内容、またそのための語(ゴ、互いに意思の疎通を図るための言葉)◆字(ジ)、文字◆我(われ)、自分を指す,N3,kun,kun+kun~,B_verb_rad_言(kun 80%),一:◆最初、最初の数、最も小さい数、同「壹」 ◆(幾つかあるものの内の、全体の中の)一つ、一つの、一つに、それだけ、ひたすら、同「壹」◆同じ、等しい、「同じ一つのも; 言:◆相手に伝えたいことを声に出してはっきりと述べる、またその内容、またそのための語(ゴ、互いに意思の疎通を図るための言葉)◆字(ジ)、文字◆我(われ)、自分を指す
kk_一遍_いっぺん,一遍,いっぺん,一:◆最初、最初の数、最も小さい数、同「壹」 ◆(幾つかあるものの内の、全体の中の)一つ、一つの、一つに、それだけ、ひたすら、同「壹」◆同じ、等しい、「同じ一つのも; 遍:◆広く隅々まで行き渡る、同「𨖠」「徧」◆あまね・く、広く漏れなく、隅々まで、同「徧」◆回数を数える語、同「徧」,N3,other,mixed+mixed~,,一:◆最初、最初の数、最も小さい数、同「壹」 ◆(幾つかあるものの内の、全体の中の)一つ、一つの、一つに、それだけ、ひたすら、同「壹」◆同じ、等しい、「同じ一つのも; 遍:◆広く隅々まで行き渡る、同「𨖠」「徧」◆あまね・く、広く漏れなく、隅々まで、同「徧」◆回数を数える語、同「徧」
kk_一部_いちぶ,一部,いちぶ,一:◆最初、最初の数、最も小さい数、同「壹」 ◆(幾つかあるものの内の、全体の中の)一つ、一つの、一つに、それだけ、ひたすら、同「壹」◆同じ、等しい、「同じ一つのも; 部:◆区分けしたものの一つ、「部分」「内部」◆集団を分類し同じものを一纏(ひとまと)めにしたもの、全体を構成する小さな集合体や組織、「部署」「部隊」◆書物を数える単,N3,on,on+on,A3_short_compound(on+on 71%),一:◆最初、最初の数、最も小さい数、同「壹」 ◆(幾つかあるものの内の、全体の中の)一つ、一つの、一つに、それだけ、ひたすら、同「壹」◆同じ、等しい、「同じ一つのも; 部:◆区分けしたものの一つ、「部分」「内部」◆集団を分類し同じものを一纏(ひとまと)めにしたもの、全体を構成する小さな集合体や組織、「部署」「部隊」◆書物を数える単
kk_一部分_いちぶぶん,一部分,いちぶぶん,一:◆最初、最初の数、最も小さい数、同「壹」 ◆(幾つかあるものの内の、全体の中の)一つ、一つの、一つに、それだけ、ひたすら、同「壹」◆同じ、等しい、「同じ一つのも; 部:◆区分けしたものの一つ、「部分」「内部」◆集団を分類し同じものを一纏(ひとまと)めにしたもの、全体を構成する小さな集合体や組織、「部署」「部隊」◆書物を数える単; 分:◆一つに纏(まと)まっているものを幾つかに切り離す、また幾つかに仕切る(区切る)、「分割(ブンカツ)」、切り離したものを仕分けることを「別」◆一つの纏まりから一,N3,on,on+on+on,A4_multi_on(on+on+on 65%) | B_verb_rad_刀(kun 80%),一:◆最初、最初の数、最も小さい数、同「壹」 ◆(幾つかあるものの内の、全体の中の)一つ、一つの、一つに、それだけ、ひたすら、同「壹」◆同じ、等しい、「同じ一つのも; 部:◆区分けしたものの一つ、「部分」「内部」◆集団を分類し同じものを一纏(ひとまと)めにしたもの、全体を構成する小さな集合体や組織、「部署」「部隊」◆書物を数える単; 分:◆一つに纏(まと)まっているものを幾つかに切り離す、また幾つかに仕切る(区切る)、「分割(ブンカツ)」、切り離したものを仕分けることを「別」◆一つの纏まりから一
kk_万歳_ばんざい,万歳,ばんざい,万:◆千の十倍 ◆数え切れないほど多いさま、極めて多いさま◆あらゆる、どんなものも、全て◆決して、絶対に、「萬萬(バンバン)」◆「万俟(ボクキ)」、姓、同「𢄏俟」、; 歳:◆年(とし)、一年、同じ季節が一巡する期間◆年齢、年齢を数える語◆その年の穀物の収穫の具合◆木星、五星(ゴセイ、木星・土星・水星・火星・金星)の一つ,N3,other,mixed+mixed~,,万:◆千の十倍 ◆数え切れないほど多いさま、極めて多いさま◆あらゆる、どんなものも、全て◆決して、絶対に、「萬萬(バンバン)」◆「万俟(ボクキ)」、姓、同「𢄏俟」、; 歳:◆年(とし)、一年、同じ季節が一巡する期間◆年齢、年齢を数える語◆その年の穀物の収穫の具合◆木星、五星(ゴセイ、木星・土星・水星・火星・金星)の一つ
kk_三角形_さんかくけい,三角形,さんかくけい,三:◆数の名、三番目; 角:◆つの、動物などの頭部から突き出た骨質状また角質状のもの、またそのように先が尖ったもの、またそのように先が尖った状態◆(角を突き合わせて)力を競い合う◆すみ、か; 形:◆ものの表に現れた姿、外観◆ものの表の様子、状態◆型、様式,N3,on,on+on+on,A4_multi_on(on+on+on 65%),三:◆数の名、三番目; 角:◆つの、動物などの頭部から突き出た骨質状また角質状のもの、またそのように先が尖ったもの、またそのように先が尖った状態◆(角を突き合わせて)力を競い合う◆すみ、か; 形:◆ものの表に現れた姿、外観◆ものの表の様子、状態◆型、様式
kk_上半身_じょうはんしん,上半身,じょうはんしん,上:◆位置・場所・地位などが高い、高い方にある◆高い方に移る、昇る、登る◆順序・時間などが前、前の方にある◆前の方に移る◆等級・品質などが高い、優れている◆殿様、皇; 半:◆凡そ二分の一、二分したものの片方◆途中、距離や時間の中間付近◆まだ完全でないさま; 身:◆(頭部を除いた)体(からだ)、躯体(クタイ)、同「躯」「躬」◆中に含まれているもの、また入っているもの、本体◆人の一生、命(いのち)◆吾(われ)、我(わ)が、,N3,on,on+on+on,A4_multi_on(on+on+on 65%),上:◆位置・場所・地位などが高い、高い方にある◆高い方に移る、昇る、登る◆順序・時間などが前、前の方にある◆前の方に移る◆等級・品質などが高い、優れている◆殿様、皇; 半:◆凡そ二分の一、二分したものの片方◆途中、距離や時間の中間付近◆まだ完全でないさま; 身:◆(頭部を除いた)体(からだ)、躯体(クタイ)、同「躯」「躬」◆中に含まれているもの、また入っているもの、本体◆人の一生、命(いのち)◆吾(われ)、我(わ)が、
kk_上品_じょうひん,上品,じょうひん,上:◆位置・場所・地位などが高い、高い方にある◆高い方に移る、昇る、登る◆順序・時間などが前、前の方にある◆前の方に移る◆等級・品質などが高い、優れている◆殿様、皇; 品:◆物(もの)、多くの物、様々な物◆もの(人や物)の本質・価値・程度を判断する◆ものの値打ち、また価値、また程度・等級,N3,on,on+on,,上:◆位置・場所・地位などが高い、高い方にある◆高い方に移る、昇る、登る◆順序・時間などが前、前の方にある◆前の方に移る◆等級・品質などが高い、優れている◆殿様、皇; 品:◆物(もの)、多くの物、様々な物◆もの(人や物)の本質・価値・程度を判断する◆ものの値打ち、また価値、また程度・等級
kk_上等_じょうとう,上等,じょうとう,上:◆位置・場所・地位などが高い、高い方にある◆高い方に移る、昇る、登る◆順序・時間などが前、前の方にある◆前の方に移る◆等級・品質などが高い、優れている◆殿様、皇; 等:◆きちんと揃(そろ)え整(ととの)えられた竹簡(チクカン、竹の札に記された文書)◆凸凹せずにきちんと揃う、また揃える、また整える◆数・量・大きさ・程度などが同じ,N3,on,on+on,B_noun_rad_竹(kun 93%),上:◆位置・場所・地位などが高い、高い方にある◆高い方に移る、昇る、登る◆順序・時間などが前、前の方にある◆前の方に移る◆等級・品質などが高い、優れている◆殿様、皇; 等:◆きちんと揃(そろ)え整(ととの)えられた竹簡(チクカン、竹の札に記された文書)◆凸凹せずにきちんと揃う、また揃える、また整える◆数・量・大きさ・程度などが同じ
kk_上級_じょうきゅう,上級,じょうきゅう,上:◆位置・場所・地位などが高い、高い方にある◆高い方に移る、昇る、登る◆順序・時間などが前、前の方にある◆前の方に移る◆等級・品質などが高い、優れている◆殿様、皇; 級:◆品質や地位などの程度◆上下の順序、同「𨸚」「階」◆切り取った敵の首(くび),N3,on,on+on,,上:◆位置・場所・地位などが高い、高い方にある◆高い方に移る、昇る、登る◆順序・時間などが前、前の方にある◆前の方に移る◆等級・品質などが高い、優れている◆殿様、皇; 級:◆品質や地位などの程度◆上下の順序、同「𨸚」「階」◆切り取った敵の首(くび)
kk_上達_じょうたつ,上達,じょうたつ,上:◆位置・場所・地位などが高い、高い方にある◆高い方に移る、昇る、登る◆順序・時間などが前、前の方にある◆前の方に移る◆等級・品質などが高い、優れている◆殿様、皇; 達:◆道が滞(とどこお)ることなく通じる◆目的とするところまで行き着く、また届く◆目標としたことを成し遂げる◆物事の奥深くまで通じる、また理解する◆[日]だち、たち,N3,on,on+on,,上:◆位置・場所・地位などが高い、高い方にある◆高い方に移る、昇る、登る◆順序・時間などが前、前の方にある◆前の方に移る◆等級・品質などが高い、優れている◆殿様、皇; 達:◆道が滞(とどこお)ることなく通じる◆目的とするところまで行き着く、また届く◆目標としたことを成し遂げる◆物事の奥深くまで通じる、また理解する◆[日]だち、たち
kk_下りる/降りる_おりる,下りる/降りる,おりる,下:◆位置・場所・地位などが低い、低い方にある◆低い方に移る、降りる、落ちる◆順序・時間などが後(あと)、後の方にある◆後の方に移る、後(うし)ろの方へ退く◆等級・; 降:◆下(くだ)る、高いところから低いところに移る◆下(お)りる、下りて来る、上から下に落ちる◆下(さ)げる、下(お)ろす、低くする、「降伏(コウフク、姿勢を低くし,N3,kun,kun+kun~,IL1_okurigana(kun 96%) | A1_compound_oku(kun 90%) | A1_on_kun_mix(on+kun 65%),下:◆位置・場所・地位などが低い、低い方にある◆低い方に移る、降りる、落ちる◆順序・時間などが後(あと)、後の方にある◆後の方に移る、後(うし)ろの方へ退く◆等級・; 降:◆下(くだ)る、高いところから低いところに移る◆下(お)りる、下りて来る、上から下に落ちる◆下(さ)げる、下(お)ろす、低くする、「降伏(コウフク、姿勢を低くし
kk_下る_くだる,下る,くだる,下:◆位置・場所・地位などが低い、低い方にある◆低い方に移る、降りる、落ちる◆順序・時間などが後(あと)、後の方にある◆後の方に移る、後(うし)ろの方へ退く◆等級・,N3,kun,kun,IL1_okurigana(kun 96%) | IL2_single_okuri(kun 96%),下:◆位置・場所・地位などが低い、低い方にある◆低い方に移る、降りる、落ちる◆順序・時間などが後(あと)、後の方にある◆後の方に移る、後(うし)ろの方へ退く◆等級・
kk_下ろす/降ろす/卸す_おろす,下ろす/降ろす/卸す,おろす,下:◆位置・場所・地位などが低い、低い方にある◆低い方に移る、降りる、落ちる◆順序・時間などが後(あと)、後の方にある◆後の方に移る、後(うし)ろの方へ退く◆等級・; 降:◆下(くだ)る、高いところから低いところに移る◆下(お)りる、下りて来る、上から下に落ちる◆下(さ)げる、下(お)ろす、低くする、「降伏(コウフク、姿勢を低くし; 卸:◆馬から馬具などを解(と)いて下(お)ろす、鎧(よろい)などを脱いで下ろす◆身に纏(まと)っているものを脱ぎ下ろす、「卸肩(シャケン、肩に負っている荷を下ろす),N3,kun,kun+kun+kun~,IL1_okurigana(kun 96%) | A1_compound_oku(kun 90%) | A1_on_kun_mix(on+kun 65%),下:◆位置・場所・地位などが低い、低い方にある◆低い方に移る、降りる、落ちる◆順序・時間などが後(あと)、後の方にある◆後の方に移る、後(うし)ろの方へ退く◆等級・; 降:◆下(くだ)る、高いところから低いところに移る◆下(お)りる、下りて来る、上から下に落ちる◆下(さ)げる、下(お)ろす、低くする、「降伏(コウフク、姿勢を低くし; 卸:◆馬から馬具などを解(と)いて下(お)ろす、鎧(よろい)などを脱いで下ろす◆身に纏(まと)っているものを脱ぎ下ろす、「卸肩(シャケン、肩に負っている荷を下ろす)
kk_下旬_げじゅん,下旬,げじゅん,下:◆位置・場所・地位などが低い、低い方にある◆低い方に移る、降りる、落ちる◆順序・時間などが後(あと)、後の方にある◆後の方に移る、後(うし)ろの方へ退く◆等級・; 旬:◆十日間、「一旬」は十日間、「上旬」はその月の最初の十日間◆十年、年齢を数える場合は十歳、「七旬」は七十歳◆満ちる、一回りして達する、「旬月(ジュンゲツ、満一カ,N3,on,on+on,A3_short_compound(on+on 71%),下:◆位置・場所・地位などが低い、低い方にある◆低い方に移る、降りる、落ちる◆順序・時間などが後(あと)、後の方にある◆後の方に移る、後(うし)ろの方へ退く◆等級・; 旬:◆十日間、「一旬」は十日間、「上旬」はその月の最初の十日間◆十年、年齢を数える場合は十歳、「七旬」は七十歳◆満ちる、一回りして達する、「旬月(ジュンゲツ、満一カ
kk_下校_げこう,下校,げこう,下:◆位置・場所・地位などが低い、低い方にある◆低い方に移る、降りる、落ちる◆順序・時間などが後(あと)、後の方にある◆後の方に移る、後(うし)ろの方へ退く◆等級・; 校:◆木製の枷(かせ)、罪人の首・手・足などに嵌(は)めて自由を奪う刑具◆(陣地の周囲に張り巡らせる、或いは狩猟の際に獲物を追い込む)格子状に組んだ柵(さく)◆武官,N3,on,on+on,A3_short_compound(on+on 71%) | B_noun_rad_木(kun 93%),下:◆位置・場所・地位などが低い、低い方にある◆低い方に移る、降りる、落ちる◆順序・時間などが後(あと)、後の方にある◆後の方に移る、後(うし)ろの方へ退く◆等級・; 校:◆木製の枷(かせ)、罪人の首・手・足などに嵌(は)めて自由を奪う刑具◆(陣地の周囲に張り巡らせる、或いは狩猟の際に獲物を追い込む)格子状に組んだ柵(さく)◆武官
kk_下水_げすい,下水,げすい,下:◆位置・場所・地位などが低い、低い方にある◆低い方に移る、降りる、落ちる◆順序・時間などが後(あと)、後の方にある◆後の方に移る、後(うし)ろの方へ退く◆等級・; 水:◆器などに入れると水平になる(器に合わせて形を変える)液体、液状のもの、酸素と水素からなる液体 H<sub>2</sub>O、(一般には人工的に他のものを加えて,N3,on,on+on,A3_short_compound(on+on 71%),下:◆位置・場所・地位などが低い、低い方にある◆低い方に移る、降りる、落ちる◆順序・時間などが後(あと)、後の方にある◆後の方に移る、後(うし)ろの方へ退く◆等級・; 水:◆器などに入れると水平になる(器に合わせて形を変える)液体、液状のもの、酸素と水素からなる液体 H<sub>2</sub>O、(一般には人工的に他のものを加えて
kk_下車_げしゃ,下車,げしゃ,下:◆位置・場所・地位などが低い、低い方にある◆低い方に移る、降りる、落ちる◆順序・時間などが後(あと)、後の方にある◆後の方に移る、後(うし)ろの方へ退く◆等級・; 車:◆二つの輪(リン、車輪)の中心に軸(ジク、車軸)を通し、その上に人や物を乗せるための台(車台)を設(しつら)えたもの ◆輪状・円状のものが軸を中心として回転する,N3,on,on+on,A3_short_compound(on+on 71%),下:◆位置・場所・地位などが低い、低い方にある◆低い方に移る、降りる、落ちる◆順序・時間などが後(あと)、後の方にある◆後の方に移る、後(うし)ろの方へ退く◆等級・; 車:◆二つの輪(リン、車輪)の中心に軸(ジク、車軸)を通し、その上に人や物を乗せるための台(車台)を設(しつら)えたもの ◆輪状・円状のものが軸を中心として回転する
kk_下駄_げた,下駄,げた,下:◆位置・場所・地位などが低い、低い方にある◆低い方に移る、降りる、落ちる◆順序・時間などが後(あと)、後の方にある◆後の方に移る、後(うし)ろの方へ退く◆等級・; 駄:◆牛馬などの家畜の背に荷物を載せる、同「駝」◆牛馬などに背負わせる荷物◆[日]あまり役に立たない、あまり値打ちがない、「荷物の運搬用にしか使えない馬」の意,N3,on,on+on,A3_short_compound(on+on 71%),下:◆位置・場所・地位などが低い、低い方にある◆低い方に移る、降りる、落ちる◆順序・時間などが後(あと)、後の方にある◆後の方に移る、後(うし)ろの方へ退く◆等級・; 駄:◆牛馬などの家畜の背に荷物を載せる、同「駝」◆牛馬などに背負わせる荷物◆[日]あまり役に立たない、あまり値打ちがない、「荷物の運搬用にしか使えない馬」の意
kk_不公平_ふこうへい,不公平,ふこうへい,不:◆～でない、～ない、not、no、否定の語、同「弗」、「不可(フカ、認められない、してはならない)」「不知(フチ、知らない)」◆否(いな)、いや、いいや、同意で; 公:◆私(わたくし)することなく広く平らなさま、偏(かたよ)らないさま、「公平(コウヘイ)」◆私・個人ではなく多くの人の集まり、社会的なこと、「公共(コウキョウ、多; 平:◆起伏や凹凸がない、高さが揃っている◆普段通り、何時もと変わらずあるべき状態にある◆乱れがなく穏やかなさま◆均一な、等しい、斉(ひと)しい,N3,on,on+on+on,A4_multi_on(on+on+on 65%),不:◆～でない、～ない、not、no、否定の語、同「弗」、「不可(フカ、認められない、してはならない)」「不知(フチ、知らない)」◆否(いな)、いや、いいや、同意で; 公:◆私(わたくし)することなく広く平らなさま、偏(かたよ)らないさま、「公平(コウヘイ)」◆私・個人ではなく多くの人の集まり、社会的なこと、「公共(コウキョウ、多; 平:◆起伏や凹凸がない、高さが揃っている◆普段通り、何時もと変わらずあるべき状態にある◆乱れがなく穏やかなさま◆均一な、等しい、斉(ひと)しい
kk_不十分_ふじゅうぶん,不十分,ふじゅうぶん,不:◆～でない、～ない、not、no、否定の語、同「弗」、「不可(フカ、認められない、してはならない)」「不知(フチ、知らない)」◆否(いな)、いや、いいや、同意で; 十:◆数の名、十番目 ◆多い◆全て、全て備わる、全て揃う、「【說文解字:十部:十】數之具也一爲東西丨爲南北則四方中央備矣…」◆じゅう、部首名; 分:◆一つに纏(まと)まっているものを幾つかに切り離す、また幾つかに仕切る(区切る)、「分割(ブンカツ)」、切り離したものを仕分けることを「別」◆一つの纏まりから一,N3,on,on+on+on,A4_multi_on(on+on+on 65%) | B_verb_rad_刀(kun 80%),不:◆～でない、～ない、not、no、否定の語、同「弗」、「不可(フカ、認められない、してはならない)」「不知(フチ、知らない)」◆否(いな)、いや、いいや、同意で; 十:◆数の名、十番目 ◆多い◆全て、全て備わる、全て揃う、「【說文解字:十部:十】數之具也一爲東西丨爲南北則四方中央備矣…」◆じゅう、部首名; 分:◆一つに纏(まと)まっているものを幾つかに切り離す、また幾つかに仕切る(区切る)、「分割(ブンカツ)」、切り離したものを仕分けることを「別」◆一つの纏まりから一
kk_不可能_ふかのう,不可能,ふかのう,不:◆～でない、～ない、not、no、否定の語、同「弗」、「不可(フカ、認められない、してはならない)」「不知(フチ、知らない)」◆否(いな)、いや、いいや、同意で; 可:◆よい、よろしい、～してよい、同意の語◆認める、許す、許可の意を表す語◆～できる、可能性を示す語◆(当然)～すべきである、(必ず、きっと)～となるだろう◆～ばか; 能:◆ことを成し遂(と)げる技量(ギリョウ)や力量(リキリョウ)、「能力(ノウリョク)」「才能(サイノウ)」◆十分に或いは上手にできる、～をすることができる(技能・,N3,on,on+on+on,A4_multi_on(on+on+on 65%),不:◆～でない、～ない、not、no、否定の語、同「弗」、「不可(フカ、認められない、してはならない)」「不知(フチ、知らない)」◆否(いな)、いや、いいや、同意で; 可:◆よい、よろしい、～してよい、同意の語◆認める、許す、許可の意を表す語◆～できる、可能性を示す語◆(当然)～すべきである、(必ず、きっと)～となるだろう◆～ばか; 能:◆ことを成し遂(と)げる技量(ギリョウ)や力量(リキリョウ)、「能力(ノウリョク)」「才能(サイノウ)」◆十分に或いは上手にできる、～をすることができる(技能・
kk_不合格_ふごうかく,不合格,ふごうかく,不:◆～でない、～ない、not、no、否定の語、同「弗」、「不可(フカ、認められない、してはならない)」「不知(フチ、知らない)」◆否(いな)、いや、いいや、同意で; 合:◆人や物が集まって一緒になる、また一つになる◆幾つかのものを集め一緒にする、幾つかのものが集まり同じになる◆同じものを纏(まと)めた全体◆ぴったりと一致する、当; 格:◆長く伸びた木の枝、その枝が交差するさま◆四角い枠(わく)、四角く枠をはめる◆ものの外枠、規則や基準◆限界(外枠)まで至る、行き着く、窮(きわ)まる、同「𢓜」◆,N3,on,on+on+on,A4_multi_on(on+on+on 65%) | B_noun_rad_木(kun 93%),不:◆～でない、～ない、not、no、否定の語、同「弗」、「不可(フカ、認められない、してはならない)」「不知(フチ、知らない)」◆否(いな)、いや、いいや、同意で; 合:◆人や物が集まって一緒になる、また一つになる◆幾つかのものを集め一緒にする、幾つかのものが集まり同じになる◆同じものを纏(まと)めた全体◆ぴったりと一致する、当; 格:◆長く伸びた木の枝、その枝が交差するさま◆四角い枠(わく)、四角く枠をはめる◆ものの外枠、規則や基準◆限界(外枠)まで至る、行き着く、窮(きわ)まる、同「𢓜」◆
kk_不安_ふあん,不安,ふあん,不:◆～でない、～ない、not、no、否定の語、同「弗」、「不可(フカ、認められない、してはならない)」「不知(フチ、知らない)」◆否(いな)、いや、いいや、同意で; 安:◆心を乱すものも体を縛るものもなく穏(おだ)やかなさま、気に掛かるようなことがなくゆったりとしたさま◆揺(ゆ)らぎや乱れがないさま、落ち着くさま◆いずく・んぞ、,N3,on,on+on,A3_short_compound(on+on 71%) | B_noun_rad_宀(kun 93%),不:◆～でない、～ない、not、no、否定の語、同「弗」、「不可(フカ、認められない、してはならない)」「不知(フチ、知らない)」◆否(いな)、いや、いいや、同意で; 安:◆心を乱すものも体を縛るものもなく穏(おだ)やかなさま、気に掛かるようなことがなくゆったりとしたさま◆揺(ゆ)らぎや乱れがないさま、落ち着くさま◆いずく・んぞ、
kk_不安定_ふあんてい,不安定,ふあんてい,不:◆～でない、～ない、not、no、否定の語、同「弗」、「不可(フカ、認められない、してはならない)」「不知(フチ、知らない)」◆否(いな)、いや、いいや、同意で; 安:◆心を乱すものも体を縛るものもなく穏(おだ)やかなさま、気に掛かるようなことがなくゆったりとしたさま◆揺(ゆ)らぎや乱れがないさま、落ち着くさま◆いずく・んぞ、; 定:◆さだ・まる、動きや乱れが鎮(しず)まって変化・変動しない状態になる、平静になる、落ち着く、「鎮定(チンテイ)」◆さだ・める、動いたり揺らいだりしない状態にする,N3,on,on+on+on,A4_multi_on(on+on+on 65%) | B_noun_rad_宀(kun 93%) | B_noun_rad_宀(kun 93%),不:◆～でない、～ない、not、no、否定の語、同「弗」、「不可(フカ、認められない、してはならない)」「不知(フチ、知らない)」◆否(いな)、いや、いいや、同意で; 安:◆心を乱すものも体を縛るものもなく穏(おだ)やかなさま、気に掛かるようなことがなくゆったりとしたさま◆揺(ゆ)らぎや乱れがないさま、落ち着くさま◆いずく・んぞ、; 定:◆さだ・まる、動きや乱れが鎮(しず)まって変化・変動しない状態になる、平静になる、落ち着く、「鎮定(チンテイ)」◆さだ・める、動いたり揺らいだりしない状態にする
kk_不幸_ふこう,不幸,ふこう,不:◆～でない、～ない、not、no、否定の語、同「弗」、「不可(フカ、認められない、してはならない)」「不知(フチ、知らない)」◆否(いな)、いや、いいや、同意で; 幸:◆凶事を免れて運が良いさま、同「倖」◆(思い掛けない)喜ばしいことや良いこと、またそれが起きること、またその状態◆願う、希望する◆天子の寵愛を受ける、「寵愛を受,N3,on,on+on,A3_short_compound(on+on 71%),不:◆～でない、～ない、not、no、否定の語、同「弗」、「不可(フカ、認められない、してはならない)」「不知(フチ、知らない)」◆否(いな)、いや、いいや、同意で; 幸:◆凶事を免れて運が良いさま、同「倖」◆(思い掛けない)喜ばしいことや良いこと、またそれが起きること、またその状態◆願う、希望する◆天子の寵愛を受ける、「寵愛を受
kk_不思議_ふしぎ,不思議,ふしぎ,不:◆～でない、～ない、not、no、否定の語、同「弗」、「不可(フカ、認められない、してはならない)」「不知(フチ、知らない)」◆否(いな)、いや、いいや、同意で; 思:◆心の中で考える、心に浮かぶ、心に浮かべる、想(おも)う、「思慮(シリョ、あれこれと思いや考えを巡らすこと)」「相思(ソウシ、互いに相手を思うこと、思い合うこと; 議:◆互いに意見を交わし合う◆物事の是非について意見を交わし合う、またそれよって適切な結論を得る◆文章様式の一種で、物事の理非についての意見を記述したもの,N3,on,on+on+on,A4_multi_on(on+on+on 65%) | B_verb_rad_言(kun 80%),不:◆～でない、～ない、not、no、否定の語、同「弗」、「不可(フカ、認められない、してはならない)」「不知(フチ、知らない)」◆否(いな)、いや、いいや、同意で; 思:◆心の中で考える、心に浮かぶ、心に浮かべる、想(おも)う、「思慮(シリョ、あれこれと思いや考えを巡らすこと)」「相思(ソウシ、互いに相手を思うこと、思い合うこと; 議:◆互いに意見を交わし合う◆物事の是非について意見を交わし合う、またそれよって適切な結論を得る◆文章様式の一種で、物事の理非についての意見を記述したもの
kk_不愉快_ふゆかい,不愉快,ふゆかい,不:◆～でない、～ない、not、no、否定の語、同「弗」、「不可(フカ、認められない、してはならない)」「不知(フチ、知らない)」◆否(いな)、いや、いいや、同意で; 愉:◆思い悩むことも気に掛かることもなく楽しい、また楽しむ、悦(よろこ)ぶ; 快:◆こころよ・い、心がすっきりする、心地がよい、気持ちがよい、「爽快(ソウカイ)」◆すっきりとするさま、さっぱりとしたさま、すっぱりとしたさま◆動きが速い,N3,on,on+on+on,A4_multi_on(on+on+on 65%),不:◆～でない、～ない、not、no、否定の語、同「弗」、「不可(フカ、認められない、してはならない)」「不知(フチ、知らない)」◆否(いな)、いや、いいや、同意で; 愉:◆思い悩むことも気に掛かることもなく楽しい、また楽しむ、悦(よろこ)ぶ; 快:◆こころよ・い、心がすっきりする、心地がよい、気持ちがよい、「爽快(ソウカイ)」◆すっきりとするさま、さっぱりとしたさま、すっぱりとしたさま◆動きが速い
kk_不注意_ふちゅうい,不注意,ふちゅうい,不:◆～でない、～ない、not、no、否定の語、同「弗」、「不可(フカ、認められない、してはならない)」「不知(フチ、知らない)」◆否(いな)、いや、いいや、同意で; 注:◆水を一か所に狙いを定めて流し入れる、流れを目的の方に集中するようにする◆心や力を一点に集中する◆字句の解説、また解釈を加える、同「註」◆書き記(しる)す、記載; 意:◆心の中にあって外(言葉や態度・行動など)には出さない思いや考え、心の動きや働き、気持ち◆物事の内にあって表には現れ出ないもの、内に込められているもの,N3,on,on+on+on,A4_multi_on(on+on+on 65%),不:◆～でない、～ない、not、no、否定の語、同「弗」、「不可(フカ、認められない、してはならない)」「不知(フチ、知らない)」◆否(いな)、いや、いいや、同意で; 注:◆水を一か所に狙いを定めて流し入れる、流れを目的の方に集中するようにする◆心や力を一点に集中する◆字句の解説、また解釈を加える、同「註」◆書き記(しる)す、記載; 意:◆心の中にあって外(言葉や態度・行動など)には出さない思いや考え、心の動きや働き、気持ち◆物事の内にあって表には現れ出ないもの、内に込められているもの
kk_不満_ふまん,不満,ふまん,不:◆～でない、～ない、not、no、否定の語、同「弗」、「不可(フカ、認められない、してはならない)」「不知(フチ、知らない)」◆否(いな)、いや、いいや、同意で; 満:◆余すところなく一杯になる、これ以上は(それ以上は)入らなくなる、また一杯にする◆ぎっしりと詰まる、また詰める、隙間(すきま)なく埋(う)まる、また埋める、「充,N3,on,on+on,A3_short_compound(on+on 71%),不:◆～でない、～ない、not、no、否定の語、同「弗」、「不可(フカ、認められない、してはならない)」「不知(フチ、知らない)」◆否(いな)、いや、いいや、同意で; 満:◆余すところなく一杯になる、これ以上は(それ以上は)入らなくなる、また一杯にする◆ぎっしりと詰まる、また詰める、隙間(すきま)なく埋(う)まる、また埋める、「充
kk_不足_ふそく,不足,ふそく,不:◆～でない、～ない、not、no、否定の語、同「弗」、「不可(フカ、認められない、してはならない)」「不知(フチ、知らない)」◆否(いな)、いや、いいや、同意で; 足:◆体や物体の一部で、胴から分かれ出て伸び、地に接して体を支えたり、歩行・走行・跳躍などの運動機能を担う部分、現代の中国では「脚」◆「歩く」「走る」などの足を使っ,N3,on,on+on,A3_short_compound(on+on 71%) | B_verb_rad_足(kun 80%),不:◆～でない、～ない、not、no、否定の語、同「弗」、「不可(フカ、認められない、してはならない)」「不知(フチ、知らない)」◆否(いな)、いや、いいや、同意で; 足:◆体や物体の一部で、胴から分かれ出て伸び、地に接して体を支えたり、歩行・走行・跳躍などの運動機能を担う部分、現代の中国では「脚」◆「歩く」「走る」などの足を使っ
kk_不～_ふ～,不～,ふ～,不:◆～でない、～ない、not、no、否定の語、同「弗」、「不可(フカ、認められない、してはならない)」「不知(フチ、知らない)」◆否(いな)、いや、いいや、同意で,N3,on,on~,IL2_on_only(on 99%),不:◆～でない、～ない、not、no、否定の語、同「弗」、「不可(フカ、認められない、してはならない)」「不知(フチ、知らない)」◆否(いな)、いや、いいや、同意で
kk_丘/岡_おか,丘/岡,おか,丘:◆地面から高く盛り上がった所、「山」「阜」よりも小さく低いもの◆高く土を盛り上げた墳墓◆大きいさま◆土地の広さを表す単位、「【周禮:卷第三:地官司徒第二】乃經土; 岡:◆土地が小高くなっている所◆山の尾根、高みが連なっているところ、同「堽」,N3,kun,kun+kun~,A3_short_compound(on+on 71%),丘:◆地面から高く盛り上がった所、「山」「阜」よりも小さく低いもの◆高く土を盛り上げた墳墓◆大きいさま◆土地の広さを表す単位、「【周禮:卷第三:地官司徒第二】乃經土; 岡:◆土地が小高くなっている所◆山の尾根、高みが連なっているところ、同「堽」
kk_両手_りょうて,両手,りょうて,両:◆(対になる)二つ、またその双方、双方共に◆重量の単位、1斤=16両 ◆車の台数を表す語、同「輛」◆[日]貨幣の単位、金1両=銀60匁(江戸時代元禄期); 手:◆体や物体の一部で、胴から分かれ出て伸び、持つ・握る・叩く・ものを作る・操作するなどの機能を持つ部分、掌(たなごころ)と指を合わせた全体、腕の先の部分 ◆自(み,N3,mixed,on+kun~,A3_short_compound(on+on 71%) | B_verb_rad_手(kun 80%),両:◆(対になる)二つ、またその双方、双方共に◆重量の単位、1斤=16両 ◆車の台数を表す語、同「輛」◆[日]貨幣の単位、金1両=銀60匁(江戸時代元禄期); 手:◆体や物体の一部で、胴から分かれ出て伸び、持つ・握る・叩く・ものを作る・操作するなどの機能を持つ部分、掌(たなごころ)と指を合わせた全体、腕の先の部分 ◆自(み
kk_両者_りょうしゃ,両者,りょうしゃ,両:◆(対になる)二つ、またその双方、双方共に◆重量の単位、1斤=16両 ◆車の台数を表す語、同「輛」◆[日]貨幣の単位、金1両=銀60匁(江戸時代元禄期); 者:◆～の人、～する人、「使者(ししゃ、使いをする人、運び届けること)」◆こと(事)、もの(物)、「再者(サイシャ、更に付け加えること、追伸)」「前者(ゼンシャ、前,N3,on,on+on,A3_short_compound(on+on 71%),両:◆(対になる)二つ、またその双方、双方共に◆重量の単位、1斤=16両 ◆車の台数を表す語、同「輛」◆[日]貨幣の単位、金1両=銀60匁(江戸時代元禄期); 者:◆～の人、～する人、「使者(ししゃ、使いをする人、運び届けること)」◆こと(事)、もの(物)、「再者(サイシャ、更に付け加えること、追伸)」「前者(ゼンシャ、前
kk_両足_りょうあし,両足,りょうあし,両:◆(対になる)二つ、またその双方、双方共に◆重量の単位、1斤=16両 ◆車の台数を表す語、同「輛」◆[日]貨幣の単位、金1両=銀60匁(江戸時代元禄期); 足:◆体や物体の一部で、胴から分かれ出て伸び、地に接して体を支えたり、歩行・走行・跳躍などの運動機能を担う部分、現代の中国では「脚」◆「歩く」「走る」などの足を使っ,N3,mixed,on+kun~,B_verb_rad_足(kun 80%),両:◆(対になる)二つ、またその双方、双方共に◆重量の単位、1斤=16両 ◆車の台数を表す語、同「輛」◆[日]貨幣の単位、金1両=銀60匁(江戸時代元禄期); 足:◆体や物体の一部で、胴から分かれ出て伸び、地に接して体を支えたり、歩行・走行・跳躍などの運動機能を担う部分、現代の中国では「脚」◆「歩く」「走る」などの足を使っ
kk_両～_りょう～,両～,りょう～,両:◆(対になる)二つ、またその双方、双方共に◆重量の単位、1斤=16両 ◆車の台数を表す語、同「輛」◆[日]貨幣の単位、金1両=銀60匁(江戸時代元禄期),N3,on,on,IL2_single_default(kun 84%),両:◆(対になる)二つ、またその双方、双方共に◆重量の単位、1斤=16両 ◆車の台数を表す語、同「輛」◆[日]貨幣の単位、金1両=銀60匁(江戸時代元禄期)
kk_中古_ちゅうこ,中古,ちゅうこ,中:◆ものとものの間にあってどちらにも偏(かたよ)らない位置◆上下・高低・大小などの間(あいだ)に位置する人や物や場所、同「仲」◆始点(出発地)から終点(目的地)ま; 古:◆以前、昔(むかし)、以前の、昔の、同「故」◆長い時を経(へ)ているさま,N3,on,on+on,A3_short_compound(on+on 71%),中:◆ものとものの間にあってどちらにも偏(かたよ)らない位置◆上下・高低・大小などの間(あいだ)に位置する人や物や場所、同「仲」◆始点(出発地)から終点(目的地)ま; 古:◆以前、昔(むかし)、以前の、昔の、同「故」◆長い時を経(へ)ているさま
kk_中年_ちゅうねん,中年,ちゅうねん,中:◆ものとものの間にあってどちらにも偏(かたよ)らない位置◆上下・高低・大小などの間(あいだ)に位置する人や物や場所、同「仲」◆始点(出発地)から終点(目的地)ま; 年:◆穀物が稔(みの)る、同「秊」◆農作物を収穫してから次の収穫期までの期間、四季(二十四節気)を一巡する期間、year◆誕生してから生きてその誕生日を通り過ぎた回,N3,on,on+on,,中:◆ものとものの間にあってどちらにも偏(かたよ)らない位置◆上下・高低・大小などの間(あいだ)に位置する人や物や場所、同「仲」◆始点(出発地)から終点(目的地)ま; 年:◆穀物が稔(みの)る、同「秊」◆農作物を収穫してから次の収穫期までの期間、四季(二十四節気)を一巡する期間、year◆誕生してから生きてその誕生日を通り過ぎた回
kk_中身/中味_なかみ,中身/中味,なかみ,中:◆ものとものの間にあってどちらにも偏(かたよ)らない位置◆上下・高低・大小などの間(あいだ)に位置する人や物や場所、同「仲」◆始点(出発地)から終点(目的地)ま; 身:◆(頭部を除いた)体(からだ)、躯体(クタイ)、同「躯」「躬」◆中に含まれているもの、また入っているもの、本体◆人の一生、命(いのち)◆吾(われ)、我(わ)が、; 中:◆ものとものの間にあってどちらにも偏(かたよ)らない位置◆上下・高低・大小などの間(あいだ)に位置する人や物や場所、同「仲」◆始点(出発地)から終点(目的地)ま,N3,mixed,kun+kun+kun+on~,A4_multi_on(on+on+on+on 65%),中:◆ものとものの間にあってどちらにも偏(かたよ)らない位置◆上下・高低・大小などの間(あいだ)に位置する人や物や場所、同「仲」◆始点(出発地)から終点(目的地)ま; 身:◆(頭部を除いた)体(からだ)、躯体(クタイ)、同「躯」「躬」◆中に含まれているもの、また入っているもの、本体◆人の一生、命(いのち)◆吾(われ)、我(わ)が、; 中:◆ものとものの間にあってどちらにも偏(かたよ)らない位置◆上下・高低・大小などの間(あいだ)に位置する人や物や場所、同「仲」◆始点(出発地)から終点(目的地)ま
kk_主任_しゅにん,主任,しゅにん,主:◆蝋燭やランプなどの灯心、同「炷」◆多くの中で特に重要な、またそのような人◆中心となるもの、中心にあるもの、またそのような人◆司(つかさど)る、中心となって統治; 任:◆役目や仕事を与える、また委(ゆだ)ねる、また託(たく)す、「任命(ニンメイ)」◆(仕事を託し、その)扱いをその人の裁量(サイリョウ)に委ねる、「放任(ホウニン,N3,on,on+on,A3_short_compound(on+on 71%),主:◆蝋燭やランプなどの灯心、同「炷」◆多くの中で特に重要な、またそのような人◆中心となるもの、中心にあるもの、またそのような人◆司(つかさど)る、中心となって統治; 任:◆役目や仕事を与える、また委(ゆだ)ねる、また託(たく)す、「任命(ニンメイ)」◆(仕事を託し、その)扱いをその人の裁量(サイリョウ)に委ねる、「放任(ホウニン
kk_主張_しゅちょう,主張,しゅちょう,主:◆蝋燭やランプなどの灯心、同「炷」◆多くの中で特に重要な、またそのような人◆中心となるもの、中心にあるもの、またそのような人◆司(つかさど)る、中心となって統治; 張:◆弓や弦楽器の弦(ゲン、つる)を弛(たる)まないように掛ける、二点間に糸や網などを渡す◆弛(ゆる)みがないようにぴんと伸ばす、皺(しわ)にならないようにぴんと延,N3,on,on+on,A3_short_compound(on+on 71%),主:◆蝋燭やランプなどの灯心、同「炷」◆多くの中で特に重要な、またそのような人◆中心となるもの、中心にあるもの、またそのような人◆司(つかさど)る、中心となって統治; 張:◆弓や弦楽器の弦(ゲン、つる)を弛(たる)まないように掛ける、二点間に糸や網などを渡す◆弛(ゆる)みがないようにぴんと伸ばす、皺(しわ)にならないようにぴんと延
kk_主役_しゅやく,主役,しゅやく,主:◆蝋燭やランプなどの灯心、同「炷」◆多くの中で特に重要な、またそのような人◆中心となるもの、中心にあるもの、またそのような人◆司(つかさど)る、中心となって統治; 役:◆辺境の守備をさせる、人に厳しい労働をさせる◆労働、戦(いくさ)、またそれらの労務に服する人◆割り当てられた任務や職務、またそれを務める人,N3,on,on+on,A3_short_compound(on+on 71%),主:◆蝋燭やランプなどの灯心、同「炷」◆多くの中で特に重要な、またそのような人◆中心となるもの、中心にあるもの、またそのような人◆司(つかさど)る、中心となって統治; 役:◆辺境の守備をさせる、人に厳しい労働をさせる◆労働、戦(いくさ)、またそれらの労務に服する人◆割り当てられた任務や職務、またそれを務める人
kk_主要_しゅよう,主要,しゅよう,主:◆蝋燭やランプなどの灯心、同「炷」◆多くの中で特に重要な、またそのような人◆中心となるもの、中心にあるもの、またそのような人◆司(つかさど)る、中心となって統治; 要:◆(体の要かなめとなる)腰(こし)◆物事の中心となるところ、非常に大切なところ◆求める、強く乞(こ)う、「要求(ヨウキュウ)」「要請(ヨウセイ、請い求める、強く,N3,on,on+on,A3_short_compound(on+on 71%),主:◆蝋燭やランプなどの灯心、同「炷」◆多くの中で特に重要な、またそのような人◆中心となるもの、中心にあるもの、またそのような人◆司(つかさど)る、中心となって統治; 要:◆(体の要かなめとなる)腰(こし)◆物事の中心となるところ、非常に大切なところ◆求める、強く乞(こ)う、「要求(ヨウキュウ)」「要請(ヨウセイ、請い求める、強く
kk_乗せる_のせる,乗せる,のせる,乗:◆高台(たかだい、周りからは一段と高く人や物が乗ることができるようなところ)に登(のぼ)る、馬や車・舟などの台(ダイ)に上(あ)がる◆(人が乗るための)馬や車・,N3,kun,kun,IL1_okurigana(kun 96%) | IL2_single_okuri(kun 96%),乗:◆高台(たかだい、周りからは一段と高く人や物が乗ることができるようなところ)に登(のぼ)る、馬や車・舟などの台(ダイ)に上(あ)がる◆(人が乗るための)馬や車・
kk_乗り越す_のりこす,乗り越す,のりこす,乗:◆高台(たかだい、周りからは一段と高く人や物が乗ることができるようなところ)に登(のぼ)る、馬や車・舟などの台(ダイ)に上(あ)がる◆(人が乗るための)馬や車・; 越:◆行く手(ゆくて)を阻(はば)んでいるものの上を跨(また)ぐようにしてその先に行く、区切りや障害となっているものの先に行く、同「逾」◆度(ど、区切り・限度・程度,N3,kun,kun+kun~,IL1_okurigana(kun 96%) | A1_compound_oku(kun 90%) | A1_on_kun_mix(on+kun 65%),乗:◆高台(たかだい、周りからは一段と高く人や物が乗ることができるようなところ)に登(のぼ)る、馬や車・舟などの台(ダイ)に上(あ)がる◆(人が乗るための)馬や車・; 越:◆行く手(ゆくて)を阻(はば)んでいるものの上を跨(また)ぐようにしてその先に行く、区切りや障害となっているものの先に行く、同「逾」◆度(ど、区切り・限度・程度
kk_乗り遅れる_のりおくれる,乗り遅れる,のりおくれる,乗:◆高台(たかだい、周りからは一段と高く人や物が乗ることができるようなところ)に登(のぼ)る、馬や車・舟などの台(ダイ)に上(あ)がる◆(人が乗るための)馬や車・; 遅:◆ゆっくりしたさま、次の動作までに時間が掛るさま◆ゆっくりと進む、鈍(のろ)い◆決まっている時間・期間の終わりの頃になる、またその頃を過ぎる◆決まっている時(瞬,N3,kun,kun+kun~,IL1_okurigana(kun 96%) | A1_compound_oku(kun 90%) | A1_on_kun_mix(on+kun 65%),乗:◆高台(たかだい、周りからは一段と高く人や物が乗ることができるようなところ)に登(のぼ)る、馬や車・舟などの台(ダイ)に上(あ)がる◆(人が乗るための)馬や車・; 遅:◆ゆっくりしたさま、次の動作までに時間が掛るさま◆ゆっくりと進む、鈍(のろ)い◆決まっている時間・期間の終わりの頃になる、またその頃を過ぎる◆決まっている時(瞬
kk_乗り過ごす_のりすごす,乗り過ごす,のりすごす,乗:◆高台(たかだい、周りからは一段と高く人や物が乗ることができるようなところ)に登(のぼ)る、馬や車・舟などの台(ダイ)に上(あ)がる◆(人が乗るための)馬や車・; 過:◆度(ド、度合、節度、法度、限度、程度など)を越える(超える)◆度を越えて(超えて)しまう、誤(あやま)る◆時(とき、時代、時期、季節、月日、時間など)を通り越,N3,kun,kun+kun~,IL1_okurigana(kun 96%) | A1_compound_oku(kun 90%) | A1_on_kun_mix(on+kun 65%),乗:◆高台(たかだい、周りからは一段と高く人や物が乗ることができるようなところ)に登(のぼ)る、馬や車・舟などの台(ダイ)に上(あ)がる◆(人が乗るための)馬や車・; 過:◆度(ド、度合、節度、法度、限度、程度など)を越える(超える)◆度を越えて(超えて)しまう、誤(あやま)る◆時(とき、時代、時期、季節、月日、時間など)を通り越
kk_乗客_じょうきゃく,乗客,じょうきゃく,乗:◆高台(たかだい、周りからは一段と高く人や物が乗ることができるようなところ)に登(のぼ)る、馬や車・舟などの台(ダイ)に上(あ)がる◆(人が乗るための)馬や車・; 客:◆他からやって来て他人の家・宿舎・旅館・店などに立ち寄る人、また身を寄せる人、主(あるじ)が自らの家などに受け入れた人、招いた人かどうかは問わない◆退く、過ぎ去,N3,on,on+on,B_noun_rad_宀(kun 93%),乗:◆高台(たかだい、周りからは一段と高く人や物が乗ることができるようなところ)に登(のぼ)る、馬や車・舟などの台(ダイ)に上(あ)がる◆(人が乗るための)馬や車・; 客:◆他からやって来て他人の家・宿舎・旅館・店などに立ち寄る人、また身を寄せる人、主(あるじ)が自らの家などに受け入れた人、招いた人かどうかは問わない◆退く、過ぎ去
kk_乗車_じょうしゃ,乗車,じょうしゃ,乗:◆高台(たかだい、周りからは一段と高く人や物が乗ることができるようなところ)に登(のぼ)る、馬や車・舟などの台(ダイ)に上(あ)がる◆(人が乗るための)馬や車・; 車:◆二つの輪(リン、車輪)の中心に軸(ジク、車軸)を通し、その上に人や物を乗せるための台(車台)を設(しつら)えたもの ◆輪状・円状のものが軸を中心として回転する,N3,on,on+on,A3_short_compound(on+on 71%),乗:◆高台(たかだい、周りからは一段と高く人や物が乗ることができるようなところ)に登(のぼ)る、馬や車・舟などの台(ダイ)に上(あ)がる◆(人が乗るための)馬や車・; 車:◆二つの輪(リン、車輪)の中心に軸(ジク、車軸)を通し、その上に人や物を乗せるための台(車台)を設(しつら)えたもの ◆輪状・円状のものが軸を中心として回転する
kk_乾かす_かわかす,乾かす,かわかす,乾:◆いぬい、八卦(ハッカ、「乾・兌・離・震・巽・坎・艮・坤」)の一つ、方角は戌亥(いぬい、北西)、天・太陽・君(君主)・父・男性など強く盛んなものを象徴する ◆太,N3,kun,kun,IL1_okurigana(kun 96%) | IL2_single_okuri(kun 96%),乾:◆いぬい、八卦(ハッカ、「乾・兌・離・震・巽・坎・艮・坤」)の一つ、方角は戌亥(いぬい、北西)、天・太陽・君(君主)・父・男性など強く盛んなものを象徴する ◆太
kk_乾杯_かんぱい,乾杯,かんぱい,乾:◆いぬい、八卦(ハッカ、「乾・兌・離・震・巽・坎・艮・坤」)の一つ、方角は戌亥(いぬい、北西)、天・太陽・君(君主)・父・男性など強く盛んなものを象徴する ◆太; 杯:◆酒・茶・スープsoupなどの液状の飲み物を飲むための器の総称、一般に手に持てる程度の大きさのものでやや浅めの器 ◆液体の入った容器の数また容器に液体を満たした,N3,other,mixed+mixed~,B_noun_rad_木(kun 93%),乾:◆いぬい、八卦(ハッカ、「乾・兌・離・震・巽・坎・艮・坤」)の一つ、方角は戌亥(いぬい、北西)、天・太陽・君(君主)・父・男性など強く盛んなものを象徴する ◆太; 杯:◆酒・茶・スープsoupなどの液状の飲み物を飲むための器の総称、一般に手に持てる程度の大きさのものでやや浅めの器 ◆液体の入った容器の数また容器に液体を満たした
kk_乾燥_かんそう,乾燥,かんそう,乾:◆いぬい、八卦(ハッカ、「乾・兌・離・震・巽・坎・艮・坤」)の一つ、方角は戌亥(いぬい、北西)、天・太陽・君(君主)・父・男性など強く盛んなものを象徴する ◆太; 燥:◆火で熱し乾(かわ)かす、乾く、水分が少なくなる,N3,on,on+on,,乾:◆いぬい、八卦(ハッカ、「乾・兌・離・震・巽・坎・艮・坤」)の一つ、方角は戌亥(いぬい、北西)、天・太陽・君(君主)・父・男性など強く盛んなものを象徴する ◆太; 燥:◆火で熱し乾(かわ)かす、乾く、水分が少なくなる
kk_予備校_よびこう,予備校,よびこう,予:◆我(われ)、自分を指す語、同「余」「吾」「我」◆与える、授ける、「賜予(シヨ)」◆前もって、同「豫」「預」◆余裕があるさま、ゆとりがあるさま、「猶予(ユウヨ); 備:◆必要なものを用意しておく、(いざという時のために)予め揃えておく◆身に付いている、身に具(そな)わる◆つぶさ・に、必要なものは全て、ことごとく; 校:◆木製の枷(かせ)、罪人の首・手・足などに嵌(は)めて自由を奪う刑具◆(陣地の周囲に張り巡らせる、或いは狩猟の際に獲物を追い込む)格子状に組んだ柵(さく)◆武官,N3,on,on+on+on,A4_multi_on(on+on+on 65%) | B_noun_rad_木(kun 93%),予:◆我(われ)、自分を指す語、同「余」「吾」「我」◆与える、授ける、「賜予(シヨ)」◆前もって、同「豫」「預」◆余裕があるさま、ゆとりがあるさま、「猶予(ユウヨ); 備:◆必要なものを用意しておく、(いざという時のために)予め揃えておく◆身に付いている、身に具(そな)わる◆つぶさ・に、必要なものは全て、ことごとく; 校:◆木製の枷(かせ)、罪人の首・手・足などに嵌(は)めて自由を奪う刑具◆(陣地の周囲に張り巡らせる、或いは狩猟の際に獲物を追い込む)格子状に組んだ柵(さく)◆武官
kk_予想_よそう,予想,よそう,予:◆我(われ)、自分を指す語、同「余」「吾」「我」◆与える、授ける、「賜予(シヨ)」◆前もって、同「豫」「預」◆余裕があるさま、ゆとりがあるさま、「猶予(ユウヨ); 想:◆～について考える、また考えを巡(めぐ)らす◆～と思う、～ではないかと思う◆～したいと思う,N3,on,on+on,A3_short_compound(on+on 71%),予:◆我(われ)、自分を指す語、同「余」「吾」「我」◆与える、授ける、「賜予(シヨ)」◆前もって、同「豫」「預」◆余裕があるさま、ゆとりがあるさま、「猶予(ユウヨ); 想:◆～について考える、また考えを巡(めぐ)らす◆～と思う、～ではないかと思う◆～したいと思う
kk_予想外_よそうがい,予想外,よそうがい,予:◆我(われ)、自分を指す語、同「余」「吾」「我」◆与える、授ける、「賜予(シヨ)」◆前もって、同「豫」「預」◆余裕があるさま、ゆとりがあるさま、「猶予(ユウヨ); 想:◆～について考える、また考えを巡(めぐ)らす◆～と思う、～ではないかと思う◆～したいと思う; 外:◆そと、範囲・領域・組織や区切り・境界の内(内側、内部)から出たもの、表に出ている(表に面している)もの、見えるところにあるもの、またそのようなところ、逆は「内,N3,on,on+on+on,A4_multi_on(on+on+on 65%),予:◆我(われ)、自分を指す語、同「余」「吾」「我」◆与える、授ける、「賜予(シヨ)」◆前もって、同「豫」「預」◆余裕があるさま、ゆとりがあるさま、「猶予(ユウヨ); 想:◆～について考える、また考えを巡(めぐ)らす◆～と思う、～ではないかと思う◆～したいと思う; 外:◆そと、範囲・領域・組織や区切り・境界の内(内側、内部)から出たもの、表に出ている(表に面している)もの、見えるところにあるもの、またそのようなところ、逆は「内
kk_予測_よそく,予測,よそく,予:◆我(われ)、自分を指す語、同「余」「吾」「我」◆与える、授ける、「賜予(シヨ)」◆前もって、同「豫」「預」◆余裕があるさま、ゆとりがあるさま、「猶予(ユウヨ); 測:◆物差(ものさし)や基準となるものを基(もと)にして深さ・高さ・長さなどの度合い(長短)を調べる、「測量(ソクリョウ)」◆経験や知識などを基に見当をつける、推(,N3,on,on+on,A3_short_compound(on+on 71%),予:◆我(われ)、自分を指す語、同「余」「吾」「我」◆与える、授ける、「賜予(シヨ)」◆前もって、同「豫」「預」◆余裕があるさま、ゆとりがあるさま、「猶予(ユウヨ); 測:◆物差(ものさし)や基準となるものを基(もと)にして深さ・高さ・長さなどの度合い(長短)を調べる、「測量(ソクリョウ)」◆経験や知識などを基に見当をつける、推(
kk_予算_よさん,予算,よさん,予:◆我(われ)、自分を指す語、同「余」「吾」「我」◆与える、授ける、「賜予(シヨ)」◆前もって、同「豫」「預」◆余裕があるさま、ゆとりがあるさま、「猶予(ユウヨ); 算:◆数(かず)を数(かぞ)える、同「筭」◆数を計算する(本数や置き方によって数を表す)ための竹の棒、占いにも用いる、同「籌」、「算籌(サンチュウ、計算また占いに用,N3,on,on+on,A3_short_compound(on+on 71%) | B_noun_rad_竹(kun 93%),予:◆我(われ)、自分を指す語、同「余」「吾」「我」◆与える、授ける、「賜予(シヨ)」◆前もって、同「豫」「預」◆余裕があるさま、ゆとりがあるさま、「猶予(ユウヨ); 算:◆数(かず)を数(かぞ)える、同「筭」◆数を計算する(本数や置き方によって数を表す)ための竹の棒、占いにも用いる、同「籌」、「算籌(サンチュウ、計算また占いに用
kk_争う_あらそう,争う,あらそう,争:◆互いに自分の方へ取り合う、奪い合う、戦う◆言い合い優劣・正否を競う、議論する、同「訟」「諍」◆諌(いさ)める、非や過ちを正すよう意見する、同「諫」「諍」◆いか,N3,kun,kun,IL1_okurigana(kun 96%) | IL2_single_okuri(kun 96%),争:◆互いに自分の方へ取り合う、奪い合う、戦う◆言い合い優劣・正否を競う、議論する、同「訟」「諍」◆諌(いさ)める、非や過ちを正すよう意見する、同「諫」「諍」◆いか
kk_事件_じけん,事件,じけん,事:◆こと、動作・現象・状態など形のないものを指す語、形のあるものは「物」、「事情(ジジョウ、ことの様子)」「無事(ブジ、何事もないさま)」◆職(ショク)、仕事や役; 件:◆分(わ)ける、区分(くわけ)する、区分けされているものを数える語、物や事(こと)を数える語◆事、事柄(ことがら)◆[日]くだん、くだり、前に取り上げた事柄,N3,on,on+on,A3_short_compound(on+on 71%),事:◆こと、動作・現象・状態など形のないものを指す語、形のあるものは「物」、「事情(ジジョウ、ことの様子)」「無事(ブジ、何事もないさま)」◆職(ショク)、仕事や役; 件:◆分(わ)ける、区分(くわけ)する、区分けされているものを数える語、物や事(こと)を数える語◆事、事柄(ことがら)◆[日]くだん、くだり、前に取り上げた事柄
kk_事務_じむ,事務,じむ,事:◆こと、動作・現象・状態など形のないものを指す語、形のあるものは「物」、「事情(ジジョウ、ことの様子)」「無事(ブジ、何事もないさま)」◆職(ショク)、仕事や役; 務:◆成すべきこと、ひたすら力を注(そそ)ぐべきこと◆努(つと)める、成すべきことにひたすら力を尽くす、同「敄」◆強(し)いて、押して、無理にでも,N3,on,on+on,A3_short_compound(on+on 71%) | B_verb_rad_力(kun 80%),事:◆こと、動作・現象・状態など形のないものを指す語、形のあるものは「物」、「事情(ジジョウ、ことの様子)」「無事(ブジ、何事もないさま)」◆職(ショク)、仕事や役; 務:◆成すべきこと、ひたすら力を注(そそ)ぐべきこと◆努(つと)める、成すべきことにひたすら力を尽くす、同「敄」◆強(し)いて、押して、無理にでも
kk_事実_じじつ,事実,じじつ,事:◆こと、動作・現象・状態など形のないものを指す語、形のあるものは「物」、「事情(ジジョウ、ことの様子)」「無事(ブジ、何事もないさま)」◆職(ショク)、仕事や役; 実:◆蓄(たくわ)えが家に満ちているさま◆隙間なく詰まって虚(うつ)ろなところがないさま◆ぎっしりと詰まった中身、草木などの稔(みの)って中がぎっしりと詰まったもの,N3,on,on+on,A3_short_compound(on+on 71%) | B_noun_rad_宀(kun 93%),事:◆こと、動作・現象・状態など形のないものを指す語、形のあるものは「物」、「事情(ジジョウ、ことの様子)」「無事(ブジ、何事もないさま)」◆職(ショク)、仕事や役; 実:◆蓄(たくわ)えが家に満ちているさま◆隙間なく詰まって虚(うつ)ろなところがないさま◆ぎっしりと詰まった中身、草木などの稔(みの)って中がぎっしりと詰まったもの
kk_事情_じじょう,事情,じじょう,事:◆こと、動作・現象・状態など形のないものを指す語、形のあるものは「物」、「事情(ジジョウ、ことの様子)」「無事(ブジ、何事もないさま)」◆職(ショク)、仕事や役; 情:◆物事(特に他の人)からの働き掛けで起こる喜怒哀楽愛好悪欲などの心の動き、「感情(カンジョウ)」◆他に寄せる思い、「愛情(アイジョウ)」◆異性に寄せる思い、好意,N3,on,on+on,A3_short_compound(on+on 71%),事:◆こと、動作・現象・状態など形のないものを指す語、形のあるものは「物」、「事情(ジジョウ、ことの様子)」「無事(ブジ、何事もないさま)」◆職(ショク)、仕事や役; 情:◆物事(特に他の人)からの働き掛けで起こる喜怒哀楽愛好悪欲などの心の動き、「感情(カンジョウ)」◆他に寄せる思い、「愛情(アイジョウ)」◆異性に寄せる思い、好意
kk_二度と_にどと,二度と,にどと,二:◆数の名、(数の)一の次の数 ◆(二つに)分ける、分けて別々にする、対(ツイ、二つで一組になるもの)になる◆に、部首名¶別「𠄞」; 度:◆長さを測(はか)る際に基準となる物差し(ものさし)、またその目盛(めもり)、「度量(ドリョウ、長さと容量、人の言動をどの程度容認できるかの大きさ)」「法度(ハ,N3,on,on+on~,IL1_okurigana(kun 96%) | A1_compound_oku(kun 90%) | A1_on_kun_mix(on+kun 65%),二:◆数の名、(数の)一の次の数 ◆(二つに)分ける、分けて別々にする、対(ツイ、二つで一組になるもの)になる◆に、部首名¶別「𠄞」; 度:◆長さを測(はか)る際に基準となる物差し(ものさし)、またその目盛(めもり)、「度量(ドリョウ、長さと容量、人の言動をどの程度容認できるかの大きさ)」「法度(ハ
kk_互いに_たがいに,互いに,たがいに,互:◆二つのものが逆の方向から(別の方向から)同じところで合わさる、行き来し合う、代わる代わる(かわるがわる)にする、～し合う,N3,kun,kun,IL1_okurigana(kun 96%) | IL2_single_okuri(kun 96%),互:◆二つのものが逆の方向から(別の方向から)同じところで合わさる、行き来し合う、代わる代わる(かわるがわる)にする、～し合う
kk_交流_こうりゅう,交流,こうりゅう,"交:◆形や状態などが""＋Ｘ""字形(交差する)ような形になるさま、違う方向から進んできたものが一点で出会うさま、交叉(コウサ)するさま、同「䢒」◆互いに行き来し合う、; 流:◆水などの液体やそこに浮かんだもの・水中にあるものが淀まずに移動する◆罰として遠くへ移動させる◆(川の流れのように)淀まずに伝わって行く◆分かれて逸(そ)れる◆",N3,on,on+on,,"交:◆形や状態などが""＋Ｘ""字形(交差する)ような形になるさま、違う方向から進んできたものが一点で出会うさま、交叉(コウサ)するさま、同「䢒」◆互いに行き来し合う、; 流:◆水などの液体やそこに浮かんだもの・水中にあるものが淀まずに移動する◆罰として遠くへ移動させる◆(川の流れのように)淀まずに伝わって行く◆分かれて逸(そ)れる◆"
kk_交際_こうさい,交際,こうさい,"交:◆形や状態などが""＋Ｘ""字形(交差する)ような形になるさま、違う方向から進んできたものが一点で出会うさま、交叉(コウサ)するさま、同「䢒」◆互いに行き来し合う、; 際:◆他と触(ふ)れ合う、付き合う、「交際(コウサイ、交わり接すること、付き合うこと)」◆他と合(あ)わさるところ、接するところ、境目、「水際(スイサイ、みずぎわ)",N3,on,on+on,,"交:◆形や状態などが""＋Ｘ""字形(交差する)ような形になるさま、違う方向から進んできたものが一点で出会うさま、交叉(コウサ)するさま、同「䢒」◆互いに行き来し合う、; 際:◆他と触(ふ)れ合う、付き合う、「交際(コウサイ、交わり接すること、付き合うこと)」◆他と合(あ)わさるところ、接するところ、境目、「水際(スイサイ、みずぎわ)"
kk_人出_ひとで,人出,ひとで,人:◆霊長目ヒト科ヒト属の生物、ホモ・サピエンスHomo sapiens(「知恵の人」の意)、同「儿」◆自分以外の者、「人我(ジンガ、他人と自分)」◆人の数(かず); 出:◆範囲・領域・組織や区切り・境界の内(内側、内部、裏側、こちら側、私的なところ)から外(外側、外部、表側、向こう側、公のところ)に移る、また移す、外から内へ移る,N3,kun,kun+kun~,A3_short_compound(on+on 71%),人:◆霊長目ヒト科ヒト属の生物、ホモ・サピエンスHomo sapiens(「知恵の人」の意)、同「儿」◆自分以外の者、「人我(ジンガ、他人と自分)」◆人の数(かず); 出:◆範囲・領域・組織や区切り・境界の内(内側、内部、裏側、こちら側、私的なところ)から外(外側、外部、表側、向こう側、公のところ)に移る、また移す、外から内へ移る
kk_人参_にんじん,人参,にんじん,人:◆霊長目ヒト科ヒト属の生物、ホモ・サピエンスHomo sapiens(「知恵の人」の意)、同「儿」◆自分以外の者、「人我(ジンガ、他人と自分)」◆人の数(かず); 参:◆行く、行って加わる◆行って目見(まみ)える、拝謁(ハイエツ)する、拝謁するために行く◆幾つものものを引き合わせて比べる◆三、「三」の大写字(「一」は「壹」・「,N3,other,mixed+mixed~,,人:◆霊長目ヒト科ヒト属の生物、ホモ・サピエンスHomo sapiens(「知恵の人」の意)、同「儿」◆自分以外の者、「人我(ジンガ、他人と自分)」◆人の数(かず); 参:◆行く、行って加わる◆行って目見(まみ)える、拝謁(ハイエツ)する、拝謁するために行く◆幾つものものを引き合わせて比べる◆三、「三」の大写字(「一」は「壹」・「
kk_人工_じんこう,人工,じんこう,人:◆霊長目ヒト科ヒト属の生物、ホモ・サピエンスHomo sapiens(「知恵の人」の意)、同「儿」◆自分以外の者、「人我(ジンガ、他人と自分)」◆人の数(かず); 工:◆物をつくる巧(たく)みな技(わざ)、また物づくりが巧みなさま◆できばえが精巧(セイコウ)なさま、同「㣉」◆匠(たくみ)、物をつくる技術・技能に秀(ひい)でた人,N3,on,on+on,,人:◆霊長目ヒト科ヒト属の生物、ホモ・サピエンスHomo sapiens(「知恵の人」の意)、同「儿」◆自分以外の者、「人我(ジンガ、他人と自分)」◆人の数(かず); 工:◆物をつくる巧(たく)みな技(わざ)、また物づくりが巧みなさま◆できばえが精巧(セイコウ)なさま、同「㣉」◆匠(たくみ)、物をつくる技術・技能に秀(ひい)でた人
kk_人手_ひとで,人手,ひとで,人:◆霊長目ヒト科ヒト属の生物、ホモ・サピエンスHomo sapiens(「知恵の人」の意)、同「儿」◆自分以外の者、「人我(ジンガ、他人と自分)」◆人の数(かず); 手:◆体や物体の一部で、胴から分かれ出て伸び、持つ・握る・叩く・ものを作る・操作するなどの機能を持つ部分、掌(たなごころ)と指を合わせた全体、腕の先の部分 ◆自(み,N3,other,mixed+mixed~,A3_short_compound(on+on 71%) | B_verb_rad_手(kun 80%),人:◆霊長目ヒト科ヒト属の生物、ホモ・サピエンスHomo sapiens(「知恵の人」の意)、同「儿」◆自分以外の者、「人我(ジンガ、他人と自分)」◆人の数(かず); 手:◆体や物体の一部で、胴から分かれ出て伸び、持つ・握る・叩く・ものを作る・操作するなどの機能を持つ部分、掌(たなごころ)と指を合わせた全体、腕の先の部分 ◆自(み
kk_人数_にんずう,人数,にんずう,人:◆霊長目ヒト科ヒト属の生物、ホモ・サピエンスHomo sapiens(「知恵の人」の意)、同「儿」◆自分以外の者、「人我(ジンガ、他人と自分)」◆人の数(かず); 数:◆かず、同種のもの(繰り返されるもの)の多少を表す語◆かぞ・える、一つ二つ(一回二回)と計算する、またその多少◆細かい、煩(わずら)わしい◆しばしば、同じことを,N3,other,mixed+mixed~,,人:◆霊長目ヒト科ヒト属の生物、ホモ・サピエンスHomo sapiens(「知恵の人」の意)、同「儿」◆自分以外の者、「人我(ジンガ、他人と自分)」◆人の数(かず); 数:◆かず、同種のもの(繰り返されるもの)の多少を表す語◆かぞ・える、一つ二つ(一回二回)と計算する、またその多少◆細かい、煩(わずら)わしい◆しばしば、同じことを
kk_人物_じんぶつ,人物,じんぶつ,人:◆霊長目ヒト科ヒト属の生物、ホモ・サピエンスHomo sapiens(「知恵の人」の意)、同「儿」◆自分以外の者、「人我(ジンガ、他人と自分)」◆人の数(かず); 物:◆(天地の間に存在する)人以外の形のあるもの、人は「者」、形のないものは「事」,N3,on,on+on,B_noun_rad_牛(kun 93%),人:◆霊長目ヒト科ヒト属の生物、ホモ・サピエンスHomo sapiens(「知恵の人」の意)、同「儿」◆自分以外の者、「人我(ジンガ、他人と自分)」◆人の数(かず); 物:◆(天地の間に存在する)人以外の形のあるもの、人は「者」、形のないものは「事」
kk_今頃_いまごろ,今頃,いまごろ,今:◆現在、この時(とき)、この時代、現在を挟んで前後に比較的短い時間また月日また時代◆すぐに、間もなく; 頃:◆頭を傾(かたむ)ける、頭を傾(かし)げる、同「傾」◆傾く、斜めになる、片方に(一方に)偏(かたよ)る、同「傾」◆僅(わず)かな時間、「頃刻(ケイコク、僅かな間,N3,other,mixed+mixed~,,今:◆現在、この時(とき)、この時代、現在を挟んで前後に比較的短い時間また月日また時代◆すぐに、間もなく; 頃:◆頭を傾(かたむ)ける、頭を傾(かし)げる、同「傾」◆傾く、斜めになる、片方に(一方に)偏(かたよ)る、同「傾」◆僅(わず)かな時間、「頃刻(ケイコク、僅かな間
kk_仕上がる_しあがる,仕上がる,しあがる,仕:◆身分の高い人に付き従う、またその用をする◆官職に就く、またその業務や任務を担い行う◆為(な)す、為(な)すべき事; 上:◆位置・場所・地位などが高い、高い方にある◆高い方に移る、昇る、登る◆順序・時間などが前、前の方にある◆前の方に移る◆等級・品質などが高い、優れている◆殿様、皇,N3,mixed,on+kun,IL1_okurigana(kun 96%) | A1_compound_oku(kun 90%) | A1_on_kun_mix(on+kun 65%),仕:◆身分の高い人に付き従う、またその用をする◆官職に就く、またその業務や任務を担い行う◆為(な)す、為(な)すべき事; 上:◆位置・場所・地位などが高い、高い方にある◆高い方に移る、昇る、登る◆順序・時間などが前、前の方にある◆前の方に移る◆等級・品質などが高い、優れている◆殿様、皇
kk_仕舞い/終い_しまい,仕舞い/終い,しまい,仕:◆身分の高い人に付き従う、またその用をする◆官職に就く、またその業務や任務を担い行う◆為(な)す、為(な)すべき事; 舞:◆手足や体を動かし踊(おど)り喜怒哀楽(キドアイラク)を表現する、同「儛」「𦐀」◆(舞うように)飛ぶ、(舞うように)揺(ゆ)らす◆弄(いじ)くって変えてしまう; 終:◆途切れずに続いているものの後方の部分、始まりの部分は「始」◆続いていたものが尽きる、これから先はないところにまで到(いた)る◆最後に、ついに、しまいに、とうと,N3,mixed,on+kun+kun~,IL1_okurigana(kun 96%) | A1_compound_oku(kun 90%) | A1_on_kun_mix(on+kun 65%),仕:◆身分の高い人に付き従う、またその用をする◆官職に就く、またその業務や任務を担い行う◆為(な)す、為(な)すべき事; 舞:◆手足や体を動かし踊(おど)り喜怒哀楽(キドアイラク)を表現する、同「儛」「𦐀」◆(舞うように)飛ぶ、(舞うように)揺(ゆ)らす◆弄(いじ)くって変えてしまう; 終:◆途切れずに続いているものの後方の部分、始まりの部分は「始」◆続いていたものが尽きる、これから先はないところにまで到(いた)る◆最後に、ついに、しまいに、とうと
kk_仕送り_しおくり,仕送り,しおくり,仕:◆身分の高い人に付き従う、またその用をする◆官職に就く、またその業務や任務を担い行う◆為(な)す、為(な)すべき事; 送:◆行く人(別れる人、帰る人、旅立つ人、亡くなった人など)と途中まで同道する、出向いて行って迎えるのは「迎」◆ものを目的地へ運び届ける◆贈(おく)る、遣(つか)わ,N3,mixed,on+kun,IL1_okurigana(kun 96%) | A1_compound_oku(kun 90%) | A1_on_kun_mix(on+kun 65%),仕:◆身分の高い人に付き従う、またその用をする◆官職に就く、またその業務や任務を担い行う◆為(な)す、為(な)すべき事; 送:◆行く人(別れる人、帰る人、旅立つ人、亡くなった人など)と途中まで同道する、出向いて行って迎えるのは「迎」◆ものを目的地へ運び届ける◆贈(おく)る、遣(つか)わ
kk_付き合い_つきあい,付き合い,つきあい,付:◆手ずから授(さず)ける、直接手を取って与える、同「仅」◆渡し与える、渡して任せる、委(ゆだ)ねる◆[日]他のものに加える、また添える、また足す、同「附」; 合:◆人や物が集まって一緒になる、また一つになる◆幾つかのものを集め一緒にする、幾つかのものが集まり同じになる◆同じものを纏(まと)めた全体◆ぴったりと一致する、当,N3,kun,kun+kun~,IL1_okurigana(kun 96%) | A1_compound_oku(kun 90%) | A1_on_kun_mix(on+kun 65%),付:◆手ずから授(さず)ける、直接手を取って与える、同「仅」◆渡し与える、渡して任せる、委(ゆだ)ねる◆[日]他のものに加える、また添える、また足す、同「附」; 合:◆人や物が集まって一緒になる、また一つになる◆幾つかのものを集め一緒にする、幾つかのものが集まり同じになる◆同じものを纏(まと)めた全体◆ぴったりと一致する、当
kk_付き合う_つきあう,付き合う,つきあう,付:◆手ずから授(さず)ける、直接手を取って与える、同「仅」◆渡し与える、渡して任せる、委(ゆだ)ねる◆[日]他のものに加える、また添える、また足す、同「附」; 合:◆人や物が集まって一緒になる、また一つになる◆幾つかのものを集め一緒にする、幾つかのものが集まり同じになる◆同じものを纏(まと)めた全体◆ぴったりと一致する、当,N3,kun,kun+kun~,IL1_okurigana(kun 96%) | A1_compound_oku(kun 90%) | A1_on_kun_mix(on+kun 65%),付:◆手ずから授(さず)ける、直接手を取って与える、同「仅」◆渡し与える、渡して任せる、委(ゆだ)ねる◆[日]他のものに加える、また添える、また足す、同「附」; 合:◆人や物が集まって一緒になる、また一つになる◆幾つかのものを集め一緒にする、幾つかのものが集まり同じになる◆同じものを纏(まと)めた全体◆ぴったりと一致する、当
kk_付近_ふきん,付近,ふきん,付:◆手ずから授(さず)ける、直接手を取って与える、同「仅」◆渡し与える、渡して任せる、委(ゆだ)ねる◆[日]他のものに加える、また添える、また足す、同「附」; 近:◆位置・時間・関係・状態などがすぐ傍(そば)にある◆迫(せま)る、すぐ傍まで寄る、また寄せる◆親(ちか)しい、親(した)しい(間柄や関係などが近い)◆似ている(,N3,on,on+on,A3_short_compound(on+on 71%),付:◆手ずから授(さず)ける、直接手を取って与える、同「仅」◆渡し与える、渡して任せる、委(ゆだ)ねる◆[日]他のものに加える、また添える、また足す、同「附」; 近:◆位置・時間・関係・状態などがすぐ傍(そば)にある◆迫(せま)る、すぐ傍まで寄る、また寄せる◆親(ちか)しい、親(した)しい(間柄や関係などが近い)◆似ている(
kk_代える_かえる,代える,かえる,代:◆替(か)える、それまでのもの(今あるもの)を別のものに替える、入れ替える、また入れ替わる◆同じ家主や国主がその地位にある期間、同じ種(シュ、起源を同じにするも,N3,kun,kun,IL1_okurigana(kun 96%) | IL2_single_okuri(kun 96%),代:◆替(か)える、それまでのもの(今あるもの)を別のものに替える、入れ替える、また入れ替わる◆同じ家主や国主がその地位にある期間、同じ種(シュ、起源を同じにするも
kk_代表_だいひょう,代表,だいひょう,代:◆替(か)える、それまでのもの(今あるもの)を別のものに替える、入れ替える、また入れ替わる◆同じ家主や国主がその地位にある期間、同じ種(シュ、起源を同じにするも; 表:◆重ね着をする際に最も上(外側)に羽織(はお)る衣服、上着(うわぎ)、外衣(ガイイ)、本「𧘝」、同「𧞧」◆外側、外側に面した部分◆人の目に触れる、またその部分◆,N3,on,on+on,,代:◆替(か)える、それまでのもの(今あるもの)を別のものに替える、入れ替える、また入れ替わる◆同じ家主や国主がその地位にある期間、同じ種(シュ、起源を同じにするも; 表:◆重ね着をする際に最も上(外側)に羽織(はお)る衣服、上着(うわぎ)、外衣(ガイイ)、本「𧘝」、同「𧞧」◆外側、外側に面した部分◆人の目に触れる、またその部分◆
kk_代金_だいきん,代金,だいきん,代:◆替(か)える、それまでのもの(今あるもの)を別のものに替える、入れ替える、また入れ替わる◆同じ家主や国主がその地位にある期間、同じ種(シュ、起源を同じにするも; 金:◆黄金・白銀・赤銅・青銅・青鉛・黒鉄などの総称、金属の総称◆(黄金のように)黄色い、輝く、美しい、貴重な、(金属のように)堅い◆金属製のもの◆銭(ぜに)、またそ,N3,on,on+on,B_noun_rad_金(kun 93%),代:◆替(か)える、それまでのもの(今あるもの)を別のものに替える、入れ替える、また入れ替わる◆同じ家主や国主がその地位にある期間、同じ種(シュ、起源を同じにするも; 金:◆黄金・白銀・赤銅・青銅・青鉛・黒鉄などの総称、金属の総称◆(黄金のように)黄色い、輝く、美しい、貴重な、(金属のように)堅い◆金属製のもの◆銭(ぜに)、またそ
kk_以後_いご,以後,いご,以:◆用(もち)いる、使用する、～を用いて、～を利用して、「【論語注疏:卷一:學而】…行有餘力則以學文(《疏》…能行已上諸事仍有閒暇餘力則可以學先王之遺文…)」◆～; 後:◆位置的には背の方向、時間的には未来の方向、順位・順序では下位の方向、逆は「前」「先」◆遅れる、遅れて来る◆家を継ぐ子、子孫◆簡「后」,N3,on,on+on,A3_short_compound(on+on 71%),以:◆用(もち)いる、使用する、～を用いて、～を利用して、「【論語注疏:卷一:學而】…行有餘力則以學文(《疏》…能行已上諸事仍有閒暇餘力則可以學先王之遺文…)」◆～; 後:◆位置的には背の方向、時間的には未来の方向、順位・順序では下位の方向、逆は「前」「先」◆遅れる、遅れて来る◆家を継ぐ子、子孫◆簡「后」
kk_以来_いらい,以来,いらい,以:◆用(もち)いる、使用する、～を用いて、～を利用して、「【論語注疏:卷一:學而】…行有餘力則以學文(《疏》…能行已上諸事仍有閒暇餘力則可以學先王之遺文…)」◆～; 来:◆(人や時間や物事が)向こうからこちらに近づく、「到来(トウライ)」、同「倈」「徠」「逨」「𧼛」◆招き寄せる、「こちらに来させる」の意◆ある時点から今まで、今に,N3,on,on+on,A3_short_compound(on+on 71%) | B_noun_rad_木(kun 93%),以:◆用(もち)いる、使用する、～を用いて、～を利用して、「【論語注疏:卷一:學而】…行有餘力則以學文(《疏》…能行已上諸事仍有閒暇餘力則可以學先王之遺文…)」◆～; 来:◆(人や時間や物事が)向こうからこちらに近づく、「到来(トウライ)」、同「倈」「徠」「逨」「𧼛」◆招き寄せる、「こちらに来させる」の意◆ある時点から今まで、今に
kk_仲直り_なかなおり,仲直り,なかなおり,仲:◆間(あいだ)、中(なか)、中間、上位と下位の間、長子と末子の間の子、上下・高低・大小などの間に位置する人、始まりと終わりの中間、同「中」◆人と人の間に立って互; 直:◆ものをまっすぐによく見る◆まっすぐなさま、曲がったり折れたり歪(ゆが)んだりしない(していない)さま、「正直(ショウジキ、まっすぐなこと、嘘や偽りがないこと),N3,kun,kun+kun,IL1_okurigana(kun 96%) | A1_compound_oku(kun 90%) | A1_on_kun_mix(on+kun 65%),仲:◆間(あいだ)、中(なか)、中間、上位と下位の間、長子と末子の間の子、上下・高低・大小などの間に位置する人、始まりと終わりの中間、同「中」◆人と人の間に立って互; 直:◆ものをまっすぐによく見る◆まっすぐなさま、曲がったり折れたり歪(ゆが)んだりしない(していない)さま、「正直(ショウジキ、まっすぐなこと、嘘や偽りがないこと)
kk_仲良し_なかよし,仲良し,なかよし,仲:◆間(あいだ)、中(なか)、中間、上位と下位の間、長子と末子の間の子、上下・高低・大小などの間に位置する人、始まりと終わりの中間、同「中」◆人と人の間に立って互; 良:◆自分或いは多くの人の判断基準より上である、(「優(ユウ)」には及ばないが)一般的・標準的な水準・程度を超えている、善(よ)い、勝(まさ)る、好(この)ましい、,N3,kun,kun+kun,IL1_okurigana(kun 96%) | A1_compound_oku(kun 90%) | A1_on_kun_mix(on+kun 65%),仲:◆間(あいだ)、中(なか)、中間、上位と下位の間、長子と末子の間の子、上下・高低・大小などの間に位置する人、始まりと終わりの中間、同「中」◆人と人の間に立って互; 良:◆自分或いは多くの人の判断基準より上である、(「優(ユウ)」には及ばないが)一般的・標準的な水準・程度を超えている、善(よ)い、勝(まさ)る、好(この)ましい、
kk_仲間_なかま,仲間,なかま,仲:◆間(あいだ)、中(なか)、中間、上位と下位の間、長子と末子の間の子、上下・高低・大小などの間に位置する人、始まりと終わりの中間、同「中」◆人と人の間に立って互; 間:◆両側からぴったりと閉じられずに開いているところ、(空間・時間・物事・関係などが)連続せずに途切れているところ、開いたり途切れたりして何もないところ、隙(すき),N3,kun,kun+kun~,A3_short_compound(on+on 71%),仲:◆間(あいだ)、中(なか)、中間、上位と下位の間、長子と末子の間の子、上下・高低・大小などの間に位置する人、始まりと終わりの中間、同「中」◆人と人の間に立って互; 間:◆両側からぴったりと閉じられずに開いているところ、(空間・時間・物事・関係などが)連続せずに途切れているところ、開いたり途切れたりして何もないところ、隙(すき)
kk_件_けん,件,けん,件:◆分(わ)ける、区分(くわけ)する、区分けされているものを数える語、物や事(こと)を数える語◆事、事柄(ことがら)◆[日]くだん、くだり、前に取り上げた事柄,N3,on,on,IL2_single_default(kun 84%),件:◆分(わ)ける、区分(くわけ)する、区分けされているものを数える語、物や事(こと)を数える語◆事、事柄(ことがら)◆[日]くだん、くだり、前に取り上げた事柄
kk_件名_けんめい,件名,けんめい,件:◆分(わ)ける、区分(くわけ)する、区分けされているものを数える語、物や事(こと)を数える語◆事、事柄(ことがら)◆[日]くだん、くだり、前に取り上げた事柄; 名:◆人に付ける呼称、また動物・もの・出来事などを呼んだり指し示したり識別したりするためにその各々に付ける呼称、「名称(メイショウ)」◆呼称を付ける、「命名(メイメ,N3,on,on+on,,件:◆分(わ)ける、区分(くわけ)する、区分けされているものを数える語、物や事(こと)を数える語◆事、事柄(ことがら)◆[日]くだん、くだり、前に取り上げた事柄; 名:◆人に付ける呼称、また動物・もの・出来事などを呼んだり指し示したり識別したりするためにその各々に付ける呼称、「名称(メイショウ)」◆呼称を付ける、「命名(メイメ
kk_企業_きぎょう,企業,きぎょう,企:◆爪先立ちする、「期待していることが実現する時を今か今かと待つ」の意に用いることがある◆立つ、期待していることを実現しようとして立つ(行動を起こす); 業:◆鍾(ショウ)や磬(ケイ)などの打楽器を吊るすための横木(筍)の上の横板、吊るした楽器の位置が演奏中にずれないように凹みや突起がついていたという、「业」はそれを,N3,on,on+on,A3_short_compound(on+on 71%) | B_noun_rad_木(kun 93%),企:◆爪先立ちする、「期待していることが実現する時を今か今かと待つ」の意に用いることがある◆立つ、期待していることを実現しようとして立つ(行動を起こす); 業:◆鍾(ショウ)や磬(ケイ)などの打楽器を吊るすための横木(筍)の上の横板、吊るした楽器の位置が演奏中にずれないように凹みや突起がついていたという、「业」はそれを
kk_企画_きかく,企画,きかく,企:◆爪先立ちする、「期待していることが実現する時を今か今かと待つ」の意に用いることがある◆立つ、期待していることを実現しようとして立つ(行動を起こす); 画:◆筆で線を引く、また線を引いて区切る、同「划」◆漢字の線や点の数(画数)を数える語◆輪郭(リンカク)を描く◆事に先立って案を作る、計画する、同「図」◆絵、絵を描,N3,on,on+on,A3_short_compound(on+on 71%),企:◆爪先立ちする、「期待していることが実現する時を今か今かと待つ」の意に用いることがある◆立つ、期待していることを実現しようとして立つ(行動を起こす); 画:◆筆で線を引く、また線を引いて区切る、同「划」◆漢字の線や点の数(画数)を数える語◆輪郭(リンカク)を描く◆事に先立って案を作る、計画する、同「図」◆絵、絵を描
kk_休学_きゅうがく,休学,きゅうがく,休:◆連続した動きや働きの途中で一旦その動きや働きを止(や)める、再開するために息を整えたり力を蓄(たくわ)えることをいう◆止める、止む、終わる、「【歸去來辭】羨萬; 学:◆(教えを受けながら、見て倣いながら)知識や技術などを身に付ける、習得する、またその内容、知識や技術などを授(さず)けることを「教」◆教えを受け知識や技術などを,N3,on,on+on,,休:◆連続した動きや働きの途中で一旦その動きや働きを止(や)める、再開するために息を整えたり力を蓄(たくわ)えることをいう◆止める、止む、終わる、「【歸去來辭】羨萬; 学:◆(教えを受けながら、見て倣いながら)知識や技術などを身に付ける、習得する、またその内容、知識や技術などを授(さず)けることを「教」◆教えを受け知識や技術などを
kk_休暇_きゅうか,休暇,きゅうか,休:◆連続した動きや働きの途中で一旦その動きや働きを止(や)める、再開するために息を整えたり力を蓄(たくわ)えることをいう◆止める、止む、終わる、「【歸去來辭】羨萬; 暇:◆(仕事などの合間の)空いた時間、何もすることがない時間、同「假」◆[日]いとま、職を辞(や)める、訪問先を去る,N3,on,on+on,A3_short_compound(on+on 71%),休:◆連続した動きや働きの途中で一旦その動きや働きを止(や)める、再開するために息を整えたり力を蓄(たくわ)えることをいう◆止める、止む、終わる、「【歸去來辭】羨萬; 暇:◆(仕事などの合間の)空いた時間、何もすることがない時間、同「假」◆[日]いとま、職を辞(や)める、訪問先を去る
kk_休講_きゅうこう,休講,きゅうこう,休:◆連続した動きや働きの途中で一旦その動きや働きを止(や)める、再開するために息を整えたり力を蓄(たくわ)えることをいう◆止める、止む、終わる、「【歸去來辭】羨萬; 講:◆相手に分かるように説(と)く、解説・説明する◆互いに相手の立場を理解し合う、和解(ワカイ)する、「講解(コウカイ)」「講和(コウワ)」,N3,on,on+on,B_verb_rad_言(kun 80%),休:◆連続した動きや働きの途中で一旦その動きや働きを止(や)める、再開するために息を整えたり力を蓄(たくわ)えることをいう◆止める、止む、終わる、「【歸去來辭】羨萬; 講:◆相手に分かるように説(と)く、解説・説明する◆互いに相手の立場を理解し合う、和解(ワカイ)する、「講解(コウカイ)」「講和(コウワ)」
kk_会計_かいけい,会計,かいけい,会:◆人が集まる、同じ時間や場所に(同じ目的で)集まる、「会合(カイゴウ)」◆多くの人が(出向いて)集まる、また集まったところ、「集会(シュウカイ)」「都会(トカイ; 計:◆数える、測る◆(その年の)出納を合わせる◆見積もる、見当をつける,N3,on,on+on,B_verb_rad_言(kun 80%),会:◆人が集まる、同じ時間や場所に(同じ目的で)集まる、「会合(カイゴウ)」◆多くの人が(出向いて)集まる、また集まったところ、「集会(シュウカイ)」「都会(トカイ; 計:◆数える、測る◆(その年の)出納を合わせる◆見積もる、見当をつける
kk_会談_かいだん,会談,かいだん,会:◆人が集まる、同じ時間や場所に(同じ目的で)集まる、「会合(カイゴウ)」◆多くの人が(出向いて)集まる、また集まったところ、「集会(シュウカイ)」「都会(トカイ; 談:◆物語、物語る、同「譚」◆寛いで話をする、盛んに語り合う,N3,on,on+on,B_verb_rad_言(kun 80%),会:◆人が集まる、同じ時間や場所に(同じ目的で)集まる、「会合(カイゴウ)」◆多くの人が(出向いて)集まる、また集まったところ、「集会(シュウカイ)」「都会(トカイ; 談:◆物語、物語る、同「譚」◆寛いで話をする、盛んに語り合う
kk_会費_かいひ,会費,かいひ,会:◆人が集まる、同じ時間や場所に(同じ目的で)集まる、「会合(カイゴウ)」◆多くの人が(出向いて)集まる、また集まったところ、「集会(シュウカイ)」「都会(トカイ; 費:◆金銭・品物・労力などを使う、時間・手間などがかかる◆ものなどを買うために用いる金銭、「費用(ヒヨウ)」◆使い減らす、「浪費(ロウヒ)」◆魯ロ国(前11世紀～前,N3,on,on+on,A3_short_compound(on+on 71%),会:◆人が集まる、同じ時間や場所に(同じ目的で)集まる、「会合(カイゴウ)」◆多くの人が(出向いて)集まる、また集まったところ、「集会(シュウカイ)」「都会(トカイ; 費:◆金銭・品物・労力などを使う、時間・手間などがかかる◆ものなどを買うために用いる金銭、「費用(ヒヨウ)」◆使い減らす、「浪費(ロウヒ)」◆魯ロ国(前11世紀～前
kk_会館_かいかん,会館,かいかん,会:◆人が集まる、同じ時間や場所に(同じ目的で)集まる、「会合(カイゴウ)」◆多くの人が(出向いて)集まる、また集まったところ、「集会(シュウカイ)」「都会(トカイ; 館:◆公用に使う大きな建物、公衆が利用する大きな建物◆公用の人や賓客を泊めるための建物、宿◆貴人の邸宅,N3,on,on+on,,会:◆人が集まる、同じ時間や場所に(同じ目的で)集まる、「会合(カイゴウ)」◆多くの人が(出向いて)集まる、また集まったところ、「集会(シュウカイ)」「都会(トカイ; 館:◆公用に使う大きな建物、公衆が利用する大きな建物◆公用の人や賓客を泊めるための建物、宿◆貴人の邸宅
kk_伝染_でんせん,伝染,でんせん,伝:◆「伝伝(ウンウン)」、雲のように留(とど)まることなく漂い行くさま、「【白虎通義:卷八:情性】魂魄者何謂魂猶伝伝也行不休於外也主於情…」◆[日]同「傳」; 染:◆液体が小さな隙間に滲(し)み込む、布などを液体に浸(ひた)して着色する、色を滲み込ませる◆色や匂いなどが付着する、またそれによってそれまでとは別のものになる、,N3,on,on+on,B_noun_rad_木(kun 93%),伝:◆「伝伝(ウンウン)」、雲のように留(とど)まることなく漂い行くさま、「【白虎通義:卷八:情性】魂魄者何謂魂猶伝伝也行不休於外也主於情…」◆[日]同「傳」; 染:◆液体が小さな隙間に滲(し)み込む、布などを液体に浸(ひた)して着色する、色を滲み込ませる◆色や匂いなどが付着する、またそれによってそれまでとは別のものになる、
kk_伝統_でんとう,伝統,でんとう,伝:◆「伝伝(ウンウン)」、雲のように留(とど)まることなく漂い行くさま、「【白虎通義:卷八:情性】魂魄者何謂魂猶伝伝也行不休於外也主於情…」◆[日]同「傳」; 統:◆糸口、糸や物事の端緒◆一つの糸口に繋がって伸び広がる、また続いて行く、遡れば一つの端緒に行き着く、またそのような物事◆一つの物事を端緒・頂点としてその下にばら,N3,on,on+on,,伝:◆「伝伝(ウンウン)」、雲のように留(とど)まることなく漂い行くさま、「【白虎通義:卷八:情性】魂魄者何謂魂猶伝伝也行不休於外也主於情…」◆[日]同「傳」; 統:◆糸口、糸や物事の端緒◆一つの糸口に繋がって伸び広がる、また続いて行く、遡れば一つの端緒に行き着く、またそのような物事◆一つの物事を端緒・頂点としてその下にばら
kk_伝達_でんたつ,伝達,でんたつ,伝:◆「伝伝(ウンウン)」、雲のように留(とど)まることなく漂い行くさま、「【白虎通義:卷八:情性】魂魄者何謂魂猶伝伝也行不休於外也主於情…」◆[日]同「傳」; 達:◆道が滞(とどこお)ることなく通じる◆目的とするところまで行き着く、また届く◆目標としたことを成し遂げる◆物事の奥深くまで通じる、また理解する◆[日]だち、たち,N3,on,on+on,,伝:◆「伝伝(ウンウン)」、雲のように留(とど)まることなく漂い行くさま、「【白虎通義:卷八:情性】魂魄者何謂魂猶伝伝也行不休於外也主於情…」◆[日]同「傳」; 達:◆道が滞(とどこお)ることなく通じる◆目的とするところまで行き着く、また届く◆目標としたことを成し遂げる◆物事の奥深くまで通じる、また理解する◆[日]だち、たち
kk_伴う_ともなう,伴う,ともなう,伴:◆一緒に行動する二人一組の片方◆二人が一緒に行動する、二人一組になって行動する、同「㚘」◆ともな・う、付き従える、大本(おおもと)となるものに付随する,N3,kun,kun,IL1_okurigana(kun 96%) | IL2_single_okuri(kun 96%),伴:◆一緒に行動する二人一組の片方◆二人が一緒に行動する、二人一組になって行動する、同「㚘」◆ともな・う、付き従える、大本(おおもと)となるものに付随する
kk_伸ばす_のばす,伸ばす,のばす,伸:◆広げ伸ばす、折れたり曲がっているものをまっすぐにする、畳んであるものを平らに広げる、同「申」,N3,kun,kun,IL1_okurigana(kun 96%) | IL2_single_okuri(kun 96%),伸:◆広げ伸ばす、折れたり曲がっているものをまっすぐにする、畳んであるものを平らに広げる、同「申」
kk_伸びる_のびる,伸びる,のびる,伸:◆広げ伸ばす、折れたり曲がっているものをまっすぐにする、畳んであるものを平らに広げる、同「申」,N3,kun,kun,IL1_okurigana(kun 96%) | IL2_single_okuri(kun 96%),伸:◆広げ伸ばす、折れたり曲がっているものをまっすぐにする、畳んであるものを平らに広げる、同「申」
kk_似合う_にあう,似合う,にあう,似:◆他と同じように見える、また見せる◆(他と)ほぼ同じ、～のよう◆継(つ)ぐ、後を継ぐ、同「嗣」[†「以前と同じように後に続く」の意†]; 合:◆人や物が集まって一緒になる、また一つになる◆幾つかのものを集め一緒にする、幾つかのものが集まり同じになる◆同じものを纏(まと)めた全体◆ぴったりと一致する、当,N3,kun,kun+kun,IL1_okurigana(kun 96%) | A1_compound_oku(kun 90%) | A1_on_kun_mix(on+kun 65%),似:◆他と同じように見える、また見せる◆(他と)ほぼ同じ、～のよう◆継(つ)ぐ、後を継ぐ、同「嗣」[†「以前と同じように後に続く」の意†]; 合:◆人や物が集まって一緒になる、また一つになる◆幾つかのものを集め一緒にする、幾つかのものが集まり同じになる◆同じものを纏(まと)めた全体◆ぴったりと一致する、当
kk_位置_いち,位置,いち,位:◆順に並ぶ時に立つべき場所、並べて置く時の置くべき場所、並んでいるものの中での置かれている場所、「位置(イチ)」◆階級の中の級(キュウ、順位)、席次(セキジ)、; 置:◆まっすぐに立てる、動かないように(傾いたり揺らいだり位置や状態が変わったりしないように)しっかりと据(す)える、同「寘」◆設(もう)ける、あるべきところに据え,N3,on,on+on,A3_short_compound(on+on 71%),位:◆順に並ぶ時に立つべき場所、並べて置く時の置くべき場所、並んでいるものの中での置かれている場所、「位置(イチ)」◆階級の中の級(キュウ、順位)、席次(セキジ)、; 置:◆まっすぐに立てる、動かないように(傾いたり揺らいだり位置や状態が変わったりしないように)しっかりと据(す)える、同「寘」◆設(もう)ける、あるべきところに据え
kk_住宅_じゅうたく,住宅,じゅうたく,住:◆同じ場所に長期間に亘(わた)って留(とど)まる◆場所を定めて生活する、またその居所(きょしょ、いどころ)◆動詞の後に置いて「同じ場所や状態に留(とど)まる、同; 宅:◆身を託(タク)すところ、住まい、住むための建物、住居(ジュウキョ)◆住まう、居住(キョジュウ)する◆落ち着く◆墓、墓地、「宅兆(タクチョウ)」,N3,on,on+on,B_noun_rad_宀(kun 93%),住:◆同じ場所に長期間に亘(わた)って留(とど)まる◆場所を定めて生活する、またその居所(きょしょ、いどころ)◆動詞の後に置いて「同じ場所や状態に留(とど)まる、同; 宅:◆身を託(タク)すところ、住まい、住むための建物、住居(ジュウキョ)◆住まう、居住(キョジュウ)する◆落ち着く◆墓、墓地、「宅兆(タクチョウ)」
kk_住居_じゅうきょ,住居,じゅうきょ,住:◆同じ場所に長期間に亘(わた)って留(とど)まる◆場所を定めて生活する、またその居所(きょしょ、いどころ)◆動詞の後に置いて「同じ場所や状態に留(とど)まる、同; 居:◆座る、腰を据(す)える、腰を落ち着ける、またその場所◆長く腰を落ち着けて住む、住まい◆一定の場所を占める、存在する◆貯(たくわ)える、得たものを置いておく,N3,on,on+on,A3_short_compound(on+on 71%),住:◆同じ場所に長期間に亘(わた)って留(とど)まる◆場所を定めて生活する、またその居所(きょしょ、いどころ)◆動詞の後に置いて「同じ場所や状態に留(とど)まる、同; 居:◆座る、腰を据(す)える、腰を落ち着ける、またその場所◆長く腰を落ち着けて住む、住まい◆一定の場所を占める、存在する◆貯(たくわ)える、得たものを置いておく
kk_住民_じゅうみん,住民,じゅうみん,住:◆同じ場所に長期間に亘(わた)って留(とど)まる◆場所を定めて生活する、またその居所(きょしょ、いどころ)◆動詞の後に置いて「同じ場所や状態に留(とど)まる、同; 民:◆(支配者層に属する人を除く)一般の人◆人(ひと)、人達(ひとたち),N3,on,on+on,,住:◆同じ場所に長期間に亘(わた)って留(とど)まる◆場所を定めて生活する、またその居所(きょしょ、いどころ)◆動詞の後に置いて「同じ場所や状態に留(とど)まる、同; 民:◆(支配者層に属する人を除く)一般の人◆人(ひと)、人達(ひとたち)
kk_体力_たいりょく,体力,たいりょく,体:◆頭から足の先までの全身、ものの全部、ものの主要な部分、またその姿形や様子、「身体(シンタイ、体、肉体)」「本体(ホンタイ、ものの本当の姿、ものの中心的部分)」; 力:◆ものを動かすもの、ものを動かしているもの、ものに働(はたら)くもの、「強力(キョウリョク、強い力)」◆働く、務(つと)める、勤(つと)める、「努力(ドリョク、,N3,on,on+on,B_verb_rad_力(kun 80%),体:◆頭から足の先までの全身、ものの全部、ものの主要な部分、またその姿形や様子、「身体(シンタイ、体、肉体)」「本体(ホンタイ、ものの本当の姿、ものの中心的部分)」; 力:◆ものを動かすもの、ものを動かしているもの、ものに働(はたら)くもの、「強力(キョウリョク、強い力)」◆働く、務(つと)める、勤(つと)める、「努力(ドリョク、
kk_体積_たいせき,体積,たいせき,体:◆頭から足の先までの全身、ものの全部、ものの主要な部分、またその姿形や様子、「身体(シンタイ、体、肉体)」「本体(ホンタイ、ものの本当の姿、ものの中心的部分)」; 積:◆(刈り取った穀物を)集めて次々に重ねて行く、上へ上へと重ねて行く◆堆(うずたか)く蓄(たくわ)える、貯(た)める◆数学で掛け算の結果◆「疳積(カンシャク)」、,N3,on,on+on,,体:◆頭から足の先までの全身、ものの全部、ものの主要な部分、またその姿形や様子、「身体(シンタイ、体、肉体)」「本体(ホンタイ、ものの本当の姿、ものの中心的部分)」; 積:◆(刈り取った穀物を)集めて次々に重ねて行く、上へ上へと重ねて行く◆堆(うずたか)く蓄(たくわ)える、貯(た)める◆数学で掛け算の結果◆「疳積(カンシャク)」、
kk_体育_たいいく,体育,たいいく,体:◆頭から足の先までの全身、ものの全部、ものの主要な部分、またその姿形や様子、「身体(シンタイ、体、肉体)」「本体(ホンタイ、ものの本当の姿、ものの中心的部分)」; 育:◆(生まれたばかりの子「𠫓」に)栄養や知識などを与えて成長させる、養分を与えて生長させる◆古「毓」,N3,on,on+on,,体:◆頭から足の先までの全身、ものの全部、ものの主要な部分、またその姿形や様子、「身体(シンタイ、体、肉体)」「本体(ホンタイ、ものの本当の姿、ものの中心的部分)」; 育:◆(生まれたばかりの子「𠫓」に)栄養や知識などを与えて成長させる、養分を与えて生長させる◆古「毓」
kk_体調_たいちょう,体調,たいちょう,体:◆頭から足の先までの全身、ものの全部、ものの主要な部分、またその姿形や様子、「身体(シンタイ、体、肉体)」「本体(ホンタイ、ものの本当の姿、ものの中心的部分)」; 調:◆整える、釣り合いを取る、バランスbalanceを取る、不均衡・不公平などでない状態にする、不快感・違和感などを感じない状態に整える、「調和(チョウワ)」◆音律,N3,on,on+on,B_verb_rad_言(kun 80%),体:◆頭から足の先までの全身、ものの全部、ものの主要な部分、またその姿形や様子、「身体(シンタイ、体、肉体)」「本体(ホンタイ、ものの本当の姿、ものの中心的部分)」; 調:◆整える、釣り合いを取る、バランスbalanceを取る、不均衡・不公平などでない状態にする、不快感・違和感などを感じない状態に整える、「調和(チョウワ)」◆音律
kk_体重_たいじゅう,体重,たいじゅう,体:◆頭から足の先までの全身、ものの全部、ものの主要な部分、またその姿形や様子、「身体(シンタイ、体、肉体)」「本体(ホンタイ、ものの本当の姿、ものの中心的部分)」; 重:◆層になる、上に載る、下になったものに上から大きな力が掛かる、負担が大きい◆再び、繰り返して、何度も、何層にも◆何層にも心配りがされていて手厚い、丁寧な◆何層に,N3,on,on+on,,体:◆頭から足の先までの全身、ものの全部、ものの主要な部分、またその姿形や様子、「身体(シンタイ、体、肉体)」「本体(ホンタイ、ものの本当の姿、ものの中心的部分)」; 重:◆層になる、上に載る、下になったものに上から大きな力が掛かる、負担が大きい◆再び、繰り返して、何度も、何層にも◆何層にも心配りがされていて手厚い、丁寧な◆何層に
kk_体験_たいけん,体験,たいけん,体:◆頭から足の先までの全身、ものの全部、ものの主要な部分、またその姿形や様子、「身体(シンタイ、体、肉体)」「本体(ホンタイ、ものの本当の姿、ものの中心的部分)」; 験:◆ため・す、どのような結果になるのかを知るために実際にやってみる、「実験」「試験」「体験」◆しるし、実際にやってみた証(あかし)、実際にやってみた結果生じるもの,N3,on,on+on,,体:◆頭から足の先までの全身、ものの全部、ものの主要な部分、またその姿形や様子、「身体(シンタイ、体、肉体)」「本体(ホンタイ、ものの本当の姿、ものの中心的部分)」; 験:◆ため・す、どのような結果になるのかを知るために実際にやってみる、「実験」「試験」「体験」◆しるし、実際にやってみた証(あかし)、実際にやってみた結果生じるもの
kk_何か_なんか,何か,なんか,何:◆(問うときに)なに?◆(物事について)なに、なんの、どういう、どのような◆(人について)だれ◆(幾つかの選択肢について)どれ、いずれ◆(場所について)どこ、い,N3,kun,kun,IL1_okurigana(kun 96%) | IL2_single_okuri(kun 96%),何:◆(問うときに)なに?◆(物事について)なに、なんの、どういう、どのような◆(人について)だれ◆(幾つかの選択肢について)どれ、いずれ◆(場所について)どこ、い
kk_何しろ_なにしろ,何しろ,なにしろ,何:◆(問うときに)なに?◆(物事について)なに、なんの、どういう、どのような◆(人について)だれ◆(幾つかの選択肢について)どれ、いずれ◆(場所について)どこ、い,N3,kun,kun,IL1_okurigana(kun 96%) | IL2_single_okuri(kun 96%),何:◆(問うときに)なに?◆(物事について)なに、なんの、どういう、どのような◆(人について)だれ◆(幾つかの選択肢について)どれ、いずれ◆(場所について)どこ、い
kk_何だ_なんだ,何だ,なんだ,何:◆(問うときに)なに?◆(物事について)なに、なんの、どういう、どのような◆(人について)だれ◆(幾つかの選択肢について)どれ、いずれ◆(場所について)どこ、い,N3,kun,kun,IL1_okurigana(kun 96%) | IL2_single_okuri(kun 96%),何:◆(問うときに)なに?◆(物事について)なに、なんの、どういう、どのような◆(人について)だれ◆(幾つかの選択肢について)どれ、いずれ◆(場所について)どこ、い
kk_何だか_なんだか,何だか,なんだか,何:◆(問うときに)なに?◆(物事について)なに、なんの、どういう、どのような◆(人について)だれ◆(幾つかの選択肢について)どれ、いずれ◆(場所について)どこ、い,N3,kun,kun,IL1_okurigana(kun 96%) | IL2_single_okuri(kun 96%),何:◆(問うときに)なに?◆(物事について)なに、なんの、どういう、どのような◆(人について)だれ◆(幾つかの選択肢について)どれ、いずれ◆(場所について)どこ、い
kk_何でも_なんでも,何でも,なんでも,何:◆(問うときに)なに?◆(物事について)なに、なんの、どういう、どのような◆(人について)だれ◆(幾つかの選択肢について)どれ、いずれ◆(場所について)どこ、い,N3,kun,kun,IL1_okurigana(kun 96%) | IL2_single_okuri(kun 96%),何:◆(問うときに)なに?◆(物事について)なに、なんの、どういう、どのような◆(人について)だれ◆(幾つかの選択肢について)どれ、いずれ◆(場所について)どこ、い
kk_何とか_なんとか,何とか,なんとか,何:◆(問うときに)なに?◆(物事について)なに、なんの、どういう、どのような◆(人について)だれ◆(幾つかの選択肢について)どれ、いずれ◆(場所について)どこ、い,N3,kun,kun,IL1_okurigana(kun 96%) | IL2_single_okuri(kun 96%),何:◆(問うときに)なに?◆(物事について)なに、なんの、どういう、どのような◆(人について)だれ◆(幾つかの選択肢について)どれ、いずれ◆(場所について)どこ、い
kk_何と無く_なんとなく,何と無く,なんとなく,何:◆(問うときに)なに?◆(物事について)なに、なんの、どういう、どのような◆(人について)だれ◆(幾つかの選択肢について)どれ、いずれ◆(場所について)どこ、い; 無:◆ない、存在しない、有(ゆう)していない◆～ではない、～であってはならない◆簡「无」,N3,kun,kun+kun~,IL1_okurigana(kun 96%) | A1_compound_oku(kun 90%) | A1_on_kun_mix(on+kun 65%),何:◆(問うときに)なに?◆(物事について)なに、なんの、どういう、どのような◆(人について)だれ◆(幾つかの選択肢について)どれ、いずれ◆(場所について)どこ、い; 無:◆ない、存在しない、有(ゆう)していない◆～ではない、～であってはならない◆簡「无」
kk_何と言っても_なんといっても,何と言っても,なんといっても,何:◆(問うときに)なに?◆(物事について)なに、なんの、どういう、どのような◆(人について)だれ◆(幾つかの選択肢について)どれ、いずれ◆(場所について)どこ、い; 言:◆相手に伝えたいことを声に出してはっきりと述べる、またその内容、またそのための語(ゴ、互いに意思の疎通を図るための言葉)◆字(ジ)、文字◆我(われ)、自分を指す,N3,kun,kun+kun~,IL1_okurigana(kun 96%) | A1_compound_oku(kun 90%) | A1_on_kun_mix(on+kun 65%),何:◆(問うときに)なに?◆(物事について)なに、なんの、どういう、どのような◆(人について)だれ◆(幾つかの選択肢について)どれ、いずれ◆(場所について)どこ、い; 言:◆相手に伝えたいことを声に出してはっきりと述べる、またその内容、またそのための語(ゴ、互いに意思の疎通を図るための言葉)◆字(ジ)、文字◆我(われ)、自分を指す
kk_何事_なにごと,何事,なにごと,何:◆(問うときに)なに?◆(物事について)なに、なんの、どういう、どのような◆(人について)だれ◆(幾つかの選択肢について)どれ、いずれ◆(場所について)どこ、い; 事:◆こと、動作・現象・状態など形のないものを指す語、形のあるものは「物」、「事情(ジジョウ、ことの様子)」「無事(ブジ、何事もないさま)」◆職(ショク)、仕事や役,N3,other,mixed+mixed~,,何:◆(問うときに)なに?◆(物事について)なに、なんの、どういう、どのような◆(人について)だれ◆(幾つかの選択肢について)どれ、いずれ◆(場所について)どこ、い; 事:◆こと、動作・現象・状態など形のないものを指す語、形のあるものは「物」、「事情(ジジョウ、ことの様子)」「無事(ブジ、何事もないさま)」◆職(ショク)、仕事や役
kk_何故ならば_なぜならば,何故ならば,なぜならば,何:◆(問うときに)なに?◆(物事について)なに、なんの、どういう、どのような◆(人について)だれ◆(幾つかの選択肢について)どれ、いずれ◆(場所について)どこ、い; 故:◆古い、以前の、同「古」◆古くから、以前から◆古くからの～、以前からの～◆死ぬ、亡(な)くなる◆～の為に～、～という理由で～、～が原因で～◆理由、原因◆(思い掛,N3,other,mixed+mixed~,IL1_okurigana(kun 96%) | A1_compound_oku(kun 90%) | A1_on_kun_mix(on+kun 65%),何:◆(問うときに)なに?◆(物事について)なに、なんの、どういう、どのような◆(人について)だれ◆(幾つかの選択肢について)どれ、いずれ◆(場所について)どこ、い; 故:◆古い、以前の、同「古」◆古くから、以前から◆古くからの～、以前からの～◆死ぬ、亡(な)くなる◆～の為に～、～という理由で～、～が原因で～◆理由、原因◆(思い掛
kk_何時からか_いつからか,何時からか,いつからか,何:◆(問うときに)なに?◆(物事について)なに、なんの、どういう、どのような◆(人について)だれ◆(幾つかの選択肢について)どれ、いずれ◆(場所について)どこ、い; 時:◆一年の四分の一、季節、「一時(イチジ、三カ月、一季節)」「四時(シジ、四つの季節、四季)」◆一日の十二分の一、現在は二十四分の一、「時刻(ジコク)」◆年代、期,N3,other,mixed+mixed~,IL1_okurigana(kun 96%) | A1_compound_oku(kun 90%) | A1_on_kun_mix(on+kun 65%),何:◆(問うときに)なに?◆(物事について)なに、なんの、どういう、どのような◆(人について)だれ◆(幾つかの選択肢について)どれ、いずれ◆(場所について)どこ、い; 時:◆一年の四分の一、季節、「一時(イチジ、三カ月、一季節)」「四時(シジ、四つの季節、四季)」◆一日の十二分の一、現在は二十四分の一、「時刻(ジコク)」◆年代、期
kk_何時の間にか_いつのまにか,何時の間にか,いつのまにか,何:◆(問うときに)なに?◆(物事について)なに、なんの、どういう、どのような◆(人について)だれ◆(幾つかの選択肢について)どれ、いずれ◆(場所について)どこ、い; 時:◆一年の四分の一、季節、「一時(イチジ、三カ月、一季節)」「四時(シジ、四つの季節、四季)」◆一日の十二分の一、現在は二十四分の一、「時刻(ジコク)」◆年代、期; 間:◆両側からぴったりと閉じられずに開いているところ、(空間・時間・物事・関係などが)連続せずに途切れているところ、開いたり途切れたりして何もないところ、隙(すき),N3,other,mixed+mixed+mixed~,IL1_okurigana(kun 96%) | A1_compound_oku(kun 90%) | A1_on_kun_mix(on+kun 65%),何:◆(問うときに)なに?◆(物事について)なに、なんの、どういう、どのような◆(人について)だれ◆(幾つかの選択肢について)どれ、いずれ◆(場所について)どこ、い; 時:◆一年の四分の一、季節、「一時(イチジ、三カ月、一季節)」「四時(シジ、四つの季節、四季)」◆一日の十二分の一、現在は二十四分の一、「時刻(ジコク)」◆年代、期; 間:◆両側からぴったりと閉じられずに開いているところ、(空間・時間・物事・関係などが)連続せずに途切れているところ、開いたり途切れたりして何もないところ、隙(すき)
kk_余る_あまる,余る,あまる,余:◆われ(我)◆それ以外の、他の◆あま・す、あま・り◇必要な分を取り除いた後に残る、音・匂い・味・印象などがその元となるものがなくなった後も残る◇食べ物の量が多く,N3,kun,kun,IL1_okurigana(kun 96%) | IL2_single_okuri(kun 96%),余:◆われ(我)◆それ以外の、他の◆あま・す、あま・り◇必要な分を取り除いた後に残る、音・匂い・味・印象などがその元となるものがなくなった後も残る◇食べ物の量が多く
kk_余裕_よゆう,余裕,よゆう,余:◆われ(我)◆それ以外の、他の◆あま・す、あま・り◇必要な分を取り除いた後に残る、音・匂い・味・印象などがその元となるものがなくなった後も残る◇食べ物の量が多く; 裕:◆(衣類も穀類も)あり余るほど多いさま、豊かなさま◆大きく広くゆったりとしているさま,N3,on,on+on,A3_short_compound(on+on 71%),余:◆われ(我)◆それ以外の、他の◆あま・す、あま・り◇必要な分を取り除いた後に残る、音・匂い・味・印象などがその元となるものがなくなった後も残る◇食べ物の量が多く; 裕:◆(衣類も穀類も)あり余るほど多いさま、豊かなさま◆大きく広くゆったりとしているさま
kk_作り出す_つくりだす,作り出す,つくりだす,作:◆働(はたらく)く、力や手を加える、為(な)す、「作業(サギョウ)」「作為(サクイ)」◆力や手を加えることによって物事や状態を変化させる、また他に影響を与える、; 出:◆範囲・領域・組織や区切り・境界の内(内側、内部、裏側、こちら側、私的なところ)から外(外側、外部、表側、向こう側、公のところ)に移る、また移す、外から内へ移る,N3,kun,kun+kun~,IL1_okurigana(kun 96%) | A1_compound_oku(kun 90%) | A1_on_kun_mix(on+kun 65%),作:◆働(はたらく)く、力や手を加える、為(な)す、「作業(サギョウ)」「作為(サクイ)」◆力や手を加えることによって物事や状態を変化させる、また他に影響を与える、; 出:◆範囲・領域・組織や区切り・境界の内(内側、内部、裏側、こちら側、私的なところ)から外(外側、外部、表側、向こう側、公のところ)に移る、また移す、外から内へ移る
kk_作成_さくせい,作成,さくせい,作:◆働(はたらく)く、力や手を加える、為(な)す、「作業(サギョウ)」「作為(サクイ)」◆力や手を加えることによって物事や状態を変化させる、また他に影響を与える、; 成:◆為(な)す、形や状態などを変えようとする、また変わろうとする◆本来の形や状態になる、目的・目標を持って働き、当初の目的・目標に達する、出来上がる、仕上がる、「,N3,on,on+on,,作:◆働(はたらく)く、力や手を加える、為(な)す、「作業(サギョウ)」「作為(サクイ)」◆力や手を加えることによって物事や状態を変化させる、また他に影響を与える、; 成:◆為(な)す、形や状態などを変えようとする、また変わろうとする◆本来の形や状態になる、目的・目標を持って働き、当初の目的・目標に達する、出来上がる、仕上がる、「
kk_作業_さぎょう,作業,さぎょう,作:◆働(はたらく)く、力や手を加える、為(な)す、「作業(サギョウ)」「作為(サクイ)」◆力や手を加えることによって物事や状態を変化させる、また他に影響を与える、; 業:◆鍾(ショウ)や磬(ケイ)などの打楽器を吊るすための横木(筍)の上の横板、吊るした楽器の位置が演奏中にずれないように凹みや突起がついていたという、「业」はそれを,N3,on,on+on,A3_short_compound(on+on 71%) | B_noun_rad_木(kun 93%),作:◆働(はたらく)く、力や手を加える、為(な)す、「作業(サギョウ)」「作為(サクイ)」◆力や手を加えることによって物事や状態を変化させる、また他に影響を与える、; 業:◆鍾(ショウ)や磬(ケイ)などの打楽器を吊るすための横木(筍)の上の横板、吊るした楽器の位置が演奏中にずれないように凹みや突起がついていたという、「业」はそれを
kk_作者_さくしゃ,作者,さくしゃ,作:◆働(はたらく)く、力や手を加える、為(な)す、「作業(サギョウ)」「作為(サクイ)」◆力や手を加えることによって物事や状態を変化させる、また他に影響を与える、; 者:◆～の人、～する人、「使者(ししゃ、使いをする人、運び届けること)」◆こと(事)、もの(物)、「再者(サイシャ、更に付け加えること、追伸)」「前者(ゼンシャ、前,N3,on,on+on,A3_short_compound(on+on 71%),作:◆働(はたらく)く、力や手を加える、為(な)す、「作業(サギョウ)」「作為(サクイ)」◆力や手を加えることによって物事や状態を変化させる、また他に影響を与える、; 者:◆～の人、～する人、「使者(ししゃ、使いをする人、運び届けること)」◆こと(事)、もの(物)、「再者(サイシャ、更に付け加えること、追伸)」「前者(ゼンシャ、前
kk_使い捨て_つかいすて,使い捨て,つかいすて,使:◆つか・う、人や家畜を働かせる、道具などを用いる◆つか・い、用事をする◆つか・わす、用事などを伝えるために人を差し向ける◆～に～させる◆もし～、仮に～; 捨:◆手放(てばな)す、棄(す)てる、握った手を解(と)いて手の中のものを放(ほう)る、同簡「舍」◆財物などを他に与える、施(ほどこ)す、「喜捨(キシャ)」「施捨(,N3,kun,kun+kun~,IL1_okurigana(kun 96%) | A1_compound_oku(kun 90%) | A1_on_kun_mix(on+kun 65%),使:◆つか・う、人や家畜を働かせる、道具などを用いる◆つか・い、用事をする◆つか・わす、用事などを伝えるために人を差し向ける◆～に～させる◆もし～、仮に～; 捨:◆手放(てばな)す、棄(す)てる、握った手を解(と)いて手の中のものを放(ほう)る、同簡「舍」◆財物などを他に与える、施(ほどこ)す、「喜捨(キシャ)」「施捨(
kk_使い道_つかいみち,使い道,つかいみち,使:◆つか・う、人や家畜を働かせる、道具などを用いる◆つか・い、用事をする◆つか・わす、用事などを伝えるために人を差し向ける◆～に～させる◆もし～、仮に～; 道:◆出発地から目的地へ通じている路(みち)、人や動物などが往来する通り路、「道路(ドウロ)」、同「路」◆目的を達するための経路、手順や方法◆導(みちび)く、手引き,N3,kun,kun+kun~,IL1_okurigana(kun 96%) | A1_compound_oku(kun 90%) | A1_on_kun_mix(on+kun 65%),使:◆つか・う、人や家畜を働かせる、道具などを用いる◆つか・い、用事をする◆つか・わす、用事などを伝えるために人を差し向ける◆～に～させる◆もし～、仮に～; 道:◆出発地から目的地へ通じている路(みち)、人や動物などが往来する通り路、「道路(ドウロ)」、同「路」◆目的を達するための経路、手順や方法◆導(みちび)く、手引き
kk_使用_しよう,使用,しよう,使:◆つか・う、人や家畜を働かせる、道具などを用いる◆つか・い、用事をする◆つか・わす、用事などを伝えるために人を差し向ける◆～に～させる◆もし～、仮に～; 用:◆人や物、或いはその特性や能力を使う、また使ってあることを行う、また役立たせる◆働かせる、発揮させる、またそのために必要な特性・能力・金銭など◆以(もっ)て◆[,N3,on,on+on,A3_short_compound(on+on 71%),使:◆つか・う、人や家畜を働かせる、道具などを用いる◆つか・い、用事をする◆つか・わす、用事などを伝えるために人を差し向ける◆～に～させる◆もし～、仮に～; 用:◆人や物、或いはその特性や能力を使う、また使ってあることを行う、また役立たせる◆働かせる、発揮させる、またそのために必要な特性・能力・金銭など◆以(もっ)て◆[
kk_例える_たとえる,例える,たとえる,例:◆たと・える、たと・えば、同じ種類・性質のものを列挙(レッキョ)する◆(同様のものを並べて)比べる、「比例(ヒレイ)」◆ためし、以前から行われていること、以前と,N3,kun,kun,IL1_okurigana(kun 96%) | IL2_single_okuri(kun 96%),例:◆たと・える、たと・えば、同じ種類・性質のものを列挙(レッキョ)する◆(同様のものを並べて)比べる、「比例(ヒレイ)」◆ためし、以前から行われていること、以前と
kk_例外_れいがい,例外,れいがい,例:◆たと・える、たと・えば、同じ種類・性質のものを列挙(レッキョ)する◆(同様のものを並べて)比べる、「比例(ヒレイ)」◆ためし、以前から行われていること、以前と; 外:◆そと、範囲・領域・組織や区切り・境界の内(内側、内部)から出たもの、表に出ている(表に面している)もの、見えるところにあるもの、またそのようなところ、逆は「内,N3,on,on+on,,例:◆たと・える、たと・えば、同じ種類・性質のものを列挙(レッキョ)する◆(同様のものを並べて)比べる、「比例(ヒレイ)」◆ためし、以前から行われていること、以前と; 外:◆そと、範囲・領域・組織や区切り・境界の内(内側、内部)から出たもの、表に出ている(表に面している)もの、見えるところにあるもの、またそのようなところ、逆は「内
kk_価値_かち,価値,かち,価:◆ものを売り渡しても買い取っても損はないと考える値段(ねだん)、ものの値打ち◆それがどの程度であるかを評価した結果示される値(あたい); 値:◆それがどの程度であるかを評価した結果示される価(あたい)、価格(カカク、物の値段、値打ち)、品位(ヒンイ、人や物の値打ち)、数(かず、数えた結果得られる数値),N3,on,on+on,A3_short_compound(on+on 71%),価:◆ものを売り渡しても買い取っても損はないと考える値段(ねだん)、ものの値打ち◆それがどの程度であるかを評価した結果示される値(あたい); 値:◆それがどの程度であるかを評価した結果示される価(あたい)、価格(カカク、物の値段、値打ち)、品位(ヒンイ、人や物の値打ち)、数(かず、数えた結果得られる数値)
kk_価格_かかく,価格,かかく,価:◆ものを売り渡しても買い取っても損はないと考える値段(ねだん)、ものの値打ち◆それがどの程度であるかを評価した結果示される値(あたい); 格:◆長く伸びた木の枝、その枝が交差するさま◆四角い枠(わく)、四角く枠をはめる◆ものの外枠、規則や基準◆限界(外枠)まで至る、行き着く、窮(きわ)まる、同「𢓜」◆,N3,on,on+on,A3_short_compound(on+on 71%) | B_noun_rad_木(kun 93%),価:◆ものを売り渡しても買い取っても損はないと考える値段(ねだん)、ものの値打ち◆それがどの程度であるかを評価した結果示される値(あたい); 格:◆長く伸びた木の枝、その枝が交差するさま◆四角い枠(わく)、四角く枠をはめる◆ものの外枠、規則や基準◆限界(外枠)まで至る、行き着く、窮(きわ)まる、同「𢓜」◆
kk_便り_たより,便り,たより,便:◆安らかなさま、差し障る(さしさわる)ようなことがないさま◆都合が良いさま、ちょうど良いさま、(物事をするのに)適(テキ)しているさま、「便宜(ベンギ)」「便利,N3,kun,kun,IL1_okurigana(kun 96%) | IL2_single_okuri(kun 96%),便:◆安らかなさま、差し障る(さしさわる)ようなことがないさま◆都合が良いさま、ちょうど良いさま、(物事をするのに)適(テキ)しているさま、「便宜(ベンギ)」「便利
kk_保存_ほぞん,保存,ほぞん,保:◆(子供などを)大切に守り育てる、「保護(ホゴ)」◆傍(そば)に付き添い助け守る、「保母(ホボ)」、傍に付き添いながら助言・教育する、「太保(タイホ、古代の官職; 存:◆そこに在(あ)る、そこに居(い)る、同「侟」◆ながら･える、保つ、長く保ち続ける◆生きている、「存命(ゾンメイ)」◆無事かどうかを問う、気に掛かっていることを,N3,on,on+on,A3_short_compound(on+on 71%),保:◆(子供などを)大切に守り育てる、「保護(ホゴ)」◆傍(そば)に付き添い助け守る、「保母(ホボ)」、傍に付き添いながら助言・教育する、「太保(タイホ、古代の官職; 存:◆そこに在(あ)る、そこに居(い)る、同「侟」◆ながら･える、保つ、長く保ち続ける◆生きている、「存命(ゾンメイ)」◆無事かどうかを問う、気に掛かっていることを
kk_保証_ほしょう,保証,ほしょう,保:◆(子供などを)大切に守り育てる、「保護(ホゴ)」◆傍(そば)に付き添い助け守る、「保母(ホボ)」、傍に付き添いながら助言・教育する、「太保(タイホ、古代の官職; 証:◆諌(いさ)める、過(あやま)ちを咎(とが)め正すよう意見する◆病気の徴候や状態、症状、同「症」◆正当であること(事実であること)を根拠を示して明らかにする、ま,N3,on,on+on,A3_short_compound(on+on 71%) | B_verb_rad_言(kun 80%),保:◆(子供などを)大切に守り育てる、「保護(ホゴ)」◆傍(そば)に付き添い助け守る、「保母(ホボ)」、傍に付き添いながら助言・教育する、「太保(タイホ、古代の官職; 証:◆諌(いさ)める、過(あやま)ちを咎(とが)め正すよう意見する◆病気の徴候や状態、症状、同「症」◆正当であること(事実であること)を根拠を示して明らかにする、ま
kk_信号待ち_しんごうまち,信号待ち,しんごうまち,信:◆誠実なさま、嘘偽りがないさま、言ったことを違(たが)えないさま◆確かであるとして疑わない、一点の疑いもない、「信用する」の意◆確かな、間違いない、確かに、本当; 号:◆大声を出す、大声で呼ぶ、「号令(ゴウレイ)」「怒号(ドゴウ)」◆大きな声で泣く、また鳴く、また吼(ほ)える、「号泣(ゴウキュウ)」◆名付ける、正式な名前、「称; 待:◆その人・時間・機会などが来るまで(その状態になるまで)その場に止(とど)まる、同「𥩳」◆持て成す(もてなす)、準備を整えて応接する、心を尽くして応対する◆「不,N3,mixed,on+on+kun~,IL1_okurigana(kun 96%) | A1_compound_oku(kun 90%) | A1_on_kun_mix(on+kun 65%),信:◆誠実なさま、嘘偽りがないさま、言ったことを違(たが)えないさま◆確かであるとして疑わない、一点の疑いもない、「信用する」の意◆確かな、間違いない、確かに、本当; 号:◆大声を出す、大声で呼ぶ、「号令(ゴウレイ)」「怒号(ドゴウ)」◆大きな声で泣く、また鳴く、また吼(ほ)える、「号泣(ゴウキュウ)」◆名付ける、正式な名前、「称; 待:◆その人・時間・機会などが来るまで(その状態になるまで)その場に止(とど)まる、同「𥩳」◆持て成す(もてなす)、準備を整えて応接する、心を尽くして応対する◆「不
kk_信用_しんよう,信用,しんよう,信:◆誠実なさま、嘘偽りがないさま、言ったことを違(たが)えないさま◆確かであるとして疑わない、一点の疑いもない、「信用する」の意◆確かな、間違いない、確かに、本当; 用:◆人や物、或いはその特性や能力を使う、また使ってあることを行う、また役立たせる◆働かせる、発揮させる、またそのために必要な特性・能力・金銭など◆以(もっ)て◆[,N3,on,on+on,,信:◆誠実なさま、嘘偽りがないさま、言ったことを違(たが)えないさま◆確かであるとして疑わない、一点の疑いもない、「信用する」の意◆確かな、間違いない、確かに、本当; 用:◆人や物、或いはその特性や能力を使う、また使ってあることを行う、また役立たせる◆働かせる、発揮させる、またそのために必要な特性・能力・金銭など◆以(もっ)て◆[
kk_信頼_しんらい,信頼,しんらい,信:◆誠実なさま、嘘偽りがないさま、言ったことを違(たが)えないさま◆確かであるとして疑わない、一点の疑いもない、「信用する」の意◆確かな、間違いない、確かに、本当; 頼:◆他に任(まか)せ切りにする、他を当てにする◆仕事や責任などを他に押し付ける、他のせいにする◆「無頼(ブライ)」◇他を当てにしない◇嘘ばかりで狡賢(ずるがしこ),N3,on,on+on,,信:◆誠実なさま、嘘偽りがないさま、言ったことを違(たが)えないさま◆確かであるとして疑わない、一点の疑いもない、「信用する」の意◆確かな、間違いない、確かに、本当; 頼:◆他に任(まか)せ切りにする、他を当てにする◆仕事や責任などを他に押し付ける、他のせいにする◆「無頼(ブライ)」◇他を当てにしない◇嘘ばかりで狡賢(ずるがしこ)
kk_修学_しゅうがく,修学,しゅうがく,修:◆荒々しいところ・ごつごつしたところを取り除いて形を整える、足りないところ・欠けているところを補いてすっきりした形にする◆足りないところ・欠けているところを補い; 学:◆(教えを受けながら、見て倣いながら)知識や技術などを身に付ける、習得する、またその内容、知識や技術などを授(さず)けることを「教」◆教えを受け知識や技術などを,N3,on,on+on,,修:◆荒々しいところ・ごつごつしたところを取り除いて形を整える、足りないところ・欠けているところを補いてすっきりした形にする◆足りないところ・欠けているところを補い; 学:◆(教えを受けながら、見て倣いながら)知識や技術などを身に付ける、習得する、またその内容、知識や技術などを授(さず)けることを「教」◆教えを受け知識や技術などを
kk_修理_しゅうり,修理,しゅうり,修:◆荒々しいところ・ごつごつしたところを取り除いて形を整える、足りないところ・欠けているところを補いてすっきりした形にする◆足りないところ・欠けているところを補い; 理:◆玉(ギョク、大変美しい石)の筋目(すじめ)、規則正しく並んだ筋目◆物事の正しい筋道◆筋道を立てる、また立っている、筋を通す、また通っている◆筋道に沿って判断す,N3,on,on+on,A3_short_compound(on+on 71%),修:◆荒々しいところ・ごつごつしたところを取り除いて形を整える、足りないところ・欠けているところを補いてすっきりした形にする◆足りないところ・欠けているところを補い; 理:◆玉(ギョク、大変美しい石)の筋目(すじめ)、規則正しく並んだ筋目◆物事の正しい筋道◆筋道を立てる、また立っている、筋を通す、また通っている◆筋道に沿って判断す
kk_俳優_はいゆう,俳優,はいゆう,俳:◆滑稽(コッケイ)な、面白(おもしろ)おかしい◆戯(おど)け芝居、またその芸人、「俳優(ハイユウ、古くは戯け芝居の芸人、また広く劇などを演ずる人)」◆「俳佪(ハ; 優:◆ゆったりとしている、ゆとりがある、穏(おだ)やかな、「強く締め付けられていない(制限・束縛されていない)様子や状態」を指す◆余裕があるさま、豊かなさま◆すぐ・,N3,on,on+on,,俳:◆滑稽(コッケイ)な、面白(おもしろ)おかしい◆戯(おど)け芝居、またその芸人、「俳優(ハイユウ、古くは戯け芝居の芸人、また広く劇などを演ずる人)」◆「俳佪(ハ; 優:◆ゆったりとしている、ゆとりがある、穏(おだ)やかな、「強く締め付けられていない(制限・束縛されていない)様子や状態」を指す◆余裕があるさま、豊かなさま◆すぐ・
kk_倉庫_そうこ,倉庫,そうこ,倉:◆穀物などを貯蔵するための屋根のある建物、特に方形の建物、円形は「囷」◆物や人を収容する、またそのための建物◆慌(あわただ)しいさま、忙(せわ)しいさま、「倉猝; 庫:◆兵車(ヘイシャ、軍事用の車両)を保管する建物、「兵庫(ヘイコ)」◆物を貯蔵・保管する建物または部屋、「府庫(フコ)」「倉庫(ソウコ)」,N3,on,on+on,A3_short_compound(on+on 71%) | B_noun_rad_广(kun 93%),倉:◆穀物などを貯蔵するための屋根のある建物、特に方形の建物、円形は「囷」◆物や人を収容する、またそのための建物◆慌(あわただ)しいさま、忙(せわ)しいさま、「倉猝; 庫:◆兵車(ヘイシャ、軍事用の車両)を保管する建物、「兵庫(ヘイコ)」◆物を貯蔵・保管する建物または部屋、「府庫(フコ)」「倉庫(ソウコ)」
kk_個人_こじん,個人,こじん,個:◆形のあるものを数える語、またその一つ一つを指す語、同「个」「箇」◆簡「个」; 人:◆霊長目ヒト科ヒト属の生物、ホモ・サピエンスHomo sapiens(「知恵の人」の意)、同「儿」◆自分以外の者、「人我(ジンガ、他人と自分)」◆人の数(かず),N3,on,on+on,A3_short_compound(on+on 71%),個:◆形のあるものを数える語、またその一つ一つを指す語、同「个」「箇」◆簡「个」; 人:◆霊長目ヒト科ヒト属の生物、ホモ・サピエンスHomo sapiens(「知恵の人」の意)、同「儿」◆自分以外の者、「人我(ジンガ、他人と自分)」◆人の数(かず)
kk_個性_こせい,個性,こせい,個:◆形のあるものを数える語、またその一つ一つを指す語、同「个」「箇」◆簡「个」; 性:◆生まれながらに持っている能力・性格・習癖・運命などの無形のもの◆男女・雄雌の別、男女間また雄雌間の本能的な関係◆物事が具えている資質や能力,N3,on,on+on,A3_short_compound(on+on 71%),個:◆形のあるものを数える語、またその一つ一つを指す語、同「个」「箇」◆簡「个」; 性:◆生まれながらに持っている能力・性格・習癖・運命などの無形のもの◆男女・雄雌の別、男女間また雄雌間の本能的な関係◆物事が具えている資質や能力
kk_借金_しゃっきん,借金,しゃっきん,借:◆後で返すことを条件に人の所有物を預かり用いる、同「貣」◆後で返すことを条件に人の所有物を別人に預け用いさせる、貸す、同「貸」◆他のものや別のものを仮に用いる、; 金:◆黄金・白銀・赤銅・青銅・青鉛・黒鉄などの総称、金属の総称◆(黄金のように)黄色い、輝く、美しい、貴重な、(金属のように)堅い◆金属製のもの◆銭(ぜに)、またそ,N3,on,on+on,B_noun_rad_金(kun 93%),借:◆後で返すことを条件に人の所有物を預かり用いる、同「貣」◆後で返すことを条件に人の所有物を別人に預け用いさせる、貸す、同「貸」◆他のものや別のものを仮に用いる、; 金:◆黄金・白銀・赤銅・青銅・青鉛・黒鉄などの総称、金属の総称◆(黄金のように)黄色い、輝く、美しい、貴重な、(金属のように)堅い◆金属製のもの◆銭(ぜに)、またそ
kk_偉大_いだい,偉大,いだい,偉:◆並外れて大きいさま、大きくて立派なさま◆「奇偉(キイ)」、ひときわ大きいさま、また大きくて立派なさま; 大:◆形・数・量・力・程度などが比較しようとしているもの以上である、求められる(必要とされる、必要な)形・数・量・力・程度などを超(こ)えている、優(すぐ)れる、長,N3,on,on+on,A3_short_compound(on+on 71%),偉:◆並外れて大きいさま、大きくて立派なさま◆「奇偉(キイ)」、ひときわ大きいさま、また大きくて立派なさま; 大:◆形・数・量・力・程度などが比較しようとしているもの以上である、求められる(必要とされる、必要な)形・数・量・力・程度などを超(こ)えている、優(すぐ)れる、長
kk_停留所_ていりゅうじょ,停留所,ていりゅうじょ,停:◆連続・継続する動きや流れ(道程・工程・時間・年月など)の途中で一旦(イッタン、少しの間、一時的に)同じ場所や状態に留(とど)まる、同「亭」◆止(とど)まる、止; 留:◆動きを止(と)める、動きを止めて同じ場所や状態に止(とど)まる◆同じ状態が残る、同じ状態で残す; 所:◆処(ところ)、ものがある場また位置(要所・箇所など)、ことをする場また位置(住所・裁判所など)◆～のこと、「所感(感じること)」「所存(考え思っていること)◆,N3,other,mixed+mixed+mixed~,A4_multi_on(on+on+on 65%),停:◆連続・継続する動きや流れ(道程・工程・時間・年月など)の途中で一旦(イッタン、少しの間、一時的に)同じ場所や状態に留(とど)まる、同「亭」◆止(とど)まる、止; 留:◆動きを止(と)める、動きを止めて同じ場所や状態に止(とど)まる◆同じ状態が残る、同じ状態で残す; 所:◆処(ところ)、ものがある場また位置(要所・箇所など)、ことをする場また位置(住所・裁判所など)◆～のこと、「所感(感じること)」「所存(考え思っていること)◆
kk_停電_ていでん,停電,ていでん,停:◆連続・継続する動きや流れ(道程・工程・時間・年月など)の途中で一旦(イッタン、少しの間、一時的に)同じ場所や状態に留(とど)まる、同「亭」◆止(とど)まる、止; 電:◆雷(かみなり)の光、稲妻(いなずま)◆光や音のように一瞬で遠くまで届くもの、また伝わるもの,N3,on,on+on,B_noun_rad_雨(kun 93%),停:◆連続・継続する動きや流れ(道程・工程・時間・年月など)の途中で一旦(イッタン、少しの間、一時的に)同じ場所や状態に留(とど)まる、同「亭」◆止(とど)まる、止; 電:◆雷(かみなり)の光、稲妻(いなずま)◆光や音のように一瞬で遠くまで届くもの、また伝わるもの
kk_偶々_たまたま,偶々,たまたま,偶:◆人の形に似せた人形、「偶像(グウゾウ)」「木偶(モクグウ、でく)」、同「𣕃」◆夫婦などのように同等のものが対(ツイ、二つで一組)になる◆2で割り切れる数、「偶,N3,on,on~,IL2_on_only(on 99%),偶:◆人の形に似せた人形、「偶像(グウゾウ)」「木偶(モクグウ、でく)」、同「𣕃」◆夫婦などのように同等のものが対(ツイ、二つで一組)になる◆2で割り切れる数、「偶
kk_偽物_にせもの,偽物,にせもの,偽:◆本物・事実・現実であるかのように装(よそお)う◆上辺(うわべ)だけを取り繕う、見せ掛ける◆本物ではない、事実ではない、実際とは違う、嘘をつく; 物:◆(天地の間に存在する)人以外の形のあるもの、人は「者」、形のないものは「事」,N3,kun,kun+kun~,B_noun_rad_牛(kun 93%),偽:◆本物・事実・現実であるかのように装(よそお)う◆上辺(うわべ)だけを取り繕う、見せ掛ける◆本物ではない、事実ではない、実際とは違う、嘘をつく; 物:◆(天地の間に存在する)人以外の形のあるもの、人は「者」、形のないものは「事」
kk_傾向_けいこう,傾向,けいこう,傾:◆斜めになる、片方に(一方に)偏(かたよ)る◆斜めにする、(器などの中身を出すように)横にし(出切らないようであれば)更に逆さにする◆(直立しているものが傾き); 向:◆窓、北側に面した窓、同「郷」、「丿冂」は「宀」で「屋根のある建物」、「口」は「壁などに空いた窓」の意◆目的とするところを目指して行く、基点となるところから遠ざ,N3,on,on+on,,傾:◆斜めになる、片方に(一方に)偏(かたよ)る◆斜めにする、(器などの中身を出すように)横にし(出切らないようであれば)更に逆さにする◆(直立しているものが傾き); 向:◆窓、北側に面した窓、同「郷」、「丿冂」は「宀」で「屋根のある建物」、「口」は「壁などに空いた窓」の意◆目的とするところを目指して行く、基点となるところから遠ざ
kk_優勝_ゆうしょう,優勝,ゆうしょう,優:◆ゆったりとしている、ゆとりがある、穏(おだ)やかな、「強く締め付けられていない(制限・束縛されていない)様子や状態」を指す◆余裕があるさま、豊かなさま◆すぐ・; 勝:◆責任や任務によく耐える、また耐えることができる◆克(か)つ、克服する、(困難に耐え)乗り越え成し遂げる◆～を上回る、～より優(すぐ)れる、優れている◆相手を上,N3,on,on+on,B_verb_rad_力(kun 80%),優:◆ゆったりとしている、ゆとりがある、穏(おだ)やかな、「強く締め付けられていない(制限・束縛されていない)様子や状態」を指す◆余裕があるさま、豊かなさま◆すぐ・; 勝:◆責任や任務によく耐える、また耐えることができる◆克(か)つ、克服する、(困難に耐え)乗り越え成し遂げる◆～を上回る、～より優(すぐ)れる、優れている◆相手を上
kk_優秀_ゆうしょう,優秀,ゆうしょう,優:◆ゆったりとしている、ゆとりがある、穏(おだ)やかな、「強く締め付けられていない(制限・束縛されていない)様子や状態」を指す◆余裕があるさま、豊かなさま◆すぐ・; 秀:◆穀物の穂(ほ)、穂が出て花が咲く◆草木が盛んに伸び育つ◆伸び出る、突出する、群を抜く◆他よりも優(すぐ)れているさま、ひときわ美しいさま,N3,other,mixed+mixed~,,優:◆ゆったりとしている、ゆとりがある、穏(おだ)やかな、「強く締め付けられていない(制限・束縛されていない)様子や状態」を指す◆余裕があるさま、豊かなさま◆すぐ・; 秀:◆穀物の穂(ほ)、穂が出て花が咲く◆草木が盛んに伸び育つ◆伸び出る、突出する、群を抜く◆他よりも優(すぐ)れているさま、ひときわ美しいさま
kk_儲かる_もうかる,儲かる,もうかる,儲:◆蓄(たくわ)える、貯(たくわ)える◆用意しておく、準備しておく◆天子や諸侯などの高位の人の後を継ぐ予定の世嗣(セイシ、よつぎ)、「後継者として準備されている人,N3,kun,kun,IL1_okurigana(kun 96%) | IL2_single_okuri(kun 96%),儲:◆蓄(たくわ)える、貯(たくわ)える◆用意しておく、準備しておく◆天子や諸侯などの高位の人の後を継ぐ予定の世嗣(セイシ、よつぎ)、「後継者として準備されている人
kk_儲ける_もうける,儲ける,もうける,儲:◆蓄(たくわ)える、貯(たくわ)える◆用意しておく、準備しておく◆天子や諸侯などの高位の人の後を継ぐ予定の世嗣(セイシ、よつぎ)、「後継者として準備されている人,N3,kun,kun,IL1_okurigana(kun 96%) | IL2_single_okuri(kun 96%),儲:◆蓄(たくわ)える、貯(たくわ)える◆用意しておく、準備しておく◆天子や諸侯などの高位の人の後を継ぐ予定の世嗣(セイシ、よつぎ)、「後継者として準備されている人
kk_元_もと,元,もと,元:◆物事の発端(ホッタン)、起源、始まり、「元年(ガンネン)」◆物事の基(もと)となるもの、根本(コンポン)◆物事の先頭にあるもの、頭(かしら)、「元首(ゲンシュ,N3,kun,kun,IL2_single_default(kun 84%),元:◆物事の発端(ホッタン)、起源、始まり、「元年(ガンネン)」◆物事の基(もと)となるもの、根本(コンポン)◆物事の先頭にあるもの、頭(かしら)、「元首(ゲンシュ
kk_元々_もともと,元々,もともと,元:◆物事の発端(ホッタン)、起源、始まり、「元年(ガンネン)」◆物事の基(もと)となるもの、根本(コンポン)◆物事の先頭にあるもの、頭(かしら)、「元首(ゲンシュ,N3,kun,kun,IL2_single_default(kun 84%),元:◆物事の発端(ホッタン)、起源、始まり、「元年(ガンネン)」◆物事の基(もと)となるもの、根本(コンポン)◆物事の先頭にあるもの、頭(かしら)、「元首(ゲンシュ
kk_元日_がんじつ,元日,がんじつ,元:◆物事の発端(ホッタン)、起源、始まり、「元年(ガンネン)」◆物事の基(もと)となるもの、根本(コンポン)◆物事の先頭にあるもの、頭(かしら)、「元首(ゲンシュ; 日:◆太陽◆太陽が出ている間、昼間、夜明けから日没まで◆一昼夜、朝から次の朝まで、またその繰り返し、またその繰り返しを数える語◆候(コウ)、時節、頃(ケイ、ころ)◆,N3,on,on+on,,元:◆物事の発端(ホッタン)、起源、始まり、「元年(ガンネン)」◆物事の基(もと)となるもの、根本(コンポン)◆物事の先頭にあるもの、頭(かしら)、「元首(ゲンシュ; 日:◆太陽◆太陽が出ている間、昼間、夜明けから日没まで◆一昼夜、朝から次の朝まで、またその繰り返し、またその繰り返しを数える語◆候(コウ)、時節、頃(ケイ、ころ)◆
kk_充電_じゅうでん,充電,じゅうでん,充:◆あ・てる、足し加えて満たす、空いているところを埋める◆み・ちる、満ちる、いっぱいになる; 電:◆雷(かみなり)の光、稲妻(いなずま)◆光や音のように一瞬で遠くまで届くもの、また伝わるもの,N3,on,on+on,B_noun_rad_雨(kun 93%),充:◆あ・てる、足し加えて満たす、空いているところを埋める◆み・ちる、満ちる、いっぱいになる; 電:◆雷(かみなり)の光、稲妻(いなずま)◆光や音のように一瞬で遠くまで届くもの、また伝わるもの
kk_先々_さきざき,先々,さきざき,先:◆基準になる位置や時間よりも前、同「前」、逆は「後」◆前に向かって進む、またその方向、同「前」◆以前、時間的に過去の方向◆ま・ず、最初に、～の前に,N3,kun,kun,IL2_single_default(kun 84%),先:◆基準になる位置や時間よりも前、同「前」、逆は「後」◆前に向かって進む、またその方向、同「前」◆以前、時間的に過去の方向◆ま・ず、最初に、～の前に
kk_先日_せんじつ,先日,せんじつ,先:◆基準になる位置や時間よりも前、同「前」、逆は「後」◆前に向かって進む、またその方向、同「前」◆以前、時間的に過去の方向◆ま・ず、最初に、～の前に; 日:◆太陽◆太陽が出ている間、昼間、夜明けから日没まで◆一昼夜、朝から次の朝まで、またその繰り返し、またその繰り返しを数える語◆候(コウ)、時節、頃(ケイ、ころ)◆,N3,on,on+on,,先:◆基準になる位置や時間よりも前、同「前」、逆は「後」◆前に向かって進む、またその方向、同「前」◆以前、時間的に過去の方向◆ま・ず、最初に、～の前に; 日:◆太陽◆太陽が出ている間、昼間、夜明けから日没まで◆一昼夜、朝から次の朝まで、またその繰り返し、またその繰り返しを数える語◆候(コウ)、時節、頃(ケイ、ころ)◆
kk_先程_さきほど,先程,さきほど,先:◆基準になる位置や時間よりも前、同「前」、逆は「後」◆前に向かって進む、またその方向、同「前」◆以前、時間的に過去の方向◆ま・ず、最初に、～の前に; 程:◆ものの大小・長短・軽重・強弱・優劣などをはかる(測る・量る・計る)際の基準・規格◆一定の決まり・手順・方法◆定まっている基準・規格・決まり・区切り・手順・方法,N3,kun,kun+kun~,,先:◆基準になる位置や時間よりも前、同「前」、逆は「後」◆前に向かって進む、またその方向、同「前」◆以前、時間的に過去の方向◆ま・ず、最初に、～の前に; 程:◆ものの大小・長短・軽重・強弱・優劣などをはかる(測る・量る・計る)際の基準・規格◆一定の決まり・手順・方法◆定まっている基準・規格・決まり・区切り・手順・方法
kk_免許_めんきょ,免許,めんきょ,免:◆取り除く、取り去る◆身に着けているものを脱(ぬ)ぐ◆逃(のが)れる、負うべき役目や義務などを負わずに済む、災いなどに遇わず済む◆許(ゆる)す、赦(ゆる)す、見; 許:◆ゆる・す、願いや話を聞き入れる、受け入れる◆ゆる・す、認める◆もと、～のところ(処、所)◆ばか・り、凡(おおよ)そ～、～程(ほど)◆「何許(カキョ)」◇何処(,N3,on,on+on,A3_short_compound(on+on 71%) | B_verb_rad_言(kun 80%),免:◆取り除く、取り去る◆身に着けているものを脱(ぬ)ぐ◆逃(のが)れる、負うべき役目や義務などを負わずに済む、災いなどに遇わず済む◆許(ゆる)す、赦(ゆる)す、見; 許:◆ゆる・す、願いや話を聞き入れる、受け入れる◆ゆる・す、認める◆もと、～のところ(処、所)◆ばか・り、凡(おおよ)そ～、～程(ほど)◆「何許(カキョ)」◇何処(
kk_兎に角_とにかく,兎に角,とにかく,兎:◆ウサギ(兎、兔)、ウサギ目の哺乳類◆「玉兎(ギョクト)」、月(つき、地球の衛星)、月にウサギが住むと考えられたことから◆「伏兎(フクト)」、車軸に被(かぶ)せ; 角:◆つの、動物などの頭部から突き出た骨質状また角質状のもの、またそのように先が尖ったもの、またそのように先が尖った状態◆(角を突き合わせて)力を競い合う◆すみ、か,N3,on,on+on,IL1_okurigana(kun 96%) | A1_compound_oku(kun 90%) | A1_on_kun_mix(on+kun 65%),兎:◆ウサギ(兎、兔)、ウサギ目の哺乳類◆「玉兎(ギョクト)」、月(つき、地球の衛星)、月にウサギが住むと考えられたことから◆「伏兎(フクト)」、車軸に被(かぶ)せ; 角:◆つの、動物などの頭部から突き出た骨質状また角質状のもの、またそのように先が尖ったもの、またそのように先が尖った状態◆(角を突き合わせて)力を競い合う◆すみ、か
kk_入り込む_はいりこむ,入り込む,はいりこむ,入:◆範囲・領域・組織や区切り・境界の外(外側、外部、表側、向こう側、公のところ)から内(内側、内部、裏側、こちら側、私的なところ)に移る、また移す、内から外へ移る; 込:◆[日]中に(内に、裏に、見えないところに)入(はい)る、入(い)れる,N3,kun,kun+kun~,IL1_okurigana(kun 96%) | A1_compound_oku(kun 90%) | A1_on_kun_mix(on+kun 65%),入:◆範囲・領域・組織や区切り・境界の外(外側、外部、表側、向こう側、公のところ)から内(内側、内部、裏側、こちら側、私的なところ)に移る、また移す、内から外へ移る; 込:◆[日]中に(内に、裏に、見えないところに)入(はい)る、入(い)れる
kk_入れ物_いれもの,入れ物,いれもの,入:◆範囲・領域・組織や区切り・境界の外(外側、外部、表側、向こう側、公のところ)から内(内側、内部、裏側、こちら側、私的なところ)に移る、また移す、内から外へ移る; 物:◆(天地の間に存在する)人以外の形のあるもの、人は「者」、形のないものは「事」,N3,kun,kun+kun~,IL1_okurigana(kun 96%) | A1_compound_oku(kun 90%) | A1_on_kun_mix(on+kun 65%),入:◆範囲・領域・組織や区切り・境界の外(外側、外部、表側、向こう側、公のところ)から内(内側、内部、裏側、こちら側、私的なところ)に移る、また移す、内から外へ移る; 物:◆(天地の間に存在する)人以外の形のあるもの、人は「者」、形のないものは「事」
kk_入国_にゅうこく,入国,にゅうこく,入:◆範囲・領域・組織や区切り・境界の外(外側、外部、表側、向こう側、公のところ)から内(内側、内部、裏側、こちら側、私的なところ)に移る、また移す、内から外へ移る; 国:◆主権者の支配が及ぶ範囲、土地や人や政治体制などを含む概念で古くは君主から与えられた領地、「王(権力者)の勢力が及ぶ範囲(囗)」の意,N3,on,on+on,,入:◆範囲・領域・組織や区切り・境界の外(外側、外部、表側、向こう側、公のところ)から内(内側、内部、裏側、こちら側、私的なところ)に移る、また移す、内から外へ移る; 国:◆主権者の支配が及ぶ範囲、土地や人や政治体制などを含む概念で古くは君主から与えられた領地、「王(権力者)の勢力が及ぶ範囲(囗)」の意
kk_入場_にゅうじょう,入場,にゅうじょう,入:◆範囲・領域・組織や区切り・境界の外(外側、外部、表側、向こう側、公のところ)から内(内側、内部、裏側、こちら側、私的なところ)に移る、また移す、内から外へ移る; 場:◆(日当たりのよい、収穫した穀物の乾燥・脱穀などをする、また多くの人やものが集まる)広く平らなところ、「広場」、同「塲」◆一段と高くし上を平らに作ったところ、台,N3,on,on+on,,入:◆範囲・領域・組織や区切り・境界の外(外側、外部、表側、向こう側、公のところ)から内(内側、内部、裏側、こちら側、私的なところ)に移る、また移す、内から外へ移る; 場:◆(日当たりのよい、収穫した穀物の乾燥・脱穀などをする、また多くの人やものが集まる)広く平らなところ、「広場」、同「塲」◆一段と高くし上を平らに作ったところ、台
kk_全く_まったく,全く,まったく,全:◆すべ・て、欠点・瑕疵や不備・不足がない、余すところがない◆まった・く、まっと・う、余すところなく、漏れなく、残らず、すっかり,N3,other,unknown,IL1_okurigana(kun 96%) | IL2_single_okuri(kun 96%),全:◆すべ・て、欠点・瑕疵や不備・不足がない、余すところがない◆まった・く、まっと・う、余すところなく、漏れなく、残らず、すっかり
kk_全体_ぜんたい,全体,ぜんたい,全:◆すべ・て、欠点・瑕疵や不備・不足がない、余すところがない◆まった・く、まっと・う、余すところなく、漏れなく、残らず、すっかり; 体:◆頭から足の先までの全身、ものの全部、ものの主要な部分、またその姿形や様子、「身体(シンタイ、体、肉体)」「本体(ホンタイ、ものの本当の姿、ものの中心的部分)」,N3,on,on+on,,全:◆すべ・て、欠点・瑕疵や不備・不足がない、余すところがない◆まった・く、まっと・う、余すところなく、漏れなく、残らず、すっかり; 体:◆頭から足の先までの全身、ものの全部、ものの主要な部分、またその姿形や様子、「身体(シンタイ、体、肉体)」「本体(ホンタイ、ものの本当の姿、ものの中心的部分)」
kk_全力_ぜんりょく,全力,ぜんりょく,全:◆すべ・て、欠点・瑕疵や不備・不足がない、余すところがない◆まった・く、まっと・う、余すところなく、漏れなく、残らず、すっかり; 力:◆ものを動かすもの、ものを動かしているもの、ものに働(はたら)くもの、「強力(キョウリョク、強い力)」◆働く、務(つと)める、勤(つと)める、「努力(ドリョク、,N3,on,on+on,B_verb_rad_力(kun 80%),全:◆すべ・て、欠点・瑕疵や不備・不足がない、余すところがない◆まった・く、まっと・う、余すところなく、漏れなく、残らず、すっかり; 力:◆ものを動かすもの、ものを動かしているもの、ものに働(はたら)くもの、「強力(キョウリョク、強い力)」◆働く、務(つと)める、勤(つと)める、「努力(ドリョク、
kk_全身_ぜんしん,全身,ぜんしん,全:◆すべ・て、欠点・瑕疵や不備・不足がない、余すところがない◆まった・く、まっと・う、余すところなく、漏れなく、残らず、すっかり; 身:◆(頭部を除いた)体(からだ)、躯体(クタイ)、同「躯」「躬」◆中に含まれているもの、また入っているもの、本体◆人の一生、命(いのち)◆吾(われ)、我(わ)が、,N3,on,on+on,,全:◆すべ・て、欠点・瑕疵や不備・不足がない、余すところがない◆まった・く、まっと・う、余すところなく、漏れなく、残らず、すっかり; 身:◆(頭部を除いた)体(からだ)、躯体(クタイ)、同「躯」「躬」◆中に含まれているもの、また入っているもの、本体◆人の一生、命(いのち)◆吾(われ)、我(わ)が、
kk_全～_ぜん～,全～,ぜん～,全:◆すべ・て、欠点・瑕疵や不備・不足がない、余すところがない◆まった・く、まっと・う、余すところなく、漏れなく、残らず、すっかり,N3,on,on,IL2_single_default(kun 84%),全:◆すべ・て、欠点・瑕疵や不備・不足がない、余すところがない◆まった・く、まっと・う、余すところなく、漏れなく、残らず、すっかり
kk_公共_こうきょう,公共,こうきょう,公:◆私(わたくし)することなく広く平らなさま、偏(かたよ)らないさま、「公平(コウヘイ)」◆私・個人ではなく多くの人の集まり、社会的なこと、「公共(コウキョウ、多; 共:◆両手を胸の前で組む、同「拱」◆両手で物を捧(ささ)げ持つ、恭(うやうや)しく捧げ持つ、同「供」「恭」◆～と一緒に、～と同じに◆一緒に～する◆合わせて、全部で,N3,on,on+on,,公:◆私(わたくし)することなく広く平らなさま、偏(かたよ)らないさま、「公平(コウヘイ)」◆私・個人ではなく多くの人の集まり、社会的なこと、「公共(コウキョウ、多; 共:◆両手を胸の前で組む、同「拱」◆両手で物を捧(ささ)げ持つ、恭(うやうや)しく捧げ持つ、同「供」「恭」◆～と一緒に、～と同じに◆一緒に～する◆合わせて、全部で
kk_公害_こうがい,公害,こうがい,公:◆私(わたくし)することなく広く平らなさま、偏(かたよ)らないさま、「公平(コウヘイ)」◆私・個人ではなく多くの人の集まり、社会的なこと、「公共(コウキョウ、多; 害:◆状態を悪くする、損(そこ)なう、傷付ける、妨(さまた)げる、良好な状態とは逆の状態になる◆なぜ、どうして、どうして～しないのか、同「盍」,N3,on,on+on,B_noun_rad_宀(kun 93%),公:◆私(わたくし)することなく広く平らなさま、偏(かたよ)らないさま、「公平(コウヘイ)」◆私・個人ではなく多くの人の集まり、社会的なこと、「公共(コウキョウ、多; 害:◆状態を悪くする、損(そこ)なう、傷付ける、妨(さまた)げる、良好な状態とは逆の状態になる◆なぜ、どうして、どうして～しないのか、同「盍」
kk_公平_こうへい,公平,こうへい,公:◆私(わたくし)することなく広く平らなさま、偏(かたよ)らないさま、「公平(コウヘイ)」◆私・個人ではなく多くの人の集まり、社会的なこと、「公共(コウキョウ、多; 平:◆起伏や凹凸がない、高さが揃っている◆普段通り、何時もと変わらずあるべき状態にある◆乱れがなく穏やかなさま◆均一な、等しい、斉(ひと)しい,N3,on,on+on,,公:◆私(わたくし)することなく広く平らなさま、偏(かたよ)らないさま、「公平(コウヘイ)」◆私・個人ではなく多くの人の集まり、社会的なこと、「公共(コウキョウ、多; 平:◆起伏や凹凸がない、高さが揃っている◆普段通り、何時もと変わらずあるべき状態にある◆乱れがなく穏やかなさま◆均一な、等しい、斉(ひと)しい
kk_公開_こうかい,公開,こうかい,公:◆私(わたくし)することなく広く平らなさま、偏(かたよ)らないさま、「公平(コウヘイ)」◆私・個人ではなく多くの人の集まり、社会的なこと、「公共(コウキョウ、多; 開:◆啓(ひら)く、閉じられている扉を真ん中から左右に押し除(の)ける◆仕切っているもの(塞ふさいでいるもの、妨さまたげているもの)を取る、「開放(カイホウ)」◆明,N3,on,on+on,,公:◆私(わたくし)することなく広く平らなさま、偏(かたよ)らないさま、「公平(コウヘイ)」◆私・個人ではなく多くの人の集まり、社会的なこと、「公共(コウキョウ、多; 開:◆啓(ひら)く、閉じられている扉を真ん中から左右に押し除(の)ける◆仕切っているもの(塞ふさいでいるもの、妨さまたげているもの)を取る、「開放(カイホウ)」◆明
kk_共同_きょうどう,共同,きょうどう,共:◆両手を胸の前で組む、同「拱」◆両手で物を捧(ささ)げ持つ、恭(うやうや)しく捧げ持つ、同「供」「恭」◆～と一緒に、～と同じに◆一緒に～する◆合わせて、全部で; 同:◆一所(ひとところ)に人が集まる、一緒になる◆意見や行動などを共にする◆一様なさま、揃っているさま◆～と等しい、～と共に◆「胡同(コドウ)」、町中を縦横に走る道,N3,on,on+on,,共:◆両手を胸の前で組む、同「拱」◆両手で物を捧(ささ)げ持つ、恭(うやうや)しく捧げ持つ、同「供」「恭」◆～と一緒に、～と同じに◆一緒に～する◆合わせて、全部で; 同:◆一所(ひとところ)に人が集まる、一緒になる◆意見や行動などを共にする◆一様なさま、揃っているさま◆～と等しい、～と共に◆「胡同(コドウ)」、町中を縦横に走る道
kk_共通_きょうつう,共通,きょうつう,共:◆両手を胸の前で組む、同「拱」◆両手で物を捧(ささ)げ持つ、恭(うやうや)しく捧げ持つ、同「供」「恭」◆～と一緒に、～と同じに◆一緒に～する◆合わせて、全部で; 通:◆途中に障害となるようなものがなく反対側・向こう側・相手方・目的地まで達する、また達している◆支障なく行き来ができる、また行き来する、また行き来ができるようにす,N3,on,on+on,,共:◆両手を胸の前で組む、同「拱」◆両手で物を捧(ささ)げ持つ、恭(うやうや)しく捧げ持つ、同「供」「恭」◆～と一緒に、～と同じに◆一緒に～する◆合わせて、全部で; 通:◆途中に障害となるようなものがなく反対側・向こう側・相手方・目的地まで達する、また達している◆支障なく行き来ができる、また行き来する、また行き来ができるようにす
kk_其の上_そのうえ,其の上,そのうえ,其:◆人(その人)や事柄(そのこと、それ)や物(それ)などを指す語、that、it; 上:◆位置・場所・地位などが高い、高い方にある◆高い方に移る、昇る、登る◆順序・時間などが前、前の方にある◆前の方に移る◆等級・品質などが高い、優れている◆殿様、皇,N3,kun,kun+kun~,IL1_okurigana(kun 96%) | A1_compound_oku(kun 90%) | A1_on_kun_mix(on+kun 65%),其:◆人(その人)や事柄(そのこと、それ)や物(それ)などを指す語、that、it; 上:◆位置・場所・地位などが高い、高い方にある◆高い方に移る、昇る、登る◆順序・時間などが前、前の方にある◆前の方に移る◆等級・品質などが高い、優れている◆殿様、皇
kk_其の内_そのうち,其の内,そのうち,其:◆人(その人)や事柄(そのこと、それ)や物(それ)などを指す語、that、it; 内:◆外から中に入る、入れる◆限られた範囲・領域の中、区切りや境目の中、同「中」◆ある一定の範囲に含まれるもの、囲われたり覆われたりしていて外からは見えないもの、公,N3,kun,kun+kun~,IL1_okurigana(kun 96%) | A1_compound_oku(kun 90%) | A1_on_kun_mix(on+kun 65%),其:◆人(その人)や事柄(そのこと、それ)や物(それ)などを指す語、that、it; 内:◆外から中に入る、入れる◆限られた範囲・領域の中、区切りや境目の中、同「中」◆ある一定の範囲に含まれるもの、囲われたり覆われたりしていて外からは見えないもの、公
kk_其の場_そのば,其の場,そのば,其:◆人(その人)や事柄(そのこと、それ)や物(それ)などを指す語、that、it; 場:◆(日当たりのよい、収穫した穀物の乾燥・脱穀などをする、また多くの人やものが集まる)広く平らなところ、「広場」、同「塲」◆一段と高くし上を平らに作ったところ、台,N3,kun,kun+kun~,IL1_okurigana(kun 96%) | A1_compound_oku(kun 90%) | A1_on_kun_mix(on+kun 65%),其:◆人(その人)や事柄(そのこと、それ)や物(それ)などを指す語、that、it; 場:◆(日当たりのよい、収穫した穀物の乾燥・脱穀などをする、また多くの人やものが集まる)広く平らなところ、「広場」、同「塲」◆一段と高くし上を平らに作ったところ、台
kk_其の通り_そのとおり,其の通り,そのとおり,其:◆人(その人)や事柄(そのこと、それ)や物(それ)などを指す語、that、it; 通:◆途中に障害となるようなものがなく反対側・向こう側・相手方・目的地まで達する、また達している◆支障なく行き来ができる、また行き来する、また行き来ができるようにす,N3,kun,kun+kun~,IL1_okurigana(kun 96%) | A1_compound_oku(kun 90%) | A1_on_kun_mix(on+kun 65%),其:◆人(その人)や事柄(そのこと、それ)や物(それ)などを指す語、that、it; 通:◆途中に障害となるようなものがなく反対側・向こう側・相手方・目的地まで達する、また達している◆支障なく行き来ができる、また行き来する、また行き来ができるようにす
kk_其れでも_それでも,其れでも,それでも,其:◆人(その人)や事柄(そのこと、それ)や物(それ)などを指す語、that、it,N3,kun,kun,IL1_okurigana(kun 96%) | IL2_single_okuri(kun 96%),其:◆人(その人)や事柄(そのこと、それ)や物(それ)などを指す語、that、it
kk_具体的_ぐたいてき,具体的,ぐたいてき,具:◆そな・わる、そな・える、必要なものが揃っている、必要なものを揃える◆必要なものが身に付いている◆(食事のための器具、戦うための武具、作業するための道具などの); 体:◆頭から足の先までの全身、ものの全部、ものの主要な部分、またその姿形や様子、「身体(シンタイ、体、肉体)」「本体(ホンタイ、ものの本当の姿、ものの中心的部分)」; 的:◆弓で矢を射(い)る時の目標とするもの、同「㢩」「墑」◆額(ひたい)の部分だけが白い馬、またその額の白い部分、女性が額に施(ほどこ)す(赤い点状の)装飾◆(弓の,N3,on,on+on+on,A4_multi_on(on+on+on 65%),具:◆そな・わる、そな・える、必要なものが揃っている、必要なものを揃える◆必要なものが身に付いている◆(食事のための器具、戦うための武具、作業するための道具などの); 体:◆頭から足の先までの全身、ものの全部、ものの主要な部分、またその姿形や様子、「身体(シンタイ、体、肉体)」「本体(ホンタイ、ものの本当の姿、ものの中心的部分)」; 的:◆弓で矢を射(い)る時の目標とするもの、同「㢩」「墑」◆額(ひたい)の部分だけが白い馬、またその額の白い部分、女性が額に施(ほどこ)す(赤い点状の)装飾◆(弓の
kk_内科_ないか,内科,ないか,内:◆外から中に入る、入れる◆限られた範囲・領域の中、区切りや境目の中、同「中」◆ある一定の範囲に含まれるもの、囲われたり覆われたりしていて外からは見えないもの、公; 科:◆穀物の生産量や品質の良し悪しの程度を幾つかに区分し順に並べたもの、等級◆罪の軽重に従い量刑を定める、またそれを適用する(科する)◆分類し同等のものを一つに纏(,N3,on,on+on,A3_short_compound(on+on 71%),内:◆外から中に入る、入れる◆限られた範囲・領域の中、区切りや境目の中、同「中」◆ある一定の範囲に含まれるもの、囲われたり覆われたりしていて外からは見えないもの、公; 科:◆穀物の生産量や品質の良し悪しの程度を幾つかに区分し順に並べたもの、等級◆罪の軽重に従い量刑を定める、またそれを適用する(科する)◆分類し同等のものを一つに纏(
kk_内緒_ないしょ,内緒,ないしょ,内:◆外から中に入る、入れる◆限られた範囲・領域の中、区切りや境目の中、同「中」◆ある一定の範囲に含まれるもの、囲われたり覆われたりしていて外からは見えないもの、公; 緒:◆長い糸の先端、糸口(いとぐち)、「端緒(タンショ、タンチョ)」◆物事などの始まり、発端(ホッタン)、「緒言(ショゲン)」◆家系などの途切れずに続く繋(つな)が,N3,on,on+on,A3_short_compound(on+on 71%),内:◆外から中に入る、入れる◆限られた範囲・領域の中、区切りや境目の中、同「中」◆ある一定の範囲に含まれるもの、囲われたり覆われたりしていて外からは見えないもの、公; 緒:◆長い糸の先端、糸口(いとぐち)、「端緒(タンショ、タンチョ)」◆物事などの始まり、発端(ホッタン)、「緒言(ショゲン)」◆家系などの途切れずに続く繋(つな)が
kk_円形_えんけい,円形,えんけい,円:◆丸い形、中心から等距離にある全ての点を順に結んだ線が成す形◆丸い、角(かど)がない、尖(とが)ったところがない◆丸くなる、丸く纏(まと)まる、誰にとっても満足; 形:◆ものの表に現れた姿、外観◆ものの表の様子、状態◆型、様式,N3,on,on+on,,円:◆丸い形、中心から等距離にある全ての点を順に結んだ線が成す形◆丸い、角(かど)がない、尖(とが)ったところがない◆丸くなる、丸く纏(まと)まる、誰にとっても満足; 形:◆ものの表に現れた姿、外観◆ものの表の様子、状態◆型、様式
kk_再婚_さいこん,再婚,さいこん,再:◆同じことが更にもう一度繰り返される、もう一度、二度、二回、二重; 婚:◆娶る(めとる、他家の女性を妻として迎える)、嫁ぐ(とつぐ、他家の男性のところに妻として入る)、夫婦になる、同「昏」、「女昏」は黄昏(たそがれ)時に嫁を迎えて婚,N3,on,on+on,,再:◆同じことが更にもう一度繰り返される、もう一度、二度、二回、二重; 婚:◆娶る(めとる、他家の女性を妻として迎える)、嫁ぐ(とつぐ、他家の男性のところに妻として入る)、夫婦になる、同「昏」、「女昏」は黄昏(たそがれ)時に嫁を迎えて婚
kk_再～_さい～,再～,さい～,再:◆同じことが更にもう一度繰り返される、もう一度、二度、二回、二重,N3,on,on,IL2_single_default(kun 84%),再:◆同じことが更にもう一度繰り返される、もう一度、二度、二回、二重
kk_冷ます_さます,冷ます,さます,冷:◆気温や温度が低い、熱(ネツ)がない、ひんやりする、寒い◆熱(あつ)くない、熱気や熱意がない、関心や興味がない◆氷のように透(す)き通っている,N3,kun,kun,IL1_okurigana(kun 96%) | IL2_single_okuri(kun 96%),冷:◆気温や温度が低い、熱(ネツ)がない、ひんやりする、寒い◆熱(あつ)くない、熱気や熱意がない、関心や興味がない◆氷のように透(す)き通っている
kk_冷める_さめる,冷める,さめる,冷:◆気温や温度が低い、熱(ネツ)がない、ひんやりする、寒い◆熱(あつ)くない、熱気や熱意がない、関心や興味がない◆氷のように透(す)き通っている,N3,kun,kun,IL1_okurigana(kun 96%) | IL2_single_okuri(kun 96%),冷:◆気温や温度が低い、熱(ネツ)がない、ひんやりする、寒い◆熱(あつ)くない、熱気や熱意がない、関心や興味がない◆氷のように透(す)き通っている
kk_冷やす_ひやす,冷やす,ひやす,冷:◆気温や温度が低い、熱(ネツ)がない、ひんやりする、寒い◆熱(あつ)くない、熱気や熱意がない、関心や興味がない◆氷のように透(す)き通っている,N3,kun,kun,IL1_okurigana(kun 96%) | IL2_single_okuri(kun 96%),冷:◆気温や温度が低い、熱(ネツ)がない、ひんやりする、寒い◆熱(あつ)くない、熱気や熱意がない、関心や興味がない◆氷のように透(す)き通っている
kk_冷凍_れいとう,冷凍,れいとう,冷:◆気温や温度が低い、熱(ネツ)がない、ひんやりする、寒い◆熱(あつ)くない、熱気や熱意がない、関心や興味がない◆氷のように透(す)き通っている; 凍:◆液体が個体になる、氷が張る◆寒さで体がきかなくなる、また感覚がなくなる,N3,on,on+on,,冷:◆気温や温度が低い、熱(ネツ)がない、ひんやりする、寒い◆熱(あつ)くない、熱気や熱意がない、関心や興味がない◆氷のように透(す)き通っている; 凍:◆液体が個体になる、氷が張る◆寒さで体がきかなくなる、また感覚がなくなる
kk_凍る_こおる,凍る,こおる,凍:◆液体が個体になる、氷が張る◆寒さで体がきかなくなる、また感覚がなくなる,N3,kun,kun,IL1_okurigana(kun 96%) | IL2_single_okuri(kun 96%),凍:◆液体が個体になる、氷が張る◆寒さで体がきかなくなる、また感覚がなくなる
kk_凡そ_およそ,凡そ,およそ,凡:◆(突出した物事・状態を除いた)一般的な、平均的な、ありふれた、普通の◆およ・そ、おおよそ、(特異・特殊なもの除いた)ほぼ全て、大体、押し並(な)べて,N3,kun,kun,IL1_okurigana(kun 96%) | IL2_single_okuri(kun 96%),凡:◆(突出した物事・状態を除いた)一般的な、平均的な、ありふれた、普通の◆およ・そ、おおよそ、(特異・特殊なもの除いた)ほぼ全て、大体、押し並(な)べて
kk_処理_しょり,処理,しょり,処:◆腰を落ち着ける、居(い)る、止(とど)まる、またその場所◆腰を落ち着けて留(とど)まっているさま、「処士(ショシ、能力がありながら出仕しない人))」「処女(シ; 理:◆玉(ギョク、大変美しい石)の筋目(すじめ)、規則正しく並んだ筋目◆物事の正しい筋道◆筋道を立てる、また立っている、筋を通す、また通っている◆筋道に沿って判断す,N3,on,on+on,A3_short_compound(on+on 71%),処:◆腰を落ち着ける、居(い)る、止(とど)まる、またその場所◆腰を落ち着けて留(とど)まっているさま、「処士(ショシ、能力がありながら出仕しない人))」「処女(シ; 理:◆玉(ギョク、大変美しい石)の筋目(すじめ)、規則正しく並んだ筋目◆物事の正しい筋道◆筋道を立てる、また立っている、筋を通す、また通っている◆筋道に沿って判断す
kk_凸凹_でこぼこ,凸凹,でこぼこ,凸:◆周囲が低く中央が突き出ている、またその形、凹(へこ)んでいるのは「凹」 ◆突き出る; 凹:◆周囲が高く中央が低くなっている、また窪(くぼ)んでいる、またその形、同「窪」、突き出ているのは「凸」,N3,kun,kun+kun~,,凸:◆周囲が低く中央が突き出ている、またその形、凹(へこ)んでいるのは「凹」 ◆突き出る; 凹:◆周囲が高く中央が低くなっている、また窪(くぼ)んでいる、またその形、同「窪」、突き出ているのは「凸」
kk_凹む_へこむ,凹む,へこむ,凹:◆周囲が高く中央が低くなっている、また窪(くぼ)んでいる、またその形、同「窪」、突き出ているのは「凸」,N3,kun,kun,IL1_okurigana(kun 96%) | IL2_single_okuri(kun 96%),凹:◆周囲が高く中央が低くなっている、また窪(くぼ)んでいる、またその形、同「窪」、突き出ているのは「凸」
kk_出会い_であい,出会い,であい,出:◆範囲・領域・組織や区切り・境界の内(内側、内部、裏側、こちら側、私的なところ)から外(外側、外部、表側、向こう側、公のところ)に移る、また移す、外から内へ移る; 会:◆人が集まる、同じ時間や場所に(同じ目的で)集まる、「会合(カイゴウ)」◆多くの人が(出向いて)集まる、また集まったところ、「集会(シュウカイ)」「都会(トカイ,N3,kun,kun+kun,IL1_okurigana(kun 96%) | A1_compound_oku(kun 90%) | A1_on_kun_mix(on+kun 65%),出:◆範囲・領域・組織や区切り・境界の内(内側、内部、裏側、こちら側、私的なところ)から外(外側、外部、表側、向こう側、公のところ)に移る、また移す、外から内へ移る; 会:◆人が集まる、同じ時間や場所に(同じ目的で)集まる、「会合(カイゴウ)」◆多くの人が(出向いて)集まる、また集まったところ、「集会(シュウカイ)」「都会(トカイ
kk_出入り_でいり,出入り,でいり,出:◆範囲・領域・組織や区切り・境界の内(内側、内部、裏側、こちら側、私的なところ)から外(外側、外部、表側、向こう側、公のところ)に移る、また移す、外から内へ移る; 入:◆範囲・領域・組織や区切り・境界の外(外側、外部、表側、向こう側、公のところ)から内(内側、内部、裏側、こちら側、私的なところ)に移る、また移す、内から外へ移る,N3,kun,kun+kun,IL1_okurigana(kun 96%) | A1_compound_oku(kun 90%) | A1_on_kun_mix(on+kun 65%),出:◆範囲・領域・組織や区切り・境界の内(内側、内部、裏側、こちら側、私的なところ)から外(外側、外部、表側、向こう側、公のところ)に移る、また移す、外から内へ移る; 入:◆範囲・領域・組織や区切り・境界の外(外側、外部、表側、向こう側、公のところ)から内(内側、内部、裏側、こちら側、私的なところ)に移る、また移す、内から外へ移る
kk_出勤_しゅっきん,出勤,しゅっきん,出:◆範囲・領域・組織や区切り・境界の内(内側、内部、裏側、こちら側、私的なところ)から外(外側、外部、表側、向こう側、公のところ)に移る、また移す、外から内へ移る; 勤:◆すべきことに(仕事に)力を注(そそ)ぐ、励(はげ)む、精(セイ)を出す、同「廑」,N3,on,on+on,B_verb_rad_力(kun 80%),出:◆範囲・領域・組織や区切り・境界の内(内側、内部、裏側、こちら側、私的なところ)から外(外側、外部、表側、向こう側、公のところ)に移る、また移す、外から内へ移る; 勤:◆すべきことに(仕事に)力を注(そそ)ぐ、励(はげ)む、精(セイ)を出す、同「廑」
kk_出品_しゅっぴん,出品,しゅっぴん,出:◆範囲・領域・組織や区切り・境界の内(内側、内部、裏側、こちら側、私的なところ)から外(外側、外部、表側、向こう側、公のところ)に移る、また移す、外から内へ移る; 品:◆物(もの)、多くの物、様々な物◆もの(人や物)の本質・価値・程度を判断する◆ものの値打ち、また価値、また程度・等級,N3,other,mixed+mixed~,,出:◆範囲・領域・組織や区切り・境界の内(内側、内部、裏側、こちら側、私的なところ)から外(外側、外部、表側、向こう側、公のところ)に移る、また移す、外から内へ移る; 品:◆物(もの)、多くの物、様々な物◆もの(人や物)の本質・価値・程度を判断する◆ものの値打ち、また価値、また程度・等級
kk_出国_しゅっこく,出国,しゅっこく,出:◆範囲・領域・組織や区切り・境界の内(内側、内部、裏側、こちら側、私的なところ)から外(外側、外部、表側、向こう側、公のところ)に移る、また移す、外から内へ移る; 国:◆主権者の支配が及ぶ範囲、土地や人や政治体制などを含む概念で古くは君主から与えられた領地、「王(権力者)の勢力が及ぶ範囲(囗)」の意,N3,on,on+on,,出:◆範囲・領域・組織や区切り・境界の内(内側、内部、裏側、こちら側、私的なところ)から外(外側、外部、表側、向こう側、公のところ)に移る、また移す、外から内へ移る; 国:◆主権者の支配が及ぶ範囲、土地や人や政治体制などを含む概念で古くは君主から与えられた領地、「王(権力者)の勢力が及ぶ範囲(囗)」の意
kk_出来上がる_できあがる,出来上がる,できあがる,出:◆範囲・領域・組織や区切り・境界の内(内側、内部、裏側、こちら側、私的なところ)から外(外側、外部、表側、向こう側、公のところ)に移る、また移す、外から内へ移る; 来:◆(人や時間や物事が)向こうからこちらに近づく、「到来(トウライ)」、同「倈」「徠」「逨」「𧼛」◆招き寄せる、「こちらに来させる」の意◆ある時点から今まで、今に; 上:◆位置・場所・地位などが高い、高い方にある◆高い方に移る、昇る、登る◆順序・時間などが前、前の方にある◆前の方に移る◆等級・品質などが高い、優れている◆殿様、皇,N3,other,mixed+mixed+mixed~,IL1_okurigana(kun 96%) | A1_compound_oku(kun 90%) | A1_on_kun_mix(on+kun 65%),出:◆範囲・領域・組織や区切り・境界の内(内側、内部、裏側、こちら側、私的なところ)から外(外側、外部、表側、向こう側、公のところ)に移る、また移す、外から内へ移る; 来:◆(人や時間や物事が)向こうからこちらに近づく、「到来(トウライ)」、同「倈」「徠」「逨」「𧼛」◆招き寄せる、「こちらに来させる」の意◆ある時点から今まで、今に; 上:◆位置・場所・地位などが高い、高い方にある◆高い方に移る、昇る、登る◆順序・時間などが前、前の方にある◆前の方に移る◆等級・品質などが高い、優れている◆殿様、皇
kk_出来事_できごと,出来事,できごと,出:◆範囲・領域・組織や区切り・境界の内(内側、内部、裏側、こちら側、私的なところ)から外(外側、外部、表側、向こう側、公のところ)に移る、また移す、外から内へ移る; 来:◆(人や時間や物事が)向こうからこちらに近づく、「到来(トウライ)」、同「倈」「徠」「逨」「𧼛」◆招き寄せる、「こちらに来させる」の意◆ある時点から今まで、今に; 事:◆こと、動作・現象・状態など形のないものを指す語、形のあるものは「物」、「事情(ジジョウ、ことの様子)」「無事(ブジ、何事もないさま)」◆職(ショク)、仕事や役,N3,other,mixed+mixed+mixed~,A4_multi_on(on+on+on 65%) | B_noun_rad_木(kun 93%),出:◆範囲・領域・組織や区切り・境界の内(内側、内部、裏側、こちら側、私的なところ)から外(外側、外部、表側、向こう側、公のところ)に移る、また移す、外から内へ移る; 来:◆(人や時間や物事が)向こうからこちらに近づく、「到来(トウライ)」、同「倈」「徠」「逨」「𧼛」◆招き寄せる、「こちらに来させる」の意◆ある時点から今まで、今に; 事:◆こと、動作・現象・状態など形のないものを指す語、形のあるものは「物」、「事情(ジジョウ、ことの様子)」「無事(ブジ、何事もないさま)」◆職(ショク)、仕事や役
kk_出版_しゅっぱん,出版,しゅっぱん,出:◆範囲・領域・組織や区切り・境界の内(内側、内部、裏側、こちら側、私的なところ)から外(外側、外部、表側、向こう側、公のところ)に移る、また移す、外から内へ移る; 版:◆印刷する文字や絵などを彫(ほ)り込んだ板、同「板」◆印刷物用の板(版)に関する語、「出版(シュッパン、出版物の印刷が出来上がること、書籍・出版物を刊行すること,N3,on,mixed+on~,,出:◆範囲・領域・組織や区切り・境界の内(内側、内部、裏側、こちら側、私的なところ)から外(外側、外部、表側、向こう側、公のところ)に移る、また移す、外から内へ移る; 版:◆印刷する文字や絵などを彫(ほ)り込んだ板、同「板」◆印刷物用の板(版)に関する語、「出版(シュッパン、出版物の印刷が出来上がること、書籍・出版物を刊行すること
kk_出荷_しゅっか,出荷,しゅっか,出:◆範囲・領域・組織や区切り・境界の内(内側、内部、裏側、こちら側、私的なところ)から外(外側、外部、表側、向こう側、公のところ)に移る、また移す、外から内へ移る; 荷:◆ハス(蓮)、ハス科ハス属の水草、ハスの花・実・茎・根茎など全体を指す、別名「芙蕖(フキョ)」、「【爾雅注疏:釋草】荷芙渠(…)其莖茄其葉蕸其本蔤(《注》莖下白,N3,on,on+on,A3_short_compound(on+on 71%),出:◆範囲・領域・組織や区切り・境界の内(内側、内部、裏側、こちら側、私的なところ)から外(外側、外部、表側、向こう側、公のところ)に移る、また移す、外から内へ移る; 荷:◆ハス(蓮)、ハス科ハス属の水草、ハスの花・実・茎・根茎など全体を指す、別名「芙蕖(フキョ)」、「【爾雅注疏:釋草】荷芙渠(…)其莖茄其葉蕸其本蔤(《注》莖下白
kk_出身_しゅっしん,出身,しゅっしん,出:◆範囲・領域・組織や区切り・境界の内(内側、内部、裏側、こちら側、私的なところ)から外(外側、外部、表側、向こう側、公のところ)に移る、また移す、外から内へ移る; 身:◆(頭部を除いた)体(からだ)、躯体(クタイ)、同「躯」「躬」◆中に含まれているもの、また入っているもの、本体◆人の一生、命(いのち)◆吾(われ)、我(わ)が、,N3,on,on+on,,出:◆範囲・領域・組織や区切り・境界の内(内側、内部、裏側、こちら側、私的なところ)から外(外側、外部、表側、向こう側、公のところ)に移る、また移す、外から内へ移る; 身:◆(頭部を除いた)体(からだ)、躯体(クタイ)、同「躯」「躬」◆中に含まれているもの、また入っているもの、本体◆人の一生、命(いのち)◆吾(われ)、我(わ)が、
kk_出迎え_でむかえ,出迎え,でむかえ,出:◆範囲・領域・組織や区切り・境界の内(内側、内部、裏側、こちら側、私的なところ)から外(外側、外部、表側、向こう側、公のところ)に移る、また移す、外から内へ移る; 迎:◆来る人をただ待つのではなく(門の外や家の前などまで)出て行って逢う、逆は「送」◆(相手の考えなどを)進んで受け入れる,N3,kun,kun+kun,IL1_okurigana(kun 96%) | A1_compound_oku(kun 90%) | A1_on_kun_mix(on+kun 65%),出:◆範囲・領域・組織や区切り・境界の内(内側、内部、裏側、こちら側、私的なところ)から外(外側、外部、表側、向こう側、公のところ)に移る、また移す、外から内へ移る; 迎:◆来る人をただ待つのではなく(門の外や家の前などまで)出て行って逢う、逆は「送」◆(相手の考えなどを)進んで受け入れる
kk_出迎える_でむかえる,出迎える,でむかえる,出:◆範囲・領域・組織や区切り・境界の内(内側、内部、裏側、こちら側、私的なところ)から外(外側、外部、表側、向こう側、公のところ)に移る、また移す、外から内へ移る; 迎:◆来る人をただ待つのではなく(門の外や家の前などまで)出て行って逢う、逆は「送」◆(相手の考えなどを)進んで受け入れる,N3,kun,kun+kun,IL1_okurigana(kun 96%) | A1_compound_oku(kun 90%) | A1_on_kun_mix(on+kun 65%),出:◆範囲・領域・組織や区切り・境界の内(内側、内部、裏側、こちら側、私的なところ)から外(外側、外部、表側、向こう側、公のところ)に移る、また移す、外から内へ移る; 迎:◆来る人をただ待つのではなく(門の外や家の前などまで)出て行って逢う、逆は「送」◆(相手の考えなどを)進んで受け入れる
kk_分別_ぶんべつ,分別,ぶんべつ,分:◆一つに纏(まと)まっているものを幾つかに切り離す、また幾つかに仕切る(区切る)、「分割(ブンカツ)」、切り離したものを仕分けることを「別」◆一つの纏まりから一; 別:◆切って分(わ)ける、分離する、分けて離す、分けたものが繋(つな)がっていない状態にする◆分かれる、分かれ離れる◆他と繋がりがない、他とは違う、異なる◆他(ほか,N3,on,on+on,B_verb_rad_刀(kun 80%) | B_verb_rad_刀(kun 80%),分:◆一つに纏(まと)まっているものを幾つかに切り離す、また幾つかに仕切る(区切る)、「分割(ブンカツ)」、切り離したものを仕分けることを「別」◆一つの纏まりから一; 別:◆切って分(わ)ける、分離する、分けて離す、分けたものが繋(つな)がっていない状態にする◆分かれる、分かれ離れる◆他と繋がりがない、他とは違う、異なる◆他(ほか
kk_切っ掛け_きっかけ,切っ掛け,きっかけ,切:◆刃物などですっと断(た)つ、裁(た)つ、割(さ)く◆ぴったりとしたさま、隙(すき)がないさま、「親切(シンセツ)」◆近くまで迫(せま)る、差し迫る、「切近(セ; 掛:◆引っ懸(か)ける、ものの上に置いて両方また片方を垂らす、ぶら下げる、同「挂」◆引っ懸かる、気になって心に(目に)止まる◆簡「挂」◆[日]体や物を斜めにしてその,N3,mixed,kun+on~,IL1_okurigana(kun 96%) | A1_compound_oku(kun 90%) | A1_on_kun_mix(on+kun 65%),切:◆刃物などですっと断(た)つ、裁(た)つ、割(さ)く◆ぴったりとしたさま、隙(すき)がないさま、「親切(シンセツ)」◆近くまで迫(せま)る、差し迫る、「切近(セ; 掛:◆引っ懸(か)ける、ものの上に置いて両方また片方を垂らす、ぶら下げる、同「挂」◆引っ懸かる、気になって心に(目に)止まる◆簡「挂」◆[日]体や物を斜めにしてその
kk_切れる_きれる,切れる,きれる,切:◆刃物などですっと断(た)つ、裁(た)つ、割(さ)く◆ぴったりとしたさま、隙(すき)がないさま、「親切(シンセツ)」◆近くまで迫(せま)る、差し迫る、「切近(セ,N3,kun,kun,IL1_okurigana(kun 96%) | IL2_single_okuri(kun 96%) | B_verb_rad_刀(kun 80%),切:◆刃物などですっと断(た)つ、裁(た)つ、割(さ)く◆ぴったりとしたさま、隙(すき)がないさま、「親切(シンセツ)」◆近くまで迫(せま)る、差し迫る、「切近(セ
kk_刈る_かる,刈る,かる,刈:◆刃物で草木を切る、同「乂」「艾」「苅」◆切る、切り取る、切り払う、切り落とす、「【孔子家語:卷第四:六本】…斬刈黎民如草芥焉…」,N3,kun,kun,IL1_okurigana(kun 96%) | IL2_single_okuri(kun 96%) | B_verb_rad_刀(kun 80%),刈:◆刃物で草木を切る、同「乂」「艾」「苅」◆切る、切り取る、切り払う、切り落とす、「【孔子家語:卷第四:六本】…斬刈黎民如草芥焉…」
kk_列島_れっとう,列島,れっとう,列:◆横方向の並び、横方向に順序に従って(重ならないように)並ぶ、同「排」、縦方向の列を「行」◆ずらりと人が居並ぶ◆裂(さ)く、二つに切り割(さ)く、同「裂」「𠜺」; 島:◆海や湖などの広い水の中の陸地、同「隝」「隯」「嶹」¶「海を渡る鳥が羽を休めることができるところ」の意,N3,on,on+on,B_verb_rad_刀(kun 80%),列:◆横方向の並び、横方向に順序に従って(重ならないように)並ぶ、同「排」、縦方向の列を「行」◆ずらりと人が居並ぶ◆裂(さ)く、二つに切り割(さ)く、同「裂」「𠜺」; 島:◆海や湖などの広い水の中の陸地、同「隝」「隯」「嶹」¶「海を渡る鳥が羽を休めることができるところ」の意
kk_初めに_はじめに,初めに,はじめに,初:◆物事の起こり、物事の発端、「衣服を作り始める時にまず布を切る」の意、「初」は「物事はまず初めに～する、～の初め」、「始」は「物事はまず～から始める、～から始ま,N3,kun,kun,IL1_okurigana(kun 96%) | IL2_single_okuri(kun 96%) | B_verb_rad_刀(kun 80%),初:◆物事の起こり、物事の発端、「衣服を作り始める時にまず布を切る」の意、「初」は「物事はまず初めに～する、～の初め」、「始」は「物事はまず～から始める、～から始ま
kk_初めは_はじめは,初めは,はじめは,初:◆物事の起こり、物事の発端、「衣服を作り始める時にまず布を切る」の意、「初」は「物事はまず初めに～する、～の初め」、「始」は「物事はまず～から始める、～から始ま,N3,kun,kun,IL1_okurigana(kun 96%) | IL2_single_okuri(kun 96%) | B_verb_rad_刀(kun 80%),初:◆物事の起こり、物事の発端、「衣服を作り始める時にまず布を切る」の意、「初」は「物事はまず初めに～する、～の初め」、「始」は「物事はまず～から始める、～から始ま
kk_初対面_しょたいめん,初対面,しょたいめん,初:◆物事の起こり、物事の発端、「衣服を作り始める時にまず布を切る」の意、「初」は「物事はまず初めに～する、～の初め」、「始」は「物事はまず～から始める、～から始ま; 対:◆向かい合う、向き合う◆二つで一組になるもの◆二つを並べ比較する◆問いに答える、依頼や指示に応(こた)える、相手からの働きかけに応(おう)じた結果を返す; 面:◆顔(かお)、頭の目鼻口がある側◆顔を対象(タイショウ、目標や相手)に向ける、また向く◆(顔が)向いている側、向き、向いている方向◆ものの表(おもて)、前(まえ,N3,on,on+on+on,A4_multi_on(on+on+on 65%) | B_verb_rad_刀(kun 80%),初:◆物事の起こり、物事の発端、「衣服を作り始める時にまず布を切る」の意、「初」は「物事はまず初めに～する、～の初め」、「始」は「物事はまず～から始める、～から始ま; 対:◆向かい合う、向き合う◆二つで一組になるもの◆二つを並べ比較する◆問いに答える、依頼や指示に応(こた)える、相手からの働きかけに応(おう)じた結果を返す; 面:◆顔(かお)、頭の目鼻口がある側◆顔を対象(タイショウ、目標や相手)に向ける、また向く◆(顔が)向いている側、向き、向いている方向◆ものの表(おもて)、前(まえ
kk_初心者_しょしんしゃ,初心者,しょしんしゃ,初:◆物事の起こり、物事の発端、「衣服を作り始める時にまず布を切る」の意、「初」は「物事はまず初めに～する、～の初め」、「始」は「物事はまず～から始める、～から始ま; 心:◆血液を循環させる働きをする臓器で五臓(心シン・肝カン・脾ヒ・肺ハイ・腎ジン)の一つ ◆ものの真(ま)ん中、真ん中(中心)にあるもの、ものの重要な部分、ものの本; 者:◆～の人、～する人、「使者(ししゃ、使いをする人、運び届けること)」◆こと(事)、もの(物)、「再者(サイシャ、更に付け加えること、追伸)」「前者(ゼンシャ、前,N3,on,on+on+on,A4_multi_on(on+on+on 65%) | B_verb_rad_刀(kun 80%),初:◆物事の起こり、物事の発端、「衣服を作り始める時にまず布を切る」の意、「初」は「物事はまず初めに～する、～の初め」、「始」は「物事はまず～から始める、～から始ま; 心:◆血液を循環させる働きをする臓器で五臓(心シン・肝カン・脾ヒ・肺ハイ・腎ジン)の一つ ◆ものの真(ま)ん中、真ん中(中心)にあるもの、ものの重要な部分、ものの本; 者:◆～の人、～する人、「使者(ししゃ、使いをする人、運び届けること)」◆こと(事)、もの(物)、「再者(サイシャ、更に付け加えること、追伸)」「前者(ゼンシャ、前
kk_初詣_はつもうで,初詣,はつもうで,初:◆物事の起こり、物事の発端、「衣服を作り始める時にまず布を切る」の意、「初」は「物事はまず初めに～する、～の初め」、「始」は「物事はまず～から始める、～から始ま; 詣:◆到(いた)る、高みに行き着く◆目上の人や年長の人を訪(おとず)れる◆[日]もう・でる、有名な場所や建物を訪れる,N3,kun,kun+kun~,B_verb_rad_刀(kun 80%) | B_verb_rad_言(kun 80%),初:◆物事の起こり、物事の発端、「衣服を作り始める時にまず布を切る」の意、「初」は「物事はまず初めに～する、～の初め」、「始」は「物事はまず～から始める、～から始ま; 詣:◆到(いた)る、高みに行き着く◆目上の人や年長の人を訪(おとず)れる◆[日]もう・でる、有名な場所や建物を訪れる
kk_判断_はんだん,判断,はんだん,判:◆二つに分ける、二つに分かれる、同「牉」◆(正否・是非・真偽などを)はっきりと区別する、見分ける、「判決(ハンケツ)」◆はっきりとした(する)さま、はっきりと区; 断:◆繋(つな)がっているものを(連続しているものを)途中で切る、切って二つに分ける、切り離す◆ぷっつりと途切れる、絶(た)える◆すっぱりと区切る、きっぱりと決める,N3,on,on+on,B_verb_rad_刀(kun 80%),判:◆二つに分ける、二つに分かれる、同「牉」◆(正否・是非・真偽などを)はっきりと区別する、見分ける、「判決(ハンケツ)」◆はっきりとした(する)さま、はっきりと区; 断:◆繋(つな)がっているものを(連続しているものを)途中で切る、切って二つに分ける、切り離す◆ぷっつりと途切れる、絶(た)える◆すっぱりと区切る、きっぱりと決める
kk_別々_べつべつ,別々,べつべつ,別:◆切って分(わ)ける、分離する、分けて離す、分けたものが繋(つな)がっていない状態にする◆分かれる、分かれ離れる◆他と繋がりがない、他とは違う、異なる◆他(ほか,N3,on,on,IL2_single_default(kun 84%) | B_verb_rad_刀(kun 80%),別:◆切って分(わ)ける、分離する、分けて離す、分けたものが繋(つな)がっていない状態にする◆分かれる、分かれ離れる◆他と繋がりがない、他とは違う、異なる◆他(ほか
kk_別に_べつに,別に,べつに,別:◆切って分(わ)ける、分離する、分けて離す、分けたものが繋(つな)がっていない状態にする◆分かれる、分かれ離れる◆他と繋がりがない、他とは違う、異なる◆他(ほか,N3,on,on,IL1_okurigana(kun 96%) | IL2_single_okuri(kun 96%) | B_verb_rad_刀(kun 80%),別:◆切って分(わ)ける、分離する、分けて離す、分けたものが繋(つな)がっていない状態にする◆分かれる、分かれ離れる◆他と繋がりがない、他とは違う、異なる◆他(ほか
kk_別れ_わかれ,別れ,わかれ,別:◆切って分(わ)ける、分離する、分けて離す、分けたものが繋(つな)がっていない状態にする◆分かれる、分かれ離れる◆他と繋がりがない、他とは違う、異なる◆他(ほか,N3,kun,kun,IL1_okurigana(kun 96%) | IL2_single_okuri(kun 96%) | B_verb_rad_刀(kun 80%),別:◆切って分(わ)ける、分離する、分けて離す、分けたものが繋(つな)がっていない状態にする◆分かれる、分かれ離れる◆他と繋がりがない、他とは違う、異なる◆他(ほか
kk_別荘_べっそう,別荘,べっそう,別:◆切って分(わ)ける、分離する、分けて離す、分けたものが繋(つな)がっていない状態にする◆分かれる、分かれ離れる◆他と繋がりがない、他とは違う、異なる◆他(ほか; 荘:◆(草が)大きく立派なさま、(姿形が)きれいに整っているさま◆厳格なさま、ゆるがせにしないさま◆君主や貴族などの別荘◆四方八方に通じる道◆田舎、田舎の家、田舎の,N3,on,on+on,B_verb_rad_刀(kun 80%),別:◆切って分(わ)ける、分離する、分けて離す、分けたものが繋(つな)がっていない状態にする◆分かれる、分かれ離れる◆他と繋がりがない、他とは違う、異なる◆他(ほか; 荘:◆(草が)大きく立派なさま、(姿形が)きれいに整っているさま◆厳格なさま、ゆるがせにしないさま◆君主や貴族などの別荘◆四方八方に通じる道◆田舎、田舎の家、田舎の
kk_利口_りこう,利口,りこう,利:◆先が尖(とが)る、先が鋭(するど)く尖った刃物◆よく切れるさま、切れ味が良いさま、鋭いさま◆(よく切れる刃物のように)すぱっと、さっと、一気に◆(よく切れる刃; 口:◆動物の食べたり声を発したりするための器官◆ものが出入りするために空(あ)けた(空いた)ところ、(口のように)全体の内の一部空いたところ◆言葉、言葉を発する、語,N3,on,on+on,A3_short_compound(on+on 71%) | B_verb_rad_刀(kun 80%),利:◆先が尖(とが)る、先が鋭(するど)く尖った刃物◆よく切れるさま、切れ味が良いさま、鋭いさま◆(よく切れる刃物のように)すぱっと、さっと、一気に◆(よく切れる刃; 口:◆動物の食べたり声を発したりするための器官◆ものが出入りするために空(あ)けた(空いた)ところ、(口のように)全体の内の一部空いたところ◆言葉、言葉を発する、語
kk_利益_りえき,利益,りえき,利:◆先が尖(とが)る、先が鋭(するど)く尖った刃物◆よく切れるさま、切れ味が良いさま、鋭いさま◆(よく切れる刃物のように)すぱっと、さっと、一気に◆(よく切れる刃; 益:◆加える、加わる、増える、増やす、同「㬲」◆満ちる、一杯になる、溢(あふ)れる◆手放したものの金額や価値よりも、それによって得たものの金額や価値が多い、儲(もう,N3,on,on+on,A3_short_compound(on+on 71%) | B_verb_rad_刀(kun 80%),利:◆先が尖(とが)る、先が鋭(するど)く尖った刃物◆よく切れるさま、切れ味が良いさま、鋭いさま◆(よく切れる刃物のように)すぱっと、さっと、一気に◆(よく切れる刃; 益:◆加える、加わる、増える、増やす、同「㬲」◆満ちる、一杯になる、溢(あふ)れる◆手放したものの金額や価値よりも、それによって得たものの金額や価値が多い、儲(もう
kk_到着_とうちゃく,到着,とうちゃく,到:◆目指すところに行き着く(達する、届く)、ある時間・状態になる(達する、届く)、同「至」◆それより先がない(これ以上はない)ところまで行き着く、極まる、同「至」; 着:◆目的や目標としている物事・場所などに届く、また達する、また到る、同「著」◆他のものに付く、同「著」◆き・る、衣服を身に付ける、同「著」◆火や明かりを点(つ)け,N3,on,on+on,B_verb_rad_刀(kun 80%),到:◆目指すところに行き着く(達する、届く)、ある時間・状態になる(達する、届く)、同「至」◆それより先がない(これ以上はない)ところまで行き着く、極まる、同「至」; 着:◆目的や目標としている物事・場所などに届く、また達する、また到る、同「著」◆他のものに付く、同「著」◆き・る、衣服を身に付ける、同「著」◆火や明かりを点(つ)け
kk_制作_せいさく,制作,せいさく,制:◆断(た)つ、切る◆断って目的とする形にする、また形を整(ととの)える、同繁「製」、同「剬」◆決まり、規則、法(ホウ)◆枠(わく)をはみ出さないように押さえる、; 作:◆働(はたらく)く、力や手を加える、為(な)す、「作業(サギョウ)」「作為(サクイ)」◆力や手を加えることによって物事や状態を変化させる、また他に影響を与える、,N3,on,on+on,B_verb_rad_刀(kun 80%),制:◆断(た)つ、切る◆断って目的とする形にする、また形を整(ととの)える、同繁「製」、同「剬」◆決まり、規則、法(ホウ)◆枠(わく)をはみ出さないように押さえる、; 作:◆働(はたらく)く、力や手を加える、為(な)す、「作業(サギョウ)」「作為(サクイ)」◆力や手を加えることによって物事や状態を変化させる、また他に影響を与える、
kk_制服_せいふく,制服,せいふく,制:◆断(た)つ、切る◆断って目的とする形にする、また形を整(ととの)える、同繁「製」、同「剬」◆決まり、規則、法(ホウ)◆枠(わく)をはみ出さないように押さえる、; 服:◆命令や指示に沿い合わせる、命令や指示に従う◆自分の考えにぴったりと収まる、納得する、納得して従う◆仕事や道具などが手に合う、馴染む、慣れる◆何時もと同じように,N3,on,on+on,B_verb_rad_刀(kun 80%),制:◆断(た)つ、切る◆断って目的とする形にする、また形を整(ととの)える、同繁「製」、同「剬」◆決まり、規則、法(ホウ)◆枠(わく)をはみ出さないように押さえる、; 服:◆命令や指示に沿い合わせる、命令や指示に従う◆自分の考えにぴったりと収まる、納得する、納得して従う◆仕事や道具などが手に合う、馴染む、慣れる◆何時もと同じように
kk_制限_せいげん,制限,せいげん,制:◆断(た)つ、切る◆断って目的とする形にする、また形を整(ととの)える、同繁「製」、同「剬」◆決まり、規則、法(ホウ)◆枠(わく)をはみ出さないように押さえる、; 限:◆内と外との区切り、境界、「限界(ゲンカイ)」◆境界や範囲の内側、定めた区切り以内、またその内に収める、「限度(ゲンド)」「限定(ゲンテイ)」◆門の地上部に渡し,N3,on,on+on,B_verb_rad_刀(kun 80%),制:◆断(た)つ、切る◆断って目的とする形にする、また形を整(ととの)える、同繁「製」、同「剬」◆決まり、規則、法(ホウ)◆枠(わく)をはみ出さないように押さえる、; 限:◆内と外との区切り、境界、「限界(ゲンカイ)」◆境界や範囲の内側、定めた区切り以内、またその内に収める、「限度(ゲンド)」「限定(ゲンテイ)」◆門の地上部に渡し
kk_券_けん,券,けん,券:◆手形、割符、木或いは竹の札に契約(約束)内容を書きこれを半分に割って双方が持ち真正な相手の証(あかし)としたもの◆「券書(ケンショ)」、契約(約束)の内容を書,N3,on,on,IL2_on_only(on 99%) | B_verb_rad_刀(kun 80%),券:◆手形、割符、木或いは竹の札に契約(約束)内容を書きこれを半分に割って双方が持ち真正な相手の証(あかし)としたもの◆「券書(ケンショ)」、契約(約束)の内容を書
kk_刺さる_ささる,刺さる,ささる,刺:◆さ・す、針などの細く先端が尖(とが)ったものでまっすぐに突く、また突き入れる、同「㓨」◆(痛いところを)ちくりと突く、「諷刺(フウシ)」「譏刺(キシ)」◆棘(,N3,kun,kun,IL1_okurigana(kun 96%) | IL2_single_okuri(kun 96%) | B_verb_rad_刀(kun 80%),刺:◆さ・す、針などの細く先端が尖(とが)ったものでまっすぐに突く、また突き入れる、同「㓨」◆(痛いところを)ちくりと突く、「諷刺(フウシ)」「譏刺(キシ)」◆棘(
kk_刺す_さす,刺す,さす,刺:◆さ・す、針などの細く先端が尖(とが)ったものでまっすぐに突く、また突き入れる、同「㓨」◆(痛いところを)ちくりと突く、「諷刺(フウシ)」「譏刺(キシ)」◆棘(,N3,kun,kun,IL1_okurigana(kun 96%) | IL2_single_okuri(kun 96%) | B_verb_rad_刀(kun 80%),刺:◆さ・す、針などの細く先端が尖(とが)ったものでまっすぐに突く、また突き入れる、同「㓨」◆(痛いところを)ちくりと突く、「諷刺(フウシ)」「譏刺(キシ)」◆棘(
kk_刻む_きざむ,刻む,きざむ,刻:◆(刀で)切り込みを入れる、彫(ほ)り込む◆印(しるし)をつける、目印を彫る◆(水時計や日時計の)目盛り、時間の区切り目[†古く一刻は一日の百分の一、後に一時間,N3,kun,kun,IL1_okurigana(kun 96%) | IL2_single_okuri(kun 96%) | B_verb_rad_刀(kun 80%),刻:◆(刀で)切り込みを入れる、彫(ほ)り込む◆印(しるし)をつける、目印を彫る◆(水時計や日時計の)目盛り、時間の区切り目[†古く一刻は一日の百分の一、後に一時間
kk_剃る_そる,剃る,そる,剃:◆刃物で毛髪を根元から切り取る,N3,kun,kun,IL1_okurigana(kun 96%) | IL2_single_okuri(kun 96%) | B_verb_rad_刀(kun 80%),剃:◆刃物で毛髪を根元から切り取る
kk_剃刀_かみそり,剃刀,かみそり,剃:◆刃物で毛髪を根元から切り取る; 刀:◆(一般には少し反った形の)片刃の刃物の総称 、両刃は「剣」◆錢(ぜに)、古く刀の形をしていたことから◆かたな、部首名,N3,other,mixed+mixed~,B_verb_rad_刀(kun 80%) | B_verb_rad_刀(kun 80%),剃:◆刃物で毛髪を根元から切り取る; 刀:◆(一般には少し反った形の)片刃の刃物の総称 、両刃は「剣」◆錢(ぜに)、古く刀の形をしていたことから◆かたな、部首名
kk_削る_けずる,削る,けずる,削:◆不要なところ(不要なもの)を切り取る、はみ出したり出っ張ったりしているところを切り取る◆薄く切り取る、少しずつ切り落とす◆次第に細くなる、また減る、また減らす,N3,kun,kun,IL1_okurigana(kun 96%) | IL2_single_okuri(kun 96%) | B_verb_rad_刀(kun 80%),削:◆不要なところ(不要なもの)を切り取る、はみ出したり出っ張ったりしているところを切り取る◆薄く切り取る、少しずつ切り落とす◆次第に細くなる、また減る、また減らす
kk_前回_ぜんかい,前回,ぜんかい,前:◆(前に)進む、またその方向、同「先」、「前途(ぜんと、目的地に向かう道のり、将来)」◆位置的には先の方向、時間的には過去の方向、順序では上位の方向、同「先」、; 回:◆円を描(えが)くように動く、一周して(一巡して)元に戻る、同「廻」「迴」、「回復(カイフク)」「回帰(カイキ)」◆元に戻す、元に返す、「回答(カイトウ)」◆(,N3,on,on+on,B_verb_rad_刀(kun 80%),前:◆(前に)進む、またその方向、同「先」、「前途(ぜんと、目的地に向かう道のり、将来)」◆位置的には先の方向、時間的には過去の方向、順序では上位の方向、同「先」、; 回:◆円を描(えが)くように動く、一周して(一巡して)元に戻る、同「廻」「迴」、「回復(カイフク)」「回帰(カイキ)」◆元に戻す、元に返す、「回答(カイトウ)」◆(
kk_前後_ぜんご,前後,ぜんご,前:◆(前に)進む、またその方向、同「先」、「前途(ぜんと、目的地に向かう道のり、将来)」◆位置的には先の方向、時間的には過去の方向、順序では上位の方向、同「先」、; 後:◆位置的には背の方向、時間的には未来の方向、順位・順序では下位の方向、逆は「前」「先」◆遅れる、遅れて来る◆家を継ぐ子、子孫◆簡「后」,N3,on,on+on,A3_short_compound(on+on 71%) | B_verb_rad_刀(kun 80%),前:◆(前に)進む、またその方向、同「先」、「前途(ぜんと、目的地に向かう道のり、将来)」◆位置的には先の方向、時間的には過去の方向、順序では上位の方向、同「先」、; 後:◆位置的には背の方向、時間的には未来の方向、順位・順序では下位の方向、逆は「前」「先」◆遅れる、遅れて来る◆家を継ぐ子、子孫◆簡「后」
kk_前期_ぜんき,前期,ぜんき,前:◆(前に)進む、またその方向、同「先」、「前途(ぜんと、目的地に向かう道のり、将来)」◆位置的には先の方向、時間的には過去の方向、順序では上位の方向、同「先」、; 期:◆予定されている(約束されている)時(とき、時期、時間)、「時期(ジキ)」「期間(キカン、二つの時の間、始めの時から終わりの時までの間)」◆決められた時(時期、,N3,on,on+on,A3_short_compound(on+on 71%) | B_verb_rad_刀(kun 80%),前:◆(前に)進む、またその方向、同「先」、「前途(ぜんと、目的地に向かう道のり、将来)」◆位置的には先の方向、時間的には過去の方向、順序では上位の方向、同「先」、; 期:◆予定されている(約束されている)時(とき、時期、時間)、「時期(ジキ)」「期間(キカン、二つの時の間、始めの時から終わりの時までの間)」◆決められた時(時期、
kk_前途_ぜんと,前途,ぜんと,前:◆(前に)進む、またその方向、同「先」、「前途(ぜんと、目的地に向かう道のり、将来)」◆位置的には先の方向、時間的には過去の方向、順序では上位の方向、同「先」、; 途:◆(途切れることなく繋がっている)道、道路、同「涂」「塗」◆(目的とするところに達するための)道、道筋,N3,on,on+on,A3_short_compound(on+on 71%) | B_verb_rad_刀(kun 80%),前:◆(前に)進む、またその方向、同「先」、「前途(ぜんと、目的地に向かう道のり、将来)」◆位置的には先の方向、時間的には過去の方向、順序では上位の方向、同「先」、; 途:◆(途切れることなく繋がっている)道、道路、同「涂」「塗」◆(目的とするところに達するための)道、道筋
kk_剣道_けんどう,剣道,けんどう,剣:◆両刃(もろは)のまっすぐな刀、片刃は「刀」; 道:◆出発地から目的地へ通じている路(みち)、人や動物などが往来する通り路、「道路(ドウロ)」、同「路」◆目的を達するための経路、手順や方法◆導(みちび)く、手引き,N3,on,on+on,B_verb_rad_刀(kun 80%),剣:◆両刃(もろは)のまっすぐな刀、片刃は「刀」; 道:◆出発地から目的地へ通じている路(みち)、人や動物などが往来する通り路、「道路(ドウロ)」、同「路」◆目的を達するための経路、手順や方法◆導(みちび)く、手引き
kk_剥く_むく,剥く,むく,剥:◆表面を覆(おお)っているものを切り取る、また切り外(はず)す、また取り去る、同「𠚩」「𠛧」◆表面を覆っているものが取れる◆身に着けているものを脱(ぬ)がす、ま,N3,kun,kun,IL1_okurigana(kun 96%) | IL2_single_okuri(kun 96%) | B_verb_rad_刀(kun 80%),剥:◆表面を覆(おお)っているものを切り取る、また切り外(はず)す、また取り去る、同「𠚩」「𠛧」◆表面を覆っているものが取れる◆身に着けているものを脱(ぬ)がす、ま
kk_副作用_ふくさよう,副作用,ふくさよう,副:◆主となるものの傍に寄り添う、付き添う◆主となるものに予備や補助などを目的として添える、補佐的な、二次的な、控え◆割(さ)く、二つに割く、同「疈」; 作:◆働(はたらく)く、力や手を加える、為(な)す、「作業(サギョウ)」「作為(サクイ)」◆力や手を加えることによって物事や状態を変化させる、また他に影響を与える、; 用:◆人や物、或いはその特性や能力を使う、また使ってあることを行う、また役立たせる◆働かせる、発揮させる、またそのために必要な特性・能力・金銭など◆以(もっ)て◆[,N3,on,on+on+on,A4_multi_on(on+on+on 65%) | B_verb_rad_刀(kun 80%),副:◆主となるものの傍に寄り添う、付き添う◆主となるものに予備や補助などを目的として添える、補佐的な、二次的な、控え◆割(さ)く、二つに割く、同「疈」; 作:◆働(はたらく)く、力や手を加える、為(な)す、「作業(サギョウ)」「作為(サクイ)」◆力や手を加えることによって物事や状態を変化させる、また他に影響を与える、; 用:◆人や物、或いはその特性や能力を使う、また使ってあることを行う、また役立たせる◆働かせる、発揮させる、またそのために必要な特性・能力・金銭など◆以(もっ)て◆[
kk_割りに_わりに,割りに,わりに,割:◆刀で二つに裂く、裂いて切り離された状態にする◆十分の一(比率の単位),N3,kun,kun,IL1_okurigana(kun 96%) | IL2_single_okuri(kun 96%) | B_verb_rad_刀(kun 80%),割:◆刀で二つに裂く、裂いて切り離された状態にする◆十分の一(比率の単位)
kk_割り勘_わりかん,割り勘,わりかん,割:◆刀で二つに裂く、裂いて切り離された状態にする◆十分の一(比率の単位); 勘:◆よく突き合わせながら考える、詳しく比べる◆(罪を)問い質(ただ)す、詳しく取り調べる◆[日]かん、第六感、感覚では知覚できな物事を確かに感じ知ること,N3,mixed,kun+on~,IL1_okurigana(kun 96%) | A1_compound_oku(kun 90%) | A1_on_kun_mix(on+kun 65%),割:◆刀で二つに裂く、裂いて切り離された状態にする◆十分の一(比率の単位); 勘:◆よく突き合わせながら考える、詳しく比べる◆(罪を)問い質(ただ)す、詳しく取り調べる◆[日]かん、第六感、感覚では知覚できな物事を確かに感じ知ること
kk_割引_わりびき,割引,わりびき,割:◆刀で二つに裂く、裂いて切り離された状態にする◆十分の一(比率の単位); 引:◆(弓の弦iに指を掛け、ぐいと)手前に寄せる、「向こうへぐいと押しやる」とは逆の動きをいう◆ぐいと伸ばす、「引領(インレイ、首を伸ばす、首を伸ばして待ち受ける),N3,other,mixed+mixed~,B_verb_rad_刀(kun 80%),割:◆刀で二つに裂く、裂いて切り離された状態にする◆十分の一(比率の単位); 引:◆(弓の弦iに指を掛け、ぐいと)手前に寄せる、「向こうへぐいと押しやる」とは逆の動きをいう◆ぐいと伸ばす、「引領(インレイ、首を伸ばす、首を伸ばして待ち受ける)
kk_創作_そうさく,創作,そうさく,創:◆傷(きず)、切り傷、同「瘡」◆傷付ける、刃物で切り込みを入れる、彫(ほ)る、彫り込む、同「𠛂」◆(まず刃物で切り込みを入れるところから始めるの意で)仕事をし始; 作:◆働(はたらく)く、力や手を加える、為(な)す、「作業(サギョウ)」「作為(サクイ)」◆力や手を加えることによって物事や状態を変化させる、また他に影響を与える、,N3,on,on+on,B_verb_rad_刀(kun 80%),創:◆傷(きず)、切り傷、同「瘡」◆傷付ける、刃物で切り込みを入れる、彫(ほ)る、彫り込む、同「𠛂」◆(まず刃物で切り込みを入れるところから始めるの意で)仕事をし始; 作:◆働(はたらく)く、力や手を加える、為(な)す、「作業(サギョウ)」「作為(サクイ)」◆力や手を加えることによって物事や状態を変化させる、また他に影響を与える、
kk_力一杯_ちからいっぱい,力一杯,ちからいっぱい,力:◆ものを動かすもの、ものを動かしているもの、ものに働(はたら)くもの、「強力(キョウリョク、強い力)」◆働く、務(つと)める、勤(つと)める、「努力(ドリョク、; 一:◆最初、最初の数、最も小さい数、同「壹」 ◆(幾つかあるものの内の、全体の中の)一つ、一つの、一つに、それだけ、ひたすら、同「壹」◆同じ、等しい、「同じ一つのも; 杯:◆酒・茶・スープsoupなどの液状の飲み物を飲むための器の総称、一般に手に持てる程度の大きさのものでやや浅めの器 ◆液体の入った容器の数また容器に液体を満たした,N3,other,mixed+mixed+mixed~,A4_multi_on(on+on+on 65%) | B_verb_rad_力(kun 80%) | B_noun_rad_木(kun 93%),力:◆ものを動かすもの、ものを動かしているもの、ものに働(はたら)くもの、「強力(キョウリョク、強い力)」◆働く、務(つと)める、勤(つと)める、「努力(ドリョク、; 一:◆最初、最初の数、最も小さい数、同「壹」 ◆(幾つかあるものの内の、全体の中の)一つ、一つの、一つに、それだけ、ひたすら、同「壹」◆同じ、等しい、「同じ一つのも; 杯:◆酒・茶・スープsoupなどの液状の飲み物を飲むための器の総称、一般に手に持てる程度の大きさのものでやや浅めの器 ◆液体の入った容器の数また容器に液体を満たした
kk_力強い_ちからづよい,力強い,ちからづよい,力:◆ものを動かすもの、ものを動かしているもの、ものに働(はたら)くもの、「強力(キョウリョク、強い力)」◆働く、務(つと)める、勤(つと)める、「努力(ドリョク、; 強:◆堅(かた)く曲がったり歪(ゆが)んだり弛(ゆる)んだりすることがないさま、どんな力にも揺(ゆら)らがないさま◆力や勢いがあるさま、体力・気力が漲(みなぎ)って,N3,other,mixed+mixed~,IL1_okurigana(kun 96%) | A1_compound_oku(kun 90%) | A1_on_kun_mix(on+kun 65%),力:◆ものを動かすもの、ものを動かしているもの、ものに働(はたら)くもの、「強力(キョウリョク、強い力)」◆働く、務(つと)める、勤(つと)める、「努力(ドリョク、; 強:◆堅(かた)く曲がったり歪(ゆが)んだり弛(ゆる)んだりすることがないさま、どんな力にも揺(ゆら)らがないさま◆力や勢いがあるさま、体力・気力が漲(みなぎ)って
kk_加える_くわえる,加える,くわえる,加:◆足(た)す、付け足す、継(つ)ぎ足す、注(つ)ぎ足す◆増(ふ)やす、増える◆その上に～、その上更に～,N3,kun,kun,IL1_okurigana(kun 96%) | IL2_single_okuri(kun 96%) | B_verb_rad_力(kun 80%),加:◆足(た)す、付け足す、継(つ)ぎ足す、注(つ)ぎ足す◆増(ふ)やす、増える◆その上に～、その上更に～
kk_加工_かこう,加工,かこう,加:◆足(た)す、付け足す、継(つ)ぎ足す、注(つ)ぎ足す◆増(ふ)やす、増える◆その上に～、その上更に～; 工:◆物をつくる巧(たく)みな技(わざ)、また物づくりが巧みなさま◆できばえが精巧(セイコウ)なさま、同「㣉」◆匠(たくみ)、物をつくる技術・技能に秀(ひい)でた人,N3,on,on+on,A3_short_compound(on+on 71%) | B_verb_rad_力(kun 80%),加:◆足(た)す、付け足す、継(つ)ぎ足す、注(つ)ぎ足す◆増(ふ)やす、増える◆その上に～、その上更に～; 工:◆物をつくる巧(たく)みな技(わざ)、また物づくりが巧みなさま◆できばえが精巧(セイコウ)なさま、同「㣉」◆匠(たくみ)、物をつくる技術・技能に秀(ひい)でた人
kk_加熱_かねつ,加熱,かねつ,加:◆足(た)す、付け足す、継(つ)ぎ足す、注(つ)ぎ足す◆増(ふ)やす、増える◆その上に～、その上更に～; 熱:◆火に温められて立ち昇る温気や蒸気◆火に当たって温度が高くなる、太陽の熱によって気温が上がるのは「暑」◆火照(ほて)る◆盛んになる、夢中になる,N3,on,on+on,A3_short_compound(on+on 71%) | B_verb_rad_力(kun 80%),加:◆足(た)す、付け足す、継(つ)ぎ足す、注(つ)ぎ足す◆増(ふ)やす、増える◆その上に～、その上更に～; 熱:◆火に温められて立ち昇る温気や蒸気◆火に当たって温度が高くなる、太陽の熱によって気温が上がるのは「暑」◆火照(ほて)る◆盛んになる、夢中になる
kk_努力_どりょく,努力,どりょく,努:◆つと・める、力を尽くす、勉(つと)める◆突き出るさま、突出するさま◆永字八法の一つ、縦画の書き方、「弩」ともいう、現代中国では「竪(しゅ)」 ◆[日]つと・め; 力:◆ものを動かすもの、ものを動かしているもの、ものに働(はたら)くもの、「強力(キョウリョク、強い力)」◆働く、務(つと)める、勤(つと)める、「努力(ドリョク、,N3,on,on+on,A3_short_compound(on+on 71%) | B_verb_rad_力(kun 80%) | B_verb_rad_力(kun 80%),努:◆つと・める、力を尽くす、勉(つと)める◆突き出るさま、突出するさま◆永字八法の一つ、縦画の書き方、「弩」ともいう、現代中国では「竪(しゅ)」 ◆[日]つと・め; 力:◆ものを動かすもの、ものを動かしているもの、ものに働(はたら)くもの、「強力(キョウリョク、強い力)」◆働く、務(つと)める、勤(つと)める、「努力(ドリョク、
kk_効く/利く_きく,効く/利く,きく,効:◆致(いた)す、力を尽くす、力を発揮する◆致す(力を尽くす、力を発揮する)ことによって結果・成果が現れる(得られる)◆他に致す(作用する)ことによって現れる(得; 利:◆先が尖(とが)る、先が鋭(するど)く尖った刃物◆よく切れるさま、切れ味が良いさま、鋭いさま◆(よく切れる刃物のように)すぱっと、さっと、一気に◆(よく切れる刃,N3,kun,kun+kun~,IL1_okurigana(kun 96%) | A1_compound_oku(kun 90%) | A1_on_kun_mix(on+kun 65%),効:◆致(いた)す、力を尽くす、力を発揮する◆致す(力を尽くす、力を発揮する)ことによって結果・成果が現れる(得られる)◆他に致す(作用する)ことによって現れる(得; 利:◆先が尖(とが)る、先が鋭(するど)く尖った刃物◆よく切れるさま、切れ味が良いさま、鋭いさま◆(よく切れる刃物のように)すぱっと、さっと、一気に◆(よく切れる刃
kk_効果_こうか,効果,こうか,効:◆致(いた)す、力を尽くす、力を発揮する◆致す(力を尽くす、力を発揮する)ことによって結果・成果が現れる(得られる)◆他に致す(作用する)ことによって現れる(得; 果:◆木の実、同「菓」◆は・たす、最後まで成し遂げる◆(芽を出し生長し花を咲かせ最終的には実が成ることから)物事の結末、最後まで成し遂げることによって得るもの、「結,N3,on,on+on,A3_short_compound(on+on 71%) | B_verb_rad_力(kun 80%) | B_noun_rad_木(kun 93%),効:◆致(いた)す、力を尽くす、力を発揮する◆致す(力を尽くす、力を発揮する)ことによって結果・成果が現れる(得られる)◆他に致す(作用する)ことによって現れる(得; 果:◆木の実、同「菓」◆は・たす、最後まで成し遂げる◆(芽を出し生長し花を咲かせ最終的には実が成ることから)物事の結末、最後まで成し遂げることによって得るもの、「結
kk_効率_こうりつ,効率,こうりつ,効:◆致(いた)す、力を尽くす、力を発揮する◆致す(力を尽くす、力を発揮する)ことによって結果・成果が現れる(得られる)◆他に致す(作用する)ことによって現れる(得; 率:◆鳥を捕らえるための網、一網打尽にする網◆ひき・いる、全体(集団)が乱れないよう一つに纏(まと)める、「統率(トウソツ)」◆従う、纏まり・基準などからはみ出ない,N3,on,on+on,B_verb_rad_力(kun 80%),効:◆致(いた)す、力を尽くす、力を発揮する◆致す(力を尽くす、力を発揮する)ことによって結果・成果が現れる(得られる)◆他に致す(作用する)ことによって現れる(得; 率:◆鳥を捕らえるための網、一網打尽にする網◆ひき・いる、全体(集団)が乱れないよう一つに纏(まと)める、「統率(トウソツ)」◆従う、纏まり・基準などからはみ出ない
kk_勇気_ゆうき,勇気,ゆうき,勇:◆気力が満ちているさま、気力に満ちて恐れを知らない、恐れることなく立ち向かう、逞(たくま)しく怯(ひる)まない、同「恿」; 気:◆中国古来の考えで、天地全ての事物の基本要素、目に見えず形状は一定しない、あらゆる事物の生死・盛衰などの変化・変動はこの「気」の移動・集散によるものと考えられた,N3,on,on+on,A3_short_compound(on+on 71%) | B_verb_rad_力(kun 80%),勇:◆気力が満ちているさま、気力に満ちて恐れを知らない、恐れることなく立ち向かう、逞(たくま)しく怯(ひる)まない、同「恿」; 気:◆中国古来の考えで、天地全ての事物の基本要素、目に見えず形状は一定しない、あらゆる事物の生死・盛衰などの変化・変動はこの「気」の移動・集散によるものと考えられた
kk_動かす_うごかす,動かす,うごかす,動:◆位置・姿勢・感情・状態・事情などが変わる、また変える、また変わり始める、「動作」「行動」「感動」◆やや・もすれば、どうかすると(～になる、～になりやすい),N3,kun,kun,IL1_okurigana(kun 96%) | IL2_single_okuri(kun 96%) | B_verb_rad_力(kun 80%),動:◆位置・姿勢・感情・状態・事情などが変わる、また変える、また変わり始める、「動作」「行動」「感動」◆やや・もすれば、どうかすると(～になる、～になりやすい)
kk_動き_うごき,動き,うごき,動:◆位置・姿勢・感情・状態・事情などが変わる、また変える、また変わり始める、「動作」「行動」「感動」◆やや・もすれば、どうかすると(～になる、～になりやすい),N3,kun,kun,IL1_okurigana(kun 96%) | IL2_single_okuri(kun 96%) | B_verb_rad_力(kun 80%),動:◆位置・姿勢・感情・状態・事情などが変わる、また変える、また変わり始める、「動作」「行動」「感動」◆やや・もすれば、どうかすると(～になる、～になりやすい)
kk_動作_どうさ,動作,どうさ,動:◆位置・姿勢・感情・状態・事情などが変わる、また変える、また変わり始める、「動作」「行動」「感動」◆やや・もすれば、どうかすると(～になる、～になりやすい); 作:◆働(はたらく)く、力や手を加える、為(な)す、「作業(サギョウ)」「作為(サクイ)」◆力や手を加えることによって物事や状態を変化させる、また他に影響を与える、,N3,on,on+on,A3_short_compound(on+on 71%) | B_verb_rad_力(kun 80%),動:◆位置・姿勢・感情・状態・事情などが変わる、また変える、また変わり始める、「動作」「行動」「感動」◆やや・もすれば、どうかすると(～になる、～になりやすい); 作:◆働(はたらく)く、力や手を加える、為(な)す、「作業(サギョウ)」「作為(サクイ)」◆力や手を加えることによって物事や状態を変化させる、また他に影響を与える、
kk_勘定_かんじょう,勘定,かんじょう,勘:◆よく突き合わせながら考える、詳しく比べる◆(罪を)問い質(ただ)す、詳しく取り調べる◆[日]かん、第六感、感覚では知覚できな物事を確かに感じ知ること; 定:◆さだ・まる、動きや乱れが鎮(しず)まって変化・変動しない状態になる、平静になる、落ち着く、「鎮定(チンテイ)」◆さだ・める、動いたり揺らいだりしない状態にする,N3,on,on+on,B_verb_rad_力(kun 80%) | B_noun_rad_宀(kun 93%),勘:◆よく突き合わせながら考える、詳しく比べる◆(罪を)問い質(ただ)す、詳しく取り調べる◆[日]かん、第六感、感覚では知覚できな物事を確かに感じ知ること; 定:◆さだ・まる、動きや乱れが鎮(しず)まって変化・変動しない状態になる、平静になる、落ち着く、「鎮定(チンテイ)」◆さだ・める、動いたり揺らいだりしない状態にする
kk_勝手_かって,勝手,かって,勝:◆責任や任務によく耐える、また耐えることができる◆克(か)つ、克服する、(困難に耐え)乗り越え成し遂げる◆～を上回る、～より優(すぐ)れる、優れている◆相手を上; 手:◆体や物体の一部で、胴から分かれ出て伸び、持つ・握る・叩く・ものを作る・操作するなどの機能を持つ部分、掌(たなごころ)と指を合わせた全体、腕の先の部分 ◆自(み,N3,kun,kun+kun~,A3_short_compound(on+on 71%) | B_verb_rad_力(kun 80%) | B_verb_rad_手(kun 80%),勝:◆責任や任務によく耐える、また耐えることができる◆克(か)つ、克服する、(困難に耐え)乗り越え成し遂げる◆～を上回る、～より優(すぐ)れる、優れている◆相手を上; 手:◆体や物体の一部で、胴から分かれ出て伸び、持つ・握る・叩く・ものを作る・操作するなどの機能を持つ部分、掌(たなごころ)と指を合わせた全体、腕の先の部分 ◆自(み
kk_勝負_しょうぶ,勝負,しょうぶ,勝:◆責任や任務によく耐える、また耐えることができる◆克(か)つ、克服する、(困難に耐え)乗り越え成し遂げる◆～を上回る、～より優(すぐ)れる、優れている◆相手を上; 負:◆荷を背に載(の)せる、肩は「擔」「担」◆荷や仕事や責任などを引き受ける、「重い荷を背負う」の意◆(背後にあるものを)頼る、頼りにする、当てにする◆背を向ける、,N3,on,on+on,A3_short_compound(on+on 71%) | B_verb_rad_力(kun 80%),勝:◆責任や任務によく耐える、また耐えることができる◆克(か)つ、克服する、(困難に耐え)乗り越え成し遂げる◆～を上回る、～より優(すぐ)れる、優れている◆相手を上; 負:◆荷を背に載(の)せる、肩は「擔」「担」◆荷や仕事や責任などを引き受ける、「重い荷を背負う」の意◆(背後にあるものを)頼る、頼りにする、当てにする◆背を向ける、
kk_募集_ぼしゅう,募集,ぼしゅう,募:◆広く呼び掛けて参加や金品を求める、「募兵(ボヘイ)」◆[日]ますます強くなる、高じる; 集:◆多くのものが同じところに寄り合う、多くの人が同じところに会(カイ)する◆多くのものが一つになる、また一つにする、また一つになったもの、また一つにしたもの◆多く,N3,on,on+on,A3_short_compound(on+on 71%) | B_verb_rad_力(kun 80%),募:◆広く呼び掛けて参加や金品を求める、「募兵(ボヘイ)」◆[日]ますます強くなる、高じる; 集:◆多くのものが同じところに寄り合う、多くの人が同じところに会(カイ)する◆多くのものが一つになる、また一つにする、また一つになったもの、また一つにしたもの◆多く
kk_勤勉_きんべん,勤勉,きんべん,勤:◆すべきことに(仕事に)力を注(そそ)ぐ、励(はげ)む、精(セイ)を出す、同「廑」; 勉:◆強(し)いる、他に強いる、強く励(はげ)ます、自らに強いる、力を尽くして励む◆「勉強(ベンキョウ)」◇足りないところ(足りないもの)を補(おぎ)おうと励む◇他,N3,on,on+on,B_verb_rad_力(kun 80%) | B_verb_rad_力(kun 80%),勤:◆すべきことに(仕事に)力を注(そそ)ぐ、励(はげ)む、精(セイ)を出す、同「廑」; 勉:◆強(し)いる、他に強いる、強く励(はげ)ます、自らに強いる、力を尽くして励む◆「勉強(ベンキョウ)」◇足りないところ(足りないもの)を補(おぎ)おうと励む◇他
kk_勤務_きんむ,勤務,きんむ,勤:◆すべきことに(仕事に)力を注(そそ)ぐ、励(はげ)む、精(セイ)を出す、同「廑」; 務:◆成すべきこと、ひたすら力を注(そそ)ぐべきこと◆努(つと)める、成すべきことにひたすら力を尽くす、同「敄」◆強(し)いて、押して、無理にでも,N3,on,on+on,A3_short_compound(on+on 71%) | B_verb_rad_力(kun 80%) | B_verb_rad_力(kun 80%),勤:◆すべきことに(仕事に)力を注(そそ)ぐ、励(はげ)む、精(セイ)を出す、同「廑」; 務:◆成すべきこと、ひたすら力を注(そそ)ぐべきこと◆努(つと)める、成すべきことにひたすら力を尽くす、同「敄」◆強(し)いて、押して、無理にでも
kk_勧める_すすめる,勧める,すすめる,勧:◆手を貸し励(はげ)まし促(うなが)す、繰返し促す,N3,kun,kun,IL1_okurigana(kun 96%) | IL2_single_okuri(kun 96%) | B_verb_rad_力(kun 80%),勧:◆手を貸し励(はげ)まし促(うなが)す、繰返し促す
kk_勿体無い_もったいない,勿体無い,もったいない,勿:◆なか・れ、～するな、禁止の助字◆～ない、～しない、～でない、否定の助字◆「勿吉(モツキチ)」、南北朝時代(420年～589年)現中国北東部吉林省・黒竜江省から; 体:◆頭から足の先までの全身、ものの全部、ものの主要な部分、またその姿形や様子、「身体(シンタイ、体、肉体)」「本体(ホンタイ、ものの本当の姿、ものの中心的部分)」; 無:◆ない、存在しない、有(ゆう)していない◆～ではない、～であってはならない◆簡「无」,N3,other,mixed+mixed+mixed~,IL1_okurigana(kun 96%) | A1_compound_oku(kun 90%) | A1_on_kun_mix(on+kun 65%),勿:◆なか・れ、～するな、禁止の助字◆～ない、～しない、～でない、否定の助字◆「勿吉(モツキチ)」、南北朝時代(420年～589年)現中国北東部吉林省・黒竜江省から; 体:◆頭から足の先までの全身、ものの全部、ものの主要な部分、またその姿形や様子、「身体(シンタイ、体、肉体)」「本体(ホンタイ、ものの本当の姿、ものの中心的部分)」; 無:◆ない、存在しない、有(ゆう)していない◆～ではない、～であってはならない◆簡「无」
kk_包丁_ほうちょう,包丁,ほうちょう,包:◆布や紙などの薄い膜状のもので全体を覆(おお)う、中のものを保護するように全体を覆う、含(ふく)める、同「裹」◆周りを覆う、周りを囲う; 丁:◆ひのと、十干(ジッカン、甲・乙・丙・丁・戊・己・庚・辛・壬・癸)の四番目 ◆賦役(フエキ)に徴用される年齢に達した(成年に達した)成人男性、壮年の(働き盛りの,N3,on,on+on,,包:◆布や紙などの薄い膜状のもので全体を覆(おお)う、中のものを保護するように全体を覆う、含(ふく)める、同「裹」◆周りを覆う、周りを囲う; 丁:◆ひのと、十干(ジッカン、甲・乙・丙・丁・戊・己・庚・辛・壬・癸)の四番目 ◆賦役(フエキ)に徴用される年齢に達した(成年に達した)成人男性、壮年の(働き盛りの
kk_包装_ほうそう,包装,ほうそう,包:◆布や紙などの薄い膜状のもので全体を覆(おお)う、中のものを保護するように全体を覆う、含(ふく)める、同「裹」◆周りを覆う、周りを囲う; 装:◆(包んだり覆ったりして)外側を飾る◆(衣服や装飾品などのような、上辺を繕うための)飾り◆(飾り付けをしたりして)外見を整える◆(衣服を纏ったり化粧をしたりして,N3,on,on+on,,包:◆布や紙などの薄い膜状のもので全体を覆(おお)う、中のものを保護するように全体を覆う、含(ふく)める、同「裹」◆周りを覆う、周りを囲う; 装:◆(包んだり覆ったりして)外側を飾る◆(衣服や装飾品などのような、上辺を繕うための)飾り◆(飾り付けをしたりして)外見を整える◆(衣服を纏ったり化粧をしたりして
kk_化粧_けしょう,化粧,けしょう,化:◆性質・形状・状態などが元とは全く違ったものに変わる、まだ元の様子が分かる程度の変化は「変」◆他の影響を受けて、また時間を経ることによって考えや態度などが変わる; 粧:◆白粉(おしろい)・頬紅(ほおべに)・黛(まゆずみ)などで装い飾る、同「妝」,N3,on,on+on,A3_short_compound(on+on 71%) | B_noun_rad_米(kun 93%),化:◆性質・形状・状態などが元とは全く違ったものに変わる、まだ元の様子が分かる程度の変化は「変」◆他の影響を受けて、また時間を経ることによって考えや態度などが変わる; 粧:◆白粉(おしろい)・頬紅(ほおべに)・黛(まゆずみ)などで装い飾る、同「妝」
kk_区別_くべつ,区別,くべつ,区:◆ある大きさのものを幾つかに別(わ)ける、仕切(しき)る◆周りを仕切ったところ、他から仕切られたところ◆行政上の地域の単位◆小さいさま、細かいさま◆戦国時代(前; 別:◆切って分(わ)ける、分離する、分けて離す、分けたものが繋(つな)がっていない状態にする◆分かれる、分かれ離れる◆他と繋がりがない、他とは違う、異なる◆他(ほか,N3,on,on+on,A3_short_compound(on+on 71%) | B_verb_rad_刀(kun 80%),区:◆ある大きさのものを幾つかに別(わ)ける、仕切(しき)る◆周りを仕切ったところ、他から仕切られたところ◆行政上の地域の単位◆小さいさま、細かいさま◆戦国時代(前; 別:◆切って分(わ)ける、分離する、分けて離す、分けたものが繋(つな)がっていない状態にする◆分かれる、分かれ離れる◆他と繋がりがない、他とは違う、異なる◆他(ほか
kk_医師_いし,医師,いし,"医:◆弓や弩(ド、機械仕掛けの弓)の矢を入れる容器◆病気を治(なお)す、また病気を治療する人、同繁「醫」、同「毉」; 師:◆兵士数を基にした軍隊の規模の単位、軍隊、周朝(シュウ、西周、前11世紀～前771年)では2,500人を単位とした、「【周禮:卷第三:地官司徒】乃會萬民之卒伍而",N3,on,on+on,A3_short_compound(on+on 71%) | B_noun_rad_巾(kun 93%),"医:◆弓や弩(ド、機械仕掛けの弓)の矢を入れる容器◆病気を治(なお)す、また病気を治療する人、同繁「醫」、同「毉」; 師:◆兵士数を基にした軍隊の規模の単位、軍隊、周朝(シュウ、西周、前11世紀～前771年)では2,500人を単位とした、「【周禮:卷第三:地官司徒】乃會萬民之卒伍而"
kk_医療_いりょう,医療,いりょう,医:◆弓や弩(ド、機械仕掛けの弓)の矢を入れる容器◆病気を治(なお)す、また病気を治療する人、同繁「醫」、同「毉」; 療:◆肉体的・精神的な病(やまい)や傷を治(なお)す、癒(いや)す,N3,on,on+on,A3_short_compound(on+on 71%),医:◆弓や弩(ド、機械仕掛けの弓)の矢を入れる容器◆病気を治(なお)す、また病気を治療する人、同繁「醫」、同「毉」; 療:◆肉体的・精神的な病(やまい)や傷を治(なお)す、癒(いや)す
kk_半年_はんとし,半年,はんとし,半:◆凡そ二分の一、二分したものの片方◆途中、距離や時間の中間付近◆まだ完全でないさま; 年:◆穀物が稔(みの)る、同「秊」◆農作物を収穫してから次の収穫期までの期間、四季(二十四節気)を一巡する期間、year◆誕生してから生きてその誕生日を通り過ぎた回,N3,mixed,on+kun~,,半:◆凡そ二分の一、二分したものの片方◆途中、距離や時間の中間付近◆まだ完全でないさま; 年:◆穀物が稔(みの)る、同「秊」◆農作物を収穫してから次の収穫期までの期間、四季(二十四節気)を一巡する期間、year◆誕生してから生きてその誕生日を通り過ぎた回
kk_半数_はんすう,半数,はんすう,半:◆凡そ二分の一、二分したものの片方◆途中、距離や時間の中間付近◆まだ完全でないさま; 数:◆かず、同種のもの(繰り返されるもの)の多少を表す語◆かぞ・える、一つ二つ(一回二回)と計算する、またその多少◆細かい、煩(わずら)わしい◆しばしば、同じことを,N3,on,on+on,,半:◆凡そ二分の一、二分したものの片方◆途中、距離や時間の中間付近◆まだ完全でないさま; 数:◆かず、同種のもの(繰り返されるもの)の多少を表す語◆かぞ・える、一つ二つ(一回二回)と計算する、またその多少◆細かい、煩(わずら)わしい◆しばしば、同じことを
kk_半日_はんにち,半日,はんにち,半:◆凡そ二分の一、二分したものの片方◆途中、距離や時間の中間付近◆まだ完全でないさま; 日:◆太陽◆太陽が出ている間、昼間、夜明けから日没まで◆一昼夜、朝から次の朝まで、またその繰り返し、またその繰り返しを数える語◆候(コウ)、時節、頃(ケイ、ころ)◆,N3,on,on+on,,半:◆凡そ二分の一、二分したものの片方◆途中、距離や時間の中間付近◆まだ完全でないさま; 日:◆太陽◆太陽が出ている間、昼間、夜明けから日没まで◆一昼夜、朝から次の朝まで、またその繰り返し、またその繰り返しを数える語◆候(コウ)、時節、頃(ケイ、ころ)◆
kk_半月_はんつき,半月,はんつき,半:◆凡そ二分の一、二分したものの片方◆途中、距離や時間の中間付近◆まだ完全でないさま; 月:◆地球の衛星の名、太陰(タイイン)、「日」を「太陽」というのに対して月を「太陰」という◆一年をほぼ十二等分した期間、新月(月が見えなくなる日)から次の新月までの,N3,mixed,on+kun~,,半:◆凡そ二分の一、二分したものの片方◆途中、距離や時間の中間付近◆まだ完全でないさま; 月:◆地球の衛星の名、太陰(タイイン)、「日」を「太陽」というのに対して月を「太陰」という◆一年をほぼ十二等分した期間、新月(月が見えなくなる日)から次の新月までの
kk_半袖_はんそで,半袖,はんそで,半:◆凡そ二分の一、二分したものの片方◆途中、距離や時間の中間付近◆まだ完全でないさま; 袖:◆衣服の肩から手首までの部分、衣服の腕を包む部分、またそこに物を入れる、同「褎」,N3,mixed,on+kun~,,半:◆凡そ二分の一、二分したものの片方◆途中、距離や時間の中間付近◆まだ完全でないさま; 袖:◆衣服の肩から手首までの部分、衣服の腕を包む部分、またそこに物を入れる、同「褎」
kk_半額_はんがく,半額,はんがく,半:◆凡そ二分の一、二分したものの片方◆途中、距離や時間の中間付近◆まだ完全でないさま; 額:◆髪の生え際から眉の上まで部分、顔の目より上の部分◆建物の正面入口や門の上部中央に掲げる平板、額(ひたい、顔の上部)と同じような位置に掲げることから◆予(あらか,N3,on,on+on,,半:◆凡そ二分の一、二分したものの片方◆途中、距離や時間の中間付近◆まだ完全でないさま; 額:◆髪の生え際から眉の上まで部分、顔の目より上の部分◆建物の正面入口や門の上部中央に掲げる平板、額(ひたい、顔の上部)と同じような位置に掲げることから◆予(あらか
kk_協力_きょうりょく,協力,きょうりょく,協:◆共に力を合わせる、同「劦」◆合わせる、合わさる; 力:◆ものを動かすもの、ものを動かしているもの、ものに働(はたら)くもの、「強力(キョウリョク、強い力)」◆働く、務(つと)める、勤(つと)める、「努力(ドリョク、,N3,on,on+on,B_verb_rad_力(kun 80%),協:◆共に力を合わせる、同「劦」◆合わせる、合わさる; 力:◆ものを動かすもの、ものを動かしているもの、ものに働(はたら)くもの、「強力(キョウリョク、強い力)」◆働く、務(つと)める、勤(つと)める、「努力(ドリョク、
kk_南側_みなみがわ,南側,みなみがわ,南:◆東(トウ、ひがし、太陽が昇る方角)を向いたときに右の方角、陽が射し込む方角、左の方角を「北」; 側:◆(立っているものの)すぐ傍(そば)、傍(かたわ)ら、脇(わき)、同「旁」◆立てて片方に(一方に)寄せる、片方に寄る、偏(かたよ)る、同「仄」◆立ったものが一方,N3,other,mixed+mixed~,,南:◆東(トウ、ひがし、太陽が昇る方角)を向いたときに右の方角、陽が射し込む方角、左の方角を「北」; 側:◆(立っているものの)すぐ傍(そば)、傍(かたわ)ら、脇(わき)、同「旁」◆立てて片方に(一方に)寄せる、片方に寄る、偏(かたよ)る、同「仄」◆立ったものが一方
kk_単に_たんに,単に,たんに,単:◆一つ、ただ一つ、それだけ、ただそれだけ、異質のものや別物が混ざっていない状態を指す◆ひとえ◇重ならない、繰り返さない◇裏地のない衣服,N3,on,on,IL1_okurigana(kun 96%) | IL2_single_okuri(kun 96%),単:◆一つ、ただ一つ、それだけ、ただそれだけ、異質のものや別物が混ざっていない状態を指す◆ひとえ◇重ならない、繰り返さない◇裏地のない衣服
kk_単位_たんい,単位,たんい,単:◆一つ、ただ一つ、それだけ、ただそれだけ、異質のものや別物が混ざっていない状態を指す◆ひとえ◇重ならない、繰り返さない◇裏地のない衣服; 位:◆順に並ぶ時に立つべき場所、並べて置く時の置くべき場所、並んでいるものの中での置かれている場所、「位置(イチ)」◆階級の中の級(キュウ、順位)、席次(セキジ)、,N3,on,on+on,A3_short_compound(on+on 71%),単:◆一つ、ただ一つ、それだけ、ただそれだけ、異質のものや別物が混ざっていない状態を指す◆ひとえ◇重ならない、繰り返さない◇裏地のない衣服; 位:◆順に並ぶ時に立つべき場所、並べて置く時の置くべき場所、並んでいるものの中での置かれている場所、「位置(イチ)」◆階級の中の級(キュウ、順位)、席次(セキジ)、
kk_印_しるし,印,しるし,印:◆しるし、真正(シンセイ)であることの証(あかし)とするもの、それであることを見分けるための標(しるし)◆判子(はんこ)、特に公的な印鑑を指す◆木や石や金属に文,N3,kun,kun,IL2_single_default(kun 84%),印:◆しるし、真正(シンセイ)であることの証(あかし)とするもの、それであることを見分けるための標(しるし)◆判子(はんこ)、特に公的な印鑑を指す◆木や石や金属に文
kk_印刷_いんさつ,印刷,いんさつ,印:◆しるし、真正(シンセイ)であることの証(あかし)とするもの、それであることを見分けるための標(しるし)◆判子(はんこ)、特に公的な印鑑を指す◆木や石や金属に文; 刷:◆さっと擦(こす)る、さっと拭(ぬぐ)う◆擦って(拭って、掃いて)きれいにする、汚れを払(はら)い除く、同「㕞」「𢼞」◆「刷子(サッシ)」、刷毛(はけ)、ブラシ,N3,on,on+on,B_verb_rad_刀(kun 80%),印:◆しるし、真正(シンセイ)であることの証(あかし)とするもの、それであることを見分けるための標(しるし)◆判子(はんこ)、特に公的な印鑑を指す◆木や石や金属に文; 刷:◆さっと擦(こす)る、さっと拭(ぬぐ)う◆擦って(拭って、掃いて)きれいにする、汚れを払(はら)い除く、同「㕞」「𢼞」◆「刷子(サッシ)」、刷毛(はけ)、ブラシ
kk_印象_いんしょう,印象,いんしょう,印:◆しるし、真正(シンセイ)であることの証(あかし)とするもの、それであることを見分けるための標(しるし)◆判子(はんこ)、特に公的な印鑑を指す◆木や石や金属に文; 象:◆ゾウ(象)、ゾウ科の哺乳類、また同科の哺乳類の称◆もの(者や物)の姿形(すがたかたち)、同「像」◆もの(者や物)の姿形に似せる、また似る、また似せて作ったもの,N3,on,on+on,,印:◆しるし、真正(シンセイ)であることの証(あかし)とするもの、それであることを見分けるための標(しるし)◆判子(はんこ)、特に公的な印鑑を指す◆木や石や金属に文; 象:◆ゾウ(象)、ゾウ科の哺乳類、また同科の哺乳類の称◆もの(者や物)の姿形(すがたかたち)、同「像」◆もの(者や物)の姿形に似せる、また似る、また似せて作ったもの
kk_印鑑_いんかん,印鑑,いんかん,印:◆しるし、真正(シンセイ)であることの証(あかし)とするもの、それであることを見分けるための標(しるし)◆判子(はんこ)、特に公的な印鑑を指す◆木や石や金属に文; 鑑:◆大きな盆(ボン、口が開き底が平らな容器) ◆物を映(うつ)す鏡、古くは盆に水を張り鏡(かがみ)として使ったが、後には石や金属の表面を平らに磨いて鏡とした、同「,N3,on,on+on,B_noun_rad_金(kun 93%),印:◆しるし、真正(シンセイ)であることの証(あかし)とするもの、それであることを見分けるための標(しるし)◆判子(はんこ)、特に公的な印鑑を指す◆木や石や金属に文; 鑑:◆大きな盆(ボン、口が開き底が平らな容器) ◆物を映(うつ)す鏡、古くは盆に水を張り鏡(かがみ)として使ったが、後には石や金属の表面を平らに磨いて鏡とした、同「
kk_危うく_あやうく,危うく,あやうく,危:◆高くそそり立つさま◆高くそそり立った山や崖の上から今にもものが落ちて来そうなさま、高くそそり立った山や崖から落ちそうになるさま、身に害が及ぶのではないかと不安,N3,kun,kun,IL1_okurigana(kun 96%) | IL2_single_okuri(kun 96%),危:◆高くそそり立つさま◆高くそそり立った山や崖の上から今にもものが落ちて来そうなさま、高くそそり立った山や崖から落ちそうになるさま、身に害が及ぶのではないかと不安
kk_即ち_すなわち,即ち,すなわち,即:◆すなわ・ち、～は(つまり、要するに)～◆すなわ・ち、～ならば(すぐに、直ちに)～、～すれば(すぐに、直ちに)～、同「則」◆ぴったりと付く、位置や位や職に就(つ,N3,kun,kun,IL1_okurigana(kun 96%) | IL2_single_okuri(kun 96%),即:◆すなわ・ち、～は(つまり、要するに)～◆すなわ・ち、～ならば(すぐに、直ちに)～、～すれば(すぐに、直ちに)～、同「則」◆ぴったりと付く、位置や位や職に就(つ
kk_原料_げんりょう,原料,げんりょう,原:◆源(みなもと)、地下水が地表に湧(わ)き出るところ、同「厡」「源」[†「原」は「厂(崖や岸)」「泉(水が地表に湧き出るところ)」の合字†]◆物事の始まり、物事; 料:◆升(ます、枡)で米などの物の嵩(かさ)を量(はか)る◆人や物の資質(シシツ)を量る、推(お)し量る、見当を付ける◆ものを作る際に量を決めて使うもの、それを使っ,N3,on,on+on,,原:◆源(みなもと)、地下水が地表に湧(わ)き出るところ、同「厡」「源」[†「原」は「厂(崖や岸)」「泉(水が地表に湧き出るところ)」の合字†]◆物事の始まり、物事; 料:◆升(ます、枡)で米などの物の嵩(かさ)を量(はか)る◆人や物の資質(シシツ)を量る、推(お)し量る、見当を付ける◆ものを作る際に量を決めて使うもの、それを使っ
kk_参考_さんこう,参考,さんこう,参:◆行く、行って加わる◆行って目見(まみ)える、拝謁(ハイエツ)する、拝謁するために行く◆幾つものものを引き合わせて比べる◆三、「三」の大写字(「一」は「壹」・「; 考:◆老いているさま、高齢なさま、「壽考(ジュコウ、長生きなさま、長生きな人)」◆亡くなった父親に対する呼称、母親は「妣」、妻は「嬪」、「考妣(コウヒ、両親、亡くな,N3,on,on+on,,参:◆行く、行って加わる◆行って目見(まみ)える、拝謁(ハイエツ)する、拝謁するために行く◆幾つものものを引き合わせて比べる◆三、「三」の大写字(「一」は「壹」・「; 考:◆老いているさま、高齢なさま、「壽考(ジュコウ、長生きなさま、長生きな人)」◆亡くなった父親に対する呼称、母親は「妣」、妻は「嬪」、「考妣(コウヒ、両親、亡くな
kk_参考書_さんこうしょ,参考書,さんこうしょ,参:◆行く、行って加わる◆行って目見(まみ)える、拝謁(ハイエツ)する、拝謁するために行く◆幾つものものを引き合わせて比べる◆三、「三」の大写字(「一」は「壹」・「; 考:◆老いているさま、高齢なさま、「壽考(ジュコウ、長生きなさま、長生きな人)」◆亡くなった父親に対する呼称、母親は「妣」、妻は「嬪」、「考妣(コウヒ、両親、亡くな; 書:◆文字を筆(聿)などで記(しる)す、著(あらわ)す、「書物(ショモツ)」「文書(ブンショ)」◆手紙、「書信(ショシン)」◆「書経(ショキョウ、別名尚書ショウショ,N3,on,on+on+on,A4_multi_on(on+on+on 65%),参:◆行く、行って加わる◆行って目見(まみ)える、拝謁(ハイエツ)する、拝謁するために行く◆幾つものものを引き合わせて比べる◆三、「三」の大写字(「一」は「壹」・「; 考:◆老いているさま、高齢なさま、「壽考(ジュコウ、長生きなさま、長生きな人)」◆亡くなった父親に対する呼称、母親は「妣」、妻は「嬪」、「考妣(コウヒ、両親、亡くな; 書:◆文字を筆(聿)などで記(しる)す、著(あらわ)す、「書物(ショモツ)」「文書(ブンショ)」◆手紙、「書信(ショシン)」◆「書経(ショキョウ、別名尚書ショウショ
kk_友人_ゆうじん,友人,ゆうじん,友:◆同じ思いや考えを持つ、またそのような人、「朋」は同じ師の教えを受ける人、「【論語注疏:卷一】「【論語注疏:卷一:學而】有朋自逺方來不亦樂乎(…正義曰鄭𤣥注大司; 人:◆霊長目ヒト科ヒト属の生物、ホモ・サピエンスHomo sapiens(「知恵の人」の意)、同「儿」◆自分以外の者、「人我(ジンガ、他人と自分)」◆人の数(かず),N3,on,on+on,,友:◆同じ思いや考えを持つ、またそのような人、「朋」は同じ師の教えを受ける人、「【論語注疏:卷一】「【論語注疏:卷一:學而】有朋自逺方來不亦樂乎(…正義曰鄭𤣥注大司; 人:◆霊長目ヒト科ヒト属の生物、ホモ・サピエンスHomo sapiens(「知恵の人」の意)、同「儿」◆自分以外の者、「人我(ジンガ、他人と自分)」◆人の数(かず)
kk_反抗_はんこう,反抗,はんこう,反:◆覆(くつがえ)る、表裏が逆になる、ひっくり返る◆逆(ギャク)、逆である、「反対(ハンタイ)」、「【韓非子:卷十八:六反】害者利之反也…亂者治之反也」◆背(そむ; 抗:◆まっすぐなさま、まっすぐに立つさま、同「伉」◆正面から対する、相対する、同「伉」◆あらが・う、向かって来るものを正面から防ぎ止める、拒(こば)む◆「拮抗(キッ,N3,on,on+on,B_verb_rad_手(kun 80%),反:◆覆(くつがえ)る、表裏が逆になる、ひっくり返る◆逆(ギャク)、逆である、「反対(ハンタイ)」、「【韓非子:卷十八:六反】害者利之反也…亂者治之反也」◆背(そむ; 抗:◆まっすぐなさま、まっすぐに立つさま、同「伉」◆正面から対する、相対する、同「伉」◆あらが・う、向かって来るものを正面から防ぎ止める、拒(こば)む◆「拮抗(キッ
kk_取り出す_とりだす,取り出す,とりだす,取:◆捕(つか)まえる、捕(と)らえる、縄(なわ)を掛ける◆手に入れる、手の中に収(おさ)める、手で受ける◆(多くの中から一部を、或いは一つを)選ぶ、選択する◆娶(; 出:◆範囲・領域・組織や区切り・境界の内(内側、内部、裏側、こちら側、私的なところ)から外(外側、外部、表側、向こう側、公のところ)に移る、また移す、外から内へ移る,N3,mixed,on+kun~,IL1_okurigana(kun 96%) | A1_compound_oku(kun 90%) | A1_on_kun_mix(on+kun 65%),取:◆捕(つか)まえる、捕(と)らえる、縄(なわ)を掛ける◆手に入れる、手の中に収(おさ)める、手で受ける◆(多くの中から一部を、或いは一つを)選ぶ、選択する◆娶(; 出:◆範囲・領域・組織や区切り・境界の内(内側、内部、裏側、こちら側、私的なところ)から外(外側、外部、表側、向こう側、公のところ)に移る、また移す、外から内へ移る
kk_取り引き/取引_とりひき,取り引き/取引,とりひき,取:◆捕(つか)まえる、捕(と)らえる、縄(なわ)を掛ける◆手に入れる、手の中に収(おさ)める、手で受ける◆(多くの中から一部を、或いは一つを)選ぶ、選択する◆娶(; 引:◆(弓の弦iに指を掛け、ぐいと)手前に寄せる、「向こうへぐいと押しやる」とは逆の動きをいう◆ぐいと伸ばす、「引領(インレイ、首を伸ばす、首を伸ばして待ち受ける); 取:◆捕(つか)まえる、捕(と)らえる、縄(なわ)を掛ける◆手に入れる、手の中に収(おさ)める、手で受ける◆(多くの中から一部を、或いは一つを)選ぶ、選択する◆娶(,N3,kun,kun+kun+kun+kun~,IL1_okurigana(kun 96%) | A1_compound_oku(kun 90%) | A1_on_kun_mix(on+kun 65%),取:◆捕(つか)まえる、捕(と)らえる、縄(なわ)を掛ける◆手に入れる、手の中に収(おさ)める、手で受ける◆(多くの中から一部を、或いは一つを)選ぶ、選択する◆娶(; 引:◆(弓の弦iに指を掛け、ぐいと)手前に寄せる、「向こうへぐいと押しやる」とは逆の動きをいう◆ぐいと伸ばす、「引領(インレイ、首を伸ばす、首を伸ばして待ち受ける); 取:◆捕(つか)まえる、捕(と)らえる、縄(なわ)を掛ける◆手に入れる、手の中に収(おさ)める、手で受ける◆(多くの中から一部を、或いは一つを)選ぶ、選択する◆娶(
kk_取り消す_とりけす,取り消す,とりけす,取:◆捕(つか)まえる、捕(と)らえる、縄(なわ)を掛ける◆手に入れる、手の中に収(おさ)める、手で受ける◆(多くの中から一部を、或いは一つを)選ぶ、選択する◆娶(; 消:◆減る、少しずつ小さくなる、また少なくなる、また細くなる、またそのようにする◆次第に小さく(細く)なってやがて姿が見えなくなる、なくなる、後に何も残らない、また,N3,mixed,on+kun~,IL1_okurigana(kun 96%) | A1_compound_oku(kun 90%) | A1_on_kun_mix(on+kun 65%),取:◆捕(つか)まえる、捕(と)らえる、縄(なわ)を掛ける◆手に入れる、手の中に収(おさ)める、手で受ける◆(多くの中から一部を、或いは一つを)選ぶ、選択する◆娶(; 消:◆減る、少しずつ小さくなる、また少なくなる、また細くなる、またそのようにする◆次第に小さく(細く)なってやがて姿が見えなくなる、なくなる、後に何も残らない、また
kk_受かる_うかる,受かる,うかる,受:◆他から渡されたものを掌(てのひら)に載(の)せる、また手に納(おさ)める◆授(さず)かる、手渡しで与えられる◆蒙(こうむ)る◆容認する,N3,kun,kun,IL1_okurigana(kun 96%) | IL2_single_okuri(kun 96%),受:◆他から渡されたものを掌(てのひら)に載(の)せる、また手に納(おさ)める◆授(さず)かる、手渡しで与えられる◆蒙(こうむ)る◆容認する
kk_受け付ける_うけつける,受け付ける,うけつける,受:◆他から渡されたものを掌(てのひら)に載(の)せる、また手に納(おさ)める◆授(さず)かる、手渡しで与えられる◆蒙(こうむ)る◆容認する; 付:◆手ずから授(さず)ける、直接手を取って与える、同「仅」◆渡し与える、渡して任せる、委(ゆだ)ねる◆[日]他のものに加える、また添える、また足す、同「附」,N3,kun,kun+kun~,IL1_okurigana(kun 96%) | A1_compound_oku(kun 90%) | A1_on_kun_mix(on+kun 65%),受:◆他から渡されたものを掌(てのひら)に載(の)せる、また手に納(おさ)める◆授(さず)かる、手渡しで与えられる◆蒙(こうむ)る◆容認する; 付:◆手ずから授(さず)ける、直接手を取って与える、同「仅」◆渡し与える、渡して任せる、委(ゆだ)ねる◆[日]他のものに加える、また添える、また足す、同「附」
kk_受け取る_うけとる,受け取る,うけとる,受:◆他から渡されたものを掌(てのひら)に載(の)せる、また手に納(おさ)める◆授(さず)かる、手渡しで与えられる◆蒙(こうむ)る◆容認する; 取:◆捕(つか)まえる、捕(と)らえる、縄(なわ)を掛ける◆手に入れる、手の中に収(おさ)める、手で受ける◆(多くの中から一部を、或いは一つを)選ぶ、選択する◆娶(,N3,kun,kun+kun~,IL1_okurigana(kun 96%) | A1_compound_oku(kun 90%) | A1_on_kun_mix(on+kun 65%),受:◆他から渡されたものを掌(てのひら)に載(の)せる、また手に納(おさ)める◆授(さず)かる、手渡しで与えられる◆蒙(こうむ)る◆容認する; 取:◆捕(つか)まえる、捕(と)らえる、縄(なわ)を掛ける◆手に入れる、手の中に収(おさ)める、手で受ける◆(多くの中から一部を、或いは一つを)選ぶ、選択する◆娶(
kk_受信_じゅしん,受信,じゅしん,受:◆他から渡されたものを掌(てのひら)に載(の)せる、また手に納(おさ)める◆授(さず)かる、手渡しで与えられる◆蒙(こうむ)る◆容認する; 信:◆誠実なさま、嘘偽りがないさま、言ったことを違(たが)えないさま◆確かであるとして疑わない、一点の疑いもない、「信用する」の意◆確かな、間違いない、確かに、本当,N3,on,on+on,A3_short_compound(on+on 71%),受:◆他から渡されたものを掌(てのひら)に載(の)せる、また手に納(おさ)める◆授(さず)かる、手渡しで与えられる◆蒙(こうむ)る◆容認する; 信:◆誠実なさま、嘘偽りがないさま、言ったことを違(たが)えないさま◆確かであるとして疑わない、一点の疑いもない、「信用する」の意◆確かな、間違いない、確かに、本当
kk_受験_じゅけん,受験,じゅけん,受:◆他から渡されたものを掌(てのひら)に載(の)せる、また手に納(おさ)める◆授(さず)かる、手渡しで与えられる◆蒙(こうむ)る◆容認する; 験:◆ため・す、どのような結果になるのかを知るために実際にやってみる、「実験」「試験」「体験」◆しるし、実際にやってみた証(あかし)、実際にやってみた結果生じるもの,N3,on,on+on,A3_short_compound(on+on 71%),受:◆他から渡されたものを掌(てのひら)に載(の)せる、また手に納(おさ)める◆授(さず)かる、手渡しで与えられる◆蒙(こうむ)る◆容認する; 験:◆ため・す、どのような結果になるのかを知るために実際にやってみる、「実験」「試験」「体験」◆しるし、実際にやってみた証(あかし)、実際にやってみた結果生じるもの
kk_口癖_くちぐせ,口癖,くちぐせ,口:◆動物の食べたり声を発したりするための器官◆ものが出入りするために空(あ)けた(空いた)ところ、(口のように)全体の内の一部空いたところ◆言葉、言葉を発する、語; 癖:◆偏(かたよ)った習性、偏りのある嗜好や行動◆中医(チュウイ)で、腹の痼(しこり、長い時間がかかってできた凝り、固まり)、「食癖(ショクヘキ、食べ物が消化できず,N3,other,mixed+mixed~,,口:◆動物の食べたり声を発したりするための器官◆ものが出入りするために空(あ)けた(空いた)ところ、(口のように)全体の内の一部空いたところ◆言葉、言葉を発する、語; 癖:◆偏(かたよ)った習性、偏りのある嗜好や行動◆中医(チュウイ)で、腹の痼(しこり、長い時間がかかってできた凝り、固まり)、「食癖(ショクヘキ、食べ物が消化できず
kk_口紅_くちべに,口紅,くちべに,口:◆動物の食べたり声を発したりするための器官◆ものが出入りするために空(あ)けた(空いた)ところ、(口のように)全体の内の一部空いたところ◆言葉、言葉を発する、語; 紅:◆(やや)白色が混じった赤色、濃いピンクpink色、赤色(淡赤から深赤まで全般を指す)◆(花や女性の)美しいさま、艶(あで)やかなさま◆「女紅(ジョコウ)」、女,N3,mixed,on+kun~,,口:◆動物の食べたり声を発したりするための器官◆ものが出入りするために空(あ)けた(空いた)ところ、(口のように)全体の内の一部空いたところ◆言葉、言葉を発する、語; 紅:◆(やや)白色が混じった赤色、濃いピンクpink色、赤色(淡赤から深赤まで全般を指す)◆(花や女性の)美しいさま、艶(あで)やかなさま◆「女紅(ジョコウ)」、女
kk_古く_ふるく,古く,ふるく,古:◆以前、昔(むかし)、以前の、昔の、同「故」◆長い時を経(へ)ているさま,N3,kun,kun,IL1_okurigana(kun 96%) | IL2_single_okuri(kun 96%),古:◆以前、昔(むかし)、以前の、昔の、同「故」◆長い時を経(へ)ているさま
kk_古本屋_ふるほんや,古本屋,ふるほんや,古:◆以前、昔(むかし)、以前の、昔の、同「故」◆長い時を経(へ)ているさま; 本:◆木の根(ね)◆植物や物事の生まれ始まりの部分、ものの根源また起源、「本来(ホンライ、元々、初めから)」◆ものを支えているもの、基(もと)となるもの、拠(よ)り; 屋:◆日差しや雨風を遮(さえぎ)るための覆(おお)い、同「幄」◆建物の上部の日差しや雨風を遮(さえぎ)るための覆い、「屋頂(オクテイ、オクチョウ、屋根)」◆(屋根に,N3,mixed,kun+on+kun~,A4_multi_on(on+on+on 65%) | B_noun_rad_木(kun 93%),古:◆以前、昔(むかし)、以前の、昔の、同「故」◆長い時を経(へ)ているさま; 本:◆木の根(ね)◆植物や物事の生まれ始まりの部分、ものの根源また起源、「本来(ホンライ、元々、初めから)」◆ものを支えているもの、基(もと)となるもの、拠(よ)り; 屋:◆日差しや雨風を遮(さえぎ)るための覆(おお)い、同「幄」◆建物の上部の日差しや雨風を遮(さえぎ)るための覆い、「屋頂(オクテイ、オクチョウ、屋根)」◆(屋根に
kk_叩く/敲く_たたく,叩く/敲く,たたく,叩:◆こつこつ・とんとんと短く軽く繰り返し打つ、ノックknockする、同「敂」◆平伏(ひれふ)して頭で地面を打つようにしてお辞儀をする、「叩拜(コウハイ)」◆問う、; 敲:◆こつこと(とんとんと)短く繰り返し叩(たた)く、撃(う)つ、「敲擊(コウゲキ、撃つ)」「敲扑(コウボク、鞭打つ)」「推敲(スイコウ◇押し或いは叩く◇文章・字句,N3,mixed,on+kun~,IL1_okurigana(kun 96%) | A1_compound_oku(kun 90%) | A1_on_kun_mix(on+kun 65%),叩:◆こつこつ・とんとんと短く軽く繰り返し打つ、ノックknockする、同「敂」◆平伏(ひれふ)して頭で地面を打つようにしてお辞儀をする、「叩拜(コウハイ)」◆問う、; 敲:◆こつこと(とんとんと)短く繰り返し叩(たた)く、撃(う)つ、「敲擊(コウゲキ、撃つ)」「敲扑(コウボク、鞭打つ)」「推敲(スイコウ◇押し或いは叩く◇文章・字句
kk_叫び声_さけびごえ,叫び声,さけびごえ,叫:◆大声を張り上げる; 声:◆磬(ケイ、石また玉製の打楽器)、またその音◆人や動物が口から発する音、一般には高低強弱などの抑揚がある音が連続し全体として意味を持つものを指す、意味をなさない,N3,other,mixed+mixed~,IL1_okurigana(kun 96%) | A1_compound_oku(kun 90%) | A1_on_kun_mix(on+kun 65%),叫:◆大声を張り上げる; 声:◆磬(ケイ、石また玉製の打楽器)、またその音◆人や動物が口から発する音、一般には高低強弱などの抑揚がある音が連続し全体として意味を持つものを指す、意味をなさない
kk_可愛がる_かわいがる,可愛がる,かわいがる,可:◆よい、よろしい、～してよい、同意の語◆認める、許す、許可の意を表す語◆～できる、可能性を示す語◆(当然)～すべきである、(必ず、きっと)～となるだろう◆～ばか; 愛:◆相手に心を寄せる、慕(した)う、またその気持◆心から慈(いつく)しむ、優しく大切に可愛がる◆心から好む、気に入る、気に入って手放せない,N3,other,mixed+mixed~,IL1_okurigana(kun 96%) | A1_compound_oku(kun 90%) | A1_on_kun_mix(on+kun 65%),可:◆よい、よろしい、～してよい、同意の語◆認める、許す、許可の意を表す語◆～できる、可能性を示す語◆(当然)～すべきである、(必ず、きっと)～となるだろう◆～ばか; 愛:◆相手に心を寄せる、慕(した)う、またその気持◆心から慈(いつく)しむ、優しく大切に可愛がる◆心から好む、気に入る、気に入って手放せない
kk_可愛らしい_かわいらしい,可愛らしい,かわいらしい,可:◆よい、よろしい、～してよい、同意の語◆認める、許す、許可の意を表す語◆～できる、可能性を示す語◆(当然)～すべきである、(必ず、きっと)～となるだろう◆～ばか; 愛:◆相手に心を寄せる、慕(した)う、またその気持◆心から慈(いつく)しむ、優しく大切に可愛がる◆心から好む、気に入る、気に入って手放せない,N3,other,mixed+mixed~,IL1_okurigana(kun 96%) | A1_compound_oku(kun 90%) | A1_on_kun_mix(on+kun 65%),可:◆よい、よろしい、～してよい、同意の語◆認める、許す、許可の意を表す語◆～できる、可能性を示す語◆(当然)～すべきである、(必ず、きっと)～となるだろう◆～ばか; 愛:◆相手に心を寄せる、慕(した)う、またその気持◆心から慈(いつく)しむ、優しく大切に可愛がる◆心から好む、気に入る、気に入って手放せない
kk_可能_かのう,可能,かのう,可:◆よい、よろしい、～してよい、同意の語◆認める、許す、許可の意を表す語◆～できる、可能性を示す語◆(当然)～すべきである、(必ず、きっと)～となるだろう◆～ばか; 能:◆ことを成し遂(と)げる技量(ギリョウ)や力量(リキリョウ)、「能力(ノウリョク)」「才能(サイノウ)」◆十分に或いは上手にできる、～をすることができる(技能・,N3,on,on+on,A3_short_compound(on+on 71%),可:◆よい、よろしい、～してよい、同意の語◆認める、許す、許可の意を表す語◆～できる、可能性を示す語◆(当然)～すべきである、(必ず、きっと)～となるだろう◆～ばか; 能:◆ことを成し遂(と)げる技量(ギリョウ)や力量(リキリョウ)、「能力(ノウリョク)」「才能(サイノウ)」◆十分に或いは上手にできる、～をすることができる(技能・
kk_可能性_かのうせい,可能性,かのうせい,可:◆よい、よろしい、～してよい、同意の語◆認める、許す、許可の意を表す語◆～できる、可能性を示す語◆(当然)～すべきである、(必ず、きっと)～となるだろう◆～ばか; 能:◆ことを成し遂(と)げる技量(ギリョウ)や力量(リキリョウ)、「能力(ノウリョク)」「才能(サイノウ)」◆十分に或いは上手にできる、～をすることができる(技能・; 性:◆生まれながらに持っている能力・性格・習癖・運命などの無形のもの◆男女・雄雌の別、男女間また雄雌間の本能的な関係◆物事が具えている資質や能力,N3,on,on+on+on,A4_multi_on(on+on+on 65%),可:◆よい、よろしい、～してよい、同意の語◆認める、許す、許可の意を表す語◆～できる、可能性を示す語◆(当然)～すべきである、(必ず、きっと)～となるだろう◆～ばか; 能:◆ことを成し遂(と)げる技量(ギリョウ)や力量(リキリョウ)、「能力(ノウリョク)」「才能(サイノウ)」◆十分に或いは上手にできる、～をすることができる(技能・; 性:◆生まれながらに持っている能力・性格・習癖・運命などの無形のもの◆男女・雄雌の別、男女間また雄雌間の本能的な関係◆物事が具えている資質や能力
kk_右側_みぎがわ,右側,みぎがわ,右:◆左と対(ツイ)になる片方 ◆南を向いた時の西の方向、西、西の方向、東は「左」◆上(うえ)、上にある、高い、上位、上位のもの、下は「左」◆(右手のように力が強い; 側:◆(立っているものの)すぐ傍(そば)、傍(かたわ)ら、脇(わき)、同「旁」◆立てて片方に(一方に)寄せる、片方に寄る、偏(かたよ)る、同「仄」◆立ったものが一方,N3,other,mixed+mixed~,,右:◆左と対(ツイ)になる片方 ◆南を向いた時の西の方向、西、西の方向、東は「左」◆上(うえ)、上にある、高い、上位、上位のもの、下は「左」◆(右手のように力が強い; 側:◆(立っているものの)すぐ傍(そば)、傍(かたわ)ら、脇(わき)、同「旁」◆立てて片方に(一方に)寄せる、片方に寄る、偏(かたよ)る、同「仄」◆立ったものが一方
kk_右手_みぎて,右手,みぎて,右:◆左と対(ツイ)になる片方 ◆南を向いた時の西の方向、西、西の方向、東は「左」◆上(うえ)、上にある、高い、上位、上位のもの、下は「左」◆(右手のように力が強い; 手:◆体や物体の一部で、胴から分かれ出て伸び、持つ・握る・叩く・ものを作る・操作するなどの機能を持つ部分、掌(たなごころ)と指を合わせた全体、腕の先の部分 ◆自(み,N3,kun,kun+kun~,A3_short_compound(on+on 71%) | B_verb_rad_手(kun 80%),右:◆左と対(ツイ)になる片方 ◆南を向いた時の西の方向、西、西の方向、東は「左」◆上(うえ)、上にある、高い、上位、上位のもの、下は「左」◆(右手のように力が強い; 手:◆体や物体の一部で、胴から分かれ出て伸び、持つ・握る・叩く・ものを作る・操作するなどの機能を持つ部分、掌(たなごころ)と指を合わせた全体、腕の先の部分 ◆自(み
kk_右足_みぎあし,右足,みぎあし,右:◆左と対(ツイ)になる片方 ◆南を向いた時の西の方向、西、西の方向、東は「左」◆上(うえ)、上にある、高い、上位、上位のもの、下は「左」◆(右手のように力が強い; 足:◆体や物体の一部で、胴から分かれ出て伸び、地に接して体を支えたり、歩行・走行・跳躍などの運動機能を担う部分、現代の中国では「脚」◆「歩く」「走る」などの足を使っ,N3,kun,kun+kun~,B_verb_rad_足(kun 80%),右:◆左と対(ツイ)になる片方 ◆南を向いた時の西の方向、西、西の方向、東は「左」◆上(うえ)、上にある、高い、上位、上位のもの、下は「左」◆(右手のように力が強い; 足:◆体や物体の一部で、胴から分かれ出て伸び、地に接して体を支えたり、歩行・走行・跳躍などの運動機能を担う部分、現代の中国では「脚」◆「歩く」「走る」などの足を使っ
kk_司会_しかい,司会,しかい,司:◆管理・監督する、主管(シュカン)・管掌(カンショウ)する、またその職掌(ショクショウ)・職務・役割、またその人、「【禮記注疏(禮記正義):卷四:曲禮下】天子之; 会:◆人が集まる、同じ時間や場所に(同じ目的で)集まる、「会合(カイゴウ)」◆多くの人が(出向いて)集まる、また集まったところ、「集会(シュウカイ)」「都会(トカイ,N3,on,on+on,A3_short_compound(on+on 71%),司:◆管理・監督する、主管(シュカン)・管掌(カンショウ)する、またその職掌(ショクショウ)・職務・役割、またその人、「【禮記注疏(禮記正義):卷四:曲禮下】天子之; 会:◆人が集まる、同じ時間や場所に(同じ目的で)集まる、「会合(カイゴウ)」◆多くの人が(出向いて)集まる、また集まったところ、「集会(シュウカイ)」「都会(トカイ
kk_各国_かっこく,各国,かっこく,各:◆めいめい、一人一人、それぞれ、一つ一つ、別々; 国:◆主権者の支配が及ぶ範囲、土地や人や政治体制などを含む概念で古くは君主から与えられた領地、「王(権力者)の勢力が及ぶ範囲(囗)」の意,N3,other,mixed+mixed~,,各:◆めいめい、一人一人、それぞれ、一つ一つ、別々; 国:◆主権者の支配が及ぶ範囲、土地や人や政治体制などを含む概念で古くは君主から与えられた領地、「王(権力者)の勢力が及ぶ範囲(囗)」の意
kk_各地_かくち,各地,かくち,各:◆めいめい、一人一人、それぞれ、一つ一つ、別々; 地:◆重い陰気が(下に沈み)集まるところ、万物が居並ぶ(存在する)ところ、軽い陽気が(上に浮き)集まるところを「天(テン)」、「【說文解字注:土部:地】元气初分輕清,N3,on,on+on,A3_short_compound(on+on 71%),各:◆めいめい、一人一人、それぞれ、一つ一つ、別々; 地:◆重い陰気が(下に沈み)集まるところ、万物が居並ぶ(存在する)ところ、軽い陽気が(上に浮き)集まるところを「天(テン)」、「【說文解字注:土部:地】元气初分輕清
kk_各駅停車_かくえきていしゃ,各駅停車,かくえきていしゃ,各:◆めいめい、一人一人、それぞれ、一つ一つ、別々; 駅:◆宿場(しゅくば)、街道の要所に置かれる旅人の宿泊所・休息所や荷物・人が乗り継ぐための人馬の手配所が設けられたところ、中継所◆宿場ごとに配置しておく乗り継ぎ用の; 停:◆連続・継続する動きや流れ(道程・工程・時間・年月など)の途中で一旦(イッタン、少しの間、一時的に)同じ場所や状態に留(とど)まる、同「亭」◆止(とど)まる、止,N3,on,on+on+on+on,A4_multi_on(on+on+on+on 65%),各:◆めいめい、一人一人、それぞれ、一つ一つ、別々; 駅:◆宿場(しゅくば)、街道の要所に置かれる旅人の宿泊所・休息所や荷物・人が乗り継ぐための人馬の手配所が設けられたところ、中継所◆宿場ごとに配置しておく乗り継ぎ用の; 停:◆連続・継続する動きや流れ(道程・工程・時間・年月など)の途中で一旦(イッタン、少しの間、一時的に)同じ場所や状態に留(とど)まる、同「亭」◆止(とど)まる、止
kk_各～_かく～,各～,かく～,各:◆めいめい、一人一人、それぞれ、一つ一つ、別々,N3,on,on,IL2_single_default(kun 84%),各:◆めいめい、一人一人、それぞれ、一つ一つ、別々
kk_合わせる_あわせる,合わせる,あわせる,合:◆人や物が集まって一緒になる、また一つになる◆幾つかのものを集め一緒にする、幾つかのものが集まり同じになる◆同じものを纏(まと)めた全体◆ぴったりと一致する、当,N3,kun,kun,IL1_okurigana(kun 96%) | IL2_single_okuri(kun 96%),合:◆人や物が集まって一緒になる、また一つになる◆幾つかのものを集め一緒にする、幾つかのものが集まり同じになる◆同じものを纏(まと)めた全体◆ぴったりと一致する、当
kk_合計_ごうけい,合計,ごうけい,合:◆人や物が集まって一緒になる、また一つになる◆幾つかのものを集め一緒にする、幾つかのものが集まり同じになる◆同じものを纏(まと)めた全体◆ぴったりと一致する、当; 計:◆数える、測る◆(その年の)出納を合わせる◆見積もる、見当をつける,N3,on,on+on,B_verb_rad_言(kun 80%),合:◆人や物が集まって一緒になる、また一つになる◆幾つかのものを集め一緒にする、幾つかのものが集まり同じになる◆同じものを纏(まと)めた全体◆ぴったりと一致する、当; 計:◆数える、測る◆(その年の)出納を合わせる◆見積もる、見当をつける
kk_吊るす_つるす,吊るす,つるす,吊:◆つ・る、つる・す、ぶらさげる、上部を固定して(上に掛けて)下に垂らす◆穴あき銅銭千枚を紐に通して結(ゆ)わえたもの、「一吊」という◆弔(とむら)う、古「弔」、,N3,kun,kun,IL1_okurigana(kun 96%) | IL2_single_okuri(kun 96%),吊:◆つ・る、つる・す、ぶらさげる、上部を固定して(上に掛けて)下に垂らす◆穴あき銅銭千枚を紐に通して結(ゆ)わえたもの、「一吊」という◆弔(とむら)う、古「弔」、
kk_同時_どうじ,同時,どうじ,同:◆一所(ひとところ)に人が集まる、一緒になる◆意見や行動などを共にする◆一様なさま、揃っているさま◆～と等しい、～と共に◆「胡同(コドウ)」、町中を縦横に走る道; 時:◆一年の四分の一、季節、「一時(イチジ、三カ月、一季節)」「四時(シジ、四つの季節、四季)」◆一日の十二分の一、現在は二十四分の一、「時刻(ジコク)」◆年代、期,N3,on,on+on,A3_short_compound(on+on 71%),同:◆一所(ひとところ)に人が集まる、一緒になる◆意見や行動などを共にする◆一様なさま、揃っているさま◆～と等しい、～と共に◆「胡同(コドウ)」、町中を縦横に走る道; 時:◆一年の四分の一、季節、「一時(イチジ、三カ月、一季節)」「四時(シジ、四つの季節、四季)」◆一日の十二分の一、現在は二十四分の一、「時刻(ジコク)」◆年代、期
kk_同時に_どうじに,同時に,どうじに,同:◆一所(ひとところ)に人が集まる、一緒になる◆意見や行動などを共にする◆一様なさま、揃っているさま◆～と等しい、～と共に◆「胡同(コドウ)」、町中を縦横に走る道; 時:◆一年の四分の一、季節、「一時(イチジ、三カ月、一季節)」「四時(シジ、四つの季節、四季)」◆一日の十二分の一、現在は二十四分の一、「時刻(ジコク)」◆年代、期,N3,on,on+on~,IL1_okurigana(kun 96%) | A1_compound_oku(kun 90%) | A1_on_kun_mix(on+kun 65%),同:◆一所(ひとところ)に人が集まる、一緒になる◆意見や行動などを共にする◆一様なさま、揃っているさま◆～と等しい、～と共に◆「胡同(コドウ)」、町中を縦横に走る道; 時:◆一年の四分の一、季節、「一時(イチジ、三カ月、一季節)」「四時(シジ、四つの季節、四季)」◆一日の十二分の一、現在は二十四分の一、「時刻(ジコク)」◆年代、期
kk_同格_どうかく,同格,どうかく,同:◆一所(ひとところ)に人が集まる、一緒になる◆意見や行動などを共にする◆一様なさま、揃っているさま◆～と等しい、～と共に◆「胡同(コドウ)」、町中を縦横に走る道; 格:◆長く伸びた木の枝、その枝が交差するさま◆四角い枠(わく)、四角く枠をはめる◆ものの外枠、規則や基準◆限界(外枠)まで至る、行き着く、窮(きわ)まる、同「𢓜」◆,N3,on,on+on,B_noun_rad_木(kun 93%),同:◆一所(ひとところ)に人が集まる、一緒になる◆意見や行動などを共にする◆一様なさま、揃っているさま◆～と等しい、～と共に◆「胡同(コドウ)」、町中を縦横に走る道; 格:◆長く伸びた木の枝、その枝が交差するさま◆四角い枠(わく)、四角く枠をはめる◆ものの外枠、規則や基準◆限界(外枠)まで至る、行き着く、窮(きわ)まる、同「𢓜」◆
kk_同行_どうこう,同行,どうこう,同:◆一所(ひとところ)に人が集まる、一緒になる◆意見や行動などを共にする◆一様なさま、揃っているさま◆～と等しい、～と共に◆「胡同(コドウ)」、町中を縦横に走る道; 行:◆左足を前に出し(彳)次に右足を前に出す(亍)、足を交互に動かして前に進む◆目的とするところに向かって進む◆遠くに出掛ける、旅に出る◆道、人が往来する道路、同「,N3,on,on+on,,同:◆一所(ひとところ)に人が集まる、一緒になる◆意見や行動などを共にする◆一様なさま、揃っているさま◆～と等しい、～と共に◆「胡同(コドウ)」、町中を縦横に走る道; 行:◆左足を前に出し(彳)次に右足を前に出す(亍)、足を交互に動かして前に進む◆目的とするところに向かって進む◆遠くに出掛ける、旅に出る◆道、人が往来する道路、同「
kk_同～_どう～,同～,どう～,同:◆一所(ひとところ)に人が集まる、一緒になる◆意見や行動などを共にする◆一様なさま、揃っているさま◆～と等しい、～と共に◆「胡同(コドウ)」、町中を縦横に走る道,N3,on,on,IL2_single_default(kun 84%),同:◆一所(ひとところ)に人が集まる、一緒になる◆意見や行動などを共にする◆一様なさま、揃っているさま◆～と等しい、～と共に◆「胡同(コドウ)」、町中を縦横に走る道
kk_名人_めいじん,名人,めいじん,名:◆人に付ける呼称、また動物・もの・出来事などを呼んだり指し示したり識別したりするためにその各々に付ける呼称、「名称(メイショウ)」◆呼称を付ける、「命名(メイメ; 人:◆霊長目ヒト科ヒト属の生物、ホモ・サピエンスHomo sapiens(「知恵の人」の意)、同「儿」◆自分以外の者、「人我(ジンガ、他人と自分)」◆人の数(かず),N3,on,on+on,,名:◆人に付ける呼称、また動物・もの・出来事などを呼んだり指し示したり識別したりするためにその各々に付ける呼称、「名称(メイショウ)」◆呼称を付ける、「命名(メイメ; 人:◆霊長目ヒト科ヒト属の生物、ホモ・サピエンスHomo sapiens(「知恵の人」の意)、同「儿」◆自分以外の者、「人我(ジンガ、他人と自分)」◆人の数(かず)
kk_名刺_めいし,名刺,めいし,名:◆人に付ける呼称、また動物・もの・出来事などを呼んだり指し示したり識別したりするためにその各々に付ける呼称、「名称(メイショウ)」◆呼称を付ける、「命名(メイメ; 刺:◆さ・す、針などの細く先端が尖(とが)ったものでまっすぐに突く、また突き入れる、同「㓨」◆(痛いところを)ちくりと突く、「諷刺(フウシ)」「譏刺(キシ)」◆棘(,N3,on,on+on,A3_short_compound(on+on 71%) | B_verb_rad_刀(kun 80%),名:◆人に付ける呼称、また動物・もの・出来事などを呼んだり指し示したり識別したりするためにその各々に付ける呼称、「名称(メイショウ)」◆呼称を付ける、「命名(メイメ; 刺:◆さ・す、針などの細く先端が尖(とが)ったものでまっすぐに突く、また突き入れる、同「㓨」◆(痛いところを)ちくりと突く、「諷刺(フウシ)」「譏刺(キシ)」◆棘(
kk_名所_めいしょ,名所,めいしょ,名:◆人に付ける呼称、また動物・もの・出来事などを呼んだり指し示したり識別したりするためにその各々に付ける呼称、「名称(メイショウ)」◆呼称を付ける、「命名(メイメ; 所:◆処(ところ)、ものがある場また位置(要所・箇所など)、ことをする場また位置(住所・裁判所など)◆～のこと、「所感(感じること)」「所存(考え思っていること)◆,N3,on,on+on,A3_short_compound(on+on 71%),名:◆人に付ける呼称、また動物・もの・出来事などを呼んだり指し示したり識別したりするためにその各々に付ける呼称、「名称(メイショウ)」◆呼称を付ける、「命名(メイメ; 所:◆処(ところ)、ものがある場また位置(要所・箇所など)、ことをする場また位置(住所・裁判所など)◆～のこと、「所感(感じること)」「所存(考え思っていること)◆
kk_名物_めいぶつ,名物,めいぶつ,名:◆人に付ける呼称、また動物・もの・出来事などを呼んだり指し示したり識別したりするためにその各々に付ける呼称、「名称(メイショウ)」◆呼称を付ける、「命名(メイメ; 物:◆(天地の間に存在する)人以外の形のあるもの、人は「者」、形のないものは「事」,N3,on,on+on,B_noun_rad_牛(kun 93%),名:◆人に付ける呼称、また動物・もの・出来事などを呼んだり指し示したり識別したりするためにその各々に付ける呼称、「名称(メイショウ)」◆呼称を付ける、「命名(メイメ; 物:◆(天地の間に存在する)人以外の形のあるもの、人は「者」、形のないものは「事」
kk_吐き気_はきけ,吐き気,はきけ,吐:◆もの(食べたものなどの固形物・液状物)を口から体外に出す、一般に中医では、嘔吐物は出ずに声だけが出ることを「噦」、嘔吐物と共に声も出ることを「嘔」「歐」、「【; 気:◆中国古来の考えで、天地全ての事物の基本要素、目に見えず形状は一定しない、あらゆる事物の生死・盛衰などの変化・変動はこの「気」の移動・集散によるものと考えられた,N3,mixed,kun+on~,IL1_okurigana(kun 96%) | A1_compound_oku(kun 90%) | A1_on_kun_mix(on+kun 65%),吐:◆もの(食べたものなどの固形物・液状物)を口から体外に出す、一般に中医では、嘔吐物は出ずに声だけが出ることを「噦」、嘔吐物と共に声も出ることを「嘔」「歐」、「【; 気:◆中国古来の考えで、天地全ての事物の基本要素、目に見えず形状は一定しない、あらゆる事物の生死・盛衰などの変化・変動はこの「気」の移動・集散によるものと考えられた
kk_吐く_はく,吐く,はく,吐:◆もの(食べたものなどの固形物・液状物)を口から体外に出す、一般に中医では、嘔吐物は出ずに声だけが出ることを「噦」、嘔吐物と共に声も出ることを「嘔」「歐」、「【,N3,kun,kun,IL1_okurigana(kun 96%) | IL2_single_okuri(kun 96%),吐:◆もの(食べたものなどの固形物・液状物)を口から体外に出す、一般に中医では、嘔吐物は出ずに声だけが出ることを「噦」、嘔吐物と共に声も出ることを「嘔」「歐」、「【
kk_向かい_むかい,向かい,むかい,向:◆窓、北側に面した窓、同「郷」、「丿冂」は「宀」で「屋根のある建物」、「口」は「壁などに空いた窓」の意◆目的とするところを目指して行く、基点となるところから遠ざ,N3,kun,kun,IL1_okurigana(kun 96%) | IL2_single_okuri(kun 96%),向:◆窓、北側に面した窓、同「郷」、「丿冂」は「宀」で「屋根のある建物」、「口」は「壁などに空いた窓」の意◆目的とするところを目指して行く、基点となるところから遠ざ
kk_向かい合う_むかいあう,向かい合う,むかいあう,向:◆窓、北側に面した窓、同「郷」、「丿冂」は「宀」で「屋根のある建物」、「口」は「壁などに空いた窓」の意◆目的とするところを目指して行く、基点となるところから遠ざ; 合:◆人や物が集まって一緒になる、また一つになる◆幾つかのものを集め一緒にする、幾つかのものが集まり同じになる◆同じものを纏(まと)めた全体◆ぴったりと一致する、当,N3,kun,kun+kun~,IL1_okurigana(kun 96%) | A1_compound_oku(kun 90%) | A1_on_kun_mix(on+kun 65%),向:◆窓、北側に面した窓、同「郷」、「丿冂」は「宀」で「屋根のある建物」、「口」は「壁などに空いた窓」の意◆目的とするところを目指して行く、基点となるところから遠ざ; 合:◆人や物が集まって一緒になる、また一つになる◆幾つかのものを集め一緒にする、幾つかのものが集まり同じになる◆同じものを纏(まと)めた全体◆ぴったりと一致する、当
kk_向く_むく,向く,むく,向:◆窓、北側に面した窓、同「郷」、「丿冂」は「宀」で「屋根のある建物」、「口」は「壁などに空いた窓」の意◆目的とするところを目指して行く、基点となるところから遠ざ,N3,kun,kun,IL1_okurigana(kun 96%) | IL2_single_okuri(kun 96%),向:◆窓、北側に面した窓、同「郷」、「丿冂」は「宀」で「屋根のある建物」、「口」は「壁などに空いた窓」の意◆目的とするところを目指して行く、基点となるところから遠ざ
kk_吝嗇（りんしょく）_けち,吝嗇（りんしょく）,けち,吝:◆物惜しみする、出し惜しみする、けちけちする、同「悋」「慳」◆思い切りが悪い; 嗇:◆収穫した米などの食糧を倉庫に収(おさ)める、「吝嗇(リンショク、貯め込むばかりで出し惜しみすること)」、同「穡」「𠎸」◆農耕、農業、農作業、同「穡」◆「嗇夫(,N3,on,mixed+on~,IL1_okurigana(kun 96%) | A1_compound_oku(kun 90%) | A1_on_kun_mix(on+kun 65%),吝:◆物惜しみする、出し惜しみする、けちけちする、同「悋」「慳」◆思い切りが悪い; 嗇:◆収穫した米などの食糧を倉庫に収(おさ)める、「吝嗇(リンショク、貯め込むばかりで出し惜しみすること)」、同「穡」「𠎸」◆農耕、農業、農作業、同「穡」◆「嗇夫(
kk_含む_ふくむ,含む,ふくむ,含:◆中にものが入っている、中に包み入れる、中に入れたものまた入っているものを外に出さない、口に物を入れて閉じたまま噛んだり吐き出したり飲み下したりしない状態をいう,N3,kun,kun,IL1_okurigana(kun 96%) | IL2_single_okuri(kun 96%),含:◆中にものが入っている、中に包み入れる、中に入れたものまた入っているものを外に出さない、口に物を入れて閉じたまま噛んだり吐き出したり飲み下したりしない状態をいう
kk_含める_ふくめる,含める,ふくめる,含:◆中にものが入っている、中に包み入れる、中に入れたものまた入っているものを外に出さない、口に物を入れて閉じたまま噛んだり吐き出したり飲み下したりしない状態をいう,N3,kun,kun,IL1_okurigana(kun 96%) | IL2_single_okuri(kun 96%),含:◆中にものが入っている、中に包み入れる、中に入れたものまた入っているものを外に出さない、口に物を入れて閉じたまま噛んだり吐き出したり飲み下したりしない状態をいう
kk_吹き込む_ふきこむ,吹き込む,ふきこむ,吹:◆息を勢いよく吐き出す、唇を窄めて風を起こすように息を吐く、ゆっくり吹くのは「嘘」◆管楽器に音を出すために息を勢いよく吐き入れる、同「龡」◆大気が流れる、風が起; 込:◆[日]中に(内に、裏に、見えないところに)入(はい)る、入(い)れる,N3,kun,kun+kun~,IL1_okurigana(kun 96%) | A1_compound_oku(kun 90%) | A1_on_kun_mix(on+kun 65%),吹:◆息を勢いよく吐き出す、唇を窄めて風を起こすように息を吐く、ゆっくり吹くのは「嘘」◆管楽器に音を出すために息を勢いよく吐き入れる、同「龡」◆大気が流れる、風が起; 込:◆[日]中に(内に、裏に、見えないところに)入(はい)る、入(い)れる
kk_呑気_のんき,呑気,のんき,呑:◆口に入れたものを噛(か)まずに嚥下(エンカ、エンゲ、咽下)する、丸のまま飲み込む◆相手を飲み込む、丸飲みにする、「兼吞(ケンドン、他国を自国の支配下に併合する; 気:◆中国古来の考えで、天地全ての事物の基本要素、目に見えず形状は一定しない、あらゆる事物の生死・盛衰などの変化・変動はこの「気」の移動・集散によるものと考えられた,N3,mixed,kun+on~,A3_short_compound(on+on 71%),呑:◆口に入れたものを噛(か)まずに嚥下(エンカ、エンゲ、咽下)する、丸のまま飲み込む◆相手を飲み込む、丸飲みにする、「兼吞(ケンドン、他国を自国の支配下に併合する; 気:◆中国古来の考えで、天地全ての事物の基本要素、目に見えず形状は一定しない、あらゆる事物の生死・盛衰などの変化・変動はこの「気」の移動・集散によるものと考えられた
kk_周辺_しゅうへん,周辺,しゅうへん,周:◆囲いの境目、一回り、一回りする、一巡する◆隅々まで漏れなく行き渡る◆漏れがないさま、緻密な◆前11世紀頃から八百年以上続いた王朝、別名「西周」 ◆南北朝時代の; 辺:◆境界、境目(さかいめ)、面状のものの区切りとなるところ、一般にはその先も同じような状態で続いているものの区切りとなるところを指す、そこで途切れその先がないもの,N3,on,on+on,,周:◆囲いの境目、一回り、一回りする、一巡する◆隅々まで漏れなく行き渡る◆漏れがないさま、緻密な◆前11世紀頃から八百年以上続いた王朝、別名「西周」 ◆南北朝時代の; 辺:◆境界、境目(さかいめ)、面状のものの区切りとなるところ、一般にはその先も同じような状態で続いているものの区切りとなるところを指す、そこで途切れその先がないもの
kk_味見_あじみ,味見,あじみ,味:◆舌で感じる、舌の感覚◆「五味(ゴミ)」、舌の感覚(味)を五つに大別したもの、酸(酸っぱい味)苦(苦い味)辛(辛い味)鹹(塩辛い味)甘(甘い味)、「【禮記注疏(; 見:◆目でものや状況を認識する、目に入る◆(見たものの)認識の仕方、考え◆人と顔を合わせる、対面する◆みる、部首名,N3,mixed,on+kun~,A3_short_compound(on+on 71%),味:◆舌で感じる、舌の感覚◆「五味(ゴミ)」、舌の感覚(味)を五つに大別したもの、酸(酸っぱい味)苦(苦い味)辛(辛い味)鹹(塩辛い味)甘(甘い味)、「【禮記注疏(; 見:◆目でものや状況を認識する、目に入る◆(見たものの)認識の仕方、考え◆人と顔を合わせる、対面する◆みる、部首名
kk_呼び方_よびかた,呼び方,よびかた,呼:◆大きな声を出す、「呼号(コゴウ、大声で叫ぶ、また泣く)」◆人に声を掛ける、人に声を掛け招く◆名付(なづ)ける、名前、「呼び名(よびな)」「呼称(コショウ)」◆; 方:◆四角、四角いさま、角(かど)が直角になっているさま、「方形(ホウケイ)」◆数学で二つの数を掛け合わせた数(正方形・長方形の一つの角を成す二辺を掛け合わせた数),N3,kun,kun+kun~,IL1_okurigana(kun 96%) | A1_compound_oku(kun 90%) | A1_on_kun_mix(on+kun 65%),呼:◆大きな声を出す、「呼号(コゴウ、大声で叫ぶ、また泣く)」◆人に声を掛ける、人に声を掛け招く◆名付(なづ)ける、名前、「呼び名(よびな)」「呼称(コショウ)」◆; 方:◆四角、四角いさま、角(かど)が直角になっているさま、「方形(ホウケイ)」◆数学で二つの数を掛け合わせた数(正方形・長方形の一つの角を成す二辺を掛け合わせた数)
kk_呼吸_こきゅう,呼吸,こきゅう,呼:◆大きな声を出す、「呼号(コゴウ、大声で叫ぶ、また泣く)」◆人に声を掛ける、人に声を掛け招く◆名付(なづ)ける、名前、「呼び名(よびな)」「呼称(コショウ)」◆; 吸:◆口や鼻から気体(空気など)や液体(液状のもの)を体の中に取り込む、同「噏」、出すのは「呼」◆「吸吸(キュウキュウ)」◇雲が動くさま、「【楚辭:卷十四:思古】…,N3,on,on+on,A3_short_compound(on+on 71%),呼:◆大きな声を出す、「呼号(コゴウ、大声で叫ぶ、また泣く)」◆人に声を掛ける、人に声を掛け招く◆名付(なづ)ける、名前、「呼び名(よびな)」「呼称(コショウ)」◆; 吸:◆口や鼻から気体(空気など)や液体(液状のもの)を体の中に取り込む、同「噏」、出すのは「呼」◆「吸吸(キュウキュウ)」◇雲が動くさま、「【楚辭:卷十四:思古】…
kk_命じる_めいじる,命じる,めいじる,命:◆天や神から差し遣(さしつ)わされるもの、また授(さず)かるもの、「生命(セイメイ)」「寿命(ジュミョウ)」「運命(ウンメイ)」◆身分・地位が高い人や敬うべき人,N3,on,on,IL1_okurigana(kun 96%) | IL2_single_okuri(kun 96%),命:◆天や神から差し遣(さしつ)わされるもの、また授(さず)かるもの、「生命(セイメイ)」「寿命(ジュミョウ)」「運命(ウンメイ)」◆身分・地位が高い人や敬うべき人
kk_命令_めいれい,命令,めいれい,命:◆天や神から差し遣(さしつ)わされるもの、また授(さず)かるもの、「生命(セイメイ)」「寿命(ジュミョウ)」「運命(ウンメイ)」◆身分・地位が高い人や敬うべき人; 令:◆神や君主などの上位者が人を集め自身の意向を伝える◆(神や君主など上位者の)言いつけ、指示、指図、「命令(メイレイ)」「号令(ゴウレイ)」◆法律、決まりごと、「,N3,on,on+on,,命:◆天や神から差し遣(さしつ)わされるもの、また授(さず)かるもの、「生命(セイメイ)」「寿命(ジュミョウ)」「運命(ウンメイ)」◆身分・地位が高い人や敬うべき人; 令:◆神や君主などの上位者が人を集め自身の意向を伝える◆(神や君主など上位者の)言いつけ、指示、指図、「命令(メイレイ)」「号令(ゴウレイ)」◆法律、決まりごと、「
kk_和室_わしつ,和室,わしつ,和:◆大き過ぎず小さ過ぎない、硬過ぎず柔らか過ぎない、暑過ぎず寒過ぎない、釣り合いが取れてちょうどよいさま、程好(ほどよ)いさま、適度なさま◆気に掛ることも気に障る; 室:◆奥の部屋、堂(ドウ、南側の広間)の後ろ(北側、北側中央)の部屋、家人が日常起居(キキョ)する部屋◆部屋、房間(ボウカン)、屋子(オクシ)◆家、住居、またそこで,N3,on,on+on,A3_short_compound(on+on 71%) | B_noun_rad_宀(kun 93%),和:◆大き過ぎず小さ過ぎない、硬過ぎず柔らか過ぎない、暑過ぎず寒過ぎない、釣り合いが取れてちょうどよいさま、程好(ほどよ)いさま、適度なさま◆気に掛ることも気に障る; 室:◆奥の部屋、堂(ドウ、南側の広間)の後ろ(北側、北側中央)の部屋、家人が日常起居(キキョ)する部屋◆部屋、房間(ボウカン)、屋子(オクシ)◆家、住居、またそこで
kk_和菓子_わがし,和菓子,わがし,和:◆大き過ぎず小さ過ぎない、硬過ぎず柔らか過ぎない、暑過ぎず寒過ぎない、釣り合いが取れてちょうどよいさま、程好(ほどよ)いさま、適度なさま◆気に掛ることも気に障る; 菓:◆食用となる草木の実や果実、同「果」◆[日]食事以外に食(しょく)する食べ物、「菓子(かし)」; 子:◆母親から産まれるもの、古くは男女を問わず「子」といったが、現代中国では男の子(息子)を指す◆新しく産まれる(生まれる)ものの元となるもの、植物の種や実、動物の,N3,on,mixed+on+mixed~,A4_multi_on(on+on+on 65%),和:◆大き過ぎず小さ過ぎない、硬過ぎず柔らか過ぎない、暑過ぎず寒過ぎない、釣り合いが取れてちょうどよいさま、程好(ほどよ)いさま、適度なさま◆気に掛ることも気に障る; 菓:◆食用となる草木の実や果実、同「果」◆[日]食事以外に食(しょく)する食べ物、「菓子(かし)」; 子:◆母親から産まれるもの、古くは男女を問わず「子」といったが、現代中国では男の子(息子)を指す◆新しく産まれる(生まれる)ものの元となるもの、植物の種や実、動物の
kk_和食_わしょく,和食,わしょく,和:◆大き過ぎず小さ過ぎない、硬過ぎず柔らか過ぎない、暑過ぎず寒過ぎない、釣り合いが取れてちょうどよいさま、程好(ほどよ)いさま、適度なさま◆気に掛ることも気に障る; 食:◆(固形の食べ物を)口の中でよく噛んで胃に入れる、よく噛んで胃に入れるもの、噛まずに胃に入れるのは「飲」◆(生きていくために必要な食べ物を得るための)俸禄(ホウ,N3,on,on+on,A3_short_compound(on+on 71%),和:◆大き過ぎず小さ過ぎない、硬過ぎず柔らか過ぎない、暑過ぎず寒過ぎない、釣り合いが取れてちょうどよいさま、程好(ほどよ)いさま、適度なさま◆気に掛ることも気に障る; 食:◆(固形の食べ物を)口の中でよく噛んで胃に入れる、よく噛んで胃に入れるもの、噛まずに胃に入れるのは「飲」◆(生きていくために必要な食べ物を得るための)俸禄(ホウ
kk_品_しな,品,しな,品:◆物(もの)、多くの物、様々な物◆もの(人や物)の本質・価値・程度を判断する◆ものの値打ち、また価値、また程度・等級,N3,kun,kun,IL2_single_default(kun 84%),品:◆物(もの)、多くの物、様々な物◆もの(人や物)の本質・価値・程度を判断する◆ものの値打ち、また価値、また程度・等級
kk_品数_しなかず,品数,しなかず,品:◆物(もの)、多くの物、様々な物◆もの(人や物)の本質・価値・程度を判断する◆ものの値打ち、また価値、また程度・等級; 数:◆かず、同種のもの(繰り返されるもの)の多少を表す語◆かぞ・える、一つ二つ(一回二回)と計算する、またその多少◆細かい、煩(わずら)わしい◆しばしば、同じことを,N3,kun,kun+kun~,,品:◆物(もの)、多くの物、様々な物◆もの(人や物)の本質・価値・程度を判断する◆ものの値打ち、また価値、また程度・等級; 数:◆かず、同種のもの(繰り返されるもの)の多少を表す語◆かぞ・える、一つ二つ(一回二回)と計算する、またその多少◆細かい、煩(わずら)わしい◆しばしば、同じことを
kk_品質_ひんしつ,品質,ひんしつ,品:◆物(もの)、多くの物、様々な物◆もの(人や物)の本質・価値・程度を判断する◆ものの値打ち、また価値、また程度・等級; 質:◆本来の、元々(もともと)の、「本質(ホンシツ)」◆本来のままであるさま、素(す)のままであるさま、「質素(シッソ)」◆そのものが持つ本来の価値や中身、また性格,N3,on,on+on,,品:◆物(もの)、多くの物、様々な物◆もの(人や物)の本質・価値・程度を判断する◆ものの値打ち、また価値、また程度・等級; 質:◆本来の、元々(もともと)の、「本質(ホンシツ)」◆本来のままであるさま、素(す)のままであるさま、「質素(シッソ)」◆そのものが持つ本来の価値や中身、また性格
kk_唇_くちびる,唇,くちびる,唇:◆驚く、驚き口を(唇を)震わせる、同「㖘」◆口の上下にある辺縁部、同「脣」,N3,kun,kun,IL2_single_default(kun 84%),唇:◆驚く、驚き口を(唇を)震わせる、同「㖘」◆口の上下にある辺縁部、同「脣」
kk_商品_しょうひん,商品,しょうひん,商:◆物を売買する、古くは「行商」を指し、市場で店を構えて商売することを「賈」といった◆(品質や条件など)さまざまなことを考え合わせて見当(ケントウ)を付ける、推し; 品:◆物(もの)、多くの物、様々な物◆もの(人や物)の本質・価値・程度を判断する◆ものの値打ち、また価値、また程度・等級,N3,on,on+on,,商:◆物を売買する、古くは「行商」を指し、市場で店を構えて商売することを「賈」といった◆(品質や条件など)さまざまなことを考え合わせて見当(ケントウ)を付ける、推し; 品:◆物(もの)、多くの物、様々な物◆もの(人や物)の本質・価値・程度を判断する◆ものの値打ち、また価値、また程度・等級
kk_商品券_しょうひんけん,商品券,しょうひんけん,商:◆物を売買する、古くは「行商」を指し、市場で店を構えて商売することを「賈」といった◆(品質や条件など)さまざまなことを考え合わせて見当(ケントウ)を付ける、推し; 品:◆物(もの)、多くの物、様々な物◆もの(人や物)の本質・価値・程度を判断する◆ものの値打ち、また価値、また程度・等級; 券:◆手形、割符、木或いは竹の札に契約(約束)内容を書きこれを半分に割って双方が持ち真正な相手の証(あかし)としたもの◆「券書(ケンショ)」、契約(約束)の内容を書,N3,on,on+on+on,A4_multi_on(on+on+on 65%) | B_verb_rad_刀(kun 80%),商:◆物を売買する、古くは「行商」を指し、市場で店を構えて商売することを「賈」といった◆(品質や条件など)さまざまなことを考え合わせて見当(ケントウ)を付ける、推し; 品:◆物(もの)、多くの物、様々な物◆もの(人や物)の本質・価値・程度を判断する◆ものの値打ち、また価値、また程度・等級; 券:◆手形、割符、木或いは竹の札に契約(約束)内容を書きこれを半分に割って双方が持ち真正な相手の証(あかし)としたもの◆「券書(ケンショ)」、契約(約束)の内容を書
kk_商売_しょうばい,商売,しょうばい,商:◆物を売買する、古くは「行商」を指し、市場で店を構えて商売することを「賈」といった◆(品質や条件など)さまざまなことを考え合わせて見当(ケントウ)を付ける、推し; 売:◆相手が欲しいと思っているものを渡して金銭(対価)を得る、金銭(対価)を渡して欲しいものを得るのは「買」,N3,on,on+on,,商:◆物を売買する、古くは「行商」を指し、市場で店を構えて商売することを「賈」といった◆(品質や条件など)さまざまなことを考え合わせて見当(ケントウ)を付ける、推し; 売:◆相手が欲しいと思っているものを渡して金銭(対価)を得る、金銭(対価)を渡して欲しいものを得るのは「買」
kk_商店_しょうてん,商店,しょうてん,商:◆物を売買する、古くは「行商」を指し、市場で店を構えて商売することを「賈」といった◆(品質や条件など)さまざまなことを考え合わせて見当(ケントウ)を付ける、推し; 店:◆みせ、物を並べ売る建物、「一定の場所を占めて商売する屋根(广)のある所」の意◆たな、商品を並べる陳列棚、売り手と買い手を隔(へだ)てるカウンター、同「坫」◆[,N3,on,on+on,B_noun_rad_广(kun 93%),商:◆物を売買する、古くは「行商」を指し、市場で店を構えて商売することを「賈」といった◆(品質や条件など)さまざまなことを考え合わせて見当(ケントウ)を付ける、推し; 店:◆みせ、物を並べ売る建物、「一定の場所を占めて商売する屋根(广)のある所」の意◆たな、商品を並べる陳列棚、売り手と買い手を隔(へだ)てるカウンター、同「坫」◆[
kk_商業_しょうぎょう,商業,しょうぎょう,商:◆物を売買する、古くは「行商」を指し、市場で店を構えて商売することを「賈」といった◆(品質や条件など)さまざまなことを考え合わせて見当(ケントウ)を付ける、推し; 業:◆鍾(ショウ)や磬(ケイ)などの打楽器を吊るすための横木(筍)の上の横板、吊るした楽器の位置が演奏中にずれないように凹みや突起がついていたという、「业」はそれを,N3,on,on+on,B_noun_rad_木(kun 93%),商:◆物を売買する、古くは「行商」を指し、市場で店を構えて商売することを「賈」といった◆(品質や条件など)さまざまなことを考え合わせて見当(ケントウ)を付ける、推し; 業:◆鍾(ショウ)や磬(ケイ)などの打楽器を吊るすための横木(筍)の上の横板、吊るした楽器の位置が演奏中にずれないように凹みや突起がついていたという、「业」はそれを
kk_商社_しょうしゃ,商社,しょうしゃ,商:◆物を売買する、古くは「行商」を指し、市場で店を構えて商売することを「賈」といった◆(品質や条件など)さまざまなことを考え合わせて見当(ケントウ)を付ける、推し; 社:◆土地の神、土地の神を祀った所◆同種また同じ目的を持つ人から成る集まり,N3,on,on+on,A3_short_compound(on+on 71%),商:◆物を売買する、古くは「行商」を指し、市場で店を構えて商売することを「賈」といった◆(品質や条件など)さまざまなことを考え合わせて見当(ケントウ)を付ける、推し; 社:◆土地の神、土地の神を祀った所◆同種また同じ目的を持つ人から成る集まり
kk_問い_とい,問い,とい,問:◆分からないことやはっきりしないことを質(ただ)す◆罪や責任などの有無について聞く◆様子などを尋ねる,N3,kun,kun,IL1_okurigana(kun 96%) | IL2_single_okuri(kun 96%),問:◆分からないことやはっきりしないことを質(ただ)す◆罪や責任などの有無について聞く◆様子などを尋ねる
kk_問い合わせる_といあわせる,問い合わせる,といあわせる,問:◆分からないことやはっきりしないことを質(ただ)す◆罪や責任などの有無について聞く◆様子などを尋ねる; 合:◆人や物が集まって一緒になる、また一つになる◆幾つかのものを集め一緒にする、幾つかのものが集まり同じになる◆同じものを纏(まと)めた全体◆ぴったりと一致する、当,N3,kun,kun+kun~,IL1_okurigana(kun 96%) | A1_compound_oku(kun 90%) | A1_on_kun_mix(on+kun 65%),問:◆分からないことやはっきりしないことを質(ただ)す◆罪や責任などの有無について聞く◆様子などを尋ねる; 合:◆人や物が集まって一緒になる、また一つになる◆幾つかのものを集め一緒にする、幾つかのものが集まり同じになる◆同じものを纏(まと)めた全体◆ぴったりと一致する、当
kk_啜る_すする,啜る,すする,啜:◆液体を少しずつ間(ま)を開けずに飲む、「叕(繋ぐ、連ねる)」の意◆鼻汁を吸い込むようにして泣く、噦(しゃく)り上げる◆おしゃべりが止まらないさま、同「諁」,N3,kun,kun,IL1_okurigana(kun 96%) | IL2_single_okuri(kun 96%),啜:◆液体を少しずつ間(ま)を開けずに飲む、「叕(繋ぐ、連ねる)」の意◆鼻汁を吸い込むようにして泣く、噦(しゃく)り上げる◆おしゃべりが止まらないさま、同「諁」
kk_喋る_しゃべる,喋る,しゃべる,喋:◆考えもなしにぺらぺらと話す、舌がよく回る◆舌先でぺろぺろと舐(な)める,N3,kun,kun,IL1_okurigana(kun 96%) | IL2_single_okuri(kun 96%),喋:◆考えもなしにぺらぺらと話す、舌がよく回る◆舌先でぺろぺろと舐(な)める
kk_喜ばしい_よろこばしい,喜ばしい,よろこばしい,喜:◆悦(よろこ)ぶ、嬉(うれ)しい、またそのような事柄◆楽しい、心が安らぐ、楽しむ◆めでたい、またそのような事柄,N3,kun,kun,IL1_okurigana(kun 96%) | IL2_single_okuri(kun 96%),喜:◆悦(よろこ)ぶ、嬉(うれ)しい、またそのような事柄◆楽しい、心が安らぐ、楽しむ◆めでたい、またそのような事柄
kk_喜んで_よろこんで,喜んで,よろこんで,喜:◆悦(よろこ)ぶ、嬉(うれ)しい、またそのような事柄◆楽しい、心が安らぐ、楽しむ◆めでたい、またそのような事柄,N3,kun,kun,IL1_okurigana(kun 96%) | IL2_single_okuri(kun 96%),喜:◆悦(よろこ)ぶ、嬉(うれ)しい、またそのような事柄◆楽しい、心が安らぐ、楽しむ◆めでたい、またそのような事柄
kk_喫煙席_きつえんせき,喫煙席,きつえんせき,喫:◆食べる、飲む、吸う、物を口から体の中に入れる、同「吃」◆打撃や衝撃を食(く)らう、受ける; 煙:◆ものが燃える時に発生する気体や微粒子◆煤(すす)、煙の粒子が飛散せずに黒く溜(た)まったもの◆空中を大量の微粒子が浮遊することによって霞(かす)むさま、またぼ; 席:◆むしろ、竹や藁(わら、乾燥させた草の茎)を並べ紐(ひも)で編んだ敷物、人が座ったり横になったりするところに敷くもの、同「蓆」◆座るところ、居並ぶ時の座る位置◆,N3,on,on+on+on,A4_multi_on(on+on+on 65%) | B_noun_rad_巾(kun 93%),喫:◆食べる、飲む、吸う、物を口から体の中に入れる、同「吃」◆打撃や衝撃を食(く)らう、受ける; 煙:◆ものが燃える時に発生する気体や微粒子◆煤(すす)、煙の粒子が飛散せずに黒く溜(た)まったもの◆空中を大量の微粒子が浮遊することによって霞(かす)むさま、またぼ; 席:◆むしろ、竹や藁(わら、乾燥させた草の茎)を並べ紐(ひも)で編んだ敷物、人が座ったり横になったりするところに敷くもの、同「蓆」◆座るところ、居並ぶ時の座る位置◆
kk_営業_えいぎょう,営業,えいぎょう,営:◆住居(生活するところ)の周りに壁や塀などを巡らす◆軍隊が駐留するために周りに土塁などを巡らす、また土塁などを巡らせた場所◆周りを囲って外敵から守る◆生活する(; 業:◆鍾(ショウ)や磬(ケイ)などの打楽器を吊るすための横木(筍)の上の横板、吊るした楽器の位置が演奏中にずれないように凹みや突起がついていたという、「业」はそれを,N3,on,on+on,B_noun_rad_木(kun 93%),営:◆住居(生活するところ)の周りに壁や塀などを巡らす◆軍隊が駐留するために周りに土塁などを巡らす、また土塁などを巡らせた場所◆周りを囲って外敵から守る◆生活する(; 業:◆鍾(ショウ)や磬(ケイ)などの打楽器を吊るすための横木(筍)の上の横板、吊るした楽器の位置が演奏中にずれないように凹みや突起がついていたという、「业」はそれを
kk_嗅ぐ_かぐ,嗅ぐ,かぐ,嗅:◆(鼻を近づけて)臭いを感じ取る、同「㗜」「齅」,N3,kun,kun,IL1_okurigana(kun 96%) | IL2_single_okuri(kun 96%),嗅:◆(鼻を近づけて)臭いを感じ取る、同「㗜」「齅」
kk_嗽_うがい,嗽,うがい,嗽:◆うがい、くちすす・ぐ、口に含んだ水を揺り動かしながらごぼごぼと口の中を洗う◆ごほごほと咳をする,N3,kun,kun,IL2_single_default(kun 84%),嗽:◆うがい、くちすす・ぐ、口に含んだ水を揺り動かしながらごぼごぼと口の中を洗う◆ごほごほと咳をする
kk_噂_うわさ,噂,うわさ,噂:◆大勢の話し声、同「譐」◆「噂沓(ソントウ)」、大勢の次から次へと湧(わ)き出る声、大勢の話し声が入り乱れるさま◆[日]うわさ、人のことを陰(かげ、その人がいな,N3,kun,kun,IL2_single_default(kun 84%),噂:◆大勢の話し声、同「譐」◆「噂沓(ソントウ)」、大勢の次から次へと湧(わ)き出る声、大勢の話し声が入り乱れるさま◆[日]うわさ、人のことを陰(かげ、その人がいな
kk_器具_きぐ,器具,きぐ,器:◆入れもの、(周りや底を囲って)中にものを入れるためのもの、「食器(ショッキ)」◆中に入る量、ものを受け入れることができる量、入れ物の大きさ、「器量(キリョウ); 具:◆そな・わる、そな・える、必要なものが揃っている、必要なものを揃える◆必要なものが身に付いている◆(食事のための器具、戦うための武具、作業するための道具などの),N3,on,on+on,A3_short_compound(on+on 71%),器:◆入れもの、(周りや底を囲って)中にものを入れるためのもの、「食器(ショッキ)」◆中に入る量、ものを受け入れることができる量、入れ物の大きさ、「器量(キリョウ); 具:◆そな・わる、そな・える、必要なものが揃っている、必要なものを揃える◆必要なものが身に付いている◆(食事のための器具、戦うための武具、作業するための道具などの)
kk_器用_きよう,器用,きよう,器:◆入れもの、(周りや底を囲って)中にものを入れるためのもの、「食器(ショッキ)」◆中に入る量、ものを受け入れることができる量、入れ物の大きさ、「器量(キリョウ); 用:◆人や物、或いはその特性や能力を使う、また使ってあることを行う、また役立たせる◆働かせる、発揮させる、またそのために必要な特性・能力・金銭など◆以(もっ)て◆[,N3,on,on+on,A3_short_compound(on+on 71%),器:◆入れもの、(周りや底を囲って)中にものを入れるためのもの、「食器(ショッキ)」◆中に入る量、ものを受け入れることができる量、入れ物の大きさ、「器量(キリョウ); 用:◆人や物、或いはその特性や能力を使う、また使ってあることを行う、また役立たせる◆働かせる、発揮させる、またそのために必要な特性・能力・金銭など◆以(もっ)て◆[
kk_噴き出す_ふきだす,噴き出す,ふきだす,噴:◆勢いよく吹き出す、(水が辺りに飛び散るように)一気に吹き出す; 出:◆範囲・領域・組織や区切り・境界の内(内側、内部、裏側、こちら側、私的なところ)から外(外側、外部、表側、向こう側、公のところ)に移る、また移す、外から内へ移る,N3,kun,kun+kun~,IL1_okurigana(kun 96%) | A1_compound_oku(kun 90%) | A1_on_kun_mix(on+kun 65%),噴:◆勢いよく吹き出す、(水が辺りに飛び散るように)一気に吹き出す; 出:◆範囲・領域・組織や区切り・境界の内(内側、内部、裏側、こちら側、私的なところ)から外(外側、外部、表側、向こう側、公のところ)に移る、また移す、外から内へ移る
kk_回す_まわす,回す,まわす,回:◆円を描(えが)くように動く、一周して(一巡して)元に戻る、同「廻」「迴」、「回復(カイフク)」「回帰(カイキ)」◆元に戻す、元に返す、「回答(カイトウ)」◆(,N3,kun,kun,IL1_okurigana(kun 96%) | IL2_single_okuri(kun 96%),回:◆円を描(えが)くように動く、一周して(一巡して)元に戻る、同「廻」「迴」、「回復(カイフク)」「回帰(カイキ)」◆元に戻す、元に返す、「回答(カイトウ)」◆(
kk_回り_まわり,回り,まわり,回:◆円を描(えが)くように動く、一周して(一巡して)元に戻る、同「廻」「迴」、「回復(カイフク)」「回帰(カイキ)」◆元に戻す、元に返す、「回答(カイトウ)」◆(,N3,kun,kun,IL1_okurigana(kun 96%) | IL2_single_okuri(kun 96%),回:◆円を描(えが)くように動く、一周して(一巡して)元に戻る、同「廻」「迴」、「回復(カイフク)」「回帰(カイキ)」◆元に戻す、元に返す、「回答(カイトウ)」◆(
kk_回り道_まわりみち,回り道,まわりみち,回:◆円を描(えが)くように動く、一周して(一巡して)元に戻る、同「廻」「迴」、「回復(カイフク)」「回帰(カイキ)」◆元に戻す、元に返す、「回答(カイトウ)」◆(; 道:◆出発地から目的地へ通じている路(みち)、人や動物などが往来する通り路、「道路(ドウロ)」、同「路」◆目的を達するための経路、手順や方法◆導(みちび)く、手引き,N3,kun,kun+kun~,IL1_okurigana(kun 96%) | A1_compound_oku(kun 90%) | A1_on_kun_mix(on+kun 65%),回:◆円を描(えが)くように動く、一周して(一巡して)元に戻る、同「廻」「迴」、「回復(カイフク)」「回帰(カイキ)」◆元に戻す、元に返す、「回答(カイトウ)」◆(; 道:◆出発地から目的地へ通じている路(みち)、人や動物などが往来する通り路、「道路(ドウロ)」、同「路」◆目的を達するための経路、手順や方法◆導(みちび)く、手引き
kk_回復_かいふく,回復,かいふく,回:◆円を描(えが)くように動く、一周して(一巡して)元に戻る、同「廻」「迴」、「回復(カイフク)」「回帰(カイキ)」◆元に戻す、元に返す、「回答(カイトウ)」◆(; 復:◆来た道と同じ道を辿って帰る、引き返す◆元の位置や状態に戻す、また戻る、同「覆」、同簡「复」◆繰り返す、繰り返される◆問いに対して返答する、指示などに対してその,N3,on,on+on,,回:◆円を描(えが)くように動く、一周して(一巡して)元に戻る、同「廻」「迴」、「回復(カイフク)」「回帰(カイキ)」◆元に戻す、元に返す、「回答(カイトウ)」◆(; 復:◆来た道と同じ道を辿って帰る、引き返す◆元の位置や状態に戻す、また戻る、同「覆」、同簡「复」◆繰り返す、繰り返される◆問いに対して返答する、指示などに対してその
kk_回数券_かいすうけん,回数券,かいすうけん,回:◆円を描(えが)くように動く、一周して(一巡して)元に戻る、同「廻」「迴」、「回復(カイフク)」「回帰(カイキ)」◆元に戻す、元に返す、「回答(カイトウ)」◆(; 数:◆かず、同種のもの(繰り返されるもの)の多少を表す語◆かぞ・える、一つ二つ(一回二回)と計算する、またその多少◆細かい、煩(わずら)わしい◆しばしば、同じことを; 券:◆手形、割符、木或いは竹の札に契約(約束)内容を書きこれを半分に割って双方が持ち真正な相手の証(あかし)としたもの◆「券書(ケンショ)」、契約(約束)の内容を書,N3,on,on+on+on,A4_multi_on(on+on+on 65%) | B_verb_rad_刀(kun 80%),回:◆円を描(えが)くように動く、一周して(一巡して)元に戻る、同「廻」「迴」、「回復(カイフク)」「回帰(カイキ)」◆元に戻す、元に返す、「回答(カイトウ)」◆(; 数:◆かず、同種のもの(繰り返されるもの)の多少を表す語◆かぞ・える、一つ二つ(一回二回)と計算する、またその多少◆細かい、煩(わずら)わしい◆しばしば、同じことを; 券:◆手形、割符、木或いは竹の札に契約(約束)内容を書きこれを半分に割って双方が持ち真正な相手の証(あかし)としたもの◆「券書(ケンショ)」、契約(約束)の内容を書
kk_団体_だんたい,団体,だんたい,団:◆集まって一つになる、集まって円状の塊(かたまり)になる、一つに纏(まと)まる◆同じものが寄せ集まる、また寄せ集まって塊となったもの、「集団」「団体」; 体:◆頭から足の先までの全身、ものの全部、ものの主要な部分、またその姿形や様子、「身体(シンタイ、体、肉体)」「本体(ホンタイ、ものの本当の姿、ものの中心的部分)」,N3,on,on+on,,団:◆集まって一つになる、集まって円状の塊(かたまり)になる、一つに纏(まと)まる◆同じものが寄せ集まる、また寄せ集まって塊となったもの、「集団」「団体」; 体:◆頭から足の先までの全身、ものの全部、ものの主要な部分、またその姿形や様子、「身体(シンタイ、体、肉体)」「本体(ホンタイ、ものの本当の姿、ものの中心的部分)」
kk_団地_だんち,団地,だんち,団:◆集まって一つになる、集まって円状の塊(かたまり)になる、一つに纏(まと)まる◆同じものが寄せ集まる、また寄せ集まって塊となったもの、「集団」「団体」; 地:◆重い陰気が(下に沈み)集まるところ、万物が居並ぶ(存在する)ところ、軽い陽気が(上に浮き)集まるところを「天(テン)」、「【說文解字注:土部:地】元气初分輕清,N3,on,on+on,A3_short_compound(on+on 71%),団:◆集まって一つになる、集まって円状の塊(かたまり)になる、一つに纏(まと)まる◆同じものが寄せ集まる、また寄せ集まって塊となったもの、「集団」「団体」; 地:◆重い陰気が(下に沈み)集まるところ、万物が居並ぶ(存在する)ところ、軽い陽気が(上に浮き)集まるところを「天(テン)」、「【說文解字注:土部:地】元气初分輕清
kk_困難_こんなん,困難,こんなん,困:◆周りを囲まれていて手足の伸ばしようがない◆行き詰まる、身動きができない、苦しむ◆門や入り口の扉がそれ以上外に開かないようにするための杭(くい)、また門や入り口; 難:◆思いの通りにいかない(ならない)、～するのは容易でない、～しにくい、～しづらい、同「艱」◆災(わざわ)い、禍(カ、わざわい)、手の施(ほどこ)しようのない(思,N3,on,on+on,,困:◆周りを囲まれていて手足の伸ばしようがない◆行き詰まる、身動きができない、苦しむ◆門や入り口の扉がそれ以上外に開かないようにするための杭(くい)、また門や入り口; 難:◆思いの通りにいかない(ならない)、～するのは容易でない、～しにくい、～しづらい、同「艱」◆災(わざわ)い、禍(カ、わざわい)、手の施(ほどこ)しようのない(思
kk_囲む_かこむ,囲む,かこむ,囲:◆四周を取り巻く◆外から中に入らないように或いは中から外に出ないように周(まわ)りに設けられた区切り◆長さの単位、両手を広げた長さ、一抱(ひとかか)え,N3,kun,kun,IL1_okurigana(kun 96%) | IL2_single_okuri(kun 96%),囲:◆四周を取り巻く◆外から中に入らないように或いは中から外に出ないように周(まわ)りに設けられた区切り◆長さの単位、両手を広げた長さ、一抱(ひとかか)え
kk_図_ず,図,ず,図:◆四角い紙などに地形やものの形やその様相などを描く、また描いたもの◆はか・る、事に先立って案を作る、計画する,N3,on,on,IL2_single_default(kun 84%),図:◆四角い紙などに地形やものの形やその様相などを描く、また描いたもの◆はか・る、事に先立って案を作る、計画する
kk_図る/謀る_はかる,図る/謀る,はかる,図:◆四角い紙などに地形やものの形やその様相などを描く、また描いたもの◆はか・る、事に先立って案を作る、計画する; 謀:◆(あることについて、あることをするに先立って)どうしたらよいか思案する、あれこれと考えを巡(めぐ)らす、同「㖼」「呣」◆(あることについて、あることをするに先,N3,kun,kun+kun~,IL1_okurigana(kun 96%) | A1_compound_oku(kun 90%) | A1_on_kun_mix(on+kun 65%),図:◆四角い紙などに地形やものの形やその様相などを描く、また描いたもの◆はか・る、事に先立って案を作る、計画する; 謀:◆(あることについて、あることをするに先立って)どうしたらよいか思案する、あれこれと考えを巡(めぐ)らす、同「㖼」「呣」◆(あることについて、あることをするに先
kk_固まる_かたまる,固まる,かたまる,固:◆(周りを囲まれていて)形・位置・状態が変わらない(変えない)、同じ形・位置・状態が枠内に収まっている(収める)、「固定(コテイ)」◆もと・より、元来(ガンライ,N3,kun,kun,IL1_okurigana(kun 96%) | IL2_single_okuri(kun 96%),固:◆(周りを囲まれていて)形・位置・状態が変わらない(変えない)、同じ形・位置・状態が枠内に収まっている(収める)、「固定(コテイ)」◆もと・より、元来(ガンライ
kk_固体_こたい,固体,こたい,固:◆(周りを囲まれていて)形・位置・状態が変わらない(変えない)、同じ形・位置・状態が枠内に収まっている(収める)、「固定(コテイ)」◆もと・より、元来(ガンライ; 体:◆頭から足の先までの全身、ものの全部、ものの主要な部分、またその姿形や様子、「身体(シンタイ、体、肉体)」「本体(ホンタイ、ものの本当の姿、ものの中心的部分)」,N3,on,on+on,A3_short_compound(on+on 71%),固:◆(周りを囲まれていて)形・位置・状態が変わらない(変えない)、同じ形・位置・状態が枠内に収まっている(収める)、「固定(コテイ)」◆もと・より、元来(ガンライ; 体:◆頭から足の先までの全身、ものの全部、ものの主要な部分、またその姿形や様子、「身体(シンタイ、体、肉体)」「本体(ホンタイ、ものの本当の姿、ものの中心的部分)」
kk_国々_くにぐに,国々,くにぐに,国:◆主権者の支配が及ぶ範囲、土地や人や政治体制などを含む概念で古くは君主から与えられた領地、「王(権力者)の勢力が及ぶ範囲(囗)」の意,N3,kun,kun,IL2_single_default(kun 84%),国:◆主権者の支配が及ぶ範囲、土地や人や政治体制などを含む概念で古くは君主から与えられた領地、「王(権力者)の勢力が及ぶ範囲(囗)」の意
kk_国会_こっかい,国会,こっかい,国:◆主権者の支配が及ぶ範囲、土地や人や政治体制などを含む概念で古くは君主から与えられた領地、「王(権力者)の勢力が及ぶ範囲(囗)」の意; 会:◆人が集まる、同じ時間や場所に(同じ目的で)集まる、「会合(カイゴウ)」◆多くの人が(出向いて)集まる、また集まったところ、「集会(シュウカイ)」「都会(トカイ,N3,other,mixed+mixed~,,国:◆主権者の支配が及ぶ範囲、土地や人や政治体制などを含む概念で古くは君主から与えられた領地、「王(権力者)の勢力が及ぶ範囲(囗)」の意; 会:◆人が集まる、同じ時間や場所に(同じ目的で)集まる、「会合(カイゴウ)」◆多くの人が(出向いて)集まる、また集まったところ、「集会(シュウカイ)」「都会(トカイ
kk_国家_こっか,国家,こっか,国:◆主権者の支配が及ぶ範囲、土地や人や政治体制などを含む概念で古くは君主から与えられた領地、「王(権力者)の勢力が及ぶ範囲(囗)」の意; 家:◆屋根(「宀」)があり四周が戸や壁で遮(さえぎ)られている建物、豕(いのこ、ブタ)などの大切な家畜を飼(か)う建物◆同じ屋根の下で親子や一族が共に生活する、人が,N3,other,mixed+mixed~,A3_short_compound(on+on 71%) | B_noun_rad_宀(kun 93%),国:◆主権者の支配が及ぶ範囲、土地や人や政治体制などを含む概念で古くは君主から与えられた領地、「王(権力者)の勢力が及ぶ範囲(囗)」の意; 家:◆屋根(「宀」)があり四周が戸や壁で遮(さえぎ)られている建物、豕(いのこ、ブタ)などの大切な家畜を飼(か)う建物◆同じ屋根の下で親子や一族が共に生活する、人が
kk_国民_こくみん,国民,こくみん,国:◆主権者の支配が及ぶ範囲、土地や人や政治体制などを含む概念で古くは君主から与えられた領地、「王(権力者)の勢力が及ぶ範囲(囗)」の意; 民:◆(支配者層に属する人を除く)一般の人◆人(ひと)、人達(ひとたち),N3,on,on+on,,国:◆主権者の支配が及ぶ範囲、土地や人や政治体制などを含む概念で古くは君主から与えられた領地、「王(権力者)の勢力が及ぶ範囲(囗)」の意; 民:◆(支配者層に属する人を除く)一般の人◆人(ひと)、人達(ひとたち)
kk_国立_こくりつ,国立,こくりつ,国:◆主権者の支配が及ぶ範囲、土地や人や政治体制などを含む概念で古くは君主から与えられた領地、「王(権力者)の勢力が及ぶ範囲(囗)」の意; 立:◆地(チ、地面、土台、基盤)に足を着け垂直にする、また垂直になる、地から上に向かって伸ばす、また伸びる◆しっかりとした土台を築いてその上にものを作り上げて行く、,N3,on,on+on,,国:◆主権者の支配が及ぶ範囲、土地や人や政治体制などを含む概念で古くは君主から与えられた領地、「王(権力者)の勢力が及ぶ範囲(囗)」の意; 立:◆地(チ、地面、土台、基盤)に足を着け垂直にする、また垂直になる、地から上に向かって伸ばす、また伸びる◆しっかりとした土台を築いてその上にものを作り上げて行く、
kk_国籍_こくせき,国籍,こくせき,国:◆主権者の支配が及ぶ範囲、土地や人や政治体制などを含む概念で古くは君主から与えられた領地、「王(権力者)の勢力が及ぶ範囲(囗)」の意; 籍:◆書物、文書◆人(家族・家族関係・居住所など)や土地(場所・位置・所有者など)などの明細を記録した文書、所属や所有関係を記した文書◆「門籍(モンセキ)」、その人,N3,on,on+on,B_noun_rad_竹(kun 93%),国:◆主権者の支配が及ぶ範囲、土地や人や政治体制などを含む概念で古くは君主から与えられた領地、「王(権力者)の勢力が及ぶ範囲(囗)」の意; 籍:◆書物、文書◆人(家族・家族関係・居住所など)や土地(場所・位置・所有者など)などの明細を記録した文書、所属や所有関係を記した文書◆「門籍(モンセキ)」、その人
kk_土_つち,土,つち,土:◆泥や細かい砂などから成るもの◆生(セイ)あるものを生み出すもの、「【說文解字:巻一三下:土部:土】地之吐生物者也二象地之下地之中物出形」◆地に根差したもの、そ,N3,kun,kun,IL2_single_default(kun 84%),土:◆泥や細かい砂などから成るもの◆生(セイ)あるものを生み出すもの、「【說文解字:巻一三下:土部:土】地之吐生物者也二象地之下地之中物出形」◆地に根差したもの、そ
kk_土地_とち,土地,とち,土:◆泥や細かい砂などから成るもの◆生(セイ)あるものを生み出すもの、「【說文解字:巻一三下:土部:土】地之吐生物者也二象地之下地之中物出形」◆地に根差したもの、そ; 地:◆重い陰気が(下に沈み)集まるところ、万物が居並ぶ(存在する)ところ、軽い陽気が(上に浮き)集まるところを「天(テン)」、「【說文解字注:土部:地】元气初分輕清,N3,on,on+on,A3_short_compound(on+on 71%),土:◆泥や細かい砂などから成るもの◆生(セイ)あるものを生み出すもの、「【說文解字:巻一三下:土部:土】地之吐生物者也二象地之下地之中物出形」◆地に根差したもの、そ; 地:◆重い陰気が(下に沈み)集まるところ、万物が居並ぶ(存在する)ところ、軽い陽気が(上に浮き)集まるところを「天(テン)」、「【說文解字注:土部:地】元气初分輕清
kk_地名_ちめい,地名,ちめい,地:◆重い陰気が(下に沈み)集まるところ、万物が居並ぶ(存在する)ところ、軽い陽気が(上に浮き)集まるところを「天(テン)」、「【說文解字注:土部:地】元气初分輕清; 名:◆人に付ける呼称、また動物・もの・出来事などを呼んだり指し示したり識別したりするためにその各々に付ける呼称、「名称(メイショウ)」◆呼称を付ける、「命名(メイメ,N3,on,on+on,A3_short_compound(on+on 71%),地:◆重い陰気が(下に沈み)集まるところ、万物が居並ぶ(存在する)ところ、軽い陽気が(上に浮き)集まるところを「天(テン)」、「【說文解字注:土部:地】元气初分輕清; 名:◆人に付ける呼称、また動物・もの・出来事などを呼んだり指し示したり識別したりするためにその各々に付ける呼称、「名称(メイショウ)」◆呼称を付ける、「命名(メイメ
kk_地味_じみ,地味,じみ,地:◆重い陰気が(下に沈み)集まるところ、万物が居並ぶ(存在する)ところ、軽い陽気が(上に浮き)集まるところを「天(テン)」、「【說文解字注:土部:地】元气初分輕清; 味:◆舌で感じる、舌の感覚◆「五味(ゴミ)」、舌の感覚(味)を五つに大別したもの、酸(酸っぱい味)苦(苦い味)辛(辛い味)鹹(塩辛い味)甘(甘い味)、「【禮記注疏(,N3,on,on+on,A3_short_compound(on+on 71%),地:◆重い陰気が(下に沈み)集まるところ、万物が居並ぶ(存在する)ところ、軽い陽気が(上に浮き)集まるところを「天(テン)」、「【說文解字注:土部:地】元气初分輕清; 味:◆舌で感じる、舌の感覚◆「五味(ゴミ)」、舌の感覚(味)を五つに大別したもの、酸(酸っぱい味)苦(苦い味)辛(辛い味)鹹(塩辛い味)甘(甘い味)、「【禮記注疏(
kk_地域_ちいき,地域,ちいき,地:◆重い陰気が(下に沈み)集まるところ、万物が居並ぶ(存在する)ところ、軽い陽気が(上に浮き)集まるところを「天(テン)」、「【說文解字注:土部:地】元气初分輕清; 域:◆境界、区切り◆境界の内側、周りを囲った内側、範囲◆邦(くに)、領土、国土,N3,on,on+on,A3_short_compound(on+on 71%),地:◆重い陰気が(下に沈み)集まるところ、万物が居並ぶ(存在する)ところ、軽い陽気が(上に浮き)集まるところを「天(テン)」、「【說文解字注:土部:地】元气初分輕清; 域:◆境界、区切り◆境界の内側、周りを囲った内側、範囲◆邦(くに)、領土、国土
kk_地方_ちほう,地方,ちほう,地:◆重い陰気が(下に沈み)集まるところ、万物が居並ぶ(存在する)ところ、軽い陽気が(上に浮き)集まるところを「天(テン)」、「【說文解字注:土部:地】元气初分輕清; 方:◆四角、四角いさま、角(かど)が直角になっているさま、「方形(ホウケイ)」◆数学で二つの数を掛け合わせた数(正方形・長方形の一つの角を成す二辺を掛け合わせた数),N3,on,on+on,A3_short_compound(on+on 71%),地:◆重い陰気が(下に沈み)集まるところ、万物が居並ぶ(存在する)ところ、軽い陽気が(上に浮き)集まるところを「天(テン)」、「【說文解字注:土部:地】元气初分輕清; 方:◆四角、四角いさま、角(かど)が直角になっているさま、「方形(ホウケイ)」◆数学で二つの数を掛け合わせた数(正方形・長方形の一つの角を成す二辺を掛け合わせた数)
kk_坊ちゃん_ぼっちゃん,坊ちゃん,ぼっちゃん,坊:◆市街を区画(クカク)する道、街巷(ガイコウ)、里巷(リコウ)◆市街の道で区切られた区画◆住まい、住居、同「房」「𠩝」◆防(ふせ)ぐ、遮(さえぎ)る、同「防」◆,N3,on,on~,IL1_okurigana(kun 96%) | IL2_single_okuri(kun 96%),坊:◆市街を区画(クカク)する道、街巷(ガイコウ)、里巷(リコウ)◆市街の道で区切られた区画◆住まい、住居、同「房」「𠩝」◆防(ふせ)ぐ、遮(さえぎ)る、同「防」◆
kk_埃_ほこり,埃,ほこり,埃:◆ほこり、風などによって宙に舞い上がる細かい土や砂、塵(ちり)、「塵埃(ジンアイ)」、同「塵」◆10の-10乗 ◆オングストロームangstrom、長さの単位、,N3,kun,kun,IL2_single_default(kun 84%),埃:◆ほこり、風などによって宙に舞い上がる細かい土や砂、塵(ちり)、「塵埃(ジンアイ)」、同「塵」◆10の-10乗 ◆オングストロームangstrom、長さの単位、
kk_埋める_うめる,埋める,うめる,埋:◆ものを中に入れて塞(ふさ)ぐ、土などで覆(おお)って外から見えなくする、「埋葬(マイソウ)」、同「薶」,N3,kun,kun,IL1_okurigana(kun 96%) | IL2_single_okuri(kun 96%),埋:◆ものを中に入れて塞(ふさ)ぐ、土などで覆(おお)って外から見えなくする、「埋葬(マイソウ)」、同「薶」
kk_基本的_きほんてき,基本的,きほんてき,基:◆構築物を建てる時に最初に築く部分、構築物を支える土台◆物事の始まりとなるところ、物事の拠(よ)りどころとなるもの、物事の根本のところ; 本:◆木の根(ね)◆植物や物事の生まれ始まりの部分、ものの根源また起源、「本来(ホンライ、元々、初めから)」◆ものを支えているもの、基(もと)となるもの、拠(よ)り; 的:◆弓で矢を射(い)る時の目標とするもの、同「㢩」「墑」◆額(ひたい)の部分だけが白い馬、またその額の白い部分、女性が額に施(ほどこ)す(赤い点状の)装飾◆(弓の,N3,on,on+on+on,A4_multi_on(on+on+on 65%) | B_noun_rad_木(kun 93%),基:◆構築物を建てる時に最初に築く部分、構築物を支える土台◆物事の始まりとなるところ、物事の拠(よ)りどころとなるもの、物事の根本のところ; 本:◆木の根(ね)◆植物や物事の生まれ始まりの部分、ものの根源また起源、「本来(ホンライ、元々、初めから)」◆ものを支えているもの、基(もと)となるもの、拠(よ)り; 的:◆弓で矢を射(い)る時の目標とするもの、同「㢩」「墑」◆額(ひたい)の部分だけが白い馬、またその額の白い部分、女性が額に施(ほどこ)す(赤い点状の)装飾◆(弓の
kk_基礎_きそ,基礎,きそ,基:◆構築物を建てる時に最初に築く部分、構築物を支える土台◆物事の始まりとなるところ、物事の拠(よ)りどころとなるもの、物事の根本のところ; 礎:◆建物や橋などの構築物を支えるための柱の下に敷く大きな石、同「礩」「磶」「磌」「磩」「磉」◆物事の土台(基礎、基本)となるもの,N3,on,on+on,A3_short_compound(on+on 71%),基:◆構築物を建てる時に最初に築く部分、構築物を支える土台◆物事の始まりとなるところ、物事の拠(よ)りどころとなるもの、物事の根本のところ; 礎:◆建物や橋などの構築物を支えるための柱の下に敷く大きな石、同「礩」「磶」「磌」「磩」「磉」◆物事の土台(基礎、基本)となるもの
kk_場面_ばめん,場面,ばめん,場:◆(日当たりのよい、収穫した穀物の乾燥・脱穀などをする、また多くの人やものが集まる)広く平らなところ、「広場」、同「塲」◆一段と高くし上を平らに作ったところ、台; 面:◆顔(かお)、頭の目鼻口がある側◆顔を対象(タイショウ、目標や相手)に向ける、また向く◆(顔が)向いている側、向き、向いている方向◆ものの表(おもて)、前(まえ,N3,mixed,kun+on~,A3_short_compound(on+on 71%),場:◆(日当たりのよい、収穫した穀物の乾燥・脱穀などをする、また多くの人やものが集まる)広く平らなところ、「広場」、同「塲」◆一段と高くし上を平らに作ったところ、台; 面:◆顔(かお)、頭の目鼻口がある側◆顔を対象(タイショウ、目標や相手)に向ける、また向く◆(顔が)向いている側、向き、向いている方向◆ものの表(おもて)、前(まえ
kk_塩辛い_しおからい,塩辛い,しおからい,塩:◆海水などに含まれる苦く辛い成分が結晶化したもの、土中の塩分が結晶化した天然のものは「鹵」◆五味(甘・酸・鹹・苦・辛)の一つ; 辛:◆舌がひりひりと痛むような味、五味(甘・酸・鹹・苦・辛)の一つ◆涙が出るような(泣き出しそうな)痛み、突き刺されるような痛み◆かのと、十干(ジッカン、甲・乙・丙,N3,kun,kun+kun,IL1_okurigana(kun 96%) | A1_compound_oku(kun 90%) | A1_on_kun_mix(on+kun 65%),塩:◆海水などに含まれる苦く辛い成分が結晶化したもの、土中の塩分が結晶化した天然のものは「鹵」◆五味(甘・酸・鹹・苦・辛)の一つ; 辛:◆舌がひりひりと痛むような味、五味(甘・酸・鹹・苦・辛)の一つ◆涙が出るような(泣き出しそうな)痛み、突き刺されるような痛み◆かのと、十干(ジッカン、甲・乙・丙
kk_塾_じゅく,塾,じゅく,塾:◆門の両側にある建物、主君に謁見する前に衣服を改めたり作法・次第などを確認するための控えの建物であったようである、同「𨷙」、「【古今注:卷上:都邑第二】塾門外之,N3,on,on,IL2_on_only(on 99%),塾:◆門の両側にある建物、主君に謁見する前に衣服を改めたり作法・次第などを確認するための控えの建物であったようである、同「𨷙」、「【古今注:卷上:都邑第二】塾門外之
kk_増し_まし,増し,まし,増:◆同質のものが積み重(かさ)なる、また繰り返される、同「曾」「層」◆付け加わる、大きくなる、多くなる,N3,kun,kun,IL1_okurigana(kun 96%) | IL2_single_okuri(kun 96%),増:◆同質のものが積み重(かさ)なる、また繰り返される、同「曾」「層」◆付け加わる、大きくなる、多くなる
kk_増やす_ふやす,増やす,ふやす,増:◆同質のものが積み重(かさ)なる、また繰り返される、同「曾」「層」◆付け加わる、大きくなる、多くなる,N3,kun,kun,IL1_okurigana(kun 96%) | IL2_single_okuri(kun 96%),増:◆同質のものが積み重(かさ)なる、また繰り返される、同「曾」「層」◆付け加わる、大きくなる、多くなる
kk_増加_ぞうか,増加,ぞうか,増:◆同質のものが積み重(かさ)なる、また繰り返される、同「曾」「層」◆付け加わる、大きくなる、多くなる; 加:◆足(た)す、付け足す、継(つ)ぎ足す、注(つ)ぎ足す◆増(ふ)やす、増える◆その上に～、その上更に～,N3,on,on+on,A3_short_compound(on+on 71%) | B_verb_rad_力(kun 80%),増:◆同質のものが積み重(かさ)なる、また繰り返される、同「曾」「層」◆付け加わる、大きくなる、多くなる; 加:◆足(た)す、付け足す、継(つ)ぎ足す、注(つ)ぎ足す◆増(ふ)やす、増える◆その上に～、その上更に～
kk_売り上げ_うりあげ,売り上げ,うりあげ,売:◆相手が欲しいと思っているものを渡して金銭(対価)を得る、金銭(対価)を渡して欲しいものを得るのは「買」; 上:◆位置・場所・地位などが高い、高い方にある◆高い方に移る、昇る、登る◆順序・時間などが前、前の方にある◆前の方に移る◆等級・品質などが高い、優れている◆殿様、皇,N3,kun,kun+kun~,IL1_okurigana(kun 96%) | A1_compound_oku(kun 90%) | A1_on_kun_mix(on+kun 65%),売:◆相手が欲しいと思っているものを渡して金銭(対価)を得る、金銭(対価)を渡して欲しいものを得るのは「買」; 上:◆位置・場所・地位などが高い、高い方にある◆高い方に移る、昇る、登る◆順序・時間などが前、前の方にある◆前の方に移る◆等級・品質などが高い、優れている◆殿様、皇
kk_売り切れる_うりきれる,売り切れる,うりきれる,売:◆相手が欲しいと思っているものを渡して金銭(対価)を得る、金銭(対価)を渡して欲しいものを得るのは「買」; 切:◆刃物などですっと断(た)つ、裁(た)つ、割(さ)く◆ぴったりとしたさま、隙(すき)がないさま、「親切(シンセツ)」◆近くまで迫(せま)る、差し迫る、「切近(セ,N3,kun,kun+kun~,IL1_okurigana(kun 96%) | A1_compound_oku(kun 90%) | A1_on_kun_mix(on+kun 65%),売:◆相手が欲しいと思っているものを渡して金銭(対価)を得る、金銭(対価)を渡して欲しいものを得るのは「買」; 切:◆刃物などですっと断(た)つ、裁(た)つ、割(さ)く◆ぴったりとしたさま、隙(すき)がないさま、「親切(シンセツ)」◆近くまで迫(せま)る、差し迫る、「切近(セ
kk_売り手_うりて,売り手,うりて,売:◆相手が欲しいと思っているものを渡して金銭(対価)を得る、金銭(対価)を渡して欲しいものを得るのは「買」; 手:◆体や物体の一部で、胴から分かれ出て伸び、持つ・握る・叩く・ものを作る・操作するなどの機能を持つ部分、掌(たなごころ)と指を合わせた全体、腕の先の部分 ◆自(み,N3,kun,kun+kun~,IL1_okurigana(kun 96%) | A1_compound_oku(kun 90%) | A1_on_kun_mix(on+kun 65%),売:◆相手が欲しいと思っているものを渡して金銭(対価)を得る、金銭(対価)を渡して欲しいものを得るのは「買」; 手:◆体や物体の一部で、胴から分かれ出て伸び、持つ・握る・叩く・ものを作る・操作するなどの機能を持つ部分、掌(たなごころ)と指を合わせた全体、腕の先の部分 ◆自(み
kk_売り物_うりもの,売り物,うりもの,売:◆相手が欲しいと思っているものを渡して金銭(対価)を得る、金銭(対価)を渡して欲しいものを得るのは「買」; 物:◆(天地の間に存在する)人以外の形のあるもの、人は「者」、形のないものは「事」,N3,kun,kun+kun~,IL1_okurigana(kun 96%) | A1_compound_oku(kun 90%) | A1_on_kun_mix(on+kun 65%),売:◆相手が欲しいと思っているものを渡して金銭(対価)を得る、金銭(対価)を渡して欲しいものを得るのは「買」; 物:◆(天地の間に存在する)人以外の形のあるもの、人は「者」、形のないものは「事」
kk_売れ行き_うれゆき,売れ行き,うれゆき,売:◆相手が欲しいと思っているものを渡して金銭(対価)を得る、金銭(対価)を渡して欲しいものを得るのは「買」; 行:◆左足を前に出し(彳)次に右足を前に出す(亍)、足を交互に動かして前に進む◆目的とするところに向かって進む◆遠くに出掛ける、旅に出る◆道、人が往来する道路、同「,N3,kun,kun+kun~,IL1_okurigana(kun 96%) | A1_compound_oku(kun 90%) | A1_on_kun_mix(on+kun 65%),売:◆相手が欲しいと思っているものを渡して金銭(対価)を得る、金銭(対価)を渡して欲しいものを得るのは「買」; 行:◆左足を前に出し(彳)次に右足を前に出す(亍)、足を交互に動かして前に進む◆目的とするところに向かって進む◆遠くに出掛ける、旅に出る◆道、人が往来する道路、同「
kk_変換_へんかん,変換,へんかん,変:◆これまでとは違ったものになる、また改まる、これまでとは違ったものにする、また改める、まだ元の様子が分かる程度の変化・全体の中の一部だけの変化を指し、全く別のも; 換:◆今あるものをそれまでのものとは別のものに替える,N3,on,on+on,B_verb_rad_手(kun 80%),変:◆これまでとは違ったものになる、また改まる、これまでとは違ったものにする、また改める、まだ元の様子が分かる程度の変化・全体の中の一部だけの変化を指し、全く別のも; 換:◆今あるものをそれまでのものとは別のものに替える
kk_変更_へんこう,変更,へんこう,変:◆これまでとは違ったものになる、また改まる、これまでとは違ったものにする、また改める、まだ元の様子が分かる程度の変化・全体の中の一部だけの変化を指し、全く別のも; 更:◆それまで(これまで)続けてきたことを改(あらた)めて、それ以降も(これ以降も)続ける、それまでのものを別のものに替える◆さら・に、その上に、一段と◆さら・に、,N3,on,on+on,,変:◆これまでとは違ったものになる、また改まる、これまでとは違ったものにする、また改める、まだ元の様子が分かる程度の変化・全体の中の一部だけの変化を指し、全く別のも; 更:◆それまで(これまで)続けてきたことを改(あらた)めて、それ以降も(これ以降も)続ける、それまでのものを別のものに替える◆さら・に、その上に、一段と◆さら・に、
kk_夕暮れ_ゆうぐれ,夕暮れ,ゆうぐれ,夕:◆陽が沈み始める頃、日没の頃、日暮れ、傍晚(ボウバン、晚が間近の頃)、陽が沈み切った頃を「晩」◆夜、同「昔」◆「七夕(シチセキ、たなばた)」、陰暦七月七日の夜◆; 暮:◆陽の光が届かなって暗くなる、晩(バン)、同「莫」◆人生や月日・季節・年などが将(まさ)に尽きようとする、またその頃◆[日]く・れる、(暗くなって)区別や判断が,N3,other,mixed+mixed~,IL1_okurigana(kun 96%) | A1_compound_oku(kun 90%) | A1_on_kun_mix(on+kun 65%),夕:◆陽が沈み始める頃、日没の頃、日暮れ、傍晚(ボウバン、晚が間近の頃)、陽が沈み切った頃を「晩」◆夜、同「昔」◆「七夕(シチセキ、たなばた)」、陰暦七月七日の夜◆; 暮:◆陽の光が届かなって暗くなる、晩(バン)、同「莫」◆人生や月日・季節・年などが将(まさ)に尽きようとする、またその頃◆[日]く・れる、(暗くなって)区別や判断が
kk_夕立_ゆうだち,夕立,ゆうだち,夕:◆陽が沈み始める頃、日没の頃、日暮れ、傍晚(ボウバン、晚が間近の頃)、陽が沈み切った頃を「晩」◆夜、同「昔」◆「七夕(シチセキ、たなばた)」、陰暦七月七日の夜◆; 立:◆地(チ、地面、土台、基盤)に足を着け垂直にする、また垂直になる、地から上に向かって伸ばす、また伸びる◆しっかりとした土台を築いてその上にものを作り上げて行く、,N3,other,mixed+mixed~,,夕:◆陽が沈み始める頃、日没の頃、日暮れ、傍晚(ボウバン、晚が間近の頃)、陽が沈み切った頃を「晩」◆夜、同「昔」◆「七夕(シチセキ、たなばた)」、陰暦七月七日の夜◆; 立:◆地(チ、地面、土台、基盤)に足を着け垂直にする、また垂直になる、地から上に向かって伸ばす、また伸びる◆しっかりとした土台を築いてその上にものを作り上げて行く、
kk_夕食_ゆうしょく,夕食,ゆうしょく,夕:◆陽が沈み始める頃、日没の頃、日暮れ、傍晚(ボウバン、晚が間近の頃)、陽が沈み切った頃を「晩」◆夜、同「昔」◆「七夕(シチセキ、たなばた)」、陰暦七月七日の夜◆; 食:◆(固形の食べ物を)口の中でよく噛んで胃に入れる、よく噛んで胃に入れるもの、噛まずに胃に入れるのは「飲」◆(生きていくために必要な食べ物を得るための)俸禄(ホウ,N3,mixed,kun+on~,,夕:◆陽が沈み始める頃、日没の頃、日暮れ、傍晚(ボウバン、晚が間近の頃)、陽が沈み切った頃を「晩」◆夜、同「昔」◆「七夕(シチセキ、たなばた)」、陰暦七月七日の夜◆; 食:◆(固形の食べ物を)口の中でよく噛んで胃に入れる、よく噛んで胃に入れるもの、噛まずに胃に入れるのは「飲」◆(生きていくために必要な食べ物を得るための)俸禄(ホウ
kk_外す_はずす,外す,はずす,外:◆そと、範囲・領域・組織や区切り・境界の内(内側、内部)から出たもの、表に出ている(表に面している)もの、見えるところにあるもの、またそのようなところ、逆は「内,N3,kun,kun,IL1_okurigana(kun 96%) | IL2_single_okuri(kun 96%),外:◆そと、範囲・領域・組織や区切り・境界の内(内側、内部)から出たもの、表に出ている(表に面している)もの、見えるところにあるもの、またそのようなところ、逆は「内
kk_外れる_はずれる,外れる,はずれる,外:◆そと、範囲・領域・組織や区切り・境界の内(内側、内部)から出たもの、表に出ている(表に面している)もの、見えるところにあるもの、またそのようなところ、逆は「内,N3,kun,kun,IL1_okurigana(kun 96%) | IL2_single_okuri(kun 96%),外:◆そと、範囲・領域・組織や区切り・境界の内(内側、内部)から出たもの、表に出ている(表に面している)もの、見えるところにあるもの、またそのようなところ、逆は「内
kk_外側_そとがわ,外側,そとがわ,外:◆そと、範囲・領域・組織や区切り・境界の内(内側、内部)から出たもの、表に出ている(表に面している)もの、見えるところにあるもの、またそのようなところ、逆は「内; 側:◆(立っているものの)すぐ傍(そば)、傍(かたわ)ら、脇(わき)、同「旁」◆立てて片方に(一方に)寄せる、片方に寄る、偏(かたよ)る、同「仄」◆立ったものが一方,N3,other,mixed+mixed~,,外:◆そと、範囲・領域・組織や区切り・境界の内(内側、内部)から出たもの、表に出ている(表に面している)もの、見えるところにあるもの、またそのようなところ、逆は「内; 側:◆(立っているものの)すぐ傍(そば)、傍(かたわ)ら、脇(わき)、同「旁」◆立てて片方に(一方に)寄せる、片方に寄る、偏(かたよ)る、同「仄」◆立ったものが一方
kk_外科_げか,外科,げか,外:◆そと、範囲・領域・組織や区切り・境界の内(内側、内部)から出たもの、表に出ている(表に面している)もの、見えるところにあるもの、またそのようなところ、逆は「内; 科:◆穀物の生産量や品質の良し悪しの程度を幾つかに区分し順に並べたもの、等級◆罪の軽重に従い量刑を定める、またそれを適用する(科する)◆分類し同等のものを一つに纏(,N3,on,on+on,A3_short_compound(on+on 71%),外:◆そと、範囲・領域・組織や区切り・境界の内(内側、内部)から出たもの、表に出ている(表に面している)もの、見えるところにあるもの、またそのようなところ、逆は「内; 科:◆穀物の生産量や品質の良し悪しの程度を幾つかに区分し順に並べたもの、等級◆罪の軽重に従い量刑を定める、またそれを適用する(科する)◆分類し同等のものを一つに纏(
kk_外食_がいしょく,外食,がいしょく,外:◆そと、範囲・領域・組織や区切り・境界の内(内側、内部)から出たもの、表に出ている(表に面している)もの、見えるところにあるもの、またそのようなところ、逆は「内; 食:◆(固形の食べ物を)口の中でよく噛んで胃に入れる、よく噛んで胃に入れるもの、噛まずに胃に入れるのは「飲」◆(生きていくために必要な食べ物を得るための)俸禄(ホウ,N3,on,on+on,,外:◆そと、範囲・領域・組織や区切り・境界の内(内側、内部)から出たもの、表に出ている(表に面している)もの、見えるところにあるもの、またそのようなところ、逆は「内; 食:◆(固形の食べ物を)口の中でよく噛んで胃に入れる、よく噛んで胃に入れるもの、噛まずに胃に入れるのは「飲」◆(生きていくために必要な食べ物を得るための)俸禄(ホウ
kk_多少_たしょう,多少,たしょう,多:◆数や度量(ドリョウ、ものの多少・軽重・長短・高低・深浅・強弱など)が、あるべき(必要とする)数や度量より大きい、また余りある、またそれを超えている、少ないのは; 少:◆数や度量(ドリョウ、ものの多少・軽重・長短・高低・深浅・強弱など)が、あるべき(必要とする)数や度量より小さい、またそれに足りない、またそれに及ばない、同「寡,N3,on,on+on,A3_short_compound(on+on 71%),多:◆数や度量(ドリョウ、ものの多少・軽重・長短・高低・深浅・強弱など)が、あるべき(必要とする)数や度量より大きい、また余りある、またそれを超えている、少ないのは; 少:◆数や度量(ドリョウ、ものの多少・軽重・長短・高低・深浅・強弱など)が、あるべき(必要とする)数や度量より小さい、またそれに足りない、またそれに及ばない、同「寡
kk_夜明け_よあけ,夜明け,よあけ,夜:◆日没から日の出までの間、陽が沈んで暗い時間帯、日中は「昼」; 明:◆(太陽や月の)光が差す、光が当たる、光を当てる◆光が当たってはっきりと見える(分かる)、誰の目にもはっきりとしている、はっきりとさせる◆隠されたところ(陰にな,N3,kun,kun+kun,IL1_okurigana(kun 96%) | A1_compound_oku(kun 90%) | A1_on_kun_mix(on+kun 65%),夜:◆日没から日の出までの間、陽が沈んで暗い時間帯、日中は「昼」; 明:◆(太陽や月の)光が差す、光が当たる、光を当てる◆光が当たってはっきりと見える(分かる)、誰の目にもはっきりとしている、はっきりとさせる◆隠されたところ(陰にな
kk_夜空_よぞら,夜空,よぞら,夜:◆日没から日の出までの間、陽が沈んで暗い時間帯、日中は「昼」; 空:◆(中に)何もない、何も含まれていない、虚(うつ)ろなさま◆何もないところ、天と地の間(あいだ),N3,other,mixed+mixed~,A3_short_compound(on+on 71%),夜:◆日没から日の出までの間、陽が沈んで暗い時間帯、日中は「昼」; 空:◆(中に)何もない、何も含まれていない、虚(うつ)ろなさま◆何もないところ、天と地の間(あいだ)
kk_夢中_むちゅう,夢中,むちゅう,夢:◆睡眠中に見る幻覚・幻像、またそれを見る、同「㝱」、「【周禮:卷第五:春官宗伯:占夢】以日月星辰占六夢之吉凶(…)一曰正夢(無所感動平安自夢)二曰噩夢(杜子春云; 中:◆ものとものの間にあってどちらにも偏(かたよ)らない位置◆上下・高低・大小などの間(あいだ)に位置する人や物や場所、同「仲」◆始点(出発地)から終点(目的地)ま,N3,on,on+on,A3_short_compound(on+on 71%),夢:◆睡眠中に見る幻覚・幻像、またそれを見る、同「㝱」、「【周禮:卷第五:春官宗伯:占夢】以日月星辰占六夢之吉凶(…)一曰正夢(無所感動平安自夢)二曰噩夢(杜子春云; 中:◆ものとものの間にあってどちらにも偏(かたよ)らない位置◆上下・高低・大小などの間(あいだ)に位置する人や物や場所、同「仲」◆始点(出発地)から終点(目的地)ま
kk_夢見る_ゆめみる,夢見る,ゆめみる,夢:◆睡眠中に見る幻覚・幻像、またそれを見る、同「㝱」、「【周禮:卷第五:春官宗伯:占夢】以日月星辰占六夢之吉凶(…)一曰正夢(無所感動平安自夢)二曰噩夢(杜子春云; 見:◆目でものや状況を認識する、目に入る◆(見たものの)認識の仕方、考え◆人と顔を合わせる、対面する◆みる、部首名,N3,kun,kun+kun,IL1_okurigana(kun 96%) | A1_compound_oku(kun 90%) | A1_on_kun_mix(on+kun 65%),夢:◆睡眠中に見る幻覚・幻像、またそれを見る、同「㝱」、「【周禮:卷第五:春官宗伯:占夢】以日月星辰占六夢之吉凶(…)一曰正夢(無所感動平安自夢)二曰噩夢(杜子春云; 見:◆目でものや状況を認識する、目に入る◆(見たものの)認識の仕方、考え◆人と顔を合わせる、対面する◆みる、部首名
kk_大いに_おおいに,大いに,おおいに,大:◆形・数・量・力・程度などが比較しようとしているもの以上である、求められる(必要とされる、必要な)形・数・量・力・程度などを超(こ)えている、優(すぐ)れる、長,N3,kun,kun,IL1_okurigana(kun 96%) | IL2_single_okuri(kun 96%),大:◆形・数・量・力・程度などが比較しようとしているもの以上である、求められる(必要とされる、必要な)形・数・量・力・程度などを超(こ)えている、優(すぐ)れる、長
kk_大した_たいした,大した,たいした,大:◆形・数・量・力・程度などが比較しようとしているもの以上である、求められる(必要とされる、必要な)形・数・量・力・程度などを超(こ)えている、優(すぐ)れる、長,N3,on,on,IL1_okurigana(kun 96%) | IL2_single_okuri(kun 96%),大:◆形・数・量・力・程度などが比較しようとしているもの以上である、求められる(必要とされる、必要な)形・数・量・力・程度などを超(こ)えている、優(すぐ)れる、長
kk_大して_たいして,大して,たいして,大:◆形・数・量・力・程度などが比較しようとしているもの以上である、求められる(必要とされる、必要な)形・数・量・力・程度などを超(こ)えている、優(すぐ)れる、長,N3,on,on,IL1_okurigana(kun 96%) | IL2_single_okuri(kun 96%),大:◆形・数・量・力・程度などが比較しようとしているもの以上である、求められる(必要とされる、必要な)形・数・量・力・程度などを超(こ)えている、優(すぐ)れる、長
kk_大会_たいかい,大会,たいかい,大:◆形・数・量・力・程度などが比較しようとしているもの以上である、求められる(必要とされる、必要な)形・数・量・力・程度などを超(こ)えている、優(すぐ)れる、長; 会:◆人が集まる、同じ時間や場所に(同じ目的で)集まる、「会合(カイゴウ)」◆多くの人が(出向いて)集まる、また集まったところ、「集会(シュウカイ)」「都会(トカイ,N3,on,on+on,,大:◆形・数・量・力・程度などが比較しようとしているもの以上である、求められる(必要とされる、必要な)形・数・量・力・程度などを超(こ)えている、優(すぐ)れる、長; 会:◆人が集まる、同じ時間や場所に(同じ目的で)集まる、「会合(カイゴウ)」◆多くの人が(出向いて)集まる、また集まったところ、「集会(シュウカイ)」「都会(トカイ
kk_大喜び_おおよろこび,大喜び,おおよろこび,大:◆形・数・量・力・程度などが比較しようとしているもの以上である、求められる(必要とされる、必要な)形・数・量・力・程度などを超(こ)えている、優(すぐ)れる、長; 喜:◆悦(よろこ)ぶ、嬉(うれ)しい、またそのような事柄◆楽しい、心が安らぐ、楽しむ◆めでたい、またそのような事柄,N3,kun,kun+kun,IL1_okurigana(kun 96%) | A1_compound_oku(kun 90%) | A1_on_kun_mix(on+kun 65%),大:◆形・数・量・力・程度などが比較しようとしているもの以上である、求められる(必要とされる、必要な)形・数・量・力・程度などを超(こ)えている、優(すぐ)れる、長; 喜:◆悦(よろこ)ぶ、嬉(うれ)しい、またそのような事柄◆楽しい、心が安らぐ、楽しむ◆めでたい、またそのような事柄
kk_大売出し_おおうりだし,大売出し,おおうりだし,大:◆形・数・量・力・程度などが比較しようとしているもの以上である、求められる(必要とされる、必要な)形・数・量・力・程度などを超(こ)えている、優(すぐ)れる、長; 売:◆相手が欲しいと思っているものを渡して金銭(対価)を得る、金銭(対価)を渡して欲しいものを得るのは「買」; 出:◆範囲・領域・組織や区切り・境界の内(内側、内部、裏側、こちら側、私的なところ)から外(外側、外部、表側、向こう側、公のところ)に移る、また移す、外から内へ移る,N3,mixed,on+kun+kun~,IL1_okurigana(kun 96%) | A1_compound_oku(kun 90%) | A1_on_kun_mix(on+kun 65%),大:◆形・数・量・力・程度などが比較しようとしているもの以上である、求められる(必要とされる、必要な)形・数・量・力・程度などを超(こ)えている、優(すぐ)れる、長; 売:◆相手が欲しいと思っているものを渡して金銭(対価)を得る、金銭(対価)を渡して欲しいものを得るのは「買」; 出:◆範囲・領域・組織や区切り・境界の内(内側、内部、裏側、こちら側、私的なところ)から外(外側、外部、表側、向こう側、公のところ)に移る、また移す、外から内へ移る
kk_大学院_だいがくいん,大学院,だいがくいん,大:◆形・数・量・力・程度などが比較しようとしているもの以上である、求められる(必要とされる、必要な)形・数・量・力・程度などを超(こ)えている、優(すぐ)れる、長; 学:◆(教えを受けながら、見て倣いながら)知識や技術などを身に付ける、習得する、またその内容、知識や技術などを授(さず)けることを「教」◆教えを受け知識や技術などを; 院:◆壁などで周りを囲った幾つもの建物からなる屋敷や施設◆壁や家などで周りが取り囲まれている庭、中庭、「院落(インラク)」「庭院(テイイン)」 ◆(学校・病院などの,N3,on,on+on+on,A4_multi_on(on+on+on 65%),大:◆形・数・量・力・程度などが比較しようとしているもの以上である、求められる(必要とされる、必要な)形・数・量・力・程度などを超(こ)えている、優(すぐ)れる、長; 学:◆(教えを受けながら、見て倣いながら)知識や技術などを身に付ける、習得する、またその内容、知識や技術などを授(さず)けることを「教」◆教えを受け知識や技術などを; 院:◆壁などで周りを囲った幾つもの建物からなる屋敷や施設◆壁や家などで周りが取り囲まれている庭、中庭、「院落(インラク)」「庭院(テイイン)」 ◆(学校・病院などの
kk_大家_おおや,大家,おおや,大:◆形・数・量・力・程度などが比較しようとしているもの以上である、求められる(必要とされる、必要な)形・数・量・力・程度などを超(こ)えている、優(すぐ)れる、長; 家:◆屋根(「宀」)があり四周が戸や壁で遮(さえぎ)られている建物、豕(いのこ、ブタ)などの大切な家畜を飼(か)う建物◆同じ屋根の下で親子や一族が共に生活する、人が,N3,kun,kun+kun~,A3_short_compound(on+on 71%) | B_noun_rad_宀(kun 93%),大:◆形・数・量・力・程度などが比較しようとしているもの以上である、求められる(必要とされる、必要な)形・数・量・力・程度などを超(こ)えている、優(すぐ)れる、長; 家:◆屋根(「宀」)があり四周が戸や壁で遮(さえぎ)られている建物、豕(いのこ、ブタ)などの大切な家畜を飼(か)う建物◆同じ屋根の下で親子や一族が共に生活する、人が
kk_大小_だいしょう,大小,だいしょう,大:◆形・数・量・力・程度などが比較しようとしているもの以上である、求められる(必要とされる、必要な)形・数・量・力・程度などを超(こ)えている、優(すぐ)れる、長; 小:◆形・数・量・力・程度などが比較しようとしているもの以下である、求められる(必要とされる、必要な)形・数・量・力・程度などに及ばない(足りない)、劣(おと)る、,N3,on,on+on,,大:◆形・数・量・力・程度などが比較しようとしているもの以上である、求められる(必要とされる、必要な)形・数・量・力・程度などを超(こ)えている、優(すぐ)れる、長; 小:◆形・数・量・力・程度などが比較しようとしているもの以下である、求められる(必要とされる、必要な)形・数・量・力・程度などに及ばない(足りない)、劣(おと)る、
kk_大工_だいく,大工,だいく,大:◆形・数・量・力・程度などが比較しようとしているもの以上である、求められる(必要とされる、必要な)形・数・量・力・程度などを超(こ)えている、優(すぐ)れる、長; 工:◆物をつくる巧(たく)みな技(わざ)、また物づくりが巧みなさま◆できばえが精巧(セイコウ)なさま、同「㣉」◆匠(たくみ)、物をつくる技術・技能に秀(ひい)でた人,N3,on,on+on,A3_short_compound(on+on 71%),大:◆形・数・量・力・程度などが比較しようとしているもの以上である、求められる(必要とされる、必要な)形・数・量・力・程度などを超(こ)えている、優(すぐ)れる、長; 工:◆物をつくる巧(たく)みな技(わざ)、また物づくりが巧みなさま◆できばえが精巧(セイコウ)なさま、同「㣉」◆匠(たくみ)、物をつくる技術・技能に秀(ひい)でた人
kk_大昔_おおむかし,大昔,おおむかし,大:◆形・数・量・力・程度などが比較しようとしているもの以上である、求められる(必要とされる、必要な)形・数・量・力・程度などを超(こ)えている、優(すぐ)れる、長; 昔:◆過ぎ去った日、現在よりも前、以前◆久しく時(月日)を経(へ)ているさま◆夜、同「夕」◆干し肉、或いは肉を薄く切った後に残る肉(切り落とし肉)を干したもの、同「,N3,kun,kun+kun~,,大:◆形・数・量・力・程度などが比較しようとしているもの以上である、求められる(必要とされる、必要な)形・数・量・力・程度などを超(こ)えている、優(すぐ)れる、長; 昔:◆過ぎ去った日、現在よりも前、以前◆久しく時(月日)を経(へ)ているさま◆夜、同「夕」◆干し肉、或いは肉を薄く切った後に残る肉(切り落とし肉)を干したもの、同「
kk_大根_だいこん,大根,だいこん,大:◆形・数・量・力・程度などが比較しようとしているもの以上である、求められる(必要とされる、必要な)形・数・量・力・程度などを超(こ)えている、優(すぐ)れる、長; 根:◆植物の主に土中や水中にあって茎(くき)や幹(みき)を通じて枝葉(シヨウ、えだは)に水分・養分を送る役割を担(にな)う部分◆物事を支える基本・基礎となる部分、元,N3,on,on+on,B_noun_rad_木(kun 93%),大:◆形・数・量・力・程度などが比較しようとしているもの以上である、求められる(必要とされる、必要な)形・数・量・力・程度などを超(こ)えている、優(すぐ)れる、長; 根:◆植物の主に土中や水中にあって茎(くき)や幹(みき)を通じて枝葉(シヨウ、えだは)に水分・養分を送る役割を担(にな)う部分◆物事を支える基本・基礎となる部分、元
kk_大気_たいき,大気,たいき,大:◆形・数・量・力・程度などが比較しようとしているもの以上である、求められる(必要とされる、必要な)形・数・量・力・程度などを超(こ)えている、優(すぐ)れる、長; 気:◆中国古来の考えで、天地全ての事物の基本要素、目に見えず形状は一定しない、あらゆる事物の生死・盛衰などの変化・変動はこの「気」の移動・集散によるものと考えられた,N3,on,on+on,A3_short_compound(on+on 71%),大:◆形・数・量・力・程度などが比較しようとしているもの以上である、求められる(必要とされる、必要な)形・数・量・力・程度などを超(こ)えている、優(すぐ)れる、長; 気:◆中国古来の考えで、天地全ての事物の基本要素、目に見えず形状は一定しない、あらゆる事物の生死・盛衰などの変化・変動はこの「気」の移動・集散によるものと考えられた
kk_大統領_だいとうりょう,大統領,だいとうりょう,大:◆形・数・量・力・程度などが比較しようとしているもの以上である、求められる(必要とされる、必要な)形・数・量・力・程度などを超(こ)えている、優(すぐ)れる、長; 統:◆糸口、糸や物事の端緒◆一つの糸口に繋がって伸び広がる、また続いて行く、遡れば一つの端緒に行き着く、またそのような物事◆一つの物事を端緒・頂点としてその下にばら; 領:◆項(うなじ)、頸(くび、頭と胴の間にあって頭を支える部分)の後ろ側(背側)◆首、頸(くび)◆衣服の首周りの縁(へり)の部分、首元で交差させるものは「交領(コウ,N3,on,on+on+on,A4_multi_on(on+on+on 65%),大:◆形・数・量・力・程度などが比較しようとしているもの以上である、求められる(必要とされる、必要な)形・数・量・力・程度などを超(こ)えている、優(すぐ)れる、長; 統:◆糸口、糸や物事の端緒◆一つの糸口に繋がって伸び広がる、また続いて行く、遡れば一つの端緒に行き着く、またそのような物事◆一つの物事を端緒・頂点としてその下にばら; 領:◆項(うなじ)、頸(くび、頭と胴の間にあって頭を支える部分)の後ろ側(背側)◆首、頸(くび)◆衣服の首周りの縁(へり)の部分、首元で交差させるものは「交領(コウ
kk_大臣_だいじん,大臣,だいじん,大:◆形・数・量・力・程度などが比較しようとしているもの以上である、求められる(必要とされる、必要な)形・数・量・力・程度などを超(こ)えている、優(すぐ)れる、長; 臣:◆主君に仕える者、主人に仕える召使い、本来は男の奴隷のこと◆家臣の者が主君に対して謙(へりくだ)って自らをいう語◆しん、部首名,N3,on,on+on,,大:◆形・数・量・力・程度などが比較しようとしているもの以上である、求められる(必要とされる、必要な)形・数・量・力・程度などを超(こ)えている、優(すぐ)れる、長; 臣:◆主君に仕える者、主人に仕える召使い、本来は男の奴隷のこと◆家臣の者が主君に対して謙(へりくだ)って自らをいう語◆しん、部首名
kk_大量_たいりょう,大量,たいりょう,大:◆形・数・量・力・程度などが比較しようとしているもの以上である、求められる(必要とされる、必要な)形・数・量・力・程度などを超(こ)えている、優(すぐ)れる、長; 量:◆容積(体積)またその軽重・大小の程度、またそれを計測する、またそれを計測するための容器 ◆ものの大きさや重さを推(お)し測る◆入れ物(いれもの)の大きさ、もの,N3,on,on+on,,大:◆形・数・量・力・程度などが比較しようとしているもの以上である、求められる(必要とされる、必要な)形・数・量・力・程度などを超(こ)えている、優(すぐ)れる、長; 量:◆容積(体積)またその軽重・大小の程度、またそれを計測する、またそれを計測するための容器 ◆ものの大きさや重さを推(お)し測る◆入れ物(いれもの)の大きさ、もの
kk_大陸_たいりく,大陸,たいりく,大:◆形・数・量・力・程度などが比較しようとしているもの以上である、求められる(必要とされる、必要な)形・数・量・力・程度などを超(こ)えている、優(すぐ)れる、長; 陸:◆おか、くが、広い台地、土が厚く積み重なって水面より高くなったところ、水に覆われていない平らに広がる土地◆水に覆われていない土地、「陸路(りくろ)」◆途切れるこ,N3,on,on+on,,大:◆形・数・量・力・程度などが比較しようとしているもの以上である、求められる(必要とされる、必要な)形・数・量・力・程度などを超(こ)えている、優(すぐ)れる、長; 陸:◆おか、くが、広い台地、土が厚く積み重なって水面より高くなったところ、水に覆われていない平らに広がる土地◆水に覆われていない土地、「陸路(りくろ)」◆途切れるこ
kk_大～_だい～,大～,だい～,大:◆形・数・量・力・程度などが比較しようとしているもの以上である、求められる(必要とされる、必要な)形・数・量・力・程度などを超(こ)えている、優(すぐ)れる、長,N3,on,on,IL2_single_default(kun 84%),大:◆形・数・量・力・程度などが比較しようとしているもの以上である、求められる(必要とされる、必要な)形・数・量・力・程度などを超(こ)えている、優(すぐ)れる、長
kk_天井_てんじょう,天井,てんじょう,天:◆軽い陽気が(上に浮き)集まるところ、重い陰気が(下に沈み)集まるところを「地(チ)」、「【說文解字注:土部:地】元气初分輕清陽爲天重濁侌爲地萬物所陳𠛱也…」◆; 井:◆地面を掘り湧き出る水を汲(く)む所◆人が集まり住むところ、「市井(シセイ)」、水がある所に人が集まることから◆「井」状に区切られているもの、「天井(テンジョウ,N3,on,on+on,,天:◆軽い陽気が(上に浮き)集まるところ、重い陰気が(下に沈み)集まるところを「地(チ)」、「【說文解字注:土部:地】元气初分輕清陽爲天重濁侌爲地萬物所陳𠛱也…」◆; 井:◆地面を掘り湧き出る水を汲(く)む所◆人が集まり住むところ、「市井(シセイ)」、水がある所に人が集まることから◆「井」状に区切られているもの、「天井(テンジョウ
kk_天然_てんねん,天然,てんねん,天:◆軽い陽気が(上に浮き)集まるところ、重い陰気が(下に沈み)集まるところを「地(チ)」、「【說文解字注:土部:地】元气初分輕清陽爲天重濁侌爲地萬物所陳𠛱也…」◆; 然:◆燃やす、火で焼く、「イヌ(犬、狗)の肉(月)を燃やす(灬)」の意、同「燃」◆～のような、～のように◆しか・も、その上に、それでも◆しか・り、その通り、yes◆,N3,on,on+on,,天:◆軽い陽気が(上に浮き)集まるところ、重い陰気が(下に沈み)集まるところを「地(チ)」、「【說文解字注:土部:地】元气初分輕清陽爲天重濁侌爲地萬物所陳𠛱也…」◆; 然:◆燃やす、火で焼く、「イヌ(犬、狗)の肉(月)を燃やす(灬)」の意、同「燃」◆～のような、～のように◆しか・も、その上に、それでも◆しか・り、その通り、yes◆
kk_夫婦_ふうふ,夫婦,ふうふ,夫:◆成年の男子◆おっと、妻の配偶者、妻が配偶者を呼ぶ語◆それ、言い出しの言葉; 婦:◆成人した女性、既婚の女性◆自分の妻◆息子の妻、同「媳」◆女子が自分の弟の妻を呼ぶ語、「【爾雅注疏:釋親】女子謂兄之妻為嫂弟之妻為婦」¶「帚」は「箒(ほうき)」,N3,on,on+on,A3_short_compound(on+on 71%),夫:◆成年の男子◆おっと、妻の配偶者、妻が配偶者を呼ぶ語◆それ、言い出しの言葉; 婦:◆成人した女性、既婚の女性◆自分の妻◆息子の妻、同「媳」◆女子が自分の弟の妻を呼ぶ語、「【爾雅注疏:釋親】女子謂兄之妻為嫂弟之妻為婦」¶「帚」は「箒(ほうき)」
kk_失う_うしなう,失う,うしなう,失:◆指の間から(隙間から)するりと抜け出る、手にしていたもの(それまであったもの)をなくす◆逸(イッ)する、なくす、なくなる◆すべきことや選ぶべき道・時などを見逃,N3,kun,kun,IL1_okurigana(kun 96%) | IL2_single_okuri(kun 96%),失:◆指の間から(隙間から)するりと抜け出る、手にしていたもの(それまであったもの)をなくす◆逸(イッ)する、なくす、なくなる◆すべきことや選ぶべき道・時などを見逃
kk_失望_しつぼう,失望,しつぼう,失:◆指の間から(隙間から)するりと抜け出る、手にしていたもの(それまであったもの)をなくす◆逸(イッ)する、なくす、なくなる◆すべきことや選ぶべき道・時などを見逃; 望:◆待っている人や物事の到着をまだかまだかと待つ、期待する、そうなって欲しいと思う◆(待ち望む方を)見やる、遠くを見やる◆仰ぎ見る、他から仰ぎ見られる◆もち、陰暦,N3,on,on+on,,失:◆指の間から(隙間から)するりと抜け出る、手にしていたもの(それまであったもの)をなくす◆逸(イッ)する、なくす、なくなる◆すべきことや選ぶべき道・時などを見逃; 望:◆待っている人や物事の到着をまだかまだかと待つ、期待する、そうなって欲しいと思う◆(待ち望む方を)見やる、遠くを見やる◆仰ぎ見る、他から仰ぎ見られる◆もち、陰暦
kk_失業_しつぎょう,失業,しつぎょう,失:◆指の間から(隙間から)するりと抜け出る、手にしていたもの(それまであったもの)をなくす◆逸(イッ)する、なくす、なくなる◆すべきことや選ぶべき道・時などを見逃; 業:◆鍾(ショウ)や磬(ケイ)などの打楽器を吊るすための横木(筍)の上の横板、吊るした楽器の位置が演奏中にずれないように凹みや突起がついていたという、「业」はそれを,N3,on,on+on,B_noun_rad_木(kun 93%),失:◆指の間から(隙間から)するりと抜け出る、手にしていたもの(それまであったもの)をなくす◆逸(イッ)する、なくす、なくなる◆すべきことや選ぶべき道・時などを見逃; 業:◆鍾(ショウ)や磬(ケイ)などの打楽器を吊るすための横木(筍)の上の横板、吊るした楽器の位置が演奏中にずれないように凹みや突起がついていたという、「业」はそれを
kk_契約_けいやく,契約,けいやく,契:◆(札に)刀で文字などを刻(きざ)み込む、また彫(ほ)る、同「㓞」「栔」◆固い約束、重要な取り決め、「違(たが)えることがないように刻み込む」の意◆割符(わりふ; 約:◆束ねる、纏(まと)めて束ねる、小さく纏める、同「𠣩」◆結ぶ、結び目、「約定(ヤクジョウ、互いに取り決め結び合うこと)」◆「約束(ヤクソク)」◇しっかりと縛(し,N3,on,on+on,,契:◆(札に)刀で文字などを刻(きざ)み込む、また彫(ほ)る、同「㓞」「栔」◆固い約束、重要な取り決め、「違(たが)えることがないように刻み込む」の意◆割符(わりふ; 約:◆束ねる、纏(まと)めて束ねる、小さく纏める、同「𠣩」◆結ぶ、結び目、「約定(ヤクジョウ、互いに取り決め結び合うこと)」◆「約束(ヤクソク)」◇しっかりと縛(し
kk_奢る_おごる,奢る,おごる,奢:◆分限(身分や立場に見合うこと)を弁(わきま)えずにそれを超えるさま、またそのような行為◆分限以上に貯め込み使う、分を超えて贅沢する,N3,kun,kun,IL1_okurigana(kun 96%) | IL2_single_okuri(kun 96%),奢:◆分限(身分や立場に見合うこと)を弁(わきま)えずにそれを超えるさま、またそのような行為◆分限以上に貯め込み使う、分を超えて贅沢する
kk_奥_おく,奥,おく,奥:◆部屋の西南の隅(すみ)、祭礼の際に祭壇を設ける場所で「奥」と呼ばれた、同「隩」、「【儀禮:巻第十六:少牢饋食禮第十六】司宫筵于奥祝設几于筵上右之」◆深く入り込,N3,on,on,IL2_on_only(on 99%),奥:◆部屋の西南の隅(すみ)、祭礼の際に祭壇を設ける場所で「奥」と呼ばれた、同「隩」、「【儀禮:巻第十六:少牢饋食禮第十六】司宫筵于奥祝設几于筵上右之」◆深く入り込
kk_奨学金_しょうがくきん,奨学金,しょうがくきん,奨:◆褒(ほ)め励(はげ)まし奮(ふる)い立たせる、励まし促(うなが)す、励まし手助けをする、同「獎」; 学:◆(教えを受けながら、見て倣いながら)知識や技術などを身に付ける、習得する、またその内容、知識や技術などを授(さず)けることを「教」◆教えを受け知識や技術などを; 金:◆黄金・白銀・赤銅・青銅・青鉛・黒鉄などの総称、金属の総称◆(黄金のように)黄色い、輝く、美しい、貴重な、(金属のように)堅い◆金属製のもの◆銭(ぜに)、またそ,N3,on,on+on+on,A4_multi_on(on+on+on 65%) | B_noun_rad_金(kun 93%),奨:◆褒(ほ)め励(はげ)まし奮(ふる)い立たせる、励まし促(うなが)す、励まし手助けをする、同「獎」; 学:◆(教えを受けながら、見て倣いながら)知識や技術などを身に付ける、習得する、またその内容、知識や技術などを授(さず)けることを「教」◆教えを受け知識や技術などを; 金:◆黄金・白銀・赤銅・青銅・青鉛・黒鉄などの総称、金属の総称◆(黄金のように)黄色い、輝く、美しい、貴重な、(金属のように)堅い◆金属製のもの◆銭(ぜに)、またそ
kk_奪う_うばう,奪う,うばう,奪:◆手の中から(さっと、するりと)ものがなくなる、失う、脱落する、「【說文解字注:大部:奪】手持隹失之也(引伸爲凡失去物之偁凡手中遺落物當作此字今乃用脫爲之…)」,N3,kun,kun,IL1_okurigana(kun 96%) | IL2_single_okuri(kun 96%),奪:◆手の中から(さっと、するりと)ものがなくなる、失う、脱落する、「【說文解字注:大部:奪】手持隹失之也(引伸爲凡失去物之偁凡手中遺落物當作此字今乃用脫爲之…)」
kk_女子_じょし,女子,じょし,女:◆雌(シ、めす)としての特性を持つ人、男(雄おすとしての特性を持つ人)と対になる性の一方◆娘(むすめ、若い未婚の女性)、既婚は「婦」◆妻(めあ)わせる、嫁(とつ; 子:◆母親から産まれるもの、古くは男女を問わず「子」といったが、現代中国では男の子(息子)を指す◆新しく産まれる(生まれる)ものの元となるもの、植物の種や実、動物の,N3,on,on+on,A3_short_compound(on+on 71%),女:◆雌(シ、めす)としての特性を持つ人、男(雄おすとしての特性を持つ人)と対になる性の一方◆娘(むすめ、若い未婚の女性)、既婚は「婦」◆妻(めあ)わせる、嫁(とつ; 子:◆母親から産まれるもの、古くは男女を問わず「子」といったが、現代中国では男の子(息子)を指す◆新しく産まれる(生まれる)ものの元となるもの、植物の種や実、動物の
kk_好き好き_すきずき,好き好き,すきずき,好:◆自分にとって快く受け入れることができること(事・言)やもの(物・者)、その逆が「悪」、「好悪(コウオ)」◆良い、善(よ)い、心地良い、丁度良い、勝手(かって、; 好:◆自分にとって快く受け入れることができること(事・言)やもの(物・者)、その逆が「悪」、「好悪(コウオ)」◆良い、善(よ)い、心地良い、丁度良い、勝手(かって、,N3,kun,kun+kun~,IL1_okurigana(kun 96%) | A1_compound_oku(kun 90%) | A1_on_kun_mix(on+kun 65%),好:◆自分にとって快く受け入れることができること(事・言)やもの(物・者)、その逆が「悪」、「好悪(コウオ)」◆良い、善(よ)い、心地良い、丁度良い、勝手(かって、; 好:◆自分にとって快く受け入れることができること(事・言)やもの(物・者)、その逆が「悪」、「好悪(コウオ)」◆良い、善(よ)い、心地良い、丁度良い、勝手(かって、
kk_好き嫌い_すききらい,好き嫌い,すききらい,好:◆自分にとって快く受け入れることができること(事・言)やもの(物・者)、その逆が「悪」、「好悪(コウオ)」◆良い、善(よ)い、心地良い、丁度良い、勝手(かって、; 嫌:◆好きでない、どこか意に沿わないところがある、同「慊」、「嫌悪(ケンオ)」◆何となく避けた方が良いような気がする、憚(はばか)る◆何かしら心に引っ掛る(ひっかか,N3,kun,kun+kun~,IL1_okurigana(kun 96%) | A1_compound_oku(kun 90%) | A1_on_kun_mix(on+kun 65%),好:◆自分にとって快く受け入れることができること(事・言)やもの(物・者)、その逆が「悪」、「好悪(コウオ)」◆良い、善(よ)い、心地良い、丁度良い、勝手(かって、; 嫌:◆好きでない、どこか意に沿わないところがある、同「慊」、「嫌悪(ケンオ)」◆何となく避けた方が良いような気がする、憚(はばか)る◆何かしら心に引っ掛る(ひっかか
kk_好み_このみ,好み,このみ,好:◆自分にとって快く受け入れることができること(事・言)やもの(物・者)、その逆が「悪」、「好悪(コウオ)」◆良い、善(よ)い、心地良い、丁度良い、勝手(かって、,N3,kun,kun,IL1_okurigana(kun 96%) | IL2_single_okuri(kun 96%),好:◆自分にとって快く受け入れることができること(事・言)やもの(物・者)、その逆が「悪」、「好悪(コウオ)」◆良い、善(よ)い、心地良い、丁度良い、勝手(かって、
kk_姉妹_しまい,姉妹,しまい,姉:◆同じ父母・父・母から生まれた自分よりも年上の女子、同「姐」、自分よりも年下の女子は「妹(バイ、いもうと)」◆(敬意を込めて)自分よりも年長の女性に対する呼称、; 妹:◆同じ父母・父・母から生まれた自分よりも年下の女子、自分よりも年上の女子は「姉(シ、あね)」◆自分よりも(やや)年下の女子に対する呼称、親戚の中で自分よりも年下,N3,on,on+on,A3_short_compound(on+on 71%),姉:◆同じ父母・父・母から生まれた自分よりも年上の女子、同「姐」、自分よりも年下の女子は「妹(バイ、いもうと)」◆(敬意を込めて)自分よりも年長の女性に対する呼称、; 妹:◆同じ父母・父・母から生まれた自分よりも年下の女子、自分よりも年上の女子は「姉(シ、あね)」◆自分よりも(やや)年下の女子に対する呼称、親戚の中で自分よりも年下
kk_始発_しはつ,始発,しはつ,始:◆それ以降続く物事の最初、出だし、「始」は「物事はまず～から始める、～から始まる」、「初」は「物事はまず初めに～する、～の初め」◆初めて、～の時に至ってやっと、; 発:◆矢を放つ、外(離れて行く方向)に向かって勢いよく飛び出る◆動いていなかったものが勢いよく動き出す、物事が動き出す、物事が始まる、行動を起こす◆隠れていたものが,N3,on,on+on,A3_short_compound(on+on 71%),始:◆それ以降続く物事の最初、出だし、「始」は「物事はまず～から始める、～から始まる」、「初」は「物事はまず初めに～する、～の初め」◆初めて、～の時に至ってやっと、; 発:◆矢を放つ、外(離れて行く方向)に向かって勢いよく飛び出る◆動いていなかったものが勢いよく動き出す、物事が動き出す、物事が始まる、行動を起こす◆隠れていたものが
kk_姿勢_しせい,姿勢,しせい,姿:◆容貌(ヨウボウ)・体形(タイケイ)・身形(みなり)や立ち振る舞いなどの外見やその様子、ものの形や動きの様子; 勢:◆他を押さえ押し退ける力が強いさま、他に大きな影響を及ぼすさま◆物事の変化の様子や程度(「情勢」「時勢」など)、変化のあるものの姿や状態(「姿勢」「形勢」など),N3,on,on+on,A3_short_compound(on+on 71%) | B_verb_rad_力(kun 80%),姿:◆容貌(ヨウボウ)・体形(タイケイ)・身形(みなり)や立ち振る舞いなどの外見やその様子、ものの形や動きの様子; 勢:◆他を押さえ押し退ける力が強いさま、他に大きな影響を及ぼすさま◆物事の変化の様子や程度(「情勢」「時勢」など)、変化のあるものの姿や状態(「姿勢」「形勢」など)
kk_婦人_ふじん,婦人,ふじん,婦:◆成人した女性、既婚の女性◆自分の妻◆息子の妻、同「媳」◆女子が自分の弟の妻を呼ぶ語、「【爾雅注疏:釋親】女子謂兄之妻為嫂弟之妻為婦」¶「帚」は「箒(ほうき)」; 人:◆霊長目ヒト科ヒト属の生物、ホモ・サピエンスHomo sapiens(「知恵の人」の意)、同「儿」◆自分以外の者、「人我(ジンガ、他人と自分)」◆人の数(かず),N3,on,on+on,A3_short_compound(on+on 71%),婦:◆成人した女性、既婚の女性◆自分の妻◆息子の妻、同「媳」◆女子が自分の弟の妻を呼ぶ語、「【爾雅注疏:釋親】女子謂兄之妻為嫂弟之妻為婦」¶「帚」は「箒(ほうき)」; 人:◆霊長目ヒト科ヒト属の生物、ホモ・サピエンスHomo sapiens(「知恵の人」の意)、同「儿」◆自分以外の者、「人我(ジンガ、他人と自分)」◆人の数(かず)
kk_婿_むこ,婿,むこ,婿:◆娘(むすめ、自分の女の子供)の夫、同「壻」「𦕓」,N3,kun,kun,IL2_single_default(kun 84%),婿:◆娘(むすめ、自分の女の子供)の夫、同「壻」「𦕓」
kk_嫁_よめ,嫁,よめ,嫁:◆女性が自分の家を出て行く、女性が自家を出て結婚相手の男性の家に行く、またその女性◆損害や責任などを他人に押し付ける◆[日]よめ、息子の妻,N3,kun,kun,IL2_single_default(kun 84%),嫁:◆女性が自分の家を出て行く、女性が自家を出て結婚相手の男性の家に行く、またその女性◆損害や責任などを他人に押し付ける◆[日]よめ、息子の妻
kk_嫌がる_いやがる,嫌がる,いやがる,嫌:◆好きでない、どこか意に沿わないところがある、同「慊」、「嫌悪(ケンオ)」◆何となく避けた方が良いような気がする、憚(はばか)る◆何かしら心に引っ掛る(ひっかか,N3,kun,kun,IL1_okurigana(kun 96%) | IL2_single_okuri(kun 96%),嫌:◆好きでない、どこか意に沿わないところがある、同「慊」、「嫌悪(ケンオ)」◆何となく避けた方が良いような気がする、憚(はばか)る◆何かしら心に引っ掛る(ひっかか
kk_存在_そんざい,存在,そんざい,存:◆そこに在(あ)る、そこに居(い)る、同「侟」◆ながら･える、保つ、長く保ち続ける◆生きている、「存命(ゾンメイ)」◆無事かどうかを問う、気に掛かっていることを; 在:◆そこに居(い)る、同じ状態で一定のところに留(とど)まっている、またその場所◆～に於(お)いて、～(場所)で(at),N3,on,on+on,,存:◆そこに在(あ)る、そこに居(い)る、同「侟」◆ながら･える、保つ、長く保ち続ける◆生きている、「存命(ゾンメイ)」◆無事かどうかを問う、気に掛かっていることを; 在:◆そこに居(い)る、同じ状態で一定のところに留(とど)まっている、またその場所◆～に於(お)いて、～(場所)で(at)
kk_学ぶ_まなぶ,学ぶ,まなぶ,学:◆(教えを受けながら、見て倣いながら)知識や技術などを身に付ける、習得する、またその内容、知識や技術などを授(さず)けることを「教」◆教えを受け知識や技術などを,N3,kun,kun,IL1_okurigana(kun 96%) | IL2_single_okuri(kun 96%),学:◆(教えを受けながら、見て倣いながら)知識や技術などを身に付ける、習得する、またその内容、知識や技術などを授(さず)けることを「教」◆教えを受け知識や技術などを
kk_学力_がくりょく,学力,がくりょく,学:◆(教えを受けながら、見て倣いながら)知識や技術などを身に付ける、習得する、またその内容、知識や技術などを授(さず)けることを「教」◆教えを受け知識や技術などを; 力:◆ものを動かすもの、ものを動かしているもの、ものに働(はたら)くもの、「強力(キョウリョク、強い力)」◆働く、務(つと)める、勤(つと)める、「努力(ドリョク、,N3,on,on+on,B_verb_rad_力(kun 80%),学:◆(教えを受けながら、見て倣いながら)知識や技術などを身に付ける、習得する、またその内容、知識や技術などを授(さず)けることを「教」◆教えを受け知識や技術などを; 力:◆ものを動かすもの、ものを動かしているもの、ものに働(はたら)くもの、「強力(キョウリョク、強い力)」◆働く、務(つと)める、勤(つと)める、「努力(ドリョク、
kk_学問_がくもん,学問,がくもん,学:◆(教えを受けながら、見て倣いながら)知識や技術などを身に付ける、習得する、またその内容、知識や技術などを授(さず)けることを「教」◆教えを受け知識や技術などを; 問:◆分からないことやはっきりしないことを質(ただ)す◆罪や責任などの有無について聞く◆様子などを尋ねる,N3,on,on+on,,学:◆(教えを受けながら、見て倣いながら)知識や技術などを身に付ける、習得する、またその内容、知識や技術などを授(さず)けることを「教」◆教えを受け知識や技術などを; 問:◆分からないことやはっきりしないことを質(ただ)す◆罪や責任などの有無について聞く◆様子などを尋ねる
kk_学期_がっき,学期,がっき,学:◆(教えを受けながら、見て倣いながら)知識や技術などを身に付ける、習得する、またその内容、知識や技術などを授(さず)けることを「教」◆教えを受け知識や技術などを; 期:◆予定されている(約束されている)時(とき、時期、時間)、「時期(ジキ)」「期間(キカン、二つの時の間、始めの時から終わりの時までの間)」◆決められた時(時期、,N3,on,mixed+on~,A3_short_compound(on+on 71%),学:◆(教えを受けながら、見て倣いながら)知識や技術などを身に付ける、習得する、またその内容、知識や技術などを授(さず)けることを「教」◆教えを受け知識や技術などを; 期:◆予定されている(約束されている)時(とき、時期、時間)、「時期(ジキ)」「期間(キカン、二つの時の間、始めの時から終わりの時までの間)」◆決められた時(時期、
kk_学歴_がくれき,学歴,がくれき,学:◆(教えを受けながら、見て倣いながら)知識や技術などを身に付ける、習得する、またその内容、知識や技術などを授(さず)けることを「教」◆教えを受け知識や技術などを; 歴:◆通過点(時・時間や場所・位置など)を通(とお)って行く、また踏み越えて行く、通り過ぎる、経(へ)る、経過(ケイカ)する◆過ぎ去ったこと、通り過ぎたこと◆明らか,N3,on,on+on,,学:◆(教えを受けながら、見て倣いながら)知識や技術などを身に付ける、習得する、またその内容、知識や技術などを授(さず)けることを「教」◆教えを受け知識や技術などを; 歴:◆通過点(時・時間や場所・位置など)を通(とお)って行く、また踏み越えて行く、通り過ぎる、経(へ)る、経過(ケイカ)する◆過ぎ去ったこと、通り過ぎたこと◆明らか
kk_学科_がっか,学科,がっか,学:◆(教えを受けながら、見て倣いながら)知識や技術などを身に付ける、習得する、またその内容、知識や技術などを授(さず)けることを「教」◆教えを受け知識や技術などを; 科:◆穀物の生産量や品質の良し悪しの程度を幾つかに区分し順に並べたもの、等級◆罪の軽重に従い量刑を定める、またそれを適用する(科する)◆分類し同等のものを一つに纏(,N3,other,mixed+mixed~,A3_short_compound(on+on 71%),学:◆(教えを受けながら、見て倣いながら)知識や技術などを身に付ける、習得する、またその内容、知識や技術などを授(さず)けることを「教」◆教えを受け知識や技術などを; 科:◆穀物の生産量や品質の良し悪しの程度を幾つかに区分し順に並べたもの、等級◆罪の軽重に従い量刑を定める、またそれを適用する(科する)◆分類し同等のものを一つに纏(
kk_学級_がっきゅう,学級,がっきゅう,学:◆(教えを受けながら、見て倣いながら)知識や技術などを身に付ける、習得する、またその内容、知識や技術などを授(さず)けることを「教」◆教えを受け知識や技術などを; 級:◆品質や地位などの程度◆上下の順序、同「𨸚」「階」◆切り取った敵の首(くび),N3,on,mixed+on~,,学:◆(教えを受けながら、見て倣いながら)知識や技術などを身に付ける、習得する、またその内容、知識や技術などを授(さず)けることを「教」◆教えを受け知識や技術などを; 級:◆品質や地位などの程度◆上下の順序、同「𨸚」「階」◆切り取った敵の首(くび)
kk_学者_がくしゃ,学者,がくしゃ,学:◆(教えを受けながら、見て倣いながら)知識や技術などを身に付ける、習得する、またその内容、知識や技術などを授(さず)けることを「教」◆教えを受け知識や技術などを; 者:◆～の人、～する人、「使者(ししゃ、使いをする人、運び届けること)」◆こと(事)、もの(物)、「再者(サイシャ、更に付け加えること、追伸)」「前者(ゼンシャ、前,N3,on,on+on,A3_short_compound(on+on 71%),学:◆(教えを受けながら、見て倣いながら)知識や技術などを身に付ける、習得する、またその内容、知識や技術などを授(さず)けることを「教」◆教えを受け知識や技術などを; 者:◆～の人、～する人、「使者(ししゃ、使いをする人、運び届けること)」◆こと(事)、もの(物)、「再者(サイシャ、更に付け加えること、追伸)」「前者(ゼンシャ、前
kk_学費_がくひ,学費,がくひ,学:◆(教えを受けながら、見て倣いながら)知識や技術などを身に付ける、習得する、またその内容、知識や技術などを授(さず)けることを「教」◆教えを受け知識や技術などを; 費:◆金銭・品物・労力などを使う、時間・手間などがかかる◆ものなどを買うために用いる金銭、「費用(ヒヨウ)」◆使い減らす、「浪費(ロウヒ)」◆魯ロ国(前11世紀～前,N3,on,on+on,A3_short_compound(on+on 71%),学:◆(教えを受けながら、見て倣いながら)知識や技術などを身に付ける、習得する、またその内容、知識や技術などを授(さず)けることを「教」◆教えを受け知識や技術などを; 費:◆金銭・品物・労力などを使う、時間・手間などがかかる◆ものなどを買うために用いる金銭、「費用(ヒヨウ)」◆使い減らす、「浪費(ロウヒ)」◆魯ロ国(前11世紀～前
kk_学長_がくちょう,学長,がくちょう,学:◆(教えを受けながら、見て倣いながら)知識や技術などを身に付ける、習得する、またその内容、知識や技術などを授(さず)けることを「教」◆教えを受け知識や技術などを; 長:◆距離や時間などが途切れることなく連なっている、離れたところまでずぅっと続いている、途切れなく続いているものの二点(両端)が大きく隔(へだ)たっている、またその,N3,on,on+on,,学:◆(教えを受けながら、見て倣いながら)知識や技術などを身に付ける、習得する、またその内容、知識や技術などを授(さず)けることを「教」◆教えを受け知識や技術などを; 長:◆距離や時間などが途切れることなく連なっている、離れたところまでずぅっと続いている、途切れなく続いているものの二点(両端)が大きく隔(へだ)たっている、またその
kk_孫_まご,孫,まご,孫:◆子の子、「【釋名:釋親屬】子…孫…曾孫…玄孫…來孫…昆孫…仍孫…雲孫[†子の子を「孫」、孫の子を「曾孫」、以下同†]」◆同じ血筋の子よりも後代の者(孫・曾孫・,N3,kun,kun,IL2_single_default(kun 84%),孫:◆子の子、「【釋名:釋親屬】子…孫…曾孫…玄孫…來孫…昆孫…仍孫…雲孫[†子の子を「孫」、孫の子を「曾孫」、以下同†]」◆同じ血筋の子よりも後代の者(孫・曾孫・
kk_孰れ/何れ_いずれ,孰れ/何れ,いずれ,孰:◆いずれ、いずれか、いずれが～か?、どちらが～か?◆誰、誰か、誰が～か?◆食べ頃になるまで十分に火を通す、また煮る、また焼く、同「熟」; 何:◆(問うときに)なに?◆(物事について)なに、なんの、どういう、どのような◆(人について)だれ◆(幾つかの選択肢について)どれ、いずれ◆(場所について)どこ、い,N3,kun,kun+kun~,IL1_okurigana(kun 96%) | A1_compound_oku(kun 90%) | A1_on_kun_mix(on+kun 65%),孰:◆いずれ、いずれか、いずれが～か?、どちらが～か?◆誰、誰か、誰が～か?◆食べ頃になるまで十分に火を通す、また煮る、また焼く、同「熟」; 何:◆(問うときに)なに?◆(物事について)なに、なんの、どういう、どのような◆(人について)だれ◆(幾つかの選択肢について)どれ、いずれ◆(場所について)どこ、い
kk_孰れも_いずれも,孰れも,いずれも,孰:◆いずれ、いずれか、いずれが～か?、どちらが～か?◆誰、誰か、誰が～か?◆食べ頃になるまで十分に火を通す、また煮る、また焼く、同「熟」,N3,kun,kun,IL1_okurigana(kun 96%) | IL2_single_okuri(kun 96%),孰:◆いずれ、いずれか、いずれが～か?、どちらが～か?◆誰、誰か、誰が～か?◆食べ頃になるまで十分に火を通す、また煮る、また焼く、同「熟」
kk_宅_たく,宅,たく,宅:◆身を託(タク)すところ、住まい、住むための建物、住居(ジュウキョ)◆住まう、居住(キョジュウ)する◆落ち着く◆墓、墓地、「宅兆(タクチョウ)」,N3,on,on,IL2_on_only(on 99%) | B_noun_rad_宀(kun 93%),宅:◆身を託(タク)すところ、住まい、住むための建物、住居(ジュウキョ)◆住まう、居住(キョジュウ)する◆落ち着く◆墓、墓地、「宅兆(タクチョウ)」
kk_宅配便_たくはいびん,宅配便,たくはいびん,宅:◆身を託(タク)すところ、住まい、住むための建物、住居(ジュウキョ)◆住まう、居住(キョジュウ)する◆落ち着く◆墓、墓地、「宅兆(タクチョウ)」; 配:◆釣り合いが取れるようにする、相応(ふさわ)しい形や状態にする◆幾つかのものを合わせて(結び付けて)整える、調和させる◆結婚した相手、また妻、「配偶(ハイグウ、; 便:◆安らかなさま、差し障る(さしさわる)ようなことがないさま◆都合が良いさま、ちょうど良いさま、(物事をするのに)適(テキ)しているさま、「便宜(ベンギ)」「便利,N3,on,on+on+on,A4_multi_on(on+on+on 65%) | B_noun_rad_宀(kun 93%),宅:◆身を託(タク)すところ、住まい、住むための建物、住居(ジュウキョ)◆住まう、居住(キョジュウ)する◆落ち着く◆墓、墓地、「宅兆(タクチョウ)」; 配:◆釣り合いが取れるようにする、相応(ふさわ)しい形や状態にする◆幾つかのものを合わせて(結び付けて)整える、調和させる◆結婚した相手、また妻、「配偶(ハイグウ、; 便:◆安らかなさま、差し障る(さしさわる)ようなことがないさま◆都合が良いさま、ちょうど良いさま、(物事をするのに)適(テキ)しているさま、「便宜(ベンギ)」「便利
kk_宇宙_うちゅう,宇宙,うちゅう,宇:◆屋根で覆(おお)われた家、また大きな建物◆陽射しや雨を防ぐための建物から外に張り出した屋根、庇(ひさし)、同「㡰」「𢉠」◆天地(上下)・四方に広がる空間・世界; 宙:◆屋根を支える梁(はり)や棟(むね)、宇(ウ、頭上に大きく広がるもの)を支えているもの◆過去から未来に亘(わた)って途切れることなく続く時(とき)、時間的な大き,N3,on,on+on,A3_short_compound(on+on 71%) | B_noun_rad_宀(kun 93%) | B_noun_rad_宀(kun 93%),宇:◆屋根で覆(おお)われた家、また大きな建物◆陽射しや雨を防ぐための建物から外に張り出した屋根、庇(ひさし)、同「㡰」「𢉠」◆天地(上下)・四方に広がる空間・世界; 宙:◆屋根を支える梁(はり)や棟(むね)、宇(ウ、頭上に大きく広がるもの)を支えているもの◆過去から未来に亘(わた)って途切れることなく続く時(とき)、時間的な大き
kk_安定_あんてい,安定,あんてい,安:◆心を乱すものも体を縛るものもなく穏(おだ)やかなさま、気に掛かるようなことがなくゆったりとしたさま◆揺(ゆ)らぎや乱れがないさま、落ち着くさま◆いずく・んぞ、; 定:◆さだ・まる、動きや乱れが鎮(しず)まって変化・変動しない状態になる、平静になる、落ち着く、「鎮定(チンテイ)」◆さだ・める、動いたり揺らいだりしない状態にする,N3,on,on+on,B_noun_rad_宀(kun 93%) | B_noun_rad_宀(kun 93%),安:◆心を乱すものも体を縛るものもなく穏(おだ)やかなさま、気に掛かるようなことがなくゆったりとしたさま◆揺(ゆ)らぎや乱れがないさま、落ち着くさま◆いずく・んぞ、; 定:◆さだ・まる、動きや乱れが鎮(しず)まって変化・変動しない状態になる、平静になる、落ち着く、「鎮定(チンテイ)」◆さだ・める、動いたり揺らいだりしない状態にする
kk_完了_かんりょう,完了,かんりょう,完:◆全(すべ)て、全(まった)く◆欠点や不足がなく全てが揃っている、また備わっている◆全てが揃って(整って)終わる、出来上がる、やり遂(と)げる; 了:◆～し終わる、～し終える、完結する◆はっきりと分かる、はっきりしている、明らかなさま、同「瞭」◆全く、すっかり,N3,on,on+on,B_noun_rad_宀(kun 93%),完:◆全(すべ)て、全(まった)く◆欠点や不足がなく全てが揃っている、また備わっている◆全てが揃って(整って)終わる、出来上がる、やり遂(と)げる; 了:◆～し終わる、～し終える、完結する◆はっきりと分かる、はっきりしている、明らかなさま、同「瞭」◆全く、すっかり
kk_完全_かんぜん,完全,かんぜん,完:◆全(すべ)て、全(まった)く◆欠点や不足がなく全てが揃っている、また備わっている◆全てが揃って(整って)終わる、出来上がる、やり遂(と)げる; 全:◆すべ・て、欠点・瑕疵や不備・不足がない、余すところがない◆まった・く、まっと・う、余すところなく、漏れなく、残らず、すっかり,N3,on,on+on,B_noun_rad_宀(kun 93%),完:◆全(すべ)て、全(まった)く◆欠点や不足がなく全てが揃っている、また備わっている◆全てが揃って(整って)終わる、出来上がる、やり遂(と)げる; 全:◆すべ・て、欠点・瑕疵や不備・不足がない、余すところがない◆まった・く、まっと・う、余すところなく、漏れなく、残らず、すっかり
kk_完成_かんせい,完成,かんせい,完:◆全(すべ)て、全(まった)く◆欠点や不足がなく全てが揃っている、また備わっている◆全てが揃って(整って)終わる、出来上がる、やり遂(と)げる; 成:◆為(な)す、形や状態などを変えようとする、また変わろうとする◆本来の形や状態になる、目的・目標を持って働き、当初の目的・目標に達する、出来上がる、仕上がる、「,N3,on,on+on,B_noun_rad_宀(kun 93%),完:◆全(すべ)て、全(まった)く◆欠点や不足がなく全てが揃っている、また備わっている◆全てが揃って(整って)終わる、出来上がる、やり遂(と)げる; 成:◆為(な)す、形や状態などを変えようとする、また変わろうとする◆本来の形や状態になる、目的・目標を持って働き、当初の目的・目標に達する、出来上がる、仕上がる、「
kk_定員_ていいん,定員,ていいん,定:◆さだ・まる、動きや乱れが鎮(しず)まって変化・変動しない状態になる、平静になる、落ち着く、「鎮定(チンテイ)」◆さだ・める、動いたり揺らいだりしない状態にする; 員:◆限られた範囲(場所・空間など)に入っている(含まれる)人、集団に属している人、またその人数◆限られた範囲(特に国土・領土などの境界線)の大きさ、また広さ◆円(,N3,on,on+on,B_noun_rad_宀(kun 93%),定:◆さだ・まる、動きや乱れが鎮(しず)まって変化・変動しない状態になる、平静になる、落ち着く、「鎮定(チンテイ)」◆さだ・める、動いたり揺らいだりしない状態にする; 員:◆限られた範囲(場所・空間など)に入っている(含まれる)人、集団に属している人、またその人数◆限られた範囲(特に国土・領土などの境界線)の大きさ、また広さ◆円(
kk_定年_ていねん,定年,ていねん,定:◆さだ・まる、動きや乱れが鎮(しず)まって変化・変動しない状態になる、平静になる、落ち着く、「鎮定(チンテイ)」◆さだ・める、動いたり揺らいだりしない状態にする; 年:◆穀物が稔(みの)る、同「秊」◆農作物を収穫してから次の収穫期までの期間、四季(二十四節気)を一巡する期間、year◆誕生してから生きてその誕生日を通り過ぎた回,N3,on,on+on,B_noun_rad_宀(kun 93%),定:◆さだ・まる、動きや乱れが鎮(しず)まって変化・変動しない状態になる、平静になる、落ち着く、「鎮定(チンテイ)」◆さだ・める、動いたり揺らいだりしない状態にする; 年:◆穀物が稔(みの)る、同「秊」◆農作物を収穫してから次の収穫期までの期間、四季(二十四節気)を一巡する期間、year◆誕生してから生きてその誕生日を通り過ぎた回
kk_定期券_ていきけん,定期券,ていきけん,定:◆さだ・まる、動きや乱れが鎮(しず)まって変化・変動しない状態になる、平静になる、落ち着く、「鎮定(チンテイ)」◆さだ・める、動いたり揺らいだりしない状態にする; 期:◆予定されている(約束されている)時(とき、時期、時間)、「時期(ジキ)」「期間(キカン、二つの時の間、始めの時から終わりの時までの間)」◆決められた時(時期、; 券:◆手形、割符、木或いは竹の札に契約(約束)内容を書きこれを半分に割って双方が持ち真正な相手の証(あかし)としたもの◆「券書(ケンショ)」、契約(約束)の内容を書,N3,on,on+on+on,A4_multi_on(on+on+on 65%) | B_noun_rad_宀(kun 93%) | B_verb_rad_刀(kun 80%),定:◆さだ・まる、動きや乱れが鎮(しず)まって変化・変動しない状態になる、平静になる、落ち着く、「鎮定(チンテイ)」◆さだ・める、動いたり揺らいだりしない状態にする; 期:◆予定されている(約束されている)時(とき、時期、時間)、「時期(ジキ)」「期間(キカン、二つの時の間、始めの時から終わりの時までの間)」◆決められた時(時期、; 券:◆手形、割符、木或いは竹の札に契約(約束)内容を書きこれを半分に割って双方が持ち真正な相手の証(あかし)としたもの◆「券書(ケンショ)」、契約(約束)の内容を書
kk_宛先_あてさき,宛先,あてさき,宛:◆曲がる、くねる、緩(ゆる)やかに曲がる、同「惌」◆あたか・も、まるで、まるで～のよう、「宛然(エンゼン)」◆「大宛(ダイエン)」、古国名、漢代(前202年～2; 先:◆基準になる位置や時間よりも前、同「前」、逆は「後」◆前に向かって進む、またその方向、同「前」◆以前、時間的に過去の方向◆ま・ず、最初に、～の前に,N3,kun,kun+kun~,B_noun_rad_宀(kun 93%),宛:◆曲がる、くねる、緩(ゆる)やかに曲がる、同「惌」◆あたか・も、まるで、まるで～のよう、「宛然(エンゼン)」◆「大宛(ダイエン)」、古国名、漢代(前202年～2; 先:◆基準になる位置や時間よりも前、同「前」、逆は「後」◆前に向かって進む、またその方向、同「前」◆以前、時間的に過去の方向◆ま・ず、最初に、～の前に
kk_宛名_あてな,宛名,あてな,宛:◆曲がる、くねる、緩(ゆる)やかに曲がる、同「惌」◆あたか・も、まるで、まるで～のよう、「宛然(エンゼン)」◆「大宛(ダイエン)」、古国名、漢代(前202年～2; 名:◆人に付ける呼称、また動物・もの・出来事などを呼んだり指し示したり識別したりするためにその各々に付ける呼称、「名称(メイショウ)」◆呼称を付ける、「命名(メイメ,N3,kun,kun+kun~,A3_short_compound(on+on 71%) | B_noun_rad_宀(kun 93%),宛:◆曲がる、くねる、緩(ゆる)やかに曲がる、同「惌」◆あたか・も、まるで、まるで～のよう、「宛然(エンゼン)」◆「大宛(ダイエン)」、古国名、漢代(前202年～2; 名:◆人に付ける呼称、また動物・もの・出来事などを呼んだり指し示したり識別したりするためにその各々に付ける呼称、「名称(メイショウ)」◆呼称を付ける、「命名(メイメ
kk_宝_たから,宝,たから,宝:◆大切にしまっておくもの、珍しく貴重なもの、高価なもの、「宝石」「宝物」「財宝」「家宝」◆秘蔵する、大切にする、珍重する◆玉(ギョク、大変美しい石)製の品物、玉,N3,kun,kun,IL2_single_default(kun 84%) | B_noun_rad_宀(kun 93%),宝:◆大切にしまっておくもの、珍しく貴重なもの、高価なもの、「宝石」「宝物」「財宝」「家宝」◆秘蔵する、大切にする、珍重する◆玉(ギョク、大変美しい石)製の品物、玉
kk_宝物_たからもの,宝物,たからもの,宝:◆大切にしまっておくもの、珍しく貴重なもの、高価なもの、「宝石」「宝物」「財宝」「家宝」◆秘蔵する、大切にする、珍重する◆玉(ギョク、大変美しい石)製の品物、玉; 物:◆(天地の間に存在する)人以外の形のあるもの、人は「者」、形のないものは「事」,N3,kun,kun+kun~,B_noun_rad_宀(kun 93%) | B_noun_rad_牛(kun 93%),宝:◆大切にしまっておくもの、珍しく貴重なもの、高価なもの、「宝石」「宝物」「財宝」「家宝」◆秘蔵する、大切にする、珍重する◆玉(ギョク、大変美しい石)製の品物、玉; 物:◆(天地の間に存在する)人以外の形のあるもの、人は「者」、形のないものは「事」
kk_実_み,実,み,実:◆蓄(たくわ)えが家に満ちているさま◆隙間なく詰まって虚(うつ)ろなところがないさま◆ぎっしりと詰まった中身、草木などの稔(みの)って中がぎっしりと詰まったもの,N3,kun,kun,IL2_single_default(kun 84%) | B_noun_rad_宀(kun 93%),実:◆蓄(たくわ)えが家に満ちているさま◆隙間なく詰まって虚(うつ)ろなところがないさま◆ぎっしりと詰まった中身、草木などの稔(みの)って中がぎっしりと詰まったもの
kk_実に_じつに,実に,じつに,実:◆蓄(たくわ)えが家に満ちているさま◆隙間なく詰まって虚(うつ)ろなところがないさま◆ぎっしりと詰まった中身、草木などの稔(みの)って中がぎっしりと詰まったもの,N3,on,on,IL1_okurigana(kun 96%) | IL2_single_okuri(kun 96%) | B_noun_rad_宀(kun 93%),実:◆蓄(たくわ)えが家に満ちているさま◆隙間なく詰まって虚(うつ)ろなところがないさま◆ぎっしりと詰まった中身、草木などの稔(みの)って中がぎっしりと詰まったもの
kk_実る_みのる,実る,みのる,実:◆蓄(たくわ)えが家に満ちているさま◆隙間なく詰まって虚(うつ)ろなところがないさま◆ぎっしりと詰まった中身、草木などの稔(みの)って中がぎっしりと詰まったもの,N3,kun,kun,IL1_okurigana(kun 96%) | IL2_single_okuri(kun 96%) | B_noun_rad_宀(kun 93%),実:◆蓄(たくわ)えが家に満ちているさま◆隙間なく詰まって虚(うつ)ろなところがないさま◆ぎっしりと詰まった中身、草木などの稔(みの)って中がぎっしりと詰まったもの
kk_実力_じつりょく,実力,じつりょく,実:◆蓄(たくわ)えが家に満ちているさま◆隙間なく詰まって虚(うつ)ろなところがないさま◆ぎっしりと詰まった中身、草木などの稔(みの)って中がぎっしりと詰まったもの; 力:◆ものを動かすもの、ものを動かしているもの、ものに働(はたら)くもの、「強力(キョウリョク、強い力)」◆働く、務(つと)める、勤(つと)める、「努力(ドリョク、,N3,on,on+on,B_noun_rad_宀(kun 93%) | B_verb_rad_力(kun 80%),実:◆蓄(たくわ)えが家に満ちているさま◆隙間なく詰まって虚(うつ)ろなところがないさま◆ぎっしりと詰まった中身、草木などの稔(みの)って中がぎっしりと詰まったもの; 力:◆ものを動かすもの、ものを動かしているもの、ものに働(はたら)くもの、「強力(キョウリョク、強い力)」◆働く、務(つと)める、勤(つと)める、「努力(ドリョク、
kk_実感_じっかん,実感,じっかん,実:◆蓄(たくわ)えが家に満ちているさま◆隙間なく詰まって虚(うつ)ろなところがないさま◆ぎっしりと詰まった中身、草木などの稔(みの)って中がぎっしりと詰まったもの; 感:◆外部から受けた刺激を知覚する◆外部からの刺激を受けて心や体が反応する、また動く,N3,on,on+on,B_noun_rad_宀(kun 93%),実:◆蓄(たくわ)えが家に満ちているさま◆隙間なく詰まって虚(うつ)ろなところがないさま◆ぎっしりと詰まった中身、草木などの稔(みの)って中がぎっしりと詰まったもの; 感:◆外部から受けた刺激を知覚する◆外部からの刺激を受けて心や体が反応する、また動く
kk_実現_じつげん,実現,じつげん,実:◆蓄(たくわ)えが家に満ちているさま◆隙間なく詰まって虚(うつ)ろなところがないさま◆ぎっしりと詰まった中身、草木などの稔(みの)って中がぎっしりと詰まったもの; 現:◆それまで見えなかったものが見えるようになる、隠れていたものが表に出てくる◆目の前の、目の前にある、実際の、実際にそこにある◆今の、今ここにある,N3,on,on+on,B_noun_rad_宀(kun 93%),実:◆蓄(たくわ)えが家に満ちているさま◆隙間なく詰まって虚(うつ)ろなところがないさま◆ぎっしりと詰まった中身、草木などの稔(みの)って中がぎっしりと詰まったもの; 現:◆それまで見えなかったものが見えるようになる、隠れていたものが表に出てくる◆目の前の、目の前にある、実際の、実際にそこにある◆今の、今ここにある
kk_実生活_じっせいかつ,実生活,じっせいかつ,実:◆蓄(たくわ)えが家に満ちているさま◆隙間なく詰まって虚(うつ)ろなところがないさま◆ぎっしりと詰まった中身、草木などの稔(みの)って中がぎっしりと詰まったもの; 生:◆う・まれる、それまでになかった新しいものが現れ出る、また新しいことが起こる◆い・きる、成長し活動できる状態で存在する、またその状態◆なま、現れ出た時のそのまま; 活:◆水が(生きているかのように)勢いよく流れるさま、またその音、「活活(カツカツ)」、同「𣿛」「𣸅」◆(水しぶきが飛び散るように)生き生きとしたさま、動きが生き生,N3,on,on+on+on,A4_multi_on(on+on+on 65%) | B_noun_rad_宀(kun 93%),実:◆蓄(たくわ)えが家に満ちているさま◆隙間なく詰まって虚(うつ)ろなところがないさま◆ぎっしりと詰まった中身、草木などの稔(みの)って中がぎっしりと詰まったもの; 生:◆う・まれる、それまでになかった新しいものが現れ出る、また新しいことが起こる◆い・きる、成長し活動できる状態で存在する、またその状態◆なま、現れ出た時のそのまま; 活:◆水が(生きているかのように)勢いよく流れるさま、またその音、「活活(カツカツ)」、同「𣿛」「𣸅」◆(水しぶきが飛び散るように)生き生きとしたさま、動きが生き生
kk_実用_じつよう,実用,じつよう,実:◆蓄(たくわ)えが家に満ちているさま◆隙間なく詰まって虚(うつ)ろなところがないさま◆ぎっしりと詰まった中身、草木などの稔(みの)って中がぎっしりと詰まったもの; 用:◆人や物、或いはその特性や能力を使う、また使ってあることを行う、また役立たせる◆働かせる、発揮させる、またそのために必要な特性・能力・金銭など◆以(もっ)て◆[,N3,on,on+on,B_noun_rad_宀(kun 93%),実:◆蓄(たくわ)えが家に満ちているさま◆隙間なく詰まって虚(うつ)ろなところがないさま◆ぎっしりと詰まった中身、草木などの稔(みの)って中がぎっしりと詰まったもの; 用:◆人や物、或いはその特性や能力を使う、また使ってあることを行う、また役立たせる◆働かせる、発揮させる、またそのために必要な特性・能力・金銭など◆以(もっ)て◆[
kk_実社会_じっしゃかい,実社会,じっしゃかい,実:◆蓄(たくわ)えが家に満ちているさま◆隙間なく詰まって虚(うつ)ろなところがないさま◆ぎっしりと詰まった中身、草木などの稔(みの)って中がぎっしりと詰まったもの; 社:◆土地の神、土地の神を祀った所◆同種また同じ目的を持つ人から成る集まり; 会:◆人が集まる、同じ時間や場所に(同じ目的で)集まる、「会合(カイゴウ)」◆多くの人が(出向いて)集まる、また集まったところ、「集会(シュウカイ)」「都会(トカイ,N3,on,on+on+on,A4_multi_on(on+on+on 65%) | B_noun_rad_宀(kun 93%),実:◆蓄(たくわ)えが家に満ちているさま◆隙間なく詰まって虚(うつ)ろなところがないさま◆ぎっしりと詰まった中身、草木などの稔(みの)って中がぎっしりと詰まったもの; 社:◆土地の神、土地の神を祀った所◆同種また同じ目的を持つ人から成る集まり; 会:◆人が集まる、同じ時間や場所に(同じ目的で)集まる、「会合(カイゴウ)」◆多くの人が(出向いて)集まる、また集まったところ、「集会(シュウカイ)」「都会(トカイ
kk_実績_じっせき,実績,じっせき,実:◆蓄(たくわ)えが家に満ちているさま◆隙間なく詰まって虚(うつ)ろなところがないさま◆ぎっしりと詰まった中身、草木などの稔(みの)って中がぎっしりと詰まったもの; 績:◆う・む、麻や綿などの短い繊維や生糸を継(つ)ぎながら撚(よ)って糸にする◆(細かいことを一つ一つ継ぎながら)積み重ねてきたことの結果、成果、同「勣」◆優れた働,N3,on,on+on,B_noun_rad_宀(kun 93%),実:◆蓄(たくわ)えが家に満ちているさま◆隙間なく詰まって虚(うつ)ろなところがないさま◆ぎっしりと詰まった中身、草木などの稔(みの)って中がぎっしりと詰まったもの; 績:◆う・む、麻や綿などの短い繊維や生糸を継(つ)ぎながら撚(よ)って糸にする◆(細かいことを一つ一つ継ぎながら)積み重ねてきたことの結果、成果、同「勣」◆優れた働
kk_実習_じっしゅう,実習,じっしゅう,実:◆蓄(たくわ)えが家に満ちているさま◆隙間なく詰まって虚(うつ)ろなところがないさま◆ぎっしりと詰まった中身、草木などの稔(みの)って中がぎっしりと詰まったもの; 習:◆何度も繰り返す、何度も繰り返すことによって身に付ける、同「慣」◆なら・わし、繰り返されることで身に付いたこと、普段から繰り返し行われること、同「慣」,N3,on,on+on,B_noun_rad_宀(kun 93%),実:◆蓄(たくわ)えが家に満ちているさま◆隙間なく詰まって虚(うつ)ろなところがないさま◆ぎっしりと詰まった中身、草木などの稔(みの)って中がぎっしりと詰まったもの; 習:◆何度も繰り返す、何度も繰り返すことによって身に付ける、同「慣」◆なら・わし、繰り返されることで身に付いたこと、普段から繰り返し行われること、同「慣」
kk_実行_じっこう,実行,じっこう,実:◆蓄(たくわ)えが家に満ちているさま◆隙間なく詰まって虚(うつ)ろなところがないさま◆ぎっしりと詰まった中身、草木などの稔(みの)って中がぎっしりと詰まったもの; 行:◆左足を前に出し(彳)次に右足を前に出す(亍)、足を交互に動かして前に進む◆目的とするところに向かって進む◆遠くに出掛ける、旅に出る◆道、人が往来する道路、同「,N3,on,on+on,B_noun_rad_宀(kun 93%),実:◆蓄(たくわ)えが家に満ちているさま◆隙間なく詰まって虚(うつ)ろなところがないさま◆ぎっしりと詰まった中身、草木などの稔(みの)って中がぎっしりと詰まったもの; 行:◆左足を前に出し(彳)次に右足を前に出す(亍)、足を交互に動かして前に進む◆目的とするところに向かって進む◆遠くに出掛ける、旅に出る◆道、人が往来する道路、同「
kk_実験_じっけん,実験,じっけん,実:◆蓄(たくわ)えが家に満ちているさま◆隙間なく詰まって虚(うつ)ろなところがないさま◆ぎっしりと詰まった中身、草木などの稔(みの)って中がぎっしりと詰まったもの; 験:◆ため・す、どのような結果になるのかを知るために実際にやってみる、「実験」「試験」「体験」◆しるし、実際にやってみた証(あかし)、実際にやってみた結果生じるもの,N3,on,on+on,B_noun_rad_宀(kun 93%),実:◆蓄(たくわ)えが家に満ちているさま◆隙間なく詰まって虚(うつ)ろなところがないさま◆ぎっしりと詰まった中身、草木などの稔(みの)って中がぎっしりと詰まったもの; 験:◆ため・す、どのような結果になるのかを知るために実際にやってみる、「実験」「試験」「体験」◆しるし、実際にやってみた証(あかし)、実際にやってみた結果生じるもの
kk_客間_きゃくま,客間,きゃくま,客:◆他からやって来て他人の家・宿舎・旅館・店などに立ち寄る人、また身を寄せる人、主(あるじ)が自らの家などに受け入れた人、招いた人かどうかは問わない◆退く、過ぎ去; 間:◆両側からぴったりと閉じられずに開いているところ、(空間・時間・物事・関係などが)連続せずに途切れているところ、開いたり途切れたりして何もないところ、隙(すき),N3,mixed,on+kun~,A3_short_compound(on+on 71%) | B_noun_rad_宀(kun 93%),客:◆他からやって来て他人の家・宿舎・旅館・店などに立ち寄る人、また身を寄せる人、主(あるじ)が自らの家などに受け入れた人、招いた人かどうかは問わない◆退く、過ぎ去; 間:◆両側からぴったりと閉じられずに開いているところ、(空間・時間・物事・関係などが)連続せずに途切れているところ、開いたり途切れたりして何もないところ、隙(すき)
kk_宣伝_せんでん,宣伝,せんでん,宣:◆(天子の住む)宮殿の大きな部屋、「【前漢書:卷四十八:賈誼傳】…後歲餘丸帝思誼微之至入見上方受釐坐宣室(蘇林日宣室未央前正室也…)[†「未央」は「未央宮ビオウ; 伝:◆「伝伝(ウンウン)」、雲のように留(とど)まることなく漂い行くさま、「【白虎通義:卷八:情性】魂魄者何謂魂猶伝伝也行不休於外也主於情…」◆[日]同「傳」,N3,on,on+on,B_noun_rad_宀(kun 93%),宣:◆(天子の住む)宮殿の大きな部屋、「【前漢書:卷四十八:賈誼傳】…後歲餘丸帝思誼微之至入見上方受釐坐宣室(蘇林日宣室未央前正室也…)[†「未央」は「未央宮ビオウ; 伝:◆「伝伝(ウンウン)」、雲のように留(とど)まることなく漂い行くさま、「【白虎通義:卷八:情性】魂魄者何謂魂猶伝伝也行不休於外也主於情…」◆[日]同「傳」
kk_宴会_えんかい,宴会,えんかい,宴:◆人が集まり飲食しながら大いに楽しむ、またそのようなもてなし、同「醼」「讌」「燕」◆ゆったりと寛(くつろ)ぐ; 会:◆人が集まる、同じ時間や場所に(同じ目的で)集まる、「会合(カイゴウ)」◆多くの人が(出向いて)集まる、また集まったところ、「集会(シュウカイ)」「都会(トカイ,N3,on,on+on,B_noun_rad_宀(kun 93%),宴:◆人が集まり飲食しながら大いに楽しむ、またそのようなもてなし、同「醼」「讌」「燕」◆ゆったりと寛(くつろ)ぐ; 会:◆人が集まる、同じ時間や場所に(同じ目的で)集まる、「会合(カイゴウ)」◆多くの人が(出向いて)集まる、また集まったところ、「集会(シュウカイ)」「都会(トカイ
kk_家屋_かおく,家屋,かおく,家:◆屋根(「宀」)があり四周が戸や壁で遮(さえぎ)られている建物、豕(いのこ、ブタ)などの大切な家畜を飼(か)う建物◆同じ屋根の下で親子や一族が共に生活する、人が; 屋:◆日差しや雨風を遮(さえぎ)るための覆(おお)い、同「幄」◆建物の上部の日差しや雨風を遮(さえぎ)るための覆い、「屋頂(オクテイ、オクチョウ、屋根)」◆(屋根に,N3,on,on+on,A3_short_compound(on+on 71%) | B_noun_rad_宀(kun 93%),家:◆屋根(「宀」)があり四周が戸や壁で遮(さえぎ)られている建物、豕(いのこ、ブタ)などの大切な家畜を飼(か)う建物◆同じ屋根の下で親子や一族が共に生活する、人が; 屋:◆日差しや雨風を遮(さえぎ)るための覆(おお)い、同「幄」◆建物の上部の日差しや雨風を遮(さえぎ)るための覆い、「屋頂(オクテイ、オクチョウ、屋根)」◆(屋根に
kk_寄せる_よせる,寄せる,よせる,寄:◆他のものを頼りにする、他のものに凭(もた)れ掛かる◆託(たく)する、他人(ひと)に預(あず)ける、委(ゆだ)ねる、「寄託(キタク)」「寄命(キメイ、命を託す、,N3,kun,kun,IL1_okurigana(kun 96%) | IL2_single_okuri(kun 96%) | B_noun_rad_宀(kun 93%),寄:◆他のものを頼りにする、他のものに凭(もた)れ掛かる◆託(たく)する、他人(ひと)に預(あず)ける、委(ゆだ)ねる、「寄託(キタク)」「寄命(キメイ、命を託す、
kk_寄付_きふ,寄付,きふ,寄:◆他のものを頼りにする、他のものに凭(もた)れ掛かる◆託(たく)する、他人(ひと)に預(あず)ける、委(ゆだ)ねる、「寄託(キタク)」「寄命(キメイ、命を託す、; 付:◆手ずから授(さず)ける、直接手を取って与える、同「仅」◆渡し与える、渡して任せる、委(ゆだ)ねる◆[日]他のものに加える、また添える、また足す、同「附」,N3,on,on+on,A3_short_compound(on+on 71%) | B_noun_rad_宀(kun 93%),寄:◆他のものを頼りにする、他のものに凭(もた)れ掛かる◆託(たく)する、他人(ひと)に預(あず)ける、委(ゆだ)ねる、「寄託(キタク)」「寄命(キメイ、命を託す、; 付:◆手ずから授(さず)ける、直接手を取って与える、同「仅」◆渡し与える、渡して任せる、委(ゆだ)ねる◆[日]他のものに加える、また添える、また足す、同「附」
kk_寒気_さむけ,寒気,さむけ,寒:◆凍(こご)える、冷(ひ)える、同「𣽬」◆気温が低い、空気が冷(つめ)たい◆物が乏(とぼ)しい、貧(まず)しい; 気:◆中国古来の考えで、天地全ての事物の基本要素、目に見えず形状は一定しない、あらゆる事物の生死・盛衰などの変化・変動はこの「気」の移動・集散によるものと考えられた,N3,mixed,kun+on~,A3_short_compound(on+on 71%) | B_noun_rad_宀(kun 93%),寒:◆凍(こご)える、冷(ひ)える、同「𣽬」◆気温が低い、空気が冷(つめ)たい◆物が乏(とぼ)しい、貧(まず)しい; 気:◆中国古来の考えで、天地全ての事物の基本要素、目に見えず形状は一定しない、あらゆる事物の生死・盛衰などの変化・変動はこの「気」の移動・集散によるものと考えられた
kk_寝室_しんしつ,寝室,しんしつ,寝:◆体を横にして休む、「寝台・寝床・寝室などで横になり休む」ことをいう◆体を横にして眠る◆睡眠をとるところ、ゆっくりと寛(くつろ)ぐ部屋や建物、「寢殿(シンデン、; 室:◆奥の部屋、堂(ドウ、南側の広間)の後ろ(北側、北側中央)の部屋、家人が日常起居(キキョ)する部屋◆部屋、房間(ボウカン)、屋子(オクシ)◆家、住居、またそこで,N3,on,on+on,B_noun_rad_宀(kun 93%) | B_noun_rad_宀(kun 93%),寝:◆体を横にして休む、「寝台・寝床・寝室などで横になり休む」ことをいう◆体を横にして眠る◆睡眠をとるところ、ゆっくりと寛(くつろ)ぐ部屋や建物、「寢殿(シンデン、; 室:◆奥の部屋、堂(ドウ、南側の広間)の後ろ(北側、北側中央)の部屋、家人が日常起居(キキョ)する部屋◆部屋、房間(ボウカン)、屋子(オクシ)◆家、住居、またそこで
kk_対する_たいする,対する,たいする,対:◆向かい合う、向き合う◆二つで一組になるもの◆二つを並べ比較する◆問いに答える、依頼や指示に応(こた)える、相手からの働きかけに応(おう)じた結果を返す,N3,on,on,IL1_okurigana(kun 96%) | IL2_single_okuri(kun 96%),対:◆向かい合う、向き合う◆二つで一組になるもの◆二つを並べ比較する◆問いに答える、依頼や指示に応(こた)える、相手からの働きかけに応(おう)じた結果を返す
kk_対照_たいしょう,対照,たいしょう,対:◆向かい合う、向き合う◆二つで一組になるもの◆二つを並べ比較する◆問いに答える、依頼や指示に応(こた)える、相手からの働きかけに応(おう)じた結果を返す; 照:◆光が当たる、光を当てる◆明るい、光を当てて辺りを明るくする、「照明(ショウメイ)」◆他のものと見比べる、また見比べて確かめる、「照合(ショウゴウ)」「◆光を当,N3,on,on+on,,対:◆向かい合う、向き合う◆二つで一組になるもの◆二つを並べ比較する◆問いに答える、依頼や指示に応(こた)える、相手からの働きかけに応(おう)じた結果を返す; 照:◆光が当たる、光を当てる◆明るい、光を当てて辺りを明るくする、「照明(ショウメイ)」◆他のものと見比べる、また見比べて確かめる、「照合(ショウゴウ)」「◆光を当
kk_対策_たいさく,対策,たいさく,対:◆向かい合う、向き合う◆二つで一組になるもの◆二つを並べ比較する◆問いに答える、依頼や指示に応(こた)える、相手からの働きかけに応(おう)じた結果を返す; 策:◆(竹製の)鞭(むち)、鞭打つ、同「敇」「箠」◆文字(文章)を記すための細長い竹製の札、竹簡(チクカン)◆符命(フメイ)、天子の意であることの証(あかし、署名や,N3,on,on+on,B_noun_rad_竹(kun 93%),対:◆向かい合う、向き合う◆二つで一組になるもの◆二つを並べ比較する◆問いに答える、依頼や指示に応(こた)える、相手からの働きかけに応(おう)じた結果を返す; 策:◆(竹製の)鞭(むち)、鞭打つ、同「敇」「箠」◆文字(文章)を記すための細長い竹製の札、竹簡(チクカン)◆符命(フメイ)、天子の意であることの証(あかし、署名や
kk_対象_たいしょう,対象,たいしょう,対:◆向かい合う、向き合う◆二つで一組になるもの◆二つを並べ比較する◆問いに答える、依頼や指示に応(こた)える、相手からの働きかけに応(おう)じた結果を返す; 象:◆ゾウ(象)、ゾウ科の哺乳類、また同科の哺乳類の称◆もの(者や物)の姿形(すがたかたち)、同「像」◆もの(者や物)の姿形に似せる、また似る、また似せて作ったもの,N3,on,on+on,,対:◆向かい合う、向き合う◆二つで一組になるもの◆二つを並べ比較する◆問いに答える、依頼や指示に応(こた)える、相手からの働きかけに応(おう)じた結果を返す; 象:◆ゾウ(象)、ゾウ科の哺乳類、また同科の哺乳類の称◆もの(者や物)の姿形(すがたかたち)、同「像」◆もの(者や物)の姿形に似せる、また似る、また似せて作ったもの
kk_対面_たいめん,対面,たいめん,対:◆向かい合う、向き合う◆二つで一組になるもの◆二つを並べ比較する◆問いに答える、依頼や指示に応(こた)える、相手からの働きかけに応(おう)じた結果を返す; 面:◆顔(かお)、頭の目鼻口がある側◆顔を対象(タイショウ、目標や相手)に向ける、また向く◆(顔が)向いている側、向き、向いている方向◆ものの表(おもて)、前(まえ,N3,on,on+on,,対:◆向かい合う、向き合う◆二つで一組になるもの◆二つを並べ比較する◆問いに答える、依頼や指示に応(こた)える、相手からの働きかけに応(おう)じた結果を返す; 面:◆顔(かお)、頭の目鼻口がある側◆顔を対象(タイショウ、目標や相手)に向ける、また向く◆(顔が)向いている側、向き、向いている方向◆ものの表(おもて)、前(まえ
kk_寿命_じゅみょう,寿命,じゅみょう,寿:◆長く年齢を重ねる、長命、「長寿(チョウジュ)」◆祝福の言葉や贈り物を送り長命を祝う◆年齢、「寿命(ジュミョウ)」◆[日]めでたいこと、祝いの言葉、祝いの言葉を; 命:◆天や神から差し遣(さしつ)わされるもの、また授(さず)かるもの、「生命(セイメイ)」「寿命(ジュミョウ)」「運命(ウンメイ)」◆身分・地位が高い人や敬うべき人,N3,on,on+on,A3_short_compound(on+on 71%),寿:◆長く年齢を重ねる、長命、「長寿(チョウジュ)」◆祝福の言葉や贈り物を送り長命を祝う◆年齢、「寿命(ジュミョウ)」◆[日]めでたいこと、祝いの言葉、祝いの言葉を; 命:◆天や神から差し遣(さしつ)わされるもの、また授(さず)かるもの、「生命(セイメイ)」「寿命(ジュミョウ)」「運命(ウンメイ)」◆身分・地位が高い人や敬うべき人
kk_専攻_せんこう,専攻,せんこう,専:◆もっぱ・ら、ただそれだけ、ただひたすら、一途(いちず)◆もっぱ・らにする、一人でする、一人で自分の思い通りにする、同「顓」「擅」; 攻:◆こちらから敵に突き掛かる、襲(おそ)い掛かる◆人の過失を突く、また責める◆隅々まで手を加え美しく仕上げる、深く突っ込んで学ぶ,N3,on,on+on,,専:◆もっぱ・ら、ただそれだけ、ただひたすら、一途(いちず)◆もっぱ・らにする、一人でする、一人で自分の思い通りにする、同「顓」「擅」; 攻:◆こちらから敵に突き掛かる、襲(おそ)い掛かる◆人の過失を突く、また責める◆隅々まで手を加え美しく仕上げる、深く突っ込んで学ぶ
kk_専業主婦_せんぎょうしゅふ,専業主婦,せんぎょうしゅふ,専:◆もっぱ・ら、ただそれだけ、ただひたすら、一途(いちず)◆もっぱ・らにする、一人でする、一人で自分の思い通りにする、同「顓」「擅」; 業:◆鍾(ショウ)や磬(ケイ)などの打楽器を吊るすための横木(筍)の上の横板、吊るした楽器の位置が演奏中にずれないように凹みや突起がついていたという、「业」はそれを; 主:◆蝋燭やランプなどの灯心、同「炷」◆多くの中で特に重要な、またそのような人◆中心となるもの、中心にあるもの、またそのような人◆司(つかさど)る、中心となって統治,N3,on,on+on+on+on,A4_multi_on(on+on+on+on 65%) | B_noun_rad_木(kun 93%),専:◆もっぱ・ら、ただそれだけ、ただひたすら、一途(いちず)◆もっぱ・らにする、一人でする、一人で自分の思い通りにする、同「顓」「擅」; 業:◆鍾(ショウ)や磬(ケイ)などの打楽器を吊るすための横木(筍)の上の横板、吊るした楽器の位置が演奏中にずれないように凹みや突起がついていたという、「业」はそれを; 主:◆蝋燭やランプなどの灯心、同「炷」◆多くの中で特に重要な、またそのような人◆中心となるもの、中心にあるもの、またそのような人◆司(つかさど)る、中心となって統治
kk_専門家_せんもんか,専門家,せんもんか,専:◆もっぱ・ら、ただそれだけ、ただひたすら、一途(いちず)◆もっぱ・らにする、一人でする、一人で自分の思い通りにする、同「顓」「擅」; 門:◆敷地の囲いの一部に設けた出入口、囲われたものの内から外へ(外から内へ)出入りするところ、同「𨳇」「閅」◆同じ入口から入って来た人、同じ囲いの中にいる人、同じ目; 家:◆屋根(「宀」)があり四周が戸や壁で遮(さえぎ)られている建物、豕(いのこ、ブタ)などの大切な家畜を飼(か)う建物◆同じ屋根の下で親子や一族が共に生活する、人が,N3,on,on+on+on,A4_multi_on(on+on+on 65%) | B_noun_rad_宀(kun 93%),専:◆もっぱ・ら、ただそれだけ、ただひたすら、一途(いちず)◆もっぱ・らにする、一人でする、一人で自分の思い通りにする、同「顓」「擅」; 門:◆敷地の囲いの一部に設けた出入口、囲われたものの内から外へ(外から内へ)出入りするところ、同「𨳇」「閅」◆同じ入口から入って来た人、同じ囲いの中にいる人、同じ目; 家:◆屋根(「宀」)があり四周が戸や壁で遮(さえぎ)られている建物、豕(いのこ、ブタ)などの大切な家畜を飼(か)う建物◆同じ屋根の下で親子や一族が共に生活する、人が
kk_尊敬_そんけい,尊敬,そんけい,尊:◆身分・地位が高い、またそのような人、同「貴」◆上にあるさま、高いさま、低いのは「卑」、「【周易正義(周易注疏):卷十一:繫辭上】天尊地卑乾坤定矣」◆重んじる、; 敬:◆心から大切に思う、相手を尊(とうと)び隅々まで心を配る、またそのように振る舞う、「尊敬(ソンケイ)」¶この敬う気持ちを「敬」といい、それを態度や行動で示すこと,N3,on,on+on,,尊:◆身分・地位が高い、またそのような人、同「貴」◆上にあるさま、高いさま、低いのは「卑」、「【周易正義(周易注疏):卷十一:繫辭上】天尊地卑乾坤定矣」◆重んじる、; 敬:◆心から大切に思う、相手を尊(とうと)び隅々まで心を配る、またそのように振る舞う、「尊敬(ソンケイ)」¶この敬う気持ちを「敬」といい、それを態度や行動で示すこと
kk_小包_こづつみ,小包,こづつみ,小:◆形・数・量・力・程度などが比較しようとしているもの以下である、求められる(必要とされる、必要な)形・数・量・力・程度などに及ばない(足りない)、劣(おと)る、; 包:◆布や紙などの薄い膜状のもので全体を覆(おお)う、中のものを保護するように全体を覆う、含(ふく)める、同「裹」◆周りを覆う、周りを囲う,N3,other,mixed+mixed~,,小:◆形・数・量・力・程度などが比較しようとしているもの以下である、求められる(必要とされる、必要な)形・数・量・力・程度などに及ばない(足りない)、劣(おと)る、; 包:◆布や紙などの薄い膜状のもので全体を覆(おお)う、中のものを保護するように全体を覆う、含(ふく)める、同「裹」◆周りを覆う、周りを囲う
kk_小型_こがた,小型,こがた,小:◆形・数・量・力・程度などが比較しようとしているもの以下である、求められる(必要とされる、必要な)形・数・量・力・程度などに及ばない(足りない)、劣(おと)る、; 型:◆これから作ろうとする物の形に作ったもの、溶かした金属を流し入れて目的の形に造るためのもの、「鋳型(いがた)」、木製は「模」、竹製は「範」◆模範(モハン)、手本,N3,other,mixed+mixed~,A3_short_compound(on+on 71%),小:◆形・数・量・力・程度などが比較しようとしているもの以下である、求められる(必要とされる、必要な)形・数・量・力・程度などに及ばない(足りない)、劣(おと)る、; 型:◆これから作ろうとする物の形に作ったもの、溶かした金属を流し入れて目的の形に造るためのもの、「鋳型(いがた)」、木製は「模」、竹製は「範」◆模範(モハン)、手本
kk_小遣い_こづかい,小遣い,こづかい,小:◆形・数・量・力・程度などが比較しようとしているもの以下である、求められる(必要とされる、必要な)形・数・量・力・程度などに及ばない(足りない)、劣(おと)る、; 遣:◆人を行かせる、差し向ける、「派遣(ハケン)」◆追いやる、追い払う◆人や物を送る◆死者を葬(ほうむ)る際に共に埋葬する副葬品、「遣車(ケンシャ、副葬品を載せる車,N3,other,mixed+mixed~,IL1_okurigana(kun 96%) | A1_compound_oku(kun 90%) | A1_on_kun_mix(on+kun 65%),小:◆形・数・量・力・程度などが比較しようとしているもの以下である、求められる(必要とされる、必要な)形・数・量・力・程度などに及ばない(足りない)、劣(おと)る、; 遣:◆人を行かせる、差し向ける、「派遣(ハケン)」◆追いやる、追い払う◆人や物を送る◆死者を葬(ほうむ)る際に共に埋葬する副葬品、「遣車(ケンシャ、副葬品を載せる車
kk_小雨_こさめ,小雨,こさめ,小:◆形・数・量・力・程度などが比較しようとしているもの以下である、求められる(必要とされる、必要な)形・数・量・力・程度などに及ばない(足りない)、劣(おと)る、; 雨:◆大気中の水蒸気が集まって水滴となり、浮かんでいることができずに落下するもの ◆(雨や雪が、小さなものが無数に)降る、上から下に落ちて来る◆あめ、あめかんむり、,N3,other,mixed+mixed~,A3_short_compound(on+on 71%) | B_noun_rad_雨(kun 93%),小:◆形・数・量・力・程度などが比較しようとしているもの以下である、求められる(必要とされる、必要な)形・数・量・力・程度などに及ばない(足りない)、劣(おと)る、; 雨:◆大気中の水蒸気が集まって水滴となり、浮かんでいることができずに落下するもの ◆(雨や雪が、小さなものが無数に)降る、上から下に落ちて来る◆あめ、あめかんむり、
kk_小麦_こむぎ,小麦,こむぎ,小:◆形・数・量・力・程度などが比較しようとしているもの以下である、求められる(必要とされる、必要な)形・数・量・力・程度などに及ばない(足りない)、劣(おと)る、; 麦:◆ムギ(麦)、コムギ(小麦)・オオムギ(大麦)・エンバク(燕麦)など芒(のぎ)の長いイネ科に属する穀物の総称 ◆むぎ、むぎへん、ばくにょう、部首名,N3,kun,kun+kun~,A3_short_compound(on+on 71%),小:◆形・数・量・力・程度などが比較しようとしているもの以下である、求められる(必要とされる、必要な)形・数・量・力・程度などに及ばない(足りない)、劣(おと)る、; 麦:◆ムギ(麦)、コムギ(小麦)・オオムギ(大麦)・エンバク(燕麦)など芒(のぎ)の長いイネ科に属する穀物の総称 ◆むぎ、むぎへん、ばくにょう、部首名
kk_少年_しょうねん,少年,しょうねん,少:◆数や度量(ドリョウ、ものの多少・軽重・長短・高低・深浅・強弱など)が、あるべき(必要とする)数や度量より小さい、またそれに足りない、またそれに及ばない、同「寡; 年:◆穀物が稔(みの)る、同「秊」◆農作物を収穫してから次の収穫期までの期間、四季(二十四節気)を一巡する期間、year◆誕生してから生きてその誕生日を通り過ぎた回,N3,on,on+on,,少:◆数や度量(ドリョウ、ものの多少・軽重・長短・高低・深浅・強弱など)が、あるべき(必要とする)数や度量より小さい、またそれに足りない、またそれに及ばない、同「寡; 年:◆穀物が稔(みの)る、同「秊」◆農作物を収穫してから次の収穫期までの期間、四季(二十四節気)を一巡する期間、year◆誕生してから生きてその誕生日を通り過ぎた回
kk_尖る_とがる,尖る,とがる,尖:◆上が小さく下が大きいさま、先が細く手元(てもと)が太いさま、「夵(エン、上が大きく下が小さい、先が太く手元が細い)」の逆の意,N3,kun,kun,IL1_okurigana(kun 96%) | IL2_single_okuri(kun 96%),尖:◆上が小さく下が大きいさま、先が細く手元(てもと)が太いさま、「夵(エン、上が大きく下が小さい、先が太く手元が細い)」の逆の意
kk_尚_なお,尚,なお,尚:◆～と同じように、～でさえも、「他の同じようなものと比べてもあまり変わり(差異)はない」の意◆(～と同じようであるばかりでなく)更に、その上に◆希(こいねが)う,N3,kun,kun,IL2_single_default(kun 84%),尚:◆～と同じように、～でさえも、「他の同じようなものと比べてもあまり変わり(差異)はない」の意◆(～と同じようであるばかりでなく)更に、その上に◆希(こいねが)う
kk_尻尾_しっぽ,尻尾,しっぽ,尻:◆胴体の最下部で、座った時に下になり(地に接して)上半身を支える部分、同「𡱂」「𦞠」 ◆ものの尽きる(果てる)ところ、最後尾(サイコウビ)、器物などの底部; 尾:◆動物の尻の辺りから後ろに細く長く突き出ているもの、しっぽ(尻尾)◆長いもの(長く続いているもの)の後ろ、末端(マッタン)◆「孳尾(ジビ)」、動物が交わり(交尾,N3,other,mixed+mixed~,A3_short_compound(on+on 71%),尻:◆胴体の最下部で、座った時に下になり(地に接して)上半身を支える部分、同「𡱂」「𦞠」 ◆ものの尽きる(果てる)ところ、最後尾(サイコウビ)、器物などの底部; 尾:◆動物の尻の辺りから後ろに細く長く突き出ているもの、しっぽ(尻尾)◆長いもの(長く続いているもの)の後ろ、末端(マッタン)◆「孳尾(ジビ)」、動物が交わり(交尾
kk_居眠り_いねむり,居眠り,いねむり,居:◆座る、腰を据(す)える、腰を落ち着ける、またその場所◆長く腰を落ち着けて住む、住まい◆一定の場所を占める、存在する◆貯(たくわ)える、得たものを置いておく; 眠:◆目を瞑(つむ)る、体を横たえ目を瞑る、寝る◆刺激に対する反応が鈍くなり(眠ったように、死んだように)動かなくなる、活動を休止する,N3,kun,kun+kun,IL1_okurigana(kun 96%) | A1_compound_oku(kun 90%) | A1_on_kun_mix(on+kun 65%),居:◆座る、腰を据(す)える、腰を落ち着ける、またその場所◆長く腰を落ち着けて住む、住まい◆一定の場所を占める、存在する◆貯(たくわ)える、得たものを置いておく; 眠:◆目を瞑(つむ)る、体を横たえ目を瞑る、寝る◆刺激に対する反応が鈍くなり(眠ったように、死んだように)動かなくなる、活動を休止する
kk_居酒屋_いざかや,居酒屋,いざかや,居:◆座る、腰を据(す)える、腰を落ち着ける、またその場所◆長く腰を落ち着けて住む、住まい◆一定の場所を占める、存在する◆貯(たくわ)える、得たものを置いておく; 酒:◆穀物や果実などを原料として醸造(ジョウゾウ)したアルコールalcohol分を含む飲み物; 屋:◆日差しや雨風を遮(さえぎ)るための覆(おお)い、同「幄」◆建物の上部の日差しや雨風を遮(さえぎ)るための覆い、「屋頂(オクテイ、オクチョウ、屋根)」◆(屋根に,N3,other,mixed+mixed+mixed~,A4_multi_on(on+on+on 65%),居:◆座る、腰を据(す)える、腰を落ち着ける、またその場所◆長く腰を落ち着けて住む、住まい◆一定の場所を占める、存在する◆貯(たくわ)える、得たものを置いておく; 酒:◆穀物や果実などを原料として醸造(ジョウゾウ)したアルコールalcohol分を含む飲み物; 屋:◆日差しや雨風を遮(さえぎ)るための覆(おお)い、同「幄」◆建物の上部の日差しや雨風を遮(さえぎ)るための覆い、「屋頂(オクテイ、オクチョウ、屋根)」◆(屋根に
kk_居間_いま,居間,いま,居:◆座る、腰を据(す)える、腰を落ち着ける、またその場所◆長く腰を落ち着けて住む、住まい◆一定の場所を占める、存在する◆貯(たくわ)える、得たものを置いておく; 間:◆両側からぴったりと閉じられずに開いているところ、(空間・時間・物事・関係などが)連続せずに途切れているところ、開いたり途切れたりして何もないところ、隙(すき),N3,kun,kun+kun~,A3_short_compound(on+on 71%),居:◆座る、腰を据(す)える、腰を落ち着ける、またその場所◆長く腰を落ち着けて住む、住まい◆一定の場所を占める、存在する◆貯(たくわ)える、得たものを置いておく; 間:◆両側からぴったりと閉じられずに開いているところ、(空間・時間・物事・関係などが)連続せずに途切れているところ、開いたり途切れたりして何もないところ、隙(すき)
kk_届く_とどく,届く,とどく,届:◆目標・目的とした場所や時間に行き着く、到(いた)る、達する◆[日]とど・け、監督者に提出する申請・報告などの文書,N3,kun,kun,IL1_okurigana(kun 96%) | IL2_single_okuri(kun 96%),届:◆目標・目的とした場所や時間に行き着く、到(いた)る、達する◆[日]とど・け、監督者に提出する申請・報告などの文書
kk_屋根_やね,屋根,やね,屋:◆日差しや雨風を遮(さえぎ)るための覆(おお)い、同「幄」◆建物の上部の日差しや雨風を遮(さえぎ)るための覆い、「屋頂(オクテイ、オクチョウ、屋根)」◆(屋根に; 根:◆植物の主に土中や水中にあって茎(くき)や幹(みき)を通じて枝葉(シヨウ、えだは)に水分・養分を送る役割を担(にな)う部分◆物事を支える基本・基礎となる部分、元,N3,kun,kun+kun~,A3_short_compound(on+on 71%) | B_noun_rad_木(kun 93%),屋:◆日差しや雨風を遮(さえぎ)るための覆(おお)い、同「幄」◆建物の上部の日差しや雨風を遮(さえぎ)るための覆い、「屋頂(オクテイ、オクチョウ、屋根)」◆(屋根に; 根:◆植物の主に土中や水中にあって茎(くき)や幹(みき)を通じて枝葉(シヨウ、えだは)に水分・養分を送る役割を担(にな)う部分◆物事を支える基本・基礎となる部分、元
kk_屡_しばしば,屡,しばしば,屡:◆度々(たびたび)、繰り返し何度も、同「婁」,N3,kun,kun,IL2_single_default(kun 84%),屡:◆度々(たびたび)、繰り返し何度も、同「婁」
kk_履歴書_りれきしょ,履歴書,りれきしょ,履:◆くつ、靴(長靴)や鞋(短靴)などの足に纏うものの総称、古くは木底や革底の履物に中敷きや刺繍などの飾りを施したものを指し、藁などで作っただけの粗末な履物(㞜)と; 歴:◆通過点(時・時間や場所・位置など)を通(とお)って行く、また踏み越えて行く、通り過ぎる、経(へ)る、経過(ケイカ)する◆過ぎ去ったこと、通り過ぎたこと◆明らか; 書:◆文字を筆(聿)などで記(しる)す、著(あらわ)す、「書物(ショモツ)」「文書(ブンショ)」◆手紙、「書信(ショシン)」◆「書経(ショキョウ、別名尚書ショウショ,N3,on,on+on+on,A4_multi_on(on+on+on 65%),履:◆くつ、靴(長靴)や鞋(短靴)などの足に纏うものの総称、古くは木底や革底の履物に中敷きや刺繍などの飾りを施したものを指し、藁などで作っただけの粗末な履物(㞜)と; 歴:◆通過点(時・時間や場所・位置など)を通(とお)って行く、また踏み越えて行く、通り過ぎる、経(へ)る、経過(ケイカ)する◆過ぎ去ったこと、通り過ぎたこと◆明らか; 書:◆文字を筆(聿)などで記(しる)す、著(あらわ)す、「書物(ショモツ)」「文書(ブンショ)」◆手紙、「書信(ショシン)」◆「書経(ショキョウ、別名尚書ショウショ
kk_履物_はきもの,履物,はきもの,履:◆くつ、靴(長靴)や鞋(短靴)などの足に纏うものの総称、古くは木底や革底の履物に中敷きや刺繍などの飾りを施したものを指し、藁などで作っただけの粗末な履物(㞜)と; 物:◆(天地の間に存在する)人以外の形のあるもの、人は「者」、形のないものは「事」,N3,kun,kun+kun~,B_noun_rad_牛(kun 93%),履:◆くつ、靴(長靴)や鞋(短靴)などの足に纏うものの総称、古くは木底や革底の履物に中敷きや刺繍などの飾りを施したものを指し、藁などで作っただけの粗末な履物(㞜)と; 物:◆(天地の間に存在する)人以外の形のあるもの、人は「者」、形のないものは「事」
kk_岩_いわ,岩,いわ,岩:◆山のように高く聳(そび)える石、ごつごつした大きな石、同「巖」,N3,kun,kun,IL2_single_default(kun 84%),岩:◆山のように高く聳(そび)える石、ごつごつした大きな石、同「巖」
kk_崩す_くずす,崩す,くずす,崩:◆山が裂け土石が落下する、壊れて倒れる◆破れる、ばらばらになる、決裂する◆天子の死、「【禮記注疏(禮記正義):曲禮下】天子死曰崩諸侯曰薨大夫曰卒士曰不祿庶人曰死,N3,kun,kun,IL1_okurigana(kun 96%) | IL2_single_okuri(kun 96%),崩:◆山が裂け土石が落下する、壊れて倒れる◆破れる、ばらばらになる、決裂する◆天子の死、「【禮記注疏(禮記正義):曲禮下】天子死曰崩諸侯曰薨大夫曰卒士曰不祿庶人曰死
kk_嵌める_はめる,嵌める,はめる,嵌:◆は・める、窪(くぼ)みや空(あ)いたところ(空いているところ)に物を入れ込む、入れて動かないようする、「象嵌(ゾウガン、象眼)」、同「篏」◆高い山に囲まれて窪,N3,kun,kun,IL1_okurigana(kun 96%) | IL2_single_okuri(kun 96%),嵌:◆は・める、窪(くぼ)みや空(あ)いたところ(空いているところ)に物を入れ込む、入れて動かないようする、「象嵌(ゾウガン、象眼)」、同「篏」◆高い山に囲まれて窪
kk_左側_ひだりがわ,左側,ひだりがわ,左:◆右と対(ツイ)になる片方 ◆南を向いた時の東の方向、東、東の方向、西は「右」◆(左手のように力が弱い者が右手のように力が強い者の手となり足となって)助ける、同; 側:◆(立っているものの)すぐ傍(そば)、傍(かたわ)ら、脇(わき)、同「旁」◆立てて片方に(一方に)寄せる、片方に寄る、偏(かたよ)る、同「仄」◆立ったものが一方,N3,other,mixed+mixed~,,左:◆右と対(ツイ)になる片方 ◆南を向いた時の東の方向、東、東の方向、西は「右」◆(左手のように力が弱い者が右手のように力が強い者の手となり足となって)助ける、同; 側:◆(立っているものの)すぐ傍(そば)、傍(かたわ)ら、脇(わき)、同「旁」◆立てて片方に(一方に)寄せる、片方に寄る、偏(かたよ)る、同「仄」◆立ったものが一方
kk_左右_さゆう,左右,さゆう,左:◆右と対(ツイ)になる片方 ◆南を向いた時の東の方向、東、東の方向、西は「右」◆(左手のように力が弱い者が右手のように力が強い者の手となり足となって)助ける、同; 右:◆左と対(ツイ)になる片方 ◆南を向いた時の西の方向、西、西の方向、東は「左」◆上(うえ)、上にある、高い、上位、上位のもの、下は「左」◆(右手のように力が強い,N3,on,on+on,A3_short_compound(on+on 71%),左:◆右と対(ツイ)になる片方 ◆南を向いた時の東の方向、東、東の方向、西は「右」◆(左手のように力が弱い者が右手のように力が強い者の手となり足となって)助ける、同; 右:◆左と対(ツイ)になる片方 ◆南を向いた時の西の方向、西、西の方向、東は「左」◆上(うえ)、上にある、高い、上位、上位のもの、下は「左」◆(右手のように力が強い
kk_左足_ひだりあし,左足,ひだりあし,左:◆右と対(ツイ)になる片方 ◆南を向いた時の東の方向、東、東の方向、西は「右」◆(左手のように力が弱い者が右手のように力が強い者の手となり足となって)助ける、同; 足:◆体や物体の一部で、胴から分かれ出て伸び、地に接して体を支えたり、歩行・走行・跳躍などの運動機能を担う部分、現代の中国では「脚」◆「歩く」「走る」などの足を使っ,N3,kun,kun+kun~,B_verb_rad_足(kun 80%),左:◆右と対(ツイ)になる片方 ◆南を向いた時の東の方向、東、東の方向、西は「右」◆(左手のように力が弱い者が右手のように力が強い者の手となり足となって)助ける、同; 足:◆体や物体の一部で、胴から分かれ出て伸び、地に接して体を支えたり、歩行・走行・跳躍などの運動機能を担う部分、現代の中国では「脚」◆「歩く」「走る」などの足を使っ
kk_巨大_きょだい,巨大,きょだい,巨:◆非常に大きい、また多い◆偉大な◆直線や直角を正しく描くまた測るための定規、同「矩」; 大:◆形・数・量・力・程度などが比較しようとしているもの以上である、求められる(必要とされる、必要な)形・数・量・力・程度などを超(こ)えている、優(すぐ)れる、長,N3,on,on+on,A3_short_compound(on+on 71%),巨:◆非常に大きい、また多い◆偉大な◆直線や直角を正しく描くまた測るための定規、同「矩」; 大:◆形・数・量・力・程度などが比較しようとしているもの以上である、求められる(必要とされる、必要な)形・数・量・力・程度などを超(こ)えている、優(すぐ)れる、長
kk_差_さ,差,さ,差:◆違いがある、揃(そろ)わない◆引き算をした時に余りが出る、またその時の余り◆(同じ差ごとに)区分けする、区別する◆やや～(違う、差がある、不足する、など)◆使,N3,kun,kun,IL2_single_default(kun 84%),差:◆違いがある、揃(そろ)わない◆引き算をした時に余りが出る、またその時の余り◆(同じ差ごとに)区分けする、区別する◆やや～(違う、差がある、不足する、など)◆使
kk_差出人_さしだしにん,差出人,さしだしにん,差:◆違いがある、揃(そろ)わない◆引き算をした時に余りが出る、またその時の余り◆(同じ差ごとに)区分けする、区別する◆やや～(違う、差がある、不足する、など)◆使; 出:◆範囲・領域・組織や区切り・境界の内(内側、内部、裏側、こちら側、私的なところ)から外(外側、外部、表側、向こう側、公のところ)に移る、また移す、外から内へ移る; 人:◆霊長目ヒト科ヒト属の生物、ホモ・サピエンスHomo sapiens(「知恵の人」の意)、同「儿」◆自分以外の者、「人我(ジンガ、他人と自分)」◆人の数(かず),N3,mixed,on+kun+on~,A4_multi_on(on+on+on 65%),差:◆違いがある、揃(そろ)わない◆引き算をした時に余りが出る、またその時の余り◆(同じ差ごとに)区分けする、区別する◆やや～(違う、差がある、不足する、など)◆使; 出:◆範囲・領域・組織や区切り・境界の内(内側、内部、裏側、こちら側、私的なところ)から外(外側、外部、表側、向こう側、公のところ)に移る、また移す、外から内へ移る; 人:◆霊長目ヒト科ヒト属の生物、ホモ・サピエンスHomo sapiens(「知恵の人」の意)、同「儿」◆自分以外の者、「人我(ジンガ、他人と自分)」◆人の数(かず)
kk_差別_さべつ,差別,さべつ,差:◆違いがある、揃(そろ)わない◆引き算をした時に余りが出る、またその時の余り◆(同じ差ごとに)区分けする、区別する◆やや～(違う、差がある、不足する、など)◆使; 別:◆切って分(わ)ける、分離する、分けて離す、分けたものが繋(つな)がっていない状態にする◆分かれる、分かれ離れる◆他と繋がりがない、他とは違う、異なる◆他(ほか,N3,on,on+on,A3_short_compound(on+on 71%) | B_verb_rad_刀(kun 80%),差:◆違いがある、揃(そろ)わない◆引き算をした時に余りが出る、またその時の余り◆(同じ差ごとに)区分けする、区別する◆やや～(違う、差がある、不足する、など)◆使; 別:◆切って分(わ)ける、分離する、分けて離す、分けたものが繋(つな)がっていない状態にする◆分かれる、分かれ離れる◆他と繋がりがない、他とは違う、異なる◆他(ほか
kk_巻き込む_まきこむ,巻き込む,まきこむ,巻:◆膝を曲げる◆ま・く、ぐるぐると渦状に回す、周りをぐるぐると囲む、転がすようにして筒状に丸める◆書物、巻物になっていたことから◆一つの書物が幾つかの巻物(まきも; 込:◆[日]中に(内に、裏に、見えないところに)入(はい)る、入(い)れる,N3,kun,kun+kun~,IL1_okurigana(kun 96%) | A1_compound_oku(kun 90%) | A1_on_kun_mix(on+kun 65%),巻:◆膝を曲げる◆ま・く、ぐるぐると渦状に回す、周りをぐるぐると囲む、転がすようにして筒状に丸める◆書物、巻物になっていたことから◆一つの書物が幾つかの巻物(まきも; 込:◆[日]中に(内に、裏に、見えないところに)入(はい)る、入(い)れる
kk_巻く_まく,巻く,まく,巻:◆膝を曲げる◆ま・く、ぐるぐると渦状に回す、周りをぐるぐると囲む、転がすようにして筒状に丸める◆書物、巻物になっていたことから◆一つの書物が幾つかの巻物(まきも,N3,kun,kun,IL1_okurigana(kun 96%) | IL2_single_okuri(kun 96%),巻:◆膝を曲げる◆ま・く、ぐるぐると渦状に回す、周りをぐるぐると囲む、転がすようにして筒状に丸める◆書物、巻物になっていたことから◆一つの書物が幾つかの巻物(まきも
kk_市内_しない,市内,しない,市:◆人が多く集まり物品などを売買・交換する、またその場所◆人が多く集まる所◆「町」よりも大きな行政区画¶本字は「亠巾」で「一巾」の「巿」とは別字; 内:◆外から中に入る、入れる◆限られた範囲・領域の中、区切りや境目の中、同「中」◆ある一定の範囲に含まれるもの、囲われたり覆われたりしていて外からは見えないもの、公,N3,on,on+on,A3_short_compound(on+on 71%) | B_noun_rad_巾(kun 93%),市:◆人が多く集まり物品などを売買・交換する、またその場所◆人が多く集まる所◆「町」よりも大きな行政区画¶本字は「亠巾」で「一巾」の「巿」とは別字; 内:◆外から中に入る、入れる◆限られた範囲・領域の中、区切りや境目の中、同「中」◆ある一定の範囲に含まれるもの、囲われたり覆われたりしていて外からは見えないもの、公
kk_市場_いちば,市場,いちば,市:◆人が多く集まり物品などを売買・交換する、またその場所◆人が多く集まる所◆「町」よりも大きな行政区画¶本字は「亠巾」で「一巾」の「巿」とは別字; 場:◆(日当たりのよい、収穫した穀物の乾燥・脱穀などをする、また多くの人やものが集まる)広く平らなところ、「広場」、同「塲」◆一段と高くし上を平らに作ったところ、台,N3,kun,kun+kun~,A3_short_compound(on+on 71%) | B_noun_rad_巾(kun 93%),市:◆人が多く集まり物品などを売買・交換する、またその場所◆人が多く集まる所◆「町」よりも大きな行政区画¶本字は「亠巾」で「一巾」の「巿」とは別字; 場:◆(日当たりのよい、収穫した穀物の乾燥・脱穀などをする、また多くの人やものが集まる)広く平らなところ、「広場」、同「塲」◆一段と高くし上を平らに作ったところ、台
kk_市場_しじょう,市場,しじょう,市:◆人が多く集まり物品などを売買・交換する、またその場所◆人が多く集まる所◆「町」よりも大きな行政区画¶本字は「亠巾」で「一巾」の「巿」とは別字; 場:◆(日当たりのよい、収穫した穀物の乾燥・脱穀などをする、また多くの人やものが集まる)広く平らなところ、「広場」、同「塲」◆一段と高くし上を平らに作ったところ、台,N3,on,on+on,A3_short_compound(on+on 71%) | B_noun_rad_巾(kun 93%),市:◆人が多く集まり物品などを売買・交換する、またその場所◆人が多く集まる所◆「町」よりも大きな行政区画¶本字は「亠巾」で「一巾」の「巿」とは別字; 場:◆(日当たりのよい、収穫した穀物の乾燥・脱穀などをする、また多くの人やものが集まる)広く平らなところ、「広場」、同「塲」◆一段と高くし上を平らに作ったところ、台
kk_布_ぬの,布,ぬの,"布:◆経糸(よこいと)と緯糸(たていと)を""十""状に交差させながら織ったもの、一般にはアサ(麻)やワタ(綿)などの植物繊維で織ったものを指し、繭(まゆ)から紡(つむ",N3,kun,kun,IL2_single_default(kun 84%) | B_noun_rad_巾(kun 93%),"布:◆経糸(よこいと)と緯糸(たていと)を""十""状に交差させながら織ったもの、一般にはアサ(麻)やワタ(綿)などの植物繊維で織ったものを指し、繭(まゆ)から紡(つむ"
kk_帰り道_かえりみち,帰り道,かえりみち,帰:◆女性が他家に嫁(とつ)ぐ、嫁(よめ)に行く、女性を自家に迎えることを「來歸(ライキ、来帰)」◆元の(本来の)状態や位置に戻る、同「皈」「𢅨」「䢜」「𣦨」◆元の; 道:◆出発地から目的地へ通じている路(みち)、人や動物などが往来する通り路、「道路(ドウロ)」、同「路」◆目的を達するための経路、手順や方法◆導(みちび)く、手引き,N3,kun,kun+kun~,IL1_okurigana(kun 96%) | A1_compound_oku(kun 90%) | A1_on_kun_mix(on+kun 65%),帰:◆女性が他家に嫁(とつ)ぐ、嫁(よめ)に行く、女性を自家に迎えることを「來歸(ライキ、来帰)」◆元の(本来の)状態や位置に戻る、同「皈」「𢅨」「䢜」「𣦨」◆元の; 道:◆出発地から目的地へ通じている路(みち)、人や動物などが往来する通り路、「道路(ドウロ)」、同「路」◆目的を達するための経路、手順や方法◆導(みちび)く、手引き
kk_帰宅_きたく,帰宅,きたく,帰:◆女性が他家に嫁(とつ)ぐ、嫁(よめ)に行く、女性を自家に迎えることを「來歸(ライキ、来帰)」◆元の(本来の)状態や位置に戻る、同「皈」「𢅨」「䢜」「𣦨」◆元の; 宅:◆身を託(タク)すところ、住まい、住むための建物、住居(ジュウキョ)◆住まう、居住(キョジュウ)する◆落ち着く◆墓、墓地、「宅兆(タクチョウ)」,N3,on,on+on,A3_short_compound(on+on 71%) | B_noun_rad_巾(kun 93%) | B_noun_rad_宀(kun 93%),帰:◆女性が他家に嫁(とつ)ぐ、嫁(よめ)に行く、女性を自家に迎えることを「來歸(ライキ、来帰)」◆元の(本来の)状態や位置に戻る、同「皈」「𢅨」「䢜」「𣦨」◆元の; 宅:◆身を託(タク)すところ、住まい、住むための建物、住居(ジュウキョ)◆住まう、居住(キョジュウ)する◆落ち着く◆墓、墓地、「宅兆(タクチョウ)」
kk_常に_つねに,常に,つねに,常:◆何時も、何時もと変わらない◆変わることなく一定の、長い間変わることがない◆普通の、一般的な◆長さの単位、1常=2尋、1尋=8尺、「尋常」は「普通の、一般的な」,N3,kun,kun,IL1_okurigana(kun 96%) | IL2_single_okuri(kun 96%) | B_noun_rad_巾(kun 93%),常:◆何時も、何時もと変わらない◆変わることなく一定の、長い間変わることがない◆普通の、一般的な◆長さの単位、1常=2尋、1尋=8尺、「尋常」は「普通の、一般的な」
kk_常識_じょうしき,常識,じょうしき,常:◆何時も、何時もと変わらない◆変わることなく一定の、長い間変わることがない◆普通の、一般的な◆長さの単位、1常=2尋、1尋=8尺、「尋常」は「普通の、一般的な」; 識:◆知ったことが他とどう違うのかを理解する◆他との違いをはっきりと見分ける、またその働き、またその能力、またその内容◆記(しる)す、書き記す、同「誌」◆幟(のぼり,N3,on,on+on,B_noun_rad_巾(kun 93%) | B_verb_rad_言(kun 80%),常:◆何時も、何時もと変わらない◆変わることなく一定の、長い間変わることがない◆普通の、一般的な◆長さの単位、1常=2尋、1尋=8尺、「尋常」は「普通の、一般的な」; 識:◆知ったことが他とどう違うのかを理解する◆他との違いをはっきりと見分ける、またその働き、またその能力、またその内容◆記(しる)す、書き記す、同「誌」◆幟(のぼり
kk_幅_はば,幅,はば,幅:◆布の横方向の長さ、同「䋹」「畐」、古代中国では1幅=2尺2寸(時代や国によって異なるが、秦代・漢代で1尺=23.1cm、日本でも時代によって異なるが、計量法施,N3,kun,kun,IL2_single_default(kun 84%) | B_noun_rad_巾(kun 93%),幅:◆布の横方向の長さ、同「䋹」「畐」、古代中国では1幅=2尺2寸(時代や国によって異なるが、秦代・漢代で1尺=23.1cm、日本でも時代によって異なるが、計量法施
kk_幅広い_はばひろい,幅広い,はばひろい,幅:◆布の横方向の長さ、同「䋹」「畐」、古代中国では1幅=2尺2寸(時代や国によって異なるが、秦代・漢代で1尺=23.1cm、日本でも時代によって異なるが、計量法施; 広:◆周りに壁がなく天井が高い大きな建物、周りに遮(さえぎ)るものがなく大きく開(ひら)けているところ◆中心から外方向に大きい、四方八方に行き渡る◆左右・東西など横,N3,kun,kun+kun,IL1_okurigana(kun 96%) | A1_compound_oku(kun 90%) | A1_on_kun_mix(on+kun 65%),幅:◆布の横方向の長さ、同「䋹」「畐」、古代中国では1幅=2尺2寸(時代や国によって異なるが、秦代・漢代で1尺=23.1cm、日本でも時代によって異なるが、計量法施; 広:◆周りに壁がなく天井が高い大きな建物、周りに遮(さえぎ)るものがなく大きく開(ひら)けているところ◆中心から外方向に大きい、四方八方に行き渡る◆左右・東西など横
kk_干す_ほす,干す,ほす,干:◆他の領域に入り込む、侵(おか)す、犯(おか)す◆求める、欲しいものを得ようとする◆相手の攻撃を防ぐ、くい止める、盾(たて)となる、盾◆「欄干(ランカン)」、長,N3,kun,kun,IL1_okurigana(kun 96%) | IL2_single_okuri(kun 96%),干:◆他の領域に入り込む、侵(おか)す、犯(おか)す◆求める、欲しいものを得ようとする◆相手の攻撃を防ぐ、くい止める、盾(たて)となる、盾◆「欄干(ランカン)」、長
kk_平ら_たいら,平ら,たいら,平:◆起伏や凹凸がない、高さが揃っている◆普段通り、何時もと変わらずあるべき状態にある◆乱れがなく穏やかなさま◆均一な、等しい、斉(ひと)しい,N3,kun,kun,IL1_okurigana(kun 96%) | IL2_single_okuri(kun 96%),平:◆起伏や凹凸がない、高さが揃っている◆普段通り、何時もと変わらずあるべき状態にある◆乱れがなく穏やかなさま◆均一な、等しい、斉(ひと)しい
kk_平均_へいきん,平均,へいきん,平:◆起伏や凹凸がない、高さが揃っている◆普段通り、何時もと変わらずあるべき状態にある◆乱れがなく穏やかなさま◆均一な、等しい、斉(ひと)しい; 均:◆(土地を)平等に或いは公平に分配する◆どれも同じように揃っている、偏(かたより)りがない、凹凸・大小・軽重などがない◆等しく、同じように,N3,on,on+on,,平:◆起伏や凹凸がない、高さが揃っている◆普段通り、何時もと変わらずあるべき状態にある◆乱れがなく穏やかなさま◆均一な、等しい、斉(ひと)しい; 均:◆(土地を)平等に或いは公平に分配する◆どれも同じように揃っている、偏(かたより)りがない、凹凸・大小・軽重などがない◆等しく、同じように
kk_平日_へいじつ,平日,へいじつ,平:◆起伏や凹凸がない、高さが揃っている◆普段通り、何時もと変わらずあるべき状態にある◆乱れがなく穏やかなさま◆均一な、等しい、斉(ひと)しい; 日:◆太陽◆太陽が出ている間、昼間、夜明けから日没まで◆一昼夜、朝から次の朝まで、またその繰り返し、またその繰り返しを数える語◆候(コウ)、時節、頃(ケイ、ころ)◆,N3,on,on+on,,平:◆起伏や凹凸がない、高さが揃っている◆普段通り、何時もと変わらずあるべき状態にある◆乱れがなく穏やかなさま◆均一な、等しい、斉(ひと)しい; 日:◆太陽◆太陽が出ている間、昼間、夜明けから日没まで◆一昼夜、朝から次の朝まで、またその繰り返し、またその繰り返しを数える語◆候(コウ)、時節、頃(ケイ、ころ)◆
kk_平気_へいき,平気,へいき,平:◆起伏や凹凸がない、高さが揃っている◆普段通り、何時もと変わらずあるべき状態にある◆乱れがなく穏やかなさま◆均一な、等しい、斉(ひと)しい; 気:◆中国古来の考えで、天地全ての事物の基本要素、目に見えず形状は一定しない、あらゆる事物の生死・盛衰などの変化・変動はこの「気」の移動・集散によるものと考えられた,N3,on,on+on,A3_short_compound(on+on 71%),平:◆起伏や凹凸がない、高さが揃っている◆普段通り、何時もと変わらずあるべき状態にある◆乱れがなく穏やかなさま◆均一な、等しい、斉(ひと)しい; 気:◆中国古来の考えで、天地全ての事物の基本要素、目に見えず形状は一定しない、あらゆる事物の生死・盛衰などの変化・変動はこの「気」の移動・集散によるものと考えられた
kk_平等_びょうどう,平等,びょうどう,平:◆起伏や凹凸がない、高さが揃っている◆普段通り、何時もと変わらずあるべき状態にある◆乱れがなく穏やかなさま◆均一な、等しい、斉(ひと)しい; 等:◆きちんと揃(そろ)え整(ととの)えられた竹簡(チクカン、竹の札に記された文書)◆凸凹せずにきちんと揃う、また揃える、また整える◆数・量・大きさ・程度などが同じ,N3,other,mixed+mixed~,B_noun_rad_竹(kun 93%),平:◆起伏や凹凸がない、高さが揃っている◆普段通り、何時もと変わらずあるべき状態にある◆乱れがなく穏やかなさま◆均一な、等しい、斉(ひと)しい; 等:◆きちんと揃(そろ)え整(ととの)えられた竹簡(チクカン、竹の札に記された文書)◆凸凹せずにきちんと揃う、また揃える、また整える◆数・量・大きさ・程度などが同じ
kk_年々_ねんねん,年々,ねんねん,年:◆穀物が稔(みの)る、同「秊」◆農作物を収穫してから次の収穫期までの期間、四季(二十四節気)を一巡する期間、year◆誕生してから生きてその誕生日を通り過ぎた回,N3,on,on,IL2_single_default(kun 84%),年:◆穀物が稔(みの)る、同「秊」◆農作物を収穫してから次の収穫期までの期間、四季(二十四節気)を一巡する期間、year◆誕生してから生きてその誕生日を通り過ぎた回
kk_年上_としうえ,年上,としうえ,年:◆穀物が稔(みの)る、同「秊」◆農作物を収穫してから次の収穫期までの期間、四季(二十四節気)を一巡する期間、year◆誕生してから生きてその誕生日を通り過ぎた回; 上:◆位置・場所・地位などが高い、高い方にある◆高い方に移る、昇る、登る◆順序・時間などが前、前の方にある◆前の方に移る◆等級・品質などが高い、優れている◆殿様、皇,N3,kun,kun+kun~,,年:◆穀物が稔(みの)る、同「秊」◆農作物を収穫してから次の収穫期までの期間、四季(二十四節気)を一巡する期間、year◆誕生してから生きてその誕生日を通り過ぎた回; 上:◆位置・場所・地位などが高い、高い方にある◆高い方に移る、昇る、登る◆順序・時間などが前、前の方にある◆前の方に移る◆等級・品質などが高い、優れている◆殿様、皇
kk_年下_としした,年下,としした,年:◆穀物が稔(みの)る、同「秊」◆農作物を収穫してから次の収穫期までの期間、四季(二十四節気)を一巡する期間、year◆誕生してから生きてその誕生日を通り過ぎた回; 下:◆位置・場所・地位などが低い、低い方にある◆低い方に移る、降りる、落ちる◆順序・時間などが後(あと)、後の方にある◆後の方に移る、後(うし)ろの方へ退く◆等級・,N3,kun,kun+kun~,,年:◆穀物が稔(みの)る、同「秊」◆農作物を収穫してから次の収穫期までの期間、四季(二十四節気)を一巡する期間、year◆誕生してから生きてその誕生日を通り過ぎた回; 下:◆位置・場所・地位などが低い、低い方にある◆低い方に移る、降りる、落ちる◆順序・時間などが後(あと)、後の方にある◆後の方に移る、後(うし)ろの方へ退く◆等級・
kk_年中_ねんじゅう,年中,ねんじゅう,年:◆穀物が稔(みの)る、同「秊」◆農作物を収穫してから次の収穫期までの期間、四季(二十四節気)を一巡する期間、year◆誕生してから生きてその誕生日を通り過ぎた回; 中:◆ものとものの間にあってどちらにも偏(かたよ)らない位置◆上下・高低・大小などの間(あいだ)に位置する人や物や場所、同「仲」◆始点(出発地)から終点(目的地)ま,N3,other,mixed+mixed~,,年:◆穀物が稔(みの)る、同「秊」◆農作物を収穫してから次の収穫期までの期間、四季(二十四節気)を一巡する期間、year◆誕生してから生きてその誕生日を通り過ぎた回; 中:◆ものとものの間にあってどちらにも偏(かたよ)らない位置◆上下・高低・大小などの間(あいだ)に位置する人や物や場所、同「仲」◆始点(出発地)から終点(目的地)ま
kk_年代_ねんだい,年代,ねんだい,年:◆穀物が稔(みの)る、同「秊」◆農作物を収穫してから次の収穫期までの期間、四季(二十四節気)を一巡する期間、year◆誕生してから生きてその誕生日を通り過ぎた回; 代:◆替(か)える、それまでのもの(今あるもの)を別のものに替える、入れ替える、また入れ替わる◆同じ家主や国主がその地位にある期間、同じ種(シュ、起源を同じにするも,N3,on,on+on,,年:◆穀物が稔(みの)る、同「秊」◆農作物を収穫してから次の収穫期までの期間、四季(二十四節気)を一巡する期間、year◆誕生してから生きてその誕生日を通り過ぎた回; 代:◆替(か)える、それまでのもの(今あるもの)を別のものに替える、入れ替える、また入れ替わる◆同じ家主や国主がその地位にある期間、同じ種(シュ、起源を同じにするも
kk_年寄り_としより,年寄り,としより,年:◆穀物が稔(みの)る、同「秊」◆農作物を収穫してから次の収穫期までの期間、四季(二十四節気)を一巡する期間、year◆誕生してから生きてその誕生日を通り過ぎた回; 寄:◆他のものを頼りにする、他のものに凭(もた)れ掛かる◆託(たく)する、他人(ひと)に預(あず)ける、委(ゆだ)ねる、「寄託(キタク)」「寄命(キメイ、命を託す、,N3,kun,kun+kun,IL1_okurigana(kun 96%) | A1_compound_oku(kun 90%) | A1_on_kun_mix(on+kun 65%),年:◆穀物が稔(みの)る、同「秊」◆農作物を収穫してから次の収穫期までの期間、四季(二十四節気)を一巡する期間、year◆誕生してから生きてその誕生日を通り過ぎた回; 寄:◆他のものを頼りにする、他のものに凭(もた)れ掛かる◆託(たく)する、他人(ひと)に預(あず)ける、委(ゆだ)ねる、「寄託(キタク)」「寄命(キメイ、命を託す、
kk_年末_ねんまつ,年末,ねんまつ,年:◆穀物が稔(みの)る、同「秊」◆農作物を収穫してから次の収穫期までの期間、四季(二十四節気)を一巡する期間、year◆誕生してから生きてその誕生日を通り過ぎた回; 末:◆木の先(さき)の細い部分、端(はじ)、先端◆物事の最後、終わり◆細いさま、細(こま)かいさま、小さいさま◆(端の方にあって或いは細かくて)取るに足りない、些細,N3,on,on+on,B_noun_rad_木(kun 93%),年:◆穀物が稔(みの)る、同「秊」◆農作物を収穫してから次の収穫期までの期間、四季(二十四節気)を一巡する期間、year◆誕生してから生きてその誕生日を通り過ぎた回; 末:◆木の先(さき)の細い部分、端(はじ)、先端◆物事の最後、終わり◆細いさま、細(こま)かいさま、小さいさま◆(端の方にあって或いは細かくて)取るに足りない、些細
kk_年間_ねんかん,年間,ねんかん,年:◆穀物が稔(みの)る、同「秊」◆農作物を収穫してから次の収穫期までの期間、四季(二十四節気)を一巡する期間、year◆誕生してから生きてその誕生日を通り過ぎた回; 間:◆両側からぴったりと閉じられずに開いているところ、(空間・時間・物事・関係などが)連続せずに途切れているところ、開いたり途切れたりして何もないところ、隙(すき),N3,on,on+on,,年:◆穀物が稔(みの)る、同「秊」◆農作物を収穫してから次の収穫期までの期間、四季(二十四節気)を一巡する期間、year◆誕生してから生きてその誕生日を通り過ぎた回; 間:◆両側からぴったりと閉じられずに開いているところ、(空間・時間・物事・関係などが)連続せずに途切れているところ、開いたり途切れたりして何もないところ、隙(すき)
kk_年頭_ねんとう,年頭,ねんとう,年:◆穀物が稔(みの)る、同「秊」◆農作物を収穫してから次の収穫期までの期間、四季(二十四節気)を一巡する期間、year◆誕生してから生きてその誕生日を通り過ぎた回; 頭:◆身体の最上部(四足・多足の動物の場合は先端部)、胴体の肩よりも上(先)にある部分 ◆物事の端(はじ)、物事の始まり(先端、最初)や終わり(後端、最終)、「先頭,N3,on,on+on,,年:◆穀物が稔(みの)る、同「秊」◆農作物を収穫してから次の収穫期までの期間、四季(二十四節気)を一巡する期間、year◆誕生してから生きてその誕生日を通り過ぎた回; 頭:◆身体の最上部(四足・多足の動物の場合は先端部)、胴体の肩よりも上(先)にある部分 ◆物事の端(はじ)、物事の始まり(先端、最初)や終わり(後端、最終)、「先頭
kk_年齢_ねんれい,年齢,ねんれい,年:◆穀物が稔(みの)る、同「秊」◆農作物を収穫してから次の収穫期までの期間、四季(二十四節気)を一巡する期間、year◆誕生してから生きてその誕生日を通り過ぎた回; 齢:◆生まれてからの年(とし)の数、同「秢」,N3,on,on+on,,年:◆穀物が稔(みの)る、同「秊」◆農作物を収穫してから次の収穫期までの期間、四季(二十四節気)を一巡する期間、year◆誕生してから生きてその誕生日を通り過ぎた回; 齢:◆生まれてからの年(とし)の数、同「秢」
kk_幸い_さいわい,幸い,さいわい,幸:◆凶事を免れて運が良いさま、同「倖」◆(思い掛けない)喜ばしいことや良いこと、またそれが起きること、またその状態◆願う、希望する◆天子の寵愛を受ける、「寵愛を受,N3,kun,kun,IL1_okurigana(kun 96%) | IL2_single_okuri(kun 96%),幸:◆凶事を免れて運が良いさま、同「倖」◆(思い掛けない)喜ばしいことや良いこと、またそれが起きること、またその状態◆願う、希望する◆天子の寵愛を受ける、「寵愛を受
kk_幸福_こうふく,幸福,こうふく,幸:◆凶事を免れて運が良いさま、同「倖」◆(思い掛けない)喜ばしいことや良いこと、またそれが起きること、またその状態◆願う、希望する◆天子の寵愛を受ける、「寵愛を受; 福:◆天や神から授(さず)かる豊かな恵み、幸せ◆満ち足りた、豊かな、ふくよかな,N3,on,on+on,,幸:◆凶事を免れて運が良いさま、同「倖」◆(思い掛けない)喜ばしいことや良いこと、またそれが起きること、またその状態◆願う、希望する◆天子の寵愛を受ける、「寵愛を受; 福:◆天や神から授(さず)かる豊かな恵み、幸せ◆満ち足りた、豊かな、ふくよかな
kk_幹事_かんじ,幹事,かんじ,幹:◆植物の枝葉を支えている太い部分◆物事の全体を支えている中心的な部分、物事の主要なまた重要な部分、同「干」◆中心となって働く、主要なまた重要な仕事を担う◆簡「干; 事:◆こと、動作・現象・状態など形のないものを指す語、形のあるものは「物」、「事情(ジジョウ、ことの様子)」「無事(ブジ、何事もないさま)」◆職(ショク)、仕事や役,N3,on,on+on,A3_short_compound(on+on 71%),幹:◆植物の枝葉を支えている太い部分◆物事の全体を支えている中心的な部分、物事の主要なまた重要な部分、同「干」◆中心となって働く、主要なまた重要な仕事を担う◆簡「干; 事:◆こと、動作・現象・状態など形のないものを指す語、形のあるものは「物」、「事情(ジジョウ、ことの様子)」「無事(ブジ、何事もないさま)」◆職(ショク)、仕事や役
kk_幼い_おさない,幼い,おさない,幼:◆十分に年を経(へ)ていないさま◆十分な程度に達していないさま、未熟なさま◆(幼い子を大切に育てるように)たっぷりの愛情を込めて慈(いつく)しむ,N3,kun,kun,IL1_okurigana(kun 96%) | IL2_single_okuri(kun 96%),幼:◆十分に年を経(へ)ていないさま◆十分な程度に達していないさま、未熟なさま◆(幼い子を大切に育てるように)たっぷりの愛情を込めて慈(いつく)しむ
kk_幼児_ようじ,幼児,ようじ,幼:◆十分に年を経(へ)ていないさま◆十分な程度に達していないさま、未熟なさま◆(幼い子を大切に育てるように)たっぷりの愛情を込めて慈(いつく)しむ; 児:◆生まれたばかりの(男の)子、乳飲み子、囟(シン、頭蓋の左右の骨の額から後頭部にかけての接合部分)が骨化していない2歳くらいまでの幼い子◆小さく弱々しいさま、初,N3,on,on+on,A3_short_compound(on+on 71%),幼:◆十分に年を経(へ)ていないさま◆十分な程度に達していないさま、未熟なさま◆(幼い子を大切に育てるように)たっぷりの愛情を込めて慈(いつく)しむ; 児:◆生まれたばかりの(男の)子、乳飲み子、囟(シン、頭蓋の左右の骨の額から後頭部にかけての接合部分)が骨化していない2歳くらいまでの幼い子◆小さく弱々しいさま、初
kk_幾らなんでも_いくらなんでも,幾らなんでも,いくらなんでも,幾:◆微(かす)か、僅(わず)か◆殆(ほとん)ど、数や程度などがほぼ等しい(それに近い)、今にも、もう少しで、もう少しのところで、同「𧰙」「危」◆いく・つ、どれ程、,N3,kun,kun,IL1_okurigana(kun 96%) | IL2_single_okuri(kun 96%),幾:◆微(かす)か、僅(わず)か◆殆(ほとん)ど、数や程度などがほぼ等しい(それに近い)、今にも、もう少しで、もう少しのところで、同「𧰙」「危」◆いく・つ、どれ程、
kk_広がる_ひろがる,広がる,ひろがる,広:◆周りに壁がなく天井が高い大きな建物、周りに遮(さえぎ)るものがなく大きく開(ひら)けているところ◆中心から外方向に大きい、四方八方に行き渡る◆左右・東西など横,N3,kun,kun,IL1_okurigana(kun 96%) | IL2_single_okuri(kun 96%) | B_noun_rad_广(kun 93%),広:◆周りに壁がなく天井が高い大きな建物、周りに遮(さえぎ)るものがなく大きく開(ひら)けているところ◆中心から外方向に大きい、四方八方に行き渡る◆左右・東西など横
kk_広げる_ひろげる,広げる,ひろげる,広:◆周りに壁がなく天井が高い大きな建物、周りに遮(さえぎ)るものがなく大きく開(ひら)けているところ◆中心から外方向に大きい、四方八方に行き渡る◆左右・東西など横,N3,kun,kun,IL1_okurigana(kun 96%) | IL2_single_okuri(kun 96%) | B_noun_rad_广(kun 93%),広:◆周りに壁がなく天井が高い大きな建物、周りに遮(さえぎ)るものがなく大きく開(ひら)けているところ◆中心から外方向に大きい、四方八方に行き渡る◆左右・東西など横
kk_広まる_ひろまる,広まる,ひろまる,広:◆周りに壁がなく天井が高い大きな建物、周りに遮(さえぎ)るものがなく大きく開(ひら)けているところ◆中心から外方向に大きい、四方八方に行き渡る◆左右・東西など横,N3,kun,kun,IL1_okurigana(kun 96%) | IL2_single_okuri(kun 96%) | B_noun_rad_广(kun 93%),広:◆周りに壁がなく天井が高い大きな建物、周りに遮(さえぎ)るものがなく大きく開(ひら)けているところ◆中心から外方向に大きい、四方八方に行き渡る◆左右・東西など横
kk_広める_ひろめる,広める,ひろめる,広:◆周りに壁がなく天井が高い大きな建物、周りに遮(さえぎ)るものがなく大きく開(ひら)けているところ◆中心から外方向に大きい、四方八方に行き渡る◆左右・東西など横,N3,kun,kun,IL1_okurigana(kun 96%) | IL2_single_okuri(kun 96%) | B_noun_rad_广(kun 93%),広:◆周りに壁がなく天井が高い大きな建物、周りに遮(さえぎ)るものがなく大きく開(ひら)けているところ◆中心から外方向に大きい、四方八方に行き渡る◆左右・東西など横
kk_広場_ひろば,広場,ひろば,広:◆周りに壁がなく天井が高い大きな建物、周りに遮(さえぎ)るものがなく大きく開(ひら)けているところ◆中心から外方向に大きい、四方八方に行き渡る◆左右・東西など横; 場:◆(日当たりのよい、収穫した穀物の乾燥・脱穀などをする、また多くの人やものが集まる)広く平らなところ、「広場」、同「塲」◆一段と高くし上を平らに作ったところ、台,N3,kun,kun+kun~,A3_short_compound(on+on 71%) | B_noun_rad_广(kun 93%),広:◆周りに壁がなく天井が高い大きな建物、周りに遮(さえぎ)るものがなく大きく開(ひら)けているところ◆中心から外方向に大きい、四方八方に行き渡る◆左右・東西など横; 場:◆(日当たりのよい、収穫した穀物の乾燥・脱穀などをする、また多くの人やものが集まる)広く平らなところ、「広場」、同「塲」◆一段と高くし上を平らに作ったところ、台
kk_序に_ついでに,序に,ついでに,序:◆次第(シダイ)、順序◆述べる◆はしがき、文書の最初に記す文章、最後に記す文章は「跋」◆端緒、物事の始め◆中庭を囲むように東西南北に家屋を配する中国の伝統的様式,N3,kun,kun,IL1_okurigana(kun 96%) | IL2_single_okuri(kun 96%) | B_noun_rad_广(kun 93%),序:◆次第(シダイ)、順序◆述べる◆はしがき、文書の最初に記す文章、最後に記す文章は「跋」◆端緒、物事の始め◆中庭を囲むように東西南北に家屋を配する中国の伝統的様式
kk_店内_てんない,店内,てんない,店:◆みせ、物を並べ売る建物、「一定の場所を占めて商売する屋根(广)のある所」の意◆たな、商品を並べる陳列棚、売り手と買い手を隔(へだ)てるカウンター、同「坫」◆[; 内:◆外から中に入る、入れる◆限られた範囲・領域の中、区切りや境目の中、同「中」◆ある一定の範囲に含まれるもの、囲われたり覆われたりしていて外からは見えないもの、公,N3,on,on+on,B_noun_rad_广(kun 93%),店:◆みせ、物を並べ売る建物、「一定の場所を占めて商売する屋根(广)のある所」の意◆たな、商品を並べる陳列棚、売り手と買い手を隔(へだ)てるカウンター、同「坫」◆[; 内:◆外から中に入る、入れる◆限られた範囲・領域の中、区切りや境目の中、同「中」◆ある一定の範囲に含まれるもの、囲われたり覆われたりしていて外からは見えないもの、公
kk_府_ふ,府,ふ,府:◆財物や文書を収蔵するところ、倉庫、「府庫(フコ)」◆政務を行う役所、役所があるところ◆多くの人や物が集まるところ◆高級役人の邸宅、後に一般の住宅◆人間や動物の,N3,on,on,IL2_on_only(on 99%) | B_noun_rad_广(kun 93%),府:◆財物や文書を収蔵するところ、倉庫、「府庫(フコ)」◆政務を行う役所、役所があるところ◆多くの人や物が集まるところ◆高級役人の邸宅、後に一般の住宅◆人間や動物の
kk_座席_ざせき,座席,ざせき,座:◆腰を据(す)える席や場所・位置、「座席(ザセキ)」◆ものを載せる台◆定まっている位置や場所、「星座(セイザ)」◆山や建物など(どっしりと据えられているもの)を; 席:◆むしろ、竹や藁(わら、乾燥させた草の茎)を並べ紐(ひも)で編んだ敷物、人が座ったり横になったりするところに敷くもの、同「蓆」◆座るところ、居並ぶ時の座る位置◆,N3,on,on+on,A3_short_compound(on+on 71%) | B_noun_rad_广(kun 93%) | B_noun_rad_巾(kun 93%),座:◆腰を据(す)える席や場所・位置、「座席(ザセキ)」◆ものを載せる台◆定まっている位置や場所、「星座(セイザ)」◆山や建物など(どっしりと据えられているもの)を; 席:◆むしろ、竹や藁(わら、乾燥させた草の茎)を並べ紐(ひも)で編んだ敷物、人が座ったり横になったりするところに敷くもの、同「蓆」◆座るところ、居並ぶ時の座る位置◆
kk_延ばす_のばす,延ばす,のばす,延:◆時間や道などが途切れずに遠くまで伸びている、また続いている◆長く(広く)引き伸ばす、また伸びる◆人を招(まね)く¶別「𢌛」,N3,kun,kun,IL1_okurigana(kun 96%) | IL2_single_okuri(kun 96%),延:◆時間や道などが途切れずに遠くまで伸びている、また続いている◆長く(広く)引き伸ばす、また伸びる◆人を招(まね)く¶別「𢌛」
kk_延びる_のびる,延びる,のびる,延:◆時間や道などが途切れずに遠くまで伸びている、また続いている◆長く(広く)引き伸ばす、また伸びる◆人を招(まね)く¶別「𢌛」,N3,kun,kun,IL1_okurigana(kun 96%) | IL2_single_okuri(kun 96%),延:◆時間や道などが途切れずに遠くまで伸びている、また続いている◆長く(広く)引き伸ばす、また伸びる◆人を招(まね)く¶別「𢌛」
kk_建築_けんちく,建築,けんちく,建:◆(建造物を)しっかりと立てる、造(つく)る、作り上げる◆(法律などを)しっかりと定める◆意見を申し立てる◆北斗七星の柄(え)の指す方向、「建寅(ケンイン、夏暦; 築:◆土を搗(つ)き固める、しっかりした土台を造(つく)る◆しっかりした土台の上に建造物を造る、またものを作り上げる◆簡「築」,N3,on,on+on,B_noun_rad_竹(kun 93%),建:◆(建造物を)しっかりと立てる、造(つく)る、作り上げる◆(法律などを)しっかりと定める◆意見を申し立てる◆北斗七星の柄(え)の指す方向、「建寅(ケンイン、夏暦; 築:◆土を搗(つ)き固める、しっかりした土台を造(つく)る◆しっかりした土台の上に建造物を造る、またものを作り上げる◆簡「築」
kk_建築家_けんちくか,建築家,けんちくか,建:◆(建造物を)しっかりと立てる、造(つく)る、作り上げる◆(法律などを)しっかりと定める◆意見を申し立てる◆北斗七星の柄(え)の指す方向、「建寅(ケンイン、夏暦; 築:◆土を搗(つ)き固める、しっかりした土台を造(つく)る◆しっかりした土台の上に建造物を造る、またものを作り上げる◆簡「築」; 家:◆屋根(「宀」)があり四周が戸や壁で遮(さえぎ)られている建物、豕(いのこ、ブタ)などの大切な家畜を飼(か)う建物◆同じ屋根の下で親子や一族が共に生活する、人が,N3,on,on+on+on,A4_multi_on(on+on+on 65%) | B_noun_rad_竹(kun 93%) | B_noun_rad_宀(kun 93%),建:◆(建造物を)しっかりと立てる、造(つく)る、作り上げる◆(法律などを)しっかりと定める◆意見を申し立てる◆北斗七星の柄(え)の指す方向、「建寅(ケンイン、夏暦; 築:◆土を搗(つ)き固める、しっかりした土台を造(つく)る◆しっかりした土台の上に建造物を造る、またものを作り上げる◆簡「築」; 家:◆屋根(「宀」)があり四周が戸や壁で遮(さえぎ)られている建物、豕(いのこ、ブタ)などの大切な家畜を飼(か)う建物◆同じ屋根の下で親子や一族が共に生活する、人が
kk_建設_けんせつ,建設,けんせつ,建:◆(建造物を)しっかりと立てる、造(つく)る、作り上げる◆(法律などを)しっかりと定める◆意見を申し立てる◆北斗七星の柄(え)の指す方向、「建寅(ケンイン、夏暦; 設:◆作る、作って据(す)える、拵(こしら)える◆据え置く、必要なものを揃えて並べ置く◆もし～、if,N3,on,on+on,B_verb_rad_言(kun 80%),建:◆(建造物を)しっかりと立てる、造(つく)る、作り上げる◆(法律などを)しっかりと定める◆意見を申し立てる◆北斗七星の柄(え)の指す方向、「建寅(ケンイン、夏暦; 設:◆作る、作って据(す)える、拵(こしら)える◆据え置く、必要なものを揃えて並べ置く◆もし～、if
kk_弊社_へいしゃ,弊社,へいしゃ,弊:◆疲れて体力や気力がなくなる、疲れてぐったりする、同「敝」◆ぴんと張り詰めていたものが弛(たる)む、弛んで解(ほつ)れぼろぼろになる◆破れたり擦(す)り切れたり; 社:◆土地の神、土地の神を祀った所◆同種また同じ目的を持つ人から成る集まり,N3,on,on+on,A3_short_compound(on+on 71%),弊:◆疲れて体力や気力がなくなる、疲れてぐったりする、同「敝」◆ぴんと張り詰めていたものが弛(たる)む、弛んで解(ほつ)れぼろぼろになる◆破れたり擦(す)り切れたり; 社:◆土地の神、土地の神を祀った所◆同種また同じ目的を持つ人から成る集まり
kk_引かれる_ひかれる,引かれる,ひかれる,引:◆(弓の弦iに指を掛け、ぐいと)手前に寄せる、「向こうへぐいと押しやる」とは逆の動きをいう◆ぐいと伸ばす、「引領(インレイ、首を伸ばす、首を伸ばして待ち受ける),N3,kun,kun,IL1_okurigana(kun 96%) | IL2_single_okuri(kun 96%),引:◆(弓の弦iに指を掛け、ぐいと)手前に寄せる、「向こうへぐいと押しやる」とは逆の動きをいう◆ぐいと伸ばす、「引領(インレイ、首を伸ばす、首を伸ばして待ち受ける)
kk_引き受ける_ひきうける,引き受ける,ひきうける,引:◆(弓の弦iに指を掛け、ぐいと)手前に寄せる、「向こうへぐいと押しやる」とは逆の動きをいう◆ぐいと伸ばす、「引領(インレイ、首を伸ばす、首を伸ばして待ち受ける); 受:◆他から渡されたものを掌(てのひら)に載(の)せる、また手に納(おさ)める◆授(さず)かる、手渡しで与えられる◆蒙(こうむ)る◆容認する,N3,kun,kun+kun~,IL1_okurigana(kun 96%) | A1_compound_oku(kun 90%) | A1_on_kun_mix(on+kun 65%),引:◆(弓の弦iに指を掛け、ぐいと)手前に寄せる、「向こうへぐいと押しやる」とは逆の動きをいう◆ぐいと伸ばす、「引領(インレイ、首を伸ばす、首を伸ばして待ち受ける); 受:◆他から渡されたものを掌(てのひら)に載(の)せる、また手に納(おさ)める◆授(さず)かる、手渡しで与えられる◆蒙(こうむ)る◆容認する
kk_引き起こす_ひきおこす,引き起こす,ひきおこす,引:◆(弓の弦iに指を掛け、ぐいと)手前に寄せる、「向こうへぐいと押しやる」とは逆の動きをいう◆ぐいと伸ばす、「引領(インレイ、首を伸ばす、首を伸ばして待ち受ける); 起:◆(横になっている状態・低い状態から上に向かって)立つ、立ち上がる、立たせる、立ち上げる◆(それまで動きのなかった物事が)動き出す、動き始める◆物事を動かす、始,N3,mixed,kun+on~,IL1_okurigana(kun 96%) | A1_compound_oku(kun 90%) | A1_on_kun_mix(on+kun 65%),引:◆(弓の弦iに指を掛け、ぐいと)手前に寄せる、「向こうへぐいと押しやる」とは逆の動きをいう◆ぐいと伸ばす、「引領(インレイ、首を伸ばす、首を伸ばして待ち受ける); 起:◆(横になっている状態・低い状態から上に向かって)立つ、立ち上がる、立たせる、立ち上げる◆(それまで動きのなかった物事が)動き出す、動き始める◆物事を動かす、始
kk_弱み_よわみ,弱み,よわみ,弱:◆(何かをするために必要な)力が十分でない、力が足りない、力が劣(おと)っている、力強さがない◆やや足りない、やや及ばない◆衰(おとろ)える、力強さがなくなる◆,N3,kun,kun,IL1_okurigana(kun 96%) | IL2_single_okuri(kun 96%),弱:◆(何かをするために必要な)力が十分でない、力が足りない、力が劣(おと)っている、力強さがない◆やや足りない、やや及ばない◆衰(おとろ)える、力強さがなくなる◆
kk_弱める_よわめる,弱める,よわめる,弱:◆(何かをするために必要な)力が十分でない、力が足りない、力が劣(おと)っている、力強さがない◆やや足りない、やや及ばない◆衰(おとろ)える、力強さがなくなる◆,N3,kun,kun,IL1_okurigana(kun 96%) | IL2_single_okuri(kun 96%),弱:◆(何かをするために必要な)力が十分でない、力が足りない、力が劣(おと)っている、力強さがない◆やや足りない、やや及ばない◆衰(おとろ)える、力強さがなくなる◆
kk_強盗_ごうとう,強盗,ごうとう,強:◆堅(かた)く曲がったり歪(ゆが)んだり弛(ゆる)んだりすることがないさま、どんな力にも揺(ゆら)らがないさま◆力や勢いがあるさま、体力・気力が漲(みなぎ)って; 盗:◆本来自分のものではないのものを(相手の許しを得ないまま、こっそりと)自分のものにする,N3,on,on+on,,強:◆堅(かた)く曲がったり歪(ゆが)んだり弛(ゆる)んだりすることがないさま、どんな力にも揺(ゆら)らがないさま◆力や勢いがあるさま、体力・気力が漲(みなぎ)って; 盗:◆本来自分のものではないのものを(相手の許しを得ないまま、こっそりと)自分のものにする
kk_強調_きょうちょう,強調,きょうちょう,強:◆堅(かた)く曲がったり歪(ゆが)んだり弛(ゆる)んだりすることがないさま、どんな力にも揺(ゆら)らがないさま◆力や勢いがあるさま、体力・気力が漲(みなぎ)って; 調:◆整える、釣り合いを取る、バランスbalanceを取る、不均衡・不公平などでない状態にする、不快感・違和感などを感じない状態に整える、「調和(チョウワ)」◆音律,N3,on,on+on,B_verb_rad_言(kun 80%),強:◆堅(かた)く曲がったり歪(ゆが)んだり弛(ゆる)んだりすることがないさま、どんな力にも揺(ゆら)らがないさま◆力や勢いがあるさま、体力・気力が漲(みなぎ)って; 調:◆整える、釣り合いを取る、バランスbalanceを取る、不均衡・不公平などでない状態にする、不快感・違和感などを感じない状態に整える、「調和(チョウワ)」◆音律
kk_当たり前_あたりまえ,当たり前,あたりまえ,当:◆正面からぶつかる、正面から向き合う、相対する、同「噹」◆適合する、相応しい◆受け持つ、引き受ける◆そうするべき、そうあるべき◆この(this)、今、此処(ここ; 前:◆(前に)進む、またその方向、同「先」、「前途(ぜんと、目的地に向かう道のり、将来)」◆位置的には先の方向、時間的には過去の方向、順序では上位の方向、同「先」、,N3,kun,kun+kun~,IL1_okurigana(kun 96%) | A1_compound_oku(kun 90%) | A1_on_kun_mix(on+kun 65%),当:◆正面からぶつかる、正面から向き合う、相対する、同「噹」◆適合する、相応しい◆受け持つ、引き受ける◆そうするべき、そうあるべき◆この(this)、今、此処(ここ; 前:◆(前に)進む、またその方向、同「先」、「前途(ぜんと、目的地に向かう道のり、将来)」◆位置的には先の方向、時間的には過去の方向、順序では上位の方向、同「先」、
kk_当日_とうじつ,当日,とうじつ,当:◆正面からぶつかる、正面から向き合う、相対する、同「噹」◆適合する、相応しい◆受け持つ、引き受ける◆そうするべき、そうあるべき◆この(this)、今、此処(ここ; 日:◆太陽◆太陽が出ている間、昼間、夜明けから日没まで◆一昼夜、朝から次の朝まで、またその繰り返し、またその繰り返しを数える語◆候(コウ)、時節、頃(ケイ、ころ)◆,N3,on,on+on,,当:◆正面からぶつかる、正面から向き合う、相対する、同「噹」◆適合する、相応しい◆受け持つ、引き受ける◆そうするべき、そうあるべき◆この(this)、今、此処(ここ; 日:◆太陽◆太陽が出ている間、昼間、夜明けから日没まで◆一昼夜、朝から次の朝まで、またその繰り返し、またその繰り返しを数える語◆候(コウ)、時節、頃(ケイ、ころ)◆
kk_形式_けいしき,形式,けいしき,形:◆ものの表に現れた姿、外観◆ものの表の様子、状態◆型、様式; 式:◆決まり、やり方、一定の方法や手順◆型(かた)、基本や標準になる形◆目的や作法(サホウ)・次第(シダイ)が決まっている行事◆数学などの解法を示したもの◆用(もち,N3,on,on+on,,形:◆ものの表に現れた姿、外観◆ものの表の様子、状態◆型、様式; 式:◆決まり、やり方、一定の方法や手順◆型(かた)、基本や標準になる形◆目的や作法(サホウ)・次第(シダイ)が決まっている行事◆数学などの解法を示したもの◆用(もち
kk_影_かげ,影,かげ,影:◆光が遮(さえぎ)られてできる像(ゾウ)◆鏡などに映(うつ)った像、実物と同じような姿や形◆写真、肖像、映像、映画◆[日](ものの影になって)光の当たらないさま,N3,kun,kun,IL2_single_default(kun 84%),影:◆光が遮(さえぎ)られてできる像(ゾウ)◆鏡などに映(うつ)った像、実物と同じような姿や形◆写真、肖像、映像、映画◆[日](ものの影になって)光の当たらないさま
kk_役_やく,役,やく,役:◆辺境の守備をさせる、人に厳しい労働をさせる◆労働、戦(いくさ)、またそれらの労務に服する人◆割り当てられた任務や職務、またそれを務める人,N3,on,on,IL2_on_only(on 99%),役:◆辺境の守備をさせる、人に厳しい労働をさせる◆労働、戦(いくさ)、またそれらの労務に服する人◆割り当てられた任務や職務、またそれを務める人
kk_役割_やくわり,役割,やくわり,役:◆辺境の守備をさせる、人に厳しい労働をさせる◆労働、戦(いくさ)、またそれらの労務に服する人◆割り当てられた任務や職務、またそれを務める人; 割:◆刀で二つに裂く、裂いて切り離された状態にする◆十分の一(比率の単位),N3,mixed,on+kun~,B_verb_rad_刀(kun 80%),役:◆辺境の守備をさせる、人に厳しい労働をさせる◆労働、戦(いくさ)、またそれらの労務に服する人◆割り当てられた任務や職務、またそれを務める人; 割:◆刀で二つに裂く、裂いて切り離された状態にする◆十分の一(比率の単位)
kk_役員_やくいん,役員,やくいん,役:◆辺境の守備をさせる、人に厳しい労働をさせる◆労働、戦(いくさ)、またそれらの労務に服する人◆割り当てられた任務や職務、またそれを務める人; 員:◆限られた範囲(場所・空間など)に入っている(含まれる)人、集団に属している人、またその人数◆限られた範囲(特に国土・領土などの境界線)の大きさ、また広さ◆円(,N3,on,on+on,,役:◆辺境の守備をさせる、人に厳しい労働をさせる◆労働、戦(いくさ)、またそれらの労務に服する人◆割り当てられた任務や職務、またそれを務める人; 員:◆限られた範囲(場所・空間など)に入っている(含まれる)人、集団に属している人、またその人数◆限られた範囲(特に国土・領土などの境界線)の大きさ、また広さ◆円(
kk_役所_やくしょ,役所,やくしょ,役:◆辺境の守備をさせる、人に厳しい労働をさせる◆労働、戦(いくさ)、またそれらの労務に服する人◆割り当てられた任務や職務、またそれを務める人; 所:◆処(ところ)、ものがある場また位置(要所・箇所など)、ことをする場また位置(住所・裁判所など)◆～のこと、「所感(感じること)」「所存(考え思っていること)◆,N3,on,on+on,A3_short_compound(on+on 71%),役:◆辺境の守備をさせる、人に厳しい労働をさせる◆労働、戦(いくさ)、またそれらの労務に服する人◆割り当てられた任務や職務、またそれを務める人; 所:◆処(ところ)、ものがある場また位置(要所・箇所など)、ことをする場また位置(住所・裁判所など)◆～のこと、「所感(感じること)」「所存(考え思っていること)◆
kk_役目_やくめ,役目,やくめ,役:◆辺境の守備をさせる、人に厳しい労働をさせる◆労働、戦(いくさ)、またそれらの労務に服する人◆割り当てられた任務や職務、またそれを務める人; 目:◆眼(め、眼球ガンキュウ、黒目くろめ)・白目(しろめ、結膜ケツマク)・視神経などを含むものを見る器官全体、またその形状や様子や機能◆ものを見る、また見分ける◆眼,N3,mixed,on+kun~,A3_short_compound(on+on 71%),役:◆辺境の守備をさせる、人に厳しい労働をさせる◆労働、戦(いくさ)、またそれらの労務に服する人◆割り当てられた任務や職務、またそれを務める人; 目:◆眼(め、眼球ガンキュウ、黒目くろめ)・白目(しろめ、結膜ケツマク)・視神経などを含むものを見る器官全体、またその形状や様子や機能◆ものを見る、また見分ける◆眼
kk_役立つ_やくだつ,役立つ,やくだつ,役:◆辺境の守備をさせる、人に厳しい労働をさせる◆労働、戦(いくさ)、またそれらの労務に服する人◆割り当てられた任務や職務、またそれを務める人; 立:◆地(チ、地面、土台、基盤)に足を着け垂直にする、また垂直になる、地から上に向かって伸ばす、また伸びる◆しっかりとした土台を築いてその上にものを作り上げて行く、,N3,on,on+mixed~,IL1_okurigana(kun 96%) | A1_compound_oku(kun 90%) | A1_on_kun_mix(on+kun 65%),役:◆辺境の守備をさせる、人に厳しい労働をさせる◆労働、戦(いくさ)、またそれらの労務に服する人◆割り当てられた任務や職務、またそれを務める人; 立:◆地(チ、地面、土台、基盤)に足を着け垂直にする、また垂直になる、地から上に向かって伸ばす、また伸びる◆しっかりとした土台を築いてその上にものを作り上げて行く、
kk_往復_おうふく,往復,おうふく,往:◆目的とする方に向かって行く、遠ざかって行く、去って行く、手前に向かって来るのは「復」◆過ぎ去る、行ってしまう◆以前、昔、嘗(かつ)て◆死ぬ、「死後の世界に行く; 復:◆来た道と同じ道を辿って帰る、引き返す◆元の位置や状態に戻す、また戻る、同「覆」、同簡「复」◆繰り返す、繰り返される◆問いに対して返答する、指示などに対してその,N3,on,on+on,,往:◆目的とする方に向かって行く、遠ざかって行く、去って行く、手前に向かって来るのは「復」◆過ぎ去る、行ってしまう◆以前、昔、嘗(かつ)て◆死ぬ、「死後の世界に行く; 復:◆来た道と同じ道を辿って帰る、引き返す◆元の位置や状態に戻す、また戻る、同「覆」、同簡「复」◆繰り返す、繰り返される◆問いに対して返答する、指示などに対してその
kk_待ち合わせる_まちあわせる,待ち合わせる,まちあわせる,待:◆その人・時間・機会などが来るまで(その状態になるまで)その場に止(とど)まる、同「𥩳」◆持て成す(もてなす)、準備を整えて応接する、心を尽くして応対する◆「不; 合:◆人や物が集まって一緒になる、また一つになる◆幾つかのものを集め一緒にする、幾つかのものが集まり同じになる◆同じものを纏(まと)めた全体◆ぴったりと一致する、当,N3,kun,kun+kun~,IL1_okurigana(kun 96%) | A1_compound_oku(kun 90%) | A1_on_kun_mix(on+kun 65%),待:◆その人・時間・機会などが来るまで(その状態になるまで)その場に止(とど)まる、同「𥩳」◆持て成す(もてなす)、準備を整えて応接する、心を尽くして応対する◆「不; 合:◆人や物が集まって一緒になる、また一つになる◆幾つかのものを集め一緒にする、幾つかのものが集まり同じになる◆同じものを纏(まと)めた全体◆ぴったりと一致する、当
kk_待合室_まちあいしつ,待合室,まちあいしつ,待:◆その人・時間・機会などが来るまで(その状態になるまで)その場に止(とど)まる、同「𥩳」◆持て成す(もてなす)、準備を整えて応接する、心を尽くして応対する◆「不; 合:◆人や物が集まって一緒になる、また一つになる◆幾つかのものを集め一緒にする、幾つかのものが集まり同じになる◆同じものを纏(まと)めた全体◆ぴったりと一致する、当; 室:◆奥の部屋、堂(ドウ、南側の広間)の後ろ(北側、北側中央)の部屋、家人が日常起居(キキョ)する部屋◆部屋、房間(ボウカン)、屋子(オクシ)◆家、住居、またそこで,N3,mixed,kun+kun+on~,A4_multi_on(on+on+on 65%) | B_noun_rad_宀(kun 93%),待:◆その人・時間・機会などが来るまで(その状態になるまで)その場に止(とど)まる、同「𥩳」◆持て成す(もてなす)、準備を整えて応接する、心を尽くして応対する◆「不; 合:◆人や物が集まって一緒になる、また一つになる◆幾つかのものを集め一緒にする、幾つかのものが集まり同じになる◆同じものを纏(まと)めた全体◆ぴったりと一致する、当; 室:◆奥の部屋、堂(ドウ、南側の広間)の後ろ(北側、北側中央)の部屋、家人が日常起居(キキョ)する部屋◆部屋、房間(ボウカン)、屋子(オクシ)◆家、住居、またそこで
kk_後期_こうき,後期,こうき,後:◆位置的には背の方向、時間的には未来の方向、順位・順序では下位の方向、逆は「前」「先」◆遅れる、遅れて来る◆家を継ぐ子、子孫◆簡「后」; 期:◆予定されている(約束されている)時(とき、時期、時間)、「時期(ジキ)」「期間(キカン、二つの時の間、始めの時から終わりの時までの間)」◆決められた時(時期、,N3,on,on+on,A3_short_compound(on+on 71%),後:◆位置的には背の方向、時間的には未来の方向、順位・順序では下位の方向、逆は「前」「先」◆遅れる、遅れて来る◆家を継ぐ子、子孫◆簡「后」; 期:◆予定されている(約束されている)時(とき、時期、時間)、「時期(ジキ)」「期間(キカン、二つの時の間、始めの時から終わりの時までの間)」◆決められた時(時期、
kk_従う_したがう,従う,したがう,従:◆付き随(したが)う、前の人や物事の後(あと)に付いて行く、同「蹤」「䢨」「𨑢」◆考え・規則・指示・命令・前例などを受け入れる、また逆らうことなくその通りにする,N3,kun,kun,IL1_okurigana(kun 96%) | IL2_single_okuri(kun 96%),従:◆付き随(したが)う、前の人や物事の後(あと)に付いて行く、同「蹤」「䢨」「𨑢」◆考え・規則・指示・命令・前例などを受け入れる、また逆らうことなくその通りにする
kk_従業員_じゅうぎょういん,従業員,じゅうぎょういん,従:◆付き随(したが)う、前の人や物事の後(あと)に付いて行く、同「蹤」「䢨」「𨑢」◆考え・規則・指示・命令・前例などを受け入れる、また逆らうことなくその通りにする; 業:◆鍾(ショウ)や磬(ケイ)などの打楽器を吊るすための横木(筍)の上の横板、吊るした楽器の位置が演奏中にずれないように凹みや突起がついていたという、「业」はそれを; 員:◆限られた範囲(場所・空間など)に入っている(含まれる)人、集団に属している人、またその人数◆限られた範囲(特に国土・領土などの境界線)の大きさ、また広さ◆円(,N3,on,on+on+on,A4_multi_on(on+on+on 65%) | B_noun_rad_木(kun 93%),従:◆付き随(したが)う、前の人や物事の後(あと)に付いて行く、同「蹤」「䢨」「𨑢」◆考え・規則・指示・命令・前例などを受け入れる、また逆らうことなくその通りにする; 業:◆鍾(ショウ)や磬(ケイ)などの打楽器を吊るすための横木(筍)の上の横板、吊るした楽器の位置が演奏中にずれないように凹みや突起がついていたという、「业」はそれを; 員:◆限られた範囲(場所・空間など)に入っている(含まれる)人、集団に属している人、またその人数◆限られた範囲(特に国土・領土などの境界線)の大きさ、また広さ◆円(
kk_得_とく,得,とく,得:◆手に入れる、手に入る、自分のものにする、自分のものになる、身に付く◆ぴったりと合う、相応(ふさわ)しい◆意に適(かな)う◆～できる◆儲(もう)かる、出て行くも,N3,on,on,IL2_single_default(kun 84%),得:◆手に入れる、手に入る、自分のものにする、自分のものになる、身に付く◆ぴったりと合う、相応(ふさわ)しい◆意に適(かな)う◆～できる◆儲(もう)かる、出て行くも
kk_得る_うる,得る,うる,得:◆手に入れる、手に入る、自分のものにする、自分のものになる、身に付く◆ぴったりと合う、相応(ふさわ)しい◆意に適(かな)う◆～できる◆儲(もう)かる、出て行くも,N3,kun,kun,IL1_okurigana(kun 96%) | IL2_single_okuri(kun 96%),得:◆手に入れる、手に入る、自分のものにする、自分のものになる、身に付く◆ぴったりと合う、相応(ふさわ)しい◆意に適(かな)う◆～できる◆儲(もう)かる、出て行くも
kk_得る_える,得る,える,得:◆手に入れる、手に入る、自分のものにする、自分のものになる、身に付く◆ぴったりと合う、相応(ふさわ)しい◆意に適(かな)う◆～できる◆儲(もう)かる、出て行くも,N3,kun,kun,IL1_okurigana(kun 96%) | IL2_single_okuri(kun 96%),得:◆手に入れる、手に入る、自分のものにする、自分のものになる、身に付く◆ぴったりと合う、相応(ふさわ)しい◆意に適(かな)う◆～できる◆儲(もう)かる、出て行くも
kk_得意_とくい,得意,とくい,得:◆手に入れる、手に入る、自分のものにする、自分のものになる、身に付く◆ぴったりと合う、相応(ふさわ)しい◆意に適(かな)う◆～できる◆儲(もう)かる、出て行くも; 意:◆心の中にあって外(言葉や態度・行動など)には出さない思いや考え、心の動きや働き、気持ち◆物事の内にあって表には現れ出ないもの、内に込められているもの,N3,on,on+on,A3_short_compound(on+on 71%),得:◆手に入れる、手に入る、自分のものにする、自分のものになる、身に付く◆ぴったりと合う、相応(ふさわ)しい◆意に適(かな)う◆～できる◆儲(もう)かる、出て行くも; 意:◆心の中にあって外(言葉や態度・行動など)には出さない思いや考え、心の動きや働き、気持ち◆物事の内にあって表には現れ出ないもの、内に込められているもの
kk_得意先_とくいさき,得意先,とくいさき,得:◆手に入れる、手に入る、自分のものにする、自分のものになる、身に付く◆ぴったりと合う、相応(ふさわ)しい◆意に適(かな)う◆～できる◆儲(もう)かる、出て行くも; 意:◆心の中にあって外(言葉や態度・行動など)には出さない思いや考え、心の動きや働き、気持ち◆物事の内にあって表には現れ出ないもの、内に込められているもの; 先:◆基準になる位置や時間よりも前、同「前」、逆は「後」◆前に向かって進む、またその方向、同「前」◆以前、時間的に過去の方向◆ま・ず、最初に、～の前に,N3,mixed,on+on+kun~,A4_multi_on(on+on+on 65%),得:◆手に入れる、手に入る、自分のものにする、自分のものになる、身に付く◆ぴったりと合う、相応(ふさわ)しい◆意に適(かな)う◆～できる◆儲(もう)かる、出て行くも; 意:◆心の中にあって外(言葉や態度・行動など)には出さない思いや考え、心の動きや働き、気持ち◆物事の内にあって表には現れ出ないもの、内に込められているもの; 先:◆基準になる位置や時間よりも前、同「前」、逆は「後」◆前に向かって進む、またその方向、同「前」◆以前、時間的に過去の方向◆ま・ず、最初に、～の前に
kk_得点_とくてん,得点,とくてん,得:◆手に入れる、手に入る、自分のものにする、自分のものになる、身に付く◆ぴったりと合う、相応(ふさわ)しい◆意に適(かな)う◆～できる◆儲(もう)かる、出て行くも; 点:◆小さな(黒い)染(し)み・瑕(きず)・印(しるし)、またそのようなものを付ける、「汚点(オテン)」◆小さく狭く限られた場所・範囲・位置・事柄、「地点(チテン),N3,on,on+on,,得:◆手に入れる、手に入る、自分のものにする、自分のものになる、身に付く◆ぴったりと合う、相応(ふさわ)しい◆意に適(かな)う◆～できる◆儲(もう)かる、出て行くも; 点:◆小さな(黒い)染(し)み・瑕(きず)・印(しるし)、またそのようなものを付ける、「汚点(オテン)」◆小さく狭く限られた場所・範囲・位置・事柄、「地点(チテン)
kk_御喋り_おしゃべり,御喋り,おしゃべり,御:◆(馬などを)意のままに操(あやつ)る、またその人、同「馭」◆治(おさ)める、統治(トウチ)する◆天子に関する言葉に付けて尊敬の意を表す語◆侍(はべ)る、天子に; 喋:◆考えもなしにぺらぺらと話す、舌がよく回る◆舌先でぺろぺろと舐(な)める,N3,kun,kun+kun,IL1_okurigana(kun 96%) | A1_compound_oku(kun 90%) | A1_on_kun_mix(on+kun 65%),御:◆(馬などを)意のままに操(あやつ)る、またその人、同「馭」◆治(おさ)める、統治(トウチ)する◆天子に関する言葉に付けて尊敬の意を表す語◆侍(はべ)る、天子に; 喋:◆考えもなしにぺらぺらと話す、舌がよく回る◆舌先でぺろぺろと舐(な)める
kk_御洒落_おしゃれ,御洒落,おしゃれ,御:◆(馬などを)意のままに操(あやつ)る、またその人、同「馭」◆治(おさ)める、統治(トウチ)する◆天子に関する言葉に付けて尊敬の意を表す語◆侍(はべ)る、天子に; 洒:◆水を振り撒(ま)く、水を撒き散らす◆水を流し掛ける、水を上から注ぐ、水を掛けて汚れや穢れなどを洗い流す、また清める、同「灑」◆こだわりがないさま、さっぱりして; 落:◆上にあったものが下に移動する、高い所から下に位置を変える、「落下(ラッカ)」「墜落(ツイラク)」◆枯れ衰える、(枯れた葉が)地に墜ちる、「没落(ボツラク)」「,N3,mixed,kun+on+kun~,A4_multi_on(on+on+on 65%),御:◆(馬などを)意のままに操(あやつ)る、またその人、同「馭」◆治(おさ)める、統治(トウチ)する◆天子に関する言葉に付けて尊敬の意を表す語◆侍(はべ)る、天子に; 洒:◆水を振り撒(ま)く、水を撒き散らす◆水を流し掛ける、水を上から注ぐ、水を掛けて汚れや穢れなどを洗い流す、また清める、同「灑」◆こだわりがないさま、さっぱりして; 落:◆上にあったものが下に移動する、高い所から下に位置を変える、「落下(ラッカ)」「墜落(ツイラク)」◆枯れ衰える、(枯れた葉が)地に墜ちる、「没落(ボツラク)」「
kk_微笑み_ほほえみ,微笑み,ほほえみ,微:◆非常に小さい、はっきり見えないほど小さい、同「𢼸」「𣁋」◆小さくて目立たない◆目立たないようにこっそりと、密(ひそ)かに、同「𧗬」◆身分が低い、「身分が低く目; 笑:◆喜び顔を綻(ほころ)ばせる、顔を綻ばせ歯を見せる、同「𥬇」「㗛」「咲」◆面白(おもしろ)おかしい◆侮(あなど)って小さく口を開く、嘲笑う(あざわらう)◆花が咲,N3,mixed,on+kun~,IL1_okurigana(kun 96%) | A1_compound_oku(kun 90%) | A1_on_kun_mix(on+kun 65%),微:◆非常に小さい、はっきり見えないほど小さい、同「𢼸」「𣁋」◆小さくて目立たない◆目立たないようにこっそりと、密(ひそ)かに、同「𧗬」◆身分が低い、「身分が低く目; 笑:◆喜び顔を綻(ほころ)ばせる、顔を綻ばせ歯を見せる、同「𥬇」「㗛」「咲」◆面白(おもしろ)おかしい◆侮(あなど)って小さく口を開く、嘲笑う(あざわらう)◆花が咲
kk_微笑む_ほほえむ,微笑む,ほほえむ,微:◆非常に小さい、はっきり見えないほど小さい、同「𢼸」「𣁋」◆小さくて目立たない◆目立たないようにこっそりと、密(ひそ)かに、同「𧗬」◆身分が低い、「身分が低く目; 笑:◆喜び顔を綻(ほころ)ばせる、顔を綻ばせ歯を見せる、同「𥬇」「㗛」「咲」◆面白(おもしろ)おかしい◆侮(あなど)って小さく口を開く、嘲笑う(あざわらう)◆花が咲,N3,other,mixed+mixed~,IL1_okurigana(kun 96%) | A1_compound_oku(kun 90%) | A1_on_kun_mix(on+kun 65%),微:◆非常に小さい、はっきり見えないほど小さい、同「𢼸」「𣁋」◆小さくて目立たない◆目立たないようにこっそりと、密(ひそ)かに、同「𧗬」◆身分が低い、「身分が低く目; 笑:◆喜び顔を綻(ほころ)ばせる、顔を綻ばせ歯を見せる、同「𥬇」「㗛」「咲」◆面白(おもしろ)おかしい◆侮(あなど)って小さく口を開く、嘲笑う(あざわらう)◆花が咲
kk_心理_しんり,心理,しんり,心:◆血液を循環させる働きをする臓器で五臓(心シン・肝カン・脾ヒ・肺ハイ・腎ジン)の一つ ◆ものの真(ま)ん中、真ん中(中心)にあるもの、ものの重要な部分、ものの本; 理:◆玉(ギョク、大変美しい石)の筋目(すじめ)、規則正しく並んだ筋目◆物事の正しい筋道◆筋道を立てる、また立っている、筋を通す、また通っている◆筋道に沿って判断す,N3,on,on+on,A3_short_compound(on+on 71%),心:◆血液を循環させる働きをする臓器で五臓(心シン・肝カン・脾ヒ・肺ハイ・腎ジン)の一つ ◆ものの真(ま)ん中、真ん中(中心)にあるもの、ものの重要な部分、ものの本; 理:◆玉(ギョク、大変美しい石)の筋目(すじめ)、規則正しく並んだ筋目◆物事の正しい筋道◆筋道を立てる、また立っている、筋を通す、また通っている◆筋道に沿って判断す
kk_心臓_しんぞう,心臓,しんぞう,心:◆血液を循環させる働きをする臓器で五臓(心シン・肝カン・脾ヒ・肺ハイ・腎ジン)の一つ ◆ものの真(ま)ん中、真ん中(中心)にあるもの、ものの重要な部分、ものの本; 臓:◆心・肝・脾・肺・腎の総称、「月(肉)の中に大切にしまわれている(蔵)もの」の意,N3,on,on+on,,心:◆血液を循環させる働きをする臓器で五臓(心シン・肝カン・脾ヒ・肺ハイ・腎ジン)の一つ ◆ものの真(ま)ん中、真ん中(中心)にあるもの、ものの重要な部分、ものの本; 臓:◆心・肝・脾・肺・腎の総称、「月(肉)の中に大切にしまわれている(蔵)もの」の意
kk_必ずしも_かならずしも,必ずしも,かならずしも,必:◆かなら・ず、確実に～、間違いなく～、きっと～,N3,kun,kun,IL1_okurigana(kun 96%) | IL2_single_okuri(kun 96%),必:◆かなら・ず、確実に～、間違いなく～、きっと～
kk_必死_ひっし,必死,ひっし,必:◆かなら・ず、確実に～、間違いなく～、きっと～; 死:◆細って尽(つ)きる◆精気(セイキ)がなくなる◆動かなくなる、用を成(な)さなくなる◆命が尽きる、天寿(テンジュ、天から授かった寿命)を全(まっと)うすることな,N3,on,on+on,A3_short_compound(on+on 71%),必:◆かなら・ず、確実に～、間違いなく～、きっと～; 死:◆細って尽(つ)きる◆精気(セイキ)がなくなる◆動かなくなる、用を成(な)さなくなる◆命が尽きる、天寿(テンジュ、天から授かった寿命)を全(まっと)うすることな
kk_必要性_ひつようせい,必要性,ひつようせい,必:◆かなら・ず、確実に～、間違いなく～、きっと～; 要:◆(体の要かなめとなる)腰(こし)◆物事の中心となるところ、非常に大切なところ◆求める、強く乞(こ)う、「要求(ヨウキュウ)」「要請(ヨウセイ、請い求める、強く; 性:◆生まれながらに持っている能力・性格・習癖・運命などの無形のもの◆男女・雄雌の別、男女間また雄雌間の本能的な関係◆物事が具えている資質や能力,N3,on,on+on+on,A4_multi_on(on+on+on 65%),必:◆かなら・ず、確実に～、間違いなく～、きっと～; 要:◆(体の要かなめとなる)腰(こし)◆物事の中心となるところ、非常に大切なところ◆求める、強く乞(こ)う、「要求(ヨウキュウ)」「要請(ヨウセイ、請い求める、強く; 性:◆生まれながらに持っている能力・性格・習癖・運命などの無形のもの◆男女・雄雌の別、男女間また雄雌間の本能的な関係◆物事が具えている資質や能力
kk_応募_おうぼ,応募,おうぼ,応:◆相手からの問い掛けや働き掛けに対して自分の意思を態度で示す、言葉で返すのは「答」◆相手の求めを受け入れる◆当然～すべき、当然～であろう; 募:◆広く呼び掛けて参加や金品を求める、「募兵(ボヘイ)」◆[日]ますます強くなる、高じる,N3,on,on+on,A3_short_compound(on+on 71%) | B_verb_rad_力(kun 80%),応:◆相手からの問い掛けや働き掛けに対して自分の意思を態度で示す、言葉で返すのは「答」◆相手の求めを受け入れる◆当然～すべき、当然～であろう; 募:◆広く呼び掛けて参加や金品を求める、「募兵(ボヘイ)」◆[日]ますます強くなる、高じる
kk_応対_おうたい,応対,おうたい,応:◆相手からの問い掛けや働き掛けに対して自分の意思を態度で示す、言葉で返すのは「答」◆相手の求めを受け入れる◆当然～すべき、当然～であろう; 対:◆向かい合う、向き合う◆二つで一組になるもの◆二つを並べ比較する◆問いに答える、依頼や指示に応(こた)える、相手からの働きかけに応(おう)じた結果を返す,N3,on,on+on,,応:◆相手からの問い掛けや働き掛けに対して自分の意思を態度で示す、言葉で返すのは「答」◆相手の求めを受け入れる◆当然～すべき、当然～であろう; 対:◆向かい合う、向き合う◆二つで一組になるもの◆二つを並べ比較する◆問いに答える、依頼や指示に応(こた)える、相手からの働きかけに応(おう)じた結果を返す
kk_応用_おうよう,応用,おうよう,応:◆相手からの問い掛けや働き掛けに対して自分の意思を態度で示す、言葉で返すのは「答」◆相手の求めを受け入れる◆当然～すべき、当然～であろう; 用:◆人や物、或いはその特性や能力を使う、また使ってあることを行う、また役立たせる◆働かせる、発揮させる、またそのために必要な特性・能力・金銭など◆以(もっ)て◆[,N3,on,on+on,,応:◆相手からの問い掛けや働き掛けに対して自分の意思を態度で示す、言葉で返すのは「答」◆相手の求めを受け入れる◆当然～すべき、当然～であろう; 用:◆人や物、或いはその特性や能力を使う、また使ってあることを行う、また役立たせる◆働かせる、発揮させる、またそのために必要な特性・能力・金銭など◆以(もっ)て◆[
kk_怒鳴る_どなる,怒鳴る,どなる,怒:◆腹を立てる、憤(いきどお)る◆勢いよいさま、奮(ふる)い立つさま; 鳴:◆鳥が声を発する、またその声◆鳥・獣(けもの)・昆虫などの発する声、楽器や物などが発する音、またその音がする、またその音が伝わり聞こえて来る,N3,mixed,on+kun,IL1_okurigana(kun 96%) | A1_compound_oku(kun 90%) | A1_on_kun_mix(on+kun 65%),怒:◆腹を立てる、憤(いきどお)る◆勢いよいさま、奮(ふる)い立つさま; 鳴:◆鳥が声を発する、またその声◆鳥・獣(けもの)・昆虫などの発する声、楽器や物などが発する音、またその音がする、またその音が伝わり聞こえて来る
kk_思い出_おもいで,思い出,おもいで,思:◆心の中で考える、心に浮かぶ、心に浮かべる、想(おも)う、「思慮(シリョ、あれこれと思いや考えを巡らすこと)」「相思(ソウシ、互いに相手を思うこと、思い合うこと; 出:◆範囲・領域・組織や区切り・境界の内(内側、内部、裏側、こちら側、私的なところ)から外(外側、外部、表側、向こう側、公のところ)に移る、また移す、外から内へ移る,N3,kun,kun+kun,IL1_okurigana(kun 96%) | A1_compound_oku(kun 90%) | A1_on_kun_mix(on+kun 65%),思:◆心の中で考える、心に浮かぶ、心に浮かべる、想(おも)う、「思慮(シリョ、あれこれと思いや考えを巡らすこと)」「相思(ソウシ、互いに相手を思うこと、思い合うこと; 出:◆範囲・領域・組織や区切り・境界の内(内側、内部、裏側、こちら側、私的なところ)から外(外側、外部、表側、向こう側、公のところ)に移る、また移す、外から内へ移る
kk_思い切る_おもいきる,思い切る,おもいきる,思:◆心の中で考える、心に浮かぶ、心に浮かべる、想(おも)う、「思慮(シリョ、あれこれと思いや考えを巡らすこと)」「相思(ソウシ、互いに相手を思うこと、思い合うこと; 切:◆刃物などですっと断(た)つ、裁(た)つ、割(さ)く◆ぴったりとしたさま、隙(すき)がないさま、「親切(シンセツ)」◆近くまで迫(せま)る、差し迫る、「切近(セ,N3,kun,kun+kun~,IL1_okurigana(kun 96%) | A1_compound_oku(kun 90%) | A1_on_kun_mix(on+kun 65%),思:◆心の中で考える、心に浮かぶ、心に浮かべる、想(おも)う、「思慮(シリョ、あれこれと思いや考えを巡らすこと)」「相思(ソウシ、互いに相手を思うこと、思い合うこと; 切:◆刃物などですっと断(た)つ、裁(た)つ、割(さ)く◆ぴったりとしたさま、隙(すき)がないさま、「親切(シンセツ)」◆近くまで迫(せま)る、差し迫る、「切近(セ
kk_思える_おもえる,思える,おもえる,思:◆心の中で考える、心に浮かぶ、心に浮かべる、想(おも)う、「思慮(シリョ、あれこれと思いや考えを巡らすこと)」「相思(ソウシ、互いに相手を思うこと、思い合うこと,N3,kun,kun,IL1_okurigana(kun 96%) | IL2_single_okuri(kun 96%),思:◆心の中で考える、心に浮かぶ、心に浮かべる、想(おも)う、「思慮(シリョ、あれこれと思いや考えを巡らすこと)」「相思(ソウシ、互いに相手を思うこと、思い合うこと
kk_思わず_おもわず,思わず,おもわず,思:◆心の中で考える、心に浮かぶ、心に浮かべる、想(おも)う、「思慮(シリョ、あれこれと思いや考えを巡らすこと)」「相思(ソウシ、互いに相手を思うこと、思い合うこと,N3,kun,kun,IL1_okurigana(kun 96%) | IL2_single_okuri(kun 96%),思:◆心の中で考える、心に浮かぶ、心に浮かべる、想(おも)う、「思慮(シリョ、あれこれと思いや考えを巡らすこと)」「相思(ソウシ、互いに相手を思うこと、思い合うこと
kk_怠ける_なまける,怠ける,なまける,怠:◆おこた・る、緊張感がなくすべきことをしない◆なま・ける、気が緩(ゆる)んで進んでしようとしない、だらだらとして身が入らない、同「懈」,N3,kun,kun,IL1_okurigana(kun 96%) | IL2_single_okuri(kun 96%),怠:◆おこた・る、緊張感がなくすべきことをしない◆なま・ける、気が緩(ゆる)んで進んでしようとしない、だらだらとして身が入らない、同「懈」
kk_怠け者_なまけもの,怠け者,なまけもの,怠:◆おこた・る、緊張感がなくすべきことをしない◆なま・ける、気が緩(ゆる)んで進んでしようとしない、だらだらとして身が入らない、同「懈」; 者:◆～の人、～する人、「使者(ししゃ、使いをする人、運び届けること)」◆こと(事)、もの(物)、「再者(サイシャ、更に付け加えること、追伸)」「前者(ゼンシャ、前,N3,kun,kun+kun~,IL1_okurigana(kun 96%) | A1_compound_oku(kun 90%) | A1_on_kun_mix(on+kun 65%),怠:◆おこた・る、緊張感がなくすべきことをしない◆なま・ける、気が緩(ゆる)んで進んでしようとしない、だらだらとして身が入らない、同「懈」; 者:◆～の人、～する人、「使者(ししゃ、使いをする人、運び届けること)」◆こと(事)、もの(物)、「再者(サイシャ、更に付け加えること、追伸)」「前者(ゼンシャ、前
kk_急いで_いそいで,急いで,いそいで,急:◆ゆとりがないさま、余裕がないさま、ゆったりとしていないさま◆せ・く、気持ちにゆとりがない、忙(せわ)しい◆いそ・ぐ、間(マ)を置かずに動く、早く動く、せかせか,N3,kun,kun,IL1_okurigana(kun 96%) | IL2_single_okuri(kun 96%),急:◆ゆとりがないさま、余裕がないさま、ゆったりとしていないさま◆せ・く、気持ちにゆとりがない、忙(せわ)しい◆いそ・ぐ、間(マ)を置かずに動く、早く動く、せかせか
kk_急速_きゅうそく,急速,きゅうそく,急:◆ゆとりがないさま、余裕がないさま、ゆったりとしていないさま◆せ・く、気持ちにゆとりがない、忙(せわ)しい◆いそ・ぐ、間(マ)を置かずに動く、早く動く、せかせか; 速:◆あっという間に、瞬(またた)く間に、間を置かずに、さっと◆疾(はや)い、あっという間に位置が変わる、また通り過ぎて行く、同「遬」◆間を置かずに動作・反応・対応,N3,on,on+on,,急:◆ゆとりがないさま、余裕がないさま、ゆったりとしていないさま◆せ・く、気持ちにゆとりがない、忙(せわ)しい◆いそ・ぐ、間(マ)を置かずに動く、早く動く、せかせか; 速:◆あっという間に、瞬(またた)く間に、間を置かずに、さっと◆疾(はや)い、あっという間に位置が変わる、また通り過ぎて行く、同「遬」◆間を置かずに動作・反応・対応
kk_性別_せいべつ,性別,せいべつ,性:◆生まれながらに持っている能力・性格・習癖・運命などの無形のもの◆男女・雄雌の別、男女間また雄雌間の本能的な関係◆物事が具えている資質や能力; 別:◆切って分(わ)ける、分離する、分けて離す、分けたものが繋(つな)がっていない状態にする◆分かれる、分かれ離れる◆他と繋がりがない、他とは違う、異なる◆他(ほか,N3,on,on+on,B_verb_rad_刀(kun 80%),性:◆生まれながらに持っている能力・性格・習癖・運命などの無形のもの◆男女・雄雌の別、男女間また雄雌間の本能的な関係◆物事が具えている資質や能力; 別:◆切って分(わ)ける、分離する、分けて離す、分けたものが繋(つな)がっていない状態にする◆分かれる、分かれ離れる◆他と繋がりがない、他とは違う、異なる◆他(ほか
kk_性能_せいのう,性能,せいのう,性:◆生まれながらに持っている能力・性格・習癖・運命などの無形のもの◆男女・雄雌の別、男女間また雄雌間の本能的な関係◆物事が具えている資質や能力; 能:◆ことを成し遂(と)げる技量(ギリョウ)や力量(リキリョウ)、「能力(ノウリョク)」「才能(サイノウ)」◆十分に或いは上手にできる、～をすることができる(技能・,N3,on,on+on,,性:◆生まれながらに持っている能力・性格・習癖・運命などの無形のもの◆男女・雄雌の別、男女間また雄雌間の本能的な関係◆物事が具えている資質や能力; 能:◆ことを成し遂(と)げる技量(ギリョウ)や力量(リキリョウ)、「能力(ノウリョク)」「才能(サイノウ)」◆十分に或いは上手にできる、～をすることができる(技能・
kk_性質_せいしつ,性質,せいしつ,性:◆生まれながらに持っている能力・性格・習癖・運命などの無形のもの◆男女・雄雌の別、男女間また雄雌間の本能的な関係◆物事が具えている資質や能力; 質:◆本来の、元々(もともと)の、「本質(ホンシツ)」◆本来のままであるさま、素(す)のままであるさま、「質素(シッソ)」◆そのものが持つ本来の価値や中身、また性格,N3,on,on+on,,性:◆生まれながらに持っている能力・性格・習癖・運命などの無形のもの◆男女・雄雌の別、男女間また雄雌間の本能的な関係◆物事が具えている資質や能力; 質:◆本来の、元々(もともと)の、「本質(ホンシツ)」◆本来のままであるさま、素(す)のままであるさま、「質素(シッソ)」◆そのものが持つ本来の価値や中身、また性格
kk_怪しい_あやしい,怪しい,あやしい,怪:◆普通とは違っていてるさま、これまでに見たことがないさま、譬(たと)えようががないさま◆得体が知れない、奇異な、不思議な◆不審に思う、疑わしく思う,N3,kun,kun,IL1_okurigana(kun 96%) | IL2_single_okuri(kun 96%),怪:◆普通とは違っていてるさま、これまでに見たことがないさま、譬(たと)えようががないさま◆得体が知れない、奇異な、不思議な◆不審に思う、疑わしく思う
kk_恋人_こいびと,恋人,こいびと,恋:◆思いを断ち切れないさま、「恋恋(レンレン)」「恋慕(レンボ、思い慕う気持ちを断ち切れないさま)」◆異性に対して抱く愛情、また愛情を抱く; 人:◆霊長目ヒト科ヒト属の生物、ホモ・サピエンスHomo sapiens(「知恵の人」の意)、同「儿」◆自分以外の者、「人我(ジンガ、他人と自分)」◆人の数(かず),N3,other,mixed+mixed~,,恋:◆思いを断ち切れないさま、「恋恋(レンレン)」「恋慕(レンボ、思い慕う気持ちを断ち切れないさま)」◆異性に対して抱く愛情、また愛情を抱く; 人:◆霊長目ヒト科ヒト属の生物、ホモ・サピエンスHomo sapiens(「知恵の人」の意)、同「儿」◆自分以外の者、「人我(ジンガ、他人と自分)」◆人の数(かず)
kk_恋愛_れんあい,恋愛,れんあい,恋:◆思いを断ち切れないさま、「恋恋(レンレン)」「恋慕(レンボ、思い慕う気持ちを断ち切れないさま)」◆異性に対して抱く愛情、また愛情を抱く; 愛:◆相手に心を寄せる、慕(した)う、またその気持◆心から慈(いつく)しむ、優しく大切に可愛がる◆心から好む、気に入る、気に入って手放せない,N3,on,on+on,,恋:◆思いを断ち切れないさま、「恋恋(レンレン)」「恋慕(レンボ、思い慕う気持ちを断ち切れないさま)」◆異性に対して抱く愛情、また愛情を抱く; 愛:◆相手に心を寄せる、慕(した)う、またその気持◆心から慈(いつく)しむ、優しく大切に可愛がる◆心から好む、気に入る、気に入って手放せない
kk_恐れる_おそれる,恐れる,おそれる,恐:◆おそ・れる、危害や不幸が及ぶかもしれないとびくびくする、また心配する、また不安になる◆おそ・らく、おそ・れ、多分、～となるかもしれない、好ましくない状態になる,N3,kun,kun,IL1_okurigana(kun 96%) | IL2_single_okuri(kun 96%),恐:◆おそ・れる、危害や不幸が及ぶかもしれないとびくびくする、また心配する、また不安になる◆おそ・らく、おそ・れ、多分、～となるかもしれない、好ましくない状態になる
kk_恐縮_きょうしゅく,恐縮,きょうしゅく,恐:◆おそ・れる、危害や不幸が及ぶかもしれないとびくびくする、また心配する、また不安になる◆おそ・らく、おそ・れ、多分、～となるかもしれない、好ましくない状態になる; 縮:◆縄を巻いてぎゅっと締め付ける、周りから締め付けて小さくする、「収縮(シュウシュク)」◆酒の入った袋を周りから締め付けて小さくする、搾(しぼ)る◆大きく広がって,N3,on,on+on,,恐:◆おそ・れる、危害や不幸が及ぶかもしれないとびくびくする、また心配する、また不安になる◆おそ・らく、おそ・れ、多分、～となるかもしれない、好ましくない状態になる; 縮:◆縄を巻いてぎゅっと締め付ける、周りから締め付けて小さくする、「収縮(シュウシュク)」◆酒の入った袋を周りから締め付けて小さくする、搾(しぼ)る◆大きく広がって
kk_恥_はじ,恥,はじ,恥:◆面目(メンモク)ない、顔向けできない、きまりが悪い、「恥辱(チジョク)」「羞恥(シュウチ)」,N3,kun,kun,IL2_single_default(kun 84%),恥:◆面目(メンモク)ない、顔向けできない、きまりが悪い、「恥辱(チジョク)」「羞恥(シュウチ)」
kk_恨み_うらみ,恨み,うらみ,恨:◆(思いが満たされずに)とても残念に思う、とても腹立たしい、同「憾」「怨」、「【正字通:卯集上:心部:恨】…怨極也…論語敝之無憾亦以𢚉訓憾未詳𢚉意深憾意淺𢚉音重,N3,kun,kun,IL1_okurigana(kun 96%) | IL2_single_okuri(kun 96%),恨:◆(思いが満たされずに)とても残念に思う、とても腹立たしい、同「憾」「怨」、「【正字通:卯集上:心部:恨】…怨極也…論語敝之無憾亦以𢚉訓憾未詳𢚉意深憾意淺𢚉音重
kk_恨む_うらむ,恨む,うらむ,恨:◆(思いが満たされずに)とても残念に思う、とても腹立たしい、同「憾」「怨」、「【正字通:卯集上:心部:恨】…怨極也…論語敝之無憾亦以𢚉訓憾未詳𢚉意深憾意淺𢚉音重,N3,kun,kun,IL1_okurigana(kun 96%) | IL2_single_okuri(kun 96%),恨:◆(思いが満たされずに)とても残念に思う、とても腹立たしい、同「憾」「怨」、「【正字通:卯集上:心部:恨】…怨極也…論語敝之無憾亦以𢚉訓憾未詳𢚉意深憾意淺𢚉音重
kk_息_いき,息,いき,息:◆いき、口や鼻で吐いたり吸ったりする空気◆呼吸する、一度吐いて吸うことを「一息」という◆生きている◆止(や)む、鎮(しず)まる、落ち着く、同「熄」◆休む、休憩す,N3,kun,kun,IL2_single_default(kun 84%),息:◆いき、口や鼻で吐いたり吸ったりする空気◆呼吸する、一度吐いて吸うことを「一息」という◆生きている◆止(や)む、鎮(しず)まる、落ち着く、同「熄」◆休む、休憩す
kk_悔しい_くやしい,悔しい,くやしい,悔:◆過ちや失敗を残念に思う、過ちや失敗が気になって心が沈み込む◆[日]くや・み、人の死を弔う◆外卦(ガイカ)、六つの爻(コウ、卦を表す横棒)から成る六十四卦の内の,N3,kun,kun,IL1_okurigana(kun 96%) | IL2_single_okuri(kun 96%),悔:◆過ちや失敗を残念に思う、過ちや失敗が気になって心が沈み込む◆[日]くや・み、人の死を弔う◆外卦(ガイカ)、六つの爻(コウ、卦を表す横棒)から成る六十四卦の内の
kk_悔しがる_くやしがる,悔しがる,くやしがる,悔:◆過ちや失敗を残念に思う、過ちや失敗が気になって心が沈み込む◆[日]くや・み、人の死を弔う◆外卦(ガイカ)、六つの爻(コウ、卦を表す横棒)から成る六十四卦の内の,N3,kun,kun,IL1_okurigana(kun 96%) | IL2_single_okuri(kun 96%),悔:◆過ちや失敗を残念に思う、過ちや失敗が気になって心が沈み込む◆[日]くや・み、人の死を弔う◆外卦(ガイカ)、六つの爻(コウ、卦を表す横棒)から成る六十四卦の内の
kk_悔やむ_くやむ,悔やむ,くやむ,悔:◆過ちや失敗を残念に思う、過ちや失敗が気になって心が沈み込む◆[日]くや・み、人の死を弔う◆外卦(ガイカ)、六つの爻(コウ、卦を表す横棒)から成る六十四卦の内の,N3,kun,kun,IL1_okurigana(kun 96%) | IL2_single_okuri(kun 96%),悔:◆過ちや失敗を残念に思う、過ちや失敗が気になって心が沈み込む◆[日]くや・み、人の死を弔う◆外卦(ガイカ)、六つの爻(コウ、卦を表す横棒)から成る六十四卦の内の
kk_悩み_なやみ,悩み,なやみ,悩:◆なや・む、迷い苦しむ、心が乱れる,N3,kun,kun,IL1_okurigana(kun 96%) | IL2_single_okuri(kun 96%),悩:◆なや・む、迷い苦しむ、心が乱れる
kk_悪口_わるくち,悪口,わるくち,悪:◆良くない、劣る、好ましくない◆憎む、好ましくない(良くない)感情を抱く◆不快な、不吉な◆忌(いま)まわしい、醜(みにく)い、またそのように行い◆道を誤る、道義; 口:◆動物の食べたり声を発したりするための器官◆ものが出入りするために空(あ)けた(空いた)ところ、(口のように)全体の内の一部空いたところ◆言葉、言葉を発する、語,N3,mixed,kun+on~,,悪:◆良くない、劣る、好ましくない◆憎む、好ましくない(良くない)感情を抱く◆不快な、不吉な◆忌(いま)まわしい、醜(みにく)い、またそのように行い◆道を誤る、道義; 口:◆動物の食べたり声を発したりするための器官◆ものが出入りするために空(あ)けた(空いた)ところ、(口のように)全体の内の一部空いたところ◆言葉、言葉を発する、語
kk_悪天候_あくてんこう,悪天候,あくてんこう,悪:◆良くない、劣る、好ましくない◆憎む、好ましくない(良くない)感情を抱く◆不快な、不吉な◆忌(いま)まわしい、醜(みにく)い、またそのように行い◆道を誤る、道義; 天:◆軽い陽気が(上に浮き)集まるところ、重い陰気が(下に沈み)集まるところを「地(チ)」、「【說文解字注:土部:地】元气初分輕清陽爲天重濁侌爲地萬物所陳𠛱也…」◆; 候:◆高いところから遠くを見やる、辺りの様子を探(さぐ)る、「候望(コウボウ)」◆階位や年齢が上の人を訪ねる、訪ねて様子や機嫌を伺(うかが)う、「伺候(シコウ)」「,N3,on,on+on+on,A4_multi_on(on+on+on 65%),悪:◆良くない、劣る、好ましくない◆憎む、好ましくない(良くない)感情を抱く◆不快な、不吉な◆忌(いま)まわしい、醜(みにく)い、またそのように行い◆道を誤る、道義; 天:◆軽い陽気が(上に浮き)集まるところ、重い陰気が(下に沈み)集まるところを「地(チ)」、「【說文解字注:土部:地】元气初分輕清陽爲天重濁侌爲地萬物所陳𠛱也…」◆; 候:◆高いところから遠くを見やる、辺りの様子を探(さぐ)る、「候望(コウボウ)」◆階位や年齢が上の人を訪ねる、訪ねて様子や機嫌を伺(うかが)う、「伺候(シコウ)」「
kk_悪戯_いたずら,悪戯,いたずら,悪:◆良くない、劣る、好ましくない◆憎む、好ましくない(良くない)感情を抱く◆不快な、不吉な◆忌(いま)まわしい、醜(みにく)い、またそのように行い◆道を誤る、道義; 戯:◆面白(おもしろ)おかしく遊ぶ、手に取ってしつこく触れたり眺めたりして喜ぶ、ふざける、「戯」はそうした行為を指し言葉を弄ぶのは「謔」◆舞踊や芝居、「愉快に楽しむ,N3,other,mixed+mixed~,,悪:◆良くない、劣る、好ましくない◆憎む、好ましくない(良くない)感情を抱く◆不快な、不吉な◆忌(いま)まわしい、醜(みにく)い、またそのように行い◆道を誤る、道義; 戯:◆面白(おもしろ)おかしく遊ぶ、手に取ってしつこく触れたり眺めたりして喜ぶ、ふざける、「戯」はそうした行為を指し言葉を弄ぶのは「謔」◆舞踊や芝居、「愉快に楽しむ
kk_悪者_わるもの,悪者,わるもの,悪:◆良くない、劣る、好ましくない◆憎む、好ましくない(良くない)感情を抱く◆不快な、不吉な◆忌(いま)まわしい、醜(みにく)い、またそのように行い◆道を誤る、道義; 者:◆～の人、～する人、「使者(ししゃ、使いをする人、運び届けること)」◆こと(事)、もの(物)、「再者(サイシャ、更に付け加えること、追伸)」「前者(ゼンシャ、前,N3,kun,kun+kun~,,悪:◆良くない、劣る、好ましくない◆憎む、好ましくない(良くない)感情を抱く◆不快な、不吉な◆忌(いま)まわしい、醜(みにく)い、またそのように行い◆道を誤る、道義; 者:◆～の人、～する人、「使者(ししゃ、使いをする人、運び届けること)」◆こと(事)、もの(物)、「再者(サイシャ、更に付け加えること、追伸)」「前者(ゼンシャ、前
kk_悲しむ_かなしむ,悲しむ,かなしむ,悲:◆心が深く(ひりひりと)痛む、心が締め付けられているような感じがして苦しむ、声は出るが涙は出ない状態、「【說文解字注:心部:悲】痛也(按憯者痛之深者也恫者痛之專,N3,kun,kun,IL1_okurigana(kun 96%) | IL2_single_okuri(kun 96%),悲:◆心が深く(ひりひりと)痛む、心が締め付けられているような感じがして苦しむ、声は出るが涙は出ない状態、「【說文解字注:心部:悲】痛也(按憯者痛之深者也恫者痛之專
kk_惜しい_おしい,惜しい,おしい,惜:◆残念に思う、心が痛む◆お・しむ、手放しがたい、手の内から離れてしまわないように大切にする,N3,kun,kun,IL1_okurigana(kun 96%) | IL2_single_okuri(kun 96%),惜:◆残念に思う、心が痛む◆お・しむ、手放しがたい、手の内から離れてしまわないように大切にする
kk_惨め_みじめ,惨め,みじめ,惨:◆心が痛(いた)む、心を痛める◆痛ましい、哀(あわ)れで痛々しい◆(程度が)激しい、甚(はなは)だしい、酷(ひど)い,N3,kun,kun,IL1_okurigana(kun 96%) | IL2_single_okuri(kun 96%),惨:◆心が痛(いた)む、心を痛める◆痛ましい、哀(あわ)れで痛々しい◆(程度が)激しい、甚(はなは)だしい、酷(ひど)い
kk_想像_そうぞう,想像,そうぞう,想:◆～について考える、また考えを巡(めぐ)らす◆～と思う、～ではないかと思う◆～したいと思う; 像:◆象(かたど)る、人や物の姿形(すがたかたち)に似せる、また似る、また似せて作ったもの、同「象」◆もの(者や物)の姿形(すがたかたち)、また様子(ようす)、同「,N3,on,on+on,,想:◆～について考える、また考えを巡(めぐ)らす◆～と思う、～ではないかと思う◆～したいと思う; 像:◆象(かたど)る、人や物の姿形(すがたかたち)に似せる、また似る、また似せて作ったもの、同「象」◆もの(者や物)の姿形(すがたかたち)、また様子(ようす)、同「
kk_愈々_いよいよ,愈々,いよいよ,愈:◆増々(ますます)、いよいよ◆勝(まさ)る◆病気が癒える,N3,on,on~,IL2_on_only(on 99%),愈:◆増々(ますます)、いよいよ◆勝(まさ)る◆病気が癒える
kk_愉快_ゆかい,愉快,ゆかい,愉:◆思い悩むことも気に掛かることもなく楽しい、また楽しむ、悦(よろこ)ぶ; 快:◆こころよ・い、心がすっきりする、心地がよい、気持ちがよい、「爽快(ソウカイ)」◆すっきりとするさま、さっぱりとしたさま、すっぱりとしたさま◆動きが速い,N3,on,on+on,A3_short_compound(on+on 71%),愉:◆思い悩むことも気に掛かることもなく楽しい、また楽しむ、悦(よろこ)ぶ; 快:◆こころよ・い、心がすっきりする、心地がよい、気持ちがよい、「爽快(ソウカイ)」◆すっきりとするさま、さっぱりとしたさま、すっぱりとしたさま◆動きが速い
kk_意外_いがい,意外,いがい,意:◆心の中にあって外(言葉や態度・行動など)には出さない思いや考え、心の動きや働き、気持ち◆物事の内にあって表には現れ出ないもの、内に込められているもの; 外:◆そと、範囲・領域・組織や区切り・境界の内(内側、内部)から出たもの、表に出ている(表に面している)もの、見えるところにあるもの、またそのようなところ、逆は「内,N3,on,on+on,A3_short_compound(on+on 71%),意:◆心の中にあって外(言葉や態度・行動など)には出さない思いや考え、心の動きや働き、気持ち◆物事の内にあって表には現れ出ないもの、内に込められているもの; 外:◆そと、範囲・領域・組織や区切り・境界の内(内側、内部)から出たもの、表に出ている(表に面している)もの、見えるところにあるもの、またそのようなところ、逆は「内
kk_意志_いし,意志,いし,意:◆心の中にあって外(言葉や態度・行動など)には出さない思いや考え、心の動きや働き、気持ち◆物事の内にあって表には現れ出ないもの、内に込められているもの; 志:◆心が指し示す方向、遂(と)げようとする思いや考え◆思いや考えを成し遂げようとする◆記(しる)す、書き留(と)める、またその記録、同繁「誌」◆[日]こころざし、,N3,on,on+on,A3_short_compound(on+on 71%),意:◆心の中にあって外(言葉や態度・行動など)には出さない思いや考え、心の動きや働き、気持ち◆物事の内にあって表には現れ出ないもの、内に込められているもの; 志:◆心が指し示す方向、遂(と)げようとする思いや考え◆思いや考えを成し遂げようとする◆記(しる)す、書き留(と)める、またその記録、同繁「誌」◆[日]こころざし、
kk_意義_いぎ,意義,いぎ,意:◆心の中にあって外(言葉や態度・行動など)には出さない思いや考え、心の動きや働き、気持ち◆物事の内にあって表には現れ出ないもの、内に込められているもの; 義:◆広く良い・正しいと認められていること、また経験則(多くの経験を積むことで得られる道理)に適(かな)っていること◆人が進むべき道、則(のっと)るべき考え、「義士,N3,on,on+on,A3_short_compound(on+on 71%),意:◆心の中にあって外(言葉や態度・行動など)には出さない思いや考え、心の動きや働き、気持ち◆物事の内にあって表には現れ出ないもの、内に込められているもの; 義:◆広く良い・正しいと認められていること、また経験則(多くの経験を積むことで得られる道理)に適(かな)っていること◆人が進むべき道、則(のっと)るべき考え、「義士
kk_意識_いしき,意識,いしき,意:◆心の中にあって外(言葉や態度・行動など)には出さない思いや考え、心の動きや働き、気持ち◆物事の内にあって表には現れ出ないもの、内に込められているもの; 識:◆知ったことが他とどう違うのかを理解する◆他との違いをはっきりと見分ける、またその働き、またその能力、またその内容◆記(しる)す、書き記す、同「誌」◆幟(のぼり,N3,on,on+on,A3_short_compound(on+on 71%) | B_verb_rad_言(kun 80%),意:◆心の中にあって外(言葉や態度・行動など)には出さない思いや考え、心の動きや働き、気持ち◆物事の内にあって表には現れ出ないもの、内に込められているもの; 識:◆知ったことが他とどう違うのかを理解する◆他との違いをはっきりと見分ける、またその働き、またその能力、またその内容◆記(しる)す、書き記す、同「誌」◆幟(のぼり
kk_愚図愚図_ぐずぐず,愚図愚図,ぐずぐず,愚:◆智慧(チエ)が身に付いていない、頭の働きや反応が鈍(にぶ)い、またそのような人◆自分や自分に関することを言う語の頭に付けて謙遜の意味を表す、相手に対する敬称は; 図:◆四角い紙などに地形やものの形やその様相などを描く、また描いたもの◆はか・る、事に先立って案を作る、計画する; 愚:◆智慧(チエ)が身に付いていない、頭の働きや反応が鈍(にぶ)い、またそのような人◆自分や自分に関することを言う語の頭に付けて謙遜の意味を表す、相手に対する敬称は,N3,on,on+on+on+on,A4_multi_on(on+on+on+on 65%),愚:◆智慧(チエ)が身に付いていない、頭の働きや反応が鈍(にぶ)い、またそのような人◆自分や自分に関することを言う語の頭に付けて謙遜の意味を表す、相手に対する敬称は; 図:◆四角い紙などに地形やものの形やその様相などを描く、また描いたもの◆はか・る、事に先立って案を作る、計画する; 愚:◆智慧(チエ)が身に付いていない、頭の働きや反応が鈍(にぶ)い、またそのような人◆自分や自分に関することを言う語の頭に付けて謙遜の意味を表す、相手に対する敬称は
kk_愛情_あいじょう,愛情,あいじょう,愛:◆相手に心を寄せる、慕(した)う、またその気持◆心から慈(いつく)しむ、優しく大切に可愛がる◆心から好む、気に入る、気に入って手放せない; 情:◆物事(特に他の人)からの働き掛けで起こる喜怒哀楽愛好悪欲などの心の動き、「感情(カンジョウ)」◆他に寄せる思い、「愛情(アイジョウ)」◆異性に寄せる思い、好意,N3,on,on+on,,愛:◆相手に心を寄せる、慕(した)う、またその気持◆心から慈(いつく)しむ、優しく大切に可愛がる◆心から好む、気に入る、気に入って手放せない; 情:◆物事(特に他の人)からの働き掛けで起こる喜怒哀楽愛好悪欲などの心の動き、「感情(カンジョウ)」◆他に寄せる思い、「愛情(アイジョウ)」◆異性に寄せる思い、好意
kk_愛用_あいよう,愛用,あいよう,愛:◆相手に心を寄せる、慕(した)う、またその気持◆心から慈(いつく)しむ、優しく大切に可愛がる◆心から好む、気に入る、気に入って手放せない; 用:◆人や物、或いはその特性や能力を使う、また使ってあることを行う、また役立たせる◆働かせる、発揮させる、またそのために必要な特性・能力・金銭など◆以(もっ)て◆[,N3,on,on+on,,愛:◆相手に心を寄せる、慕(した)う、またその気持◆心から慈(いつく)しむ、優しく大切に可愛がる◆心から好む、気に入る、気に入って手放せない; 用:◆人や物、或いはその特性や能力を使う、また使ってあることを行う、また役立たせる◆働かせる、発揮させる、またそのために必要な特性・能力・金銭など◆以(もっ)て◆[
kk_感じる_かんじる,感じる,かんじる,感:◆外部から受けた刺激を知覚する◆外部からの刺激を受けて心や体が反応する、また動く,N3,on,on,IL1_okurigana(kun 96%) | IL2_single_okuri(kun 96%),感:◆外部から受けた刺激を知覚する◆外部からの刺激を受けて心や体が反応する、また動く
kk_感動_かんどう,感動,かんどう,感:◆外部から受けた刺激を知覚する◆外部からの刺激を受けて心や体が反応する、また動く; 動:◆位置・姿勢・感情・状態・事情などが変わる、また変える、また変わり始める、「動作」「行動」「感動」◆やや・もすれば、どうかすると(～になる、～になりやすい),N3,on,on+on,B_verb_rad_力(kun 80%),感:◆外部から受けた刺激を知覚する◆外部からの刺激を受けて心や体が反応する、また動く; 動:◆位置・姿勢・感情・状態・事情などが変わる、また変える、また変わり始める、「動作」「行動」「感動」◆やや・もすれば、どうかすると(～になる、～になりやすい)
kk_感情_かんじょう,感情,かんじょう,感:◆外部から受けた刺激を知覚する◆外部からの刺激を受けて心や体が反応する、また動く; 情:◆物事(特に他の人)からの働き掛けで起こる喜怒哀楽愛好悪欲などの心の動き、「感情(カンジョウ)」◆他に寄せる思い、「愛情(アイジョウ)」◆異性に寄せる思い、好意,N3,on,on+on,,感:◆外部から受けた刺激を知覚する◆外部からの刺激を受けて心や体が反応する、また動く; 情:◆物事(特に他の人)からの働き掛けで起こる喜怒哀楽愛好悪欲などの心の動き、「感情(カンジョウ)」◆他に寄せる思い、「愛情(アイジョウ)」◆異性に寄せる思い、好意
kk_感想_かんそう,感想,かんそう,感:◆外部から受けた刺激を知覚する◆外部からの刺激を受けて心や体が反応する、また動く; 想:◆～について考える、また考えを巡(めぐ)らす◆～と思う、～ではないかと思う◆～したいと思う,N3,on,on+on,,感:◆外部から受けた刺激を知覚する◆外部からの刺激を受けて心や体が反応する、また動く; 想:◆～について考える、また考えを巡(めぐ)らす◆～と思う、～ではないかと思う◆～したいと思う
kk_感謝_かんしゃ,感謝,かんしゃ,感:◆外部から受けた刺激を知覚する◆外部からの刺激を受けて心や体が反応する、また動く; 謝:◆相手の誘いや勧(すす)めに、ありがたくは思うが、応(こた)えられない旨(感謝しつつも断りの言葉)を述べる、詫(わ)びて断る、辞退する、「謝絶(シャゼツ)」◆別,N3,on,on+on,A3_short_compound(on+on 71%) | B_verb_rad_言(kun 80%),感:◆外部から受けた刺激を知覚する◆外部からの刺激を受けて心や体が反応する、また動く; 謝:◆相手の誘いや勧(すす)めに、ありがたくは思うが、応(こた)えられない旨(感謝しつつも断りの言葉)を述べる、詫(わ)びて断る、辞退する、「謝絶(シャゼツ)」◆別
kk_態と_わざと,態と,わざと,態:◆心中の思いや考えなどが表に(体の動きになって)現れ出る、またその様子、「態度(タイド)」、「【說文解字注:心部:態】意態也(…意態者有是意因有是狀故曰意態…),N3,kun,kun,IL1_okurigana(kun 96%) | IL2_single_okuri(kun 96%),態:◆心中の思いや考えなどが表に(体の動きになって)現れ出る、またその様子、「態度(タイド)」、「【說文解字注:心部:態】意態也(…意態者有是意因有是狀故曰意態…)
kk_慌ただしい_あわただしい,慌ただしい,あわただしい,慌:◆あわ・てる、頭が混乱して狼狽(うろた)える◆あわただ・しい、忙(せわ)しく落ち着けない、すべきことが多く忙しい、同「忙」◆ぼんやりする,N3,kun,kun,IL1_okurigana(kun 96%) | IL2_single_okuri(kun 96%),慌:◆あわ・てる、頭が混乱して狼狽(うろた)える◆あわただ・しい、忙(せわ)しく落ち着けない、すべきことが多く忙しい、同「忙」◆ぼんやりする
kk_慌てる_あわてる,慌てる,あわてる,慌:◆あわ・てる、頭が混乱して狼狽(うろた)える◆あわただ・しい、忙(せわ)しく落ち着けない、すべきことが多く忙しい、同「忙」◆ぼんやりする,N3,kun,kun,IL1_okurigana(kun 96%) | IL2_single_okuri(kun 96%),慌:◆あわ・てる、頭が混乱して狼狽(うろた)える◆あわただ・しい、忙(せわ)しく落ち着けない、すべきことが多く忙しい、同「忙」◆ぼんやりする
kk_慎重_しんちょう,慎重,しんちょう,慎:◆謹(つつし)む、隅々まで心を配(くば)る、気を配る、またそのように振る舞う、同「㥲」「謹」◆「慎重(シンチョウ)」、隅々まで配慮すること; 重:◆層になる、上に載る、下になったものに上から大きな力が掛かる、負担が大きい◆再び、繰り返して、何度も、何層にも◆何層にも心配りがされていて手厚い、丁寧な◆何層に,N3,on,on+on,,慎:◆謹(つつし)む、隅々まで心を配(くば)る、気を配る、またそのように振る舞う、同「㥲」「謹」◆「慎重(シンチョウ)」、隅々まで配慮すること; 重:◆層になる、上に載る、下になったものに上から大きな力が掛かる、負担が大きい◆再び、繰り返して、何度も、何層にも◆何層にも心配りがされていて手厚い、丁寧な◆何層に
kk_憎い_にくい,憎い,にくい,憎:◆嫌悪感(ケンオカン)や反感(ハンカン)を抱(いだ)く、嫌(きら)う,N3,kun,kun,IL1_okurigana(kun 96%) | IL2_single_okuri(kun 96%),憎:◆嫌悪感(ケンオカン)や反感(ハンカン)を抱(いだ)く、嫌(きら)う
kk_懐かしい_なつかしい,懐かしい,なつかしい,懐:◆着物の前合わせ(体の前で重ね合わさったところ)や着物と下着の間、同「褱」◆周りが覆われている内側、心の中、腹の中◆包み込む、胸に抱(だ)く、心に思い抱(いだ),N3,kun,kun,IL1_okurigana(kun 96%) | IL2_single_okuri(kun 96%),懐:◆着物の前合わせ(体の前で重ね合わさったところ)や着物と下着の間、同「褱」◆周りが覆われている内側、心の中、腹の中◆包み込む、胸に抱(だ)く、心に思い抱(いだ)
kk_成人_せいじん,成人,せいじん,成:◆為(な)す、形や状態などを変えようとする、また変わろうとする◆本来の形や状態になる、目的・目標を持って働き、当初の目的・目標に達する、出来上がる、仕上がる、「; 人:◆霊長目ヒト科ヒト属の生物、ホモ・サピエンスHomo sapiens(「知恵の人」の意)、同「儿」◆自分以外の者、「人我(ジンガ、他人と自分)」◆人の数(かず),N3,on,on+on,,成:◆為(な)す、形や状態などを変えようとする、また変わろうとする◆本来の形や状態になる、目的・目標を持って働き、当初の目的・目標に達する、出来上がる、仕上がる、「; 人:◆霊長目ヒト科ヒト属の生物、ホモ・サピエンスHomo sapiens(「知恵の人」の意)、同「儿」◆自分以外の者、「人我(ジンガ、他人と自分)」◆人の数(かず)
kk_成績_せいせき,成績,せいせき,成:◆為(な)す、形や状態などを変えようとする、また変わろうとする◆本来の形や状態になる、目的・目標を持って働き、当初の目的・目標に達する、出来上がる、仕上がる、「; 績:◆う・む、麻や綿などの短い繊維や生糸を継(つ)ぎながら撚(よ)って糸にする◆(細かいことを一つ一つ継ぎながら)積み重ねてきたことの結果、成果、同「勣」◆優れた働,N3,on,on+on,,成:◆為(な)す、形や状態などを変えようとする、また変わろうとする◆本来の形や状態になる、目的・目標を持って働き、当初の目的・目標に達する、出来上がる、仕上がる、「; 績:◆う・む、麻や綿などの短い繊維や生糸を継(つ)ぎながら撚(よ)って糸にする◆(細かいことを一つ一つ継ぎながら)積み重ねてきたことの結果、成果、同「勣」◆優れた働
kk_我々_われわれ,我々,われわれ,我:◆自分の、主に所有格(my)や目的格(me)で用いられ、主格(I)では「吾」が用いられる、「我見(ガケン、私見、わたしの見解)」◆自分、自分を指す語、同「吾」「,N3,kun,kun,IL2_single_default(kun 84%),我:◆自分の、主に所有格(my)や目的格(me)で用いられ、主格(I)では「吾」が用いられる、「我見(ガケン、私見、わたしの見解)」◆自分、自分を指す語、同「吾」「
kk_我が～_わが～,我が～,わが～,我:◆自分の、主に所有格(my)や目的格(me)で用いられ、主格(I)では「吾」が用いられる、「我見(ガケン、私見、わたしの見解)」◆自分、自分を指す語、同「吾」「,N3,kun,kun,IL1_okurigana(kun 96%) | IL2_single_okuri(kun 96%),我:◆自分の、主に所有格(my)や目的格(me)で用いられ、主格(I)では「吾」が用いられる、「我見(ガケン、私見、わたしの見解)」◆自分、自分を指す語、同「吾」「
kk_我慢_がまん,我慢,がまん,我:◆自分の、主に所有格(my)や目的格(me)で用いられ、主格(I)では「吾」が用いられる、「我見(ガケン、私見、わたしの見解)」◆自分、自分を指す語、同「吾」「; 慢:◆緩(ゆる)む、ゆっくりとしたさま、だらだらとしているさま◆鈍(のろ)い、怠(なま)ける、だらだらとして締まりがない◆気が回らない、緊張感がない、注意力や集中力,N3,on,on+on,A3_short_compound(on+on 71%),我:◆自分の、主に所有格(my)や目的格(me)で用いられ、主格(I)では「吾」が用いられる、「我見(ガケン、私見、わたしの見解)」◆自分、自分を指す語、同「吾」「; 慢:◆緩(ゆる)む、ゆっくりとしたさま、だらだらとしているさま◆鈍(のろ)い、怠(なま)ける、だらだらとして締まりがない◆気が回らない、緊張感がない、注意力や集中力
kk_我慢強い_がまんづよい,我慢強い,がまんづよい,我:◆自分の、主に所有格(my)や目的格(me)で用いられ、主格(I)では「吾」が用いられる、「我見(ガケン、私見、わたしの見解)」◆自分、自分を指す語、同「吾」「; 慢:◆緩(ゆる)む、ゆっくりとしたさま、だらだらとしているさま◆鈍(のろ)い、怠(なま)ける、だらだらとして締まりがない◆気が回らない、緊張感がない、注意力や集中力; 強:◆堅(かた)く曲がったり歪(ゆが)んだり弛(ゆる)んだりすることがないさま、どんな力にも揺(ゆら)らがないさま◆力や勢いがあるさま、体力・気力が漲(みなぎ)って,N3,on,mixed+on+mixed~,IL1_okurigana(kun 96%) | A1_compound_oku(kun 90%) | A1_on_kun_mix(on+kun 65%),我:◆自分の、主に所有格(my)や目的格(me)で用いられ、主格(I)では「吾」が用いられる、「我見(ガケン、私見、わたしの見解)」◆自分、自分を指す語、同「吾」「; 慢:◆緩(ゆる)む、ゆっくりとしたさま、だらだらとしているさま◆鈍(のろ)い、怠(なま)ける、だらだらとして締まりがない◆気が回らない、緊張感がない、注意力や集中力; 強:◆堅(かた)く曲がったり歪(ゆが)んだり弛(ゆる)んだりすることがないさま、どんな力にも揺(ゆら)らがないさま◆力や勢いがあるさま、体力・気力が漲(みなぎ)って
kk_或いは_あるいは,或いは,あるいは,或:◆あ・る、不特定の人や物事、「ある時」「ある人」「ある事」◆あるい・は、もしかしたら～、また～、他の例を挙げれば～◆惑(まど)う◆国、邦、同「國(国)」、「戈(,N3,kun,kun,IL1_okurigana(kun 96%) | IL2_single_okuri(kun 96%),或:◆あ・る、不特定の人や物事、「ある時」「ある人」「ある事」◆あるい・は、もしかしたら～、また～、他の例を挙げれば～◆惑(まど)う◆国、邦、同「國(国)」、「戈(
kk_戻す_もどす,戻す,もどす,戻:◆車の左右側の扉、「【說文解字注:戸部:戻】輜車旁推戶也(輜車者衣車也前後有蔽旁有可開之戶)」◆[日]もど・る、元と同じ状態になる、逆方向に向かって元の場所に帰,N3,kun,kun,IL1_okurigana(kun 96%) | IL2_single_okuri(kun 96%),戻:◆車の左右側の扉、「【說文解字注:戸部:戻】輜車旁推戶也(輜車者衣車也前後有蔽旁有可開之戶)」◆[日]もど・る、元と同じ状態になる、逆方向に向かって元の場所に帰
kk_扉_とびら,扉,とびら,扉:◆押したり引いたりして開閉する両開きの内と外との仕切り 、横方向に滑らせるようにして開閉するのは「戸」、一説に木製のものを「扉」、アシ(葦)などの草製のものを「,N3,kun,kun,IL2_single_default(kun 84%),扉:◆押したり引いたりして開閉する両開きの内と外との仕切り 、横方向に滑らせるようにして開閉するのは「戸」、一説に木製のものを「扉」、アシ(葦)などの草製のものを「
kk_手作り_てづくり,手作り,てづくり,手:◆体や物体の一部で、胴から分かれ出て伸び、持つ・握る・叩く・ものを作る・操作するなどの機能を持つ部分、掌(たなごころ)と指を合わせた全体、腕の先の部分 ◆自(み; 作:◆働(はたらく)く、力や手を加える、為(な)す、「作業(サギョウ)」「作為(サクイ)」◆力や手を加えることによって物事や状態を変化させる、また他に影響を与える、,N3,other,mixed+mixed~,IL1_okurigana(kun 96%) | A1_compound_oku(kun 90%) | A1_on_kun_mix(on+kun 65%),手:◆体や物体の一部で、胴から分かれ出て伸び、持つ・握る・叩く・ものを作る・操作するなどの機能を持つ部分、掌(たなごころ)と指を合わせた全体、腕の先の部分 ◆自(み; 作:◆働(はたらく)く、力や手を加える、為(な)す、「作業(サギョウ)」「作為(サクイ)」◆力や手を加えることによって物事や状態を変化させる、また他に影響を与える、
kk_手元_てもと,手元,てもと,手:◆体や物体の一部で、胴から分かれ出て伸び、持つ・握る・叩く・ものを作る・操作するなどの機能を持つ部分、掌(たなごころ)と指を合わせた全体、腕の先の部分 ◆自(み; 元:◆物事の発端(ホッタン)、起源、始まり、「元年(ガンネン)」◆物事の基(もと)となるもの、根本(コンポン)◆物事の先頭にあるもの、頭(かしら)、「元首(ゲンシュ,N3,kun,kun+kun~,A3_short_compound(on+on 71%) | B_verb_rad_手(kun 80%),手:◆体や物体の一部で、胴から分かれ出て伸び、持つ・握る・叩く・ものを作る・操作するなどの機能を持つ部分、掌(たなごころ)と指を合わせた全体、腕の先の部分 ◆自(み; 元:◆物事の発端(ホッタン)、起源、始まり、「元年(ガンネン)」◆物事の基(もと)となるもの、根本(コンポン)◆物事の先頭にあるもの、頭(かしら)、「元首(ゲンシュ
kk_手入れ_ていれ,手入れ,ていれ,手:◆体や物体の一部で、胴から分かれ出て伸び、持つ・握る・叩く・ものを作る・操作するなどの機能を持つ部分、掌(たなごころ)と指を合わせた全体、腕の先の部分 ◆自(み; 入:◆範囲・領域・組織や区切り・境界の外(外側、外部、表側、向こう側、公のところ)から内(内側、内部、裏側、こちら側、私的なところ)に移る、また移す、内から外へ移る,N3,kun,kun+kun,IL1_okurigana(kun 96%) | A1_compound_oku(kun 90%) | A1_on_kun_mix(on+kun 65%),手:◆体や物体の一部で、胴から分かれ出て伸び、持つ・握る・叩く・ものを作る・操作するなどの機能を持つ部分、掌(たなごころ)と指を合わせた全体、腕の先の部分 ◆自(み; 入:◆範囲・領域・組織や区切り・境界の外(外側、外部、表側、向こう側、公のところ)から内(内側、内部、裏側、こちら側、私的なところ)に移る、また移す、内から外へ移る
kk_手前_てまえ,手前,てまえ,手:◆体や物体の一部で、胴から分かれ出て伸び、持つ・握る・叩く・ものを作る・操作するなどの機能を持つ部分、掌(たなごころ)と指を合わせた全体、腕の先の部分 ◆自(み; 前:◆(前に)進む、またその方向、同「先」、「前途(ぜんと、目的地に向かう道のり、将来)」◆位置的には先の方向、時間的には過去の方向、順序では上位の方向、同「先」、,N3,kun,kun+kun~,A3_short_compound(on+on 71%) | B_verb_rad_手(kun 80%) | B_verb_rad_刀(kun 80%),手:◆体や物体の一部で、胴から分かれ出て伸び、持つ・握る・叩く・ものを作る・操作するなどの機能を持つ部分、掌(たなごころ)と指を合わせた全体、腕の先の部分 ◆自(み; 前:◆(前に)進む、またその方向、同「先」、「前途(ぜんと、目的地に向かう道のり、将来)」◆位置的には先の方向、時間的には過去の方向、順序では上位の方向、同「先」、
kk_手帳_てちょう,手帳,てちょう,手:◆体や物体の一部で、胴から分かれ出て伸び、持つ・握る・叩く・ものを作る・操作するなどの機能を持つ部分、掌(たなごころ)と指を合わせた全体、腕の先の部分 ◆自(み; 帳:◆帷(とばり)、目隠しや仕切りなどのために垂らす布、同「幔」「帷」「幬」◆幕を張る◆文字を書き付けるために紙を綴じたもの、ノートnote,N3,mixed,kun+on~,A3_short_compound(on+on 71%) | B_verb_rad_手(kun 80%) | B_noun_rad_巾(kun 93%),手:◆体や物体の一部で、胴から分かれ出て伸び、持つ・握る・叩く・ものを作る・操作するなどの機能を持つ部分、掌(たなごころ)と指を合わせた全体、腕の先の部分 ◆自(み; 帳:◆帷(とばり)、目隠しや仕切りなどのために垂らす布、同「幔」「帷」「幬」◆幕を張る◆文字を書き付けるために紙を綴じたもの、ノートnote
kk_手数料_てすうりょう,手数料,てすうりょう,手:◆体や物体の一部で、胴から分かれ出て伸び、持つ・握る・叩く・ものを作る・操作するなどの機能を持つ部分、掌(たなごころ)と指を合わせた全体、腕の先の部分 ◆自(み; 数:◆かず、同種のもの(繰り返されるもの)の多少を表す語◆かぞ・える、一つ二つ(一回二回)と計算する、またその多少◆細かい、煩(わずら)わしい◆しばしば、同じことを; 料:◆升(ます、枡)で米などの物の嵩(かさ)を量(はか)る◆人や物の資質(シシツ)を量る、推(お)し量る、見当を付ける◆ものを作る際に量を決めて使うもの、それを使っ,N3,on,on+on+on~,A4_multi_on(on+on+on 65%) | B_verb_rad_手(kun 80%),手:◆体や物体の一部で、胴から分かれ出て伸び、持つ・握る・叩く・ものを作る・操作するなどの機能を持つ部分、掌(たなごころ)と指を合わせた全体、腕の先の部分 ◆自(み; 数:◆かず、同種のもの(繰り返されるもの)の多少を表す語◆かぞ・える、一つ二つ(一回二回)と計算する、またその多少◆細かい、煩(わずら)わしい◆しばしば、同じことを; 料:◆升(ます、枡)で米などの物の嵩(かさ)を量(はか)る◆人や物の資質(シシツ)を量る、推(お)し量る、見当を付ける◆ものを作る際に量を決めて使うもの、それを使っ
kk_手段_しゅだん,手段,しゅだん,手:◆体や物体の一部で、胴から分かれ出て伸び、持つ・握る・叩く・ものを作る・操作するなどの機能を持つ部分、掌(たなごころ)と指を合わせた全体、腕の先の部分 ◆自(み; 段:◆上へ上へと積み重なって層をなしたものの、その一つ一つ◆物事などの区切り、文章などの区切り◆階位、等級,N3,on,on+on,A3_short_compound(on+on 71%) | B_verb_rad_手(kun 80%),手:◆体や物体の一部で、胴から分かれ出て伸び、持つ・握る・叩く・ものを作る・操作するなどの機能を持つ部分、掌(たなごころ)と指を合わせた全体、腕の先の部分 ◆自(み; 段:◆上へ上へと積み重なって層をなしたものの、その一つ一つ◆物事などの区切り、文章などの区切り◆階位、等級
kk_手続き_てつづき,手続き,てつづき,手:◆体や物体の一部で、胴から分かれ出て伸び、持つ・握る・叩く・ものを作る・操作するなどの機能を持つ部分、掌(たなごころ)と指を合わせた全体、腕の先の部分 ◆自(み; 続:◆切れることなく繋(つな)がる、また連(つら)なる◆前との関係を保ちながら次々に繋がって行く、「継続(ケイゾク)」「連続(レンゾク)」◆前の物事を受け、それを後,N3,kun,kun+kun,IL1_okurigana(kun 96%) | A1_compound_oku(kun 90%) | A1_on_kun_mix(on+kun 65%),手:◆体や物体の一部で、胴から分かれ出て伸び、持つ・握る・叩く・ものを作る・操作するなどの機能を持つ部分、掌(たなごころ)と指を合わせた全体、腕の先の部分 ◆自(み; 続:◆切れることなく繋(つな)がる、また連(つら)なる◆前との関係を保ちながら次々に繋がって行く、「継続(ケイゾク)」「連続(レンゾク)」◆前の物事を受け、それを後
kk_手術_しゅじゅつ,手術,しゅじゅつ,手:◆体や物体の一部で、胴から分かれ出て伸び、持つ・握る・叩く・ものを作る・操作するなどの機能を持つ部分、掌(たなごころ)と指を合わせた全体、腕の先の部分 ◆自(み; 術:◆市中を通る道、行き方◆やり方、方法・方策や手段、それを使いこなす能力◆取るべき道、従うべき決まり◆述べる、考えや思いを書き表す、或いは言い表す、同「述」,N3,on,on+on,A3_short_compound(on+on 71%) | B_verb_rad_手(kun 80%),手:◆体や物体の一部で、胴から分かれ出て伸び、持つ・握る・叩く・ものを作る・操作するなどの機能を持つ部分、掌(たなごころ)と指を合わせた全体、腕の先の部分 ◆自(み; 術:◆市中を通る道、行き方◆やり方、方法・方策や手段、それを使いこなす能力◆取るべき道、従うべき決まり◆述べる、考えや思いを書き表す、或いは言い表す、同「述」
kk_手配_てはい,手配,てはい,手:◆体や物体の一部で、胴から分かれ出て伸び、持つ・握る・叩く・ものを作る・操作するなどの機能を持つ部分、掌(たなごころ)と指を合わせた全体、腕の先の部分 ◆自(み; 配:◆釣り合いが取れるようにする、相応(ふさわ)しい形や状態にする◆幾つかのものを合わせて(結び付けて)整える、調和させる◆結婚した相手、また妻、「配偶(ハイグウ、,N3,mixed,kun+on~,A3_short_compound(on+on 71%) | B_verb_rad_手(kun 80%),手:◆体や物体の一部で、胴から分かれ出て伸び、持つ・握る・叩く・ものを作る・操作するなどの機能を持つ部分、掌(たなごころ)と指を合わせた全体、腕の先の部分 ◆自(み; 配:◆釣り合いが取れるようにする、相応(ふさわ)しい形や状態にする◆幾つかのものを合わせて(結び付けて)整える、調和させる◆結婚した相手、また妻、「配偶(ハイグウ、
kk_才能_さいのう,才能,さいのう,才:◆資質(シシツ)、素質(ソシツ)、もの本来が持つ性格や力、またそれを発揮すること、また発揮する人、「才能(サイノウ、素質と能力)」◆僅(わず)か～、ほんの少し～; 能:◆ことを成し遂(と)げる技量(ギリョウ)や力量(リキリョウ)、「能力(ノウリョク)」「才能(サイノウ)」◆十分に或いは上手にできる、～をすることができる(技能・,N3,on,on+on,B_verb_rad_手(kun 80%),才:◆資質(シシツ)、素質(ソシツ)、もの本来が持つ性格や力、またそれを発揮すること、また発揮する人、「才能(サイノウ、素質と能力)」◆僅(わず)か～、ほんの少し～; 能:◆ことを成し遂(と)げる技量(ギリョウ)や力量(リキリョウ)、「能力(ノウリョク)」「才能(サイノウ)」◆十分に或いは上手にできる、～をすることができる(技能・
kk_打ち合わせ_うちあわせ,打ち合わせ,うちあわせ,打:◆撃(う)つ、手や道具を物に当てる、叩(たた)く◆～する、「打消(ダショウ、取り消す、打ち消す)」「打撃(ダゲキ、撃つ)」「打開(ダカイ、開ける)」「打算(ダサ; 合:◆人や物が集まって一緒になる、また一つになる◆幾つかのものを集め一緒にする、幾つかのものが集まり同じになる◆同じものを纏(まと)めた全体◆ぴったりと一致する、当,N3,kun,kun+kun~,IL1_okurigana(kun 96%) | A1_compound_oku(kun 90%) | A1_on_kun_mix(on+kun 65%),打:◆撃(う)つ、手や道具を物に当てる、叩(たた)く◆～する、「打消(ダショウ、取り消す、打ち消す)」「打撃(ダゲキ、撃つ)」「打開(ダカイ、開ける)」「打算(ダサ; 合:◆人や物が集まって一緒になる、また一つになる◆幾つかのものを集め一緒にする、幾つかのものが集まり同じになる◆同じものを纏(まと)めた全体◆ぴったりと一致する、当
kk_打ち合わせる_うちあわせる,打ち合わせる,うちあわせる,打:◆撃(う)つ、手や道具を物に当てる、叩(たた)く◆～する、「打消(ダショウ、取り消す、打ち消す)」「打撃(ダゲキ、撃つ)」「打開(ダカイ、開ける)」「打算(ダサ; 合:◆人や物が集まって一緒になる、また一つになる◆幾つかのものを集め一緒にする、幾つかのものが集まり同じになる◆同じものを纏(まと)めた全体◆ぴったりと一致する、当,N3,kun,kun+kun~,IL1_okurigana(kun 96%) | A1_compound_oku(kun 90%) | A1_on_kun_mix(on+kun 65%),打:◆撃(う)つ、手や道具を物に当てる、叩(たた)く◆～する、「打消(ダショウ、取り消す、打ち消す)」「打撃(ダゲキ、撃つ)」「打開(ダカイ、開ける)」「打算(ダサ; 合:◆人や物が集まって一緒になる、また一つになる◆幾つかのものを集め一緒にする、幾つかのものが集まり同じになる◆同じものを纏(まと)めた全体◆ぴったりと一致する、当
kk_払い戻す_はらいもどす,払い戻す,はらいもどす,払:◆取る◆手(や用具)を左右に振って不要なものや邪魔なものを他に追いやる、同「拂」、本来「拂」は別字だが古くから「拂」の異体字として「払」が用いられた◆[日]代金; 戻:◆車の左右側の扉、「【說文解字注:戸部:戻】輜車旁推戶也(輜車者衣車也前後有蔽旁有可開之戶)」◆[日]もど・る、元と同じ状態になる、逆方向に向かって元の場所に帰,N3,mixed,kun+on~,IL1_okurigana(kun 96%) | A1_compound_oku(kun 90%) | A1_on_kun_mix(on+kun 65%),払:◆取る◆手(や用具)を左右に振って不要なものや邪魔なものを他に追いやる、同「拂」、本来「拂」は別字だが古くから「拂」の異体字として「払」が用いられた◆[日]代金; 戻:◆車の左右側の扉、「【說文解字注:戸部:戻】輜車旁推戶也(輜車者衣車也前後有蔽旁有可開之戶)」◆[日]もど・る、元と同じ状態になる、逆方向に向かって元の場所に帰
kk_批判_ひはん,批判,ひはん,批:◆平手で軽く摩(さす)る、(表面を)さぁっと撫(な)でる、同「𢱧」◆良し悪(あ)しや是非を判定する◆評価や意見、またその言葉、コメントcomment; 判:◆二つに分ける、二つに分かれる、同「牉」◆(正否・是非・真偽などを)はっきりと区別する、見分ける、「判決(ハンケツ)」◆はっきりとした(する)さま、はっきりと区,N3,on,on+on,A3_short_compound(on+on 71%) | B_verb_rad_手(kun 80%) | B_verb_rad_刀(kun 80%),批:◆平手で軽く摩(さす)る、(表面を)さぁっと撫(な)でる、同「𢱧」◆良し悪(あ)しや是非を判定する◆評価や意見、またその言葉、コメントcomment; 判:◆二つに分ける、二つに分かれる、同「牉」◆(正否・是非・真偽などを)はっきりと区別する、見分ける、「判決(ハンケツ)」◆はっきりとした(する)さま、はっきりと区
kk_批評_ひひょう,批評,ひひょう,批:◆平手で軽く摩(さす)る、(表面を)さぁっと撫(な)でる、同「𢱧」◆良し悪(あ)しや是非を判定する◆評価や意見、またその言葉、コメントcomment; 評:◆論じて価値や程度などを均(ひと)しく定める、理に適(かな)った或いは公平な判定を下す,N3,on,on+on,A3_short_compound(on+on 71%) | B_verb_rad_手(kun 80%) | B_verb_rad_言(kun 80%),批:◆平手で軽く摩(さす)る、(表面を)さぁっと撫(な)でる、同「𢱧」◆良し悪(あ)しや是非を判定する◆評価や意見、またその言葉、コメントcomment; 評:◆論じて価値や程度などを均(ひと)しく定める、理に適(かな)った或いは公平な判定を下す
kk_折角_せっかく,折角,せっかく,"折:◆まっすぐなものや平らなものを途中から""Ｖ""字形に曲げる、また曲げて畳む、同「㪿」、単に""Ｕ""字形のように曲げるのではなく折り目が付くようにしっかりと曲げること; 角:◆つの、動物などの頭部から突き出た骨質状また角質状のもの、またそのように先が尖ったもの、またそのように先が尖った状態◆(角を突き合わせて)力を競い合う◆すみ、か",N3,on,on+on,B_verb_rad_手(kun 80%),"折:◆まっすぐなものや平らなものを途中から""Ｖ""字形に曲げる、また曲げて畳む、同「㪿」、単に""Ｕ""字形のように曲げるのではなく折り目が付くようにしっかりと曲げること; 角:◆つの、動物などの頭部から突き出た骨質状また角質状のもの、またそのように先が尖ったもの、またそのように先が尖った状態◆(角を突き合わせて)力を競い合う◆すみ、か"
kk_抜く_ぬく,抜く,ぬく,抜:◆多くの中で一部だけが見えているところを掴んで引っ張り出す◆多くの中から必要なもの或いは不必要なものを選んで取り出す◆多くの中でそこだけ(それだけ)が突き出てい,N3,kun,kun,IL1_okurigana(kun 96%) | IL2_single_okuri(kun 96%) | B_verb_rad_手(kun 80%),抜:◆多くの中で一部だけが見えているところを掴んで引っ張り出す◆多くの中から必要なもの或いは不必要なものを選んで取り出す◆多くの中でそこだけ(それだけ)が突き出てい
kk_抜ける_ぬける,抜ける,ぬける,抜:◆多くの中で一部だけが見えているところを掴んで引っ張り出す◆多くの中から必要なもの或いは不必要なものを選んで取り出す◆多くの中でそこだけ(それだけ)が突き出てい,N3,kun,kun,IL1_okurigana(kun 96%) | IL2_single_okuri(kun 96%) | B_verb_rad_手(kun 80%),抜:◆多くの中で一部だけが見えているところを掴んで引っ張り出す◆多くの中から必要なもの或いは不必要なものを選んで取り出す◆多くの中でそこだけ(それだけ)が突き出てい
kk_抱く_いだく,抱く,いだく,抱:◆腕を回し胸の中に入れる、中に包み込む◆胸に(心に)考え・思いを持つ、同「懷」,N3,kun,kun,IL1_okurigana(kun 96%) | IL2_single_okuri(kun 96%) | B_verb_rad_手(kun 80%),抱:◆腕を回し胸の中に入れる、中に包み込む◆胸に(心に)考え・思いを持つ、同「懷」
kk_抱く_だく,抱く,だく,抱:◆腕を回し胸の中に入れる、中に包み込む◆胸に(心に)考え・思いを持つ、同「懷」,N3,kun,kun,IL1_okurigana(kun 96%) | IL2_single_okuri(kun 96%) | B_verb_rad_手(kun 80%),抱:◆腕を回し胸の中に入れる、中に包み込む◆胸に(心に)考え・思いを持つ、同「懷」
kk_押さえる_おさえる,押さえる,おさえる,押:◆手で力を加える、力を加え自由に動けないようにする、勝手に動かないようにする、拘束(コウソク)する◆署名(ショメイ)する、署名、自署(ジショ)、「押署(オウショ,N3,kun,kun,IL1_okurigana(kun 96%) | IL2_single_okuri(kun 96%) | B_verb_rad_手(kun 80%),押:◆手で力を加える、力を加え自由に動けないようにする、勝手に動かないようにする、拘束(コウソク)する◆署名(ショメイ)する、署名、自署(ジショ)、「押署(オウショ
kk_担任_たんにん,担任,たんにん,担:◆(ゴミなどを払うように)軽く叩(はた)く、叩(たた)くようにして払う、同「撣」[†現在はこの意で「担」を用いることはない†]◆荷を肩に載せる、背に載せるのは「; 任:◆役目や仕事を与える、また委(ゆだ)ねる、また託(たく)す、「任命(ニンメイ)」◆(仕事を託し、その)扱いをその人の裁量(サイリョウ)に委ねる、「放任(ホウニン,N3,on,on+on,B_verb_rad_手(kun 80%),担:◆(ゴミなどを払うように)軽く叩(はた)く、叩(たた)くようにして払う、同「撣」[†現在はこの意で「担」を用いることはない†]◆荷を肩に載せる、背に載せるのは「; 任:◆役目や仕事を与える、また委(ゆだ)ねる、また託(たく)す、「任命(ニンメイ)」◆(仕事を託し、その)扱いをその人の裁量(サイリョウ)に委ねる、「放任(ホウニン
kk_担当_たんとう,担当,たんとう,担:◆(ゴミなどを払うように)軽く叩(はた)く、叩(たた)くようにして払う、同「撣」[†現在はこの意で「担」を用いることはない†]◆荷を肩に載せる、背に載せるのは「; 当:◆正面からぶつかる、正面から向き合う、相対する、同「噹」◆適合する、相応しい◆受け持つ、引き受ける◆そうするべき、そうあるべき◆この(this)、今、此処(ここ,N3,on,on+on,B_verb_rad_手(kun 80%),担:◆(ゴミなどを払うように)軽く叩(はた)く、叩(たた)くようにして払う、同「撣」[†現在はこの意で「担」を用いることはない†]◆荷を肩に載せる、背に載せるのは「; 当:◆正面からぶつかる、正面から向き合う、相対する、同「噹」◆適合する、相応しい◆受け持つ、引き受ける◆そうするべき、そうあるべき◆この(this)、今、此処(ここ
kk_拍手_はくしゅ,拍手,はくしゅ,拍:◆両手を(軽く、ぱんぱんと)打ち合せる◆リズムrhythmや脈(みゃく)などの波状に繰り返される高低や強弱の一周期; 手:◆体や物体の一部で、胴から分かれ出て伸び、持つ・握る・叩く・ものを作る・操作するなどの機能を持つ部分、掌(たなごころ)と指を合わせた全体、腕の先の部分 ◆自(み,N3,on,on+on,A3_short_compound(on+on 71%) | B_verb_rad_手(kun 80%) | B_verb_rad_手(kun 80%),拍:◆両手を(軽く、ぱんぱんと)打ち合せる◆リズムrhythmや脈(みゃく)などの波状に繰り返される高低や強弱の一周期; 手:◆体や物体の一部で、胴から分かれ出て伸び、持つ・握る・叩く・ものを作る・操作するなどの機能を持つ部分、掌(たなごころ)と指を合わせた全体、腕の先の部分 ◆自(み
kk_拝啓_はいけい,拝啓,はいけい,拝:◆対面した相手に敬意・弔意や恭順・感謝などの意を示すために、跪(ひざまず)く・頭を下げる・手を合わせるなどの動作をする、同「𣬊」「𢷎」、「【通典:卷四十八:禮八; 啓:◆閉じていた戸や門を押し開く、押し広げる、覆っていたものを取り払って明け放つ、同「启」◆開(ひら)ける、明(あ)ける、明るくなる、同「启」◆覆われていて見えなか,N3,on,on+on,B_verb_rad_手(kun 80%),拝:◆対面した相手に敬意・弔意や恭順・感謝などの意を示すために、跪(ひざまず)く・頭を下げる・手を合わせるなどの動作をする、同「𣬊」「𢷎」、「【通典:卷四十八:禮八; 啓:◆閉じていた戸や門を押し開く、押し広げる、覆っていたものを取り払って明け放つ、同「启」◆開(ひら)ける、明(あ)ける、明るくなる、同「启」◆覆われていて見えなか
kk_拡大_かくだい,拡大,かくだい,拡:◆大きく広げる、いっぱいに広げる、また広がる、一面に広がる、同「撗」「㨯」; 大:◆形・数・量・力・程度などが比較しようとしているもの以上である、求められる(必要とされる、必要な)形・数・量・力・程度などを超(こ)えている、優(すぐ)れる、長,N3,on,on+on,B_verb_rad_手(kun 80%),拡:◆大きく広げる、いっぱいに広げる、また広がる、一面に広がる、同「撗」「㨯」; 大:◆形・数・量・力・程度などが比較しようとしているもの以上である、求められる(必要とされる、必要な)形・数・量・力・程度などを超(こ)えている、優(すぐ)れる、長
kk_拡張_かくちょう,拡張,かくちょう,拡:◆大きく広げる、いっぱいに広げる、また広がる、一面に広がる、同「撗」「㨯」; 張:◆弓や弦楽器の弦(ゲン、つる)を弛(たる)まないように掛ける、二点間に糸や網などを渡す◆弛(ゆる)みがないようにぴんと伸ばす、皺(しわ)にならないようにぴんと延,N3,on,on+on,B_verb_rad_手(kun 80%),拡:◆大きく広げる、いっぱいに広げる、また広がる、一面に広がる、同「撗」「㨯」; 張:◆弓や弦楽器の弦(ゲン、つる)を弛(たる)まないように掛ける、二点間に糸や網などを渡す◆弛(ゆる)みがないようにぴんと伸ばす、皺(しわ)にならないようにぴんと延
kk_持ち帰り_もちかえり,持ち帰り,もちかえり,持:◆ぐっと握(にぎ)る、しっかりと掴(つか)む◆しっかりと守る、そのままの状態を保つ、「持久(ジキュウ、長く保ち続ける)」◆しっかりと支える、「支持(シジ)」◆「; 帰:◆女性が他家に嫁(とつ)ぐ、嫁(よめ)に行く、女性を自家に迎えることを「來歸(ライキ、来帰)」◆元の(本来の)状態や位置に戻る、同「皈」「𢅨」「䢜」「𣦨」◆元の,N3,mixed,on+kun~,IL1_okurigana(kun 96%) | A1_compound_oku(kun 90%) | A1_on_kun_mix(on+kun 65%),持:◆ぐっと握(にぎ)る、しっかりと掴(つか)む◆しっかりと守る、そのままの状態を保つ、「持久(ジキュウ、長く保ち続ける)」◆しっかりと支える、「支持(シジ)」◆「; 帰:◆女性が他家に嫁(とつ)ぐ、嫁(よめ)に行く、女性を自家に迎えることを「來歸(ライキ、来帰)」◆元の(本来の)状態や位置に戻る、同「皈」「𢅨」「䢜」「𣦨」◆元の
kk_持ち歩く_もちあるく,持ち歩く,もちあるく,持:◆ぐっと握(にぎ)る、しっかりと掴(つか)む◆しっかりと守る、そのままの状態を保つ、「持久(ジキュウ、長く保ち続ける)」◆しっかりと支える、「支持(シジ)」◆「; 歩:◆片足を地に着け止め、残る片足を前に運んで止める、という動作を左右の足で交互に繰り返す、この動作を速く繰り返すことを「走」◆物事が前に進む、またその進み具合◆左,N3,mixed,on+kun~,IL1_okurigana(kun 96%) | A1_compound_oku(kun 90%) | A1_on_kun_mix(on+kun 65%),持:◆ぐっと握(にぎ)る、しっかりと掴(つか)む◆しっかりと守る、そのままの状態を保つ、「持久(ジキュウ、長く保ち続ける)」◆しっかりと支える、「支持(シジ)」◆「; 歩:◆片足を地に着け止め、残る片足を前に運んで止める、という動作を左右の足で交互に繰り返す、この動作を速く繰り返すことを「走」◆物事が前に進む、またその進み具合◆左
kk_持ち物_もちもの,持ち物,もちもの,持:◆ぐっと握(にぎ)る、しっかりと掴(つか)む◆しっかりと守る、そのままの状態を保つ、「持久(ジキュウ、長く保ち続ける)」◆しっかりと支える、「支持(シジ)」◆「; 物:◆(天地の間に存在する)人以外の形のあるもの、人は「者」、形のないものは「事」,N3,on,on+on~,IL1_okurigana(kun 96%) | A1_compound_oku(kun 90%) | A1_on_kun_mix(on+kun 65%),持:◆ぐっと握(にぎ)る、しっかりと掴(つか)む◆しっかりと守る、そのままの状態を保つ、「持久(ジキュウ、長く保ち続ける)」◆しっかりと支える、「支持(シジ)」◆「; 物:◆(天地の間に存在する)人以外の形のあるもの、人は「者」、形のないものは「事」
kk_持てる_もてる,持てる,もてる,持:◆ぐっと握(にぎ)る、しっかりと掴(つか)む◆しっかりと守る、そのままの状態を保つ、「持久(ジキュウ、長く保ち続ける)」◆しっかりと支える、「支持(シジ)」◆「,N3,kun,kun,IL1_okurigana(kun 96%) | IL2_single_okuri(kun 96%) | B_verb_rad_手(kun 80%),持:◆ぐっと握(にぎ)る、しっかりと掴(つか)む◆しっかりと守る、そのままの状態を保つ、「持久(ジキュウ、長く保ち続ける)」◆しっかりと支える、「支持(シジ)」◆「
kk_指先_ゆびさき,指先,ゆびさき,指:◆ゆび、手足の先に伸び出た体の一部 ◆ゆび・さす、さ・す、物事の方向を示す◆意図するところ、考え、意向、同「旨」; 先:◆基準になる位置や時間よりも前、同「前」、逆は「後」◆前に向かって進む、またその方向、同「前」◆以前、時間的に過去の方向◆ま・ず、最初に、～の前に,N3,kun,kun+kun~,B_verb_rad_手(kun 80%),指:◆ゆび、手足の先に伸び出た体の一部 ◆ゆび・さす、さ・す、物事の方向を示す◆意図するところ、考え、意向、同「旨」; 先:◆基準になる位置や時間よりも前、同「前」、逆は「後」◆前に向かって進む、またその方向、同「前」◆以前、時間的に過去の方向◆ま・ず、最初に、～の前に
kk_指名_しめい,指名,しめい,指:◆ゆび、手足の先に伸び出た体の一部 ◆ゆび・さす、さ・す、物事の方向を示す◆意図するところ、考え、意向、同「旨」; 名:◆人に付ける呼称、また動物・もの・出来事などを呼んだり指し示したり識別したりするためにその各々に付ける呼称、「名称(メイショウ)」◆呼称を付ける、「命名(メイメ,N3,on,on+on,A3_short_compound(on+on 71%) | B_verb_rad_手(kun 80%),指:◆ゆび、手足の先に伸び出た体の一部 ◆ゆび・さす、さ・す、物事の方向を示す◆意図するところ、考え、意向、同「旨」; 名:◆人に付ける呼称、また動物・もの・出来事などを呼んだり指し示したり識別したりするためにその各々に付ける呼称、「名称(メイショウ)」◆呼称を付ける、「命名(メイメ
kk_指定_してい,指定,してい,指:◆ゆび、手足の先に伸び出た体の一部 ◆ゆび・さす、さ・す、物事の方向を示す◆意図するところ、考え、意向、同「旨」; 定:◆さだ・まる、動きや乱れが鎮(しず)まって変化・変動しない状態になる、平静になる、落ち着く、「鎮定(チンテイ)」◆さだ・める、動いたり揺らいだりしない状態にする,N3,on,on+on,A3_short_compound(on+on 71%) | B_verb_rad_手(kun 80%) | B_noun_rad_宀(kun 93%),指:◆ゆび、手足の先に伸び出た体の一部 ◆ゆび・さす、さ・す、物事の方向を示す◆意図するところ、考え、意向、同「旨」; 定:◆さだ・まる、動きや乱れが鎮(しず)まって変化・変動しない状態になる、平静になる、落ち着く、「鎮定(チンテイ)」◆さだ・める、動いたり揺らいだりしない状態にする
kk_指定席_していせき,指定席,していせき,指:◆ゆび、手足の先に伸び出た体の一部 ◆ゆび・さす、さ・す、物事の方向を示す◆意図するところ、考え、意向、同「旨」; 定:◆さだ・まる、動きや乱れが鎮(しず)まって変化・変動しない状態になる、平静になる、落ち着く、「鎮定(チンテイ)」◆さだ・める、動いたり揺らいだりしない状態にする; 席:◆むしろ、竹や藁(わら、乾燥させた草の茎)を並べ紐(ひも)で編んだ敷物、人が座ったり横になったりするところに敷くもの、同「蓆」◆座るところ、居並ぶ時の座る位置◆,N3,on,on+on+on,A4_multi_on(on+on+on 65%) | B_verb_rad_手(kun 80%) | B_noun_rad_宀(kun 93%),指:◆ゆび、手足の先に伸び出た体の一部 ◆ゆび・さす、さ・す、物事の方向を示す◆意図するところ、考え、意向、同「旨」; 定:◆さだ・まる、動きや乱れが鎮(しず)まって変化・変動しない状態になる、平静になる、落ち着く、「鎮定(チンテイ)」◆さだ・める、動いたり揺らいだりしない状態にする; 席:◆むしろ、竹や藁(わら、乾燥させた草の茎)を並べ紐(ひも)で編んだ敷物、人が座ったり横になったりするところに敷くもの、同「蓆」◆座るところ、居並ぶ時の座る位置◆
kk_指導_しどう,指導,しどう,指:◆ゆび、手足の先に伸び出た体の一部 ◆ゆび・さす、さ・す、物事の方向を示す◆意図するところ、考え、意向、同「旨」; 導:◆道案内する、手引きする、行く道を誤らないように手助けする、同「道」,N3,on,on+on,A3_short_compound(on+on 71%) | B_verb_rad_手(kun 80%),指:◆ゆび、手足の先に伸び出た体の一部 ◆ゆび・さす、さ・す、物事の方向を示す◆意図するところ、考え、意向、同「旨」; 導:◆道案内する、手引きする、行く道を誤らないように手助けする、同「道」
kk_指示_しじ,指示,しじ,指:◆ゆび、手足の先に伸び出た体の一部 ◆ゆび・さす、さ・す、物事の方向を示す◆意図するところ、考え、意向、同「旨」; 示:◆(天上の神が地上のものに齎す物事の意思・意図を)はっきりと分かるように目の前に出して見せる、また見せて知らしめる、同「視」◆しめす、しめすへん、部首名,N3,on,on+on,A3_short_compound(on+on 71%) | B_verb_rad_手(kun 80%),指:◆ゆび、手足の先に伸び出た体の一部 ◆ゆび・さす、さ・す、物事の方向を示す◆意図するところ、考え、意向、同「旨」; 示:◆(天上の神が地上のものに齎す物事の意思・意図を)はっきりと分かるように目の前に出して見せる、また見せて知らしめる、同「視」◆しめす、しめすへん、部首名
kk_挟む_はさむ,挟む,はさむ,挟:◆ものを腋(わき)の下に入れ腕を降ろし脇腹との間で押さえる、両側から(落ちないように)押さえ支える、同「夾」◆両側から押え付けて動かないようにする◆両側から押え,N3,kun,kun,IL1_okurigana(kun 96%) | IL2_single_okuri(kun 96%) | B_verb_rad_手(kun 80%),挟:◆ものを腋(わき)の下に入れ腕を降ろし脇腹との間で押さえる、両側から(落ちないように)押さえ支える、同「夾」◆両側から押え付けて動かないようにする◆両側から押え
kk_振り_ふり,振り,ふり,振:◆揺(ゆ)する、揺るがす、揺り動かす◆揺すって奮(ふる)い起こす、また奮い立たせる◆励(はげ)ます、励まし救(すく)う◆盛んなさま、勢(いきお)いがあるさま、「,N3,kun,kun,IL1_okurigana(kun 96%) | IL2_single_okuri(kun 96%) | B_verb_rad_手(kun 80%),振:◆揺(ゆ)する、揺るがす、揺り動かす◆揺すって奮(ふる)い起こす、また奮い立たせる◆励(はげ)ます、励まし救(すく)う◆盛んなさま、勢(いきお)いがあるさま、「
kk_振り出す_ふりだす,振り出す,ふりだす,振:◆揺(ゆ)する、揺るがす、揺り動かす◆揺すって奮(ふる)い起こす、また奮い立たせる◆励(はげ)ます、励まし救(すく)う◆盛んなさま、勢(いきお)いがあるさま、「; 出:◆範囲・領域・組織や区切り・境界の内(内側、内部、裏側、こちら側、私的なところ)から外(外側、外部、表側、向こう側、公のところ)に移る、また移す、外から内へ移る,N3,kun,kun+kun~,IL1_okurigana(kun 96%) | A1_compound_oku(kun 90%) | A1_on_kun_mix(on+kun 65%),振:◆揺(ゆ)する、揺るがす、揺り動かす◆揺すって奮(ふる)い起こす、また奮い立たせる◆励(はげ)ます、励まし救(すく)う◆盛んなさま、勢(いきお)いがあるさま、「; 出:◆範囲・領域・組織や区切り・境界の内(内側、内部、裏側、こちら側、私的なところ)から外(外側、外部、表側、向こう側、公のところ)に移る、また移す、外から内へ移る
kk_振り込む_ふりこむ,振り込む,ふりこむ,振:◆揺(ゆ)する、揺るがす、揺り動かす◆揺すって奮(ふる)い起こす、また奮い立たせる◆励(はげ)ます、励まし救(すく)う◆盛んなさま、勢(いきお)いがあるさま、「; 込:◆[日]中に(内に、裏に、見えないところに)入(はい)る、入(い)れる,N3,kun,kun+kun~,IL1_okurigana(kun 96%) | A1_compound_oku(kun 90%) | A1_on_kun_mix(on+kun 65%),振:◆揺(ゆ)する、揺るがす、揺り動かす◆揺すって奮(ふる)い起こす、また奮い立たせる◆励(はげ)ます、励まし救(すく)う◆盛んなさま、勢(いきお)いがあるさま、「; 込:◆[日]中に(内に、裏に、見えないところに)入(はい)る、入(い)れる
kk_振る舞う_ふるまう,振る舞う,ふるまう,振:◆揺(ゆ)する、揺るがす、揺り動かす◆揺すって奮(ふる)い起こす、また奮い立たせる◆励(はげ)ます、励まし救(すく)う◆盛んなさま、勢(いきお)いがあるさま、「; 舞:◆手足や体を動かし踊(おど)り喜怒哀楽(キドアイラク)を表現する、同「儛」「𦐀」◆(舞うように)飛ぶ、(舞うように)揺(ゆ)らす◆弄(いじ)くって変えてしまう,N3,kun,kun+kun~,IL1_okurigana(kun 96%) | A1_compound_oku(kun 90%) | A1_on_kun_mix(on+kun 65%),振:◆揺(ゆ)する、揺るがす、揺り動かす◆揺すって奮(ふる)い起こす、また奮い立たせる◆励(はげ)ます、励まし救(すく)う◆盛んなさま、勢(いきお)いがあるさま、「; 舞:◆手足や体を動かし踊(おど)り喜怒哀楽(キドアイラク)を表現する、同「儛」「𦐀」◆(舞うように)飛ぶ、(舞うように)揺(ゆ)らす◆弄(いじ)くって変えてしまう
kk_挿す_さす,挿す,さす,挿:◆細長いもの(先が尖ったもの)を刺し入れる◆空いたところ(隙間や穴)に差し入れる,N3,kun,kun,IL1_okurigana(kun 96%) | IL2_single_okuri(kun 96%) | B_verb_rad_手(kun 80%),挿:◆細長いもの(先が尖ったもの)を刺し入れる◆空いたところ(隙間や穴)に差し入れる
kk_捕まる_つかまる,捕まる,つかまる,捕:◆(逃げるものを追いかけて、或いは隠れているもの捜し出して)掴(つか)まえる、捉(つか)まえる、取り押さえる,N3,kun,kun,IL1_okurigana(kun 96%) | IL2_single_okuri(kun 96%) | B_verb_rad_手(kun 80%),捕:◆(逃げるものを追いかけて、或いは隠れているもの捜し出して)掴(つか)まえる、捉(つか)まえる、取り押さえる
kk_掃く_はく,掃く,はく,掃:◆箒(ほうき)などで埃(ほこり)や塵(ちり)などを払(はら)う、また払ってきれいにする、同「埽」◆払い除(の)ける,N3,kun,kun,IL1_okurigana(kun 96%) | IL2_single_okuri(kun 96%) | B_verb_rad_手(kun 80%),掃:◆箒(ほうき)などで埃(ほこり)や塵(ちり)などを払(はら)う、また払ってきれいにする、同「埽」◆払い除(の)ける
kk_授業料_じゅぎょうりょう,授業料,じゅぎょうりょう,授:◆上位者が下位者に直接(手渡しで)与える、また教える、下位者が上位者から直接(手渡しで)賜(たまわ)る、また給(たま)わる; 業:◆鍾(ショウ)や磬(ケイ)などの打楽器を吊るすための横木(筍)の上の横板、吊るした楽器の位置が演奏中にずれないように凹みや突起がついていたという、「业」はそれを; 料:◆升(ます、枡)で米などの物の嵩(かさ)を量(はか)る◆人や物の資質(シシツ)を量る、推(お)し量る、見当を付ける◆ものを作る際に量を決めて使うもの、それを使っ,N3,on,on+on+on,A4_multi_on(on+on+on 65%) | B_verb_rad_手(kun 80%) | B_noun_rad_木(kun 93%),授:◆上位者が下位者に直接(手渡しで)与える、また教える、下位者が上位者から直接(手渡しで)賜(たまわ)る、また給(たま)わる; 業:◆鍾(ショウ)や磬(ケイ)などの打楽器を吊るすための横木(筍)の上の横板、吊るした楽器の位置が演奏中にずれないように凹みや突起がついていたという、「业」はそれを; 料:◆升(ます、枡)で米などの物の嵩(かさ)を量(はか)る◆人や物の資質(シシツ)を量る、推(お)し量る、見当を付ける◆ものを作る際に量を決めて使うもの、それを使っ
kk_掘る_ほる,掘る,ほる,"掘:◆穴を穿(うが)って土や岩を取り出す◆土や岩などを""Ｕ""字状(垂直方向)・""⊂""字状(水平方向)に穿つ、また抉(えぐ)る、同「堀」、そのようにしてできた穴、同「",N3,kun,kun,IL1_okurigana(kun 96%) | IL2_single_okuri(kun 96%) | B_verb_rad_手(kun 80%),"掘:◆穴を穿(うが)って土や岩を取り出す◆土や岩などを""Ｕ""字状(垂直方向)・""⊂""字状(水平方向)に穿つ、また抉(えぐ)る、同「堀」、そのようにしてできた穴、同「"
kk_採点_さいてん,採点,さいてん,採:◆指先で摘(つま)み取る、選び取る、同簡「采」◆燃料にする小さい木、大きいものは「薪」; 点:◆小さな(黒い)染(し)み・瑕(きず)・印(しるし)、またそのようなものを付ける、「汚点(オテン)」◆小さく狭く限られた場所・範囲・位置・事柄、「地点(チテン),N3,on,on+on,B_verb_rad_手(kun 80%),採:◆指先で摘(つま)み取る、選び取る、同簡「采」◆燃料にする小さい木、大きいものは「薪」; 点:◆小さな(黒い)染(し)み・瑕(きず)・印(しるし)、またそのようなものを付ける、「汚点(オテン)」◆小さく狭く限られた場所・範囲・位置・事柄、「地点(チテン)
kk_採用_さいよう,採用,さいよう,採:◆指先で摘(つま)み取る、選び取る、同簡「采」◆燃料にする小さい木、大きいものは「薪」; 用:◆人や物、或いはその特性や能力を使う、また使ってあることを行う、また役立たせる◆働かせる、発揮させる、またそのために必要な特性・能力・金銭など◆以(もっ)て◆[,N3,on,on+on,B_verb_rad_手(kun 80%),採:◆指先で摘(つま)み取る、選び取る、同簡「采」◆燃料にする小さい木、大きいものは「薪」; 用:◆人や物、或いはその特性や能力を使う、また使ってあることを行う、また役立たせる◆働かせる、発揮させる、またそのために必要な特性・能力・金銭など◆以(もっ)て◆[
kk_接待_せったい,接待,せったい,接:◆二つのものが間近(まぢか)まで近づく、ぴったりと寄る◆交(まじ)える、触れ合わせる◆(人と)触れ合う、親しく交わる◆近くまで寄ってくるもの(寄ってきたもの)を; 待:◆その人・時間・機会などが来るまで(その状態になるまで)その場に止(とど)まる、同「𥩳」◆持て成す(もてなす)、準備を整えて応接する、心を尽くして応対する◆「不,N3,on,on+on,B_verb_rad_手(kun 80%),接:◆二つのものが間近(まぢか)まで近づく、ぴったりと寄る◆交(まじ)える、触れ合わせる◆(人と)触れ合う、親しく交わる◆近くまで寄ってくるもの(寄ってきたもの)を; 待:◆その人・時間・機会などが来るまで(その状態になるまで)その場に止(とど)まる、同「𥩳」◆持て成す(もてなす)、準備を整えて応接する、心を尽くして応対する◆「不
kk_掬う_すくう,掬う,すくう,掬:◆両手を上に向け皿状また椀状に作りそこに物を載(の)せる、また液体を汲(く)む、同「𥵱」、片手は「匊」,N3,kun,kun,IL1_okurigana(kun 96%) | IL2_single_okuri(kun 96%) | B_verb_rad_手(kun 80%),掬:◆両手を上に向け皿状また椀状に作りそこに物を載(の)せる、また液体を汲(く)む、同「𥵱」、片手は「匊」
kk_掲示板_けいじばん,掲示板,けいじばん,掲:◆高く上げる、高く差し上げる◆(旗や目印などを付けた)棒や竿(さお)などを立てる、人の目に入るように高く上げる◆持ち上げる、(衣服の裾すそなどを)たくし上げる; 示:◆(天上の神が地上のものに齎す物事の意思・意図を)はっきりと分かるように目の前に出して見せる、また見せて知らしめる、同「視」◆しめす、しめすへん、部首名; 板:◆薄く平らな木、薄く平らなもの◆印刷する文字や絵などを彫(ほ)り込んだ板、同「版」◆(古くは板に書かれたことから)詔書(ショウショ)、文書、「【後漢書:卷八十四,N3,on,on+on+on,A4_multi_on(on+on+on 65%) | B_verb_rad_手(kun 80%) | B_noun_rad_木(kun 93%),掲:◆高く上げる、高く差し上げる◆(旗や目印などを付けた)棒や竿(さお)などを立てる、人の目に入るように高く上げる◆持ち上げる、(衣服の裾すそなどを)たくし上げる; 示:◆(天上の神が地上のものに齎す物事の意思・意図を)はっきりと分かるように目の前に出して見せる、また見せて知らしめる、同「視」◆しめす、しめすへん、部首名; 板:◆薄く平らな木、薄く平らなもの◆印刷する文字や絵などを彫(ほ)り込んだ板、同「版」◆(古くは板に書かれたことから)詔書(ショウショ)、文書、「【後漢書:卷八十四
kk_掴む_つかむ,掴む,つかむ,掴:◆(耳や頬の辺りを)平手で殴る、びんたを食らわす◆[日]つか・む、手の中に包み入れて握る、掌と指全体を使って握る,N3,kun,kun,IL1_okurigana(kun 96%) | IL2_single_okuri(kun 96%) | B_verb_rad_手(kun 80%),掴:◆(耳や頬の辺りを)平手で殴る、びんたを食らわす◆[日]つか・む、手の中に包み入れて握る、掌と指全体を使って握る
kk_掻く_かく,掻く,かく,掻:◆爪を立て引っ掛けるようにして引く、また爪立ててものを寄せ集める◆騒ぐ、同「騒」◆[日]手を忙(せわ)しく動かすさま,N3,kun,kun,IL1_okurigana(kun 96%) | IL2_single_okuri(kun 96%) | B_verb_rad_手(kun 80%),掻:◆爪を立て引っ掛けるようにして引く、また爪立ててものを寄せ集める◆騒ぐ、同「騒」◆[日]手を忙(せわ)しく動かすさま
kk_揃う_そろう,揃う,そろう,揃:◆鋏(はさみ)や鎌(かま)などで端を切り落とす、(無駄なものや不揃いのものを)切って先端を或いは全体を整える、同「剪」◆絶(た)つ、根刮(ねこそ)ぎにする、滅ぼ,N3,kun,kun,IL1_okurigana(kun 96%) | IL2_single_okuri(kun 96%) | B_verb_rad_手(kun 80%),揃:◆鋏(はさみ)や鎌(かま)などで端を切り落とす、(無駄なものや不揃いのものを)切って先端を或いは全体を整える、同「剪」◆絶(た)つ、根刮(ねこそ)ぎにする、滅ぼ
kk_揃える_そろえる,揃える,そろえる,揃:◆鋏(はさみ)や鎌(かま)などで端を切り落とす、(無駄なものや不揃いのものを)切って先端を或いは全体を整える、同「剪」◆絶(た)つ、根刮(ねこそ)ぎにする、滅ぼ,N3,kun,kun,IL1_okurigana(kun 96%) | IL2_single_okuri(kun 96%) | B_verb_rad_手(kun 80%),揃:◆鋏(はさみ)や鎌(かま)などで端を切り落とす、(無駄なものや不揃いのものを)切って先端を或いは全体を整える、同「剪」◆絶(た)つ、根刮(ねこそ)ぎにする、滅ぼ
kk_揉む_もむ,揉む,もむ,揉:◆曲げたり伸ばしたりする、またそうして柔らかくする◆おとなしくさせる、懐柔(カイジュウ)する,N3,kun,kun,IL1_okurigana(kun 96%) | IL2_single_okuri(kun 96%) | B_verb_rad_手(kun 80%),揉:◆曲げたり伸ばしたりする、またそうして柔らかくする◆おとなしくさせる、懐柔(カイジュウ)する
kk_描く_えがく,描く,えがく,描:◆ものの姿形(すがたかたち)を詳細に写す、絵を画(えが)く,N3,kun,kun,IL1_okurigana(kun 96%) | IL2_single_okuri(kun 96%) | B_verb_rad_手(kun 80%),描:◆ものの姿形(すがたかたち)を詳細に写す、絵を画(えが)く
kk_描く_かく,描く,かく,描:◆ものの姿形(すがたかたち)を詳細に写す、絵を画(えが)く,N3,kun,kun,IL1_okurigana(kun 96%) | IL2_single_okuri(kun 96%) | B_verb_rad_手(kun 80%),描:◆ものの姿形(すがたかたち)を詳細に写す、絵を画(えが)く
kk_提出_ていしゅつ,提出,ていしゅつ,提:◆さ・げる、垂らすようにして持つ、下げるようにして持つ◆持ち上げる、引き上げる◆(話や課題などを)取り上げる、持ち出す、「提起(テイキ)」「提案(テイアン)」◆; 出:◆範囲・領域・組織や区切り・境界の内(内側、内部、裏側、こちら側、私的なところ)から外(外側、外部、表側、向こう側、公のところ)に移る、また移す、外から内へ移る,N3,on,on+on,B_verb_rad_手(kun 80%),提:◆さ・げる、垂らすようにして持つ、下げるようにして持つ◆持ち上げる、引き上げる◆(話や課題などを)取り上げる、持ち出す、「提起(テイキ)」「提案(テイアン)」◆; 出:◆範囲・領域・組織や区切り・境界の内(内側、内部、裏側、こちら側、私的なところ)から外(外側、外部、表側、向こう側、公のところ)に移る、また移す、外から内へ移る
kk_揚げる_あげる,揚げる,あげる,揚:◆高く上がる、高く上げる◆(気持ちや声などが)高まる、高める◆(名前や評判などが)高まり広まる、広く伝わる◆[日]熱した油の中に食材を入れて調理する,N3,kun,kun,IL1_okurigana(kun 96%) | IL2_single_okuri(kun 96%) | B_verb_rad_手(kun 80%),揚:◆高く上がる、高く上げる◆(気持ちや声などが)高まる、高める◆(名前や評判などが)高まり広まる、広く伝わる◆[日]熱した油の中に食材を入れて調理する
kk_換気_かんき,換気,かんき,換:◆今あるものをそれまでのものとは別のものに替える; 気:◆中国古来の考えで、天地全ての事物の基本要素、目に見えず形状は一定しない、あらゆる事物の生死・盛衰などの変化・変動はこの「気」の移動・集散によるものと考えられた,N3,on,on+on,A3_short_compound(on+on 71%) | B_verb_rad_手(kun 80%),換:◆今あるものをそれまでのものとは別のものに替える; 気:◆中国古来の考えで、天地全ての事物の基本要素、目に見えず形状は一定しない、あらゆる事物の生死・盛衰などの変化・変動はこの「気」の移動・集散によるものと考えられた
kk_握る_にぎる,握る,にぎる,握:◆掌(てのひら)と五本の指でしっかりと掴(つか)む◆しっかりと手の中に入れる◆一掴(ひとつか)み(片手で握った量),N3,kun,kun,IL1_okurigana(kun 96%) | IL2_single_okuri(kun 96%) | B_verb_rad_手(kun 80%),握:◆掌(てのひら)と五本の指でしっかりと掴(つか)む◆しっかりと手の中に入れる◆一掴(ひとつか)み(片手で握った量)
kk_握手_あくしゅ,握手,あくしゅ,握:◆掌(てのひら)と五本の指でしっかりと掴(つか)む◆しっかりと手の中に入れる◆一掴(ひとつか)み(片手で握った量); 手:◆体や物体の一部で、胴から分かれ出て伸び、持つ・握る・叩く・ものを作る・操作するなどの機能を持つ部分、掌(たなごころ)と指を合わせた全体、腕の先の部分 ◆自(み,N3,on,on+on,A3_short_compound(on+on 71%) | B_verb_rad_手(kun 80%) | B_verb_rad_手(kun 80%),握:◆掌(てのひら)と五本の指でしっかりと掴(つか)む◆しっかりと手の中に入れる◆一掴(ひとつか)み(片手で握った量); 手:◆体や物体の一部で、胴から分かれ出て伸び、持つ・握る・叩く・ものを作る・操作するなどの機能を持つ部分、掌(たなごころ)と指を合わせた全体、腕の先の部分 ◆自(み
kk_援助_えんじょ,援助,えんじょ,援:◆手で引く、引き寄せる、引っ張る◆引用する、他を引いて用いる、「援用(エンヨウ)」◆手を貸して助ける、「援助(エンジョ)」「援護(エンゴ)」; 助:◆力や手を貸す、力や手を貸し支る、力になる◆「助法(ジョホウ)」、殷代(イン、約前17世紀～約前11世紀) の税法で、土地を縦横それぞれ三分して九区画(各七十畝,N3,on,on+on,A3_short_compound(on+on 71%) | B_verb_rad_手(kun 80%) | B_verb_rad_力(kun 80%),援:◆手で引く、引き寄せる、引っ張る◆引用する、他を引いて用いる、「援用(エンヨウ)」◆手を貸して助ける、「援助(エンジョ)」「援護(エンゴ)」; 助:◆力や手を貸す、力や手を貸し支る、力になる◆「助法(ジョホウ)」、殷代(イン、約前17世紀～約前11世紀) の税法で、土地を縦横それぞれ三分して九区画(各七十畝
kk_損_そん,損,そん,損:◆減らす、失う、失(しっ)する、欠ける、傷付ける、貶(おとし)める、貶(けな)す、価値が低下したり状態が悪化したりすることを指す,N3,on,on,IL2_single_default(kun 84%) | B_verb_rad_手(kun 80%),損:◆減らす、失う、失(しっ)する、欠ける、傷付ける、貶(おとし)める、貶(けな)す、価値が低下したり状態が悪化したりすることを指す
kk_損失_そんしつ,損失,そんしつ,損:◆減らす、失う、失(しっ)する、欠ける、傷付ける、貶(おとし)める、貶(けな)す、価値が低下したり状態が悪化したりすることを指す; 失:◆指の間から(隙間から)するりと抜け出る、手にしていたもの(それまであったもの)をなくす◆逸(イッ)する、なくす、なくなる◆すべきことや選ぶべき道・時などを見逃,N3,on,on+on,B_verb_rad_手(kun 80%),損:◆減らす、失う、失(しっ)する、欠ける、傷付ける、貶(おとし)める、貶(けな)す、価値が低下したり状態が悪化したりすることを指す; 失:◆指の間から(隙間から)するりと抜け出る、手にしていたもの(それまであったもの)をなくす◆逸(イッ)する、なくす、なくなる◆すべきことや選ぶべき道・時などを見逃
kk_撫でる_なでる,撫でる,なでる,撫:◆手を滑らすようにして軽く摩(さす)る◆摩るようにして愛(いと)おしむ、「愛撫(アイブ)」◆摩るようにして優しく労(いた)わる、「慰撫(イブ)」◆物の上に手を置,N3,kun,kun,IL1_okurigana(kun 96%) | IL2_single_okuri(kun 96%) | B_verb_rad_手(kun 80%),撫:◆手を滑らすようにして軽く摩(さす)る◆摩るようにして愛(いと)おしむ、「愛撫(アイブ)」◆摩るようにして優しく労(いた)わる、「慰撫(イブ)」◆物の上に手を置
kk_撮影_さつえい,撮影,さつえい,撮:◆つま・む、二本(或いは三本)の指で掴(つか)む、指先や箸などの長いものを使って寄せ集めて掴み上げる、摘(つ)まむ、同「摘」「抓」◆多くのものの内から一部分或い; 影:◆光が遮(さえぎ)られてできる像(ゾウ)◆鏡などに映(うつ)った像、実物と同じような姿や形◆写真、肖像、映像、映画◆[日](ものの影になって)光の当たらないさま,N3,on,on+on,B_verb_rad_手(kun 80%),撮:◆つま・む、二本(或いは三本)の指で掴(つか)む、指先や箸などの長いものを使って寄せ集めて掴み上げる、摘(つ)まむ、同「摘」「抓」◆多くのものの内から一部分或い; 影:◆光が遮(さえぎ)られてできる像(ゾウ)◆鏡などに映(うつ)った像、実物と同じような姿や形◆写真、肖像、映像、映画◆[日](ものの影になって)光の当たらないさま
kk_擦る_こする,擦る,こする,擦:◆さっと摩(さす)る、また拭(ふ)く◆拭き取る,N3,kun,kun,IL1_okurigana(kun 96%) | IL2_single_okuri(kun 96%) | B_verb_rad_手(kun 80%),擦:◆さっと摩(さす)る、また拭(ふ)く◆拭き取る
kk_支える_ささえる,支える,ささえる,支:◆枝(えだ)、幹(みき)となる部分から枝状に分かれ出たもの、同「枝」「肢」「𢺶」◆分かれる、分かれ出る、幹(みき)となる部分から分かれる◆ささ・える、落ちたり倒,N3,kun,kun,IL1_okurigana(kun 96%) | IL2_single_okuri(kun 96%),支:◆枝(えだ)、幹(みき)となる部分から枝状に分かれ出たもの、同「枝」「肢」「𢺶」◆分かれる、分かれ出る、幹(みき)となる部分から分かれる◆ささ・える、落ちたり倒
kk_支出_ししゅつ,支出,ししゅつ,支:◆枝(えだ)、幹(みき)となる部分から枝状に分かれ出たもの、同「枝」「肢」「𢺶」◆分かれる、分かれ出る、幹(みき)となる部分から分かれる◆ささ・える、落ちたり倒; 出:◆範囲・領域・組織や区切り・境界の内(内側、内部、裏側、こちら側、私的なところ)から外(外側、外部、表側、向こう側、公のところ)に移る、また移す、外から内へ移る,N3,on,on+on,A3_short_compound(on+on 71%),支:◆枝(えだ)、幹(みき)となる部分から枝状に分かれ出たもの、同「枝」「肢」「𢺶」◆分かれる、分かれ出る、幹(みき)となる部分から分かれる◆ささ・える、落ちたり倒; 出:◆範囲・領域・組織や区切り・境界の内(内側、内部、裏側、こちら側、私的なところ)から外(外側、外部、表側、向こう側、公のところ)に移る、また移す、外から内へ移る
kk_支店_してん,支店,してん,支:◆枝(えだ)、幹(みき)となる部分から枝状に分かれ出たもの、同「枝」「肢」「𢺶」◆分かれる、分かれ出る、幹(みき)となる部分から分かれる◆ささ・える、落ちたり倒; 店:◆みせ、物を並べ売る建物、「一定の場所を占めて商売する屋根(广)のある所」の意◆たな、商品を並べる陳列棚、売り手と買い手を隔(へだ)てるカウンター、同「坫」◆[,N3,on,on+on,A3_short_compound(on+on 71%) | B_noun_rad_广(kun 93%),支:◆枝(えだ)、幹(みき)となる部分から枝状に分かれ出たもの、同「枝」「肢」「𢺶」◆分かれる、分かれ出る、幹(みき)となる部分から分かれる◆ささ・える、落ちたり倒; 店:◆みせ、物を並べ売る建物、「一定の場所を占めて商売する屋根(广)のある所」の意◆たな、商品を並べる陳列棚、売り手と買い手を隔(へだ)てるカウンター、同「坫」◆[
kk_支払う_しはらう,支払う,しはらう,支:◆枝(えだ)、幹(みき)となる部分から枝状に分かれ出たもの、同「枝」「肢」「𢺶」◆分かれる、分かれ出る、幹(みき)となる部分から分かれる◆ささ・える、落ちたり倒; 払:◆取る◆手(や用具)を左右に振って不要なものや邪魔なものを他に追いやる、同「拂」、本来「拂」は別字だが古くから「拂」の異体字として「払」が用いられた◆[日]代金,N3,mixed,on+kun,IL1_okurigana(kun 96%) | A1_compound_oku(kun 90%) | A1_on_kun_mix(on+kun 65%),支:◆枝(えだ)、幹(みき)となる部分から枝状に分かれ出たもの、同「枝」「肢」「𢺶」◆分かれる、分かれ出る、幹(みき)となる部分から分かれる◆ささ・える、落ちたり倒; 払:◆取る◆手(や用具)を左右に振って不要なものや邪魔なものを他に追いやる、同「拂」、本来「拂」は別字だが古くから「拂」の異体字として「払」が用いられた◆[日]代金
kk_改善_かいぜん,改善,かいぜん,改:◆新しくなる、新しくする◆変わる、変える◆変えて新たにやり直す、よりよい状態また正しい状態に変える、誤りや過ちを正してやり直す◆新たにもう一度; 善:◆めでたい、喜ばしい◆良い、好ましい◆美しい、魅力的な◆優(すぐ)れている、立派な◆正しい、正しい行い◆親しい、友好的な,N3,on,on+on,,改:◆新しくなる、新しくする◆変わる、変える◆変えて新たにやり直す、よりよい状態また正しい状態に変える、誤りや過ちを正してやり直す◆新たにもう一度; 善:◆めでたい、喜ばしい◆良い、好ましい◆美しい、魅力的な◆優(すぐ)れている、立派な◆正しい、正しい行い◆親しい、友好的な
kk_改札口_かいさつぐち,改札口,かいさつぐち,改:◆新しくなる、新しくする◆変わる、変える◆変えて新たにやり直す、よりよい状態また正しい状態に変える、誤りや過ちを正してやり直す◆新たにもう一度; 札:◆薄く小さい木片、文字を書くための薄く細長い木片、同「扎」「劄」◆信書、手紙、文書、公文書◆[日]紙幣◆[日]薄く小さい板状のもの; 口:◆動物の食べたり声を発したりするための器官◆ものが出入りするために空(あ)けた(空いた)ところ、(口のように)全体の内の一部空いたところ◆言葉、言葉を発する、語,N3,other,mixed+mixed+mixed~,A4_multi_on(on+on+on 65%) | B_noun_rad_木(kun 93%),改:◆新しくなる、新しくする◆変わる、変える◆変えて新たにやり直す、よりよい状態また正しい状態に変える、誤りや過ちを正してやり直す◆新たにもう一度; 札:◆薄く小さい木片、文字を書くための薄く細長い木片、同「扎」「劄」◆信書、手紙、文書、公文書◆[日]紙幣◆[日]薄く小さい板状のもの; 口:◆動物の食べたり声を発したりするための器官◆ものが出入りするために空(あ)けた(空いた)ところ、(口のように)全体の内の一部空いたところ◆言葉、言葉を発する、語
kk_改正_かいせい,改正,かいせい,改:◆新しくなる、新しくする◆変わる、変える◆変えて新たにやり直す、よりよい状態また正しい状態に変える、誤りや過ちを正してやり直す◆新たにもう一度; 正:◆まっすぐなさま、曲がり・歪(ゆが)み・偏(かたよ)りなどがないさま◆他のものが雑(ま)じっていないさま、また混(ま)じっていないさま、また交(ま)じっていない,N3,on,on+on,,改:◆新しくなる、新しくする◆変わる、変える◆変えて新たにやり直す、よりよい状態また正しい状態に変える、誤りや過ちを正してやり直す◆新たにもう一度; 正:◆まっすぐなさま、曲がり・歪(ゆが)み・偏(かたよ)りなどがないさま◆他のものが雑(ま)じっていないさま、また混(ま)じっていないさま、また交(ま)じっていない
kk_改行_かいぎょう,改行,かいぎょう,改:◆新しくなる、新しくする◆変わる、変える◆変えて新たにやり直す、よりよい状態また正しい状態に変える、誤りや過ちを正してやり直す◆新たにもう一度; 行:◆左足を前に出し(彳)次に右足を前に出す(亍)、足を交互に動かして前に進む◆目的とするところに向かって進む◆遠くに出掛ける、旅に出る◆道、人が往来する道路、同「,N3,on,on+on,,改:◆新しくなる、新しくする◆変わる、変える◆変えて新たにやり直す、よりよい状態また正しい状態に変える、誤りや過ちを正してやり直す◆新たにもう一度; 行:◆左足を前に出し(彳)次に右足を前に出す(亍)、足を交互に動かして前に進む◆目的とするところに向かって進む◆遠くに出掛ける、旅に出る◆道、人が往来する道路、同「
kk_改造_かいぞう,改造,かいぞう,改:◆新しくなる、新しくする◆変わる、変える◆変えて新たにやり直す、よりよい状態また正しい状態に変える、誤りや過ちを正してやり直す◆新たにもう一度; 造:◆(素材に手を加えて、組み合わせて)作り上げる◆成(な)る、為(な)す、成し遂(と)げる◆到(いた)る、行き着く◆慌てる、慌ただしい◆「造次(ゾウジ)」◇ごく短,N3,on,on+on,,改:◆新しくなる、新しくする◆変わる、変える◆変えて新たにやり直す、よりよい状態また正しい状態に変える、誤りや過ちを正してやり直す◆新たにもう一度; 造:◆(素材に手を加えて、組み合わせて)作り上げる◆成(な)る、為(な)す、成し遂(と)げる◆到(いた)る、行き着く◆慌てる、慌ただしい◆「造次(ゾウジ)」◇ごく短
kk_放す_はなす,放す,はなす,放:◆制限(セイゲン)・束縛(ソクバク)・拘束(コウソク)され自由に動けない状態であったものを自由に動ける状態にする、制限・束縛・拘束を解(と)く、「開放(カイホウ,N3,kun,kun,IL1_okurigana(kun 96%) | IL2_single_okuri(kun 96%),放:◆制限(セイゲン)・束縛(ソクバク)・拘束(コウソク)され自由に動けない状態であったものを自由に動ける状態にする、制限・束縛・拘束を解(と)く、「開放(カイホウ
kk_放る_ほうる,放る,ほうる,放:◆制限(セイゲン)・束縛(ソクバク)・拘束(コウソク)され自由に動けない状態であったものを自由に動ける状態にする、制限・束縛・拘束を解(と)く、「開放(カイホウ,N3,kun,kun,IL1_okurigana(kun 96%) | IL2_single_okuri(kun 96%),放:◆制限(セイゲン)・束縛(ソクバク)・拘束(コウソク)され自由に動けない状態であったものを自由に動ける状態にする、制限・束縛・拘束を解(と)く、「開放(カイホウ
kk_故郷_こきょう,故郷,こきょう,"故:◆古い、以前の、同「古」◆古くから、以前から◆古くからの～、以前からの～◆死ぬ、亡(な)くなる◆～の為に～、～という理由で～、～が原因で～◆理由、原因◆(思い掛; 郷:◆都から離れた土地、(特に地方の)町村、田舎◆出生地、「故郷(コキョウ、ふるさと)」◆中国周代では12,500戸を単位とする行政区画、「【前漢書:卷二十四上:食",N3,on,on+on,A3_short_compound(on+on 71%),"故:◆古い、以前の、同「古」◆古くから、以前から◆古くからの～、以前からの～◆死ぬ、亡(な)くなる◆～の為に～、～という理由で～、～が原因で～◆理由、原因◆(思い掛; 郷:◆都から離れた土地、(特に地方の)町村、田舎◆出生地、「故郷(コキョウ、ふるさと)」◆中国周代では12,500戸を単位とする行政区画、「【前漢書:卷二十四上:食"
kk_敏感_びんかん,敏感,びんかん,敏:◆速(はや)い、動作や反応が速い、理解や判断が速い; 感:◆外部から受けた刺激を知覚する◆外部からの刺激を受けて心や体が反応する、また動く,N3,on,on+on,,敏:◆速(はや)い、動作や反応が速い、理解や判断が速い; 感:◆外部から受けた刺激を知覚する◆外部からの刺激を受けて心や体が反応する、また動く
kk_教員_きょういん,教員,きょういん,教:◆自分の持つ知識・技術などをそれを持たない他の人に授(さず)ける、また見習わせる、またその内容、教えを受け見て倣い習得することを「学」◆神仏の説く道、道を示し導; 員:◆限られた範囲(場所・空間など)に入っている(含まれる)人、集団に属している人、またその人数◆限られた範囲(特に国土・領土などの境界線)の大きさ、また広さ◆円(,N3,on,on+on,,教:◆自分の持つ知識・技術などをそれを持たない他の人に授(さず)ける、また見習わせる、またその内容、教えを受け見て倣い習得することを「学」◆神仏の説く道、道を示し導; 員:◆限られた範囲(場所・空間など)に入っている(含まれる)人、集団に属している人、またその人数◆限られた範囲(特に国土・領土などの境界線)の大きさ、また広さ◆円(
kk_教師_きょうし,教師,きょうし,"教:◆自分の持つ知識・技術などをそれを持たない他の人に授(さず)ける、また見習わせる、またその内容、教えを受け見て倣い習得することを「学」◆神仏の説く道、道を示し導; 師:◆兵士数を基にした軍隊の規模の単位、軍隊、周朝(シュウ、西周、前11世紀～前771年)では2,500人を単位とした、「【周禮:卷第三:地官司徒】乃會萬民之卒伍而",N3,on,on+on,A3_short_compound(on+on 71%) | B_noun_rad_巾(kun 93%),"教:◆自分の持つ知識・技術などをそれを持たない他の人に授(さず)ける、また見習わせる、またその内容、教えを受け見て倣い習得することを「学」◆神仏の説く道、道を示し導; 師:◆兵士数を基にした軍隊の規模の単位、軍隊、周朝(シュウ、西周、前11世紀～前771年)では2,500人を単位とした、「【周禮:卷第三:地官司徒】乃會萬民之卒伍而"
kk_教授_きょうじゅ,教授,きょうじゅ,教:◆自分の持つ知識・技術などをそれを持たない他の人に授(さず)ける、また見習わせる、またその内容、教えを受け見て倣い習得することを「学」◆神仏の説く道、道を示し導; 授:◆上位者が下位者に直接(手渡しで)与える、また教える、下位者が上位者から直接(手渡しで)賜(たまわ)る、また給(たま)わる,N3,on,on+on,A3_short_compound(on+on 71%) | B_verb_rad_手(kun 80%),教:◆自分の持つ知識・技術などをそれを持たない他の人に授(さず)ける、また見習わせる、またその内容、教えを受け見て倣い習得することを「学」◆神仏の説く道、道を示し導; 授:◆上位者が下位者に直接(手渡しで)与える、また教える、下位者が上位者から直接(手渡しで)賜(たまわ)る、また給(たま)わる
kk_教材_きょうざい,教材,きょうざい,教:◆自分の持つ知識・技術などをそれを持たない他の人に授(さず)ける、また見習わせる、またその内容、教えを受け見て倣い習得することを「学」◆神仏の説く道、道を示し導; 材:◆切り出した木、立木は「樹」◆さまざまな構築物や工作物などに用いられる木◆ものを作り上げるための元となる物◆有用なもの、有能な人,N3,on,on+on,B_noun_rad_木(kun 93%),教:◆自分の持つ知識・技術などをそれを持たない他の人に授(さず)ける、また見習わせる、またその内容、教えを受け見て倣い習得することを「学」◆神仏の説く道、道を示し導; 材:◆切り出した木、立木は「樹」◆さまざまな構築物や工作物などに用いられる木◆ものを作り上げるための元となる物◆有用なもの、有能な人
kk_散らかす_ちらかす,散らかす,ちらかす,散:◆分け離す、固まっていたり纏(まと)まっていたりしたものをばらばらにする、同「㪔」◆束縛する力がなくなってばらばらになる、ばらばらになってあちこちに広がる◆あち,N3,kun,kun,IL1_okurigana(kun 96%) | IL2_single_okuri(kun 96%),散:◆分け離す、固まっていたり纏(まと)まっていたりしたものをばらばらにする、同「㪔」◆束縛する力がなくなってばらばらになる、ばらばらになってあちこちに広がる◆あち
kk_散る_ちる,散る,ちる,散:◆分け離す、固まっていたり纏(まと)まっていたりしたものをばらばらにする、同「㪔」◆束縛する力がなくなってばらばらになる、ばらばらになってあちこちに広がる◆あち,N3,kun,kun,IL1_okurigana(kun 96%) | IL2_single_okuri(kun 96%),散:◆分け離す、固まっていたり纏(まと)まっていたりしたものをばらばらにする、同「㪔」◆束縛する力がなくなってばらばらになる、ばらばらになってあちこちに広がる◆あち
kk_敬意_けいい,敬意,けいい,敬:◆心から大切に思う、相手を尊(とうと)び隅々まで心を配る、またそのように振る舞う、「尊敬(ソンケイ)」¶この敬う気持ちを「敬」といい、それを態度や行動で示すこと; 意:◆心の中にあって外(言葉や態度・行動など)には出さない思いや考え、心の動きや働き、気持ち◆物事の内にあって表には現れ出ないもの、内に込められているもの,N3,on,on+on,A3_short_compound(on+on 71%),敬:◆心から大切に思う、相手を尊(とうと)び隅々まで心を配る、またそのように振る舞う、「尊敬(ソンケイ)」¶この敬う気持ちを「敬」といい、それを態度や行動で示すこと; 意:◆心の中にあって外(言葉や態度・行動など)には出さない思いや考え、心の動きや働き、気持ち◆物事の内にあって表には現れ出ないもの、内に込められているもの
kk_数年_すうねん,数年,すうねん,数:◆かず、同種のもの(繰り返されるもの)の多少を表す語◆かぞ・える、一つ二つ(一回二回)と計算する、またその多少◆細かい、煩(わずら)わしい◆しばしば、同じことを; 年:◆穀物が稔(みの)る、同「秊」◆農作物を収穫してから次の収穫期までの期間、四季(二十四節気)を一巡する期間、year◆誕生してから生きてその誕生日を通り過ぎた回,N3,on,on+on,,数:◆かず、同種のもの(繰り返されるもの)の多少を表す語◆かぞ・える、一つ二つ(一回二回)と計算する、またその多少◆細かい、煩(わずら)わしい◆しばしば、同じことを; 年:◆穀物が稔(みの)る、同「秊」◆農作物を収穫してから次の収穫期までの期間、四季(二十四節気)を一巡する期間、year◆誕生してから生きてその誕生日を通り過ぎた回
kk_整える_ととのえる,整える,ととのえる,整:◆きちんとした状態や形にする、歪(ゆが)みや曲がりや乱れや偏(かたよ)りがないようにする、過不足がないように(凸凹がないように)する◆あるべき(本来の)状態や形,N3,kun,kun,IL1_okurigana(kun 96%) | IL2_single_okuri(kun 96%),整:◆きちんとした状態や形にする、歪(ゆが)みや曲がりや乱れや偏(かたよ)りがないようにする、過不足がないように(凸凹がないように)する◆あるべき(本来の)状態や形
kk_敵_てき,敵,てき,敵:◆正面から向き合う(向き合える)相手、釣り合いの取れた相手◆「匹敵(ヒッテキ)」、釣り合うこと、対等であること、またその相手◆正面から向き合う、また立ち向かう、,N3,on,on,IL2_single_default(kun 84%),敵:◆正面から向き合う(向き合える)相手、釣り合いの取れた相手◆「匹敵(ヒッテキ)」、釣り合うこと、対等であること、またその相手◆正面から向き合う、また立ち向かう、
kk_敷く_しく,敷く,しく,敷:◆一面に並べる、平らに広げる、延(の)べる◆広く漏れなく行き渡る、また行き渡らせる、同「布」◆細部にまで亘って述べる,N3,kun,kun,IL1_okurigana(kun 96%) | IL2_single_okuri(kun 96%),敷:◆一面に並べる、平らに広げる、延(の)べる◆広く漏れなく行き渡る、また行き渡らせる、同「布」◆細部にまで亘って述べる
kk_文句_もんく,文句,もんく,"文:◆紋様や図形、「天文(テンブン、テンモン)」◆多くの人にとって共通の意味を持つ紋様や図形、「文字(モジ、モンジ)」、古くは象形文字(ものの形を象った字、「宀」「; 句:◆曲がる、湾曲する、同「勾」◆言葉や文章の区切り、""」(閉じ鉤括弧、縦書きの場合は""Ｌ""のような形で表す)""、現代では読点(、頓号)・コンマcomma(,逗号)",N3,on,on+on,A3_short_compound(on+on 71%),"文:◆紋様や図形、「天文(テンブン、テンモン)」◆多くの人にとって共通の意味を持つ紋様や図形、「文字(モジ、モンジ)」、古くは象形文字(ものの形を象った字、「宀」「; 句:◆曲がる、湾曲する、同「勾」◆言葉や文章の区切り、""」(閉じ鉤括弧、縦書きの場合は""Ｌ""のような形で表す)""、現代では読点(、頓号)・コンマcomma(,逗号)"
kk_断る_ことわる,断る,ことわる,断:◆繋(つな)がっているものを(連続しているものを)途中で切る、切って二つに分ける、切り離す◆ぷっつりと途切れる、絶(た)える◆すっぱりと区切る、きっぱりと決める,N3,kun,kun,IL1_okurigana(kun 96%) | IL2_single_okuri(kun 96%),断:◆繋(つな)がっているものを(連続しているものを)途中で切る、切って二つに分ける、切り離す◆ぷっつりと途切れる、絶(た)える◆すっぱりと区切る、きっぱりと決める
kk_断定_だんてい,断定,だんてい,断:◆繋(つな)がっているものを(連続しているものを)途中で切る、切って二つに分ける、切り離す◆ぷっつりと途切れる、絶(た)える◆すっぱりと区切る、きっぱりと決める; 定:◆さだ・まる、動きや乱れが鎮(しず)まって変化・変動しない状態になる、平静になる、落ち着く、「鎮定(チンテイ)」◆さだ・める、動いたり揺らいだりしない状態にする,N3,on,on+on,B_noun_rad_宀(kun 93%),断:◆繋(つな)がっているものを(連続しているものを)途中で切る、切って二つに分ける、切り離す◆ぷっつりと途切れる、絶(た)える◆すっぱりと区切る、きっぱりと決める; 定:◆さだ・まる、動きや乱れが鎮(しず)まって変化・変動しない状態になる、平静になる、落ち着く、「鎮定(チンテイ)」◆さだ・める、動いたり揺らいだりしない状態にする
kk_新た_あらた,新た,あらた,新:◆切ったばかりの木、切ったばかりで何の手も加えられていない木◆それまでにはなかった形状・状態・様子・性質になるさま、それまではなかったものが初めて現れるさま◆改,N3,kun,kun,IL1_okurigana(kun 96%) | IL2_single_okuri(kun 96%),新:◆切ったばかりの木、切ったばかりで何の手も加えられていない木◆それまでにはなかった形状・状態・様子・性質になるさま、それまではなかったものが初めて現れるさま◆改
kk_新作_しんさく,新作,しんさく,新:◆切ったばかりの木、切ったばかりで何の手も加えられていない木◆それまでにはなかった形状・状態・様子・性質になるさま、それまではなかったものが初めて現れるさま◆改; 作:◆働(はたらく)く、力や手を加える、為(な)す、「作業(サギョウ)」「作為(サクイ)」◆力や手を加えることによって物事や状態を変化させる、また他に影響を与える、,N3,on,on+on,,新:◆切ったばかりの木、切ったばかりで何の手も加えられていない木◆それまでにはなかった形状・状態・様子・性質になるさま、それまではなかったものが初めて現れるさま◆改; 作:◆働(はたらく)く、力や手を加える、為(な)す、「作業(サギョウ)」「作為(サクイ)」◆力や手を加えることによって物事や状態を変化させる、また他に影響を与える、
kk_新幹線_しんかんせん,新幹線,しんかんせん,新:◆切ったばかりの木、切ったばかりで何の手も加えられていない木◆それまでにはなかった形状・状態・様子・性質になるさま、それまではなかったものが初めて現れるさま◆改; 幹:◆植物の枝葉を支えている太い部分◆物事の全体を支えている中心的な部分、物事の主要なまた重要な部分、同「干」◆中心となって働く、主要なまた重要な仕事を担う◆簡「干; 線:◆糸や紐(ひも)、糸や紐のように細く長いもの、同「綫」「絤」「𦇫」「綖」◆糸や紐のように途切れずに長く延びているもの、二つの点と点を結ぶもの、またその形状や状態,N3,on,on+on+on,A4_multi_on(on+on+on 65%),新:◆切ったばかりの木、切ったばかりで何の手も加えられていない木◆それまでにはなかった形状・状態・様子・性質になるさま、それまではなかったものが初めて現れるさま◆改; 幹:◆植物の枝葉を支えている太い部分◆物事の全体を支えている中心的な部分、物事の主要なまた重要な部分、同「干」◆中心となって働く、主要なまた重要な仕事を担う◆簡「干; 線:◆糸や紐(ひも)、糸や紐のように細く長いもの、同「綫」「絤」「𦇫」「綖」◆糸や紐のように途切れずに長く延びているもの、二つの点と点を結ぶもの、またその形状や状態
kk_方々_かたがた,方々,かたがた,方:◆四角、四角いさま、角(かど)が直角になっているさま、「方形(ホウケイ)」◆数学で二つの数を掛け合わせた数(正方形・長方形の一つの角を成す二辺を掛け合わせた数),N3,kun,kun,IL2_single_default(kun 84%),方:◆四角、四角いさま、角(かど)が直角になっているさま、「方形(ホウケイ)」◆数学で二つの数を掛け合わせた数(正方形・長方形の一つの角を成す二辺を掛け合わせた数)
kk_旅_たび,旅,たび,旅:◆兵士数を基にした軍隊の規模の単位、周朝(シュウ、西周、前11世紀～前771年)では500人を単位とした、「【周禮:卷第三:地官司徒】乃會萬民之卒伍而用之五人爲,N3,kun,kun,IL2_single_default(kun 84%),旅:◆兵士数を基にした軍隊の規模の単位、周朝(シュウ、西周、前11世紀～前771年)では500人を単位とした、「【周禮:卷第三:地官司徒】乃會萬民之卒伍而用之五人爲
kk_旗_はた,旗,はた,旗:◆布や紙などを方形(四角形や長方形)に作り目印としたもの、するものの総称◆清代(1644年～1912年)の蒙古族の軍の編成単位◆内蒙古自治区(内モンゴル自治区),N3,kun,kun,IL2_single_default(kun 84%),旗:◆布や紙などを方形(四角形や長方形)に作り目印としたもの、するものの総称◆清代(1644年～1912年)の蒙古族の軍の編成単位◆内蒙古自治区(内モンゴル自治区)
kk_既に_すでに,既に,すでに,既:◆～し尽(つ)くす、～し終わる◆もう～、最早(もはや)～、とっくに～、終了或いは完了してしまっていることを指す◆～の上に(更に)～、～したからには～◆[日]すん,N3,kun,kun,IL1_okurigana(kun 96%) | IL2_single_okuri(kun 96%),既:◆～し尽(つ)くす、～し終わる◆もう～、最早(もはや)～、とっくに～、終了或いは完了してしまっていることを指す◆～の上に(更に)～、～したからには～◆[日]すん
kk_日々_ひび,日々,ひび,日:◆太陽◆太陽が出ている間、昼間、夜明けから日没まで◆一昼夜、朝から次の朝まで、またその繰り返し、またその繰り返しを数える語◆候(コウ)、時節、頃(ケイ、ころ)◆,N3,kun,kun,IL2_single_default(kun 84%),日:◆太陽◆太陽が出ている間、昼間、夜明けから日没まで◆一昼夜、朝から次の朝まで、またその繰り返し、またその繰り返しを数える語◆候(コウ)、時節、頃(ケイ、ころ)◆
kk_日にち_ひにち,日にち,ひにち,日:◆太陽◆太陽が出ている間、昼間、夜明けから日没まで◆一昼夜、朝から次の朝まで、またその繰り返し、またその繰り返しを数える語◆候(コウ)、時節、頃(ケイ、ころ)◆,N3,kun,kun,IL1_okurigana(kun 96%) | IL2_single_okuri(kun 96%),日:◆太陽◆太陽が出ている間、昼間、夜明けから日没まで◆一昼夜、朝から次の朝まで、またその繰り返し、またその繰り返しを数える語◆候(コウ)、時節、頃(ケイ、ころ)◆
kk_日付_ひづけ,日付,ひづけ,日:◆太陽◆太陽が出ている間、昼間、夜明けから日没まで◆一昼夜、朝から次の朝まで、またその繰り返し、またその繰り返しを数える語◆候(コウ)、時節、頃(ケイ、ころ)◆; 付:◆手ずから授(さず)ける、直接手を取って与える、同「仅」◆渡し与える、渡して任せる、委(ゆだ)ねる◆[日]他のものに加える、また添える、また足す、同「附」,N3,other,mixed+mixed~,A3_short_compound(on+on 71%),日:◆太陽◆太陽が出ている間、昼間、夜明けから日没まで◆一昼夜、朝から次の朝まで、またその繰り返し、またその繰り返しを数える語◆候(コウ)、時節、頃(ケイ、ころ)◆; 付:◆手ずから授(さず)ける、直接手を取って与える、同「仅」◆渡し与える、渡して任せる、委(ゆだ)ねる◆[日]他のものに加える、また添える、また足す、同「附」
kk_日差し_ひざし,日差し,ひざし,日:◆太陽◆太陽が出ている間、昼間、夜明けから日没まで◆一昼夜、朝から次の朝まで、またその繰り返し、またその繰り返しを数える語◆候(コウ)、時節、頃(ケイ、ころ)◆; 差:◆違いがある、揃(そろ)わない◆引き算をした時に余りが出る、またその時の余り◆(同じ差ごとに)区分けする、区別する◆やや～(違う、差がある、不足する、など)◆使,N3,other,mixed+mixed~,IL1_okurigana(kun 96%) | A1_compound_oku(kun 90%) | A1_on_kun_mix(on+kun 65%),日:◆太陽◆太陽が出ている間、昼間、夜明けから日没まで◆一昼夜、朝から次の朝まで、またその繰り返し、またその繰り返しを数える語◆候(コウ)、時節、頃(ケイ、ころ)◆; 差:◆違いがある、揃(そろ)わない◆引き算をした時に余りが出る、またその時の余り◆(同じ差ごとに)区分けする、区別する◆やや～(違う、差がある、不足する、など)◆使
kk_日帰り_ひがえり,日帰り,ひがえり,日:◆太陽◆太陽が出ている間、昼間、夜明けから日没まで◆一昼夜、朝から次の朝まで、またその繰り返し、またその繰り返しを数える語◆候(コウ)、時節、頃(ケイ、ころ)◆; 帰:◆女性が他家に嫁(とつ)ぐ、嫁(よめ)に行く、女性を自家に迎えることを「來歸(ライキ、来帰)」◆元の(本来の)状態や位置に戻る、同「皈」「𢅨」「䢜」「𣦨」◆元の,N3,other,mixed+mixed~,IL1_okurigana(kun 96%) | A1_compound_oku(kun 90%) | A1_on_kun_mix(on+kun 65%),日:◆太陽◆太陽が出ている間、昼間、夜明けから日没まで◆一昼夜、朝から次の朝まで、またその繰り返し、またその繰り返しを数える語◆候(コウ)、時節、頃(ケイ、ころ)◆; 帰:◆女性が他家に嫁(とつ)ぐ、嫁(よめ)に行く、女性を自家に迎えることを「來歸(ライキ、来帰)」◆元の(本来の)状態や位置に戻る、同「皈」「𢅨」「䢜」「𣦨」◆元の
kk_日常_にちじょう,日常,にちじょう,日:◆太陽◆太陽が出ている間、昼間、夜明けから日没まで◆一昼夜、朝から次の朝まで、またその繰り返し、またその繰り返しを数える語◆候(コウ)、時節、頃(ケイ、ころ)◆; 常:◆何時も、何時もと変わらない◆変わることなく一定の、長い間変わることがない◆普通の、一般的な◆長さの単位、1常=2尋、1尋=8尺、「尋常」は「普通の、一般的な」,N3,on,on+on,B_noun_rad_巾(kun 93%),日:◆太陽◆太陽が出ている間、昼間、夜明けから日没まで◆一昼夜、朝から次の朝まで、またその繰り返し、またその繰り返しを数える語◆候(コウ)、時節、頃(ケイ、ころ)◆; 常:◆何時も、何時もと変わらない◆変わることなく一定の、長い間変わることがない◆普通の、一般的な◆長さの単位、1常=2尋、1尋=8尺、「尋常」は「普通の、一般的な」
kk_日当たり_ひあたり,日当たり,ひあたり,日:◆太陽◆太陽が出ている間、昼間、夜明けから日没まで◆一昼夜、朝から次の朝まで、またその繰り返し、またその繰り返しを数える語◆候(コウ)、時節、頃(ケイ、ころ)◆; 当:◆正面からぶつかる、正面から向き合う、相対する、同「噹」◆適合する、相応しい◆受け持つ、引き受ける◆そうするべき、そうあるべき◆この(this)、今、此処(ここ,N3,kun,kun+kun,IL1_okurigana(kun 96%) | A1_compound_oku(kun 90%) | A1_on_kun_mix(on+kun 65%),日:◆太陽◆太陽が出ている間、昼間、夜明けから日没まで◆一昼夜、朝から次の朝まで、またその繰り返し、またその繰り返しを数える語◆候(コウ)、時節、頃(ケイ、ころ)◆; 当:◆正面からぶつかる、正面から向き合う、相対する、同「噹」◆適合する、相応しい◆受け持つ、引き受ける◆そうするべき、そうあるべき◆この(this)、今、此処(ここ
kk_日時_にちじ,日時,にちじ,日:◆太陽◆太陽が出ている間、昼間、夜明けから日没まで◆一昼夜、朝から次の朝まで、またその繰り返し、またその繰り返しを数える語◆候(コウ)、時節、頃(ケイ、ころ)◆; 時:◆一年の四分の一、季節、「一時(イチジ、三カ月、一季節)」「四時(シジ、四つの季節、四季)」◆一日の十二分の一、現在は二十四分の一、「時刻(ジコク)」◆年代、期,N3,on,on+on,A3_short_compound(on+on 71%),日:◆太陽◆太陽が出ている間、昼間、夜明けから日没まで◆一昼夜、朝から次の朝まで、またその繰り返し、またその繰り返しを数える語◆候(コウ)、時節、頃(ケイ、ころ)◆; 時:◆一年の四分の一、季節、「一時(イチジ、三カ月、一季節)」「四時(シジ、四つの季節、四季)」◆一日の十二分の一、現在は二十四分の一、「時刻(ジコク)」◆年代、期
kk_日用品_にちようひん,日用品,にちようひん,日:◆太陽◆太陽が出ている間、昼間、夜明けから日没まで◆一昼夜、朝から次の朝まで、またその繰り返し、またその繰り返しを数える語◆候(コウ)、時節、頃(ケイ、ころ)◆; 用:◆人や物、或いはその特性や能力を使う、また使ってあることを行う、また役立たせる◆働かせる、発揮させる、またそのために必要な特性・能力・金銭など◆以(もっ)て◆[; 品:◆物(もの)、多くの物、様々な物◆もの(人や物)の本質・価値・程度を判断する◆ものの値打ち、また価値、また程度・等級,N3,on,on+on+on,A4_multi_on(on+on+on 65%),日:◆太陽◆太陽が出ている間、昼間、夜明けから日没まで◆一昼夜、朝から次の朝まで、またその繰り返し、またその繰り返しを数える語◆候(コウ)、時節、頃(ケイ、ころ)◆; 用:◆人や物、或いはその特性や能力を使う、また使ってあることを行う、また役立たせる◆働かせる、発揮させる、またそのために必要な特性・能力・金銭など◆以(もっ)て◆[; 品:◆物(もの)、多くの物、様々な物◆もの(人や物)の本質・価値・程度を判断する◆ものの値打ち、また価値、また程度・等級
kk_日程_にってい,日程,にってい,日:◆太陽◆太陽が出ている間、昼間、夜明けから日没まで◆一昼夜、朝から次の朝まで、またその繰り返し、またその繰り返しを数える語◆候(コウ)、時節、頃(ケイ、ころ)◆; 程:◆ものの大小・長短・軽重・強弱・優劣などをはかる(測る・量る・計る)際の基準・規格◆一定の決まり・手順・方法◆定まっている基準・規格・決まり・区切り・手順・方法,N3,other,mixed+mixed~,,日:◆太陽◆太陽が出ている間、昼間、夜明けから日没まで◆一昼夜、朝から次の朝まで、またその繰り返し、またその繰り返しを数える語◆候(コウ)、時節、頃(ケイ、ころ)◆; 程:◆ものの大小・長短・軽重・強弱・優劣などをはかる(測る・量る・計る)際の基準・規格◆一定の決まり・手順・方法◆定まっている基準・規格・決まり・区切り・手順・方法
kk_日課_にっか,日課,にっか,日:◆太陽◆太陽が出ている間、昼間、夜明けから日没まで◆一昼夜、朝から次の朝まで、またその繰り返し、またその繰り返しを数える語◆候(コウ)、時節、頃(ケイ、ころ)◆; 課:◆成果(セイカ)・結果(ケッカ)がどうか(どうなるか)を調べる、試(ため)す◆官吏(カンリ)登用の試験(シケン)◆税(ゼイ)、国や領主に納(おさ)める金銭・収穫,N3,mixed,kun+on~,A3_short_compound(on+on 71%) | B_verb_rad_言(kun 80%),日:◆太陽◆太陽が出ている間、昼間、夜明けから日没まで◆一昼夜、朝から次の朝まで、またその繰り返し、またその繰り返しを数える語◆候(コウ)、時節、頃(ケイ、ころ)◆; 課:◆成果(セイカ)・結果(ケッカ)がどうか(どうなるか)を調べる、試(ため)す◆官吏(カンリ)登用の試験(シケン)◆税(ゼイ)、国や領主に納(おさ)める金銭・収穫
kk_早める_はやめる,早める,はやめる,早:◆いよいよ陽が昇り始めようとしていてまだ薄暗い頃、朝が明(あ)けようとする頃◆その時(時間、時期、頃合い)に至っていない◆本来の時よりも前に(先に)、前以って、,N3,kun,kun,IL1_okurigana(kun 96%) | IL2_single_okuri(kun 96%),早:◆いよいよ陽が昇り始めようとしていてまだ薄暗い頃、朝が明(あ)けようとする頃◆その時(時間、時期、頃合い)に至っていない◆本来の時よりも前に(先に)、前以って、
kk_早目_はやめ,早目,はやめ,早:◆いよいよ陽が昇り始めようとしていてまだ薄暗い頃、朝が明(あ)けようとする頃◆その時(時間、時期、頃合い)に至っていない◆本来の時よりも前に(先に)、前以って、; 目:◆眼(め、眼球ガンキュウ、黒目くろめ)・白目(しろめ、結膜ケツマク)・視神経などを含むものを見る器官全体、またその形状や様子や機能◆ものを見る、また見分ける◆眼,N3,kun,kun+kun~,A3_short_compound(on+on 71%),早:◆いよいよ陽が昇り始めようとしていてまだ薄暗い頃、朝が明(あ)けようとする頃◆その時(時間、時期、頃合い)に至っていない◆本来の時よりも前に(先に)、前以って、; 目:◆眼(め、眼球ガンキュウ、黒目くろめ)・白目(しろめ、結膜ケツマク)・視神経などを含むものを見る器官全体、またその形状や様子や機能◆ものを見る、また見分ける◆眼
kk_早速_さっそく,早速,さっそく,早:◆いよいよ陽が昇り始めようとしていてまだ薄暗い頃、朝が明(あ)けようとする頃◆その時(時間、時期、頃合い)に至っていない◆本来の時よりも前に(先に)、前以って、; 速:◆あっという間に、瞬(またた)く間に、間を置かずに、さっと◆疾(はや)い、あっという間に位置が変わる、また通り過ぎて行く、同「遬」◆間を置かずに動作・反応・対応,N3,mixed,kun+on~,,早:◆いよいよ陽が昇り始めようとしていてまだ薄暗い頃、朝が明(あ)けようとする頃◆その時(時間、時期、頃合い)に至っていない◆本来の時よりも前に(先に)、前以って、; 速:◆あっという間に、瞬(またた)く間に、間を置かずに、さっと◆疾(はや)い、あっという間に位置が変わる、また通り過ぎて行く、同「遬」◆間を置かずに動作・反応・対応
kk_昇る/上る/登る_のぼる,昇る/上る/登る,のぼる,昇:◆太陽が上がる◆上の方向に行く、同「升」、一般に浮くようにして上がることを指し、足掛りなどを踏みながら上がるのは「登」¶中国で「昇る」は「升」を用い「昇」は殆ど; 上:◆位置・場所・地位などが高い、高い方にある◆高い方に移る、昇る、登る◆順序・時間などが前、前の方にある◆前の方に移る◆等級・品質などが高い、優れている◆殿様、皇; 登:◆高いところに上がる、高い方(上の方)に進む、同「陞」、一般に道や階段や梯子(はしご)などの足場を伝いながら上がることをいい、足場がなく浮くように上がるのは「昇,N3,kun,kun+kun+kun~,IL1_okurigana(kun 96%) | A1_compound_oku(kun 90%) | A1_on_kun_mix(on+kun 65%),昇:◆太陽が上がる◆上の方向に行く、同「升」、一般に浮くようにして上がることを指し、足掛りなどを踏みながら上がるのは「登」¶中国で「昇る」は「升」を用い「昇」は殆ど; 上:◆位置・場所・地位などが高い、高い方にある◆高い方に移る、昇る、登る◆順序・時間などが前、前の方にある◆前の方に移る◆等級・品質などが高い、優れている◆殿様、皇; 登:◆高いところに上がる、高い方(上の方)に進む、同「陞」、一般に道や階段や梯子(はしご)などの足場を伝いながら上がることをいい、足場がなく浮くように上がるのは「昇
kk_明ける_あける,明ける,あける,明:◆(太陽や月の)光が差す、光が当たる、光を当てる◆光が当たってはっきりと見える(分かる)、誰の目にもはっきりとしている、はっきりとさせる◆隠されたところ(陰にな,N3,kun,kun,IL1_okurigana(kun 96%) | IL2_single_okuri(kun 96%),明:◆(太陽や月の)光が差す、光が当たる、光を当てる◆光が当たってはっきりと見える(分かる)、誰の目にもはっきりとしている、はっきりとさせる◆隠されたところ(陰にな
kk_明らか_あきらか,明らか,あきらか,明:◆(太陽や月の)光が差す、光が当たる、光を当てる◆光が当たってはっきりと見える(分かる)、誰の目にもはっきりとしている、はっきりとさせる◆隠されたところ(陰にな,N3,kun,kun,IL1_okurigana(kun 96%) | IL2_single_okuri(kun 96%),明:◆(太陽や月の)光が差す、光が当たる、光を当てる◆光が当たってはっきりと見える(分かる)、誰の目にもはっきりとしている、はっきりとさせる◆隠されたところ(陰にな
kk_星空_ほしぞら,星空,ほしぞら,星:◆天体、天空で光る天体◆(星のように)小さい、小さい点◆ひときわ目立つ、またそのような人◆二十八宿南方朱雀スザクの一つ; 空:◆(中に)何もない、何も含まれていない、虚(うつ)ろなさま◆何もないところ、天と地の間(あいだ),N3,other,mixed+mixed~,,星:◆天体、天空で光る天体◆(星のように)小さい、小さい点◆ひときわ目立つ、またそのような人◆二十八宿南方朱雀スザクの一つ; 空:◆(中に)何もない、何も含まれていない、虚(うつ)ろなさま◆何もないところ、天と地の間(あいだ)
kk_映す_うつす,映す,うつす,映:◆光が当たって明るい◆光が当たってくっきりと見える、くっきりと浮かび上がって見える◆くっきりとした陰(かげ)、くっきりとした陰ができる¶「光が当たっているところ,N3,kun,kun,IL1_okurigana(kun 96%) | IL2_single_okuri(kun 96%),映:◆光が当たって明るい◆光が当たってくっきりと見える、くっきりと浮かび上がって見える◆くっきりとした陰(かげ)、くっきりとした陰ができる¶「光が当たっているところ
kk_映る_うつる,映る,うつる,映:◆光が当たって明るい◆光が当たってくっきりと見える、くっきりと浮かび上がって見える◆くっきりとした陰(かげ)、くっきりとした陰ができる¶「光が当たっているところ,N3,kun,kun,IL1_okurigana(kun 96%) | IL2_single_okuri(kun 96%),映:◆光が当たって明るい◆光が当たってくっきりと見える、くっきりと浮かび上がって見える◆くっきりとした陰(かげ)、くっきりとした陰ができる¶「光が当たっているところ
kk_昨年_さくねん,昨年,さくねん,昨:◆夜を挟んで一つ前の日◆一つ前の月や年◆過去、以前; 年:◆穀物が稔(みの)る、同「秊」◆農作物を収穫してから次の収穫期までの期間、四季(二十四節気)を一巡する期間、year◆誕生してから生きてその誕生日を通り過ぎた回,N3,on,on+on,,昨:◆夜を挟んで一つ前の日◆一つ前の月や年◆過去、以前; 年:◆穀物が稔(みの)る、同「秊」◆農作物を収穫してから次の収穫期までの期間、四季(二十四節気)を一巡する期間、year◆誕生してから生きてその誕生日を通り過ぎた回
kk_昨日_さくじつ,昨日,さくじつ,昨:◆夜を挟んで一つ前の日◆一つ前の月や年◆過去、以前; 日:◆太陽◆太陽が出ている間、昼間、夜明けから日没まで◆一昼夜、朝から次の朝まで、またその繰り返し、またその繰り返しを数える語◆候(コウ)、時節、頃(ケイ、ころ)◆,N3,on,on+on,,昨:◆夜を挟んで一つ前の日◆一つ前の月や年◆過去、以前; 日:◆太陽◆太陽が出ている間、昼間、夜明けから日没まで◆一昼夜、朝から次の朝まで、またその繰り返し、またその繰り返しを数える語◆候(コウ)、時節、頃(ケイ、ころ)◆
kk_昨晩_さくばん,昨晩,さくばん,昨:◆夜を挟んで一つ前の日◆一つ前の月や年◆過去、以前; 晩:◆陽が沈み切って暗くなる、日がすっかりと暮れる、またその時刻、陽が沈み始める頃を「夕」、「傍晚(ボウバン、晚が間近の頃)」「夜晚(ヤバン、夜、すっかり暗くなった,N3,on,on+on,,昨:◆夜を挟んで一つ前の日◆一つ前の月や年◆過去、以前; 晩:◆陽が沈み切って暗くなる、日がすっかりと暮れる、またその時刻、陽が沈み始める頃を「夕」、「傍晚(ボウバン、晚が間近の頃)」「夜晚(ヤバン、夜、すっかり暗くなった
kk_是非とも_ぜひとも,是非とも,ぜひとも,是:◆これ、この、ここ、this◆正しい、理に適(かな)っている、理に則(のっと)っている◆良しとして認める◆その通り、はい、同意・肯定を表す◆「是非(ぜひ)」◇善; 非:◆～ではない、否定を表す言葉、同「匪」◆違っている、誤っている、正しくない◆「是非(ゼヒ)」◇物事の正邪、良し悪し◇(都合の良し悪しに拘らず)どうしても◆あらず,N3,on,on+on~,IL1_okurigana(kun 96%) | A1_compound_oku(kun 90%) | A1_on_kun_mix(on+kun 65%),是:◆これ、この、ここ、this◆正しい、理に適(かな)っている、理に則(のっと)っている◆良しとして認める◆その通り、はい、同意・肯定を表す◆「是非(ぜひ)」◇善; 非:◆～ではない、否定を表す言葉、同「匪」◆違っている、誤っている、正しくない◆「是非(ゼヒ)」◇物事の正邪、良し悪し◇(都合の良し悪しに拘らず)どうしても◆あらず
kk_昼寝_ひるね,昼寝,ひるね,昼:◆日の出から日の入りまで間、日中(ニッチュウ)、日の入りから日の出までの間を「夜」◆正午(ショウゴ); 寝:◆体を横にして休む、「寝台・寝床・寝室などで横になり休む」ことをいう◆体を横にして眠る◆睡眠をとるところ、ゆっくりと寛(くつろ)ぐ部屋や建物、「寢殿(シンデン、,N3,kun,kun+kun~,A3_short_compound(on+on 71%) | B_noun_rad_宀(kun 93%),昼:◆日の出から日の入りまで間、日中(ニッチュウ)、日の入りから日の出までの間を「夜」◆正午(ショウゴ); 寝:◆体を横にして休む、「寝台・寝床・寝室などで横になり休む」ことをいう◆体を横にして眠る◆睡眠をとるところ、ゆっくりと寛(くつろ)ぐ部屋や建物、「寢殿(シンデン、
kk_時刻_じこく,時刻,じこく,時:◆一年の四分の一、季節、「一時(イチジ、三カ月、一季節)」「四時(シジ、四つの季節、四季)」◆一日の十二分の一、現在は二十四分の一、「時刻(ジコク)」◆年代、期; 刻:◆(刀で)切り込みを入れる、彫(ほ)り込む◆印(しるし)をつける、目印を彫る◆(水時計や日時計の)目盛り、時間の区切り目[†古く一刻は一日の百分の一、後に一時間,N3,on,on+on,A3_short_compound(on+on 71%) | B_verb_rad_刀(kun 80%),時:◆一年の四分の一、季節、「一時(イチジ、三カ月、一季節)」「四時(シジ、四つの季節、四季)」◆一日の十二分の一、現在は二十四分の一、「時刻(ジコク)」◆年代、期; 刻:◆(刀で)切り込みを入れる、彫(ほ)り込む◆印(しるし)をつける、目印を彫る◆(水時計や日時計の)目盛り、時間の区切り目[†古く一刻は一日の百分の一、後に一時間
kk_時期_じき,時期,じき,時:◆一年の四分の一、季節、「一時(イチジ、三カ月、一季節)」「四時(シジ、四つの季節、四季)」◆一日の十二分の一、現在は二十四分の一、「時刻(ジコク)」◆年代、期; 期:◆予定されている(約束されている)時(とき、時期、時間)、「時期(ジキ)」「期間(キカン、二つの時の間、始めの時から終わりの時までの間)」◆決められた時(時期、,N3,on,on+on,A3_short_compound(on+on 71%),時:◆一年の四分の一、季節、「一時(イチジ、三カ月、一季節)」「四時(シジ、四つの季節、四季)」◆一日の十二分の一、現在は二十四分の一、「時刻(ジコク)」◆年代、期; 期:◆予定されている(約束されている)時(とき、時期、時間)、「時期(ジキ)」「期間(キカン、二つの時の間、始めの時から終わりの時までの間)」◆決められた時(時期、
kk_時給_じきゅう,時給,じきゅう,時:◆一年の四分の一、季節、「一時(イチジ、三カ月、一季節)」「四時(シジ、四つの季節、四季)」◆一日の十二分の一、現在は二十四分の一、「時刻(ジコク)」◆年代、期; 給:◆足りていないところ(加える必要があるところ)に足して繋(つな)ぎ合わせる◆必要があるところに必要とするものを補(おぎな)う、足して足りるようにする◆上位の人(,N3,on,on+on,A3_short_compound(on+on 71%),時:◆一年の四分の一、季節、「一時(イチジ、三カ月、一季節)」「四時(シジ、四つの季節、四季)」◆一日の十二分の一、現在は二十四分の一、「時刻(ジコク)」◆年代、期; 給:◆足りていないところ(加える必要があるところ)に足して繋(つな)ぎ合わせる◆必要があるところに必要とするものを補(おぎな)う、足して足りるようにする◆上位の人(
kk_時間割_じかんわり,時間割,じかんわり,時:◆一年の四分の一、季節、「一時(イチジ、三カ月、一季節)」「四時(シジ、四つの季節、四季)」◆一日の十二分の一、現在は二十四分の一、「時刻(ジコク)」◆年代、期; 間:◆両側からぴったりと閉じられずに開いているところ、(空間・時間・物事・関係などが)連続せずに途切れているところ、開いたり途切れたりして何もないところ、隙(すき); 割:◆刀で二つに裂く、裂いて切り離された状態にする◆十分の一(比率の単位),N3,mixed,on+on+kun~,A4_multi_on(on+on+on 65%) | B_verb_rad_刀(kun 80%),時:◆一年の四分の一、季節、「一時(イチジ、三カ月、一季節)」「四時(シジ、四つの季節、四季)」◆一日の十二分の一、現在は二十四分の一、「時刻(ジコク)」◆年代、期; 間:◆両側からぴったりと閉じられずに開いているところ、(空間・時間・物事・関係などが)連続せずに途切れているところ、開いたり途切れたりして何もないところ、隙(すき); 割:◆刀で二つに裂く、裂いて切り離された状態にする◆十分の一(比率の単位)
kk_普及_ふきゅう,普及,ふきゅう,普:◆太陽の光が遠近にかかわらずどこにも一様に降り注ぐさま◆偏りがないさま、一様にどこまでも行き渡るさま¶別「𤽽」; 及:◆～の状態が継続してここに(今に)至る、同「迨」◆～(の状態、の時刻・時期・時機)になる、～に至(いた)る、同「迨」「逮」◆～(の状態、の場所、の段階)に達する,N3,on,on+on,A3_short_compound(on+on 71%),普:◆太陽の光が遠近にかかわらずどこにも一様に降り注ぐさま◆偏りがないさま、一様にどこまでも行き渡るさま¶別「𤽽」; 及:◆～の状態が継続してここに(今に)至る、同「迨」◆～(の状態、の時刻・時期・時機)になる、～に至(いた)る、同「迨」「逮」◆～(の状態、の場所、の段階)に達する
kk_景気_けいき,景気,けいき,景:◆光(ひかり)、光が当たることでできる影、光と影◆光と影があることで見える姿形(すがたかたち)や様子(ようす)・状態、「景色(ケイショク、けしき)」「風景(フウ; 気:◆中国古来の考えで、天地全ての事物の基本要素、目に見えず形状は一定しない、あらゆる事物の生死・盛衰などの変化・変動はこの「気」の移動・集散によるものと考えられた,N3,on,on+on,A3_short_compound(on+on 71%),景:◆光(ひかり)、光が当たることでできる影、光と影◆光と影があることで見える姿形(すがたかたち)や様子(ようす)・状態、「景色(ケイショク、けしき)」「風景(フウ; 気:◆中国古来の考えで、天地全ての事物の基本要素、目に見えず形状は一定しない、あらゆる事物の生死・盛衰などの変化・変動はこの「気」の移動・集散によるものと考えられた
kk_暗記_あんき,暗記,あんき,暗:◆光がない、明るさがない◆光を失う、明るさや生き生きとした感じを失う◆光が届かない、明かりが届かずよく見えない、ものの陰になっていて見えない◆ぼんやりしている、; 記:◆(忘れないように)覚えておく、「記憶(キオク)」◆(忘れないように)書き留(と)める、書き付ける、また書き留めたもの、「記録(キロク)」「記事(キジ、書き記さ,N3,on,on+on,A3_short_compound(on+on 71%) | B_verb_rad_言(kun 80%),暗:◆光がない、明るさがない◆光を失う、明るさや生き生きとした感じを失う◆光が届かない、明かりが届かずよく見えない、ものの陰になっていて見えない◆ぼんやりしている、; 記:◆(忘れないように)覚えておく、「記憶(キオク)」◆(忘れないように)書き留(と)める、書き付ける、また書き留めたもの、「記録(キロク)」「記事(キジ、書き記さ
kk_暗証番号_あんしょうばんごう,暗証番号,あんしょうばんごう,暗:◆光がない、明るさがない◆光を失う、明るさや生き生きとした感じを失う◆光が届かない、明かりが届かずよく見えない、ものの陰になっていて見えない◆ぼんやりしている、; 証:◆諌(いさ)める、過(あやま)ちを咎(とが)め正すよう意見する◆病気の徴候や状態、症状、同「症」◆正当であること(事実であること)を根拠を示して明らかにする、ま; 番:◆順に並んでいるものを次々に入れ替えながら繰り返すこと、またその順位、またその順位に当たること、「輪番(リンバン、順番に交替しながら繰り返すこと)」「當番(トウ,N3,on,on+on+on+on,A4_multi_on(on+on+on+on 65%) | B_verb_rad_言(kun 80%),暗:◆光がない、明るさがない◆光を失う、明るさや生き生きとした感じを失う◆光が届かない、明かりが届かずよく見えない、ものの陰になっていて見えない◆ぼんやりしている、; 証:◆諌(いさ)める、過(あやま)ちを咎(とが)め正すよう意見する◆病気の徴候や状態、症状、同「症」◆正当であること(事実であること)を根拠を示して明らかにする、ま; 番:◆順に並んでいるものを次々に入れ替えながら繰り返すこと、またその順位、またその順位に当たること、「輪番(リンバン、順番に交替しながら繰り返すこと)」「當番(トウ
kk_暮れ_くれ,暮れ,くれ,暮:◆陽の光が届かなって暗くなる、晩(バン)、同「莫」◆人生や月日・季節・年などが将(まさ)に尽きようとする、またその頃◆[日]く・れる、(暗くなって)区別や判断が,N3,kun,kun,IL1_okurigana(kun 96%) | IL2_single_okuri(kun 96%),暮:◆陽の光が届かなって暗くなる、晩(バン)、同「莫」◆人生や月日・季節・年などが将(まさ)に尽きようとする、またその頃◆[日]く・れる、(暗くなって)区別や判断が
kk_曖昧_あいまい,曖昧,あいまい,曖:◆太陽の光が雲や霧などで遮(さえぎ)られ薄暗いさま、同「𣋞」◆薄暗く見分けがつきにくいさま、ぼんやりとしているさま、「曖昧(アイマイ)」; 昧:◆夜が明けようとしているがまだすっかりとは明け切らないさま◆薄暗い、はっきりとしない、ぼんやりとしている、「曖昧(アイマイ)」、同「昩」◆道理をよく理解できない,N3,on,on+on,,曖:◆太陽の光が雲や霧などで遮(さえぎ)られ薄暗いさま、同「𣋞」◆薄暗く見分けがつきにくいさま、ぼんやりとしているさま、「曖昧(アイマイ)」; 昧:◆夜が明けようとしているがまだすっかりとは明け切らないさま◆薄暗い、はっきりとしない、ぼんやりとしている、「曖昧(アイマイ)」、同「昩」◆道理をよく理解できない
kk_曲げる_まげる,曲げる,まげる,"曲:◆真っ直(す)ぐでない、撓(たわ)む、""(""字形のように弧を描くように曲がることを指し""〈""字のように鋭角に曲がることを「折」という◆歪む、正しい状態や方向から",N3,kun,kun,IL1_okurigana(kun 96%) | IL2_single_okuri(kun 96%),"曲:◆真っ直(す)ぐでない、撓(たわ)む、""(""字形のように弧を描くように曲がることを指し""〈""字のように鋭角に曲がることを「折」という◆歪む、正しい状態や方向から"
kk_更に_さらに,更に,さらに,更:◆それまで(これまで)続けてきたことを改(あらた)めて、それ以降も(これ以降も)続ける、それまでのものを別のものに替える◆さら・に、その上に、一段と◆さら・に、,N3,kun,kun,IL1_okurigana(kun 96%) | IL2_single_okuri(kun 96%),更:◆それまで(これまで)続けてきたことを改(あらた)めて、それ以降も(これ以降も)続ける、それまでのものを別のものに替える◆さら・に、その上に、一段と◆さら・に、
kk_書き直す_かきなおす,書き直す,かきなおす,書:◆文字を筆(聿)などで記(しる)す、著(あらわ)す、「書物(ショモツ)」「文書(ブンショ)」◆手紙、「書信(ショシン)」◆「書経(ショキョウ、別名尚書ショウショ; 直:◆ものをまっすぐによく見る◆まっすぐなさま、曲がったり折れたり歪(ゆが)んだりしない(していない)さま、「正直(ショウジキ、まっすぐなこと、嘘や偽りがないこと),N3,kun,kun+kun~,IL1_okurigana(kun 96%) | A1_compound_oku(kun 90%) | A1_on_kun_mix(on+kun 65%),書:◆文字を筆(聿)などで記(しる)す、著(あらわ)す、「書物(ショモツ)」「文書(ブンショ)」◆手紙、「書信(ショシン)」◆「書経(ショキョウ、別名尚書ショウショ; 直:◆ものをまっすぐによく見る◆まっすぐなさま、曲がったり折れたり歪(ゆが)んだりしない(していない)さま、「正直(ショウジキ、まっすぐなこと、嘘や偽りがないこと)
kk_最中_さいちゅう,最中,さいちゅう,最:◆もっと・も、比べるものの中で一番の、第一の、極めて◆多くの(幾つかの)ものの中で先頭であるさま、一番優れているさま◆多くのものが同じところに集まる、また集める; 中:◆ものとものの間にあってどちらにも偏(かたよ)らない位置◆上下・高低・大小などの間(あいだ)に位置する人や物や場所、同「仲」◆始点(出発地)から終点(目的地)ま,N3,on,on+on,,最:◆もっと・も、比べるものの中で一番の、第一の、極めて◆多くの(幾つかの)ものの中で先頭であるさま、一番優れているさま◆多くのものが同じところに集まる、また集める; 中:◆ものとものの間にあってどちらにも偏(かたよ)らない位置◆上下・高低・大小などの間(あいだ)に位置する人や物や場所、同「仲」◆始点(出発地)から終点(目的地)ま
kk_最低_さいてい,最低,さいてい,最:◆もっと・も、比べるものの中で一番の、第一の、極めて◆多くの(幾つかの)ものの中で先頭であるさま、一番優れているさま◆多くのものが同じところに集まる、また集める; 低:◆上下の方向で下の方、標準的・平均的な程度よりも下にある◆幾つかのものを比べた時に下にある、また劣っている、また卑(いや)しい◆標準・基準や想定・期待に届かない,N3,on,on+on,,最:◆もっと・も、比べるものの中で一番の、第一の、極めて◆多くの(幾つかの)ものの中で先頭であるさま、一番優れているさま◆多くのものが同じところに集まる、また集める; 低:◆上下の方向で下の方、標準的・平均的な程度よりも下にある◆幾つかのものを比べた時に下にある、また劣っている、また卑(いや)しい◆標準・基準や想定・期待に届かない
kk_最低限_さいていげん,最低限,さいていげん,最:◆もっと・も、比べるものの中で一番の、第一の、極めて◆多くの(幾つかの)ものの中で先頭であるさま、一番優れているさま◆多くのものが同じところに集まる、また集める; 低:◆上下の方向で下の方、標準的・平均的な程度よりも下にある◆幾つかのものを比べた時に下にある、また劣っている、また卑(いや)しい◆標準・基準や想定・期待に届かない; 限:◆内と外との区切り、境界、「限界(ゲンカイ)」◆境界や範囲の内側、定めた区切り以内、またその内に収める、「限度(ゲンド)」「限定(ゲンテイ)」◆門の地上部に渡し,N3,on,on+on+on,A4_multi_on(on+on+on 65%),最:◆もっと・も、比べるものの中で一番の、第一の、極めて◆多くの(幾つかの)ものの中で先頭であるさま、一番優れているさま◆多くのものが同じところに集まる、また集める; 低:◆上下の方向で下の方、標準的・平均的な程度よりも下にある◆幾つかのものを比べた時に下にある、また劣っている、また卑(いや)しい◆標準・基準や想定・期待に届かない; 限:◆内と外との区切り、境界、「限界(ゲンカイ)」◆境界や範囲の内側、定めた区切り以内、またその内に収める、「限度(ゲンド)」「限定(ゲンテイ)」◆門の地上部に渡し
kk_最多_さいた,最多,さいた,最:◆もっと・も、比べるものの中で一番の、第一の、極めて◆多くの(幾つかの)ものの中で先頭であるさま、一番優れているさま◆多くのものが同じところに集まる、また集める; 多:◆数や度量(ドリョウ、ものの多少・軽重・長短・高低・深浅・強弱など)が、あるべき(必要とする)数や度量より大きい、また余りある、またそれを超えている、少ないのは,N3,on,on+on,A3_short_compound(on+on 71%),最:◆もっと・も、比べるものの中で一番の、第一の、極めて◆多くの(幾つかの)ものの中で先頭であるさま、一番優れているさま◆多くのものが同じところに集まる、また集める; 多:◆数や度量(ドリョウ、ものの多少・軽重・長短・高低・深浅・強弱など)が、あるべき(必要とする)数や度量より大きい、また余りある、またそれを超えている、少ないのは
kk_最大_さいだい,最大,さいだい,最:◆もっと・も、比べるものの中で一番の、第一の、極めて◆多くの(幾つかの)ものの中で先頭であるさま、一番優れているさま◆多くのものが同じところに集まる、また集める; 大:◆形・数・量・力・程度などが比較しようとしているもの以上である、求められる(必要とされる、必要な)形・数・量・力・程度などを超(こ)えている、優(すぐ)れる、長,N3,on,on+on,,最:◆もっと・も、比べるものの中で一番の、第一の、極めて◆多くの(幾つかの)ものの中で先頭であるさま、一番優れているさま◆多くのものが同じところに集まる、また集める; 大:◆形・数・量・力・程度などが比較しようとしているもの以上である、求められる(必要とされる、必要な)形・数・量・力・程度などを超(こ)えている、優(すぐ)れる、長
kk_最大限_さいだいげん,最大限,さいだいげん,最:◆もっと・も、比べるものの中で一番の、第一の、極めて◆多くの(幾つかの)ものの中で先頭であるさま、一番優れているさま◆多くのものが同じところに集まる、また集める; 大:◆形・数・量・力・程度などが比較しようとしているもの以上である、求められる(必要とされる、必要な)形・数・量・力・程度などを超(こ)えている、優(すぐ)れる、長; 限:◆内と外との区切り、境界、「限界(ゲンカイ)」◆境界や範囲の内側、定めた区切り以内、またその内に収める、「限度(ゲンド)」「限定(ゲンテイ)」◆門の地上部に渡し,N3,on,on+on+on,A4_multi_on(on+on+on 65%),最:◆もっと・も、比べるものの中で一番の、第一の、極めて◆多くの(幾つかの)ものの中で先頭であるさま、一番優れているさま◆多くのものが同じところに集まる、また集める; 大:◆形・数・量・力・程度などが比較しようとしているもの以上である、求められる(必要とされる、必要な)形・数・量・力・程度などを超(こ)えている、優(すぐ)れる、長; 限:◆内と外との区切り、境界、「限界(ゲンカイ)」◆境界や範囲の内側、定めた区切り以内、またその内に収める、「限度(ゲンド)」「限定(ゲンテイ)」◆門の地上部に渡し
kk_最小_さいしょう,最小,さいしょう,最:◆もっと・も、比べるものの中で一番の、第一の、極めて◆多くの(幾つかの)ものの中で先頭であるさま、一番優れているさま◆多くのものが同じところに集まる、また集める; 小:◆形・数・量・力・程度などが比較しようとしているもの以下である、求められる(必要とされる、必要な)形・数・量・力・程度などに及ばない(足りない)、劣(おと)る、,N3,on,on+on,,最:◆もっと・も、比べるものの中で一番の、第一の、極めて◆多くの(幾つかの)ものの中で先頭であるさま、一番優れているさま◆多くのものが同じところに集まる、また集める; 小:◆形・数・量・力・程度などが比較しようとしているもの以下である、求められる(必要とされる、必要な)形・数・量・力・程度などに及ばない(足りない)、劣(おと)る、
kk_最小限_さいしょうげん,最小限,さいしょうげん,最:◆もっと・も、比べるものの中で一番の、第一の、極めて◆多くの(幾つかの)ものの中で先頭であるさま、一番優れているさま◆多くのものが同じところに集まる、また集める; 小:◆形・数・量・力・程度などが比較しようとしているもの以下である、求められる(必要とされる、必要な)形・数・量・力・程度などに及ばない(足りない)、劣(おと)る、; 限:◆内と外との区切り、境界、「限界(ゲンカイ)」◆境界や範囲の内側、定めた区切り以内、またその内に収める、「限度(ゲンド)」「限定(ゲンテイ)」◆門の地上部に渡し,N3,on,on+on+on,A4_multi_on(on+on+on 65%),最:◆もっと・も、比べるものの中で一番の、第一の、極めて◆多くの(幾つかの)ものの中で先頭であるさま、一番優れているさま◆多くのものが同じところに集まる、また集める; 小:◆形・数・量・力・程度などが比較しようとしているもの以下である、求められる(必要とされる、必要な)形・数・量・力・程度などに及ばない(足りない)、劣(おと)る、; 限:◆内と外との区切り、境界、「限界(ゲンカイ)」◆境界や範囲の内側、定めた区切り以内、またその内に収める、「限度(ゲンド)」「限定(ゲンテイ)」◆門の地上部に渡し
kk_最新_さいしん,最新,さいしん,最:◆もっと・も、比べるものの中で一番の、第一の、極めて◆多くの(幾つかの)ものの中で先頭であるさま、一番優れているさま◆多くのものが同じところに集まる、また集める; 新:◆切ったばかりの木、切ったばかりで何の手も加えられていない木◆それまでにはなかった形状・状態・様子・性質になるさま、それまではなかったものが初めて現れるさま◆改,N3,on,on+on,,最:◆もっと・も、比べるものの中で一番の、第一の、極めて◆多くの(幾つかの)ものの中で先頭であるさま、一番優れているさま◆多くのものが同じところに集まる、また集める; 新:◆切ったばかりの木、切ったばかりで何の手も加えられていない木◆それまでにはなかった形状・状態・様子・性質になるさま、それまではなかったものが初めて現れるさま◆改
kk_最新型_さいしんがた,最新型,さいしんがた,最:◆もっと・も、比べるものの中で一番の、第一の、極めて◆多くの(幾つかの)ものの中で先頭であるさま、一番優れているさま◆多くのものが同じところに集まる、また集める; 新:◆切ったばかりの木、切ったばかりで何の手も加えられていない木◆それまでにはなかった形状・状態・様子・性質になるさま、それまではなかったものが初めて現れるさま◆改; 型:◆これから作ろうとする物の形に作ったもの、溶かした金属を流し入れて目的の形に造るためのもの、「鋳型(いがた)」、木製は「模」、竹製は「範」◆模範(モハン)、手本,N3,other,mixed+mixed+mixed~,A4_multi_on(on+on+on 65%),最:◆もっと・も、比べるものの中で一番の、第一の、極めて◆多くの(幾つかの)ものの中で先頭であるさま、一番優れているさま◆多くのものが同じところに集まる、また集める; 新:◆切ったばかりの木、切ったばかりで何の手も加えられていない木◆それまでにはなかった形状・状態・様子・性質になるさま、それまではなかったものが初めて現れるさま◆改; 型:◆これから作ろうとする物の形に作ったもの、溶かした金属を流し入れて目的の形に造るためのもの、「鋳型(いがた)」、木製は「模」、竹製は「範」◆模範(モハン)、手本
kk_最終_さいしゅう,最終,さいしゅう,最:◆もっと・も、比べるものの中で一番の、第一の、極めて◆多くの(幾つかの)ものの中で先頭であるさま、一番優れているさま◆多くのものが同じところに集まる、また集める; 終:◆途切れずに続いているものの後方の部分、始まりの部分は「始」◆続いていたものが尽きる、これから先はないところにまで到(いた)る◆最後に、ついに、しまいに、とうと,N3,on,on+on,,最:◆もっと・も、比べるものの中で一番の、第一の、極めて◆多くの(幾つかの)ものの中で先頭であるさま、一番優れているさま◆多くのものが同じところに集まる、また集める; 終:◆途切れずに続いているものの後方の部分、始まりの部分は「始」◆続いていたものが尽きる、これから先はないところにまで到(いた)る◆最後に、ついに、しまいに、とうと
kk_最終日_さいしゅうび,最終日,さいしゅうび,最:◆もっと・も、比べるものの中で一番の、第一の、極めて◆多くの(幾つかの)ものの中で先頭であるさま、一番優れているさま◆多くのものが同じところに集まる、また集める; 終:◆途切れずに続いているものの後方の部分、始まりの部分は「始」◆続いていたものが尽きる、これから先はないところにまで到(いた)る◆最後に、ついに、しまいに、とうと; 日:◆太陽◆太陽が出ている間、昼間、夜明けから日没まで◆一昼夜、朝から次の朝まで、またその繰り返し、またその繰り返しを数える語◆候(コウ)、時節、頃(ケイ、ころ)◆,N3,other,mixed+mixed+mixed~,A4_multi_on(on+on+on 65%),最:◆もっと・も、比べるものの中で一番の、第一の、極めて◆多くの(幾つかの)ものの中で先頭であるさま、一番優れているさま◆多くのものが同じところに集まる、また集める; 終:◆途切れずに続いているものの後方の部分、始まりの部分は「始」◆続いていたものが尽きる、これから先はないところにまで到(いた)る◆最後に、ついに、しまいに、とうと; 日:◆太陽◆太陽が出ている間、昼間、夜明けから日没まで◆一昼夜、朝から次の朝まで、またその繰り返し、またその繰り返しを数える語◆候(コウ)、時節、頃(ケイ、ころ)◆
kk_最適_さいてき,最適,さいてき,最:◆もっと・も、比べるものの中で一番の、第一の、極めて◆多くの(幾つかの)ものの中で先頭であるさま、一番優れているさま◆多くのものが同じところに集まる、また集める; 適:◆(目的とする方に向かって)往く、(目的とする方に)向かう◆向かう方向が目的に合っている、意に沿(そ)っている、相応(ふさわ)しい◆(ちょうど合っていて、自分の,N3,on,on+on,,最:◆もっと・も、比べるものの中で一番の、第一の、極めて◆多くの(幾つかの)ものの中で先頭であるさま、一番優れているさま◆多くのものが同じところに集まる、また集める; 適:◆(目的とする方に向かって)往く、(目的とする方に)向かう◆向かう方向が目的に合っている、意に沿(そ)っている、相応(ふさわ)しい◆(ちょうど合っていて、自分の
kk_最高_さいこう,最高,さいこう,最:◆もっと・も、比べるものの中で一番の、第一の、極めて◆多くの(幾つかの)ものの中で先頭であるさま、一番優れているさま◆多くのものが同じところに集まる、また集める; 高:◆上下の方向で上の方、標準的・平均的な程度よりも上にある◆幾つかのものを比べた時に上にある、また優(すぐ)れている、また尊(とうと)い◆標準・基準や想定・期待を,N3,on,on+on,,最:◆もっと・も、比べるものの中で一番の、第一の、極めて◆多くの(幾つかの)ものの中で先頭であるさま、一番優れているさま◆多くのものが同じところに集まる、また集める; 高:◆上下の方向で上の方、標準的・平均的な程度よりも上にある◆幾つかのものを比べた時に上にある、また優(すぐ)れている、また尊(とうと)い◆標準・基準や想定・期待を
kk_最～_さい～,最～,さい～,最:◆もっと・も、比べるものの中で一番の、第一の、極めて◆多くの(幾つかの)ものの中で先頭であるさま、一番優れているさま◆多くのものが同じところに集まる、また集める,N3,on,on,IL2_single_default(kun 84%),最:◆もっと・も、比べるものの中で一番の、第一の、極めて◆多くの(幾つかの)ものの中で先頭であるさま、一番優れているさま◆多くのものが同じところに集まる、また集める
kk_月末_げつまつ,月末,げつまつ,月:◆地球の衛星の名、太陰(タイイン)、「日」を「太陽」というのに対して月を「太陰」という◆一年をほぼ十二等分した期間、新月(月が見えなくなる日)から次の新月までの; 末:◆木の先(さき)の細い部分、端(はじ)、先端◆物事の最後、終わり◆細いさま、細(こま)かいさま、小さいさま◆(端の方にあって或いは細かくて)取るに足りない、些細,N3,on,on+on,B_noun_rad_木(kun 93%),月:◆地球の衛星の名、太陰(タイイン)、「日」を「太陽」というのに対して月を「太陰」という◆一年をほぼ十二等分した期間、新月(月が見えなくなる日)から次の新月までの; 末:◆木の先(さき)の細い部分、端(はじ)、先端◆物事の最後、終わり◆細いさま、細(こま)かいさま、小さいさま◆(端の方にあって或いは細かくて)取るに足りない、些細
kk_月給_げっきゅう,月給,げっきゅう,月:◆地球の衛星の名、太陰(タイイン)、「日」を「太陽」というのに対して月を「太陰」という◆一年をほぼ十二等分した期間、新月(月が見えなくなる日)から次の新月までの; 給:◆足りていないところ(加える必要があるところ)に足して繋(つな)ぎ合わせる◆必要があるところに必要とするものを補(おぎな)う、足して足りるようにする◆上位の人(,N3,on,on+on,,月:◆地球の衛星の名、太陰(タイイン)、「日」を「太陽」というのに対して月を「太陰」という◆一年をほぼ十二等分した期間、新月(月が見えなくなる日)から次の新月までの; 給:◆足りていないところ(加える必要があるところ)に足して繋(つな)ぎ合わせる◆必要があるところに必要とするものを補(おぎな)う、足して足りるようにする◆上位の人(
kk_有り難い_ありがたい,有り難い,ありがたい,有:◆在(あ)る、居(い)る、一定の範囲や場所に存在する、「有力(ユウリョク、力がある)」「稀有(ケウ、稀にある、稀にしかない)」◆持っている、備わっている、「所有; 難:◆思いの通りにいかない(ならない)、～するのは容易でない、～しにくい、～しづらい、同「艱」◆災(わざわ)い、禍(カ、わざわい)、手の施(ほどこ)しようのない(思,N3,other,mixed+mixed~,IL1_okurigana(kun 96%) | A1_compound_oku(kun 90%) | A1_on_kun_mix(on+kun 65%),有:◆在(あ)る、居(い)る、一定の範囲や場所に存在する、「有力(ユウリョク、力がある)」「稀有(ケウ、稀にある、稀にしかない)」◆持っている、備わっている、「所有; 難:◆思いの通りにいかない(ならない)、～するのは容易でない、～しにくい、～しづらい、同「艱」◆災(わざわ)い、禍(カ、わざわい)、手の施(ほどこ)しようのない(思
kk_有効_ゆうこう,有効,ゆうこう,有:◆在(あ)る、居(い)る、一定の範囲や場所に存在する、「有力(ユウリョク、力がある)」「稀有(ケウ、稀にある、稀にしかない)」◆持っている、備わっている、「所有; 効:◆致(いた)す、力を尽くす、力を発揮する◆致す(力を尽くす、力を発揮する)ことによって結果・成果が現れる(得られる)◆他に致す(作用する)ことによって現れる(得,N3,on,on+on,B_verb_rad_力(kun 80%),有:◆在(あ)る、居(い)る、一定の範囲や場所に存在する、「有力(ユウリョク、力がある)」「稀有(ケウ、稀にある、稀にしかない)」◆持っている、備わっている、「所有; 効:◆致(いた)す、力を尽くす、力を発揮する◆致す(力を尽くす、力を発揮する)ことによって結果・成果が現れる(得られる)◆他に致す(作用する)ことによって現れる(得
kk_有名人_ゆうめいじん,有名人,ゆうめいじん,有:◆在(あ)る、居(い)る、一定の範囲や場所に存在する、「有力(ユウリョク、力がある)」「稀有(ケウ、稀にある、稀にしかない)」◆持っている、備わっている、「所有; 名:◆人に付ける呼称、また動物・もの・出来事などを呼んだり指し示したり識別したりするためにその各々に付ける呼称、「名称(メイショウ)」◆呼称を付ける、「命名(メイメ; 人:◆霊長目ヒト科ヒト属の生物、ホモ・サピエンスHomo sapiens(「知恵の人」の意)、同「儿」◆自分以外の者、「人我(ジンガ、他人と自分)」◆人の数(かず),N3,on,on+on+on,A4_multi_on(on+on+on 65%),有:◆在(あ)る、居(い)る、一定の範囲や場所に存在する、「有力(ユウリョク、力がある)」「稀有(ケウ、稀にある、稀にしかない)」◆持っている、備わっている、「所有; 名:◆人に付ける呼称、また動物・もの・出来事などを呼んだり指し示したり識別したりするためにその各々に付ける呼称、「名称(メイショウ)」◆呼称を付ける、「命名(メイメ; 人:◆霊長目ヒト科ヒト属の生物、ホモ・サピエンスHomo sapiens(「知恵の人」の意)、同「儿」◆自分以外の者、「人我(ジンガ、他人と自分)」◆人の数(かず)
kk_服装_ふくそう,服装,ふくそう,服:◆命令や指示に沿い合わせる、命令や指示に従う◆自分の考えにぴったりと収まる、納得する、納得して従う◆仕事や道具などが手に合う、馴染む、慣れる◆何時もと同じように; 装:◆(包んだり覆ったりして)外側を飾る◆(衣服や装飾品などのような、上辺を繕うための)飾り◆(飾り付けをしたりして)外見を整える◆(衣服を纏ったり化粧をしたりして,N3,on,on+on,,服:◆命令や指示に沿い合わせる、命令や指示に従う◆自分の考えにぴったりと収まる、納得する、納得して従う◆仕事や道具などが手に合う、馴染む、慣れる◆何時もと同じように; 装:◆(包んだり覆ったりして)外側を飾る◆(衣服や装飾品などのような、上辺を繕うための)飾り◆(飾り付けをしたりして)外見を整える◆(衣服を纏ったり化粧をしたりして
kk_朗らか_ほがらか,朗らか,ほがらか,朗:◆明るい、明るく澄み渡っている、同「朤」◆明るく元気がよい、声が明るく澄んでいる,N3,kun,kun,IL1_okurigana(kun 96%) | IL2_single_okuri(kun 96%),朗:◆明るい、明るく澄み渡っている、同「朤」◆明るく元気がよい、声が明るく澄んでいる
kk_望む_のぞむ,望む,のぞむ,望:◆待っている人や物事の到着をまだかまだかと待つ、期待する、そうなって欲しいと思う◆(待ち望む方を)見やる、遠くを見やる◆仰ぎ見る、他から仰ぎ見られる◆もち、陰暦,N3,kun,kun,IL1_okurigana(kun 96%) | IL2_single_okuri(kun 96%),望:◆待っている人や物事の到着をまだかまだかと待つ、期待する、そうなって欲しいと思う◆(待ち望む方を)見やる、遠くを見やる◆仰ぎ見る、他から仰ぎ見られる◆もち、陰暦
kk_朝日_あさひ,朝日,あさひ,朝:◆太陽が地平より上に出て日光が射し始める頃、日の出の頃、同「旦」◆日の出から昼前までの時間、日の出から日の入りまでの時間◆天子・君主に謁見する、春の謁見式、秋は; 日:◆太陽◆太陽が出ている間、昼間、夜明けから日没まで◆一昼夜、朝から次の朝まで、またその繰り返し、またその繰り返しを数える語◆候(コウ)、時節、頃(ケイ、ころ)◆,N3,kun,kun+kun~,A3_short_compound(on+on 71%),朝:◆太陽が地平より上に出て日光が射し始める頃、日の出の頃、同「旦」◆日の出から昼前までの時間、日の出から日の入りまでの時間◆天子・君主に謁見する、春の謁見式、秋は; 日:◆太陽◆太陽が出ている間、昼間、夜明けから日没まで◆一昼夜、朝から次の朝まで、またその繰り返し、またその繰り返しを数える語◆候(コウ)、時節、頃(ケイ、ころ)◆
kk_朝晩_あさばん,朝晩,あさばん,朝:◆太陽が地平より上に出て日光が射し始める頃、日の出の頃、同「旦」◆日の出から昼前までの時間、日の出から日の入りまでの時間◆天子・君主に謁見する、春の謁見式、秋は; 晩:◆陽が沈み切って暗くなる、日がすっかりと暮れる、またその時刻、陽が沈み始める頃を「夕」、「傍晚(ボウバン、晚が間近の頃)」「夜晚(ヤバン、夜、すっかり暗くなった,N3,mixed,kun+on~,,朝:◆太陽が地平より上に出て日光が射し始める頃、日の出の頃、同「旦」◆日の出から昼前までの時間、日の出から日の入りまでの時間◆天子・君主に謁見する、春の謁見式、秋は; 晩:◆陽が沈み切って暗くなる、日がすっかりと暮れる、またその時刻、陽が沈み始める頃を「夕」、「傍晚(ボウバン、晚が間近の頃)」「夜晚(ヤバン、夜、すっかり暗くなった
kk_期待_きたい,期待,きたい,期:◆予定されている(約束されている)時(とき、時期、時間)、「時期(ジキ)」「期間(キカン、二つの時の間、始めの時から終わりの時までの間)」◆決められた時(時期、; 待:◆その人・時間・機会などが来るまで(その状態になるまで)その場に止(とど)まる、同「𥩳」◆持て成す(もてなす)、準備を整えて応接する、心を尽くして応対する◆「不,N3,on,on+on,A3_short_compound(on+on 71%),期:◆予定されている(約束されている)時(とき、時期、時間)、「時期(ジキ)」「期間(キカン、二つの時の間、始めの時から終わりの時までの間)」◆決められた時(時期、; 待:◆その人・時間・機会などが来るまで(その状態になるまで)その場に止(とど)まる、同「𥩳」◆持て成す(もてなす)、準備を整えて応接する、心を尽くして応対する◆「不
kk_期末_きまつ,期末,きまつ,期:◆予定されている(約束されている)時(とき、時期、時間)、「時期(ジキ)」「期間(キカン、二つの時の間、始めの時から終わりの時までの間)」◆決められた時(時期、; 末:◆木の先(さき)の細い部分、端(はじ)、先端◆物事の最後、終わり◆細いさま、細(こま)かいさま、小さいさま◆(端の方にあって或いは細かくて)取るに足りない、些細,N3,on,on+on,A3_short_compound(on+on 71%) | B_noun_rad_木(kun 93%),期:◆予定されている(約束されている)時(とき、時期、時間)、「時期(ジキ)」「期間(キカン、二つの時の間、始めの時から終わりの時までの間)」◆決められた時(時期、; 末:◆木の先(さき)の細い部分、端(はじ)、先端◆物事の最後、終わり◆細いさま、細(こま)かいさま、小さいさま◆(端の方にあって或いは細かくて)取るに足りない、些細
kk_期間_きかん,期間,きかん,期:◆予定されている(約束されている)時(とき、時期、時間)、「時期(ジキ)」「期間(キカン、二つの時の間、始めの時から終わりの時までの間)」◆決められた時(時期、; 間:◆両側からぴったりと閉じられずに開いているところ、(空間・時間・物事・関係などが)連続せずに途切れているところ、開いたり途切れたりして何もないところ、隙(すき),N3,on,on+on,A3_short_compound(on+on 71%),期:◆予定されている(約束されている)時(とき、時期、時間)、「時期(ジキ)」「期間(キカン、二つの時の間、始めの時から終わりの時までの間)」◆決められた時(時期、; 間:◆両側からぴったりと閉じられずに開いているところ、(空間・時間・物事・関係などが)連続せずに途切れているところ、開いたり途切れたりして何もないところ、隙(すき)
kk_期限_きげん,期限,きげん,期:◆予定されている(約束されている)時(とき、時期、時間)、「時期(ジキ)」「期間(キカン、二つの時の間、始めの時から終わりの時までの間)」◆決められた時(時期、; 限:◆内と外との区切り、境界、「限界(ゲンカイ)」◆境界や範囲の内側、定めた区切り以内、またその内に収める、「限度(ゲンド)」「限定(ゲンテイ)」◆門の地上部に渡し,N3,on,on+on,A3_short_compound(on+on 71%),期:◆予定されている(約束されている)時(とき、時期、時間)、「時期(ジキ)」「期間(キカン、二つの時の間、始めの時から終わりの時までの間)」◆決められた時(時期、; 限:◆内と外との区切り、境界、「限界(ゲンカイ)」◆境界や範囲の内側、定めた区切り以内、またその内に収める、「限度(ゲンド)」「限定(ゲンテイ)」◆門の地上部に渡し
kk_木材_もくざい,木材,もくざい,木:◆植物の一分類、例外もあるが一般に表皮が硬く寒暖差などによって年輪を生ずるもの、またそれを使ったもの◆五行(水・火・木・金・土)の一つ ◆自然で飾り気がないさま; 材:◆切り出した木、立木は「樹」◆さまざまな構築物や工作物などに用いられる木◆ものを作り上げるための元となる物◆有用なもの、有能な人,N3,on,on+on,B_noun_rad_木(kun 93%) | B_noun_rad_木(kun 93%),木:◆植物の一分類、例外もあるが一般に表皮が硬く寒暖差などによって年輪を生ずるもの、またそれを使ったもの◆五行(水・火・木・金・土)の一つ ◆自然で飾り気がないさま; 材:◆切り出した木、立木は「樹」◆さまざまな構築物や工作物などに用いられる木◆ものを作り上げるための元となる物◆有用なもの、有能な人
kk_未成年_みせいねん,未成年,みせいねん,未:◆十二支の八番目、方角では南南西、時刻では午後二時を中心とした二時間、動物では「羊」を当てる ◆いま・だ、まだ～でない、まだ～しない、まだ～していない◆ない、～; 成:◆為(な)す、形や状態などを変えようとする、また変わろうとする◆本来の形や状態になる、目的・目標を持って働き、当初の目的・目標に達する、出来上がる、仕上がる、「; 年:◆穀物が稔(みの)る、同「秊」◆農作物を収穫してから次の収穫期までの期間、四季(二十四節気)を一巡する期間、year◆誕生してから生きてその誕生日を通り過ぎた回,N3,on,on+on+on,A4_multi_on(on+on+on 65%) | B_noun_rad_木(kun 93%),未:◆十二支の八番目、方角では南南西、時刻では午後二時を中心とした二時間、動物では「羊」を当てる ◆いま・だ、まだ～でない、まだ～しない、まだ～していない◆ない、～; 成:◆為(な)す、形や状態などを変えようとする、また変わろうとする◆本来の形や状態になる、目的・目標を持って働き、当初の目的・目標に達する、出来上がる、仕上がる、「; 年:◆穀物が稔(みの)る、同「秊」◆農作物を収穫してから次の収穫期までの期間、四季(二十四節気)を一巡する期間、year◆誕生してから生きてその誕生日を通り過ぎた回
kk_未来_みらい,未来,みらい,未:◆十二支の八番目、方角では南南西、時刻では午後二時を中心とした二時間、動物では「羊」を当てる ◆いま・だ、まだ～でない、まだ～しない、まだ～していない◆ない、～; 来:◆(人や時間や物事が)向こうからこちらに近づく、「到来(トウライ)」、同「倈」「徠」「逨」「𧼛」◆招き寄せる、「こちらに来させる」の意◆ある時点から今まで、今に,N3,on,on+on,A3_short_compound(on+on 71%) | B_noun_rad_木(kun 93%) | B_noun_rad_木(kun 93%),未:◆十二支の八番目、方角では南南西、時刻では午後二時を中心とした二時間、動物では「羊」を当てる ◆いま・だ、まだ～でない、まだ～しない、まだ～していない◆ない、～; 来:◆(人や時間や物事が)向こうからこちらに近づく、「到来(トウライ)」、同「倈」「徠」「逨」「𧼛」◆招き寄せる、「こちらに来させる」の意◆ある時点から今まで、今に
kk_末_すえ,末,すえ,末:◆木の先(さき)の細い部分、端(はじ)、先端◆物事の最後、終わり◆細いさま、細(こま)かいさま、小さいさま◆(端の方にあって或いは細かくて)取るに足りない、些細,N3,kun,kun,IL2_single_default(kun 84%) | B_noun_rad_木(kun 93%),末:◆木の先(さき)の細い部分、端(はじ)、先端◆物事の最後、終わり◆細いさま、細(こま)かいさま、小さいさま◆(端の方にあって或いは細かくて)取るに足りない、些細
kk_末っ子_すえっこ,末っ子,すえっこ,末:◆木の先(さき)の細い部分、端(はじ)、先端◆物事の最後、終わり◆細いさま、細(こま)かいさま、小さいさま◆(端の方にあって或いは細かくて)取るに足りない、些細; 子:◆母親から産まれるもの、古くは男女を問わず「子」といったが、現代中国では男の子(息子)を指す◆新しく産まれる(生まれる)ものの元となるもの、植物の種や実、動物の,N3,mixed,kun+on~,IL1_okurigana(kun 96%) | A1_compound_oku(kun 90%) | A1_on_kun_mix(on+kun 65%),末:◆木の先(さき)の細い部分、端(はじ)、先端◆物事の最後、終わり◆細いさま、細(こま)かいさま、小さいさま◆(端の方にあって或いは細かくて)取るに足りない、些細; 子:◆母親から産まれるもの、古くは男女を問わず「子」といったが、現代中国では男の子(息子)を指す◆新しく産まれる(生まれる)ものの元となるもの、植物の種や実、動物の
kk_本の_ほんの,本の,ほんの,本:◆木の根(ね)◆植物や物事の生まれ始まりの部分、ものの根源また起源、「本来(ホンライ、元々、初めから)」◆ものを支えているもの、基(もと)となるもの、拠(よ)り,N3,on,on,IL1_okurigana(kun 96%) | IL2_single_okuri(kun 96%) | B_noun_rad_木(kun 93%),本:◆木の根(ね)◆植物や物事の生まれ始まりの部分、ものの根源また起源、「本来(ホンライ、元々、初めから)」◆ものを支えているもの、基(もと)となるもの、拠(よ)り
kk_本人_ほんにん,本人,ほんにん,本:◆木の根(ね)◆植物や物事の生まれ始まりの部分、ものの根源また起源、「本来(ホンライ、元々、初めから)」◆ものを支えているもの、基(もと)となるもの、拠(よ)り; 人:◆霊長目ヒト科ヒト属の生物、ホモ・サピエンスHomo sapiens(「知恵の人」の意)、同「儿」◆自分以外の者、「人我(ジンガ、他人と自分)」◆人の数(かず),N3,on,on+on,B_noun_rad_木(kun 93%),本:◆木の根(ね)◆植物や物事の生まれ始まりの部分、ものの根源また起源、「本来(ホンライ、元々、初めから)」◆ものを支えているもの、基(もと)となるもの、拠(よ)り; 人:◆霊長目ヒト科ヒト属の生物、ホモ・サピエンスHomo sapiens(「知恵の人」の意)、同「儿」◆自分以外の者、「人我(ジンガ、他人と自分)」◆人の数(かず)
kk_本店_ほんてん,本店,ほんてん,本:◆木の根(ね)◆植物や物事の生まれ始まりの部分、ものの根源また起源、「本来(ホンライ、元々、初めから)」◆ものを支えているもの、基(もと)となるもの、拠(よ)り; 店:◆みせ、物を並べ売る建物、「一定の場所を占めて商売する屋根(广)のある所」の意◆たな、商品を並べる陳列棚、売り手と買い手を隔(へだ)てるカウンター、同「坫」◆[,N3,on,on+on,B_noun_rad_木(kun 93%) | B_noun_rad_广(kun 93%),本:◆木の根(ね)◆植物や物事の生まれ始まりの部分、ものの根源また起源、「本来(ホンライ、元々、初めから)」◆ものを支えているもの、基(もと)となるもの、拠(よ)り; 店:◆みせ、物を並べ売る建物、「一定の場所を占めて商売する屋根(广)のある所」の意◆たな、商品を並べる陳列棚、売り手と買い手を隔(へだ)てるカウンター、同「坫」◆[
kk_本文_ほんぶん,本文,ほんぶん,本:◆木の根(ね)◆植物や物事の生まれ始まりの部分、ものの根源また起源、「本来(ホンライ、元々、初めから)」◆ものを支えているもの、基(もと)となるもの、拠(よ)り; 文:◆紋様や図形、「天文(テンブン、テンモン)」◆多くの人にとって共通の意味を持つ紋様や図形、「文字(モジ、モンジ)」、古くは象形文字(ものの形を象った字、「宀」「,N3,on,on+on,B_noun_rad_木(kun 93%),本:◆木の根(ね)◆植物や物事の生まれ始まりの部分、ものの根源また起源、「本来(ホンライ、元々、初めから)」◆ものを支えているもの、基(もと)となるもの、拠(よ)り; 文:◆紋様や図形、「天文(テンブン、テンモン)」◆多くの人にとって共通の意味を持つ紋様や図形、「文字(モジ、モンジ)」、古くは象形文字(ものの形を象った字、「宀」「
kk_本日_ほんじつ,本日,ほんじつ,本:◆木の根(ね)◆植物や物事の生まれ始まりの部分、ものの根源また起源、「本来(ホンライ、元々、初めから)」◆ものを支えているもの、基(もと)となるもの、拠(よ)り; 日:◆太陽◆太陽が出ている間、昼間、夜明けから日没まで◆一昼夜、朝から次の朝まで、またその繰り返し、またその繰り返しを数える語◆候(コウ)、時節、頃(ケイ、ころ)◆,N3,on,on+on,B_noun_rad_木(kun 93%),本:◆木の根(ね)◆植物や物事の生まれ始まりの部分、ものの根源また起源、「本来(ホンライ、元々、初めから)」◆ものを支えているもの、基(もと)となるもの、拠(よ)り; 日:◆太陽◆太陽が出ている間、昼間、夜明けから日没まで◆一昼夜、朝から次の朝まで、またその繰り返し、またその繰り返しを数える語◆候(コウ)、時節、頃(ケイ、ころ)◆
kk_本物_ほんもの,本物,ほんもの,本:◆木の根(ね)◆植物や物事の生まれ始まりの部分、ものの根源また起源、「本来(ホンライ、元々、初めから)」◆ものを支えているもの、基(もと)となるもの、拠(よ)り; 物:◆(天地の間に存在する)人以外の形のあるもの、人は「者」、形のないものは「事」,N3,mixed,on+kun~,B_noun_rad_木(kun 93%) | B_noun_rad_牛(kun 93%),本:◆木の根(ね)◆植物や物事の生まれ始まりの部分、ものの根源また起源、「本来(ホンライ、元々、初めから)」◆ものを支えているもの、基(もと)となるもの、拠(よ)り; 物:◆(天地の間に存在する)人以外の形のあるもの、人は「者」、形のないものは「事」
kk_本社_ほんしゃ,本社,ほんしゃ,本:◆木の根(ね)◆植物や物事の生まれ始まりの部分、ものの根源また起源、「本来(ホンライ、元々、初めから)」◆ものを支えているもの、基(もと)となるもの、拠(よ)り; 社:◆土地の神、土地の神を祀った所◆同種また同じ目的を持つ人から成る集まり,N3,on,on+on,A3_short_compound(on+on 71%) | B_noun_rad_木(kun 93%),本:◆木の根(ね)◆植物や物事の生まれ始まりの部分、ものの根源また起源、「本来(ホンライ、元々、初めから)」◆ものを支えているもの、基(もと)となるもの、拠(よ)り; 社:◆土地の神、土地の神を祀った所◆同種また同じ目的を持つ人から成る集まり
kk_本部_ほんぶ,本部,ほんぶ,本:◆木の根(ね)◆植物や物事の生まれ始まりの部分、ものの根源また起源、「本来(ホンライ、元々、初めから)」◆ものを支えているもの、基(もと)となるもの、拠(よ)り; 部:◆区分けしたものの一つ、「部分」「内部」◆集団を分類し同じものを一纏(ひとまと)めにしたもの、全体を構成する小さな集合体や組織、「部署」「部隊」◆書物を数える単,N3,on,on+on,A3_short_compound(on+on 71%) | B_noun_rad_木(kun 93%),本:◆木の根(ね)◆植物や物事の生まれ始まりの部分、ものの根源また起源、「本来(ホンライ、元々、初めから)」◆ものを支えているもの、基(もと)となるもの、拠(よ)り; 部:◆区分けしたものの一つ、「部分」「内部」◆集団を分類し同じものを一纏(ひとまと)めにしたもの、全体を構成する小さな集合体や組織、「部署」「部隊」◆書物を数える単
kk_条件_じょうけん,条件,じょうけん,条:◆小枝、細く長い枝、同「樤」◆細長いもの、筋(すじ)状のもの◆筋、道筋、「条理(ジョウリ、道理、筋道)」◆一纏(ひとまと)まりごとに分けて(段ごとに区切って)記; 件:◆分(わ)ける、区分(くわけ)する、区分けされているものを数える語、物や事(こと)を数える語◆事、事柄(ことがら)◆[日]くだん、くだり、前に取り上げた事柄,N3,on,on+on,B_noun_rad_木(kun 93%),条:◆小枝、細く長い枝、同「樤」◆細長いもの、筋(すじ)状のもの◆筋、道筋、「条理(ジョウリ、道理、筋道)」◆一纏(ひとまと)まりごとに分けて(段ごとに区切って)記; 件:◆分(わ)ける、区分(くわけ)する、区分けされているものを数える語、物や事(こと)を数える語◆事、事柄(ことがら)◆[日]くだん、くだり、前に取り上げた事柄
kk_来店_らいてん,来店,らいてん,来:◆(人や時間や物事が)向こうからこちらに近づく、「到来(トウライ)」、同「倈」「徠」「逨」「𧼛」◆招き寄せる、「こちらに来させる」の意◆ある時点から今まで、今に; 店:◆みせ、物を並べ売る建物、「一定の場所を占めて商売する屋根(广)のある所」の意◆たな、商品を並べる陳列棚、売り手と買い手を隔(へだ)てるカウンター、同「坫」◆[,N3,on,on+on,B_noun_rad_木(kun 93%) | B_noun_rad_广(kun 93%),来:◆(人や時間や物事が)向こうからこちらに近づく、「到来(トウライ)」、同「倈」「徠」「逨」「𧼛」◆招き寄せる、「こちらに来させる」の意◆ある時点から今まで、今に; 店:◆みせ、物を並べ売る建物、「一定の場所を占めて商売する屋根(广)のある所」の意◆たな、商品を並べる陳列棚、売り手と買い手を隔(へだ)てるカウンター、同「坫」◆[
kk_東側_ひがしがわ,東側,ひがしがわ,東:◆太陽が昇る方角、沈む方角を「西」¶木に昇り始めた太陽(日)が重なるの意、太陽が木の上に昇ることを「杲」、太陽が木の下に沈むことを「杳」、「【說文解字注:木部:; 側:◆(立っているものの)すぐ傍(そば)、傍(かたわ)ら、脇(わき)、同「旁」◆立てて片方に(一方に)寄せる、片方に寄る、偏(かたよ)る、同「仄」◆立ったものが一方,N3,other,mixed+mixed~,B_noun_rad_木(kun 93%),東:◆太陽が昇る方角、沈む方角を「西」¶木に昇り始めた太陽(日)が重なるの意、太陽が木の上に昇ることを「杲」、太陽が木の下に沈むことを「杳」、「【說文解字注:木部:; 側:◆(立っているものの)すぐ傍(そば)、傍(かたわ)ら、脇(わき)、同「旁」◆立てて片方に(一方に)寄せる、片方に寄る、偏(かたよ)る、同「仄」◆立ったものが一方
kk_枕_まくら,枕,まくら,枕:◆身を横たえた時に頭の下に敷くもの、またそれを敷く◆ものの下に敷く、またそのための木や台,N3,kun,kun,IL2_single_default(kun 84%) | B_noun_rad_木(kun 93%),枕:◆身を横たえた時に頭の下に敷くもの、またそれを敷く◆ものの下に敷く、またそのための木や台
kk_枯れる_かれる,枯れる,かれる,枯:◆草木が水分を失う、萎(しお)れる◆涸(か)れる、水がなくなる◆勢いがなくなる、衰(おとろ)える◆[日]年を重ねて落ち着き渋(しぶ)くなる,N3,kun,kun,IL1_okurigana(kun 96%) | IL2_single_okuri(kun 96%) | B_noun_rad_木(kun 93%),枯:◆草木が水分を失う、萎(しお)れる◆涸(か)れる、水がなくなる◆勢いがなくなる、衰(おとろ)える◆[日]年を重ねて落ち着き渋(しぶ)くなる
kk_架かる_かかる,架かる,かかる,架:◆か・ける、二本の支柱などの支えとなるものの上に、棒や板のような長い物を横に渡す◆物を載せたり掛けたり吊ったりするするために、横に渡した横木や板、またそれを支え,N3,kun,kun,IL1_okurigana(kun 96%) | IL2_single_okuri(kun 96%) | B_noun_rad_木(kun 93%),架:◆か・ける、二本の支柱などの支えとなるものの上に、棒や板のような長い物を横に渡す◆物を載せたり掛けたり吊ったりするするために、横に渡した横木や板、またそれを支え
kk_架ける_かける,架ける,かける,架:◆か・ける、二本の支柱などの支えとなるものの上に、棒や板のような長い物を横に渡す◆物を載せたり掛けたり吊ったりするするために、横に渡した横木や板、またそれを支え,N3,kun,kun,IL1_okurigana(kun 96%) | IL2_single_okuri(kun 96%) | B_noun_rad_木(kun 93%),架:◆か・ける、二本の支柱などの支えとなるものの上に、棒や板のような長い物を横に渡す◆物を載せたり掛けたり吊ったりするするために、横に渡した横木や板、またそれを支え
kk_柄_がら,柄,がら,柄:◆茎や枝から伸びて花や葉を支えている枝状の部分、「花柄(カヘイ)」「葉柄(ヨウヘイ)」という◆器物に取り付けて手で握るための棒 ◆手に握る、握って自由に操る、ま,N3,kun,kun,IL2_single_default(kun 84%) | B_noun_rad_木(kun 93%),柄:◆茎や枝から伸びて花や葉を支えている枝状の部分、「花柄(カヘイ)」「葉柄(ヨウヘイ)」という◆器物に取り付けて手で握るための棒 ◆手に握る、握って自由に操る、ま
kk_染み_しみ,染み,しみ,染:◆液体が小さな隙間に滲(し)み込む、布などを液体に浸(ひた)して着色する、色を滲み込ませる◆色や匂いなどが付着する、またそれによってそれまでとは別のものになる、,N3,kun,kun,IL1_okurigana(kun 96%) | IL2_single_okuri(kun 96%) | B_noun_rad_木(kun 93%),染:◆液体が小さな隙間に滲(し)み込む、布などを液体に浸(ひた)して着色する、色を滲み込ませる◆色や匂いなどが付着する、またそれによってそれまでとは別のものになる、
kk_染める_そめる,染める,そめる,染:◆液体が小さな隙間に滲(し)み込む、布などを液体に浸(ひた)して着色する、色を滲み込ませる◆色や匂いなどが付着する、またそれによってそれまでとは別のものになる、,N3,kun,kun,IL1_okurigana(kun 96%) | IL2_single_okuri(kun 96%) | B_noun_rad_木(kun 93%),染:◆液体が小さな隙間に滲(し)み込む、布などを液体に浸(ひた)して着色する、色を滲み込ませる◆色や匂いなどが付着する、またそれによってそれまでとは別のものになる、
kk_柔らか/軟らか_やわらか,柔らか/軟らか,やわらか,柔:◆曲げても折れないさま、しなやかなさま◆穏やかなさま、温和なさま; 軟:◆柔らかい、柔らかく変形・伸縮し易い◆しなやかな、弱々しい◆穏やかな、緩(ゆる)やかな,N3,kun,kun+kun~,IL1_okurigana(kun 96%) | A1_compound_oku(kun 90%) | A1_on_kun_mix(on+kun 65%),柔:◆曲げても折れないさま、しなやかなさま◆穏やかなさま、温和なさま; 軟:◆柔らかい、柔らかく変形・伸縮し易い◆しなやかな、弱々しい◆穏やかな、緩(ゆる)やかな
kk_柱_はしら,柱,はしら,"柱:◆建物上部の構造物を支える直立した木材 ◆上の者や物を下から支える、また支えとなるもの◆じ、箏(ショウ、こと)などの弦の途中を支える""Ｍ""字状の具、その位置を変",N3,kun,kun,IL2_single_default(kun 84%) | B_noun_rad_木(kun 93%),"柱:◆建物上部の構造物を支える直立した木材 ◆上の者や物を下から支える、また支えとなるもの◆じ、箏(ショウ、こと)などの弦の途中を支える""Ｍ""字状の具、その位置を変"
kk_柳_やなぎ,柳,やなぎ,柳:◆ヤナギ(柳)、ヤナギ科ヤナギ属の木、一般に枝が垂れるもの、垂れないものは「ヤナギ(楊)」 ◆星名、二十八宿南方朱雀七宿の第三宿,N3,kun,kun,IL2_single_default(kun 84%) | B_noun_rad_木(kun 93%),柳:◆ヤナギ(柳)、ヤナギ科ヤナギ属の木、一般に枝が垂れるもの、垂れないものは「ヤナギ(楊)」 ◆星名、二十八宿南方朱雀七宿の第三宿
kk_柿_かき,柿,かき,柿:◆カキ(柿)、カキノキ科カキノキ属の木、またカキノキ属の木の総称、またその果実 ¶本字は{⿰木市(亠巾)}で「杮(U+676E、{⿰木巿(一巾)})」とは別字,N3,kun,kun,IL2_single_default(kun 84%) | B_noun_rad_木(kun 93%),柿:◆カキ(柿)、カキノキ科カキノキ属の木、またカキノキ属の木の総称、またその果実 ¶本字は{⿰木市(亠巾)}で「杮(U+676E、{⿰木巿(一巾)})」とは別字
kk_栄養_えいよう,栄養,えいよう,栄:◆草木が盛んに茂る、花が華やかに咲き盛る◆繁盛する◆華やかなさま、目立つさま◆軒先(のきさき)の両端の反り上がった部分、「【說文解字:木部:榮】屋梠之兩頭起者為; 養:◆人・家畜・植物などが育つために必要なものを与える、また与えて大きく立派に育てる◆人が立派に育つために必要なことを教える、また教え導く,N3,on,on+on,B_noun_rad_木(kun 93%),栄:◆草木が盛んに茂る、花が華やかに咲き盛る◆繁盛する◆華やかなさま、目立つさま◆軒先(のきさき)の両端の反り上がった部分、「【說文解字:木部:榮】屋梠之兩頭起者為; 養:◆人・家畜・植物などが育つために必要なものを与える、また与えて大きく立派に育てる◆人が立派に育つために必要なことを教える、また教え導く
kk_株_かぶ,株,かぶ,株:◆草木を切った後の地上に出ている部分◆草木の根を単位とした数を数える語、同「棵」◆[日]分相応な権利や役目、また身分や地位,N3,kun,kun,IL2_single_default(kun 84%) | B_noun_rad_木(kun 93%),株:◆草木を切った後の地上に出ている部分◆草木の根を単位とした数を数える語、同「棵」◆[日]分相応な権利や役目、また身分や地位
kk_株式会社_かぶしきかいしゃ,株式会社,かぶしきかいしゃ,株:◆草木を切った後の地上に出ている部分◆草木の根を単位とした数を数える語、同「棵」◆[日]分相応な権利や役目、また身分や地位; 式:◆決まり、やり方、一定の方法や手順◆型(かた)、基本や標準になる形◆目的や作法(サホウ)・次第(シダイ)が決まっている行事◆数学などの解法を示したもの◆用(もち; 会:◆人が集まる、同じ時間や場所に(同じ目的で)集まる、「会合(カイゴウ)」◆多くの人が(出向いて)集まる、また集まったところ、「集会(シュウカイ)」「都会(トカイ,N3,mixed,kun+on+on+on~,A4_multi_on(on+on+on+on 65%) | B_noun_rad_木(kun 93%),株:◆草木を切った後の地上に出ている部分◆草木の根を単位とした数を数える語、同「棵」◆[日]分相応な権利や役目、また身分や地位; 式:◆決まり、やり方、一定の方法や手順◆型(かた)、基本や標準になる形◆目的や作法(サホウ)・次第(シダイ)が決まっている行事◆数学などの解法を示したもの◆用(もち; 会:◆人が集まる、同じ時間や場所に(同じ目的で)集まる、「会合(カイゴウ)」◆多くの人が(出向いて)集まる、また集まったところ、「集会(シュウカイ)」「都会(トカイ
kk_栽培_さいばい,栽培,さいばい,栽:◆草木を植(う)える、また手を加えて育てる、「栽培(サイバイ)」、同「㘽」◆牆(ショウ、かき、垣かき・塀へい・壁かべ・土塁ドルイなどの内と外を仕切り遮さえぎる構; 培:◆植物の根元に土を盛り上げる、よって生育を助ける◆知識や能力を養い育てる◆「培塿(ハイロウ)」、土を重ね盛った小さな丘、同「㟝嶁」、「【廣韻:上聲:巻第三:厚第,N3,on,on+on,B_noun_rad_木(kun 93%),栽:◆草木を植(う)える、また手を加えて育てる、「栽培(サイバイ)」、同「㘽」◆牆(ショウ、かき、垣かき・塀へい・壁かべ・土塁ドルイなどの内と外を仕切り遮さえぎる構; 培:◆植物の根元に土を盛り上げる、よって生育を助ける◆知識や能力を養い育てる◆「培塿(ハイロウ)」、土を重ね盛った小さな丘、同「㟝嶁」、「【廣韻:上聲:巻第三:厚第
kk_案外_あんがい,案外,あんがい,案:◆机、テーブルtable、方形で比較的小さなものや低いものを指す、料理を載(の)せる脚付きの台や座った時に肘(ひじ)などを載せて体を凭(もた)れ掛ける脇息(キョ; 外:◆そと、範囲・領域・組織や区切り・境界の内(内側、内部)から出たもの、表に出ている(表に面している)もの、見えるところにあるもの、またそのようなところ、逆は「内,N3,on,on+on,B_noun_rad_木(kun 93%),案:◆机、テーブルtable、方形で比較的小さなものや低いものを指す、料理を載(の)せる脚付きの台や座った時に肘(ひじ)などを載せて体を凭(もた)れ掛ける脇息(キョ; 外:◆そと、範囲・領域・組織や区切り・境界の内(内側、内部)から出たもの、表に出ている(表に面している)もの、見えるところにあるもの、またそのようなところ、逆は「内
kk_梅_うめ,梅,うめ,梅:◆ウメ(梅)、バラ科サクラ属の木、またその実,N3,kun,kun,IL2_single_default(kun 84%) | B_noun_rad_木(kun 93%),梅:◆ウメ(梅)、バラ科サクラ属の木、またその実
kk_梨_なし,梨,なし,梨:◆ナシ(梨)、バラ科ナシ属の木の総称、またその実、同「棃」,N3,kun,kun,IL2_single_default(kun 84%) | B_noun_rad_木(kun 93%),梨:◆ナシ(梨)、バラ科ナシ属の木の総称、またその実、同「棃」
kk_梳かす_とかす,梳かす,とかす,梳:◆櫛(くし)、歯の目が比較的粗い櫛、目が細かいものは「篦」「枇」、総称して「櫛」、「【說文解字注:木部:櫛】梳比之總名也(比讀若毗疏者為梳密者為比)」◆櫛で髪の,N3,kun,kun,IL1_okurigana(kun 96%) | IL2_single_okuri(kun 96%) | B_noun_rad_木(kun 93%),梳:◆櫛(くし)、歯の目が比較的粗い櫛、目が細かいものは「篦」「枇」、総称して「櫛」、「【說文解字注:木部:櫛】梳比之總名也(比讀若毗疏者為梳密者為比)」◆櫛で髪の
kk_森林_しんりん,森林,しんりん,森:◆たくさんの木が立ち並ぶさま、木がびっしりと生えているさま、またそのようなところ◆木が茂(しげ)って薄暗いさま; 林:◆木や竹が叢(むら)がって生えているところ◆同様のものがたくさん集まっているさま◆郊外(「野」という)の外側の地、都(みやこ)を囲む城壁の外に広がる地で都から百,N3,on,on+on,B_noun_rad_木(kun 93%) | B_noun_rad_木(kun 93%),森:◆たくさんの木が立ち並ぶさま、木がびっしりと生えているさま、またそのようなところ◆木が茂(しげ)って薄暗いさま; 林:◆木や竹が叢(むら)がって生えているところ◆同様のものがたくさん集まっているさま◆郊外(「野」という)の外側の地、都(みやこ)を囲む城壁の外に広がる地で都から百
kk_検査_けんさ,検査,けんさ,検:◆木簡・竹簡・文書箱などに貼る表題(ヒョウダイ)を記した札(ふだ、ラベルlabel)、題簽(ダイセン)◆木簡・竹簡・文書箱などを紐(ひも)で縛(しば)り、その結; 査:◆柵・欄干・堰(せき)などの木を組んで他との間を遮(さえぎ)るもの、同「柤」◆木を組んで作った筏、同「槎」◆調べる、「調査(チョウサ)」◆「山査(サンサ)」、サ,N3,on,on+on,A3_short_compound(on+on 71%) | B_noun_rad_木(kun 93%) | B_noun_rad_木(kun 93%),検:◆木簡・竹簡・文書箱などに貼る表題(ヒョウダイ)を記した札(ふだ、ラベルlabel)、題簽(ダイセン)◆木簡・竹簡・文書箱などを紐(ひも)で縛(しば)り、その結; 査:◆柵・欄干・堰(せき)などの木を組んで他との間を遮(さえぎ)るもの、同「柤」◆木を組んで作った筏、同「槎」◆調べる、「調査(チョウサ)」◆「山査(サンサ)」、サ
kk_検討_けんとう,検討,けんとう,検:◆木簡・竹簡・文書箱などに貼る表題(ヒョウダイ)を記した札(ふだ、ラベルlabel)、題簽(ダイセン)◆木簡・竹簡・文書箱などを紐(ひも)で縛(しば)り、その結; 討:◆反乱や暴動を鎮圧する◆罪を責めて殺す◆問い質す◆尋ね調べる,N3,on,on+on,B_noun_rad_木(kun 93%) | B_verb_rad_言(kun 80%),検:◆木簡・竹簡・文書箱などに貼る表題(ヒョウダイ)を記した札(ふだ、ラベルlabel)、題簽(ダイセン)◆木簡・竹簡・文書箱などを紐(ひも)で縛(しば)り、その結; 討:◆反乱や暴動を鎮圧する◆罪を責めて殺す◆問い質す◆尋ね調べる
kk_楽_らく,楽,らく,楽:◆音を奏(かな)でる、「音楽(オンガク)」◆調和が取れて心地よい、心や体を煩(わずら)わせるものが何もなく安らかで快い、悦(よろこ)ばしい,N3,on,on,IL2_single_default(kun 84%) | B_noun_rad_木(kun 93%),楽:◆音を奏(かな)でる、「音楽(オンガク)」◆調和が取れて心地よい、心や体を煩(わずら)わせるものが何もなく安らかで快い、悦(よろこ)ばしい
kk_楽器_がっき,楽器,がっき,楽:◆音を奏(かな)でる、「音楽(オンガク)」◆調和が取れて心地よい、心や体を煩(わずら)わせるものが何もなく安らかで快い、悦(よろこ)ばしい; 器:◆入れもの、(周りや底を囲って)中にものを入れるためのもの、「食器(ショッキ)」◆中に入る量、ものを受け入れることができる量、入れ物の大きさ、「器量(キリョウ),N3,other,mixed+mixed~,A3_short_compound(on+on 71%) | B_noun_rad_木(kun 93%),楽:◆音を奏(かな)でる、「音楽(オンガク)」◆調和が取れて心地よい、心や体を煩(わずら)わせるものが何もなく安らかで快い、悦(よろこ)ばしい; 器:◆入れもの、(周りや底を囲って)中にものを入れるためのもの、「食器(ショッキ)」◆中に入る量、ものを受け入れることができる量、入れ物の大きさ、「器量(キリョウ)
kk_構成_こうせい,構成,こうせい,構:◆材木をしっかりと組んで建物を作る、また出来上がった建物◆(建物・作品・組織など)幾つかの素材や要素を組み合わせて作り上げる、また組み立て上がったもの◆組み立て; 成:◆為(な)す、形や状態などを変えようとする、また変わろうとする◆本来の形や状態になる、目的・目標を持って働き、当初の目的・目標に達する、出来上がる、仕上がる、「,N3,on,on+on,B_noun_rad_木(kun 93%),構:◆材木をしっかりと組んで建物を作る、また出来上がった建物◆(建物・作品・組織など)幾つかの素材や要素を組み合わせて作り上げる、また組み立て上がったもの◆組み立て; 成:◆為(な)す、形や状態などを変えようとする、また変わろうとする◆本来の形や状態になる、目的・目標を持って働き、当初の目的・目標に達する、出来上がる、仕上がる、「
kk_模様_もよう,模様,もよう,模:◆目的の形に造るための木製の型(かた)、土製は「型」、竹製は「範」◆手本、基本や標準となるもの◆ものの形や大きさ◆手本や基準となるものの形や大きさに似(に)せる; 様:◆物事の性格や状態、また姿や形、あり方また見掛け◆形や姿、状態やあり方、方法や方式、同「𢳌」◆形や姿・状態やあり方・方法や方式などの種類を数える語◆クヌギ(櫟、,N3,on,on+on,A3_short_compound(on+on 71%) | B_noun_rad_木(kun 93%) | B_noun_rad_木(kun 93%),模:◆目的の形に造るための木製の型(かた)、土製は「型」、竹製は「範」◆手本、基本や標準となるもの◆ものの形や大きさ◆手本や基準となるものの形や大きさに似(に)せる; 様:◆物事の性格や状態、また姿や形、あり方また見掛け◆形や姿、状態やあり方、方法や方式、同「𢳌」◆形や姿・状態やあり方・方法や方式などの種類を数える語◆クヌギ(櫟、
kk_横切る_よこぎる,横切る,よこぎる,横:◆(垂直に立つ柱に対して)水平に渡した木◆(垂直に対して)水平の方向、(前後に対して)左右の方向、(南北に対して)東西の方向、上下・南北・前後の方向を「縦」◆長; 切:◆刃物などですっと断(た)つ、裁(た)つ、割(さ)く◆ぴったりとしたさま、隙(すき)がないさま、「親切(シンセツ)」◆近くまで迫(せま)る、差し迫る、「切近(セ,N3,other,mixed+mixed~,IL1_okurigana(kun 96%) | A1_compound_oku(kun 90%) | A1_on_kun_mix(on+kun 65%),横:◆(垂直に立つ柱に対して)水平に渡した木◆(垂直に対して)水平の方向、(前後に対して)左右の方向、(南北に対して)東西の方向、上下・南北・前後の方向を「縦」◆長; 切:◆刃物などですっと断(た)つ、裁(た)つ、割(さ)く◆ぴったりとしたさま、隙(すき)がないさま、「親切(シンセツ)」◆近くまで迫(せま)る、差し迫る、「切近(セ
kk_機器/器機_きき,機器/器機,きき,機:◆布を織る装置、「機織(キショク、はたおり)」◆ある仕事をさせる(する)ために人や部品を組み合わせて作り上げた仕組みや仕掛け(組織や装置)◆「機関(キカン)」◇; 器:◆入れもの、(周りや底を囲って)中にものを入れるためのもの、「食器(ショッキ)」◆中に入る量、ものを受け入れることができる量、入れ物の大きさ、「器量(キリョウ); 器:◆入れもの、(周りや底を囲って)中にものを入れるためのもの、「食器(ショッキ)」◆中に入る量、ものを受け入れることができる量、入れ物の大きさ、「器量(キリョウ),N3,on,on+on+on+on~,A4_multi_on(on+on+on+on 65%) | B_noun_rad_木(kun 93%) | B_noun_rad_木(kun 93%),機:◆布を織る装置、「機織(キショク、はたおり)」◆ある仕事をさせる(する)ために人や部品を組み合わせて作り上げた仕組みや仕掛け(組織や装置)◆「機関(キカン)」◇; 器:◆入れもの、(周りや底を囲って)中にものを入れるためのもの、「食器(ショッキ)」◆中に入る量、ものを受け入れることができる量、入れ物の大きさ、「器量(キリョウ); 器:◆入れもの、(周りや底を囲って)中にものを入れるためのもの、「食器(ショッキ)」◆中に入る量、ものを受け入れることができる量、入れ物の大きさ、「器量(キリョウ)
kk_機嫌_きげん,機嫌,きげん,機:◆布を織る装置、「機織(キショク、はたおり)」◆ある仕事をさせる(する)ために人や部品を組み合わせて作り上げた仕組みや仕掛け(組織や装置)◆「機関(キカン)」◇; 嫌:◆好きでない、どこか意に沿わないところがある、同「慊」、「嫌悪(ケンオ)」◆何となく避けた方が良いような気がする、憚(はばか)る◆何かしら心に引っ掛る(ひっかか,N3,on,on+on,A3_short_compound(on+on 71%) | B_noun_rad_木(kun 93%),機:◆布を織る装置、「機織(キショク、はたおり)」◆ある仕事をさせる(する)ために人や部品を組み合わせて作り上げた仕組みや仕掛け(組織や装置)◆「機関(キカン)」◇; 嫌:◆好きでない、どこか意に沿わないところがある、同「慊」、「嫌悪(ケンオ)」◆何となく避けた方が良いような気がする、憚(はばか)る◆何かしら心に引っ掛る(ひっかか
kk_欠かす_かかす,欠かす,かかす,欠:◆あくび、口を大きく開けて息をすること、また息をして体を伸ばす、「欠伸(ケンシン、あくび)」◆(多く敬意を表す際に)上半身を前に少し傾ける、体を屈(かがめ)める,N3,kun,kun,IL1_okurigana(kun 96%) | IL2_single_okuri(kun 96%),欠:◆あくび、口を大きく開けて息をすること、また息をして体を伸ばす、「欠伸(ケンシン、あくび)」◆(多く敬意を表す際に)上半身を前に少し傾ける、体を屈(かがめ)める
kk_欠伸_あくび,欠伸,あくび,欠:◆あくび、口を大きく開けて息をすること、また息をして体を伸ばす、「欠伸(ケンシン、あくび)」◆(多く敬意を表す際に)上半身を前に少し傾ける、体を屈(かがめ)める; 伸:◆広げ伸ばす、折れたり曲がっているものをまっすぐにする、畳んであるものを平らに広げる、同「申」,N3,other,mixed+mixed~,A3_short_compound(on+on 71%),欠:◆あくび、口を大きく開けて息をすること、また息をして体を伸ばす、「欠伸(ケンシン、あくび)」◆(多く敬意を表す際に)上半身を前に少し傾ける、体を屈(かがめ)める; 伸:◆広げ伸ばす、折れたり曲がっているものをまっすぐにする、畳んであるものを平らに広げる、同「申」
kk_欠勤_けっきん,欠勤,けっきん,欠:◆あくび、口を大きく開けて息をすること、また息をして体を伸ばす、「欠伸(ケンシン、あくび)」◆(多く敬意を表す際に)上半身を前に少し傾ける、体を屈(かがめ)める; 勤:◆すべきことに(仕事に)力を注(そそ)ぐ、励(はげ)む、精(セイ)を出す、同「廑」,N3,on,on+on,B_verb_rad_力(kun 80%),欠:◆あくび、口を大きく開けて息をすること、また息をして体を伸ばす、「欠伸(ケンシン、あくび)」◆(多く敬意を表す際に)上半身を前に少し傾ける、体を屈(かがめ)める; 勤:◆すべきことに(仕事に)力を注(そそ)ぐ、励(はげ)む、精(セイ)を出す、同「廑」
kk_次々_つぎつぎ,次々,つぎつぎ,次:◆並びや繰り返しの先頭の後に続く二番目◆後(あと)に続く、～の後に続いて～◆順序、「次第(シダイ)」◆繰り返される物事の回数、また順序、「数次(スウジ、数回)」,N3,kun,kun,IL2_single_default(kun 84%),次:◆並びや繰り返しの先頭の後に続く二番目◆後(あと)に続く、～の後に続いて～◆順序、「次第(シダイ)」◆繰り返される物事の回数、また順序、「数次(スウジ、数回)」
kk_次男_じなん,次男,じなん,次:◆並びや繰り返しの先頭の後に続く二番目◆後(あと)に続く、～の後に続いて～◆順序、「次第(シダイ)」◆繰り返される物事の回数、また順序、「数次(スウジ、数回)」; 男:◆雄(ユウ、おす)としての特性を持つ人、女(雌めすとしての特性を持つ人)と対になる性の一方、「田畑で力仕事をする人」の意◆息子(むすこ)◆親に対しての息子の自称,N3,on,on+on,A3_short_compound(on+on 71%),次:◆並びや繰り返しの先頭の後に続く二番目◆後(あと)に続く、～の後に続いて～◆順序、「次第(シダイ)」◆繰り返される物事の回数、また順序、「数次(スウジ、数回)」; 男:◆雄(ユウ、おす)としての特性を持つ人、女(雌めすとしての特性を持つ人)と対になる性の一方、「田畑で力仕事をする人」の意◆息子(むすこ)◆親に対しての息子の自称
kk_欧米_おうべい,欧米,おうべい,欧:◆もの(食べたものなどの固形物・液状物)を声と共に口から体外に吐(は)き出す、同「嘔」◆歌(うた)う、声を出して謳(うた)う、同「謳」; 米:◆穀物などの実から殻(外皮)を取り除いた小さな粒、「小米」はアワ(粟)の実、「粟米」はトウモロコシ(玉蜀黍)の実◆[日]イネ(稲)の実から殻を取り除いた小さな粒,N3,on,on+on,B_noun_rad_米(kun 93%),欧:◆もの(食べたものなどの固形物・液状物)を声と共に口から体外に吐(は)き出す、同「嘔」◆歌(うた)う、声を出して謳(うた)う、同「謳」; 米:◆穀物などの実から殻(外皮)を取り除いた小さな粒、「小米」はアワ(粟)の実、「粟米」はトウモロコシ(玉蜀黍)の実◆[日]イネ(稲)の実から殻を取り除いた小さな粒
kk_欲張り_よくばり,欲張り,よくばり,欲:◆望むものを得(え)たいと思う、望むようにしたい(なりたい)と思う、またそれを強く望む、「貪欲(ドンヨク、貪慾)」、同「慾」◆～しそうである、～になりそうである; 張:◆弓や弦楽器の弦(ゲン、つる)を弛(たる)まないように掛ける、二点間に糸や網などを渡す◆弛(ゆる)みがないようにぴんと伸ばす、皺(しわ)にならないようにぴんと延,N3,other,mixed+mixed~,IL1_okurigana(kun 96%) | A1_compound_oku(kun 90%) | A1_on_kun_mix(on+kun 65%),欲:◆望むものを得(え)たいと思う、望むようにしたい(なりたい)と思う、またそれを強く望む、「貪欲(ドンヨク、貪慾)」、同「慾」◆～しそうである、～になりそうである; 張:◆弓や弦楽器の弦(ゲン、つる)を弛(たる)まないように掛ける、二点間に糸や網などを渡す◆弛(ゆる)みがないようにぴんと伸ばす、皺(しわ)にならないようにぴんと延
kk_欲望_よくぼう,欲望,よくぼう,欲:◆望むものを得(え)たいと思う、望むようにしたい(なりたい)と思う、またそれを強く望む、「貪欲(ドンヨク、貪慾)」、同「慾」◆～しそうである、～になりそうである; 望:◆待っている人や物事の到着をまだかまだかと待つ、期待する、そうなって欲しいと思う◆(待ち望む方を)見やる、遠くを見やる◆仰ぎ見る、他から仰ぎ見られる◆もち、陰暦,N3,on,on+on,,欲:◆望むものを得(え)たいと思う、望むようにしたい(なりたい)と思う、またそれを強く望む、「貪欲(ドンヨク、貪慾)」、同「慾」◆～しそうである、～になりそうである; 望:◆待っている人や物事の到着をまだかまだかと待つ、期待する、そうなって欲しいと思う◆(待ち望む方を)見やる、遠くを見やる◆仰ぎ見る、他から仰ぎ見られる◆もち、陰暦
kk_歌声_うたごえ,歌声,うたごえ,歌:◆詞(ことば)を声に出し節(ふし)を付けて詠(よ)む、曲に合わせて詞を詠む、同「謌」◆楽曲、詩; 声:◆磬(ケイ、石また玉製の打楽器)、またその音◆人や動物が口から発する音、一般には高低強弱などの抑揚がある音が連続し全体として意味を持つものを指す、意味をなさない,N3,other,mixed+mixed~,,歌:◆詞(ことば)を声に出し節(ふし)を付けて詠(よ)む、曲に合わせて詞を詠む、同「謌」◆楽曲、詩; 声:◆磬(ケイ、石また玉製の打楽器)、またその音◆人や動物が口から発する音、一般には高低強弱などの抑揚がある音が連続し全体として意味を持つものを指す、意味をなさない
kk_歌手_かしゅ,歌手,かしゅ,歌:◆詞(ことば)を声に出し節(ふし)を付けて詠(よ)む、曲に合わせて詞を詠む、同「謌」◆楽曲、詩; 手:◆体や物体の一部で、胴から分かれ出て伸び、持つ・握る・叩く・ものを作る・操作するなどの機能を持つ部分、掌(たなごころ)と指を合わせた全体、腕の先の部分 ◆自(み,N3,on,on+on,A3_short_compound(on+on 71%) | B_verb_rad_手(kun 80%),歌:◆詞(ことば)を声に出し節(ふし)を付けて詠(よ)む、曲に合わせて詞を詠む、同「謌」◆楽曲、詩; 手:◆体や物体の一部で、胴から分かれ出て伸び、持つ・握る・叩く・ものを作る・操作するなどの機能を持つ部分、掌(たなごころ)と指を合わせた全体、腕の先の部分 ◆自(み
kk_歓迎_かんげい,歓迎,かんげい,歓:◆大いに喜び楽しむ、賑(にぎ)やかに楽しむ、また楽しませる◆相愛の二人が相手を呼ぶ語、「愛(いと)しい人」の意; 迎:◆来る人をただ待つのではなく(門の外や家の前などまで)出て行って逢う、逆は「送」◆(相手の考えなどを)進んで受け入れる,N3,on,on+on,,歓:◆大いに喜び楽しむ、賑(にぎ)やかに楽しむ、また楽しませる◆相愛の二人が相手を呼ぶ語、「愛(いと)しい人」の意; 迎:◆来る人をただ待つのではなく(門の外や家の前などまで)出て行って逢う、逆は「送」◆(相手の考えなどを)進んで受け入れる
kk_止まる/留まる/泊まる_とまる,止まる/留まる/泊まる,とまる,止:◆ものが動かないように(しっかりと)立つための支えとなる基(もと、土台)◆体を支える足(あし)◆同じ所に留(とど)まって動かない[†「止」は止まったまま動かない; 留:◆動きを止(と)める、動きを止めて同じ場所や状態に止(とど)まる◆同じ状態が残る、同じ状態で残す; 泊:◆舟を岸に寄せて停まる、「停泊(テイハク)」◆宿などで休む、留(とど)まる◆湖(みずうみ)、水が打ち寄せる湖などの辺(ほとり)◆水が浅いさま、水の浅いところ、浅,N3,mixed,kun+on+kun~,IL1_okurigana(kun 96%) | A1_compound_oku(kun 90%) | A1_on_kun_mix(on+kun 65%),止:◆ものが動かないように(しっかりと)立つための支えとなる基(もと、土台)◆体を支える足(あし)◆同じ所に留(とど)まって動かない[†「止」は止まったまま動かない; 留:◆動きを止(と)める、動きを止めて同じ場所や状態に止(とど)まる◆同じ状態が残る、同じ状態で残す; 泊:◆舟を岸に寄せて停まる、「停泊(テイハク)」◆宿などで休む、留(とど)まる◆湖(みずうみ)、水が打ち寄せる湖などの辺(ほとり)◆水が浅いさま、水の浅いところ、浅
kk_正午_しょうご,正午,しょうご,正:◆まっすぐなさま、曲がり・歪(ゆが)み・偏(かたよ)りなどがないさま◆他のものが雑(ま)じっていないさま、また混(ま)じっていないさま、また交(ま)じっていない; 午:◆十二支の七番目、時刻では午前十二時を中心とした二時間、動物では馬、方角では南 ◆農歴(ノウレキ、中国の伝統的な暦法、旧暦)の五月、「午日(ゴジツ、旧暦の五月五,N3,on,on+on,A3_short_compound(on+on 71%),正:◆まっすぐなさま、曲がり・歪(ゆが)み・偏(かたよ)りなどがないさま◆他のものが雑(ま)じっていないさま、また混(ま)じっていないさま、また交(ま)じっていない; 午:◆十二支の七番目、時刻では午前十二時を中心とした二時間、動物では馬、方角では南 ◆農歴(ノウレキ、中国の伝統的な暦法、旧暦)の五月、「午日(ゴジツ、旧暦の五月五
kk_正常_せいじょう,正常,せいじょう,正:◆まっすぐなさま、曲がり・歪(ゆが)み・偏(かたよ)りなどがないさま◆他のものが雑(ま)じっていないさま、また混(ま)じっていないさま、また交(ま)じっていない; 常:◆何時も、何時もと変わらない◆変わることなく一定の、長い間変わることがない◆普通の、一般的な◆長さの単位、1常=2尋、1尋=8尺、「尋常」は「普通の、一般的な」,N3,on,on+on,B_noun_rad_巾(kun 93%),正:◆まっすぐなさま、曲がり・歪(ゆが)み・偏(かたよ)りなどがないさま◆他のものが雑(ま)じっていないさま、また混(ま)じっていないさま、また交(ま)じっていない; 常:◆何時も、何時もと変わらない◆変わることなく一定の、長い間変わることがない◆普通の、一般的な◆長さの単位、1常=2尋、1尋=8尺、「尋常」は「普通の、一般的な」
kk_正式_せいしき,正式,せいしき,正:◆まっすぐなさま、曲がり・歪(ゆが)み・偏(かたよ)りなどがないさま◆他のものが雑(ま)じっていないさま、また混(ま)じっていないさま、また交(ま)じっていない; 式:◆決まり、やり方、一定の方法や手順◆型(かた)、基本や標準になる形◆目的や作法(サホウ)・次第(シダイ)が決まっている行事◆数学などの解法を示したもの◆用(もち,N3,on,on+on,,正:◆まっすぐなさま、曲がり・歪(ゆが)み・偏(かたよ)りなどがないさま◆他のものが雑(ま)じっていないさま、また混(ま)じっていないさま、また交(ま)じっていない; 式:◆決まり、やり方、一定の方法や手順◆型(かた)、基本や標準になる形◆目的や作法(サホウ)・次第(シダイ)が決まっている行事◆数学などの解法を示したもの◆用(もち
kk_正方形_せいほうけい,正方形,せいほうけい,正:◆まっすぐなさま、曲がり・歪(ゆが)み・偏(かたよ)りなどがないさま◆他のものが雑(ま)じっていないさま、また混(ま)じっていないさま、また交(ま)じっていない; 方:◆四角、四角いさま、角(かど)が直角になっているさま、「方形(ホウケイ)」◆数学で二つの数を掛け合わせた数(正方形・長方形の一つの角を成す二辺を掛け合わせた数); 形:◆ものの表に現れた姿、外観◆ものの表の様子、状態◆型、様式,N3,on,on+on+on,A4_multi_on(on+on+on 65%),正:◆まっすぐなさま、曲がり・歪(ゆが)み・偏(かたよ)りなどがないさま◆他のものが雑(ま)じっていないさま、また混(ま)じっていないさま、また交(ま)じっていない; 方:◆四角、四角いさま、角(かど)が直角になっているさま、「方形(ホウケイ)」◆数学で二つの数を掛け合わせた数(正方形・長方形の一つの角を成す二辺を掛け合わせた数); 形:◆ものの表に現れた姿、外観◆ものの表の様子、状態◆型、様式
kk_正直_しょうじき,正直,しょうじき,正:◆まっすぐなさま、曲がり・歪(ゆが)み・偏(かたよ)りなどがないさま◆他のものが雑(ま)じっていないさま、また混(ま)じっていないさま、また交(ま)じっていない; 直:◆ものをまっすぐによく見る◆まっすぐなさま、曲がったり折れたり歪(ゆが)んだりしない(していない)さま、「正直(ショウジキ、まっすぐなこと、嘘や偽りがないこと),N3,on,on+on,,正:◆まっすぐなさま、曲がり・歪(ゆが)み・偏(かたよ)りなどがないさま◆他のものが雑(ま)じっていないさま、また混(ま)じっていないさま、また交(ま)じっていない; 直:◆ものをまっすぐによく見る◆まっすぐなさま、曲がったり折れたり歪(ゆが)んだりしない(していない)さま、「正直(ショウジキ、まっすぐなこと、嘘や偽りがないこと)
kk_正確_せいかく,正確,せいかく,正:◆まっすぐなさま、曲がり・歪(ゆが)み・偏(かたよ)りなどがないさま◆他のものが雑(ま)じっていないさま、また混(ま)じっていないさま、また交(ま)じっていない; 確:◆石のように堅(かた)い、堅くしっかりとしていて揺るぎがない◆間違いない◆簡「确」,N3,on,on+on,,正:◆まっすぐなさま、曲がり・歪(ゆが)み・偏(かたよ)りなどがないさま◆他のものが雑(ま)じっていないさま、また混(ま)じっていないさま、また交(ま)じっていない; 確:◆石のように堅(かた)い、堅くしっかりとしていて揺るぎがない◆間違いない◆簡「确」
kk_正面_しょうめん,正面,しょうめん,正:◆まっすぐなさま、曲がり・歪(ゆが)み・偏(かたよ)りなどがないさま◆他のものが雑(ま)じっていないさま、また混(ま)じっていないさま、また交(ま)じっていない; 面:◆顔(かお)、頭の目鼻口がある側◆顔を対象(タイショウ、目標や相手)に向ける、また向く◆(顔が)向いている側、向き、向いている方向◆ものの表(おもて)、前(まえ,N3,on,on+on,,正:◆まっすぐなさま、曲がり・歪(ゆが)み・偏(かたよ)りなどがないさま◆他のものが雑(ま)じっていないさま、また混(ま)じっていないさま、また交(ま)じっていない; 面:◆顔(かお)、頭の目鼻口がある側◆顔を対象(タイショウ、目標や相手)に向ける、また向く◆(顔が)向いている側、向き、向いている方向◆ものの表(おもて)、前(まえ
kk_此間（このあいだ）_こないだ,此間（このあいだ）,こないだ,此:◆この、これ、それ、その、this、近くのものを指す語、近くにないものを指す語は「彼(ヒ、かの、かれ)」◆こちらの、「彼此(ヒシ、あれとこれ、あちらとこちら)」; 間:◆両側からぴったりと閉じられずに開いているところ、(空間・時間・物事・関係などが)連続せずに途切れているところ、開いたり途切れたりして何もないところ、隙(すき),N3,other,mixed+mixed~,IL1_okurigana(kun 96%) | A1_compound_oku(kun 90%) | A1_on_kun_mix(on+kun 65%),此:◆この、これ、それ、その、this、近くのものを指す語、近くにないものを指す語は「彼(ヒ、かの、かれ)」◆こちらの、「彼此(ヒシ、あれとこれ、あちらとこちら)」; 間:◆両側からぴったりと閉じられずに開いているところ、(空間・時間・物事・関係などが)連続せずに途切れているところ、開いたり途切れたりして何もないところ、隙(すき)
kk_歩行者_ほこうしゃ,歩行者,ほこうしゃ,歩:◆片足を地に着け止め、残る片足を前に運んで止める、という動作を左右の足で交互に繰り返す、この動作を速く繰り返すことを「走」◆物事が前に進む、またその進み具合◆左; 行:◆左足を前に出し(彳)次に右足を前に出す(亍)、足を交互に動かして前に進む◆目的とするところに向かって進む◆遠くに出掛ける、旅に出る◆道、人が往来する道路、同「; 者:◆～の人、～する人、「使者(ししゃ、使いをする人、運び届けること)」◆こと(事)、もの(物)、「再者(サイシャ、更に付け加えること、追伸)」「前者(ゼンシャ、前,N3,on,on+on+on,A4_multi_on(on+on+on 65%),歩:◆片足を地に着け止め、残る片足を前に運んで止める、という動作を左右の足で交互に繰り返す、この動作を速く繰り返すことを「走」◆物事が前に進む、またその進み具合◆左; 行:◆左足を前に出し(彳)次に右足を前に出す(亍)、足を交互に動かして前に進む◆目的とするところに向かって進む◆遠くに出掛ける、旅に出る◆道、人が往来する道路、同「; 者:◆～の人、～する人、「使者(ししゃ、使いをする人、運び届けること)」◆こと(事)、もの(物)、「再者(サイシャ、更に付け加えること、追伸)」「前者(ゼンシャ、前
kk_歩道_ほどう,歩道,ほどう,歩:◆片足を地に着け止め、残る片足を前に運んで止める、という動作を左右の足で交互に繰り返す、この動作を速く繰り返すことを「走」◆物事が前に進む、またその進み具合◆左; 道:◆出発地から目的地へ通じている路(みち)、人や動物などが往来する通り路、「道路(ドウロ)」、同「路」◆目的を達するための経路、手順や方法◆導(みちび)く、手引き,N3,on,on+on,A3_short_compound(on+on 71%),歩:◆片足を地に着け止め、残る片足を前に運んで止める、という動作を左右の足で交互に繰り返す、この動作を速く繰り返すことを「走」◆物事が前に進む、またその進み具合◆左; 道:◆出発地から目的地へ通じている路(みち)、人や動物などが往来する通り路、「道路(ドウロ)」、同「路」◆目的を達するための経路、手順や方法◆導(みちび)く、手引き
kk_歯ブラシ_はブラシ,歯ブラシ,はブラシ,歯:◆ものを食べるために噛(か)むための器官、噛(か)み砕くための器官 ◆牛馬の年齢、歯の本数で年齢が分かることによる◆人の年齢◆並ぶ、順に従って並ぶ◆は、はへん、,N3,kun,kun,IL2_single_default(kun 84%),歯:◆ものを食べるために噛(か)むための器官、噛(か)み砕くための器官 ◆牛馬の年齢、歯の本数で年齢が分かることによる◆人の年齢◆並ぶ、順に従って並ぶ◆は、はへん、
kk_歯磨き_はみがき,歯磨き,はみがき,歯:◆ものを食べるために噛(か)むための器官、噛(か)み砕くための器官 ◆牛馬の年齢、歯の本数で年齢が分かることによる◆人の年齢◆並ぶ、順に従って並ぶ◆は、はへん、; 磨:◆研(みが)く、擦(こす)り合わせる、石や玉(ギョク、大変美しい石)を擦って形を整える、また表面を滑らかにする◆石臼(いしうす)、回転させながら穀物などを粉砕す,N3,kun,kun+kun,IL1_okurigana(kun 96%) | A1_compound_oku(kun 90%) | A1_on_kun_mix(on+kun 65%),歯:◆ものを食べるために噛(か)むための器官、噛(か)み砕くための器官 ◆牛馬の年齢、歯の本数で年齢が分かることによる◆人の年齢◆並ぶ、順に従って並ぶ◆は、はへん、; 磨:◆研(みが)く、擦(こす)り合わせる、石や玉(ギョク、大変美しい石)を擦って形を整える、また表面を滑らかにする◆石臼(いしうす)、回転させながら穀物などを粉砕す
kk_死亡_しぼう,死亡,しぼう,死:◆細って尽(つ)きる◆精気(セイキ)がなくなる◆動かなくなる、用を成(な)さなくなる◆命が尽きる、天寿(テンジュ、天から授かった寿命)を全(まっと)うすることな; 亡:◆(そこにいた人が)逃げる、姿を消す、「逃亡(トウボウ)」◆(それまで生きていた人が)死ぬ、「死亡(シボウ)」◆(それまでそこにあったものが衰え弱り小さくなって,N3,on,on+on,A3_short_compound(on+on 71%),死:◆細って尽(つ)きる◆精気(セイキ)がなくなる◆動かなくなる、用を成(な)さなくなる◆命が尽きる、天寿(テンジュ、天から授かった寿命)を全(まっと)うすることな; 亡:◆(そこにいた人が)逃げる、姿を消す、「逃亡(トウボウ)」◆(それまで生きていた人が)死ぬ、「死亡(シボウ)」◆(それまでそこにあったものが衰え弱り小さくなって
kk_残す_のこす,残す,のこす,残:◆傷付ける、害(ガイ)する、壊(こわ)す◆踏(ふ)み付けにする、平気で人に危害を加える◆酷(むご)い◆必要なものを取り除いた余り、必要なものを満たすために不足し,N3,kun,kun,IL1_okurigana(kun 96%) | IL2_single_okuri(kun 96%),残:◆傷付ける、害(ガイ)する、壊(こわ)す◆踏(ふ)み付けにする、平気で人に危害を加える◆酷(むご)い◆必要なものを取り除いた余り、必要なものを満たすために不足し
kk_残らず_のこらず,残らず,のこらず,残:◆傷付ける、害(ガイ)する、壊(こわ)す◆踏(ふ)み付けにする、平気で人に危害を加える◆酷(むご)い◆必要なものを取り除いた余り、必要なものを満たすために不足し,N3,kun,kun,IL1_okurigana(kun 96%) | IL2_single_okuri(kun 96%),残:◆傷付ける、害(ガイ)する、壊(こわ)す◆踏(ふ)み付けにする、平気で人に危害を加える◆酷(むご)い◆必要なものを取り除いた余り、必要なものを満たすために不足し
kk_段階_だんかい,段階,だんかい,段:◆上へ上へと積み重なって層をなしたものの、その一つ一つ◆物事などの区切り、文章などの区切り◆階位、等級; 階:◆同じ高さの段(ダン、積み重ねて層をなしたもの)、上り下りするために同じ高さに揃え積み重ねたもの、「階段(カイダン)」◆梯子(テイシ、はしご)◆高低の区切りの一,N3,on,on+on,,段:◆上へ上へと積み重なって層をなしたものの、その一つ一つ◆物事などの区切り、文章などの区切り◆階位、等級; 階:◆同じ高さの段(ダン、積み重ねて層をなしたもの)、上り下りするために同じ高さに揃え積み重ねたもの、「階段(カイダン)」◆梯子(テイシ、はしご)◆高低の区切りの一
kk_殺す_ころす,殺す,ころす,殺:◆ころ・す、人や動物の生命を奪う、同「𠮁」「煞」「𤋣」「𢼡」「𢿔」「𣪖」「𢽮」「𢽯」「𢽺」「𢽅」「𢾈」「𢽘」「𢽆」「𢼯」「𢼴」「𣪆」「𢁛」「𧤿」「𣀎」「𢿹」◆そ,N3,kun,kun,IL1_okurigana(kun 96%) | IL2_single_okuri(kun 96%),殺:◆ころ・す、人や動物の生命を奪う、同「𠮁」「煞」「𤋣」「𢼡」「𢿔」「𣪖」「𢽮」「𢽯」「𢽺」「𢽅」「𢾈」「𢽘」「𢽆」「𢼯」「𢼴」「𣪆」「𢁛」「𧤿」「𣀎」「𢿹」◆そ
kk_毎度_まいど,毎度,まいど,毎:◆草が次々に生え出る◆同じようなこと(同じようなもの)が繰り返されること、またその一つ一つ、各々(おのおの)◆同じように繰り返される時は何時(いつ)も～、また常; 度:◆長さを測(はか)る際に基準となる物差し(ものさし)、またその目盛(めもり)、「度量(ドリョウ、長さと容量、人の言動をどの程度容認できるかの大きさ)」「法度(ハ,N3,on,on+on,A3_short_compound(on+on 71%) | B_noun_rad_广(kun 93%),毎:◆草が次々に生え出る◆同じようなこと(同じようなもの)が繰り返されること、またその一つ一つ、各々(おのおの)◆同じように繰り返される時は何時(いつ)も～、また常; 度:◆長さを測(はか)る際に基準となる物差し(ものさし)、またその目盛(めもり)、「度量(ドリョウ、長さと容量、人の言動をどの程度容認できるかの大きさ)」「法度(ハ
kk_毒_どく,毒,どく,毒:◆生命や健康に害を及ぼす、またそうしたもの◆禍(わざわい)や苦しみを齎(もたら)す、またそうしたもの◆酷(ひど)い,N3,on,on,IL2_on_only(on 99%),毒:◆生命や健康に害を及ぼす、またそうしたもの◆禍(わざわい)や苦しみを齎(もたら)す、またそうしたもの◆酷(ひど)い
kk_比較_ひかく,比較,ひかく,比:◆同様・同等のものが並ぶ、並べる、「比肩(ヒケン)」◆類(たぐい)、性格・性質が共通しているもの、またその集まり◆(同様・同等のものを)並べて大小・長短・優劣・; 較:◆車台(車の人が乗る部分)の両側の手摺(てすり)、「【後漢書:卷三十九:輿服志:輿服上】鳥旟七斿五仞齊較(鄭玄曰較者車高檻木也)…金薄繆龍為輿倚較(…俗文曰車箱,N3,on,on+on,A3_short_compound(on+on 71%),比:◆同様・同等のものが並ぶ、並べる、「比肩(ヒケン)」◆類(たぐい)、性格・性質が共通しているもの、またその集まり◆(同様・同等のものを)並べて大小・長短・優劣・; 較:◆車台(車の人が乗る部分)の両側の手摺(てすり)、「【後漢書:卷三十九:輿服志:輿服上】鳥旟七斿五仞齊較(鄭玄曰較者車高檻木也)…金薄繆龍為輿倚較(…俗文曰車箱
kk_比較的_ひかくてき,比較的,ひかくてき,比:◆同様・同等のものが並ぶ、並べる、「比肩(ヒケン)」◆類(たぐい)、性格・性質が共通しているもの、またその集まり◆(同様・同等のものを)並べて大小・長短・優劣・; 較:◆車台(車の人が乗る部分)の両側の手摺(てすり)、「【後漢書:卷三十九:輿服志:輿服上】鳥旟七斿五仞齊較(鄭玄曰較者車高檻木也)…金薄繆龍為輿倚較(…俗文曰車箱; 的:◆弓で矢を射(い)る時の目標とするもの、同「㢩」「墑」◆額(ひたい)の部分だけが白い馬、またその額の白い部分、女性が額に施(ほどこ)す(赤い点状の)装飾◆(弓の,N3,on,on+on+on,A4_multi_on(on+on+on 65%),比:◆同様・同等のものが並ぶ、並べる、「比肩(ヒケン)」◆類(たぐい)、性格・性質が共通しているもの、またその集まり◆(同様・同等のものを)並べて大小・長短・優劣・; 較:◆車台(車の人が乗る部分)の両側の手摺(てすり)、「【後漢書:卷三十九:輿服志:輿服上】鳥旟七斿五仞齊較(鄭玄曰較者車高檻木也)…金薄繆龍為輿倚較(…俗文曰車箱; 的:◆弓で矢を射(い)る時の目標とするもの、同「㢩」「墑」◆額(ひたい)の部分だけが白い馬、またその額の白い部分、女性が額に施(ほどこ)す(赤い点状の)装飾◆(弓の
kk_氏名_しめい,氏名,しめい,氏:◆「姓(セイ、祖先の名を受け継ぐ血族・部族)」から分かれて居住地名・職名・身分名などを名乗る集団、同「𠂩」、古く「姓」「氏」は上記のように別義であったが、出自(; 名:◆人に付ける呼称、また動物・もの・出来事などを呼んだり指し示したり識別したりするためにその各々に付ける呼称、「名称(メイショウ)」◆呼称を付ける、「命名(メイメ,N3,on,on+on,A3_short_compound(on+on 71%),氏:◆「姓(セイ、祖先の名を受け継ぐ血族・部族)」から分かれて居住地名・職名・身分名などを名乗る集団、同「𠂩」、古く「姓」「氏」は上記のように別義であったが、出自(; 名:◆人に付ける呼称、また動物・もの・出来事などを呼んだり指し示したり識別したりするためにその各々に付ける呼称、「名称(メイショウ)」◆呼称を付ける、「命名(メイメ
kk_民族_みんぞく,民族,みんぞく,民:◆(支配者層に属する人を除く)一般の人◆人(ひと)、人達(ひとたち); 族:◆同じ祖先(同じ姓、同じ起源)を持つ者の集まり、「種族(シュゾク)」「家族(カゾク)」◆共通のもの(思考や思想、言語、性格や性質など)を持つものの集まり、同「類,N3,on,on+on,,民:◆(支配者層に属する人を除く)一般の人◆人(ひと)、人達(ひとたち); 族:◆同じ祖先(同じ姓、同じ起源)を持つ者の集まり、「種族(シュゾク)」「家族(カゾク)」◆共通のもの(思考や思想、言語、性格や性質など)を持つものの集まり、同「類
kk_民間_みんかん,民間,みんかん,民:◆(支配者層に属する人を除く)一般の人◆人(ひと)、人達(ひとたち); 間:◆両側からぴったりと閉じられずに開いているところ、(空間・時間・物事・関係などが)連続せずに途切れているところ、開いたり途切れたりして何もないところ、隙(すき),N3,on,on+on,,民:◆(支配者層に属する人を除く)一般の人◆人(ひと)、人達(ひとたち); 間:◆両側からぴったりと閉じられずに開いているところ、(空間・時間・物事・関係などが)連続せずに途切れているところ、開いたり途切れたりして何もないところ、隙(すき)
kk_気がかり_きがかり,気がかり,きがかり,気:◆中国古来の考えで、天地全ての事物の基本要素、目に見えず形状は一定しない、あらゆる事物の生死・盛衰などの変化・変動はこの「気」の移動・集散によるものと考えられた,N3,on,on~,IL1_okurigana(kun 96%) | IL2_single_okuri(kun 96%),気:◆中国古来の考えで、天地全ての事物の基本要素、目に見えず形状は一定しない、あらゆる事物の生死・盛衰などの変化・変動はこの「気」の移動・集散によるものと考えられた
kk_気の毒_きのどく,気の毒,きのどく,気:◆中国古来の考えで、天地全ての事物の基本要素、目に見えず形状は一定しない、あらゆる事物の生死・盛衰などの変化・変動はこの「気」の移動・集散によるものと考えられた; 毒:◆生命や健康に害を及ぼす、またそうしたもの◆禍(わざわい)や苦しみを齎(もたら)す、またそうしたもの◆酷(ひど)い,N3,on,on+on,IL1_okurigana(kun 96%) | A1_compound_oku(kun 90%) | A1_on_kun_mix(on+kun 65%),気:◆中国古来の考えで、天地全ての事物の基本要素、目に見えず形状は一定しない、あらゆる事物の生死・盛衰などの変化・変動はこの「気」の移動・集散によるものと考えられた; 毒:◆生命や健康に害を及ぼす、またそうしたもの◆禍(わざわい)や苦しみを齎(もたら)す、またそうしたもの◆酷(ひど)い
kk_気分転換_きぶんてんかん,気分転換,きぶんてんかん,気:◆中国古来の考えで、天地全ての事物の基本要素、目に見えず形状は一定しない、あらゆる事物の生死・盛衰などの変化・変動はこの「気」の移動・集散によるものと考えられた; 分:◆一つに纏(まと)まっているものを幾つかに切り離す、また幾つかに仕切る(区切る)、「分割(ブンカツ)」、切り離したものを仕分けることを「別」◆一つの纏まりから一; 転:◆(車輪が回るように)ごろりと回る、ぐるりと回る、「回転(カイテン)」◆(車輪が接地する位置を変えながら転がり進んで行くように次へ次へと)位置や方向を変える、ま,N3,on,on+on+on+on,A4_multi_on(on+on+on+on 65%) | B_verb_rad_刀(kun 80%) | B_verb_rad_手(kun 80%),気:◆中国古来の考えで、天地全ての事物の基本要素、目に見えず形状は一定しない、あらゆる事物の生死・盛衰などの変化・変動はこの「気」の移動・集散によるものと考えられた; 分:◆一つに纏(まと)まっているものを幾つかに切り離す、また幾つかに仕切る(区切る)、「分割(ブンカツ)」、切り離したものを仕分けることを「別」◆一つの纏まりから一; 転:◆(車輪が回るように)ごろりと回る、ぐるりと回る、「回転(カイテン)」◆(車輪が接地する位置を変えながら転がり進んで行くように次へ次へと)位置や方向を変える、ま
kk_気楽_きらく,気楽,きらく,気:◆中国古来の考えで、天地全ての事物の基本要素、目に見えず形状は一定しない、あらゆる事物の生死・盛衰などの変化・変動はこの「気」の移動・集散によるものと考えられた; 楽:◆音を奏(かな)でる、「音楽(オンガク)」◆調和が取れて心地よい、心や体を煩(わずら)わせるものが何もなく安らかで快い、悦(よろこ)ばしい,N3,on,on+on,A3_short_compound(on+on 71%) | B_noun_rad_木(kun 93%),気:◆中国古来の考えで、天地全ての事物の基本要素、目に見えず形状は一定しない、あらゆる事物の生死・盛衰などの変化・変動はこの「気」の移動・集散によるものと考えられた; 楽:◆音を奏(かな)でる、「音楽(オンガク)」◆調和が取れて心地よい、心や体を煩(わずら)わせるものが何もなく安らかで快い、悦(よろこ)ばしい
kk_水分_すいぶん,水分,すいぶん,水:◆器などに入れると水平になる(器に合わせて形を変える)液体、液状のもの、酸素と水素からなる液体 H<sub>2</sub>O、(一般には人工的に他のものを加えて; 分:◆一つに纏(まと)まっているものを幾つかに切り離す、また幾つかに仕切る(区切る)、「分割(ブンカツ)」、切り離したものを仕分けることを「別」◆一つの纏まりから一,N3,on,on+on,B_verb_rad_刀(kun 80%),水:◆器などに入れると水平になる(器に合わせて形を変える)液体、液状のもの、酸素と水素からなる液体 H<sub>2</sub>O、(一般には人工的に他のものを加えて; 分:◆一つに纏(まと)まっているものを幾つかに切り離す、また幾つかに仕切る(区切る)、「分割(ブンカツ)」、切り離したものを仕分けることを「別」◆一つの纏まりから一
kk_水温_すいおん,水温,すいおん,水:◆器などに入れると水平になる(器に合わせて形を変える)液体、液状のもの、酸素と水素からなる液体 H<sub>2</sub>O、(一般には人工的に他のものを加えて; 温:◆熱くもなく冷たくもなく程よいさま、暖かなさま、また熱を加えてそのようにする◆穏やかなさま、柔和なさま◆(古く冷めてしまったものを温め直して)蘇(よみがえ)させ,N3,on,on+on,,水:◆器などに入れると水平になる(器に合わせて形を変える)液体、液状のもの、酸素と水素からなる液体 H<sub>2</sub>O、(一般には人工的に他のものを加えて; 温:◆熱くもなく冷たくもなく程よいさま、暖かなさま、また熱を加えてそのようにする◆穏やかなさま、柔和なさま◆(古く冷めてしまったものを温め直して)蘇(よみがえ)させ
kk_水着_みずぎ,水着,みずぎ,水:◆器などに入れると水平になる(器に合わせて形を変える)液体、液状のもの、酸素と水素からなる液体 H<sub>2</sub>O、(一般には人工的に他のものを加えて; 着:◆目的や目標としている物事・場所などに届く、また達する、また到る、同「著」◆他のものに付く、同「著」◆き・る、衣服を身に付ける、同「著」◆火や明かりを点(つ)け,N3,other,mixed+mixed~,A3_short_compound(on+on 71%),水:◆器などに入れると水平になる(器に合わせて形を変える)液体、液状のもの、酸素と水素からなる液体 H<sub>2</sub>O、(一般には人工的に他のものを加えて; 着:◆目的や目標としている物事・場所などに届く、また達する、また到る、同「著」◆他のものに付く、同「著」◆き・る、衣服を身に付ける、同「著」◆火や明かりを点(つ)け
kk_水蒸気_すいじょうき,水蒸気,すいじょうき,水:◆器などに入れると水平になる(器に合わせて形を変える)液体、液状のもの、酸素と水素からなる液体 H<sub>2</sub>O、(一般には人工的に他のものを加えて; 蒸:◆湯気(水蒸気)が立ち昇る、同「烝」◆湯気(水蒸気)を立ち昇らせて熱する、同「烝」◆皮を取り去ったアサ(麻)の茎を乾燥させたもの、麻幹(あさがら、おがら)◆細い; 気:◆中国古来の考えで、天地全ての事物の基本要素、目に見えず形状は一定しない、あらゆる事物の生死・盛衰などの変化・変動はこの「気」の移動・集散によるものと考えられた,N3,on,on+on+on,A4_multi_on(on+on+on 65%),水:◆器などに入れると水平になる(器に合わせて形を変える)液体、液状のもの、酸素と水素からなる液体 H<sub>2</sub>O、(一般には人工的に他のものを加えて; 蒸:◆湯気(水蒸気)が立ち昇る、同「烝」◆湯気(水蒸気)を立ち昇らせて熱する、同「烝」◆皮を取り去ったアサ(麻)の茎を乾燥させたもの、麻幹(あさがら、おがら)◆細い; 気:◆中国古来の考えで、天地全ての事物の基本要素、目に見えず形状は一定しない、あらゆる事物の生死・盛衰などの変化・変動はこの「気」の移動・集散によるものと考えられた
kk_氷_こおり,氷,こおり,氷:◆凍(こお)る、凍って固まる、同「仌」「冫」◆水が凍って固体になったもの◆(氷のように)透き通っているさま、また曇りや汚(けが)れがないさま,N3,kun,kun,IL2_single_default(kun 84%),氷:◆凍(こお)る、凍って固まる、同「仌」「冫」◆水が凍って固体になったもの◆(氷のように)透き通っているさま、また曇りや汚(けが)れがないさま
kk_求める_もとめる,求める,もとめる,求:◆探(さが)す、飽(あ)くまでも捜(さが)す◆欲しいものを何とか得ようとする、他人にものが欲しい(して欲しい)とねだる、強く乞(こ)う,N3,kun,kun,IL1_okurigana(kun 96%) | IL2_single_okuri(kun 96%),求:◆探(さが)す、飽(あ)くまでも捜(さが)す◆欲しいものを何とか得ようとする、他人にものが欲しい(して欲しい)とねだる、強く乞(こ)う
kk_汗_あせ,汗,あせ,汗:◆体温を調節するなどのために体表から分泌される液体、物の表面に付着する水滴、またそれが出る◆蒙古(モウコ)・鮮卑(センピ)・柔然(ジュウゼン)など中国北方民族の,N3,kun,kun,IL2_single_default(kun 84%),汗:◆体温を調節するなどのために体表から分泌される液体、物の表面に付着する水滴、またそれが出る◆蒙古(モウコ)・鮮卑(センピ)・柔然(ジュウゼン)など中国北方民族の
kk_汚す_よごす,汚す,よごす,汚:◆淀(よど)んで濁(にご)った水◆穢(けが)れる、異物が混じる◆不潔(フケツ)なさま◆行いが正しくない◆泥を塗る、泥を塗って面目を失わせる,N3,kun,kun,IL1_okurigana(kun 96%) | IL2_single_okuri(kun 96%),汚:◆淀(よど)んで濁(にご)った水◆穢(けが)れる、異物が混じる◆不潔(フケツ)なさま◆行いが正しくない◆泥を塗る、泥を塗って面目を失わせる
kk_汚染_おせん,汚染,おせん,汚:◆淀(よど)んで濁(にご)った水◆穢(けが)れる、異物が混じる◆不潔(フケツ)なさま◆行いが正しくない◆泥を塗る、泥を塗って面目を失わせる; 染:◆液体が小さな隙間に滲(し)み込む、布などを液体に浸(ひた)して着色する、色を滲み込ませる◆色や匂いなどが付着する、またそれによってそれまでとは別のものになる、,N3,on,on+on,A3_short_compound(on+on 71%) | B_noun_rad_木(kun 93%),汚:◆淀(よど)んで濁(にご)った水◆穢(けが)れる、異物が混じる◆不潔(フケツ)なさま◆行いが正しくない◆泥を塗る、泥を塗って面目を失わせる; 染:◆液体が小さな隙間に滲(し)み込む、布などを液体に浸(ひた)して着色する、色を滲み込ませる◆色や匂いなどが付着する、またそれによってそれまでとは別のものになる、
kk_汲む_くむ,汲む,くむ,汲:◆井戸の水などを(たくさんある液体の少しを)器で掬(すく)う、大きな容器に入っている液体を小さな器に掬い入れる◆「汲取(キュウシュ)」、(水や人や知識などを)掬,N3,kun,kun,IL1_okurigana(kun 96%) | IL2_single_okuri(kun 96%),汲:◆井戸の水などを(たくさんある液体の少しを)器で掬(すく)う、大きな容器に入っている液体を小さな器に掬い入れる◆「汲取(キュウシュ)」、(水や人や知識などを)掬
kk_決まり_きまり,決まり,きまり,決:◆堤(つつみ)などが破(やぶ)れる、また(堤防などが破れて)水が流れ出る◆破る、突き破る◆(妨げとなっている物や事を突き破って、押し退けて)きっぱりと、「決断(,N3,kun,kun,IL1_okurigana(kun 96%) | IL2_single_okuri(kun 96%),決:◆堤(つつみ)などが破(やぶ)れる、また(堤防などが破れて)水が流れ出る◆破る、突き破る◆(妨げとなっている物や事を突き破って、押し退けて)きっぱりと、「決断(
kk_決心_けっしん,決心,けっしん,決:◆堤(つつみ)などが破(やぶ)れる、また(堤防などが破れて)水が流れ出る◆破る、突き破る◆(妨げとなっている物や事を突き破って、押し退けて)きっぱりと、「決断(; 心:◆血液を循環させる働きをする臓器で五臓(心シン・肝カン・脾ヒ・肺ハイ・腎ジン)の一つ ◆ものの真(ま)ん中、真ん中(中心)にあるもの、ものの重要な部分、ものの本,N3,on,on+on,,決:◆堤(つつみ)などが破(やぶ)れる、また(堤防などが破れて)水が流れ出る◆破る、突き破る◆(妨げとなっている物や事を突き破って、押し退けて)きっぱりと、「決断(; 心:◆血液を循環させる働きをする臓器で五臓(心シン・肝カン・脾ヒ・肺ハイ・腎ジン)の一つ ◆ものの真(ま)ん中、真ん中(中心)にあるもの、ものの重要な部分、ものの本
kk_沈む_しずむ,沈む,しずむ,沈:◆ものが水中を底の方に向かって落ちて行く、全体が水面よりも下になって見えなくなる、同「沉」◆気持ちが落ち込む(沈み込む)、同「沉」◆奥深くに入り込む、深くのめり,N3,kun,kun,IL1_okurigana(kun 96%) | IL2_single_okuri(kun 96%),沈:◆ものが水中を底の方に向かって落ちて行く、全体が水面よりも下になって見えなくなる、同「沉」◆気持ちが落ち込む(沈み込む)、同「沉」◆奥深くに入り込む、深くのめり
kk_治す_なおす,治す,なおす,治:◆氾濫(ハンラン)を防いだり水を利用しやすくするために川の流れを変える、筋(すじ)を通す、同「理」◆手を加えて乱れがないようにする、また秩序ある状態にする、また,N3,kun,kun,IL1_okurigana(kun 96%) | IL2_single_okuri(kun 96%),治:◆氾濫(ハンラン)を防いだり水を利用しやすくするために川の流れを変える、筋(すじ)を通す、同「理」◆手を加えて乱れがないようにする、また秩序ある状態にする、また
kk_治療_ちりょう,治療,ちりょう,治:◆氾濫(ハンラン)を防いだり水を利用しやすくするために川の流れを変える、筋(すじ)を通す、同「理」◆手を加えて乱れがないようにする、また秩序ある状態にする、また; 療:◆肉体的・精神的な病(やまい)や傷を治(なお)す、癒(いや)す,N3,on,on+on,A3_short_compound(on+on 71%),治:◆氾濫(ハンラン)を防いだり水を利用しやすくするために川の流れを変える、筋(すじ)を通す、同「理」◆手を加えて乱れがないようにする、また秩序ある状態にする、また; 療:◆肉体的・精神的な病(やまい)や傷を治(なお)す、癒(いや)す
kk_沿岸_えんがん,沿岸,えんがん,"沿:◆水が川筋に順(したが)って流れる、道筋に従って行く、逆方向に行くのは「溯」◆習慣や先例・指示や命令に従って行動する◆水の縁(へり)、ものの縁; 岸:◆水面から""厂""字状に高く切り立っているところの水際(スイサイ、みずぎわ)、水崖(スイガイ)、汀(テイ、みぎわ)のように波が寄せて引くたびに水と陸地の境目が変わ",N3,on,on+on,,"沿:◆水が川筋に順(したが)って流れる、道筋に従って行く、逆方向に行くのは「溯」◆習慣や先例・指示や命令に従って行動する◆水の縁(へり)、ものの縁; 岸:◆水面から""厂""字状に高く切り立っているところの水際(スイサイ、みずぎわ)、水崖(スイガイ)、汀(テイ、みぎわ)のように波が寄せて引くたびに水と陸地の境目が変わ"
kk_泊まり_とまり,泊まり,とまり,泊:◆舟を岸に寄せて停まる、「停泊(テイハク)」◆宿などで休む、留(とど)まる◆湖(みずうみ)、水が打ち寄せる湖などの辺(ほとり)◆水が浅いさま、水の浅いところ、浅,N3,kun,kun,IL1_okurigana(kun 96%) | IL2_single_okuri(kun 96%),泊:◆舟を岸に寄せて停まる、「停泊(テイハク)」◆宿などで休む、留(とど)まる◆湖(みずうみ)、水が打ち寄せる湖などの辺(ほとり)◆水が浅いさま、水の浅いところ、浅
kk_泡_あわ,泡,あわ,泡:◆ぶくぶくと湧(わ)き上がる球状の気体◆(泡のように)ふっくらと膨(ふく)らんだもの,N3,kun,kun,IL2_single_default(kun 84%),泡:◆ぶくぶくと湧(わ)き上がる球状の気体◆(泡のように)ふっくらと膨(ふく)らんだもの
kk_波_なみ,波,なみ,波:◆(水が撹拌されることによって)水面が上下に揺れ動きながら(うねりながら)流れるさま、またその動き、またその形、「【爾雅注疏:釋地】河水清且瀾漪大波為瀾…小波為,N3,kun,kun,IL2_single_default(kun 84%),波:◆(水が撹拌されることによって)水面が上下に揺れ動きながら(うねりながら)流れるさま、またその動き、またその形、「【爾雅注疏:釋地】河水清且瀾漪大波為瀾…小波為
kk_泣き出す_なきだす,泣き出す,なきだす,泣:◆(嘆き・悲しみ・苦しみ・喜びなどの感情の高揚に伴って)声を出さずに(或いは細く微かな声を出しながら)涙を流す、声を張り上げて泣くのは「哭」、「【康熙字典:丑集; 出:◆範囲・領域・組織や区切り・境界の内(内側、内部、裏側、こちら側、私的なところ)から外(外側、外部、表側、向こう側、公のところ)に移る、また移す、外から内へ移る,N3,kun,kun+kun~,IL1_okurigana(kun 96%) | A1_compound_oku(kun 90%) | A1_on_kun_mix(on+kun 65%),泣:◆(嘆き・悲しみ・苦しみ・喜びなどの感情の高揚に伴って)声を出さずに(或いは細く微かな声を出しながら)涙を流す、声を張り上げて泣くのは「哭」、「【康熙字典:丑集; 出:◆範囲・領域・組織や区切り・境界の内(内側、内部、裏側、こちら側、私的なところ)から外(外側、外部、表側、向こう側、公のところ)に移る、また移す、外から内へ移る
kk_泣き声_なきごえ,泣き声,なきごえ,泣:◆(嘆き・悲しみ・苦しみ・喜びなどの感情の高揚に伴って)声を出さずに(或いは細く微かな声を出しながら)涙を流す、声を張り上げて泣くのは「哭」、「【康熙字典:丑集; 声:◆磬(ケイ、石また玉製の打楽器)、またその音◆人や動物が口から発する音、一般には高低強弱などの抑揚がある音が連続し全体として意味を持つものを指す、意味をなさない,N3,other,mixed+mixed~,IL1_okurigana(kun 96%) | A1_compound_oku(kun 90%) | A1_on_kun_mix(on+kun 65%),泣:◆(嘆き・悲しみ・苦しみ・喜びなどの感情の高揚に伴って)声を出さずに(或いは細く微かな声を出しながら)涙を流す、声を張り上げて泣くのは「哭」、「【康熙字典:丑集; 声:◆磬(ケイ、石また玉製の打楽器)、またその音◆人や動物が口から発する音、一般には高低強弱などの抑揚がある音が連続し全体として意味を持つものを指す、意味をなさない
kk_注ぐ_そそぐ,注ぐ,そそぐ,注:◆水を一か所に狙いを定めて流し入れる、流れを目的の方に集中するようにする◆心や力を一点に集中する◆字句の解説、また解釈を加える、同「註」◆書き記(しる)す、記載,N3,kun,kun,IL1_okurigana(kun 96%) | IL2_single_okuri(kun 96%),注:◆水を一か所に狙いを定めて流し入れる、流れを目的の方に集中するようにする◆心や力を一点に集中する◆字句の解説、また解釈を加える、同「註」◆書き記(しる)す、記載
kk_注ぐ_つぐ,注ぐ,つぐ,注:◆水を一か所に狙いを定めて流し入れる、流れを目的の方に集中するようにする◆心や力を一点に集中する◆字句の解説、また解釈を加える、同「註」◆書き記(しる)す、記載,N3,other,unknown,IL1_okurigana(kun 96%) | IL2_single_okuri(kun 96%),注:◆水を一か所に狙いを定めて流し入れる、流れを目的の方に集中するようにする◆心や力を一点に集中する◆字句の解説、また解釈を加える、同「註」◆書き記(しる)す、記載
kk_注文_ちゅうもん,注文,ちゅうもん,注:◆水を一か所に狙いを定めて流し入れる、流れを目的の方に集中するようにする◆心や力を一点に集中する◆字句の解説、また解釈を加える、同「註」◆書き記(しる)す、記載; 文:◆紋様や図形、「天文(テンブン、テンモン)」◆多くの人にとって共通の意味を持つ紋様や図形、「文字(モジ、モンジ)」、古くは象形文字(ものの形を象った字、「宀」「,N3,on,on+on,,注:◆水を一か所に狙いを定めて流し入れる、流れを目的の方に集中するようにする◆心や力を一点に集中する◆字句の解説、また解釈を加える、同「註」◆書き記(しる)す、記載; 文:◆紋様や図形、「天文(テンブン、テンモン)」◆多くの人にとって共通の意味を持つ紋様や図形、「文字(モジ、モンジ)」、古くは象形文字(ものの形を象った字、「宀」「
kk_洋室_ようしつ,洋室,ようしつ,洋:◆水がどこまでも広がっているさま◆広大な、広大な海◆外国、外国の、「海を隔てた向こうの国」の意; 室:◆奥の部屋、堂(ドウ、南側の広間)の後ろ(北側、北側中央)の部屋、家人が日常起居(キキョ)する部屋◆部屋、房間(ボウカン)、屋子(オクシ)◆家、住居、またそこで,N3,on,on+on,B_noun_rad_宀(kun 93%),洋:◆水がどこまでも広がっているさま◆広大な、広大な海◆外国、外国の、「海を隔てた向こうの国」の意; 室:◆奥の部屋、堂(ドウ、南側の広間)の後ろ(北側、北側中央)の部屋、家人が日常起居(キキョ)する部屋◆部屋、房間(ボウカン)、屋子(オクシ)◆家、住居、またそこで
kk_洗剤_せんざい,洗剤,せんざい,洗:◆水で汚(よご)れや垢(あか)を落とす◆汚れが落ちてきれいになる◆手・指・足などの汚れを落とすために水を張る器; 剤:◆ちょうどよい具合に整える、同「斉」◆草木を切り揃える◆薬の効果がちょうどよい具合になるように調合する◆調合された薬を数える単位、一劑＝服用一回分◆質札(しちふ,N3,on,on+on,B_verb_rad_刀(kun 80%),洗:◆水で汚(よご)れや垢(あか)を落とす◆汚れが落ちてきれいになる◆手・指・足などの汚れを落とすために水を張る器; 剤:◆ちょうどよい具合に整える、同「斉」◆草木を切り揃える◆薬の効果がちょうどよい具合になるように調合する◆調合された薬を数える単位、一劑＝服用一回分◆質札(しちふ
kk_洗濯物_せんたくもの,洗濯物,せんたくもの,洗:◆水で汚(よご)れや垢(あか)を落とす◆汚れが落ちてきれいになる◆手・指・足などの汚れを落とすために水を張る器; 濯:◆揺り動かすようにして洗う◆(罪科や疑いを)払拭する; 物:◆(天地の間に存在する)人以外の形のあるもの、人は「者」、形のないものは「事」,N3,mixed,on+on+kun~,A4_multi_on(on+on+on 65%) | B_noun_rad_牛(kun 93%),洗:◆水で汚(よご)れや垢(あか)を落とす◆汚れが落ちてきれいになる◆手・指・足などの汚れを落とすために水を張る器; 濯:◆揺り動かすようにして洗う◆(罪科や疑いを)払拭する; 物:◆(天地の間に存在する)人以外の形のあるもの、人は「者」、形のないものは「事」
kk_津波_つなみ,津波,つなみ,津:◆人や荷物を対岸に運ぶ船の発着する所、渡し場◆唾(つば)や汗などの液体が流れ出る、湧(わ)き出る、滴(したた)る◆潤(うるお)う◆溢(あふ)れる; 波:◆(水が撹拌されることによって)水面が上下に揺れ動きながら(うねりながら)流れるさま、またその動き、またその形、「【爾雅注疏:釋地】河水清且瀾漪大波為瀾…小波為,N3,kun,kun+kun~,A3_short_compound(on+on 71%),津:◆人や荷物を対岸に運ぶ船の発着する所、渡し場◆唾(つば)や汗などの液体が流れ出る、湧(わ)き出る、滴(したた)る◆潤(うるお)う◆溢(あふ)れる; 波:◆(水が撹拌されることによって)水面が上下に揺れ動きながら(うねりながら)流れるさま、またその動き、またその形、「【爾雅注疏:釋地】河水清且瀾漪大波為瀾…小波為
kk_派手_はで,派手,はで,派:◆本流から枝分かれした流れ◆本筋の流れ(本流、主流、本家)から分かれ出たもの◆本(もと)の一部を割(さ)いて、本とは違う場所・方向に向かわせる、「派遣(ハケン); 手:◆体や物体の一部で、胴から分かれ出て伸び、持つ・握る・叩く・ものを作る・操作するなどの機能を持つ部分、掌(たなごころ)と指を合わせた全体、腕の先の部分 ◆自(み,N3,on,on+mixed~,A3_short_compound(on+on 71%) | B_verb_rad_手(kun 80%),派:◆本流から枝分かれした流れ◆本筋の流れ(本流、主流、本家)から分かれ出たもの◆本(もと)の一部を割(さ)いて、本とは違う場所・方向に向かわせる、「派遣(ハケン); 手:◆体や物体の一部で、胴から分かれ出て伸び、持つ・握る・叩く・ものを作る・操作するなどの機能を持つ部分、掌(たなごころ)と指を合わせた全体、腕の先の部分 ◆自(み
kk_流す_ながす,流す,ながす,流:◆水などの液体やそこに浮かんだもの・水中にあるものが淀まずに移動する◆罰として遠くへ移動させる◆(川の流れのように)淀まずに伝わって行く◆分かれて逸(そ)れる◆,N3,kun,kun,IL1_okurigana(kun 96%) | IL2_single_okuri(kun 96%),流:◆水などの液体やそこに浮かんだもの・水中にあるものが淀まずに移動する◆罰として遠くへ移動させる◆(川の流れのように)淀まずに伝わって行く◆分かれて逸(そ)れる◆
kk_流れ_ながれ,流れ,ながれ,流:◆水などの液体やそこに浮かんだもの・水中にあるものが淀まずに移動する◆罰として遠くへ移動させる◆(川の流れのように)淀まずに伝わって行く◆分かれて逸(そ)れる◆,N3,kun,kun,IL1_okurigana(kun 96%) | IL2_single_okuri(kun 96%),流:◆水などの液体やそこに浮かんだもの・水中にあるものが淀まずに移動する◆罰として遠くへ移動させる◆(川の流れのように)淀まずに伝わって行く◆分かれて逸(そ)れる◆
kk_流行_はやり,流行,はやり,流:◆水などの液体やそこに浮かんだもの・水中にあるものが淀まずに移動する◆罰として遠くへ移動させる◆(川の流れのように)淀まずに伝わって行く◆分かれて逸(そ)れる◆; 行:◆左足を前に出し(彳)次に右足を前に出す(亍)、足を交互に動かして前に進む◆目的とするところに向かって進む◆遠くに出掛ける、旅に出る◆道、人が往来する道路、同「,N3,other,mixed+mixed~,A3_short_compound(on+on 71%),流:◆水などの液体やそこに浮かんだもの・水中にあるものが淀まずに移動する◆罰として遠くへ移動させる◆(川の流れのように)淀まずに伝わって行く◆分かれて逸(そ)れる◆; 行:◆左足を前に出し(彳)次に右足を前に出す(亍)、足を交互に動かして前に進む◆目的とするところに向かって進む◆遠くに出掛ける、旅に出る◆道、人が往来する道路、同「
kk_流行_りゅうこう,流行,りゅうこう,流:◆水などの液体やそこに浮かんだもの・水中にあるものが淀まずに移動する◆罰として遠くへ移動させる◆(川の流れのように)淀まずに伝わって行く◆分かれて逸(そ)れる◆; 行:◆左足を前に出し(彳)次に右足を前に出す(亍)、足を交互に動かして前に進む◆目的とするところに向かって進む◆遠くに出掛ける、旅に出る◆道、人が往来する道路、同「,N3,on,on+on,,流:◆水などの液体やそこに浮かんだもの・水中にあるものが淀まずに移動する◆罰として遠くへ移動させる◆(川の流れのように)淀まずに伝わって行く◆分かれて逸(そ)れる◆; 行:◆左足を前に出し(彳)次に右足を前に出す(亍)、足を交互に動かして前に進む◆目的とするところに向かって進む◆遠くに出掛ける、旅に出る◆道、人が往来する道路、同「
kk_浮かぶ_うかぶ,浮かぶ,うかぶ,浮:◆水中にあるものが水面に出てくる、下にあるものが空中を上に移動する◆水面に留(とど)まる、空中に留まる、水面で水の流れのままに漂う、空中で空気の動き(風)のまま,N3,kun,kun,IL1_okurigana(kun 96%) | IL2_single_okuri(kun 96%),浮:◆水中にあるものが水面に出てくる、下にあるものが空中を上に移動する◆水面に留(とど)まる、空中に留まる、水面で水の流れのままに漂う、空中で空気の動き(風)のまま
kk_浮かべる_うかべる,浮かべる,うかべる,浮:◆水中にあるものが水面に出てくる、下にあるものが空中を上に移動する◆水面に留(とど)まる、空中に留まる、水面で水の流れのままに漂う、空中で空気の動き(風)のまま,N3,kun,kun,IL1_okurigana(kun 96%) | IL2_single_okuri(kun 96%),浮:◆水中にあるものが水面に出てくる、下にあるものが空中を上に移動する◆水面に留(とど)まる、空中に留まる、水面で水の流れのままに漂う、空中で空気の動き(風)のまま
kk_浸かる_つかる,浸かる,つかる,浸:◆ひた・す、ひた・る、液体の中にすっぽりと入れる、ものが水の中に隠れる、同「濅」◆し・みる、液体がじわじわと中に入り込む、滲(し)み込む、滲(し)み込ませる、同,N3,other,unknown,IL1_okurigana(kun 96%) | IL2_single_okuri(kun 96%),浸:◆ひた・す、ひた・る、液体の中にすっぽりと入れる、ものが水の中に隠れる、同「濅」◆し・みる、液体がじわじわと中に入り込む、滲(し)み込む、滲(し)み込ませる、同
kk_消極的_しょうきょくてき,消極的,しょうきょくてき,消:◆減る、少しずつ小さくなる、また少なくなる、また細くなる、またそのようにする◆次第に小さく(細く)なってやがて姿が見えなくなる、なくなる、後に何も残らない、また; 極:◆屋根の棟(むね)、最も高いところ、またそこに渡した木、棟木(むなぎ)◆頂点、先端◆これ以上はない、それより先はない、またそこに達する◆究(きわ)まる、尽(つ); 的:◆弓で矢を射(い)る時の目標とするもの、同「㢩」「墑」◆額(ひたい)の部分だけが白い馬、またその額の白い部分、女性が額に施(ほどこ)す(赤い点状の)装飾◆(弓の,N3,on,on+on+on,A4_multi_on(on+on+on 65%) | B_noun_rad_木(kun 93%),消:◆減る、少しずつ小さくなる、また少なくなる、また細くなる、またそのようにする◆次第に小さく(細く)なってやがて姿が見えなくなる、なくなる、後に何も残らない、また; 極:◆屋根の棟(むね)、最も高いところ、またそこに渡した木、棟木(むなぎ)◆頂点、先端◆これ以上はない、それより先はない、またそこに達する◆究(きわ)まる、尽(つ); 的:◆弓で矢を射(い)る時の目標とするもの、同「㢩」「墑」◆額(ひたい)の部分だけが白い馬、またその額の白い部分、女性が額に施(ほどこ)す(赤い点状の)装飾◆(弓の
kk_消火_しょうか,消火,しょうか,消:◆減る、少しずつ小さくなる、また少なくなる、また細くなる、またそのようにする◆次第に小さく(細く)なってやがて姿が見えなくなる、なくなる、後に何も残らない、また; 火:◆ものが燃える時に発生する光や色や炎や熱など◆ものが赤々と燃える、また焼く◆(火が勢いよく燃えるように、また顔を紅潮させて)怒る、(火が弾けるように)突然怒り出,N3,on,on+on,A3_short_compound(on+on 71%),消:◆減る、少しずつ小さくなる、また少なくなる、また細くなる、またそのようにする◆次第に小さく(細く)なってやがて姿が見えなくなる、なくなる、後に何も残らない、また; 火:◆ものが燃える時に発生する光や色や炎や熱など◆ものが赤々と燃える、また焼く◆(火が勢いよく燃えるように、また顔を紅潮させて)怒る、(火が弾けるように)突然怒り出
kk_消費_しょうひ,消費,しょうひ,消:◆減る、少しずつ小さくなる、また少なくなる、また細くなる、またそのようにする◆次第に小さく(細く)なってやがて姿が見えなくなる、なくなる、後に何も残らない、また; 費:◆金銭・品物・労力などを使う、時間・手間などがかかる◆ものなどを買うために用いる金銭、「費用(ヒヨウ)」◆使い減らす、「浪費(ロウヒ)」◆魯ロ国(前11世紀～前,N3,on,on+on,A3_short_compound(on+on 71%),消:◆減る、少しずつ小さくなる、また少なくなる、また細くなる、またそのようにする◆次第に小さく(細く)なってやがて姿が見えなくなる、なくなる、後に何も残らない、また; 費:◆金銭・品物・労力などを使う、時間・手間などがかかる◆ものなどを買うために用いる金銭、「費用(ヒヨウ)」◆使い減らす、「浪費(ロウヒ)」◆魯ロ国(前11世紀～前
kk_涎_よだれ,涎,よだれ,涎:◆口から出て垂(た)れる唾液(ダエキ)、同「㳄」「㵪」「𠿢」「𣵿」◆物欲しそうなさま、「垂涎(スイゼン)」◆水(液体)がなすがままに流れるさま、「【集韻:卷八:,N3,kun,kun,IL2_single_default(kun 84%),涎:◆口から出て垂(た)れる唾液(ダエキ)、同「㳄」「㵪」「𠿢」「𣵿」◆物欲しそうなさま、「垂涎(スイゼン)」◆水(液体)がなすがままに流れるさま、「【集韻:卷八:
kk_液体_えきたい,液体,えきたい,液:◆流れ動いて一定の形をしないもの◆体などから分泌(ブンピツ)される汁◆(液体に)漬(つ)かる、漬ける◆融(と)ける; 体:◆頭から足の先までの全身、ものの全部、ものの主要な部分、またその姿形や様子、「身体(シンタイ、体、肉体)」「本体(ホンタイ、ものの本当の姿、ものの中心的部分)」,N3,on,on+on,,液:◆流れ動いて一定の形をしないもの◆体などから分泌(ブンピツ)される汁◆(液体に)漬(つ)かる、漬ける◆融(と)ける; 体:◆頭から足の先までの全身、ものの全部、ものの主要な部分、またその姿形や様子、「身体(シンタイ、体、肉体)」「本体(ホンタイ、ものの本当の姿、ものの中心的部分)」
kk_深まる_ふかまる,深まる,ふかまる,深:◆水面から底までの距離が大きい、入口から奥までが遠い、表面から内部に大きく入り込んでいる◆基準とする時や時間から長い時や時間が経(た)つ、「深夜(シンヤ)」「深,N3,kun,kun,IL1_okurigana(kun 96%) | IL2_single_okuri(kun 96%),深:◆水面から底までの距離が大きい、入口から奥までが遠い、表面から内部に大きく入り込んでいる◆基準とする時や時間から長い時や時間が経(た)つ、「深夜(シンヤ)」「深
kk_深める_ふかめる,深める,ふかめる,深:◆水面から底までの距離が大きい、入口から奥までが遠い、表面から内部に大きく入り込んでいる◆基準とする時や時間から長い時や時間が経(た)つ、「深夜(シンヤ)」「深,N3,kun,kun,IL1_okurigana(kun 96%) | IL2_single_okuri(kun 96%),深:◆水面から底までの距離が大きい、入口から奥までが遠い、表面から内部に大きく入り込んでいる◆基準とする時や時間から長い時や時間が経(た)つ、「深夜(シンヤ)」「深
kk_深刻_しんこく,深刻,しんこく,深:◆水面から底までの距離が大きい、入口から奥までが遠い、表面から内部に大きく入り込んでいる◆基準とする時や時間から長い時や時間が経(た)つ、「深夜(シンヤ)」「深; 刻:◆(刀で)切り込みを入れる、彫(ほ)り込む◆印(しるし)をつける、目印を彫る◆(水時計や日時計の)目盛り、時間の区切り目[†古く一刻は一日の百分の一、後に一時間,N3,on,on+on,B_verb_rad_刀(kun 80%),深:◆水面から底までの距離が大きい、入口から奥までが遠い、表面から内部に大きく入り込んでいる◆基準とする時や時間から長い時や時間が経(た)つ、「深夜(シンヤ)」「深; 刻:◆(刀で)切り込みを入れる、彫(ほ)り込む◆印(しるし)をつける、目印を彫る◆(水時計や日時計の)目盛り、時間の区切り目[†古く一刻は一日の百分の一、後に一時間
kk_混ぜる_まぜる,混ぜる,まぜる,混:◆水が滾滾(コンコン、渾渾、混混)と湧き出る◆たくさんのもの(流れ出た水)が集まり一つになる、様々なもの或いは多くのものが寄せ集まり同化する、同化してそれぞれの,N3,kun,kun,IL1_okurigana(kun 96%) | IL2_single_okuri(kun 96%),混:◆水が滾滾(コンコン、渾渾、混混)と湧き出る◆たくさんのもの(流れ出た水)が集まり一つになる、様々なもの或いは多くのものが寄せ集まり同化する、同化してそれぞれの
kk_混乱_こんらん,混乱,こんらん,混:◆水が滾滾(コンコン、渾渾、混混)と湧き出る◆たくさんのもの(流れ出た水)が集まり一つになる、様々なもの或いは多くのものが寄せ集まり同化する、同化してそれぞれの; 乱:◆平穏でなくなる、均衡が失われ不安定になる、秩序がなくなる、ごちゃごちゃする、同「𢿢」◆ばらばらになる、脈絡(ミャクラク)がなくなる、訳が分からなくなる◆縺(も,N3,on,on+on,,混:◆水が滾滾(コンコン、渾渾、混混)と湧き出る◆たくさんのもの(流れ出た水)が集まり一つになる、様々なもの或いは多くのものが寄せ集まり同化する、同化してそれぞれの; 乱:◆平穏でなくなる、均衡が失われ不安定になる、秩序がなくなる、ごちゃごちゃする、同「𢿢」◆ばらばらになる、脈絡(ミャクラク)がなくなる、訳が分からなくなる◆縺(も
kk_添付_てんぷ,添付,てんぷ,添:◆付け加える、付け足す; 付:◆手ずから授(さず)ける、直接手を取って与える、同「仅」◆渡し与える、渡して任せる、委(ゆだ)ねる◆[日]他のものに加える、また添える、また足す、同「附」,N3,other,mixed+mixed~,A3_short_compound(on+on 71%),添:◆付け加える、付け足す; 付:◆手ずから授(さず)ける、直接手を取って与える、同「仅」◆渡し与える、渡して任せる、委(ゆだ)ねる◆[日]他のものに加える、また添える、また足す、同「附」
kk_清い_きよい,清い,きよい,清:◆水が青く澄みきっているさま、濁りや汚(けが)れがないさま◆曇りがないさま、すっきりしているさま、はっきりとしているさま◆私欲や邪心がないさま◆濁りや汚れを残さ,N3,kun,kun,IL1_okurigana(kun 96%) | IL2_single_okuri(kun 96%),清:◆水が青く澄みきっているさま、濁りや汚(けが)れがないさま◆曇りがないさま、すっきりしているさま、はっきりとしているさま◆私欲や邪心がないさま◆濁りや汚れを残さ
kk_済まない_すまない,済まない,すまない,済:◆(舟で)川を渡る◆(難所を、難事を)渡り切る、(互いに手を貸しあって)乗り切る◆手を貸して救い上げる、困っている人に手を貸して(足りないものを補い合って)みな,N3,kun,kun,IL1_okurigana(kun 96%) | IL2_single_okuri(kun 96%),済:◆(舟で)川を渡る◆(難所を、難事を)渡り切る、(互いに手を貸しあって)乗り切る◆手を貸して救い上げる、困っている人に手を貸して(足りないものを補い合って)みな
kk_減らす_へらす,減らす,へらす,減:◆少なくなる、全体から一部がなくなる◆軽くなる、落ちる、下がる◆差し引く,N3,kun,kun,IL1_okurigana(kun 96%) | IL2_single_okuri(kun 96%),減:◆少なくなる、全体から一部がなくなる◆軽くなる、落ちる、下がる◆差し引く
kk_減る_へる,減る,へる,減:◆少なくなる、全体から一部がなくなる◆軽くなる、落ちる、下がる◆差し引く,N3,kun,kun,IL1_okurigana(kun 96%) | IL2_single_okuri(kun 96%),減:◆少なくなる、全体から一部がなくなる◆軽くなる、落ちる、下がる◆差し引く
kk_減少_げんしょう,減少,げんしょう,減:◆少なくなる、全体から一部がなくなる◆軽くなる、落ちる、下がる◆差し引く; 少:◆数や度量(ドリョウ、ものの多少・軽重・長短・高低・深浅・強弱など)が、あるべき(必要とする)数や度量より小さい、またそれに足りない、またそれに及ばない、同「寡,N3,on,on+on,,減:◆少なくなる、全体から一部がなくなる◆軽くなる、落ちる、下がる◆差し引く; 少:◆数や度量(ドリョウ、ものの多少・軽重・長短・高低・深浅・強弱など)が、あるべき(必要とする)数や度量より小さい、またそれに足りない、またそれに及ばない、同「寡
kk_温まる/暖まる_あたたまる,温まる/暖まる,あたたまる,温:◆熱くもなく冷たくもなく程よいさま、暖かなさま、また熱を加えてそのようにする◆穏やかなさま、柔和なさま◆(古く冷めてしまったものを温め直して)蘇(よみがえ)させ; 暖:◆日光が当たってぽかぽかと暑くもなく寒くもなく程良いさま、穏(おだ)やかな陽気であるさま、同「㬉」「暄」、「温」は液体などが程よい温度であること、「煖」は火が当,N3,kun,kun+kun~,IL1_okurigana(kun 96%) | A1_compound_oku(kun 90%) | A1_on_kun_mix(on+kun 65%),温:◆熱くもなく冷たくもなく程よいさま、暖かなさま、また熱を加えてそのようにする◆穏やかなさま、柔和なさま◆(古く冷めてしまったものを温め直して)蘇(よみがえ)させ; 暖:◆日光が当たってぽかぽかと暑くもなく寒くもなく程良いさま、穏(おだ)やかな陽気であるさま、同「㬉」「暄」、「温」は液体などが程よい温度であること、「煖」は火が当
kk_満席_まんせき,満席,まんせき,満:◆余すところなく一杯になる、これ以上は(それ以上は)入らなくなる、また一杯にする◆ぎっしりと詰まる、また詰める、隙間(すきま)なく埋(う)まる、また埋める、「充; 席:◆むしろ、竹や藁(わら、乾燥させた草の茎)を並べ紐(ひも)で編んだ敷物、人が座ったり横になったりするところに敷くもの、同「蓆」◆座るところ、居並ぶ時の座る位置◆,N3,on,on+on,B_noun_rad_巾(kun 93%),満:◆余すところなく一杯になる、これ以上は(それ以上は)入らなくなる、また一杯にする◆ぎっしりと詰まる、また詰める、隙間(すきま)なく埋(う)まる、また埋める、「充; 席:◆むしろ、竹や藁(わら、乾燥させた草の茎)を並べ紐(ひも)で編んだ敷物、人が座ったり横になったりするところに敷くもの、同「蓆」◆座るところ、居並ぶ時の座る位置◆
kk_満点_まんてん,満点,まんてん,満:◆余すところなく一杯になる、これ以上は(それ以上は)入らなくなる、また一杯にする◆ぎっしりと詰まる、また詰める、隙間(すきま)なく埋(う)まる、また埋める、「充; 点:◆小さな(黒い)染(し)み・瑕(きず)・印(しるし)、またそのようなものを付ける、「汚点(オテン)」◆小さく狭く限られた場所・範囲・位置・事柄、「地点(チテン),N3,on,on+on,,満:◆余すところなく一杯になる、これ以上は(それ以上は)入らなくなる、また一杯にする◆ぎっしりと詰まる、また詰める、隙間(すきま)なく埋(う)まる、また埋める、「充; 点:◆小さな(黒い)染(し)み・瑕(きず)・印(しるし)、またそのようなものを付ける、「汚点(オテン)」◆小さく狭く限られた場所・範囲・位置・事柄、「地点(チテン)
kk_満足_まんぞく,満足,まんぞく,満:◆余すところなく一杯になる、これ以上は(それ以上は)入らなくなる、また一杯にする◆ぎっしりと詰まる、また詰める、隙間(すきま)なく埋(う)まる、また埋める、「充; 足:◆体や物体の一部で、胴から分かれ出て伸び、地に接して体を支えたり、歩行・走行・跳躍などの運動機能を担う部分、現代の中国では「脚」◆「歩く」「走る」などの足を使っ,N3,other,mixed+mixed~,B_verb_rad_足(kun 80%),満:◆余すところなく一杯になる、これ以上は(それ以上は)入らなくなる、また一杯にする◆ぎっしりと詰まる、また詰める、隙間(すきま)なく埋(う)まる、また埋める、「充; 足:◆体や物体の一部で、胴から分かれ出て伸び、地に接して体を支えたり、歩行・走行・跳躍などの運動機能を担う部分、現代の中国では「脚」◆「歩く」「走る」などの足を使っ
kk_満開_まんかい,満開,まんかい,満:◆余すところなく一杯になる、これ以上は(それ以上は)入らなくなる、また一杯にする◆ぎっしりと詰まる、また詰める、隙間(すきま)なく埋(う)まる、また埋める、「充; 開:◆啓(ひら)く、閉じられている扉を真ん中から左右に押し除(の)ける◆仕切っているもの(塞ふさいでいるもの、妨さまたげているもの)を取る、「開放(カイホウ)」◆明,N3,on,on+on,,満:◆余すところなく一杯になる、これ以上は(それ以上は)入らなくなる、また一杯にする◆ぎっしりと詰まる、また詰める、隙間(すきま)なく埋(う)まる、また埋める、「充; 開:◆啓(ひら)く、閉じられている扉を真ん中から左右に押し除(の)ける◆仕切っているもの(塞ふさいでいるもの、妨さまたげているもの)を取る、「開放(カイホウ)」◆明
kk_溜まる_たまる,溜まる,たまる,溜:◆雨が滴(したた)り落ちる、雨垂れ◆軒先から流れ落ちる雨でできた水溜り、雨垂れを受ける雨樋(あまどい)◆滑る、つるつるの、滑り落ちる◆すっと流れる、さっと抜ける,N3,kun,kun,IL1_okurigana(kun 96%) | IL2_single_okuri(kun 96%),溜:◆雨が滴(したた)り落ちる、雨垂れ◆軒先から流れ落ちる雨でできた水溜り、雨垂れを受ける雨樋(あまどい)◆滑る、つるつるの、滑り落ちる◆すっと流れる、さっと抜ける
kk_溜息/溜め息_ためいき,溜息/溜め息,ためいき,溜:◆雨が滴(したた)り落ちる、雨垂れ◆軒先から流れ落ちる雨でできた水溜り、雨垂れを受ける雨樋(あまどい)◆滑る、つるつるの、滑り落ちる◆すっと流れる、さっと抜ける; 息:◆いき、口や鼻で吐いたり吸ったりする空気◆呼吸する、一度吐いて吸うことを「一息」という◆生きている◆止(や)む、鎮(しず)まる、落ち着く、同「熄」◆休む、休憩す; 溜:◆雨が滴(したた)り落ちる、雨垂れ◆軒先から流れ落ちる雨でできた水溜り、雨垂れを受ける雨樋(あまどい)◆滑る、つるつるの、滑り落ちる◆すっと流れる、さっと抜ける,N3,kun,kun+kun+kun+kun~,IL1_okurigana(kun 96%) | A1_compound_oku(kun 90%) | A1_on_kun_mix(on+kun 65%),溜:◆雨が滴(したた)り落ちる、雨垂れ◆軒先から流れ落ちる雨でできた水溜り、雨垂れを受ける雨樋(あまどい)◆滑る、つるつるの、滑り落ちる◆すっと流れる、さっと抜ける; 息:◆いき、口や鼻で吐いたり吸ったりする空気◆呼吸する、一度吐いて吸うことを「一息」という◆生きている◆止(や)む、鎮(しず)まる、落ち着く、同「熄」◆休む、休憩す; 溜:◆雨が滴(したた)り落ちる、雨垂れ◆軒先から流れ落ちる雨でできた水溜り、雨垂れを受ける雨樋(あまどい)◆滑る、つるつるの、滑り落ちる◆すっと流れる、さっと抜ける
kk_溶かす_とかす,溶かす,とかす,溶:◆固体が(液体に混じり込んで)液状になる◆「溶然(ヨウゼン)」、ゆったりとしたさま◆「溶溶(ヨウヨウ)」、水が満ちているさま、水がゆったりと流れるさま,N3,kun,kun,IL1_okurigana(kun 96%) | IL2_single_okuri(kun 96%),溶:◆固体が(液体に混じり込んで)液状になる◆「溶然(ヨウゼン)」、ゆったりとしたさま◆「溶溶(ヨウヨウ)」、水が満ちているさま、水がゆったりと流れるさま
kk_溶く_とく,溶く,とく,溶:◆固体が(液体に混じり込んで)液状になる◆「溶然(ヨウゼン)」、ゆったりとしたさま◆「溶溶(ヨウヨウ)」、水が満ちているさま、水がゆったりと流れるさま,N3,kun,kun,IL1_okurigana(kun 96%) | IL2_single_okuri(kun 96%),溶:◆固体が(液体に混じり込んで)液状になる◆「溶然(ヨウゼン)」、ゆったりとしたさま◆「溶溶(ヨウヨウ)」、水が満ちているさま、水がゆったりと流れるさま
kk_溶ける_とける,溶ける,とける,溶:◆固体が(液体に混じり込んで)液状になる◆「溶然(ヨウゼン)」、ゆったりとしたさま◆「溶溶(ヨウヨウ)」、水が満ちているさま、水がゆったりと流れるさま,N3,kun,kun,IL1_okurigana(kun 96%) | IL2_single_okuri(kun 96%),溶:◆固体が(液体に混じり込んで)液状になる◆「溶然(ヨウゼン)」、ゆったりとしたさま◆「溶溶(ヨウヨウ)」、水が満ちているさま、水がゆったりと流れるさま
kk_滅茶苦茶_めちゃくちゃ,滅茶苦茶,めちゃくちゃ,滅:◆火や明かりが消える、消える、尽きる、なくなる、同「烕」「𤇳」◆消す、なくする、退治する、同「烕」; 茶:◆チャ(茶)、チャノキ(茶の木)、ツバキ科ツバキ属の木 ◆チャノキの若葉を摘(つ)み煎(せん)じて飲料用に加工したもの、遅い時期に摘み取った茶葉を使ったものは「; 苦:◆渋味やえぐ味などの不快に感じる味、五味(甘・酸・鹹・苦・辛)の一つ◆不快なことや思うようにならないことなどに困り果てる、押さえ付けられているような(重苦しい),N3,on,on+on+on+on~,A4_multi_on(on+on+on+on 65%),滅:◆火や明かりが消える、消える、尽きる、なくなる、同「烕」「𤇳」◆消す、なくする、退治する、同「烕」; 茶:◆チャ(茶)、チャノキ(茶の木)、ツバキ科ツバキ属の木 ◆チャノキの若葉を摘(つ)み煎(せん)じて飲料用に加工したもの、遅い時期に摘み取った茶葉を使ったものは「; 苦:◆渋味やえぐ味などの不快に感じる味、五味(甘・酸・鹹・苦・辛)の一つ◆不快なことや思うようにならないことなどに困り果てる、押さえ付けられているような(重苦しい)
kk_滞在_たいざい,滞在,たいざい,滞:◆動きが止まってなかなか流れない、止まったままなかなか動かない; 在:◆そこに居(い)る、同じ状態で一定のところに留(とど)まっている、またその場所◆～に於(お)いて、～(場所)で(at),N3,on,on+on,,滞:◆動きが止まってなかなか流れない、止まったままなかなか動かない; 在:◆そこに居(い)る、同じ状態で一定のところに留(とど)まっている、またその場所◆～に於(お)いて、～(場所)で(at)
kk_漬かる_つかる,漬かる,つかる,漬:◆液体に入れる、液体の中に全体が隠れるようにすっぽりと入れる、浸(ひた)す◆(液体の中に入れて)色や味などを染(し)み込ませる◆四足の動物の死、「【禮記:曲禮下,N3,kun,kun,IL1_okurigana(kun 96%) | IL2_single_okuri(kun 96%),漬:◆液体に入れる、液体の中に全体が隠れるようにすっぽりと入れる、浸(ひた)す◆(液体の中に入れて)色や味などを染(し)み込ませる◆四足の動物の死、「【禮記:曲禮下
kk_漸く_ようやく,漸く,ようやく,漸:◆少しずつ(状態が進行する)、徐々に、じわじわと、「漸進(ゼンシン)」◆次第に(進む、進行する)、だんだんと、「東漸(トウゼン、次第に東に向かって進むこと、また,N3,kun,kun,IL1_okurigana(kun 96%) | IL2_single_okuri(kun 96%),漸:◆少しずつ(状態が進行する)、徐々に、じわじわと、「漸進(ゼンシン)」◆次第に(進む、進行する)、だんだんと、「東漸(トウゼン、次第に東に向かって進むこと、また
kk_潤い_うるおい,潤い,うるおい,潤:◆物の内部から余分な水分や油分が表面に染み出る◆しっとりとしている、艶々(つやつや)している、光沢がある◆(内部から表にじわりと染み出て来るような)艶を出す◆(,N3,kun,kun,IL1_okurigana(kun 96%) | IL2_single_okuri(kun 96%),潤:◆物の内部から余分な水分や油分が表面に染み出る◆しっとりとしている、艶々(つやつや)している、光沢がある◆(内部から表にじわりと染み出て来るような)艶を出す◆(
kk_潰す_つぶす,潰す,つぶす,潰:◆堤防が崩れる、崩れて水が漏(も)れ出る◆外に溢(あふ)れ出た(漏れ出た)水が流れる、同「洚」◆崩れて元の形を成さなくなる、崩れて散り散りになる◆体の組織が爛(,N3,kun,kun,IL1_okurigana(kun 96%) | IL2_single_okuri(kun 96%),潰:◆堤防が崩れる、崩れて水が漏(も)れ出る◆外に溢(あふ)れ出た(漏れ出た)水が流れる、同「洚」◆崩れて元の形を成さなくなる、崩れて散り散りになる◆体の組織が爛(
kk_潰れる_つぶれる,潰れる,つぶれる,潰:◆堤防が崩れる、崩れて水が漏(も)れ出る◆外に溢(あふ)れ出た(漏れ出た)水が流れる、同「洚」◆崩れて元の形を成さなくなる、崩れて散り散りになる◆体の組織が爛(,N3,kun,kun,IL1_okurigana(kun 96%) | IL2_single_okuri(kun 96%),潰:◆堤防が崩れる、崩れて水が漏(も)れ出る◆外に溢(あふ)れ出た(漏れ出た)水が流れる、同「洚」◆崩れて元の形を成さなくなる、崩れて散り散りになる◆体の組織が爛(
kk_激しい_はげしい,激しい,はげしい,激:◆水が岩などに当たりしぶきとなって高く飛び散るさま◆勢いが強いさま、猛烈なさま◆強く人の心を揺さぶるさま,N3,kun,kun,IL1_okurigana(kun 96%) | IL2_single_okuri(kun 96%),激:◆水が岩などに当たりしぶきとなって高く飛び散るさま◆勢いが強いさま、猛烈なさま◆強く人の心を揺さぶるさま
kk_火山_かざん,火山,かざん,"火:◆ものが燃える時に発生する光や色や炎や熱など◆ものが赤々と燃える、また焼く◆(火が勢いよく燃えるように、また顔を紅潮させて)怒る、(火が弾けるように)突然怒り出; 山:◆地面が""△""状に高く盛り上がったところ、またその形や様子◆土を丸く盛り上げた墓◆十二章紋の一つ ◆やま、やまへん、やまかんむり、部首名",N3,other,mixed+mixed~,A3_short_compound(on+on 71%),"火:◆ものが燃える時に発生する光や色や炎や熱など◆ものが赤々と燃える、また焼く◆(火が勢いよく燃えるように、また顔を紅潮させて)怒る、(火が弾けるように)突然怒り出; 山:◆地面が""△""状に高く盛り上がったところ、またその形や様子◆土を丸く盛り上げた墓◆十二章紋の一つ ◆やま、やまへん、やまかんむり、部首名"
kk_火災_かさい,火災,かさい,火:◆ものが燃える時に発生する光や色や炎や熱など◆ものが赤々と燃える、また焼く◆(火が勢いよく燃えるように、また顔を紅潮させて)怒る、(火が弾けるように)突然怒り出; 災:◆大雨・洪水・旱(ひでり)・大風や地震・火事・疫病など天が齎(もたら)す禍(わざわい)◆人に困難や不幸を齎す出来事,N3,on,on+on,A3_short_compound(on+on 71%),火:◆ものが燃える時に発生する光や色や炎や熱など◆ものが赤々と燃える、また焼く◆(火が勢いよく燃えるように、また顔を紅潮させて)怒る、(火が弾けるように)突然怒り出; 災:◆大雨・洪水・旱(ひでり)・大風や地震・火事・疫病など天が齎(もたら)す禍(わざわい)◆人に困難や不幸を齎す出来事
kk_灰色_はいいろ,灰色,はいいろ,灰:◆ものが燃え尽(つ)きて再び燃やすことができない状態のもの、再び燃やすことができるものは「炭」◆ものを高温で燃やし尽くした後に残ったものの色、黒と白の中間の色◆; 色:◆視覚によって認識するものの内、形状以外のもの、(特に顔の)表情、彩(いろどり)り、具合(ぐあい)、様子◆男女間の情欲(ジョウヨク)◆種類、二色=二種類◆いろ、,N3,kun,kun+kun~,,灰:◆ものが燃え尽(つ)きて再び燃やすことができない状態のもの、再び燃やすことができるものは「炭」◆ものを高温で燃やし尽くした後に残ったものの色、黒と白の中間の色◆; 色:◆視覚によって認識するものの内、形状以外のもの、(特に顔の)表情、彩(いろどり)り、具合(ぐあい)、様子◆男女間の情欲(ジョウヨク)◆種類、二色=二種類◆いろ、
kk_災害_さいがい,災害,さいがい,災:◆大雨・洪水・旱(ひでり)・大風や地震・火事・疫病など天が齎(もたら)す禍(わざわい)◆人に困難や不幸を齎す出来事; 害:◆状態を悪くする、損(そこ)なう、傷付ける、妨(さまた)げる、良好な状態とは逆の状態になる◆なぜ、どうして、どうして～しないのか、同「盍」,N3,on,on+on,B_noun_rad_宀(kun 93%),災:◆大雨・洪水・旱(ひでり)・大風や地震・火事・疫病など天が齎(もたら)す禍(わざわい)◆人に困難や不幸を齎す出来事; 害:◆状態を悪くする、損(そこ)なう、傷付ける、妨(さまた)げる、良好な状態とは逆の状態になる◆なぜ、どうして、どうして～しないのか、同「盍」
kk_災難_さいなん,災難,さいなん,災:◆大雨・洪水・旱(ひでり)・大風や地震・火事・疫病など天が齎(もたら)す禍(わざわい)◆人に困難や不幸を齎す出来事; 難:◆思いの通りにいかない(ならない)、～するのは容易でない、～しにくい、～しづらい、同「艱」◆災(わざわ)い、禍(カ、わざわい)、手の施(ほどこ)しようのない(思,N3,on,on+on,,災:◆大雨・洪水・旱(ひでり)・大風や地震・火事・疫病など天が齎(もたら)す禍(わざわい)◆人に困難や不幸を齎す出来事; 難:◆思いの通りにいかない(ならない)、～するのは容易でない、～しにくい、～しづらい、同「艱」◆災(わざわ)い、禍(カ、わざわい)、手の施(ほどこ)しようのない(思
kk_炊飯器_すいはんき,炊飯器,すいはんき,炊:◆吹いて火を起こす、火を起こし食べ物に熱を加える、米を水に浸し熱を加えて柔らかくする◆食事の仕度をする; 飯:◆米などの穀物を煮たり炊(た)いたりして柔らかくした(食べやすくした)もの◆(毎日定期的に摂とる)食事◆食べ物を食べる、食べ物を与える; 器:◆入れもの、(周りや底を囲って)中にものを入れるためのもの、「食器(ショッキ)」◆中に入る量、ものを受け入れることができる量、入れ物の大きさ、「器量(キリョウ),N3,on,on+on+on,A4_multi_on(on+on+on 65%),炊:◆吹いて火を起こす、火を起こし食べ物に熱を加える、米を水に浸し熱を加えて柔らかくする◆食事の仕度をする; 飯:◆米などの穀物を煮たり炊(た)いたりして柔らかくした(食べやすくした)もの◆(毎日定期的に摂とる)食事◆食べ物を食べる、食べ物を与える; 器:◆入れもの、(周りや底を囲って)中にものを入れるためのもの、「食器(ショッキ)」◆中に入る量、ものを受け入れることができる量、入れ物の大きさ、「器量(キリョウ)
kk_点数_てんすう,点数,てんすう,点:◆小さな(黒い)染(し)み・瑕(きず)・印(しるし)、またそのようなものを付ける、「汚点(オテン)」◆小さく狭く限られた場所・範囲・位置・事柄、「地点(チテン); 数:◆かず、同種のもの(繰り返されるもの)の多少を表す語◆かぞ・える、一つ二つ(一回二回)と計算する、またその多少◆細かい、煩(わずら)わしい◆しばしば、同じことを,N3,on,on+on,,点:◆小さな(黒い)染(し)み・瑕(きず)・印(しるし)、またそのようなものを付ける、「汚点(オテン)」◆小さく狭く限られた場所・範囲・位置・事柄、「地点(チテン); 数:◆かず、同種のもの(繰り返されるもの)の多少を表す語◆かぞ・える、一つ二つ(一回二回)と計算する、またその多少◆細かい、煩(わずら)わしい◆しばしば、同じことを
kk_無し_なし,無し,なし,無:◆ない、存在しない、有(ゆう)していない◆～ではない、～であってはならない◆簡「无」,N3,kun,kun,IL1_okurigana(kun 96%) | IL2_single_okuri(kun 96%),無:◆ない、存在しない、有(ゆう)していない◆～ではない、～であってはならない◆簡「无」
kk_無事_ぶじ,無事,ぶじ,無:◆ない、存在しない、有(ゆう)していない◆～ではない、～であってはならない◆簡「无」; 事:◆こと、動作・現象・状態など形のないものを指す語、形のあるものは「物」、「事情(ジジョウ、ことの様子)」「無事(ブジ、何事もないさま)」◆職(ショク)、仕事や役,N3,on,on+on,A3_short_compound(on+on 71%),無:◆ない、存在しない、有(ゆう)していない◆～ではない、～であってはならない◆簡「无」; 事:◆こと、動作・現象・状態など形のないものを指す語、形のあるものは「物」、「事情(ジジョウ、ことの様子)」「無事(ブジ、何事もないさま)」◆職(ショク)、仕事や役
kk_無地_むじ,無地,むじ,無:◆ない、存在しない、有(ゆう)していない◆～ではない、～であってはならない◆簡「无」; 地:◆重い陰気が(下に沈み)集まるところ、万物が居並ぶ(存在する)ところ、軽い陽気が(上に浮き)集まるところを「天(テン)」、「【說文解字注:土部:地】元气初分輕清,N3,on,on+on,A3_short_compound(on+on 71%),無:◆ない、存在しない、有(ゆう)していない◆～ではない、～であってはならない◆簡「无」; 地:◆重い陰気が(下に沈み)集まるところ、万物が居並ぶ(存在する)ところ、軽い陽気が(上に浮き)集まるところを「天(テン)」、「【說文解字注:土部:地】元气初分輕清
kk_無料_むりょう,無料,むりょう,無:◆ない、存在しない、有(ゆう)していない◆～ではない、～であってはならない◆簡「无」; 料:◆升(ます、枡)で米などの物の嵩(かさ)を量(はか)る◆人や物の資質(シシツ)を量る、推(お)し量る、見当を付ける◆ものを作る際に量を決めて使うもの、それを使っ,N3,on,on+on,A3_short_compound(on+on 71%),無:◆ない、存在しない、有(ゆう)していない◆～ではない、～であってはならない◆簡「无」; 料:◆升(ます、枡)で米などの物の嵩(かさ)を量(はか)る◆人や物の資質(シシツ)を量る、推(お)し量る、見当を付ける◆ものを作る際に量を決めて使うもの、それを使っ
kk_無視_むし,無視,むし,無:◆ない、存在しない、有(ゆう)していない◆～ではない、～であってはならない◆簡「无」; 視:◆(自然に目に入ってきたものではなく、見ようとするものに視線を向けて)見る、よく見る、注意深く見る、よく比べながら見る◆見守る、見守り世話する◆示(しめ)す、は,N3,on,on+on,A3_short_compound(on+on 71%),無:◆ない、存在しない、有(ゆう)していない◆～ではない、～であってはならない◆簡「无」; 視:◆(自然に目に入ってきたものではなく、見ようとするものに視線を向けて)見る、よく見る、注意深く見る、よく比べながら見る◆見守る、見守り世話する◆示(しめ)す、は
kk_無責任_むせきにん,無責任,むせきにん,無:◆ない、存在しない、有(ゆう)していない◆～ではない、～であってはならない◆簡「无」; 責:◆強く求められる務(つと)め、果たすべきこと、為(な)すべきこと◆(果たすべきことを果たすよう)強く求める、(為すべきことを為さないことを)厳(きび)しく咎(と; 任:◆役目や仕事を与える、また委(ゆだ)ねる、また託(たく)す、「任命(ニンメイ)」◆(仕事を託し、その)扱いをその人の裁量(サイリョウ)に委ねる、「放任(ホウニン,N3,on,on+on+on,A4_multi_on(on+on+on 65%),無:◆ない、存在しない、有(ゆう)していない◆～ではない、～であってはならない◆簡「无」; 責:◆強く求められる務(つと)め、果たすべきこと、為(な)すべきこと◆(果たすべきことを果たすよう)強く求める、(為すべきことを為さないことを)厳(きび)しく咎(と; 任:◆役目や仕事を与える、また委(ゆだ)ねる、また託(たく)す、「任命(ニンメイ)」◆(仕事を託し、その)扱いをその人の裁量(サイリョウ)に委ねる、「放任(ホウニン
kk_無関心_むかんしん,無関心,むかんしん,無:◆ない、存在しない、有(ゆう)していない◆～ではない、～であってはならない◆簡「无」; 関:◆閂(かんぬき)、扉を閉め内側から横に渡して扉が開かないようにするための横木、同「閞」◆門を閉じる、門を閉じて閂を掛ける◆国や領地などの周りを囲った境界に設けら; 心:◆血液を循環させる働きをする臓器で五臓(心シン・肝カン・脾ヒ・肺ハイ・腎ジン)の一つ ◆ものの真(ま)ん中、真ん中(中心)にあるもの、ものの重要な部分、ものの本,N3,on,on+on+on,A4_multi_on(on+on+on 65%),無:◆ない、存在しない、有(ゆう)していない◆～ではない、～であってはならない◆簡「无」; 関:◆閂(かんぬき)、扉を閉め内側から横に渡して扉が開かないようにするための横木、同「閞」◆門を閉じる、門を閉じて閂を掛ける◆国や領地などの周りを囲った境界に設けら; 心:◆血液を循環させる働きをする臓器で五臓(心シン・肝カン・脾ヒ・肺ハイ・腎ジン)の一つ ◆ものの真(ま)ん中、真ん中(中心)にあるもの、ものの重要な部分、ものの本
kk_無駄遣い_むだづかい,無駄遣い,むだづかい,無:◆ない、存在しない、有(ゆう)していない◆～ではない、～であってはならない◆簡「无」; 駄:◆牛馬などの家畜の背に荷物を載せる、同「駝」◆牛馬などに背負わせる荷物◆[日]あまり役に立たない、あまり値打ちがない、「荷物の運搬用にしか使えない馬」の意; 遣:◆人を行かせる、差し向ける、「派遣(ハケン)」◆追いやる、追い払う◆人や物を送る◆死者を葬(ほうむ)る際に共に埋葬する副葬品、「遣車(ケンシャ、副葬品を載せる車,N3,on,mixed+on+mixed~,IL1_okurigana(kun 96%) | A1_compound_oku(kun 90%) | A1_on_kun_mix(on+kun 65%),無:◆ない、存在しない、有(ゆう)していない◆～ではない、～であってはならない◆簡「无」; 駄:◆牛馬などの家畜の背に荷物を載せる、同「駝」◆牛馬などに背負わせる荷物◆[日]あまり役に立たない、あまり値打ちがない、「荷物の運搬用にしか使えない馬」の意; 遣:◆人を行かせる、差し向ける、「派遣(ハケン)」◆追いやる、追い払う◆人や物を送る◆死者を葬(ほうむ)る際に共に埋葬する副葬品、「遣車(ケンシャ、副葬品を載せる車
kk_然も/而も_しかも,然も/而も,しかも,然:◆燃やす、火で焼く、「イヌ(犬、狗)の肉(月)を燃やす(灬)」の意、同「燃」◆～のような、～のように◆しか・も、その上に、それでも◆しか・り、その通り、yes◆; 而:◆しか・して、しこう・して、～して～、こうして～、そうして～、「【論語:學而】学而時習之(学びて時に習う)」◆しか・も、その上に～、それなのに～、「【論語:學而,N3,kun,kun+kun~,IL1_okurigana(kun 96%) | A1_compound_oku(kun 90%) | A1_on_kun_mix(on+kun 65%),然:◆燃やす、火で焼く、「イヌ(犬、狗)の肉(月)を燃やす(灬)」の意、同「燃」◆～のような、～のように◆しか・も、その上に、それでも◆しか・り、その通り、yes◆; 而:◆しか・して、しこう・して、～して～、こうして～、そうして～、「【論語:學而】学而時習之(学びて時に習う)」◆しか・も、その上に～、それなのに～、「【論語:學而
kk_焼けど/火傷_やけど,焼けど/火傷,やけど,焼:◆火をつける、火つけて燃やす、火の中にものを入れて燃やす、ものが熱せられて炎や煙が立ち昇る◆[日]あれこれと進んで人に尽くす; 火:◆ものが燃える時に発生する光や色や炎や熱など◆ものが赤々と燃える、また焼く◆(火が勢いよく燃えるように、また顔を紅潮させて)怒る、(火が弾けるように)突然怒り出; 傷:◆体やものの一部が損(そこ)なわれる、一部が欠(か)けたり裂(さ)けたり破(やぶ)れたりする、怪我(けが)をする、またそのような箇所(カショ)◆(傷のようにずき,N3,other,mixed+mixed+mixed~,IL1_okurigana(kun 96%) | A1_compound_oku(kun 90%) | A1_on_kun_mix(on+kun 65%),焼:◆火をつける、火つけて燃やす、火の中にものを入れて燃やす、ものが熱せられて炎や煙が立ち昇る◆[日]あれこれと進んで人に尽くす; 火:◆ものが燃える時に発生する光や色や炎や熱など◆ものが赤々と燃える、また焼く◆(火が勢いよく燃えるように、また顔を紅潮させて)怒る、(火が弾けるように)突然怒り出; 傷:◆体やものの一部が損(そこ)なわれる、一部が欠(か)けたり裂(さ)けたり破(やぶ)れたりする、怪我(けが)をする、またそのような箇所(カショ)◆(傷のようにずき
kk_煙_けむり,煙,けむり,煙:◆ものが燃える時に発生する気体や微粒子◆煤(すす)、煙の粒子が飛散せずに黒く溜(た)まったもの◆空中を大量の微粒子が浮遊することによって霞(かす)むさま、またぼ,N3,kun,kun,IL2_single_default(kun 84%),煙:◆ものが燃える時に発生する気体や微粒子◆煤(すす)、煙の粒子が飛散せずに黒く溜(た)まったもの◆空中を大量の微粒子が浮遊することによって霞(かす)むさま、またぼ
kk_煙い_けむい,煙い,けむい,煙:◆ものが燃える時に発生する気体や微粒子◆煤(すす)、煙の粒子が飛散せずに黒く溜(た)まったもの◆空中を大量の微粒子が浮遊することによって霞(かす)むさま、またぼ,N3,kun,kun,IL1_okurigana(kun 96%) | IL2_single_okuri(kun 96%),煙:◆ものが燃える時に発生する気体や微粒子◆煤(すす)、煙の粒子が飛散せずに黒く溜(た)まったもの◆空中を大量の微粒子が浮遊することによって霞(かす)むさま、またぼ
kk_煮る_にる,煮る,にる,煮:◆食材に湯水を加え火にかけ熱を通す,N3,kun,kun,IL1_okurigana(kun 96%) | IL2_single_okuri(kun 96%),煮:◆食材に湯水を加え火にかけ熱を通す
kk_燃やす_もやす,燃やす,もやす,燃:◆火で熱せられて炎が立ち昇る、単に火で熱するのは「焼」、同「然」¶古くは「イヌ(犬、狗)の肉(月)を燃やす(灬)」の意で「然」が用いられたが、「然」が専ら「しか,N3,kun,kun,IL1_okurigana(kun 96%) | IL2_single_okuri(kun 96%),燃:◆火で熱せられて炎が立ち昇る、単に火で熱するのは「焼」、同「然」¶古くは「イヌ(犬、狗)の肉(月)を燃やす(灬)」の意で「然」が用いられたが、「然」が専ら「しか
kk_爪_つめ,爪,つめ,爪:◆手足の指先の硬(かた)い部分、鳥獣の手足の先の硬い部分◆指先で掴(つか)み取る、抓(つま)み取る◆つめ、つめかんむり、つめがしら、部首名,N3,kun,kun,IL2_single_default(kun 84%),爪:◆手足の指先の硬(かた)い部分、鳥獣の手足の先の硬い部分◆指先で掴(つか)み取る、抓(つま)み取る◆つめ、つめかんむり、つめがしら、部首名
kk_片手_かたて,片手,かたて,片:◆切って(切り開いて、切り裂いて)薄く広げたもの、薄く平らなもの◆大きなものを小さく分けたその一つ、小さいもの◆少しであるさま、僅(わず)かなさま、「片言(ヘン; 手:◆体や物体の一部で、胴から分かれ出て伸び、持つ・握る・叩く・ものを作る・操作するなどの機能を持つ部分、掌(たなごころ)と指を合わせた全体、腕の先の部分 ◆自(み,N3,kun,kun+kun~,A3_short_compound(on+on 71%) | B_verb_rad_手(kun 80%),片:◆切って(切り開いて、切り裂いて)薄く広げたもの、薄く平らなもの◆大きなものを小さく分けたその一つ、小さいもの◆少しであるさま、僅(わず)かなさま、「片言(ヘン; 手:◆体や物体の一部で、胴から分かれ出て伸び、持つ・握る・叩く・ものを作る・操作するなどの機能を持つ部分、掌(たなごころ)と指を合わせた全体、腕の先の部分 ◆自(み
kk_片道_かたみち,片道,かたみち,片:◆切って(切り開いて、切り裂いて)薄く広げたもの、薄く平らなもの◆大きなものを小さく分けたその一つ、小さいもの◆少しであるさま、僅(わず)かなさま、「片言(ヘン; 道:◆出発地から目的地へ通じている路(みち)、人や動物などが往来する通り路、「道路(ドウロ)」、同「路」◆目的を達するための経路、手順や方法◆導(みちび)く、手引き,N3,kun,kun+kun~,,片:◆切って(切り開いて、切り裂いて)薄く広げたもの、薄く平らなもの◆大きなものを小さく分けたその一つ、小さいもの◆少しであるさま、僅(わず)かなさま、「片言(ヘン; 道:◆出発地から目的地へ通じている路(みち)、人や動物などが往来する通り路、「道路(ドウロ)」、同「路」◆目的を達するための経路、手順や方法◆導(みちび)く、手引き
kk_牛_うし,牛,うし,牛:◆ウシ(牛)、ウシ目の哺乳類の総称、特に家畜のウシを指す◆(牛のように)強情な、傲慢な◆二十八宿北方玄武ゲンブの第二星 ◆「牛蒡(ゴボウ)」、キク科ゴボウ属の草,N3,kun,kun,IL2_single_default(kun 84%) | B_noun_rad_牛(kun 93%),牛:◆ウシ(牛)、ウシ目の哺乳類の総称、特に家畜のウシを指す◆(牛のように)強情な、傲慢な◆二十八宿北方玄武ゲンブの第二星 ◆「牛蒡(ゴボウ)」、キク科ゴボウ属の草
kk_物事_ものごと,物事,ものごと,物:◆(天地の間に存在する)人以外の形のあるもの、人は「者」、形のないものは「事」; 事:◆こと、動作・現象・状態など形のないものを指す語、形のあるものは「物」、「事情(ジジョウ、ことの様子)」「無事(ブジ、何事もないさま)」◆職(ショク)、仕事や役,N3,other,mixed+mixed~,B_noun_rad_牛(kun 93%),物:◆(天地の間に存在する)人以外の形のあるもの、人は「者」、形のないものは「事」; 事:◆こと、動作・現象・状態など形のないものを指す語、形のあるものは「物」、「事情(ジジョウ、ことの様子)」「無事(ブジ、何事もないさま)」◆職(ショク)、仕事や役
kk_物価_ぶっか,物価,ぶっか,物:◆(天地の間に存在する)人以外の形のあるもの、人は「者」、形のないものは「事」; 価:◆ものを売り渡しても買い取っても損はないと考える値段(ねだん)、ものの値打ち◆それがどの程度であるかを評価した結果示される値(あたい),N3,on,on+on,A3_short_compound(on+on 71%) | B_noun_rad_牛(kun 93%),物:◆(天地の間に存在する)人以外の形のあるもの、人は「者」、形のないものは「事」; 価:◆ものを売り渡しても買い取っても損はないと考える値段(ねだん)、ものの値打ち◆それがどの程度であるかを評価した結果示される値(あたい)
kk_物凄い_ものすごい,物凄い,ものすごい,物:◆(天地の間に存在する)人以外の形のあるもの、人は「者」、形のないものは「事」; 凄:◆冷たく寒いさま、冷たさ寒さが甚(はなは)だしいさま、骨身にこたえるさま、同「淒」,N3,kun,kun+kun,IL1_okurigana(kun 96%) | A1_compound_oku(kun 90%) | A1_on_kun_mix(on+kun 65%),物:◆(天地の間に存在する)人以外の形のあるもの、人は「者」、形のないものは「事」; 凄:◆冷たく寒いさま、冷たさ寒さが甚(はなは)だしいさま、骨身にこたえるさま、同「淒」
kk_物理_ぶつり,物理,ぶつり,物:◆(天地の間に存在する)人以外の形のあるもの、人は「者」、形のないものは「事」; 理:◆玉(ギョク、大変美しい石)の筋目(すじめ)、規則正しく並んだ筋目◆物事の正しい筋道◆筋道を立てる、また立っている、筋を通す、また通っている◆筋道に沿って判断す,N3,on,on+on,A3_short_compound(on+on 71%) | B_noun_rad_牛(kun 93%),物:◆(天地の間に存在する)人以外の形のあるもの、人は「者」、形のないものは「事」; 理:◆玉(ギョク、大変美しい石)の筋目(すじめ)、規則正しく並んだ筋目◆物事の正しい筋道◆筋道を立てる、また立っている、筋を通す、また通っている◆筋道に沿って判断す
kk_物語_ものがたり,物語,ものがたり,物:◆(天地の間に存在する)人以外の形のあるもの、人は「者」、形のないものは「事」; 語:◆他に向かって述べる、また告げる、考えや思い・言い伝えなどを話す◆意味を持つ言葉、話(はなし),N3,other,mixed+mixed~,B_noun_rad_牛(kun 93%) | B_verb_rad_言(kun 80%),物:◆(天地の間に存在する)人以外の形のあるもの、人は「者」、形のないものは「事」; 語:◆他に向かって述べる、また告げる、考えや思い・言い伝えなどを話す◆意味を持つ言葉、話(はなし)
kk_物音_ものおと,物音,ものおと,物:◆(天地の間に存在する)人以外の形のあるもの、人は「者」、形のないものは「事」; 音:◆聴覚で認識できるものの総称、特に楽器のもの、高低強弱などの抑揚がある音が連続し全体として意味を持つものを「声」◆耳に届いて来るもの、便り◆[日]漢字の中国伝来,N3,kun,kun+kun~,B_noun_rad_牛(kun 93%),物:◆(天地の間に存在する)人以外の形のあるもの、人は「者」、形のないものは「事」; 音:◆聴覚で認識できるものの総称、特に楽器のもの、高低強弱などの抑揚がある音が連続し全体として意味を持つものを「声」◆耳に届いて来るもの、便り◆[日]漢字の中国伝来
kk_特徴_とくちょう,特徴,とくちょう,特:◆牡牛(おすうし)、祭礼の際の犠牲(ギセイ、生贄いけにえ)として選ばれるひときわ立派な牡牛、同「犆」「𤙰」◆際立(きわだ)っている、抜きん出ている、非常に◆それ; 徴:◆(埋もれていた人物を)召(め)し出す、召し寄せる、(税などを)取り立てる、同「征」◆求める、要求する◆(それまで隠れていたり目に付かないところにあったものが),N3,on,on+on,B_noun_rad_牛(kun 93%),特:◆牡牛(おすうし)、祭礼の際の犠牲(ギセイ、生贄いけにえ)として選ばれるひときわ立派な牡牛、同「犆」「𤙰」◆際立(きわだ)っている、抜きん出ている、非常に◆それ; 徴:◆(埋もれていた人物を)召(め)し出す、召し寄せる、(税などを)取り立てる、同「征」◆求める、要求する◆(それまで隠れていたり目に付かないところにあったものが)
kk_特色_とくしょく,特色,とくしょく,特:◆牡牛(おすうし)、祭礼の際の犠牲(ギセイ、生贄いけにえ)として選ばれるひときわ立派な牡牛、同「犆」「𤙰」◆際立(きわだ)っている、抜きん出ている、非常に◆それ; 色:◆視覚によって認識するものの内、形状以外のもの、(特に顔の)表情、彩(いろどり)り、具合(ぐあい)、様子◆男女間の情欲(ジョウヨク)◆種類、二色=二種類◆いろ、,N3,on,on+on,B_noun_rad_牛(kun 93%),特:◆牡牛(おすうし)、祭礼の際の犠牲(ギセイ、生贄いけにえ)として選ばれるひときわ立派な牡牛、同「犆」「𤙰」◆際立(きわだ)っている、抜きん出ている、非常に◆それ; 色:◆視覚によって認識するものの内、形状以外のもの、(特に顔の)表情、彩(いろどり)り、具合(ぐあい)、様子◆男女間の情欲(ジョウヨク)◆種類、二色=二種類◆いろ、
kk_特長_とくちょう,特長,とくちょう,特:◆牡牛(おすうし)、祭礼の際の犠牲(ギセイ、生贄いけにえ)として選ばれるひときわ立派な牡牛、同「犆」「𤙰」◆際立(きわだ)っている、抜きん出ている、非常に◆それ; 長:◆距離や時間などが途切れることなく連なっている、離れたところまでずぅっと続いている、途切れなく続いているものの二点(両端)が大きく隔(へだ)たっている、またその,N3,on,on+on,B_noun_rad_牛(kun 93%),特:◆牡牛(おすうし)、祭礼の際の犠牲(ギセイ、生贄いけにえ)として選ばれるひときわ立派な牡牛、同「犆」「𤙰」◆際立(きわだ)っている、抜きん出ている、非常に◆それ; 長:◆距離や時間などが途切れることなく連なっている、離れたところまでずぅっと続いている、途切れなく続いているものの二点(両端)が大きく隔(へだ)たっている、またその
kk_犯す_おかす,犯す,おかす,犯:◆入るべきところではないところに入り込む、決められた範囲を越える◆守るべきことを守らない、法律や命令などを破る,N3,kun,kun,IL1_okurigana(kun 96%) | IL2_single_okuri(kun 96%),犯:◆入るべきところではないところに入り込む、決められた範囲を越える◆守るべきことを守らない、法律や命令などを破る
kk_犯罪_はんざい,犯罪,はんざい,犯:◆入るべきところではないところに入り込む、決められた範囲を越える◆守るべきことを守らない、法律や命令などを破る; 罪:◆魚を獲(と)るための竹製の網◆法(ホウ)を犯す、法に反する、またそのような行為、罰せられるべき過(あやま)ち、またそのような行為をした者、またそのような者を罰,N3,on,on+on,,犯:◆入るべきところではないところに入り込む、決められた範囲を越える◆守るべきことを守らない、法律や命令などを破る; 罪:◆魚を獲(と)るための竹製の網◆法(ホウ)を犯す、法に反する、またそのような行為、罰せられるべき過(あやま)ち、またそのような行為をした者、またそのような者を罰
kk_状態_じょうたい,状態,じょうたい,状:◆形、姿形(すがたかたち)、有様(ありさま)、情況(ジョウキョウ)、様子(ヨウシ、ようす)◆様子を述べる、言い表す、またその文書や手紙; 態:◆心中の思いや考えなどが表に(体の動きになって)現れ出る、またその様子、「態度(タイド)」、「【說文解字注:心部:態】意態也(…意態者有是意因有是狀故曰意態…),N3,on,on+on,,状:◆形、姿形(すがたかたち)、有様(ありさま)、情況(ジョウキョウ)、様子(ヨウシ、ようす)◆様子を述べる、言い表す、またその文書や手紙; 態:◆心中の思いや考えなどが表に(体の動きになって)現れ出る、またその様子、「態度(タイド)」、「【說文解字注:心部:態】意態也(…意態者有是意因有是狀故曰意態…)
kk_状況_じょうきょう,状況,じょうきょう,状:◆形、姿形(すがたかたち)、有様(ありさま)、情況(ジョウキョウ)、様子(ヨウシ、ようす)◆様子を述べる、言い表す、またその文書や手紙; 況:◆様子、有様(ありさま)、状態◆他と比べる、他の例を引く、譬(たと)える、「【前漢書:卷十六:高惠高后文功臣表】…以往況今甚可悲傷(師古曰況譬也)…」◆いわ・ん,N3,on,on+on,,状:◆形、姿形(すがたかたち)、有様(ありさま)、情況(ジョウキョウ)、様子(ヨウシ、ようす)◆様子を述べる、言い表す、またその文書や手紙; 況:◆様子、有様(ありさま)、状態◆他と比べる、他の例を引く、譬(たと)える、「【前漢書:卷十六:高惠高后文功臣表】…以往況今甚可悲傷(師古曰況譬也)…」◆いわ・ん
kk_狡い_ずるい,狡い,ずるい,狡:◆小形の犬◆すばしこい(すばしっこい)、素早い◆(悪さをする犬を追おうとすると)するりと身を躱(かわ)してうまく逃げる、(不都合なことを)身を躱して避ける、(不,N3,kun,kun,IL1_okurigana(kun 96%) | IL2_single_okuri(kun 96%),狡:◆小形の犬◆すばしこい(すばしっこい)、素早い◆(悪さをする犬を追おうとすると)するりと身を躱(かわ)してうまく逃げる、(不都合なことを)身を躱して避ける、(不
kk_独特_どくとく,独特,どくとく,独:◆一人、一人だけ◆一つ、ただ一つ; 特:◆牡牛(おすうし)、祭礼の際の犠牲(ギセイ、生贄いけにえ)として選ばれるひときわ立派な牡牛、同「犆」「𤙰」◆際立(きわだ)っている、抜きん出ている、非常に◆それ,N3,on,on+on,B_noun_rad_牛(kun 93%),独:◆一人、一人だけ◆一つ、ただ一つ; 特:◆牡牛(おすうし)、祭礼の際の犠牲(ギセイ、生贄いけにえ)として選ばれるひときわ立派な牡牛、同「犆」「𤙰」◆際立(きわだ)っている、抜きん出ている、非常に◆それ
kk_独身_どくしん,独身,どくしん,独:◆一人、一人だけ◆一つ、ただ一つ; 身:◆(頭部を除いた)体(からだ)、躯体(クタイ)、同「躯」「躬」◆中に含まれているもの、また入っているもの、本体◆人の一生、命(いのち)◆吾(われ)、我(わ)が、,N3,on,on+on,,独:◆一人、一人だけ◆一つ、ただ一つ; 身:◆(頭部を除いた)体(からだ)、躯体(クタイ)、同「躯」「躬」◆中に含まれているもの、また入っているもの、本体◆人の一生、命(いのち)◆吾(われ)、我(わ)が、
kk_猛暑_もうしょ,猛暑,もうしょ,猛:◆体力・気力が漲(みなぎ)っているさま、「勇猛(ユウモウ)」◆気性(キショウ)や勢いが激しい、脅(おび)えや恐れを覚える程に荒々しい、「猛烈(モウレツ)」; 暑:◆太陽の熱によって気温が高くなる、またそのような季節、火によって温度が高くなるのは「熱」,N3,on,on+on,A3_short_compound(on+on 71%),猛:◆体力・気力が漲(みなぎ)っているさま、「勇猛(ユウモウ)」◆気性(キショウ)や勢いが激しい、脅(おび)えや恐れを覚える程に荒々しい、「猛烈(モウレツ)」; 暑:◆太陽の熱によって気温が高くなる、またそのような季節、火によって温度が高くなるのは「熱」
kk_猿_さる,猿,さる,猿:◆サル目(<i>Primates</i>、霊長類)のうちヒト(人、<i>Hominidae</i>)以外の霊長類の称、同「𤠔」「𤝌」,N3,kun,kun,IL2_single_default(kun 84%),猿:◆サル目(<i>Primates</i>、霊長類)のうちヒト(人、<i>Hominidae</i>)以外の霊長類の称、同「𤠔」「𤝌」
kk_玉_たま,玉,たま,玉:◆ぎょく、光沢と透明感があり堅く色や彩(あや、いろどり)が美しく音が涼やかな最も高貴とされた宝石、特定の鉱石を指すものではなく、「硬玉(コウギョク、ジェィダイト,N3,kun,kun,IL2_single_default(kun 84%),玉:◆ぎょく、光沢と透明感があり堅く色や彩(あや、いろどり)が美しく音が涼やかな最も高貴とされた宝石、特定の鉱石を指すものではなく、「硬玉(コウギョク、ジェィダイト
kk_玉葱_たまねぎ,玉葱,たまねぎ,玉:◆ぎょく、光沢と透明感があり堅く色や彩(あや、いろどり)が美しく音が涼やかな最も高貴とされた宝石、特定の鉱石を指すものではなく、「硬玉(コウギョク、ジェィダイト; 葱:◆ネギ(葱)、ヒガンバナ科ネギ属の野菜、またネギ属の植物の称 ◆緑がかった青色,N3,kun,kun+kun~,,玉:◆ぎょく、光沢と透明感があり堅く色や彩(あや、いろどり)が美しく音が涼やかな最も高貴とされた宝石、特定の鉱石を指すものではなく、「硬玉(コウギョク、ジェィダイト; 葱:◆ネギ(葱)、ヒガンバナ科ネギ属の野菜、またネギ属の植物の称 ◆緑がかった青色
kk_王子_おうじ,王子,おうじ,王:◆天下を統治する者、またその一族、「三つの横棒はそれぞれ天人地を表しそれらを纏め治める者」の意◆国を治める者、秦代以降は国の統治者を「皇帝」と呼び皇帝によって与; 子:◆母親から産まれるもの、古くは男女を問わず「子」といったが、現代中国では男の子(息子)を指す◆新しく産まれる(生まれる)ものの元となるもの、植物の種や実、動物の,N3,on,on+mixed~,A3_short_compound(on+on 71%),王:◆天下を統治する者、またその一族、「三つの横棒はそれぞれ天人地を表しそれらを纏め治める者」の意◆国を治める者、秦代以降は国の統治者を「皇帝」と呼び皇帝によって与; 子:◆母親から産まれるもの、古くは男女を問わず「子」といったが、現代中国では男の子(息子)を指す◆新しく産まれる(生まれる)ものの元となるもの、植物の種や実、動物の
kk_現す_あらわす,現す,あらわす,現:◆それまで見えなかったものが見えるようになる、隠れていたものが表に出てくる◆目の前の、目の前にある、実際の、実際にそこにある◆今の、今ここにある,N3,kun,kun,IL1_okurigana(kun 96%) | IL2_single_okuri(kun 96%),現:◆それまで見えなかったものが見えるようになる、隠れていたものが表に出てくる◆目の前の、目の前にある、実際の、実際にそこにある◆今の、今ここにある
kk_現れる_あらわれる,現れる,あらわれる,現:◆それまで見えなかったものが見えるようになる、隠れていたものが表に出てくる◆目の前の、目の前にある、実際の、実際にそこにある◆今の、今ここにある,N3,kun,kun,IL1_okurigana(kun 96%) | IL2_single_okuri(kun 96%),現:◆それまで見えなかったものが見えるようになる、隠れていたものが表に出てくる◆目の前の、目の前にある、実際の、実際にそこにある◆今の、今ここにある
kk_現代_げんだい,現代,げんだい,現:◆それまで見えなかったものが見えるようになる、隠れていたものが表に出てくる◆目の前の、目の前にある、実際の、実際にそこにある◆今の、今ここにある; 代:◆替(か)える、それまでのもの(今あるもの)を別のものに替える、入れ替える、また入れ替わる◆同じ家主や国主がその地位にある期間、同じ種(シュ、起源を同じにするも,N3,on,on+on,,現:◆それまで見えなかったものが見えるようになる、隠れていたものが表に出てくる◆目の前の、目の前にある、実際の、実際にそこにある◆今の、今ここにある; 代:◆替(か)える、それまでのもの(今あるもの)を別のものに替える、入れ替える、また入れ替わる◆同じ家主や国主がその地位にある期間、同じ種(シュ、起源を同じにするも
kk_現在_げんざい,現在,げんざい,現:◆それまで見えなかったものが見えるようになる、隠れていたものが表に出てくる◆目の前の、目の前にある、実際の、実際にそこにある◆今の、今ここにある; 在:◆そこに居(い)る、同じ状態で一定のところに留(とど)まっている、またその場所◆～に於(お)いて、～(場所)で(at),N3,on,on+on,,現:◆それまで見えなかったものが見えるようになる、隠れていたものが表に出てくる◆目の前の、目の前にある、実際の、実際にそこにある◆今の、今ここにある; 在:◆そこに居(い)る、同じ状態で一定のところに留(とど)まっている、またその場所◆～に於(お)いて、～(場所)で(at)
kk_現実_げんじつ,現実,げんじつ,現:◆それまで見えなかったものが見えるようになる、隠れていたものが表に出てくる◆目の前の、目の前にある、実際の、実際にそこにある◆今の、今ここにある; 実:◆蓄(たくわ)えが家に満ちているさま◆隙間なく詰まって虚(うつ)ろなところがないさま◆ぎっしりと詰まった中身、草木などの稔(みの)って中がぎっしりと詰まったもの,N3,on,on+on,B_noun_rad_宀(kun 93%),現:◆それまで見えなかったものが見えるようになる、隠れていたものが表に出てくる◆目の前の、目の前にある、実際の、実際にそこにある◆今の、今ここにある; 実:◆蓄(たくわ)えが家に満ちているさま◆隙間なく詰まって虚(うつ)ろなところがないさま◆ぎっしりと詰まった中身、草木などの稔(みの)って中がぎっしりと詰まったもの
kk_現状_げんじょう,現状,げんじょう,現:◆それまで見えなかったものが見えるようになる、隠れていたものが表に出てくる◆目の前の、目の前にある、実際の、実際にそこにある◆今の、今ここにある; 状:◆形、姿形(すがたかたち)、有様(ありさま)、情況(ジョウキョウ)、様子(ヨウシ、ようす)◆様子を述べる、言い表す、またその文書や手紙,N3,on,on+on,,現:◆それまで見えなかったものが見えるようになる、隠れていたものが表に出てくる◆目の前の、目の前にある、実際の、実際にそこにある◆今の、今ここにある; 状:◆形、姿形(すがたかたち)、有様(ありさま)、情況(ジョウキョウ)、様子(ヨウシ、ようす)◆様子を述べる、言い表す、またその文書や手紙
kk_現象_げんしょう,現象,げんしょう,現:◆それまで見えなかったものが見えるようになる、隠れていたものが表に出てくる◆目の前の、目の前にある、実際の、実際にそこにある◆今の、今ここにある; 象:◆ゾウ(象)、ゾウ科の哺乳類、また同科の哺乳類の称◆もの(者や物)の姿形(すがたかたち)、同「像」◆もの(者や物)の姿形に似せる、また似る、また似せて作ったもの,N3,on,on+on,,現:◆それまで見えなかったものが見えるようになる、隠れていたものが表に出てくる◆目の前の、目の前にある、実際の、実際にそこにある◆今の、今ここにある; 象:◆ゾウ(象)、ゾウ科の哺乳類、また同科の哺乳類の称◆もの(者や物)の姿形(すがたかたち)、同「像」◆もの(者や物)の姿形に似せる、また似る、また似せて作ったもの
kk_現金_げんきん,現金,げんきん,現:◆それまで見えなかったものが見えるようになる、隠れていたものが表に出てくる◆目の前の、目の前にある、実際の、実際にそこにある◆今の、今ここにある; 金:◆黄金・白銀・赤銅・青銅・青鉛・黒鉄などの総称、金属の総称◆(黄金のように)黄色い、輝く、美しい、貴重な、(金属のように)堅い◆金属製のもの◆銭(ぜに)、またそ,N3,on,on+on,B_noun_rad_金(kun 93%),現:◆それまで見えなかったものが見えるようになる、隠れていたものが表に出てくる◆目の前の、目の前にある、実際の、実際にそこにある◆今の、今ここにある; 金:◆黄金・白銀・赤銅・青銅・青鉛・黒鉄などの総称、金属の総称◆(黄金のように)黄色い、輝く、美しい、貴重な、(金属のように)堅い◆金属製のもの◆銭(ぜに)、またそ
kk_理科_りか,理科,りか,理:◆玉(ギョク、大変美しい石)の筋目(すじめ)、規則正しく並んだ筋目◆物事の正しい筋道◆筋道を立てる、また立っている、筋を通す、また通っている◆筋道に沿って判断す; 科:◆穀物の生産量や品質の良し悪しの程度を幾つかに区分し順に並べたもの、等級◆罪の軽重に従い量刑を定める、またそれを適用する(科する)◆分類し同等のものを一つに纏(,N3,on,on+on,A3_short_compound(on+on 71%),理:◆玉(ギョク、大変美しい石)の筋目(すじめ)、規則正しく並んだ筋目◆物事の正しい筋道◆筋道を立てる、また立っている、筋を通す、また通っている◆筋道に沿って判断す; 科:◆穀物の生産量や品質の良し悪しの程度を幾つかに区分し順に並べたもの、等級◆罪の軽重に従い量刑を定める、またそれを適用する(科する)◆分類し同等のものを一つに纏(
kk_理解_りかい,理解,りかい,理:◆玉(ギョク、大変美しい石)の筋目(すじめ)、規則正しく並んだ筋目◆物事の正しい筋道◆筋道を立てる、また立っている、筋を通す、また通っている◆筋道に沿って判断す; 解:◆一つになっているもの(固まっているもの)をばらばらにする、また柔らかくする、また融(と)かす、また和(やわ)らげる、「解散(カイサン)」「分解(ブンカイ)」◆,N3,on,on+on,A3_short_compound(on+on 71%),理:◆玉(ギョク、大変美しい石)の筋目(すじめ)、規則正しく並んだ筋目◆物事の正しい筋道◆筋道を立てる、また立っている、筋を通す、また通っている◆筋道に沿って判断す; 解:◆一つになっているもの(固まっているもの)をばらばらにする、また柔らかくする、また融(と)かす、また和(やわ)らげる、「解散(カイサン)」「分解(ブンカイ)」◆
kk_生_なま,生,なま,生:◆う・まれる、それまでになかった新しいものが現れ出る、また新しいことが起こる◆い・きる、成長し活動できる状態で存在する、またその状態◆なま、現れ出た時のそのまま,N3,kun,kun,IL2_single_default(kun 84%),生:◆う・まれる、それまでになかった新しいものが現れ出る、また新しいことが起こる◆い・きる、成長し活動できる状態で存在する、またその状態◆なま、現れ出た時のそのまま
kk_生き物_いきもの,生き物,いきもの,生:◆う・まれる、それまでになかった新しいものが現れ出る、また新しいことが起こる◆い・きる、成長し活動できる状態で存在する、またその状態◆なま、現れ出た時のそのまま; 物:◆(天地の間に存在する)人以外の形のあるもの、人は「者」、形のないものは「事」,N3,kun,kun+kun~,IL1_okurigana(kun 96%) | A1_compound_oku(kun 90%) | A1_on_kun_mix(on+kun 65%),生:◆う・まれる、それまでになかった新しいものが現れ出る、また新しいことが起こる◆い・きる、成長し活動できる状態で存在する、またその状態◆なま、現れ出た時のそのまま; 物:◆(天地の間に存在する)人以外の形のあるもの、人は「者」、形のないものは「事」
kk_生き生き_いきいき,生き生き,いきいき,生:◆う・まれる、それまでになかった新しいものが現れ出る、また新しいことが起こる◆い・きる、成長し活動できる状態で存在する、またその状態◆なま、現れ出た時のそのまま; 生:◆う・まれる、それまでになかった新しいものが現れ出る、また新しいことが起こる◆い・きる、成長し活動できる状態で存在する、またその状態◆なま、現れ出た時のそのまま,N3,kun,kun+kun,IL1_okurigana(kun 96%) | A1_compound_oku(kun 90%) | A1_on_kun_mix(on+kun 65%),生:◆う・まれる、それまでになかった新しいものが現れ出る、また新しいことが起こる◆い・きる、成長し活動できる状態で存在する、またその状態◆なま、現れ出た時のそのまま; 生:◆う・まれる、それまでになかった新しいものが現れ出る、また新しいことが起こる◆い・きる、成長し活動できる状態で存在する、またその状態◆なま、現れ出た時のそのまま
kk_生け花_いけばな,生け花,いけばな,生:◆う・まれる、それまでになかった新しいものが現れ出る、また新しいことが起こる◆い・きる、成長し活動できる状態で存在する、またその状態◆なま、現れ出た時のそのまま; 花:◆種子植物の生殖のための器官、雌蕊(シズイ、めしべ)や雄蕊(ユウズイ、おしべ)やその外側にある部分を総じた名 ◆(花のように)美しいさま、華(はな)やかなさま、,N3,mixed,kun+on~,IL1_okurigana(kun 96%) | A1_compound_oku(kun 90%) | A1_on_kun_mix(on+kun 65%),生:◆う・まれる、それまでになかった新しいものが現れ出る、また新しいことが起こる◆い・きる、成長し活動できる状態で存在する、またその状態◆なま、現れ出た時のそのまま; 花:◆種子植物の生殖のための器官、雌蕊(シズイ、めしべ)や雄蕊(ユウズイ、おしべ)やその外側にある部分を総じた名 ◆(花のように)美しいさま、華(はな)やかなさま、
kk_生じる_しょうじる,生じる,しょうじる,生:◆う・まれる、それまでになかった新しいものが現れ出る、また新しいことが起こる◆い・きる、成長し活動できる状態で存在する、またその状態◆なま、現れ出た時のそのまま,N3,on,on,IL1_okurigana(kun 96%) | IL2_single_okuri(kun 96%),生:◆う・まれる、それまでになかった新しいものが現れ出る、また新しいことが起こる◆い・きる、成長し活動できる状態で存在する、またその状態◆なま、現れ出た時のそのまま
kk_生まれ_うまれ,生まれ,うまれ,生:◆う・まれる、それまでになかった新しいものが現れ出る、また新しいことが起こる◆い・きる、成長し活動できる状態で存在する、またその状態◆なま、現れ出た時のそのまま,N3,kun,kun,IL1_okurigana(kun 96%) | IL2_single_okuri(kun 96%),生:◆う・まれる、それまでになかった新しいものが現れ出る、また新しいことが起こる◆い・きる、成長し活動できる状態で存在する、またその状態◆なま、現れ出た時のそのまま
kk_生命_せいめい,生命,せいめい,生:◆う・まれる、それまでになかった新しいものが現れ出る、また新しいことが起こる◆い・きる、成長し活動できる状態で存在する、またその状態◆なま、現れ出た時のそのまま; 命:◆天や神から差し遣(さしつ)わされるもの、また授(さず)かるもの、「生命(セイメイ)」「寿命(ジュミョウ)」「運命(ウンメイ)」◆身分・地位が高い人や敬うべき人,N3,on,on+on,,生:◆う・まれる、それまでになかった新しいものが現れ出る、また新しいことが起こる◆い・きる、成長し活動できる状態で存在する、またその状態◆なま、現れ出た時のそのまま; 命:◆天や神から差し遣(さしつ)わされるもの、また授(さず)かるもの、「生命(セイメイ)」「寿命(ジュミョウ)」「運命(ウンメイ)」◆身分・地位が高い人や敬うべき人
kk_生地_きじ,生地,きじ,生:◆う・まれる、それまでになかった新しいものが現れ出る、また新しいことが起こる◆い・きる、成長し活動できる状態で存在する、またその状態◆なま、現れ出た時のそのまま; 地:◆重い陰気が(下に沈み)集まるところ、万物が居並ぶ(存在する)ところ、軽い陽気が(上に浮き)集まるところを「天(テン)」、「【說文解字注:土部:地】元气初分輕清,N3,mixed,kun+on~,A3_short_compound(on+on 71%),生:◆う・まれる、それまでになかった新しいものが現れ出る、また新しいことが起こる◆い・きる、成長し活動できる状態で存在する、またその状態◆なま、現れ出た時のそのまま; 地:◆重い陰気が(下に沈み)集まるところ、万物が居並ぶ(存在する)ところ、軽い陽気が(上に浮き)集まるところを「天(テン)」、「【說文解字注:土部:地】元气初分輕清
kk_生存_せいぞん,生存,せいぞん,生:◆う・まれる、それまでになかった新しいものが現れ出る、また新しいことが起こる◆い・きる、成長し活動できる状態で存在する、またその状態◆なま、現れ出た時のそのまま; 存:◆そこに在(あ)る、そこに居(い)る、同「侟」◆ながら･える、保つ、長く保ち続ける◆生きている、「存命(ゾンメイ)」◆無事かどうかを問う、気に掛かっていることを,N3,on,on+on,,生:◆う・まれる、それまでになかった新しいものが現れ出る、また新しいことが起こる◆い・きる、成長し活動できる状態で存在する、またその状態◆なま、現れ出た時のそのまま; 存:◆そこに在(あ)る、そこに居(い)る、同「侟」◆ながら･える、保つ、長く保ち続ける◆生きている、「存命(ゾンメイ)」◆無事かどうかを問う、気に掛かっていることを
kk_生年月日_せいねんがっぴ,生年月日,せいねんがっぴ,生:◆う・まれる、それまでになかった新しいものが現れ出る、また新しいことが起こる◆い・きる、成長し活動できる状態で存在する、またその状態◆なま、現れ出た時のそのまま; 年:◆穀物が稔(みの)る、同「秊」◆農作物を収穫してから次の収穫期までの期間、四季(二十四節気)を一巡する期間、year◆誕生してから生きてその誕生日を通り過ぎた回; 月:◆地球の衛星の名、太陰(タイイン)、「日」を「太陽」というのに対して月を「太陰」という◆一年をほぼ十二等分した期間、新月(月が見えなくなる日)から次の新月までの,N3,other,mixed+mixed+mixed+mixed~,A4_multi_on(on+on+on+on 65%),生:◆う・まれる、それまでになかった新しいものが現れ出る、また新しいことが起こる◆い・きる、成長し活動できる状態で存在する、またその状態◆なま、現れ出た時のそのまま; 年:◆穀物が稔(みの)る、同「秊」◆農作物を収穫してから次の収穫期までの期間、四季(二十四節気)を一巡する期間、year◆誕生してから生きてその誕生日を通り過ぎた回; 月:◆地球の衛星の名、太陰(タイイン)、「日」を「太陽」というのに対して月を「太陰」という◆一年をほぼ十二等分した期間、新月(月が見えなくなる日)から次の新月までの
kk_生意気_なまいき,生意気,なまいき,生:◆う・まれる、それまでになかった新しいものが現れ出る、また新しいことが起こる◆い・きる、成長し活動できる状態で存在する、またその状態◆なま、現れ出た時のそのまま; 意:◆心の中にあって外(言葉や態度・行動など)には出さない思いや考え、心の動きや働き、気持ち◆物事の内にあって表には現れ出ないもの、内に込められているもの; 気:◆中国古来の考えで、天地全ての事物の基本要素、目に見えず形状は一定しない、あらゆる事物の生死・盛衰などの変化・変動はこの「気」の移動・集散によるものと考えられた,N3,mixed,kun+on+on~,A4_multi_on(on+on+on 65%),生:◆う・まれる、それまでになかった新しいものが現れ出る、また新しいことが起こる◆い・きる、成長し活動できる状態で存在する、またその状態◆なま、現れ出た時のそのまま; 意:◆心の中にあって外(言葉や態度・行動など)には出さない思いや考え、心の動きや働き、気持ち◆物事の内にあって表には現れ出ないもの、内に込められているもの; 気:◆中国古来の考えで、天地全ての事物の基本要素、目に見えず形状は一定しない、あらゆる事物の生死・盛衰などの変化・変動はこの「気」の移動・集散によるものと考えられた
kk_生憎_あいにく,生憎,あいにく,生:◆う・まれる、それまでになかった新しいものが現れ出る、また新しいことが起こる◆い・きる、成長し活動できる状態で存在する、またその状態◆なま、現れ出た時のそのまま; 憎:◆嫌悪感(ケンオカン)や反感(ハンカン)を抱(いだ)く、嫌(きら)う,N3,kun,kun+kun~,,生:◆う・まれる、それまでになかった新しいものが現れ出る、また新しいことが起こる◆い・きる、成長し活動できる状態で存在する、またその状態◆なま、現れ出た時のそのまま; 憎:◆嫌悪感(ケンオカン)や反感(ハンカン)を抱(いだ)く、嫌(きら)う
kk_生物_せいぶつ,生物,せいぶつ,生:◆う・まれる、それまでになかった新しいものが現れ出る、また新しいことが起こる◆い・きる、成長し活動できる状態で存在する、またその状態◆なま、現れ出た時のそのまま; 物:◆(天地の間に存在する)人以外の形のあるもの、人は「者」、形のないものは「事」,N3,on,on+on,B_noun_rad_牛(kun 93%),生:◆う・まれる、それまでになかった新しいものが現れ出る、また新しいことが起こる◆い・きる、成長し活動できる状態で存在する、またその状態◆なま、現れ出た時のそのまま; 物:◆(天地の間に存在する)人以外の形のあるもの、人は「者」、形のないものは「事」
kk_生長_せいちょう,生長,せいちょう,生:◆う・まれる、それまでになかった新しいものが現れ出る、また新しいことが起こる◆い・きる、成長し活動できる状態で存在する、またその状態◆なま、現れ出た時のそのまま; 長:◆距離や時間などが途切れることなく連なっている、離れたところまでずぅっと続いている、途切れなく続いているものの二点(両端)が大きく隔(へだ)たっている、またその,N3,on,on+on,,生:◆う・まれる、それまでになかった新しいものが現れ出る、また新しいことが起こる◆い・きる、成長し活動できる状態で存在する、またその状態◆なま、現れ出た時のそのまま; 長:◆距離や時間などが途切れることなく連なっている、離れたところまでずぅっと続いている、途切れなく続いているものの二点(両端)が大きく隔(へだ)たっている、またその
kk_産地_さんち,産地,さんち,産:◆子を生む◆生まれ◆新たに(新たなものを)生み出す、作り出す、また生み出されたもの、「生産(セイサン)」◆土地や財物◆音孔が三つの籥(ヤク、縦笛)、籥よりも太く; 地:◆重い陰気が(下に沈み)集まるところ、万物が居並ぶ(存在する)ところ、軽い陽気が(上に浮き)集まるところを「天(テン)」、「【說文解字注:土部:地】元气初分輕清,N3,on,on+on,A3_short_compound(on+on 71%),産:◆子を生む◆生まれ◆新たに(新たなものを)生み出す、作り出す、また生み出されたもの、「生産(セイサン)」◆土地や財物◆音孔が三つの籥(ヤク、縦笛)、籥よりも太く; 地:◆重い陰気が(下に沈み)集まるところ、万物が居並ぶ(存在する)ところ、軽い陽気が(上に浮き)集まるところを「天(テン)」、「【說文解字注:土部:地】元气初分輕清
kk_由来_ゆらい,由来,ゆらい,由:◆基(もと)づく、因(よ)る、「経由(ケイユ)」「由来(ユライ)」◆～が元(もと)で、～によって、「原因(ゲンイン)」◆(～という結果に至った)訳(わけ)、経緯; 来:◆(人や時間や物事が)向こうからこちらに近づく、「到来(トウライ)」、同「倈」「徠」「逨」「𧼛」◆招き寄せる、「こちらに来させる」の意◆ある時点から今まで、今に,N3,on,on+on,A3_short_compound(on+on 71%) | B_noun_rad_木(kun 93%),由:◆基(もと)づく、因(よ)る、「経由(ケイユ)」「由来(ユライ)」◆～が元(もと)で、～によって、「原因(ゲンイン)」◆(～という結果に至った)訳(わけ)、経緯; 来:◆(人や時間や物事が)向こうからこちらに近づく、「到来(トウライ)」、同「倈」「徠」「逨」「𧼛」◆招き寄せる、「こちらに来させる」の意◆ある時点から今まで、今に
kk_申し訳ない_もうしわけない,申し訳ない,もうしわけない,申:◆さる、十二支の九番目、時刻では午後四時を中心とした二時間、方角では西南西、動物ではサル(猿)を当てる ◆伸ばす、折れたり曲がっているものをまっすぐにする、同「; 訳:◆言葉・文章や文字を、意味が通じるように(理解できるように、分かりやすいように)他の(別の)言葉・文章や文字に置き換える(言い換える)、またそれができる人(通訳,N3,kun,kun+kun~,IL1_okurigana(kun 96%) | A1_compound_oku(kun 90%) | A1_on_kun_mix(on+kun 65%),申:◆さる、十二支の九番目、時刻では午後四時を中心とした二時間、方角では西南西、動物ではサル(猿)を当てる ◆伸ばす、折れたり曲がっているものをまっすぐにする、同「; 訳:◆言葉・文章や文字を、意味が通じるように(理解できるように、分かりやすいように)他の(別の)言葉・文章や文字に置き換える(言い換える)、またそれができる人(通訳
kk_申し込み_もうしこみ,申し込み,もうしこみ,申:◆さる、十二支の九番目、時刻では午後四時を中心とした二時間、方角では西南西、動物ではサル(猿)を当てる ◆伸ばす、折れたり曲がっているものをまっすぐにする、同「; 込:◆[日]中に(内に、裏に、見えないところに)入(はい)る、入(い)れる,N3,kun,kun+kun~,IL1_okurigana(kun 96%) | A1_compound_oku(kun 90%) | A1_on_kun_mix(on+kun 65%),申:◆さる、十二支の九番目、時刻では午後四時を中心とした二時間、方角では西南西、動物ではサル(猿)を当てる ◆伸ばす、折れたり曲がっているものをまっすぐにする、同「; 込:◆[日]中に(内に、裏に、見えないところに)入(はい)る、入(い)れる
kk_申し込む_もうしこむ,申し込む,もうしこむ,申:◆さる、十二支の九番目、時刻では午後四時を中心とした二時間、方角では西南西、動物ではサル(猿)を当てる ◆伸ばす、折れたり曲がっているものをまっすぐにする、同「; 込:◆[日]中に(内に、裏に、見えないところに)入(はい)る、入(い)れる,N3,kun,kun+kun~,IL1_okurigana(kun 96%) | A1_compound_oku(kun 90%) | A1_on_kun_mix(on+kun 65%),申:◆さる、十二支の九番目、時刻では午後四時を中心とした二時間、方角では西南西、動物ではサル(猿)を当てる ◆伸ばす、折れたり曲がっているものをまっすぐにする、同「; 込:◆[日]中に(内に、裏に、見えないところに)入(はい)る、入(い)れる
kk_申込書_もうしこみしょ,申込書,もうしこみしょ,申:◆さる、十二支の九番目、時刻では午後四時を中心とした二時間、方角では西南西、動物ではサル(猿)を当てる ◆伸ばす、折れたり曲がっているものをまっすぐにする、同「; 込:◆[日]中に(内に、裏に、見えないところに)入(はい)る、入(い)れる; 書:◆文字を筆(聿)などで記(しる)す、著(あらわ)す、「書物(ショモツ)」「文書(ブンショ)」◆手紙、「書信(ショシン)」◆「書経(ショキョウ、別名尚書ショウショ,N3,mixed,kun+kun+on~,,申:◆さる、十二支の九番目、時刻では午後四時を中心とした二時間、方角では西南西、動物ではサル(猿)を当てる ◆伸ばす、折れたり曲がっているものをまっすぐにする、同「; 込:◆[日]中に(内に、裏に、見えないところに)入(はい)る、入(い)れる; 書:◆文字を筆(聿)などで記(しる)す、著(あらわ)す、「書物(ショモツ)」「文書(ブンショ)」◆手紙、「書信(ショシン)」◆「書経(ショキョウ、別名尚書ショウショ
kk_男子_だんし,男子,だんし,男:◆雄(ユウ、おす)としての特性を持つ人、女(雌めすとしての特性を持つ人)と対になる性の一方、「田畑で力仕事をする人」の意◆息子(むすこ)◆親に対しての息子の自称; 子:◆母親から産まれるもの、古くは男女を問わず「子」といったが、現代中国では男の子(息子)を指す◆新しく産まれる(生まれる)ものの元となるもの、植物の種や実、動物の,N3,on,on+on,A3_short_compound(on+on 71%),男:◆雄(ユウ、おす)としての特性を持つ人、女(雌めすとしての特性を持つ人)と対になる性の一方、「田畑で力仕事をする人」の意◆息子(むすこ)◆親に対しての息子の自称; 子:◆母親から産まれるもの、古くは男女を問わず「子」といったが、現代中国では男の子(息子)を指す◆新しく産まれる(生まれる)ものの元となるもの、植物の種や実、動物の
kk_画質_がしつ,画質,がしつ,画:◆筆で線を引く、また線を引いて区切る、同「划」◆漢字の線や点の数(画数)を数える語◆輪郭(リンカク)を描く◆事に先立って案を作る、計画する、同「図」◆絵、絵を描; 質:◆本来の、元々(もともと)の、「本質(ホンシツ)」◆本来のままであるさま、素(す)のままであるさま、「質素(シッソ)」◆そのものが持つ本来の価値や中身、また性格,N3,on,on+on,A3_short_compound(on+on 71%),画:◆筆で線を引く、また線を引いて区切る、同「划」◆漢字の線や点の数(画数)を数える語◆輪郭(リンカク)を描く◆事に先立って案を作る、計画する、同「図」◆絵、絵を描; 質:◆本来の、元々(もともと)の、「本質(ホンシツ)」◆本来のままであるさま、素(す)のままであるさま、「質素(シッソ)」◆そのものが持つ本来の価値や中身、また性格
kk_画面_がめん,画面,がめん,画:◆筆で線を引く、また線を引いて区切る、同「划」◆漢字の線や点の数(画数)を数える語◆輪郭(リンカク)を描く◆事に先立って案を作る、計画する、同「図」◆絵、絵を描; 面:◆顔(かお)、頭の目鼻口がある側◆顔を対象(タイショウ、目標や相手)に向ける、また向く◆(顔が)向いている側、向き、向いている方向◆ものの表(おもて)、前(まえ,N3,on,on+on,A3_short_compound(on+on 71%),画:◆筆で線を引く、また線を引いて区切る、同「划」◆漢字の線や点の数(画数)を数える語◆輪郭(リンカク)を描く◆事に先立って案を作る、計画する、同「図」◆絵、絵を描; 面:◆顔(かお)、頭の目鼻口がある側◆顔を対象(タイショウ、目標や相手)に向ける、また向く◆(顔が)向いている側、向き、向いている方向◆ものの表(おもて)、前(まえ
kk_畑_はたけ,畑,はたけ,畑:◆[日]焼畑(やきばた)、草などを焼き、その灰を肥料として農作物を栽培する耕作地◆水を張らずに(但し水やりはする)農作物を栽培する耕作地、同「畠」◆[日]専門分,N3,kun,kun,IL2_kun_only(kun 99%),畑:◆[日]焼畑(やきばた)、草などを焼き、その灰を肥料として農作物を栽培する耕作地◆水を張らずに(但し水やりはする)農作物を栽培する耕作地、同「畠」◆[日]専門分
kk_留守番_るすばん,留守番,るすばん,留:◆動きを止(と)める、動きを止めて同じ場所や状態に止(とど)まる◆同じ状態が残る、同じ状態で残す; 守:◆古代の官名、同「𡬮」、「太守(タイシュ、郡や府の長官、地方の長官)」◆同じ状態に保(たも)つ、「守備(シュビ、備え守る)」◆(異変がないかを)見張る、番(バン; 番:◆順に並んでいるものを次々に入れ替えながら繰り返すこと、またその順位、またその順位に当たること、「輪番(リンバン、順番に交替しながら繰り返すこと)」「當番(トウ,N3,on,on+on+on,A4_multi_on(on+on+on 65%) | B_noun_rad_宀(kun 93%),留:◆動きを止(と)める、動きを止めて同じ場所や状態に止(とど)まる◆同じ状態が残る、同じ状態で残す; 守:◆古代の官名、同「𡬮」、「太守(タイシュ、郡や府の長官、地方の長官)」◆同じ状態に保(たも)つ、「守備(シュビ、備え守る)」◆(異変がないかを)見張る、番(バン; 番:◆順に並んでいるものを次々に入れ替えながら繰り返すこと、またその順位、またその順位に当たること、「輪番(リンバン、順番に交替しながら繰り返すこと)」「當番(トウ
kk_異常_いじょう,異常,いじょう,異:◆こと・なる、(あれとは、これとは)別の、違った、同じでない◆普通(平常、一般)とは違っている、怪しい◆別々にする、分ける◆簡「异」; 常:◆何時も、何時もと変わらない◆変わることなく一定の、長い間変わることがない◆普通の、一般的な◆長さの単位、1常=2尋、1尋=8尺、「尋常」は「普通の、一般的な」,N3,on,on+on,A3_short_compound(on+on 71%) | B_noun_rad_巾(kun 93%),異:◆こと・なる、(あれとは、これとは)別の、違った、同じでない◆普通(平常、一般)とは違っている、怪しい◆別々にする、分ける◆簡「异」; 常:◆何時も、何時もと変わらない◆変わることなく一定の、長い間変わることがない◆普通の、一般的な◆長さの単位、1常=2尋、1尋=8尺、「尋常」は「普通の、一般的な」
kk_畳む_たたむ,畳む,たたむ,畳:◆薄いものが何層にも積み重なる、何度も同じことが繰り返される◆たた・む、薄いものを折って重ねる◆[日]たたみ、藁の床の表面にイグサ(藺草)の筵を張った敷物、薄い,N3,kun,kun,IL1_okurigana(kun 96%) | IL2_single_okuri(kun 96%),畳:◆薄いものが何層にも積み重なる、何度も同じことが繰り返される◆たた・む、薄いものを折って重ねる◆[日]たたみ、藁の床の表面にイグサ(藺草)の筵を張った敷物、薄い
kk_疑う_うたがう,疑う,うたがう,疑:◆ああかもしれないこうかもしれないと思いが乱れ一歩を踏み出せない、もしかしたらと惑(まど)いどちらとも決め兼ねる◆(はっきりとした根拠はないが)もしかしたらと思,N3,kun,kun,IL1_okurigana(kun 96%) | IL2_single_okuri(kun 96%),疑:◆ああかもしれないこうかもしれないと思いが乱れ一歩を踏み出せない、もしかしたらと惑(まど)いどちらとも決め兼ねる◆(はっきりとした根拠はないが)もしかしたらと思
kk_疑問_ぎもん,疑問,ぎもん,疑:◆ああかもしれないこうかもしれないと思いが乱れ一歩を踏み出せない、もしかしたらと惑(まど)いどちらとも決め兼ねる◆(はっきりとした根拠はないが)もしかしたらと思; 問:◆分からないことやはっきりしないことを質(ただ)す◆罪や責任などの有無について聞く◆様子などを尋ねる,N3,on,on+on,A3_short_compound(on+on 71%),疑:◆ああかもしれないこうかもしれないと思いが乱れ一歩を踏み出せない、もしかしたらと惑(まど)いどちらとも決め兼ねる◆(はっきりとした根拠はないが)もしかしたらと思; 問:◆分からないことやはっきりしないことを質(ただ)す◆罪や責任などの有無について聞く◆様子などを尋ねる
kk_病室_びょうしつ,病室,びょうしつ,病:◆体調や精神状態が正常でなくなる◆不調なさま、普段の或いは正常な状態でないさま◆体や心を痛める、憂える、苦しむ; 室:◆奥の部屋、堂(ドウ、南側の広間)の後ろ(北側、北側中央)の部屋、家人が日常起居(キキョ)する部屋◆部屋、房間(ボウカン)、屋子(オクシ)◆家、住居、またそこで,N3,on,on+on,B_noun_rad_宀(kun 93%),病:◆体調や精神状態が正常でなくなる◆不調なさま、普段の或いは正常な状態でないさま◆体や心を痛める、憂える、苦しむ; 室:◆奥の部屋、堂(ドウ、南側の広間)の後ろ(北側、北側中央)の部屋、家人が日常起居(キキョ)する部屋◆部屋、房間(ボウカン)、屋子(オクシ)◆家、住居、またそこで
kk_痒い_かゆい,痒い,かゆい,痒:◆むずむずする、むずむずして掻(か)きたくなるような感じ、同「癢」◆あれこれ思い悩み気力が失せて罹(かか)る病(やまい)◆繁「癢」,N3,kun,kun,IL1_okurigana(kun 96%) | IL2_single_okuri(kun 96%),痒:◆むずむずする、むずむずして掻(か)きたくなるような感じ、同「癢」◆あれこれ思い悩み気力が失せて罹(かか)る病(やまい)◆繁「癢」
kk_痛み_いたみ,痛み,いたみ,痛:◆病気・傷・刺激などによって引き起こされる身体的な苦しみ◆精神的な苦しみや悲しみ◆甚(はなは)だ、非常に,N3,kun,kun,IL1_okurigana(kun 96%) | IL2_single_okuri(kun 96%),痛:◆病気・傷・刺激などによって引き起こされる身体的な苦しみ◆精神的な苦しみや悲しみ◆甚(はなは)だ、非常に
kk_痛む_いたむ,痛む,いたむ,痛:◆病気・傷・刺激などによって引き起こされる身体的な苦しみ◆精神的な苦しみや悲しみ◆甚(はなは)だ、非常に,N3,kun,kun,IL1_okurigana(kun 96%) | IL2_single_okuri(kun 96%),痛:◆病気・傷・刺激などによって引き起こされる身体的な苦しみ◆精神的な苦しみや悲しみ◆甚(はなは)だ、非常に
kk_癖_くせ,癖,くせ,癖:◆偏(かたよ)った習性、偏りのある嗜好や行動◆中医(チュウイ)で、腹の痼(しこり、長い時間がかかってできた凝り、固まり)、「食癖(ショクヘキ、食べ物が消化できず,N3,kun,kun,IL2_single_default(kun 84%),癖:◆偏(かたよ)った習性、偏りのある嗜好や行動◆中医(チュウイ)で、腹の痼(しこり、長い時間がかかってできた凝り、固まり)、「食癖(ショクヘキ、食べ物が消化できず
kk_発つ_たつ,発つ,たつ,発:◆矢を放つ、外(離れて行く方向)に向かって勢いよく飛び出る◆動いていなかったものが勢いよく動き出す、物事が動き出す、物事が始まる、行動を起こす◆隠れていたものが,N3,kun,kun,IL1_okurigana(kun 96%) | IL2_single_okuri(kun 96%),発:◆矢を放つ、外(離れて行く方向)に向かって勢いよく飛び出る◆動いていなかったものが勢いよく動き出す、物事が動き出す、物事が始まる、行動を起こす◆隠れていたものが
kk_発売_はつばい,発売,はつばい,発:◆矢を放つ、外(離れて行く方向)に向かって勢いよく飛び出る◆動いていなかったものが勢いよく動き出す、物事が動き出す、物事が始まる、行動を起こす◆隠れていたものが; 売:◆相手が欲しいと思っているものを渡して金銭(対価)を得る、金銭(対価)を渡して欲しいものを得るのは「買」,N3,on,on+on,,発:◆矢を放つ、外(離れて行く方向)に向かって勢いよく飛び出る◆動いていなかったものが勢いよく動き出す、物事が動き出す、物事が始まる、行動を起こす◆隠れていたものが; 売:◆相手が欲しいと思っているものを渡して金銭(対価)を得る、金銭(対価)を渡して欲しいものを得るのは「買」
kk_発想_はっそう,発想,はっそう,発:◆矢を放つ、外(離れて行く方向)に向かって勢いよく飛び出る◆動いていなかったものが勢いよく動き出す、物事が動き出す、物事が始まる、行動を起こす◆隠れていたものが; 想:◆～について考える、また考えを巡(めぐ)らす◆～と思う、～ではないかと思う◆～したいと思う,N3,on,on+on,,発:◆矢を放つ、外(離れて行く方向)に向かって勢いよく飛び出る◆動いていなかったものが勢いよく動き出す、物事が動き出す、物事が始まる、行動を起こす◆隠れていたものが; 想:◆～について考える、また考えを巡(めぐ)らす◆～と思う、～ではないかと思う◆～したいと思う
kk_発明_はつめい,発明,はつめい,発:◆矢を放つ、外(離れて行く方向)に向かって勢いよく飛び出る◆動いていなかったものが勢いよく動き出す、物事が動き出す、物事が始まる、行動を起こす◆隠れていたものが; 明:◆(太陽や月の)光が差す、光が当たる、光を当てる◆光が当たってはっきりと見える(分かる)、誰の目にもはっきりとしている、はっきりとさせる◆隠されたところ(陰にな,N3,on,on+on,,発:◆矢を放つ、外(離れて行く方向)に向かって勢いよく飛び出る◆動いていなかったものが勢いよく動き出す、物事が動き出す、物事が始まる、行動を起こす◆隠れていたものが; 明:◆(太陽や月の)光が差す、光が当たる、光を当てる◆光が当たってはっきりと見える(分かる)、誰の目にもはっきりとしている、はっきりとさせる◆隠されたところ(陰にな
kk_発表_はっぴょう,発表,はっぴょう,発:◆矢を放つ、外(離れて行く方向)に向かって勢いよく飛び出る◆動いていなかったものが勢いよく動き出す、物事が動き出す、物事が始まる、行動を起こす◆隠れていたものが; 表:◆重ね着をする際に最も上(外側)に羽織(はお)る衣服、上着(うわぎ)、外衣(ガイイ)、本「𧘝」、同「𧞧」◆外側、外側に面した部分◆人の目に触れる、またその部分◆,N3,other,mixed+mixed~,,発:◆矢を放つ、外(離れて行く方向)に向かって勢いよく飛び出る◆動いていなかったものが勢いよく動き出す、物事が動き出す、物事が始まる、行動を起こす◆隠れていたものが; 表:◆重ね着をする際に最も上(外側)に羽織(はお)る衣服、上着(うわぎ)、外衣(ガイイ)、本「𧘝」、同「𧞧」◆外側、外側に面した部分◆人の目に触れる、またその部分◆
kk_発見_はっけん,発見,はっけん,発:◆矢を放つ、外(離れて行く方向)に向かって勢いよく飛び出る◆動いていなかったものが勢いよく動き出す、物事が動き出す、物事が始まる、行動を起こす◆隠れていたものが; 見:◆目でものや状況を認識する、目に入る◆(見たものの)認識の仕方、考え◆人と顔を合わせる、対面する◆みる、部首名,N3,on,on+on,,発:◆矢を放つ、外(離れて行く方向)に向かって勢いよく飛び出る◆動いていなかったものが勢いよく動き出す、物事が動き出す、物事が始まる、行動を起こす◆隠れていたものが; 見:◆目でものや状況を認識する、目に入る◆(見たものの)認識の仕方、考え◆人と顔を合わせる、対面する◆みる、部首名
kk_発車_はっしゃ,発車,はっしゃ,発:◆矢を放つ、外(離れて行く方向)に向かって勢いよく飛び出る◆動いていなかったものが勢いよく動き出す、物事が動き出す、物事が始まる、行動を起こす◆隠れていたものが; 車:◆二つの輪(リン、車輪)の中心に軸(ジク、車軸)を通し、その上に人や物を乗せるための台(車台)を設(しつら)えたもの ◆輪状・円状のものが軸を中心として回転する,N3,on,on+on,A3_short_compound(on+on 71%),発:◆矢を放つ、外(離れて行く方向)に向かって勢いよく飛び出る◆動いていなかったものが勢いよく動き出す、物事が動き出す、物事が始まる、行動を起こす◆隠れていたものが; 車:◆二つの輪(リン、車輪)の中心に軸(ジク、車軸)を通し、その上に人や物を乗せるための台(車台)を設(しつら)えたもの ◆輪状・円状のものが軸を中心として回転する
kk_発達_はったつ,発達,はったつ,発:◆矢を放つ、外(離れて行く方向)に向かって勢いよく飛び出る◆動いていなかったものが勢いよく動き出す、物事が動き出す、物事が始まる、行動を起こす◆隠れていたものが; 達:◆道が滞(とどこお)ることなく通じる◆目的とするところまで行き着く、また届く◆目標としたことを成し遂げる◆物事の奥深くまで通じる、また理解する◆[日]だち、たち,N3,on,on+on,,発:◆矢を放つ、外(離れて行く方向)に向かって勢いよく飛び出る◆動いていなかったものが勢いよく動き出す、物事が動き出す、物事が始まる、行動を起こす◆隠れていたものが; 達:◆道が滞(とどこお)ることなく通じる◆目的とするところまで行き着く、また届く◆目標としたことを成し遂げる◆物事の奥深くまで通じる、また理解する◆[日]だち、たち
kk_登場_とうじょう,登場,とうじょう,登:◆高いところに上がる、高い方(上の方)に進む、同「陞」、一般に道や階段や梯子(はしご)などの足場を伝いながら上がることをいい、足場がなく浮くように上がるのは「昇; 場:◆(日当たりのよい、収穫した穀物の乾燥・脱穀などをする、また多くの人やものが集まる)広く平らなところ、「広場」、同「塲」◆一段と高くし上を平らに作ったところ、台,N3,on,on+on,,登:◆高いところに上がる、高い方(上の方)に進む、同「陞」、一般に道や階段や梯子(はしご)などの足場を伝いながら上がることをいい、足場がなく浮くように上がるのは「昇; 場:◆(日当たりのよい、収穫した穀物の乾燥・脱穀などをする、また多くの人やものが集まる)広く平らなところ、「広場」、同「塲」◆一段と高くし上を平らに作ったところ、台
kk_登山_とざん,登山,とざん,"登:◆高いところに上がる、高い方(上の方)に進む、同「陞」、一般に道や階段や梯子(はしご)などの足場を伝いながら上がることをいい、足場がなく浮くように上がるのは「昇; 山:◆地面が""△""状に高く盛り上がったところ、またその形や様子◆土を丸く盛り上げた墓◆十二章紋の一つ ◆やま、やまへん、やまかんむり、部首名",N3,other,mixed+mixed~,A3_short_compound(on+on 71%),"登:◆高いところに上がる、高い方(上の方)に進む、同「陞」、一般に道や階段や梯子(はしご)などの足場を伝いながら上がることをいい、足場がなく浮くように上がるのは「昇; 山:◆地面が""△""状に高く盛り上がったところ、またその形や様子◆土を丸く盛り上げた墓◆十二章紋の一つ ◆やま、やまへん、やまかんむり、部首名"
kk_登校_とうこう,登校,とうこう,登:◆高いところに上がる、高い方(上の方)に進む、同「陞」、一般に道や階段や梯子(はしご)などの足場を伝いながら上がることをいい、足場がなく浮くように上がるのは「昇; 校:◆木製の枷(かせ)、罪人の首・手・足などに嵌(は)めて自由を奪う刑具◆(陣地の周囲に張り巡らせる、或いは狩猟の際に獲物を追い込む)格子状に組んだ柵(さく)◆武官,N3,on,on+on,B_noun_rad_木(kun 93%),登:◆高いところに上がる、高い方(上の方)に進む、同「陞」、一般に道や階段や梯子(はしご)などの足場を伝いながら上がることをいい、足場がなく浮くように上がるのは「昇; 校:◆木製の枷(かせ)、罪人の首・手・足などに嵌(は)めて自由を奪う刑具◆(陣地の周囲に張り巡らせる、或いは狩猟の際に獲物を追い込む)格子状に組んだ柵(さく)◆武官
kk_白菜_はくさい,白菜,はくさい,白:◆無色、雪の色、どんな色にも染まっていないさま、同「㿟」「皛」◆曇りがないさま、汚(けが)れがないさま、清(きよ)いさま◆何もないさま、あるがままであるさま、「; 菜:◆食用にする草の総称◆主食に添えて出されるおかず、料理,N3,on,on+on,,白:◆無色、雪の色、どんな色にも染まっていないさま、同「㿟」「皛」◆曇りがないさま、汚(けが)れがないさま、清(きよ)いさま◆何もないさま、あるがままであるさま、「; 菜:◆食用にする草の総称◆主食に添えて出されるおかず、料理
kk_白黒_しろくろ,白黒,しろくろ,白:◆無色、雪の色、どんな色にも染まっていないさま、同「㿟」「皛」◆曇りがないさま、汚(けが)れがないさま、清(きよ)いさま◆何もないさま、あるがままであるさま、「; 黒:◆煙突の中に溜(た)まる煤(すす)の色◆光りがなく暗い、暗闇◆善悪の悪、善は「白」◆くろ、くろへん、部首名,N3,kun,kun+kun~,,白:◆無色、雪の色、どんな色にも染まっていないさま、同「㿟」「皛」◆曇りがないさま、汚(けが)れがないさま、清(きよ)いさま◆何もないさま、あるがままであるさま、「; 黒:◆煙突の中に溜(た)まる煤(すす)の色◆光りがなく暗い、暗闇◆善悪の悪、善は「白」◆くろ、くろへん、部首名
kk_百貨店_ひゃっかてん,百貨店,ひゃっかてん,百:◆数の名、十の十倍、ヘクトhecto ◆数(数・回数・頻度・種類など)が多いさま◆多くの; 貨:◆品物を買うための金銭、「貨幣(カヘイ)」◆金銭に交換できる(金銭と同じ価値がある)品物、財物◆商品、売り物、(金銭に変えることができる)品物◆賂(まいない)、; 店:◆みせ、物を並べ売る建物、「一定の場所を占めて商売する屋根(广)のある所」の意◆たな、商品を並べる陳列棚、売り手と買い手を隔(へだ)てるカウンター、同「坫」◆[,N3,on,mixed+on+mixed~,A4_multi_on(on+on+on 65%) | B_noun_rad_广(kun 93%),百:◆数の名、十の十倍、ヘクトhecto ◆数(数・回数・頻度・種類など)が多いさま◆多くの; 貨:◆品物を買うための金銭、「貨幣(カヘイ)」◆金銭に交換できる(金銭と同じ価値がある)品物、財物◆商品、売り物、(金銭に変えることができる)品物◆賂(まいない)、; 店:◆みせ、物を並べ売る建物、「一定の場所を占めて商売する屋根(广)のある所」の意◆たな、商品を並べる陳列棚、売り手と買い手を隔(へだ)てるカウンター、同「坫」◆[
kk_皮膚_ひふ,皮膚,ひふ,皮:◆体の表面を覆っている膜状のもの、動物の皮を剥いで平らに延ばし乾かしたりしたものは「革」、鞣(なめ)したものは「韋」◆物事の表面を覆っている膜状のもの◆かわ、ひ; 膚:◆肌(はだ)、皮、ものの表面を覆(おお)う薄い膜状のもの、同「膚」◆表面的な、深みがなく薄っぺらな◆大きく広がる◆(中身がぎっしりと詰まっていて)良い、優(すぐ,N3,on,on+on,A3_short_compound(on+on 71%),皮:◆体の表面を覆っている膜状のもの、動物の皮を剥いで平らに延ばし乾かしたりしたものは「革」、鞣(なめ)したものは「韋」◆物事の表面を覆っている膜状のもの◆かわ、ひ; 膚:◆肌(はだ)、皮、ものの表面を覆(おお)う薄い膜状のもの、同「膚」◆表面的な、深みがなく薄っぺらな◆大きく広がる◆(中身がぎっしりと詰まっていて)良い、優(すぐ
kk_皺_しわ,皺,しわ,皺:◆皮膚・紙・布などが縮んでできる細長い凹凸(おうとつ)、折ったり縮んだりしてできる凹凸,N3,kun,kun,IL2_single_default(kun 84%),皺:◆皮膚・紙・布などが縮んでできる細長い凹凸(おうとつ)、折ったり縮んだりしてできる凹凸
kk_益々_ますます,益々,ますます,益:◆加える、加わる、増える、増やす、同「㬲」◆満ちる、一杯になる、溢(あふ)れる◆手放したものの金額や価値よりも、それによって得たものの金額や価値が多い、儲(もう,N3,kun,kun,IL2_single_default(kun 84%),益:◆加える、加わる、増える、増やす、同「㬲」◆満ちる、一杯になる、溢(あふ)れる◆手放したものの金額や価値よりも、それによって得たものの金額や価値が多い、儲(もう
kk_盗難_とうなん,盗難,とうなん,盗:◆本来自分のものではないのものを(相手の許しを得ないまま、こっそりと)自分のものにする; 難:◆思いの通りにいかない(ならない)、～するのは容易でない、～しにくい、～しづらい、同「艱」◆災(わざわ)い、禍(カ、わざわい)、手の施(ほどこ)しようのない(思,N3,on,on+on,,盗:◆本来自分のものではないのものを(相手の許しを得ないまま、こっそりと)自分のものにする; 難:◆思いの通りにいかない(ならない)、～するのは容易でない、～しにくい、～しづらい、同「艱」◆災(わざわ)い、禍(カ、わざわい)、手の施(ほどこ)しようのない(思
kk_盛る_もる,盛る,もる,盛:◆器(うつわ)に山のようにものを入れる、山のように積み上げる、これ以上は入らないという程に入れる◆一杯になるさま、満ち溢(あふ)れるさま、豊かなさま◆力や勢いが,N3,kun,kun,IL1_okurigana(kun 96%) | IL2_single_okuri(kun 96%),盛:◆器(うつわ)に山のようにものを入れる、山のように積み上げる、これ以上は入らないという程に入れる◆一杯になるさま、満ち溢(あふ)れるさま、豊かなさま◆力や勢いが
kk_監督_かんとく,監督,かんとく,監:◆水を張った盆(ボン)を上から覗き込み、そこに映ったものをよく見る、同「鑑」◆実物を見て確認する、よく照らし合わせる、また手本にする◆常に見張り取り締まる(監督; 督:◆見張る、取り締まる、不正を正(ただ)す、「監督(カントク)」◆集団を率(ひき)いる、統率・指揮する◆中心となって統率・指揮する、またその人、その官職名,N3,on,on+on,,監:◆水を張った盆(ボン)を上から覗き込み、そこに映ったものをよく見る、同「鑑」◆実物を見て確認する、よく照らし合わせる、また手本にする◆常に見張り取り締まる(監督; 督:◆見張る、取り締まる、不正を正(ただ)す、「監督(カントク)」◆集団を率(ひき)いる、統率・指揮する◆中心となって統率・指揮する、またその人、その官職名
kk_目上_めうえ,目上,めうえ,目:◆眼(め、眼球ガンキュウ、黒目くろめ)・白目(しろめ、結膜ケツマク)・視神経などを含むものを見る器官全体、またその形状や様子や機能◆ものを見る、また見分ける◆眼; 上:◆位置・場所・地位などが高い、高い方にある◆高い方に移る、昇る、登る◆順序・時間などが前、前の方にある◆前の方に移る◆等級・品質などが高い、優れている◆殿様、皇,N3,kun,kun+kun~,A3_short_compound(on+on 71%),目:◆眼(め、眼球ガンキュウ、黒目くろめ)・白目(しろめ、結膜ケツマク)・視神経などを含むものを見る器官全体、またその形状や様子や機能◆ものを見る、また見分ける◆眼; 上:◆位置・場所・地位などが高い、高い方にある◆高い方に移る、昇る、登る◆順序・時間などが前、前の方にある◆前の方に移る◆等級・品質などが高い、優れている◆殿様、皇
kk_目下_めした,目下,めした,目:◆眼(め、眼球ガンキュウ、黒目くろめ)・白目(しろめ、結膜ケツマク)・視神経などを含むものを見る器官全体、またその形状や様子や機能◆ものを見る、また見分ける◆眼; 下:◆位置・場所・地位などが低い、低い方にある◆低い方に移る、降りる、落ちる◆順序・時間などが後(あと)、後の方にある◆後の方に移る、後(うし)ろの方へ退く◆等級・,N3,kun,kun+kun~,A3_short_compound(on+on 71%),目:◆眼(め、眼球ガンキュウ、黒目くろめ)・白目(しろめ、結膜ケツマク)・視神経などを含むものを見る器官全体、またその形状や様子や機能◆ものを見る、また見分ける◆眼; 下:◆位置・場所・地位などが低い、低い方にある◆低い方に移る、降りる、落ちる◆順序・時間などが後(あと)、後の方にある◆後の方に移る、後(うし)ろの方へ退く◆等級・
kk_目出度い_めでたい,目出度い,めでたい,目:◆眼(め、眼球ガンキュウ、黒目くろめ)・白目(しろめ、結膜ケツマク)・視神経などを含むものを見る器官全体、またその形状や様子や機能◆ものを見る、また見分ける◆眼; 出:◆範囲・領域・組織や区切り・境界の内(内側、内部、裏側、こちら側、私的なところ)から外(外側、外部、表側、向こう側、公のところ)に移る、また移す、外から内へ移る; 度:◆長さを測(はか)る際に基準となる物差し(ものさし)、またその目盛(めもり)、「度量(ドリョウ、長さと容量、人の言動をどの程度容認できるかの大きさ)」「法度(ハ,N3,other,mixed+mixed+mixed~,IL1_okurigana(kun 96%) | A1_compound_oku(kun 90%) | A1_on_kun_mix(on+kun 65%),目:◆眼(め、眼球ガンキュウ、黒目くろめ)・白目(しろめ、結膜ケツマク)・視神経などを含むものを見る器官全体、またその形状や様子や機能◆ものを見る、また見分ける◆眼; 出:◆範囲・領域・組織や区切り・境界の内(内側、内部、裏側、こちら側、私的なところ)から外(外側、外部、表側、向こう側、公のところ)に移る、また移す、外から内へ移る; 度:◆長さを測(はか)る際に基準となる物差し(ものさし)、またその目盛(めもり)、「度量(ドリョウ、長さと容量、人の言動をどの程度容認できるかの大きさ)」「法度(ハ
kk_目標_もくひょう,目標,もくひょう,目:◆眼(め、眼球ガンキュウ、黒目くろめ)・白目(しろめ、結膜ケツマク)・視神経などを含むものを見る器官全体、またその形状や様子や機能◆ものを見る、また見分ける◆眼; 標:◆高く伸びた木の先の枝、梢(こずえ)◆物事の先端◆目印、場所を示す印(しるし)、案内や識別のための印◆高く掲(かか)げる、はっきりと目立たせる,N3,on,on+on,B_noun_rad_木(kun 93%),目:◆眼(め、眼球ガンキュウ、黒目くろめ)・白目(しろめ、結膜ケツマク)・視神経などを含むものを見る器官全体、またその形状や様子や機能◆ものを見る、また見分ける◆眼; 標:◆高く伸びた木の先の枝、梢(こずえ)◆物事の先端◆目印、場所を示す印(しるし)、案内や識別のための印◆高く掲(かか)げる、はっきりと目立たせる
kk_目眩_めまい,目眩,めまい,目:◆眼(め、眼球ガンキュウ、黒目くろめ)・白目(しろめ、結膜ケツマク)・視神経などを含むものを見る器官全体、またその形状や様子や機能◆ものを見る、また見分ける◆眼; 眩:◆光が強くちかちかしてはっきりと見えない、同「炫」◆人を惑(まど)わす、はっきりと見えなくする,N3,other,mixed+mixed~,A3_short_compound(on+on 71%),目:◆眼(め、眼球ガンキュウ、黒目くろめ)・白目(しろめ、結膜ケツマク)・視神経などを含むものを見る器官全体、またその形状や様子や機能◆ものを見る、また見分ける◆眼; 眩:◆光が強くちかちかしてはっきりと見えない、同「炫」◆人を惑(まど)わす、はっきりと見えなくする
kk_目立つ_めだつ,目立つ,めだつ,目:◆眼(め、眼球ガンキュウ、黒目くろめ)・白目(しろめ、結膜ケツマク)・視神経などを含むものを見る器官全体、またその形状や様子や機能◆ものを見る、また見分ける◆眼; 立:◆地(チ、地面、土台、基盤)に足を着け垂直にする、また垂直になる、地から上に向かって伸ばす、また伸びる◆しっかりとした土台を築いてその上にものを作り上げて行く、,N3,other,mixed+mixed~,IL1_okurigana(kun 96%) | A1_compound_oku(kun 90%) | A1_on_kun_mix(on+kun 65%),目:◆眼(め、眼球ガンキュウ、黒目くろめ)・白目(しろめ、結膜ケツマク)・視神経などを含むものを見る器官全体、またその形状や様子や機能◆ものを見る、また見分ける◆眼; 立:◆地(チ、地面、土台、基盤)に足を着け垂直にする、また垂直になる、地から上に向かって伸ばす、また伸びる◆しっかりとした土台を築いてその上にものを作り上げて行く、
kk_直接_ちょくせつ,直接,ちょくせつ,直:◆ものをまっすぐによく見る◆まっすぐなさま、曲がったり折れたり歪(ゆが)んだりしない(していない)さま、「正直(ショウジキ、まっすぐなこと、嘘や偽りがないこと); 接:◆二つのものが間近(まぢか)まで近づく、ぴったりと寄る◆交(まじ)える、触れ合わせる◆(人と)触れ合う、親しく交わる◆近くまで寄ってくるもの(寄ってきたもの)を,N3,on,on+on,B_verb_rad_手(kun 80%),直:◆ものをまっすぐによく見る◆まっすぐなさま、曲がったり折れたり歪(ゆが)んだりしない(していない)さま、「正直(ショウジキ、まっすぐなこと、嘘や偽りがないこと); 接:◆二つのものが間近(まぢか)まで近づく、ぴったりと寄る◆交(まじ)える、触れ合わせる◆(人と)触れ合う、親しく交わる◆近くまで寄ってくるもの(寄ってきたもの)を
kk_相手_あいて,相手,あいて,相:◆(対象となるものを)よく見る◆互(たが)いに～(しあう)、「互相(ゴソウ、相互ソウゴ)」◆二つのものの間に起こること、また関係し合うこと、片方から他方へ働き掛; 手:◆体や物体の一部で、胴から分かれ出て伸び、持つ・握る・叩く・ものを作る・操作するなどの機能を持つ部分、掌(たなごころ)と指を合わせた全体、腕の先の部分 ◆自(み,N3,kun,kun+kun~,A3_short_compound(on+on 71%) | B_verb_rad_手(kun 80%),相:◆(対象となるものを)よく見る◆互(たが)いに～(しあう)、「互相(ゴソウ、相互ソウゴ)」◆二つのものの間に起こること、また関係し合うこと、片方から他方へ働き掛; 手:◆体や物体の一部で、胴から分かれ出て伸び、持つ・握る・叩く・ものを作る・操作するなどの機能を持つ部分、掌(たなごころ)と指を合わせた全体、腕の先の部分 ◆自(み
kk_省く_はぶく,省く,はぶく,省:◆目を細めて詳(くわ)しく見る、同「䚇」◆かえり・みる、これまでの自分の思いや行いなどを詳しく振り返ってみる◆はぶ・く、必要な部分だけを残して不要な部分を取り除,N3,kun,kun,IL1_okurigana(kun 96%) | IL2_single_okuri(kun 96%),省:◆目を細めて詳(くわ)しく見る、同「䚇」◆かえり・みる、これまでの自分の思いや行いなどを詳しく振り返ってみる◆はぶ・く、必要な部分だけを残して不要な部分を取り除
kk_眉_まゆ,眉,まゆ,眉:◆目の上の弓状に僅かに飛び出た部分に生える毛、同「𣮮」 ◆(眉のように)隆起したところ◆(眉のような)細い弓状の形、「眉月(ビゲツ、眉のように細い弓状の月、新月,N3,kun,kun,IL2_single_default(kun 84%),眉:◆目の上の弓状に僅かに飛び出た部分に生える毛、同「𣮮」 ◆(眉のように)隆起したところ◆(眉のような)細い弓状の形、「眉月(ビゲツ、眉のように細い弓状の月、新月
kk_看病_かんびょう,看病,かんびょう,看:◆目の上に掌(てのひら)を翳(かざ)して見る、また望む、同「𥉏」◆目を凝(こ)らして見る、注意深く見る、観察する、「看過(カンカ、見逃す)」◆見守る、「看病(カ; 病:◆体調や精神状態が正常でなくなる◆不調なさま、普段の或いは正常な状態でないさま◆体や心を痛める、憂える、苦しむ,N3,on,on+on,,看:◆目の上に掌(てのひら)を翳(かざ)して見る、また望む、同「𥉏」◆目を凝(こ)らして見る、注意深く見る、観察する、「看過(カンカ、見逃す)」◆見守る、「看病(カ; 病:◆体調や精神状態が正常でなくなる◆不調なさま、普段の或いは正常な状態でないさま◆体や心を痛める、憂える、苦しむ
kk_真っ先に_まっさきに,真っ先に,まっさきに,真:◆手が加えられていない、本来の、本当の、確かな、嘘(うそ)や偽(いつわ)りがない◆正しい、正当な; 先:◆基準になる位置や時間よりも前、同「前」、逆は「後」◆前に向かって進む、またその方向、同「前」◆以前、時間的に過去の方向◆ま・ず、最初に、～の前に,N3,kun,kun+kun~,IL1_okurigana(kun 96%) | A1_compound_oku(kun 90%) | A1_on_kun_mix(on+kun 65%),真:◆手が加えられていない、本来の、本当の、確かな、嘘(うそ)や偽(いつわ)りがない◆正しい、正当な; 先:◆基準になる位置や時間よりも前、同「前」、逆は「後」◆前に向かって進む、またその方向、同「前」◆以前、時間的に過去の方向◆ま・ず、最初に、～の前に
kk_真っ暗_まっくら,真っ暗,まっくら,真:◆手が加えられていない、本来の、本当の、確かな、嘘(うそ)や偽(いつわ)りがない◆正しい、正当な; 暗:◆光がない、明るさがない◆光を失う、明るさや生き生きとした感じを失う◆光が届かない、明かりが届かずよく見えない、ものの陰になっていて見えない◆ぼんやりしている、,N3,kun,kun+kun~,IL1_okurigana(kun 96%) | A1_compound_oku(kun 90%) | A1_on_kun_mix(on+kun 65%),真:◆手が加えられていない、本来の、本当の、確かな、嘘(うそ)や偽(いつわ)りがない◆正しい、正当な; 暗:◆光がない、明るさがない◆光を失う、明るさや生き生きとした感じを失う◆光が届かない、明かりが届かずよく見えない、ものの陰になっていて見えない◆ぼんやりしている、
kk_真っ白_まっしろ,真っ白,まっしろ,真:◆手が加えられていない、本来の、本当の、確かな、嘘(うそ)や偽(いつわ)りがない◆正しい、正当な; 白:◆無色、雪の色、どんな色にも染まっていないさま、同「㿟」「皛」◆曇りがないさま、汚(けが)れがないさま、清(きよ)いさま◆何もないさま、あるがままであるさま、「,N3,kun,kun+kun~,IL1_okurigana(kun 96%) | A1_compound_oku(kun 90%) | A1_on_kun_mix(on+kun 65%),真:◆手が加えられていない、本来の、本当の、確かな、嘘(うそ)や偽(いつわ)りがない◆正しい、正当な; 白:◆無色、雪の色、どんな色にも染まっていないさま、同「㿟」「皛」◆曇りがないさま、汚(けが)れがないさま、清(きよ)いさま◆何もないさま、あるがままであるさま、「
kk_真っ赤_まっか,真っ赤,まっか,真:◆手が加えられていない、本来の、本当の、確かな、嘘(うそ)や偽(いつわ)りがない◆正しい、正当な; 赤:◆南方の色、「赤道(セキドウ)」、[†「あらゆるものを焼き尽くすような太陽の強い光や熱の色」の意かと思われる†]◆顔や体が火照(ほて)ったときの色、ものが焼ける,N3,other,mixed+mixed~,IL1_okurigana(kun 96%) | A1_compound_oku(kun 90%) | A1_on_kun_mix(on+kun 65%),真:◆手が加えられていない、本来の、本当の、確かな、嘘(うそ)や偽(いつわ)りがない◆正しい、正当な; 赤:◆南方の色、「赤道(セキドウ)」、[†「あらゆるものを焼き尽くすような太陽の強い光や熱の色」の意かと思われる†]◆顔や体が火照(ほて)ったときの色、ものが焼ける
kk_真っ青_まっさお,真っ青,まっさお,真:◆手が加えられていない、本来の、本当の、確かな、嘘(うそ)や偽(いつわ)りがない◆正しい、正当な; 青:◆植物などの芽生えの時の若々しく瑞瑞(みずみず)しい色、緑(みどり)色、またその色の名◆濃い色でくすみがなく瑞瑞しい深緑(ふかみどり)・紺(コン)・藍(アイ)色,N3,other,mixed+mixed~,IL1_okurigana(kun 96%) | A1_compound_oku(kun 90%) | A1_on_kun_mix(on+kun 65%),真:◆手が加えられていない、本来の、本当の、確かな、嘘(うそ)や偽(いつわ)りがない◆正しい、正当な; 青:◆植物などの芽生えの時の若々しく瑞瑞(みずみず)しい色、緑(みどり)色、またその色の名◆濃い色でくすみがなく瑞瑞しい深緑(ふかみどり)・紺(コン)・藍(アイ)色
kk_真っ黒_まっくろ,真っ黒,まっくろ,真:◆手が加えられていない、本来の、本当の、確かな、嘘(うそ)や偽(いつわ)りがない◆正しい、正当な; 黒:◆煙突の中に溜(た)まる煤(すす)の色◆光りがなく暗い、暗闇◆善悪の悪、善は「白」◆くろ、くろへん、部首名,N3,kun,kun+kun~,IL1_okurigana(kun 96%) | A1_compound_oku(kun 90%) | A1_on_kun_mix(on+kun 65%),真:◆手が加えられていない、本来の、本当の、確かな、嘘(うそ)や偽(いつわ)りがない◆正しい、正当な; 黒:◆煙突の中に溜(た)まる煤(すす)の色◆光りがなく暗い、暗闇◆善悪の悪、善は「白」◆くろ、くろへん、部首名
kk_真似_まね,真似,まね,真:◆手が加えられていない、本来の、本当の、確かな、嘘(うそ)や偽(いつわ)りがない◆正しい、正当な; 似:◆他と同じように見える、また見せる◆(他と)ほぼ同じ、～のよう◆継(つ)ぐ、後を継ぐ、同「嗣」[†「以前と同じように後に続く」の意†],N3,other,mixed+mixed~,A3_short_compound(on+on 71%),真:◆手が加えられていない、本来の、本当の、確かな、嘘(うそ)や偽(いつわ)りがない◆正しい、正当な; 似:◆他と同じように見える、また見せる◆(他と)ほぼ同じ、～のよう◆継(つ)ぐ、後を継ぐ、同「嗣」[†「以前と同じように後に続く」の意†]
kk_眠たい_ねむたい,眠たい,ねむたい,眠:◆目を瞑(つむ)る、体を横たえ目を瞑る、寝る◆刺激に対する反応が鈍くなり(眠ったように、死んだように)動かなくなる、活動を休止する,N3,kun,kun,IL1_okurigana(kun 96%) | IL2_single_okuri(kun 96%),眠:◆目を瞑(つむ)る、体を横たえ目を瞑る、寝る◆刺激に対する反応が鈍くなり(眠ったように、死んだように)動かなくなる、活動を休止する
kk_眠れる_ねむれる,眠れる,ねむれる,眠:◆目を瞑(つむ)る、体を横たえ目を瞑る、寝る◆刺激に対する反応が鈍くなり(眠ったように、死んだように)動かなくなる、活動を休止する,N3,kun,kun,IL1_okurigana(kun 96%) | IL2_single_okuri(kun 96%),眠:◆目を瞑(つむ)る、体を横たえ目を瞑る、寝る◆刺激に対する反応が鈍くなり(眠ったように、死んだように)動かなくなる、活動を休止する
kk_眠気_ねむけ,眠気,ねむけ,眠:◆目を瞑(つむ)る、体を横たえ目を瞑る、寝る◆刺激に対する反応が鈍くなり(眠ったように、死んだように)動かなくなる、活動を休止する; 気:◆中国古来の考えで、天地全ての事物の基本要素、目に見えず形状は一定しない、あらゆる事物の生死・盛衰などの変化・変動はこの「気」の移動・集散によるものと考えられた,N3,mixed,kun+on~,A3_short_compound(on+on 71%),眠:◆目を瞑(つむ)る、体を横たえ目を瞑る、寝る◆刺激に対する反応が鈍くなり(眠ったように、死んだように)動かなくなる、活動を休止する; 気:◆中国古来の考えで、天地全ての事物の基本要素、目に見えず形状は一定しない、あらゆる事物の生死・盛衰などの変化・変動はこの「気」の移動・集散によるものと考えられた
kk_眩しい_まぶしい,眩しい,まぶしい,眩:◆光が強くちかちかしてはっきりと見えない、同「炫」◆人を惑(まど)わす、はっきりと見えなくする,N3,kun,kun,IL1_okurigana(kun 96%) | IL2_single_okuri(kun 96%),眩:◆光が強くちかちかしてはっきりと見えない、同「炫」◆人を惑(まど)わす、はっきりと見えなくする
kk_眺める_ながめる,眺める,ながめる,眺:◆見渡す、右を左を近くを遠くを(広い範囲を)見る、同「覜」,N3,kun,kun,IL1_okurigana(kun 96%) | IL2_single_okuri(kun 96%),眺:◆見渡す、右を左を近くを遠くを(広い範囲を)見る、同「覜」
kk_着替える_きがえる,着替える,きがえる,着:◆目的や目標としている物事・場所などに届く、また達する、また到る、同「著」◆他のものに付く、同「著」◆き・る、衣服を身に付ける、同「著」◆火や明かりを点(つ)け; 替:◆廃(すた)る、衰(おとろ)える、用を成(な)さなくなる、「衰替(スイタイ)」◆それまでのもの(今あるもの)や廃れたもの(衰えたもの、用を成さないもの)を別のも,N3,other,mixed+mixed~,IL1_okurigana(kun 96%) | A1_compound_oku(kun 90%) | A1_on_kun_mix(on+kun 65%),着:◆目的や目標としている物事・場所などに届く、また達する、また到る、同「著」◆他のものに付く、同「著」◆き・る、衣服を身に付ける、同「著」◆火や明かりを点(つ)け; 替:◆廃(すた)る、衰(おとろ)える、用を成(な)さなくなる、「衰替(スイタイ)」◆それまでのもの(今あるもの)や廃れたもの(衰えたもの、用を成さないもの)を別のも
kk_睡眠_すいみん,睡眠,すいみん,睡:◆目を閉じて休む、目を閉じて横になる、「瞼が垂れ下がる」の意◆転寝(うたたね、座ったり横になっているうちに眠てしまうこと)する; 眠:◆目を瞑(つむ)る、体を横たえ目を瞑る、寝る◆刺激に対する反応が鈍くなり(眠ったように、死んだように)動かなくなる、活動を休止する,N3,on,on+on,,睡:◆目を閉じて休む、目を閉じて横になる、「瞼が垂れ下がる」の意◆転寝(うたたね、座ったり横になっているうちに眠てしまうこと)する; 眠:◆目を瞑(つむ)る、体を横たえ目を瞑る、寝る◆刺激に対する反応が鈍くなり(眠ったように、死んだように)動かなくなる、活動を休止する
kk_睨む_にらむ,睨む,にらむ,睨:◆(顔を正面に向けずに)横目・下目・上目など(目をしっかり見開かずに)目を細めて見る◆光が斜めから差す◆「睥睨(ヘイゲイ)」、見下(みくだ)す、睨(にら)み見る,N3,kun,kun,IL1_okurigana(kun 96%) | IL2_single_okuri(kun 96%),睨:◆(顔を正面に向けずに)横目・下目・上目など(目をしっかり見開かずに)目を細めて見る◆光が斜めから差す◆「睥睨(ヘイゲイ)」、見下(みくだ)す、睨(にら)み見る
kk_睫毛_まつげ,睫毛,まつげ,睫:◆目の縁(ふち)の細かい毛 ◆一瞬目を瞑(つむ)る、瞬(まばた)きをする、同「䀹」「䀫」; 毛:◆生物の表皮に生える細長い糸状のもの◆細長いものがたくさんあるさま、細く弱々しいさま◆草木が生え出る◆草木や穀物が生える、また草木や穀物◆粗末なさま◆[日]千分,N3,other,mixed+mixed~,A3_short_compound(on+on 71%),睫:◆目の縁(ふち)の細かい毛 ◆一瞬目を瞑(つむ)る、瞬(まばた)きをする、同「䀹」「䀫」; 毛:◆生物の表皮に生える細長い糸状のもの◆細長いものがたくさんあるさま、細く弱々しいさま◆草木が生え出る◆草木や穀物が生える、また草木や穀物◆粗末なさま◆[日]千分
kk_知り合う_しりあう,知り合う,しりあう,知:◆(矢のように素早く、矢が的の中央に当たるように的確に)認識する、見定める、「察知(サッチ)」「知識(チシキ)」、「智」は「見知ったことを理解しその正邪を正しく; 合:◆人や物が集まって一緒になる、また一つになる◆幾つかのものを集め一緒にする、幾つかのものが集まり同じになる◆同じものを纏(まと)めた全体◆ぴったりと一致する、当,N3,kun,kun+kun~,IL1_okurigana(kun 96%) | A1_compound_oku(kun 90%) | A1_on_kun_mix(on+kun 65%),知:◆(矢のように素早く、矢が的の中央に当たるように的確に)認識する、見定める、「察知(サッチ)」「知識(チシキ)」、「智」は「見知ったことを理解しその正邪を正しく; 合:◆人や物が集まって一緒になる、また一つになる◆幾つかのものを集め一緒にする、幾つかのものが集まり同じになる◆同じものを纏(まと)めた全体◆ぴったりと一致する、当
kk_知識_ちしき,知識,ちしき,知:◆(矢のように素早く、矢が的の中央に当たるように的確に)認識する、見定める、「察知(サッチ)」「知識(チシキ)」、「智」は「見知ったことを理解しその正邪を正しく; 識:◆知ったことが他とどう違うのかを理解する◆他との違いをはっきりと見分ける、またその働き、またその能力、またその内容◆記(しる)す、書き記す、同「誌」◆幟(のぼり,N3,on,on+on,A3_short_compound(on+on 71%) | B_verb_rad_言(kun 80%),知:◆(矢のように素早く、矢が的の中央に当たるように的確に)認識する、見定める、「察知(サッチ)」「知識(チシキ)」、「智」は「見知ったことを理解しその正邪を正しく; 識:◆知ったことが他とどう違うのかを理解する◆他との違いをはっきりと見分ける、またその働き、またその能力、またその内容◆記(しる)す、書き記す、同「誌」◆幟(のぼり
kk_短所_たんしょ,短所,たんしょ,短:◆長さや時間が足りない、また足りていない、「短促(タンソク、短いさま、慌ただしいさま)」◆長くない、早い、小さい、少ない、「短世(タンセイ、早世すること)」◆足; 所:◆処(ところ)、ものがある場また位置(要所・箇所など)、ことをする場また位置(住所・裁判所など)◆～のこと、「所感(感じること)」「所存(考え思っていること)◆,N3,on,on+on,A3_short_compound(on+on 71%),短:◆長さや時間が足りない、また足りていない、「短促(タンソク、短いさま、慌ただしいさま)」◆長くない、早い、小さい、少ない、「短世(タンセイ、早世すること)」◆足; 所:◆処(ところ)、ものがある場また位置(要所・箇所など)、ことをする場また位置(住所・裁判所など)◆～のこと、「所感(感じること)」「所存(考え思っていること)◆
kk_短期_たんき,短期,たんき,短:◆長さや時間が足りない、また足りていない、「短促(タンソク、短いさま、慌ただしいさま)」◆長くない、早い、小さい、少ない、「短世(タンセイ、早世すること)」◆足; 期:◆予定されている(約束されている)時(とき、時期、時間)、「時期(ジキ)」「期間(キカン、二つの時の間、始めの時から終わりの時までの間)」◆決められた時(時期、,N3,on,on+on,A3_short_compound(on+on 71%),短:◆長さや時間が足りない、また足りていない、「短促(タンソク、短いさま、慌ただしいさま)」◆長くない、早い、小さい、少ない、「短世(タンセイ、早世すること)」◆足; 期:◆予定されている(約束されている)時(とき、時期、時間)、「時期(ジキ)」「期間(キカン、二つの時の間、始めの時から終わりの時までの間)」◆決められた時(時期、
kk_短気_たんき,短気,たんき,短:◆長さや時間が足りない、また足りていない、「短促(タンソク、短いさま、慌ただしいさま)」◆長くない、早い、小さい、少ない、「短世(タンセイ、早世すること)」◆足; 気:◆中国古来の考えで、天地全ての事物の基本要素、目に見えず形状は一定しない、あらゆる事物の生死・盛衰などの変化・変動はこの「気」の移動・集散によるものと考えられた,N3,on,on+on,A3_short_compound(on+on 71%),短:◆長さや時間が足りない、また足りていない、「短促(タンソク、短いさま、慌ただしいさま)」◆長くない、早い、小さい、少ない、「短世(タンセイ、早世すること)」◆足; 気:◆中国古来の考えで、天地全ての事物の基本要素、目に見えず形状は一定しない、あらゆる事物の生死・盛衰などの変化・変動はこの「気」の移動・集散によるものと考えられた
kk_石油_せきゆ,石油,せきゆ,石:◆地殻を構成する鉱物で硬(かた)く塊(かたまり)状をしたもの、堅く塊状をしたもの、多く岩(いわ、山のように大きな石)よりも小さく、砂(すな、小さな粒状の石)より; 油:◆粘性の高い可燃性の液体、「石油(セキユ)」◆膏(コウ、あぶら)、脂肪(シボウ)◆光沢(コウタク)、艶(つや)、同「𥑤」◆ゆったりとしたさま,N3,on,on+on,A3_short_compound(on+on 71%),石:◆地殻を構成する鉱物で硬(かた)く塊(かたまり)状をしたもの、堅く塊状をしたもの、多く岩(いわ、山のように大きな石)よりも小さく、砂(すな、小さな粒状の石)より; 油:◆粘性の高い可燃性の液体、「石油(セキユ)」◆膏(コウ、あぶら)、脂肪(シボウ)◆光沢(コウタク)、艶(つや)、同「𥑤」◆ゆったりとしたさま
kk_石炭_せきたん,石炭,せきたん,石:◆地殻を構成する鉱物で硬(かた)く塊(かたまり)状をしたもの、堅く塊状をしたもの、多く岩(いわ、山のように大きな石)よりも小さく、砂(すな、小さな粒状の石)より; 炭:◆ものが燃えて黒化したもの、黒化した後も再び燃やすことができるもの、再び燃やすことができないものを「灰」◆木を高温で焼いて作った燃料、燃料とするもの、「石炭」「,N3,on,on+on,,石:◆地殻を構成する鉱物で硬(かた)く塊(かたまり)状をしたもの、堅く塊状をしたもの、多く岩(いわ、山のように大きな石)よりも小さく、砂(すな、小さな粒状の石)より; 炭:◆ものが燃えて黒化したもの、黒化した後も再び燃やすことができるもの、再び燃やすことができないものを「灰」◆木を高温で焼いて作った燃料、燃料とするもの、「石炭」「
kk_研修_けんしゅう,研修,けんしゅう,研:◆(石を使って)磨(みが)く、擦(こす)って表面を平らにする、同「揅」◆硯(すずり)、硯で墨を磨(す)る◆技術や学問に磨きをかける、またより深く究める、同「揅」; 修:◆荒々しいところ・ごつごつしたところを取り除いて形を整える、足りないところ・欠けているところを補いてすっきりした形にする◆足りないところ・欠けているところを補い,N3,on,on+on,,研:◆(石を使って)磨(みが)く、擦(こす)って表面を平らにする、同「揅」◆硯(すずり)、硯で墨を磨(す)る◆技術や学問に磨きをかける、またより深く究める、同「揅」; 修:◆荒々しいところ・ごつごつしたところを取り除いて形を整える、足りないところ・欠けているところを補いてすっきりした形にする◆足りないところ・欠けているところを補い
kk_砕ける_くだける,砕ける,くだける,砕:◆塊(かたまり)や形を成しているものが粉々に(ばらばらに)なる、また粉々にする、細かく(小さく)割る、壊して細かくする、「粉砕(フンサイ)」◆細々(こまごま)し,N3,kun,kun,IL1_okurigana(kun 96%) | IL2_single_okuri(kun 96%),砕:◆塊(かたまり)や形を成しているものが粉々に(ばらばらに)なる、また粉々にする、細かく(小さく)割る、壊して細かくする、「粉砕(フンサイ)」◆細々(こまごま)し
kk_破く_やぶく,破く,やぶく,破:◆石を砕(くだ)く◆壊(こわ)す、壊れる、本来の形や状態でなくなる◆限界(区切りとなる線や面)を突き抜ける、突いて穴をあける◆敵の防御線を突き抜ける、敵を打ち負,N3,kun,kun,IL1_okurigana(kun 96%) | IL2_single_okuri(kun 96%),破:◆石を砕(くだ)く◆壊(こわ)す、壊れる、本来の形や状態でなくなる◆限界(区切りとなる線や面)を突き抜ける、突いて穴をあける◆敵の防御線を突き抜ける、敵を打ち負
kk_破る_やぶる,破る,やぶる,破:◆石を砕(くだ)く◆壊(こわ)す、壊れる、本来の形や状態でなくなる◆限界(区切りとなる線や面)を突き抜ける、突いて穴をあける◆敵の防御線を突き抜ける、敵を打ち負,N3,kun,kun,IL1_okurigana(kun 96%) | IL2_single_okuri(kun 96%),破:◆石を砕(くだ)く◆壊(こわ)す、壊れる、本来の形や状態でなくなる◆限界(区切りとなる線や面)を突き抜ける、突いて穴をあける◆敵の防御線を突き抜ける、敵を打ち負
kk_硬貨_こうか,硬貨,こうか,硬:◆ごつごつ(ごわごわ)としている、強(こわ)い、軟(やわ)らかさがない¶「固」「堅」; 貨:◆品物を買うための金銭、「貨幣(カヘイ)」◆金銭に交換できる(金銭と同じ価値がある)品物、財物◆商品、売り物、(金銭に変えることができる)品物◆賂(まいない)、,N3,on,on+on,A3_short_compound(on+on 71%),硬:◆ごつごつ(ごわごわ)としている、強(こわ)い、軟(やわ)らかさがない¶「固」「堅」; 貨:◆品物を買うための金銭、「貨幣(カヘイ)」◆金銭に交換できる(金銭と同じ価値がある)品物、財物◆商品、売り物、(金銭に変えることができる)品物◆賂(まいない)、
kk_確認_かくにん,確認,かくにん,確:◆石のように堅(かた)い、堅くしっかりとしていて揺るぎがない◆間違いない◆簡「确」; 認:◆見分ける、それが何かを見定める◆しっかりと見定めて受け入れる、聞き入れる、納得(ナットク)する◆[日]したた・める、整える、(膳を整え)食事をする◆[日]した,N3,on,on+on,B_verb_rad_言(kun 80%),確:◆石のように堅(かた)い、堅くしっかりとしていて揺るぎがない◆間違いない◆簡「确」; 認:◆見分ける、それが何かを見定める◆しっかりと見定めて受け入れる、聞き入れる、納得(ナットク)する◆[日]したた・める、整える、(膳を整え)食事をする◆[日]した
kk_示す_しめす,示す,しめす,示:◆(天上の神が地上のものに齎す物事の意思・意図を)はっきりと分かるように目の前に出して見せる、また見せて知らしめる、同「視」◆しめす、しめすへん、部首名,N3,kun,kun,IL1_okurigana(kun 96%) | IL2_single_okuri(kun 96%),示:◆(天上の神が地上のものに齎す物事の意思・意図を)はっきりと分かるように目の前に出して見せる、また見せて知らしめる、同「視」◆しめす、しめすへん、部首名
kk_礼儀_れいぎ,礼儀,れいぎ,礼:◆社会生活をする上での作法や決まり事、「禮儀(礼儀、レイギ、正式な・正規の作法)」「拜禮(拝礼、ハイレイ、お辞儀の作法)」「禮拜(礼拝、レイハイ、作法に則ってお; 儀:◆規準、規準となるもの、規準とすべきもの、「兩儀(リョウギ、宇宙の起源の二つの要素、陰・陽)」「三儀(サンギ、宇宙を構成する三つの要素、天・地・人)」「五儀(ゴ,N3,on,on+on,A3_short_compound(on+on 71%),礼:◆社会生活をする上での作法や決まり事、「禮儀(礼儀、レイギ、正式な・正規の作法)」「拜禮(拝礼、ハイレイ、お辞儀の作法)」「禮拜(礼拝、レイハイ、作法に則ってお; 儀:◆規準、規準となるもの、規準とすべきもの、「兩儀(リョウギ、宇宙の起源の二つの要素、陰・陽)」「三儀(サンギ、宇宙を構成する三つの要素、天・地・人)」「五儀(ゴ
kk_社内_しゃない,社内,しゃない,社:◆土地の神、土地の神を祀った所◆同種また同じ目的を持つ人から成る集まり; 内:◆外から中に入る、入れる◆限られた範囲・領域の中、区切りや境目の中、同「中」◆ある一定の範囲に含まれるもの、囲われたり覆われたりしていて外からは見えないもの、公,N3,on,on+on,A3_short_compound(on+on 71%),社:◆土地の神、土地の神を祀った所◆同種また同じ目的を持つ人から成る集まり; 内:◆外から中に入る、入れる◆限られた範囲・領域の中、区切りや境目の中、同「中」◆ある一定の範囲に含まれるもの、囲われたり覆われたりしていて外からは見えないもの、公
kk_祖先_そせん,祖先,そせん,祖:◆父の父、「祖父(ソフ)」◆代々続く家系の初代から先代までの人、特に初代の人、「祖先(ソセン)」「先祖(センゾ)」◆物事の始まり、物事の大本(おおもと)、また物; 先:◆基準になる位置や時間よりも前、同「前」、逆は「後」◆前に向かって進む、またその方向、同「前」◆以前、時間的に過去の方向◆ま・ず、最初に、～の前に,N3,on,on+on,A3_short_compound(on+on 71%),祖:◆父の父、「祖父(ソフ)」◆代々続く家系の初代から先代までの人、特に初代の人、「祖先(ソセン)」「先祖(センゾ)」◆物事の始まり、物事の大本(おおもと)、また物; 先:◆基準になる位置や時間よりも前、同「前」、逆は「後」◆前に向かって進む、またその方向、同「前」◆以前、時間的に過去の方向◆ま・ず、最初に、～の前に
kk_祝日_しゅくじつ,祝日,しゅくじつ,祝:◆神前で祈祷(キトウ)する、神に申し上げる、またその言葉、またその人◆「巫祝(フシュク)」、祭祀(サイシ)などの神事を司(つかさど)る人◆人に幸い・喜びを賜りま; 日:◆太陽◆太陽が出ている間、昼間、夜明けから日没まで◆一昼夜、朝から次の朝まで、またその繰り返し、またその繰り返しを数える語◆候(コウ)、時節、頃(ケイ、ころ)◆,N3,on,on+on,,祝:◆神前で祈祷(キトウ)する、神に申し上げる、またその言葉、またその人◆「巫祝(フシュク)」、祭祀(サイシ)などの神事を司(つかさど)る人◆人に幸い・喜びを賜りま; 日:◆太陽◆太陽が出ている間、昼間、夜明けから日没まで◆一昼夜、朝から次の朝まで、またその繰り返し、またその繰り返しを数える語◆候(コウ)、時節、頃(ケイ、ころ)◆
kk_祭日_さいじつ,祭日,さいじつ,祭:◆神(かみ)や先祖や死者に供え物(そなえもの)を捧(ささ)げる、またその儀式、「祭祀(サイシ)」、同「祀」◆[日]大勢の人が集まって行う催(もよお)し¶「祭」の; 日:◆太陽◆太陽が出ている間、昼間、夜明けから日没まで◆一昼夜、朝から次の朝まで、またその繰り返し、またその繰り返しを数える語◆候(コウ)、時節、頃(ケイ、ころ)◆,N3,on,on+on,,祭:◆神(かみ)や先祖や死者に供え物(そなえもの)を捧(ささ)げる、またその儀式、「祭祀(サイシ)」、同「祀」◆[日]大勢の人が集まって行う催(もよお)し¶「祭」の; 日:◆太陽◆太陽が出ている間、昼間、夜明けから日没まで◆一昼夜、朝から次の朝まで、またその繰り返し、またその繰り返しを数える語◆候(コウ)、時節、頃(ケイ、ころ)◆
kk_禁止_きんし,禁止,きんし,禁:◆吉凶(キッキョウ)の忌(キ)、忌(い)み避ける◆止(と)める、押し止(とど)める、制(セイ)する◆戒(いまし)める、慎(つつし)む、「軽々とした行いを禁じる」; 止:◆ものが動かないように(しっかりと)立つための支えとなる基(もと、土台)◆体を支える足(あし)◆同じ所に留(とど)まって動かない[†「止」は止まったまま動かない,N3,on,on+on,A3_short_compound(on+on 71%),禁:◆吉凶(キッキョウ)の忌(キ)、忌(い)み避ける◆止(と)める、押し止(とど)める、制(セイ)する◆戒(いまし)める、慎(つつし)む、「軽々とした行いを禁じる」; 止:◆ものが動かないように(しっかりと)立つための支えとなる基(もと、土台)◆体を支える足(あし)◆同じ所に留(とど)まって動かない[†「止」は止まったまま動かない
kk_禁煙_きんえん,禁煙,きんえん,禁:◆吉凶(キッキョウ)の忌(キ)、忌(い)み避ける◆止(と)める、押し止(とど)める、制(セイ)する◆戒(いまし)める、慎(つつし)む、「軽々とした行いを禁じる」; 煙:◆ものが燃える時に発生する気体や微粒子◆煤(すす)、煙の粒子が飛散せずに黒く溜(た)まったもの◆空中を大量の微粒子が浮遊することによって霞(かす)むさま、またぼ,N3,on,on+on,,禁:◆吉凶(キッキョウ)の忌(キ)、忌(い)み避ける◆止(と)める、押し止(とど)める、制(セイ)する◆戒(いまし)める、慎(つつし)む、「軽々とした行いを禁じる」; 煙:◆ものが燃える時に発生する気体や微粒子◆煤(すす)、煙の粒子が飛散せずに黒く溜(た)まったもの◆空中を大量の微粒子が浮遊することによって霞(かす)むさま、またぼ
kk_禁煙席_きんえんせき,禁煙席,きんえんせき,禁:◆吉凶(キッキョウ)の忌(キ)、忌(い)み避ける◆止(と)める、押し止(とど)める、制(セイ)する◆戒(いまし)める、慎(つつし)む、「軽々とした行いを禁じる」; 煙:◆ものが燃える時に発生する気体や微粒子◆煤(すす)、煙の粒子が飛散せずに黒く溜(た)まったもの◆空中を大量の微粒子が浮遊することによって霞(かす)むさま、またぼ; 席:◆むしろ、竹や藁(わら、乾燥させた草の茎)を並べ紐(ひも)で編んだ敷物、人が座ったり横になったりするところに敷くもの、同「蓆」◆座るところ、居並ぶ時の座る位置◆,N3,on,on+on+on,A4_multi_on(on+on+on 65%) | B_noun_rad_巾(kun 93%),禁:◆吉凶(キッキョウ)の忌(キ)、忌(い)み避ける◆止(と)める、押し止(とど)める、制(セイ)する◆戒(いまし)める、慎(つつし)む、「軽々とした行いを禁じる」; 煙:◆ものが燃える時に発生する気体や微粒子◆煤(すす)、煙の粒子が飛散せずに黒く溜(た)まったもの◆空中を大量の微粒子が浮遊することによって霞(かす)むさま、またぼ; 席:◆むしろ、竹や藁(わら、乾燥させた草の茎)を並べ紐(ひも)で編んだ敷物、人が座ったり横になったりするところに敷くもの、同「蓆」◆座るところ、居並ぶ時の座る位置◆
kk_私立_しりつ,私立,しりつ,私:◆自分、某(それがし)◆自分自身の、自分や自分の身内や自分の知り合いだけの、個人的な、公(おおやけ)でない◆公のことを顧(かえり)みずに自分の利益だけを優先する; 立:◆地(チ、地面、土台、基盤)に足を着け垂直にする、また垂直になる、地から上に向かって伸ばす、また伸びる◆しっかりとした土台を築いてその上にものを作り上げて行く、,N3,on,on+on,A3_short_compound(on+on 71%),私:◆自分、某(それがし)◆自分自身の、自分や自分の身内や自分の知り合いだけの、個人的な、公(おおやけ)でない◆公のことを顧(かえり)みずに自分の利益だけを優先する; 立:◆地(チ、地面、土台、基盤)に足を着け垂直にする、また垂直になる、地から上に向かって伸ばす、また伸びる◆しっかりとした土台を築いてその上にものを作り上げて行く、
kk_科目/課目_かもく,科目/課目,かもく,科:◆穀物の生産量や品質の良し悪しの程度を幾つかに区分し順に並べたもの、等級◆罪の軽重に従い量刑を定める、またそれを適用する(科する)◆分類し同等のものを一つに纏(; 目:◆眼(め、眼球ガンキュウ、黒目くろめ)・白目(しろめ、結膜ケツマク)・視神経などを含むものを見る器官全体、またその形状や様子や機能◆ものを見る、また見分ける◆眼; 課:◆成果(セイカ)・結果(ケッカ)がどうか(どうなるか)を調べる、試(ため)す◆官吏(カンリ)登用の試験(シケン)◆税(ゼイ)、国や領主に納(おさ)める金銭・収穫,N3,on,on+on+on+on~,A4_multi_on(on+on+on+on 65%) | B_verb_rad_言(kun 80%),科:◆穀物の生産量や品質の良し悪しの程度を幾つかに区分し順に並べたもの、等級◆罪の軽重に従い量刑を定める、またそれを適用する(科する)◆分類し同等のものを一つに纏(; 目:◆眼(め、眼球ガンキュウ、黒目くろめ)・白目(しろめ、結膜ケツマク)・視神経などを含むものを見る器官全体、またその形状や様子や機能◆ものを見る、また見分ける◆眼; 課:◆成果(セイカ)・結果(ケッカ)がどうか(どうなるか)を調べる、試(ため)す◆官吏(カンリ)登用の試験(シケン)◆税(ゼイ)、国や領主に納(おさ)める金銭・収穫
kk_秘書_ひしょ,秘書,ひしょ,秘:◆外から見えない、人目に触れない、またそのようににする◆奥が深く人知では伺い知れない、滅多に目にすることができない; 書:◆文字を筆(聿)などで記(しる)す、著(あらわ)す、「書物(ショモツ)」「文書(ブンショ)」◆手紙、「書信(ショシン)」◆「書経(ショキョウ、別名尚書ショウショ,N3,on,on+on,A3_short_compound(on+on 71%),秘:◆外から見えない、人目に触れない、またそのようににする◆奥が深く人知では伺い知れない、滅多に目にすることができない; 書:◆文字を筆(聿)などで記(しる)す、著(あらわ)す、「書物(ショモツ)」「文書(ブンショ)」◆手紙、「書信(ショシン)」◆「書経(ショキョウ、別名尚書ショウショ
kk_秤_はかり,秤,はかり,秤:◆分銅(フンドウ、重さの基準となる金属の塊)と釣り合いをとることで、ものの重さを量(はか)る道具◆ものの重さを量(はか)る、同「稱」,N3,kun,kun,IL2_single_default(kun 84%),秤:◆分銅(フンドウ、重さの基準となる金属の塊)と釣り合いをとることで、ものの重さを量(はか)る道具◆ものの重さを量(はか)る、同「稱」
kk_移動_いどう,移動,いどう,移:◆位置がずれる、次へ次へと位置や状況などが変わって行く◆ものを今あるところから別のところに動かす、また動く、位置を変える、位置が変わる、同「迻」「徙」「乁」◆次; 動:◆位置・姿勢・感情・状態・事情などが変わる、また変える、また変わり始める、「動作」「行動」「感動」◆やや・もすれば、どうかすると(～になる、～になりやすい),N3,on,on+on,A3_short_compound(on+on 71%) | B_verb_rad_力(kun 80%),移:◆位置がずれる、次へ次へと位置や状況などが変わって行く◆ものを今あるところから別のところに動かす、また動く、位置を変える、位置が変わる、同「迻」「徙」「乁」◆次; 動:◆位置・姿勢・感情・状態・事情などが変わる、また変える、また変わり始める、「動作」「行動」「感動」◆やや・もすれば、どうかすると(～になる、～になりやすい)
kk_移転_いてん,移転,いてん,移:◆位置がずれる、次へ次へと位置や状況などが変わって行く◆ものを今あるところから別のところに動かす、また動く、位置を変える、位置が変わる、同「迻」「徙」「乁」◆次; 転:◆(車輪が回るように)ごろりと回る、ぐるりと回る、「回転(カイテン)」◆(車輪が接地する位置を変えながら転がり進んで行くように次へ次へと)位置や方向を変える、ま,N3,on,on+on,A3_short_compound(on+on 71%),移:◆位置がずれる、次へ次へと位置や状況などが変わって行く◆ものを今あるところから別のところに動かす、また動く、位置を変える、位置が変わる、同「迻」「徙」「乁」◆次; 転:◆(車輪が回るように)ごろりと回る、ぐるりと回る、「回転(カイテン)」◆(車輪が接地する位置を変えながら転がり進んで行くように次へ次へと)位置や方向を変える、ま
kk_程度_ていど,程度,ていど,程:◆ものの大小・長短・軽重・強弱・優劣などをはかる(測る・量る・計る)際の基準・規格◆一定の決まり・手順・方法◆定まっている基準・規格・決まり・区切り・手順・方法; 度:◆長さを測(はか)る際に基準となる物差し(ものさし)、またその目盛(めもり)、「度量(ドリョウ、長さと容量、人の言動をどの程度容認できるかの大きさ)」「法度(ハ,N3,on,on+on,A3_short_compound(on+on 71%) | B_noun_rad_广(kun 93%),程:◆ものの大小・長短・軽重・強弱・優劣などをはかる(測る・量る・計る)際の基準・規格◆一定の決まり・手順・方法◆定まっている基準・規格・決まり・区切り・手順・方法; 度:◆長さを測(はか)る際に基準となる物差し(ものさし)、またその目盛(めもり)、「度量(ドリョウ、長さと容量、人の言動をどの程度容認できるかの大きさ)」「法度(ハ
kk_税金_ぜいきん,税金,ぜいきん,税:◆国や領主に納める収穫物や金銭、租(田畑などからの収穫物)・庸(労役)・調(穀物以外の布などの現物)の総称◆収穫物や商売などによって得た利益の一部を(税として); 金:◆黄金・白銀・赤銅・青銅・青鉛・黒鉄などの総称、金属の総称◆(黄金のように)黄色い、輝く、美しい、貴重な、(金属のように)堅い◆金属製のもの◆銭(ぜに)、またそ,N3,on,on+on,B_noun_rad_金(kun 93%),税:◆国や領主に納める収穫物や金銭、租(田畑などからの収穫物)・庸(労役)・調(穀物以外の布などの現物)の総称◆収穫物や商売などによって得た利益の一部を(税として); 金:◆黄金・白銀・赤銅・青銅・青鉛・黒鉄などの総称、金属の総称◆(黄金のように)黄色い、輝く、美しい、貴重な、(金属のように)堅い◆金属製のもの◆銭(ぜに)、またそ
kk_種_たね,種,たね,種:◆(植物が)生長し実を結ぶ元になるもの、またそれを植え付ける、またそれを蒔(ま)く◆起源を同じにするもの、共通性のあるもの、またその集まり◆簡「种」,N3,kun,kun,IL2_single_default(kun 84%),種:◆(植物が)生長し実を結ぶ元になるもの、またそれを植え付ける、またそれを蒔(ま)く◆起源を同じにするもの、共通性のあるもの、またその集まり◆簡「种」
kk_稼ぐ_かせぐ,稼ぐ,かせぐ,稼:◆穀物の種を蒔(ま)く◆穀物の実、穀物◆「稼穡(カショウ)」◇種を蒔き収穫すること◇農作業、農業◆[日]働いて収入(銭や物)を得る,N3,kun,kun,IL1_okurigana(kun 96%) | IL2_single_okuri(kun 96%),稼:◆穀物の種を蒔(ま)く◆穀物の実、穀物◆「稼穡(カショウ)」◇種を蒔き収穫すること◇農作業、農業◆[日]働いて収入(銭や物)を得る
kk_稽古_けいこ,稽古,けいこ,稽:◆留(とど)まる、同じ状態を続ける◆「稽首(ケイシュ)」、跪(ひざまず)き、膝の前で手を揃えて地に着け、頭をその手に乗せ、その状態を保つ礼、九拝(拝礼の作法)の; 古:◆以前、昔(むかし)、以前の、昔の、同「故」◆長い時を経(へ)ているさま,N3,on,on+on,A3_short_compound(on+on 71%),稽:◆留(とど)まる、同じ状態を続ける◆「稽首(ケイシュ)」、跪(ひざまず)き、膝の前で手を揃えて地に着け、頭をその手に乗せ、その状態を保つ礼、九拝(拝礼の作法)の; 古:◆以前、昔(むかし)、以前の、昔の、同「故」◆長い時を経(へ)ているさま
kk_積む_つむ,積む,つむ,積:◆(刈り取った穀物を)集めて次々に重ねて行く、上へ上へと重ねて行く◆堆(うずたか)く蓄(たくわ)える、貯(た)める◆数学で掛け算の結果◆「疳積(カンシャク)」、,N3,kun,kun,IL1_okurigana(kun 96%) | IL2_single_okuri(kun 96%),積:◆(刈り取った穀物を)集めて次々に重ねて行く、上へ上へと重ねて行く◆堆(うずたか)く蓄(たくわ)える、貯(た)める◆数学で掛け算の結果◆「疳積(カンシャク)」、
kk_積もる_つもる,積もる,つもる,積:◆(刈り取った穀物を)集めて次々に重ねて行く、上へ上へと重ねて行く◆堆(うずたか)く蓄(たくわ)える、貯(た)める◆数学で掛け算の結果◆「疳積(カンシャク)」、,N3,kun,kun,IL1_okurigana(kun 96%) | IL2_single_okuri(kun 96%),積:◆(刈り取った穀物を)集めて次々に重ねて行く、上へ上へと重ねて行く◆堆(うずたか)く蓄(たくわ)える、貯(た)める◆数学で掛け算の結果◆「疳積(カンシャク)」、
kk_積極的_せっきょくてき,積極的,せっきょくてき,積:◆(刈り取った穀物を)集めて次々に重ねて行く、上へ上へと重ねて行く◆堆(うずたか)く蓄(たくわ)える、貯(た)める◆数学で掛け算の結果◆「疳積(カンシャク)」、; 極:◆屋根の棟(むね)、最も高いところ、またそこに渡した木、棟木(むなぎ)◆頂点、先端◆これ以上はない、それより先はない、またそこに達する◆究(きわ)まる、尽(つ); 的:◆弓で矢を射(い)る時の目標とするもの、同「㢩」「墑」◆額(ひたい)の部分だけが白い馬、またその額の白い部分、女性が額に施(ほどこ)す(赤い点状の)装飾◆(弓の,N3,mixed,kun+on+on~,A4_multi_on(on+on+on 65%) | B_noun_rad_木(kun 93%),積:◆(刈り取った穀物を)集めて次々に重ねて行く、上へ上へと重ねて行く◆堆(うずたか)く蓄(たくわ)える、貯(た)める◆数学で掛け算の結果◆「疳積(カンシャク)」、; 極:◆屋根の棟(むね)、最も高いところ、またそこに渡した木、棟木(むなぎ)◆頂点、先端◆これ以上はない、それより先はない、またそこに達する◆究(きわ)まる、尽(つ); 的:◆弓で矢を射(い)る時の目標とするもの、同「㢩」「墑」◆額(ひたい)の部分だけが白い馬、またその額の白い部分、女性が額に施(ほどこ)す(赤い点状の)装飾◆(弓の
kk_穏やか_おだやか,穏やか,おだやか,穏:◆安らかなさま、落ち着いているさま、「安隱(アンオン、アンノン)」◆揺れ動くことなく安定しているさま、「【藝文類聚:卷四:歲時中:三月三日】…穩坐不搖…」,N3,kun,kun,IL1_okurigana(kun 96%) | IL2_single_okuri(kun 96%),穏:◆安らかなさま、落ち着いているさま、「安隱(アンオン、アンノン)」◆揺れ動くことなく安定しているさま、「【藝文類聚:卷四:歲時中:三月三日】…穩坐不搖…」
kk_穴_あな,穴,あな,"穴:◆土や岩などの""⊂""字状に窪(くぼ)んだ空間、窟(いわや)、またそのような地形また形、反対側に突き抜けないもの、「洞穴(ドウケツ)」、突き抜けているものは「孔」",N3,kun,kun,IL2_single_default(kun 84%),"穴:◆土や岩などの""⊂""字状に窪(くぼ)んだ空間、窟(いわや)、またそのような地形また形、反対側に突き抜けないもの、「洞穴(ドウケツ)」、突き抜けているものは「孔」"
kk_空_から,空,から,空:◆(中に)何もない、何も含まれていない、虚(うつ)ろなさま◆何もないところ、天と地の間(あいだ),N3,kun,kun,IL2_single_default(kun 84%),空:◆(中に)何もない、何も含まれていない、虚(うつ)ろなさま◆何もないところ、天と地の間(あいだ)
kk_空き_あき,空き,あき,空:◆(中に)何もない、何も含まれていない、虚(うつ)ろなさま◆何もないところ、天と地の間(あいだ),N3,kun,kun,IL1_okurigana(kun 96%) | IL2_single_okuri(kun 96%),空:◆(中に)何もない、何も含まれていない、虚(うつ)ろなさま◆何もないところ、天と地の間(あいだ)
kk_空っぽ_からっぽ,空っぽ,からっぽ,空:◆(中に)何もない、何も含まれていない、虚(うつ)ろなさま◆何もないところ、天と地の間(あいだ),N3,kun,kun,IL1_okurigana(kun 96%) | IL2_single_okuri(kun 96%),空:◆(中に)何もない、何も含まれていない、虚(うつ)ろなさま◆何もないところ、天と地の間(あいだ)
kk_空席_くうせき,空席,くうせき,空:◆(中に)何もない、何も含まれていない、虚(うつ)ろなさま◆何もないところ、天と地の間(あいだ); 席:◆むしろ、竹や藁(わら、乾燥させた草の茎)を並べ紐(ひも)で編んだ敷物、人が座ったり横になったりするところに敷くもの、同「蓆」◆座るところ、居並ぶ時の座る位置◆,N3,on,on+on,B_noun_rad_巾(kun 93%),空:◆(中に)何もない、何も含まれていない、虚(うつ)ろなさま◆何もないところ、天と地の間(あいだ); 席:◆むしろ、竹や藁(わら、乾燥させた草の茎)を並べ紐(ひも)で編んだ敷物、人が座ったり横になったりするところに敷くもの、同「蓆」◆座るところ、居並ぶ時の座る位置◆
kk_突き当り_つきあたり,突き当り,つきあたり,突:◆犬が穴から急に飛び出す、また飛び出てくる◆急に、不意に◆つ・く、撞(つ)く、(棒状のものを正面から)まっすぐに当てる◆そこだけ凸状に飛び出ているさま、またその; 当:◆正面からぶつかる、正面から向き合う、相対する、同「噹」◆適合する、相応しい◆受け持つ、引き受ける◆そうするべき、そうあるべき◆この(this)、今、此処(ここ,N3,kun,kun+kun~,IL1_okurigana(kun 96%) | A1_compound_oku(kun 90%) | A1_on_kun_mix(on+kun 65%),突:◆犬が穴から急に飛び出す、また飛び出てくる◆急に、不意に◆つ・く、撞(つ)く、(棒状のものを正面から)まっすぐに当てる◆そこだけ凸状に飛び出ているさま、またその; 当:◆正面からぶつかる、正面から向き合う、相対する、同「噹」◆適合する、相応しい◆受け持つ、引き受ける◆そうするべき、そうあるべき◆この(this)、今、此処(ここ
kk_突く_つく,突く,つく,突:◆犬が穴から急に飛び出す、また飛び出てくる◆急に、不意に◆つ・く、撞(つ)く、(棒状のものを正面から)まっすぐに当てる◆そこだけ凸状に飛び出ているさま、またその,N3,kun,kun,IL1_okurigana(kun 96%) | IL2_single_okuri(kun 96%),突:◆犬が穴から急に飛び出す、また飛び出てくる◆急に、不意に◆つ・く、撞(つ)く、(棒状のものを正面から)まっすぐに当てる◆そこだけ凸状に飛び出ているさま、またその
kk_突然_とつぜん,突然,とつぜん,突:◆犬が穴から急に飛び出す、また飛び出てくる◆急に、不意に◆つ・く、撞(つ)く、(棒状のものを正面から)まっすぐに当てる◆そこだけ凸状に飛び出ているさま、またその; 然:◆燃やす、火で焼く、「イヌ(犬、狗)の肉(月)を燃やす(灬)」の意、同「燃」◆～のような、～のように◆しか・も、その上に、それでも◆しか・り、その通り、yes◆,N3,on,on+on,,突:◆犬が穴から急に飛び出す、また飛び出てくる◆急に、不意に◆つ・く、撞(つ)く、(棒状のものを正面から)まっすぐに当てる◆そこだけ凸状に飛び出ているさま、またその; 然:◆燃やす、火で焼く、「イヌ(犬、狗)の肉(月)を燃やす(灬)」の意、同「燃」◆～のような、～のように◆しか・も、その上に、それでも◆しか・り、その通り、yes◆
kk_窓口_まどぐち,窓口,まどぐち,窓:◆通気や採光のために壁などに設けるもの、同「囱」「牎」 ◆壁など(内と外を隔てる遮蔽物)の内と外の間の開口部; 口:◆動物の食べたり声を発したりするための器官◆ものが出入りするために空(あ)けた(空いた)ところ、(口のように)全体の内の一部空いたところ◆言葉、言葉を発する、語,N3,other,mixed+mixed~,,窓:◆通気や採光のために壁などに設けるもの、同「囱」「牎」 ◆壁など(内と外を隔てる遮蔽物)の内と外の間の開口部; 口:◆動物の食べたり声を発したりするための器官◆ものが出入りするために空(あ)けた(空いた)ところ、(口のように)全体の内の一部空いたところ◆言葉、言葉を発する、語
kk_立ち上がる_たちあがる,立ち上がる,たちあがる,立:◆地(チ、地面、土台、基盤)に足を着け垂直にする、また垂直になる、地から上に向かって伸ばす、また伸びる◆しっかりとした土台を築いてその上にものを作り上げて行く、; 上:◆位置・場所・地位などが高い、高い方にある◆高い方に移る、昇る、登る◆順序・時間などが前、前の方にある◆前の方に移る◆等級・品質などが高い、優れている◆殿様、皇,N3,kun,kun+kun~,IL1_okurigana(kun 96%) | A1_compound_oku(kun 90%) | A1_on_kun_mix(on+kun 65%),立:◆地(チ、地面、土台、基盤)に足を着け垂直にする、また垂直になる、地から上に向かって伸ばす、また伸びる◆しっかりとした土台を築いてその上にものを作り上げて行く、; 上:◆位置・場所・地位などが高い、高い方にある◆高い方に移る、昇る、登る◆順序・時間などが前、前の方にある◆前の方に移る◆等級・品質などが高い、優れている◆殿様、皇
kk_立ち寄る_たちよる,立ち寄る,たちよる,立:◆地(チ、地面、土台、基盤)に足を着け垂直にする、また垂直になる、地から上に向かって伸ばす、また伸びる◆しっかりとした土台を築いてその上にものを作り上げて行く、; 寄:◆他のものを頼りにする、他のものに凭(もた)れ掛かる◆託(たく)する、他人(ひと)に預(あず)ける、委(ゆだ)ねる、「寄託(キタク)」「寄命(キメイ、命を託す、,N3,kun,kun+kun~,IL1_okurigana(kun 96%) | A1_compound_oku(kun 90%) | A1_on_kun_mix(on+kun 65%),立:◆地(チ、地面、土台、基盤)に足を着け垂直にする、また垂直になる、地から上に向かって伸ばす、また伸びる◆しっかりとした土台を築いてその上にものを作り上げて行く、; 寄:◆他のものを頼りにする、他のものに凭(もた)れ掛かる◆託(たく)する、他人(ひと)に預(あず)ける、委(ゆだ)ねる、「寄託(キタク)」「寄命(キメイ、命を託す、
kk_立場_たちば,立場,たちば,立:◆地(チ、地面、土台、基盤)に足を着け垂直にする、また垂直になる、地から上に向かって伸ばす、また伸びる◆しっかりとした土台を築いてその上にものを作り上げて行く、; 場:◆(日当たりのよい、収穫した穀物の乾燥・脱穀などをする、また多くの人やものが集まる)広く平らなところ、「広場」、同「塲」◆一段と高くし上を平らに作ったところ、台,N3,kun,kun+kun~,A3_short_compound(on+on 71%),立:◆地(チ、地面、土台、基盤)に足を着け垂直にする、また垂直になる、地から上に向かって伸ばす、また伸びる◆しっかりとした土台を築いてその上にものを作り上げて行く、; 場:◆(日当たりのよい、収穫した穀物の乾燥・脱穀などをする、また多くの人やものが集まる)広く平らなところ、「広場」、同「塲」◆一段と高くし上を平らに作ったところ、台
kk_端_はし,端,はし,端:◆物事の始まり、最初、「端緒(タンショ、タンチョ)」、同「耑」◆始め(始まり)か終わりのどちらか片方、「一端(イッタン)」「両端(リョウタン)」◆まっすぐなさま,N3,kun,kun,IL2_single_default(kun 84%),端:◆物事の始まり、最初、「端緒(タンショ、タンチョ)」、同「耑」◆始め(始まり)か終わりのどちらか片方、「一端(イッタン)」「両端(リョウタン)」◆まっすぐなさま
kk_競技_きょうぎ,競技,きょうぎ,競:◆互いに勝負(かちまけ)や優劣を争い合う、張り合う◆強い、しっかりとしている、曲がったり歪(ゆが)んだり挫(くじ)けたりすることがない、【春秋左傳正義:卷十一:; 技:◆手足を使い巧(たく)みに物を作る或いは操(あやつ)る、またその能力や方法◆藝(ゲイ、芸術、技芸)、巧みに演(エン)ずる、またその能力や方法,N3,on,on+on,A3_short_compound(on+on 71%) | B_verb_rad_手(kun 80%),競:◆互いに勝負(かちまけ)や優劣を争い合う、張り合う◆強い、しっかりとしている、曲がったり歪(ゆが)んだり挫(くじ)けたりすることがない、【春秋左傳正義:卷十一:; 技:◆手足を使い巧(たく)みに物を作る或いは操(あやつ)る、またその能力や方法◆藝(ゲイ、芸術、技芸)、巧みに演(エン)ずる、またその能力や方法
kk_笑い声_わらいごえ,笑い声,わらいごえ,笑:◆喜び顔を綻(ほころ)ばせる、顔を綻ばせ歯を見せる、同「𥬇」「㗛」「咲」◆面白(おもしろ)おかしい◆侮(あなど)って小さく口を開く、嘲笑う(あざわらう)◆花が咲; 声:◆磬(ケイ、石また玉製の打楽器)、またその音◆人や動物が口から発する音、一般には高低強弱などの抑揚がある音が連続し全体として意味を持つものを指す、意味をなさない,N3,other,mixed+mixed~,IL1_okurigana(kun 96%) | A1_compound_oku(kun 90%) | A1_on_kun_mix(on+kun 65%),笑:◆喜び顔を綻(ほころ)ばせる、顔を綻ばせ歯を見せる、同「𥬇」「㗛」「咲」◆面白(おもしろ)おかしい◆侮(あなど)って小さく口を開く、嘲笑う(あざわらう)◆花が咲; 声:◆磬(ケイ、石また玉製の打楽器)、またその音◆人や動物が口から発する音、一般には高低強弱などの抑揚がある音が連続し全体として意味を持つものを指す、意味をなさない
kk_第一_だいいち,第一,だいいち,第:◆階段のように段々に区切られているさま◆高低の並び、順序、順位、順番、序列、等級◆(昇進・採用のための等級ごとに行われる)試験◆大きな屋敷; 一:◆最初、最初の数、最も小さい数、同「壹」 ◆(幾つかあるものの内の、全体の中の)一つ、一つの、一つに、それだけ、ひたすら、同「壹」◆同じ、等しい、「同じ一つのも,N3,on,on+on,B_noun_rad_竹(kun 93%),第:◆階段のように段々に区切られているさま◆高低の並び、順序、順位、順番、序列、等級◆(昇進・採用のための等級ごとに行われる)試験◆大きな屋敷; 一:◆最初、最初の数、最も小さい数、同「壹」 ◆(幾つかあるものの内の、全体の中の)一つ、一つの、一つに、それだけ、ひたすら、同「壹」◆同じ、等しい、「同じ一つのも
kk_筆者_ひっしゃ,筆者,ひっしゃ,筆:◆墨や絵の具を穂先に含ませて字を書いたり絵を描いたりする道具、またそれで字を書く、また絵を描く、またそれで書いた(描いた)字や絵; 者:◆～の人、～する人、「使者(ししゃ、使いをする人、運び届けること)」◆こと(事)、もの(物)、「再者(サイシャ、更に付け加えること、追伸)」「前者(ゼンシャ、前,N3,on,on+on,A3_short_compound(on+on 71%) | B_noun_rad_竹(kun 93%),筆:◆墨や絵の具を穂先に含ませて字を書いたり絵を描いたりする道具、またそれで字を書く、また絵を描く、またそれで書いた(描いた)字や絵; 者:◆～の人、～する人、「使者(ししゃ、使いをする人、運び届けること)」◆こと(事)、もの(物)、「再者(サイシャ、更に付け加えること、追伸)」「前者(ゼンシャ、前
kk_答案_とうあん,答案,とうあん,答:◆相手からの問い掛けや働き掛けに対して自分の意思を言葉や態度で返す、返事をする◆相手からの問い掛けや働き掛けに応対する、応(こた)える◆相手の心遣いなどに言葉や; 案:◆机、テーブルtable、方形で比較的小さなものや低いものを指す、料理を載(の)せる脚付きの台や座った時に肘(ひじ)などを載せて体を凭(もた)れ掛ける脇息(キョ,N3,on,on+on,B_noun_rad_竹(kun 93%) | B_noun_rad_木(kun 93%),答:◆相手からの問い掛けや働き掛けに対して自分の意思を言葉や態度で返す、返事をする◆相手からの問い掛けや働き掛けに応対する、応(こた)える◆相手の心遣いなどに言葉や; 案:◆机、テーブルtable、方形で比較的小さなものや低いものを指す、料理を載(の)せる脚付きの台や座った時に肘(ひじ)などを載せて体を凭(もた)れ掛ける脇息(キョ
kk_算数_さんすう,算数,さんすう,算:◆数(かず)を数(かぞ)える、同「筭」◆数を計算する(本数や置き方によって数を表す)ための竹の棒、占いにも用いる、同「籌」、「算籌(サンチュウ、計算また占いに用; 数:◆かず、同種のもの(繰り返されるもの)の多少を表す語◆かぞ・える、一つ二つ(一回二回)と計算する、またその多少◆細かい、煩(わずら)わしい◆しばしば、同じことを,N3,on,on+on,B_noun_rad_竹(kun 93%),算:◆数(かず)を数(かぞ)える、同「筭」◆数を計算する(本数や置き方によって数を表す)ための竹の棒、占いにも用いる、同「籌」、「算籌(サンチュウ、計算また占いに用; 数:◆かず、同種のもの(繰り返されるもの)の多少を表す語◆かぞ・える、一つ二つ(一回二回)と計算する、またその多少◆細かい、煩(わずら)わしい◆しばしば、同じことを
kk_管_くだ,管,くだ,管:◆息を吹き込んで音を出す笛(ふえ)などの細長い筒(つつ)状の楽器◆細長い円柱状で内部が空洞になっているもの、またそのような形のもの◆「管鍵(カンケン)」、鍵穴(,N3,kun,kun,IL2_single_default(kun 84%) | B_noun_rad_竹(kun 93%),管:◆息を吹き込んで音を出す笛(ふえ)などの細長い筒(つつ)状の楽器◆細長い円柱状で内部が空洞になっているもの、またそのような形のもの◆「管鍵(カンケン)」、鍵穴(
kk_管理_かんり,管理,かんり,管:◆息を吹き込んで音を出す笛(ふえ)などの細長い筒(つつ)状の楽器◆細長い円柱状で内部が空洞になっているもの、またそのような形のもの◆「管鍵(カンケン)」、鍵穴(; 理:◆玉(ギョク、大変美しい石)の筋目(すじめ)、規則正しく並んだ筋目◆物事の正しい筋道◆筋道を立てる、また立っている、筋を通す、また通っている◆筋道に沿って判断す,N3,on,on+on,A3_short_compound(on+on 71%) | B_noun_rad_竹(kun 93%),管:◆息を吹き込んで音を出す笛(ふえ)などの細長い筒(つつ)状の楽器◆細長い円柱状で内部が空洞になっているもの、またそのような形のもの◆「管鍵(カンケン)」、鍵穴(; 理:◆玉(ギョク、大変美しい石)の筋目(すじめ)、規則正しく並んだ筋目◆物事の正しい筋道◆筋道を立てる、また立っている、筋を通す、また通っている◆筋道に沿って判断す
kk_節約_せつやく,節約,せつやく,節:◆タケ(竹、イネ科タケ亜科の木)の中空の茎が途中で区切られ外側に硬く盛り上がっているところ、イネ科の植物に多くみられる◆区切り、変わり目、段落、けじめ◆区切りで; 約:◆束ねる、纏(まと)めて束ねる、小さく纏める、同「𠣩」◆結ぶ、結び目、「約定(ヤクジョウ、互いに取り決め結び合うこと)」◆「約束(ヤクソク)」◇しっかりと縛(し,N3,on,on+on,B_noun_rad_竹(kun 93%),節:◆タケ(竹、イネ科タケ亜科の木)の中空の茎が途中で区切られ外側に硬く盛り上がっているところ、イネ科の植物に多くみられる◆区切り、変わり目、段落、けじめ◆区切りで; 約:◆束ねる、纏(まと)めて束ねる、小さく纏める、同「𠣩」◆結ぶ、結び目、「約定(ヤクジョウ、互いに取り決め結び合うこと)」◆「約束(ヤクソク)」◇しっかりと縛(し
kk_範囲_はんい,範囲,はんい,範:◆目的の形に造るための竹製の型(かた)、土製は「型」、金属製は「鎔」、木製は「模」、同簡「范」、同「笵」◆枠(わく)、枠で限られたところ、またその内側、「範圍(; 囲:◆四周を取り巻く◆外から中に入らないように或いは中から外に出ないように周(まわ)りに設けられた区切り◆長さの単位、両手を広げた長さ、一抱(ひとかか)え,N3,on,on+on,A3_short_compound(on+on 71%) | B_noun_rad_竹(kun 93%),範:◆目的の形に造るための竹製の型(かた)、土製は「型」、金属製は「鎔」、木製は「模」、同簡「范」、同「笵」◆枠(わく)、枠で限られたところ、またその内側、「範圍(; 囲:◆四周を取り巻く◆外から中に入らないように或いは中から外に出ないように周(まわ)りに設けられた区切り◆長さの単位、両手を広げた長さ、一抱(ひとかか)え
kk_粉_こな,粉,こな,粉:◆穀物を細かく砕いたもの、「粒」よりも更に細かいもの、またそのような形状のもの◆小さく細かくする◆白くするために砕いて細かくしたもの、顔などに叩(はた)いたり油,N3,kun,kun,IL2_single_default(kun 84%) | B_noun_rad_米(kun 93%),粉:◆穀物を細かく砕いたもの、「粒」よりも更に細かいもの、またそのような形状のもの◆小さく細かくする◆白くするために砕いて細かくしたもの、顔などに叩(はた)いたり油
kk_粒_つぶ,粒,つぶ,粒:◆穀物の種子、(特に米粒を指す)◆小さく丸みを帯びたもの、またそれを数える語,N3,kun,kun,IL2_single_default(kun 84%) | B_noun_rad_米(kun 93%),粒:◆穀物の種子、(特に米粒を指す)◆小さく丸みを帯びたもの、またそれを数える語
kk_粗い_あらい,粗い,あらい,粗:◆脱穀したままで精白していない米、十分に磨(みが)かれていない米、同「𥼗」◆よく手が加えられていないさま、洗練されていないさま◆きれいに整えられていない(揃って,N3,kun,kun,IL1_okurigana(kun 96%) | IL2_single_okuri(kun 96%) | B_noun_rad_米(kun 93%),粗:◆脱穀したままで精白していない米、十分に磨(みが)かれていない米、同「𥼗」◆よく手が加えられていないさま、洗練されていないさま◆きれいに整えられていない(揃って
kk_粗末_そまつ,粗末,そまつ,粗:◆脱穀したままで精白していない米、十分に磨(みが)かれていない米、同「𥼗」◆よく手が加えられていないさま、洗練されていないさま◆きれいに整えられていない(揃って; 末:◆木の先(さき)の細い部分、端(はじ)、先端◆物事の最後、終わり◆細いさま、細(こま)かいさま、小さいさま◆(端の方にあって或いは細かくて)取るに足りない、些細,N3,on,on+on,A3_short_compound(on+on 71%) | B_noun_rad_米(kun 93%) | B_noun_rad_木(kun 93%),粗:◆脱穀したままで精白していない米、十分に磨(みが)かれていない米、同「𥼗」◆よく手が加えられていないさま、洗練されていないさま◆きれいに整えられていない(揃って; 末:◆木の先(さき)の細い部分、端(はじ)、先端◆物事の最後、終わり◆細いさま、細(こま)かいさま、小さいさま◆(端の方にあって或いは細かくて)取るに足りない、些細
kk_紅葉_もみじ,紅葉,もみじ,紅:◆(やや)白色が混じった赤色、濃いピンクpink色、赤色(淡赤から深赤まで全般を指す)◆(花や女性の)美しいさま、艶(あで)やかなさま◆「女紅(ジョコウ)」、女; 葉:◆植物の茎や枝から伸び出る薄く平らなもの、主に光を受け成長に必要な養分を合成する(光合成、コウゴウセイ)役割を担う◆(葉のように)薄いもの◆紙などのような薄いも,N3,other,mixed+mixed~,A3_short_compound(on+on 71%),紅:◆(やや)白色が混じった赤色、濃いピンクpink色、赤色(淡赤から深赤まで全般を指す)◆(花や女性の)美しいさま、艶(あで)やかなさま◆「女紅(ジョコウ)」、女; 葉:◆植物の茎や枝から伸び出る薄く平らなもの、主に光を受け成長に必要な養分を合成する(光合成、コウゴウセイ)役割を担う◆(葉のように)薄いもの◆紙などのような薄いも
kk_納得_なっとく,納得,なっとく,納:◆外にあるものを内(うち)に入れる、建物や容器の中に入れる◆他のものを受け入れる、自分のものを他へ渡す◆ここで止(や)めて終わりにする、これまでのことを終わりに; 得:◆手に入れる、手に入る、自分のものにする、自分のものになる、身に付く◆ぴったりと合う、相応(ふさわ)しい◆意に適(かな)う◆～できる◆儲(もう)かる、出て行くも,N3,on,on+on,,納:◆外にあるものを内(うち)に入れる、建物や容器の中に入れる◆他のものを受け入れる、自分のものを他へ渡す◆ここで止(や)めて終わりにする、これまでのことを終わりに; 得:◆手に入れる、手に入る、自分のものにする、自分のものになる、身に付く◆ぴったりと合う、相応(ふさわ)しい◆意に適(かな)う◆～できる◆儲(もう)かる、出て行くも
kk_紐_ひも,紐,ひも,紐:◆何本かの糸を縒(よ)り合わせた太い糸◆(紐で)結ぶ、(紐で)束ねる◆「紐扣(チュウコウ)」、紐を編んだボタンbutton(衣服の合わせ部分を留めるもの)◆「龜,N3,kun,kun,IL2_single_default(kun 84%),紐:◆何本かの糸を縒(よ)り合わせた太い糸◆(紐で)結ぶ、(紐で)束ねる◆「紐扣(チュウコウ)」、紐を編んだボタンbutton(衣服の合わせ部分を留めるもの)◆「龜
kk_素敵_すてき,素敵,すてき,素:◆色を染める前の白い糸◆白い、無地の◆形は整えられているが、それ以上には手が加えられていない、本来の、元のままの、「素質(ソシツ)」◆飾らない、飾り気のない、「; 敵:◆正面から向き合う(向き合える)相手、釣り合いの取れた相手◆「匹敵(ヒッテキ)」、釣り合うこと、対等であること、またその相手◆正面から向き合う、また立ち向かう、,N3,on,on+on,A3_short_compound(on+on 71%),素:◆色を染める前の白い糸◆白い、無地の◆形は整えられているが、それ以上には手が加えられていない、本来の、元のままの、「素質(ソシツ)」◆飾らない、飾り気のない、「; 敵:◆正面から向き合う(向き合える)相手、釣り合いの取れた相手◆「匹敵(ヒッテキ)」、釣り合うこと、対等であること、またその相手◆正面から向き合う、また立ち向かう、
kk_素直_すなお,素直,すなお,素:◆色を染める前の白い糸◆白い、無地の◆形は整えられているが、それ以上には手が加えられていない、本来の、元のままの、「素質(ソシツ)」◆飾らない、飾り気のない、「; 直:◆ものをまっすぐによく見る◆まっすぐなさま、曲がったり折れたり歪(ゆが)んだりしない(していない)さま、「正直(ショウジキ、まっすぐなこと、嘘や偽りがないこと),N3,mixed,on+kun~,A3_short_compound(on+on 71%),素:◆色を染める前の白い糸◆白い、無地の◆形は整えられているが、それ以上には手が加えられていない、本来の、元のままの、「素質(ソシツ)」◆飾らない、飾り気のない、「; 直:◆ものをまっすぐによく見る◆まっすぐなさま、曲がったり折れたり歪(ゆが)んだりしない(していない)さま、「正直(ショウジキ、まっすぐなこと、嘘や偽りがないこと)
kk_細長い_ほそながい,細長い,ほそながい,細:◆小さい◆幅が狭い◆(細く)弱々しいさま、しなやかなさま◆(細部にまで亘って)詳(くわ)しい; 長:◆距離や時間などが途切れることなく連なっている、離れたところまでずぅっと続いている、途切れなく続いているものの二点(両端)が大きく隔(へだ)たっている、またその,N3,kun,kun+kun,IL1_okurigana(kun 96%) | A1_compound_oku(kun 90%) | A1_on_kun_mix(on+kun 65%),細:◆小さい◆幅が狭い◆(細く)弱々しいさま、しなやかなさま◆(細部にまで亘って)詳(くわ)しい; 長:◆距離や時間などが途切れることなく連なっている、離れたところまでずぅっと続いている、途切れなく続いているものの二点(両端)が大きく隔(へだ)たっている、またその
kk_終に_ついに,終に,ついに,終:◆途切れずに続いているものの後方の部分、始まりの部分は「始」◆続いていたものが尽きる、これから先はないところにまで到(いた)る◆最後に、ついに、しまいに、とうと,N3,kun,kun,IL1_okurigana(kun 96%) | IL2_single_okuri(kun 96%),終:◆途切れずに続いているものの後方の部分、始まりの部分は「始」◆続いていたものが尽きる、これから先はないところにまで到(いた)る◆最後に、ついに、しまいに、とうと
kk_終了_しゅうりょう,終了,しゅうりょう,終:◆途切れずに続いているものの後方の部分、始まりの部分は「始」◆続いていたものが尽きる、これから先はないところにまで到(いた)る◆最後に、ついに、しまいに、とうと; 了:◆～し終わる、～し終える、完結する◆はっきりと分かる、はっきりしている、明らかなさま、同「瞭」◆全く、すっかり,N3,on,on+on,,終:◆途切れずに続いているものの後方の部分、始まりの部分は「始」◆続いていたものが尽きる、これから先はないところにまで到(いた)る◆最後に、ついに、しまいに、とうと; 了:◆～し終わる、～し終える、完結する◆はっきりと分かる、はっきりしている、明らかなさま、同「瞭」◆全く、すっかり
kk_終点_しゅうてん,終点,しゅうてん,終:◆途切れずに続いているものの後方の部分、始まりの部分は「始」◆続いていたものが尽きる、これから先はないところにまで到(いた)る◆最後に、ついに、しまいに、とうと; 点:◆小さな(黒い)染(し)み・瑕(きず)・印(しるし)、またそのようなものを付ける、「汚点(オテン)」◆小さく狭く限られた場所・範囲・位置・事柄、「地点(チテン),N3,on,on+on,,終:◆途切れずに続いているものの後方の部分、始まりの部分は「始」◆続いていたものが尽きる、これから先はないところにまで到(いた)る◆最後に、ついに、しまいに、とうと; 点:◆小さな(黒い)染(し)み・瑕(きず)・印(しるし)、またそのようなものを付ける、「汚点(オテン)」◆小さく狭く限られた場所・範囲・位置・事柄、「地点(チテン)
kk_終電_しゅうでん,終電,しゅうでん,終:◆途切れずに続いているものの後方の部分、始まりの部分は「始」◆続いていたものが尽きる、これから先はないところにまで到(いた)る◆最後に、ついに、しまいに、とうと; 電:◆雷(かみなり)の光、稲妻(いなずま)◆光や音のように一瞬で遠くまで届くもの、また伝わるもの,N3,on,on+on,B_noun_rad_雨(kun 93%),終:◆途切れずに続いているものの後方の部分、始まりの部分は「始」◆続いていたものが尽きる、これから先はないところにまで到(いた)る◆最後に、ついに、しまいに、とうと; 電:◆雷(かみなり)の光、稲妻(いなずま)◆光や音のように一瞬で遠くまで届くもの、また伝わるもの
kk_組み合わせる_くみあわせる,組み合わせる,くみあわせる,組:◆糸や紐(ひも)を編んだ紐、「組紐(くみひも)」◆幾つかのものを合わせて一つに纏(まと)める、また一つに纏まったもの◆「組織(ソシキ)」◇紐を編み糸を織ること◇; 合:◆人や物が集まって一緒になる、また一つになる◆幾つかのものを集め一緒にする、幾つかのものが集まり同じになる◆同じものを纏(まと)めた全体◆ぴったりと一致する、当,N3,kun,kun+kun,IL1_okurigana(kun 96%) | A1_compound_oku(kun 90%) | A1_on_kun_mix(on+kun 65%),組:◆糸や紐(ひも)を編んだ紐、「組紐(くみひも)」◆幾つかのものを合わせて一つに纏(まと)める、また一つに纏まったもの◆「組織(ソシキ)」◇紐を編み糸を織ること◇; 合:◆人や物が集まって一緒になる、また一つになる◆幾つかのものを集め一緒にする、幾つかのものが集まり同じになる◆同じものを纏(まと)めた全体◆ぴったりと一致する、当
kk_組み立てる_くみたてる,組み立てる,くみたてる,組:◆糸や紐(ひも)を編んだ紐、「組紐(くみひも)」◆幾つかのものを合わせて一つに纏(まと)める、また一つに纏まったもの◆「組織(ソシキ)」◇紐を編み糸を織ること◇; 立:◆地(チ、地面、土台、基盤)に足を着け垂直にする、また垂直になる、地から上に向かって伸ばす、また伸びる◆しっかりとした土台を築いてその上にものを作り上げて行く、,N3,kun,kun+kun,IL1_okurigana(kun 96%) | A1_compound_oku(kun 90%) | A1_on_kun_mix(on+kun 65%),組:◆糸や紐(ひも)を編んだ紐、「組紐(くみひも)」◆幾つかのものを合わせて一つに纏(まと)める、また一つに纏まったもの◆「組織(ソシキ)」◇紐を編み糸を織ること◇; 立:◆地(チ、地面、土台、基盤)に足を着け垂直にする、また垂直になる、地から上に向かって伸ばす、また伸びる◆しっかりとした土台を築いてその上にものを作り上げて行く、
kk_組む_くむ,組む,くむ,組:◆糸や紐(ひも)を編んだ紐、「組紐(くみひも)」◆幾つかのものを合わせて一つに纏(まと)める、また一つに纏まったもの◆「組織(ソシキ)」◇紐を編み糸を織ること◇,N3,kun,kun,IL1_okurigana(kun 96%) | IL2_single_okuri(kun 96%),組:◆糸や紐(ひも)を編んだ紐、「組紐(くみひも)」◆幾つかのものを合わせて一つに纏(まと)める、また一つに纏まったもの◆「組織(ソシキ)」◇紐を編み糸を織ること◇
kk_組合_くみあい,組合,くみあい,組:◆糸や紐(ひも)を編んだ紐、「組紐(くみひも)」◆幾つかのものを合わせて一つに纏(まと)める、また一つに纏まったもの◆「組織(ソシキ)」◇紐を編み糸を織ること◇; 合:◆人や物が集まって一緒になる、また一つになる◆幾つかのものを集め一緒にする、幾つかのものが集まり同じになる◆同じものを纏(まと)めた全体◆ぴったりと一致する、当,N3,kun,kun+kun~,,組:◆糸や紐(ひも)を編んだ紐、「組紐(くみひも)」◆幾つかのものを合わせて一つに纏(まと)める、また一つに纏まったもの◆「組織(ソシキ)」◇紐を編み糸を織ること◇; 合:◆人や物が集まって一緒になる、また一つになる◆幾つかのものを集め一緒にする、幾つかのものが集まり同じになる◆同じものを纏(まと)めた全体◆ぴったりと一致する、当
kk_経済的_けいざいてき,経済的,けいざいてき,経:◆たていと、布の縦方向の糸、横は「緯」◆南北の方向、東西は「緯」◆筋道、筋が通っている◆筋が通っていて変わることがない、常に◆どんな場合も変わることがない方向や; 済:◆(舟で)川を渡る◆(難所を、難事を)渡り切る、(互いに手を貸しあって)乗り切る◆手を貸して救い上げる、困っている人に手を貸して(足りないものを補い合って)みな; 的:◆弓で矢を射(い)る時の目標とするもの、同「㢩」「墑」◆額(ひたい)の部分だけが白い馬、またその額の白い部分、女性が額に施(ほどこ)す(赤い点状の)装飾◆(弓の,N3,other,mixed+mixed+mixed~,A4_multi_on(on+on+on 65%),経:◆たていと、布の縦方向の糸、横は「緯」◆南北の方向、東西は「緯」◆筋道、筋が通っている◆筋が通っていて変わることがない、常に◆どんな場合も変わることがない方向や; 済:◆(舟で)川を渡る◆(難所を、難事を)渡り切る、(互いに手を貸しあって)乗り切る◆手を貸して救い上げる、困っている人に手を貸して(足りないものを補い合って)みな; 的:◆弓で矢を射(い)る時の目標とするもの、同「㢩」「墑」◆額(ひたい)の部分だけが白い馬、またその額の白い部分、女性が額に施(ほどこ)す(赤い点状の)装飾◆(弓の
kk_経費_けいひ,経費,けいひ,経:◆たていと、布の縦方向の糸、横は「緯」◆南北の方向、東西は「緯」◆筋道、筋が通っている◆筋が通っていて変わることがない、常に◆どんな場合も変わることがない方向や; 費:◆金銭・品物・労力などを使う、時間・手間などがかかる◆ものなどを買うために用いる金銭、「費用(ヒヨウ)」◆使い減らす、「浪費(ロウヒ)」◆魯ロ国(前11世紀～前,N3,on,on+on,A3_short_compound(on+on 71%),経:◆たていと、布の縦方向の糸、横は「緯」◆南北の方向、東西は「緯」◆筋道、筋が通っている◆筋が通っていて変わることがない、常に◆どんな場合も変わることがない方向や; 費:◆金銭・品物・労力などを使う、時間・手間などがかかる◆ものなどを買うために用いる金銭、「費用(ヒヨウ)」◆使い減らす、「浪費(ロウヒ)」◆魯ロ国(前11世紀～前
kk_結ぶ_むすぶ,結ぶ,むすぶ,結:◆糸や紐(ひも)・縄(なわ)・綱(つな)などの両端を繋(つな)いで解(ほど)けないようにする◆解けたり緩(ゆる)んだりしないように締(し)める、しっかりと繋ぐ◆,N3,kun,kun,IL1_okurigana(kun 96%) | IL2_single_okuri(kun 96%),結:◆糸や紐(ひも)・縄(なわ)・綱(つな)などの両端を繋(つな)いで解(ほど)けないようにする◆解けたり緩(ゆる)んだりしないように締(し)める、しっかりと繋ぐ◆
kk_結局_けっきょく,結局,けっきょく,結:◆糸や紐(ひも)・縄(なわ)・綱(つな)などの両端を繋(つな)いで解(ほど)けないようにする◆解けたり緩(ゆる)んだりしないように締(し)める、しっかりと繋ぐ◆; 局:◆周りが囲まれ区切られた部分や場所◆限定された一部分、狭い範囲◆曲げる、曲げて縮こまる、「狭いところに押し込められている」の意◆将棋などの盤、また形勢・情勢、「,N3,on,on+on,,結:◆糸や紐(ひも)・縄(なわ)・綱(つな)などの両端を繋(つな)いで解(ほど)けないようにする◆解けたり緩(ゆる)んだりしないように締(し)める、しっかりと繋ぐ◆; 局:◆周りが囲まれ区切られた部分や場所◆限定された一部分、狭い範囲◆曲げる、曲げて縮こまる、「狭いところに押し込められている」の意◆将棋などの盤、また形勢・情勢、「
kk_絞る_しぼる,絞る,しぼる,絞:◆紐(ひも)などを交差させてその両端を引く、堅(かた)く縛(しば)る、強く締め付ける◆周りから強く押え付ける,N3,kun,kun,IL1_okurigana(kun 96%) | IL2_single_okuri(kun 96%),絞:◆紐(ひも)などを交差させてその両端を引く、堅(かた)く縛(しば)る、強く締め付ける◆周りから強く押え付ける
kk_統計_とうけい,統計,とうけい,統:◆糸口、糸や物事の端緒◆一つの糸口に繋がって伸び広がる、また続いて行く、遡れば一つの端緒に行き着く、またそのような物事◆一つの物事を端緒・頂点としてその下にばら; 計:◆数える、測る◆(その年の)出納を合わせる◆見積もる、見当をつける,N3,on,on+on,B_verb_rad_言(kun 80%),統:◆糸口、糸や物事の端緒◆一つの糸口に繋がって伸び広がる、また続いて行く、遡れば一つの端緒に行き着く、またそのような物事◆一つの物事を端緒・頂点としてその下にばら; 計:◆数える、測る◆(その年の)出納を合わせる◆見積もる、見当をつける
kk_絵本_えほん,絵本,えほん,絵:◆布にさまざまな色糸を使って模様を刺繍する、また刺繍された布◆さまざまな色を使って模様を描く、また描かれたもの; 本:◆木の根(ね)◆植物や物事の生まれ始まりの部分、ものの根源また起源、「本来(ホンライ、元々、初めから)」◆ものを支えているもの、基(もと)となるもの、拠(よ)り,N3,on,on+on,A3_short_compound(on+on 71%) | B_noun_rad_木(kun 93%),絵:◆布にさまざまな色糸を使って模様を刺繍する、また刺繍された布◆さまざまな色を使って模様を描く、また描かれたもの; 本:◆木の根(ね)◆植物や物事の生まれ始まりの部分、ものの根源また起源、「本来(ホンライ、元々、初めから)」◆ものを支えているもの、基(もと)となるもの、拠(よ)り
kk_絶えず_たえず,絶えず,たえず,絶:◆(一本の糸・続いているもの・繋がっているものを途中で)断(た)ち切る、切り離す、同「𢇍」「𠤉」◆きっぱりと分(わ)かつ◆(それまで続いていたもの・繋がっていた,N3,kun,kun,IL1_okurigana(kun 96%) | IL2_single_okuri(kun 96%),絶:◆(一本の糸・続いているもの・繋がっているものを途中で)断(た)ち切る、切り離す、同「𢇍」「𠤉」◆きっぱりと分(わ)かつ◆(それまで続いていたもの・繋がっていた
kk_絶対_ぜったい,絶対,ぜったい,絶:◆(一本の糸・続いているもの・繋がっているものを途中で)断(た)ち切る、切り離す、同「𢇍」「𠤉」◆きっぱりと分(わ)かつ◆(それまで続いていたもの・繋がっていた; 対:◆向かい合う、向き合う◆二つで一組になるもの◆二つを並べ比較する◆問いに答える、依頼や指示に応(こた)える、相手からの働きかけに応(おう)じた結果を返す,N3,on,on+on,,絶:◆(一本の糸・続いているもの・繋がっているものを途中で)断(た)ち切る、切り離す、同「𢇍」「𠤉」◆きっぱりと分(わ)かつ◆(それまで続いていたもの・繋がっていた; 対:◆向かい合う、向き合う◆二つで一組になるもの◆二つを並べ比較する◆問いに答える、依頼や指示に応(こた)える、相手からの働きかけに応(おう)じた結果を返す
kk_絶対に_ぜったいに,絶対に,ぜったいに,絶:◆(一本の糸・続いているもの・繋がっているものを途中で)断(た)ち切る、切り離す、同「𢇍」「𠤉」◆きっぱりと分(わ)かつ◆(それまで続いていたもの・繋がっていた; 対:◆向かい合う、向き合う◆二つで一組になるもの◆二つを並べ比較する◆問いに答える、依頼や指示に応(こた)える、相手からの働きかけに応(おう)じた結果を返す,N3,on,on+on~,IL1_okurigana(kun 96%) | A1_compound_oku(kun 90%) | A1_on_kun_mix(on+kun 65%),絶:◆(一本の糸・続いているもの・繋がっているものを途中で)断(た)ち切る、切り離す、同「𢇍」「𠤉」◆きっぱりと分(わ)かつ◆(それまで続いていたもの・繋がっていた; 対:◆向かい合う、向き合う◆二つで一組になるもの◆二つを並べ比較する◆問いに答える、依頼や指示に応(こた)える、相手からの働きかけに応(おう)じた結果を返す
kk_網_あみ,網,あみ,網:◆糸や紐(ひも)を格子状に目を粗(あら)く編んだ魚や鳥獣を捕(と)らえる道具、特に魚を捕る網を指す、鳥を捕る網は「羅」、「網羅(モウラ、魚を捕る網と鳥を捕る網、,N3,kun,kun,IL2_single_default(kun 84%),網:◆糸や紐(ひも)を格子状に目を粗(あら)く編んだ魚や鳥獣を捕(と)らえる道具、特に魚を捕る網を指す、鳥を捕る網は「羅」、「網羅(モウラ、魚を捕る網と鳥を捕る網、
kk_綿_めん,綿,めん,綿:◆ワタ(綿、アオイ科ワタ属の草本植物)やキワタ(木棉、アオイ科キワタ属の木本植物)などの植物から採った繊維の総称、植物名のワタは中国では「棉」、日本では繭(まゆ,N3,on,on,IL2_single_default(kun 84%),綿:◆ワタ(綿、アオイ科ワタ属の草本植物)やキワタ(木棉、アオイ科キワタ属の木本植物)などの植物から採った繊維の総称、植物名のワタは中国では「棉」、日本では繭(まゆ
kk_緊張_きんちょう,緊張,きんちょう,緊:◆きつく縒(よ)り合わせる◆隙間ができないように強く締める、堅く引き締める、弛(たる)みがないようにピンと張る◆隙間がないさま、余裕がないさま; 張:◆弓や弦楽器の弦(ゲン、つる)を弛(たる)まないように掛ける、二点間に糸や網などを渡す◆弛(ゆる)みがないようにぴんと伸ばす、皺(しわ)にならないようにぴんと延,N3,on,on+on,,緊:◆きつく縒(よ)り合わせる◆隙間ができないように強く締める、堅く引き締める、弛(たる)みがないようにピンと張る◆隙間がないさま、余裕がないさま; 張:◆弓や弦楽器の弦(ゲン、つる)を弛(たる)まないように掛ける、二点間に糸や網などを渡す◆弛(ゆる)みがないようにぴんと伸ばす、皺(しわ)にならないようにぴんと延
kk_緊急_きんきゅう,緊急,きんきゅう,緊:◆きつく縒(よ)り合わせる◆隙間ができないように強く締める、堅く引き締める、弛(たる)みがないようにピンと張る◆隙間がないさま、余裕がないさま; 急:◆ゆとりがないさま、余裕がないさま、ゆったりとしていないさま◆せ・く、気持ちにゆとりがない、忙(せわ)しい◆いそ・ぐ、間(マ)を置かずに動く、早く動く、せかせか,N3,on,on+on,,緊:◆きつく縒(よ)り合わせる◆隙間ができないように強く締める、堅く引き締める、弛(たる)みがないようにピンと張る◆隙間がないさま、余裕がないさま; 急:◆ゆとりがないさま、余裕がないさま、ゆったりとしていないさま◆せ・く、気持ちにゆとりがない、忙(せわ)しい◆いそ・ぐ、間(マ)を置かずに動く、早く動く、せかせか
kk_緑茶_りょくちゃ,緑茶,りょくちゃ,緑:◆青に黄が混じった色、草木の葉の色◆澄んだ水の深みのような濃い青色◆黒に近い深く濃い青色; 茶:◆チャ(茶)、チャノキ(茶の木)、ツバキ科ツバキ属の木 ◆チャノキの若葉を摘(つ)み煎(せん)じて飲料用に加工したもの、遅い時期に摘み取った茶葉を使ったものは「,N3,on,on+on,A3_short_compound(on+on 71%),緑:◆青に黄が混じった色、草木の葉の色◆澄んだ水の深みのような濃い青色◆黒に近い深く濃い青色; 茶:◆チャ(茶)、チャノキ(茶の木)、ツバキ科ツバキ属の木 ◆チャノキの若葉を摘(つ)み煎(せん)じて飲料用に加工したもの、遅い時期に摘み取った茶葉を使ったものは「
kk_線路_せんろ,線路,せんろ,線:◆糸や紐(ひも)、糸や紐のように細く長いもの、同「綫」「絤」「𦇫」「綖」◆糸や紐のように途切れずに長く延びているもの、二つの点と点を結ぶもの、またその形状や状態; 路:◆通り道、都市内・集落内・城内・邸内などの連絡用の道◆道、人などが往来する道、「道路(ドウロ)」、同「道」◆行き方、方法◆天子や諸侯が乗る車、同「輅」◆宋(96,N3,on,on+on,A3_short_compound(on+on 71%) | B_verb_rad_足(kun 80%),線:◆糸や紐(ひも)、糸や紐のように細く長いもの、同「綫」「絤」「𦇫」「綖」◆糸や紐のように途切れずに長く延びているもの、二つの点と点を結ぶもの、またその形状や状態; 路:◆通り道、都市内・集落内・城内・邸内などの連絡用の道◆道、人などが往来する道、「道路(ドウロ)」、同「道」◆行き方、方法◆天子や諸侯が乗る車、同「輅」◆宋(96
kk_締め切り_しめきり,締め切り,しめきり,締:◆しっかりと結ぶ、解(ほど)けたり緩(ゆる)んだりしないように結ぶ、結び合わせる◆しっかりと閉(と)じる、閉(し)める◆[日]すっかりおしまいにする、合計する; 切:◆刃物などですっと断(た)つ、裁(た)つ、割(さ)く◆ぴったりとしたさま、隙(すき)がないさま、「親切(シンセツ)」◆近くまで迫(せま)る、差し迫る、「切近(セ,N3,kun,kun+kun~,IL1_okurigana(kun 96%) | A1_compound_oku(kun 90%) | A1_on_kun_mix(on+kun 65%),締:◆しっかりと結ぶ、解(ほど)けたり緩(ゆる)んだりしないように結ぶ、結び合わせる◆しっかりと閉(と)じる、閉(し)める◆[日]すっかりおしまいにする、合計する; 切:◆刃物などですっと断(た)つ、裁(た)つ、割(さ)く◆ぴったりとしたさま、隙(すき)がないさま、「親切(シンセツ)」◆近くまで迫(せま)る、差し迫る、「切近(セ
kk_締め切る_しめきる,締め切る,しめきる,締:◆しっかりと結ぶ、解(ほど)けたり緩(ゆる)んだりしないように結ぶ、結び合わせる◆しっかりと閉(と)じる、閉(し)める◆[日]すっかりおしまいにする、合計する; 切:◆刃物などですっと断(た)つ、裁(た)つ、割(さ)く◆ぴったりとしたさま、隙(すき)がないさま、「親切(シンセツ)」◆近くまで迫(せま)る、差し迫る、「切近(セ,N3,kun,kun+kun~,IL1_okurigana(kun 96%) | A1_compound_oku(kun 90%) | A1_on_kun_mix(on+kun 65%),締:◆しっかりと結ぶ、解(ほど)けたり緩(ゆる)んだりしないように結ぶ、結び合わせる◆しっかりと閉(と)じる、閉(し)める◆[日]すっかりおしまいにする、合計する; 切:◆刃物などですっと断(た)つ、裁(た)つ、割(さ)く◆ぴったりとしたさま、隙(すき)がないさま、「親切(シンセツ)」◆近くまで迫(せま)る、差し迫る、「切近(セ
kk_緩い_ゆるい,緩い,ゆるい,緩:◆ゆったりとした、きつくない◆張り詰めていた力や締め付けていた力を抜く◆負荷を軽くする、余裕を持たす◆ゆっくりした、鈍(のろ)い,N3,kun,kun,IL1_okurigana(kun 96%) | IL2_single_okuri(kun 96%),緩:◆ゆったりとした、きつくない◆張り詰めていた力や締め付けていた力を抜く◆負荷を軽くする、余裕を持たす◆ゆっくりした、鈍(のろ)い
kk_縛る_しばる,縛る,しばる,縛:◆ずれたり外(はず)れたり緩(ゆる)んだりしないようにぴったりと巻き付ける、またその紐や縄など◆しっかり巻き付けて動かないようにする、拘束する、「束縛(ソクバク,N3,kun,kun,IL1_okurigana(kun 96%) | IL2_single_okuri(kun 96%),縛:◆ずれたり外(はず)れたり緩(ゆる)んだりしないようにぴったりと巻き付ける、またその紐や縄など◆しっかり巻き付けて動かないようにする、拘束する、「束縛(ソクバク
kk_縫う_ぬう,縫う,ぬう,縫:◆布などを糸で繋ぎ合わせる◆繋ぎ合わせたところ、継(つ)ぎ目,N3,kun,kun,IL1_okurigana(kun 96%) | IL2_single_okuri(kun 96%),縫:◆布などを糸で繋ぎ合わせる◆繋ぎ合わせたところ、継(つ)ぎ目
kk_縮む_ちぢむ,縮む,ちぢむ,縮:◆縄を巻いてぎゅっと締め付ける、周りから締め付けて小さくする、「収縮(シュウシュク)」◆酒の入った袋を周りから締め付けて小さくする、搾(しぼ)る◆大きく広がって,N3,kun,kun,IL1_okurigana(kun 96%) | IL2_single_okuri(kun 96%),縮:◆縄を巻いてぎゅっと締め付ける、周りから締め付けて小さくする、「収縮(シュウシュク)」◆酒の入った袋を周りから締め付けて小さくする、搾(しぼ)る◆大きく広がって
kk_縮める_ちぢめる,縮める,ちぢめる,縮:◆縄を巻いてぎゅっと締め付ける、周りから締め付けて小さくする、「収縮(シュウシュク)」◆酒の入った袋を周りから締め付けて小さくする、搾(しぼ)る◆大きく広がって,N3,kun,kun,IL1_okurigana(kun 96%) | IL2_single_okuri(kun 96%),縮:◆縄を巻いてぎゅっと締め付ける、周りから締め付けて小さくする、「収縮(シュウシュク)」◆酒の入った袋を周りから締め付けて小さくする、搾(しぼ)る◆大きく広がって
kk_繋がる_つながる,繋がる,つながる,繋:◆切れている糸を(途切れているものを)結んで離れないようにする、結び付ける、同「系」◆掛(か)かる、ぶら下がる,N3,kun,kun,IL1_okurigana(kun 96%) | IL2_single_okuri(kun 96%),繋:◆切れている糸を(途切れているものを)結んで離れないようにする、結び付ける、同「系」◆掛(か)かる、ぶら下がる
kk_繋ぐ_つなぐ,繋ぐ,つなぐ,繋:◆切れている糸を(途切れているものを)結んで離れないようにする、結び付ける、同「系」◆掛(か)かる、ぶら下がる,N3,kun,kun,IL1_okurigana(kun 96%) | IL2_single_okuri(kun 96%),繋:◆切れている糸を(途切れているものを)結んで離れないようにする、結び付ける、同「系」◆掛(か)かる、ぶら下がる
kk_繰り返す_くりかえす,繰り返す,くりかえす,繰:◆繭(まゆ)から糸を引き出す、同「繅」◆色とりどりの糸を使って撚(よ)り上げた紐(ひも)、組紐、同「繅」◆経糸(たていと)と緯糸(よこいと)を二本ずつにして織っ; 返:◆帰る、行った先から出発したところに戻る、同「𢓉」◆元に戻る、元に戻す◆[日]反対向きにする、反対向きになる,N3,kun,kun+kun~,IL1_okurigana(kun 96%) | A1_compound_oku(kun 90%) | A1_on_kun_mix(on+kun 65%),繰:◆繭(まゆ)から糸を引き出す、同「繅」◆色とりどりの糸を使って撚(よ)り上げた紐(ひも)、組紐、同「繅」◆経糸(たていと)と緯糸(よこいと)を二本ずつにして織っ; 返:◆帰る、行った先から出発したところに戻る、同「𢓉」◆元に戻る、元に戻す◆[日]反対向きにする、反対向きになる
kk_纏まる_まとまる,纏まる,まとまる,纏:◆周りから幾つかのものを解(ほつ)れないようにしっかりと付ける、「衣服を纏う」は「開(はだ)けたり脱げ落ちたりしないようにしっかりと身に着ける」の意◆幾つかのも,N3,kun,kun,IL1_okurigana(kun 96%) | IL2_single_okuri(kun 96%),纏:◆周りから幾つかのものを解(ほつ)れないようにしっかりと付ける、「衣服を纏う」は「開(はだ)けたり脱げ落ちたりしないようにしっかりと身に着ける」の意◆幾つかのも
kk_纏める_まとめる,纏める,まとめる,纏:◆周りから幾つかのものを解(ほつ)れないようにしっかりと付ける、「衣服を纏う」は「開(はだ)けたり脱げ落ちたりしないようにしっかりと身に着ける」の意◆幾つかのも,N3,kun,kun,IL1_okurigana(kun 96%) | IL2_single_okuri(kun 96%),纏:◆周りから幾つかのものを解(ほつ)れないようにしっかりと付ける、「衣服を纏う」は「開(はだ)けたり脱げ落ちたりしないようにしっかりと身に着ける」の意◆幾つかのも
kk_缶詰_かんづめ,缶詰,かんづめ,缶:◆口は大きく腹が膨(ふく)らんだ容器、用途を限らず液体・粉末・固形物などを入れる、同「缻」「罐」 ◆打楽器の名、同「缻」、「【舊唐書:卷二十九:志第九:音樂二】; 詰:◆厳(きび)しく問い責(せ)める◆追及(ツイキュウ)する、「詰問(キツモン、厳しく問い返事を迫る)」◆曲がる、屈(かが)む◆次の日、「詰旦(キッタン、次の日の明,N3,on,on+mixed~,B_verb_rad_言(kun 80%),缶:◆口は大きく腹が膨(ふく)らんだ容器、用途を限らず液体・粉末・固形物などを入れる、同「缻」「罐」 ◆打楽器の名、同「缻」、「【舊唐書:卷二十九:志第九:音樂二】; 詰:◆厳(きび)しく問い責(せ)める◆追及(ツイキュウ)する、「詰問(キツモン、厳しく問い返事を迫る)」◆曲がる、屈(かが)む◆次の日、「詰旦(キッタン、次の日の明
kk_罪_つみ,罪,つみ,罪:◆魚を獲(と)るための竹製の網◆法(ホウ)を犯す、法に反する、またそのような行為、罰せられるべき過(あやま)ち、またそのような行為をした者、またそのような者を罰,N3,kun,kun,IL2_single_default(kun 84%),罪:◆魚を獲(と)るための竹製の網◆法(ホウ)を犯す、法に反する、またそのような行為、罰せられるべき過(あやま)ち、またそのような行為をした者、またそのような者を罰
kk_置き忘れる_おきわすれる,置き忘れる,おきわすれる,置:◆まっすぐに立てる、動かないように(傾いたり揺らいだり位置や状態が変わったりしないように)しっかりと据(す)える、同「寘」◆設(もう)ける、あるべきところに据え; 忘:◆知っていたこと・覚えていたこと・為すべきことを思い出せない、失念する,N3,kun,kun+kun~,IL1_okurigana(kun 96%) | A1_compound_oku(kun 90%) | A1_on_kun_mix(on+kun 65%),置:◆まっすぐに立てる、動かないように(傾いたり揺らいだり位置や状態が変わったりしないように)しっかりと据(す)える、同「寘」◆設(もう)ける、あるべきところに据え; 忘:◆知っていたこと・覚えていたこと・為すべきことを思い出せない、失念する
kk_罰する_ばっする,罰する,ばっする,罰:◆軽い悪行に対する懲(こら)らしめ、軽い罪に対する叱責や罰金や鞭打ちなどの仕置(しおき)、重い罪に対するものを「刑」,N3,on,on,IL1_okurigana(kun 96%) | IL2_single_okuri(kun 96%),罰:◆軽い悪行に対する懲(こら)らしめ、軽い罪に対する叱責や罰金や鞭打ちなどの仕置(しおき)、重い罪に対するものを「刑」
kk_罰金_ばっきん,罰金,ばっきん,罰:◆軽い悪行に対する懲(こら)らしめ、軽い罪に対する叱責や罰金や鞭打ちなどの仕置(しおき)、重い罪に対するものを「刑」; 金:◆黄金・白銀・赤銅・青銅・青鉛・黒鉄などの総称、金属の総称◆(黄金のように)黄色い、輝く、美しい、貴重な、(金属のように)堅い◆金属製のもの◆銭(ぜに)、またそ,N3,on,on+on,B_noun_rad_金(kun 93%),罰:◆軽い悪行に対する懲(こら)らしめ、軽い罪に対する叱責や罰金や鞭打ちなどの仕置(しおき)、重い罪に対するものを「刑」; 金:◆黄金・白銀・赤銅・青銅・青鉛・黒鉄などの総称、金属の総称◆(黄金のように)黄色い、輝く、美しい、貴重な、(金属のように)堅い◆金属製のもの◆銭(ぜに)、またそ
kk_羅馬字_ローマじ,羅馬字,ローマじ,羅:◆鳥を捕(と)らえる網(あみ)、魚を取る網は「綱」、「網羅(モウラ、魚を捕る網と鳥を捕る網、残らず捕らえる)」「羅網(ラモウ、鳥を捕る網と魚を捕る網、法の網、網; 馬:◆ウマ(馬)、ウマ科の哺乳類の総称◆うま、うまへん、部首名; 字:◆子を生む、生まれた子を慈(いつく)しみ育てる、同「𡥜」◆あざな、成人時に名付ける本名以外の名、男子は二十歳で成人とし初めて冠を被り、女子は許嫁(キョカ、いいな,N3,on,on+mixed+mixed~,A4_multi_on(on+on+on 65%),羅:◆鳥を捕(と)らえる網(あみ)、魚を取る網は「綱」、「網羅(モウラ、魚を捕る網と鳥を捕る網、残らず捕らえる)」「羅網(ラモウ、鳥を捕る網と魚を捕る網、法の網、網; 馬:◆ウマ(馬)、ウマ科の哺乳類の総称◆うま、うまへん、部首名; 字:◆子を生む、生まれた子を慈(いつく)しみ育てる、同「𡥜」◆あざな、成人時に名付ける本名以外の名、男子は二十歳で成人とし初めて冠を被り、女子は許嫁(キョカ、いいな
kk_美容_びよう,美容,びよう,美:◆綺麗な、姿形が良い◆善(よ)い、良い、優(すぐ)れている◆美味しい、味が良い、甘い◆褒(ほ)める、称賛する; 容:◆ものを器(うつわ)などの周りが囲まれているものの中に入れる、またそこに入っているもの、中身(なかみ)◆人や意見などを受け入れる、許す、認める◆顔の表情、姿形(,N3,on,on+on,A3_short_compound(on+on 71%) | B_noun_rad_宀(kun 93%),美:◆綺麗な、姿形が良い◆善(よ)い、良い、優(すぐ)れている◆美味しい、味が良い、甘い◆褒(ほ)める、称賛する; 容:◆ものを器(うつわ)などの周りが囲まれているものの中に入れる、またそこに入っているもの、中身(なかみ)◆人や意見などを受け入れる、許す、認める◆顔の表情、姿形(
kk_美容院_びよういん,美容院,びよういん,美:◆綺麗な、姿形が良い◆善(よ)い、良い、優(すぐ)れている◆美味しい、味が良い、甘い◆褒(ほ)める、称賛する; 容:◆ものを器(うつわ)などの周りが囲まれているものの中に入れる、またそこに入っているもの、中身(なかみ)◆人や意見などを受け入れる、許す、認める◆顔の表情、姿形(; 院:◆壁などで周りを囲った幾つもの建物からなる屋敷や施設◆壁や家などで周りが取り囲まれている庭、中庭、「院落(インラク)」「庭院(テイイン)」 ◆(学校・病院などの,N3,on,on+on+on,A4_multi_on(on+on+on 65%) | B_noun_rad_宀(kun 93%),美:◆綺麗な、姿形が良い◆善(よ)い、良い、優(すぐ)れている◆美味しい、味が良い、甘い◆褒(ほ)める、称賛する; 容:◆ものを器(うつわ)などの周りが囲まれているものの中に入れる、またそこに入っているもの、中身(なかみ)◆人や意見などを受け入れる、許す、認める◆顔の表情、姿形(; 院:◆壁などで周りを囲った幾つもの建物からなる屋敷や施設◆壁や家などで周りが取り囲まれている庭、中庭、「院落(インラク)」「庭院(テイイン)」 ◆(学校・病院などの
kk_美術_びじゅつ,美術,びじゅつ,美:◆綺麗な、姿形が良い◆善(よ)い、良い、優(すぐ)れている◆美味しい、味が良い、甘い◆褒(ほ)める、称賛する; 術:◆市中を通る道、行き方◆やり方、方法・方策や手段、それを使いこなす能力◆取るべき道、従うべき決まり◆述べる、考えや思いを書き表す、或いは言い表す、同「述」,N3,on,on+on,A3_short_compound(on+on 71%),美:◆綺麗な、姿形が良い◆善(よ)い、良い、優(すぐ)れている◆美味しい、味が良い、甘い◆褒(ほ)める、称賛する; 術:◆市中を通る道、行き方◆やり方、方法・方策や手段、それを使いこなす能力◆取るべき道、従うべき決まり◆述べる、考えや思いを書き表す、或いは言い表す、同「述」
kk_義務_ぎむ,義務,ぎむ,義:◆広く良い・正しいと認められていること、また経験則(多くの経験を積むことで得られる道理)に適(かな)っていること◆人が進むべき道、則(のっと)るべき考え、「義士; 務:◆成すべきこと、ひたすら力を注(そそ)ぐべきこと◆努(つと)める、成すべきことにひたすら力を尽くす、同「敄」◆強(し)いて、押して、無理にでも,N3,on,on+on,A3_short_compound(on+on 71%) | B_verb_rad_力(kun 80%),義:◆広く良い・正しいと認められていること、また経験則(多くの経験を積むことで得られる道理)に適(かな)っていること◆人が進むべき道、則(のっと)るべき考え、「義士; 務:◆成すべきこと、ひたすら力を注(そそ)ぐべきこと◆努(つと)める、成すべきことにひたすら力を尽くす、同「敄」◆強(し)いて、押して、無理にでも
kk_翌年_よくねん,翌年,よくねん,翌:◆明日(あした)◆(日・月・年・季節・時期などの)次(つぎ)、次の; 年:◆穀物が稔(みの)る、同「秊」◆農作物を収穫してから次の収穫期までの期間、四季(二十四節気)を一巡する期間、year◆誕生してから生きてその誕生日を通り過ぎた回,N3,on,on+on,,翌:◆明日(あした)◆(日・月・年・季節・時期などの)次(つぎ)、次の; 年:◆穀物が稔(みの)る、同「秊」◆農作物を収穫してから次の収穫期までの期間、四季(二十四節気)を一巡する期間、year◆誕生してから生きてその誕生日を通り過ぎた回
kk_翼_つばさ,翼,つばさ,翼:◆鳥や虫の体から左右に伸び出ている空中を飛翔するための腕状の部分、本体から左右に伸び出ているものやその形状、同「𩙺」「䋚」「𦐂」「翅」◆(鳥の翼のように左右にあ,N3,kun,kun,IL2_single_default(kun 84%),翼:◆鳥や虫の体から左右に伸び出ている空中を飛翔するための腕状の部分、本体から左右に伸び出ているものやその形状、同「𩙺」「䋚」「𦐂」「翅」◆(鳥の翼のように左右にあ
kk_考え直す_かんがえなおす,考え直す,かんがえなおす,考:◆老いているさま、高齢なさま、「壽考(ジュコウ、長生きなさま、長生きな人)」◆亡くなった父親に対する呼称、母親は「妣」、妻は「嬪」、「考妣(コウヒ、両親、亡くな; 直:◆ものをまっすぐによく見る◆まっすぐなさま、曲がったり折れたり歪(ゆが)んだりしない(していない)さま、「正直(ショウジキ、まっすぐなこと、嘘や偽りがないこと),N3,kun,kun+kun~,IL1_okurigana(kun 96%) | A1_compound_oku(kun 90%) | A1_on_kun_mix(on+kun 65%),考:◆老いているさま、高齢なさま、「壽考(ジュコウ、長生きなさま、長生きな人)」◆亡くなった父親に対する呼称、母親は「妣」、妻は「嬪」、「考妣(コウヒ、両親、亡くな; 直:◆ものをまっすぐによく見る◆まっすぐなさま、曲がったり折れたり歪(ゆが)んだりしない(していない)さま、「正直(ショウジキ、まっすぐなこと、嘘や偽りがないこと)
kk_聞き取る_ききとる,聞き取る,ききとる,聞:◆(声や音や噂うわさや知らせなどが)耳に届く、耳に伝わってくる、「【說文解字注:耳部:聞】知聲也(往曰聽來曰聞…)[†「こちらから聞く」ことを「聽」、「向こうか; 取:◆捕(つか)まえる、捕(と)らえる、縄(なわ)を掛ける◆手に入れる、手の中に収(おさ)める、手で受ける◆(多くの中から一部を、或いは一つを)選ぶ、選択する◆娶(,N3,kun,kun+kun~,IL1_okurigana(kun 96%) | A1_compound_oku(kun 90%) | A1_on_kun_mix(on+kun 65%),聞:◆(声や音や噂うわさや知らせなどが)耳に届く、耳に伝わってくる、「【說文解字注:耳部:聞】知聲也(往曰聽來曰聞…)[†「こちらから聞く」ことを「聽」、「向こうか; 取:◆捕(つか)まえる、捕(と)らえる、縄(なわ)を掛ける◆手に入れる、手の中に収(おさ)める、手で受ける◆(多くの中から一部を、或いは一つを)選ぶ、選択する◆娶(
kk_聞き手_ききて,聞き手,ききて,聞:◆(声や音や噂うわさや知らせなどが)耳に届く、耳に伝わってくる、「【說文解字注:耳部:聞】知聲也(往曰聽來曰聞…)[†「こちらから聞く」ことを「聽」、「向こうか; 手:◆体や物体の一部で、胴から分かれ出て伸び、持つ・握る・叩く・ものを作る・操作するなどの機能を持つ部分、掌(たなごころ)と指を合わせた全体、腕の先の部分 ◆自(み,N3,kun,kun+kun~,IL1_okurigana(kun 96%) | A1_compound_oku(kun 90%) | A1_on_kun_mix(on+kun 65%),聞:◆(声や音や噂うわさや知らせなどが)耳に届く、耳に伝わってくる、「【說文解字注:耳部:聞】知聲也(往曰聽來曰聞…)[†「こちらから聞く」ことを「聽」、「向こうか; 手:◆体や物体の一部で、胴から分かれ出て伸び、持つ・握る・叩く・ものを作る・操作するなどの機能を持つ部分、掌(たなごころ)と指を合わせた全体、腕の先の部分 ◆自(み
kk_聞き直す_ききなおす,聞き直す,ききなおす,聞:◆(声や音や噂うわさや知らせなどが)耳に届く、耳に伝わってくる、「【說文解字注:耳部:聞】知聲也(往曰聽來曰聞…)[†「こちらから聞く」ことを「聽」、「向こうか; 直:◆ものをまっすぐによく見る◆まっすぐなさま、曲がったり折れたり歪(ゆが)んだりしない(していない)さま、「正直(ショウジキ、まっすぐなこと、嘘や偽りがないこと),N3,kun,kun+kun~,IL1_okurigana(kun 96%) | A1_compound_oku(kun 90%) | A1_on_kun_mix(on+kun 65%),聞:◆(声や音や噂うわさや知らせなどが)耳に届く、耳に伝わってくる、「【說文解字注:耳部:聞】知聲也(往曰聽來曰聞…)[†「こちらから聞く」ことを「聽」、「向こうか; 直:◆ものをまっすぐによく見る◆まっすぐなさま、曲がったり折れたり歪(ゆが)んだりしない(していない)さま、「正直(ショウジキ、まっすぐなこと、嘘や偽りがないこと)
kk_聞き返す_ききかえす,聞き返す,ききかえす,聞:◆(声や音や噂うわさや知らせなどが)耳に届く、耳に伝わってくる、「【說文解字注:耳部:聞】知聲也(往曰聽來曰聞…)[†「こちらから聞く」ことを「聽」、「向こうか; 返:◆帰る、行った先から出発したところに戻る、同「𢓉」◆元に戻る、元に戻す◆[日]反対向きにする、反対向きになる,N3,kun,kun+kun~,IL1_okurigana(kun 96%) | A1_compound_oku(kun 90%) | A1_on_kun_mix(on+kun 65%),聞:◆(声や音や噂うわさや知らせなどが)耳に届く、耳に伝わってくる、「【說文解字注:耳部:聞】知聲也(往曰聽來曰聞…)[†「こちらから聞く」ことを「聽」、「向こうか; 返:◆帰る、行った先から出発したところに戻る、同「𢓉」◆元に戻る、元に戻す◆[日]反対向きにする、反対向きになる
kk_聴解_ちょうかい,聴解,ちょうかい,聴:◆耳を傾けて言わんとするところをしっかりと聞く◆聞いたことを受け入れる、聞き入れる◆聞き入れてその通りにさせる、思い通りにさせる; 解:◆一つになっているもの(固まっているもの)をばらばらにする、また柔らかくする、また融(と)かす、また和(やわ)らげる、「解散(カイサン)」「分解(ブンカイ)」◆,N3,on,on+on,,聴:◆耳を傾けて言わんとするところをしっかりと聞く◆聞いたことを受け入れる、聞き入れる◆聞き入れてその通りにさせる、思い通りにさせる; 解:◆一つになっているもの(固まっているもの)をばらばらにする、また柔らかくする、また融(と)かす、また和(やわ)らげる、「解散(カイサン)」「分解(ブンカイ)」◆
kk_聴講_ちょうこう,聴講,ちょうこう,聴:◆耳を傾けて言わんとするところをしっかりと聞く◆聞いたことを受け入れる、聞き入れる◆聞き入れてその通りにさせる、思い通りにさせる; 講:◆相手に分かるように説(と)く、解説・説明する◆互いに相手の立場を理解し合う、和解(ワカイ)する、「講解(コウカイ)」「講和(コウワ)」,N3,on,on+on,B_verb_rad_言(kun 80%),聴:◆耳を傾けて言わんとするところをしっかりと聞く◆聞いたことを受け入れる、聞き入れる◆聞き入れてその通りにさせる、思い通りにさせる; 講:◆相手に分かるように説(と)く、解説・説明する◆互いに相手の立場を理解し合う、和解(ワカイ)する、「講解(コウカイ)」「講和(コウワ)」
kk_職員_しょくいん,職員,しょくいん,職:◆力を注ぐべき仕事や役割、またその責任を担(にな)う◆一定の業務や役目を司(つかさど)る◆担当する業務や役目、またそこでの地位; 員:◆限られた範囲(場所・空間など)に入っている(含まれる)人、集団に属している人、またその人数◆限られた範囲(特に国土・領土などの境界線)の大きさ、また広さ◆円(,N3,on,on+on,,職:◆力を注ぐべき仕事や役割、またその責任を担(にな)う◆一定の業務や役目を司(つかさど)る◆担当する業務や役目、またそこでの地位; 員:◆限られた範囲(場所・空間など)に入っている(含まれる)人、集団に属している人、またその人数◆限られた範囲(特に国土・領土などの境界線)の大きさ、また広さ◆円(
kk_職場_しょくば,職場,しょくば,職:◆力を注ぐべき仕事や役割、またその責任を担(にな)う◆一定の業務や役目を司(つかさど)る◆担当する業務や役目、またそこでの地位; 場:◆(日当たりのよい、収穫した穀物の乾燥・脱穀などをする、また多くの人やものが集まる)広く平らなところ、「広場」、同「塲」◆一段と高くし上を平らに作ったところ、台,N3,mixed,on+kun~,A3_short_compound(on+on 71%),職:◆力を注ぐべき仕事や役割、またその責任を担(にな)う◆一定の業務や役目を司(つかさど)る◆担当する業務や役目、またそこでの地位; 場:◆(日当たりのよい、収穫した穀物の乾燥・脱穀などをする、また多くの人やものが集まる)広く平らなところ、「広場」、同「塲」◆一段と高くし上を平らに作ったところ、台
kk_職業_しょくぎょう,職業,しょくぎょう,職:◆力を注ぐべき仕事や役割、またその責任を担(にな)う◆一定の業務や役目を司(つかさど)る◆担当する業務や役目、またそこでの地位; 業:◆鍾(ショウ)や磬(ケイ)などの打楽器を吊るすための横木(筍)の上の横板、吊るした楽器の位置が演奏中にずれないように凹みや突起がついていたという、「业」はそれを,N3,on,on+on,B_noun_rad_木(kun 93%),職:◆力を注ぐべき仕事や役割、またその責任を担(にな)う◆一定の業務や役目を司(つかさど)る◆担当する業務や役目、またそこでの地位; 業:◆鍾(ショウ)や磬(ケイ)などの打楽器を吊るすための横木(筍)の上の横板、吊るした楽器の位置が演奏中にずれないように凹みや突起がついていたという、「业」はそれを
kk_肌_はだ,肌,はだ,肌:◆皮膚や肉や筋肉など人や動物の骨を除いた部分、「肌肉(キニク、筋肉)」「肌膚(キフ、肉と皮膚)」「肌骨(キコツ、肉と骨、骨身)」◆肉の表面、皮膚◆[日]はだ、も,N3,kun,kun,IL2_single_default(kun 84%),肌:◆皮膚や肉や筋肉など人や動物の骨を除いた部分、「肌肉(キニク、筋肉)」「肌膚(キフ、肉と皮膚)」「肌骨(キコツ、肉と骨、骨身)」◆肉の表面、皮膚◆[日]はだ、も
kk_育つ_そだつ,育つ,そだつ,育:◆(生まれたばかりの子「𠫓」に)栄養や知識などを与えて成長させる、養分を与えて生長させる◆古「毓」,N3,kun,kun,IL1_okurigana(kun 96%) | IL2_single_okuri(kun 96%),育:◆(生まれたばかりの子「𠫓」に)栄養や知識などを与えて成長させる、養分を与えて生長させる◆古「毓」
kk_胃_い,胃,い,胃:◆食道と腸の間にある消化器官 ◆星名、二十八宿西方白虎ビャッコの一つ,N3,on,on,IL2_on_only(on 99%),胃:◆食道と腸の間にある消化器官 ◆星名、二十八宿西方白虎ビャッコの一つ
kk_背負う_せおう,背負う,せおう,背:◆体の後ろ側の肩から腰までの部分、腹の反対側、裏側、「自分からは見えない部分」をいう ◆荷や仕事などを担(にな)う、負(お)う◆相手が見えない方を向く、相手が見; 負:◆荷を背に載(の)せる、肩は「擔」「担」◆荷や仕事や責任などを引き受ける、「重い荷を背負う」の意◆(背後にあるものを)頼る、頼りにする、当てにする◆背を向ける、,N3,kun,kun+kun,IL1_okurigana(kun 96%) | A1_compound_oku(kun 90%) | A1_on_kun_mix(on+kun 65%),背:◆体の後ろ側の肩から腰までの部分、腹の反対側、裏側、「自分からは見えない部分」をいう ◆荷や仕事などを担(にな)う、負(お)う◆相手が見えない方を向く、相手が見; 負:◆荷を背に載(の)せる、肩は「擔」「担」◆荷や仕事や責任などを引き受ける、「重い荷を背負う」の意◆(背後にあるものを)頼る、頼りにする、当てにする◆背を向ける、
kk_胡椒_こしょう,胡椒,こしょう,胡:◆顎(あご)や頬(ほお、ほほ)や咽(のど)の辺りから垂れ下がった肉、肉垂(ニクスイ)、同「㗅」「𩑶」「𠴱」◆顎(あご、口の下)に伸びる毛、同繁「鬍」◆「胡子(コ; 椒:◆「山椒(サンショウ)」「花椒(カショウ)」「蓁椒(シンショウ)」、はじかみ(山椒の古名)、ミカン科サンショウ属の木、またその実、また同属の木や実の称 ◆「胡椒,N3,on,on+on,A3_short_compound(on+on 71%) | B_noun_rad_木(kun 93%),胡:◆顎(あご)や頬(ほお、ほほ)や咽(のど)の辺りから垂れ下がった肉、肉垂(ニクスイ)、同「㗅」「𩑶」「𠴱」◆顎(あご、口の下)に伸びる毛、同繁「鬍」◆「胡子(コ; 椒:◆「山椒(サンショウ)」「花椒(カショウ)」「蓁椒(シンショウ)」、はじかみ(山椒の古名)、ミカン科サンショウ属の木、またその実、また同属の木や実の称 ◆「胡椒
kk_能_のう,能,のう,能:◆ことを成し遂(と)げる技量(ギリョウ)や力量(リキリョウ)、「能力(ノウリョク)」「才能(サイノウ)」◆十分に或いは上手にできる、～をすることができる(技能・,N3,on,on,IL2_single_default(kun 84%),能:◆ことを成し遂(と)げる技量(ギリョウ)や力量(リキリョウ)、「能力(ノウリョク)」「才能(サイノウ)」◆十分に或いは上手にできる、～をすることができる(技能・
kk_能力_のうりょく,能力,のうりょく,能:◆ことを成し遂(と)げる技量(ギリョウ)や力量(リキリョウ)、「能力(ノウリョク)」「才能(サイノウ)」◆十分に或いは上手にできる、～をすることができる(技能・; 力:◆ものを動かすもの、ものを動かしているもの、ものに働(はたら)くもの、「強力(キョウリョク、強い力)」◆働く、務(つと)める、勤(つと)める、「努力(ドリョク、,N3,on,on+on,B_verb_rad_力(kun 80%),能:◆ことを成し遂(と)げる技量(ギリョウ)や力量(リキリョウ)、「能力(ノウリョク)」「才能(サイノウ)」◆十分に或いは上手にできる、～をすることができる(技能・; 力:◆ものを動かすもの、ものを動かしているもの、ものに働(はたら)くもの、「強力(キョウリョク、強い力)」◆働く、務(つと)める、勤(つと)める、「努力(ドリョク、
kk_能率_のうりつ,能率,のうりつ,能:◆ことを成し遂(と)げる技量(ギリョウ)や力量(リキリョウ)、「能力(ノウリョク)」「才能(サイノウ)」◆十分に或いは上手にできる、～をすることができる(技能・; 率:◆鳥を捕らえるための網、一網打尽にする網◆ひき・いる、全体(集団)が乱れないよう一つに纏(まと)める、「統率(トウソツ)」◆従う、纏まり・基準などからはみ出ない,N3,on,on+on,,能:◆ことを成し遂(と)げる技量(ギリョウ)や力量(リキリョウ)、「能力(ノウリョク)」「才能(サイノウ)」◆十分に或いは上手にできる、～をすることができる(技能・; 率:◆鳥を捕らえるための網、一網打尽にする網◆ひき・いる、全体(集団)が乱れないよう一つに纏(まと)める、「統率(トウソツ)」◆従う、纏まり・基準などからはみ出ない
kk_脇_わき,脇,わき,脇:◆胸の両側面の部分、上腕を垂らしたときに体の側面と合わさる部分、同「脅」 ◆向かって左右(側面)の傍(そば)、傍(かたわ)ら◆両側からぐっと押え付ける、締め付け,N3,kun,kun,IL2_single_default(kun 84%),脇:◆胸の両側面の部分、上腕を垂らしたときに体の側面と合わさる部分、同「脅」 ◆向かって左右(側面)の傍(そば)、傍(かたわ)ら◆両側からぐっと押え付ける、締め付け
kk_腐る_くさる,腐る,くさる,腐:◆(肉が)柔らかくなったり形が崩れたりする、また元の形でなくなる、朽(く)ちる◆食べられなくなる、用をなさなくなる◆古臭い◆男性の性器を切り落とす刑罰、「宮刑(,N3,kun,kun,IL1_okurigana(kun 96%) | IL2_single_okuri(kun 96%),腐:◆(肉が)柔らかくなったり形が崩れたりする、また元の形でなくなる、朽(く)ちる◆食べられなくなる、用をなさなくなる◆古臭い◆男性の性器を切り落とす刑罰、「宮刑(
kk_腰_こし,腰,こし,腰:◆動物の背骨と脚(あし、四足の動物の場合は後ろ足)を繋ぐ部分、ものの上(或はい前)と下(或いは後)を繋ぐ部分 ◆ものの中ほどにある節目(ふしめ)、ものの中ほどの,N3,kun,kun,IL2_single_default(kun 84%),腰:◆動物の背骨と脚(あし、四足の動物の場合は後ろ足)を繋ぐ部分、ものの上(或はい前)と下(或いは後)を繋ぐ部分 ◆ものの中ほどにある節目(ふしめ)、ものの中ほどの
kk_腰掛ける_こしかける,腰掛ける,こしかける,腰:◆動物の背骨と脚(あし、四足の動物の場合は後ろ足)を繋ぐ部分、ものの上(或はい前)と下(或いは後)を繋ぐ部分 ◆ものの中ほどにある節目(ふしめ)、ものの中ほどの; 掛:◆引っ懸(か)ける、ものの上に置いて両方また片方を垂らす、ぶら下げる、同「挂」◆引っ懸かる、気になって心に(目に)止まる◆簡「挂」◆[日]体や物を斜めにしてその,N3,kun,kun+kun,IL1_okurigana(kun 96%) | A1_compound_oku(kun 90%) | A1_on_kun_mix(on+kun 65%),腰:◆動物の背骨と脚(あし、四足の動物の場合は後ろ足)を繋ぐ部分、ものの上(或はい前)と下(或いは後)を繋ぐ部分 ◆ものの中ほどにある節目(ふしめ)、ものの中ほどの; 掛:◆引っ懸(か)ける、ものの上に置いて両方また片方を垂らす、ぶら下げる、同「挂」◆引っ懸かる、気になって心に(目に)止まる◆簡「挂」◆[日]体や物を斜めにしてその
kk_膝_ひざ,膝,ひざ,膝:◆足の大腿(ダイタイ、腰の下から膝までの部分)と小腿(ショウタイ、膝から足首までの部分)を繋ぐ関節の部分,N3,kun,kun,IL2_single_default(kun 84%),膝:◆足の大腿(ダイタイ、腰の下から膝までの部分)と小腿(ショウタイ、膝から足首までの部分)を繋ぐ関節の部分
kk_自信満々_じしんまんまん,自信満々,じしんまんまん,自:◆みずか・ら、己(おのれ)、己の◆おの・ずから、己ひとりで、他からの影響を受けずに、それのみの力や意志で◆～から、～より、場所や時間の起点を表す◆みずから、部首; 信:◆誠実なさま、嘘偽りがないさま、言ったことを違(たが)えないさま◆確かであるとして疑わない、一点の疑いもない、「信用する」の意◆確かな、間違いない、確かに、本当; 満:◆余すところなく一杯になる、これ以上は(それ以上は)入らなくなる、また一杯にする◆ぎっしりと詰まる、また詰める、隙間(すきま)なく埋(う)まる、また埋める、「充,N3,on,on+on+on~,A4_multi_on(on+on+on 65%),自:◆みずか・ら、己(おのれ)、己の◆おの・ずから、己ひとりで、他からの影響を受けずに、それのみの力や意志で◆～から、～より、場所や時間の起点を表す◆みずから、部首; 信:◆誠実なさま、嘘偽りがないさま、言ったことを違(たが)えないさま◆確かであるとして疑わない、一点の疑いもない、「信用する」の意◆確かな、間違いない、確かに、本当; 満:◆余すところなく一杯になる、これ以上は(それ以上は)入らなくなる、また一杯にする◆ぎっしりと詰まる、また詰める、隙間(すきま)なく埋(う)まる、また埋める、「充
kk_自動的_じどうてき,自動的,じどうてき,自:◆みずか・ら、己(おのれ)、己の◆おの・ずから、己ひとりで、他からの影響を受けずに、それのみの力や意志で◆～から、～より、場所や時間の起点を表す◆みずから、部首; 動:◆位置・姿勢・感情・状態・事情などが変わる、また変える、また変わり始める、「動作」「行動」「感動」◆やや・もすれば、どうかすると(～になる、～になりやすい); 的:◆弓で矢を射(い)る時の目標とするもの、同「㢩」「墑」◆額(ひたい)の部分だけが白い馬、またその額の白い部分、女性が額に施(ほどこ)す(赤い点状の)装飾◆(弓の,N3,on,on+on+on,A4_multi_on(on+on+on 65%) | B_verb_rad_力(kun 80%),自:◆みずか・ら、己(おのれ)、己の◆おの・ずから、己ひとりで、他からの影響を受けずに、それのみの力や意志で◆～から、～より、場所や時間の起点を表す◆みずから、部首; 動:◆位置・姿勢・感情・状態・事情などが変わる、また変える、また変わり始める、「動作」「行動」「感動」◆やや・もすれば、どうかすると(～になる、～になりやすい); 的:◆弓で矢を射(い)る時の目標とするもの、同「㢩」「墑」◆額(ひたい)の部分だけが白い馬、またその額の白い部分、女性が額に施(ほどこ)す(赤い点状の)装飾◆(弓の
kk_自動販売機_じどうはんばいき,自動販売機,じどうはんばいき,自:◆みずか・ら、己(おのれ)、己の◆おの・ずから、己ひとりで、他からの影響を受けずに、それのみの力や意志で◆～から、～より、場所や時間の起点を表す◆みずから、部首; 動:◆位置・姿勢・感情・状態・事情などが変わる、また変える、また変わり始める、「動作」「行動」「感動」◆やや・もすれば、どうかすると(～になる、～になりやすい); 販:◆品物を安く買い高く売る、「【說文解字:貝部:販】買賤賣貴者」◆市場に行って品物を売る、商売する、「【周禮:地官司徒】…夕市夕時而市販夫販婦爲主(…販夫販婦朝資,N3,on,on+on+on+on+on,A4_multi_on(on+on+on+on+on 65%) | B_verb_rad_力(kun 80%) | B_noun_rad_木(kun 93%),自:◆みずか・ら、己(おのれ)、己の◆おの・ずから、己ひとりで、他からの影響を受けずに、それのみの力や意志で◆～から、～より、場所や時間の起点を表す◆みずから、部首; 動:◆位置・姿勢・感情・状態・事情などが変わる、また変える、また変わり始める、「動作」「行動」「感動」◆やや・もすれば、どうかすると(～になる、～になりやすい); 販:◆品物を安く買い高く売る、「【說文解字:貝部:販】買賤賣貴者」◆市場に行って品物を売る、商売する、「【周禮:地官司徒】…夕市夕時而市販夫販婦爲主(…販夫販婦朝資
kk_自慢_じまん,自慢,じまん,自:◆みずか・ら、己(おのれ)、己の◆おの・ずから、己ひとりで、他からの影響を受けずに、それのみの力や意志で◆～から、～より、場所や時間の起点を表す◆みずから、部首; 慢:◆緩(ゆる)む、ゆっくりとしたさま、だらだらとしているさま◆鈍(のろ)い、怠(なま)ける、だらだらとして締まりがない◆気が回らない、緊張感がない、注意力や集中力,N3,on,on+on,A3_short_compound(on+on 71%),自:◆みずか・ら、己(おのれ)、己の◆おの・ずから、己ひとりで、他からの影響を受けずに、それのみの力や意志で◆～から、～より、場所や時間の起点を表す◆みずから、部首; 慢:◆緩(ゆる)む、ゆっくりとしたさま、だらだらとしているさま◆鈍(のろ)い、怠(なま)ける、だらだらとして締まりがない◆気が回らない、緊張感がない、注意力や集中力
kk_自由席_じゆうせき,自由席,じゆうせき,自:◆みずか・ら、己(おのれ)、己の◆おの・ずから、己ひとりで、他からの影響を受けずに、それのみの力や意志で◆～から、～より、場所や時間の起点を表す◆みずから、部首; 由:◆基(もと)づく、因(よ)る、「経由(ケイユ)」「由来(ユライ)」◆～が元(もと)で、～によって、「原因(ゲンイン)」◆(～という結果に至った)訳(わけ)、経緯; 席:◆むしろ、竹や藁(わら、乾燥させた草の茎)を並べ紐(ひも)で編んだ敷物、人が座ったり横になったりするところに敷くもの、同「蓆」◆座るところ、居並ぶ時の座る位置◆,N3,on,on+on+on,A4_multi_on(on+on+on 65%) | B_noun_rad_巾(kun 93%),自:◆みずか・ら、己(おのれ)、己の◆おの・ずから、己ひとりで、他からの影響を受けずに、それのみの力や意志で◆～から、～より、場所や時間の起点を表す◆みずから、部首; 由:◆基(もと)づく、因(よ)る、「経由(ケイユ)」「由来(ユライ)」◆～が元(もと)で、～によって、「原因(ゲンイン)」◆(～という結果に至った)訳(わけ)、経緯; 席:◆むしろ、竹や藁(わら、乾燥させた草の茎)を並べ紐(ひも)で編んだ敷物、人が座ったり横になったりするところに敷くもの、同「蓆」◆座るところ、居並ぶ時の座る位置◆
kk_自習_じしゅう,自習,じしゅう,自:◆みずか・ら、己(おのれ)、己の◆おの・ずから、己ひとりで、他からの影響を受けずに、それのみの力や意志で◆～から、～より、場所や時間の起点を表す◆みずから、部首; 習:◆何度も繰り返す、何度も繰り返すことによって身に付ける、同「慣」◆なら・わし、繰り返されることで身に付いたこと、普段から繰り返し行われること、同「慣」,N3,on,on+on,A3_short_compound(on+on 71%),自:◆みずか・ら、己(おのれ)、己の◆おの・ずから、己ひとりで、他からの影響を受けずに、それのみの力や意志で◆～から、～より、場所や時間の起点を表す◆みずから、部首; 習:◆何度も繰り返す、何度も繰り返すことによって身に付ける、同「慣」◆なら・わし、繰り返されることで身に付いたこと、普段から繰り返し行われること、同「慣」
kk_自身_じしん,自身,じしん,自:◆みずか・ら、己(おのれ)、己の◆おの・ずから、己ひとりで、他からの影響を受けずに、それのみの力や意志で◆～から、～より、場所や時間の起点を表す◆みずから、部首; 身:◆(頭部を除いた)体(からだ)、躯体(クタイ)、同「躯」「躬」◆中に含まれているもの、また入っているもの、本体◆人の一生、命(いのち)◆吾(われ)、我(わ)が、,N3,on,on+on,A3_short_compound(on+on 71%),自:◆みずか・ら、己(おのれ)、己の◆おの・ずから、己ひとりで、他からの影響を受けずに、それのみの力や意志で◆～から、～より、場所や時間の起点を表す◆みずから、部首; 身:◆(頭部を除いた)体(からだ)、躯体(クタイ)、同「躯」「躬」◆中に含まれているもの、また入っているもの、本体◆人の一生、命(いのち)◆吾(われ)、我(わ)が、
kk_舞台_ぶたい,舞台,ぶたい,舞:◆手足や体を動かし踊(おど)り喜怒哀楽(キドアイラク)を表現する、同「儛」「𦐀」◆(舞うように)飛ぶ、(舞うように)揺(ゆ)らす◆弄(いじ)くって変えてしまう; 台:◆我(われ)、自分を指す語、同「吾」「余」「予」◆「三台星(サンタイセイ)、三台(サンタイ)」、紫微垣(シビエン、天の北極を中心とした区画で天帝が住むとされた、,N3,on,on+on,A3_short_compound(on+on 71%),舞:◆手足や体を動かし踊(おど)り喜怒哀楽(キドアイラク)を表現する、同「儛」「𦐀」◆(舞うように)飛ぶ、(舞うように)揺(ゆ)らす◆弄(いじ)くって変えてしまう; 台:◆我(われ)、自分を指す語、同「吾」「余」「予」◆「三台星(サンタイセイ)、三台(サンタイ)」、紫微垣(シビエン、天の北極を中心とした区画で天帝が住むとされた、
kk_航空_こうくう,航空,こうくう,航:◆方舟(はこぶね)、二艘(そう、船の数の単位)の舟を並べ互いに繋ぎ合わせた舟(船首が二つあるような形の舟)、同「斻」「舫」◆船が並んで進むさま、同「𦨵」◆舟、船; 空:◆(中に)何もない、何も含まれていない、虚(うつ)ろなさま◆何もないところ、天と地の間(あいだ),N3,on,on+on,,航:◆方舟(はこぶね)、二艘(そう、船の数の単位)の舟を並べ互いに繋ぎ合わせた舟(船首が二つあるような形の舟)、同「斻」「舫」◆船が並んで進むさま、同「𦨵」◆舟、船; 空:◆(中に)何もない、何も含まれていない、虚(うつ)ろなさま◆何もないところ、天と地の間(あいだ)
kk_航空機_こうくうき,航空機,こうくうき,航:◆方舟(はこぶね)、二艘(そう、船の数の単位)の舟を並べ互いに繋ぎ合わせた舟(船首が二つあるような形の舟)、同「斻」「舫」◆船が並んで進むさま、同「𦨵」◆舟、船; 空:◆(中に)何もない、何も含まれていない、虚(うつ)ろなさま◆何もないところ、天と地の間(あいだ); 機:◆布を織る装置、「機織(キショク、はたおり)」◆ある仕事をさせる(する)ために人や部品を組み合わせて作り上げた仕組みや仕掛け(組織や装置)◆「機関(キカン)」◇,N3,on,on+on+on,A4_multi_on(on+on+on 65%) | B_noun_rad_木(kun 93%),航:◆方舟(はこぶね)、二艘(そう、船の数の単位)の舟を並べ互いに繋ぎ合わせた舟(船首が二つあるような形の舟)、同「斻」「舫」◆船が並んで進むさま、同「𦨵」◆舟、船; 空:◆(中に)何もない、何も含まれていない、虚(うつ)ろなさま◆何もないところ、天と地の間(あいだ); 機:◆布を織る装置、「機織(キショク、はたおり)」◆ある仕事をさせる(する)ために人や部品を組み合わせて作り上げた仕組みや仕掛け(組織や装置)◆「機関(キカン)」◇
kk_船便_ふなびん,船便,ふなびん,船:◆川や沿岸を行き来する舟、外洋に出られる大きな舟は「舶」¶「舟」と「船」は同義だが、漢代では東方で「舟」・西方で「船」といい、後には一般に「舟」は小形のものを、; 便:◆安らかなさま、差し障る(さしさわる)ようなことがないさま◆都合が良いさま、ちょうど良いさま、(物事をするのに)適(テキ)しているさま、「便宜(ベンギ)」「便利,N3,mixed,kun+on~,,船:◆川や沿岸を行き来する舟、外洋に出られる大きな舟は「舶」¶「舟」と「船」は同義だが、漢代では東方で「舟」・西方で「船」といい、後には一般に「舟」は小形のものを、; 便:◆安らかなさま、差し障る(さしさわる)ようなことがないさま◆都合が良いさま、ちょうど良いさま、(物事をするのに)適(テキ)しているさま、「便宜(ベンギ)」「便利
kk_芋_いも,芋,いも,芋:◆澱粉などの養分を貯えて肥大した根茎、塊根(カイコン)、塊根を食用とする植物の総称 ◆サトイモ(里芋)、サトイモ科サトイモ属、サトイモ科の植物、中国では「芋(ウ,N3,kun,kun,IL2_single_default(kun 84%),芋:◆澱粉などの養分を貯えて肥大した根茎、塊根(カイコン)、塊根を食用とする植物の総称 ◆サトイモ(里芋)、サトイモ科サトイモ属、サトイモ科の植物、中国では「芋(ウ
kk_芝生_しばふ,芝生,しばふ,芝:◆「芝草(シソウ)」「霊芝(レイシ)」「木霊芝(モクレイシ)」、万年茸(マンネンタケ)、マンネンタケ科のキノコ(茸)、また同科のキノコの称、別名「神草(シンソウ; 生:◆う・まれる、それまでになかった新しいものが現れ出る、また新しいことが起こる◆い・きる、成長し活動できる状態で存在する、またその状態◆なま、現れ出た時のそのまま,N3,other,mixed+mixed~,A3_short_compound(on+on 71%),芝:◆「芝草(シソウ)」「霊芝(レイシ)」「木霊芝(モクレイシ)」、万年茸(マンネンタケ)、マンネンタケ科のキノコ(茸)、また同科のキノコの称、別名「神草(シンソウ; 生:◆う・まれる、それまでになかった新しいものが現れ出る、また新しいことが起こる◆い・きる、成長し活動できる状態で存在する、またその状態◆なま、現れ出た時のそのまま
kk_花火_はなび,花火,はなび,花:◆種子植物の生殖のための器官、雌蕊(シズイ、めしべ)や雄蕊(ユウズイ、おしべ)やその外側にある部分を総じた名 ◆(花のように)美しいさま、華(はな)やかなさま、; 火:◆ものが燃える時に発生する光や色や炎や熱など◆ものが赤々と燃える、また焼く◆(火が勢いよく燃えるように、また顔を紅潮させて)怒る、(火が弾けるように)突然怒り出,N3,other,mixed+mixed~,A3_short_compound(on+on 71%),花:◆種子植物の生殖のための器官、雌蕊(シズイ、めしべ)や雄蕊(ユウズイ、おしべ)やその外側にある部分を総じた名 ◆(花のように)美しいさま、華(はな)やかなさま、; 火:◆ものが燃える時に発生する光や色や炎や熱など◆ものが赤々と燃える、また焼く◆(火が勢いよく燃えるように、また顔を紅潮させて)怒る、(火が弾けるように)突然怒り出
kk_花瓶_かびん,花瓶,かびん,花:◆種子植物の生殖のための器官、雌蕊(シズイ、めしべ)や雄蕊(ユウズイ、おしべ)やその外側にある部分を総じた名 ◆(花のように)美しいさま、華(はな)やかなさま、; 瓶:◆口が小さく首が窄(すぼ)んで腹がやや膨(ふく)らんだ容器、胴回りの大きさに比べて背が高い、同「壜」  ◆[日]液体を入れる容器、同「罎」「壜」,N3,on,on+on,A3_short_compound(on+on 71%),花:◆種子植物の生殖のための器官、雌蕊(シズイ、めしべ)や雄蕊(ユウズイ、おしべ)やその外側にある部分を総じた名 ◆(花のように)美しいさま、華(はな)やかなさま、; 瓶:◆口が小さく首が窄(すぼ)んで腹がやや膨(ふく)らんだ容器、胴回りの大きさに比べて背が高い、同「壜」  ◆[日]液体を入れる容器、同「罎」「壜」
kk_花粉症_かふんしょう,花粉症,かふんしょう,花:◆種子植物の生殖のための器官、雌蕊(シズイ、めしべ)や雄蕊(ユウズイ、おしべ)やその外側にある部分を総じた名 ◆(花のように)美しいさま、華(はな)やかなさま、; 粉:◆穀物を細かく砕いたもの、「粒」よりも更に細かいもの、またそのような形状のもの◆小さく細かくする◆白くするために砕いて細かくしたもの、顔などに叩(はた)いたり油; 症:◆病気の状態、病状◆繁「癥」,N3,on,on+on+on,A4_multi_on(on+on+on 65%) | B_noun_rad_米(kun 93%),花:◆種子植物の生殖のための器官、雌蕊(シズイ、めしべ)や雄蕊(ユウズイ、おしべ)やその外側にある部分を総じた名 ◆(花のように)美しいさま、華(はな)やかなさま、; 粉:◆穀物を細かく砕いたもの、「粒」よりも更に細かいもの、またそのような形状のもの◆小さく細かくする◆白くするために砕いて細かくしたもの、顔などに叩(はた)いたり油; 症:◆病気の状態、病状◆繁「癥」
kk_芸術_げいじゅつ,芸術,げいじゅつ,芸:◆田畑の雑草を取り除く、同「耘」◆「芸香(ウンコウ)」、ヘンルーダwijnruit、ミカン科ヘンルーダ属の草 ◆「芸臺(ウンタイ)」、書庫、「芸香」に書物を食い; 術:◆市中を通る道、行き方◆やり方、方法・方策や手段、それを使いこなす能力◆取るべき道、従うべき決まり◆述べる、考えや思いを書き表す、或いは言い表す、同「述」,N3,on,on+on,,芸:◆田畑の雑草を取り除く、同「耘」◆「芸香(ウンコウ)」、ヘンルーダwijnruit、ミカン科ヘンルーダ属の草 ◆「芸臺(ウンタイ)」、書庫、「芸香」に書物を食い; 術:◆市中を通る道、行き方◆やり方、方法・方策や手段、それを使いこなす能力◆取るべき道、従うべき決まり◆述べる、考えや思いを書き表す、或いは言い表す、同「述」
kk_苛々_いらいら,苛々,いらいら,苛:◆いじ・める、厳しく要求して苦しめる、叱(しか)る◆[日]いら、煩わしくどうしてよいか分からないさま,N3,kun,kun,IL2_single_default(kun 84%),苛:◆いじ・める、厳しく要求して苦しめる、叱(しか)る◆[日]いら、煩わしくどうしてよいか分からないさま
kk_若しも_もしも,若しも,もしも,若:◆わか・い、柔(やわ)らかくしなやかなさま、生まれて間もないさま◆柔らかい(しなやかな、若い)草木◆逆(さか)らわずに従(したが)う◆もし～、仮に、或いは、もし,N3,kun,kun,IL1_okurigana(kun 96%) | IL2_single_okuri(kun 96%),若:◆わか・い、柔(やわ)らかくしなやかなさま、生まれて間もないさま◆柔らかい(しなやかな、若い)草木◆逆(さか)らわずに従(したが)う◆もし～、仮に、或いは、もし
kk_若者_わかもの,若者,わかもの,若:◆わか・い、柔(やわ)らかくしなやかなさま、生まれて間もないさま◆柔らかい(しなやかな、若い)草木◆逆(さか)らわずに従(したが)う◆もし～、仮に、或いは、もし; 者:◆～の人、～する人、「使者(ししゃ、使いをする人、運び届けること)」◆こと(事)、もの(物)、「再者(サイシャ、更に付け加えること、追伸)」「前者(ゼンシャ、前,N3,kun,kun+kun~,,若:◆わか・い、柔(やわ)らかくしなやかなさま、生まれて間もないさま◆柔らかい(しなやかな、若い)草木◆逆(さか)らわずに従(したが)う◆もし～、仮に、或いは、もし; 者:◆～の人、～する人、「使者(ししゃ、使いをする人、運び届けること)」◆こと(事)、もの(物)、「再者(サイシャ、更に付け加えること、追伸)」「前者(ゼンシャ、前
kk_苦しい_くるしい,苦しい,くるしい,苦:◆渋味やえぐ味などの不快に感じる味、五味(甘・酸・鹹・苦・辛)の一つ◆不快なことや思うようにならないことなどに困り果てる、押さえ付けられているような(重苦しい),N3,kun,kun,IL1_okurigana(kun 96%) | IL2_single_okuri(kun 96%),苦:◆渋味やえぐ味などの不快に感じる味、五味(甘・酸・鹹・苦・辛)の一つ◆不快なことや思うようにならないことなどに困り果てる、押さえ付けられているような(重苦しい)
kk_苦しむ_くるしむ,苦しむ,くるしむ,苦:◆渋味やえぐ味などの不快に感じる味、五味(甘・酸・鹹・苦・辛)の一つ◆不快なことや思うようにならないことなどに困り果てる、押さえ付けられているような(重苦しい),N3,kun,kun,IL1_okurigana(kun 96%) | IL2_single_okuri(kun 96%),苦:◆渋味やえぐ味などの不快に感じる味、五味(甘・酸・鹹・苦・辛)の一つ◆不快なことや思うようにならないことなどに困り果てる、押さえ付けられているような(重苦しい)
kk_苦労_くろう,苦労,くろう,苦:◆渋味やえぐ味などの不快に感じる味、五味(甘・酸・鹹・苦・辛)の一つ◆不快なことや思うようにならないことなどに困り果てる、押さえ付けられているような(重苦しい); 労:◆精一杯務める、力を尽くして働く、またそのような人◆力を出し尽くして疲れる、困憊(コンパイ)する◆いた・わる、ねぎら・う、働きや骨折り・疲れや辛苦を慰める,N3,on,on+on,A3_short_compound(on+on 71%) | B_verb_rad_力(kun 80%),苦:◆渋味やえぐ味などの不快に感じる味、五味(甘・酸・鹹・苦・辛)の一つ◆不快なことや思うようにならないことなどに困り果てる、押さえ付けられているような(重苦しい); 労:◆精一杯務める、力を尽くして働く、またそのような人◆力を出し尽くして疲れる、困憊(コンパイ)する◆いた・わる、ねぎら・う、働きや骨折り・疲れや辛苦を慰める
kk_苦手_にがて,苦手,にがて,苦:◆渋味やえぐ味などの不快に感じる味、五味(甘・酸・鹹・苦・辛)の一つ◆不快なことや思うようにならないことなどに困り果てる、押さえ付けられているような(重苦しい); 手:◆体や物体の一部で、胴から分かれ出て伸び、持つ・握る・叩く・ものを作る・操作するなどの機能を持つ部分、掌(たなごころ)と指を合わせた全体、腕の先の部分 ◆自(み,N3,kun,kun+kun~,A3_short_compound(on+on 71%) | B_verb_rad_手(kun 80%),苦:◆渋味やえぐ味などの不快に感じる味、五味(甘・酸・鹹・苦・辛)の一つ◆不快なことや思うようにならないことなどに困り果てる、押さえ付けられているような(重苦しい); 手:◆体や物体の一部で、胴から分かれ出て伸び、持つ・握る・叩く・ものを作る・操作するなどの機能を持つ部分、掌(たなごころ)と指を合わせた全体、腕の先の部分 ◆自(み
kk_茄子_なす,茄子,なす,茄:◆ハス(蓮、ハス科ハス属の水草)の茎(くき)、「【爾雅注疏:釋草】荷芙渠(…)其莖茄其葉蕸其本蔤(《注》莖下白蒻在泥中者)其華菡萏(…)其實蓮(《注》蓮謂房也); 子:◆母親から産まれるもの、古くは男女を問わず「子」といったが、現代中国では男の子(息子)を指す◆新しく産まれる(生まれる)ものの元となるもの、植物の種や実、動物の,N3,mixed,kun+on~,A3_short_compound(on+on 71%),茄:◆ハス(蓮、ハス科ハス属の水草)の茎(くき)、「【爾雅注疏:釋草】荷芙渠(…)其莖茄其葉蕸其本蔤(《注》莖下白蒻在泥中者)其華菡萏(…)其實蓮(《注》蓮謂房也); 子:◆母親から産まれるもの、古くは男女を問わず「子」といったが、現代中国では男の子(息子)を指す◆新しく産まれる(生まれる)ものの元となるもの、植物の種や実、動物の
kk_茶の間_ちゃのま,茶の間,ちゃのま,茶:◆チャ(茶)、チャノキ(茶の木)、ツバキ科ツバキ属の木 ◆チャノキの若葉を摘(つ)み煎(せん)じて飲料用に加工したもの、遅い時期に摘み取った茶葉を使ったものは「; 間:◆両側からぴったりと閉じられずに開いているところ、(空間・時間・物事・関係などが)連続せずに途切れているところ、開いたり途切れたりして何もないところ、隙(すき),N3,mixed,on+kun~,IL1_okurigana(kun 96%) | A1_compound_oku(kun 90%) | A1_on_kun_mix(on+kun 65%),茶:◆チャ(茶)、チャノキ(茶の木)、ツバキ科ツバキ属の木 ◆チャノキの若葉を摘(つ)み煎(せん)じて飲料用に加工したもの、遅い時期に摘み取った茶葉を使ったものは「; 間:◆両側からぴったりと閉じられずに開いているところ、(空間・時間・物事・関係などが)連続せずに途切れているところ、開いたり途切れたりして何もないところ、隙(すき)
kk_荒い_あらい,荒い,あらい,荒:◆雑草が伸び放題なさま、人の手が入っておらず耕作や居住に向かないさま、またそのような地◆廃(すた)れる、長い間人の手が加えられた様子がないさま◆(人の手が及ばす,N3,kun,kun,IL1_okurigana(kun 96%) | IL2_single_okuri(kun 96%),荒:◆雑草が伸び放題なさま、人の手が入っておらず耕作や居住に向かないさま、またそのような地◆廃(すた)れる、長い間人の手が加えられた様子がないさま◆(人の手が及ばす
kk_菊_きく,菊,きく,菊:◆キク(菊)、キク科キク属の草の総称、同「𦵳」「䕮」「𧃓」「𦶗」「蘜」,N3,on,on,IL2_on_only(on 99%),菊:◆キク(菊)、キク科キク属の草の総称、同「𦵳」「䕮」「𧃓」「𦶗」「蘜」
kk_落ち着く_おちつく,落ち着く,おちつく,落:◆上にあったものが下に移動する、高い所から下に位置を変える、「落下(ラッカ)」「墜落(ツイラク)」◆枯れ衰える、(枯れた葉が)地に墜ちる、「没落(ボツラク)」「; 着:◆目的や目標としている物事・場所などに届く、また達する、また到る、同「著」◆他のものに付く、同「著」◆き・る、衣服を身に付ける、同「著」◆火や明かりを点(つ)け,N3,kun,kun+kun~,IL1_okurigana(kun 96%) | A1_compound_oku(kun 90%) | A1_on_kun_mix(on+kun 65%),落:◆上にあったものが下に移動する、高い所から下に位置を変える、「落下(ラッカ)」「墜落(ツイラク)」◆枯れ衰える、(枯れた葉が)地に墜ちる、「没落(ボツラク)」「; 着:◆目的や目標としている物事・場所などに届く、また達する、また到る、同「著」◆他のものに付く、同「著」◆き・る、衣服を身に付ける、同「著」◆火や明かりを点(つ)け
kk_著者_ちょしゃ,著者,ちょしゃ,著:◆他との違い(或いは正誤)をはっきりと示す、誰の目にも明らかにする、明確にする、同「箸」「𣋐」◆(間違いや誤解がないように)文章などに書き表す、書かれた文章、同; 者:◆～の人、～する人、「使者(ししゃ、使いをする人、運び届けること)」◆こと(事)、もの(物)、「再者(サイシャ、更に付け加えること、追伸)」「前者(ゼンシャ、前,N3,on,on+on,A3_short_compound(on+on 71%),著:◆他との違い(或いは正誤)をはっきりと示す、誰の目にも明らかにする、明確にする、同「箸」「𣋐」◆(間違いや誤解がないように)文章などに書き表す、書かれた文章、同; 者:◆～の人、～する人、「使者(ししゃ、使いをする人、運び届けること)」◆こと(事)、もの(物)、「再者(サイシャ、更に付け加えること、追伸)」「前者(ゼンシャ、前
kk_蒔く/撒く/（播く）_まく,蒔く/撒く/（播く）,まく,蒔:◆苗を植える、苗代で育った苗を植え替える、同「𦸎」「𦱎」◆「蒔蘿(ジラ)」、イノンドeneldo、セリ科イノンド属の草、別名ディルdill、薬草や香草として利用; 撒:◆ばらばらと放り散らす、散らすように投げる、播(ま)くように散らす、同「散」; 播:◆種を広く均一に撒(ま)く、ばらばらと撒き散らす、散布する◆振ってぱらぱらと散らす◆広く行き亘(わた)らせる、布告する、同「譒」◆散り散り(ちりぢり)になって逃,N3,kun,kun+kun+kun~,IL1_okurigana(kun 96%) | A1_compound_oku(kun 90%) | A1_on_kun_mix(on+kun 65%),蒔:◆苗を植える、苗代で育った苗を植え替える、同「𦸎」「𦱎」◆「蒔蘿(ジラ)」、イノンドeneldo、セリ科イノンド属の草、別名ディルdill、薬草や香草として利用; 撒:◆ばらばらと放り散らす、散らすように投げる、播(ま)くように散らす、同「散」; 播:◆種を広く均一に撒(ま)く、ばらばらと撒き散らす、散布する◆振ってぱらぱらと散らす◆広く行き亘(わた)らせる、布告する、同「譒」◆散り散り(ちりぢり)になって逃
kk_蒸し暑い_むしあつい,蒸し暑い,むしあつい,蒸:◆湯気(水蒸気)が立ち昇る、同「烝」◆湯気(水蒸気)を立ち昇らせて熱する、同「烝」◆皮を取り去ったアサ(麻)の茎を乾燥させたもの、麻幹(あさがら、おがら)◆細い; 暑:◆太陽の熱によって気温が高くなる、またそのような季節、火によって温度が高くなるのは「熱」,N3,kun,kun+kun~,IL1_okurigana(kun 96%) | A1_compound_oku(kun 90%) | A1_on_kun_mix(on+kun 65%),蒸:◆湯気(水蒸気)が立ち昇る、同「烝」◆湯気(水蒸気)を立ち昇らせて熱する、同「烝」◆皮を取り去ったアサ(麻)の茎を乾燥させたもの、麻幹(あさがら、おがら)◆細い; 暑:◆太陽の熱によって気温が高くなる、またそのような季節、火によって温度が高くなるのは「熱」
kk_蒸す_むす,蒸す,むす,蒸:◆湯気(水蒸気)が立ち昇る、同「烝」◆湯気(水蒸気)を立ち昇らせて熱する、同「烝」◆皮を取り去ったアサ(麻)の茎を乾燥させたもの、麻幹(あさがら、おがら)◆細い,N3,kun,kun,IL1_okurigana(kun 96%) | IL2_single_okuri(kun 96%),蒸:◆湯気(水蒸気)が立ち昇る、同「烝」◆湯気(水蒸気)を立ち昇らせて熱する、同「烝」◆皮を取り去ったアサ(麻)の茎を乾燥させたもの、麻幹(あさがら、おがら)◆細い
kk_蒸気_じょうき,蒸気,じょうき,蒸:◆湯気(水蒸気)が立ち昇る、同「烝」◆湯気(水蒸気)を立ち昇らせて熱する、同「烝」◆皮を取り去ったアサ(麻)の茎を乾燥させたもの、麻幹(あさがら、おがら)◆細い; 気:◆中国古来の考えで、天地全ての事物の基本要素、目に見えず形状は一定しない、あらゆる事物の生死・盛衰などの変化・変動はこの「気」の移動・集散によるものと考えられた,N3,on,on+on,A3_short_compound(on+on 71%),蒸:◆湯気(水蒸気)が立ち昇る、同「烝」◆湯気(水蒸気)を立ち昇らせて熱する、同「烝」◆皮を取り去ったアサ(麻)の茎を乾燥させたもの、麻幹(あさがら、おがら)◆細い; 気:◆中国古来の考えで、天地全ての事物の基本要素、目に見えず形状は一定しない、あらゆる事物の生死・盛衰などの変化・変動はこの「気」の移動・集散によるものと考えられた
kk_蓋_ふた,蓋,ふた,蓋:◆(草を編んで作った)上からの雨や日差しを遮(さえぎ)る覆(おお)い◆雨や日差しを遮(さえぎ)るために頭の上に翳(かざ)す傘(かさ)◆全体を覆う◆(家を)造(つ,N3,kun,kun,IL2_single_default(kun 84%),蓋:◆(草を編んで作った)上からの雨や日差しを遮(さえぎ)る覆(おお)い◆雨や日差しを遮(さえぎ)るために頭の上に翳(かざ)す傘(かさ)◆全体を覆う◆(家を)造(つ
kk_薬局_やっきょく,薬局,やっきょく,薬:◆病(やまい)や傷を治(なお)したり癒(いや)したりする効果のある物質◆病や傷を治す、癒す◆他に化学作用を及ぼす物質◆「芍薬(シャクヤク)」、ボタン科ボタン属 ; 局:◆周りが囲まれ区切られた部分や場所◆限定された一部分、狭い範囲◆曲げる、曲げて縮こまる、「狭いところに押し込められている」の意◆将棋などの盤、また形勢・情勢、「,N3,other,mixed+mixed~,,薬:◆病(やまい)や傷を治(なお)したり癒(いや)したりする効果のある物質◆病や傷を治す、癒す◆他に化学作用を及ぼす物質◆「芍薬(シャクヤク)」、ボタン科ボタン属 ; 局:◆周りが囲まれ区切られた部分や場所◆限定された一部分、狭い範囲◆曲げる、曲げて縮こまる、「狭いところに押し込められている」の意◆将棋などの盤、また形勢・情勢、「
kk_薬缶_やかん,薬缶,やかん,薬:◆病(やまい)や傷を治(なお)したり癒(いや)したりする効果のある物質◆病や傷を治す、癒す◆他に化学作用を及ぼす物質◆「芍薬(シャクヤク)」、ボタン科ボタン属 ; 缶:◆口は大きく腹が膨(ふく)らんだ容器、用途を限らず液体・粉末・固形物などを入れる、同「缻」「罐」 ◆打楽器の名、同「缻」、「【舊唐書:卷二十九:志第九:音樂二】,N3,on,mixed+on~,A3_short_compound(on+on 71%),薬:◆病(やまい)や傷を治(なお)したり癒(いや)したりする効果のある物質◆病や傷を治す、癒す◆他に化学作用を及ぼす物質◆「芍薬(シャクヤク)」、ボタン科ボタン属 ; 缶:◆口は大きく腹が膨(ふく)らんだ容器、用途を限らず液体・粉末・固形物などを入れる、同「缻」「罐」 ◆打楽器の名、同「缻」、「【舊唐書:卷二十九:志第九:音樂二】
kk_虐め/苛め_いじめ,虐め/苛め,いじめ,虐:◆酷(むご)い仕打ちをする、苛(いじめ)め苦しめる; 苛:◆いじ・める、厳しく要求して苦しめる、叱(しか)る◆[日]いら、煩わしくどうしてよいか分からないさま,N3,other,mixed+mixed~,IL1_okurigana(kun 96%) | A1_compound_oku(kun 90%) | A1_on_kun_mix(on+kun 65%),虐:◆酷(むご)い仕打ちをする、苛(いじめ)め苦しめる; 苛:◆いじ・める、厳しく要求して苦しめる、叱(しか)る◆[日]いら、煩わしくどうしてよいか分からないさま
kk_蚊_か,蚊,か,蚊:◆カ(蚊)、ハエ目カ科の昆虫、また同科の昆虫の称,N3,kun,kun,IL2_single_default(kun 84%) | B_noun_rad_虫(kun 93%),蚊:◆カ(蚊)、ハエ目カ科の昆虫、また同科の昆虫の称
kk_蛇_へび,蛇,へび,蛇:◆ヘビ(蛇)、ヘビ亜目の爬虫類の総称◆(ヘビのように)くねくねしたさま◆「委蛇、逶蛇(イイ、イタ)」、緩(ゆる)やかに(まっすぐではなく)上へ下へ或いは右に左に,N3,kun,kun,IL2_single_default(kun 84%) | B_noun_rad_虫(kun 93%),蛇:◆ヘビ(蛇)、ヘビ亜目の爬虫類の総称◆(ヘビのように)くねくねしたさま◆「委蛇、逶蛇(イイ、イタ)」、緩(ゆる)やかに(まっすぐではなく)上へ下へ或いは右に左に
kk_蛇口_じゃぐち,蛇口,じゃぐち,蛇:◆ヘビ(蛇)、ヘビ亜目の爬虫類の総称◆(ヘビのように)くねくねしたさま◆「委蛇、逶蛇(イイ、イタ)」、緩(ゆる)やかに(まっすぐではなく)上へ下へ或いは右に左に; 口:◆動物の食べたり声を発したりするための器官◆ものが出入りするために空(あ)けた(空いた)ところ、(口のように)全体の内の一部空いたところ◆言葉、言葉を発する、語,N3,other,mixed+mixed~,A3_short_compound(on+on 71%) | B_noun_rad_虫(kun 93%),蛇:◆ヘビ(蛇)、ヘビ亜目の爬虫類の総称◆(ヘビのように)くねくねしたさま◆「委蛇、逶蛇(イイ、イタ)」、緩(ゆる)やかに(まっすぐではなく)上へ下へ或いは右に左に; 口:◆動物の食べたり声を発したりするための器官◆ものが出入りするために空(あ)けた(空いた)ところ、(口のように)全体の内の一部空いたところ◆言葉、言葉を発する、語
kk_蝿_はえ,蝿,はえ,蝿:◆ハエ(蠅)、ハエ目の昆虫◆イエバエ(家蠅)、イエバエ科の昆虫,N3,kun,kun,IL2_single_default(kun 84%) | B_noun_rad_虫(kun 93%),蝿:◆ハエ(蠅)、ハエ目の昆虫◆イエバエ(家蠅)、イエバエ科の昆虫
kk_血液_けつえき,血液,けつえき,血:◆動物の体内を循環し養分や老廃物を運ぶ役目をする液体◆同じ親を持つ人、またその人たちの代々の繋(つな)がり◆「血気(ケッキ)」、体を維持する血液と体を動かす気力; 液:◆流れ動いて一定の形をしないもの◆体などから分泌(ブンピツ)される汁◆(液体に)漬(つ)かる、漬ける◆融(と)ける,N3,on,on+on,,血:◆動物の体内を循環し養分や老廃物を運ぶ役目をする液体◆同じ親を持つ人、またその人たちの代々の繋(つな)がり◆「血気(ケッキ)」、体を維持する血液と体を動かす気力; 液:◆流れ動いて一定の形をしないもの◆体などから分泌(ブンピツ)される汁◆(液体に)漬(つ)かる、漬ける◆融(と)ける
kk_行けない_いけない,行けない,いけない,行:◆左足を前に出し(彳)次に右足を前に出す(亍)、足を交互に動かして前に進む◆目的とするところに向かって進む◆遠くに出掛ける、旅に出る◆道、人が往来する道路、同「,N3,kun,kun,IL1_okurigana(kun 96%) | IL2_single_okuri(kun 96%),行:◆左足を前に出し(彳)次に右足を前に出す(亍)、足を交互に動かして前に進む◆目的とするところに向かって進む◆遠くに出掛ける、旅に出る◆道、人が往来する道路、同「
kk_行事_ぎょうじ,行事,ぎょうじ,行:◆左足を前に出し(彳)次に右足を前に出す(亍)、足を交互に動かして前に進む◆目的とするところに向かって進む◆遠くに出掛ける、旅に出る◆道、人が往来する道路、同「; 事:◆こと、動作・現象・状態など形のないものを指す語、形のあるものは「物」、「事情(ジジョウ、ことの様子)」「無事(ブジ、何事もないさま)」◆職(ショク)、仕事や役,N3,on,on+on,A3_short_compound(on+on 71%),行:◆左足を前に出し(彳)次に右足を前に出す(亍)、足を交互に動かして前に進む◆目的とするところに向かって進む◆遠くに出掛ける、旅に出る◆道、人が往来する道路、同「; 事:◆こと、動作・現象・状態など形のないものを指す語、形のあるものは「物」、「事情(ジジョウ、ことの様子)」「無事(ブジ、何事もないさま)」◆職(ショク)、仕事や役
kk_行列_ぎょうれつ,行列,ぎょうれつ,行:◆左足を前に出し(彳)次に右足を前に出す(亍)、足を交互に動かして前に進む◆目的とするところに向かって進む◆遠くに出掛ける、旅に出る◆道、人が往来する道路、同「; 列:◆横方向の並び、横方向に順序に従って(重ならないように)並ぶ、同「排」、縦方向の列を「行」◆ずらりと人が居並ぶ◆裂(さ)く、二つに切り割(さ)く、同「裂」「𠜺」,N3,on,on+on,B_verb_rad_刀(kun 80%),行:◆左足を前に出し(彳)次に右足を前に出す(亍)、足を交互に動かして前に進む◆目的とするところに向かって進む◆遠くに出掛ける、旅に出る◆道、人が往来する道路、同「; 列:◆横方向の並び、横方向に順序に従って(重ならないように)並ぶ、同「排」、縦方向の列を「行」◆ずらりと人が居並ぶ◆裂(さ)く、二つに切り割(さ)く、同「裂」「𠜺」
kk_行動_こうどう,行動,こうどう,行:◆左足を前に出し(彳)次に右足を前に出す(亍)、足を交互に動かして前に進む◆目的とするところに向かって進む◆遠くに出掛ける、旅に出る◆道、人が往来する道路、同「; 動:◆位置・姿勢・感情・状態・事情などが変わる、また変える、また変わり始める、「動作」「行動」「感動」◆やや・もすれば、どうかすると(～になる、～になりやすい),N3,on,on+on,B_verb_rad_力(kun 80%),行:◆左足を前に出し(彳)次に右足を前に出す(亍)、足を交互に動かして前に進む◆目的とするところに向かって進む◆遠くに出掛ける、旅に出る◆道、人が往来する道路、同「; 動:◆位置・姿勢・感情・状態・事情などが変わる、また変える、また変わり始める、「動作」「行動」「感動」◆やや・もすれば、どうかすると(～になる、～になりやすい)
kk_衝突_しょうとつ,衝突,しょうとつ,衝:◆街を突き抜けるように通る道路、交通のための主要な通り◆大きな通りが集まっている所、要所、要点◆突き進んでぶつかる、突き当たる◆簡「冲」; 突:◆犬が穴から急に飛び出す、また飛び出てくる◆急に、不意に◆つ・く、撞(つ)く、(棒状のものを正面から)まっすぐに当てる◆そこだけ凸状に飛び出ているさま、またその,N3,on,on+on,,衝:◆街を突き抜けるように通る道路、交通のための主要な通り◆大きな通りが集まっている所、要所、要点◆突き進んでぶつかる、突き当たる◆簡「冲」; 突:◆犬が穴から急に飛び出す、また飛び出てくる◆急に、不意に◆つ・く、撞(つ)く、(棒状のものを正面から)まっすぐに当てる◆そこだけ凸状に飛び出ているさま、またその
kk_表_ひょう,表,ひょう,表:◆重ね着をする際に最も上(外側)に羽織(はお)る衣服、上着(うわぎ)、外衣(ガイイ)、本「𧘝」、同「𧞧」◆外側、外側に面した部分◆人の目に触れる、またその部分◆,N3,on,on,IL2_single_default(kun 84%),表:◆重ね着をする際に最も上(外側)に羽織(はお)る衣服、上着(うわぎ)、外衣(ガイイ)、本「𧘝」、同「𧞧」◆外側、外側に面した部分◆人の目に触れる、またその部分◆
kk_表れる_あらわれる,表れる,あらわれる,表:◆重ね着をする際に最も上(外側)に羽織(はお)る衣服、上着(うわぎ)、外衣(ガイイ)、本「𧘝」、同「𧞧」◆外側、外側に面した部分◆人の目に触れる、またその部分◆,N3,kun,kun,IL1_okurigana(kun 96%) | IL2_single_okuri(kun 96%),表:◆重ね着をする際に最も上(外側)に羽織(はお)る衣服、上着(うわぎ)、外衣(ガイイ)、本「𧘝」、同「𧞧」◆外側、外側に面した部分◆人の目に触れる、またその部分◆
kk_表情_ひょうじょう,表情,ひょうじょう,表:◆重ね着をする際に最も上(外側)に羽織(はお)る衣服、上着(うわぎ)、外衣(ガイイ)、本「𧘝」、同「𧞧」◆外側、外側に面した部分◆人の目に触れる、またその部分◆; 情:◆物事(特に他の人)からの働き掛けで起こる喜怒哀楽愛好悪欲などの心の動き、「感情(カンジョウ)」◆他に寄せる思い、「愛情(アイジョウ)」◆異性に寄せる思い、好意,N3,on,on+on,,表:◆重ね着をする際に最も上(外側)に羽織(はお)る衣服、上着(うわぎ)、外衣(ガイイ)、本「𧘝」、同「𧞧」◆外側、外側に面した部分◆人の目に触れる、またその部分◆; 情:◆物事(特に他の人)からの働き掛けで起こる喜怒哀楽愛好悪欲などの心の動き、「感情(カンジョウ)」◆他に寄せる思い、「愛情(アイジョウ)」◆異性に寄せる思い、好意
kk_表現_ひょうげん,表現,ひょうげん,表:◆重ね着をする際に最も上(外側)に羽織(はお)る衣服、上着(うわぎ)、外衣(ガイイ)、本「𧘝」、同「𧞧」◆外側、外側に面した部分◆人の目に触れる、またその部分◆; 現:◆それまで見えなかったものが見えるようになる、隠れていたものが表に出てくる◆目の前の、目の前にある、実際の、実際にそこにある◆今の、今ここにある,N3,on,on+on,,表:◆重ね着をする際に最も上(外側)に羽織(はお)る衣服、上着(うわぎ)、外衣(ガイイ)、本「𧘝」、同「𧞧」◆外側、外側に面した部分◆人の目に触れる、またその部分◆; 現:◆それまで見えなかったものが見えるようになる、隠れていたものが表に出てくる◆目の前の、目の前にある、実際の、実際にそこにある◆今の、今ここにある
kk_表示_ひょうじ,表示,ひょうじ,表:◆重ね着をする際に最も上(外側)に羽織(はお)る衣服、上着(うわぎ)、外衣(ガイイ)、本「𧘝」、同「𧞧」◆外側、外側に面した部分◆人の目に触れる、またその部分◆; 示:◆(天上の神が地上のものに齎す物事の意思・意図を)はっきりと分かるように目の前に出して見せる、また見せて知らしめる、同「視」◆しめす、しめすへん、部首名,N3,on,on+on,A3_short_compound(on+on 71%),表:◆重ね着をする際に最も上(外側)に羽織(はお)る衣服、上着(うわぎ)、外衣(ガイイ)、本「𧘝」、同「𧞧」◆外側、外側に面した部分◆人の目に触れる、またその部分◆; 示:◆(天上の神が地上のものに齎す物事の意思・意図を)はっきりと分かるように目の前に出して見せる、また見せて知らしめる、同「視」◆しめす、しめすへん、部首名
kk_表通り_おもてどおり,表通り,おもてどおり,表:◆重ね着をする際に最も上(外側)に羽織(はお)る衣服、上着(うわぎ)、外衣(ガイイ)、本「𧘝」、同「𧞧」◆外側、外側に面した部分◆人の目に触れる、またその部分◆; 通:◆途中に障害となるようなものがなく反対側・向こう側・相手方・目的地まで達する、また達している◆支障なく行き来ができる、また行き来する、また行き来ができるようにす,N3,other,mixed+mixed~,IL1_okurigana(kun 96%) | A1_compound_oku(kun 90%) | A1_on_kun_mix(on+kun 65%),表:◆重ね着をする際に最も上(外側)に羽織(はお)る衣服、上着(うわぎ)、外衣(ガイイ)、本「𧘝」、同「𧞧」◆外側、外側に面した部分◆人の目に触れる、またその部分◆; 通:◆途中に障害となるようなものがなく反対側・向こう側・相手方・目的地まで達する、また達している◆支障なく行き来ができる、また行き来する、また行き来ができるようにす
kk_表面_ひょうめん,表面,ひょうめん,表:◆重ね着をする際に最も上(外側)に羽織(はお)る衣服、上着(うわぎ)、外衣(ガイイ)、本「𧘝」、同「𧞧」◆外側、外側に面した部分◆人の目に触れる、またその部分◆; 面:◆顔(かお)、頭の目鼻口がある側◆顔を対象(タイショウ、目標や相手)に向ける、また向く◆(顔が)向いている側、向き、向いている方向◆ものの表(おもて)、前(まえ,N3,on,on+on,,表:◆重ね着をする際に最も上(外側)に羽織(はお)る衣服、上着(うわぎ)、外衣(ガイイ)、本「𧘝」、同「𧞧」◆外側、外側に面した部分◆人の目に触れる、またその部分◆; 面:◆顔(かお)、頭の目鼻口がある側◆顔を対象(タイショウ、目標や相手)に向ける、また向く◆(顔が)向いている側、向き、向いている方向◆ものの表(おもて)、前(まえ
kk_袋_ふくろ,袋,ふくろ,袋:◆物を入れるための紙・布・革製の入れ物,N3,kun,kun,IL2_single_default(kun 84%),袋:◆物を入れるための紙・布・革製の入れ物
kk_袖_そで,袖,そで,袖:◆衣服の肩から手首までの部分、衣服の腕を包む部分、またそこに物を入れる、同「褎」,N3,kun,kun,IL2_single_default(kun 84%),袖:◆衣服の肩から手首までの部分、衣服の腕を包む部分、またそこに物を入れる、同「褎」
kk_被せる_かぶせる,被せる,かぶせる,被:◆布や衣を上から掛ける、また羽織る◆掛布団◆上から掛けて覆う◆(「被～」の形で受け身を表す語、「～」は動詞)～れる、～られる、～される、「被害(ヒガイ、害をこう,N3,kun,kun,IL1_okurigana(kun 96%) | IL2_single_okuri(kun 96%),被:◆布や衣を上から掛ける、また羽織る◆掛布団◆上から掛けて覆う◆(「被～」の形で受け身を表す語、「～」は動詞)～れる、～られる、～される、「被害(ヒガイ、害をこう
kk_被害者_ひがいしゃ,被害者,ひがいしゃ,被:◆布や衣を上から掛ける、また羽織る◆掛布団◆上から掛けて覆う◆(「被～」の形で受け身を表す語、「～」は動詞)～れる、～られる、～される、「被害(ヒガイ、害をこう; 害:◆状態を悪くする、損(そこ)なう、傷付ける、妨(さまた)げる、良好な状態とは逆の状態になる◆なぜ、どうして、どうして～しないのか、同「盍」; 者:◆～の人、～する人、「使者(ししゃ、使いをする人、運び届けること)」◆こと(事)、もの(物)、「再者(サイシャ、更に付け加えること、追伸)」「前者(ゼンシャ、前,N3,on,on+on+on,A4_multi_on(on+on+on 65%) | B_noun_rad_宀(kun 93%),被:◆布や衣を上から掛ける、また羽織る◆掛布団◆上から掛けて覆う◆(「被～」の形で受け身を表す語、「～」は動詞)～れる、～られる、～される、「被害(ヒガイ、害をこう; 害:◆状態を悪くする、損(そこ)なう、傷付ける、妨(さまた)げる、良好な状態とは逆の状態になる◆なぜ、どうして、どうして～しないのか、同「盍」; 者:◆～の人、～する人、「使者(ししゃ、使いをする人、運び届けること)」◆こと(事)、もの(物)、「再者(サイシャ、更に付け加えること、追伸)」「前者(ゼンシャ、前
kk_裏口_うらぐち,裏口,うらぐち,裏:◆衣服の内側の布、裏地(うらじ)◆内側、内部、簡「里」; 口:◆動物の食べたり声を発したりするための器官◆ものが出入りするために空(あ)けた(空いた)ところ、(口のように)全体の内の一部空いたところ◆言葉、言葉を発する、語,N3,other,mixed+mixed~,,裏:◆衣服の内側の布、裏地(うらじ)◆内側、内部、簡「里」; 口:◆動物の食べたり声を発したりするための器官◆ものが出入りするために空(あ)けた(空いた)ところ、(口のように)全体の内の一部空いたところ◆言葉、言葉を発する、語
kk_裸_はだか,裸,はだか,裸:◆肌が露(あら)わになっているさま、衣服をはだけて肌を露(あら)わにする、何も身に着けていない、同「躶」「倮」「𧝹」◆覆(おお)うものがなく中身が剥(む)き出し,N3,kun,kun,IL2_single_default(kun 84%),裸:◆肌が露(あら)わになっているさま、衣服をはだけて肌を露(あら)わにする、何も身に着けていない、同「躶」「倮」「𧝹」◆覆(おお)うものがなく中身が剥(む)き出し
kk_製作_せいさく,製作,せいさく,製:◆形に合わせて布(ぬの)を断(た)つ、布を断ち衣服に仕立てる、同「裁」◆目的とする形に作る、また形を整(ととの)える、同簡「制」; 作:◆働(はたらく)く、力や手を加える、為(な)す、「作業(サギョウ)」「作為(サクイ)」◆力や手を加えることによって物事や状態を変化させる、また他に影響を与える、,N3,on,on+on,,製:◆形に合わせて布(ぬの)を断(た)つ、布を断ち衣服に仕立てる、同「裁」◆目的とする形に作る、また形を整(ととの)える、同簡「制」; 作:◆働(はたらく)く、力や手を加える、為(な)す、「作業(サギョウ)」「作為(サクイ)」◆力や手を加えることによって物事や状態を変化させる、また他に影響を与える、
kk_要求_ようきゅう,要求,ようきゅう,要:◆(体の要かなめとなる)腰(こし)◆物事の中心となるところ、非常に大切なところ◆求める、強く乞(こ)う、「要求(ヨウキュウ)」「要請(ヨウセイ、請い求める、強く; 求:◆探(さが)す、飽(あ)くまでも捜(さが)す◆欲しいものを何とか得ようとする、他人にものが欲しい(して欲しい)とねだる、強く乞(こ)う,N3,on,on+on,,要:◆(体の要かなめとなる)腰(こし)◆物事の中心となるところ、非常に大切なところ◆求める、強く乞(こ)う、「要求(ヨウキュウ)」「要請(ヨウセイ、請い求める、強く; 求:◆探(さが)す、飽(あ)くまでも捜(さが)す◆欲しいものを何とか得ようとする、他人にものが欲しい(して欲しい)とねだる、強く乞(こ)う
kk_覆う_おおう,覆う,おおう,覆:◆傾けて(倒して)逆にする、傾いて(倒れて)逆になる、ひっくり返す、ひっくり返る◆ものを伏せて被(かぶ)せる、また被さる◆元の位置や状態に戻す、また戻る、同「復,N3,kun,kun,IL1_okurigana(kun 96%) | IL2_single_okuri(kun 96%),覆:◆傾けて(倒して)逆にする、傾いて(倒れて)逆になる、ひっくり返す、ひっくり返る◆ものを伏せて被(かぶ)せる、また被さる◆元の位置や状態に戻す、また戻る、同「復
kk_見る見るうちに_みるみるうちに,見る見るうちに,みるみるうちに,見:◆目でものや状況を認識する、目に入る◆(見たものの)認識の仕方、考え◆人と顔を合わせる、対面する◆みる、部首名; 見:◆目でものや状況を認識する、目に入る◆(見たものの)認識の仕方、考え◆人と顔を合わせる、対面する◆みる、部首名,N3,kun,kun+kun~,IL1_okurigana(kun 96%) | A1_compound_oku(kun 90%) | A1_on_kun_mix(on+kun 65%),見:◆目でものや状況を認識する、目に入る◆(見たものの)認識の仕方、考え◆人と顔を合わせる、対面する◆みる、部首名; 見:◆目でものや状況を認識する、目に入る◆(見たものの)認識の仕方、考え◆人と顔を合わせる、対面する◆みる、部首名
kk_見上げる_みあげる,見上げる,みあげる,見:◆目でものや状況を認識する、目に入る◆(見たものの)認識の仕方、考え◆人と顔を合わせる、対面する◆みる、部首名; 上:◆位置・場所・地位などが高い、高い方にある◆高い方に移る、昇る、登る◆順序・時間などが前、前の方にある◆前の方に移る◆等級・品質などが高い、優れている◆殿様、皇,N3,kun,kun+kun,IL1_okurigana(kun 96%) | A1_compound_oku(kun 90%) | A1_on_kun_mix(on+kun 65%),見:◆目でものや状況を認識する、目に入る◆(見たものの)認識の仕方、考え◆人と顔を合わせる、対面する◆みる、部首名; 上:◆位置・場所・地位などが高い、高い方にある◆高い方に移る、昇る、登る◆順序・時間などが前、前の方にある◆前の方に移る◆等級・品質などが高い、優れている◆殿様、皇
kk_見下ろす_みおろす,見下ろす,みおろす,見:◆目でものや状況を認識する、目に入る◆(見たものの)認識の仕方、考え◆人と顔を合わせる、対面する◆みる、部首名; 下:◆位置・場所・地位などが低い、低い方にある◆低い方に移る、降りる、落ちる◆順序・時間などが後(あと)、後の方にある◆後の方に移る、後(うし)ろの方へ退く◆等級・,N3,kun,kun+kun,IL1_okurigana(kun 96%) | A1_compound_oku(kun 90%) | A1_on_kun_mix(on+kun 65%),見:◆目でものや状況を認識する、目に入る◆(見たものの)認識の仕方、考え◆人と顔を合わせる、対面する◆みる、部首名; 下:◆位置・場所・地位などが低い、低い方にある◆低い方に移る、降りる、落ちる◆順序・時間などが後(あと)、後の方にある◆後の方に移る、後(うし)ろの方へ退く◆等級・
kk_見合い_みあい,見合い,みあい,見:◆目でものや状況を認識する、目に入る◆(見たものの)認識の仕方、考え◆人と顔を合わせる、対面する◆みる、部首名; 合:◆人や物が集まって一緒になる、また一つになる◆幾つかのものを集め一緒にする、幾つかのものが集まり同じになる◆同じものを纏(まと)めた全体◆ぴったりと一致する、当,N3,kun,kun+kun,IL1_okurigana(kun 96%) | A1_compound_oku(kun 90%) | A1_on_kun_mix(on+kun 65%),見:◆目でものや状況を認識する、目に入る◆(見たものの)認識の仕方、考え◆人と顔を合わせる、対面する◆みる、部首名; 合:◆人や物が集まって一緒になる、また一つになる◆幾つかのものを集め一緒にする、幾つかのものが集まり同じになる◆同じものを纏(まと)めた全体◆ぴったりと一致する、当
kk_見掛け_みかけ,見掛け,みかけ,見:◆目でものや状況を認識する、目に入る◆(見たものの)認識の仕方、考え◆人と顔を合わせる、対面する◆みる、部首名; 掛:◆引っ懸(か)ける、ものの上に置いて両方また片方を垂らす、ぶら下げる、同「挂」◆引っ懸かる、気になって心に(目に)止まる◆簡「挂」◆[日]体や物を斜めにしてその,N3,kun,kun+kun,IL1_okurigana(kun 96%) | A1_compound_oku(kun 90%) | A1_on_kun_mix(on+kun 65%),見:◆目でものや状況を認識する、目に入る◆(見たものの)認識の仕方、考え◆人と顔を合わせる、対面する◆みる、部首名; 掛:◆引っ懸(か)ける、ものの上に置いて両方また片方を垂らす、ぶら下げる、同「挂」◆引っ懸かる、気になって心に(目に)止まる◆簡「挂」◆[日]体や物を斜めにしてその
kk_見掛ける_みかける,見掛ける,みかける,見:◆目でものや状況を認識する、目に入る◆(見たものの)認識の仕方、考え◆人と顔を合わせる、対面する◆みる、部首名; 掛:◆引っ懸(か)ける、ものの上に置いて両方また片方を垂らす、ぶら下げる、同「挂」◆引っ懸かる、気になって心に(目に)止まる◆簡「挂」◆[日]体や物を斜めにしてその,N3,kun,kun+kun,IL1_okurigana(kun 96%) | A1_compound_oku(kun 90%) | A1_on_kun_mix(on+kun 65%),見:◆目でものや状況を認識する、目に入る◆(見たものの)認識の仕方、考え◆人と顔を合わせる、対面する◆みる、部首名; 掛:◆引っ懸(か)ける、ものの上に置いて両方また片方を垂らす、ぶら下げる、同「挂」◆引っ懸かる、気になって心に(目に)止まる◆簡「挂」◆[日]体や物を斜めにしてその
kk_見直す_みなおす,見直す,みなおす,見:◆目でものや状況を認識する、目に入る◆(見たものの)認識の仕方、考え◆人と顔を合わせる、対面する◆みる、部首名; 直:◆ものをまっすぐによく見る◆まっすぐなさま、曲がったり折れたり歪(ゆが)んだりしない(していない)さま、「正直(ショウジキ、まっすぐなこと、嘘や偽りがないこと),N3,kun,kun+kun,IL1_okurigana(kun 96%) | A1_compound_oku(kun 90%) | A1_on_kun_mix(on+kun 65%),見:◆目でものや状況を認識する、目に入る◆(見たものの)認識の仕方、考え◆人と顔を合わせる、対面する◆みる、部首名; 直:◆ものをまっすぐによく見る◆まっすぐなさま、曲がったり折れたり歪(ゆが)んだりしない(していない)さま、「正直(ショウジキ、まっすぐなこと、嘘や偽りがないこと)
kk_見舞い_みまい,見舞い,みまい,見:◆目でものや状況を認識する、目に入る◆(見たものの)認識の仕方、考え◆人と顔を合わせる、対面する◆みる、部首名; 舞:◆手足や体を動かし踊(おど)り喜怒哀楽(キドアイラク)を表現する、同「儛」「𦐀」◆(舞うように)飛ぶ、(舞うように)揺(ゆ)らす◆弄(いじ)くって変えてしまう,N3,kun,kun+kun,IL1_okurigana(kun 96%) | A1_compound_oku(kun 90%) | A1_on_kun_mix(on+kun 65%),見:◆目でものや状況を認識する、目に入る◆(見たものの)認識の仕方、考え◆人と顔を合わせる、対面する◆みる、部首名; 舞:◆手足や体を動かし踊(おど)り喜怒哀楽(キドアイラク)を表現する、同「儛」「𦐀」◆(舞うように)飛ぶ、(舞うように)揺(ゆ)らす◆弄(いじ)くって変えてしまう
kk_見舞う_みまう,見舞う,みまう,見:◆目でものや状況を認識する、目に入る◆(見たものの)認識の仕方、考え◆人と顔を合わせる、対面する◆みる、部首名; 舞:◆手足や体を動かし踊(おど)り喜怒哀楽(キドアイラク)を表現する、同「儛」「𦐀」◆(舞うように)飛ぶ、(舞うように)揺(ゆ)らす◆弄(いじ)くって変えてしまう,N3,kun,kun+kun,IL1_okurigana(kun 96%) | A1_compound_oku(kun 90%) | A1_on_kun_mix(on+kun 65%),見:◆目でものや状況を認識する、目に入る◆(見たものの)認識の仕方、考え◆人と顔を合わせる、対面する◆みる、部首名; 舞:◆手足や体を動かし踊(おど)り喜怒哀楽(キドアイラク)を表現する、同「儛」「𦐀」◆(舞うように)飛ぶ、(舞うように)揺(ゆ)らす◆弄(いじ)くって変えてしまう
kk_見詰める_みつめる,見詰める,みつめる,見:◆目でものや状況を認識する、目に入る◆(見たものの)認識の仕方、考え◆人と顔を合わせる、対面する◆みる、部首名; 詰:◆厳(きび)しく問い責(せ)める◆追及(ツイキュウ)する、「詰問(キツモン、厳しく問い返事を迫る)」◆曲がる、屈(かが)む◆次の日、「詰旦(キッタン、次の日の明,N3,kun,kun+kun,IL1_okurigana(kun 96%) | A1_compound_oku(kun 90%) | A1_on_kun_mix(on+kun 65%),見:◆目でものや状況を認識する、目に入る◆(見たものの)認識の仕方、考え◆人と顔を合わせる、対面する◆みる、部首名; 詰:◆厳(きび)しく問い責(せ)める◆追及(ツイキュウ)する、「詰問(キツモン、厳しく問い返事を迫る)」◆曲がる、屈(かが)む◆次の日、「詰旦(キッタン、次の日の明
kk_視野_しや,視野,しや,視:◆(自然に目に入ってきたものではなく、見ようとするものに視線を向けて)見る、よく見る、注意深く見る、よく比べながら見る◆見守る、見守り世話する◆示(しめ)す、は; 野:◆郊外(コウガイ)、都(みやこ)を囲む城壁の外に広がる地で都から百里以内の地を「郊」、その外を「野」、その外を「林」、その外を「冂」といった、「【說文解字: 冂,N3,on,on+on,A3_short_compound(on+on 71%),視:◆(自然に目に入ってきたものではなく、見ようとするものに視線を向けて)見る、よく見る、注意深く見る、よく比べながら見る◆見守る、見守り世話する◆示(しめ)す、は; 野:◆郊外(コウガイ)、都(みやこ)を囲む城壁の外に広がる地で都から百里以内の地を「郊」、その外を「野」、その外を「林」、その外を「冂」といった、「【說文解字: 冂
kk_覚ます_さます,覚ます,さます,覚:◆目を醒(さ)ます、眠りから醒める、正常な認識や判断ができない状態から抜け出る◆迷いや暗がりから抜け出る、明るみに出る◆辺りの状況が意識・認識できるようになる、,N3,kun,kun,IL1_okurigana(kun 96%) | IL2_single_okuri(kun 96%),覚:◆目を醒(さ)ます、眠りから醒める、正常な認識や判断ができない状態から抜け出る◆迷いや暗がりから抜け出る、明るみに出る◆辺りの状況が意識・認識できるようになる、
kk_覚悟_かくご,覚悟,かくご,覚:◆目を醒(さ)ます、眠りから醒める、正常な認識や判断ができない状態から抜け出る◆迷いや暗がりから抜け出る、明るみに出る◆辺りの状況が意識・認識できるようになる、; 悟:◆眠りから醒(さ)める◆それまで見えなかったものが見えるようになる、迷いから覚(さ)める、ぼんやりしていた物事をはっきりと理解する(できる)ようになる,N3,on,on+on,A3_short_compound(on+on 71%),覚:◆目を醒(さ)ます、眠りから醒める、正常な認識や判断ができない状態から抜け出る◆迷いや暗がりから抜け出る、明るみに出る◆辺りの状況が意識・認識できるようになる、; 悟:◆眠りから醒(さ)める◆それまで見えなかったものが見えるようになる、迷いから覚(さ)める、ぼんやりしていた物事をはっきりと理解する(できる)ようになる
kk_親しむ_したしむ,親しむ,したしむ,親:◆身近にいる、近しい◆関係が近い、関係が深い◆父母◆血縁・婚姻関係にある人◆深く付き合う、気兼ねなく接することができる、気の置けない◆自ら、自分で,N3,kun,kun,IL1_okurigana(kun 96%) | IL2_single_okuri(kun 96%),親:◆身近にいる、近しい◆関係が近い、関係が深い◆父母◆血縁・婚姻関係にある人◆深く付き合う、気兼ねなく接することができる、気の置けない◆自ら、自分で
kk_親友_しんゆう,親友,しんゆう,親:◆身近にいる、近しい◆関係が近い、関係が深い◆父母◆血縁・婚姻関係にある人◆深く付き合う、気兼ねなく接することができる、気の置けない◆自ら、自分で; 友:◆同じ思いや考えを持つ、またそのような人、「朋」は同じ師の教えを受ける人、「【論語注疏:卷一】「【論語注疏:卷一:學而】有朋自逺方來不亦樂乎(…正義曰鄭𤣥注大司,N3,on,on+on,,親:◆身近にいる、近しい◆関係が近い、関係が深い◆父母◆血縁・婚姻関係にある人◆深く付き合う、気兼ねなく接することができる、気の置けない◆自ら、自分で; 友:◆同じ思いや考えを持つ、またそのような人、「朋」は同じ師の教えを受ける人、「【論語注疏:卷一】「【論語注疏:卷一:學而】有朋自逺方來不亦樂乎(…正義曰鄭𤣥注大司
kk_親子_おやこ,親子,おやこ,親:◆身近にいる、近しい◆関係が近い、関係が深い◆父母◆血縁・婚姻関係にある人◆深く付き合う、気兼ねなく接することができる、気の置けない◆自ら、自分で; 子:◆母親から産まれるもの、古くは男女を問わず「子」といったが、現代中国では男の子(息子)を指す◆新しく産まれる(生まれる)ものの元となるもの、植物の種や実、動物の,N3,kun,kun+kun~,A3_short_compound(on+on 71%),親:◆身近にいる、近しい◆関係が近い、関係が深い◆父母◆血縁・婚姻関係にある人◆深く付き合う、気兼ねなく接することができる、気の置けない◆自ら、自分で; 子:◆母親から産まれるもの、古くは男女を問わず「子」といったが、現代中国では男の子(息子)を指す◆新しく産まれる(生まれる)ものの元となるもの、植物の種や実、動物の
kk_親指_おやゆび,親指,おやゆび,親:◆身近にいる、近しい◆関係が近い、関係が深い◆父母◆血縁・婚姻関係にある人◆深く付き合う、気兼ねなく接することができる、気の置けない◆自ら、自分で; 指:◆ゆび、手足の先に伸び出た体の一部 ◆ゆび・さす、さ・す、物事の方向を示す◆意図するところ、考え、意向、同「旨」,N3,kun,kun+kun~,B_verb_rad_手(kun 80%),親:◆身近にいる、近しい◆関係が近い、関係が深い◆父母◆血縁・婚姻関係にある人◆深く付き合う、気兼ねなく接することができる、気の置けない◆自ら、自分で; 指:◆ゆび、手足の先に伸び出た体の一部 ◆ゆび・さす、さ・す、物事の方向を示す◆意図するところ、考え、意向、同「旨」
kk_親父_おやじ,親父,おやじ,親:◆身近にいる、近しい◆関係が近い、関係が深い◆父母◆血縁・婚姻関係にある人◆深く付き合う、気兼ねなく接することができる、気の置けない◆自ら、自分で; 父:◆男親(おとこおや)、家長(カチョウ)◆家族・親族・種族・民族などを率(ひき)いる男性◆名前の後に付けて用いる男子の美称、同「甫」◆年長また老年の男性に対する敬,N3,other,mixed+mixed~,A3_short_compound(on+on 71%),親:◆身近にいる、近しい◆関係が近い、関係が深い◆父母◆血縁・婚姻関係にある人◆深く付き合う、気兼ねなく接することができる、気の置けない◆自ら、自分で; 父:◆男親(おとこおや)、家長(カチョウ)◆家族・親族・種族・民族などを率(ひき)いる男性◆名前の後に付けて用いる男子の美称、同「甫」◆年長また老年の男性に対する敬
kk_観光_かんこう,観光,かんこう,観:◆隅々までしっかりと見る、余すところなく見尽くす、「觀察(カンサツ、細部まで詳しく見て調べる)」、「【說文解字注:見部:觀】諦視也(宷諦之視也穀梁傳曰常事曰視非; 光:◆明かるく輝(かがや)く、きらきらと輝(かがや)く◆辺りを明るく照らすさま、同「炚」「炛」◆(光り輝き)美しい◆景色(ケシキ)、「風光(フウコウ)」◆(四方に光,N3,on,on+on,,観:◆隅々までしっかりと見る、余すところなく見尽くす、「觀察(カンサツ、細部まで詳しく見て調べる)」、「【說文解字注:見部:觀】諦視也(宷諦之視也穀梁傳曰常事曰視非; 光:◆明かるく輝(かがや)く、きらきらと輝(かがや)く◆辺りを明るく照らすさま、同「炚」「炛」◆(光り輝き)美しい◆景色(ケシキ)、「風光(フウコウ)」◆(四方に光
kk_観察_かんさつ,観察,かんさつ,観:◆隅々までしっかりと見る、余すところなく見尽くす、「觀察(カンサツ、細部まで詳しく見て調べる)」、「【說文解字注:見部:觀】諦視也(宷諦之視也穀梁傳曰常事曰視非; 察:◆余すところなくその本質を知るために詳しく見て調べる、詳しく見調べてその本質を余すところなく明らかにする、また余すところなく知る、形勢・状態などを見極める、同「,N3,on,on+on,B_noun_rad_宀(kun 93%),観:◆隅々までしっかりと見る、余すところなく見尽くす、「觀察(カンサツ、細部まで詳しく見て調べる)」、「【說文解字注:見部:觀】諦視也(宷諦之視也穀梁傳曰常事曰視非; 察:◆余すところなくその本質を知るために詳しく見て調べる、詳しく見調べてその本質を余すところなく明らかにする、また余すところなく知る、形勢・状態などを見極める、同「
kk_角度_かくど,角度,かくど,角:◆つの、動物などの頭部から突き出た骨質状また角質状のもの、またそのように先が尖ったもの、またそのように先が尖った状態◆(角を突き合わせて)力を競い合う◆すみ、か; 度:◆長さを測(はか)る際に基準となる物差し(ものさし)、またその目盛(めもり)、「度量(ドリョウ、長さと容量、人の言動をどの程度容認できるかの大きさ)」「法度(ハ,N3,on,on+on,A3_short_compound(on+on 71%) | B_noun_rad_广(kun 93%),角:◆つの、動物などの頭部から突き出た骨質状また角質状のもの、またそのように先が尖ったもの、またそのように先が尖った状態◆(角を突き合わせて)力を競い合う◆すみ、か; 度:◆長さを測(はか)る際に基準となる物差し(ものさし)、またその目盛(めもり)、「度量(ドリョウ、長さと容量、人の言動をどの程度容認できるかの大きさ)」「法度(ハ
kk_解く_とく,解く,とく,解:◆一つになっているもの(固まっているもの)をばらばらにする、また柔らかくする、また融(と)かす、また和(やわ)らげる、「解散(カイサン)」「分解(ブンカイ)」◆,N3,kun,kun,IL1_okurigana(kun 96%) | IL2_single_okuri(kun 96%),解:◆一つになっているもの(固まっているもの)をばらばらにする、また柔らかくする、また融(と)かす、また和(やわ)らげる、「解散(カイサン)」「分解(ブンカイ)」◆
kk_解く_ほどく,解く,ほどく,解:◆一つになっているもの(固まっているもの)をばらばらにする、また柔らかくする、また融(と)かす、また和(やわ)らげる、「解散(カイサン)」「分解(ブンカイ)」◆,N3,kun,kun,IL1_okurigana(kun 96%) | IL2_single_okuri(kun 96%),解:◆一つになっているもの(固まっているもの)をばらばらにする、また柔らかくする、また融(と)かす、また和(やわ)らげる、「解散(カイサン)」「分解(ブンカイ)」◆
kk_解ける_とける,解ける,とける,解:◆一つになっているもの(固まっているもの)をばらばらにする、また柔らかくする、また融(と)かす、また和(やわ)らげる、「解散(カイサン)」「分解(ブンカイ)」◆,N3,kun,kun,IL1_okurigana(kun 96%) | IL2_single_okuri(kun 96%),解:◆一つになっているもの(固まっているもの)をばらばらにする、また柔らかくする、また融(と)かす、また和(やわ)らげる、「解散(カイサン)」「分解(ブンカイ)」◆
kk_解放_かいほう,解放,かいほう,解:◆一つになっているもの(固まっているもの)をばらばらにする、また柔らかくする、また融(と)かす、また和(やわ)らげる、「解散(カイサン)」「分解(ブンカイ)」◆; 放:◆制限(セイゲン)・束縛(ソクバク)・拘束(コウソク)され自由に動けない状態であったものを自由に動ける状態にする、制限・束縛・拘束を解(と)く、「開放(カイホウ,N3,on,on+on,,解:◆一つになっているもの(固まっているもの)をばらばらにする、また柔らかくする、また融(と)かす、また和(やわ)らげる、「解散(カイサン)」「分解(ブンカイ)」◆; 放:◆制限(セイゲン)・束縛(ソクバク)・拘束(コウソク)され自由に動けない状態であったものを自由に動ける状態にする、制限・束縛・拘束を解(と)く、「開放(カイホウ
kk_解決_かいけつ,解決,かいけつ,解:◆一つになっているもの(固まっているもの)をばらばらにする、また柔らかくする、また融(と)かす、また和(やわ)らげる、「解散(カイサン)」「分解(ブンカイ)」◆; 決:◆堤(つつみ)などが破(やぶ)れる、また(堤防などが破れて)水が流れ出る◆破る、突き破る◆(妨げとなっている物や事を突き破って、押し退けて)きっぱりと、「決断(,N3,on,on+on,,解:◆一つになっているもの(固まっているもの)をばらばらにする、また柔らかくする、また融(と)かす、また和(やわ)らげる、「解散(カイサン)」「分解(ブンカイ)」◆; 決:◆堤(つつみ)などが破(やぶ)れる、また(堤防などが破れて)水が流れ出る◆破る、突き破る◆(妨げとなっている物や事を突き破って、押し退けて)きっぱりと、「決断(
kk_解答_かいとう,解答,かいとう,解:◆一つになっているもの(固まっているもの)をばらばらにする、また柔らかくする、また融(と)かす、また和(やわ)らげる、「解散(カイサン)」「分解(ブンカイ)」◆; 答:◆相手からの問い掛けや働き掛けに対して自分の意思を言葉や態度で返す、返事をする◆相手からの問い掛けや働き掛けに応対する、応(こた)える◆相手の心遣いなどに言葉や,N3,on,on+on,B_noun_rad_竹(kun 93%),解:◆一つになっているもの(固まっているもの)をばらばらにする、また柔らかくする、また融(と)かす、また和(やわ)らげる、「解散(カイサン)」「分解(ブンカイ)」◆; 答:◆相手からの問い掛けや働き掛けに対して自分の意思を言葉や態度で返す、返事をする◆相手からの問い掛けや働き掛けに応対する、応(こた)える◆相手の心遣いなどに言葉や
kk_解説_かいせつ,解説,かいせつ,解:◆一つになっているもの(固まっているもの)をばらばらにする、また柔らかくする、また融(と)かす、また和(やわ)らげる、「解散(カイサン)」「分解(ブンカイ)」◆; 説:◆解き明かす、解釈する、またそれを言葉にしたもの◆あることに対する意見◆意味することが分かるように順序立てて話す,N3,on,on+on,B_verb_rad_言(kun 80%),解:◆一つになっているもの(固まっているもの)をばらばらにする、また柔らかくする、また融(と)かす、また和(やわ)らげる、「解散(カイサン)」「分解(ブンカイ)」◆; 説:◆解き明かす、解釈する、またそれを言葉にしたもの◆あることに対する意見◆意味することが分かるように順序立てて話す
kk_触れる_ふれる,触れる,ふれる,触:◆角(つの)の先端が当たる、尖(とが)ったものの先端が軽く当たる、同「𧢻」◆一部分(全体の中のある限られた部分、狭い部分)に当たる、また押し当てる◆法で禁じられ,N3,kun,kun,IL1_okurigana(kun 96%) | IL2_single_okuri(kun 96%),触:◆角(つの)の先端が当たる、尖(とが)ったものの先端が軽く当たる、同「𧢻」◆一部分(全体の中のある限られた部分、狭い部分)に当たる、また押し当てる◆法で禁じられ
kk_言い出す_いいだす,言い出す,いいだす,言:◆相手に伝えたいことを声に出してはっきりと述べる、またその内容、またそのための語(ゴ、互いに意思の疎通を図るための言葉)◆字(ジ)、文字◆我(われ)、自分を指す; 出:◆範囲・領域・組織や区切り・境界の内(内側、内部、裏側、こちら側、私的なところ)から外(外側、外部、表側、向こう側、公のところ)に移る、また移す、外から内へ移る,N3,kun,kun+kun,IL1_okurigana(kun 96%) | A1_compound_oku(kun 90%) | A1_on_kun_mix(on+kun 65%),言:◆相手に伝えたいことを声に出してはっきりと述べる、またその内容、またそのための語(ゴ、互いに意思の疎通を図るための言葉)◆字(ジ)、文字◆我(われ)、自分を指す; 出:◆範囲・領域・組織や区切り・境界の内(内側、内部、裏側、こちら側、私的なところ)から外(外側、外部、表側、向こう側、公のところ)に移る、また移す、外から内へ移る
kk_言い換える_いいかえる,言い換える,いいかえる,言:◆相手に伝えたいことを声に出してはっきりと述べる、またその内容、またそのための語(ゴ、互いに意思の疎通を図るための言葉)◆字(ジ)、文字◆我(われ)、自分を指す; 換:◆今あるものをそれまでのものとは別のものに替える,N3,kun,kun+kun~,IL1_okurigana(kun 96%) | A1_compound_oku(kun 90%) | A1_on_kun_mix(on+kun 65%),言:◆相手に伝えたいことを声に出してはっきりと述べる、またその内容、またそのための語(ゴ、互いに意思の疎通を図るための言葉)◆字(ジ)、文字◆我(われ)、自分を指す; 換:◆今あるものをそれまでのものとは別のものに替える
kk_言い直す_いいなおす,言い直す,いいなおす,言:◆相手に伝えたいことを声に出してはっきりと述べる、またその内容、またそのための語(ゴ、互いに意思の疎通を図るための言葉)◆字(ジ)、文字◆我(われ)、自分を指す; 直:◆ものをまっすぐによく見る◆まっすぐなさま、曲がったり折れたり歪(ゆが)んだりしない(していない)さま、「正直(ショウジキ、まっすぐなこと、嘘や偽りがないこと),N3,kun,kun+kun~,IL1_okurigana(kun 96%) | A1_compound_oku(kun 90%) | A1_on_kun_mix(on+kun 65%),言:◆相手に伝えたいことを声に出してはっきりと述べる、またその内容、またそのための語(ゴ、互いに意思の疎通を図るための言葉)◆字(ジ)、文字◆我(われ)、自分を指す; 直:◆ものをまっすぐによく見る◆まっすぐなさま、曲がったり折れたり歪(ゆが)んだりしない(していない)さま、「正直(ショウジキ、まっすぐなこと、嘘や偽りがないこと)
kk_計算_けいさん,計算,けいさん,計:◆数える、測る◆(その年の)出納を合わせる◆見積もる、見当をつける; 算:◆数(かず)を数(かぞ)える、同「筭」◆数を計算する(本数や置き方によって数を表す)ための竹の棒、占いにも用いる、同「籌」、「算籌(サンチュウ、計算また占いに用,N3,on,on+on,B_verb_rad_言(kun 80%) | B_noun_rad_竹(kun 93%),計:◆数える、測る◆(その年の)出納を合わせる◆見積もる、見当をつける; 算:◆数(かず)を数(かぞ)える、同「筭」◆数を計算する(本数や置き方によって数を表す)ための竹の棒、占いにも用いる、同「籌」、「算籌(サンチュウ、計算また占いに用
kk_記事_きじ,記事,きじ,記:◆(忘れないように)覚えておく、「記憶(キオク)」◆(忘れないように)書き留(と)める、書き付ける、また書き留めたもの、「記録(キロク)」「記事(キジ、書き記さ; 事:◆こと、動作・現象・状態など形のないものを指す語、形のあるものは「物」、「事情(ジジョウ、ことの様子)」「無事(ブジ、何事もないさま)」◆職(ショク)、仕事や役,N3,on,on+on,A3_short_compound(on+on 71%) | B_verb_rad_言(kun 80%),記:◆(忘れないように)覚えておく、「記憶(キオク)」◆(忘れないように)書き留(と)める、書き付ける、また書き留めたもの、「記録(キロク)」「記事(キジ、書き記さ; 事:◆こと、動作・現象・状態など形のないものを指す語、形のあるものは「物」、「事情(ジジョウ、ことの様子)」「無事(ブジ、何事もないさま)」◆職(ショク)、仕事や役
kk_記入_きにゅう,記入,きにゅう,記:◆(忘れないように)覚えておく、「記憶(キオク)」◆(忘れないように)書き留(と)める、書き付ける、また書き留めたもの、「記録(キロク)」「記事(キジ、書き記さ; 入:◆範囲・領域・組織や区切り・境界の外(外側、外部、表側、向こう側、公のところ)から内(内側、内部、裏側、こちら側、私的なところ)に移る、また移す、内から外へ移る,N3,on,on+on,A3_short_compound(on+on 71%) | B_verb_rad_言(kun 80%),記:◆(忘れないように)覚えておく、「記憶(キオク)」◆(忘れないように)書き留(と)める、書き付ける、また書き留めたもの、「記録(キロク)」「記事(キジ、書き記さ; 入:◆範囲・領域・組織や区切り・境界の外(外側、外部、表側、向こう側、公のところ)から内(内側、内部、裏側、こちら側、私的なところ)に移る、また移す、内から外へ移る
kk_記憶_きおく,記憶,きおく,記:◆(忘れないように)覚えておく、「記憶(キオク)」◆(忘れないように)書き留(と)める、書き付ける、また書き留めたもの、「記録(キロク)」「記事(キジ、書き記さ; 憶:◆おも・う、ざまざまなことに思いを馳(は)せる◆おぼ・える、忘れずに覚えている、心に留め忘れない,N3,on,on+on,A3_short_compound(on+on 71%) | B_verb_rad_言(kun 80%),記:◆(忘れないように)覚えておく、「記憶(キオク)」◆(忘れないように)書き留(と)める、書き付ける、また書き留めたもの、「記録(キロク)」「記事(キジ、書き記さ; 憶:◆おも・う、ざまざまなことに思いを馳(は)せる◆おぼ・える、忘れずに覚えている、心に留め忘れない
kk_記者_きしゃ,記者,きしゃ,記:◆(忘れないように)覚えておく、「記憶(キオク)」◆(忘れないように)書き留(と)める、書き付ける、また書き留めたもの、「記録(キロク)」「記事(キジ、書き記さ; 者:◆～の人、～する人、「使者(ししゃ、使いをする人、運び届けること)」◆こと(事)、もの(物)、「再者(サイシャ、更に付け加えること、追伸)」「前者(ゼンシャ、前,N3,on,on+on,A3_short_compound(on+on 71%) | B_verb_rad_言(kun 80%),記:◆(忘れないように)覚えておく、「記憶(キオク)」◆(忘れないように)書き留(と)める、書き付ける、また書き留めたもの、「記録(キロク)」「記事(キジ、書き記さ; 者:◆～の人、～する人、「使者(ししゃ、使いをする人、運び届けること)」◆こと(事)、もの(物)、「再者(サイシャ、更に付け加えること、追伸)」「前者(ゼンシャ、前
kk_記録_きろく,記録,きろく,記:◆(忘れないように)覚えておく、「記憶(キオク)」◆(忘れないように)書き留(と)める、書き付ける、また書き留めたもの、「記録(キロク)」「記事(キジ、書き記さ; 録:◆刻む、刻み込む、彫る、彫り込む、同「彔」◆(板や金属の表面になどに)文字を刻み込む、文字を彫り込む◆書き記(しる)す、後々のために(或いは他に伝えるために)書,N3,on,on+on,A3_short_compound(on+on 71%) | B_verb_rad_言(kun 80%) | B_noun_rad_金(kun 93%),記:◆(忘れないように)覚えておく、「記憶(キオク)」◆(忘れないように)書き留(と)める、書き付ける、また書き留めたもの、「記録(キロク)」「記事(キジ、書き記さ; 録:◆刻む、刻み込む、彫る、彫り込む、同「彔」◆(板や金属の表面になどに)文字を刻み込む、文字を彫り込む◆書き記(しる)す、後々のために(或いは他に伝えるために)書
kk_訪問_ほうもん,訪問,ほうもん,訪:◆あちこちに出向いて問う、尋(たず)ねる◆(尋ねるために)出向く◆[日]やって来る; 問:◆分からないことやはっきりしないことを質(ただ)す◆罪や責任などの有無について聞く◆様子などを尋ねる,N3,on,on+on,B_verb_rad_言(kun 80%),訪:◆あちこちに出向いて問う、尋(たず)ねる◆(尋ねるために)出向く◆[日]やって来る; 問:◆分からないことやはっきりしないことを質(ただ)す◆罪や責任などの有無について聞く◆様子などを尋ねる
kk_設備_せつび,設備,せつび,設:◆作る、作って据(す)える、拵(こしら)える◆据え置く、必要なものを揃えて並べ置く◆もし～、if; 備:◆必要なものを用意しておく、(いざという時のために)予め揃えておく◆身に付いている、身に具(そな)わる◆つぶさ・に、必要なものは全て、ことごとく,N3,on,on+on,A3_short_compound(on+on 71%) | B_verb_rad_言(kun 80%),設:◆作る、作って据(す)える、拵(こしら)える◆据え置く、必要なものを揃えて並べ置く◆もし～、if; 備:◆必要なものを用意しておく、(いざという時のために)予め揃えておく◆身に付いている、身に具(そな)わる◆つぶさ・に、必要なものは全て、ことごとく
kk_設計_せっけい,設計,せっけい,設:◆作る、作って据(す)える、拵(こしら)える◆据え置く、必要なものを揃えて並べ置く◆もし～、if; 計:◆数える、測る◆(その年の)出納を合わせる◆見積もる、見当をつける,N3,on,on+on,B_verb_rad_言(kun 80%) | B_verb_rad_言(kun 80%),設:◆作る、作って据(す)える、拵(こしら)える◆据え置く、必要なものを揃えて並べ置く◆もし～、if; 計:◆数える、測る◆(その年の)出納を合わせる◆見積もる、見当をつける
kk_許可_きょか,許可,きょか,許:◆ゆる・す、願いや話を聞き入れる、受け入れる◆ゆる・す、認める◆もと、～のところ(処、所)◆ばか・り、凡(おおよ)そ～、～程(ほど)◆「何許(カキョ)」◇何処(; 可:◆よい、よろしい、～してよい、同意の語◆認める、許す、許可の意を表す語◆～できる、可能性を示す語◆(当然)～すべきである、(必ず、きっと)～となるだろう◆～ばか,N3,on,on+on,A3_short_compound(on+on 71%) | B_verb_rad_言(kun 80%),許:◆ゆる・す、願いや話を聞き入れる、受け入れる◆ゆる・す、認める◆もと、～のところ(処、所)◆ばか・り、凡(おおよ)そ～、～程(ほど)◆「何許(カキョ)」◇何処(; 可:◆よい、よろしい、～してよい、同意の語◆認める、許す、許可の意を表す語◆～できる、可能性を示す語◆(当然)～すべきである、(必ず、きっと)～となるだろう◆～ばか
kk_診察_しんさつ,診察,しんさつ,診:◆医者が(脈を見て)病状や健康状態をよく調べる◆実際に見て調べる; 察:◆余すところなくその本質を知るために詳しく見て調べる、詳しく見調べてその本質を余すところなく明らかにする、また余すところなく知る、形勢・状態などを見極める、同「,N3,on,on+on,B_verb_rad_言(kun 80%) | B_noun_rad_宀(kun 93%),診:◆医者が(脈を見て)病状や健康状態をよく調べる◆実際に見て調べる; 察:◆余すところなくその本質を知るために詳しく見て調べる、詳しく見調べてその本質を余すところなく明らかにする、また余すところなく知る、形勢・状態などを見極める、同「
kk_診断_しんだん,診断,しんだん,診:◆医者が(脈を見て)病状や健康状態をよく調べる◆実際に見て調べる; 断:◆繋(つな)がっているものを(連続しているものを)途中で切る、切って二つに分ける、切り離す◆ぷっつりと途切れる、絶(た)える◆すっぱりと区切る、きっぱりと決める,N3,on,on+on,B_verb_rad_言(kun 80%),診:◆医者が(脈を見て)病状や健康状態をよく調べる◆実際に見て調べる; 断:◆繋(つな)がっているものを(連続しているものを)途中で切る、切って二つに分ける、切り離す◆ぷっつりと途切れる、絶(た)える◆すっぱりと区切る、きっぱりと決める
kk_証明_しょうめい,証明,しょうめい,証:◆諌(いさ)める、過(あやま)ちを咎(とが)め正すよう意見する◆病気の徴候や状態、症状、同「症」◆正当であること(事実であること)を根拠を示して明らかにする、ま; 明:◆(太陽や月の)光が差す、光が当たる、光を当てる◆光が当たってはっきりと見える(分かる)、誰の目にもはっきりとしている、はっきりとさせる◆隠されたところ(陰にな,N3,on,on+on,B_verb_rad_言(kun 80%),証:◆諌(いさ)める、過(あやま)ちを咎(とが)め正すよう意見する◆病気の徴候や状態、症状、同「症」◆正当であること(事実であること)を根拠を示して明らかにする、ま; 明:◆(太陽や月の)光が差す、光が当たる、光を当てる◆光が当たってはっきりと見える(分かる)、誰の目にもはっきりとしている、はっきりとさせる◆隠されたところ(陰にな
kk_証明書_しょうめいしょ,証明書,しょうめいしょ,証:◆諌(いさ)める、過(あやま)ちを咎(とが)め正すよう意見する◆病気の徴候や状態、症状、同「症」◆正当であること(事実であること)を根拠を示して明らかにする、ま; 明:◆(太陽や月の)光が差す、光が当たる、光を当てる◆光が当たってはっきりと見える(分かる)、誰の目にもはっきりとしている、はっきりとさせる◆隠されたところ(陰にな; 書:◆文字を筆(聿)などで記(しる)す、著(あらわ)す、「書物(ショモツ)」「文書(ブンショ)」◆手紙、「書信(ショシン)」◆「書経(ショキョウ、別名尚書ショウショ,N3,on,on+on+on,A4_multi_on(on+on+on 65%) | B_verb_rad_言(kun 80%),証:◆諌(いさ)める、過(あやま)ちを咎(とが)め正すよう意見する◆病気の徴候や状態、症状、同「症」◆正当であること(事実であること)を根拠を示して明らかにする、ま; 明:◆(太陽や月の)光が差す、光が当たる、光を当てる◆光が当たってはっきりと見える(分かる)、誰の目にもはっきりとしている、はっきりとさせる◆隠されたところ(陰にな; 書:◆文字を筆(聿)などで記(しる)す、著(あらわ)す、「書物(ショモツ)」「文書(ブンショ)」◆手紙、「書信(ショシン)」◆「書経(ショキョウ、別名尚書ショウショ
kk_試しに_ためしに,試しに,ためしに,試:◆先(ま)ずはしてみる、また使ってみる、「試用(シヨウ)」,N3,kun,kun,IL1_okurigana(kun 96%) | IL2_single_okuri(kun 96%) | B_verb_rad_言(kun 80%),試:◆先(ま)ずはしてみる、また使ってみる、「試用(シヨウ)」
kk_試着_しちゃく,試着,しちゃく,試:◆先(ま)ずはしてみる、また使ってみる、「試用(シヨウ)」; 着:◆目的や目標としている物事・場所などに届く、また達する、また到る、同「著」◆他のものに付く、同「著」◆き・る、衣服を身に付ける、同「著」◆火や明かりを点(つ)け,N3,on,on+on,A3_short_compound(on+on 71%) | B_verb_rad_言(kun 80%),試:◆先(ま)ずはしてみる、また使ってみる、「試用(シヨウ)」; 着:◆目的や目標としている物事・場所などに届く、また達する、また到る、同「著」◆他のものに付く、同「著」◆き・る、衣服を身に付ける、同「著」◆火や明かりを点(つ)け
kk_試食_ししょく,試食,ししょく,試:◆先(ま)ずはしてみる、また使ってみる、「試用(シヨウ)」; 食:◆(固形の食べ物を)口の中でよく噛んで胃に入れる、よく噛んで胃に入れるもの、噛まずに胃に入れるのは「飲」◆(生きていくために必要な食べ物を得るための)俸禄(ホウ,N3,on,on+on,A3_short_compound(on+on 71%) | B_verb_rad_言(kun 80%),試:◆先(ま)ずはしてみる、また使ってみる、「試用(シヨウ)」; 食:◆(固形の食べ物を)口の中でよく噛んで胃に入れる、よく噛んで胃に入れるもの、噛まずに胃に入れるのは「飲」◆(生きていくために必要な食べ物を得るための)俸禄(ホウ
kk_詰め切る_つめきる,詰め切る,つめきる,詰:◆厳(きび)しく問い責(せ)める◆追及(ツイキュウ)する、「詰問(キツモン、厳しく問い返事を迫る)」◆曲がる、屈(かが)む◆次の日、「詰旦(キッタン、次の日の明; 切:◆刃物などですっと断(た)つ、裁(た)つ、割(さ)く◆ぴったりとしたさま、隙(すき)がないさま、「親切(シンセツ)」◆近くまで迫(せま)る、差し迫る、「切近(セ,N3,kun,kun+kun~,IL1_okurigana(kun 96%) | A1_compound_oku(kun 90%) | A1_on_kun_mix(on+kun 65%),詰:◆厳(きび)しく問い責(せ)める◆追及(ツイキュウ)する、「詰問(キツモン、厳しく問い返事を迫る)」◆曲がる、屈(かが)む◆次の日、「詰旦(キッタン、次の日の明; 切:◆刃物などですっと断(た)つ、裁(た)つ、割(さ)く◆ぴったりとしたさま、隙(すき)がないさま、「親切(シンセツ)」◆近くまで迫(せま)る、差し迫る、「切近(セ
kk_話し合う_はなしあう,話し合う,はなしあう,話:◆言葉にして言う、言葉で告げる、語(かた)る、またその言葉、同「𦧵(舙)」◆語られた(語られている)こと、物語(ものがたり); 合:◆人や物が集まって一緒になる、また一つになる◆幾つかのものを集め一緒にする、幾つかのものが集まり同じになる◆同じものを纏(まと)めた全体◆ぴったりと一致する、当,N3,kun,kun+kun,IL1_okurigana(kun 96%) | A1_compound_oku(kun 90%) | A1_on_kun_mix(on+kun 65%),話:◆言葉にして言う、言葉で告げる、語(かた)る、またその言葉、同「𦧵(舙)」◆語られた(語られている)こと、物語(ものがたり); 合:◆人や物が集まって一緒になる、また一つになる◆幾つかのものを集め一緒にする、幾つかのものが集まり同じになる◆同じものを纏(まと)めた全体◆ぴったりと一致する、当
kk_話し手_はなして,話し手,はなして,話:◆言葉にして言う、言葉で告げる、語(かた)る、またその言葉、同「𦧵(舙)」◆語られた(語られている)こと、物語(ものがたり); 手:◆体や物体の一部で、胴から分かれ出て伸び、持つ・握る・叩く・ものを作る・操作するなどの機能を持つ部分、掌(たなごころ)と指を合わせた全体、腕の先の部分 ◆自(み,N3,kun,kun+kun,IL1_okurigana(kun 96%) | A1_compound_oku(kun 90%) | A1_on_kun_mix(on+kun 65%),話:◆言葉にして言う、言葉で告げる、語(かた)る、またその言葉、同「𦧵(舙)」◆語られた(語られている)こと、物語(ものがたり); 手:◆体や物体の一部で、胴から分かれ出て伸び、持つ・握る・叩く・ものを作る・操作するなどの機能を持つ部分、掌(たなごころ)と指を合わせた全体、腕の先の部分 ◆自(み
kk_話し掛ける_はなしかける,話し掛ける,はなしかける,話:◆言葉にして言う、言葉で告げる、語(かた)る、またその言葉、同「𦧵(舙)」◆語られた(語られている)こと、物語(ものがたり); 掛:◆引っ懸(か)ける、ものの上に置いて両方また片方を垂らす、ぶら下げる、同「挂」◆引っ懸かる、気になって心に(目に)止まる◆簡「挂」◆[日]体や物を斜めにしてその,N3,kun,kun+kun,IL1_okurigana(kun 96%) | A1_compound_oku(kun 90%) | A1_on_kun_mix(on+kun 65%),話:◆言葉にして言う、言葉で告げる、語(かた)る、またその言葉、同「𦧵(舙)」◆語られた(語られている)こと、物語(ものがたり); 掛:◆引っ懸(か)ける、ものの上に置いて両方また片方を垂らす、ぶら下げる、同「挂」◆引っ懸かる、気になって心に(目に)止まる◆簡「挂」◆[日]体や物を斜めにしてその
kk_話中_はなしちゅう,話中,はなしちゅう,話:◆言葉にして言う、言葉で告げる、語(かた)る、またその言葉、同「𦧵(舙)」◆語られた(語られている)こと、物語(ものがたり); 中:◆ものとものの間にあってどちらにも偏(かたよ)らない位置◆上下・高低・大小などの間(あいだ)に位置する人や物や場所、同「仲」◆始点(出発地)から終点(目的地)ま,N3,mixed,kun+on~,B_verb_rad_言(kun 80%),話:◆言葉にして言う、言葉で告げる、語(かた)る、またその言葉、同「𦧵(舙)」◆語られた(語られている)こと、物語(ものがたり); 中:◆ものとものの間にあってどちらにも偏(かたよ)らない位置◆上下・高低・大小などの間(あいだ)に位置する人や物や場所、同「仲」◆始点(出発地)から終点(目的地)ま
kk_話題_わだい,話題,わだい,話:◆言葉にして言う、言葉で告げる、語(かた)る、またその言葉、同「𦧵(舙)」◆語られた(語られている)こと、物語(ものがたり); 題:◆額(ひたい)、おでこ、同「頟」「顁」◆ものの頭(最初、先頭)にあるもの◆初めに記される短い文章、全体を表現する簡潔な文章、「問題(モンダイ)」「話題(ワダイ),N3,on,on+on,A3_short_compound(on+on 71%) | B_verb_rad_言(kun 80%),話:◆言葉にして言う、言葉で告げる、語(かた)る、またその言葉、同「𦧵(舙)」◆語られた(語られている)こと、物語(ものがたり); 題:◆額(ひたい)、おでこ、同「頟」「顁」◆ものの頭(最初、先頭)にあるもの◆初めに記される短い文章、全体を表現する簡潔な文章、「問題(モンダイ)」「話題(ワダイ)
kk_詳しい_くわしい,詳しい,くわしい,詳:◆細かいことまで漏れがないさま◆細かく漏れがないように説明する、また報告する、また理解する◆漏らすことなく調べ論じて細部まで明らかにする,N3,kun,kun,IL1_okurigana(kun 96%) | IL2_single_okuri(kun 96%) | B_verb_rad_言(kun 80%),詳:◆細かいことまで漏れがないさま◆細かく漏れがないように説明する、また報告する、また理解する◆漏らすことなく調べ論じて細部まで明らかにする
kk_誘拐_ゆうかい,誘拐,ゆうかい,誘:◆道を示しながら先導する◆一緒に～するよう勧める、説いて～をさせる◆引き寄せる、引き起こす; 拐:◆長いものが腕や足のように曲がる、足を引きながら歩く◆かどわ・かす、騙す、騙して連れ去る◆突いて体を支える杖(つえ)、同「枴」,N3,on,on+on,B_verb_rad_言(kun 80%) | B_verb_rad_手(kun 80%),誘:◆道を示しながら先導する◆一緒に～するよう勧める、説いて～をさせる◆引き寄せる、引き起こす; 拐:◆長いものが腕や足のように曲がる、足を引きながら歩く◆かどわ・かす、騙す、騙して連れ去る◆突いて体を支える杖(つえ)、同「枴」
kk_語る_かたる,語る,かたる,語:◆他に向かって述べる、また告げる、考えや思い・言い伝えなどを話す◆意味を持つ言葉、話(はなし),N3,kun,kun,IL1_okurigana(kun 96%) | IL2_single_okuri(kun 96%) | B_verb_rad_言(kun 80%),語:◆他に向かって述べる、また告げる、考えや思い・言い伝えなどを話す◆意味を持つ言葉、話(はなし)
kk_誤解_ごかい,誤解,ごかい,誤:◆間違う、本来の仕方(しかた、やり方・方法・手段など)を違(たが)える、理解・判断・行動の際の基準(基準の選択、基準の本来の意味)を取り違える◆判断を間違う、思; 解:◆一つになっているもの(固まっているもの)をばらばらにする、また柔らかくする、また融(と)かす、また和(やわ)らげる、「解散(カイサン)」「分解(ブンカイ)」◆,N3,on,on+on,A3_short_compound(on+on 71%) | B_verb_rad_言(kun 80%),誤:◆間違う、本来の仕方(しかた、やり方・方法・手段など)を違(たが)える、理解・判断・行動の際の基準(基準の選択、基準の本来の意味)を取り違える◆判断を間違う、思; 解:◆一つになっているもの(固まっているもの)をばらばらにする、また柔らかくする、また融(と)かす、また和(やわ)らげる、「解散(カイサン)」「分解(ブンカイ)」◆
kk_読み物_よみもの,読み物,よみもの,読:◆文章を内容が理解しやすいように区切りながら抑揚(ヨクヨウ)をつけながら声に出す◆文の中に置く読みの区切り、「、」で表す、コンマcomma、「読点、逗点(トウテ; 物:◆(天地の間に存在する)人以外の形のあるもの、人は「者」、形のないものは「事」,N3,kun,kun+kun~,IL1_okurigana(kun 96%) | A1_compound_oku(kun 90%) | A1_on_kun_mix(on+kun 65%),読:◆文章を内容が理解しやすいように区切りながら抑揚(ヨクヨウ)をつけながら声に出す◆文の中に置く読みの区切り、「、」で表す、コンマcomma、「読点、逗点(トウテ; 物:◆(天地の間に存在する)人以外の形のあるもの、人は「者」、形のないものは「事」
kk_読解_どっかい,読解,どっかい,読:◆文章を内容が理解しやすいように区切りながら抑揚(ヨクヨウ)をつけながら声に出す◆文の中に置く読みの区切り、「、」で表す、コンマcomma、「読点、逗点(トウテ; 解:◆一つになっているもの(固まっているもの)をばらばらにする、また柔らかくする、また融(と)かす、また和(やわ)らげる、「解散(カイサン)」「分解(ブンカイ)」◆,N3,other,mixed+mixed~,B_verb_rad_言(kun 80%),読:◆文章を内容が理解しやすいように区切りながら抑揚(ヨクヨウ)をつけながら声に出す◆文の中に置く読みの区切り、「、」で表す、コンマcomma、「読点、逗点(トウテ; 解:◆一つになっているもの(固まっているもの)をばらばらにする、また柔らかくする、また融(と)かす、また和(やわ)らげる、「解散(カイサン)」「分解(ブンカイ)」◆
kk_課_か,課,か,課:◆成果(セイカ)・結果(ケッカ)がどうか(どうなるか)を調べる、試(ため)す◆官吏(カンリ)登用の試験(シケン)◆税(ゼイ)、国や領主に納(おさ)める金銭・収穫,N3,on,on,IL2_on_only(on 99%) | B_verb_rad_言(kun 80%),課:◆成果(セイカ)・結果(ケッカ)がどうか(どうなるか)を調べる、試(ため)す◆官吏(カンリ)登用の試験(シケン)◆税(ゼイ)、国や領主に納(おさ)める金銭・収穫
kk_調味料_ちょうみりょう,調味料,ちょうみりょう,調:◆整える、釣り合いを取る、バランスbalanceを取る、不均衡・不公平などでない状態にする、不快感・違和感などを感じない状態に整える、「調和(チョウワ)」◆音律; 味:◆舌で感じる、舌の感覚◆「五味(ゴミ)」、舌の感覚(味)を五つに大別したもの、酸(酸っぱい味)苦(苦い味)辛(辛い味)鹹(塩辛い味)甘(甘い味)、「【禮記注疏(; 料:◆升(ます、枡)で米などの物の嵩(かさ)を量(はか)る◆人や物の資質(シシツ)を量る、推(お)し量る、見当を付ける◆ものを作る際に量を決めて使うもの、それを使っ,N3,on,on+on+on,A4_multi_on(on+on+on 65%) | B_verb_rad_言(kun 80%),調:◆整える、釣り合いを取る、バランスbalanceを取る、不均衡・不公平などでない状態にする、不快感・違和感などを感じない状態に整える、「調和(チョウワ)」◆音律; 味:◆舌で感じる、舌の感覚◆「五味(ゴミ)」、舌の感覚(味)を五つに大別したもの、酸(酸っぱい味)苦(苦い味)辛(辛い味)鹹(塩辛い味)甘(甘い味)、「【禮記注疏(; 料:◆升(ます、枡)で米などの物の嵩(かさ)を量(はか)る◆人や物の資質(シシツ)を量る、推(お)し量る、見当を付ける◆ものを作る際に量を決めて使うもの、それを使っ
kk_調子_ちょうし,調子,ちょうし,調:◆整える、釣り合いを取る、バランスbalanceを取る、不均衡・不公平などでない状態にする、不快感・違和感などを感じない状態に整える、「調和(チョウワ)」◆音律; 子:◆母親から産まれるもの、古くは男女を問わず「子」といったが、現代中国では男の子(息子)を指す◆新しく産まれる(生まれる)ものの元となるもの、植物の種や実、動物の,N3,on,on+on,A3_short_compound(on+on 71%) | B_verb_rad_言(kun 80%),調:◆整える、釣り合いを取る、バランスbalanceを取る、不均衡・不公平などでない状態にする、不快感・違和感などを感じない状態に整える、「調和(チョウワ)」◆音律; 子:◆母親から産まれるもの、古くは男女を問わず「子」といったが、現代中国では男の子(息子)を指す◆新しく産まれる(生まれる)ものの元となるもの、植物の種や実、動物の
kk_調整_ちょうせい,調整,ちょうせい,調:◆整える、釣り合いを取る、バランスbalanceを取る、不均衡・不公平などでない状態にする、不快感・違和感などを感じない状態に整える、「調和(チョウワ)」◆音律; 整:◆きちんとした状態や形にする、歪(ゆが)みや曲がりや乱れや偏(かたよ)りがないようにする、過不足がないように(凸凹がないように)する◆あるべき(本来の)状態や形,N3,on,on+on,B_verb_rad_言(kun 80%),調:◆整える、釣り合いを取る、バランスbalanceを取る、不均衡・不公平などでない状態にする、不快感・違和感などを感じない状態に整える、「調和(チョウワ)」◆音律; 整:◆きちんとした状態や形にする、歪(ゆが)みや曲がりや乱れや偏(かたよ)りがないようにする、過不足がないように(凸凹がないように)する◆あるべき(本来の)状態や形
kk_調査_ちょうさ,調査,ちょうさ,調:◆整える、釣り合いを取る、バランスbalanceを取る、不均衡・不公平などでない状態にする、不快感・違和感などを感じない状態に整える、「調和(チョウワ)」◆音律; 査:◆柵・欄干・堰(せき)などの木を組んで他との間を遮(さえぎ)るもの、同「柤」◆木を組んで作った筏、同「槎」◆調べる、「調査(チョウサ)」◆「山査(サンサ)」、サ,N3,on,on+on,A3_short_compound(on+on 71%) | B_verb_rad_言(kun 80%) | B_noun_rad_木(kun 93%),調:◆整える、釣り合いを取る、バランスbalanceを取る、不均衡・不公平などでない状態にする、不快感・違和感などを感じない状態に整える、「調和(チョウワ)」◆音律; 査:◆柵・欄干・堰(せき)などの木を組んで他との間を遮(さえぎ)るもの、同「柤」◆木を組んで作った筏、同「槎」◆調べる、「調査(チョウサ)」◆「山査(サンサ)」、サ
kk_調節_ちょうせつ,調節,ちょうせつ,調:◆整える、釣り合いを取る、バランスbalanceを取る、不均衡・不公平などでない状態にする、不快感・違和感などを感じない状態に整える、「調和(チョウワ)」◆音律; 節:◆タケ(竹、イネ科タケ亜科の木)の中空の茎が途中で区切られ外側に硬く盛り上がっているところ、イネ科の植物に多くみられる◆区切り、変わり目、段落、けじめ◆区切りで,N3,on,on+on,B_verb_rad_言(kun 80%) | B_noun_rad_竹(kun 93%),調:◆整える、釣り合いを取る、バランスbalanceを取る、不均衡・不公平などでない状態にする、不快感・違和感などを感じない状態に整える、「調和(チョウワ)」◆音律; 節:◆タケ(竹、イネ科タケ亜科の木)の中空の茎が途中で区切られ外側に硬く盛り上がっているところ、イネ科の植物に多くみられる◆区切り、変わり目、段落、けじめ◆区切りで
kk_諄い_くどい,諄い,くどい,諄:◆丁寧(テイネイ)に詳しく教え諭(さと)す◆丁寧なさま、懇(ねんご)ろなさま、懇切なさま,N3,on,on~,IL1_okurigana(kun 96%) | IL2_single_okuri(kun 96%) | B_verb_rad_言(kun 80%),諄:◆丁寧(テイネイ)に詳しく教え諭(さと)す◆丁寧なさま、懇(ねんご)ろなさま、懇切なさま
kk_請求書_せいきゅうしょ,請求書,せいきゅうしょ,請:◆乞(こ)う、頼む、頼みごとをする、君主や神仏などにお願いする◆どうか(～して下さい)◆招く、招きに応(こた)えて来てくれた人を大切にもてなす◆依頼を受ける、頼; 求:◆探(さが)す、飽(あ)くまでも捜(さが)す◆欲しいものを何とか得ようとする、他人にものが欲しい(して欲しい)とねだる、強く乞(こ)う; 書:◆文字を筆(聿)などで記(しる)す、著(あらわ)す、「書物(ショモツ)」「文書(ブンショ)」◆手紙、「書信(ショシン)」◆「書経(ショキョウ、別名尚書ショウショ,N3,on,on+on+on,A4_multi_on(on+on+on 65%) | B_verb_rad_言(kun 80%),請:◆乞(こ)う、頼む、頼みごとをする、君主や神仏などにお願いする◆どうか(～して下さい)◆招く、招きに応(こた)えて来てくれた人を大切にもてなす◆依頼を受ける、頼; 求:◆探(さが)す、飽(あ)くまでも捜(さが)す◆欲しいものを何とか得ようとする、他人にものが欲しい(して欲しい)とねだる、強く乞(こ)う; 書:◆文字を筆(聿)などで記(しる)す、著(あらわ)す、「書物(ショモツ)」「文書(ブンショ)」◆手紙、「書信(ショシン)」◆「書経(ショキョウ、別名尚書ショウショ
kk_諦める_あきらめる,諦める,あきらめる,諦:◆詳細に調べる、また調べて細部まで明らかにする◆真理、物事のあるべき姿◆[日]あきら・める、やむを得ず途中で止(や)める,N3,kun,kun,IL1_okurigana(kun 96%) | IL2_single_okuri(kun 96%) | B_verb_rad_言(kun 80%),諦:◆詳細に調べる、また調べて細部まで明らかにする◆真理、物事のあるべき姿◆[日]あきら・める、やむを得ず途中で止(や)める
kk_諸国_しょこく,諸国,しょこく,諸:◆多くの、様々の◆これ、この、this、「之於(シオ)」「之乎(シコ)」を「諸」一字で表したもの; 国:◆主権者の支配が及ぶ範囲、土地や人や政治体制などを含む概念で古くは君主から与えられた領地、「王(権力者)の勢力が及ぶ範囲(囗)」の意,N3,on,on+on,A3_short_compound(on+on 71%) | B_verb_rad_言(kun 80%),諸:◆多くの、様々の◆これ、この、this、「之於(シオ)」「之乎(シコ)」を「諸」一字で表したもの; 国:◆主権者の支配が及ぶ範囲、土地や人や政治体制などを含む概念で古くは君主から与えられた領地、「王(権力者)の勢力が及ぶ範囲(囗)」の意
kk_謎_なぞ,謎,なぞ,謎:◆なぞなぞ、なぞなぞ遊び◆人を迷(まよ)わせる言葉、またそのようなこと◆どいう意味か(どう理解してよいか)分からないようなこと,N3,kun,kun,IL2_single_default(kun 84%) | B_verb_rad_言(kun 80%),謎:◆なぞなぞ、なぞなぞ遊び◆人を迷(まよ)わせる言葉、またそのようなこと◆どいう意味か(どう理解してよいか)分からないようなこと
kk_謙虚_けんきょ,謙虚,けんきょ,謙:◆人を敬い譲って自分は控え目にする、慎み深い◆快いさま、心が満たされるさま、心穏やかなさま、同「慊」; 虚:◆外から見える部分はそれらしく見えるが中には何もないさま、中身が空っぽなさま◆外からは見えないが内部は細り衰えているさま◆外見は立派だが中身がそれに伴わないさま,N3,on,on+on,A3_short_compound(on+on 71%) | B_verb_rad_言(kun 80%),謙:◆人を敬い譲って自分は控え目にする、慎み深い◆快いさま、心が満たされるさま、心穏やかなさま、同「慊」; 虚:◆外から見える部分はそれらしく見えるが中には何もないさま、中身が空っぽなさま◆外からは見えないが内部は細り衰えているさま◆外見は立派だが中身がそれに伴わないさま
kk_謙遜_けんそん,謙遜,けんそん,謙:◆人を敬い譲って自分は控え目にする、慎み深い◆快いさま、心が満たされるさま、心穏やかなさま、同「慊」; 遜:◆へりくだ・る、他を敬って自ら一歩退(ひ)く、自ら一歩退(しりぞ)き控え目に振る舞う◆自ら地位などを退(しりぞ)き他に譲る◆逃(のが)れ身を隠す、同「遁」,N3,on,on+on,B_verb_rad_言(kun 80%),謙:◆人を敬い譲って自分は控え目にする、慎み深い◆快いさま、心が満たされるさま、心穏やかなさま、同「慊」; 遜:◆へりくだ・る、他を敬って自ら一歩退(ひ)く、自ら一歩退(しりぞ)き控え目に振る舞う◆自ら地位などを退(しりぞ)き他に譲る◆逃(のが)れ身を隠す、同「遁」
kk_講座_こうざ,講座,こうざ,講:◆相手に分かるように説(と)く、解説・説明する◆互いに相手の立場を理解し合う、和解(ワカイ)する、「講解(コウカイ)」「講和(コウワ)」; 座:◆腰を据(す)える席や場所・位置、「座席(ザセキ)」◆ものを載せる台◆定まっている位置や場所、「星座(セイザ)」◆山や建物など(どっしりと据えられているもの)を,N3,on,on+on,A3_short_compound(on+on 71%) | B_verb_rad_言(kun 80%) | B_noun_rad_广(kun 93%),講:◆相手に分かるように説(と)く、解説・説明する◆互いに相手の立場を理解し合う、和解(ワカイ)する、「講解(コウカイ)」「講和(コウワ)」; 座:◆腰を据(す)える席や場所・位置、「座席(ザセキ)」◆ものを載せる台◆定まっている位置や場所、「星座(セイザ)」◆山や建物など(どっしりと据えられているもの)を
kk_議員_ぎいん,議員,ぎいん,議:◆互いに意見を交わし合う◆物事の是非について意見を交わし合う、またそれよって適切な結論を得る◆文章様式の一種で、物事の理非についての意見を記述したもの; 員:◆限られた範囲(場所・空間など)に入っている(含まれる)人、集団に属している人、またその人数◆限られた範囲(特に国土・領土などの境界線)の大きさ、また広さ◆円(,N3,on,on+on,A3_short_compound(on+on 71%) | B_verb_rad_言(kun 80%),議:◆互いに意見を交わし合う◆物事の是非について意見を交わし合う、またそれよって適切な結論を得る◆文章様式の一種で、物事の理非についての意見を記述したもの; 員:◆限られた範囲(場所・空間など)に入っている(含まれる)人、集団に属している人、またその人数◆限られた範囲(特に国土・領土などの境界線)の大きさ、また広さ◆円(
kk_議論_ぎろん,議論,ぎろん,議:◆互いに意見を交わし合う◆物事の是非について意見を交わし合う、またそれよって適切な結論を得る◆文章様式の一種で、物事の理非についての意見を記述したもの; 論:◆理(リ、道理ドウリ、筋目すじめ)に沿って考える、理に適(かな)った考え◆きちんと筋道(すじみち、道理)に沿って(順序立てて)述べる◆道理(筋や理)に照らして物,N3,on,on+on,A3_short_compound(on+on 71%) | B_verb_rad_言(kun 80%) | B_verb_rad_言(kun 80%),議:◆互いに意見を交わし合う◆物事の是非について意見を交わし合う、またそれよって適切な結論を得る◆文章様式の一種で、物事の理非についての意見を記述したもの; 論:◆理(リ、道理ドウリ、筋目すじめ)に沿って考える、理に適(かな)った考え◆きちんと筋道(すじみち、道理)に沿って(順序立てて)述べる◆道理(筋や理)に照らして物
kk_谷_たに,谷,たに,谷:◆細く長く続く深い窪(くぼ)み、湧(わ)き出した水が流れる(山間の)窪み◆(谷に)行く手(ゆくて)を阻(はば)まれる、進退が窮(きわ)まる◆穀物(コクモツ)、同,N3,kun,kun,IL2_single_default(kun 84%),谷:◆細く長く続く深い窪(くぼ)み、湧(わ)き出した水が流れる(山間の)窪み◆(谷に)行く手(ゆくて)を阻(はば)まれる、進退が窮(きわ)まる◆穀物(コクモツ)、同
kk_豪華_ごうか,豪華,ごうか,豪:◆猛々(たけだけ)しく勇ましい、並外れて力がある、またそのような人◆才智や力が傑出している、ずば抜けている、またそのような人、十人に一人の逸材、「【春秋繁露:卷; 華:◆花(はな)、同「花」◆花が咲き開くさま◆花のように美しいさま、美しい光を放つさま、同「花」◆栄えるさま、「栄華(エイガ)」◆漢民族の国、中国、「華夏(カカ)」,N3,on,on+on,A3_short_compound(on+on 71%),豪:◆猛々(たけだけ)しく勇ましい、並外れて力がある、またそのような人◆才智や力が傑出している、ずば抜けている、またそのような人、十人に一人の逸材、「【春秋繁露:卷; 華:◆花(はな)、同「花」◆花が咲き開くさま◆花のように美しいさま、美しい光を放つさま、同「花」◆栄えるさま、「栄華(エイガ)」◆漢民族の国、中国、「華夏(カカ)」
kk_財産_ざいさん,財産,ざいさん,財:◆金銭・品物・土地・知識・人材などの有用なもの、同「材」◆金銭・品物・土地・知識・人材などの価値のあるもの、宝、富(とみ)◆形を整える、同「裁」◆僅(わず)か、; 産:◆子を生む◆生まれ◆新たに(新たなものを)生み出す、作り出す、また生み出されたもの、「生産(セイサン)」◆土地や財物◆音孔が三つの籥(ヤク、縦笛)、籥よりも太く,N3,on,on+on,,財:◆金銭・品物・土地・知識・人材などの有用なもの、同「材」◆金銭・品物・土地・知識・人材などの価値のあるもの、宝、富(とみ)◆形を整える、同「裁」◆僅(わず)か、; 産:◆子を生む◆生まれ◆新たに(新たなものを)生み出す、作り出す、また生み出されたもの、「生産(セイサン)」◆土地や財物◆音孔が三つの籥(ヤク、縦笛)、籥よりも太く
kk_貧しい_まずしい,貧しい,まずしい,貧:◆貯(たくわ)えが乏(とぼ)しい、生活するための財貨が足りていない、「貧乏(ビンボウ)」「貧困(ヒンコン)」◆経験や知識が足りていない、「貧僧(ヒンソウ、僧侶の,N3,kun,kun,IL1_okurigana(kun 96%) | IL2_single_okuri(kun 96%),貧:◆貯(たくわ)えが乏(とぼ)しい、生活するための財貨が足りていない、「貧乏(ビンボウ)」「貧困(ヒンコン)」◆経験や知識が足りていない、「貧僧(ヒンソウ、僧侶の
kk_責任_せきにん,責任,せきにん,責:◆強く求められる務(つと)め、果たすべきこと、為(な)すべきこと◆(果たすべきことを果たすよう)強く求める、(為すべきことを為さないことを)厳(きび)しく咎(と; 任:◆役目や仕事を与える、また委(ゆだ)ねる、また託(たく)す、「任命(ニンメイ)」◆(仕事を託し、その)扱いをその人の裁量(サイリョウ)に委ねる、「放任(ホウニン,N3,on,on+on,,責:◆強く求められる務(つと)め、果たすべきこと、為(な)すべきこと◆(果たすべきことを果たすよう)強く求める、(為すべきことを為さないことを)厳(きび)しく咎(と; 任:◆役目や仕事を与える、また委(ゆだ)ねる、また託(たく)す、「任命(ニンメイ)」◆(仕事を託し、その)扱いをその人の裁量(サイリョウ)に委ねる、「放任(ホウニン
kk_貯める/溜める_ためる,貯める/溜める,ためる,貯:◆集めて蓄(たくわ)える、集めてしまっておく、同「𡪄」、後の備えのために貯えるのは「蓄」、「貯蓄(チョチク)」; 溜:◆雨が滴(したた)り落ちる、雨垂れ◆軒先から流れ落ちる雨でできた水溜り、雨垂れを受ける雨樋(あまどい)◆滑る、つるつるの、滑り落ちる◆すっと流れる、さっと抜ける,N3,other,mixed+mixed~,IL1_okurigana(kun 96%) | A1_compound_oku(kun 90%) | A1_on_kun_mix(on+kun 65%),貯:◆集めて蓄(たくわ)える、集めてしまっておく、同「𡪄」、後の備えのために貯えるのは「蓄」、「貯蓄(チョチク)」; 溜:◆雨が滴(したた)り落ちる、雨垂れ◆軒先から流れ落ちる雨でできた水溜り、雨垂れを受ける雨樋(あまどい)◆滑る、つるつるの、滑り落ちる◆すっと流れる、さっと抜ける
kk_貯金_ちょきん,貯金,ちょきん,貯:◆集めて蓄(たくわ)える、集めてしまっておく、同「𡪄」、後の備えのために貯えるのは「蓄」、「貯蓄(チョチク)」; 金:◆黄金・白銀・赤銅・青銅・青鉛・黒鉄などの総称、金属の総称◆(黄金のように)黄色い、輝く、美しい、貴重な、(金属のように)堅い◆金属製のもの◆銭(ぜに)、またそ,N3,on,on+on,A3_short_compound(on+on 71%) | B_noun_rad_金(kun 93%),貯:◆集めて蓄(たくわ)える、集めてしまっておく、同「𡪄」、後の備えのために貯えるのは「蓄」、「貯蓄(チョチク)」; 金:◆黄金・白銀・赤銅・青銅・青鉛・黒鉄などの総称、金属の総称◆(黄金のように)黄色い、輝く、美しい、貴重な、(金属のように)堅い◆金属製のもの◆銭(ぜに)、またそ
kk_費用_ひよう,費用,ひよう,費:◆金銭・品物・労力などを使う、時間・手間などがかかる◆ものなどを買うために用いる金銭、「費用(ヒヨウ)」◆使い減らす、「浪費(ロウヒ)」◆魯ロ国(前11世紀～前; 用:◆人や物、或いはその特性や能力を使う、また使ってあることを行う、また役立たせる◆働かせる、発揮させる、またそのために必要な特性・能力・金銭など◆以(もっ)て◆[,N3,on,on+on,A3_short_compound(on+on 71%),費:◆金銭・品物・労力などを使う、時間・手間などがかかる◆ものなどを買うために用いる金銭、「費用(ヒヨウ)」◆使い減らす、「浪費(ロウヒ)」◆魯ロ国(前11世紀～前; 用:◆人や物、或いはその特性や能力を使う、また使ってあることを行う、また役立たせる◆働かせる、発揮させる、またそのために必要な特性・能力・金銭など◆以(もっ)て◆[
kk_賃貸_ちんたい,賃貸,ちんたい,賃:◆金を払って人を雇う◆雇用者に支払う報酬、「賃金(チンギン)」◆金を払って借り貸しする; 貸:◆施(ほどこ)す、金品などを与える◆後で返してもらうことを条件に自分の所有物を人に預け用いさせる、同「貣」◆後で返すことを条件に人の所有物を別人が預かり用いる、,N3,on,on+on,,賃:◆金を払って人を雇う◆雇用者に支払う報酬、「賃金(チンギン)」◆金を払って借り貸しする; 貸:◆施(ほどこ)す、金品などを与える◆後で返してもらうことを条件に自分の所有物を人に預け用いさせる、同「貣」◆後で返すことを条件に人の所有物を別人が預かり用いる、
kk_資格_しかく,資格,しかく,資:◆何かを成そうとするために必要となるもの、何かをするために先立つもの、前以(まえもっ)て備えておくもの、「資財(シザイ)」「資格(シカク)」◆天性の(生まれつき; 格:◆長く伸びた木の枝、その枝が交差するさま◆四角い枠(わく)、四角く枠をはめる◆ものの外枠、規則や基準◆限界(外枠)まで至る、行き着く、窮(きわ)まる、同「𢓜」◆,N3,on,on+on,A3_short_compound(on+on 71%) | B_noun_rad_木(kun 93%),資:◆何かを成そうとするために必要となるもの、何かをするために先立つもの、前以(まえもっ)て備えておくもの、「資財(シザイ)」「資格(シカク)」◆天性の(生まれつき; 格:◆長く伸びた木の枝、その枝が交差するさま◆四角い枠(わく)、四角く枠をはめる◆ものの外枠、規則や基準◆限界(外枠)まで至る、行き着く、窮(きわ)まる、同「𢓜」◆
kk_資源_しげん,資源,しげん,資:◆何かを成そうとするために必要となるもの、何かをするために先立つもの、前以(まえもっ)て備えておくもの、「資財(シザイ)」「資格(シカク)」◆天性の(生まれつき; 源:◆地下水が地表に湧(わ)き出るところ、同「厵」「原」◆物事の始まり、物事の大本(おおもと)、物事の根本(コンポン)、物事の基本、同「原」,N3,on,on+on,A3_short_compound(on+on 71%),資:◆何かを成そうとするために必要となるもの、何かをするために先立つもの、前以(まえもっ)て備えておくもの、「資財(シザイ)」「資格(シカク)」◆天性の(生まれつき; 源:◆地下水が地表に湧(わ)き出るところ、同「厵」「原」◆物事の始まり、物事の大本(おおもと)、物事の根本(コンポン)、物事の基本、同「原」
kk_資金_しきん,資金,しきん,資:◆何かを成そうとするために必要となるもの、何かをするために先立つもの、前以(まえもっ)て備えておくもの、「資財(シザイ)」「資格(シカク)」◆天性の(生まれつき; 金:◆黄金・白銀・赤銅・青銅・青鉛・黒鉄などの総称、金属の総称◆(黄金のように)黄色い、輝く、美しい、貴重な、(金属のように)堅い◆金属製のもの◆銭(ぜに)、またそ,N3,on,on+on,A3_short_compound(on+on 71%) | B_noun_rad_金(kun 93%),資:◆何かを成そうとするために必要となるもの、何かをするために先立つもの、前以(まえもっ)て備えておくもの、「資財(シザイ)」「資格(シカク)」◆天性の(生まれつき; 金:◆黄金・白銀・赤銅・青銅・青鉛・黒鉄などの総称、金属の総称◆(黄金のように)黄色い、輝く、美しい、貴重な、(金属のように)堅い◆金属製のもの◆銭(ぜに)、またそ
kk_賢い_かしこい,賢い,かしこい,賢:◆才智に富むさま、才能豊かなさま、またそのような人◆相手(特に同輩や後輩)や相手に関することをいう語の頭に付けて敬意の意味を表す、自分に関することに謙遜の意を表,N3,kun,kun,IL1_okurigana(kun 96%) | IL2_single_okuri(kun 96%),賢:◆才智に富むさま、才能豊かなさま、またそのような人◆相手(特に同輩や後輩)や相手に関することをいう語の頭に付けて敬意の意味を表す、自分に関することに謙遜の意を表
kk_質_しつ,質,しつ,質:◆本来の、元々(もともと)の、「本質(ホンシツ)」◆本来のままであるさま、素(す)のままであるさま、「質素(シッソ)」◆そのものが持つ本来の価値や中身、また性格,N3,on,on,IL2_single_default(kun 84%),質:◆本来の、元々(もともと)の、「本質(ホンシツ)」◆本来のままであるさま、素(す)のままであるさま、「質素(シッソ)」◆そのものが持つ本来の価値や中身、また性格
kk_購入_こうにゅう,購入,こうにゅう,購:◆財貨を出して欲しいものを手に入れる、買う、「購買(コウバイ)」「購入(コウニュウ)」◆賞金を掛け欲しいものを募(つの)る、「購募(コウボ)」◆タカヨモギ(高蓬; 入:◆範囲・領域・組織や区切り・境界の外(外側、外部、表側、向こう側、公のところ)から内(内側、内部、裏側、こちら側、私的なところ)に移る、また移す、内から外へ移る,N3,on,on+on,,購:◆財貨を出して欲しいものを手に入れる、買う、「購買(コウバイ)」「購入(コウニュウ)」◆賞金を掛け欲しいものを募(つの)る、「購募(コウボ)」◆タカヨモギ(高蓬; 入:◆範囲・領域・組織や区切り・境界の外(外側、外部、表側、向こう側、公のところ)から内(内側、内部、裏側、こちら側、私的なところ)に移る、また移す、内から外へ移る
kk_贅沢_ぜいたく,贅沢,ぜいたく,贅:◆余分なもの、不必要なもの、「贅肉(ゼイニク)」◆(余計なものを)継ぎ足す、付け足す、「贅述(ゼイジュツ、余計なことをくどくどと話す)」◆疣(いぼ)、皮膚の表面; 沢:◆水の近くの草が生い茂った湿地◆表面が滑らかできらきらと光るさま、水分を含んで艶々(つやつや)しているさま、同「㚖」◆潤(うるお)う、恵(めぐ)み、「潤沢(ジュ,N3,on,on+on,,贅:◆余分なもの、不必要なもの、「贅肉(ゼイニク)」◆(余計なものを)継ぎ足す、付け足す、「贅述(ゼイジュツ、余計なことをくどくどと話す)」◆疣(いぼ)、皮膚の表面; 沢:◆水の近くの草が生い茂った湿地◆表面が滑らかできらきらと光るさま、水分を含んで艶々(つやつや)しているさま、同「㚖」◆潤(うるお)う、恵(めぐ)み、「潤沢(ジュ
kk_走り回る_はしりまわる,走り回る,はしりまわる,走:◆片足を地に着け止め、残る片足を前に運んで止める、という動作を左右の足で交互に速く繰り返す、早足(はやあし)で行く、同「趨」、ゆっくり繰り返すことを「歩」◆逃(; 回:◆円を描(えが)くように動く、一周して(一巡して)元に戻る、同「廻」「迴」、「回復(カイフク)」「回帰(カイキ)」◆元に戻す、元に返す、「回答(カイトウ)」◆(,N3,kun,kun+kun~,IL1_okurigana(kun 96%) | A1_compound_oku(kun 90%) | A1_on_kun_mix(on+kun 65%),走:◆片足を地に着け止め、残る片足を前に運んで止める、という動作を左右の足で交互に速く繰り返す、早足(はやあし)で行く、同「趨」、ゆっくり繰り返すことを「歩」◆逃(; 回:◆円を描(えが)くように動く、一周して(一巡して)元に戻る、同「廻」「迴」、「回復(カイフク)」「回帰(カイキ)」◆元に戻す、元に返す、「回答(カイトウ)」◆(
kk_越える_こえる,越える,こえる,越:◆行く手(ゆくて)を阻(はば)んでいるものの上を跨(また)ぐようにしてその先に行く、区切りや障害となっているものの先に行く、同「逾」◆度(ど、区切り・限度・程度,N3,kun,kun,IL1_okurigana(kun 96%) | IL2_single_okuri(kun 96%),越:◆行く手(ゆくて)を阻(はば)んでいるものの上を跨(また)ぐようにしてその先に行く、区切りや障害となっているものの先に行く、同「逾」◆度(ど、区切り・限度・程度
kk_足りない_たりない,足りない,たりない,足:◆体や物体の一部で、胴から分かれ出て伸び、地に接して体を支えたり、歩行・走行・跳躍などの運動機能を担う部分、現代の中国では「脚」◆「歩く」「走る」などの足を使っ,N3,kun,kun,IL1_okurigana(kun 96%) | IL2_single_okuri(kun 96%) | B_verb_rad_足(kun 80%),足:◆体や物体の一部で、胴から分かれ出て伸び、地に接して体を支えたり、歩行・走行・跳躍などの運動機能を担う部分、現代の中国では「脚」◆「歩く」「走る」などの足を使っ
kk_足元/足下_あしもと,足元/足下,あしもと,足:◆体や物体の一部で、胴から分かれ出て伸び、地に接して体を支えたり、歩行・走行・跳躍などの運動機能を担う部分、現代の中国では「脚」◆「歩く」「走る」などの足を使っ; 元:◆物事の発端(ホッタン)、起源、始まり、「元年(ガンネン)」◆物事の基(もと)となるもの、根本(コンポン)◆物事の先頭にあるもの、頭(かしら)、「元首(ゲンシュ; 足:◆体や物体の一部で、胴から分かれ出て伸び、地に接して体を支えたり、歩行・走行・跳躍などの運動機能を担う部分、現代の中国では「脚」◆「歩く」「走る」などの足を使っ,N3,kun,kun+kun+kun+kun~,A4_multi_on(on+on+on+on 65%) | B_verb_rad_足(kun 80%) | B_verb_rad_足(kun 80%),足:◆体や物体の一部で、胴から分かれ出て伸び、地に接して体を支えたり、歩行・走行・跳躍などの運動機能を担う部分、現代の中国では「脚」◆「歩く」「走る」などの足を使っ; 元:◆物事の発端(ホッタン)、起源、始まり、「元年(ガンネン)」◆物事の基(もと)となるもの、根本(コンポン)◆物事の先頭にあるもの、頭(かしら)、「元首(ゲンシュ; 足:◆体や物体の一部で、胴から分かれ出て伸び、地に接して体を支えたり、歩行・走行・跳躍などの運動機能を担う部分、現代の中国では「脚」◆「歩く」「走る」などの足を使っ
kk_足音_あしおと,足音,あしおと,足:◆体や物体の一部で、胴から分かれ出て伸び、地に接して体を支えたり、歩行・走行・跳躍などの運動機能を担う部分、現代の中国では「脚」◆「歩く」「走る」などの足を使っ; 音:◆聴覚で認識できるものの総称、特に楽器のもの、高低強弱などの抑揚がある音が連続し全体として意味を持つものを「声」◆耳に届いて来るもの、便り◆[日]漢字の中国伝来,N3,kun,kun+kun~,B_verb_rad_足(kun 80%),足:◆体や物体の一部で、胴から分かれ出て伸び、地に接して体を支えたり、歩行・走行・跳躍などの運動機能を担う部分、現代の中国では「脚」◆「歩く」「走る」などの足を使っ; 音:◆聴覚で認識できるものの総称、特に楽器のもの、高低強弱などの抑揚がある音が連続し全体として意味を持つものを「声」◆耳に届いて来るもの、便り◆[日]漢字の中国伝来
kk_距離_きょり,距離,きょり,距:◆隔たり、間隔、離れる、間を置く◆間隔が狭まらないように押し止める◆ニワトリ(鶏)などの蹴爪(けづめ、足首付近から後ろ向きに突き出た鋭い突起)、同「𧣒」; 離:◆間(あいだ)を空(あ)ける、隔(へだ)てる、分(わ)ける、別(わか)れる◆間が空いている、隔たっている、分かれている、別れている◆八卦(ハッカ、「乾・兌・離・,N3,on,on+on,A3_short_compound(on+on 71%) | B_verb_rad_足(kun 80%),距:◆隔たり、間隔、離れる、間を置く◆間隔が狭まらないように押し止める◆ニワトリ(鶏)などの蹴爪(けづめ、足首付近から後ろ向きに突き出た鋭い突起)、同「𧣒」; 離:◆間(あいだ)を空(あ)ける、隔(へだ)てる、分(わ)ける、別(わか)れる◆間が空いている、隔たっている、分かれている、別れている◆八卦(ハッカ、「乾・兌・離・
kk_踏み切り/踏切_ふみきり,踏み切り/踏切,ふみきり,踏:◆足を地に着ける、足で押える、同「踐」; 切:◆刃物などですっと断(た)つ、裁(た)つ、割(さ)く◆ぴったりとしたさま、隙(すき)がないさま、「親切(シンセツ)」◆近くまで迫(せま)る、差し迫る、「切近(セ; 踏:◆足を地に着ける、足で押える、同「踐」,N3,kun,kun+kun+kun+kun~,IL1_okurigana(kun 96%) | A1_compound_oku(kun 90%) | A1_on_kun_mix(on+kun 65%),踏:◆足を地に着ける、足で押える、同「踐」; 切:◆刃物などですっと断(た)つ、裁(た)つ、割(さ)く◆ぴったりとしたさま、隙(すき)がないさま、「親切(シンセツ)」◆近くまで迫(せま)る、差し迫る、「切近(セ; 踏:◆足を地に着ける、足で押える、同「踐」
kk_踏み切る_ふみきる,踏み切る,ふみきる,踏:◆足を地に着ける、足で押える、同「踐」; 切:◆刃物などですっと断(た)つ、裁(た)つ、割(さ)く◆ぴったりとしたさま、隙(すき)がないさま、「親切(シンセツ)」◆近くまで迫(せま)る、差し迫る、「切近(セ,N3,kun,kun+kun~,IL1_okurigana(kun 96%) | A1_compound_oku(kun 90%) | A1_on_kun_mix(on+kun 65%),踏:◆足を地に着ける、足で押える、同「踐」; 切:◆刃物などですっと断(た)つ、裁(た)つ、割(さ)く◆ぴったりとしたさま、隙(すき)がないさま、「親切(シンセツ)」◆近くまで迫(せま)る、差し迫る、「切近(セ
kk_蹴る_ける,蹴る,ける,蹴:◆折った膝を勢いよく伸ばしたときの力で足をものに当て跳ね飛ばす◆踏む、踏み付ける◆追い掛ける、後を追う◆「蹴蹴(シュクシュク)」、畏(おそ)れてまた恐(おそ)れ,N3,kun,kun,IL1_okurigana(kun 96%) | IL2_single_okuri(kun 96%) | B_verb_rad_足(kun 80%),蹴:◆折った膝を勢いよく伸ばしたときの力で足をものに当て跳ね飛ばす◆踏む、踏み付ける◆追い掛ける、後を追う◆「蹴蹴(シュクシュク)」、畏(おそ)れてまた恐(おそ)れ
kk_躍動_やくどう,躍動,やくどう,躍:◆高く飛び上がり離れたところに降りる、高く跳(は)ね上がる、低く飛び上がり同じところに降りるのは「踊」、「【六書故:卷十六】大為躍小為踊躍去其所踊不離其所」◆飛; 動:◆位置・姿勢・感情・状態・事情などが変わる、また変える、また変わり始める、「動作」「行動」「感動」◆やや・もすれば、どうかすると(～になる、～になりやすい),N3,on,on+on,B_verb_rad_足(kun 80%) | B_verb_rad_力(kun 80%),躍:◆高く飛び上がり離れたところに降りる、高く跳(は)ね上がる、低く飛び上がり同じところに降りるのは「踊」、「【六書故:卷十六】大為躍小為踊躍去其所踊不離其所」◆飛; 動:◆位置・姿勢・感情・状態・事情などが変わる、また変える、また変わり始める、「動作」「行動」「感動」◆やや・もすれば、どうかすると(～になる、～になりやすい)
kk_身_み,身,み,身:◆(頭部を除いた)体(からだ)、躯体(クタイ)、同「躯」「躬」◆中に含まれているもの、また入っているもの、本体◆人の一生、命(いのち)◆吾(われ)、我(わ)が、,N3,kun,kun,IL2_single_default(kun 84%),身:◆(頭部を除いた)体(からだ)、躯体(クタイ)、同「躯」「躬」◆中に含まれているもの、また入っているもの、本体◆人の一生、命(いのち)◆吾(われ)、我(わ)が、
kk_身分_みぶん,身分,みぶん,身:◆(頭部を除いた)体(からだ)、躯体(クタイ)、同「躯」「躬」◆中に含まれているもの、また入っているもの、本体◆人の一生、命(いのち)◆吾(われ)、我(わ)が、; 分:◆一つに纏(まと)まっているものを幾つかに切り離す、また幾つかに仕切る(区切る)、「分割(ブンカツ)」、切り離したものを仕分けることを「別」◆一つの纏まりから一,N3,mixed,kun+on~,A3_short_compound(on+on 71%) | B_verb_rad_刀(kun 80%),身:◆(頭部を除いた)体(からだ)、躯体(クタイ)、同「躯」「躬」◆中に含まれているもの、また入っているもの、本体◆人の一生、命(いのち)◆吾(われ)、我(わ)が、; 分:◆一つに纏(まと)まっているものを幾つかに切り離す、また幾つかに仕切る(区切る)、「分割(ブンカツ)」、切り離したものを仕分けることを「別」◆一つの纏まりから一
kk_身長_しんちょう,身長,しんちょう,身:◆(頭部を除いた)体(からだ)、躯体(クタイ)、同「躯」「躬」◆中に含まれているもの、また入っているもの、本体◆人の一生、命(いのち)◆吾(われ)、我(わ)が、; 長:◆距離や時間などが途切れることなく連なっている、離れたところまでずぅっと続いている、途切れなく続いているものの二点(両端)が大きく隔(へだ)たっている、またその,N3,on,on+on,,身:◆(頭部を除いた)体(からだ)、躯体(クタイ)、同「躯」「躬」◆中に含まれているもの、また入っているもの、本体◆人の一生、命(いのち)◆吾(われ)、我(わ)が、; 長:◆距離や時間などが途切れることなく連なっている、離れたところまでずぅっと続いている、途切れなく続いているものの二点(両端)が大きく隔(へだ)たっている、またその
kk_車内_しゃない,車内,しゃない,車:◆二つの輪(リン、車輪)の中心に軸(ジク、車軸)を通し、その上に人や物を乗せるための台(車台)を設(しつら)えたもの ◆輪状・円状のものが軸を中心として回転する; 内:◆外から中に入る、入れる◆限られた範囲・領域の中、区切りや境目の中、同「中」◆ある一定の範囲に含まれるもの、囲われたり覆われたりしていて外からは見えないもの、公,N3,on,on+on,A3_short_compound(on+on 71%),車:◆二つの輪(リン、車輪)の中心に軸(ジク、車軸)を通し、その上に人や物を乗せるための台(車台)を設(しつら)えたもの ◆輪状・円状のものが軸を中心として回転する; 内:◆外から中に入る、入れる◆限られた範囲・領域の中、区切りや境目の中、同「中」◆ある一定の範囲に含まれるもの、囲われたり覆われたりしていて外からは見えないもの、公
kk_車庫_しゃこ,車庫,しゃこ,車:◆二つの輪(リン、車輪)の中心に軸(ジク、車軸)を通し、その上に人や物を乗せるための台(車台)を設(しつら)えたもの ◆輪状・円状のものが軸を中心として回転する; 庫:◆兵車(ヘイシャ、軍事用の車両)を保管する建物、「兵庫(ヘイコ)」◆物を貯蔵・保管する建物または部屋、「府庫(フコ)」「倉庫(ソウコ)」,N3,on,on+on,A3_short_compound(on+on 71%) | B_noun_rad_广(kun 93%),車:◆二つの輪(リン、車輪)の中心に軸(ジク、車軸)を通し、その上に人や物を乗せるための台(車台)を設(しつら)えたもの ◆輪状・円状のものが軸を中心として回転する; 庫:◆兵車(ヘイシャ、軍事用の車両)を保管する建物、「兵庫(ヘイコ)」◆物を貯蔵・保管する建物または部屋、「府庫(フコ)」「倉庫(ソウコ)」
kk_車掌_しゃしょう,車掌,しゃしょう,車:◆二つの輪(リン、車輪)の中心に軸(ジク、車軸)を通し、その上に人や物を乗せるための台(車台)を設(しつら)えたもの ◆輪状・円状のものが軸を中心として回転する; 掌:◆たなごころ、てのひら、手のひら、手の指を除いた部分、動物などの場合は(前)足の裏、「手心(シュシン)」 ◆つかさど・る、役目として受け持つ、受け持つ仕事の全体,N3,on,on+on,A3_short_compound(on+on 71%) | B_verb_rad_手(kun 80%),車:◆二つの輪(リン、車輪)の中心に軸(ジク、車軸)を通し、その上に人や物を乗せるための台(車台)を設(しつら)えたもの ◆輪状・円状のものが軸を中心として回転する; 掌:◆たなごころ、てのひら、手のひら、手の指を除いた部分、動物などの場合は(前)足の裏、「手心(シュシン)」 ◆つかさど・る、役目として受け持つ、受け持つ仕事の全体
kk_転がる_ころがる,転がる,ころがる,転:◆(車輪が回るように)ごろりと回る、ぐるりと回る、「回転(カイテン)」◆(車輪が接地する位置を変えながら転がり進んで行くように次へ次へと)位置や方向を変える、ま,N3,kun,kun,IL1_okurigana(kun 96%) | IL2_single_okuri(kun 96%),転:◆(車輪が回るように)ごろりと回る、ぐるりと回る、「回転(カイテン)」◆(車輪が接地する位置を変えながら転がり進んで行くように次へ次へと)位置や方向を変える、ま
kk_転ぶ_ころぶ,転ぶ,ころぶ,転:◆(車輪が回るように)ごろりと回る、ぐるりと回る、「回転(カイテン)」◆(車輪が接地する位置を変えながら転がり進んで行くように次へ次へと)位置や方向を変える、ま,N3,kun,kun,IL1_okurigana(kun 96%) | IL2_single_okuri(kun 96%),転:◆(車輪が回るように)ごろりと回る、ぐるりと回る、「回転(カイテン)」◆(車輪が接地する位置を変えながら転がり進んで行くように次へ次へと)位置や方向を変える、ま
kk_転校_てんこう,転校,てんこう,転:◆(車輪が回るように)ごろりと回る、ぐるりと回る、「回転(カイテン)」◆(車輪が接地する位置を変えながら転がり進んで行くように次へ次へと)位置や方向を変える、ま; 校:◆木製の枷(かせ)、罪人の首・手・足などに嵌(は)めて自由を奪う刑具◆(陣地の周囲に張り巡らせる、或いは狩猟の際に獲物を追い込む)格子状に組んだ柵(さく)◆武官,N3,on,on+on,B_noun_rad_木(kun 93%),転:◆(車輪が回るように)ごろりと回る、ぐるりと回る、「回転(カイテン)」◆(車輪が接地する位置を変えながら転がり進んで行くように次へ次へと)位置や方向を変える、ま; 校:◆木製の枷(かせ)、罪人の首・手・足などに嵌(は)めて自由を奪う刑具◆(陣地の周囲に張り巡らせる、或いは狩猟の際に獲物を追い込む)格子状に組んだ柵(さく)◆武官
kk_転職_てんしょく,転職,てんしょく,転:◆(車輪が回るように)ごろりと回る、ぐるりと回る、「回転(カイテン)」◆(車輪が接地する位置を変えながら転がり進んで行くように次へ次へと)位置や方向を変える、ま; 職:◆力を注ぐべき仕事や役割、またその責任を担(にな)う◆一定の業務や役目を司(つかさど)る◆担当する業務や役目、またそこでの地位,N3,on,on+on,,転:◆(車輪が回るように)ごろりと回る、ぐるりと回る、「回転(カイテン)」◆(車輪が接地する位置を変えながら転がり進んで行くように次へ次へと)位置や方向を変える、ま; 職:◆力を注ぐべき仕事や役割、またその責任を担(にな)う◆一定の業務や役目を司(つかさど)る◆担当する業務や役目、またそこでの地位
kk_転送_てんそう,転送,てんそう,転:◆(車輪が回るように)ごろりと回る、ぐるりと回る、「回転(カイテン)」◆(車輪が接地する位置を変えながら転がり進んで行くように次へ次へと)位置や方向を変える、ま; 送:◆行く人(別れる人、帰る人、旅立つ人、亡くなった人など)と途中まで同道する、出向いて行って迎えるのは「迎」◆ものを目的地へ運び届ける◆贈(おく)る、遣(つか)わ,N3,on,on+on,,転:◆(車輪が回るように)ごろりと回る、ぐるりと回る、「回転(カイテン)」◆(車輪が接地する位置を変えながら転がり進んで行くように次へ次へと)位置や方向を変える、ま; 送:◆行く人(別れる人、帰る人、旅立つ人、亡くなった人など)と途中まで同道する、出向いて行って迎えるのは「迎」◆ものを目的地へ運び届ける◆贈(おく)る、遣(つか)わ
kk_載せる_のせる,載せる,のせる,載:◆車や船などの上に乗る、乗って行く、また積む、積んで運ぶ◆(平らなものの)上に乗る、また乗せる◆本や帳面などに書き付ける◆歳(サイ、とし)、年(ネン、とし)、「,N3,kun,kun,IL1_okurigana(kun 96%) | IL2_single_okuri(kun 96%),載:◆車や船などの上に乗る、乗って行く、また積む、積んで運ぶ◆(平らなものの)上に乗る、また乗せる◆本や帳面などに書き付ける◆歳(サイ、とし)、年(ネン、とし)、「
kk_載る_のる,載る,のる,載:◆車や船などの上に乗る、乗って行く、また積む、積んで運ぶ◆(平らなものの)上に乗る、また乗せる◆本や帳面などに書き付ける◆歳(サイ、とし)、年(ネン、とし)、「,N3,kun,kun,IL1_okurigana(kun 96%) | IL2_single_okuri(kun 96%),載:◆車や船などの上に乗る、乗って行く、また積む、積んで運ぶ◆(平らなものの)上に乗る、また乗せる◆本や帳面などに書き付ける◆歳(サイ、とし)、年(ネン、とし)、「
kk_輝く_かがやく,輝く,かがやく,輝:◆明々とした火の光、またその光が四方に広がる、同「暉」「煇」,N3,kun,kun,IL1_okurigana(kun 96%) | IL2_single_okuri(kun 96%),輝:◆明々とした火の光、またその光が四方に広がる、同「暉」「煇」
kk_辞める_やめる,辞める,やめる,辞:◆説(と)く、分かるように順序立てて話す、説明する、「【說文解字注:辛部:辭】說也(…說者釋也)𤔬辛猶理辜也」◆丁寧に分かり易く述べる、また説明する、またその言,N3,kun,kun,IL1_okurigana(kun 96%) | IL2_single_okuri(kun 96%),辞:◆説(と)く、分かるように順序立てて話す、説明する、「【說文解字注:辛部:辭】說也(…說者釋也)𤔬辛猶理辜也」◆丁寧に分かり易く述べる、また説明する、またその言
kk_辞表_じひょう,辞表,じひょう,辞:◆説(と)く、分かるように順序立てて話す、説明する、「【說文解字注:辛部:辭】說也(…說者釋也)𤔬辛猶理辜也」◆丁寧に分かり易く述べる、また説明する、またその言; 表:◆重ね着をする際に最も上(外側)に羽織(はお)る衣服、上着(うわぎ)、外衣(ガイイ)、本「𧘝」、同「𧞧」◆外側、外側に面した部分◆人の目に触れる、またその部分◆,N3,on,on+on,A3_short_compound(on+on 71%),辞:◆説(と)く、分かるように順序立てて話す、説明する、「【說文解字注:辛部:辭】說也(…說者釋也)𤔬辛猶理辜也」◆丁寧に分かり易く述べる、また説明する、またその言; 表:◆重ね着をする際に最も上(外側)に羽織(はお)る衣服、上着(うわぎ)、外衣(ガイイ)、本「𧘝」、同「𧞧」◆外側、外側に面した部分◆人の目に触れる、またその部分◆
kk_農場_のうじょう,農場,のうじょう,農:◆田畑を耕し、作物の種を播(ま)き育て収穫する、またその仕事、またそれ従事する人、「農業(ノウギョウ)」「農夫(ノウフ)」◆「神農(シンノウ)」、伝承上の人で、; 場:◆(日当たりのよい、収穫した穀物の乾燥・脱穀などをする、また多くの人やものが集まる)広く平らなところ、「広場」、同「塲」◆一段と高くし上を平らに作ったところ、台,N3,on,on+on,,農:◆田畑を耕し、作物の種を播(ま)き育て収穫する、またその仕事、またそれ従事する人、「農業(ノウギョウ)」「農夫(ノウフ)」◆「神農(シンノウ)」、伝承上の人で、; 場:◆(日当たりのよい、収穫した穀物の乾燥・脱穀などをする、また多くの人やものが集まる)広く平らなところ、「広場」、同「塲」◆一段と高くし上を平らに作ったところ、台
kk_農家_のうか,農家,のうか,農:◆田畑を耕し、作物の種を播(ま)き育て収穫する、またその仕事、またそれ従事する人、「農業(ノウギョウ)」「農夫(ノウフ)」◆「神農(シンノウ)」、伝承上の人で、; 家:◆屋根(「宀」)があり四周が戸や壁で遮(さえぎ)られている建物、豕(いのこ、ブタ)などの大切な家畜を飼(か)う建物◆同じ屋根の下で親子や一族が共に生活する、人が,N3,on,on+on,A3_short_compound(on+on 71%) | B_noun_rad_宀(kun 93%),農:◆田畑を耕し、作物の種を播(ま)き育て収穫する、またその仕事、またそれ従事する人、「農業(ノウギョウ)」「農夫(ノウフ)」◆「神農(シンノウ)」、伝承上の人で、; 家:◆屋根(「宀」)があり四周が戸や壁で遮(さえぎ)られている建物、豕(いのこ、ブタ)などの大切な家畜を飼(か)う建物◆同じ屋根の下で親子や一族が共に生活する、人が
kk_農村_のうそん,農村,のうそん,農:◆田畑を耕し、作物の種を播(ま)き育て収穫する、またその仕事、またそれ従事する人、「農業(ノウギョウ)」「農夫(ノウフ)」◆「神農(シンノウ)」、伝承上の人で、; 村:◆都から遠く離れた田舎(いなか)の集落、同「邨」「屯」◆田舎染みたさま,N3,on,on+on,B_noun_rad_木(kun 93%),農:◆田畑を耕し、作物の種を播(ま)き育て収穫する、またその仕事、またそれ従事する人、「農業(ノウギョウ)」「農夫(ノウフ)」◆「神農(シンノウ)」、伝承上の人で、; 村:◆都から遠く離れた田舎(いなか)の集落、同「邨」「屯」◆田舎染みたさま
kk_農業_のうぎょう,農業,のうぎょう,農:◆田畑を耕し、作物の種を播(ま)き育て収穫する、またその仕事、またそれ従事する人、「農業(ノウギョウ)」「農夫(ノウフ)」◆「神農(シンノウ)」、伝承上の人で、; 業:◆鍾(ショウ)や磬(ケイ)などの打楽器を吊るすための横木(筍)の上の横板、吊るした楽器の位置が演奏中にずれないように凹みや突起がついていたという、「业」はそれを,N3,on,on+on,B_noun_rad_木(kun 93%),農:◆田畑を耕し、作物の種を播(ま)き育て収穫する、またその仕事、またそれ従事する人、「農業(ノウギョウ)」「農夫(ノウフ)」◆「神農(シンノウ)」、伝承上の人で、; 業:◆鍾(ショウ)や磬(ケイ)などの打楽器を吊るすための横木(筍)の上の横板、吊るした楽器の位置が演奏中にずれないように凹みや突起がついていたという、「业」はそれを
kk_農民_のうみん,農民,のうみん,農:◆田畑を耕し、作物の種を播(ま)き育て収穫する、またその仕事、またそれ従事する人、「農業(ノウギョウ)」「農夫(ノウフ)」◆「神農(シンノウ)」、伝承上の人で、; 民:◆(支配者層に属する人を除く)一般の人◆人(ひと)、人達(ひとたち),N3,on,on+on,,農:◆田畑を耕し、作物の種を播(ま)き育て収穫する、またその仕事、またそれ従事する人、「農業(ノウギョウ)」「農夫(ノウフ)」◆「神農(シンノウ)」、伝承上の人で、; 民:◆(支配者層に属する人を除く)一般の人◆人(ひと)、人達(ひとたち)
kk_農産物_のうさんぶつ,農産物,のうさんぶつ,農:◆田畑を耕し、作物の種を播(ま)き育て収穫する、またその仕事、またそれ従事する人、「農業(ノウギョウ)」「農夫(ノウフ)」◆「神農(シンノウ)」、伝承上の人で、; 産:◆子を生む◆生まれ◆新たに(新たなものを)生み出す、作り出す、また生み出されたもの、「生産(セイサン)」◆土地や財物◆音孔が三つの籥(ヤク、縦笛)、籥よりも太く; 物:◆(天地の間に存在する)人以外の形のあるもの、人は「者」、形のないものは「事」,N3,on,on+on+on,A4_multi_on(on+on+on 65%) | B_noun_rad_牛(kun 93%),農:◆田畑を耕し、作物の種を播(ま)き育て収穫する、またその仕事、またそれ従事する人、「農業(ノウギョウ)」「農夫(ノウフ)」◆「神農(シンノウ)」、伝承上の人で、; 産:◆子を生む◆生まれ◆新たに(新たなものを)生み出す、作り出す、また生み出されたもの、「生産(セイサン)」◆土地や財物◆音孔が三つの籥(ヤク、縦笛)、籥よりも太く; 物:◆(天地の間に存在する)人以外の形のあるもの、人は「者」、形のないものは「事」
kk_込める_こめる,込める,こめる,込:◆[日]中に(内に、裏に、見えないところに)入(はい)る、入(い)れる,N3,kun,kun,IL1_okurigana(kun 96%) | IL2_single_okuri(kun 96%),込:◆[日]中に(内に、裏に、見えないところに)入(はい)る、入(い)れる
kk_近々_ちかぢか,近々,ちかぢか,近:◆位置・時間・関係・状態などがすぐ傍(そば)にある◆迫(せま)る、すぐ傍まで寄る、また寄せる◆親(ちか)しい、親(した)しい(間柄や関係などが近い)◆似ている(,N3,kun,kun,IL2_single_default(kun 84%),近:◆位置・時間・関係・状態などがすぐ傍(そば)にある◆迫(せま)る、すぐ傍まで寄る、また寄せる◆親(ちか)しい、親(した)しい(間柄や関係などが近い)◆似ている(
kk_近付く_ちかづく,近付く,ちかづく,近:◆位置・時間・関係・状態などがすぐ傍(そば)にある◆迫(せま)る、すぐ傍まで寄る、また寄せる◆親(ちか)しい、親(した)しい(間柄や関係などが近い)◆似ている(; 付:◆手ずから授(さず)ける、直接手を取って与える、同「仅」◆渡し与える、渡して任せる、委(ゆだ)ねる◆[日]他のものに加える、また添える、また足す、同「附」,N3,other,mixed+mixed~,IL1_okurigana(kun 96%) | A1_compound_oku(kun 90%) | A1_on_kun_mix(on+kun 65%),近:◆位置・時間・関係・状態などがすぐ傍(そば)にある◆迫(せま)る、すぐ傍まで寄る、また寄せる◆親(ちか)しい、親(した)しい(間柄や関係などが近い)◆似ている(; 付:◆手ずから授(さず)ける、直接手を取って与える、同「仅」◆渡し与える、渡して任せる、委(ゆだ)ねる◆[日]他のものに加える、また添える、また足す、同「附」
kk_近付ける_ちかづける,近付ける,ちかづける,近:◆位置・時間・関係・状態などがすぐ傍(そば)にある◆迫(せま)る、すぐ傍まで寄る、また寄せる◆親(ちか)しい、親(した)しい(間柄や関係などが近い)◆似ている(; 付:◆手ずから授(さず)ける、直接手を取って与える、同「仅」◆渡し与える、渡して任せる、委(ゆだ)ねる◆[日]他のものに加える、また添える、また足す、同「附」,N3,other,mixed+mixed~,IL1_okurigana(kun 96%) | A1_compound_oku(kun 90%) | A1_on_kun_mix(on+kun 65%),近:◆位置・時間・関係・状態などがすぐ傍(そば)にある◆迫(せま)る、すぐ傍まで寄る、また寄せる◆親(ちか)しい、親(した)しい(間柄や関係などが近い)◆似ている(; 付:◆手ずから授(さず)ける、直接手を取って与える、同「仅」◆渡し与える、渡して任せる、委(ゆだ)ねる◆[日]他のものに加える、また添える、また足す、同「附」
kk_近代_きんだい,近代,きんだい,近:◆位置・時間・関係・状態などがすぐ傍(そば)にある◆迫(せま)る、すぐ傍まで寄る、また寄せる◆親(ちか)しい、親(した)しい(間柄や関係などが近い)◆似ている(; 代:◆替(か)える、それまでのもの(今あるもの)を別のものに替える、入れ替える、また入れ替わる◆同じ家主や国主がその地位にある期間、同じ種(シュ、起源を同じにするも,N3,on,on+on,,近:◆位置・時間・関係・状態などがすぐ傍(そば)にある◆迫(せま)る、すぐ傍まで寄る、また寄せる◆親(ちか)しい、親(した)しい(間柄や関係などが近い)◆似ている(; 代:◆替(か)える、それまでのもの(今あるもの)を別のものに替える、入れ替える、また入れ替わる◆同じ家主や国主がその地位にある期間、同じ種(シュ、起源を同じにするも
kk_近寄る_ちかよる,近寄る,ちかよる,近:◆位置・時間・関係・状態などがすぐ傍(そば)にある◆迫(せま)る、すぐ傍まで寄る、また寄せる◆親(ちか)しい、親(した)しい(間柄や関係などが近い)◆似ている(; 寄:◆他のものを頼りにする、他のものに凭(もた)れ掛かる◆託(たく)する、他人(ひと)に預(あず)ける、委(ゆだ)ねる、「寄託(キタク)」「寄命(キメイ、命を託す、,N3,kun,kun+kun,IL1_okurigana(kun 96%) | A1_compound_oku(kun 90%) | A1_on_kun_mix(on+kun 65%),近:◆位置・時間・関係・状態などがすぐ傍(そば)にある◆迫(せま)る、すぐ傍まで寄る、また寄せる◆親(ちか)しい、親(した)しい(間柄や関係などが近い)◆似ている(; 寄:◆他のものを頼りにする、他のものに凭(もた)れ掛かる◆託(たく)する、他人(ひと)に預(あず)ける、委(ゆだ)ねる、「寄託(キタク)」「寄命(キメイ、命を託す、
kk_近年_きんねん,近年,きんねん,近:◆位置・時間・関係・状態などがすぐ傍(そば)にある◆迫(せま)る、すぐ傍まで寄る、また寄せる◆親(ちか)しい、親(した)しい(間柄や関係などが近い)◆似ている(; 年:◆穀物が稔(みの)る、同「秊」◆農作物を収穫してから次の収穫期までの期間、四季(二十四節気)を一巡する期間、year◆誕生してから生きてその誕生日を通り過ぎた回,N3,on,on+on,,近:◆位置・時間・関係・状態などがすぐ傍(そば)にある◆迫(せま)る、すぐ傍まで寄る、また寄せる◆親(ちか)しい、親(した)しい(間柄や関係などが近い)◆似ている(; 年:◆穀物が稔(みの)る、同「秊」◆農作物を収穫してから次の収穫期までの期間、四季(二十四節気)を一巡する期間、year◆誕生してから生きてその誕生日を通り過ぎた回
kk_返って_かえって,返って,かえって,返:◆帰る、行った先から出発したところに戻る、同「𢓉」◆元に戻る、元に戻す◆[日]反対向きにする、反対向きになる,N3,kun,kun,IL1_okurigana(kun 96%) | IL2_single_okuri(kun 96%),返:◆帰る、行った先から出発したところに戻る、同「𢓉」◆元に戻る、元に戻す◆[日]反対向きにする、反対向きになる
kk_返信_へんしん,返信,へんしん,返:◆帰る、行った先から出発したところに戻る、同「𢓉」◆元に戻る、元に戻す◆[日]反対向きにする、反対向きになる; 信:◆誠実なさま、嘘偽りがないさま、言ったことを違(たが)えないさま◆確かであるとして疑わない、一点の疑いもない、「信用する」の意◆確かな、間違いない、確かに、本当,N3,on,on+on,,返:◆帰る、行った先から出発したところに戻る、同「𢓉」◆元に戻る、元に戻す◆[日]反対向きにする、反対向きになる; 信:◆誠実なさま、嘘偽りがないさま、言ったことを違(たが)えないさま◆確かであるとして疑わない、一点の疑いもない、「信用する」の意◆確かな、間違いない、確かに、本当
kk_述べる_のべる,述べる,のべる,述:◆既に道筋が付いているものや頼りになるものに沿って行く、先例などに従う、同「循」◆先人の事績を受け継ぎ伝える、そのために文章に書き表す、或いは言葉で言い表す◆考,N3,kun,kun,IL1_okurigana(kun 96%) | IL2_single_okuri(kun 96%),述:◆既に道筋が付いているものや頼りになるものに沿って行く、先例などに従う、同「循」◆先人の事績を受け継ぎ伝える、そのために文章に書き表す、或いは言葉で言い表す◆考
kk_追う_おう,追う,おう,追:◆先に行った者の跡を辿(たど)って行く、済んだ物事と同じ道を逆に辿る、現在(結果)に至るまでの道筋を過去(原因)に向かって遡(さかのぼ)って行く、「追跡(ツイセ,N3,kun,kun,IL1_okurigana(kun 96%) | IL2_single_okuri(kun 96%),追:◆先に行った者の跡を辿(たど)って行く、済んだ物事と同じ道を逆に辿る、現在(結果)に至るまでの道筋を過去(原因)に向かって遡(さかのぼ)って行く、「追跡(ツイセ
kk_追われる_おわれる,追われる,おわれる,追:◆先に行った者の跡を辿(たど)って行く、済んだ物事と同じ道を逆に辿る、現在(結果)に至るまでの道筋を過去(原因)に向かって遡(さかのぼ)って行く、「追跡(ツイセ,N3,kun,kun,IL1_okurigana(kun 96%) | IL2_single_okuri(kun 96%),追:◆先に行った者の跡を辿(たど)って行く、済んだ物事と同じ道を逆に辿る、現在(結果)に至るまでの道筋を過去(原因)に向かって遡(さかのぼ)って行く、「追跡(ツイセ
kk_退勤_たいきん,退勤,たいきん,退:◆後ろに向かう、後ろへ下がる、後ろ向きに進む、逆は「進」◆今いる場所から遠ざかる方に向かう、その場を立ち去る◆体を後へ引く、身を引く◆状態が悪くなる(衰える、弱; 勤:◆すべきことに(仕事に)力を注(そそ)ぐ、励(はげ)む、精(セイ)を出す、同「廑」,N3,on,on+on,B_verb_rad_力(kun 80%),退:◆後ろに向かう、後ろへ下がる、後ろ向きに進む、逆は「進」◆今いる場所から遠ざかる方に向かう、その場を立ち去る◆体を後へ引く、身を引く◆状態が悪くなる(衰える、弱; 勤:◆すべきことに(仕事に)力を注(そそ)ぐ、励(はげ)む、精(セイ)を出す、同「廑」
kk_退屈_たいくつ,退屈,たいくつ,退:◆後ろに向かう、後ろへ下がる、後ろ向きに進む、逆は「進」◆今いる場所から遠ざかる方に向かう、その場を立ち去る◆体を後へ引く、身を引く◆状態が悪くなる(衰える、弱; 屈:◆(身体を)曲げる、折り曲げる、「屈伸(クッシン、曲げ或いは伸ばす)」「屈伏(クップク、体を折って伏せる、ひれ伏す)」◆主張や信念などを曲げる、強く迫られて折れ,N3,on,on+on,,退:◆後ろに向かう、後ろへ下がる、後ろ向きに進む、逆は「進」◆今いる場所から遠ざかる方に向かう、その場を立ち去る◆体を後へ引く、身を引く◆状態が悪くなる(衰える、弱; 屈:◆(身体を)曲げる、折り曲げる、「屈伸(クッシン、曲げ或いは伸ばす)」「屈伏(クップク、体を折って伏せる、ひれ伏す)」◆主張や信念などを曲げる、強く迫られて折れ
kk_退職_たいしょく,退職,たいしょく,退:◆後ろに向かう、後ろへ下がる、後ろ向きに進む、逆は「進」◆今いる場所から遠ざかる方に向かう、その場を立ち去る◆体を後へ引く、身を引く◆状態が悪くなる(衰える、弱; 職:◆力を注ぐべき仕事や役割、またその責任を担(にな)う◆一定の業務や役目を司(つかさど)る◆担当する業務や役目、またそこでの地位,N3,on,on+on,,退:◆後ろに向かう、後ろへ下がる、後ろ向きに進む、逆は「進」◆今いる場所から遠ざかる方に向かう、その場を立ち去る◆体を後へ引く、身を引く◆状態が悪くなる(衰える、弱; 職:◆力を注ぐべき仕事や役割、またその責任を担(にな)う◆一定の業務や役目を司(つかさど)る◆担当する業務や役目、またそこでの地位
kk_送信_そうしん,送信,そうしん,送:◆行く人(別れる人、帰る人、旅立つ人、亡くなった人など)と途中まで同道する、出向いて行って迎えるのは「迎」◆ものを目的地へ運び届ける◆贈(おく)る、遣(つか)わ; 信:◆誠実なさま、嘘偽りがないさま、言ったことを違(たが)えないさま◆確かであるとして疑わない、一点の疑いもない、「信用する」の意◆確かな、間違いない、確かに、本当,N3,on,on+on,,送:◆行く人(別れる人、帰る人、旅立つ人、亡くなった人など)と途中まで同道する、出向いて行って迎えるのは「迎」◆ものを目的地へ運び届ける◆贈(おく)る、遣(つか)わ; 信:◆誠実なさま、嘘偽りがないさま、言ったことを違(たが)えないさま◆確かであるとして疑わない、一点の疑いもない、「信用する」の意◆確かな、間違いない、確かに、本当
kk_送別会_そうべつかい,送別会,そうべつかい,送:◆行く人(別れる人、帰る人、旅立つ人、亡くなった人など)と途中まで同道する、出向いて行って迎えるのは「迎」◆ものを目的地へ運び届ける◆贈(おく)る、遣(つか)わ; 別:◆切って分(わ)ける、分離する、分けて離す、分けたものが繋(つな)がっていない状態にする◆分かれる、分かれ離れる◆他と繋がりがない、他とは違う、異なる◆他(ほか; 会:◆人が集まる、同じ時間や場所に(同じ目的で)集まる、「会合(カイゴウ)」◆多くの人が(出向いて)集まる、また集まったところ、「集会(シュウカイ)」「都会(トカイ,N3,on,on+on+on,A4_multi_on(on+on+on 65%) | B_verb_rad_刀(kun 80%),送:◆行く人(別れる人、帰る人、旅立つ人、亡くなった人など)と途中まで同道する、出向いて行って迎えるのは「迎」◆ものを目的地へ運び届ける◆贈(おく)る、遣(つか)わ; 別:◆切って分(わ)ける、分離する、分けて離す、分けたものが繋(つな)がっていない状態にする◆分かれる、分かれ離れる◆他と繋がりがない、他とは違う、異なる◆他(ほか; 会:◆人が集まる、同じ時間や場所に(同じ目的で)集まる、「会合(カイゴウ)」◆多くの人が(出向いて)集まる、また集まったところ、「集会(シュウカイ)」「都会(トカイ
kk_送料_そうりょう,送料,そうりょう,送:◆行く人(別れる人、帰る人、旅立つ人、亡くなった人など)と途中まで同道する、出向いて行って迎えるのは「迎」◆ものを目的地へ運び届ける◆贈(おく)る、遣(つか)わ; 料:◆升(ます、枡)で米などの物の嵩(かさ)を量(はか)る◆人や物の資質(シシツ)を量る、推(お)し量る、見当を付ける◆ものを作る際に量を決めて使うもの、それを使っ,N3,on,on+on,,送:◆行く人(別れる人、帰る人、旅立つ人、亡くなった人など)と途中まで同道する、出向いて行って迎えるのは「迎」◆ものを目的地へ運び届ける◆贈(おく)る、遣(つか)わ; 料:◆升(ます、枡)で米などの物の嵩(かさ)を量(はか)る◆人や物の資質(シシツ)を量る、推(お)し量る、見当を付ける◆ものを作る際に量を決めて使うもの、それを使っ
kk_逆_ぎゃく,逆,ぎゃく,"逆:◆""→""向きに進むべきものが""←""向きに進む、進むべき道(道理や道徳など)に反する、本来の(一般的な)方向や順序と反対向きである、「逆行(ギャッコウ)」「逆流(",N3,on,on,IL2_single_default(kun 84%),"逆:◆""→""向きに進むべきものが""←""向きに進む、進むべき道(道理や道徳など)に反する、本来の(一般的な)方向や順序と反対向きである、「逆行(ギャッコウ)」「逆流("
kk_逆に_ぎゃくに,逆に,ぎゃくに,"逆:◆""→""向きに進むべきものが""←""向きに進む、進むべき道(道理や道徳など)に反する、本来の(一般的な)方向や順序と反対向きである、「逆行(ギャッコウ)」「逆流(",N3,on,on,IL1_okurigana(kun 96%) | IL2_single_okuri(kun 96%),"逆:◆""→""向きに進むべきものが""←""向きに進む、進むべき道(道理や道徳など)に反する、本来の(一般的な)方向や順序と反対向きである、「逆行(ギャッコウ)」「逆流("
kk_透明_とうめい,透明,とうめい,透:◆物を通して、また隙間を通して向こう側が見える◆(向こう側へ)通り抜ける、突き抜ける◆跳(と)ぶ、跳び上がる; 明:◆(太陽や月の)光が差す、光が当たる、光を当てる◆光が当たってはっきりと見える(分かる)、誰の目にもはっきりとしている、はっきりとさせる◆隠されたところ(陰にな,N3,on,on+on,,透:◆物を通して、また隙間を通して向こう側が見える◆(向こう側へ)通り抜ける、突き抜ける◆跳(と)ぶ、跳び上がる; 明:◆(太陽や月の)光が差す、光が当たる、光を当てる◆光が当たってはっきりと見える(分かる)、誰の目にもはっきりとしている、はっきりとさせる◆隠されたところ(陰にな
kk_通す_とおす,通す,とおす,通:◆途中に障害となるようなものがなく反対側・向こう側・相手方・目的地まで達する、また達している◆支障なく行き来ができる、また行き来する、また行き来ができるようにす,N3,kun,kun,IL1_okurigana(kun 96%) | IL2_single_okuri(kun 96%),通:◆途中に障害となるようなものがなく反対側・向こう側・相手方・目的地まで達する、また達している◆支障なく行き来ができる、また行き来する、また行き来ができるようにす
kk_通りかかる_とおりかかる,通りかかる,とおりかかる,通:◆途中に障害となるようなものがなく反対側・向こう側・相手方・目的地まで達する、また達している◆支障なく行き来ができる、また行き来する、また行き来ができるようにす,N3,kun,kun,IL1_okurigana(kun 96%) | IL2_single_okuri(kun 96%),通:◆途中に障害となるようなものがなく反対側・向こう側・相手方・目的地まで達する、また達している◆支障なく行き来ができる、また行き来する、また行き来ができるようにす
kk_通り抜ける_とおりぬける,通り抜ける,とおりぬける,通:◆途中に障害となるようなものがなく反対側・向こう側・相手方・目的地まで達する、また達している◆支障なく行き来ができる、また行き来する、また行き来ができるようにす; 抜:◆多くの中で一部だけが見えているところを掴んで引っ張り出す◆多くの中から必要なもの或いは不必要なものを選んで取り出す◆多くの中でそこだけ(それだけ)が突き出てい,N3,kun,kun+kun~,IL1_okurigana(kun 96%) | A1_compound_oku(kun 90%) | A1_on_kun_mix(on+kun 65%),通:◆途中に障害となるようなものがなく反対側・向こう側・相手方・目的地まで達する、また達している◆支障なく行き来ができる、また行き来する、また行き来ができるようにす; 抜:◆多くの中で一部だけが見えているところを掴んで引っ張り出す◆多くの中から必要なもの或いは不必要なものを選んで取り出す◆多くの中でそこだけ(それだけ)が突き出てい
kk_通り過ぎる_とおりすぎる,通り過ぎる,とおりすぎる,通:◆途中に障害となるようなものがなく反対側・向こう側・相手方・目的地まで達する、また達している◆支障なく行き来ができる、また行き来する、また行き来ができるようにす; 過:◆度(ド、度合、節度、法度、限度、程度など)を越える(超える)◆度を越えて(超えて)しまう、誤(あやま)る◆時(とき、時代、時期、季節、月日、時間など)を通り越,N3,kun,kun+kun~,IL1_okurigana(kun 96%) | A1_compound_oku(kun 90%) | A1_on_kun_mix(on+kun 65%),通:◆途中に障害となるようなものがなく反対側・向こう側・相手方・目的地まで達する、また達している◆支障なく行き来ができる、また行き来する、また行き来ができるようにす; 過:◆度(ド、度合、節度、法度、限度、程度など)を越える(超える)◆度を越えて(超えて)しまう、誤(あやま)る◆時(とき、時代、時期、季節、月日、時間など)を通り越
kk_通信_つうしん,通信,つうしん,通:◆途中に障害となるようなものがなく反対側・向こう側・相手方・目的地まで達する、また達している◆支障なく行き来ができる、また行き来する、また行き来ができるようにす; 信:◆誠実なさま、嘘偽りがないさま、言ったことを違(たが)えないさま◆確かであるとして疑わない、一点の疑いもない、「信用する」の意◆確かな、間違いない、確かに、本当,N3,on,on+on,,通:◆途中に障害となるようなものがなく反対側・向こう側・相手方・目的地まで達する、また達している◆支障なく行き来ができる、また行き来する、また行き来ができるようにす; 信:◆誠実なさま、嘘偽りがないさま、言ったことを違(たが)えないさま◆確かであるとして疑わない、一点の疑いもない、「信用する」の意◆確かな、間違いない、確かに、本当
kk_通信販売_つうしんはんばい,通信販売,つうしんはんばい,通:◆途中に障害となるようなものがなく反対側・向こう側・相手方・目的地まで達する、また達している◆支障なく行き来ができる、また行き来する、また行き来ができるようにす; 信:◆誠実なさま、嘘偽りがないさま、言ったことを違(たが)えないさま◆確かであるとして疑わない、一点の疑いもない、「信用する」の意◆確かな、間違いない、確かに、本当; 販:◆品物を安く買い高く売る、「【說文解字:貝部:販】買賤賣貴者」◆市場に行って品物を売る、商売する、「【周禮:地官司徒】…夕市夕時而市販夫販婦爲主(…販夫販婦朝資,N3,on,on+on+on+on,A4_multi_on(on+on+on+on 65%),通:◆途中に障害となるようなものがなく反対側・向こう側・相手方・目的地まで達する、また達している◆支障なく行き来ができる、また行き来する、また行き来ができるようにす; 信:◆誠実なさま、嘘偽りがないさま、言ったことを違(たが)えないさま◆確かであるとして疑わない、一点の疑いもない、「信用する」の意◆確かな、間違いない、確かに、本当; 販:◆品物を安く買い高く売る、「【說文解字:貝部:販】買賤賣貴者」◆市場に行って品物を売る、商売する、「【周禮:地官司徒】…夕市夕時而市販夫販婦爲主(…販夫販婦朝資
kk_通勤_つうきん,通勤,つうきん,通:◆途中に障害となるようなものがなく反対側・向こう側・相手方・目的地まで達する、また達している◆支障なく行き来ができる、また行き来する、また行き来ができるようにす; 勤:◆すべきことに(仕事に)力を注(そそ)ぐ、励(はげ)む、精(セイ)を出す、同「廑」,N3,on,on+on,B_verb_rad_力(kun 80%),通:◆途中に障害となるようなものがなく反対側・向こう側・相手方・目的地まで達する、また達している◆支障なく行き来ができる、また行き来する、また行き来ができるようにす; 勤:◆すべきことに(仕事に)力を注(そそ)ぐ、励(はげ)む、精(セイ)を出す、同「廑」
kk_通学_つうがく,通学,つうがく,通:◆途中に障害となるようなものがなく反対側・向こう側・相手方・目的地まで達する、また達している◆支障なく行き来ができる、また行き来する、また行き来ができるようにす; 学:◆(教えを受けながら、見て倣いながら)知識や技術などを身に付ける、習得する、またその内容、知識や技術などを授(さず)けることを「教」◆教えを受け知識や技術などを,N3,on,on+on,,通:◆途中に障害となるようなものがなく反対側・向こう側・相手方・目的地まで達する、また達している◆支障なく行き来ができる、また行き来する、また行き来ができるようにす; 学:◆(教えを受けながら、見て倣いながら)知識や技術などを身に付ける、習得する、またその内容、知識や技術などを授(さず)けることを「教」◆教えを受け知識や技術などを
kk_通帳_つうちょう,通帳,つうちょう,通:◆途中に障害となるようなものがなく反対側・向こう側・相手方・目的地まで達する、また達している◆支障なく行き来ができる、また行き来する、また行き来ができるようにす; 帳:◆帷(とばり)、目隠しや仕切りなどのために垂らす布、同「幔」「帷」「幬」◆幕を張る◆文字を書き付けるために紙を綴じたもの、ノートnote,N3,on,on+on,B_noun_rad_巾(kun 93%),通:◆途中に障害となるようなものがなく反対側・向こう側・相手方・目的地まで達する、また達している◆支障なく行き来ができる、また行き来する、また行き来ができるようにす; 帳:◆帷(とばり)、目隠しや仕切りなどのために垂らす布、同「幔」「帷」「幬」◆幕を張る◆文字を書き付けるために紙を綴じたもの、ノートnote
kk_通知_つうち,通知,つうち,通:◆途中に障害となるようなものがなく反対側・向こう側・相手方・目的地まで達する、また達している◆支障なく行き来ができる、また行き来する、また行き来ができるようにす; 知:◆(矢のように素早く、矢が的の中央に当たるように的確に)認識する、見定める、「察知(サッチ)」「知識(チシキ)」、「智」は「見知ったことを理解しその正邪を正しく,N3,on,on+on,A3_short_compound(on+on 71%),通:◆途中に障害となるようなものがなく反対側・向こう側・相手方・目的地まで達する、また達している◆支障なく行き来ができる、また行き来する、また行き来ができるようにす; 知:◆(矢のように素早く、矢が的の中央に当たるように的確に)認識する、見定める、「察知(サッチ)」「知識(チシキ)」、「智」は「見知ったことを理解しその正邪を正しく
kk_通行人_つうこうにん,通行人,つうこうにん,通:◆途中に障害となるようなものがなく反対側・向こう側・相手方・目的地まで達する、また達している◆支障なく行き来ができる、また行き来する、また行き来ができるようにす; 行:◆左足を前に出し(彳)次に右足を前に出す(亍)、足を交互に動かして前に進む◆目的とするところに向かって進む◆遠くに出掛ける、旅に出る◆道、人が往来する道路、同「; 人:◆霊長目ヒト科ヒト属の生物、ホモ・サピエンスHomo sapiens(「知恵の人」の意)、同「儿」◆自分以外の者、「人我(ジンガ、他人と自分)」◆人の数(かず),N3,on,on+on+on,A4_multi_on(on+on+on 65%),通:◆途中に障害となるようなものがなく反対側・向こう側・相手方・目的地まで達する、また達している◆支障なく行き来ができる、また行き来する、また行き来ができるようにす; 行:◆左足を前に出し(彳)次に右足を前に出す(亍)、足を交互に動かして前に進む◆目的とするところに向かって進む◆遠くに出掛ける、旅に出る◆道、人が往来する道路、同「; 人:◆霊長目ヒト科ヒト属の生物、ホモ・サピエンスHomo sapiens(「知恵の人」の意)、同「儿」◆自分以外の者、「人我(ジンガ、他人と自分)」◆人の数(かず)
kk_通訳_つうやく,通訳,つうやく,通:◆途中に障害となるようなものがなく反対側・向こう側・相手方・目的地まで達する、また達している◆支障なく行き来ができる、また行き来する、また行き来ができるようにす; 訳:◆言葉・文章や文字を、意味が通じるように(理解できるように、分かりやすいように)他の(別の)言葉・文章や文字に置き換える(言い換える)、またそれができる人(通訳,N3,on,on+on,B_verb_rad_言(kun 80%),通:◆途中に障害となるようなものがなく反対側・向こう側・相手方・目的地まで達する、また達している◆支障なく行き来ができる、また行き来する、また行き来ができるようにす; 訳:◆言葉・文章や文字を、意味が通じるように(理解できるように、分かりやすいように)他の(別の)言葉・文章や文字に置き換える(言い換える)、またそれができる人(通訳
kk_通過_つうか,通過,つうか,通:◆途中に障害となるようなものがなく反対側・向こう側・相手方・目的地まで達する、また達している◆支障なく行き来ができる、また行き来する、また行き来ができるようにす; 過:◆度(ド、度合、節度、法度、限度、程度など)を越える(超える)◆度を越えて(超えて)しまう、誤(あやま)る◆時(とき、時代、時期、季節、月日、時間など)を通り越,N3,on,on+on,A3_short_compound(on+on 71%),通:◆途中に障害となるようなものがなく反対側・向こう側・相手方・目的地まで達する、また達している◆支障なく行き来ができる、また行き来する、また行き来ができるようにす; 過:◆度(ド、度合、節度、法度、限度、程度など)を越える(超える)◆度を越えて(超えて)しまう、誤(あやま)る◆時(とき、時代、時期、季節、月日、時間など)を通り越
kk_速める_はやめる,速める,はやめる,速:◆あっという間に、瞬(またた)く間に、間を置かずに、さっと◆疾(はや)い、あっという間に位置が変わる、また通り過ぎて行く、同「遬」◆間を置かずに動作・反応・対応,N3,kun,kun,IL1_okurigana(kun 96%) | IL2_single_okuri(kun 96%),速:◆あっという間に、瞬(またた)く間に、間を置かずに、さっと◆疾(はや)い、あっという間に位置が変わる、また通り過ぎて行く、同「遬」◆間を置かずに動作・反応・対応
kk_速度_そくど,速度,そくど,速:◆あっという間に、瞬(またた)く間に、間を置かずに、さっと◆疾(はや)い、あっという間に位置が変わる、また通り過ぎて行く、同「遬」◆間を置かずに動作・反応・対応; 度:◆長さを測(はか)る際に基準となる物差し(ものさし)、またその目盛(めもり)、「度量(ドリョウ、長さと容量、人の言動をどの程度容認できるかの大きさ)」「法度(ハ,N3,on,on+on,A3_short_compound(on+on 71%) | B_noun_rad_广(kun 93%),速:◆あっという間に、瞬(またた)く間に、間を置かずに、さっと◆疾(はや)い、あっという間に位置が変わる、また通り過ぎて行く、同「遬」◆間を置かずに動作・反応・対応; 度:◆長さを測(はか)る際に基準となる物差し(ものさし)、またその目盛(めもり)、「度量(ドリョウ、長さと容量、人の言動をどの程度容認できるかの大きさ)」「法度(ハ
kk_速達_そくたつ,速達,そくたつ,速:◆あっという間に、瞬(またた)く間に、間を置かずに、さっと◆疾(はや)い、あっという間に位置が変わる、また通り過ぎて行く、同「遬」◆間を置かずに動作・反応・対応; 達:◆道が滞(とどこお)ることなく通じる◆目的とするところまで行き着く、また届く◆目標としたことを成し遂げる◆物事の奥深くまで通じる、また理解する◆[日]だち、たち,N3,on,on+on,,速:◆あっという間に、瞬(またた)く間に、間を置かずに、さっと◆疾(はや)い、あっという間に位置が変わる、また通り過ぎて行く、同「遬」◆間を置かずに動作・反応・対応; 達:◆道が滞(とどこお)ることなく通じる◆目的とするところまで行き着く、また届く◆目標としたことを成し遂げる◆物事の奥深くまで通じる、また理解する◆[日]だち、たち
kk_連日_れんじつ,連日,れんじつ,連:◆途切れずに続く、次々に間を置かずに続く、また繋(つな)がる◆結び付く、関わり合いを持つ◆一緒に行動する◆続々と、次々に、間を置かずに; 日:◆太陽◆太陽が出ている間、昼間、夜明けから日没まで◆一昼夜、朝から次の朝まで、またその繰り返し、またその繰り返しを数える語◆候(コウ)、時節、頃(ケイ、ころ)◆,N3,on,on+on,,連:◆途切れずに続く、次々に間を置かずに続く、また繋(つな)がる◆結び付く、関わり合いを持つ◆一緒に行動する◆続々と、次々に、間を置かずに; 日:◆太陽◆太陽が出ている間、昼間、夜明けから日没まで◆一昼夜、朝から次の朝まで、またその繰り返し、またその繰り返しを数える語◆候(コウ)、時節、頃(ケイ、ころ)◆
kk_週刊誌_しゅうかんし,週刊誌,しゅうかんし,週:◆ぐるりと廻(まわ)る◆一定の周期で廻(めぐ)って来る、またその期間; 刊:◆(木などを)切る、削(そ)ぐ◆削(けず)る、削り取る◆(版木や石に文字などを)刻(きざ)み込む、彫(ほ)る、「刊正(カンセイ、誤った部分を削り取って彫り直すこ; 誌:◆記(しる)す、書き留(と)める、またその記録、同簡「志」,N3,on,on+on+on,A4_multi_on(on+on+on 65%) | B_verb_rad_刀(kun 80%) | B_verb_rad_言(kun 80%),週:◆ぐるりと廻(まわ)る◆一定の周期で廻(めぐ)って来る、またその期間; 刊:◆(木などを)切る、削(そ)ぐ◆削(けず)る、削り取る◆(版木や石に文字などを)刻(きざ)み込む、彫(ほ)る、「刊正(カンセイ、誤った部分を削り取って彫り直すこ; 誌:◆記(しる)す、書き留(と)める、またその記録、同簡「志」
kk_週間_しゅうかん,週間,しゅうかん,週:◆ぐるりと廻(まわ)る◆一定の周期で廻(めぐ)って来る、またその期間; 間:◆両側からぴったりと閉じられずに開いているところ、(空間・時間・物事・関係などが)連続せずに途切れているところ、開いたり途切れたりして何もないところ、隙(すき),N3,on,on+on,,週:◆ぐるりと廻(まわ)る◆一定の周期で廻(めぐ)って来る、またその期間; 間:◆両側からぴったりと閉じられずに開いているところ、(空間・時間・物事・関係などが)連続せずに途切れているところ、開いたり途切れたりして何もないところ、隙(すき)
kk_進める_すすめる,進める,すすめる,進:◆前に向かって動く(行く)、前に出る、登る、上に向かって動く(行く)、昇って行く、状態が良い方向に向かう、逆は「退」◆位や程度が上がる◆人にものを差し出す、また,N3,kun,kun,IL1_okurigana(kun 96%) | IL2_single_okuri(kun 96%),進:◆前に向かって動く(行く)、前に出る、登る、上に向かって動く(行く)、昇って行く、状態が良い方向に向かう、逆は「退」◆位や程度が上がる◆人にものを差し出す、また
kk_進んで_すすんで,進んで,すすんで,進:◆前に向かって動く(行く)、前に出る、登る、上に向かって動く(行く)、昇って行く、状態が良い方向に向かう、逆は「退」◆位や程度が上がる◆人にものを差し出す、また,N3,kun,kun,IL1_okurigana(kun 96%) | IL2_single_okuri(kun 96%),進:◆前に向かって動く(行く)、前に出る、登る、上に向かって動く(行く)、昇って行く、状態が良い方向に向かう、逆は「退」◆位や程度が上がる◆人にものを差し出す、また
kk_進学_しんがく,進学,しんがく,進:◆前に向かって動く(行く)、前に出る、登る、上に向かって動く(行く)、昇って行く、状態が良い方向に向かう、逆は「退」◆位や程度が上がる◆人にものを差し出す、また; 学:◆(教えを受けながら、見て倣いながら)知識や技術などを身に付ける、習得する、またその内容、知識や技術などを授(さず)けることを「教」◆教えを受け知識や技術などを,N3,on,on+on,,進:◆前に向かって動く(行く)、前に出る、登る、上に向かって動く(行く)、昇って行く、状態が良い方向に向かう、逆は「退」◆位や程度が上がる◆人にものを差し出す、また; 学:◆(教えを受けながら、見て倣いながら)知識や技術などを身に付ける、習得する、またその内容、知識や技術などを授(さず)けることを「教」◆教えを受け知識や技術などを
kk_進度_しんど,進度,しんど,進:◆前に向かって動く(行く)、前に出る、登る、上に向かって動く(行く)、昇って行く、状態が良い方向に向かう、逆は「退」◆位や程度が上がる◆人にものを差し出す、また; 度:◆長さを測(はか)る際に基準となる物差し(ものさし)、またその目盛(めもり)、「度量(ドリョウ、長さと容量、人の言動をどの程度容認できるかの大きさ)」「法度(ハ,N3,on,on+on,A3_short_compound(on+on 71%) | B_noun_rad_广(kun 93%),進:◆前に向かって動く(行く)、前に出る、登る、上に向かって動く(行く)、昇って行く、状態が良い方向に向かう、逆は「退」◆位や程度が上がる◆人にものを差し出す、また; 度:◆長さを測(はか)る際に基準となる物差し(ものさし)、またその目盛(めもり)、「度量(ドリョウ、長さと容量、人の言動をどの程度容認できるかの大きさ)」「法度(ハ
kk_進歩_しんぽ,進歩,しんぽ,進:◆前に向かって動く(行く)、前に出る、登る、上に向かって動く(行く)、昇って行く、状態が良い方向に向かう、逆は「退」◆位や程度が上がる◆人にものを差し出す、また; 歩:◆片足を地に着け止め、残る片足を前に運んで止める、という動作を左右の足で交互に繰り返す、この動作を速く繰り返すことを「走」◆物事が前に進む、またその進み具合◆左,N3,other,mixed+mixed~,A3_short_compound(on+on 71%),進:◆前に向かって動く(行く)、前に出る、登る、上に向かって動く(行く)、昇って行く、状態が良い方向に向かう、逆は「退」◆位や程度が上がる◆人にものを差し出す、また; 歩:◆片足を地に着け止め、残る片足を前に運んで止める、という動作を左右の足で交互に繰り返す、この動作を速く繰り返すことを「走」◆物事が前に進む、またその進み具合◆左
kk_逸れる_それる,逸れる,それる,逸:◆逃(のが)れる、(指や網の隙間から、するりと)抜ける◆(収まっているべきところから、うっかり)外に出る、外(はず)れる◆枠を一段と超えている、抜きん出ている◆,N3,kun,kun,IL1_okurigana(kun 96%) | IL2_single_okuri(kun 96%),逸:◆逃(のが)れる、(指や網の隙間から、するりと)抜ける◆(収まっているべきところから、うっかり)外に出る、外(はず)れる◆枠を一段と超えている、抜きん出ている◆
kk_遅刻_ちこく,遅刻,ちこく,遅:◆ゆっくりしたさま、次の動作までに時間が掛るさま◆ゆっくりと進む、鈍(のろ)い◆決まっている時間・期間の終わりの頃になる、またその頃を過ぎる◆決まっている時(瞬; 刻:◆(刀で)切り込みを入れる、彫(ほ)り込む◆印(しるし)をつける、目印を彫る◆(水時計や日時計の)目盛り、時間の区切り目[†古く一刻は一日の百分の一、後に一時間,N3,on,on+on,A3_short_compound(on+on 71%) | B_verb_rad_刀(kun 80%),遅:◆ゆっくりしたさま、次の動作までに時間が掛るさま◆ゆっくりと進む、鈍(のろ)い◆決まっている時間・期間の終わりの頃になる、またその頃を過ぎる◆決まっている時(瞬; 刻:◆(刀で)切り込みを入れる、彫(ほ)り込む◆印(しるし)をつける、目印を彫る◆(水時計や日時計の)目盛り、時間の区切り目[†古く一刻は一日の百分の一、後に一時間
kk_運行_うんこう,運行,うんこう,運:◆場所や位置を移し変える、移動する、移転する、「運行(ウンコウ)」◆止(とど)まることなく位置や状況などが移り変わる、止(と)まらないように次へ次へと場所や位置; 行:◆左足を前に出し(彳)次に右足を前に出す(亍)、足を交互に動かして前に進む◆目的とするところに向かって進む◆遠くに出掛ける、旅に出る◆道、人が往来する道路、同「,N3,on,on+on,,運:◆場所や位置を移し変える、移動する、移転する、「運行(ウンコウ)」◆止(とど)まることなく位置や状況などが移り変わる、止(と)まらないように次へ次へと場所や位置; 行:◆左足を前に出し(彳)次に右足を前に出す(亍)、足を交互に動かして前に進む◆目的とするところに向かって進む◆遠くに出掛ける、旅に出る◆道、人が往来する道路、同「
kk_過ごす_すごす,過ごす,すごす,過:◆度(ド、度合、節度、法度、限度、程度など)を越える(超える)◆度を越えて(超えて)しまう、誤(あやま)る◆時(とき、時代、時期、季節、月日、時間など)を通り越,N3,kun,kun,IL1_okurigana(kun 96%) | IL2_single_okuri(kun 96%),過:◆度(ド、度合、節度、法度、限度、程度など)を越える(超える)◆度を越えて(超えて)しまう、誤(あやま)る◆時(とき、時代、時期、季節、月日、時間など)を通り越
kk_過去_かこ,過去,かこ,過:◆度(ド、度合、節度、法度、限度、程度など)を越える(超える)◆度を越えて(超えて)しまう、誤(あやま)る◆時(とき、時代、時期、季節、月日、時間など)を通り越; 去:◆今いるところから離れる、また離れて別のところへ行く◆時(時間・月日・時代など)が過ぎる、過ぎてしまった時、「過去(カコ)」◆今あるものを別のところに移す、また,N3,on,on+on,A3_short_compound(on+on 71%),過:◆度(ド、度合、節度、法度、限度、程度など)を越える(超える)◆度を越えて(超えて)しまう、誤(あやま)る◆時(とき、時代、時期、季節、月日、時間など)を通り越; 去:◆今いるところから離れる、また離れて別のところへ行く◆時(時間・月日・時代など)が過ぎる、過ぎてしまった時、「過去(カコ)」◆今あるものを別のところに移す、また
kk_道路_どうろ,道路,どうろ,道:◆出発地から目的地へ通じている路(みち)、人や動物などが往来する通り路、「道路(ドウロ)」、同「路」◆目的を達するための経路、手順や方法◆導(みちび)く、手引き; 路:◆通り道、都市内・集落内・城内・邸内などの連絡用の道◆道、人などが往来する道、「道路(ドウロ)」、同「道」◆行き方、方法◆天子や諸侯が乗る車、同「輅」◆宋(96,N3,on,on+on,A3_short_compound(on+on 71%) | B_verb_rad_足(kun 80%),道:◆出発地から目的地へ通じている路(みち)、人や動物などが往来する通り路、「道路(ドウロ)」、同「路」◆目的を達するための経路、手順や方法◆導(みちび)く、手引き; 路:◆通り道、都市内・集落内・城内・邸内などの連絡用の道◆道、人などが往来する道、「道路(ドウロ)」、同「道」◆行き方、方法◆天子や諸侯が乗る車、同「輅」◆宋(96
kk_違反_いはん,違反,いはん,違:◆背(せ)を向ける、背を向け去る、背(そむ)く◆あるべき形や様子と異なる、また反している、また合っていない◆守るべきものを守らない、従(したが)わない; 反:◆覆(くつがえ)る、表裏が逆になる、ひっくり返る◆逆(ギャク)、逆である、「反対(ハンタイ)」、「【韓非子:卷十八:六反】害者利之反也…亂者治之反也」◆背(そむ,N3,on,on+on,A3_short_compound(on+on 71%),違:◆背(せ)を向ける、背を向け去る、背(そむ)く◆あるべき形や様子と異なる、また反している、また合っていない◆守るべきものを守らない、従(したが)わない; 反:◆覆(くつがえ)る、表裏が逆になる、ひっくり返る◆逆(ギャク)、逆である、「反対(ハンタイ)」、「【韓非子:卷十八:六反】害者利之反也…亂者治之反也」◆背(そむ
kk_遣り取り_やりとり,遣り取り,やりとり,遣:◆人を行かせる、差し向ける、「派遣(ハケン)」◆追いやる、追い払う◆人や物を送る◆死者を葬(ほうむ)る際に共に埋葬する副葬品、「遣車(ケンシャ、副葬品を載せる車; 取:◆捕(つか)まえる、捕(と)らえる、縄(なわ)を掛ける◆手に入れる、手の中に収(おさ)める、手で受ける◆(多くの中から一部を、或いは一つを)選ぶ、選択する◆娶(,N3,kun,kun+kun~,IL1_okurigana(kun 96%) | A1_compound_oku(kun 90%) | A1_on_kun_mix(on+kun 65%),遣:◆人を行かせる、差し向ける、「派遣(ハケン)」◆追いやる、追い払う◆人や物を送る◆死者を葬(ほうむ)る際に共に埋葬する副葬品、「遣車(ケンシャ、副葬品を載せる車; 取:◆捕(つか)まえる、捕(と)らえる、縄(なわ)を掛ける◆手に入れる、手の中に収(おさ)める、手で受ける◆(多くの中から一部を、或いは一つを)選ぶ、選択する◆娶(
kk_遣り直す_やりなおす,遣り直す,やりなおす,遣:◆人を行かせる、差し向ける、「派遣(ハケン)」◆追いやる、追い払う◆人や物を送る◆死者を葬(ほうむ)る際に共に埋葬する副葬品、「遣車(ケンシャ、副葬品を載せる車; 直:◆ものをまっすぐによく見る◆まっすぐなさま、曲がったり折れたり歪(ゆが)んだりしない(していない)さま、「正直(ショウジキ、まっすぐなこと、嘘や偽りがないこと),N3,kun,kun+kun~,IL1_okurigana(kun 96%) | A1_compound_oku(kun 90%) | A1_on_kun_mix(on+kun 65%),遣:◆人を行かせる、差し向ける、「派遣(ハケン)」◆追いやる、追い払う◆人や物を送る◆死者を葬(ほうむ)る際に共に埋葬する副葬品、「遣車(ケンシャ、副葬品を載せる車; 直:◆ものをまっすぐによく見る◆まっすぐなさま、曲がったり折れたり歪(ゆが)んだりしない(していない)さま、「正直(ショウジキ、まっすぐなこと、嘘や偽りがないこと)
kk_遣る気_やるき,遣る気,やるき,遣:◆人を行かせる、差し向ける、「派遣(ハケン)」◆追いやる、追い払う◆人や物を送る◆死者を葬(ほうむ)る際に共に埋葬する副葬品、「遣車(ケンシャ、副葬品を載せる車; 気:◆中国古来の考えで、天地全ての事物の基本要素、目に見えず形状は一定しない、あらゆる事物の生死・盛衰などの変化・変動はこの「気」の移動・集散によるものと考えられた,N3,mixed,kun+on~,IL1_okurigana(kun 96%) | A1_compound_oku(kun 90%) | A1_on_kun_mix(on+kun 65%),遣:◆人を行かせる、差し向ける、「派遣(ハケン)」◆追いやる、追い払う◆人や物を送る◆死者を葬(ほうむ)る際に共に埋葬する副葬品、「遣車(ケンシャ、副葬品を載せる車; 気:◆中国古来の考えで、天地全ての事物の基本要素、目に見えず形状は一定しない、あらゆる事物の生死・盛衰などの変化・変動はこの「気」の移動・集散によるものと考えられた
kk_適度_てきど,適度,てきど,適:◆(目的とする方に向かって)往く、(目的とする方に)向かう◆向かう方向が目的に合っている、意に沿(そ)っている、相応(ふさわ)しい◆(ちょうど合っていて、自分の; 度:◆長さを測(はか)る際に基準となる物差し(ものさし)、またその目盛(めもり)、「度量(ドリョウ、長さと容量、人の言動をどの程度容認できるかの大きさ)」「法度(ハ,N3,on,on+on,A3_short_compound(on+on 71%) | B_noun_rad_广(kun 93%),適:◆(目的とする方に向かって)往く、(目的とする方に)向かう◆向かう方向が目的に合っている、意に沿(そ)っている、相応(ふさわ)しい◆(ちょうど合っていて、自分の; 度:◆長さを測(はか)る際に基準となる物差し(ものさし)、またその目盛(めもり)、「度量(ドリョウ、長さと容量、人の言動をどの程度容認できるかの大きさ)」「法度(ハ
kk_選択_せんたく,選択,せんたく,選:◆多くのものを基準に従って仕分ける、また仕分けて目的のものを抜き出す、「選択(センタク)」「選抜(センバツ)」、同「撰」◆仕分け抜き出したものを纏(まと)めたも; 択:◆仕分けて選び出す、幾つかの中から選び出す、同「睪」「𢍰」◆選(よ)り分ける,N3,on,on+on,B_verb_rad_手(kun 80%),選:◆多くのものを基準に従って仕分ける、また仕分けて目的のものを抜き出す、「選択(センタク)」「選抜(センバツ)」、同「撰」◆仕分け抜き出したものを纏(まと)めたも; 択:◆仕分けて選び出す、幾つかの中から選び出す、同「睪」「𢍰」◆選(よ)り分ける
kk_選挙_せんきょ,選挙,せんきょ,選:◆多くのものを基準に従って仕分ける、また仕分けて目的のものを抜き出す、「選択(センタク)」「選抜(センバツ)」、同「撰」◆仕分け抜き出したものを纏(まと)めたも; 挙:◆(ものを手で頭よりも上に)持ち上げる、手を高く上げる、「挙手(キョシュ)」◆(問題点などを)取り上げる◆(人などを)取り立てる、「推挙(スイキョ)」◆事を起こ,N3,on,on+on,A3_short_compound(on+on 71%) | B_verb_rad_手(kun 80%),選:◆多くのものを基準に従って仕分ける、また仕分けて目的のものを抜き出す、「選択(センタク)」「選抜(センバツ)」、同「撰」◆仕分け抜き出したものを纏(まと)めたも; 挙:◆(ものを手で頭よりも上に)持ち上げる、手を高く上げる、「挙手(キョシュ)」◆(問題点などを)取り上げる◆(人などを)取り立てる、「推挙(スイキョ)」◆事を起こ
kk_避ける_さける,避ける,さける,避:◆障害となるものに当たらないような位置・場所に移動する、当たらないように身を躱(かわ)す、身を逸(そ)らす、同「辟」、「迴避、回避(カイヒ)」◆中心から去る、退,N3,kun,kun,IL1_okurigana(kun 96%) | IL2_single_okuri(kun 96%),避:◆障害となるものに当たらないような位置・場所に移動する、当たらないように身を躱(かわ)す、身を逸(そ)らす、同「辟」、「迴避、回避(カイヒ)」◆中心から去る、退
kk_部下_ぶか,部下,ぶか,部:◆区分けしたものの一つ、「部分」「内部」◆集団を分類し同じものを一纏(ひとまと)めにしたもの、全体を構成する小さな集合体や組織、「部署」「部隊」◆書物を数える単; 下:◆位置・場所・地位などが低い、低い方にある◆低い方に移る、降りる、落ちる◆順序・時間などが後(あと)、後の方にある◆後の方に移る、後(うし)ろの方へ退く◆等級・,N3,on,on+on,A3_short_compound(on+on 71%),部:◆区分けしたものの一つ、「部分」「内部」◆集団を分類し同じものを一纏(ひとまと)めにしたもの、全体を構成する小さな集合体や組織、「部署」「部隊」◆書物を数える単; 下:◆位置・場所・地位などが低い、低い方にある◆低い方に移る、降りる、落ちる◆順序・時間などが後(あと)、後の方にある◆後の方に移る、後(うし)ろの方へ退く◆等級・
kk_部分_ぶぶん,部分,ぶぶん,部:◆区分けしたものの一つ、「部分」「内部」◆集団を分類し同じものを一纏(ひとまと)めにしたもの、全体を構成する小さな集合体や組織、「部署」「部隊」◆書物を数える単; 分:◆一つに纏(まと)まっているものを幾つかに切り離す、また幾つかに仕切る(区切る)、「分割(ブンカツ)」、切り離したものを仕分けることを「別」◆一つの纏まりから一,N3,on,on+on,A3_short_compound(on+on 71%) | B_verb_rad_刀(kun 80%),部:◆区分けしたものの一つ、「部分」「内部」◆集団を分類し同じものを一纏(ひとまと)めにしたもの、全体を構成する小さな集合体や組織、「部署」「部隊」◆書物を数える単; 分:◆一つに纏(まと)まっているものを幾つかに切り離す、また幾つかに仕切る(区切る)、「分割(ブンカツ)」、切り離したものを仕分けることを「別」◆一つの纏まりから一
kk_部品_ぶひん,部品,ぶひん,部:◆区分けしたものの一つ、「部分」「内部」◆集団を分類し同じものを一纏(ひとまと)めにしたもの、全体を構成する小さな集合体や組織、「部署」「部隊」◆書物を数える単; 品:◆物(もの)、多くの物、様々な物◆もの(人や物)の本質・価値・程度を判断する◆ものの値打ち、また価値、また程度・等級,N3,on,on+on,A3_short_compound(on+on 71%),部:◆区分けしたものの一つ、「部分」「内部」◆集団を分類し同じものを一纏(ひとまと)めにしたもの、全体を構成する小さな集合体や組織、「部署」「部隊」◆書物を数える単; 品:◆物(もの)、多くの物、様々な物◆もの(人や物)の本質・価値・程度を判断する◆ものの値打ち、また価値、また程度・等級
kk_部活_ぶかつ,部活,ぶかつ,部:◆区分けしたものの一つ、「部分」「内部」◆集団を分類し同じものを一纏(ひとまと)めにしたもの、全体を構成する小さな集合体や組織、「部署」「部隊」◆書物を数える単; 活:◆水が(生きているかのように)勢いよく流れるさま、またその音、「活活(カツカツ)」、同「𣿛」「𣸅」◆(水しぶきが飛び散るように)生き生きとしたさま、動きが生き生,N3,on,on+on,A3_short_compound(on+on 71%),部:◆区分けしたものの一つ、「部分」「内部」◆集団を分類し同じものを一纏(ひとまと)めにしたもの、全体を構成する小さな集合体や組織、「部署」「部隊」◆書物を数える単; 活:◆水が(生きているかのように)勢いよく流れるさま、またその音、「活活(カツカツ)」、同「𣿛」「𣸅」◆(水しぶきが飛び散るように)生き生きとしたさま、動きが生き生
kk_郵便_ゆうびん,郵便,ゆうびん,郵:◆手紙や荷物などを中継しながら運ぶ、またそのための中継所◆過ち◆役人が農作業を監視するために建てた小屋◆簡「邮」; 便:◆安らかなさま、差し障る(さしさわる)ようなことがないさま◆都合が良いさま、ちょうど良いさま、(物事をするのに)適(テキ)しているさま、「便宜(ベンギ)」「便利,N3,on,on+on,,郵:◆手紙や荷物などを中継しながら運ぶ、またそのための中継所◆過ち◆役人が農作業を監視するために建てた小屋◆簡「邮」; 便:◆安らかなさま、差し障る(さしさわる)ようなことがないさま◆都合が良いさま、ちょうど良いさま、(物事をするのに)適(テキ)しているさま、「便宜(ベンギ)」「便利
kk_郵便物_ゆうびんぶつ,郵便物,ゆうびんぶつ,郵:◆手紙や荷物などを中継しながら運ぶ、またそのための中継所◆過ち◆役人が農作業を監視するために建てた小屋◆簡「邮」; 便:◆安らかなさま、差し障る(さしさわる)ようなことがないさま◆都合が良いさま、ちょうど良いさま、(物事をするのに)適(テキ)しているさま、「便宜(ベンギ)」「便利; 物:◆(天地の間に存在する)人以外の形のあるもの、人は「者」、形のないものは「事」,N3,on,on+on+on,A4_multi_on(on+on+on 65%) | B_noun_rad_牛(kun 93%),郵:◆手紙や荷物などを中継しながら運ぶ、またそのための中継所◆過ち◆役人が農作業を監視するために建てた小屋◆簡「邮」; 便:◆安らかなさま、差し障る(さしさわる)ようなことがないさま◆都合が良いさま、ちょうど良いさま、(物事をするのに)適(テキ)しているさま、「便宜(ベンギ)」「便利; 物:◆(天地の間に存在する)人以外の形のあるもの、人は「者」、形のないものは「事」
kk_都内_とない,都内,とない,都:◆天子や天皇が主として住むところ、先君を祭る宗廟を置くところ◆国の中心的な町、人が多く集まる大きな町◆多くのものが集まる、多くのものが集まるところ◆盛んなさま、; 内:◆外から中に入る、入れる◆限られた範囲・領域の中、区切りや境目の中、同「中」◆ある一定の範囲に含まれるもの、囲われたり覆われたりしていて外からは見えないもの、公,N3,on,on+on,A3_short_compound(on+on 71%),都:◆天子や天皇が主として住むところ、先君を祭る宗廟を置くところ◆国の中心的な町、人が多く集まる大きな町◆多くのものが集まる、多くのものが集まるところ◆盛んなさま、; 内:◆外から中に入る、入れる◆限られた範囲・領域の中、区切りや境目の中、同「中」◆ある一定の範囲に含まれるもの、囲われたり覆われたりしていて外からは見えないもの、公
kk_配送_はいそう,配送,はいそう,配:◆釣り合いが取れるようにする、相応(ふさわ)しい形や状態にする◆幾つかのものを合わせて(結び付けて)整える、調和させる◆結婚した相手、また妻、「配偶(ハイグウ、; 送:◆行く人(別れる人、帰る人、旅立つ人、亡くなった人など)と途中まで同道する、出向いて行って迎えるのは「迎」◆ものを目的地へ運び届ける◆贈(おく)る、遣(つか)わ,N3,on,on+on,,配:◆釣り合いが取れるようにする、相応(ふさわ)しい形や状態にする◆幾つかのものを合わせて(結び付けて)整える、調和させる◆結婚した相手、また妻、「配偶(ハイグウ、; 送:◆行く人(別れる人、帰る人、旅立つ人、亡くなった人など)と途中まで同道する、出向いて行って迎えるのは「迎」◆ものを目的地へ運び届ける◆贈(おく)る、遣(つか)わ
kk_酔う_よう,酔う,よう,酔:◆酒を適度に(心地よく酔う程度に)飲み楽しむ、「【說文解字注:酉部:醉】卒也卒其度量不至於亂也(…)一曰酒潰也(此別一義…)」◆飲み潰れる、(酒を飲んで)正常な,N3,kun,kun,IL1_okurigana(kun 96%) | IL2_single_okuri(kun 96%),酔:◆酒を適度に(心地よく酔う程度に)飲み楽しむ、「【說文解字注:酉部:醉】卒也卒其度量不至於亂也(…)一曰酒潰也(此別一義…)」◆飲み潰れる、(酒を飲んで)正常な
kk_酔っ払い_よっぱらい,酔っ払い,よっぱらい,酔:◆酒を適度に(心地よく酔う程度に)飲み楽しむ、「【說文解字注:酉部:醉】卒也卒其度量不至於亂也(…)一曰酒潰也(此別一義…)」◆飲み潰れる、(酒を飲んで)正常な; 払:◆取る◆手(や用具)を左右に振って不要なものや邪魔なものを他に追いやる、同「拂」、本来「拂」は別字だが古くから「拂」の異体字として「払」が用いられた◆[日]代金,N3,other,mixed+mixed~,IL1_okurigana(kun 96%) | A1_compound_oku(kun 90%) | A1_on_kun_mix(on+kun 65%),酔:◆酒を適度に(心地よく酔う程度に)飲み楽しむ、「【說文解字注:酉部:醉】卒也卒其度量不至於亂也(…)一曰酒潰也(此別一義…)」◆飲み潰れる、(酒を飲んで)正常な; 払:◆取る◆手(や用具)を左右に振って不要なものや邪魔なものを他に追いやる、同「拂」、本来「拂」は別字だが古くから「拂」の異体字として「払」が用いられた◆[日]代金
kk_酢_す,酢,す,酢:◆酸(す)っぱい、酸っぱい味、酸っぱい味の飲み物、同「酸」「醋」◆接待に対する礼として客が主人に杯を返す、同「醋」、主人が客に勧めるのは「酬」,N3,kun,kun,IL2_single_default(kun 84%),酢:◆酸(す)っぱい、酸っぱい味、酸っぱい味の飲み物、同「酸」「醋」◆接待に対する礼として客が主人に杯を返す、同「醋」、主人が客に勧めるのは「酬」
kk_醜い_みにくい,醜い,みにくい,醜:◆容姿・有様(ありさま)・言動などが良くない、好ましくない、不快で見苦しい◆見るに堪(た)えない、みっともない、恥ずかしい◆類(たぐい)、～に類する◆簡「丑」,N3,kun,kun,IL1_okurigana(kun 96%) | IL2_single_okuri(kun 96%),醜:◆容姿・有様(ありさま)・言動などが良くない、好ましくない、不快で見苦しい◆見るに堪(た)えない、みっともない、恥ずかしい◆類(たぐい)、～に類する◆簡「丑」
kk_重なる_かさなる,重なる,かさなる,重:◆層になる、上に載る、下になったものに上から大きな力が掛かる、負担が大きい◆再び、繰り返して、何度も、何層にも◆何層にも心配りがされていて手厚い、丁寧な◆何層に,N3,kun,kun,IL1_okurigana(kun 96%) | IL2_single_okuri(kun 96%),重:◆層になる、上に載る、下になったものに上から大きな力が掛かる、負担が大きい◆再び、繰り返して、何度も、何層にも◆何層にも心配りがされていて手厚い、丁寧な◆何層に
kk_重ねる_かさねる,重ねる,かさねる,重:◆層になる、上に載る、下になったものに上から大きな力が掛かる、負担が大きい◆再び、繰り返して、何度も、何層にも◆何層にも心配りがされていて手厚い、丁寧な◆何層に,N3,kun,kun,IL1_okurigana(kun 96%) | IL2_single_okuri(kun 96%),重:◆層になる、上に載る、下になったものに上から大きな力が掛かる、負担が大きい◆再び、繰り返して、何度も、何層にも◆何層にも心配りがされていて手厚い、丁寧な◆何層に
kk_重大_じゅうだい,重大,じゅうだい,重:◆層になる、上に載る、下になったものに上から大きな力が掛かる、負担が大きい◆再び、繰り返して、何度も、何層にも◆何層にも心配りがされていて手厚い、丁寧な◆何層に; 大:◆形・数・量・力・程度などが比較しようとしているもの以上である、求められる(必要とされる、必要な)形・数・量・力・程度などを超(こ)えている、優(すぐ)れる、長,N3,on,on+on,,重:◆層になる、上に載る、下になったものに上から大きな力が掛かる、負担が大きい◆再び、繰り返して、何度も、何層にも◆何層にも心配りがされていて手厚い、丁寧な◆何層に; 大:◆形・数・量・力・程度などが比較しようとしているもの以上である、求められる(必要とされる、必要な)形・数・量・力・程度などを超(こ)えている、優(すぐ)れる、長
kk_重点_じゅうてん,重点,じゅうてん,重:◆層になる、上に載る、下になったものに上から大きな力が掛かる、負担が大きい◆再び、繰り返して、何度も、何層にも◆何層にも心配りがされていて手厚い、丁寧な◆何層に; 点:◆小さな(黒い)染(し)み・瑕(きず)・印(しるし)、またそのようなものを付ける、「汚点(オテン)」◆小さく狭く限られた場所・範囲・位置・事柄、「地点(チテン),N3,on,on+on,,重:◆層になる、上に載る、下になったものに上から大きな力が掛かる、負担が大きい◆再び、繰り返して、何度も、何層にも◆何層にも心配りがされていて手厚い、丁寧な◆何層に; 点:◆小さな(黒い)染(し)み・瑕(きず)・印(しるし)、またそのようなものを付ける、「汚点(オテン)」◆小さく狭く限られた場所・範囲・位置・事柄、「地点(チテン)
kk_重視_じゅうし,重視,じゅうし,重:◆層になる、上に載る、下になったものに上から大きな力が掛かる、負担が大きい◆再び、繰り返して、何度も、何層にも◆何層にも心配りがされていて手厚い、丁寧な◆何層に; 視:◆(自然に目に入ってきたものではなく、見ようとするものに視線を向けて)見る、よく見る、注意深く見る、よく比べながら見る◆見守る、見守り世話する◆示(しめ)す、は,N3,on,on+on,A3_short_compound(on+on 71%),重:◆層になる、上に載る、下になったものに上から大きな力が掛かる、負担が大きい◆再び、繰り返して、何度も、何層にも◆何層にも心配りがされていて手厚い、丁寧な◆何層に; 視:◆(自然に目に入ってきたものではなく、見ようとするものに視線を向けて)見る、よく見る、注意深く見る、よく比べながら見る◆見守る、見守り世話する◆示(しめ)す、は
kk_重量_じゅうりょう,重量,じゅうりょう,重:◆層になる、上に載る、下になったものに上から大きな力が掛かる、負担が大きい◆再び、繰り返して、何度も、何層にも◆何層にも心配りがされていて手厚い、丁寧な◆何層に; 量:◆容積(体積)またその軽重・大小の程度、またそれを計測する、またそれを計測するための容器 ◆ものの大きさや重さを推(お)し測る◆入れ物(いれもの)の大きさ、もの,N3,on,on+on,,重:◆層になる、上に載る、下になったものに上から大きな力が掛かる、負担が大きい◆再び、繰り返して、何度も、何層にも◆何層にも心配りがされていて手厚い、丁寧な◆何層に; 量:◆容積(体積)またその軽重・大小の程度、またそれを計測する、またそれを計測するための容器 ◆ものの大きさや重さを推(お)し測る◆入れ物(いれもの)の大きさ、もの
kk_量_りょう,量,りょう,量:◆容積(体積)またその軽重・大小の程度、またそれを計測する、またそれを計測するための容器 ◆ものの大きさや重さを推(お)し測る◆入れ物(いれもの)の大きさ、もの,N3,on,on,IL2_single_default(kun 84%),量:◆容積(体積)またその軽重・大小の程度、またそれを計測する、またそれを計測するための容器 ◆ものの大きさや重さを推(お)し測る◆入れ物(いれもの)の大きさ、もの
kk_量る/測る/計る_はかる,量る/測る/計る,はかる,量:◆容積(体積)またその軽重・大小の程度、またそれを計測する、またそれを計測するための容器 ◆ものの大きさや重さを推(お)し測る◆入れ物(いれもの)の大きさ、もの; 測:◆物差(ものさし)や基準となるものを基(もと)にして深さ・高さ・長さなどの度合い(長短)を調べる、「測量(ソクリョウ)」◆経験や知識などを基に見当をつける、推(; 計:◆数える、測る◆(その年の)出納を合わせる◆見積もる、見当をつける,N3,kun,kun+kun+kun~,IL1_okurigana(kun 96%) | A1_compound_oku(kun 90%) | A1_on_kun_mix(on+kun 65%),量:◆容積(体積)またその軽重・大小の程度、またそれを計測する、またそれを計測するための容器 ◆ものの大きさや重さを推(お)し測る◆入れ物(いれもの)の大きさ、もの; 測:◆物差(ものさし)や基準となるものを基(もと)にして深さ・高さ・長さなどの度合い(長短)を調べる、「測量(ソクリョウ)」◆経験や知識などを基に見当をつける、推(; 計:◆数える、測る◆(その年の)出納を合わせる◆見積もる、見当をつける
kk_金属_きんぞく,金属,きんぞく,金:◆黄金・白銀・赤銅・青銅・青鉛・黒鉄などの総称、金属の総称◆(黄金のように)黄色い、輝く、美しい、貴重な、(金属のように)堅い◆金属製のもの◆銭(ぜに)、またそ; 属:◆関(かか)わりがある、繋(つな)がりがある、関連する◆関わりのある事柄、同じ種類のもの◆関わりのある者、関わりのある者の集まり、「親属(シンゾク、血縁や婚姻の,N3,on,on+on,B_noun_rad_金(kun 93%),金:◆黄金・白銀・赤銅・青銅・青鉛・黒鉄などの総称、金属の総称◆(黄金のように)黄色い、輝く、美しい、貴重な、(金属のように)堅い◆金属製のもの◆銭(ぜに)、またそ; 属:◆関(かか)わりがある、繋(つな)がりがある、関連する◆関わりのある事柄、同じ種類のもの◆関わりのある者、関わりのある者の集まり、「親属(シンゾク、血縁や婚姻の
kk_金額_きんがく,金額,きんがく,金:◆黄金・白銀・赤銅・青銅・青鉛・黒鉄などの総称、金属の総称◆(黄金のように)黄色い、輝く、美しい、貴重な、(金属のように)堅い◆金属製のもの◆銭(ぜに)、またそ; 額:◆髪の生え際から眉の上まで部分、顔の目より上の部分◆建物の正面入口や門の上部中央に掲げる平板、額(ひたい、顔の上部)と同じような位置に掲げることから◆予(あらか,N3,on,on+on,B_noun_rad_金(kun 93%),金:◆黄金・白銀・赤銅・青銅・青鉛・黒鉄などの総称、金属の総称◆(黄金のように)黄色い、輝く、美しい、貴重な、(金属のように)堅い◆金属製のもの◆銭(ぜに)、またそ; 額:◆髪の生え際から眉の上まで部分、顔の目より上の部分◆建物の正面入口や門の上部中央に掲げる平板、額(ひたい、顔の上部)と同じような位置に掲げることから◆予(あらか
kk_針_はり,針,はり,針:◆裁縫などに使う細長く先が尖ったもの◆鍼(はり)治療などに使う細長い道具、針状のものや細長いメス状のものなどがある、同「鍼」◆(針のように)細長く先の尖ったもの,N3,kun,kun,IL2_single_default(kun 84%) | B_noun_rad_金(kun 93%),針:◆裁縫などに使う細長く先が尖ったもの◆鍼(はり)治療などに使う細長い道具、針状のものや細長いメス状のものなどがある、同「鍼」◆(針のように)細長く先の尖ったもの
kk_鉄_てつ,鉄,てつ,鉄:◆金属の一種、黒金(くろがね、鉄の古名)◆黒いさま◆堅く強いさま◆金属製の武器◆鉄(Ferrum[羅]、Fe)、元素名,N3,on,on,IL2_single_default(kun 84%) | B_noun_rad_金(kun 93%),鉄:◆金属の一種、黒金(くろがね、鉄の古名)◆黒いさま◆堅く強いさま◆金属製の武器◆鉄(Ferrum[羅]、Fe)、元素名
kk_鉄道_てつどう,鉄道,てつどう,鉄:◆金属の一種、黒金(くろがね、鉄の古名)◆黒いさま◆堅く強いさま◆金属製の武器◆鉄(Ferrum[羅]、Fe)、元素名; 道:◆出発地から目的地へ通じている路(みち)、人や動物などが往来する通り路、「道路(ドウロ)」、同「路」◆目的を達するための経路、手順や方法◆導(みちび)く、手引き,N3,on,on+on,B_noun_rad_金(kun 93%),鉄:◆金属の一種、黒金(くろがね、鉄の古名)◆黒いさま◆堅く強いさま◆金属製の武器◆鉄(Ferrum[羅]、Fe)、元素名; 道:◆出発地から目的地へ通じている路(みち)、人や動物などが往来する通り路、「道路(ドウロ)」、同「路」◆目的を達するための経路、手順や方法◆導(みちび)く、手引き
kk_長女_ちょうじょ,長女,ちょうじょ,長:◆距離や時間などが途切れることなく連なっている、離れたところまでずぅっと続いている、途切れなく続いているものの二点(両端)が大きく隔(へだ)たっている、またその; 女:◆雌(シ、めす)としての特性を持つ人、男(雄おすとしての特性を持つ人)と対になる性の一方◆娘(むすめ、若い未婚の女性)、既婚は「婦」◆妻(めあ)わせる、嫁(とつ,N3,on,on+on,A3_short_compound(on+on 71%),長:◆距離や時間などが途切れることなく連なっている、離れたところまでずぅっと続いている、途切れなく続いているものの二点(両端)が大きく隔(へだ)たっている、またその; 女:◆雌(シ、めす)としての特性を持つ人、男(雄おすとしての特性を持つ人)と対になる性の一方◆娘(むすめ、若い未婚の女性)、既婚は「婦」◆妻(めあ)わせる、嫁(とつ
kk_長年_ながねん,長年,ながねん,長:◆距離や時間などが途切れることなく連なっている、離れたところまでずぅっと続いている、途切れなく続いているものの二点(両端)が大きく隔(へだ)たっている、またその; 年:◆穀物が稔(みの)る、同「秊」◆農作物を収穫してから次の収穫期までの期間、四季(二十四節気)を一巡する期間、year◆誕生してから生きてその誕生日を通り過ぎた回,N3,mixed,kun+on~,,長:◆距離や時間などが途切れることなく連なっている、離れたところまでずぅっと続いている、途切れなく続いているものの二点(両端)が大きく隔(へだ)たっている、またその; 年:◆穀物が稔(みの)る、同「秊」◆農作物を収穫してから次の収穫期までの期間、四季(二十四節気)を一巡する期間、year◆誕生してから生きてその誕生日を通り過ぎた回
kk_長所_ちょうしょ,長所,ちょうしょ,長:◆距離や時間などが途切れることなく連なっている、離れたところまでずぅっと続いている、途切れなく続いているものの二点(両端)が大きく隔(へだ)たっている、またその; 所:◆処(ところ)、ものがある場また位置(要所・箇所など)、ことをする場また位置(住所・裁判所など)◆～のこと、「所感(感じること)」「所存(考え思っていること)◆,N3,on,on+on,A3_short_compound(on+on 71%),長:◆距離や時間などが途切れることなく連なっている、離れたところまでずぅっと続いている、途切れなく続いているものの二点(両端)が大きく隔(へだ)たっている、またその; 所:◆処(ところ)、ものがある場また位置(要所・箇所など)、ことをする場また位置(住所・裁判所など)◆～のこと、「所感(感じること)」「所存(考え思っていること)◆
kk_長方形_ちょうほうけい,長方形,ちょうほうけい,長:◆距離や時間などが途切れることなく連なっている、離れたところまでずぅっと続いている、途切れなく続いているものの二点(両端)が大きく隔(へだ)たっている、またその; 方:◆四角、四角いさま、角(かど)が直角になっているさま、「方形(ホウケイ)」◆数学で二つの数を掛け合わせた数(正方形・長方形の一つの角を成す二辺を掛け合わせた数); 形:◆ものの表に現れた姿、外観◆ものの表の様子、状態◆型、様式,N3,on,on+on+on,A4_multi_on(on+on+on 65%),長:◆距離や時間などが途切れることなく連なっている、離れたところまでずぅっと続いている、途切れなく続いているものの二点(両端)が大きく隔(へだ)たっている、またその; 方:◆四角、四角いさま、角(かど)が直角になっているさま、「方形(ホウケイ)」◆数学で二つの数を掛け合わせた数(正方形・長方形の一つの角を成す二辺を掛け合わせた数); 形:◆ものの表に現れた姿、外観◆ものの表の様子、状態◆型、様式
kk_長期_ちょうき,長期,ちょうき,長:◆距離や時間などが途切れることなく連なっている、離れたところまでずぅっと続いている、途切れなく続いているものの二点(両端)が大きく隔(へだ)たっている、またその; 期:◆予定されている(約束されている)時(とき、時期、時間)、「時期(ジキ)」「期間(キカン、二つの時の間、始めの時から終わりの時までの間)」◆決められた時(時期、,N3,on,on+on,A3_short_compound(on+on 71%),長:◆距離や時間などが途切れることなく連なっている、離れたところまでずぅっと続いている、途切れなく続いているものの二点(両端)が大きく隔(へだ)たっている、またその; 期:◆予定されている(約束されている)時(とき、時期、時間)、「時期(ジキ)」「期間(キカン、二つの時の間、始めの時から終わりの時までの間)」◆決められた時(時期、
kk_長男_ちょうなん,長男,ちょうなん,長:◆距離や時間などが途切れることなく連なっている、離れたところまでずぅっと続いている、途切れなく続いているものの二点(両端)が大きく隔(へだ)たっている、またその; 男:◆雄(ユウ、おす)としての特性を持つ人、女(雌めすとしての特性を持つ人)と対になる性の一方、「田畑で力仕事をする人」の意◆息子(むすこ)◆親に対しての息子の自称,N3,on,on+on,,長:◆距離や時間などが途切れることなく連なっている、離れたところまでずぅっと続いている、途切れなく続いているものの二点(両端)が大きく隔(へだ)たっている、またその; 男:◆雄(ユウ、おす)としての特性を持つ人、女(雌めすとしての特性を持つ人)と対になる性の一方、「田畑で力仕事をする人」の意◆息子(むすこ)◆親に対しての息子の自称
kk_長距離_ちょうきょり,長距離,ちょうきょり,長:◆距離や時間などが途切れることなく連なっている、離れたところまでずぅっと続いている、途切れなく続いているものの二点(両端)が大きく隔(へだ)たっている、またその; 距:◆隔たり、間隔、離れる、間を置く◆間隔が狭まらないように押し止める◆ニワトリ(鶏)などの蹴爪(けづめ、足首付近から後ろ向きに突き出た鋭い突起)、同「𧣒」; 離:◆間(あいだ)を空(あ)ける、隔(へだ)てる、分(わ)ける、別(わか)れる◆間が空いている、隔たっている、分かれている、別れている◆八卦(ハッカ、「乾・兌・離・,N3,on,on+on+on,A4_multi_on(on+on+on 65%) | B_verb_rad_足(kun 80%),長:◆距離や時間などが途切れることなく連なっている、離れたところまでずぅっと続いている、途切れなく続いているものの二点(両端)が大きく隔(へだ)たっている、またその; 距:◆隔たり、間隔、離れる、間を置く◆間隔が狭まらないように押し止める◆ニワトリ(鶏)などの蹴爪(けづめ、足首付近から後ろ向きに突き出た鋭い突起)、同「𧣒」; 離:◆間(あいだ)を空(あ)ける、隔(へだ)てる、分(わ)ける、別(わか)れる◆間が空いている、隔たっている、分かれている、別れている◆八卦(ハッカ、「乾・兌・離・
kk_長～_ちょう～,長～,ちょう～,長:◆距離や時間などが途切れることなく連なっている、離れたところまでずぅっと続いている、途切れなく続いているものの二点(両端)が大きく隔(へだ)たっている、またその,N3,on,on,IL2_single_default(kun 84%),長:◆距離や時間などが途切れることなく連なっている、離れたところまでずぅっと続いている、途切れなく続いているものの二点(両端)が大きく隔(へだ)たっている、またその
kk_閉じる_とじる,閉じる,とじる,閉:◆ものが出入りするところ(門・戸・窓・穴など)から出たり入ったりできないようにする、塞ぐ、「密閉」「閉塞」◆中に入れて外に出られないようにする、「幽閉」◆しっか,N3,kun,kun,IL1_okurigana(kun 96%) | IL2_single_okuri(kun 96%),閉:◆ものが出入りするところ(門・戸・窓・穴など)から出たり入ったりできないようにする、塞ぐ、「密閉」「閉塞」◆中に入れて外に出られないようにする、「幽閉」◆しっか
kk_開放_かいほう,開放,かいほう,開:◆啓(ひら)く、閉じられている扉を真ん中から左右に押し除(の)ける◆仕切っているもの(塞ふさいでいるもの、妨さまたげているもの)を取る、「開放(カイホウ)」◆明; 放:◆制限(セイゲン)・束縛(ソクバク)・拘束(コウソク)され自由に動けない状態であったものを自由に動ける状態にする、制限・束縛・拘束を解(と)く、「開放(カイホウ,N3,on,on+on,,開:◆啓(ひら)く、閉じられている扉を真ん中から左右に押し除(の)ける◆仕切っているもの(塞ふさいでいるもの、妨さまたげているもの)を取る、「開放(カイホウ)」◆明; 放:◆制限(セイゲン)・束縛(ソクバク)・拘束(コウソク)され自由に動けない状態であったものを自由に動ける状態にする、制限・束縛・拘束を解(と)く、「開放(カイホウ
kk_開発_かいはつ,開発,かいはつ,開:◆啓(ひら)く、閉じられている扉を真ん中から左右に押し除(の)ける◆仕切っているもの(塞ふさいでいるもの、妨さまたげているもの)を取る、「開放(カイホウ)」◆明; 発:◆矢を放つ、外(離れて行く方向)に向かって勢いよく飛び出る◆動いていなかったものが勢いよく動き出す、物事が動き出す、物事が始まる、行動を起こす◆隠れていたものが,N3,on,on+on,,開:◆啓(ひら)く、閉じられている扉を真ん中から左右に押し除(の)ける◆仕切っているもの(塞ふさいでいるもの、妨さまたげているもの)を取る、「開放(カイホウ)」◆明; 発:◆矢を放つ、外(離れて行く方向)に向かって勢いよく飛び出る◆動いていなかったものが勢いよく動き出す、物事が動き出す、物事が始まる、行動を起こす◆隠れていたものが
kk_開通_かいつう,開通,かいつう,開:◆啓(ひら)く、閉じられている扉を真ん中から左右に押し除(の)ける◆仕切っているもの(塞ふさいでいるもの、妨さまたげているもの)を取る、「開放(カイホウ)」◆明; 通:◆途中に障害となるようなものがなく反対側・向こう側・相手方・目的地まで達する、また達している◆支障なく行き来ができる、また行き来する、また行き来ができるようにす,N3,on,on+on,,開:◆啓(ひら)く、閉じられている扉を真ん中から左右に押し除(の)ける◆仕切っているもの(塞ふさいでいるもの、妨さまたげているもの)を取る、「開放(カイホウ)」◆明; 通:◆途中に障害となるようなものがなく反対側・向こう側・相手方・目的地まで達する、また達している◆支障なく行き来ができる、また行き来する、また行き来ができるようにす
kk_間_ま,間,ま,間:◆両側からぴったりと閉じられずに開いているところ、(空間・時間・物事・関係などが)連続せずに途切れているところ、開いたり途切れたりして何もないところ、隙(すき),N3,kun,kun,IL2_single_default(kun 84%),間:◆両側からぴったりと閉じられずに開いているところ、(空間・時間・物事・関係などが)連続せずに途切れているところ、開いたり途切れたりして何もないところ、隙(すき)
kk_間も無く_まもなく,間も無く,まもなく,間:◆両側からぴったりと閉じられずに開いているところ、(空間・時間・物事・関係などが)連続せずに途切れているところ、開いたり途切れたりして何もないところ、隙(すき); 無:◆ない、存在しない、有(ゆう)していない◆～ではない、～であってはならない◆簡「无」,N3,kun,kun+kun~,IL1_okurigana(kun 96%) | A1_compound_oku(kun 90%) | A1_on_kun_mix(on+kun 65%),間:◆両側からぴったりと閉じられずに開いているところ、(空間・時間・物事・関係などが)連続せずに途切れているところ、開いたり途切れたりして何もないところ、隙(すき); 無:◆ない、存在しない、有(ゆう)していない◆～ではない、～であってはならない◆簡「无」
kk_間接_かんせつ,間接,かんせつ,間:◆両側からぴったりと閉じられずに開いているところ、(空間・時間・物事・関係などが)連続せずに途切れているところ、開いたり途切れたりして何もないところ、隙(すき); 接:◆二つのものが間近(まぢか)まで近づく、ぴったりと寄る◆交(まじ)える、触れ合わせる◆(人と)触れ合う、親しく交わる◆近くまで寄ってくるもの(寄ってきたもの)を,N3,on,on+on,B_verb_rad_手(kun 80%),間:◆両側からぴったりと閉じられずに開いているところ、(空間・時間・物事・関係などが)連続せずに途切れているところ、開いたり途切れたりして何もないところ、隙(すき); 接:◆二つのものが間近(まぢか)まで近づく、ぴったりと寄る◆交(まじ)える、触れ合わせる◆(人と)触れ合う、親しく交わる◆近くまで寄ってくるもの(寄ってきたもの)を
kk_間違い_まちがい,間違い,まちがい,間:◆両側からぴったりと閉じられずに開いているところ、(空間・時間・物事・関係などが)連続せずに途切れているところ、開いたり途切れたりして何もないところ、隙(すき); 違:◆背(せ)を向ける、背を向け去る、背(そむ)く◆あるべき形や様子と異なる、また反している、また合っていない◆守るべきものを守らない、従(したが)わない,N3,kun,kun+kun,IL1_okurigana(kun 96%) | A1_compound_oku(kun 90%) | A1_on_kun_mix(on+kun 65%),間:◆両側からぴったりと閉じられずに開いているところ、(空間・時間・物事・関係などが)連続せずに途切れているところ、開いたり途切れたりして何もないところ、隙(すき); 違:◆背(せ)を向ける、背を向け去る、背(そむ)く◆あるべき形や様子と異なる、また反している、また合っていない◆守るべきものを守らない、従(したが)わない
kk_間隔_かんかく,間隔,かんかく,間:◆両側からぴったりと閉じられずに開いているところ、(空間・時間・物事・関係などが)連続せずに途切れているところ、開いたり途切れたりして何もないところ、隙(すき); 隔:◆間(あいだ)を仕切る、仕切って内(手前、こちら)と外(向こう、あちら)の行き来ができないようにする◆時間や距離などの間を空(あ)ける◆他との関(かか)わりに距,N3,on,on+on,,間:◆両側からぴったりと閉じられずに開いているところ、(空間・時間・物事・関係などが)連続せずに途切れているところ、開いたり途切れたりして何もないところ、隙(すき); 隔:◆間(あいだ)を仕切る、仕切って内(手前、こちら)と外(向こう、あちら)の行き来ができないようにする◆時間や距離などの間を空(あ)ける◆他との関(かか)わりに距
kk_関する_かんする,関する,かんする,関:◆閂(かんぬき)、扉を閉め内側から横に渡して扉が開かないようにするための横木、同「閞」◆門を閉じる、門を閉じて閂を掛ける◆国や領地などの周りを囲った境界に設けら,N3,on,on,IL1_okurigana(kun 96%) | IL2_single_okuri(kun 96%),関:◆閂(かんぬき)、扉を閉め内側から横に渡して扉が開かないようにするための横木、同「閞」◆門を閉じる、門を閉じて閂を掛ける◆国や領地などの周りを囲った境界に設けら
kk_関わる_かかわる,関わる,かかわる,関:◆閂(かんぬき)、扉を閉め内側から横に渡して扉が開かないようにするための横木、同「閞」◆門を閉じる、門を閉じて閂を掛ける◆国や領地などの周りを囲った境界に設けら,N3,kun,kun,IL1_okurigana(kun 96%) | IL2_single_okuri(kun 96%),関:◆閂(かんぬき)、扉を閉め内側から横に渡して扉が開かないようにするための横木、同「閞」◆門を閉じる、門を閉じて閂を掛ける◆国や領地などの周りを囲った境界に設けら
kk_関心_かんしん,関心,かんしん,関:◆閂(かんぬき)、扉を閉め内側から横に渡して扉が開かないようにするための横木、同「閞」◆門を閉じる、門を閉じて閂を掛ける◆国や領地などの周りを囲った境界に設けら; 心:◆血液を循環させる働きをする臓器で五臓(心シン・肝カン・脾ヒ・肺ハイ・腎ジン)の一つ ◆ものの真(ま)ん中、真ん中(中心)にあるもの、ものの重要な部分、ものの本,N3,on,on+on,,関:◆閂(かんぬき)、扉を閉め内側から横に渡して扉が開かないようにするための横木、同「閞」◆門を閉じる、門を閉じて閂を掛ける◆国や領地などの周りを囲った境界に設けら; 心:◆血液を循環させる働きをする臓器で五臓(心シン・肝カン・脾ヒ・肺ハイ・腎ジン)の一つ ◆ものの真(ま)ん中、真ん中(中心)にあるもの、ものの重要な部分、ものの本
kk_関東_かんとう,関東,かんとう,関:◆閂(かんぬき)、扉を閉め内側から横に渡して扉が開かないようにするための横木、同「閞」◆門を閉じる、門を閉じて閂を掛ける◆国や領地などの周りを囲った境界に設けら; 東:◆太陽が昇る方角、沈む方角を「西」¶木に昇り始めた太陽(日)が重なるの意、太陽が木の上に昇ることを「杲」、太陽が木の下に沈むことを「杳」、「【說文解字注:木部:,N3,on,on+on,B_noun_rad_木(kun 93%),関:◆閂(かんぬき)、扉を閉め内側から横に渡して扉が開かないようにするための横木、同「閞」◆門を閉じる、門を閉じて閂を掛ける◆国や領地などの周りを囲った境界に設けら; 東:◆太陽が昇る方角、沈む方角を「西」¶木に昇り始めた太陽(日)が重なるの意、太陽が木の上に昇ることを「杲」、太陽が木の下に沈むことを「杳」、「【說文解字注:木部:
kk_関西_かんさい,関西,かんさい,関:◆閂(かんぬき)、扉を閉め内側から横に渡して扉が開かないようにするための横木、同「閞」◆門を閉じる、門を閉じて閂を掛ける◆国や領地などの周りを囲った境界に設けら; 西:◆太陽が沈む方角・方向、またその方向に向く、またその方向に向かう、昇る方角を「東」◆中国から太陽が沈む方向の地域、欧州や米州,N3,on,on+on,,関:◆閂(かんぬき)、扉を閉め内側から横に渡して扉が開かないようにするための横木、同「閞」◆門を閉じる、門を閉じて閂を掛ける◆国や領地などの周りを囲った境界に設けら; 西:◆太陽が沈む方角・方向、またその方向に向く、またその方向に向かう、昇る方角を「東」◆中国から太陽が沈む方向の地域、欧州や米州
kk_閲覧室_えつらんしつ,閲覧室,えつらんしつ,閲:◆一つ一つ数える、一つ一つ確認する◆詳しく調べる、点検する◆一つ一つ確かめながら見る、また読む◆一日一日と日を重ねる◆容(い)れる、受け入れる◆功績や手柄を記し; 覧:◆見渡す、見て回る◆全体を見る、全体に目を通す; 室:◆奥の部屋、堂(ドウ、南側の広間)の後ろ(北側、北側中央)の部屋、家人が日常起居(キキョ)する部屋◆部屋、房間(ボウカン)、屋子(オクシ)◆家、住居、またそこで,N3,on,on+on+on,A4_multi_on(on+on+on 65%) | B_noun_rad_宀(kun 93%),閲:◆一つ一つ数える、一つ一つ確認する◆詳しく調べる、点検する◆一つ一つ確かめながら見る、また読む◆一日一日と日を重ねる◆容(い)れる、受け入れる◆功績や手柄を記し; 覧:◆見渡す、見て回る◆全体を見る、全体に目を通す; 室:◆奥の部屋、堂(ドウ、南側の広間)の後ろ(北側、北側中央)の部屋、家人が日常起居(キキョ)する部屋◆部屋、房間(ボウカン)、屋子(オクシ)◆家、住居、またそこで
kk_闘う/戦う_たたかう,闘う/戦う,たたかう,闘:◆互いに向き合って戦う、また争う、また競う; 戦:◆戈(ほこ)などの武器を持って闘(たたか)う、争(あらそ)う◆勝負・優劣を競(きそ)い合う◆懼(おそ)れる、恐れでびくびくする、「戦慄(センリツ、恐怖で体を震わ,N3,kun,kun+kun~,IL1_okurigana(kun 96%) | A1_compound_oku(kun 90%) | A1_on_kun_mix(on+kun 65%),闘:◆互いに向き合って戦う、また争う、また競う; 戦:◆戈(ほこ)などの武器を持って闘(たたか)う、争(あらそ)う◆勝負・優劣を競(きそ)い合う◆懼(おそ)れる、恐れでびくびくする、「戦慄(センリツ、恐怖で体を震わ
kk_防ぐ_ふせぐ,防ぐ,ふせぐ,防:◆堤(つつみ)、水が溢(あふ)れ出てくることがないように或いは流れを変えるために土や石などを高く盛って遮(さえぎ)る、「堤防(テイボウ)」◆災害や危険などが及ば,N3,kun,kun,IL1_okurigana(kun 96%) | IL2_single_okuri(kun 96%),防:◆堤(つつみ)、水が溢(あふ)れ出てくることがないように或いは流れを変えるために土や石などを高く盛って遮(さえぎ)る、「堤防(テイボウ)」◆災害や危険などが及ば
kk_防止_ぼうし,防止,ぼうし,防:◆堤(つつみ)、水が溢(あふ)れ出てくることがないように或いは流れを変えるために土や石などを高く盛って遮(さえぎ)る、「堤防(テイボウ)」◆災害や危険などが及ば; 止:◆ものが動かないように(しっかりと)立つための支えとなる基(もと、土台)◆体を支える足(あし)◆同じ所に留(とど)まって動かない[†「止」は止まったまま動かない,N3,on,on+on,A3_short_compound(on+on 71%),防:◆堤(つつみ)、水が溢(あふ)れ出てくることがないように或いは流れを変えるために土や石などを高く盛って遮(さえぎ)る、「堤防(テイボウ)」◆災害や危険などが及ば; 止:◆ものが動かないように(しっかりと)立つための支えとなる基(もと、土台)◆体を支える足(あし)◆同じ所に留(とど)まって動かない[†「止」は止まったまま動かない
kk_限り_かぎり,限り,かぎり,限:◆内と外との区切り、境界、「限界(ゲンカイ)」◆境界や範囲の内側、定めた区切り以内、またその内に収める、「限度(ゲンド)」「限定(ゲンテイ)」◆門の地上部に渡し,N3,kun,kun,IL1_okurigana(kun 96%) | IL2_single_okuri(kun 96%),限:◆内と外との区切り、境界、「限界(ゲンカイ)」◆境界や範囲の内側、定めた区切り以内、またその内に収める、「限度(ゲンド)」「限定(ゲンテイ)」◆門の地上部に渡し
kk_院生_いんせい,院生,いんせい,院:◆壁などで周りを囲った幾つもの建物からなる屋敷や施設◆壁や家などで周りが取り囲まれている庭、中庭、「院落(インラク)」「庭院(テイイン)」 ◆(学校・病院などの; 生:◆う・まれる、それまでになかった新しいものが現れ出る、また新しいことが起こる◆い・きる、成長し活動できる状態で存在する、またその状態◆なま、現れ出た時のそのまま,N3,on,on+on,,院:◆壁などで周りを囲った幾つもの建物からなる屋敷や施設◆壁や家などで周りが取り囲まれている庭、中庭、「院落(インラク)」「庭院(テイイン)」 ◆(学校・病院などの; 生:◆う・まれる、それまでになかった新しいものが現れ出る、また新しいことが起こる◆い・きる、成長し活動できる状態で存在する、またその状態◆なま、現れ出た時のそのまま
kk_陰_かげ,陰,かげ,陰:◆物に遮(さえぎ)られて光(日光)が届かない、日光が届かずに暗い、またそのようなところ、日光が当たるところは「陽」◆山の北側、川の南側、日光が当たらない側、逆は,N3,kun,kun,IL2_single_default(kun 84%),陰:◆物に遮(さえぎ)られて光(日光)が届かない、日光が届かずに暗い、またそのようなところ、日光が当たるところは「陽」◆山の北側、川の南側、日光が当たらない側、逆は
kk_隙_すき,隙,すき,隙:◆壁や塀などの内と外・こちらとむこうを隔(へだ)てているものに空(あ)いた孔(あな)や裂(さ)け目、「空隙(クウゲキ)」「間隙(カンゲキ)」、同「䧍」「𧯈」「𡭴,N3,kun,kun,IL2_single_default(kun 84%),隙:◆壁や塀などの内と外・こちらとむこうを隔(へだ)てているものに空(あ)いた孔(あな)や裂(さ)け目、「空隙(クウゲキ)」「間隙(カンゲキ)」、同「䧍」「𧯈」「𡭴
kk_隙間_すきま,隙間,すきま,隙:◆壁や塀などの内と外・こちらとむこうを隔(へだ)てているものに空(あ)いた孔(あな)や裂(さ)け目、「空隙(クウゲキ)」「間隙(カンゲキ)」、同「䧍」「𧯈」「𡭴; 間:◆両側からぴったりと閉じられずに開いているところ、(空間・時間・物事・関係などが)連続せずに途切れているところ、開いたり途切れたりして何もないところ、隙(すき),N3,kun,kun+kun~,A3_short_compound(on+on 71%),隙:◆壁や塀などの内と外・こちらとむこうを隔(へだ)てているものに空(あ)いた孔(あな)や裂(さ)け目、「空隙(クウゲキ)」「間隙(カンゲキ)」、同「䧍」「𧯈」「𡭴; 間:◆両側からぴったりと閉じられずに開いているところ、(空間・時間・物事・関係などが)連続せずに途切れているところ、開いたり途切れたりして何もないところ、隙(すき)
kk_隠す_かくす,隠す,かくす,隠:◆(逃げて或いは退いて)人目を避ける、人目を憚(はばか)る◆他から見えないようにする、また見えなくなる◆外から見えない、表に出ない◆人知れず思う、人知れない悩み,N3,kun,kun,IL1_okurigana(kun 96%) | IL2_single_okuri(kun 96%),隠:◆(逃げて或いは退いて)人目を避ける、人目を憚(はばか)る◆他から見えないようにする、また見えなくなる◆外から見えない、表に出ない◆人知れず思う、人知れない悩み
kk_隠れる_かくれる,隠れる,かくれる,隠:◆(逃げて或いは退いて)人目を避ける、人目を憚(はばか)る◆他から見えないようにする、また見えなくなる◆外から見えない、表に出ない◆人知れず思う、人知れない悩み,N3,kun,kun,IL1_okurigana(kun 96%) | IL2_single_okuri(kun 96%),隠:◆(逃げて或いは退いて)人目を避ける、人目を憚(はばか)る◆他から見えないようにする、また見えなくなる◆外から見えない、表に出ない◆人知れず思う、人知れない悩み
kk_集中_しゅうちゅう,集中,しゅうちゅう,集:◆多くのものが同じところに寄り合う、多くの人が同じところに会(カイ)する◆多くのものが一つになる、また一つにする、また一つになったもの、また一つにしたもの◆多く; 中:◆ものとものの間にあってどちらにも偏(かたよ)らない位置◆上下・高低・大小などの間(あいだ)に位置する人や物や場所、同「仲」◆始点(出発地)から終点(目的地)ま,N3,on,on+on,,集:◆多くのものが同じところに寄り合う、多くの人が同じところに会(カイ)する◆多くのものが一つになる、また一つにする、また一つになったもの、また一つにしたもの◆多く; 中:◆ものとものの間にあってどちらにも偏(かたよ)らない位置◆上下・高低・大小などの間(あいだ)に位置する人や物や場所、同「仲」◆始点(出発地)から終点(目的地)ま
kk_集団_しゅうだん,集団,しゅうだん,集:◆多くのものが同じところに寄り合う、多くの人が同じところに会(カイ)する◆多くのものが一つになる、また一つにする、また一つになったもの、また一つにしたもの◆多く; 団:◆集まって一つになる、集まって円状の塊(かたまり)になる、一つに纏(まと)まる◆同じものが寄せ集まる、また寄せ集まって塊となったもの、「集団」「団体」,N3,on,on+on,,集:◆多くのものが同じところに寄り合う、多くの人が同じところに会(カイ)する◆多くのものが一つになる、また一つにする、また一つになったもの、また一つにしたもの◆多く; 団:◆集まって一つになる、集まって円状の塊(かたまり)になる、一つに纏(まと)まる◆同じものが寄せ集まる、また寄せ集まって塊となったもの、「集団」「団体」
kk_雇う_やとう,雇う,やとう,雇:◆賃金を支払って人を使う、同「傭」「僱」◆金を払って物や力を借りる◆渡り鳥、候鳥(コウチョウ)、時候の変化を感じ取ったり農作業などの目安としたりする鳥、同「鳸」,N3,kun,kun,IL1_okurigana(kun 96%) | IL2_single_okuri(kun 96%),雇:◆賃金を支払って人を使う、同「傭」「僱」◆金を払って物や力を借りる◆渡り鳥、候鳥(コウチョウ)、時候の変化を感じ取ったり農作業などの目安としたりする鳥、同「鳸」
kk_離す_はなす,離す,はなす,離:◆間(あいだ)を空(あ)ける、隔(へだ)てる、分(わ)ける、別(わか)れる◆間が空いている、隔たっている、分かれている、別れている◆八卦(ハッカ、「乾・兌・離・,N3,kun,kun,IL1_okurigana(kun 96%) | IL2_single_okuri(kun 96%),離:◆間(あいだ)を空(あ)ける、隔(へだ)てる、分(わ)ける、別(わか)れる◆間が空いている、隔たっている、分かれている、別れている◆八卦(ハッカ、「乾・兌・離・
kk_離婚_りこん,離婚,りこん,離:◆間(あいだ)を空(あ)ける、隔(へだ)てる、分(わ)ける、別(わか)れる◆間が空いている、隔たっている、分かれている、別れている◆八卦(ハッカ、「乾・兌・離・; 婚:◆娶る(めとる、他家の女性を妻として迎える)、嫁ぐ(とつぐ、他家の男性のところに妻として入る)、夫婦になる、同「昏」、「女昏」は黄昏(たそがれ)時に嫁を迎えて婚,N3,on,on+on,A3_short_compound(on+on 71%),離:◆間(あいだ)を空(あ)ける、隔(へだ)てる、分(わ)ける、別(わか)れる◆間が空いている、隔たっている、分かれている、別れている◆八卦(ハッカ、「乾・兌・離・; 婚:◆娶る(めとる、他家の女性を妻として迎える)、嫁ぐ(とつぐ、他家の男性のところに妻として入る)、夫婦になる、同「昏」、「女昏」は黄昏(たそがれ)時に嫁を迎えて婚
kk_雰囲気_ふんいき,雰囲気,ふんいき,雰:◆霧や雲などのような空中を漂う細かい水滴、同「氛」◆雨や雪や霧など(一つ一つは小さく見分けが難しいが、全体としてはそこにあることが分かるもの)が辺りに立ち籠(こ; 囲:◆四周を取り巻く◆外から中に入らないように或いは中から外に出ないように周(まわ)りに設けられた区切り◆長さの単位、両手を広げた長さ、一抱(ひとかか)え; 気:◆中国古来の考えで、天地全ての事物の基本要素、目に見えず形状は一定しない、あらゆる事物の生死・盛衰などの変化・変動はこの「気」の移動・集散によるものと考えられた,N3,on,on+on+on,A4_multi_on(on+on+on 65%) | B_noun_rad_雨(kun 93%),雰:◆霧や雲などのような空中を漂う細かい水滴、同「氛」◆雨や雪や霧など(一つ一つは小さく見分けが難しいが、全体としてはそこにあることが分かるもの)が辺りに立ち籠(こ; 囲:◆四周を取り巻く◆外から中に入らないように或いは中から外に出ないように周(まわ)りに設けられた区切り◆長さの単位、両手を広げた長さ、一抱(ひとかか)え; 気:◆中国古来の考えで、天地全ての事物の基本要素、目に見えず形状は一定しない、あらゆる事物の生死・盛衰などの変化・変動はこの「気」の移動・集散によるものと考えられた
kk_零す_こぼす,零す,こぼす,零:◆細かい雨が静かに降る、細かい水の粒がぽとぽとと滴(したた)り落ちる◆落ちる、衰える、萎(しお)れる、寂(さび)れる、無(な)くなる◆小さい、少ない、非常に小さ,N3,kun,kun,IL1_okurigana(kun 96%) | IL2_single_okuri(kun 96%) | B_noun_rad_雨(kun 93%),零:◆細かい雨が静かに降る、細かい水の粒がぽとぽとと滴(したた)り落ちる◆落ちる、衰える、萎(しお)れる、寂(さび)れる、無(な)くなる◆小さい、少ない、非常に小さ
kk_零度_れいど,零度,れいど,零:◆細かい雨が静かに降る、細かい水の粒がぽとぽとと滴(したた)り落ちる◆落ちる、衰える、萎(しお)れる、寂(さび)れる、無(な)くなる◆小さい、少ない、非常に小さ; 度:◆長さを測(はか)る際に基準となる物差し(ものさし)、またその目盛(めもり)、「度量(ドリョウ、長さと容量、人の言動をどの程度容認できるかの大きさ)」「法度(ハ,N3,on,on+on,A3_short_compound(on+on 71%) | B_noun_rad_雨(kun 93%) | B_noun_rad_广(kun 93%),零:◆細かい雨が静かに降る、細かい水の粒がぽとぽとと滴(したた)り落ちる◆落ちる、衰える、萎(しお)れる、寂(さび)れる、無(な)くなる◆小さい、少ない、非常に小さ; 度:◆長さを測(はか)る際に基準となる物差し(ものさし)、またその目盛(めもり)、「度量(ドリョウ、長さと容量、人の言動をどの程度容認できるかの大きさ)」「法度(ハ
kk_零点_れいてん,零点,れいてん,零:◆細かい雨が静かに降る、細かい水の粒がぽとぽとと滴(したた)り落ちる◆落ちる、衰える、萎(しお)れる、寂(さび)れる、無(な)くなる◆小さい、少ない、非常に小さ; 点:◆小さな(黒い)染(し)み・瑕(きず)・印(しるし)、またそのようなものを付ける、「汚点(オテン)」◆小さく狭く限られた場所・範囲・位置・事柄、「地点(チテン),N3,on,on+on,B_noun_rad_雨(kun 93%),零:◆細かい雨が静かに降る、細かい水の粒がぽとぽとと滴(したた)り落ちる◆落ちる、衰える、萎(しお)れる、寂(さび)れる、無(な)くなる◆小さい、少ない、非常に小さ; 点:◆小さな(黒い)染(し)み・瑕(きず)・印(しるし)、またそのようなものを付ける、「汚点(オテン)」◆小さく狭く限られた場所・範囲・位置・事柄、「地点(チテン)
kk_電卓_でんたく,電卓,でんたく,電:◆雷(かみなり)の光、稲妻(いなずま)◆光や音のように一瞬で遠くまで届くもの、また伝わるもの; 卓:◆ひときわ大きいさま、ひときわ高いさま、抜きん出ているさま◆[日]机、テーブルtable、中国では「桌」,N3,on,on+on,B_noun_rad_雨(kun 93%),電:◆雷(かみなり)の光、稲妻(いなずま)◆光や音のように一瞬で遠くまで届くもの、また伝わるもの; 卓:◆ひときわ大きいさま、ひときわ高いさま、抜きん出ているさま◆[日]机、テーブルtable、中国では「桌」
kk_電圧_でんあつ,電圧,でんあつ,電:◆雷(かみなり)の光、稲妻(いなずま)◆光や音のように一瞬で遠くまで届くもの、また伝わるもの; 圧:◆上から下に向けて押え付けるように力を加える◆力で押え付ける、押え付けて従わせる¶「圧」は日本・韓国などで用いられる「壓」の簡体字、中国では「压」,N3,on,on+on,B_noun_rad_雨(kun 93%),電:◆雷(かみなり)の光、稲妻(いなずま)◆光や音のように一瞬で遠くまで届くもの、また伝わるもの; 圧:◆上から下に向けて押え付けるように力を加える◆力で押え付ける、押え付けて従わせる¶「圧」は日本・韓国などで用いられる「壓」の簡体字、中国では「压」
kk_電子range_でんしレンジ,電子range,でんしレンジ,電:◆雷(かみなり)の光、稲妻(いなずま)◆光や音のように一瞬で遠くまで届くもの、また伝わるもの; 子:◆母親から産まれるもの、古くは男女を問わず「子」といったが、現代中国では男の子(息子)を指す◆新しく産まれる(生まれる)ものの元となるもの、植物の種や実、動物の,N3,on,on+on~,B_noun_rad_雨(kun 93%),電:◆雷(かみなり)の光、稲妻(いなずま)◆光や音のように一瞬で遠くまで届くもの、また伝わるもの; 子:◆母親から産まれるもの、古くは男女を問わず「子」といったが、現代中国では男の子(息子)を指す◆新しく産まれる(生まれる)ものの元となるもの、植物の種や実、動物の
kk_電池_でんち,電池,でんち,電:◆雷(かみなり)の光、稲妻(いなずま)◆光や音のように一瞬で遠くまで届くもの、また伝わるもの; 池:◆水を引き入れるための水路、また水を引き入れて溜(た)めておくところ、水溜め(みずため)、「【禮記注疏(禮記正義):卷十五:月令】是月也毋竭川澤毋漉陂池…(《注,N3,on,on+on,A3_short_compound(on+on 71%) | B_noun_rad_雨(kun 93%),電:◆雷(かみなり)の光、稲妻(いなずま)◆光や音のように一瞬で遠くまで届くもの、また伝わるもの; 池:◆水を引き入れるための水路、また水を引き入れて溜(た)めておくところ、水溜め(みずため)、「【禮記注疏(禮記正義):卷十五:月令】是月也毋竭川澤毋漉陂池…(《注
kk_電流_でんりゅう,電流,でんりゅう,電:◆雷(かみなり)の光、稲妻(いなずま)◆光や音のように一瞬で遠くまで届くもの、また伝わるもの; 流:◆水などの液体やそこに浮かんだもの・水中にあるものが淀まずに移動する◆罰として遠くへ移動させる◆(川の流れのように)淀まずに伝わって行く◆分かれて逸(そ)れる◆,N3,on,on+on,B_noun_rad_雨(kun 93%),電:◆雷(かみなり)の光、稲妻(いなずま)◆光や音のように一瞬で遠くまで届くもの、また伝わるもの; 流:◆水などの液体やそこに浮かんだもの・水中にあるものが淀まずに移動する◆罰として遠くへ移動させる◆(川の流れのように)淀まずに伝わって行く◆分かれて逸(そ)れる◆
kk_電源_でんげん,電源,でんげん,電:◆雷(かみなり)の光、稲妻(いなずま)◆光や音のように一瞬で遠くまで届くもの、また伝わるもの; 源:◆地下水が地表に湧(わ)き出るところ、同「厵」「原」◆物事の始まり、物事の大本(おおもと)、物事の根本(コンポン)、物事の基本、同「原」,N3,on,on+on,B_noun_rad_雨(kun 93%),電:◆雷(かみなり)の光、稲妻(いなずま)◆光や音のように一瞬で遠くまで届くもの、また伝わるもの; 源:◆地下水が地表に湧(わ)き出るところ、同「厵」「原」◆物事の始まり、物事の大本(おおもと)、物事の根本(コンポン)、物事の基本、同「原」
kk_電球_でんきゅう,電球,でんきゅう,電:◆雷(かみなり)の光、稲妻(いなずま)◆光や音のように一瞬で遠くまで届くもの、また伝わるもの; 球:◆丸いもの、毬(まり)状のもの、ボールball状のもの、同「毬」◆美しい玉(ギョク、宝石)◆玉(ギョク、大変美しい石)製の磬(ケイ、打楽器)、同「璆」,N3,on,on+on,B_noun_rad_雨(kun 93%),電:◆雷(かみなり)の光、稲妻(いなずま)◆光や音のように一瞬で遠くまで届くもの、また伝わるもの; 球:◆丸いもの、毬(まり)状のもの、ボールball状のもの、同「毬」◆美しい玉(ギョク、宝石)◆玉(ギョク、大変美しい石)製の磬(ケイ、打楽器)、同「璆」
kk_電線_でんせん,電線,でんせん,電:◆雷(かみなり)の光、稲妻(いなずま)◆光や音のように一瞬で遠くまで届くもの、また伝わるもの; 線:◆糸や紐(ひも)、糸や紐のように細く長いもの、同「綫」「絤」「𦇫」「綖」◆糸や紐のように途切れずに長く延びているもの、二つの点と点を結ぶもの、またその形状や状態,N3,on,on+on,B_noun_rad_雨(kun 93%),電:◆雷(かみなり)の光、稲妻(いなずま)◆光や音のように一瞬で遠くまで届くもの、また伝わるもの; 線:◆糸や紐(ひも)、糸や紐のように細く長いもの、同「綫」「絤」「𦇫」「綖」◆糸や紐のように途切れずに長く延びているもの、二つの点と点を結ぶもの、またその形状や状態
kk_需要_じゅよう,需要,じゅよう,需:◆(雨降りに合って早く止まないかと)待ち望む◆欲しいものや必要なもの、またそれを得たいと思う、また思いながら待つ; 要:◆(体の要かなめとなる)腰(こし)◆物事の中心となるところ、非常に大切なところ◆求める、強く乞(こ)う、「要求(ヨウキュウ)」「要請(ヨウセイ、請い求める、強く,N3,on,on+on,A3_short_compound(on+on 71%) | B_noun_rad_雨(kun 93%),需:◆(雨降りに合って早く止まないかと)待ち望む◆欲しいものや必要なもの、またそれを得たいと思う、また思いながら待つ; 要:◆(体の要かなめとなる)腰(こし)◆物事の中心となるところ、非常に大切なところ◆求める、強く乞(こ)う、「要求(ヨウキュウ)」「要請(ヨウセイ、請い求める、強く
kk_震える_ふるえる,震える,ふるえる,震:◆激しい雷でものががたがたと振動するさま、怒りや恐れなどで体が小刻みに揺れ動くさま、ものが小刻みに揺れ動くさま◆八卦(ハッカ、「乾・兌・離・震・巽・坎・艮・坤」,N3,kun,kun,IL1_okurigana(kun 96%) | IL2_single_okuri(kun 96%) | B_noun_rad_雨(kun 93%),震:◆激しい雷でものががたがたと振動するさま、怒りや恐れなどで体が小刻みに揺れ動くさま、ものが小刻みに揺れ動くさま◆八卦(ハッカ、「乾・兌・離・震・巽・坎・艮・坤」
kk_霜_しも,霜,しも,霜:◆しも、地表付近の水蒸気が地表や物に接触して氷結したもの ◆白いさま◆白く冷たいさま、汚(けが)れないさま、高潔なさま◆年(とし)、年数、年齢,N3,kun,kun,IL2_single_default(kun 84%) | B_noun_rad_雨(kun 93%),霜:◆しも、地表付近の水蒸気が地表や物に接触して氷結したもの ◆白いさま◆白く冷たいさま、汚(けが)れないさま、高潔なさま◆年(とし)、年数、年齢
kk_霧_きり,霧,きり,霧:◆地表付近で空気中の水蒸気が凝結し無数の小さな水滴となって浮かんでいるもの、気象学上では視程が1km以下のもの、1km以上10km未満のものは「靄(もや)」、同,N3,kun,kun,IL2_single_default(kun 84%) | B_noun_rad_雨(kun 93%),霧:◆地表付近で空気中の水蒸気が凝結し無数の小さな水滴となって浮かんでいるもの、気象学上では視程が1km以下のもの、1km以上10km未満のものは「靄(もや)」、同
kk_非常_ひじょう,非常,ひじょう,非:◆～ではない、否定を表す言葉、同「匪」◆違っている、誤っている、正しくない◆「是非(ゼヒ)」◇物事の正邪、良し悪し◇(都合の良し悪しに拘らず)どうしても◆あらず; 常:◆何時も、何時もと変わらない◆変わることなく一定の、長い間変わることがない◆普通の、一般的な◆長さの単位、1常=2尋、1尋=8尺、「尋常」は「普通の、一般的な」,N3,on,on+on,A3_short_compound(on+on 71%) | B_noun_rad_巾(kun 93%),非:◆～ではない、否定を表す言葉、同「匪」◆違っている、誤っている、正しくない◆「是非(ゼヒ)」◇物事の正邪、良し悪し◇(都合の良し悪しに拘らず)どうしても◆あらず; 常:◆何時も、何時もと変わらない◆変わることなく一定の、長い間変わることがない◆普通の、一般的な◆長さの単位、1常=2尋、1尋=8尺、「尋常」は「普通の、一般的な」
kk_非常～_ひじょう～,非常～,ひじょう～,非:◆～ではない、否定を表す言葉、同「匪」◆違っている、誤っている、正しくない◆「是非(ゼヒ)」◇物事の正邪、良し悪し◇(都合の良し悪しに拘らず)どうしても◆あらず; 常:◆何時も、何時もと変わらない◆変わることなく一定の、長い間変わることがない◆普通の、一般的な◆長さの単位、1常=2尋、1尋=8尺、「尋常」は「普通の、一般的な」,N3,on,on+on~,B_noun_rad_巾(kun 93%),非:◆～ではない、否定を表す言葉、同「匪」◆違っている、誤っている、正しくない◆「是非(ゼヒ)」◇物事の正邪、良し悪し◇(都合の良し悪しに拘らず)どうしても◆あらず; 常:◆何時も、何時もと変わらない◆変わることなく一定の、長い間変わることがない◆普通の、一般的な◆長さの単位、1常=2尋、1尋=8尺、「尋常」は「普通の、一般的な」
kk_面倒_めんどう,面倒,めんどう,面:◆顔(かお)、頭の目鼻口がある側◆顔を対象(タイショウ、目標や相手)に向ける、また向く◆(顔が)向いている側、向き、向いている方向◆ものの表(おもて)、前(まえ; 倒:◆立っているものが横になる(横にする)◆(上下や前後左右の位置関係や順序が、また意図・予想していたことと)逆(ぎゃく)になる、逆にする、逆(さか)さまになる◆器,N3,other,mixed+mixed~,,面:◆顔(かお)、頭の目鼻口がある側◆顔を対象(タイショウ、目標や相手)に向ける、また向く◆(顔が)向いている側、向き、向いている方向◆ものの表(おもて)、前(まえ; 倒:◆立っているものが横になる(横にする)◆(上下や前後左右の位置関係や順序が、また意図・予想していたことと)逆(ぎゃく)になる、逆にする、逆(さか)さまになる◆器
kk_面倒くさい_めんどうくさい,面倒くさい,めんどうくさい,面:◆顔(かお)、頭の目鼻口がある側◆顔を対象(タイショウ、目標や相手)に向ける、また向く◆(顔が)向いている側、向き、向いている方向◆ものの表(おもて)、前(まえ; 倒:◆立っているものが横になる(横にする)◆(上下や前後左右の位置関係や順序が、また意図・予想していたことと)逆(ぎゃく)になる、逆にする、逆(さか)さまになる◆器,N3,other,mixed+mixed~,IL1_okurigana(kun 96%) | A1_compound_oku(kun 90%) | A1_on_kun_mix(on+kun 65%),面:◆顔(かお)、頭の目鼻口がある側◆顔を対象(タイショウ、目標や相手)に向ける、また向く◆(顔が)向いている側、向き、向いている方向◆ものの表(おもて)、前(まえ; 倒:◆立っているものが横になる(横にする)◆(上下や前後左右の位置関係や順序が、また意図・予想していたことと)逆(ぎゃく)になる、逆にする、逆(さか)さまになる◆器
kk_面接_めんせつ,面接,めんせつ,面:◆顔(かお)、頭の目鼻口がある側◆顔を対象(タイショウ、目標や相手)に向ける、また向く◆(顔が)向いている側、向き、向いている方向◆ものの表(おもて)、前(まえ; 接:◆二つのものが間近(まぢか)まで近づく、ぴったりと寄る◆交(まじ)える、触れ合わせる◆(人と)触れ合う、親しく交わる◆近くまで寄ってくるもの(寄ってきたもの)を,N3,on,on+on,B_verb_rad_手(kun 80%),面:◆顔(かお)、頭の目鼻口がある側◆顔を対象(タイショウ、目標や相手)に向ける、また向く◆(顔が)向いている側、向き、向いている方向◆ものの表(おもて)、前(まえ; 接:◆二つのものが間近(まぢか)まで近づく、ぴったりと寄る◆交(まじ)える、触れ合わせる◆(人と)触れ合う、親しく交わる◆近くまで寄ってくるもの(寄ってきたもの)を
kk_面皰_にきび,面皰,にきび,面:◆顔(かお)、頭の目鼻口がある側◆顔を対象(タイショウ、目標や相手)に向ける、また向く◆(顔が)向いている側、向き、向いている方向◆ものの表(おもて)、前(まえ; 皰:◆皮下(ヒカ)に水や膿(うみ)が溜まって皮膚(ヒフ)が膨(ふく)れたもの、吹き出物、吹き出物の総称、同簡「疱」◆「面皰(メンポウ、にきび)」、顔にできる吹き出物,N3,on,mixed+on~,A3_short_compound(on+on 71%),面:◆顔(かお)、頭の目鼻口がある側◆顔を対象(タイショウ、目標や相手)に向ける、また向く◆(顔が)向いている側、向き、向いている方向◆ものの表(おもて)、前(まえ; 皰:◆皮下(ヒカ)に水や膿(うみ)が溜まって皮膚(ヒフ)が膨(ふく)れたもの、吹き出物、吹き出物の総称、同簡「疱」◆「面皰(メンポウ、にきび)」、顔にできる吹き出物
kk_革_かわ,革,かわ,革:◆動物の皮を剥(は)いで毛を抜き乾かしたもの、生皮は「皮」、鞣(なめ)したものは「韋」◆改(あらた)める、改まる、「革変(カクヘン)」◆取り消す、取り除く、「革,N3,kun,kun,IL2_single_default(kun 84%),革:◆動物の皮を剥(は)いで毛を抜き乾かしたもの、生皮は「皮」、鞣(なめ)したものは「韋」◆改(あらた)める、改まる、「革変(カクヘン)」◆取り消す、取り除く、「革
kk_頂上_ちょうじょう,頂上,ちょうじょう,頂:◆頭の天辺(てっぺん、「頂辺」とも書く)、立っているものの最も高いところ、「頂上(チョウジョウ)」◆頭に載(の)せる、頭でものを受ける、上が平らで脚が付いている; 上:◆位置・場所・地位などが高い、高い方にある◆高い方に移る、昇る、登る◆順序・時間などが前、前の方にある◆前の方に移る◆等級・品質などが高い、優れている◆殿様、皇,N3,on,on+on,,頂:◆頭の天辺(てっぺん、「頂辺」とも書く)、立っているものの最も高いところ、「頂上(チョウジョウ)」◆頭に載(の)せる、頭でものを受ける、上が平らで脚が付いている; 上:◆位置・場所・地位などが高い、高い方にある◆高い方に移る、昇る、登る◆順序・時間などが前、前の方にある◆前の方に移る◆等級・品質などが高い、優れている◆殿様、皇
kk_頂戴_ちょうだい,頂戴,ちょうだい,頂:◆頭の天辺(てっぺん、「頂辺」とも書く)、立っているものの最も高いところ、「頂上(チョウジョウ)」◆頭に載(の)せる、頭でものを受ける、上が平らで脚が付いている; 戴:◆頭などの上に載(の)せる、被(かぶ)る、身に着ける◆首(シュ、国・組織・集団の長)として高く推(お)し上げる、崇(あが)める、奉(たてまつ)る◆[日]人からも,N3,other,mixed+mixed~,,頂:◆頭の天辺(てっぺん、「頂辺」とも書く)、立っているものの最も高いところ、「頂上(チョウジョウ)」◆頭に載(の)せる、頭でものを受ける、上が平らで脚が付いている; 戴:◆頭などの上に載(の)せる、被(かぶ)る、身に着ける◆首(シュ、国・組織・集団の長)として高く推(お)し上げる、崇(あが)める、奉(たてまつ)る◆[日]人からも
kk_頂点_ちょうてん,頂点,ちょうてん,頂:◆頭の天辺(てっぺん、「頂辺」とも書く)、立っているものの最も高いところ、「頂上(チョウジョウ)」◆頭に載(の)せる、頭でものを受ける、上が平らで脚が付いている; 点:◆小さな(黒い)染(し)み・瑕(きず)・印(しるし)、またそのようなものを付ける、「汚点(オテン)」◆小さく狭く限られた場所・範囲・位置・事柄、「地点(チテン),N3,on,on+on,,頂:◆頭の天辺(てっぺん、「頂辺」とも書く)、立っているものの最も高いところ、「頂上(チョウジョウ)」◆頭に載(の)せる、頭でものを受ける、上が平らで脚が付いている; 点:◆小さな(黒い)染(し)み・瑕(きず)・印(しるし)、またそのようなものを付ける、「汚点(オテン)」◆小さく狭く限られた場所・範囲・位置・事柄、「地点(チテン)
kk_項目_こうもく,項目,こうもく,項:◆うなじ、頸(くび、頭と胴の間にあって頭を支える部分)の後ろ側(背側)、同「脖」、前側は「頸」 ◆基準を定めて区分したその一つ一つ、「項目(コウモク)」; 目:◆眼(め、眼球ガンキュウ、黒目くろめ)・白目(しろめ、結膜ケツマク)・視神経などを含むものを見る器官全体、またその形状や様子や機能◆ものを見る、また見分ける◆眼,N3,on,on+on,,項:◆うなじ、頸(くび、頭と胴の間にあって頭を支える部分)の後ろ側(背側)、同「脖」、前側は「頸」 ◆基準を定めて区分したその一つ一つ、「項目(コウモク)」; 目:◆眼(め、眼球ガンキュウ、黒目くろめ)・白目(しろめ、結膜ケツマク)・視神経などを含むものを見る器官全体、またその形状や様子や機能◆ものを見る、また見分ける◆眼
kk_順に_じゅんに,順に,じゅんに,順:◆従うべき道筋や道理、また基準や規則◆道筋(道や道理や規則など)に沿って進む、道理や規則に沿う◆川や風の流れに逆らわずに進む、逆らわずに従う,N3,on,on,IL1_okurigana(kun 96%) | IL2_single_okuri(kun 96%),順:◆従うべき道筋や道理、また基準や規則◆道筋(道や道理や規則など)に沿って進む、道理や規則に沿う◆川や風の流れに逆らわずに進む、逆らわずに従う
kk_順序_じゅんじょ,順序,じゅんじょ,順:◆従うべき道筋や道理、また基準や規則◆道筋(道や道理や規則など)に沿って進む、道理や規則に沿う◆川や風の流れに逆らわずに進む、逆らわずに従う; 序:◆次第(シダイ)、順序◆述べる◆はしがき、文書の最初に記す文章、最後に記す文章は「跋」◆端緒、物事の始め◆中庭を囲むように東西南北に家屋を配する中国の伝統的様式,N3,on,on+on,A3_short_compound(on+on 71%) | B_noun_rad_广(kun 93%),順:◆従うべき道筋や道理、また基準や規則◆道筋(道や道理や規則など)に沿って進む、道理や規則に沿う◆川や風の流れに逆らわずに進む、逆らわずに従う; 序:◆次第(シダイ)、順序◆述べる◆はしがき、文書の最初に記す文章、最後に記す文章は「跋」◆端緒、物事の始め◆中庭を囲むように東西南北に家屋を配する中国の伝統的様式
kk_順番_じゅんばん,順番,じゅんばん,順:◆従うべき道筋や道理、また基準や規則◆道筋(道や道理や規則など)に沿って進む、道理や規則に沿う◆川や風の流れに逆らわずに進む、逆らわずに従う; 番:◆順に並んでいるものを次々に入れ替えながら繰り返すこと、またその順位、またその順位に当たること、「輪番(リンバン、順番に交替しながら繰り返すこと)」「當番(トウ,N3,on,on+on,,順:◆従うべき道筋や道理、また基準や規則◆道筋(道や道理や規則など)に沿って進む、道理や規則に沿う◆川や風の流れに逆らわずに進む、逆らわずに従う; 番:◆順に並んでいるものを次々に入れ替えながら繰り返すこと、またその順位、またその順位に当たること、「輪番(リンバン、順番に交替しながら繰り返すこと)」「當番(トウ
kk_順調_じゅんちょう,順調,じゅんちょう,順:◆従うべき道筋や道理、また基準や規則◆道筋(道や道理や規則など)に沿って進む、道理や規則に沿う◆川や風の流れに逆らわずに進む、逆らわずに従う; 調:◆整える、釣り合いを取る、バランスbalanceを取る、不均衡・不公平などでない状態にする、不快感・違和感などを感じない状態に整える、「調和(チョウワ)」◆音律,N3,on,on+on,B_verb_rad_言(kun 80%),順:◆従うべき道筋や道理、また基準や規則◆道筋(道や道理や規則など)に沿って進む、道理や規則に沿う◆川や風の流れに逆らわずに進む、逆らわずに従う; 調:◆整える、釣り合いを取る、バランスbalanceを取る、不均衡・不公平などでない状態にする、不快感・違和感などを感じない状態に整える、「調和(チョウワ)」◆音律
kk_領収書_りょうしゅうしょ,領収書,りょうしゅうしょ,領:◆項(うなじ)、頸(くび、頭と胴の間にあって頭を支える部分)の後ろ側(背側)◆首、頸(くび)◆衣服の首周りの縁(へり)の部分、首元で交差させるものは「交領(コウ; 収:◆あちこちから取り集めて一カ所に纏(まと)める◆収穫したものを一カ所に集める、また役所がその一部を取り立てて公庫(政府の倉庫など)に入れる◆罪人を捕(とら)らえ; 書:◆文字を筆(聿)などで記(しる)す、著(あらわ)す、「書物(ショモツ)」「文書(ブンショ)」◆手紙、「書信(ショシン)」◆「書経(ショキョウ、別名尚書ショウショ,N3,on,on+on+on,A4_multi_on(on+on+on 65%),領:◆項(うなじ)、頸(くび、頭と胴の間にあって頭を支える部分)の後ろ側(背側)◆首、頸(くび)◆衣服の首周りの縁(へり)の部分、首元で交差させるものは「交領(コウ; 収:◆あちこちから取り集めて一カ所に纏(まと)める◆収穫したものを一カ所に集める、また役所がその一部を取り立てて公庫(政府の倉庫など)に入れる◆罪人を捕(とら)らえ; 書:◆文字を筆(聿)などで記(しる)す、著(あらわ)す、「書物(ショモツ)」「文書(ブンショ)」◆手紙、「書信(ショシン)」◆「書経(ショキョウ、別名尚書ショウショ
kk_頬/ほほ_ほお,頬/ほほ,ほお,頬:◆顔の両側で目尻の下から上顎(うわあご)辺りまでの部分,N3,kun,kun,IL1_okurigana(kun 96%) | IL2_single_okuri(kun 96%),頬:◆顔の両側で目尻の下から上顎(うわあご)辺りまでの部分
kk_頭痛_ずつう,頭痛,ずつう,頭:◆身体の最上部(四足・多足の動物の場合は先端部)、胴体の肩よりも上(先)にある部分 ◆物事の端(はじ)、物事の始まり(先端、最初)や終わり(後端、最終)、「先頭; 痛:◆病気・傷・刺激などによって引き起こされる身体的な苦しみ◆精神的な苦しみや悲しみ◆甚(はなは)だ、非常に,N3,on,on+on,A3_short_compound(on+on 71%),頭:◆身体の最上部(四足・多足の動物の場合は先端部)、胴体の肩よりも上(先)にある部分 ◆物事の端(はじ)、物事の始まり(先端、最初)や終わり(後端、最終)、「先頭; 痛:◆病気・傷・刺激などによって引き起こされる身体的な苦しみ◆精神的な苦しみや悲しみ◆甚(はなは)だ、非常に
kk_頼み_たのみ,頼み,たのみ,頼:◆他に任(まか)せ切りにする、他を当てにする◆仕事や責任などを他に押し付ける、他のせいにする◆「無頼(ブライ)」◇他を当てにしない◇嘘ばかりで狡賢(ずるがしこ),N3,kun,kun,IL1_okurigana(kun 96%) | IL2_single_okuri(kun 96%),頼:◆他に任(まか)せ切りにする、他を当てにする◆仕事や責任などを他に押し付ける、他のせいにする◆「無頼(ブライ)」◇他を当てにしない◇嘘ばかりで狡賢(ずるがしこ)
kk_頼る_たよる,頼る,たよる,頼:◆他に任(まか)せ切りにする、他を当てにする◆仕事や責任などを他に押し付ける、他のせいにする◆「無頼(ブライ)」◇他を当てにしない◇嘘ばかりで狡賢(ずるがしこ),N3,kun,kun,IL1_okurigana(kun 96%) | IL2_single_okuri(kun 96%),頼:◆他に任(まか)せ切りにする、他を当てにする◆仕事や責任などを他に押し付ける、他のせいにする◆「無頼(ブライ)」◇他を当てにしない◇嘘ばかりで狡賢(ずるがしこ)
kk_額_ひたい,額,ひたい,額:◆髪の生え際から眉の上まで部分、顔の目より上の部分◆建物の正面入口や門の上部中央に掲げる平板、額(ひたい、顔の上部)と同じような位置に掲げることから◆予(あらか,N3,kun,kun,IL2_single_default(kun 84%),額:◆髪の生え際から眉の上まで部分、顔の目より上の部分◆建物の正面入口や門の上部中央に掲げる平板、額(ひたい、顔の上部)と同じような位置に掲げることから◆予(あらか
kk_顔色_かおいろ,顔色,かおいろ,顔:◆額(ひたい)◆頭の前面、前に向いている面、またその容貌や表情◆様子、情景、彩(あや)、彩(いろど)り; 色:◆視覚によって認識するものの内、形状以外のもの、(特に顔の)表情、彩(いろどり)り、具合(ぐあい)、様子◆男女間の情欲(ジョウヨク)◆種類、二色=二種類◆いろ、,N3,kun,kun+kun~,,顔:◆額(ひたい)◆頭の前面、前に向いている面、またその容貌や表情◆様子、情景、彩(あや)、彩(いろど)り; 色:◆視覚によって認識するものの内、形状以外のもの、(特に顔の)表情、彩(いろどり)り、具合(ぐあい)、様子◆男女間の情欲(ジョウヨク)◆種類、二色=二種類◆いろ、
kk_願う_ねがう,願う,ねがう,願:◆ひたすら欲しいと思う、望みが叶(かな)って欲しいとひたすら思う◆望むものが手に入るようにと希(こいねが)う、希望する◆ねが・わくは、～したい、～して欲しい、～,N3,kun,kun,IL1_okurigana(kun 96%) | IL2_single_okuri(kun 96%),願:◆ひたすら欲しいと思う、望みが叶(かな)って欲しいとひたすら思う◆望むものが手に入るようにと希(こいねが)う、希望する◆ねが・わくは、～したい、～して欲しい、～
kk_風景_ふうけい,風景,ふうけい,風:◆大気の流れや揺らぎ ◆(風に乗って)どこからともなく届いて来る話や様子◆(風のように自然に広まる)一般的な習慣や傾向◆譬える、似たもの◆かぜ、部首名; 景:◆光(ひかり)、光が当たることでできる影、光と影◆光と影があることで見える姿形(すがたかたち)や様子(ようす)・状態、「景色(ケイショク、けしき)」「風景(フウ,N3,on,on+on,,風:◆大気の流れや揺らぎ ◆(風に乗って)どこからともなく届いて来る話や様子◆(風のように自然に広まる)一般的な習慣や傾向◆譬える、似たもの◆かぜ、部首名; 景:◆光(ひかり)、光が当たることでできる影、光と影◆光と影があることで見える姿形(すがたかたち)や様子(ようす)・状態、「景色(ケイショク、けしき)」「風景(フウ
kk_飛び上がる_とびあがる,飛び上がる,とびあがる,飛:◆鳥や昆虫などが翼(つばさ)を羽ばたかせて空中を行く◆空中を移動する、「飛語(ヒゴ、素早く広まる話、根拠のない噂話)」◆(飛ぶように)ぱっと(速く)移動するさま; 上:◆位置・場所・地位などが高い、高い方にある◆高い方に移る、昇る、登る◆順序・時間などが前、前の方にある◆前の方に移る◆等級・品質などが高い、優れている◆殿様、皇,N3,kun,kun+kun~,IL1_okurigana(kun 96%) | A1_compound_oku(kun 90%) | A1_on_kun_mix(on+kun 65%),飛:◆鳥や昆虫などが翼(つばさ)を羽ばたかせて空中を行く◆空中を移動する、「飛語(ヒゴ、素早く広まる話、根拠のない噂話)」◆(飛ぶように)ぱっと(速く)移動するさま; 上:◆位置・場所・地位などが高い、高い方にある◆高い方に移る、昇る、登る◆順序・時間などが前、前の方にある◆前の方に移る◆等級・品質などが高い、優れている◆殿様、皇
kk_飛び出す_とびだす,飛び出す,とびだす,飛:◆鳥や昆虫などが翼(つばさ)を羽ばたかせて空中を行く◆空中を移動する、「飛語(ヒゴ、素早く広まる話、根拠のない噂話)」◆(飛ぶように)ぱっと(速く)移動するさま; 出:◆範囲・領域・組織や区切り・境界の内(内側、内部、裏側、こちら側、私的なところ)から外(外側、外部、表側、向こう側、公のところ)に移る、また移す、外から内へ移る,N3,kun,kun+kun~,IL1_okurigana(kun 96%) | A1_compound_oku(kun 90%) | A1_on_kun_mix(on+kun 65%),飛:◆鳥や昆虫などが翼(つばさ)を羽ばたかせて空中を行く◆空中を移動する、「飛語(ヒゴ、素早く広まる話、根拠のない噂話)」◆(飛ぶように)ぱっと(速く)移動するさま; 出:◆範囲・領域・組織や区切り・境界の内(内側、内部、裏側、こちら側、私的なところ)から外(外側、外部、表側、向こう側、公のところ)に移る、また移す、外から内へ移る
kk_飛び込む_とびこむ,飛び込む,とびこむ,飛:◆鳥や昆虫などが翼(つばさ)を羽ばたかせて空中を行く◆空中を移動する、「飛語(ヒゴ、素早く広まる話、根拠のない噂話)」◆(飛ぶように)ぱっと(速く)移動するさま; 込:◆[日]中に(内に、裏に、見えないところに)入(はい)る、入(い)れる,N3,kun,kun+kun~,IL1_okurigana(kun 96%) | A1_compound_oku(kun 90%) | A1_on_kun_mix(on+kun 65%),飛:◆鳥や昆虫などが翼(つばさ)を羽ばたかせて空中を行く◆空中を移動する、「飛語(ヒゴ、素早く広まる話、根拠のない噂話)」◆(飛ぶように)ぱっと(速く)移動するさま; 込:◆[日]中に(内に、裏に、見えないところに)入(はい)る、入(い)れる
kk_食品_しょくひん,食品,しょくひん,食:◆(固形の食べ物を)口の中でよく噛んで胃に入れる、よく噛んで胃に入れるもの、噛まずに胃に入れるのは「飲」◆(生きていくために必要な食べ物を得るための)俸禄(ホウ; 品:◆物(もの)、多くの物、様々な物◆もの(人や物)の本質・価値・程度を判断する◆ものの値打ち、また価値、また程度・等級,N3,on,on+on,,食:◆(固形の食べ物を)口の中でよく噛んで胃に入れる、よく噛んで胃に入れるもの、噛まずに胃に入れるのは「飲」◆(生きていくために必要な食べ物を得るための)俸禄(ホウ; 品:◆物(もの)、多くの物、様々な物◆もの(人や物)の本質・価値・程度を判断する◆ものの値打ち、また価値、また程度・等級
kk_食器_しょっき,食器,しょっき,食:◆(固形の食べ物を)口の中でよく噛んで胃に入れる、よく噛んで胃に入れるもの、噛まずに胃に入れるのは「飲」◆(生きていくために必要な食べ物を得るための)俸禄(ホウ; 器:◆入れもの、(周りや底を囲って)中にものを入れるためのもの、「食器(ショッキ)」◆中に入る量、ものを受け入れることができる量、入れ物の大きさ、「器量(キリョウ),N3,on,on+on,A3_short_compound(on+on 71%),食:◆(固形の食べ物を)口の中でよく噛んで胃に入れる、よく噛んで胃に入れるもの、噛まずに胃に入れるのは「飲」◆(生きていくために必要な食べ物を得るための)俸禄(ホウ; 器:◆入れもの、(周りや底を囲って)中にものを入れるためのもの、「食器(ショッキ)」◆中に入る量、ものを受け入れることができる量、入れ物の大きさ、「器量(キリョウ)
kk_食料_しょくりょう,食料,しょくりょう,食:◆(固形の食べ物を)口の中でよく噛んで胃に入れる、よく噛んで胃に入れるもの、噛まずに胃に入れるのは「飲」◆(生きていくために必要な食べ物を得るための)俸禄(ホウ; 料:◆升(ます、枡)で米などの物の嵩(かさ)を量(はか)る◆人や物の資質(シシツ)を量る、推(お)し量る、見当を付ける◆ものを作る際に量を決めて使うもの、それを使っ,N3,on,on+on,,食:◆(固形の食べ物を)口の中でよく噛んで胃に入れる、よく噛んで胃に入れるもの、噛まずに胃に入れるのは「飲」◆(生きていくために必要な食べ物を得るための)俸禄(ホウ; 料:◆升(ます、枡)で米などの物の嵩(かさ)を量(はか)る◆人や物の資質(シシツ)を量る、推(お)し量る、見当を付ける◆ものを作る際に量を決めて使うもの、それを使っ
kk_食欲_しょくよく,食欲,しょくよく,食:◆(固形の食べ物を)口の中でよく噛んで胃に入れる、よく噛んで胃に入れるもの、噛まずに胃に入れるのは「飲」◆(生きていくために必要な食べ物を得るための)俸禄(ホウ; 欲:◆望むものを得(え)たいと思う、望むようにしたい(なりたい)と思う、またそれを強く望む、「貪欲(ドンヨク、貪慾)」、同「慾」◆～しそうである、～になりそうである,N3,on,on+on,,食:◆(固形の食べ物を)口の中でよく噛んで胃に入れる、よく噛んで胃に入れるもの、噛まずに胃に入れるのは「飲」◆(生きていくために必要な食べ物を得るための)俸禄(ホウ; 欲:◆望むものを得(え)たいと思う、望むようにしたい(なりたい)と思う、またそれを強く望む、「貪欲(ドンヨク、貪慾)」、同「慾」◆～しそうである、～になりそうである
kk_食物_しょくもつ,食物,しょくもつ,食:◆(固形の食べ物を)口の中でよく噛んで胃に入れる、よく噛んで胃に入れるもの、噛まずに胃に入れるのは「飲」◆(生きていくために必要な食べ物を得るための)俸禄(ホウ; 物:◆(天地の間に存在する)人以外の形のあるもの、人は「者」、形のないものは「事」,N3,on,on+on,B_noun_rad_牛(kun 93%),食:◆(固形の食べ物を)口の中でよく噛んで胃に入れる、よく噛んで胃に入れるもの、噛まずに胃に入れるのは「飲」◆(生きていくために必要な食べ物を得るための)俸禄(ホウ; 物:◆(天地の間に存在する)人以外の形のあるもの、人は「者」、形のないものは「事」
kk_食費_しょくひ,食費,しょくひ,食:◆(固形の食べ物を)口の中でよく噛んで胃に入れる、よく噛んで胃に入れるもの、噛まずに胃に入れるのは「飲」◆(生きていくために必要な食べ物を得るための)俸禄(ホウ; 費:◆金銭・品物・労力などを使う、時間・手間などがかかる◆ものなどを買うために用いる金銭、「費用(ヒヨウ)」◆使い減らす、「浪費(ロウヒ)」◆魯ロ国(前11世紀～前,N3,on,on+on,A3_short_compound(on+on 71%),食:◆(固形の食べ物を)口の中でよく噛んで胃に入れる、よく噛んで胃に入れるもの、噛まずに胃に入れるのは「飲」◆(生きていくために必要な食べ物を得るための)俸禄(ホウ; 費:◆金銭・品物・労力などを使う、時間・手間などがかかる◆ものなどを買うために用いる金銭、「費用(ヒヨウ)」◆使い減らす、「浪費(ロウヒ)」◆魯ロ国(前11世紀～前
kk_飼う_かう,飼う,かう,飼:◆食糧、特に動物に与える食糧◆餌(えさ)を与える、食物を与えて養う、同「飤」,N3,kun,kun,IL1_okurigana(kun 96%) | IL2_single_okuri(kun 96%),飼:◆食糧、特に動物に与える食糧◆餌(えさ)を与える、食物を与えて養う、同「飤」
kk_飽きる_あきる,飽きる,あきる,飽:◆十分に食べたり飲んだりして腹がいっぱいになる、満腹になる◆満ち足りる、満足する◆十分な量や程度を超える、もうこれ以上は要(い)らないというほどになる、十分に過,N3,kun,kun,IL1_okurigana(kun 96%) | IL2_single_okuri(kun 96%),飽:◆十分に食べたり飲んだりして腹がいっぱいになる、満腹になる◆満ち足りる、満足する◆十分な量や程度を超える、もうこれ以上は要(い)らないというほどになる、十分に過
kk_餅_もち,餅,もち,餅:◆小麦粉や米粉など(日本では糯米)に水を加えて捏(こ)ね平らにした食べ物◆丸く平らな食べ物、丸く平らなもの,N3,kun,kun,IL2_single_default(kun 84%),餅:◆小麦粉や米粉など(日本では糯米)に水を加えて捏(こ)ね平らにした食べ物◆丸く平らな食べ物、丸く平らなもの
kk_餌_えさ,餌,えさ,餌:◆小麦粉や米粉などに水などを加え蒸して柔らかくした食べ物の総称◆米と肉を柔らかくなるまで煮込んだ食べ物◆動物に与える食べ物、鳥獣を捕(と)らえるための食べ物◆(,N3,kun,kun,IL2_single_default(kun 84%),餌:◆小麦粉や米粉などに水などを加え蒸して柔らかくした食べ物の総称◆米と肉を柔らかくなるまで煮込んだ食べ物◆動物に与える食べ物、鳥獣を捕(と)らえるための食べ物◆(
kk_首相_しゅしょう,首相,しゅしょう,首:◆頭と頭を支える部分、多く「頭を支える部分」の意で用いられるが、本来は頭と頸(くび、頭と胴の間にあって頭を支える部分)を合わせた部分を指す、「首級(シュキュウ、; 相:◆(対象となるものを)よく見る◆互(たが)いに～(しあう)、「互相(ゴソウ、相互ソウゴ)」◆二つのものの間に起こること、また関係し合うこと、片方から他方へ働き掛,N3,on,on+on,A3_short_compound(on+on 71%),首:◆頭と頭を支える部分、多く「頭を支える部分」の意で用いられるが、本来は頭と頸(くび、頭と胴の間にあって頭を支える部分)を合わせた部分を指す、「首級(シュキュウ、; 相:◆(対象となるものを)よく見る◆互(たが)いに～(しあう)、「互相(ゴソウ、相互ソウゴ)」◆二つのものの間に起こること、また関係し合うこと、片方から他方へ働き掛
kk_首都_しゅと,首都,しゅと,首:◆頭と頭を支える部分、多く「頭を支える部分」の意で用いられるが、本来は頭と頸(くび、頭と胴の間にあって頭を支える部分)を合わせた部分を指す、「首級(シュキュウ、; 都:◆天子や天皇が主として住むところ、先君を祭る宗廟を置くところ◆国の中心的な町、人が多く集まる大きな町◆多くのものが集まる、多くのものが集まるところ◆盛んなさま、,N3,on,on+on,A3_short_compound(on+on 71%),首:◆頭と頭を支える部分、多く「頭を支える部分」の意で用いられるが、本来は頭と頸(くび、頭と胴の間にあって頭を支える部分)を合わせた部分を指す、「首級(シュキュウ、; 都:◆天子や天皇が主として住むところ、先君を祭る宗廟を置くところ◆国の中心的な町、人が多く集まる大きな町◆多くのものが集まる、多くのものが集まるところ◆盛んなさま、
kk_香り_かおり,香り,かおり,香:◆(穀物の)良い匂い、甘く芳(かぐわ)しい匂い、同「𪏽」「䅨」◆芳(かんば)しい、甘く芳(かぐわ)しい◆甘く良い匂いを発するもの◆美味(おい)しい、美味しいそう,N3,kun,kun,IL1_okurigana(kun 96%) | IL2_single_okuri(kun 96%),香:◆(穀物の)良い匂い、甘く芳(かぐわ)しい匂い、同「𪏽」「䅨」◆芳(かんば)しい、甘く芳(かぐわ)しい◆甘く良い匂いを発するもの◆美味(おい)しい、美味しいそう
kk_馬鹿らしい_ばからしい,馬鹿らしい,ばからしい,馬:◆ウマ(馬)、ウマ科の哺乳類の総称◆うま、うまへん、部首名; 鹿:◆シカ(鹿)、シカ科の哺乳類の総称◆権力またその地位◆穀物などを貯蔵するための方形の倉庫、円形は「囷」◆しか、しかへん、部首名,N3,mixed,on+kun,IL1_okurigana(kun 96%) | A1_compound_oku(kun 90%) | A1_on_kun_mix(on+kun 65%),馬:◆ウマ(馬)、ウマ科の哺乳類の総称◆うま、うまへん、部首名; 鹿:◆シカ(鹿)、シカ科の哺乳類の総称◆権力またその地位◆穀物などを貯蔵するための方形の倉庫、円形は「囷」◆しか、しかへん、部首名
kk_駐車_ちゅうしゃ,駐車,ちゅうしゃ,駐:◆馬また馬車を停(と)めておく◆止まって同じ場所や状態に留(とど)まる、一般には「停」よりも長期間留まることをいう; 車:◆二つの輪(リン、車輪)の中心に軸(ジク、車軸)を通し、その上に人や物を乗せるための台(車台)を設(しつら)えたもの ◆輪状・円状のものが軸を中心として回転する,N3,on,on+on,A3_short_compound(on+on 71%),駐:◆馬また馬車を停(と)めておく◆止まって同じ場所や状態に留(とど)まる、一般には「停」よりも長期間留まることをいう; 車:◆二つの輪(リン、車輪)の中心に軸(ジク、車軸)を通し、その上に人や物を乗せるための台(車台)を設(しつら)えたもの ◆輪状・円状のものが軸を中心として回転する
kk_騒音_そうおん,騒音,そうおん,騒:◆苛立(いらだ)って落ち着きがなくなる、そわそわする◆ざわざわする、がやがやする、多くの物や事が入り乱れて秩序がなくなる◆思い煩(わずら)って落ち着かない; 音:◆聴覚で認識できるものの総称、特に楽器のもの、高低強弱などの抑揚がある音が連続し全体として意味を持つものを「声」◆耳に届いて来るもの、便り◆[日]漢字の中国伝来,N3,on,on+on,,騒:◆苛立(いらだ)って落ち着きがなくなる、そわそわする◆ざわざわする、がやがやする、多くの物や事が入り乱れて秩序がなくなる◆思い煩(わずら)って落ち着かない; 音:◆聴覚で認識できるものの総称、特に楽器のもの、高低強弱などの抑揚がある音が連続し全体として意味を持つものを「声」◆耳に届いて来るもの、便り◆[日]漢字の中国伝来
kk_騙す_だます,騙す,だます,騙:◆ひらりと馬に飛び乗る、同「騗」「𩤬」◆だま・す、かた・る、本当ではないことを本当のことだと巧みに信じ込ませる、誑(たぶら)かす、欺(あざむ)く、「哄騙(コウヘ,N3,kun,kun,IL1_okurigana(kun 96%) | IL2_single_okuri(kun 96%),騙:◆ひらりと馬に飛び乗る、同「騗」「𩤬」◆だま・す、かた・る、本当ではないことを本当のことだと巧みに信じ込ませる、誑(たぶら)かす、欺(あざむ)く、「哄騙(コウヘ
kk_驚かす_おどろかす,驚かす,おどろかす,驚:◆(馬が)不意のことにぎょっとする、びっくりする、同簡「惊」,N3,kun,kun,IL1_okurigana(kun 96%) | IL2_single_okuri(kun 96%),驚:◆(馬が)不意のことにぎょっとする、びっくりする、同簡「惊」
kk_骨_ほね,骨,ほね,骨:◆脊椎(セキツイ)動物の体の内側にあって、体の各組織の位置や形を支え、保ち、また保護する役目を担う堅い組織◆人の芯(シン)を貫いているもの、人となり、人としての,N3,kun,kun,IL2_single_default(kun 84%),骨:◆脊椎(セキツイ)動物の体の内側にあって、体の各組織の位置や形を支え、保ち、また保護する役目を担う堅い組織◆人の芯(シン)を貫いているもの、人となり、人としての
kk_骨折_こっせつ,骨折,こっせつ,"骨:◆脊椎(セキツイ)動物の体の内側にあって、体の各組織の位置や形を支え、保ち、また保護する役目を担う堅い組織◆人の芯(シン)を貫いているもの、人となり、人としての; 折:◆まっすぐなものや平らなものを途中から""Ｖ""字形に曲げる、また曲げて畳む、同「㪿」、単に""Ｕ""字形のように曲げるのではなく折り目が付くようにしっかりと曲げること",N3,on,on+on,B_verb_rad_手(kun 80%),"骨:◆脊椎(セキツイ)動物の体の内側にあって、体の各組織の位置や形を支え、保ち、また保護する役目を担う堅い組織◆人の芯(シン)を貫いているもの、人となり、人としての; 折:◆まっすぐなものや平らなものを途中から""Ｖ""字形に曲げる、また曲げて畳む、同「㪿」、単に""Ｕ""字形のように曲げるのではなく折り目が付くようにしっかりと曲げること"
kk_高まる_たかまる,高まる,たかまる,高:◆上下の方向で上の方、標準的・平均的な程度よりも上にある◆幾つかのものを比べた時に上にある、また優(すぐ)れている、また尊(とうと)い◆標準・基準や想定・期待を,N3,kun,kun,IL1_okurigana(kun 96%) | IL2_single_okuri(kun 96%),高:◆上下の方向で上の方、標準的・平均的な程度よりも上にある◆幾つかのものを比べた時に上にある、また優(すぐ)れている、また尊(とうと)い◆標準・基準や想定・期待を
kk_高める_たかめる,高める,たかめる,高:◆上下の方向で上の方、標準的・平均的な程度よりも上にある◆幾つかのものを比べた時に上にある、また優(すぐ)れている、また尊(とうと)い◆標準・基準や想定・期待を,N3,kun,kun,IL1_okurigana(kun 96%) | IL2_single_okuri(kun 96%),高:◆上下の方向で上の方、標準的・平均的な程度よりも上にある◆幾つかのものを比べた時に上にある、また優(すぐ)れている、また尊(とうと)い◆標準・基準や想定・期待を
kk_高層_こうそう,高層,こうそう,高:◆上下の方向で上の方、標準的・平均的な程度よりも上にある◆幾つかのものを比べた時に上にある、また優(すぐ)れている、また尊(とうと)い◆標準・基準や想定・期待を; 層:◆同質のものが積み重(かさ)なる、また繰り返される、同「曾」◆二階以上の建物、その重なった有様、同「樓」◆階級、等級,N3,on,on+on,,高:◆上下の方向で上の方、標準的・平均的な程度よりも上にある◆幾つかのものを比べた時に上にある、また優(すぐ)れている、また尊(とうと)い◆標準・基準や想定・期待を; 層:◆同質のものが積み重(かさ)なる、また繰り返される、同「曾」◆二階以上の建物、その重なった有様、同「樓」◆階級、等級
kk_高級_こうきゅう,高級,こうきゅう,高:◆上下の方向で上の方、標準的・平均的な程度よりも上にある◆幾つかのものを比べた時に上にある、また優(すぐ)れている、また尊(とうと)い◆標準・基準や想定・期待を; 級:◆品質や地位などの程度◆上下の順序、同「𨸚」「階」◆切り取った敵の首(くび),N3,on,on+on,,高:◆上下の方向で上の方、標準的・平均的な程度よりも上にある◆幾つかのものを比べた時に上にある、また優(すぐ)れている、また尊(とうと)い◆標準・基準や想定・期待を; 級:◆品質や地位などの程度◆上下の順序、同「𨸚」「階」◆切り取った敵の首(くび)
kk_高速_こうそく,高速,こうそく,高:◆上下の方向で上の方、標準的・平均的な程度よりも上にある◆幾つかのものを比べた時に上にある、また優(すぐ)れている、また尊(とうと)い◆標準・基準や想定・期待を; 速:◆あっという間に、瞬(またた)く間に、間を置かずに、さっと◆疾(はや)い、あっという間に位置が変わる、また通り過ぎて行く、同「遬」◆間を置かずに動作・反応・対応,N3,on,on+on,,高:◆上下の方向で上の方、標準的・平均的な程度よりも上にある◆幾つかのものを比べた時に上にある、また優(すぐ)れている、また尊(とうと)い◆標準・基準や想定・期待を; 速:◆あっという間に、瞬(またた)く間に、間を置かずに、さっと◆疾(はや)い、あっという間に位置が変わる、また通り過ぎて行く、同「遬」◆間を置かずに動作・反応・対応
kk_高～_こう～,高～,こう～,高:◆上下の方向で上の方、標準的・平均的な程度よりも上にある◆幾つかのものを比べた時に上にある、また優(すぐ)れている、また尊(とうと)い◆標準・基準や想定・期待を,N3,on,on,IL2_single_default(kun 84%),高:◆上下の方向で上の方、標準的・平均的な程度よりも上にある◆幾つかのものを比べた時に上にある、また優(すぐ)れている、また尊(とうと)い◆標準・基準や想定・期待を
kk_髪型_かみがた,髪型,かみがた,髪:◆人の頭部の毛 ◆(山に生える草木が頭に生える髪に似ていることから)草木; 型:◆これから作ろうとする物の形に作ったもの、溶かした金属を流し入れて目的の形に造るためのもの、「鋳型(いがた)」、木製は「模」、竹製は「範」◆模範(モハン)、手本,N3,other,mixed+mixed~,,髪:◆人の頭部の毛 ◆(山に生える草木が頭に生える髪に似ていることから)草木; 型:◆これから作ろうとする物の形に作ったもの、溶かした金属を流し入れて目的の形に造るためのもの、「鋳型(いがた)」、木製は「模」、竹製は「範」◆模範(モハン)、手本
kk_鬼_おに,鬼,おに,鬼:◆人の死後(肉体は滅びても)滅びず彷徨(さまよ)うとされる霊魂◆(姿は見えないが)人に災いを齎(もたら)すもの◆(鬼のように)恐ろしい、無慈悲な、並外れた◆人の,N3,kun,kun,IL2_single_default(kun 84%),鬼:◆人の死後(肉体は滅びても)滅びず彷徨(さまよ)うとされる霊魂◆(姿は見えないが)人に災いを齎(もたら)すもの◆(鬼のように)恐ろしい、無慈悲な、並外れた◆人の
kk_魅力_みりょく,魅力,みりょく,魅:◆人の心を引き付けて惑わす◆得体の知れない怪しいもの、物の怪(もののけ)、妖怪(ヨウカイ)、同「鬽」◆山林の精気から生じ人に災(わざわ)いを齎(もたら)すという; 力:◆ものを動かすもの、ものを動かしているもの、ものに働(はたら)くもの、「強力(キョウリョク、強い力)」◆働く、務(つと)める、勤(つと)める、「努力(ドリョク、,N3,on,on+on,A3_short_compound(on+on 71%) | B_verb_rad_力(kun 80%),魅:◆人の心を引き付けて惑わす◆得体の知れない怪しいもの、物の怪(もののけ)、妖怪(ヨウカイ)、同「鬽」◆山林の精気から生じ人に災(わざわ)いを齎(もたら)すという; 力:◆ものを動かすもの、ものを動かしているもの、ものに働(はたら)くもの、「強力(キョウリョク、強い力)」◆働く、務(つと)める、勤(つと)める、「努力(ドリョク、
kk_鰻_うなぎ,鰻,うなぎ,鰻:◆ウナギ(鰻)、ウナギ目の魚の総称、「鰻鱺(バンレイ)」◆ウナギ似た細長い形の魚の呼称、「海鰻(カイマン、ハモ)」「蛇鰻(シャマン、ウミヘビ)」,N3,kun,kun,IL2_single_default(kun 84%) | B_noun_rad_魚(kun 93%),鰻:◆ウナギ(鰻)、ウナギ目の魚の総称、「鰻鱺(バンレイ)」◆ウナギ似た細長い形の魚の呼称、「海鰻(カイマン、ハモ)」「蛇鰻(シャマン、ウミヘビ)」
kk_鳴き声_なきごえ,鳴き声,なきごえ,鳴:◆鳥が声を発する、またその声◆鳥・獣(けもの)・昆虫などの発する声、楽器や物などが発する音、またその音がする、またその音が伝わり聞こえて来る; 声:◆磬(ケイ、石また玉製の打楽器)、またその音◆人や動物が口から発する音、一般には高低強弱などの抑揚がある音が連続し全体として意味を持つものを指す、意味をなさない,N3,other,mixed+mixed~,IL1_okurigana(kun 96%) | A1_compound_oku(kun 90%) | A1_on_kun_mix(on+kun 65%),鳴:◆鳥が声を発する、またその声◆鳥・獣(けもの)・昆虫などの発する声、楽器や物などが発する音、またその音がする、またその音が伝わり聞こえて来る; 声:◆磬(ケイ、石また玉製の打楽器)、またその音◆人や動物が口から発する音、一般には高低強弱などの抑揚がある音が連続し全体として意味を持つものを指す、意味をなさない
kk_麺類_めんるい,麺類,めんるい,麺:◆小麦などを挽(ひ)いて粉末状にしたもの、「麵粉(メンフン)」、同「麪」◆小麦粉などを使った各種食品、餅状(平らに延ばしたもの)また麺状(細くしたもの)にしたも; 類:◆よく似ている、よく似たもの、よく似たものの集まり◆性格・性質が共通しているもの、またその集まり◆凡そ、大体、「似たもの、似ている」の意,N3,on,on+on,,麺:◆小麦などを挽(ひ)いて粉末状にしたもの、「麵粉(メンフン)」、同「麪」◆小麦粉などを使った各種食品、餅状(平らに延ばしたもの)また麺状(細くしたもの)にしたも; 類:◆よく似ている、よく似たもの、よく似たものの集まり◆性格・性質が共通しているもの、またその集まり◆凡そ、大体、「似たもの、似ている」の意
kk_黴_かび,黴,かび,黴:◆キノコのように大きくならない真菌(しんきん)の一つ、またそれが繁殖することによって黒ずむ、同「霉」◆点々と黒ずむ、またくすむ、点々とした染(し)みになる、点々,N3,kun,kun,IL2_single_default(kun 84%),黴:◆キノコのように大きくならない真菌(しんきん)の一つ、またそれが繁殖することによって黒ずむ、同「霉」◆点々と黒ずむ、またくすむ、点々とした染(し)みになる、点々
kk_鼠_ねずみ,鼠,ねずみ,鼠:◆ネズミ(鼠)、齧歯(ゲッシク)目ネズミ上科に分類される哺乳類の総称、「老鼠(ロウソ)」◆「首鼠(シュソ)」、首だけを出してきょろきょろと周(あた)りを窺(うか,N3,kun,kun,IL2_single_default(kun 84%),鼠:◆ネズミ(鼠)、齧歯(ゲッシク)目ネズミ上科に分類される哺乳類の総称、「老鼠(ロウソ)」◆「首鼠(シュソ)」、首だけを出してきょろきょろと周(あた)りを窺(うか
kk_鼻水_はなみず,鼻水,はなみず,鼻:◆一般に動物(ヒト人を含む)の顔の中央にあって呼吸したり匂(にお)いを感じるための隆起(リュウキ)した器官 ◆(動物の体の先にある顔から更に突き出ていることから; 水:◆器などに入れると水平になる(器に合わせて形を変える)液体、液状のもの、酸素と水素からなる液体 H<sub>2</sub>O、(一般には人工的に他のものを加えて,N3,kun,kun+kun~,,鼻:◆一般に動物(ヒト人を含む)の顔の中央にあって呼吸したり匂(にお)いを感じるための隆起(リュウキ)した器官 ◆(動物の体の先にある顔から更に突き出ていることから; 水:◆器などに入れると水平になる(器に合わせて形を変える)液体、液状のもの、酸素と水素からなる液体 H<sub>2</sub>O、(一般には人工的に他のものを加えて
kk_鼾_いびき,鼾,いびき,鼾:◆睡眠中の鼻息(ビソク、はないき)の音、寝息(ねいき)の音、同「嚊」,N3,kun,kun,IL2_single_default(kun 84%),鼾:◆睡眠中の鼻息(ビソク、はないき)の音、寝息(ねいき)の音、同「嚊」
kk_（法）piment_ピーマン,（法）piment,ピーマン,法:◆規律を維持するための決まり、守り従うべき制度や規則、私的なものではなく公(おおやけ)のものを指す◆標準的な或いは慣例となっているやり方、またそれらに従う◆基準,N3,other,unknown,IL2_single_default(kun 84%),法:◆規律を維持するための決まり、守り従うべき制度や規則、私的なものではなく公(おおやけ)のものを指す◆標準的な或いは慣例となっているやり方、またそれらに従う◆基準
kk_（真逆）_まさか,（真逆）,まさか,"真:◆手が加えられていない、本来の、本当の、確かな、嘘(うそ)や偽(いつわ)りがない◆正しい、正当な; 逆:◆""→""向きに進むべきものが""←""向きに進む、進むべき道(道理や道徳など)に反する、本来の(一般的な)方向や順序と反対向きである、「逆行(ギャッコウ)」「逆流(",N3,kun,kun+kun~,A3_short_compound(on+on 71%),"真:◆手が加えられていない、本来の、本当の、確かな、嘘(うそ)や偽(いつわ)りがない◆正しい、正当な; 逆:◆""→""向きに進むべきものが""←""向きに進む、進むべき道(道理や道徳など)に反する、本来の(一般的な)方向や順序と反対向きである、「逆行(ギャッコウ)」「逆流("
kk_～一_～いち,～一,～いち,一:◆最初、最初の数、最も小さい数、同「壹」 ◆(幾つかあるものの内の、全体の中の)一つ、一つの、一つに、それだけ、ひたすら、同「壹」◆同じ、等しい、「同じ一つのも,N3,other,unknown,IL2_single_default(kun 84%),一:◆最初、最初の数、最も小さい数、同「壹」 ◆(幾つかあるものの内の、全体の中の)一つ、一つの、一つに、それだけ、ひたすら、同「壹」◆同じ、等しい、「同じ一つのも
kk_～不足_～ぶそく,～不足,～ぶそく,不:◆～でない、～ない、not、no、否定の語、同「弗」、「不可(フカ、認められない、してはならない)」「不知(フチ、知らない)」◆否(いな)、いや、いいや、同意で; 足:◆体や物体の一部で、胴から分かれ出て伸び、地に接して体を支えたり、歩行・走行・跳躍などの運動機能を担う部分、現代の中国では「脚」◆「歩く」「走る」などの足を使っ,N3,on,on+on,B_verb_rad_足(kun 80%),不:◆～でない、～ない、not、no、否定の語、同「弗」、「不可(フカ、認められない、してはならない)」「不知(フチ、知らない)」◆否(いな)、いや、いいや、同意で; 足:◆体や物体の一部で、胴から分かれ出て伸び、地に接して体を支えたり、歩行・走行・跳躍などの運動機能を担う部分、現代の中国では「脚」◆「歩く」「走る」などの足を使っ
kk_～付き_～つき,～付き,～つき,付:◆手ずから授(さず)ける、直接手を取って与える、同「仅」◆渡し与える、渡して任せる、委(ゆだ)ねる◆[日]他のものに加える、また添える、また足す、同「附」,N3,kun,kun,IL1_okurigana(kun 96%) | IL2_single_okuri(kun 96%),付:◆手ずから授(さず)ける、直接手を取って与える、同「仅」◆渡し与える、渡して任せる、委(ゆだ)ねる◆[日]他のものに加える、また添える、また足す、同「附」
kk_～作り/造り_～づくり,～作り/造り,～づくり,作:◆働(はたらく)く、力や手を加える、為(な)す、「作業(サギョウ)」「作為(サクイ)」◆力や手を加えることによって物事や状態を変化させる、また他に影響を与える、; 造:◆(素材に手を加えて、組み合わせて)作り上げる◆成(な)る、為(な)す、成し遂(と)げる◆到(いた)る、行き着く◆慌てる、慌ただしい◆「造次(ゾウジ)」◇ごく短,N3,other,mixed+mixed~,IL1_okurigana(kun 96%) | A1_compound_oku(kun 90%) | A1_on_kun_mix(on+kun 65%),作:◆働(はたらく)く、力や手を加える、為(な)す、「作業(サギョウ)」「作為(サクイ)」◆力や手を加えることによって物事や状態を変化させる、また他に影響を与える、; 造:◆(素材に手を加えて、組み合わせて)作り上げる◆成(な)る、為(な)す、成し遂(と)げる◆到(いた)る、行き着く◆慌てる、慌ただしい◆「造次(ゾウジ)」◇ごく短
kk_～先_～さき,～先,～さき,先:◆基準になる位置や時間よりも前、同「前」、逆は「後」◆前に向かって進む、またその方向、同「前」◆以前、時間的に過去の方向◆ま・ず、最初に、～の前に,N3,kun,kun,IL2_single_default(kun 84%),先:◆基準になる位置や時間よりも前、同「前」、逆は「後」◆前に向かって進む、またその方向、同「前」◆以前、時間的に過去の方向◆ま・ず、最初に、～の前に
kk_～別_～べつ,～別,～べつ,別:◆切って分(わ)ける、分離する、分けて離す、分けたものが繋(つな)がっていない状態にする◆分かれる、分かれ離れる◆他と繋がりがない、他とは違う、異なる◆他(ほか,N3,other,unknown,IL2_single_default(kun 84%) | B_verb_rad_刀(kun 80%),別:◆切って分(わ)ける、分離する、分けて離す、分けたものが繋(つな)がっていない状態にする◆分かれる、分かれ離れる◆他と繋がりがない、他とは違う、異なる◆他(ほか
kk_～化_～か,～化,～か,化:◆性質・形状・状態などが元とは全く違ったものに変わる、まだ元の様子が分かる程度の変化は「変」◆他の影響を受けて、また時間を経ることによって考えや態度などが変わる,N3,other,unknown,IL2_single_default(kun 84%),化:◆性質・形状・状態などが元とは全く違ったものに変わる、まだ元の様子が分かる程度の変化は「変」◆他の影響を受けて、また時間を経ることによって考えや態度などが変わる
kk_～号_～ごう,～号,～ごう,号:◆大声を出す、大声で呼ぶ、「号令(ゴウレイ)」「怒号(ドゴウ)」◆大きな声で泣く、また鳴く、また吼(ほ)える、「号泣(ゴウキュウ)」◆名付ける、正式な名前、「称,N3,on,on~,IL2_on_only(on 99%),号:◆大声を出す、大声で呼ぶ、「号令(ゴウレイ)」「怒号(ドゴウ)」◆大きな声で泣く、また鳴く、また吼(ほ)える、「号泣(ゴウキュウ)」◆名付ける、正式な名前、「称
kk_～同士_～どうし,～同士,～どうし,同:◆一所(ひとところ)に人が集まる、一緒になる◆意見や行動などを共にする◆一様なさま、揃っているさま◆～と等しい、～と共に◆「胡同(コドウ)」、町中を縦横に走る道; 士:◆男(おとこ)、男子◆実務を担(にな)う下級の役人、またその官職名◆学徳や知能に秀(ひい)でた人、有能な人◆兵(つわもの)、「兵士(ヘイシ)」「士卒(シソツ)」,N3,on,on+on,,同:◆一所(ひとところ)に人が集まる、一緒になる◆意見や行動などを共にする◆一様なさま、揃っているさま◆～と等しい、～と共に◆「胡同(コドウ)」、町中を縦横に走る道; 士:◆男(おとこ)、男子◆実務を担(にな)う下級の役人、またその官職名◆学徳や知能に秀(ひい)でた人、有能な人◆兵(つわもの)、「兵士(ヘイシ)」「士卒(シソツ)」
kk_～向き_～むき,～向き,～むき,向:◆窓、北側に面した窓、同「郷」、「丿冂」は「宀」で「屋根のある建物」、「口」は「壁などに空いた窓」の意◆目的とするところを目指して行く、基点となるところから遠ざ,N3,kun,kun,IL1_okurigana(kun 96%) | IL2_single_okuri(kun 96%),向:◆窓、北側に面した窓、同「郷」、「丿冂」は「宀」で「屋根のある建物」、「口」は「壁などに空いた窓」の意◆目的とするところを目指して行く、基点となるところから遠ざ
kk_～向け_～むけ,～向け,～むけ,向:◆窓、北側に面した窓、同「郷」、「丿冂」は「宀」で「屋根のある建物」、「口」は「壁などに空いた窓」の意◆目的とするところを目指して行く、基点となるところから遠ざ,N3,kun,kun,IL1_okurigana(kun 96%) | IL2_single_okuri(kun 96%),向:◆窓、北側に面した窓、同「郷」、「丿冂」は「宀」で「屋根のある建物」、「口」は「壁などに空いた窓」の意◆目的とするところを目指して行く、基点となるところから遠ざ
kk_～品_～ひん,～品,～ひん,品:◆物(もの)、多くの物、様々な物◆もの(人や物)の本質・価値・程度を判断する◆ものの値打ち、また価値、また程度・等級,N3,other,unknown,IL2_single_default(kun 84%),品:◆物(もの)、多くの物、様々な物◆もの(人や物)の本質・価値・程度を判断する◆ものの値打ち、また価値、また程度・等級
kk_～声_～ごえ,～声,～ごえ,声:◆磬(ケイ、石また玉製の打楽器)、またその音◆人や動物が口から発する音、一般には高低強弱などの抑揚がある音が連続し全体として意味を持つものを指す、意味をなさない,N3,other,unknown,IL2_single_default(kun 84%),声:◆磬(ケイ、石また玉製の打楽器)、またその音◆人や動物が口から発する音、一般には高低強弱などの抑揚がある音が連続し全体として意味を持つものを指す、意味をなさない
kk_～学_～がく,～学,～がく,学:◆(教えを受けながら、見て倣いながら)知識や技術などを身に付ける、習得する、またその内容、知識や技術などを授(さず)けることを「教」◆教えを受け知識や技術などを,N3,other,unknown,IL2_single_default(kun 84%),学:◆(教えを受けながら、見て倣いながら)知識や技術などを身に付ける、習得する、またその内容、知識や技術などを授(さず)けることを「教」◆教えを受け知識や技術などを
kk_～局_～きょく,～局,～きょく,局:◆周りが囲まれ区切られた部分や場所◆限定された一部分、狭い範囲◆曲げる、曲げて縮こまる、「狭いところに押し込められている」の意◆将棋などの盤、また形勢・情勢、「,N3,other,unknown,IL2_single_default(kun 84%),局:◆周りが囲まれ区切られた部分や場所◆限定された一部分、狭い範囲◆曲げる、曲げて縮こまる、「狭いところに押し込められている」の意◆将棋などの盤、また形勢・情勢、「
kk_～差_～さ,～差,～さ,差:◆違いがある、揃(そろ)わない◆引き算をした時に余りが出る、またその時の余り◆(同じ差ごとに)区分けする、区別する◆やや～(違う、差がある、不足する、など)◆使,N3,kun,kun,IL2_single_default(kun 84%),差:◆違いがある、揃(そろ)わない◆引き算をした時に余りが出る、またその時の余り◆(同じ差ごとに)区分けする、区別する◆やや～(違う、差がある、不足する、など)◆使
kk_～巻_～かん,～巻,～かん,巻:◆膝を曲げる◆ま・く、ぐるぐると渦状に回す、周りをぐるぐると囲む、転がすようにして筒状に丸める◆書物、巻物になっていたことから◆一つの書物が幾つかの巻物(まきも,N3,other,unknown,IL2_single_default(kun 84%),巻:◆膝を曲げる◆ま・く、ぐるぐると渦状に回す、周りをぐるぐると囲む、転がすようにして筒状に丸める◆書物、巻物になっていたことから◆一つの書物が幾つかの巻物(まきも
kk_～忘れる_～わすれる,～忘れる,～わすれる,忘:◆知っていたこと・覚えていたこと・為すべきことを思い出せない、失念する,N3,kun,kun,IL1_okurigana(kun 96%) | IL2_single_okuri(kun 96%),忘:◆知っていたこと・覚えていたこと・為すべきことを思い出せない、失念する
kk_～性_～せい,～性,～せい,性:◆生まれながらに持っている能力・性格・習癖・運命などの無形のもの◆男女・雄雌の別、男女間また雄雌間の本能的な関係◆物事が具えている資質や能力,N3,other,unknown,IL2_single_default(kun 84%),性:◆生まれながらに持っている能力・性格・習癖・運命などの無形のもの◆男女・雄雌の別、男女間また雄雌間の本能的な関係◆物事が具えている資質や能力
kk_～感_～かん,～感,～かん,感:◆外部から受けた刺激を知覚する◆外部からの刺激を受けて心や体が反応する、また動く,N3,on,on~,IL2_on_only(on 99%),感:◆外部から受けた刺激を知覚する◆外部からの刺激を受けて心や体が反応する、また動く
kk_～所_～しょ,～所,～しょ,所:◆処(ところ)、ものがある場また位置(要所・箇所など)、ことをする場また位置(住所・裁判所など)◆～のこと、「所感(感じること)」「所存(考え思っていること)◆,N3,other,unknown,IL2_single_default(kun 84%),所:◆処(ところ)、ものがある場また位置(要所・箇所など)、ことをする場また位置(住所・裁判所など)◆～のこと、「所感(感じること)」「所存(考え思っていること)◆
kk_～手_～しゅ,～手,～しゅ,手:◆体や物体の一部で、胴から分かれ出て伸び、持つ・握る・叩く・ものを作る・操作するなどの機能を持つ部分、掌(たなごころ)と指を合わせた全体、腕の先の部分 ◆自(み,N3,other,unknown,IL2_single_default(kun 84%) | B_verb_rad_手(kun 80%),手:◆体や物体の一部で、胴から分かれ出て伸び、持つ・握る・叩く・ものを作る・操作するなどの機能を持つ部分、掌(たなごころ)と指を合わせた全体、腕の先の部分 ◆自(み
kk_～手_～て,～手,～て,手:◆体や物体の一部で、胴から分かれ出て伸び、持つ・握る・叩く・ものを作る・操作するなどの機能を持つ部分、掌(たなごころ)と指を合わせた全体、腕の先の部分 ◆自(み,N3,kun,kun,IL2_single_default(kun 84%) | B_verb_rad_手(kun 80%),手:◆体や物体の一部で、胴から分かれ出て伸び、持つ・握る・叩く・ものを作る・操作するなどの機能を持つ部分、掌(たなごころ)と指を合わせた全体、腕の先の部分 ◆自(み
kk_～換える_～かえる,～換える,～かえる,換:◆今あるものをそれまでのものとは別のものに替える,N3,kun,kun,IL1_okurigana(kun 96%) | IL2_single_okuri(kun 96%) | B_verb_rad_手(kun 80%),換:◆今あるものをそれまでのものとは別のものに替える
kk_～放題_～ほうだい,～放題,～ほうだい,放:◆制限(セイゲン)・束縛(ソクバク)・拘束(コウソク)され自由に動けない状態であったものを自由に動ける状態にする、制限・束縛・拘束を解(と)く、「開放(カイホウ; 題:◆額(ひたい)、おでこ、同「頟」「顁」◆ものの頭(最初、先頭)にあるもの◆初めに記される短い文章、全体を表現する簡潔な文章、「問題(モンダイ)」「話題(ワダイ),N3,on,on+on,,放:◆制限(セイゲン)・束縛(ソクバク)・拘束(コウソク)され自由に動けない状態であったものを自由に動ける状態にする、制限・束縛・拘束を解(と)く、「開放(カイホウ; 題:◆額(ひたい)、おでこ、同「頟」「顁」◆ものの頭(最初、先頭)にあるもの◆初めに記される短い文章、全体を表現する簡潔な文章、「問題(モンダイ)」「話題(ワダイ)
kk_～方面_～ほうめん,～方面,～ほうめん,方:◆四角、四角いさま、角(かど)が直角になっているさま、「方形(ホウケイ)」◆数学で二つの数を掛け合わせた数(正方形・長方形の一つの角を成す二辺を掛け合わせた数); 面:◆顔(かお)、頭の目鼻口がある側◆顔を対象(タイショウ、目標や相手)に向ける、また向く◆(顔が)向いている側、向き、向いている方向◆ものの表(おもて)、前(まえ,N3,on,on+on,,方:◆四角、四角いさま、角(かど)が直角になっているさま、「方形(ホウケイ)」◆数学で二つの数を掛け合わせた数(正方形・長方形の一つの角を成す二辺を掛け合わせた数); 面:◆顔(かお)、頭の目鼻口がある側◆顔を対象(タイショウ、目標や相手)に向ける、また向く◆(顔が)向いている側、向き、向いている方向◆ものの表(おもて)、前(まえ
kk_～暮らし_～ぐらし,～暮らし,～ぐらし,暮:◆陽の光が届かなって暗くなる、晩(バン)、同「莫」◆人生や月日・季節・年などが将(まさ)に尽きようとする、またその頃◆[日]く・れる、(暗くなって)区別や判断が,N3,other,unknown,IL1_okurigana(kun 96%) | IL2_single_okuri(kun 96%),暮:◆陽の光が届かなって暗くなる、晩(バン)、同「莫」◆人生や月日・季節・年などが将(まさ)に尽きようとする、またその頃◆[日]く・れる、(暗くなって)区別や判断が
kk_～書_～しょ,～書,～しょ,書:◆文字を筆(聿)などで記(しる)す、著(あらわ)す、「書物(ショモツ)」「文書(ブンショ)」◆手紙、「書信(ショシン)」◆「書経(ショキョウ、別名尚書ショウショ,N3,other,unknown,IL2_single_default(kun 84%),書:◆文字を筆(聿)などで記(しる)す、著(あらわ)す、「書物(ショモツ)」「文書(ブンショ)」◆手紙、「書信(ショシン)」◆「書経(ショキョウ、別名尚書ショウショ
kk_～桁_～けた,～桁,～けた,桁:◆建物正面に向かって左右方向に渡した横木、同「檁」、一般に建物は柱を立て、その上に梁(リョウ、はり)を渡し、その上に直角方向に桁(コウ、けた)を渡す構造になる、,N3,kun,kun,IL2_single_default(kun 84%) | B_noun_rad_木(kun 93%),桁:◆建物正面に向かって左右方向に渡した横木、同「檁」、一般に建物は柱を立て、その上に梁(リョウ、はり)を渡し、その上に直角方向に桁(コウ、けた)を渡す構造になる、
kk_～機_～き,～機,～き,機:◆布を織る装置、「機織(キショク、はたおり)」◆ある仕事をさせる(する)ために人や部品を組み合わせて作り上げた仕組みや仕掛け(組織や装置)◆「機関(キカン)」◇,N3,other,unknown,IL2_single_default(kun 84%) | B_noun_rad_木(kun 93%),機:◆布を織る装置、「機織(キショク、はたおり)」◆ある仕事をさせる(する)ために人や部品を組み合わせて作り上げた仕組みや仕掛け(組織や装置)◆「機関(キカン)」◇
kk_～氏_～し,～氏,～し,氏:◆「姓(セイ、祖先の名を受け継ぐ血族・部族)」から分かれて居住地名・職名・身分名などを名乗る集団、同「𠂩」、古く「姓」「氏」は上記のように別義であったが、出自(,N3,other,unknown,IL2_single_default(kun 84%),氏:◆「姓(セイ、祖先の名を受け継ぐ血族・部族)」から分かれて居住地名・職名・身分名などを名乗る集団、同「𠂩」、古く「姓」「氏」は上記のように別義であったが、出自(
kk_～泊_～はく,～泊,～はく,泊:◆舟を岸に寄せて停まる、「停泊(テイハク)」◆宿などで休む、留(とど)まる◆湖(みずうみ)、水が打ち寄せる湖などの辺(ほとり)◆水が浅いさま、水の浅いところ、浅,N3,other,unknown,IL2_single_default(kun 84%),泊:◆舟を岸に寄せて停まる、「停泊(テイハク)」◆宿などで休む、留(とど)まる◆湖(みずうみ)、水が打ち寄せる湖などの辺(ほとり)◆水が浅いさま、水の浅いところ、浅
kk_～率_～りつ,～率,～りつ,率:◆鳥を捕らえるための網、一網打尽にする網◆ひき・いる、全体(集団)が乱れないよう一つに纏(まと)める、「統率(トウソツ)」◆従う、纏まり・基準などからはみ出ない,N3,other,unknown,IL2_single_default(kun 84%),率:◆鳥を捕らえるための網、一網打尽にする網◆ひき・いる、全体(集団)が乱れないよう一つに纏(まと)める、「統率(トウソツ)」◆従う、纏まり・基準などからはみ出ない
kk_～産_～さん,～産,～さん,産:◆子を生む◆生まれ◆新たに(新たなものを)生み出す、作り出す、また生み出されたもの、「生産(セイサン)」◆土地や財物◆音孔が三つの籥(ヤク、縦笛)、籥よりも太く,N3,other,unknown,IL2_single_default(kun 84%),産:◆子を生む◆生まれ◆新たに(新たなものを)生み出す、作り出す、また生み出されたもの、「生産(セイサン)」◆土地や財物◆音孔が三つの籥(ヤク、縦笛)、籥よりも太く
kk_～用_～よう,～用,～よう,用:◆人や物、或いはその特性や能力を使う、また使ってあることを行う、また役立たせる◆働かせる、発揮させる、またそのために必要な特性・能力・金銭など◆以(もっ)て◆[,N3,other,unknown,IL2_single_default(kun 84%),用:◆人や物、或いはその特性や能力を使う、また使ってあることを行う、また役立たせる◆働かせる、発揮させる、またそのために必要な特性・能力・金銭など◆以(もっ)て◆[
kk_～病_～びょう,～病,～びょう,病:◆体調や精神状態が正常でなくなる◆不調なさま、普段の或いは正常な状態でないさま◆体や心を痛める、憂える、苦しむ,N3,other,unknown,IL2_single_default(kun 84%),病:◆体調や精神状態が正常でなくなる◆不調なさま、普段の或いは正常な状態でないさま◆体や心を痛める、憂える、苦しむ
kk_～発_～はつ,～発,～はつ,発:◆矢を放つ、外(離れて行く方向)に向かって勢いよく飛び出る◆動いていなかったものが勢いよく動き出す、物事が動き出す、物事が始まる、行動を起こす◆隠れていたものが,N3,other,unknown,IL2_single_default(kun 84%),発:◆矢を放つ、外(離れて行く方向)に向かって勢いよく飛び出る◆動いていなかったものが勢いよく動き出す、物事が動き出す、物事が始まる、行動を起こす◆隠れていたものが
kk_～的_～てき,～的,～てき,的:◆弓で矢を射(い)る時の目標とするもの、同「㢩」「墑」◆額(ひたい)の部分だけが白い馬、またその額の白い部分、女性が額に施(ほどこ)す(赤い点状の)装飾◆(弓の,N3,other,unknown,IL2_single_default(kun 84%),的:◆弓で矢を射(い)る時の目標とするもの、同「㢩」「墑」◆額(ひたい)の部分だけが白い馬、またその額の白い部分、女性が額に施(ほどこ)す(赤い点状の)装飾◆(弓の
kk_～直す_～なおす,～直す,～なおす,直:◆ものをまっすぐによく見る◆まっすぐなさま、曲がったり折れたり歪(ゆが)んだりしない(していない)さま、「正直(ショウジキ、まっすぐなこと、嘘や偽りがないこと),N3,kun,kun,IL1_okurigana(kun 96%) | IL2_single_okuri(kun 96%),直:◆ものをまっすぐによく見る◆まっすぐなさま、曲がったり折れたり歪(ゆが)んだりしない(していない)さま、「正直(ショウジキ、まっすぐなこと、嘘や偽りがないこと)
kk_～箇所_～かしょ,～箇所,～かしょ,箇:◆形のあるものや一塊(ひとかたまり)になっているものの数を数える語、「一箇(個)」「二箇条」「三箇月」など、同「個」「个」; 所:◆処(ところ)、ものがある場また位置(要所・箇所など)、ことをする場また位置(住所・裁判所など)◆～のこと、「所感(感じること)」「所存(考え思っていること)◆,N3,on,on+on,A3_short_compound(on+on 71%) | B_noun_rad_竹(kun 93%),箇:◆形のあるものや一塊(ひとかたまり)になっているものの数を数える語、「一箇(個)」「二箇条」「三箇月」など、同「個」「个」; 所:◆処(ところ)、ものがある場また位置(要所・箇所など)、ことをする場また位置(住所・裁判所など)◆～のこと、「所感(感じること)」「所存(考え思っていること)◆
kk_～組_～くみ,～組,～くみ,組:◆糸や紐(ひも)を編んだ紐、「組紐(くみひも)」◆幾つかのものを合わせて一つに纏(まと)める、また一つに纏まったもの◆「組織(ソシキ)」◇紐を編み糸を織ること◇,N3,kun,kun,IL2_single_default(kun 84%),組:◆糸や紐(ひも)を編んだ紐、「組紐(くみひも)」◆幾つかのものを合わせて一つに纏(まと)める、また一つに纏まったもの◆「組織(ソシキ)」◇紐を編み糸を織ること◇
kk_～羽_～わ,～羽,～わ,羽:◆鳥の体や翼を覆(おお)う毛状のもの、また飛ぶことができる昆虫の翼状の部分◆鳥、また鳥を数える語、「羽族(ウゾク、鳥属、鳥類)」◆羽(はね)を飾り付けたもの、「,N3,other,unknown,IL2_single_default(kun 84%),羽:◆鳥の体や翼を覆(おお)う毛状のもの、また飛ぶことができる昆虫の翼状の部分◆鳥、また鳥を数える語、「羽族(ウゾク、鳥属、鳥類)」◆羽(はね)を飾り付けたもの、「
kk_～者_～しゃ,～者,～しゃ,者:◆～の人、～する人、「使者(ししゃ、使いをする人、運び届けること)」◆こと(事)、もの(物)、「再者(サイシャ、更に付け加えること、追伸)」「前者(ゼンシャ、前,N3,other,unknown,IL2_single_default(kun 84%),者:◆～の人、～する人、「使者(ししゃ、使いをする人、運び届けること)」◆こと(事)、もの(物)、「再者(サイシャ、更に付け加えること、追伸)」「前者(ゼンシャ、前
kk_～行_～ぎょう,～行,～ぎょう,行:◆左足を前に出し(彳)次に右足を前に出す(亍)、足を交互に動かして前に進む◆目的とするところに向かって進む◆遠くに出掛ける、旅に出る◆道、人が往来する道路、同「,N3,other,unknown,IL2_single_default(kun 84%),行:◆左足を前に出し(彳)次に右足を前に出す(亍)、足を交互に動かして前に進む◆目的とするところに向かって進む◆遠くに出掛ける、旅に出る◆道、人が往来する道路、同「
kk_～行き_～ゆき,～行き,～ゆき,行:◆左足を前に出し(彳)次に右足を前に出す(亍)、足を交互に動かして前に進む◆目的とするところに向かって進む◆遠くに出掛ける、旅に出る◆道、人が往来する道路、同「,N3,kun,kun,IL1_okurigana(kun 96%) | IL2_single_okuri(kun 96%),行:◆左足を前に出し(彳)次に右足を前に出す(亍)、足を交互に動かして前に進む◆目的とするところに向かって進む◆遠くに出掛ける、旅に出る◆道、人が往来する道路、同「
kk_～証_～しょう,～証,～しょう,証:◆諌(いさ)める、過(あやま)ちを咎(とが)め正すよう意見する◆病気の徴候や状態、症状、同「症」◆正当であること(事実であること)を根拠を示して明らかにする、ま,N3,other,unknown,IL2_single_default(kun 84%) | B_verb_rad_言(kun 80%),証:◆諌(いさ)める、過(あやま)ちを咎(とが)め正すよう意見する◆病気の徴候や状態、症状、同「症」◆正当であること(事実であること)を根拠を示して明らかにする、ま
kk_～費_～ひ,～費,～ひ,費:◆金銭・品物・労力などを使う、時間・手間などがかかる◆ものなどを買うために用いる金銭、「費用(ヒヨウ)」◆使い減らす、「浪費(ロウヒ)」◆魯ロ国(前11世紀～前,N3,other,unknown,IL2_single_default(kun 84%),費:◆金銭・品物・労力などを使う、時間・手間などがかかる◆ものなどを買うために用いる金銭、「費用(ヒヨウ)」◆使い減らす、「浪費(ロウヒ)」◆魯ロ国(前11世紀～前
kk_～足らず_～たらず,～足らず,～たらず,足:◆体や物体の一部で、胴から分かれ出て伸び、地に接して体を支えたり、歩行・走行・跳躍などの運動機能を担う部分、現代の中国では「脚」◆「歩く」「走る」などの足を使っ,N3,kun,kun,IL1_okurigana(kun 96%) | IL2_single_okuri(kun 96%) | B_verb_rad_足(kun 80%),足:◆体や物体の一部で、胴から分かれ出て伸び、地に接して体を支えたり、歩行・走行・跳躍などの運動機能を担う部分、現代の中国では「脚」◆「歩く」「走る」などの足を使っ
kk_～込み_～こみ,～込み,～こみ,込:◆[日]中に(内に、裏に、見えないところに)入(はい)る、入(い)れる,N3,kun,kun,IL1_okurigana(kun 96%) | IL2_single_okuri(kun 96%),込:◆[日]中に(内に、裏に、見えないところに)入(はい)る、入(い)れる
kk_～通_～つう,～通,～つう,通:◆途中に障害となるようなものがなく反対側・向こう側・相手方・目的地まで達する、また達している◆支障なく行き来ができる、また行き来する、また行き来ができるようにす,N3,other,unknown,IL2_single_default(kun 84%),通:◆途中に障害となるようなものがなく反対側・向こう側・相手方・目的地まで達する、また達している◆支障なく行き来ができる、また行き来する、また行き来ができるようにす
kk_～通り_～とおり,～通り,～とおり,通:◆途中に障害となるようなものがなく反対側・向こう側・相手方・目的地まで達する、また達している◆支障なく行き来ができる、また行き来する、また行き来ができるようにす,N3,kun,kun,IL1_okurigana(kun 96%) | IL2_single_okuri(kun 96%),通:◆途中に障害となるようなものがなく反対側・向こう側・相手方・目的地まで達する、また達している◆支障なく行き来ができる、また行き来する、また行き来ができるようにす
kk_～通り_～どおり,～通り,～どおり,通:◆途中に障害となるようなものがなく反対側・向こう側・相手方・目的地まで達する、また達している◆支障なく行き来ができる、また行き来する、また行き来ができるようにす,N3,other,unknown,IL1_okurigana(kun 96%) | IL2_single_okuri(kun 96%),通:◆途中に障害となるようなものがなく反対側・向こう側・相手方・目的地まで達する、また達している◆支障なく行き来ができる、また行き来する、また行き来ができるようにす
kk_～部_～ぶ,～部,～ぶ,部:◆区分けしたものの一つ、「部分」「内部」◆集団を分類し同じものを一纏(ひとまと)めにしたもの、全体を構成する小さな集合体や組織、「部署」「部隊」◆書物を数える単,N3,other,unknown,IL2_single_default(kun 84%),部:◆区分けしたものの一つ、「部分」「内部」◆集団を分類し同じものを一纏(ひとまと)めにしたもの、全体を構成する小さな集合体や組織、「部署」「部隊」◆書物を数える単
kk_～限り_～かぎり,～限り,～かぎり,限:◆内と外との区切り、境界、「限界(ゲンカイ)」◆境界や範囲の内側、定めた区切り以内、またその内に収める、「限度(ゲンド)」「限定(ゲンテイ)」◆門の地上部に渡し,N3,kun,kun,IL1_okurigana(kun 96%) | IL2_single_okuri(kun 96%),限:◆内と外との区切り、境界、「限界(ゲンカイ)」◆境界や範囲の内側、定めた区切り以内、またその内に収める、「限度(ゲンド)」「限定(ゲンテイ)」◆門の地上部に渡し
kk_～院_～いん,～院,～いん,院:◆壁などで周りを囲った幾つもの建物からなる屋敷や施設◆壁や家などで周りが取り囲まれている庭、中庭、「院落(インラク)」「庭院(テイイン)」 ◆(学校・病院などの,N3,on,on~,IL2_on_only(on 99%),院:◆壁などで周りを囲った幾つもの建物からなる屋敷や施設◆壁や家などで周りが取り囲まれている庭、中庭、「院落(インラク)」「庭院(テイイン)」 ◆(学校・病院などの
kk_～額_～がく,～額,～がく,額:◆髪の生え際から眉の上まで部分、顔の目より上の部分◆建物の正面入口や門の上部中央に掲げる平板、額(ひたい、顔の上部)と同じような位置に掲げることから◆予(あらか,N3,other,unknown,IL2_single_default(kun 84%),額:◆髪の生え際から眉の上まで部分、顔の目より上の部分◆建物の正面入口や門の上部中央に掲げる平板、額(ひたい、顔の上部)と同じような位置に掲げることから◆予(あらか
kk_～館_～かん,～館,～かん,館:◆公用に使う大きな建物、公衆が利用する大きな建物◆公用の人や賓客を泊めるための建物、宿◆貴人の邸宅,N3,other,unknown,IL2_single_default(kun 84%),館:◆公用に使う大きな建物、公衆が利用する大きな建物◆公用の人や賓客を泊めるための建物、宿◆貴人の邸宅
