guid,Word,Reading,Meaning,Level,ReadingType,Pattern,Rules,KanjiDetail
kk_(法) dessin_デッサン,(法) dessin,デッサン,法:◆規律を維持するための決まり、守り従うべき制度や規則、私的なものではなく公(おおやけ)のものを指す◆標準的な或いは慣例となっているやり方、またそれらに従う◆基準,N1,other,unknown,IL2_single_default(kun 84%),法:◆規律を維持するための決まり、守り従うべき制度や規則、私的なものではなく公(おおやけ)のものを指す◆標準的な或いは慣例となっているやり方、またそれらに従う◆基準
kk_SF小説_エスエフしょうせつ,SF小説,エスエフしょうせつ,小:◆形・数・量・力・程度などが比較しようとしているもの以下である、求められる(必要とされる、必要な)形・数・量・力・程度などに及ばない(足りない)、劣(おと)る、; 説:◆解き明かす、解釈する、またそれを言葉にしたもの◆あることに対する意見◆意味することが分かるように順序立てて話す,N1,on,on+on~,B_verb_rad_言(kun 80%),小:◆形・数・量・力・程度などが比較しようとしているもの以下である、求められる(必要とされる、必要な)形・数・量・力・程度などに及ばない(足りない)、劣(おと)る、; 説:◆解き明かす、解釈する、またそれを言葉にしたもの◆あることに対する意見◆意味することが分かるように順序立てて話す
kk_carte（德）_カルテ,carte（德）,カルテ,德:◆生まれながらに備わっている性質、もの本来の性質、本性(ホンショウ)◆本来の行いや考え、人として尊(とうと)び守るべき(進むべき)道、「道徳(ドウトク)」◆自ら,N1,on,on~,IL2_on_only(on 99%),德:◆生まれながらに備わっている性質、もの本来の性質、本性(ホンショウ)◆本来の行いや考え、人として尊(とうと)び守るべき(進むべき)道、「道徳(ドウトク)」◆自ら
kk_gaze（德）_ガーゼ,gaze（德）,ガーゼ,德:◆生まれながらに備わっている性質、もの本来の性質、本性(ホンショウ)◆本来の行いや考え、人として尊(とうと)び守るべき(進むべき)道、「道徳(ドウトク)」◆自ら,N1,on,on~,IL2_on_only(on 99%),德:◆生まれながらに備わっている性質、もの本来の性質、本性(ホンショウ)◆本来の行いや考え、人として尊(とうと)び守るべき(進むべき)道、「道徳(ドウトク)」◆自ら
kk_gift券_ギフトけん,gift券,ギフトけん,券:◆手形、割符、木或いは竹の札に契約(約束)内容を書きこれを半分に割って双方が持ち真正な相手の証(あかし)としたもの◆「券書(ケンショ)」、契約(約束)の内容を書,N1,on,on~,IL2_on_only(on 99%) | B_verb_rad_刀(kun 80%),券:◆手形、割符、木或いは竹の札に契約(約束)内容を書きこれを半分に割って双方が持ち真正な相手の証(あかし)としたもの◆「券書(ケンショ)」、契約(約束)の内容を書
kk_green車_グリーンしゃ,green車,グリーンしゃ,車:◆二つの輪(リン、車輪)の中心に軸(ジク、車軸)を通し、その上に人や物を乗せるための台(車台)を設(しつら)えたもの ◆輪状・円状のものが軸を中心として回転する,N1,other,unknown,IL2_single_default(kun 84%),車:◆二つの輪(リン、車輪)の中心に軸(ジク、車軸)を通し、その上に人や物を乗せるための台(車台)を設(しつら)えたもの ◆輪状・円状のものが軸を中心として回転する
kk_jet機_ジェットき,jet機,ジェットき,機:◆布を織る装置、「機織(キショク、はたおり)」◆ある仕事をさせる(する)ために人や部品を組み合わせて作り上げた仕組みや仕掛け(組織や装置)◆「機関(キカン)」◇,N1,other,unknown,IL2_single_default(kun 84%) | B_noun_rad_木(kun 93%),機:◆布を織る装置、「機織(キショク、はたおり)」◆ある仕事をさせる(する)ために人や部品を組み合わせて作り上げた仕組みや仕掛け(組織や装置)◆「機関(キカン)」◇
kk_あいそう/愛想_あいそ,あいそう/愛想,あいそ,愛:◆相手に心を寄せる、慕(した)う、またその気持◆心から慈(いつく)しむ、優しく大切に可愛がる◆心から好む、気に入る、気に入って手放せない; 想:◆～について考える、また考えを巡(めぐ)らす◆～と思う、～ではないかと思う◆～したいと思う,N1,other,mixed+mixed~,IL1_okurigana(kun 96%) | A1_compound_oku(kun 90%) | A1_on_kun_mix(on+kun 65%),愛:◆相手に心を寄せる、慕(した)う、またその気持◆心から慈(いつく)しむ、優しく大切に可愛がる◆心から好む、気に入る、気に入って手放せない; 想:◆～について考える、また考えを巡(めぐ)らす◆～と思う、～ではないかと思う◆～したいと思う
kk_お供_おとも,お供,おとも,供:◆両手で物を捧(ささ)げ持つ、恭(うやうや)しく捧げ持つ、同「龔」◆労働・金品などを差し出す、また差し出して役立てる◆「供給(キョウキュウ)」、必要があるところ,N1,kun,kun,IL1_okurigana(kun 96%) | IL2_single_okuri(kun 96%),供:◆両手で物を捧(ささ)げ持つ、恭(うやうや)しく捧げ持つ、同「龔」◆労働・金品などを差し出す、また差し出して役立てる◆「供給(キョウキュウ)」、必要があるところ
kk_お手上げ_おてあげ,お手上げ,おてあげ,手:◆体や物体の一部で、胴から分かれ出て伸び、持つ・握る・叩く・ものを作る・操作するなどの機能を持つ部分、掌(たなごころ)と指を合わせた全体、腕の先の部分 ◆自(み; 上:◆位置・場所・地位などが高い、高い方にある◆高い方に移る、昇る、登る◆順序・時間などが前、前の方にある◆前の方に移る◆等級・品質などが高い、優れている◆殿様、皇,N1,kun,kun+kun~,IL1_okurigana(kun 96%) | A1_compound_oku(kun 90%) | A1_on_kun_mix(on+kun 65%),手:◆体や物体の一部で、胴から分かれ出て伸び、持つ・握る・叩く・ものを作る・操作するなどの機能を持つ部分、掌(たなごころ)と指を合わせた全体、腕の先の部分 ◆自(み; 上:◆位置・場所・地位などが高い、高い方にある◆高い方に移る、昇る、登る◆順序・時間などが前、前の方にある◆前の方に移る◆等級・品質などが高い、優れている◆殿様、皇
kk_お返し_おかえし,お返し,おかえし,返:◆帰る、行った先から出発したところに戻る、同「𢓉」◆元に戻る、元に戻す◆[日]反対向きにする、反対向きになる,N1,kun,kun,IL1_okurigana(kun 96%) | IL2_single_okuri(kun 96%),返:◆帰る、行った先から出発したところに戻る、同「𢓉」◆元に戻る、元に戻す◆[日]反対向きにする、反対向きになる
kk_この方_このかた,この方,このかた,方:◆四角、四角いさま、角(かど)が直角になっているさま、「方形(ホウケイ)」◆数学で二つの数を掛け合わせた数(正方形・長方形の一つの角を成す二辺を掛け合わせた数),N1,kun,kun,IL1_okurigana(kun 96%) | IL2_single_okuri(kun 96%),方:◆四角、四角いさま、角(かど)が直角になっているさま、「方形(ホウケイ)」◆数学で二つの数を掛け合わせた数(正方形・長方形の一つの角を成す二辺を掛け合わせた数)
kk_しがみ付く_しがみつく,しがみ付く,しがみつく,付:◆手ずから授(さず)ける、直接手を取って与える、同「仅」◆渡し与える、渡して任せる、委(ゆだ)ねる◆[日]他のものに加える、また添える、また足す、同「附」,N1,kun,kun,IL1_okurigana(kun 96%) | IL2_single_okuri(kun 96%),付:◆手ずから授(さず)ける、直接手を取って与える、同「仅」◆渡し与える、渡して任せる、委(ゆだ)ねる◆[日]他のものに加える、また添える、また足す、同「附」
kk_ずぶ濡れ_ずぶぬれ,ずぶ濡れ,ずぶぬれ,濡:◆ものの表面に水や水滴が付く◆水が染(し)み込む、水分を含んで柔らかい、しっとりする◆滞(とどこお)る,N1,kun,kun,IL1_okurigana(kun 96%) | IL2_single_okuri(kun 96%),濡:◆ものの表面に水や水滴が付く◆水が染(し)み込む、水分を含んで柔らかい、しっとりする◆滞(とどこお)る
kk_それ故_それゆえ,それ故,それゆえ,故:◆古い、以前の、同「古」◆古くから、以前から◆古くからの～、以前からの～◆死ぬ、亡(な)くなる◆～の為に～、～という理由で～、～が原因で～◆理由、原因◆(思い掛,N1,kun,kun,IL1_okurigana(kun 96%) | IL2_single_okuri(kun 96%),故:◆古い、以前の、同「古」◆古くから、以前から◆古くからの～、以前からの～◆死ぬ、亡(な)くなる◆～の為に～、～という理由で～、～が原因で～◆理由、原因◆(思い掛
kk_とは言え_とはいえ,とは言え,とはいえ,言:◆相手に伝えたいことを声に出してはっきりと述べる、またその内容、またそのための語(ゴ、互いに意思の疎通を図るための言葉)◆字(ジ)、文字◆我(われ)、自分を指す,N1,kun,kun,IL1_okurigana(kun 96%) | IL2_single_okuri(kun 96%) | B_verb_rad_言(kun 80%),言:◆相手に伝えたいことを声に出してはっきりと述べる、またその内容、またそのための語(ゴ、互いに意思の疎通を図るための言葉)◆字(ジ)、文字◆我(われ)、自分を指す
kk_とんとん拍子_とんとんびょうし,とんとん拍子,とんとんびょうし,拍:◆両手を(軽く、ぱんぱんと)打ち合せる◆リズムrhythmや脈(みゃく)などの波状に繰り返される高低や強弱の一周期; 子:◆母親から産まれるもの、古くは男女を問わず「子」といったが、現代中国では男の子(息子)を指す◆新しく産まれる(生まれる)ものの元となるもの、植物の種や実、動物の,N1,on,on+mixed~,IL1_okurigana(kun 96%) | A1_compound_oku(kun 90%) | A1_on_kun_mix(on+kun 65%),拍:◆両手を(軽く、ぱんぱんと)打ち合せる◆リズムrhythmや脈(みゃく)などの波状に繰り返される高低や強弱の一周期; 子:◆母親から産まれるもの、古くは男女を問わず「子」といったが、現代中国では男の子(息子)を指す◆新しく産まれる(生まれる)ものの元となるもの、植物の種や実、動物の
kk_どん底_どんぞこ,どん底,どんぞこ,底:◆ものの一番下の突き当たりの部分、「井底(セイテイ、井戸の底)」◆突き当たる、行き止まる、行き着く、「月底(ゲツテイ、月末)」◆ものの下にあって上のものを支えて,N1,other,unknown,IL1_okurigana(kun 96%) | IL2_single_okuri(kun 96%) | B_noun_rad_广(kun 93%),底:◆ものの一番下の突き当たりの部分、「井底(セイテイ、井戸の底)」◆突き当たる、行き止まる、行き着く、「月底(ゲツテイ、月末)」◆ものの下にあって上のものを支えて
kk_ばら撒く/ばら蒔く_ばらまく,ばら撒く/ばら蒔く,ばらまく,撒:◆ばらばらと放り散らす、散らすように投げる、播(ま)くように散らす、同「散」; 蒔:◆苗を植える、苗代で育った苗を植え替える、同「𦸎」「𦱎」◆「蒔蘿(ジラ)」、イノンドeneldo、セリ科イノンド属の草、別名ディルdill、薬草や香草として利用,N1,kun,kun+kun~,IL1_okurigana(kun 96%) | A1_compound_oku(kun 90%) | A1_on_kun_mix(on+kun 65%),撒:◆ばらばらと放り散らす、散らすように投げる、播(ま)くように散らす、同「散」; 蒔:◆苗を植える、苗代で育った苗を植え替える、同「𦸎」「𦱎」◆「蒔蘿(ジラ)」、イノンドeneldo、セリ科イノンド属の草、別名ディルdill、薬草や香草として利用
kk_むさ苦しい_むさくるしい,むさ苦しい,むさくるしい,苦:◆渋味やえぐ味などの不快に感じる味、五味(甘・酸・鹹・苦・辛)の一つ◆不快なことや思うようにならないことなどに困り果てる、押さえ付けられているような(重苦しい),N1,kun,kun,IL1_okurigana(kun 96%) | IL2_single_okuri(kun 96%),苦:◆渋味やえぐ味などの不快に感じる味、五味(甘・酸・鹹・苦・辛)の一つ◆不快なことや思うようにならないことなどに困り果てる、押さえ付けられているような(重苦しい)
kk_もぎ取る_もぎとる,もぎ取る,もぎとる,取:◆捕(つか)まえる、捕(と)らえる、縄(なわ)を掛ける◆手に入れる、手の中に収(おさ)める、手で受ける◆(多くの中から一部を、或いは一つを)選ぶ、選択する◆娶(,N1,kun,kun,IL1_okurigana(kun 96%) | IL2_single_okuri(kun 96%),取:◆捕(つか)まえる、捕(と)らえる、縄(なわ)を掛ける◆手に入れる、手の中に収(おさ)める、手で受ける◆(多くの中から一部を、或いは一つを)選ぶ、選択する◆娶(
kk_サラ金_サラきん,サラ金,サラきん,金:◆黄金・白銀・赤銅・青銅・青鉛・黒鉄などの総称、金属の総称◆(黄金のように)黄色い、輝く、美しい、貴重な、(金属のように)堅い◆金属製のもの◆銭(ぜに)、またそ,N1,other,unknown,IL2_single_default(kun 84%) | B_noun_rad_金(kun 93%),金:◆黄金・白銀・赤銅・青銅・青鉛・黒鉄などの総称、金属の総称◆(黄金のように)黄色い、輝く、美しい、貴重な、(金属のように)堅い◆金属製のもの◆銭(ぜに)、またそ
kk_一か八か_いちかばちか,一か八か,いちかばちか,一:◆最初、最初の数、最も小さい数、同「壹」 ◆(幾つかあるものの内の、全体の中の)一つ、一つの、一つに、それだけ、ひたすら、同「壹」◆同じ、等しい、「同じ一つのも; 八:◆数の名、八番目の数 ◆左右に分ける、別れる、反対方向に進んで次第に遠ざかる、同「別」◆はち、部首名,N1,other,mixed+mixed~,IL1_okurigana(kun 96%) | A1_compound_oku(kun 90%) | A1_on_kun_mix(on+kun 65%),一:◆最初、最初の数、最も小さい数、同「壹」 ◆(幾つかあるものの内の、全体の中の)一つ、一つの、一つに、それだけ、ひたすら、同「壹」◆同じ、等しい、「同じ一つのも; 八:◆数の名、八番目の数 ◆左右に分ける、別れる、反対方向に進んで次第に遠ざかる、同「別」◆はち、部首名
kk_一人ぼっち_ひとりぼっち,一人ぼっち,ひとりぼっち,一:◆最初、最初の数、最も小さい数、同「壹」 ◆(幾つかあるものの内の、全体の中の)一つ、一つの、一つに、それだけ、ひたすら、同「壹」◆同じ、等しい、「同じ一つのも; 人:◆霊長目ヒト科ヒト属の生物、ホモ・サピエンスHomo sapiens(「知恵の人」の意)、同「儿」◆自分以外の者、「人我(ジンガ、他人と自分)」◆人の数(かず),N1,kun,kun+kun~,IL1_okurigana(kun 96%) | A1_compound_oku(kun 90%) | A1_on_kun_mix(on+kun 65%),一:◆最初、最初の数、最も小さい数、同「壹」 ◆(幾つかあるものの内の、全体の中の)一つ、一つの、一つに、それだけ、ひたすら、同「壹」◆同じ、等しい、「同じ一つのも; 人:◆霊長目ヒト科ヒト属の生物、ホモ・サピエンスHomo sapiens(「知恵の人」の意)、同「儿」◆自分以外の者、「人我(ジンガ、他人と自分)」◆人の数(かず)
kk_一切_いっさい,一切,いっさい,一:◆最初、最初の数、最も小さい数、同「壹」 ◆(幾つかあるものの内の、全体の中の)一つ、一つの、一つに、それだけ、ひたすら、同「壹」◆同じ、等しい、「同じ一つのも; 切:◆刃物などですっと断(た)つ、裁(た)つ、割(さ)く◆ぴったりとしたさま、隙(すき)がないさま、「親切(シンセツ)」◆近くまで迫(せま)る、差し迫る、「切近(セ,N1,on,on+on,B_verb_rad_刀(kun 80%),一:◆最初、最初の数、最も小さい数、同「壹」 ◆(幾つかあるものの内の、全体の中の)一つ、一つの、一つに、それだけ、ひたすら、同「壹」◆同じ、等しい、「同じ一つのも; 切:◆刃物などですっと断(た)つ、裁(た)つ、割(さ)く◆ぴったりとしたさま、隙(すき)がないさま、「親切(シンセツ)」◆近くまで迫(せま)る、差し迫る、「切近(セ
kk_一刻も早く_いっこくもはやく,一刻も早く,いっこくもはやく,一:◆最初、最初の数、最も小さい数、同「壹」 ◆(幾つかあるものの内の、全体の中の)一つ、一つの、一つに、それだけ、ひたすら、同「壹」◆同じ、等しい、「同じ一つのも; 刻:◆(刀で)切り込みを入れる、彫(ほ)り込む◆印(しるし)をつける、目印を彫る◆(水時計や日時計の)目盛り、時間の区切り目[†古く一刻は一日の百分の一、後に一時間; 早:◆いよいよ陽が昇り始めようとしていてまだ薄暗い頃、朝が明(あ)けようとする頃◆その時(時間、時期、頃合い)に至っていない◆本来の時よりも前に(先に)、前以って、,N1,mixed,on+on+kun~,IL1_okurigana(kun 96%) | A1_compound_oku(kun 90%) | A1_on_kun_mix(on+kun 65%),一:◆最初、最初の数、最も小さい数、同「壹」 ◆(幾つかあるものの内の、全体の中の)一つ、一つの、一つに、それだけ、ひたすら、同「壹」◆同じ、等しい、「同じ一つのも; 刻:◆(刀で)切り込みを入れる、彫(ほ)り込む◆印(しるし)をつける、目印を彫る◆(水時計や日時計の)目盛り、時間の区切り目[†古く一刻は一日の百分の一、後に一時間; 早:◆いよいよ陽が昇り始めようとしていてまだ薄暗い頃、朝が明(あ)けようとする頃◆その時(時間、時期、頃合い)に至っていない◆本来の時よりも前に(先に)、前以って、
kk_一同_いちどう,一同,いちどう,一:◆最初、最初の数、最も小さい数、同「壹」 ◆(幾つかあるものの内の、全体の中の)一つ、一つの、一つに、それだけ、ひたすら、同「壹」◆同じ、等しい、「同じ一つのも; 同:◆一所(ひとところ)に人が集まる、一緒になる◆意見や行動などを共にする◆一様なさま、揃っているさま◆～と等しい、～と共に◆「胡同(コドウ)」、町中を縦横に走る道,N1,on,on+on,,一:◆最初、最初の数、最も小さい数、同「壹」 ◆(幾つかあるものの内の、全体の中の)一つ、一つの、一つに、それだけ、ひたすら、同「壹」◆同じ、等しい、「同じ一つのも; 同:◆一所(ひとところ)に人が集まる、一緒になる◆意見や行動などを共にする◆一様なさま、揃っているさま◆～と等しい、～と共に◆「胡同(コドウ)」、町中を縦横に走る道
kk_一変_いっぺん,一変,いっぺん,一:◆最初、最初の数、最も小さい数、同「壹」 ◆(幾つかあるものの内の、全体の中の)一つ、一つの、一つに、それだけ、ひたすら、同「壹」◆同じ、等しい、「同じ一つのも; 変:◆これまでとは違ったものになる、また改まる、これまでとは違ったものにする、また改める、まだ元の様子が分かる程度の変化・全体の中の一部だけの変化を指し、全く別のも,N1,other,mixed+mixed~,,一:◆最初、最初の数、最も小さい数、同「壹」 ◆(幾つかあるものの内の、全体の中の)一つ、一つの、一つに、それだけ、ひたすら、同「壹」◆同じ、等しい、「同じ一つのも; 変:◆これまでとは違ったものになる、また改まる、これまでとは違ったものにする、また改める、まだ元の様子が分かる程度の変化・全体の中の一部だけの変化を指し、全く別のも
kk_一大事_いちだいじ,一大事,いちだいじ,一:◆最初、最初の数、最も小さい数、同「壹」 ◆(幾つかあるものの内の、全体の中の)一つ、一つの、一つに、それだけ、ひたすら、同「壹」◆同じ、等しい、「同じ一つのも; 大:◆形・数・量・力・程度などが比較しようとしているもの以上である、求められる(必要とされる、必要な)形・数・量・力・程度などを超(こ)えている、優(すぐ)れる、長; 事:◆こと、動作・現象・状態など形のないものを指す語、形のあるものは「物」、「事情(ジジョウ、ことの様子)」「無事(ブジ、何事もないさま)」◆職(ショク)、仕事や役,N1,on,on+on+on,A4_multi_on(on+on+on 65%),一:◆最初、最初の数、最も小さい数、同「壹」 ◆(幾つかあるものの内の、全体の中の)一つ、一つの、一つに、それだけ、ひたすら、同「壹」◆同じ、等しい、「同じ一つのも; 大:◆形・数・量・力・程度などが比較しようとしているもの以上である、求められる(必要とされる、必要な)形・数・量・力・程度などを超(こ)えている、優(すぐ)れる、長; 事:◆こと、動作・現象・状態など形のないものを指す語、形のあるものは「物」、「事情(ジジョウ、ことの様子)」「無事(ブジ、何事もないさま)」◆職(ショク)、仕事や役
kk_一帯_いったい,一帯,いったい,一:◆最初、最初の数、最も小さい数、同「壹」 ◆(幾つかあるものの内の、全体の中の)一つ、一つの、一つに、それだけ、ひたすら、同「壹」◆同じ、等しい、「同じ一つのも; 帯:◆衣服が開(はだ)けないように胸の下に辺りに巻いて結ぶ長く幅広の布、またそれを巻く ◆(帯に挟んだり、帯のように巻いたり結わえたりして)身に着ける、着用する◆(,N1,on,on+on,B_noun_rad_巾(kun 93%),一:◆最初、最初の数、最も小さい数、同「壹」 ◆(幾つかあるものの内の、全体の中の)一つ、一つの、一つに、それだけ、ひたすら、同「壹」◆同じ、等しい、「同じ一つのも; 帯:◆衣服が開(はだ)けないように胸の下に辺りに巻いて結ぶ長く幅広の布、またそれを巻く ◆(帯に挟んだり、帯のように巻いたり結わえたりして)身に着ける、着用する◆(
kk_一律_いちりつ,一律,いちりつ,一:◆最初、最初の数、最も小さい数、同「壹」 ◆(幾つかあるものの内の、全体の中の)一つ、一つの、一つに、それだけ、ひたすら、同「壹」◆同じ、等しい、「同じ一つのも; 律:◆音楽の十二の階調のうち陽の音、六音があり「六律(ロクリツ)」という、また陰の「六呂(ロクリョ)」と合わせて「十二律呂(ジュウニリツリョ)」「律呂(リツリョ)」,N1,on,on+on,,一:◆最初、最初の数、最も小さい数、同「壹」 ◆(幾つかあるものの内の、全体の中の)一つ、一つの、一つに、それだけ、ひたすら、同「壹」◆同じ、等しい、「同じ一つのも; 律:◆音楽の十二の階調のうち陽の音、六音があり「六律(ロクリツ)」という、また陰の「六呂(ロクリョ)」と合わせて「十二律呂(ジュウニリツリョ)」「律呂(リツリョ)」
kk_一心_いっしん,一心,いっしん,一:◆最初、最初の数、最も小さい数、同「壹」 ◆(幾つかあるものの内の、全体の中の)一つ、一つの、一つに、それだけ、ひたすら、同「壹」◆同じ、等しい、「同じ一つのも; 心:◆血液を循環させる働きをする臓器で五臓(心シン・肝カン・脾ヒ・肺ハイ・腎ジン)の一つ ◆ものの真(ま)ん中、真ん中(中心)にあるもの、ものの重要な部分、ものの本,N1,on,on+on,,一:◆最初、最初の数、最も小さい数、同「壹」 ◆(幾つかあるものの内の、全体の中の)一つ、一つの、一つに、それだけ、ひたすら、同「壹」◆同じ、等しい、「同じ一つのも; 心:◆血液を循環させる働きをする臓器で五臓(心シン・肝カン・脾ヒ・肺ハイ・腎ジン)の一つ ◆ものの真(ま)ん中、真ん中(中心)にあるもの、ものの重要な部分、ものの本
kk_一息_ひといき,一息,ひといき,一:◆最初、最初の数、最も小さい数、同「壹」 ◆(幾つかあるものの内の、全体の中の)一つ、一つの、一つに、それだけ、ひたすら、同「壹」◆同じ、等しい、「同じ一つのも; 息:◆いき、口や鼻で吐いたり吸ったりする空気◆呼吸する、一度吐いて吸うことを「一息」という◆生きている◆止(や)む、鎮(しず)まる、落ち着く、同「熄」◆休む、休憩す,N1,kun,kun+kun~,,一:◆最初、最初の数、最も小さい数、同「壹」 ◆(幾つかあるものの内の、全体の中の)一つ、一つの、一つに、それだけ、ひたすら、同「壹」◆同じ、等しい、「同じ一つのも; 息:◆いき、口や鼻で吐いたり吸ったりする空気◆呼吸する、一度吐いて吸うことを「一息」という◆生きている◆止(や)む、鎮(しず)まる、落ち着く、同「熄」◆休む、休憩す
kk_一抹_いちまつ,一抹,いちまつ,一:◆最初、最初の数、最も小さい数、同「壹」 ◆(幾つかあるものの内の、全体の中の)一つ、一つの、一つに、それだけ、ひたすら、同「壹」◆同じ、等しい、「同じ一つのも; 抹:◆手で擦(こす)るように拭(ふ)く、拭(ぬぐ)う◆刷毛(はけ)で掃(は)くように塗(ぬ)る、全体が見えなくなるように塗る◆「抹摋、抹殺(マッサツ)」◇塗って見え,N1,on,on+on,B_verb_rad_手(kun 80%),一:◆最初、最初の数、最も小さい数、同「壹」 ◆(幾つかあるものの内の、全体の中の)一つ、一つの、一つに、それだけ、ひたすら、同「壹」◆同じ、等しい、「同じ一つのも; 抹:◆手で擦(こす)るように拭(ふ)く、拭(ぬぐ)う◆刷毛(はけ)で掃(は)くように塗(ぬ)る、全体が見えなくなるように塗る◆「抹摋、抹殺(マッサツ)」◇塗って見え
kk_一括_いっかつ,一括,いっかつ,一:◆最初、最初の数、最も小さい数、同「壹」 ◆(幾つかあるものの内の、全体の中の)一つ、一つの、一つに、それだけ、ひたすら、同「壹」◆同じ、等しい、「同じ一つのも; 括:◆袋などの口を解(ほど)けないように縛(しば)る、また縛って閉じる◆幾つかのものを一つに纏(まと)める、纏めて束ねる◆矢を弦(つる)に番(つが)える部分、矢筈(,N1,on,on+on,B_verb_rad_手(kun 80%),一:◆最初、最初の数、最も小さい数、同「壹」 ◆(幾つかあるものの内の、全体の中の)一つ、一つの、一つに、それだけ、ひたすら、同「壹」◆同じ、等しい、「同じ一つのも; 括:◆袋などの口を解(ほど)けないように縛(しば)る、また縛って閉じる◆幾つかのものを一つに纏(まと)める、纏めて束ねる◆矢を弦(つる)に番(つが)える部分、矢筈(
kk_一括り_ひとくくり,一括り,ひとくくり,一:◆最初、最初の数、最も小さい数、同「壹」 ◆(幾つかあるものの内の、全体の中の)一つ、一つの、一つに、それだけ、ひたすら、同「壹」◆同じ、等しい、「同じ一つのも; 括:◆袋などの口を解(ほど)けないように縛(しば)る、また縛って閉じる◆幾つかのものを一つに纏(まと)める、纏めて束ねる◆矢を弦(つる)に番(つが)える部分、矢筈(,N1,kun,kun+kun,IL1_okurigana(kun 96%) | A1_compound_oku(kun 90%) | A1_on_kun_mix(on+kun 65%),一:◆最初、最初の数、最も小さい数、同「壹」 ◆(幾つかあるものの内の、全体の中の)一つ、一つの、一つに、それだけ、ひたすら、同「壹」◆同じ、等しい、「同じ一つのも; 括:◆袋などの口を解(ほど)けないように縛(しば)る、また縛って閉じる◆幾つかのものを一つに纏(まと)める、纏めて束ねる◆矢を弦(つる)に番(つが)える部分、矢筈(
kk_一挙に_いっきょに,一挙に,いっきょに,一:◆最初、最初の数、最も小さい数、同「壹」 ◆(幾つかあるものの内の、全体の中の)一つ、一つの、一つに、それだけ、ひたすら、同「壹」◆同じ、等しい、「同じ一つのも; 挙:◆(ものを手で頭よりも上に)持ち上げる、手を高く上げる、「挙手(キョシュ)」◆(問題点などを)取り上げる◆(人などを)取り立てる、「推挙(スイキョ)」◆事を起こ,N1,on,on+on~,IL1_okurigana(kun 96%) | A1_compound_oku(kun 90%) | A1_on_kun_mix(on+kun 65%),一:◆最初、最初の数、最も小さい数、同「壹」 ◆(幾つかあるものの内の、全体の中の)一つ、一つの、一つに、それだけ、ひたすら、同「壹」◆同じ、等しい、「同じ一つのも; 挙:◆(ものを手で頭よりも上に)持ち上げる、手を高く上げる、「挙手(キョシュ)」◆(問題点などを)取り上げる◆(人などを)取り立てる、「推挙(スイキョ)」◆事を起こ
kk_一掃_いっそう,一掃,いっそう,一:◆最初、最初の数、最も小さい数、同「壹」 ◆(幾つかあるものの内の、全体の中の)一つ、一つの、一つに、それだけ、ひたすら、同「壹」◆同じ、等しい、「同じ一つのも; 掃:◆箒(ほうき)などで埃(ほこり)や塵(ちり)などを払(はら)う、また払ってきれいにする、同「埽」◆払い除(の)ける,N1,on,on+on,B_verb_rad_手(kun 80%),一:◆最初、最初の数、最も小さい数、同「壹」 ◆(幾つかあるものの内の、全体の中の)一つ、一つの、一つに、それだけ、ひたすら、同「壹」◆同じ、等しい、「同じ一つのも; 掃:◆箒(ほうき)などで埃(ほこり)や塵(ちり)などを払(はら)う、また払ってきれいにする、同「埽」◆払い除(の)ける
kk_一概に_いちがいに,一概に,いちがいに,一:◆最初、最初の数、最も小さい数、同「壹」 ◆(幾つかあるものの内の、全体の中の)一つ、一つの、一つに、それだけ、ひたすら、同「壹」◆同じ、等しい、「同じ一つのも; 概:◆斗掻(とかき)、枡掻(ますかき、升掻)、穀物を入れた枡(ます)から盛り上がった部分を削(けず)り落して平らにする(枡の高さと同じにする)棒、同「𣏙」◆おおむ・,N1,on,on+on~,IL1_okurigana(kun 96%) | A1_compound_oku(kun 90%) | A1_on_kun_mix(on+kun 65%),一:◆最初、最初の数、最も小さい数、同「壹」 ◆(幾つかあるものの内の、全体の中の)一つ、一つの、一つに、それだけ、ひたすら、同「壹」◆同じ、等しい、「同じ一つのも; 概:◆斗掻(とかき)、枡掻(ますかき、升掻)、穀物を入れた枡(ます)から盛り上がった部分を削(けず)り落して平らにする(枡の高さと同じにする)棒、同「𣏙」◆おおむ・
kk_一様_いちよう,一様,いちよう,一:◆最初、最初の数、最も小さい数、同「壹」 ◆(幾つかあるものの内の、全体の中の)一つ、一つの、一つに、それだけ、ひたすら、同「壹」◆同じ、等しい、「同じ一つのも; 様:◆物事の性格や状態、また姿や形、あり方また見掛け◆形や姿、状態やあり方、方法や方式、同「𢳌」◆形や姿・状態やあり方・方法や方式などの種類を数える語◆クヌギ(櫟、,N1,on,on+on,B_noun_rad_木(kun 93%),一:◆最初、最初の数、最も小さい数、同「壹」 ◆(幾つかあるものの内の、全体の中の)一つ、一つの、一つに、それだけ、ひたすら、同「壹」◆同じ、等しい、「同じ一つのも; 様:◆物事の性格や状態、また姿や形、あり方また見掛け◆形や姿、状態やあり方、方法や方式、同「𢳌」◆形や姿・状態やあり方・方法や方式などの種類を数える語◆クヌギ(櫟、
kk_一気に_いっきに,一気に,いっきに,一:◆最初、最初の数、最も小さい数、同「壹」 ◆(幾つかあるものの内の、全体の中の)一つ、一つの、一つに、それだけ、ひたすら、同「壹」◆同じ、等しい、「同じ一つのも; 気:◆中国古来の考えで、天地全ての事物の基本要素、目に見えず形状は一定しない、あらゆる事物の生死・盛衰などの変化・変動はこの「気」の移動・集散によるものと考えられた,N1,on,on+on~,IL1_okurigana(kun 96%) | A1_compound_oku(kun 90%) | A1_on_kun_mix(on+kun 65%),一:◆最初、最初の数、最も小さい数、同「壹」 ◆(幾つかあるものの内の、全体の中の)一つ、一つの、一つに、それだけ、ひたすら、同「壹」◆同じ、等しい、「同じ一つのも; 気:◆中国古来の考えで、天地全ての事物の基本要素、目に見えず形状は一定しない、あらゆる事物の生死・盛衰などの変化・変動はこの「気」の移動・集散によるものと考えられた
kk_一番乗り_いちばんのり,一番乗り,いちばんのり,一:◆最初、最初の数、最も小さい数、同「壹」 ◆(幾つかあるものの内の、全体の中の)一つ、一つの、一つに、それだけ、ひたすら、同「壹」◆同じ、等しい、「同じ一つのも; 番:◆順に並んでいるものを次々に入れ替えながら繰り返すこと、またその順位、またその順位に当たること、「輪番(リンバン、順番に交替しながら繰り返すこと)」「當番(トウ; 乗:◆高台(たかだい、周りからは一段と高く人や物が乗ることができるようなところ)に登(のぼ)る、馬や車・舟などの台(ダイ)に上(あ)がる◆(人が乗るための)馬や車・,N1,mixed,on+on+kun~,IL1_okurigana(kun 96%) | A1_compound_oku(kun 90%) | A1_on_kun_mix(on+kun 65%),一:◆最初、最初の数、最も小さい数、同「壹」 ◆(幾つかあるものの内の、全体の中の)一つ、一つの、一つに、それだけ、ひたすら、同「壹」◆同じ、等しい、「同じ一つのも; 番:◆順に並んでいるものを次々に入れ替えながら繰り返すこと、またその順位、またその順位に当たること、「輪番(リンバン、順番に交替しながら繰り返すこと)」「當番(トウ; 乗:◆高台(たかだい、周りからは一段と高く人や物が乗ることができるようなところ)に登(のぼ)る、馬や車・舟などの台(ダイ)に上(あ)がる◆(人が乗るための)馬や車・
kk_一目_いちもく,一目,いちもく,一:◆最初、最初の数、最も小さい数、同「壹」 ◆(幾つかあるものの内の、全体の中の)一つ、一つの、一つに、それだけ、ひたすら、同「壹」◆同じ、等しい、「同じ一つのも; 目:◆眼(め、眼球ガンキュウ、黒目くろめ)・白目(しろめ、結膜ケツマク)・視神経などを含むものを見る器官全体、またその形状や様子や機能◆ものを見る、また見分ける◆眼,N1,on,on+on,,一:◆最初、最初の数、最も小さい数、同「壹」 ◆(幾つかあるものの内の、全体の中の)一つ、一つの、一つに、それだけ、ひたすら、同「壹」◆同じ、等しい、「同じ一つのも; 目:◆眼(め、眼球ガンキュウ、黒目くろめ)・白目(しろめ、結膜ケツマク)・視神経などを含むものを見る器官全体、またその形状や様子や機能◆ものを見る、また見分ける◆眼
kk_一目惚れ_ひとめぼれ,一目惚れ,ひとめぼれ,一:◆最初、最初の数、最も小さい数、同「壹」 ◆(幾つかあるものの内の、全体の中の)一つ、一つの、一つに、それだけ、ひたすら、同「壹」◆同じ、等しい、「同じ一つのも; 目:◆眼(め、眼球ガンキュウ、黒目くろめ)・白目(しろめ、結膜ケツマク)・視神経などを含むものを見る器官全体、またその形状や様子や機能◆ものを見る、また見分ける◆眼; 惚:◆ぼうっとして思考や行動が鈍くなる、ぼんやりするさま◆微(かす)かで見分けがつかないさま◆「恍惚(コウコツ)」◇頭が空っぽになって何も考えらないさま、ぼうっとす,N1,kun,kun+kun+kun~,IL1_okurigana(kun 96%) | A1_compound_oku(kun 90%) | A1_on_kun_mix(on+kun 65%),一:◆最初、最初の数、最も小さい数、同「壹」 ◆(幾つかあるものの内の、全体の中の)一つ、一つの、一つに、それだけ、ひたすら、同「壹」◆同じ、等しい、「同じ一つのも; 目:◆眼(め、眼球ガンキュウ、黒目くろめ)・白目(しろめ、結膜ケツマク)・視神経などを含むものを見る器官全体、またその形状や様子や機能◆ものを見る、また見分ける◆眼; 惚:◆ぼうっとして思考や行動が鈍くなる、ぼんやりするさま◆微(かす)かで見分けがつかないさま◆「恍惚(コウコツ)」◇頭が空っぽになって何も考えらないさま、ぼうっとす
kk_一目散に_いちもくさんに,一目散に,いちもくさんに,一:◆最初、最初の数、最も小さい数、同「壹」 ◆(幾つかあるものの内の、全体の中の)一つ、一つの、一つに、それだけ、ひたすら、同「壹」◆同じ、等しい、「同じ一つのも; 目:◆眼(め、眼球ガンキュウ、黒目くろめ)・白目(しろめ、結膜ケツマク)・視神経などを含むものを見る器官全体、またその形状や様子や機能◆ものを見る、また見分ける◆眼; 散:◆分け離す、固まっていたり纏(まと)まっていたりしたものをばらばらにする、同「㪔」◆束縛する力がなくなってばらばらになる、ばらばらになってあちこちに広がる◆あち,N1,on,on+on+on~,IL1_okurigana(kun 96%) | A1_compound_oku(kun 90%) | A1_on_kun_mix(on+kun 65%),一:◆最初、最初の数、最も小さい数、同「壹」 ◆(幾つかあるものの内の、全体の中の)一つ、一つの、一つに、それだけ、ひたすら、同「壹」◆同じ、等しい、「同じ一つのも; 目:◆眼(め、眼球ガンキュウ、黒目くろめ)・白目(しろめ、結膜ケツマク)・視神経などを含むものを見る器官全体、またその形状や様子や機能◆ものを見る、また見分ける◆眼; 散:◆分け離す、固まっていたり纏(まと)まっていたりしたものをばらばらにする、同「㪔」◆束縛する力がなくなってばらばらになる、ばらばらになってあちこちに広がる◆あち
kk_一眼レフ_いちがんレフ,一眼レフ,いちがんレフ,一:◆最初、最初の数、最も小さい数、同「壹」 ◆(幾つかあるものの内の、全体の中の)一つ、一つの、一つに、それだけ、ひたすら、同「壹」◆同じ、等しい、「同じ一つのも; 眼:◆目玉(めだま)、目の球状(黒目くろめ、眼球ガンキュウ)の部分、「目」はこの「眼」と「白眼(ハクガン、白目しろめ、結膜ケツマク)」・視神経などを含む、ものを見る,N1,on,on+on~,,一:◆最初、最初の数、最も小さい数、同「壹」 ◆(幾つかあるものの内の、全体の中の)一つ、一つの、一つに、それだけ、ひたすら、同「壹」◆同じ、等しい、「同じ一つのも; 眼:◆目玉(めだま)、目の球状(黒目くろめ、眼球ガンキュウ)の部分、「目」はこの「眼」と「白眼(ハクガン、白目しろめ、結膜ケツマク)」・視神経などを含む、ものを見る
kk_一筋に_ひとすじに,一筋に,ひとすじに,一:◆最初、最初の数、最も小さい数、同「壹」 ◆(幾つかあるものの内の、全体の中の)一つ、一つの、一つに、それだけ、ひたすら、同「壹」◆同じ、等しい、「同じ一つのも; 筋:◆動物の肉(皮膚と骨を繋いで一定の形や位置を保つ役割を担う組織、筋肉と脂肪とからなる)を構成する伸縮性のある強靱な線状の組織、「【集韻:卷二:平聲:欣第二十一:,N1,kun,kun+kun,IL1_okurigana(kun 96%) | A1_compound_oku(kun 90%) | A1_on_kun_mix(on+kun 65%),一:◆最初、最初の数、最も小さい数、同「壹」 ◆(幾つかあるものの内の、全体の中の)一つ、一つの、一つに、それだけ、ひたすら、同「壹」◆同じ、等しい、「同じ一つのも; 筋:◆動物の肉(皮膚と骨を繋いで一定の形や位置を保つ役割を担う組織、筋肉と脂肪とからなる)を構成する伸縮性のある強靱な線状の組織、「【集韻:卷二:平聲:欣第二十一:
kk_一見_いっけん,一見,いっけん,一:◆最初、最初の数、最も小さい数、同「壹」 ◆(幾つかあるものの内の、全体の中の)一つ、一つの、一つに、それだけ、ひたすら、同「壹」◆同じ、等しい、「同じ一つのも; 見:◆目でものや状況を認識する、目に入る◆(見たものの)認識の仕方、考え◆人と顔を合わせる、対面する◆みる、部首名,N1,on,on+on,,一:◆最初、最初の数、最も小さい数、同「壹」 ◆(幾つかあるものの内の、全体の中の)一つ、一つの、一つに、それだけ、ひたすら、同「壹」◆同じ、等しい、「同じ一つのも; 見:◆目でものや状況を認識する、目に入る◆(見たものの)認識の仕方、考え◆人と顔を合わせる、対面する◆みる、部首名
kk_一連_いちれん,一連,いちれん,一:◆最初、最初の数、最も小さい数、同「壹」 ◆(幾つかあるものの内の、全体の中の)一つ、一つの、一つに、それだけ、ひたすら、同「壹」◆同じ、等しい、「同じ一つのも; 連:◆途切れずに続く、次々に間を置かずに続く、また繋(つな)がる◆結び付く、関わり合いを持つ◆一緒に行動する◆続々と、次々に、間を置かずに,N1,on,on+on,,一:◆最初、最初の数、最も小さい数、同「壹」 ◆(幾つかあるものの内の、全体の中の)一つ、一つの、一つに、それだけ、ひたすら、同「壹」◆同じ、等しい、「同じ一つのも; 連:◆途切れずに続く、次々に間を置かずに続く、また繋(つな)がる◆結び付く、関わり合いを持つ◆一緒に行動する◆続々と、次々に、間を置かずに
kk_一際_ひときわ,一際,ひときわ,一:◆最初、最初の数、最も小さい数、同「壹」 ◆(幾つかあるものの内の、全体の中の)一つ、一つの、一つに、それだけ、ひたすら、同「壹」◆同じ、等しい、「同じ一つのも; 際:◆他と触(ふ)れ合う、付き合う、「交際(コウサイ、交わり接すること、付き合うこと)」◆他と合(あ)わさるところ、接するところ、境目、「水際(スイサイ、みずぎわ),N1,kun,kun+kun~,,一:◆最初、最初の数、最も小さい数、同「壹」 ◆(幾つかあるものの内の、全体の中の)一つ、一つの、一つに、それだけ、ひたすら、同「壹」◆同じ、等しい、「同じ一つのも; 際:◆他と触(ふ)れ合う、付き合う、「交際(コウサイ、交わり接すること、付き合うこと)」◆他と合(あ)わさるところ、接するところ、境目、「水際(スイサイ、みずぎわ)
kk_一面_いちめん,一面,いちめん,一:◆最初、最初の数、最も小さい数、同「壹」 ◆(幾つかあるものの内の、全体の中の)一つ、一つの、一つに、それだけ、ひたすら、同「壹」◆同じ、等しい、「同じ一つのも; 面:◆顔(かお)、頭の目鼻口がある側◆顔を対象(タイショウ、目標や相手)に向ける、また向く◆(顔が)向いている側、向き、向いている方向◆ものの表(おもて)、前(まえ,N1,on,on+on,,一:◆最初、最初の数、最も小さい数、同「壹」 ◆(幾つかあるものの内の、全体の中の)一つ、一つの、一つに、それだけ、ひたすら、同「壹」◆同じ、等しい、「同じ一つのも; 面:◆顔(かお)、頭の目鼻口がある側◆顔を対象(タイショウ、目標や相手)に向ける、また向く◆(顔が)向いている側、向き、向いている方向◆ものの表(おもて)、前(まえ
kk_一頃_ひところ,一頃,ひところ,一:◆最初、最初の数、最も小さい数、同「壹」 ◆(幾つかあるものの内の、全体の中の)一つ、一つの、一つに、それだけ、ひたすら、同「壹」◆同じ、等しい、「同じ一つのも; 頃:◆頭を傾(かたむ)ける、頭を傾(かし)げる、同「傾」◆傾く、斜めになる、片方に(一方に)偏(かたよ)る、同「傾」◆僅(わず)かな時間、「頃刻(ケイコク、僅かな間,N1,kun,kun+kun~,,一:◆最初、最初の数、最も小さい数、同「壹」 ◆(幾つかあるものの内の、全体の中の)一つ、一つの、一つに、それだけ、ひたすら、同「壹」◆同じ、等しい、「同じ一つのも; 頃:◆頭を傾(かたむ)ける、頭を傾(かし)げる、同「傾」◆傾く、斜めになる、片方に(一方に)偏(かたよ)る、同「傾」◆僅(わず)かな時間、「頃刻(ケイコク、僅かな間
kk_万人_ばんにん,万人,ばんにん,万:◆千の十倍 ◆数え切れないほど多いさま、極めて多いさま◆あらゆる、どんなものも、全て◆決して、絶対に、「萬萬(バンバン)」◆「万俟(ボクキ)」、姓、同「𢄏俟」、; 人:◆霊長目ヒト科ヒト属の生物、ホモ・サピエンスHomo sapiens(「知恵の人」の意)、同「儿」◆自分以外の者、「人我(ジンガ、他人と自分)」◆人の数(かず),N1,on,on+on,,万:◆千の十倍 ◆数え切れないほど多いさま、極めて多いさま◆あらゆる、どんなものも、全て◆決して、絶対に、「萬萬(バンバン)」◆「万俟(ボクキ)」、姓、同「𢄏俟」、; 人:◆霊長目ヒト科ヒト属の生物、ホモ・サピエンスHomo sapiens(「知恵の人」の意)、同「儿」◆自分以外の者、「人我(ジンガ、他人と自分)」◆人の数(かず)
kk_万引き_まんびき,万引き,まんびき,万:◆千の十倍 ◆数え切れないほど多いさま、極めて多いさま◆あらゆる、どんなものも、全て◆決して、絶対に、「萬萬(バンバン)」◆「万俟(ボクキ)」、姓、同「𢄏俟」、; 引:◆(弓の弦iに指を掛け、ぐいと)手前に寄せる、「向こうへぐいと押しやる」とは逆の動きをいう◆ぐいと伸ばす、「引領(インレイ、首を伸ばす、首を伸ばして待ち受ける),N1,other,mixed+mixed~,IL1_okurigana(kun 96%) | A1_compound_oku(kun 90%) | A1_on_kun_mix(on+kun 65%),万:◆千の十倍 ◆数え切れないほど多いさま、極めて多いさま◆あらゆる、どんなものも、全て◆決して、絶対に、「萬萬(バンバン)」◆「万俟(ボクキ)」、姓、同「𢄏俟」、; 引:◆(弓の弦iに指を掛け、ぐいと)手前に寄せる、「向こうへぐいと押しやる」とは逆の動きをいう◆ぐいと伸ばす、「引領(インレイ、首を伸ばす、首を伸ばして待ち受ける)
kk_三味線_しゃみせん,三味線,しゃみせん,三:◆数の名、三番目; 味:◆舌で感じる、舌の感覚◆「五味(ゴミ)」、舌の感覚(味)を五つに大別したもの、酸(酸っぱい味)苦(苦い味)辛(辛い味)鹹(塩辛い味)甘(甘い味)、「【禮記注疏(; 線:◆糸や紐(ひも)、糸や紐のように細く長いもの、同「綫」「絤」「𦇫」「綖」◆糸や紐のように途切れずに長く延びているもの、二つの点と点を結ぶもの、またその形状や状態,N1,mixed,kun+on+on~,A4_multi_on(on+on+on 65%),三:◆数の名、三番目; 味:◆舌で感じる、舌の感覚◆「五味(ゴミ)」、舌の感覚(味)を五つに大別したもの、酸(酸っぱい味)苦(苦い味)辛(辛い味)鹹(塩辛い味)甘(甘い味)、「【禮記注疏(; 線:◆糸や紐(ひも)、糸や紐のように細く長いもの、同「綫」「絤」「𦇫」「綖」◆糸や紐のように途切れずに長く延びているもの、二つの点と点を結ぶもの、またその形状や状態
kk_三日坊主_みっかぼうず,三日坊主,みっかぼうず,三:◆数の名、三番目; 日:◆太陽◆太陽が出ている間、昼間、夜明けから日没まで◆一昼夜、朝から次の朝まで、またその繰り返し、またその繰り返しを数える語◆候(コウ)、時節、頃(ケイ、ころ)◆; 坊:◆市街を区画(クカク)する道、街巷(ガイコウ)、里巷(リコウ)◆市街の道で区切られた区画◆住まい、住居、同「房」「𠩝」◆防(ふせ)ぐ、遮(さえぎ)る、同「防」◆,N1,on,mixed+mixed+on+mixed~,A4_multi_on(on+on+on+on 65%),三:◆数の名、三番目; 日:◆太陽◆太陽が出ている間、昼間、夜明けから日没まで◆一昼夜、朝から次の朝まで、またその繰り返し、またその繰り返しを数える語◆候(コウ)、時節、頃(ケイ、ころ)◆; 坊:◆市街を区画(クカク)する道、街巷(ガイコウ)、里巷(リコウ)◆市街の道で区切られた区画◆住まい、住居、同「房」「𠩝」◆防(ふせ)ぐ、遮(さえぎ)る、同「防」◆
kk_上がり_あがり,上がり,あがり,上:◆位置・場所・地位などが高い、高い方にある◆高い方に移る、昇る、登る◆順序・時間などが前、前の方にある◆前の方に移る◆等級・品質などが高い、優れている◆殿様、皇,N1,kun,kun,IL1_okurigana(kun 96%) | IL2_single_okuri(kun 96%),上:◆位置・場所・地位などが高い、高い方にある◆高い方に移る、昇る、登る◆順序・時間などが前、前の方にある◆前の方に移る◆等級・品質などが高い、優れている◆殿様、皇
kk_上位_じょうい,上位,じょうい,上:◆位置・場所・地位などが高い、高い方にある◆高い方に移る、昇る、登る◆順序・時間などが前、前の方にある◆前の方に移る◆等級・品質などが高い、優れている◆殿様、皇; 位:◆順に並ぶ時に立つべき場所、並べて置く時の置くべき場所、並んでいるものの中での置かれている場所、「位置(イチ)」◆階級の中の級(キュウ、順位)、席次(セキジ)、,N1,on,on+on,A3_short_compound(on+on 71%),上:◆位置・場所・地位などが高い、高い方にある◆高い方に移る、昇る、登る◆順序・時間などが前、前の方にある◆前の方に移る◆等級・品質などが高い、優れている◆殿様、皇; 位:◆順に並ぶ時に立つべき場所、並べて置く時の置くべき場所、並んでいるものの中での置かれている場所、「位置(イチ)」◆階級の中の級(キュウ、順位)、席次(セキジ)、
kk_上向く_うわむく,上向く,うわむく,上:◆位置・場所・地位などが高い、高い方にある◆高い方に移る、昇る、登る◆順序・時間などが前、前の方にある◆前の方に移る◆等級・品質などが高い、優れている◆殿様、皇; 向:◆窓、北側に面した窓、同「郷」、「丿冂」は「宀」で「屋根のある建物」、「口」は「壁などに空いた窓」の意◆目的とするところを目指して行く、基点となるところから遠ざ,N1,kun,kun+kun,IL1_okurigana(kun 96%) | A1_compound_oku(kun 90%) | A1_on_kun_mix(on+kun 65%),上:◆位置・場所・地位などが高い、高い方にある◆高い方に移る、昇る、登る◆順序・時間などが前、前の方にある◆前の方に移る◆等級・品質などが高い、優れている◆殿様、皇; 向:◆窓、北側に面した窓、同「郷」、「丿冂」は「宀」で「屋根のある建物」、「口」は「壁などに空いた窓」の意◆目的とするところを目指して行く、基点となるところから遠ざ
kk_上場_じょじょう,上場,じょじょう,上:◆位置・場所・地位などが高い、高い方にある◆高い方に移る、昇る、登る◆順序・時間などが前、前の方にある◆前の方に移る◆等級・品質などが高い、優れている◆殿様、皇; 場:◆(日当たりのよい、収穫した穀物の乾燥・脱穀などをする、また多くの人やものが集まる)広く平らなところ、「広場」、同「塲」◆一段と高くし上を平らに作ったところ、台,N1,on,on+on~,A3_short_compound(on+on 71%),上:◆位置・場所・地位などが高い、高い方にある◆高い方に移る、昇る、登る◆順序・時間などが前、前の方にある◆前の方に移る◆等級・品質などが高い、優れている◆殿様、皇; 場:◆(日当たりのよい、収穫した穀物の乾燥・脱穀などをする、また多くの人やものが集まる)広く平らなところ、「広場」、同「塲」◆一段と高くし上を平らに作ったところ、台
kk_上役_うわやく,上役,うわやく,上:◆位置・場所・地位などが高い、高い方にある◆高い方に移る、昇る、登る◆順序・時間などが前、前の方にある◆前の方に移る◆等級・品質などが高い、優れている◆殿様、皇; 役:◆辺境の守備をさせる、人に厳しい労働をさせる◆労働、戦(いくさ)、またそれらの労務に服する人◆割り当てられた任務や職務、またそれを務める人,N1,mixed,kun+on~,,上:◆位置・場所・地位などが高い、高い方にある◆高い方に移る、昇る、登る◆順序・時間などが前、前の方にある◆前の方に移る◆等級・品質などが高い、優れている◆殿様、皇; 役:◆辺境の守備をさせる、人に厳しい労働をさせる◆労働、戦(いくさ)、またそれらの労務に服する人◆割り当てられた任務や職務、またそれを務める人
kk_上書き_うわがき,上書き,うわがき,上:◆位置・場所・地位などが高い、高い方にある◆高い方に移る、昇る、登る◆順序・時間などが前、前の方にある◆前の方に移る◆等級・品質などが高い、優れている◆殿様、皇; 書:◆文字を筆(聿)などで記(しる)す、著(あらわ)す、「書物(ショモツ)」「文書(ブンショ)」◆手紙、「書信(ショシン)」◆「書経(ショキョウ、別名尚書ショウショ,N1,other,mixed+mixed~,IL1_okurigana(kun 96%) | A1_compound_oku(kun 90%) | A1_on_kun_mix(on+kun 65%),上:◆位置・場所・地位などが高い、高い方にある◆高い方に移る、昇る、登る◆順序・時間などが前、前の方にある◆前の方に移る◆等級・品質などが高い、優れている◆殿様、皇; 書:◆文字を筆(聿)などで記(しる)す、著(あらわ)す、「書物(ショモツ)」「文書(ブンショ)」◆手紙、「書信(ショシン)」◆「書経(ショキョウ、別名尚書ショウショ
kk_上機嫌_じょうきげん,上機嫌,じょうきげん,上:◆位置・場所・地位などが高い、高い方にある◆高い方に移る、昇る、登る◆順序・時間などが前、前の方にある◆前の方に移る◆等級・品質などが高い、優れている◆殿様、皇; 機:◆布を織る装置、「機織(キショク、はたおり)」◆ある仕事をさせる(する)ために人や部品を組み合わせて作り上げた仕組みや仕掛け(組織や装置)◆「機関(キカン)」◇; 嫌:◆好きでない、どこか意に沿わないところがある、同「慊」、「嫌悪(ケンオ)」◆何となく避けた方が良いような気がする、憚(はばか)る◆何かしら心に引っ掛る(ひっかか,N1,on,on+on+on,A4_multi_on(on+on+on 65%) | B_noun_rad_木(kun 93%),上:◆位置・場所・地位などが高い、高い方にある◆高い方に移る、昇る、登る◆順序・時間などが前、前の方にある◆前の方に移る◆等級・品質などが高い、優れている◆殿様、皇; 機:◆布を織る装置、「機織(キショク、はたおり)」◆ある仕事をさせる(する)ために人や部品を組み合わせて作り上げた仕組みや仕掛け(組織や装置)◆「機関(キカン)」◇; 嫌:◆好きでない、どこか意に沿わないところがある、同「慊」、「嫌悪(ケンオ)」◆何となく避けた方が良いような気がする、憚(はばか)る◆何かしら心に引っ掛る(ひっかか
kk_上演_じょうえん,上演,じょうえん,上:◆位置・場所・地位などが高い、高い方にある◆高い方に移る、昇る、登る◆順序・時間などが前、前の方にある◆前の方に移る◆等級・品質などが高い、優れている◆殿様、皇; 演:◆水がどこまでも伸びて流れる、「涴演(エンエン、川が曲がりくねりながら延々エンエンと流れるさま)」◆広げる、行(ゆ)き渡(わた)らせる◆元(もと)となるもの・元,N1,on,on+on,,上:◆位置・場所・地位などが高い、高い方にある◆高い方に移る、昇る、登る◆順序・時間などが前、前の方にある◆前の方に移る◆等級・品質などが高い、優れている◆殿様、皇; 演:◆水がどこまでも伸びて流れる、「涴演(エンエン、川が曲がりくねりながら延々エンエンと流れるさま)」◆広げる、行(ゆ)き渡(わた)らせる◆元(もと)となるもの・元
kk_上空_じょうくう,上空,じょうくう,上:◆位置・場所・地位などが高い、高い方にある◆高い方に移る、昇る、登る◆順序・時間などが前、前の方にある◆前の方に移る◆等級・品質などが高い、優れている◆殿様、皇; 空:◆(中に)何もない、何も含まれていない、虚(うつ)ろなさま◆何もないところ、天と地の間(あいだ),N1,on,on+on,,上:◆位置・場所・地位などが高い、高い方にある◆高い方に移る、昇る、登る◆順序・時間などが前、前の方にある◆前の方に移る◆等級・品質などが高い、優れている◆殿様、皇; 空:◆(中に)何もない、何も含まれていない、虚(うつ)ろなさま◆何もないところ、天と地の間(あいだ)
kk_上陸_じょうりく,上陸,じょうりく,上:◆位置・場所・地位などが高い、高い方にある◆高い方に移る、昇る、登る◆順序・時間などが前、前の方にある◆前の方に移る◆等級・品質などが高い、優れている◆殿様、皇; 陸:◆おか、くが、広い台地、土が厚く積み重なって水面より高くなったところ、水に覆われていない平らに広がる土地◆水に覆われていない土地、「陸路(りくろ)」◆途切れるこ,N1,on,on+on,,上:◆位置・場所・地位などが高い、高い方にある◆高い方に移る、昇る、登る◆順序・時間などが前、前の方にある◆前の方に移る◆等級・品質などが高い、優れている◆殿様、皇; 陸:◆おか、くが、広い台地、土が厚く積み重なって水面より高くなったところ、水に覆われていない平らに広がる土地◆水に覆われていない土地、「陸路(りくろ)」◆途切れるこ
kk_下取り_したどり,下取り,したどり,下:◆位置・場所・地位などが低い、低い方にある◆低い方に移る、降りる、落ちる◆順序・時間などが後(あと)、後の方にある◆後の方に移る、後(うし)ろの方へ退く◆等級・; 取:◆捕(つか)まえる、捕(と)らえる、縄(なわ)を掛ける◆手に入れる、手の中に収(おさ)める、手で受ける◆(多くの中から一部を、或いは一つを)選ぶ、選択する◆娶(,N1,other,mixed+mixed~,IL1_okurigana(kun 96%) | A1_compound_oku(kun 90%) | A1_on_kun_mix(on+kun 65%),下:◆位置・場所・地位などが低い、低い方にある◆低い方に移る、降りる、落ちる◆順序・時間などが後(あと)、後の方にある◆後の方に移る、後(うし)ろの方へ退く◆等級・; 取:◆捕(つか)まえる、捕(と)らえる、縄(なわ)を掛ける◆手に入れる、手の中に収(おさ)める、手で受ける◆(多くの中から一部を、或いは一つを)選ぶ、選択する◆娶(
kk_下地_したじ,下地,したじ,下:◆位置・場所・地位などが低い、低い方にある◆低い方に移る、降りる、落ちる◆順序・時間などが後(あと)、後の方にある◆後の方に移る、後(うし)ろの方へ退く◆等級・; 地:◆重い陰気が(下に沈み)集まるところ、万物が居並ぶ(存在する)ところ、軽い陽気が(上に浮き)集まるところを「天(テン)」、「【說文解字注:土部:地】元气初分輕清,N1,mixed,kun+on~,A3_short_compound(on+on 71%),下:◆位置・場所・地位などが低い、低い方にある◆低い方に移る、降りる、落ちる◆順序・時間などが後(あと)、後の方にある◆後の方に移る、後(うし)ろの方へ退く◆等級・; 地:◆重い陰気が(下に沈み)集まるところ、万物が居並ぶ(存在する)ところ、軽い陽気が(上に浮き)集まるところを「天(テン)」、「【說文解字注:土部:地】元气初分輕清
kk_下役_したやく,下役,したやく,下:◆位置・場所・地位などが低い、低い方にある◆低い方に移る、降りる、落ちる◆順序・時間などが後(あと)、後の方にある◆後の方に移る、後(うし)ろの方へ退く◆等級・; 役:◆辺境の守備をさせる、人に厳しい労働をさせる◆労働、戦(いくさ)、またそれらの労務に服する人◆割り当てられた任務や職務、またそれを務める人,N1,mixed,kun+on~,,下:◆位置・場所・地位などが低い、低い方にある◆低い方に移る、降りる、落ちる◆順序・時間などが後(あと)、後の方にある◆後の方に移る、後(うし)ろの方へ退く◆等級・; 役:◆辺境の守備をさせる、人に厳しい労働をさせる◆労働、戦(いくさ)、またそれらの労務に服する人◆割り当てられた任務や職務、またそれを務める人
kk_下心_したごころ,下心,したごころ,下:◆位置・場所・地位などが低い、低い方にある◆低い方に移る、降りる、落ちる◆順序・時間などが後(あと)、後の方にある◆後の方に移る、後(うし)ろの方へ退く◆等級・; 心:◆血液を循環させる働きをする臓器で五臓(心シン・肝カン・脾ヒ・肺ハイ・腎ジン)の一つ ◆ものの真(ま)ん中、真ん中(中心)にあるもの、ものの重要な部分、ものの本,N1,other,mixed+mixed~,,下:◆位置・場所・地位などが低い、低い方にある◆低い方に移る、降りる、落ちる◆順序・時間などが後(あと)、後の方にある◆後の方に移る、後(うし)ろの方へ退く◆等級・; 心:◆血液を循環させる働きをする臓器で五臓(心シン・肝カン・脾ヒ・肺ハイ・腎ジン)の一つ ◆ものの真(ま)ん中、真ん中(中心)にあるもの、ものの重要な部分、ものの本
kk_下火_したび,下火,したび,下:◆位置・場所・地位などが低い、低い方にある◆低い方に移る、降りる、落ちる◆順序・時間などが後(あと)、後の方にある◆後の方に移る、後(うし)ろの方へ退く◆等級・; 火:◆ものが燃える時に発生する光や色や炎や熱など◆ものが赤々と燃える、また焼く◆(火が勢いよく燃えるように、また顔を紅潮させて)怒る、(火が弾けるように)突然怒り出,N1,other,mixed+mixed~,A3_short_compound(on+on 71%),下:◆位置・場所・地位などが低い、低い方にある◆低い方に移る、降りる、落ちる◆順序・時間などが後(あと)、後の方にある◆後の方に移る、後(うし)ろの方へ退く◆等級・; 火:◆ものが燃える時に発生する光や色や炎や熱など◆ものが赤々と燃える、また焼く◆(火が勢いよく燃えるように、また顔を紅潮させて)怒る、(火が弾けるように)突然怒り出
kk_下落_げらく,下落,げらく,下:◆位置・場所・地位などが低い、低い方にある◆低い方に移る、降りる、落ちる◆順序・時間などが後(あと)、後の方にある◆後の方に移る、後(うし)ろの方へ退く◆等級・; 落:◆上にあったものが下に移動する、高い所から下に位置を変える、「落下(ラッカ)」「墜落(ツイラク)」◆枯れ衰える、(枯れた葉が)地に墜ちる、「没落(ボツラク)」「,N1,on,on+on,A3_short_compound(on+on 71%),下:◆位置・場所・地位などが低い、低い方にある◆低い方に移る、降りる、落ちる◆順序・時間などが後(あと)、後の方にある◆後の方に移る、後(うし)ろの方へ退く◆等級・; 落:◆上にあったものが下に移動する、高い所から下に位置を変える、「落下(ラッカ)」「墜落(ツイラク)」◆枯れ衰える、(枯れた葉が)地に墜ちる、「没落(ボツラク)」「
kk_下調べ_したしらべ,下調べ,したしらべ,下:◆位置・場所・地位などが低い、低い方にある◆低い方に移る、降りる、落ちる◆順序・時間などが後(あと)、後の方にある◆後の方に移る、後(うし)ろの方へ退く◆等級・; 調:◆整える、釣り合いを取る、バランスbalanceを取る、不均衡・不公平などでない状態にする、不快感・違和感などを感じない状態に整える、「調和(チョウワ)」◆音律,N1,kun,kun+kun,IL1_okurigana(kun 96%) | A1_compound_oku(kun 90%) | A1_on_kun_mix(on+kun 65%),下:◆位置・場所・地位などが低い、低い方にある◆低い方に移る、降りる、落ちる◆順序・時間などが後(あと)、後の方にある◆後の方に移る、後(うし)ろの方へ退く◆等級・; 調:◆整える、釣り合いを取る、バランスbalanceを取る、不均衡・不公平などでない状態にする、不快感・違和感などを感じない状態に整える、「調和(チョウワ)」◆音律
kk_下請け_したうけ,下請け,したうけ,下:◆位置・場所・地位などが低い、低い方にある◆低い方に移る、降りる、落ちる◆順序・時間などが後(あと)、後の方にある◆後の方に移る、後(うし)ろの方へ退く◆等級・; 請:◆乞(こ)う、頼む、頼みごとをする、君主や神仏などにお願いする◆どうか(～して下さい)◆招く、招きに応(こた)えて来てくれた人を大切にもてなす◆依頼を受ける、頼,N1,kun,kun+kun,IL1_okurigana(kun 96%) | A1_compound_oku(kun 90%) | A1_on_kun_mix(on+kun 65%),下:◆位置・場所・地位などが低い、低い方にある◆低い方に移る、降りる、落ちる◆順序・時間などが後(あと)、後の方にある◆後の方に移る、後(うし)ろの方へ退く◆等級・; 請:◆乞(こ)う、頼む、頼みごとをする、君主や神仏などにお願いする◆どうか(～して下さい)◆招く、招きに応(こた)えて来てくれた人を大切にもてなす◆依頼を受ける、頼
kk_不信感_ふしんかん,不信感,ふしんかん,不:◆～でない、～ない、not、no、否定の語、同「弗」、「不可(フカ、認められない、してはならない)」「不知(フチ、知らない)」◆否(いな)、いや、いいや、同意で; 信:◆誠実なさま、嘘偽りがないさま、言ったことを違(たが)えないさま◆確かであるとして疑わない、一点の疑いもない、「信用する」の意◆確かな、間違いない、確かに、本当; 感:◆外部から受けた刺激を知覚する◆外部からの刺激を受けて心や体が反応する、また動く,N1,on,on+on+on,A4_multi_on(on+on+on 65%),不:◆～でない、～ない、not、no、否定の語、同「弗」、「不可(フカ、認められない、してはならない)」「不知(フチ、知らない)」◆否(いな)、いや、いいや、同意で; 信:◆誠実なさま、嘘偽りがないさま、言ったことを違(たが)えないさま◆確かであるとして疑わない、一点の疑いもない、「信用する」の意◆確かな、間違いない、確かに、本当; 感:◆外部から受けた刺激を知覚する◆外部からの刺激を受けて心や体が反応する、また動く
kk_不備_ふび,不備,ふび,不:◆～でない、～ない、not、no、否定の語、同「弗」、「不可(フカ、認められない、してはならない)」「不知(フチ、知らない)」◆否(いな)、いや、いいや、同意で; 備:◆必要なものを用意しておく、(いざという時のために)予め揃えておく◆身に付いている、身に具(そな)わる◆つぶさ・に、必要なものは全て、ことごとく,N1,on,on+on,A3_short_compound(on+on 71%),不:◆～でない、～ない、not、no、否定の語、同「弗」、「不可(フカ、認められない、してはならない)」「不知(フチ、知らない)」◆否(いな)、いや、いいや、同意で; 備:◆必要なものを用意しておく、(いざという時のために)予め揃えておく◆身に付いている、身に具(そな)わる◆つぶさ・に、必要なものは全て、ことごとく
kk_不可解_ふかかい,不可解,ふかかい,不:◆～でない、～ない、not、no、否定の語、同「弗」、「不可(フカ、認められない、してはならない)」「不知(フチ、知らない)」◆否(いな)、いや、いいや、同意で; 可:◆よい、よろしい、～してよい、同意の語◆認める、許す、許可の意を表す語◆～できる、可能性を示す語◆(当然)～すべきである、(必ず、きっと)～となるだろう◆～ばか; 解:◆一つになっているもの(固まっているもの)をばらばらにする、また柔らかくする、また融(と)かす、また和(やわ)らげる、「解散(カイサン)」「分解(ブンカイ)」◆,N1,on,on+on+on,A4_multi_on(on+on+on 65%),不:◆～でない、～ない、not、no、否定の語、同「弗」、「不可(フカ、認められない、してはならない)」「不知(フチ、知らない)」◆否(いな)、いや、いいや、同意で; 可:◆よい、よろしい、～してよい、同意の語◆認める、許す、許可の意を表す語◆～できる、可能性を示す語◆(当然)～すべきである、(必ず、きっと)～となるだろう◆～ばか; 解:◆一つになっているもの(固まっているもの)をばらばらにする、また柔らかくする、また融(と)かす、また和(やわ)らげる、「解散(カイサン)」「分解(ブンカイ)」◆
kk_不可避_ふかひ,不可避,ふかひ,不:◆～でない、～ない、not、no、否定の語、同「弗」、「不可(フカ、認められない、してはならない)」「不知(フチ、知らない)」◆否(いな)、いや、いいや、同意で; 可:◆よい、よろしい、～してよい、同意の語◆認める、許す、許可の意を表す語◆～できる、可能性を示す語◆(当然)～すべきである、(必ず、きっと)～となるだろう◆～ばか; 避:◆障害となるものに当たらないような位置・場所に移動する、当たらないように身を躱(かわ)す、身を逸(そ)らす、同「辟」、「迴避、回避(カイヒ)」◆中心から去る、退,N1,on,on+on+on,A4_multi_on(on+on+on 65%),不:◆～でない、～ない、not、no、否定の語、同「弗」、「不可(フカ、認められない、してはならない)」「不知(フチ、知らない)」◆否(いな)、いや、いいや、同意で; 可:◆よい、よろしい、～してよい、同意の語◆認める、許す、許可の意を表す語◆～できる、可能性を示す語◆(当然)～すべきである、(必ず、きっと)～となるだろう◆～ばか; 避:◆障害となるものに当たらないような位置・場所に移動する、当たらないように身を躱(かわ)す、身を逸(そ)らす、同「辟」、「迴避、回避(カイヒ)」◆中心から去る、退
kk_不吉_ふきつ,不吉,ふきつ,不:◆～でない、～ない、not、no、否定の語、同「弗」、「不可(フカ、認められない、してはならない)」「不知(フチ、知らない)」◆否(いな)、いや、いいや、同意で; 吉:◆善(よ)い、幸運な、喜ばしい、逆は「凶」◆良い、めでたい、好ましい,N1,on,on+on,A3_short_compound(on+on 71%),不:◆～でない、～ない、not、no、否定の語、同「弗」、「不可(フカ、認められない、してはならない)」「不知(フチ、知らない)」◆否(いな)、いや、いいや、同意で; 吉:◆善(よ)い、幸運な、喜ばしい、逆は「凶」◆良い、めでたい、好ましい
kk_不在_ふざい,不在,ふざい,不:◆～でない、～ない、not、no、否定の語、同「弗」、「不可(フカ、認められない、してはならない)」「不知(フチ、知らない)」◆否(いな)、いや、いいや、同意で; 在:◆そこに居(い)る、同じ状態で一定のところに留(とど)まっている、またその場所◆～に於(お)いて、～(場所)で(at),N1,on,on+on,A3_short_compound(on+on 71%),不:◆～でない、～ない、not、no、否定の語、同「弗」、「不可(フカ、認められない、してはならない)」「不知(フチ、知らない)」◆否(いな)、いや、いいや、同意で; 在:◆そこに居(い)る、同じ状態で一定のところに留(とど)まっている、またその場所◆～に於(お)いて、～(場所)で(at)
kk_不審_ふしん,不審,ふしん,不:◆～でない、～ない、not、no、否定の語、同「弗」、「不可(フカ、認められない、してはならない)」「不知(フチ、知らない)」◆否(いな)、いや、いいや、同意で; 審:◆悉(ことごと)く、余すところなく、残すところなく、同「悉」◆悉(ことごと)く調べ尽くす、余すところなく知り尽くす、同「讅」◆細部まで調べ尽くして明らかにする、,N1,on,on+on,A3_short_compound(on+on 71%) | B_noun_rad_宀(kun 93%),不:◆～でない、～ない、not、no、否定の語、同「弗」、「不可(フカ、認められない、してはならない)」「不知(フチ、知らない)」◆否(いな)、いや、いいや、同意で; 審:◆悉(ことごと)く、余すところなく、残すところなく、同「悉」◆悉(ことごと)く調べ尽くす、余すところなく知り尽くす、同「讅」◆細部まで調べ尽くして明らかにする、
kk_不当_ふとう,不当,ふとう,不:◆～でない、～ない、not、no、否定の語、同「弗」、「不可(フカ、認められない、してはならない)」「不知(フチ、知らない)」◆否(いな)、いや、いいや、同意で; 当:◆正面からぶつかる、正面から向き合う、相対する、同「噹」◆適合する、相応しい◆受け持つ、引き受ける◆そうするべき、そうあるべき◆この(this)、今、此処(ここ,N1,on,on+on,A3_short_compound(on+on 71%),不:◆～でない、～ない、not、no、否定の語、同「弗」、「不可(フカ、認められない、してはならない)」「不知(フチ、知らない)」◆否(いな)、いや、いいや、同意で; 当:◆正面からぶつかる、正面から向き合う、相対する、同「噹」◆適合する、相応しい◆受け持つ、引き受ける◆そうするべき、そうあるべき◆この(this)、今、此処(ここ
kk_不得手_ふえて,不得手,ふえて,不:◆～でない、～ない、not、no、否定の語、同「弗」、「不可(フカ、認められない、してはならない)」「不知(フチ、知らない)」◆否(いな)、いや、いいや、同意で; 得:◆手に入れる、手に入る、自分のものにする、自分のものになる、身に付く◆ぴったりと合う、相応(ふさわ)しい◆意に適(かな)う◆～できる◆儲(もう)かる、出て行くも; 手:◆体や物体の一部で、胴から分かれ出て伸び、持つ・握る・叩く・ものを作る・操作するなどの機能を持つ部分、掌(たなごころ)と指を合わせた全体、腕の先の部分 ◆自(み,N1,mixed,on+kun+kun~,A4_multi_on(on+on+on 65%) | B_verb_rad_手(kun 80%),不:◆～でない、～ない、not、no、否定の語、同「弗」、「不可(フカ、認められない、してはならない)」「不知(フチ、知らない)」◆否(いな)、いや、いいや、同意で; 得:◆手に入れる、手に入る、自分のものにする、自分のものになる、身に付く◆ぴったりと合う、相応(ふさわ)しい◆意に適(かな)う◆～できる◆儲(もう)かる、出て行くも; 手:◆体や物体の一部で、胴から分かれ出て伸び、持つ・握る・叩く・ものを作る・操作するなどの機能を持つ部分、掌(たなごころ)と指を合わせた全体、腕の先の部分 ◆自(み
kk_不意_ふい,不意,ふい,不:◆～でない、～ない、not、no、否定の語、同「弗」、「不可(フカ、認められない、してはならない)」「不知(フチ、知らない)」◆否(いな)、いや、いいや、同意で; 意:◆心の中にあって外(言葉や態度・行動など)には出さない思いや考え、心の動きや働き、気持ち◆物事の内にあって表には現れ出ないもの、内に込められているもの,N1,on,on+on,A3_short_compound(on+on 71%),不:◆～でない、～ない、not、no、否定の語、同「弗」、「不可(フカ、認められない、してはならない)」「不知(フチ、知らない)」◆否(いな)、いや、いいや、同意で; 意:◆心の中にあって外(言葉や態度・行動など)には出さない思いや考え、心の動きや働き、気持ち◆物事の内にあって表には現れ出ないもの、内に込められているもの
kk_不振_ふしん,不振,ふしん,不:◆～でない、～ない、not、no、否定の語、同「弗」、「不可(フカ、認められない、してはならない)」「不知(フチ、知らない)」◆否(いな)、いや、いいや、同意で; 振:◆揺(ゆ)する、揺るがす、揺り動かす◆揺すって奮(ふる)い起こす、また奮い立たせる◆励(はげ)ます、励まし救(すく)う◆盛んなさま、勢(いきお)いがあるさま、「,N1,on,on+on,A3_short_compound(on+on 71%) | B_verb_rad_手(kun 80%),不:◆～でない、～ない、not、no、否定の語、同「弗」、「不可(フカ、認められない、してはならない)」「不知(フチ、知らない)」◆否(いな)、いや、いいや、同意で; 振:◆揺(ゆ)する、揺るがす、揺り動かす◆揺すって奮(ふる)い起こす、また奮い立たせる◆励(はげ)ます、励まし救(すく)う◆盛んなさま、勢(いきお)いがあるさま、「
kk_不摂生_ふせっせい,不摂生,ふせっせい,不:◆～でない、～ない、not、no、否定の語、同「弗」、「不可(フカ、認められない、してはならない)」「不知(フチ、知らない)」◆否(いな)、いや、いいや、同意で; 摂:◆きちんと揃えて持つ、しっかりと手に持つ◆(身なりを、乱れないように)きちんと整(ととの)える、「【說文解字注:手部:攝】引持也(謂引進而持之也凡云攝者皆整飭之; 生:◆う・まれる、それまでになかった新しいものが現れ出る、また新しいことが起こる◆い・きる、成長し活動できる状態で存在する、またその状態◆なま、現れ出た時のそのまま,N1,on,on+on+on,A4_multi_on(on+on+on 65%) | B_verb_rad_手(kun 80%),不:◆～でない、～ない、not、no、否定の語、同「弗」、「不可(フカ、認められない、してはならない)」「不知(フチ、知らない)」◆否(いな)、いや、いいや、同意で; 摂:◆きちんと揃えて持つ、しっかりと手に持つ◆(身なりを、乱れないように)きちんと整(ととの)える、「【說文解字注:手部:攝】引持也(謂引進而持之也凡云攝者皆整飭之; 生:◆う・まれる、それまでになかった新しいものが現れ出る、また新しいことが起こる◆い・きる、成長し活動できる状態で存在する、またその状態◆なま、現れ出た時のそのまま
kk_不服_ふふく,不服,ふふく,不:◆～でない、～ない、not、no、否定の語、同「弗」、「不可(フカ、認められない、してはならない)」「不知(フチ、知らない)」◆否(いな)、いや、いいや、同意で; 服:◆命令や指示に沿い合わせる、命令や指示に従う◆自分の考えにぴったりと収まる、納得する、納得して従う◆仕事や道具などが手に合う、馴染む、慣れる◆何時もと同じように,N1,on,on+on,A3_short_compound(on+on 71%),不:◆～でない、～ない、not、no、否定の語、同「弗」、「不可(フカ、認められない、してはならない)」「不知(フチ、知らない)」◆否(いな)、いや、いいや、同意で; 服:◆命令や指示に沿い合わせる、命令や指示に従う◆自分の考えにぴったりと収まる、納得する、納得して従う◆仕事や道具などが手に合う、馴染む、慣れる◆何時もと同じように
kk_不本意_ふほんい,不本意,ふほんい,不:◆～でない、～ない、not、no、否定の語、同「弗」、「不可(フカ、認められない、してはならない)」「不知(フチ、知らない)」◆否(いな)、いや、いいや、同意で; 本:◆木の根(ね)◆植物や物事の生まれ始まりの部分、ものの根源また起源、「本来(ホンライ、元々、初めから)」◆ものを支えているもの、基(もと)となるもの、拠(よ)り; 意:◆心の中にあって外(言葉や態度・行動など)には出さない思いや考え、心の動きや働き、気持ち◆物事の内にあって表には現れ出ないもの、内に込められているもの,N1,on,on+on+on,A4_multi_on(on+on+on 65%) | B_noun_rad_木(kun 93%),不:◆～でない、～ない、not、no、否定の語、同「弗」、「不可(フカ、認められない、してはならない)」「不知(フチ、知らない)」◆否(いな)、いや、いいや、同意で; 本:◆木の根(ね)◆植物や物事の生まれ始まりの部分、ものの根源また起源、「本来(ホンライ、元々、初めから)」◆ものを支えているもの、基(もと)となるもの、拠(よ)り; 意:◆心の中にあって外(言葉や態度・行動など)には出さない思いや考え、心の動きや働き、気持ち◆物事の内にあって表には現れ出ないもの、内に込められているもの
kk_不案内_ふあんない,不案内,ふあんない,不:◆～でない、～ない、not、no、否定の語、同「弗」、「不可(フカ、認められない、してはならない)」「不知(フチ、知らない)」◆否(いな)、いや、いいや、同意で; 案:◆机、テーブルtable、方形で比較的小さなものや低いものを指す、料理を載(の)せる脚付きの台や座った時に肘(ひじ)などを載せて体を凭(もた)れ掛ける脇息(キョ; 内:◆外から中に入る、入れる◆限られた範囲・領域の中、区切りや境目の中、同「中」◆ある一定の範囲に含まれるもの、囲われたり覆われたりしていて外からは見えないもの、公,N1,on,on+on+on,A4_multi_on(on+on+on 65%) | B_noun_rad_木(kun 93%),不:◆～でない、～ない、not、no、否定の語、同「弗」、「不可(フカ、認められない、してはならない)」「不知(フチ、知らない)」◆否(いな)、いや、いいや、同意で; 案:◆机、テーブルtable、方形で比較的小さなものや低いものを指す、料理を載(の)せる脚付きの台や座った時に肘(ひじ)などを載せて体を凭(もた)れ掛ける脇息(キョ; 内:◆外から中に入る、入れる◆限られた範囲・領域の中、区切りや境目の中、同「中」◆ある一定の範囲に含まれるもの、囲われたり覆われたりしていて外からは見えないもの、公
kk_不治_ふじ,不治,ふじ,不:◆～でない、～ない、not、no、否定の語、同「弗」、「不可(フカ、認められない、してはならない)」「不知(フチ、知らない)」◆否(いな)、いや、いいや、同意で; 治:◆氾濫(ハンラン)を防いだり水を利用しやすくするために川の流れを変える、筋(すじ)を通す、同「理」◆手を加えて乱れがないようにする、また秩序ある状態にする、また,N1,on,on+on,A3_short_compound(on+on 71%),不:◆～でない、～ない、not、no、否定の語、同「弗」、「不可(フカ、認められない、してはならない)」「不知(フチ、知らない)」◆否(いな)、いや、いいや、同意で; 治:◆氾濫(ハンラン)を防いだり水を利用しやすくするために川の流れを変える、筋(すじ)を通す、同「理」◆手を加えて乱れがないようにする、また秩序ある状態にする、また
kk_不眠症_ふみんしょう,不眠症,ふみんしょう,不:◆～でない、～ない、not、no、否定の語、同「弗」、「不可(フカ、認められない、してはならない)」「不知(フチ、知らない)」◆否(いな)、いや、いいや、同意で; 眠:◆目を瞑(つむ)る、体を横たえ目を瞑る、寝る◆刺激に対する反応が鈍くなり(眠ったように、死んだように)動かなくなる、活動を休止する; 症:◆病気の状態、病状◆繁「癥」,N1,on,on+on+on,A4_multi_on(on+on+on 65%),不:◆～でない、～ない、not、no、否定の語、同「弗」、「不可(フカ、認められない、してはならない)」「不知(フチ、知らない)」◆否(いな)、いや、いいや、同意で; 眠:◆目を瞑(つむ)る、体を横たえ目を瞑る、寝る◆刺激に対する反応が鈍くなり(眠ったように、死んだように)動かなくなる、活動を休止する; 症:◆病気の状態、病状◆繁「癥」
kk_不祥事_ふしょうじ,不祥事,ふしょうじ,不:◆～でない、～ない、not、no、否定の語、同「弗」、「不可(フカ、認められない、してはならない)」「不知(フチ、知らない)」◆否(いな)、いや、いいや、同意で; 祥:◆吉凶や変異の兆し、「神の意志や意図していることが人の目の前に現れる」の意◆めでたいこと、喜ばしいこと、またその兆し; 事:◆こと、動作・現象・状態など形のないものを指す語、形のあるものは「物」、「事情(ジジョウ、ことの様子)」「無事(ブジ、何事もないさま)」◆職(ショク)、仕事や役,N1,on,on+on+on,A4_multi_on(on+on+on 65%),不:◆～でない、～ない、not、no、否定の語、同「弗」、「不可(フカ、認められない、してはならない)」「不知(フチ、知らない)」◆否(いな)、いや、いいや、同意で; 祥:◆吉凶や変異の兆し、「神の意志や意図していることが人の目の前に現れる」の意◆めでたいこと、喜ばしいこと、またその兆し; 事:◆こと、動作・現象・状態など形のないものを指す語、形のあるものは「物」、「事情(ジジョウ、ことの様子)」「無事(ブジ、何事もないさま)」◆職(ショク)、仕事や役
kk_不穏_ふおん,不穏,ふおん,不:◆～でない、～ない、not、no、否定の語、同「弗」、「不可(フカ、認められない、してはならない)」「不知(フチ、知らない)」◆否(いな)、いや、いいや、同意で; 穏:◆安らかなさま、落ち着いているさま、「安隱(アンオン、アンノン)」◆揺れ動くことなく安定しているさま、「【藝文類聚:卷四:歲時中:三月三日】…穩坐不搖…」,N1,on,on+on,A3_short_compound(on+on 71%),不:◆～でない、～ない、not、no、否定の語、同「弗」、「不可(フカ、認められない、してはならない)」「不知(フチ、知らない)」◆否(いな)、いや、いいや、同意で; 穏:◆安らかなさま、落ち着いているさま、「安隱(アンオン、アンノン)」◆揺れ動くことなく安定しているさま、「【藝文類聚:卷四:歲時中:三月三日】…穩坐不搖…」
kk_不要_ふよう,不要,ふよう,不:◆～でない、～ない、not、no、否定の語、同「弗」、「不可(フカ、認められない、してはならない)」「不知(フチ、知らない)」◆否(いな)、いや、いいや、同意で; 要:◆(体の要かなめとなる)腰(こし)◆物事の中心となるところ、非常に大切なところ◆求める、強く乞(こ)う、「要求(ヨウキュウ)」「要請(ヨウセイ、請い求める、強く,N1,on,on+on,A3_short_compound(on+on 71%),不:◆～でない、～ない、not、no、否定の語、同「弗」、「不可(フカ、認められない、してはならない)」「不知(フチ、知らない)」◆否(いな)、いや、いいや、同意で; 要:◆(体の要かなめとなる)腰(こし)◆物事の中心となるところ、非常に大切なところ◆求める、強く乞(こ)う、「要求(ヨウキュウ)」「要請(ヨウセイ、請い求める、強く
kk_不評_ふひょう,不評,ふひょう,不:◆～でない、～ない、not、no、否定の語、同「弗」、「不可(フカ、認められない、してはならない)」「不知(フチ、知らない)」◆否(いな)、いや、いいや、同意で; 評:◆論じて価値や程度などを均(ひと)しく定める、理に適(かな)った或いは公平な判定を下す,N1,on,on+on,A3_short_compound(on+on 71%) | B_verb_rad_言(kun 80%),不:◆～でない、～ない、not、no、否定の語、同「弗」、「不可(フカ、認められない、してはならない)」「不知(フチ、知らない)」◆否(いな)、いや、いいや、同意で; 評:◆論じて価値や程度などを均(ひと)しく定める、理に適(かな)った或いは公平な判定を下す
kk_不調_ふちょう,不調,ふちょう,不:◆～でない、～ない、not、no、否定の語、同「弗」、「不可(フカ、認められない、してはならない)」「不知(フチ、知らない)」◆否(いな)、いや、いいや、同意で; 調:◆整える、釣り合いを取る、バランスbalanceを取る、不均衡・不公平などでない状態にする、不快感・違和感などを感じない状態に整える、「調和(チョウワ)」◆音律,N1,on,on+on,A3_short_compound(on+on 71%) | B_verb_rad_言(kun 80%),不:◆～でない、～ない、not、no、否定の語、同「弗」、「不可(フカ、認められない、してはならない)」「不知(フチ、知らない)」◆否(いな)、いや、いいや、同意で; 調:◆整える、釣り合いを取る、バランスbalanceを取る、不均衡・不公平などでない状態にする、不快感・違和感などを感じない状態に整える、「調和(チョウワ)」◆音律
kk_不順_ふじゅん,不順,ふじゅん,不:◆～でない、～ない、not、no、否定の語、同「弗」、「不可(フカ、認められない、してはならない)」「不知(フチ、知らない)」◆否(いな)、いや、いいや、同意で; 順:◆従うべき道筋や道理、また基準や規則◆道筋(道や道理や規則など)に沿って進む、道理や規則に沿う◆川や風の流れに逆らわずに進む、逆らわずに従う,N1,on,on+on,A3_short_compound(on+on 71%),不:◆～でない、～ない、not、no、否定の語、同「弗」、「不可(フカ、認められない、してはならない)」「不知(フチ、知らない)」◆否(いな)、いや、いいや、同意で; 順:◆従うべき道筋や道理、また基準や規則◆道筋(道や道理や規則など)に沿って進む、道理や規則に沿う◆川や風の流れに逆らわずに進む、逆らわずに従う
kk_与る_あずかる,与る,あずかる,与:◆上位の者が下位の者に物などをやる、授(さず)ける、同「賜予(シヨ)」◆同じ目的を持った仲間に加わる、また加わって共に行動する、組する、同「與」◆関(かか)わる,N1,kun,kun,IL1_okurigana(kun 96%) | IL2_single_okuri(kun 96%),与:◆上位の者が下位の者に物などをやる、授(さず)ける、同「賜予(シヨ)」◆同じ目的を持った仲間に加わる、また加わって共に行動する、組する、同「與」◆関(かか)わる
kk_且つ_かつ,且つ,かつ,且:◆～と同時に、その上に、更に◆ひとまず、取り敢えず、間に合わせに◆将(まさ)に～せんとす、今にも～しようとする,N1,kun,kun,IL1_okurigana(kun 96%) | IL2_single_okuri(kun 96%),且:◆～と同時に、その上に、更に◆ひとまず、取り敢えず、間に合わせに◆将(まさ)に～せんとす、今にも～しようとする
kk_世_よ,世,よ,世:◆地位や家督を継(つ)いでから次の代(ダイ)に引き継ぐまでの期間、同「代」◆家督(カトク)を継(つ)ぐ、「【前漢書(漢書):卷四十八:賈誼傳】…賈嘉最好學世其家,N1,kun,kun,IL2_single_default(kun 84%),世:◆地位や家督を継(つ)いでから次の代(ダイ)に引き継ぐまでの期間、同「代」◆家督(カトク)を継(つ)ぐ、「【前漢書(漢書):卷四十八:賈誼傳】…賈嘉最好學世其家
kk_世相_せそう,世相,せそう,世:◆地位や家督を継(つ)いでから次の代(ダイ)に引き継ぐまでの期間、同「代」◆家督(カトク)を継(つ)ぐ、「【前漢書(漢書):卷四十八:賈誼傳】…賈嘉最好學世其家; 相:◆(対象となるものを)よく見る◆互(たが)いに～(しあう)、「互相(ゴソウ、相互ソウゴ)」◆二つのものの間に起こること、また関係し合うこと、片方から他方へ働き掛,N1,on,on+on,A3_short_compound(on+on 71%),世:◆地位や家督を継(つ)いでから次の代(ダイ)に引き継ぐまでの期間、同「代」◆家督(カトク)を継(つ)ぐ、「【前漢書(漢書):卷四十八:賈誼傳】…賈嘉最好學世其家; 相:◆(対象となるものを)よく見る◆互(たが)いに～(しあう)、「互相(ゴソウ、相互ソウゴ)」◆二つのものの間に起こること、また関係し合うこと、片方から他方へ働き掛
kk_丘陵_きゅうりょう,丘陵,きゅうりょう,丘:◆地面から高く盛り上がった所、「山」「阜」よりも小さく低いもの◆高く土を盛り上げた墳墓◆大きいさま◆土地の広さを表す単位、「【周禮:卷第三:地官司徒第二】乃經土; 陵:◆大きな土山(つちやま)◆みささぎ、高く土を盛った王の墓◆危険や困難を乗り越える、乗り越えて高みに登る、同「凌」◆ぐっと踏み付ける、踏み付けにする、上から(力ず,N1,on,on+on,,丘:◆地面から高く盛り上がった所、「山」「阜」よりも小さく低いもの◆高く土を盛り上げた墳墓◆大きいさま◆土地の広さを表す単位、「【周禮:卷第三:地官司徒第二】乃經土; 陵:◆大きな土山(つちやま)◆みささぎ、高く土を盛った王の墓◆危険や困難を乗り越える、乗り越えて高みに登る、同「凌」◆ぐっと踏み付ける、踏み付けにする、上から(力ず
kk_両極_りょうきょく,両極,りょうきょく,両:◆(対になる)二つ、またその双方、双方共に◆重量の単位、1斤=16両 ◆車の台数を表す語、同「輛」◆[日]貨幣の単位、金1両=銀60匁(江戸時代元禄期); 極:◆屋根の棟(むね)、最も高いところ、またそこに渡した木、棟木(むなぎ)◆頂点、先端◆これ以上はない、それより先はない、またそこに達する◆究(きわ)まる、尽(つ),N1,on,on+on,B_noun_rad_木(kun 93%),両:◆(対になる)二つ、またその双方、双方共に◆重量の単位、1斤=16両 ◆車の台数を表す語、同「輛」◆[日]貨幣の単位、金1両=銀60匁(江戸時代元禄期); 極:◆屋根の棟(むね)、最も高いところ、またそこに渡した木、棟木(むなぎ)◆頂点、先端◆これ以上はない、それより先はない、またそこに達する◆究(きわ)まる、尽(つ)
kk_両立_りょうりつ,両立,りょうりつ,両:◆(対になる)二つ、またその双方、双方共に◆重量の単位、1斤=16両 ◆車の台数を表す語、同「輛」◆[日]貨幣の単位、金1両=銀60匁(江戸時代元禄期); 立:◆地(チ、地面、土台、基盤)に足を着け垂直にする、また垂直になる、地から上に向かって伸ばす、また伸びる◆しっかりとした土台を築いてその上にものを作り上げて行く、,N1,on,on+on,,両:◆(対になる)二つ、またその双方、双方共に◆重量の単位、1斤=16両 ◆車の台数を表す語、同「輛」◆[日]貨幣の単位、金1両=銀60匁(江戸時代元禄期); 立:◆地(チ、地面、土台、基盤)に足を着け垂直にする、また垂直になる、地から上に向かって伸ばす、また伸びる◆しっかりとした土台を築いてその上にものを作り上げて行く、
kk_並びに_ならびに,並びに,ならびに,並:◆二つの同じものが隣り合って同じ方向を向く、また同じ方向を向いて立つ◆～と同様に、～と同時に◆皆と同じ、程度が普通,N1,kun,kun,IL1_okurigana(kun 96%) | IL2_single_okuri(kun 96%),並:◆二つの同じものが隣り合って同じ方向を向く、また同じ方向を向いて立つ◆～と同様に、～と同時に◆皆と同じ、程度が普通
kk_並列_へいれつ,並列,へいれつ,並:◆二つの同じものが隣り合って同じ方向を向く、また同じ方向を向いて立つ◆～と同様に、～と同時に◆皆と同じ、程度が普通; 列:◆横方向の並び、横方向に順序に従って(重ならないように)並ぶ、同「排」、縦方向の列を「行」◆ずらりと人が居並ぶ◆裂(さ)く、二つに切り割(さ)く、同「裂」「𠜺」,N1,on,on+on,B_verb_rad_刀(kun 80%),並:◆二つの同じものが隣り合って同じ方向を向く、また同じ方向を向いて立つ◆～と同様に、～と同時に◆皆と同じ、程度が普通; 列:◆横方向の並び、横方向に順序に従って(重ならないように)並ぶ、同「排」、縦方向の列を「行」◆ずらりと人が居並ぶ◆裂(さ)く、二つに切り割(さ)く、同「裂」「𠜺」
kk_並大抵_なみたいてい,並大抵,なみたいてい,並:◆二つの同じものが隣り合って同じ方向を向く、また同じ方向を向いて立つ◆～と同様に、～と同時に◆皆と同じ、程度が普通; 大:◆形・数・量・力・程度などが比較しようとしているもの以上である、求められる(必要とされる、必要な)形・数・量・力・程度などを超(こ)えている、優(すぐ)れる、長; 抵:◆至る、届く、着く◆突き当たる、当たる、触れる、「抵触(テイショク)」、同「牴」「觝」◆当たる、相当する◆「抵挡(テイトウ)」、食(く)い止める、押し止(とど),N1,mixed,kun+on+on~,A4_multi_on(on+on+on 65%) | B_verb_rad_手(kun 80%),並:◆二つの同じものが隣り合って同じ方向を向く、また同じ方向を向いて立つ◆～と同様に、～と同時に◆皆と同じ、程度が普通; 大:◆形・数・量・力・程度などが比較しようとしているもの以上である、求められる(必要とされる、必要な)形・数・量・力・程度などを超(こ)えている、優(すぐ)れる、長; 抵:◆至る、届く、着く◆突き当たる、当たる、触れる、「抵触(テイショク)」、同「牴」「觝」◆当たる、相当する◆「抵挡(テイトウ)」、食(く)い止める、押し止(とど)
kk_並行_へいこう,並行,へいこう,並:◆二つの同じものが隣り合って同じ方向を向く、また同じ方向を向いて立つ◆～と同様に、～と同時に◆皆と同じ、程度が普通; 行:◆左足を前に出し(彳)次に右足を前に出す(亍)、足を交互に動かして前に進む◆目的とするところに向かって進む◆遠くに出掛ける、旅に出る◆道、人が往来する道路、同「,N1,on,on+on,,並:◆二つの同じものが隣り合って同じ方向を向く、また同じ方向を向いて立つ◆～と同様に、～と同時に◆皆と同じ、程度が普通; 行:◆左足を前に出し(彳)次に右足を前に出す(亍)、足を交互に動かして前に進む◆目的とするところに向かって進む◆遠くに出掛ける、旅に出る◆道、人が往来する道路、同「
kk_中傷_ちゅうしょう,中傷,ちゅうしょう,中:◆ものとものの間にあってどちらにも偏(かたよ)らない位置◆上下・高低・大小などの間(あいだ)に位置する人や物や場所、同「仲」◆始点(出発地)から終点(目的地)ま; 傷:◆体やものの一部が損(そこ)なわれる、一部が欠(か)けたり裂(さ)けたり破(やぶ)れたりする、怪我(けが)をする、またそのような箇所(カショ)◆(傷のようにずき,N1,on,on+on,,中:◆ものとものの間にあってどちらにも偏(かたよ)らない位置◆上下・高低・大小などの間(あいだ)に位置する人や物や場所、同「仲」◆始点(出発地)から終点(目的地)ま; 傷:◆体やものの一部が損(そこ)なわれる、一部が欠(か)けたり裂(さ)けたり破(やぶ)れたりする、怪我(けが)をする、またそのような箇所(カショ)◆(傷のようにずき
kk_中断_ちゅうだん,中断,ちゅうだん,中:◆ものとものの間にあってどちらにも偏(かたよ)らない位置◆上下・高低・大小などの間(あいだ)に位置する人や物や場所、同「仲」◆始点(出発地)から終点(目的地)ま; 断:◆繋(つな)がっているものを(連続しているものを)途中で切る、切って二つに分ける、切り離す◆ぷっつりと途切れる、絶(た)える◆すっぱりと区切る、きっぱりと決める,N1,on,on+on,,中:◆ものとものの間にあってどちらにも偏(かたよ)らない位置◆上下・高低・大小などの間(あいだ)に位置する人や物や場所、同「仲」◆始点(出発地)から終点(目的地)ま; 断:◆繋(つな)がっているものを(連続しているものを)途中で切る、切って二つに分ける、切り離す◆ぷっつりと途切れる、絶(た)える◆すっぱりと区切る、きっぱりと決める
kk_中期_ちゅうき,中期,ちゅうき,中:◆ものとものの間にあってどちらにも偏(かたよ)らない位置◆上下・高低・大小などの間(あいだ)に位置する人や物や場所、同「仲」◆始点(出発地)から終点(目的地)ま; 期:◆予定されている(約束されている)時(とき、時期、時間)、「時期(ジキ)」「期間(キカン、二つの時の間、始めの時から終わりの時までの間)」◆決められた時(時期、,N1,on,on+on,A3_short_compound(on+on 71%),中:◆ものとものの間にあってどちらにも偏(かたよ)らない位置◆上下・高低・大小などの間(あいだ)に位置する人や物や場所、同「仲」◆始点(出発地)から終点(目的地)ま; 期:◆予定されている(約束されている)時(とき、時期、時間)、「時期(ジキ)」「期間(キカン、二つの時の間、始めの時から終わりの時までの間)」◆決められた時(時期、
kk_中枢_ちゅうすう,中枢,ちゅうすう,"中:◆ものとものの間にあってどちらにも偏(かたよ)らない位置◆上下・高低・大小などの間(あいだ)に位置する人や物や場所、同「仲」◆始点(出発地)から終点(目的地)ま; 枢:◆開き戸(押したり引いたりして開閉する戸)を開閉する際に回転軸となる部分の、扉の上(""∩""字状)下(""∪""字状)の突起(「枢、とまら」という)とその突起を差し込",N1,on,on+on,B_noun_rad_木(kun 93%),"中:◆ものとものの間にあってどちらにも偏(かたよ)らない位置◆上下・高低・大小などの間(あいだ)に位置する人や物や場所、同「仲」◆始点(出発地)から終点(目的地)ま; 枢:◆開き戸(押したり引いたりして開閉する戸)を開閉する際に回転軸となる部分の、扉の上(""∩""字状)下(""∪""字状)の突起(「枢、とまら」という)とその突起を差し込"
kk_中程_なかほど,中程,なかほど,中:◆ものとものの間にあってどちらにも偏(かたよ)らない位置◆上下・高低・大小などの間(あいだ)に位置する人や物や場所、同「仲」◆始点(出発地)から終点(目的地)ま; 程:◆ものの大小・長短・軽重・強弱・優劣などをはかる(測る・量る・計る)際の基準・規格◆一定の決まり・手順・方法◆定まっている基準・規格・決まり・区切り・手順・方法,N1,kun,kun+kun~,,中:◆ものとものの間にあってどちらにも偏(かたよ)らない位置◆上下・高低・大小などの間(あいだ)に位置する人や物や場所、同「仲」◆始点(出発地)から終点(目的地)ま; 程:◆ものの大小・長短・軽重・強弱・優劣などをはかる(測る・量る・計る)際の基準・規格◆一定の決まり・手順・方法◆定まっている基準・規格・決まり・区切り・手順・方法
kk_中立_ちゅうりつ,中立,ちゅうりつ,中:◆ものとものの間にあってどちらにも偏(かたよ)らない位置◆上下・高低・大小などの間(あいだ)に位置する人や物や場所、同「仲」◆始点(出発地)から終点(目的地)ま; 立:◆地(チ、地面、土台、基盤)に足を着け垂直にする、また垂直になる、地から上に向かって伸ばす、また伸びる◆しっかりとした土台を築いてその上にものを作り上げて行く、,N1,on,on+on,,中:◆ものとものの間にあってどちらにも偏(かたよ)らない位置◆上下・高低・大小などの間(あいだ)に位置する人や物や場所、同「仲」◆始点(出発地)から終点(目的地)ま; 立:◆地(チ、地面、土台、基盤)に足を着け垂直にする、また垂直になる、地から上に向かって伸ばす、また伸びる◆しっかりとした土台を築いてその上にものを作り上げて行く、
kk_中継_ちゅうけい,中継,ちゅうけい,中:◆ものとものの間にあってどちらにも偏(かたよ)らない位置◆上下・高低・大小などの間(あいだ)に位置する人や物や場所、同「仲」◆始点(出発地)から終点(目的地)ま; 継:◆切れている糸を繋(つな)ぐ、途切れないように前にあるものの後に続ける(続く)、同「㡭」◆前の物事を受けて続ける◆[日]まま、法的には親子関係であるが親と子の間,N1,on,on+on,,中:◆ものとものの間にあってどちらにも偏(かたよ)らない位置◆上下・高低・大小などの間(あいだ)に位置する人や物や場所、同「仲」◆始点(出発地)から終点(目的地)ま; 継:◆切れている糸を繋(つな)ぐ、途切れないように前にあるものの後に続ける(続く)、同「㡭」◆前の物事を受けて続ける◆[日]まま、法的には親子関係であるが親と子の間
kk_中腹_ちゅうふく,中腹,ちゅうふく,中:◆ものとものの間にあってどちらにも偏(かたよ)らない位置◆上下・高低・大小などの間(あいだ)に位置する人や物や場所、同「仲」◆始点(出発地)から終点(目的地)ま; 腹:◆体の前側(四足・多足の動物の場合は下側)の胸の下から骨盤までの胃や腸のある部分、同「肚」 ◆ものの前面、背の反対側◆胎内、ものの内部、心の内、心の内にある考え,N1,on,on+on,,中:◆ものとものの間にあってどちらにも偏(かたよ)らない位置◆上下・高低・大小などの間(あいだ)に位置する人や物や場所、同「仲」◆始点(出発地)から終点(目的地)ま; 腹:◆体の前側(四足・多足の動物の場合は下側)の胸の下から骨盤までの胃や腸のある部分、同「肚」 ◆ものの前面、背の反対側◆胎内、ものの内部、心の内、心の内にある考え
kk_丸々_まるまる,丸々,まるまる,丸:◆球状または円形、またそのような形のもの、またそのような形にする◆角(かど)が尖(とが)っていない、またそのような形のもの、またそのような形にする◆球状のものを,N1,kun,kun,IL2_single_default(kun 84%),丸:◆球状または円形、またそのような形のもの、またそのような形にする◆角(かど)が尖(とが)っていない、またそのような形のもの、またそのような形にする◆球状のものを
kk_丸きり_まるきり,丸きり,まるきり,丸:◆球状または円形、またそのような形のもの、またそのような形にする◆角(かど)が尖(とが)っていない、またそのような形のもの、またそのような形にする◆球状のものを,N1,kun,kun,IL1_okurigana(kun 96%) | IL2_single_okuri(kun 96%),丸:◆球状または円形、またそのような形のもの、またそのような形にする◆角(かど)が尖(とが)っていない、またそのような形のもの、またそのような形にする◆球状のものを
kk_丸める_まるめる,丸める,まるめる,丸:◆球状または円形、またそのような形のもの、またそのような形にする◆角(かど)が尖(とが)っていない、またそのような形のもの、またそのような形にする◆球状のものを,N1,kun,kun,IL1_okurigana(kun 96%) | IL2_single_okuri(kun 96%),丸:◆球状または円形、またそのような形のもの、またそのような形にする◆角(かど)が尖(とが)っていない、またそのような形のもの、またそのような形にする◆球状のものを
kk_丹念_たんねん,丹念,たんねん,丹:◆「丹砂(タンサ、タンシャ)」、水銀と硫黄を含む赤い鉱物、水銀の原材料であると同時に、朱色の顔料や漢方薬にも用いられる、同「辰砂(シンシャ)」「朱砂(シュシャ); 念:◆常に心に留めて思い考える、心の中に留まり去らない思いや考え◆口をほとんど閉じた状態で低い声を長く伸ばして読む◆二十、「廿」の大写字(「二」は「貳」、「三」は「,N1,on,on+on,,丹:◆「丹砂(タンサ、タンシャ)」、水銀と硫黄を含む赤い鉱物、水銀の原材料であると同時に、朱色の顔料や漢方薬にも用いられる、同「辰砂(シンシャ)」「朱砂(シュシャ); 念:◆常に心に留めて思い考える、心の中に留まり去らない思いや考え◆口をほとんど閉じた状態で低い声を長く伸ばして読む◆二十、「廿」の大写字(「二」は「貳」、「三」は「
kk_主_ぬし,主,ぬし,主:◆蝋燭やランプなどの灯心、同「炷」◆多くの中で特に重要な、またそのような人◆中心となるもの、中心にあるもの、またそのような人◆司(つかさど)る、中心となって統治,N1,kun,kun,IL2_single_default(kun 84%),主:◆蝋燭やランプなどの灯心、同「炷」◆多くの中で特に重要な、またそのような人◆中心となるもの、中心にあるもの、またそのような人◆司(つかさど)る、中心となって統治
kk_主として_しゅとして,主として,しゅとして,主:◆蝋燭やランプなどの灯心、同「炷」◆多くの中で特に重要な、またそのような人◆中心となるもの、中心にあるもの、またそのような人◆司(つかさど)る、中心となって統治,N1,on,on,IL1_okurigana(kun 96%) | IL2_single_okuri(kun 96%),主:◆蝋燭やランプなどの灯心、同「炷」◆多くの中で特に重要な、またそのような人◆中心となるもの、中心にあるもの、またそのような人◆司(つかさど)る、中心となって統治
kk_主体_しゅたい,主体,しゅたい,主:◆蝋燭やランプなどの灯心、同「炷」◆多くの中で特に重要な、またそのような人◆中心となるもの、中心にあるもの、またそのような人◆司(つかさど)る、中心となって統治; 体:◆頭から足の先までの全身、ものの全部、ものの主要な部分、またその姿形や様子、「身体(シンタイ、体、肉体)」「本体(ホンタイ、ものの本当の姿、ものの中心的部分)」,N1,on,on+on,A3_short_compound(on+on 71%),主:◆蝋燭やランプなどの灯心、同「炷」◆多くの中で特に重要な、またそのような人◆中心となるもの、中心にあるもの、またそのような人◆司(つかさど)る、中心となって統治; 体:◆頭から足の先までの全身、ものの全部、ものの主要な部分、またその姿形や様子、「身体(シンタイ、体、肉体)」「本体(ホンタイ、ものの本当の姿、ものの中心的部分)」
kk_主将_しゅしょう,主将,しゅしょう,主:◆蝋燭やランプなどの灯心、同「炷」◆多くの中で特に重要な、またそのような人◆中心となるもの、中心にあるもの、またそのような人◆司(つかさど)る、中心となって統治; 将:◆軍を統帥(トウスイ、統率・指揮)する、率(ひき)いる、またその長、同「帥」◆行く、率いて行く、連れて行く、送って行く◆まさ・に、今にも～しようとする(なろうと,N1,on,on+on,A3_short_compound(on+on 71%),主:◆蝋燭やランプなどの灯心、同「炷」◆多くの中で特に重要な、またそのような人◆中心となるもの、中心にあるもの、またそのような人◆司(つかさど)る、中心となって統治; 将:◆軍を統帥(トウスイ、統率・指揮)する、率(ひき)いる、またその長、同「帥」◆行く、率いて行く、連れて行く、送って行く◆まさ・に、今にも～しようとする(なろうと
kk_主導_しゅどう,主導,しゅどう,主:◆蝋燭やランプなどの灯心、同「炷」◆多くの中で特に重要な、またそのような人◆中心となるもの、中心にあるもの、またそのような人◆司(つかさど)る、中心となって統治; 導:◆道案内する、手引きする、行く道を誤らないように手助けする、同「道」,N1,on,on+on,A3_short_compound(on+on 71%),主:◆蝋燭やランプなどの灯心、同「炷」◆多くの中で特に重要な、またそのような人◆中心となるもの、中心にあるもの、またそのような人◆司(つかさど)る、中心となって統治; 導:◆道案内する、手引きする、行く道を誤らないように手助けする、同「道」
kk_主演_しゅえん,主演,しゅえん,主:◆蝋燭やランプなどの灯心、同「炷」◆多くの中で特に重要な、またそのような人◆中心となるもの、中心にあるもの、またそのような人◆司(つかさど)る、中心となって統治; 演:◆水がどこまでも伸びて流れる、「涴演(エンエン、川が曲がりくねりながら延々エンエンと流れるさま)」◆広げる、行(ゆ)き渡(わた)らせる◆元(もと)となるもの・元,N1,on,on+on,A3_short_compound(on+on 71%),主:◆蝋燭やランプなどの灯心、同「炷」◆多くの中で特に重要な、またそのような人◆中心となるもの、中心にあるもの、またそのような人◆司(つかさど)る、中心となって統治; 演:◆水がどこまでも伸びて流れる、「涴演(エンエン、川が曲がりくねりながら延々エンエンと流れるさま)」◆広げる、行(ゆ)き渡(わた)らせる◆元(もと)となるもの・元
kk_乃至_ないし,乃至,ないし,乃:◆すなわ・ち、つまり～、要するに～、従って～、～であるから～、～して～、so、therefore、同「迺」◆汝(なんじ)、あなた、君、you◆[日]「の」「～の; 至:◆目指すところに行き着く(達する、届く)、ある時間・状態になる(達する、届く)、同「到」◆自分ところに届く、やって来る◆それより先がない(これ以上はない)ところ,N1,on,on+on,A3_short_compound(on+on 71%),乃:◆すなわ・ち、つまり～、要するに～、従って～、～であるから～、～して～、so、therefore、同「迺」◆汝(なんじ)、あなた、君、you◆[日]「の」「～の; 至:◆目指すところに行き着く(達する、届く)、ある時間・状態になる(達する、届く)、同「到」◆自分ところに届く、やって来る◆それより先がない(これ以上はない)ところ
kk_久しい_ひさしい,久しい,ひさしい,久:◆長い時間が経っている◆長い間同じような状態で続いている◆灸を据える、同「灸」,N1,kun,kun,IL1_okurigana(kun 96%) | IL2_single_okuri(kun 96%),久:◆長い時間が経っている◆長い間同じような状態で続いている◆灸を据える、同「灸」
kk_乏しい_とぼしい,乏しい,とぼしい,乏:◆貯(たくわ)えが底を突く、金や物や力が尽きる、同「匱」◆空(あ)く、空(から)になる◆矢を遮(さえぎ)る盾(たて)、また衝立(ついたて)¶「正」を左右に反転さ,N1,kun,kun,IL1_okurigana(kun 96%) | IL2_single_okuri(kun 96%),乏:◆貯(たくわ)えが底を突く、金や物や力が尽きる、同「匱」◆空(あ)く、空(から)になる◆矢を遮(さえぎ)る盾(たて)、また衝立(ついたて)¶「正」を左右に反転さ
kk_乗っ取る_のっとる,乗っ取る,のっとる,乗:◆高台(たかだい、周りからは一段と高く人や物が乗ることができるようなところ)に登(のぼ)る、馬や車・舟などの台(ダイ)に上(あ)がる◆(人が乗るための)馬や車・; 取:◆捕(つか)まえる、捕(と)らえる、縄(なわ)を掛ける◆手に入れる、手の中に収(おさ)める、手で受ける◆(多くの中から一部を、或いは一つを)選ぶ、選択する◆娶(,N1,kun,kun+kun~,IL1_okurigana(kun 96%) | A1_compound_oku(kun 90%) | A1_on_kun_mix(on+kun 65%),乗:◆高台(たかだい、周りからは一段と高く人や物が乗ることができるようなところ)に登(のぼ)る、馬や車・舟などの台(ダイ)に上(あ)がる◆(人が乗るための)馬や車・; 取:◆捕(つか)まえる、捕(と)らえる、縄(なわ)を掛ける◆手に入れる、手の中に収(おさ)める、手で受ける◆(多くの中から一部を、或いは一つを)選ぶ、選択する◆娶(
kk_乗り出す_のりだす,乗り出す,のりだす,乗:◆高台(たかだい、周りからは一段と高く人や物が乗ることができるようなところ)に登(のぼ)る、馬や車・舟などの台(ダイ)に上(あ)がる◆(人が乗るための)馬や車・; 出:◆範囲・領域・組織や区切り・境界の内(内側、内部、裏側、こちら側、私的なところ)から外(外側、外部、表側、向こう側、公のところ)に移る、また移す、外から内へ移る,N1,kun,kun+kun~,IL1_okurigana(kun 96%) | A1_compound_oku(kun 90%) | A1_on_kun_mix(on+kun 65%),乗:◆高台(たかだい、周りからは一段と高く人や物が乗ることができるようなところ)に登(のぼ)る、馬や車・舟などの台(ダイ)に上(あ)がる◆(人が乗るための)馬や車・; 出:◆範囲・領域・組織や区切り・境界の内(内側、内部、裏側、こちら側、私的なところ)から外(外側、外部、表側、向こう側、公のところ)に移る、また移す、外から内へ移る
kk_乱す_みだす,乱す,みだす,乱:◆平穏でなくなる、均衡が失われ不安定になる、秩序がなくなる、ごちゃごちゃする、同「𢿢」◆ばらばらになる、脈絡(ミャクラク)がなくなる、訳が分からなくなる◆縺(も,N1,kun,kun,IL1_okurigana(kun 96%) | IL2_single_okuri(kun 96%),乱:◆平穏でなくなる、均衡が失われ不安定になる、秩序がなくなる、ごちゃごちゃする、同「𢿢」◆ばらばらになる、脈絡(ミャクラク)がなくなる、訳が分からなくなる◆縺(も
kk_亀裂_きれつ,亀裂,きれつ,亀:◆カメ(亀)、カメ目の動物の総称、同「𠃾」◆「亀兹(キュウジ、キジ)」、古国名、前3?世紀～11?世紀、現新疆ウイグル自治区庫車クチャ市一帯、同「𪚺兹」  ◆か; 裂:◆きれ、裁断した後に残る布、端切れ(はぎれ)◆破(やぶ)ける、綻(ほころ)び破れる◆さ・く、二つに切り割(さ)く、裂け目が平滑ではないもの、同「列」,N1,on,on+on,A3_short_compound(on+on 71%),亀:◆カメ(亀)、カメ目の動物の総称、同「𠃾」◆「亀兹(キュウジ、キジ)」、古国名、前3?世紀～11?世紀、現新疆ウイグル自治区庫車クチャ市一帯、同「𪚺兹」  ◆か; 裂:◆きれ、裁断した後に残る布、端切れ(はぎれ)◆破(やぶ)ける、綻(ほころ)び破れる◆さ・く、二つに切り割(さ)く、裂け目が平滑ではないもの、同「列」
kk_了承_りょうしょう,了承,りょうしょう,了:◆～し終わる、～し終える、完結する◆はっきりと分かる、はっきりしている、明らかなさま、同「瞭」◆全く、すっかり; 承:◆上にあるものを掌(てのひら)で受ける◆上位者からの授(さず)かりものを下位者が恭(うやうや)しく両手で受ける、また受け取る◆上位者からの命令や意向などを受ける,N1,on,on+on,B_verb_rad_手(kun 80%),了:◆～し終わる、～し終える、完結する◆はっきりと分かる、はっきりしている、明らかなさま、同「瞭」◆全く、すっかり; 承:◆上にあるものを掌(てのひら)で受ける◆上位者からの授(さず)かりものを下位者が恭(うやうや)しく両手で受ける、また受け取る◆上位者からの命令や意向などを受ける
kk_予て_かねて,予て,かねて,予:◆我(われ)、自分を指す語、同「余」「吾」「我」◆与える、授ける、「賜予(シヨ)」◆前もって、同「豫」「預」◆余裕があるさま、ゆとりがあるさま、「猶予(ユウヨ),N1,kun,kun,IL1_okurigana(kun 96%) | IL2_single_okuri(kun 96%),予:◆我(われ)、自分を指す語、同「余」「吾」「我」◆与える、授ける、「賜予(シヨ)」◆前もって、同「豫」「預」◆余裕があるさま、ゆとりがあるさま、「猶予(ユウヨ)
kk_予め_あらかじめ,予め,あらかじめ,予:◆我(われ)、自分を指す語、同「余」「吾」「我」◆与える、授ける、「賜予(シヨ)」◆前もって、同「豫」「預」◆余裕があるさま、ゆとりがあるさま、「猶予(ユウヨ),N1,kun,kun,IL1_okurigana(kun 96%) | IL2_single_okuri(kun 96%),予:◆我(われ)、自分を指す語、同「余」「吾」「我」◆与える、授ける、「賜予(シヨ)」◆前もって、同「豫」「預」◆余裕があるさま、ゆとりがあるさま、「猶予(ユウヨ)
kk_予感_よかん,予感,よかん,予:◆我(われ)、自分を指す語、同「余」「吾」「我」◆与える、授ける、「賜予(シヨ)」◆前もって、同「豫」「預」◆余裕があるさま、ゆとりがあるさま、「猶予(ユウヨ); 感:◆外部から受けた刺激を知覚する◆外部からの刺激を受けて心や体が反応する、また動く,N1,on,on+on,A3_short_compound(on+on 71%),予:◆我(われ)、自分を指す語、同「余」「吾」「我」◆与える、授ける、「賜予(シヨ)」◆前もって、同「豫」「預」◆余裕があるさま、ゆとりがあるさま、「猶予(ユウヨ); 感:◆外部から受けた刺激を知覚する◆外部からの刺激を受けて心や体が反応する、また動く
kk_予言_よげん,予言,よげん,予:◆我(われ)、自分を指す語、同「余」「吾」「我」◆与える、授ける、「賜予(シヨ)」◆前もって、同「豫」「預」◆余裕があるさま、ゆとりがあるさま、「猶予(ユウヨ); 言:◆相手に伝えたいことを声に出してはっきりと述べる、またその内容、またそのための語(ゴ、互いに意思の疎通を図るための言葉)◆字(ジ)、文字◆我(われ)、自分を指す,N1,on,on+on,A3_short_compound(on+on 71%) | B_verb_rad_言(kun 80%),予:◆我(われ)、自分を指す語、同「余」「吾」「我」◆与える、授ける、「賜予(シヨ)」◆前もって、同「豫」「預」◆余裕があるさま、ゆとりがあるさま、「猶予(ユウヨ); 言:◆相手に伝えたいことを声に出してはっきりと述べる、またその内容、またそのための語(ゴ、互いに意思の疎通を図るための言葉)◆字(ジ)、文字◆我(われ)、自分を指す
kk_事に依ると_ことによると,事に依ると,ことによると,事:◆こと、動作・現象・状態など形のないものを指す語、形のあるものは「物」、「事情(ジジョウ、ことの様子)」「無事(ブジ、何事もないさま)」◆職(ショク)、仕事や役; 依:◆寄り掛かる、凭(もた)れ掛る◆拠(よ)る、他のものを拠りどころにする、他のものを頼りにする、「依據(イキョ、依拠、よりどころとすること)」◆従う、他のものに従,N1,kun,kun+kun~,IL1_okurigana(kun 96%) | A1_compound_oku(kun 90%) | A1_on_kun_mix(on+kun 65%),事:◆こと、動作・現象・状態など形のないものを指す語、形のあるものは「物」、「事情(ジジョウ、ことの様子)」「無事(ブジ、何事もないさま)」◆職(ショク)、仕事や役; 依:◆寄り掛かる、凭(もた)れ掛る◆拠(よ)る、他のものを拠りどころにする、他のものを頼りにする、「依據(イキョ、依拠、よりどころとすること)」◆従う、他のものに従
kk_云々_うんぬん,云々,うんぬん,云:◆(他からの伝聞や引用などの言葉に続けて、～は、～によれば)～と言う◆「雲」,N1,on,on,IL2_single_default(kun 84%),云:◆(他からの伝聞や引用などの言葉に続けて、～は、～によれば)～と言う◆「雲」
kk_些か_いささか,些か,いささか,些:◆僅(わず)かなさま、少ないさま◆多くのもののうちの少し◆楚国(～前223年)の詩句で末尾に置く助詞,N1,kun,kun,IL1_okurigana(kun 96%) | IL2_single_okuri(kun 96%),些:◆僅(わず)かなさま、少ないさま◆多くのもののうちの少し◆楚国(～前223年)の詩句で末尾に置く助詞
kk_交える_まじえる,交える,まじえる,"交:◆形や状態などが""＋Ｘ""字形(交差する)ような形になるさま、違う方向から進んできたものが一点で出会うさま、交叉(コウサ)するさま、同「䢒」◆互いに行き来し合う、",N1,kun,kun,IL1_okurigana(kun 96%) | IL2_single_okuri(kun 96%),"交:◆形や状態などが""＋Ｘ""字形(交差する)ような形になるさま、違う方向から進んできたものが一点で出会うさま、交叉(コウサ)するさま、同「䢒」◆互いに行き来し合う、"
kk_交わす_かわす,交わす,かわす,"交:◆形や状態などが""＋Ｘ""字形(交差する)ような形になるさま、違う方向から進んできたものが一点で出会うさま、交叉(コウサ)するさま、同「䢒」◆互いに行き来し合う、",N1,kun,kun,IL1_okurigana(kun 96%) | IL2_single_okuri(kun 96%),"交:◆形や状態などが""＋Ｘ""字形(交差する)ような形になるさま、違う方向から進んできたものが一点で出会うさま、交叉(コウサ)するさま、同「䢒」◆互いに行き来し合う、"
kk_交わる_まじわる,交わる,まじわる,"交:◆形や状態などが""＋Ｘ""字形(交差する)ような形になるさま、違う方向から進んできたものが一点で出会うさま、交叉(コウサ)するさま、同「䢒」◆互いに行き来し合う、",N1,kun,kun,IL1_okurigana(kun 96%) | IL2_single_okuri(kun 96%),"交:◆形や状態などが""＋Ｘ""字形(交差する)ような形になるさま、違う方向から進んできたものが一点で出会うさま、交叉(コウサ)するさま、同「䢒」◆互いに行き来し合う、"
kk_交互_こうご,交互,こうご,"交:◆形や状態などが""＋Ｘ""字形(交差する)ような形になるさま、違う方向から進んできたものが一点で出会うさま、交叉(コウサ)するさま、同「䢒」◆互いに行き来し合う、; 互:◆二つのものが逆の方向から(別の方向から)同じところで合わさる、行き来し合う、代わる代わる(かわるがわる)にする、～し合う",N1,on,on+on,A3_short_compound(on+on 71%),"交:◆形や状態などが""＋Ｘ""字形(交差する)ような形になるさま、違う方向から進んできたものが一点で出会うさま、交叉(コウサ)するさま、同「䢒」◆互いに行き来し合う、; 互:◆二つのものが逆の方向から(別の方向から)同じところで合わさる、行き来し合う、代わる代わる(かわるがわる)にする、～し合う"
kk_交付_こうふ,交付,こうふ,"交:◆形や状態などが""＋Ｘ""字形(交差する)ような形になるさま、違う方向から進んできたものが一点で出会うさま、交叉(コウサ)するさま、同「䢒」◆互いに行き来し合う、; 付:◆手ずから授(さず)ける、直接手を取って与える、同「仅」◆渡し与える、渡して任せる、委(ゆだ)ねる◆[日]他のものに加える、また添える、また足す、同「附」",N1,on,on+on,A3_short_compound(on+on 71%),"交:◆形や状態などが""＋Ｘ""字形(交差する)ような形になるさま、違う方向から進んできたものが一点で出会うさま、交叉(コウサ)するさま、同「䢒」◆互いに行き来し合う、; 付:◆手ずから授(さず)ける、直接手を取って与える、同「仅」◆渡し与える、渡して任せる、委(ゆだ)ねる◆[日]他のものに加える、また添える、また足す、同「附」"
kk_交易_こうえき,交易,こうえき,"交:◆形や状態などが""＋Ｘ""字形(交差する)ような形になるさま、違う方向から進んできたものが一点で出会うさま、交叉(コウサ)するさま、同「䢒」◆互いに行き来し合う、; 易:◆換(か)える、替(か)える、代(か)える、交換する◆占いの書、また占いの法、「爻(コウ)」と呼ばれる「陽と「陰」の並びを換えながら組み合わせた「八卦」「六十四",N1,on,on+on,,"交:◆形や状態などが""＋Ｘ""字形(交差する)ような形になるさま、違う方向から進んできたものが一点で出会うさま、交叉(コウサ)するさま、同「䢒」◆互いに行き来し合う、; 易:◆換(か)える、替(か)える、代(か)える、交換する◆占いの書、また占いの法、「爻(コウ)」と呼ばれる「陽と「陰」の並びを換えながら組み合わせた「八卦」「六十四"
kk_交渉_こうしょう,交渉,こうしょう,"交:◆形や状態などが""＋Ｘ""字形(交差する)ような形になるさま、違う方向から進んできたものが一点で出会うさま、交叉(コウサ)するさま、同「䢒」◆互いに行き来し合う、; 渉:◆川・沼・湖・海などの水のあるところを歩いて渡る◆渡り歩く、経(へ)る、体験・経験する◆関(かか)わる、関係する",N1,on,on+on,,"交:◆形や状態などが""＋Ｘ""字形(交差する)ような形になるさま、違う方向から進んできたものが一点で出会うさま、交叉(コウサ)するさま、同「䢒」◆互いに行き来し合う、; 渉:◆川・沼・湖・海などの水のあるところを歩いて渡る◆渡り歩く、経(へ)る、体験・経験する◆関(かか)わる、関係する"
kk_享受_きょうじゅ,享受,きょうじゅ,享:◆(神や目上の人から)授かる、受ける、素直に受け入れる◆(神に供物を)奉(ささ)げる、(目上の人に馳走を)差し上げる、心からもてなす; 受:◆他から渡されたものを掌(てのひら)に載(の)せる、また手に納(おさ)める◆授(さず)かる、手渡しで与えられる◆蒙(こうむ)る◆容認する,N1,on,on+on,A3_short_compound(on+on 71%),享:◆(神や目上の人から)授かる、受ける、素直に受け入れる◆(神に供物を)奉(ささ)げる、(目上の人に馳走を)差し上げる、心からもてなす; 受:◆他から渡されたものを掌(てのひら)に載(の)せる、また手に納(おさ)める◆授(さず)かる、手渡しで与えられる◆蒙(こうむ)る◆容認する
kk_人並み_ひとなみ,人並み,ひとなみ,人:◆霊長目ヒト科ヒト属の生物、ホモ・サピエンスHomo sapiens(「知恵の人」の意)、同「儿」◆自分以外の者、「人我(ジンガ、他人と自分)」◆人の数(かず); 並:◆二つの同じものが隣り合って同じ方向を向く、また同じ方向を向いて立つ◆～と同様に、～と同時に◆皆と同じ、程度が普通,N1,kun,kun+kun,IL1_okurigana(kun 96%) | A1_compound_oku(kun 90%) | A1_on_kun_mix(on+kun 65%),人:◆霊長目ヒト科ヒト属の生物、ホモ・サピエンスHomo sapiens(「知恵の人」の意)、同「儿」◆自分以外の者、「人我(ジンガ、他人と自分)」◆人の数(かず); 並:◆二つの同じものが隣り合って同じ方向を向く、また同じ方向を向いて立つ◆～と同様に、～と同時に◆皆と同じ、程度が普通
kk_人任せ_ひとまかせ,人任せ,ひとまかせ,人:◆霊長目ヒト科ヒト属の生物、ホモ・サピエンスHomo sapiens(「知恵の人」の意)、同「儿」◆自分以外の者、「人我(ジンガ、他人と自分)」◆人の数(かず); 任:◆役目や仕事を与える、また委(ゆだ)ねる、また託(たく)す、「任命(ニンメイ)」◆(仕事を託し、その)扱いをその人の裁量(サイリョウ)に委ねる、「放任(ホウニン,N1,kun,kun+kun,IL1_okurigana(kun 96%) | A1_compound_oku(kun 90%) | A1_on_kun_mix(on+kun 65%),人:◆霊長目ヒト科ヒト属の生物、ホモ・サピエンスHomo sapiens(「知恵の人」の意)、同「儿」◆自分以外の者、「人我(ジンガ、他人と自分)」◆人の数(かず); 任:◆役目や仕事を与える、また委(ゆだ)ねる、また託(たく)す、「任命(ニンメイ)」◆(仕事を託し、その)扱いをその人の裁量(サイリョウ)に委ねる、「放任(ホウニン
kk_人影_ひとかげ,人影,ひとかげ,人:◆霊長目ヒト科ヒト属の生物、ホモ・サピエンスHomo sapiens(「知恵の人」の意)、同「儿」◆自分以外の者、「人我(ジンガ、他人と自分)」◆人の数(かず); 影:◆光が遮(さえぎ)られてできる像(ゾウ)◆鏡などに映(うつ)った像、実物と同じような姿や形◆写真、肖像、映像、映画◆[日](ものの影になって)光の当たらないさま,N1,kun,kun+kun~,,人:◆霊長目ヒト科ヒト属の生物、ホモ・サピエンスHomo sapiens(「知恵の人」の意)、同「儿」◆自分以外の者、「人我(ジンガ、他人と自分)」◆人の数(かず); 影:◆光が遮(さえぎ)られてできる像(ゾウ)◆鏡などに映(うつ)った像、実物と同じような姿や形◆写真、肖像、映像、映画◆[日](ものの影になって)光の当たらないさま
kk_人情_にんじょう,人情,にんじょう,人:◆霊長目ヒト科ヒト属の生物、ホモ・サピエンスHomo sapiens(「知恵の人」の意)、同「儿」◆自分以外の者、「人我(ジンガ、他人と自分)」◆人の数(かず); 情:◆物事(特に他の人)からの働き掛けで起こる喜怒哀楽愛好悪欲などの心の動き、「感情(カンジョウ)」◆他に寄せる思い、「愛情(アイジョウ)」◆異性に寄せる思い、好意,N1,on,on+on,,人:◆霊長目ヒト科ヒト属の生物、ホモ・サピエンスHomo sapiens(「知恵の人」の意)、同「儿」◆自分以外の者、「人我(ジンガ、他人と自分)」◆人の数(かず); 情:◆物事(特に他の人)からの働き掛けで起こる喜怒哀楽愛好悪欲などの心の動き、「感情(カンジョウ)」◆他に寄せる思い、「愛情(アイジョウ)」◆異性に寄せる思い、好意
kk_人材_じんざい,人材,じんざい,人:◆霊長目ヒト科ヒト属の生物、ホモ・サピエンスHomo sapiens(「知恵の人」の意)、同「儿」◆自分以外の者、「人我(ジンガ、他人と自分)」◆人の数(かず); 材:◆切り出した木、立木は「樹」◆さまざまな構築物や工作物などに用いられる木◆ものを作り上げるための元となる物◆有用なもの、有能な人,N1,on,on+on,B_noun_rad_木(kun 93%),人:◆霊長目ヒト科ヒト属の生物、ホモ・サピエンスHomo sapiens(「知恵の人」の意)、同「儿」◆自分以外の者、「人我(ジンガ、他人と自分)」◆人の数(かず); 材:◆切り出した木、立木は「樹」◆さまざまな構築物や工作物などに用いられる木◆ものを作り上げるための元となる物◆有用なもの、有能な人
kk_人柄_ひとがら,人柄,ひとがら,人:◆霊長目ヒト科ヒト属の生物、ホモ・サピエンスHomo sapiens(「知恵の人」の意)、同「儿」◆自分以外の者、「人我(ジンガ、他人と自分)」◆人の数(かず); 柄:◆茎や枝から伸びて花や葉を支えている枝状の部分、「花柄(カヘイ)」「葉柄(ヨウヘイ)」という◆器物に取り付けて手で握るための棒 ◆手に握る、握って自由に操る、ま,N1,kun,kun+kun~,B_noun_rad_木(kun 93%),人:◆霊長目ヒト科ヒト属の生物、ホモ・サピエンスHomo sapiens(「知恵の人」の意)、同「儿」◆自分以外の者、「人我(ジンガ、他人と自分)」◆人の数(かず); 柄:◆茎や枝から伸びて花や葉を支えている枝状の部分、「花柄(カヘイ)」「葉柄(ヨウヘイ)」という◆器物に取り付けて手で握るための棒 ◆手に握る、握って自由に操る、ま
kk_人格_じんかく,人格,じんかく,人:◆霊長目ヒト科ヒト属の生物、ホモ・サピエンスHomo sapiens(「知恵の人」の意)、同「儿」◆自分以外の者、「人我(ジンガ、他人と自分)」◆人の数(かず); 格:◆長く伸びた木の枝、その枝が交差するさま◆四角い枠(わく)、四角く枠をはめる◆ものの外枠、規則や基準◆限界(外枠)まで至る、行き着く、窮(きわ)まる、同「𢓜」◆,N1,on,on+on,B_noun_rad_木(kun 93%),人:◆霊長目ヒト科ヒト属の生物、ホモ・サピエンスHomo sapiens(「知恵の人」の意)、同「儿」◆自分以外の者、「人我(ジンガ、他人と自分)」◆人の数(かず); 格:◆長く伸びた木の枝、その枝が交差するさま◆四角い枠(わく)、四角く枠をはめる◆ものの外枠、規則や基準◆限界(外枠)まで至る、行き着く、窮(きわ)まる、同「𢓜」◆
kk_人気_ひとけ,人気,ひとけ,人:◆霊長目ヒト科ヒト属の生物、ホモ・サピエンスHomo sapiens(「知恵の人」の意)、同「儿」◆自分以外の者、「人我(ジンガ、他人と自分)」◆人の数(かず); 気:◆中国古来の考えで、天地全ての事物の基本要素、目に見えず形状は一定しない、あらゆる事物の生死・盛衰などの変化・変動はこの「気」の移動・集散によるものと考えられた,N1,mixed,kun+on~,A3_short_compound(on+on 71%),人:◆霊長目ヒト科ヒト属の生物、ホモ・サピエンスHomo sapiens(「知恵の人」の意)、同「儿」◆自分以外の者、「人我(ジンガ、他人と自分)」◆人の数(かず); 気:◆中国古来の考えで、天地全ての事物の基本要素、目に見えず形状は一定しない、あらゆる事物の生死・盛衰などの変化・変動はこの「気」の移動・集散によるものと考えられた
kk_人質_ひとじち,人質,ひとじち,人:◆霊長目ヒト科ヒト属の生物、ホモ・サピエンスHomo sapiens(「知恵の人」の意)、同「儿」◆自分以外の者、「人我(ジンガ、他人と自分)」◆人の数(かず); 質:◆本来の、元々(もともと)の、「本質(ホンシツ)」◆本来のままであるさま、素(す)のままであるさま、「質素(シッソ)」◆そのものが持つ本来の価値や中身、また性格,N1,mixed,kun+on~,,人:◆霊長目ヒト科ヒト属の生物、ホモ・サピエンスHomo sapiens(「知恵の人」の意)、同「儿」◆自分以外の者、「人我(ジンガ、他人と自分)」◆人の数(かず); 質:◆本来の、元々(もともと)の、「本質(ホンシツ)」◆本来のままであるさま、素(す)のままであるさま、「質素(シッソ)」◆そのものが持つ本来の価値や中身、また性格
kk_仇_あだ,仇,あだ,仇:◆対等に付き合う相手、行動を共にする人、仲間、同「逑」◆相手の悪意に悪意で報(むく)いる、怨(うら)む、憎(にく)む、またその相手、同「讎」,N1,kun,kun,IL2_single_default(kun 84%),仇:◆対等に付き合う相手、行動を共にする人、仲間、同「逑」◆相手の悪意に悪意で報(むく)いる、怨(うら)む、憎(にく)む、またその相手、同「讎」
kk_今しも_いましも,今しも,いましも,今:◆現在、この時(とき)、この時代、現在を挟んで前後に比較的短い時間また月日また時代◆すぐに、間もなく,N1,kun,kun,IL1_okurigana(kun 96%) | IL2_single_okuri(kun 96%),今:◆現在、この時(とき)、この時代、現在を挟んで前後に比較的短い時間また月日また時代◆すぐに、間もなく
kk_今にして_いまにして,今にして,いまにして,今:◆現在、この時(とき)、この時代、現在を挟んで前後に比較的短い時間また月日また時代◆すぐに、間もなく,N1,kun,kun,IL1_okurigana(kun 96%) | IL2_single_okuri(kun 96%),今:◆現在、この時(とき)、この時代、現在を挟んで前後に比較的短い時間また月日また時代◆すぐに、間もなく
kk_今や_いまや,今や,いまや,今:◆現在、この時(とき)、この時代、現在を挟んで前後に比較的短い時間また月日また時代◆すぐに、間もなく,N1,kun,kun,IL1_okurigana(kun 96%) | IL2_single_okuri(kun 96%),今:◆現在、この時(とき)、この時代、現在を挟んで前後に比較的短い時間また月日また時代◆すぐに、間もなく
kk_今更_いまさら,今更,いまさら,今:◆現在、この時(とき)、この時代、現在を挟んで前後に比較的短い時間また月日また時代◆すぐに、間もなく; 更:◆それまで(これまで)続けてきたことを改(あらた)めて、それ以降も(これ以降も)続ける、それまでのものを別のものに替える◆さら・に、その上に、一段と◆さら・に、,N1,kun,kun+kun~,,今:◆現在、この時(とき)、この時代、現在を挟んで前後に比較的短い時間また月日また時代◆すぐに、間もなく; 更:◆それまで(これまで)続けてきたことを改(あらた)めて、それ以降も(これ以降も)続ける、それまでのものを別のものに替える◆さら・に、その上に、一段と◆さら・に、
kk_介入_かいにゅう,介入,かいにゅう,介:◆画(カク)する、区切る、境(さかい)、境目(さかいめ)、境界(キョウカイ)、同「界」◆～の間(あいだ)、二つのものの間◆両側から挟(はさ)まれる、二つのものの; 入:◆範囲・領域・組織や区切り・境界の外(外側、外部、表側、向こう側、公のところ)から内(内側、内部、裏側、こちら側、私的なところ)に移る、また移す、内から外へ移る,N1,on,on+on,,介:◆画(カク)する、区切る、境(さかい)、境目(さかいめ)、境界(キョウカイ)、同「界」◆～の間(あいだ)、二つのものの間◆両側から挟(はさ)まれる、二つのものの; 入:◆範囲・領域・組織や区切り・境界の外(外側、外部、表側、向こう側、公のところ)から内(内側、内部、裏側、こちら側、私的なところ)に移る、また移す、内から外へ移る
kk_介抱_かいほう,介抱,かいほう,介:◆画(カク)する、区切る、境(さかい)、境目(さかいめ)、境界(キョウカイ)、同「界」◆～の間(あいだ)、二つのものの間◆両側から挟(はさ)まれる、二つのものの; 抱:◆腕を回し胸の中に入れる、中に包み込む◆胸に(心に)考え・思いを持つ、同「懷」,N1,on,on+on,B_verb_rad_手(kun 80%),介:◆画(カク)する、区切る、境(さかい)、境目(さかいめ)、境界(キョウカイ)、同「界」◆～の間(あいだ)、二つのものの間◆両側から挟(はさ)まれる、二つのものの; 抱:◆腕を回し胸の中に入れる、中に包み込む◆胸に(心に)考え・思いを持つ、同「懷」
kk_介護_かいご,介護,かいご,介:◆画(カク)する、区切る、境(さかい)、境目(さかいめ)、境界(キョウカイ)、同「界」◆～の間(あいだ)、二つのものの間◆両側から挟(はさ)まれる、二つのものの; 護:◆周(まわ)りを囲んで中のものを守る、庇(かば)い守る、外からの災禍(サイカ)や危害(キガイ)などを防ぎ守る、「保護(ホゴ)」,N1,on,on+on,A3_short_compound(on+on 71%) | B_verb_rad_言(kun 80%),介:◆画(カク)する、区切る、境(さかい)、境目(さかいめ)、境界(キョウカイ)、同「界」◆～の間(あいだ)、二つのものの間◆両側から挟(はさ)まれる、二つのものの; 護:◆周(まわ)りを囲んで中のものを守る、庇(かば)い守る、外からの災禍(サイカ)や危害(キガイ)などを防ぎ守る、「保護(ホゴ)」
kk_仕える_つかえる,仕える,つかえる,仕:◆身分の高い人に付き従う、またその用をする◆官職に就く、またその業務や任務を担い行う◆為(な)す、為(な)すべき事,N1,kun,kun,IL1_okurigana(kun 96%) | IL2_single_okuri(kun 96%),仕:◆身分の高い人に付き従う、またその用をする◆官職に就く、またその業務や任務を担い行う◆為(な)す、為(な)すべき事
kk_仕上げる_しあげる,仕上げる,しあげる,仕:◆身分の高い人に付き従う、またその用をする◆官職に就く、またその業務や任務を担い行う◆為(な)す、為(な)すべき事; 上:◆位置・場所・地位などが高い、高い方にある◆高い方に移る、昇る、登る◆順序・時間などが前、前の方にある◆前の方に移る◆等級・品質などが高い、優れている◆殿様、皇,N1,mixed,on+kun,IL1_okurigana(kun 96%) | A1_compound_oku(kun 90%) | A1_on_kun_mix(on+kun 65%),仕:◆身分の高い人に付き従う、またその用をする◆官職に就く、またその業務や任務を担い行う◆為(な)す、為(な)すべき事; 上:◆位置・場所・地位などが高い、高い方にある◆高い方に移る、昇る、登る◆順序・時間などが前、前の方にある◆前の方に移る◆等級・品質などが高い、優れている◆殿様、皇
kk_仕入れ_しいれ,仕入れ,しいれ,仕:◆身分の高い人に付き従う、またその用をする◆官職に就く、またその業務や任務を担い行う◆為(な)す、為(な)すべき事; 入:◆範囲・領域・組織や区切り・境界の外(外側、外部、表側、向こう側、公のところ)から内(内側、内部、裏側、こちら側、私的なところ)に移る、また移す、内から外へ移る,N1,mixed,on+kun,IL1_okurigana(kun 96%) | A1_compound_oku(kun 90%) | A1_on_kun_mix(on+kun 65%),仕:◆身分の高い人に付き従う、またその用をする◆官職に就く、またその業務や任務を担い行う◆為(な)す、為(な)すべき事; 入:◆範囲・領域・組織や区切り・境界の外(外側、外部、表側、向こう側、公のところ)から内(内側、内部、裏側、こちら側、私的なところ)に移る、また移す、内から外へ移る
kk_仕出かす_しでかす,仕出かす,しでかす,仕:◆身分の高い人に付き従う、またその用をする◆官職に就く、またその業務や任務を担い行う◆為(な)す、為(な)すべき事; 出:◆範囲・領域・組織や区切り・境界の内(内側、内部、裏側、こちら側、私的なところ)から外(外側、外部、表側、向こう側、公のところ)に移る、また移す、外から内へ移る,N1,mixed,on+kun,IL1_okurigana(kun 96%) | A1_compound_oku(kun 90%) | A1_on_kun_mix(on+kun 65%),仕:◆身分の高い人に付き従う、またその用をする◆官職に就く、またその業務や任務を担い行う◆為(な)す、為(な)すべき事; 出:◆範囲・領域・組織や区切り・境界の内(内側、内部、裏側、こちら側、私的なところ)から外(外側、外部、表側、向こう側、公のところ)に移る、また移す、外から内へ移る
kk_仕分け_しわけ,仕分け,しわけ,仕:◆身分の高い人に付き従う、またその用をする◆官職に就く、またその業務や任務を担い行う◆為(な)す、為(な)すべき事; 分:◆一つに纏(まと)まっているものを幾つかに切り離す、また幾つかに仕切る(区切る)、「分割(ブンカツ)」、切り離したものを仕分けることを「別」◆一つの纏まりから一,N1,mixed,on+kun,IL1_okurigana(kun 96%) | A1_compound_oku(kun 90%) | A1_on_kun_mix(on+kun 65%),仕:◆身分の高い人に付き従う、またその用をする◆官職に就く、またその業務や任務を担い行う◆為(な)す、為(な)すべき事; 分:◆一つに纏(まと)まっているものを幾つかに切り離す、また幾つかに仕切る(区切る)、「分割(ブンカツ)」、切り離したものを仕分けることを「別」◆一つの纏まりから一
kk_仕切り_しきり,仕切り,しきり,仕:◆身分の高い人に付き従う、またその用をする◆官職に就く、またその業務や任務を担い行う◆為(な)す、為(な)すべき事; 切:◆刃物などですっと断(た)つ、裁(た)つ、割(さ)く◆ぴったりとしたさま、隙(すき)がないさま、「親切(シンセツ)」◆近くまで迫(せま)る、差し迫る、「切近(セ,N1,mixed,on+kun,IL1_okurigana(kun 96%) | A1_compound_oku(kun 90%) | A1_on_kun_mix(on+kun 65%),仕:◆身分の高い人に付き従う、またその用をする◆官職に就く、またその業務や任務を担い行う◆為(な)す、為(な)すべき事; 切:◆刃物などですっと断(た)つ、裁(た)つ、割(さ)く◆ぴったりとしたさま、隙(すき)がないさま、「親切(シンセツ)」◆近くまで迫(せま)る、差し迫る、「切近(セ
kk_仕切る_しきる,仕切る,しきる,仕:◆身分の高い人に付き従う、またその用をする◆官職に就く、またその業務や任務を担い行う◆為(な)す、為(な)すべき事; 切:◆刃物などですっと断(た)つ、裁(た)つ、割(さ)く◆ぴったりとしたさま、隙(すき)がないさま、「親切(シンセツ)」◆近くまで迫(せま)る、差し迫る、「切近(セ,N1,mixed,on+kun,IL1_okurigana(kun 96%) | A1_compound_oku(kun 90%) | A1_on_kun_mix(on+kun 65%),仕:◆身分の高い人に付き従う、またその用をする◆官職に就く、またその業務や任務を担い行う◆為(な)す、為(な)すべき事; 切:◆刃物などですっと断(た)つ、裁(た)つ、割(さ)く◆ぴったりとしたさま、隙(すき)がないさま、「親切(シンセツ)」◆近くまで迫(せま)る、差し迫る、「切近(セ
kk_仕掛け_しかけ,仕掛け,しかけ,仕:◆身分の高い人に付き従う、またその用をする◆官職に就く、またその業務や任務を担い行う◆為(な)す、為(な)すべき事; 掛:◆引っ懸(か)ける、ものの上に置いて両方また片方を垂らす、ぶら下げる、同「挂」◆引っ懸かる、気になって心に(目に)止まる◆簡「挂」◆[日]体や物を斜めにしてその,N1,mixed,on+kun,IL1_okurigana(kun 96%) | A1_compound_oku(kun 90%) | A1_on_kun_mix(on+kun 65%),仕:◆身分の高い人に付き従う、またその用をする◆官職に就く、またその業務や任務を担い行う◆為(な)す、為(な)すべき事; 掛:◆引っ懸(か)ける、ものの上に置いて両方また片方を垂らす、ぶら下げる、同「挂」◆引っ懸かる、気になって心に(目に)止まる◆簡「挂」◆[日]体や物を斜めにしてその
kk_仕掛ける_しかける,仕掛ける,しかける,仕:◆身分の高い人に付き従う、またその用をする◆官職に就く、またその業務や任務を担い行う◆為(な)す、為(な)すべき事; 掛:◆引っ懸(か)ける、ものの上に置いて両方また片方を垂らす、ぶら下げる、同「挂」◆引っ懸かる、気になって心に(目に)止まる◆簡「挂」◆[日]体や物を斜めにしてその,N1,mixed,on+kun,IL1_okurigana(kun 96%) | A1_compound_oku(kun 90%) | A1_on_kun_mix(on+kun 65%),仕:◆身分の高い人に付き従う、またその用をする◆官職に就く、またその業務や任務を担い行う◆為(な)す、為(な)すべき事; 掛:◆引っ懸(か)ける、ものの上に置いて両方また片方を垂らす、ぶら下げる、同「挂」◆引っ懸かる、気になって心に(目に)止まる◆簡「挂」◆[日]体や物を斜めにしてその
kk_仕来り_しきたり,仕来り,しきたり,仕:◆身分の高い人に付き従う、またその用をする◆官職に就く、またその業務や任務を担い行う◆為(な)す、為(な)すべき事; 来:◆(人や時間や物事が)向こうからこちらに近づく、「到来(トウライ)」、同「倈」「徠」「逨」「𧼛」◆招き寄せる、「こちらに来させる」の意◆ある時点から今まで、今に,N1,mixed,on+kun,IL1_okurigana(kun 96%) | A1_compound_oku(kun 90%) | A1_on_kun_mix(on+kun 65%),仕:◆身分の高い人に付き従う、またその用をする◆官職に就く、またその業務や任務を担い行う◆為(な)す、為(な)すべき事; 来:◆(人や時間や物事が)向こうからこちらに近づく、「到来(トウライ)」、同「倈」「徠」「逨」「𧼛」◆招き寄せる、「こちらに来させる」の意◆ある時点から今まで、今に
kk_仕立てる_したてる,仕立てる,したてる,仕:◆身分の高い人に付き従う、またその用をする◆官職に就く、またその業務や任務を担い行う◆為(な)す、為(な)すべき事; 立:◆地(チ、地面、土台、基盤)に足を着け垂直にする、また垂直になる、地から上に向かって伸ばす、また伸びる◆しっかりとした土台を築いてその上にものを作り上げて行く、,N1,mixed,on+kun,IL1_okurigana(kun 96%) | A1_compound_oku(kun 90%) | A1_on_kun_mix(on+kun 65%),仕:◆身分の高い人に付き従う、またその用をする◆官職に就く、またその業務や任務を担い行う◆為(な)す、為(な)すべき事; 立:◆地(チ、地面、土台、基盤)に足を着け垂直にする、また垂直になる、地から上に向かって伸ばす、また伸びる◆しっかりとした土台を築いてその上にものを作り上げて行く、
kk_仕組む_しくむ,仕組む,しくむ,仕:◆身分の高い人に付き従う、またその用をする◆官職に就く、またその業務や任務を担い行う◆為(な)す、為(な)すべき事; 組:◆糸や紐(ひも)を編んだ紐、「組紐(くみひも)」◆幾つかのものを合わせて一つに纏(まと)める、また一つに纏まったもの◆「組織(ソシキ)」◇紐を編み糸を織ること◇,N1,mixed,on+kun,IL1_okurigana(kun 96%) | A1_compound_oku(kun 90%) | A1_on_kun_mix(on+kun 65%),仕:◆身分の高い人に付き従う、またその用をする◆官職に就く、またその業務や任務を担い行う◆為(な)す、為(な)すべき事; 組:◆糸や紐(ひも)を編んだ紐、「組紐(くみひも)」◆幾つかのものを合わせて一つに纏(まと)める、また一つに纏まったもの◆「組織(ソシキ)」◇紐を編み糸を織ること◇
kk_仕返し_しかえし,仕返し,しかえし,仕:◆身分の高い人に付き従う、またその用をする◆官職に就く、またその業務や任務を担い行う◆為(な)す、為(な)すべき事; 返:◆帰る、行った先から出発したところに戻る、同「𢓉」◆元に戻る、元に戻す◆[日]反対向きにする、反対向きになる,N1,mixed,on+kun,IL1_okurigana(kun 96%) | A1_compound_oku(kun 90%) | A1_on_kun_mix(on+kun 65%),仕:◆身分の高い人に付き従う、またその用をする◆官職に就く、またその業務や任務を担い行う◆為(な)す、為(な)すべき事; 返:◆帰る、行った先から出発したところに戻る、同「𢓉」◆元に戻る、元に戻す◆[日]反対向きにする、反対向きになる
kk_他方_たほう,他方,たほう,他:◆別の、それ以外の、よそ(余所、他所)の、other、同「它」◆自分以外の人、あの人; 方:◆四角、四角いさま、角(かど)が直角になっているさま、「方形(ホウケイ)」◆数学で二つの数を掛け合わせた数(正方形・長方形の一つの角を成す二辺を掛け合わせた数),N1,on,on+on,A3_short_compound(on+on 71%),他:◆別の、それ以外の、よそ(余所、他所)の、other、同「它」◆自分以外の人、あの人; 方:◆四角、四角いさま、角(かど)が直角になっているさま、「方形(ホウケイ)」◆数学で二つの数を掛け合わせた数(正方形・長方形の一つの角を成す二辺を掛け合わせた数)
kk_付き添う_つきそう,付き添う,つきそう,付:◆手ずから授(さず)ける、直接手を取って与える、同「仅」◆渡し与える、渡して任せる、委(ゆだ)ねる◆[日]他のものに加える、また添える、また足す、同「附」; 添:◆付け加える、付け足す,N1,kun,kun+kun~,IL1_okurigana(kun 96%) | A1_compound_oku(kun 90%) | A1_on_kun_mix(on+kun 65%),付:◆手ずから授(さず)ける、直接手を取って与える、同「仅」◆渡し与える、渡して任せる、委(ゆだ)ねる◆[日]他のものに加える、また添える、また足す、同「附」; 添:◆付け加える、付け足す
kk_付き纏う_つきまとう,付き纏う,つきまとう,付:◆手ずから授(さず)ける、直接手を取って与える、同「仅」◆渡し与える、渡して任せる、委(ゆだ)ねる◆[日]他のものに加える、また添える、また足す、同「附」; 纏:◆周りから幾つかのものを解(ほつ)れないようにしっかりと付ける、「衣服を纏う」は「開(はだ)けたり脱げ落ちたりしないようにしっかりと身に着ける」の意◆幾つかのも,N1,kun,kun+kun~,IL1_okurigana(kun 96%) | A1_compound_oku(kun 90%) | A1_on_kun_mix(on+kun 65%),付:◆手ずから授(さず)ける、直接手を取って与える、同「仅」◆渡し与える、渡して任せる、委(ゆだ)ねる◆[日]他のものに加える、また添える、また足す、同「附」; 纏:◆周りから幾つかのものを解(ほつ)れないようにしっかりと付ける、「衣服を纏う」は「開(はだ)けたり脱げ落ちたりしないようにしっかりと身に着ける」の意◆幾つかのも
kk_付け_つけ,付け,つけ,付:◆手ずから授(さず)ける、直接手を取って与える、同「仅」◆渡し与える、渡して任せる、委(ゆだ)ねる◆[日]他のものに加える、また添える、また足す、同「附」,N1,kun,kun,IL1_okurigana(kun 96%) | IL2_single_okuri(kun 96%),付:◆手ずから授(さず)ける、直接手を取って与える、同「仅」◆渡し与える、渡して任せる、委(ゆだ)ねる◆[日]他のものに加える、また添える、また足す、同「附」
kk_付録_ふろく,付録,ふろく,付:◆手ずから授(さず)ける、直接手を取って与える、同「仅」◆渡し与える、渡して任せる、委(ゆだ)ねる◆[日]他のものに加える、また添える、また足す、同「附」; 録:◆刻む、刻み込む、彫る、彫り込む、同「彔」◆(板や金属の表面になどに)文字を刻み込む、文字を彫り込む◆書き記(しる)す、後々のために(或いは他に伝えるために)書,N1,on,on+on,A3_short_compound(on+on 71%) | B_noun_rad_金(kun 93%),付:◆手ずから授(さず)ける、直接手を取って与える、同「仅」◆渡し与える、渡して任せる、委(ゆだ)ねる◆[日]他のものに加える、また添える、また足す、同「附」; 録:◆刻む、刻み込む、彫る、彫り込む、同「彔」◆(板や金属の表面になどに)文字を刻み込む、文字を彫り込む◆書き記(しる)す、後々のために(或いは他に伝えるために)書
kk_代わる代わる_かわるがわる,代わる代わる,かわるがわる,代:◆替(か)える、それまでのもの(今あるもの)を別のものに替える、入れ替える、また入れ替わる◆同じ家主や国主がその地位にある期間、同じ種(シュ、起源を同じにするも; 代:◆替(か)える、それまでのもの(今あるもの)を別のものに替える、入れ替える、また入れ替わる◆同じ家主や国主がその地位にある期間、同じ種(シュ、起源を同じにするも,N1,kun,kun+kun~,IL1_okurigana(kun 96%) | A1_compound_oku(kun 90%) | A1_on_kun_mix(on+kun 65%),代:◆替(か)える、それまでのもの(今あるもの)を別のものに替える、入れ替える、また入れ替わる◆同じ家主や国主がその地位にある期間、同じ種(シュ、起源を同じにするも; 代:◆替(か)える、それまでのもの(今あるもの)を別のものに替える、入れ替える、また入れ替わる◆同じ家主や国主がその地位にある期間、同じ種(シュ、起源を同じにするも
kk_代弁_だいべん,代弁,だいべん,代:◆替(か)える、それまでのもの(今あるもの)を別のものに替える、入れ替える、また入れ替わる◆同じ家主や国主がその地位にある期間、同じ種(シュ、起源を同じにするも; 弁:◆頭に被(かぶ)る冠(かんむり)や帽子、冕(ベン、高位の人の正装用の冠)なども含む、同「㝸」「𢍍」◆冠を被(かぶ)る、同「𠭛」◆元服(ゲンプク、男子が成人したこ,N1,on,on+on,,代:◆替(か)える、それまでのもの(今あるもの)を別のものに替える、入れ替える、また入れ替わる◆同じ家主や国主がその地位にある期間、同じ種(シュ、起源を同じにするも; 弁:◆頭に被(かぶ)る冠(かんむり)や帽子、冕(ベン、高位の人の正装用の冠)なども含む、同「㝸」「𢍍」◆冠を被(かぶ)る、同「𠭛」◆元服(ゲンプク、男子が成人したこ
kk_代行_だいこう,代行,だいこう,代:◆替(か)える、それまでのもの(今あるもの)を別のものに替える、入れ替える、また入れ替わる◆同じ家主や国主がその地位にある期間、同じ種(シュ、起源を同じにするも; 行:◆左足を前に出し(彳)次に右足を前に出す(亍)、足を交互に動かして前に進む◆目的とするところに向かって進む◆遠くに出掛ける、旅に出る◆道、人が往来する道路、同「,N1,on,on+on,,代:◆替(か)える、それまでのもの(今あるもの)を別のものに替える、入れ替える、また入れ替わる◆同じ家主や国主がその地位にある期間、同じ種(シュ、起源を同じにするも; 行:◆左足を前に出し(彳)次に右足を前に出す(亍)、足を交互に動かして前に進む◆目的とするところに向かって進む◆遠くに出掛ける、旅に出る◆道、人が往来する道路、同「
kk_以て_もって,以て,もって,以:◆用(もち)いる、使用する、～を用いて、～を利用して、「【論語注疏:卷一:學而】…行有餘力則以學文(《疏》…能行已上諸事仍有閒暇餘力則可以學先王之遺文…)」◆～,N1,kun,kun,IL1_okurigana(kun 96%) | IL2_single_okuri(kun 96%),以:◆用(もち)いる、使用する、～を用いて、～を利用して、「【論語注疏:卷一:學而】…行有餘力則以學文(《疏》…能行已上諸事仍有閒暇餘力則可以學先王之遺文…)」◆～
kk_以ての外_もってのほか,以ての外,もってのほか,以:◆用(もち)いる、使用する、～を用いて、～を利用して、「【論語注疏:卷一:學而】…行有餘力則以學文(《疏》…能行已上諸事仍有閒暇餘力則可以學先王之遺文…)」◆～; 外:◆そと、範囲・領域・組織や区切り・境界の内(内側、内部)から出たもの、表に出ている(表に面している)もの、見えるところにあるもの、またそのようなところ、逆は「内,N1,kun,kun+kun~,IL1_okurigana(kun 96%) | A1_compound_oku(kun 90%) | A1_on_kun_mix(on+kun 65%),以:◆用(もち)いる、使用する、～を用いて、～を利用して、「【論語注疏:卷一:學而】…行有餘力則以學文(《疏》…能行已上諸事仍有閒暇餘力則可以學先王之遺文…)」◆～; 外:◆そと、範囲・領域・組織や区切り・境界の内(内側、内部)から出たもの、表に出ている(表に面している)もの、見えるところにあるもの、またそのようなところ、逆は「内
kk_仮_かり,仮,かり,仮:◆他から(他のものを)一時的に借りる、他に一時的に貸す、同「叚」◆実際とは違うが一時的に他のものを用いる、足りないところに他のものを借りて当てる、他のもので間に,N1,kun,kun,IL2_single_default(kun 84%),仮:◆他から(他のものを)一時的に借りる、他に一時的に貸す、同「叚」◆実際とは違うが一時的に他のものを用いる、足りないところに他のものを借りて当てる、他のもので間に
kk_仮に_かりに,仮に,かりに,仮:◆他から(他のものを)一時的に借りる、他に一時的に貸す、同「叚」◆実際とは違うが一時的に他のものを用いる、足りないところに他のものを借りて当てる、他のもので間に,N1,kun,kun,IL1_okurigana(kun 96%) | IL2_single_okuri(kun 96%),仮:◆他から(他のものを)一時的に借りる、他に一時的に貸す、同「叚」◆実際とは違うが一時的に他のものを用いる、足りないところに他のものを借りて当てる、他のもので間に
kk_仮説_かせつ,仮説,かせつ,仮:◆他から(他のものを)一時的に借りる、他に一時的に貸す、同「叚」◆実際とは違うが一時的に他のものを用いる、足りないところに他のものを借りて当てる、他のもので間に; 説:◆解き明かす、解釈する、またそれを言葉にしたもの◆あることに対する意見◆意味することが分かるように順序立てて話す,N1,on,on+on,A3_short_compound(on+on 71%) | B_verb_rad_言(kun 80%),仮:◆他から(他のものを)一時的に借りる、他に一時的に貸す、同「叚」◆実際とは違うが一時的に他のものを用いる、足りないところに他のものを借りて当てる、他のもので間に; 説:◆解き明かす、解釈する、またそれを言葉にしたもの◆あることに対する意見◆意味することが分かるように順序立てて話す
kk_仰ぐ_あおぐ,仰ぐ,あおぐ,仰:◆顔を上に向ける、高いところにあるものの方に顔を向ける、同「卬」◆慕(した)い敬(うやま)う◆頼(たよ)る◆下位の人が高位の人から受けるお言葉やご指示◆「偃仰(,N1,kun,kun,IL1_okurigana(kun 96%) | IL2_single_okuri(kun 96%),仰:◆顔を上に向ける、高いところにあるものの方に顔を向ける、同「卬」◆慕(した)い敬(うやま)う◆頼(たよ)る◆下位の人が高位の人から受けるお言葉やご指示◆「偃仰(
kk_仰向け_あおむけ,仰向け,あおむけ,仰:◆顔を上に向ける、高いところにあるものの方に顔を向ける、同「卬」◆慕(した)い敬(うやま)う◆頼(たよ)る◆下位の人が高位の人から受けるお言葉やご指示◆「偃仰(; 向:◆窓、北側に面した窓、同「郷」、「丿冂」は「宀」で「屋根のある建物」、「口」は「壁などに空いた窓」の意◆目的とするところを目指して行く、基点となるところから遠ざ,N1,kun,kun+kun,IL1_okurigana(kun 96%) | A1_compound_oku(kun 90%) | A1_on_kun_mix(on+kun 65%),仰:◆顔を上に向ける、高いところにあるものの方に顔を向ける、同「卬」◆慕(した)い敬(うやま)う◆頼(たよ)る◆下位の人が高位の人から受けるお言葉やご指示◆「偃仰(; 向:◆窓、北側に面した窓、同「郷」、「丿冂」は「宀」で「屋根のある建物」、「口」は「壁などに空いた窓」の意◆目的とするところを目指して行く、基点となるところから遠ざ
kk_仰天_ぎょうてん,仰天,ぎょうてん,仰:◆顔を上に向ける、高いところにあるものの方に顔を向ける、同「卬」◆慕(した)い敬(うやま)う◆頼(たよ)る◆下位の人が高位の人から受けるお言葉やご指示◆「偃仰(; 天:◆軽い陽気が(上に浮き)集まるところ、重い陰気が(下に沈み)集まるところを「地(チ)」、「【說文解字注:土部:地】元气初分輕清陽爲天重濁侌爲地萬物所陳𠛱也…」◆,N1,on,on+on,,仰:◆顔を上に向ける、高いところにあるものの方に顔を向ける、同「卬」◆慕(した)い敬(うやま)う◆頼(たよ)る◆下位の人が高位の人から受けるお言葉やご指示◆「偃仰(; 天:◆軽い陽気が(上に浮き)集まるところ、重い陰気が(下に沈み)集まるところを「地(チ)」、「【說文解字注:土部:地】元气初分輕清陽爲天重濁侌爲地萬物所陳𠛱也…」◆
kk_仲人_なこうど,仲人,なこうど,仲:◆間(あいだ)、中(なか)、中間、上位と下位の間、長子と末子の間の子、上下・高低・大小などの間に位置する人、始まりと終わりの中間、同「中」◆人と人の間に立って互; 人:◆霊長目ヒト科ヒト属の生物、ホモ・サピエンスHomo sapiens(「知恵の人」の意)、同「儿」◆自分以外の者、「人我(ジンガ、他人と自分)」◆人の数(かず),N1,other,mixed+mixed~,,仲:◆間(あいだ)、中(なか)、中間、上位と下位の間、長子と末子の間の子、上下・高低・大小などの間に位置する人、始まりと終わりの中間、同「中」◆人と人の間に立って互; 人:◆霊長目ヒト科ヒト属の生物、ホモ・サピエンスHomo sapiens(「知恵の人」の意)、同「儿」◆自分以外の者、「人我(ジンガ、他人と自分)」◆人の数(かず)
kk_件数_けんすう,件数,けんすう,件:◆分(わ)ける、区分(くわけ)する、区分けされているものを数える語、物や事(こと)を数える語◆事、事柄(ことがら)◆[日]くだん、くだり、前に取り上げた事柄; 数:◆かず、同種のもの(繰り返されるもの)の多少を表す語◆かぞ・える、一つ二つ(一回二回)と計算する、またその多少◆細かい、煩(わずら)わしい◆しばしば、同じことを,N1,on,on+on,,件:◆分(わ)ける、区分(くわけ)する、区分けされているものを数える語、物や事(こと)を数える語◆事、事柄(ことがら)◆[日]くだん、くだり、前に取り上げた事柄; 数:◆かず、同種のもの(繰り返されるもの)の多少を表す語◆かぞ・える、一つ二つ(一回二回)と計算する、またその多少◆細かい、煩(わずら)わしい◆しばしば、同じことを
kk_任す_まかす,任す,まかす,任:◆役目や仕事を与える、また委(ゆだ)ねる、また託(たく)す、「任命(ニンメイ)」◆(仕事を託し、その)扱いをその人の裁量(サイリョウ)に委ねる、「放任(ホウニン,N1,kun,kun,IL1_okurigana(kun 96%) | IL2_single_okuri(kun 96%),任:◆役目や仕事を与える、また委(ゆだ)ねる、また託(たく)す、「任命(ニンメイ)」◆(仕事を託し、その)扱いをその人の裁量(サイリョウ)に委ねる、「放任(ホウニン
kk_任務_にんむ,任務,にんむ,任:◆役目や仕事を与える、また委(ゆだ)ねる、また託(たく)す、「任命(ニンメイ)」◆(仕事を託し、その)扱いをその人の裁量(サイリョウ)に委ねる、「放任(ホウニン; 務:◆成すべきこと、ひたすら力を注(そそ)ぐべきこと◆努(つと)める、成すべきことにひたすら力を尽くす、同「敄」◆強(し)いて、押して、無理にでも,N1,on,on+on,A3_short_compound(on+on 71%) | B_verb_rad_力(kun 80%),任:◆役目や仕事を与える、また委(ゆだ)ねる、また託(たく)す、「任命(ニンメイ)」◆(仕事を託し、その)扱いをその人の裁量(サイリョウ)に委ねる、「放任(ホウニン; 務:◆成すべきこと、ひたすら力を注(そそ)ぐべきこと◆努(つと)める、成すべきことにひたすら力を尽くす、同「敄」◆強(し)いて、押して、無理にでも
kk_任命_にんめい,任命,にんめい,任:◆役目や仕事を与える、また委(ゆだ)ねる、また託(たく)す、「任命(ニンメイ)」◆(仕事を託し、その)扱いをその人の裁量(サイリョウ)に委ねる、「放任(ホウニン; 命:◆天や神から差し遣(さしつ)わされるもの、また授(さず)かるもの、「生命(セイメイ)」「寿命(ジュミョウ)」「運命(ウンメイ)」◆身分・地位が高い人や敬うべき人,N1,on,on+on,,任:◆役目や仕事を与える、また委(ゆだ)ねる、また託(たく)す、「任命(ニンメイ)」◆(仕事を託し、その)扱いをその人の裁量(サイリョウ)に委ねる、「放任(ホウニン; 命:◆天や神から差し遣(さしつ)わされるもの、また授(さず)かるもの、「生命(セイメイ)」「寿命(ジュミョウ)」「運命(ウンメイ)」◆身分・地位が高い人や敬うべき人
kk_企てる_くわだてる,企てる,くわだてる,企:◆爪先立ちする、「期待していることが実現する時を今か今かと待つ」の意に用いることがある◆立つ、期待していることを実現しようとして立つ(行動を起こす),N1,kun,kun,IL1_okurigana(kun 96%) | IL2_single_okuri(kun 96%),企:◆爪先立ちする、「期待していることが実現する時を今か今かと待つ」の意に用いることがある◆立つ、期待していることを実現しようとして立つ(行動を起こす)
kk_企み_たくらみ,企み,たくらみ,企:◆爪先立ちする、「期待していることが実現する時を今か今かと待つ」の意に用いることがある◆立つ、期待していることを実現しようとして立つ(行動を起こす),N1,kun,kun,IL1_okurigana(kun 96%) | IL2_single_okuri(kun 96%),企:◆爪先立ちする、「期待していることが実現する時を今か今かと待つ」の意に用いることがある◆立つ、期待していることを実現しようとして立つ(行動を起こす)
kk_企む_たくらむ,企む,たくらむ,企:◆爪先立ちする、「期待していることが実現する時を今か今かと待つ」の意に用いることがある◆立つ、期待していることを実現しようとして立つ(行動を起こす),N1,kun,kun,IL1_okurigana(kun 96%) | IL2_single_okuri(kun 96%),企:◆爪先立ちする、「期待していることが実現する時を今か今かと待つ」の意に用いることがある◆立つ、期待していることを実現しようとして立つ(行動を起こす)
kk_伏せる_ふせる,伏せる,ふせる,伏:◆体を屈(かが)め頭を下げ視線を下に向ける◆腹這い(はらばい)になる◆姿勢を低くして(頭を下げて)物の下に隠れる、また隠す◆(願い事をする・目上の人に申し上げる,N1,kun,kun,IL1_okurigana(kun 96%) | IL2_single_okuri(kun 96%),伏:◆体を屈(かが)め頭を下げ視線を下に向ける◆腹這い(はらばい)になる◆姿勢を低くして(頭を下げて)物の下に隠れる、また隠す◆(願い事をする・目上の人に申し上げる
kk_休止_きゅうし,休止,きゅうし,休:◆連続した動きや働きの途中で一旦その動きや働きを止(や)める、再開するために息を整えたり力を蓄(たくわ)えることをいう◆止める、止む、終わる、「【歸去來辭】羨萬; 止:◆ものが動かないように(しっかりと)立つための支えとなる基(もと、土台)◆体を支える足(あし)◆同じ所に留(とど)まって動かない[†「止」は止まったまま動かない,N1,on,on+on,A3_short_compound(on+on 71%),休:◆連続した動きや働きの途中で一旦その動きや働きを止(や)める、再開するために息を整えたり力を蓄(たくわ)えることをいう◆止める、止む、終わる、「【歸去來辭】羨萬; 止:◆ものが動かないように(しっかりと)立つための支えとなる基(もと、土台)◆体を支える足(あし)◆同じ所に留(とど)まって動かない[†「止」は止まったまま動かない
kk_会得_えとく,会得,えとく,会:◆人が集まる、同じ時間や場所に(同じ目的で)集まる、「会合(カイゴウ)」◆多くの人が(出向いて)集まる、また集まったところ、「集会(シュウカイ)」「都会(トカイ; 得:◆手に入れる、手に入る、自分のものにする、自分のものになる、身に付く◆ぴったりと合う、相応(ふさわ)しい◆意に適(かな)う◆～できる◆儲(もう)かる、出て行くも,N1,on,on+on,A3_short_compound(on+on 71%),会:◆人が集まる、同じ時間や場所に(同じ目的で)集まる、「会合(カイゴウ)」◆多くの人が(出向いて)集まる、また集まったところ、「集会(シュウカイ)」「都会(トカイ; 得:◆手に入れる、手に入る、自分のものにする、自分のものになる、身に付く◆ぴったりと合う、相応(ふさわ)しい◆意に適(かな)う◆～できる◆儲(もう)かる、出て行くも
kk_会心_かいしん,会心,かいしん,会:◆人が集まる、同じ時間や場所に(同じ目的で)集まる、「会合(カイゴウ)」◆多くの人が(出向いて)集まる、また集まったところ、「集会(シュウカイ)」「都会(トカイ; 心:◆血液を循環させる働きをする臓器で五臓(心シン・肝カン・脾ヒ・肺ハイ・腎ジン)の一つ ◆ものの真(ま)ん中、真ん中(中心)にあるもの、ものの重要な部分、ものの本,N1,on,on+on,,会:◆人が集まる、同じ時間や場所に(同じ目的で)集まる、「会合(カイゴウ)」◆多くの人が(出向いて)集まる、また集まったところ、「集会(シュウカイ)」「都会(トカイ; 心:◆血液を循環させる働きをする臓器で五臓(心シン・肝カン・脾ヒ・肺ハイ・腎ジン)の一つ ◆ものの真(ま)ん中、真ん中(中心)にあるもの、ものの重要な部分、ものの本
kk_会見_かいけん,会見,かいけん,会:◆人が集まる、同じ時間や場所に(同じ目的で)集まる、「会合(カイゴウ)」◆多くの人が(出向いて)集まる、また集まったところ、「集会(シュウカイ)」「都会(トカイ; 見:◆目でものや状況を認識する、目に入る◆(見たものの)認識の仕方、考え◆人と顔を合わせる、対面する◆みる、部首名,N1,on,on+on,,会:◆人が集まる、同じ時間や場所に(同じ目的で)集まる、「会合(カイゴウ)」◆多くの人が(出向いて)集まる、また集まったところ、「集会(シュウカイ)」「都会(トカイ; 見:◆目でものや状況を認識する、目に入る◆(見たものの)認識の仕方、考え◆人と顔を合わせる、対面する◆みる、部首名
kk_会釈_えしゃく,会釈,えしゃく,会:◆人が集まる、同じ時間や場所に(同じ目的で)集まる、「会合(カイゴウ)」◆多くの人が(出向いて)集まる、また集まったところ、「集会(シュウカイ)」「都会(トカイ; 釈:◆解(と)く、縛られ固定されているものの縛りを解く、締め付けていたものを外して解き放つ◆固まって動かなかったものが解(ほぐ)れて動くようになる、氷解(ヒョウカイ,N1,on,on+on,A3_short_compound(on+on 71%),会:◆人が集まる、同じ時間や場所に(同じ目的で)集まる、「会合(カイゴウ)」◆多くの人が(出向いて)集まる、また集まったところ、「集会(シュウカイ)」「都会(トカイ; 釈:◆解(と)く、縛られ固定されているものの縛りを解く、締め付けていたものを外して解き放つ◆固まって動かなかったものが解(ほぐ)れて動くようになる、氷解(ヒョウカイ
kk_伝承_でんしょう,伝承,でんしょう,伝:◆「伝伝(ウンウン)」、雲のように留(とど)まることなく漂い行くさま、「【白虎通義:卷八:情性】魂魄者何謂魂猶伝伝也行不休於外也主於情…」◆[日]同「傳」; 承:◆上にあるものを掌(てのひら)で受ける◆上位者からの授(さず)かりものを下位者が恭(うやうや)しく両手で受ける、また受け取る◆上位者からの命令や意向などを受ける,N1,on,on+on,B_verb_rad_手(kun 80%),伝:◆「伝伝(ウンウン)」、雲のように留(とど)まることなく漂い行くさま、「【白虎通義:卷八:情性】魂魄者何謂魂猶伝伝也行不休於外也主於情…」◆[日]同「傳」; 承:◆上にあるものを掌(てのひら)で受ける◆上位者からの授(さず)かりものを下位者が恭(うやうや)しく両手で受ける、また受け取る◆上位者からの命令や意向などを受ける
kk_伝来_でんらい,伝来,でんらい,伝:◆「伝伝(ウンウン)」、雲のように留(とど)まることなく漂い行くさま、「【白虎通義:卷八:情性】魂魄者何謂魂猶伝伝也行不休於外也主於情…」◆[日]同「傳」; 来:◆(人や時間や物事が)向こうからこちらに近づく、「到来(トウライ)」、同「倈」「徠」「逨」「𧼛」◆招き寄せる、「こちらに来させる」の意◆ある時点から今まで、今に,N1,on,on+on,B_noun_rad_木(kun 93%),伝:◆「伝伝(ウンウン)」、雲のように留(とど)まることなく漂い行くさま、「【白虎通義:卷八:情性】魂魄者何謂魂猶伝伝也行不休於外也主於情…」◆[日]同「傳」; 来:◆(人や時間や物事が)向こうからこちらに近づく、「到来(トウライ)」、同「倈」「徠」「逨」「𧼛」◆招き寄せる、「こちらに来させる」の意◆ある時点から今まで、今に
kk_伝票_でんぴょう,伝票,でんぴょう,伝:◆「伝伝(ウンウン)」、雲のように留(とど)まることなく漂い行くさま、「【白虎通義:卷八:情性】魂魄者何謂魂猶伝伝也行不休於外也主於情…」◆[日]同「傳」; 票:◆文字や絵が描かれた札(ふだ)◆紙幣や切符などの信用できることが保証されている札、信用できることを証明する札◆「さっと」「すっと」などの軽快な動き、「【漢書:志,N1,on,mixed+on~,,伝:◆「伝伝(ウンウン)」、雲のように留(とど)まることなく漂い行くさま、「【白虎通義:卷八:情性】魂魄者何謂魂猶伝伝也行不休於外也主於情…」◆[日]同「傳」; 票:◆文字や絵が描かれた札(ふだ)◆紙幣や切符などの信用できることが保証されている札、信用できることを証明する札◆「さっと」「すっと」などの軽快な動き、「【漢書:志
kk_伴奏_ばんそう,伴奏,ばんそう,伴:◆一緒に行動する二人一組の片方◆二人が一緒に行動する、二人一組になって行動する、同「㚘」◆ともな・う、付き従える、大本(おおもと)となるものに付随する; 奏:◆進める◆物を両手に持ち前に差し出す、物を両手に捧(ささ)げ持ち神や君主に差し上げる、進献(シンケン)する、同「𡲯」、「【集韻:卷八:去聲下:第第五十:𡴝奏𠭡𢽥,N1,on,on+on,,伴:◆一緒に行動する二人一組の片方◆二人が一緒に行動する、二人一組になって行動する、同「㚘」◆ともな・う、付き従える、大本(おおもと)となるものに付随する; 奏:◆進める◆物を両手に持ち前に差し出す、物を両手に捧(ささ)げ持ち神や君主に差し上げる、進献(シンケン)する、同「𡲯」、「【集韻:卷八:去聲下:第第五十:𡴝奏𠭡𢽥
kk_似たり寄ったり_にたりよったり,似たり寄ったり,にたりよったり,似:◆他と同じように見える、また見せる◆(他と)ほぼ同じ、～のよう◆継(つ)ぐ、後を継ぐ、同「嗣」[†「以前と同じように後に続く」の意†]; 寄:◆他のものを頼りにする、他のものに凭(もた)れ掛かる◆託(たく)する、他人(ひと)に預(あず)ける、委(ゆだ)ねる、「寄託(キタク)」「寄命(キメイ、命を託す、,N1,kun,kun+kun~,IL1_okurigana(kun 96%) | A1_compound_oku(kun 90%) | A1_on_kun_mix(on+kun 65%),似:◆他と同じように見える、また見せる◆(他と)ほぼ同じ、～のよう◆継(つ)ぐ、後を継ぐ、同「嗣」[†「以前と同じように後に続く」の意†]; 寄:◆他のものを頼りにする、他のものに凭(もた)れ掛かる◆託(たく)する、他人(ひと)に預(あず)ける、委(ゆだ)ねる、「寄託(キタク)」「寄命(キメイ、命を託す、
kk_似通う_にかよう,似通う,にかよう,似:◆他と同じように見える、また見せる◆(他と)ほぼ同じ、～のよう◆継(つ)ぐ、後を継ぐ、同「嗣」[†「以前と同じように後に続く」の意†]; 通:◆途中に障害となるようなものがなく反対側・向こう側・相手方・目的地まで達する、また達している◆支障なく行き来ができる、また行き来する、また行き来ができるようにす,N1,kun,kun+kun,IL1_okurigana(kun 96%) | A1_compound_oku(kun 90%) | A1_on_kun_mix(on+kun 65%),似:◆他と同じように見える、また見せる◆(他と)ほぼ同じ、～のよう◆継(つ)ぐ、後を継ぐ、同「嗣」[†「以前と同じように後に続く」の意†]; 通:◆途中に障害となるようなものがなく反対側・向こう側・相手方・目的地まで達する、また達している◆支障なく行き来ができる、また行き来する、また行き来ができるようにす
kk_低迷_ていめい,低迷,ていめい,低:◆上下の方向で下の方、標準的・平均的な程度よりも下にある◆幾つかのものを比べた時に下にある、また劣っている、また卑(いや)しい◆標準・基準や想定・期待に届かない; 迷:◆どちらに行ったらよいか(どうしたらよいか)分からなくなる、戸惑(とまど)う,N1,on,on+on,,低:◆上下の方向で下の方、標準的・平均的な程度よりも下にある◆幾つかのものを比べた時に下にある、また劣っている、また卑(いや)しい◆標準・基準や想定・期待に届かない; 迷:◆どちらに行ったらよいか(どうしたらよいか)分からなくなる、戸惑(とまど)う
kk_体当たり_たいあたり,体当たり,たいあたり,体:◆頭から足の先までの全身、ものの全部、ものの主要な部分、またその姿形や様子、「身体(シンタイ、体、肉体)」「本体(ホンタイ、ものの本当の姿、ものの中心的部分)」; 当:◆正面からぶつかる、正面から向き合う、相対する、同「噹」◆適合する、相応しい◆受け持つ、引き受ける◆そうするべき、そうあるべき◆この(this)、今、此処(ここ,N1,mixed,on+kun,IL1_okurigana(kun 96%) | A1_compound_oku(kun 90%) | A1_on_kun_mix(on+kun 65%),体:◆頭から足の先までの全身、ものの全部、ものの主要な部分、またその姿形や様子、「身体(シンタイ、体、肉体)」「本体(ホンタイ、ものの本当の姿、ものの中心的部分)」; 当:◆正面からぶつかる、正面から向き合う、相対する、同「噹」◆適合する、相応しい◆受け持つ、引き受ける◆そうするべき、そうあるべき◆この(this)、今、此処(ここ
kk_体裁_ていさい,体裁,ていさい,体:◆頭から足の先までの全身、ものの全部、ものの主要な部分、またその姿形や様子、「身体(シンタイ、体、肉体)」「本体(ホンタイ、ものの本当の姿、ものの中心的部分)」; 裁:◆形に合わせて布(ぬの)を断(た)つ、布を断ち衣服に仕立てる、同「製」「𧚶」◆断(た)つ、切る◆切って形を整える、同「財」◆型(かた)、形式、様式(ヨウシキ)◆,N1,on,on+on,,体:◆頭から足の先までの全身、ものの全部、ものの主要な部分、またその姿形や様子、「身体(シンタイ、体、肉体)」「本体(ホンタイ、ものの本当の姿、ものの中心的部分)」; 裁:◆形に合わせて布(ぬの)を断(た)つ、布を断ち衣服に仕立てる、同「製」「𧚶」◆断(た)つ、切る◆切って形を整える、同「財」◆型(かた)、形式、様式(ヨウシキ)◆
kk_体質_たいしつ,体質,たいしつ,体:◆頭から足の先までの全身、ものの全部、ものの主要な部分、またその姿形や様子、「身体(シンタイ、体、肉体)」「本体(ホンタイ、ものの本当の姿、ものの中心的部分)」; 質:◆本来の、元々(もともと)の、「本質(ホンシツ)」◆本来のままであるさま、素(す)のままであるさま、「質素(シッソ)」◆そのものが持つ本来の価値や中身、また性格,N1,on,on+on,,体:◆頭から足の先までの全身、ものの全部、ものの主要な部分、またその姿形や様子、「身体(シンタイ、体、肉体)」「本体(ホンタイ、ものの本当の姿、ものの中心的部分)」; 質:◆本来の、元々(もともと)の、「本質(ホンシツ)」◆本来のままであるさま、素(す)のままであるさま、「質素(シッソ)」◆そのものが持つ本来の価値や中身、また性格
kk_何より_なにより,何より,なにより,何:◆(問うときに)なに?◆(物事について)なに、なんの、どういう、どのような◆(人について)だれ◆(幾つかの選択肢について)どれ、いずれ◆(場所について)どこ、い,N1,kun,kun,IL1_okurigana(kun 96%) | IL2_single_okuri(kun 96%),何:◆(問うときに)なに?◆(物事について)なに、なんの、どういう、どのような◆(人について)だれ◆(幾つかの選択肢について)どれ、いずれ◆(場所について)どこ、い
kk_何卒_なにとぞ,何卒,なにとぞ,何:◆(問うときに)なに?◆(物事について)なに、なんの、どういう、どのような◆(人について)だれ◆(幾つかの選択肢について)どれ、いずれ◆(場所について)どこ、い; 卒:◆下級の兵士、歩兵、上官に付き従い身の回りの世話をする兵◆終わる、尽きる◆大夫(タイフ、君主を補佐する重臣)の死、高位の人の死、同「𣨛」、「【禮記注疏(禮記正義,N1,other,mixed+mixed~,,何:◆(問うときに)なに?◆(物事について)なに、なんの、どういう、どのような◆(人について)だれ◆(幾つかの選択肢について)どれ、いずれ◆(場所について)どこ、い; 卒:◆下級の兵士、歩兵、上官に付き従い身の回りの世話をする兵◆終わる、尽きる◆大夫(タイフ、君主を補佐する重臣)の死、高位の人の死、同「𣨛」、「【禮記注疏(禮記正義
kk_何気ない_なにげない,何気ない,なにげない,何:◆(問うときに)なに?◆(物事について)なに、なんの、どういう、どのような◆(人について)だれ◆(幾つかの選択肢について)どれ、いずれ◆(場所について)どこ、い; 気:◆中国古来の考えで、天地全ての事物の基本要素、目に見えず形状は一定しない、あらゆる事物の生死・盛衰などの変化・変動はこの「気」の移動・集散によるものと考えられた,N1,on,mixed+on~,IL1_okurigana(kun 96%) | A1_compound_oku(kun 90%) | A1_on_kun_mix(on+kun 65%),何:◆(問うときに)なに?◆(物事について)なに、なんの、どういう、どのような◆(人について)だれ◆(幾つかの選択肢について)どれ、いずれ◆(場所について)どこ、い; 気:◆中国古来の考えで、天地全ての事物の基本要素、目に見えず形状は一定しない、あらゆる事物の生死・盛衰などの変化・変動はこの「気」の移動・集散によるものと考えられた
kk_余地_よち,余地,よち,余:◆われ(我)◆それ以外の、他の◆あま・す、あま・り◇必要な分を取り除いた後に残る、音・匂い・味・印象などがその元となるものがなくなった後も残る◇食べ物の量が多く; 地:◆重い陰気が(下に沈み)集まるところ、万物が居並ぶ(存在する)ところ、軽い陽気が(上に浮き)集まるところを「天(テン)」、「【說文解字注:土部:地】元气初分輕清,N1,on,on+on,A3_short_compound(on+on 71%),余:◆われ(我)◆それ以外の、他の◆あま・す、あま・り◇必要な分を取り除いた後に残る、音・匂い・味・印象などがその元となるものがなくなった後も残る◇食べ物の量が多く; 地:◆重い陰気が(下に沈み)集まるところ、万物が居並ぶ(存在する)ところ、軽い陽気が(上に浮き)集まるところを「天(テン)」、「【說文解字注:土部:地】元气初分輕清
kk_余所見_よそみ,余所見,よそみ,余:◆われ(我)◆それ以外の、他の◆あま・す、あま・り◇必要な分を取り除いた後に残る、音・匂い・味・印象などがその元となるものがなくなった後も残る◇食べ物の量が多く; 所:◆処(ところ)、ものがある場また位置(要所・箇所など)、ことをする場また位置(住所・裁判所など)◆～のこと、「所感(感じること)」「所存(考え思っていること)◆; 見:◆目でものや状況を認識する、目に入る◆(見たものの)認識の仕方、考え◆人と顔を合わせる、対面する◆みる、部首名,N1,mixed,on+on+kun~,A4_multi_on(on+on+on 65%),余:◆われ(我)◆それ以外の、他の◆あま・す、あま・り◇必要な分を取り除いた後に残る、音・匂い・味・印象などがその元となるものがなくなった後も残る◇食べ物の量が多く; 所:◆処(ところ)、ものがある場また位置(要所・箇所など)、ことをする場また位置(住所・裁判所など)◆～のこと、「所感(感じること)」「所存(考え思っていること)◆; 見:◆目でものや状況を認識する、目に入る◆(見たものの)認識の仕方、考え◆人と顔を合わせる、対面する◆みる、部首名
kk_余程_よほど,余程,よほど,余:◆われ(我)◆それ以外の、他の◆あま・す、あま・り◇必要な分を取り除いた後に残る、音・匂い・味・印象などがその元となるものがなくなった後も残る◇食べ物の量が多く; 程:◆ものの大小・長短・軽重・強弱・優劣などをはかる(測る・量る・計る)際の基準・規格◆一定の決まり・手順・方法◆定まっている基準・規格・決まり・区切り・手順・方法,N1,mixed,on+kun~,A3_short_compound(on+on 71%),余:◆われ(我)◆それ以外の、他の◆あま・す、あま・り◇必要な分を取り除いた後に残る、音・匂い・味・印象などがその元となるものがなくなった後も残る◇食べ物の量が多く; 程:◆ものの大小・長短・軽重・強弱・優劣などをはかる(測る・量る・計る)際の基準・規格◆一定の決まり・手順・方法◆定まっている基準・規格・決まり・区切り・手順・方法
kk_余興_よきょう,余興,よきょう,余:◆われ(我)◆それ以外の、他の◆あま・す、あま・り◇必要な分を取り除いた後に残る、音・匂い・味・印象などがその元となるものがなくなった後も残る◇食べ物の量が多く; 興:◆起き上がる、すっくと立つ◆持ち上げる、高く挙(あ)げる◆高(たか)ぶる、高揚(コウヨウ)する、盛り上がる◆盛んになる、栄える,N1,on,on+on,A3_short_compound(on+on 71%),余:◆われ(我)◆それ以外の、他の◆あま・す、あま・り◇必要な分を取り除いた後に残る、音・匂い・味・印象などがその元となるものがなくなった後も残る◇食べ物の量が多く; 興:◆起き上がる、すっくと立つ◆持ち上げる、高く挙(あ)げる◆高(たか)ぶる、高揚(コウヨウ)する、盛り上がる◆盛んになる、栄える
kk_余～_よ～,余～,よ～,余:◆われ(我)◆それ以外の、他の◆あま・す、あま・り◇必要な分を取り除いた後に残る、音・匂い・味・印象などがその元となるものがなくなった後も残る◇食べ物の量が多く,N1,other,unknown,IL2_single_default(kun 84%),余:◆われ(我)◆それ以外の、他の◆あま・す、あま・り◇必要な分を取り除いた後に残る、音・匂い・味・印象などがその元となるものがなくなった後も残る◇食べ物の量が多く
kk_作動_さどう,作動,さどう,作:◆働(はたらく)く、力や手を加える、為(な)す、「作業(サギョウ)」「作為(サクイ)」◆力や手を加えることによって物事や状態を変化させる、また他に影響を与える、; 動:◆位置・姿勢・感情・状態・事情などが変わる、また変える、また変わり始める、「動作」「行動」「感動」◆やや・もすれば、どうかすると(～になる、～になりやすい),N1,on,on+on,A3_short_compound(on+on 71%) | B_verb_rad_力(kun 80%),作:◆働(はたらく)く、力や手を加える、為(な)す、「作業(サギョウ)」「作為(サクイ)」◆力や手を加えることによって物事や状態を変化させる、また他に影響を与える、; 動:◆位置・姿勢・感情・状態・事情などが変わる、また変える、また変わり始める、「動作」「行動」「感動」◆やや・もすれば、どうかすると(～になる、～になりやすい)
kk_作戦_さくせん,作戦,さくせん,作:◆働(はたらく)く、力や手を加える、為(な)す、「作業(サギョウ)」「作為(サクイ)」◆力や手を加えることによって物事や状態を変化させる、また他に影響を与える、; 戦:◆戈(ほこ)などの武器を持って闘(たたか)う、争(あらそ)う◆勝負・優劣を競(きそ)い合う◆懼(おそ)れる、恐れでびくびくする、「戦慄(センリツ、恐怖で体を震わ,N1,on,on+on,,作:◆働(はたらく)く、力や手を加える、為(な)す、「作業(サギョウ)」「作為(サクイ)」◆力や手を加えることによって物事や状態を変化させる、また他に影響を与える、; 戦:◆戈(ほこ)などの武器を持って闘(たたか)う、争(あらそ)う◆勝負・優劣を競(きそ)い合う◆懼(おそ)れる、恐れでびくびくする、「戦慄(センリツ、恐怖で体を震わ
kk_作用_さよう,作用,さよう,作:◆働(はたらく)く、力や手を加える、為(な)す、「作業(サギョウ)」「作為(サクイ)」◆力や手を加えることによって物事や状態を変化させる、また他に影響を与える、; 用:◆人や物、或いはその特性や能力を使う、また使ってあることを行う、また役立たせる◆働かせる、発揮させる、またそのために必要な特性・能力・金銭など◆以(もっ)て◆[,N1,on,on+on,A3_short_compound(on+on 71%),作:◆働(はたらく)く、力や手を加える、為(な)す、「作業(サギョウ)」「作為(サクイ)」◆力や手を加えることによって物事や状態を変化させる、また他に影響を与える、; 用:◆人や物、或いはその特性や能力を使う、また使ってあることを行う、また役立たせる◆働かせる、発揮させる、またそのために必要な特性・能力・金銭など◆以(もっ)て◆[
kk_併せて/合わせて_あわせて,併せて/合わせて,あわせて,併:◆あわ・せる、二つのもの(幾つかのもの)を一つにする、同「幷」◆並ぶ、並べる、同「並」◆簡「并」◆[日]しか・し、～ではあるけれども; 合:◆人や物が集まって一緒になる、また一つになる◆幾つかのものを集め一緒にする、幾つかのものが集まり同じになる◆同じものを纏(まと)めた全体◆ぴったりと一致する、当,N1,kun,kun+kun~,IL1_okurigana(kun 96%) | A1_compound_oku(kun 90%) | A1_on_kun_mix(on+kun 65%),併:◆あわ・せる、二つのもの(幾つかのもの)を一つにする、同「幷」◆並ぶ、並べる、同「並」◆簡「并」◆[日]しか・し、～ではあるけれども; 合:◆人や物が集まって一緒になる、また一つになる◆幾つかのものを集め一緒にする、幾つかのものが集まり同じになる◆同じものを纏(まと)めた全体◆ぴったりと一致する、当
kk_使い熟す_つかいこなす,使い熟す,つかいこなす,使:◆つか・う、人や家畜を働かせる、道具などを用いる◆つか・い、用事をする◆つか・わす、用事などを伝えるために人を差し向ける◆～に～させる◆もし～、仮に～; 熟:◆食べ頃になるまで十分に火を通す、また煮る、また焼く、同「孰」◆十分に食べ頃になる、十分に良い状態になる、十分に成長する◆十分な状態になるまで～する,N1,kun,kun+kun~,IL1_okurigana(kun 96%) | A1_compound_oku(kun 90%) | A1_on_kun_mix(on+kun 65%),使:◆つか・う、人や家畜を働かせる、道具などを用いる◆つか・い、用事をする◆つか・わす、用事などを伝えるために人を差し向ける◆～に～させる◆もし～、仮に～; 熟:◆食べ頃になるまで十分に火を通す、また煮る、また焼く、同「孰」◆十分に食べ頃になる、十分に良い状態になる、十分に成長する◆十分な状態になるまで～する
kk_侍_さむらい,侍,さむらい,侍:◆主(あるじ)の近くに仕える、同「寺」◆近くに控(ひか)える◆[日]さむらい、武士,N1,kun,kun,IL2_single_default(kun 84%),侍:◆主(あるじ)の近くに仕える、同「寺」◆近くに控(ひか)える◆[日]さむらい、武士
kk_依存/いぞん_いそん,依存/いぞん,いそん,依:◆寄り掛かる、凭(もた)れ掛る◆拠(よ)る、他のものを拠りどころにする、他のものを頼りにする、「依據(イキョ、依拠、よりどころとすること)」◆従う、他のものに従; 存:◆そこに在(あ)る、そこに居(い)る、同「侟」◆ながら･える、保つ、長く保ち続ける◆生きている、「存命(ゾンメイ)」◆無事かどうかを問う、気に掛かっていることを,N1,on,on+on,IL1_okurigana(kun 96%) | A1_compound_oku(kun 90%) | A1_on_kun_mix(on+kun 65%),依:◆寄り掛かる、凭(もた)れ掛る◆拠(よ)る、他のものを拠りどころにする、他のものを頼りにする、「依據(イキョ、依拠、よりどころとすること)」◆従う、他のものに従; 存:◆そこに在(あ)る、そこに居(い)る、同「侟」◆ながら･える、保つ、長く保ち続ける◆生きている、「存命(ゾンメイ)」◆無事かどうかを問う、気に掛かっていることを
kk_依然_いぜん,依然,いぜん,依:◆寄り掛かる、凭(もた)れ掛る◆拠(よ)る、他のものを拠りどころにする、他のものを頼りにする、「依據(イキョ、依拠、よりどころとすること)」◆従う、他のものに従; 然:◆燃やす、火で焼く、「イヌ(犬、狗)の肉(月)を燃やす(灬)」の意、同「燃」◆～のような、～のように◆しか・も、その上に、それでも◆しか・り、その通り、yes◆,N1,on,on+on,A3_short_compound(on+on 71%),依:◆寄り掛かる、凭(もた)れ掛る◆拠(よ)る、他のものを拠りどころにする、他のものを頼りにする、「依據(イキョ、依拠、よりどころとすること)」◆従う、他のものに従; 然:◆燃やす、火で焼く、「イヌ(犬、狗)の肉(月)を燃やす(灬)」の意、同「燃」◆～のような、～のように◆しか・も、その上に、それでも◆しか・り、その通り、yes◆
kk_侮辱_ぶじょく,侮辱,ぶじょく,侮:◆相手を軽(かろ)んずる、相手を下に見る、見下す、同「娒」「㚢」; 辱:◆恥(はじ)をかかせる、体面(タイメン)を汚(けが)す、泥(どろ)を塗(ぬ)る、「恥辱(チジョク)」◆忝(かたじけな)い、(恥をかかせるようなことをして下さって,N1,on,on+on,A3_short_compound(on+on 71%),侮:◆相手を軽(かろ)んずる、相手を下に見る、見下す、同「娒」「㚢」; 辱:◆恥(はじ)をかかせる、体面(タイメン)を汚(けが)す、泥(どろ)を塗(ぬ)る、「恥辱(チジョク)」◆忝(かたじけな)い、(恥をかかせるようなことをして下さって
kk_侵す_おかす,侵す,おかす,侵:◆少しずつ(じわじわと)入り込む、また入ってくる、同「浸」,N1,kun,kun,IL1_okurigana(kun 96%) | IL2_single_okuri(kun 96%),侵:◆少しずつ(じわじわと)入り込む、また入ってくる、同「浸」
kk_便宜_べんぎ,便宜,べんぎ,便:◆安らかなさま、差し障る(さしさわる)ようなことがないさま◆都合が良いさま、ちょうど良いさま、(物事をするのに)適(テキ)しているさま、「便宜(ベンギ)」「便利; 宜:◆理(リ)に適(かな)う、適(テキ)する、ちょうど良い、「事宜(ジギ、事をするのにちょうど良い頃合い)」◆むべ、当然な、尤(もっと)もな◆～するのがよい、～した,N1,on,on+on,A3_short_compound(on+on 71%) | B_noun_rad_宀(kun 93%),便:◆安らかなさま、差し障る(さしさわる)ようなことがないさま◆都合が良いさま、ちょうど良いさま、(物事をするのに)適(テキ)しているさま、「便宜(ベンギ)」「便利; 宜:◆理(リ)に適(かな)う、適(テキ)する、ちょうど良い、「事宜(ジギ、事をするのにちょうど良い頃合い)」◆むべ、当然な、尤(もっと)もな◆～するのがよい、～した
kk_促す_うながす,促す,うながす,促:◆時間や距離の間隔が狭まる、近づく、迫る◆うなが・す、急(せ)き立てる、急(せ)かす◆「偓促(アクソク)」、ゆとりがないさま、忙(せわ)しく落ち着きがないさま、,N1,kun,kun,IL1_okurigana(kun 96%) | IL2_single_okuri(kun 96%),促:◆時間や距離の間隔が狭まる、近づく、迫る◆うなが・す、急(せ)き立てる、急(せ)かす◆「偓促(アクソク)」、ゆとりがないさま、忙(せわ)しく落ち着きがないさま、
kk_促進_そくしん,促進,そくしん,促:◆時間や距離の間隔が狭まる、近づく、迫る◆うなが・す、急(せ)き立てる、急(せ)かす◆「偓促(アクソク)」、ゆとりがないさま、忙(せわ)しく落ち着きがないさま、; 進:◆前に向かって動く(行く)、前に出る、登る、上に向かって動く(行く)、昇って行く、状態が良い方向に向かう、逆は「退」◆位や程度が上がる◆人にものを差し出す、また,N1,on,on+on,,促:◆時間や距離の間隔が狭まる、近づく、迫る◆うなが・す、急(せ)き立てる、急(せ)かす◆「偓促(アクソク)」、ゆとりがないさま、忙(せわ)しく落ち着きがないさま、; 進:◆前に向かって動く(行く)、前に出る、登る、上に向かって動く(行く)、昇って行く、状態が良い方向に向かう、逆は「退」◆位や程度が上がる◆人にものを差し出す、また
kk_保養_ほよう,保養,ほよう,保:◆(子供などを)大切に守り育てる、「保護(ホゴ)」◆傍(そば)に付き添い助け守る、「保母(ホボ)」、傍に付き添いながら助言・教育する、「太保(タイホ、古代の官職; 養:◆人・家畜・植物などが育つために必要なものを与える、また与えて大きく立派に育てる◆人が立派に育つために必要なことを教える、また教え導く,N1,on,on+on,A3_short_compound(on+on 71%),保:◆(子供などを)大切に守り育てる、「保護(ホゴ)」◆傍(そば)に付き添い助け守る、「保母(ホボ)」、傍に付き添いながら助言・教育する、「太保(タイホ、古代の官職; 養:◆人・家畜・植物などが育つために必要なものを与える、また与えて大きく立派に育てる◆人が立派に育つために必要なことを教える、また教え導く
kk_信任_しんにん,信任,しんにん,信:◆誠実なさま、嘘偽りがないさま、言ったことを違(たが)えないさま◆確かであるとして疑わない、一点の疑いもない、「信用する」の意◆確かな、間違いない、確かに、本当; 任:◆役目や仕事を与える、また委(ゆだ)ねる、また託(たく)す、「任命(ニンメイ)」◆(仕事を託し、その)扱いをその人の裁量(サイリョウ)に委ねる、「放任(ホウニン,N1,on,on+on,,信:◆誠実なさま、嘘偽りがないさま、言ったことを違(たが)えないさま◆確かであるとして疑わない、一点の疑いもない、「信用する」の意◆確かな、間違いない、確かに、本当; 任:◆役目や仕事を与える、また委(ゆだ)ねる、また託(たく)す、「任命(ニンメイ)」◆(仕事を託し、その)扱いをその人の裁量(サイリョウ)に委ねる、「放任(ホウニン
kk_信念_しんねん,信念,しんねん,信:◆誠実なさま、嘘偽りがないさま、言ったことを違(たが)えないさま◆確かであるとして疑わない、一点の疑いもない、「信用する」の意◆確かな、間違いない、確かに、本当; 念:◆常に心に留めて思い考える、心の中に留まり去らない思いや考え◆口をほとんど閉じた状態で低い声を長く伸ばして読む◆二十、「廿」の大写字(「二」は「貳」、「三」は「,N1,on,on+on,,信:◆誠実なさま、嘘偽りがないさま、言ったことを違(たが)えないさま◆確かであるとして疑わない、一点の疑いもない、「信用する」の意◆確かな、間違いない、確かに、本当; 念:◆常に心に留めて思い考える、心の中に留まり去らない思いや考え◆口をほとんど閉じた状態で低い声を長く伸ばして読む◆二十、「廿」の大写字(「二」は「貳」、「三」は「
kk_信者_しんじゃ,信者,しんじゃ,信:◆誠実なさま、嘘偽りがないさま、言ったことを違(たが)えないさま◆確かであるとして疑わない、一点の疑いもない、「信用する」の意◆確かな、間違いない、確かに、本当; 者:◆～の人、～する人、「使者(ししゃ、使いをする人、運び届けること)」◆こと(事)、もの(物)、「再者(サイシャ、更に付け加えること、追伸)」「前者(ゼンシャ、前,N1,other,mixed+mixed~,A3_short_compound(on+on 71%),信:◆誠実なさま、嘘偽りがないさま、言ったことを違(たが)えないさま◆確かであるとして疑わない、一点の疑いもない、「信用する」の意◆確かな、間違いない、確かに、本当; 者:◆～の人、～する人、「使者(ししゃ、使いをする人、運び届けること)」◆こと(事)、もの(物)、「再者(サイシャ、更に付け加えること、追伸)」「前者(ゼンシャ、前
kk_修復_しゅうふく,修復,しゅうふく,修:◆荒々しいところ・ごつごつしたところを取り除いて形を整える、足りないところ・欠けているところを補いてすっきりした形にする◆足りないところ・欠けているところを補い; 復:◆来た道と同じ道を辿って帰る、引き返す◆元の位置や状態に戻す、また戻る、同「覆」、同簡「复」◆繰り返す、繰り返される◆問いに対して返答する、指示などに対してその,N1,on,on+on,,修:◆荒々しいところ・ごつごつしたところを取り除いて形を整える、足りないところ・欠けているところを補いてすっきりした形にする◆足りないところ・欠けているところを補い; 復:◆来た道と同じ道を辿って帰る、引き返す◆元の位置や状態に戻す、また戻る、同「覆」、同簡「复」◆繰り返す、繰り返される◆問いに対して返答する、指示などに対してその
kk_修業_しゅうぎょう,修業,しゅうぎょう,修:◆荒々しいところ・ごつごつしたところを取り除いて形を整える、足りないところ・欠けているところを補いてすっきりした形にする◆足りないところ・欠けているところを補い; 業:◆鍾(ショウ)や磬(ケイ)などの打楽器を吊るすための横木(筍)の上の横板、吊るした楽器の位置が演奏中にずれないように凹みや突起がついていたという、「业」はそれを,N1,on,on+on,B_noun_rad_木(kun 93%),修:◆荒々しいところ・ごつごつしたところを取り除いて形を整える、足りないところ・欠けているところを補いてすっきりした形にする◆足りないところ・欠けているところを補い; 業:◆鍾(ショウ)や磬(ケイ)などの打楽器を吊るすための横木(筍)の上の横板、吊るした楽器の位置が演奏中にずれないように凹みや突起がついていたという、「业」はそれを
kk_修行_しゅぎょう,修行,しゅぎょう,修:◆荒々しいところ・ごつごつしたところを取り除いて形を整える、足りないところ・欠けているところを補いてすっきりした形にする◆足りないところ・欠けているところを補い; 行:◆左足を前に出し(彳)次に右足を前に出す(亍)、足を交互に動かして前に進む◆目的とするところに向かって進む◆遠くに出掛ける、旅に出る◆道、人が往来する道路、同「,N1,on,on+on,A3_short_compound(on+on 71%),修:◆荒々しいところ・ごつごつしたところを取り除いて形を整える、足りないところ・欠けているところを補いてすっきりした形にする◆足りないところ・欠けているところを補い; 行:◆左足を前に出し(彳)次に右足を前に出す(亍)、足を交互に動かして前に進む◆目的とするところに向かって進む◆遠くに出掛ける、旅に出る◆道、人が往来する道路、同「
kk_俯く_うつむく,俯く,うつむく,俯:◆体を前に屈(かが)め姿勢を低くする、伏(ふ)せる、顔を下に向ける、同「俛」,N1,kun,kun,IL1_okurigana(kun 96%) | IL2_single_okuri(kun 96%),俯:◆体を前に屈(かが)め姿勢を低くする、伏(ふ)せる、顔を下に向ける、同「俛」
kk_俯せ/うつ伏せ_うつぶせ,俯せ/うつ伏せ,うつぶせ,俯:◆体を前に屈(かが)め姿勢を低くする、伏(ふ)せる、顔を下に向ける、同「俛」; 伏:◆体を屈(かが)め頭を下げ視線を下に向ける◆腹這い(はらばい)になる◆姿勢を低くして(頭を下げて)物の下に隠れる、また隠す◆(願い事をする・目上の人に申し上げる,N1,other,mixed+mixed~,IL1_okurigana(kun 96%) | A1_compound_oku(kun 90%) | A1_on_kun_mix(on+kun 65%),俯:◆体を前に屈(かが)め姿勢を低くする、伏(ふ)せる、顔を下に向ける、同「俛」; 伏:◆体を屈(かが)め頭を下げ視線を下に向ける◆腹這い(はらばい)になる◆姿勢を低くして(頭を下げて)物の下に隠れる、また隠す◆(願い事をする・目上の人に申し上げる
kk_倉/蔵_くら,倉/蔵,くら,倉:◆穀物などを貯蔵するための屋根のある建物、特に方形の建物、円形は「囷」◆物や人を収容する、またそのための建物◆慌(あわただ)しいさま、忙(せわ)しいさま、「倉猝; 蔵:◆しまう、周りが囲まれていて外からは見えないところ(箱や蔵など)に入れる、また中に入れて隠す、またそのようなところに入っているもの、またそのための建物◆内臓、同,N1,kun,kun+kun~,A3_short_compound(on+on 71%),倉:◆穀物などを貯蔵するための屋根のある建物、特に方形の建物、円形は「囷」◆物や人を収容する、またそのための建物◆慌(あわただ)しいさま、忙(せわ)しいさま、「倉猝; 蔵:◆しまう、周りが囲まれていて外からは見えないところ(箱や蔵など)に入れる、また中に入れて隠す、またそのようなところに入っているもの、またそのための建物◆内臓、同
kk_個々_ここ,個々,ここ,個:◆形のあるものを数える語、またその一つ一つを指す語、同「个」「箇」◆簡「个」,N1,on,on~,IL2_on_only(on 99%),個:◆形のあるものを数える語、またその一つ一つを指す語、同「个」「箇」◆簡「个」
kk_値_あたい,値,あたい,値:◆それがどの程度であるかを評価した結果示される価(あたい)、価格(カカク、物の値段、値打ち)、品位(ヒンイ、人や物の値打ち)、数(かず、数えた結果得られる数値),N1,kun,kun,IL2_single_default(kun 84%),値:◆それがどの程度であるかを評価した結果示される価(あたい)、価格(カカク、物の値段、値打ち)、品位(ヒンイ、人や物の値打ち)、数(かず、数えた結果得られる数値)
kk_値する_あたいする,値する,あたいする,値:◆それがどの程度であるかを評価した結果示される価(あたい)、価格(カカク、物の値段、値打ち)、品位(ヒンイ、人や物の値打ち)、数(かず、数えた結果得られる数値),N1,kun,kun,IL1_okurigana(kun 96%) | IL2_single_okuri(kun 96%),値:◆それがどの程度であるかを評価した結果示される価(あたい)、価格(カカク、物の値段、値打ち)、品位(ヒンイ、人や物の値打ち)、数(かず、数えた結果得られる数値)
kk_値切る_ねぎる,値切る,ねぎる,値:◆それがどの程度であるかを評価した結果示される価(あたい)、価格(カカク、物の値段、値打ち)、品位(ヒンイ、人や物の値打ち)、数(かず、数えた結果得られる数値); 切:◆刃物などですっと断(た)つ、裁(た)つ、割(さ)く◆ぴったりとしたさま、隙(すき)がないさま、「親切(シンセツ)」◆近くまで迫(せま)る、差し迫る、「切近(セ,N1,other,mixed+mixed~,IL1_okurigana(kun 96%) | A1_compound_oku(kun 90%) | A1_on_kun_mix(on+kun 65%),値:◆それがどの程度であるかを評価した結果示される価(あたい)、価格(カカク、物の値段、値打ち)、品位(ヒンイ、人や物の値打ち)、数(かず、数えた結果得られる数値); 切:◆刃物などですっと断(た)つ、裁(た)つ、割(さ)く◆ぴったりとしたさま、隙(すき)がないさま、「親切(シンセツ)」◆近くまで迫(せま)る、差し迫る、「切近(セ
kk_値打ち_ねうち,値打ち,ねうち,値:◆それがどの程度であるかを評価した結果示される価(あたい)、価格(カカク、物の値段、値打ち)、品位(ヒンイ、人や物の値打ち)、数(かず、数えた結果得られる数値); 打:◆撃(う)つ、手や道具を物に当てる、叩(たた)く◆～する、「打消(ダショウ、取り消す、打ち消す)」「打撃(ダゲキ、撃つ)」「打開(ダカイ、開ける)」「打算(ダサ,N1,kun,kun+kun,IL1_okurigana(kun 96%) | A1_compound_oku(kun 90%) | A1_on_kun_mix(on+kun 65%),値:◆それがどの程度であるかを評価した結果示される価(あたい)、価格(カカク、物の値段、値打ち)、品位(ヒンイ、人や物の値打ち)、数(かず、数えた結果得られる数値); 打:◆撃(う)つ、手や道具を物に当てる、叩(たた)く◆～する、「打消(ダショウ、取り消す、打ち消す)」「打撃(ダゲキ、撃つ)」「打開(ダカイ、開ける)」「打算(ダサ
kk_倫理_りんり,倫理,りんり,倫:◆輩(ハイ、ともがら、やから)、同等・同類・同属・同世代などの同じグループgroupに属する人◆きちんとした並び順、「倫序(リンジョ)」◆人と人との理(リ、道理; 理:◆玉(ギョク、大変美しい石)の筋目(すじめ)、規則正しく並んだ筋目◆物事の正しい筋道◆筋道を立てる、また立っている、筋を通す、また通っている◆筋道に沿って判断す,N1,on,on+on,A3_short_compound(on+on 71%),倫:◆輩(ハイ、ともがら、やから)、同等・同類・同属・同世代などの同じグループgroupに属する人◆きちんとした並び順、「倫序(リンジョ)」◆人と人との理(リ、道理; 理:◆玉(ギョク、大変美しい石)の筋目(すじめ)、規則正しく並んだ筋目◆物事の正しい筋道◆筋道を立てる、また立っている、筋を通す、また通っている◆筋道に沿って判断す
kk_偏向_へんこう,偏向,へんこう,偏:◆かたよ・る、真ん中から外れてどちらか片方に寄る、片寄る、傾く、「偏見(ヘンケン、片寄った考え)」◆中央から遠く離れる、「偏僻(ヘンペキ、都から遠く離れた地)」; 向:◆窓、北側に面した窓、同「郷」、「丿冂」は「宀」で「屋根のある建物」、「口」は「壁などに空いた窓」の意◆目的とするところを目指して行く、基点となるところから遠ざ,N1,on,on+on,,偏:◆かたよ・る、真ん中から外れてどちらか片方に寄る、片寄る、傾く、「偏見(ヘンケン、片寄った考え)」◆中央から遠く離れる、「偏僻(ヘンペキ、都から遠く離れた地)」; 向:◆窓、北側に面した窓、同「郷」、「丿冂」は「宀」で「屋根のある建物」、「口」は「壁などに空いた窓」の意◆目的とするところを目指して行く、基点となるところから遠ざ
kk_偏見_へんけん,偏見,へんけん,偏:◆かたよ・る、真ん中から外れてどちらか片方に寄る、片寄る、傾く、「偏見(ヘンケン、片寄った考え)」◆中央から遠く離れる、「偏僻(ヘンペキ、都から遠く離れた地)」; 見:◆目でものや状況を認識する、目に入る◆(見たものの)認識の仕方、考え◆人と顔を合わせる、対面する◆みる、部首名,N1,on,on+on,,偏:◆かたよ・る、真ん中から外れてどちらか片方に寄る、片寄る、傾く、「偏見(ヘンケン、片寄った考え)」◆中央から遠く離れる、「偏僻(ヘンペキ、都から遠く離れた地)」; 見:◆目でものや状況を認識する、目に入る◆(見たものの)認識の仕方、考え◆人と顔を合わせる、対面する◆みる、部首名
kk_偏重_へんちょう,偏重,へんちょう,偏:◆かたよ・る、真ん中から外れてどちらか片方に寄る、片寄る、傾く、「偏見(ヘンケン、片寄った考え)」◆中央から遠く離れる、「偏僻(ヘンペキ、都から遠く離れた地)」; 重:◆層になる、上に載る、下になったものに上から大きな力が掛かる、負担が大きい◆再び、繰り返して、何度も、何層にも◆何層にも心配りがされていて手厚い、丁寧な◆何層に,N1,on,on+on,,偏:◆かたよ・る、真ん中から外れてどちらか片方に寄る、片寄る、傾く、「偏見(ヘンケン、片寄った考え)」◆中央から遠く離れる、「偏僻(ヘンペキ、都から遠く離れた地)」; 重:◆層になる、上に載る、下になったものに上から大きな力が掛かる、負担が大きい◆再び、繰り返して、何度も、何層にも◆何層にも心配りがされていて手厚い、丁寧な◆何層に
kk_停滞_ていたい,停滞,ていたい,停:◆連続・継続する動きや流れ(道程・工程・時間・年月など)の途中で一旦(イッタン、少しの間、一時的に)同じ場所や状態に留(とど)まる、同「亭」◆止(とど)まる、止; 滞:◆動きが止まってなかなか流れない、止まったままなかなか動かない,N1,on,on+on,,停:◆連続・継続する動きや流れ(道程・工程・時間・年月など)の途中で一旦(イッタン、少しの間、一時的に)同じ場所や状態に留(とど)まる、同「亭」◆止(とど)まる、止; 滞:◆動きが止まってなかなか流れない、止まったままなかなか動かない
kk_健やか_すこやか,健やか,すこやか,健:◆体力や気力がある(衰おとろえたり滞とどこおったりすることがない)さま、しっかりとしているさま、同「徤」,N1,kun,kun,IL1_okurigana(kun 96%) | IL2_single_okuri(kun 96%),健:◆体力や気力がある(衰おとろえたり滞とどこおったりすることがない)さま、しっかりとしているさま、同「徤」
kk_健全_けんぜん,健全,けんぜん,健:◆体力や気力がある(衰おとろえたり滞とどこおったりすることがない)さま、しっかりとしているさま、同「徤」; 全:◆すべ・て、欠点・瑕疵や不備・不足がない、余すところがない◆まった・く、まっと・う、余すところなく、漏れなく、残らず、すっかり,N1,on,on+on,,健:◆体力や気力がある(衰おとろえたり滞とどこおったりすることがない)さま、しっかりとしているさま、同「徤」; 全:◆すべ・て、欠点・瑕疵や不備・不足がない、余すところがない◆まった・く、まっと・う、余すところなく、漏れなく、残らず、すっかり
kk_健勝_けんしょう,健勝,けんしょう,健:◆体力や気力がある(衰おとろえたり滞とどこおったりすることがない)さま、しっかりとしているさま、同「徤」; 勝:◆責任や任務によく耐える、また耐えることができる◆克(か)つ、克服する、(困難に耐え)乗り越え成し遂げる◆～を上回る、～より優(すぐ)れる、優れている◆相手を上,N1,on,on+on,B_verb_rad_力(kun 80%),健:◆体力や気力がある(衰おとろえたり滞とどこおったりすることがない)さま、しっかりとしているさま、同「徤」; 勝:◆責任や任務によく耐える、また耐えることができる◆克(か)つ、克服する、(困難に耐え)乗り越え成し遂げる◆～を上回る、～より優(すぐ)れる、優れている◆相手を上
kk_健在_けんざい,健在,けんざい,健:◆体力や気力がある(衰おとろえたり滞とどこおったりすることがない)さま、しっかりとしているさま、同「徤」; 在:◆そこに居(い)る、同じ状態で一定のところに留(とど)まっている、またその場所◆～に於(お)いて、～(場所)で(at),N1,on,on+on,,健:◆体力や気力がある(衰おとろえたり滞とどこおったりすることがない)さま、しっかりとしているさま、同「徤」; 在:◆そこに居(い)る、同じ状態で一定のところに留(とど)まっている、またその場所◆～に於(お)いて、～(場所)で(at)
kk_偲ぶ_しのぶ,偲ぶ,しのぶ,偲:◆他を思い力を尽くす◆「偲偲(シシ)」、互いに思い合い互いに高め合うさま、「【論語注疏:論語注疏三】子路問曰何如斯可謂之士矣子曰切切偲偲怡怡如也可謂士矣朋友切切,N1,kun,kun,IL1_okurigana(kun 96%) | IL2_single_okuri(kun 96%),偲:◆他を思い力を尽くす◆「偲偲(シシ)」、互いに思い合い互いに高め合うさま、「【論語注疏:論語注疏三】子路問曰何如斯可謂之士矣子曰切切偲偲怡怡如也可謂士矣朋友切切
kk_側面_そくめん,側面,そくめん,側:◆(立っているものの)すぐ傍(そば)、傍(かたわ)ら、脇(わき)、同「旁」◆立てて片方に(一方に)寄せる、片方に寄る、偏(かたよ)る、同「仄」◆立ったものが一方; 面:◆顔(かお)、頭の目鼻口がある側◆顔を対象(タイショウ、目標や相手)に向ける、また向く◆(顔が)向いている側、向き、向いている方向◆ものの表(おもて)、前(まえ,N1,on,on+on,,側:◆(立っているものの)すぐ傍(そば)、傍(かたわ)ら、脇(わき)、同「旁」◆立てて片方に(一方に)寄せる、片方に寄る、偏(かたよ)る、同「仄」◆立ったものが一方; 面:◆顔(かお)、頭の目鼻口がある側◆顔を対象(タイショウ、目標や相手)に向ける、また向く◆(顔が)向いている側、向き、向いている方向◆ものの表(おもて)、前(まえ
kk_偽る_いつわる,偽る,いつわる,偽:◆本物・事実・現実であるかのように装(よそお)う◆上辺(うわべ)だけを取り繕う、見せ掛ける◆本物ではない、事実ではない、実際とは違う、嘘をつく,N1,kun,kun,IL1_okurigana(kun 96%) | IL2_single_okuri(kun 96%),偽:◆本物・事実・現実であるかのように装(よそお)う◆上辺(うわべ)だけを取り繕う、見せ掛ける◆本物ではない、事実ではない、実際とは違う、嘘をつく
kk_偽造_ぎぞう,偽造,ぎぞう,偽:◆本物・事実・現実であるかのように装(よそお)う◆上辺(うわべ)だけを取り繕う、見せ掛ける◆本物ではない、事実ではない、実際とは違う、嘘をつく; 造:◆(素材に手を加えて、組み合わせて)作り上げる◆成(な)る、為(な)す、成し遂(と)げる◆到(いた)る、行き着く◆慌てる、慌ただしい◆「造次(ゾウジ)」◇ごく短,N1,on,on+on,A3_short_compound(on+on 71%),偽:◆本物・事実・現実であるかのように装(よそお)う◆上辺(うわべ)だけを取り繕う、見せ掛ける◆本物ではない、事実ではない、実際とは違う、嘘をつく; 造:◆(素材に手を加えて、組み合わせて)作り上げる◆成(な)る、為(な)す、成し遂(と)げる◆到(いた)る、行き着く◆慌てる、慌ただしい◆「造次(ゾウジ)」◇ごく短
kk_傍ら_かたわら,傍ら,かたわら,傍:◆もののすぐ近くのところ、側(そば)、同「徬」「旁」◆すぐ傍に付き添(そ)う、ぴったりと寄り添う、同「徬」「旁」◆漢字の右側の部分、同「旁」、左は「扁」「偏」,N1,kun,kun,IL1_okurigana(kun 96%) | IL2_single_okuri(kun 96%),傍:◆もののすぐ近くのところ、側(そば)、同「徬」「旁」◆すぐ傍に付き添(そ)う、ぴったりと寄り添う、同「徬」「旁」◆漢字の右側の部分、同「旁」、左は「扁」「偏」
kk_傘下_さんか,傘下,さんか,傘:◆頭上に翳(かざ)し雨や日差しを遮(さえぎ)るためのもので、手で持つための柄(え)が付いているもの、同「簦」「繖」◆(傘のように)頭上を覆(おお)うもの; 下:◆位置・場所・地位などが低い、低い方にある◆低い方に移る、降りる、落ちる◆順序・時間などが後(あと)、後の方にある◆後の方に移る、後(うし)ろの方へ退く◆等級・,N1,on,on+on,A3_short_compound(on+on 71%),傘:◆頭上に翳(かざ)し雨や日差しを遮(さえぎ)るためのもので、手で持つための柄(え)が付いているもの、同「簦」「繖」◆(傘のように)頭上を覆(おお)うもの; 下:◆位置・場所・地位などが低い、低い方にある◆低い方に移る、降りる、落ちる◆順序・時間などが後(あと)、後の方にある◆後の方に移る、後(うし)ろの方へ退く◆等級・
kk_備え付ける_そなえつける,備え付ける,そなえつける,備:◆必要なものを用意しておく、(いざという時のために)予め揃えておく◆身に付いている、身に具(そな)わる◆つぶさ・に、必要なものは全て、ことごとく; 付:◆手ずから授(さず)ける、直接手を取って与える、同「仅」◆渡し与える、渡して任せる、委(ゆだ)ねる◆[日]他のものに加える、また添える、また足す、同「附」,N1,kun,kun+kun~,IL1_okurigana(kun 96%) | A1_compound_oku(kun 90%) | A1_on_kun_mix(on+kun 65%),備:◆必要なものを用意しておく、(いざという時のために)予め揃えておく◆身に付いている、身に具(そな)わる◆つぶさ・に、必要なものは全て、ことごとく; 付:◆手ずから授(さず)ける、直接手を取って与える、同「仅」◆渡し与える、渡して任せる、委(ゆだ)ねる◆[日]他のものに加える、また添える、また足す、同「附」
kk_備わる_そなわる,備わる,そなわる,備:◆必要なものを用意しておく、(いざという時のために)予め揃えておく◆身に付いている、身に具(そな)わる◆つぶさ・に、必要なものは全て、ことごとく,N1,kun,kun,IL1_okurigana(kun 96%) | IL2_single_okuri(kun 96%),備:◆必要なものを用意しておく、(いざという時のために)予め揃えておく◆身に付いている、身に具(そな)わる◆つぶさ・に、必要なものは全て、ことごとく
kk_催す_もよおす,催す,もよおす,催:◆促(うなが)す、急(せ)き立てる、「催促(サイソク)」◆急(せ)かされる、急き立てられる◆[日]もよお・す、行事などを準備し執(と)り行う,N1,kun,kun,IL1_okurigana(kun 96%) | IL2_single_okuri(kun 96%),催:◆促(うなが)す、急(せ)き立てる、「催促(サイソク)」◆急(せ)かされる、急き立てられる◆[日]もよお・す、行事などを準備し執(と)り行う
kk_傾斜_けいしゃ,傾斜,けいしゃ,傾:◆斜めになる、片方に(一方に)偏(かたよ)る◆斜めにする、(器などの中身を出すように)横にし(出切らないようであれば)更に逆さにする◆(直立しているものが傾き); 斜:◆水などの液体の入った斗(ます)や杓子(シャクシ)などを傾(かたむ)けて中のものを出す、傾ける◆傾く、水平のものの片方が下がっている或いは上がっている、垂直のも,N1,on,on+on,A3_short_compound(on+on 71%),傾:◆斜めになる、片方に(一方に)偏(かたよ)る◆斜めにする、(器などの中身を出すように)横にし(出切らないようであれば)更に逆さにする◆(直立しているものが傾き); 斜:◆水などの液体の入った斗(ます)や杓子(シャクシ)などを傾(かたむ)けて中のものを出す、傾ける◆傾く、水平のものの片方が下がっている或いは上がっている、垂直のも
kk_億劫_おっくう,億劫,おっくう,億:◆一万の一万倍 、古くは十万(一万の十倍で「下数」と呼ばれる十進法での数) ◆心が満たされる、心地よい、同「𢡃」◆推(お)し量る、同「臆」◆簡「亿」; 劫:◆脅(おびや)かす、脅(おど)す◆奪(うば)う、力ずくで(無理やり)取る、強奪(ゴウダツ)する、同「刦」◆仏教の概念で非常に長い時間を表す、梵語の 「カルパ、क,N1,on,on+on~,B_verb_rad_力(kun 80%),億:◆一万の一万倍 、古くは十万(一万の十倍で「下数」と呼ばれる十進法での数) ◆心が満たされる、心地よい、同「𢡃」◆推(お)し量る、同「臆」◆簡「亿」; 劫:◆脅(おびや)かす、脅(おど)す◆奪(うば)う、力ずくで(無理やり)取る、強奪(ゴウダツ)する、同「刦」◆仏教の概念で非常に長い時間を表す、梵語の 「カルパ、क
kk_儚い_はかない,儚い,はかない,儚:◆(夢のように)ぼんやりしていてはっきりしないさま、同「懜」◆[日]はかな・い、(夢のように)掴みどころがない、頼りない、束の間の,N1,kun,kun,IL1_okurigana(kun 96%) | IL2_single_okuri(kun 96%),儚:◆(夢のように)ぼんやりしていてはっきりしないさま、同「懜」◆[日]はかな・い、(夢のように)掴みどころがない、頼りない、束の間の
kk_償い_つぐない,償い,つぐない,償:◆犯した罪・与えた損害・借りなどをそれに見合うもの(金・労役・代りの品物など)で返す、返して貸し借りがない状態に戻す,N1,kun,kun,IL1_okurigana(kun 96%) | IL2_single_okuri(kun 96%),償:◆犯した罪・与えた損害・借りなどをそれに見合うもの(金・労役・代りの品物など)で返す、返して貸し借りがない状態に戻す
kk_優位_ゆうい,優位,ゆうい,優:◆ゆったりとしている、ゆとりがある、穏(おだ)やかな、「強く締め付けられていない(制限・束縛されていない)様子や状態」を指す◆余裕があるさま、豊かなさま◆すぐ・; 位:◆順に並ぶ時に立つべき場所、並べて置く時の置くべき場所、並んでいるものの中での置かれている場所、「位置(イチ)」◆階級の中の級(キュウ、順位)、席次(セキジ)、,N1,on,on+on,A3_short_compound(on+on 71%),優:◆ゆったりとしている、ゆとりがある、穏(おだ)やかな、「強く締め付けられていない(制限・束縛されていない)様子や状態」を指す◆余裕があるさま、豊かなさま◆すぐ・; 位:◆順に並ぶ時に立つべき場所、並べて置く時の置くべき場所、並んでいるものの中での置かれている場所、「位置(イチ)」◆階級の中の級(キュウ、順位)、席次(セキジ)、
kk_優先_ゆうせん,優先,ゆうせん,優:◆ゆったりとしている、ゆとりがある、穏(おだ)やかな、「強く締め付けられていない(制限・束縛されていない)様子や状態」を指す◆余裕があるさま、豊かなさま◆すぐ・; 先:◆基準になる位置や時間よりも前、同「前」、逆は「後」◆前に向かって進む、またその方向、同「前」◆以前、時間的に過去の方向◆ま・ず、最初に、～の前に,N1,on,on+on,,優:◆ゆったりとしている、ゆとりがある、穏(おだ)やかな、「強く締め付けられていない(制限・束縛されていない)様子や状態」を指す◆余裕があるさま、豊かなさま◆すぐ・; 先:◆基準になる位置や時間よりも前、同「前」、逆は「後」◆前に向かって進む、またその方向、同「前」◆以前、時間的に過去の方向◆ま・ず、最初に、～の前に
kk_優勢_ゆうせい,優勢,ゆうせい,優:◆ゆったりとしている、ゆとりがある、穏(おだ)やかな、「強く締め付けられていない(制限・束縛されていない)様子や状態」を指す◆余裕があるさま、豊かなさま◆すぐ・; 勢:◆他を押さえ押し退ける力が強いさま、他に大きな影響を及ぼすさま◆物事の変化の様子や程度(「情勢」「時勢」など)、変化のあるものの姿や状態(「姿勢」「形勢」など),N1,on,on+on,B_verb_rad_力(kun 80%),優:◆ゆったりとしている、ゆとりがある、穏(おだ)やかな、「強く締め付けられていない(制限・束縛されていない)様子や状態」を指す◆余裕があるさま、豊かなさま◆すぐ・; 勢:◆他を押さえ押し退ける力が強いさま、他に大きな影響を及ぼすさま◆物事の変化の様子や程度(「情勢」「時勢」など)、変化のあるものの姿や状態(「姿勢」「形勢」など)
kk_優美_ゆうび,優美,ゆうび,優:◆ゆったりとしている、ゆとりがある、穏(おだ)やかな、「強く締め付けられていない(制限・束縛されていない)様子や状態」を指す◆余裕があるさま、豊かなさま◆すぐ・; 美:◆綺麗な、姿形が良い◆善(よ)い、良い、優(すぐ)れている◆美味しい、味が良い、甘い◆褒(ほ)める、称賛する,N1,on,on+on,A3_short_compound(on+on 71%),優:◆ゆったりとしている、ゆとりがある、穏(おだ)やかな、「強く締め付けられていない(制限・束縛されていない)様子や状態」を指す◆余裕があるさま、豊かなさま◆すぐ・; 美:◆綺麗な、姿形が良い◆善(よ)い、良い、優(すぐ)れている◆美味しい、味が良い、甘い◆褒(ほ)める、称賛する
kk_優越_ゆうえつ,優越,ゆうえつ,優:◆ゆったりとしている、ゆとりがある、穏(おだ)やかな、「強く締め付けられていない(制限・束縛されていない)様子や状態」を指す◆余裕があるさま、豊かなさま◆すぐ・; 越:◆行く手(ゆくて)を阻(はば)んでいるものの上を跨(また)ぐようにしてその先に行く、区切りや障害となっているものの先に行く、同「逾」◆度(ど、区切り・限度・程度,N1,on,on+on,,優:◆ゆったりとしている、ゆとりがある、穏(おだ)やかな、「強く締め付けられていない(制限・束縛されていない)様子や状態」を指す◆余裕があるさま、豊かなさま◆すぐ・; 越:◆行く手(ゆくて)を阻(はば)んでいるものの上を跨(また)ぐようにしてその先に行く、区切りや障害となっているものの先に行く、同「逾」◆度(ど、区切り・限度・程度
kk_元年_がんねん,元年,がんねん,元:◆物事の発端(ホッタン)、起源、始まり、「元年(ガンネン)」◆物事の基(もと)となるもの、根本(コンポン)◆物事の先頭にあるもの、頭(かしら)、「元首(ゲンシュ; 年:◆穀物が稔(みの)る、同「秊」◆農作物を収穫してから次の収穫期までの期間、四季(二十四節気)を一巡する期間、year◆誕生してから生きてその誕生日を通り過ぎた回,N1,on,on+on,,元:◆物事の発端(ホッタン)、起源、始まり、「元年(ガンネン)」◆物事の基(もと)となるもの、根本(コンポン)◆物事の先頭にあるもの、頭(かしら)、「元首(ゲンシュ; 年:◆穀物が稔(みの)る、同「秊」◆農作物を収穫してから次の収穫期までの期間、四季(二十四節気)を一巡する期間、year◆誕生してから生きてその誕生日を通り過ぎた回
kk_元来_がんらい,元来,がんらい,元:◆物事の発端(ホッタン)、起源、始まり、「元年(ガンネン)」◆物事の基(もと)となるもの、根本(コンポン)◆物事の先頭にあるもの、頭(かしら)、「元首(ゲンシュ; 来:◆(人や時間や物事が)向こうからこちらに近づく、「到来(トウライ)」、同「倈」「徠」「逨」「𧼛」◆招き寄せる、「こちらに来させる」の意◆ある時点から今まで、今に,N1,on,on+on,B_noun_rad_木(kun 93%),元:◆物事の発端(ホッタン)、起源、始まり、「元年(ガンネン)」◆物事の基(もと)となるもの、根本(コンポン)◆物事の先頭にあるもの、頭(かしら)、「元首(ゲンシュ; 来:◆(人や時間や物事が)向こうからこちらに近づく、「到来(トウライ)」、同「倈」「徠」「逨」「𧼛」◆招き寄せる、「こちらに来させる」の意◆ある時点から今まで、今に
kk_元首_げんしゅ,元首,げんしゅ,元:◆物事の発端(ホッタン)、起源、始まり、「元年(ガンネン)」◆物事の基(もと)となるもの、根本(コンポン)◆物事の先頭にあるもの、頭(かしら)、「元首(ゲンシュ; 首:◆頭と頭を支える部分、多く「頭を支える部分」の意で用いられるが、本来は頭と頸(くび、頭と胴の間にあって頭を支える部分)を合わせた部分を指す、「首級(シュキュウ、,N1,on,on+on,A3_short_compound(on+on 71%),元:◆物事の発端(ホッタン)、起源、始まり、「元年(ガンネン)」◆物事の基(もと)となるもの、根本(コンポン)◆物事の先頭にあるもの、頭(かしら)、「元首(ゲンシュ; 首:◆頭と頭を支える部分、多く「頭を支える部分」の意で用いられるが、本来は頭と頸(くび、頭と胴の間にあって頭を支える部分)を合わせた部分を指す、「首級(シュキュウ、
kk_兆し_きざし,兆し,きざし,兆:◆亀の甲羅を焼いた時の割れ目の形、その形で吉凶を占う◆前触れや気配、ことが起こる前に表れる現象◆墓地◆日本・台湾・韓国では一億の一万倍 、古くは百万(一万の百倍,N1,kun,kun,IL1_okurigana(kun 96%) | IL2_single_okuri(kun 96%),兆:◆亀の甲羅を焼いた時の割れ目の形、その形で吉凶を占う◆前触れや気配、ことが起こる前に表れる現象◆墓地◆日本・台湾・韓国では一億の一万倍 、古くは百万(一万の百倍
kk_先代_せんだい,先代,せんだい,先:◆基準になる位置や時間よりも前、同「前」、逆は「後」◆前に向かって進む、またその方向、同「前」◆以前、時間的に過去の方向◆ま・ず、最初に、～の前に; 代:◆替(か)える、それまでのもの(今あるもの)を別のものに替える、入れ替える、また入れ替わる◆同じ家主や国主がその地位にある期間、同じ種(シュ、起源を同じにするも,N1,on,on+on,,先:◆基準になる位置や時間よりも前、同「前」、逆は「後」◆前に向かって進む、またその方向、同「前」◆以前、時間的に過去の方向◆ま・ず、最初に、～の前に; 代:◆替(か)える、それまでのもの(今あるもの)を別のものに替える、入れ替える、また入れ替わる◆同じ家主や国主がその地位にある期間、同じ種(シュ、起源を同じにするも
kk_先入観_せんにゅうかん,先入観,せんにゅうかん,先:◆基準になる位置や時間よりも前、同「前」、逆は「後」◆前に向かって進む、またその方向、同「前」◆以前、時間的に過去の方向◆ま・ず、最初に、～の前に; 入:◆範囲・領域・組織や区切り・境界の外(外側、外部、表側、向こう側、公のところ)から内(内側、内部、裏側、こちら側、私的なところ)に移る、また移す、内から外へ移る; 観:◆隅々までしっかりと見る、余すところなく見尽くす、「觀察(カンサツ、細部まで詳しく見て調べる)」、「【說文解字注:見部:觀】諦視也(宷諦之視也穀梁傳曰常事曰視非,N1,on,on+on+on,A4_multi_on(on+on+on 65%),先:◆基準になる位置や時間よりも前、同「前」、逆は「後」◆前に向かって進む、またその方向、同「前」◆以前、時間的に過去の方向◆ま・ず、最初に、～の前に; 入:◆範囲・領域・組織や区切り・境界の外(外側、外部、表側、向こう側、公のところ)から内(内側、内部、裏側、こちら側、私的なところ)に移る、また移す、内から外へ移る; 観:◆隅々までしっかりと見る、余すところなく見尽くす、「觀察(カンサツ、細部まで詳しく見て調べる)」、「【說文解字注:見部:觀】諦視也(宷諦之視也穀梁傳曰常事曰視非
kk_先天的_せんてんてき,先天的,せんてんてき,先:◆基準になる位置や時間よりも前、同「前」、逆は「後」◆前に向かって進む、またその方向、同「前」◆以前、時間的に過去の方向◆ま・ず、最初に、～の前に; 天:◆軽い陽気が(上に浮き)集まるところ、重い陰気が(下に沈み)集まるところを「地(チ)」、「【說文解字注:土部:地】元气初分輕清陽爲天重濁侌爲地萬物所陳𠛱也…」◆; 的:◆弓で矢を射(い)る時の目標とするもの、同「㢩」「墑」◆額(ひたい)の部分だけが白い馬、またその額の白い部分、女性が額に施(ほどこ)す(赤い点状の)装飾◆(弓の,N1,on,on+on+on,A4_multi_on(on+on+on 65%),先:◆基準になる位置や時間よりも前、同「前」、逆は「後」◆前に向かって進む、またその方向、同「前」◆以前、時間的に過去の方向◆ま・ず、最初に、～の前に; 天:◆軽い陽気が(上に浮き)集まるところ、重い陰気が(下に沈み)集まるところを「地(チ)」、「【說文解字注:土部:地】元气初分輕清陽爲天重濁侌爲地萬物所陳𠛱也…」◆; 的:◆弓で矢を射(い)る時の目標とするもの、同「㢩」「墑」◆額(ひたい)の部分だけが白い馬、またその額の白い部分、女性が額に施(ほどこ)す(赤い点状の)装飾◆(弓の
kk_先方_せんぽう,先方,せんぽう,先:◆基準になる位置や時間よりも前、同「前」、逆は「後」◆前に向かって進む、またその方向、同「前」◆以前、時間的に過去の方向◆ま・ず、最初に、～の前に; 方:◆四角、四角いさま、角(かど)が直角になっているさま、「方形(ホウケイ)」◆数学で二つの数を掛け合わせた数(正方形・長方形の一つの角を成す二辺を掛け合わせた数),N1,other,mixed+mixed~,,先:◆基準になる位置や時間よりも前、同「前」、逆は「後」◆前に向かって進む、またその方向、同「前」◆以前、時間的に過去の方向◆ま・ず、最初に、～の前に; 方:◆四角、四角いさま、角(かど)が直角になっているさま、「方形(ホウケイ)」◆数学で二つの数を掛け合わせた数(正方形・長方形の一つの角を成す二辺を掛け合わせた数)
kk_先決_せんけつ,先決,せんけつ,先:◆基準になる位置や時間よりも前、同「前」、逆は「後」◆前に向かって進む、またその方向、同「前」◆以前、時間的に過去の方向◆ま・ず、最初に、～の前に; 決:◆堤(つつみ)などが破(やぶ)れる、また(堤防などが破れて)水が流れ出る◆破る、突き破る◆(妨げとなっている物や事を突き破って、押し退けて)きっぱりと、「決断(,N1,on,on+on,,先:◆基準になる位置や時間よりも前、同「前」、逆は「後」◆前に向かって進む、またその方向、同「前」◆以前、時間的に過去の方向◆ま・ず、最初に、～の前に; 決:◆堤(つつみ)などが破(やぶ)れる、また(堤防などが破れて)水が流れ出る◆破る、突き破る◆(妨げとなっている物や事を突き破って、押し退けて)きっぱりと、「決断(
kk_先行_せんこう,先行,せんこう,先:◆基準になる位置や時間よりも前、同「前」、逆は「後」◆前に向かって進む、またその方向、同「前」◆以前、時間的に過去の方向◆ま・ず、最初に、～の前に; 行:◆左足を前に出し(彳)次に右足を前に出す(亍)、足を交互に動かして前に進む◆目的とするところに向かって進む◆遠くに出掛ける、旅に出る◆道、人が往来する道路、同「,N1,on,on+on,,先:◆基準になる位置や時間よりも前、同「前」、逆は「後」◆前に向かって進む、またその方向、同「前」◆以前、時間的に過去の方向◆ま・ず、最初に、～の前に; 行:◆左足を前に出し(彳)次に右足を前に出す(亍)、足を交互に動かして前に進む◆目的とするところに向かって進む◆遠くに出掛ける、旅に出る◆道、人が往来する道路、同「
kk_先送り_さきおくり,先送り,さきおくり,先:◆基準になる位置や時間よりも前、同「前」、逆は「後」◆前に向かって進む、またその方向、同「前」◆以前、時間的に過去の方向◆ま・ず、最初に、～の前に; 送:◆行く人(別れる人、帰る人、旅立つ人、亡くなった人など)と途中まで同道する、出向いて行って迎えるのは「迎」◆ものを目的地へ運び届ける◆贈(おく)る、遣(つか)わ,N1,kun,kun+kun,IL1_okurigana(kun 96%) | A1_compound_oku(kun 90%) | A1_on_kun_mix(on+kun 65%),先:◆基準になる位置や時間よりも前、同「前」、逆は「後」◆前に向かって進む、またその方向、同「前」◆以前、時間的に過去の方向◆ま・ず、最初に、～の前に; 送:◆行く人(別れる人、帰る人、旅立つ人、亡くなった人など)と途中まで同道する、出向いて行って迎えるのは「迎」◆ものを目的地へ運び届ける◆贈(おく)る、遣(つか)わ
kk_先達て_せんだって,先達て,せんだって,先:◆基準になる位置や時間よりも前、同「前」、逆は「後」◆前に向かって進む、またその方向、同「前」◆以前、時間的に過去の方向◆ま・ず、最初に、～の前に; 達:◆道が滞(とどこお)ることなく通じる◆目的とするところまで行き着く、また届く◆目標としたことを成し遂げる◆物事の奥深くまで通じる、また理解する◆[日]だち、たち,N1,on,mixed+on~,IL1_okurigana(kun 96%) | A1_compound_oku(kun 90%) | A1_on_kun_mix(on+kun 65%),先:◆基準になる位置や時間よりも前、同「前」、逆は「後」◆前に向かって進む、またその方向、同「前」◆以前、時間的に過去の方向◆ま・ず、最初に、～の前に; 達:◆道が滞(とどこお)ることなく通じる◆目的とするところまで行き着く、また届く◆目標としたことを成し遂げる◆物事の奥深くまで通じる、また理解する◆[日]だち、たち
kk_光沢_こうたく,光沢,こうたく,光:◆明かるく輝(かがや)く、きらきらと輝(かがや)く◆辺りを明るく照らすさま、同「炚」「炛」◆(光り輝き)美しい◆景色(ケシキ)、「風光(フウコウ)」◆(四方に光; 沢:◆水の近くの草が生い茂った湿地◆表面が滑らかできらきらと光るさま、水分を含んで艶々(つやつや)しているさま、同「㚖」◆潤(うるお)う、恵(めぐ)み、「潤沢(ジュ,N1,on,on+on,,光:◆明かるく輝(かがや)く、きらきらと輝(かがや)く◆辺りを明るく照らすさま、同「炚」「炛」◆(光り輝き)美しい◆景色(ケシキ)、「風光(フウコウ)」◆(四方に光; 沢:◆水の近くの草が生い茂った湿地◆表面が滑らかできらきらと光るさま、水分を含んで艶々(つやつや)しているさま、同「㚖」◆潤(うるお)う、恵(めぐ)み、「潤沢(ジュ
kk_光熱費_こうねつひ,光熱費,こうねつひ,光:◆明かるく輝(かがや)く、きらきらと輝(かがや)く◆辺りを明るく照らすさま、同「炚」「炛」◆(光り輝き)美しい◆景色(ケシキ)、「風光(フウコウ)」◆(四方に光; 熱:◆火に温められて立ち昇る温気や蒸気◆火に当たって温度が高くなる、太陽の熱によって気温が上がるのは「暑」◆火照(ほて)る◆盛んになる、夢中になる; 費:◆金銭・品物・労力などを使う、時間・手間などがかかる◆ものなどを買うために用いる金銭、「費用(ヒヨウ)」◆使い減らす、「浪費(ロウヒ)」◆魯ロ国(前11世紀～前,N1,on,on+on+on,A4_multi_on(on+on+on 65%),光:◆明かるく輝(かがや)く、きらきらと輝(かがや)く◆辺りを明るく照らすさま、同「炚」「炛」◆(光り輝き)美しい◆景色(ケシキ)、「風光(フウコウ)」◆(四方に光; 熱:◆火に温められて立ち昇る温気や蒸気◆火に当たって温度が高くなる、太陽の熱によって気温が上がるのは「暑」◆火照(ほて)る◆盛んになる、夢中になる; 費:◆金銭・品物・労力などを使う、時間・手間などがかかる◆ものなどを買うために用いる金銭、「費用(ヒヨウ)」◆使い減らす、「浪費(ロウヒ)」◆魯ロ国(前11世紀～前
kk_克明_こくめい,克明,こくめい,克:◆背負ったもの(為すべきこと)によく耐える、耐え抜く◆(困難なことを)乗り越え成し遂げる、打ち勝つ、同「剋」◆能(よ)くする、十分に(或いは上手に)～することが; 明:◆(太陽や月の)光が差す、光が当たる、光を当てる◆光が当たってはっきりと見える(分かる)、誰の目にもはっきりとしている、はっきりとさせる◆隠されたところ(陰にな,N1,on,on+on,,克:◆背負ったもの(為すべきこと)によく耐える、耐え抜く◆(困難なことを)乗り越え成し遂げる、打ち勝つ、同「剋」◆能(よ)くする、十分に(或いは上手に)～することが; 明:◆(太陽や月の)光が差す、光が当たる、光を当てる◆光が当たってはっきりと見える(分かる)、誰の目にもはっきりとしている、はっきりとさせる◆隠されたところ(陰にな
kk_免じいる_めんじる,免じいる,めんじる,免:◆取り除く、取り去る◆身に着けているものを脱(ぬ)ぐ◆逃(のが)れる、負うべき役目や義務などを負わずに済む、災いなどに遇わず済む◆許(ゆる)す、赦(ゆる)す、見,N1,on,on,IL1_okurigana(kun 96%) | IL2_single_okuri(kun 96%),免:◆取り除く、取り去る◆身に着けているものを脱(ぬ)ぐ◆逃(のが)れる、負うべき役目や義務などを負わずに済む、災いなどに遇わず済む◆許(ゆる)す、赦(ゆる)す、見
kk_免れる/まぬかれる_まぬがれる,免れる/まぬかれる,まぬがれる,免:◆取り除く、取り去る◆身に着けているものを脱(ぬ)ぐ◆逃(のが)れる、負うべき役目や義務などを負わずに済む、災いなどに遇わず済む◆許(ゆる)す、赦(ゆる)す、見,N1,other,unknown,IL1_okurigana(kun 96%) | IL2_single_okuri(kun 96%),免:◆取り除く、取り去る◆身に着けているものを脱(ぬ)ぐ◆逃(のが)れる、負うべき役目や義務などを負わずに済む、災いなどに遇わず済む◆許(ゆる)す、赦(ゆる)す、見
kk_免除_めんじょ,免除,めんじょ,免:◆取り除く、取り去る◆身に着けているものを脱(ぬ)ぐ◆逃(のが)れる、負うべき役目や義務などを負わずに済む、災いなどに遇わず済む◆許(ゆる)す、赦(ゆる)す、見; 除:◆そこにあるものを押し退(の)ける、押し退けて場所をあける◆取り払う、取り去る◆それまでの官職を解(と)いて新しい官職に就(つ)ける、「除官(ジョカン)」◆それ,N1,on,on+on,A3_short_compound(on+on 71%),免:◆取り除く、取り去る◆身に着けているものを脱(ぬ)ぐ◆逃(のが)れる、負うべき役目や義務などを負わずに済む、災いなどに遇わず済む◆許(ゆる)す、赦(ゆる)す、見; 除:◆そこにあるものを押し退(の)ける、押し退けて場所をあける◆取り払う、取り去る◆それまでの官職を解(と)いて新しい官職に就(つ)ける、「除官(ジョカン)」◆それ
kk_入り_いり,入り,いり,入:◆範囲・領域・組織や区切り・境界の外(外側、外部、表側、向こう側、公のところ)から内(内側、内部、裏側、こちら側、私的なところ)に移る、また移す、内から外へ移る,N1,kun,kun,IL1_okurigana(kun 96%) | IL2_single_okuri(kun 96%),入:◆範囲・領域・組織や区切り・境界の外(外側、外部、表側、向こう側、公のところ)から内(内側、内部、裏側、こちら側、私的なところ)に移る、また移す、内から外へ移る
kk_入り用_いりよう,入り用,いりよう,入:◆範囲・領域・組織や区切り・境界の外(外側、外部、表側、向こう側、公のところ)から内(内側、内部、裏側、こちら側、私的なところ)に移る、また移す、内から外へ移る; 用:◆人や物、或いはその特性や能力を使う、また使ってあることを行う、また役立たせる◆働かせる、発揮させる、またそのために必要な特性・能力・金銭など◆以(もっ)て◆[,N1,mixed,kun+on~,IL1_okurigana(kun 96%) | A1_compound_oku(kun 90%) | A1_on_kun_mix(on+kun 65%),入:◆範囲・領域・組織や区切り・境界の外(外側、外部、表側、向こう側、公のところ)から内(内側、内部、裏側、こちら側、私的なところ)に移る、また移す、内から外へ移る; 用:◆人や物、或いはその特性や能力を使う、また使ってあることを行う、また役立たせる◆働かせる、発揮させる、またそのために必要な特性・能力・金銭など◆以(もっ)て◆[
kk_入居_にゅうきょ,入居,にゅうきょ,入:◆範囲・領域・組織や区切り・境界の外(外側、外部、表側、向こう側、公のところ)から内(内側、内部、裏側、こちら側、私的なところ)に移る、また移す、内から外へ移る; 居:◆座る、腰を据(す)える、腰を落ち着ける、またその場所◆長く腰を落ち着けて住む、住まい◆一定の場所を占める、存在する◆貯(たくわ)える、得たものを置いておく,N1,on,on+on,A3_short_compound(on+on 71%),入:◆範囲・領域・組織や区切り・境界の外(外側、外部、表側、向こう側、公のところ)から内(内側、内部、裏側、こちら側、私的なところ)に移る、また移す、内から外へ移る; 居:◆座る、腰を据(す)える、腰を落ち着ける、またその場所◆長く腰を落ち着けて住む、住まい◆一定の場所を占める、存在する◆貯(たくわ)える、得たものを置いておく
kk_入手_にゅうしゅ,入手,にゅうしゅ,入:◆範囲・領域・組織や区切り・境界の外(外側、外部、表側、向こう側、公のところ)から内(内側、内部、裏側、こちら側、私的なところ)に移る、また移す、内から外へ移る; 手:◆体や物体の一部で、胴から分かれ出て伸び、持つ・握る・叩く・ものを作る・操作するなどの機能を持つ部分、掌(たなごころ)と指を合わせた全体、腕の先の部分 ◆自(み,N1,on,on+on,A3_short_compound(on+on 71%) | B_verb_rad_手(kun 80%),入:◆範囲・領域・組織や区切り・境界の外(外側、外部、表側、向こう側、公のところ)から内(内側、内部、裏側、こちら側、私的なところ)に移る、また移す、内から外へ移る; 手:◆体や物体の一部で、胴から分かれ出て伸び、持つ・握る・叩く・ものを作る・操作するなどの機能を持つ部分、掌(たなごころ)と指を合わせた全体、腕の先の部分 ◆自(み
kk_入浴_にゅうよく,入浴,にゅうよく,入:◆範囲・領域・組織や区切り・境界の外(外側、外部、表側、向こう側、公のところ)から内(内側、内部、裏側、こちら側、私的なところ)に移る、また移す、内から外へ移る; 浴:◆水や湯に体を入れる、また入って体を洗う◆水や湯を上から体に掛ける◆身に受ける、蒙(こうむ)る,N1,on,on+on,,入:◆範囲・領域・組織や区切り・境界の外(外側、外部、表側、向こう側、公のところ)から内(内側、内部、裏側、こちら側、私的なところ)に移る、また移す、内から外へ移る; 浴:◆水や湯に体を入れる、また入って体を洗う◆水や湯を上から体に掛ける◆身に受ける、蒙(こうむ)る
kk_入荷_にゅうか,入荷,にゅうか,入:◆範囲・領域・組織や区切り・境界の外(外側、外部、表側、向こう側、公のところ)から内(内側、内部、裏側、こちら側、私的なところ)に移る、また移す、内から外へ移る; 荷:◆ハス(蓮)、ハス科ハス属の水草、ハスの花・実・茎・根茎など全体を指す、別名「芙蕖(フキョ)」、「【爾雅注疏:釋草】荷芙渠(…)其莖茄其葉蕸其本蔤(《注》莖下白,N1,on,on+on,A3_short_compound(on+on 71%),入:◆範囲・領域・組織や区切り・境界の外(外側、外部、表側、向こう側、公のところ)から内(内側、内部、裏側、こちら側、私的なところ)に移る、また移す、内から外へ移る; 荷:◆ハス(蓮)、ハス科ハス属の水草、ハスの花・実・茎・根茎など全体を指す、別名「芙蕖(フキョ)」、「【爾雅注疏:釋草】荷芙渠(…)其莖茄其葉蕸其本蔤(《注》莖下白
kk_入賞_にゅうしょう,入賞,にゅうしょう,入:◆範囲・領域・組織や区切り・境界の外(外側、外部、表側、向こう側、公のところ)から内(内側、内部、裏側、こちら側、私的なところ)に移る、また移す、内から外へ移る; 賞:◆優れた働きをした者を褒め称える、またその者に金品を与える◆愛(め)でる、愛(め)で楽しむ,N1,on,on+on,,入:◆範囲・領域・組織や区切り・境界の外(外側、外部、表側、向こう側、公のところ)から内(内側、内部、裏側、こちら側、私的なところ)に移る、また移す、内から外へ移る; 賞:◆優れた働きをした者を褒め称える、またその者に金品を与える◆愛(め)でる、愛(め)で楽しむ
kk_全うする_まっとうする,全うする,まっとうする,全:◆すべ・て、欠点・瑕疵や不備・不足がない、余すところがない◆まった・く、まっと・う、余すところなく、漏れなく、残らず、すっかり,N1,other,unknown,IL1_okurigana(kun 96%) | IL2_single_okuri(kun 96%),全:◆すべ・て、欠点・瑕疵や不備・不足がない、余すところがない◆まった・く、まっと・う、余すところなく、漏れなく、残らず、すっかり
kk_全域_ぜんいき,全域,ぜんいき,全:◆すべ・て、欠点・瑕疵や不備・不足がない、余すところがない◆まった・く、まっと・う、余すところなく、漏れなく、残らず、すっかり; 域:◆境界、区切り◆境界の内側、周りを囲った内側、範囲◆邦(くに)、領土、国土,N1,on,on+on,,全:◆すべ・て、欠点・瑕疵や不備・不足がない、余すところがない◆まった・く、まっと・う、余すところなく、漏れなく、残らず、すっかり; 域:◆境界、区切り◆境界の内側、周りを囲った内側、範囲◆邦(くに)、領土、国土
kk_全快_ぜんかい,全快,ぜんかい,全:◆すべ・て、欠点・瑕疵や不備・不足がない、余すところがない◆まった・く、まっと・う、余すところなく、漏れなく、残らず、すっかり; 快:◆こころよ・い、心がすっきりする、心地がよい、気持ちがよい、「爽快(ソウカイ)」◆すっきりとするさま、さっぱりとしたさま、すっぱりとしたさま◆動きが速い,N1,on,on+on,,全:◆すべ・て、欠点・瑕疵や不備・不足がない、余すところがない◆まった・く、まっと・う、余すところなく、漏れなく、残らず、すっかり; 快:◆こころよ・い、心がすっきりする、心地がよい、気持ちがよい、「爽快(ソウカイ)」◆すっきりとするさま、さっぱりとしたさま、すっぱりとしたさま◆動きが速い
kk_全滅_ぜんめつ,全滅,ぜんめつ,全:◆すべ・て、欠点・瑕疵や不備・不足がない、余すところがない◆まった・く、まっと・う、余すところなく、漏れなく、残らず、すっかり; 滅:◆火や明かりが消える、消える、尽きる、なくなる、同「烕」「𤇳」◆消す、なくする、退治する、同「烕」,N1,on,on+on,,全:◆すべ・て、欠点・瑕疵や不備・不足がない、余すところがない◆まった・く、まっと・う、余すところなく、漏れなく、残らず、すっかり; 滅:◆火や明かりが消える、消える、尽きる、なくなる、同「烕」「𤇳」◆消す、なくする、退治する、同「烕」
kk_全盛_ぜんせい,全盛,ぜんせい,全:◆すべ・て、欠点・瑕疵や不備・不足がない、余すところがない◆まった・く、まっと・う、余すところなく、漏れなく、残らず、すっかり; 盛:◆器(うつわ)に山のようにものを入れる、山のように積み上げる、これ以上は入らないという程に入れる◆一杯になるさま、満ち溢(あふ)れるさま、豊かなさま◆力や勢いが,N1,on,on+on,,全:◆すべ・て、欠点・瑕疵や不備・不足がない、余すところがない◆まった・く、まっと・う、余すところなく、漏れなく、残らず、すっかり; 盛:◆器(うつわ)に山のようにものを入れる、山のように積み上げる、これ以上は入らないという程に入れる◆一杯になるさま、満ち溢(あふ)れるさま、豊かなさま◆力や勢いが
kk_全盛期_ぜんせいき,全盛期,ぜんせいき,全:◆すべ・て、欠点・瑕疵や不備・不足がない、余すところがない◆まった・く、まっと・う、余すところなく、漏れなく、残らず、すっかり; 盛:◆器(うつわ)に山のようにものを入れる、山のように積み上げる、これ以上は入らないという程に入れる◆一杯になるさま、満ち溢(あふ)れるさま、豊かなさま◆力や勢いが; 期:◆予定されている(約束されている)時(とき、時期、時間)、「時期(ジキ)」「期間(キカン、二つの時の間、始めの時から終わりの時までの間)」◆決められた時(時期、,N1,on,on+on+on,A4_multi_on(on+on+on 65%),全:◆すべ・て、欠点・瑕疵や不備・不足がない、余すところがない◆まった・く、まっと・う、余すところなく、漏れなく、残らず、すっかり; 盛:◆器(うつわ)に山のようにものを入れる、山のように積み上げる、これ以上は入らないという程に入れる◆一杯になるさま、満ち溢(あふ)れるさま、豊かなさま◆力や勢いが; 期:◆予定されている(約束されている)時(とき、時期、時間)、「時期(ジキ)」「期間(キカン、二つの時の間、始めの時から終わりの時までの間)」◆決められた時(時期、
kk_全額_ぜんがく,全額,ぜんがく,全:◆すべ・て、欠点・瑕疵や不備・不足がない、余すところがない◆まった・く、まっと・う、余すところなく、漏れなく、残らず、すっかり; 額:◆髪の生え際から眉の上まで部分、顔の目より上の部分◆建物の正面入口や門の上部中央に掲げる平板、額(ひたい、顔の上部)と同じような位置に掲げることから◆予(あらか,N1,on,on+on,,全:◆すべ・て、欠点・瑕疵や不備・不足がない、余すところがない◆まった・く、まっと・う、余すところなく、漏れなく、残らず、すっかり; 額:◆髪の生え際から眉の上まで部分、顔の目より上の部分◆建物の正面入口や門の上部中央に掲げる平板、額(ひたい、顔の上部)と同じような位置に掲げることから◆予(あらか
kk_公_おおやけ,公,おおやけ,公:◆私(わたくし)することなく広く平らなさま、偏(かたよ)らないさま、「公平(コウヘイ)」◆私・個人ではなく多くの人の集まり、社会的なこと、「公共(コウキョウ、多,N1,kun,kun,IL2_single_default(kun 84%),公:◆私(わたくし)することなく広く平らなさま、偏(かたよ)らないさま、「公平(コウヘイ)」◆私・個人ではなく多くの人の集まり、社会的なこと、「公共(コウキョウ、多
kk_公募_こうぼ,公募,こうぼ,公:◆私(わたくし)することなく広く平らなさま、偏(かたよ)らないさま、「公平(コウヘイ)」◆私・個人ではなく多くの人の集まり、社会的なこと、「公共(コウキョウ、多; 募:◆広く呼び掛けて参加や金品を求める、「募兵(ボヘイ)」◆[日]ますます強くなる、高じる,N1,on,on+on,A3_short_compound(on+on 71%) | B_verb_rad_力(kun 80%),公:◆私(わたくし)することなく広く平らなさま、偏(かたよ)らないさま、「公平(コウヘイ)」◆私・個人ではなく多くの人の集まり、社会的なこと、「公共(コウキョウ、多; 募:◆広く呼び掛けて参加や金品を求める、「募兵(ボヘイ)」◆[日]ますます強くなる、高じる
kk_公演_こうえん,公演,こうえん,公:◆私(わたくし)することなく広く平らなさま、偏(かたよ)らないさま、「公平(コウヘイ)」◆私・個人ではなく多くの人の集まり、社会的なこと、「公共(コウキョウ、多; 演:◆水がどこまでも伸びて流れる、「涴演(エンエン、川が曲がりくねりながら延々エンエンと流れるさま)」◆広げる、行(ゆ)き渡(わた)らせる◆元(もと)となるもの・元,N1,on,on+on,,公:◆私(わたくし)することなく広く平らなさま、偏(かたよ)らないさま、「公平(コウヘイ)」◆私・個人ではなく多くの人の集まり、社会的なこと、「公共(コウキョウ、多; 演:◆水がどこまでも伸びて流れる、「涴演(エンエン、川が曲がりくねりながら延々エンエンと流れるさま)」◆広げる、行(ゆ)き渡(わた)らせる◆元(もと)となるもの・元
kk_公然_こうぜん,公然,こうぜん,公:◆私(わたくし)することなく広く平らなさま、偏(かたよ)らないさま、「公平(コウヘイ)」◆私・個人ではなく多くの人の集まり、社会的なこと、「公共(コウキョウ、多; 然:◆燃やす、火で焼く、「イヌ(犬、狗)の肉(月)を燃やす(灬)」の意、同「燃」◆～のような、～のように◆しか・も、その上に、それでも◆しか・り、その通り、yes◆,N1,on,on+on,,公:◆私(わたくし)することなく広く平らなさま、偏(かたよ)らないさま、「公平(コウヘイ)」◆私・個人ではなく多くの人の集まり、社会的なこと、「公共(コウキョウ、多; 然:◆燃やす、火で焼く、「イヌ(犬、狗)の肉(月)を燃やす(灬)」の意、同「燃」◆～のような、～のように◆しか・も、その上に、それでも◆しか・り、その通り、yes◆
kk_公用_こうよう,公用,こうよう,公:◆私(わたくし)することなく広く平らなさま、偏(かたよ)らないさま、「公平(コウヘイ)」◆私・個人ではなく多くの人の集まり、社会的なこと、「公共(コウキョウ、多; 用:◆人や物、或いはその特性や能力を使う、また使ってあることを行う、また役立たせる◆働かせる、発揮させる、またそのために必要な特性・能力・金銭など◆以(もっ)て◆[,N1,on,on+on,,公:◆私(わたくし)することなく広く平らなさま、偏(かたよ)らないさま、「公平(コウヘイ)」◆私・個人ではなく多くの人の集まり、社会的なこと、「公共(コウキョウ、多; 用:◆人や物、或いはその特性や能力を使う、また使ってあることを行う、また役立たせる◆働かせる、発揮させる、またそのために必要な特性・能力・金銭など◆以(もっ)て◆[
kk_公認_こうにん,公認,こうにん,公:◆私(わたくし)することなく広く平らなさま、偏(かたよ)らないさま、「公平(コウヘイ)」◆私・個人ではなく多くの人の集まり、社会的なこと、「公共(コウキョウ、多; 認:◆見分ける、それが何かを見定める◆しっかりと見定めて受け入れる、聞き入れる、納得(ナットク)する◆[日]したた・める、整える、(膳を整え)食事をする◆[日]した,N1,on,on+on,B_verb_rad_言(kun 80%),公:◆私(わたくし)することなく広く平らなさま、偏(かたよ)らないさま、「公平(コウヘイ)」◆私・個人ではなく多くの人の集まり、社会的なこと、「公共(コウキョウ、多; 認:◆見分ける、それが何かを見定める◆しっかりと見定めて受け入れる、聞き入れる、納得(ナットク)する◆[日]したた・める、整える、(膳を整え)食事をする◆[日]した
kk_共存_きょうそん,共存,きょうそん,共:◆両手を胸の前で組む、同「拱」◆両手で物を捧(ささ)げ持つ、恭(うやうや)しく捧げ持つ、同「供」「恭」◆～と一緒に、～と同じに◆一緒に～する◆合わせて、全部で; 存:◆そこに在(あ)る、そこに居(い)る、同「侟」◆ながら･える、保つ、長く保ち続ける◆生きている、「存命(ゾンメイ)」◆無事かどうかを問う、気に掛かっていることを,N1,on,on+on,,共:◆両手を胸の前で組む、同「拱」◆両手で物を捧(ささ)げ持つ、恭(うやうや)しく捧げ持つ、同「供」「恭」◆～と一緒に、～と同じに◆一緒に～する◆合わせて、全部で; 存:◆そこに在(あ)る、そこに居(い)る、同「侟」◆ながら･える、保つ、長く保ち続ける◆生きている、「存命(ゾンメイ)」◆無事かどうかを問う、気に掛かっていることを
kk_共感_きょうかん,共感,きょうかん,共:◆両手を胸の前で組む、同「拱」◆両手で物を捧(ささ)げ持つ、恭(うやうや)しく捧げ持つ、同「供」「恭」◆～と一緒に、～と同じに◆一緒に～する◆合わせて、全部で; 感:◆外部から受けた刺激を知覚する◆外部からの刺激を受けて心や体が反応する、また動く,N1,on,on+on,,共:◆両手を胸の前で組む、同「拱」◆両手で物を捧(ささ)げ持つ、恭(うやうや)しく捧げ持つ、同「供」「恭」◆～と一緒に、～と同じに◆一緒に～する◆合わせて、全部で; 感:◆外部から受けた刺激を知覚する◆外部からの刺激を受けて心や体が反応する、また動く
kk_共鳴_きょうめい,共鳴,きょうめい,共:◆両手を胸の前で組む、同「拱」◆両手で物を捧(ささ)げ持つ、恭(うやうや)しく捧げ持つ、同「供」「恭」◆～と一緒に、～と同じに◆一緒に～する◆合わせて、全部で; 鳴:◆鳥が声を発する、またその声◆鳥・獣(けもの)・昆虫などの発する声、楽器や物などが発する音、またその音がする、またその音が伝わり聞こえて来る,N1,on,on+on,,共:◆両手を胸の前で組む、同「拱」◆両手で物を捧(ささ)げ持つ、恭(うやうや)しく捧げ持つ、同「供」「恭」◆～と一緒に、～と同じに◆一緒に～する◆合わせて、全部で; 鳴:◆鳥が声を発する、またその声◆鳥・獣(けもの)・昆虫などの発する声、楽器や物などが発する音、またその音がする、またその音が伝わり聞こえて来る
kk_其の物_そのもの,其の物,そのもの,其:◆人(その人)や事柄(そのこと、それ)や物(それ)などを指す語、that、it; 物:◆(天地の間に存在する)人以外の形のあるもの、人は「者」、形のないものは「事」,N1,kun,kun+kun~,IL1_okurigana(kun 96%) | A1_compound_oku(kun 90%) | A1_on_kun_mix(on+kun 65%),其:◆人(その人)や事柄(そのこと、それ)や物(それ)などを指す語、that、it; 物:◆(天地の間に存在する)人以外の形のあるもの、人は「者」、形のないものは「事」
kk_其れはさて置き_それはさておき,其れはさて置き,それはさておき,其:◆人(その人)や事柄(そのこと、それ)や物(それ)などを指す語、that、it; 置:◆まっすぐに立てる、動かないように(傾いたり揺らいだり位置や状態が変わったりしないように)しっかりと据(す)える、同「寘」◆設(もう)ける、あるべきところに据え,N1,mixed,on+kun~,IL1_okurigana(kun 96%) | A1_compound_oku(kun 90%) | A1_on_kun_mix(on+kun 65%),其:◆人(その人)や事柄(そのこと、それ)や物(それ)などを指す語、that、it; 置:◆まっすぐに立てる、動かないように(傾いたり揺らいだり位置や状態が変わったりしないように)しっかりと据(す)える、同「寘」◆設(もう)ける、あるべきところに据え
kk_具_ぐ,具,ぐ,具:◆そな・わる、そな・える、必要なものが揃っている、必要なものを揃える◆必要なものが身に付いている◆(食事のための器具、戦うための武具、作業するための道具などの),N1,on,on,IL2_single_default(kun 84%),具:◆そな・わる、そな・える、必要なものが揃っている、必要なものを揃える◆必要なものが身に付いている◆(食事のための器具、戦うための武具、作業するための道具などの)
kk_兼ね備える_かねそなえる,兼ね備える,かねそなえる,兼:◆穀物を両手に握り持つ、穀物(禾)を片手だけに持つのは「秉」、これを二つ並べた「𥡝」の簡略字が「兼」◆か・ねる、幾つかの物事を併(あわ)せる、また併せ持つ◆幾つ; 備:◆必要なものを用意しておく、(いざという時のために)予め揃えておく◆身に付いている、身に具(そな)わる◆つぶさ・に、必要なものは全て、ことごとく,N1,kun,kun+kun~,IL1_okurigana(kun 96%) | A1_compound_oku(kun 90%) | A1_on_kun_mix(on+kun 65%),兼:◆穀物を両手に握り持つ、穀物(禾)を片手だけに持つのは「秉」、これを二つ並べた「𥡝」の簡略字が「兼」◆か・ねる、幾つかの物事を併(あわ)せる、また併せ持つ◆幾つ; 備:◆必要なものを用意しておく、(いざという時のために)予め揃えておく◆身に付いている、身に具(そな)わる◆つぶさ・に、必要なものは全て、ことごとく
kk_兼業_けんぎょう,兼業,けんぎょう,兼:◆穀物を両手に握り持つ、穀物(禾)を片手だけに持つのは「秉」、これを二つ並べた「𥡝」の簡略字が「兼」◆か・ねる、幾つかの物事を併(あわ)せる、また併せ持つ◆幾つ; 業:◆鍾(ショウ)や磬(ケイ)などの打楽器を吊るすための横木(筍)の上の横板、吊るした楽器の位置が演奏中にずれないように凹みや突起がついていたという、「业」はそれを,N1,on,on+on,B_noun_rad_木(kun 93%),兼:◆穀物を両手に握り持つ、穀物(禾)を片手だけに持つのは「秉」、これを二つ並べた「𥡝」の簡略字が「兼」◆か・ねる、幾つかの物事を併(あわ)せる、また併せ持つ◆幾つ; 業:◆鍾(ショウ)や磬(ケイ)などの打楽器を吊るすための横木(筍)の上の横板、吊るした楽器の位置が演奏中にずれないように凹みや突起がついていたという、「业」はそれを
kk_兼用_けんよう,兼用,けんよう,兼:◆穀物を両手に握り持つ、穀物(禾)を片手だけに持つのは「秉」、これを二つ並べた「𥡝」の簡略字が「兼」◆か・ねる、幾つかの物事を併(あわ)せる、また併せ持つ◆幾つ; 用:◆人や物、或いはその特性や能力を使う、また使ってあることを行う、また役立たせる◆働かせる、発揮させる、またそのために必要な特性・能力・金銭など◆以(もっ)て◆[,N1,on,on+on,,兼:◆穀物を両手に握り持つ、穀物(禾)を片手だけに持つのは「秉」、これを二つ並べた「𥡝」の簡略字が「兼」◆か・ねる、幾つかの物事を併(あわ)せる、また併せ持つ◆幾つ; 用:◆人や物、或いはその特性や能力を使う、また使ってあることを行う、また役立たせる◆働かせる、発揮させる、またそのために必要な特性・能力・金銭など◆以(もっ)て◆[
kk_内幕_うちまく,内幕,うちまく,内:◆外から中に入る、入れる◆限られた範囲・領域の中、区切りや境目の中、同「中」◆ある一定の範囲に含まれるもの、囲われたり覆われたりしていて外からは見えないもの、公; 幕:◆上から覆い被(かぶ)せるように張る布、周りを囲うように垂らす布は「帷」「幃」、「【說文解字:巾部:幕】帷在上曰幕覆食案亦曰幕」◆舞台などの左右に開閉する垂れ幕,N1,mixed,kun+on~,B_noun_rad_巾(kun 93%),内:◆外から中に入る、入れる◆限られた範囲・領域の中、区切りや境目の中、同「中」◆ある一定の範囲に含まれるもの、囲われたり覆われたりしていて外からは見えないもの、公; 幕:◆上から覆い被(かぶ)せるように張る布、周りを囲うように垂らす布は「帷」「幃」、「【說文解字:巾部:幕】帷在上曰幕覆食案亦曰幕」◆舞台などの左右に開閉する垂れ幕
kk_内心_ないしん,内心,ないしん,内:◆外から中に入る、入れる◆限られた範囲・領域の中、区切りや境目の中、同「中」◆ある一定の範囲に含まれるもの、囲われたり覆われたりしていて外からは見えないもの、公; 心:◆血液を循環させる働きをする臓器で五臓(心シン・肝カン・脾ヒ・肺ハイ・腎ジン)の一つ ◆ものの真(ま)ん中、真ん中(中心)にあるもの、ものの重要な部分、ものの本,N1,on,on+on,,内:◆外から中に入る、入れる◆限られた範囲・領域の中、区切りや境目の中、同「中」◆ある一定の範囲に含まれるもの、囲われたり覆われたりしていて外からは見えないもの、公; 心:◆血液を循環させる働きをする臓器で五臓(心シン・肝カン・脾ヒ・肺ハイ・腎ジン)の一つ ◆ものの真(ま)ん中、真ん中(中心)にあるもの、ものの重要な部分、ものの本
kk_内気_うちき,内気,うちき,内:◆外から中に入る、入れる◆限られた範囲・領域の中、区切りや境目の中、同「中」◆ある一定の範囲に含まれるもの、囲われたり覆われたりしていて外からは見えないもの、公; 気:◆中国古来の考えで、天地全ての事物の基本要素、目に見えず形状は一定しない、あらゆる事物の生死・盛衰などの変化・変動はこの「気」の移動・集散によるものと考えられた,N1,mixed,kun+on~,A3_short_compound(on+on 71%),内:◆外から中に入る、入れる◆限られた範囲・領域の中、区切りや境目の中、同「中」◆ある一定の範囲に含まれるもの、囲われたり覆われたりしていて外からは見えないもの、公; 気:◆中国古来の考えで、天地全ての事物の基本要素、目に見えず形状は一定しない、あらゆる事物の生死・盛衰などの変化・変動はこの「気」の移動・集散によるものと考えられた
kk_内訳_うちわけ,内訳,うちわけ,内:◆外から中に入る、入れる◆限られた範囲・領域の中、区切りや境目の中、同「中」◆ある一定の範囲に含まれるもの、囲われたり覆われたりしていて外からは見えないもの、公; 訳:◆言葉・文章や文字を、意味が通じるように(理解できるように、分かりやすいように)他の(別の)言葉・文章や文字に置き換える(言い換える)、またそれができる人(通訳,N1,kun,kun+kun~,B_verb_rad_言(kun 80%),内:◆外から中に入る、入れる◆限られた範囲・領域の中、区切りや境目の中、同「中」◆ある一定の範囲に含まれるもの、囲われたり覆われたりしていて外からは見えないもの、公; 訳:◆言葉・文章や文字を、意味が通じるように(理解できるように、分かりやすいように)他の(別の)言葉・文章や文字に置き換える(言い換える)、またそれができる人(通訳
kk_円ら_つぶら,円ら,つぶら,円:◆丸い形、中心から等距離にある全ての点を順に結んだ線が成す形◆丸い、角(かど)がない、尖(とが)ったところがない◆丸くなる、丸く纏(まと)まる、誰にとっても満足,N1,other,unknown,IL1_okurigana(kun 96%) | IL2_single_okuri(kun 96%),円:◆丸い形、中心から等距離にある全ての点を順に結んだ線が成す形◆丸い、角(かど)がない、尖(とが)ったところがない◆丸くなる、丸く纏(まと)まる、誰にとっても満足
kk_円安_えんやす,円安,えんやす,円:◆丸い形、中心から等距離にある全ての点を順に結んだ線が成す形◆丸い、角(かど)がない、尖(とが)ったところがない◆丸くなる、丸く纏(まと)まる、誰にとっても満足; 安:◆心を乱すものも体を縛るものもなく穏(おだ)やかなさま、気に掛かるようなことがなくゆったりとしたさま◆揺(ゆ)らぎや乱れがないさま、落ち着くさま◆いずく・んぞ、,N1,mixed,on+kun~,B_noun_rad_宀(kun 93%),円:◆丸い形、中心から等距離にある全ての点を順に結んだ線が成す形◆丸い、角(かど)がない、尖(とが)ったところがない◆丸くなる、丸く纏(まと)まる、誰にとっても満足; 安:◆心を乱すものも体を縛るものもなく穏(おだ)やかなさま、気に掛かるようなことがなくゆったりとしたさま◆揺(ゆ)らぎや乱れがないさま、落ち着くさま◆いずく・んぞ、
kk_円満_えんまん,円満,えんまん,円:◆丸い形、中心から等距離にある全ての点を順に結んだ線が成す形◆丸い、角(かど)がない、尖(とが)ったところがない◆丸くなる、丸く纏(まと)まる、誰にとっても満足; 満:◆余すところなく一杯になる、これ以上は(それ以上は)入らなくなる、また一杯にする◆ぎっしりと詰まる、また詰める、隙間(すきま)なく埋(う)まる、また埋める、「充,N1,on,on+on,,円:◆丸い形、中心から等距離にある全ての点を順に結んだ線が成す形◆丸い、角(かど)がない、尖(とが)ったところがない◆丸くなる、丸く纏(まと)まる、誰にとっても満足; 満:◆余すところなく一杯になる、これ以上は(それ以上は)入らなくなる、また一杯にする◆ぎっしりと詰まる、また詰める、隙間(すきま)なく埋(う)まる、また埋める、「充
kk_円滑_えんかつ,円滑,えんかつ,円:◆丸い形、中心から等距離にある全ての点を順に結んだ線が成す形◆丸い、角(かど)がない、尖(とが)ったところがない◆丸くなる、丸く纏(まと)まる、誰にとっても満足; 滑:◆凹凸がなくつるつるしている、すべすべしている、ざらざらとしていない◆狡(ずる)い、すばしこい(すばしっこい)、するりと身を躱(かわ)してうまく逃(のが)れる、,N1,on,on+on,,円:◆丸い形、中心から等距離にある全ての点を順に結んだ線が成す形◆丸い、角(かど)がない、尖(とが)ったところがない◆丸くなる、丸く纏(まと)まる、誰にとっても満足; 滑:◆凹凸がなくつるつるしている、すべすべしている、ざらざらとしていない◆狡(ずる)い、すばしこい(すばしっこい)、するりと身を躱(かわ)してうまく逃(のが)れる、
kk_円高_えんだか,円高,えんだか,円:◆丸い形、中心から等距離にある全ての点を順に結んだ線が成す形◆丸い、角(かど)がない、尖(とが)ったところがない◆丸くなる、丸く纏(まと)まる、誰にとっても満足; 高:◆上下の方向で上の方、標準的・平均的な程度よりも上にある◆幾つかのものを比べた時に上にある、また優(すぐ)れている、また尊(とうと)い◆標準・基準や想定・期待を,N1,other,mixed+mixed~,,円:◆丸い形、中心から等距離にある全ての点を順に結んだ線が成す形◆丸い、角(かど)がない、尖(とが)ったところがない◆丸くなる、丸く纏(まと)まる、誰にとっても満足; 高:◆上下の方向で上の方、標準的・平均的な程度よりも上にある◆幾つかのものを比べた時に上にある、また優(すぐ)れている、また尊(とうと)い◆標準・基準や想定・期待を
kk_再建_さいけん,再建,さいけん,再:◆同じことが更にもう一度繰り返される、もう一度、二度、二回、二重; 建:◆(建造物を)しっかりと立てる、造(つく)る、作り上げる◆(法律などを)しっかりと定める◆意見を申し立てる◆北斗七星の柄(え)の指す方向、「建寅(ケンイン、夏暦,N1,on,on+on,,再:◆同じことが更にもう一度繰り返される、もう一度、二度、二回、二重; 建:◆(建造物を)しっかりと立てる、造(つく)る、作り上げる◆(法律などを)しっかりと定める◆意見を申し立てる◆北斗七星の柄(え)の指す方向、「建寅(ケンイン、夏暦
kk_再現_さいげん,再現,さいげん,再:◆同じことが更にもう一度繰り返される、もう一度、二度、二回、二重; 現:◆それまで見えなかったものが見えるようになる、隠れていたものが表に出てくる◆目の前の、目の前にある、実際の、実際にそこにある◆今の、今ここにある,N1,on,on+on,,再:◆同じことが更にもう一度繰り返される、もう一度、二度、二回、二重; 現:◆それまで見えなかったものが見えるようになる、隠れていたものが表に出てくる◆目の前の、目の前にある、実際の、実際にそこにある◆今の、今ここにある
kk_再生_さいせい,再生,さいせい,再:◆同じことが更にもう一度繰り返される、もう一度、二度、二回、二重; 生:◆う・まれる、それまでになかった新しいものが現れ出る、また新しいことが起こる◆い・きる、成長し活動できる状態で存在する、またその状態◆なま、現れ出た時のそのまま,N1,on,on+on,,再:◆同じことが更にもう一度繰り返される、もう一度、二度、二回、二重; 生:◆う・まれる、それまでになかった新しいものが現れ出る、また新しいことが起こる◆い・きる、成長し活動できる状態で存在する、またその状態◆なま、現れ出た時のそのまま
kk_再発_さいはつ,再発,さいはつ,再:◆同じことが更にもう一度繰り返される、もう一度、二度、二回、二重; 発:◆矢を放つ、外(離れて行く方向)に向かって勢いよく飛び出る◆動いていなかったものが勢いよく動き出す、物事が動き出す、物事が始まる、行動を起こす◆隠れていたものが,N1,on,on+on,,再:◆同じことが更にもう一度繰り返される、もう一度、二度、二回、二重; 発:◆矢を放つ、外(離れて行く方向)に向かって勢いよく飛び出る◆動いていなかったものが勢いよく動き出す、物事が動き出す、物事が始まる、行動を起こす◆隠れていたものが
kk_冒す_おかす,冒す,おかす,冒:◆覆(おお)う、上から覆い被(かぶ)さる◆目の前が覆われていて暗い、またはっきりと見えない◆覆っているものや目の前に立ちはだかっているものを押し除(の)ける、ま,N1,kun,kun,IL1_okurigana(kun 96%) | IL2_single_okuri(kun 96%),冒:◆覆(おお)う、上から覆い被(かぶ)さる◆目の前が覆われていて暗い、またはっきりと見えない◆覆っているものや目の前に立ちはだかっているものを押し除(の)ける、ま
kk_冒頭_ぼうとう,冒頭,ぼうとう,冒:◆覆(おお)う、上から覆い被(かぶ)さる◆目の前が覆われていて暗い、またはっきりと見えない◆覆っているものや目の前に立ちはだかっているものを押し除(の)ける、ま; 頭:◆身体の最上部(四足・多足の動物の場合は先端部)、胴体の肩よりも上(先)にある部分 ◆物事の端(はじ)、物事の始まり(先端、最初)や終わり(後端、最終)、「先頭,N1,on,on+on,,冒:◆覆(おお)う、上から覆い被(かぶ)さる◆目の前が覆われていて暗い、またはっきりと見えない◆覆っているものや目の前に立ちはだかっているものを押し除(の)ける、ま; 頭:◆身体の最上部(四足・多足の動物の場合は先端部)、胴体の肩よりも上(先)にある部分 ◆物事の端(はじ)、物事の始まり(先端、最初)や終わり(後端、最終)、「先頭
kk_冠婚葬祭_かんこんそうさい,冠婚葬祭,かんこんそうさい,冠:◆髪を整えその上に被(かぶ)る、髪が解(ほつ)れないように被る◆頭に被るものの総称、帽子状のものや細長い布を巻いて髪をまとめる頭巾(ズキン)などを含む◆ものの頂; 婚:◆娶る(めとる、他家の女性を妻として迎える)、嫁ぐ(とつぐ、他家の男性のところに妻として入る)、夫婦になる、同「昏」、「女昏」は黄昏(たそがれ)時に嫁を迎えて婚; 葬:◆周りから見えないように覆(おお)い隠(かく)す◆死者を他人の目に触れないように隠(かく)す、死者を土に埋める、同「𦽱」¶「葬」は「艸」「死」「艸」の合字で、「,N1,on,on+on+on+on,A4_multi_on(on+on+on+on 65%),冠:◆髪を整えその上に被(かぶ)る、髪が解(ほつ)れないように被る◆頭に被るものの総称、帽子状のものや細長い布を巻いて髪をまとめる頭巾(ズキン)などを含む◆ものの頂; 婚:◆娶る(めとる、他家の女性を妻として迎える)、嫁ぐ(とつぐ、他家の男性のところに妻として入る)、夫婦になる、同「昏」、「女昏」は黄昏(たそがれ)時に嫁を迎えて婚; 葬:◆周りから見えないように覆(おお)い隠(かく)す◆死者を他人の目に触れないように隠(かく)す、死者を土に埋める、同「𦽱」¶「葬」は「艸」「死」「艸」の合字で、「
kk_冬山_ふゆやま,冬山,ふゆやま,"冬:◆四季の第四、一年の最後の季節、新しい一年が始まる前の季節、農暦(ノウレキ)の10月から12月(太陽暦の12月頃から翌年3月頃); 山:◆地面が""△""状に高く盛り上がったところ、またその形や様子◆土を丸く盛り上げた墓◆十二章紋の一つ ◆やま、やまへん、やまかんむり、部首名",N1,kun,kun+kun~,,"冬:◆四季の第四、一年の最後の季節、新しい一年が始まる前の季節、農暦(ノウレキ)の10月から12月(太陽暦の12月頃から翌年3月頃); 山:◆地面が""△""状に高く盛り上がったところ、またその形や様子◆土を丸く盛り上げた墓◆十二章紋の一つ ◆やま、やまへん、やまかんむり、部首名"
kk_冴える_さえる,冴える,さえる,冴:◆こお－る(こほル)、氷がかたくいてつく、こごえるように冷たい、【漢字源:冫部:冴】[†用例が見つけられなかった、「𠖱」がほぼ同義†]◆[日]さ・える、氷のよう,N1,kun,kun,IL1_okurigana(kun 96%) | IL2_single_okuri(kun 96%),冴:◆こお－る(こほル)、氷がかたくいてつく、こごえるように冷たい、【漢字源:冫部:冴】[†用例が見つけられなかった、「𠖱」がほぼ同義†]◆[日]さ・える、氷のよう
kk_冷やかす_ひやかす,冷やかす,ひやかす,冷:◆気温や温度が低い、熱(ネツ)がない、ひんやりする、寒い◆熱(あつ)くない、熱気や熱意がない、関心や興味がない◆氷のように透(す)き通っている,N1,kun,kun,IL1_okurigana(kun 96%) | IL2_single_okuri(kun 96%),冷:◆気温や温度が低い、熱(ネツ)がない、ひんやりする、寒い◆熱(あつ)くない、熱気や熱意がない、関心や興味がない◆氷のように透(す)き通っている
kk_冷夏_れいか,冷夏,れいか,冷:◆気温や温度が低い、熱(ネツ)がない、ひんやりする、寒い◆熱(あつ)くない、熱気や熱意がない、関心や興味がない◆氷のように透(す)き通っている; 夏:◆多くの異民族の中心にあって栄えた国、中国、また中国の人◆大きくものを覆(おお)うさま、盛んなさま◆現河南省西部・山西省南部周辺の黄河流域一帯を支配したとされる,N1,on,on+on,A3_short_compound(on+on 71%),冷:◆気温や温度が低い、熱(ネツ)がない、ひんやりする、寒い◆熱(あつ)くない、熱気や熱意がない、関心や興味がない◆氷のように透(す)き通っている; 夏:◆多くの異民族の中心にあって栄えた国、中国、また中国の人◆大きくものを覆(おお)うさま、盛んなさま◆現河南省西部・山西省南部周辺の黄河流域一帯を支配したとされる
kk_冷害_れいがい,冷害,れいがい,冷:◆気温や温度が低い、熱(ネツ)がない、ひんやりする、寒い◆熱(あつ)くない、熱気や熱意がない、関心や興味がない◆氷のように透(す)き通っている; 害:◆状態を悪くする、損(そこ)なう、傷付ける、妨(さまた)げる、良好な状態とは逆の状態になる◆なぜ、どうして、どうして～しないのか、同「盍」,N1,on,on+on,B_noun_rad_宀(kun 93%),冷:◆気温や温度が低い、熱(ネツ)がない、ひんやりする、寒い◆熱(あつ)くない、熱気や熱意がない、関心や興味がない◆氷のように透(す)き通っている; 害:◆状態を悪くする、損(そこ)なう、傷付ける、妨(さまた)げる、良好な状態とは逆の状態になる◆なぜ、どうして、どうして～しないのか、同「盍」
kk_冷淡_れいたん,冷淡,れいたん,冷:◆気温や温度が低い、熱(ネツ)がない、ひんやりする、寒い◆熱(あつ)くない、熱気や熱意がない、関心や興味がない◆氷のように透(す)き通っている; 淡:◆味や色などが薄い、殆ど味や色などがない◆(とろみがなく、こだわりがなく)さらっとしている、(濃厚でなく、粘り付くようなこともなく)あっさりしている,N1,on,on+on,,冷:◆気温や温度が低い、熱(ネツ)がない、ひんやりする、寒い◆熱(あつ)くない、熱気や熱意がない、関心や興味がない◆氷のように透(す)き通っている; 淡:◆味や色などが薄い、殆ど味や色などがない◆(とろみがなく、こだわりがなく)さらっとしている、(濃厚でなく、粘り付くようなこともなく)あっさりしている
kk_冷酷_れいこく,冷酷,れいこく,冷:◆気温や温度が低い、熱(ネツ)がない、ひんやりする、寒い◆熱(あつ)くない、熱気や熱意がない、関心や興味がない◆氷のように透(す)き通っている; 酷:◆酒の味や臭(にお)いが濃(こ)い、また強い◆度が過ぎる、甚(はなは)だしい、極(きわ)まる、惨(むご)い、惨たらしい◆厳しくする、厳しい仕打(しう)ちをする、,N1,on,on+on,,冷:◆気温や温度が低い、熱(ネツ)がない、ひんやりする、寒い◆熱(あつ)くない、熱気や熱意がない、関心や興味がない◆氷のように透(す)き通っている; 酷:◆酒の味や臭(にお)いが濃(こ)い、また強い◆度が過ぎる、甚(はなは)だしい、極(きわ)まる、惨(むご)い、惨たらしい◆厳しくする、厳しい仕打(しう)ちをする、
kk_凄まじい_すさまじい,凄まじい,すさまじい,凄:◆冷たく寒いさま、冷たさ寒さが甚(はなは)だしいさま、骨身にこたえるさま、同「淒」,N1,kun,kun,IL1_okurigana(kun 96%) | IL2_single_okuri(kun 96%),凄:◆冷たく寒いさま、冷たさ寒さが甚(はなは)だしいさま、骨身にこたえるさま、同「淒」
kk_凌ぐ_しのぐ,凌ぐ,しのぐ,凌:◆氷、「凌室(リョウシツ)」は氷室(ひむろ、氷を貯蔵する部屋)◆乗り越える、乗り越えて行く◆危険や困難を乗り越える、乗り越えて高みに登る、同「陵」◆ぐっと踏み付,N1,kun,kun,IL1_okurigana(kun 96%) | IL2_single_okuri(kun 96%),凌:◆氷、「凌室(リョウシツ)」は氷室(ひむろ、氷を貯蔵する部屋)◆乗り越える、乗り越えて行く◆危険や困難を乗り越える、乗り越えて高みに登る、同「陵」◆ぐっと踏み付
kk_凝らす_こらす,凝らす,こらす,凝:◆(水が)凍る、凍って固まる◆固まって動かない、揺(ゆ)るがない◆一カ所に集める、一点に集中させる,N1,kun,kun,IL1_okurigana(kun 96%) | IL2_single_okuri(kun 96%),凝:◆(水が)凍る、凍って固まる◆固まって動かない、揺(ゆ)るがない◆一カ所に集める、一点に集中させる
kk_凝る_こる,凝る,こる,凝:◆(水が)凍る、凍って固まる◆固まって動かない、揺(ゆ)るがない◆一カ所に集める、一点に集中させる,N1,kun,kun,IL1_okurigana(kun 96%) | IL2_single_okuri(kun 96%),凝:◆(水が)凍る、凍って固まる◆固まって動かない、揺(ゆ)るがない◆一カ所に集める、一点に集中させる
kk_凝固_ぎょうこ,凝固,ぎょうこ,凝:◆(水が)凍る、凍って固まる◆固まって動かない、揺(ゆ)るがない◆一カ所に集める、一点に集中させる; 固:◆(周りを囲まれていて)形・位置・状態が変わらない(変えない)、同じ形・位置・状態が枠内に収まっている(収める)、「固定(コテイ)」◆もと・より、元来(ガンライ,N1,on,on+on,A3_short_compound(on+on 71%),凝:◆(水が)凍る、凍って固まる◆固まって動かない、揺(ゆ)るがない◆一カ所に集める、一点に集中させる; 固:◆(周りを囲まれていて)形・位置・状態が変わらない(変えない)、同じ形・位置・状態が枠内に収まっている(収める)、「固定(コテイ)」◆もと・より、元来(ガンライ
kk_几帳面_きちょうめん,几帳面,きちょうめん,几:◆座って使う小さな机、ものを載(の)せる小さな足付きの台、座った時に肘(ひじ)などを載せて体を凭(もた)れ掛ける脇息(きょうそく)◆幾(いく)つ、幾らか、同繁「; 帳:◆帷(とばり)、目隠しや仕切りなどのために垂らす布、同「幔」「帷」「幬」◆幕を張る◆文字を書き付けるために紙を綴じたもの、ノートnote; 面:◆顔(かお)、頭の目鼻口がある側◆顔を対象(タイショウ、目標や相手)に向ける、また向く◆(顔が)向いている側、向き、向いている方向◆ものの表(おもて)、前(まえ,N1,on,on+on+on,A4_multi_on(on+on+on 65%) | B_noun_rad_巾(kun 93%),几:◆座って使う小さな机、ものを載(の)せる小さな足付きの台、座った時に肘(ひじ)などを載せて体を凭(もた)れ掛ける脇息(きょうそく)◆幾(いく)つ、幾らか、同繁「; 帳:◆帷(とばり)、目隠しや仕切りなどのために垂らす布、同「幔」「帷」「幬」◆幕を張る◆文字を書き付けるために紙を綴じたもの、ノートnote; 面:◆顔(かお)、頭の目鼻口がある側◆顔を対象(タイショウ、目標や相手)に向ける、また向く◆(顔が)向いている側、向き、向いている方向◆ものの表(おもて)、前(まえ
kk_処する_しょする,処する,しょする,処:◆腰を落ち着ける、居(い)る、止(とど)まる、またその場所◆腰を落ち着けて留(とど)まっているさま、「処士(ショシ、能力がありながら出仕しない人))」「処女(シ,N1,on,on,IL1_okurigana(kun 96%) | IL2_single_okuri(kun 96%),処:◆腰を落ち着ける、居(い)る、止(とど)まる、またその場所◆腰を落ち着けて留(とど)まっているさま、「処士(ショシ、能力がありながら出仕しない人))」「処女(シ
kk_処方箋_しょほうせん,処方箋,しょほうせん,処:◆腰を落ち着ける、居(い)る、止(とど)まる、またその場所◆腰を落ち着けて留(とど)まっているさま、「処士(ショシ、能力がありながら出仕しない人))」「処女(シ; 方:◆四角、四角いさま、角(かど)が直角になっているさま、「方形(ホウケイ)」◆数学で二つの数を掛け合わせた数(正方形・長方形の一つの角を成す二辺を掛け合わせた数); 箋:◆書物の表題や注記・覚書(おぼえがき、メモmemo)などを記すために使う小さい札や紙片◆手紙や詩文・書画などを書くために使われる札や用紙、同「牋」◆手紙,N1,on,on+on+on,A4_multi_on(on+on+on 65%) | B_noun_rad_竹(kun 93%),処:◆腰を落ち着ける、居(い)る、止(とど)まる、またその場所◆腰を落ち着けて留(とど)まっているさま、「処士(ショシ、能力がありながら出仕しない人))」「処女(シ; 方:◆四角、四角いさま、角(かど)が直角になっているさま、「方形(ホウケイ)」◆数学で二つの数を掛け合わせた数(正方形・長方形の一つの角を成す二辺を掛け合わせた数); 箋:◆書物の表題や注記・覚書(おぼえがき、メモmemo)などを記すために使う小さい札や紙片◆手紙や詩文・書画などを書くために使われる札や用紙、同「牋」◆手紙
kk_処置_しょち,処置,しょち,処:◆腰を落ち着ける、居(い)る、止(とど)まる、またその場所◆腰を落ち着けて留(とど)まっているさま、「処士(ショシ、能力がありながら出仕しない人))」「処女(シ; 置:◆まっすぐに立てる、動かないように(傾いたり揺らいだり位置や状態が変わったりしないように)しっかりと据(す)える、同「寘」◆設(もう)ける、あるべきところに据え,N1,on,on+on,A3_short_compound(on+on 71%),処:◆腰を落ち着ける、居(い)る、止(とど)まる、またその場所◆腰を落ち着けて留(とど)まっているさま、「処士(ショシ、能力がありながら出仕しない人))」「処女(シ; 置:◆まっすぐに立てる、動かないように(傾いたり揺らいだり位置や状態が変わったりしないように)しっかりと据(す)える、同「寘」◆設(もう)ける、あるべきところに据え
kk_処罰_しょばつ,処罰,しょばつ,処:◆腰を落ち着ける、居(い)る、止(とど)まる、またその場所◆腰を落ち着けて留(とど)まっているさま、「処士(ショシ、能力がありながら出仕しない人))」「処女(シ; 罰:◆軽い悪行に対する懲(こら)らしめ、軽い罪に対する叱責や罰金や鞭打ちなどの仕置(しおき)、重い罪に対するものを「刑」,N1,on,on+on,A3_short_compound(on+on 71%),処:◆腰を落ち着ける、居(い)る、止(とど)まる、またその場所◆腰を落ち着けて留(とど)まっているさま、「処士(ショシ、能力がありながら出仕しない人))」「処女(シ; 罰:◆軽い悪行に対する懲(こら)らしめ、軽い罪に対する叱責や罰金や鞭打ちなどの仕置(しおき)、重い罪に対するものを「刑」
kk_凶作_きょうさく,凶作,きょうさく,凶:◆不幸な、不運な、不吉な、よくない、忌(い)まわしい、逆は「吉」、同「兇」◆農作物のできが悪い◆酷(ひど)い、酷(むご)い、厳(きび)しい◆懼(おそ)れる、不安; 作:◆働(はたらく)く、力や手を加える、為(な)す、「作業(サギョウ)」「作為(サクイ)」◆力や手を加えることによって物事や状態を変化させる、また他に影響を与える、,N1,on,on+on,,凶:◆不幸な、不運な、不吉な、よくない、忌(い)まわしい、逆は「吉」、同「兇」◆農作物のできが悪い◆酷(ひど)い、酷(むご)い、厳(きび)しい◆懼(おそ)れる、不安; 作:◆働(はたらく)く、力や手を加える、為(な)す、「作業(サギョウ)」「作為(サクイ)」◆力や手を加えることによって物事や状態を変化させる、また他に影響を与える、
kk_出くわす_でくわす,出くわす,でくわす,出:◆範囲・領域・組織や区切り・境界の内(内側、内部、裏側、こちら側、私的なところ)から外(外側、外部、表側、向こう側、公のところ)に移る、また移す、外から内へ移る,N1,kun,kun,IL1_okurigana(kun 96%) | IL2_single_okuri(kun 96%),出:◆範囲・領域・組織や区切り・境界の内(内側、内部、裏側、こちら側、私的なところ)から外(外側、外部、表側、向こう側、公のところ)に移る、また移す、外から内へ移る
kk_出動_しゅつどう,出動,しゅつどう,出:◆範囲・領域・組織や区切り・境界の内(内側、内部、裏側、こちら側、私的なところ)から外(外側、外部、表側、向こう側、公のところ)に移る、また移す、外から内へ移る; 動:◆位置・姿勢・感情・状態・事情などが変わる、また変える、また変わり始める、「動作」「行動」「感動」◆やや・もすれば、どうかすると(～になる、～になりやすい),N1,on,on+on,B_verb_rad_力(kun 80%),出:◆範囲・領域・組織や区切り・境界の内(内側、内部、裏側、こちら側、私的なところ)から外(外側、外部、表側、向こう側、公のところ)に移る、また移す、外から内へ移る; 動:◆位置・姿勢・感情・状態・事情などが変わる、また変える、また変わり始める、「動作」「行動」「感動」◆やや・もすれば、どうかすると(～になる、～になりやすい)
kk_出向く_でむく,出向く,でむく,出:◆範囲・領域・組織や区切り・境界の内(内側、内部、裏側、こちら側、私的なところ)から外(外側、外部、表側、向こう側、公のところ)に移る、また移す、外から内へ移る; 向:◆窓、北側に面した窓、同「郷」、「丿冂」は「宀」で「屋根のある建物」、「口」は「壁などに空いた窓」の意◆目的とするところを目指して行く、基点となるところから遠ざ,N1,kun,kun+kun,IL1_okurigana(kun 96%) | A1_compound_oku(kun 90%) | A1_on_kun_mix(on+kun 65%),出:◆範囲・領域・組織や区切り・境界の内(内側、内部、裏側、こちら側、私的なところ)から外(外側、外部、表側、向こう側、公のところ)に移る、また移す、外から内へ移る; 向:◆窓、北側に面した窓、同「郷」、「丿冂」は「宀」で「屋根のある建物」、「口」は「壁などに空いた窓」の意◆目的とするところを目指して行く、基点となるところから遠ざ
kk_出回る_でまわる,出回る,でまわる,出:◆範囲・領域・組織や区切り・境界の内(内側、内部、裏側、こちら側、私的なところ)から外(外側、外部、表側、向こう側、公のところ)に移る、また移す、外から内へ移る; 回:◆円を描(えが)くように動く、一周して(一巡して)元に戻る、同「廻」「迴」、「回復(カイフク)」「回帰(カイキ)」◆元に戻す、元に返す、「回答(カイトウ)」◆(,N1,kun,kun+kun,IL1_okurigana(kun 96%) | A1_compound_oku(kun 90%) | A1_on_kun_mix(on+kun 65%),出:◆範囲・領域・組織や区切り・境界の内(内側、内部、裏側、こちら側、私的なところ)から外(外側、外部、表側、向こう側、公のところ)に移る、また移す、外から内へ移る; 回:◆円を描(えが)くように動く、一周して(一巡して)元に戻る、同「廻」「迴」、「回復(カイフク)」「回帰(カイキ)」◆元に戻す、元に返す、「回答(カイトウ)」◆(
kk_出店_しゅってん,出店,しゅってん,出:◆範囲・領域・組織や区切り・境界の内(内側、内部、裏側、こちら側、私的なところ)から外(外側、外部、表側、向こう側、公のところ)に移る、また移す、外から内へ移る; 店:◆みせ、物を並べ売る建物、「一定の場所を占めて商売する屋根(广)のある所」の意◆たな、商品を並べる陳列棚、売り手と買い手を隔(へだ)てるカウンター、同「坫」◆[,N1,on,on+on,B_noun_rad_广(kun 93%),出:◆範囲・領域・組織や区切り・境界の内(内側、内部、裏側、こちら側、私的なところ)から外(外側、外部、表側、向こう側、公のところ)に移る、また移す、外から内へ移る; 店:◆みせ、物を並べ売る建物、「一定の場所を占めて商売する屋根(广)のある所」の意◆たな、商品を並べる陳列棚、売り手と買い手を隔(へだ)てるカウンター、同「坫」◆[
kk_出来心_できごころ,出来心,できごころ,出:◆範囲・領域・組織や区切り・境界の内(内側、内部、裏側、こちら側、私的なところ)から外(外側、外部、表側、向こう側、公のところ)に移る、また移す、外から内へ移る; 来:◆(人や時間や物事が)向こうからこちらに近づく、「到来(トウライ)」、同「倈」「徠」「逨」「𧼛」◆招き寄せる、「こちらに来させる」の意◆ある時点から今まで、今に; 心:◆血液を循環させる働きをする臓器で五臓(心シン・肝カン・脾ヒ・肺ハイ・腎ジン)の一つ ◆ものの真(ま)ん中、真ん中(中心)にあるもの、ものの重要な部分、ものの本,N1,other,mixed+mixed+mixed~,A4_multi_on(on+on+on 65%) | B_noun_rad_木(kun 93%),出:◆範囲・領域・組織や区切り・境界の内(内側、内部、裏側、こちら側、私的なところ)から外(外側、外部、表側、向こう側、公のところ)に移る、また移す、外から内へ移る; 来:◆(人や時間や物事が)向こうからこちらに近づく、「到来(トウライ)」、同「倈」「徠」「逨」「𧼛」◆招き寄せる、「こちらに来させる」の意◆ある時点から今まで、今に; 心:◆血液を循環させる働きをする臓器で五臓(心シン・肝カン・脾ヒ・肺ハイ・腎ジン)の一つ ◆ものの真(ま)ん中、真ん中(中心)にあるもの、ものの重要な部分、ものの本
kk_出来物_できもの,出来物,できもの,出:◆範囲・領域・組織や区切り・境界の内(内側、内部、裏側、こちら側、私的なところ)から外(外側、外部、表側、向こう側、公のところ)に移る、また移す、外から内へ移る; 来:◆(人や時間や物事が)向こうからこちらに近づく、「到来(トウライ)」、同「倈」「徠」「逨」「𧼛」◆招き寄せる、「こちらに来させる」の意◆ある時点から今まで、今に; 物:◆(天地の間に存在する)人以外の形のあるもの、人は「者」、形のないものは「事」,N1,other,mixed+mixed+mixed~,A4_multi_on(on+on+on 65%) | B_noun_rad_木(kun 93%) | B_noun_rad_牛(kun 93%),出:◆範囲・領域・組織や区切り・境界の内(内側、内部、裏側、こちら側、私的なところ)から外(外側、外部、表側、向こう側、公のところ)に移る、また移す、外から内へ移る; 来:◆(人や時間や物事が)向こうからこちらに近づく、「到来(トウライ)」、同「倈」「徠」「逨」「𧼛」◆招き寄せる、「こちらに来させる」の意◆ある時点から今まで、今に; 物:◆(天地の間に存在する)人以外の形のあるもの、人は「者」、形のないものは「事」
kk_出演_しゅつえん,出演,しゅつえん,出:◆範囲・領域・組織や区切り・境界の内(内側、内部、裏側、こちら側、私的なところ)から外(外側、外部、表側、向こう側、公のところ)に移る、また移す、外から内へ移る; 演:◆水がどこまでも伸びて流れる、「涴演(エンエン、川が曲がりくねりながら延々エンエンと流れるさま)」◆広げる、行(ゆ)き渡(わた)らせる◆元(もと)となるもの・元,N1,on,on+on,,出:◆範囲・領域・組織や区切り・境界の内(内側、内部、裏側、こちら側、私的なところ)から外(外側、外部、表側、向こう側、公のところ)に移る、また移す、外から内へ移る; 演:◆水がどこまでも伸びて流れる、「涴演(エンエン、川が曲がりくねりながら延々エンエンと流れるさま)」◆広げる、行(ゆ)き渡(わた)らせる◆元(もと)となるもの・元
kk_出番_でばん,出番,でばん,出:◆範囲・領域・組織や区切り・境界の内(内側、内部、裏側、こちら側、私的なところ)から外(外側、外部、表側、向こう側、公のところ)に移る、また移す、外から内へ移る; 番:◆順に並んでいるものを次々に入れ替えながら繰り返すこと、またその順位、またその順位に当たること、「輪番(リンバン、順番に交替しながら繰り返すこと)」「當番(トウ,N1,mixed,kun+on~,A3_short_compound(on+on 71%),出:◆範囲・領域・組織や区切り・境界の内(内側、内部、裏側、こちら側、私的なところ)から外(外側、外部、表側、向こう側、公のところ)に移る、また移す、外から内へ移る; 番:◆順に並んでいるものを次々に入れ替えながら繰り返すこと、またその順位、またその順位に当たること、「輪番(リンバン、順番に交替しながら繰り返すこと)」「當番(トウ
kk_出直し_でなおし,出直し,でなおし,出:◆範囲・領域・組織や区切り・境界の内(内側、内部、裏側、こちら側、私的なところ)から外(外側、外部、表側、向こう側、公のところ)に移る、また移す、外から内へ移る; 直:◆ものをまっすぐによく見る◆まっすぐなさま、曲がったり折れたり歪(ゆが)んだりしない(していない)さま、「正直(ショウジキ、まっすぐなこと、嘘や偽りがないこと),N1,kun,kun+kun,IL1_okurigana(kun 96%) | A1_compound_oku(kun 90%) | A1_on_kun_mix(on+kun 65%),出:◆範囲・領域・組織や区切り・境界の内(内側、内部、裏側、こちら側、私的なところ)から外(外側、外部、表側、向こう側、公のところ)に移る、また移す、外から内へ移る; 直:◆ものをまっすぐによく見る◆まっすぐなさま、曲がったり折れたり歪(ゆが)んだりしない(していない)さま、「正直(ショウジキ、まっすぐなこと、嘘や偽りがないこと)
kk_出直す_でなおす,出直す,でなおす,出:◆範囲・領域・組織や区切り・境界の内(内側、内部、裏側、こちら側、私的なところ)から外(外側、外部、表側、向こう側、公のところ)に移る、また移す、外から内へ移る; 直:◆ものをまっすぐによく見る◆まっすぐなさま、曲がったり折れたり歪(ゆが)んだりしない(していない)さま、「正直(ショウジキ、まっすぐなこと、嘘や偽りがないこと),N1,kun,kun+kun,IL1_okurigana(kun 96%) | A1_compound_oku(kun 90%) | A1_on_kun_mix(on+kun 65%),出:◆範囲・領域・組織や区切り・境界の内(内側、内部、裏側、こちら側、私的なところ)から外(外側、外部、表側、向こう側、公のところ)に移る、また移す、外から内へ移る; 直:◆ものをまっすぐによく見る◆まっすぐなさま、曲がったり折れたり歪(ゆが)んだりしない(していない)さま、「正直(ショウジキ、まっすぐなこと、嘘や偽りがないこと)
kk_出社_しゅっしゃ,出社,しゅっしゃ,出:◆範囲・領域・組織や区切り・境界の内(内側、内部、裏側、こちら側、私的なところ)から外(外側、外部、表側、向こう側、公のところ)に移る、また移す、外から内へ移る; 社:◆土地の神、土地の神を祀った所◆同種また同じ目的を持つ人から成る集まり,N1,on,on+on,A3_short_compound(on+on 71%),出:◆範囲・領域・組織や区切り・境界の内(内側、内部、裏側、こちら側、私的なところ)から外(外側、外部、表側、向こう側、公のところ)に移る、また移す、外から内へ移る; 社:◆土地の神、土地の神を祀った所◆同種また同じ目的を持つ人から成る集まり
kk_出血_しゅっけつ,出血,しゅっけつ,出:◆範囲・領域・組織や区切り・境界の内(内側、内部、裏側、こちら側、私的なところ)から外(外側、外部、表側、向こう側、公のところ)に移る、また移す、外から内へ移る; 血:◆動物の体内を循環し養分や老廃物を運ぶ役目をする液体◆同じ親を持つ人、またその人たちの代々の繋(つな)がり◆「血気(ケッキ)」、体を維持する血液と体を動かす気力,N1,on,on+on,,出:◆範囲・領域・組織や区切り・境界の内(内側、内部、裏側、こちら側、私的なところ)から外(外側、外部、表側、向こう側、公のところ)に移る、また移す、外から内へ移る; 血:◆動物の体内を循環し養分や老廃物を運ぶ役目をする液体◆同じ親を持つ人、またその人たちの代々の繋(つな)がり◆「血気(ケッキ)」、体を維持する血液と体を動かす気力
kk_出費_しゅっぴ,出費,しゅっぴ,出:◆範囲・領域・組織や区切り・境界の内(内側、内部、裏側、こちら側、私的なところ)から外(外側、外部、表側、向こう側、公のところ)に移る、また移す、外から内へ移る; 費:◆金銭・品物・労力などを使う、時間・手間などがかかる◆ものなどを買うために用いる金銭、「費用(ヒヨウ)」◆使い減らす、「浪費(ロウヒ)」◆魯ロ国(前11世紀～前,N1,other,mixed+mixed~,A3_short_compound(on+on 71%),出:◆範囲・領域・組織や区切り・境界の内(内側、内部、裏側、こちら側、私的なところ)から外(外側、外部、表側、向こう側、公のところ)に移る、また移す、外から内へ移る; 費:◆金銭・品物・労力などを使う、時間・手間などがかかる◆ものなどを買うために用いる金銭、「費用(ヒヨウ)」◆使い減らす、「浪費(ロウヒ)」◆魯ロ国(前11世紀～前
kk_出題_しゅつだい,出題,しゅつだい,出:◆範囲・領域・組織や区切り・境界の内(内側、内部、裏側、こちら側、私的なところ)から外(外側、外部、表側、向こう側、公のところ)に移る、また移す、外から内へ移る; 題:◆額(ひたい)、おでこ、同「頟」「顁」◆ものの頭(最初、先頭)にあるもの◆初めに記される短い文章、全体を表現する簡潔な文章、「問題(モンダイ)」「話題(ワダイ),N1,on,on+on,,出:◆範囲・領域・組織や区切り・境界の内(内側、内部、裏側、こちら側、私的なところ)から外(外側、外部、表側、向こう側、公のところ)に移る、また移す、外から内へ移る; 題:◆額(ひたい)、おでこ、同「頟」「顁」◆ものの頭(最初、先頭)にあるもの◆初めに記される短い文章、全体を表現する簡潔な文章、「問題(モンダイ)」「話題(ワダイ)
kk_出願_しゅつがん,出願,しゅつがん,出:◆範囲・領域・組織や区切り・境界の内(内側、内部、裏側、こちら側、私的なところ)から外(外側、外部、表側、向こう側、公のところ)に移る、また移す、外から内へ移る; 願:◆ひたすら欲しいと思う、望みが叶(かな)って欲しいとひたすら思う◆望むものが手に入るようにと希(こいねが)う、希望する◆ねが・わくは、～したい、～して欲しい、～,N1,on,on+on,,出:◆範囲・領域・組織や区切り・境界の内(内側、内部、裏側、こちら側、私的なところ)から外(外側、外部、表側、向こう側、公のところ)に移る、また移す、外から内へ移る; 願:◆ひたすら欲しいと思う、望みが叶(かな)って欲しいとひたすら思う◆望むものが手に入るようにと希(こいねが)う、希望する◆ねが・わくは、～したい、～して欲しい、～
kk_分散_ぶんさん,分散,ぶんさん,分:◆一つに纏(まと)まっているものを幾つかに切り離す、また幾つかに仕切る(区切る)、「分割(ブンカツ)」、切り離したものを仕分けることを「別」◆一つの纏まりから一; 散:◆分け離す、固まっていたり纏(まと)まっていたりしたものをばらばらにする、同「㪔」◆束縛する力がなくなってばらばらになる、ばらばらになってあちこちに広がる◆あち,N1,on,on+on,B_verb_rad_刀(kun 80%),分:◆一つに纏(まと)まっているものを幾つかに切り離す、また幾つかに仕切る(区切る)、「分割(ブンカツ)」、切り離したものを仕分けることを「別」◆一つの纏まりから一; 散:◆分け離す、固まっていたり纏(まと)まっていたりしたものをばらばらにする、同「㪔」◆束縛する力がなくなってばらばらになる、ばらばらになってあちこちに広がる◆あち
kk_分業_ぶんぎょう,分業,ぶんぎょう,分:◆一つに纏(まと)まっているものを幾つかに切り離す、また幾つかに仕切る(区切る)、「分割(ブンカツ)」、切り離したものを仕分けることを「別」◆一つの纏まりから一; 業:◆鍾(ショウ)や磬(ケイ)などの打楽器を吊るすための横木(筍)の上の横板、吊るした楽器の位置が演奏中にずれないように凹みや突起がついていたという、「业」はそれを,N1,on,on+on,B_verb_rad_刀(kun 80%) | B_noun_rad_木(kun 93%),分:◆一つに纏(まと)まっているものを幾つかに切り離す、また幾つかに仕切る(区切る)、「分割(ブンカツ)」、切り離したものを仕分けることを「別」◆一つの纏まりから一; 業:◆鍾(ショウ)や磬(ケイ)などの打楽器を吊るすための横木(筍)の上の横板、吊るした楽器の位置が演奏中にずれないように凹みや突起がついていたという、「业」はそれを
kk_分裂_ぶんれつ,分裂,ぶんれつ,分:◆一つに纏(まと)まっているものを幾つかに切り離す、また幾つかに仕切る(区切る)、「分割(ブンカツ)」、切り離したものを仕分けることを「別」◆一つの纏まりから一; 裂:◆きれ、裁断した後に残る布、端切れ(はぎれ)◆破(やぶ)ける、綻(ほころ)び破れる◆さ・く、二つに切り割(さ)く、裂け目が平滑ではないもの、同「列」,N1,on,on+on,B_verb_rad_刀(kun 80%),分:◆一つに纏(まと)まっているものを幾つかに切り離す、また幾つかに仕切る(区切る)、「分割(ブンカツ)」、切り離したものを仕分けることを「別」◆一つの纏まりから一; 裂:◆きれ、裁断した後に残る布、端切れ(はぎれ)◆破(やぶ)ける、綻(ほころ)び破れる◆さ・く、二つに切り割(さ)く、裂け目が平滑ではないもの、同「列」
kk_切ない_せつない,切ない,せつない,切:◆刃物などですっと断(た)つ、裁(た)つ、割(さ)く◆ぴったりとしたさま、隙(すき)がないさま、「親切(シンセツ)」◆近くまで迫(せま)る、差し迫る、「切近(セ,N1,on,on,IL1_okurigana(kun 96%) | IL2_single_okuri(kun 96%) | B_verb_rad_刀(kun 80%),切:◆刃物などですっと断(た)つ、裁(た)つ、割(さ)く◆ぴったりとしたさま、隙(すき)がないさま、「親切(シンセツ)」◆近くまで迫(せま)る、差し迫る、「切近(セ
kk_切り_きり,切り,きり,切:◆刃物などですっと断(た)つ、裁(た)つ、割(さ)く◆ぴったりとしたさま、隙(すき)がないさま、「親切(シンセツ)」◆近くまで迫(せま)る、差し迫る、「切近(セ,N1,kun,kun,IL1_okurigana(kun 96%) | IL2_single_okuri(kun 96%) | B_verb_rad_刀(kun 80%),切:◆刃物などですっと断(た)つ、裁(た)つ、割(さ)く◆ぴったりとしたさま、隙(すき)がないさま、「親切(シンセツ)」◆近くまで迫(せま)る、差し迫る、「切近(セ
kk_切り上げる_きりあげる,切り上げる,きりあげる,切:◆刃物などですっと断(た)つ、裁(た)つ、割(さ)く◆ぴったりとしたさま、隙(すき)がないさま、「親切(シンセツ)」◆近くまで迫(せま)る、差し迫る、「切近(セ; 上:◆位置・場所・地位などが高い、高い方にある◆高い方に移る、昇る、登る◆順序・時間などが前、前の方にある◆前の方に移る◆等級・品質などが高い、優れている◆殿様、皇,N1,kun,kun+kun~,IL1_okurigana(kun 96%) | A1_compound_oku(kun 90%) | A1_on_kun_mix(on+kun 65%),切:◆刃物などですっと断(た)つ、裁(た)つ、割(さ)く◆ぴったりとしたさま、隙(すき)がないさま、「親切(シンセツ)」◆近くまで迫(せま)る、差し迫る、「切近(セ; 上:◆位置・場所・地位などが高い、高い方にある◆高い方に移る、昇る、登る◆順序・時間などが前、前の方にある◆前の方に移る◆等級・品質などが高い、優れている◆殿様、皇
kk_切り抜ける_きりぬける,切り抜ける,きりぬける,切:◆刃物などですっと断(た)つ、裁(た)つ、割(さ)く◆ぴったりとしたさま、隙(すき)がないさま、「親切(シンセツ)」◆近くまで迫(せま)る、差し迫る、「切近(セ; 抜:◆多くの中で一部だけが見えているところを掴んで引っ張り出す◆多くの中から必要なもの或いは不必要なものを選んで取り出す◆多くの中でそこだけ(それだけ)が突き出てい,N1,kun,kun+kun~,IL1_okurigana(kun 96%) | A1_compound_oku(kun 90%) | A1_on_kun_mix(on+kun 65%),切:◆刃物などですっと断(た)つ、裁(た)つ、割(さ)く◆ぴったりとしたさま、隙(すき)がないさま、「親切(シンセツ)」◆近くまで迫(せま)る、差し迫る、「切近(セ; 抜:◆多くの中で一部だけが見えているところを掴んで引っ張り出す◆多くの中から必要なもの或いは不必要なものを選んで取り出す◆多くの中でそこだけ(それだけ)が突き出てい
kk_切り替える_きりかえる,切り替える,きりかえる,切:◆刃物などですっと断(た)つ、裁(た)つ、割(さ)く◆ぴったりとしたさま、隙(すき)がないさま、「親切(シンセツ)」◆近くまで迫(せま)る、差し迫る、「切近(セ; 替:◆廃(すた)る、衰(おとろ)える、用を成(な)さなくなる、「衰替(スイタイ)」◆それまでのもの(今あるもの)や廃れたもの(衰えたもの、用を成さないもの)を別のも,N1,kun,kun+kun~,IL1_okurigana(kun 96%) | A1_compound_oku(kun 90%) | A1_on_kun_mix(on+kun 65%),切:◆刃物などですっと断(た)つ、裁(た)つ、割(さ)く◆ぴったりとしたさま、隙(すき)がないさま、「親切(シンセツ)」◆近くまで迫(せま)る、差し迫る、「切近(セ; 替:◆廃(すた)る、衰(おとろ)える、用を成(な)さなくなる、「衰替(スイタイ)」◆それまでのもの(今あるもの)や廃れたもの(衰えたもの、用を成さないもの)を別のも
kk_切れる_きれる,切れる,きれる,切:◆刃物などですっと断(た)つ、裁(た)つ、割(さ)く◆ぴったりとしたさま、隙(すき)がないさま、「親切(シンセツ)」◆近くまで迫(せま)る、差し迫る、「切近(セ,N1,kun,kun,IL1_okurigana(kun 96%) | IL2_single_okuri(kun 96%) | B_verb_rad_刀(kun 80%),切:◆刃物などですっと断(た)つ、裁(た)つ、割(さ)く◆ぴったりとしたさま、隙(すき)がないさま、「親切(シンセツ)」◆近くまで迫(せま)る、差し迫る、「切近(セ
kk_切れ目_きれめ,切れ目,きれめ,切:◆刃物などですっと断(た)つ、裁(た)つ、割(さ)く◆ぴったりとしたさま、隙(すき)がないさま、「親切(シンセツ)」◆近くまで迫(せま)る、差し迫る、「切近(セ; 目:◆眼(め、眼球ガンキュウ、黒目くろめ)・白目(しろめ、結膜ケツマク)・視神経などを含むものを見る器官全体、またその形状や様子や機能◆ものを見る、また見分ける◆眼,N1,kun,kun+kun~,IL1_okurigana(kun 96%) | A1_compound_oku(kun 90%) | A1_on_kun_mix(on+kun 65%),切:◆刃物などですっと断(た)つ、裁(た)つ、割(さ)く◆ぴったりとしたさま、隙(すき)がないさま、「親切(シンセツ)」◆近くまで迫(せま)る、差し迫る、「切近(セ; 目:◆眼(め、眼球ガンキュウ、黒目くろめ)・白目(しろめ、結膜ケツマク)・視神経などを含むものを見る器官全体、またその形状や様子や機能◆ものを見る、また見分ける◆眼
kk_切実_せつじつ,切実,せつじつ,切:◆刃物などですっと断(た)つ、裁(た)つ、割(さ)く◆ぴったりとしたさま、隙(すき)がないさま、「親切(シンセツ)」◆近くまで迫(せま)る、差し迫る、「切近(セ; 実:◆蓄(たくわ)えが家に満ちているさま◆隙間なく詰まって虚(うつ)ろなところがないさま◆ぎっしりと詰まった中身、草木などの稔(みの)って中がぎっしりと詰まったもの,N1,on,on+on,B_verb_rad_刀(kun 80%) | B_noun_rad_宀(kun 93%),切:◆刃物などですっと断(た)つ、裁(た)つ、割(さ)く◆ぴったりとしたさま、隙(すき)がないさま、「親切(シンセツ)」◆近くまで迫(せま)る、差し迫る、「切近(セ; 実:◆蓄(たくわ)えが家に満ちているさま◆隙間なく詰まって虚(うつ)ろなところがないさま◆ぎっしりと詰まった中身、草木などの稔(みの)って中がぎっしりと詰まったもの
kk_切望_せつぼう,切望,せつぼう,切:◆刃物などですっと断(た)つ、裁(た)つ、割(さ)く◆ぴったりとしたさま、隙(すき)がないさま、「親切(シンセツ)」◆近くまで迫(せま)る、差し迫る、「切近(セ; 望:◆待っている人や物事の到着をまだかまだかと待つ、期待する、そうなって欲しいと思う◆(待ち望む方を)見やる、遠くを見やる◆仰ぎ見る、他から仰ぎ見られる◆もち、陰暦,N1,on,on+on,B_verb_rad_刀(kun 80%),切:◆刃物などですっと断(た)つ、裁(た)つ、割(さ)く◆ぴったりとしたさま、隙(すき)がないさま、「親切(シンセツ)」◆近くまで迫(せま)る、差し迫る、「切近(セ; 望:◆待っている人や物事の到着をまだかまだかと待つ、期待する、そうなって欲しいと思う◆(待ち望む方を)見やる、遠くを見やる◆仰ぎ見る、他から仰ぎ見られる◆もち、陰暦
kk_切迫_せっぱく,切迫,せっぱく,切:◆刃物などですっと断(た)つ、裁(た)つ、割(さ)く◆ぴったりとしたさま、隙(すき)がないさま、「親切(シンセツ)」◆近くまで迫(せま)る、差し迫る、「切近(セ; 迫:◆間近(まじか)まで近づく、間(あいだ)が狭まる、間(ま)が詰まる、「逼迫(ヒッパク)」◆(身動きができないところまで)間を詰める、追い詰める、「強迫(キョウハ,N1,other,mixed+mixed~,B_verb_rad_刀(kun 80%),切:◆刃物などですっと断(た)つ、裁(た)つ、割(さ)く◆ぴったりとしたさま、隙(すき)がないさま、「親切(シンセツ)」◆近くまで迫(せま)る、差し迫る、「切近(セ; 迫:◆間近(まじか)まで近づく、間(あいだ)が狭まる、間(ま)が詰まる、「逼迫(ヒッパク)」◆(身動きができないところまで)間を詰める、追い詰める、「強迫(キョウハ
kk_切開_せっかい,切開,せっかい,切:◆刃物などですっと断(た)つ、裁(た)つ、割(さ)く◆ぴったりとしたさま、隙(すき)がないさま、「親切(シンセツ)」◆近くまで迫(せま)る、差し迫る、「切近(セ; 開:◆啓(ひら)く、閉じられている扉を真ん中から左右に押し除(の)ける◆仕切っているもの(塞ふさいでいるもの、妨さまたげているもの)を取る、「開放(カイホウ)」◆明,N1,on,on+on,B_verb_rad_刀(kun 80%),切:◆刃物などですっと断(た)つ、裁(た)つ、割(さ)く◆ぴったりとしたさま、隙(すき)がないさま、「親切(シンセツ)」◆近くまで迫(せま)る、差し迫る、「切近(セ; 開:◆啓(ひら)く、閉じられている扉を真ん中から左右に押し除(の)ける◆仕切っているもの(塞ふさいでいるもの、妨さまたげているもの)を取る、「開放(カイホウ)」◆明
kk_刊行_かんこう,刊行,かんこう,刊:◆(木などを)切る、削(そ)ぐ◆削(けず)る、削り取る◆(版木や石に文字などを)刻(きざ)み込む、彫(ほ)る、「刊正(カンセイ、誤った部分を削り取って彫り直すこ; 行:◆左足を前に出し(彳)次に右足を前に出す(亍)、足を交互に動かして前に進む◆目的とするところに向かって進む◆遠くに出掛ける、旅に出る◆道、人が往来する道路、同「,N1,on,on+on,B_verb_rad_刀(kun 80%),刊:◆(木などを)切る、削(そ)ぐ◆削(けず)る、削り取る◆(版木や石に文字などを)刻(きざ)み込む、彫(ほ)る、「刊正(カンセイ、誤った部分を削り取って彫り直すこ; 行:◆左足を前に出し(彳)次に右足を前に出す(亍)、足を交互に動かして前に進む◆目的とするところに向かって進む◆遠くに出掛ける、旅に出る◆道、人が往来する道路、同「
kk_刑務所_けいむしょ,刑務所,けいむしょ,刑:◆重い罪に対する懲(こら)らしめ、軽い罪に対するものは「罰」◆処罰する、罰を加える、「刑罰(ケイバツ)」◆型(かた)、基本や標準になる形、同「型」; 務:◆成すべきこと、ひたすら力を注(そそ)ぐべきこと◆努(つと)める、成すべきことにひたすら力を尽くす、同「敄」◆強(し)いて、押して、無理にでも; 所:◆処(ところ)、ものがある場また位置(要所・箇所など)、ことをする場また位置(住所・裁判所など)◆～のこと、「所感(感じること)」「所存(考え思っていること)◆,N1,on,on+on+on,A4_multi_on(on+on+on 65%) | B_verb_rad_刀(kun 80%) | B_verb_rad_力(kun 80%),刑:◆重い罪に対する懲(こら)らしめ、軽い罪に対するものは「罰」◆処罰する、罰を加える、「刑罰(ケイバツ)」◆型(かた)、基本や標準になる形、同「型」; 務:◆成すべきこと、ひたすら力を注(そそ)ぐべきこと◆努(つと)める、成すべきことにひたすら力を尽くす、同「敄」◆強(し)いて、押して、無理にでも; 所:◆処(ところ)、ものがある場また位置(要所・箇所など)、ことをする場また位置(住所・裁判所など)◆～のこと、「所感(感じること)」「所存(考え思っていること)◆
kk_初期_しょき,初期,しょき,初:◆物事の起こり、物事の発端、「衣服を作り始める時にまず布を切る」の意、「初」は「物事はまず初めに～する、～の初め」、「始」は「物事はまず～から始める、～から始ま; 期:◆予定されている(約束されている)時(とき、時期、時間)、「時期(ジキ)」「期間(キカン、二つの時の間、始めの時から終わりの時までの間)」◆決められた時(時期、,N1,on,on+on,A3_short_compound(on+on 71%) | B_verb_rad_刀(kun 80%),初:◆物事の起こり、物事の発端、「衣服を作り始める時にまず布を切る」の意、「初」は「物事はまず初めに～する、～の初め」、「始」は「物事はまず～から始める、～から始ま; 期:◆予定されている(約束されている)時(とき、時期、時間)、「時期(ジキ)」「期間(キカン、二つの時の間、始めの時から終わりの時までの間)」◆決められた時(時期、
kk_初耳_はつみみ,初耳,はつみみ,初:◆物事の起こり、物事の発端、「衣服を作り始める時にまず布を切る」の意、「初」は「物事はまず初めに～する、～の初め」、「始」は「物事はまず～から始める、～から始ま; 耳:◆顔の両側にあって聴覚と平衡感覚を掌(つかさど)る器官◆(耳で)聞く、話や声や音が(耳に)届く◆～と(耳で)聞いている、～と聞いた◆(耳のように)ものの両側にあ,N1,kun,kun+kun~,B_verb_rad_刀(kun 80%),初:◆物事の起こり、物事の発端、「衣服を作り始める時にまず布を切る」の意、「初」は「物事はまず初めに～する、～の初め」、「始」は「物事はまず～から始める、～から始ま; 耳:◆顔の両側にあって聴覚と平衡感覚を掌(つかさど)る器官◆(耳で)聞く、話や声や音が(耳に)届く◆～と(耳で)聞いている、～と聞いた◆(耳のように)ものの両側にあ
kk_別居_べっきょ,別居,べっきょ,別:◆切って分(わ)ける、分離する、分けて離す、分けたものが繋(つな)がっていない状態にする◆分かれる、分かれ離れる◆他と繋がりがない、他とは違う、異なる◆他(ほか; 居:◆座る、腰を据(す)える、腰を落ち着ける、またその場所◆長く腰を落ち着けて住む、住まい◆一定の場所を占める、存在する◆貯(たくわ)える、得たものを置いておく,N1,on,on+on,A3_short_compound(on+on 71%) | B_verb_rad_刀(kun 80%),別:◆切って分(わ)ける、分離する、分けて離す、分けたものが繋(つな)がっていない状態にする◆分かれる、分かれ離れる◆他と繋がりがない、他とは違う、異なる◆他(ほか; 居:◆座る、腰を据(す)える、腰を落ち着ける、またその場所◆長く腰を落ち着けて住む、住まい◆一定の場所を占める、存在する◆貯(たくわ)える、得たものを置いておく
kk_利己的_りこてき,利己的,りこてき,利:◆先が尖(とが)る、先が鋭(するど)く尖った刃物◆よく切れるさま、切れ味が良いさま、鋭いさま◆(よく切れる刃物のように)すぱっと、さっと、一気に◆(よく切れる刃; 己:◆おのれ、自分◆つちのと、十干(ジッカン、甲・乙・丙・丁・戊・己・庚・辛・壬・癸)の六番目 ◆[日]おのれ、相手を罵って言う言葉◆おのれ、き、つちのと、部首名; 的:◆弓で矢を射(い)る時の目標とするもの、同「㢩」「墑」◆額(ひたい)の部分だけが白い馬、またその額の白い部分、女性が額に施(ほどこ)す(赤い点状の)装飾◆(弓の,N1,on,on+on+on,A4_multi_on(on+on+on 65%) | B_verb_rad_刀(kun 80%),利:◆先が尖(とが)る、先が鋭(するど)く尖った刃物◆よく切れるさま、切れ味が良いさま、鋭いさま◆(よく切れる刃物のように)すぱっと、さっと、一気に◆(よく切れる刃; 己:◆おのれ、自分◆つちのと、十干(ジッカン、甲・乙・丙・丁・戊・己・庚・辛・壬・癸)の六番目 ◆[日]おのれ、相手を罵って言う言葉◆おのれ、き、つちのと、部首名; 的:◆弓で矢を射(い)る時の目標とするもの、同「㢩」「墑」◆額(ひたい)の部分だけが白い馬、またその額の白い部分、女性が額に施(ほどこ)す(赤い点状の)装飾◆(弓の
kk_利潤_りじゅん,利潤,りじゅん,利:◆先が尖(とが)る、先が鋭(するど)く尖った刃物◆よく切れるさま、切れ味が良いさま、鋭いさま◆(よく切れる刃物のように)すぱっと、さっと、一気に◆(よく切れる刃; 潤:◆物の内部から余分な水分や油分が表面に染み出る◆しっとりとしている、艶々(つやつや)している、光沢がある◆(内部から表にじわりと染み出て来るような)艶を出す◆(,N1,on,on+on,A3_short_compound(on+on 71%) | B_verb_rad_刀(kun 80%),利:◆先が尖(とが)る、先が鋭(するど)く尖った刃物◆よく切れるさま、切れ味が良いさま、鋭いさま◆(よく切れる刃物のように)すぱっと、さっと、一気に◆(よく切れる刃; 潤:◆物の内部から余分な水分や油分が表面に染み出る◆しっとりとしている、艶々(つやつや)している、光沢がある◆(内部から表にじわりと染み出て来るような)艶を出す◆(
kk_利点_りてん,利点,りてん,利:◆先が尖(とが)る、先が鋭(するど)く尖った刃物◆よく切れるさま、切れ味が良いさま、鋭いさま◆(よく切れる刃物のように)すぱっと、さっと、一気に◆(よく切れる刃; 点:◆小さな(黒い)染(し)み・瑕(きず)・印(しるし)、またそのようなものを付ける、「汚点(オテン)」◆小さく狭く限られた場所・範囲・位置・事柄、「地点(チテン),N1,on,on+on,A3_short_compound(on+on 71%) | B_verb_rad_刀(kun 80%),利:◆先が尖(とが)る、先が鋭(するど)く尖った刃物◆よく切れるさま、切れ味が良いさま、鋭いさま◆(よく切れる刃物のように)すぱっと、さっと、一気に◆(よく切れる刃; 点:◆小さな(黒い)染(し)み・瑕(きず)・印(しるし)、またそのようなものを付ける、「汚点(オテン)」◆小さく狭く限られた場所・範囲・位置・事柄、「地点(チテン)
kk_到底_とうてい,到底,とうてい,到:◆目指すところに行き着く(達する、届く)、ある時間・状態になる(達する、届く)、同「至」◆それより先がない(これ以上はない)ところまで行き着く、極まる、同「至」; 底:◆ものの一番下の突き当たりの部分、「井底(セイテイ、井戸の底)」◆突き当たる、行き止まる、行き着く、「月底(ゲツテイ、月末)」◆ものの下にあって上のものを支えて,N1,on,on+on,B_verb_rad_刀(kun 80%) | B_noun_rad_广(kun 93%),到:◆目指すところに行き着く(達する、届く)、ある時間・状態になる(達する、届く)、同「至」◆それより先がない(これ以上はない)ところまで行き着く、極まる、同「至」; 底:◆ものの一番下の突き当たりの部分、「井底(セイテイ、井戸の底)」◆突き当たる、行き止まる、行き着く、「月底(ゲツテイ、月末)」◆ものの下にあって上のものを支えて
kk_到達_とうたつ,到達,とうたつ,到:◆目指すところに行き着く(達する、届く)、ある時間・状態になる(達する、届く)、同「至」◆それより先がない(これ以上はない)ところまで行き着く、極まる、同「至」; 達:◆道が滞(とどこお)ることなく通じる◆目的とするところまで行き着く、また届く◆目標としたことを成し遂げる◆物事の奥深くまで通じる、また理解する◆[日]だち、たち,N1,on,on+on,B_verb_rad_刀(kun 80%),到:◆目指すところに行き着く(達する、届く)、ある時間・状態になる(達する、届く)、同「至」◆それより先がない(これ以上はない)ところまで行き着く、極まる、同「至」; 達:◆道が滞(とどこお)ることなく通じる◆目的とするところまで行き着く、また届く◆目標としたことを成し遂げる◆物事の奥深くまで通じる、また理解する◆[日]だち、たち
kk_制する_せいする,制する,せいする,制:◆断(た)つ、切る◆断って目的とする形にする、また形を整(ととの)える、同繁「製」、同「剬」◆決まり、規則、法(ホウ)◆枠(わく)をはみ出さないように押さえる、,N1,on,on,IL1_okurigana(kun 96%) | IL2_single_okuri(kun 96%) | B_verb_rad_刀(kun 80%),制:◆断(た)つ、切る◆断って目的とする形にする、また形を整(ととの)える、同繁「製」、同「剬」◆決まり、規則、法(ホウ)◆枠(わく)をはみ出さないように押さえる、
kk_制定_せいてい,制定,せいてい,制:◆断(た)つ、切る◆断って目的とする形にする、また形を整(ととの)える、同繁「製」、同「剬」◆決まり、規則、法(ホウ)◆枠(わく)をはみ出さないように押さえる、; 定:◆さだ・まる、動きや乱れが鎮(しず)まって変化・変動しない状態になる、平静になる、落ち着く、「鎮定(チンテイ)」◆さだ・める、動いたり揺らいだりしない状態にする,N1,on,on+on,B_verb_rad_刀(kun 80%) | B_noun_rad_宀(kun 93%),制:◆断(た)つ、切る◆断って目的とする形にする、また形を整(ととの)える、同繁「製」、同「剬」◆決まり、規則、法(ホウ)◆枠(わく)をはみ出さないように押さえる、; 定:◆さだ・まる、動きや乱れが鎮(しず)まって変化・変動しない状態になる、平静になる、落ち着く、「鎮定(チンテイ)」◆さだ・める、動いたり揺らいだりしない状態にする
kk_制御_せいぎょ,制御,せいぎょ,制:◆断(た)つ、切る◆断って目的とする形にする、また形を整(ととの)える、同繁「製」、同「剬」◆決まり、規則、法(ホウ)◆枠(わく)をはみ出さないように押さえる、; 御:◆(馬などを)意のままに操(あやつ)る、またその人、同「馭」◆治(おさ)める、統治(トウチ)する◆天子に関する言葉に付けて尊敬の意を表す語◆侍(はべ)る、天子に,N1,on,on+on,A3_short_compound(on+on 71%) | B_verb_rad_刀(kun 80%),制:◆断(た)つ、切る◆断って目的とする形にする、また形を整(ととの)える、同繁「製」、同「剬」◆決まり、規則、法(ホウ)◆枠(わく)をはみ出さないように押さえる、; 御:◆(馬などを)意のままに操(あやつ)る、またその人、同「馭」◆治(おさ)める、統治(トウチ)する◆天子に関する言葉に付けて尊敬の意を表す語◆侍(はべ)る、天子に
kk_制止_せいし,制止,せいし,制:◆断(た)つ、切る◆断って目的とする形にする、また形を整(ととの)える、同繁「製」、同「剬」◆決まり、規則、法(ホウ)◆枠(わく)をはみ出さないように押さえる、; 止:◆ものが動かないように(しっかりと)立つための支えとなる基(もと、土台)◆体を支える足(あし)◆同じ所に留(とど)まって動かない[†「止」は止まったまま動かない,N1,on,on+on,A3_short_compound(on+on 71%) | B_verb_rad_刀(kun 80%),制:◆断(た)つ、切る◆断って目的とする形にする、また形を整(ととの)える、同繁「製」、同「剬」◆決まり、規則、法(ホウ)◆枠(わく)をはみ出さないように押さえる、; 止:◆ものが動かないように(しっかりと)立つための支えとなる基(もと、土台)◆体を支える足(あし)◆同じ所に留(とど)まって動かない[†「止」は止まったまま動かない
kk_制約_せいやく,制約,せいやく,制:◆断(た)つ、切る◆断って目的とする形にする、また形を整(ととの)える、同繁「製」、同「剬」◆決まり、規則、法(ホウ)◆枠(わく)をはみ出さないように押さえる、; 約:◆束ねる、纏(まと)めて束ねる、小さく纏める、同「𠣩」◆結ぶ、結び目、「約定(ヤクジョウ、互いに取り決め結び合うこと)」◆「約束(ヤクソク)」◇しっかりと縛(し,N1,on,on+on,B_verb_rad_刀(kun 80%),制:◆断(た)つ、切る◆断って目的とする形にする、また形を整(ととの)える、同繁「製」、同「剬」◆決まり、規則、法(ホウ)◆枠(わく)をはみ出さないように押さえる、; 約:◆束ねる、纏(まと)めて束ねる、小さく纏める、同「𠣩」◆結ぶ、結び目、「約定(ヤクジョウ、互いに取り決め結び合うこと)」◆「約束(ヤクソク)」◇しっかりと縛(し
kk_制裁_せいさい,制裁,せいさい,制:◆断(た)つ、切る◆断って目的とする形にする、また形を整(ととの)える、同繁「製」、同「剬」◆決まり、規則、法(ホウ)◆枠(わく)をはみ出さないように押さえる、; 裁:◆形に合わせて布(ぬの)を断(た)つ、布を断ち衣服に仕立てる、同「製」「𧚶」◆断(た)つ、切る◆切って形を整える、同「財」◆型(かた)、形式、様式(ヨウシキ)◆,N1,on,on+on,B_verb_rad_刀(kun 80%),制:◆断(た)つ、切る◆断って目的とする形にする、また形を整(ととの)える、同繁「製」、同「剬」◆決まり、規則、法(ホウ)◆枠(わく)をはみ出さないように押さえる、; 裁:◆形に合わせて布(ぬの)を断(た)つ、布を断ち衣服に仕立てる、同「製」「𧚶」◆断(た)つ、切る◆切って形を整える、同「財」◆型(かた)、形式、様式(ヨウシキ)◆
kk_刺繍_ししゅう,刺繍,ししゅう,刺:◆さ・す、針などの細く先端が尖(とが)ったものでまっすぐに突く、また突き入れる、同「㓨」◆(痛いところを)ちくりと突く、「諷刺(フウシ)」「譏刺(キシ)」◆棘(; 繍:◆布に色糸を使って絵や模様を描(えが)く、縫(ぬ)い取る、またその絵や模様、同「綉」,N1,on,on+on,A3_short_compound(on+on 71%) | B_verb_rad_刀(kun 80%),刺:◆さ・す、針などの細く先端が尖(とが)ったものでまっすぐに突く、また突き入れる、同「㓨」◆(痛いところを)ちくりと突く、「諷刺(フウシ)」「譏刺(キシ)」◆棘(; 繍:◆布に色糸を使って絵や模様を描(えが)く、縫(ぬ)い取る、またその絵や模様、同「綉」
kk_前もって_まえもって,前もって,まえもって,前:◆(前に)進む、またその方向、同「先」、「前途(ぜんと、目的地に向かう道のり、将来)」◆位置的には先の方向、時間的には過去の方向、順序では上位の方向、同「先」、,N1,kun,kun,IL1_okurigana(kun 96%) | IL2_single_okuri(kun 96%) | B_verb_rad_刀(kun 80%),前:◆(前に)進む、またその方向、同「先」、「前途(ぜんと、目的地に向かう道のり、将来)」◆位置的には先の方向、時間的には過去の方向、順序では上位の方向、同「先」、
kk_前例_ぜんれい,前例,ぜんれい,前:◆(前に)進む、またその方向、同「先」、「前途(ぜんと、目的地に向かう道のり、将来)」◆位置的には先の方向、時間的には過去の方向、順序では上位の方向、同「先」、; 例:◆たと・える、たと・えば、同じ種類・性質のものを列挙(レッキョ)する◆(同様のものを並べて)比べる、「比例(ヒレイ)」◆ためし、以前から行われていること、以前と,N1,on,on+on,B_verb_rad_刀(kun 80%),前:◆(前に)進む、またその方向、同「先」、「前途(ぜんと、目的地に向かう道のり、将来)」◆位置的には先の方向、時間的には過去の方向、順序では上位の方向、同「先」、; 例:◆たと・える、たと・えば、同じ種類・性質のものを列挙(レッキョ)する◆(同様のものを並べて)比べる、「比例(ヒレイ)」◆ためし、以前から行われていること、以前と
kk_前向き_まえむき,前向き,まえむき,前:◆(前に)進む、またその方向、同「先」、「前途(ぜんと、目的地に向かう道のり、将来)」◆位置的には先の方向、時間的には過去の方向、順序では上位の方向、同「先」、; 向:◆窓、北側に面した窓、同「郷」、「丿冂」は「宀」で「屋根のある建物」、「口」は「壁などに空いた窓」の意◆目的とするところを目指して行く、基点となるところから遠ざ,N1,kun,kun+kun,IL1_okurigana(kun 96%) | A1_compound_oku(kun 90%) | A1_on_kun_mix(on+kun 65%),前:◆(前に)進む、またその方向、同「先」、「前途(ぜんと、目的地に向かう道のり、将来)」◆位置的には先の方向、時間的には過去の方向、順序では上位の方向、同「先」、; 向:◆窓、北側に面した窓、同「郷」、「丿冂」は「宀」で「屋根のある建物」、「口」は「壁などに空いた窓」の意◆目的とするところを目指して行く、基点となるところから遠ざ
kk_前売り_まえうり,前売り,まえうり,前:◆(前に)進む、またその方向、同「先」、「前途(ぜんと、目的地に向かう道のり、将来)」◆位置的には先の方向、時間的には過去の方向、順序では上位の方向、同「先」、; 売:◆相手が欲しいと思っているものを渡して金銭(対価)を得る、金銭(対価)を渡して欲しいものを得るのは「買」,N1,kun,kun+kun,IL1_okurigana(kun 96%) | A1_compound_oku(kun 90%) | A1_on_kun_mix(on+kun 65%),前:◆(前に)進む、またその方向、同「先」、「前途(ぜんと、目的地に向かう道のり、将来)」◆位置的には先の方向、時間的には過去の方向、順序では上位の方向、同「先」、; 売:◆相手が欲しいと思っているものを渡して金銭(対価)を得る、金銭(対価)を渡して欲しいものを得るのは「買」
kk_前方_ぜんぽう,前方,ぜんぽう,前:◆(前に)進む、またその方向、同「先」、「前途(ぜんと、目的地に向かう道のり、将来)」◆位置的には先の方向、時間的には過去の方向、順序では上位の方向、同「先」、; 方:◆四角、四角いさま、角(かど)が直角になっているさま、「方形(ホウケイ)」◆数学で二つの数を掛け合わせた数(正方形・長方形の一つの角を成す二辺を掛け合わせた数),N1,other,mixed+mixed~,B_verb_rad_刀(kun 80%),前:◆(前に)進む、またその方向、同「先」、「前途(ぜんと、目的地に向かう道のり、将来)」◆位置的には先の方向、時間的には過去の方向、順序では上位の方向、同「先」、; 方:◆四角、四角いさま、角(かど)が直角になっているさま、「方形(ホウケイ)」◆数学で二つの数を掛け合わせた数(正方形・長方形の一つの角を成す二辺を掛け合わせた数)
kk_前書き_まえがき,前書き,まえがき,前:◆(前に)進む、またその方向、同「先」、「前途(ぜんと、目的地に向かう道のり、将来)」◆位置的には先の方向、時間的には過去の方向、順序では上位の方向、同「先」、; 書:◆文字を筆(聿)などで記(しる)す、著(あらわ)す、「書物(ショモツ)」「文書(ブンショ)」◆手紙、「書信(ショシン)」◆「書経(ショキョウ、別名尚書ショウショ,N1,other,mixed+mixed~,IL1_okurigana(kun 96%) | A1_compound_oku(kun 90%) | A1_on_kun_mix(on+kun 65%),前:◆(前に)進む、またその方向、同「先」、「前途(ぜんと、目的地に向かう道のり、将来)」◆位置的には先の方向、時間的には過去の方向、順序では上位の方向、同「先」、; 書:◆文字を筆(聿)などで記(しる)す、著(あらわ)す、「書物(ショモツ)」「文書(ブンショ)」◆手紙、「書信(ショシン)」◆「書経(ショキョウ、別名尚書ショウショ
kk_前線_ぜんせん,前線,ぜんせん,前:◆(前に)進む、またその方向、同「先」、「前途(ぜんと、目的地に向かう道のり、将来)」◆位置的には先の方向、時間的には過去の方向、順序では上位の方向、同「先」、; 線:◆糸や紐(ひも)、糸や紐のように細く長いもの、同「綫」「絤」「𦇫」「綖」◆糸や紐のように途切れずに長く延びているもの、二つの点と点を結ぶもの、またその形状や状態,N1,on,on+on,B_verb_rad_刀(kun 80%),前:◆(前に)進む、またその方向、同「先」、「前途(ぜんと、目的地に向かう道のり、将来)」◆位置的には先の方向、時間的には過去の方向、順序では上位の方向、同「先」、; 線:◆糸や紐(ひも)、糸や紐のように細く長いもの、同「綫」「絤」「𦇫」「綖」◆糸や紐のように途切れずに長く延びているもの、二つの点と点を結ぶもの、またその形状や状態
kk_前置き_まえおき,前置き,まえおき,前:◆(前に)進む、またその方向、同「先」、「前途(ぜんと、目的地に向かう道のり、将来)」◆位置的には先の方向、時間的には過去の方向、順序では上位の方向、同「先」、; 置:◆まっすぐに立てる、動かないように(傾いたり揺らいだり位置や状態が変わったりしないように)しっかりと据(す)える、同「寘」◆設(もう)ける、あるべきところに据え,N1,kun,kun+kun,IL1_okurigana(kun 96%) | A1_compound_oku(kun 90%) | A1_on_kun_mix(on+kun 65%),前:◆(前に)進む、またその方向、同「先」、「前途(ぜんと、目的地に向かう道のり、将来)」◆位置的には先の方向、時間的には過去の方向、順序では上位の方向、同「先」、; 置:◆まっすぐに立てる、動かないように(傾いたり揺らいだり位置や状態が変わったりしないように)しっかりと据(す)える、同「寘」◆設(もう)ける、あるべきところに据え
kk_剥ぐ_はぐ,剥ぐ,はぐ,剥:◆表面を覆(おお)っているものを切り取る、また切り外(はず)す、また取り去る、同「𠚩」「𠛧」◆表面を覆っているものが取れる◆身に着けているものを脱(ぬ)がす、ま,N1,kun,kun,IL1_okurigana(kun 96%) | IL2_single_okuri(kun 96%) | B_verb_rad_刀(kun 80%),剥:◆表面を覆(おお)っているものを切り取る、また切り外(はず)す、また取り去る、同「𠚩」「𠛧」◆表面を覆っているものが取れる◆身に着けているものを脱(ぬ)がす、ま
kk_剥げる_はげる,剥げる,はげる,剥:◆表面を覆(おお)っているものを切り取る、また切り外(はず)す、また取り去る、同「𠚩」「𠛧」◆表面を覆っているものが取れる◆身に着けているものを脱(ぬ)がす、ま,N1,kun,kun,IL1_okurigana(kun 96%) | IL2_single_okuri(kun 96%) | B_verb_rad_刀(kun 80%),剥:◆表面を覆(おお)っているものを切り取る、また切り外(はず)す、また取り去る、同「𠚩」「𠛧」◆表面を覆っているものが取れる◆身に着けているものを脱(ぬ)がす、ま
kk_割り当て_わりあて,割り当て,わりあて,割:◆刀で二つに裂く、裂いて切り離された状態にする◆十分の一(比率の単位); 当:◆正面からぶつかる、正面から向き合う、相対する、同「噹」◆適合する、相応しい◆受け持つ、引き受ける◆そうするべき、そうあるべき◆この(this)、今、此処(ここ,N1,kun,kun+kun,IL1_okurigana(kun 96%) | A1_compound_oku(kun 90%) | A1_on_kun_mix(on+kun 65%),割:◆刀で二つに裂く、裂いて切り離された状態にする◆十分の一(比率の単位); 当:◆正面からぶつかる、正面から向き合う、相対する、同「噹」◆適合する、相応しい◆受け持つ、引き受ける◆そうするべき、そうあるべき◆この(this)、今、此処(ここ
kk_割り当てる_わりあてる,割り当てる,わりあてる,割:◆刀で二つに裂く、裂いて切り離された状態にする◆十分の一(比率の単位); 当:◆正面からぶつかる、正面から向き合う、相対する、同「噹」◆適合する、相応しい◆受け持つ、引き受ける◆そうするべき、そうあるべき◆この(this)、今、此処(ここ,N1,kun,kun+kun,IL1_okurigana(kun 96%) | A1_compound_oku(kun 90%) | A1_on_kun_mix(on+kun 65%),割:◆刀で二つに裂く、裂いて切り離された状態にする◆十分の一(比率の単位); 当:◆正面からぶつかる、正面から向き合う、相対する、同「噹」◆適合する、相応しい◆受け持つ、引き受ける◆そうするべき、そうあるべき◆この(this)、今、此処(ここ
kk_割り込む_わりこむ,割り込む,わりこむ,割:◆刀で二つに裂く、裂いて切り離された状態にする◆十分の一(比率の単位); 込:◆[日]中に(内に、裏に、見えないところに)入(はい)る、入(い)れる,N1,kun,kun+kun,IL1_okurigana(kun 96%) | A1_compound_oku(kun 90%) | A1_on_kun_mix(on+kun 65%),割:◆刀で二つに裂く、裂いて切り離された状態にする◆十分の一(比率の単位); 込:◆[日]中に(内に、裏に、見えないところに)入(はい)る、入(い)れる
kk_創刊_そうかん,創刊,そうかん,創:◆傷(きず)、切り傷、同「瘡」◆傷付ける、刃物で切り込みを入れる、彫(ほ)る、彫り込む、同「𠛂」◆(まず刃物で切り込みを入れるところから始めるの意で)仕事をし始; 刊:◆(木などを)切る、削(そ)ぐ◆削(けず)る、削り取る◆(版木や石に文字などを)刻(きざ)み込む、彫(ほ)る、「刊正(カンセイ、誤った部分を削り取って彫り直すこ,N1,on,on+on,B_verb_rad_刀(kun 80%) | B_verb_rad_刀(kun 80%),創:◆傷(きず)、切り傷、同「瘡」◆傷付ける、刃物で切り込みを入れる、彫(ほ)る、彫り込む、同「𠛂」◆(まず刃物で切り込みを入れるところから始めるの意で)仕事をし始; 刊:◆(木などを)切る、削(そ)ぐ◆削(けず)る、削り取る◆(版木や石に文字などを)刻(きざ)み込む、彫(ほ)る、「刊正(カンセイ、誤った部分を削り取って彫り直すこ
kk_創立_そうりつ,創立,そうりつ,創:◆傷(きず)、切り傷、同「瘡」◆傷付ける、刃物で切り込みを入れる、彫(ほ)る、彫り込む、同「𠛂」◆(まず刃物で切り込みを入れるところから始めるの意で)仕事をし始; 立:◆地(チ、地面、土台、基盤)に足を着け垂直にする、また垂直になる、地から上に向かって伸ばす、また伸びる◆しっかりとした土台を築いてその上にものを作り上げて行く、,N1,on,on+on,B_verb_rad_刀(kun 80%),創:◆傷(きず)、切り傷、同「瘡」◆傷付ける、刃物で切り込みを入れる、彫(ほ)る、彫り込む、同「𠛂」◆(まず刃物で切り込みを入れるところから始めるの意で)仕事をし始; 立:◆地(チ、地面、土台、基盤)に足を着け垂直にする、また垂直になる、地から上に向かって伸ばす、また伸びる◆しっかりとした土台を築いてその上にものを作り上げて行く、
kk_劇的_げきてき,劇的,げきてき,劇:◆激しい、烈(はげ)しい、甚(はなは)だしい◆忙(せわ)しい、目まぐるしい◆舞踊や芝居、同「戯」; 的:◆弓で矢を射(い)る時の目標とするもの、同「㢩」「墑」◆額(ひたい)の部分だけが白い馬、またその額の白い部分、女性が額に施(ほどこ)す(赤い点状の)装飾◆(弓の,N1,on,on+on,B_verb_rad_刀(kun 80%),劇:◆激しい、烈(はげ)しい、甚(はなは)だしい◆忙(せわ)しい、目まぐるしい◆舞踊や芝居、同「戯」; 的:◆弓で矢を射(い)る時の目標とするもの、同「㢩」「墑」◆額(ひたい)の部分だけが白い馬、またその額の白い部分、女性が額に施(ほどこ)す(赤い点状の)装飾◆(弓の
kk_加入_かにゅう,加入,かにゅう,加:◆足(た)す、付け足す、継(つ)ぎ足す、注(つ)ぎ足す◆増(ふ)やす、増える◆その上に～、その上更に～; 入:◆範囲・領域・組織や区切り・境界の外(外側、外部、表側、向こう側、公のところ)から内(内側、内部、裏側、こちら側、私的なところ)に移る、また移す、内から外へ移る,N1,on,on+on,A3_short_compound(on+on 71%) | B_verb_rad_力(kun 80%),加:◆足(た)す、付け足す、継(つ)ぎ足す、注(つ)ぎ足す◆増(ふ)やす、増える◆その上に～、その上更に～; 入:◆範囲・領域・組織や区切り・境界の外(外側、外部、表側、向こう側、公のところ)から内(内側、内部、裏側、こちら側、私的なところ)に移る、また移す、内から外へ移る
kk_加味_かみ,加味,かみ,加:◆足(た)す、付け足す、継(つ)ぎ足す、注(つ)ぎ足す◆増(ふ)やす、増える◆その上に～、その上更に～; 味:◆舌で感じる、舌の感覚◆「五味(ゴミ)」、舌の感覚(味)を五つに大別したもの、酸(酸っぱい味)苦(苦い味)辛(辛い味)鹹(塩辛い味)甘(甘い味)、「【禮記注疏(,N1,on,on+on,A3_short_compound(on+on 71%) | B_verb_rad_力(kun 80%),加:◆足(た)す、付け足す、継(つ)ぎ足す、注(つ)ぎ足す◆増(ふ)やす、増える◆その上に～、その上更に～; 味:◆舌で感じる、舌の感覚◆「五味(ゴミ)」、舌の感覚(味)を五つに大別したもの、酸(酸っぱい味)苦(苦い味)辛(辛い味)鹹(塩辛い味)甘(甘い味)、「【禮記注疏(
kk_加盟_かめい,加盟,かめい,加:◆足(た)す、付け足す、継(つ)ぎ足す、注(つ)ぎ足す◆増(ふ)やす、増える◆その上に～、その上更に～; 盟:◆はっきりと誓う、堅く約束する、古く犠牲(ギセイ、いけにえ)の血を皿に注いで互いにそれを啜(すす)ることで約束を違えないことの証(あかし)とした,N1,on,on+on,A3_short_compound(on+on 71%) | B_verb_rad_力(kun 80%),加:◆足(た)す、付け足す、継(つ)ぎ足す、注(つ)ぎ足す◆増(ふ)やす、増える◆その上に～、その上更に～; 盟:◆はっきりと誓う、堅く約束する、古く犠牲(ギセイ、いけにえ)の血を皿に注いで互いにそれを啜(すす)ることで約束を違えないことの証(あかし)とした
kk_劣等_れっとう,劣等,れっとう,劣:◆他のものや標準的・平均的なものと比較して(まったく欠けているわけではないが、やや)少ない、また小さい、また足りない、また及ばない、また低い、また弱い、また良く; 等:◆きちんと揃(そろ)え整(ととの)えられた竹簡(チクカン、竹の札に記された文書)◆凸凹せずにきちんと揃う、また揃える、また整える◆数・量・大きさ・程度などが同じ,N1,on,on+on,B_verb_rad_力(kun 80%) | B_noun_rad_竹(kun 93%),劣:◆他のものや標準的・平均的なものと比較して(まったく欠けているわけではないが、やや)少ない、また小さい、また足りない、また及ばない、また低い、また弱い、また良く; 等:◆きちんと揃(そろ)え整(ととの)えられた竹簡(チクカン、竹の札に記された文書)◆凸凹せずにきちんと揃う、また揃える、また整える◆数・量・大きさ・程度などが同じ
kk_努めて_つとめて,努めて,つとめて,努:◆つと・める、力を尽くす、勉(つと)める◆突き出るさま、突出するさま◆永字八法の一つ、縦画の書き方、「弩」ともいう、現代中国では「竪(しゅ)」 ◆[日]つと・め,N1,kun,kun,IL1_okurigana(kun 96%) | IL2_single_okuri(kun 96%) | B_verb_rad_力(kun 80%),努:◆つと・める、力を尽くす、勉(つと)める◆突き出るさま、突出するさま◆永字八法の一つ、縦画の書き方、「弩」ともいう、現代中国では「竪(しゅ)」 ◆[日]つと・め
kk_励む_はげむ,励む,はげむ,励:◆はげ・ます、元気付ける、力付ける、奮(ふる)い立たせる◆仕事などに力を注ぐ,N1,kun,kun,IL1_okurigana(kun 96%) | IL2_single_okuri(kun 96%) | B_verb_rad_力(kun 80%),励:◆はげ・ます、元気付ける、力付ける、奮(ふる)い立たせる◆仕事などに力を注ぐ
kk_労わる_いたわる,労わる,いたわる,労:◆精一杯務める、力を尽くして働く、またそのような人◆力を出し尽くして疲れる、困憊(コンパイ)する◆いた・わる、ねぎら・う、働きや骨折り・疲れや辛苦を慰める,N1,kun,kun,IL1_okurigana(kun 96%) | IL2_single_okuri(kun 96%) | B_verb_rad_力(kun 80%),労:◆精一杯務める、力を尽くして働く、またそのような人◆力を出し尽くして疲れる、困憊(コンパイ)する◆いた・わる、ねぎら・う、働きや骨折り・疲れや辛苦を慰める
kk_労力_ろうりょく,労力,ろうりょく,労:◆精一杯務める、力を尽くして働く、またそのような人◆力を出し尽くして疲れる、困憊(コンパイ)する◆いた・わる、ねぎら・う、働きや骨折り・疲れや辛苦を慰める; 力:◆ものを動かすもの、ものを動かしているもの、ものに働(はたら)くもの、「強力(キョウリョク、強い力)」◆働く、務(つと)める、勤(つと)める、「努力(ドリョク、,N1,on,on+on,B_verb_rad_力(kun 80%) | B_verb_rad_力(kun 80%),労:◆精一杯務める、力を尽くして働く、またそのような人◆力を出し尽くして疲れる、困憊(コンパイ)する◆いた・わる、ねぎら・う、働きや骨折り・疲れや辛苦を慰める; 力:◆ものを動かすもの、ものを動かしているもの、ものに働(はたら)くもの、「強力(キョウリョク、強い力)」◆働く、務(つと)める、勤(つと)める、「努力(ドリョク、
kk_効用_こうよう,効用,こうよう,効:◆致(いた)す、力を尽くす、力を発揮する◆致す(力を尽くす、力を発揮する)ことによって結果・成果が現れる(得られる)◆他に致す(作用する)ことによって現れる(得; 用:◆人や物、或いはその特性や能力を使う、また使ってあることを行う、また役立たせる◆働かせる、発揮させる、またそのために必要な特性・能力・金銭など◆以(もっ)て◆[,N1,on,on+on,B_verb_rad_力(kun 80%),効:◆致(いた)す、力を尽くす、力を発揮する◆致す(力を尽くす、力を発揮する)ことによって結果・成果が現れる(得られる)◆他に致す(作用する)ことによって現れる(得; 用:◆人や物、或いはその特性や能力を使う、また使ってあることを行う、また役立たせる◆働かせる、発揮させる、またそのために必要な特性・能力・金銭など◆以(もっ)て◆[
kk_勇敢_ゆうかん,勇敢,ゆうかん,勇:◆気力が満ちているさま、気力に満ちて恐れを知らない、恐れることなく立ち向かう、逞(たくま)しく怯(ひる)まない、同「恿」; 敢:◆(不安・周りからの反対・相手への気兼ねなどの)押し止(とど)めようとするものを撥(は)ね除(の)けて思うところをする、思い切って～する,N1,on,on+on,B_verb_rad_力(kun 80%),勇:◆気力が満ちているさま、気力に満ちて恐れを知らない、恐れることなく立ち向かう、逞(たくま)しく怯(ひる)まない、同「恿」; 敢:◆(不安・周りからの反対・相手への気兼ねなどの)押し止(とど)めようとするものを撥(は)ね除(の)けて思うところをする、思い切って～する
kk_動向_どうこう,動向,どうこう,動:◆位置・姿勢・感情・状態・事情などが変わる、また変える、また変わり始める、「動作」「行動」「感動」◆やや・もすれば、どうかすると(～になる、～になりやすい); 向:◆窓、北側に面した窓、同「郷」、「丿冂」は「宀」で「屋根のある建物」、「口」は「壁などに空いた窓」の意◆目的とするところを目指して行く、基点となるところから遠ざ,N1,on,on+on,B_verb_rad_力(kun 80%),動:◆位置・姿勢・感情・状態・事情などが変わる、また変える、また変わり始める、「動作」「行動」「感動」◆やや・もすれば、どうかすると(～になる、～になりやすい); 向:◆窓、北側に面した窓、同「郷」、「丿冂」は「宀」で「屋根のある建物」、「口」は「壁などに空いた窓」の意◆目的とするところを目指して行く、基点となるところから遠ざ
kk_動揺_どうよう,動揺,どうよう,動:◆位置・姿勢・感情・状態・事情などが変わる、また変える、また変わり始める、「動作」「行動」「感動」◆やや・もすれば、どうかすると(～になる、～になりやすい); 揺:◆上下・左右・前後に行きつ戻りつするように動く、また動かす,N1,on,on+on,B_verb_rad_力(kun 80%) | B_verb_rad_手(kun 80%),動:◆位置・姿勢・感情・状態・事情などが変わる、また変える、また変わり始める、「動作」「行動」「感動」◆やや・もすれば、どうかすると(～になる、～になりやすい); 揺:◆上下・左右・前後に行きつ戻りつするように動く、また動かす
kk_動的_どうてき,動的,どうてき,動:◆位置・姿勢・感情・状態・事情などが変わる、また変える、また変わり始める、「動作」「行動」「感動」◆やや・もすれば、どうかすると(～になる、～になりやすい); 的:◆弓で矢を射(い)る時の目標とするもの、同「㢩」「墑」◆額(ひたい)の部分だけが白い馬、またその額の白い部分、女性が額に施(ほどこ)す(赤い点状の)装飾◆(弓の,N1,on,on+on,B_verb_rad_力(kun 80%),動:◆位置・姿勢・感情・状態・事情などが変わる、また変える、また変わり始める、「動作」「行動」「感動」◆やや・もすれば、どうかすると(～になる、～になりやすい); 的:◆弓で矢を射(い)る時の目標とするもの、同「㢩」「墑」◆額(ひたい)の部分だけが白い馬、またその額の白い部分、女性が額に施(ほどこ)す(赤い点状の)装飾◆(弓の
kk_勘ぐる_かんぐる,勘ぐる,かんぐる,勘:◆よく突き合わせながら考える、詳しく比べる◆(罪を)問い質(ただ)す、詳しく取り調べる◆[日]かん、第六感、感覚では知覚できな物事を確かに感じ知ること,N1,on,on,IL1_okurigana(kun 96%) | IL2_single_okuri(kun 96%) | B_verb_rad_力(kun 80%),勘:◆よく突き合わせながら考える、詳しく比べる◆(罪を)問い質(ただ)す、詳しく取り調べる◆[日]かん、第六感、感覚では知覚できな物事を確かに感じ知ること
kk_勘弁_かんべん,勘弁,かんべん,勘:◆よく突き合わせながら考える、詳しく比べる◆(罪を)問い質(ただ)す、詳しく取り調べる◆[日]かん、第六感、感覚では知覚できな物事を確かに感じ知ること; 弁:◆頭に被(かぶ)る冠(かんむり)や帽子、冕(ベン、高位の人の正装用の冠)なども含む、同「㝸」「𢍍」◆冠を被(かぶ)る、同「𠭛」◆元服(ゲンプク、男子が成人したこ,N1,on,on+on,B_verb_rad_力(kun 80%),勘:◆よく突き合わせながら考える、詳しく比べる◆(罪を)問い質(ただ)す、詳しく取り調べる◆[日]かん、第六感、感覚では知覚できな物事を確かに感じ知ること; 弁:◆頭に被(かぶ)る冠(かんむり)や帽子、冕(ベン、高位の人の正装用の冠)なども含む、同「㝸」「𢍍」◆冠を被(かぶ)る、同「𠭛」◆元服(ゲンプク、男子が成人したこ
kk_勘当_かんどう,勘当,かんどう,勘:◆よく突き合わせながら考える、詳しく比べる◆(罪を)問い質(ただ)す、詳しく取り調べる◆[日]かん、第六感、感覚では知覚できな物事を確かに感じ知ること; 当:◆正面からぶつかる、正面から向き合う、相対する、同「噹」◆適合する、相応しい◆受け持つ、引き受ける◆そうするべき、そうあるべき◆この(this)、今、此処(ここ,N1,on,on+mixed~,B_verb_rad_力(kun 80%),勘:◆よく突き合わせながら考える、詳しく比べる◆(罪を)問い質(ただ)す、詳しく取り調べる◆[日]かん、第六感、感覚では知覚できな物事を確かに感じ知ること; 当:◆正面からぶつかる、正面から向き合う、相対する、同「噹」◆適合する、相応しい◆受け持つ、引き受ける◆そうするべき、そうあるべき◆この(this)、今、此処(ここ
kk_務まる/勤まる_つとまる,務まる/勤まる,つとまる,務:◆成すべきこと、ひたすら力を注(そそ)ぐべきこと◆努(つと)める、成すべきことにひたすら力を尽くす、同「敄」◆強(し)いて、押して、無理にでも; 勤:◆すべきことに(仕事に)力を注(そそ)ぐ、励(はげ)む、精(セイ)を出す、同「廑」,N1,kun,kun+kun~,IL1_okurigana(kun 96%) | A1_compound_oku(kun 90%) | A1_on_kun_mix(on+kun 65%),務:◆成すべきこと、ひたすら力を注(そそ)ぐべきこと◆努(つと)める、成すべきことにひたすら力を尽くす、同「敄」◆強(し)いて、押して、無理にでも; 勤:◆すべきことに(仕事に)力を注(そそ)ぐ、励(はげ)む、精(セイ)を出す、同「廑」
kk_勝ち組_かちぐみ,勝ち組,かちぐみ,勝:◆責任や任務によく耐える、また耐えることができる◆克(か)つ、克服する、(困難に耐え)乗り越え成し遂げる◆～を上回る、～より優(すぐ)れる、優れている◆相手を上; 組:◆糸や紐(ひも)を編んだ紐、「組紐(くみひも)」◆幾つかのものを合わせて一つに纏(まと)める、また一つに纏まったもの◆「組織(ソシキ)」◇紐を編み糸を織ること◇,N1,other,mixed+mixed~,IL1_okurigana(kun 96%) | A1_compound_oku(kun 90%) | A1_on_kun_mix(on+kun 65%),勝:◆責任や任務によく耐える、また耐えることができる◆克(か)つ、克服する、(困難に耐え)乗り越え成し遂げる◆～を上回る、～より優(すぐ)れる、優れている◆相手を上; 組:◆糸や紐(ひも)を編んだ紐、「組紐(くみひも)」◆幾つかのものを合わせて一つに纏(まと)める、また一つに纏まったもの◆「組織(ソシキ)」◇紐を編み糸を織ること◇
kk_勝る_まさる,勝る,まさる,勝:◆責任や任務によく耐える、また耐えることができる◆克(か)つ、克服する、(困難に耐え)乗り越え成し遂げる◆～を上回る、～より優(すぐ)れる、優れている◆相手を上,N1,kun,kun,IL1_okurigana(kun 96%) | IL2_single_okuri(kun 96%) | B_verb_rad_力(kun 80%),勝:◆責任や任務によく耐える、また耐えることができる◆克(か)つ、克服する、(困難に耐え)乗り越え成し遂げる◆～を上回る、～より優(すぐ)れる、優れている◆相手を上
kk_勝算_しょうさん,勝算,しょうさん,勝:◆責任や任務によく耐える、また耐えることができる◆克(か)つ、克服する、(困難に耐え)乗り越え成し遂げる◆～を上回る、～より優(すぐ)れる、優れている◆相手を上; 算:◆数(かず)を数(かぞ)える、同「筭」◆数を計算する(本数や置き方によって数を表す)ための竹の棒、占いにも用いる、同「籌」、「算籌(サンチュウ、計算また占いに用,N1,on,on+on,B_verb_rad_力(kun 80%) | B_noun_rad_竹(kun 93%),勝:◆責任や任務によく耐える、また耐えることができる◆克(か)つ、克服する、(困難に耐え)乗り越え成し遂げる◆～を上回る、～より優(すぐ)れる、優れている◆相手を上; 算:◆数(かず)を数(かぞ)える、同「筭」◆数を計算する(本数や置き方によって数を表す)ための竹の棒、占いにも用いる、同「籌」、「算籌(サンチュウ、計算また占いに用
kk_募る_つのる,募る,つのる,募:◆広く呼び掛けて参加や金品を求める、「募兵(ボヘイ)」◆[日]ますます強くなる、高じる,N1,kun,kun,IL1_okurigana(kun 96%) | IL2_single_okuri(kun 96%) | B_verb_rad_力(kun 80%),募:◆広く呼び掛けて参加や金品を求める、「募兵(ボヘイ)」◆[日]ますます強くなる、高じる
kk_募金_ぼきん,募金,ぼきん,募:◆広く呼び掛けて参加や金品を求める、「募兵(ボヘイ)」◆[日]ますます強くなる、高じる; 金:◆黄金・白銀・赤銅・青銅・青鉛・黒鉄などの総称、金属の総称◆(黄金のように)黄色い、輝く、美しい、貴重な、(金属のように)堅い◆金属製のもの◆銭(ぜに)、またそ,N1,on,on+on,A3_short_compound(on+on 71%) | B_verb_rad_力(kun 80%) | B_noun_rad_金(kun 93%),募:◆広く呼び掛けて参加や金品を求める、「募兵(ボヘイ)」◆[日]ますます強くなる、高じる; 金:◆黄金・白銀・赤銅・青銅・青鉛・黒鉄などの総称、金属の総称◆(黄金のように)黄色い、輝く、美しい、貴重な、(金属のように)堅い◆金属製のもの◆銭(ぜに)、またそ
kk_勢力_せいりょく,勢力,せいりょく,勢:◆他を押さえ押し退ける力が強いさま、他に大きな影響を及ぼすさま◆物事の変化の様子や程度(「情勢」「時勢」など)、変化のあるものの姿や状態(「姿勢」「形勢」など); 力:◆ものを動かすもの、ものを動かしているもの、ものに働(はたら)くもの、「強力(キョウリョク、強い力)」◆働く、務(つと)める、勤(つと)める、「努力(ドリョク、,N1,on,on+on,B_verb_rad_力(kun 80%) | B_verb_rad_力(kun 80%),勢:◆他を押さえ押し退ける力が強いさま、他に大きな影響を及ぼすさま◆物事の変化の様子や程度(「情勢」「時勢」など)、変化のあるものの姿や状態(「姿勢」「形勢」など); 力:◆ものを動かすもの、ものを動かしているもの、ものに働(はたら)くもの、「強力(キョウリョク、強い力)」◆働く、務(つと)める、勤(つと)める、「努力(ドリョク、
kk_勤続_きんぞく,勤続,きんぞく,勤:◆すべきことに(仕事に)力を注(そそ)ぐ、励(はげ)む、精(セイ)を出す、同「廑」; 続:◆切れることなく繋(つな)がる、また連(つら)なる◆前との関係を保ちながら次々に繋がって行く、「継続(ケイゾク)」「連続(レンゾク)」◆前の物事を受け、それを後,N1,on,on+on,B_verb_rad_力(kun 80%),勤:◆すべきことに(仕事に)力を注(そそ)ぐ、励(はげ)む、精(セイ)を出す、同「廑」; 続:◆切れることなく繋(つな)がる、また連(つら)なる◆前との関係を保ちながら次々に繋がって行く、「継続(ケイゾク)」「連続(レンゾク)」◆前の物事を受け、それを後
kk_勧告_かんこく,勧告,かんこく,勧:◆手を貸し励(はげ)まし促(うなが)す、繰返し促す; 告:◆(下位者が上位者に、また人に)～であると(～であることを)知らせる、伝える、「報告(ホウコク)」、上位者が下位者に対して告げるのは「誥」◆上位者が下位者に知ら,N1,on,on+on,B_verb_rad_力(kun 80%),勧:◆手を貸し励(はげ)まし促(うなが)す、繰返し促す; 告:◆(下位者が上位者に、また人に)～であると(～であることを)知らせる、伝える、「報告(ホウコク)」、上位者が下位者に対して告げるのは「誥」◆上位者が下位者に知ら
kk_勧誘_かんゆう,勧誘,かんゆう,勧:◆手を貸し励(はげ)まし促(うなが)す、繰返し促す; 誘:◆道を示しながら先導する◆一緒に～するよう勧める、説いて～をさせる◆引き寄せる、引き起こす,N1,on,on+on,B_verb_rad_力(kun 80%) | B_verb_rad_言(kun 80%),勧:◆手を貸し励(はげ)まし促(うなが)す、繰返し促す; 誘:◆道を示しながら先導する◆一緒に～するよう勧める、説いて～をさせる◆引き寄せる、引き起こす
kk_勾配_こうばい,勾配,こうばい,"勾:◆曲がる、湾曲する、同「句」◆""」Ｊ""字状(鉤状)に曲がる、同「句」「鈎(鉤)」◆鉤(かぎ)状のものでひっかける、同「拘」◆言葉や文章の区切りの記号(""」""、閉; 配:◆釣り合いが取れるようにする、相応(ふさわ)しい形や状態にする◆幾つかのものを合わせて(結び付けて)整える、調和させる◆結婚した相手、また妻、「配偶(ハイグウ、",N1,on,on+mixed~,,"勾:◆曲がる、湾曲する、同「句」◆""」Ｊ""字状(鉤状)に曲がる、同「句」「鈎(鉤)」◆鉤(かぎ)状のものでひっかける、同「拘」◆言葉や文章の区切りの記号(""」""、閉; 配:◆釣り合いが取れるようにする、相応(ふさわ)しい形や状態にする◆幾つかのものを合わせて(結び付けて)整える、調和させる◆結婚した相手、また妻、「配偶(ハイグウ、"
kk_化ける_ばける,化ける,ばける,化:◆性質・形状・状態などが元とは全く違ったものに変わる、まだ元の様子が分かる程度の変化は「変」◆他の影響を受けて、また時間を経ることによって考えや態度などが変わる,N1,kun,kun,IL1_okurigana(kun 96%) | IL2_single_okuri(kun 96%),化:◆性質・形状・状態などが元とは全く違ったものに変わる、まだ元の様子が分かる程度の変化は「変」◆他の影響を受けて、また時間を経ることによって考えや態度などが変わる
kk_匹敵_ひってき,匹敵,ひってき,匹:◆一対(ツイ)になる、二つで一組になる◆対になること、互いに釣り合いが取れること、「匹敵(ヒッテキ、釣り合うこと、対等であること、またその相手)」◆「匹配(ヒッ; 敵:◆正面から向き合う(向き合える)相手、釣り合いの取れた相手◆「匹敵(ヒッテキ)」、釣り合うこと、対等であること、またその相手◆正面から向き合う、また立ち向かう、,N1,on,on+on,,匹:◆一対(ツイ)になる、二つで一組になる◆対になること、互いに釣り合いが取れること、「匹敵(ヒッテキ、釣り合うこと、対等であること、またその相手)」◆「匹配(ヒッ; 敵:◆正面から向き合う(向き合える)相手、釣り合いの取れた相手◆「匹敵(ヒッテキ)」、釣り合うこと、対等であること、またその相手◆正面から向き合う、また立ち向かう、
kk_区切り_くぎり,区切り,くぎり,区:◆ある大きさのものを幾つかに別(わ)ける、仕切(しき)る◆周りを仕切ったところ、他から仕切られたところ◆行政上の地域の単位◆小さいさま、細かいさま◆戦国時代(前; 切:◆刃物などですっと断(た)つ、裁(た)つ、割(さ)く◆ぴったりとしたさま、隙(すき)がないさま、「親切(シンセツ)」◆近くまで迫(せま)る、差し迫る、「切近(セ,N1,on,on+mixed~,IL1_okurigana(kun 96%) | A1_compound_oku(kun 90%) | A1_on_kun_mix(on+kun 65%),区:◆ある大きさのものを幾つかに別(わ)ける、仕切(しき)る◆周りを仕切ったところ、他から仕切られたところ◆行政上の地域の単位◆小さいさま、細かいさま◆戦国時代(前; 切:◆刃物などですっと断(た)つ、裁(た)つ、割(さ)く◆ぴったりとしたさま、隙(すき)がないさま、「親切(シンセツ)」◆近くまで迫(せま)る、差し迫る、「切近(セ
kk_区画_くかく,区画,くかく,区:◆ある大きさのものを幾つかに別(わ)ける、仕切(しき)る◆周りを仕切ったところ、他から仕切られたところ◆行政上の地域の単位◆小さいさま、細かいさま◆戦国時代(前; 画:◆筆で線を引く、また線を引いて区切る、同「划」◆漢字の線や点の数(画数)を数える語◆輪郭(リンカク)を描く◆事に先立って案を作る、計画する、同「図」◆絵、絵を描,N1,on,on+on,A3_short_compound(on+on 71%),区:◆ある大きさのものを幾つかに別(わ)ける、仕切(しき)る◆周りを仕切ったところ、他から仕切られたところ◆行政上の地域の単位◆小さいさま、細かいさま◆戦国時代(前; 画:◆筆で線を引く、また線を引いて区切る、同「划」◆漢字の線や点の数(画数)を数える語◆輪郭(リンカク)を描く◆事に先立って案を作る、計画する、同「図」◆絵、絵を描
kk_十字路_じゅうじろ,十字路,じゅうじろ,十:◆数の名、十番目 ◆多い◆全て、全て備わる、全て揃う、「【說文解字:十部:十】數之具也一爲東西丨爲南北則四方中央備矣…」◆じゅう、部首名; 字:◆子を生む、生まれた子を慈(いつく)しみ育てる、同「𡥜」◆あざな、成人時に名付ける本名以外の名、男子は二十歳で成人とし初めて冠を被り、女子は許嫁(キョカ、いいな; 路:◆通り道、都市内・集落内・城内・邸内などの連絡用の道◆道、人などが往来する道、「道路(ドウロ)」、同「道」◆行き方、方法◆天子や諸侯が乗る車、同「輅」◆宋(96,N1,on,on+on+on,A4_multi_on(on+on+on 65%) | B_verb_rad_足(kun 80%),十:◆数の名、十番目 ◆多い◆全て、全て備わる、全て揃う、「【說文解字:十部:十】數之具也一爲東西丨爲南北則四方中央備矣…」◆じゅう、部首名; 字:◆子を生む、生まれた子を慈(いつく)しみ育てる、同「𡥜」◆あざな、成人時に名付ける本名以外の名、男子は二十歳で成人とし初めて冠を被り、女子は許嫁(キョカ、いいな; 路:◆通り道、都市内・集落内・城内・邸内などの連絡用の道◆道、人などが往来する道、「道路(ドウロ)」、同「道」◆行き方、方法◆天子や諸侯が乗る車、同「輅」◆宋(96
kk_半端_はんぱ,半端,はんぱ,半:◆凡そ二分の一、二分したものの片方◆途中、距離や時間の中間付近◆まだ完全でないさま; 端:◆物事の始まり、最初、「端緒(タンショ、タンチョ)」、同「耑」◆始め(始まり)か終わりのどちらか片方、「一端(イッタン)」「両端(リョウタン)」◆まっすぐなさま,N1,mixed,on+kun~,A3_short_compound(on+on 71%),半:◆凡そ二分の一、二分したものの片方◆途中、距離や時間の中間付近◆まだ完全でないさま; 端:◆物事の始まり、最初、「端緒(タンショ、タンチョ)」、同「耑」◆始め(始まり)か終わりのどちらか片方、「一端(イッタン)」「両端(リョウタン)」◆まっすぐなさま
kk_半製品_はんせいひん,半製品,はんせいひん,半:◆凡そ二分の一、二分したものの片方◆途中、距離や時間の中間付近◆まだ完全でないさま; 製:◆形に合わせて布(ぬの)を断(た)つ、布を断ち衣服に仕立てる、同「裁」◆目的とする形に作る、また形を整(ととの)える、同簡「制」; 品:◆物(もの)、多くの物、様々な物◆もの(人や物)の本質・価値・程度を判断する◆ものの値打ち、また価値、また程度・等級,N1,on,on+on+on,A4_multi_on(on+on+on 65%),半:◆凡そ二分の一、二分したものの片方◆途中、距離や時間の中間付近◆まだ完全でないさま; 製:◆形に合わせて布(ぬの)を断(た)つ、布を断ち衣服に仕立てる、同「裁」◆目的とする形に作る、また形を整(ととの)える、同簡「制」; 品:◆物(もの)、多くの物、様々な物◆もの(人や物)の本質・価値・程度を判断する◆ものの値打ち、また価値、また程度・等級
kk_卑しい_いやしい,卑しい,いやしい,卑:◆下にあるさま、低いさま、高いのは「尊」、「【周易正義(周易注疏):卷十一:繫辭上】天尊地卑乾坤定矣」◆身分や地位などが低い◆下等な、下品な、劣(おと)る、賤(,N1,kun,kun,IL1_okurigana(kun 96%) | IL2_single_okuri(kun 96%),卑:◆下にあるさま、低いさま、高いのは「尊」、「【周易正義(周易注疏):卷十一:繫辭上】天尊地卑乾坤定矣」◆身分や地位などが低い◆下等な、下品な、劣(おと)る、賤(
kk_協同_きょうどう,協同,きょうどう,協:◆共に力を合わせる、同「劦」◆合わせる、合わさる; 同:◆一所(ひとところ)に人が集まる、一緒になる◆意見や行動などを共にする◆一様なさま、揃っているさま◆～と等しい、～と共に◆「胡同(コドウ)」、町中を縦横に走る道,N1,on,on+on,,協:◆共に力を合わせる、同「劦」◆合わせる、合わさる; 同:◆一所(ひとところ)に人が集まる、一緒になる◆意見や行動などを共にする◆一様なさま、揃っているさま◆～と等しい、～と共に◆「胡同(コドウ)」、町中を縦横に走る道
kk_協定_きょうてい,協定,きょうてい,協:◆共に力を合わせる、同「劦」◆合わせる、合わさる; 定:◆さだ・まる、動きや乱れが鎮(しず)まって変化・変動しない状態になる、平静になる、落ち着く、「鎮定(チンテイ)」◆さだ・める、動いたり揺らいだりしない状態にする,N1,on,on+on,B_noun_rad_宀(kun 93%),協:◆共に力を合わせる、同「劦」◆合わせる、合わさる; 定:◆さだ・まる、動きや乱れが鎮(しず)まって変化・変動しない状態になる、平静になる、落ち着く、「鎮定(チンテイ)」◆さだ・める、動いたり揺らいだりしない状態にする
kk_協調_きょうちょう,協調,きょうちょう,協:◆共に力を合わせる、同「劦」◆合わせる、合わさる; 調:◆整える、釣り合いを取る、バランスbalanceを取る、不均衡・不公平などでない状態にする、不快感・違和感などを感じない状態に整える、「調和(チョウワ)」◆音律,N1,on,on+on,B_verb_rad_言(kun 80%),協:◆共に力を合わせる、同「劦」◆合わせる、合わさる; 調:◆整える、釣り合いを取る、バランスbalanceを取る、不均衡・不公平などでない状態にする、不快感・違和感などを感じない状態に整える、「調和(チョウワ)」◆音律
kk_協議_きょうぎ,協議,きょうぎ,協:◆共に力を合わせる、同「劦」◆合わせる、合わさる; 議:◆互いに意見を交わし合う◆物事の是非について意見を交わし合う、またそれよって適切な結論を得る◆文章様式の一種で、物事の理非についての意見を記述したもの,N1,on,on+on,A3_short_compound(on+on 71%) | B_verb_rad_言(kun 80%),協:◆共に力を合わせる、同「劦」◆合わせる、合わさる; 議:◆互いに意見を交わし合う◆物事の是非について意見を交わし合う、またそれよって適切な結論を得る◆文章様式の一種で、物事の理非についての意見を記述したもの
kk_単一_たんいつ,単一,たんいつ,単:◆一つ、ただ一つ、それだけ、ただそれだけ、異質のものや別物が混ざっていない状態を指す◆ひとえ◇重ならない、繰り返さない◇裏地のない衣服; 一:◆最初、最初の数、最も小さい数、同「壹」 ◆(幾つかあるものの内の、全体の中の)一つ、一つの、一つに、それだけ、ひたすら、同「壹」◆同じ、等しい、「同じ一つのも,N1,on,on+on,,単:◆一つ、ただ一つ、それだけ、ただそれだけ、異質のものや別物が混ざっていない状態を指す◆ひとえ◇重ならない、繰り返さない◇裏地のない衣服; 一:◆最初、最初の数、最も小さい数、同「壹」 ◆(幾つかあるものの内の、全体の中の)一つ、一つの、一つに、それだけ、ひたすら、同「壹」◆同じ、等しい、「同じ一つのも
kk_単独_たんどく,単独,たんどく,単:◆一つ、ただ一つ、それだけ、ただそれだけ、異質のものや別物が混ざっていない状態を指す◆ひとえ◇重ならない、繰り返さない◇裏地のない衣服; 独:◆一人、一人だけ◆一つ、ただ一つ,N1,on,on+on,,単:◆一つ、ただ一つ、それだけ、ただそれだけ、異質のものや別物が混ざっていない状態を指す◆ひとえ◇重ならない、繰り返さない◇裏地のない衣服; 独:◆一人、一人だけ◆一つ、ただ一つ
kk_占領_せんりょう,占領,せんりょう,占:◆卜(うらな)う、吉凶を予想する、同「卜」◆幾つかの選択肢の中から一つを決め選ぶ◆自分のものにする、「占拠(せんきょ)」; 領:◆項(うなじ)、頸(くび、頭と胴の間にあって頭を支える部分)の後ろ側(背側)◆首、頸(くび)◆衣服の首周りの縁(へり)の部分、首元で交差させるものは「交領(コウ,N1,on,on+on,,占:◆卜(うらな)う、吉凶を予想する、同「卜」◆幾つかの選択肢の中から一つを決め選ぶ◆自分のものにする、「占拠(せんきょ)」; 領:◆項(うなじ)、頸(くび、頭と胴の間にあって頭を支える部分)の後ろ側(背側)◆首、頸(くび)◆衣服の首周りの縁(へり)の部分、首元で交差させるものは「交領(コウ
kk_危な気ない_あぶなげない,危な気ない,あぶなげない,危:◆高くそそり立つさま◆高くそそり立った山や崖の上から今にもものが落ちて来そうなさま、高くそそり立った山や崖から落ちそうになるさま、身に害が及ぶのではないかと不安; 気:◆中国古来の考えで、天地全ての事物の基本要素、目に見えず形状は一定しない、あらゆる事物の生死・盛衰などの変化・変動はこの「気」の移動・集散によるものと考えられた,N1,on,mixed+on~,IL1_okurigana(kun 96%) | A1_compound_oku(kun 90%) | A1_on_kun_mix(on+kun 65%),危:◆高くそそり立つさま◆高くそそり立った山や崖の上から今にもものが落ちて来そうなさま、高くそそり立った山や崖から落ちそうになるさま、身に害が及ぶのではないかと不安; 気:◆中国古来の考えで、天地全ての事物の基本要素、目に見えず形状は一定しない、あらゆる事物の生死・盛衰などの変化・変動はこの「気」の移動・集散によるものと考えられた
kk_危ぶむ_あやぶむ,危ぶむ,あやぶむ,危:◆高くそそり立つさま◆高くそそり立った山や崖の上から今にもものが落ちて来そうなさま、高くそそり立った山や崖から落ちそうになるさま、身に害が及ぶのではないかと不安,N1,kun,kun,IL1_okurigana(kun 96%) | IL2_single_okuri(kun 96%),危:◆高くそそり立つさま◆高くそそり立った山や崖の上から今にもものが落ちて来そうなさま、高くそそり立った山や崖から落ちそうになるさま、身に害が及ぶのではないかと不安
kk_危害_きがい,危害,きがい,危:◆高くそそり立つさま◆高くそそり立った山や崖の上から今にもものが落ちて来そうなさま、高くそそり立った山や崖から落ちそうになるさま、身に害が及ぶのではないかと不安; 害:◆状態を悪くする、損(そこ)なう、傷付ける、妨(さまた)げる、良好な状態とは逆の状態になる◆なぜ、どうして、どうして～しないのか、同「盍」,N1,on,on+on,A3_short_compound(on+on 71%) | B_noun_rad_宀(kun 93%),危:◆高くそそり立つさま◆高くそそり立った山や崖の上から今にもものが落ちて来そうなさま、高くそそり立った山や崖から落ちそうになるさま、身に害が及ぶのではないかと不安; 害:◆状態を悪くする、損(そこ)なう、傷付ける、妨(さまた)げる、良好な状態とは逆の状態になる◆なぜ、どうして、どうして～しないのか、同「盍」
kk_即する_そくする,即する,そくする,即:◆すなわ・ち、～は(つまり、要するに)～◆すなわ・ち、～ならば(すぐに、直ちに)～、～すれば(すぐに、直ちに)～、同「則」◆ぴったりと付く、位置や位や職に就(つ,N1,on,on,IL1_okurigana(kun 96%) | IL2_single_okuri(kun 96%),即:◆すなわ・ち、～は(つまり、要するに)～◆すなわ・ち、～ならば(すぐに、直ちに)～、～すれば(すぐに、直ちに)～、同「則」◆ぴったりと付く、位置や位や職に就(つ
kk_即座に_そくざに,即座に,そくざに,即:◆すなわ・ち、～は(つまり、要するに)～◆すなわ・ち、～ならば(すぐに、直ちに)～、～すれば(すぐに、直ちに)～、同「則」◆ぴったりと付く、位置や位や職に就(つ; 座:◆腰を据(す)える席や場所・位置、「座席(ザセキ)」◆ものを載せる台◆定まっている位置や場所、「星座(セイザ)」◆山や建物など(どっしりと据えられているもの)を,N1,on,on+on~,IL1_okurigana(kun 96%) | A1_compound_oku(kun 90%) | A1_on_kun_mix(on+kun 65%),即:◆すなわ・ち、～は(つまり、要するに)～◆すなわ・ち、～ならば(すぐに、直ちに)～、～すれば(すぐに、直ちに)～、同「則」◆ぴったりと付く、位置や位や職に就(つ; 座:◆腰を据(す)える席や場所・位置、「座席(ザセキ)」◆ものを載せる台◆定まっている位置や場所、「星座(セイザ)」◆山や建物など(どっしりと据えられているもの)を
kk_厚生_こうせい,厚生,こうせい,厚:◆平らで広がりのあるものの表面から裏面まで(前面から背面まで)の距離が大きい、またその大きさ◆深みがある、濃い◆重い、重みがある◆心配りが行き届いているさま、丁; 生:◆う・まれる、それまでになかった新しいものが現れ出る、また新しいことが起こる◆い・きる、成長し活動できる状態で存在する、またその状態◆なま、現れ出た時のそのまま,N1,on,on+on,,厚:◆平らで広がりのあるものの表面から裏面まで(前面から背面まで)の距離が大きい、またその大きさ◆深みがある、濃い◆重い、重みがある◆心配りが行き届いているさま、丁; 生:◆う・まれる、それまでになかった新しいものが現れ出る、また新しいことが起こる◆い・きる、成長し活動できる状態で存在する、またその状態◆なま、現れ出た時のそのまま
kk_原っぱ_はらっぱ,原っぱ,はらっぱ,原:◆源(みなもと)、地下水が地表に湧(わ)き出るところ、同「厡」「源」[†「原」は「厂(崖や岸)」「泉(水が地表に湧き出るところ)」の合字†]◆物事の始まり、物事,N1,kun,kun,IL1_okurigana(kun 96%) | IL2_single_okuri(kun 96%),原:◆源(みなもと)、地下水が地表に湧(わ)き出るところ、同「厡」「源」[†「原」は「厂(崖や岸)」「泉(水が地表に湧き出るところ)」の合字†]◆物事の始まり、物事
kk_原作_げんさく,原作,げんさく,原:◆源(みなもと)、地下水が地表に湧(わ)き出るところ、同「厡」「源」[†「原」は「厂(崖や岸)」「泉(水が地表に湧き出るところ)」の合字†]◆物事の始まり、物事; 作:◆働(はたらく)く、力や手を加える、為(な)す、「作業(サギョウ)」「作為(サクイ)」◆力や手を加えることによって物事や状態を変化させる、また他に影響を与える、,N1,on,on+on,,原:◆源(みなもと)、地下水が地表に湧(わ)き出るところ、同「厡」「源」[†「原」は「厂(崖や岸)」「泉(水が地表に湧き出るところ)」の合字†]◆物事の始まり、物事; 作:◆働(はたらく)く、力や手を加える、為(な)す、「作業(サギョウ)」「作為(サクイ)」◆力や手を加えることによって物事や状態を変化させる、また他に影響を与える、
kk_原告_げんこく,原告,げんこく,原:◆源(みなもと)、地下水が地表に湧(わ)き出るところ、同「厡」「源」[†「原」は「厂(崖や岸)」「泉(水が地表に湧き出るところ)」の合字†]◆物事の始まり、物事; 告:◆(下位者が上位者に、また人に)～であると(～であることを)知らせる、伝える、「報告(ホウコク)」、上位者が下位者に対して告げるのは「誥」◆上位者が下位者に知ら,N1,on,on+on,,原:◆源(みなもと)、地下水が地表に湧(わ)き出るところ、同「厡」「源」[†「原」は「厂(崖や岸)」「泉(水が地表に湧き出るところ)」の合字†]◆物事の始まり、物事; 告:◆(下位者が上位者に、また人に)～であると(～であることを)知らせる、伝える、「報告(ホウコク)」、上位者が下位者に対して告げるのは「誥」◆上位者が下位者に知ら
kk_原型_げんけい,原型,げんけい,原:◆源(みなもと)、地下水が地表に湧(わ)き出るところ、同「厡」「源」[†「原」は「厂(崖や岸)」「泉(水が地表に湧き出るところ)」の合字†]◆物事の始まり、物事; 型:◆これから作ろうとする物の形に作ったもの、溶かした金属を流し入れて目的の形に造るためのもの、「鋳型(いがた)」、木製は「模」、竹製は「範」◆模範(モハン)、手本,N1,on,on+on,,原:◆源(みなもと)、地下水が地表に湧(わ)き出るところ、同「厡」「源」[†「原」は「厂(崖や岸)」「泉(水が地表に湧き出るところ)」の合字†]◆物事の始まり、物事; 型:◆これから作ろうとする物の形に作ったもの、溶かした金属を流し入れて目的の形に造るためのもの、「鋳型(いがた)」、木製は「模」、竹製は「範」◆模範(モハン)、手本
kk_原子力_げんしりょく,原子力,げんしりょく,原:◆源(みなもと)、地下水が地表に湧(わ)き出るところ、同「厡」「源」[†「原」は「厂(崖や岸)」「泉(水が地表に湧き出るところ)」の合字†]◆物事の始まり、物事; 子:◆母親から産まれるもの、古くは男女を問わず「子」といったが、現代中国では男の子(息子)を指す◆新しく産まれる(生まれる)ものの元となるもの、植物の種や実、動物の; 力:◆ものを動かすもの、ものを動かしているもの、ものに働(はたら)くもの、「強力(キョウリョク、強い力)」◆働く、務(つと)める、勤(つと)める、「努力(ドリョク、,N1,on,on+on+on,A4_multi_on(on+on+on 65%) | B_verb_rad_力(kun 80%),原:◆源(みなもと)、地下水が地表に湧(わ)き出るところ、同「厡」「源」[†「原」は「厂(崖や岸)」「泉(水が地表に湧き出るところ)」の合字†]◆物事の始まり、物事; 子:◆母親から産まれるもの、古くは男女を問わず「子」といったが、現代中国では男の子(息子)を指す◆新しく産まれる(生まれる)ものの元となるもの、植物の種や実、動物の; 力:◆ものを動かすもの、ものを動かしているもの、ものに働(はたら)くもの、「強力(キョウリョク、強い力)」◆働く、務(つと)める、勤(つと)める、「努力(ドリョク、
kk_原形_げんけい,原形,げんけい,原:◆源(みなもと)、地下水が地表に湧(わ)き出るところ、同「厡」「源」[†「原」は「厂(崖や岸)」「泉(水が地表に湧き出るところ)」の合字†]◆物事の始まり、物事; 形:◆ものの表に現れた姿、外観◆ものの表の様子、状態◆型、様式,N1,on,on+on,,原:◆源(みなもと)、地下水が地表に湧(わ)き出るところ、同「厡」「源」[†「原」は「厂(崖や岸)」「泉(水が地表に湧き出るところ)」の合字†]◆物事の始まり、物事; 形:◆ものの表に現れた姿、外観◆ものの表の様子、状態◆型、様式
kk_原書_げんしょ,原書,げんしょ,原:◆源(みなもと)、地下水が地表に湧(わ)き出るところ、同「厡」「源」[†「原」は「厂(崖や岸)」「泉(水が地表に湧き出るところ)」の合字†]◆物事の始まり、物事; 書:◆文字を筆(聿)などで記(しる)す、著(あらわ)す、「書物(ショモツ)」「文書(ブンショ)」◆手紙、「書信(ショシン)」◆「書経(ショキョウ、別名尚書ショウショ,N1,on,on+on,A3_short_compound(on+on 71%),原:◆源(みなもと)、地下水が地表に湧(わ)き出るところ、同「厡」「源」[†「原」は「厂(崖や岸)」「泉(水が地表に湧き出るところ)」の合字†]◆物事の始まり、物事; 書:◆文字を筆(聿)などで記(しる)す、著(あらわ)す、「書物(ショモツ)」「文書(ブンショ)」◆手紙、「書信(ショシン)」◆「書経(ショキョウ、別名尚書ショウショ
kk_原油_げんゆ,原油,げんゆ,原:◆源(みなもと)、地下水が地表に湧(わ)き出るところ、同「厡」「源」[†「原」は「厂(崖や岸)」「泉(水が地表に湧き出るところ)」の合字†]◆物事の始まり、物事; 油:◆粘性の高い可燃性の液体、「石油(セキユ)」◆膏(コウ、あぶら)、脂肪(シボウ)◆光沢(コウタク)、艶(つや)、同「𥑤」◆ゆったりとしたさま,N1,on,on+on,A3_short_compound(on+on 71%),原:◆源(みなもと)、地下水が地表に湧(わ)き出るところ、同「厡」「源」[†「原」は「厂(崖や岸)」「泉(水が地表に湧き出るところ)」の合字†]◆物事の始まり、物事; 油:◆粘性の高い可燃性の液体、「石油(セキユ)」◆膏(コウ、あぶら)、脂肪(シボウ)◆光沢(コウタク)、艶(つや)、同「𥑤」◆ゆったりとしたさま
kk_原点_げんてん,原点,げんてん,原:◆源(みなもと)、地下水が地表に湧(わ)き出るところ、同「厡」「源」[†「原」は「厂(崖や岸)」「泉(水が地表に湧き出るところ)」の合字†]◆物事の始まり、物事; 点:◆小さな(黒い)染(し)み・瑕(きず)・印(しるし)、またそのようなものを付ける、「汚点(オテン)」◆小さく狭く限られた場所・範囲・位置・事柄、「地点(チテン),N1,on,on+on,,原:◆源(みなもと)、地下水が地表に湧(わ)き出るところ、同「厡」「源」[†「原」は「厂(崖や岸)」「泉(水が地表に湧き出るところ)」の合字†]◆物事の始まり、物事; 点:◆小さな(黒い)染(し)み・瑕(きず)・印(しるし)、またそのようなものを付ける、「汚点(オテン)」◆小さく狭く限られた場所・範囲・位置・事柄、「地点(チテン)
kk_原爆_げんばく,原爆,げんばく,原:◆源(みなもと)、地下水が地表に湧(わ)き出るところ、同「厡」「源」[†「原」は「厂(崖や岸)」「泉(水が地表に湧き出るところ)」の合字†]◆物事の始まり、物事; 爆:◆は・ぜる、火が弾(はじ)ける、火が勢いよく飛び散る◆(熱を加えることで)物が破裂し激しい勢いで飛び散る、炸裂(さくれつ)する◆急に膨(ふく)れる◆食材を熱い油,N1,on,on+on,,原:◆源(みなもと)、地下水が地表に湧(わ)き出るところ、同「厡」「源」[†「原」は「厂(崖や岸)」「泉(水が地表に湧き出るところ)」の合字†]◆物事の始まり、物事; 爆:◆は・ぜる、火が弾(はじ)ける、火が勢いよく飛び散る◆(熱を加えることで)物が破裂し激しい勢いで飛び散る、炸裂(さくれつ)する◆急に膨(ふく)れる◆食材を熱い油
kk_厳か_おごそか,厳か,おごそか,厳:◆堂々としたさま、圧倒されるさま、気圧(けお)されるさま◆妥協を許さないさま、人を寄せつけないさま◆ぴったりとして隙がないさま◆激しいさま、甚(はなは)だしいさ,N1,kun,kun,IL1_okurigana(kun 96%) | IL2_single_okuri(kun 96%),厳:◆堂々としたさま、圧倒されるさま、気圧(けお)されるさま◆妥協を許さないさま、人を寄せつけないさま◆ぴったりとして隙がないさま◆激しいさま、甚(はなは)だしいさ
kk_厳密_げんみつ,厳密,げんみつ,厳:◆堂々としたさま、圧倒されるさま、気圧(けお)されるさま◆妥協を許さないさま、人を寄せつけないさま◆ぴったりとして隙がないさま◆激しいさま、甚(はなは)だしいさ; 密:◆ぴったりとくっついて隙間がない◆閉ざされていて或いは奥まっていて外から見えない、また窺い知れない◆広く大きく物音や人の声が届いて来ない、ひっそりとした◆山深く,N1,on,on+on,B_noun_rad_宀(kun 93%),厳:◆堂々としたさま、圧倒されるさま、気圧(けお)されるさま◆妥協を許さないさま、人を寄せつけないさま◆ぴったりとして隙がないさま◆激しいさま、甚(はなは)だしいさ; 密:◆ぴったりとくっついて隙間がない◆閉ざされていて或いは奥まっていて外から見えない、また窺い知れない◆広く大きく物音や人の声が届いて来ない、ひっそりとした◆山深く
kk_去就_きょしゅう,去就,きょしゅう,去:◆今いるところから離れる、また離れて別のところへ行く◆時(時間・月日・時代など)が過ぎる、過ぎてしまった時、「過去(カコ)」◆今あるものを別のところに移す、また; 就:◆つ・く、近くまで行く、近くに付いて従う◆物事に取り掛かるための位置につく、「就任」「就職」「就寝」など◆成る、成し遂げる◆[日]つ・いて、～に関して、即ち,N1,on,on+on,A3_short_compound(on+on 71%),去:◆今いるところから離れる、また離れて別のところへ行く◆時(時間・月日・時代など)が過ぎる、過ぎてしまった時、「過去(カコ)」◆今あるものを別のところに移す、また; 就:◆つ・く、近くまで行く、近くに付いて従う◆物事に取り掛かるための位置につく、「就任」「就職」「就寝」など◆成る、成し遂げる◆[日]つ・いて、～に関して、即ち
kk_参上_さんじょう,参上,さんじょう,参:◆行く、行って加わる◆行って目見(まみ)える、拝謁(ハイエツ)する、拝謁するために行く◆幾つものものを引き合わせて比べる◆三、「三」の大写字(「一」は「壹」・「; 上:◆位置・場所・地位などが高い、高い方にある◆高い方に移る、昇る、登る◆順序・時間などが前、前の方にある◆前の方に移る◆等級・品質などが高い、優れている◆殿様、皇,N1,on,on+on,,参:◆行く、行って加わる◆行って目見(まみ)える、拝謁(ハイエツ)する、拝謁するために行く◆幾つものものを引き合わせて比べる◆三、「三」の大写字(「一」は「壹」・「; 上:◆位置・場所・地位などが高い、高い方にある◆高い方に移る、昇る、登る◆順序・時間などが前、前の方にある◆前の方に移る◆等級・品質などが高い、優れている◆殿様、皇
kk_参入_さんにゅう,参入,さんにゅう,参:◆行く、行って加わる◆行って目見(まみ)える、拝謁(ハイエツ)する、拝謁するために行く◆幾つものものを引き合わせて比べる◆三、「三」の大写字(「一」は「壹」・「; 入:◆範囲・領域・組織や区切り・境界の外(外側、外部、表側、向こう側、公のところ)から内(内側、内部、裏側、こちら側、私的なところ)に移る、また移す、内から外へ移る,N1,on,on+on,,参:◆行く、行って加わる◆行って目見(まみ)える、拝謁(ハイエツ)する、拝謁するために行く◆幾つものものを引き合わせて比べる◆三、「三」の大写字(「一」は「壹」・「; 入:◆範囲・領域・組織や区切り・境界の外(外側、外部、表側、向こう側、公のところ)から内(内側、内部、裏側、こちら側、私的なところ)に移る、また移す、内から外へ移る
kk_参照_さんしょう,参照,さんしょう,参:◆行く、行って加わる◆行って目見(まみ)える、拝謁(ハイエツ)する、拝謁するために行く◆幾つものものを引き合わせて比べる◆三、「三」の大写字(「一」は「壹」・「; 照:◆光が当たる、光を当てる◆明るい、光を当てて辺りを明るくする、「照明(ショウメイ)」◆他のものと見比べる、また見比べて確かめる、「照合(ショウゴウ)」「◆光を当,N1,on,on+on,,参:◆行く、行って加わる◆行って目見(まみ)える、拝謁(ハイエツ)する、拝謁するために行く◆幾つものものを引き合わせて比べる◆三、「三」の大写字(「一」は「壹」・「; 照:◆光が当たる、光を当てる◆明るい、光を当てて辺りを明るくする、「照明(ショウメイ)」◆他のものと見比べる、また見比べて確かめる、「照合(ショウゴウ)」「◆光を当
kk_及ぶ_およぶ,及ぶ,およぶ,及:◆～の状態が継続してここに(今に)至る、同「迨」◆～(の状態、の時刻・時期・時機)になる、～に至(いた)る、同「迨」「逮」◆～(の状態、の場所、の段階)に達する,N1,kun,kun,IL1_okurigana(kun 96%) | IL2_single_okuri(kun 96%),及:◆～の状態が継続してここに(今に)至る、同「迨」◆～(の状態、の時刻・時期・時機)になる、～に至(いた)る、同「迨」「逮」◆～(の状態、の場所、の段階)に達する
kk_反らす_そらす,反らす,そらす,反:◆覆(くつがえ)る、表裏が逆になる、ひっくり返る◆逆(ギャク)、逆である、「反対(ハンタイ)」、「【韓非子:卷十八:六反】害者利之反也…亂者治之反也」◆背(そむ,N1,kun,kun,IL1_okurigana(kun 96%) | IL2_single_okuri(kun 96%),反:◆覆(くつがえ)る、表裏が逆になる、ひっくり返る◆逆(ギャク)、逆である、「反対(ハンタイ)」、「【韓非子:卷十八:六反】害者利之反也…亂者治之反也」◆背(そむ
kk_反る_そる,反る,そる,反:◆覆(くつがえ)る、表裏が逆になる、ひっくり返る◆逆(ギャク)、逆である、「反対(ハンタイ)」、「【韓非子:卷十八:六反】害者利之反也…亂者治之反也」◆背(そむ,N1,kun,kun,IL1_okurigana(kun 96%) | IL2_single_okuri(kun 96%),反:◆覆(くつがえ)る、表裏が逆になる、ひっくり返る◆逆(ギャク)、逆である、「反対(ハンタイ)」、「【韓非子:卷十八:六反】害者利之反也…亂者治之反也」◆背(そむ
kk_反乱/叛乱_はんらん,反乱/叛乱,はんらん,反:◆覆(くつがえ)る、表裏が逆になる、ひっくり返る◆逆(ギャク)、逆である、「反対(ハンタイ)」、「【韓非子:卷十八:六反】害者利之反也…亂者治之反也」◆背(そむ; 乱:◆平穏でなくなる、均衡が失われ不安定になる、秩序がなくなる、ごちゃごちゃする、同「𢿢」◆ばらばらになる、脈絡(ミャクラク)がなくなる、訳が分からなくなる◆縺(も; 叛:◆背(そむ)く、自分が属する集団の行動や意見に従えずにそこを離れる、また離れて自分の意に沿う集団のところへ行く、「叛逆(ハンギャク、反逆)」、同「反」「𧼦」,N1,on,on+on+on+on~,A4_multi_on(on+on+on+on 65%),反:◆覆(くつがえ)る、表裏が逆になる、ひっくり返る◆逆(ギャク)、逆である、「反対(ハンタイ)」、「【韓非子:卷十八:六反】害者利之反也…亂者治之反也」◆背(そむ; 乱:◆平穏でなくなる、均衡が失われ不安定になる、秩序がなくなる、ごちゃごちゃする、同「𢿢」◆ばらばらになる、脈絡(ミャクラク)がなくなる、訳が分からなくなる◆縺(も; 叛:◆背(そむ)く、自分が属する集団の行動や意見に従えずにそこを離れる、また離れて自分の意に沿う集団のところへ行く、「叛逆(ハンギャク、反逆)」、同「反」「𧼦」
kk_反則_はんそく,反則,はんそく,反:◆覆(くつがえ)る、表裏が逆になる、ひっくり返る◆逆(ギャク)、逆である、「反対(ハンタイ)」、「【韓非子:卷十八:六反】害者利之反也…亂者治之反也」◆背(そむ; 則:◆のり、規範・基準となるもの、手本として倣(なら)うべきもの◆のっと・る、守るべき法律・規範・基準・手本などに従う◆すなわ・ち、「Ａ則Ｂ」の用法で、Ａ(原因や理,N1,on,on+on,B_verb_rad_刀(kun 80%),反:◆覆(くつがえ)る、表裏が逆になる、ひっくり返る◆逆(ギャク)、逆である、「反対(ハンタイ)」、「【韓非子:卷十八:六反】害者利之反也…亂者治之反也」◆背(そむ; 則:◆のり、規範・基準となるもの、手本として倣(なら)うべきもの◆のっと・る、守るべき法律・規範・基準・手本などに従う◆すなわ・ち、「Ａ則Ｂ」の用法で、Ａ(原因や理
kk_反応_はんのう,反応,はんのう,反:◆覆(くつがえ)る、表裏が逆になる、ひっくり返る◆逆(ギャク)、逆である、「反対(ハンタイ)」、「【韓非子:卷十八:六反】害者利之反也…亂者治之反也」◆背(そむ; 応:◆相手からの問い掛けや働き掛けに対して自分の意思を態度で示す、言葉で返すのは「答」◆相手の求めを受け入れる◆当然～すべき、当然～であろう,N1,other,mixed+mixed~,,反:◆覆(くつがえ)る、表裏が逆になる、ひっくり返る◆逆(ギャク)、逆である、「反対(ハンタイ)」、「【韓非子:卷十八:六反】害者利之反也…亂者治之反也」◆背(そむ; 応:◆相手からの問い掛けや働き掛けに対して自分の意思を態度で示す、言葉で返すのは「答」◆相手の求めを受け入れる◆当然～すべき、当然～であろう
kk_反感_はんかん,反感,はんかん,反:◆覆(くつがえ)る、表裏が逆になる、ひっくり返る◆逆(ギャク)、逆である、「反対(ハンタイ)」、「【韓非子:卷十八:六反】害者利之反也…亂者治之反也」◆背(そむ; 感:◆外部から受けた刺激を知覚する◆外部からの刺激を受けて心や体が反応する、また動く,N1,on,on+on,,反:◆覆(くつがえ)る、表裏が逆になる、ひっくり返る◆逆(ギャク)、逆である、「反対(ハンタイ)」、「【韓非子:卷十八:六反】害者利之反也…亂者治之反也」◆背(そむ; 感:◆外部から受けた刺激を知覚する◆外部からの刺激を受けて心や体が反応する、また動く
kk_反発_はんぱつ,反発,はんぱつ,反:◆覆(くつがえ)る、表裏が逆になる、ひっくり返る◆逆(ギャク)、逆である、「反対(ハンタイ)」、「【韓非子:卷十八:六反】害者利之反也…亂者治之反也」◆背(そむ; 発:◆矢を放つ、外(離れて行く方向)に向かって勢いよく飛び出る◆動いていなかったものが勢いよく動き出す、物事が動き出す、物事が始まる、行動を起こす◆隠れていたものが,N1,other,mixed+mixed~,,反:◆覆(くつがえ)る、表裏が逆になる、ひっくり返る◆逆(ギャク)、逆である、「反対(ハンタイ)」、「【韓非子:卷十八:六反】害者利之反也…亂者治之反也」◆背(そむ; 発:◆矢を放つ、外(離れて行く方向)に向かって勢いよく飛び出る◆動いていなかったものが勢いよく動き出す、物事が動き出す、物事が始まる、行動を起こす◆隠れていたものが
kk_反響_はんきょう,反響,はんきょう,反:◆覆(くつがえ)る、表裏が逆になる、ひっくり返る◆逆(ギャク)、逆である、「反対(ハンタイ)」、「【韓非子:卷十八:六反】害者利之反也…亂者治之反也」◆背(そむ; 響:◆声や音、声や音を立てる◆(声や音などの振動が)辺りに広がる、鳴り渡(わた)る,N1,on,on+on,,反:◆覆(くつがえ)る、表裏が逆になる、ひっくり返る◆逆(ギャク)、逆である、「反対(ハンタイ)」、「【韓非子:卷十八:六反】害者利之反也…亂者治之反也」◆背(そむ; 響:◆声や音、声や音を立てる◆(声や音などの振動が)辺りに広がる、鳴り渡(わた)る
kk_収容_しゅうよう,収容,しゅうよう,収:◆あちこちから取り集めて一カ所に纏(まと)める◆収穫したものを一カ所に集める、また役所がその一部を取り立てて公庫(政府の倉庫など)に入れる◆罪人を捕(とら)らえ; 容:◆ものを器(うつわ)などの周りが囲まれているものの中に入れる、またそこに入っているもの、中身(なかみ)◆人や意見などを受け入れる、許す、認める◆顔の表情、姿形(,N1,on,on+on,B_noun_rad_宀(kun 93%),収:◆あちこちから取り集めて一カ所に纏(まと)める◆収穫したものを一カ所に集める、また役所がその一部を取り立てて公庫(政府の倉庫など)に入れる◆罪人を捕(とら)らえ; 容:◆ものを器(うつわ)などの周りが囲まれているものの中に入れる、またそこに入っているもの、中身(なかみ)◆人や意見などを受け入れる、許す、認める◆顔の表情、姿形(
kk_収束_しゅうそく,収束,しゅうそく,収:◆あちこちから取り集めて一カ所に纏(まと)める◆収穫したものを一カ所に集める、また役所がその一部を取り立てて公庫(政府の倉庫など)に入れる◆罪人を捕(とら)らえ; 束:◆(長いものを)縛(しば)って一つにする、一つに纏(まと)める、同「捒」◆縛って一つにしたものの数を表す語◆縛る、縛ってばらばらにならないようにする、自由を制限,N1,on,on+on,B_noun_rad_木(kun 93%),収:◆あちこちから取り集めて一カ所に纏(まと)める◆収穫したものを一カ所に集める、また役所がその一部を取り立てて公庫(政府の倉庫など)に入れる◆罪人を捕(とら)らえ; 束:◆(長いものを)縛(しば)って一つにする、一つに纏(まと)める、同「捒」◆縛って一つにしたものの数を表す語◆縛る、縛ってばらばらにならないようにする、自由を制限
kk_収益_しゅうえき,収益,しゅうえき,収:◆あちこちから取り集めて一カ所に纏(まと)める◆収穫したものを一カ所に集める、また役所がその一部を取り立てて公庫(政府の倉庫など)に入れる◆罪人を捕(とら)らえ; 益:◆加える、加わる、増える、増やす、同「㬲」◆満ちる、一杯になる、溢(あふ)れる◆手放したものの金額や価値よりも、それによって得たものの金額や価値が多い、儲(もう,N1,on,on+on,,収:◆あちこちから取り集めて一カ所に纏(まと)める◆収穫したものを一カ所に集める、また役所がその一部を取り立てて公庫(政府の倉庫など)に入れる◆罪人を捕(とら)らえ; 益:◆加える、加わる、増える、増やす、同「㬲」◆満ちる、一杯になる、溢(あふ)れる◆手放したものの金額や価値よりも、それによって得たものの金額や価値が多い、儲(もう
kk_収集_しゅうしゅう,収集,しゅうしゅう,収:◆あちこちから取り集めて一カ所に纏(まと)める◆収穫したものを一カ所に集める、また役所がその一部を取り立てて公庫(政府の倉庫など)に入れる◆罪人を捕(とら)らえ; 集:◆多くのものが同じところに寄り合う、多くの人が同じところに会(カイ)する◆多くのものが一つになる、また一つにする、また一つになったもの、また一つにしたもの◆多く,N1,on,on+on,,収:◆あちこちから取り集めて一カ所に纏(まと)める◆収穫したものを一カ所に集める、また役所がその一部を取り立てて公庫(政府の倉庫など)に入れる◆罪人を捕(とら)らえ; 集:◆多くのものが同じところに寄り合う、多くの人が同じところに会(カイ)する◆多くのものが一つになる、また一つにする、また一つになったもの、また一つにしたもの◆多く
kk_取って置き_とっておき,取って置き,とっておき,取:◆捕(つか)まえる、捕(と)らえる、縄(なわ)を掛ける◆手に入れる、手の中に収(おさ)める、手で受ける◆(多くの中から一部を、或いは一つを)選ぶ、選択する◆娶(; 置:◆まっすぐに立てる、動かないように(傾いたり揺らいだり位置や状態が変わったりしないように)しっかりと据(す)える、同「寘」◆設(もう)ける、あるべきところに据え,N1,kun,kun+kun~,IL1_okurigana(kun 96%) | A1_compound_oku(kun 90%) | A1_on_kun_mix(on+kun 65%),取:◆捕(つか)まえる、捕(と)らえる、縄(なわ)を掛ける◆手に入れる、手の中に収(おさ)める、手で受ける◆(多くの中から一部を、或いは一つを)選ぶ、選択する◆娶(; 置:◆まっすぐに立てる、動かないように(傾いたり揺らいだり位置や状態が変わったりしないように)しっかりと据(す)える、同「寘」◆設(もう)ける、あるべきところに据え
kk_取り分け_とりわけ,取り分け,とりわけ,取:◆捕(つか)まえる、捕(と)らえる、縄(なわ)を掛ける◆手に入れる、手の中に収(おさ)める、手で受ける◆(多くの中から一部を、或いは一つを)選ぶ、選択する◆娶(; 分:◆一つに纏(まと)まっているものを幾つかに切り離す、また幾つかに仕切る(区切る)、「分割(ブンカツ)」、切り離したものを仕分けることを「別」◆一つの纏まりから一,N1,kun,kun+kun~,IL1_okurigana(kun 96%) | A1_compound_oku(kun 90%) | A1_on_kun_mix(on+kun 65%),取:◆捕(つか)まえる、捕(と)らえる、縄(なわ)を掛ける◆手に入れる、手の中に収(おさ)める、手で受ける◆(多くの中から一部を、或いは一つを)選ぶ、選択する◆娶(; 分:◆一つに纏(まと)まっているものを幾つかに切り離す、また幾つかに仕切る(区切る)、「分割(ブンカツ)」、切り離したものを仕分けることを「別」◆一つの纏まりから一
kk_取り寄せる_とりよせる,取り寄せる,とりよせる,取:◆捕(つか)まえる、捕(と)らえる、縄(なわ)を掛ける◆手に入れる、手の中に収(おさ)める、手で受ける◆(多くの中から一部を、或いは一つを)選ぶ、選択する◆娶(; 寄:◆他のものを頼りにする、他のものに凭(もた)れ掛かる◆託(たく)する、他人(ひと)に預(あず)ける、委(ゆだ)ねる、「寄託(キタク)」「寄命(キメイ、命を託す、,N1,kun,kun+kun~,IL1_okurigana(kun 96%) | A1_compound_oku(kun 90%) | A1_on_kun_mix(on+kun 65%),取:◆捕(つか)まえる、捕(と)らえる、縄(なわ)を掛ける◆手に入れる、手の中に収(おさ)める、手で受ける◆(多くの中から一部を、或いは一つを)選ぶ、選択する◆娶(; 寄:◆他のものを頼りにする、他のものに凭(もた)れ掛かる◆託(たく)する、他人(ひと)に預(あず)ける、委(ゆだ)ねる、「寄託(キタク)」「寄命(キメイ、命を託す、
kk_取り巻く_とりまく,取り巻く,とりまく,取:◆捕(つか)まえる、捕(と)らえる、縄(なわ)を掛ける◆手に入れる、手の中に収(おさ)める、手で受ける◆(多くの中から一部を、或いは一つを)選ぶ、選択する◆娶(; 巻:◆膝を曲げる◆ま・く、ぐるぐると渦状に回す、周りをぐるぐると囲む、転がすようにして筒状に丸める◆書物、巻物になっていたことから◆一つの書物が幾つかの巻物(まきも,N1,kun,kun+kun~,IL1_okurigana(kun 96%) | A1_compound_oku(kun 90%) | A1_on_kun_mix(on+kun 65%),取:◆捕(つか)まえる、捕(と)らえる、縄(なわ)を掛ける◆手に入れる、手の中に収(おさ)める、手で受ける◆(多くの中から一部を、或いは一つを)選ぶ、選択する◆娶(; 巻:◆膝を曲げる◆ま・く、ぐるぐると渦状に回す、周りをぐるぐると囲む、転がすようにして筒状に丸める◆書物、巻物になっていたことから◆一つの書物が幾つかの巻物(まきも
kk_取り扱い_とりあつかい,取り扱い,とりあつかい,取:◆捕(つか)まえる、捕(と)らえる、縄(なわ)を掛ける◆手に入れる、手の中に収(おさ)める、手で受ける◆(多くの中から一部を、或いは一つを)選ぶ、選択する◆娶(; 扱:◆挟(はさ)む、狭いところに差し入れる、同「插(挿)」◆引く、手前に引く、引き上げる◆搔(か)き集める、一カ所に集める、また集め取る、集めて片付ける、「【禮記注,N1,kun,kun+kun~,IL1_okurigana(kun 96%) | A1_compound_oku(kun 90%) | A1_on_kun_mix(on+kun 65%),取:◆捕(つか)まえる、捕(と)らえる、縄(なわ)を掛ける◆手に入れる、手の中に収(おさ)める、手で受ける◆(多くの中から一部を、或いは一つを)選ぶ、選択する◆娶(; 扱:◆挟(はさ)む、狭いところに差し入れる、同「插(挿)」◆引く、手前に引く、引き上げる◆搔(か)き集める、一カ所に集める、また集め取る、集めて片付ける、「【禮記注
kk_取り扱う_とりあつかう,取り扱う,とりあつかう,取:◆捕(つか)まえる、捕(と)らえる、縄(なわ)を掛ける◆手に入れる、手の中に収(おさ)める、手で受ける◆(多くの中から一部を、或いは一つを)選ぶ、選択する◆娶(; 扱:◆挟(はさ)む、狭いところに差し入れる、同「插(挿)」◆引く、手前に引く、引き上げる◆搔(か)き集める、一カ所に集める、また集め取る、集めて片付ける、「【禮記注,N1,kun,kun+kun~,IL1_okurigana(kun 96%) | A1_compound_oku(kun 90%) | A1_on_kun_mix(on+kun 65%),取:◆捕(つか)まえる、捕(と)らえる、縄(なわ)を掛ける◆手に入れる、手の中に収(おさ)める、手で受ける◆(多くの中から一部を、或いは一つを)選ぶ、選択する◆娶(; 扱:◆挟(はさ)む、狭いところに差し入れる、同「插(挿)」◆引く、手前に引く、引き上げる◆搔(か)き集める、一カ所に集める、また集め取る、集めて片付ける、「【禮記注
kk_取り次ぐ_とりつぐ,取り次ぐ,とりつぐ,取:◆捕(つか)まえる、捕(と)らえる、縄(なわ)を掛ける◆手に入れる、手の中に収(おさ)める、手で受ける◆(多くの中から一部を、或いは一つを)選ぶ、選択する◆娶(; 次:◆並びや繰り返しの先頭の後に続く二番目◆後(あと)に続く、～の後に続いて～◆順序、「次第(シダイ)」◆繰り返される物事の回数、また順序、「数次(スウジ、数回)」,N1,kun,kun+kun~,IL1_okurigana(kun 96%) | A1_compound_oku(kun 90%) | A1_on_kun_mix(on+kun 65%),取:◆捕(つか)まえる、捕(と)らえる、縄(なわ)を掛ける◆手に入れる、手の中に収(おさ)める、手で受ける◆(多くの中から一部を、或いは一つを)選ぶ、選択する◆娶(; 次:◆並びや繰り返しの先頭の後に続く二番目◆後(あと)に続く、～の後に続いて～◆順序、「次第(シダイ)」◆繰り返される物事の回数、また順序、「数次(スウジ、数回)」
kk_取り混ぜる_とりまぜる,取り混ぜる,とりまぜる,取:◆捕(つか)まえる、捕(と)らえる、縄(なわ)を掛ける◆手に入れる、手の中に収(おさ)める、手で受ける◆(多くの中から一部を、或いは一つを)選ぶ、選択する◆娶(; 混:◆水が滾滾(コンコン、渾渾、混混)と湧き出る◆たくさんのもの(流れ出た水)が集まり一つになる、様々なもの或いは多くのものが寄せ集まり同化する、同化してそれぞれの,N1,kun,kun+kun~,IL1_okurigana(kun 96%) | A1_compound_oku(kun 90%) | A1_on_kun_mix(on+kun 65%),取:◆捕(つか)まえる、捕(と)らえる、縄(なわ)を掛ける◆手に入れる、手の中に収(おさ)める、手で受ける◆(多くの中から一部を、或いは一つを)選ぶ、選択する◆娶(; 混:◆水が滾滾(コンコン、渾渾、混混)と湧き出る◆たくさんのもの(流れ出た水)が集まり一つになる、様々なもの或いは多くのものが寄せ集まり同化する、同化してそれぞれの
kk_取り立てて_とりたてて,取り立てて,とりたてて,取:◆捕(つか)まえる、捕(と)らえる、縄(なわ)を掛ける◆手に入れる、手の中に収(おさ)める、手で受ける◆(多くの中から一部を、或いは一つを)選ぶ、選択する◆娶(; 立:◆地(チ、地面、土台、基盤)に足を着け垂直にする、また垂直になる、地から上に向かって伸ばす、また伸びる◆しっかりとした土台を築いてその上にものを作り上げて行く、,N1,kun,kun+kun~,IL1_okurigana(kun 96%) | A1_compound_oku(kun 90%) | A1_on_kun_mix(on+kun 65%),取:◆捕(つか)まえる、捕(と)らえる、縄(なわ)を掛ける◆手に入れる、手の中に収(おさ)める、手で受ける◆(多くの中から一部を、或いは一つを)選ぶ、選択する◆娶(; 立:◆地(チ、地面、土台、基盤)に足を着け垂直にする、また垂直になる、地から上に向かって伸ばす、また伸びる◆しっかりとした土台を築いてその上にものを作り上げて行く、
kk_取り立てる_とりたてる,取り立てる,とりたてる,取:◆捕(つか)まえる、捕(と)らえる、縄(なわ)を掛ける◆手に入れる、手の中に収(おさ)める、手で受ける◆(多くの中から一部を、或いは一つを)選ぶ、選択する◆娶(; 立:◆地(チ、地面、土台、基盤)に足を着け垂直にする、また垂直になる、地から上に向かって伸ばす、また伸びる◆しっかりとした土台を築いてその上にものを作り上げて行く、,N1,kun,kun+kun~,IL1_okurigana(kun 96%) | A1_compound_oku(kun 90%) | A1_on_kun_mix(on+kun 65%),取:◆捕(つか)まえる、捕(と)らえる、縄(なわ)を掛ける◆手に入れる、手の中に収(おさ)める、手で受ける◆(多くの中から一部を、或いは一つを)選ぶ、選択する◆娶(; 立:◆地(チ、地面、土台、基盤)に足を着け垂直にする、また垂直になる、地から上に向かって伸ばす、また伸びる◆しっかりとした土台を築いてその上にものを作り上げて行く、
kk_取り組む_とりくむ,取り組む,とりくむ,取:◆捕(つか)まえる、捕(と)らえる、縄(なわ)を掛ける◆手に入れる、手の中に収(おさ)める、手で受ける◆(多くの中から一部を、或いは一つを)選ぶ、選択する◆娶(; 組:◆糸や紐(ひも)を編んだ紐、「組紐(くみひも)」◆幾つかのものを合わせて一つに纏(まと)める、また一つに纏まったもの◆「組織(ソシキ)」◇紐を編み糸を織ること◇,N1,kun,kun+kun~,IL1_okurigana(kun 96%) | A1_compound_oku(kun 90%) | A1_on_kun_mix(on+kun 65%),取:◆捕(つか)まえる、捕(と)らえる、縄(なわ)を掛ける◆手に入れる、手の中に収(おさ)める、手で受ける◆(多くの中から一部を、或いは一つを)選ぶ、選択する◆娶(; 組:◆糸や紐(ひも)を編んだ紐、「組紐(くみひも)」◆幾つかのものを合わせて一つに纏(まと)める、また一つに纏まったもの◆「組織(ソシキ)」◇紐を編み糸を織ること◇
kk_取り締まる_とりしまる,取り締まる,とりしまる,取:◆捕(つか)まえる、捕(と)らえる、縄(なわ)を掛ける◆手に入れる、手の中に収(おさ)める、手で受ける◆(多くの中から一部を、或いは一つを)選ぶ、選択する◆娶(; 締:◆しっかりと結ぶ、解(ほど)けたり緩(ゆる)んだりしないように結ぶ、結び合わせる◆しっかりと閉(と)じる、閉(し)める◆[日]すっかりおしまいにする、合計する,N1,kun,kun+kun~,IL1_okurigana(kun 96%) | A1_compound_oku(kun 90%) | A1_on_kun_mix(on+kun 65%),取:◆捕(つか)まえる、捕(と)らえる、縄(なわ)を掛ける◆手に入れる、手の中に収(おさ)める、手で受ける◆(多くの中から一部を、或いは一つを)選ぶ、選択する◆娶(; 締:◆しっかりと結ぶ、解(ほど)けたり緩(ゆる)んだりしないように結ぶ、結び合わせる◆しっかりと閉(と)じる、閉(し)める◆[日]すっかりおしまいにする、合計する
kk_取り調べる_とりしらべる,取り調べる,とりしらべる,取:◆捕(つか)まえる、捕(と)らえる、縄(なわ)を掛ける◆手に入れる、手の中に収(おさ)める、手で受ける◆(多くの中から一部を、或いは一つを)選ぶ、選択する◆娶(; 調:◆整える、釣り合いを取る、バランスbalanceを取る、不均衡・不公平などでない状態にする、不快感・違和感などを感じない状態に整える、「調和(チョウワ)」◆音律,N1,kun,kun+kun~,IL1_okurigana(kun 96%) | A1_compound_oku(kun 90%) | A1_on_kun_mix(on+kun 65%),取:◆捕(つか)まえる、捕(と)らえる、縄(なわ)を掛ける◆手に入れる、手の中に収(おさ)める、手で受ける◆(多くの中から一部を、或いは一つを)選ぶ、選択する◆娶(; 調:◆整える、釣り合いを取る、バランスbalanceを取る、不均衡・不公平などでない状態にする、不快感・違和感などを感じない状態に整える、「調和(チョウワ)」◆音律
kk_取り除く_とりのぞく,取り除く,とりのぞく,取:◆捕(つか)まえる、捕(と)らえる、縄(なわ)を掛ける◆手に入れる、手の中に収(おさ)める、手で受ける◆(多くの中から一部を、或いは一つを)選ぶ、選択する◆娶(; 除:◆そこにあるものを押し退(の)ける、押し退けて場所をあける◆取り払う、取り去る◆それまでの官職を解(と)いて新しい官職に就(つ)ける、「除官(ジョカン)」◆それ,N1,kun,kun+kun~,IL1_okurigana(kun 96%) | A1_compound_oku(kun 90%) | A1_on_kun_mix(on+kun 65%),取:◆捕(つか)まえる、捕(と)らえる、縄(なわ)を掛ける◆手に入れる、手の中に収(おさ)める、手で受ける◆(多くの中から一部を、或いは一つを)選ぶ、選択する◆娶(; 除:◆そこにあるものを押し退(の)ける、押し退けて場所をあける◆取り払う、取り去る◆それまでの官職を解(と)いて新しい官職に就(つ)ける、「除官(ジョカン)」◆それ
kk_受け入れる_うけいれる,受け入れる,うけいれる,受:◆他から渡されたものを掌(てのひら)に載(の)せる、また手に納(おさ)める◆授(さず)かる、手渡しで与えられる◆蒙(こうむ)る◆容認する; 入:◆範囲・領域・組織や区切り・境界の外(外側、外部、表側、向こう側、公のところ)から内(内側、内部、裏側、こちら側、私的なところ)に移る、また移す、内から外へ移る,N1,kun,kun+kun~,IL1_okurigana(kun 96%) | A1_compound_oku(kun 90%) | A1_on_kun_mix(on+kun 65%),受:◆他から渡されたものを掌(てのひら)に載(の)せる、また手に納(おさ)める◆授(さず)かる、手渡しで与えられる◆蒙(こうむ)る◆容認する; 入:◆範囲・領域・組織や区切り・境界の外(外側、外部、表側、向こう側、公のところ)から内(内側、内部、裏側、こちら側、私的なところ)に移る、また移す、内から外へ移る
kk_受け止める_うけとめる,受け止める,うけとめる,受:◆他から渡されたものを掌(てのひら)に載(の)せる、また手に納(おさ)める◆授(さず)かる、手渡しで与えられる◆蒙(こうむ)る◆容認する; 止:◆ものが動かないように(しっかりと)立つための支えとなる基(もと、土台)◆体を支える足(あし)◆同じ所に留(とど)まって動かない[†「止」は止まったまま動かない,N1,kun,kun+kun~,IL1_okurigana(kun 96%) | A1_compound_oku(kun 90%) | A1_on_kun_mix(on+kun 65%),受:◆他から渡されたものを掌(てのひら)に載(の)せる、また手に納(おさ)める◆授(さず)かる、手渡しで与えられる◆蒙(こうむ)る◆容認する; 止:◆ものが動かないように(しっかりと)立つための支えとなる基(もと、土台)◆体を支える足(あし)◆同じ所に留(とど)まって動かない[†「止」は止まったまま動かない
kk_受け継ぐ_うけつぐ,受け継ぐ,うけつぐ,受:◆他から渡されたものを掌(てのひら)に載(の)せる、また手に納(おさ)める◆授(さず)かる、手渡しで与えられる◆蒙(こうむ)る◆容認する; 継:◆切れている糸を繋(つな)ぐ、途切れないように前にあるものの後に続ける(続く)、同「㡭」◆前の物事を受けて続ける◆[日]まま、法的には親子関係であるが親と子の間,N1,mixed,kun+on~,IL1_okurigana(kun 96%) | A1_compound_oku(kun 90%) | A1_on_kun_mix(on+kun 65%),受:◆他から渡されたものを掌(てのひら)に載(の)せる、また手に納(おさ)める◆授(さず)かる、手渡しで与えられる◆蒙(こうむ)る◆容認する; 継:◆切れている糸を繋(つな)ぐ、途切れないように前にあるものの後に続ける(続く)、同「㡭」◆前の物事を受けて続ける◆[日]まま、法的には親子関係であるが親と子の間
kk_受け身_うけみ,受け身,うけみ,受:◆他から渡されたものを掌(てのひら)に載(の)せる、また手に納(おさ)める◆授(さず)かる、手渡しで与えられる◆蒙(こうむ)る◆容認する; 身:◆(頭部を除いた)体(からだ)、躯体(クタイ)、同「躯」「躬」◆中に含まれているもの、また入っているもの、本体◆人の一生、命(いのち)◆吾(われ)、我(わ)が、,N1,kun,kun+kun~,IL1_okurigana(kun 96%) | A1_compound_oku(kun 90%) | A1_on_kun_mix(on+kun 65%),受:◆他から渡されたものを掌(てのひら)に載(の)せる、また手に納(おさ)める◆授(さず)かる、手渡しで与えられる◆蒙(こうむ)る◆容認する; 身:◆(頭部を除いた)体(からだ)、躯体(クタイ)、同「躯」「躬」◆中に含まれているもの、また入っているもの、本体◆人の一生、命(いのち)◆吾(われ)、我(わ)が、
kk_受注_じゅちゅう,受注,じゅちゅう,受:◆他から渡されたものを掌(てのひら)に載(の)せる、また手に納(おさ)める◆授(さず)かる、手渡しで与えられる◆蒙(こうむ)る◆容認する; 注:◆水を一か所に狙いを定めて流し入れる、流れを目的の方に集中するようにする◆心や力を一点に集中する◆字句の解説、また解釈を加える、同「註」◆書き記(しる)す、記載,N1,on,on+on,A3_short_compound(on+on 71%),受:◆他から渡されたものを掌(てのひら)に載(の)せる、また手に納(おさ)める◆授(さず)かる、手渡しで与えられる◆蒙(こうむ)る◆容認する; 注:◆水を一か所に狙いを定めて流し入れる、流れを目的の方に集中するようにする◆心や力を一点に集中する◆字句の解説、また解釈を加える、同「註」◆書き記(しる)す、記載
kk_受診_じゅしん,受診,じゅしん,受:◆他から渡されたものを掌(てのひら)に載(の)せる、また手に納(おさ)める◆授(さず)かる、手渡しで与えられる◆蒙(こうむ)る◆容認する; 診:◆医者が(脈を見て)病状や健康状態をよく調べる◆実際に見て調べる,N1,on,on+on,A3_short_compound(on+on 71%) | B_verb_rad_言(kun 80%),受:◆他から渡されたものを掌(てのひら)に載(の)せる、また手に納(おさ)める◆授(さず)かる、手渡しで与えられる◆蒙(こうむ)る◆容認する; 診:◆医者が(脈を見て)病状や健康状態をよく調べる◆実際に見て調べる
kk_口コミcomm(unication)_くちコミ,口コミcomm(unication),くちコミ,口:◆動物の食べたり声を発したりするための器官◆ものが出入りするために空(あ)けた(空いた)ところ、(口のように)全体の内の一部空いたところ◆言葉、言葉を発する、語,N1,kun,kun,IL2_single_default(kun 84%),口:◆動物の食べたり声を発したりするための器官◆ものが出入りするために空(あ)けた(空いた)ところ、(口のように)全体の内の一部空いたところ◆言葉、言葉を発する、語
kk_口吟む_くちずさむ,口吟む,くちずさむ,口:◆動物の食べたり声を発したりするための器官◆ものが出入りするために空(あ)けた(空いた)ところ、(口のように)全体の内の一部空いたところ◆言葉、言葉を発する、語; 吟:◆口をあまり開けずに低い声を長く伸ばす、また、そのようにして詩歌を口ずさむ、「呻」程には長く伸ばさない◆呻(うめ)きの声、歎きの声,N1,on,mixed+on~,IL1_okurigana(kun 96%) | A1_compound_oku(kun 90%) | A1_on_kun_mix(on+kun 65%),口:◆動物の食べたり声を発したりするための器官◆ものが出入りするために空(あ)けた(空いた)ところ、(口のように)全体の内の一部空いたところ◆言葉、言葉を発する、語; 吟:◆口をあまり開けずに低い声を長く伸ばす、また、そのようにして詩歌を口ずさむ、「呻」程には長く伸ばさない◆呻(うめ)きの声、歎きの声
kk_口外_こうがい,口外,こうがい,口:◆動物の食べたり声を発したりするための器官◆ものが出入りするために空(あ)けた(空いた)ところ、(口のように)全体の内の一部空いたところ◆言葉、言葉を発する、語; 外:◆そと、範囲・領域・組織や区切り・境界の内(内側、内部)から出たもの、表に出ている(表に面している)もの、見えるところにあるもの、またそのようなところ、逆は「内,N1,on,on+on,,口:◆動物の食べたり声を発したりするための器官◆ものが出入りするために空(あ)けた(空いた)ところ、(口のように)全体の内の一部空いたところ◆言葉、言葉を発する、語; 外:◆そと、範囲・領域・組織や区切り・境界の内(内側、内部)から出たもの、表に出ている(表に面している)もの、見えるところにあるもの、またそのようなところ、逆は「内
kk_口語_こうご,口語,こうご,口:◆動物の食べたり声を発したりするための器官◆ものが出入りするために空(あ)けた(空いた)ところ、(口のように)全体の内の一部空いたところ◆言葉、言葉を発する、語; 語:◆他に向かって述べる、また告げる、考えや思い・言い伝えなどを話す◆意味を持つ言葉、話(はなし),N1,on,on+on,A3_short_compound(on+on 71%) | B_verb_rad_言(kun 80%),口:◆動物の食べたり声を発したりするための器官◆ものが出入りするために空(あ)けた(空いた)ところ、(口のように)全体の内の一部空いたところ◆言葉、言葉を発する、語; 語:◆他に向かって述べる、また告げる、考えや思い・言い伝えなどを話す◆意味を持つ言葉、話(はなし)
kk_口走る_くちばしる,口走る,くちばしる,口:◆動物の食べたり声を発したりするための器官◆ものが出入りするために空(あ)けた(空いた)ところ、(口のように)全体の内の一部空いたところ◆言葉、言葉を発する、語; 走:◆片足を地に着け止め、残る片足を前に運んで止める、という動作を左右の足で交互に速く繰り返す、早足(はやあし)で行く、同「趨」、ゆっくり繰り返すことを「歩」◆逃(,N1,other,mixed+mixed~,IL1_okurigana(kun 96%) | A1_compound_oku(kun 90%) | A1_on_kun_mix(on+kun 65%),口:◆動物の食べたり声を発したりするための器官◆ものが出入りするために空(あ)けた(空いた)ところ、(口のように)全体の内の一部空いたところ◆言葉、言葉を発する、語; 走:◆片足を地に着け止め、残る片足を前に運んで止める、という動作を左右の足で交互に速く繰り返す、早足(はやあし)で行く、同「趨」、ゆっくり繰り返すことを「歩」◆逃(
kk_口述_こうじゅつ,口述,こうじゅつ,口:◆動物の食べたり声を発したりするための器官◆ものが出入りするために空(あ)けた(空いた)ところ、(口のように)全体の内の一部空いたところ◆言葉、言葉を発する、語; 述:◆既に道筋が付いているものや頼りになるものに沿って行く、先例などに従う、同「循」◆先人の事績を受け継ぎ伝える、そのために文章に書き表す、或いは言葉で言い表す◆考,N1,on,on+on,,口:◆動物の食べたり声を発したりするための器官◆ものが出入りするために空(あ)けた(空いた)ところ、(口のように)全体の内の一部空いたところ◆言葉、言葉を発する、語; 述:◆既に道筋が付いているものや頼りになるものに沿って行く、先例などに従う、同「循」◆先人の事績を受け継ぎ伝える、そのために文章に書き表す、或いは言葉で言い表す◆考
kk_口頭_こうとう,口頭,こうとう,口:◆動物の食べたり声を発したりするための器官◆ものが出入りするために空(あ)けた(空いた)ところ、(口のように)全体の内の一部空いたところ◆言葉、言葉を発する、語; 頭:◆身体の最上部(四足・多足の動物の場合は先端部)、胴体の肩よりも上(先)にある部分 ◆物事の端(はじ)、物事の始まり(先端、最初)や終わり(後端、最終)、「先頭,N1,on,on+on,,口:◆動物の食べたり声を発したりするための器官◆ものが出入りするために空(あ)けた(空いた)ところ、(口のように)全体の内の一部空いたところ◆言葉、言葉を発する、語; 頭:◆身体の最上部(四足・多足の動物の場合は先端部)、胴体の肩よりも上(先)にある部分 ◆物事の端(はじ)、物事の始まり(先端、最初)や終わり(後端、最終)、「先頭
kk_古めかしい_ふるめかしい,古めかしい,ふるめかしい,古:◆以前、昔(むかし)、以前の、昔の、同「故」◆長い時を経(へ)ているさま,N1,kun,kun,IL1_okurigana(kun 96%) | IL2_single_okuri(kun 96%),古:◆以前、昔(むかし)、以前の、昔の、同「故」◆長い時を経(へ)ているさま
kk_叩く_はたく,叩く,はたく,叩:◆こつこつ・とんとんと短く軽く繰り返し打つ、ノックknockする、同「敂」◆平伏(ひれふ)して頭で地面を打つようにしてお辞儀をする、「叩拜(コウハイ)」◆問う、,N1,kun,kun,IL1_okurigana(kun 96%) | IL2_single_okuri(kun 96%),叩:◆こつこつ・とんとんと短く軽く繰り返し打つ、ノックknockする、同「敂」◆平伏(ひれふ)して頭で地面を打つようにしてお辞儀をする、「叩拜(コウハイ)」◆問う、
kk_只でさえ_ただでさえ,只でさえ,ただでさえ,只:◆単に、唯一の、それだけ、同繁「隻」「衹」◆句末に用い語気を整える助詞、同「𠮡」◆[日]ただ、無料、代金・対価を払わないこと、「只」を「ロハ(ろは)」と読み「無,N1,kun,kun,IL1_okurigana(kun 96%) | IL2_single_okuri(kun 96%),只:◆単に、唯一の、それだけ、同繁「隻」「衹」◆句末に用い語気を整える助詞、同「𠮡」◆[日]ただ、無料、代金・対価を払わないこと、「只」を「ロハ(ろは)」と読み「無
kk_只管_ひたすら,只管,ひたすら,只:◆単に、唯一の、それだけ、同繁「隻」「衹」◆句末に用い語気を整える助詞、同「𠮡」◆[日]ただ、無料、代金・対価を払わないこと、「只」を「ロハ(ろは)」と読み「無; 管:◆息を吹き込んで音を出す笛(ふえ)などの細長い筒(つつ)状の楽器◆細長い円柱状で内部が空洞になっているもの、またそのような形のもの◆「管鍵(カンケン)」、鍵穴(,N1,other,mixed+mixed~,B_noun_rad_竹(kun 93%),只:◆単に、唯一の、それだけ、同繁「隻」「衹」◆句末に用い語気を整える助詞、同「𠮡」◆[日]ただ、無料、代金・対価を払わないこと、「只」を「ロハ(ろは)」と読み「無; 管:◆息を吹き込んで音を出す笛(ふえ)などの細長い筒(つつ)状の楽器◆細長い円柱状で内部が空洞になっているもの、またそのような形のもの◆「管鍵(カンケン)」、鍵穴(
kk_召す_めす,召す,めす,召:◆声を掛けて呼び出す、また呼び寄せる、手を振って呼び寄せるのは「招」◆招(まね)く、自分の方に向かって引き寄せる◆[日]～なさる、「呼び寄せる」「食べる」「着る,N1,kun,kun,IL1_okurigana(kun 96%) | IL2_single_okuri(kun 96%),召:◆声を掛けて呼び出す、また呼び寄せる、手を振って呼び寄せるのは「招」◆招(まね)く、自分の方に向かって引き寄せる◆[日]～なさる、「呼び寄せる」「食べる」「着る
kk_台本_だいほん,台本,だいほん,台:◆我(われ)、自分を指す語、同「吾」「余」「予」◆「三台星(サンタイセイ)、三台(サンタイ)」、紫微垣(シビエン、天の北極を中心とした区画で天帝が住むとされた、; 本:◆木の根(ね)◆植物や物事の生まれ始まりの部分、ものの根源また起源、「本来(ホンライ、元々、初めから)」◆ものを支えているもの、基(もと)となるもの、拠(よ)り,N1,on,on+on,B_noun_rad_木(kun 93%),台:◆我(われ)、自分を指す語、同「吾」「余」「予」◆「三台星(サンタイセイ)、三台(サンタイ)」、紫微垣(シビエン、天の北極を中心とした区画で天帝が住むとされた、; 本:◆木の根(ね)◆植物や物事の生まれ始まりの部分、ものの根源また起源、「本来(ホンライ、元々、初めから)」◆ものを支えているもの、基(もと)となるもの、拠(よ)り
kk_台無し_だいなし,台無し,だいなし,台:◆我(われ)、自分を指す語、同「吾」「余」「予」◆「三台星(サンタイセイ)、三台(サンタイ)」、紫微垣(シビエン、天の北極を中心とした区画で天帝が住むとされた、; 無:◆ない、存在しない、有(ゆう)していない◆～ではない、～であってはならない◆簡「无」,N1,mixed,on+kun,IL1_okurigana(kun 96%) | A1_compound_oku(kun 90%) | A1_on_kun_mix(on+kun 65%),台:◆我(われ)、自分を指す語、同「吾」「余」「予」◆「三台星(サンタイセイ)、三台(サンタイ)」、紫微垣(シビエン、天の北極を中心とした区画で天帝が住むとされた、; 無:◆ない、存在しない、有(ゆう)していない◆～ではない、～であってはならない◆簡「无」
kk_史上_しじょう,史上,しじょう,史:◆記録、出来事などを記録した文書◆記録係、記録(特に歴史書)を管掌する役人、またその役職名; 上:◆位置・場所・地位などが高い、高い方にある◆高い方に移る、昇る、登る◆順序・時間などが前、前の方にある◆前の方に移る◆等級・品質などが高い、優れている◆殿様、皇,N1,on,on+on,A3_short_compound(on+on 71%),史:◆記録、出来事などを記録した文書◆記録係、記録(特に歴史書)を管掌する役人、またその役職名; 上:◆位置・場所・地位などが高い、高い方にある◆高い方に移る、昇る、登る◆順序・時間などが前、前の方にある◆前の方に移る◆等級・品質などが高い、優れている◆殿様、皇
kk_叶う_かなう,叶う,かなう,叶:◆多くのものを程良く調和させる、調子を合わせる、同「協」「旪」◆草木の茎や枝から伸び出る葉、同繁「葉」◆[日]かな・う、願った通りになる,N1,kun,kun,IL1_okurigana(kun 96%) | IL2_single_okuri(kun 96%),叶:◆多くのものを程良く調和させる、調子を合わせる、同「協」「旪」◆草木の茎や枝から伸び出る葉、同繁「葉」◆[日]かな・う、願った通りになる
kk_叶える_かなえる,叶える,かなえる,叶:◆多くのものを程良く調和させる、調子を合わせる、同「協」「旪」◆草木の茎や枝から伸び出る葉、同繁「葉」◆[日]かな・う、願った通りになる,N1,kun,kun,IL1_okurigana(kun 96%) | IL2_single_okuri(kun 96%),叶:◆多くのものを程良く調和させる、調子を合わせる、同「協」「旪」◆草木の茎や枝から伸び出る葉、同繁「葉」◆[日]かな・う、願った通りになる
kk_司る/掌る_つかさどる,司る/掌る,つかさどる,司:◆管理・監督する、主管(シュカン)・管掌(カンショウ)する、またその職掌(ショクショウ)・職務・役割、またその人、「【禮記注疏(禮記正義):卷四:曲禮下】天子之; 掌:◆たなごころ、てのひら、手のひら、手の指を除いた部分、動物などの場合は(前)足の裏、「手心(シュシン)」 ◆つかさど・る、役目として受け持つ、受け持つ仕事の全体,N1,kun,kun+kun~,IL1_okurigana(kun 96%) | A1_compound_oku(kun 90%) | A1_on_kun_mix(on+kun 65%),司:◆管理・監督する、主管(シュカン)・管掌(カンショウ)する、またその職掌(ショクショウ)・職務・役割、またその人、「【禮記注疏(禮記正義):卷四:曲禮下】天子之; 掌:◆たなごころ、てのひら、手のひら、手の指を除いた部分、動物などの場合は(前)足の裏、「手心(シュシン)」 ◆つかさど・る、役目として受け持つ、受け持つ仕事の全体
kk_合わす_あわす,合わす,あわす,合:◆人や物が集まって一緒になる、また一つになる◆幾つかのものを集め一緒にする、幾つかのものが集まり同じになる◆同じものを纏(まと)めた全体◆ぴったりと一致する、当,N1,kun,kun,IL1_okurigana(kun 96%) | IL2_single_okuri(kun 96%),合:◆人や物が集まって一緒になる、また一つになる◆幾つかのものを集め一緒にする、幾つかのものが集まり同じになる◆同じものを纏(まと)めた全体◆ぴったりと一致する、当
kk_合併_がっぺい,合併,がっぺい,合:◆人や物が集まって一緒になる、また一つになる◆幾つかのものを集め一緒にする、幾つかのものが集まり同じになる◆同じものを纏(まと)めた全体◆ぴったりと一致する、当; 併:◆あわ・せる、二つのもの(幾つかのもの)を一つにする、同「幷」◆並ぶ、並べる、同「並」◆簡「并」◆[日]しか・し、～ではあるけれども,N1,other,mixed+mixed~,,合:◆人や物が集まって一緒になる、また一つになる◆幾つかのものを集め一緒にする、幾つかのものが集まり同じになる◆同じものを纏(まと)めた全体◆ぴったりと一致する、当; 併:◆あわ・せる、二つのもの(幾つかのもの)を一つにする、同「幷」◆並ぶ、並べる、同「並」◆簡「并」◆[日]しか・し、～ではあるけれども
kk_合弁_ごうべん,合弁,ごうべん,合:◆人や物が集まって一緒になる、また一つになる◆幾つかのものを集め一緒にする、幾つかのものが集まり同じになる◆同じものを纏(まと)めた全体◆ぴったりと一致する、当; 弁:◆頭に被(かぶ)る冠(かんむり)や帽子、冕(ベン、高位の人の正装用の冠)なども含む、同「㝸」「𢍍」◆冠を被(かぶ)る、同「𠭛」◆元服(ゲンプク、男子が成人したこ,N1,on,on+on,,合:◆人や物が集まって一緒になる、また一つになる◆幾つかのものを集め一緒にする、幾つかのものが集まり同じになる◆同じものを纏(まと)めた全体◆ぴったりと一致する、当; 弁:◆頭に被(かぶ)る冠(かんむり)や帽子、冕(ベン、高位の人の正装用の冠)なども含む、同「㝸」「𢍍」◆冠を被(かぶ)る、同「𠭛」◆元服(ゲンプク、男子が成人したこ
kk_合意_ごうい,合意,ごうい,合:◆人や物が集まって一緒になる、また一つになる◆幾つかのものを集め一緒にする、幾つかのものが集まり同じになる◆同じものを纏(まと)めた全体◆ぴったりと一致する、当; 意:◆心の中にあって外(言葉や態度・行動など)には出さない思いや考え、心の動きや働き、気持ち◆物事の内にあって表には現れ出ないもの、内に込められているもの,N1,on,on+on,A3_short_compound(on+on 71%),合:◆人や物が集まって一緒になる、また一つになる◆幾つかのものを集め一緒にする、幾つかのものが集まり同じになる◆同じものを纏(まと)めた全体◆ぴったりと一致する、当; 意:◆心の中にあって外(言葉や態度・行動など)には出さない思いや考え、心の動きや働き、気持ち◆物事の内にあって表には現れ出ないもの、内に込められているもの
kk_合成_ごうせい,合成,ごうせい,合:◆人や物が集まって一緒になる、また一つになる◆幾つかのものを集め一緒にする、幾つかのものが集まり同じになる◆同じものを纏(まと)めた全体◆ぴったりと一致する、当; 成:◆為(な)す、形や状態などを変えようとする、また変わろうとする◆本来の形や状態になる、目的・目標を持って働き、当初の目的・目標に達する、出来上がる、仕上がる、「,N1,on,on+on,,合:◆人や物が集まって一緒になる、また一つになる◆幾つかのものを集め一緒にする、幾つかのものが集まり同じになる◆同じものを纏(まと)めた全体◆ぴったりと一致する、当; 成:◆為(な)す、形や状態などを変えようとする、また変わろうとする◆本来の形や状態になる、目的・目標を持って働き、当初の目的・目標に達する、出来上がる、仕上がる、「
kk_合点_がってん,合点,がってん,合:◆人や物が集まって一緒になる、また一つになる◆幾つかのものを集め一緒にする、幾つかのものが集まり同じになる◆同じものを纏(まと)めた全体◆ぴったりと一致する、当; 点:◆小さな(黒い)染(し)み・瑕(きず)・印(しるし)、またそのようなものを付ける、「汚点(オテン)」◆小さく狭く限られた場所・範囲・位置・事柄、「地点(チテン),N1,other,mixed+mixed~,,合:◆人や物が集まって一緒になる、また一つになる◆幾つかのものを集め一緒にする、幾つかのものが集まり同じになる◆同じものを纏(まと)めた全体◆ぴったりと一致する、当; 点:◆小さな(黒い)染(し)み・瑕(きず)・印(しるし)、またそのようなものを付ける、「汚点(オテン)」◆小さく狭く限られた場所・範囲・位置・事柄、「地点(チテン)
kk_合致_がっち,合致,がっち,合:◆人や物が集まって一緒になる、また一つになる◆幾つかのものを集め一緒にする、幾つかのものが集まり同じになる◆同じものを纏(まと)めた全体◆ぴったりと一致する、当; 致:◆相手方まで持って行って届ける、「送致」◆招き寄せる、こちらまで来させる、「招致」◆～に至る、～に至らしめる、「致死」◆～という結果に行く着く、～になる、「一致,N1,other,mixed+mixed~,A3_short_compound(on+on 71%),合:◆人や物が集まって一緒になる、また一つになる◆幾つかのものを集め一緒にする、幾つかのものが集まり同じになる◆同じものを纏(まと)めた全体◆ぴったりと一致する、当; 致:◆相手方まで持って行って届ける、「送致」◆招き寄せる、こちらまで来させる、「招致」◆～に至る、～に至らしめる、「致死」◆～という結果に行く着く、～になる、「一致
kk_合議_ごうぎ,合議,ごうぎ,合:◆人や物が集まって一緒になる、また一つになる◆幾つかのものを集め一緒にする、幾つかのものが集まり同じになる◆同じものを纏(まと)めた全体◆ぴったりと一致する、当; 議:◆互いに意見を交わし合う◆物事の是非について意見を交わし合う、またそれよって適切な結論を得る◆文章様式の一種で、物事の理非についての意見を記述したもの,N1,on,on+on,A3_short_compound(on+on 71%) | B_verb_rad_言(kun 80%),合:◆人や物が集まって一緒になる、また一つになる◆幾つかのものを集め一緒にする、幾つかのものが集まり同じになる◆同じものを纏(まと)めた全体◆ぴったりと一致する、当; 議:◆互いに意見を交わし合う◆物事の是非について意見を交わし合う、またそれよって適切な結論を得る◆文章様式の一種で、物事の理非についての意見を記述したもの
kk_合間_あいま,合間,あいま,合:◆人や物が集まって一緒になる、また一つになる◆幾つかのものを集め一緒にする、幾つかのものが集まり同じになる◆同じものを纏(まと)めた全体◆ぴったりと一致する、当; 間:◆両側からぴったりと閉じられずに開いているところ、(空間・時間・物事・関係などが)連続せずに途切れているところ、開いたり途切れたりして何もないところ、隙(すき),N1,kun,kun+kun~,A3_short_compound(on+on 71%),合:◆人や物が集まって一緒になる、また一つになる◆幾つかのものを集め一緒にする、幾つかのものが集まり同じになる◆同じものを纏(まと)めた全体◆ぴったりと一致する、当; 間:◆両側からぴったりと閉じられずに開いているところ、(空間・時間・物事・関係などが)連続せずに途切れているところ、開いたり途切れたりして何もないところ、隙(すき)
kk_同封_どうふう,同封,どうふう,同:◆一所(ひとところ)に人が集まる、一緒になる◆意見や行動などを共にする◆一様なさま、揃っているさま◆～と等しい、～と共に◆「胡同(コドウ)」、町中を縦横に走る道; 封:◆君主が諸侯や重臣に領地を与える、また領有することを認める◆諸侯や重臣の領土、またその領主◆土を盛り上げる、土を盛り上げた祭壇、また墓◆塞(ふさ)ぐ、閉(と)じ,N1,on,on+on,,同:◆一所(ひとところ)に人が集まる、一緒になる◆意見や行動などを共にする◆一様なさま、揃っているさま◆～と等しい、～と共に◆「胡同(コドウ)」、町中を縦横に走る道; 封:◆君主が諸侯や重臣に領地を与える、また領有することを認める◆諸侯や重臣の領土、またその領主◆土を盛り上げる、土を盛り上げた祭壇、また墓◆塞(ふさ)ぐ、閉(と)じ
kk_同情_どうじょう,同情,どうじょう,同:◆一所(ひとところ)に人が集まる、一緒になる◆意見や行動などを共にする◆一様なさま、揃っているさま◆～と等しい、～と共に◆「胡同(コドウ)」、町中を縦横に走る道; 情:◆物事(特に他の人)からの働き掛けで起こる喜怒哀楽愛好悪欲などの心の動き、「感情(カンジョウ)」◆他に寄せる思い、「愛情(アイジョウ)」◆異性に寄せる思い、好意,N1,on,on+on,,同:◆一所(ひとところ)に人が集まる、一緒になる◆意見や行動などを共にする◆一様なさま、揃っているさま◆～と等しい、～と共に◆「胡同(コドウ)」、町中を縦横に走る道; 情:◆物事(特に他の人)からの働き掛けで起こる喜怒哀楽愛好悪欲などの心の動き、「感情(カンジョウ)」◆他に寄せる思い、「愛情(アイジョウ)」◆異性に寄せる思い、好意
kk_同意_どうい,同意,どうい,同:◆一所(ひとところ)に人が集まる、一緒になる◆意見や行動などを共にする◆一様なさま、揃っているさま◆～と等しい、～と共に◆「胡同(コドウ)」、町中を縦横に走る道; 意:◆心の中にあって外(言葉や態度・行動など)には出さない思いや考え、心の動きや働き、気持ち◆物事の内にあって表には現れ出ないもの、内に込められているもの,N1,on,on+on,A3_short_compound(on+on 71%),同:◆一所(ひとところ)に人が集まる、一緒になる◆意見や行動などを共にする◆一様なさま、揃っているさま◆～と等しい、～と共に◆「胡同(コドウ)」、町中を縦横に走る道; 意:◆心の中にあって外(言葉や態度・行動など)には出さない思いや考え、心の動きや働き、気持ち◆物事の内にあって表には現れ出ないもの、内に込められているもの
kk_同感_どうかん,同感,どうかん,同:◆一所(ひとところ)に人が集まる、一緒になる◆意見や行動などを共にする◆一様なさま、揃っているさま◆～と等しい、～と共に◆「胡同(コドウ)」、町中を縦横に走る道; 感:◆外部から受けた刺激を知覚する◆外部からの刺激を受けて心や体が反応する、また動く,N1,on,on+on,,同:◆一所(ひとところ)に人が集まる、一緒になる◆意見や行動などを共にする◆一様なさま、揃っているさま◆～と等しい、～と共に◆「胡同(コドウ)」、町中を縦横に走る道; 感:◆外部から受けた刺激を知覚する◆外部からの刺激を受けて心や体が反応する、また動く
kk_同盟_どうめい,同盟,どうめい,同:◆一所(ひとところ)に人が集まる、一緒になる◆意見や行動などを共にする◆一様なさま、揃っているさま◆～と等しい、～と共に◆「胡同(コドウ)」、町中を縦横に走る道; 盟:◆はっきりと誓う、堅く約束する、古く犠牲(ギセイ、いけにえ)の血を皿に注いで互いにそれを啜(すす)ることで約束を違えないことの証(あかし)とした,N1,on,on+on,,同:◆一所(ひとところ)に人が集まる、一緒になる◆意見や行動などを共にする◆一様なさま、揃っているさま◆～と等しい、～と共に◆「胡同(コドウ)」、町中を縦横に走る道; 盟:◆はっきりと誓う、堅く約束する、古く犠牲(ギセイ、いけにえ)の血を皿に注いで互いにそれを啜(すす)ることで約束を違えないことの証(あかし)とした
kk_同等_どうとう,同等,どうとう,同:◆一所(ひとところ)に人が集まる、一緒になる◆意見や行動などを共にする◆一様なさま、揃っているさま◆～と等しい、～と共に◆「胡同(コドウ)」、町中を縦横に走る道; 等:◆きちんと揃(そろ)え整(ととの)えられた竹簡(チクカン、竹の札に記された文書)◆凸凹せずにきちんと揃う、また揃える、また整える◆数・量・大きさ・程度などが同じ,N1,on,on+on,B_noun_rad_竹(kun 93%),同:◆一所(ひとところ)に人が集まる、一緒になる◆意見や行動などを共にする◆一様なさま、揃っているさま◆～と等しい、～と共に◆「胡同(コドウ)」、町中を縦横に走る道; 等:◆きちんと揃(そろ)え整(ととの)えられた竹簡(チクカン、竹の札に記された文書)◆凸凹せずにきちんと揃う、また揃える、また整える◆数・量・大きさ・程度などが同じ
kk_同調_どうちょう,同調,どうちょう,同:◆一所(ひとところ)に人が集まる、一緒になる◆意見や行動などを共にする◆一様なさま、揃っているさま◆～と等しい、～と共に◆「胡同(コドウ)」、町中を縦横に走る道; 調:◆整える、釣り合いを取る、バランスbalanceを取る、不均衡・不公平などでない状態にする、不快感・違和感などを感じない状態に整える、「調和(チョウワ)」◆音律,N1,on,on+on,B_verb_rad_言(kun 80%),同:◆一所(ひとところ)に人が集まる、一緒になる◆意見や行動などを共にする◆一様なさま、揃っているさま◆～と等しい、～と共に◆「胡同(コドウ)」、町中を縦横に走る道; 調:◆整える、釣り合いを取る、バランスbalanceを取る、不均衡・不公平などでない状態にする、不快感・違和感などを感じない状態に整える、「調和(チョウワ)」◆音律
kk_名残_なごり,名残,なごり,名:◆人に付ける呼称、また動物・もの・出来事などを呼んだり指し示したり識別したりするためにその各々に付ける呼称、「名称(メイショウ)」◆呼称を付ける、「命名(メイメ; 残:◆傷付ける、害(ガイ)する、壊(こわ)す◆踏(ふ)み付けにする、平気で人に危害を加える◆酷(むご)い◆必要なものを取り除いた余り、必要なものを満たすために不足し,N1,other,mixed+mixed~,A3_short_compound(on+on 71%),名:◆人に付ける呼称、また動物・もの・出来事などを呼んだり指し示したり識別したりするためにその各々に付ける呼称、「名称(メイショウ)」◆呼称を付ける、「命名(メイメ; 残:◆傷付ける、害(ガイ)する、壊(こわ)す◆踏(ふ)み付けにする、平気で人に危害を加える◆酷(むご)い◆必要なものを取り除いた余り、必要なものを満たすために不足し
kk_名残惜しい_なごりおしい,名残惜しい,なごりおしい,名:◆人に付ける呼称、また動物・もの・出来事などを呼んだり指し示したり識別したりするためにその各々に付ける呼称、「名称(メイショウ)」◆呼称を付ける、「命名(メイメ; 残:◆傷付ける、害(ガイ)する、壊(こわ)す◆踏(ふ)み付けにする、平気で人に危害を加える◆酷(むご)い◆必要なものを取り除いた余り、必要なものを満たすために不足し; 惜:◆残念に思う、心が痛む◆お・しむ、手放しがたい、手の内から離れてしまわないように大切にする,N1,other,mixed+mixed+mixed~,IL1_okurigana(kun 96%) | A1_compound_oku(kun 90%) | A1_on_kun_mix(on+kun 65%),名:◆人に付ける呼称、また動物・もの・出来事などを呼んだり指し示したり識別したりするためにその各々に付ける呼称、「名称(メイショウ)」◆呼称を付ける、「命名(メイメ; 残:◆傷付ける、害(ガイ)する、壊(こわ)す◆踏(ふ)み付けにする、平気で人に危害を加える◆酷(むご)い◆必要なものを取り除いた余り、必要なものを満たすために不足し; 惜:◆残念に思う、心が痛む◆お・しむ、手放しがたい、手の内から離れてしまわないように大切にする
kk_名簿_めいぼ,名簿,めいぼ,名:◆人に付ける呼称、また動物・もの・出来事などを呼んだり指し示したり識別したりするためにその各々に付ける呼称、「名称(メイショウ)」◆呼称を付ける、「命名(メイメ; 簿:◆竹の札(ふだ)、文書・記録などを綴(と)じたもの◆天子などが外出する際に付き従う侍従(シジュウ)◆「鹵簿(ロボ」、天子などが外出する際の儀仗(ギジョウ、武具・,N1,on,on+on,A3_short_compound(on+on 71%) | B_noun_rad_竹(kun 93%),名:◆人に付ける呼称、また動物・もの・出来事などを呼んだり指し示したり識別したりするためにその各々に付ける呼称、「名称(メイショウ)」◆呼称を付ける、「命名(メイメ; 簿:◆竹の札(ふだ)、文書・記録などを綴(と)じたもの◆天子などが外出する際に付き従う侍従(シジュウ)◆「鹵簿(ロボ」、天子などが外出する際の儀仗(ギジョウ、武具・
kk_名誉_めいよ,名誉,めいよ,名:◆人に付ける呼称、また動物・もの・出来事などを呼んだり指し示したり識別したりするためにその各々に付ける呼称、「名称(メイショウ)」◆呼称を付ける、「命名(メイメ; 誉:◆ほま・れ、よい評判◆ほ・める、褒(ほ)める、褒(ほ)め称(たた)える,N1,on,on+on,A3_short_compound(on+on 71%) | B_verb_rad_言(kun 80%),名:◆人に付ける呼称、また動物・もの・出来事などを呼んだり指し示したり識別したりするためにその各々に付ける呼称、「名称(メイショウ)」◆呼称を付ける、「命名(メイメ; 誉:◆ほま・れ、よい評判◆ほ・める、褒(ほ)める、褒(ほ)め称(たた)える
kk_名高い_なだかい,名高い,なだかい,名:◆人に付ける呼称、また動物・もの・出来事などを呼んだり指し示したり識別したりするためにその各々に付ける呼称、「名称(メイショウ)」◆呼称を付ける、「命名(メイメ; 高:◆上下の方向で上の方、標準的・平均的な程度よりも上にある◆幾つかのものを比べた時に上にある、また優(すぐ)れている、また尊(とうと)い◆標準・基準や想定・期待を,N1,other,mixed+mixed~,IL1_okurigana(kun 96%) | A1_compound_oku(kun 90%) | A1_on_kun_mix(on+kun 65%),名:◆人に付ける呼称、また動物・もの・出来事などを呼んだり指し示したり識別したりするためにその各々に付ける呼称、「名称(メイショウ)」◆呼称を付ける、「命名(メイメ; 高:◆上下の方向で上の方、標準的・平均的な程度よりも上にある◆幾つかのものを比べた時に上にある、また優(すぐ)れている、また尊(とうと)い◆標準・基準や想定・期待を
kk_向上_こうじょう,向上,こうじょう,向:◆窓、北側に面した窓、同「郷」、「丿冂」は「宀」で「屋根のある建物」、「口」は「壁などに空いた窓」の意◆目的とするところを目指して行く、基点となるところから遠ざ; 上:◆位置・場所・地位などが高い、高い方にある◆高い方に移る、昇る、登る◆順序・時間などが前、前の方にある◆前の方に移る◆等級・品質などが高い、優れている◆殿様、皇,N1,on,on+on,,向:◆窓、北側に面した窓、同「郷」、「丿冂」は「宀」で「屋根のある建物」、「口」は「壁などに空いた窓」の意◆目的とするところを目指して行く、基点となるところから遠ざ; 上:◆位置・場所・地位などが高い、高い方にある◆高い方に移る、昇る、登る◆順序・時間などが前、前の方にある◆前の方に移る◆等級・品質などが高い、優れている◆殿様、皇
kk_吟味_ぎんみ,吟味,ぎんみ,吟:◆口をあまり開けずに低い声を長く伸ばす、また、そのようにして詩歌を口ずさむ、「呻」程には長く伸ばさない◆呻(うめ)きの声、歎きの声; 味:◆舌で感じる、舌の感覚◆「五味(ゴミ)」、舌の感覚(味)を五つに大別したもの、酸(酸っぱい味)苦(苦い味)辛(辛い味)鹹(塩辛い味)甘(甘い味)、「【禮記注疏(,N1,on,on+on,A3_short_compound(on+on 71%),吟:◆口をあまり開けずに低い声を長く伸ばす、また、そのようにして詩歌を口ずさむ、「呻」程には長く伸ばさない◆呻(うめ)きの声、歎きの声; 味:◆舌で感じる、舌の感覚◆「五味(ゴミ)」、舌の感覚(味)を五つに大別したもの、酸(酸っぱい味)苦(苦い味)辛(辛い味)鹹(塩辛い味)甘(甘い味)、「【禮記注疏(
kk_否めない_いなめない,否めない,いなめない,否:◆いな、いや、いいや、同意できない、認められない、受け入れられない、否定・不同意の言葉、同「不」◆然(しか)らずんば、～でなければ～、同「否」◆そうではない、他,N1,kun,kun,IL1_okurigana(kun 96%) | IL2_single_okuri(kun 96%),否:◆いな、いや、いいや、同意できない、認められない、受け入れられない、否定・不同意の言葉、同「不」◆然(しか)らずんば、～でなければ～、同「否」◆そうではない、他
kk_否決_ひけつ,否決,ひけつ,否:◆いな、いや、いいや、同意できない、認められない、受け入れられない、否定・不同意の言葉、同「不」◆然(しか)らずんば、～でなければ～、同「否」◆そうではない、他; 決:◆堤(つつみ)などが破(やぶ)れる、また(堤防などが破れて)水が流れ出る◆破る、突き破る◆(妨げとなっている物や事を突き破って、押し退けて)きっぱりと、「決断(,N1,on,on+on,A3_short_compound(on+on 71%),否:◆いな、いや、いいや、同意できない、認められない、受け入れられない、否定・不同意の言葉、同「不」◆然(しか)らずんば、～でなければ～、同「否」◆そうではない、他; 決:◆堤(つつみ)などが破(やぶ)れる、また(堤防などが破れて)水が流れ出る◆破る、突き破る◆(妨げとなっている物や事を突き破って、押し退けて)きっぱりと、「決断(
kk_吹奏_すいそう,吹奏,すいそう,吹:◆息を勢いよく吐き出す、唇を窄めて風を起こすように息を吐く、ゆっくり吹くのは「嘘」◆管楽器に音を出すために息を勢いよく吐き入れる、同「龡」◆大気が流れる、風が起; 奏:◆進める◆物を両手に持ち前に差し出す、物を両手に捧(ささ)げ持ち神や君主に差し上げる、進献(シンケン)する、同「𡲯」、「【集韻:卷八:去聲下:第第五十:𡴝奏𠭡𢽥,N1,on,on+on,,吹:◆息を勢いよく吐き出す、唇を窄めて風を起こすように息を吐く、ゆっくり吹くのは「嘘」◆管楽器に音を出すために息を勢いよく吐き入れる、同「龡」◆大気が流れる、風が起; 奏:◆進める◆物を両手に持ち前に差し出す、物を両手に捧(ささ)げ持ち神や君主に差し上げる、進献(シンケン)する、同「𡲯」、「【集韻:卷八:去聲下:第第五十:𡴝奏𠭡𢽥
kk_呆気ない_あっけない,呆気ない,あっけない,呆:◆(動きや反応や切れ味が)鈍(にぶ)い、ぼんやりしている、同繁「獃」◆[日]あき・れる、咄嗟(トッサ)のことでどうしてよいか分からない、あまりのことにどう反応し; 気:◆中国古来の考えで、天地全ての事物の基本要素、目に見えず形状は一定しない、あらゆる事物の生死・盛衰などの変化・変動はこの「気」の移動・集散によるものと考えられた,N1,on,mixed+on~,IL1_okurigana(kun 96%) | A1_compound_oku(kun 90%) | A1_on_kun_mix(on+kun 65%),呆:◆(動きや反応や切れ味が)鈍(にぶ)い、ぼんやりしている、同繁「獃」◆[日]あき・れる、咄嗟(トッサ)のことでどうしてよいか分からない、あまりのことにどう反応し; 気:◆中国古来の考えで、天地全ての事物の基本要素、目に見えず形状は一定しない、あらゆる事物の生死・盛衰などの変化・変動はこの「気」の移動・集散によるものと考えられた
kk_呆然_ぼうぜん,呆然,ぼうぜん,呆:◆(動きや反応や切れ味が)鈍(にぶ)い、ぼんやりしている、同繁「獃」◆[日]あき・れる、咄嗟(トッサ)のことでどうしてよいか分からない、あまりのことにどう反応し; 然:◆燃やす、火で焼く、「イヌ(犬、狗)の肉(月)を燃やす(灬)」の意、同「燃」◆～のような、～のように◆しか・も、その上に、それでも◆しか・り、その通り、yes◆,N1,on,on+on,,呆:◆(動きや反応や切れ味が)鈍(にぶ)い、ぼんやりしている、同繁「獃」◆[日]あき・れる、咄嗟(トッサ)のことでどうしてよいか分からない、あまりのことにどう反応し; 然:◆燃やす、火で焼く、「イヌ(犬、狗)の肉(月)を燃やす(灬)」の意、同「燃」◆～のような、～のように◆しか・も、その上に、それでも◆しか・り、その通り、yes◆
kk_告げる_つげる,告げる,つげる,告:◆(下位者が上位者に、また人に)～であると(～であることを)知らせる、伝える、「報告(ホウコク)」、上位者が下位者に対して告げるのは「誥」◆上位者が下位者に知ら,N1,kun,kun,IL1_okurigana(kun 96%) | IL2_single_okuri(kun 96%),告:◆(下位者が上位者に、また人に)～であると(～であることを)知らせる、伝える、「報告(ホウコク)」、上位者が下位者に対して告げるのは「誥」◆上位者が下位者に知ら
kk_告白_こくはく,告白,こくはく,告:◆(下位者が上位者に、また人に)～であると(～であることを)知らせる、伝える、「報告(ホウコク)」、上位者が下位者に対して告げるのは「誥」◆上位者が下位者に知ら; 白:◆無色、雪の色、どんな色にも染まっていないさま、同「㿟」「皛」◆曇りがないさま、汚(けが)れがないさま、清(きよ)いさま◆何もないさま、あるがままであるさま、「,N1,on,on+on,,告:◆(下位者が上位者に、また人に)～であると(～であることを)知らせる、伝える、「報告(ホウコク)」、上位者が下位者に対して告げるのは「誥」◆上位者が下位者に知ら; 白:◆無色、雪の色、どんな色にも染まっていないさま、同「㿟」「皛」◆曇りがないさま、汚(けが)れがないさま、清(きよ)いさま◆何もないさま、あるがままであるさま、「
kk_告知_こくち,告知,こくち,告:◆(下位者が上位者に、また人に)～であると(～であることを)知らせる、伝える、「報告(ホウコク)」、上位者が下位者に対して告げるのは「誥」◆上位者が下位者に知ら; 知:◆(矢のように素早く、矢が的の中央に当たるように的確に)認識する、見定める、「察知(サッチ)」「知識(チシキ)」、「智」は「見知ったことを理解しその正邪を正しく,N1,on,on+on,A3_short_compound(on+on 71%),告:◆(下位者が上位者に、また人に)～であると(～であることを)知らせる、伝える、「報告(ホウコク)」、上位者が下位者に対して告げるのは「誥」◆上位者が下位者に知ら; 知:◆(矢のように素早く、矢が的の中央に当たるように的確に)認識する、見定める、「察知(サッチ)」「知識(チシキ)」、「智」は「見知ったことを理解しその正邪を正しく
kk_呟く_つぶやく,呟く,つぶやく,呟:◆[日]つぶや・く、小声で独り言(ひとりごと)を言う◆大きな声,N1,kun,kun,IL1_okurigana(kun 96%) | IL2_single_okuri(kun 96%),呟:◆[日]つぶや・く、小声で独り言(ひとりごと)を言う◆大きな声
kk_周期_しゅうき,周期,しゅうき,周:◆囲いの境目、一回り、一回りする、一巡する◆隅々まで漏れなく行き渡る◆漏れがないさま、緻密な◆前11世紀頃から八百年以上続いた王朝、別名「西周」 ◆南北朝時代の; 期:◆予定されている(約束されている)時(とき、時期、時間)、「時期(ジキ)」「期間(キカン、二つの時の間、始めの時から終わりの時までの間)」◆決められた時(時期、,N1,on,on+on,A3_short_compound(on+on 71%),周:◆囲いの境目、一回り、一回りする、一巡する◆隅々まで漏れなく行き渡る◆漏れがないさま、緻密な◆前11世紀頃から八百年以上続いた王朝、別名「西周」 ◆南北朝時代の; 期:◆予定されている(約束されている)時(とき、時期、時間)、「時期(ジキ)」「期間(キカン、二つの時の間、始めの時から終わりの時までの間)」◆決められた時(時期、
kk_周知_しゅうち,周知,しゅうち,周:◆囲いの境目、一回り、一回りする、一巡する◆隅々まで漏れなく行き渡る◆漏れがないさま、緻密な◆前11世紀頃から八百年以上続いた王朝、別名「西周」 ◆南北朝時代の; 知:◆(矢のように素早く、矢が的の中央に当たるように的確に)認識する、見定める、「察知(サッチ)」「知識(チシキ)」、「智」は「見知ったことを理解しその正邪を正しく,N1,on,on+on,A3_short_compound(on+on 71%),周:◆囲いの境目、一回り、一回りする、一巡する◆隅々まで漏れなく行き渡る◆漏れがないさま、緻密な◆前11世紀頃から八百年以上続いた王朝、別名「西周」 ◆南北朝時代の; 知:◆(矢のように素早く、矢が的の中央に当たるように的確に)認識する、見定める、「察知(サッチ)」「知識(チシキ)」、「智」は「見知ったことを理解しその正邪を正しく
kk_味わい_あじわい,味わい,あじわい,味:◆舌で感じる、舌の感覚◆「五味(ゴミ)」、舌の感覚(味)を五つに大別したもの、酸(酸っぱい味)苦(苦い味)辛(辛い味)鹹(塩辛い味)甘(甘い味)、「【禮記注疏(,N1,kun,kun,IL1_okurigana(kun 96%) | IL2_single_okuri(kun 96%),味:◆舌で感じる、舌の感覚◆「五味(ゴミ)」、舌の感覚(味)を五つに大別したもの、酸(酸っぱい味)苦(苦い味)辛(辛い味)鹹(塩辛い味)甘(甘い味)、「【禮記注疏(
kk_命取り_いのちとり,命取り,いのちとり,命:◆天や神から差し遣(さしつ)わされるもの、また授(さず)かるもの、「生命(セイメイ)」「寿命(ジュミョウ)」「運命(ウンメイ)」◆身分・地位が高い人や敬うべき人; 取:◆捕(つか)まえる、捕(と)らえる、縄(なわ)を掛ける◆手に入れる、手の中に収(おさ)める、手で受ける◆(多くの中から一部を、或いは一つを)選ぶ、選択する◆娶(,N1,kun,kun+kun,IL1_okurigana(kun 96%) | A1_compound_oku(kun 90%) | A1_on_kun_mix(on+kun 65%),命:◆天や神から差し遣(さしつ)わされるもの、また授(さず)かるもの、「生命(セイメイ)」「寿命(ジュミョウ)」「運命(ウンメイ)」◆身分・地位が高い人や敬うべき人; 取:◆捕(つか)まえる、捕(と)らえる、縄(なわ)を掛ける◆手に入れる、手の中に収(おさ)める、手で受ける◆(多くの中から一部を、或いは一つを)選ぶ、選択する◆娶(
kk_咄嗟_とっさ,咄嗟,とっさ,咄:◆「ちっ」「ちぇ」というような舌打ちする声◆「きっ」と叱(しか)りつける、同「啌」◆「咄嗟(トッサ)」◇ため息をつくさま、残念がるさま◇一瞬の間(ま)に◆[日]; 嗟:◆「ああ」という嘆(なげ)き憂(うれ)える短い声の擬声語◆憂い歎く◆嘆き溜息(ためいき)を付く◆「咄嗟(トッサ)」◇嘆き溜息を付く◇急に、あっという間に、瞬(ま,N1,on,on+on,A3_short_compound(on+on 71%),咄:◆「ちっ」「ちぇ」というような舌打ちする声◆「きっ」と叱(しか)りつける、同「啌」◆「咄嗟(トッサ)」◇ため息をつくさま、残念がるさま◇一瞬の間(ま)に◆[日]; 嗟:◆「ああ」という嘆(なげ)き憂(うれ)える短い声の擬声語◆憂い歎く◆嘆き溜息(ためいき)を付く◆「咄嗟(トッサ)」◇嘆き溜息を付く◇急に、あっという間に、瞬(ま
kk_咄嗟に_とっさに,咄嗟に,とっさに,咄:◆「ちっ」「ちぇ」というような舌打ちする声◆「きっ」と叱(しか)りつける、同「啌」◆「咄嗟(トッサ)」◇ため息をつくさま、残念がるさま◇一瞬の間(ま)に◆[日]; 嗟:◆「ああ」という嘆(なげ)き憂(うれ)える短い声の擬声語◆憂い歎く◆嘆き溜息(ためいき)を付く◆「咄嗟(トッサ)」◇嘆き溜息を付く◇急に、あっという間に、瞬(ま,N1,on,on+on~,IL1_okurigana(kun 96%) | A1_compound_oku(kun 90%) | A1_on_kun_mix(on+kun 65%),咄:◆「ちっ」「ちぇ」というような舌打ちする声◆「きっ」と叱(しか)りつける、同「啌」◆「咄嗟(トッサ)」◇ため息をつくさま、残念がるさま◇一瞬の間(ま)に◆[日]; 嗟:◆「ああ」という嘆(なげ)き憂(うれ)える短い声の擬声語◆憂い歎く◆嘆き溜息(ためいき)を付く◆「咄嗟(トッサ)」◇嘆き溜息を付く◇急に、あっという間に、瞬(ま
kk_和やか_なごやか,和やか,なごやか,和:◆大き過ぎず小さ過ぎない、硬過ぎず柔らか過ぎない、暑過ぎず寒過ぎない、釣り合いが取れてちょうどよいさま、程好(ほどよ)いさま、適度なさま◆気に掛ることも気に障る,N1,kun,kun,IL1_okurigana(kun 96%) | IL2_single_okuri(kun 96%),和:◆大き過ぎず小さ過ぎない、硬過ぎず柔らか過ぎない、暑過ぎず寒過ぎない、釣り合いが取れてちょうどよいさま、程好(ほどよ)いさま、適度なさま◆気に掛ることも気に障る
kk_和らげる_やわらげる,和らげる,やわらげる,和:◆大き過ぎず小さ過ぎない、硬過ぎず柔らか過ぎない、暑過ぎず寒過ぎない、釣り合いが取れてちょうどよいさま、程好(ほどよ)いさま、適度なさま◆気に掛ることも気に障る,N1,kun,kun,IL1_okurigana(kun 96%) | IL2_single_okuri(kun 96%),和:◆大き過ぎず小さ過ぎない、硬過ぎず柔らか過ぎない、暑過ぎず寒過ぎない、釣り合いが取れてちょうどよいさま、程好(ほどよ)いさま、適度なさま◆気に掛ることも気に障る
kk_和風_わふう,和風,わふう,和:◆大き過ぎず小さ過ぎない、硬過ぎず柔らか過ぎない、暑過ぎず寒過ぎない、釣り合いが取れてちょうどよいさま、程好(ほどよ)いさま、適度なさま◆気に掛ることも気に障る; 風:◆大気の流れや揺らぎ ◆(風に乗って)どこからともなく届いて来る話や様子◆(風のように自然に広まる)一般的な習慣や傾向◆譬える、似たもの◆かぜ、部首名,N1,on,on+on,A3_short_compound(on+on 71%),和:◆大き過ぎず小さ過ぎない、硬過ぎず柔らか過ぎない、暑過ぎず寒過ぎない、釣り合いが取れてちょうどよいさま、程好(ほどよ)いさま、適度なさま◆気に掛ることも気に障る; 風:◆大気の流れや揺らぎ ◆(風に乗って)どこからともなく届いて来る話や様子◆(風のように自然に広まる)一般的な習慣や傾向◆譬える、似たもの◆かぜ、部首名
kk_咎める_とがめる,咎める,とがめる,咎:◆進めようとしていること(しようとしていること)の妨(さまた)げとなるような事柄、また妨げようとするような事柄、差し障り(さしさわり)◆過ち、後悔するような判断,N1,kun,kun,IL1_okurigana(kun 96%) | IL2_single_okuri(kun 96%),咎:◆進めようとしていること(しようとしていること)の妨(さまた)げとなるような事柄、また妨げようとするような事柄、差し障り(さしさわり)◆過ち、後悔するような判断
kk_品薄_しなうす,品薄,しなうす,品:◆物(もの)、多くの物、様々な物◆もの(人や物)の本質・価値・程度を判断する◆ものの値打ち、また価値、また程度・等級; 薄:◆草木がびっしりと(隙間なく)生えているさま、「【說文解字注:艸部:薄】林薄也(…劉注曰薄不入之叢也按林木相迫不可入曰薄引伸凡相迫皆曰薄)」◆互いの間が近い、間,N1,kun,kun+kun~,,品:◆物(もの)、多くの物、様々な物◆もの(人や物)の本質・価値・程度を判断する◆ものの値打ち、また価値、また程度・等級; 薄:◆草木がびっしりと(隙間なく)生えているさま、「【說文解字注:艸部:薄】林薄也(…劉注曰薄不入之叢也按林木相迫不可入曰薄引伸凡相迫皆曰薄)」◆互いの間が近い、間
kk_唐突_とうとつ,唐突,とうとつ,唐:◆口を大きく開いて言う、大袈裟(おおげさ)に言う◆大きいだけで中身がないさま◆618年李淵(リエン、566年～635年、唐初代皇帝)が随(581年～618年)を; 突:◆犬が穴から急に飛び出す、また飛び出てくる◆急に、不意に◆つ・く、撞(つ)く、(棒状のものを正面から)まっすぐに当てる◆そこだけ凸状に飛び出ているさま、またその,N1,on,on+on,,唐:◆口を大きく開いて言う、大袈裟(おおげさ)に言う◆大きいだけで中身がないさま◆618年李淵(リエン、566年～635年、唐初代皇帝)が随(581年～618年)を; 突:◆犬が穴から急に飛び出す、また飛び出てくる◆急に、不意に◆つ・く、撞(つ)く、(棒状のものを正面から)まっすぐに当てる◆そこだけ凸状に飛び出ているさま、またその
kk_唱える_となえる,唱える,となえる,唱:◆(多人数で声を合わせる際に)まず一人が最初に発声する、音頭(おんど)を取る、「唱和(ショウワ、倡和、まず一人が発声し残りの者がそれに続いて声を合わせること)」,N1,kun,kun,IL1_okurigana(kun 96%) | IL2_single_okuri(kun 96%),唱:◆(多人数で声を合わせる際に)まず一人が最初に発声する、音頭(おんど)を取る、「唱和(ショウワ、倡和、まず一人が発声し残りの者がそれに続いて声を合わせること)」
kk_商い_あきない,商い,あきない,商:◆物を売買する、古くは「行商」を指し、市場で店を構えて商売することを「賈」といった◆(品質や条件など)さまざまなことを考え合わせて見当(ケントウ)を付ける、推し,N1,kun,kun,IL1_okurigana(kun 96%) | IL2_single_okuri(kun 96%),商:◆物を売買する、古くは「行商」を指し、市場で店を構えて商売することを「賈」といった◆(品質や条件など)さまざまなことを考え合わせて見当(ケントウ)を付ける、推し
kk_問い出す_といだす,問い出す,といだす,問:◆分からないことやはっきりしないことを質(ただ)す◆罪や責任などの有無について聞く◆様子などを尋ねる; 出:◆範囲・領域・組織や区切り・境界の内(内側、内部、裏側、こちら側、私的なところ)から外(外側、外部、表側、向こう側、公のところ)に移る、また移す、外から内へ移る,N1,kun,kun+kun,IL1_okurigana(kun 96%) | A1_compound_oku(kun 90%) | A1_on_kun_mix(on+kun 65%),問:◆分からないことやはっきりしないことを質(ただ)す◆罪や責任などの有無について聞く◆様子などを尋ねる; 出:◆範囲・領域・組織や区切り・境界の内(内側、内部、裏側、こちら側、私的なところ)から外(外側、外部、表側、向こう側、公のところ)に移る、また移す、外から内へ移る
kk_問屋_とんや,問屋,とんや,問:◆分からないことやはっきりしないことを質(ただ)す◆罪や責任などの有無について聞く◆様子などを尋ねる; 屋:◆日差しや雨風を遮(さえぎ)るための覆(おお)い、同「幄」◆建物の上部の日差しや雨風を遮(さえぎ)るための覆い、「屋頂(オクテイ、オクチョウ、屋根)」◆(屋根に,N1,kun,kun+kun~,A3_short_compound(on+on 71%),問:◆分からないことやはっきりしないことを質(ただ)す◆罪や責任などの有無について聞く◆様子などを尋ねる; 屋:◆日差しや雨風を遮(さえぎ)るための覆(おお)い、同「幄」◆建物の上部の日差しや雨風を遮(さえぎ)るための覆い、「屋頂(オクテイ、オクチョウ、屋根)」◆(屋根に
kk_善良_ぜんりょう,善良,ぜんりょう,善:◆めでたい、喜ばしい◆良い、好ましい◆美しい、魅力的な◆優(すぐ)れている、立派な◆正しい、正しい行い◆親しい、友好的な; 良:◆自分或いは多くの人の判断基準より上である、(「優(ユウ)」には及ばないが)一般的・標準的な水準・程度を超えている、善(よ)い、勝(まさ)る、好(この)ましい、,N1,on,on+on,,善:◆めでたい、喜ばしい◆良い、好ましい◆美しい、魅力的な◆優(すぐ)れている、立派な◆正しい、正しい行い◆親しい、友好的な; 良:◆自分或いは多くの人の判断基準より上である、(「優(ユウ)」には及ばないが)一般的・標準的な水準・程度を超えている、善(よ)い、勝(まさ)る、好(この)ましい、
kk_喪失_そうしつ,喪失,そうしつ,喪:◆(そこにいた人が)いなくなる、人が亡(な)くなる、同「亡」◆失う、無(な)くす◆死者を追悼(ツイトウ)するために家に籠(こも)って慎(つつし)む; 失:◆指の間から(隙間から)するりと抜け出る、手にしていたもの(それまであったもの)をなくす◆逸(イッ)する、なくす、なくなる◆すべきことや選ぶべき道・時などを見逃,N1,on,on+on,,喪:◆(そこにいた人が)いなくなる、人が亡(な)くなる、同「亡」◆失う、無(な)くす◆死者を追悼(ツイトウ)するために家に籠(こも)って慎(つつし)む; 失:◆指の間から(隙間から)するりと抜け出る、手にしていたもの(それまであったもの)をなくす◆逸(イッ)する、なくす、なくなる◆すべきことや選ぶべき道・時などを見逃
kk_営む_いとなむ,営む,いとなむ,営:◆住居(生活するところ)の周りに壁や塀などを巡らす◆軍隊が駐留するために周りに土塁などを巡らす、また土塁などを巡らせた場所◆周りを囲って外敵から守る◆生活する(,N1,kun,kun,IL1_okurigana(kun 96%) | IL2_single_okuri(kun 96%),営:◆住居(生活するところ)の周りに壁や塀などを巡らす◆軍隊が駐留するために周りに土塁などを巡らす、また土塁などを巡らせた場所◆周りを囲って外敵から守る◆生活する(
kk_嗄れる_かれる,嗄れる,かれる,嗄:◆声が掠(かす)れる、掠れて声が変わる、声が咽喉(インコウ、のど)に引っ掛って滑らかに出てこない◆軽い疑問などを表す語,N1,kun,kun,IL1_okurigana(kun 96%) | IL2_single_okuri(kun 96%),嗄:◆声が掠(かす)れる、掠れて声が変わる、声が咽喉(インコウ、のど)に引っ掛って滑らかに出てこない◆軽い疑問などを表す語
kk_嗅覚_きゅうかく,嗅覚,きゅうかく,嗅:◆(鼻を近づけて)臭いを感じ取る、同「㗜」「齅」; 覚:◆目を醒(さ)ます、眠りから醒める、正常な認識や判断ができない状態から抜け出る◆迷いや暗がりから抜け出る、明るみに出る◆辺りの状況が意識・認識できるようになる、,N1,on,on+on,,嗅:◆(鼻を近づけて)臭いを感じ取る、同「㗜」「齅」; 覚:◆目を醒(さ)ます、眠りから醒める、正常な認識や判断ができない状態から抜け出る◆迷いや暗がりから抜け出る、明るみに出る◆辺りの状況が意識・認識できるようになる、
kk_嘆かわしい_なげかわしい,嘆かわしい,なげかわしい,嘆:◆大きく息を吐(つ、は)く、悲しんで(悲嘆、ヒタン)・心を痛めて(哀嘆、アイタン)・あれこれと思い煩(わずら)って(憂嘆、ユウタン)・胸が詰まって(慨嘆、ガイタ,N1,kun,kun,IL1_okurigana(kun 96%) | IL2_single_okuri(kun 96%),嘆:◆大きく息を吐(つ、は)く、悲しんで(悲嘆、ヒタン)・心を痛めて(哀嘆、アイタン)・あれこれと思い煩(わずら)って(憂嘆、ユウタン)・胸が詰まって(慨嘆、ガイタ
kk_嘆く_なげく,嘆く,なげく,嘆:◆大きく息を吐(つ、は)く、悲しんで(悲嘆、ヒタン)・心を痛めて(哀嘆、アイタン)・あれこれと思い煩(わずら)って(憂嘆、ユウタン)・胸が詰まって(慨嘆、ガイタ,N1,kun,kun,IL1_okurigana(kun 96%) | IL2_single_okuri(kun 96%),嘆:◆大きく息を吐(つ、は)く、悲しんで(悲嘆、ヒタン)・心を痛めて(哀嘆、アイタン)・あれこれと思い煩(わずら)って(憂嘆、ユウタン)・胸が詰まって(慨嘆、ガイタ
kk_嘗/嘗てない_かつてない,嘗/嘗てない,かつてない,嘗:◆舌で舐(な)める、舐めて味見する◆試(ため)す、試しに◆その年の収穫物を供え祖先を祭(まつ)るために秋に行われる祭礼の名、春は「礿(夏代、商代)」「祠(周代); 嘗:◆舌で舐(な)める、舐めて味見する◆試(ため)す、試しに◆その年の収穫物を供え祖先を祭(まつ)るために秋に行われる祭礼の名、春は「礿(夏代、商代)」「祠(周代),N1,kun,kun+kun~,IL1_okurigana(kun 96%) | A1_compound_oku(kun 90%) | A1_on_kun_mix(on+kun 65%),嘗:◆舌で舐(な)める、舐めて味見する◆試(ため)す、試しに◆その年の収穫物を供え祖先を祭(まつ)るために秋に行われる祭礼の名、春は「礿(夏代、商代)」「祠(周代); 嘗:◆舌で舐(な)める、舐めて味見する◆試(ため)す、試しに◆その年の収穫物を供え祖先を祭(まつ)るために秋に行われる祭礼の名、春は「礿(夏代、商代)」「祠(周代)
kk_嘗て/曾て_かつて,嘗て/曾て,かつて,嘗:◆舌で舐(な)める、舐めて味見する◆試(ため)す、試しに◆その年の収穫物を供え祖先を祭(まつ)るために秋に行われる祭礼の名、春は「礿(夏代、商代)」「祠(周代); 曾:◆乃(すなわ)ち、則(すなわ)ち、即(すなわ)ち◆嘗(かつ)て、以前、以前に、以前の◆層(そう)をなす、同質のものが重(かさ)なる、また繰り返される、同「層」◆,N1,kun,kun+kun~,IL1_okurigana(kun 96%) | A1_compound_oku(kun 90%) | A1_on_kun_mix(on+kun 65%),嘗:◆舌で舐(な)める、舐めて味見する◆試(ため)す、試しに◆その年の収穫物を供え祖先を祭(まつ)るために秋に行われる祭礼の名、春は「礿(夏代、商代)」「祠(周代); 曾:◆乃(すなわ)ち、則(すなわ)ち、即(すなわ)ち◆嘗(かつ)て、以前、以前に、以前の◆層(そう)をなす、同質のものが重(かさ)なる、また繰り返される、同「層」◆
kk_嘲笑う_あざわらう,嘲笑う,あざわらう,嘲:◆あざけ・る、言葉で人を馬鹿にする、からかう、「嘲笑(チョウショウ、笑って馬鹿にする、馬鹿にして笑う)」◆朝に鳥が(水鳥や山鳥などを除く林野に棲む鳥が)鳴く声、; 笑:◆喜び顔を綻(ほころ)ばせる、顔を綻ばせ歯を見せる、同「𥬇」「㗛」「咲」◆面白(おもしろ)おかしい◆侮(あなど)って小さく口を開く、嘲笑う(あざわらう)◆花が咲,N1,other,mixed+mixed~,IL1_okurigana(kun 96%) | A1_compound_oku(kun 90%) | A1_on_kun_mix(on+kun 65%),嘲:◆あざけ・る、言葉で人を馬鹿にする、からかう、「嘲笑(チョウショウ、笑って馬鹿にする、馬鹿にして笑う)」◆朝に鳥が(水鳥や山鳥などを除く林野に棲む鳥が)鳴く声、; 笑:◆喜び顔を綻(ほころ)ばせる、顔を綻ばせ歯を見せる、同「𥬇」「㗛」「咲」◆面白(おもしろ)おかしい◆侮(あなど)って小さく口を開く、嘲笑う(あざわらう)◆花が咲
kk_器_うつわ,器,うつわ,器:◆入れもの、(周りや底を囲って)中にものを入れるためのもの、「食器(ショッキ)」◆中に入る量、ものを受け入れることができる量、入れ物の大きさ、「器量(キリョウ),N1,kun,kun,IL2_single_default(kun 84%),器:◆入れもの、(周りや底を囲って)中にものを入れるためのもの、「食器(ショッキ)」◆中に入る量、ものを受け入れることができる量、入れ物の大きさ、「器量(キリョウ)
kk_器量_きりょう,器量,きりょう,器:◆入れもの、(周りや底を囲って)中にものを入れるためのもの、「食器(ショッキ)」◆中に入る量、ものを受け入れることができる量、入れ物の大きさ、「器量(キリョウ); 量:◆容積(体積)またその軽重・大小の程度、またそれを計測する、またそれを計測するための容器 ◆ものの大きさや重さを推(お)し測る◆入れ物(いれもの)の大きさ、もの,N1,on,on+on,A3_short_compound(on+on 71%),器:◆入れもの、(周りや底を囲って)中にものを入れるためのもの、「食器(ショッキ)」◆中に入る量、ものを受け入れることができる量、入れ物の大きさ、「器量(キリョウ); 量:◆容積(体積)またその軽重・大小の程度、またそれを計測する、またそれを計測するための容器 ◆ものの大きさや重さを推(お)し測る◆入れ物(いれもの)の大きさ、もの
kk_回り諄い_まわりくどい,回り諄い,まわりくどい,回:◆円を描(えが)くように動く、一周して(一巡して)元に戻る、同「廻」「迴」、「回復(カイフク)」「回帰(カイキ)」◆元に戻す、元に返す、「回答(カイトウ)」◆(; 諄:◆丁寧(テイネイ)に詳しく教え諭(さと)す◆丁寧なさま、懇(ねんご)ろなさま、懇切なさま,N1,on,mixed+on~,IL1_okurigana(kun 96%) | A1_compound_oku(kun 90%) | A1_on_kun_mix(on+kun 65%),回:◆円を描(えが)くように動く、一周して(一巡して)元に戻る、同「廻」「迴」、「回復(カイフク)」「回帰(カイキ)」◆元に戻す、元に返す、「回答(カイトウ)」◆(; 諄:◆丁寧(テイネイ)に詳しく教え諭(さと)す◆丁寧なさま、懇(ねんご)ろなさま、懇切なさま
kk_回収_かいしゅう,回収,かいしゅう,回:◆円を描(えが)くように動く、一周して(一巡して)元に戻る、同「廻」「迴」、「回復(カイフク)」「回帰(カイキ)」◆元に戻す、元に返す、「回答(カイトウ)」◆(; 収:◆あちこちから取り集めて一カ所に纏(まと)める◆収穫したものを一カ所に集める、また役所がその一部を取り立てて公庫(政府の倉庫など)に入れる◆罪人を捕(とら)らえ,N1,on,on+on,,回:◆円を描(えが)くように動く、一周して(一巡して)元に戻る、同「廻」「迴」、「回復(カイフク)」「回帰(カイキ)」◆元に戻す、元に返す、「回答(カイトウ)」◆(; 収:◆あちこちから取り集めて一カ所に纏(まと)める◆収穫したものを一カ所に集める、また役所がその一部を取り立てて公庫(政府の倉庫など)に入れる◆罪人を捕(とら)らえ
kk_回覧_かいらん,回覧,かいらん,回:◆円を描(えが)くように動く、一周して(一巡して)元に戻る、同「廻」「迴」、「回復(カイフク)」「回帰(カイキ)」◆元に戻す、元に返す、「回答(カイトウ)」◆(; 覧:◆見渡す、見て回る◆全体を見る、全体に目を通す,N1,on,on+on,,回:◆円を描(えが)くように動く、一周して(一巡して)元に戻る、同「廻」「迴」、「回復(カイフク)」「回帰(カイキ)」◆元に戻す、元に返す、「回答(カイトウ)」◆(; 覧:◆見渡す、見て回る◆全体を見る、全体に目を通す
kk_回路_かいろ,回路,かいろ,回:◆円を描(えが)くように動く、一周して(一巡して)元に戻る、同「廻」「迴」、「回復(カイフク)」「回帰(カイキ)」◆元に戻す、元に返す、「回答(カイトウ)」◆(; 路:◆通り道、都市内・集落内・城内・邸内などの連絡用の道◆道、人などが往来する道、「道路(ドウロ)」、同「道」◆行き方、方法◆天子や諸侯が乗る車、同「輅」◆宋(96,N1,on,on+on,A3_short_compound(on+on 71%) | B_verb_rad_足(kun 80%),回:◆円を描(えが)くように動く、一周して(一巡して)元に戻る、同「廻」「迴」、「回復(カイフク)」「回帰(カイキ)」◆元に戻す、元に返す、「回答(カイトウ)」◆(; 路:◆通り道、都市内・集落内・城内・邸内などの連絡用の道◆道、人などが往来する道、「道路(ドウロ)」、同「道」◆行き方、方法◆天子や諸侯が乗る車、同「輅」◆宋(96
kk_回送_かいそう,回送,かいそう,回:◆円を描(えが)くように動く、一周して(一巡して)元に戻る、同「廻」「迴」、「回復(カイフク)」「回帰(カイキ)」◆元に戻す、元に返す、「回答(カイトウ)」◆(; 送:◆行く人(別れる人、帰る人、旅立つ人、亡くなった人など)と途中まで同道する、出向いて行って迎えるのは「迎」◆ものを目的地へ運び届ける◆贈(おく)る、遣(つか)わ,N1,on,on+on,,回:◆円を描(えが)くように動く、一周して(一巡して)元に戻る、同「廻」「迴」、「回復(カイフク)」「回帰(カイキ)」◆元に戻す、元に返す、「回答(カイトウ)」◆(; 送:◆行く人(別れる人、帰る人、旅立つ人、亡くなった人など)と途中まで同道する、出向いて行って迎えるのは「迎」◆ものを目的地へ運び届ける◆贈(おく)る、遣(つか)わ
kk_回避_かいひ,回避,かいひ,回:◆円を描(えが)くように動く、一周して(一巡して)元に戻る、同「廻」「迴」、「回復(カイフク)」「回帰(カイキ)」◆元に戻す、元に返す、「回答(カイトウ)」◆(; 避:◆障害となるものに当たらないような位置・場所に移動する、当たらないように身を躱(かわ)す、身を逸(そ)らす、同「辟」、「迴避、回避(カイヒ)」◆中心から去る、退,N1,on,on+on,A3_short_compound(on+on 71%),回:◆円を描(えが)くように動く、一周して(一巡して)元に戻る、同「廻」「迴」、「回復(カイフク)」「回帰(カイキ)」◆元に戻す、元に返す、「回答(カイトウ)」◆(; 避:◆障害となるものに当たらないような位置・場所に移動する、当たらないように身を躱(かわ)す、身を逸(そ)らす、同「辟」、「迴避、回避(カイヒ)」◆中心から去る、退
kk_因みに_ちなみに,因みに,ちなみに,因:◆基(もと)づく、土台となるものの上に順々に積み重なっていく◆物事がそうなるに至った理由や事情、「全て物事は基となるものに様々な物事が繋がり積み重なった結果」の,N1,kun,kun,IL1_okurigana(kun 96%) | IL2_single_okuri(kun 96%),因:◆基(もと)づく、土台となるものの上に順々に積み重なっていく◆物事がそうなるに至った理由や事情、「全て物事は基となるものに様々な物事が繋がり積み重なった結果」の
kk_団塊_だんかい,団塊,だんかい,団:◆集まって一つになる、集まって円状の塊(かたまり)になる、一つに纏(まと)まる◆同じものが寄せ集まる、また寄せ集まって塊となったもの、「集団」「団体」; 塊:◆かたまり、土の固まり、元はばらばらなものが固まって一つになったもの、ばらばらなものが纏(まと)まって一つになったもの◆周りとはちがってそこだけ、一つだけ、一人,N1,on,on+on,,団:◆集まって一つになる、集まって円状の塊(かたまり)になる、一つに纏(まと)まる◆同じものが寄せ集まる、また寄せ集まって塊となったもの、「集団」「団体」; 塊:◆かたまり、土の固まり、元はばらばらなものが固まって一つになったもの、ばらばらなものが纏(まと)まって一つになったもの◆周りとはちがってそこだけ、一つだけ、一人
kk_団結_だんけつ,団結,だんけつ,団:◆集まって一つになる、集まって円状の塊(かたまり)になる、一つに纏(まと)まる◆同じものが寄せ集まる、また寄せ集まって塊となったもの、「集団」「団体」; 結:◆糸や紐(ひも)・縄(なわ)・綱(つな)などの両端を繋(つな)いで解(ほど)けないようにする◆解けたり緩(ゆる)んだりしないように締(し)める、しっかりと繋ぐ◆,N1,on,on+on,,団:◆集まって一つになる、集まって円状の塊(かたまり)になる、一つに纏(まと)まる◆同じものが寄せ集まる、また寄せ集まって塊となったもの、「集団」「団体」; 結:◆糸や紐(ひも)・縄(なわ)・綱(つな)などの両端を繋(つな)いで解(ほど)けないようにする◆解けたり緩(ゆる)んだりしないように締(し)める、しっかりと繋ぐ◆
kk_困惑_こんわく,困惑,こんわく,困:◆周りを囲まれていて手足の伸ばしようがない◆行き詰まる、身動きができない、苦しむ◆門や入り口の扉がそれ以上外に開かないようにするための杭(くい)、また門や入り口; 惑:◆あれこれと心が乱れる、どうしてよいか分からずに迷う、判断や区別が定まらない◆人を迷わせる,N1,on,on+on,,困:◆周りを囲まれていて手足の伸ばしようがない◆行き詰まる、身動きができない、苦しむ◆門や入り口の扉がそれ以上外に開かないようにするための杭(くい)、また門や入り口; 惑:◆あれこれと心が乱れる、どうしてよいか分からずに迷う、判断や区別が定まらない◆人を迷わせる
kk_囲う_かこう,囲う,かこう,囲:◆四周を取り巻く◆外から中に入らないように或いは中から外に出ないように周(まわ)りに設けられた区切り◆長さの単位、両手を広げた長さ、一抱(ひとかか)え,N1,kun,kun,IL1_okurigana(kun 96%) | IL2_single_okuri(kun 96%),囲:◆四周を取り巻く◆外から中に入らないように或いは中から外に出ないように周(まわ)りに設けられた区切り◆長さの単位、両手を広げた長さ、一抱(ひとかか)え
kk_固定_こてい,固定,こてい,固:◆(周りを囲まれていて)形・位置・状態が変わらない(変えない)、同じ形・位置・状態が枠内に収まっている(収める)、「固定(コテイ)」◆もと・より、元来(ガンライ; 定:◆さだ・まる、動きや乱れが鎮(しず)まって変化・変動しない状態になる、平静になる、落ち着く、「鎮定(チンテイ)」◆さだ・める、動いたり揺らいだりしない状態にする,N1,on,on+on,A3_short_compound(on+on 71%) | B_noun_rad_宀(kun 93%),固:◆(周りを囲まれていて)形・位置・状態が変わらない(変えない)、同じ形・位置・状態が枠内に収まっている(収める)、「固定(コテイ)」◆もと・より、元来(ガンライ; 定:◆さだ・まる、動きや乱れが鎮(しず)まって変化・変動しない状態になる、平静になる、落ち着く、「鎮定(チンテイ)」◆さだ・める、動いたり揺らいだりしない状態にする
kk_固有_こゆう,固有,こゆう,固:◆(周りを囲まれていて)形・位置・状態が変わらない(変えない)、同じ形・位置・状態が枠内に収まっている(収める)、「固定(コテイ)」◆もと・より、元来(ガンライ; 有:◆在(あ)る、居(い)る、一定の範囲や場所に存在する、「有力(ユウリョク、力がある)」「稀有(ケウ、稀にある、稀にしかない)」◆持っている、備わっている、「所有,N1,on,on+on,A3_short_compound(on+on 71%),固:◆(周りを囲まれていて)形・位置・状態が変わらない(変えない)、同じ形・位置・状態が枠内に収まっている(収める)、「固定(コテイ)」◆もと・より、元来(ガンライ; 有:◆在(あ)る、居(い)る、一定の範囲や場所に存在する、「有力(ユウリョク、力がある)」「稀有(ケウ、稀にある、稀にしかない)」◆持っている、備わっている、「所有
kk_国交_こっこう,国交,こっこう,"国:◆主権者の支配が及ぶ範囲、土地や人や政治体制などを含む概念で古くは君主から与えられた領地、「王(権力者)の勢力が及ぶ範囲(囗)」の意; 交:◆形や状態などが""＋Ｘ""字形(交差する)ような形になるさま、違う方向から進んできたものが一点で出会うさま、交叉(コウサ)するさま、同「䢒」◆互いに行き来し合う、",N1,other,mixed+mixed~,,"国:◆主権者の支配が及ぶ範囲、土地や人や政治体制などを含む概念で古くは君主から与えられた領地、「王(権力者)の勢力が及ぶ範囲(囗)」の意; 交:◆形や状態などが""＋Ｘ""字形(交差する)ような形になるさま、違う方向から進んできたものが一点で出会うさま、交叉(コウサ)するさま、同「䢒」◆互いに行き来し合う、"
kk_土俵_どひょう,土俵,どひょう,土:◆泥や細かい砂などから成るもの◆生(セイ)あるものを生み出すもの、「【說文解字:巻一三下:土部:土】地之吐生物者也二象地之下地之中物出形」◆地に根差したもの、そ; 俵:◆分け与える、分配(ブンパイ)する、同「㧼」「䞄」◆[日]たわら、藁(わら)で作った穀物などを入れる袋,N1,on,on+on,A3_short_compound(on+on 71%),土:◆泥や細かい砂などから成るもの◆生(セイ)あるものを生み出すもの、「【說文解字:巻一三下:土部:土】地之吐生物者也二象地之下地之中物出形」◆地に根差したもの、そ; 俵:◆分け与える、分配(ブンパイ)する、同「㧼」「䞄」◆[日]たわら、藁(わら)で作った穀物などを入れる袋
kk_土台_どだい,土台,どだい,土:◆泥や細かい砂などから成るもの◆生(セイ)あるものを生み出すもの、「【說文解字:巻一三下:土部:土】地之吐生物者也二象地之下地之中物出形」◆地に根差したもの、そ; 台:◆我(われ)、自分を指す語、同「吾」「余」「予」◆「三台星(サンタイセイ)、三台(サンタイ)」、紫微垣(シビエン、天の北極を中心とした区画で天帝が住むとされた、,N1,on,on+on,A3_short_compound(on+on 71%),土:◆泥や細かい砂などから成るもの◆生(セイ)あるものを生み出すもの、「【說文解字:巻一三下:土部:土】地之吐生物者也二象地之下地之中物出形」◆地に根差したもの、そ; 台:◆我(われ)、自分を指す語、同「吾」「余」「予」◆「三台星(サンタイセイ)、三台(サンタイ)」、紫微垣(シビエン、天の北極を中心とした区画で天帝が住むとされた、
kk_土壇場_どたんば,土壇場,どたんば,土:◆泥や細かい砂などから成るもの◆生(セイ)あるものを生み出すもの、「【說文解字:巻一三下:土部:土】地之吐生物者也二象地之下地之中物出形」◆地に根差したもの、そ; 壇:◆周(まわ)りよりも一段と高く土を盛り上を平らにしたところ、祭祀(サイシ)や天子と諸侯の会見・会盟などを執(と)り行う際に上る台◆周りよりも一段と高く上が平らな; 場:◆(日当たりのよい、収穫した穀物の乾燥・脱穀などをする、また多くの人やものが集まる)広く平らなところ、「広場」、同「塲」◆一段と高くし上を平らに作ったところ、台,N1,mixed,on+on+kun~,A4_multi_on(on+on+on 65%),土:◆泥や細かい砂などから成るもの◆生(セイ)あるものを生み出すもの、「【說文解字:巻一三下:土部:土】地之吐生物者也二象地之下地之中物出形」◆地に根差したもの、そ; 壇:◆周(まわ)りよりも一段と高く土を盛り上を平らにしたところ、祭祀(サイシ)や天子と諸侯の会見・会盟などを執(と)り行う際に上る台◆周りよりも一段と高く上が平らな; 場:◆(日当たりのよい、収穫した穀物の乾燥・脱穀などをする、また多くの人やものが集まる)広く平らなところ、「広場」、同「塲」◆一段と高くし上を平らに作ったところ、台
kk_土手_どて,土手,どて,土:◆泥や細かい砂などから成るもの◆生(セイ)あるものを生み出すもの、「【說文解字:巻一三下:土部:土】地之吐生物者也二象地之下地之中物出形」◆地に根差したもの、そ; 手:◆体や物体の一部で、胴から分かれ出て伸び、持つ・握る・叩く・ものを作る・操作するなどの機能を持つ部分、掌(たなごころ)と指を合わせた全体、腕の先の部分 ◆自(み,N1,mixed,on+kun~,A3_short_compound(on+on 71%) | B_verb_rad_手(kun 80%),土:◆泥や細かい砂などから成るもの◆生(セイ)あるものを生み出すもの、「【說文解字:巻一三下:土部:土】地之吐生物者也二象地之下地之中物出形」◆地に根差したもの、そ; 手:◆体や物体の一部で、胴から分かれ出て伸び、持つ・握る・叩く・ものを作る・操作するなどの機能を持つ部分、掌(たなごころ)と指を合わせた全体、腕の先の部分 ◆自(み
kk_土木_どぼく,土木,どぼく,土:◆泥や細かい砂などから成るもの◆生(セイ)あるものを生み出すもの、「【說文解字:巻一三下:土部:土】地之吐生物者也二象地之下地之中物出形」◆地に根差したもの、そ; 木:◆植物の一分類、例外もあるが一般に表皮が硬く寒暖差などによって年輪を生ずるもの、またそれを使ったもの◆五行(水・火・木・金・土)の一つ ◆自然で飾り気がないさま,N1,on,on+on,A3_short_compound(on+on 71%) | B_noun_rad_木(kun 93%),土:◆泥や細かい砂などから成るもの◆生(セイ)あるものを生み出すもの、「【說文解字:巻一三下:土部:土】地之吐生物者也二象地之下地之中物出形」◆地に根差したもの、そ; 木:◆植物の一分類、例外もあるが一般に表皮が硬く寒暖差などによって年輪を生ずるもの、またそれを使ったもの◆五行(水・火・木・金・土)の一つ ◆自然で飾り気がないさま
kk_土砂_どしゃ,土砂,どしゃ,土:◆泥や細かい砂などから成るもの◆生(セイ)あるものを生み出すもの、「【說文解字:巻一三下:土部:土】地之吐生物者也二象地之下地之中物出形」◆地に根差したもの、そ; 砂:◆細かい粒状の石、同「沙」◆小さく硬い粒状のもの,N1,on,on+on,A3_short_compound(on+on 71%),土:◆泥や細かい砂などから成るもの◆生(セイ)あるものを生み出すもの、「【說文解字:巻一三下:土部:土】地之吐生物者也二象地之下地之中物出形」◆地に根差したもの、そ; 砂:◆細かい粒状の石、同「沙」◆小さく硬い粒状のもの
kk_圧倒_あっとう,圧倒,あっとう,圧:◆上から下に向けて押え付けるように力を加える◆力で押え付ける、押え付けて従わせる¶「圧」は日本・韓国などで用いられる「壓」の簡体字、中国では「压」; 倒:◆立っているものが横になる(横にする)◆(上下や前後左右の位置関係や順序が、また意図・予想していたことと)逆(ぎゃく)になる、逆にする、逆(さか)さまになる◆器,N1,on,on+on,,圧:◆上から下に向けて押え付けるように力を加える◆力で押え付ける、押え付けて従わせる¶「圧」は日本・韓国などで用いられる「壓」の簡体字、中国では「压」; 倒:◆立っているものが横になる(横にする)◆(上下や前後左右の位置関係や順序が、また意図・予想していたことと)逆(ぎゃく)になる、逆にする、逆(さか)さまになる◆器
kk_圧倒的_あっとうてき,圧倒的,あっとうてき,圧:◆上から下に向けて押え付けるように力を加える◆力で押え付ける、押え付けて従わせる¶「圧」は日本・韓国などで用いられる「壓」の簡体字、中国では「压」; 倒:◆立っているものが横になる(横にする)◆(上下や前後左右の位置関係や順序が、また意図・予想していたことと)逆(ぎゃく)になる、逆にする、逆(さか)さまになる◆器; 的:◆弓で矢を射(い)る時の目標とするもの、同「㢩」「墑」◆額(ひたい)の部分だけが白い馬、またその額の白い部分、女性が額に施(ほどこ)す(赤い点状の)装飾◆(弓の,N1,on,on+on+on,A4_multi_on(on+on+on 65%),圧:◆上から下に向けて押え付けるように力を加える◆力で押え付ける、押え付けて従わせる¶「圧」は日本・韓国などで用いられる「壓」の簡体字、中国では「压」; 倒:◆立っているものが横になる(横にする)◆(上下や前後左右の位置関係や順序が、また意図・予想していたことと)逆(ぎゃく)になる、逆にする、逆(さか)さまになる◆器; 的:◆弓で矢を射(い)る時の目標とするもの、同「㢩」「墑」◆額(ひたい)の部分だけが白い馬、またその額の白い部分、女性が額に施(ほどこ)す(赤い点状の)装飾◆(弓の
kk_圧勝_あっしょう,圧勝,あっしょう,圧:◆上から下に向けて押え付けるように力を加える◆力で押え付ける、押え付けて従わせる¶「圧」は日本・韓国などで用いられる「壓」の簡体字、中国では「压」; 勝:◆責任や任務によく耐える、また耐えることができる◆克(か)つ、克服する、(困難に耐え)乗り越え成し遂げる◆～を上回る、～より優(すぐ)れる、優れている◆相手を上,N1,on,on+on,B_verb_rad_力(kun 80%),圧:◆上から下に向けて押え付けるように力を加える◆力で押え付ける、押え付けて従わせる¶「圧」は日本・韓国などで用いられる「壓」の簡体字、中国では「压」; 勝:◆責任や任務によく耐える、また耐えることができる◆克(か)つ、克服する、(困難に耐え)乗り越え成し遂げる◆～を上回る、～より優(すぐ)れる、優れている◆相手を上
kk_圧迫_あっぱく,圧迫,あっぱく,圧:◆上から下に向けて押え付けるように力を加える◆力で押え付ける、押え付けて従わせる¶「圧」は日本・韓国などで用いられる「壓」の簡体字、中国では「压」; 迫:◆間近(まじか)まで近づく、間(あいだ)が狭まる、間(ま)が詰まる、「逼迫(ヒッパク)」◆(身動きができないところまで)間を詰める、追い詰める、「強迫(キョウハ,N1,other,mixed+mixed~,,圧:◆上から下に向けて押え付けるように力を加える◆力で押え付ける、押え付けて従わせる¶「圧」は日本・韓国などで用いられる「壓」の簡体字、中国では「压」; 迫:◆間近(まじか)まで近づく、間(あいだ)が狭まる、間(ま)が詰まる、「逼迫(ヒッパク)」◆(身動きができないところまで)間を詰める、追い詰める、「強迫(キョウハ
kk_在り来り_ありきたり,在り来り,ありきたり,在:◆そこに居(い)る、同じ状態で一定のところに留(とど)まっている、またその場所◆～に於(お)いて、～(場所)で(at); 来:◆(人や時間や物事が)向こうからこちらに近づく、「到来(トウライ)」、同「倈」「徠」「逨」「𧼛」◆招き寄せる、「こちらに来させる」の意◆ある時点から今まで、今に,N1,kun,kun+kun~,IL1_okurigana(kun 96%) | A1_compound_oku(kun 90%) | A1_on_kun_mix(on+kun 65%),在:◆そこに居(い)る、同じ状態で一定のところに留(とど)まっている、またその場所◆～に於(お)いて、～(場所)で(at); 来:◆(人や時間や物事が)向こうからこちらに近づく、「到来(トウライ)」、同「倈」「徠」「逨」「𧼛」◆招き寄せる、「こちらに来させる」の意◆ある時点から今まで、今に
kk_在来_ざいらい,在来,ざいらい,在:◆そこに居(い)る、同じ状態で一定のところに留(とど)まっている、またその場所◆～に於(お)いて、～(場所)で(at); 来:◆(人や時間や物事が)向こうからこちらに近づく、「到来(トウライ)」、同「倈」「徠」「逨」「𧼛」◆招き寄せる、「こちらに来させる」の意◆ある時点から今まで、今に,N1,on,on+on,B_noun_rad_木(kun 93%),在:◆そこに居(い)る、同じ状態で一定のところに留(とど)まっている、またその場所◆～に於(お)いて、～(場所)で(at); 来:◆(人や時間や物事が)向こうからこちらに近づく、「到来(トウライ)」、同「倈」「徠」「逨」「𧼛」◆招き寄せる、「こちらに来させる」の意◆ある時点から今まで、今に
kk_均衡_きんこう,均衡,きんこう,均:◆(土地を)平等に或いは公平に分配する◆どれも同じように揃っている、偏(かたより)りがない、凹凸・大小・軽重などがない◆等しく、同じように; 衡:◆門や窓の上部に渡した横木◆轅(エン、ながえ)や輈(チュウ)の先端に渡した横木、これに牛馬を繋(つな)いで車を牽(ひ)かせる、同「𨏎」「輅」 ◆棹秤(さおばかり,N1,on,on+on,,均:◆(土地を)平等に或いは公平に分配する◆どれも同じように揃っている、偏(かたより)りがない、凹凸・大小・軽重などがない◆等しく、同じように; 衡:◆門や窓の上部に渡した横木◆轅(エン、ながえ)や輈(チュウ)の先端に渡した横木、これに牛馬を繋(つな)いで車を牽(ひ)かせる、同「𨏎」「輅」 ◆棹秤(さおばかり
kk_均質_きんしつ,均質,きんしつ,均:◆(土地を)平等に或いは公平に分配する◆どれも同じように揃っている、偏(かたより)りがない、凹凸・大小・軽重などがない◆等しく、同じように; 質:◆本来の、元々(もともと)の、「本質(ホンシツ)」◆本来のままであるさま、素(す)のままであるさま、「質素(シッソ)」◆そのものが持つ本来の価値や中身、また性格,N1,on,on+on,,均:◆(土地を)平等に或いは公平に分配する◆どれも同じように揃っている、偏(かたより)りがない、凹凸・大小・軽重などがない◆等しく、同じように; 質:◆本来の、元々(もともと)の、「本質(ホンシツ)」◆本来のままであるさま、素(す)のままであるさま、「質素(シッソ)」◆そのものが持つ本来の価値や中身、また性格
kk_垢_あか,垢,あか,垢:◆塵(ちり)や埃(ほこり)、ものの表面に付着する汚(よご)れや穢(けが)れ、少しずつ積もりたまっていく不浄・不潔なもの、同「坸」◆体面を汚(けが)す、辱(はずか,N1,kun,kun,IL2_single_default(kun 84%),垢:◆塵(ちり)や埃(ほこり)、ものの表面に付着する汚(よご)れや穢(けが)れ、少しずつ積もりたまっていく不浄・不潔なもの、同「坸」◆体面を汚(けが)す、辱(はずか
kk_垣間見る_かいまみる,垣間見る,かいまみる,垣:◆土を高く盛って周りを囲んだ土塁(ドルイ)、比較的低いものを指す、高いものは「墉」、「【字彙:丑集:土部:垣】于權切音員牆也卑曰垣高曰墉釋名垣援也人所依阻以為援; 間:◆両側からぴったりと閉じられずに開いているところ、(空間・時間・物事・関係などが)連続せずに途切れているところ、開いたり途切れたりして何もないところ、隙(すき); 見:◆目でものや状況を認識する、目に入る◆(見たものの)認識の仕方、考え◆人と顔を合わせる、対面する◆みる、部首名,N1,other,mixed+mixed+mixed~,IL1_okurigana(kun 96%) | A1_compound_oku(kun 90%) | A1_on_kun_mix(on+kun 65%),垣:◆土を高く盛って周りを囲んだ土塁(ドルイ)、比較的低いものを指す、高いものは「墉」、「【字彙:丑集:土部:垣】于權切音員牆也卑曰垣高曰墉釋名垣援也人所依阻以為援; 間:◆両側からぴったりと閉じられずに開いているところ、(空間・時間・物事・関係などが)連続せずに途切れているところ、開いたり途切れたりして何もないところ、隙(すき); 見:◆目でものや状況を認識する、目に入る◆(見たものの)認識の仕方、考え◆人と顔を合わせる、対面する◆みる、部首名
kk_埋める_うずめる,埋める,うずめる,埋:◆ものを中に入れて塞(ふさ)ぐ、土などで覆(おお)って外から見えなくする、「埋葬(マイソウ)」、同「薶」,N1,kun,kun,IL1_okurigana(kun 96%) | IL2_single_okuri(kun 96%),埋:◆ものを中に入れて塞(ふさ)ぐ、土などで覆(おお)って外から見えなくする、「埋葬(マイソウ)」、同「薶」
kk_埋め立てる_うめたてる,埋め立てる,うめたてる,埋:◆ものを中に入れて塞(ふさ)ぐ、土などで覆(おお)って外から見えなくする、「埋葬(マイソウ)」、同「薶」; 立:◆地(チ、地面、土台、基盤)に足を着け垂直にする、また垂直になる、地から上に向かって伸ばす、また伸びる◆しっかりとした土台を築いてその上にものを作り上げて行く、,N1,mixed,on+kun~,IL1_okurigana(kun 96%) | A1_compound_oku(kun 90%) | A1_on_kun_mix(on+kun 65%),埋:◆ものを中に入れて塞(ふさ)ぐ、土などで覆(おお)って外から見えなくする、「埋葬(マイソウ)」、同「薶」; 立:◆地(チ、地面、土台、基盤)に足を着け垂直にする、また垂直になる、地から上に向かって伸ばす、また伸びる◆しっかりとした土台を築いてその上にものを作り上げて行く、
kk_埋め込む_うめこむ,埋め込む,うめこむ,埋:◆ものを中に入れて塞(ふさ)ぐ、土などで覆(おお)って外から見えなくする、「埋葬(マイソウ)」、同「薶」; 込:◆[日]中に(内に、裏に、見えないところに)入(はい)る、入(い)れる,N1,mixed,on+kun~,IL1_okurigana(kun 96%) | A1_compound_oku(kun 90%) | A1_on_kun_mix(on+kun 65%),埋:◆ものを中に入れて塞(ふさ)ぐ、土などで覆(おお)って外から見えなくする、「埋葬(マイソウ)」、同「薶」; 込:◆[日]中に(内に、裏に、見えないところに)入(はい)る、入(い)れる
kk_埋蔵_まいぞう,埋蔵,まいぞう,埋:◆ものを中に入れて塞(ふさ)ぐ、土などで覆(おお)って外から見えなくする、「埋葬(マイソウ)」、同「薶」; 蔵:◆しまう、周りが囲まれていて外からは見えないところ(箱や蔵など)に入れる、また中に入れて隠す、またそのようなところに入っているもの、またそのための建物◆内臓、同,N1,on,on+on,,埋:◆ものを中に入れて塞(ふさ)ぐ、土などで覆(おお)って外から見えなくする、「埋葬(マイソウ)」、同「薶」; 蔵:◆しまう、周りが囲まれていて外からは見えないところ(箱や蔵など)に入れる、また中に入れて隠す、またそのようなところに入っているもの、またそのための建物◆内臓、同
kk_城下町_じょうかまち,城下町,じょうかまち,城:◆外敵からの攻撃を防ぐために都市(日本の城下町に当たる)を囲むように築かれた高い壁、またその壁で囲まれた都市、二重に壁を巡(めぐ)らせてある場合は、内側を「城」; 下:◆位置・場所・地位などが低い、低い方にある◆低い方に移る、降りる、落ちる◆順序・時間などが後(あと)、後の方にある◆後の方に移る、後(うし)ろの方へ退く◆等級・; 町:◆田畑を区切る細い道、土を盛って人が通れるように平らにした畦道(あぜみち)、同「圢」「䵺」◆「町疃(テイタン)」、町や村の外(はず)れで、シカ(鹿)などの動物が,N1,mixed,on+on+kun~,A4_multi_on(on+on+on 65%),城:◆外敵からの攻撃を防ぐために都市(日本の城下町に当たる)を囲むように築かれた高い壁、またその壁で囲まれた都市、二重に壁を巡(めぐ)らせてある場合は、内側を「城」; 下:◆位置・場所・地位などが低い、低い方にある◆低い方に移る、降りる、落ちる◆順序・時間などが後(あと)、後の方にある◆後の方に移る、後(うし)ろの方へ退く◆等級・; 町:◆田畑を区切る細い道、土を盛って人が通れるように平らにした畦道(あぜみち)、同「圢」「䵺」◆「町疃(テイタン)」、町や村の外(はず)れで、シカ(鹿)などの動物が
kk_執拗_しつよう,執拗,しつよう,執:◆手に取りしっかりと握る、しっかりと手や目や頭などの中に入れる、掴(つか)まえて離さない◆ぴったりと付く、ぴったりと付いて離れない、心が捉(とら)われる◆しっか; 拗:◆ねじ・る、竹のように撓(しな)り曲がる、また曲がってから折れる◆す・ねる、素直に人の言うことを聞き入れない◆こじ・れる、すんなりと運ばない,N1,on,on+on,B_verb_rad_手(kun 80%),執:◆手に取りしっかりと握る、しっかりと手や目や頭などの中に入れる、掴(つか)まえて離さない◆ぴったりと付く、ぴったりと付いて離れない、心が捉(とら)われる◆しっか; 拗:◆ねじ・る、竹のように撓(しな)り曲がる、また曲がってから折れる◆す・ねる、素直に人の言うことを聞き入れない◆こじ・れる、すんなりと運ばない
kk_執着_しゅうちゃく,執着,しゅうちゃく,執:◆手に取りしっかりと握る、しっかりと手や目や頭などの中に入れる、掴(つか)まえて離さない◆ぴったりと付く、ぴったりと付いて離れない、心が捉(とら)われる◆しっか; 着:◆目的や目標としている物事・場所などに届く、また達する、また到る、同「著」◆他のものに付く、同「著」◆き・る、衣服を身に付ける、同「著」◆火や明かりを点(つ)け,N1,on,on+on,,執:◆手に取りしっかりと握る、しっかりと手や目や頭などの中に入れる、掴(つか)まえて離さない◆ぴったりと付く、ぴったりと付いて離れない、心が捉(とら)われる◆しっか; 着:◆目的や目標としている物事・場所などに届く、また達する、また到る、同「著」◆他のものに付く、同「著」◆き・る、衣服を身に付ける、同「著」◆火や明かりを点(つ)け
kk_執行_しっこう,執行,しっこう,執:◆手に取りしっかりと握る、しっかりと手や目や頭などの中に入れる、掴(つか)まえて離さない◆ぴったりと付く、ぴったりと付いて離れない、心が捉(とら)われる◆しっか; 行:◆左足を前に出し(彳)次に右足を前に出す(亍)、足を交互に動かして前に進む◆目的とするところに向かって進む◆遠くに出掛ける、旅に出る◆道、人が往来する道路、同「,N1,on,on+on,,執:◆手に取りしっかりと握る、しっかりと手や目や頭などの中に入れる、掴(つか)まえて離さない◆ぴったりと付く、ぴったりと付いて離れない、心が捉(とら)われる◆しっか; 行:◆左足を前に出し(彳)次に右足を前に出す(亍)、足を交互に動かして前に進む◆目的とするところに向かって進む◆遠くに出掛ける、旅に出る◆道、人が往来する道路、同「
kk_基金_ききん,基金,ききん,基:◆構築物を建てる時に最初に築く部分、構築物を支える土台◆物事の始まりとなるところ、物事の拠(よ)りどころとなるもの、物事の根本のところ; 金:◆黄金・白銀・赤銅・青銅・青鉛・黒鉄などの総称、金属の総称◆(黄金のように)黄色い、輝く、美しい、貴重な、(金属のように)堅い◆金属製のもの◆銭(ぜに)、またそ,N1,on,on+on,A3_short_compound(on+on 71%) | B_noun_rad_金(kun 93%),基:◆構築物を建てる時に最初に築く部分、構築物を支える土台◆物事の始まりとなるところ、物事の拠(よ)りどころとなるもの、物事の根本のところ; 金:◆黄金・白銀・赤銅・青銅・青鉛・黒鉄などの総称、金属の総称◆(黄金のように)黄色い、輝く、美しい、貴重な、(金属のように)堅い◆金属製のもの◆銭(ぜに)、またそ
kk_堂々_どうどう,堂々,どうどう,堂:◆賓客の接待や重要な行事などに使われる最も正式な建物、高く大きな建物、重要な建物、どちらも南向きで前が大きく開けているものをいう◆政(まつりごと)や祭礼を行うた,N1,on,on,IL2_on_only(on 99%),堂:◆賓客の接待や重要な行事などに使われる最も正式な建物、高く大きな建物、重要な建物、どちらも南向きで前が大きく開けているものをいう◆政(まつりごと)や祭礼を行うた
kk_堤_つつみ,堤,つつみ,堤:◆川・湖・海の水が溢(あふ)れ出てくることを防ぐために土や石を高く盛ったところ、土手、同「隄」「碮」、「堤防(テイボウ)」◆瓶(ビン、かめ)などの底の平らな部分,N1,kun,kun,IL2_single_default(kun 84%),堤:◆川・湖・海の水が溢(あふ)れ出てくることを防ぐために土や石を高く盛ったところ、土手、同「隄」「碮」、「堤防(テイボウ)」◆瓶(ビン、かめ)などの底の平らな部分
kk_堪能_たんのう,堪能,たんのう,堪:◆耐え難いこと(困難・重圧・攻撃・誘惑・欲求・苦痛など)に耐える、困難や苦難に耐えてそれを乗り越える、我慢する◆土地が高く突き出ているさま、「【說文解字:土部:; 能:◆ことを成し遂(と)げる技量(ギリョウ)や力量(リキリョウ)、「能力(ノウリョク)」「才能(サイノウ)」◆十分に或いは上手にできる、～をすることができる(技能・,N1,on,on+on,,堪:◆耐え難いこと(困難・重圧・攻撃・誘惑・欲求・苦痛など)に耐える、困難や苦難に耐えてそれを乗り越える、我慢する◆土地が高く突き出ているさま、「【說文解字:土部:; 能:◆ことを成し遂(と)げる技量(ギリョウ)や力量(リキリョウ)、「能力(ノウリョク)」「才能(サイノウ)」◆十分に或いは上手にできる、～をすることができる(技能・
kk_報いる_むくいる,報いる,むくいる,報:◆相手から受けた物事に対して相応(ソウオウ)の物事で返す、相手に与えた物事に対して相応の物事が返ってくる、罪科の程度に相応する罰を与える(「罪を犯せば相応の罰が,N1,kun,kun,IL1_okurigana(kun 96%) | IL2_single_okuri(kun 96%),報:◆相手から受けた物事に対して相応(ソウオウ)の物事で返す、相手に与えた物事に対して相応の物事が返ってくる、罪科の程度に相応する罰を与える(「罪を犯せば相応の罰が
kk_報う_むくう,報う,むくう,報:◆相手から受けた物事に対して相応(ソウオウ)の物事で返す、相手に与えた物事に対して相応の物事が返ってくる、罪科の程度に相応する罰を与える(「罪を犯せば相応の罰が,N1,kun,kun,IL1_okurigana(kun 96%) | IL2_single_okuri(kun 96%),報:◆相手から受けた物事に対して相応(ソウオウ)の物事で返す、相手に与えた物事に対して相応の物事が返ってくる、罪科の程度に相応する罰を与える(「罪を犯せば相応の罰が
kk_報じる_ほうじる,報じる,ほうじる,報:◆相手から受けた物事に対して相応(ソウオウ)の物事で返す、相手に与えた物事に対して相応の物事が返ってくる、罪科の程度に相応する罰を与える(「罪を犯せば相応の罰が,N1,on,on,IL1_okurigana(kun 96%) | IL2_single_okuri(kun 96%),報:◆相手から受けた物事に対して相応(ソウオウ)の物事で返す、相手に与えた物事に対して相応の物事が返ってくる、罪科の程度に相応する罰を与える(「罪を犯せば相応の罰が
kk_報酬_ほうしゅう,報酬,ほうしゅう,報:◆相手から受けた物事に対して相応(ソウオウ)の物事で返す、相手に与えた物事に対して相応の物事が返ってくる、罪科の程度に相応する罰を与える(「罪を犯せば相応の罰が; 酬:◆来訪のお礼として主人が客に酒を勧める、手厚く報いる、客が主人に返杯するのは「酢」◆相手の行為に対し相応の金品や行為をもって返礼する、互いに返礼のやり取りをする,N1,on,on+on,,報:◆相手から受けた物事に対して相応(ソウオウ)の物事で返す、相手に与えた物事に対して相応の物事が返ってくる、罪科の程度に相応する罰を与える(「罪を犯せば相応の罰が; 酬:◆来訪のお礼として主人が客に酒を勧める、手厚く報いる、客が主人に返杯するのは「酢」◆相手の行為に対し相応の金品や行為をもって返礼する、互いに返礼のやり取りをする
kk_場当たり_ばあたり,場当たり,ばあたり,場:◆(日当たりのよい、収穫した穀物の乾燥・脱穀などをする、また多くの人やものが集まる)広く平らなところ、「広場」、同「塲」◆一段と高くし上を平らに作ったところ、台; 当:◆正面からぶつかる、正面から向き合う、相対する、同「噹」◆適合する、相応しい◆受け持つ、引き受ける◆そうするべき、そうあるべき◆この(this)、今、此処(ここ,N1,kun,kun+kun,IL1_okurigana(kun 96%) | A1_compound_oku(kun 90%) | A1_on_kun_mix(on+kun 65%),場:◆(日当たりのよい、収穫した穀物の乾燥・脱穀などをする、また多くの人やものが集まる)広く平らなところ、「広場」、同「塲」◆一段と高くし上を平らに作ったところ、台; 当:◆正面からぶつかる、正面から向き合う、相対する、同「噹」◆適合する、相応しい◆受け持つ、引き受ける◆そうするべき、そうあるべき◆この(this)、今、此処(ここ
kk_場違い_ばちがい,場違い,ばちがい,場:◆(日当たりのよい、収穫した穀物の乾燥・脱穀などをする、また多くの人やものが集まる)広く平らなところ、「広場」、同「塲」◆一段と高くし上を平らに作ったところ、台; 違:◆背(せ)を向ける、背を向け去る、背(そむ)く◆あるべき形や様子と異なる、また反している、また合っていない◆守るべきものを守らない、従(したが)わない,N1,kun,kun+kun,IL1_okurigana(kun 96%) | A1_compound_oku(kun 90%) | A1_on_kun_mix(on+kun 65%),場:◆(日当たりのよい、収穫した穀物の乾燥・脱穀などをする、また多くの人やものが集まる)広く平らなところ、「広場」、同「塲」◆一段と高くし上を平らに作ったところ、台; 違:◆背(せ)を向ける、背を向け去る、背(そむ)く◆あるべき形や様子と異なる、また反している、また合っていない◆守るべきものを守らない、従(したが)わない
kk_塵取り_ちりとり,塵取り,ちりとり,塵:◆ちり、風などによって宙に舞い上がる細かい土や砂など、「塵埃(ジンアイ)」、同「埃」「𪋻」「𡒲」「𦧄」「𡐪」◆ものに纏わり付く穢(けが)れ、汚(よご)れ、穢れた; 取:◆捕(つか)まえる、捕(と)らえる、縄(なわ)を掛ける◆手に入れる、手の中に収(おさ)める、手で受ける◆(多くの中から一部を、或いは一つを)選ぶ、選択する◆娶(,N1,kun,kun+kun,IL1_okurigana(kun 96%) | A1_compound_oku(kun 90%) | A1_on_kun_mix(on+kun 65%),塵:◆ちり、風などによって宙に舞い上がる細かい土や砂など、「塵埃(ジンアイ)」、同「埃」「𪋻」「𡒲」「𦧄」「𡐪」◆ものに纏わり付く穢(けが)れ、汚(よご)れ、穢れた; 取:◆捕(つか)まえる、捕(と)らえる、縄(なわ)を掛ける◆手に入れる、手の中に収(おさ)める、手で受ける◆(多くの中から一部を、或いは一つを)選ぶ、選択する◆娶(
kk_境地_きょうち,境地,きょうち,境:◆他の所有者の土地と接するところ、区切り、同「竟」「疆」◆(限られた、特定の)ところ、場所、地域◆状態、状況、様子; 地:◆重い陰気が(下に沈み)集まるところ、万物が居並ぶ(存在する)ところ、軽い陽気が(上に浮き)集まるところを「天(テン)」、「【說文解字注:土部:地】元气初分輕清,N1,on,on+on,A3_short_compound(on+on 71%),境:◆他の所有者の土地と接するところ、区切り、同「竟」「疆」◆(限られた、特定の)ところ、場所、地域◆状態、状況、様子; 地:◆重い陰気が(下に沈み)集まるところ、万物が居並ぶ(存在する)ところ、軽い陽気が(上に浮き)集まるところを「天(テン)」、「【說文解字注:土部:地】元气初分輕清
kk_境遇_きょうぐう,境遇,きょうぐう,境:◆他の所有者の土地と接するところ、区切り、同「竟」「疆」◆(限られた、特定の)ところ、場所、地域◆状態、状況、様子; 遇:◆期せずして(予め示し合せることなく)出会う、偶然出会(でくわ)す、巡(めぐ)り合う、「遭遇(ソウグウ)」◆巡(めぐ)り合せ、機会、「境遇(キョウグウ)」◆相手,N1,on,on+on,,境:◆他の所有者の土地と接するところ、区切り、同「竟」「疆」◆(限られた、特定の)ところ、場所、地域◆状態、状況、様子; 遇:◆期せずして(予め示し合せることなく)出会う、偶然出会(でくわ)す、巡(めぐ)り合う、「遭遇(ソウグウ)」◆巡(めぐ)り合せ、機会、「境遇(キョウグウ)」◆相手
kk_増強_ぞうきょう,増強,ぞうきょう,増:◆同質のものが積み重(かさ)なる、また繰り返される、同「曾」「層」◆付け加わる、大きくなる、多くなる; 強:◆堅(かた)く曲がったり歪(ゆが)んだり弛(ゆる)んだりすることがないさま、どんな力にも揺(ゆら)らがないさま◆力や勢いがあるさま、体力・気力が漲(みなぎ)って,N1,on,on+on,,増:◆同質のものが積み重(かさ)なる、また繰り返される、同「曾」「層」◆付け加わる、大きくなる、多くなる; 強:◆堅(かた)く曲がったり歪(ゆが)んだり弛(ゆる)んだりすることがないさま、どんな力にも揺(ゆら)らがないさま◆力や勢いがあるさま、体力・気力が漲(みなぎ)って
kk_増産_ぞうさん,増産,ぞうさん,増:◆同質のものが積み重(かさ)なる、また繰り返される、同「曾」「層」◆付け加わる、大きくなる、多くなる; 産:◆子を生む◆生まれ◆新たに(新たなものを)生み出す、作り出す、また生み出されたもの、「生産(セイサン)」◆土地や財物◆音孔が三つの籥(ヤク、縦笛)、籥よりも太く,N1,on,on+on,,増:◆同質のものが積み重(かさ)なる、また繰り返される、同「曾」「層」◆付け加わる、大きくなる、多くなる; 産:◆子を生む◆生まれ◆新たに(新たなものを)生み出す、作り出す、また生み出されたもの、「生産(セイサン)」◆土地や財物◆音孔が三つの籥(ヤク、縦笛)、籥よりも太く
kk_増益_ぞうえき,増益,ぞうえき,増:◆同質のものが積み重(かさ)なる、また繰り返される、同「曾」「層」◆付け加わる、大きくなる、多くなる; 益:◆加える、加わる、増える、増やす、同「㬲」◆満ちる、一杯になる、溢(あふ)れる◆手放したものの金額や価値よりも、それによって得たものの金額や価値が多い、儲(もう,N1,on,on+on,,増:◆同質のものが積み重(かさ)なる、また繰り返される、同「曾」「層」◆付け加わる、大きくなる、多くなる; 益:◆加える、加わる、増える、増やす、同「㬲」◆満ちる、一杯になる、溢(あふ)れる◆手放したものの金額や価値よりも、それによって得たものの金額や価値が多い、儲(もう
kk_増税_ぞうぜい,増税,ぞうぜい,増:◆同質のものが積み重(かさ)なる、また繰り返される、同「曾」「層」◆付け加わる、大きくなる、多くなる; 税:◆国や領主に納める収穫物や金銭、租(田畑などからの収穫物)・庸(労役)・調(穀物以外の布などの現物)の総称◆収穫物や商売などによって得た利益の一部を(税として),N1,on,on+on,,増:◆同質のものが積み重(かさ)なる、また繰り返される、同「曾」「層」◆付け加わる、大きくなる、多くなる; 税:◆国や領主に納める収穫物や金銭、租(田畑などからの収穫物)・庸(労役)・調(穀物以外の布などの現物)の総称◆収穫物や商売などによって得た利益の一部を(税として)
kk_増進_ぞうしん,増進,ぞうしん,増:◆同質のものが積み重(かさ)なる、また繰り返される、同「曾」「層」◆付け加わる、大きくなる、多くなる; 進:◆前に向かって動く(行く)、前に出る、登る、上に向かって動く(行く)、昇って行く、状態が良い方向に向かう、逆は「退」◆位や程度が上がる◆人にものを差し出す、また,N1,on,on+on,,増:◆同質のものが積み重(かさ)なる、また繰り返される、同「曾」「層」◆付け加わる、大きくなる、多くなる; 進:◆前に向かって動く(行く)、前に出る、登る、上に向かって動く(行く)、昇って行く、状態が良い方向に向かう、逆は「退」◆位や程度が上がる◆人にものを差し出す、また
kk_墜落_ついらく,墜落,ついらく,墜:◆高い所から(ごろごろと転がりながら落ちるのではなく空中をまっすぐ下に)落ちる、落下する; 落:◆上にあったものが下に移動する、高い所から下に位置を変える、「落下(ラッカ)」「墜落(ツイラク)」◆枯れ衰える、(枯れた葉が)地に墜ちる、「没落(ボツラク)」「,N1,on,on+on,,墜:◆高い所から(ごろごろと転がりながら落ちるのではなく空中をまっすぐ下に)落ちる、落下する; 落:◆上にあったものが下に移動する、高い所から下に位置を変える、「落下(ラッカ)」「墜落(ツイラク)」◆枯れ衰える、(枯れた葉が)地に墜ちる、「没落(ボツラク)」「
kk_壮健_そうけん,壮健,そうけん,壮:◆体格が大きく立派なさま、気力が充実しているさま、逞(たくま)しいさま、同「奘」◆大きいさま、立派なさま、大きく力強いさま◆チワン族、中国南東部広西コウセイ壮チ; 健:◆体力や気力がある(衰おとろえたり滞とどこおったりすることがない)さま、しっかりとしているさま、同「徤」,N1,on,on+on,,壮:◆体格が大きく立派なさま、気力が充実しているさま、逞(たくま)しいさま、同「奘」◆大きいさま、立派なさま、大きく力強いさま◆チワン族、中国南東部広西コウセイ壮チ; 健:◆体力や気力がある(衰おとろえたり滞とどこおったりすることがない)さま、しっかりとしているさま、同「徤」
kk_壮大_そうだい,壮大,そうだい,壮:◆体格が大きく立派なさま、気力が充実しているさま、逞(たくま)しいさま、同「奘」◆大きいさま、立派なさま、大きく力強いさま◆チワン族、中国南東部広西コウセイ壮チ; 大:◆形・数・量・力・程度などが比較しようとしているもの以上である、求められる(必要とされる、必要な)形・数・量・力・程度などを超(こ)えている、優(すぐ)れる、長,N1,on,on+on,,壮:◆体格が大きく立派なさま、気力が充実しているさま、逞(たくま)しいさま、同「奘」◆大きいさま、立派なさま、大きく力強いさま◆チワン族、中国南東部広西コウセイ壮チ; 大:◆形・数・量・力・程度などが比較しようとしているもの以上である、求められる(必要とされる、必要な)形・数・量・力・程度などを超(こ)えている、優(すぐ)れる、長
kk_声明_せいめい,声明,せいめい,声:◆磬(ケイ、石また玉製の打楽器)、またその音◆人や動物が口から発する音、一般には高低強弱などの抑揚がある音が連続し全体として意味を持つものを指す、意味をなさない; 明:◆(太陽や月の)光が差す、光が当たる、光を当てる◆光が当たってはっきりと見える(分かる)、誰の目にもはっきりとしている、はっきりとさせる◆隠されたところ(陰にな,N1,on,on+on,,声:◆磬(ケイ、石また玉製の打楽器)、またその音◆人や動物が口から発する音、一般には高低強弱などの抑揚がある音が連続し全体として意味を持つものを指す、意味をなさない; 明:◆(太陽や月の)光が差す、光が当たる、光を当てる◆光が当たってはっきりと見える(分かる)、誰の目にもはっきりとしている、はっきりとさせる◆隠されたところ(陰にな
kk_変容_へんよう,変容,へんよう,変:◆これまでとは違ったものになる、また改まる、これまでとは違ったものにする、また改める、まだ元の様子が分かる程度の変化・全体の中の一部だけの変化を指し、全く別のも; 容:◆ものを器(うつわ)などの周りが囲まれているものの中に入れる、またそこに入っているもの、中身(なかみ)◆人や意見などを受け入れる、許す、認める◆顔の表情、姿形(,N1,on,on+on,B_noun_rad_宀(kun 93%),変:◆これまでとは違ったものになる、また改まる、これまでとは違ったものにする、また改める、まだ元の様子が分かる程度の変化・全体の中の一部だけの変化を指し、全く別のも; 容:◆ものを器(うつわ)などの周りが囲まれているものの中に入れる、またそこに入っているもの、中身(なかみ)◆人や意見などを受け入れる、許す、認める◆顔の表情、姿形(
kk_変形_へんけい,変形,へんけい,変:◆これまでとは違ったものになる、また改まる、これまでとは違ったものにする、また改める、まだ元の様子が分かる程度の変化・全体の中の一部だけの変化を指し、全く別のも; 形:◆ものの表に現れた姿、外観◆ものの表の様子、状態◆型、様式,N1,on,on+on,,変:◆これまでとは違ったものになる、また改まる、これまでとは違ったものにする、また改める、まだ元の様子が分かる程度の変化・全体の中の一部だけの変化を指し、全く別のも; 形:◆ものの表に現れた姿、外観◆ものの表の様子、状態◆型、様式
kk_変身_へんしん,変身,へんしん,変:◆これまでとは違ったものになる、また改まる、これまでとは違ったものにする、また改める、まだ元の様子が分かる程度の変化・全体の中の一部だけの変化を指し、全く別のも; 身:◆(頭部を除いた)体(からだ)、躯体(クタイ)、同「躯」「躬」◆中に含まれているもの、また入っているもの、本体◆人の一生、命(いのち)◆吾(われ)、我(わ)が、,N1,on,on+on,,変:◆これまでとは違ったものになる、また改まる、これまでとは違ったものにする、また改める、まだ元の様子が分かる程度の変化・全体の中の一部だけの変化を指し、全く別のも; 身:◆(頭部を除いた)体(からだ)、躯体(クタイ)、同「躯」「躬」◆中に含まれているもの、また入っているもの、本体◆人の一生、命(いのち)◆吾(われ)、我(わ)が、
kk_変遷_へんせん,変遷,へんせん,変:◆これまでとは違ったものになる、また改まる、これまでとは違ったものにする、また改める、まだ元の様子が分かる程度の変化・全体の中の一部だけの変化を指し、全く別のも; 遷:◆今の場所・地位から高い場所・地位に移る、また移す、上(のぼ)る、同「䙴」「拪」、「左遷(サセン、低い地位に移す、左は逆・下位の意)」◆今の場所から他の場所に移,N1,on,on+on,,変:◆これまでとは違ったものになる、また改まる、これまでとは違ったものにする、また改める、まだ元の様子が分かる程度の変化・全体の中の一部だけの変化を指し、全く別のも; 遷:◆今の場所・地位から高い場所・地位に移る、また移す、上(のぼ)る、同「䙴」「拪」、「左遷(サセン、低い地位に移す、左は逆・下位の意)」◆今の場所から他の場所に移
kk_夕焼け_ゆうやけ,夕焼け,ゆうやけ,夕:◆陽が沈み始める頃、日没の頃、日暮れ、傍晚(ボウバン、晚が間近の頃)、陽が沈み切った頃を「晩」◆夜、同「昔」◆「七夕(シチセキ、たなばた)」、陰暦七月七日の夜◆; 焼:◆火をつける、火つけて燃やす、火の中にものを入れて燃やす、ものが熱せられて炎や煙が立ち昇る◆[日]あれこれと進んで人に尽くす,N1,kun,kun+kun,IL1_okurigana(kun 96%) | A1_compound_oku(kun 90%) | A1_on_kun_mix(on+kun 65%),夕:◆陽が沈み始める頃、日没の頃、日暮れ、傍晚(ボウバン、晚が間近の頃)、陽が沈み切った頃を「晩」◆夜、同「昔」◆「七夕(シチセキ、たなばた)」、陰暦七月七日の夜◆; 焼:◆火をつける、火つけて燃やす、火の中にものを入れて燃やす、ものが熱せられて炎や煙が立ち昇る◆[日]あれこれと進んで人に尽くす
kk_夕闇_ゆうやみ,夕闇,ゆうやみ,夕:◆陽が沈み始める頃、日没の頃、日暮れ、傍晚(ボウバン、晚が間近の頃)、陽が沈み切った頃を「晩」◆夜、同「昔」◆「七夕(シチセキ、たなばた)」、陰暦七月七日の夜◆; 闇:◆門を閉める◆暗い、薄暗い、ぼんやりしている、「門が閉じられ光りが遮られる」ことから◆よく見えない、訳が分からない、ものの道理が分からない「門が閉じられ外の様子,N1,kun,kun+kun~,,夕:◆陽が沈み始める頃、日没の頃、日暮れ、傍晚(ボウバン、晚が間近の頃)、陽が沈み切った頃を「晩」◆夜、同「昔」◆「七夕(シチセキ、たなばた)」、陰暦七月七日の夜◆; 闇:◆門を閉める◆暗い、薄暗い、ぼんやりしている、「門が閉じられ光りが遮られる」ことから◆よく見えない、訳が分からない、ものの道理が分からない「門が閉じられ外の様子
kk_外回り_そとまわり,外回り,そとまわり,外:◆そと、範囲・領域・組織や区切り・境界の内(内側、内部)から出たもの、表に出ている(表に面している)もの、見えるところにあるもの、またそのようなところ、逆は「内; 回:◆円を描(えが)くように動く、一周して(一巡して)元に戻る、同「廻」「迴」、「回復(カイフク)」「回帰(カイキ)」◆元に戻す、元に返す、「回答(カイトウ)」◆(,N1,kun,kun+kun,IL1_okurigana(kun 96%) | A1_compound_oku(kun 90%) | A1_on_kun_mix(on+kun 65%),外:◆そと、範囲・領域・組織や区切り・境界の内(内側、内部)から出たもの、表に出ている(表に面している)もの、見えるところにあるもの、またそのようなところ、逆は「内; 回:◆円を描(えが)くように動く、一周して(一巡して)元に戻る、同「廻」「迴」、「回復(カイフク)」「回帰(カイキ)」◆元に戻す、元に返す、「回答(カイトウ)」◆(
kk_外泊_がいはく,外泊,がいはく,外:◆そと、範囲・領域・組織や区切り・境界の内(内側、内部)から出たもの、表に出ている(表に面している)もの、見えるところにあるもの、またそのようなところ、逆は「内; 泊:◆舟を岸に寄せて停まる、「停泊(テイハク)」◆宿などで休む、留(とど)まる◆湖(みずうみ)、水が打ち寄せる湖などの辺(ほとり)◆水が浅いさま、水の浅いところ、浅,N1,on,on+on,,外:◆そと、範囲・領域・組織や区切り・境界の内(内側、内部)から出たもの、表に出ている(表に面している)もの、見えるところにあるもの、またそのようなところ、逆は「内; 泊:◆舟を岸に寄せて停まる、「停泊(テイハク)」◆宿などで休む、留(とど)まる◆湖(みずうみ)、水が打ち寄せる湖などの辺(ほとり)◆水が浅いさま、水の浅いところ、浅
kk_外観_がいかん,外観,がいかん,外:◆そと、範囲・領域・組織や区切り・境界の内(内側、内部)から出たもの、表に出ている(表に面している)もの、見えるところにあるもの、またそのようなところ、逆は「内; 観:◆隅々までしっかりと見る、余すところなく見尽くす、「觀察(カンサツ、細部まで詳しく見て調べる)」、「【說文解字注:見部:觀】諦視也(宷諦之視也穀梁傳曰常事曰視非,N1,on,on+on,,外:◆そと、範囲・領域・組織や区切り・境界の内(内側、内部)から出たもの、表に出ている(表に面している)もの、見えるところにあるもの、またそのようなところ、逆は「内; 観:◆隅々までしっかりと見る、余すところなく見尽くす、「觀察(カンサツ、細部まで詳しく見て調べる)」、「【說文解字注:見部:觀】諦視也(宷諦之視也穀梁傳曰常事曰視非
kk_外貨_がいか,外貨,がいか,外:◆そと、範囲・領域・組織や区切り・境界の内(内側、内部)から出たもの、表に出ている(表に面している)もの、見えるところにあるもの、またそのようなところ、逆は「内; 貨:◆品物を買うための金銭、「貨幣(カヘイ)」◆金銭に交換できる(金銭と同じ価値がある)品物、財物◆商品、売り物、(金銭に変えることができる)品物◆賂(まいない)、,N1,on,on+on,A3_short_compound(on+on 71%),外:◆そと、範囲・領域・組織や区切り・境界の内(内側、内部)から出たもの、表に出ている(表に面している)もの、見えるところにあるもの、またそのようなところ、逆は「内; 貨:◆品物を買うための金銭、「貨幣(カヘイ)」◆金銭に交換できる(金銭と同じ価値がある)品物、財物◆商品、売り物、(金銭に変えることができる)品物◆賂(まいない)、
kk_多大_ただい,多大,ただい,多:◆数や度量(ドリョウ、ものの多少・軽重・長短・高低・深浅・強弱など)が、あるべき(必要とする)数や度量より大きい、また余りある、またそれを超えている、少ないのは; 大:◆形・数・量・力・程度などが比較しようとしているもの以上である、求められる(必要とされる、必要な)形・数・量・力・程度などを超(こ)えている、優(すぐ)れる、長,N1,on,on+on,A3_short_compound(on+on 71%),多:◆数や度量(ドリョウ、ものの多少・軽重・長短・高低・深浅・強弱など)が、あるべき(必要とする)数や度量より大きい、また余りある、またそれを超えている、少ないのは; 大:◆形・数・量・力・程度などが比較しようとしているもの以上である、求められる(必要とされる、必要な)形・数・量・力・程度などを超(こ)えている、優(すぐ)れる、長
kk_多岐_たき,多岐,たき,多:◆数や度量(ドリョウ、ものの多少・軽重・長短・高低・深浅・強弱など)が、あるべき(必要とする)数や度量より大きい、また余りある、またそれを超えている、少ないのは; 岐:◆本道から枝分かれした道、同「歧」、「岐路(キロ)」◆もとになるものから(幾つもに)枝分かれする、離れていく、同「歧」,N1,on,on+on,A3_short_compound(on+on 71%),多:◆数や度量(ドリョウ、ものの多少・軽重・長短・高低・深浅・強弱など)が、あるべき(必要とする)数や度量より大きい、また余りある、またそれを超えている、少ないのは; 岐:◆本道から枝分かれした道、同「歧」、「岐路(キロ)」◆もとになるものから(幾つもに)枝分かれする、離れていく、同「歧」
kk_多数決_たすうけつ,多数決,たすうけつ,多:◆数や度量(ドリョウ、ものの多少・軽重・長短・高低・深浅・強弱など)が、あるべき(必要とする)数や度量より大きい、また余りある、またそれを超えている、少ないのは; 数:◆かず、同種のもの(繰り返されるもの)の多少を表す語◆かぞ・える、一つ二つ(一回二回)と計算する、またその多少◆細かい、煩(わずら)わしい◆しばしば、同じことを; 決:◆堤(つつみ)などが破(やぶ)れる、また(堤防などが破れて)水が流れ出る◆破る、突き破る◆(妨げとなっている物や事を突き破って、押し退けて)きっぱりと、「決断(,N1,on,on+on+on,A4_multi_on(on+on+on 65%),多:◆数や度量(ドリョウ、ものの多少・軽重・長短・高低・深浅・強弱など)が、あるべき(必要とする)数や度量より大きい、また余りある、またそれを超えている、少ないのは; 数:◆かず、同種のもの(繰り返されるもの)の多少を表す語◆かぞ・える、一つ二つ(一回二回)と計算する、またその多少◆細かい、煩(わずら)わしい◆しばしば、同じことを; 決:◆堤(つつみ)などが破(やぶ)れる、また(堤防などが破れて)水が流れ出る◆破る、突き破る◆(妨げとなっている物や事を突き破って、押し退けて)きっぱりと、「決断(
kk_多様_たよう,多様,たよう,多:◆数や度量(ドリョウ、ものの多少・軽重・長短・高低・深浅・強弱など)が、あるべき(必要とする)数や度量より大きい、また余りある、またそれを超えている、少ないのは; 様:◆物事の性格や状態、また姿や形、あり方また見掛け◆形や姿、状態やあり方、方法や方式、同「𢳌」◆形や姿・状態やあり方・方法や方式などの種類を数える語◆クヌギ(櫟、,N1,on,on+on,A3_short_compound(on+on 71%) | B_noun_rad_木(kun 93%),多:◆数や度量(ドリョウ、ものの多少・軽重・長短・高低・深浅・強弱など)が、あるべき(必要とする)数や度量より大きい、また余りある、またそれを超えている、少ないのは; 様:◆物事の性格や状態、また姿や形、あり方また見掛け◆形や姿、状態やあり方、方法や方式、同「𢳌」◆形や姿・状態やあり方・方法や方式などの種類を数える語◆クヌギ(櫟、
kk_夜更け_よふけ,夜更け,よふけ,夜:◆日没から日の出までの間、陽が沈んで暗い時間帯、日中は「昼」; 更:◆それまで(これまで)続けてきたことを改(あらた)めて、それ以降も(これ以降も)続ける、それまでのものを別のものに替える◆さら・に、その上に、一段と◆さら・に、,N1,kun,kun+kun,IL1_okurigana(kun 96%) | A1_compound_oku(kun 90%) | A1_on_kun_mix(on+kun 65%),夜:◆日没から日の出までの間、陽が沈んで暗い時間帯、日中は「昼」; 更:◆それまで(これまで)続けてきたことを改(あらた)めて、それ以降も(これ以降も)続ける、それまでのものを別のものに替える◆さら・に、その上に、一段と◆さら・に、
kk_夥しい_おびただしい,夥しい,おびただしい,夥:◆物の数や量が非常に多いさま、沢山(たくさん)あるさま◆勢が一緒に行動する、またその人たち、仲間、同「伙」,N1,kun,kun,IL1_okurigana(kun 96%) | IL2_single_okuri(kun 96%),夥:◆物の数や量が非常に多いさま、沢山(たくさん)あるさま◆勢が一緒に行動する、またその人たち、仲間、同「伙」
kk_大まか_おおまか,大まか,おおまか,大:◆形・数・量・力・程度などが比較しようとしているもの以上である、求められる(必要とされる、必要な)形・数・量・力・程度などを超(こ)えている、優(すぐ)れる、長,N1,kun,kun,IL1_okurigana(kun 96%) | IL2_single_okuri(kun 96%),大:◆形・数・量・力・程度などが比較しようとしているもの以上である、求められる(必要とされる、必要な)形・数・量・力・程度などを超(こ)えている、優(すぐ)れる、長
kk_大らか_おおらか,大らか,おおらか,大:◆形・数・量・力・程度などが比較しようとしているもの以上である、求められる(必要とされる、必要な)形・数・量・力・程度などを超(こ)えている、優(すぐ)れる、長,N1,kun,kun,IL1_okurigana(kun 96%) | IL2_single_okuri(kun 96%),大:◆形・数・量・力・程度などが比較しようとしているもの以上である、求められる(必要とされる、必要な)形・数・量・力・程度などを超(こ)えている、優(すぐ)れる、長
kk_大口_おおぐち,大口,おおぐち,大:◆形・数・量・力・程度などが比較しようとしているもの以上である、求められる(必要とされる、必要な)形・数・量・力・程度などを超(こ)えている、優(すぐ)れる、長; 口:◆動物の食べたり声を発したりするための器官◆ものが出入りするために空(あ)けた(空いた)ところ、(口のように)全体の内の一部空いたところ◆言葉、言葉を発する、語,N1,other,mixed+mixed~,,大:◆形・数・量・力・程度などが比較しようとしているもの以上である、求められる(必要とされる、必要な)形・数・量・力・程度などを超(こ)えている、優(すぐ)れる、長; 口:◆動物の食べたり声を発したりするための器官◆ものが出入りするために空(あ)けた(空いた)ところ、(口のように)全体の内の一部空いたところ◆言葉、言葉を発する、語
kk_大台_おおだい,大台,おおだい,大:◆形・数・量・力・程度などが比較しようとしているもの以上である、求められる(必要とされる、必要な)形・数・量・力・程度などを超(こ)えている、優(すぐ)れる、長; 台:◆我(われ)、自分を指す語、同「吾」「余」「予」◆「三台星(サンタイセイ)、三台(サンタイ)」、紫微垣(シビエン、天の北極を中心とした区画で天帝が住むとされた、,N1,on,on+on~,,大:◆形・数・量・力・程度などが比較しようとしているもの以上である、求められる(必要とされる、必要な)形・数・量・力・程度などを超(こ)えている、優(すぐ)れる、長; 台:◆我(われ)、自分を指す語、同「吾」「余」「予」◆「三台星(サンタイセイ)、三台(サンタイ)」、紫微垣(シビエン、天の北極を中心とした区画で天帝が住むとされた、
kk_大家_たいか,大家,たいか,大:◆形・数・量・力・程度などが比較しようとしているもの以上である、求められる(必要とされる、必要な)形・数・量・力・程度などを超(こ)えている、優(すぐ)れる、長; 家:◆屋根(「宀」)があり四周が戸や壁で遮(さえぎ)られている建物、豕(いのこ、ブタ)などの大切な家畜を飼(か)う建物◆同じ屋根の下で親子や一族が共に生活する、人が,N1,on,on+on,A3_short_compound(on+on 71%) | B_noun_rad_宀(kun 93%),大:◆形・数・量・力・程度などが比較しようとしているもの以上である、求められる(必要とされる、必要な)形・数・量・力・程度などを超(こ)えている、優(すぐ)れる、長; 家:◆屋根(「宀」)があり四周が戸や壁で遮(さえぎ)られている建物、豕(いのこ、ブタ)などの大切な家畜を飼(か)う建物◆同じ屋根の下で親子や一族が共に生活する、人が
kk_大御所_おおごしょ,大御所,おおごしょ,大:◆形・数・量・力・程度などが比較しようとしているもの以上である、求められる(必要とされる、必要な)形・数・量・力・程度などを超(こ)えている、優(すぐ)れる、長; 御:◆(馬などを)意のままに操(あやつ)る、またその人、同「馭」◆治(おさ)める、統治(トウチ)する◆天子に関する言葉に付けて尊敬の意を表す語◆侍(はべ)る、天子に; 所:◆処(ところ)、ものがある場また位置(要所・箇所など)、ことをする場また位置(住所・裁判所など)◆～のこと、「所感(感じること)」「所存(考え思っていること)◆,N1,mixed,kun+on+on~,A4_multi_on(on+on+on 65%),大:◆形・数・量・力・程度などが比較しようとしているもの以上である、求められる(必要とされる、必要な)形・数・量・力・程度などを超(こ)えている、優(すぐ)れる、長; 御:◆(馬などを)意のままに操(あやつ)る、またその人、同「馭」◆治(おさ)める、統治(トウチ)する◆天子に関する言葉に付けて尊敬の意を表す語◆侍(はべ)る、天子に; 所:◆処(ところ)、ものがある場また位置(要所・箇所など)、ことをする場また位置(住所・裁判所など)◆～のこと、「所感(感じること)」「所存(考え思っていること)◆
kk_大手_おおて,大手,おおて,大:◆形・数・量・力・程度などが比較しようとしているもの以上である、求められる(必要とされる、必要な)形・数・量・力・程度などを超(こ)えている、優(すぐ)れる、長; 手:◆体や物体の一部で、胴から分かれ出て伸び、持つ・握る・叩く・ものを作る・操作するなどの機能を持つ部分、掌(たなごころ)と指を合わせた全体、腕の先の部分 ◆自(み,N1,kun,kun+kun~,A3_short_compound(on+on 71%) | B_verb_rad_手(kun 80%),大:◆形・数・量・力・程度などが比較しようとしているもの以上である、求められる(必要とされる、必要な)形・数・量・力・程度などを超(こ)えている、優(すぐ)れる、長; 手:◆体や物体の一部で、胴から分かれ出て伸び、持つ・握る・叩く・ものを作る・操作するなどの機能を持つ部分、掌(たなごころ)と指を合わせた全体、腕の先の部分 ◆自(み
kk_大方_おおかた,大方,おおかた,大:◆形・数・量・力・程度などが比較しようとしているもの以上である、求められる(必要とされる、必要な)形・数・量・力・程度などを超(こ)えている、優(すぐ)れる、長; 方:◆四角、四角いさま、角(かど)が直角になっているさま、「方形(ホウケイ)」◆数学で二つの数を掛け合わせた数(正方形・長方形の一つの角を成す二辺を掛け合わせた数),N1,mixed,on+kun~,,大:◆形・数・量・力・程度などが比較しようとしているもの以上である、求められる(必要とされる、必要な)形・数・量・力・程度などを超(こ)えている、優(すぐ)れる、長; 方:◆四角、四角いさま、角(かど)が直角になっているさま、「方形(ホウケイ)」◆数学で二つの数を掛け合わせた数(正方形・長方形の一つの角を成す二辺を掛け合わせた数)
kk_大柄_おおがら,大柄,おおがら,大:◆形・数・量・力・程度などが比較しようとしているもの以上である、求められる(必要とされる、必要な)形・数・量・力・程度などを超(こ)えている、優(すぐ)れる、長; 柄:◆茎や枝から伸びて花や葉を支えている枝状の部分、「花柄(カヘイ)」「葉柄(ヨウヘイ)」という◆器物に取り付けて手で握るための棒 ◆手に握る、握って自由に操る、ま,N1,kun,kun+kun~,B_noun_rad_木(kun 93%),大:◆形・数・量・力・程度などが比較しようとしているもの以上である、求められる(必要とされる、必要な)形・数・量・力・程度などを超(こ)えている、優(すぐ)れる、長; 柄:◆茎や枝から伸びて花や葉を支えている枝状の部分、「花柄(カヘイ)」「葉柄(ヨウヘイ)」という◆器物に取り付けて手で握るための棒 ◆手に握る、握って自由に操る、ま
kk_大概_たいがい,大概,たいがい,大:◆形・数・量・力・程度などが比較しようとしているもの以上である、求められる(必要とされる、必要な)形・数・量・力・程度などを超(こ)えている、優(すぐ)れる、長; 概:◆斗掻(とかき)、枡掻(ますかき、升掻)、穀物を入れた枡(ます)から盛り上がった部分を削(けず)り落して平らにする(枡の高さと同じにする)棒、同「𣏙」◆おおむ・,N1,on,on+on,B_noun_rad_木(kun 93%),大:◆形・数・量・力・程度などが比較しようとしているもの以上である、求められる(必要とされる、必要な)形・数・量・力・程度などを超(こ)えている、優(すぐ)れる、長; 概:◆斗掻(とかき)、枡掻(ますかき、升掻)、穀物を入れた枡(ます)から盛り上がった部分を削(けず)り落して平らにする(枡の高さと同じにする)棒、同「𣏙」◆おおむ・
kk_大空_おおぞら,大空,おおぞら,大:◆形・数・量・力・程度などが比較しようとしているもの以上である、求められる(必要とされる、必要な)形・数・量・力・程度などを超(こ)えている、優(すぐ)れる、長; 空:◆(中に)何もない、何も含まれていない、虚(うつ)ろなさま◆何もないところ、天と地の間(あいだ),N1,other,mixed+mixed~,,大:◆形・数・量・力・程度などが比較しようとしているもの以上である、求められる(必要とされる、必要な)形・数・量・力・程度などを超(こ)えている、優(すぐ)れる、長; 空:◆(中に)何もない、何も含まれていない、虚(うつ)ろなさま◆何もないところ、天と地の間(あいだ)
kk_大筋_おおすじ,大筋,おおすじ,大:◆形・数・量・力・程度などが比較しようとしているもの以上である、求められる(必要とされる、必要な)形・数・量・力・程度などを超(こ)えている、優(すぐ)れる、長; 筋:◆動物の肉(皮膚と骨を繋いで一定の形や位置を保つ役割を担う組織、筋肉と脂肪とからなる)を構成する伸縮性のある強靱な線状の組織、「【集韻:卷二:平聲:欣第二十一:,N1,kun,kun+kun~,B_noun_rad_竹(kun 93%),大:◆形・数・量・力・程度などが比較しようとしているもの以上である、求められる(必要とされる、必要な)形・数・量・力・程度などを超(こ)えている、優(すぐ)れる、長; 筋:◆動物の肉(皮膚と骨を繋いで一定の形や位置を保つ役割を担う組織、筋肉と脂肪とからなる)を構成する伸縮性のある強靱な線状の組織、「【集韻:卷二:平聲:欣第二十一:
kk_大胆_だいたん,大胆,だいたん,大:◆形・数・量・力・程度などが比較しようとしているもの以上である、求められる(必要とされる、必要な)形・数・量・力・程度などを超(こ)えている、優(すぐ)れる、長; 胆:◆肝臓で作られる脂肪の消化吸収を助ける液体(胆汁)を貯える器官、「胆嚢(タンノウ)」 ◆気力や勇気の源(みなもと)◆ものの内部にあって、ものを入れることができも,N1,on,on+on,,大:◆形・数・量・力・程度などが比較しようとしているもの以上である、求められる(必要とされる、必要な)形・数・量・力・程度などを超(こ)えている、優(すぐ)れる、長; 胆:◆肝臓で作られる脂肪の消化吸収を助ける液体(胆汁)を貯える器官、「胆嚢(タンノウ)」 ◆気力や勇気の源(みなもと)◆ものの内部にあって、ものを入れることができも
kk_大衆_たいしゅう,大衆,たいしゅう,大:◆形・数・量・力・程度などが比較しようとしているもの以上である、求められる(必要とされる、必要な)形・数・量・力・程度などを超(こ)えている、優(すぐ)れる、長; 衆:◆大勢の人、多くの人、同「乑」「𧰨」◆一般の人、「【後漢書:卷七十九:王充王符仲長統列傳】…然則寡者爲人上者也衆者爲人下者也…」◆大勢の、たくさんの、多い,N1,on,on+on,,大:◆形・数・量・力・程度などが比較しようとしているもの以上である、求められる(必要とされる、必要な)形・数・量・力・程度などを超(こ)えている、優(すぐ)れる、長; 衆:◆大勢の人、多くの人、同「乑」「𧰨」◆一般の人、「【後漢書:卷七十九:王充王符仲長統列傳】…然則寡者爲人上者也衆者爲人下者也…」◆大勢の、たくさんの、多い
kk_大袈裟_おおげさ,大袈裟,おおげさ,大:◆形・数・量・力・程度などが比較しようとしているもの以上である、求められる(必要とされる、必要な)形・数・量・力・程度などを超(こ)えている、優(すぐ)れる、長; 袈:◆「袈裟(ケサ、kāṣāya[梵]の音写)」、僧侶の衣服、一枚の布を左肩に掛け右脇の下から体全体を巻き包むように着る、同「毠㲚」; 裟:◆「袈裟(ケサ、kāṣāya[梵]の音写)」、僧侶の衣服、一枚の布を左肩に掛け右脇の下から体全体を巻き包むように着る、同「毠㲚」,N1,on,mixed+on+on~,A4_multi_on(on+on+on 65%),大:◆形・数・量・力・程度などが比較しようとしているもの以上である、求められる(必要とされる、必要な)形・数・量・力・程度などを超(こ)えている、優(すぐ)れる、長; 袈:◆「袈裟(ケサ、kāṣāya[梵]の音写)」、僧侶の衣服、一枚の布を左肩に掛け右脇の下から体全体を巻き包むように着る、同「毠㲚」; 裟:◆「袈裟(ケサ、kāṣāya[梵]の音写)」、僧侶の衣服、一枚の布を左肩に掛け右脇の下から体全体を巻き包むように着る、同「毠㲚」
kk_大部_たいぶ,大部,たいぶ,大:◆形・数・量・力・程度などが比較しようとしているもの以上である、求められる(必要とされる、必要な)形・数・量・力・程度などを超(こ)えている、優(すぐ)れる、長; 部:◆区分けしたものの一つ、「部分」「内部」◆集団を分類し同じものを一纏(ひとまと)めにしたもの、全体を構成する小さな集合体や組織、「部署」「部隊」◆書物を数える単,N1,on,on+on,A3_short_compound(on+on 71%),大:◆形・数・量・力・程度などが比較しようとしているもの以上である、求められる(必要とされる、必要な)形・数・量・力・程度などを超(こ)えている、優(すぐ)れる、長; 部:◆区分けしたものの一つ、「部分」「内部」◆集団を分類し同じものを一纏(ひとまと)めにしたもの、全体を構成する小さな集合体や組織、「部署」「部隊」◆書物を数える単
kk_天文_てんもん,天文,てんもん,天:◆軽い陽気が(上に浮き)集まるところ、重い陰気が(下に沈み)集まるところを「地(チ)」、「【說文解字注:土部:地】元气初分輕清陽爲天重濁侌爲地萬物所陳𠛱也…」◆; 文:◆紋様や図形、「天文(テンブン、テンモン)」◆多くの人にとって共通の意味を持つ紋様や図形、「文字(モジ、モンジ)」、古くは象形文字(ものの形を象った字、「宀」「,N1,on,on+on,,天:◆軽い陽気が(上に浮き)集まるところ、重い陰気が(下に沈み)集まるところを「地(チ)」、「【說文解字注:土部:地】元气初分輕清陽爲天重濁侌爲地萬物所陳𠛱也…」◆; 文:◆紋様や図形、「天文(テンブン、テンモン)」◆多くの人にとって共通の意味を持つ紋様や図形、「文字(モジ、モンジ)」、古くは象形文字(ものの形を象った字、「宀」「
kk_天辺_てっぺん,天辺,てっぺん,天:◆軽い陽気が(上に浮き)集まるところ、重い陰気が(下に沈み)集まるところを「地(チ)」、「【說文解字注:土部:地】元气初分輕清陽爲天重濁侌爲地萬物所陳𠛱也…」◆; 辺:◆境界、境目(さかいめ)、面状のものの区切りとなるところ、一般にはその先も同じような状態で続いているものの区切りとなるところを指す、そこで途切れその先がないもの,N1,other,mixed+mixed~,,天:◆軽い陽気が(上に浮き)集まるところ、重い陰気が(下に沈み)集まるところを「地(チ)」、「【說文解字注:土部:地】元气初分輕清陽爲天重濁侌爲地萬物所陳𠛱也…」◆; 辺:◆境界、境目(さかいめ)、面状のものの区切りとなるところ、一般にはその先も同じような状態で続いているものの区切りとなるところを指す、そこで途切れその先がないもの
kk_失効_しっこう,失効,しっこう,失:◆指の間から(隙間から)するりと抜け出る、手にしていたもの(それまであったもの)をなくす◆逸(イッ)する、なくす、なくなる◆すべきことや選ぶべき道・時などを見逃; 効:◆致(いた)す、力を尽くす、力を発揮する◆致す(力を尽くす、力を発揮する)ことによって結果・成果が現れる(得られる)◆他に致す(作用する)ことによって現れる(得,N1,on,on+on,B_verb_rad_力(kun 80%),失:◆指の間から(隙間から)するりと抜け出る、手にしていたもの(それまであったもの)をなくす◆逸(イッ)する、なくす、なくなる◆すべきことや選ぶべき道・時などを見逃; 効:◆致(いた)す、力を尽くす、力を発揮する◆致す(力を尽くす、力を発揮する)ことによって結果・成果が現れる(得られる)◆他に致す(作用する)ことによって現れる(得
kk_失念_しつねん,失念,しつねん,失:◆指の間から(隙間から)するりと抜け出る、手にしていたもの(それまであったもの)をなくす◆逸(イッ)する、なくす、なくなる◆すべきことや選ぶべき道・時などを見逃; 念:◆常に心に留めて思い考える、心の中に留まり去らない思いや考え◆口をほとんど閉じた状態で低い声を長く伸ばして読む◆二十、「廿」の大写字(「二」は「貳」、「三」は「,N1,on,on+on,,失:◆指の間から(隙間から)するりと抜け出る、手にしていたもの(それまであったもの)をなくす◆逸(イッ)する、なくす、なくなる◆すべきことや選ぶべき道・時などを見逃; 念:◆常に心に留めて思い考える、心の中に留まり去らない思いや考え◆口をほとんど閉じた状態で低い声を長く伸ばして読む◆二十、「廿」の大写字(「二」は「貳」、「三」は「
kk_失格_しっかく,失格,しっかく,失:◆指の間から(隙間から)するりと抜け出る、手にしていたもの(それまであったもの)をなくす◆逸(イッ)する、なくす、なくなる◆すべきことや選ぶべき道・時などを見逃; 格:◆長く伸びた木の枝、その枝が交差するさま◆四角い枠(わく)、四角く枠をはめる◆ものの外枠、規則や基準◆限界(外枠)まで至る、行き着く、窮(きわ)まる、同「𢓜」◆,N1,on,on+on,B_noun_rad_木(kun 93%),失:◆指の間から(隙間から)するりと抜け出る、手にしていたもの(それまであったもの)をなくす◆逸(イッ)する、なくす、なくなる◆すべきことや選ぶべき道・時などを見逃; 格:◆長く伸びた木の枝、その枝が交差するさま◆四角い枠(わく)、四角く枠をはめる◆ものの外枠、規則や基準◆限界(外枠)まで至る、行き着く、窮(きわ)まる、同「𢓜」◆
kk_失脚_しっきゃく,失脚,しっきゃく,失:◆指の間から(隙間から)するりと抜け出る、手にしていたもの(それまであったもの)をなくす◆逸(イッ)する、なくす、なくなる◆すべきことや選ぶべき道・時などを見逃; 脚:◆膝(ひざ)から足首までの部分、小腿(ショウタイ)、後に膝から爪先までの部分を指すようになった、日本では腰の下の太腿(ふともも)から爪先までの部分 ◆体や物体の,N1,on,on+on,,失:◆指の間から(隙間から)するりと抜け出る、手にしていたもの(それまであったもの)をなくす◆逸(イッ)する、なくす、なくなる◆すべきことや選ぶべき道・時などを見逃; 脚:◆膝(ひざ)から足首までの部分、小腿(ショウタイ)、後に膝から爪先までの部分を指すようになった、日本では腰の下の太腿(ふともも)から爪先までの部分 ◆体や物体の
kk_失調_しっちょう,失調,しっちょう,失:◆指の間から(隙間から)するりと抜け出る、手にしていたもの(それまであったもの)をなくす◆逸(イッ)する、なくす、なくなる◆すべきことや選ぶべき道・時などを見逃; 調:◆整える、釣り合いを取る、バランスbalanceを取る、不均衡・不公平などでない状態にする、不快感・違和感などを感じない状態に整える、「調和(チョウワ)」◆音律,N1,on,on+on,B_verb_rad_言(kun 80%),失:◆指の間から(隙間から)するりと抜け出る、手にしていたもの(それまであったもの)をなくす◆逸(イッ)する、なくす、なくなる◆すべきことや選ぶべき道・時などを見逃; 調:◆整える、釣り合いを取る、バランスbalanceを取る、不均衡・不公平などでない状態にする、不快感・違和感などを感じない状態に整える、「調和(チョウワ)」◆音律
kk_奉る_たてまつる,奉る,たてまつる,奉:◆恭(うやうや)しく両手で捧(ささ)げ持つ、両手で捧げ持ち差し上げる、献上する、同「捧」◆身を捧げ仕える、献身的に仕える◆上位者からの授(さず)かりものや命令・,N1,kun,kun,IL1_okurigana(kun 96%) | IL2_single_okuri(kun 96%),奉:◆恭(うやうや)しく両手で捧(ささ)げ持つ、両手で捧げ持ち差し上げる、献上する、同「捧」◆身を捧げ仕える、献身的に仕える◆上位者からの授(さず)かりものや命令・
kk_奉仕_ほうし,奉仕,ほうし,奉:◆恭(うやうや)しく両手で捧(ささ)げ持つ、両手で捧げ持ち差し上げる、献上する、同「捧」◆身を捧げ仕える、献身的に仕える◆上位者からの授(さず)かりものや命令・; 仕:◆身分の高い人に付き従う、またその用をする◆官職に就く、またその業務や任務を担い行う◆為(な)す、為(な)すべき事,N1,on,on+on,A3_short_compound(on+on 71%),奉:◆恭(うやうや)しく両手で捧(ささ)げ持つ、両手で捧げ持ち差し上げる、献上する、同「捧」◆身を捧げ仕える、献身的に仕える◆上位者からの授(さず)かりものや命令・; 仕:◆身分の高い人に付き従う、またその用をする◆官職に就く、またその業務や任務を担い行う◆為(な)す、為(な)すべき事
kk_奥深い/おくふかい_おくぶかい,奥深い/おくふかい,おくぶかい,奥:◆部屋の西南の隅(すみ)、祭礼の際に祭壇を設ける場所で「奥」と呼ばれた、同「隩」、「【儀禮:巻第十六:少牢饋食禮第十六】司宫筵于奥祝設几于筵上右之」◆深く入り込; 深:◆水面から底までの距離が大きい、入口から奥までが遠い、表面から内部に大きく入り込んでいる◆基準とする時や時間から長い時や時間が経(た)つ、「深夜(シンヤ)」「深,N1,on,on+mixed~,IL1_okurigana(kun 96%) | A1_compound_oku(kun 90%) | A1_on_kun_mix(on+kun 65%),奥:◆部屋の西南の隅(すみ)、祭礼の際に祭壇を設ける場所で「奥」と呼ばれた、同「隩」、「【儀禮:巻第十六:少牢饋食禮第十六】司宫筵于奥祝設几于筵上右之」◆深く入り込; 深:◆水面から底までの距離が大きい、入口から奥までが遠い、表面から内部に大きく入り込んでいる◆基準とする時や時間から長い時や時間が経(た)つ、「深夜(シンヤ)」「深
kk_奮闘_ふんとう,奮闘,ふんとう,奮:◆鳥が翼を大きく羽撃(はばた)かせて飛び立つ、力強く飛ぶ、同「翬」「奞」◆(鳥が飛び立つために翼を)震(ふる)わせる、(力強く立ち上がるために気持ちを)揺(ゆ); 闘:◆互いに向き合って戦う、また争う、また競う,N1,on,on+on,,奮:◆鳥が翼を大きく羽撃(はばた)かせて飛び立つ、力強く飛ぶ、同「翬」「奞」◆(鳥が飛び立つために翼を)震(ふる)わせる、(力強く立ち上がるために気持ちを)揺(ゆ); 闘:◆互いに向き合って戦う、また争う、また競う
kk_女将さん_おかみさん,女将さん,おかみさん,女:◆雌(シ、めす)としての特性を持つ人、男(雄おすとしての特性を持つ人)と対になる性の一方◆娘(むすめ、若い未婚の女性)、既婚は「婦」◆妻(めあ)わせる、嫁(とつ; 将:◆軍を統帥(トウスイ、統率・指揮)する、率(ひき)いる、またその長、同「帥」◆行く、率いて行く、連れて行く、送って行く◆まさ・に、今にも～しようとする(なろうと,N1,other,mixed+mixed~,IL1_okurigana(kun 96%) | A1_compound_oku(kun 90%) | A1_on_kun_mix(on+kun 65%),女:◆雌(シ、めす)としての特性を持つ人、男(雄おすとしての特性を持つ人)と対になる性の一方◆娘(むすめ、若い未婚の女性)、既婚は「婦」◆妻(めあ)わせる、嫁(とつ; 将:◆軍を統帥(トウスイ、統率・指揮)する、率(ひき)いる、またその長、同「帥」◆行く、率いて行く、連れて行く、送って行く◆まさ・に、今にも～しようとする(なろうと
kk_好ましい_このましい,好ましい,このましい,好:◆自分にとって快く受け入れることができること(事・言)やもの(物・者)、その逆が「悪」、「好悪(コウオ)」◆良い、善(よ)い、心地良い、丁度良い、勝手(かって、,N1,kun,kun,IL1_okurigana(kun 96%) | IL2_single_okuri(kun 96%),好:◆自分にとって快く受け入れることができること(事・言)やもの(物・者)、その逆が「悪」、「好悪(コウオ)」◆良い、善(よ)い、心地良い、丁度良い、勝手(かって、
kk_好感_こうかん,好感,こうかん,好:◆自分にとって快く受け入れることができること(事・言)やもの(物・者)、その逆が「悪」、「好悪(コウオ)」◆良い、善(よ)い、心地良い、丁度良い、勝手(かって、; 感:◆外部から受けた刺激を知覚する◆外部からの刺激を受けて心や体が反応する、また動く,N1,on,on+on,,好:◆自分にとって快く受け入れることができること(事・言)やもの(物・者)、その逆が「悪」、「好悪(コウオ)」◆良い、善(よ)い、心地良い、丁度良い、勝手(かって、; 感:◆外部から受けた刺激を知覚する◆外部からの刺激を受けて心や体が反応する、また動く
kk_如何なる_いかなる,如何なる,いかなる,如:◆ごと・く、～のよう、～と程度や様子が同じよう、～と同じと言ってよい◆し・く、及ぶ、至る、届く、「同様、同程度」の意; 何:◆(問うときに)なに?◆(物事について)なに、なんの、どういう、どのような◆(人について)だれ◆(幾つかの選択肢について)どれ、いずれ◆(場所について)どこ、い,N1,other,mixed+mixed~,IL1_okurigana(kun 96%) | A1_compound_oku(kun 90%) | A1_on_kun_mix(on+kun 65%),如:◆ごと・く、～のよう、～と程度や様子が同じよう、～と同じと言ってよい◆し・く、及ぶ、至る、届く、「同様、同程度」の意; 何:◆(問うときに)なに?◆(物事について)なに、なんの、どういう、どのような◆(人について)だれ◆(幾つかの選択肢について)どれ、いずれ◆(場所について)どこ、い
kk_如何に_いかに,如何に,いかに,如:◆ごと・く、～のよう、～と程度や様子が同じよう、～と同じと言ってよい◆し・く、及ぶ、至る、届く、「同様、同程度」の意; 何:◆(問うときに)なに?◆(物事について)なに、なんの、どういう、どのような◆(人について)だれ◆(幾つかの選択肢について)どれ、いずれ◆(場所について)どこ、い,N1,other,mixed+mixed~,IL1_okurigana(kun 96%) | A1_compound_oku(kun 90%) | A1_on_kun_mix(on+kun 65%),如:◆ごと・く、～のよう、～と程度や様子が同じよう、～と同じと言ってよい◆し・く、及ぶ、至る、届く、「同様、同程度」の意; 何:◆(問うときに)なに?◆(物事について)なに、なんの、どういう、どのような◆(人について)だれ◆(幾つかの選択肢について)どれ、いずれ◆(場所について)どこ、い
kk_如何にも_いかにも,如何にも,いかにも,如:◆ごと・く、～のよう、～と程度や様子が同じよう、～と同じと言ってよい◆し・く、及ぶ、至る、届く、「同様、同程度」の意; 何:◆(問うときに)なに?◆(物事について)なに、なんの、どういう、どのような◆(人について)だれ◆(幾つかの選択肢について)どれ、いずれ◆(場所について)どこ、い,N1,other,mixed+mixed~,IL1_okurigana(kun 96%) | A1_compound_oku(kun 90%) | A1_on_kun_mix(on+kun 65%),如:◆ごと・く、～のよう、～と程度や様子が同じよう、～と同じと言ってよい◆し・く、及ぶ、至る、届く、「同様、同程度」の意; 何:◆(問うときに)なに?◆(物事について)なに、なんの、どういう、どのような◆(人について)だれ◆(幾つかの選択肢について)どれ、いずれ◆(場所について)どこ、い
kk_如実_にょじつ,如実,にょじつ,如:◆ごと・く、～のよう、～と程度や様子が同じよう、～と同じと言ってよい◆し・く、及ぶ、至る、届く、「同様、同程度」の意; 実:◆蓄(たくわ)えが家に満ちているさま◆隙間なく詰まって虚(うつ)ろなところがないさま◆ぎっしりと詰まった中身、草木などの稔(みの)って中がぎっしりと詰まったもの,N1,on,on+on,A3_short_compound(on+on 71%) | B_noun_rad_宀(kun 93%),如:◆ごと・く、～のよう、～と程度や様子が同じよう、～と同じと言ってよい◆し・く、及ぶ、至る、届く、「同様、同程度」の意; 実:◆蓄(たくわ)えが家に満ちているさま◆隙間なく詰まって虚(うつ)ろなところがないさま◆ぎっしりと詰まった中身、草木などの稔(みの)って中がぎっしりと詰まったもの
kk_妥協_だきょう,妥協,だきょう,妥:◆座りがよい、落ち着く、安定している、同「綏」「𢼻」; 協:◆共に力を合わせる、同「劦」◆合わせる、合わさる,N1,on,on+on,A3_short_compound(on+on 71%),妥:◆座りがよい、落ち着く、安定している、同「綏」「𢼻」; 協:◆共に力を合わせる、同「劦」◆合わせる、合わさる
kk_妥結_だけつ,妥結,だけつ,妥:◆座りがよい、落ち着く、安定している、同「綏」「𢼻」; 結:◆糸や紐(ひも)・縄(なわ)・綱(つな)などの両端を繋(つな)いで解(ほど)けないようにする◆解けたり緩(ゆる)んだりしないように締(し)める、しっかりと繋ぐ◆,N1,on,on+on,A3_short_compound(on+on 71%),妥:◆座りがよい、落ち着く、安定している、同「綏」「𢼻」; 結:◆糸や紐(ひも)・縄(なわ)・綱(つな)などの両端を繋(つな)いで解(ほど)けないようにする◆解けたり緩(ゆる)んだりしないように締(し)める、しっかりと繋ぐ◆
kk_妨害_ぼうがい,妨害,ぼうがい,妨:◆行(ゆ)く手を阻(はば)む、遮(さえぎ)る◆差し支(つ)える、支障や問題になるものがある、「不妨(フホウ、差し支えない、～しても問題ない)」; 害:◆状態を悪くする、損(そこ)なう、傷付ける、妨(さまた)げる、良好な状態とは逆の状態になる◆なぜ、どうして、どうして～しないのか、同「盍」,N1,on,on+on,B_noun_rad_宀(kun 93%),妨:◆行(ゆ)く手を阻(はば)む、遮(さえぎ)る◆差し支(つ)える、支障や問題になるものがある、「不妨(フホウ、差し支えない、～しても問題ない)」; 害:◆状態を悪くする、損(そこ)なう、傷付ける、妨(さまた)げる、良好な状態とは逆の状態になる◆なぜ、どうして、どうして～しないのか、同「盍」
kk_妬ましい/嫉ましい_ねたましい,妬ましい/嫉ましい,ねたましい,妬:◆自分と比較して他人がより美しい・可愛がられる・幸せである・優れていることなどを羨(うらや)み憎(にく)らしく思う、焼餅(やきもち)を焼く(妬く)、また妻(女性; 嫉:◆自分と比較して他人がより賢い・重く用いられることなどを羨(うらや)み憎(にく)らしく思う、「嫉妬(シット)」、同「愱」「㑵」「疾」「𧪠」,N1,kun,kun+kun~,IL1_okurigana(kun 96%) | A1_compound_oku(kun 90%) | A1_on_kun_mix(on+kun 65%),妬:◆自分と比較して他人がより美しい・可愛がられる・幸せである・優れていることなどを羨(うらや)み憎(にく)らしく思う、焼餅(やきもち)を焼く(妬く)、また妻(女性; 嫉:◆自分と比較して他人がより賢い・重く用いられることなどを羨(うらや)み憎(にく)らしく思う、「嫉妬(シット)」、同「愱」「㑵」「疾」「𧪠」
kk_妬む/嫉む_ねたむ,妬む/嫉む,ねたむ,妬:◆自分と比較して他人がより美しい・可愛がられる・幸せである・優れていることなどを羨(うらや)み憎(にく)らしく思う、焼餅(やきもち)を焼く(妬く)、また妻(女性; 嫉:◆自分と比較して他人がより賢い・重く用いられることなどを羨(うらや)み憎(にく)らしく思う、「嫉妬(シット)」、同「愱」「㑵」「疾」「𧪠」,N1,kun,kun+kun~,IL1_okurigana(kun 96%) | A1_compound_oku(kun 90%) | A1_on_kun_mix(on+kun 65%),妬:◆自分と比較して他人がより美しい・可愛がられる・幸せである・優れていることなどを羨(うらや)み憎(にく)らしく思う、焼餅(やきもち)を焼く(妬く)、また妻(女性; 嫉:◆自分と比較して他人がより賢い・重く用いられることなどを羨(うらや)み憎(にく)らしく思う、「嫉妬(シット)」、同「愱」「㑵」「疾」「𧪠」
kk_始末_しまつ,始末,しまつ,始:◆それ以降続く物事の最初、出だし、「始」は「物事はまず～から始める、～から始まる」、「初」は「物事はまず初めに～する、～の初め」◆初めて、～の時に至ってやっと、; 末:◆木の先(さき)の細い部分、端(はじ)、先端◆物事の最後、終わり◆細いさま、細(こま)かいさま、小さいさま◆(端の方にあって或いは細かくて)取るに足りない、些細,N1,on,on+on,A3_short_compound(on+on 71%) | B_noun_rad_木(kun 93%),始:◆それ以降続く物事の最初、出だし、「始」は「物事はまず～から始める、～から始まる」、「初」は「物事はまず初めに～する、～の初め」◆初めて、～の時に至ってやっと、; 末:◆木の先(さき)の細い部分、端(はじ)、先端◆物事の最後、終わり◆細いさま、細(こま)かいさま、小さいさま◆(端の方にあって或いは細かくて)取るに足りない、些細
kk_委ねる_ゆだねる,委ねる,ゆだねる,委:◆まか・せる、人に任(まか)せる、任せて成すがままにさせる◆ゆだ・ねる、他に任せたままにする、他に任せて自らは何もしない◆曲がる、曲がったまま、きちんとしていな,N1,kun,kun,IL1_okurigana(kun 96%) | IL2_single_okuri(kun 96%),委:◆まか・せる、人に任(まか)せる、任せて成すがままにさせる◆ゆだ・ねる、他に任せたままにする、他に任せて自らは何もしない◆曲がる、曲がったまま、きちんとしていな
kk_委託_いたく,委託,いたく,委:◆まか・せる、人に任(まか)せる、任せて成すがままにさせる◆ゆだ・ねる、他に任せたままにする、他に任せて自らは何もしない◆曲がる、曲がったまま、きちんとしていな; 託:◆自分のものを他人(ひと)に預(あず)け、その取り扱いをその人の裁量(サイリョウ)に委(ゆだ)ねる、信頼して任(まか)せる、安心して委(ゆだ)ねる、同「乇」「仛,N1,on,on+on,A3_short_compound(on+on 71%) | B_verb_rad_言(kun 80%),委:◆まか・せる、人に任(まか)せる、任せて成すがままにさせる◆ゆだ・ねる、他に任せたままにする、他に任せて自らは何もしない◆曲がる、曲がったまま、きちんとしていな; 託:◆自分のものを他人(ひと)に預(あず)け、その取り扱いをその人の裁量(サイリョウ)に委(ゆだ)ねる、信頼して任(まか)せる、安心して委(ゆだ)ねる、同「乇」「仛
kk_姦しい_かしましい,姦しい,かしましい,姦:◆道義に反する、道理に背(そむ)く、悪事を働く、同簡「奸」◆男女の間で求められる道義を犯(おか)す、同「奸」◆[日]かしま・しい、互いに喋(しゃべ)り合って喧(,N1,kun,kun,IL1_okurigana(kun 96%) | IL2_single_okuri(kun 96%),姦:◆道義に反する、道理に背(そむ)く、悪事を働く、同簡「奸」◆男女の間で求められる道義を犯(おか)す、同「奸」◆[日]かしま・しい、互いに喋(しゃべ)り合って喧(
kk_威嚇_いかく,威嚇,いかく,威:◆(無言のうちに)人を圧(おさ)え畏(おそ)れさせるような強い力(圧力、気力、能力、権力など)、またその力で人を畏れ従わせる、「威力(イリョク、人を畏れ従わせる; 嚇:◆顔を真っ赤にして怒(いか)る◆顔を真っ赤にして怒鳴(どな)り付ける、また脅(おど)し付ける、同「哧」,N1,on,on+on,A3_short_compound(on+on 71%),威:◆(無言のうちに)人を圧(おさ)え畏(おそ)れさせるような強い力(圧力、気力、能力、権力など)、またその力で人を畏れ従わせる、「威力(イリョク、人を畏れ従わせる; 嚇:◆顔を真っ赤にして怒(いか)る◆顔を真っ赤にして怒鳴(どな)り付ける、また脅(おど)し付ける、同「哧」
kk_婉曲_えんきょく,婉曲,えんきょく,"婉:◆穏和(オンワ)なさま、角々(かどかど)しくないさま、人当たりが良いさま、同「䛷」◆(性格や言動が)穏やかで美しいさま; 曲:◆真っ直(す)ぐでない、撓(たわ)む、""(""字形のように弧を描くように曲がることを指し""〈""字のように鋭角に曲がることを「折」という◆歪む、正しい状態や方向から",N1,on,on+on,,"婉:◆穏和(オンワ)なさま、角々(かどかど)しくないさま、人当たりが良いさま、同「䛷」◆(性格や言動が)穏やかで美しいさま; 曲:◆真っ直(す)ぐでない、撓(たわ)む、""(""字形のように弧を描くように曲がることを指し""〈""字のように鋭角に曲がることを「折」という◆歪む、正しい状態や方向から"
kk_媚びる_こびる,媚びる,こびる,媚:◆諂(へつら)う、人の気を引こうとする、気に入られようとする、またそのような姿態(シタイ)◆人を魅了(ミリョウ)するさま、人の目を惹(ひ)き付けて離さないように,N1,kun,kun,IL1_okurigana(kun 96%) | IL2_single_okuri(kun 96%),媚:◆諂(へつら)う、人の気を引こうとする、気に入られようとする、またそのような姿態(シタイ)◆人を魅了(ミリョウ)するさま、人の目を惹(ひ)き付けて離さないように
kk_嫉妬_しっと,嫉妬,しっと,嫉:◆自分と比較して他人がより賢い・重く用いられることなどを羨(うらや)み憎(にく)らしく思う、「嫉妬(シット)」、同「愱」「㑵」「疾」「𧪠」; 妬:◆自分と比較して他人がより美しい・可愛がられる・幸せである・優れていることなどを羨(うらや)み憎(にく)らしく思う、焼餅(やきもち)を焼く(妬く)、また妻(女性,N1,on,on+on,A3_short_compound(on+on 71%),嫉:◆自分と比較して他人がより賢い・重く用いられることなどを羨(うらや)み憎(にく)らしく思う、「嫉妬(シット)」、同「愱」「㑵」「疾」「𧪠」; 妬:◆自分と比較して他人がより美しい・可愛がられる・幸せである・優れていることなどを羨(うらや)み憎(にく)らしく思う、焼餅(やきもち)を焼く(妬く)、また妻(女性
kk_嫋か_しなやか,嫋か,しなやか,嫋:◆ほっそりとしてしなやかなさま,N1,other,unknown,IL1_okurigana(kun 96%) | IL2_single_okuri(kun 96%),嫋:◆ほっそりとしてしなやかなさま
kk_嫌々_いやいや,嫌々,いやいや,嫌:◆好きでない、どこか意に沿わないところがある、同「慊」、「嫌悪(ケンオ)」◆何となく避けた方が良いような気がする、憚(はばか)る◆何かしら心に引っ掛る(ひっかか,N1,kun,kun,IL2_single_default(kun 84%),嫌:◆好きでない、どこか意に沿わないところがある、同「慊」、「嫌悪(ケンオ)」◆何となく避けた方が良いような気がする、憚(はばか)る◆何かしら心に引っ掛る(ひっかか
kk_嫌がらせ_いやがらせ,嫌がらせ,いやがらせ,嫌:◆好きでない、どこか意に沿わないところがある、同「慊」、「嫌悪(ケンオ)」◆何となく避けた方が良いような気がする、憚(はばか)る◆何かしら心に引っ掛る(ひっかか,N1,kun,kun,IL1_okurigana(kun 96%) | IL2_single_okuri(kun 96%),嫌:◆好きでない、どこか意に沿わないところがある、同「慊」、「嫌悪(ケンオ)」◆何となく避けた方が良いような気がする、憚(はばか)る◆何かしら心に引っ掛る(ひっかか
kk_嫌に_いやに,嫌に,いやに,嫌:◆好きでない、どこか意に沿わないところがある、同「慊」、「嫌悪(ケンオ)」◆何となく避けた方が良いような気がする、憚(はばか)る◆何かしら心に引っ掛る(ひっかか,N1,kun,kun,IL1_okurigana(kun 96%) | IL2_single_okuri(kun 96%),嫌:◆好きでない、どこか意に沿わないところがある、同「慊」、「嫌悪(ケンオ)」◆何となく避けた方が良いような気がする、憚(はばか)る◆何かしら心に引っ掛る(ひっかか
kk_嫌らしい_いやらしい,嫌らしい,いやらしい,嫌:◆好きでない、どこか意に沿わないところがある、同「慊」、「嫌悪(ケンオ)」◆何となく避けた方が良いような気がする、憚(はばか)る◆何かしら心に引っ掛る(ひっかか,N1,kun,kun,IL1_okurigana(kun 96%) | IL2_single_okuri(kun 96%),嫌:◆好きでない、どこか意に沿わないところがある、同「慊」、「嫌悪(ケンオ)」◆何となく避けた方が良いような気がする、憚(はばか)る◆何かしら心に引っ掛る(ひっかか
kk_嫌味_いやみ,嫌味,いやみ,嫌:◆好きでない、どこか意に沿わないところがある、同「慊」、「嫌悪(ケンオ)」◆何となく避けた方が良いような気がする、憚(はばか)る◆何かしら心に引っ掛る(ひっかか; 味:◆舌で感じる、舌の感覚◆「五味(ゴミ)」、舌の感覚(味)を五つに大別したもの、酸(酸っぱい味)苦(苦い味)辛(辛い味)鹹(塩辛い味)甘(甘い味)、「【禮記注疏(,N1,mixed,kun+on~,A3_short_compound(on+on 71%),嫌:◆好きでない、どこか意に沿わないところがある、同「慊」、「嫌悪(ケンオ)」◆何となく避けた方が良いような気がする、憚(はばか)る◆何かしら心に引っ掛る(ひっかか; 味:◆舌で感じる、舌の感覚◆「五味(ゴミ)」、舌の感覚(味)を五つに大別したもの、酸(酸っぱい味)苦(苦い味)辛(辛い味)鹹(塩辛い味)甘(甘い味)、「【禮記注疏(
kk_嫌気_いやけ,嫌気,いやけ,嫌:◆好きでない、どこか意に沿わないところがある、同「慊」、「嫌悪(ケンオ)」◆何となく避けた方が良いような気がする、憚(はばか)る◆何かしら心に引っ掛る(ひっかか; 気:◆中国古来の考えで、天地全ての事物の基本要素、目に見えず形状は一定しない、あらゆる事物の生死・盛衰などの変化・変動はこの「気」の移動・集散によるものと考えられた,N1,mixed,kun+on~,A3_short_compound(on+on 71%),嫌:◆好きでない、どこか意に沿わないところがある、同「慊」、「嫌悪(ケンオ)」◆何となく避けた方が良いような気がする、憚(はばか)る◆何かしら心に引っ掛る(ひっかか; 気:◆中国古来の考えで、天地全ての事物の基本要素、目に見えず形状は一定しない、あらゆる事物の生死・盛衰などの変化・変動はこの「気」の移動・集散によるものと考えられた
kk_孕む_はらむ,孕む,はらむ,孕:◆胎内(タイナイ)に子を宿(やど)す、身籠(みごも)る、妊娠(ニンシン)する、同「𣎜」「𡢘」「𥀩」「𨈼」,N1,kun,kun,IL1_okurigana(kun 96%) | IL2_single_okuri(kun 96%),孕:◆胎内(タイナイ)に子を宿(やど)す、身籠(みごも)る、妊娠(ニンシン)する、同「𣎜」「𡢘」「𥀩」「𨈼」
kk_存続_そんぞく,存続,そんぞく,存:◆そこに在(あ)る、そこに居(い)る、同「侟」◆ながら･える、保つ、長く保ち続ける◆生きている、「存命(ゾンメイ)」◆無事かどうかを問う、気に掛かっていることを; 続:◆切れることなく繋(つな)がる、また連(つら)なる◆前との関係を保ちながら次々に繋がって行く、「継続(ケイゾク)」「連続(レンゾク)」◆前の物事を受け、それを後,N1,on,on+on,,存:◆そこに在(あ)る、そこに居(い)る、同「侟」◆ながら･える、保つ、長く保ち続ける◆生きている、「存命(ゾンメイ)」◆無事かどうかを問う、気に掛かっていることを; 続:◆切れることなく繋(つな)がる、また連(つら)なる◆前との関係を保ちながら次々に繋がって行く、「継続(ケイゾク)」「連続(レンゾク)」◆前の物事を受け、それを後
kk_季刊_きかん,季刊,きかん,季:◆三カ月、一年を四分した春夏秋冬のそれぞれの期間(四季)、その最後の月、最初は「孟」◆時・季節・年・時代や順序の末(すえ)、また末期◆兄弟の中の最年少者、年長か; 刊:◆(木などを)切る、削(そ)ぐ◆削(けず)る、削り取る◆(版木や石に文字などを)刻(きざ)み込む、彫(ほ)る、「刊正(カンセイ、誤った部分を削り取って彫り直すこ,N1,on,on+on,A3_short_compound(on+on 71%) | B_verb_rad_刀(kun 80%),季:◆三カ月、一年を四分した春夏秋冬のそれぞれの期間(四季)、その最後の月、最初は「孟」◆時・季節・年・時代や順序の末(すえ)、また末期◆兄弟の中の最年少者、年長か; 刊:◆(木などを)切る、削(そ)ぐ◆削(けず)る、削り取る◆(版木や石に文字などを)刻(きざ)み込む、彫(ほ)る、「刊正(カンセイ、誤った部分を削り取って彫り直すこ
kk_孤独_こどく,孤独,こどく,孤:◆幼くして父または両親を亡くした子◆独(ひと)りぼっち◆それ(そこ)だけ抜きん出ているさま◆わたし(私)、われ(我)、君主や諸侯が自分を謙遜して言う言葉◆恩義な; 独:◆一人、一人だけ◆一つ、ただ一つ,N1,on,on+on,A3_short_compound(on+on 71%),孤:◆幼くして父または両親を亡くした子◆独(ひと)りぼっち◆それ(そこ)だけ抜きん出ているさま◆わたし(私)、われ(我)、君主や諸侯が自分を謙遜して言う言葉◆恩義な; 独:◆一人、一人だけ◆一つ、ただ一つ
kk_孤立_こりつ,孤立,こりつ,孤:◆幼くして父または両親を亡くした子◆独(ひと)りぼっち◆それ(そこ)だけ抜きん出ているさま◆わたし(私)、われ(我)、君主や諸侯が自分を謙遜して言う言葉◆恩義な; 立:◆地(チ、地面、土台、基盤)に足を着け垂直にする、また垂直になる、地から上に向かって伸ばす、また伸びる◆しっかりとした土台を築いてその上にものを作り上げて行く、,N1,on,on+on,A3_short_compound(on+on 71%),孤:◆幼くして父または両親を亡くした子◆独(ひと)りぼっち◆それ(そこ)だけ抜きん出ているさま◆わたし(私)、われ(我)、君主や諸侯が自分を謙遜して言う言葉◆恩義な; 立:◆地(チ、地面、土台、基盤)に足を着け垂直にする、また垂直になる、地から上に向かって伸ばす、また伸びる◆しっかりとした土台を築いてその上にものを作り上げて行く、
kk_学芸_がくげい,学芸,がくげい,学:◆(教えを受けながら、見て倣いながら)知識や技術などを身に付ける、習得する、またその内容、知識や技術などを授(さず)けることを「教」◆教えを受け知識や技術などを; 芸:◆田畑の雑草を取り除く、同「耘」◆「芸香(ウンコウ)」、ヘンルーダwijnruit、ミカン科ヘンルーダ属の草 ◆「芸臺(ウンタイ)」、書庫、「芸香」に書物を食い,N1,on,on+on,,学:◆(教えを受けながら、見て倣いながら)知識や技術などを身に付ける、習得する、またその内容、知識や技術などを授(さず)けることを「教」◆教えを受け知識や技術などを; 芸:◆田畑の雑草を取り除く、同「耘」◆「芸香(ウンコウ)」、ヘンルーダwijnruit、ミカン科ヘンルーダ属の草 ◆「芸臺(ウンタイ)」、書庫、「芸香」に書物を食い
kk_守備_しゅび,守備,しゅび,守:◆古代の官名、同「𡬮」、「太守(タイシュ、郡や府の長官、地方の長官)」◆同じ状態に保(たも)つ、「守備(シュビ、備え守る)」◆(異変がないかを)見張る、番(バン; 備:◆必要なものを用意しておく、(いざという時のために)予め揃えておく◆身に付いている、身に具(そな)わる◆つぶさ・に、必要なものは全て、ことごとく,N1,on,on+on,A3_short_compound(on+on 71%) | B_noun_rad_宀(kun 93%),守:◆古代の官名、同「𡬮」、「太守(タイシュ、郡や府の長官、地方の長官)」◆同じ状態に保(たも)つ、「守備(シュビ、備え守る)」◆(異変がないかを)見張る、番(バン; 備:◆必要なものを用意しておく、(いざという時のために)予め揃えておく◆身に付いている、身に具(そな)わる◆つぶさ・に、必要なものは全て、ことごとく
kk_守衛_しゅえい,守衛,しゅえい,守:◆古代の官名、同「𡬮」、「太守(タイシュ、郡や府の長官、地方の長官)」◆同じ状態に保(たも)つ、「守備(シュビ、備え守る)」◆(異変がないかを)見張る、番(バン; 衛:◆建物の周りを見回(みまわ)る、周りを巡(めぐ)る◆見回って近づくものから中を守る、外からの侵入を防ぐ、外敵から国境を防ぎ守る、「防衛(ボウエイ)」◆諸侯国名、,N1,on,on+on,A3_short_compound(on+on 71%) | B_noun_rad_宀(kun 93%),守:◆古代の官名、同「𡬮」、「太守(タイシュ、郡や府の長官、地方の長官)」◆同じ状態に保(たも)つ、「守備(シュビ、備え守る)」◆(異変がないかを)見張る、番(バン; 衛:◆建物の周りを見回(みまわ)る、周りを巡(めぐ)る◆見回って近づくものから中を守る、外からの侵入を防ぐ、外敵から国境を防ぎ守る、「防衛(ボウエイ)」◆諸侯国名、
kk_安楽死_あんらくし,安楽死,あんらくし,安:◆心を乱すものも体を縛るものもなく穏(おだ)やかなさま、気に掛かるようなことがなくゆったりとしたさま◆揺(ゆ)らぎや乱れがないさま、落ち着くさま◆いずく・んぞ、; 楽:◆音を奏(かな)でる、「音楽(オンガク)」◆調和が取れて心地よい、心や体を煩(わずら)わせるものが何もなく安らかで快い、悦(よろこ)ばしい; 死:◆細って尽(つ)きる◆精気(セイキ)がなくなる◆動かなくなる、用を成(な)さなくなる◆命が尽きる、天寿(テンジュ、天から授かった寿命)を全(まっと)うすることな,N1,on,on+on+on,A4_multi_on(on+on+on 65%) | B_noun_rad_宀(kun 93%) | B_noun_rad_木(kun 93%),安:◆心を乱すものも体を縛るものもなく穏(おだ)やかなさま、気に掛かるようなことがなくゆったりとしたさま◆揺(ゆ)らぎや乱れがないさま、落ち着くさま◆いずく・んぞ、; 楽:◆音を奏(かな)でる、「音楽(オンガク)」◆調和が取れて心地よい、心や体を煩(わずら)わせるものが何もなく安らかで快い、悦(よろこ)ばしい; 死:◆細って尽(つ)きる◆精気(セイキ)がなくなる◆動かなくなる、用を成(な)さなくなる◆命が尽きる、天寿(テンジュ、天から授かった寿命)を全(まっと)うすることな
kk_安静_あんせい,安静,あんせい,安:◆心を乱すものも体を縛るものもなく穏(おだ)やかなさま、気に掛かるようなことがなくゆったりとしたさま◆揺(ゆ)らぎや乱れがないさま、落ち着くさま◆いずく・んぞ、; 静:◆動きや乱れなどが鎮(しず)まる、治(おさ)まる◆何事もなく穏やかなさま◆しんとして音や声がしないさま、じっと動かないさま,N1,on,on+on,B_noun_rad_宀(kun 93%),安:◆心を乱すものも体を縛るものもなく穏(おだ)やかなさま、気に掛かるようなことがなくゆったりとしたさま◆揺(ゆ)らぎや乱れがないさま、落ち着くさま◆いずく・んぞ、; 静:◆動きや乱れなどが鎮(しず)まる、治(おさ)まる◆何事もなく穏やかなさま◆しんとして音や声がしないさま、じっと動かないさま
kk_完備_かんび,完備,かんび,完:◆全(すべ)て、全(まった)く◆欠点や不足がなく全てが揃っている、また備わっている◆全てが揃って(整って)終わる、出来上がる、やり遂(と)げる; 備:◆必要なものを用意しておく、(いざという時のために)予め揃えておく◆身に付いている、身に具(そな)わる◆つぶさ・に、必要なものは全て、ことごとく,N1,on,on+on,A3_short_compound(on+on 71%) | B_noun_rad_宀(kun 93%),完:◆全(すべ)て、全(まった)く◆欠点や不足がなく全てが揃っている、また備わっている◆全てが揃って(整って)終わる、出来上がる、やり遂(と)げる; 備:◆必要なものを用意しておく、(いざという時のために)予め揃えておく◆身に付いている、身に具(そな)わる◆つぶさ・に、必要なものは全て、ことごとく
kk_完勝_かんしょう,完勝,かんしょう,完:◆全(すべ)て、全(まった)く◆欠点や不足がなく全てが揃っている、また備わっている◆全てが揃って(整って)終わる、出来上がる、やり遂(と)げる; 勝:◆責任や任務によく耐える、また耐えることができる◆克(か)つ、克服する、(困難に耐え)乗り越え成し遂げる◆～を上回る、～より優(すぐ)れる、優れている◆相手を上,N1,on,on+on,B_noun_rad_宀(kun 93%) | B_verb_rad_力(kun 80%),完:◆全(すべ)て、全(まった)く◆欠点や不足がなく全てが揃っている、また備わっている◆全てが揃って(整って)終わる、出来上がる、やり遂(と)げる; 勝:◆責任や任務によく耐える、また耐えることができる◆克(か)つ、克服する、(困難に耐え)乗り越え成し遂げる◆～を上回る、～より優(すぐ)れる、優れている◆相手を上
kk_完工_かんこう,完工,かんこう,完:◆全(すべ)て、全(まった)く◆欠点や不足がなく全てが揃っている、また備わっている◆全てが揃って(整って)終わる、出来上がる、やり遂(と)げる; 工:◆物をつくる巧(たく)みな技(わざ)、また物づくりが巧みなさま◆できばえが精巧(セイコウ)なさま、同「㣉」◆匠(たくみ)、物をつくる技術・技能に秀(ひい)でた人,N1,on,on+on,B_noun_rad_宀(kun 93%),完:◆全(すべ)て、全(まった)く◆欠点や不足がなく全てが揃っている、また備わっている◆全てが揃って(整って)終わる、出来上がる、やり遂(と)げる; 工:◆物をつくる巧(たく)みな技(わざ)、また物づくりが巧みなさま◆できばえが精巧(セイコウ)なさま、同「㣉」◆匠(たくみ)、物をつくる技術・技能に秀(ひい)でた人
kk_完璧_かんぺき,完璧,かんぺき,完:◆全(すべ)て、全(まった)く◆欠点や不足がなく全てが揃っている、また備わっている◆全てが揃って(整って)終わる、出来上がる、やり遂(と)げる; 璧:◆中央に孔(あな)のあいた円盤状の玉(ギョク、大変美しい石)製の礼器、玉の部分(肉)が大きく孔の部分(好)が小さいもの、肉と好がほぼ同じものを「環」、好が大きい,N1,on,on+on~,B_noun_rad_宀(kun 93%),完:◆全(すべ)て、全(まった)く◆欠点や不足がなく全てが揃っている、また備わっている◆全てが揃って(整って)終わる、出来上がる、やり遂(と)げる; 璧:◆中央に孔(あな)のあいた円盤状の玉(ギョク、大変美しい石)製の礼器、玉の部分(肉)が大きく孔の部分(好)が小さいもの、肉と好がほぼ同じものを「環」、好が大きい
kk_完結_かんけつ,完結,かんけつ,完:◆全(すべ)て、全(まった)く◆欠点や不足がなく全てが揃っている、また備わっている◆全てが揃って(整って)終わる、出来上がる、やり遂(と)げる; 結:◆糸や紐(ひも)・縄(なわ)・綱(つな)などの両端を繋(つな)いで解(ほど)けないようにする◆解けたり緩(ゆる)んだりしないように締(し)める、しっかりと繋ぐ◆,N1,on,on+on,B_noun_rad_宀(kun 93%),完:◆全(すべ)て、全(まった)く◆欠点や不足がなく全てが揃っている、また備わっている◆全てが揃って(整って)終わる、出来上がる、やり遂(と)げる; 結:◆糸や紐(ひも)・縄(なわ)・綱(つな)などの両端を繋(つな)いで解(ほど)けないようにする◆解けたり緩(ゆる)んだりしないように締(し)める、しっかりと繋ぐ◆
kk_完走_かんそう,完走,かんそう,完:◆全(すべ)て、全(まった)く◆欠点や不足がなく全てが揃っている、また備わっている◆全てが揃って(整って)終わる、出来上がる、やり遂(と)げる; 走:◆片足を地に着け止め、残る片足を前に運んで止める、という動作を左右の足で交互に速く繰り返す、早足(はやあし)で行く、同「趨」、ゆっくり繰り返すことを「歩」◆逃(,N1,on,on+on,B_noun_rad_宀(kun 93%),完:◆全(すべ)て、全(まった)く◆欠点や不足がなく全てが揃っている、また備わっている◆全てが揃って(整って)終わる、出来上がる、やり遂(と)げる; 走:◆片足を地に着け止め、残る片足を前に運んで止める、という動作を左右の足で交互に速く繰り返す、早足(はやあし)で行く、同「趨」、ゆっくり繰り返すことを「歩」◆逃(
kk_宙返り_ちゅうがえり,宙返り,ちゅうがえり,宙:◆屋根を支える梁(はり)や棟(むね)、宇(ウ、頭上に大きく広がるもの)を支えているもの◆過去から未来に亘(わた)って途切れることなく続く時(とき)、時間的な大き; 返:◆帰る、行った先から出発したところに戻る、同「𢓉」◆元に戻る、元に戻す◆[日]反対向きにする、反対向きになる,N1,other,mixed+mixed~,IL1_okurigana(kun 96%) | A1_compound_oku(kun 90%) | A1_on_kun_mix(on+kun 65%),宙:◆屋根を支える梁(はり)や棟(むね)、宇(ウ、頭上に大きく広がるもの)を支えているもの◆過去から未来に亘(わた)って途切れることなく続く時(とき)、時間的な大き; 返:◆帰る、行った先から出発したところに戻る、同「𢓉」◆元に戻る、元に戻す◆[日]反対向きにする、反対向きになる
kk_定まる_さだまる,定まる,さだまる,定:◆さだ・まる、動きや乱れが鎮(しず)まって変化・変動しない状態になる、平静になる、落ち着く、「鎮定(チンテイ)」◆さだ・める、動いたり揺らいだりしない状態にする,N1,kun,kun,IL1_okurigana(kun 96%) | IL2_single_okuri(kun 96%) | B_noun_rad_宀(kun 93%),定:◆さだ・まる、動きや乱れが鎮(しず)まって変化・変動しない状態になる、平静になる、落ち着く、「鎮定(チンテイ)」◆さだ・める、動いたり揺らいだりしない状態にする
kk_定める_さだめる,定める,さだめる,定:◆さだ・まる、動きや乱れが鎮(しず)まって変化・変動しない状態になる、平静になる、落ち着く、「鎮定(チンテイ)」◆さだ・める、動いたり揺らいだりしない状態にする,N1,kun,kun,IL1_okurigana(kun 96%) | IL2_single_okuri(kun 96%) | B_noun_rad_宀(kun 93%),定:◆さだ・まる、動きや乱れが鎮(しず)まって変化・変動しない状態になる、平静になる、落ち着く、「鎮定(チンテイ)」◆さだ・める、動いたり揺らいだりしない状態にする
kk_定着_ていちゃく,定着,ていちゃく,定:◆さだ・まる、動きや乱れが鎮(しず)まって変化・変動しない状態になる、平静になる、落ち着く、「鎮定(チンテイ)」◆さだ・める、動いたり揺らいだりしない状態にする; 着:◆目的や目標としている物事・場所などに届く、また達する、また到る、同「著」◆他のものに付く、同「著」◆き・る、衣服を身に付ける、同「著」◆火や明かりを点(つ)け,N1,on,on+on,B_noun_rad_宀(kun 93%),定:◆さだ・まる、動きや乱れが鎮(しず)まって変化・変動しない状態になる、平静になる、落ち着く、「鎮定(チンテイ)」◆さだ・める、動いたり揺らいだりしない状態にする; 着:◆目的や目標としている物事・場所などに届く、また達する、また到る、同「著」◆他のものに付く、同「著」◆き・る、衣服を身に付ける、同「著」◆火や明かりを点(つ)け
kk_定説_ていせつ,定説,ていせつ,定:◆さだ・まる、動きや乱れが鎮(しず)まって変化・変動しない状態になる、平静になる、落ち着く、「鎮定(チンテイ)」◆さだ・める、動いたり揺らいだりしない状態にする; 説:◆解き明かす、解釈する、またそれを言葉にしたもの◆あることに対する意見◆意味することが分かるように順序立てて話す,N1,on,on+on,B_noun_rad_宀(kun 93%) | B_verb_rad_言(kun 80%),定:◆さだ・まる、動きや乱れが鎮(しず)まって変化・変動しない状態になる、平静になる、落ち着く、「鎮定(チンテイ)」◆さだ・める、動いたり揺らいだりしない状態にする; 説:◆解き明かす、解釈する、またそれを言葉にしたもの◆あることに対する意見◆意味することが分かるように順序立てて話す
kk_定食_ていしょく,定食,ていしょく,定:◆さだ・まる、動きや乱れが鎮(しず)まって変化・変動しない状態になる、平静になる、落ち着く、「鎮定(チンテイ)」◆さだ・める、動いたり揺らいだりしない状態にする; 食:◆(固形の食べ物を)口の中でよく噛んで胃に入れる、よく噛んで胃に入れるもの、噛まずに胃に入れるのは「飲」◆(生きていくために必要な食べ物を得るための)俸禄(ホウ,N1,on,on+on,B_noun_rad_宀(kun 93%),定:◆さだ・まる、動きや乱れが鎮(しず)まって変化・変動しない状態になる、平静になる、落ち着く、「鎮定(チンテイ)」◆さだ・める、動いたり揺らいだりしない状態にする; 食:◆(固形の食べ物を)口の中でよく噛んで胃に入れる、よく噛んで胃に入れるもの、噛まずに胃に入れるのは「飲」◆(生きていくために必要な食べ物を得るための)俸禄(ホウ
kk_宛てる_あてる,宛てる,あてる,宛:◆曲がる、くねる、緩(ゆる)やかに曲がる、同「惌」◆あたか・も、まるで、まるで～のよう、「宛然(エンゼン)」◆「大宛(ダイエン)」、古国名、漢代(前202年～2,N1,kun,kun,IL1_okurigana(kun 96%) | IL2_single_okuri(kun 96%) | B_noun_rad_宀(kun 93%),宛:◆曲がる、くねる、緩(ゆる)やかに曲がる、同「惌」◆あたか・も、まるで、まるで～のよう、「宛然(エンゼン)」◆「大宛(ダイエン)」、古国名、漢代(前202年～2
kk_宛ら_さながら,宛ら,さながら,宛:◆曲がる、くねる、緩(ゆる)やかに曲がる、同「惌」◆あたか・も、まるで、まるで～のよう、「宛然(エンゼン)」◆「大宛(ダイエン)」、古国名、漢代(前202年～2,N1,kun,kun,IL1_okurigana(kun 96%) | IL2_single_okuri(kun 96%) | B_noun_rad_宀(kun 93%),宛:◆曲がる、くねる、緩(ゆる)やかに曲がる、同「惌」◆あたか・も、まるで、まるで～のよう、「宛然(エンゼン)」◆「大宛(ダイエン)」、古国名、漢代(前202年～2
kk_実_じつ,実,じつ,実:◆蓄(たくわ)えが家に満ちているさま◆隙間なく詰まって虚(うつ)ろなところがないさま◆ぎっしりと詰まった中身、草木などの稔(みの)って中がぎっしりと詰まったもの,N1,on,on,IL2_single_default(kun 84%) | B_noun_rad_宀(kun 93%),実:◆蓄(たくわ)えが家に満ちているさま◆隙間なく詰まって虚(うつ)ろなところがないさま◆ぎっしりと詰まった中身、草木などの稔(みの)って中がぎっしりと詰まったもの
kk_実在_じつざい,実在,じつざい,実:◆蓄(たくわ)えが家に満ちているさま◆隙間なく詰まって虚(うつ)ろなところがないさま◆ぎっしりと詰まった中身、草木などの稔(みの)って中がぎっしりと詰まったもの; 在:◆そこに居(い)る、同じ状態で一定のところに留(とど)まっている、またその場所◆～に於(お)いて、～(場所)で(at),N1,on,on+on,B_noun_rad_宀(kun 93%),実:◆蓄(たくわ)えが家に満ちているさま◆隙間なく詰まって虚(うつ)ろなところがないさま◆ぎっしりと詰まった中身、草木などの稔(みの)って中がぎっしりと詰まったもの; 在:◆そこに居(い)る、同じ状態で一定のところに留(とど)まっている、またその場所◆～に於(お)いて、～(場所)で(at)
kk_実情_じつじょう,実情,じつじょう,実:◆蓄(たくわ)えが家に満ちているさま◆隙間なく詰まって虚(うつ)ろなところがないさま◆ぎっしりと詰まった中身、草木などの稔(みの)って中がぎっしりと詰まったもの; 情:◆物事(特に他の人)からの働き掛けで起こる喜怒哀楽愛好悪欲などの心の動き、「感情(カンジョウ)」◆他に寄せる思い、「愛情(アイジョウ)」◆異性に寄せる思い、好意,N1,on,on+on,B_noun_rad_宀(kun 93%),実:◆蓄(たくわ)えが家に満ちているさま◆隙間なく詰まって虚(うつ)ろなところがないさま◆ぎっしりと詰まった中身、草木などの稔(みの)って中がぎっしりと詰まったもの; 情:◆物事(特に他の人)からの働き掛けで起こる喜怒哀楽愛好悪欲などの心の動き、「感情(カンジョウ)」◆他に寄せる思い、「愛情(アイジョウ)」◆異性に寄せる思い、好意
kk_実権_じっけん,実権,じっけん,実:◆蓄(たくわ)えが家に満ちているさま◆隙間なく詰まって虚(うつ)ろなところがないさま◆ぎっしりと詰まった中身、草木などの稔(みの)って中がぎっしりと詰まったもの; 権:◆秤(はかり)、また秤に使う分銅(フンドウ、重さの基準となる金属の塊)◆重さを量(はか)る、状況を量りそれに応じて釣り合いを取る◆釣り合いを左右することができる,N1,on,on+on,B_noun_rad_宀(kun 93%) | B_noun_rad_木(kun 93%),実:◆蓄(たくわ)えが家に満ちているさま◆隙間なく詰まって虚(うつ)ろなところがないさま◆ぎっしりと詰まった中身、草木などの稔(みの)って中がぎっしりと詰まったもの; 権:◆秤(はかり)、また秤に使う分銅(フンドウ、重さの基準となる金属の塊)◆重さを量(はか)る、状況を量りそれに応じて釣り合いを取る◆釣り合いを左右することができる
kk_実況_じっきょう,実況,じっきょう,実:◆蓄(たくわ)えが家に満ちているさま◆隙間なく詰まって虚(うつ)ろなところがないさま◆ぎっしりと詰まった中身、草木などの稔(みの)って中がぎっしりと詰まったもの; 況:◆様子、有様(ありさま)、状態◆他と比べる、他の例を引く、譬(たと)える、「【前漢書:卷十六:高惠高后文功臣表】…以往況今甚可悲傷(師古曰況譬也)…」◆いわ・ん,N1,on,on+on,B_noun_rad_宀(kun 93%),実:◆蓄(たくわ)えが家に満ちているさま◆隙間なく詰まって虚(うつ)ろなところがないさま◆ぎっしりと詰まった中身、草木などの稔(みの)って中がぎっしりと詰まったもの; 況:◆様子、有様(ありさま)、状態◆他と比べる、他の例を引く、譬(たと)える、「【前漢書:卷十六:高惠高后文功臣表】…以往況今甚可悲傷(師古曰況譬也)…」◆いわ・ん
kk_実益_じつえき,実益,じつえき,実:◆蓄(たくわ)えが家に満ちているさま◆隙間なく詰まって虚(うつ)ろなところがないさま◆ぎっしりと詰まった中身、草木などの稔(みの)って中がぎっしりと詰まったもの; 益:◆加える、加わる、増える、増やす、同「㬲」◆満ちる、一杯になる、溢(あふ)れる◆手放したものの金額や価値よりも、それによって得たものの金額や価値が多い、儲(もう,N1,on,on+on,B_noun_rad_宀(kun 93%),実:◆蓄(たくわ)えが家に満ちているさま◆隙間なく詰まって虚(うつ)ろなところがないさま◆ぎっしりと詰まった中身、草木などの稔(みの)って中がぎっしりと詰まったもの; 益:◆加える、加わる、増える、増やす、同「㬲」◆満ちる、一杯になる、溢(あふ)れる◆手放したものの金額や価値よりも、それによって得たものの金額や価値が多い、儲(もう
kk_実費_じっぴ,実費,じっぴ,実:◆蓄(たくわ)えが家に満ちているさま◆隙間なく詰まって虚(うつ)ろなところがないさま◆ぎっしりと詰まった中身、草木などの稔(みの)って中がぎっしりと詰まったもの; 費:◆金銭・品物・労力などを使う、時間・手間などがかかる◆ものなどを買うために用いる金銭、「費用(ヒヨウ)」◆使い減らす、「浪費(ロウヒ)」◆魯ロ国(前11世紀～前,N1,other,mixed+mixed~,A3_short_compound(on+on 71%) | B_noun_rad_宀(kun 93%),実:◆蓄(たくわ)えが家に満ちているさま◆隙間なく詰まって虚(うつ)ろなところがないさま◆ぎっしりと詰まった中身、草木などの稔(みの)って中がぎっしりと詰まったもの; 費:◆金銭・品物・労力などを使う、時間・手間などがかかる◆ものなどを買うために用いる金銭、「費用(ヒヨウ)」◆使い減らす、「浪費(ロウヒ)」◆魯ロ国(前11世紀～前
kk_実質_じっしつ,実質,じっしつ,実:◆蓄(たくわ)えが家に満ちているさま◆隙間なく詰まって虚(うつ)ろなところがないさま◆ぎっしりと詰まった中身、草木などの稔(みの)って中がぎっしりと詰まったもの; 質:◆本来の、元々(もともと)の、「本質(ホンシツ)」◆本来のままであるさま、素(す)のままであるさま、「質素(シッソ)」◆そのものが持つ本来の価値や中身、また性格,N1,on,on+on,B_noun_rad_宀(kun 93%),実:◆蓄(たくわ)えが家に満ちているさま◆隙間なく詰まって虚(うつ)ろなところがないさま◆ぎっしりと詰まった中身、草木などの稔(みの)って中がぎっしりと詰まったもの; 質:◆本来の、元々(もともと)の、「本質(ホンシツ)」◆本来のままであるさま、素(す)のままであるさま、「質素(シッソ)」◆そのものが持つ本来の価値や中身、また性格
kk_宣言_せんげん,宣言,せんげん,宣:◆(天子の住む)宮殿の大きな部屋、「【前漢書:卷四十八:賈誼傳】…後歲餘丸帝思誼微之至入見上方受釐坐宣室(蘇林日宣室未央前正室也…)[†「未央」は「未央宮ビオウ; 言:◆相手に伝えたいことを声に出してはっきりと述べる、またその内容、またそのための語(ゴ、互いに意思の疎通を図るための言葉)◆字(ジ)、文字◆我(われ)、自分を指す,N1,on,on+on,B_noun_rad_宀(kun 93%) | B_verb_rad_言(kun 80%),宣:◆(天子の住む)宮殿の大きな部屋、「【前漢書:卷四十八:賈誼傳】…後歲餘丸帝思誼微之至入見上方受釐坐宣室(蘇林日宣室未央前正室也…)[†「未央」は「未央宮ビオウ; 言:◆相手に伝えたいことを声に出してはっきりと述べる、またその内容、またそのための語(ゴ、互いに意思の疎通を図るための言葉)◆字(ジ)、文字◆我(われ)、自分を指す
kk_宥める_なだめる,宥める,なだめる,宥:◆心が広いさま、寛大なさま、寛容なさま◆寛大な気持ちで罪を許す、寛大に処遇する、大目に見る、「宥恕(ユウジョ)」◆広い心で説き落ち着かせる,N1,kun,kun,IL1_okurigana(kun 96%) | IL2_single_okuri(kun 96%) | B_noun_rad_宀(kun 93%),宥:◆心が広いさま、寛大なさま、寛容なさま◆寛大な気持ちで罪を許す、寛大に処遇する、大目に見る、「宥恕(ユウジョ)」◆広い心で説き落ち着かせる
kk_害する_がいする,害する,がいする,害:◆状態を悪くする、損(そこ)なう、傷付ける、妨(さまた)げる、良好な状態とは逆の状態になる◆なぜ、どうして、どうして～しないのか、同「盍」,N1,on,on,IL1_okurigana(kun 96%) | IL2_single_okuri(kun 96%) | B_noun_rad_宀(kun 93%),害:◆状態を悪くする、損(そこ)なう、傷付ける、妨(さまた)げる、良好な状態とは逆の状態になる◆なぜ、どうして、どうして～しないのか、同「盍」
kk_家出_いえで,家出,いえで,家:◆屋根(「宀」)があり四周が戸や壁で遮(さえぎ)られている建物、豕(いのこ、ブタ)などの大切な家畜を飼(か)う建物◆同じ屋根の下で親子や一族が共に生活する、人が; 出:◆範囲・領域・組織や区切り・境界の内(内側、内部、裏側、こちら側、私的なところ)から外(外側、外部、表側、向こう側、公のところ)に移る、また移す、外から内へ移る,N1,kun,kun+kun~,A3_short_compound(on+on 71%) | B_noun_rad_宀(kun 93%),家:◆屋根(「宀」)があり四周が戸や壁で遮(さえぎ)られている建物、豕(いのこ、ブタ)などの大切な家畜を飼(か)う建物◆同じ屋根の下で親子や一族が共に生活する、人が; 出:◆範囲・領域・組織や区切り・境界の内(内側、内部、裏側、こちら側、私的なところ)から外(外側、外部、表側、向こう側、公のところ)に移る、また移す、外から内へ移る
kk_家来_けらい,家来,けらい,家:◆屋根(「宀」)があり四周が戸や壁で遮(さえぎ)られている建物、豕(いのこ、ブタ)などの大切な家畜を飼(か)う建物◆同じ屋根の下で親子や一族が共に生活する、人が; 来:◆(人や時間や物事が)向こうからこちらに近づく、「到来(トウライ)」、同「倈」「徠」「逨」「𧼛」◆招き寄せる、「こちらに来させる」の意◆ある時点から今まで、今に,N1,on,on+on,A3_short_compound(on+on 71%) | B_noun_rad_宀(kun 93%) | B_noun_rad_木(kun 93%),家:◆屋根(「宀」)があり四周が戸や壁で遮(さえぎ)られている建物、豕(いのこ、ブタ)などの大切な家畜を飼(か)う建物◆同じ屋根の下で親子や一族が共に生活する、人が; 来:◆(人や時間や物事が)向こうからこちらに近づく、「到来(トウライ)」、同「倈」「徠」「逨」「𧼛」◆招き寄せる、「こちらに来させる」の意◆ある時点から今まで、今に
kk_家路_いえじ,家路,いえじ,家:◆屋根(「宀」)があり四周が戸や壁で遮(さえぎ)られている建物、豕(いのこ、ブタ)などの大切な家畜を飼(か)う建物◆同じ屋根の下で親子や一族が共に生活する、人が; 路:◆通り道、都市内・集落内・城内・邸内などの連絡用の道◆道、人などが往来する道、「道路(ドウロ)」、同「道」◆行き方、方法◆天子や諸侯が乗る車、同「輅」◆宋(96,N1,kun,kun+kun~,A3_short_compound(on+on 71%) | B_noun_rad_宀(kun 93%) | B_verb_rad_足(kun 80%),家:◆屋根(「宀」)があり四周が戸や壁で遮(さえぎ)られている建物、豕(いのこ、ブタ)などの大切な家畜を飼(か)う建物◆同じ屋根の下で親子や一族が共に生活する、人が; 路:◆通り道、都市内・集落内・城内・邸内などの連絡用の道◆道、人などが往来する道、「道路(ドウロ)」、同「道」◆行き方、方法◆天子や諸侯が乗る車、同「輅」◆宋(96
kk_容易い_たやすい,容易い,たやすい,容:◆ものを器(うつわ)などの周りが囲まれているものの中に入れる、またそこに入っているもの、中身(なかみ)◆人や意見などを受け入れる、許す、認める◆顔の表情、姿形(; 易:◆換(か)える、替(か)える、代(か)える、交換する◆占いの書、また占いの法、「爻(コウ)」と呼ばれる「陽と「陰」の並びを換えながら組み合わせた「八卦」「六十四,N1,mixed,kun+on~,IL1_okurigana(kun 96%) | A1_compound_oku(kun 90%) | A1_on_kun_mix(on+kun 65%),容:◆ものを器(うつわ)などの周りが囲まれているものの中に入れる、またそこに入っているもの、中身(なかみ)◆人や意見などを受け入れる、許す、認める◆顔の表情、姿形(; 易:◆換(か)える、替(か)える、代(か)える、交換する◆占いの書、また占いの法、「爻(コウ)」と呼ばれる「陽と「陰」の並びを換えながら組み合わせた「八卦」「六十四
kk_容赦_ようしゃ,容赦,ようしゃ,容:◆ものを器(うつわ)などの周りが囲まれているものの中に入れる、またそこに入っているもの、中身(なかみ)◆人や意見などを受け入れる、許す、認める◆顔の表情、姿形(; 赦:◆そのままにしておく、捨て置く、同「舎」◆寛大に処遇する、同「宥」◆過ちを見逃(みのが)す、罪を犯したことは認められるが(情状を酌んで)罪を問わない、また減免す,N1,on,on+on,A3_short_compound(on+on 71%) | B_noun_rad_宀(kun 93%),容:◆ものを器(うつわ)などの周りが囲まれているものの中に入れる、またそこに入っているもの、中身(なかみ)◆人や意見などを受け入れる、許す、認める◆顔の表情、姿形(; 赦:◆そのままにしておく、捨て置く、同「舎」◆寛大に処遇する、同「宥」◆過ちを見逃(みのが)す、罪を犯したことは認められるが(情状を酌んで)罪を問わない、また減免す
kk_寄り掛かる_よりかかる,寄り掛かる,よりかかる,寄:◆他のものを頼りにする、他のものに凭(もた)れ掛かる◆託(たく)する、他人(ひと)に預(あず)ける、委(ゆだ)ねる、「寄託(キタク)」「寄命(キメイ、命を託す、; 掛:◆引っ懸(か)ける、ものの上に置いて両方また片方を垂らす、ぶら下げる、同「挂」◆引っ懸かる、気になって心に(目に)止まる◆簡「挂」◆[日]体や物を斜めにしてその,N1,mixed,kun+on~,IL1_okurigana(kun 96%) | A1_compound_oku(kun 90%) | A1_on_kun_mix(on+kun 65%),寄:◆他のものを頼りにする、他のものに凭(もた)れ掛かる◆託(たく)する、他人(ひと)に預(あず)ける、委(ゆだ)ねる、「寄託(キタク)」「寄命(キメイ、命を託す、; 掛:◆引っ懸(か)ける、ものの上に置いて両方また片方を垂らす、ぶら下げる、同「挂」◆引っ懸かる、気になって心に(目に)止まる◆簡「挂」◆[日]体や物を斜めにしてその
kk_寄り添う_よりそう,寄り添う,よりそう,寄:◆他のものを頼りにする、他のものに凭(もた)れ掛かる◆託(たく)する、他人(ひと)に預(あず)ける、委(ゆだ)ねる、「寄託(キタク)」「寄命(キメイ、命を託す、; 添:◆付け加える、付け足す,N1,kun,kun+kun~,IL1_okurigana(kun 96%) | A1_compound_oku(kun 90%) | A1_on_kun_mix(on+kun 65%),寄:◆他のものを頼りにする、他のものに凭(もた)れ掛かる◆託(たく)する、他人(ひと)に預(あず)ける、委(ゆだ)ねる、「寄託(キタク)」「寄命(キメイ、命を託す、; 添:◆付け加える、付け足す
kk_寄与_きよ,寄与,きよ,寄:◆他のものを頼りにする、他のものに凭(もた)れ掛かる◆託(たく)する、他人(ひと)に預(あず)ける、委(ゆだ)ねる、「寄託(キタク)」「寄命(キメイ、命を託す、; 与:◆上位の者が下位の者に物などをやる、授(さず)ける、同「賜予(シヨ)」◆同じ目的を持った仲間に加わる、また加わって共に行動する、組する、同「與」◆関(かか)わる,N1,on,on+on,A3_short_compound(on+on 71%) | B_noun_rad_宀(kun 93%),寄:◆他のものを頼りにする、他のものに凭(もた)れ掛かる◆託(たく)する、他人(ひと)に預(あず)ける、委(ゆだ)ねる、「寄託(キタク)」「寄命(キメイ、命を託す、; 与:◆上位の者が下位の者に物などをやる、授(さず)ける、同「賜予(シヨ)」◆同じ目的を持った仲間に加わる、また加わって共に行動する、組する、同「與」◆関(かか)わる
kk_寄贈_きぞう,寄贈,きぞう,寄:◆他のものを頼りにする、他のものに凭(もた)れ掛かる◆託(たく)する、他人(ひと)に預(あず)ける、委(ゆだ)ねる、「寄託(キタク)」「寄命(キメイ、命を託す、; 贈:◆相手が貰って嬉しいと思うもの(相手が喜ぶもの)を送る◆死後に爵位や称号を与える,N1,on,on+on,A3_short_compound(on+on 71%) | B_noun_rad_宀(kun 93%),寄:◆他のものを頼りにする、他のものに凭(もた)れ掛かる◆託(たく)する、他人(ひと)に預(あず)ける、委(ゆだ)ねる、「寄託(キタク)」「寄命(キメイ、命を託す、; 贈:◆相手が貰って嬉しいと思うもの(相手が喜ぶもの)を送る◆死後に爵位や称号を与える
kk_密/秘/密か/潜_ひそか,密/秘/密か/潜,ひそか,密:◆ぴったりとくっついて隙間がない◆閉ざされていて或いは奥まっていて外から見えない、また窺い知れない◆広く大きく物音や人の声が届いて来ない、ひっそりとした◆山深く; 秘:◆外から見えない、人目に触れない、またそのようににする◆奥が深く人知では伺い知れない、滅多に目にすることができない; 密:◆ぴったりとくっついて隙間がない◆閉ざされていて或いは奥まっていて外から見えない、また窺い知れない◆広く大きく物音や人の声が届いて来ない、ひっそりとした◆山深く,N1,mixed,kun+on+kun+kun~,IL1_okurigana(kun 96%) | A1_compound_oku(kun 90%) | A1_on_kun_mix(on+kun 65%),密:◆ぴったりとくっついて隙間がない◆閉ざされていて或いは奥まっていて外から見えない、また窺い知れない◆広く大きく物音や人の声が届いて来ない、ひっそりとした◆山深く; 秘:◆外から見えない、人目に触れない、またそのようににする◆奥が深く人知では伺い知れない、滅多に目にすることができない; 密:◆ぴったりとくっついて隙間がない◆閉ざされていて或いは奥まっていて外から見えない、また窺い知れない◆広く大きく物音や人の声が届いて来ない、ひっそりとした◆山深く
kk_密度_みつど,密度,みつど,密:◆ぴったりとくっついて隙間がない◆閉ざされていて或いは奥まっていて外から見えない、また窺い知れない◆広く大きく物音や人の声が届いて来ない、ひっそりとした◆山深く; 度:◆長さを測(はか)る際に基準となる物差し(ものさし)、またその目盛(めもり)、「度量(ドリョウ、長さと容量、人の言動をどの程度容認できるかの大きさ)」「法度(ハ,N1,on,on+on,A3_short_compound(on+on 71%) | B_noun_rad_宀(kun 93%) | B_noun_rad_广(kun 93%),密:◆ぴったりとくっついて隙間がない◆閉ざされていて或いは奥まっていて外から見えない、また窺い知れない◆広く大きく物音や人の声が届いて来ない、ひっそりとした◆山深く; 度:◆長さを測(はか)る際に基準となる物差し(ものさし)、またその目盛(めもり)、「度量(ドリョウ、長さと容量、人の言動をどの程度容認できるかの大きさ)」「法度(ハ
kk_密接_みっせつ,密接,みっせつ,密:◆ぴったりとくっついて隙間がない◆閉ざされていて或いは奥まっていて外から見えない、また窺い知れない◆広く大きく物音や人の声が届いて来ない、ひっそりとした◆山深く; 接:◆二つのものが間近(まぢか)まで近づく、ぴったりと寄る◆交(まじ)える、触れ合わせる◆(人と)触れ合う、親しく交わる◆近くまで寄ってくるもの(寄ってきたもの)を,N1,on,on+on,B_noun_rad_宀(kun 93%) | B_verb_rad_手(kun 80%),密:◆ぴったりとくっついて隙間がない◆閉ざされていて或いは奥まっていて外から見えない、また窺い知れない◆広く大きく物音や人の声が届いて来ない、ひっそりとした◆山深く; 接:◆二つのものが間近(まぢか)まで近づく、ぴったりと寄る◆交(まじ)える、触れ合わせる◆(人と)触れ合う、親しく交わる◆近くまで寄ってくるもの(寄ってきたもの)を
kk_密着_みっちゃく,密着,みっちゃく,密:◆ぴったりとくっついて隙間がない◆閉ざされていて或いは奥まっていて外から見えない、また窺い知れない◆広く大きく物音や人の声が届いて来ない、ひっそりとした◆山深く; 着:◆目的や目標としている物事・場所などに届く、また達する、また到る、同「著」◆他のものに付く、同「著」◆き・る、衣服を身に付ける、同「著」◆火や明かりを点(つ)け,N1,on,on+on,B_noun_rad_宀(kun 93%),密:◆ぴったりとくっついて隙間がない◆閉ざされていて或いは奥まっていて外から見えない、また窺い知れない◆広く大きく物音や人の声が届いて来ない、ひっそりとした◆山深く; 着:◆目的や目標としている物事・場所などに届く、また達する、また到る、同「著」◆他のものに付く、同「著」◆き・る、衣服を身に付ける、同「著」◆火や明かりを点(つ)け
kk_密集_みっしゅう,密集,みっしゅう,密:◆ぴったりとくっついて隙間がない◆閉ざされていて或いは奥まっていて外から見えない、また窺い知れない◆広く大きく物音や人の声が届いて来ない、ひっそりとした◆山深く; 集:◆多くのものが同じところに寄り合う、多くの人が同じところに会(カイ)する◆多くのものが一つになる、また一つにする、また一つになったもの、また一つにしたもの◆多く,N1,on,on+on,B_noun_rad_宀(kun 93%),密:◆ぴったりとくっついて隙間がない◆閉ざされていて或いは奥まっていて外から見えない、また窺い知れない◆広く大きく物音や人の声が届いて来ない、ひっそりとした◆山深く; 集:◆多くのものが同じところに寄り合う、多くの人が同じところに会(カイ)する◆多くのものが一つになる、また一つにする、また一つになったもの、また一つにしたもの◆多く
kk_富_とみ,富,とみ,富:◆(家の中が)いっぱいになる、満ちる、同「畐」◆とみ、(家いっぱいに蓄えられた)財産、裕福◆と・む、物が豊か、物がいっぱいある,N1,kun,kun,IL2_single_default(kun 84%) | B_noun_rad_宀(kun 93%),富:◆(家の中が)いっぱいになる、満ちる、同「畐」◆とみ、(家いっぱいに蓄えられた)財産、裕福◆と・む、物が豊か、物がいっぱいある
kk_富む_とむ,富む,とむ,富:◆(家の中が)いっぱいになる、満ちる、同「畐」◆とみ、(家いっぱいに蓄えられた)財産、裕福◆と・む、物が豊か、物がいっぱいある,N1,kun,kun,IL1_okurigana(kun 96%) | IL2_single_okuri(kun 96%) | B_noun_rad_宀(kun 93%),富:◆(家の中が)いっぱいになる、満ちる、同「畐」◆とみ、(家いっぱいに蓄えられた)財産、裕福◆と・む、物が豊か、物がいっぱいある
kk_富豪_ふごう,富豪,ふごう,富:◆(家の中が)いっぱいになる、満ちる、同「畐」◆とみ、(家いっぱいに蓄えられた)財産、裕福◆と・む、物が豊か、物がいっぱいある; 豪:◆猛々(たけだけ)しく勇ましい、並外れて力がある、またそのような人◆才智や力が傑出している、ずば抜けている、またそのような人、十人に一人の逸材、「【春秋繁露:卷,N1,on,on+on,A3_short_compound(on+on 71%) | B_noun_rad_宀(kun 93%),富:◆(家の中が)いっぱいになる、満ちる、同「畐」◆とみ、(家いっぱいに蓄えられた)財産、裕福◆と・む、物が豊か、物がいっぱいある; 豪:◆猛々(たけだけ)しく勇ましい、並外れて力がある、またそのような人◆才智や力が傑出している、ずば抜けている、またそのような人、十人に一人の逸材、「【春秋繁露:卷
kk_寛容_かんよう,寛容,かんよう,寛:◆広々としたさま、同「𥦀」◆幅(はば)、横幅◆心が広いさま、度量が大きいさま◆ゆったりとしたさま、ゆとりがあるさま◆緩(ゆる)いさま、緩んでいるさま; 容:◆ものを器(うつわ)などの周りが囲まれているものの中に入れる、またそこに入っているもの、中身(なかみ)◆人や意見などを受け入れる、許す、認める◆顔の表情、姿形(,N1,on,on+on,B_noun_rad_宀(kun 93%) | B_noun_rad_宀(kun 93%),寛:◆広々としたさま、同「𥦀」◆幅(はば)、横幅◆心が広いさま、度量が大きいさま◆ゆったりとしたさま、ゆとりがあるさま◆緩(ゆる)いさま、緩んでいるさま; 容:◆ものを器(うつわ)などの周りが囲まれているものの中に入れる、またそこに入っているもの、中身(なかみ)◆人や意見などを受け入れる、許す、認める◆顔の表情、姿形(
kk_寝入る_ねいる,寝入る,ねいる,寝:◆体を横にして休む、「寝台・寝床・寝室などで横になり休む」ことをいう◆体を横にして眠る◆睡眠をとるところ、ゆっくりと寛(くつろ)ぐ部屋や建物、「寢殿(シンデン、; 入:◆範囲・領域・組織や区切り・境界の外(外側、外部、表側、向こう側、公のところ)から内(内側、内部、裏側、こちら側、私的なところ)に移る、また移す、内から外へ移る,N1,kun,kun+kun,IL1_okurigana(kun 96%) | A1_compound_oku(kun 90%) | A1_on_kun_mix(on+kun 65%),寝:◆体を横にして休む、「寝台・寝床・寝室などで横になり休む」ことをいう◆体を横にして眠る◆睡眠をとるところ、ゆっくりと寛(くつろ)ぐ部屋や建物、「寢殿(シンデン、; 入:◆範囲・領域・組織や区切り・境界の外(外側、外部、表側、向こう側、公のところ)から内(内側、内部、裏側、こちら側、私的なところ)に移る、また移す、内から外へ移る
kk_寝相_ねぞう,寝相,ねぞう,寝:◆体を横にして休む、「寝台・寝床・寝室などで横になり休む」ことをいう◆体を横にして眠る◆睡眠をとるところ、ゆっくりと寛(くつろ)ぐ部屋や建物、「寢殿(シンデン、; 相:◆(対象となるものを)よく見る◆互(たが)いに～(しあう)、「互相(ゴソウ、相互ソウゴ)」◆二つのものの間に起こること、また関係し合うこと、片方から他方へ働き掛,N1,other,mixed+mixed~,A3_short_compound(on+on 71%) | B_noun_rad_宀(kun 93%),寝:◆体を横にして休む、「寝台・寝床・寝室などで横になり休む」ことをいう◆体を横にして眠る◆睡眠をとるところ、ゆっくりと寛(くつろ)ぐ部屋や建物、「寢殿(シンデン、; 相:◆(対象となるものを)よく見る◆互(たが)いに～(しあう)、「互相(ゴソウ、相互ソウゴ)」◆二つのものの間に起こること、また関係し合うこと、片方から他方へ働き掛
kk_察する_さっする,察する,さっする,察:◆余すところなくその本質を知るために詳しく見て調べる、詳しく見調べてその本質を余すところなく明らかにする、また余すところなく知る、形勢・状態などを見極める、同「,N1,on,on,IL1_okurigana(kun 96%) | IL2_single_okuri(kun 96%) | B_noun_rad_宀(kun 93%),察:◆余すところなくその本質を知るために詳しく見て調べる、詳しく見調べてその本質を余すところなく明らかにする、また余すところなく知る、形勢・状態などを見極める、同「
kk_察知_さっち,察知,さっち,察:◆余すところなくその本質を知るために詳しく見て調べる、詳しく見調べてその本質を余すところなく明らかにする、また余すところなく知る、形勢・状態などを見極める、同「; 知:◆(矢のように素早く、矢が的の中央に当たるように的確に)認識する、見定める、「察知(サッチ)」「知識(チシキ)」、「智」は「見知ったことを理解しその正邪を正しく,N1,on,on+on,A3_short_compound(on+on 71%) | B_noun_rad_宀(kun 93%),察:◆余すところなくその本質を知るために詳しく見て調べる、詳しく見調べてその本質を余すところなく明らかにする、また余すところなく知る、形勢・状態などを見極める、同「; 知:◆(矢のように素早く、矢が的の中央に当たるように的確に)認識する、見定める、「察知(サッチ)」「知識(チシキ)」、「智」は「見知ったことを理解しその正邪を正しく
kk_審議_しんぎ,審議,しんぎ,審:◆悉(ことごと)く、余すところなく、残すところなく、同「悉」◆悉(ことごと)く調べ尽くす、余すところなく知り尽くす、同「讅」◆細部まで調べ尽くして明らかにする、; 議:◆互いに意見を交わし合う◆物事の是非について意見を交わし合う、またそれよって適切な結論を得る◆文章様式の一種で、物事の理非についての意見を記述したもの,N1,on,on+on,A3_short_compound(on+on 71%) | B_noun_rad_宀(kun 93%) | B_verb_rad_言(kun 80%),審:◆悉(ことごと)く、余すところなく、残すところなく、同「悉」◆悉(ことごと)く調べ尽くす、余すところなく知り尽くす、同「讅」◆細部まで調べ尽くして明らかにする、; 議:◆互いに意見を交わし合う◆物事の是非について意見を交わし合う、またそれよって適切な結論を得る◆文章様式の一種で、物事の理非についての意見を記述したもの
kk_対応_たいおう,対応,たいおう,対:◆向かい合う、向き合う◆二つで一組になるもの◆二つを並べ比較する◆問いに答える、依頼や指示に応(こた)える、相手からの働きかけに応(おう)じた結果を返す; 応:◆相手からの問い掛けや働き掛けに対して自分の意思を態度で示す、言葉で返すのは「答」◆相手の求めを受け入れる◆当然～すべき、当然～であろう,N1,on,on+on,,対:◆向かい合う、向き合う◆二つで一組になるもの◆二つを並べ比較する◆問いに答える、依頼や指示に応(こた)える、相手からの働きかけに応(おう)じた結果を返す; 応:◆相手からの問い掛けや働き掛けに対して自分の意思を態度で示す、言葉で返すのは「答」◆相手の求めを受け入れる◆当然～すべき、当然～であろう
kk_対抗_たいこう,対抗,たいこう,対:◆向かい合う、向き合う◆二つで一組になるもの◆二つを並べ比較する◆問いに答える、依頼や指示に応(こた)える、相手からの働きかけに応(おう)じた結果を返す; 抗:◆まっすぐなさま、まっすぐに立つさま、同「伉」◆正面から対する、相対する、同「伉」◆あらが・う、向かって来るものを正面から防ぎ止める、拒(こば)む◆「拮抗(キッ,N1,on,on+on,B_verb_rad_手(kun 80%),対:◆向かい合う、向き合う◆二つで一組になるもの◆二つを並べ比較する◆問いに答える、依頼や指示に応(こた)える、相手からの働きかけに応(おう)じた結果を返す; 抗:◆まっすぐなさま、まっすぐに立つさま、同「伉」◆正面から対する、相対する、同「伉」◆あらが・う、向かって来るものを正面から防ぎ止める、拒(こば)む◆「拮抗(キッ
kk_対比_たいひ,対比,たいひ,対:◆向かい合う、向き合う◆二つで一組になるもの◆二つを並べ比較する◆問いに答える、依頼や指示に応(こた)える、相手からの働きかけに応(おう)じた結果を返す; 比:◆同様・同等のものが並ぶ、並べる、「比肩(ヒケン)」◆類(たぐい)、性格・性質が共通しているもの、またその集まり◆(同様・同等のものを)並べて大小・長短・優劣・,N1,on,on+on,A3_short_compound(on+on 71%),対:◆向かい合う、向き合う◆二つで一組になるもの◆二つを並べ比較する◆問いに答える、依頼や指示に応(こた)える、相手からの働きかけに応(おう)じた結果を返す; 比:◆同様・同等のものが並ぶ、並べる、「比肩(ヒケン)」◆類(たぐい)、性格・性質が共通しているもの、またその集まり◆(同様・同等のものを)並べて大小・長短・優劣・
kk_対決_たいけつ,対決,たいけつ,対:◆向かい合う、向き合う◆二つで一組になるもの◆二つを並べ比較する◆問いに答える、依頼や指示に応(こた)える、相手からの働きかけに応(おう)じた結果を返す; 決:◆堤(つつみ)などが破(やぶ)れる、また(堤防などが破れて)水が流れ出る◆破る、突き破る◆(妨げとなっている物や事を突き破って、押し退けて)きっぱりと、「決断(,N1,on,on+on,,対:◆向かい合う、向き合う◆二つで一組になるもの◆二つを並べ比較する◆問いに答える、依頼や指示に応(こた)える、相手からの働きかけに応(おう)じた結果を返す; 決:◆堤(つつみ)などが破(やぶ)れる、また(堤防などが破れて)水が流れ出る◆破る、突き破る◆(妨げとなっている物や事を突き破って、押し退けて)きっぱりと、「決断(
kk_対話_たいわ,対話,たいわ,対:◆向かい合う、向き合う◆二つで一組になるもの◆二つを並べ比較する◆問いに答える、依頼や指示に応(こた)える、相手からの働きかけに応(おう)じた結果を返す; 話:◆言葉にして言う、言葉で告げる、語(かた)る、またその言葉、同「𦧵(舙)」◆語られた(語られている)こと、物語(ものがたり),N1,on,on+on,A3_short_compound(on+on 71%) | B_verb_rad_言(kun 80%),対:◆向かい合う、向き合う◆二つで一組になるもの◆二つを並べ比較する◆問いに答える、依頼や指示に応(こた)える、相手からの働きかけに応(おう)じた結果を返す; 話:◆言葉にして言う、言葉で告げる、語(かた)る、またその言葉、同「𦧵(舙)」◆語られた(語られている)こと、物語(ものがたり)
kk_対談_たいだん,対談,たいだん,対:◆向かい合う、向き合う◆二つで一組になるもの◆二つを並べ比較する◆問いに答える、依頼や指示に応(こた)える、相手からの働きかけに応(おう)じた結果を返す; 談:◆物語、物語る、同「譚」◆寛いで話をする、盛んに語り合う,N1,on,on+on,B_verb_rad_言(kun 80%),対:◆向かい合う、向き合う◆二つで一組になるもの◆二つを並べ比較する◆問いに答える、依頼や指示に応(こた)える、相手からの働きかけに応(おう)じた結果を返す; 談:◆物語、物語る、同「譚」◆寛いで話をする、盛んに語り合う
kk_封鎖_ふうさ,封鎖,ふうさ,封:◆君主が諸侯や重臣に領地を与える、また領有することを認める◆諸侯や重臣の領土、またその領主◆土を盛り上げる、土を盛り上げた祭壇、また墓◆塞(ふさ)ぐ、閉(と)じ; 鎖:◆金属製の環(わ)を繋(つな)いで紐(ひも)状にしたもの、チェーンchain◆(鎖で門や扉や戸などを)開かないように閉じる、閉ざす◆閉じ込める、閉じ籠(こも)る,N1,on,on+on,A3_short_compound(on+on 71%) | B_noun_rad_金(kun 93%),封:◆君主が諸侯や重臣に領地を与える、また領有することを認める◆諸侯や重臣の領土、またその領主◆土を盛り上げる、土を盛り上げた祭壇、また墓◆塞(ふさ)ぐ、閉(と)じ; 鎖:◆金属製の環(わ)を繋(つな)いで紐(ひも)状にしたもの、チェーンchain◆(鎖で門や扉や戸などを)開かないように閉じる、閉ざす◆閉じ込める、閉じ籠(こも)る
kk_専ら_もっぱら,専ら,もっぱら,専:◆もっぱ・ら、ただそれだけ、ただひたすら、一途(いちず)◆もっぱ・らにする、一人でする、一人で自分の思い通りにする、同「顓」「擅」,N1,other,unknown,IL1_okurigana(kun 96%) | IL2_single_okuri(kun 96%),専:◆もっぱ・ら、ただそれだけ、ただひたすら、一途(いちず)◆もっぱ・らにする、一人でする、一人で自分の思い通りにする、同「顓」「擅」
kk_専修_せんしゅう,専修,せんしゅう,専:◆もっぱ・ら、ただそれだけ、ただひたすら、一途(いちず)◆もっぱ・らにする、一人でする、一人で自分の思い通りにする、同「顓」「擅」; 修:◆荒々しいところ・ごつごつしたところを取り除いて形を整える、足りないところ・欠けているところを補いてすっきりした形にする◆足りないところ・欠けているところを補い,N1,on,on+on,,専:◆もっぱ・ら、ただそれだけ、ただひたすら、一途(いちず)◆もっぱ・らにする、一人でする、一人で自分の思い通りにする、同「顓」「擅」; 修:◆荒々しいところ・ごつごつしたところを取り除いて形を整える、足りないところ・欠けているところを補いてすっきりした形にする◆足りないところ・欠けているところを補い
kk_尊い/貴い_とうとい,尊い/貴い,とうとい,尊:◆身分・地位が高い、またそのような人、同「貴」◆上にあるさま、高いさま、低いのは「卑」、「【周易正義(周易注疏):卷十一:繫辭上】天尊地卑乾坤定矣」◆重んじる、; 貴:◆品質・価値・値段が高い、低いのは「賤」◆得難(えがた)いものとして大切にする、また重視(ジュウシ)する、同「貴重(キチョウ)」◆身分・地位が高い、またそのよう,N1,kun,kun+kun~,IL1_okurigana(kun 96%) | A1_compound_oku(kun 90%) | A1_on_kun_mix(on+kun 65%),尊:◆身分・地位が高い、またそのような人、同「貴」◆上にあるさま、高いさま、低いのは「卑」、「【周易正義(周易注疏):卷十一:繫辭上】天尊地卑乾坤定矣」◆重んじる、; 貴:◆品質・価値・値段が高い、低いのは「賤」◆得難(えがた)いものとして大切にする、また重視(ジュウシ)する、同「貴重(キチョウ)」◆身分・地位が高い、またそのよう
kk_尊ぶ/貴ぶ_とうとぶ,尊ぶ/貴ぶ,とうとぶ,尊:◆身分・地位が高い、またそのような人、同「貴」◆上にあるさま、高いさま、低いのは「卑」、「【周易正義(周易注疏):卷十一:繫辭上】天尊地卑乾坤定矣」◆重んじる、; 貴:◆品質・価値・値段が高い、低いのは「賤」◆得難(えがた)いものとして大切にする、また重視(ジュウシ)する、同「貴重(キチョウ)」◆身分・地位が高い、またそのよう,N1,kun,kun+kun~,IL1_okurigana(kun 96%) | A1_compound_oku(kun 90%) | A1_on_kun_mix(on+kun 65%),尊:◆身分・地位が高い、またそのような人、同「貴」◆上にあるさま、高いさま、低いのは「卑」、「【周易正義(周易注疏):卷十一:繫辭上】天尊地卑乾坤定矣」◆重んじる、; 貴:◆品質・価値・値段が高い、低いのは「賤」◆得難(えがた)いものとして大切にする、また重視(ジュウシ)する、同「貴重(キチョウ)」◆身分・地位が高い、またそのよう
kk_尊厳_そんげん,尊厳,そんげん,尊:◆身分・地位が高い、またそのような人、同「貴」◆上にあるさま、高いさま、低いのは「卑」、「【周易正義(周易注疏):卷十一:繫辭上】天尊地卑乾坤定矣」◆重んじる、; 厳:◆堂々としたさま、圧倒されるさま、気圧(けお)されるさま◆妥協を許さないさま、人を寄せつけないさま◆ぴったりとして隙がないさま◆激しいさま、甚(はなは)だしいさ,N1,on,on+on,,尊:◆身分・地位が高い、またそのような人、同「貴」◆上にあるさま、高いさま、低いのは「卑」、「【周易正義(周易注疏):卷十一:繫辭上】天尊地卑乾坤定矣」◆重んじる、; 厳:◆堂々としたさま、圧倒されるさま、気圧(けお)されるさま◆妥協を許さないさま、人を寄せつけないさま◆ぴったりとして隙がないさま◆激しいさま、甚(はなは)だしいさ
kk_導く_みちびく,導く,みちびく,導:◆道案内する、手引きする、行く道を誤らないように手助けする、同「道」,N1,kun,kun,IL1_okurigana(kun 96%) | IL2_single_okuri(kun 96%),導:◆道案内する、手引きする、行く道を誤らないように手助けする、同「道」
kk_小切手_こぎって,小切手,こぎって,小:◆形・数・量・力・程度などが比較しようとしているもの以下である、求められる(必要とされる、必要な)形・数・量・力・程度などに及ばない(足りない)、劣(おと)る、; 切:◆刃物などですっと断(た)つ、裁(た)つ、割(さ)く◆ぴったりとしたさま、隙(すき)がないさま、「親切(シンセツ)」◆近くまで迫(せま)る、差し迫る、「切近(セ; 手:◆体や物体の一部で、胴から分かれ出て伸び、持つ・握る・叩く・ものを作る・操作するなどの機能を持つ部分、掌(たなごころ)と指を合わせた全体、腕の先の部分 ◆自(み,N1,other,mixed+mixed+mixed~,A4_multi_on(on+on+on 65%) | B_verb_rad_刀(kun 80%) | B_verb_rad_手(kun 80%),小:◆形・数・量・力・程度などが比較しようとしているもの以下である、求められる(必要とされる、必要な)形・数・量・力・程度などに及ばない(足りない)、劣(おと)る、; 切:◆刃物などですっと断(た)つ、裁(た)つ、割(さ)く◆ぴったりとしたさま、隙(すき)がないさま、「親切(シンセツ)」◆近くまで迫(せま)る、差し迫る、「切近(セ; 手:◆体や物体の一部で、胴から分かれ出て伸び、持つ・握る・叩く・ものを作る・操作するなどの機能を持つ部分、掌(たなごころ)と指を合わせた全体、腕の先の部分 ◆自(み
kk_小売り_こうり,小売り,こうり,小:◆形・数・量・力・程度などが比較しようとしているもの以下である、求められる(必要とされる、必要な)形・数・量・力・程度などに及ばない(足りない)、劣(おと)る、; 売:◆相手が欲しいと思っているものを渡して金銭(対価)を得る、金銭(対価)を渡して欲しいものを得るのは「買」,N1,kun,kun+kun,IL1_okurigana(kun 96%) | A1_compound_oku(kun 90%) | A1_on_kun_mix(on+kun 65%),小:◆形・数・量・力・程度などが比較しようとしているもの以下である、求められる(必要とされる、必要な)形・数・量・力・程度などに及ばない(足りない)、劣(おと)る、; 売:◆相手が欲しいと思っているものを渡して金銭(対価)を得る、金銭(対価)を渡して欲しいものを得るのは「買」
kk_小柄_こがら,小柄,こがら,小:◆形・数・量・力・程度などが比較しようとしているもの以下である、求められる(必要とされる、必要な)形・数・量・力・程度などに及ばない(足りない)、劣(おと)る、; 柄:◆茎や枝から伸びて花や葉を支えている枝状の部分、「花柄(カヘイ)」「葉柄(ヨウヘイ)」という◆器物に取り付けて手で握るための棒 ◆手に握る、握って自由に操る、ま,N1,kun,kun+kun~,A3_short_compound(on+on 71%) | B_noun_rad_木(kun 93%),小:◆形・数・量・力・程度などが比較しようとしているもの以下である、求められる(必要とされる、必要な)形・数・量・力・程度などに及ばない(足りない)、劣(おと)る、; 柄:◆茎や枝から伸びて花や葉を支えている枝状の部分、「花柄(カヘイ)」「葉柄(ヨウヘイ)」という◆器物に取り付けて手で握るための棒 ◆手に握る、握って自由に操る、ま
kk_小銭_こぜに,小銭,こぜに,小:◆形・数・量・力・程度などが比較しようとしているもの以下である、求められる(必要とされる、必要な)形・数・量・力・程度などに及ばない(足りない)、劣(おと)る、; 銭:◆貨幣、特に銅貨(価値の低い貨幣)、貨幣の総称◆重量の単位、1両=10銭、1銭=10分 ◆刃を取り付けたシャベルshovel状の農具、同「銚」、「【說文解字:金,N1,kun,kun+kun~,A3_short_compound(on+on 71%) | B_noun_rad_金(kun 93%),小:◆形・数・量・力・程度などが比較しようとしているもの以下である、求められる(必要とされる、必要な)形・数・量・力・程度などに及ばない(足りない)、劣(おと)る、; 銭:◆貨幣、特に銅貨(価値の低い貨幣)、貨幣の総称◆重量の単位、1両=10銭、1銭=10分 ◆刃を取り付けたシャベルshovel状の農具、同「銚」、「【說文解字:金
kk_尚更_なおさら,尚更,なおさら,尚:◆～と同じように、～でさえも、「他の同じようなものと比べてもあまり変わり(差異)はない」の意◆(～と同じようであるばかりでなく)更に、その上に◆希(こいねが)う; 更:◆それまで(これまで)続けてきたことを改(あらた)めて、それ以降も(これ以降も)続ける、それまでのものを別のものに替える◆さら・に、その上に、一段と◆さら・に、,N1,kun,kun+kun~,,尚:◆～と同じように、～でさえも、「他の同じようなものと比べてもあまり変わり(差異)はない」の意◆(～と同じようであるばかりでなく)更に、その上に◆希(こいねが)う; 更:◆それまで(これまで)続けてきたことを改(あらた)めて、それ以降も(これ以降も)続ける、それまでのものを別のものに替える◆さら・に、その上に、一段と◆さら・に、
kk_就任_しゅうにん,就任,しゅうにん,就:◆つ・く、近くまで行く、近くに付いて従う◆物事に取り掛かるための位置につく、「就任」「就職」「就寝」など◆成る、成し遂げる◆[日]つ・いて、～に関して、即ち; 任:◆役目や仕事を与える、また委(ゆだ)ねる、また託(たく)す、「任命(ニンメイ)」◆(仕事を託し、その)扱いをその人の裁量(サイリョウ)に委ねる、「放任(ホウニン,N1,on,on+on,,就:◆つ・く、近くまで行く、近くに付いて従う◆物事に取り掛かるための位置につく、「就任」「就職」「就寝」など◆成る、成し遂げる◆[日]つ・いて、～に関して、即ち; 任:◆役目や仕事を与える、また委(ゆだ)ねる、また託(たく)す、「任命(ニンメイ)」◆(仕事を託し、その)扱いをその人の裁量(サイリョウ)に委ねる、「放任(ホウニン
kk_尽力_じんりょく,尽力,じんりょく,尽:◆器の中身を空(から)にする、全てを出し切る、同「儘」◆全て終える、最後まで全(まっと)うする◆ことごと・く、全て、余すところなく、あるものを残らず◆繁「盡」◆; 力:◆ものを動かすもの、ものを動かしているもの、ものに働(はたら)くもの、「強力(キョウリョク、強い力)」◆働く、務(つと)める、勤(つと)める、「努力(ドリョク、,N1,on,on+on,B_verb_rad_力(kun 80%),尽:◆器の中身を空(から)にする、全てを出し切る、同「儘」◆全て終える、最後まで全(まっと)うする◆ことごと・く、全て、余すところなく、あるものを残らず◆繁「盡」◆; 力:◆ものを動かすもの、ものを動かしているもの、ものに働(はたら)くもの、「強力(キョウリョク、強い力)」◆働く、務(つと)める、勤(つと)める、「努力(ドリョク、
kk_局限_きょくげん,局限,きょくげん,局:◆周りが囲まれ区切られた部分や場所◆限定された一部分、狭い範囲◆曲げる、曲げて縮こまる、「狭いところに押し込められている」の意◆将棋などの盤、また形勢・情勢、「; 限:◆内と外との区切り、境界、「限界(ゲンカイ)」◆境界や範囲の内側、定めた区切り以内、またその内に収める、「限度(ゲンド)」「限定(ゲンテイ)」◆門の地上部に渡し,N1,on,on+on,,局:◆周りが囲まれ区切られた部分や場所◆限定された一部分、狭い範囲◆曲げる、曲げて縮こまる、「狭いところに押し込められている」の意◆将棋などの盤、また形勢・情勢、「; 限:◆内と外との区切り、境界、「限界(ゲンカイ)」◆境界や範囲の内側、定めた区切り以内、またその内に収める、「限度(ゲンド)」「限定(ゲンテイ)」◆門の地上部に渡し
kk_居座る_いすわる,居座る,いすわる,居:◆座る、腰を据(す)える、腰を落ち着ける、またその場所◆長く腰を落ち着けて住む、住まい◆一定の場所を占める、存在する◆貯(たくわ)える、得たものを置いておく; 座:◆腰を据(す)える席や場所・位置、「座席(ザセキ)」◆ものを載せる台◆定まっている位置や場所、「星座(セイザ)」◆山や建物など(どっしりと据えられているもの)を,N1,kun,kun+kun,IL1_okurigana(kun 96%) | A1_compound_oku(kun 90%) | A1_on_kun_mix(on+kun 65%),居:◆座る、腰を据(す)える、腰を落ち着ける、またその場所◆長く腰を落ち着けて住む、住まい◆一定の場所を占める、存在する◆貯(たくわ)える、得たものを置いておく; 座:◆腰を据(す)える席や場所・位置、「座席(ザセキ)」◆ものを載せる台◆定まっている位置や場所、「星座(セイザ)」◆山や建物など(どっしりと据えられているもの)を
kk_居残る_いのこる,居残る,いのこる,居:◆座る、腰を据(す)える、腰を落ち着ける、またその場所◆長く腰を落ち着けて住む、住まい◆一定の場所を占める、存在する◆貯(たくわ)える、得たものを置いておく; 残:◆傷付ける、害(ガイ)する、壊(こわ)す◆踏(ふ)み付けにする、平気で人に危害を加える◆酷(むご)い◆必要なものを取り除いた余り、必要なものを満たすために不足し,N1,kun,kun+kun,IL1_okurigana(kun 96%) | A1_compound_oku(kun 90%) | A1_on_kun_mix(on+kun 65%),居:◆座る、腰を据(す)える、腰を落ち着ける、またその場所◆長く腰を落ち着けて住む、住まい◆一定の場所を占める、存在する◆貯(たくわ)える、得たものを置いておく; 残:◆傷付ける、害(ガイ)する、壊(こわ)す◆踏(ふ)み付けにする、平気で人に危害を加える◆酷(むご)い◆必要なものを取り除いた余り、必要なものを満たすために不足し
kk_居留守_いるす,居留守,いるす,居:◆座る、腰を据(す)える、腰を落ち着ける、またその場所◆長く腰を落ち着けて住む、住まい◆一定の場所を占める、存在する◆貯(たくわ)える、得たものを置いておく; 留:◆動きを止(と)める、動きを止めて同じ場所や状態に止(とど)まる◆同じ状態が残る、同じ状態で残す; 守:◆古代の官名、同「𡬮」、「太守(タイシュ、郡や府の長官、地方の長官)」◆同じ状態に保(たも)つ、「守備(シュビ、備え守る)」◆(異変がないかを)見張る、番(バン,N1,mixed,kun+on+on~,A4_multi_on(on+on+on 65%) | B_noun_rad_宀(kun 93%),居:◆座る、腰を据(す)える、腰を落ち着ける、またその場所◆長く腰を落ち着けて住む、住まい◆一定の場所を占める、存在する◆貯(たくわ)える、得たものを置いておく; 留:◆動きを止(と)める、動きを止めて同じ場所や状態に止(とど)まる◆同じ状態が残る、同じ状態で残す; 守:◆古代の官名、同「𡬮」、「太守(タイシュ、郡や府の長官、地方の長官)」◆同じ状態に保(たも)つ、「守備(シュビ、備え守る)」◆(異変がないかを)見張る、番(バン
kk_屈する_くっする,屈する,くっする,屈:◆(身体を)曲げる、折り曲げる、「屈伸(クッシン、曲げ或いは伸ばす)」「屈伏(クップク、体を折って伏せる、ひれ伏す)」◆主張や信念などを曲げる、強く迫られて折れ,N1,on,on,IL1_okurigana(kun 96%) | IL2_single_okuri(kun 96%),屈:◆(身体を)曲げる、折り曲げる、「屈伸(クッシン、曲げ或いは伸ばす)」「屈伏(クップク、体を折って伏せる、ひれ伏す)」◆主張や信念などを曲げる、強く迫られて折れ
kk_屈む_かがむ,屈む,かがむ,屈:◆(身体を)曲げる、折り曲げる、「屈伸(クッシン、曲げ或いは伸ばす)」「屈伏(クップク、体を折って伏せる、ひれ伏す)」◆主張や信念などを曲げる、強く迫られて折れ,N1,kun,kun,IL1_okurigana(kun 96%) | IL2_single_okuri(kun 96%),屈:◆(身体を)曲げる、折り曲げる、「屈伸(クッシン、曲げ或いは伸ばす)」「屈伏(クップク、体を折って伏せる、ひれ伏す)」◆主張や信念などを曲げる、強く迫られて折れ
kk_屈める_かがめる,屈める,かがめる,屈:◆(身体を)曲げる、折り曲げる、「屈伸(クッシン、曲げ或いは伸ばす)」「屈伏(クップク、体を折って伏せる、ひれ伏す)」◆主張や信念などを曲げる、強く迫られて折れ,N1,kun,kun,IL1_okurigana(kun 96%) | IL2_single_okuri(kun 96%),屈:◆(身体を)曲げる、折り曲げる、「屈伸(クッシン、曲げ或いは伸ばす)」「屈伏(クップク、体を折って伏せる、ひれ伏す)」◆主張や信念などを曲げる、強く迫られて折れ
kk_屈折_くっせつ,屈折,くっせつ,"屈:◆(身体を)曲げる、折り曲げる、「屈伸(クッシン、曲げ或いは伸ばす)」「屈伏(クップク、体を折って伏せる、ひれ伏す)」◆主張や信念などを曲げる、強く迫られて折れ; 折:◆まっすぐなものや平らなものを途中から""Ｖ""字形に曲げる、また曲げて畳む、同「㪿」、単に""Ｕ""字形のように曲げるのではなく折り目が付くようにしっかりと曲げること",N1,on,on+on,B_verb_rad_手(kun 80%),"屈:◆(身体を)曲げる、折り曲げる、「屈伸(クッシン、曲げ或いは伸ばす)」「屈伏(クップク、体を折って伏せる、ひれ伏す)」◆主張や信念などを曲げる、強く迫られて折れ; 折:◆まっすぐなものや平らなものを途中から""Ｖ""字形に曲げる、また曲げて畳む、同「㪿」、単に""Ｕ""字形のように曲げるのではなく折り目が付くようにしっかりと曲げること"
kk_屈指_くっし,屈指,くっし,屈:◆(身体を)曲げる、折り曲げる、「屈伸(クッシン、曲げ或いは伸ばす)」「屈伏(クップク、体を折って伏せる、ひれ伏す)」◆主張や信念などを曲げる、強く迫られて折れ; 指:◆ゆび、手足の先に伸び出た体の一部 ◆ゆび・さす、さ・す、物事の方向を示す◆意図するところ、考え、意向、同「旨」,N1,on,on+on,A3_short_compound(on+on 71%) | B_verb_rad_手(kun 80%),屈:◆(身体を)曲げる、折り曲げる、「屈伸(クッシン、曲げ或いは伸ばす)」「屈伏(クップク、体を折って伏せる、ひれ伏す)」◆主張や信念などを曲げる、強く迫られて折れ; 指:◆ゆび、手足の先に伸び出た体の一部 ◆ゆび・さす、さ・す、物事の方向を示す◆意図するところ、考え、意向、同「旨」
kk_屋台_やたい,屋台,やたい,屋:◆日差しや雨風を遮(さえぎ)るための覆(おお)い、同「幄」◆建物の上部の日差しや雨風を遮(さえぎ)るための覆い、「屋頂(オクテイ、オクチョウ、屋根)」◆(屋根に; 台:◆我(われ)、自分を指す語、同「吾」「余」「予」◆「三台星(サンタイセイ)、三台(サンタイ)」、紫微垣(シビエン、天の北極を中心とした区画で天帝が住むとされた、,N1,mixed,kun+on~,A3_short_compound(on+on 71%),屋:◆日差しや雨風を遮(さえぎ)るための覆(おお)い、同「幄」◆建物の上部の日差しや雨風を遮(さえぎ)るための覆い、「屋頂(オクテイ、オクチョウ、屋根)」◆(屋根に; 台:◆我(われ)、自分を指す語、同「吾」「余」「予」◆「三台星(サンタイセイ)、三台(サンタイ)」、紫微垣(シビエン、天の北極を中心とした区画で天帝が住むとされた、
kk_屋敷_やしき,屋敷,やしき,屋:◆日差しや雨風を遮(さえぎ)るための覆(おお)い、同「幄」◆建物の上部の日差しや雨風を遮(さえぎ)るための覆い、「屋頂(オクテイ、オクチョウ、屋根)」◆(屋根に; 敷:◆一面に並べる、平らに広げる、延(の)べる◆広く漏れなく行き渡る、また行き渡らせる、同「布」◆細部にまで亘って述べる,N1,kun,kun+kun~,A3_short_compound(on+on 71%),屋:◆日差しや雨風を遮(さえぎ)るための覆(おお)い、同「幄」◆建物の上部の日差しや雨風を遮(さえぎ)るための覆い、「屋頂(オクテイ、オクチョウ、屋根)」◆(屋根に; 敷:◆一面に並べる、平らに広げる、延(の)べる◆広く漏れなく行き渡る、また行き渡らせる、同「布」◆細部にまで亘って述べる
kk_展望_てんぼう,展望,てんぼう,展:◆転(ころ)がす、巻いてあるものを転がして広げる◆巻いたり折ってあるものなどを開き広げる、そのままでは見えないもの(ものの中にあって見えないもの)を広げて見る、; 望:◆待っている人や物事の到着をまだかまだかと待つ、期待する、そうなって欲しいと思う◆(待ち望む方を)見やる、遠くを見やる◆仰ぎ見る、他から仰ぎ見られる◆もち、陰暦,N1,on,on+on,,展:◆転(ころ)がす、巻いてあるものを転がして広げる◆巻いたり折ってあるものなどを開き広げる、そのままでは見えないもの(ものの中にあって見えないもの)を広げて見る、; 望:◆待っている人や物事の到着をまだかまだかと待つ、期待する、そうなって欲しいと思う◆(待ち望む方を)見やる、遠くを見やる◆仰ぎ見る、他から仰ぎ見られる◆もち、陰暦
kk_展示_てんじ,展示,てんじ,展:◆転(ころ)がす、巻いてあるものを転がして広げる◆巻いたり折ってあるものなどを開き広げる、そのままでは見えないもの(ものの中にあって見えないもの)を広げて見る、; 示:◆(天上の神が地上のものに齎す物事の意思・意図を)はっきりと分かるように目の前に出して見せる、また見せて知らしめる、同「視」◆しめす、しめすへん、部首名,N1,on,on+on,A3_short_compound(on+on 71%),展:◆転(ころ)がす、巻いてあるものを転がして広げる◆巻いたり折ってあるものなどを開き広げる、そのままでは見えないもの(ものの中にあって見えないもの)を広げて見る、; 示:◆(天上の神が地上のものに齎す物事の意思・意図を)はっきりと分かるように目の前に出して見せる、また見せて知らしめる、同「視」◆しめす、しめすへん、部首名
kk_山岳_さんがく,山岳,さんがく,"山:◆地面が""△""状に高く盛り上がったところ、またその形や様子◆土を丸く盛り上げた墓◆十二章紋の一つ ◆やま、やまへん、やまかんむり、部首名; 岳:◆高く大きな山、高く大きく崇高(スウコウ)な山、同「岳」◆「五岳(ゴガク)」、中国の代表的な五つの名山、岱山(タイザン、東嶽、現泰山、山東省泰安タイアン市 )、",N1,on,on+on,,"山:◆地面が""△""状に高く盛り上がったところ、またその形や様子◆土を丸く盛り上げた墓◆十二章紋の一つ ◆やま、やまへん、やまかんむり、部首名; 岳:◆高く大きな山、高く大きく崇高(スウコウ)な山、同「岳」◆「五岳(ゴガク)」、中国の代表的な五つの名山、岱山(タイザン、東嶽、現泰山、山東省泰安タイアン市 )、"
kk_山崩れ_やまくずれ,山崩れ,やまくずれ,"山:◆地面が""△""状に高く盛り上がったところ、またその形や様子◆土を丸く盛り上げた墓◆十二章紋の一つ ◆やま、やまへん、やまかんむり、部首名; 崩:◆山が裂け土石が落下する、壊れて倒れる◆破れる、ばらばらになる、決裂する◆天子の死、「【禮記注疏(禮記正義):曲禮下】天子死曰崩諸侯曰薨大夫曰卒士曰不祿庶人曰死",N1,kun,kun+kun,IL1_okurigana(kun 96%) | A1_compound_oku(kun 90%) | A1_on_kun_mix(on+kun 65%),"山:◆地面が""△""状に高く盛り上がったところ、またその形や様子◆土を丸く盛り上げた墓◆十二章紋の一つ ◆やま、やまへん、やまかんむり、部首名; 崩:◆山が裂け土石が落下する、壊れて倒れる◆破れる、ばらばらになる、決裂する◆天子の死、「【禮記注疏(禮記正義):曲禮下】天子死曰崩諸侯曰薨大夫曰卒士曰不祿庶人曰死"
kk_山積み_やまづみ,山積み,やまづみ,"山:◆地面が""△""状に高く盛り上がったところ、またその形や様子◆土を丸く盛り上げた墓◆十二章紋の一つ ◆やま、やまへん、やまかんむり、部首名; 積:◆(刈り取った穀物を)集めて次々に重ねて行く、上へ上へと重ねて行く◆堆(うずたか)く蓄(たくわ)える、貯(た)める◆数学で掛け算の結果◆「疳積(カンシャク)」、",N1,other,mixed+mixed~,IL1_okurigana(kun 96%) | A1_compound_oku(kun 90%) | A1_on_kun_mix(on+kun 65%),"山:◆地面が""△""状に高く盛り上がったところ、またその形や様子◆土を丸く盛り上げた墓◆十二章紋の一つ ◆やま、やまへん、やまかんむり、部首名; 積:◆(刈り取った穀物を)集めて次々に重ねて行く、上へ上へと重ねて行く◆堆(うずたか)く蓄(たくわ)える、貯(た)める◆数学で掛け算の結果◆「疳積(カンシャク)」、"
kk_山脈_さんみゃく,山脈,さんみゃく,"山:◆地面が""△""状に高く盛り上がったところ、またその形や様子◆土を丸く盛り上げた墓◆十二章紋の一つ ◆やま、やまへん、やまかんむり、部首名; 脈:◆動物などの体内の血が通る細く長い管(くだ)、植物などの水や養分が通る細く長い管、「動脈(ドウミャク)」「葉脈(ヨウミャク)」◆血液が血管を流れる際の規則的な動",N1,on,on+on,,"山:◆地面が""△""状に高く盛り上がったところ、またその形や様子◆土を丸く盛り上げた墓◆十二章紋の一つ ◆やま、やまへん、やまかんむり、部首名; 脈:◆動物などの体内の血が通る細く長い管(くだ)、植物などの水や養分が通る細く長い管、「動脈(ドウミャク)」「葉脈(ヨウミャク)」◆血液が血管を流れる際の規則的な動"
kk_岩石_がんせき,岩石,がんせき,岩:◆山のように高く聳(そび)える石、ごつごつした大きな石、同「巖」; 石:◆地殻を構成する鉱物で硬(かた)く塊(かたまり)状をしたもの、堅く塊状をしたもの、多く岩(いわ、山のように大きな石)よりも小さく、砂(すな、小さな粒状の石)より,N1,on,on+on,,岩:◆山のように高く聳(そび)える石、ごつごつした大きな石、同「巖」; 石:◆地殻を構成する鉱物で硬(かた)く塊(かたまり)状をしたもの、堅く塊状をしたもの、多く岩(いわ、山のように大きな石)よりも小さく、砂(すな、小さな粒状の石)より
kk_崇拝_すうはい,崇拝,すうはい,崇:◆山が高く大きいさま◆気高(けだか)いさま、高貴(コウキ)なさま◆あが・める、貴(たっと)ぶ、敬(うやま)い重んずる◆終える、終わる; 拝:◆対面した相手に敬意・弔意や恭順・感謝などの意を示すために、跪(ひざまず)く・頭を下げる・手を合わせるなどの動作をする、同「𣬊」「𢷎」、「【通典:卷四十八:禮八,N1,on,on+on,B_verb_rad_手(kun 80%),崇:◆山が高く大きいさま◆気高(けだか)いさま、高貴(コウキ)なさま◆あが・める、貴(たっと)ぶ、敬(うやま)い重んずる◆終える、終わる; 拝:◆対面した相手に敬意・弔意や恭順・感謝などの意を示すために、跪(ひざまず)く・頭を下げる・手を合わせるなどの動作をする、同「𣬊」「𢷎」、「【通典:卷四十八:禮八
kk_崩壊_ほうかい,崩壊,ほうかい,崩:◆山が裂け土石が落下する、壊れて倒れる◆破れる、ばらばらになる、決裂する◆天子の死、「【禮記注疏(禮記正義):曲禮下】天子死曰崩諸侯曰薨大夫曰卒士曰不祿庶人曰死; 壊:◆毀(こぼ)れる、崩れる、損(そこ)なう、破れる、欠ける、潰(つぶ)れる、元来(ガンライ)の或いは本来の形や状態でなくなる,N1,on,on+on,,崩:◆山が裂け土石が落下する、壊れて倒れる◆破れる、ばらばらになる、決裂する◆天子の死、「【禮記注疏(禮記正義):曲禮下】天子死曰崩諸侯曰薨大夫曰卒士曰不祿庶人曰死; 壊:◆毀(こぼ)れる、崩れる、損(そこ)なう、破れる、欠ける、潰(つぶ)れる、元来(ガンライ)の或いは本来の形や状態でなくなる
kk_嵌る_はまる,嵌る,はまる,嵌:◆は・める、窪(くぼ)みや空(あ)いたところ(空いているところ)に物を入れ込む、入れて動かないようする、「象嵌(ゾウガン、象眼)」、同「篏」◆高い山に囲まれて窪,N1,kun,kun,IL1_okurigana(kun 96%) | IL2_single_okuri(kun 96%),嵌:◆は・める、窪(くぼ)みや空(あ)いたところ(空いているところ)に物を入れ込む、入れて動かないようする、「象嵌(ゾウガン、象眼)」、同「篏」◆高い山に囲まれて窪
kk_嵩む_かさむ,嵩む,かさむ,嵩:◆山が高いさま◆「嵩山(スウザン)」、五嶽(ゴガク、中国の代表的な五つの名山、「嶽」参照)の一つで「中嶽(チュウガク)」と呼ばれる、河南省鄭州市登封市、同「崧山,N1,kun,kun,IL1_okurigana(kun 96%) | IL2_single_okuri(kun 96%),嵩:◆山が高いさま◆「嵩山(スウザン)」、五嶽(ゴガク、中国の代表的な五つの名山、「嶽」参照)の一つで「中嶽(チュウガク)」と呼ばれる、河南省鄭州市登封市、同「崧山
kk_嵩張る_かさばる,嵩張る,かさばる,嵩:◆山が高いさま◆「嵩山(スウザン)」、五嶽(ゴガク、中国の代表的な五つの名山、「嶽」参照)の一つで「中嶽(チュウガク)」と呼ばれる、河南省鄭州市登封市、同「崧山; 張:◆弓や弦楽器の弦(ゲン、つる)を弛(たる)まないように掛ける、二点間に糸や網などを渡す◆弛(ゆる)みがないようにぴんと伸ばす、皺(しわ)にならないようにぴんと延,N1,other,mixed+mixed~,IL1_okurigana(kun 96%) | A1_compound_oku(kun 90%) | A1_on_kun_mix(on+kun 65%),嵩:◆山が高いさま◆「嵩山(スウザン)」、五嶽(ゴガク、中国の代表的な五つの名山、「嶽」参照)の一つで「中嶽(チュウガク)」と呼ばれる、河南省鄭州市登封市、同「崧山; 張:◆弓や弦楽器の弦(ゲン、つる)を弛(たる)まないように掛ける、二点間に糸や網などを渡す◆弛(ゆる)みがないようにぴんと伸ばす、皺(しわ)にならないようにぴんと延
kk_巡らす_めぐらす,巡らす,めぐらす,巡:◆視察しに行く、(視察地を)見て回る◆順に沿って一回りする,N1,kun,kun,IL1_okurigana(kun 96%) | IL2_single_okuri(kun 96%),巡:◆視察しに行く、(視察地を)見て回る◆順に沿って一回りする
kk_工作_こうさく,工作,こうさく,工:◆物をつくる巧(たく)みな技(わざ)、また物づくりが巧みなさま◆できばえが精巧(セイコウ)なさま、同「㣉」◆匠(たくみ)、物をつくる技術・技能に秀(ひい)でた人; 作:◆働(はたらく)く、力や手を加える、為(な)す、「作業(サギョウ)」「作為(サクイ)」◆力や手を加えることによって物事や状態を変化させる、また他に影響を与える、,N1,on,on+on,,工:◆物をつくる巧(たく)みな技(わざ)、また物づくりが巧みなさま◆できばえが精巧(セイコウ)なさま、同「㣉」◆匠(たくみ)、物をつくる技術・技能に秀(ひい)でた人; 作:◆働(はたらく)く、力や手を加える、為(な)す、「作業(サギョウ)」「作為(サクイ)」◆力や手を加えることによって物事や状態を変化させる、また他に影響を与える、
kk_工程_こうてい,工程,こうてい,工:◆物をつくる巧(たく)みな技(わざ)、また物づくりが巧みなさま◆できばえが精巧(セイコウ)なさま、同「㣉」◆匠(たくみ)、物をつくる技術・技能に秀(ひい)でた人; 程:◆ものの大小・長短・軽重・強弱・優劣などをはかる(測る・量る・計る)際の基準・規格◆一定の決まり・手順・方法◆定まっている基準・規格・決まり・区切り・手順・方法,N1,on,on+on,,工:◆物をつくる巧(たく)みな技(わざ)、また物づくりが巧みなさま◆できばえが精巧(セイコウ)なさま、同「㣉」◆匠(たくみ)、物をつくる技術・技能に秀(ひい)でた人; 程:◆ものの大小・長短・軽重・強弱・優劣などをはかる(測る・量る・計る)際の基準・規格◆一定の決まり・手順・方法◆定まっている基準・規格・決まり・区切り・手順・方法
kk_工面_くめん,工面,くめん,工:◆物をつくる巧(たく)みな技(わざ)、また物づくりが巧みなさま◆できばえが精巧(セイコウ)なさま、同「㣉」◆匠(たくみ)、物をつくる技術・技能に秀(ひい)でた人; 面:◆顔(かお)、頭の目鼻口がある側◆顔を対象(タイショウ、目標や相手)に向ける、また向く◆(顔が)向いている側、向き、向いている方向◆ものの表(おもて)、前(まえ,N1,on,on+on,A3_short_compound(on+on 71%),工:◆物をつくる巧(たく)みな技(わざ)、また物づくりが巧みなさま◆できばえが精巧(セイコウ)なさま、同「㣉」◆匠(たくみ)、物をつくる技術・技能に秀(ひい)でた人; 面:◆顔(かお)、頭の目鼻口がある側◆顔を対象(タイショウ、目標や相手)に向ける、また向く◆(顔が)向いている側、向き、向いている方向◆ものの表(おもて)、前(まえ
kk_左程/然程_さほど,左程/然程,さほど,左:◆右と対(ツイ)になる片方 ◆南を向いた時の東の方向、東、東の方向、西は「右」◆(左手のように力が弱い者が右手のように力が強い者の手となり足となって)助ける、同; 程:◆ものの大小・長短・軽重・強弱・優劣などをはかる(測る・量る・計る)際の基準・規格◆一定の決まり・手順・方法◆定まっている基準・規格・決まり・区切り・手順・方法; 然:◆燃やす、火で焼く、「イヌ(犬、狗)の肉(月)を燃やす(灬)」の意、同「燃」◆～のような、～のように◆しか・も、その上に、それでも◆しか・り、その通り、yes◆,N1,other,mixed+mixed+mixed+mixed~,A4_multi_on(on+on+on+on 65%),左:◆右と対(ツイ)になる片方 ◆南を向いた時の東の方向、東、東の方向、西は「右」◆(左手のように力が弱い者が右手のように力が強い者の手となり足となって)助ける、同; 程:◆ものの大小・長短・軽重・強弱・優劣などをはかる(測る・量る・計る)際の基準・規格◆一定の決まり・手順・方法◆定まっている基準・規格・決まり・区切り・手順・方法; 然:◆燃やす、火で焼く、「イヌ(犬、狗)の肉(月)を燃やす(灬)」の意、同「燃」◆～のような、～のように◆しか・も、その上に、それでも◆しか・り、その通り、yes◆
kk_巧み_たくみ,巧み,たくみ,巧:◆技(わざ)、技術が秀(ひい)でているさま、器用なさま◆上手(じょうず)な、上手(うま)い◆技術、技量,N1,kun,kun,IL1_okurigana(kun 96%) | IL2_single_okuri(kun 96%),巧:◆技(わざ)、技術が秀(ひい)でているさま、器用なさま◆上手(じょうず)な、上手(うま)い◆技術、技量
kk_巧妙_こうみょう,巧妙,こうみょう,巧:◆技(わざ)、技術が秀(ひい)でているさま、器用なさま◆上手(じょうず)な、上手(うま)い◆技術、技量; 妙:◆(人の手によるものとは思われないほど)繊細なさま、精巧なさま、技が巧(たく)みなさま◆繊細で美しいさま◆年若く繊細なさま、年若く美しい人◆人の手によるものとは,N1,on,on+on,,巧:◆技(わざ)、技術が秀(ひい)でているさま、器用なさま◆上手(じょうず)な、上手(うま)い◆技術、技量; 妙:◆(人の手によるものとは思われないほど)繊細なさま、精巧なさま、技が巧(たく)みなさま◆繊細で美しいさま◆年若く繊細なさま、年若く美しい人◆人の手によるものとは
kk_巨匠_きょしょう,巨匠,きょしょう,巨:◆非常に大きい、また多い◆偉大な◆直線や直角を正しく描くまた測るための定規、同「矩」; 匠:◆木工の技術を持つ職人、(優すぐれた)手仕事の技術を持つ職人◆技芸の巧(たく)みなさま、技芸に秀(ひい)でているさま、またそのようなもの(作品)、またそのような,N1,on,on+on,A3_short_compound(on+on 71%),巨:◆非常に大きい、また多い◆偉大な◆直線や直角を正しく描くまた測るための定規、同「矩」; 匠:◆木工の技術を持つ職人、(優すぐれた)手仕事の技術を持つ職人◆技芸の巧(たく)みなさま、技芸に秀(ひい)でているさま、またそのようなもの(作品)、またそのような
kk_差し入れ_さしいれ,差し入れ,さしいれ,差:◆違いがある、揃(そろ)わない◆引き算をした時に余りが出る、またその時の余り◆(同じ差ごとに)区分けする、区別する◆やや～(違う、差がある、不足する、など)◆使; 入:◆範囲・領域・組織や区切り・境界の外(外側、外部、表側、向こう側、公のところ)から内(内側、内部、裏側、こちら側、私的なところ)に移る、また移す、内から外へ移る,N1,mixed,on+kun~,IL1_okurigana(kun 96%) | A1_compound_oku(kun 90%) | A1_on_kun_mix(on+kun 65%),差:◆違いがある、揃(そろ)わない◆引き算をした時に余りが出る、またその時の余り◆(同じ差ごとに)区分けする、区別する◆やや～(違う、差がある、不足する、など)◆使; 入:◆範囲・領域・組織や区切り・境界の外(外側、外部、表側、向こう側、公のところ)から内(内側、内部、裏側、こちら側、私的なところ)に移る、また移す、内から外へ移る
kk_差し引き_さしひき,差し引き,さしひき,差:◆違いがある、揃(そろ)わない◆引き算をした時に余りが出る、またその時の余り◆(同じ差ごとに)区分けする、区別する◆やや～(違う、差がある、不足する、など)◆使; 引:◆(弓の弦iに指を掛け、ぐいと)手前に寄せる、「向こうへぐいと押しやる」とは逆の動きをいう◆ぐいと伸ばす、「引領(インレイ、首を伸ばす、首を伸ばして待ち受ける),N1,mixed,on+kun~,IL1_okurigana(kun 96%) | A1_compound_oku(kun 90%) | A1_on_kun_mix(on+kun 65%),差:◆違いがある、揃(そろ)わない◆引き算をした時に余りが出る、またその時の余り◆(同じ差ごとに)区分けする、区別する◆やや～(違う、差がある、不足する、など)◆使; 引:◆(弓の弦iに指を掛け、ぐいと)手前に寄せる、「向こうへぐいと押しやる」とは逆の動きをいう◆ぐいと伸ばす、「引領(インレイ、首を伸ばす、首を伸ばして待ち受ける)
kk_差し掛かる_さしかかる,差し掛かる,さしかかる,差:◆違いがある、揃(そろ)わない◆引き算をした時に余りが出る、またその時の余り◆(同じ差ごとに)区分けする、区別する◆やや～(違う、差がある、不足する、など)◆使; 掛:◆引っ懸(か)ける、ものの上に置いて両方また片方を垂らす、ぶら下げる、同「挂」◆引っ懸かる、気になって心に(目に)止まる◆簡「挂」◆[日]体や物を斜めにしてその,N1,on,on+on~,IL1_okurigana(kun 96%) | A1_compound_oku(kun 90%) | A1_on_kun_mix(on+kun 65%),差:◆違いがある、揃(そろ)わない◆引き算をした時に余りが出る、またその時の余り◆(同じ差ごとに)区分けする、区別する◆やや～(違う、差がある、不足する、など)◆使; 掛:◆引っ懸(か)ける、ものの上に置いて両方また片方を垂らす、ぶら下げる、同「挂」◆引っ懸かる、気になって心に(目に)止まる◆簡「挂」◆[日]体や物を斜めにしてその
kk_差支える_さしつかえる,差支える,さしつかえる,差:◆違いがある、揃(そろ)わない◆引き算をした時に余りが出る、またその時の余り◆(同じ差ごとに)区分けする、区別する◆やや～(違う、差がある、不足する、など)◆使; 支:◆枝(えだ)、幹(みき)となる部分から枝状に分かれ出たもの、同「枝」「肢」「𢺶」◆分かれる、分かれ出る、幹(みき)となる部分から分かれる◆ささ・える、落ちたり倒,N1,on,on+on~,IL1_okurigana(kun 96%) | A1_compound_oku(kun 90%) | A1_on_kun_mix(on+kun 65%),差:◆違いがある、揃(そろ)わない◆引き算をした時に余りが出る、またその時の余り◆(同じ差ごとに)区分けする、区別する◆やや～(違う、差がある、不足する、など)◆使; 支:◆枝(えだ)、幹(みき)となる部分から枝状に分かれ出たもの、同「枝」「肢」「𢺶」◆分かれる、分かれ出る、幹(みき)となる部分から分かれる◆ささ・える、落ちたり倒
kk_差額_さがく,差額,さがく,差:◆違いがある、揃(そろ)わない◆引き算をした時に余りが出る、またその時の余り◆(同じ差ごとに)区分けする、区別する◆やや～(違う、差がある、不足する、など)◆使; 額:◆髪の生え際から眉の上まで部分、顔の目より上の部分◆建物の正面入口や門の上部中央に掲げる平板、額(ひたい、顔の上部)と同じような位置に掲げることから◆予(あらか,N1,on,on+on,A3_short_compound(on+on 71%),差:◆違いがある、揃(そろ)わない◆引き算をした時に余りが出る、またその時の余り◆(同じ差ごとに)区分けする、区別する◆やや～(違う、差がある、不足する、など)◆使; 額:◆髪の生え際から眉の上まで部分、顔の目より上の部分◆建物の正面入口や門の上部中央に掲げる平板、額(ひたい、顔の上部)と同じような位置に掲げることから◆予(あらか
kk_市街_しがい,市街,しがい,市:◆人が多く集まり物品などを売買・交換する、またその場所◆人が多く集まる所◆「町」よりも大きな行政区画¶本字は「亠巾」で「一巾」の「巿」とは別字; 街:◆市中(シチュウ)の大通り、市中を区切るように通した道、四方に通じる道、「街道(カイドウ)」、大通りから外れた小路(こうじ)は「巷」◆その道で区切られた区画、「,N1,on,on+on,A3_short_compound(on+on 71%) | B_noun_rad_巾(kun 93%),市:◆人が多く集まり物品などを売買・交換する、またその場所◆人が多く集まる所◆「町」よりも大きな行政区画¶本字は「亠巾」で「一巾」の「巿」とは別字; 街:◆市中(シチュウ)の大通り、市中を区切るように通した道、四方に通じる道、「街道(カイドウ)」、大通りから外れた小路(こうじ)は「巷」◆その道で区切られた区画、「
kk_市販_しはん,市販,しはん,市:◆人が多く集まり物品などを売買・交換する、またその場所◆人が多く集まる所◆「町」よりも大きな行政区画¶本字は「亠巾」で「一巾」の「巿」とは別字; 販:◆品物を安く買い高く売る、「【說文解字:貝部:販】買賤賣貴者」◆市場に行って品物を売る、商売する、「【周禮:地官司徒】…夕市夕時而市販夫販婦爲主(…販夫販婦朝資,N1,on,on+on,A3_short_compound(on+on 71%) | B_noun_rad_巾(kun 93%),市:◆人が多く集まり物品などを売買・交換する、またその場所◆人が多く集まる所◆「町」よりも大きな行政区画¶本字は「亠巾」で「一巾」の「巿」とは別字; 販:◆品物を安く買い高く売る、「【說文解字:貝部:販】買賤賣貴者」◆市場に行って品物を売る、商売する、「【周禮:地官司徒】…夕市夕時而市販夫販婦爲主(…販夫販婦朝資
kk_布告_ふこく,布告,ふこく,"布:◆経糸(よこいと)と緯糸(たていと)を""十""状に交差させながら織ったもの、一般にはアサ(麻)やワタ(綿)などの植物繊維で織ったものを指し、繭(まゆ)から紡(つむ; 告:◆(下位者が上位者に、また人に)～であると(～であることを)知らせる、伝える、「報告(ホウコク)」、上位者が下位者に対して告げるのは「誥」◆上位者が下位者に知ら",N1,on,on+on,A3_short_compound(on+on 71%) | B_noun_rad_巾(kun 93%),"布:◆経糸(よこいと)と緯糸(たていと)を""十""状に交差させながら織ったもの、一般にはアサ(麻)やワタ(綿)などの植物繊維で織ったものを指し、繭(まゆ)から紡(つむ; 告:◆(下位者が上位者に、また人に)～であると(～であることを)知らせる、伝える、「報告(ホウコク)」、上位者が下位者に対して告げるのは「誥」◆上位者が下位者に知ら"
kk_希薄/稀薄_きはく,希薄/稀薄,きはく,希:◆稀(まれ)な、少ない(薄い)、めったにない(珍しい)、同「稀」◆ねが・う、こいねが・う、望む、願い望む、同「睎」; 薄:◆草木がびっしりと(隙間なく)生えているさま、「【說文解字注:艸部:薄】林薄也(…劉注曰薄不入之叢也按林木相迫不可入曰薄引伸凡相迫皆曰薄)」◆互いの間が近い、間; 稀:◆疎(まば)らな、頻度・濃度・密度が小さい、少ない(薄い)、めったにない(珍しい)、同「希」,N1,on,on+on+on+on~,A4_multi_on(on+on+on+on 65%) | B_noun_rad_巾(kun 93%),希:◆稀(まれ)な、少ない(薄い)、めったにない(珍しい)、同「稀」◆ねが・う、こいねが・う、望む、願い望む、同「睎」; 薄:◆草木がびっしりと(隙間なく)生えているさま、「【說文解字注:艸部:薄】林薄也(…劉注曰薄不入之叢也按林木相迫不可入曰薄引伸凡相迫皆曰薄)」◆互いの間が近い、間; 稀:◆疎(まば)らな、頻度・濃度・密度が小さい、少ない(薄い)、めったにない(珍しい)、同「希」
kk_帯びる_おびる,帯びる,おびる,帯:◆衣服が開(はだ)けないように胸の下に辺りに巻いて結ぶ長く幅広の布、またそれを巻く ◆(帯に挟んだり、帯のように巻いたり結わえたりして)身に着ける、着用する◆(,N1,kun,kun,IL1_okurigana(kun 96%) | IL2_single_okuri(kun 96%) | B_noun_rad_巾(kun 93%),帯:◆衣服が開(はだ)けないように胸の下に辺りに巻いて結ぶ長く幅広の布、またそれを巻く ◆(帯に挟んだり、帯のように巻いたり結わえたりして)身に着ける、着用する◆(
kk_帰京_ききょう,帰京,ききょう,帰:◆女性が他家に嫁(とつ)ぐ、嫁(よめ)に行く、女性を自家に迎えることを「來歸(ライキ、来帰)」◆元の(本来の)状態や位置に戻る、同「皈」「𢅨」「䢜」「𣦨」◆元の; 京:◆高台(たかだい)、小高い丘◆(多く高台に宮城があったことから)首都、王宮や中央政府の所在地、都(みやこ)、同「亰」◆一兆の一万倍 、古くは千万(一万の千倍で「,N1,on,on+on,A3_short_compound(on+on 71%) | B_noun_rad_巾(kun 93%),帰:◆女性が他家に嫁(とつ)ぐ、嫁(よめ)に行く、女性を自家に迎えることを「來歸(ライキ、来帰)」◆元の(本来の)状態や位置に戻る、同「皈」「𢅨」「䢜」「𣦨」◆元の; 京:◆高台(たかだい)、小高い丘◆(多く高台に宮城があったことから)首都、王宮や中央政府の所在地、都(みやこ)、同「亰」◆一兆の一万倍 、古くは千万(一万の千倍で「
kk_帰省_きせい,帰省,きせい,帰:◆女性が他家に嫁(とつ)ぐ、嫁(よめ)に行く、女性を自家に迎えることを「來歸(ライキ、来帰)」◆元の(本来の)状態や位置に戻る、同「皈」「𢅨」「䢜」「𣦨」◆元の; 省:◆目を細めて詳(くわ)しく見る、同「䚇」◆かえり・みる、これまでの自分の思いや行いなどを詳しく振り返ってみる◆はぶ・く、必要な部分だけを残して不要な部分を取り除,N1,on,on+on,A3_short_compound(on+on 71%) | B_noun_rad_巾(kun 93%),帰:◆女性が他家に嫁(とつ)ぐ、嫁(よめ)に行く、女性を自家に迎えることを「來歸(ライキ、来帰)」◆元の(本来の)状態や位置に戻る、同「皈」「𢅨」「䢜」「𣦨」◆元の; 省:◆目を細めて詳(くわ)しく見る、同「䚇」◆かえり・みる、これまでの自分の思いや行いなどを詳しく振り返ってみる◆はぶ・く、必要な部分だけを残して不要な部分を取り除
kk_常務_じょうむ,常務,じょうむ,常:◆何時も、何時もと変わらない◆変わることなく一定の、長い間変わることがない◆普通の、一般的な◆長さの単位、1常=2尋、1尋=8尺、「尋常」は「普通の、一般的な」; 務:◆成すべきこと、ひたすら力を注(そそ)ぐべきこと◆努(つと)める、成すべきことにひたすら力を尽くす、同「敄」◆強(し)いて、押して、無理にでも,N1,on,on+on,A3_short_compound(on+on 71%) | B_noun_rad_巾(kun 93%) | B_verb_rad_力(kun 80%),常:◆何時も、何時もと変わらない◆変わることなく一定の、長い間変わることがない◆普通の、一般的な◆長さの単位、1常=2尋、1尋=8尺、「尋常」は「普通の、一般的な」; 務:◆成すべきこと、ひたすら力を注(そそ)ぐべきこと◆努(つと)める、成すべきことにひたすら力を尽くす、同「敄」◆強(し)いて、押して、無理にでも
kk_常用_じょうよう,常用,じょうよう,常:◆何時も、何時もと変わらない◆変わることなく一定の、長い間変わることがない◆普通の、一般的な◆長さの単位、1常=2尋、1尋=8尺、「尋常」は「普通の、一般的な」; 用:◆人や物、或いはその特性や能力を使う、また使ってあることを行う、また役立たせる◆働かせる、発揮させる、またそのために必要な特性・能力・金銭など◆以(もっ)て◆[,N1,on,on+on,B_noun_rad_巾(kun 93%),常:◆何時も、何時もと変わらない◆変わることなく一定の、長い間変わることがない◆普通の、一般的な◆長さの単位、1常=2尋、1尋=8尺、「尋常」は「普通の、一般的な」; 用:◆人や物、或いはその特性や能力を使う、また使ってあることを行う、また役立たせる◆働かせる、発揮させる、またそのために必要な特性・能力・金銭など◆以(もっ)て◆[
kk_干渉_かんしょう,干渉,かんしょう,干:◆他の領域に入り込む、侵(おか)す、犯(おか)す◆求める、欲しいものを得ようとする◆相手の攻撃を防ぐ、くい止める、盾(たて)となる、盾◆「欄干(ランカン)」、長; 渉:◆川・沼・湖・海などの水のあるところを歩いて渡る◆渡り歩く、経(へ)る、体験・経験する◆関(かか)わる、関係する,N1,on,on+on,,干:◆他の領域に入り込む、侵(おか)す、犯(おか)す◆求める、欲しいものを得ようとする◆相手の攻撃を防ぐ、くい止める、盾(たて)となる、盾◆「欄干(ランカン)」、長; 渉:◆川・沼・湖・海などの水のあるところを歩いて渡る◆渡り歩く、経(へ)る、体験・経験する◆関(かか)わる、関係する
kk_平たい_ひらたい,平たい,ひらたい,平:◆起伏や凹凸がない、高さが揃っている◆普段通り、何時もと変わらずあるべき状態にある◆乱れがなく穏やかなさま◆均一な、等しい、斉(ひと)しい,N1,kun,kun,IL1_okurigana(kun 96%) | IL2_single_okuri(kun 96%),平:◆起伏や凹凸がない、高さが揃っている◆普段通り、何時もと変わらずあるべき状態にある◆乱れがなく穏やかなさま◆均一な、等しい、斉(ひと)しい
kk_平常_へいじょう,平常,へいじょう,平:◆起伏や凹凸がない、高さが揃っている◆普段通り、何時もと変わらずあるべき状態にある◆乱れがなく穏やかなさま◆均一な、等しい、斉(ひと)しい; 常:◆何時も、何時もと変わらない◆変わることなく一定の、長い間変わることがない◆普通の、一般的な◆長さの単位、1常=2尋、1尋=8尺、「尋常」は「普通の、一般的な」,N1,on,on+on,B_noun_rad_巾(kun 93%),平:◆起伏や凹凸がない、高さが揃っている◆普段通り、何時もと変わらずあるべき状態にある◆乱れがなく穏やかなさま◆均一な、等しい、斉(ひと)しい; 常:◆何時も、何時もと変わらない◆変わることなく一定の、長い間変わることがない◆普通の、一般的な◆長さの単位、1常=2尋、1尋=8尺、「尋常」は「普通の、一般的な」
kk_平常心_へいじょうしん,平常心,へいじょうしん,平:◆起伏や凹凸がない、高さが揃っている◆普段通り、何時もと変わらずあるべき状態にある◆乱れがなく穏やかなさま◆均一な、等しい、斉(ひと)しい; 常:◆何時も、何時もと変わらない◆変わることなく一定の、長い間変わることがない◆普通の、一般的な◆長さの単位、1常=2尋、1尋=8尺、「尋常」は「普通の、一般的な」; 心:◆血液を循環させる働きをする臓器で五臓(心シン・肝カン・脾ヒ・肺ハイ・腎ジン)の一つ ◆ものの真(ま)ん中、真ん中(中心)にあるもの、ものの重要な部分、ものの本,N1,on,on+on+on,A4_multi_on(on+on+on 65%) | B_noun_rad_巾(kun 93%),平:◆起伏や凹凸がない、高さが揃っている◆普段通り、何時もと変わらずあるべき状態にある◆乱れがなく穏やかなさま◆均一な、等しい、斉(ひと)しい; 常:◆何時も、何時もと変わらない◆変わることなく一定の、長い間変わることがない◆普通の、一般的な◆長さの単位、1常=2尋、1尋=8尺、「尋常」は「普通の、一般的な」; 心:◆血液を循環させる働きをする臓器で五臓(心シン・肝カン・脾ヒ・肺ハイ・腎ジン)の一つ ◆ものの真(ま)ん中、真ん中(中心)にあるもの、ものの重要な部分、ものの本
kk_平年_へいねん,平年,へいねん,平:◆起伏や凹凸がない、高さが揃っている◆普段通り、何時もと変わらずあるべき状態にある◆乱れがなく穏やかなさま◆均一な、等しい、斉(ひと)しい; 年:◆穀物が稔(みの)る、同「秊」◆農作物を収穫してから次の収穫期までの期間、四季(二十四節気)を一巡する期間、year◆誕生してから生きてその誕生日を通り過ぎた回,N1,on,on+on,,平:◆起伏や凹凸がない、高さが揃っている◆普段通り、何時もと変わらずあるべき状態にある◆乱れがなく穏やかなさま◆均一な、等しい、斉(ひと)しい; 年:◆穀物が稔(みの)る、同「秊」◆農作物を収穫してから次の収穫期までの期間、四季(二十四節気)を一巡する期間、year◆誕生してから生きてその誕生日を通り過ぎた回
kk_平衡_へいこう,平衡,へいこう,平:◆起伏や凹凸がない、高さが揃っている◆普段通り、何時もと変わらずあるべき状態にある◆乱れがなく穏やかなさま◆均一な、等しい、斉(ひと)しい; 衡:◆門や窓の上部に渡した横木◆轅(エン、ながえ)や輈(チュウ)の先端に渡した横木、これに牛馬を繋(つな)いで車を牽(ひ)かせる、同「𨏎」「輅」 ◆棹秤(さおばかり,N1,on,on+on,,平:◆起伏や凹凸がない、高さが揃っている◆普段通り、何時もと変わらずあるべき状態にある◆乱れがなく穏やかなさま◆均一な、等しい、斉(ひと)しい; 衡:◆門や窓の上部に渡した横木◆轅(エン、ながえ)や輈(チュウ)の先端に渡した横木、これに牛馬を繋(つな)いで車を牽(ひ)かせる、同「𨏎」「輅」 ◆棹秤(さおばかり
kk_平静_へいせい,平静,へいせい,平:◆起伏や凹凸がない、高さが揃っている◆普段通り、何時もと変わらずあるべき状態にある◆乱れがなく穏やかなさま◆均一な、等しい、斉(ひと)しい; 静:◆動きや乱れなどが鎮(しず)まる、治(おさ)まる◆何事もなく穏やかなさま◆しんとして音や声がしないさま、じっと動かないさま,N1,on,on+on,,平:◆起伏や凹凸がない、高さが揃っている◆普段通り、何時もと変わらずあるべき状態にある◆乱れがなく穏やかなさま◆均一な、等しい、斉(ひと)しい; 静:◆動きや乱れなどが鎮(しず)まる、治(おさ)まる◆何事もなく穏やかなさま◆しんとして音や声がしないさま、じっと動かないさま
kk_年功序列_ねんこうじょれつ,年功序列,ねんこうじょれつ,年:◆穀物が稔(みの)る、同「秊」◆農作物を収穫してから次の収穫期までの期間、四季(二十四節気)を一巡する期間、year◆誕生してから生きてその誕生日を通り過ぎた回; 功:◆積み重ねて得た成果、価値のある行いやその結果◆優れた働き◆「女功(ジョコウ)」、女性の仕事、針仕事や糸紡(いとつむ)ぎ・機織(はたおり)など、同「女紅」◆麻製; 序:◆次第(シダイ)、順序◆述べる◆はしがき、文書の最初に記す文章、最後に記す文章は「跋」◆端緒、物事の始め◆中庭を囲むように東西南北に家屋を配する中国の伝統的様式,N1,on,on+on+on+on,A4_multi_on(on+on+on+on 65%) | B_verb_rad_力(kun 80%) | B_noun_rad_广(kun 93%),年:◆穀物が稔(みの)る、同「秊」◆農作物を収穫してから次の収穫期までの期間、四季(二十四節気)を一巡する期間、year◆誕生してから生きてその誕生日を通り過ぎた回; 功:◆積み重ねて得た成果、価値のある行いやその結果◆優れた働き◆「女功(ジョコウ)」、女性の仕事、針仕事や糸紡(いとつむ)ぎ・機織(はたおり)など、同「女紅」◆麻製; 序:◆次第(シダイ)、順序◆述べる◆はしがき、文書の最初に記す文章、最後に記す文章は「跋」◆端緒、物事の始め◆中庭を囲むように東西南北に家屋を配する中国の伝統的様式
kk_年賀_ねんが,年賀,ねんが,年:◆穀物が稔(みの)る、同「秊」◆農作物を収穫してから次の収穫期までの期間、四季(二十四節気)を一巡する期間、year◆誕生してから生きてその誕生日を通り過ぎた回; 賀:◆品物を贈り祝福する、また祝福の言葉を述べる、「祝賀(シュクガ)」◆荷物を馬や牛の背に載せる,N1,on,on+on,A3_short_compound(on+on 71%),年:◆穀物が稔(みの)る、同「秊」◆農作物を収穫してから次の収穫期までの期間、四季(二十四節気)を一巡する期間、year◆誕生してから生きてその誕生日を通り過ぎた回; 賀:◆品物を贈り祝福する、また祝福の言葉を述べる、「祝賀(シュクガ)」◆荷物を馬や牛の背に載せる
kk_年長_ねんちょう,年長,ねんちょう,年:◆穀物が稔(みの)る、同「秊」◆農作物を収穫してから次の収穫期までの期間、四季(二十四節気)を一巡する期間、year◆誕生してから生きてその誕生日を通り過ぎた回; 長:◆距離や時間などが途切れることなく連なっている、離れたところまでずぅっと続いている、途切れなく続いているものの二点(両端)が大きく隔(へだ)たっている、またその,N1,on,on+on,,年:◆穀物が稔(みの)る、同「秊」◆農作物を収穫してから次の収穫期までの期間、四季(二十四節気)を一巡する期間、year◆誕生してから生きてその誕生日を通り過ぎた回; 長:◆距離や時間などが途切れることなく連なっている、離れたところまでずぅっと続いている、途切れなく続いているものの二点(両端)が大きく隔(へだ)たっている、またその
kk_年頃_としごろ,年頃,としごろ,年:◆穀物が稔(みの)る、同「秊」◆農作物を収穫してから次の収穫期までの期間、四季(二十四節気)を一巡する期間、year◆誕生してから生きてその誕生日を通り過ぎた回; 頃:◆頭を傾(かたむ)ける、頭を傾(かし)げる、同「傾」◆傾く、斜めになる、片方に(一方に)偏(かたよ)る、同「傾」◆僅(わず)かな時間、「頃刻(ケイコク、僅かな間,N1,other,mixed+mixed~,,年:◆穀物が稔(みの)る、同「秊」◆農作物を収穫してから次の収穫期までの期間、四季(二十四節気)を一巡する期間、year◆誕生してから生きてその誕生日を通り過ぎた回; 頃:◆頭を傾(かたむ)ける、頭を傾(かし)げる、同「傾」◆傾く、斜めになる、片方に(一方に)偏(かたよ)る、同「傾」◆僅(わず)かな時間、「頃刻(ケイコク、僅かな間
kk_幹_みき,幹,みき,幹:◆植物の枝葉を支えている太い部分◆物事の全体を支えている中心的な部分、物事の主要なまた重要な部分、同「干」◆中心となって働く、主要なまた重要な仕事を担う◆簡「干,N1,kun,kun,IL2_single_default(kun 84%),幹:◆植物の枝葉を支えている太い部分◆物事の全体を支えている中心的な部分、物事の主要なまた重要な部分、同「干」◆中心となって働く、主要なまた重要な仕事を担う◆簡「干
kk_幹線_かんせん,幹線,かんせん,幹:◆植物の枝葉を支えている太い部分◆物事の全体を支えている中心的な部分、物事の主要なまた重要な部分、同「干」◆中心となって働く、主要なまた重要な仕事を担う◆簡「干; 線:◆糸や紐(ひも)、糸や紐のように細く長いもの、同「綫」「絤」「𦇫」「綖」◆糸や紐のように途切れずに長く延びているもの、二つの点と点を結ぶもの、またその形状や状態,N1,on,on+on,,幹:◆植物の枝葉を支えている太い部分◆物事の全体を支えている中心的な部分、物事の主要なまた重要な部分、同「干」◆中心となって働く、主要なまた重要な仕事を担う◆簡「干; 線:◆糸や紐(ひも)、糸や紐のように細く長いもの、同「綫」「絤」「𦇫」「綖」◆糸や紐のように途切れずに長く延びているもの、二つの点と点を結ぶもの、またその形状や状態
kk_幹部_かんぶ,幹部,かんぶ,幹:◆植物の枝葉を支えている太い部分◆物事の全体を支えている中心的な部分、物事の主要なまた重要な部分、同「干」◆中心となって働く、主要なまた重要な仕事を担う◆簡「干; 部:◆区分けしたものの一つ、「部分」「内部」◆集団を分類し同じものを一纏(ひとまと)めにしたもの、全体を構成する小さな集合体や組織、「部署」「部隊」◆書物を数える単,N1,on,on+on,A3_short_compound(on+on 71%),幹:◆植物の枝葉を支えている太い部分◆物事の全体を支えている中心的な部分、物事の主要なまた重要な部分、同「干」◆中心となって働く、主要なまた重要な仕事を担う◆簡「干; 部:◆区分けしたものの一つ、「部分」「内部」◆集団を分類し同じものを一纏(ひとまと)めにしたもの、全体を構成する小さな集合体や組織、「部署」「部隊」◆書物を数える単
kk_幻想_げんそう,幻想,げんそう,幻:◆惑(まど)わす、迷わせ誤らせる◆まぼろし、実体がないのに、あるかのように見えるもの; 想:◆～について考える、また考えを巡(めぐ)らす◆～と思う、～ではないかと思う◆～したいと思う,N1,on,on+on,,幻:◆惑(まど)わす、迷わせ誤らせる◆まぼろし、実体がないのに、あるかのように見えるもの; 想:◆～について考える、また考えを巡(めぐ)らす◆～と思う、～ではないかと思う◆～したいと思う
kk_幼馴染_おさななじみ,幼馴染,おさななじみ,幼:◆十分に年を経(へ)ていないさま◆十分な程度に達していないさま、未熟なさま◆(幼い子を大切に育てるように)たっぷりの愛情を込めて慈(いつく)しむ; 馴:◆人の指示に従うように(馬を)訓練する、訓練によって従うようになる◆従順な◆慣れる; 染:◆液体が小さな隙間に滲(し)み込む、布などを液体に浸(ひた)して着色する、色を滲み込ませる◆色や匂いなどが付着する、またそれによってそれまでとは別のものになる、,N1,other,mixed+mixed+mixed~,A4_multi_on(on+on+on 65%) | B_noun_rad_木(kun 93%),幼:◆十分に年を経(へ)ていないさま◆十分な程度に達していないさま、未熟なさま◆(幼い子を大切に育てるように)たっぷりの愛情を込めて慈(いつく)しむ; 馴:◆人の指示に従うように(馬を)訓練する、訓練によって従うようになる◆従順な◆慣れる; 染:◆液体が小さな隙間に滲(し)み込む、布などを液体に浸(ひた)して着色する、色を滲み込ませる◆色や匂いなどが付着する、またそれによってそれまでとは別のものになる、
kk_幾多_いくた,幾多,いくた,幾:◆微(かす)か、僅(わず)か◆殆(ほとん)ど、数や程度などがほぼ等しい(それに近い)、今にも、もう少しで、もう少しのところで、同「𧰙」「危」◆いく・つ、どれ程、; 多:◆数や度量(ドリョウ、ものの多少・軽重・長短・高低・深浅・強弱など)が、あるべき(必要とする)数や度量より大きい、また余りある、またそれを超えている、少ないのは,N1,mixed,kun+on~,A3_short_compound(on+on 71%),幾:◆微(かす)か、僅(わず)か◆殆(ほとん)ど、数や程度などがほぼ等しい(それに近い)、今にも、もう少しで、もう少しのところで、同「𧰙」「危」◆いく・つ、どれ程、; 多:◆数や度量(ドリョウ、ものの多少・軽重・長短・高低・深浅・強弱など)が、あるべき(必要とする)数や度量より大きい、また余りある、またそれを超えている、少ないのは
kk_広報_こうほう,広報,こうほう,広:◆周りに壁がなく天井が高い大きな建物、周りに遮(さえぎ)るものがなく大きく開(ひら)けているところ◆中心から外方向に大きい、四方八方に行き渡る◆左右・東西など横; 報:◆相手から受けた物事に対して相応(ソウオウ)の物事で返す、相手に与えた物事に対して相応の物事が返ってくる、罪科の程度に相応する罰を与える(「罪を犯せば相応の罰が,N1,on,on+on,B_noun_rad_广(kun 93%),広:◆周りに壁がなく天井が高い大きな建物、周りに遮(さえぎ)るものがなく大きく開(ひら)けているところ◆中心から外方向に大きい、四方八方に行き渡る◆左右・東西など横; 報:◆相手から受けた物事に対して相応(ソウオウ)の物事で返す、相手に与えた物事に対して相応の物事が返ってくる、罪科の程度に相応する罰を与える(「罪を犯せば相応の罰が
kk_庇う_かばう,庇う,かばう,庇:◆ひさし、屋根の建物の外壁から外に張り出した部分、窓や扉の上に設けた雨や日差しを遮(さえぎ)るための小さな屋根◆かば・う、覆う、覆い被(かぶ)さる、覆い被さるよ,N1,kun,kun,IL1_okurigana(kun 96%) | IL2_single_okuri(kun 96%) | B_noun_rad_广(kun 93%),庇:◆ひさし、屋根の建物の外壁から外に張り出した部分、窓や扉の上に設けた雨や日差しを遮(さえぎ)るための小さな屋根◆かば・う、覆う、覆い被(かぶ)さる、覆い被さるよ
kk_度忘れ_どわすれ,度忘れ,どわすれ,度:◆長さを測(はか)る際に基準となる物差し(ものさし)、またその目盛(めもり)、「度量(ドリョウ、長さと容量、人の言動をどの程度容認できるかの大きさ)」「法度(ハ; 忘:◆知っていたこと・覚えていたこと・為すべきことを思い出せない、失念する,N1,mixed,on+kun,IL1_okurigana(kun 96%) | A1_compound_oku(kun 90%) | A1_on_kun_mix(on+kun 65%),度:◆長さを測(はか)る際に基準となる物差し(ものさし)、またその目盛(めもり)、「度量(ドリョウ、長さと容量、人の言動をどの程度容認できるかの大きさ)」「法度(ハ; 忘:◆知っていたこと・覚えていたこと・為すべきことを思い出せない、失念する
kk_庶務_しょむ,庶務,しょむ,庶:◆多い、多くの、大勢の、さまざまな◆官位や爵位などがない一般の人◆妾(めかけ)の産んだ子、正妻の産んだ子は「嫡」◆～に近い、ほぼ～◆「庶幾(ショキ、こいねが・う; 務:◆成すべきこと、ひたすら力を注(そそ)ぐべきこと◆努(つと)める、成すべきことにひたすら力を尽くす、同「敄」◆強(し)いて、押して、無理にでも,N1,on,on+on,A3_short_compound(on+on 71%) | B_noun_rad_广(kun 93%) | B_verb_rad_力(kun 80%),庶:◆多い、多くの、大勢の、さまざまな◆官位や爵位などがない一般の人◆妾(めかけ)の産んだ子、正妻の産んだ子は「嫡」◆～に近い、ほぼ～◆「庶幾(ショキ、こいねが・う; 務:◆成すべきこと、ひたすら力を注(そそ)ぐべきこと◆努(つと)める、成すべきことにひたすら力を尽くす、同「敄」◆強(し)いて、押して、無理にでも
kk_庶民_しょみん,庶民,しょみん,庶:◆多い、多くの、大勢の、さまざまな◆官位や爵位などがない一般の人◆妾(めかけ)の産んだ子、正妻の産んだ子は「嫡」◆～に近い、ほぼ～◆「庶幾(ショキ、こいねが・う; 民:◆(支配者層に属する人を除く)一般の人◆人(ひと)、人達(ひとたち),N1,on,on+on,A3_short_compound(on+on 71%) | B_noun_rad_广(kun 93%),庶:◆多い、多くの、大勢の、さまざまな◆官位や爵位などがない一般の人◆妾(めかけ)の産んだ子、正妻の産んだ子は「嫡」◆～に近い、ほぼ～◆「庶幾(ショキ、こいねが・う; 民:◆(支配者層に属する人を除く)一般の人◆人(ひと)、人達(ひとたち)
kk_廃れる_すたれる,廃れる,すたれる,廃:◆建物が傾き倒れる◆すた・る、使えなくなる、使われなくなる、役に立たなくなる◆それまでしていたことを止める、使うことを止める,N1,kun,kun,IL1_okurigana(kun 96%) | IL2_single_okuri(kun 96%) | B_noun_rad_广(kun 93%),廃:◆建物が傾き倒れる◆すた・る、使えなくなる、使われなくなる、役に立たなくなる◆それまでしていたことを止める、使うことを止める
kk_廃棄_はいき,廃棄,はいき,廃:◆建物が傾き倒れる◆すた・る、使えなくなる、使われなくなる、役に立たなくなる◆それまでしていたことを止める、使うことを止める; 棄:◆捨(す)てる、投げ捨てる、放(ほう)り出す◆忘れ去る,N1,on,on+on,A3_short_compound(on+on 71%) | B_noun_rad_广(kun 93%) | B_noun_rad_木(kun 93%),廃:◆建物が傾き倒れる◆すた・る、使えなくなる、使われなくなる、役に立たなくなる◆それまでしていたことを止める、使うことを止める; 棄:◆捨(す)てる、投げ捨てる、放(ほう)り出す◆忘れ去る
kk_延いては_ひいては,延いては,ひいては,延:◆時間や道などが途切れずに遠くまで伸びている、また続いている◆長く(広く)引き伸ばす、また伸びる◆人を招(まね)く¶別「𢌛」,N1,other,unknown,IL1_okurigana(kun 96%) | IL2_single_okuri(kun 96%),延:◆時間や道などが途切れずに遠くまで伸びている、また続いている◆長く(広く)引き伸ばす、また伸びる◆人を招(まね)く¶別「𢌛」
kk_弁償_べんしょう,弁償,べんしょう,弁:◆頭に被(かぶ)る冠(かんむり)や帽子、冕(ベン、高位の人の正装用の冠)なども含む、同「㝸」「𢍍」◆冠を被(かぶ)る、同「𠭛」◆元服(ゲンプク、男子が成人したこ; 償:◆犯した罪・与えた損害・借りなどをそれに見合うもの(金・労役・代りの品物など)で返す、返して貸し借りがない状態に戻す,N1,on,on+on,,弁:◆頭に被(かぶ)る冠(かんむり)や帽子、冕(ベン、高位の人の正装用の冠)なども含む、同「㝸」「𢍍」◆冠を被(かぶ)る、同「𠭛」◆元服(ゲンプク、男子が成人したこ; 償:◆犯した罪・与えた損害・借りなどをそれに見合うもの(金・労役・代りの品物など)で返す、返して貸し借りがない状態に戻す
kk_弁解_べんかい,弁解,べんかい,弁:◆頭に被(かぶ)る冠(かんむり)や帽子、冕(ベン、高位の人の正装用の冠)なども含む、同「㝸」「𢍍」◆冠を被(かぶ)る、同「𠭛」◆元服(ゲンプク、男子が成人したこ; 解:◆一つになっているもの(固まっているもの)をばらばらにする、また柔らかくする、また融(と)かす、また和(やわ)らげる、「解散(カイサン)」「分解(ブンカイ)」◆,N1,on,on+on,,弁:◆頭に被(かぶ)る冠(かんむり)や帽子、冕(ベン、高位の人の正装用の冠)なども含む、同「㝸」「𢍍」◆冠を被(かぶ)る、同「𠭛」◆元服(ゲンプク、男子が成人したこ; 解:◆一つになっているもの(固まっているもの)をばらばらにする、また柔らかくする、また融(と)かす、また和(やわ)らげる、「解散(カイサン)」「分解(ブンカイ)」◆
kk_弁護_べんご,弁護,べんご,弁:◆頭に被(かぶ)る冠(かんむり)や帽子、冕(ベン、高位の人の正装用の冠)なども含む、同「㝸」「𢍍」◆冠を被(かぶ)る、同「𠭛」◆元服(ゲンプク、男子が成人したこ; 護:◆周(まわ)りを囲んで中のものを守る、庇(かば)い守る、外からの災禍(サイカ)や危害(キガイ)などを防ぎ守る、「保護(ホゴ)」,N1,on,on+on,A3_short_compound(on+on 71%) | B_verb_rad_言(kun 80%),弁:◆頭に被(かぶ)る冠(かんむり)や帽子、冕(ベン、高位の人の正装用の冠)なども含む、同「㝸」「𢍍」◆冠を被(かぶ)る、同「𠭛」◆元服(ゲンプク、男子が成人したこ; 護:◆周(まわ)りを囲んで中のものを守る、庇(かば)い守る、外からの災禍(サイカ)や危害(キガイ)などを防ぎ守る、「保護(ホゴ)」
kk_弄る_いじる,弄る,いじる,弄:◆(美しい石を)手に取り飽くことなく触れたり眺めたりする、また愛(め)でる◆楽器を奏(かな)でる、「音楽を愛でる」の意◆(相手が嫌がるのも構わずに)むやみに手を,N1,kun,kun,IL1_okurigana(kun 96%) | IL2_single_okuri(kun 96%),弄:◆(美しい石を)手に取り飽くことなく触れたり眺めたりする、また愛(め)でる◆楽器を奏(かな)でる、「音楽を愛でる」の意◆(相手が嫌がるのも構わずに)むやみに手を
kk_弊害_へいがい,弊害,へいがい,弊:◆疲れて体力や気力がなくなる、疲れてぐったりする、同「敝」◆ぴんと張り詰めていたものが弛(たる)む、弛んで解(ほつ)れぼろぼろになる◆破れたり擦(す)り切れたり; 害:◆状態を悪くする、損(そこ)なう、傷付ける、妨(さまた)げる、良好な状態とは逆の状態になる◆なぜ、どうして、どうして～しないのか、同「盍」,N1,on,on+on,B_noun_rad_宀(kun 93%),弊:◆疲れて体力や気力がなくなる、疲れてぐったりする、同「敝」◆ぴんと張り詰めていたものが弛(たる)む、弛んで解(ほつ)れぼろぼろになる◆破れたり擦(す)り切れたり; 害:◆状態を悪くする、損(そこ)なう、傷付ける、妨(さまた)げる、良好な状態とは逆の状態になる◆なぜ、どうして、どうして～しないのか、同「盍」
kk_式場_しきじょう,式場,しきじょう,式:◆決まり、やり方、一定の方法や手順◆型(かた)、基本や標準になる形◆目的や作法(サホウ)・次第(シダイ)が決まっている行事◆数学などの解法を示したもの◆用(もち; 場:◆(日当たりのよい、収穫した穀物の乾燥・脱穀などをする、また多くの人やものが集まる)広く平らなところ、「広場」、同「塲」◆一段と高くし上を平らに作ったところ、台,N1,on,on+on,,式:◆決まり、やり方、一定の方法や手順◆型(かた)、基本や標準になる形◆目的や作法(サホウ)・次第(シダイ)が決まっている行事◆数学などの解法を示したもの◆用(もち; 場:◆(日当たりのよい、収穫した穀物の乾燥・脱穀などをする、また多くの人やものが集まる)広く平らなところ、「広場」、同「塲」◆一段と高くし上を平らに作ったところ、台
kk_引き取る_ひきとる,引き取る,ひきとる,引:◆(弓の弦iに指を掛け、ぐいと)手前に寄せる、「向こうへぐいと押しやる」とは逆の動きをいう◆ぐいと伸ばす、「引領(インレイ、首を伸ばす、首を伸ばして待ち受ける); 取:◆捕(つか)まえる、捕(と)らえる、縄(なわ)を掛ける◆手に入れる、手の中に収(おさ)める、手で受ける◆(多くの中から一部を、或いは一つを)選ぶ、選択する◆娶(,N1,kun,kun+kun~,IL1_okurigana(kun 96%) | A1_compound_oku(kun 90%) | A1_on_kun_mix(on+kun 65%),引:◆(弓の弦iに指を掛け、ぐいと)手前に寄せる、「向こうへぐいと押しやる」とは逆の動きをいう◆ぐいと伸ばす、「引領(インレイ、首を伸ばす、首を伸ばして待ち受ける); 取:◆捕(つか)まえる、捕(と)らえる、縄(なわ)を掛ける◆手に入れる、手の中に収(おさ)める、手で受ける◆(多くの中から一部を、或いは一つを)選ぶ、選択する◆娶(
kk_引き摺る_ひきずる,引き摺る,ひきずる,引:◆(弓の弦iに指を掛け、ぐいと)手前に寄せる、「向こうへぐいと押しやる」とは逆の動きをいう◆ぐいと伸ばす、「引領(インレイ、首を伸ばす、首を伸ばして待ち受ける); 摺:◆折る、折り曲げる、折り畳む◆[日]す・る、刷る、擦(こす)る、同「搨」,N1,other,mixed+mixed~,IL1_okurigana(kun 96%) | A1_compound_oku(kun 90%) | A1_on_kun_mix(on+kun 65%),引:◆(弓の弦iに指を掛け、ぐいと)手前に寄せる、「向こうへぐいと押しやる」とは逆の動きをいう◆ぐいと伸ばす、「引領(インレイ、首を伸ばす、首を伸ばして待ち受ける); 摺:◆折る、折り曲げる、折り畳む◆[日]す・る、刷る、擦(こす)る、同「搨」
kk_引き継ぐ_ひきつぐ,引き継ぐ,ひきつぐ,引:◆(弓の弦iに指を掛け、ぐいと)手前に寄せる、「向こうへぐいと押しやる」とは逆の動きをいう◆ぐいと伸ばす、「引領(インレイ、首を伸ばす、首を伸ばして待ち受ける); 継:◆切れている糸を繋(つな)ぐ、途切れないように前にあるものの後に続ける(続く)、同「㡭」◆前の物事を受けて続ける◆[日]まま、法的には親子関係であるが親と子の間,N1,kun,kun+kun~,IL1_okurigana(kun 96%) | A1_compound_oku(kun 90%) | A1_on_kun_mix(on+kun 65%),引:◆(弓の弦iに指を掛け、ぐいと)手前に寄せる、「向こうへぐいと押しやる」とは逆の動きをいう◆ぐいと伸ばす、「引領(インレイ、首を伸ばす、首を伸ばして待ち受ける); 継:◆切れている糸を繋(つな)ぐ、途切れないように前にあるものの後に続ける(続く)、同「㡭」◆前の物事を受けて続ける◆[日]まま、法的には親子関係であるが親と子の間
kk_引け目_ひけめ,引け目,ひけめ,引:◆(弓の弦iに指を掛け、ぐいと)手前に寄せる、「向こうへぐいと押しやる」とは逆の動きをいう◆ぐいと伸ばす、「引領(インレイ、首を伸ばす、首を伸ばして待ち受ける); 目:◆眼(め、眼球ガンキュウ、黒目くろめ)・白目(しろめ、結膜ケツマク)・視神経などを含むものを見る器官全体、またその形状や様子や機能◆ものを見る、また見分ける◆眼,N1,kun,kun+kun~,IL1_okurigana(kun 96%) | A1_compound_oku(kun 90%) | A1_on_kun_mix(on+kun 65%),引:◆(弓の弦iに指を掛け、ぐいと)手前に寄せる、「向こうへぐいと押しやる」とは逆の動きをいう◆ぐいと伸ばす、「引領(インレイ、首を伸ばす、首を伸ばして待ち受ける); 目:◆眼(め、眼球ガンキュウ、黒目くろめ)・白目(しろめ、結膜ケツマク)・視神経などを含むものを見る器官全体、またその形状や様子や機能◆ものを見る、また見分ける◆眼
kk_引っ切り無しに_ひっきりなしに,引っ切り無しに,ひっきりなしに,引:◆(弓の弦iに指を掛け、ぐいと)手前に寄せる、「向こうへぐいと押しやる」とは逆の動きをいう◆ぐいと伸ばす、「引領(インレイ、首を伸ばす、首を伸ばして待ち受ける); 切:◆刃物などですっと断(た)つ、裁(た)つ、割(さ)く◆ぴったりとしたさま、隙(すき)がないさま、「親切(シンセツ)」◆近くまで迫(せま)る、差し迫る、「切近(セ; 無:◆ない、存在しない、有(ゆう)していない◆～ではない、～であってはならない◆簡「无」,N1,kun,kun+kun+kun~,IL1_okurigana(kun 96%) | A1_compound_oku(kun 90%) | A1_on_kun_mix(on+kun 65%),引:◆(弓の弦iに指を掛け、ぐいと)手前に寄せる、「向こうへぐいと押しやる」とは逆の動きをいう◆ぐいと伸ばす、「引領(インレイ、首を伸ばす、首を伸ばして待ち受ける); 切:◆刃物などですっと断(た)つ、裁(た)つ、割(さ)く◆ぴったりとしたさま、隙(すき)がないさま、「親切(シンセツ)」◆近くまで迫(せま)る、差し迫る、「切近(セ; 無:◆ない、存在しない、有(ゆう)していない◆～ではない、～であってはならない◆簡「无」
kk_引っ掻く_ひっかく,引っ掻く,ひっかく,引:◆(弓の弦iに指を掛け、ぐいと)手前に寄せる、「向こうへぐいと押しやる」とは逆の動きをいう◆ぐいと伸ばす、「引領(インレイ、首を伸ばす、首を伸ばして待ち受ける); 掻:◆爪を立て引っ掛けるようにして引く、また爪立ててものを寄せ集める◆騒ぐ、同「騒」◆[日]手を忙(せわ)しく動かすさま,N1,kun,kun+kun~,IL1_okurigana(kun 96%) | A1_compound_oku(kun 90%) | A1_on_kun_mix(on+kun 65%),引:◆(弓の弦iに指を掛け、ぐいと)手前に寄せる、「向こうへぐいと押しやる」とは逆の動きをいう◆ぐいと伸ばす、「引領(インレイ、首を伸ばす、首を伸ばして待ち受ける); 掻:◆爪を立て引っ掛けるようにして引く、また爪立ててものを寄せ集める◆騒ぐ、同「騒」◆[日]手を忙(せわ)しく動かすさま
kk_弛み_たるみ,弛み,たるみ,弛:◆ぴんと張っていた弦を緩(ゆる)める、張り詰めていた力や気を抜く,N1,kun,kun,IL1_okurigana(kun 96%) | IL2_single_okuri(kun 96%),弛:◆ぴんと張っていた弦を緩(ゆる)める、張り詰めていた力や気を抜く
kk_弛みなく_たゆみなく,弛みなく,たゆみなく,弛:◆ぴんと張っていた弦を緩(ゆる)める、張り詰めていた力や気を抜く,N1,other,unknown,IL1_okurigana(kun 96%) | IL2_single_okuri(kun 96%),弛:◆ぴんと張っていた弦を緩(ゆる)める、張り詰めていた力や気を抜く
kk_弛む_たゆむ,弛む,たゆむ,弛:◆ぴんと張っていた弦を緩(ゆる)める、張り詰めていた力や気を抜く,N1,other,unknown,IL1_okurigana(kun 96%) | IL2_single_okuri(kun 96%),弛:◆ぴんと張っていた弦を緩(ゆる)める、張り詰めていた力や気を抜く
kk_弛む_たるむ,弛む,たるむ,弛:◆ぴんと張っていた弦を緩(ゆる)める、張り詰めていた力や気を抜く,N1,kun,kun,IL1_okurigana(kun 96%) | IL2_single_okuri(kun 96%),弛:◆ぴんと張っていた弦を緩(ゆる)める、張り詰めていた力や気を抜く
kk_弱まる_よわまる,弱まる,よわまる,弱:◆(何かをするために必要な)力が十分でない、力が足りない、力が劣(おと)っている、力強さがない◆やや足りない、やや及ばない◆衰(おとろ)える、力強さがなくなる◆,N1,kun,kun,IL1_okurigana(kun 96%) | IL2_single_okuri(kun 96%),弱:◆(何かをするために必要な)力が十分でない、力が足りない、力が劣(おと)っている、力強さがない◆やや足りない、やや及ばない◆衰(おとろ)える、力強さがなくなる◆
kk_弱る_よわる,弱る,よわる,弱:◆(何かをするために必要な)力が十分でない、力が足りない、力が劣(おと)っている、力強さがない◆やや足りない、やや及ばない◆衰(おとろ)える、力強さがなくなる◆,N1,kun,kun,IL1_okurigana(kun 96%) | IL2_single_okuri(kun 96%),弱:◆(何かをするために必要な)力が十分でない、力が足りない、力が劣(おと)っている、力強さがない◆やや足りない、やや及ばない◆衰(おとろ)える、力強さがなくなる◆
kk_弱気_よわき,弱気,よわき,弱:◆(何かをするために必要な)力が十分でない、力が足りない、力が劣(おと)っている、力強さがない◆やや足りない、やや及ばない◆衰(おとろ)える、力強さがなくなる◆; 気:◆中国古来の考えで、天地全ての事物の基本要素、目に見えず形状は一定しない、あらゆる事物の生死・盛衰などの変化・変動はこの「気」の移動・集散によるものと考えられた,N1,mixed,kun+on~,A3_short_compound(on+on 71%),弱:◆(何かをするために必要な)力が十分でない、力が足りない、力が劣(おと)っている、力強さがない◆やや足りない、やや及ばない◆衰(おとろ)える、力強さがなくなる◆; 気:◆中国古来の考えで、天地全ての事物の基本要素、目に見えず形状は一定しない、あらゆる事物の生死・盛衰などの変化・変動はこの「気」の移動・集散によるものと考えられた
kk_弱音_よわね,弱音,よわね,弱:◆(何かをするために必要な)力が十分でない、力が足りない、力が劣(おと)っている、力強さがない◆やや足りない、やや及ばない◆衰(おとろ)える、力強さがなくなる◆; 音:◆聴覚で認識できるものの総称、特に楽器のもの、高低強弱などの抑揚がある音が連続し全体として意味を持つものを「声」◆耳に届いて来るもの、便り◆[日]漢字の中国伝来,N1,kun,kun+kun~,A3_short_compound(on+on 71%),弱:◆(何かをするために必要な)力が十分でない、力が足りない、力が劣(おと)っている、力強さがない◆やや足りない、やや及ばない◆衰(おとろ)える、力強さがなくなる◆; 音:◆聴覚で認識できるものの総称、特に楽器のもの、高低強弱などの抑揚がある音が連続し全体として意味を持つものを「声」◆耳に届いて来るもの、便り◆[日]漢字の中国伝来
kk_張り合い_はりあい,張り合い,はりあい,張:◆弓や弦楽器の弦(ゲン、つる)を弛(たる)まないように掛ける、二点間に糸や網などを渡す◆弛(ゆる)みがないようにぴんと伸ばす、皺(しわ)にならないようにぴんと延; 合:◆人や物が集まって一緒になる、また一つになる◆幾つかのものを集め一緒にする、幾つかのものが集まり同じになる◆同じものを纏(まと)めた全体◆ぴったりと一致する、当,N1,kun,kun+kun~,IL1_okurigana(kun 96%) | A1_compound_oku(kun 90%) | A1_on_kun_mix(on+kun 65%),張:◆弓や弦楽器の弦(ゲン、つる)を弛(たる)まないように掛ける、二点間に糸や網などを渡す◆弛(ゆる)みがないようにぴんと伸ばす、皺(しわ)にならないようにぴんと延; 合:◆人や物が集まって一緒になる、また一つになる◆幾つかのものを集め一緒にする、幾つかのものが集まり同じになる◆同じものを纏(まと)めた全体◆ぴったりと一致する、当
kk_張り合う_はりあう,張り合う,はりあう,張:◆弓や弦楽器の弦(ゲン、つる)を弛(たる)まないように掛ける、二点間に糸や網などを渡す◆弛(ゆる)みがないようにぴんと伸ばす、皺(しわ)にならないようにぴんと延; 合:◆人や物が集まって一緒になる、また一つになる◆幾つかのものを集め一緒にする、幾つかのものが集まり同じになる◆同じものを纏(まと)めた全体◆ぴったりと一致する、当,N1,kun,kun+kun~,IL1_okurigana(kun 96%) | A1_compound_oku(kun 90%) | A1_on_kun_mix(on+kun 65%),張:◆弓や弦楽器の弦(ゲン、つる)を弛(たる)まないように掛ける、二点間に糸や網などを渡す◆弛(ゆる)みがないようにぴんと伸ばす、皺(しわ)にならないようにぴんと延; 合:◆人や物が集まって一緒になる、また一つになる◆幾つかのものを集め一緒にする、幾つかのものが集まり同じになる◆同じものを纏(まと)めた全体◆ぴったりと一致する、当
kk_張り紙/貼り紙_はりがみ,張り紙/貼り紙,はりがみ,張:◆弓や弦楽器の弦(ゲン、つる)を弛(たる)まないように掛ける、二点間に糸や網などを渡す◆弛(ゆる)みがないようにぴんと伸ばす、皺(しわ)にならないようにぴんと延; 紙:◆植物などの繊維を抄(す)き薄く平らにしたもの、paper; 貼:◆接近する、ぴったりとくっつく、くっつける◆ぺったりと(点状や線状ではなく面状に)張り付く、また付着する、また張り付ける,N1,other,mixed+mixed+mixed+mixed~,IL1_okurigana(kun 96%) | A1_compound_oku(kun 90%) | A1_on_kun_mix(on+kun 65%),張:◆弓や弦楽器の弦(ゲン、つる)を弛(たる)まないように掛ける、二点間に糸や網などを渡す◆弛(ゆる)みがないようにぴんと伸ばす、皺(しわ)にならないようにぴんと延; 紙:◆植物などの繊維を抄(す)き薄く平らにしたもの、paper; 貼:◆接近する、ぴったりとくっつく、くっつける◆ぺったりと(点状や線状ではなく面状に)張り付く、また付着する、また張り付ける
kk_強いて_しいて,強いて,しいて,強:◆堅(かた)く曲がったり歪(ゆが)んだり弛(ゆる)んだりすることがないさま、どんな力にも揺(ゆら)らがないさま◆力や勢いがあるさま、体力・気力が漲(みなぎ)って,N1,kun,kun,IL1_okurigana(kun 96%) | IL2_single_okuri(kun 96%),強:◆堅(かた)く曲がったり歪(ゆが)んだり弛(ゆる)んだりすることがないさま、どんな力にも揺(ゆら)らがないさま◆力や勢いがあるさま、体力・気力が漲(みなぎ)って
kk_強いる_しいる,強いる,しいる,強:◆堅(かた)く曲がったり歪(ゆが)んだり弛(ゆる)んだりすることがないさま、どんな力にも揺(ゆら)らがないさま◆力や勢いがあるさま、体力・気力が漲(みなぎ)って,N1,kun,kun,IL1_okurigana(kun 96%) | IL2_single_okuri(kun 96%),強:◆堅(かた)く曲がったり歪(ゆが)んだり弛(ゆる)んだりすることがないさま、どんな力にも揺(ゆら)らがないさま◆力や勢いがあるさま、体力・気力が漲(みなぎ)って
kk_強ち_あながち,強ち,あながち,強:◆堅(かた)く曲がったり歪(ゆが)んだり弛(ゆる)んだりすることがないさま、どんな力にも揺(ゆら)らがないさま◆力や勢いがあるさま、体力・気力が漲(みなぎ)って,N1,kun,kun,IL1_okurigana(kun 96%) | IL2_single_okuri(kun 96%),強:◆堅(かた)く曲がったり歪(ゆが)んだり弛(ゆる)んだりすることがないさま、どんな力にも揺(ゆら)らがないさま◆力や勢いがあるさま、体力・気力が漲(みなぎ)って
kk_強制_きょうせい,強制,きょうせい,強:◆堅(かた)く曲がったり歪(ゆが)んだり弛(ゆる)んだりすることがないさま、どんな力にも揺(ゆら)らがないさま◆力や勢いがあるさま、体力・気力が漲(みなぎ)って; 制:◆断(た)つ、切る◆断って目的とする形にする、また形を整(ととの)える、同繁「製」、同「剬」◆決まり、規則、法(ホウ)◆枠(わく)をはみ出さないように押さえる、,N1,on,on+on,B_verb_rad_刀(kun 80%),強:◆堅(かた)く曲がったり歪(ゆが)んだり弛(ゆる)んだりすることがないさま、どんな力にも揺(ゆら)らがないさま◆力や勢いがあるさま、体力・気力が漲(みなぎ)って; 制:◆断(た)つ、切る◆断って目的とする形にする、また形を整(ととの)える、同繁「製」、同「剬」◆決まり、規則、法(ホウ)◆枠(わく)をはみ出さないように押さえる、
kk_強敵_きょうてき,強敵,きょうてき,強:◆堅(かた)く曲がったり歪(ゆが)んだり弛(ゆる)んだりすることがないさま、どんな力にも揺(ゆら)らがないさま◆力や勢いがあるさま、体力・気力が漲(みなぎ)って; 敵:◆正面から向き合う(向き合える)相手、釣り合いの取れた相手◆「匹敵(ヒッテキ)」、釣り合うこと、対等であること、またその相手◆正面から向き合う、また立ち向かう、,N1,on,on+on,,強:◆堅(かた)く曲がったり歪(ゆが)んだり弛(ゆる)んだりすることがないさま、どんな力にも揺(ゆら)らがないさま◆力や勢いがあるさま、体力・気力が漲(みなぎ)って; 敵:◆正面から向き合う(向き合える)相手、釣り合いの取れた相手◆「匹敵(ヒッテキ)」、釣り合うこと、対等であること、またその相手◆正面から向き合う、また立ち向かう、
kk_強烈_きょうれつ,強烈,きょうれつ,強:◆堅(かた)く曲がったり歪(ゆが)んだり弛(ゆる)んだりすることがないさま、どんな力にも揺(ゆら)らがないさま◆力や勢いがあるさま、体力・気力が漲(みなぎ)って; 烈:◆火が激しく燃え盛るさま、火の勢いが激しいさま◆激しいさま、甚(はなは)だしいさま◆気性(キショウ)がまっすくで信念を曲げないさま◆目を見張るような(目覚ましい,N1,on,on+on,,強:◆堅(かた)く曲がったり歪(ゆが)んだり弛(ゆる)んだりすることがないさま、どんな力にも揺(ゆら)らがないさま◆力や勢いがあるさま、体力・気力が漲(みなぎ)って; 烈:◆火が激しく燃え盛るさま、火の勢いが激しいさま◆激しいさま、甚(はなは)だしいさま◆気性(キショウ)がまっすくで信念を曲げないさま◆目を見張るような(目覚ましい
kk_強硬_きょうこう,強硬,きょうこう,強:◆堅(かた)く曲がったり歪(ゆが)んだり弛(ゆる)んだりすることがないさま、どんな力にも揺(ゆら)らがないさま◆力や勢いがあるさま、体力・気力が漲(みなぎ)って; 硬:◆ごつごつ(ごわごわ)としている、強(こわ)い、軟(やわ)らかさがない¶「固」「堅」,N1,on,on+on,,強:◆堅(かた)く曲がったり歪(ゆが)んだり弛(ゆる)んだりすることがないさま、どんな力にも揺(ゆら)らがないさま◆力や勢いがあるさま、体力・気力が漲(みなぎ)って; 硬:◆ごつごつ(ごわごわ)としている、強(こわ)い、軟(やわ)らかさがない¶「固」「堅」
kk_強行_きょうこう,強行,きょうこう,強:◆堅(かた)く曲がったり歪(ゆが)んだり弛(ゆる)んだりすることがないさま、どんな力にも揺(ゆら)らがないさま◆力や勢いがあるさま、体力・気力が漲(みなぎ)って; 行:◆左足を前に出し(彳)次に右足を前に出す(亍)、足を交互に動かして前に進む◆目的とするところに向かって進む◆遠くに出掛ける、旅に出る◆道、人が往来する道路、同「,N1,on,on+on,,強:◆堅(かた)く曲がったり歪(ゆが)んだり弛(ゆる)んだりすることがないさま、どんな力にも揺(ゆら)らがないさま◆力や勢いがあるさま、体力・気力が漲(みなぎ)って; 行:◆左足を前に出し(彳)次に右足を前に出す(亍)、足を交互に動かして前に進む◆目的とするところに向かって進む◆遠くに出掛ける、旅に出る◆道、人が往来する道路、同「
kk_強請る_ねだる,強請る,ねだる,強:◆堅(かた)く曲がったり歪(ゆが)んだり弛(ゆる)んだりすることがないさま、どんな力にも揺(ゆら)らがないさま◆力や勢いがあるさま、体力・気力が漲(みなぎ)って; 請:◆乞(こ)う、頼む、頼みごとをする、君主や神仏などにお願いする◆どうか(～して下さい)◆招く、招きに応(こた)えて来てくれた人を大切にもてなす◆依頼を受ける、頼,N1,other,mixed+mixed~,IL1_okurigana(kun 96%) | A1_compound_oku(kun 90%) | A1_on_kun_mix(on+kun 65%),強:◆堅(かた)く曲がったり歪(ゆが)んだり弛(ゆる)んだりすることがないさま、どんな力にも揺(ゆら)らがないさま◆力や勢いがあるさま、体力・気力が漲(みなぎ)って; 請:◆乞(こ)う、頼む、頼みごとをする、君主や神仏などにお願いする◆どうか(～して下さい)◆招く、招きに応(こた)えて来てくれた人を大切にもてなす◆依頼を受ける、頼
kk_弾く_はじく,弾く,はじく,弾:◆弓の弦(ゲン、つる)を大きく引き絞って矢を射(い)る、弦楽器を鳴らす、弦を引いたり引っ掛けたりしたした後にぱっと放す動き、またそれによって起こる振動や音を指す,N1,kun,kun,IL1_okurigana(kun 96%) | IL2_single_okuri(kun 96%),弾:◆弓の弦(ゲン、つる)を大きく引き絞って矢を射(い)る、弦楽器を鳴らす、弦を引いたり引っ掛けたりしたした後にぱっと放す動き、またそれによって起こる振動や音を指す
kk_弾む_はずむ,弾む,はずむ,弾:◆弓の弦(ゲン、つる)を大きく引き絞って矢を射(い)る、弦楽器を鳴らす、弦を引いたり引っ掛けたりしたした後にぱっと放す動き、またそれによって起こる振動や音を指す,N1,kun,kun,IL1_okurigana(kun 96%) | IL2_single_okuri(kun 96%),弾:◆弓の弦(ゲン、つる)を大きく引き絞って矢を射(い)る、弦楽器を鳴らす、弦を引いたり引っ掛けたりしたした後にぱっと放す動き、またそれによって起こる振動や音を指す
kk_当たり_あたり,当たり,あたり,当:◆正面からぶつかる、正面から向き合う、相対する、同「噹」◆適合する、相応しい◆受け持つ、引き受ける◆そうするべき、そうあるべき◆この(this)、今、此処(ここ,N1,kun,kun,IL1_okurigana(kun 96%) | IL2_single_okuri(kun 96%),当:◆正面からぶつかる、正面から向き合う、相対する、同「噹」◆適合する、相応しい◆受け持つ、引き受ける◆そうするべき、そうあるべき◆この(this)、今、此処(ここ
kk_当て_あて,当て,あて,当:◆正面からぶつかる、正面から向き合う、相対する、同「噹」◆適合する、相応しい◆受け持つ、引き受ける◆そうするべき、そうあるべき◆この(this)、今、此処(ここ,N1,kun,kun,IL1_okurigana(kun 96%) | IL2_single_okuri(kun 96%),当:◆正面からぶつかる、正面から向き合う、相対する、同「噹」◆適合する、相応しい◆受け持つ、引き受ける◆そうするべき、そうあるべき◆この(this)、今、此処(ここ
kk_当人_とうにん,当人,とうにん,当:◆正面からぶつかる、正面から向き合う、相対する、同「噹」◆適合する、相応しい◆受け持つ、引き受ける◆そうするべき、そうあるべき◆この(this)、今、此処(ここ; 人:◆霊長目ヒト科ヒト属の生物、ホモ・サピエンスHomo sapiens(「知恵の人」の意)、同「儿」◆自分以外の者、「人我(ジンガ、他人と自分)」◆人の数(かず),N1,on,on+on,,当:◆正面からぶつかる、正面から向き合う、相対する、同「噹」◆適合する、相応しい◆受け持つ、引き受ける◆そうするべき、そうあるべき◆この(this)、今、此処(ここ; 人:◆霊長目ヒト科ヒト属の生物、ホモ・サピエンスHomo sapiens(「知恵の人」の意)、同「儿」◆自分以外の者、「人我(ジンガ、他人と自分)」◆人の数(かず)
kk_当分_とうぶん,当分,とうぶん,当:◆正面からぶつかる、正面から向き合う、相対する、同「噹」◆適合する、相応しい◆受け持つ、引き受ける◆そうするべき、そうあるべき◆この(this)、今、此処(ここ; 分:◆一つに纏(まと)まっているものを幾つかに切り離す、また幾つかに仕切る(区切る)、「分割(ブンカツ)」、切り離したものを仕分けることを「別」◆一つの纏まりから一,N1,on,on+on,B_verb_rad_刀(kun 80%),当:◆正面からぶつかる、正面から向き合う、相対する、同「噹」◆適合する、相応しい◆受け持つ、引き受ける◆そうするべき、そうあるべき◆この(this)、今、此処(ここ; 分:◆一つに纏(まと)まっているものを幾つかに切り離す、また幾つかに仕切る(区切る)、「分割(ブンカツ)」、切り離したものを仕分けることを「別」◆一つの纏まりから一
kk_当方_とうほう,当方,とうほう,当:◆正面からぶつかる、正面から向き合う、相対する、同「噹」◆適合する、相応しい◆受け持つ、引き受ける◆そうするべき、そうあるべき◆この(this)、今、此処(ここ; 方:◆四角、四角いさま、角(かど)が直角になっているさま、「方形(ホウケイ)」◆数学で二つの数を掛け合わせた数(正方形・長方形の一つの角を成す二辺を掛け合わせた数),N1,on,on+on,,当:◆正面からぶつかる、正面から向き合う、相対する、同「噹」◆適合する、相応しい◆受け持つ、引き受ける◆そうするべき、そうあるべき◆この(this)、今、此処(ここ; 方:◆四角、四角いさま、角(かど)が直角になっているさま、「方形(ホウケイ)」◆数学で二つの数を掛け合わせた数(正方形・長方形の一つの角を成す二辺を掛け合わせた数)
kk_当選_とうせん,当選,とうせん,当:◆正面からぶつかる、正面から向き合う、相対する、同「噹」◆適合する、相応しい◆受け持つ、引き受ける◆そうするべき、そうあるべき◆この(this)、今、此処(ここ; 選:◆多くのものを基準に従って仕分ける、また仕分けて目的のものを抜き出す、「選択(センタク)」「選抜(センバツ)」、同「撰」◆仕分け抜き出したものを纏(まと)めたも,N1,on,on+on,,当:◆正面からぶつかる、正面から向き合う、相対する、同「噹」◆適合する、相応しい◆受け持つ、引き受ける◆そうするべき、そうあるべき◆この(this)、今、此処(ここ; 選:◆多くのものを基準に従って仕分ける、また仕分けて目的のものを抜き出す、「選択(センタク)」「選抜(センバツ)」、同「撰」◆仕分け抜き出したものを纏(まと)めたも
kk_当～_とう～,当～,とう～,当:◆正面からぶつかる、正面から向き合う、相対する、同「噹」◆適合する、相応しい◆受け持つ、引き受ける◆そうするべき、そうあるべき◆この(this)、今、此処(ここ,N1,on,on,IL2_single_default(kun 84%),当:◆正面からぶつかる、正面から向き合う、相対する、同「噹」◆適合する、相応しい◆受け持つ、引き受ける◆そうするべき、そうあるべき◆この(this)、今、此処(ここ
kk_形作る_かたちづくる,形作る,かたちづくる,形:◆ものの表に現れた姿、外観◆ものの表の様子、状態◆型、様式; 作:◆働(はたらく)く、力や手を加える、為(な)す、「作業(サギョウ)」「作為(サクイ)」◆力や手を加えることによって物事や状態を変化させる、また他に影響を与える、,N1,other,mixed+mixed~,IL1_okurigana(kun 96%) | A1_compound_oku(kun 90%) | A1_on_kun_mix(on+kun 65%),形:◆ものの表に現れた姿、外観◆ものの表の様子、状態◆型、様式; 作:◆働(はたらく)く、力や手を加える、為(な)す、「作業(サギョウ)」「作為(サクイ)」◆力や手を加えることによって物事や状態を変化させる、また他に影響を与える、
kk_形勢_けいせい,形勢,けいせい,形:◆ものの表に現れた姿、外観◆ものの表の様子、状態◆型、様式; 勢:◆他を押さえ押し退ける力が強いさま、他に大きな影響を及ぼすさま◆物事の変化の様子や程度(「情勢」「時勢」など)、変化のあるものの姿や状態(「姿勢」「形勢」など),N1,on,on+on,B_verb_rad_力(kun 80%),形:◆ものの表に現れた姿、外観◆ものの表の様子、状態◆型、様式; 勢:◆他を押さえ押し退ける力が強いさま、他に大きな影響を及ぼすさま◆物事の変化の様子や程度(「情勢」「時勢」など)、変化のあるものの姿や状態(「姿勢」「形勢」など)
kk_形態_けいたい,形態,けいたい,形:◆ものの表に現れた姿、外観◆ものの表の様子、状態◆型、様式; 態:◆心中の思いや考えなどが表に(体の動きになって)現れ出る、またその様子、「態度(タイド)」、「【說文解字注:心部:態】意態也(…意態者有是意因有是狀故曰意態…),N1,on,on+on,,形:◆ものの表に現れた姿、外観◆ものの表の様子、状態◆型、様式; 態:◆心中の思いや考えなどが表に(体の動きになって)現れ出る、またその様子、「態度(タイド)」、「【說文解字注:心部:態】意態也(…意態者有是意因有是狀故曰意態…)
kk_形成_けいせい,形成,けいせい,形:◆ものの表に現れた姿、外観◆ものの表の様子、状態◆型、様式; 成:◆為(な)す、形や状態などを変えようとする、また変わろうとする◆本来の形や状態になる、目的・目標を持って働き、当初の目的・目標に達する、出来上がる、仕上がる、「,N1,on,on+on,,形:◆ものの表に現れた姿、外観◆ものの表の様子、状態◆型、様式; 成:◆為(な)す、形や状態などを変えようとする、また変わろうとする◆本来の形や状態になる、目的・目標を持って働き、当初の目的・目標に達する、出来上がる、仕上がる、「
kk_彷徨う_さまよう,彷徨う,さまよう,彷:◆あてもなく歩き回る、「彷徨(ホウコウ)」「彷徉(ホウヨウ)」◆「彷彿(ホウフツ)」◇はっきりと見分けがつかないさま、よく似ていて紛(まぎ)らわしいさま◇はっき; 徨:◆「彷徨(ホウコウ)」、あてもなく歩き回るさま,N1,on,on+on~,IL1_okurigana(kun 96%) | A1_compound_oku(kun 90%) | A1_on_kun_mix(on+kun 65%),彷:◆あてもなく歩き回る、「彷徨(ホウコウ)」「彷徉(ホウヨウ)」◆「彷彿(ホウフツ)」◇はっきりと見分けがつかないさま、よく似ていて紛(まぎ)らわしいさま◇はっき; 徨:◆「彷徨(ホウコウ)」、あてもなく歩き回るさま
kk_彼是/彼此_かれこれ,彼是/彼此,かれこれ,彼:◆あの、あれ、that、近くにないものを指す語、近くのものを指す語は「此(シ、この、これ)」◆あちらの、向こうの、「彼此(ヒシ、あれとこれ、あちらとこちら)」; 是:◆これ、この、ここ、this◆正しい、理に適(かな)っている、理に則(のっと)っている◆良しとして認める◆その通り、はい、同意・肯定を表す◆「是非(ぜひ)」◇善; 彼:◆あの、あれ、that、近くにないものを指す語、近くのものを指す語は「此(シ、この、これ)」◆あちらの、向こうの、「彼此(ヒシ、あれとこれ、あちらとこちら)」,N1,kun,kun+kun+kun+kun~,A4_multi_on(on+on+on+on 65%),彼:◆あの、あれ、that、近くにないものを指す語、近くのものを指す語は「此(シ、この、これ)」◆あちらの、向こうの、「彼此(ヒシ、あれとこれ、あちらとこちら)」; 是:◆これ、この、ここ、this◆正しい、理に適(かな)っている、理に則(のっと)っている◆良しとして認める◆その通り、はい、同意・肯定を表す◆「是非(ぜひ)」◇善; 彼:◆あの、あれ、that、近くにないものを指す語、近くのものを指す語は「此(シ、この、これ)」◆あちらの、向こうの、「彼此(ヒシ、あれとこれ、あちらとこちら)」
kk_往診_おうしん,往診,おうしん,往:◆目的とする方に向かって行く、遠ざかって行く、去って行く、手前に向かって来るのは「復」◆過ぎ去る、行ってしまう◆以前、昔、嘗(かつ)て◆死ぬ、「死後の世界に行く; 診:◆医者が(脈を見て)病状や健康状態をよく調べる◆実際に見て調べる,N1,on,on+on,B_verb_rad_言(kun 80%),往:◆目的とする方に向かって行く、遠ざかって行く、去って行く、手前に向かって来るのは「復」◆過ぎ去る、行ってしまう◆以前、昔、嘗(かつ)て◆死ぬ、「死後の世界に行く; 診:◆医者が(脈を見て)病状や健康状態をよく調べる◆実際に見て調べる
kk_待ち遠しい_まちどおしい,待ち遠しい,まちどおしい,待:◆その人・時間・機会などが来るまで(その状態になるまで)その場に止(とど)まる、同「𥩳」◆持て成す(もてなす)、準備を整えて応接する、心を尽くして応対する◆「不; 遠:◆場所や時間などが遥(はる)かに離れている、間(あいだ)が大きく空(あ)いている◆間を離す、大きく空ける◆関係が薄い,N1,other,mixed+mixed~,IL1_okurigana(kun 96%) | A1_compound_oku(kun 90%) | A1_on_kun_mix(on+kun 65%),待:◆その人・時間・機会などが来るまで(その状態になるまで)その場に止(とど)まる、同「𥩳」◆持て成す(もてなす)、準備を整えて応接する、心を尽くして応対する◆「不; 遠:◆場所や時間などが遥(はる)かに離れている、間(あいだ)が大きく空(あ)いている◆間を離す、大きく空ける◆関係が薄い
kk_待望_たいぼう,待望,たいぼう,待:◆その人・時間・機会などが来るまで(その状態になるまで)その場に止(とど)まる、同「𥩳」◆持て成す(もてなす)、準備を整えて応接する、心を尽くして応対する◆「不; 望:◆待っている人や物事の到着をまだかまだかと待つ、期待する、そうなって欲しいと思う◆(待ち望む方を)見やる、遠くを見やる◆仰ぎ見る、他から仰ぎ見られる◆もち、陰暦,N1,on,on+on,,待:◆その人・時間・機会などが来るまで(その状態になるまで)その場に止(とど)まる、同「𥩳」◆持て成す(もてなす)、準備を整えて応接する、心を尽くして応対する◆「不; 望:◆待っている人や物事の到着をまだかまだかと待つ、期待する、そうなって欲しいと思う◆(待ち望む方を)見やる、遠くを見やる◆仰ぎ見る、他から仰ぎ見られる◆もち、陰暦
kk_後ろめたい_うしろめたい,後ろめたい,うしろめたい,後:◆位置的には背の方向、時間的には未来の方向、順位・順序では下位の方向、逆は「前」「先」◆遅れる、遅れて来る◆家を継ぐ子、子孫◆簡「后」,N1,kun,kun,IL1_okurigana(kun 96%) | IL2_single_okuri(kun 96%),後:◆位置的には背の方向、時間的には未来の方向、順位・順序では下位の方向、逆は「前」「先」◆遅れる、遅れて来る◆家を継ぐ子、子孫◆簡「后」
kk_後ろ向き_うしろむき,後ろ向き,うしろむき,後:◆位置的には背の方向、時間的には未来の方向、順位・順序では下位の方向、逆は「前」「先」◆遅れる、遅れて来る◆家を継ぐ子、子孫◆簡「后」; 向:◆窓、北側に面した窓、同「郷」、「丿冂」は「宀」で「屋根のある建物」、「口」は「壁などに空いた窓」の意◆目的とするところを目指して行く、基点となるところから遠ざ,N1,kun,kun+kun,IL1_okurigana(kun 96%) | A1_compound_oku(kun 90%) | A1_on_kun_mix(on+kun 65%),後:◆位置的には背の方向、時間的には未来の方向、順位・順序では下位の方向、逆は「前」「先」◆遅れる、遅れて来る◆家を継ぐ子、子孫◆簡「后」; 向:◆窓、北側に面した窓、同「郷」、「丿冂」は「宀」で「屋根のある建物」、「口」は「壁などに空いた窓」の意◆目的とするところを目指して行く、基点となるところから遠ざ
kk_後ろ盾_うしろだて,後ろ盾,うしろだて,後:◆位置的には背の方向、時間的には未来の方向、順位・順序では下位の方向、逆は「前」「先」◆遅れる、遅れて来る◆家を継ぐ子、子孫◆簡「后」; 盾:◆刀や矢による攻撃から顔や体を護(まも)るための防具、盾牌(ジュンパイ)、同「瞂」「楯」,N1,other,mixed+mixed~,IL1_okurigana(kun 96%) | A1_compound_oku(kun 90%) | A1_on_kun_mix(on+kun 65%),後:◆位置的には背の方向、時間的には未来の方向、順位・順序では下位の方向、逆は「前」「先」◆遅れる、遅れて来る◆家を継ぐ子、子孫◆簡「后」; 盾:◆刀や矢による攻撃から顔や体を護(まも)るための防具、盾牌(ジュンパイ)、同「瞂」「楯」
kk_後回し_あとまわし,後回し,あとまわし,後:◆位置的には背の方向、時間的には未来の方向、順位・順序では下位の方向、逆は「前」「先」◆遅れる、遅れて来る◆家を継ぐ子、子孫◆簡「后」; 回:◆円を描(えが)くように動く、一周して(一巡して)元に戻る、同「廻」「迴」、「回復(カイフク)」「回帰(カイキ)」◆元に戻す、元に返す、「回答(カイトウ)」◆(,N1,kun,kun+kun,IL1_okurigana(kun 96%) | A1_compound_oku(kun 90%) | A1_on_kun_mix(on+kun 65%),後:◆位置的には背の方向、時間的には未来の方向、順位・順序では下位の方向、逆は「前」「先」◆遅れる、遅れて来る◆家を継ぐ子、子孫◆簡「后」; 回:◆円を描(えが)くように動く、一周して(一巡して)元に戻る、同「廻」「迴」、「回復(カイフク)」「回帰(カイキ)」◆元に戻す、元に返す、「回答(カイトウ)」◆(
kk_後始末_あとしまつ,後始末,あとしまつ,後:◆位置的には背の方向、時間的には未来の方向、順位・順序では下位の方向、逆は「前」「先」◆遅れる、遅れて来る◆家を継ぐ子、子孫◆簡「后」; 始:◆それ以降続く物事の最初、出だし、「始」は「物事はまず～から始める、～から始まる」、「初」は「物事はまず初めに～する、～の初め」◆初めて、～の時に至ってやっと、; 末:◆木の先(さき)の細い部分、端(はじ)、先端◆物事の最後、終わり◆細いさま、細(こま)かいさま、小さいさま◆(端の方にあって或いは細かくて)取るに足りない、些細,N1,mixed,kun+on+on~,A4_multi_on(on+on+on 65%) | B_noun_rad_木(kun 93%),後:◆位置的には背の方向、時間的には未来の方向、順位・順序では下位の方向、逆は「前」「先」◆遅れる、遅れて来る◆家を継ぐ子、子孫◆簡「后」; 始:◆それ以降続く物事の最初、出だし、「始」は「物事はまず～から始める、～から始まる」、「初」は「物事はまず初めに～する、～の初め」◆初めて、～の時に至ってやっと、; 末:◆木の先(さき)の細い部分、端(はじ)、先端◆物事の最後、終わり◆細いさま、細(こま)かいさま、小さいさま◆(端の方にあって或いは細かくて)取るに足りない、些細
kk_後援_こうえん,後援,こうえん,後:◆位置的には背の方向、時間的には未来の方向、順位・順序では下位の方向、逆は「前」「先」◆遅れる、遅れて来る◆家を継ぐ子、子孫◆簡「后」; 援:◆手で引く、引き寄せる、引っ張る◆引用する、他を引いて用いる、「援用(エンヨウ)」◆手を貸して助ける、「援助(エンジョ)」「援護(エンゴ)」,N1,on,on+on,B_verb_rad_手(kun 80%),後:◆位置的には背の方向、時間的には未来の方向、順位・順序では下位の方向、逆は「前」「先」◆遅れる、遅れて来る◆家を継ぐ子、子孫◆簡「后」; 援:◆手で引く、引き寄せる、引っ張る◆引用する、他を引いて用いる、「援用(エンヨウ)」◆手を貸して助ける、「援助(エンジョ)」「援護(エンゴ)」
kk_後日_ごじつ,後日,ごじつ,後:◆位置的には背の方向、時間的には未来の方向、順位・順序では下位の方向、逆は「前」「先」◆遅れる、遅れて来る◆家を継ぐ子、子孫◆簡「后」; 日:◆太陽◆太陽が出ている間、昼間、夜明けから日没まで◆一昼夜、朝から次の朝まで、またその繰り返し、またその繰り返しを数える語◆候(コウ)、時節、頃(ケイ、ころ)◆,N1,on,on+on,A3_short_compound(on+on 71%),後:◆位置的には背の方向、時間的には未来の方向、順位・順序では下位の方向、逆は「前」「先」◆遅れる、遅れて来る◆家を継ぐ子、子孫◆簡「后」; 日:◆太陽◆太陽が出ている間、昼間、夜明けから日没まで◆一昼夜、朝から次の朝まで、またその繰り返し、またその繰り返しを数える語◆候(コウ)、時節、頃(ケイ、ころ)◆
kk_後退_こうたい,後退,こうたい,後:◆位置的には背の方向、時間的には未来の方向、順位・順序では下位の方向、逆は「前」「先」◆遅れる、遅れて来る◆家を継ぐ子、子孫◆簡「后」; 退:◆後ろに向かう、後ろへ下がる、後ろ向きに進む、逆は「進」◆今いる場所から遠ざかる方に向かう、その場を立ち去る◆体を後へ引く、身を引く◆状態が悪くなる(衰える、弱,N1,on,on+on,,後:◆位置的には背の方向、時間的には未来の方向、順位・順序では下位の方向、逆は「前」「先」◆遅れる、遅れて来る◆家を継ぐ子、子孫◆簡「后」; 退:◆後ろに向かう、後ろへ下がる、後ろ向きに進む、逆は「進」◆今いる場所から遠ざかる方に向かう、その場を立ち去る◆体を後へ引く、身を引く◆状態が悪くなる(衰える、弱
kk_徐行_じょこう,徐行,じょこう,徐:◆ゆっくりと行く◆ゆっくりとしたさま、ゆったりとしたさま◆古国名、周代(シュウ、西周、前11世紀～前771年)から春秋時代(前770年～前5世紀)にかけての諸侯; 行:◆左足を前に出し(彳)次に右足を前に出す(亍)、足を交互に動かして前に進む◆目的とするところに向かって進む◆遠くに出掛ける、旅に出る◆道、人が往来する道路、同「,N1,on,on+on,A3_short_compound(on+on 71%),徐:◆ゆっくりと行く◆ゆっくりとしたさま、ゆったりとしたさま◆古国名、周代(シュウ、西周、前11世紀～前771年)から春秋時代(前770年～前5世紀)にかけての諸侯; 行:◆左足を前に出し(彳)次に右足を前に出す(亍)、足を交互に動かして前に進む◆目的とするところに向かって進む◆遠くに出掛ける、旅に出る◆道、人が往来する道路、同「
kk_従事_じゅうじ,従事,じゅうじ,従:◆付き随(したが)う、前の人や物事の後(あと)に付いて行く、同「蹤」「䢨」「𨑢」◆考え・規則・指示・命令・前例などを受け入れる、また逆らうことなくその通りにする; 事:◆こと、動作・現象・状態など形のないものを指す語、形のあるものは「物」、「事情(ジジョウ、ことの様子)」「無事(ブジ、何事もないさま)」◆職(ショク)、仕事や役,N1,on,on+on,A3_short_compound(on+on 71%),従:◆付き随(したが)う、前の人や物事の後(あと)に付いて行く、同「蹤」「䢨」「𨑢」◆考え・規則・指示・命令・前例などを受け入れる、また逆らうことなくその通りにする; 事:◆こと、動作・現象・状態など形のないものを指す語、形のあるものは「物」、「事情(ジジョウ、ことの様子)」「無事(ブジ、何事もないさま)」◆職(ショク)、仕事や役
kk_得手_えて,得手,えて,得:◆手に入れる、手に入る、自分のものにする、自分のものになる、身に付く◆ぴったりと合う、相応(ふさわ)しい◆意に適(かな)う◆～できる◆儲(もう)かる、出て行くも; 手:◆体や物体の一部で、胴から分かれ出て伸び、持つ・握る・叩く・ものを作る・操作するなどの機能を持つ部分、掌(たなごころ)と指を合わせた全体、腕の先の部分 ◆自(み,N1,kun,kun+kun~,A3_short_compound(on+on 71%) | B_verb_rad_手(kun 80%),得:◆手に入れる、手に入る、自分のものにする、自分のものになる、身に付く◆ぴったりと合う、相応(ふさわ)しい◆意に適(かな)う◆～できる◆儲(もう)かる、出て行くも; 手:◆体や物体の一部で、胴から分かれ出て伸び、持つ・握る・叩く・ものを作る・操作するなどの機能を持つ部分、掌(たなごころ)と指を合わせた全体、腕の先の部分 ◆自(み
kk_御節介_おせっかい,御節介,おせっかい,御:◆(馬などを)意のままに操(あやつ)る、またその人、同「馭」◆治(おさ)める、統治(トウチ)する◆天子に関する言葉に付けて尊敬の意を表す語◆侍(はべ)る、天子に; 節:◆タケ(竹、イネ科タケ亜科の木)の中空の茎が途中で区切られ外側に硬く盛り上がっているところ、イネ科の植物に多くみられる◆区切り、変わり目、段落、けじめ◆区切りで; 介:◆画(カク)する、区切る、境(さかい)、境目(さかいめ)、境界(キョウカイ)、同「界」◆～の間(あいだ)、二つのものの間◆両側から挟(はさ)まれる、二つのものの,N1,mixed,kun+on+on~,A4_multi_on(on+on+on 65%) | B_noun_rad_竹(kun 93%),御:◆(馬などを)意のままに操(あやつ)る、またその人、同「馭」◆治(おさ)める、統治(トウチ)する◆天子に関する言葉に付けて尊敬の意を表す語◆侍(はべ)る、天子に; 節:◆タケ(竹、イネ科タケ亜科の木)の中空の茎が途中で区切られ外側に硬く盛り上がっているところ、イネ科の植物に多くみられる◆区切り、変わり目、段落、けじめ◆区切りで; 介:◆画(カク)する、区切る、境(さかい)、境目(さかいめ)、境界(キョウカイ)、同「界」◆～の間(あいだ)、二つのものの間◆両側から挟(はさ)まれる、二つのものの
kk_御袋_おふくろ,御袋,おふくろ,御:◆(馬などを)意のままに操(あやつ)る、またその人、同「馭」◆治(おさ)める、統治(トウチ)する◆天子に関する言葉に付けて尊敬の意を表す語◆侍(はべ)る、天子に; 袋:◆物を入れるための紙・布・革製の入れ物,N1,kun,kun+kun~,,御:◆(馬などを)意のままに操(あやつ)る、またその人、同「馭」◆治(おさ)める、統治(トウチ)する◆天子に関する言葉に付けて尊敬の意を表す語◆侍(はべ)る、天子に; 袋:◆物を入れるための紙・布・革製の入れ物
kk_御負けに_おまけに,御負けに,おまけに,御:◆(馬などを)意のままに操(あやつ)る、またその人、同「馭」◆治(おさ)める、統治(トウチ)する◆天子に関する言葉に付けて尊敬の意を表す語◆侍(はべ)る、天子に; 負:◆荷を背に載(の)せる、肩は「擔」「担」◆荷や仕事や責任などを引き受ける、「重い荷を背負う」の意◆(背後にあるものを)頼る、頼りにする、当てにする◆背を向ける、,N1,kun,kun+kun,IL1_okurigana(kun 96%) | A1_compound_oku(kun 90%) | A1_on_kun_mix(on+kun 65%),御:◆(馬などを)意のままに操(あやつ)る、またその人、同「馭」◆治(おさ)める、統治(トウチ)する◆天子に関する言葉に付けて尊敬の意を表す語◆侍(はべ)る、天子に; 負:◆荷を背に載(の)せる、肩は「擔」「担」◆荷や仕事や責任などを引き受ける、「重い荷を背負う」の意◆(背後にあるものを)頼る、頼りにする、当てにする◆背を向ける、
kk_復旧_ふっきゅう,復旧,ふっきゅう,復:◆来た道と同じ道を辿って帰る、引き返す◆元の位置や状態に戻す、また戻る、同「覆」、同簡「复」◆繰り返す、繰り返される◆問いに対して返答する、指示などに対してその; 旧:◆古い、昔の、過去の、以前の◆古くからの、以前からの◆同「舊」,N1,other,mixed+mixed~,,復:◆来た道と同じ道を辿って帰る、引き返す◆元の位置や状態に戻す、また戻る、同「覆」、同簡「复」◆繰り返す、繰り返される◆問いに対して返答する、指示などに対してその; 旧:◆古い、昔の、過去の、以前の◆古くからの、以前からの◆同「舊」
kk_復活_ふっかつ,復活,ふっかつ,復:◆来た道と同じ道を辿って帰る、引き返す◆元の位置や状態に戻す、また戻る、同「覆」、同簡「复」◆繰り返す、繰り返される◆問いに対して返答する、指示などに対してその; 活:◆水が(生きているかのように)勢いよく流れるさま、またその音、「活活(カツカツ)」、同「𣿛」「𣸅」◆(水しぶきが飛び散るように)生き生きとしたさま、動きが生き生,N1,other,mixed+mixed~,,復:◆来た道と同じ道を辿って帰る、引き返す◆元の位置や状態に戻す、また戻る、同「覆」、同簡「复」◆繰り返す、繰り返される◆問いに対して返答する、指示などに対してその; 活:◆水が(生きているかのように)勢いよく流れるさま、またその音、「活活(カツカツ)」、同「𣿛」「𣸅」◆(水しぶきが飛び散るように)生き生きとしたさま、動きが生き生
kk_復習う_さらう,復習う,さらう,復:◆来た道と同じ道を辿って帰る、引き返す◆元の位置や状態に戻す、また戻る、同「覆」、同簡「复」◆繰り返す、繰り返される◆問いに対して返答する、指示などに対してその; 習:◆何度も繰り返す、何度も繰り返すことによって身に付ける、同「慣」◆なら・わし、繰り返されることで身に付いたこと、普段から繰り返し行われること、同「慣」,N1,other,mixed+mixed~,IL1_okurigana(kun 96%) | A1_compound_oku(kun 90%) | A1_on_kun_mix(on+kun 65%),復:◆来た道と同じ道を辿って帰る、引き返す◆元の位置や状態に戻す、また戻る、同「覆」、同簡「复」◆繰り返す、繰り返される◆問いに対して返答する、指示などに対してその; 習:◆何度も繰り返す、何度も繰り返すことによって身に付ける、同「慣」◆なら・わし、繰り返されることで身に付いたこと、普段から繰り返し行われること、同「慣」
kk_復興_ふっこう,復興,ふっこう,復:◆来た道と同じ道を辿って帰る、引き返す◆元の位置や状態に戻す、また戻る、同「覆」、同簡「复」◆繰り返す、繰り返される◆問いに対して返答する、指示などに対してその; 興:◆起き上がる、すっくと立つ◆持ち上げる、高く挙(あ)げる◆高(たか)ぶる、高揚(コウヨウ)する、盛り上がる◆盛んになる、栄える,N1,other,mixed+mixed~,,復:◆来た道と同じ道を辿って帰る、引き返す◆元の位置や状態に戻す、また戻る、同「覆」、同簡「复」◆繰り返す、繰り返される◆問いに対して返答する、指示などに対してその; 興:◆起き上がる、すっくと立つ◆持ち上げる、高く挙(あ)げる◆高(たか)ぶる、高揚(コウヨウ)する、盛り上がる◆盛んになる、栄える
kk_微か_かすか,微か,かすか,微:◆非常に小さい、はっきり見えないほど小さい、同「𢼸」「𣁋」◆小さくて目立たない◆目立たないようにこっそりと、密(ひそ)かに、同「𧗬」◆身分が低い、「身分が低く目,N1,kun,kun,IL1_okurigana(kun 96%) | IL2_single_okuri(kun 96%),微:◆非常に小さい、はっきり見えないほど小さい、同「𢼸」「𣁋」◆小さくて目立たない◆目立たないようにこっそりと、密(ひそ)かに、同「𧗬」◆身分が低い、「身分が低く目
kk_微塵も_みじんも,微塵も,みじんも,微:◆非常に小さい、はっきり見えないほど小さい、同「𢼸」「𣁋」◆小さくて目立たない◆目立たないようにこっそりと、密(ひそ)かに、同「𧗬」◆身分が低い、「身分が低く目; 塵:◆ちり、風などによって宙に舞い上がる細かい土や砂など、「塵埃(ジンアイ)」、同「埃」「𪋻」「𡒲」「𦧄」「𡐪」◆ものに纏わり付く穢(けが)れ、汚(よご)れ、穢れた,N1,on,on+on~,IL1_okurigana(kun 96%) | A1_compound_oku(kun 90%) | A1_on_kun_mix(on+kun 65%),微:◆非常に小さい、はっきり見えないほど小さい、同「𢼸」「𣁋」◆小さくて目立たない◆目立たないようにこっそりと、密(ひそ)かに、同「𧗬」◆身分が低い、「身分が低く目; 塵:◆ちり、風などによって宙に舞い上がる細かい土や砂など、「塵埃(ジンアイ)」、同「埃」「𪋻」「𡒲」「𦧄」「𡐪」◆ものに纏わり付く穢(けが)れ、汚(よご)れ、穢れた
kk_微量_びりょう,微量,びりょう,微:◆非常に小さい、はっきり見えないほど小さい、同「𢼸」「𣁋」◆小さくて目立たない◆目立たないようにこっそりと、密(ひそ)かに、同「𧗬」◆身分が低い、「身分が低く目; 量:◆容積(体積)またその軽重・大小の程度、またそれを計測する、またそれを計測するための容器 ◆ものの大きさや重さを推(お)し測る◆入れ物(いれもの)の大きさ、もの,N1,on,on+on,A3_short_compound(on+on 71%),微:◆非常に小さい、はっきり見えないほど小さい、同「𢼸」「𣁋」◆小さくて目立たない◆目立たないようにこっそりと、密(ひそ)かに、同「𧗬」◆身分が低い、「身分が低く目; 量:◆容積(体積)またその軽重・大小の程度、またそれを計測する、またそれを計測するための容器 ◆ものの大きさや重さを推(お)し測る◆入れ物(いれもの)の大きさ、もの
kk_徴収_ちょうしゅう,徴収,ちょうしゅう,徴:◆(埋もれていた人物を)召(め)し出す、召し寄せる、(税などを)取り立てる、同「征」◆求める、要求する◆(それまで隠れていたり目に付かないところにあったものが); 収:◆あちこちから取り集めて一カ所に纏(まと)める◆収穫したものを一カ所に集める、また役所がその一部を取り立てて公庫(政府の倉庫など)に入れる◆罪人を捕(とら)らえ,N1,on,on+on,,徴:◆(埋もれていた人物を)召(め)し出す、召し寄せる、(税などを)取り立てる、同「征」◆求める、要求する◆(それまで隠れていたり目に付かないところにあったものが); 収:◆あちこちから取り集めて一カ所に纏(まと)める◆収穫したものを一カ所に集める、また役所がその一部を取り立てて公庫(政府の倉庫など)に入れる◆罪人を捕(とら)らえ
kk_徹する_てっする,徹する,てっする,徹:◆貫(つらぬ)く、突き通す、突き抜ける◆取り去る、取り除く、同「撤」◆周代(前11世紀～前256年)の税法、耕作地百畝からの収穫物のうち十畝分を税として徴収した,N1,on,on,IL1_okurigana(kun 96%) | IL2_single_okuri(kun 96%),徹:◆貫(つらぬ)く、突き通す、突き抜ける◆取り去る、取り除く、同「撤」◆周代(前11世紀～前256年)の税法、耕作地百畝からの収穫物のうち十畝分を税として徴収した
kk_心中_しんじゅう,心中,しんじゅう,心:◆血液を循環させる働きをする臓器で五臓(心シン・肝カン・脾ヒ・肺ハイ・腎ジン)の一つ ◆ものの真(ま)ん中、真ん中(中心)にあるもの、ものの重要な部分、ものの本; 中:◆ものとものの間にあってどちらにも偏(かたよ)らない位置◆上下・高低・大小などの間(あいだ)に位置する人や物や場所、同「仲」◆始点(出発地)から終点(目的地)ま,N1,other,mixed+mixed~,,心:◆血液を循環させる働きをする臓器で五臓(心シン・肝カン・脾ヒ・肺ハイ・腎ジン)の一つ ◆ものの真(ま)ん中、真ん中(中心)にあるもの、ものの重要な部分、ものの本; 中:◆ものとものの間にあってどちらにも偏(かたよ)らない位置◆上下・高低・大小などの間(あいだ)に位置する人や物や場所、同「仲」◆始点(出発地)から終点(目的地)ま
kk_心地_ここち,心地,ここち,心:◆血液を循環させる働きをする臓器で五臓(心シン・肝カン・脾ヒ・肺ハイ・腎ジン)の一つ ◆ものの真(ま)ん中、真ん中(中心)にあるもの、ものの重要な部分、ものの本; 地:◆重い陰気が(下に沈み)集まるところ、万物が居並ぶ(存在する)ところ、軽い陽気が(上に浮き)集まるところを「天(テン)」、「【說文解字注:土部:地】元气初分輕清,N1,other,mixed+mixed~,A3_short_compound(on+on 71%),心:◆血液を循環させる働きをする臓器で五臓(心シン・肝カン・脾ヒ・肺ハイ・腎ジン)の一つ ◆ものの真(ま)ん中、真ん中(中心)にあるもの、ものの重要な部分、ものの本; 地:◆重い陰気が(下に沈み)集まるところ、万物が居並ぶ(存在する)ところ、軽い陽気が(上に浮き)集まるところを「天(テン)」、「【說文解字注:土部:地】元气初分輕清
kk_心地よい_ここちよい,心地よい,ここちよい,心:◆血液を循環させる働きをする臓器で五臓(心シン・肝カン・脾ヒ・肺ハイ・腎ジン)の一つ ◆ものの真(ま)ん中、真ん中(中心)にあるもの、ものの重要な部分、ものの本; 地:◆重い陰気が(下に沈み)集まるところ、万物が居並ぶ(存在する)ところ、軽い陽気が(上に浮き)集まるところを「天(テン)」、「【說文解字注:土部:地】元气初分輕清,N1,other,mixed+mixed~,IL1_okurigana(kun 96%) | A1_compound_oku(kun 90%) | A1_on_kun_mix(on+kun 65%),心:◆血液を循環させる働きをする臓器で五臓(心シン・肝カン・脾ヒ・肺ハイ・腎ジン)の一つ ◆ものの真(ま)ん中、真ん中(中心)にあるもの、ものの重要な部分、ものの本; 地:◆重い陰気が(下に沈み)集まるところ、万物が居並ぶ(存在する)ところ、軽い陽気が(上に浮き)集まるところを「天(テン)」、「【說文解字注:土部:地】元气初分輕清
kk_心強い_こころづよい,心強い,こころづよい,心:◆血液を循環させる働きをする臓器で五臓(心シン・肝カン・脾ヒ・肺ハイ・腎ジン)の一つ ◆ものの真(ま)ん中、真ん中(中心)にあるもの、ものの重要な部分、ものの本; 強:◆堅(かた)く曲がったり歪(ゆが)んだり弛(ゆる)んだりすることがないさま、どんな力にも揺(ゆら)らがないさま◆力や勢いがあるさま、体力・気力が漲(みなぎ)って,N1,other,mixed+mixed~,IL1_okurigana(kun 96%) | A1_compound_oku(kun 90%) | A1_on_kun_mix(on+kun 65%),心:◆血液を循環させる働きをする臓器で五臓(心シン・肝カン・脾ヒ・肺ハイ・腎ジン)の一つ ◆ものの真(ま)ん中、真ん中(中心)にあるもの、ものの重要な部分、ものの本; 強:◆堅(かた)く曲がったり歪(ゆが)んだり弛(ゆる)んだりすることがないさま、どんな力にも揺(ゆら)らがないさま◆力や勢いがあるさま、体力・気力が漲(みなぎ)って
kk_心情_しんじょう,心情,しんじょう,心:◆血液を循環させる働きをする臓器で五臓(心シン・肝カン・脾ヒ・肺ハイ・腎ジン)の一つ ◆ものの真(ま)ん中、真ん中(中心)にあるもの、ものの重要な部分、ものの本; 情:◆物事(特に他の人)からの働き掛けで起こる喜怒哀楽愛好悪欲などの心の動き、「感情(カンジョウ)」◆他に寄せる思い、「愛情(アイジョウ)」◆異性に寄せる思い、好意,N1,on,on+on,,心:◆血液を循環させる働きをする臓器で五臓(心シン・肝カン・脾ヒ・肺ハイ・腎ジン)の一つ ◆ものの真(ま)ん中、真ん中(中心)にあるもの、ものの重要な部分、ものの本; 情:◆物事(特に他の人)からの働き掛けで起こる喜怒哀楽愛好悪欲などの心の動き、「感情(カンジョウ)」◆他に寄せる思い、「愛情(アイジョウ)」◆異性に寄せる思い、好意
kk_心掛け_こころがけ,心掛け,こころがけ,心:◆血液を循環させる働きをする臓器で五臓(心シン・肝カン・脾ヒ・肺ハイ・腎ジン)の一つ ◆ものの真(ま)ん中、真ん中(中心)にあるもの、ものの重要な部分、ものの本; 掛:◆引っ懸(か)ける、ものの上に置いて両方また片方を垂らす、ぶら下げる、同「挂」◆引っ懸かる、気になって心に(目に)止まる◆簡「挂」◆[日]体や物を斜めにしてその,N1,mixed,kun+on~,IL1_okurigana(kun 96%) | A1_compound_oku(kun 90%) | A1_on_kun_mix(on+kun 65%),心:◆血液を循環させる働きをする臓器で五臓(心シン・肝カン・脾ヒ・肺ハイ・腎ジン)の一つ ◆ものの真(ま)ん中、真ん中(中心)にあるもの、ものの重要な部分、ものの本; 掛:◆引っ懸(か)ける、ものの上に置いて両方また片方を垂らす、ぶら下げる、同「挂」◆引っ懸かる、気になって心に(目に)止まる◆簡「挂」◆[日]体や物を斜めにしてその
kk_心掛ける_こころがける,心掛ける,こころがける,心:◆血液を循環させる働きをする臓器で五臓(心シン・肝カン・脾ヒ・肺ハイ・腎ジン)の一つ ◆ものの真(ま)ん中、真ん中(中心)にあるもの、ものの重要な部分、ものの本; 掛:◆引っ懸(か)ける、ものの上に置いて両方また片方を垂らす、ぶら下げる、同「挂」◆引っ懸かる、気になって心に(目に)止まる◆簡「挂」◆[日]体や物を斜めにしてその,N1,mixed,kun+on~,IL1_okurigana(kun 96%) | A1_compound_oku(kun 90%) | A1_on_kun_mix(on+kun 65%),心:◆血液を循環させる働きをする臓器で五臓(心シン・肝カン・脾ヒ・肺ハイ・腎ジン)の一つ ◆ものの真(ま)ん中、真ん中(中心)にあるもの、ものの重要な部分、ものの本; 掛:◆引っ懸(か)ける、ものの上に置いて両方また片方を垂らす、ぶら下げる、同「挂」◆引っ懸かる、気になって心に(目に)止まる◆簡「挂」◆[日]体や物を斜めにしてその
kk_心細い_こころぼそい,心細い,こころぼそい,心:◆血液を循環させる働きをする臓器で五臓(心シン・肝カン・脾ヒ・肺ハイ・腎ジン)の一つ ◆ものの真(ま)ん中、真ん中(中心)にあるもの、ものの重要な部分、ものの本; 細:◆小さい◆幅が狭い◆(細く)弱々しいさま、しなやかなさま◆(細部にまで亘って)詳(くわ)しい,N1,other,mixed+mixed~,IL1_okurigana(kun 96%) | A1_compound_oku(kun 90%) | A1_on_kun_mix(on+kun 65%),心:◆血液を循環させる働きをする臓器で五臓(心シン・肝カン・脾ヒ・肺ハイ・腎ジン)の一つ ◆ものの真(ま)ん中、真ん中(中心)にあるもの、ものの重要な部分、ものの本; 細:◆小さい◆幅が狭い◆(細く)弱々しいさま、しなやかなさま◆(細部にまで亘って)詳(くわ)しい
kk_必修_ひっしゅう,必修,ひっしゅう,必:◆かなら・ず、確実に～、間違いなく～、きっと～; 修:◆荒々しいところ・ごつごつしたところを取り除いて形を整える、足りないところ・欠けているところを補いてすっきりした形にする◆足りないところ・欠けているところを補い,N1,on,on+on,,必:◆かなら・ず、確実に～、間違いなく～、きっと～; 修:◆荒々しいところ・ごつごつしたところを取り除いて形を整える、足りないところ・欠けているところを補いてすっきりした形にする◆足りないところ・欠けているところを補い
kk_必然_ひつぜん,必然,ひつぜん,必:◆かなら・ず、確実に～、間違いなく～、きっと～; 然:◆燃やす、火で焼く、「イヌ(犬、狗)の肉(月)を燃やす(灬)」の意、同「燃」◆～のような、～のように◆しか・も、その上に、それでも◆しか・り、その通り、yes◆,N1,on,on+on,,必:◆かなら・ず、確実に～、間違いなく～、きっと～; 然:◆燃やす、火で焼く、「イヌ(犬、狗)の肉(月)を燃やす(灬)」の意、同「燃」◆～のような、～のように◆しか・も、その上に、それでも◆しか・り、その通り、yes◆
kk_忍ぶ_しのぶ,忍ぶ,しのぶ,忍:◆耐(た)える、厳しさや辛(つら)さに耐える、粘り強く持ち堪(こた)える◆「残忍(ザンニン)」、人に苦痛を与えても平気なさま◆[日]しの・ぶ、人目を避ける,N1,kun,kun,IL1_okurigana(kun 96%) | IL2_single_okuri(kun 96%),忍:◆耐(た)える、厳しさや辛(つら)さに耐える、粘り強く持ち堪(こた)える◆「残忍(ザンニン)」、人に苦痛を与えても平気なさま◆[日]しの・ぶ、人目を避ける
kk_忍耐力_にんたいりょく,忍耐力,にんたいりょく,忍:◆耐(た)える、厳しさや辛(つら)さに耐える、粘り強く持ち堪(こた)える◆「残忍(ザンニン)」、人に苦痛を与えても平気なさま◆[日]しの・ぶ、人目を避ける; 耐:◆粘り強く厳しさや辛(つら)さなどを我慢する、また持ち堪(こた)える◆能(よ)くする◆懲(こ)らしめのために頬髭(ほおひげ)を剃(そ)り落とす、軽い刑罰の一つ、; 力:◆ものを動かすもの、ものを動かしているもの、ものに働(はたら)くもの、「強力(キョウリョク、強い力)」◆働く、務(つと)める、勤(つと)める、「努力(ドリョク、,N1,on,on+on+on,A4_multi_on(on+on+on 65%) | B_verb_rad_力(kun 80%),忍:◆耐(た)える、厳しさや辛(つら)さに耐える、粘り強く持ち堪(こた)える◆「残忍(ザンニン)」、人に苦痛を与えても平気なさま◆[日]しの・ぶ、人目を避ける; 耐:◆粘り強く厳しさや辛(つら)さなどを我慢する、また持ち堪(こた)える◆能(よ)くする◆懲(こ)らしめのために頬髭(ほおひげ)を剃(そ)り落とす、軽い刑罰の一つ、; 力:◆ものを動かすもの、ものを動かしているもの、ものに働(はたら)くもの、「強力(キョウリョク、強い力)」◆働く、務(つと)める、勤(つと)める、「努力(ドリョク、
kk_志_こころざし,志,こころざし,志:◆心が指し示す方向、遂(と)げようとする思いや考え◆思いや考えを成し遂げようとする◆記(しる)す、書き留(と)める、またその記録、同繁「誌」◆[日]こころざし、,N1,kun,kun,IL2_single_default(kun 84%),志:◆心が指し示す方向、遂(と)げようとする思いや考え◆思いや考えを成し遂げようとする◆記(しる)す、書き留(と)める、またその記録、同繁「誌」◆[日]こころざし、
kk_志す_こころざす,志す,こころざす,志:◆心が指し示す方向、遂(と)げようとする思いや考え◆思いや考えを成し遂げようとする◆記(しる)す、書き留(と)める、またその記録、同繁「誌」◆[日]こころざし、,N1,kun,kun,IL1_okurigana(kun 96%) | IL2_single_okuri(kun 96%),志:◆心が指し示す方向、遂(と)げようとする思いや考え◆思いや考えを成し遂げようとする◆記(しる)す、書き留(と)める、またその記録、同繁「誌」◆[日]こころざし、
kk_志願_しがん,志願,しがん,志:◆心が指し示す方向、遂(と)げようとする思いや考え◆思いや考えを成し遂げようとする◆記(しる)す、書き留(と)める、またその記録、同繁「誌」◆[日]こころざし、; 願:◆ひたすら欲しいと思う、望みが叶(かな)って欲しいとひたすら思う◆望むものが手に入るようにと希(こいねが)う、希望する◆ねが・わくは、～したい、～して欲しい、～,N1,on,on+on,A3_short_compound(on+on 71%),志:◆心が指し示す方向、遂(と)げようとする思いや考え◆思いや考えを成し遂げようとする◆記(しる)す、書き留(と)める、またその記録、同繁「誌」◆[日]こころざし、; 願:◆ひたすら欲しいと思う、望みが叶(かな)って欲しいとひたすら思う◆望むものが手に入るようにと希(こいねが)う、希望する◆ねが・わくは、～したい、～して欲しい、～
kk_忙しい_せわしい,忙しい,せわしい,忙:◆あれこれとすべきことが多い、すべきことが多くゆとりがない、同「慌」「恾」◆「急忙(キュウボウ、ジィマン)」、慌(あわただ)しいさま、他のことは差し置いて急ぐさ,N1,kun,kun,IL1_okurigana(kun 96%) | IL2_single_okuri(kun 96%),忙:◆あれこれとすべきことが多い、すべきことが多くゆとりがない、同「慌」「恾」◆「急忙(キュウボウ、ジィマン)」、慌(あわただ)しいさま、他のことは差し置いて急ぐさ
kk_応急_おうきゅう,応急,おうきゅう,応:◆相手からの問い掛けや働き掛けに対して自分の意思を態度で示す、言葉で返すのは「答」◆相手の求めを受け入れる◆当然～すべき、当然～であろう; 急:◆ゆとりがないさま、余裕がないさま、ゆったりとしていないさま◆せ・く、気持ちにゆとりがない、忙(せわ)しい◆いそ・ぐ、間(マ)を置かずに動く、早く動く、せかせか,N1,on,on+on,,応:◆相手からの問い掛けや働き掛けに対して自分の意思を態度で示す、言葉で返すのは「答」◆相手の求めを受け入れる◆当然～すべき、当然～であろう; 急:◆ゆとりがないさま、余裕がないさま、ゆったりとしていないさま◆せ・く、気持ちにゆとりがない、忙(せわ)しい◆いそ・ぐ、間(マ)を置かずに動く、早く動く、せかせか
kk_忠実_ちゅうじつ,忠実,ちゅうじつ,忠:◆心からの誠意(セイイ)、私心(シシン)がなく偽(いつ)りのない気持ちや態度◆(主君に対し)私心を捨て一途(イチズ)に誠(まこと)を尽くす◆[日]律令制で弾正台; 実:◆蓄(たくわ)えが家に満ちているさま◆隙間なく詰まって虚(うつ)ろなところがないさま◆ぎっしりと詰まった中身、草木などの稔(みの)って中がぎっしりと詰まったもの,N1,on,on+on,B_noun_rad_宀(kun 93%),忠:◆心からの誠意(セイイ)、私心(シシン)がなく偽(いつ)りのない気持ちや態度◆(主君に対し)私心を捨て一途(イチズ)に誠(まこと)を尽くす◆[日]律令制で弾正台; 実:◆蓄(たくわ)えが家に満ちているさま◆隙間なく詰まって虚(うつ)ろなところがないさま◆ぎっしりと詰まった中身、草木などの稔(みの)って中がぎっしりと詰まったもの
kk_快い_こころよい,快い,こころよい,快:◆こころよ・い、心がすっきりする、心地がよい、気持ちがよい、「爽快(ソウカイ)」◆すっきりとするさま、さっぱりとしたさま、すっぱりとしたさま◆動きが速い,N1,kun,kun,IL1_okurigana(kun 96%) | IL2_single_okuri(kun 96%),快:◆こころよ・い、心がすっきりする、心地がよい、気持ちがよい、「爽快(ソウカイ)」◆すっきりとするさま、さっぱりとしたさま、すっぱりとしたさま◆動きが速い
kk_快楽_かいらく,快楽,かいらく,快:◆こころよ・い、心がすっきりする、心地がよい、気持ちがよい、「爽快(ソウカイ)」◆すっきりとするさま、さっぱりとしたさま、すっぱりとしたさま◆動きが速い; 楽:◆音を奏(かな)でる、「音楽(オンガク)」◆調和が取れて心地よい、心や体を煩(わずら)わせるものが何もなく安らかで快い、悦(よろこ)ばしい,N1,on,on+on,B_noun_rad_木(kun 93%),快:◆こころよ・い、心がすっきりする、心地がよい、気持ちがよい、「爽快(ソウカイ)」◆すっきりとするさま、さっぱりとしたさま、すっぱりとしたさま◆動きが速い; 楽:◆音を奏(かな)でる、「音楽(オンガク)」◆調和が取れて心地よい、心や体を煩(わずら)わせるものが何もなく安らかで快い、悦(よろこ)ばしい
kk_快諾_かいだく,快諾,かいだく,快:◆こころよ・い、心がすっきりする、心地がよい、気持ちがよい、「爽快(ソウカイ)」◆すっきりとするさま、さっぱりとしたさま、すっぱりとしたさま◆動きが速い; 諾:◆相手の質問や依頼によく考えて応(こた)える、同意・承知・容受の意思を表す「はい」という返事、間髪を入れずに応えるのは「唯」◆うべな・う、相手の言葉を受け入れる,N1,on,on+on,B_verb_rad_言(kun 80%),快:◆こころよ・い、心がすっきりする、心地がよい、気持ちがよい、「爽快(ソウカイ)」◆すっきりとするさま、さっぱりとしたさま、すっぱりとしたさま◆動きが速い; 諾:◆相手の質問や依頼によく考えて応(こた)える、同意・承知・容受の意思を表す「はい」という返事、間髪を入れずに応えるのは「唯」◆うべな・う、相手の言葉を受け入れる
kk_念_ねん,念,ねん,念:◆常に心に留めて思い考える、心の中に留まり去らない思いや考え◆口をほとんど閉じた状態で低い声を長く伸ばして読む◆二十、「廿」の大写字(「二」は「貳」、「三」は「,N1,on,on,IL2_single_default(kun 84%),念:◆常に心に留めて思い考える、心の中に留まり去らない思いや考え◆口をほとんど閉じた状態で低い声を長く伸ばして読む◆二十、「廿」の大写字(「二」は「貳」、「三」は「
kk_念入り_ねんいり,念入り,ねんいり,念:◆常に心に留めて思い考える、心の中に留まり去らない思いや考え◆口をほとんど閉じた状態で低い声を長く伸ばして読む◆二十、「廿」の大写字(「二」は「貳」、「三」は「; 入:◆範囲・領域・組織や区切り・境界の外(外側、外部、表側、向こう側、公のところ)から内(内側、内部、裏側、こちら側、私的なところ)に移る、また移す、内から外へ移る,N1,mixed,on+kun,IL1_okurigana(kun 96%) | A1_compound_oku(kun 90%) | A1_on_kun_mix(on+kun 65%),念:◆常に心に留めて思い考える、心の中に留まり去らない思いや考え◆口をほとんど閉じた状態で低い声を長く伸ばして読む◆二十、「廿」の大写字(「二」は「貳」、「三」は「; 入:◆範囲・領域・組織や区切り・境界の外(外側、外部、表側、向こう側、公のところ)から内(内側、内部、裏側、こちら側、私的なところ)に移る、また移す、内から外へ移る
kk_念願_ねんがん,念願,ねんがん,念:◆常に心に留めて思い考える、心の中に留まり去らない思いや考え◆口をほとんど閉じた状態で低い声を長く伸ばして読む◆二十、「廿」の大写字(「二」は「貳」、「三」は「; 願:◆ひたすら欲しいと思う、望みが叶(かな)って欲しいとひたすら思う◆望むものが手に入るようにと希(こいねが)う、希望する◆ねが・わくは、～したい、～して欲しい、～,N1,on,on+on,,念:◆常に心に留めて思い考える、心の中に留まり去らない思いや考え◆口をほとんど閉じた状態で低い声を長く伸ばして読む◆二十、「廿」の大写字(「二」は「貳」、「三」は「; 願:◆ひたすら欲しいと思う、望みが叶(かな)って欲しいとひたすら思う◆望むものが手に入るようにと希(こいねが)う、希望する◆ねが・わくは、～したい、～して欲しい、～
kk_思い付き_おもいつき,思い付き,おもいつき,思:◆心の中で考える、心に浮かぶ、心に浮かべる、想(おも)う、「思慮(シリョ、あれこれと思いや考えを巡らすこと)」「相思(ソウシ、互いに相手を思うこと、思い合うこと; 付:◆手ずから授(さず)ける、直接手を取って与える、同「仅」◆渡し与える、渡して任せる、委(ゆだ)ねる◆[日]他のものに加える、また添える、また足す、同「附」,N1,kun,kun+kun~,IL1_okurigana(kun 96%) | A1_compound_oku(kun 90%) | A1_on_kun_mix(on+kun 65%),思:◆心の中で考える、心に浮かぶ、心に浮かべる、想(おも)う、「思慮(シリョ、あれこれと思いや考えを巡らすこと)」「相思(ソウシ、互いに相手を思うこと、思い合うこと; 付:◆手ずから授(さず)ける、直接手を取って与える、同「仅」◆渡し与える、渡して任せる、委(ゆだ)ねる◆[日]他のものに加える、また添える、また足す、同「附」
kk_思い遣り_おもいやり,思い遣り,おもいやり,思:◆心の中で考える、心に浮かぶ、心に浮かべる、想(おも)う、「思慮(シリョ、あれこれと思いや考えを巡らすこと)」「相思(ソウシ、互いに相手を思うこと、思い合うこと; 遣:◆人を行かせる、差し向ける、「派遣(ハケン)」◆追いやる、追い払う◆人や物を送る◆死者を葬(ほうむ)る際に共に埋葬する副葬品、「遣車(ケンシャ、副葬品を載せる車,N1,kun,kun+kun~,IL1_okurigana(kun 96%) | A1_compound_oku(kun 90%) | A1_on_kun_mix(on+kun 65%),思:◆心の中で考える、心に浮かぶ、心に浮かべる、想(おも)う、「思慮(シリョ、あれこれと思いや考えを巡らすこと)」「相思(ソウシ、互いに相手を思うこと、思い合うこと; 遣:◆人を行かせる、差し向ける、「派遣(ハケン)」◆追いやる、追い払う◆人や物を送る◆死者を葬(ほうむ)る際に共に埋葬する副葬品、「遣車(ケンシャ、副葬品を載せる車
kk_思う存分_おもうぞんぶん,思う存分,おもうぞんぶん,思:◆心の中で考える、心に浮かぶ、心に浮かべる、想(おも)う、「思慮(シリョ、あれこれと思いや考えを巡らすこと)」「相思(ソウシ、互いに相手を思うこと、思い合うこと; 存:◆そこに在(あ)る、そこに居(い)る、同「侟」◆ながら･える、保つ、長く保ち続ける◆生きている、「存命(ゾンメイ)」◆無事かどうかを問う、気に掛かっていることを; 分:◆一つに纏(まと)まっているものを幾つかに切り離す、また幾つかに仕切る(区切る)、「分割(ブンカツ)」、切り離したものを仕分けることを「別」◆一つの纏まりから一,N1,mixed,kun+on+on~,IL1_okurigana(kun 96%) | A1_compound_oku(kun 90%) | A1_on_kun_mix(on+kun 65%),思:◆心の中で考える、心に浮かぶ、心に浮かべる、想(おも)う、「思慮(シリョ、あれこれと思いや考えを巡らすこと)」「相思(ソウシ、互いに相手を思うこと、思い合うこと; 存:◆そこに在(あ)る、そこに居(い)る、同「侟」◆ながら･える、保つ、長く保ち続ける◆生きている、「存命(ゾンメイ)」◆無事かどうかを問う、気に掛かっていることを; 分:◆一つに纏(まと)まっているものを幾つかに切り離す、また幾つかに仕切る(区切る)、「分割(ブンカツ)」、切り離したものを仕分けることを「別」◆一つの纏まりから一
kk_思わしい_おもわしい,思わしい,おもわしい,思:◆心の中で考える、心に浮かぶ、心に浮かべる、想(おも)う、「思慮(シリョ、あれこれと思いや考えを巡らすこと)」「相思(ソウシ、互いに相手を思うこと、思い合うこと,N1,kun,kun,IL1_okurigana(kun 96%) | IL2_single_okuri(kun 96%),思:◆心の中で考える、心に浮かぶ、心に浮かべる、想(おも)う、「思慮(シリョ、あれこれと思いや考えを巡らすこと)」「相思(ソウシ、互いに相手を思うこと、思い合うこと
kk_思惑_おもわく,思惑,おもわく,思:◆心の中で考える、心に浮かぶ、心に浮かべる、想(おも)う、「思慮(シリョ、あれこれと思いや考えを巡らすこと)」「相思(ソウシ、互いに相手を思うこと、思い合うこと; 惑:◆あれこれと心が乱れる、どうしてよいか分からずに迷う、判断や区別が定まらない◆人を迷わせる,N1,mixed,kun+on~,,思:◆心の中で考える、心に浮かぶ、心に浮かべる、想(おも)う、「思慮(シリョ、あれこれと思いや考えを巡らすこと)」「相思(ソウシ、互いに相手を思うこと、思い合うこと; 惑:◆あれこれと心が乱れる、どうしてよいか分からずに迷う、判断や区別が定まらない◆人を迷わせる
kk_思索_しさく,思索,しさく,思:◆心の中で考える、心に浮かぶ、心に浮かべる、想(おも)う、「思慮(シリョ、あれこれと思いや考えを巡らすこと)」「相思(ソウシ、互いに相手を思うこと、思い合うこと; 索:◆ものに繋(つな)ぐ(ものを繋ぐ)太い縄(なわ)や綱(つな)、またそのような用途・形状のもの(紐・弦・鎖・ケーブルcableなど)、同「䌇」◆(手蔓てづるを頼り,N1,on,on+on,A3_short_compound(on+on 71%),思:◆心の中で考える、心に浮かぶ、心に浮かべる、想(おも)う、「思慮(シリョ、あれこれと思いや考えを巡らすこと)」「相思(ソウシ、互いに相手を思うこと、思い合うこと; 索:◆ものに繋(つな)ぐ(ものを繋ぐ)太い縄(なわ)や綱(つな)、またそのような用途・形状のもの(紐・弦・鎖・ケーブルcableなど)、同「䌇」◆(手蔓てづるを頼り
kk_思考_しこう,思考,しこう,思:◆心の中で考える、心に浮かぶ、心に浮かべる、想(おも)う、「思慮(シリョ、あれこれと思いや考えを巡らすこと)」「相思(ソウシ、互いに相手を思うこと、思い合うこと; 考:◆老いているさま、高齢なさま、「壽考(ジュコウ、長生きなさま、長生きな人)」◆亡くなった父親に対する呼称、母親は「妣」、妻は「嬪」、「考妣(コウヒ、両親、亡くな,N1,on,on+on,A3_short_compound(on+on 71%),思:◆心の中で考える、心に浮かぶ、心に浮かべる、想(おも)う、「思慮(シリョ、あれこれと思いや考えを巡らすこと)」「相思(ソウシ、互いに相手を思うこと、思い合うこと; 考:◆老いているさま、高齢なさま、「壽考(ジュコウ、長生きなさま、長生きな人)」◆亡くなった父親に対する呼称、母親は「妣」、妻は「嬪」、「考妣(コウヒ、両親、亡くな
kk_怠る_おこたる,怠る,おこたる,怠:◆おこた・る、緊張感がなくすべきことをしない◆なま・ける、気が緩(ゆる)んで進んでしようとしない、だらだらとして身が入らない、同「懈」,N1,kun,kun,IL1_okurigana(kun 96%) | IL2_single_okuri(kun 96%),怠:◆おこた・る、緊張感がなくすべきことをしない◆なま・ける、気が緩(ゆる)んで進んでしようとしない、だらだらとして身が入らない、同「懈」
kk_怠慢_たいまん,怠慢,たいまん,怠:◆おこた・る、緊張感がなくすべきことをしない◆なま・ける、気が緩(ゆる)んで進んでしようとしない、だらだらとして身が入らない、同「懈」; 慢:◆緩(ゆる)む、ゆっくりとしたさま、だらだらとしているさま◆鈍(のろ)い、怠(なま)ける、だらだらとして締まりがない◆気が回らない、緊張感がない、注意力や集中力,N1,on,on+on,,怠:◆おこた・る、緊張感がなくすべきことをしない◆なま・ける、気が緩(ゆる)んで進んでしようとしない、だらだらとして身が入らない、同「懈」; 慢:◆緩(ゆる)む、ゆっくりとしたさま、だらだらとしているさま◆鈍(のろ)い、怠(なま)ける、だらだらとして締まりがない◆気が回らない、緊張感がない、注意力や集中力
kk_急かす_せかす,急かす,せかす,急:◆ゆとりがないさま、余裕がないさま、ゆったりとしていないさま◆せ・く、気持ちにゆとりがない、忙(せわ)しい◆いそ・ぐ、間(マ)を置かずに動く、早く動く、せかせか,N1,kun,kun,IL1_okurigana(kun 96%) | IL2_single_okuri(kun 96%),急:◆ゆとりがないさま、余裕がないさま、ゆったりとしていないさま◆せ・く、気持ちにゆとりがない、忙(せわ)しい◆いそ・ぐ、間(マ)を置かずに動く、早く動く、せかせか
kk_急かせる_せかせる,急かせる,せかせる,急:◆ゆとりがないさま、余裕がないさま、ゆったりとしていないさま◆せ・く、気持ちにゆとりがない、忙(せわ)しい◆いそ・ぐ、間(マ)を置かずに動く、早く動く、せかせか,N1,kun,kun,IL1_okurigana(kun 96%) | IL2_single_okuri(kun 96%),急:◆ゆとりがないさま、余裕がないさま、ゆったりとしていないさま◆せ・く、気持ちにゆとりがない、忙(せわ)しい◆いそ・ぐ、間(マ)を置かずに動く、早く動く、せかせか
kk_急減_きゅうげん,急減,きゅうげん,急:◆ゆとりがないさま、余裕がないさま、ゆったりとしていないさま◆せ・く、気持ちにゆとりがない、忙(せわ)しい◆いそ・ぐ、間(マ)を置かずに動く、早く動く、せかせか; 減:◆少なくなる、全体から一部がなくなる◆軽くなる、落ちる、下がる◆差し引く,N1,on,on+on,,急:◆ゆとりがないさま、余裕がないさま、ゆったりとしていないさま◆せ・く、気持ちにゆとりがない、忙(せわ)しい◆いそ・ぐ、間(マ)を置かずに動く、早く動く、せかせか; 減:◆少なくなる、全体から一部がなくなる◆軽くなる、落ちる、下がる◆差し引く
kk_急落_きゅうらく,急落,きゅうらく,急:◆ゆとりがないさま、余裕がないさま、ゆったりとしていないさま◆せ・く、気持ちにゆとりがない、忙(せわ)しい◆いそ・ぐ、間(マ)を置かずに動く、早く動く、せかせか; 落:◆上にあったものが下に移動する、高い所から下に位置を変える、「落下(ラッカ)」「墜落(ツイラク)」◆枯れ衰える、(枯れた葉が)地に墜ちる、「没落(ボツラク)」「,N1,on,on+on,,急:◆ゆとりがないさま、余裕がないさま、ゆったりとしていないさま◆せ・く、気持ちにゆとりがない、忙(せわ)しい◆いそ・ぐ、間(マ)を置かずに動く、早く動く、せかせか; 落:◆上にあったものが下に移動する、高い所から下に位置を変える、「落下(ラッカ)」「墜落(ツイラク)」◆枯れ衰える、(枯れた葉が)地に墜ちる、「没落(ボツラク)」「
kk_急騰_きゅうとう,急騰,きゅうとう,急:◆ゆとりがないさま、余裕がないさま、ゆったりとしていないさま◆せ・く、気持ちにゆとりがない、忙(せわ)しい◆いそ・ぐ、間(マ)を置かずに動く、早く動く、せかせか; 騰:◆勢いよく足を上げる、高く跳(と)び上がる、躍(おど)り上がる、同「驣」「䠮」「𦫀」◆勢いよく上がる、高く上がる◆馬を勢いよく走らせる、馬が跳(は)ねるように疾,N1,on,on+on,,急:◆ゆとりがないさま、余裕がないさま、ゆったりとしていないさま◆せ・く、気持ちにゆとりがない、忙(せわ)しい◆いそ・ぐ、間(マ)を置かずに動く、早く動く、せかせか; 騰:◆勢いよく足を上げる、高く跳(と)び上がる、躍(おど)り上がる、同「驣」「䠮」「𦫀」◆勢いよく上がる、高く上がる◆馬を勢いよく走らせる、馬が跳(は)ねるように疾
kk_性急_せいきゅう,性急,せいきゅう,性:◆生まれながらに持っている能力・性格・習癖・運命などの無形のもの◆男女・雄雌の別、男女間また雄雌間の本能的な関係◆物事が具えている資質や能力; 急:◆ゆとりがないさま、余裕がないさま、ゆったりとしていないさま◆せ・く、気持ちにゆとりがない、忙(せわ)しい◆いそ・ぐ、間(マ)を置かずに動く、早く動く、せかせか,N1,on,on+on,,性:◆生まれながらに持っている能力・性格・習癖・運命などの無形のもの◆男女・雄雌の別、男女間また雄雌間の本能的な関係◆物事が具えている資質や能力; 急:◆ゆとりがないさま、余裕がないさま、ゆったりとしていないさま◆せ・く、気持ちにゆとりがない、忙(せわ)しい◆いそ・ぐ、間(マ)を置かずに動く、早く動く、せかせか
kk_怯える_おびえる,怯える,おびえる,怯:◆恐がってびくびくする(おどおどする)、後込(しりご)みする、同「㹤」◆小心なさま、臆病なさま、肝(きも)が小さいさま、「怯懦(キョウダ)」,N1,kun,kun,IL1_okurigana(kun 96%) | IL2_single_okuri(kun 96%),怯:◆恐がってびくびくする(おどおどする)、後込(しりご)みする、同「㹤」◆小心なさま、臆病なさま、肝(きも)が小さいさま、「怯懦(キョウダ)」
kk_恍ける/惚ける_とぼける,恍ける/惚ける,とぼける,恍:◆心を奪われてぼうっとする、ぼんやりする◆「恍惚(コウコツ)」◇頭が空っぽになって何も考えらないさま、ぼうっとするさま◇[日]心を奪われてうっとりするさま◆「恍; 惚:◆ぼうっとして思考や行動が鈍くなる、ぼんやりするさま◆微(かす)かで見分けがつかないさま◆「恍惚(コウコツ)」◇頭が空っぽになって何も考えらないさま、ぼうっとす,N1,kun,kun+kun~,IL1_okurigana(kun 96%) | A1_compound_oku(kun 90%) | A1_on_kun_mix(on+kun 65%),恍:◆心を奪われてぼうっとする、ぼんやりする◆「恍惚(コウコツ)」◇頭が空っぽになって何も考えらないさま、ぼうっとするさま◇[日]心を奪われてうっとりするさま◆「恍; 惚:◆ぼうっとして思考や行動が鈍くなる、ぼんやりするさま◆微(かす)かで見分けがつかないさま◆「恍惚(コウコツ)」◇頭が空っぽになって何も考えらないさま、ぼうっとす
kk_恐竜_きょうりゅう,恐竜,きょうりゅう,恐:◆おそ・れる、危害や不幸が及ぶかもしれないとびくびくする、また心配する、また不安になる◆おそ・らく、おそ・れ、多分、～となるかもしれない、好ましくない状態になる; 竜:◆角(つの)と鬚(ひげ)を持ち体は細長く鱗(うろこ)があり、春分に天に昇り秋分に淵(ふち)に潜むという想像上の動物◆天子・君主・皇帝を指す語、「龍飛(リュウヒ、,N1,on,on+on,,恐:◆おそ・れる、危害や不幸が及ぶかもしれないとびくびくする、また心配する、また不安になる◆おそ・らく、おそ・れ、多分、～となるかもしれない、好ましくない状態になる; 竜:◆角(つの)と鬚(ひげ)を持ち体は細長く鱗(うろこ)があり、春分に天に昇り秋分に淵(ふち)に潜むという想像上の動物◆天子・君主・皇帝を指す語、「龍飛(リュウヒ、
kk_恥じらう_はじらう,恥じらう,はじらう,恥:◆面目(メンモク)ない、顔向けできない、きまりが悪い、「恥辱(チジョク)」「羞恥(シュウチ)」,N1,kun,kun,IL1_okurigana(kun 96%) | IL2_single_okuri(kun 96%),恥:◆面目(メンモク)ない、顔向けできない、きまりが悪い、「恥辱(チジョク)」「羞恥(シュウチ)」
kk_恥じる_はじる,恥じる,はじる,恥:◆面目(メンモク)ない、顔向けできない、きまりが悪い、「恥辱(チジョク)」「羞恥(シュウチ)」,N1,kun,kun,IL1_okurigana(kun 96%) | IL2_single_okuri(kun 96%),恥:◆面目(メンモク)ない、顔向けできない、きまりが悪い、「恥辱(チジョク)」「羞恥(シュウチ)」
kk_恭しい_うやうやしい,恭しい,うやうやしい,恭:◆敬い礼を尽くす、畏(かしこ)まり慎み深く振る舞う、敬う気持ちを「敬」といい、それを態度や行動で示すことを「恭」という,N1,kun,kun,IL1_okurigana(kun 96%) | IL2_single_okuri(kun 96%),恭:◆敬い礼を尽くす、畏(かしこ)まり慎み深く振る舞う、敬う気持ちを「敬」といい、それを態度や行動で示すことを「恭」という
kk_息抜き_いきぬき,息抜き,いきぬき,息:◆いき、口や鼻で吐いたり吸ったりする空気◆呼吸する、一度吐いて吸うことを「一息」という◆生きている◆止(や)む、鎮(しず)まる、落ち着く、同「熄」◆休む、休憩す; 抜:◆多くの中で一部だけが見えているところを掴んで引っ張り出す◆多くの中から必要なもの或いは不必要なものを選んで取り出す◆多くの中でそこだけ(それだけ)が突き出てい,N1,kun,kun+kun,IL1_okurigana(kun 96%) | A1_compound_oku(kun 90%) | A1_on_kun_mix(on+kun 65%),息:◆いき、口や鼻で吐いたり吸ったりする空気◆呼吸する、一度吐いて吸うことを「一息」という◆生きている◆止(や)む、鎮(しず)まる、落ち着く、同「熄」◆休む、休憩す; 抜:◆多くの中で一部だけが見えているところを掴んで引っ張り出す◆多くの中から必要なもの或いは不必要なものを選んで取り出す◆多くの中でそこだけ(それだけ)が突き出てい
kk_恵み_めぐみ,恵み,めぐみ,恵:◆慈(いつく)しみの心を持って金品を与える、相手に対し思いやりの気持ちを持って接する、「恩惠(オンケイ)」「惠風(ケイフウ、恵みの風、穏おだやかで暖かい風)」◆,N1,kun,kun,IL1_okurigana(kun 96%) | IL2_single_okuri(kun 96%),恵:◆慈(いつく)しみの心を持って金品を与える、相手に対し思いやりの気持ちを持って接する、「恩惠(オンケイ)」「惠風(ケイフウ、恵みの風、穏おだやかで暖かい風)」◆
kk_悉く/尽く_ことごとく,悉く/尽く,ことごとく,悉:◆ことごと・く、全て、余すところなく、あるものを残らず、「悉皆(シッカイ、全て)」「悉心(シッシン、心を尽くす)」「悉数(シッスウ、あるだけ全てを列挙する)」「; 尽:◆器の中身を空(から)にする、全てを出し切る、同「儘」◆全て終える、最後まで全(まっと)うする◆ことごと・く、全て、余すところなく、あるものを残らず◆繁「盡」◆,N1,kun,kun+kun~,IL1_okurigana(kun 96%) | A1_compound_oku(kun 90%) | A1_on_kun_mix(on+kun 65%),悉:◆ことごと・く、全て、余すところなく、あるものを残らず、「悉皆(シッカイ、全て)」「悉心(シッシン、心を尽くす)」「悉数(シッスウ、あるだけ全てを列挙する)」「; 尽:◆器の中身を空(から)にする、全てを出し切る、同「儘」◆全て終える、最後まで全(まっと)うする◆ことごと・く、全て、余すところなく、あるものを残らず◆繁「盡」◆
kk_悟る_さとる,悟る,さとる,悟:◆眠りから醒(さ)める◆それまで見えなかったものが見えるようになる、迷いから覚(さ)める、ぼんやりしていた物事をはっきりと理解する(できる)ようになる,N1,kun,kun,IL1_okurigana(kun 96%) | IL2_single_okuri(kun 96%),悟:◆眠りから醒(さ)める◆それまで見えなかったものが見えるようになる、迷いから覚(さ)める、ぼんやりしていた物事をはっきりと理解する(できる)ようになる
kk_患う_わずらう,患う,わずらう,患:◆憂(うれ)える、悩み苦しむ◆悩みや苦しみを齎(もたら)す災難、禍(わざわい)◆病(や)む、病気になる,N1,kun,kun,IL1_okurigana(kun 96%) | IL2_single_okuri(kun 96%),患:◆憂(うれ)える、悩み苦しむ◆悩みや苦しみを齎(もたら)す災難、禍(わざわい)◆病(や)む、病気になる
kk_悩ましい_なやましい,悩ましい,なやましい,悩:◆なや・む、迷い苦しむ、心が乱れる,N1,kun,kun,IL1_okurigana(kun 96%) | IL2_single_okuri(kun 96%),悩:◆なや・む、迷い苦しむ、心が乱れる
kk_悪しからず_あしからず,悪しからず,あしからず,悪:◆良くない、劣る、好ましくない◆憎む、好ましくない(良くない)感情を抱く◆不快な、不吉な◆忌(いま)まわしい、醜(みにく)い、またそのように行い◆道を誤る、道義,N1,kun,kun,IL1_okurigana(kun 96%) | IL2_single_okuri(kun 96%),悪:◆良くない、劣る、好ましくない◆憎む、好ましくない(良くない)感情を抱く◆不快な、不吉な◆忌(いま)まわしい、醜(みにく)い、またそのように行い◆道を誤る、道義
kk_悪人_あくにん,悪人,あくにん,悪:◆良くない、劣る、好ましくない◆憎む、好ましくない(良くない)感情を抱く◆不快な、不吉な◆忌(いま)まわしい、醜(みにく)い、またそのように行い◆道を誤る、道義; 人:◆霊長目ヒト科ヒト属の生物、ホモ・サピエンスHomo sapiens(「知恵の人」の意)、同「儿」◆自分以外の者、「人我(ジンガ、他人と自分)」◆人の数(かず),N1,on,on+on,,悪:◆良くない、劣る、好ましくない◆憎む、好ましくない(良くない)感情を抱く◆不快な、不吉な◆忌(いま)まわしい、醜(みにく)い、またそのように行い◆道を誤る、道義; 人:◆霊長目ヒト科ヒト属の生物、ホモ・サピエンスHomo sapiens(「知恵の人」の意)、同「儿」◆自分以外の者、「人我(ジンガ、他人と自分)」◆人の数(かず)
kk_悪徳_あくとく,悪徳,あくとく,悪:◆良くない、劣る、好ましくない◆憎む、好ましくない(良くない)感情を抱く◆不快な、不吉な◆忌(いま)まわしい、醜(みにく)い、またそのように行い◆道を誤る、道義; 徳:◆生まれながらに備わっている性質、もの本来の性質、本性(ホンショウ)◆本来の行いや考え、人として尊(とうと)び守るべき(進むべき)道、「道徳(ドウトク)」◆自ら,N1,on,on+on,,悪:◆良くない、劣る、好ましくない◆憎む、好ましくない(良くない)感情を抱く◆不快な、不吉な◆忌(いま)まわしい、醜(みにく)い、またそのように行い◆道を誤る、道義; 徳:◆生まれながらに備わっている性質、もの本来の性質、本性(ホンショウ)◆本来の行いや考え、人として尊(とうと)び守るべき(進むべき)道、「道徳(ドウトク)」◆自ら
kk_悪質_あくしつ,悪質,あくしつ,悪:◆良くない、劣る、好ましくない◆憎む、好ましくない(良くない)感情を抱く◆不快な、不吉な◆忌(いま)まわしい、醜(みにく)い、またそのように行い◆道を誤る、道義; 質:◆本来の、元々(もともと)の、「本質(ホンシツ)」◆本来のままであるさま、素(す)のままであるさま、「質素(シッソ)」◆そのものが持つ本来の価値や中身、また性格,N1,on,on+on,,悪:◆良くない、劣る、好ましくない◆憎む、好ましくない(良くない)感情を抱く◆不快な、不吉な◆忌(いま)まわしい、醜(みにく)い、またそのように行い◆道を誤る、道義; 質:◆本来の、元々(もともと)の、「本質(ホンシツ)」◆本来のままであるさま、素(す)のままであるさま、「質素(シッソ)」◆そのものが持つ本来の価値や中身、また性格
kk_悪～_あく～,悪～,あく～,悪:◆良くない、劣る、好ましくない◆憎む、好ましくない(良くない)感情を抱く◆不快な、不吉な◆忌(いま)まわしい、醜(みにく)い、またそのように行い◆道を誤る、道義,N1,on,on,IL2_single_default(kun 84%),悪:◆良くない、劣る、好ましくない◆憎む、好ましくない(良くない)感情を抱く◆不快な、不吉な◆忌(いま)まわしい、醜(みにく)い、またそのように行い◆道を誤る、道義
kk_悲観_ひかん,悲観,ひかん,悲:◆心が深く(ひりひりと)痛む、心が締め付けられているような感じがして苦しむ、声は出るが涙は出ない状態、「【說文解字注:心部:悲】痛也(按憯者痛之深者也恫者痛之專; 観:◆隅々までしっかりと見る、余すところなく見尽くす、「觀察(カンサツ、細部まで詳しく見て調べる)」、「【說文解字注:見部:觀】諦視也(宷諦之視也穀梁傳曰常事曰視非,N1,on,on+on,A3_short_compound(on+on 71%),悲:◆心が深く(ひりひりと)痛む、心が締め付けられているような感じがして苦しむ、声は出るが涙は出ない状態、「【說文解字注:心部:悲】痛也(按憯者痛之深者也恫者痛之專; 観:◆隅々までしっかりと見る、余すところなく見尽くす、「觀察(カンサツ、細部まで詳しく見て調べる)」、「【說文解字注:見部:觀】諦視也(宷諦之視也穀梁傳曰常事曰視非
kk_悲観的_ひかんてき,悲観的,ひかんてき,悲:◆心が深く(ひりひりと)痛む、心が締め付けられているような感じがして苦しむ、声は出るが涙は出ない状態、「【說文解字注:心部:悲】痛也(按憯者痛之深者也恫者痛之專; 観:◆隅々までしっかりと見る、余すところなく見尽くす、「觀察(カンサツ、細部まで詳しく見て調べる)」、「【說文解字注:見部:觀】諦視也(宷諦之視也穀梁傳曰常事曰視非; 的:◆弓で矢を射(い)る時の目標とするもの、同「㢩」「墑」◆額(ひたい)の部分だけが白い馬、またその額の白い部分、女性が額に施(ほどこ)す(赤い点状の)装飾◆(弓の,N1,on,on+on+on,A4_multi_on(on+on+on 65%),悲:◆心が深く(ひりひりと)痛む、心が締め付けられているような感じがして苦しむ、声は出るが涙は出ない状態、「【說文解字注:心部:悲】痛也(按憯者痛之深者也恫者痛之專; 観:◆隅々までしっかりと見る、余すところなく見尽くす、「觀察(カンサツ、細部まで詳しく見て調べる)」、「【說文解字注:見部:觀】諦視也(宷諦之視也穀梁傳曰常事曰視非; 的:◆弓で矢を射(い)る時の目標とするもの、同「㢩」「墑」◆額(ひたい)の部分だけが白い馬、またその額の白い部分、女性が額に施(ほどこ)す(赤い点状の)装飾◆(弓の
kk_悲鳴_ひめい,悲鳴,ひめい,悲:◆心が深く(ひりひりと)痛む、心が締め付けられているような感じがして苦しむ、声は出るが涙は出ない状態、「【說文解字注:心部:悲】痛也(按憯者痛之深者也恫者痛之專; 鳴:◆鳥が声を発する、またその声◆鳥・獣(けもの)・昆虫などの発する声、楽器や物などが発する音、またその音がする、またその音が伝わり聞こえて来る,N1,on,on+on,A3_short_compound(on+on 71%),悲:◆心が深く(ひりひりと)痛む、心が締め付けられているような感じがして苦しむ、声は出るが涙は出ない状態、「【說文解字注:心部:悲】痛也(按憯者痛之深者也恫者痛之專; 鳴:◆鳥が声を発する、またその声◆鳥・獣(けもの)・昆虫などの発する声、楽器や物などが発する音、またその音がする、またその音が伝わり聞こえて来る
kk_悼む_いたむ,悼む,いたむ,悼:◆死者を偲び心から悲しむ、死者に思いを致して心を痛める,N1,kun,kun,IL1_okurigana(kun 96%) | IL2_single_okuri(kun 96%),悼:◆死者を偲び心から悲しむ、死者に思いを致して心を痛める
kk_情_じょう,情,じょう,情:◆物事(特に他の人)からの働き掛けで起こる喜怒哀楽愛好悪欲などの心の動き、「感情(カンジョウ)」◆他に寄せる思い、「愛情(アイジョウ)」◆異性に寄せる思い、好意,N1,on,on,IL2_single_default(kun 84%),情:◆物事(特に他の人)からの働き掛けで起こる喜怒哀楽愛好悪欲などの心の動き、「感情(カンジョウ)」◆他に寄せる思い、「愛情(アイジョウ)」◆異性に寄せる思い、好意
kk_情け_なさけ,情け,なさけ,情:◆物事(特に他の人)からの働き掛けで起こる喜怒哀楽愛好悪欲などの心の動き、「感情(カンジョウ)」◆他に寄せる思い、「愛情(アイジョウ)」◆異性に寄せる思い、好意,N1,kun,kun,IL1_okurigana(kun 96%) | IL2_single_okuri(kun 96%),情:◆物事(特に他の人)からの働き掛けで起こる喜怒哀楽愛好悪欲などの心の動き、「感情(カンジョウ)」◆他に寄せる思い、「愛情(アイジョウ)」◆異性に寄せる思い、好意
kk_情けない_なさけない,情けない,なさけない,情:◆物事(特に他の人)からの働き掛けで起こる喜怒哀楽愛好悪欲などの心の動き、「感情(カンジョウ)」◆他に寄せる思い、「愛情(アイジョウ)」◆異性に寄せる思い、好意,N1,kun,kun,IL1_okurigana(kun 96%) | IL2_single_okuri(kun 96%),情:◆物事(特に他の人)からの働き掛けで起こる喜怒哀楽愛好悪欲などの心の動き、「感情(カンジョウ)」◆他に寄せる思い、「愛情(アイジョウ)」◆異性に寄せる思い、好意
kk_情け深い_なさけぶはい,情け深い,なさけぶはい,情:◆物事(特に他の人)からの働き掛けで起こる喜怒哀楽愛好悪欲などの心の動き、「感情(カンジョウ)」◆他に寄せる思い、「愛情(アイジョウ)」◆異性に寄せる思い、好意; 深:◆水面から底までの距離が大きい、入口から奥までが遠い、表面から内部に大きく入り込んでいる◆基準とする時や時間から長い時や時間が経(た)つ、「深夜(シンヤ)」「深,N1,other,mixed+mixed~,IL1_okurigana(kun 96%) | A1_compound_oku(kun 90%) | A1_on_kun_mix(on+kun 65%),情:◆物事(特に他の人)からの働き掛けで起こる喜怒哀楽愛好悪欲などの心の動き、「感情(カンジョウ)」◆他に寄せる思い、「愛情(アイジョウ)」◆異性に寄せる思い、好意; 深:◆水面から底までの距離が大きい、入口から奥までが遠い、表面から内部に大きく入り込んでいる◆基準とする時や時間から長い時や時間が経(た)つ、「深夜(シンヤ)」「深
kk_情勢_じょうせい,情勢,じょうせい,情:◆物事(特に他の人)からの働き掛けで起こる喜怒哀楽愛好悪欲などの心の動き、「感情(カンジョウ)」◆他に寄せる思い、「愛情(アイジョウ)」◆異性に寄せる思い、好意; 勢:◆他を押さえ押し退ける力が強いさま、他に大きな影響を及ぼすさま◆物事の変化の様子や程度(「情勢」「時勢」など)、変化のあるものの姿や状態(「姿勢」「形勢」など),N1,on,on+on,B_verb_rad_力(kun 80%),情:◆物事(特に他の人)からの働き掛けで起こる喜怒哀楽愛好悪欲などの心の動き、「感情(カンジョウ)」◆他に寄せる思い、「愛情(アイジョウ)」◆異性に寄せる思い、好意; 勢:◆他を押さえ押し退ける力が強いさま、他に大きな影響を及ぼすさま◆物事の変化の様子や程度(「情勢」「時勢」など)、変化のあるものの姿や状態(「姿勢」「形勢」など)
kk_情緒/じょうしょ_じょうちょ,情緒/じょうしょ,じょうちょ,情:◆物事(特に他の人)からの働き掛けで起こる喜怒哀楽愛好悪欲などの心の動き、「感情(カンジョウ)」◆他に寄せる思い、「愛情(アイジョウ)」◆異性に寄せる思い、好意; 緒:◆長い糸の先端、糸口(いとぐち)、「端緒(タンショ、タンチョ)」◆物事などの始まり、発端(ホッタン)、「緒言(ショゲン)」◆家系などの途切れずに続く繋(つな)が,N1,on,on+on,IL1_okurigana(kun 96%) | A1_compound_oku(kun 90%) | A1_on_kun_mix(on+kun 65%),情:◆物事(特に他の人)からの働き掛けで起こる喜怒哀楽愛好悪欲などの心の動き、「感情(カンジョウ)」◆他に寄せる思い、「愛情(アイジョウ)」◆異性に寄せる思い、好意; 緒:◆長い糸の先端、糸口(いとぐち)、「端緒(タンショ、タンチョ)」◆物事などの始まり、発端(ホッタン)、「緒言(ショゲン)」◆家系などの途切れずに続く繋(つな)が
kk_惚/呆ける（耄ける）_ぼける,惚/呆ける（耄ける）,ぼける,惚:◆ぼうっとして思考や行動が鈍くなる、ぼんやりするさま◆微(かす)かで見分けがつかないさま◆「恍惚(コウコツ)」◇頭が空っぽになって何も考えらないさま、ぼうっとす; 呆:◆(動きや反応や切れ味が)鈍(にぶ)い、ぼんやりしている、同繁「獃」◆[日]あき・れる、咄嗟(トッサ)のことでどうしてよいか分からない、あまりのことにどう反応し; 耄:◆老齢(九十歳、或いは八十歳・七十歳)であるさま、年老いた人、同「旄」◆年老いて動作や判断が鈍(にぶ)いさま、同「旄」,N1,on,mixed+mixed+on~,IL1_okurigana(kun 96%) | A1_compound_oku(kun 90%) | A1_on_kun_mix(on+kun 65%),惚:◆ぼうっとして思考や行動が鈍くなる、ぼんやりするさま◆微(かす)かで見分けがつかないさま◆「恍惚(コウコツ)」◇頭が空っぽになって何も考えらないさま、ぼうっとす; 呆:◆(動きや反応や切れ味が)鈍(にぶ)い、ぼんやりしている、同繁「獃」◆[日]あき・れる、咄嗟(トッサ)のことでどうしてよいか分からない、あまりのことにどう反応し; 耄:◆老齢(九十歳、或いは八十歳・七十歳)であるさま、年老いた人、同「旄」◆年老いて動作や判断が鈍(にぶ)いさま、同「旄」
kk_惚け/呆け/（耄け）_ぼけ,惚け/呆け/（耄け）,ぼけ,惚:◆ぼうっとして思考や行動が鈍くなる、ぼんやりするさま◆微(かす)かで見分けがつかないさま◆「恍惚(コウコツ)」◇頭が空っぽになって何も考えらないさま、ぼうっとす; 呆:◆(動きや反応や切れ味が)鈍(にぶ)い、ぼんやりしている、同繁「獃」◆[日]あき・れる、咄嗟(トッサ)のことでどうしてよいか分からない、あまりのことにどう反応し; 耄:◆老齢(九十歳、或いは八十歳・七十歳)であるさま、年老いた人、同「旄」◆年老いて動作や判断が鈍(にぶ)いさま、同「旄」,N1,on,mixed+mixed+on~,IL1_okurigana(kun 96%) | A1_compound_oku(kun 90%) | A1_on_kun_mix(on+kun 65%),惚:◆ぼうっとして思考や行動が鈍くなる、ぼんやりするさま◆微(かす)かで見分けがつかないさま◆「恍惚(コウコツ)」◇頭が空っぽになって何も考えらないさま、ぼうっとす; 呆:◆(動きや反応や切れ味が)鈍(にぶ)い、ぼんやりしている、同繁「獃」◆[日]あき・れる、咄嗟(トッサ)のことでどうしてよいか分からない、あまりのことにどう反応し; 耄:◆老齢(九十歳、或いは八十歳・七十歳)であるさま、年老いた人、同「旄」◆年老いて動作や判断が鈍(にぶ)いさま、同「旄」
kk_惜しむ_おしむ,惜しむ,おしむ,惜:◆残念に思う、心が痛む◆お・しむ、手放しがたい、手の内から離れてしまわないように大切にする,N1,kun,kun,IL1_okurigana(kun 96%) | IL2_single_okuri(kun 96%),惜:◆残念に思う、心が痛む◆お・しむ、手放しがたい、手の内から離れてしまわないように大切にする
kk_惣菜/総菜_そうざい,惣菜/総菜,そうざい,惣:◆纏(まと)める、纏めて一つにする、同「總」「総」「揔」◆全て、皆(みな)、遍(あまね)く、同「總」「総」「揔」; 菜:◆食用にする草の総称◆主食に添えて出されるおかず、料理; 総:◆纏(まと)める、纏めて一つにする、同「總」「揔」「惣」◆すべ・て、全て、皆(みな)、遍(あまね)く、同「總」「揔」「惣」◆ふさ、長い糸や紐の一方を束ね、もう片,N1,on,on+mixed+mixed+mixed~,A4_multi_on(on+on+on+on 65%),惣:◆纏(まと)める、纏めて一つにする、同「總」「総」「揔」◆全て、皆(みな)、遍(あまね)く、同「總」「総」「揔」; 菜:◆食用にする草の総称◆主食に添えて出されるおかず、料理; 総:◆纏(まと)める、纏めて一つにする、同「總」「揔」「惣」◆すべ・て、全て、皆(みな)、遍(あまね)く、同「總」「揔」「惣」◆ふさ、長い糸や紐の一方を束ね、もう片
kk_意向_いこう,意向,いこう,意:◆心の中にあって外(言葉や態度・行動など)には出さない思いや考え、心の動きや働き、気持ち◆物事の内にあって表には現れ出ないもの、内に込められているもの; 向:◆窓、北側に面した窓、同「郷」、「丿冂」は「宀」で「屋根のある建物」、「口」は「壁などに空いた窓」の意◆目的とするところを目指して行く、基点となるところから遠ざ,N1,on,on+on,A3_short_compound(on+on 71%),意:◆心の中にあって外(言葉や態度・行動など)には出さない思いや考え、心の動きや働き、気持ち◆物事の内にあって表には現れ出ないもの、内に込められているもの; 向:◆窓、北側に面した窓、同「郷」、「丿冂」は「宀」で「屋根のある建物」、「口」は「壁などに空いた窓」の意◆目的とするところを目指して行く、基点となるところから遠ざ
kk_意図_いと,意図,いと,意:◆心の中にあって外(言葉や態度・行動など)には出さない思いや考え、心の動きや働き、気持ち◆物事の内にあって表には現れ出ないもの、内に込められているもの; 図:◆四角い紙などに地形やものの形やその様相などを描く、また描いたもの◆はか・る、事に先立って案を作る、計画する,N1,on,on+on,A3_short_compound(on+on 71%),意:◆心の中にあって外(言葉や態度・行動など)には出さない思いや考え、心の動きや働き、気持ち◆物事の内にあって表には現れ出ないもの、内に込められているもの; 図:◆四角い紙などに地形やものの形やその様相などを描く、また描いたもの◆はか・る、事に先立って案を作る、計画する
kk_意地_いじ,意地,いじ,意:◆心の中にあって外(言葉や態度・行動など)には出さない思いや考え、心の動きや働き、気持ち◆物事の内にあって表には現れ出ないもの、内に込められているもの; 地:◆重い陰気が(下に沈み)集まるところ、万物が居並ぶ(存在する)ところ、軽い陽気が(上に浮き)集まるところを「天(テン)」、「【說文解字注:土部:地】元气初分輕清,N1,on,on+on,A3_short_compound(on+on 71%),意:◆心の中にあって外(言葉や態度・行動など)には出さない思いや考え、心の動きや働き、気持ち◆物事の内にあって表には現れ出ないもの、内に込められているもの; 地:◆重い陰気が(下に沈み)集まるところ、万物が居並ぶ(存在する)ところ、軽い陽気が(上に浮き)集まるところを「天(テン)」、「【說文解字注:土部:地】元气初分輕清
kk_意欲_いよく,意欲,いよく,意:◆心の中にあって外(言葉や態度・行動など)には出さない思いや考え、心の動きや働き、気持ち◆物事の内にあって表には現れ出ないもの、内に込められているもの; 欲:◆望むものを得(え)たいと思う、望むようにしたい(なりたい)と思う、またそれを強く望む、「貪欲(ドンヨク、貪慾)」、同「慾」◆～しそうである、～になりそうである,N1,on,on+on,A3_short_compound(on+on 71%),意:◆心の中にあって外(言葉や態度・行動など)には出さない思いや考え、心の動きや働き、気持ち◆物事の内にあって表には現れ出ないもの、内に込められているもの; 欲:◆望むものを得(え)たいと思う、望むようにしたい(なりたい)と思う、またそれを強く望む、「貪欲(ドンヨク、貪慾)」、同「慾」◆～しそうである、～になりそうである
kk_意気込み_いきごみ,意気込み,いきごみ,意:◆心の中にあって外(言葉や態度・行動など)には出さない思いや考え、心の動きや働き、気持ち◆物事の内にあって表には現れ出ないもの、内に込められているもの; 気:◆中国古来の考えで、天地全ての事物の基本要素、目に見えず形状は一定しない、あらゆる事物の生死・盛衰などの変化・変動はこの「気」の移動・集散によるものと考えられた; 込:◆[日]中に(内に、裏に、見えないところに)入(はい)る、入(い)れる,N1,mixed,on+on+kun~,IL1_okurigana(kun 96%) | A1_compound_oku(kun 90%) | A1_on_kun_mix(on+kun 65%),意:◆心の中にあって外(言葉や態度・行動など)には出さない思いや考え、心の動きや働き、気持ち◆物事の内にあって表には現れ出ないもの、内に込められているもの; 気:◆中国古来の考えで、天地全ての事物の基本要素、目に見えず形状は一定しない、あらゆる事物の生死・盛衰などの変化・変動はこの「気」の移動・集散によるものと考えられた; 込:◆[日]中に(内に、裏に、見えないところに)入(はい)る、入(い)れる
kk_意気込む_いきごむ,意気込む,いきごむ,意:◆心の中にあって外(言葉や態度・行動など)には出さない思いや考え、心の動きや働き、気持ち◆物事の内にあって表には現れ出ないもの、内に込められているもの; 気:◆中国古来の考えで、天地全ての事物の基本要素、目に見えず形状は一定しない、あらゆる事物の生死・盛衰などの変化・変動はこの「気」の移動・集散によるものと考えられた; 込:◆[日]中に(内に、裏に、見えないところに)入(はい)る、入(い)れる,N1,mixed,on+on+kun~,IL1_okurigana(kun 96%) | A1_compound_oku(kun 90%) | A1_on_kun_mix(on+kun 65%),意:◆心の中にあって外(言葉や態度・行動など)には出さない思いや考え、心の動きや働き、気持ち◆物事の内にあって表には現れ出ないもの、内に込められているもの; 気:◆中国古来の考えで、天地全ての事物の基本要素、目に見えず形状は一定しない、あらゆる事物の生死・盛衰などの変化・変動はこの「気」の移動・集散によるものと考えられた; 込:◆[日]中に(内に、裏に、見えないところに)入(はい)る、入(い)れる
kk_愚か_おろか,愚か,おろか,愚:◆智慧(チエ)が身に付いていない、頭の働きや反応が鈍(にぶ)い、またそのような人◆自分や自分に関することを言う語の頭に付けて謙遜の意味を表す、相手に対する敬称は,N1,kun,kun,IL1_okurigana(kun 96%) | IL2_single_okuri(kun 96%),愚:◆智慧(チエ)が身に付いていない、頭の働きや反応が鈍(にぶ)い、またそのような人◆自分や自分に関することを言う語の頭に付けて謙遜の意味を表す、相手に対する敬称は
kk_愚痴_ぐち,愚痴,ぐち,愚:◆智慧(チエ)が身に付いていない、頭の働きや反応が鈍(にぶ)い、またそのような人◆自分や自分に関することを言う語の頭に付けて謙遜の意味を表す、相手に対する敬称は; 痴:◆無知なさま、愚かなさま、同「𠈴」◆物事の認識や判断が正常にできない、またそのような病気◆思慮(シリョ)が足りない、またそのような振る舞い,N1,on,on+on,A3_short_compound(on+on 71%),愚:◆智慧(チエ)が身に付いていない、頭の働きや反応が鈍(にぶ)い、またそのような人◆自分や自分に関することを言う語の頭に付けて謙遜の意味を表す、相手に対する敬称は; 痴:◆無知なさま、愚かなさま、同「𠈴」◆物事の認識や判断が正常にできない、またそのような病気◆思慮(シリョ)が足りない、またそのような振る舞い
kk_愛くるしい_あいくるしい,愛くるしい,あいくるしい,愛:◆相手に心を寄せる、慕(した)う、またその気持◆心から慈(いつく)しむ、優しく大切に可愛がる◆心から好む、気に入る、気に入って手放せない,N1,on,on,IL1_okurigana(kun 96%) | IL2_single_okuri(kun 96%),愛:◆相手に心を寄せる、慕(した)う、またその気持◆心から慈(いつく)しむ、優しく大切に可愛がる◆心から好む、気に入る、気に入って手放せない
kk_愛しい_いとしい,愛しい,いとしい,愛:◆相手に心を寄せる、慕(した)う、またその気持◆心から慈(いつく)しむ、優しく大切に可愛がる◆心から好む、気に入る、気に入って手放せない,N1,kun,kun,IL1_okurigana(kun 96%) | IL2_single_okuri(kun 96%),愛:◆相手に心を寄せる、慕(した)う、またその気持◆心から慈(いつく)しむ、優しく大切に可愛がる◆心から好む、気に入る、気に入って手放せない
kk_愛嬌_あいきょう,愛嬌,あいきょう,愛:◆相手に心を寄せる、慕(した)う、またその気持◆心から慈(いつく)しむ、優しく大切に可愛がる◆心から好む、気に入る、気に入って手放せない; 嬌:◆愛らしい、愛くるしい、可愛らしい、「嬌児(キョウジ、可愛い子、可愛い我が子)」◆なよなよとして艶(なま)めかしい、「婀嬌(アキョウ)」,N1,on,on+on,,愛:◆相手に心を寄せる、慕(した)う、またその気持◆心から慈(いつく)しむ、優しく大切に可愛がる◆心から好む、気に入る、気に入って手放せない; 嬌:◆愛らしい、愛くるしい、可愛らしい、「嬌児(キョウジ、可愛い子、可愛い我が子)」◆なよなよとして艶(なま)めかしい、「婀嬌(アキョウ)」
kk_愛顧_あいこ,愛顧,あいこ,愛:◆相手に心を寄せる、慕(した)う、またその気持◆心から慈(いつく)しむ、優しく大切に可愛がる◆心から好む、気に入る、気に入って手放せない; 顧:◆頭を回転させて周りを(左右や後ろを)見る、「回顧(カイコ)」◆後ろを振り向いて見る、(後ろを、過去を)振り返る◆周りに心を振り向ける、気配りをする,N1,on,on+on,A3_short_compound(on+on 71%),愛:◆相手に心を寄せる、慕(した)う、またその気持◆心から慈(いつく)しむ、優しく大切に可愛がる◆心から好む、気に入る、気に入って手放せない; 顧:◆頭を回転させて周りを(左右や後ろを)見る、「回顧(カイコ)」◆後ろを振り向いて見る、(後ろを、過去を)振り返る◆周りに心を振り向ける、気配りをする
kk_感性_かんせい,感性,かんせい,感:◆外部から受けた刺激を知覚する◆外部からの刺激を受けて心や体が反応する、また動く; 性:◆生まれながらに持っている能力・性格・習癖・運命などの無形のもの◆男女・雄雌の別、男女間また雄雌間の本能的な関係◆物事が具えている資質や能力,N1,on,on+on,,感:◆外部から受けた刺激を知覚する◆外部からの刺激を受けて心や体が反応する、また動く; 性:◆生まれながらに持っている能力・性格・習癖・運命などの無形のもの◆男女・雄雌の別、男女間また雄雌間の本能的な関係◆物事が具えている資質や能力
kk_感無量_かんむりょう,感無量,かんむりょう,感:◆外部から受けた刺激を知覚する◆外部からの刺激を受けて心や体が反応する、また動く; 無:◆ない、存在しない、有(ゆう)していない◆～ではない、～であってはならない◆簡「无」; 量:◆容積(体積)またその軽重・大小の程度、またそれを計測する、またそれを計測するための容器 ◆ものの大きさや重さを推(お)し測る◆入れ物(いれもの)の大きさ、もの,N1,on,on+on+on,A4_multi_on(on+on+on 65%),感:◆外部から受けた刺激を知覚する◆外部からの刺激を受けて心や体が反応する、また動く; 無:◆ない、存在しない、有(ゆう)していない◆～ではない、～であってはならない◆簡「无」; 量:◆容積(体積)またその軽重・大小の程度、またそれを計測する、またそれを計測するための容器 ◆ものの大きさや重さを推(お)し測る◆入れ物(いれもの)の大きさ、もの
kk_感触_かんしょく,感触,かんしょく,感:◆外部から受けた刺激を知覚する◆外部からの刺激を受けて心や体が反応する、また動く; 触:◆角(つの)の先端が当たる、尖(とが)ったものの先端が軽く当たる、同「𧢻」◆一部分(全体の中のある限られた部分、狭い部分)に当たる、また押し当てる◆法で禁じられ,N1,on,on+on,,感:◆外部から受けた刺激を知覚する◆外部からの刺激を受けて心や体が反応する、また動く; 触:◆角(つの)の先端が当たる、尖(とが)ったものの先端が軽く当たる、同「𧢻」◆一部分(全体の中のある限られた部分、狭い部分)に当たる、また押し当てる◆法で禁じられ
kk_感電_かんでん,感電,かんでん,感:◆外部から受けた刺激を知覚する◆外部からの刺激を受けて心や体が反応する、また動く; 電:◆雷(かみなり)の光、稲妻(いなずま)◆光や音のように一瞬で遠くまで届くもの、また伝わるもの,N1,on,on+on,B_noun_rad_雨(kun 93%),感:◆外部から受けた刺激を知覚する◆外部からの刺激を受けて心や体が反応する、また動く; 電:◆雷(かみなり)の光、稲妻(いなずま)◆光や音のように一瞬で遠くまで届くもの、また伝わるもの
kk_態々_わざわざ,態々,わざわざ,態:◆心中の思いや考えなどが表に(体の動きになって)現れ出る、またその様子、「態度(タイド)」、「【說文解字注:心部:態】意態也(…意態者有是意因有是狀故曰意態…),N1,kun,kun,IL2_single_default(kun 84%),態:◆心中の思いや考えなどが表に(体の動きになって)現れ出る、またその様子、「態度(タイド)」、「【說文解字注:心部:態】意態也(…意態者有是意因有是狀故曰意態…)
kk_態とらしい_わざとらしい,態とらしい,わざとらしい,態:◆心中の思いや考えなどが表に(体の動きになって)現れ出る、またその様子、「態度(タイド)」、「【說文解字注:心部:態】意態也(…意態者有是意因有是狀故曰意態…),N1,kun,kun,IL1_okurigana(kun 96%) | IL2_single_okuri(kun 96%),態:◆心中の思いや考えなどが表に(体の動きになって)現れ出る、またその様子、「態度(タイド)」、「【說文解字注:心部:態】意態也(…意態者有是意因有是狀故曰意態…)
kk_態勢_たいせい,態勢,たいせい,態:◆心中の思いや考えなどが表に(体の動きになって)現れ出る、またその様子、「態度(タイド)」、「【說文解字注:心部:態】意態也(…意態者有是意因有是狀故曰意態…); 勢:◆他を押さえ押し退ける力が強いさま、他に大きな影響を及ぼすさま◆物事の変化の様子や程度(「情勢」「時勢」など)、変化のあるものの姿や状態(「姿勢」「形勢」など),N1,on,on+on,B_verb_rad_力(kun 80%),態:◆心中の思いや考えなどが表に(体の動きになって)現れ出る、またその様子、「態度(タイド)」、「【說文解字注:心部:態】意態也(…意態者有是意因有是狀故曰意態…); 勢:◆他を押さえ押し退ける力が強いさま、他に大きな影響を及ぼすさま◆物事の変化の様子や程度(「情勢」「時勢」など)、変化のあるものの姿や状態(「姿勢」「形勢」など)
kk_慎/謹んで_つつしんで,慎/謹んで,つつしんで,慎:◆謹(つつし)む、隅々まで心を配(くば)る、気を配る、またそのように振る舞う、同「㥲」「謹」◆「慎重(シンチョウ)」、隅々まで配慮すること; 謹:◆慎(つつし)む、隅々まで心を配(くば)る、気を配る、またそのように振る舞う、同「慎」◆「謹慎(キンシン)」、隅々まで配慮すること、細部にまで注意を払うこと、言,N1,mixed,on+kun~,IL1_okurigana(kun 96%) | A1_compound_oku(kun 90%) | A1_on_kun_mix(on+kun 65%),慎:◆謹(つつし)む、隅々まで心を配(くば)る、気を配る、またそのように振る舞う、同「㥲」「謹」◆「慎重(シンチョウ)」、隅々まで配慮すること; 謹:◆慎(つつし)む、隅々まで心を配(くば)る、気を配る、またそのように振る舞う、同「慎」◆「謹慎(キンシン)」、隅々まで配慮すること、細部にまで注意を払うこと、言
kk_慎む/謹む_つつしむ,慎む/謹む,つつしむ,慎:◆謹(つつし)む、隅々まで心を配(くば)る、気を配る、またそのように振る舞う、同「㥲」「謹」◆「慎重(シンチョウ)」、隅々まで配慮すること; 謹:◆慎(つつし)む、隅々まで心を配(くば)る、気を配る、またそのように振る舞う、同「慎」◆「謹慎(キンシン)」、隅々まで配慮すること、細部にまで注意を払うこと、言,N1,kun,kun+kun~,IL1_okurigana(kun 96%) | A1_compound_oku(kun 90%) | A1_on_kun_mix(on+kun 65%),慎:◆謹(つつし)む、隅々まで心を配(くば)る、気を配る、またそのように振る舞う、同「㥲」「謹」◆「慎重(シンチョウ)」、隅々まで配慮すること; 謹:◆慎(つつし)む、隅々まで心を配(くば)る、気を配る、またそのように振る舞う、同「慎」◆「謹慎(キンシン)」、隅々まで配慮すること、細部にまで注意を払うこと、言
kk_慕う_したう,慕う,したう,慕:◆大切に思っている人・憧(あこが)れている人・愛している人に思いを寄せる,N1,kun,kun,IL1_okurigana(kun 96%) | IL2_single_okuri(kun 96%),慕:◆大切に思っている人・憧(あこが)れている人・愛している人に思いを寄せる
kk_慣らす_ならす,慣らす,ならす,慣:◆何度も繰り返す、何度も繰り返すことによって身に付ける、同「習」「摜」◆なら・わし、繰り返されることで身に付いたこと、普段から繰り返し行われること、同「習」,N1,kun,kun,IL1_okurigana(kun 96%) | IL2_single_okuri(kun 96%),慣:◆何度も繰り返す、何度も繰り返すことによって身に付ける、同「習」「摜」◆なら・わし、繰り返されることで身に付いたこと、普段から繰り返し行われること、同「習」
kk_慣れ_なれ,慣れ,なれ,慣:◆何度も繰り返す、何度も繰り返すことによって身に付ける、同「習」「摜」◆なら・わし、繰り返されることで身に付いたこと、普段から繰り返し行われること、同「習」,N1,kun,kun,IL1_okurigana(kun 96%) | IL2_single_okuri(kun 96%),慣:◆何度も繰り返す、何度も繰り返すことによって身に付ける、同「習」「摜」◆なら・わし、繰り返されることで身に付いたこと、普段から繰り返し行われること、同「習」
kk_慣例_かんれい,慣例,かんれい,慣:◆何度も繰り返す、何度も繰り返すことによって身に付ける、同「習」「摜」◆なら・わし、繰り返されることで身に付いたこと、普段から繰り返し行われること、同「習」; 例:◆たと・える、たと・えば、同じ種類・性質のものを列挙(レッキョ)する◆(同様のものを並べて)比べる、「比例(ヒレイ)」◆ためし、以前から行われていること、以前と,N1,on,on+on,,慣:◆何度も繰り返す、何度も繰り返すことによって身に付ける、同「習」「摜」◆なら・わし、繰り返されることで身に付いたこと、普段から繰り返し行われること、同「習」; 例:◆たと・える、たと・えば、同じ種類・性質のものを列挙(レッキョ)する◆(同様のものを並べて)比べる、「比例(ヒレイ)」◆ためし、以前から行われていること、以前と
kk_慣性_かんせい,慣性,かんせい,慣:◆何度も繰り返す、何度も繰り返すことによって身に付ける、同「習」「摜」◆なら・わし、繰り返されることで身に付いたこと、普段から繰り返し行われること、同「習」; 性:◆生まれながらに持っている能力・性格・習癖・運命などの無形のもの◆男女・雄雌の別、男女間また雄雌間の本能的な関係◆物事が具えている資質や能力,N1,on,on+on,,慣:◆何度も繰り返す、何度も繰り返すことによって身に付ける、同「習」「摜」◆なら・わし、繰り返されることで身に付いたこと、普段から繰り返し行われること、同「習」; 性:◆生まれながらに持っている能力・性格・習癖・運命などの無形のもの◆男女・雄雌の別、男女間また雄雌間の本能的な関係◆物事が具えている資質や能力
kk_慣用_かんよう,慣用,かんよう,慣:◆何度も繰り返す、何度も繰り返すことによって身に付ける、同「習」「摜」◆なら・わし、繰り返されることで身に付いたこと、普段から繰り返し行われること、同「習」; 用:◆人や物、或いはその特性や能力を使う、また使ってあることを行う、また役立たせる◆働かせる、発揮させる、またそのために必要な特性・能力・金銭など◆以(もっ)て◆[,N1,on,on+on,,慣:◆何度も繰り返す、何度も繰り返すことによって身に付ける、同「習」「摜」◆なら・わし、繰り返されることで身に付いたこと、普段から繰り返し行われること、同「習」; 用:◆人や物、或いはその特性や能力を使う、また使ってあることを行う、また役立たせる◆働かせる、発揮させる、またそのために必要な特性・能力・金銭など◆以(もっ)て◆[
kk_慣習_かんしゅう,慣習,かんしゅう,慣:◆何度も繰り返す、何度も繰り返すことによって身に付ける、同「習」「摜」◆なら・わし、繰り返されることで身に付いたこと、普段から繰り返し行われること、同「習」; 習:◆何度も繰り返す、何度も繰り返すことによって身に付ける、同「慣」◆なら・わし、繰り返されることで身に付いたこと、普段から繰り返し行われること、同「慣」,N1,on,on+on,,慣:◆何度も繰り返す、何度も繰り返すことによって身に付ける、同「習」「摜」◆なら・わし、繰り返されることで身に付いたこと、普段から繰り返し行われること、同「習」; 習:◆何度も繰り返す、何度も繰り返すことによって身に付ける、同「慣」◆なら・わし、繰り返されることで身に付いたこと、普段から繰り返し行われること、同「慣」
kk_慣行_かんこう,慣行,かんこう,慣:◆何度も繰り返す、何度も繰り返すことによって身に付ける、同「習」「摜」◆なら・わし、繰り返されることで身に付いたこと、普段から繰り返し行われること、同「習」; 行:◆左足を前に出し(彳)次に右足を前に出す(亍)、足を交互に動かして前に進む◆目的とするところに向かって進む◆遠くに出掛ける、旅に出る◆道、人が往来する道路、同「,N1,on,on+on,,慣:◆何度も繰り返す、何度も繰り返すことによって身に付ける、同「習」「摜」◆なら・わし、繰り返されることで身に付いたこと、普段から繰り返し行われること、同「習」; 行:◆左足を前に出し(彳)次に右足を前に出す(亍)、足を交互に動かして前に進む◆目的とするところに向かって進む◆遠くに出掛ける、旅に出る◆道、人が往来する道路、同「
kk_慰留_いりゅう,慰留,いりゅう,慰:◆気持ちを安(やす)らげ和(なご)ませる、宥(なだ)め落ち着かせる◆心が安らぐ、安心する◆[日]心を楽しませるもの(こと); 留:◆動きを止(と)める、動きを止めて同じ場所や状態に止(とど)まる◆同じ状態が残る、同じ状態で残す,N1,on,on+on,A3_short_compound(on+on 71%),慰:◆気持ちを安(やす)らげ和(なご)ませる、宥(なだ)め落ち着かせる◆心が安らぐ、安心する◆[日]心を楽しませるもの(こと); 留:◆動きを止(と)める、動きを止めて同じ場所や状態に止(とど)まる◆同じ状態が残る、同じ状態で残す
kk_憂い/愁い_うれい,憂い/愁い,うれい,憂:◆心配する、あれこれと思いが巡(めぐ)り悩む、心が揺れ動く、同簡「忧」◆(特に親の)喪(も、死者を追悼するために家に籠って慎む、その一定の期間)、「【商書:說命; 愁:◆もの悲しく思う、侘びしい、秋の心情◆憂(うれ)える、あれこれと思いが巡(めぐ)り心が揺れ動く,N1,mixed,on+kun~,IL1_okurigana(kun 96%) | A1_compound_oku(kun 90%) | A1_on_kun_mix(on+kun 65%),憂:◆心配する、あれこれと思いが巡(めぐ)り悩む、心が揺れ動く、同簡「忧」◆(特に親の)喪(も、死者を追悼するために家に籠って慎む、その一定の期間)、「【商書:說命; 愁:◆もの悲しく思う、侘びしい、秋の心情◆憂(うれ)える、あれこれと思いが巡(めぐ)り心が揺れ動く
kk_憂える/愁える/患える_うれえる,憂える/愁える/患える,うれえる,憂:◆心配する、あれこれと思いが巡(めぐ)り悩む、心が揺れ動く、同簡「忧」◆(特に親の)喪(も、死者を追悼するために家に籠って慎む、その一定の期間)、「【商書:說命; 愁:◆もの悲しく思う、侘びしい、秋の心情◆憂(うれ)える、あれこれと思いが巡(めぐ)り心が揺れ動く; 患:◆憂(うれ)える、悩み苦しむ◆悩みや苦しみを齎(もたら)す災難、禍(わざわい)◆病(や)む、病気になる,N1,mixed,on+kun+kun~,IL1_okurigana(kun 96%) | A1_compound_oku(kun 90%) | A1_on_kun_mix(on+kun 65%),憂:◆心配する、あれこれと思いが巡(めぐ)り悩む、心が揺れ動く、同簡「忧」◆(特に親の)喪(も、死者を追悼するために家に籠って慎む、その一定の期間)、「【商書:說命; 愁:◆もの悲しく思う、侘びしい、秋の心情◆憂(うれ)える、あれこれと思いが巡(めぐ)り心が揺れ動く; 患:◆憂(うれ)える、悩み苦しむ◆悩みや苦しみを齎(もたら)す災難、禍(わざわい)◆病(や)む、病気になる
kk_憂鬱_ゆううつ,憂鬱,ゆううつ,憂:◆心配する、あれこれと思いが巡(めぐ)り悩む、心が揺れ動く、同簡「忧」◆(特に親の)喪(も、死者を追悼するために家に籠って慎む、その一定の期間)、「【商書:說命; 鬱:◆木が辺りを塞(ふさ)ぐように生い茂るさま、同「鬰」「䖇」◆樹木の香りが辺りに立ち籠(こ)める、籠(こ)もる、周りを塞がれて行き所がなくなる、「鬱陶(ウットウ),N1,on,on+on,,憂:◆心配する、あれこれと思いが巡(めぐ)り悩む、心が揺れ動く、同簡「忧」◆(特に親の)喪(も、死者を追悼するために家に籠って慎む、その一定の期間)、「【商書:說命; 鬱:◆木が辺りを塞(ふさ)ぐように生い茂るさま、同「鬰」「䖇」◆樹木の香りが辺りに立ち籠(こ)める、籠(こ)もる、周りを塞がれて行き所がなくなる、「鬱陶(ウットウ)
kk_憎しみ_にくしみ,憎しみ,にくしみ,憎:◆嫌悪感(ケンオカン)や反感(ハンカン)を抱(いだ)く、嫌(きら)う,N1,kun,kun,IL1_okurigana(kun 96%) | IL2_single_okuri(kun 96%),憎:◆嫌悪感(ケンオカン)や反感(ハンカン)を抱(いだ)く、嫌(きら)う
kk_憎たらしい_にくたらしい,憎たらしい,にくたらしい,憎:◆嫌悪感(ケンオカン)や反感(ハンカン)を抱(いだ)く、嫌(きら)う,N1,kun,kun,IL1_okurigana(kun 96%) | IL2_single_okuri(kun 96%),憎:◆嫌悪感(ケンオカン)や反感(ハンカン)を抱(いだ)く、嫌(きら)う
kk_憚る_はばかる,憚る,はばかる,憚:◆意に沿わないことを(意に沿わないことになるのではないかと恐れて)避ける、また嫌(きら)う、同「憚」◆[日]気兼ね(きがね)する、気兼ねして差し控える,N1,kun,kun,IL1_okurigana(kun 96%) | IL2_single_okuri(kun 96%),憚:◆意に沿わないことを(意に沿わないことになるのではないかと恐れて)避ける、また嫌(きら)う、同「憚」◆[日]気兼ね(きがね)する、気兼ねして差し控える
kk_憤り_いきどおり,憤り,いきどおり,憤:◆心に思いが満ちる、不平や不満が鬱積(ウッセキ)し膨(ふく)れ上がる◆内に満ちている感情を一気に吐き出す◆怒る、突然怒り出す,N1,kun,kun,IL1_okurigana(kun 96%) | IL2_single_okuri(kun 96%),憤:◆心に思いが満ちる、不平や不満が鬱積(ウッセキ)し膨(ふく)れ上がる◆内に満ちている感情を一気に吐き出す◆怒る、突然怒り出す
kk_憤慨_ふんがい,憤慨,ふんがい,憤:◆心に思いが満ちる、不平や不満が鬱積(ウッセキ)し膨(ふく)れ上がる◆内に満ちている感情を一気に吐き出す◆怒る、突然怒り出す; 慨:◆心中に様々な感情(悲しみ・怒り・喜びなど)が満ちる◆思いが詰まって思わず溜息(ためいき)をつく◆「慷慨、忼慨(コウガイ)」、高まる、気分が高ぶる、意気が高揚す,N1,on,on+on,,憤:◆心に思いが満ちる、不平や不満が鬱積(ウッセキ)し膨(ふく)れ上がる◆内に満ちている感情を一気に吐き出す◆怒る、突然怒り出す; 慨:◆心中に様々な感情(悲しみ・怒り・喜びなど)が満ちる◆思いが詰まって思わず溜息(ためいき)をつく◆「慷慨、忼慨(コウガイ)」、高まる、気分が高ぶる、意気が高揚す
kk_憩い_いこい,憩い,いこい,憩:◆一息(ひといき)つく、止(とど)まって一休みする、休息する、同「愒」,N1,kun,kun,IL1_okurigana(kun 96%) | IL2_single_okuri(kun 96%),憩:◆一息(ひといき)つく、止(とど)まって一休みする、休息する、同「愒」
kk_懇親会_こんしんかい,懇親会,こんしんかい,懇:◆真心(まごころ)がこもったさま、「懇誠(コンセイ)」、同「豤」「悃」; 親:◆身近にいる、近しい◆関係が近い、関係が深い◆父母◆血縁・婚姻関係にある人◆深く付き合う、気兼ねなく接することができる、気の置けない◆自ら、自分で; 会:◆人が集まる、同じ時間や場所に(同じ目的で)集まる、「会合(カイゴウ)」◆多くの人が(出向いて)集まる、また集まったところ、「集会(シュウカイ)」「都会(トカイ,N1,on,on+on+on,A4_multi_on(on+on+on 65%),懇:◆真心(まごころ)がこもったさま、「懇誠(コンセイ)」、同「豤」「悃」; 親:◆身近にいる、近しい◆関係が近い、関係が深い◆父母◆血縁・婚姻関係にある人◆深く付き合う、気兼ねなく接することができる、気の置けない◆自ら、自分で; 会:◆人が集まる、同じ時間や場所に(同じ目的で)集まる、「会合(カイゴウ)」◆多くの人が(出向いて)集まる、また集まったところ、「集会(シュウカイ)」「都会(トカイ
kk_懐く_なつく,懐く,なつく,懐:◆着物の前合わせ(体の前で重ね合わさったところ)や着物と下着の間、同「褱」◆周りが覆われている内側、心の中、腹の中◆包み込む、胸に抱(だ)く、心に思い抱(いだ),N1,kun,kun,IL1_okurigana(kun 96%) | IL2_single_okuri(kun 96%),懐:◆着物の前合わせ(体の前で重ね合わさったところ)や着物と下着の間、同「褱」◆周りが覆われている内側、心の中、腹の中◆包み込む、胸に抱(だ)く、心に思い抱(いだ)
kk_懲りる_こりる,懲りる,こりる,懲:◆こ・らしめる、罰を与えて(繰り返し同じような)過ちを犯さないよう改めさせる◆こ・りる、小さな過ちを悔いて大きな過ちをしないように反省し改める,N1,kun,kun,IL1_okurigana(kun 96%) | IL2_single_okuri(kun 96%),懲:◆こ・らしめる、罰を与えて(繰り返し同じような)過ちを犯さないよう改めさせる◆こ・りる、小さな過ちを悔いて大きな過ちをしないように反省し改める
kk_懲役_ちょうえき,懲役,ちょうえき,懲:◆こ・らしめる、罰を与えて(繰り返し同じような)過ちを犯さないよう改めさせる◆こ・りる、小さな過ちを悔いて大きな過ちをしないように反省し改める; 役:◆辺境の守備をさせる、人に厳しい労働をさせる◆労働、戦(いくさ)、またそれらの労務に服する人◆割り当てられた任務や職務、またそれを務める人,N1,on,on+on,,懲:◆こ・らしめる、罰を与えて(繰り返し同じような)過ちを犯さないよう改めさせる◆こ・りる、小さな過ちを悔いて大きな過ちをしないように反省し改める; 役:◆辺境の守備をさせる、人に厳しい労働をさせる◆労働、戦(いくさ)、またそれらの労務に服する人◆割り当てられた任務や職務、またそれを務める人
kk_成り行き_なりゆき,成り行き,なりゆき,成:◆為(な)す、形や状態などを変えようとする、また変わろうとする◆本来の形や状態になる、目的・目標を持って働き、当初の目的・目標に達する、出来上がる、仕上がる、「; 行:◆左足を前に出し(彳)次に右足を前に出す(亍)、足を交互に動かして前に進む◆目的とするところに向かって進む◆遠くに出掛ける、旅に出る◆道、人が往来する道路、同「,N1,kun,kun+kun~,IL1_okurigana(kun 96%) | A1_compound_oku(kun 90%) | A1_on_kun_mix(on+kun 65%),成:◆為(な)す、形や状態などを変えようとする、また変わろうとする◆本来の形や状態になる、目的・目標を持って働き、当初の目的・目標に達する、出来上がる、仕上がる、「; 行:◆左足を前に出し(彳)次に右足を前に出す(亍)、足を交互に動かして前に進む◆目的とするところに向かって進む◆遠くに出掛ける、旅に出る◆道、人が往来する道路、同「
kk_成る丈_なるたけ,成る丈,なるたけ,成:◆為(な)す、形や状態などを変えようとする、また変わろうとする◆本来の形や状態になる、目的・目標を持って働き、当初の目的・目標に達する、出来上がる、仕上がる、「; 丈:◆長さの単位、1丈=10尺 ◆年長者また老人に対する敬称、「老丈(ロウジョウ、ご老人)」◆「丈夫(ジョウフ)」◇夫(おっと)◇男(おとこ)、成人の男性◇堂々(ド,N1,kun,kun+kun~,IL1_okurigana(kun 96%) | A1_compound_oku(kun 90%) | A1_on_kun_mix(on+kun 65%),成:◆為(な)す、形や状態などを変えようとする、また変わろうとする◆本来の形や状態になる、目的・目標を持って働き、当初の目的・目標に達する、出来上がる、仕上がる、「; 丈:◆長さの単位、1丈=10尺 ◆年長者また老人に対する敬称、「老丈(ロウジョウ、ご老人)」◆「丈夫(ジョウフ)」◇夫(おっと)◇男(おとこ)、成人の男性◇堂々(ド
kk_成否_せいひ,成否,せいひ,成:◆為(な)す、形や状態などを変えようとする、また変わろうとする◆本来の形や状態になる、目的・目標を持って働き、当初の目的・目標に達する、出来上がる、仕上がる、「; 否:◆いな、いや、いいや、同意できない、認められない、受け入れられない、否定・不同意の言葉、同「不」◆然(しか)らずんば、～でなければ～、同「否」◆そうではない、他,N1,on,on+on,A3_short_compound(on+on 71%),成:◆為(な)す、形や状態などを変えようとする、また変わろうとする◆本来の形や状態になる、目的・目標を持って働き、当初の目的・目標に達する、出来上がる、仕上がる、「; 否:◆いな、いや、いいや、同意できない、認められない、受け入れられない、否定・不同意の言葉、同「不」◆然(しか)らずんば、～でなければ～、同「否」◆そうではない、他
kk_成就_じょうじゅ,成就,じょうじゅ,成:◆為(な)す、形や状態などを変えようとする、また変わろうとする◆本来の形や状態になる、目的・目標を持って働き、当初の目的・目標に達する、出来上がる、仕上がる、「; 就:◆つ・く、近くまで行く、近くに付いて従う◆物事に取り掛かるための位置につく、「就任」「就職」「就寝」など◆成る、成し遂げる◆[日]つ・いて、～に関して、即ち,N1,on,on+on,A3_short_compound(on+on 71%),成:◆為(な)す、形や状態などを変えようとする、また変わろうとする◆本来の形や状態になる、目的・目標を持って働き、当初の目的・目標に達する、出来上がる、仕上がる、「; 就:◆つ・く、近くまで行く、近くに付いて従う◆物事に取り掛かるための位置につく、「就任」「就職」「就寝」など◆成る、成し遂げる◆[日]つ・いて、～に関して、即ち
kk_成果_せいか,成果,せいか,成:◆為(な)す、形や状態などを変えようとする、また変わろうとする◆本来の形や状態になる、目的・目標を持って働き、当初の目的・目標に達する、出来上がる、仕上がる、「; 果:◆木の実、同「菓」◆は・たす、最後まで成し遂げる◆(芽を出し生長し花を咲かせ最終的には実が成ることから)物事の結末、最後まで成し遂げることによって得るもの、「結,N1,on,on+on,A3_short_compound(on+on 71%) | B_noun_rad_木(kun 93%),成:◆為(な)す、形や状態などを変えようとする、また変わろうとする◆本来の形や状態になる、目的・目標を持って働き、当初の目的・目標に達する、出来上がる、仕上がる、「; 果:◆木の実、同「菓」◆は・たす、最後まで成し遂げる◆(芽を出し生長し花を咲かせ最終的には実が成ることから)物事の結末、最後まで成し遂げることによって得るもの、「結
kk_成約_せいやく,成約,せいやく,成:◆為(な)す、形や状態などを変えようとする、また変わろうとする◆本来の形や状態になる、目的・目標を持って働き、当初の目的・目標に達する、出来上がる、仕上がる、「; 約:◆束ねる、纏(まと)めて束ねる、小さく纏める、同「𠣩」◆結ぶ、結び目、「約定(ヤクジョウ、互いに取り決め結び合うこと)」◆「約束(ヤクソク)」◇しっかりと縛(し,N1,on,on+on,,成:◆為(な)す、形や状態などを変えようとする、また変わろうとする◆本来の形や状態になる、目的・目標を持って働き、当初の目的・目標に達する、出来上がる、仕上がる、「; 約:◆束ねる、纏(まと)めて束ねる、小さく纏める、同「𠣩」◆結ぶ、結び目、「約定(ヤクジョウ、互いに取り決め結び合うこと)」◆「約束(ヤクソク)」◇しっかりと縛(し
kk_我_われ,我,われ,我:◆自分の、主に所有格(my)や目的格(me)で用いられ、主格(I)では「吾」が用いられる、「我見(ガケン、私見、わたしの見解)」◆自分、自分を指す語、同「吾」「,N1,kun,kun,IL2_single_default(kun 84%),我:◆自分の、主に所有格(my)や目的格(me)で用いられ、主格(I)では「吾」が用いられる、「我見(ガケン、私見、わたしの見解)」◆自分、自分を指す語、同「吾」「
kk_戒める_いましめる,戒める,いましめる,戒:◆気を引き締めて用心する、憂いがないように備(そな)える◆自ら言動を慎む◆誡(いまし)める、強く注意して悟らせる、過(あやま)たないように教え諭す、同「誡」,N1,kun,kun,IL1_okurigana(kun 96%) | IL2_single_okuri(kun 96%),戒:◆気を引き締めて用心する、憂いがないように備(そな)える◆自ら言動を慎む◆誡(いまし)める、強く注意して悟らせる、過(あやま)たないように教え諭す、同「誡」
kk_戦災_せんさい,戦災,せんさい,戦:◆戈(ほこ)などの武器を持って闘(たたか)う、争(あらそ)う◆勝負・優劣を競(きそ)い合う◆懼(おそ)れる、恐れでびくびくする、「戦慄(センリツ、恐怖で体を震わ; 災:◆大雨・洪水・旱(ひでり)・大風や地震・火事・疫病など天が齎(もたら)す禍(わざわい)◆人に困難や不幸を齎す出来事,N1,on,on+on,,戦:◆戈(ほこ)などの武器を持って闘(たたか)う、争(あらそ)う◆勝負・優劣を競(きそ)い合う◆懼(おそ)れる、恐れでびくびくする、「戦慄(センリツ、恐怖で体を震わ; 災:◆大雨・洪水・旱(ひでり)・大風や地震・火事・疫病など天が齎(もたら)す禍(わざわい)◆人に困難や不幸を齎す出来事
kk_戯曲_ぎきょく,戯曲,ぎきょく,"戯:◆面白(おもしろ)おかしく遊ぶ、手に取ってしつこく触れたり眺めたりして喜ぶ、ふざける、「戯」はそうした行為を指し言葉を弄ぶのは「謔」◆舞踊や芝居、「愉快に楽しむ; 曲:◆真っ直(す)ぐでない、撓(たわ)む、""(""字形のように弧を描くように曲がることを指し""〈""字のように鋭角に曲がることを「折」という◆歪む、正しい状態や方向から",N1,on,on+on,A3_short_compound(on+on 71%),"戯:◆面白(おもしろ)おかしく遊ぶ、手に取ってしつこく触れたり眺めたりして喜ぶ、ふざける、「戯」はそうした行為を指し言葉を弄ぶのは「謔」◆舞踊や芝居、「愉快に楽しむ; 曲:◆真っ直(す)ぐでない、撓(たわ)む、""(""字形のように弧を描くように曲がることを指し""〈""字のように鋭角に曲がることを「折」という◆歪む、正しい状態や方向から"
kk_戸惑い_とまどい,戸惑い,とまどい,戸:◆開閉ができる外と内の仕切り、家や部屋の出入り口の片開きの扉、門内の建物の出入り口の扉、同「㦿」「𣥘」、大きな建物の出入り口の両開きの扉は「扉」、「【康熙字典:; 惑:◆あれこれと心が乱れる、どうしてよいか分からずに迷う、判断や区別が定まらない◆人を迷わせる,N1,kun,kun+kun,IL1_okurigana(kun 96%) | A1_compound_oku(kun 90%) | A1_on_kun_mix(on+kun 65%),戸:◆開閉ができる外と内の仕切り、家や部屋の出入り口の片開きの扉、門内の建物の出入り口の扉、同「㦿」「𣥘」、大きな建物の出入り口の両開きの扉は「扉」、「【康熙字典:; 惑:◆あれこれと心が乱れる、どうしてよいか分からずに迷う、判断や区別が定まらない◆人を迷わせる
kk_戸惑う_とまどう,戸惑う,とまどう,戸:◆開閉ができる外と内の仕切り、家や部屋の出入り口の片開きの扉、門内の建物の出入り口の扉、同「㦿」「𣥘」、大きな建物の出入り口の両開きの扉は「扉」、「【康熙字典:; 惑:◆あれこれと心が乱れる、どうしてよいか分からずに迷う、判断や区別が定まらない◆人を迷わせる,N1,kun,kun+kun,IL1_okurigana(kun 96%) | A1_compound_oku(kun 90%) | A1_on_kun_mix(on+kun 65%),戸:◆開閉ができる外と内の仕切り、家や部屋の出入り口の片開きの扉、門内の建物の出入り口の扉、同「㦿」「𣥘」、大きな建物の出入り口の両開きの扉は「扉」、「【康熙字典:; 惑:◆あれこれと心が乱れる、どうしてよいか分からずに迷う、判断や区別が定まらない◆人を迷わせる
kk_戸締り_とじまり,戸締り,とじまり,戸:◆開閉ができる外と内の仕切り、家や部屋の出入り口の片開きの扉、門内の建物の出入り口の扉、同「㦿」「𣥘」、大きな建物の出入り口の両開きの扉は「扉」、「【康熙字典:; 締:◆しっかりと結ぶ、解(ほど)けたり緩(ゆる)んだりしないように結ぶ、結び合わせる◆しっかりと閉(と)じる、閉(し)める◆[日]すっかりおしまいにする、合計する,N1,other,mixed+mixed~,IL1_okurigana(kun 96%) | A1_compound_oku(kun 90%) | A1_on_kun_mix(on+kun 65%),戸:◆開閉ができる外と内の仕切り、家や部屋の出入り口の片開きの扉、門内の建物の出入り口の扉、同「㦿」「𣥘」、大きな建物の出入り口の両開きの扉は「扉」、「【康熙字典:; 締:◆しっかりと結ぶ、解(ほど)けたり緩(ゆる)んだりしないように結ぶ、結び合わせる◆しっかりと閉(と)じる、閉(し)める◆[日]すっかりおしまいにする、合計する
kk_所在_しょざい,所在,しょざい,所:◆処(ところ)、ものがある場また位置(要所・箇所など)、ことをする場また位置(住所・裁判所など)◆～のこと、「所感(感じること)」「所存(考え思っていること)◆; 在:◆そこに居(い)る、同じ状態で一定のところに留(とど)まっている、またその場所◆～に於(お)いて、～(場所)で(at),N1,on,on+on,A3_short_compound(on+on 71%),所:◆処(ところ)、ものがある場また位置(要所・箇所など)、ことをする場また位置(住所・裁判所など)◆～のこと、「所感(感じること)」「所存(考え思っていること)◆; 在:◆そこに居(い)る、同じ状態で一定のところに留(とど)まっている、またその場所◆～に於(お)いて、～(場所)で(at)
kk_所定_しょてい,所定,しょてい,所:◆処(ところ)、ものがある場また位置(要所・箇所など)、ことをする場また位置(住所・裁判所など)◆～のこと、「所感(感じること)」「所存(考え思っていること)◆; 定:◆さだ・まる、動きや乱れが鎮(しず)まって変化・変動しない状態になる、平静になる、落ち着く、「鎮定(チンテイ)」◆さだ・める、動いたり揺らいだりしない状態にする,N1,on,on+on,A3_short_compound(on+on 71%) | B_noun_rad_宀(kun 93%),所:◆処(ところ)、ものがある場また位置(要所・箇所など)、ことをする場また位置(住所・裁判所など)◆～のこと、「所感(感じること)」「所存(考え思っていること)◆; 定:◆さだ・まる、動きや乱れが鎮(しず)まって変化・変動しない状態になる、平静になる、落ち着く、「鎮定(チンテイ)」◆さだ・める、動いたり揺らいだりしない状態にする
kk_所持_しょじ,所持,しょじ,所:◆処(ところ)、ものがある場また位置(要所・箇所など)、ことをする場また位置(住所・裁判所など)◆～のこと、「所感(感じること)」「所存(考え思っていること)◆; 持:◆ぐっと握(にぎ)る、しっかりと掴(つか)む◆しっかりと守る、そのままの状態を保つ、「持久(ジキュウ、長く保ち続ける)」◆しっかりと支える、「支持(シジ)」◆「,N1,on,on+on,A3_short_compound(on+on 71%) | B_verb_rad_手(kun 80%),所:◆処(ところ)、ものがある場また位置(要所・箇所など)、ことをする場また位置(住所・裁判所など)◆～のこと、「所感(感じること)」「所存(考え思っていること)◆; 持:◆ぐっと握(にぎ)る、しっかりと掴(つか)む◆しっかりと守る、そのままの状態を保つ、「持久(ジキュウ、長く保ち続ける)」◆しっかりと支える、「支持(シジ)」◆「
kk_所詮_しょせん,所詮,しょせん,所:◆処(ところ)、ものがある場また位置(要所・箇所など)、ことをする場また位置(住所・裁判所など)◆～のこと、「所感(感じること)」「所存(考え思っていること)◆; 詮:◆物事の道理や本質などを明らかにする◆選ぶ、詳しく調べて選ぶ◆[日]突き詰めて考える、行き着くところまで考えを進める、「詮議(センギ)」◆[日]手立て、方法、「,N1,on,on+on,A3_short_compound(on+on 71%) | B_verb_rad_言(kun 80%),所:◆処(ところ)、ものがある場また位置(要所・箇所など)、ことをする場また位置(住所・裁判所など)◆～のこと、「所感(感じること)」「所存(考え思っていること)◆; 詮:◆物事の道理や本質などを明らかにする◆選ぶ、詳しく調べて選ぶ◆[日]突き詰めて考える、行き着くところまで考えを進める、「詮議(センギ)」◆[日]手立て、方法、「
kk_手っ取り早い_てっとりばやい,手っ取り早い,てっとりばやい,手:◆体や物体の一部で、胴から分かれ出て伸び、持つ・握る・叩く・ものを作る・操作するなどの機能を持つ部分、掌(たなごころ)と指を合わせた全体、腕の先の部分 ◆自(み; 取:◆捕(つか)まえる、捕(と)らえる、縄(なわ)を掛ける◆手に入れる、手の中に収(おさ)める、手で受ける◆(多くの中から一部を、或いは一つを)選ぶ、選択する◆娶(; 早:◆いよいよ陽が昇り始めようとしていてまだ薄暗い頃、朝が明(あ)けようとする頃◆その時(時間、時期、頃合い)に至っていない◆本来の時よりも前に(先に)、前以って、,N1,other,mixed+mixed+mixed~,IL1_okurigana(kun 96%) | A1_compound_oku(kun 90%) | A1_on_kun_mix(on+kun 65%),手:◆体や物体の一部で、胴から分かれ出て伸び、持つ・握る・叩く・ものを作る・操作するなどの機能を持つ部分、掌(たなごころ)と指を合わせた全体、腕の先の部分 ◆自(み; 取:◆捕(つか)まえる、捕(と)らえる、縄(なわ)を掛ける◆手に入れる、手の中に収(おさ)める、手で受ける◆(多くの中から一部を、或いは一つを)選ぶ、選択する◆娶(; 早:◆いよいよ陽が昇り始めようとしていてまだ薄暗い頃、朝が明(あ)けようとする頃◆その時(時間、時期、頃合い)に至っていない◆本来の時よりも前に(先に)、前以って、
kk_手ぶら_てぶら,手ぶら,てぶら,手:◆体や物体の一部で、胴から分かれ出て伸び、持つ・握る・叩く・ものを作る・操作するなどの機能を持つ部分、掌(たなごころ)と指を合わせた全体、腕の先の部分 ◆自(み,N1,kun,kun,IL1_okurigana(kun 96%) | IL2_single_okuri(kun 96%) | B_verb_rad_手(kun 80%),手:◆体や物体の一部で、胴から分かれ出て伸び、持つ・握る・叩く・ものを作る・操作するなどの機能を持つ部分、掌(たなごころ)と指を合わせた全体、腕の先の部分 ◆自(み
kk_手分け_てわけ,手分け,てわけ,手:◆体や物体の一部で、胴から分かれ出て伸び、持つ・握る・叩く・ものを作る・操作するなどの機能を持つ部分、掌(たなごころ)と指を合わせた全体、腕の先の部分 ◆自(み; 分:◆一つに纏(まと)まっているものを幾つかに切り離す、また幾つかに仕切る(区切る)、「分割(ブンカツ)」、切り離したものを仕分けることを「別」◆一つの纏まりから一,N1,kun,kun+kun,IL1_okurigana(kun 96%) | A1_compound_oku(kun 90%) | A1_on_kun_mix(on+kun 65%),手:◆体や物体の一部で、胴から分かれ出て伸び、持つ・握る・叩く・ものを作る・操作するなどの機能を持つ部分、掌(たなごころ)と指を合わせた全体、腕の先の部分 ◆自(み; 分:◆一つに纏(まと)まっているものを幾つかに切り離す、また幾つかに仕切る(区切る)、「分割(ブンカツ)」、切り離したものを仕分けることを「別」◆一つの纏まりから一
kk_手口_てぐち,手口,てぐち,手:◆体や物体の一部で、胴から分かれ出て伸び、持つ・握る・叩く・ものを作る・操作するなどの機能を持つ部分、掌(たなごころ)と指を合わせた全体、腕の先の部分 ◆自(み; 口:◆動物の食べたり声を発したりするための器官◆ものが出入りするために空(あ)けた(空いた)ところ、(口のように)全体の内の一部空いたところ◆言葉、言葉を発する、語,N1,other,mixed+mixed~,A3_short_compound(on+on 71%) | B_verb_rad_手(kun 80%),手:◆体や物体の一部で、胴から分かれ出て伸び、持つ・握る・叩く・ものを作る・操作するなどの機能を持つ部分、掌(たなごころ)と指を合わせた全体、腕の先の部分 ◆自(み; 口:◆動物の食べたり声を発したりするための器官◆ものが出入りするために空(あ)けた(空いた)ところ、(口のように)全体の内の一部空いたところ◆言葉、言葉を発する、語
kk_手回し_てまわし,手回し,てまわし,手:◆体や物体の一部で、胴から分かれ出て伸び、持つ・握る・叩く・ものを作る・操作するなどの機能を持つ部分、掌(たなごころ)と指を合わせた全体、腕の先の部分 ◆自(み; 回:◆円を描(えが)くように動く、一周して(一巡して)元に戻る、同「廻」「迴」、「回復(カイフク)」「回帰(カイキ)」◆元に戻す、元に返す、「回答(カイトウ)」◆(,N1,kun,kun+kun,IL1_okurigana(kun 96%) | A1_compound_oku(kun 90%) | A1_on_kun_mix(on+kun 65%),手:◆体や物体の一部で、胴から分かれ出て伸び、持つ・握る・叩く・ものを作る・操作するなどの機能を持つ部分、掌(たなごころ)と指を合わせた全体、腕の先の部分 ◆自(み; 回:◆円を描(えが)くように動く、一周して(一巡して)元に戻る、同「廻」「迴」、「回復(カイフク)」「回帰(カイキ)」◆元に戻す、元に返す、「回答(カイトウ)」◆(
kk_手堅い_てがたい,手堅い,てがたい,手:◆体や物体の一部で、胴から分かれ出て伸び、持つ・握る・叩く・ものを作る・操作するなどの機能を持つ部分、掌(たなごころ)と指を合わせた全体、腕の先の部分 ◆自(み; 堅:◆しっかりしている、しっかりしていて揺(ゆ)るがない、また緩(ゆる)まない¶「固」「硬」,N1,other,mixed+mixed~,IL1_okurigana(kun 96%) | A1_compound_oku(kun 90%) | A1_on_kun_mix(on+kun 65%),手:◆体や物体の一部で、胴から分かれ出て伸び、持つ・握る・叩く・ものを作る・操作するなどの機能を持つ部分、掌(たなごころ)と指を合わせた全体、腕の先の部分 ◆自(み; 堅:◆しっかりしている、しっかりしていて揺(ゆ)るがない、また緩(ゆる)まない¶「固」「硬」
kk_手引き_てびき,手引き,てびき,手:◆体や物体の一部で、胴から分かれ出て伸び、持つ・握る・叩く・ものを作る・操作するなどの機能を持つ部分、掌(たなごころ)と指を合わせた全体、腕の先の部分 ◆自(み; 引:◆(弓の弦iに指を掛け、ぐいと)手前に寄せる、「向こうへぐいと押しやる」とは逆の動きをいう◆ぐいと伸ばす、「引領(インレイ、首を伸ばす、首を伸ばして待ち受ける),N1,other,mixed+mixed~,IL1_okurigana(kun 96%) | A1_compound_oku(kun 90%) | A1_on_kun_mix(on+kun 65%),手:◆体や物体の一部で、胴から分かれ出て伸び、持つ・握る・叩く・ものを作る・操作するなどの機能を持つ部分、掌(たなごころ)と指を合わせた全体、腕の先の部分 ◆自(み; 引:◆(弓の弦iに指を掛け、ぐいと)手前に寄せる、「向こうへぐいと押しやる」とは逆の動きをいう◆ぐいと伸ばす、「引領(インレイ、首を伸ばす、首を伸ばして待ち受ける)
kk_手強い_てごわい,手強い,てごわい,手:◆体や物体の一部で、胴から分かれ出て伸び、持つ・握る・叩く・ものを作る・操作するなどの機能を持つ部分、掌(たなごころ)と指を合わせた全体、腕の先の部分 ◆自(み; 強:◆堅(かた)く曲がったり歪(ゆが)んだり弛(ゆる)んだりすることがないさま、どんな力にも揺(ゆら)らがないさま◆力や勢いがあるさま、体力・気力が漲(みなぎ)って,N1,other,mixed+mixed~,IL1_okurigana(kun 96%) | A1_compound_oku(kun 90%) | A1_on_kun_mix(on+kun 65%),手:◆体や物体の一部で、胴から分かれ出て伸び、持つ・握る・叩く・ものを作る・操作するなどの機能を持つ部分、掌(たなごころ)と指を合わせた全体、腕の先の部分 ◆自(み; 強:◆堅(かた)く曲がったり歪(ゆが)んだり弛(ゆる)んだりすることがないさま、どんな力にも揺(ゆら)らがないさま◆力や勢いがあるさま、体力・気力が漲(みなぎ)って
kk_手当たり次第_てあたりしだい,手当たり次第,てあたりしだい,手:◆体や物体の一部で、胴から分かれ出て伸び、持つ・握る・叩く・ものを作る・操作するなどの機能を持つ部分、掌(たなごころ)と指を合わせた全体、腕の先の部分 ◆自(み; 当:◆正面からぶつかる、正面から向き合う、相対する、同「噹」◆適合する、相応しい◆受け持つ、引き受ける◆そうするべき、そうあるべき◆この(this)、今、此処(ここ; 次:◆並びや繰り返しの先頭の後に続く二番目◆後(あと)に続く、～の後に続いて～◆順序、「次第(シダイ)」◆繰り返される物事の回数、また順序、「数次(スウジ、数回)」,N1,mixed,kun+kun+on+on~,IL1_okurigana(kun 96%) | A1_compound_oku(kun 90%) | A1_on_kun_mix(on+kun 65%),手:◆体や物体の一部で、胴から分かれ出て伸び、持つ・握る・叩く・ものを作る・操作するなどの機能を持つ部分、掌(たなごころ)と指を合わせた全体、腕の先の部分 ◆自(み; 当:◆正面からぶつかる、正面から向き合う、相対する、同「噹」◆適合する、相応しい◆受け持つ、引き受ける◆そうするべき、そうあるべき◆この(this)、今、此処(ここ; 次:◆並びや繰り返しの先頭の後に続く二番目◆後(あと)に続く、～の後に続いて～◆順序、「次第(シダイ)」◆繰り返される物事の回数、また順序、「数次(スウジ、数回)」
kk_手当て_てあて,手当て,てあて,手:◆体や物体の一部で、胴から分かれ出て伸び、持つ・握る・叩く・ものを作る・操作するなどの機能を持つ部分、掌(たなごころ)と指を合わせた全体、腕の先の部分 ◆自(み; 当:◆正面からぶつかる、正面から向き合う、相対する、同「噹」◆適合する、相応しい◆受け持つ、引き受ける◆そうするべき、そうあるべき◆この(this)、今、此処(ここ,N1,kun,kun+kun,IL1_okurigana(kun 96%) | A1_compound_oku(kun 90%) | A1_on_kun_mix(on+kun 65%),手:◆体や物体の一部で、胴から分かれ出て伸び、持つ・握る・叩く・ものを作る・操作するなどの機能を持つ部分、掌(たなごころ)と指を合わせた全体、腕の先の部分 ◆自(み; 当:◆正面からぶつかる、正面から向き合う、相対する、同「噹」◆適合する、相応しい◆受け持つ、引き受ける◆そうするべき、そうあるべき◆この(this)、今、此処(ここ
kk_手形_てがた,手形,てがた,手:◆体や物体の一部で、胴から分かれ出て伸び、持つ・握る・叩く・ものを作る・操作するなどの機能を持つ部分、掌(たなごころ)と指を合わせた全体、腕の先の部分 ◆自(み; 形:◆ものの表に現れた姿、外観◆ものの表の様子、状態◆型、様式,N1,other,mixed+mixed~,A3_short_compound(on+on 71%) | B_verb_rad_手(kun 80%),手:◆体や物体の一部で、胴から分かれ出て伸び、持つ・握る・叩く・ものを作る・操作するなどの機能を持つ部分、掌(たなごころ)と指を合わせた全体、腕の先の部分 ◆自(み; 形:◆ものの表に現れた姿、外観◆ものの表の様子、状態◆型、様式
kk_手応え_てごたえ,手応え,てごたえ,手:◆体や物体の一部で、胴から分かれ出て伸び、持つ・握る・叩く・ものを作る・操作するなどの機能を持つ部分、掌(たなごころ)と指を合わせた全体、腕の先の部分 ◆自(み; 応:◆相手からの問い掛けや働き掛けに対して自分の意思を態度で示す、言葉で返すのは「答」◆相手の求めを受け入れる◆当然～すべき、当然～であろう,N1,other,mixed+mixed~,IL1_okurigana(kun 96%) | A1_compound_oku(kun 90%) | A1_on_kun_mix(on+kun 65%),手:◆体や物体の一部で、胴から分かれ出て伸び、持つ・握る・叩く・ものを作る・操作するなどの機能を持つ部分、掌(たなごころ)と指を合わせた全体、腕の先の部分 ◆自(み; 応:◆相手からの問い掛けや働き掛けに対して自分の意思を態度で示す、言葉で返すのは「答」◆相手の求めを受け入れる◆当然～すべき、当然～であろう
kk_手掛ける_てがける,手掛ける,てがける,手:◆体や物体の一部で、胴から分かれ出て伸び、持つ・握る・叩く・ものを作る・操作するなどの機能を持つ部分、掌(たなごころ)と指を合わせた全体、腕の先の部分 ◆自(み; 掛:◆引っ懸(か)ける、ものの上に置いて両方また片方を垂らす、ぶら下げる、同「挂」◆引っ懸かる、気になって心に(目に)止まる◆簡「挂」◆[日]体や物を斜めにしてその,N1,mixed,kun+on~,IL1_okurigana(kun 96%) | A1_compound_oku(kun 90%) | A1_on_kun_mix(on+kun 65%),手:◆体や物体の一部で、胴から分かれ出て伸び、持つ・握る・叩く・ものを作る・操作するなどの機能を持つ部分、掌(たなごころ)と指を合わせた全体、腕の先の部分 ◆自(み; 掛:◆引っ懸(か)ける、ものの上に置いて両方また片方を垂らす、ぶら下げる、同「挂」◆引っ懸かる、気になって心に(目に)止まる◆簡「挂」◆[日]体や物を斜めにしてその
kk_手掛り_てがかり,手掛り,てがかり,手:◆体や物体の一部で、胴から分かれ出て伸び、持つ・握る・叩く・ものを作る・操作するなどの機能を持つ部分、掌(たなごころ)と指を合わせた全体、腕の先の部分 ◆自(み; 掛:◆引っ懸(か)ける、ものの上に置いて両方また片方を垂らす、ぶら下げる、同「挂」◆引っ懸かる、気になって心に(目に)止まる◆簡「挂」◆[日]体や物を斜めにしてその,N1,mixed,kun+on~,IL1_okurigana(kun 96%) | A1_compound_oku(kun 90%) | A1_on_kun_mix(on+kun 65%),手:◆体や物体の一部で、胴から分かれ出て伸び、持つ・握る・叩く・ものを作る・操作するなどの機能を持つ部分、掌(たなごころ)と指を合わせた全体、腕の先の部分 ◆自(み; 掛:◆引っ懸(か)ける、ものの上に置いて両方また片方を垂らす、ぶら下げる、同「挂」◆引っ懸かる、気になって心に(目に)止まる◆簡「挂」◆[日]体や物を斜めにしてその
kk_手数_てすう,手数,てすう,手:◆体や物体の一部で、胴から分かれ出て伸び、持つ・握る・叩く・ものを作る・操作するなどの機能を持つ部分、掌(たなごころ)と指を合わせた全体、腕の先の部分 ◆自(み; 数:◆かず、同種のもの(繰り返されるもの)の多少を表す語◆かぞ・える、一つ二つ(一回二回)と計算する、またその多少◆細かい、煩(わずら)わしい◆しばしば、同じことを,N1,on,on+on~,A3_short_compound(on+on 71%) | B_verb_rad_手(kun 80%),手:◆体や物体の一部で、胴から分かれ出て伸び、持つ・握る・叩く・ものを作る・操作するなどの機能を持つ部分、掌(たなごころ)と指を合わせた全体、腕の先の部分 ◆自(み; 数:◆かず、同種のもの(繰り返されるもの)の多少を表す語◆かぞ・える、一つ二つ(一回二回)と計算する、またその多少◆細かい、煩(わずら)わしい◆しばしば、同じことを
kk_手法_しゅほう,手法,しゅほう,手:◆体や物体の一部で、胴から分かれ出て伸び、持つ・握る・叩く・ものを作る・操作するなどの機能を持つ部分、掌(たなごころ)と指を合わせた全体、腕の先の部分 ◆自(み; 法:◆規律を維持するための決まり、守り従うべき制度や規則、私的なものではなく公(おおやけ)のものを指す◆標準的な或いは慣例となっているやり方、またそれらに従う◆基準,N1,on,on+on,A3_short_compound(on+on 71%) | B_verb_rad_手(kun 80%),手:◆体や物体の一部で、胴から分かれ出て伸び、持つ・握る・叩く・ものを作る・操作するなどの機能を持つ部分、掌(たなごころ)と指を合わせた全体、腕の先の部分 ◆自(み; 法:◆規律を維持するための決まり、守り従うべき制度や規則、私的なものではなく公(おおやけ)のものを指す◆標準的な或いは慣例となっているやり方、またそれらに従う◆基準
kk_手直し_てなおし,手直し,てなおし,手:◆体や物体の一部で、胴から分かれ出て伸び、持つ・握る・叩く・ものを作る・操作するなどの機能を持つ部分、掌(たなごころ)と指を合わせた全体、腕の先の部分 ◆自(み; 直:◆ものをまっすぐによく見る◆まっすぐなさま、曲がったり折れたり歪(ゆが)んだりしない(していない)さま、「正直(ショウジキ、まっすぐなこと、嘘や偽りがないこと),N1,kun,kun+kun,IL1_okurigana(kun 96%) | A1_compound_oku(kun 90%) | A1_on_kun_mix(on+kun 65%),手:◆体や物体の一部で、胴から分かれ出て伸び、持つ・握る・叩く・ものを作る・操作するなどの機能を持つ部分、掌(たなごころ)と指を合わせた全体、腕の先の部分 ◆自(み; 直:◆ものをまっすぐによく見る◆まっすぐなさま、曲がったり折れたり歪(ゆが)んだりしない(していない)さま、「正直(ショウジキ、まっすぐなこと、嘘や偽りがないこと)
kk_手筈_てはず,手筈,てはず,手:◆体や物体の一部で、胴から分かれ出て伸び、持つ・握る・叩く・ものを作る・操作するなどの機能を持つ部分、掌(たなごころ)と指を合わせた全体、腕の先の部分 ◆自(み; 筈:◆矢の手元側にある弦につがえる部分にある窪み ◆[日]はず、～となることは当然である,N1,kun,kun+kun~,A3_short_compound(on+on 71%) | B_verb_rad_手(kun 80%) | B_noun_rad_竹(kun 93%),手:◆体や物体の一部で、胴から分かれ出て伸び、持つ・握る・叩く・ものを作る・操作するなどの機能を持つ部分、掌(たなごころ)と指を合わせた全体、腕の先の部分 ◆自(み; 筈:◆矢の手元側にある弦につがえる部分にある窪み ◆[日]はず、～となることは当然である
kk_手芸_しゅげい,手芸,しゅげい,手:◆体や物体の一部で、胴から分かれ出て伸び、持つ・握る・叩く・ものを作る・操作するなどの機能を持つ部分、掌(たなごころ)と指を合わせた全体、腕の先の部分 ◆自(み; 芸:◆田畑の雑草を取り除く、同「耘」◆「芸香(ウンコウ)」、ヘンルーダwijnruit、ミカン科ヘンルーダ属の草 ◆「芸臺(ウンタイ)」、書庫、「芸香」に書物を食い,N1,on,on+on,A3_short_compound(on+on 71%) | B_verb_rad_手(kun 80%),手:◆体や物体の一部で、胴から分かれ出て伸び、持つ・握る・叩く・ものを作る・操作するなどの機能を持つ部分、掌(たなごころ)と指を合わせた全体、腕の先の部分 ◆自(み; 芸:◆田畑の雑草を取り除く、同「耘」◆「芸香(ウンコウ)」、ヘンルーダwijnruit、ミカン科ヘンルーダ属の草 ◆「芸臺(ウンタイ)」、書庫、「芸香」に書物を食い
kk_手薄_てうす,手薄,てうす,手:◆体や物体の一部で、胴から分かれ出て伸び、持つ・握る・叩く・ものを作る・操作するなどの機能を持つ部分、掌(たなごころ)と指を合わせた全体、腕の先の部分 ◆自(み; 薄:◆草木がびっしりと(隙間なく)生えているさま、「【說文解字注:艸部:薄】林薄也(…劉注曰薄不入之叢也按林木相迫不可入曰薄引伸凡相迫皆曰薄)」◆互いの間が近い、間,N1,mixed,on+kun~,A3_short_compound(on+on 71%) | B_verb_rad_手(kun 80%),手:◆体や物体の一部で、胴から分かれ出て伸び、持つ・握る・叩く・ものを作る・操作するなどの機能を持つ部分、掌(たなごころ)と指を合わせた全体、腕の先の部分 ◆自(み; 薄:◆草木がびっしりと(隙間なく)生えているさま、「【說文解字注:艸部:薄】林薄也(…劉注曰薄不入之叢也按林木相迫不可入曰薄引伸凡相迫皆曰薄)」◆互いの間が近い、間
kk_手近_てぢか,手近,てぢか,手:◆体や物体の一部で、胴から分かれ出て伸び、持つ・握る・叩く・ものを作る・操作するなどの機能を持つ部分、掌(たなごころ)と指を合わせた全体、腕の先の部分 ◆自(み; 近:◆位置・時間・関係・状態などがすぐ傍(そば)にある◆迫(せま)る、すぐ傍まで寄る、また寄せる◆親(ちか)しい、親(した)しい(間柄や関係などが近い)◆似ている(,N1,other,mixed+mixed~,A3_short_compound(on+on 71%) | B_verb_rad_手(kun 80%),手:◆体や物体の一部で、胴から分かれ出て伸び、持つ・握る・叩く・ものを作る・操作するなどの機能を持つ部分、掌(たなごころ)と指を合わせた全体、腕の先の部分 ◆自(み; 近:◆位置・時間・関係・状態などがすぐ傍(そば)にある◆迫(せま)る、すぐ傍まで寄る、また寄せる◆親(ちか)しい、親(した)しい(間柄や関係などが近い)◆似ている(
kk_手遅れ_ておくれ,手遅れ,ておくれ,手:◆体や物体の一部で、胴から分かれ出て伸び、持つ・握る・叩く・ものを作る・操作するなどの機能を持つ部分、掌(たなごころ)と指を合わせた全体、腕の先の部分 ◆自(み; 遅:◆ゆっくりしたさま、次の動作までに時間が掛るさま◆ゆっくりと進む、鈍(のろ)い◆決まっている時間・期間の終わりの頃になる、またその頃を過ぎる◆決まっている時(瞬,N1,kun,kun+kun,IL1_okurigana(kun 96%) | A1_compound_oku(kun 90%) | A1_on_kun_mix(on+kun 65%),手:◆体や物体の一部で、胴から分かれ出て伸び、持つ・握る・叩く・ものを作る・操作するなどの機能を持つ部分、掌(たなごころ)と指を合わせた全体、腕の先の部分 ◆自(み; 遅:◆ゆっくりしたさま、次の動作までに時間が掛るさま◆ゆっくりと進む、鈍(のろ)い◆決まっている時間・期間の終わりの頃になる、またその頃を過ぎる◆決まっている時(瞬
kk_手違い_てちがい,手違い,てちがい,手:◆体や物体の一部で、胴から分かれ出て伸び、持つ・握る・叩く・ものを作る・操作するなどの機能を持つ部分、掌(たなごころ)と指を合わせた全体、腕の先の部分 ◆自(み; 違:◆背(せ)を向ける、背を向け去る、背(そむ)く◆あるべき形や様子と異なる、また反している、また合っていない◆守るべきものを守らない、従(したが)わない,N1,kun,kun+kun,IL1_okurigana(kun 96%) | A1_compound_oku(kun 90%) | A1_on_kun_mix(on+kun 65%),手:◆体や物体の一部で、胴から分かれ出て伸び、持つ・握る・叩く・ものを作る・操作するなどの機能を持つ部分、掌(たなごころ)と指を合わせた全体、腕の先の部分 ◆自(み; 違:◆背(せ)を向ける、背を向け去る、背(そむ)く◆あるべき形や様子と異なる、また反している、また合っていない◆守るべきものを守らない、従(したが)わない
kk_手錠_てじょう,手錠,てじょう,手:◆体や物体の一部で、胴から分かれ出て伸び、持つ・握る・叩く・ものを作る・操作するなどの機能を持つ部分、掌(たなごころ)と指を合わせた全体、腕の先の部分 ◆自(み; 錠:◆一定の形に固めた金属、また薬、地金(じがね)、鋳塊(チュウカイ)、インゴットingot、またそれらを数える単位◆食物などを盛る脚付きの器、同「豆」◆紡錘(ボウ,N1,mixed,kun+on~,A3_short_compound(on+on 71%) | B_verb_rad_手(kun 80%) | B_noun_rad_金(kun 93%),手:◆体や物体の一部で、胴から分かれ出て伸び、持つ・握る・叩く・ものを作る・操作するなどの機能を持つ部分、掌(たなごころ)と指を合わせた全体、腕の先の部分 ◆自(み; 錠:◆一定の形に固めた金属、また薬、地金(じがね)、鋳塊(チュウカイ)、インゴットingot、またそれらを数える単位◆食物などを盛る脚付きの器、同「豆」◆紡錘(ボウ
kk_手際_てぎわ,手際,てぎわ,手:◆体や物体の一部で、胴から分かれ出て伸び、持つ・握る・叩く・ものを作る・操作するなどの機能を持つ部分、掌(たなごころ)と指を合わせた全体、腕の先の部分 ◆自(み; 際:◆他と触(ふ)れ合う、付き合う、「交際(コウサイ、交わり接すること、付き合うこと)」◆他と合(あ)わさるところ、接するところ、境目、「水際(スイサイ、みずぎわ),N1,other,mixed+mixed~,A3_short_compound(on+on 71%) | B_verb_rad_手(kun 80%),手:◆体や物体の一部で、胴から分かれ出て伸び、持つ・握る・叩く・ものを作る・操作するなどの機能を持つ部分、掌(たなごころ)と指を合わせた全体、腕の先の部分 ◆自(み; 際:◆他と触(ふ)れ合う、付き合う、「交際(コウサイ、交わり接すること、付き合うこと)」◆他と合(あ)わさるところ、接するところ、境目、「水際(スイサイ、みずぎわ)
kk_手頃_てごろ,手頃,てごろ,手:◆体や物体の一部で、胴から分かれ出て伸び、持つ・握る・叩く・ものを作る・操作するなどの機能を持つ部分、掌(たなごころ)と指を合わせた全体、腕の先の部分 ◆自(み; 頃:◆頭を傾(かたむ)ける、頭を傾(かし)げる、同「傾」◆傾く、斜めになる、片方に(一方に)偏(かたよ)る、同「傾」◆僅(わず)かな時間、「頃刻(ケイコク、僅かな間,N1,other,mixed+mixed~,A3_short_compound(on+on 71%) | B_verb_rad_手(kun 80%),手:◆体や物体の一部で、胴から分かれ出て伸び、持つ・握る・叩く・ものを作る・操作するなどの機能を持つ部分、掌(たなごころ)と指を合わせた全体、腕の先の部分 ◆自(み; 頃:◆頭を傾(かたむ)ける、頭を傾(かし)げる、同「傾」◆傾く、斜めになる、片方に(一方に)偏(かたよ)る、同「傾」◆僅(わず)かな時間、「頃刻(ケイコク、僅かな間
kk_手順_てじゅん,手順,てじゅん,手:◆体や物体の一部で、胴から分かれ出て伸び、持つ・握る・叩く・ものを作る・操作するなどの機能を持つ部分、掌(たなごころ)と指を合わせた全体、腕の先の部分 ◆自(み; 順:◆従うべき道筋や道理、また基準や規則◆道筋(道や道理や規則など)に沿って進む、道理や規則に沿う◆川や風の流れに逆らわずに進む、逆らわずに従う,N1,mixed,kun+on~,A3_short_compound(on+on 71%) | B_verb_rad_手(kun 80%),手:◆体や物体の一部で、胴から分かれ出て伸び、持つ・握る・叩く・ものを作る・操作するなどの機能を持つ部分、掌(たなごころ)と指を合わせた全体、腕の先の部分 ◆自(み; 順:◆従うべき道筋や道理、また基準や規則◆道筋(道や道理や規則など)に沿って進む、道理や規則に沿う◆川や風の流れに逆らわずに進む、逆らわずに従う
kk_打ち上げ_うちあげる,打ち上げ,うちあげる,打:◆撃(う)つ、手や道具を物に当てる、叩(たた)く◆～する、「打消(ダショウ、取り消す、打ち消す)」「打撃(ダゲキ、撃つ)」「打開(ダカイ、開ける)」「打算(ダサ; 上:◆位置・場所・地位などが高い、高い方にある◆高い方に移る、昇る、登る◆順序・時間などが前、前の方にある◆前の方に移る◆等級・品質などが高い、優れている◆殿様、皇,N1,kun,kun+kun~,IL1_okurigana(kun 96%) | A1_compound_oku(kun 90%) | A1_on_kun_mix(on+kun 65%),打:◆撃(う)つ、手や道具を物に当てる、叩(たた)く◆～する、「打消(ダショウ、取り消す、打ち消す)」「打撃(ダゲキ、撃つ)」「打開(ダカイ、開ける)」「打算(ダサ; 上:◆位置・場所・地位などが高い、高い方にある◆高い方に移る、昇る、登る◆順序・時間などが前、前の方にある◆前の方に移る◆等級・品質などが高い、優れている◆殿様、皇
kk_打ち切る_うちきる,打ち切る,うちきる,打:◆撃(う)つ、手や道具を物に当てる、叩(たた)く◆～する、「打消(ダショウ、取り消す、打ち消す)」「打撃(ダゲキ、撃つ)」「打開(ダカイ、開ける)」「打算(ダサ; 切:◆刃物などですっと断(た)つ、裁(た)つ、割(さ)く◆ぴったりとしたさま、隙(すき)がないさま、「親切(シンセツ)」◆近くまで迫(せま)る、差し迫る、「切近(セ,N1,kun,kun+kun~,IL1_okurigana(kun 96%) | A1_compound_oku(kun 90%) | A1_on_kun_mix(on+kun 65%),打:◆撃(う)つ、手や道具を物に当てる、叩(たた)く◆～する、「打消(ダショウ、取り消す、打ち消す)」「打撃(ダゲキ、撃つ)」「打開(ダカイ、開ける)」「打算(ダサ; 切:◆刃物などですっと断(た)つ、裁(た)つ、割(さ)く◆ぴったりとしたさま、隙(すき)がないさま、「親切(シンセツ)」◆近くまで迫(せま)る、差し迫る、「切近(セ
kk_打ち明ける_うちあける,打ち明ける,うちあける,打:◆撃(う)つ、手や道具を物に当てる、叩(たた)く◆～する、「打消(ダショウ、取り消す、打ち消す)」「打撃(ダゲキ、撃つ)」「打開(ダカイ、開ける)」「打算(ダサ; 明:◆(太陽や月の)光が差す、光が当たる、光を当てる◆光が当たってはっきりと見える(分かる)、誰の目にもはっきりとしている、はっきりとさせる◆隠されたところ(陰にな,N1,kun,kun+kun~,IL1_okurigana(kun 96%) | A1_compound_oku(kun 90%) | A1_on_kun_mix(on+kun 65%),打:◆撃(う)つ、手や道具を物に当てる、叩(たた)く◆～する、「打消(ダショウ、取り消す、打ち消す)」「打撃(ダゲキ、撃つ)」「打開(ダカイ、開ける)」「打算(ダサ; 明:◆(太陽や月の)光が差す、光が当たる、光を当てる◆光が当たってはっきりと見える(分かる)、誰の目にもはっきりとしている、はっきりとさせる◆隠されたところ(陰にな
kk_打ち消し_うちけし,打ち消し,うちけし,打:◆撃(う)つ、手や道具を物に当てる、叩(たた)く◆～する、「打消(ダショウ、取り消す、打ち消す)」「打撃(ダゲキ、撃つ)」「打開(ダカイ、開ける)」「打算(ダサ; 消:◆減る、少しずつ小さくなる、また少なくなる、また細くなる、またそのようにする◆次第に小さく(細く)なってやがて姿が見えなくなる、なくなる、後に何も残らない、また,N1,kun,kun+kun~,IL1_okurigana(kun 96%) | A1_compound_oku(kun 90%) | A1_on_kun_mix(on+kun 65%),打:◆撃(う)つ、手や道具を物に当てる、叩(たた)く◆～する、「打消(ダショウ、取り消す、打ち消す)」「打撃(ダゲキ、撃つ)」「打開(ダカイ、開ける)」「打算(ダサ; 消:◆減る、少しずつ小さくなる、また少なくなる、また細くなる、またそのようにする◆次第に小さく(細く)なってやがて姿が見えなくなる、なくなる、後に何も残らない、また
kk_打ち破る_うちやぶる,打ち破る,うちやぶる,打:◆撃(う)つ、手や道具を物に当てる、叩(たた)く◆～する、「打消(ダショウ、取り消す、打ち消す)」「打撃(ダゲキ、撃つ)」「打開(ダカイ、開ける)」「打算(ダサ; 破:◆石を砕(くだ)く◆壊(こわ)す、壊れる、本来の形や状態でなくなる◆限界(区切りとなる線や面)を突き抜ける、突いて穴をあける◆敵の防御線を突き抜ける、敵を打ち負,N1,kun,kun+kun~,IL1_okurigana(kun 96%) | A1_compound_oku(kun 90%) | A1_on_kun_mix(on+kun 65%),打:◆撃(う)つ、手や道具を物に当てる、叩(たた)く◆～する、「打消(ダショウ、取り消す、打ち消す)」「打撃(ダゲキ、撃つ)」「打開(ダカイ、開ける)」「打算(ダサ; 破:◆石を砕(くだ)く◆壊(こわ)す、壊れる、本来の形や状態でなくなる◆限界(区切りとなる線や面)を突き抜ける、突いて穴をあける◆敵の防御線を突き抜ける、敵を打ち負
kk_打ち解ける_うちとける,打ち解ける,うちとける,打:◆撃(う)つ、手や道具を物に当てる、叩(たた)く◆～する、「打消(ダショウ、取り消す、打ち消す)」「打撃(ダゲキ、撃つ)」「打開(ダカイ、開ける)」「打算(ダサ; 解:◆一つになっているもの(固まっているもの)をばらばらにする、また柔らかくする、また融(と)かす、また和(やわ)らげる、「解散(カイサン)」「分解(ブンカイ)」◆,N1,mixed,kun+on~,IL1_okurigana(kun 96%) | A1_compound_oku(kun 90%) | A1_on_kun_mix(on+kun 65%),打:◆撃(う)つ、手や道具を物に当てる、叩(たた)く◆～する、「打消(ダショウ、取り消す、打ち消す)」「打撃(ダゲキ、撃つ)」「打開(ダカイ、開ける)」「打算(ダサ; 解:◆一つになっているもの(固まっているもの)をばらばらにする、また柔らかくする、また融(と)かす、また和(やわ)らげる、「解散(カイサン)」「分解(ブンカイ)」◆
kk_打ち込む_うちこむ,打ち込む,うちこむ,打:◆撃(う)つ、手や道具を物に当てる、叩(たた)く◆～する、「打消(ダショウ、取り消す、打ち消す)」「打撃(ダゲキ、撃つ)」「打開(ダカイ、開ける)」「打算(ダサ; 込:◆[日]中に(内に、裏に、見えないところに)入(はい)る、入(い)れる,N1,kun,kun+kun~,IL1_okurigana(kun 96%) | A1_compound_oku(kun 90%) | A1_on_kun_mix(on+kun 65%),打:◆撃(う)つ、手や道具を物に当てる、叩(たた)く◆～する、「打消(ダショウ、取り消す、打ち消す)」「打撃(ダゲキ、撃つ)」「打開(ダカイ、開ける)」「打算(ダサ; 込:◆[日]中に(内に、裏に、見えないところに)入(はい)る、入(い)れる
kk_打撃_だげき,打撃,だげき,打:◆撃(う)つ、手や道具を物に当てる、叩(たた)く◆～する、「打消(ダショウ、取り消す、打ち消す)」「打撃(ダゲキ、撃つ)」「打開(ダカイ、開ける)」「打算(ダサ; 撃:◆(軽く繰り返すのではなく一挙に)強く打つ、また撲(なぐ)る、また叩(たた)く◆相手に激しく突き掛かる◆敵を攻める、また滅ぼす,N1,on,on+on,A3_short_compound(on+on 71%) | B_verb_rad_手(kun 80%) | B_verb_rad_手(kun 80%),打:◆撃(う)つ、手や道具を物に当てる、叩(たた)く◆～する、「打消(ダショウ、取り消す、打ち消す)」「打撃(ダゲキ、撃つ)」「打開(ダカイ、開ける)」「打算(ダサ; 撃:◆(軽く繰り返すのではなく一挙に)強く打つ、また撲(なぐ)る、また叩(たた)く◆相手に激しく突き掛かる◆敵を攻める、また滅ぼす
kk_打診_だしん,打診,だしん,打:◆撃(う)つ、手や道具を物に当てる、叩(たた)く◆～する、「打消(ダショウ、取り消す、打ち消す)」「打撃(ダゲキ、撃つ)」「打開(ダカイ、開ける)」「打算(ダサ; 診:◆医者が(脈を見て)病状や健康状態をよく調べる◆実際に見て調べる,N1,on,on+on,A3_short_compound(on+on 71%) | B_verb_rad_手(kun 80%) | B_verb_rad_言(kun 80%),打:◆撃(う)つ、手や道具を物に当てる、叩(たた)く◆～する、「打消(ダショウ、取り消す、打ち消す)」「打撃(ダゲキ、撃つ)」「打開(ダカイ、開ける)」「打算(ダサ; 診:◆医者が(脈を見て)病状や健康状態をよく調べる◆実際に見て調べる
kk_打開_だかい,打開,だかい,打:◆撃(う)つ、手や道具を物に当てる、叩(たた)く◆～する、「打消(ダショウ、取り消す、打ち消す)」「打撃(ダゲキ、撃つ)」「打開(ダカイ、開ける)」「打算(ダサ; 開:◆啓(ひら)く、閉じられている扉を真ん中から左右に押し除(の)ける◆仕切っているもの(塞ふさいでいるもの、妨さまたげているもの)を取る、「開放(カイホウ)」◆明,N1,on,on+on,A3_short_compound(on+on 71%) | B_verb_rad_手(kun 80%),打:◆撃(う)つ、手や道具を物に当てる、叩(たた)く◆～する、「打消(ダショウ、取り消す、打ち消す)」「打撃(ダゲキ、撃つ)」「打開(ダカイ、開ける)」「打算(ダサ; 開:◆啓(ひら)く、閉じられている扉を真ん中から左右に押し除(の)ける◆仕切っているもの(塞ふさいでいるもの、妨さまたげているもの)を取る、「開放(カイホウ)」◆明
kk_扱い_あつかい,扱い,あつかい,扱:◆挟(はさ)む、狭いところに差し入れる、同「插(挿)」◆引く、手前に引く、引き上げる◆搔(か)き集める、一カ所に集める、また集め取る、集めて片付ける、「【禮記注,N1,kun,kun,IL1_okurigana(kun 96%) | IL2_single_okuri(kun 96%) | B_verb_rad_手(kun 80%),扱:◆挟(はさ)む、狭いところに差し入れる、同「插(挿)」◆引く、手前に引く、引き上げる◆搔(か)き集める、一カ所に集める、また集め取る、集めて片付ける、「【禮記注
kk_扶養_ふよう,扶養,ふよう,扶:◆手を添え助ける、支え助ける、同「𢻳」◆「扶桑(フソウ)」◇東方の太陽が出るところにあるという神木、同「榑桑」◇東方の地◇日本の異称◇ブッソウゲ(仏桑華)、アオ; 養:◆人・家畜・植物などが育つために必要なものを与える、また与えて大きく立派に育てる◆人が立派に育つために必要なことを教える、また教え導く,N1,on,on+on,A3_short_compound(on+on 71%) | B_verb_rad_手(kun 80%),扶:◆手を添え助ける、支え助ける、同「𢻳」◆「扶桑(フソウ)」◇東方の太陽が出るところにあるという神木、同「榑桑」◇東方の地◇日本の異称◇ブッソウゲ(仏桑華)、アオ; 養:◆人・家畜・植物などが育つために必要なものを与える、また与えて大きく立派に育てる◆人が立派に育つために必要なことを教える、また教え導く
kk_承諾_しょうだく,承諾,しょうだく,承:◆上にあるものを掌(てのひら)で受ける◆上位者からの授(さず)かりものを下位者が恭(うやうや)しく両手で受ける、また受け取る◆上位者からの命令や意向などを受ける; 諾:◆相手の質問や依頼によく考えて応(こた)える、同意・承知・容受の意思を表す「はい」という返事、間髪を入れずに応えるのは「唯」◆うべな・う、相手の言葉を受け入れる,N1,on,on+on,B_verb_rad_手(kun 80%) | B_verb_rad_言(kun 80%),承:◆上にあるものを掌(てのひら)で受ける◆上位者からの授(さず)かりものを下位者が恭(うやうや)しく両手で受ける、また受け取る◆上位者からの命令や意向などを受ける; 諾:◆相手の質問や依頼によく考えて応(こた)える、同意・承知・容受の意思を表す「はい」という返事、間髪を入れずに応えるのは「唯」◆うべな・う、相手の言葉を受け入れる
kk_技能_ぎのう,技能,ぎのう,技:◆手足を使い巧(たく)みに物を作る或いは操(あやつ)る、またその能力や方法◆藝(ゲイ、芸術、技芸)、巧みに演(エン)ずる、またその能力や方法; 能:◆ことを成し遂(と)げる技量(ギリョウ)や力量(リキリョウ)、「能力(ノウリョク)」「才能(サイノウ)」◆十分に或いは上手にできる、～をすることができる(技能・,N1,on,on+on,A3_short_compound(on+on 71%) | B_verb_rad_手(kun 80%),技:◆手足を使い巧(たく)みに物を作る或いは操(あやつ)る、またその能力や方法◆藝(ゲイ、芸術、技芸)、巧みに演(エン)ずる、またその能力や方法; 能:◆ことを成し遂(と)げる技量(ギリョウ)や力量(リキリョウ)、「能力(ノウリョク)」「才能(サイノウ)」◆十分に或いは上手にできる、～をすることができる(技能・
kk_抉る_えぐる,抉る,えぐる,抉:◆えぐ・る、こじ・る、細長いものを突き入れて埋まっているものを穿(ほじく)る、「剔抉(テキケツ)」◆弓を射るときに弦(つる)を引く手の親指に嵌(は)め、弦に掛け,N1,kun,kun,IL1_okurigana(kun 96%) | IL2_single_okuri(kun 96%) | B_verb_rad_手(kun 80%),抉:◆えぐ・る、こじ・る、細長いものを突き入れて埋まっているものを穿(ほじく)る、「剔抉(テキケツ)」◆弓を射るときに弦(つる)を引く手の親指に嵌(は)め、弦に掛け
kk_把握_はあく,把握,はあく,把:◆手の中に入れてしっかりと握る、周りからしっかりと押さえる、しっかりと握って持つ◆容器や道具の握り持つ部分 ◆たば、わ、束ねたものを数える語、一般には一握り分を; 握:◆掌(てのひら)と五本の指でしっかりと掴(つか)む◆しっかりと手の中に入れる◆一掴(ひとつか)み(片手で握った量),N1,on,on+on,A3_short_compound(on+on 71%) | B_verb_rad_手(kun 80%) | B_verb_rad_手(kun 80%),把:◆手の中に入れてしっかりと握る、周りからしっかりと押さえる、しっかりと握って持つ◆容器や道具の握り持つ部分 ◆たば、わ、束ねたものを数える語、一般には一握り分を; 握:◆掌(てのひら)と五本の指でしっかりと掴(つか)む◆しっかりと手の中に入れる◆一掴(ひとつか)み(片手で握った量)
kk_抑/押え込む_おさえこむ,抑/押え込む,おさえこむ,抑:◆おさ・える、上から下の方向に押さえ付ける、押え付けて立ったり起きたり(上の方に向かう動作)や目立ったり激しい動作をしないようにする◆そもそも、文中に置いてそれ; 押:◆手で力を加える、力を加え自由に動けないようにする、勝手に動かないようにする、拘束(コウソク)する◆署名(ショメイ)する、署名、自署(ジショ)、「押署(オウショ; 込:◆[日]中に(内に、裏に、見えないところに)入(はい)る、入(い)れる,N1,kun,kun+kun+kun~,IL1_okurigana(kun 96%) | A1_compound_oku(kun 90%) | A1_on_kun_mix(on+kun 65%),抑:◆おさ・える、上から下の方向に押さえ付ける、押え付けて立ったり起きたり(上の方に向かう動作)や目立ったり激しい動作をしないようにする◆そもそも、文中に置いてそれ; 押:◆手で力を加える、力を加え自由に動けないようにする、勝手に動かないようにする、拘束(コウソク)する◆署名(ショメイ)する、署名、自署(ジショ)、「押署(オウショ; 込:◆[日]中に(内に、裏に、見えないところに)入(はい)る、入(い)れる
kk_抑制_よくせい,抑制,よくせい,抑:◆おさ・える、上から下の方向に押さえ付ける、押え付けて立ったり起きたり(上の方に向かう動作)や目立ったり激しい動作をしないようにする◆そもそも、文中に置いてそれ; 制:◆断(た)つ、切る◆断って目的とする形にする、また形を整(ととの)える、同繁「製」、同「剬」◆決まり、規則、法(ホウ)◆枠(わく)をはみ出さないように押さえる、,N1,on,on+on,B_verb_rad_手(kun 80%) | B_verb_rad_刀(kun 80%),抑:◆おさ・える、上から下の方向に押さえ付ける、押え付けて立ったり起きたり(上の方に向かう動作)や目立ったり激しい動作をしないようにする◆そもそも、文中に置いてそれ; 制:◆断(た)つ、切る◆断って目的とする形にする、また形を整(ととの)える、同繁「製」、同「剬」◆決まり、規則、法(ホウ)◆枠(わく)をはみ出さないように押さえる、
kk_抑圧_よくあつ,抑圧,よくあつ,抑:◆おさ・える、上から下の方向に押さえ付ける、押え付けて立ったり起きたり(上の方に向かう動作)や目立ったり激しい動作をしないようにする◆そもそも、文中に置いてそれ; 圧:◆上から下に向けて押え付けるように力を加える◆力で押え付ける、押え付けて従わせる¶「圧」は日本・韓国などで用いられる「壓」の簡体字、中国では「压」,N1,on,on+on,B_verb_rad_手(kun 80%),抑:◆おさ・える、上から下の方向に押さえ付ける、押え付けて立ったり起きたり(上の方に向かう動作)や目立ったり激しい動作をしないようにする◆そもそも、文中に置いてそれ; 圧:◆上から下に向けて押え付けるように力を加える◆力で押え付ける、押え付けて従わせる¶「圧」は日本・韓国などで用いられる「壓」の簡体字、中国では「压」
kk_抓る_つねる,抓る,つねる,抓:◆つま・む、(指や箸などの長いものを使って)掴(つか)む、また掴み取る、同「摘」「撮」◆爪を立てて掻(か)く、同「搔」◆[日]つね・る、指先で掴んで捻(ひね)る,N1,kun,kun,IL1_okurigana(kun 96%) | IL2_single_okuri(kun 96%) | B_verb_rad_手(kun 80%),抓:◆つま・む、(指や箸などの長いものを使って)掴(つか)む、また掴み取る、同「摘」「撮」◆爪を立てて掻(か)く、同「搔」◆[日]つね・る、指先で掴んで捻(ひね)る
kk_投げ出す_なげだす,投げ出す,なげだす,投:◆手に持っているものを放り出す、手放す◆持っているものを他のものに入れる、また当てる◆棄てる、諦める◆止まる、滞在する; 出:◆範囲・領域・組織や区切り・境界の内(内側、内部、裏側、こちら側、私的なところ)から外(外側、外部、表側、向こう側、公のところ)に移る、また移す、外から内へ移る,N1,kun,kun+kun~,IL1_okurigana(kun 96%) | A1_compound_oku(kun 90%) | A1_on_kun_mix(on+kun 65%),投:◆手に持っているものを放り出す、手放す◆持っているものを他のものに入れる、また当てる◆棄てる、諦める◆止まる、滞在する; 出:◆範囲・領域・組織や区切り・境界の内(内側、内部、裏側、こちら側、私的なところ)から外(外側、外部、表側、向こう側、公のところ)に移る、また移す、外から内へ移る
kk_投じる_とうじる,投じる,とうじる,投:◆手に持っているものを放り出す、手放す◆持っているものを他のものに入れる、また当てる◆棄てる、諦める◆止まる、滞在する,N1,on,on,IL1_okurigana(kun 96%) | IL2_single_okuri(kun 96%) | B_verb_rad_手(kun 80%),投:◆手に持っているものを放り出す、手放す◆持っているものを他のものに入れる、また当てる◆棄てる、諦める◆止まる、滞在する
kk_投下_とうか,投下,とうか,投:◆手に持っているものを放り出す、手放す◆持っているものを他のものに入れる、また当てる◆棄てる、諦める◆止まる、滞在する; 下:◆位置・場所・地位などが低い、低い方にある◆低い方に移る、降りる、落ちる◆順序・時間などが後(あと)、後の方にある◆後の方に移る、後(うし)ろの方へ退く◆等級・,N1,on,on+on,A3_short_compound(on+on 71%) | B_verb_rad_手(kun 80%),投:◆手に持っているものを放り出す、手放す◆持っているものを他のものに入れる、また当てる◆棄てる、諦める◆止まる、滞在する; 下:◆位置・場所・地位などが低い、低い方にある◆低い方に移る、降りる、落ちる◆順序・時間などが後(あと)、後の方にある◆後の方に移る、後(うし)ろの方へ退く◆等級・
kk_投入_とうにゅう,投入,とうにゅう,投:◆手に持っているものを放り出す、手放す◆持っているものを他のものに入れる、また当てる◆棄てる、諦める◆止まる、滞在する; 入:◆範囲・領域・組織や区切り・境界の外(外側、外部、表側、向こう側、公のところ)から内(内側、内部、裏側、こちら側、私的なところ)に移る、また移す、内から外へ移る,N1,on,on+on,B_verb_rad_手(kun 80%),投:◆手に持っているものを放り出す、手放す◆持っているものを他のものに入れる、また当てる◆棄てる、諦める◆止まる、滞在する; 入:◆範囲・領域・組織や区切り・境界の外(外側、外部、表側、向こう側、公のところ)から内(内側、内部、裏側、こちら側、私的なところ)に移る、また移す、内から外へ移る
kk_投球_とうきゅう,投球,とうきゅう,投:◆手に持っているものを放り出す、手放す◆持っているものを他のものに入れる、また当てる◆棄てる、諦める◆止まる、滞在する; 球:◆丸いもの、毬(まり)状のもの、ボールball状のもの、同「毬」◆美しい玉(ギョク、宝石)◆玉(ギョク、大変美しい石)製の磬(ケイ、打楽器)、同「璆」,N1,on,on+on,B_verb_rad_手(kun 80%),投:◆手に持っているものを放り出す、手放す◆持っているものを他のものに入れる、また当てる◆棄てる、諦める◆止まる、滞在する; 球:◆丸いもの、毬(まり)状のもの、ボールball状のもの、同「毬」◆美しい玉(ギョク、宝石)◆玉(ギョク、大変美しい石)製の磬(ケイ、打楽器)、同「璆」
kk_投資_とうし,投資,とうし,投:◆手に持っているものを放り出す、手放す◆持っているものを他のものに入れる、また当てる◆棄てる、諦める◆止まる、滞在する; 資:◆何かを成そうとするために必要となるもの、何かをするために先立つもの、前以(まえもっ)て備えておくもの、「資財(シザイ)」「資格(シカク)」◆天性の(生まれつき,N1,on,on+on,A3_short_compound(on+on 71%) | B_verb_rad_手(kun 80%),投:◆手に持っているものを放り出す、手放す◆持っているものを他のものに入れる、また当てる◆棄てる、諦める◆止まる、滞在する; 資:◆何かを成そうとするために必要となるもの、何かをするために先立つもの、前以(まえもっ)て備えておくもの、「資財(シザイ)」「資格(シカク)」◆天性の(生まれつき
kk_折_おり,折,おり,"折:◆まっすぐなものや平らなものを途中から""Ｖ""字形に曲げる、また曲げて畳む、同「㪿」、単に""Ｕ""字形のように曲げるのではなく折り目が付くようにしっかりと曲げること",N1,kun,kun,IL2_single_default(kun 84%) | B_verb_rad_手(kun 80%),"折:◆まっすぐなものや平らなものを途中から""Ｖ""字形に曲げる、また曲げて畳む、同「㪿」、単に""Ｕ""字形のように曲げるのではなく折り目が付くようにしっかりと曲げること"
kk_折り返し_おりかえし,折り返し,おりかえし,"折:◆まっすぐなものや平らなものを途中から""Ｖ""字形に曲げる、また曲げて畳む、同「㪿」、単に""Ｕ""字形のように曲げるのではなく折り目が付くようにしっかりと曲げること; 返:◆帰る、行った先から出発したところに戻る、同「𢓉」◆元に戻る、元に戻す◆[日]反対向きにする、反対向きになる",N1,kun,kun+kun,IL1_okurigana(kun 96%) | A1_compound_oku(kun 90%) | A1_on_kun_mix(on+kun 65%),"折:◆まっすぐなものや平らなものを途中から""Ｖ""字形に曲げる、また曲げて畳む、同「㪿」、単に""Ｕ""字形のように曲げるのではなく折り目が付くようにしっかりと曲げること; 返:◆帰る、行った先から出発したところに戻る、同「𢓉」◆元に戻る、元に戻す◆[日]反対向きにする、反対向きになる"
kk_折り返す_おりかえす,折り返す,おりかえす,"折:◆まっすぐなものや平らなものを途中から""Ｖ""字形に曲げる、また曲げて畳む、同「㪿」、単に""Ｕ""字形のように曲げるのではなく折り目が付くようにしっかりと曲げること; 返:◆帰る、行った先から出発したところに戻る、同「𢓉」◆元に戻る、元に戻す◆[日]反対向きにする、反対向きになる",N1,kun,kun+kun,IL1_okurigana(kun 96%) | A1_compound_oku(kun 90%) | A1_on_kun_mix(on+kun 65%),"折:◆まっすぐなものや平らなものを途中から""Ｖ""字形に曲げる、また曲げて畳む、同「㪿」、単に""Ｕ""字形のように曲げるのではなく折り目が付くようにしっかりと曲げること; 返:◆帰る、行った先から出発したところに戻る、同「𢓉」◆元に戻る、元に戻す◆[日]反対向きにする、反対向きになる"
kk_折衷_せっちゅう,折衷,せっちゅう,"折:◆まっすぐなものや平らなものを途中から""Ｖ""字形に曲げる、また曲げて畳む、同「㪿」、単に""Ｕ""字形のように曲げるのではなく折り目が付くようにしっかりと曲げること; 衷:◆上着の下(内側)に着る衣服◆衣服を着る、(体を)包む◆包まれて外からは見えない内側、内面、中身(なかみ)◆心の中、真心(シンシン、まごころ)、本心(ホンシン)",N1,on,on+on,B_verb_rad_手(kun 80%),"折:◆まっすぐなものや平らなものを途中から""Ｖ""字形に曲げる、また曲げて畳む、同「㪿」、単に""Ｕ""字形のように曲げるのではなく折り目が付くようにしっかりと曲げること; 衷:◆上着の下(内側)に着る衣服◆衣服を着る、(体を)包む◆包まれて外からは見えない内側、内面、中身(なかみ)◆心の中、真心(シンシン、まごころ)、本心(ホンシン)"
kk_抜きん出る_ぬきんでる,抜きん出る,ぬきんでる,抜:◆多くの中で一部だけが見えているところを掴んで引っ張り出す◆多くの中から必要なもの或いは不必要なものを選んで取り出す◆多くの中でそこだけ(それだけ)が突き出てい; 出:◆範囲・領域・組織や区切り・境界の内(内側、内部、裏側、こちら側、私的なところ)から外(外側、外部、表側、向こう側、公のところ)に移る、また移す、外から内へ移る,N1,kun,kun+kun~,IL1_okurigana(kun 96%) | A1_compound_oku(kun 90%) | A1_on_kun_mix(on+kun 65%),抜:◆多くの中で一部だけが見えているところを掴んで引っ張り出す◆多くの中から必要なもの或いは不必要なものを選んで取り出す◆多くの中でそこだけ(それだけ)が突き出てい; 出:◆範囲・領域・組織や区切り・境界の内(内側、内部、裏側、こちら側、私的なところ)から外(外側、外部、表側、向こう側、公のところ)に移る、また移す、外から内へ移る
kk_抜け出す_ぬけだす,抜け出す,ぬけだす,抜:◆多くの中で一部だけが見えているところを掴んで引っ張り出す◆多くの中から必要なもの或いは不必要なものを選んで取り出す◆多くの中でそこだけ(それだけ)が突き出てい; 出:◆範囲・領域・組織や区切り・境界の内(内側、内部、裏側、こちら側、私的なところ)から外(外側、外部、表側、向こう側、公のところ)に移る、また移す、外から内へ移る,N1,kun,kun+kun~,IL1_okurigana(kun 96%) | A1_compound_oku(kun 90%) | A1_on_kun_mix(on+kun 65%),抜:◆多くの中で一部だけが見えているところを掴んで引っ張り出す◆多くの中から必要なもの或いは不必要なものを選んで取り出す◆多くの中でそこだけ(それだけ)が突き出てい; 出:◆範囲・領域・組織や区切り・境界の内(内側、内部、裏側、こちら側、私的なところ)から外(外側、外部、表側、向こう側、公のところ)に移る、また移す、外から内へ移る
kk_抜粋_ばっすい,抜粋,ばっすい,抜:◆多くの中で一部だけが見えているところを掴んで引っ張り出す◆多くの中から必要なもの或いは不必要なものを選んで取り出す◆多くの中でそこだけ(それだけ)が突き出てい; 粋:◆他のものが全く混じっていないさま、「純粋(ジュンスイ)」◆[日]いき、身形(みなり)や立ち振る舞いが垢抜けしているさま,N1,on,on+on,B_verb_rad_手(kun 80%) | B_noun_rad_米(kun 93%),抜:◆多くの中で一部だけが見えているところを掴んで引っ張り出す◆多くの中から必要なもの或いは不必要なものを選んで取り出す◆多くの中でそこだけ(それだけ)が突き出てい; 粋:◆他のものが全く混じっていないさま、「純粋(ジュンスイ)」◆[日]いき、身形(みなり)や立ち振る舞いが垢抜けしているさま
kk_抜群_ばつぐん,抜群,ばつぐん,抜:◆多くの中で一部だけが見えているところを掴んで引っ張り出す◆多くの中から必要なもの或いは不必要なものを選んで取り出す◆多くの中でそこだけ(それだけ)が突き出てい; 群:◆同類のものが数多く集まる、またそのさま◆同類のものの集団,N1,on,on+on,B_verb_rad_手(kun 80%),抜:◆多くの中で一部だけが見えているところを掴んで引っ張り出す◆多くの中から必要なもの或いは不必要なものを選んで取り出す◆多くの中でそこだけ(それだけ)が突き出てい; 群:◆同類のものが数多く集まる、またそのさま◆同類のものの集団
kk_押し上げる_おしあげる,押し上げる,おしあげる,押:◆手で力を加える、力を加え自由に動けないようにする、勝手に動かないようにする、拘束(コウソク)する◆署名(ショメイ)する、署名、自署(ジショ)、「押署(オウショ; 上:◆位置・場所・地位などが高い、高い方にある◆高い方に移る、昇る、登る◆順序・時間などが前、前の方にある◆前の方に移る◆等級・品質などが高い、優れている◆殿様、皇,N1,kun,kun+kun~,IL1_okurigana(kun 96%) | A1_compound_oku(kun 90%) | A1_on_kun_mix(on+kun 65%),押:◆手で力を加える、力を加え自由に動けないようにする、勝手に動かないようにする、拘束(コウソク)する◆署名(ショメイ)する、署名、自署(ジショ)、「押署(オウショ; 上:◆位置・場所・地位などが高い、高い方にある◆高い方に移る、昇る、登る◆順序・時間などが前、前の方にある◆前の方に移る◆等級・品質などが高い、優れている◆殿様、皇
kk_押し付けがましい_おしつけがましい,押し付けがましい,おしつけがましい,押:◆手で力を加える、力を加え自由に動けないようにする、勝手に動かないようにする、拘束(コウソク)する◆署名(ショメイ)する、署名、自署(ジショ)、「押署(オウショ; 付:◆手ずから授(さず)ける、直接手を取って与える、同「仅」◆渡し与える、渡して任せる、委(ゆだ)ねる◆[日]他のものに加える、また添える、また足す、同「附」,N1,kun,kun+kun~,IL1_okurigana(kun 96%) | A1_compound_oku(kun 90%) | A1_on_kun_mix(on+kun 65%),押:◆手で力を加える、力を加え自由に動けないようにする、勝手に動かないようにする、拘束(コウソク)する◆署名(ショメイ)する、署名、自署(ジショ)、「押署(オウショ; 付:◆手ずから授(さず)ける、直接手を取って与える、同「仅」◆渡し与える、渡して任せる、委(ゆだ)ねる◆[日]他のものに加える、また添える、また足す、同「附」
kk_押し付ける_おしつける,押し付ける,おしつける,押:◆手で力を加える、力を加え自由に動けないようにする、勝手に動かないようにする、拘束(コウソク)する◆署名(ショメイ)する、署名、自署(ジショ)、「押署(オウショ; 付:◆手ずから授(さず)ける、直接手を取って与える、同「仅」◆渡し与える、渡して任せる、委(ゆだ)ねる◆[日]他のものに加える、また添える、また足す、同「附」,N1,kun,kun+kun~,IL1_okurigana(kun 96%) | A1_compound_oku(kun 90%) | A1_on_kun_mix(on+kun 65%),押:◆手で力を加える、力を加え自由に動けないようにする、勝手に動かないようにする、拘束(コウソク)する◆署名(ショメイ)する、署名、自署(ジショ)、「押署(オウショ; 付:◆手ずから授(さず)ける、直接手を取って与える、同「仅」◆渡し与える、渡して任せる、委(ゆだ)ねる◆[日]他のものに加える、また添える、また足す、同「附」
kk_押し出す_おしだす,押し出す,おしだす,押:◆手で力を加える、力を加え自由に動けないようにする、勝手に動かないようにする、拘束(コウソク)する◆署名(ショメイ)する、署名、自署(ジショ)、「押署(オウショ; 出:◆範囲・領域・組織や区切り・境界の内(内側、内部、裏側、こちら側、私的なところ)から外(外側、外部、表側、向こう側、公のところ)に移る、また移す、外から内へ移る,N1,kun,kun+kun~,IL1_okurigana(kun 96%) | A1_compound_oku(kun 90%) | A1_on_kun_mix(on+kun 65%),押:◆手で力を加える、力を加え自由に動けないようにする、勝手に動かないようにする、拘束(コウソク)する◆署名(ショメイ)する、署名、自署(ジショ)、「押署(オウショ; 出:◆範囲・領域・組織や区切り・境界の内(内側、内部、裏側、こちら側、私的なところ)から外(外側、外部、表側、向こう側、公のところ)に移る、また移す、外から内へ移る
kk_押し切る_おしきる,押し切る,おしきる,押:◆手で力を加える、力を加え自由に動けないようにする、勝手に動かないようにする、拘束(コウソク)する◆署名(ショメイ)する、署名、自署(ジショ)、「押署(オウショ; 切:◆刃物などですっと断(た)つ、裁(た)つ、割(さ)く◆ぴったりとしたさま、隙(すき)がないさま、「親切(シンセツ)」◆近くまで迫(せま)る、差し迫る、「切近(セ,N1,kun,kun+kun~,IL1_okurigana(kun 96%) | A1_compound_oku(kun 90%) | A1_on_kun_mix(on+kun 65%),押:◆手で力を加える、力を加え自由に動けないようにする、勝手に動かないようにする、拘束(コウソク)する◆署名(ショメイ)する、署名、自署(ジショ)、「押署(オウショ; 切:◆刃物などですっと断(た)つ、裁(た)つ、割(さ)く◆ぴったりとしたさま、隙(すき)がないさま、「親切(シンセツ)」◆近くまで迫(せま)る、差し迫る、「切近(セ
kk_押し寄せる_おしよせる,押し寄せる,おしよせる,押:◆手で力を加える、力を加え自由に動けないようにする、勝手に動かないようにする、拘束(コウソク)する◆署名(ショメイ)する、署名、自署(ジショ)、「押署(オウショ; 寄:◆他のものを頼りにする、他のものに凭(もた)れ掛かる◆託(たく)する、他人(ひと)に預(あず)ける、委(ゆだ)ねる、「寄託(キタク)」「寄命(キメイ、命を託す、,N1,kun,kun+kun~,IL1_okurigana(kun 96%) | A1_compound_oku(kun 90%) | A1_on_kun_mix(on+kun 65%),押:◆手で力を加える、力を加え自由に動けないようにする、勝手に動かないようにする、拘束(コウソク)する◆署名(ショメイ)する、署名、自署(ジショ)、「押署(オウショ; 寄:◆他のものを頼りにする、他のものに凭(もた)れ掛かる◆託(たく)する、他人(ひと)に預(あず)ける、委(ゆだ)ねる、「寄託(キタク)」「寄命(キメイ、命を託す、
kk_押し込む_おしこむ,押し込む,おしこむ,押:◆手で力を加える、力を加え自由に動けないようにする、勝手に動かないようにする、拘束(コウソク)する◆署名(ショメイ)する、署名、自署(ジショ)、「押署(オウショ; 込:◆[日]中に(内に、裏に、見えないところに)入(はい)る、入(い)れる,N1,kun,kun+kun~,IL1_okurigana(kun 96%) | A1_compound_oku(kun 90%) | A1_on_kun_mix(on+kun 65%),押:◆手で力を加える、力を加え自由に動けないようにする、勝手に動かないようにする、拘束(コウソク)する◆署名(ショメイ)する、署名、自署(ジショ)、「押署(オウショ; 込:◆[日]中に(内に、裏に、見えないところに)入(はい)る、入(い)れる
kk_抽選_ちゅうせん,抽選,ちゅうせん,抽:◆中にあるものを引き出す、一部を抜き出す、抜き取る◆ぬき・んでる、多くの中でそこだけ(それだけ、一部だけ)が突き出る、秀(ひい)でる、同「𢭆」「㩅」「抜」; 選:◆多くのものを基準に従って仕分ける、また仕分けて目的のものを抜き出す、「選択(センタク)」「選抜(センバツ)」、同「撰」◆仕分け抜き出したものを纏(まと)めたも,N1,on,on+on,B_verb_rad_手(kun 80%),抽:◆中にあるものを引き出す、一部を抜き出す、抜き取る◆ぬき・んでる、多くの中でそこだけ(それだけ、一部だけ)が突き出る、秀(ひい)でる、同「𢭆」「㩅」「抜」; 選:◆多くのものを基準に従って仕分ける、また仕分けて目的のものを抜き出す、「選択(センタク)」「選抜(センバツ)」、同「撰」◆仕分け抜き出したものを纏(まと)めたも
kk_担う_になう,担う,になう,担:◆(ゴミなどを払うように)軽く叩(はた)く、叩(たた)くようにして払う、同「撣」[†現在はこの意で「担」を用いることはない†]◆荷を肩に載せる、背に載せるのは「,N1,kun,kun,IL1_okurigana(kun 96%) | IL2_single_okuri(kun 96%) | B_verb_rad_手(kun 80%),担:◆(ゴミなどを払うように)軽く叩(はた)く、叩(たた)くようにして払う、同「撣」[†現在はこの意で「担」を用いることはない†]◆荷を肩に載せる、背に載せるのは「
kk_拉致_らち,拉致,らち,拉:◆折る、圧(へ)し折る◆引く、引っ張る、引き延ばす◆[日]ひし・ぐ、ひしゃ・げる、押し潰(つぶ)す、押し潰されて形が変わる; 致:◆相手方まで持って行って届ける、「送致」◆招き寄せる、こちらまで来させる、「招致」◆～に至る、～に至らしめる、「致死」◆～という結果に行く着く、～になる、「一致,N1,other,mixed+mixed~,A3_short_compound(on+on 71%) | B_verb_rad_手(kun 80%),拉:◆折る、圧(へ)し折る◆引く、引っ張る、引き延ばす◆[日]ひし・ぐ、ひしゃ・げる、押し潰(つぶ)す、押し潰されて形が変わる; 致:◆相手方まで持って行って届ける、「送致」◆招き寄せる、こちらまで来させる、「招致」◆～に至る、～に至らしめる、「致死」◆～という結果に行く着く、～になる、「一致
kk_拒む_こばむ,拒む,こばむ,拒:◆間隔が狭まらないように押し止める、近づこうとするものを阻(はば)む◆受け入れない,N1,kun,kun,IL1_okurigana(kun 96%) | IL2_single_okuri(kun 96%) | B_verb_rad_手(kun 80%),拒:◆間隔が狭まらないように押し止める、近づこうとするものを阻(はば)む◆受け入れない
kk_拒否_きょひ,拒否,きょひ,拒:◆間隔が狭まらないように押し止める、近づこうとするものを阻(はば)む◆受け入れない; 否:◆いな、いや、いいや、同意できない、認められない、受け入れられない、否定・不同意の言葉、同「不」◆然(しか)らずんば、～でなければ～、同「否」◆そうではない、他,N1,on,on+on,A3_short_compound(on+on 71%) | B_verb_rad_手(kun 80%),拒:◆間隔が狭まらないように押し止める、近づこうとするものを阻(はば)む◆受け入れない; 否:◆いな、いや、いいや、同意できない、認められない、受け入れられない、否定・不同意の言葉、同「不」◆然(しか)らずんば、～でなければ～、同「否」◆そうではない、他
kk_拒絶_きょぜつ,拒絶,きょぜつ,拒:◆間隔が狭まらないように押し止める、近づこうとするものを阻(はば)む◆受け入れない; 絶:◆(一本の糸・続いているもの・繋がっているものを途中で)断(た)ち切る、切り離す、同「𢇍」「𠤉」◆きっぱりと分(わ)かつ◆(それまで続いていたもの・繋がっていた,N1,on,on+on,A3_short_compound(on+on 71%) | B_verb_rad_手(kun 80%),拒:◆間隔が狭まらないように押し止める、近づこうとするものを阻(はば)む◆受け入れない; 絶:◆(一本の糸・続いているもの・繋がっているものを途中で)断(た)ち切る、切り離す、同「𢇍」「𠤉」◆きっぱりと分(わ)かつ◆(それまで続いていたもの・繋がっていた
kk_拗らせる_こじらせる,拗らせる,こじらせる,拗:◆ねじ・る、竹のように撓(しな)り曲がる、また曲がってから折れる◆す・ねる、素直に人の言うことを聞き入れない◆こじ・れる、すんなりと運ばない,N1,kun,kun,IL1_okurigana(kun 96%) | IL2_single_okuri(kun 96%) | B_verb_rad_手(kun 80%),拗:◆ねじ・る、竹のように撓(しな)り曲がる、また曲がってから折れる◆す・ねる、素直に人の言うことを聞き入れない◆こじ・れる、すんなりと運ばない
kk_拗れる_こじれる,拗れる,こじれる,拗:◆ねじ・る、竹のように撓(しな)り曲がる、また曲がってから折れる◆す・ねる、素直に人の言うことを聞き入れない◆こじ・れる、すんなりと運ばない,N1,kun,kun,IL1_okurigana(kun 96%) | IL2_single_okuri(kun 96%) | B_verb_rad_手(kun 80%),拗:◆ねじ・る、竹のように撓(しな)り曲がる、また曲がってから折れる◆す・ねる、素直に人の言うことを聞き入れない◆こじ・れる、すんなりと運ばない
kk_拘る_こだわる,拘る,こだわる,拘:◆「掌(てのひら)の中に入れ指を閉じて握(にぎ)る」「腕を回して抱(かか)える」のように、周りを取り囲んで押さえ自由に動けないようにする、束縛(ソクバク)する、,N1,kun,kun,IL1_okurigana(kun 96%) | IL2_single_okuri(kun 96%) | B_verb_rad_手(kun 80%),拘:◆「掌(てのひら)の中に入れ指を閉じて握(にぎ)る」「腕を回して抱(かか)える」のように、周りを取り囲んで押さえ自由に動けないようにする、束縛(ソクバク)する、
kk_拘束_こうそく,拘束,こうそく,拘:◆「掌(てのひら)の中に入れ指を閉じて握(にぎ)る」「腕を回して抱(かか)える」のように、周りを取り囲んで押さえ自由に動けないようにする、束縛(ソクバク)する、; 束:◆(長いものを)縛(しば)って一つにする、一つに纏(まと)める、同「捒」◆縛って一つにしたものの数を表す語◆縛る、縛ってばらばらにならないようにする、自由を制限,N1,on,on+on,B_verb_rad_手(kun 80%) | B_noun_rad_木(kun 93%),拘:◆「掌(てのひら)の中に入れ指を閉じて握(にぎ)る」「腕を回して抱(かか)える」のように、周りを取り囲んで押さえ自由に動けないようにする、束縛(ソクバク)する、; 束:◆(長いものを)縛(しば)って一つにする、一つに纏(まと)める、同「捒」◆縛って一つにしたものの数を表す語◆縛る、縛ってばらばらにならないようにする、自由を制限
kk_拠点_きょてん,拠点,きょてん,拠:◆依(よ)る、「依據、依拠(イキョ、よりどころとすること)」「憑據、憑拠(ヒョウコ、証拠ショウコ、正当であることを証明するための根拠)」、同簡「据」◆「根據、根; 点:◆小さな(黒い)染(し)み・瑕(きず)・印(しるし)、またそのようなものを付ける、「汚点(オテン)」◆小さく狭く限られた場所・範囲・位置・事柄、「地点(チテン),N1,on,on+on,A3_short_compound(on+on 71%) | B_verb_rad_手(kun 80%),拠:◆依(よ)る、「依據、依拠(イキョ、よりどころとすること)」「憑據、憑拠(ヒョウコ、証拠ショウコ、正当であることを証明するための根拠)」、同簡「据」◆「根據、根; 点:◆小さな(黒い)染(し)み・瑕(きず)・印(しるし)、またそのようなものを付ける、「汚点(オテン)」◆小さく狭く限られた場所・範囲・位置・事柄、「地点(チテン)
kk_拡散_かくさん,拡散,かくさん,拡:◆大きく広げる、いっぱいに広げる、また広がる、一面に広がる、同「撗」「㨯」; 散:◆分け離す、固まっていたり纏(まと)まっていたりしたものをばらばらにする、同「㪔」◆束縛する力がなくなってばらばらになる、ばらばらになってあちこちに広がる◆あち,N1,on,on+on,B_verb_rad_手(kun 80%),拡:◆大きく広げる、いっぱいに広げる、また広がる、一面に広がる、同「撗」「㨯」; 散:◆分け離す、固まっていたり纏(まと)まっていたりしたものをばらばらにする、同「㪔」◆束縛する力がなくなってばらばらになる、ばらばらになってあちこちに広がる◆あち
kk_括る_くくる,括る,くくる,括:◆袋などの口を解(ほど)けないように縛(しば)る、また縛って閉じる◆幾つかのものを一つに纏(まと)める、纏めて束ねる◆矢を弦(つる)に番(つが)える部分、矢筈(,N1,kun,kun,IL1_okurigana(kun 96%) | IL2_single_okuri(kun 96%) | B_verb_rad_手(kun 80%),括:◆袋などの口を解(ほど)けないように縛(しば)る、また縛って閉じる◆幾つかのものを一つに纏(まと)める、纏めて束ねる◆矢を弦(つる)に番(つが)える部分、矢筈(
kk_持ち切り_もちきり,持ち切り,もちきり,持:◆ぐっと握(にぎ)る、しっかりと掴(つか)む◆しっかりと守る、そのままの状態を保つ、「持久(ジキュウ、長く保ち続ける)」◆しっかりと支える、「支持(シジ)」◆「; 切:◆刃物などですっと断(た)つ、裁(た)つ、割(さ)く◆ぴったりとしたさま、隙(すき)がないさま、「親切(シンセツ)」◆近くまで迫(せま)る、差し迫る、「切近(セ,N1,mixed,on+kun~,IL1_okurigana(kun 96%) | A1_compound_oku(kun 90%) | A1_on_kun_mix(on+kun 65%),持:◆ぐっと握(にぎ)る、しっかりと掴(つか)む◆しっかりと守る、そのままの状態を保つ、「持久(ジキュウ、長く保ち続ける)」◆しっかりと支える、「支持(シジ)」◆「; 切:◆刃物などですっと断(た)つ、裁(た)つ、割(さ)く◆ぴったりとしたさま、隙(すき)がないさま、「親切(シンセツ)」◆近くまで迫(せま)る、差し迫る、「切近(セ
kk_持って来い_もってこい,持って来い,もってこい,持:◆ぐっと握(にぎ)る、しっかりと掴(つか)む◆しっかりと守る、そのままの状態を保つ、「持久(ジキュウ、長く保ち続ける)」◆しっかりと支える、「支持(シジ)」◆「; 来:◆(人や時間や物事が)向こうからこちらに近づく、「到来(トウライ)」、同「倈」「徠」「逨」「𧼛」◆招き寄せる、「こちらに来させる」の意◆ある時点から今まで、今に,N1,other,mixed+mixed~,IL1_okurigana(kun 96%) | A1_compound_oku(kun 90%) | A1_on_kun_mix(on+kun 65%),持:◆ぐっと握(にぎ)る、しっかりと掴(つか)む◆しっかりと守る、そのままの状態を保つ、「持久(ジキュウ、長く保ち続ける)」◆しっかりと支える、「支持(シジ)」◆「; 来:◆(人や時間や物事が)向こうからこちらに近づく、「到来(トウライ)」、同「倈」「徠」「逨」「𧼛」◆招き寄せる、「こちらに来させる」の意◆ある時点から今まで、今に
kk_持て余す_もてあます,持て余す,もてあます,持:◆ぐっと握(にぎ)る、しっかりと掴(つか)む◆しっかりと守る、そのままの状態を保つ、「持久(ジキュウ、長く保ち続ける)」◆しっかりと支える、「支持(シジ)」◆「; 余:◆われ(我)◆それ以外の、他の◆あま・す、あま・り◇必要な分を取り除いた後に残る、音・匂い・味・印象などがその元となるものがなくなった後も残る◇食べ物の量が多く,N1,kun,kun+kun~,IL1_okurigana(kun 96%) | A1_compound_oku(kun 90%) | A1_on_kun_mix(on+kun 65%),持:◆ぐっと握(にぎ)る、しっかりと掴(つか)む◆しっかりと守る、そのままの状態を保つ、「持久(ジキュウ、長く保ち続ける)」◆しっかりと支える、「支持(シジ)」◆「; 余:◆われ(我)◆それ以外の、他の◆あま・す、あま・り◇必要な分を取り除いた後に残る、音・匂い・味・印象などがその元となるものがなくなった後も残る◇食べ物の量が多く
kk_持て成す_もてなす,持て成す,もてなす,持:◆ぐっと握(にぎ)る、しっかりと掴(つか)む◆しっかりと守る、そのままの状態を保つ、「持久(ジキュウ、長く保ち続ける)」◆しっかりと支える、「支持(シジ)」◆「; 成:◆為(な)す、形や状態などを変えようとする、また変わろうとする◆本来の形や状態になる、目的・目標を持って働き、当初の目的・目標に達する、出来上がる、仕上がる、「,N1,kun,kun+kun~,IL1_okurigana(kun 96%) | A1_compound_oku(kun 90%) | A1_on_kun_mix(on+kun 65%),持:◆ぐっと握(にぎ)る、しっかりと掴(つか)む◆しっかりと守る、そのままの状態を保つ、「持久(ジキュウ、長く保ち続ける)」◆しっかりと支える、「支持(シジ)」◆「; 成:◆為(な)す、形や状態などを変えようとする、また変わろうとする◆本来の形や状態になる、目的・目標を持って働き、当初の目的・目標に達する、出来上がる、仕上がる、「
kk_持病_じびょう,持病,じびょう,持:◆ぐっと握(にぎ)る、しっかりと掴(つか)む◆しっかりと守る、そのままの状態を保つ、「持久(ジキュウ、長く保ち続ける)」◆しっかりと支える、「支持(シジ)」◆「; 病:◆体調や精神状態が正常でなくなる◆不調なさま、普段の或いは正常な状態でないさま◆体や心を痛める、憂える、苦しむ,N1,on,on+on,A3_short_compound(on+on 71%) | B_verb_rad_手(kun 80%),持:◆ぐっと握(にぎ)る、しっかりと掴(つか)む◆しっかりと守る、そのままの状態を保つ、「持久(ジキュウ、長く保ち続ける)」◆しっかりと支える、「支持(シジ)」◆「; 病:◆体調や精神状態が正常でなくなる◆不調なさま、普段の或いは正常な状態でないさま◆体や心を痛める、憂える、苦しむ
kk_持続_じぞく,持続,じぞく,持:◆ぐっと握(にぎ)る、しっかりと掴(つか)む◆しっかりと守る、そのままの状態を保つ、「持久(ジキュウ、長く保ち続ける)」◆しっかりと支える、「支持(シジ)」◆「; 続:◆切れることなく繋(つな)がる、また連(つら)なる◆前との関係を保ちながら次々に繋がって行く、「継続(ケイゾク)」「連続(レンゾク)」◆前の物事を受け、それを後,N1,on,on+on,A3_short_compound(on+on 71%) | B_verb_rad_手(kun 80%),持:◆ぐっと握(にぎ)る、しっかりと掴(つか)む◆しっかりと守る、そのままの状態を保つ、「持久(ジキュウ、長く保ち続ける)」◆しっかりと支える、「支持(シジ)」◆「; 続:◆切れることなく繋(つな)がる、また連(つら)なる◆前との関係を保ちながら次々に繋がって行く、「継続(ケイゾク)」「連続(レンゾク)」◆前の物事を受け、それを後
kk_指令_しれい,指令,しれい,指:◆ゆび、手足の先に伸び出た体の一部 ◆ゆび・さす、さ・す、物事の方向を示す◆意図するところ、考え、意向、同「旨」; 令:◆神や君主などの上位者が人を集め自身の意向を伝える◆(神や君主など上位者の)言いつけ、指示、指図、「命令(メイレイ)」「号令(ゴウレイ)」◆法律、決まりごと、「,N1,on,on+on,A3_short_compound(on+on 71%) | B_verb_rad_手(kun 80%),指:◆ゆび、手足の先に伸び出た体の一部 ◆ゆび・さす、さ・す、物事の方向を示す◆意図するところ、考え、意向、同「旨」; 令:◆神や君主などの上位者が人を集め自身の意向を伝える◆(神や君主など上位者の)言いつけ、指示、指図、「命令(メイレイ)」「号令(ゴウレイ)」◆法律、決まりごと、「
kk_指図_さしず,指図,さしず,指:◆ゆび、手足の先に伸び出た体の一部 ◆ゆび・さす、さ・す、物事の方向を示す◆意図するところ、考え、意向、同「旨」; 図:◆四角い紙などに地形やものの形やその様相などを描く、また描いたもの◆はか・る、事に先立って案を作る、計画する,N1,on,on+on,A3_short_compound(on+on 71%) | B_verb_rad_手(kun 80%),指:◆ゆび、手足の先に伸び出た体の一部 ◆ゆび・さす、さ・す、物事の方向を示す◆意図するところ、考え、意向、同「旨」; 図:◆四角い紙などに地形やものの形やその様相などを描く、また描いたもの◆はか・る、事に先立って案を作る、計画する
kk_指差す_ゆびさす,指差す,ゆびさす,指:◆ゆび、手足の先に伸び出た体の一部 ◆ゆび・さす、さ・す、物事の方向を示す◆意図するところ、考え、意向、同「旨」; 差:◆違いがある、揃(そろ)わない◆引き算をした時に余りが出る、またその時の余り◆(同じ差ごとに)区分けする、区別する◆やや～(違う、差がある、不足する、など)◆使,N1,kun,kun+kun,IL1_okurigana(kun 96%) | A1_compound_oku(kun 90%) | A1_on_kun_mix(on+kun 65%),指:◆ゆび、手足の先に伸び出た体の一部 ◆ゆび・さす、さ・す、物事の方向を示す◆意図するところ、考え、意向、同「旨」; 差:◆違いがある、揃(そろ)わない◆引き算をした時に余りが出る、またその時の余り◆(同じ差ごとに)区分けする、区別する◆やや～(違う、差がある、不足する、など)◆使
kk_指摘_してき,指摘,してき,指:◆ゆび、手足の先に伸び出た体の一部 ◆ゆび・さす、さ・す、物事の方向を示す◆意図するところ、考え、意向、同「旨」; 摘:◆指や箸などの先で掴(つか)む◆指や箸などの先で掴み取る、また掴んで千切(ちぎ)り取る◆一部分(或いは必要な部分)を選び取る,N1,on,on+on,A3_short_compound(on+on 71%) | B_verb_rad_手(kun 80%) | B_verb_rad_手(kun 80%),指:◆ゆび、手足の先に伸び出た体の一部 ◆ゆび・さす、さ・す、物事の方向を示す◆意図するところ、考え、意向、同「旨」; 摘:◆指や箸などの先で掴(つか)む◆指や箸などの先で掴み取る、また掴んで千切(ちぎ)り取る◆一部分(或いは必要な部分)を選び取る
kk_挑む_いどむ,挑む,いどむ,挑:◆煽(あお)いで騒ぎや火などの勢いを大きくする◆焚(た)きつける、そうなるように仕向ける、唆(そそのか)してその気を起こさせる、「挑動(チョウドウ)」、同「誂」,N1,kun,kun,IL1_okurigana(kun 96%) | IL2_single_okuri(kun 96%) | B_verb_rad_手(kun 80%),挑:◆煽(あお)いで騒ぎや火などの勢いを大きくする◆焚(た)きつける、そうなるように仕向ける、唆(そそのか)してその気を起こさせる、「挑動(チョウドウ)」、同「誂」
kk_挙って_こぞって,挙って,こぞって,挙:◆(ものを手で頭よりも上に)持ち上げる、手を高く上げる、「挙手(キョシュ)」◆(問題点などを)取り上げる◆(人などを)取り立てる、「推挙(スイキョ)」◆事を起こ,N1,kun,kun,IL1_okurigana(kun 96%) | IL2_single_okuri(kun 96%) | B_verb_rad_手(kun 80%),挙:◆(ものを手で頭よりも上に)持ち上げる、手を高く上げる、「挙手(キョシュ)」◆(問題点などを)取り上げる◆(人などを)取り立てる、「推挙(スイキョ)」◆事を起こ
kk_挫く_くじく,挫く,くじく,挫:◆途中で折る、折れる◆途中からそれまでのように進めなくなる,N1,kun,kun,IL1_okurigana(kun 96%) | IL2_single_okuri(kun 96%) | B_verb_rad_手(kun 80%),挫:◆途中で折る、折れる◆途中からそれまでのように進めなくなる
kk_振り出し_ふりだし,振り出し,ふりだし,振:◆揺(ゆ)する、揺るがす、揺り動かす◆揺すって奮(ふる)い起こす、また奮い立たせる◆励(はげ)ます、励まし救(すく)う◆盛んなさま、勢(いきお)いがあるさま、「; 出:◆範囲・領域・組織や区切り・境界の内(内側、内部、裏側、こちら側、私的なところ)から外(外側、外部、表側、向こう側、公のところ)に移る、また移す、外から内へ移る,N1,kun,kun+kun~,IL1_okurigana(kun 96%) | A1_compound_oku(kun 90%) | A1_on_kun_mix(on+kun 65%),振:◆揺(ゆ)する、揺るがす、揺り動かす◆揺すって奮(ふる)い起こす、また奮い立たせる◆励(はげ)ます、励まし救(すく)う◆盛んなさま、勢(いきお)いがあるさま、「; 出:◆範囲・領域・組織や区切り・境界の内(内側、内部、裏側、こちら側、私的なところ)から外(外側、外部、表側、向こう側、公のところ)に移る、また移す、外から内へ移る
kk_振り替え_ふりかえ,振り替え,ふりかえ,振:◆揺(ゆ)する、揺るがす、揺り動かす◆揺すって奮(ふる)い起こす、また奮い立たせる◆励(はげ)ます、励まし救(すく)う◆盛んなさま、勢(いきお)いがあるさま、「; 替:◆廃(すた)る、衰(おとろ)える、用を成(な)さなくなる、「衰替(スイタイ)」◆それまでのもの(今あるもの)や廃れたもの(衰えたもの、用を成さないもの)を別のも,N1,kun,kun+kun~,IL1_okurigana(kun 96%) | A1_compound_oku(kun 90%) | A1_on_kun_mix(on+kun 65%),振:◆揺(ゆ)する、揺るがす、揺り動かす◆揺すって奮(ふる)い起こす、また奮い立たせる◆励(はげ)ます、励まし救(すく)う◆盛んなさま、勢(いきお)いがあるさま、「; 替:◆廃(すた)る、衰(おとろ)える、用を成(な)さなくなる、「衰替(スイタイ)」◆それまでのもの(今あるもの)や廃れたもの(衰えたもの、用を成さないもの)を別のも
kk_振り込み_ふりこみ,振り込み,ふりこみ,振:◆揺(ゆ)する、揺るがす、揺り動かす◆揺すって奮(ふる)い起こす、また奮い立たせる◆励(はげ)ます、励まし救(すく)う◆盛んなさま、勢(いきお)いがあるさま、「; 込:◆[日]中に(内に、裏に、見えないところに)入(はい)る、入(い)れる,N1,kun,kun+kun~,IL1_okurigana(kun 96%) | A1_compound_oku(kun 90%) | A1_on_kun_mix(on+kun 65%),振:◆揺(ゆ)する、揺るがす、揺り動かす◆揺すって奮(ふる)い起こす、また奮い立たせる◆励(はげ)ます、励まし救(すく)う◆盛んなさま、勢(いきお)いがあるさま、「; 込:◆[日]中に(内に、裏に、見えないところに)入(はい)る、入(い)れる
kk_振り返る_ふりかえる,振り返る,ふりかえる,振:◆揺(ゆ)する、揺るがす、揺り動かす◆揺すって奮(ふる)い起こす、また奮い立たせる◆励(はげ)ます、励まし救(すく)う◆盛んなさま、勢(いきお)いがあるさま、「; 返:◆帰る、行った先から出発したところに戻る、同「𢓉」◆元に戻る、元に戻す◆[日]反対向きにする、反対向きになる,N1,kun,kun+kun~,IL1_okurigana(kun 96%) | A1_compound_oku(kun 90%) | A1_on_kun_mix(on+kun 65%),振:◆揺(ゆ)する、揺るがす、揺り動かす◆揺すって奮(ふる)い起こす、また奮い立たせる◆励(はげ)ます、励まし救(すく)う◆盛んなさま、勢(いきお)いがあるさま、「; 返:◆帰る、行った先から出発したところに戻る、同「𢓉」◆元に戻る、元に戻す◆[日]反対向きにする、反対向きになる
kk_振興_しんこう,振興,しんこう,振:◆揺(ゆ)する、揺るがす、揺り動かす◆揺すって奮(ふる)い起こす、また奮い立たせる◆励(はげ)ます、励まし救(すく)う◆盛んなさま、勢(いきお)いがあるさま、「; 興:◆起き上がる、すっくと立つ◆持ち上げる、高く挙(あ)げる◆高(たか)ぶる、高揚(コウヨウ)する、盛り上がる◆盛んになる、栄える,N1,on,on+on,B_verb_rad_手(kun 80%),振:◆揺(ゆ)する、揺るがす、揺り動かす◆揺すって奮(ふる)い起こす、また奮い立たせる◆励(はげ)ます、励まし救(すく)う◆盛んなさま、勢(いきお)いがあるさま、「; 興:◆起き上がる、すっくと立つ◆持ち上げる、高く挙(あ)げる◆高(たか)ぶる、高揚(コウヨウ)する、盛り上がる◆盛んになる、栄える
kk_捌く_さばく,捌く,さばく,捌:◆二つに分(わ)ける、別(わ)ける、分けて両脇に押し開く◆八、「八」の大写字(「一」は「壹」・「二」は「貳」のような大文字のこと) ◆[日]さば・く、は・ける、,N1,kun,kun,IL1_okurigana(kun 96%) | IL2_single_okuri(kun 96%) | B_verb_rad_手(kun 80%),捌:◆二つに分(わ)ける、別(わ)ける、分けて両脇に押し開く◆八、「八」の大写字(「一」は「壹」・「二」は「貳」のような大文字のこと) ◆[日]さば・く、は・ける、
kk_捕らわれる_とらわれる,捕らわれる,とらわれる,捕:◆(逃げるものを追いかけて、或いは隠れているもの捜し出して)掴(つか)まえる、捉(つか)まえる、取り押さえる,N1,kun,kun,IL1_okurigana(kun 96%) | IL2_single_okuri(kun 96%) | B_verb_rad_手(kun 80%),捕:◆(逃げるものを追いかけて、或いは隠れているもの捜し出して)掴(つか)まえる、捉(つか)まえる、取り押さえる
kk_捕獲_ほかく,捕獲,ほかく,捕:◆(逃げるものを追いかけて、或いは隠れているもの捜し出して)掴(つか)まえる、捉(つか)まえる、取り押さえる; 獲:◆狩りで鳥獣を殺し捕(と)る、また狩りで捕った鳥獣など、「獲物(えもの、中国では「猎物」)」、生きたまま捕(つか)まえるのは「虜」、「【康熙字典:申集中:虍部:,N1,on,on+on,A3_short_compound(on+on 71%) | B_verb_rad_手(kun 80%),捕:◆(逃げるものを追いかけて、或いは隠れているもの捜し出して)掴(つか)まえる、捉(つか)まえる、取り押さえる; 獲:◆狩りで鳥獣を殺し捕(と)る、また狩りで捕った鳥獣など、「獲物(えもの、中国では「猎物」)」、生きたまま捕(つか)まえるのは「虜」、「【康熙字典:申集中:虍部:
kk_捗々しい_はかばかしい,捗々しい,はかばかしい,捗:◆打つ◆「捗攎(ホロ)」、未詳、「散らばった草を拾い集める」の意か?、「【集韻:卷二:平聲:模第十一:荹捗】荹攎收亂艸或从手」◆[日]はかど・る、仕事が順調に進,N1,other,unknown,IL1_okurigana(kun 96%) | IL2_single_okuri(kun 96%) | B_verb_rad_手(kun 80%),捗:◆打つ◆「捗攎(ホロ)」、未詳、「散らばった草を拾い集める」の意か?、「【集韻:卷二:平聲:模第十一:荹捗】荹攎收亂艸或从手」◆[日]はかど・る、仕事が順調に進
kk_捗る_はかどる,捗る,はかどる,捗:◆打つ◆「捗攎(ホロ)」、未詳、「散らばった草を拾い集める」の意か?、「【集韻:卷二:平聲:模第十一:荹捗】荹攎收亂艸或从手」◆[日]はかど・る、仕事が順調に進,N1,kun,kun,IL1_okurigana(kun 96%) | IL2_single_okuri(kun 96%) | B_verb_rad_手(kun 80%),捗:◆打つ◆「捗攎(ホロ)」、未詳、「散らばった草を拾い集める」の意か?、「【集韻:卷二:平聲:模第十一:荹捗】荹攎收亂艸或从手」◆[日]はかど・る、仕事が順調に進
kk_捜査_そうさ,捜査,そうさ,捜:◆さが・す、隅々まで探(さぐ)る、また探(さが)し求める、丹念に調べる; 査:◆柵・欄干・堰(せき)などの木を組んで他との間を遮(さえぎ)るもの、同「柤」◆木を組んで作った筏、同「槎」◆調べる、「調査(チョウサ)」◆「山査(サンサ)」、サ,N1,on,on+on,A3_short_compound(on+on 71%) | B_verb_rad_手(kun 80%) | B_noun_rad_木(kun 93%),捜:◆さが・す、隅々まで探(さぐ)る、また探(さが)し求める、丹念に調べる; 査:◆柵・欄干・堰(せき)などの木を組んで他との間を遮(さえぎ)るもの、同「柤」◆木を組んで作った筏、同「槎」◆調べる、「調査(チョウサ)」◆「山査(サンサ)」、サ
kk_捜索_そうさく,捜索,そうさく,捜:◆さが・す、隅々まで探(さぐ)る、また探(さが)し求める、丹念に調べる; 索:◆ものに繋(つな)ぐ(ものを繋ぐ)太い縄(なわ)や綱(つな)、またそのような用途・形状のもの(紐・弦・鎖・ケーブルcableなど)、同「䌇」◆(手蔓てづるを頼り,N1,on,on+on,B_verb_rad_手(kun 80%),捜:◆さが・す、隅々まで探(さぐ)る、また探(さが)し求める、丹念に調べる; 索:◆ものに繋(つな)ぐ(ものを繋ぐ)太い縄(なわ)や綱(つな)、またそのような用途・形状のもの(紐・弦・鎖・ケーブルcableなど)、同「䌇」◆(手蔓てづるを頼り
kk_捧げる_ささげる,捧げる,ささげる,捧:◆両手で持つ、両掌(てのひら)に載(の)せて持つ、同「奉」◆[日](神仏や大切な人などに)謹(つつし)んで差し上げる,N1,kun,kun,IL1_okurigana(kun 96%) | IL2_single_okuri(kun 96%) | B_verb_rad_手(kun 80%),捧:◆両手で持つ、両掌(てのひら)に載(の)せて持つ、同「奉」◆[日](神仏や大切な人などに)謹(つつし)んで差し上げる
kk_捩じれる_ねじれる,捩じれる,ねじれる,捩:◆両端を持って逆方向に回す、捻(ひね)る、「手(扌)を逆方向(戾)に回す」の意◆曲げた指を伸ばす弾(はじ)く・手首を捻る・掌を返すなど手や手首を曲げ伸ばししたり,N1,kun,kun,IL1_okurigana(kun 96%) | IL2_single_okuri(kun 96%) | B_verb_rad_手(kun 80%),捩:◆両端を持って逆方向に回す、捻(ひね)る、「手(扌)を逆方向(戾)に回す」の意◆曲げた指を伸ばす弾(はじ)く・手首を捻る・掌を返すなど手や手首を曲げ伸ばししたり
kk_据える_すえる,据える,すえる,据:◆拠(よ)る、他のものを拠りどころにする、依拠(イキョ)する、同繁「據」◆「拮据(キッキョ)」◇ぐっと掴(つか)む、ぐっと摘(つ)まむ◇遣り繰り(やりくり)する,N1,kun,kun,IL1_okurigana(kun 96%) | IL2_single_okuri(kun 96%) | B_verb_rad_手(kun 80%),据:◆拠(よ)る、他のものを拠りどころにする、依拠(イキョ)する、同繁「據」◆「拮据(キッキョ)」◇ぐっと掴(つか)む、ぐっと摘(つ)まむ◇遣り繰り(やりくり)する
kk_据え付ける_すえつける,据え付ける,すえつける,据:◆拠(よ)る、他のものを拠りどころにする、依拠(イキョ)する、同繁「據」◆「拮据(キッキョ)」◇ぐっと掴(つか)む、ぐっと摘(つ)まむ◇遣り繰り(やりくり)する; 付:◆手ずから授(さず)ける、直接手を取って与える、同「仅」◆渡し与える、渡して任せる、委(ゆだ)ねる◆[日]他のものに加える、また添える、また足す、同「附」,N1,kun,kun+kun~,IL1_okurigana(kun 96%) | A1_compound_oku(kun 90%) | A1_on_kun_mix(on+kun 65%),据:◆拠(よ)る、他のものを拠りどころにする、依拠(イキョ)する、同繁「據」◆「拮据(キッキョ)」◇ぐっと掴(つか)む、ぐっと摘(つ)まむ◇遣り繰り(やりくり)する; 付:◆手ずから授(さず)ける、直接手を取って与える、同「仅」◆渡し与える、渡して任せる、委(ゆだ)ねる◆[日]他のものに加える、また添える、また足す、同「附」
kk_捲る_めくる,捲る,めくる,捲:◆拳(ケン、こぶし)を作る、意気盛んなさま◆ま・く、転がすようにして筒状に巻き丸める、同「巻」◆まく・る、めく・る、垂れているものなどを下から上に向かって巻き上,N1,kun,kun,IL1_okurigana(kun 96%) | IL2_single_okuri(kun 96%) | B_verb_rad_手(kun 80%),捲:◆拳(ケン、こぶし)を作る、意気盛んなさま◆ま・く、転がすようにして筒状に巻き丸める、同「巻」◆まく・る、めく・る、垂れているものなどを下から上に向かって巻き上
kk_捺印_なついん,捺印,なついん,捺:◆手や指で押さえる、押し付ける、同「𢮊」◆筆画の一つ、左上から右下にはらう書き方、古くは「磔(タク)」といったが、現代(遅くとも清代以降)の中国では「捺(ナツ); 印:◆しるし、真正(シンセイ)であることの証(あかし)とするもの、それであることを見分けるための標(しるし)◆判子(はんこ)、特に公的な印鑑を指す◆木や石や金属に文,N1,on,on+on,B_verb_rad_手(kun 80%),捺:◆手や指で押さえる、押し付ける、同「𢮊」◆筆画の一つ、左上から右下にはらう書き方、古くは「磔(タク)」といったが、現代(遅くとも清代以降)の中国では「捺(ナツ); 印:◆しるし、真正(シンセイ)であることの証(あかし)とするもの、それであることを見分けるための標(しるし)◆判子(はんこ)、特に公的な印鑑を指す◆木や石や金属に文
kk_捻出_ねんしゅつ,捻出,ねんしゅつ,捻:◆指で摘まんで回す、撚(よ)る◆「捻子(ネンシ)」、指で撚(よ)って糸状にしたもの、紙を撚(よ)ったものを「紙捻子」、日本ではこより(紙縒・紙捻・紙撚); 出:◆範囲・領域・組織や区切り・境界の内(内側、内部、裏側、こちら側、私的なところ)から外(外側、外部、表側、向こう側、公のところ)に移る、また移す、外から内へ移る,N1,on,on+on,B_verb_rad_手(kun 80%),捻:◆指で摘まんで回す、撚(よ)る◆「捻子(ネンシ)」、指で撚(よ)って糸状にしたもの、紙を撚(よ)ったものを「紙捻子」、日本ではこより(紙縒・紙捻・紙撚); 出:◆範囲・領域・組織や区切り・境界の内(内側、内部、裏側、こちら側、私的なところ)から外(外側、外部、表側、向こう側、公のところ)に移る、また移す、外から内へ移る
kk_授かる_さずかる,授かる,さずかる,授:◆上位者が下位者に直接(手渡しで)与える、また教える、下位者が上位者から直接(手渡しで)賜(たまわ)る、また給(たま)わる,N1,kun,kun,IL1_okurigana(kun 96%) | IL2_single_okuri(kun 96%) | B_verb_rad_手(kun 80%),授:◆上位者が下位者に直接(手渡しで)与える、また教える、下位者が上位者から直接(手渡しで)賜(たまわ)る、また給(たま)わる
kk_授ける_さずける,授ける,さずける,授:◆上位者が下位者に直接(手渡しで)与える、また教える、下位者が上位者から直接(手渡しで)賜(たまわ)る、また給(たま)わる,N1,kun,kun,IL1_okurigana(kun 96%) | IL2_single_okuri(kun 96%) | B_verb_rad_手(kun 80%),授:◆上位者が下位者に直接(手渡しで)与える、また教える、下位者が上位者から直接(手渡しで)賜(たまわ)る、また給(たま)わる
kk_授与_じゅよ,授与,じゅよ,授:◆上位者が下位者に直接(手渡しで)与える、また教える、下位者が上位者から直接(手渡しで)賜(たまわ)る、また給(たま)わる; 与:◆上位の者が下位の者に物などをやる、授(さず)ける、同「賜予(シヨ)」◆同じ目的を持った仲間に加わる、また加わって共に行動する、組する、同「與」◆関(かか)わる,N1,on,on+on,A3_short_compound(on+on 71%) | B_verb_rad_手(kun 80%),授:◆上位者が下位者に直接(手渡しで)与える、また教える、下位者が上位者から直接(手渡しで)賜(たまわ)る、また給(たま)わる; 与:◆上位の者が下位の者に物などをやる、授(さず)ける、同「賜予(シヨ)」◆同じ目的を持った仲間に加わる、また加わって共に行動する、組する、同「與」◆関(かか)わる
kk_掛け～_かけ～,掛け～,かけ～,掛:◆引っ懸(か)ける、ものの上に置いて両方また片方を垂らす、ぶら下げる、同「挂」◆引っ懸かる、気になって心に(目に)止まる◆簡「挂」◆[日]体や物を斜めにしてその,N1,kun,kun,IL1_okurigana(kun 96%) | IL2_single_okuri(kun 96%) | B_verb_rad_手(kun 80%),掛:◆引っ懸(か)ける、ものの上に置いて両方また片方を垂らす、ぶら下げる、同「挂」◆引っ懸かる、気になって心に(目に)止まる◆簡「挂」◆[日]体や物を斜めにしてその
kk_掠る_かする,掠る,かする,掠:◆さっと触れて一瞬に通り過ぎる◆さっと払(はら)う、さっと撫(な)でる◆鞭(むち)打つ、鞭で叩(たた)く、同「拷」◆さっと奪い取る、同「略」◆永字八法の一つ、右,N1,kun,kun,IL1_okurigana(kun 96%) | IL2_single_okuri(kun 96%) | B_verb_rad_手(kun 80%),掠:◆さっと触れて一瞬に通り過ぎる◆さっと払(はら)う、さっと撫(な)でる◆鞭(むち)打つ、鞭で叩(たた)く、同「拷」◆さっと奪い取る、同「略」◆永字八法の一つ、右
kk_採取_さいしゅ,採取,さいしゅ,採:◆指先で摘(つま)み取る、選び取る、同簡「采」◆燃料にする小さい木、大きいものは「薪」; 取:◆捕(つか)まえる、捕(と)らえる、縄(なわ)を掛ける◆手に入れる、手の中に収(おさ)める、手で受ける◆(多くの中から一部を、或いは一つを)選ぶ、選択する◆娶(,N1,on,on+on,A3_short_compound(on+on 71%) | B_verb_rad_手(kun 80%),採:◆指先で摘(つま)み取る、選び取る、同簡「采」◆燃料にする小さい木、大きいものは「薪」; 取:◆捕(つか)まえる、捕(と)らえる、縄(なわ)を掛ける◆手に入れる、手の中に収(おさ)める、手で受ける◆(多くの中から一部を、或いは一つを)選ぶ、選択する◆娶(
kk_採掘_さいくつ,採掘,さいくつ,"採:◆指先で摘(つま)み取る、選び取る、同簡「采」◆燃料にする小さい木、大きいものは「薪」; 掘:◆穴を穿(うが)って土や岩を取り出す◆土や岩などを""Ｕ""字状(垂直方向)・""⊂""字状(水平方向)に穿つ、また抉(えぐ)る、同「堀」、そのようにしてできた穴、同「",N1,on,on+on,B_verb_rad_手(kun 80%) | B_verb_rad_手(kun 80%),"採:◆指先で摘(つま)み取る、選び取る、同簡「采」◆燃料にする小さい木、大きいものは「薪」; 掘:◆穴を穿(うが)って土や岩を取り出す◆土や岩などを""Ｕ""字状(垂直方向)・""⊂""字状(水平方向)に穿つ、また抉(えぐ)る、同「堀」、そのようにしてできた穴、同「"
kk_採決_さいけつ,採決,さいけつ,採:◆指先で摘(つま)み取る、選び取る、同簡「采」◆燃料にする小さい木、大きいものは「薪」; 決:◆堤(つつみ)などが破(やぶ)れる、また(堤防などが破れて)水が流れ出る◆破る、突き破る◆(妨げとなっている物や事を突き破って、押し退けて)きっぱりと、「決断(,N1,on,on+on,B_verb_rad_手(kun 80%),採:◆指先で摘(つま)み取る、選び取る、同簡「采」◆燃料にする小さい木、大きいものは「薪」; 決:◆堤(つつみ)などが破(やぶ)れる、また(堤防などが破れて)水が流れ出る◆破る、突き破る◆(妨げとなっている物や事を突き破って、押し退けて)きっぱりと、「決断(
kk_採算_さいさん,採算,さいさん,採:◆指先で摘(つま)み取る、選び取る、同簡「采」◆燃料にする小さい木、大きいものは「薪」; 算:◆数(かず)を数(かぞ)える、同「筭」◆数を計算する(本数や置き方によって数を表す)ための竹の棒、占いにも用いる、同「籌」、「算籌(サンチュウ、計算また占いに用,N1,on,on+on,B_verb_rad_手(kun 80%) | B_noun_rad_竹(kun 93%),採:◆指先で摘(つま)み取る、選び取る、同簡「采」◆燃料にする小さい木、大きいものは「薪」; 算:◆数(かず)を数(かぞ)える、同「筭」◆数を計算する(本数や置き方によって数を表す)ための竹の棒、占いにも用いる、同「籌」、「算籌(サンチュウ、計算また占いに用
kk_採集_さいしゅう,採集,さいしゅう,採:◆指先で摘(つま)み取る、選び取る、同簡「采」◆燃料にする小さい木、大きいものは「薪」; 集:◆多くのものが同じところに寄り合う、多くの人が同じところに会(カイ)する◆多くのものが一つになる、また一つにする、また一つになったもの、また一つにしたもの◆多く,N1,on,on+on,B_verb_rad_手(kun 80%),採:◆指先で摘(つま)み取る、選び取る、同簡「采」◆燃料にする小さい木、大きいものは「薪」; 集:◆多くのものが同じところに寄り合う、多くの人が同じところに会(カイ)する◆多くのものが一つになる、また一つにする、また一つになったもの、また一つにしたもの◆多く
kk_探偵_たんてい,探偵,たんてい,探:◆さぐ・る、奥まで手を伸ばし入れて確かめる、また調べる◆さが・す、遠くまで出かけて確かめる、また調べる◆尋(たず)ねる、尋ね求める; 偵:◆様子を窺(うかが)う、様子を探(さぐ)る、同「遉」、「偵察(テイサツ)」◆密(ひそ)かに敵の様子を探(さぐ)る、またその人、スパイ、「間諜(カンチョウ)」,N1,on,on+on,B_verb_rad_手(kun 80%),探:◆さぐ・る、奥まで手を伸ばし入れて確かめる、また調べる◆さが・す、遠くまで出かけて確かめる、また調べる◆尋(たず)ねる、尋ね求める; 偵:◆様子を窺(うかが)う、様子を探(さぐ)る、同「遉」、「偵察(テイサツ)」◆密(ひそ)かに敵の様子を探(さぐ)る、またその人、スパイ、「間諜(カンチョウ)」
kk_探検/探険_たんけん,探検/探険,たんけん,探:◆さぐ・る、奥まで手を伸ばし入れて確かめる、また調べる◆さが・す、遠くまで出かけて確かめる、また調べる◆尋(たず)ねる、尋ね求める; 検:◆木簡・竹簡・文書箱などに貼る表題(ヒョウダイ)を記した札(ふだ、ラベルlabel)、題簽(ダイセン)◆木簡・竹簡・文書箱などを紐(ひも)で縛(しば)り、その結; 探:◆さぐ・る、奥まで手を伸ばし入れて確かめる、また調べる◆さが・す、遠くまで出かけて確かめる、また調べる◆尋(たず)ねる、尋ね求める,N1,on,on+on+on+on~,A4_multi_on(on+on+on+on 65%) | B_verb_rad_手(kun 80%) | B_noun_rad_木(kun 93%),探:◆さぐ・る、奥まで手を伸ばし入れて確かめる、また調べる◆さが・す、遠くまで出かけて確かめる、また調べる◆尋(たず)ねる、尋ね求める; 検:◆木簡・竹簡・文書箱などに貼る表題(ヒョウダイ)を記した札(ふだ、ラベルlabel)、題簽(ダイセン)◆木簡・竹簡・文書箱などを紐(ひも)で縛(しば)り、その結; 探:◆さぐ・る、奥まで手を伸ばし入れて確かめる、また調べる◆さが・す、遠くまで出かけて確かめる、また調べる◆尋(たず)ねる、尋ね求める
kk_探知_たんち,探知,たんち,探:◆さぐ・る、奥まで手を伸ばし入れて確かめる、また調べる◆さが・す、遠くまで出かけて確かめる、また調べる◆尋(たず)ねる、尋ね求める; 知:◆(矢のように素早く、矢が的の中央に当たるように的確に)認識する、見定める、「察知(サッチ)」「知識(チシキ)」、「智」は「見知ったことを理解しその正邪を正しく,N1,on,on+on,A3_short_compound(on+on 71%) | B_verb_rad_手(kun 80%),探:◆さぐ・る、奥まで手を伸ばし入れて確かめる、また調べる◆さが・す、遠くまで出かけて確かめる、また調べる◆尋(たず)ねる、尋ね求める; 知:◆(矢のように素早く、矢が的の中央に当たるように的確に)認識する、見定める、「察知(サッチ)」「知識(チシキ)」、「智」は「見知ったことを理解しその正邪を正しく
kk_探究/探求_たんきゅう,探究/探求,たんきゅう,探:◆さぐ・る、奥まで手を伸ばし入れて確かめる、また調べる◆さが・す、遠くまで出かけて確かめる、また調べる◆尋(たず)ねる、尋ね求める; 究:◆極める、奥深い穴の突き当たりまで行く、極まる、突き当たりまで行き着く◆窮(きわ)める、(奥深い穴の)隅々まで調べ尽くす◆とどのつまり、結局; 探:◆さぐ・る、奥まで手を伸ばし入れて確かめる、また調べる◆さが・す、遠くまで出かけて確かめる、また調べる◆尋(たず)ねる、尋ね求める,N1,on,on+on+on+on~,A4_multi_on(on+on+on+on 65%) | B_verb_rad_手(kun 80%) | B_verb_rad_手(kun 80%),探:◆さぐ・る、奥まで手を伸ばし入れて確かめる、また調べる◆さが・す、遠くまで出かけて確かめる、また調べる◆尋(たず)ねる、尋ね求める; 究:◆極める、奥深い穴の突き当たりまで行く、極まる、突き当たりまで行き着く◆窮(きわ)める、(奥深い穴の)隅々まで調べ尽くす◆とどのつまり、結局; 探:◆さぐ・る、奥まで手を伸ばし入れて確かめる、また調べる◆さが・す、遠くまで出かけて確かめる、また調べる◆尋(たず)ねる、尋ね求める
kk_接ぐ_つぐ,接ぐ,つぐ,接:◆二つのものが間近(まぢか)まで近づく、ぴったりと寄る◆交(まじ)える、触れ合わせる◆(人と)触れ合う、親しく交わる◆近くまで寄ってくるもの(寄ってきたもの)を,N1,kun,kun,IL1_okurigana(kun 96%) | IL2_single_okuri(kun 96%) | B_verb_rad_手(kun 80%),接:◆二つのものが間近(まぢか)まで近づく、ぴったりと寄る◆交(まじ)える、触れ合わせる◆(人と)触れ合う、親しく交わる◆近くまで寄ってくるもの(寄ってきたもの)を
kk_控える_ひかえる,控える,ひかえる,控:◆(弦や手綱を)引く◆引いて抑(おさ)える、制御する◆差し引く、同「扣」、「控除(コウジョ)」◆訴え出る、「控告(コウコク)」◆[日]引いて一旦見合わせる、一歩,N1,kun,kun,IL1_okurigana(kun 96%) | IL2_single_okuri(kun 96%) | B_verb_rad_手(kun 80%),控:◆(弦や手綱を)引く◆引いて抑(おさ)える、制御する◆差し引く、同「扣」、「控除(コウジョ)」◆訴え出る、「控告(コウコク)」◆[日]引いて一旦見合わせる、一歩
kk_控え室_ひかえしつ,控え室,ひかえしつ,控:◆(弦や手綱を)引く◆引いて抑(おさ)える、制御する◆差し引く、同「扣」、「控除(コウジョ)」◆訴え出る、「控告(コウコク)」◆[日]引いて一旦見合わせる、一歩; 室:◆奥の部屋、堂(ドウ、南側の広間)の後ろ(北側、北側中央)の部屋、家人が日常起居(キキョ)する部屋◆部屋、房間(ボウカン)、屋子(オクシ)◆家、住居、またそこで,N1,mixed,kun+on~,IL1_okurigana(kun 96%) | A1_compound_oku(kun 90%) | A1_on_kun_mix(on+kun 65%),控:◆(弦や手綱を)引く◆引いて抑(おさ)える、制御する◆差し引く、同「扣」、「控除(コウジョ)」◆訴え出る、「控告(コウコク)」◆[日]引いて一旦見合わせる、一歩; 室:◆奥の部屋、堂(ドウ、南側の広間)の後ろ(北側、北側中央)の部屋、家人が日常起居(キキョ)する部屋◆部屋、房間(ボウカン)、屋子(オクシ)◆家、住居、またそこで
kk_控え目_ひかえめ,控え目,ひかえめ,控:◆(弦や手綱を)引く◆引いて抑(おさ)える、制御する◆差し引く、同「扣」、「控除(コウジョ)」◆訴え出る、「控告(コウコク)」◆[日]引いて一旦見合わせる、一歩; 目:◆眼(め、眼球ガンキュウ、黒目くろめ)・白目(しろめ、結膜ケツマク)・視神経などを含むものを見る器官全体、またその形状や様子や機能◆ものを見る、また見分ける◆眼,N1,kun,kun+kun~,IL1_okurigana(kun 96%) | A1_compound_oku(kun 90%) | A1_on_kun_mix(on+kun 65%),控:◆(弦や手綱を)引く◆引いて抑(おさ)える、制御する◆差し引く、同「扣」、「控除(コウジョ)」◆訴え出る、「控告(コウコク)」◆[日]引いて一旦見合わせる、一歩; 目:◆眼(め、眼球ガンキュウ、黒目くろめ)・白目(しろめ、結膜ケツマク)・視神経などを含むものを見る器官全体、またその形状や様子や機能◆ものを見る、また見分ける◆眼
kk_控除_こうじょ,控除,こうじょ,控:◆(弦や手綱を)引く◆引いて抑(おさ)える、制御する◆差し引く、同「扣」、「控除(コウジョ)」◆訴え出る、「控告(コウコク)」◆[日]引いて一旦見合わせる、一歩; 除:◆そこにあるものを押し退(の)ける、押し退けて場所をあける◆取り払う、取り去る◆それまでの官職を解(と)いて新しい官職に就(つ)ける、「除官(ジョカン)」◆それ,N1,on,on+on,A3_short_compound(on+on 71%) | B_verb_rad_手(kun 80%),控:◆(弦や手綱を)引く◆引いて抑(おさ)える、制御する◆差し引く、同「扣」、「控除(コウジョ)」◆訴え出る、「控告(コウコク)」◆[日]引いて一旦見合わせる、一歩; 除:◆そこにあるものを押し退(の)ける、押し退けて場所をあける◆取り払う、取り去る◆それまでの官職を解(と)いて新しい官職に就(つ)ける、「除官(ジョカン)」◆それ
kk_推し進める_おしすすめる,推し進める,おしすすめる,推:◆(前に向かって)押す、押し出す、押し開ける、押し広げる◆前に向かって進む、また進める、「推移(スイイ)」◆人に(人を)進める、また薦(すす)める、「推挙(スイ; 進:◆前に向かって動く(行く)、前に出る、登る、上に向かって動く(行く)、昇って行く、状態が良い方向に向かう、逆は「退」◆位や程度が上がる◆人にものを差し出す、また,N1,kun,kun+kun~,IL1_okurigana(kun 96%) | A1_compound_oku(kun 90%) | A1_on_kun_mix(on+kun 65%),推:◆(前に向かって)押す、押し出す、押し開ける、押し広げる◆前に向かって進む、また進める、「推移(スイイ)」◆人に(人を)進める、また薦(すす)める、「推挙(スイ; 進:◆前に向かって動く(行く)、前に出る、登る、上に向かって動く(行く)、昇って行く、状態が良い方向に向かう、逆は「退」◆位や程度が上がる◆人にものを差し出す、また
kk_推理_すいり,推理,すいり,推:◆(前に向かって)押す、押し出す、押し開ける、押し広げる◆前に向かって進む、また進める、「推移(スイイ)」◆人に(人を)進める、また薦(すす)める、「推挙(スイ; 理:◆玉(ギョク、大変美しい石)の筋目(すじめ)、規則正しく並んだ筋目◆物事の正しい筋道◆筋道を立てる、また立っている、筋を通す、また通っている◆筋道に沿って判断す,N1,on,on+on,A3_short_compound(on+on 71%) | B_verb_rad_手(kun 80%),推:◆(前に向かって)押す、押し出す、押し開ける、押し広げる◆前に向かって進む、また進める、「推移(スイイ)」◆人に(人を)進める、また薦(すす)める、「推挙(スイ; 理:◆玉(ギョク、大変美しい石)の筋目(すじめ)、規則正しく並んだ筋目◆物事の正しい筋道◆筋道を立てる、また立っている、筋を通す、また通っている◆筋道に沿って判断す
kk_推進_すいしん,推進,すいしん,推:◆(前に向かって)押す、押し出す、押し開ける、押し広げる◆前に向かって進む、また進める、「推移(スイイ)」◆人に(人を)進める、また薦(すす)める、「推挙(スイ; 進:◆前に向かって動く(行く)、前に出る、登る、上に向かって動く(行く)、昇って行く、状態が良い方向に向かう、逆は「退」◆位や程度が上がる◆人にものを差し出す、また,N1,on,on+on,B_verb_rad_手(kun 80%),推:◆(前に向かって)押す、押し出す、押し開ける、押し広げる◆前に向かって進む、また進める、「推移(スイイ)」◆人に(人を)進める、また薦(すす)める、「推挙(スイ; 進:◆前に向かって動く(行く)、前に出る、登る、上に向かって動く(行く)、昇って行く、状態が良い方向に向かう、逆は「退」◆位や程度が上がる◆人にものを差し出す、また
kk_措置_そち,措置,そち,措:◆置く、そのままにして置く◆「刑措(ケイソ)」、刑罰法は扨置(さてお)いて、それを用いないこと◆あるべき場所に置く、あるべき状態にする、「安措(アンソ)」◆「挙; 置:◆まっすぐに立てる、動かないように(傾いたり揺らいだり位置や状態が変わったりしないように)しっかりと据(す)える、同「寘」◆設(もう)ける、あるべきところに据え,N1,on,on+on,A3_short_compound(on+on 71%) | B_verb_rad_手(kun 80%),措:◆置く、そのままにして置く◆「刑措(ケイソ)」、刑罰法は扨置(さてお)いて、それを用いないこと◆あるべき場所に置く、あるべき状態にする、「安措(アンソ)」◆「挙; 置:◆まっすぐに立てる、動かないように(傾いたり揺らいだり位置や状態が変わったりしないように)しっかりと据(す)える、同「寘」◆設(もう)ける、あるべきところに据え
kk_掲げる_かかげる,掲げる,かかげる,掲:◆高く上げる、高く差し上げる◆(旗や目印などを付けた)棒や竿(さお)などを立てる、人の目に入るように高く上げる◆持ち上げる、(衣服の裾すそなどを)たくし上げる,N1,kun,kun,IL1_okurigana(kun 96%) | IL2_single_okuri(kun 96%) | B_verb_rad_手(kun 80%),掲:◆高く上げる、高く差し上げる◆(旗や目印などを付けた)棒や竿(さお)などを立てる、人の目に入るように高く上げる◆持ち上げる、(衣服の裾すそなどを)たくし上げる
kk_掻き乱す_かきみだす,掻き乱す,かきみだす,掻:◆爪を立て引っ掛けるようにして引く、また爪立ててものを寄せ集める◆騒ぐ、同「騒」◆[日]手を忙(せわ)しく動かすさま; 乱:◆平穏でなくなる、均衡が失われ不安定になる、秩序がなくなる、ごちゃごちゃする、同「𢿢」◆ばらばらになる、脈絡(ミャクラク)がなくなる、訳が分からなくなる◆縺(も,N1,kun,kun+kun~,IL1_okurigana(kun 96%) | A1_compound_oku(kun 90%) | A1_on_kun_mix(on+kun 65%),掻:◆爪を立て引っ掛けるようにして引く、また爪立ててものを寄せ集める◆騒ぐ、同「騒」◆[日]手を忙(せわ)しく動かすさま; 乱:◆平穏でなくなる、均衡が失われ不安定になる、秩序がなくなる、ごちゃごちゃする、同「𢿢」◆ばらばらになる、脈絡(ミャクラク)がなくなる、訳が分からなくなる◆縺(も
kk_掻き回す_かきまわす,掻き回す,かきまわす,掻:◆爪を立て引っ掛けるようにして引く、また爪立ててものを寄せ集める◆騒ぐ、同「騒」◆[日]手を忙(せわ)しく動かすさま; 回:◆円を描(えが)くように動く、一周して(一巡して)元に戻る、同「廻」「迴」、「回復(カイフク)」「回帰(カイキ)」◆元に戻す、元に返す、「回答(カイトウ)」◆(,N1,kun,kun+kun~,IL1_okurigana(kun 96%) | A1_compound_oku(kun 90%) | A1_on_kun_mix(on+kun 65%),掻:◆爪を立て引っ掛けるようにして引く、また爪立ててものを寄せ集める◆騒ぐ、同「騒」◆[日]手を忙(せわ)しく動かすさま; 回:◆円を描(えが)くように動く、一周して(一巡して)元に戻る、同「廻」「迴」、「回復(カイフク)」「回帰(カイキ)」◆元に戻す、元に返す、「回答(カイトウ)」◆(
kk_揉める_もめる,揉める,もめる,揉:◆曲げたり伸ばしたりする、またそうして柔らかくする◆おとなしくさせる、懐柔(カイジュウ)する,N1,kun,kun,IL1_okurigana(kun 96%) | IL2_single_okuri(kun 96%) | B_verb_rad_手(kun 80%),揉:◆曲げたり伸ばしたりする、またそうして柔らかくする◆おとなしくさせる、懐柔(カイジュウ)する
kk_揉め事_もめごと,揉め事,もめごと,揉:◆曲げたり伸ばしたりする、またそうして柔らかくする◆おとなしくさせる、懐柔(カイジュウ)する; 事:◆こと、動作・現象・状態など形のないものを指す語、形のあるものは「物」、「事情(ジジョウ、ことの様子)」「無事(ブジ、何事もないさま)」◆職(ショク)、仕事や役,N1,other,mixed+mixed~,IL1_okurigana(kun 96%) | A1_compound_oku(kun 90%) | A1_on_kun_mix(on+kun 65%),揉:◆曲げたり伸ばしたりする、またそうして柔らかくする◆おとなしくさせる、懐柔(カイジュウ)する; 事:◆こと、動作・現象・状態など形のないものを指す語、形のあるものは「物」、「事情(ジジョウ、ことの様子)」「無事(ブジ、何事もないさま)」◆職(ショク)、仕事や役
kk_提携_ていけい,提携,ていけい,提:◆さ・げる、垂らすようにして持つ、下げるようにして持つ◆持ち上げる、引き上げる◆(話や課題などを)取り上げる、持ち出す、「提起(テイキ)」「提案(テイアン)」◆; 携:◆手にぶら下げて持つ、(紐などで繋いだものをぶら下げるようにして)身に帯びる◆手を繋ぐ、手を取る、手を取り合う◆手を取って一緒に行く、引き連れる,N1,on,on+on,B_verb_rad_手(kun 80%) | B_verb_rad_手(kun 80%),提:◆さ・げる、垂らすようにして持つ、下げるようにして持つ◆持ち上げる、引き上げる◆(話や課題などを)取り上げる、持ち出す、「提起(テイキ)」「提案(テイアン)」◆; 携:◆手にぶら下げて持つ、(紐などで繋いだものをぶら下げるようにして)身に帯びる◆手を繋ぐ、手を取る、手を取り合う◆手を取って一緒に行く、引き連れる
kk_提示_ていじ,提示,ていじ,提:◆さ・げる、垂らすようにして持つ、下げるようにして持つ◆持ち上げる、引き上げる◆(話や課題などを)取り上げる、持ち出す、「提起(テイキ)」「提案(テイアン)」◆; 示:◆(天上の神が地上のものに齎す物事の意思・意図を)はっきりと分かるように目の前に出して見せる、また見せて知らしめる、同「視」◆しめす、しめすへん、部首名,N1,on,on+on,A3_short_compound(on+on 71%) | B_verb_rad_手(kun 80%),提:◆さ・げる、垂らすようにして持つ、下げるようにして持つ◆持ち上げる、引き上げる◆(話や課題などを)取り上げる、持ち出す、「提起(テイキ)」「提案(テイアン)」◆; 示:◆(天上の神が地上のものに齎す物事の意思・意図を)はっきりと分かるように目の前に出して見せる、また見せて知らしめる、同「視」◆しめす、しめすへん、部首名
kk_換算_かんさん,換算,かんさん,換:◆今あるものをそれまでのものとは別のものに替える; 算:◆数(かず)を数(かぞ)える、同「筭」◆数を計算する(本数や置き方によって数を表す)ための竹の棒、占いにも用いる、同「籌」、「算籌(サンチュウ、計算また占いに用,N1,on,on+on,B_verb_rad_手(kun 80%) | B_noun_rad_竹(kun 93%),換:◆今あるものをそれまでのものとは別のものに替える; 算:◆数(かず)を数(かぞ)える、同「筭」◆数を計算する(本数や置き方によって数を表す)ための竹の棒、占いにも用いる、同「籌」、「算籌(サンチュウ、計算また占いに用
kk_揺さ振る_ゆさぶる,揺さ振る,ゆさぶる,揺:◆上下・左右・前後に行きつ戻りつするように動く、また動かす; 振:◆揺(ゆ)する、揺るがす、揺り動かす◆揺すって奮(ふる)い起こす、また奮い立たせる◆励(はげ)ます、励まし救(すく)う◆盛んなさま、勢(いきお)いがあるさま、「,N1,other,mixed+mixed~,IL1_okurigana(kun 96%) | A1_compound_oku(kun 90%) | A1_on_kun_mix(on+kun 65%),揺:◆上下・左右・前後に行きつ戻りつするように動く、また動かす; 振:◆揺(ゆ)する、揺るがす、揺り動かす◆揺すって奮(ふる)い起こす、また奮い立たせる◆励(はげ)ます、励まし救(すく)う◆盛んなさま、勢(いきお)いがあるさま、「
kk_揺らぐ_ゆらぐ,揺らぐ,ゆらぐ,揺:◆上下・左右・前後に行きつ戻りつするように動く、また動かす,N1,kun,kun,IL1_okurigana(kun 96%) | IL2_single_okuri(kun 96%) | B_verb_rad_手(kun 80%),揺:◆上下・左右・前後に行きつ戻りつするように動く、また動かす
kk_揺ら揺ら_ゆらゆら,揺ら揺ら,ゆらゆら,揺:◆上下・左右・前後に行きつ戻りつするように動く、また動かす; 揺:◆上下・左右・前後に行きつ戻りつするように動く、また動かす,N1,kun,kun+kun~,IL1_okurigana(kun 96%) | A1_compound_oku(kun 90%) | A1_on_kun_mix(on+kun 65%),揺:◆上下・左右・前後に行きつ戻りつするように動く、また動かす; 揺:◆上下・左右・前後に行きつ戻りつするように動く、また動かす
kk_揺るがす_ゆるがす,揺るがす,ゆるがす,揺:◆上下・左右・前後に行きつ戻りつするように動く、また動かす,N1,kun,kun,IL1_okurigana(kun 96%) | IL2_single_okuri(kun 96%) | B_verb_rad_手(kun 80%),揺:◆上下・左右・前後に行きつ戻りつするように動く、また動かす
kk_損なう_そこなう,損なう,そこなう,損:◆減らす、失う、失(しっ)する、欠ける、傷付ける、貶(おとし)める、貶(けな)す、価値が低下したり状態が悪化したりすることを指す,N1,kun,kun,IL1_okurigana(kun 96%) | IL2_single_okuri(kun 96%) | B_verb_rad_手(kun 80%),損:◆減らす、失う、失(しっ)する、欠ける、傷付ける、貶(おとし)める、貶(けな)す、価値が低下したり状態が悪化したりすることを指す
kk_搭乗_とうじょう,搭乗,とうじょう,搭:◆上に載せる、掛ける◆乗り物に乗る、また積む◆叩(たた)く、ぽんぽんと叩(たた)く; 乗:◆高台(たかだい、周りからは一段と高く人や物が乗ることができるようなところ)に登(のぼ)る、馬や車・舟などの台(ダイ)に上(あ)がる◆(人が乗るための)馬や車・,N1,on,on+on,B_verb_rad_手(kun 80%),搭:◆上に載せる、掛ける◆乗り物に乗る、また積む◆叩(たた)く、ぽんぽんと叩(たた)く; 乗:◆高台(たかだい、周りからは一段と高く人や物が乗ることができるようなところ)に登(のぼ)る、馬や車・舟などの台(ダイ)に上(あ)がる◆(人が乗るための)馬や車・
kk_摂取_せっしゅ,摂取,せっしゅ,摂:◆きちんと揃えて持つ、しっかりと手に持つ◆(身なりを、乱れないように)きちんと整(ととの)える、「【說文解字注:手部:攝】引持也(謂引進而持之也凡云攝者皆整飭之; 取:◆捕(つか)まえる、捕(と)らえる、縄(なわ)を掛ける◆手に入れる、手の中に収(おさ)める、手で受ける◆(多くの中から一部を、或いは一つを)選ぶ、選択する◆娶(,N1,on,on+on,A3_short_compound(on+on 71%) | B_verb_rad_手(kun 80%),摂:◆きちんと揃えて持つ、しっかりと手に持つ◆(身なりを、乱れないように)きちんと整(ととの)える、「【說文解字注:手部:攝】引持也(謂引進而持之也凡云攝者皆整飭之; 取:◆捕(つか)まえる、捕(と)らえる、縄(なわ)を掛ける◆手に入れる、手の中に収(おさ)める、手で受ける◆(多くの中から一部を、或いは一つを)選ぶ、選択する◆娶(
kk_摘出_てきしゅつ,摘出,てきしゅつ,摘:◆指や箸などの先で掴(つか)む◆指や箸などの先で掴み取る、また掴んで千切(ちぎ)り取る◆一部分(或いは必要な部分)を選び取る; 出:◆範囲・領域・組織や区切り・境界の内(内側、内部、裏側、こちら側、私的なところ)から外(外側、外部、表側、向こう側、公のところ)に移る、また移す、外から内へ移る,N1,on,on+on,B_verb_rad_手(kun 80%),摘:◆指や箸などの先で掴(つか)む◆指や箸などの先で掴み取る、また掴んで千切(ちぎ)り取る◆一部分(或いは必要な部分)を選び取る; 出:◆範囲・領域・組織や区切り・境界の内(内側、内部、裏側、こちら側、私的なところ)から外(外側、外部、表側、向こう側、公のところ)に移る、また移す、外から内へ移る
kk_摩る_さする,摩る,さする,摩:◆手で押さえ撫(な)でる、軽く擦る◆擦(こす)って磨(みが)く、(知識や技能を)研(みが)く◆触れる、触れる程に間近まで迫る,N1,kun,kun,IL1_okurigana(kun 96%) | IL2_single_okuri(kun 96%) | B_verb_rad_手(kun 80%),摩:◆手で押さえ撫(な)でる、軽く擦る◆擦(こす)って磨(みが)く、(知識や技能を)研(みが)く◆触れる、触れる程に間近まで迫る
kk_撤廃_てっぱい,撤廃,てっぱい,撤:◆取り去る、取り除く、退(ど)かす、同「徹」; 廃:◆建物が傾き倒れる◆すた・る、使えなくなる、使われなくなる、役に立たなくなる◆それまでしていたことを止める、使うことを止める,N1,on,on+mixed~,B_verb_rad_手(kun 80%) | B_noun_rad_广(kun 93%),撤:◆取り去る、取り除く、退(ど)かす、同「徹」; 廃:◆建物が傾き倒れる◆すた・る、使えなくなる、使われなくなる、役に立たなくなる◆それまでしていたことを止める、使うことを止める
kk_撥ねる_はねる,撥ねる,はねる,撥:◆草を刈り土を均(なら)す、乱れを治(おさ)める◆指や棒のような細長いものの先で動かす、突(つつ)いて動かす◆ぱっと開く、ぱっと跳ね上げる◆「撥剌(ハツラツ)」,N1,kun,kun,IL1_okurigana(kun 96%) | IL2_single_okuri(kun 96%) | B_verb_rad_手(kun 80%),撥:◆草を刈り土を均(なら)す、乱れを治(おさ)める◆指や棒のような細長いものの先で動かす、突(つつ)いて動かす◆ぱっと開く、ぱっと跳ね上げる◆「撥剌(ハツラツ)」
kk_撮む/摘む/抓む_つまむ,撮む/摘む/抓む,つまむ,撮:◆つま・む、二本(或いは三本)の指で掴(つか)む、指先や箸などの長いものを使って寄せ集めて掴み上げる、摘(つ)まむ、同「摘」「抓」◆多くのものの内から一部分或い; 摘:◆指や箸などの先で掴(つか)む◆指や箸などの先で掴み取る、また掴んで千切(ちぎ)り取る◆一部分(或いは必要な部分)を選び取る; 抓:◆つま・む、(指や箸などの長いものを使って)掴(つか)む、また掴み取る、同「摘」「撮」◆爪を立てて掻(か)く、同「搔」◆[日]つね・る、指先で掴んで捻(ひね)る,N1,kun,kun+kun+kun~,IL1_okurigana(kun 96%) | A1_compound_oku(kun 90%) | A1_on_kun_mix(on+kun 65%),撮:◆つま・む、二本(或いは三本)の指で掴(つか)む、指先や箸などの長いものを使って寄せ集めて掴み上げる、摘(つ)まむ、同「摘」「抓」◆多くのものの内から一部分或い; 摘:◆指や箸などの先で掴(つか)む◆指や箸などの先で掴み取る、また掴んで千切(ちぎ)り取る◆一部分(或いは必要な部分)を選び取る; 抓:◆つま・む、(指や箸などの長いものを使って)掴(つか)む、また掴み取る、同「摘」「撮」◆爪を立てて掻(か)く、同「搔」◆[日]つね・る、指先で掴んで捻(ひね)る
kk_操る_あやつる,操る,あやつる,操:◆手に握り持つ、しっかりと持つ◆みさお、守るべきものをしっかりと持つ、またしっかりと守る、またその行いや心掛け◆あやつ・る、人や動物・言葉や心・道具や楽器などを,N1,kun,kun,IL1_okurigana(kun 96%) | IL2_single_okuri(kun 96%) | B_verb_rad_手(kun 80%),操:◆手に握り持つ、しっかりと持つ◆みさお、守るべきものをしっかりと持つ、またしっかりと守る、またその行いや心掛け◆あやつ・る、人や動物・言葉や心・道具や楽器などを
kk_操縦_そうじゅう,操縦,そうじゅう,操:◆手に握り持つ、しっかりと持つ◆みさお、守るべきものをしっかりと持つ、またしっかりと守る、またその行いや心掛け◆あやつ・る、人や動物・言葉や心・道具や楽器などを; 縦:◆放(はな)つ、解(と)き放つ、放免(ホウメン)する、放任(ホウニン)する◆ほしいまま、(拘束から解き放たれて)思いのままにする、勝手気儘(きまま)にする、「放,N1,on,on+on,B_verb_rad_手(kun 80%),操:◆手に握り持つ、しっかりと持つ◆みさお、守るべきものをしっかりと持つ、またしっかりと守る、またその行いや心掛け◆あやつ・る、人や動物・言葉や心・道具や楽器などを; 縦:◆放(はな)つ、解(と)き放つ、放免(ホウメン)する、放任(ホウニン)する◆ほしいまま、(拘束から解き放たれて)思いのままにする、勝手気儘(きまま)にする、「放
kk_擦り切れる_すりきれる,擦り切れる,すりきれる,擦:◆さっと摩(さす)る、また拭(ふ)く◆拭き取る; 切:◆刃物などですっと断(た)つ、裁(た)つ、割(さ)く◆ぴったりとしたさま、隙(すき)がないさま、「親切(シンセツ)」◆近くまで迫(せま)る、差し迫る、「切近(セ,N1,kun,kun+kun~,IL1_okurigana(kun 96%) | A1_compound_oku(kun 90%) | A1_on_kun_mix(on+kun 65%),擦:◆さっと摩(さす)る、また拭(ふ)く◆拭き取る; 切:◆刃物などですっと断(た)つ、裁(た)つ、割(さ)く◆ぴったりとしたさま、隙(すき)がないさま、「親切(シンセツ)」◆近くまで迫(せま)る、差し迫る、「切近(セ
kk_擦る/擂る_する,擦る/擂る,する,擦:◆さっと摩(さす)る、また拭(ふ)く◆拭き取る; 擂:◆す・る、磨(す)り潰す、石臼をごろごろと挽(ひ)く◆どんどんと鼓を打つ、同「攂」,N1,kun,kun+kun~,IL1_okurigana(kun 96%) | A1_compound_oku(kun 90%) | A1_on_kun_mix(on+kun 65%),擦:◆さっと摩(さす)る、また拭(ふ)く◆拭き取る; 擂:◆す・る、磨(す)り潰す、石臼をごろごろと挽(ひ)く◆どんどんと鼓を打つ、同「攂」
kk_擦れる_すれる,擦れる,すれる,擦:◆さっと摩(さす)る、また拭(ふ)く◆拭き取る,N1,kun,kun,IL1_okurigana(kun 96%) | IL2_single_okuri(kun 96%) | B_verb_rad_手(kun 80%),擦:◆さっと摩(さす)る、また拭(ふ)く◆拭き取る
kk_擦れ合う_すれあう,擦れ合う,すれあう,擦:◆さっと摩(さす)る、また拭(ふ)く◆拭き取る; 合:◆人や物が集まって一緒になる、また一つになる◆幾つかのものを集め一緒にする、幾つかのものが集まり同じになる◆同じものを纏(まと)めた全体◆ぴったりと一致する、当,N1,kun,kun+kun~,IL1_okurigana(kun 96%) | A1_compound_oku(kun 90%) | A1_on_kun_mix(on+kun 65%),擦:◆さっと摩(さす)る、また拭(ふ)く◆拭き取る; 合:◆人や物が集まって一緒になる、また一つになる◆幾つかのものを集め一緒にする、幾つかのものが集まり同じになる◆同じものを纏(まと)めた全体◆ぴったりと一致する、当
kk_擦れ擦れ_すれすれ,擦れ擦れ,すれすれ,擦:◆さっと摩(さす)る、また拭(ふ)く◆拭き取る; 擦:◆さっと摩(さす)る、また拭(ふ)く◆拭き取る,N1,kun,kun+kun~,IL1_okurigana(kun 96%) | A1_compound_oku(kun 90%) | A1_on_kun_mix(on+kun 65%),擦:◆さっと摩(さす)る、また拭(ふ)く◆拭き取る; 擦:◆さっと摩(さす)る、また拭(ふ)く◆拭き取る
kk_擽ったい_くすぐったい,擽ったい,くすぐったい,擽:◆打つ、ぴしゃりと叩(たた)く◆[日]くすぐ・る、軽く触れて撫(な)でる、こそばゆい感じにさせる,N1,kun,kun,IL1_okurigana(kun 96%) | IL2_single_okuri(kun 96%) | B_verb_rad_手(kun 80%),擽:◆打つ、ぴしゃりと叩(たた)く◆[日]くすぐ・る、軽く触れて撫(な)でる、こそばゆい感じにさせる
kk_擽る_くすぐる,擽る,くすぐる,擽:◆打つ、ぴしゃりと叩(たた)く◆[日]くすぐ・る、軽く触れて撫(な)でる、こそばゆい感じにさせる,N1,kun,kun,IL1_okurigana(kun 96%) | IL2_single_okuri(kun 96%) | B_verb_rad_手(kun 80%),擽:◆打つ、ぴしゃりと叩(たた)く◆[日]くすぐ・る、軽く触れて撫(な)でる、こそばゆい感じにさせる
kk_攀じ登る_よじのぼる,攀じ登る,よじのぼる,攀:◆引く、手前に引っ張る、引き寄せる、同「扳」「𢸅」「𡴂」「𠬜」◆腹這い(はらばい)になって前に伸ばした手を手前に引き寄せる(手が支点となることから、結果体が前に; 登:◆高いところに上がる、高い方(上の方)に進む、同「陞」、一般に道や階段や梯子(はしご)などの足場を伝いながら上がることをいい、足場がなく浮くように上がるのは「昇,N1,kun,kun+kun~,IL1_okurigana(kun 96%) | A1_compound_oku(kun 90%) | A1_on_kun_mix(on+kun 65%),攀:◆引く、手前に引っ張る、引き寄せる、同「扳」「𢸅」「𡴂」「𠬜」◆腹這い(はらばい)になって前に伸ばした手を手前に引き寄せる(手が支点となることから、結果体が前に; 登:◆高いところに上がる、高い方(上の方)に進む、同「陞」、一般に道や階段や梯子(はしご)などの足場を伝いながら上がることをいい、足場がなく浮くように上がるのは「昇
kk_攫う_さらう,攫う,さらう,攫:◆つか・む、掴(つか)み取る、手の中に入れて持つ、手中(シュチュウ)にする、同「㩴」◆囲いに追い込んで捕(と)らえる、同「爴」◆さら・う、捕(つか)まえて持ち去,N1,kun,kun,IL1_okurigana(kun 96%) | IL2_single_okuri(kun 96%) | B_verb_rad_手(kun 80%),攫:◆つか・む、掴(つか)み取る、手の中に入れて持つ、手中(シュチュウ)にする、同「㩴」◆囲いに追い込んで捕(と)らえる、同「爴」◆さら・う、捕(つか)まえて持ち去
kk_支える_つかえる,支える,つかえる,支:◆枝(えだ)、幹(みき)となる部分から枝状に分かれ出たもの、同「枝」「肢」「𢺶」◆分かれる、分かれ出る、幹(みき)となる部分から分かれる◆ささ・える、落ちたり倒,N1,kun,kun,IL1_okurigana(kun 96%) | IL2_single_okuri(kun 96%),支:◆枝(えだ)、幹(みき)となる部分から枝状に分かれ出たもの、同「枝」「肢」「𢺶」◆分かれる、分かれ出る、幹(みき)となる部分から分かれる◆ささ・える、落ちたり倒
kk_改修_かいしゅう,改修,かいしゅう,改:◆新しくなる、新しくする◆変わる、変える◆変えて新たにやり直す、よりよい状態また正しい状態に変える、誤りや過ちを正してやり直す◆新たにもう一度; 修:◆荒々しいところ・ごつごつしたところを取り除いて形を整える、足りないところ・欠けているところを補いてすっきりした形にする◆足りないところ・欠けているところを補い,N1,on,on+on,,改:◆新しくなる、新しくする◆変わる、変える◆変えて新たにやり直す、よりよい状態また正しい状態に変える、誤りや過ちを正してやり直す◆新たにもう一度; 修:◆荒々しいところ・ごつごつしたところを取り除いて形を整える、足りないところ・欠けているところを補いてすっきりした形にする◆足りないところ・欠けているところを補い
kk_改定_かいてい,改定,かいてい,改:◆新しくなる、新しくする◆変わる、変える◆変えて新たにやり直す、よりよい状態また正しい状態に変える、誤りや過ちを正してやり直す◆新たにもう一度; 定:◆さだ・まる、動きや乱れが鎮(しず)まって変化・変動しない状態になる、平静になる、落ち着く、「鎮定(チンテイ)」◆さだ・める、動いたり揺らいだりしない状態にする,N1,on,on+on,B_noun_rad_宀(kun 93%),改:◆新しくなる、新しくする◆変わる、変える◆変えて新たにやり直す、よりよい状態また正しい状態に変える、誤りや過ちを正してやり直す◆新たにもう一度; 定:◆さだ・まる、動きや乱れが鎮(しず)まって変化・変動しない状態になる、平静になる、落ち着く、「鎮定(チンテイ)」◆さだ・める、動いたり揺らいだりしない状態にする
kk_改悪_かいあく,改悪,かいあく,改:◆新しくなる、新しくする◆変わる、変える◆変えて新たにやり直す、よりよい状態また正しい状態に変える、誤りや過ちを正してやり直す◆新たにもう一度; 悪:◆良くない、劣る、好ましくない◆憎む、好ましくない(良くない)感情を抱く◆不快な、不吉な◆忌(いま)まわしい、醜(みにく)い、またそのように行い◆道を誤る、道義,N1,on,on+on,,改:◆新しくなる、新しくする◆変わる、変える◆変えて新たにやり直す、よりよい状態また正しい状態に変える、誤りや過ちを正してやり直す◆新たにもう一度; 悪:◆良くない、劣る、好ましくない◆憎む、好ましくない(良くない)感情を抱く◆不快な、不吉な◆忌(いま)まわしい、醜(みにく)い、またそのように行い◆道を誤る、道義
kk_改良_かいりょう,改良,かいりょう,改:◆新しくなる、新しくする◆変わる、変える◆変えて新たにやり直す、よりよい状態また正しい状態に変える、誤りや過ちを正してやり直す◆新たにもう一度; 良:◆自分或いは多くの人の判断基準より上である、(「優(ユウ)」には及ばないが)一般的・標準的な水準・程度を超えている、善(よ)い、勝(まさ)る、好(この)ましい、,N1,on,on+on,,改:◆新しくなる、新しくする◆変わる、変える◆変えて新たにやり直す、よりよい状態また正しい状態に変える、誤りや過ちを正してやり直す◆新たにもう一度; 良:◆自分或いは多くの人の判断基準より上である、(「優(ユウ)」には及ばないが)一般的・標準的な水準・程度を超えている、善(よ)い、勝(まさ)る、好(この)ましい、
kk_改訂_かいてい,改訂,かいてい,改:◆新しくなる、新しくする◆変わる、変える◆変えて新たにやり直す、よりよい状態また正しい状態に変える、誤りや過ちを正してやり直す◆新たにもう一度; 訂:◆議論し意見を一つに纏める◆違いや誤りを改め正す◆綴じる、製本する◆条約・契約などを締結する,N1,on,on+on,B_verb_rad_言(kun 80%),改:◆新しくなる、新しくする◆変わる、変える◆変えて新たにやり直す、よりよい状態また正しい状態に変える、誤りや過ちを正してやり直す◆新たにもう一度; 訂:◆議論し意見を一つに纏める◆違いや誤りを改め正す◆綴じる、製本する◆条約・契約などを締結する
kk_改革_かいかく,改革,かいかく,改:◆新しくなる、新しくする◆変わる、変える◆変えて新たにやり直す、よりよい状態また正しい状態に変える、誤りや過ちを正してやり直す◆新たにもう一度; 革:◆動物の皮を剥(は)いで毛を抜き乾かしたもの、生皮は「皮」、鞣(なめ)したものは「韋」◆改(あらた)める、改まる、「革変(カクヘン)」◆取り消す、取り除く、「革,N1,on,on+on,,改:◆新しくなる、新しくする◆変わる、変える◆変えて新たにやり直す、よりよい状態また正しい状態に変える、誤りや過ちを正してやり直す◆新たにもう一度; 革:◆動物の皮を剥(は)いで毛を抜き乾かしたもの、生皮は「皮」、鞣(なめ)したものは「韋」◆改(あらた)める、改まる、「革変(カクヘン)」◆取り消す、取り除く、「革
kk_攻め_せめ,攻め,せめ,攻:◆こちらから敵に突き掛かる、襲(おそ)い掛かる◆人の過失を突く、また責める◆隅々まで手を加え美しく仕上げる、深く突っ込んで学ぶ,N1,kun,kun,IL1_okurigana(kun 96%) | IL2_single_okuri(kun 96%),攻:◆こちらから敵に突き掛かる、襲(おそ)い掛かる◆人の過失を突く、また責める◆隅々まで手を加え美しく仕上げる、深く突っ込んで学ぶ
kk_放り込む_ほうりこむ,放り込む,ほうりこむ,放:◆制限(セイゲン)・束縛(ソクバク)・拘束(コウソク)され自由に動けない状態であったものを自由に動ける状態にする、制限・束縛・拘束を解(と)く、「開放(カイホウ; 込:◆[日]中に(内に、裏に、見えないところに)入(はい)る、入(い)れる,N1,mixed,on+kun~,IL1_okurigana(kun 96%) | A1_compound_oku(kun 90%) | A1_on_kun_mix(on+kun 65%),放:◆制限(セイゲン)・束縛(ソクバク)・拘束(コウソク)され自由に動けない状態であったものを自由に動ける状態にする、制限・束縛・拘束を解(と)く、「開放(カイホウ; 込:◆[日]中に(内に、裏に、見えないところに)入(はい)る、入(い)れる
kk_放出_ほうしゅつ,放出,ほうしゅつ,放:◆制限(セイゲン)・束縛(ソクバク)・拘束(コウソク)され自由に動けない状態であったものを自由に動ける状態にする、制限・束縛・拘束を解(と)く、「開放(カイホウ; 出:◆範囲・領域・組織や区切り・境界の内(内側、内部、裏側、こちら側、私的なところ)から外(外側、外部、表側、向こう側、公のところ)に移る、また移す、外から内へ移る,N1,on,on+on,,放:◆制限(セイゲン)・束縛(ソクバク)・拘束(コウソク)され自由に動けない状態であったものを自由に動ける状態にする、制限・束縛・拘束を解(と)く、「開放(カイホウ; 出:◆範囲・領域・組織や区切り・境界の内(内側、内部、裏側、こちら側、私的なところ)から外(外側、外部、表側、向こう側、公のところ)に移る、また移す、外から内へ移る
kk_放射_ほうしゃ,放射,ほうしゃ,放:◆制限(セイゲン)・束縛(ソクバク)・拘束(コウソク)され自由に動けない状態であったものを自由に動ける状態にする、制限・束縛・拘束を解(と)く、「開放(カイホウ; 射:◆弓を引き絞って番(つが)えた矢を放つ、敵や的(まと)に向かって矢や弾(たま)などを放つ、同「䠶」「𢎤」◆弓から放たれた矢が目標に向かって一直線に高速に飛んで行,N1,on,on+on,A3_short_compound(on+on 71%),放:◆制限(セイゲン)・束縛(ソクバク)・拘束(コウソク)され自由に動けない状態であったものを自由に動ける状態にする、制限・束縛・拘束を解(と)く、「開放(カイホウ; 射:◆弓を引き絞って番(つが)えた矢を放つ、敵や的(まと)に向かって矢や弾(たま)などを放つ、同「䠶」「𢎤」◆弓から放たれた矢が目標に向かって一直線に高速に飛んで行
kk_放棄_ほうき,放棄,ほうき,放:◆制限(セイゲン)・束縛(ソクバク)・拘束(コウソク)され自由に動けない状態であったものを自由に動ける状態にする、制限・束縛・拘束を解(と)く、「開放(カイホウ; 棄:◆捨(す)てる、投げ捨てる、放(ほう)り出す◆忘れ去る,N1,on,on+on,A3_short_compound(on+on 71%) | B_noun_rad_木(kun 93%),放:◆制限(セイゲン)・束縛(ソクバク)・拘束(コウソク)され自由に動けない状態であったものを自由に動ける状態にする、制限・束縛・拘束を解(と)く、「開放(カイホウ; 棄:◆捨(す)てる、投げ捨てる、放(ほう)り出す◆忘れ去る
kk_放置_ほうち,放置,ほうち,放:◆制限(セイゲン)・束縛(ソクバク)・拘束(コウソク)され自由に動けない状態であったものを自由に動ける状態にする、制限・束縛・拘束を解(と)く、「開放(カイホウ; 置:◆まっすぐに立てる、動かないように(傾いたり揺らいだり位置や状態が変わったりしないように)しっかりと据(す)える、同「寘」◆設(もう)ける、あるべきところに据え,N1,on,on+on,A3_short_compound(on+on 71%),放:◆制限(セイゲン)・束縛(ソクバク)・拘束(コウソク)され自由に動けない状態であったものを自由に動ける状態にする、制限・束縛・拘束を解(と)く、「開放(カイホウ; 置:◆まっすぐに立てる、動かないように(傾いたり揺らいだり位置や状態が変わったりしないように)しっかりと据(す)える、同「寘」◆設(もう)ける、あるべきところに据え
kk_政策_せいさく,政策,せいさく,政:◆正(ただ)す、正しくする、同「正」◆社会などの秩序(チツジョ)を公正・公平に保(たも)つこと、またその仕事、またその手順・方法、「政治(セイジ、国を治めること; 策:◆(竹製の)鞭(むち)、鞭打つ、同「敇」「箠」◆文字(文章)を記すための細長い竹製の札、竹簡(チクカン)◆符命(フメイ)、天子の意であることの証(あかし、署名や,N1,on,on+on,B_noun_rad_竹(kun 93%),政:◆正(ただ)す、正しくする、同「正」◆社会などの秩序(チツジョ)を公正・公平に保(たも)つこと、またその仕事、またその手順・方法、「政治(セイジ、国を治めること; 策:◆(竹製の)鞭(むち)、鞭打つ、同「敇」「箠」◆文字(文章)を記すための細長い竹製の札、竹簡(チクカン)◆符命(フメイ)、天子の意であることの証(あかし、署名や
kk_故に_ゆえに,故に,ゆえに,故:◆古い、以前の、同「古」◆古くから、以前から◆古くからの～、以前からの～◆死ぬ、亡(な)くなる◆～の為に～、～という理由で～、～が原因で～◆理由、原因◆(思い掛,N1,kun,kun,IL1_okurigana(kun 96%) | IL2_single_okuri(kun 96%),故:◆古い、以前の、同「古」◆古くから、以前から◆古くからの～、以前からの～◆死ぬ、亡(な)くなる◆～の為に～、～という理由で～、～が原因で～◆理由、原因◆(思い掛
kk_故人_こじん,故人,こじん,故:◆古い、以前の、同「古」◆古くから、以前から◆古くからの～、以前からの～◆死ぬ、亡(な)くなる◆～の為に～、～という理由で～、～が原因で～◆理由、原因◆(思い掛; 人:◆霊長目ヒト科ヒト属の生物、ホモ・サピエンスHomo sapiens(「知恵の人」の意)、同「儿」◆自分以外の者、「人我(ジンガ、他人と自分)」◆人の数(かず),N1,on,on+on,A3_short_compound(on+on 71%),故:◆古い、以前の、同「古」◆古くから、以前から◆古くからの～、以前からの～◆死ぬ、亡(な)くなる◆～の為に～、～という理由で～、～が原因で～◆理由、原因◆(思い掛; 人:◆霊長目ヒト科ヒト属の生物、ホモ・サピエンスHomo sapiens(「知恵の人」の意)、同「儿」◆自分以外の者、「人我(ジンガ、他人と自分)」◆人の数(かず)
kk_故～_こ～,故～,こ～,故:◆古い、以前の、同「古」◆古くから、以前から◆古くからの～、以前からの～◆死ぬ、亡(な)くなる◆～の為に～、～という理由で～、～が原因で～◆理由、原因◆(思い掛,N1,other,unknown,IL2_single_default(kun 84%),故:◆古い、以前の、同「古」◆古くから、以前から◆古くからの～、以前からの～◆死ぬ、亡(な)くなる◆～の為に～、～という理由で～、～が原因で～◆理由、原因◆(思い掛
kk_救済_きゅうさい,救済,きゅうさい,救:◆止(と)める、引き止める、押し止(とど)める、同「𣪋」「𧧷」◆助ける、手を貸し助ける、同「捄」「𧧷」; 済:◆(舟で)川を渡る◆(難所を、難事を)渡り切る、(互いに手を貸しあって)乗り切る◆手を貸して救い上げる、困っている人に手を貸して(足りないものを補い合って)みな,N1,on,on+on,,救:◆止(と)める、引き止める、押し止(とど)める、同「𣪋」「𧧷」◆助ける、手を貸し助ける、同「捄」「𧧷」; 済:◆(舟で)川を渡る◆(難所を、難事を)渡り切る、(互いに手を貸しあって)乗り切る◆手を貸して救い上げる、困っている人に手を貸して(足りないものを補い合って)みな
kk_敗北_はいぼく,敗北,はいぼく,敗:◆(争いなどに)破れる、負ける◆うまくいかない、駄目になる◆損なわれる、壊れる、萎える、衰える◆肉が腐る、「腐敗(フハイ)」、魚は「餒」; 北:◆東(トウ、ひがし、太陽が昇る方角)に向いたときに左の方角、右の方角を「南」◆背(そむ)ける、背(せ)を向ける、背(そむ)く、同「背」◆逃(に)げる、「敵に背を,N1,other,mixed+mixed~,,敗:◆(争いなどに)破れる、負ける◆うまくいかない、駄目になる◆損なわれる、壊れる、萎える、衰える◆肉が腐る、「腐敗(フハイ)」、魚は「餒」; 北:◆東(トウ、ひがし、太陽が昇る方角)に向いたときに左の方角、右の方角を「南」◆背(そむ)ける、背(せ)を向ける、背(そむ)く、同「背」◆逃(に)げる、「敵に背を
kk_敗戦_はいせん,敗戦,はいせん,敗:◆(争いなどに)破れる、負ける◆うまくいかない、駄目になる◆損なわれる、壊れる、萎える、衰える◆肉が腐る、「腐敗(フハイ)」、魚は「餒」; 戦:◆戈(ほこ)などの武器を持って闘(たたか)う、争(あらそ)う◆勝負・優劣を競(きそ)い合う◆懼(おそ)れる、恐れでびくびくする、「戦慄(センリツ、恐怖で体を震わ,N1,on,on+on,,敗:◆(争いなどに)破れる、負ける◆うまくいかない、駄目になる◆損なわれる、壊れる、萎える、衰える◆肉が腐る、「腐敗(フハイ)」、魚は「餒」; 戦:◆戈(ほこ)などの武器を持って闘(たたか)う、争(あらそ)う◆勝負・優劣を競(きそ)い合う◆懼(おそ)れる、恐れでびくびくする、「戦慄(センリツ、恐怖で体を震わ
kk_教職_きょうしょく,教職,きょうしょく,教:◆自分の持つ知識・技術などをそれを持たない他の人に授(さず)ける、また見習わせる、またその内容、教えを受け見て倣い習得することを「学」◆神仏の説く道、道を示し導; 職:◆力を注ぐべき仕事や役割、またその責任を担(にな)う◆一定の業務や役目を司(つかさど)る◆担当する業務や役目、またそこでの地位,N1,on,on+on,,教:◆自分の持つ知識・技術などをそれを持たない他の人に授(さず)ける、また見習わせる、またその内容、教えを受け見て倣い習得することを「学」◆神仏の説く道、道を示し導; 職:◆力を注ぐべき仕事や役割、またその責任を担(にな)う◆一定の業務や役目を司(つかさど)る◆担当する業務や役目、またそこでの地位
kk_教諭_きょうゆ,教諭,きょうゆ,教:◆自分の持つ知識・技術などをそれを持たない他の人に授(さず)ける、また見習わせる、またその内容、教えを受け見て倣い習得することを「学」◆神仏の説く道、道を示し導; 諭:◆分からない点・疑問に思っている点・誤っている点などについて(例を引いて)分かりやすく説明し理解させる、同「喩」◆譬(たと)える、理解を促(うなが)すために別の,N1,on,on+on,A3_short_compound(on+on 71%) | B_verb_rad_言(kun 80%),教:◆自分の持つ知識・技術などをそれを持たない他の人に授(さず)ける、また見習わせる、またその内容、教えを受け見て倣い習得することを「学」◆神仏の説く道、道を示し導; 諭:◆分からない点・疑問に思っている点・誤っている点などについて(例を引いて)分かりやすく説明し理解させる、同「喩」◆譬(たと)える、理解を促(うなが)すために別の
kk_敢えて_あえて,敢えて,あえて,敢:◆(不安・周りからの反対・相手への気兼ねなどの)押し止(とど)めようとするものを撥(は)ね除(の)けて思うところをする、思い切って～する,N1,kun,kun,IL1_okurigana(kun 96%) | IL2_single_okuri(kun 96%),敢:◆(不安・周りからの反対・相手への気兼ねなどの)押し止(とど)めようとするものを撥(は)ね除(の)けて思うところをする、思い切って～する
kk_敬遠_けいえん,敬遠,けいえん,敬:◆心から大切に思う、相手を尊(とうと)び隅々まで心を配る、またそのように振る舞う、「尊敬(ソンケイ)」¶この敬う気持ちを「敬」といい、それを態度や行動で示すこと; 遠:◆場所や時間などが遥(はる)かに離れている、間(あいだ)が大きく空(あ)いている◆間を離す、大きく空ける◆関係が薄い,N1,on,on+on,,敬:◆心から大切に思う、相手を尊(とうと)び隅々まで心を配る、またそのように振る舞う、「尊敬(ソンケイ)」¶この敬う気持ちを「敬」といい、それを態度や行動で示すこと; 遠:◆場所や時間などが遥(はる)かに離れている、間(あいだ)が大きく空(あ)いている◆間を離す、大きく空ける◆関係が薄い
kk_数値_すうち,数値,すうち,数:◆かず、同種のもの(繰り返されるもの)の多少を表す語◆かぞ・える、一つ二つ(一回二回)と計算する、またその多少◆細かい、煩(わずら)わしい◆しばしば、同じことを; 値:◆それがどの程度であるかを評価した結果示される価(あたい)、価格(カカク、物の値段、値打ち)、品位(ヒンイ、人や物の値打ち)、数(かず、数えた結果得られる数値),N1,on,on+on,A3_short_compound(on+on 71%),数:◆かず、同種のもの(繰り返されるもの)の多少を表す語◆かぞ・える、一つ二つ(一回二回)と計算する、またその多少◆細かい、煩(わずら)わしい◆しばしば、同じことを; 値:◆それがどの程度であるかを評価した結果示される価(あたい)、価格(カカク、物の値段、値打ち)、品位(ヒンイ、人や物の値打ち)、数(かず、数えた結果得られる数値)
kk_整列_せいれつ,整列,せいれつ,整:◆きちんとした状態や形にする、歪(ゆが)みや曲がりや乱れや偏(かたよ)りがないようにする、過不足がないように(凸凹がないように)する◆あるべき(本来の)状態や形; 列:◆横方向の並び、横方向に順序に従って(重ならないように)並ぶ、同「排」、縦方向の列を「行」◆ずらりと人が居並ぶ◆裂(さ)く、二つに切り割(さ)く、同「裂」「𠜺」,N1,on,on+on,B_verb_rad_刀(kun 80%),整:◆きちんとした状態や形にする、歪(ゆが)みや曲がりや乱れや偏(かたよ)りがないようにする、過不足がないように(凸凹がないように)する◆あるべき(本来の)状態や形; 列:◆横方向の並び、横方向に順序に従って(重ならないように)並ぶ、同「排」、縦方向の列を「行」◆ずらりと人が居並ぶ◆裂(さ)く、二つに切り割(さ)く、同「裂」「𠜺」
kk_整然_せいぜん,整然,せいぜん,整:◆きちんとした状態や形にする、歪(ゆが)みや曲がりや乱れや偏(かたよ)りがないようにする、過不足がないように(凸凹がないように)する◆あるべき(本来の)状態や形; 然:◆燃やす、火で焼く、「イヌ(犬、狗)の肉(月)を燃やす(灬)」の意、同「燃」◆～のような、～のように◆しか・も、その上に、それでも◆しか・り、その通り、yes◆,N1,on,on+on,,整:◆きちんとした状態や形にする、歪(ゆが)みや曲がりや乱れや偏(かたよ)りがないようにする、過不足がないように(凸凹がないように)する◆あるべき(本来の)状態や形; 然:◆燃やす、火で焼く、「イヌ(犬、狗)の肉(月)を燃やす(灬)」の意、同「燃」◆～のような、～のように◆しか・も、その上に、それでも◆しか・り、その通り、yes◆
kk_整頓_せいとん,整頓,せいとん,整:◆きちんとした状態や形にする、歪(ゆが)みや曲がりや乱れや偏(かたよ)りがないようにする、過不足がないように(凸凹がないように)する◆あるべき(本来の)状態や形; 頓:◆動作を止めて短時間(「さっと」よりも長く「ずっと」よりも短い時間)同じ状態を続ける、また留(とど)まる、「とんと突く」「とんと踏む」のような状態◆どっしりと落,N1,on,on+on,,整:◆きちんとした状態や形にする、歪(ゆが)みや曲がりや乱れや偏(かたよ)りがないようにする、過不足がないように(凸凹がないように)する◆あるべき(本来の)状態や形; 頓:◆動作を止めて短時間(「さっと」よりも長く「ずっと」よりも短い時間)同じ状態を続ける、また留(とど)まる、「とんと突く」「とんと踏む」のような状態◆どっしりと落
kk_敵う_かなう,敵う,かなう,敵:◆正面から向き合う(向き合える)相手、釣り合いの取れた相手◆「匹敵(ヒッテキ)」、釣り合うこと、対等であること、またその相手◆正面から向き合う、また立ち向かう、,N1,other,unknown,IL1_okurigana(kun 96%) | IL2_single_okuri(kun 96%),敵:◆正面から向き合う(向き合える)相手、釣り合いの取れた相手◆「匹敵(ヒッテキ)」、釣り合うこと、対等であること、またその相手◆正面から向き合う、また立ち向かう、
kk_敵わない_かなわない,敵わない,かなわない,敵:◆正面から向き合う(向き合える)相手、釣り合いの取れた相手◆「匹敵(ヒッテキ)」、釣り合うこと、対等であること、またその相手◆正面から向き合う、また立ち向かう、,N1,other,unknown,IL1_okurigana(kun 96%) | IL2_single_okuri(kun 96%),敵:◆正面から向き合う(向き合える)相手、釣り合いの取れた相手◆「匹敵(ヒッテキ)」、釣り合うこと、対等であること、またその相手◆正面から向き合う、また立ち向かう、
kk_斑_むら,斑,むら,斑:◆地色に他の色が点状や縞状に散らばっているさま◆「斑鳩(ハンキュウ)」、ハト科キジバト属の小形のハト(鳩)、同「鵓鳩(ボツキュウ)」「鳻鳩(ハンキュウ)」、「山,N1,kun,kun,IL2_single_default(kun 84%),斑:◆地色に他の色が点状や縞状に散らばっているさま◆「斑鳩(ハンキュウ)」、ハト科キジバト属の小形のハト(鳩)、同「鵓鳩(ボツキュウ)」「鳻鳩(ハンキュウ)」、「山
kk_斡旋_あっせん,斡旋,あっせん,斡:◆めぐ・る、廻る、車輪や北斗七星のようにある点を中心として旋回する◆「𠦷旋(アッセン)」、人と人の間を行ったり来たりして仲を取り持つ、周旋する; 旋:◆ぐるりと回る、渦巻く、「旋回(センカイ)」◆行って戻って来る、帰って来る◆人の間に立ち行き来して仲を取り持つ◆「周旋(シュウセン)」◇廻(めぐ)る、一巡(イチ,N1,on,on+on,,斡:◆めぐ・る、廻る、車輪や北斗七星のようにある点を中心として旋回する◆「𠦷旋(アッセン)」、人と人の間を行ったり来たりして仲を取り持つ、周旋する; 旋:◆ぐるりと回る、渦巻く、「旋回(センカイ)」◆行って戻って来る、帰って来る◆人の間に立ち行き来して仲を取り持つ◆「周旋(シュウセン)」◇廻(めぐ)る、一巡(イチ
kk_断ち切る_たちきる,断ち切る,たちきる,断:◆繋(つな)がっているものを(連続しているものを)途中で切る、切って二つに分ける、切り離す◆ぷっつりと途切れる、絶(た)える◆すっぱりと区切る、きっぱりと決める; 切:◆刃物などですっと断(た)つ、裁(た)つ、割(さ)く◆ぴったりとしたさま、隙(すき)がないさま、「親切(シンセツ)」◆近くまで迫(せま)る、差し迫る、「切近(セ,N1,kun,kun+kun~,IL1_okurigana(kun 96%) | A1_compound_oku(kun 90%) | A1_on_kun_mix(on+kun 65%),断:◆繋(つな)がっているものを(連続しているものを)途中で切る、切って二つに分ける、切り離す◆ぷっつりと途切れる、絶(た)える◆すっぱりと区切る、きっぱりと決める; 切:◆刃物などですっと断(た)つ、裁(た)つ、割(さ)く◆ぴったりとしたさま、隙(すき)がないさま、「親切(シンセツ)」◆近くまで迫(せま)る、差し迫る、「切近(セ
kk_断つ_たつ,断つ,たつ,断:◆繋(つな)がっているものを(連続しているものを)途中で切る、切って二つに分ける、切り離す◆ぷっつりと途切れる、絶(た)える◆すっぱりと区切る、きっぱりと決める,N1,kun,kun,IL1_okurigana(kun 96%) | IL2_single_okuri(kun 96%),断:◆繋(つな)がっているものを(連続しているものを)途中で切る、切って二つに分ける、切り離す◆ぷっつりと途切れる、絶(た)える◆すっぱりと区切る、きっぱりと決める
kk_断固_だんこ,断固,だんこ,断:◆繋(つな)がっているものを(連続しているものを)途中で切る、切って二つに分ける、切り離す◆ぷっつりと途切れる、絶(た)える◆すっぱりと区切る、きっぱりと決める; 固:◆(周りを囲まれていて)形・位置・状態が変わらない(変えない)、同じ形・位置・状態が枠内に収まっている(収める)、「固定(コテイ)」◆もと・より、元来(ガンライ,N1,on,on+on,A3_short_compound(on+on 71%),断:◆繋(つな)がっているものを(連続しているものを)途中で切る、切って二つに分ける、切り離す◆ぷっつりと途切れる、絶(た)える◆すっぱりと区切る、きっぱりと決める; 固:◆(周りを囲まれていて)形・位置・状態が変わらない(変えない)、同じ形・位置・状態が枠内に収まっている(収める)、「固定(コテイ)」◆もと・より、元来(ガンライ
kk_断念_だんねん,断念,だんねん,断:◆繋(つな)がっているものを(連続しているものを)途中で切る、切って二つに分ける、切り離す◆ぷっつりと途切れる、絶(た)える◆すっぱりと区切る、きっぱりと決める; 念:◆常に心に留めて思い考える、心の中に留まり去らない思いや考え◆口をほとんど閉じた状態で低い声を長く伸ばして読む◆二十、「廿」の大写字(「二」は「貳」、「三」は「,N1,on,on+on,,断:◆繋(つな)がっているものを(連続しているものを)途中で切る、切って二つに分ける、切り離す◆ぷっつりと途切れる、絶(た)える◆すっぱりと区切る、きっぱりと決める; 念:◆常に心に留めて思い考える、心の中に留まり去らない思いや考え◆口をほとんど閉じた状態で低い声を長く伸ばして読む◆二十、「廿」の大写字(「二」は「貳」、「三」は「
kk_断然_だんぜん,断然,だんぜん,断:◆繋(つな)がっているものを(連続しているものを)途中で切る、切って二つに分ける、切り離す◆ぷっつりと途切れる、絶(た)える◆すっぱりと区切る、きっぱりと決める; 然:◆燃やす、火で焼く、「イヌ(犬、狗)の肉(月)を燃やす(灬)」の意、同「燃」◆～のような、～のように◆しか・も、その上に、それでも◆しか・り、その通り、yes◆,N1,on,on+on,,断:◆繋(つな)がっているものを(連続しているものを)途中で切る、切って二つに分ける、切り離す◆ぷっつりと途切れる、絶(た)える◆すっぱりと区切る、きっぱりと決める; 然:◆燃やす、火で焼く、「イヌ(犬、狗)の肉(月)を燃やす(灬)」の意、同「燃」◆～のような、～のように◆しか・も、その上に、それでも◆しか・り、その通り、yes◆
kk_断行_だんこう,断行,だんこう,断:◆繋(つな)がっているものを(連続しているものを)途中で切る、切って二つに分ける、切り離す◆ぷっつりと途切れる、絶(た)える◆すっぱりと区切る、きっぱりと決める; 行:◆左足を前に出し(彳)次に右足を前に出す(亍)、足を交互に動かして前に進む◆目的とするところに向かって進む◆遠くに出掛ける、旅に出る◆道、人が往来する道路、同「,N1,on,on+on,,断:◆繋(つな)がっているものを(連続しているものを)途中で切る、切って二つに分ける、切り離す◆ぷっつりと途切れる、絶(た)える◆すっぱりと区切る、きっぱりと決める; 行:◆左足を前に出し(彳)次に右足を前に出す(亍)、足を交互に動かして前に進む◆目的とするところに向かって進む◆遠くに出掛ける、旅に出る◆道、人が往来する道路、同「
kk_断言_だんげん,断言,だんげん,断:◆繋(つな)がっているものを(連続しているものを)途中で切る、切って二つに分ける、切り離す◆ぷっつりと途切れる、絶(た)える◆すっぱりと区切る、きっぱりと決める; 言:◆相手に伝えたいことを声に出してはっきりと述べる、またその内容、またそのための語(ゴ、互いに意思の疎通を図るための言葉)◆字(ジ)、文字◆我(われ)、自分を指す,N1,on,on+on,B_verb_rad_言(kun 80%),断:◆繋(つな)がっているものを(連続しているものを)途中で切る、切って二つに分ける、切り離す◆ぷっつりと途切れる、絶(た)える◆すっぱりと区切る、きっぱりと決める; 言:◆相手に伝えたいことを声に出してはっきりと述べる、またその内容、またそのための語(ゴ、互いに意思の疎通を図るための言葉)◆字(ジ)、文字◆我(われ)、自分を指す
kk_断面_だんめん,断面,だんめん,断:◆繋(つな)がっているものを(連続しているものを)途中で切る、切って二つに分ける、切り離す◆ぷっつりと途切れる、絶(た)える◆すっぱりと区切る、きっぱりと決める; 面:◆顔(かお)、頭の目鼻口がある側◆顔を対象(タイショウ、目標や相手)に向ける、また向く◆(顔が)向いている側、向き、向いている方向◆ものの表(おもて)、前(まえ,N1,on,on+on,,断:◆繋(つな)がっているものを(連続しているものを)途中で切る、切って二つに分ける、切り離す◆ぷっつりと途切れる、絶(た)える◆すっぱりと区切る、きっぱりと決める; 面:◆顔(かお)、頭の目鼻口がある側◆顔を対象(タイショウ、目標や相手)に向ける、また向く◆(顔が)向いている側、向き、向いている方向◆ものの表(おもて)、前(まえ
kk_新型_しんがた,新型,しんがた,新:◆切ったばかりの木、切ったばかりで何の手も加えられていない木◆それまでにはなかった形状・状態・様子・性質になるさま、それまではなかったものが初めて現れるさま◆改; 型:◆これから作ろうとする物の形に作ったもの、溶かした金属を流し入れて目的の形に造るためのもの、「鋳型(いがた)」、木製は「模」、竹製は「範」◆模範(モハン)、手本,N1,other,mixed+mixed~,,新:◆切ったばかりの木、切ったばかりで何の手も加えられていない木◆それまでにはなかった形状・状態・様子・性質になるさま、それまではなかったものが初めて現れるさま◆改; 型:◆これから作ろうとする物の形に作ったもの、溶かした金属を流し入れて目的の形に造るためのもの、「鋳型(いがた)」、木製は「模」、竹製は「範」◆模範(モハン)、手本
kk_新築_しんちく,新築,しんちく,新:◆切ったばかりの木、切ったばかりで何の手も加えられていない木◆それまでにはなかった形状・状態・様子・性質になるさま、それまではなかったものが初めて現れるさま◆改; 築:◆土を搗(つ)き固める、しっかりした土台を造(つく)る◆しっかりした土台の上に建造物を造る、またものを作り上げる◆簡「築」,N1,on,on+on,B_noun_rad_竹(kun 93%),新:◆切ったばかりの木、切ったばかりで何の手も加えられていない木◆それまでにはなかった形状・状態・様子・性質になるさま、それまではなかったものが初めて現れるさま◆改; 築:◆土を搗(つ)き固める、しっかりした土台を造(つく)る◆しっかりした土台の上に建造物を造る、またものを作り上げる◆簡「築」
kk_新興_しんこう,新興,しんこう,新:◆切ったばかりの木、切ったばかりで何の手も加えられていない木◆それまでにはなかった形状・状態・様子・性質になるさま、それまではなかったものが初めて現れるさま◆改; 興:◆起き上がる、すっくと立つ◆持ち上げる、高く挙(あ)げる◆高(たか)ぶる、高揚(コウヨウ)する、盛り上がる◆盛んになる、栄える,N1,on,on+on,,新:◆切ったばかりの木、切ったばかりで何の手も加えられていない木◆それまでにはなかった形状・状態・様子・性質になるさま、それまではなかったものが初めて現れるさま◆改; 興:◆起き上がる、すっくと立つ◆持ち上げる、高く挙(あ)げる◆高(たか)ぶる、高揚(コウヨウ)する、盛り上がる◆盛んになる、栄える
kk_方策_ほうさく,方策,ほうさく,方:◆四角、四角いさま、角(かど)が直角になっているさま、「方形(ホウケイ)」◆数学で二つの数を掛け合わせた数(正方形・長方形の一つの角を成す二辺を掛け合わせた数); 策:◆(竹製の)鞭(むち)、鞭打つ、同「敇」「箠」◆文字(文章)を記すための細長い竹製の札、竹簡(チクカン)◆符命(フメイ)、天子の意であることの証(あかし、署名や,N1,on,on+on,B_noun_rad_竹(kun 93%),方:◆四角、四角いさま、角(かど)が直角になっているさま、「方形(ホウケイ)」◆数学で二つの数を掛け合わせた数(正方形・長方形の一つの角を成す二辺を掛け合わせた数); 策:◆(竹製の)鞭(むち)、鞭打つ、同「敇」「箠」◆文字(文章)を記すための細長い竹製の札、竹簡(チクカン)◆符命(フメイ)、天子の意であることの証(あかし、署名や
kk_施す_ほどこす,施す,ほどこす,施:◆広げる、平らに広げる、同「𢻫」◆広く行き渡る、また行き渡らせる、広める◆広く恩恵を行き渡らせる、恵む、与える◆旗が広がり翻(ひるがえ)る◆「施行(シコウ)」、,N1,kun,kun,IL1_okurigana(kun 96%) | IL2_single_okuri(kun 96%),施:◆広げる、平らに広げる、同「𢻫」◆広く行き渡る、また行き渡らせる、広める◆広く恩恵を行き渡らせる、恵む、与える◆旗が広がり翻(ひるがえ)る◆「施行(シコウ)」、
kk_施行_しこう,施行,しこう,施:◆広げる、平らに広げる、同「𢻫」◆広く行き渡る、また行き渡らせる、広める◆広く恩恵を行き渡らせる、恵む、与える◆旗が広がり翻(ひるがえ)る◆「施行(シコウ)」、; 行:◆左足を前に出し(彳)次に右足を前に出す(亍)、足を交互に動かして前に進む◆目的とするところに向かって進む◆遠くに出掛ける、旅に出る◆道、人が往来する道路、同「,N1,on,on+on,A3_short_compound(on+on 71%),施:◆広げる、平らに広げる、同「𢻫」◆広く行き渡る、また行き渡らせる、広める◆広く恩恵を行き渡らせる、恵む、与える◆旗が広がり翻(ひるがえ)る◆「施行(シコウ)」、; 行:◆左足を前に出し(彳)次に右足を前に出す(亍)、足を交互に動かして前に進む◆目的とするところに向かって進む◆遠くに出掛ける、旅に出る◆道、人が往来する道路、同「
kk_旅券_りょけん,旅券,りょけん,旅:◆兵士数を基にした軍隊の規模の単位、周朝(シュウ、西周、前11世紀～前771年)では500人を単位とした、「【周禮:卷第三:地官司徒】乃會萬民之卒伍而用之五人爲; 券:◆手形、割符、木或いは竹の札に契約(約束)内容を書きこれを半分に割って双方が持ち真正な相手の証(あかし)としたもの◆「券書(ケンショ)」、契約(約束)の内容を書,N1,on,on+on,A3_short_compound(on+on 71%) | B_verb_rad_刀(kun 80%),旅:◆兵士数を基にした軍隊の規模の単位、周朝(シュウ、西周、前11世紀～前771年)では500人を単位とした、「【周禮:卷第三:地官司徒】乃會萬民之卒伍而用之五人爲; 券:◆手形、割符、木或いは竹の札に契約(約束)内容を書きこれを半分に割って双方が持ち真正な相手の証(あかし)としたもの◆「券書(ケンショ)」、契約(約束)の内容を書
kk_既婚_きこん,既婚,きこん,既:◆～し尽(つ)くす、～し終わる◆もう～、最早(もはや)～、とっくに～、終了或いは完了してしまっていることを指す◆～の上に(更に)～、～したからには～◆[日]すん; 婚:◆娶る(めとる、他家の女性を妻として迎える)、嫁ぐ(とつぐ、他家の男性のところに妻として入る)、夫婦になる、同「昏」、「女昏」は黄昏(たそがれ)時に嫁を迎えて婚,N1,on,on+on,A3_short_compound(on+on 71%),既:◆～し尽(つ)くす、～し終わる◆もう～、最早(もはや)～、とっくに～、終了或いは完了してしまっていることを指す◆～の上に(更に)～、～したからには～◆[日]すん; 婚:◆娶る(めとる、他家の女性を妻として迎える)、嫁ぐ(とつぐ、他家の男性のところに妻として入る)、夫婦になる、同「昏」、「女昏」は黄昏(たそがれ)時に嫁を迎えて婚
kk_既成_きせい,既成,きせい,既:◆～し尽(つ)くす、～し終わる◆もう～、最早(もはや)～、とっくに～、終了或いは完了してしまっていることを指す◆～の上に(更に)～、～したからには～◆[日]すん; 成:◆為(な)す、形や状態などを変えようとする、また変わろうとする◆本来の形や状態になる、目的・目標を持って働き、当初の目的・目標に達する、出来上がる、仕上がる、「,N1,on,on+on,A3_short_compound(on+on 71%),既:◆～し尽(つ)くす、～し終わる◆もう～、最早(もはや)～、とっくに～、終了或いは完了してしまっていることを指す◆～の上に(更に)～、～したからには～◆[日]すん; 成:◆為(な)す、形や状態などを変えようとする、また変わろうとする◆本来の形や状態になる、目的・目標を持って働き、当初の目的・目標に達する、出来上がる、仕上がる、「
kk_日取り_ひどり,日取り,ひどり,日:◆太陽◆太陽が出ている間、昼間、夜明けから日没まで◆一昼夜、朝から次の朝まで、またその繰り返し、またその繰り返しを数える語◆候(コウ)、時節、頃(ケイ、ころ)◆; 取:◆捕(つか)まえる、捕(と)らえる、縄(なわ)を掛ける◆手に入れる、手の中に収(おさ)める、手で受ける◆(多くの中から一部を、或いは一つを)選ぶ、選択する◆娶(,N1,other,mixed+mixed~,IL1_okurigana(kun 96%) | A1_compound_oku(kun 90%) | A1_on_kun_mix(on+kun 65%),日:◆太陽◆太陽が出ている間、昼間、夜明けから日没まで◆一昼夜、朝から次の朝まで、またその繰り返し、またその繰り返しを数える語◆候(コウ)、時節、頃(ケイ、ころ)◆; 取:◆捕(つか)まえる、捕(と)らえる、縄(なわ)を掛ける◆手に入れる、手の中に収(おさ)める、手で受ける◆(多くの中から一部を、或いは一つを)選ぶ、選択する◆娶(
kk_日向_ひなた,日向,ひなた,日:◆太陽◆太陽が出ている間、昼間、夜明けから日没まで◆一昼夜、朝から次の朝まで、またその繰り返し、またその繰り返しを数える語◆候(コウ)、時節、頃(ケイ、ころ)◆; 向:◆窓、北側に面した窓、同「郷」、「丿冂」は「宀」で「屋根のある建物」、「口」は「壁などに空いた窓」の意◆目的とするところを目指して行く、基点となるところから遠ざ,N1,other,mixed+mixed~,A3_short_compound(on+on 71%),日:◆太陽◆太陽が出ている間、昼間、夜明けから日没まで◆一昼夜、朝から次の朝まで、またその繰り返し、またその繰り返しを数える語◆候(コウ)、時節、頃(ケイ、ころ)◆; 向:◆窓、北側に面した窓、同「郷」、「丿冂」は「宀」で「屋根のある建物」、「口」は「壁などに空いた窓」の意◆目的とするところを目指して行く、基点となるところから遠ざ
kk_日数_にっすう,日数,にっすう,日:◆太陽◆太陽が出ている間、昼間、夜明けから日没まで◆一昼夜、朝から次の朝まで、またその繰り返し、またその繰り返しを数える語◆候(コウ)、時節、頃(ケイ、ころ)◆; 数:◆かず、同種のもの(繰り返されるもの)の多少を表す語◆かぞ・える、一つ二つ(一回二回)と計算する、またその多少◆細かい、煩(わずら)わしい◆しばしば、同じことを,N1,other,mixed+mixed~,,日:◆太陽◆太陽が出ている間、昼間、夜明けから日没まで◆一昼夜、朝から次の朝まで、またその繰り返し、またその繰り返しを数える語◆候(コウ)、時節、頃(ケイ、ころ)◆; 数:◆かず、同種のもの(繰り返されるもの)の多少を表す語◆かぞ・える、一つ二つ(一回二回)と計算する、またその多少◆細かい、煩(わずら)わしい◆しばしば、同じことを
kk_日照り_ひでり,日照り,ひでり,日:◆太陽◆太陽が出ている間、昼間、夜明けから日没まで◆一昼夜、朝から次の朝まで、またその繰り返し、またその繰り返しを数える語◆候(コウ)、時節、頃(ケイ、ころ)◆; 照:◆光が当たる、光を当てる◆明るい、光を当てて辺りを明るくする、「照明(ショウメイ)」◆他のものと見比べる、また見比べて確かめる、「照合(ショウゴウ)」「◆光を当,N1,other,mixed+mixed~,IL1_okurigana(kun 96%) | A1_compound_oku(kun 90%) | A1_on_kun_mix(on+kun 65%),日:◆太陽◆太陽が出ている間、昼間、夜明けから日没まで◆一昼夜、朝から次の朝まで、またその繰り返し、またその繰り返しを数える語◆候(コウ)、時節、頃(ケイ、ころ)◆; 照:◆光が当たる、光を当てる◆明るい、光を当てて辺りを明るくする、「照明(ショウメイ)」◆他のものと見比べる、また見比べて確かめる、「照合(ショウゴウ)」「◆光を当
kk_日陰_ひかげ,日陰,ひかげ,日:◆太陽◆太陽が出ている間、昼間、夜明けから日没まで◆一昼夜、朝から次の朝まで、またその繰り返し、またその繰り返しを数える語◆候(コウ)、時節、頃(ケイ、ころ)◆; 陰:◆物に遮(さえぎ)られて光(日光)が届かない、日光が届かずに暗い、またそのようなところ、日光が当たるところは「陽」◆山の北側、川の南側、日光が当たらない側、逆は,N1,kun,kun+kun~,A3_short_compound(on+on 71%),日:◆太陽◆太陽が出ている間、昼間、夜明けから日没まで◆一昼夜、朝から次の朝まで、またその繰り返し、またその繰り返しを数える語◆候(コウ)、時節、頃(ケイ、ころ)◆; 陰:◆物に遮(さえぎ)られて光(日光)が届かない、日光が届かずに暗い、またそのようなところ、日光が当たるところは「陽」◆山の北側、川の南側、日光が当たらない側、逆は
kk_旧知_きゅうち,旧知,きゅうち,旧:◆古い、昔の、過去の、以前の◆古くからの、以前からの◆同「舊」; 知:◆(矢のように素早く、矢が的の中央に当たるように的確に)認識する、見定める、「察知(サッチ)」「知識(チシキ)」、「智」は「見知ったことを理解しその正邪を正しく,N1,on,on+on,A3_short_compound(on+on 71%),旧:◆古い、昔の、過去の、以前の◆古くからの、以前からの◆同「舊」; 知:◆(矢のように素早く、矢が的の中央に当たるように的確に)認識する、見定める、「察知(サッチ)」「知識(チシキ)」、「智」は「見知ったことを理解しその正邪を正しく
kk_早いこと_はやいこと,早いこと,はやいこと,早:◆いよいよ陽が昇り始めようとしていてまだ薄暗い頃、朝が明(あ)けようとする頃◆その時(時間、時期、頃合い)に至っていない◆本来の時よりも前に(先に)、前以って、,N1,kun,kun,IL1_okurigana(kun 96%) | IL2_single_okuri(kun 96%),早:◆いよいよ陽が昇り始めようとしていてまだ薄暗い頃、朝が明(あ)けようとする頃◆その時(時間、時期、頃合い)に至っていない◆本来の時よりも前に(先に)、前以って、
kk_早いところ_はやいところ,早いところ,はやいところ,早:◆いよいよ陽が昇り始めようとしていてまだ薄暗い頃、朝が明(あ)けようとする頃◆その時(時間、時期、頃合い)に至っていない◆本来の時よりも前に(先に)、前以って、,N1,kun,kun,IL1_okurigana(kun 96%) | IL2_single_okuri(kun 96%),早:◆いよいよ陽が昇り始めようとしていてまだ薄暗い頃、朝が明(あ)けようとする頃◆その時(時間、時期、頃合い)に至っていない◆本来の時よりも前に(先に)、前以って、
kk_早急/さっきゅう_そうきゅう,早急/さっきゅう,そうきゅう,早:◆いよいよ陽が昇り始めようとしていてまだ薄暗い頃、朝が明(あ)けようとする頃◆その時(時間、時期、頃合い)に至っていない◆本来の時よりも前に(先に)、前以って、; 急:◆ゆとりがないさま、余裕がないさま、ゆったりとしていないさま◆せ・く、気持ちにゆとりがない、忙(せわ)しい◆いそ・ぐ、間(マ)を置かずに動く、早く動く、せかせか,N1,on,on+on,IL1_okurigana(kun 96%) | A1_compound_oku(kun 90%) | A1_on_kun_mix(on+kun 65%),早:◆いよいよ陽が昇り始めようとしていてまだ薄暗い頃、朝が明(あ)けようとする頃◆その時(時間、時期、頃合い)に至っていない◆本来の時よりも前に(先に)、前以って、; 急:◆ゆとりがないさま、余裕がないさま、ゆったりとしていないさま◆せ・く、気持ちにゆとりがない、忙(せわ)しい◆いそ・ぐ、間(マ)を置かずに動く、早く動く、せかせか
kk_旺盛_おうせい,旺盛,おうせい,旺:◆美しい光が四方に輝き広がる、同「𣇭」◆勢いがあるさま、盛んなさま、活力や気力が満ち溢れるさま; 盛:◆器(うつわ)に山のようにものを入れる、山のように積み上げる、これ以上は入らないという程に入れる◆一杯になるさま、満ち溢(あふ)れるさま、豊かなさま◆力や勢いが,N1,on,on+on,,旺:◆美しい光が四方に輝き広がる、同「𣇭」◆勢いがあるさま、盛んなさま、活力や気力が満ち溢れるさま; 盛:◆器(うつわ)に山のようにものを入れる、山のように積み上げる、これ以上は入らないという程に入れる◆一杯になるさま、満ち溢(あふ)れるさま、豊かなさま◆力や勢いが
kk_昇給_しょうきゅう,昇給,しょうきゅう,昇:◆太陽が上がる◆上の方向に行く、同「升」、一般に浮くようにして上がることを指し、足掛りなどを踏みながら上がるのは「登」¶中国で「昇る」は「升」を用い「昇」は殆ど; 給:◆足りていないところ(加える必要があるところ)に足して繋(つな)ぎ合わせる◆必要があるところに必要とするものを補(おぎな)う、足して足りるようにする◆上位の人(,N1,on,on+on,,昇:◆太陽が上がる◆上の方向に行く、同「升」、一般に浮くようにして上がることを指し、足掛りなどを踏みながら上がるのは「登」¶中国で「昇る」は「升」を用い「昇」は殆ど; 給:◆足りていないところ(加える必要があるところ)に足して繋(つな)ぎ合わせる◆必要があるところに必要とするものを補(おぎな)う、足して足りるようにする◆上位の人(
kk_明かす_あかす,明かす,あかす,明:◆(太陽や月の)光が差す、光が当たる、光を当てる◆光が当たってはっきりと見える(分かる)、誰の目にもはっきりとしている、はっきりとさせる◆隠されたところ(陰にな,N1,kun,kun,IL1_okurigana(kun 96%) | IL2_single_okuri(kun 96%),明:◆(太陽や月の)光が差す、光が当たる、光を当てる◆光が当たってはっきりと見える(分かる)、誰の目にもはっきりとしている、はっきりとさせる◆隠されたところ(陰にな
kk_明け暮れる_あけくれる,明け暮れる,あけくれる,明:◆(太陽や月の)光が差す、光が当たる、光を当てる◆光が当たってはっきりと見える(分かる)、誰の目にもはっきりとしている、はっきりとさせる◆隠されたところ(陰にな; 暮:◆陽の光が届かなって暗くなる、晩(バン)、同「莫」◆人生や月日・季節・年などが将(まさ)に尽きようとする、またその頃◆[日]く・れる、(暗くなって)区別や判断が,N1,kun,kun+kun~,IL1_okurigana(kun 96%) | A1_compound_oku(kun 90%) | A1_on_kun_mix(on+kun 65%),明:◆(太陽や月の)光が差す、光が当たる、光を当てる◆光が当たってはっきりと見える(分かる)、誰の目にもはっきりとしている、はっきりとさせる◆隠されたところ(陰にな; 暮:◆陽の光が届かなって暗くなる、晩(バン)、同「莫」◆人生や月日・季節・年などが将(まさ)に尽きようとする、またその頃◆[日]く・れる、(暗くなって)区別や判断が
kk_明暗_めいあん,明暗,めいあん,明:◆(太陽や月の)光が差す、光が当たる、光を当てる◆光が当たってはっきりと見える(分かる)、誰の目にもはっきりとしている、はっきりとさせる◆隠されたところ(陰にな; 暗:◆光がない、明るさがない◆光を失う、明るさや生き生きとした感じを失う◆光が届かない、明かりが届かずよく見えない、ものの陰になっていて見えない◆ぼんやりしている、,N1,on,on+on,,明:◆(太陽や月の)光が差す、光が当たる、光を当てる◆光が当たってはっきりと見える(分かる)、誰の目にもはっきりとしている、はっきりとさせる◆隠されたところ(陰にな; 暗:◆光がない、明るさがない◆光を失う、明るさや生き生きとした感じを失う◆光が届かない、明かりが届かずよく見えない、ものの陰になっていて見えない◆ぼんやりしている、
kk_明朗_めいろう,明朗,めいろう,明:◆(太陽や月の)光が差す、光が当たる、光を当てる◆光が当たってはっきりと見える(分かる)、誰の目にもはっきりとしている、はっきりとさせる◆隠されたところ(陰にな; 朗:◆明るい、明るく澄み渡っている、同「朤」◆明るく元気がよい、声が明るく澄んでいる,N1,on,on+on,,明:◆(太陽や月の)光が差す、光が当たる、光を当てる◆光が当たってはっきりと見える(分かる)、誰の目にもはっきりとしている、はっきりとさせる◆隠されたところ(陰にな; 朗:◆明るい、明るく澄み渡っている、同「朤」◆明るく元気がよい、声が明るく澄んでいる
kk_明白_めいはく,明白,めいはく,明:◆(太陽や月の)光が差す、光が当たる、光を当てる◆光が当たってはっきりと見える(分かる)、誰の目にもはっきりとしている、はっきりとさせる◆隠されたところ(陰にな; 白:◆無色、雪の色、どんな色にも染まっていないさま、同「㿟」「皛」◆曇りがないさま、汚(けが)れがないさま、清(きよ)いさま◆何もないさま、あるがままであるさま、「,N1,on,on+on,,明:◆(太陽や月の)光が差す、光が当たる、光を当てる◆光が当たってはっきりと見える(分かる)、誰の目にもはっきりとしている、はっきりとさせる◆隠されたところ(陰にな; 白:◆無色、雪の色、どんな色にも染まっていないさま、同「㿟」「皛」◆曇りがないさま、汚(けが)れがないさま、清(きよ)いさま◆何もないさま、あるがままであるさま、「
kk_明瞭_めいりょう,明瞭,めいりょう,明:◆(太陽や月の)光が差す、光が当たる、光を当てる◆光が当たってはっきりと見える(分かる)、誰の目にもはっきりとしている、はっきりとさせる◆隠されたところ(陰にな; 瞭:◆目が良い、目が澄んでいる◆明るい、明るく遠くまではっきりと見える、同「暸」◆はっきりしている、はっきりと分かる、明らかなさま、同「了」,N1,on,on+on,,明:◆(太陽や月の)光が差す、光が当たる、光を当てる◆光が当たってはっきりと見える(分かる)、誰の目にもはっきりとしている、はっきりとさせる◆隠されたところ(陰にな; 瞭:◆目が良い、目が澄んでいる◆明るい、明るく遠くまではっきりと見える、同「暸」◆はっきりしている、はっきりと分かる、明らかなさま、同「了」
kk_映える_はえる,映える,はえる,映:◆光が当たって明るい◆光が当たってくっきりと見える、くっきりと浮かび上がって見える◆くっきりとした陰(かげ)、くっきりとした陰ができる¶「光が当たっているところ,N1,kun,kun,IL1_okurigana(kun 96%) | IL2_single_okuri(kun 96%),映:◆光が当たって明るい◆光が当たってくっきりと見える、くっきりと浮かび上がって見える◆くっきりとした陰(かげ)、くっきりとした陰ができる¶「光が当たっているところ
kk_映写_えいしゃ,映写,えいしゃ,映:◆光が当たって明るい◆光が当たってくっきりと見える、くっきりと浮かび上がって見える◆くっきりとした陰(かげ)、くっきりとした陰ができる¶「光が当たっているところ; 写:◆別の場所に移(うつ)す、他に移す◆書く、描く、「墨や絵の具を紙などに移す」の意◆元になるものに倣(なら)って別のものに書く、或いは描く,N1,on,on+on,A3_short_compound(on+on 71%),映:◆光が当たって明るい◆光が当たってくっきりと見える、くっきりと浮かび上がって見える◆くっきりとした陰(かげ)、くっきりとした陰ができる¶「光が当たっているところ; 写:◆別の場所に移(うつ)す、他に移す◆書く、描く、「墨や絵の具を紙などに移す」の意◆元になるものに倣(なら)って別のものに書く、或いは描く
kk_昨今_さっこん,昨今,さっこん,昨:◆夜を挟んで一つ前の日◆一つ前の月や年◆過去、以前; 今:◆現在、この時(とき)、この時代、現在を挟んで前後に比較的短い時間また月日また時代◆すぐに、間もなく,N1,on,on+mixed~,,昨:◆夜を挟んで一つ前の日◆一つ前の月や年◆過去、以前; 今:◆現在、この時(とき)、この時代、現在を挟んで前後に比較的短い時間また月日また時代◆すぐに、間もなく
kk_是正_ぜせい,是正,ぜせい,是:◆これ、この、ここ、this◆正しい、理に適(かな)っている、理に則(のっと)っている◆良しとして認める◆その通り、はい、同意・肯定を表す◆「是非(ぜひ)」◇善; 正:◆まっすぐなさま、曲がり・歪(ゆが)み・偏(かたよ)りなどがないさま◆他のものが雑(ま)じっていないさま、また混(ま)じっていないさま、また交(ま)じっていない,N1,on,on+on,A3_short_compound(on+on 71%),是:◆これ、この、ここ、this◆正しい、理に適(かな)っている、理に則(のっと)っている◆良しとして認める◆その通り、はい、同意・肯定を表す◆「是非(ぜひ)」◇善; 正:◆まっすぐなさま、曲がり・歪(ゆが)み・偏(かたよ)りなどがないさま◆他のものが雑(ま)じっていないさま、また混(ま)じっていないさま、また交(ま)じっていない
kk_時折_ときおり,時折,ときおり,"時:◆一年の四分の一、季節、「一時(イチジ、三カ月、一季節)」「四時(シジ、四つの季節、四季)」◆一日の十二分の一、現在は二十四分の一、「時刻(ジコク)」◆年代、期; 折:◆まっすぐなものや平らなものを途中から""Ｖ""字形に曲げる、また曲げて畳む、同「㪿」、単に""Ｕ""字形のように曲げるのではなく折り目が付くようにしっかりと曲げること",N1,kun,kun+kun~,B_verb_rad_手(kun 80%),"時:◆一年の四分の一、季節、「一時(イチジ、三カ月、一季節)」「四時(シジ、四つの季節、四季)」◆一日の十二分の一、現在は二十四分の一、「時刻(ジコク)」◆年代、期; 折:◆まっすぐなものや平らなものを途中から""Ｖ""字形に曲げる、また曲げて畳む、同「㪿」、単に""Ｕ""字形のように曲げるのではなく折り目が付くようにしっかりと曲げること"
kk_晒す/曝す_さらす,晒す/曝す,さらす,晒:◆日光に当てる、日光に当てて乾かす◆(暗がりに、陰になって見えないところに)光を当てる◆[日]風雨が当たる所に置いたままにしておく◆[日]布を水や薬品などに浸し; 曝:◆陽の当たる表に出す、(屋外に出して)日光や風雨などに当てる、陽に晒(さら)す,N1,kun,kun+kun~,IL1_okurigana(kun 96%) | A1_compound_oku(kun 90%) | A1_on_kun_mix(on+kun 65%),晒:◆日光に当てる、日光に当てて乾かす◆(暗がりに、陰になって見えないところに)光を当てる◆[日]風雨が当たる所に置いたままにしておく◆[日]布を水や薬品などに浸し; 曝:◆陽の当たる表に出す、(屋外に出して)日光や風雨などに当てる、陽に晒(さら)す
kk_普段着_ふだんぎ,普段着,ふだんぎ,普:◆太陽の光が遠近にかかわらずどこにも一様に降り注ぐさま◆偏りがないさま、一様にどこまでも行き渡るさま¶別「𤽽」; 段:◆上へ上へと積み重なって層をなしたものの、その一つ一つ◆物事などの区切り、文章などの区切り◆階位、等級; 着:◆目的や目標としている物事・場所などに届く、また達する、また到る、同「著」◆他のものに付く、同「著」◆き・る、衣服を身に付ける、同「著」◆火や明かりを点(つ)け,N1,on,mixed+on+mixed~,A4_multi_on(on+on+on 65%),普:◆太陽の光が遠近にかかわらずどこにも一様に降り注ぐさま◆偏りがないさま、一様にどこまでも行き渡るさま¶別「𤽽」; 段:◆上へ上へと積み重なって層をなしたものの、その一つ一つ◆物事などの区切り、文章などの区切り◆階位、等級; 着:◆目的や目標としている物事・場所などに届く、また達する、また到る、同「著」◆他のものに付く、同「著」◆き・る、衣服を身に付ける、同「著」◆火や明かりを点(つ)け
kk_景品_けいひん,景品,けいひん,景:◆光(ひかり)、光が当たることでできる影、光と影◆光と影があることで見える姿形(すがたかたち)や様子(ようす)・状態、「景色(ケイショク、けしき)」「風景(フウ; 品:◆物(もの)、多くの物、様々な物◆もの(人や物)の本質・価値・程度を判断する◆ものの値打ち、また価値、また程度・等級,N1,on,on+on,,景:◆光(ひかり)、光が当たることでできる影、光と影◆光と影があることで見える姿形(すがたかたち)や様子(ようす)・状態、「景色(ケイショク、けしき)」「風景(フウ; 品:◆物(もの)、多くの物、様々な物◆もの(人や物)の本質・価値・程度を判断する◆ものの値打ち、また価値、また程度・等級
kk_晴らす_はらす,晴らす,はらす,晴:◆(雨や雪が止んで)雲がなくなる、雲がなく空が澄み渡る、同「夝」「暒」,N1,kun,kun,IL1_okurigana(kun 96%) | IL2_single_okuri(kun 96%),晴:◆(雨や雪が止んで)雲がなくなる、雲がなく空が澄み渡る、同「夝」「暒」
kk_晴れ晴れしい_はればれしい,晴れ晴れしい,はればれしい,晴:◆(雨や雪が止んで)雲がなくなる、雲がなく空が澄み渡る、同「夝」「暒」; 晴:◆(雨や雪が止んで)雲がなくなる、雲がなく空が澄み渡る、同「夝」「暒」,N1,kun,kun+kun~,IL1_okurigana(kun 96%) | A1_compound_oku(kun 90%) | A1_on_kun_mix(on+kun 65%),晴:◆(雨や雪が止んで)雲がなくなる、雲がなく空が澄み渡る、同「夝」「暒」; 晴:◆(雨や雪が止んで)雲がなくなる、雲がなく空が澄み渡る、同「夝」「暒」
kk_晴れ渡る_はれわたる,晴れ渡る,はれわたる,晴:◆(雨や雪が止んで)雲がなくなる、雲がなく空が澄み渡る、同「夝」「暒」; 渡:◆川や海などの水で隔(へだ)てられた対岸に行く、越えて行く、「渡河(トカ)」「渡江(トコウ)」「渡水(トスイ)」◆船着き場、対岸に人や物を運ぶ船が発着するところ,N1,kun,kun+kun~,IL1_okurigana(kun 96%) | A1_compound_oku(kun 90%) | A1_on_kun_mix(on+kun 65%),晴:◆(雨や雪が止んで)雲がなくなる、雲がなく空が澄み渡る、同「夝」「暒」; 渡:◆川や海などの水で隔(へだ)てられた対岸に行く、越えて行く、「渡河(トカ)」「渡江(トコウ)」「渡水(トスイ)」◆船着き場、対岸に人や物を運ぶ船が発着するところ
kk_晴雨_せいう,晴雨,せいう,晴:◆(雨や雪が止んで)雲がなくなる、雲がなく空が澄み渡る、同「夝」「暒」; 雨:◆大気中の水蒸気が集まって水滴となり、浮かんでいることができずに落下するもの ◆(雨や雪が、小さなものが無数に)降る、上から下に落ちて来る◆あめ、あめかんむり、,N1,on,on+on,A3_short_compound(on+on 71%) | B_noun_rad_雨(kun 93%),晴:◆(雨や雪が止んで)雲がなくなる、雲がなく空が澄み渡る、同「夝」「暒」; 雨:◆大気中の水蒸気が集まって水滴となり、浮かんでいることができずに落下するもの ◆(雨や雪が、小さなものが無数に)降る、上から下に落ちて来る◆あめ、あめかんむり、
kk_暗殺_あんさつ,暗殺,あんさつ,暗:◆光がない、明るさがない◆光を失う、明るさや生き生きとした感じを失う◆光が届かない、明かりが届かずよく見えない、ものの陰になっていて見えない◆ぼんやりしている、; 殺:◆ころ・す、人や動物の生命を奪う、同「𠮁」「煞」「𤋣」「𢼡」「𢿔」「𣪖」「𢽮」「𢽯」「𢽺」「𢽅」「𢾈」「𢽘」「𢽆」「𢼯」「𢼴」「𣪆」「𢁛」「𧤿」「𣀎」「𢿹」◆そ,N1,on,on+on,,暗:◆光がない、明るさがない◆光を失う、明るさや生き生きとした感じを失う◆光が届かない、明かりが届かずよく見えない、ものの陰になっていて見えない◆ぼんやりしている、; 殺:◆ころ・す、人や動物の生命を奪う、同「𠮁」「煞」「𤋣」「𢼡」「𢿔」「𣪖」「𢽮」「𢽯」「𢽺」「𢽅」「𢾈」「𢽘」「𢽆」「𢼯」「𢼴」「𣪆」「𢁛」「𧤿」「𣀎」「𢿹」◆そ
kk_暗示_あんじ,暗示,あんじ,暗:◆光がない、明るさがない◆光を失う、明るさや生き生きとした感じを失う◆光が届かない、明かりが届かずよく見えない、ものの陰になっていて見えない◆ぼんやりしている、; 示:◆(天上の神が地上のものに齎す物事の意思・意図を)はっきりと分かるように目の前に出して見せる、また見せて知らしめる、同「視」◆しめす、しめすへん、部首名,N1,on,on+on,A3_short_compound(on+on 71%),暗:◆光がない、明るさがない◆光を失う、明るさや生き生きとした感じを失う◆光が届かない、明かりが届かずよく見えない、ものの陰になっていて見えない◆ぼんやりしている、; 示:◆(天上の神が地上のものに齎す物事の意思・意図を)はっきりと分かるように目の前に出して見せる、また見せて知らしめる、同「視」◆しめす、しめすへん、部首名
kk_暗算_あんざん,暗算,あんざん,暗:◆光がない、明るさがない◆光を失う、明るさや生き生きとした感じを失う◆光が届かない、明かりが届かずよく見えない、ものの陰になっていて見えない◆ぼんやりしている、; 算:◆数(かず)を数(かぞ)える、同「筭」◆数を計算する(本数や置き方によって数を表す)ための竹の棒、占いにも用いる、同「籌」、「算籌(サンチュウ、計算また占いに用,N1,on,mixed+on~,B_noun_rad_竹(kun 93%),暗:◆光がない、明るさがない◆光を失う、明るさや生き生きとした感じを失う◆光が届かない、明かりが届かずよく見えない、ものの陰になっていて見えない◆ぼんやりしている、; 算:◆数(かず)を数(かぞ)える、同「筭」◆数を計算する(本数や置き方によって数を表す)ための竹の棒、占いにも用いる、同「籌」、「算籌(サンチュウ、計算また占いに用
kk_暗雲_あんうん,暗雲,あんうん,暗:◆光がない、明るさがない◆光を失う、明るさや生き生きとした感じを失う◆光が届かない、明かりが届かずよく見えない、ものの陰になっていて見えない◆ぼんやりしている、; 雲:◆空中の細かい水滴が集まり浮かんでいるもの、水滴が大きくなり地表付近にまで落下してくるものが「雨」「雪」 ◆(雲のように)もやもやとしたもの、たくさん集まってい,N1,on,on+on,B_noun_rad_雨(kun 93%),暗:◆光がない、明るさがない◆光を失う、明るさや生き生きとした感じを失う◆光が届かない、明かりが届かずよく見えない、ものの陰になっていて見えない◆ぼんやりしている、; 雲:◆空中の細かい水滴が集まり浮かんでいるもの、水滴が大きくなり地表付近にまで落下してくるものが「雨」「雪」 ◆(雲のように)もやもやとしたもの、たくさん集まってい
kk_暦_こよみ,暦,こよみ,暦:◆太陽・月・星の運行とその相互の(位置)関係を基に、月・日・季節を計算・予測すること、またその方法、「曆法(レキホウ)」◆(一年の)月・日・季節を記したもの、カ,N1,kun,kun,IL2_single_default(kun 84%),暦:◆太陽・月・星の運行とその相互の(位置)関係を基に、月・日・季節を計算・予測すること、またその方法、「曆法(レキホウ)」◆(一年の)月・日・季節を記したもの、カ
kk_暫し_しばし,暫し,しばし,暫:◆(一連の動作・行為・状態などの途中の)長くない間、少しの間、同「蹔」◆一先ず(ひとまず)、差し当たって◆[日]久し振りに,N1,other,unknown,IL1_okurigana(kun 96%) | IL2_single_okuri(kun 96%),暫:◆(一連の動作・行為・状態などの途中の)長くない間、少しの間、同「蹔」◆一先ず(ひとまず)、差し当たって◆[日]久し振りに
kk_暴く_あばく,暴く,あばく,暴:◆粗野な、粗野で荒々しい、同「虣」◆荒々しい、激しい、度が過ぎる◆(荒々しいことや激しいことが)突然に、不意に、同「曓」◆陽の当たる表に出す、(屋外に出して)日,N1,kun,kun,IL1_okurigana(kun 96%) | IL2_single_okuri(kun 96%),暴:◆粗野な、粗野で荒々しい、同「虣」◆荒々しい、激しい、度が過ぎる◆(荒々しいことや激しいことが)突然に、不意に、同「曓」◆陽の当たる表に出す、(屋外に出して)日
kk_暴動_ぼうどう,暴動,ぼうどう,暴:◆粗野な、粗野で荒々しい、同「虣」◆荒々しい、激しい、度が過ぎる◆(荒々しいことや激しいことが)突然に、不意に、同「曓」◆陽の当たる表に出す、(屋外に出して)日; 動:◆位置・姿勢・感情・状態・事情などが変わる、また変える、また変わり始める、「動作」「行動」「感動」◆やや・もすれば、どうかすると(～になる、～になりやすい),N1,on,on+on,B_verb_rad_力(kun 80%),暴:◆粗野な、粗野で荒々しい、同「虣」◆荒々しい、激しい、度が過ぎる◆(荒々しいことや激しいことが)突然に、不意に、同「曓」◆陽の当たる表に出す、(屋外に出して)日; 動:◆位置・姿勢・感情・状態・事情などが変わる、また変える、また変わり始める、「動作」「行動」「感動」◆やや・もすれば、どうかすると(～になる、～になりやすい)
kk_暴露_ばくろ,暴露,ばくろ,暴:◆粗野な、粗野で荒々しい、同「虣」◆荒々しい、激しい、度が過ぎる◆(荒々しいことや激しいことが)突然に、不意に、同「曓」◆陽の当たる表に出す、(屋外に出して)日; 露:◆大気中の水蒸気が物に付着して水滴となったもの◆屋根などの覆いがない、屋外◆覆い隠すものがなく雨や露などが直接当たる◆覆い隠すものがなく外から見える、また見える,N1,on,on+on,A3_short_compound(on+on 71%) | B_noun_rad_雨(kun 93%),暴:◆粗野な、粗野で荒々しい、同「虣」◆荒々しい、激しい、度が過ぎる◆(荒々しいことや激しいことが)突然に、不意に、同「曓」◆陽の当たる表に出す、(屋外に出して)日; 露:◆大気中の水蒸気が物に付着して水滴となったもの◆屋根などの覆いがない、屋外◆覆い隠すものがなく雨や露などが直接当たる◆覆い隠すものがなく外から見える、また見える
kk_暴騰_ぼうとう,暴騰,ぼうとう,暴:◆粗野な、粗野で荒々しい、同「虣」◆荒々しい、激しい、度が過ぎる◆(荒々しいことや激しいことが)突然に、不意に、同「曓」◆陽の当たる表に出す、(屋外に出して)日; 騰:◆勢いよく足を上げる、高く跳(と)び上がる、躍(おど)り上がる、同「驣」「䠮」「𦫀」◆勢いよく上がる、高く上がる◆馬を勢いよく走らせる、馬が跳(は)ねるように疾,N1,on,on+on,,暴:◆粗野な、粗野で荒々しい、同「虣」◆荒々しい、激しい、度が過ぎる◆(荒々しいことや激しいことが)突然に、不意に、同「曓」◆陽の当たる表に出す、(屋外に出して)日; 騰:◆勢いよく足を上げる、高く跳(と)び上がる、躍(おど)り上がる、同「驣」「䠮」「𦫀」◆勢いよく上がる、高く上がる◆馬を勢いよく走らせる、馬が跳(は)ねるように疾
kk_更なる_さらなる,更なる,さらなる,更:◆それまで(これまで)続けてきたことを改(あらた)めて、それ以降も(これ以降も)続ける、それまでのものを別のものに替える◆さら・に、その上に、一段と◆さら・に、,N1,kun,kun,IL1_okurigana(kun 96%) | IL2_single_okuri(kun 96%),更:◆それまで(これまで)続けてきたことを改(あらた)めて、それ以降も(これ以降も)続ける、それまでのものを別のものに替える◆さら・に、その上に、一段と◆さら・に、
kk_書評_しょひょう,書評,しょひょう,書:◆文字を筆(聿)などで記(しる)す、著(あらわ)す、「書物(ショモツ)」「文書(ブンショ)」◆手紙、「書信(ショシン)」◆「書経(ショキョウ、別名尚書ショウショ; 評:◆論じて価値や程度などを均(ひと)しく定める、理に適(かな)った或いは公平な判定を下す,N1,on,on+on,A3_short_compound(on+on 71%) | B_verb_rad_言(kun 80%),書:◆文字を筆(聿)などで記(しる)す、著(あらわ)す、「書物(ショモツ)」「文書(ブンショ)」◆手紙、「書信(ショシン)」◆「書経(ショキョウ、別名尚書ショウショ; 評:◆論じて価値や程度などを均(ひと)しく定める、理に適(かな)った或いは公平な判定を下す
kk_最上_さいじょう,最上,さいじょう,最:◆もっと・も、比べるものの中で一番の、第一の、極めて◆多くの(幾つかの)ものの中で先頭であるさま、一番優れているさま◆多くのものが同じところに集まる、また集める; 上:◆位置・場所・地位などが高い、高い方にある◆高い方に移る、昇る、登る◆順序・時間などが前、前の方にある◆前の方に移る◆等級・品質などが高い、優れている◆殿様、皇,N1,on,on+on,,最:◆もっと・も、比べるものの中で一番の、第一の、極めて◆多くの(幾つかの)ものの中で先頭であるさま、一番優れているさま◆多くのものが同じところに集まる、また集める; 上:◆位置・場所・地位などが高い、高い方にある◆高い方に移る、昇る、登る◆順序・時間などが前、前の方にある◆前の方に移る◆等級・品質などが高い、優れている◆殿様、皇
kk_最中_さなか,最中,さなか,最:◆もっと・も、比べるものの中で一番の、第一の、極めて◆多くの(幾つかの)ものの中で先頭であるさま、一番優れているさま◆多くのものが同じところに集まる、また集める; 中:◆ものとものの間にあってどちらにも偏(かたよ)らない位置◆上下・高低・大小などの間(あいだ)に位置する人や物や場所、同「仲」◆始点(出発地)から終点(目的地)ま,N1,other,mixed+mixed~,A3_short_compound(on+on 71%),最:◆もっと・も、比べるものの中で一番の、第一の、極めて◆多くの(幾つかの)ものの中で先頭であるさま、一番優れているさま◆多くのものが同じところに集まる、また集める; 中:◆ものとものの間にあってどちらにも偏(かたよ)らない位置◆上下・高低・大小などの間(あいだ)に位置する人や物や場所、同「仲」◆始点(出発地)から終点(目的地)ま
kk_最善_さいぜん,最善,さいぜん,最:◆もっと・も、比べるものの中で一番の、第一の、極めて◆多くの(幾つかの)ものの中で先頭であるさま、一番優れているさま◆多くのものが同じところに集まる、また集める; 善:◆めでたい、喜ばしい◆良い、好ましい◆美しい、魅力的な◆優(すぐ)れている、立派な◆正しい、正しい行い◆親しい、友好的な,N1,on,on+on,,最:◆もっと・も、比べるものの中で一番の、第一の、極めて◆多くの(幾つかの)ものの中で先頭であるさま、一番優れているさま◆多くのものが同じところに集まる、また集める; 善:◆めでたい、喜ばしい◆良い、好ましい◆美しい、魅力的な◆優(すぐ)れている、立派な◆正しい、正しい行い◆親しい、友好的な
kk_最寄り_もより,最寄り,もより,最:◆もっと・も、比べるものの中で一番の、第一の、極めて◆多くの(幾つかの)ものの中で先頭であるさま、一番優れているさま◆多くのものが同じところに集まる、また集める; 寄:◆他のものを頼りにする、他のものに凭(もた)れ掛かる◆託(たく)する、他人(ひと)に預(あず)ける、委(ゆだ)ねる、「寄託(キタク)」「寄命(キメイ、命を託す、,N1,other,mixed+mixed~,IL1_okurigana(kun 96%) | A1_compound_oku(kun 90%) | A1_on_kun_mix(on+kun 65%),最:◆もっと・も、比べるものの中で一番の、第一の、極めて◆多くの(幾つかの)ものの中で先頭であるさま、一番優れているさま◆多くのものが同じところに集まる、また集める; 寄:◆他のものを頼りにする、他のものに凭(もた)れ掛かる◆託(たく)する、他人(ひと)に預(あず)ける、委(ゆだ)ねる、「寄託(キタク)」「寄命(キメイ、命を託す、
kk_最悪_さいあく,最悪,さいあく,最:◆もっと・も、比べるものの中で一番の、第一の、極めて◆多くの(幾つかの)ものの中で先頭であるさま、一番優れているさま◆多くのものが同じところに集まる、また集める; 悪:◆良くない、劣る、好ましくない◆憎む、好ましくない(良くない)感情を抱く◆不快な、不吉な◆忌(いま)まわしい、醜(みにく)い、またそのように行い◆道を誤る、道義,N1,on,on+on,,最:◆もっと・も、比べるものの中で一番の、第一の、極めて◆多くの(幾つかの)ものの中で先頭であるさま、一番優れているさま◆多くのものが同じところに集まる、また集める; 悪:◆良くない、劣る、好ましくない◆憎む、好ましくない(良くない)感情を抱く◆不快な、不吉な◆忌(いま)まわしい、醜(みにく)い、またそのように行い◆道を誤る、道義
kk_最早_もはや,最早,もはや,最:◆もっと・も、比べるものの中で一番の、第一の、極めて◆多くの(幾つかの)ものの中で先頭であるさま、一番優れているさま◆多くのものが同じところに集まる、また集める; 早:◆いよいよ陽が昇り始めようとしていてまだ薄暗い頃、朝が明(あ)けようとする頃◆その時(時間、時期、頃合い)に至っていない◆本来の時よりも前に(先に)、前以って、,N1,other,mixed+mixed~,A3_short_compound(on+on 71%),最:◆もっと・も、比べるものの中で一番の、第一の、極めて◆多くの(幾つかの)ものの中で先頭であるさま、一番優れているさま◆多くのものが同じところに集まる、また集める; 早:◆いよいよ陽が昇り始めようとしていてまだ薄暗い頃、朝が明(あ)けようとする頃◆その時(時間、時期、頃合い)に至っていない◆本来の時よりも前に(先に)、前以って、
kk_最期_さいご,最期,さいご,最:◆もっと・も、比べるものの中で一番の、第一の、極めて◆多くの(幾つかの)ものの中で先頭であるさま、一番優れているさま◆多くのものが同じところに集まる、また集める; 期:◆予定されている(約束されている)時(とき、時期、時間)、「時期(ジキ)」「期間(キカン、二つの時の間、始めの時から終わりの時までの間)」◆決められた時(時期、,N1,on,on+on,A3_short_compound(on+on 71%),最:◆もっと・も、比べるものの中で一番の、第一の、極めて◆多くの(幾つかの)ものの中で先頭であるさま、一番優れているさま◆多くのものが同じところに集まる、また集める; 期:◆予定されている(約束されている)時(とき、時期、時間)、「時期(ジキ)」「期間(キカン、二つの時の間、始めの時から終わりの時までの間)」◆決められた時(時期、
kk_最盛期_さいせいき,最盛期,さいせいき,最:◆もっと・も、比べるものの中で一番の、第一の、極めて◆多くの(幾つかの)ものの中で先頭であるさま、一番優れているさま◆多くのものが同じところに集まる、また集める; 盛:◆器(うつわ)に山のようにものを入れる、山のように積み上げる、これ以上は入らないという程に入れる◆一杯になるさま、満ち溢(あふ)れるさま、豊かなさま◆力や勢いが; 期:◆予定されている(約束されている)時(とき、時期、時間)、「時期(ジキ)」「期間(キカン、二つの時の間、始めの時から終わりの時までの間)」◆決められた時(時期、,N1,on,on+on+on,A4_multi_on(on+on+on 65%),最:◆もっと・も、比べるものの中で一番の、第一の、極めて◆多くの(幾つかの)ものの中で先頭であるさま、一番優れているさま◆多くのものが同じところに集まる、また集める; 盛:◆器(うつわ)に山のようにものを入れる、山のように積み上げる、これ以上は入らないという程に入れる◆一杯になるさま、満ち溢(あふ)れるさま、豊かなさま◆力や勢いが; 期:◆予定されている(約束されている)時(とき、時期、時間)、「時期(ジキ)」「期間(キカン、二つの時の間、始めの時から終わりの時までの間)」◆決められた時(時期、
kk_月並み_つきなみ,月並み,つきなみ,月:◆地球の衛星の名、太陰(タイイン)、「日」を「太陽」というのに対して月を「太陰」という◆一年をほぼ十二等分した期間、新月(月が見えなくなる日)から次の新月までの; 並:◆二つの同じものが隣り合って同じ方向を向く、また同じ方向を向いて立つ◆～と同様に、～と同時に◆皆と同じ、程度が普通,N1,kun,kun+kun,IL1_okurigana(kun 96%) | A1_compound_oku(kun 90%) | A1_on_kun_mix(on+kun 65%),月:◆地球の衛星の名、太陰(タイイン)、「日」を「太陽」というのに対して月を「太陰」という◆一年をほぼ十二等分した期間、新月(月が見えなくなる日)から次の新月までの; 並:◆二つの同じものが隣り合って同じ方向を向く、また同じ方向を向いて立つ◆～と同様に、～と同時に◆皆と同じ、程度が普通
kk_月謝_げっしゃ,月謝,げっしゃ,月:◆地球の衛星の名、太陰(タイイン)、「日」を「太陽」というのに対して月を「太陰」という◆一年をほぼ十二等分した期間、新月(月が見えなくなる日)から次の新月までの; 謝:◆相手の誘いや勧(すす)めに、ありがたくは思うが、応(こた)えられない旨(感謝しつつも断りの言葉)を述べる、詫(わ)びて断る、辞退する、「謝絶(シャゼツ)」◆別,N1,on,on+on,A3_short_compound(on+on 71%) | B_verb_rad_言(kun 80%),月:◆地球の衛星の名、太陰(タイイン)、「日」を「太陽」というのに対して月を「太陰」という◆一年をほぼ十二等分した期間、新月(月が見えなくなる日)から次の新月までの; 謝:◆相手の誘いや勧(すす)めに、ありがたくは思うが、応(こた)えられない旨(感謝しつつも断りの言葉)を述べる、詫(わ)びて断る、辞退する、「謝絶(シャゼツ)」◆別
kk_月賦_げっぷ,月賦,げっぷ,月:◆地球の衛星の名、太陰(タイイン)、「日」を「太陽」というのに対して月を「太陰」という◆一年をほぼ十二等分した期間、新月(月が見えなくなる日)から次の新月までの; 賦:◆公(おおやけ、政府)が人民に割り当てた財物や労力を徴収・徴用する、人民が公に財物や労力を差し出す、「賦税(フゼイ、税、租税)」「賦役(フエキ、税と労働)」◆そ,N1,on,mixed+on~,A3_short_compound(on+on 71%),月:◆地球の衛星の名、太陰(タイイン)、「日」を「太陽」というのに対して月を「太陰」という◆一年をほぼ十二等分した期間、新月(月が見えなくなる日)から次の新月までの; 賦:◆公(おおやけ、政府)が人民に割り当てた財物や労力を徴収・徴用する、人民が公に財物や労力を差し出す、「賦税(フゼイ、税、租税)」「賦役(フエキ、税と労働)」◆そ
kk_有する_ゆうする,有する,ゆうする,有:◆在(あ)る、居(い)る、一定の範囲や場所に存在する、「有力(ユウリョク、力がある)」「稀有(ケウ、稀にある、稀にしかない)」◆持っている、備わっている、「所有,N1,on,on,IL1_okurigana(kun 96%) | IL2_single_okuri(kun 96%),有:◆在(あ)る、居(い)る、一定の範囲や場所に存在する、「有力(ユウリョク、力がある)」「稀有(ケウ、稀にある、稀にしかない)」◆持っている、備わっている、「所有
kk_有りの儘_ありのまま,有りの儘,ありのまま,有:◆在(あ)る、居(い)る、一定の範囲や場所に存在する、「有力(ユウリョク、力がある)」「稀有(ケウ、稀にある、稀にしかない)」◆持っている、備わっている、「所有; 儘:◆尽(つ)きる、全てが出尽くす、全てを出し切る、同「尽」◆[日]まま、その通りに、思いの通りに◆簡「侭」◆簡「尽」,N1,kun,kun+kun~,IL1_okurigana(kun 96%) | A1_compound_oku(kun 90%) | A1_on_kun_mix(on+kun 65%),有:◆在(あ)る、居(い)る、一定の範囲や場所に存在する、「有力(ユウリョク、力がある)」「稀有(ケウ、稀にある、稀にしかない)」◆持っている、備わっている、「所有; 儘:◆尽(つ)きる、全てが出尽くす、全てを出し切る、同「尽」◆[日]まま、その通りに、思いの通りに◆簡「侭」◆簡「尽」
kk_有り方_ありかた,有り方,ありかた,有:◆在(あ)る、居(い)る、一定の範囲や場所に存在する、「有力(ユウリョク、力がある)」「稀有(ケウ、稀にある、稀にしかない)」◆持っている、備わっている、「所有; 方:◆四角、四角いさま、角(かど)が直角になっているさま、「方形(ホウケイ)」◆数学で二つの数を掛け合わせた数(正方形・長方形の一つの角を成す二辺を掛け合わせた数),N1,kun,kun+kun~,IL1_okurigana(kun 96%) | A1_compound_oku(kun 90%) | A1_on_kun_mix(on+kun 65%),有:◆在(あ)る、居(い)る、一定の範囲や場所に存在する、「有力(ユウリョク、力がある)」「稀有(ケウ、稀にある、稀にしかない)」◆持っている、備わっている、「所有; 方:◆四角、四角いさま、角(かど)が直角になっているさま、「方形(ホウケイ)」◆数学で二つの数を掛け合わせた数(正方形・長方形の一つの角を成す二辺を掛け合わせた数)
kk_有り触れた_ありふれた,有り触れた,ありふれた,有:◆在(あ)る、居(い)る、一定の範囲や場所に存在する、「有力(ユウリョク、力がある)」「稀有(ケウ、稀にある、稀にしかない)」◆持っている、備わっている、「所有; 触:◆角(つの)の先端が当たる、尖(とが)ったものの先端が軽く当たる、同「𧢻」◆一部分(全体の中のある限られた部分、狭い部分)に当たる、また押し当てる◆法で禁じられ,N1,kun,kun+kun~,IL1_okurigana(kun 96%) | A1_compound_oku(kun 90%) | A1_on_kun_mix(on+kun 65%),有:◆在(あ)る、居(い)る、一定の範囲や場所に存在する、「有力(ユウリョク、力がある)」「稀有(ケウ、稀にある、稀にしかない)」◆持っている、備わっている、「所有; 触:◆角(つの)の先端が当たる、尖(とが)ったものの先端が軽く当たる、同「𧢻」◆一部分(全体の中のある限られた部分、狭い部分)に当たる、また押し当てる◆法で禁じられ
kk_有力_ゆうりょく,有力,ゆうりょく,有:◆在(あ)る、居(い)る、一定の範囲や場所に存在する、「有力(ユウリョク、力がある)」「稀有(ケウ、稀にある、稀にしかない)」◆持っている、備わっている、「所有; 力:◆ものを動かすもの、ものを動かしているもの、ものに働(はたら)くもの、「強力(キョウリョク、強い力)」◆働く、務(つと)める、勤(つと)める、「努力(ドリョク、,N1,on,on+on,B_verb_rad_力(kun 80%),有:◆在(あ)る、居(い)る、一定の範囲や場所に存在する、「有力(ユウリョク、力がある)」「稀有(ケウ、稀にある、稀にしかない)」◆持っている、備わっている、「所有; 力:◆ものを動かすもの、ものを動かしているもの、ものに働(はたら)くもの、「強力(キョウリョク、強い力)」◆働く、務(つと)める、勤(つと)める、「努力(ドリョク、
kk_有数_ゆうすう,有数,ゆうすう,有:◆在(あ)る、居(い)る、一定の範囲や場所に存在する、「有力(ユウリョク、力がある)」「稀有(ケウ、稀にある、稀にしかない)」◆持っている、備わっている、「所有; 数:◆かず、同種のもの(繰り返されるもの)の多少を表す語◆かぞ・える、一つ二つ(一回二回)と計算する、またその多少◆細かい、煩(わずら)わしい◆しばしば、同じことを,N1,on,on+on,,有:◆在(あ)る、居(い)る、一定の範囲や場所に存在する、「有力(ユウリョク、力がある)」「稀有(ケウ、稀にある、稀にしかない)」◆持っている、備わっている、「所有; 数:◆かず、同種のもの(繰り返されるもの)の多少を表す語◆かぞ・える、一つ二つ(一回二回)と計算する、またその多少◆細かい、煩(わずら)わしい◆しばしば、同じことを
kk_有望_ゆうぼう,有望,ゆうぼう,有:◆在(あ)る、居(い)る、一定の範囲や場所に存在する、「有力(ユウリョク、力がある)」「稀有(ケウ、稀にある、稀にしかない)」◆持っている、備わっている、「所有; 望:◆待っている人や物事の到着をまだかまだかと待つ、期待する、そうなって欲しいと思う◆(待ち望む方を)見やる、遠くを見やる◆仰ぎ見る、他から仰ぎ見られる◆もち、陰暦,N1,on,on+on,,有:◆在(あ)る、居(い)る、一定の範囲や場所に存在する、「有力(ユウリョク、力がある)」「稀有(ケウ、稀にある、稀にしかない)」◆持っている、備わっている、「所有; 望:◆待っている人や物事の到着をまだかまだかと待つ、期待する、そうなって欲しいと思う◆(待ち望む方を)見やる、遠くを見やる◆仰ぎ見る、他から仰ぎ見られる◆もち、陰暦
kk_有様_ありさま,有様,ありさま,有:◆在(あ)る、居(い)る、一定の範囲や場所に存在する、「有力(ユウリョク、力がある)」「稀有(ケウ、稀にある、稀にしかない)」◆持っている、備わっている、「所有; 様:◆物事の性格や状態、また姿や形、あり方また見掛け◆形や姿、状態やあり方、方法や方式、同「𢳌」◆形や姿・状態やあり方・方法や方式などの種類を数える語◆クヌギ(櫟、,N1,kun,kun+kun~,B_noun_rad_木(kun 93%),有:◆在(あ)る、居(い)る、一定の範囲や場所に存在する、「有力(ユウリョク、力がある)」「稀有(ケウ、稀にある、稀にしかない)」◆持っている、備わっている、「所有; 様:◆物事の性格や状態、また姿や形、あり方また見掛け◆形や姿、状態やあり方、方法や方式、同「𢳌」◆形や姿・状態やあり方・方法や方式などの種類を数える語◆クヌギ(櫟、
kk_有益_ゆうえき,有益,ゆうえき,有:◆在(あ)る、居(い)る、一定の範囲や場所に存在する、「有力(ユウリョク、力がある)」「稀有(ケウ、稀にある、稀にしかない)」◆持っている、備わっている、「所有; 益:◆加える、加わる、増える、増やす、同「㬲」◆満ちる、一杯になる、溢(あふ)れる◆手放したものの金額や価値よりも、それによって得たものの金額や価値が多い、儲(もう,N1,on,on+on,,有:◆在(あ)る、居(い)る、一定の範囲や場所に存在する、「有力(ユウリョク、力がある)」「稀有(ケウ、稀にある、稀にしかない)」◆持っている、備わっている、「所有; 益:◆加える、加わる、増える、増やす、同「㬲」◆満ちる、一杯になる、溢(あふ)れる◆手放したものの金額や価値よりも、それによって得たものの金額や価値が多い、儲(もう
kk_服する_ふくする,服する,ふくする,服:◆命令や指示に沿い合わせる、命令や指示に従う◆自分の考えにぴったりと収まる、納得する、納得して従う◆仕事や道具などが手に合う、馴染む、慣れる◆何時もと同じように,N1,on,on,IL1_okurigana(kun 96%) | IL2_single_okuri(kun 96%),服:◆命令や指示に沿い合わせる、命令や指示に従う◆自分の考えにぴったりと収まる、納得する、納得して従う◆仕事や道具などが手に合う、馴染む、慣れる◆何時もと同じように
kk_朗報_ろうほう,朗報,ろうほう,朗:◆明るい、明るく澄み渡っている、同「朤」◆明るく元気がよい、声が明るく澄んでいる; 報:◆相手から受けた物事に対して相応(ソウオウ)の物事で返す、相手に与えた物事に対して相応の物事が返ってくる、罪科の程度に相応する罰を与える(「罪を犯せば相応の罰が,N1,on,on+on,,朗:◆明るい、明るく澄み渡っている、同「朤」◆明るく元気がよい、声が明るく澄んでいる; 報:◆相手から受けた物事に対して相応(ソウオウ)の物事で返す、相手に与えた物事に対して相応の物事が返ってくる、罪科の程度に相応する罰を与える(「罪を犯せば相応の罰が
kk_望ましい_のぞましい,望ましい,のぞましい,望:◆待っている人や物事の到着をまだかまだかと待つ、期待する、そうなって欲しいと思う◆(待ち望む方を)見やる、遠くを見やる◆仰ぎ見る、他から仰ぎ見られる◆もち、陰暦,N1,kun,kun,IL1_okurigana(kun 96%) | IL2_single_okuri(kun 96%),望:◆待っている人や物事の到着をまだかまだかと待つ、期待する、そうなって欲しいと思う◆(待ち望む方を)見やる、遠くを見やる◆仰ぎ見る、他から仰ぎ見られる◆もち、陰暦
kk_朝市_あさいち,朝市,あさいち,朝:◆太陽が地平より上に出て日光が射し始める頃、日の出の頃、同「旦」◆日の出から昼前までの時間、日の出から日の入りまでの時間◆天子・君主に謁見する、春の謁見式、秋は; 市:◆人が多く集まり物品などを売買・交換する、またその場所◆人が多く集まる所◆「町」よりも大きな行政区画¶本字は「亠巾」で「一巾」の「巿」とは別字,N1,kun,kun+kun~,B_noun_rad_巾(kun 93%),朝:◆太陽が地平より上に出て日光が射し始める頃、日の出の頃、同「旦」◆日の出から昼前までの時間、日の出から日の入りまでの時間◆天子・君主に謁見する、春の謁見式、秋は; 市:◆人が多く集まり物品などを売買・交換する、またその場所◆人が多く集まる所◆「町」よりも大きな行政区画¶本字は「亠巾」で「一巾」の「巿」とは別字
kk_朝方_あさがた,朝方,あさがた,朝:◆太陽が地平より上に出て日光が射し始める頃、日の出の頃、同「旦」◆日の出から昼前までの時間、日の出から日の入りまでの時間◆天子・君主に謁見する、春の謁見式、秋は; 方:◆四角、四角いさま、角(かど)が直角になっているさま、「方形(ホウケイ)」◆数学で二つの数を掛け合わせた数(正方形・長方形の一つの角を成す二辺を掛け合わせた数),N1,other,mixed+mixed~,,朝:◆太陽が地平より上に出て日光が射し始める頃、日の出の頃、同「旦」◆日の出から昼前までの時間、日の出から日の入りまでの時間◆天子・君主に謁見する、春の謁見式、秋は; 方:◆四角、四角いさま、角(かど)が直角になっているさま、「方形(ホウケイ)」◆数学で二つの数を掛け合わせた数(正方形・長方形の一つの角を成す二辺を掛け合わせた数)
kk_朝飯前_あさめしまえ,朝飯前,あさめしまえ,朝:◆太陽が地平より上に出て日光が射し始める頃、日の出の頃、同「旦」◆日の出から昼前までの時間、日の出から日の入りまでの時間◆天子・君主に謁見する、春の謁見式、秋は; 飯:◆米などの穀物を煮たり炊(た)いたりして柔らかくした(食べやすくした)もの◆(毎日定期的に摂とる)食事◆食べ物を食べる、食べ物を与える; 前:◆(前に)進む、またその方向、同「先」、「前途(ぜんと、目的地に向かう道のり、将来)」◆位置的には先の方向、時間的には過去の方向、順序では上位の方向、同「先」、,N1,kun,kun+kun+kun~,A4_multi_on(on+on+on 65%) | B_verb_rad_刀(kun 80%),朝:◆太陽が地平より上に出て日光が射し始める頃、日の出の頃、同「旦」◆日の出から昼前までの時間、日の出から日の入りまでの時間◆天子・君主に謁見する、春の謁見式、秋は; 飯:◆米などの穀物を煮たり炊(た)いたりして柔らかくした(食べやすくした)もの◆(毎日定期的に摂とる)食事◆食べ物を食べる、食べ物を与える; 前:◆(前に)進む、またその方向、同「先」、「前途(ぜんと、目的地に向かう道のり、将来)」◆位置的には先の方向、時間的には過去の方向、順序では上位の方向、同「先」、
kk_期日_きじつ,期日,きじつ,期:◆予定されている(約束されている)時(とき、時期、時間)、「時期(ジキ)」「期間(キカン、二つの時の間、始めの時から終わりの時までの間)」◆決められた時(時期、; 日:◆太陽◆太陽が出ている間、昼間、夜明けから日没まで◆一昼夜、朝から次の朝まで、またその繰り返し、またその繰り返しを数える語◆候(コウ)、時節、頃(ケイ、ころ)◆,N1,on,on+on,A3_short_compound(on+on 71%),期:◆予定されている(約束されている)時(とき、時期、時間)、「時期(ジキ)」「期間(キカン、二つの時の間、始めの時から終わりの時までの間)」◆決められた時(時期、; 日:◆太陽◆太陽が出ている間、昼間、夜明けから日没まで◆一昼夜、朝から次の朝まで、またその繰り返し、またその繰り返しを数える語◆候(コウ)、時節、頃(ケイ、ころ)◆
kk_木耳_きくらげ,木耳,きくらげ,木:◆植物の一分類、例外もあるが一般に表皮が硬く寒暖差などによって年輪を生ずるもの、またそれを使ったもの◆五行(水・火・木・金・土)の一つ ◆自然で飾り気がないさま; 耳:◆顔の両側にあって聴覚と平衡感覚を掌(つかさど)る器官◆(耳で)聞く、話や声や音が(耳に)届く◆～と(耳で)聞いている、～と聞いた◆(耳のように)ものの両側にあ,N1,other,mixed+mixed~,B_noun_rad_木(kun 93%),木:◆植物の一分類、例外もあるが一般に表皮が硬く寒暖差などによって年輪を生ずるもの、またそれを使ったもの◆五行(水・火・木・金・土)の一つ ◆自然で飾り気がないさま; 耳:◆顔の両側にあって聴覚と平衡感覚を掌(つかさど)る器官◆(耳で)聞く、話や声や音が(耳に)届く◆～と(耳で)聞いている、～と聞いた◆(耳のように)ものの両側にあ
kk_未だ_いまだ,未だ,いまだ,未:◆十二支の八番目、方角では南南西、時刻では午後二時を中心とした二時間、動物では「羊」を当てる ◆いま・だ、まだ～でない、まだ～しない、まだ～していない◆ない、～,N1,kun,kun,IL1_okurigana(kun 96%) | IL2_single_okuri(kun 96%) | B_noun_rad_木(kun 93%),未:◆十二支の八番目、方角では南南西、時刻では午後二時を中心とした二時間、動物では「羊」を当てる ◆いま・だ、まだ～でない、まだ～しない、まだ～していない◆ない、～
kk_未だに_いまだに,未だに,いまだに,未:◆十二支の八番目、方角では南南西、時刻では午後二時を中心とした二時間、動物では「羊」を当てる ◆いま・だ、まだ～でない、まだ～しない、まだ～していない◆ない、～,N1,kun,kun,IL1_okurigana(kun 96%) | IL2_single_okuri(kun 96%) | B_noun_rad_木(kun 93%),未:◆十二支の八番目、方角では南南西、時刻では午後二時を中心とした二時間、動物では「羊」を当てる ◆いま・だ、まだ～でない、まだ～しない、まだ～していない◆ない、～
kk_未定_みてい,未定,みてい,未:◆十二支の八番目、方角では南南西、時刻では午後二時を中心とした二時間、動物では「羊」を当てる ◆いま・だ、まだ～でない、まだ～しない、まだ～していない◆ない、～; 定:◆さだ・まる、動きや乱れが鎮(しず)まって変化・変動しない状態になる、平静になる、落ち着く、「鎮定(チンテイ)」◆さだ・める、動いたり揺らいだりしない状態にする,N1,on,on+on,A3_short_compound(on+on 71%) | B_noun_rad_木(kun 93%) | B_noun_rad_宀(kun 93%),未:◆十二支の八番目、方角では南南西、時刻では午後二時を中心とした二時間、動物では「羊」を当てる ◆いま・だ、まだ～でない、まだ～しない、まだ～していない◆ない、～; 定:◆さだ・まる、動きや乱れが鎮(しず)まって変化・変動しない状態になる、平静になる、落ち着く、「鎮定(チンテイ)」◆さだ・める、動いたり揺らいだりしない状態にする
kk_未熟_みじゅく,未熟,みじゅく,未:◆十二支の八番目、方角では南南西、時刻では午後二時を中心とした二時間、動物では「羊」を当てる ◆いま・だ、まだ～でない、まだ～しない、まだ～していない◆ない、～; 熟:◆食べ頃になるまで十分に火を通す、また煮る、また焼く、同「孰」◆十分に食べ頃になる、十分に良い状態になる、十分に成長する◆十分な状態になるまで～する,N1,on,on+on,A3_short_compound(on+on 71%) | B_noun_rad_木(kun 93%),未:◆十二支の八番目、方角では南南西、時刻では午後二時を中心とした二時間、動物では「羊」を当てる ◆いま・だ、まだ～でない、まだ～しない、まだ～していない◆ない、～; 熟:◆食べ頃になるまで十分に火を通す、また煮る、また焼く、同「孰」◆十分に食べ頃になる、十分に良い状態になる、十分に成長する◆十分な状態になるまで～する
kk_未練_みれん,未練,みれん,未:◆十二支の八番目、方角では南南西、時刻では午後二時を中心とした二時間、動物では「羊」を当てる ◆いま・だ、まだ～でない、まだ～しない、まだ～していない◆ない、～; 練:◆生糸や絹布を繰り返し煮て柔らかく白くする、同「湅」◆熟(こな)れていないものを繰り返し鍛(きた)える、鍛えて良いものにする◆習熟(シュウジュク)する、繰り返し,N1,on,on+on,A3_short_compound(on+on 71%) | B_noun_rad_木(kun 93%),未:◆十二支の八番目、方角では南南西、時刻では午後二時を中心とした二時間、動物では「羊」を当てる ◆いま・だ、まだ～でない、まだ～しない、まだ～していない◆ない、～; 練:◆生糸や絹布を繰り返し煮て柔らかく白くする、同「湅」◆熟(こな)れていないものを繰り返し鍛(きた)える、鍛えて良いものにする◆習熟(シュウジュク)する、繰り返し
kk_未練がましい_みれんがましい,未練がましい,みれんがましい,未:◆十二支の八番目、方角では南南西、時刻では午後二時を中心とした二時間、動物では「羊」を当てる ◆いま・だ、まだ～でない、まだ～しない、まだ～していない◆ない、～; 練:◆生糸や絹布を繰り返し煮て柔らかく白くする、同「湅」◆熟(こな)れていないものを繰り返し鍛(きた)える、鍛えて良いものにする◆習熟(シュウジュク)する、繰り返し,N1,on,on+on~,IL1_okurigana(kun 96%) | A1_compound_oku(kun 90%) | A1_on_kun_mix(on+kun 65%),未:◆十二支の八番目、方角では南南西、時刻では午後二時を中心とした二時間、動物では「羊」を当てる ◆いま・だ、まだ～でない、まだ～しない、まだ～していない◆ない、～; 練:◆生糸や絹布を繰り返し煮て柔らかく白くする、同「湅」◆熟(こな)れていないものを繰り返し鍛(きた)える、鍛えて良いものにする◆習熟(シュウジュク)する、繰り返し
kk_未開_みかい,未開,みかい,未:◆十二支の八番目、方角では南南西、時刻では午後二時を中心とした二時間、動物では「羊」を当てる ◆いま・だ、まだ～でない、まだ～しない、まだ～していない◆ない、～; 開:◆啓(ひら)く、閉じられている扉を真ん中から左右に押し除(の)ける◆仕切っているもの(塞ふさいでいるもの、妨さまたげているもの)を取る、「開放(カイホウ)」◆明,N1,on,on+on,A3_short_compound(on+on 71%) | B_noun_rad_木(kun 93%),未:◆十二支の八番目、方角では南南西、時刻では午後二時を中心とした二時間、動物では「羊」を当てる ◆いま・だ、まだ～でない、まだ～しない、まだ～していない◆ない、～; 開:◆啓(ひら)く、閉じられている扉を真ん中から左右に押し除(の)ける◆仕切っているもの(塞ふさいでいるもの、妨さまたげているもの)を取る、「開放(カイホウ)」◆明
kk_末期_まっき,末期,まっき,末:◆木の先(さき)の細い部分、端(はじ)、先端◆物事の最後、終わり◆細いさま、細(こま)かいさま、小さいさま◆(端の方にあって或いは細かくて)取るに足りない、些細; 期:◆予定されている(約束されている)時(とき、時期、時間)、「時期(ジキ)」「期間(キカン、二つの時の間、始めの時から終わりの時までの間)」◆決められた時(時期、,N1,on,on+on,A3_short_compound(on+on 71%) | B_noun_rad_木(kun 93%),末:◆木の先(さき)の細い部分、端(はじ)、先端◆物事の最後、終わり◆細いさま、細(こま)かいさま、小さいさま◆(端の方にあって或いは細かくて)取るに足りない、些細; 期:◆予定されている(約束されている)時(とき、時期、時間)、「時期(ジキ)」「期間(キカン、二つの時の間、始めの時から終わりの時までの間)」◆決められた時(時期、
kk_本名_ほんみょう,本名,ほんみょう,本:◆木の根(ね)◆植物や物事の生まれ始まりの部分、ものの根源また起源、「本来(ホンライ、元々、初めから)」◆ものを支えているもの、基(もと)となるもの、拠(よ)り; 名:◆人に付ける呼称、また動物・もの・出来事などを呼んだり指し示したり識別したりするためにその各々に付ける呼称、「名称(メイショウ)」◆呼称を付ける、「命名(メイメ,N1,on,on+on,B_noun_rad_木(kun 93%),本:◆木の根(ね)◆植物や物事の生まれ始まりの部分、ものの根源また起源、「本来(ホンライ、元々、初めから)」◆ものを支えているもの、基(もと)となるもの、拠(よ)り; 名:◆人に付ける呼称、また動物・もの・出来事などを呼んだり指し示したり識別したりするためにその各々に付ける呼称、「名称(メイショウ)」◆呼称を付ける、「命名(メイメ
kk_本場_ほんば,本場,ほんば,本:◆木の根(ね)◆植物や物事の生まれ始まりの部分、ものの根源また起源、「本来(ホンライ、元々、初めから)」◆ものを支えているもの、基(もと)となるもの、拠(よ)り; 場:◆(日当たりのよい、収穫した穀物の乾燥・脱穀などをする、また多くの人やものが集まる)広く平らなところ、「広場」、同「塲」◆一段と高くし上を平らに作ったところ、台,N1,mixed,on+kun~,A3_short_compound(on+on 71%) | B_noun_rad_木(kun 93%),本:◆木の根(ね)◆植物や物事の生まれ始まりの部分、ものの根源また起源、「本来(ホンライ、元々、初めから)」◆ものを支えているもの、基(もと)となるもの、拠(よ)り; 場:◆(日当たりのよい、収穫した穀物の乾燥・脱穀などをする、また多くの人やものが集まる)広く平らなところ、「広場」、同「塲」◆一段と高くし上を平らに作ったところ、台
kk_本気_ほんき,本気,ほんき,本:◆木の根(ね)◆植物や物事の生まれ始まりの部分、ものの根源また起源、「本来(ホンライ、元々、初めから)」◆ものを支えているもの、基(もと)となるもの、拠(よ)り; 気:◆中国古来の考えで、天地全ての事物の基本要素、目に見えず形状は一定しない、あらゆる事物の生死・盛衰などの変化・変動はこの「気」の移動・集散によるものと考えられた,N1,on,on+on,A3_short_compound(on+on 71%) | B_noun_rad_木(kun 93%),本:◆木の根(ね)◆植物や物事の生まれ始まりの部分、ものの根源また起源、「本来(ホンライ、元々、初めから)」◆ものを支えているもの、基(もと)となるもの、拠(よ)り; 気:◆中国古来の考えで、天地全ての事物の基本要素、目に見えず形状は一定しない、あらゆる事物の生死・盛衰などの変化・変動はこの「気」の移動・集散によるものと考えられた
kk_本筋_ほんすじ,本筋,ほんすじ,本:◆木の根(ね)◆植物や物事の生まれ始まりの部分、ものの根源また起源、「本来(ホンライ、元々、初めから)」◆ものを支えているもの、基(もと)となるもの、拠(よ)り; 筋:◆動物の肉(皮膚と骨を繋いで一定の形や位置を保つ役割を担う組織、筋肉と脂肪とからなる)を構成する伸縮性のある強靱な線状の組織、「【集韻:卷二:平聲:欣第二十一:,N1,mixed,on+kun~,B_noun_rad_木(kun 93%) | B_noun_rad_竹(kun 93%),本:◆木の根(ね)◆植物や物事の生まれ始まりの部分、ものの根源また起源、「本来(ホンライ、元々、初めから)」◆ものを支えているもの、基(もと)となるもの、拠(よ)り; 筋:◆動物の肉(皮膚と骨を繋いで一定の形や位置を保つ役割を担う組織、筋肉と脂肪とからなる)を構成する伸縮性のある強靱な線状の組織、「【集韻:卷二:平聲:欣第二十一:
kk_本能_ほんのう,本能,ほんのう,本:◆木の根(ね)◆植物や物事の生まれ始まりの部分、ものの根源また起源、「本来(ホンライ、元々、初めから)」◆ものを支えているもの、基(もと)となるもの、拠(よ)り; 能:◆ことを成し遂(と)げる技量(ギリョウ)や力量(リキリョウ)、「能力(ノウリョク)」「才能(サイノウ)」◆十分に或いは上手にできる、～をすることができる(技能・,N1,on,on+on,B_noun_rad_木(kun 93%),本:◆木の根(ね)◆植物や物事の生まれ始まりの部分、ものの根源また起源、「本来(ホンライ、元々、初めから)」◆ものを支えているもの、基(もと)となるもの、拠(よ)り; 能:◆ことを成し遂(と)げる技量(ギリョウ)や力量(リキリョウ)、「能力(ノウリョク)」「才能(サイノウ)」◆十分に或いは上手にできる、～をすることができる(技能・
kk_本音_ほんね,本音,ほんね,本:◆木の根(ね)◆植物や物事の生まれ始まりの部分、ものの根源また起源、「本来(ホンライ、元々、初めから)」◆ものを支えているもの、基(もと)となるもの、拠(よ)り; 音:◆聴覚で認識できるものの総称、特に楽器のもの、高低強弱などの抑揚がある音が連続し全体として意味を持つものを「声」◆耳に届いて来るもの、便り◆[日]漢字の中国伝来,N1,mixed,on+kun~,A3_short_compound(on+on 71%) | B_noun_rad_木(kun 93%),本:◆木の根(ね)◆植物や物事の生まれ始まりの部分、ものの根源また起源、「本来(ホンライ、元々、初めから)」◆ものを支えているもの、基(もと)となるもの、拠(よ)り; 音:◆聴覚で認識できるものの総称、特に楽器のもの、高低強弱などの抑揚がある音が連続し全体として意味を持つものを「声」◆耳に届いて来るもの、便り◆[日]漢字の中国伝来
kk_朽ちる_くちる,朽ちる,くちる,朽:◆草木が腐(くさ)る◆衰える、生気がなくなる,N1,kun,kun,IL1_okurigana(kun 96%) | IL2_single_okuri(kun 96%) | B_noun_rad_木(kun 93%),朽:◆草木が腐(くさ)る◆衰える、生気がなくなる
kk_束ねる_たばねる,束ねる,たばねる,束:◆(長いものを)縛(しば)って一つにする、一つに纏(まと)める、同「捒」◆縛って一つにしたものの数を表す語◆縛る、縛ってばらばらにならないようにする、自由を制限,N1,kun,kun,IL1_okurigana(kun 96%) | IL2_single_okuri(kun 96%) | B_noun_rad_木(kun 93%),束:◆(長いものを)縛(しば)って一つにする、一つに纏(まと)める、同「捒」◆縛って一つにしたものの数を表す語◆縛る、縛ってばらばらにならないようにする、自由を制限
kk_束の間_つかのま,束の間,つかのま,束:◆(長いものを)縛(しば)って一つにする、一つに纏(まと)める、同「捒」◆縛って一つにしたものの数を表す語◆縛る、縛ってばらばらにならないようにする、自由を制限; 間:◆両側からぴったりと閉じられずに開いているところ、(空間・時間・物事・関係などが)連続せずに途切れているところ、開いたり途切れたりして何もないところ、隙(すき),N1,kun,kun+kun~,IL1_okurigana(kun 96%) | A1_compound_oku(kun 90%) | A1_on_kun_mix(on+kun 65%),束:◆(長いものを)縛(しば)って一つにする、一つに纏(まと)める、同「捒」◆縛って一つにしたものの数を表す語◆縛る、縛ってばらばらにならないようにする、自由を制限; 間:◆両側からぴったりと閉じられずに開いているところ、(空間・時間・物事・関係などが)連続せずに途切れているところ、開いたり途切れたりして何もないところ、隙(すき)
kk_束縛_そくばく,束縛,そくばく,束:◆(長いものを)縛(しば)って一つにする、一つに纏(まと)める、同「捒」◆縛って一つにしたものの数を表す語◆縛る、縛ってばらばらにならないようにする、自由を制限; 縛:◆ずれたり外(はず)れたり緩(ゆる)んだりしないようにぴったりと巻き付ける、またその紐や縄など◆しっかり巻き付けて動かないようにする、拘束する、「束縛(ソクバク,N1,on,on+on,B_noun_rad_木(kun 93%),束:◆(長いものを)縛(しば)って一つにする、一つに纏(まと)める、同「捒」◆縛って一つにしたものの数を表す語◆縛る、縛ってばらばらにならないようにする、自由を制限; 縛:◆ずれたり外(はず)れたり緩(ゆる)んだりしないようにぴったりと巻き付ける、またその紐や縄など◆しっかり巻き付けて動かないようにする、拘束する、「束縛(ソクバク
kk_来場_らいじょう,来場,らいじょう,来:◆(人や時間や物事が)向こうからこちらに近づく、「到来(トウライ)」、同「倈」「徠」「逨」「𧼛」◆招き寄せる、「こちらに来させる」の意◆ある時点から今まで、今に; 場:◆(日当たりのよい、収穫した穀物の乾燥・脱穀などをする、また多くの人やものが集まる)広く平らなところ、「広場」、同「塲」◆一段と高くし上を平らに作ったところ、台,N1,on,on+on,B_noun_rad_木(kun 93%),来:◆(人や時間や物事が)向こうからこちらに近づく、「到来(トウライ)」、同「倈」「徠」「逨」「𧼛」◆招き寄せる、「こちらに来させる」の意◆ある時点から今まで、今に; 場:◆(日当たりのよい、収穫した穀物の乾燥・脱穀などをする、また多くの人やものが集まる)広く平らなところ、「広場」、同「塲」◆一段と高くし上を平らに作ったところ、台
kk_来訪_らいほう,来訪,らいほう,来:◆(人や時間や物事が)向こうからこちらに近づく、「到来(トウライ)」、同「倈」「徠」「逨」「𧼛」◆招き寄せる、「こちらに来させる」の意◆ある時点から今まで、今に; 訪:◆あちこちに出向いて問う、尋(たず)ねる◆(尋ねるために)出向く◆[日]やって来る,N1,on,on+on,B_noun_rad_木(kun 93%) | B_verb_rad_言(kun 80%),来:◆(人や時間や物事が)向こうからこちらに近づく、「到来(トウライ)」、同「倈」「徠」「逨」「𧼛」◆招き寄せる、「こちらに来させる」の意◆ある時点から今まで、今に; 訪:◆あちこちに出向いて問う、尋(たず)ねる◆(尋ねるために)出向く◆[日]やって来る
kk_杯_さかずき,杯,さかずき,杯:◆酒・茶・スープsoupなどの液状の飲み物を飲むための器の総称、一般に手に持てる程度の大きさのものでやや浅めの器 ◆液体の入った容器の数また容器に液体を満たした,N1,kun,kun,IL2_single_default(kun 84%) | B_noun_rad_木(kun 93%),杯:◆酒・茶・スープsoupなどの液状の飲み物を飲むための器の総称、一般に手に持てる程度の大きさのものでやや浅めの器 ◆液体の入った容器の数また容器に液体を満たした
kk_板挟み_いたばさみ,板挟み,いたばさみ,板:◆薄く平らな木、薄く平らなもの◆印刷する文字や絵などを彫(ほ)り込んだ板、同「版」◆(古くは板に書かれたことから)詔書(ショウショ)、文書、「【後漢書:卷八十四; 挟:◆ものを腋(わき)の下に入れ腕を降ろし脇腹との間で押さえる、両側から(落ちないように)押さえ支える、同「夾」◆両側から押え付けて動かないようにする◆両側から押え,N1,other,mixed+mixed~,IL1_okurigana(kun 96%) | A1_compound_oku(kun 90%) | A1_on_kun_mix(on+kun 65%),板:◆薄く平らな木、薄く平らなもの◆印刷する文字や絵などを彫(ほ)り込んだ板、同「版」◆(古くは板に書かれたことから)詔書(ショウショ)、文書、「【後漢書:卷八十四; 挟:◆ものを腋(わき)の下に入れ腕を降ろし脇腹との間で押さえる、両側から(落ちないように)押さえ支える、同「夾」◆両側から押え付けて動かないようにする◆両側から押え
kk_果て_はて,果て,はて,果:◆木の実、同「菓」◆は・たす、最後まで成し遂げる◆(芽を出し生長し花を咲かせ最終的には実が成ることから)物事の結末、最後まで成し遂げることによって得るもの、「結,N1,kun,kun,IL1_okurigana(kun 96%) | IL2_single_okuri(kun 96%) | B_noun_rad_木(kun 93%),果:◆木の実、同「菓」◆は・たす、最後まで成し遂げる◆(芽を出し生長し花を咲かせ最終的には実が成ることから)物事の結末、最後まで成し遂げることによって得るもの、「結
kk_果てる_はてる,果てる,はてる,果:◆木の実、同「菓」◆は・たす、最後まで成し遂げる◆(芽を出し生長し花を咲かせ最終的には実が成ることから)物事の結末、最後まで成し遂げることによって得るもの、「結,N1,kun,kun,IL1_okurigana(kun 96%) | IL2_single_okuri(kun 96%) | B_noun_rad_木(kun 93%),果:◆木の実、同「菓」◆は・たす、最後まで成し遂げる◆(芽を出し生長し花を咲かせ最終的には実が成ることから)物事の結末、最後まで成し遂げることによって得るもの、「結
kk_果敢_かかん,果敢,かかん,果:◆木の実、同「菓」◆は・たす、最後まで成し遂げる◆(芽を出し生長し花を咲かせ最終的には実が成ることから)物事の結末、最後まで成し遂げることによって得るもの、「結; 敢:◆(不安・周りからの反対・相手への気兼ねなどの)押し止(とど)めようとするものを撥(は)ね除(の)けて思うところをする、思い切って～する,N1,on,on+on,A3_short_compound(on+on 71%) | B_noun_rad_木(kun 93%),果:◆木の実、同「菓」◆は・たす、最後まで成し遂げる◆(芽を出し生長し花を咲かせ最終的には実が成ることから)物事の結末、最後まで成し遂げることによって得るもの、「結; 敢:◆(不安・周りからの反対・相手への気兼ねなどの)押し止(とど)めようとするものを撥(は)ね除(の)けて思うところをする、思い切って～する
kk_枠_わく,枠,わく,枠:◆[日]ものの周りを囲(かこ)うもの、ものの形を決める(固定する)ための囲い、フレーム(frame)、「窓枠(まどわく)」「型枠(かたわく)」◆[日]範囲、輪郭,N1,kun,kun,IL2_kun_only(kun 99%) | B_noun_rad_木(kun 93%),枠:◆[日]ものの周りを囲(かこ)うもの、ものの形を決める(固定する)ための囲い、フレーム(frame)、「窓枠(まどわく)」「型枠(かたわく)」◆[日]範囲、輪郭
kk_柄_え,柄,え,柄:◆茎や枝から伸びて花や葉を支えている枝状の部分、「花柄(カヘイ)」「葉柄(ヨウヘイ)」という◆器物に取り付けて手で握るための棒 ◆手に握る、握って自由に操る、ま,N1,kun,kun,IL2_single_default(kun 84%) | B_noun_rad_木(kun 93%),柄:◆茎や枝から伸びて花や葉を支えている枝状の部分、「花柄(カヘイ)」「葉柄(ヨウヘイ)」という◆器物に取り付けて手で握るための棒 ◆手に握る、握って自由に操る、ま
kk_染みる_しみる,染みる,しみる,染:◆液体が小さな隙間に滲(し)み込む、布などを液体に浸(ひた)して着色する、色を滲み込ませる◆色や匂いなどが付着する、またそれによってそれまでとは別のものになる、,N1,kun,kun,IL1_okurigana(kun 96%) | IL2_single_okuri(kun 96%) | B_noun_rad_木(kun 93%),染:◆液体が小さな隙間に滲(し)み込む、布などを液体に浸(ひた)して着色する、色を滲み込ませる◆色や匂いなどが付着する、またそれによってそれまでとは別のものになる、
kk_柔軟_じゅうなん,柔軟,じゅうなん,柔:◆曲げても折れないさま、しなやかなさま◆穏やかなさま、温和なさま; 軟:◆柔らかい、柔らかく変形・伸縮し易い◆しなやかな、弱々しい◆穏やかな、緩(ゆる)やかな,N1,on,on+on,B_noun_rad_木(kun 93%),柔:◆曲げても折れないさま、しなやかなさま◆穏やかなさま、温和なさま; 軟:◆柔らかい、柔らかく変形・伸縮し易い◆しなやかな、弱々しい◆穏やかな、緩(ゆる)やかな
kk_査定_さてい,査定,さてい,査:◆柵・欄干・堰(せき)などの木を組んで他との間を遮(さえぎ)るもの、同「柤」◆木を組んで作った筏、同「槎」◆調べる、「調査(チョウサ)」◆「山査(サンサ)」、サ; 定:◆さだ・まる、動きや乱れが鎮(しず)まって変化・変動しない状態になる、平静になる、落ち着く、「鎮定(チンテイ)」◆さだ・める、動いたり揺らいだりしない状態にする,N1,on,on+on,A3_short_compound(on+on 71%) | B_noun_rad_木(kun 93%) | B_noun_rad_宀(kun 93%),査:◆柵・欄干・堰(せき)などの木を組んで他との間を遮(さえぎ)るもの、同「柤」◆木を組んで作った筏、同「槎」◆調べる、「調査(チョウサ)」◆「山査(サンサ)」、サ; 定:◆さだ・まる、動きや乱れが鎮(しず)まって変化・変動しない状態になる、平静になる、落ち着く、「鎮定(チンテイ)」◆さだ・める、動いたり揺らいだりしない状態にする
kk_査証_さしょう,査証,さしょう,査:◆柵・欄干・堰(せき)などの木を組んで他との間を遮(さえぎ)るもの、同「柤」◆木を組んで作った筏、同「槎」◆調べる、「調査(チョウサ)」◆「山査(サンサ)」、サ; 証:◆諌(いさ)める、過(あやま)ちを咎(とが)め正すよう意見する◆病気の徴候や状態、症状、同「症」◆正当であること(事実であること)を根拠を示して明らかにする、ま,N1,on,on+on,A3_short_compound(on+on 71%) | B_noun_rad_木(kun 93%) | B_verb_rad_言(kun 80%),査:◆柵・欄干・堰(せき)などの木を組んで他との間を遮(さえぎ)るもの、同「柤」◆木を組んで作った筏、同「槎」◆調べる、「調査(チョウサ)」◆「山査(サンサ)」、サ; 証:◆諌(いさ)める、過(あやま)ちを咎(とが)め正すよう意見する◆病気の徴候や状態、症状、同「症」◆正当であること(事実であること)を根拠を示して明らかにする、ま
kk_栄える_さかえる,栄える,さかえる,栄:◆草木が盛んに茂る、花が華やかに咲き盛る◆繁盛する◆華やかなさま、目立つさま◆軒先(のきさき)の両端の反り上がった部分、「【說文解字:木部:榮】屋梠之兩頭起者為,N1,kun,kun,IL1_okurigana(kun 96%) | IL2_single_okuri(kun 96%) | B_noun_rad_木(kun 93%),栄:◆草木が盛んに茂る、花が華やかに咲き盛る◆繁盛する◆華やかなさま、目立つさま◆軒先(のきさき)の両端の反り上がった部分、「【說文解字:木部:榮】屋梠之兩頭起者為
kk_核家族_かくかぞく,核家族,かくかぞく,核:◆内果皮(ナイカヒ)、モモ(桃)やウメ(梅)などの果実の内部の種(たね)を包んでいる堅い殻、或いは種、同「覈」「𣝗」◆物事の心(しん、中心、核心、本質、真実)、; 家:◆屋根(「宀」)があり四周が戸や壁で遮(さえぎ)られている建物、豕(いのこ、ブタ)などの大切な家畜を飼(か)う建物◆同じ屋根の下で親子や一族が共に生活する、人が; 族:◆同じ祖先(同じ姓、同じ起源)を持つ者の集まり、「種族(シュゾク)」「家族(カゾク)」◆共通のもの(思考や思想、言語、性格や性質など)を持つものの集まり、同「類,N1,on,on+on+on,A4_multi_on(on+on+on 65%) | B_noun_rad_木(kun 93%) | B_noun_rad_宀(kun 93%),核:◆内果皮(ナイカヒ)、モモ(桃)やウメ(梅)などの果実の内部の種(たね)を包んでいる堅い殻、或いは種、同「覈」「𣝗」◆物事の心(しん、中心、核心、本質、真実)、; 家:◆屋根(「宀」)があり四周が戸や壁で遮(さえぎ)られている建物、豕(いのこ、ブタ)などの大切な家畜を飼(か)う建物◆同じ屋根の下で親子や一族が共に生活する、人が; 族:◆同じ祖先(同じ姓、同じ起源)を持つ者の集まり、「種族(シュゾク)」「家族(カゾク)」◆共通のもの(思考や思想、言語、性格や性質など)を持つものの集まり、同「類
kk_根回し_ねまわし,根回し,ねまわし,根:◆植物の主に土中や水中にあって茎(くき)や幹(みき)を通じて枝葉(シヨウ、えだは)に水分・養分を送る役割を担(にな)う部分◆物事を支える基本・基礎となる部分、元; 回:◆円を描(えが)くように動く、一周して(一巡して)元に戻る、同「廻」「迴」、「回復(カイフク)」「回帰(カイキ)」◆元に戻す、元に返す、「回答(カイトウ)」◆(,N1,kun,kun+kun,IL1_okurigana(kun 96%) | A1_compound_oku(kun 90%) | A1_on_kun_mix(on+kun 65%),根:◆植物の主に土中や水中にあって茎(くき)や幹(みき)を通じて枝葉(シヨウ、えだは)に水分・養分を送る役割を担(にな)う部分◆物事を支える基本・基礎となる部分、元; 回:◆円を描(えが)くように動く、一周して(一巡して)元に戻る、同「廻」「迴」、「回復(カイフク)」「回帰(カイキ)」◆元に戻す、元に返す、「回答(カイトウ)」◆(
kk_根底_こんてい,根底,こんてい,根:◆植物の主に土中や水中にあって茎(くき)や幹(みき)を通じて枝葉(シヨウ、えだは)に水分・養分を送る役割を担(にな)う部分◆物事を支える基本・基礎となる部分、元; 底:◆ものの一番下の突き当たりの部分、「井底(セイテイ、井戸の底)」◆突き当たる、行き止まる、行き着く、「月底(ゲツテイ、月末)」◆ものの下にあって上のものを支えて,N1,on,on+on,B_noun_rad_木(kun 93%) | B_noun_rad_广(kun 93%),根:◆植物の主に土中や水中にあって茎(くき)や幹(みき)を通じて枝葉(シヨウ、えだは)に水分・養分を送る役割を担(にな)う部分◆物事を支える基本・基礎となる部分、元; 底:◆ものの一番下の突き当たりの部分、「井底(セイテイ、井戸の底)」◆突き当たる、行き止まる、行き着く、「月底(ゲツテイ、月末)」◆ものの下にあって上のものを支えて
kk_根性_こんじょう,根性,こんじょう,根:◆植物の主に土中や水中にあって茎(くき)や幹(みき)を通じて枝葉(シヨウ、えだは)に水分・養分を送る役割を担(にな)う部分◆物事を支える基本・基礎となる部分、元; 性:◆生まれながらに持っている能力・性格・習癖・運命などの無形のもの◆男女・雄雌の別、男女間また雄雌間の本能的な関係◆物事が具えている資質や能力,N1,other,mixed+mixed~,B_noun_rad_木(kun 93%),根:◆植物の主に土中や水中にあって茎(くき)や幹(みき)を通じて枝葉(シヨウ、えだは)に水分・養分を送る役割を担(にな)う部分◆物事を支える基本・基礎となる部分、元; 性:◆生まれながらに持っている能力・性格・習癖・運命などの無形のもの◆男女・雄雌の別、男女間また雄雌間の本能的な関係◆物事が具えている資質や能力
kk_根拠_こんきょ,根拠,こんきょ,根:◆植物の主に土中や水中にあって茎(くき)や幹(みき)を通じて枝葉(シヨウ、えだは)に水分・養分を送る役割を担(にな)う部分◆物事を支える基本・基礎となる部分、元; 拠:◆依(よ)る、「依據、依拠(イキョ、よりどころとすること)」「憑據、憑拠(ヒョウコ、証拠ショウコ、正当であることを証明するための根拠)」、同簡「据」◆「根據、根,N1,on,on+on,A3_short_compound(on+on 71%) | B_noun_rad_木(kun 93%) | B_verb_rad_手(kun 80%),根:◆植物の主に土中や水中にあって茎(くき)や幹(みき)を通じて枝葉(シヨウ、えだは)に水分・養分を送る役割を担(にな)う部分◆物事を支える基本・基礎となる部分、元; 拠:◆依(よ)る、「依據、依拠(イキョ、よりどころとすること)」「憑據、憑拠(ヒョウコ、証拠ショウコ、正当であることを証明するための根拠)」、同簡「据」◆「根據、根
kk_根本_こんぽん,根本,こんぽん,根:◆植物の主に土中や水中にあって茎(くき)や幹(みき)を通じて枝葉(シヨウ、えだは)に水分・養分を送る役割を担(にな)う部分◆物事を支える基本・基礎となる部分、元; 本:◆木の根(ね)◆植物や物事の生まれ始まりの部分、ものの根源また起源、「本来(ホンライ、元々、初めから)」◆ものを支えているもの、基(もと)となるもの、拠(よ)り,N1,other,mixed+mixed~,B_noun_rad_木(kun 93%) | B_noun_rad_木(kun 93%),根:◆植物の主に土中や水中にあって茎(くき)や幹(みき)を通じて枝葉(シヨウ、えだは)に水分・養分を送る役割を担(にな)う部分◆物事を支える基本・基礎となる部分、元; 本:◆木の根(ね)◆植物や物事の生まれ始まりの部分、ものの根源また起源、「本来(ホンライ、元々、初めから)」◆ものを支えているもの、基(もと)となるもの、拠(よ)り
kk_根本的_こんぽんてき,根本的,こんぽんてき,根:◆植物の主に土中や水中にあって茎(くき)や幹(みき)を通じて枝葉(シヨウ、えだは)に水分・養分を送る役割を担(にな)う部分◆物事を支える基本・基礎となる部分、元; 本:◆木の根(ね)◆植物や物事の生まれ始まりの部分、ものの根源また起源、「本来(ホンライ、元々、初めから)」◆ものを支えているもの、基(もと)となるもの、拠(よ)り; 的:◆弓で矢を射(い)る時の目標とするもの、同「㢩」「墑」◆額(ひたい)の部分だけが白い馬、またその額の白い部分、女性が額に施(ほどこ)す(赤い点状の)装飾◆(弓の,N1,other,mixed+mixed+mixed~,A4_multi_on(on+on+on 65%) | B_noun_rad_木(kun 93%) | B_noun_rad_木(kun 93%),根:◆植物の主に土中や水中にあって茎(くき)や幹(みき)を通じて枝葉(シヨウ、えだは)に水分・養分を送る役割を担(にな)う部分◆物事を支える基本・基礎となる部分、元; 本:◆木の根(ね)◆植物や物事の生まれ始まりの部分、ものの根源また起源、「本来(ホンライ、元々、初めから)」◆ものを支えているもの、基(もと)となるもの、拠(よ)り; 的:◆弓で矢を射(い)る時の目標とするもの、同「㢩」「墑」◆額(ひたい)の部分だけが白い馬、またその額の白い部分、女性が額に施(ほどこ)す(赤い点状の)装飾◆(弓の
kk_根源_こんげん,根源,こんげん,根:◆植物の主に土中や水中にあって茎(くき)や幹(みき)を通じて枝葉(シヨウ、えだは)に水分・養分を送る役割を担(にな)う部分◆物事を支える基本・基礎となる部分、元; 源:◆地下水が地表に湧(わ)き出るところ、同「厵」「原」◆物事の始まり、物事の大本(おおもと)、物事の根本(コンポン)、物事の基本、同「原」,N1,on,on+on,B_noun_rad_木(kun 93%),根:◆植物の主に土中や水中にあって茎(くき)や幹(みき)を通じて枝葉(シヨウ、えだは)に水分・養分を送る役割を担(にな)う部分◆物事を支える基本・基礎となる部分、元; 源:◆地下水が地表に湧(わ)き出るところ、同「厵」「原」◆物事の始まり、物事の大本(おおもと)、物事の根本(コンポン)、物事の基本、同「原」
kk_格上げ_かくあげ,格上げ,かくあげ,格:◆長く伸びた木の枝、その枝が交差するさま◆四角い枠(わく)、四角く枠をはめる◆ものの外枠、規則や基準◆限界(外枠)まで至る、行き着く、窮(きわ)まる、同「𢓜」◆; 上:◆位置・場所・地位などが高い、高い方にある◆高い方に移る、昇る、登る◆順序・時間などが前、前の方にある◆前の方に移る◆等級・品質などが高い、優れている◆殿様、皇,N1,mixed,on+kun,IL1_okurigana(kun 96%) | A1_compound_oku(kun 90%) | A1_on_kun_mix(on+kun 65%),格:◆長く伸びた木の枝、その枝が交差するさま◆四角い枠(わく)、四角く枠をはめる◆ものの外枠、規則や基準◆限界(外枠)まで至る、行き着く、窮(きわ)まる、同「𢓜」◆; 上:◆位置・場所・地位などが高い、高い方にある◆高い方に移る、昇る、登る◆順序・時間などが前、前の方にある◆前の方に移る◆等級・品質などが高い、優れている◆殿様、皇
kk_格別_かくべつ,格別,かくべつ,格:◆長く伸びた木の枝、その枝が交差するさま◆四角い枠(わく)、四角く枠をはめる◆ものの外枠、規則や基準◆限界(外枠)まで至る、行き着く、窮(きわ)まる、同「𢓜」◆; 別:◆切って分(わ)ける、分離する、分けて離す、分けたものが繋(つな)がっていない状態にする◆分かれる、分かれ離れる◆他と繋がりがない、他とは違う、異なる◆他(ほか,N1,on,on+on,B_noun_rad_木(kun 93%) | B_verb_rad_刀(kun 80%),格:◆長く伸びた木の枝、その枝が交差するさま◆四角い枠(わく)、四角く枠をはめる◆ものの外枠、規則や基準◆限界(外枠)まで至る、行き着く、窮(きわ)まる、同「𢓜」◆; 別:◆切って分(わ)ける、分離する、分けて離す、分けたものが繋(つな)がっていない状態にする◆分かれる、分かれ離れる◆他と繋がりがない、他とは違う、異なる◆他(ほか
kk_格段_かくだん,格段,かくだん,格:◆長く伸びた木の枝、その枝が交差するさま◆四角い枠(わく)、四角く枠をはめる◆ものの外枠、規則や基準◆限界(外枠)まで至る、行き着く、窮(きわ)まる、同「𢓜」◆; 段:◆上へ上へと積み重なって層をなしたものの、その一つ一つ◆物事などの区切り、文章などの区切り◆階位、等級,N1,on,on+on,B_noun_rad_木(kun 93%),格:◆長く伸びた木の枝、その枝が交差するさま◆四角い枠(わく)、四角く枠をはめる◆ものの外枠、規則や基準◆限界(外枠)まで至る、行き着く、窮(きわ)まる、同「𢓜」◆; 段:◆上へ上へと積み重なって層をなしたものの、その一つ一つ◆物事などの区切り、文章などの区切り◆階位、等級
kk_桁_けた,桁,けた,桁:◆建物正面に向かって左右方向に渡した横木、同「檁」、一般に建物は柱を立て、その上に梁(リョウ、はり)を渡し、その上に直角方向に桁(コウ、けた)を渡す構造になる、,N1,kun,kun,IL2_single_default(kun 84%) | B_noun_rad_木(kun 93%),桁:◆建物正面に向かって左右方向に渡した横木、同「檁」、一般に建物は柱を立て、その上に梁(リョウ、はり)を渡し、その上に直角方向に桁(コウ、けた)を渡す構造になる、
kk_案じる_あんじる,案じる,あんじる,案:◆机、テーブルtable、方形で比較的小さなものや低いものを指す、料理を載(の)せる脚付きの台や座った時に肘(ひじ)などを載せて体を凭(もた)れ掛ける脇息(キョ,N1,on,on,IL1_okurigana(kun 96%) | IL2_single_okuri(kun 96%) | B_noun_rad_木(kun 93%),案:◆机、テーブルtable、方形で比較的小さなものや低いものを指す、料理を載(の)せる脚付きの台や座った時に肘(ひじ)などを載せて体を凭(もた)れ掛ける脇息(キョ
kk_案の定_あんのじょう,案の定,あんのじょう,案:◆机、テーブルtable、方形で比較的小さなものや低いものを指す、料理を載(の)せる脚付きの台や座った時に肘(ひじ)などを載せて体を凭(もた)れ掛ける脇息(キョ; 定:◆さだ・まる、動きや乱れが鎮(しず)まって変化・変動しない状態になる、平静になる、落ち着く、「鎮定(チンテイ)」◆さだ・める、動いたり揺らいだりしない状態にする,N1,on,on+on,IL1_okurigana(kun 96%) | A1_compound_oku(kun 90%) | A1_on_kun_mix(on+kun 65%),案:◆机、テーブルtable、方形で比較的小さなものや低いものを指す、料理を載(の)せる脚付きの台や座った時に肘(ひじ)などを載せて体を凭(もた)れ掛ける脇息(キョ; 定:◆さだ・まる、動きや乱れが鎮(しず)まって変化・変動しない状態になる、平静になる、落ち着く、「鎮定(チンテイ)」◆さだ・める、動いたり揺らいだりしない状態にする
kk_桟橋_さんばし,桟橋,さんばし,"桟:◆木や板を横に並べて架け渡した道、また橋、同「閣」、「桟道(サンドウ)」「桟橋(さんばし)」◆板を並べて作ったもの、板張りの床や簀子(すのこ)◆倉庫、宿屋、いず; 橋:◆川や谷などの深く""ＵＶ""字状になっている上を横切るように板・棒・綱などを架け人が渡れるようにしたもの◆高いところに横に掛け渡した棒、またそのような形のもの◆高",N1,other,mixed+mixed~,B_noun_rad_木(kun 93%) | B_noun_rad_木(kun 93%),"桟:◆木や板を横に並べて架け渡した道、また橋、同「閣」、「桟道(サンドウ)」「桟橋(さんばし)」◆板を並べて作ったもの、板張りの床や簀子(すのこ)◆倉庫、宿屋、いず; 橋:◆川や谷などの深く""ＵＶ""字状になっている上を横切るように板・棒・綱などを架け人が渡れるようにしたもの◆高いところに横に掛け渡した棒、またそのような形のもの◆高"
kk_梅干_うめぼし,梅干,うめぼし,梅:◆ウメ(梅)、バラ科サクラ属の木、またその実; 干:◆他の領域に入り込む、侵(おか)す、犯(おか)す◆求める、欲しいものを得ようとする◆相手の攻撃を防ぐ、くい止める、盾(たて)となる、盾◆「欄干(ランカン)」、長,N1,other,mixed+mixed~,B_noun_rad_木(kun 93%),梅:◆ウメ(梅)、バラ科サクラ属の木、またその実; 干:◆他の領域に入り込む、侵(おか)す、犯(おか)す◆求める、欲しいものを得ようとする◆相手の攻撃を防ぐ、くい止める、盾(たて)となる、盾◆「欄干(ランカン)」、長
kk_梱包_こんぽう,梱包,こんぽう,梱:◆門や入り口の扉がそれ以上外に開かないようにするための杭(くい)、また門や入り口の地上部に渡した敷居(しきい)、同「困」「閫」◆束ねる、(紐や縄で)縛る、同「裍; 包:◆布や紙などの薄い膜状のもので全体を覆(おお)う、中のものを保護するように全体を覆う、含(ふく)める、同「裹」◆周りを覆う、周りを囲う,N1,other,mixed+mixed~,B_noun_rad_木(kun 93%),梱:◆門や入り口の扉がそれ以上外に開かないようにするための杭(くい)、また門や入り口の地上部に渡した敷居(しきい)、同「困」「閫」◆束ねる、(紐や縄で)縛る、同「裍; 包:◆布や紙などの薄い膜状のもので全体を覆(おお)う、中のものを保護するように全体を覆う、含(ふく)める、同「裹」◆周りを覆う、周りを囲う
kk_棄権_きけん,棄権,きけん,棄:◆捨(す)てる、投げ捨てる、放(ほう)り出す◆忘れ去る; 権:◆秤(はかり)、また秤に使う分銅(フンドウ、重さの基準となる金属の塊)◆重さを量(はか)る、状況を量りそれに応じて釣り合いを取る◆釣り合いを左右することができる,N1,on,on+on,A3_short_compound(on+on 71%) | B_noun_rad_木(kun 93%) | B_noun_rad_木(kun 93%),棄:◆捨(す)てる、投げ捨てる、放(ほう)り出す◆忘れ去る; 権:◆秤(はかり)、また秤に使う分銅(フンドウ、重さの基準となる金属の塊)◆重さを量(はか)る、状況を量りそれに応じて釣り合いを取る◆釣り合いを左右することができる
kk_棘/刺_とげ,棘/刺,とげ,棘:◆サネブトナツメ(核太棗、酸棗)、クロウメモドキ科ナツメ属の木、枝には棘(とげ)がある ◆刺(とげ)、先端が細く尖(とが)った形のもの◆いばら、刺のある木、同「; 刺:◆さ・す、針などの細く先端が尖(とが)ったものでまっすぐに突く、また突き入れる、同「㓨」◆(痛いところを)ちくりと突く、「諷刺(フウシ)」「譏刺(キシ)」◆棘(,N1,kun,kun+kun~,A3_short_compound(on+on 71%) | B_noun_rad_木(kun 93%) | B_verb_rad_刀(kun 80%),棘:◆サネブトナツメ(核太棗、酸棗)、クロウメモドキ科ナツメ属の木、枝には棘(とげ)がある ◆刺(とげ)、先端が細く尖(とが)った形のもの◆いばら、刺のある木、同「; 刺:◆さ・す、針などの細く先端が尖(とが)ったものでまっすぐに突く、また突き入れる、同「㓨」◆(痛いところを)ちくりと突く、「諷刺(フウシ)」「譏刺(キシ)」◆棘(
kk_棚上げ_たなあげ,棚上げ,たなあげ,棚:◆竹や木を組んで上を覆った建物◆粗末な小屋、掘建て(ほったて)小屋◆棒や板を横に並べて架け渡した橋や道、同「桟」「閣」◆[日]物を載せるために横に渡した板、また; 上:◆位置・場所・地位などが高い、高い方にある◆高い方に移る、昇る、登る◆順序・時間などが前、前の方にある◆前の方に移る◆等級・品質などが高い、優れている◆殿様、皇,N1,kun,kun+kun,IL1_okurigana(kun 96%) | A1_compound_oku(kun 90%) | A1_on_kun_mix(on+kun 65%),棚:◆竹や木を組んで上を覆った建物◆粗末な小屋、掘建て(ほったて)小屋◆棒や板を横に並べて架け渡した橋や道、同「桟」「閣」◆[日]物を載せるために横に渡した板、また; 上:◆位置・場所・地位などが高い、高い方にある◆高い方に移る、昇る、登る◆順序・時間などが前、前の方にある◆前の方に移る◆等級・品質などが高い、優れている◆殿様、皇
kk_棚卸し_たなおろし,棚卸し,たなおろし,棚:◆竹や木を組んで上を覆った建物◆粗末な小屋、掘建て(ほったて)小屋◆棒や板を横に並べて架け渡した橋や道、同「桟」「閣」◆[日]物を載せるために横に渡した板、また; 卸:◆馬から馬具などを解(と)いて下(お)ろす、鎧(よろい)などを脱いで下ろす◆身に纏(まと)っているものを脱ぎ下ろす、「卸肩(シャケン、肩に負っている荷を下ろす),N1,kun,kun+kun,IL1_okurigana(kun 96%) | A1_compound_oku(kun 90%) | A1_on_kun_mix(on+kun 65%),棚:◆竹や木を組んで上を覆った建物◆粗末な小屋、掘建て(ほったて)小屋◆棒や板を横に並べて架け渡した橋や道、同「桟」「閣」◆[日]物を載せるために横に渡した板、また; 卸:◆馬から馬具などを解(と)いて下(お)ろす、鎧(よろい)などを脱いで下ろす◆身に纏(まと)っているものを脱ぎ下ろす、「卸肩(シャケン、肩に負っている荷を下ろす)
kk_検事_けんじ,検事,けんじ,検:◆木簡・竹簡・文書箱などに貼る表題(ヒョウダイ)を記した札(ふだ、ラベルlabel)、題簽(ダイセン)◆木簡・竹簡・文書箱などを紐(ひも)で縛(しば)り、その結; 事:◆こと、動作・現象・状態など形のないものを指す語、形のあるものは「物」、「事情(ジジョウ、ことの様子)」「無事(ブジ、何事もないさま)」◆職(ショク)、仕事や役,N1,on,on+on,A3_short_compound(on+on 71%) | B_noun_rad_木(kun 93%),検:◆木簡・竹簡・文書箱などに貼る表題(ヒョウダイ)を記した札(ふだ、ラベルlabel)、題簽(ダイセン)◆木簡・竹簡・文書箱などを紐(ひも)で縛(しば)り、その結; 事:◆こと、動作・現象・状態など形のないものを指す語、形のあるものは「物」、「事情(ジジョウ、ことの様子)」「無事(ブジ、何事もないさま)」◆職(ショク)、仕事や役
kk_検察_けんさつ,検察,けんさつ,検:◆木簡・竹簡・文書箱などに貼る表題(ヒョウダイ)を記した札(ふだ、ラベルlabel)、題簽(ダイセン)◆木簡・竹簡・文書箱などを紐(ひも)で縛(しば)り、その結; 察:◆余すところなくその本質を知るために詳しく見て調べる、詳しく見調べてその本質を余すところなく明らかにする、また余すところなく知る、形勢・状態などを見極める、同「,N1,on,on+on,B_noun_rad_木(kun 93%) | B_noun_rad_宀(kun 93%),検:◆木簡・竹簡・文書箱などに貼る表題(ヒョウダイ)を記した札(ふだ、ラベルlabel)、題簽(ダイセン)◆木簡・竹簡・文書箱などを紐(ひも)で縛(しば)り、その結; 察:◆余すところなくその本質を知るために詳しく見て調べる、詳しく見調べてその本質を余すところなく明らかにする、また余すところなく知る、形勢・状態などを見極める、同「
kk_検証_けんしょう,検証,けんしょう,検:◆木簡・竹簡・文書箱などに貼る表題(ヒョウダイ)を記した札(ふだ、ラベルlabel)、題簽(ダイセン)◆木簡・竹簡・文書箱などを紐(ひも)で縛(しば)り、その結; 証:◆諌(いさ)める、過(あやま)ちを咎(とが)め正すよう意見する◆病気の徴候や状態、症状、同「症」◆正当であること(事実であること)を根拠を示して明らかにする、ま,N1,on,on+on,B_noun_rad_木(kun 93%) | B_verb_rad_言(kun 80%),検:◆木簡・竹簡・文書箱などに貼る表題(ヒョウダイ)を記した札(ふだ、ラベルlabel)、題簽(ダイセン)◆木簡・竹簡・文書箱などを紐(ひも)で縛(しば)り、その結; 証:◆諌(いさ)める、過(あやま)ちを咎(とが)め正すよう意見する◆病気の徴候や状態、症状、同「症」◆正当であること(事実であること)を根拠を示して明らかにする、ま
kk_検閲_けんえつ,検閲,けんえつ,検:◆木簡・竹簡・文書箱などに貼る表題(ヒョウダイ)を記した札(ふだ、ラベルlabel)、題簽(ダイセン)◆木簡・竹簡・文書箱などを紐(ひも)で縛(しば)り、その結; 閲:◆一つ一つ数える、一つ一つ確認する◆詳しく調べる、点検する◆一つ一つ確かめながら見る、また読む◆一日一日と日を重ねる◆容(い)れる、受け入れる◆功績や手柄を記し,N1,on,on+on,B_noun_rad_木(kun 93%),検:◆木簡・竹簡・文書箱などに貼る表題(ヒョウダイ)を記した札(ふだ、ラベルlabel)、題簽(ダイセン)◆木簡・竹簡・文書箱などを紐(ひも)で縛(しば)り、その結; 閲:◆一つ一つ数える、一つ一つ確認する◆詳しく調べる、点検する◆一つ一つ確かめながら見る、また読む◆一日一日と日を重ねる◆容(い)れる、受け入れる◆功績や手柄を記し
kk_業界_ぎょうかい,業界,ぎょうかい,業:◆鍾(ショウ)や磬(ケイ)などの打楽器を吊るすための横木(筍)の上の横板、吊るした楽器の位置が演奏中にずれないように凹みや突起がついていたという、「业」はそれを; 界:◆境(さかい)、境目(さかいめ)、区切り、同「堺」「𨺬」◆周(まわ)りが仕切られているところの内側、範囲(ハンイ),N1,on,on+on,B_noun_rad_木(kun 93%),業:◆鍾(ショウ)や磬(ケイ)などの打楽器を吊るすための横木(筍)の上の横板、吊るした楽器の位置が演奏中にずれないように凹みや突起がついていたという、「业」はそれを; 界:◆境(さかい)、境目(さかいめ)、区切り、同「堺」「𨺬」◆周(まわ)りが仕切られているところの内側、範囲(ハンイ)
kk_業績_ぎょうせき,業績,ぎょうせき,業:◆鍾(ショウ)や磬(ケイ)などの打楽器を吊るすための横木(筍)の上の横板、吊るした楽器の位置が演奏中にずれないように凹みや突起がついていたという、「业」はそれを; 績:◆う・む、麻や綿などの短い繊維や生糸を継(つ)ぎながら撚(よ)って糸にする◆(細かいことを一つ一つ継ぎながら)積み重ねてきたことの結果、成果、同「勣」◆優れた働,N1,on,on+on,B_noun_rad_木(kun 93%),業:◆鍾(ショウ)や磬(ケイ)などの打楽器を吊るすための横木(筍)の上の横板、吊るした楽器の位置が演奏中にずれないように凹みや突起がついていたという、「业」はそれを; 績:◆う・む、麻や綿などの短い繊維や生糸を継(つ)ぎながら撚(よ)って糸にする◆(細かいことを一つ一つ継ぎながら)積み重ねてきたことの結果、成果、同「勣」◆優れた働
kk_業者_ぎょうしゃ,業者,ぎょうしゃ,業:◆鍾(ショウ)や磬(ケイ)などの打楽器を吊るすための横木(筍)の上の横板、吊るした楽器の位置が演奏中にずれないように凹みや突起がついていたという、「业」はそれを; 者:◆～の人、～する人、「使者(ししゃ、使いをする人、運び届けること)」◆こと(事)、もの(物)、「再者(サイシャ、更に付け加えること、追伸)」「前者(ゼンシャ、前,N1,on,on+on,A3_short_compound(on+on 71%) | B_noun_rad_木(kun 93%),業:◆鍾(ショウ)や磬(ケイ)などの打楽器を吊るすための横木(筍)の上の横板、吊るした楽器の位置が演奏中にずれないように凹みや突起がついていたという、「业」はそれを; 者:◆～の人、～する人、「使者(ししゃ、使いをする人、運び届けること)」◆こと(事)、もの(物)、「再者(サイシャ、更に付け加えること、追伸)」「前者(ゼンシャ、前
kk_極めて_きわめて,極めて,きわめて,極:◆屋根の棟(むね)、最も高いところ、またそこに渡した木、棟木(むなぎ)◆頂点、先端◆これ以上はない、それより先はない、またそこに達する◆究(きわ)まる、尽(つ),N1,kun,kun,IL1_okurigana(kun 96%) | IL2_single_okuri(kun 96%) | B_noun_rad_木(kun 93%),極:◆屋根の棟(むね)、最も高いところ、またそこに渡した木、棟木(むなぎ)◆頂点、先端◆これ以上はない、それより先はない、またそこに達する◆究(きわ)まる、尽(つ)
kk_極める_きわめる,極める,きわめる,極:◆屋根の棟(むね)、最も高いところ、またそこに渡した木、棟木(むなぎ)◆頂点、先端◆これ以上はない、それより先はない、またそこに達する◆究(きわ)まる、尽(つ),N1,kun,kun,IL1_okurigana(kun 96%) | IL2_single_okuri(kun 96%) | B_noun_rad_木(kun 93%),極:◆屋根の棟(むね)、最も高いところ、またそこに渡した木、棟木(むなぎ)◆頂点、先端◆これ以上はない、それより先はない、またそこに達する◆究(きわ)まる、尽(つ)
kk_極力_きょくりょく,極力,きょくりょく,極:◆屋根の棟(むね)、最も高いところ、またそこに渡した木、棟木(むなぎ)◆頂点、先端◆これ以上はない、それより先はない、またそこに達する◆究(きわ)まる、尽(つ); 力:◆ものを動かすもの、ものを動かしているもの、ものに働(はたら)くもの、「強力(キョウリョク、強い力)」◆働く、務(つと)める、勤(つと)める、「努力(ドリョク、,N1,on,on+on,B_noun_rad_木(kun 93%) | B_verb_rad_力(kun 80%),極:◆屋根の棟(むね)、最も高いところ、またそこに渡した木、棟木(むなぎ)◆頂点、先端◆これ以上はない、それより先はない、またそこに達する◆究(きわ)まる、尽(つ); 力:◆ものを動かすもの、ものを動かしているもの、ものに働(はたら)くもの、「強力(キョウリョク、強い力)」◆働く、務(つと)める、勤(つと)める、「努力(ドリョク、
kk_極楽_ごくらく,極楽,ごくらく,極:◆屋根の棟(むね)、最も高いところ、またそこに渡した木、棟木(むなぎ)◆頂点、先端◆これ以上はない、それより先はない、またそこに達する◆究(きわ)まる、尽(つ); 楽:◆音を奏(かな)でる、「音楽(オンガク)」◆調和が取れて心地よい、心や体を煩(わずら)わせるものが何もなく安らかで快い、悦(よろこ)ばしい,N1,on,on+on,B_noun_rad_木(kun 93%) | B_noun_rad_木(kun 93%),極:◆屋根の棟(むね)、最も高いところ、またそこに渡した木、棟木(むなぎ)◆頂点、先端◆これ以上はない、それより先はない、またそこに達する◆究(きわ)まる、尽(つ); 楽:◆音を奏(かな)でる、「音楽(オンガク)」◆調和が取れて心地よい、心や体を煩(わずら)わせるものが何もなく安らかで快い、悦(よろこ)ばしい
kk_極端_きょくたん,極端,きょくたん,極:◆屋根の棟(むね)、最も高いところ、またそこに渡した木、棟木(むなぎ)◆頂点、先端◆これ以上はない、それより先はない、またそこに達する◆究(きわ)まる、尽(つ); 端:◆物事の始まり、最初、「端緒(タンショ、タンチョ)」、同「耑」◆始め(始まり)か終わりのどちらか片方、「一端(イッタン)」「両端(リョウタン)」◆まっすぐなさま,N1,on,on+on,B_noun_rad_木(kun 93%),極:◆屋根の棟(むね)、最も高いところ、またそこに渡した木、棟木(むなぎ)◆頂点、先端◆これ以上はない、それより先はない、またそこに達する◆究(きわ)まる、尽(つ); 端:◆物事の始まり、最初、「端緒(タンショ、タンチョ)」、同「耑」◆始め(始まり)か終わりのどちらか片方、「一端(イッタン)」「両端(リョウタン)」◆まっすぐなさま
kk_楽団_がくだん,楽団,がくだん,楽:◆音を奏(かな)でる、「音楽(オンガク)」◆調和が取れて心地よい、心や体を煩(わずら)わせるものが何もなく安らかで快い、悦(よろこ)ばしい; 団:◆集まって一つになる、集まって円状の塊(かたまり)になる、一つに纏(まと)まる◆同じものが寄せ集まる、また寄せ集まって塊となったもの、「集団」「団体」,N1,on,on+on,B_noun_rad_木(kun 93%),楽:◆音を奏(かな)でる、「音楽(オンガク)」◆調和が取れて心地よい、心や体を煩(わずら)わせるものが何もなく安らかで快い、悦(よろこ)ばしい; 団:◆集まって一つになる、集まって円状の塊(かたまり)になる、一つに纏(まと)まる◆同じものが寄せ集まる、また寄せ集まって塊となったもの、「集団」「団体」
kk_概ね_おおむね,概ね,おおむね,概:◆斗掻(とかき)、枡掻(ますかき、升掻)、穀物を入れた枡(ます)から盛り上がった部分を削(けず)り落して平らにする(枡の高さと同じにする)棒、同「𣏙」◆おおむ・,N1,kun,kun,IL1_okurigana(kun 96%) | IL2_single_okuri(kun 96%) | B_noun_rad_木(kun 93%),概:◆斗掻(とかき)、枡掻(ますかき、升掻)、穀物を入れた枡(ます)から盛り上がった部分を削(けず)り落して平らにする(枡の高さと同じにする)棒、同「𣏙」◆おおむ・
kk_概念_がいねん,概念,がいねん,概:◆斗掻(とかき)、枡掻(ますかき、升掻)、穀物を入れた枡(ます)から盛り上がった部分を削(けず)り落して平らにする(枡の高さと同じにする)棒、同「𣏙」◆おおむ・; 念:◆常に心に留めて思い考える、心の中に留まり去らない思いや考え◆口をほとんど閉じた状態で低い声を長く伸ばして読む◆二十、「廿」の大写字(「二」は「貳」、「三」は「,N1,on,on+on,B_noun_rad_木(kun 93%),概:◆斗掻(とかき)、枡掻(ますかき、升掻)、穀物を入れた枡(ます)から盛り上がった部分を削(けず)り落して平らにする(枡の高さと同じにする)棒、同「𣏙」◆おおむ・; 念:◆常に心に留めて思い考える、心の中に留まり去らない思いや考え◆口をほとんど閉じた状態で低い声を長く伸ばして読む◆二十、「廿」の大写字(「二」は「貳」、「三」は「
kk_概要_がいよう,概要,がいよう,概:◆斗掻(とかき)、枡掻(ますかき、升掻)、穀物を入れた枡(ます)から盛り上がった部分を削(けず)り落して平らにする(枡の高さと同じにする)棒、同「𣏙」◆おおむ・; 要:◆(体の要かなめとなる)腰(こし)◆物事の中心となるところ、非常に大切なところ◆求める、強く乞(こ)う、「要求(ヨウキュウ)」「要請(ヨウセイ、請い求める、強く,N1,on,on+on,B_noun_rad_木(kun 93%),概:◆斗掻(とかき)、枡掻(ますかき、升掻)、穀物を入れた枡(ます)から盛り上がった部分を削(けず)り落して平らにする(枡の高さと同じにする)棒、同「𣏙」◆おおむ・; 要:◆(体の要かなめとなる)腰(こし)◆物事の中心となるところ、非常に大切なところ◆求める、強く乞(こ)う、「要求(ヨウキュウ)」「要請(ヨウセイ、請い求める、強く
kk_概説_がいせつ,概説,がいせつ,概:◆斗掻(とかき)、枡掻(ますかき、升掻)、穀物を入れた枡(ます)から盛り上がった部分を削(けず)り落して平らにする(枡の高さと同じにする)棒、同「𣏙」◆おおむ・; 説:◆解き明かす、解釈する、またそれを言葉にしたもの◆あることに対する意見◆意味することが分かるように順序立てて話す,N1,on,on+on,B_noun_rad_木(kun 93%) | B_verb_rad_言(kun 80%),概:◆斗掻(とかき)、枡掻(ますかき、升掻)、穀物を入れた枡(ます)から盛り上がった部分を削(けず)り落して平らにする(枡の高さと同じにする)棒、同「𣏙」◆おおむ・; 説:◆解き明かす、解釈する、またそれを言葉にしたもの◆あることに対する意見◆意味することが分かるように順序立てて話す
kk_構え_かまえ,構え,かまえ,構:◆材木をしっかりと組んで建物を作る、また出来上がった建物◆(建物・作品・組織など)幾つかの素材や要素を組み合わせて作り上げる、また組み立て上がったもの◆組み立て,N1,kun,kun,IL1_okurigana(kun 96%) | IL2_single_okuri(kun 96%) | B_noun_rad_木(kun 93%),構:◆材木をしっかりと組んで建物を作る、また出来上がった建物◆(建物・作品・組織など)幾つかの素材や要素を組み合わせて作り上げる、また組み立て上がったもの◆組み立て
kk_構える_かまえる,構える,かまえる,構:◆材木をしっかりと組んで建物を作る、また出来上がった建物◆(建物・作品・組織など)幾つかの素材や要素を組み合わせて作り上げる、また組み立て上がったもの◆組み立て,N1,kun,kun,IL1_okurigana(kun 96%) | IL2_single_okuri(kun 96%) | B_noun_rad_木(kun 93%),構:◆材木をしっかりと組んで建物を作る、また出来上がった建物◆(建物・作品・組織など)幾つかの素材や要素を組み合わせて作り上げる、また組み立て上がったもの◆組み立て
kk_構内_こうない,構内,こうない,構:◆材木をしっかりと組んで建物を作る、また出来上がった建物◆(建物・作品・組織など)幾つかの素材や要素を組み合わせて作り上げる、また組み立て上がったもの◆組み立て; 内:◆外から中に入る、入れる◆限られた範囲・領域の中、区切りや境目の中、同「中」◆ある一定の範囲に含まれるもの、囲われたり覆われたりしていて外からは見えないもの、公,N1,on,on+on,B_noun_rad_木(kun 93%),構:◆材木をしっかりと組んで建物を作る、また出来上がった建物◆(建物・作品・組織など)幾つかの素材や要素を組み合わせて作り上げる、また組み立て上がったもの◆組み立て; 内:◆外から中に入る、入れる◆限られた範囲・領域の中、区切りや境目の中、同「中」◆ある一定の範囲に含まれるもの、囲われたり覆われたりしていて外からは見えないもの、公
kk_構想_こうそう,構想,こうそう,構:◆材木をしっかりと組んで建物を作る、また出来上がった建物◆(建物・作品・組織など)幾つかの素材や要素を組み合わせて作り上げる、また組み立て上がったもの◆組み立て; 想:◆～について考える、また考えを巡(めぐ)らす◆～と思う、～ではないかと思う◆～したいと思う,N1,on,on+on,B_noun_rad_木(kun 93%),構:◆材木をしっかりと組んで建物を作る、また出来上がった建物◆(建物・作品・組織など)幾つかの素材や要素を組み合わせて作り上げる、また組み立て上がったもの◆組み立て; 想:◆～について考える、また考えを巡(めぐ)らす◆～と思う、～ではないかと思う◆～したいと思う
kk_様変わり_さまがわり,様変わり,さまがわり,様:◆物事の性格や状態、また姿や形、あり方また見掛け◆形や姿、状態やあり方、方法や方式、同「𢳌」◆形や姿・状態やあり方・方法や方式などの種類を数える語◆クヌギ(櫟、; 変:◆これまでとは違ったものになる、また改まる、これまでとは違ったものにする、また改める、まだ元の様子が分かる程度の変化・全体の中の一部だけの変化を指し、全く別のも,N1,other,mixed+mixed~,IL1_okurigana(kun 96%) | A1_compound_oku(kun 90%) | A1_on_kun_mix(on+kun 65%),様:◆物事の性格や状態、また姿や形、あり方また見掛け◆形や姿、状態やあり方、方法や方式、同「𢳌」◆形や姿・状態やあり方・方法や方式などの種類を数える語◆クヌギ(櫟、; 変:◆これまでとは違ったものになる、また改まる、これまでとは違ったものにする、また改める、まだ元の様子が分かる程度の変化・全体の中の一部だけの変化を指し、全く別のも
kk_様相_ようそう,様相,ようそう,様:◆物事の性格や状態、また姿や形、あり方また見掛け◆形や姿、状態やあり方、方法や方式、同「𢳌」◆形や姿・状態やあり方・方法や方式などの種類を数える語◆クヌギ(櫟、; 相:◆(対象となるものを)よく見る◆互(たが)いに～(しあう)、「互相(ゴソウ、相互ソウゴ)」◆二つのものの間に起こること、また関係し合うこと、片方から他方へ働き掛,N1,on,on+on,B_noun_rad_木(kun 93%),様:◆物事の性格や状態、また姿や形、あり方また見掛け◆形や姿、状態やあり方、方法や方式、同「𢳌」◆形や姿・状態やあり方・方法や方式などの種類を数える語◆クヌギ(櫟、; 相:◆(対象となるものを)よく見る◆互(たが)いに～(しあう)、「互相(ゴソウ、相互ソウゴ)」◆二つのものの間に起こること、また関係し合うこと、片方から他方へ働き掛
kk_模倣_もほう,模倣,もほう,模:◆目的の形に造るための木製の型(かた)、土製は「型」、竹製は「範」◆手本、基本や標準となるもの◆ものの形や大きさ◆手本や基準となるものの形や大きさに似(に)せる; 倣:◆姿形(すがたかたち)や方法などの手本となるものを見て学び、それに似(に)せる、似せた形に作る、似せた方法でする、同「傚」,N1,on,on+on,A3_short_compound(on+on 71%) | B_noun_rad_木(kun 93%),模:◆目的の形に造るための木製の型(かた)、土製は「型」、竹製は「範」◆手本、基本や標準となるもの◆ものの形や大きさ◆手本や基準となるものの形や大きさに似(に)せる; 倣:◆姿形(すがたかたち)や方法などの手本となるものを見て学び、それに似(に)せる、似せた形に作る、似せた方法でする、同「傚」
kk_模型_もけい,模型,もけい,模:◆目的の形に造るための木製の型(かた)、土製は「型」、竹製は「範」◆手本、基本や標準となるもの◆ものの形や大きさ◆手本や基準となるものの形や大きさに似(に)せる; 型:◆これから作ろうとする物の形に作ったもの、溶かした金属を流し入れて目的の形に造るためのもの、「鋳型(いがた)」、木製は「模」、竹製は「範」◆模範(モハン)、手本,N1,on,on+on,A3_short_compound(on+on 71%) | B_noun_rad_木(kun 93%),模:◆目的の形に造るための木製の型(かた)、土製は「型」、竹製は「範」◆手本、基本や標準となるもの◆ものの形や大きさ◆手本や基準となるものの形や大きさに似(に)せる; 型:◆これから作ろうとする物の形に作ったもの、溶かした金属を流し入れて目的の形に造るためのもの、「鋳型(いがた)」、木製は「模」、竹製は「範」◆模範(モハン)、手本
kk_模範_もはん,模範,もはん,模:◆目的の形に造るための木製の型(かた)、土製は「型」、竹製は「範」◆手本、基本や標準となるもの◆ものの形や大きさ◆手本や基準となるものの形や大きさに似(に)せる; 範:◆目的の形に造るための竹製の型(かた)、土製は「型」、金属製は「鎔」、木製は「模」、同簡「范」、同「笵」◆枠(わく)、枠で限られたところ、またその内側、「範圍(,N1,on,on+on,A3_short_compound(on+on 71%) | B_noun_rad_木(kun 93%) | B_noun_rad_竹(kun 93%),模:◆目的の形に造るための木製の型(かた)、土製は「型」、竹製は「範」◆手本、基本や標準となるもの◆ものの形や大きさ◆手本や基準となるものの形や大きさに似(に)せる; 範:◆目的の形に造るための竹製の型(かた)、土製は「型」、金属製は「鎔」、木製は「模」、同簡「范」、同「笵」◆枠(わく)、枠で限られたところ、またその内側、「範圍(
kk_模索_もさく,模索,もさく,模:◆目的の形に造るための木製の型(かた)、土製は「型」、竹製は「範」◆手本、基本や標準となるもの◆ものの形や大きさ◆手本や基準となるものの形や大きさに似(に)せる; 索:◆ものに繋(つな)ぐ(ものを繋ぐ)太い縄(なわ)や綱(つな)、またそのような用途・形状のもの(紐・弦・鎖・ケーブルcableなど)、同「䌇」◆(手蔓てづるを頼り,N1,on,on+on,A3_short_compound(on+on 71%) | B_noun_rad_木(kun 93%),模:◆目的の形に造るための木製の型(かた)、土製は「型」、竹製は「範」◆手本、基本や標準となるもの◆ものの形や大きさ◆手本や基準となるものの形や大きさに似(に)せる; 索:◆ものに繋(つな)ぐ(ものを繋ぐ)太い縄(なわ)や綱(つな)、またそのような用途・形状のもの(紐・弦・鎖・ケーブルcableなど)、同「䌇」◆(手蔓てづるを頼り
kk_権力_けんりょく,権力,けんりょく,権:◆秤(はかり)、また秤に使う分銅(フンドウ、重さの基準となる金属の塊)◆重さを量(はか)る、状況を量りそれに応じて釣り合いを取る◆釣り合いを左右することができる; 力:◆ものを動かすもの、ものを動かしているもの、ものに働(はたら)くもの、「強力(キョウリョク、強い力)」◆働く、務(つと)める、勤(つと)める、「努力(ドリョク、,N1,on,on+on,B_noun_rad_木(kun 93%) | B_verb_rad_力(kun 80%),権:◆秤(はかり)、また秤に使う分銅(フンドウ、重さの基準となる金属の塊)◆重さを量(はか)る、状況を量りそれに応じて釣り合いを取る◆釣り合いを左右することができる; 力:◆ものを動かすもの、ものを動かしているもの、ものに働(はたら)くもの、「強力(キョウリョク、強い力)」◆働く、務(つと)める、勤(つと)める、「努力(ドリョク、
kk_権威_けんい,権威,けんい,権:◆秤(はかり)、また秤に使う分銅(フンドウ、重さの基準となる金属の塊)◆重さを量(はか)る、状況を量りそれに応じて釣り合いを取る◆釣り合いを左右することができる; 威:◆(無言のうちに)人を圧(おさ)え畏(おそ)れさせるような強い力(圧力、気力、能力、権力など)、またその力で人を畏れ従わせる、「威力(イリョク、人を畏れ従わせる,N1,on,on+on,A3_short_compound(on+on 71%) | B_noun_rad_木(kun 93%),権:◆秤(はかり)、また秤に使う分銅(フンドウ、重さの基準となる金属の塊)◆重さを量(はか)る、状況を量りそれに応じて釣り合いを取る◆釣り合いを左右することができる; 威:◆(無言のうちに)人を圧(おさ)え畏(おそ)れさせるような強い力(圧力、気力、能力、権力など)、またその力で人を畏れ従わせる、「威力(イリョク、人を畏れ従わせる
kk_権限_けんげん,権限,けんげん,権:◆秤(はかり)、また秤に使う分銅(フンドウ、重さの基準となる金属の塊)◆重さを量(はか)る、状況を量りそれに応じて釣り合いを取る◆釣り合いを左右することができる; 限:◆内と外との区切り、境界、「限界(ゲンカイ)」◆境界や範囲の内側、定めた区切り以内、またその内に収める、「限度(ゲンド)」「限定(ゲンテイ)」◆門の地上部に渡し,N1,on,on+on,B_noun_rad_木(kun 93%),権:◆秤(はかり)、また秤に使う分銅(フンドウ、重さの基準となる金属の塊)◆重さを量(はか)る、状況を量りそれに応じて釣り合いを取る◆釣り合いを左右することができる; 限:◆内と外との区切り、境界、「限界(ゲンカイ)」◆境界や範囲の内側、定めた区切り以内、またその内に収める、「限度(ゲンド)」「限定(ゲンテイ)」◆門の地上部に渡し
kk_横たわる_よこたわる,横たわる,よこたわる,横:◆(垂直に立つ柱に対して)水平に渡した木◆(垂直に対して)水平の方向、(前後に対して)左右の方向、(南北に対して)東西の方向、上下・南北・前後の方向を「縦」◆長,N1,kun,kun,IL1_okurigana(kun 96%) | IL2_single_okuri(kun 96%) | B_noun_rad_木(kun 93%),横:◆(垂直に立つ柱に対して)水平に渡した木◆(垂直に対して)水平の方向、(前後に対して)左右の方向、(南北に対して)東西の方向、上下・南北・前後の方向を「縦」◆長
kk_横着_おうちゃく,横着,おうちゃく,横:◆(垂直に立つ柱に対して)水平に渡した木◆(垂直に対して)水平の方向、(前後に対して)左右の方向、(南北に対して)東西の方向、上下・南北・前後の方向を「縦」◆長; 着:◆目的や目標としている物事・場所などに届く、また達する、また到る、同「著」◆他のものに付く、同「著」◆き・る、衣服を身に付ける、同「著」◆火や明かりを点(つ)け,N1,on,on+on,B_noun_rad_木(kun 93%),横:◆(垂直に立つ柱に対して)水平に渡した木◆(垂直に対して)水平の方向、(前後に対して)左右の方向、(南北に対して)東西の方向、上下・南北・前後の方向を「縦」◆長; 着:◆目的や目標としている物事・場所などに届く、また達する、また到る、同「著」◆他のものに付く、同「著」◆き・る、衣服を身に付ける、同「著」◆火や明かりを点(つ)け
kk_横行_おうこう,横行,おうこう,横:◆(垂直に立つ柱に対して)水平に渡した木◆(垂直に対して)水平の方向、(前後に対して)左右の方向、(南北に対して)東西の方向、上下・南北・前後の方向を「縦」◆長; 行:◆左足を前に出し(彳)次に右足を前に出す(亍)、足を交互に動かして前に進む◆目的とするところに向かって進む◆遠くに出掛ける、旅に出る◆道、人が往来する道路、同「,N1,on,on+on,B_noun_rad_木(kun 93%),横:◆(垂直に立つ柱に対して)水平に渡した木◆(垂直に対して)水平の方向、(前後に対して)左右の方向、(南北に対して)東西の方向、上下・南北・前後の方向を「縦」◆長; 行:◆左足を前に出し(彳)次に右足を前に出す(亍)、足を交互に動かして前に進む◆目的とするところに向かって進む◆遠くに出掛ける、旅に出る◆道、人が往来する道路、同「
kk_横転_おうてん,横転,おうてん,横:◆(垂直に立つ柱に対して)水平に渡した木◆(垂直に対して)水平の方向、(前後に対して)左右の方向、(南北に対して)東西の方向、上下・南北・前後の方向を「縦」◆長; 転:◆(車輪が回るように)ごろりと回る、ぐるりと回る、「回転(カイテン)」◆(車輪が接地する位置を変えながら転がり進んで行くように次へ次へと)位置や方向を変える、ま,N1,on,on+on,B_noun_rad_木(kun 93%),横:◆(垂直に立つ柱に対して)水平に渡した木◆(垂直に対して)水平の方向、(前後に対して)左右の方向、(南北に対して)東西の方向、上下・南北・前後の方向を「縦」◆長; 転:◆(車輪が回るように)ごろりと回る、ぐるりと回る、「回転(カイテン)」◆(車輪が接地する位置を変えながら転がり進んで行くように次へ次へと)位置や方向を変える、ま
kk_横道_よこみち,横道,よこみち,横:◆(垂直に立つ柱に対して)水平に渡した木◆(垂直に対して)水平の方向、(前後に対して)左右の方向、(南北に対して)東西の方向、上下・南北・前後の方向を「縦」◆長; 道:◆出発地から目的地へ通じている路(みち)、人や動物などが往来する通り路、「道路(ドウロ)」、同「路」◆目的を達するための経路、手順や方法◆導(みちび)く、手引き,N1,kun,kun+kun~,B_noun_rad_木(kun 93%),横:◆(垂直に立つ柱に対して)水平に渡した木◆(垂直に対して)水平の方向、(前後に対して)左右の方向、(南北に対して)東西の方向、上下・南北・前後の方向を「縦」◆長; 道:◆出発地から目的地へ通じている路(みち)、人や動物などが往来する通り路、「道路(ドウロ)」、同「路」◆目的を達するための経路、手順や方法◆導(みちび)く、手引き
kk_横領_おうりょう,横領,おうりょう,横:◆(垂直に立つ柱に対して)水平に渡した木◆(垂直に対して)水平の方向、(前後に対して)左右の方向、(南北に対して)東西の方向、上下・南北・前後の方向を「縦」◆長; 領:◆項(うなじ)、頸(くび、頭と胴の間にあって頭を支える部分)の後ろ側(背側)◆首、頸(くび)◆衣服の首周りの縁(へり)の部分、首元で交差させるものは「交領(コウ,N1,on,on+on,B_noun_rad_木(kun 93%),横:◆(垂直に立つ柱に対して)水平に渡した木◆(垂直に対して)水平の方向、(前後に対して)左右の方向、(南北に対して)東西の方向、上下・南北・前後の方向を「縦」◆長; 領:◆項(うなじ)、頸(くび、頭と胴の間にあって頭を支える部分)の後ろ側(背側)◆首、頸(くび)◆衣服の首周りの縁(へり)の部分、首元で交差させるものは「交領(コウ
kk_樹木_じゅもく,樹木,じゅもく,樹:◆木本(モクホン)の植物のうち地面から垂直に伸び立った木、立ち木、木本の植物の総称は「木」、切った木を「材」◆木を植え大きく高く育てる◆まっすぐに立てる、しっか; 木:◆植物の一分類、例外もあるが一般に表皮が硬く寒暖差などによって年輪を生ずるもの、またそれを使ったもの◆五行(水・火・木・金・土)の一つ ◆自然で飾り気がないさま,N1,on,on+on,A3_short_compound(on+on 71%) | B_noun_rad_木(kun 93%) | B_noun_rad_木(kun 93%),樹:◆木本(モクホン)の植物のうち地面から垂直に伸び立った木、立ち木、木本の植物の総称は「木」、切った木を「材」◆木を植え大きく高く育てる◆まっすぐに立てる、しっか; 木:◆植物の一分類、例外もあるが一般に表皮が硬く寒暖差などによって年輪を生ずるもの、またそれを使ったもの◆五行(水・火・木・金・土)の一つ ◆自然で飾り気がないさま
kk_樹立_じゅりつ,樹立,じゅりつ,樹:◆木本(モクホン)の植物のうち地面から垂直に伸び立った木、立ち木、木本の植物の総称は「木」、切った木を「材」◆木を植え大きく高く育てる◆まっすぐに立てる、しっか; 立:◆地(チ、地面、土台、基盤)に足を着け垂直にする、また垂直になる、地から上に向かって伸ばす、また伸びる◆しっかりとした土台を築いてその上にものを作り上げて行く、,N1,on,on+on,A3_short_compound(on+on 71%) | B_noun_rad_木(kun 93%),樹:◆木本(モクホン)の植物のうち地面から垂直に伸び立った木、立ち木、木本の植物の総称は「木」、切った木を「材」◆木を植え大きく高く育てる◆まっすぐに立てる、しっか; 立:◆地(チ、地面、土台、基盤)に足を着け垂直にする、また垂直になる、地から上に向かって伸ばす、また伸びる◆しっかりとした土台を築いてその上にものを作り上げて行く、
kk_機構_きこう,機構,きこう,機:◆布を織る装置、「機織(キショク、はたおり)」◆ある仕事をさせる(する)ために人や部品を組み合わせて作り上げた仕組みや仕掛け(組織や装置)◆「機関(キカン)」◇; 構:◆材木をしっかりと組んで建物を作る、また出来上がった建物◆(建物・作品・組織など)幾つかの素材や要素を組み合わせて作り上げる、また組み立て上がったもの◆組み立て,N1,on,on+on,A3_short_compound(on+on 71%) | B_noun_rad_木(kun 93%) | B_noun_rad_木(kun 93%),機:◆布を織る装置、「機織(キショク、はたおり)」◆ある仕事をさせる(する)ために人や部品を組み合わせて作り上げた仕組みや仕掛け(組織や装置)◆「機関(キカン)」◇; 構:◆材木をしっかりと組んで建物を作る、また出来上がった建物◆(建物・作品・組織など)幾つかの素材や要素を組み合わせて作り上げる、また組み立て上がったもの◆組み立て
kk_機種_きしゅ,機種,きしゅ,機:◆布を織る装置、「機織(キショク、はたおり)」◆ある仕事をさせる(する)ために人や部品を組み合わせて作り上げた仕組みや仕掛け(組織や装置)◆「機関(キカン)」◇; 種:◆(植物が)生長し実を結ぶ元になるもの、またそれを植え付ける、またそれを蒔(ま)く◆起源を同じにするもの、共通性のあるもの、またその集まり◆簡「种」,N1,on,on+on,A3_short_compound(on+on 71%) | B_noun_rad_木(kun 93%),機:◆布を織る装置、「機織(キショク、はたおり)」◆ある仕事をさせる(する)ために人や部品を組み合わせて作り上げた仕組みや仕掛け(組織や装置)◆「機関(キカン)」◇; 種:◆(植物が)生長し実を結ぶ元になるもの、またそれを植え付ける、またそれを蒔(ま)く◆起源を同じにするもの、共通性のあるもの、またその集まり◆簡「种」
kk_機転_きてん,機転,きてん,機:◆布を織る装置、「機織(キショク、はたおり)」◆ある仕事をさせる(する)ために人や部品を組み合わせて作り上げた仕組みや仕掛け(組織や装置)◆「機関(キカン)」◇; 転:◆(車輪が回るように)ごろりと回る、ぐるりと回る、「回転(カイテン)」◆(車輪が接地する位置を変えながら転がり進んで行くように次へ次へと)位置や方向を変える、ま,N1,on,on+on,A3_short_compound(on+on 71%) | B_noun_rad_木(kun 93%),機:◆布を織る装置、「機織(キショク、はたおり)」◆ある仕事をさせる(する)ために人や部品を組み合わせて作り上げた仕組みや仕掛け(組織や装置)◆「機関(キカン)」◇; 転:◆(車輪が回るように)ごろりと回る、ぐるりと回る、「回転(カイテン)」◆(車輪が接地する位置を変えながら転がり進んで行くように次へ次へと)位置や方向を変える、ま
kk_欠乏_けつぼう,欠乏,けつぼう,欠:◆あくび、口を大きく開けて息をすること、また息をして体を伸ばす、「欠伸(ケンシン、あくび)」◆(多く敬意を表す際に)上半身を前に少し傾ける、体を屈(かがめ)める; 乏:◆貯(たくわ)えが底を突く、金や物や力が尽きる、同「匱」◆空(あ)く、空(から)になる◆矢を遮(さえぎ)る盾(たて)、また衝立(ついたて)¶「正」を左右に反転さ,N1,on,on+on,,欠:◆あくび、口を大きく開けて息をすること、また息をして体を伸ばす、「欠伸(ケンシン、あくび)」◆(多く敬意を表す際に)上半身を前に少し傾ける、体を屈(かがめ)める; 乏:◆貯(たくわ)えが底を突く、金や物や力が尽きる、同「匱」◆空(あ)く、空(から)になる◆矢を遮(さえぎ)る盾(たて)、また衝立(ついたて)¶「正」を左右に反転さ
kk_欠員_けついん,欠員,けついん,欠:◆あくび、口を大きく開けて息をすること、また息をして体を伸ばす、「欠伸(ケンシン、あくび)」◆(多く敬意を表す際に)上半身を前に少し傾ける、体を屈(かがめ)める; 員:◆限られた範囲(場所・空間など)に入っている(含まれる)人、集団に属している人、またその人数◆限られた範囲(特に国土・領土などの境界線)の大きさ、また広さ◆円(,N1,on,on+on,,欠:◆あくび、口を大きく開けて息をすること、また息をして体を伸ばす、「欠伸(ケンシン、あくび)」◆(多く敬意を表す際に)上半身を前に少し傾ける、体を屈(かがめ)める; 員:◆限られた範囲(場所・空間など)に入っている(含まれる)人、集団に属している人、またその人数◆限られた範囲(特に国土・領土などの境界線)の大きさ、また広さ◆円(
kk_欠如_けつじょ,欠如,けつじょ,欠:◆あくび、口を大きく開けて息をすること、また息をして体を伸ばす、「欠伸(ケンシン、あくび)」◆(多く敬意を表す際に)上半身を前に少し傾ける、体を屈(かがめ)める; 如:◆ごと・く、～のよう、～と程度や様子が同じよう、～と同じと言ってよい◆し・く、及ぶ、至る、届く、「同様、同程度」の意,N1,on,on+on,A3_short_compound(on+on 71%),欠:◆あくび、口を大きく開けて息をすること、また息をして体を伸ばす、「欠伸(ケンシン、あくび)」◆(多く敬意を表す際に)上半身を前に少し傾ける、体を屈(かがめ)める; 如:◆ごと・く、～のよう、～と程度や様子が同じよう、～と同じと言ってよい◆し・く、及ぶ、至る、届く、「同様、同程度」の意
kk_欠損_けっそん,欠損,けっそん,欠:◆あくび、口を大きく開けて息をすること、また息をして体を伸ばす、「欠伸(ケンシン、あくび)」◆(多く敬意を表す際に)上半身を前に少し傾ける、体を屈(かがめ)める; 損:◆減らす、失う、失(しっ)する、欠ける、傷付ける、貶(おとし)める、貶(けな)す、価値が低下したり状態が悪化したりすることを指す,N1,on,on+on,B_verb_rad_手(kun 80%),欠:◆あくび、口を大きく開けて息をすること、また息をして体を伸ばす、「欠伸(ケンシン、あくび)」◆(多く敬意を表す際に)上半身を前に少し傾ける、体を屈(かがめ)める; 損:◆減らす、失う、失(しっ)する、欠ける、傷付ける、貶(おとし)める、貶(けな)す、価値が低下したり状態が悪化したりすることを指す
kk_次元_じげん,次元,じげん,次:◆並びや繰り返しの先頭の後に続く二番目◆後(あと)に続く、～の後に続いて～◆順序、「次第(シダイ)」◆繰り返される物事の回数、また順序、「数次(スウジ、数回)」; 元:◆物事の発端(ホッタン)、起源、始まり、「元年(ガンネン)」◆物事の基(もと)となるもの、根本(コンポン)◆物事の先頭にあるもの、頭(かしら)、「元首(ゲンシュ,N1,on,on+on,A3_short_compound(on+on 71%),次:◆並びや繰り返しの先頭の後に続く二番目◆後(あと)に続く、～の後に続いて～◆順序、「次第(シダイ)」◆繰り返される物事の回数、また順序、「数次(スウジ、数回)」; 元:◆物事の発端(ホッタン)、起源、始まり、「元年(ガンネン)」◆物事の基(もと)となるもの、根本(コンポン)◆物事の先頭にあるもの、頭(かしら)、「元首(ゲンシュ
kk_欲求_よっきゅう,欲求,よっきゅう,欲:◆望むものを得(え)たいと思う、望むようにしたい(なりたい)と思う、またそれを強く望む、「貪欲(ドンヨク、貪慾)」、同「慾」◆～しそうである、～になりそうである; 求:◆探(さが)す、飽(あ)くまでも捜(さが)す◆欲しいものを何とか得ようとする、他人にものが欲しい(して欲しい)とねだる、強く乞(こ)う,N1,other,mixed+mixed~,,欲:◆望むものを得(え)たいと思う、望むようにしたい(なりたい)と思う、またそれを強く望む、「貪欲(ドンヨク、貪慾)」、同「慾」◆～しそうである、～になりそうである; 求:◆探(さが)す、飽(あ)くまでも捜(さが)す◆欲しいものを何とか得ようとする、他人にものが欲しい(して欲しい)とねだる、強く乞(こ)う
kk_欲深い_よくぶかい,欲深い,よくぶかい,欲:◆望むものを得(え)たいと思う、望むようにしたい(なりたい)と思う、またそれを強く望む、「貪欲(ドンヨク、貪慾)」、同「慾」◆～しそうである、～になりそうである; 深:◆水面から底までの距離が大きい、入口から奥までが遠い、表面から内部に大きく入り込んでいる◆基準とする時や時間から長い時や時間が経(た)つ、「深夜(シンヤ)」「深,N1,other,mixed+mixed~,IL1_okurigana(kun 96%) | A1_compound_oku(kun 90%) | A1_on_kun_mix(on+kun 65%),欲:◆望むものを得(え)たいと思う、望むようにしたい(なりたい)と思う、またそれを強く望む、「貪欲(ドンヨク、貪慾)」、同「慾」◆～しそうである、～になりそうである; 深:◆水面から底までの距離が大きい、入口から奥までが遠い、表面から内部に大きく入り込んでいる◆基準とする時や時間から長い時や時間が経(た)つ、「深夜(シンヤ)」「深
kk_欺く_あざむく,欺く,あざむく,欺:◆偽(いつわ)る、騙(だま)す◆相手を軽(かろ)んじる、馬鹿にする,N1,kun,kun,IL1_okurigana(kun 96%) | IL2_single_okuri(kun 96%),欺:◆偽(いつわ)る、騙(だま)す◆相手を軽(かろ)んじる、馬鹿にする
kk_正しく_まさしく,正しく,まさしく,正:◆まっすぐなさま、曲がり・歪(ゆが)み・偏(かたよ)りなどがないさま◆他のものが雑(ま)じっていないさま、また混(ま)じっていないさま、また交(ま)じっていない,N1,kun,kun,IL1_okurigana(kun 96%) | IL2_single_okuri(kun 96%),正:◆まっすぐなさま、曲がり・歪(ゆが)み・偏(かたよ)りなどがないさま◆他のものが雑(ま)じっていないさま、また混(ま)じっていないさま、また交(ま)じっていない
kk_正体_しょうたい,正体,しょうたい,正:◆まっすぐなさま、曲がり・歪(ゆが)み・偏(かたよ)りなどがないさま◆他のものが雑(ま)じっていないさま、また混(ま)じっていないさま、また交(ま)じっていない; 体:◆頭から足の先までの全身、ものの全部、ものの主要な部分、またその姿形や様子、「身体(シンタイ、体、肉体)」「本体(ホンタイ、ものの本当の姿、ものの中心的部分)」,N1,on,on+on,,正:◆まっすぐなさま、曲がり・歪(ゆが)み・偏(かたよ)りなどがないさま◆他のものが雑(ま)じっていないさま、また混(ま)じっていないさま、また交(ま)じっていない; 体:◆頭から足の先までの全身、ものの全部、ものの主要な部分、またその姿形や様子、「身体(シンタイ、体、肉体)」「本体(ホンタイ、ものの本当の姿、ものの中心的部分)」
kk_正当_せいとう,正当,せいとう,正:◆まっすぐなさま、曲がり・歪(ゆが)み・偏(かたよ)りなどがないさま◆他のものが雑(ま)じっていないさま、また混(ま)じっていないさま、また交(ま)じっていない; 当:◆正面からぶつかる、正面から向き合う、相対する、同「噹」◆適合する、相応しい◆受け持つ、引き受ける◆そうするべき、そうあるべき◆この(this)、今、此処(ここ,N1,on,on+on,,正:◆まっすぐなさま、曲がり・歪(ゆが)み・偏(かたよ)りなどがないさま◆他のものが雑(ま)じっていないさま、また混(ま)じっていないさま、また交(ま)じっていない; 当:◆正面からぶつかる、正面から向き合う、相対する、同「噹」◆適合する、相応しい◆受け持つ、引き受ける◆そうするべき、そうあるべき◆この(this)、今、此処(ここ
kk_正装_せいそう,正装,せいそう,正:◆まっすぐなさま、曲がり・歪(ゆが)み・偏(かたよ)りなどがないさま◆他のものが雑(ま)じっていないさま、また混(ま)じっていないさま、また交(ま)じっていない; 装:◆(包んだり覆ったりして)外側を飾る◆(衣服や装飾品などのような、上辺を繕うための)飾り◆(飾り付けをしたりして)外見を整える◆(衣服を纏ったり化粧をしたりして,N1,on,on+on,,正:◆まっすぐなさま、曲がり・歪(ゆが)み・偏(かたよ)りなどがないさま◆他のものが雑(ま)じっていないさま、また混(ま)じっていないさま、また交(ま)じっていない; 装:◆(包んだり覆ったりして)外側を飾る◆(衣服や装飾品などのような、上辺を繕うための)飾り◆(飾り付けをしたりして)外見を整える◆(衣服を纏ったり化粧をしたりして
kk_正規_せいき,正規,せいき,正:◆まっすぐなさま、曲がり・歪(ゆが)み・偏(かたよ)りなどがないさま◆他のものが雑(ま)じっていないさま、また混(ま)じっていないさま、また交(ま)じっていない; 規:◆ぶんまわし(規)、コンパスcompass、正しく円を描く道具、直線や角度を描く道具は「矩」◆基準・標準となるもの、基準・標準とすべき決まりごと◆基準・標準とな,N1,on,on+on,A3_short_compound(on+on 71%),正:◆まっすぐなさま、曲がり・歪(ゆが)み・偏(かたよ)りなどがないさま◆他のものが雑(ま)じっていないさま、また混(ま)じっていないさま、また交(ま)じっていない; 規:◆ぶんまわし(規)、コンパスcompass、正しく円を描く道具、直線や角度を描く道具は「矩」◆基準・標準となるもの、基準・標準とすべき決まりごと◆基準・標準とな
kk_武力_ぶりょく,武力,ぶりょく,武:◆勇ましく猛々(たけだけ)しいさま、穏やかで洗練されているのは「文」◆戦い、戦いに長(た)けているさま◆戦闘や軍事などに関わることに使われる語◆半歩(ハンポ)、; 力:◆ものを動かすもの、ものを動かしているもの、ものに働(はたら)くもの、「強力(キョウリョク、強い力)」◆働く、務(つと)める、勤(つと)める、「努力(ドリョク、,N1,on,on+on,A3_short_compound(on+on 71%) | B_verb_rad_力(kun 80%),武:◆勇ましく猛々(たけだけ)しいさま、穏やかで洗練されているのは「文」◆戦い、戦いに長(た)けているさま◆戦闘や軍事などに関わることに使われる語◆半歩(ハンポ)、; 力:◆ものを動かすもの、ものを動かしているもの、ものに働(はたら)くもの、「強力(キョウリョク、強い力)」◆働く、務(つと)める、勤(つと)める、「努力(ドリョク、
kk_歩む_あゆむ,歩む,あゆむ,歩:◆片足を地に着け止め、残る片足を前に運んで止める、という動作を左右の足で交互に繰り返す、この動作を速く繰り返すことを「走」◆物事が前に進む、またその進み具合◆左,N1,kun,kun,IL1_okurigana(kun 96%) | IL2_single_okuri(kun 96%),歩:◆片足を地に着け止め、残る片足を前に運んで止める、という動作を左右の足で交互に繰り返す、この動作を速く繰り返すことを「走」◆物事が前に進む、またその進み具合◆左
kk_歩調_ほちょう,歩調,ほちょう,歩:◆片足を地に着け止め、残る片足を前に運んで止める、という動作を左右の足で交互に繰り返す、この動作を速く繰り返すことを「走」◆物事が前に進む、またその進み具合◆左; 調:◆整える、釣り合いを取る、バランスbalanceを取る、不均衡・不公平などでない状態にする、不快感・違和感などを感じない状態に整える、「調和(チョウワ)」◆音律,N1,on,on+on,A3_short_compound(on+on 71%) | B_verb_rad_言(kun 80%),歩:◆片足を地に着け止め、残る片足を前に運んで止める、という動作を左右の足で交互に繰り返す、この動作を速く繰り返すことを「走」◆物事が前に進む、またその進み具合◆左; 調:◆整える、釣り合いを取る、バランスbalanceを取る、不均衡・不公平などでない状態にする、不快感・違和感などを感じない状態に整える、「調和(チョウワ)」◆音律
kk_歪む_ひずむ,歪む,ひずむ,歪:◆正しくない、曲がる、傾(かたむ)く、本来の形や状態と違っている、曲げる、本来の形や状態ではなくなるようにする,N1,kun,kun,IL1_okurigana(kun 96%) | IL2_single_okuri(kun 96%),歪:◆正しくない、曲がる、傾(かたむ)く、本来の形や状態と違っている、曲げる、本来の形や状態ではなくなるようにする
kk_歪む_ゆがむ,歪む,ゆがむ,歪:◆正しくない、曲がる、傾(かたむ)く、本来の形や状態と違っている、曲げる、本来の形や状態ではなくなるようにする,N1,kun,kun,IL1_okurigana(kun 96%) | IL2_single_okuri(kun 96%),歪:◆正しくない、曲がる、傾(かたむ)く、本来の形や状態と違っている、曲げる、本来の形や状態ではなくなるようにする
kk_歯切れ_はぎれ,歯切れ,はぎれ,歯:◆ものを食べるために噛(か)むための器官、噛(か)み砕くための器官 ◆牛馬の年齢、歯の本数で年齢が分かることによる◆人の年齢◆並ぶ、順に従って並ぶ◆は、はへん、; 切:◆刃物などですっと断(た)つ、裁(た)つ、割(さ)く◆ぴったりとしたさま、隙(すき)がないさま、「親切(シンセツ)」◆近くまで迫(せま)る、差し迫る、「切近(セ,N1,other,mixed+mixed~,IL1_okurigana(kun 96%) | A1_compound_oku(kun 90%) | A1_on_kun_mix(on+kun 65%),歯:◆ものを食べるために噛(か)むための器官、噛(か)み砕くための器官 ◆牛馬の年齢、歯の本数で年齢が分かることによる◆人の年齢◆並ぶ、順に従って並ぶ◆は、はへん、; 切:◆刃物などですっと断(た)つ、裁(た)つ、割(さ)く◆ぴったりとしたさま、隙(すき)がないさま、「親切(シンセツ)」◆近くまで迫(せま)る、差し迫る、「切近(セ
kk_歯止め_はどめ,歯止め,はどめ,歯:◆ものを食べるために噛(か)むための器官、噛(か)み砕くための器官 ◆牛馬の年齢、歯の本数で年齢が分かることによる◆人の年齢◆並ぶ、順に従って並ぶ◆は、はへん、; 止:◆ものが動かないように(しっかりと)立つための支えとなる基(もと、土台)◆体を支える足(あし)◆同じ所に留(とど)まって動かない[†「止」は止まったまま動かない,N1,other,mixed+mixed~,IL1_okurigana(kun 96%) | A1_compound_oku(kun 90%) | A1_on_kun_mix(on+kun 65%),歯:◆ものを食べるために噛(か)むための器官、噛(か)み砕くための器官 ◆牛馬の年齢、歯の本数で年齢が分かることによる◆人の年齢◆並ぶ、順に従って並ぶ◆は、はへん、; 止:◆ものが動かないように(しっかりと)立つための支えとなる基(もと、土台)◆体を支える足(あし)◆同じ所に留(とど)まって動かない[†「止」は止まったまま動かない
kk_歯科_しか,歯科,しか,歯:◆ものを食べるために噛(か)むための器官、噛(か)み砕くための器官 ◆牛馬の年齢、歯の本数で年齢が分かることによる◆人の年齢◆並ぶ、順に従って並ぶ◆は、はへん、; 科:◆穀物の生産量や品質の良し悪しの程度を幾つかに区分し順に並べたもの、等級◆罪の軽重に従い量刑を定める、またそれを適用する(科する)◆分類し同等のものを一つに纏(,N1,on,on+on,A3_short_compound(on+on 71%),歯:◆ものを食べるために噛(か)むための器官、噛(か)み砕くための器官 ◆牛馬の年齢、歯の本数で年齢が分かることによる◆人の年齢◆並ぶ、順に従って並ぶ◆は、はへん、; 科:◆穀物の生産量や品質の良し悪しの程度を幾つかに区分し順に並べたもの、等級◆罪の軽重に従い量刑を定める、またそれを適用する(科する)◆分類し同等のものを一つに纏(
kk_歳月_かいげつ,歳月,かいげつ,歳:◆年(とし)、一年、同じ季節が一巡する期間◆年齢、年齢を数える語◆その年の穀物の収穫の具合◆木星、五星(ゴセイ、木星・土星・水星・火星・金星)の一つ; 月:◆地球の衛星の名、太陰(タイイン)、「日」を「太陽」というのに対して月を「太陰」という◆一年をほぼ十二等分した期間、新月(月が見えなくなる日)から次の新月までの,N1,other,mixed+mixed~,,歳:◆年(とし)、一年、同じ季節が一巡する期間◆年齢、年齢を数える語◆その年の穀物の収穫の具合◆木星、五星(ゴセイ、木星・土星・水星・火星・金星)の一つ; 月:◆地球の衛星の名、太陰(タイイン)、「日」を「太陽」というのに対して月を「太陰」という◆一年をほぼ十二等分した期間、新月(月が見えなくなる日)から次の新月までの
kk_歴然_れきぜん,歴然,れきぜん,歴:◆通過点(時・時間や場所・位置など)を通(とお)って行く、また踏み越えて行く、通り過ぎる、経(へ)る、経過(ケイカ)する◆過ぎ去ったこと、通り過ぎたこと◆明らか; 然:◆燃やす、火で焼く、「イヌ(犬、狗)の肉(月)を燃やす(灬)」の意、同「燃」◆～のような、～のように◆しか・も、その上に、それでも◆しか・り、その通り、yes◆,N1,on,on+on,,歴:◆通過点(時・時間や場所・位置など)を通(とお)って行く、また踏み越えて行く、通り過ぎる、経(へ)る、経過(ケイカ)する◆過ぎ去ったこと、通り過ぎたこと◆明らか; 然:◆燃やす、火で焼く、「イヌ(犬、狗)の肉(月)を燃やす(灬)」の意、同「燃」◆～のような、～のように◆しか・も、その上に、それでも◆しか・り、その通り、yes◆
kk_殊更_ことさら,殊更,ことさら,殊:◆(罪を咎めて)切り殺す、死ぬ◆(それまで繋がっていたものやことを)断(た)つ、絶(た)つ、(それまで続いていたものやことが)絶える◆異(こと)なる、普通でない; 更:◆それまで(これまで)続けてきたことを改(あらた)めて、それ以降も(これ以降も)続ける、それまでのものを別のものに替える◆さら・に、その上に、一段と◆さら・に、,N1,kun,kun+kun~,,殊:◆(罪を咎めて)切り殺す、死ぬ◆(それまで繋がっていたものやことを)断(た)つ、絶(た)つ、(それまで続いていたものやことが)絶える◆異(こと)なる、普通でない; 更:◆それまで(これまで)続けてきたことを改(あらた)めて、それ以降も(これ以降も)続ける、それまでのものを別のものに替える◆さら・に、その上に、一段と◆さら・に、
kk_残金_ざんきん,残金,ざんきん,残:◆傷付ける、害(ガイ)する、壊(こわ)す◆踏(ふ)み付けにする、平気で人に危害を加える◆酷(むご)い◆必要なものを取り除いた余り、必要なものを満たすために不足し; 金:◆黄金・白銀・赤銅・青銅・青鉛・黒鉄などの総称、金属の総称◆(黄金のように)黄色い、輝く、美しい、貴重な、(金属のように)堅い◆金属製のもの◆銭(ぜに)、またそ,N1,on,on+on,B_noun_rad_金(kun 93%),残:◆傷付ける、害(ガイ)する、壊(こわ)す◆踏(ふ)み付けにする、平気で人に危害を加える◆酷(むご)い◆必要なものを取り除いた余り、必要なものを満たすために不足し; 金:◆黄金・白銀・赤銅・青銅・青鉛・黒鉄などの総称、金属の総称◆(黄金のように)黄色い、輝く、美しい、貴重な、(金属のように)堅い◆金属製のもの◆銭(ぜに)、またそ
kk_残高_ざんだか,残高,ざんだか,残:◆傷付ける、害(ガイ)する、壊(こわ)す◆踏(ふ)み付けにする、平気で人に危害を加える◆酷(むご)い◆必要なものを取り除いた余り、必要なものを満たすために不足し; 高:◆上下の方向で上の方、標準的・平均的な程度よりも上にある◆幾つかのものを比べた時に上にある、また優(すぐ)れている、また尊(とうと)い◆標準・基準や想定・期待を,N1,other,mixed+mixed~,,残:◆傷付ける、害(ガイ)する、壊(こわ)す◆踏(ふ)み付けにする、平気で人に危害を加える◆酷(むご)い◆必要なものを取り除いた余り、必要なものを満たすために不足し; 高:◆上下の方向で上の方、標準的・平均的な程度よりも上にある◆幾つかのものを比べた時に上にある、また優(すぐ)れている、また尊(とうと)い◆標準・基準や想定・期待を
kk_段取り_だんどり,段取り,だんどり,段:◆上へ上へと積み重なって層をなしたものの、その一つ一つ◆物事などの区切り、文章などの区切り◆階位、等級; 取:◆捕(つか)まえる、捕(と)らえる、縄(なわ)を掛ける◆手に入れる、手の中に収(おさ)める、手で受ける◆(多くの中から一部を、或いは一つを)選ぶ、選択する◆娶(,N1,on,on+mixed~,IL1_okurigana(kun 96%) | A1_compound_oku(kun 90%) | A1_on_kun_mix(on+kun 65%),段:◆上へ上へと積み重なって層をなしたものの、その一つ一つ◆物事などの区切り、文章などの区切り◆階位、等級; 取:◆捕(つか)まえる、捕(と)らえる、縄(なわ)を掛ける◆手に入れる、手の中に収(おさ)める、手で受ける◆(多くの中から一部を、或いは一つを)選ぶ、選択する◆娶(
kk_殺到_さっとう,殺到,さっとう,殺:◆ころ・す、人や動物の生命を奪う、同「𠮁」「煞」「𤋣」「𢼡」「𢿔」「𣪖」「𢽮」「𢽯」「𢽺」「𢽅」「𢾈」「𢽘」「𢽆」「𢼯」「𢼴」「𣪆」「𢁛」「𧤿」「𣀎」「𢿹」◆そ; 到:◆目指すところに行き着く(達する、届く)、ある時間・状態になる(達する、届く)、同「至」◆それより先がない(これ以上はない)ところまで行き着く、極まる、同「至」,N1,on,on+on,B_verb_rad_刀(kun 80%),殺:◆ころ・す、人や動物の生命を奪う、同「𠮁」「煞」「𤋣」「𢼡」「𢿔」「𣪖」「𢽮」「𢽯」「𢽺」「𢽅」「𢾈」「𢽘」「𢽆」「𢼯」「𢼴」「𣪆」「𢁛」「𧤿」「𣀎」「𢿹」◆そ; 到:◆目指すところに行き着く(達する、届く)、ある時間・状態になる(達する、届く)、同「至」◆それより先がない(これ以上はない)ところまで行き着く、極まる、同「至」
kk_殺風景_さっぷうけい,殺風景,さっぷうけい,殺:◆ころ・す、人や動物の生命を奪う、同「𠮁」「煞」「𤋣」「𢼡」「𢿔」「𣪖」「𢽮」「𢽯」「𢽺」「𢽅」「𢾈」「𢽘」「𢽆」「𢼯」「𢼴」「𣪆」「𢁛」「𧤿」「𣀎」「𢿹」◆そ; 風:◆大気の流れや揺らぎ ◆(風に乗って)どこからともなく届いて来る話や様子◆(風のように自然に広まる)一般的な習慣や傾向◆譬える、似たもの◆かぜ、部首名; 景:◆光(ひかり)、光が当たることでできる影、光と影◆光と影があることで見える姿形(すがたかたち)や様子(ようす)・状態、「景色(ケイショク、けしき)」「風景(フウ,N1,other,mixed+mixed+mixed~,A4_multi_on(on+on+on 65%),殺:◆ころ・す、人や動物の生命を奪う、同「𠮁」「煞」「𤋣」「𢼡」「𢿔」「𣪖」「𢽮」「𢽯」「𢽺」「𢽅」「𢾈」「𢽘」「𢽆」「𢼯」「𢼴」「𣪆」「𢁛」「𧤿」「𣀎」「𢿹」◆そ; 風:◆大気の流れや揺らぎ ◆(風に乗って)どこからともなく届いて来る話や様子◆(風のように自然に広まる)一般的な習慣や傾向◆譬える、似たもの◆かぜ、部首名; 景:◆光(ひかり)、光が当たることでできる影、光と影◆光と影があることで見える姿形(すがたかたち)や様子(ようす)・状態、「景色(ケイショク、けしき)」「風景(フウ
kk_比する_ひする,比する,ひする,比:◆同様・同等のものが並ぶ、並べる、「比肩(ヒケン)」◆類(たぐい)、性格・性質が共通しているもの、またその集まり◆(同様・同等のものを)並べて大小・長短・優劣・,N1,other,unknown,IL1_okurigana(kun 96%) | IL2_single_okuri(kun 96%),比:◆同様・同等のものが並ぶ、並べる、「比肩(ヒケン)」◆類(たぐい)、性格・性質が共通しているもの、またその集まり◆(同様・同等のものを)並べて大小・長短・優劣・
kk_毟る_むしる,毟る,むしる,毟:◆「𣮫毟(ケサ、kāṣāya[梵]の音写)」、僧侶の衣服、一枚の布を左肩に掛け右脇の下から体全体を巻き包むように着る、同「毠㲚」「袈裟」、「【通雅:卷三十六:衣,N1,kun,kun,IL1_okurigana(kun 96%) | IL2_single_okuri(kun 96%),毟:◆「𣮫毟(ケサ、kāṣāya[梵]の音写)」、僧侶の衣服、一枚の布を左肩に掛け右脇の下から体全体を巻き包むように着る、同「毠㲚」「袈裟」、「【通雅:卷三十六:衣
kk_民宿_みんしゅく,民宿,みんしゅく,民:◆(支配者層に属する人を除く)一般の人◆人(ひと)、人達(ひとたち); 宿:◆屋根の下(家屋の中)で一夜を過ごす、また止(とど)まって休息する、「【春秋左傳:莊公:莊公三年】凡師一宿為舍再宿爲信過信爲次(《疏》注正義曰舍者君行一日止而舍,N1,on,on+on,B_noun_rad_宀(kun 93%),民:◆(支配者層に属する人を除く)一般の人◆人(ひと)、人達(ひとたち); 宿:◆屋根の下(家屋の中)で一夜を過ごす、また止(とど)まって休息する、「【春秋左傳:莊公:莊公三年】凡師一宿為舍再宿爲信過信爲次(《疏》注正義曰舍者君行一日止而舍
kk_気さく_きさく,気さく,きさく,気:◆中国古来の考えで、天地全ての事物の基本要素、目に見えず形状は一定しない、あらゆる事物の生死・盛衰などの変化・変動はこの「気」の移動・集散によるものと考えられた,N1,on,on~,IL1_okurigana(kun 96%) | IL2_single_okuri(kun 96%),気:◆中国古来の考えで、天地全ての事物の基本要素、目に見えず形状は一定しない、あらゆる事物の生死・盛衰などの変化・変動はこの「気」の移動・集散によるものと考えられた
kk_気まずい_きまずい,気まずい,きまずい,気:◆中国古来の考えで、天地全ての事物の基本要素、目に見えず形状は一定しない、あらゆる事物の生死・盛衰などの変化・変動はこの「気」の移動・集散によるものと考えられた,N1,on,on~,IL1_okurigana(kun 96%) | IL2_single_okuri(kun 96%),気:◆中国古来の考えで、天地全ての事物の基本要素、目に見えず形状は一定しない、あらゆる事物の生死・盛衰などの変化・変動はこの「気」の移動・集散によるものと考えられた
kk_気兼ね_きがね,気兼ね,きがね,気:◆中国古来の考えで、天地全ての事物の基本要素、目に見えず形状は一定しない、あらゆる事物の生死・盛衰などの変化・変動はこの「気」の移動・集散によるものと考えられた; 兼:◆穀物を両手に握り持つ、穀物(禾)を片手だけに持つのは「秉」、これを二つ並べた「𥡝」の簡略字が「兼」◆か・ねる、幾つかの物事を併(あわ)せる、また併せ持つ◆幾つ,N1,on,on+mixed~,IL1_okurigana(kun 96%) | A1_compound_oku(kun 90%) | A1_on_kun_mix(on+kun 65%),気:◆中国古来の考えで、天地全ての事物の基本要素、目に見えず形状は一定しない、あらゆる事物の生死・盛衰などの変化・変動はこの「気」の移動・集散によるものと考えられた; 兼:◆穀物を両手に握り持つ、穀物(禾)を片手だけに持つのは「秉」、これを二つ並べた「𥡝」の簡略字が「兼」◆か・ねる、幾つかの物事を併(あわ)せる、また併せ持つ◆幾つ
kk_気力_きりょく,気力,きりょく,気:◆中国古来の考えで、天地全ての事物の基本要素、目に見えず形状は一定しない、あらゆる事物の生死・盛衰などの変化・変動はこの「気」の移動・集散によるものと考えられた; 力:◆ものを動かすもの、ものを動かしているもの、ものに働(はたら)くもの、「強力(キョウリョク、強い力)」◆働く、務(つと)める、勤(つと)める、「努力(ドリョク、,N1,on,on+on,A3_short_compound(on+on 71%) | B_verb_rad_力(kun 80%),気:◆中国古来の考えで、天地全ての事物の基本要素、目に見えず形状は一定しない、あらゆる事物の生死・盛衰などの変化・変動はこの「気」の移動・集散によるものと考えられた; 力:◆ものを動かすもの、ものを動かしているもの、ものに働(はたら)くもの、「強力(キョウリョク、強い力)」◆働く、務(つと)める、勤(つと)める、「努力(ドリョク、
kk_気取る_きどる,気取る,きどる,気:◆中国古来の考えで、天地全ての事物の基本要素、目に見えず形状は一定しない、あらゆる事物の生死・盛衰などの変化・変動はこの「気」の移動・集散によるものと考えられた; 取:◆捕(つか)まえる、捕(と)らえる、縄(なわ)を掛ける◆手に入れる、手の中に収(おさ)める、手で受ける◆(多くの中から一部を、或いは一つを)選ぶ、選択する◆娶(,N1,on,on+mixed~,IL1_okurigana(kun 96%) | A1_compound_oku(kun 90%) | A1_on_kun_mix(on+kun 65%),気:◆中国古来の考えで、天地全ての事物の基本要素、目に見えず形状は一定しない、あらゆる事物の生死・盛衰などの変化・変動はこの「気」の移動・集散によるものと考えられた; 取:◆捕(つか)まえる、捕(と)らえる、縄(なわ)を掛ける◆手に入れる、手の中に収(おさ)める、手で受ける◆(多くの中から一部を、或いは一つを)選ぶ、選択する◆娶(
kk_気合_きあい,気合,きあい,気:◆中国古来の考えで、天地全ての事物の基本要素、目に見えず形状は一定しない、あらゆる事物の生死・盛衰などの変化・変動はこの「気」の移動・集散によるものと考えられた; 合:◆人や物が集まって一緒になる、また一つになる◆幾つかのものを集め一緒にする、幾つかのものが集まり同じになる◆同じものを纏(まと)めた全体◆ぴったりと一致する、当,N1,mixed,on+kun~,A3_short_compound(on+on 71%),気:◆中国古来の考えで、天地全ての事物の基本要素、目に見えず形状は一定しない、あらゆる事物の生死・盛衰などの変化・変動はこの「気」の移動・集散によるものと考えられた; 合:◆人や物が集まって一緒になる、また一つになる◆幾つかのものを集め一緒にする、幾つかのものが集まり同じになる◆同じものを纏(まと)めた全体◆ぴったりと一致する、当
kk_気味悪い_きみわるい,気味悪い,きみわるい,気:◆中国古来の考えで、天地全ての事物の基本要素、目に見えず形状は一定しない、あらゆる事物の生死・盛衰などの変化・変動はこの「気」の移動・集散によるものと考えられた; 味:◆舌で感じる、舌の感覚◆「五味(ゴミ)」、舌の感覚(味)を五つに大別したもの、酸(酸っぱい味)苦(苦い味)辛(辛い味)鹹(塩辛い味)甘(甘い味)、「【禮記注疏(; 悪:◆良くない、劣る、好ましくない◆憎む、好ましくない(良くない)感情を抱く◆不快な、不吉な◆忌(いま)まわしい、醜(みにく)い、またそのように行い◆道を誤る、道義,N1,mixed,on+on+kun~,IL1_okurigana(kun 96%) | A1_compound_oku(kun 90%) | A1_on_kun_mix(on+kun 65%),気:◆中国古来の考えで、天地全ての事物の基本要素、目に見えず形状は一定しない、あらゆる事物の生死・盛衰などの変化・変動はこの「気」の移動・集散によるものと考えられた; 味:◆舌で感じる、舌の感覚◆「五味(ゴミ)」、舌の感覚(味)を五つに大別したもの、酸(酸っぱい味)苦(苦い味)辛(辛い味)鹹(塩辛い味)甘(甘い味)、「【禮記注疏(; 悪:◆良くない、劣る、好ましくない◆憎む、好ましくない(良くない)感情を抱く◆不快な、不吉な◆忌(いま)まわしい、醜(みにく)い、またそのように行い◆道を誤る、道義
kk_気品_きひん,気品,きひん,気:◆中国古来の考えで、天地全ての事物の基本要素、目に見えず形状は一定しない、あらゆる事物の生死・盛衰などの変化・変動はこの「気」の移動・集散によるものと考えられた; 品:◆物(もの)、多くの物、様々な物◆もの(人や物)の本質・価値・程度を判断する◆ものの値打ち、また価値、また程度・等級,N1,on,on+on,A3_short_compound(on+on 71%),気:◆中国古来の考えで、天地全ての事物の基本要素、目に見えず形状は一定しない、あらゆる事物の生死・盛衰などの変化・変動はこの「気」の移動・集散によるものと考えられた; 品:◆物(もの)、多くの物、様々な物◆もの(人や物)の本質・価値・程度を判断する◆ものの値打ち、また価値、また程度・等級
kk_気心_きごころ,気心,きごころ,気:◆中国古来の考えで、天地全ての事物の基本要素、目に見えず形状は一定しない、あらゆる事物の生死・盛衰などの変化・変動はこの「気」の移動・集散によるものと考えられた; 心:◆血液を循環させる働きをする臓器で五臓(心シン・肝カン・脾ヒ・肺ハイ・腎ジン)の一つ ◆ものの真(ま)ん中、真ん中(中心)にあるもの、ものの重要な部分、ものの本,N1,on,on+mixed~,,気:◆中国古来の考えで、天地全ての事物の基本要素、目に見えず形状は一定しない、あらゆる事物の生死・盛衰などの変化・変動はこの「気」の移動・集散によるものと考えられた; 心:◆血液を循環させる働きをする臓器で五臓(心シン・肝カン・脾ヒ・肺ハイ・腎ジン)の一つ ◆ものの真(ま)ん中、真ん中(中心)にあるもの、ものの重要な部分、ものの本
kk_気性_きしょう,気性,きしょう,気:◆中国古来の考えで、天地全ての事物の基本要素、目に見えず形状は一定しない、あらゆる事物の生死・盛衰などの変化・変動はこの「気」の移動・集散によるものと考えられた; 性:◆生まれながらに持っている能力・性格・習癖・運命などの無形のもの◆男女・雄雌の別、男女間また雄雌間の本能的な関係◆物事が具えている資質や能力,N1,on,on+on,A3_short_compound(on+on 71%),気:◆中国古来の考えで、天地全ての事物の基本要素、目に見えず形状は一定しない、あらゆる事物の生死・盛衰などの変化・変動はこの「気」の移動・集散によるものと考えられた; 性:◆生まれながらに持っている能力・性格・習癖・運命などの無形のもの◆男女・雄雌の別、男女間また雄雌間の本能的な関係◆物事が具えている資質や能力
kk_気立て_きだて,気立て,きだて,気:◆中国古来の考えで、天地全ての事物の基本要素、目に見えず形状は一定しない、あらゆる事物の生死・盛衰などの変化・変動はこの「気」の移動・集散によるものと考えられた; 立:◆地(チ、地面、土台、基盤)に足を着け垂直にする、また垂直になる、地から上に向かって伸ばす、また伸びる◆しっかりとした土台を築いてその上にものを作り上げて行く、,N1,on,on+mixed~,IL1_okurigana(kun 96%) | A1_compound_oku(kun 90%) | A1_on_kun_mix(on+kun 65%),気:◆中国古来の考えで、天地全ての事物の基本要素、目に見えず形状は一定しない、あらゆる事物の生死・盛衰などの変化・変動はこの「気」の移動・集散によるものと考えられた; 立:◆地(チ、地面、土台、基盤)に足を着け垂直にする、また垂直になる、地から上に向かって伸ばす、また伸びる◆しっかりとした土台を築いてその上にものを作り上げて行く、
kk_気紛れ_きまぐれ,気紛れ,きまぐれ,気:◆中国古来の考えで、天地全ての事物の基本要素、目に見えず形状は一定しない、あらゆる事物の生死・盛衰などの変化・変動はこの「気」の移動・集散によるものと考えられた; 紛:◆旗などがひらひらと激しくはためくさま、馬の尾がひらひらと揺れ乱れるさま◆細かいもの(細いもの、小さいもの)が入り乱れる、乱れて絡(から)み合う、縺(もつ)れ合,N1,on,on+mixed~,IL1_okurigana(kun 96%) | A1_compound_oku(kun 90%) | A1_on_kun_mix(on+kun 65%),気:◆中国古来の考えで、天地全ての事物の基本要素、目に見えず形状は一定しない、あらゆる事物の生死・盛衰などの変化・変動はこの「気」の移動・集散によるものと考えられた; 紛:◆旗などがひらひらと激しくはためくさま、馬の尾がひらひらと揺れ乱れるさま◆細かいもの(細いもの、小さいもの)が入り乱れる、乱れて絡(から)み合う、縺(もつ)れ合
kk_気触れる_かぶれる,気触れる,かぶれる,気:◆中国古来の考えで、天地全ての事物の基本要素、目に見えず形状は一定しない、あらゆる事物の生死・盛衰などの変化・変動はこの「気」の移動・集散によるものと考えられた; 触:◆角(つの)の先端が当たる、尖(とが)ったものの先端が軽く当たる、同「𧢻」◆一部分(全体の中のある限られた部分、狭い部分)に当たる、また押し当てる◆法で禁じられ,N1,on,on+mixed~,IL1_okurigana(kun 96%) | A1_compound_oku(kun 90%) | A1_on_kun_mix(on+kun 65%),気:◆中国古来の考えで、天地全ての事物の基本要素、目に見えず形状は一定しない、あらゆる事物の生死・盛衰などの変化・変動はこの「気」の移動・集散によるものと考えられた; 触:◆角(つの)の先端が当たる、尖(とが)ったものの先端が軽く当たる、同「𧢻」◆一部分(全体の中のある限られた部分、狭い部分)に当たる、また押し当てる◆法で禁じられ
kk_気質_きしつ,気質,きしつ,気:◆中国古来の考えで、天地全ての事物の基本要素、目に見えず形状は一定しない、あらゆる事物の生死・盛衰などの変化・変動はこの「気」の移動・集散によるものと考えられた; 質:◆本来の、元々(もともと)の、「本質(ホンシツ)」◆本来のままであるさま、素(す)のままであるさま、「質素(シッソ)」◆そのものが持つ本来の価値や中身、また性格,N1,on,on+on,A3_short_compound(on+on 71%),気:◆中国古来の考えで、天地全ての事物の基本要素、目に見えず形状は一定しない、あらゆる事物の生死・盛衰などの変化・変動はこの「気」の移動・集散によるものと考えられた; 質:◆本来の、元々(もともと)の、「本質(ホンシツ)」◆本来のままであるさま、素(す)のままであるさま、「質素(シッソ)」◆そのものが持つ本来の価値や中身、また性格
kk_気遣う_きづかう,気遣う,きづかう,気:◆中国古来の考えで、天地全ての事物の基本要素、目に見えず形状は一定しない、あらゆる事物の生死・盛衰などの変化・変動はこの「気」の移動・集散によるものと考えられた; 遣:◆人を行かせる、差し向ける、「派遣(ハケン)」◆追いやる、追い払う◆人や物を送る◆死者を葬(ほうむ)る際に共に埋葬する副葬品、「遣車(ケンシャ、副葬品を載せる車,N1,on,on+mixed~,IL1_okurigana(kun 96%) | A1_compound_oku(kun 90%) | A1_on_kun_mix(on+kun 65%),気:◆中国古来の考えで、天地全ての事物の基本要素、目に見えず形状は一定しない、あらゆる事物の生死・盛衰などの変化・変動はこの「気」の移動・集散によるものと考えられた; 遣:◆人を行かせる、差し向ける、「派遣(ハケン)」◆追いやる、追い払う◆人や物を送る◆死者を葬(ほうむ)る際に共に埋葬する副葬品、「遣車(ケンシャ、副葬品を載せる車
kk_気障_きざ,気障,きざ,気:◆中国古来の考えで、天地全ての事物の基本要素、目に見えず形状は一定しない、あらゆる事物の生死・盛衰などの変化・変動はこの「気」の移動・集散によるものと考えられた; 障:◆間が仕切られている、仕切る◆仕切られていて向こう側へ行けない、仕切って行く手を遮(さえぎ)る、妨げる◆仕切って遮(さえぎ)るもの、壁や塀・障子や衝立など◆差し,N1,on,on+mixed~,A3_short_compound(on+on 71%),気:◆中国古来の考えで、天地全ての事物の基本要素、目に見えず形状は一定しない、あらゆる事物の生死・盛衰などの変化・変動はこの「気」の移動・集散によるものと考えられた; 障:◆間が仕切られている、仕切る◆仕切られていて向こう側へ行けない、仕切って行く手を遮(さえぎ)る、妨げる◆仕切って遮(さえぎ)るもの、壁や塀・障子や衝立など◆差し
kk_気難しい_きむずかしい,気難しい,きむずかしい,気:◆中国古来の考えで、天地全ての事物の基本要素、目に見えず形状は一定しない、あらゆる事物の生死・盛衰などの変化・変動はこの「気」の移動・集散によるものと考えられた; 難:◆思いの通りにいかない(ならない)、～するのは容易でない、～しにくい、～しづらい、同「艱」◆災(わざわ)い、禍(カ、わざわい)、手の施(ほどこ)しようのない(思,N1,mixed,on+kun,IL1_okurigana(kun 96%) | A1_compound_oku(kun 90%) | A1_on_kun_mix(on+kun 65%),気:◆中国古来の考えで、天地全ての事物の基本要素、目に見えず形状は一定しない、あらゆる事物の生死・盛衰などの変化・変動はこの「気」の移動・集散によるものと考えられた; 難:◆思いの通りにいかない(ならない)、～するのは容易でない、～しにくい、～しづらい、同「艱」◆災(わざわ)い、禍(カ、わざわい)、手の施(ほどこ)しようのない(思
kk_気風_きふう,気風,きふう,気:◆中国古来の考えで、天地全ての事物の基本要素、目に見えず形状は一定しない、あらゆる事物の生死・盛衰などの変化・変動はこの「気」の移動・集散によるものと考えられた; 風:◆大気の流れや揺らぎ ◆(風に乗って)どこからともなく届いて来る話や様子◆(風のように自然に広まる)一般的な習慣や傾向◆譬える、似たもの◆かぜ、部首名,N1,on,on+on,A3_short_compound(on+on 71%),気:◆中国古来の考えで、天地全ての事物の基本要素、目に見えず形状は一定しない、あらゆる事物の生死・盛衰などの変化・変動はこの「気」の移動・集散によるものと考えられた; 風:◆大気の流れや揺らぎ ◆(風に乗って)どこからともなく届いて来る話や様子◆(風のように自然に広まる)一般的な習慣や傾向◆譬える、似たもの◆かぜ、部首名
kk_水増し_みずまし,水増し,みずまし,水:◆器などに入れると水平になる(器に合わせて形を変える)液体、液状のもの、酸素と水素からなる液体 H<sub>2</sub>O、(一般には人工的に他のものを加えて; 増:◆同質のものが積み重(かさ)なる、また繰り返される、同「曾」「層」◆付け加わる、大きくなる、多くなる,N1,kun,kun+kun,IL1_okurigana(kun 96%) | A1_compound_oku(kun 90%) | A1_on_kun_mix(on+kun 65%),水:◆器などに入れると水平になる(器に合わせて形を変える)液体、液状のもの、酸素と水素からなる液体 H<sub>2</sub>O、(一般には人工的に他のものを加えて; 増:◆同質のものが積み重(かさ)なる、また繰り返される、同「曾」「層」◆付け加わる、大きくなる、多くなる
kk_水気_みずけ,水気,みずけ,水:◆器などに入れると水平になる(器に合わせて形を変える)液体、液状のもの、酸素と水素からなる液体 H<sub>2</sub>O、(一般には人工的に他のものを加えて; 気:◆中国古来の考えで、天地全ての事物の基本要素、目に見えず形状は一定しない、あらゆる事物の生死・盛衰などの変化・変動はこの「気」の移動・集散によるものと考えられた,N1,mixed,kun+on~,A3_short_compound(on+on 71%),水:◆器などに入れると水平になる(器に合わせて形を変える)液体、液状のもの、酸素と水素からなる液体 H<sub>2</sub>O、(一般には人工的に他のものを加えて; 気:◆中国古来の考えで、天地全ての事物の基本要素、目に見えず形状は一定しない、あらゆる事物の生死・盛衰などの変化・変動はこの「気」の移動・集散によるものと考えられた
kk_水源_すいげん,水源,すいげん,水:◆器などに入れると水平になる(器に合わせて形を変える)液体、液状のもの、酸素と水素からなる液体 H<sub>2</sub>O、(一般には人工的に他のものを加えて; 源:◆地下水が地表に湧(わ)き出るところ、同「厵」「原」◆物事の始まり、物事の大本(おおもと)、物事の根本(コンポン)、物事の基本、同「原」,N1,on,on+on,,水:◆器などに入れると水平になる(器に合わせて形を変える)液体、液状のもの、酸素と水素からなる液体 H<sub>2</sub>O、(一般には人工的に他のものを加えて; 源:◆地下水が地表に湧(わ)き出るところ、同「厵」「原」◆物事の始まり、物事の大本(おおもと)、物事の根本(コンポン)、物事の基本、同「原」
kk_水溜り_みずたまり,水溜り,みずたまり,水:◆器などに入れると水平になる(器に合わせて形を変える)液体、液状のもの、酸素と水素からなる液体 H<sub>2</sub>O、(一般には人工的に他のものを加えて; 溜:◆雨が滴(したた)り落ちる、雨垂れ◆軒先から流れ落ちる雨でできた水溜り、雨垂れを受ける雨樋(あまどい)◆滑る、つるつるの、滑り落ちる◆すっと流れる、さっと抜ける,N1,kun,kun+kun,IL1_okurigana(kun 96%) | A1_compound_oku(kun 90%) | A1_on_kun_mix(on+kun 65%),水:◆器などに入れると水平になる(器に合わせて形を変える)液体、液状のもの、酸素と水素からなる液体 H<sub>2</sub>O、(一般には人工的に他のものを加えて; 溜:◆雨が滴(したた)り落ちる、雨垂れ◆軒先から流れ落ちる雨でできた水溜り、雨垂れを受ける雨樋(あまどい)◆滑る、つるつるの、滑り落ちる◆すっと流れる、さっと抜ける
kk_氷河期_ひょうがき,氷河期,ひょうがき,氷:◆凍(こお)る、凍って固まる、同「仌」「冫」◆水が凍って固体になったもの◆(氷のように)透き通っているさま、また曇りや汚(けが)れがないさま; 河:◆川、特に大河(タイガ、大きな川)を指す◆「黄河(コウガ)」の略称、これに対し「江」は「長江(チョウコウ)」を指す、このことから中国北部では川を「河」、南部では; 期:◆予定されている(約束されている)時(とき、時期、時間)、「時期(ジキ)」「期間(キカン、二つの時の間、始めの時から終わりの時までの間)」◆決められた時(時期、,N1,on,on+on+on,A4_multi_on(on+on+on 65%),氷:◆凍(こお)る、凍って固まる、同「仌」「冫」◆水が凍って固体になったもの◆(氷のように)透き通っているさま、また曇りや汚(けが)れがないさま; 河:◆川、特に大河(タイガ、大きな川)を指す◆「黄河(コウガ)」の略称、これに対し「江」は「長江(チョウコウ)」を指す、このことから中国北部では川を「河」、南部では; 期:◆予定されている(約束されている)時(とき、時期、時間)、「時期(ジキ)」「期間(キカン、二つの時の間、始めの時から終わりの時までの間)」◆決められた時(時期、
kk_氾濫_はんらん,氾濫,はんらん,氾:◆溢(あふ)れ出た水が一面に広がり覆(おお)う、「氾濫(ハンラン)」、同「泛」◆一面に広がる、広く隅々まで行き渡る、同「汎」「泛」; 濫:◆水が一面に満ちて溢(あふ)れる、水が(堰や堤を越えて)外に溢(あふ)れ出る、同「灠」◆度を越えて、無闇(むやみ)に、勝手気ままな、「堰や堤のような限度や限界を,N1,on,on+on,,氾:◆溢(あふ)れ出た水が一面に広がり覆(おお)う、「氾濫(ハンラン)」、同「泛」◆一面に広がる、広く隅々まで行き渡る、同「汎」「泛」; 濫:◆水が一面に満ちて溢(あふ)れる、水が(堰や堤を越えて)外に溢(あふ)れ出る、同「灠」◆度を越えて、無闇(むやみ)に、勝手気ままな、「堰や堤のような限度や限界を
kk_求人_きゅうじん,求人,きゅうじん,求:◆探(さが)す、飽(あ)くまでも捜(さが)す◆欲しいものを何とか得ようとする、他人にものが欲しい(して欲しい)とねだる、強く乞(こ)う; 人:◆霊長目ヒト科ヒト属の生物、ホモ・サピエンスHomo sapiens(「知恵の人」の意)、同「儿」◆自分以外の者、「人我(ジンガ、他人と自分)」◆人の数(かず),N1,on,on+on,,求:◆探(さが)す、飽(あ)くまでも捜(さが)す◆欲しいものを何とか得ようとする、他人にものが欲しい(して欲しい)とねだる、強く乞(こ)う; 人:◆霊長目ヒト科ヒト属の生物、ホモ・サピエンスHomo sapiens(「知恵の人」の意)、同「儿」◆自分以外の者、「人我(ジンガ、他人と自分)」◆人の数(かず)
kk_汚らわしい_けがらわしい,汚らわしい,けがらわしい,汚:◆淀(よど)んで濁(にご)った水◆穢(けが)れる、異物が混じる◆不潔(フケツ)なさま◆行いが正しくない◆泥を塗る、泥を塗って面目を失わせる,N1,kun,kun,IL1_okurigana(kun 96%) | IL2_single_okuri(kun 96%),汚:◆淀(よど)んで濁(にご)った水◆穢(けが)れる、異物が混じる◆不潔(フケツ)なさま◆行いが正しくない◆泥を塗る、泥を塗って面目を失わせる
kk_汚職_おしょく,汚職,おしょく,汚:◆淀(よど)んで濁(にご)った水◆穢(けが)れる、異物が混じる◆不潔(フケツ)なさま◆行いが正しくない◆泥を塗る、泥を塗って面目を失わせる; 職:◆力を注ぐべき仕事や役割、またその責任を担(にな)う◆一定の業務や役目を司(つかさど)る◆担当する業務や役目、またそこでの地位,N1,on,on+on,A3_short_compound(on+on 71%),汚:◆淀(よど)んで濁(にご)った水◆穢(けが)れる、異物が混じる◆不潔(フケツ)なさま◆行いが正しくない◆泥を塗る、泥を塗って面目を失わせる; 職:◆力を注ぐべき仕事や役割、またその責任を担(にな)う◆一定の業務や役目を司(つかさど)る◆担当する業務や役目、またそこでの地位
kk_決まって_きまって,決まって,きまって,決:◆堤(つつみ)などが破(やぶ)れる、また(堤防などが破れて)水が流れ出る◆破る、突き破る◆(妨げとなっている物や事を突き破って、押し退けて)きっぱりと、「決断(,N1,kun,kun,IL1_okurigana(kun 96%) | IL2_single_okuri(kun 96%),決:◆堤(つつみ)などが破(やぶ)れる、また(堤防などが破れて)水が流れ出る◆破る、突き破る◆(妨げとなっている物や事を突き破って、押し退けて)きっぱりと、「決断(
kk_決まり悪い_きまりわるい,決まり悪い,きまりわるい,決:◆堤(つつみ)などが破(やぶ)れる、また(堤防などが破れて)水が流れ出る◆破る、突き破る◆(妨げとなっている物や事を突き破って、押し退けて)きっぱりと、「決断(; 悪:◆良くない、劣る、好ましくない◆憎む、好ましくない(良くない)感情を抱く◆不快な、不吉な◆忌(いま)まわしい、醜(みにく)い、またそのように行い◆道を誤る、道義,N1,kun,kun+kun~,IL1_okurigana(kun 96%) | A1_compound_oku(kun 90%) | A1_on_kun_mix(on+kun 65%),決:◆堤(つつみ)などが破(やぶ)れる、また(堤防などが破れて)水が流れ出る◆破る、突き破る◆(妨げとなっている物や事を突き破って、押し退けて)きっぱりと、「決断(; 悪:◆良くない、劣る、好ましくない◆憎む、好ましくない(良くない)感情を抱く◆不快な、不吉な◆忌(いま)まわしい、醜(みにく)い、またそのように行い◆道を誤る、道義
kk_決まり文句_きまりもんく,決まり文句,きまりもんく,"決:◆堤(つつみ)などが破(やぶ)れる、また(堤防などが破れて)水が流れ出る◆破る、突き破る◆(妨げとなっている物や事を突き破って、押し退けて)きっぱりと、「決断(; 文:◆紋様や図形、「天文(テンブン、テンモン)」◆多くの人にとって共通の意味を持つ紋様や図形、「文字(モジ、モンジ)」、古くは象形文字(ものの形を象った字、「宀」「; 句:◆曲がる、湾曲する、同「勾」◆言葉や文章の区切り、""」(閉じ鉤括弧、縦書きの場合は""Ｌ""のような形で表す)""、現代では読点(、頓号)・コンマcomma(,逗号)",N1,mixed,kun+on+on~,IL1_okurigana(kun 96%) | A1_compound_oku(kun 90%) | A1_on_kun_mix(on+kun 65%),"決:◆堤(つつみ)などが破(やぶ)れる、また(堤防などが破れて)水が流れ出る◆破る、突き破る◆(妨げとなっている物や事を突き破って、押し退けて)きっぱりと、「決断(; 文:◆紋様や図形、「天文(テンブン、テンモン)」◆多くの人にとって共通の意味を持つ紋様や図形、「文字(モジ、モンジ)」、古くは象形文字(ものの形を象った字、「宀」「; 句:◆曲がる、湾曲する、同「勾」◆言葉や文章の区切り、""」(閉じ鉤括弧、縦書きの場合は""Ｌ""のような形で表す)""、現代では読点(、頓号)・コンマcomma(,逗号)"
kk_決め付ける_きめつける,決め付ける,きめつける,決:◆堤(つつみ)などが破(やぶ)れる、また(堤防などが破れて)水が流れ出る◆破る、突き破る◆(妨げとなっている物や事を突き破って、押し退けて)きっぱりと、「決断(; 付:◆手ずから授(さず)ける、直接手を取って与える、同「仅」◆渡し与える、渡して任せる、委(ゆだ)ねる◆[日]他のものに加える、また添える、また足す、同「附」,N1,kun,kun+kun~,IL1_okurigana(kun 96%) | A1_compound_oku(kun 90%) | A1_on_kun_mix(on+kun 65%),決:◆堤(つつみ)などが破(やぶ)れる、また(堤防などが破れて)水が流れ出る◆破る、突き破る◆(妨げとなっている物や事を突き破って、押し退けて)きっぱりと、「決断(; 付:◆手ずから授(さず)ける、直接手を取って与える、同「仅」◆渡し与える、渡して任せる、委(ゆだ)ねる◆[日]他のものに加える、また添える、また足す、同「附」
kk_決着_けっちゃく,決着,けっちゃく,決:◆堤(つつみ)などが破(やぶ)れる、また(堤防などが破れて)水が流れ出る◆破る、突き破る◆(妨げとなっている物や事を突き破って、押し退けて)きっぱりと、「決断(; 着:◆目的や目標としている物事・場所などに届く、また達する、また到る、同「著」◆他のものに付く、同「著」◆き・る、衣服を身に付ける、同「著」◆火や明かりを点(つ)け,N1,on,on+on,,決:◆堤(つつみ)などが破(やぶ)れる、また(堤防などが破れて)水が流れ出る◆破る、突き破る◆(妨げとなっている物や事を突き破って、押し退けて)きっぱりと、「決断(; 着:◆目的や目標としている物事・場所などに届く、また達する、また到る、同「著」◆他のものに付く、同「著」◆き・る、衣服を身に付ける、同「著」◆火や明かりを点(つ)け
kk_決算_けっさん,決算,けっさん,決:◆堤(つつみ)などが破(やぶ)れる、また(堤防などが破れて)水が流れ出る◆破る、突き破る◆(妨げとなっている物や事を突き破って、押し退けて)きっぱりと、「決断(; 算:◆数(かず)を数(かぞ)える、同「筭」◆数を計算する(本数や置き方によって数を表す)ための竹の棒、占いにも用いる、同「籌」、「算籌(サンチュウ、計算また占いに用,N1,on,on+on,B_noun_rad_竹(kun 93%),決:◆堤(つつみ)などが破(やぶ)れる、また(堤防などが破れて)水が流れ出る◆破る、突き破る◆(妨げとなっている物や事を突き破って、押し退けて)きっぱりと、「決断(; 算:◆数(かず)を数(かぞ)える、同「筭」◆数を計算する(本数や置き方によって数を表す)ための竹の棒、占いにも用いる、同「籌」、「算籌(サンチュウ、計算また占いに用
kk_沈没_ちんぼつ,沈没,ちんぼつ,沈:◆ものが水中を底の方に向かって落ちて行く、全体が水面よりも下になって見えなくなる、同「沉」◆気持ちが落ち込む(沈み込む)、同「沉」◆奥深くに入り込む、深くのめり; 没:◆水中に沈む、沈んで姿が見えなくなる◆(高いところにあったものが下に落ちて)ものの陰(かげ)に隠れて見えなくなる◆なくなる、なくす◆「没収(ボッシュウ)」、私有,N1,on,on+on,,沈:◆ものが水中を底の方に向かって落ちて行く、全体が水面よりも下になって見えなくなる、同「沉」◆気持ちが落ち込む(沈み込む)、同「沉」◆奥深くに入り込む、深くのめり; 没:◆水中に沈む、沈んで姿が見えなくなる◆(高いところにあったものが下に落ちて)ものの陰(かげ)に隠れて見えなくなる◆なくなる、なくす◆「没収(ボッシュウ)」、私有
kk_沈黙_ちんもく,沈黙,ちんもく,沈:◆ものが水中を底の方に向かって落ちて行く、全体が水面よりも下になって見えなくなる、同「沉」◆気持ちが落ち込む(沈み込む)、同「沉」◆奥深くに入り込む、深くのめり; 黙:◆(話を止めて)口を噤(つぐ)む、語(かた)らない、口を利かず静かにする,N1,on,on+on,,沈:◆ものが水中を底の方に向かって落ちて行く、全体が水面よりも下になって見えなくなる、同「沉」◆気持ちが落ち込む(沈み込む)、同「沉」◆奥深くに入り込む、深くのめり; 黙:◆(話を止めて)口を噤(つぐ)む、語(かた)らない、口を利かず静かにする
kk_没収_ぼっしゅう,没収,ぼっしゅう,没:◆水中に沈む、沈んで姿が見えなくなる◆(高いところにあったものが下に落ちて)ものの陰(かげ)に隠れて見えなくなる◆なくなる、なくす◆「没収(ボッシュウ)」、私有; 収:◆あちこちから取り集めて一カ所に纏(まと)める◆収穫したものを一カ所に集める、また役所がその一部を取り立てて公庫(政府の倉庫など)に入れる◆罪人を捕(とら)らえ,N1,on,on+on,,没:◆水中に沈む、沈んで姿が見えなくなる◆(高いところにあったものが下に落ちて)ものの陰(かげ)に隠れて見えなくなる◆なくなる、なくす◆「没収(ボッシュウ)」、私有; 収:◆あちこちから取り集めて一カ所に纏(まと)める◆収穫したものを一カ所に集める、また役所がその一部を取り立てて公庫(政府の倉庫など)に入れる◆罪人を捕(とら)らえ
kk_没落_ぼつらく,没落,ぼつらく,没:◆水中に沈む、沈んで姿が見えなくなる◆(高いところにあったものが下に落ちて)ものの陰(かげ)に隠れて見えなくなる◆なくなる、なくす◆「没収(ボッシュウ)」、私有; 落:◆上にあったものが下に移動する、高い所から下に位置を変える、「落下(ラッカ)」「墜落(ツイラク)」◆枯れ衰える、(枯れた葉が)地に墜ちる、「没落(ボツラク)」「,N1,on,on+on,,没:◆水中に沈む、沈んで姿が見えなくなる◆(高いところにあったものが下に落ちて)ものの陰(かげ)に隠れて見えなくなる◆なくなる、なくす◆「没収(ボッシュウ)」、私有; 落:◆上にあったものが下に移動する、高い所から下に位置を変える、「落下(ラッカ)」「墜落(ツイラク)」◆枯れ衰える、(枯れた葉が)地に墜ちる、「没落(ボツラク)」「
kk_没頭_ぼっとう,没頭,ぼっとう,没:◆水中に沈む、沈んで姿が見えなくなる◆(高いところにあったものが下に落ちて)ものの陰(かげ)に隠れて見えなくなる◆なくなる、なくす◆「没収(ボッシュウ)」、私有; 頭:◆身体の最上部(四足・多足の動物の場合は先端部)、胴体の肩よりも上(先)にある部分 ◆物事の端(はじ)、物事の始まり(先端、最初)や終わり(後端、最終)、「先頭,N1,on,on+on,,没:◆水中に沈む、沈んで姿が見えなくなる◆(高いところにあったものが下に落ちて)ものの陰(かげ)に隠れて見えなくなる◆なくなる、なくす◆「没収(ボッシュウ)」、私有; 頭:◆身体の最上部(四足・多足の動物の場合は先端部)、胴体の肩よりも上(先)にある部分 ◆物事の端(はじ)、物事の始まり(先端、最初)や終わり(後端、最終)、「先頭
kk_河川_かせん,河川,かせん,河:◆川、特に大河(タイガ、大きな川)を指す◆「黄河(コウガ)」の略称、これに対し「江」は「長江(チョウコウ)」を指す、このことから中国北部では川を「河」、南部では; 川:◆水の流れる道、同「巛」◆四川省の略称 ◆かわ、さんぼんがわ、部首名,N1,on,on+on,A3_short_compound(on+on 71%),河:◆川、特に大河(タイガ、大きな川)を指す◆「黄河(コウガ)」の略称、これに対し「江」は「長江(チョウコウ)」を指す、このことから中国北部では川を「河」、南部では; 川:◆水の流れる道、同「巛」◆四川省の略称 ◆かわ、さんぼんがわ、部首名
kk_沸き上がる_わきあがる,沸き上がる,わきあがる,沸:◆水が勢いよく湧(わ)き出る、湧き上がる、同「㵒」◆(声などが)涌(わ)き上がる◆液体に熱が加わりぼこぼこと泡が立つ状態になる; 上:◆位置・場所・地位などが高い、高い方にある◆高い方に移る、昇る、登る◆順序・時間などが前、前の方にある◆前の方に移る◆等級・品質などが高い、優れている◆殿様、皇,N1,kun,kun+kun~,IL1_okurigana(kun 96%) | A1_compound_oku(kun 90%) | A1_on_kun_mix(on+kun 65%),沸:◆水が勢いよく湧(わ)き出る、湧き上がる、同「㵒」◆(声などが)涌(わ)き上がる◆液体に熱が加わりぼこぼこと泡が立つ状態になる; 上:◆位置・場所・地位などが高い、高い方にある◆高い方に移る、昇る、登る◆順序・時間などが前、前の方にある◆前の方に移る◆等級・品質などが高い、優れている◆殿様、皇
kk_油絵_あぶらえ,油絵,あぶらえ,油:◆粘性の高い可燃性の液体、「石油(セキユ)」◆膏(コウ、あぶら)、脂肪(シボウ)◆光沢(コウタク)、艶(つや)、同「𥑤」◆ゆったりとしたさま; 絵:◆布にさまざまな色糸を使って模様を刺繍する、また刺繍された布◆さまざまな色を使って模様を描く、また描かれたもの,N1,mixed,kun+on~,,油:◆粘性の高い可燃性の液体、「石油(セキユ)」◆膏(コウ、あぶら)、脂肪(シボウ)◆光沢(コウタク)、艶(つや)、同「𥑤」◆ゆったりとしたさま; 絵:◆布にさまざまな色糸を使って模様を刺繍する、また刺繍された布◆さまざまな色を使って模様を描く、また描かれたもの
kk_沼_ぬま,沼,ぬま,沼:◆水際(みぎわ)が曲線を描くように水を湛(たた)えているところ,N1,kun,kun,IL2_single_default(kun 84%),沼:◆水際(みぎわ)が曲線を描くように水を湛(たた)えているところ
kk_法人_ほうじん,法人,ほうじん,法:◆規律を維持するための決まり、守り従うべき制度や規則、私的なものではなく公(おおやけ)のものを指す◆標準的な或いは慣例となっているやり方、またそれらに従う◆基準; 人:◆霊長目ヒト科ヒト属の生物、ホモ・サピエンスHomo sapiens(「知恵の人」の意)、同「儿」◆自分以外の者、「人我(ジンガ、他人と自分)」◆人の数(かず),N1,on,on+on,,法:◆規律を維持するための決まり、守り従うべき制度や規則、私的なものではなく公(おおやけ)のものを指す◆標準的な或いは慣例となっているやり方、またそれらに従う◆基準; 人:◆霊長目ヒト科ヒト属の生物、ホモ・サピエンスHomo sapiens(「知恵の人」の意)、同「儿」◆自分以外の者、「人我(ジンガ、他人と自分)」◆人の数(かず)
kk_法廷_ほうてい,法廷,ほうてい,法:◆規律を維持するための決まり、守り従うべき制度や規則、私的なものではなく公(おおやけ)のものを指す◆標準的な或いは慣例となっているやり方、またそれらに従う◆基準; 廷:◆平らに整地されたところ、広場、同「庭」◆主権者が政(まつりごと)を行うところ、また役所、いずれも広い前庭があることから、同「庭」、「朝廷(チョウテイ、君主が政,N1,on,on+on,,法:◆規律を維持するための決まり、守り従うべき制度や規則、私的なものではなく公(おおやけ)のものを指す◆標準的な或いは慣例となっているやり方、またそれらに従う◆基準; 廷:◆平らに整地されたところ、広場、同「庭」◆主権者が政(まつりごと)を行うところ、また役所、いずれも広い前庭があることから、同「庭」、「朝廷(チョウテイ、君主が政
kk_波及_はきゅう,波及,はきゅう,波:◆(水が撹拌されることによって)水面が上下に揺れ動きながら(うねりながら)流れるさま、またその動き、またその形、「【爾雅注疏:釋地】河水清且瀾漪大波為瀾…小波為; 及:◆～の状態が継続してここに(今に)至る、同「迨」◆～(の状態、の時刻・時期・時機)になる、～に至(いた)る、同「迨」「逮」◆～(の状態、の場所、の段階)に達する,N1,on,on+on,A3_short_compound(on+on 71%),波:◆(水が撹拌されることによって)水面が上下に揺れ動きながら(うねりながら)流れるさま、またその動き、またその形、「【爾雅注疏:釋地】河水清且瀾漪大波為瀾…小波為; 及:◆～の状態が継続してここに(今に)至る、同「迨」◆～(の状態、の時刻・時期・時機)になる、～に至(いた)る、同「迨」「逮」◆～(の状態、の場所、の段階)に達する
kk_泥仕合_どろじあい,泥仕合,どろじあい,泥:◆水を含んだ土、同「埿」「淖」「𥩥」◆どろっとした、どろどろした、またそのようなもの◆(泥に足を取られて)動けない、囚(とら)われて抜け出せない、拘(こだわ)る; 仕:◆身分の高い人に付き従う、またその用をする◆官職に就く、またその業務や任務を担い行う◆為(な)す、為(な)すべき事; 合:◆人や物が集まって一緒になる、また一つになる◆幾つかのものを集め一緒にする、幾つかのものが集まり同じになる◆同じものを纏(まと)めた全体◆ぴったりと一致する、当,N1,mixed,kun+on+kun~,A4_multi_on(on+on+on 65%),泥:◆水を含んだ土、同「埿」「淖」「𥩥」◆どろっとした、どろどろした、またそのようなもの◆(泥に足を取られて)動けない、囚(とら)われて抜け出せない、拘(こだわ)る; 仕:◆身分の高い人に付き従う、またその用をする◆官職に就く、またその業務や任務を担い行う◆為(な)す、為(な)すべき事; 合:◆人や物が集まって一緒になる、また一つになる◆幾つかのものを集め一緒にする、幾つかのものが集まり同じになる◆同じものを纏(まと)めた全体◆ぴったりと一致する、当
kk_活性化_かっせいか,活性化,かっせいか,活:◆水が(生きているかのように)勢いよく流れるさま、またその音、「活活(カツカツ)」、同「𣿛」「𣸅」◆(水しぶきが飛び散るように)生き生きとしたさま、動きが生き生; 性:◆生まれながらに持っている能力・性格・習癖・運命などの無形のもの◆男女・雄雌の別、男女間また雄雌間の本能的な関係◆物事が具えている資質や能力; 化:◆性質・形状・状態などが元とは全く違ったものに変わる、まだ元の様子が分かる程度の変化は「変」◆他の影響を受けて、また時間を経ることによって考えや態度などが変わる,N1,on,on+on+on,A4_multi_on(on+on+on 65%),活:◆水が(生きているかのように)勢いよく流れるさま、またその音、「活活(カツカツ)」、同「𣿛」「𣸅」◆(水しぶきが飛び散るように)生き生きとしたさま、動きが生き生; 性:◆生まれながらに持っている能力・性格・習癖・運命などの無形のもの◆男女・雄雌の別、男女間また雄雌間の本能的な関係◆物事が具えている資質や能力; 化:◆性質・形状・状態などが元とは全く違ったものに変わる、まだ元の様子が分かる程度の変化は「変」◆他の影響を受けて、また時間を経ることによって考えや態度などが変わる
kk_活発_かっぱつ,活発,かっぱつ,活:◆水が(生きているかのように)勢いよく流れるさま、またその音、「活活(カツカツ)」、同「𣿛」「𣸅」◆(水しぶきが飛び散るように)生き生きとしたさま、動きが生き生; 発:◆矢を放つ、外(離れて行く方向)に向かって勢いよく飛び出る◆動いていなかったものが勢いよく動き出す、物事が動き出す、物事が始まる、行動を起こす◆隠れていたものが,N1,other,mixed+mixed~,,活:◆水が(生きているかのように)勢いよく流れるさま、またその音、「活活(カツカツ)」、同「𣿛」「𣸅」◆(水しぶきが飛び散るように)生き生きとしたさま、動きが生き生; 発:◆矢を放つ、外(離れて行く方向)に向かって勢いよく飛び出る◆動いていなかったものが勢いよく動き出す、物事が動き出す、物事が始まる、行動を起こす◆隠れていたものが
kk_流暢_りゅうちょう,流暢,りゅうちょう,流:◆水などの液体やそこに浮かんだもの・水中にあるものが淀まずに移動する◆罰として遠くへ移動させる◆(川の流れのように)淀まずに伝わって行く◆分かれて逸(そ)れる◆; 暢:◆途中で滞(とどこお)ったり閊(つか)えたりすることなくすっと通る、「流暢(リュウチョウ)」◆(なにに妨げられることなく)思う存分に、のびのびとした,N1,on,on+on,,流:◆水などの液体やそこに浮かんだもの・水中にあるものが淀まずに移動する◆罰として遠くへ移動させる◆(川の流れのように)淀まずに伝わって行く◆分かれて逸(そ)れる◆; 暢:◆途中で滞(とどこお)ったり閊(つか)えたりすることなくすっと通る、「流暢(リュウチョウ)」◆(なにに妨げられることなく)思う存分に、のびのびとした
kk_流通_りゅうつう,流通,りゅうつう,流:◆水などの液体やそこに浮かんだもの・水中にあるものが淀まずに移動する◆罰として遠くへ移動させる◆(川の流れのように)淀まずに伝わって行く◆分かれて逸(そ)れる◆; 通:◆途中に障害となるようなものがなく反対側・向こう側・相手方・目的地まで達する、また達している◆支障なく行き来ができる、また行き来する、また行き来ができるようにす,N1,on,on+on,,流:◆水などの液体やそこに浮かんだもの・水中にあるものが淀まずに移動する◆罰として遠くへ移動させる◆(川の流れのように)淀まずに伝わって行く◆分かれて逸(そ)れる◆; 通:◆途中に障害となるようなものがなく反対側・向こう側・相手方・目的地まで達する、また達している◆支障なく行き来ができる、また行き来する、また行き来ができるようにす
kk_浄化_じょうか,浄化,じょうか,浄:◆清らかな、穢(けが)れない、同「凈」◆清める、汚れを取る(落とす)、同「凈」◆京劇などの戲曲で隈取(くまどり、「臉譜」という)をした人物の役をいう、役柄(「行; 化:◆性質・形状・状態などが元とは全く違ったものに変わる、まだ元の様子が分かる程度の変化は「変」◆他の影響を受けて、また時間を経ることによって考えや態度などが変わる,N1,on,on+on,A3_short_compound(on+on 71%),浄:◆清らかな、穢(けが)れない、同「凈」◆清める、汚れを取る(落とす)、同「凈」◆京劇などの戲曲で隈取(くまどり、「臉譜」という)をした人物の役をいう、役柄(「行; 化:◆性質・形状・状態などが元とは全く違ったものに変わる、まだ元の様子が分かる程度の変化は「変」◆他の影響を受けて、また時間を経ることによって考えや態度などが変わる
kk_浅はか_あさはか,浅はか,あさはか,浅:◆水面から底までの距離が小さい、深くない◆薄っぺらな、厚みがない、奥行きがない◆色などが薄い、或いは淡い、深みがない◆時間的に短い、あまり時間が経(た)っていな,N1,kun,kun,IL1_okurigana(kun 96%) | IL2_single_okuri(kun 96%),浅:◆水面から底までの距離が小さい、深くない◆薄っぺらな、厚みがない、奥行きがない◆色などが薄い、或いは淡い、深みがない◆時間的に短い、あまり時間が経(た)っていな
kk_浅ましい_あさましい,浅ましい,あさましい,浅:◆水面から底までの距離が小さい、深くない◆薄っぺらな、厚みがない、奥行きがない◆色などが薄い、或いは淡い、深みがない◆時間的に短い、あまり時間が経(た)っていな,N1,kun,kun,IL1_okurigana(kun 96%) | IL2_single_okuri(kun 96%),浅:◆水面から底までの距離が小さい、深くない◆薄っぺらな、厚みがない、奥行きがない◆色などが薄い、或いは淡い、深みがない◆時間的に短い、あまり時間が経(た)っていな
kk_浚う_さらう,浚う,さらう,浚:◆水底に溜(た)まった泥や土砂を掬(すく)い出して深くする、同「䜭」◆深いさま、奥深いさま、「浚谷(シュンコク、深い谷、谷が奥深いさま)」◆同繁「濬」,N1,kun,kun,IL1_okurigana(kun 96%) | IL2_single_okuri(kun 96%),浚:◆水底に溜(た)まった泥や土砂を掬(すく)い出して深くする、同「䜭」◆深いさま、奥深いさま、「浚谷(シュンコク、深い谷、谷が奥深いさま)」◆同繁「濬」
kk_浮き浮き_うきうき,浮き浮き,うきうき,浮:◆水中にあるものが水面に出てくる、下にあるものが空中を上に移動する◆水面に留(とど)まる、空中に留まる、水面で水の流れのままに漂う、空中で空気の動き(風)のまま; 浮:◆水中にあるものが水面に出てくる、下にあるものが空中を上に移動する◆水面に留(とど)まる、空中に留まる、水面で水の流れのままに漂う、空中で空気の動き(風)のまま,N1,kun,kun+kun~,IL1_okurigana(kun 96%) | A1_compound_oku(kun 90%) | A1_on_kun_mix(on+kun 65%),浮:◆水中にあるものが水面に出てくる、下にあるものが空中を上に移動する◆水面に留(とど)まる、空中に留まる、水面で水の流れのままに漂う、空中で空気の動き(風)のまま; 浮:◆水中にあるものが水面に出てくる、下にあるものが空中を上に移動する◆水面に留(とど)まる、空中に留まる、水面で水の流れのままに漂う、空中で空気の動き(風)のまま
kk_浮気_うわき,浮気,うわき,浮:◆水中にあるものが水面に出てくる、下にあるものが空中を上に移動する◆水面に留(とど)まる、空中に留まる、水面で水の流れのままに漂う、空中で空気の動き(風)のまま; 気:◆中国古来の考えで、天地全ての事物の基本要素、目に見えず形状は一定しない、あらゆる事物の生死・盛衰などの変化・変動はこの「気」の移動・集散によるものと考えられた,N1,mixed,kun+on~,A3_short_compound(on+on 71%),浮:◆水中にあるものが水面に出てくる、下にあるものが空中を上に移動する◆水面に留(とど)まる、空中に留まる、水面で水の流れのままに漂う、空中で空気の動き(風)のまま; 気:◆中国古来の考えで、天地全ての事物の基本要素、目に見えず形状は一定しない、あらゆる事物の生死・盛衰などの変化・変動はこの「気」の移動・集散によるものと考えられた
kk_海峡_かいきょう,海峡,かいきょう,海:◆大地を取り囲むように広がる深く広大な水溜まり(みずたまり)、陸地内の大きな水溜まりは「湖」◆広く大きいさま◆たくさんのものが集まっているさま; 峡:◆山間(やまあい)の深い谷、山が両側から迫って狭(せば)まっているところ、同「埉」「硤」「陜」「陿」、またそこを流れる川,N1,on,on+on,,海:◆大地を取り囲むように広がる深く広大な水溜まり(みずたまり)、陸地内の大きな水溜まりは「湖」◆広く大きいさま◆たくさんのものが集まっているさま; 峡:◆山間(やまあい)の深い谷、山が両側から迫って狭(せば)まっているところ、同「埉」「硤」「陜」「陿」、またそこを流れる川
kk_海賊版_かいぞくばん,海賊版,かいぞくばん,海:◆大地を取り囲むように広がる深く広大な水溜まり(みずたまり)、陸地内の大きな水溜まりは「湖」◆広く大きいさま◆たくさんのものが集まっているさま; 賊:◆人を脅(おびや)かす、傷付ける、危害を加える、またそのような者◆人を脅かして奪う、盗む、またそのような者、盗人(ぬすっと)◆他国を侵す、国に叛(そむ)く、また; 版:◆印刷する文字や絵などを彫(ほ)り込んだ板、同「板」◆印刷物用の板(版)に関する語、「出版(シュッパン、出版物の印刷が出来上がること、書籍・出版物を刊行すること,N1,on,mixed+on+on~,A4_multi_on(on+on+on 65%),海:◆大地を取り囲むように広がる深く広大な水溜まり(みずたまり)、陸地内の大きな水溜まりは「湖」◆広く大きいさま◆たくさんのものが集まっているさま; 賊:◆人を脅(おびや)かす、傷付ける、危害を加える、またそのような者◆人を脅かして奪う、盗む、またそのような者、盗人(ぬすっと)◆他国を侵す、国に叛(そむ)く、また; 版:◆印刷する文字や絵などを彫(ほ)り込んだ板、同「板」◆印刷物用の板(版)に関する語、「出版(シュッパン、出版物の印刷が出来上がること、書籍・出版物を刊行すること
kk_浸す_ひたす,浸す,ひたす,浸:◆ひた・す、ひた・る、液体の中にすっぽりと入れる、ものが水の中に隠れる、同「濅」◆し・みる、液体がじわじわと中に入り込む、滲(し)み込む、滲(し)み込ませる、同,N1,kun,kun,IL1_okurigana(kun 96%) | IL2_single_okuri(kun 96%),浸:◆ひた・す、ひた・る、液体の中にすっぽりと入れる、ものが水の中に隠れる、同「濅」◆し・みる、液体がじわじわと中に入り込む、滲(し)み込む、滲(し)み込ませる、同
kk_浸る_ひたる,浸る,ひたる,浸:◆ひた・す、ひた・る、液体の中にすっぽりと入れる、ものが水の中に隠れる、同「濅」◆し・みる、液体がじわじわと中に入り込む、滲(し)み込む、滲(し)み込ませる、同,N1,kun,kun,IL1_okurigana(kun 96%) | IL2_single_okuri(kun 96%),浸:◆ひた・す、ひた・る、液体の中にすっぽりと入れる、ものが水の中に隠れる、同「濅」◆し・みる、液体がじわじわと中に入り込む、滲(し)み込む、滲(し)み込ませる、同
kk_消去_しょうきょ,消去,しょうきょ,消:◆減る、少しずつ小さくなる、また少なくなる、また細くなる、またそのようにする◆次第に小さく(細く)なってやがて姿が見えなくなる、なくなる、後に何も残らない、また; 去:◆今いるところから離れる、また離れて別のところへ行く◆時(時間・月日・時代など)が過ぎる、過ぎてしまった時、「過去(カコ)」◆今あるものを別のところに移す、また,N1,on,on+on,A3_short_compound(on+on 71%),消:◆減る、少しずつ小さくなる、また少なくなる、また細くなる、またそのようにする◆次第に小さく(細く)なってやがて姿が見えなくなる、なくなる、後に何も残らない、また; 去:◆今いるところから離れる、また離れて別のところへ行く◆時(時間・月日・時代など)が過ぎる、過ぎてしまった時、「過去(カコ)」◆今あるものを別のところに移す、また
kk_液晶_えきしょう,液晶,えきしょう,液:◆流れ動いて一定の形をしないもの◆体などから分泌(ブンピツ)される汁◆(液体に)漬(つ)かる、漬ける◆融(と)ける; 晶:◆汚(けが)れがなく澄(す)んだ光、それがきらきらと光る、光り輝(かがや)く◆「水晶(スイショウ)」の略称,N1,on,on+on,,液:◆流れ動いて一定の形をしないもの◆体などから分泌(ブンピツ)される汁◆(液体に)漬(つ)かる、漬ける◆融(と)ける; 晶:◆汚(けが)れがなく澄(す)んだ光、それがきらきらと光る、光り輝(かがや)く◆「水晶(スイショウ)」の略称
kk_涸れる_かれる,涸れる,かれる,涸:◆水(水分)がなくなる、干上(ひあ)がる、同「𤃯」,N1,kun,kun,IL1_okurigana(kun 96%) | IL2_single_okuri(kun 96%),涸:◆水(水分)がなくなる、干上(ひあ)がる、同「𤃯」
kk_淑やか_しとやか,淑やか,しとやか,淑:◆善(よ)い、良い、好ましい、同「俶」◆穢(けが)れがなく透き通っているさま、慎(つつし)み深く清らかなさま、同「𣻪」,N1,kun,kun,IL1_okurigana(kun 96%) | IL2_single_okuri(kun 96%),淑:◆善(よ)い、良い、好ましい、同「俶」◆穢(けが)れがなく透き通っているさま、慎(つつし)み深く清らかなさま、同「𣻪」
kk_淡白_たんぱく,淡白,たんぱく,淡:◆味や色などが薄い、殆ど味や色などがない◆(とろみがなく、こだわりがなく)さらっとしている、(濃厚でなく、粘り付くようなこともなく)あっさりしている; 白:◆無色、雪の色、どんな色にも染まっていないさま、同「㿟」「皛」◆曇りがないさま、汚(けが)れがないさま、清(きよ)いさま◆何もないさま、あるがままであるさま、「,N1,other,mixed+mixed~,,淡:◆味や色などが薄い、殆ど味や色などがない◆(とろみがなく、こだわりがなく)さらっとしている、(濃厚でなく、粘り付くようなこともなく)あっさりしている; 白:◆無色、雪の色、どんな色にも染まっていないさま、同「㿟」「皛」◆曇りがないさま、汚(けが)れがないさま、清(きよ)いさま◆何もないさま、あるがままであるさま、「
kk_深み_ふかみ,深み,ふかみ,深:◆水面から底までの距離が大きい、入口から奥までが遠い、表面から内部に大きく入り込んでいる◆基準とする時や時間から長い時や時間が経(た)つ、「深夜(シンヤ)」「深,N1,kun,kun,IL1_okurigana(kun 96%) | IL2_single_okuri(kun 96%),深:◆水面から底までの距離が大きい、入口から奥までが遠い、表面から内部に大きく入り込んでいる◆基準とする時や時間から長い時や時間が経(た)つ、「深夜(シンヤ)」「深
kk_添う_そう,添う,そう,添:◆付け加える、付け足す,N1,kun,kun,IL1_okurigana(kun 96%) | IL2_single_okuri(kun 96%),添:◆付け加える、付け足す
kk_添える_そえる,添える,そえる,添:◆付け加える、付け足す,N1,kun,kun,IL1_okurigana(kun 96%) | IL2_single_okuri(kun 96%),添:◆付け加える、付け足す
kk_添削_てんさく,添削,てんさく,添:◆付け加える、付け足す; 削:◆不要なところ(不要なもの)を切り取る、はみ出したり出っ張ったりしているところを切り取る◆薄く切り取る、少しずつ切り落とす◆次第に細くなる、また減る、また減らす,N1,on,on+on,B_verb_rad_刀(kun 80%),添:◆付け加える、付け足す; 削:◆不要なところ(不要なもの)を切り取る、はみ出したり出っ張ったりしているところを切り取る◆薄く切り取る、少しずつ切り落とす◆次第に細くなる、また減る、また減らす
kk_清々しい_すがすがしい,清々しい,すがすがしい,清:◆水が青く澄みきっているさま、濁りや汚(けが)れがないさま◆曇りがないさま、すっきりしているさま、はっきりとしているさま◆私欲や邪心がないさま◆濁りや汚れを残さ,N1,other,unknown,IL1_okurigana(kun 96%) | IL2_single_okuri(kun 96%),清:◆水が青く澄みきっているさま、濁りや汚(けが)れがないさま◆曇りがないさま、すっきりしているさま、はっきりとしているさま◆私欲や邪心がないさま◆濁りや汚れを残さ
kk_清らか_きよらか,清らか,きよらか,清:◆水が青く澄みきっているさま、濁りや汚(けが)れがないさま◆曇りがないさま、すっきりしているさま、はっきりとしているさま◆私欲や邪心がないさま◆濁りや汚れを残さ,N1,kun,kun,IL1_okurigana(kun 96%) | IL2_single_okuri(kun 96%),清:◆水が青く澄みきっているさま、濁りや汚(けが)れがないさま◆曇りがないさま、すっきりしているさま、はっきりとしているさま◆私欲や邪心がないさま◆濁りや汚れを残さ
kk_清純_せいじゅん,清純,せいじゅん,清:◆水が青く澄みきっているさま、濁りや汚(けが)れがないさま◆曇りがないさま、すっきりしているさま、はっきりとしているさま◆私欲や邪心がないさま◆濁りや汚れを残さ; 純:◆他の色が混じっていない単色の糸、単色の布や衣服◆本来のもの以外の何ものも混じっていない、本来のままで何の手も加えられていない,N1,on,on+on,,清:◆水が青く澄みきっているさま、濁りや汚(けが)れがないさま◆曇りがないさま、すっきりしているさま、はっきりとしているさま◆私欲や邪心がないさま◆濁りや汚れを残さ; 純:◆他の色が混じっていない単色の糸、単色の布や衣服◆本来のもの以外の何ものも混じっていない、本来のままで何の手も加えられていない
kk_清聴_せいちょう,清聴,せいちょう,清:◆水が青く澄みきっているさま、濁りや汚(けが)れがないさま◆曇りがないさま、すっきりしているさま、はっきりとしているさま◆私欲や邪心がないさま◆濁りや汚れを残さ; 聴:◆耳を傾けて言わんとするところをしっかりと聞く◆聞いたことを受け入れる、聞き入れる◆聞き入れてその通りにさせる、思い通りにさせる,N1,on,on+on,,清:◆水が青く澄みきっているさま、濁りや汚(けが)れがないさま◆曇りがないさま、すっきりしているさま、はっきりとしているさま◆私欲や邪心がないさま◆濁りや汚れを残さ; 聴:◆耳を傾けて言わんとするところをしっかりと聞く◆聞いたことを受け入れる、聞き入れる◆聞き入れてその通りにさせる、思い通りにさせる
kk_渋い_しぶい,渋い,しぶい,渋:◆流れては淀(よど)み流れては淀みする、滑(なめ)らかに進まない、すんなりといかない、同「歮」◆熟していないカキ(柿、カキノキ科カキノキ属の木)の実の味、舌がざ,N1,kun,kun,IL1_okurigana(kun 96%) | IL2_single_okuri(kun 96%),渋:◆流れては淀(よど)み流れては淀みする、滑(なめ)らかに進まない、すんなりといかない、同「歮」◆熟していないカキ(柿、カキノキ科カキノキ属の木)の実の味、舌がざ
kk_減産_げんさん,減産,げんさん,減:◆少なくなる、全体から一部がなくなる◆軽くなる、落ちる、下がる◆差し引く; 産:◆子を生む◆生まれ◆新たに(新たなものを)生み出す、作り出す、また生み出されたもの、「生産(セイサン)」◆土地や財物◆音孔が三つの籥(ヤク、縦笛)、籥よりも太く,N1,on,on+on,,減:◆少なくなる、全体から一部がなくなる◆軽くなる、落ちる、下がる◆差し引く; 産:◆子を生む◆生まれ◆新たに(新たなものを)生み出す、作り出す、また生み出されたもの、「生産(セイサン)」◆土地や財物◆音孔が三つの籥(ヤク、縦笛)、籥よりも太く
kk_減益_げんえき,減益,げんえき,減:◆少なくなる、全体から一部がなくなる◆軽くなる、落ちる、下がる◆差し引く; 益:◆加える、加わる、増える、増やす、同「㬲」◆満ちる、一杯になる、溢(あふ)れる◆手放したものの金額や価値よりも、それによって得たものの金額や価値が多い、儲(もう,N1,on,on+on,,減:◆少なくなる、全体から一部がなくなる◆軽くなる、落ちる、下がる◆差し引く; 益:◆加える、加わる、増える、増やす、同「㬲」◆満ちる、一杯になる、溢(あふ)れる◆手放したものの金額や価値よりも、それによって得たものの金額や価値が多い、儲(もう
kk_減税_げんぜい,減税,げんぜい,減:◆少なくなる、全体から一部がなくなる◆軽くなる、落ちる、下がる◆差し引く; 税:◆国や領主に納める収穫物や金銭、租(田畑などからの収穫物)・庸(労役)・調(穀物以外の布などの現物)の総称◆収穫物や商売などによって得た利益の一部を(税として),N1,on,on+on,,減:◆少なくなる、全体から一部がなくなる◆軽くなる、落ちる、下がる◆差し引く; 税:◆国や領主に納める収穫物や金銭、租(田畑などからの収穫物)・庸(労役)・調(穀物以外の布などの現物)の総称◆収穫物や商売などによって得た利益の一部を(税として)
kk_減給_げんきゅう,減給,げんきゅう,減:◆少なくなる、全体から一部がなくなる◆軽くなる、落ちる、下がる◆差し引く; 給:◆足りていないところ(加える必要があるところ)に足して繋(つな)ぎ合わせる◆必要があるところに必要とするものを補(おぎな)う、足して足りるようにする◆上位の人(,N1,on,on+on,,減:◆少なくなる、全体から一部がなくなる◆軽くなる、落ちる、下がる◆差し引く; 給:◆足りていないところ(加える必要があるところ)に足して繋(つな)ぎ合わせる◆必要があるところに必要とするものを補(おぎな)う、足して足りるようにする◆上位の人(
kk_温和_おんわ,温和,おんわ,温:◆熱くもなく冷たくもなく程よいさま、暖かなさま、また熱を加えてそのようにする◆穏やかなさま、柔和なさま◆(古く冷めてしまったものを温め直して)蘇(よみがえ)させ; 和:◆大き過ぎず小さ過ぎない、硬過ぎず柔らか過ぎない、暑過ぎず寒過ぎない、釣り合いが取れてちょうどよいさま、程好(ほどよ)いさま、適度なさま◆気に掛ることも気に障る,N1,on,on+on,A3_short_compound(on+on 71%),温:◆熱くもなく冷たくもなく程よいさま、暖かなさま、また熱を加えてそのようにする◆穏やかなさま、柔和なさま◆(古く冷めてしまったものを温め直して)蘇(よみがえ)させ; 和:◆大き過ぎず小さ過ぎない、硬過ぎず柔らか過ぎない、暑過ぎず寒過ぎない、釣り合いが取れてちょうどよいさま、程好(ほどよ)いさま、適度なさま◆気に掛ることも気に障る
kk_渾名_あだな,渾名,あだな,渾:◆水がごぼごぼと湧(わ)き出る、またその音◆水がごぼごぼと混じり合う、入り混じって濁る、同「溷」◆入り混じって見分けがつかなくなる、はっきりしなくなる、同「混」; 名:◆人に付ける呼称、また動物・もの・出来事などを呼んだり指し示したり識別したりするためにその各々に付ける呼称、「名称(メイショウ)」◆呼称を付ける、「命名(メイメ,N1,other,mixed+mixed~,A3_short_compound(on+on 71%),渾:◆水がごぼごぼと湧(わ)き出る、またその音◆水がごぼごぼと混じり合う、入り混じって濁る、同「溷」◆入り混じって見分けがつかなくなる、はっきりしなくなる、同「混」; 名:◆人に付ける呼称、また動物・もの・出来事などを呼んだり指し示したり識別したりするためにその各々に付ける呼称、「名称(メイショウ)」◆呼称を付ける、「命名(メイメ
kk_満たない_みたない,満たない,みたない,満:◆余すところなく一杯になる、これ以上は(それ以上は)入らなくなる、また一杯にする◆ぎっしりと詰まる、また詰める、隙間(すきま)なく埋(う)まる、また埋める、「充,N1,kun,kun,IL1_okurigana(kun 96%) | IL2_single_okuri(kun 96%),満:◆余すところなく一杯になる、これ以上は(それ以上は)入らなくなる、また一杯にする◆ぎっしりと詰まる、また詰める、隙間(すきま)なく埋(う)まる、また埋める、「充
kk_満喫_まんきつ,満喫,まんきつ,満:◆余すところなく一杯になる、これ以上は(それ以上は)入らなくなる、また一杯にする◆ぎっしりと詰まる、また詰める、隙間(すきま)なく埋(う)まる、また埋める、「充; 喫:◆食べる、飲む、吸う、物を口から体の中に入れる、同「吃」◆打撃や衝撃を食(く)らう、受ける,N1,on,on+on,,満:◆余すところなく一杯になる、これ以上は(それ以上は)入らなくなる、また一杯にする◆ぎっしりと詰まる、また詰める、隙間(すきま)なく埋(う)まる、また埋める、「充; 喫:◆食べる、飲む、吸う、物を口から体の中に入れる、同「吃」◆打撃や衝撃を食(く)らう、受ける
kk_満場_まんじょう,満場,まんじょう,満:◆余すところなく一杯になる、これ以上は(それ以上は)入らなくなる、また一杯にする◆ぎっしりと詰まる、また詰める、隙間(すきま)なく埋(う)まる、また埋める、「充; 場:◆(日当たりのよい、収穫した穀物の乾燥・脱穀などをする、また多くの人やものが集まる)広く平らなところ、「広場」、同「塲」◆一段と高くし上を平らに作ったところ、台,N1,on,on+on,,満:◆余すところなく一杯になる、これ以上は(それ以上は)入らなくなる、また一杯にする◆ぎっしりと詰まる、また詰める、隙間(すきま)なく埋(う)まる、また埋める、「充; 場:◆(日当たりのよい、収穫した穀物の乾燥・脱穀などをする、また多くの人やものが集まる)広く平らなところ、「広場」、同「塲」◆一段と高くし上を平らに作ったところ、台
kk_満更_まんざら,満更,まんざら,満:◆余すところなく一杯になる、これ以上は(それ以上は)入らなくなる、また一杯にする◆ぎっしりと詰まる、また詰める、隙間(すきま)なく埋(う)まる、また埋める、「充; 更:◆それまで(これまで)続けてきたことを改(あらた)めて、それ以降も(これ以降も)続ける、それまでのものを別のものに替える◆さら・に、その上に、一段と◆さら・に、,N1,other,mixed+mixed~,,満:◆余すところなく一杯になる、これ以上は(それ以上は)入らなくなる、また一杯にする◆ぎっしりと詰まる、また詰める、隙間(すきま)なく埋(う)まる、また埋める、「充; 更:◆それまで(これまで)続けてきたことを改(あらた)めて、それ以降も(これ以降も)続ける、それまでのものを別のものに替える◆さら・に、その上に、一段と◆さら・に、
kk_満月_まんげつ,満月,まんげつ,満:◆余すところなく一杯になる、これ以上は(それ以上は)入らなくなる、また一杯にする◆ぎっしりと詰まる、また詰める、隙間(すきま)なく埋(う)まる、また埋める、「充; 月:◆地球の衛星の名、太陰(タイイン)、「日」を「太陽」というのに対して月を「太陰」という◆一年をほぼ十二等分した期間、新月(月が見えなくなる日)から次の新月までの,N1,on,on+on,,満:◆余すところなく一杯になる、これ以上は(それ以上は)入らなくなる、また一杯にする◆ぎっしりと詰まる、また詰める、隙間(すきま)なく埋(う)まる、また埋める、「充; 月:◆地球の衛星の名、太陰(タイイン)、「日」を「太陽」というのに対して月を「太陰」という◆一年をほぼ十二等分した期間、新月(月が見えなくなる日)から次の新月までの
kk_源_みなもと,源,みなもと,源:◆地下水が地表に湧(わ)き出るところ、同「厵」「原」◆物事の始まり、物事の大本(おおもと)、物事の根本(コンポン)、物事の基本、同「原」,N1,kun,kun,IL2_single_default(kun 84%),源:◆地下水が地表に湧(わ)き出るところ、同「厵」「原」◆物事の始まり、物事の大本(おおもと)、物事の根本(コンポン)、物事の基本、同「原」
kk_準じる_じゅんじる,準じる,じゅんじる,準:◆水平にする、均(なら)す◆水平かどうかを調べる道具、「水準器(スイジュンキ)」◆平(たいら)らな、公平な◆手本として倣(なら)うべきもの、物事の尺度となるもの,N1,on,on,IL1_okurigana(kun 96%) | IL2_single_okuri(kun 96%),準:◆水平にする、均(なら)す◆水平かどうかを調べる道具、「水準器(スイジュンキ)」◆平(たいら)らな、公平な◆手本として倣(なら)うべきもの、物事の尺度となるもの
kk_溝_みぞ,溝,みぞ,溝:◆両側を木や石を組んで作った水路、用水路◆田畑の間に通した用水路、井田制(周代の税法)では「井(一里四方の土地を縦横それぞれ三分して九区画に分け、八戸に一区画ず,N1,kun,kun,IL2_single_default(kun 84%),溝:◆両側を木や石を組んで作った水路、用水路◆田畑の間に通した用水路、井田制(周代の税法)では「井(一里四方の土地を縦横それぞれ三分して九区画に分け、八戸に一区画ず
kk_滅びる_ほろびる,滅びる,ほろびる,滅:◆火や明かりが消える、消える、尽きる、なくなる、同「烕」「𤇳」◆消す、なくする、退治する、同「烕」,N1,kun,kun,IL1_okurigana(kun 96%) | IL2_single_okuri(kun 96%),滅:◆火や明かりが消える、消える、尽きる、なくなる、同「烕」「𤇳」◆消す、なくする、退治する、同「烕」
kk_滅ぶ_ほろぶ,滅ぶ,ほろぶ,滅:◆火や明かりが消える、消える、尽きる、なくなる、同「烕」「𤇳」◆消す、なくする、退治する、同「烕」,N1,kun,kun,IL1_okurigana(kun 96%) | IL2_single_okuri(kun 96%),滅:◆火や明かりが消える、消える、尽きる、なくなる、同「烕」「𤇳」◆消す、なくする、退治する、同「烕」
kk_滅ぼす_ほろぼす,滅ぼす,ほろぼす,滅:◆火や明かりが消える、消える、尽きる、なくなる、同「烕」「𤇳」◆消す、なくする、退治する、同「烕」,N1,kun,kun,IL1_okurigana(kun 96%) | IL2_single_okuri(kun 96%),滅:◆火や明かりが消える、消える、尽きる、なくなる、同「烕」「𤇳」◆消す、なくする、退治する、同「烕」
kk_滑らか_なめらか,滑らか,なめらか,滑:◆凹凸がなくつるつるしている、すべすべしている、ざらざらとしていない◆狡(ずる)い、すばしこい(すばしっこい)、するりと身を躱(かわ)してうまく逃(のが)れる、,N1,kun,kun,IL1_okurigana(kun 96%) | IL2_single_okuri(kun 96%),滑:◆凹凸がなくつるつるしている、すべすべしている、ざらざらとしていない◆狡(ずる)い、すばしこい(すばしっこい)、するりと身を躱(かわ)してうまく逃(のが)れる、
kk_滑稽_こっけい,滑稽,こっけい,滑:◆凹凸がなくつるつるしている、すべすべしている、ざらざらとしていない◆狡(ずる)い、すばしこい(すばしっこい)、するりと身を躱(かわ)してうまく逃(のが)れる、; 稽:◆留(とど)まる、同じ状態を続ける◆「稽首(ケイシュ)」、跪(ひざまず)き、膝の前で手を揃えて地に着け、頭をその手に乗せ、その状態を保つ礼、九拝(拝礼の作法)の,N1,on,on+on,,滑:◆凹凸がなくつるつるしている、すべすべしている、ざらざらとしていない◆狡(ずる)い、すばしこい(すばしっこい)、するりと身を躱(かわ)してうまく逃(のが)れる、; 稽:◆留(とど)まる、同じ状態を続ける◆「稽首(ケイシュ)」、跪(ひざまず)き、膝の前で手を揃えて地に着け、頭をその手に乗せ、その状態を保つ礼、九拝(拝礼の作法)の
kk_滞る_とどこおる,滞る,とどこおる,滞:◆動きが止まってなかなか流れない、止まったままなかなか動かない,N1,kun,kun,IL1_okurigana(kun 96%) | IL2_single_okuri(kun 96%),滞:◆動きが止まってなかなか流れない、止まったままなかなか動かない
kk_滞納_たいのう,滞納,たいのう,滞:◆動きが止まってなかなか流れない、止まったままなかなか動かない; 納:◆外にあるものを内(うち)に入れる、建物や容器の中に入れる◆他のものを受け入れる、自分のものを他へ渡す◆ここで止(や)めて終わりにする、これまでのことを終わりに,N1,on,on+on,,滞:◆動きが止まってなかなか流れない、止まったままなかなか動かない; 納:◆外にあるものを内(うち)に入れる、建物や容器の中に入れる◆他のものを受け入れる、自分のものを他へ渡す◆ここで止(や)めて終わりにする、これまでのことを終わりに
kk_滲む_にじむ,滲む,にじむ,滲:◆液体が少しずつ中に入り込む、また外に(表に、下に)出てくる、同「沁」,N1,kun,kun,IL1_okurigana(kun 96%) | IL2_single_okuri(kun 96%),滲:◆液体が少しずつ中に入り込む、また外に(表に、下に)出てくる、同「沁」
kk_滴/雫_しずく,滴/雫,しずく,滴:◆しずく、小さな水(液体)の玉(たま)、「水滴(スイテキ)」◆したた・る、液体が小さな玉となってぽたぽたと落ちる; 雫:◆未詳◆[日]しずく、滴(したた)り落ちる水滴また液体,N1,kun,kun+kun~,A3_short_compound(on+on 71%) | B_noun_rad_雨(kun 93%),滴:◆しずく、小さな水(液体)の玉(たま)、「水滴(スイテキ)」◆したた・る、液体が小さな玉となってぽたぽたと落ちる; 雫:◆未詳◆[日]しずく、滴(したた)り落ちる水滴また液体
kk_漁村_ぎょそん,漁村,ぎょそん,漁:◆あちこち探し回って魚や貝を捕(と)る◆目ぼしいものあちこちと探し回る; 村:◆都から遠く離れた田舎(いなか)の集落、同「邨」「屯」◆田舎染みたさま,N1,on,on+on,A3_short_compound(on+on 71%) | B_noun_rad_木(kun 93%),漁:◆あちこち探し回って魚や貝を捕(と)る◆目ぼしいものあちこちと探し回る; 村:◆都から遠く離れた田舎(いなか)の集落、同「邨」「屯」◆田舎染みたさま
kk_漂う_ただよう,漂う,ただよう,漂:◆水面に(或いは水中に)浮く、浮かんで流れるままにする◆風や水の流れに任せて位置を変える、思いに任せて彷徨(さまよ)う◆水中で揺らす、また揺らすようにして洗う◆,N1,kun,kun,IL1_okurigana(kun 96%) | IL2_single_okuri(kun 96%),漂:◆水面に(或いは水中に)浮く、浮かんで流れるままにする◆風や水の流れに任せて位置を変える、思いに任せて彷徨(さまよ)う◆水中で揺らす、また揺らすようにして洗う◆
kk_漏る_もる,漏る,もる,漏:◆(屋根に滲み込んだ雨が)隙間から少しずつ滴(したた)り落ちる、同「屚」◆液体や臭いや隠していることなどが隙間を抜けて少しずつ外に零(こぼ)れ出る◆水時計、小さ,N1,kun,kun,IL1_okurigana(kun 96%) | IL2_single_okuri(kun 96%),漏:◆(屋根に滲み込んだ雨が)隙間から少しずつ滴(したた)り落ちる、同「屚」◆液体や臭いや隠していることなどが隙間を抜けて少しずつ外に零(こぼ)れ出る◆水時計、小さ
kk_演じる_えんじる,演じる,えんじる,演:◆水がどこまでも伸びて流れる、「涴演(エンエン、川が曲がりくねりながら延々エンエンと流れるさま)」◆広げる、行(ゆ)き渡(わた)らせる◆元(もと)となるもの・元,N1,on,on,IL1_okurigana(kun 96%) | IL2_single_okuri(kun 96%),演:◆水がどこまでも伸びて流れる、「涴演(エンエン、川が曲がりくねりながら延々エンエンと流れるさま)」◆広げる、行(ゆ)き渡(わた)らせる◆元(もと)となるもの・元
kk_演出_えんしゅつ,演出,えんしゅつ,演:◆水がどこまでも伸びて流れる、「涴演(エンエン、川が曲がりくねりながら延々エンエンと流れるさま)」◆広げる、行(ゆ)き渡(わた)らせる◆元(もと)となるもの・元; 出:◆範囲・領域・組織や区切り・境界の内(内側、内部、裏側、こちら側、私的なところ)から外(外側、外部、表側、向こう側、公のところ)に移る、また移す、外から内へ移る,N1,on,on+on,,演:◆水がどこまでも伸びて流れる、「涴演(エンエン、川が曲がりくねりながら延々エンエンと流れるさま)」◆広げる、行(ゆ)き渡(わた)らせる◆元(もと)となるもの・元; 出:◆範囲・領域・組織や区切り・境界の内(内側、内部、裏側、こちら側、私的なところ)から外(外側、外部、表側、向こう側、公のところ)に移る、また移す、外から内へ移る
kk_演壇_えんだん,演壇,えんだん,演:◆水がどこまでも伸びて流れる、「涴演(エンエン、川が曲がりくねりながら延々エンエンと流れるさま)」◆広げる、行(ゆ)き渡(わた)らせる◆元(もと)となるもの・元; 壇:◆周(まわ)りよりも一段と高く土を盛り上を平らにしたところ、祭祀(サイシ)や天子と諸侯の会見・会盟などを執(と)り行う際に上る台◆周りよりも一段と高く上が平らな,N1,on,on+on,,演:◆水がどこまでも伸びて流れる、「涴演(エンエン、川が曲がりくねりながら延々エンエンと流れるさま)」◆広げる、行(ゆ)き渡(わた)らせる◆元(もと)となるもの・元; 壇:◆周(まわ)りよりも一段と高く土を盛り上を平らにしたところ、祭祀(サイシ)や天子と諸侯の会見・会盟などを執(と)り行う際に上る台◆周りよりも一段と高く上が平らな
kk_漠然_ばくぜん,漠然,ばくぜん,漠:◆乾燥して水のない砂や石だけの広大な地◆見渡す限り広がっているさま、際限がないさま、掴(つか)み所がないさま◆無味乾燥で心淋(うらさび)しいさま◆10の-12乗; 然:◆燃やす、火で焼く、「イヌ(犬、狗)の肉(月)を燃やす(灬)」の意、同「燃」◆～のような、～のように◆しか・も、その上に、それでも◆しか・り、その通り、yes◆,N1,on,on+on,,漠:◆乾燥して水のない砂や石だけの広大な地◆見渡す限り広がっているさま、際限がないさま、掴(つか)み所がないさま◆無味乾燥で心淋(うらさび)しいさま◆10の-12乗; 然:◆燃やす、火で焼く、「イヌ(犬、狗)の肉(月)を燃やす(灬)」の意、同「燃」◆～のような、～のように◆しか・も、その上に、それでも◆しか・り、その通り、yes◆
kk_漢方薬_かんぽうやく,漢方薬,かんぽうやく,漢:◆陝西省漢中カンチュウ市西北部を源とする川名、西流し湖北省武漢ブカン市で長江に注ぐ ◆王朝名、「西漢」「前漢」、前202年～9年 ◆王朝名、「東漢」「後漢」、2; 方:◆四角、四角いさま、角(かど)が直角になっているさま、「方形(ホウケイ)」◆数学で二つの数を掛け合わせた数(正方形・長方形の一つの角を成す二辺を掛け合わせた数); 薬:◆病(やまい)や傷を治(なお)したり癒(いや)したりする効果のある物質◆病や傷を治す、癒す◆他に化学作用を及ぼす物質◆「芍薬(シャクヤク)」、ボタン科ボタン属 ,N1,other,mixed+mixed+mixed~,A4_multi_on(on+on+on 65%),漢:◆陝西省漢中カンチュウ市西北部を源とする川名、西流し湖北省武漢ブカン市で長江に注ぐ ◆王朝名、「西漢」「前漢」、前202年～9年 ◆王朝名、「東漢」「後漢」、2; 方:◆四角、四角いさま、角(かど)が直角になっているさま、「方形(ホウケイ)」◆数学で二つの数を掛け合わせた数(正方形・長方形の一つの角を成す二辺を掛け合わせた数); 薬:◆病(やまい)や傷を治(なお)したり癒(いや)したりする効果のある物質◆病や傷を治す、癒す◆他に化学作用を及ぼす物質◆「芍薬(シャクヤク)」、ボタン科ボタン属 
kk_漫才_まんざい,漫才,まんざい,漫:◆水が満ちる、水が一面に広がる、同「澫」「𣸞」◆だらだらとどこまでも続く◆だらだらする、怠(なま)ける◆そぞ・ろ、気儘(きまま)なさま、自らの拘(こだわ)りもな; 才:◆資質(シシツ)、素質(ソシツ)、もの本来が持つ性格や力、またそれを発揮すること、また発揮する人、「才能(サイノウ、素質と能力)」◆僅(わず)か～、ほんの少し～,N1,on,on+on,B_verb_rad_手(kun 80%),漫:◆水が満ちる、水が一面に広がる、同「澫」「𣸞」◆だらだらとどこまでも続く◆だらだらする、怠(なま)ける◆そぞ・ろ、気儘(きまま)なさま、自らの拘(こだわ)りもな; 才:◆資質(シシツ)、素質(ソシツ)、もの本来が持つ性格や力、またそれを発揮すること、また発揮する人、「才能(サイノウ、素質と能力)」◆僅(わず)か～、ほんの少し～
kk_漲る_みなぎる,漲る,みなぎる,漲:◆水が川や池や器(うつわ)などから今にも溢(あふ)れ出しそうな程にいっぱいになる、同「涱」◆はち切れんばかりにいっぱいになる、まさに限界を超える程になる◆水位が,N1,kun,kun,IL1_okurigana(kun 96%) | IL2_single_okuri(kun 96%),漲:◆水が川や池や器(うつわ)などから今にも溢(あふ)れ出しそうな程にいっぱいになる、同「涱」◆はち切れんばかりにいっぱいになる、まさに限界を超える程になる◆水位が
kk_潔い_いさぎよい,潔い,いさぎよい,潔:◆清(きよ)い、澄(す)んでいる、穢(けが)れがない、またそのような水或いは川、同「洁」◆余計なものが混じっていない、すっきりしている◆余計なことにこだわらない,N1,kun,kun,IL1_okurigana(kun 96%) | IL2_single_okuri(kun 96%),潔:◆清(きよ)い、澄(す)んでいる、穢(けが)れがない、またそのような水或いは川、同「洁」◆余計なものが混じっていない、すっきりしている◆余計なことにこだわらない
kk_潜む_ひそむ,潜む,ひそむ,潜:◆全体が水面より下に深く沈む、また沈んで見えなくなる◆ものの中に入り込む、また入り込んで見えなくなる◆隠れる、人に気付かれないようにする、密かに,N1,kun,kun,IL1_okurigana(kun 96%) | IL2_single_okuri(kun 96%),潜:◆全体が水面より下に深く沈む、また沈んで見えなくなる◆ものの中に入り込む、また入り込んで見えなくなる◆隠れる、人に気付かれないようにする、密かに
kk_潜入_せんにゅう,潜入,せんにゅう,潜:◆全体が水面より下に深く沈む、また沈んで見えなくなる◆ものの中に入り込む、また入り込んで見えなくなる◆隠れる、人に気付かれないようにする、密かに; 入:◆範囲・領域・組織や区切り・境界の外(外側、外部、表側、向こう側、公のところ)から内(内側、内部、裏側、こちら側、私的なところ)に移る、また移す、内から外へ移る,N1,on,on+on,,潜:◆全体が水面より下に深く沈む、また沈んで見えなくなる◆ものの中に入り込む、また入り込んで見えなくなる◆隠れる、人に気付かれないようにする、密かに; 入:◆範囲・領域・組織や区切り・境界の外(外側、外部、表側、向こう側、公のところ)から内(内側、内部、裏側、こちら側、私的なところ)に移る、また移す、内から外へ移る
kk_潤う_うるおう,潤う,うるおう,潤:◆物の内部から余分な水分や油分が表面に染み出る◆しっとりとしている、艶々(つやつや)している、光沢がある◆(内部から表にじわりと染み出て来るような)艶を出す◆(,N1,kun,kun,IL1_okurigana(kun 96%) | IL2_single_okuri(kun 96%),潤:◆物の内部から余分な水分や油分が表面に染み出る◆しっとりとしている、艶々(つやつや)している、光沢がある◆(内部から表にじわりと染み出て来るような)艶を出す◆(
kk_澄ます/済ます_すます,澄ます/済ます,すます,澄:◆泥などの汚(よご)れが沈んで水が透(す)き通る、同「澂」「瀓」; 済:◆(舟で)川を渡る◆(難所を、難事を)渡り切る、(互いに手を貸しあって)乗り切る◆手を貸して救い上げる、困っている人に手を貸して(足りないものを補い合って)みな,N1,kun,kun+kun~,IL1_okurigana(kun 96%) | A1_compound_oku(kun 90%) | A1_on_kun_mix(on+kun 65%),澄:◆泥などの汚(よご)れが沈んで水が透(す)き通る、同「澂」「瀓」; 済:◆(舟で)川を渡る◆(難所を、難事を)渡り切る、(互いに手を貸しあって)乗り切る◆手を貸して救い上げる、困っている人に手を貸して(足りないものを補い合って)みな
kk_激励_げきれい,激励,げきれい,激:◆水が岩などに当たりしぶきとなって高く飛び散るさま◆勢いが強いさま、猛烈なさま◆強く人の心を揺さぶるさま; 励:◆はげ・ます、元気付ける、力付ける、奮(ふる)い立たせる◆仕事などに力を注ぐ,N1,on,on+on,B_verb_rad_力(kun 80%),激:◆水が岩などに当たりしぶきとなって高く飛び散るさま◆勢いが強いさま、猛烈なさま◆強く人の心を揺さぶるさま; 励:◆はげ・ます、元気付ける、力付ける、奮(ふる)い立たせる◆仕事などに力を注ぐ
kk_濃密_のうみつ,濃密,のうみつ,濃:◆露(つゆ)や霧(きり)などの水滴が多いさま、「濃濃(ノウノウ)」、同「𩅽」◆味や色などが深い◆密度が高い◆淡くない、薄くない; 密:◆ぴったりとくっついて隙間がない◆閉ざされていて或いは奥まっていて外から見えない、また窺い知れない◆広く大きく物音や人の声が届いて来ない、ひっそりとした◆山深く,N1,on,on+on,B_noun_rad_宀(kun 93%),濃:◆露(つゆ)や霧(きり)などの水滴が多いさま、「濃濃(ノウノウ)」、同「𩅽」◆味や色などが深い◆密度が高い◆淡くない、薄くない; 密:◆ぴったりとくっついて隙間がない◆閉ざされていて或いは奥まっていて外から見えない、また窺い知れない◆広く大きく物音や人の声が届いて来ない、ひっそりとした◆山深く
kk_濫用/乱用_らんよう,濫用/乱用,らんよう,濫:◆水が一面に満ちて溢(あふ)れる、水が(堰や堤を越えて)外に溢(あふ)れ出る、同「灠」◆度を越えて、無闇(むやみ)に、勝手気ままな、「堰や堤のような限度や限界を; 用:◆人や物、或いはその特性や能力を使う、また使ってあることを行う、また役立たせる◆働かせる、発揮させる、またそのために必要な特性・能力・金銭など◆以(もっ)て◆[; 乱:◆平穏でなくなる、均衡が失われ不安定になる、秩序がなくなる、ごちゃごちゃする、同「𢿢」◆ばらばらになる、脈絡(ミャクラク)がなくなる、訳が分からなくなる◆縺(も,N1,on,on+on+on+on~,A4_multi_on(on+on+on+on 65%),濫:◆水が一面に満ちて溢(あふ)れる、水が(堰や堤を越えて)外に溢(あふ)れ出る、同「灠」◆度を越えて、無闇(むやみ)に、勝手気ままな、「堰や堤のような限度や限界を; 用:◆人や物、或いはその特性や能力を使う、また使ってあることを行う、また役立たせる◆働かせる、発揮させる、またそのために必要な特性・能力・金銭など◆以(もっ)て◆[; 乱:◆平穏でなくなる、均衡が失われ不安定になる、秩序がなくなる、ごちゃごちゃする、同「𢿢」◆ばらばらになる、脈絡(ミャクラク)がなくなる、訳が分からなくなる◆縺(も
kk_濯ぐ/漱ぐ_すすぐ,濯ぐ/漱ぐ,すすぐ,濯:◆揺り動かすようにして洗う◆(罪科や疑いを)払拭する; 漱:◆嗽(うがい)をする、口に含んだ水を揺り動かしながらごぼごぼと口の中を洗う、同「嗽」◆洗う、濯(すす)いで汚れを洗い落とす、同「澣」,N1,mixed,kun+on~,IL1_okurigana(kun 96%) | A1_compound_oku(kun 90%) | A1_on_kun_mix(on+kun 65%),濯:◆揺り動かすようにして洗う◆(罪科や疑いを)払拭する; 漱:◆嗽(うがい)をする、口に含んだ水を揺り動かしながらごぼごぼと口の中を洗う、同「嗽」◆洗う、濯(すす)いで汚れを洗い落とす、同「澣」
kk_瀕する_ひんする,瀕する,ひんする,瀕:◆水際、水が打ち寄せるぎりぎりの所、「川を渡(渉)ろうとして深さを調べるためにぎりぎりのところまで寄って顔(頁)を水面に近付ける」の意、同「濱」「頻」◆境界の間,N1,on,on,IL1_okurigana(kun 96%) | IL2_single_okuri(kun 96%),瀕:◆水際、水が打ち寄せるぎりぎりの所、「川を渡(渉)ろうとして深さを調べるためにぎりぎりのところまで寄って顔(頁)を水面に近付ける」の意、同「濱」「頻」◆境界の間
kk_火力_かりょく,火力,かりょく,火:◆ものが燃える時に発生する光や色や炎や熱など◆ものが赤々と燃える、また焼く◆(火が勢いよく燃えるように、また顔を紅潮させて)怒る、(火が弾けるように)突然怒り出; 力:◆ものを動かすもの、ものを動かしているもの、ものに働(はたら)くもの、「強力(キョウリョク、強い力)」◆働く、務(つと)める、勤(つと)める、「努力(ドリョク、,N1,on,on+on,A3_short_compound(on+on 71%) | B_verb_rad_力(kun 80%),火:◆ものが燃える時に発生する光や色や炎や熱など◆ものが赤々と燃える、また焼く◆(火が勢いよく燃えるように、また顔を紅潮させて)怒る、(火が弾けるように)突然怒り出; 力:◆ものを動かすもの、ものを動かしているもの、ものに働(はたら)くもの、「強力(キョウリョク、強い力)」◆働く、務(つと)める、勤(つと)める、「努力(ドリョク、
kk_炎症_えんしょう,炎症,えんしょう,炎:◆ものが燃(も)えて明るく赤く立ち昇る部分、「火」は「ものが燃えた時に発生する光や色や炎や熱など」を総じたもの◆火が激しく燃え上がる、(炎のように)勢いよく盛ん; 症:◆病気の状態、病状◆繁「癥」,N1,on,on+on,,炎:◆ものが燃(も)えて明るく赤く立ち昇る部分、「火」は「ものが燃えた時に発生する光や色や炎や熱など」を総じたもの◆火が激しく燃え上がる、(炎のように)勢いよく盛ん; 症:◆病気の状態、病状◆繁「癥」
kk_炒める_いためる,炒める,いためる,炒:◆鍋などに油を引き食材を入れて掻(か)き混ぜがら熱を加える、基本的にはじっくりと時間をかけて食材に火を通することではなく高温でさっと火を通すこと、「煎」参照,N1,kun,kun,IL1_okurigana(kun 96%) | IL2_single_okuri(kun 96%),炒:◆鍋などに油を引き食材を入れて掻(か)き混ぜがら熱を加える、基本的にはじっくりと時間をかけて食材に火を通することではなく高温でさっと火を通すこと、「煎」参照
kk_炒飯_チャーハン,炒飯,チャーハン,炒:◆鍋などに油を引き食材を入れて掻(か)き混ぜがら熱を加える、基本的にはじっくりと時間をかけて食材に火を通することではなく高温でさっと火を通すこと、「煎」参照; 飯:◆米などの穀物を煮たり炊(た)いたりして柔らかくした(食べやすくした)もの◆(毎日定期的に摂とる)食事◆食べ物を食べる、食べ物を与える,N1,other,mixed+mixed~,,炒:◆鍋などに油を引き食材を入れて掻(か)き混ぜがら熱を加える、基本的にはじっくりと時間をかけて食材に火を通することではなく高温でさっと火を通すこと、「煎」参照; 飯:◆米などの穀物を煮たり炊(た)いたりして柔らかくした(食べやすくした)もの◆(毎日定期的に摂とる)食事◆食べ物を食べる、食べ物を与える
kk_点検_てんけん,点検,てんけん,点:◆小さな(黒い)染(し)み・瑕(きず)・印(しるし)、またそのようなものを付ける、「汚点(オテン)」◆小さく狭く限られた場所・範囲・位置・事柄、「地点(チテン); 検:◆木簡・竹簡・文書箱などに貼る表題(ヒョウダイ)を記した札(ふだ、ラベルlabel)、題簽(ダイセン)◆木簡・竹簡・文書箱などを紐(ひも)で縛(しば)り、その結,N1,on,on+on,B_noun_rad_木(kun 93%),点:◆小さな(黒い)染(し)み・瑕(きず)・印(しるし)、またそのようなものを付ける、「汚点(オテン)」◆小さく狭く限られた場所・範囲・位置・事柄、「地点(チテン); 検:◆木簡・竹簡・文書箱などに貼る表題(ヒョウダイ)を記した札(ふだ、ラベルlabel)、題簽(ダイセン)◆木簡・竹簡・文書箱などを紐(ひも)で縛(しば)り、その結
kk_無効_むこう,無効,むこう,無:◆ない、存在しない、有(ゆう)していない◆～ではない、～であってはならない◆簡「无」; 効:◆致(いた)す、力を尽くす、力を発揮する◆致す(力を尽くす、力を発揮する)ことによって結果・成果が現れる(得られる)◆他に致す(作用する)ことによって現れる(得,N1,on,on+on,A3_short_compound(on+on 71%) | B_verb_rad_力(kun 80%),無:◆ない、存在しない、有(ゆう)していない◆～ではない、～であってはならない◆簡「无」; 効:◆致(いた)す、力を尽くす、力を発揮する◆致す(力を尽くす、力を発揮する)ことによって結果・成果が現れる(得られる)◆他に致す(作用する)ことによって現れる(得
kk_無口_むくち,無口,むくち,無:◆ない、存在しない、有(ゆう)していない◆～ではない、～であってはならない◆簡「无」; 口:◆動物の食べたり声を発したりするための器官◆ものが出入りするために空(あ)けた(空いた)ところ、(口のように)全体の内の一部空いたところ◆言葉、言葉を発する、語,N1,on,on+on~,A3_short_compound(on+on 71%),無:◆ない、存在しない、有(ゆう)していない◆～ではない、～であってはならない◆簡「无」; 口:◆動物の食べたり声を発したりするための器官◆ものが出入りするために空(あ)けた(空いた)ところ、(口のように)全体の内の一部空いたところ◆言葉、言葉を発する、語
kk_無実_むじつ,無実,むじつ,無:◆ない、存在しない、有(ゆう)していない◆～ではない、～であってはならない◆簡「无」; 実:◆蓄(たくわ)えが家に満ちているさま◆隙間なく詰まって虚(うつ)ろなところがないさま◆ぎっしりと詰まった中身、草木などの稔(みの)って中がぎっしりと詰まったもの,N1,on,on+on,A3_short_compound(on+on 71%) | B_noun_rad_宀(kun 93%),無:◆ない、存在しない、有(ゆう)していない◆～ではない、～であってはならない◆簡「无」; 実:◆蓄(たくわ)えが家に満ちているさま◆隙間なく詰まって虚(うつ)ろなところがないさま◆ぎっしりと詰まった中身、草木などの稔(みの)って中がぎっしりと詰まったもの
kk_無念_むねん,無念,むねん,無:◆ない、存在しない、有(ゆう)していない◆～ではない、～であってはならない◆簡「无」; 念:◆常に心に留めて思い考える、心の中に留まり去らない思いや考え◆口をほとんど閉じた状態で低い声を長く伸ばして読む◆二十、「廿」の大写字(「二」は「貳」、「三」は「,N1,on,on+on,A3_short_compound(on+on 71%),無:◆ない、存在しない、有(ゆう)していない◆～ではない、～であってはならない◆簡「无」; 念:◆常に心に留めて思い考える、心の中に留まり去らない思いや考え◆口をほとんど閉じた状態で低い声を長く伸ばして読む◆二十、「廿」の大写字(「二」は「貳」、「三」は「
kk_無愛想_ぶあいそう,無愛想,ぶあいそう,無:◆ない、存在しない、有(ゆう)していない◆～ではない、～であってはならない◆簡「无」; 愛:◆相手に心を寄せる、慕(した)う、またその気持◆心から慈(いつく)しむ、優しく大切に可愛がる◆心から好む、気に入る、気に入って手放せない; 想:◆～について考える、また考えを巡(めぐ)らす◆～と思う、～ではないかと思う◆～したいと思う,N1,on,on+on+on,A4_multi_on(on+on+on 65%),無:◆ない、存在しない、有(ゆう)していない◆～ではない、～であってはならない◆簡「无」; 愛:◆相手に心を寄せる、慕(した)う、またその気持◆心から慈(いつく)しむ、優しく大切に可愛がる◆心から好む、気に入る、気に入って手放せない; 想:◆～について考える、また考えを巡(めぐ)らす◆～と思う、～ではないかと思う◆～したいと思う
kk_無残_むざん,無残,むざん,無:◆ない、存在しない、有(ゆう)していない◆～ではない、～であってはならない◆簡「无」; 残:◆傷付ける、害(ガイ)する、壊(こわ)す◆踏(ふ)み付けにする、平気で人に危害を加える◆酷(むご)い◆必要なものを取り除いた余り、必要なものを満たすために不足し,N1,on,on+on,A3_short_compound(on+on 71%),無:◆ない、存在しない、有(ゆう)していない◆～ではない、～であってはならない◆簡「无」; 残:◆傷付ける、害(ガイ)する、壊(こわ)す◆踏(ふ)み付けにする、平気で人に危害を加える◆酷(むご)い◆必要なものを取り除いた余り、必要なものを満たすために不足し
kk_無気力_むきりょく,無気力,むきりょく,無:◆ない、存在しない、有(ゆう)していない◆～ではない、～であってはならない◆簡「无」; 気:◆中国古来の考えで、天地全ての事物の基本要素、目に見えず形状は一定しない、あらゆる事物の生死・盛衰などの変化・変動はこの「気」の移動・集散によるものと考えられた; 力:◆ものを動かすもの、ものを動かしているもの、ものに働(はたら)くもの、「強力(キョウリョク、強い力)」◆働く、務(つと)める、勤(つと)める、「努力(ドリョク、,N1,on,on+on+on,A4_multi_on(on+on+on 65%) | B_verb_rad_力(kun 80%),無:◆ない、存在しない、有(ゆう)していない◆～ではない、～であってはならない◆簡「无」; 気:◆中国古来の考えで、天地全ての事物の基本要素、目に見えず形状は一定しない、あらゆる事物の生死・盛衰などの変化・変動はこの「気」の移動・集散によるものと考えられた; 力:◆ものを動かすもの、ものを動かしているもの、ものに働(はたら)くもの、「強力(キョウリョク、強い力)」◆働く、務(つと)める、勤(つと)める、「努力(ドリョク、
kk_無礼講_ぶれいこう,無礼講,ぶれいこう,無:◆ない、存在しない、有(ゆう)していない◆～ではない、～であってはならない◆簡「无」; 礼:◆社会生活をする上での作法や決まり事、「禮儀(礼儀、レイギ、正式な・正規の作法)」「拜禮(拝礼、ハイレイ、お辞儀の作法)」「禮拜(礼拝、レイハイ、作法に則ってお; 講:◆相手に分かるように説(と)く、解説・説明する◆互いに相手の立場を理解し合う、和解(ワカイ)する、「講解(コウカイ)」「講和(コウワ)」,N1,on,on+on+on,A4_multi_on(on+on+on 65%) | B_verb_rad_言(kun 80%),無:◆ない、存在しない、有(ゆう)していない◆～ではない、～であってはならない◆簡「无」; 礼:◆社会生活をする上での作法や決まり事、「禮儀(礼儀、レイギ、正式な・正規の作法)」「拜禮(拝礼、ハイレイ、お辞儀の作法)」「禮拜(礼拝、レイハイ、作法に則ってお; 講:◆相手に分かるように説(と)く、解説・説明する◆互いに相手の立場を理解し合う、和解(ワカイ)する、「講解(コウカイ)」「講和(コウワ)」
kk_無能_むのう,無能,むのう,無:◆ない、存在しない、有(ゆう)していない◆～ではない、～であってはならない◆簡「无」; 能:◆ことを成し遂(と)げる技量(ギリョウ)や力量(リキリョウ)、「能力(ノウリョク)」「才能(サイノウ)」◆十分に或いは上手にできる、～をすることができる(技能・,N1,on,on+on,A3_short_compound(on+on 71%),無:◆ない、存在しない、有(ゆう)していない◆～ではない、～であってはならない◆簡「无」; 能:◆ことを成し遂(と)げる技量(ギリョウ)や力量(リキリョウ)、「能力(ノウリョク)」「才能(サイノウ)」◆十分に或いは上手にできる、～をすることができる(技能・
kk_無茶_むちゃ,無茶,むちゃ,無:◆ない、存在しない、有(ゆう)していない◆～ではない、～であってはならない◆簡「无」; 茶:◆チャ(茶)、チャノキ(茶の木)、ツバキ科ツバキ属の木 ◆チャノキの若葉を摘(つ)み煎(せん)じて飲料用に加工したもの、遅い時期に摘み取った茶葉を使ったものは「,N1,on,on+on,A3_short_compound(on+on 71%),無:◆ない、存在しない、有(ゆう)していない◆～ではない、～であってはならない◆簡「无」; 茶:◆チャ(茶)、チャノキ(茶の木)、ツバキ科ツバキ属の木 ◆チャノキの若葉を摘(つ)み煎(せん)じて飲料用に加工したもの、遅い時期に摘み取った茶葉を使ったものは「
kk_無茶苦茶_むちゃくちゃ,無茶苦茶,むちゃくちゃ,無:◆ない、存在しない、有(ゆう)していない◆～ではない、～であってはならない◆簡「无」; 茶:◆チャ(茶)、チャノキ(茶の木)、ツバキ科ツバキ属の木 ◆チャノキの若葉を摘(つ)み煎(せん)じて飲料用に加工したもの、遅い時期に摘み取った茶葉を使ったものは「; 苦:◆渋味やえぐ味などの不快に感じる味、五味(甘・酸・鹹・苦・辛)の一つ◆不快なことや思うようにならないことなどに困り果てる、押さえ付けられているような(重苦しい),N1,on,on+on+on+on,A4_multi_on(on+on+on+on 65%),無:◆ない、存在しない、有(ゆう)していない◆～ではない、～であってはならない◆簡「无」; 茶:◆チャ(茶)、チャノキ(茶の木)、ツバキ科ツバキ属の木 ◆チャノキの若葉を摘(つ)み煎(せん)じて飲料用に加工したもの、遅い時期に摘み取った茶葉を使ったものは「; 苦:◆渋味やえぐ味などの不快に感じる味、五味(甘・酸・鹹・苦・辛)の一つ◆不快なことや思うようにならないことなどに困り果てる、押さえ付けられているような(重苦しい)
kk_無言_むごん,無言,むごん,無:◆ない、存在しない、有(ゆう)していない◆～ではない、～であってはならない◆簡「无」; 言:◆相手に伝えたいことを声に出してはっきりと述べる、またその内容、またそのための語(ゴ、互いに意思の疎通を図るための言葉)◆字(ジ)、文字◆我(われ)、自分を指す,N1,on,on+on,A3_short_compound(on+on 71%) | B_verb_rad_言(kun 80%),無:◆ない、存在しない、有(ゆう)していない◆～ではない、～であってはならない◆簡「无」; 言:◆相手に伝えたいことを声に出してはっきりと述べる、またその内容、またそのための語(ゴ、互いに意思の疎通を図るための言葉)◆字(ジ)、文字◆我(われ)、自分を指す
kk_無論_むろん,無論,むろん,無:◆ない、存在しない、有(ゆう)していない◆～ではない、～であってはならない◆簡「无」; 論:◆理(リ、道理ドウリ、筋目すじめ)に沿って考える、理に適(かな)った考え◆きちんと筋道(すじみち、道理)に沿って(順序立てて)述べる◆道理(筋や理)に照らして物,N1,on,on+on,A3_short_compound(on+on 71%) | B_verb_rad_言(kun 80%),無:◆ない、存在しない、有(ゆう)していない◆～ではない、～であってはならない◆簡「无」; 論:◆理(リ、道理ドウリ、筋目すじめ)に沿って考える、理に適(かな)った考え◆きちんと筋道(すじみち、道理)に沿って(順序立てて)述べる◆道理(筋や理)に照らして物
kk_無謀_むぼう,無謀,むぼう,無:◆ない、存在しない、有(ゆう)していない◆～ではない、～であってはならない◆簡「无」; 謀:◆(あることについて、あることをするに先立って)どうしたらよいか思案する、あれこれと考えを巡(めぐ)らす、同「㖼」「呣」◆(あることについて、あることをするに先,N1,on,on+on,A3_short_compound(on+on 71%) | B_verb_rad_言(kun 80%),無:◆ない、存在しない、有(ゆう)していない◆～ではない、～であってはならない◆簡「无」; 謀:◆(あることについて、あることをするに先立って)どうしたらよいか思案する、あれこれと考えを巡(めぐ)らす、同「㖼」「呣」◆(あることについて、あることをするに先
kk_無遠慮_ぶえんりょ,無遠慮,ぶえんりょ,無:◆ない、存在しない、有(ゆう)していない◆～ではない、～であってはならない◆簡「无」; 遠:◆場所や時間などが遥(はる)かに離れている、間(あいだ)が大きく空(あ)いている◆間を離す、大きく空ける◆関係が薄い; 慮:◆(あることについて)あれこれと思いや考えを巡(めぐ)らす◆推(お)し量(はか)る、推測する、「慮外(リョガイ、思っていたこととは違うこと、思い掛けないこと)」,N1,on,on+on+on,A4_multi_on(on+on+on 65%),無:◆ない、存在しない、有(ゆう)していない◆～ではない、～であってはならない◆簡「无」; 遠:◆場所や時間などが遥(はる)かに離れている、間(あいだ)が大きく空(あ)いている◆間を離す、大きく空ける◆関係が薄い; 慮:◆(あることについて)あれこれと思いや考えを巡(めぐ)らす◆推(お)し量(はか)る、推測する、「慮外(リョガイ、思っていたこととは違うこと、思い掛けないこと)」
kk_無闇/無暗_むやみ,無闇/無暗,むやみ,無:◆ない、存在しない、有(ゆう)していない◆～ではない、～であってはならない◆簡「无」; 闇:◆門を閉める◆暗い、薄暗い、ぼんやりしている、「門が閉じられ光りが遮られる」ことから◆よく見えない、訳が分からない、ものの道理が分からない「門が閉じられ外の様子; 無:◆ない、存在しない、有(ゆう)していない◆～ではない、～であってはならない◆簡「无」,N1,other,mixed+mixed+mixed+mixed~,A4_multi_on(on+on+on+on 65%),無:◆ない、存在しない、有(ゆう)していない◆～ではない、～であってはならない◆簡「无」; 闇:◆門を閉める◆暗い、薄暗い、ぼんやりしている、「門が閉じられ光りが遮られる」ことから◆よく見えない、訳が分からない、ものの道理が分からない「門が閉じられ外の様子; 無:◆ない、存在しない、有(ゆう)していない◆～ではない、～であってはならない◆簡「无」
kk_無難_ぶなん,無難,ぶなん,無:◆ない、存在しない、有(ゆう)していない◆～ではない、～であってはならない◆簡「无」; 難:◆思いの通りにいかない(ならない)、～するのは容易でない、～しにくい、～しづらい、同「艱」◆災(わざわ)い、禍(カ、わざわい)、手の施(ほどこ)しようのない(思,N1,on,on+on,A3_short_compound(on+on 71%),無:◆ない、存在しない、有(ゆう)していない◆～ではない、～であってはならない◆簡「无」; 難:◆思いの通りにいかない(ならない)、～するのは容易でない、～しにくい、～しづらい、同「艱」◆災(わざわ)い、禍(カ、わざわい)、手の施(ほどこ)しようのない(思
kk_焦げ茶_こげちゃ,焦げ茶,こげちゃ,焦:◆焼けて(黒く)色が変わる、またちりちり(縮んで皴が寄るさま)になる◆焼けて臭いがする◆心中が焼けるように熱くなる、苛々(いらいら)して気ばかりが急(せ)く、先; 茶:◆チャ(茶)、チャノキ(茶の木)、ツバキ科ツバキ属の木 ◆チャノキの若葉を摘(つ)み煎(せん)じて飲料用に加工したもの、遅い時期に摘み取った茶葉を使ったものは「,N1,mixed,kun+on~,IL1_okurigana(kun 96%) | A1_compound_oku(kun 90%) | A1_on_kun_mix(on+kun 65%),焦:◆焼けて(黒く)色が変わる、またちりちり(縮んで皴が寄るさま)になる◆焼けて臭いがする◆心中が焼けるように熱くなる、苛々(いらいら)して気ばかりが急(せ)く、先; 茶:◆チャ(茶)、チャノキ(茶の木)、ツバキ科ツバキ属の木 ◆チャノキの若葉を摘(つ)み煎(せん)じて飲料用に加工したもの、遅い時期に摘み取った茶葉を使ったものは「
kk_焦る_あせる,焦る,あせる,焦:◆焼けて(黒く)色が変わる、またちりちり(縮んで皴が寄るさま)になる◆焼けて臭いがする◆心中が焼けるように熱くなる、苛々(いらいら)して気ばかりが急(せ)く、先,N1,kun,kun,IL1_okurigana(kun 96%) | IL2_single_okuri(kun 96%),焦:◆焼けて(黒く)色が変わる、またちりちり(縮んで皴が寄るさま)になる◆焼けて臭いがする◆心中が焼けるように熱くなる、苛々(いらいら)して気ばかりが急(せ)く、先
kk_焦れったい_じれったい,焦れったい,じれったい,焦:◆焼けて(黒く)色が変わる、またちりちり(縮んで皴が寄るさま)になる◆焼けて臭いがする◆心中が焼けるように熱くなる、苛々(いらいら)して気ばかりが急(せ)く、先,N1,kun,kun,IL1_okurigana(kun 96%) | IL2_single_okuri(kun 96%),焦:◆焼けて(黒く)色が変わる、またちりちり(縮んで皴が寄るさま)になる◆焼けて臭いがする◆心中が焼けるように熱くなる、苛々(いらいら)して気ばかりが急(せ)く、先
kk_然/併しながら_しかしながら,然/併しながら,しかしながら,然:◆燃やす、火で焼く、「イヌ(犬、狗)の肉(月)を燃やす(灬)」の意、同「燃」◆～のような、～のように◆しか・も、その上に、それでも◆しか・り、その通り、yes◆; 併:◆あわ・せる、二つのもの(幾つかのもの)を一つにする、同「幷」◆並ぶ、並べる、同「並」◆簡「并」◆[日]しか・し、～ではあるけれども,N1,kun,kun+kun~,IL1_okurigana(kun 96%) | A1_compound_oku(kun 90%) | A1_on_kun_mix(on+kun 65%),然:◆燃やす、火で焼く、「イヌ(犬、狗)の肉(月)を燃やす(灬)」の意、同「燃」◆～のような、～のように◆しか・も、その上に、それでも◆しか・り、その通り、yes◆; 併:◆あわ・せる、二つのもの(幾つかのもの)を一つにする、同「幷」◆並ぶ、並べる、同「並」◆簡「并」◆[日]しか・し、～ではあるけれども
kk_然して_さして,然して,さして,然:◆燃やす、火で焼く、「イヌ(犬、狗)の肉(月)を燃やす(灬)」の意、同「燃」◆～のような、～のように◆しか・も、その上に、それでも◆しか・り、その通り、yes◆,N1,other,unknown,IL1_okurigana(kun 96%) | IL2_single_okuri(kun 96%),然:◆燃やす、火で焼く、「イヌ(犬、狗)の肉(月)を燃やす(灬)」の意、同「燃」◆～のような、～のように◆しか・も、その上に、それでも◆しか・り、その通り、yes◆
kk_然も_さも,然も,さも,然:◆燃やす、火で焼く、「イヌ(犬、狗)の肉(月)を燃やす(灬)」の意、同「燃」◆～のような、～のように◆しか・も、その上に、それでも◆しか・り、その通り、yes◆,N1,other,unknown,IL1_okurigana(kun 96%) | IL2_single_okuri(kun 96%),然:◆燃やす、火で焼く、「イヌ(犬、狗)の肉(月)を燃やす(灬)」の意、同「燃」◆～のような、～のように◆しか・も、その上に、それでも◆しか・り、その通り、yes◆
kk_然もないと_さもないと,然もないと,さもないと,然:◆燃やす、火で焼く、「イヌ(犬、狗)の肉(月)を燃やす(灬)」の意、同「燃」◆～のような、～のように◆しか・も、その上に、それでも◆しか・り、その通り、yes◆,N1,other,unknown,IL1_okurigana(kun 96%) | IL2_single_okuri(kun 96%),然:◆燃やす、火で焼く、「イヌ(犬、狗)の肉(月)を燃やす(灬)」の意、同「燃」◆～のような、～のように◆しか・も、その上に、それでも◆しか・り、その通り、yes◆
kk_然る可き_しかるべき,然る可き,しかるべき,然:◆燃やす、火で焼く、「イヌ(犬、狗)の肉(月)を燃やす(灬)」の意、同「燃」◆～のような、～のように◆しか・も、その上に、それでも◆しか・り、その通り、yes◆; 可:◆よい、よろしい、～してよい、同意の語◆認める、許す、許可の意を表す語◆～できる、可能性を示す語◆(当然)～すべきである、(必ず、きっと)～となるだろう◆～ばか,N1,mixed,kun+on~,IL1_okurigana(kun 96%) | A1_compound_oku(kun 90%) | A1_on_kun_mix(on+kun 65%),然:◆燃やす、火で焼く、「イヌ(犬、狗)の肉(月)を燃やす(灬)」の意、同「燃」◆～のような、～のように◆しか・も、その上に、それでも◆しか・り、その通り、yes◆; 可:◆よい、よろしい、～してよい、同意の語◆認める、許す、許可の意を表す語◆～できる、可能性を示す語◆(当然)～すべきである、(必ず、きっと)～となるだろう◆～ばか
kk_煌々_こうこう,煌々,こうこう,煌:◆きらきらと輝(かがや)く、明るい光が広がる、同「熿」◆「敦煌(トンコウ)」、西漢代(前202年～8年)に置かれた郡名、現甘粛省敦煌市付近,N1,on,on,IL2_single_default(kun 84%),煌:◆きらきらと輝(かがや)く、明るい光が広がる、同「熿」◆「敦煌(トンコウ)」、西漢代(前202年～8年)に置かれた郡名、現甘粛省敦煌市付近
kk_煌く_きらめく,煌く,きらめく,煌:◆きらきらと輝(かがや)く、明るい光が広がる、同「熿」◆「敦煌(トンコウ)」、西漢代(前202年～8年)に置かれた郡名、現甘粛省敦煌市付近,N1,kun,kun,IL1_okurigana(kun 96%) | IL2_single_okuri(kun 96%),煌:◆きらきらと輝(かがや)く、明るい光が広がる、同「熿」◆「敦煌(トンコウ)」、西漢代(前202年～8年)に置かれた郡名、現甘粛省敦煌市付近
kk_煌びやか_きらびやか,煌びやか,きらびやか,煌:◆きらきらと輝(かがや)く、明るい光が広がる、同「熿」◆「敦煌(トンコウ)」、西漢代(前202年～8年)に置かれた郡名、現甘粛省敦煌市付近,N1,kun,kun,IL1_okurigana(kun 96%) | IL2_single_okuri(kun 96%),煌:◆きらきらと輝(かがや)く、明るい光が広がる、同「熿」◆「敦煌(トンコウ)」、西漢代(前202年～8年)に置かれた郡名、現甘粛省敦煌市付近
kk_煙たい_けむたい,煙たい,けむたい,煙:◆ものが燃える時に発生する気体や微粒子◆煤(すす)、煙の粒子が飛散せずに黒く溜(た)まったもの◆空中を大量の微粒子が浮遊することによって霞(かす)むさま、またぼ,N1,kun,kun,IL1_okurigana(kun 96%) | IL2_single_okuri(kun 96%),煙:◆ものが燃える時に発生する気体や微粒子◆煤(すす)、煙の粒子が飛散せずに黒く溜(た)まったもの◆空中を大量の微粒子が浮遊することによって霞(かす)むさま、またぼ
kk_照れくさい_てれくさい,照れくさい,てれくさい,照:◆光が当たる、光を当てる◆明るい、光を当てて辺りを明るくする、「照明(ショウメイ)」◆他のものと見比べる、また見比べて確かめる、「照合(ショウゴウ)」「◆光を当,N1,kun,kun,IL1_okurigana(kun 96%) | IL2_single_okuri(kun 96%),照:◆光が当たる、光を当てる◆明るい、光を当てて辺りを明るくする、「照明(ショウメイ)」◆他のものと見比べる、また見比べて確かめる、「照合(ショウゴウ)」「◆光を当
kk_照会_しょうかい,照会,しょうかい,照:◆光が当たる、光を当てる◆明るい、光を当てて辺りを明るくする、「照明(ショウメイ)」◆他のものと見比べる、また見比べて確かめる、「照合(ショウゴウ)」「◆光を当; 会:◆人が集まる、同じ時間や場所に(同じ目的で)集まる、「会合(カイゴウ)」◆多くの人が(出向いて)集まる、また集まったところ、「集会(シュウカイ)」「都会(トカイ,N1,on,on+on,,照:◆光が当たる、光を当てる◆明るい、光を当てて辺りを明るくする、「照明(ショウメイ)」◆他のものと見比べる、また見比べて確かめる、「照合(ショウゴウ)」「◆光を当; 会:◆人が集まる、同じ時間や場所に(同じ目的で)集まる、「会合(カイゴウ)」◆多くの人が(出向いて)集まる、また集まったところ、「集会(シュウカイ)」「都会(トカイ
kk_照合_しょうごう,照合,しょうごう,照:◆光が当たる、光を当てる◆明るい、光を当てて辺りを明るくする、「照明(ショウメイ)」◆他のものと見比べる、また見比べて確かめる、「照合(ショウゴウ)」「◆光を当; 合:◆人や物が集まって一緒になる、また一つになる◆幾つかのものを集め一緒にする、幾つかのものが集まり同じになる◆同じものを纏(まと)めた全体◆ぴったりと一致する、当,N1,on,on+on,,照:◆光が当たる、光を当てる◆明るい、光を当てて辺りを明るくする、「照明(ショウメイ)」◆他のものと見比べる、また見比べて確かめる、「照合(ショウゴウ)」「◆光を当; 合:◆人や物が集まって一緒になる、また一つになる◆幾つかのものを集め一緒にする、幾つかのものが集まり同じになる◆同じものを纏(まと)めた全体◆ぴったりと一致する、当
kk_煩わしい_わずらわしい,煩わしい,わずらわしい,煩:◆あれこれ多くの物や事が入り乱れるさま◆あれこれ多くの物や事が身に降りかかる、またそれで頭を痛める、また苛々(いらいら)する、また思い悩む、「煩悶(ハンモン)」,N1,kun,kun,IL1_okurigana(kun 96%) | IL2_single_okuri(kun 96%),煩:◆あれこれ多くの物や事が入り乱れるさま◆あれこれ多くの物や事が身に降りかかる、またそれで頭を痛める、また苛々(いらいら)する、また思い悩む、「煩悶(ハンモン)」
kk_煮え切らない_にえきらない,煮え切らない,にえきらない,煮:◆食材に湯水を加え火にかけ熱を通す; 切:◆刃物などですっと断(た)つ、裁(た)つ、割(さ)く◆ぴったりとしたさま、隙(すき)がないさま、「親切(シンセツ)」◆近くまで迫(せま)る、差し迫る、「切近(セ,N1,kun,kun+kun~,IL1_okurigana(kun 96%) | A1_compound_oku(kun 90%) | A1_on_kun_mix(on+kun 65%),煮:◆食材に湯水を加え火にかけ熱を通す; 切:◆刃物などですっと断(た)つ、裁(た)つ、割(さ)く◆ぴったりとしたさま、隙(すき)がないさま、「親切(シンセツ)」◆近くまで迫(せま)る、差し迫る、「切近(セ
kk_煽てる_おだてる,煽てる,おだてる,煽:◆扇(あお)いで火を燃え立たせる、同「傓」◆人を嗾(けしか)ける、唆(そそのか)す、同「扇」,N1,other,unknown,IL1_okurigana(kun 96%) | IL2_single_okuri(kun 96%),煽:◆扇(あお)いで火を燃え立たせる、同「傓」◆人を嗾(けしか)ける、唆(そそのか)す、同「扇」
kk_熟す_こなす,熟す,こなす,熟:◆食べ頃になるまで十分に火を通す、また煮る、また焼く、同「孰」◆十分に食べ頃になる、十分に良い状態になる、十分に成長する◆十分な状態になるまで～する,N1,kun,kun,IL1_okurigana(kun 96%) | IL2_single_okuri(kun 96%),熟:◆食べ頃になるまで十分に火を通す、また煮る、また焼く、同「孰」◆十分に食べ頃になる、十分に良い状態になる、十分に成長する◆十分な状態になるまで～する
kk_熟知_じゅくち,熟知,じゅくち,熟:◆食べ頃になるまで十分に火を通す、また煮る、また焼く、同「孰」◆十分に食べ頃になる、十分に良い状態になる、十分に成長する◆十分な状態になるまで～する; 知:◆(矢のように素早く、矢が的の中央に当たるように的確に)認識する、見定める、「察知(サッチ)」「知識(チシキ)」、「智」は「見知ったことを理解しその正邪を正しく,N1,on,on+on,A3_short_compound(on+on 71%),熟:◆食べ頃になるまで十分に火を通す、また煮る、また焼く、同「孰」◆十分に食べ頃になる、十分に良い状態になる、十分に成長する◆十分な状態になるまで～する; 知:◆(矢のように素早く、矢が的の中央に当たるように的確に)認識する、見定める、「察知(サッチ)」「知識(チシキ)」、「智」は「見知ったことを理解しその正邪を正しく
kk_熱弁_ねつべん,熱弁,ねつべん,熱:◆火に温められて立ち昇る温気や蒸気◆火に当たって温度が高くなる、太陽の熱によって気温が上がるのは「暑」◆火照(ほて)る◆盛んになる、夢中になる; 弁:◆頭に被(かぶ)る冠(かんむり)や帽子、冕(ベン、高位の人の正装用の冠)なども含む、同「㝸」「𢍍」◆冠を被(かぶ)る、同「𠭛」◆元服(ゲンプク、男子が成人したこ,N1,on,on+on,,熱:◆火に温められて立ち昇る温気や蒸気◆火に当たって温度が高くなる、太陽の熱によって気温が上がるのは「暑」◆火照(ほて)る◆盛んになる、夢中になる; 弁:◆頭に被(かぶ)る冠(かんむり)や帽子、冕(ベン、高位の人の正装用の冠)なども含む、同「㝸」「𢍍」◆冠を被(かぶ)る、同「𠭛」◆元服(ゲンプク、男子が成人したこ
kk_熱意_ねつい,熱意,ねつい,熱:◆火に温められて立ち昇る温気や蒸気◆火に当たって温度が高くなる、太陽の熱によって気温が上がるのは「暑」◆火照(ほて)る◆盛んになる、夢中になる; 意:◆心の中にあって外(言葉や態度・行動など)には出さない思いや考え、心の動きや働き、気持ち◆物事の内にあって表には現れ出ないもの、内に込められているもの,N1,on,on+on,A3_short_compound(on+on 71%),熱:◆火に温められて立ち昇る温気や蒸気◆火に当たって温度が高くなる、太陽の熱によって気温が上がるのは「暑」◆火照(ほて)る◆盛んになる、夢中になる; 意:◆心の中にあって外(言葉や態度・行動など)には出さない思いや考え、心の動きや働き、気持ち◆物事の内にあって表には現れ出ないもの、内に込められているもの
kk_燃焼_ねんしょう,燃焼,ねんしょう,燃:◆火で熱せられて炎が立ち昇る、単に火で熱するのは「焼」、同「然」¶古くは「イヌ(犬、狗)の肉(月)を燃やす(灬)」の意で「然」が用いられたが、「然」が専ら「しか; 焼:◆火をつける、火つけて燃やす、火の中にものを入れて燃やす、ものが熱せられて炎や煙が立ち昇る◆[日]あれこれと進んで人に尽くす,N1,on,on+on,,燃:◆火で熱せられて炎が立ち昇る、単に火で熱するのは「焼」、同「然」¶古くは「イヌ(犬、狗)の肉(月)を燃やす(灬)」の意で「然」が用いられたが、「然」が専ら「しか; 焼:◆火をつける、火つけて燃やす、火の中にものを入れて燃やす、ものが熱せられて炎や煙が立ち昇る◆[日]あれこれと進んで人に尽くす
kk_燻る_くすぶる,燻る,くすぶる,燻:◆煙が立ち昇る◆煙や蒸気や匂いが立ち込める,N1,kun,kun,IL1_okurigana(kun 96%) | IL2_single_okuri(kun 96%),燻:◆煙が立ち昇る◆煙や蒸気や匂いが立ち込める
kk_爆破_ばくは,爆破,ばくは,爆:◆は・ぜる、火が弾(はじ)ける、火が勢いよく飛び散る◆(熱を加えることで)物が破裂し激しい勢いで飛び散る、炸裂(さくれつ)する◆急に膨(ふく)れる◆食材を熱い油; 破:◆石を砕(くだ)く◆壊(こわ)す、壊れる、本来の形や状態でなくなる◆限界(区切りとなる線や面)を突き抜ける、突いて穴をあける◆敵の防御線を突き抜ける、敵を打ち負,N1,on,on+on,A3_short_compound(on+on 71%),爆:◆は・ぜる、火が弾(はじ)ける、火が勢いよく飛び散る◆(熱を加えることで)物が破裂し激しい勢いで飛び散る、炸裂(さくれつ)する◆急に膨(ふく)れる◆食材を熱い油; 破:◆石を砕(くだ)く◆壊(こわ)す、壊れる、本来の形や状態でなくなる◆限界(区切りとなる線や面)を突き抜ける、突いて穴をあける◆敵の防御線を突き抜ける、敵を打ち負
kk_片思い_かたおもい,片思い,かたおもい,片:◆切って(切り開いて、切り裂いて)薄く広げたもの、薄く平らなもの◆大きなものを小さく分けたその一つ、小さいもの◆少しであるさま、僅(わず)かなさま、「片言(ヘン; 思:◆心の中で考える、心に浮かぶ、心に浮かべる、想(おも)う、「思慮(シリョ、あれこれと思いや考えを巡らすこと)」「相思(ソウシ、互いに相手を思うこと、思い合うこと,N1,kun,kun+kun,IL1_okurigana(kun 96%) | A1_compound_oku(kun 90%) | A1_on_kun_mix(on+kun 65%),片:◆切って(切り開いて、切り裂いて)薄く広げたもの、薄く平らなもの◆大きなものを小さく分けたその一つ、小さいもの◆少しであるさま、僅(わず)かなさま、「片言(ヘン; 思:◆心の中で考える、心に浮かぶ、心に浮かべる、想(おも)う、「思慮(シリョ、あれこれと思いや考えを巡らすこと)」「相思(ソウシ、互いに相手を思うこと、思い合うこと
kk_片～_かた～,片～,かた～,片:◆切って(切り開いて、切り裂いて)薄く広げたもの、薄く平らなもの◆大きなものを小さく分けたその一つ、小さいもの◆少しであるさま、僅(わず)かなさま、「片言(ヘン,N1,kun,kun,IL2_single_default(kun 84%),片:◆切って(切り開いて、切り裂いて)薄く広げたもの、薄く平らなもの◆大きなものを小さく分けたその一つ、小さいもの◆少しであるさま、僅(わず)かなさま、「片言(ヘン
kk_版_はん,版,はん,版:◆印刷する文字や絵などを彫(ほ)り込んだ板、同「板」◆印刷物用の板(版)に関する語、「出版(シュッパン、出版物の印刷が出来上がること、書籍・出版物を刊行すること,N1,on,on,IL2_on_only(on 99%),版:◆印刷する文字や絵などを彫(ほ)り込んだ板、同「板」◆印刷物用の板(版)に関する語、「出版(シュッパン、出版物の印刷が出来上がること、書籍・出版物を刊行すること
kk_物件_ぶっけん,物件,ぶっけん,物:◆(天地の間に存在する)人以外の形のあるもの、人は「者」、形のないものは「事」; 件:◆分(わ)ける、区分(くわけ)する、区分けされているものを数える語、物や事(こと)を数える語◆事、事柄(ことがら)◆[日]くだん、くだり、前に取り上げた事柄,N1,on,on+on,B_noun_rad_牛(kun 93%),物:◆(天地の間に存在する)人以外の形のあるもの、人は「者」、形のないものは「事」; 件:◆分(わ)ける、区分(くわけ)する、区分けされているものを数える語、物や事(こと)を数える語◆事、事柄(ことがら)◆[日]くだん、くだり、前に取り上げた事柄
kk_物件費_ぶっけんひ,物件費,ぶっけんひ,物:◆(天地の間に存在する)人以外の形のあるもの、人は「者」、形のないものは「事」; 件:◆分(わ)ける、区分(くわけ)する、区分けされているものを数える語、物や事(こと)を数える語◆事、事柄(ことがら)◆[日]くだん、くだり、前に取り上げた事柄; 費:◆金銭・品物・労力などを使う、時間・手間などがかかる◆ものなどを買うために用いる金銭、「費用(ヒヨウ)」◆使い減らす、「浪費(ロウヒ)」◆魯ロ国(前11世紀～前,N1,on,on+on+on,A4_multi_on(on+on+on 65%) | B_noun_rad_牛(kun 93%),物:◆(天地の間に存在する)人以外の形のあるもの、人は「者」、形のないものは「事」; 件:◆分(わ)ける、区分(くわけ)する、区分けされているものを数える語、物や事(こと)を数える語◆事、事柄(ことがら)◆[日]くだん、くだり、前に取り上げた事柄; 費:◆金銭・品物・労力などを使う、時間・手間などがかかる◆ものなどを買うために用いる金銭、「費用(ヒヨウ)」◆使い減らす、「浪費(ロウヒ)」◆魯ロ国(前11世紀～前
kk_物好き_ものずき,物好き,ものずき,物:◆(天地の間に存在する)人以外の形のあるもの、人は「者」、形のないものは「事」; 好:◆自分にとって快く受け入れることができること(事・言)やもの(物・者)、その逆が「悪」、「好悪(コウオ)」◆良い、善(よ)い、心地良い、丁度良い、勝手(かって、,N1,other,mixed+mixed~,IL1_okurigana(kun 96%) | A1_compound_oku(kun 90%) | A1_on_kun_mix(on+kun 65%),物:◆(天地の間に存在する)人以外の形のあるもの、人は「者」、形のないものは「事」; 好:◆自分にとって快く受け入れることができること(事・言)やもの(物・者)、その逆が「悪」、「好悪(コウオ)」◆良い、善(よ)い、心地良い、丁度良い、勝手(かって、
kk_物色_ぶっしょく,物色,ぶっしょく,物:◆(天地の間に存在する)人以外の形のあるもの、人は「者」、形のないものは「事」; 色:◆視覚によって認識するものの内、形状以外のもの、(特に顔の)表情、彩(いろどり)り、具合(ぐあい)、様子◆男女間の情欲(ジョウヨク)◆種類、二色=二種類◆いろ、,N1,on,on+on,B_noun_rad_牛(kun 93%),物:◆(天地の間に存在する)人以外の形のあるもの、人は「者」、形のないものは「事」; 色:◆視覚によって認識するものの内、形状以外のもの、(特に顔の)表情、彩(いろどり)り、具合(ぐあい)、様子◆男女間の情欲(ジョウヨク)◆種類、二色=二種類◆いろ、
kk_物議_ぶつぎ,物議,ぶつぎ,物:◆(天地の間に存在する)人以外の形のあるもの、人は「者」、形のないものは「事」; 議:◆互いに意見を交わし合う◆物事の是非について意見を交わし合う、またそれよって適切な結論を得る◆文章様式の一種で、物事の理非についての意見を記述したもの,N1,on,on+on,A3_short_compound(on+on 71%) | B_noun_rad_牛(kun 93%) | B_verb_rad_言(kun 80%),物:◆(天地の間に存在する)人以外の形のあるもの、人は「者」、形のないものは「事」; 議:◆互いに意見を交わし合う◆物事の是非について意見を交わし合う、またそれよって適切な結論を得る◆文章様式の一種で、物事の理非についての意見を記述したもの
kk_物資_ぶっし,物資,ぶっし,物:◆(天地の間に存在する)人以外の形のあるもの、人は「者」、形のないものは「事」; 資:◆何かを成そうとするために必要となるもの、何かをするために先立つもの、前以(まえもっ)て備えておくもの、「資財(シザイ)」「資格(シカク)」◆天性の(生まれつき,N1,on,on+on,A3_short_compound(on+on 71%) | B_noun_rad_牛(kun 93%),物:◆(天地の間に存在する)人以外の形のあるもの、人は「者」、形のないものは「事」; 資:◆何かを成そうとするために必要となるもの、何かをするために先立つもの、前以(まえもっ)て備えておくもの、「資財(シザイ)」「資格(シカク)」◆天性の(生まれつき
kk_物足りない_ものたりない,物足りない,ものたりない,物:◆(天地の間に存在する)人以外の形のあるもの、人は「者」、形のないものは「事」; 足:◆体や物体の一部で、胴から分かれ出て伸び、地に接して体を支えたり、歩行・走行・跳躍などの運動機能を担う部分、現代の中国では「脚」◆「歩く」「走る」などの足を使っ,N1,kun,kun+kun,IL1_okurigana(kun 96%) | A1_compound_oku(kun 90%) | A1_on_kun_mix(on+kun 65%),物:◆(天地の間に存在する)人以外の形のあるもの、人は「者」、形のないものは「事」; 足:◆体や物体の一部で、胴から分かれ出て伸び、地に接して体を支えたり、歩行・走行・跳躍などの運動機能を担う部分、現代の中国では「脚」◆「歩く」「走る」などの足を使っ
kk_特権_とっけん,特権,とっけん,特:◆牡牛(おすうし)、祭礼の際の犠牲(ギセイ、生贄いけにえ)として選ばれるひときわ立派な牡牛、同「犆」「𤙰」◆際立(きわだ)っている、抜きん出ている、非常に◆それ; 権:◆秤(はかり)、また秤に使う分銅(フンドウ、重さの基準となる金属の塊)◆重さを量(はか)る、状況を量りそれに応じて釣り合いを取る◆釣り合いを左右することができる,N1,on,on+on~,B_noun_rad_牛(kun 93%) | B_noun_rad_木(kun 93%),特:◆牡牛(おすうし)、祭礼の際の犠牲(ギセイ、生贄いけにえ)として選ばれるひときわ立派な牡牛、同「犆」「𤙰」◆際立(きわだ)っている、抜きん出ている、非常に◆それ; 権:◆秤(はかり)、また秤に使う分銅(フンドウ、重さの基準となる金属の塊)◆重さを量(はか)る、状況を量りそれに応じて釣り合いを取る◆釣り合いを左右することができる
kk_特許_とっきょ,特許,とっきょ,特:◆牡牛(おすうし)、祭礼の際の犠牲(ギセイ、生贄いけにえ)として選ばれるひときわ立派な牡牛、同「犆」「𤙰」◆際立(きわだ)っている、抜きん出ている、非常に◆それ; 許:◆ゆる・す、願いや話を聞き入れる、受け入れる◆ゆる・す、認める◆もと、～のところ(処、所)◆ばか・り、凡(おおよ)そ～、～程(ほど)◆「何許(カキョ)」◇何処(,N1,on,on+mixed~,A3_short_compound(on+on 71%) | B_noun_rad_牛(kun 93%) | B_verb_rad_言(kun 80%),特:◆牡牛(おすうし)、祭礼の際の犠牲(ギセイ、生贄いけにえ)として選ばれるひときわ立派な牡牛、同「犆」「𤙰」◆際立(きわだ)っている、抜きん出ている、非常に◆それ; 許:◆ゆる・す、願いや話を聞き入れる、受け入れる◆ゆる・す、認める◆もと、～のところ(処、所)◆ばか・り、凡(おおよ)そ～、～程(ほど)◆「何許(カキョ)」◇何処(
kk_特集_とくしゅう,特集,とくしゅう,特:◆牡牛(おすうし)、祭礼の際の犠牲(ギセイ、生贄いけにえ)として選ばれるひときわ立派な牡牛、同「犆」「𤙰」◆際立(きわだ)っている、抜きん出ている、非常に◆それ; 集:◆多くのものが同じところに寄り合う、多くの人が同じところに会(カイ)する◆多くのものが一つになる、また一つにする、また一つになったもの、また一つにしたもの◆多く,N1,on,on+on,B_noun_rad_牛(kun 93%),特:◆牡牛(おすうし)、祭礼の際の犠牲(ギセイ、生贄いけにえ)として選ばれるひときわ立派な牡牛、同「犆」「𤙰」◆際立(きわだ)っている、抜きん出ている、非常に◆それ; 集:◆多くのものが同じところに寄り合う、多くの人が同じところに会(カイ)する◆多くのものが一つになる、また一つにする、また一つになったもの、また一つにしたもの◆多く
kk_犠牲_ぎせい,犠牲,ぎせい,犠:◆祭礼の際に神前に生きたままの姿で供(そな)える牛などの家畜、生け贄(いけにえ)、特に純色のもの、純色でないものを含めた総称を「牲」◆「犠牲(ギセイ)」◇神前に; 牲:◆祭礼の際に神前に生きたままの姿で供(そな)える牛などの家畜、生け贄(いけにえ)、そのうち純色のものは特に「犠」という、生贄(いけにえ)◆家畜◆「犠牲(ギセイ),N1,on,on+on,A3_short_compound(on+on 71%) | B_noun_rad_牛(kun 93%) | B_noun_rad_牛(kun 93%),犠:◆祭礼の際に神前に生きたままの姿で供(そな)える牛などの家畜、生け贄(いけにえ)、特に純色のもの、純色でないものを含めた総称を「牲」◆「犠牲(ギセイ)」◇神前に; 牲:◆祭礼の際に神前に生きたままの姿で供(そな)える牛などの家畜、生け贄(いけにえ)、そのうち純色のものは特に「犠」という、生贄(いけにえ)◆家畜◆「犠牲(ギセイ)
kk_独り身_ひとりみ,独り身,ひとりみ,独:◆一人、一人だけ◆一つ、ただ一つ; 身:◆(頭部を除いた)体(からだ)、躯体(クタイ)、同「躯」「躬」◆中に含まれているもの、また入っているもの、本体◆人の一生、命(いのち)◆吾(われ)、我(わ)が、,N1,kun,kun+kun~,IL1_okurigana(kun 96%) | A1_compound_oku(kun 90%) | A1_on_kun_mix(on+kun 65%),独:◆一人、一人だけ◆一つ、ただ一つ; 身:◆(頭部を除いた)体(からだ)、躯体(クタイ)、同「躯」「躬」◆中に含まれているもの、また入っているもの、本体◆人の一生、命(いのち)◆吾(われ)、我(わ)が、
kk_独創_どくそう,独創,どくそう,独:◆一人、一人だけ◆一つ、ただ一つ; 創:◆傷(きず)、切り傷、同「瘡」◆傷付ける、刃物で切り込みを入れる、彫(ほ)る、彫り込む、同「𠛂」◆(まず刃物で切り込みを入れるところから始めるの意で)仕事をし始,N1,on,on+on,B_verb_rad_刀(kun 80%),独:◆一人、一人だけ◆一つ、ただ一つ; 創:◆傷(きず)、切り傷、同「瘡」◆傷付ける、刃物で切り込みを入れる、彫(ほ)る、彫り込む、同「𠛂」◆(まず刃物で切り込みを入れるところから始めるの意で)仕事をし始
kk_独占_どくせん,独占,どくせん,独:◆一人、一人だけ◆一つ、ただ一つ; 占:◆卜(うらな)う、吉凶を予想する、同「卜」◆幾つかの選択肢の中から一つを決め選ぶ◆自分のものにする、「占拠(せんきょ)」,N1,on,on+on,,独:◆一人、一人だけ◆一つ、ただ一つ; 占:◆卜(うらな)う、吉凶を予想する、同「卜」◆幾つかの選択肢の中から一つを決め選ぶ◆自分のものにする、「占拠(せんきょ)」
kk_独裁_どくさい,独裁,どくさい,独:◆一人、一人だけ◆一つ、ただ一つ; 裁:◆形に合わせて布(ぬの)を断(た)つ、布を断ち衣服に仕立てる、同「製」「𧚶」◆断(た)つ、切る◆切って形を整える、同「財」◆型(かた)、形式、様式(ヨウシキ)◆,N1,on,on+on,,独:◆一人、一人だけ◆一つ、ただ一つ; 裁:◆形に合わせて布(ぬの)を断(た)つ、布を断ち衣服に仕立てる、同「製」「𧚶」◆断(た)つ、切る◆切って形を整える、同「財」◆型(かた)、形式、様式(ヨウシキ)◆
kk_猛烈_もうれつ,猛烈,もうれつ,猛:◆体力・気力が漲(みなぎ)っているさま、「勇猛(ユウモウ)」◆気性(キショウ)や勢いが激しい、脅(おび)えや恐れを覚える程に荒々しい、「猛烈(モウレツ)」; 烈:◆火が激しく燃え盛るさま、火の勢いが激しいさま◆激しいさま、甚(はなは)だしいさま◆気性(キショウ)がまっすくで信念を曲げないさま◆目を見張るような(目覚ましい,N1,on,on+on,,猛:◆体力・気力が漲(みなぎ)っているさま、「勇猛(ユウモウ)」◆気性(キショウ)や勢いが激しい、脅(おび)えや恐れを覚える程に荒々しい、「猛烈(モウレツ)」; 烈:◆火が激しく燃え盛るさま、火の勢いが激しいさま◆激しいさま、甚(はなは)だしいさま◆気性(キショウ)がまっすくで信念を曲げないさま◆目を見張るような(目覚ましい
kk_猛～_もう～,猛～,もう～,猛:◆体力・気力が漲(みなぎ)っているさま、「勇猛(ユウモウ)」◆気性(キショウ)や勢いが激しい、脅(おび)えや恐れを覚える程に荒々しい、「猛烈(モウレツ)」,N1,on,on,IL2_single_default(kun 84%),猛:◆体力・気力が漲(みなぎ)っているさま、「勇猛(ユウモウ)」◆気性(キショウ)や勢いが激しい、脅(おび)えや恐れを覚える程に荒々しい、「猛烈(モウレツ)」
kk_猶予_ゆうよ,猶予,ゆうよ,猶:◆サル(猿)、またサル(猿)の一種、同簡「犹」◆尚(なお)、～と同じように、～でさえも、同「尚」◆(～と同じようであるばかりでなく)更に、その上に、同「尚」; 予:◆我(われ)、自分を指す語、同「余」「吾」「我」◆与える、授ける、「賜予(シヨ)」◆前もって、同「豫」「預」◆余裕があるさま、ゆとりがあるさま、「猶予(ユウヨ),N1,on,on+on,A3_short_compound(on+on 71%),猶:◆サル(猿)、またサル(猿)の一種、同簡「犹」◆尚(なお)、～と同じように、～でさえも、同「尚」◆(～と同じようであるばかりでなく)更に、その上に、同「尚」; 予:◆我(われ)、自分を指す語、同「余」「吾」「我」◆与える、授ける、「賜予(シヨ)」◆前もって、同「豫」「預」◆余裕があるさま、ゆとりがあるさま、「猶予(ユウヨ)
kk_獣/けだもの_けもの,獣/けだもの,けもの,獣:◆(特に野生の)全身に毛がある四足の動物、二足は「禽」◆(祭祀の際に供える)干し肉、「【儀禮:卷第十五:特牲饋食禮】棜在其南南順實獸於其上東首(順猶從也棜之制如,N1,kun,kun,IL1_okurigana(kun 96%) | IL2_single_okuri(kun 96%),獣:◆(特に野生の)全身に毛がある四足の動物、二足は「禽」◆(祭祀の際に供える)干し肉、「【儀禮:卷第十五:特牲饋食禮】棜在其南南順實獸於其上東首(順猶從也棜之制如
kk_獲物_えもの,獲物,えもの,獲:◆狩りで鳥獣を殺し捕(と)る、また狩りで捕った鳥獣など、「獲物(えもの、中国では「猎物」)」、生きたまま捕(つか)まえるのは「虜」、「【康熙字典:申集中:虍部:; 物:◆(天地の間に存在する)人以外の形のあるもの、人は「者」、形のないものは「事」,N1,kun,kun+kun~,A3_short_compound(on+on 71%) | B_noun_rad_牛(kun 93%),獲:◆狩りで鳥獣を殺し捕(と)る、また狩りで捕った鳥獣など、「獲物(えもの、中国では「猎物」)」、生きたまま捕(つか)まえるのは「虜」、「【康熙字典:申集中:虍部:; 物:◆(天地の間に存在する)人以外の形のあるもの、人は「者」、形のないものは「事」
kk_率いる_ひきいる,率いる,ひきいる,率:◆鳥を捕らえるための網、一網打尽にする網◆ひき・いる、全体(集団)が乱れないよう一つに纏(まと)める、「統率(トウソツ)」◆従う、纏まり・基準などからはみ出ない,N1,kun,kun,IL1_okurigana(kun 96%) | IL2_single_okuri(kun 96%),率:◆鳥を捕らえるための網、一網打尽にする網◆ひき・いる、全体(集団)が乱れないよう一つに纏(まと)める、「統率(トウソツ)」◆従う、纏まり・基準などからはみ出ない
kk_率先_そっせん,率先,そっせん,率:◆鳥を捕らえるための網、一網打尽にする網◆ひき・いる、全体(集団)が乱れないよう一つに纏(まと)める、「統率(トウソツ)」◆従う、纏まり・基準などからはみ出ない; 先:◆基準になる位置や時間よりも前、同「前」、逆は「後」◆前に向かって進む、またその方向、同「前」◆以前、時間的に過去の方向◆ま・ず、最初に、～の前に,N1,on,on+on,,率:◆鳥を捕らえるための網、一網打尽にする網◆ひき・いる、全体(集団)が乱れないよう一つに纏(まと)める、「統率(トウソツ)」◆従う、纏まり・基準などからはみ出ない; 先:◆基準になる位置や時間よりも前、同「前」、逆は「後」◆前に向かって進む、またその方向、同「前」◆以前、時間的に過去の方向◆ま・ず、最初に、～の前に
kk_王者_おうじゃ,王者,おうじゃ,王:◆天下を統治する者、またその一族、「三つの横棒はそれぞれ天人地を表しそれらを纏め治める者」の意◆国を治める者、秦代以降は国の統治者を「皇帝」と呼び皇帝によって与; 者:◆～の人、～する人、「使者(ししゃ、使いをする人、運び届けること)」◆こと(事)、もの(物)、「再者(サイシャ、更に付け加えること、追伸)」「前者(ゼンシャ、前,N1,on,on+mixed~,A3_short_compound(on+on 71%),王:◆天下を統治する者、またその一族、「三つの横棒はそれぞれ天人地を表しそれらを纏め治める者」の意◆国を治める者、秦代以降は国の統治者を「皇帝」と呼び皇帝によって与; 者:◆～の人、～する人、「使者(ししゃ、使いをする人、運び届けること)」◆こと(事)、もの(物)、「再者(サイシャ、更に付け加えること、追伸)」「前者(ゼンシャ、前
kk_現像_げんぞう,現像,げんぞう,現:◆それまで見えなかったものが見えるようになる、隠れていたものが表に出てくる◆目の前の、目の前にある、実際の、実際にそこにある◆今の、今ここにある; 像:◆象(かたど)る、人や物の姿形(すがたかたち)に似せる、また似る、また似せて作ったもの、同「象」◆もの(者や物)の姿形(すがたかたち)、また様子(ようす)、同「,N1,on,on+on,,現:◆それまで見えなかったものが見えるようになる、隠れていたものが表に出てくる◆目の前の、目の前にある、実際の、実際にそこにある◆今の、今ここにある; 像:◆象(かたど)る、人や物の姿形(すがたかたち)に似せる、また似る、また似せて作ったもの、同「象」◆もの(者や物)の姿形(すがたかたち)、また様子(ようす)、同「
kk_現役_げんえき,現役,げんえき,現:◆それまで見えなかったものが見えるようになる、隠れていたものが表に出てくる◆目の前の、目の前にある、実際の、実際にそこにある◆今の、今ここにある; 役:◆辺境の守備をさせる、人に厳しい労働をさせる◆労働、戦(いくさ)、またそれらの労務に服する人◆割り当てられた任務や職務、またそれを務める人,N1,on,on+on,,現:◆それまで見えなかったものが見えるようになる、隠れていたものが表に出てくる◆目の前の、目の前にある、実際の、実際にそこにある◆今の、今ここにある; 役:◆辺境の守備をさせる、人に厳しい労働をさせる◆労働、戦(いくさ)、またそれらの労務に服する人◆割り当てられた任務や職務、またそれを務める人
kk_現時点_げんじてん,現時点,げんじてん,現:◆それまで見えなかったものが見えるようになる、隠れていたものが表に出てくる◆目の前の、目の前にある、実際の、実際にそこにある◆今の、今ここにある; 時:◆一年の四分の一、季節、「一時(イチジ、三カ月、一季節)」「四時(シジ、四つの季節、四季)」◆一日の十二分の一、現在は二十四分の一、「時刻(ジコク)」◆年代、期; 点:◆小さな(黒い)染(し)み・瑕(きず)・印(しるし)、またそのようなものを付ける、「汚点(オテン)」◆小さく狭く限られた場所・範囲・位置・事柄、「地点(チテン),N1,on,on+on+on,A4_multi_on(on+on+on 65%),現:◆それまで見えなかったものが見えるようになる、隠れていたものが表に出てくる◆目の前の、目の前にある、実際の、実際にそこにある◆今の、今ここにある; 時:◆一年の四分の一、季節、「一時(イチジ、三カ月、一季節)」「四時(シジ、四つの季節、四季)」◆一日の十二分の一、現在は二十四分の一、「時刻(ジコク)」◆年代、期; 点:◆小さな(黒い)染(し)み・瑕(きず)・印(しるし)、またそのようなものを付ける、「汚点(オテン)」◆小さく狭く限られた場所・範囲・位置・事柄、「地点(チテン)
kk_現行_げんこう,現行,げんこう,現:◆それまで見えなかったものが見えるようになる、隠れていたものが表に出てくる◆目の前の、目の前にある、実際の、実際にそこにある◆今の、今ここにある; 行:◆左足を前に出し(彳)次に右足を前に出す(亍)、足を交互に動かして前に進む◆目的とするところに向かって進む◆遠くに出掛ける、旅に出る◆道、人が往来する道路、同「,N1,on,on+on,,現:◆それまで見えなかったものが見えるようになる、隠れていたものが表に出てくる◆目の前の、目の前にある、実際の、実際にそこにある◆今の、今ここにある; 行:◆左足を前に出し(彳)次に右足を前に出す(亍)、足を交互に動かして前に進む◆目的とするところに向かって進む◆遠くに出掛ける、旅に出る◆道、人が往来する道路、同「
kk_理不尽_りふじん,理不尽,りふじん,理:◆玉(ギョク、大変美しい石)の筋目(すじめ)、規則正しく並んだ筋目◆物事の正しい筋道◆筋道を立てる、また立っている、筋を通す、また通っている◆筋道に沿って判断す; 不:◆～でない、～ない、not、no、否定の語、同「弗」、「不可(フカ、認められない、してはならない)」「不知(フチ、知らない)」◆否(いな)、いや、いいや、同意で; 尽:◆器の中身を空(から)にする、全てを出し切る、同「儘」◆全て終える、最後まで全(まっと)うする◆ことごと・く、全て、余すところなく、あるものを残らず◆繁「盡」◆,N1,on,on+on+on,A4_multi_on(on+on+on 65%),理:◆玉(ギョク、大変美しい石)の筋目(すじめ)、規則正しく並んだ筋目◆物事の正しい筋道◆筋道を立てる、また立っている、筋を通す、また通っている◆筋道に沿って判断す; 不:◆～でない、～ない、not、no、否定の語、同「弗」、「不可(フカ、認められない、してはならない)」「不知(フチ、知らない)」◆否(いな)、いや、いいや、同意で; 尽:◆器の中身を空(から)にする、全てを出し切る、同「儘」◆全て終える、最後まで全(まっと)うする◆ことごと・く、全て、余すところなく、あるものを残らず◆繁「盡」◆
kk_理屈_りくつ,理屈,りくつ,理:◆玉(ギョク、大変美しい石)の筋目(すじめ)、規則正しく並んだ筋目◆物事の正しい筋道◆筋道を立てる、また立っている、筋を通す、また通っている◆筋道に沿って判断す; 屈:◆(身体を)曲げる、折り曲げる、「屈伸(クッシン、曲げ或いは伸ばす)」「屈伏(クップク、体を折って伏せる、ひれ伏す)」◆主張や信念などを曲げる、強く迫られて折れ,N1,on,on+on,A3_short_compound(on+on 71%),理:◆玉(ギョク、大変美しい石)の筋目(すじめ)、規則正しく並んだ筋目◆物事の正しい筋道◆筋道を立てる、また立っている、筋を通す、また通っている◆筋道に沿って判断す; 屈:◆(身体を)曲げる、折り曲げる、「屈伸(クッシン、曲げ或いは伸ばす)」「屈伏(クップク、体を折って伏せる、ひれ伏す)」◆主張や信念などを曲げる、強く迫られて折れ
kk_理屈っぽい_りくつっぽい,理屈っぽい,りくつっぽい,理:◆玉(ギョク、大変美しい石)の筋目(すじめ)、規則正しく並んだ筋目◆物事の正しい筋道◆筋道を立てる、また立っている、筋を通す、また通っている◆筋道に沿って判断す; 屈:◆(身体を)曲げる、折り曲げる、「屈伸(クッシン、曲げ或いは伸ばす)」「屈伏(クップク、体を折って伏せる、ひれ伏す)」◆主張や信念などを曲げる、強く迫られて折れ,N1,on,on+on~,IL1_okurigana(kun 96%) | A1_compound_oku(kun 90%) | A1_on_kun_mix(on+kun 65%),理:◆玉(ギョク、大変美しい石)の筋目(すじめ)、規則正しく並んだ筋目◆物事の正しい筋道◆筋道を立てる、また立っている、筋を通す、また通っている◆筋道に沿って判断す; 屈:◆(身体を)曲げる、折り曲げる、「屈伸(クッシン、曲げ或いは伸ばす)」「屈伏(クップク、体を折って伏せる、ひれ伏す)」◆主張や信念などを曲げる、強く迫られて折れ
kk_理念_りねん,理念,りねん,理:◆玉(ギョク、大変美しい石)の筋目(すじめ)、規則正しく並んだ筋目◆物事の正しい筋道◆筋道を立てる、また立っている、筋を通す、また通っている◆筋道に沿って判断す; 念:◆常に心に留めて思い考える、心の中に留まり去らない思いや考え◆口をほとんど閉じた状態で低い声を長く伸ばして読む◆二十、「廿」の大写字(「二」は「貳」、「三」は「,N1,on,on+on,A3_short_compound(on+on 71%),理:◆玉(ギョク、大変美しい石)の筋目(すじめ)、規則正しく並んだ筋目◆物事の正しい筋道◆筋道を立てる、また立っている、筋を通す、また通っている◆筋道に沿って判断す; 念:◆常に心に留めて思い考える、心の中に留まり去らない思いや考え◆口をほとんど閉じた状態で低い声を長く伸ばして読む◆二十、「廿」の大写字(「二」は「貳」、「三」は「
kk_理性_りせい,理性,りせい,理:◆玉(ギョク、大変美しい石)の筋目(すじめ)、規則正しく並んだ筋目◆物事の正しい筋道◆筋道を立てる、また立っている、筋を通す、また通っている◆筋道に沿って判断す; 性:◆生まれながらに持っている能力・性格・習癖・運命などの無形のもの◆男女・雄雌の別、男女間また雄雌間の本能的な関係◆物事が具えている資質や能力,N1,on,on+on,A3_short_compound(on+on 71%),理:◆玉(ギョク、大変美しい石)の筋目(すじめ)、規則正しく並んだ筋目◆物事の正しい筋道◆筋道を立てる、また立っている、筋を通す、また通っている◆筋道に沿って判断す; 性:◆生まれながらに持っている能力・性格・習癖・運命などの無形のもの◆男女・雄雌の別、男女間また雄雌間の本能的な関係◆物事が具えている資質や能力
kk_理知_りち,理知,りち,理:◆玉(ギョク、大変美しい石)の筋目(すじめ)、規則正しく並んだ筋目◆物事の正しい筋道◆筋道を立てる、また立っている、筋を通す、また通っている◆筋道に沿って判断す; 知:◆(矢のように素早く、矢が的の中央に当たるように的確に)認識する、見定める、「察知(サッチ)」「知識(チシキ)」、「智」は「見知ったことを理解しその正邪を正しく,N1,on,on+on,A3_short_compound(on+on 71%),理:◆玉(ギョク、大変美しい石)の筋目(すじめ)、規則正しく並んだ筋目◆物事の正しい筋道◆筋道を立てる、また立っている、筋を通す、また通っている◆筋道に沿って判断す; 知:◆(矢のように素早く、矢が的の中央に当たるように的確に)認識する、見定める、「察知(サッチ)」「知識(チシキ)」、「智」は「見知ったことを理解しその正邪を正しく
kk_理論_りろん,理論,りろん,理:◆玉(ギョク、大変美しい石)の筋目(すじめ)、規則正しく並んだ筋目◆物事の正しい筋道◆筋道を立てる、また立っている、筋を通す、また通っている◆筋道に沿って判断す; 論:◆理(リ、道理ドウリ、筋目すじめ)に沿って考える、理に適(かな)った考え◆きちんと筋道(すじみち、道理)に沿って(順序立てて)述べる◆道理(筋や理)に照らして物,N1,on,on+on,A3_short_compound(on+on 71%) | B_verb_rad_言(kun 80%),理:◆玉(ギョク、大変美しい石)の筋目(すじめ)、規則正しく並んだ筋目◆物事の正しい筋道◆筋道を立てる、また立っている、筋を通す、また通っている◆筋道に沿って判断す; 論:◆理(リ、道理ドウリ、筋目すじめ)に沿って考える、理に適(かな)った考え◆きちんと筋道(すじみち、道理)に沿って(順序立てて)述べる◆道理(筋や理)に照らして物
kk_瑞々しい_みずみずしい,瑞々しい,みずみずしい,瑞:◆君主が領主などに信任の印として与える玉(ギョク、大変美しい石)、圭・璧・璋・琮の総称  ◆吉祥(キチジョウ、キッショウ)、めでたい兆し,N1,kun,kun,IL1_okurigana(kun 96%) | IL2_single_okuri(kun 96%),瑞:◆君主が領主などに信任の印として与える玉(ギョク、大変美しい石)、圭・璧・璋・琮の総称  ◆吉祥(キチジョウ、キッショウ)、めでたい兆し
kk_甘える_あまえる,甘える,あまえる,甘:◆あま・い、五味(甘・酸・鹹・苦・辛)の一つ、同「甜」◆あま・い、口当たりがよい◆うま・い、美味(おい)しい、味が良い◆あま・んずる、満足する、よしとする、よし,N1,kun,kun,IL1_okurigana(kun 96%) | IL2_single_okuri(kun 96%),甘:◆あま・い、五味(甘・酸・鹹・苦・辛)の一つ、同「甜」◆あま・い、口当たりがよい◆うま・い、美味(おい)しい、味が良い◆あま・んずる、満足する、よしとする、よし
kk_甘んじる_あまんじる,甘んじる,あまんじる,甘:◆あま・い、五味(甘・酸・鹹・苦・辛)の一つ、同「甜」◆あま・い、口当たりがよい◆うま・い、美味(おい)しい、味が良い◆あま・んずる、満足する、よしとする、よし,N1,kun,kun,IL1_okurigana(kun 96%) | IL2_single_okuri(kun 96%),甘:◆あま・い、五味(甘・酸・鹹・苦・辛)の一つ、同「甜」◆あま・い、口当たりがよい◆うま・い、美味(おい)しい、味が良い◆あま・んずる、満足する、よしとする、よし
kk_甘口_あまくち,甘口,あまくち,甘:◆あま・い、五味(甘・酸・鹹・苦・辛)の一つ、同「甜」◆あま・い、口当たりがよい◆うま・い、美味(おい)しい、味が良い◆あま・んずる、満足する、よしとする、よし; 口:◆動物の食べたり声を発したりするための器官◆ものが出入りするために空(あ)けた(空いた)ところ、(口のように)全体の内の一部空いたところ◆言葉、言葉を発する、語,N1,mixed,kun+on~,,甘:◆あま・い、五味(甘・酸・鹹・苦・辛)の一つ、同「甜」◆あま・い、口当たりがよい◆うま・い、美味(おい)しい、味が良い◆あま・んずる、満足する、よしとする、よし; 口:◆動物の食べたり声を発したりするための器官◆ものが出入りするために空(あ)けた(空いた)ところ、(口のように)全体の内の一部空いたところ◆言葉、言葉を発する、語
kk_甚だ_はなはだ,甚だ,はなはだ,甚:◆(本来そこまで立ち入るべきではないところにまで)深入りする、度が過ぎる◆度を超えて、非常に、極めて、とても、とっても◆なに(what)、同「什」,N1,kun,kun,IL1_okurigana(kun 96%) | IL2_single_okuri(kun 96%),甚:◆(本来そこまで立ち入るべきではないところにまで)深入りする、度が過ぎる◆度を超えて、非常に、極めて、とても、とっても◆なに(what)、同「什」
kk_生々しい_なまなましい,生々しい,なまなましい,生:◆う・まれる、それまでになかった新しいものが現れ出る、また新しいことが起こる◆い・きる、成長し活動できる状態で存在する、またその状態◆なま、現れ出た時のそのまま,N1,kun,kun,IL1_okurigana(kun 96%) | IL2_single_okuri(kun 96%),生:◆う・まれる、それまでになかった新しいものが現れ出る、また新しいことが起こる◆い・きる、成長し活動できる状態で存在する、またその状態◆なま、現れ出た時のそのまま
kk_生かす/活かす_いかす,生かす/活かす,いかす,生:◆う・まれる、それまでになかった新しいものが現れ出る、また新しいことが起こる◆い・きる、成長し活動できる状態で存在する、またその状態◆なま、現れ出た時のそのまま; 活:◆水が(生きているかのように)勢いよく流れるさま、またその音、「活活(カツカツ)」、同「𣿛」「𣸅」◆(水しぶきが飛び散るように)生き生きとしたさま、動きが生き生,N1,kun,kun+kun~,IL1_okurigana(kun 96%) | A1_compound_oku(kun 90%) | A1_on_kun_mix(on+kun 65%),生:◆う・まれる、それまでになかった新しいものが現れ出る、また新しいことが起こる◆い・きる、成長し活動できる状態で存在する、またその状態◆なま、現れ出た時のそのまま; 活:◆水が(生きているかのように)勢いよく流れるさま、またその音、「活活(カツカツ)」、同「𣿛」「𣸅」◆(水しぶきが飛び散るように)生き生きとしたさま、動きが生き生
kk_生まれ付き_うまれつき,生まれ付き,うまれつき,生:◆う・まれる、それまでになかった新しいものが現れ出る、また新しいことが起こる◆い・きる、成長し活動できる状態で存在する、またその状態◆なま、現れ出た時のそのまま; 付:◆手ずから授(さず)ける、直接手を取って与える、同「仅」◆渡し与える、渡して任せる、委(ゆだ)ねる◆[日]他のものに加える、また添える、また足す、同「附」,N1,kun,kun+kun~,IL1_okurigana(kun 96%) | A1_compound_oku(kun 90%) | A1_on_kun_mix(on+kun 65%),生:◆う・まれる、それまでになかった新しいものが現れ出る、また新しいことが起こる◆い・きる、成長し活動できる状態で存在する、またその状態◆なま、現れ出た時のそのまま; 付:◆手ずから授(さず)ける、直接手を取って与える、同「仅」◆渡し与える、渡して任せる、委(ゆだ)ねる◆[日]他のものに加える、また添える、また足す、同「附」
kk_生やす_はやす,生やす,はやす,生:◆う・まれる、それまでになかった新しいものが現れ出る、また新しいことが起こる◆い・きる、成長し活動できる状態で存在する、またその状態◆なま、現れ出た時のそのまま,N1,kun,kun,IL1_okurigana(kun 96%) | IL2_single_okuri(kun 96%),生:◆う・まれる、それまでになかった新しいものが現れ出る、また新しいことが起こる◆い・きる、成長し活動できる状態で存在する、またその状態◆なま、現れ出た時のそのまま
kk_生態_せいたい,生態,せいたい,生:◆う・まれる、それまでになかった新しいものが現れ出る、また新しいことが起こる◆い・きる、成長し活動できる状態で存在する、またその状態◆なま、現れ出た時のそのまま; 態:◆心中の思いや考えなどが表に(体の動きになって)現れ出る、またその様子、「態度(タイド)」、「【說文解字注:心部:態】意態也(…意態者有是意因有是狀故曰意態…),N1,on,on+on,,生:◆う・まれる、それまでになかった新しいものが現れ出る、また新しいことが起こる◆い・きる、成長し活動できる状態で存在する、またその状態◆なま、現れ出た時のそのまま; 態:◆心中の思いや考えなどが表に(体の動きになって)現れ出る、またその様子、「態度(タイド)」、「【說文解字注:心部:態】意態也(…意態者有是意因有是狀故曰意態…)
kk_生涯_しょうがい,生涯,しょうがい,"生:◆う・まれる、それまでになかった新しいものが現れ出る、また新しいことが起こる◆い・きる、成長し活動できる状態で存在する、またその状態◆なま、現れ出た時のそのまま; 涯:◆水面から""厂""字状に切り立ったところ、汀(テイ、みぎわ)のように波が寄せて引くたびに水と陸地の境目が変わるようなところではなく、水面と陸地に高低差があり(或い",N1,on,on+on,,"生:◆う・まれる、それまでになかった新しいものが現れ出る、また新しいことが起こる◆い・きる、成長し活動できる状態で存在する、またその状態◆なま、現れ出た時のそのまま; 涯:◆水面から""厂""字状に切り立ったところ、汀(テイ、みぎわ)のように波が寄せて引くたびに水と陸地の境目が変わるようなところではなく、水面と陸地に高低差があり(或い"
kk_生温い_なまぬるい,生温い,なまぬるい,生:◆う・まれる、それまでになかった新しいものが現れ出る、また新しいことが起こる◆い・きる、成長し活動できる状態で存在する、またその状態◆なま、現れ出た時のそのまま; 温:◆熱くもなく冷たくもなく程よいさま、暖かなさま、また熱を加えてそのようにする◆穏やかなさま、柔和なさま◆(古く冷めてしまったものを温め直して)蘇(よみがえ)させ,N1,other,mixed+mixed~,IL1_okurigana(kun 96%) | A1_compound_oku(kun 90%) | A1_on_kun_mix(on+kun 65%),生:◆う・まれる、それまでになかった新しいものが現れ出る、また新しいことが起こる◆い・きる、成長し活動できる状態で存在する、またその状態◆なま、現れ出た時のそのまま; 温:◆熱くもなく冷たくもなく程よいさま、暖かなさま、また熱を加えてそのようにする◆穏やかなさま、柔和なさま◆(古く冷めてしまったものを温め直して)蘇(よみがえ)させ
kk_生真面目_きまじめ,生真面目,きまじめ,生:◆う・まれる、それまでになかった新しいものが現れ出る、また新しいことが起こる◆い・きる、成長し活動できる状態で存在する、またその状態◆なま、現れ出た時のそのまま; 真:◆手が加えられていない、本来の、本当の、確かな、嘘(うそ)や偽(いつわ)りがない◆正しい、正当な; 面:◆顔(かお)、頭の目鼻口がある側◆顔を対象(タイショウ、目標や相手)に向ける、また向く◆(顔が)向いている側、向き、向いている方向◆ものの表(おもて)、前(まえ,N1,other,mixed+mixed+mixed+mixed~,A4_multi_on(on+on+on+on 65%),生:◆う・まれる、それまでになかった新しいものが現れ出る、また新しいことが起こる◆い・きる、成長し活動できる状態で存在する、またその状態◆なま、現れ出た時のそのまま; 真:◆手が加えられていない、本来の、本当の、確かな、嘘(うそ)や偽(いつわ)りがない◆正しい、正当な; 面:◆顔(かお)、頭の目鼻口がある側◆顔を対象(タイショウ、目標や相手)に向ける、また向く◆(顔が)向いている側、向き、向いている方向◆ものの表(おもて)、前(まえ
kk_生臭い_なまぐさい,生臭い,なまぐさい,生:◆う・まれる、それまでになかった新しいものが現れ出る、また新しいことが起こる◆い・きる、成長し活動できる状態で存在する、またその状態◆なま、現れ出た時のそのまま; 臭:◆匂(にお)い、鼻(はな)で感じ取るものの総称◆物が腐(くさ)ったような臭(にお)い、不快な匂い、嫌(いや)な匂い、同「臰」,N1,other,mixed+mixed~,IL1_okurigana(kun 96%) | A1_compound_oku(kun 90%) | A1_on_kun_mix(on+kun 65%),生:◆う・まれる、それまでになかった新しいものが現れ出る、また新しいことが起こる◆い・きる、成長し活動できる状態で存在する、またその状態◆なま、現れ出た時のそのまま; 臭:◆匂(にお)い、鼻(はな)で感じ取るものの総称◆物が腐(くさ)ったような臭(にお)い、不快な匂い、嫌(いや)な匂い、同「臰」
kk_生身_なまみ,生身,なまみ,生:◆う・まれる、それまでになかった新しいものが現れ出る、また新しいことが起こる◆い・きる、成長し活動できる状態で存在する、またその状態◆なま、現れ出た時のそのまま; 身:◆(頭部を除いた)体(からだ)、躯体(クタイ)、同「躯」「躬」◆中に含まれているもの、また入っているもの、本体◆人の一生、命(いのち)◆吾(われ)、我(わ)が、,N1,kun,kun+kun~,A3_short_compound(on+on 71%),生:◆う・まれる、それまでになかった新しいものが現れ出る、また新しいことが起こる◆い・きる、成長し活動できる状態で存在する、またその状態◆なま、現れ出た時のそのまま; 身:◆(頭部を除いた)体(からだ)、躯体(クタイ)、同「躯」「躬」◆中に含まれているもの、また入っているもの、本体◆人の一生、命(いのち)◆吾(われ)、我(わ)が、
kk_産休_さんきゅう,産休,さんきゅう,産:◆子を生む◆生まれ◆新たに(新たなものを)生み出す、作り出す、また生み出されたもの、「生産(セイサン)」◆土地や財物◆音孔が三つの籥(ヤク、縦笛)、籥よりも太く; 休:◆連続した動きや働きの途中で一旦その動きや働きを止(や)める、再開するために息を整えたり力を蓄(たくわ)えることをいう◆止める、止む、終わる、「【歸去來辭】羨萬,N1,on,on+on,,産:◆子を生む◆生まれ◆新たに(新たなものを)生み出す、作り出す、また生み出されたもの、「生産(セイサン)」◆土地や財物◆音孔が三つの籥(ヤク、縦笛)、籥よりも太く; 休:◆連続した動きや働きの途中で一旦その動きや働きを止(や)める、再開するために息を整えたり力を蓄(たくわ)えることをいう◆止める、止む、終わる、「【歸去來辭】羨萬
kk_産出_さんしゅつ,産出,さんしゅつ,産:◆子を生む◆生まれ◆新たに(新たなものを)生み出す、作り出す、また生み出されたもの、「生産(セイサン)」◆土地や財物◆音孔が三つの籥(ヤク、縦笛)、籥よりも太く; 出:◆範囲・領域・組織や区切り・境界の内(内側、内部、裏側、こちら側、私的なところ)から外(外側、外部、表側、向こう側、公のところ)に移る、また移す、外から内へ移る,N1,on,on+on,,産:◆子を生む◆生まれ◆新たに(新たなものを)生み出す、作り出す、また生み出されたもの、「生産(セイサン)」◆土地や財物◆音孔が三つの籥(ヤク、縦笛)、籥よりも太く; 出:◆範囲・領域・組織や区切り・境界の内(内側、内部、裏側、こちら側、私的なところ)から外(外側、外部、表側、向こう側、公のところ)に移る、また移す、外から内へ移る
kk_産物_さんぶつ,産物,さんぶつ,産:◆子を生む◆生まれ◆新たに(新たなものを)生み出す、作り出す、また生み出されたもの、「生産(セイサン)」◆土地や財物◆音孔が三つの籥(ヤク、縦笛)、籥よりも太く; 物:◆(天地の間に存在する)人以外の形のあるもの、人は「者」、形のないものは「事」,N1,on,on+on,B_noun_rad_牛(kun 93%),産:◆子を生む◆生まれ◆新たに(新たなものを)生み出す、作り出す、また生み出されたもの、「生産(セイサン)」◆土地や財物◆音孔が三つの籥(ヤク、縦笛)、籥よりも太く; 物:◆(天地の間に存在する)人以外の形のあるもの、人は「者」、形のないものは「事」
kk_用法_ようほう,用法,ようほう,用:◆人や物、或いはその特性や能力を使う、また使ってあることを行う、また役立たせる◆働かせる、発揮させる、またそのために必要な特性・能力・金銭など◆以(もっ)て◆[; 法:◆規律を維持するための決まり、守り従うべき制度や規則、私的なものではなく公(おおやけ)のものを指す◆標準的な或いは慣例となっているやり方、またそれらに従う◆基準,N1,on,on+on,,用:◆人や物、或いはその特性や能力を使う、また使ってあることを行う、また役立たせる◆働かせる、発揮させる、またそのために必要な特性・能力・金銭など◆以(もっ)て◆[; 法:◆規律を維持するための決まり、守り従うべき制度や規則、私的なものではなく公(おおやけ)のものを指す◆標準的な或いは慣例となっているやり方、またそれらに従う◆基準
kk_由々しい_ゆゆしい,由々しい,ゆゆしい,由:◆基(もと)づく、因(よ)る、「経由(ケイユ)」「由来(ユライ)」◆～が元(もと)で、～によって、「原因(ゲンイン)」◆(～という結果に至った)訳(わけ)、経緯,N1,other,unknown,IL1_okurigana(kun 96%) | IL2_single_okuri(kun 96%),由:◆基(もと)づく、因(よ)る、「経由(ケイユ)」「由来(ユライ)」◆～が元(もと)で、～によって、「原因(ゲンイン)」◆(～という結果に至った)訳(わけ)、経緯
kk_甲乙_こうおつ,甲乙,こうおつ,甲:◆きのえ、十干(ジッカン、甲・乙・丙・丁・戊・己・庚・辛・壬・癸)の一番目、「甲乙(コウオツ、一番目と二番目、順位や等級・優劣)」 ◆序列・順序や等級の一番、一; 乙:◆きのと、十干(ジッカン、甲・乙・丙・丁・戊・己・庚・辛・壬・癸)の二番目、「甲乙(コウオツ、一番目と二番目、順位や等級・優劣)」 ◆[日]幼い、若い、「乙女(,N1,on,on+on,,甲:◆きのえ、十干(ジッカン、甲・乙・丙・丁・戊・己・庚・辛・壬・癸)の一番目、「甲乙(コウオツ、一番目と二番目、順位や等級・優劣)」 ◆序列・順序や等級の一番、一; 乙:◆きのと、十干(ジッカン、甲・乙・丙・丁・戊・己・庚・辛・壬・癸)の二番目、「甲乙(コウオツ、一番目と二番目、順位や等級・優劣)」 ◆[日]幼い、若い、「乙女(
kk_甲板_かんぱん,甲板,かんぱん,甲:◆きのえ、十干(ジッカン、甲・乙・丙・丁・戊・己・庚・辛・壬・癸)の一番目、「甲乙(コウオツ、一番目と二番目、順位や等級・優劣)」 ◆序列・順序や等級の一番、一; 板:◆薄く平らな木、薄く平らなもの◆印刷する文字や絵などを彫(ほ)り込んだ板、同「版」◆(古くは板に書かれたことから)詔書(ショウショ)、文書、「【後漢書:卷八十四,N1,other,mixed+mixed~,B_noun_rad_木(kun 93%),甲:◆きのえ、十干(ジッカン、甲・乙・丙・丁・戊・己・庚・辛・壬・癸)の一番目、「甲乙(コウオツ、一番目と二番目、順位や等級・優劣)」 ◆序列・順序や等級の一番、一; 板:◆薄く平らな木、薄く平らなもの◆印刷する文字や絵などを彫(ほ)り込んだ板、同「版」◆(古くは板に書かれたことから)詔書(ショウショ)、文書、「【後漢書:卷八十四
kk_申し入れる_もうしいれる,申し入れる,もうしいれる,申:◆さる、十二支の九番目、時刻では午後四時を中心とした二時間、方角では西南西、動物ではサル(猿)を当てる ◆伸ばす、折れたり曲がっているものをまっすぐにする、同「; 入:◆範囲・領域・組織や区切り・境界の外(外側、外部、表側、向こう側、公のところ)から内(内側、内部、裏側、こちら側、私的なところ)に移る、また移す、内から外へ移る,N1,kun,kun+kun~,IL1_okurigana(kun 96%) | A1_compound_oku(kun 90%) | A1_on_kun_mix(on+kun 65%),申:◆さる、十二支の九番目、時刻では午後四時を中心とした二時間、方角では西南西、動物ではサル(猿)を当てる ◆伸ばす、折れたり曲がっているものをまっすぐにする、同「; 入:◆範囲・領域・組織や区切り・境界の外(外側、外部、表側、向こう側、公のところ)から内(内側、内部、裏側、こちら側、私的なところ)に移る、また移す、内から外へ移る
kk_申し出る_もうしでる,申し出る,もうしでる,申:◆さる、十二支の九番目、時刻では午後四時を中心とした二時間、方角では西南西、動物ではサル(猿)を当てる ◆伸ばす、折れたり曲がっているものをまっすぐにする、同「; 出:◆範囲・領域・組織や区切り・境界の内(内側、内部、裏側、こちら側、私的なところ)から外(外側、外部、表側、向こう側、公のところ)に移る、また移す、外から内へ移る,N1,kun,kun+kun~,IL1_okurigana(kun 96%) | A1_compound_oku(kun 90%) | A1_on_kun_mix(on+kun 65%),申:◆さる、十二支の九番目、時刻では午後四時を中心とした二時間、方角では西南西、動物ではサル(猿)を当てる ◆伸ばす、折れたり曲がっているものをまっすぐにする、同「; 出:◆範囲・領域・組織や区切り・境界の内(内側、内部、裏側、こちら側、私的なところ)から外(外側、外部、表側、向こう側、公のところ)に移る、また移す、外から内へ移る
kk_申し分_もうしぶん,申し分,もうしぶん,申:◆さる、十二支の九番目、時刻では午後四時を中心とした二時間、方角では西南西、動物ではサル(猿)を当てる ◆伸ばす、折れたり曲がっているものをまっすぐにする、同「; 分:◆一つに纏(まと)まっているものを幾つかに切り離す、また幾つかに仕切る(区切る)、「分割(ブンカツ)」、切り離したものを仕分けることを「別」◆一つの纏まりから一,N1,mixed,kun+on~,IL1_okurigana(kun 96%) | A1_compound_oku(kun 90%) | A1_on_kun_mix(on+kun 65%),申:◆さる、十二支の九番目、時刻では午後四時を中心とした二時間、方角では西南西、動物ではサル(猿)を当てる ◆伸ばす、折れたり曲がっているものをまっすぐにする、同「; 分:◆一つに纏(まと)まっているものを幾つかに切り離す、また幾つかに仕切る(区切る)、「分割(ブンカツ)」、切り離したものを仕分けることを「別」◆一つの纏まりから一
kk_申告_しんこく,申告,しんこく,申:◆さる、十二支の九番目、時刻では午後四時を中心とした二時間、方角では西南西、動物ではサル(猿)を当てる ◆伸ばす、折れたり曲がっているものをまっすぐにする、同「; 告:◆(下位者が上位者に、また人に)～であると(～であることを)知らせる、伝える、「報告(ホウコク)」、上位者が下位者に対して告げるのは「誥」◆上位者が下位者に知ら,N1,on,on+on,,申:◆さる、十二支の九番目、時刻では午後四時を中心とした二時間、方角では西南西、動物ではサル(猿)を当てる ◆伸ばす、折れたり曲がっているものをまっすぐにする、同「; 告:◆(下位者が上位者に、また人に)～であると(～であることを)知らせる、伝える、「報告(ホウコク)」、上位者が下位者に対して告げるのは「誥」◆上位者が下位者に知ら
kk_画期的_かっきてき,画期的,かっきてき,画:◆筆で線を引く、また線を引いて区切る、同「划」◆漢字の線や点の数(画数)を数える語◆輪郭(リンカク)を描く◆事に先立って案を作る、計画する、同「図」◆絵、絵を描; 期:◆予定されている(約束されている)時(とき、時期、時間)、「時期(ジキ)」「期間(キカン、二つの時の間、始めの時から終わりの時までの間)」◆決められた時(時期、; 的:◆弓で矢を射(い)る時の目標とするもの、同「㢩」「墑」◆額(ひたい)の部分だけが白い馬、またその額の白い部分、女性が額に施(ほどこ)す(赤い点状の)装飾◆(弓の,N1,on,mixed+on+mixed~,A4_multi_on(on+on+on 65%),画:◆筆で線を引く、また線を引いて区切る、同「划」◆漢字の線や点の数(画数)を数える語◆輪郭(リンカク)を描く◆事に先立って案を作る、計画する、同「図」◆絵、絵を描; 期:◆予定されている(約束されている)時(とき、時期、時間)、「時期(ジキ)」「期間(キカン、二つの時の間、始めの時から終わりの時までの間)」◆決められた時(時期、; 的:◆弓で矢を射(い)る時の目標とするもの、同「㢩」「墑」◆額(ひたい)の部分だけが白い馬、またその額の白い部分、女性が額に施(ほどこ)す(赤い点状の)装飾◆(弓の
kk_画策_かくさく,画策,かくさく,画:◆筆で線を引く、また線を引いて区切る、同「划」◆漢字の線や点の数(画数)を数える語◆輪郭(リンカク)を描く◆事に先立って案を作る、計画する、同「図」◆絵、絵を描; 策:◆(竹製の)鞭(むち)、鞭打つ、同「敇」「箠」◆文字(文章)を記すための細長い竹製の札、竹簡(チクカン)◆符命(フメイ)、天子の意であることの証(あかし、署名や,N1,on,on+on,B_noun_rad_竹(kun 93%),画:◆筆で線を引く、また線を引いて区切る、同「划」◆漢字の線や点の数(画数)を数える語◆輪郭(リンカク)を描く◆事に先立って案を作る、計画する、同「図」◆絵、絵を描; 策:◆(竹製の)鞭(むち)、鞭打つ、同「敇」「箠」◆文字(文章)を記すための細長い竹製の札、竹簡(チクカン)◆符命(フメイ)、天子の意であることの証(あかし、署名や
kk_留める_とどめる,留める,とどめる,留:◆動きを止(と)める、動きを止めて同じ場所や状態に止(とど)まる◆同じ状態が残る、同じ状態で残す,N1,kun,kun,IL1_okurigana(kun 96%) | IL2_single_okuri(kun 96%),留:◆動きを止(と)める、動きを止めて同じ場所や状態に止(とど)まる◆同じ状態が残る、同じ状態で残す
kk_略奪/掠奪_りゃくだつ,略奪/掠奪,りゃくだつ,略:◆治(おさ)める、統治する、またそのための方策、またその土地・領地、またその境界◆掠(かす)める、奪い取る、同「掠」◆主要な部分だけを残してそれ以外を省(はぶ); 奪:◆手の中から(さっと、するりと)ものがなくなる、失う、脱落する、「【說文解字注:大部:奪】手持隹失之也(引伸爲凡失去物之偁凡手中遺落物當作此字今乃用脫爲之…)」; 掠:◆さっと触れて一瞬に通り過ぎる◆さっと払(はら)う、さっと撫(な)でる◆鞭(むち)打つ、鞭で叩(たた)く、同「拷」◆さっと奪い取る、同「略」◆永字八法の一つ、右,N1,on,on+on+on+on~,A4_multi_on(on+on+on+on 65%) | B_verb_rad_手(kun 80%),略:◆治(おさ)める、統治する、またそのための方策、またその土地・領地、またその境界◆掠(かす)める、奪い取る、同「掠」◆主要な部分だけを残してそれ以外を省(はぶ); 奪:◆手の中から(さっと、するりと)ものがなくなる、失う、脱落する、「【說文解字注:大部:奪】手持隹失之也(引伸爲凡失去物之偁凡手中遺落物當作此字今乃用脫爲之…)」; 掠:◆さっと触れて一瞬に通り過ぎる◆さっと払(はら)う、さっと撫(な)でる◆鞭(むち)打つ、鞭で叩(たた)く、同「拷」◆さっと奪い取る、同「略」◆永字八法の一つ、右
kk_番人_ばんにん,番人,ばんにん,番:◆順に並んでいるものを次々に入れ替えながら繰り返すこと、またその順位、またその順位に当たること、「輪番(リンバン、順番に交替しながら繰り返すこと)」「當番(トウ; 人:◆霊長目ヒト科ヒト属の生物、ホモ・サピエンスHomo sapiens(「知恵の人」の意)、同「儿」◆自分以外の者、「人我(ジンガ、他人と自分)」◆人の数(かず),N1,on,on+on,,番:◆順に並んでいるものを次々に入れ替えながら繰り返すこと、またその順位、またその順位に当たること、「輪番(リンバン、順番に交替しながら繰り返すこと)」「當番(トウ; 人:◆霊長目ヒト科ヒト属の生物、ホモ・サピエンスHomo sapiens(「知恵の人」の意)、同「儿」◆自分以外の者、「人我(ジンガ、他人と自分)」◆人の数(かず)
kk_異動_いどう,異動,いどう,異:◆こと・なる、(あれとは、これとは)別の、違った、同じでない◆普通(平常、一般)とは違っている、怪しい◆別々にする、分ける◆簡「异」; 動:◆位置・姿勢・感情・状態・事情などが変わる、また変える、また変わり始める、「動作」「行動」「感動」◆やや・もすれば、どうかすると(～になる、～になりやすい),N1,on,on+on,A3_short_compound(on+on 71%) | B_verb_rad_力(kun 80%),異:◆こと・なる、(あれとは、これとは)別の、違った、同じでない◆普通(平常、一般)とは違っている、怪しい◆別々にする、分ける◆簡「异」; 動:◆位置・姿勢・感情・状態・事情などが変わる、また変える、また変わり始める、「動作」「行動」「感動」◆やや・もすれば、どうかすると(～になる、～になりやすい)
kk_異端児_いたんじ,異端児,いたんじ,異:◆こと・なる、(あれとは、これとは)別の、違った、同じでない◆普通(平常、一般)とは違っている、怪しい◆別々にする、分ける◆簡「异」; 端:◆物事の始まり、最初、「端緒(タンショ、タンチョ)」、同「耑」◆始め(始まり)か終わりのどちらか片方、「一端(イッタン)」「両端(リョウタン)」◆まっすぐなさま; 児:◆生まれたばかりの(男の)子、乳飲み子、囟(シン、頭蓋の左右の骨の額から後頭部にかけての接合部分)が骨化していない2歳くらいまでの幼い子◆小さく弱々しいさま、初,N1,on,on+on+on,A4_multi_on(on+on+on 65%),異:◆こと・なる、(あれとは、これとは)別の、違った、同じでない◆普通(平常、一般)とは違っている、怪しい◆別々にする、分ける◆簡「异」; 端:◆物事の始まり、最初、「端緒(タンショ、タンチョ)」、同「耑」◆始め(始まり)か終わりのどちらか片方、「一端(イッタン)」「両端(リョウタン)」◆まっすぐなさま; 児:◆生まれたばかりの(男の)子、乳飲み子、囟(シン、頭蓋の左右の骨の額から後頭部にかけての接合部分)が骨化していない2歳くらいまでの幼い子◆小さく弱々しいさま、初
kk_異見_いけん,異見,いけん,異:◆こと・なる、(あれとは、これとは)別の、違った、同じでない◆普通(平常、一般)とは違っている、怪しい◆別々にする、分ける◆簡「异」; 見:◆目でものや状況を認識する、目に入る◆(見たものの)認識の仕方、考え◆人と顔を合わせる、対面する◆みる、部首名,N1,on,on+on,A3_short_compound(on+on 71%),異:◆こと・なる、(あれとは、これとは)別の、違った、同じでない◆普通(平常、一般)とは違っている、怪しい◆別々にする、分ける◆簡「异」; 見:◆目でものや状況を認識する、目に入る◆(見たものの)認識の仕方、考え◆人と顔を合わせる、対面する◆みる、部首名
kk_異論_いろん,異論,いろん,異:◆こと・なる、(あれとは、これとは)別の、違った、同じでない◆普通(平常、一般)とは違っている、怪しい◆別々にする、分ける◆簡「异」; 論:◆理(リ、道理ドウリ、筋目すじめ)に沿って考える、理に適(かな)った考え◆きちんと筋道(すじみち、道理)に沿って(順序立てて)述べる◆道理(筋や理)に照らして物,N1,on,on+on,A3_short_compound(on+on 71%) | B_verb_rad_言(kun 80%),異:◆こと・なる、(あれとは、これとは)別の、違った、同じでない◆普通(平常、一般)とは違っている、怪しい◆別々にする、分ける◆簡「异」; 論:◆理(リ、道理ドウリ、筋目すじめ)に沿って考える、理に適(かな)った考え◆きちんと筋道(すじみち、道理)に沿って(順序立てて)述べる◆道理(筋や理)に照らして物
kk_異議_いぎ,異議,いぎ,異:◆こと・なる、(あれとは、これとは)別の、違った、同じでない◆普通(平常、一般)とは違っている、怪しい◆別々にする、分ける◆簡「异」; 議:◆互いに意見を交わし合う◆物事の是非について意見を交わし合う、またそれよって適切な結論を得る◆文章様式の一種で、物事の理非についての意見を記述したもの,N1,on,on+on,A3_short_compound(on+on 71%) | B_verb_rad_言(kun 80%),異:◆こと・なる、(あれとは、これとは)別の、違った、同じでない◆普通(平常、一般)とは違っている、怪しい◆別々にする、分ける◆簡「异」; 議:◆互いに意見を交わし合う◆物事の是非について意見を交わし合う、またそれよって適切な結論を得る◆文章様式の一種で、物事の理非についての意見を記述したもの
kk_疎い_うとい,疎い,うとい,疎:◆隙間があるさま、間(あいだ)が空(あ)いているさま、ぎっしりと詰まっていないさま◆間(ま)を取って深く関わろうとしない、関心や関係が薄い、よく知らない◆間が空,N1,kun,kun,IL1_okurigana(kun 96%) | IL2_single_okuri(kun 96%),疎:◆隙間があるさま、間(あいだ)が空(あ)いているさま、ぎっしりと詰まっていないさま◆間(ま)を取って深く関わろうとしない、関心や関係が薄い、よく知らない◆間が空
kk_疎か_おろそか,疎か,おろそか,疎:◆隙間があるさま、間(あいだ)が空(あ)いているさま、ぎっしりと詰まっていないさま◆間(ま)を取って深く関わろうとしない、関心や関係が薄い、よく知らない◆間が空,N1,kun,kun,IL1_okurigana(kun 96%) | IL2_single_okuri(kun 96%),疎:◆隙間があるさま、間(あいだ)が空(あ)いているさま、ぎっしりと詰まっていないさま◆間(ま)を取って深く関わろうとしない、関心や関係が薄い、よく知らない◆間が空
kk_疎ら_まばら,疎ら,まばら,疎:◆隙間があるさま、間(あいだ)が空(あ)いているさま、ぎっしりと詰まっていないさま◆間(ま)を取って深く関わろうとしない、関心や関係が薄い、よく知らない◆間が空,N1,kun,kun,IL1_okurigana(kun 96%) | IL2_single_okuri(kun 96%),疎:◆隙間があるさま、間(あいだ)が空(あ)いているさま、ぎっしりと詰まっていないさま◆間(ま)を取って深く関わろうとしない、関心や関係が薄い、よく知らない◆間が空
kk_疑わしい_うたがわしい,疑わしい,うたがわしい,疑:◆ああかもしれないこうかもしれないと思いが乱れ一歩を踏み出せない、もしかしたらと惑(まど)いどちらとも決め兼ねる◆(はっきりとした根拠はないが)もしかしたらと思,N1,kun,kun,IL1_okurigana(kun 96%) | IL2_single_okuri(kun 96%),疑:◆ああかもしれないこうかもしれないと思いが乱れ一歩を踏み出せない、もしかしたらと惑(まど)いどちらとも決め兼ねる◆(はっきりとした根拠はないが)もしかしたらと思
kk_疑惑_ぎわく,疑惑,ぎわく,疑:◆ああかもしれないこうかもしれないと思いが乱れ一歩を踏み出せない、もしかしたらと惑(まど)いどちらとも決め兼ねる◆(はっきりとした根拠はないが)もしかしたらと思; 惑:◆あれこれと心が乱れる、どうしてよいか分からずに迷う、判断や区別が定まらない◆人を迷わせる,N1,on,on+on,A3_short_compound(on+on 71%),疑:◆ああかもしれないこうかもしれないと思いが乱れ一歩を踏み出せない、もしかしたらと惑(まど)いどちらとも決め兼ねる◆(はっきりとした根拠はないが)もしかしたらと思; 惑:◆あれこれと心が乱れる、どうしてよいか分からずに迷う、判断や区別が定まらない◆人を迷わせる
kk_疲労_ひろう,疲労,ひろう,疲:◆くたびれる、力が出ない、気力がなくなる; 労:◆精一杯務める、力を尽くして働く、またそのような人◆力を出し尽くして疲れる、困憊(コンパイ)する◆いた・わる、ねぎら・う、働きや骨折り・疲れや辛苦を慰める,N1,on,on+on,A3_short_compound(on+on 71%) | B_verb_rad_力(kun 80%),疲:◆くたびれる、力が出ない、気力がなくなる; 労:◆精一杯務める、力を尽くして働く、またそのような人◆力を出し尽くして疲れる、困憊(コンパイ)する◆いた・わる、ねぎら・う、働きや骨折り・疲れや辛苦を慰める
kk_病む_やむ,病む,やむ,病:◆体調や精神状態が正常でなくなる◆不調なさま、普段の或いは正常な状態でないさま◆体や心を痛める、憂える、苦しむ,N1,kun,kun,IL1_okurigana(kun 96%) | IL2_single_okuri(kun 96%),病:◆体調や精神状態が正常でなくなる◆不調なさま、普段の或いは正常な状態でないさま◆体や心を痛める、憂える、苦しむ
kk_病棟_びょうとう,病棟,びょうとう,病:◆体調や精神状態が正常でなくなる◆不調なさま、普段の或いは正常な状態でないさま◆体や心を痛める、憂える、苦しむ; 棟:◆建物の屋根の面が交わる最も高いところ◆桁(コウ、けた、建物正面に向かって左右方向に渡す木)で最も高い位置にある木、「棟木(むなぎ)」 ◆建物の数を数える語◆「,N1,on,on+on,B_noun_rad_木(kun 93%),病:◆体調や精神状態が正常でなくなる◆不調なさま、普段の或いは正常な状態でないさま◆体や心を痛める、憂える、苦しむ; 棟:◆建物の屋根の面が交わる最も高いところ◆桁(コウ、けた、建物正面に向かって左右方向に渡す木)で最も高い位置にある木、「棟木(むなぎ)」 ◆建物の数を数える語◆「
kk_症候群_しょうこうぐん,症候群,しょうこうぐん,症:◆病気の状態、病状◆繁「癥」; 候:◆高いところから遠くを見やる、辺りの様子を探(さぐ)る、「候望(コウボウ)」◆階位や年齢が上の人を訪ねる、訪ねて様子や機嫌を伺(うかが)う、「伺候(シコウ)」「; 群:◆同類のものが数多く集まる、またそのさま◆同類のものの集団,N1,on,on+on+on,A4_multi_on(on+on+on 65%),症:◆病気の状態、病状◆繁「癥」; 候:◆高いところから遠くを見やる、辺りの様子を探(さぐ)る、「候望(コウボウ)」◆階位や年齢が上の人を訪ねる、訪ねて様子や機嫌を伺(うかが)う、「伺候(シコウ)」「; 群:◆同類のものが数多く集まる、またそのさま◆同類のものの集団
kk_痛ましい_いたましい,痛ましい,いたましい,痛:◆病気・傷・刺激などによって引き起こされる身体的な苦しみ◆精神的な苦しみや悲しみ◆甚(はなは)だ、非常に,N1,kun,kun,IL1_okurigana(kun 96%) | IL2_single_okuri(kun 96%),痛:◆病気・傷・刺激などによって引き起こされる身体的な苦しみ◆精神的な苦しみや悲しみ◆甚(はなは)だ、非常に
kk_痛める_いためる,痛める,いためる,痛:◆病気・傷・刺激などによって引き起こされる身体的な苦しみ◆精神的な苦しみや悲しみ◆甚(はなは)だ、非常に,N1,kun,kun,IL1_okurigana(kun 96%) | IL2_single_okuri(kun 96%),痛:◆病気・傷・刺激などによって引き起こされる身体的な苦しみ◆精神的な苦しみや悲しみ◆甚(はなは)だ、非常に
kk_痛切_つうせつ,痛切,つうせつ,痛:◆病気・傷・刺激などによって引き起こされる身体的な苦しみ◆精神的な苦しみや悲しみ◆甚(はなは)だ、非常に; 切:◆刃物などですっと断(た)つ、裁(た)つ、割(さ)く◆ぴったりとしたさま、隙(すき)がないさま、「親切(シンセツ)」◆近くまで迫(せま)る、差し迫る、「切近(セ,N1,on,on+on,B_verb_rad_刀(kun 80%),痛:◆病気・傷・刺激などによって引き起こされる身体的な苦しみ◆精神的な苦しみや悲しみ◆甚(はなは)だ、非常に; 切:◆刃物などですっと断(た)つ、裁(た)つ、割(さ)く◆ぴったりとしたさま、隙(すき)がないさま、「親切(シンセツ)」◆近くまで迫(せま)る、差し迫る、「切近(セ
kk_痛感_つうかん,痛感,つうかん,痛:◆病気・傷・刺激などによって引き起こされる身体的な苦しみ◆精神的な苦しみや悲しみ◆甚(はなは)だ、非常に; 感:◆外部から受けた刺激を知覚する◆外部からの刺激を受けて心や体が反応する、また動く,N1,on,on+on,,痛:◆病気・傷・刺激などによって引き起こされる身体的な苦しみ◆精神的な苦しみや悲しみ◆甚(はなは)だ、非常に; 感:◆外部から受けた刺激を知覚する◆外部からの刺激を受けて心や体が反応する、また動く
kk_痛手_いたで,痛手,いたで,痛:◆病気・傷・刺激などによって引き起こされる身体的な苦しみ◆精神的な苦しみや悲しみ◆甚(はなは)だ、非常に; 手:◆体や物体の一部で、胴から分かれ出て伸び、持つ・握る・叩く・ものを作る・操作するなどの機能を持つ部分、掌(たなごころ)と指を合わせた全体、腕の先の部分 ◆自(み,N1,kun,kun+kun~,A3_short_compound(on+on 71%) | B_verb_rad_手(kun 80%),痛:◆病気・傷・刺激などによって引き起こされる身体的な苦しみ◆精神的な苦しみや悲しみ◆甚(はなは)だ、非常に; 手:◆体や物体の一部で、胴から分かれ出て伸び、持つ・握る・叩く・ものを作る・操作するなどの機能を持つ部分、掌(たなごころ)と指を合わせた全体、腕の先の部分 ◆自(み
kk_癒す_いやす,癒す,いやす,癒:◆肉体的・精神的な病(やまい)や傷が治(なお)る、また治す、同「瘉」,N1,kun,kun,IL1_okurigana(kun 96%) | IL2_single_okuri(kun 96%),癒:◆肉体的・精神的な病(やまい)や傷が治(なお)る、また治す、同「瘉」
kk_発する_はっする,発する,はっする,発:◆矢を放つ、外(離れて行く方向)に向かって勢いよく飛び出る◆動いていなかったものが勢いよく動き出す、物事が動き出す、物事が始まる、行動を起こす◆隠れていたものが,N1,on,on,IL1_okurigana(kun 96%) | IL2_single_okuri(kun 96%),発:◆矢を放つ、外(離れて行く方向)に向かって勢いよく飛び出る◆動いていなかったものが勢いよく動き出す、物事が動き出す、物事が始まる、行動を起こす◆隠れていたものが
kk_発作_ほっさ,発作,ほっさ,発:◆矢を放つ、外(離れて行く方向)に向かって勢いよく飛び出る◆動いていなかったものが勢いよく動き出す、物事が動き出す、物事が始まる、行動を起こす◆隠れていたものが; 作:◆働(はたらく)く、力や手を加える、為(な)す、「作業(サギョウ)」「作為(サクイ)」◆力や手を加えることによって物事や状態を変化させる、また他に影響を与える、,N1,on,on+on,A3_short_compound(on+on 71%),発:◆矢を放つ、外(離れて行く方向)に向かって勢いよく飛び出る◆動いていなかったものが勢いよく動き出す、物事が動き出す、物事が始まる、行動を起こす◆隠れていたものが; 作:◆働(はたらく)く、力や手を加える、為(な)す、「作業(サギョウ)」「作為(サクイ)」◆力や手を加えることによって物事や状態を変化させる、また他に影響を与える、
kk_発掘_はっくつ,発掘,はっくつ,"発:◆矢を放つ、外(離れて行く方向)に向かって勢いよく飛び出る◆動いていなかったものが勢いよく動き出す、物事が動き出す、物事が始まる、行動を起こす◆隠れていたものが; 掘:◆穴を穿(うが)って土や岩を取り出す◆土や岩などを""Ｕ""字状(垂直方向)・""⊂""字状(水平方向)に穿つ、また抉(えぐ)る、同「堀」、そのようにしてできた穴、同「",N1,on,on+on,B_verb_rad_手(kun 80%),"発:◆矢を放つ、外(離れて行く方向)に向かって勢いよく飛び出る◆動いていなかったものが勢いよく動き出す、物事が動き出す、物事が始まる、行動を起こす◆隠れていたものが; 掘:◆穴を穿(うが)って土や岩を取り出す◆土や岩などを""Ｕ""字状(垂直方向)・""⊂""字状(水平方向)に穿つ、また抉(えぐ)る、同「堀」、そのようにしてできた穴、同「"
kk_発散_はっさん,発散,はっさん,発:◆矢を放つ、外(離れて行く方向)に向かって勢いよく飛び出る◆動いていなかったものが勢いよく動き出す、物事が動き出す、物事が始まる、行動を起こす◆隠れていたものが; 散:◆分け離す、固まっていたり纏(まと)まっていたりしたものをばらばらにする、同「㪔」◆束縛する力がなくなってばらばらになる、ばらばらになってあちこちに広がる◆あち,N1,on,on+on,,発:◆矢を放つ、外(離れて行く方向)に向かって勢いよく飛び出る◆動いていなかったものが勢いよく動き出す、物事が動き出す、物事が始まる、行動を起こす◆隠れていたものが; 散:◆分け離す、固まっていたり纏(まと)まっていたりしたものをばらばらにする、同「㪔」◆束縛する力がなくなってばらばらになる、ばらばらになってあちこちに広がる◆あち
kk_発注_はっちゅう,発注,はっちゅう,発:◆矢を放つ、外(離れて行く方向)に向かって勢いよく飛び出る◆動いていなかったものが勢いよく動き出す、物事が動き出す、物事が始まる、行動を起こす◆隠れていたものが; 注:◆水を一か所に狙いを定めて流し入れる、流れを目的の方に集中するようにする◆心や力を一点に集中する◆字句の解説、また解釈を加える、同「註」◆書き記(しる)す、記載,N1,on,on+on,,発:◆矢を放つ、外(離れて行く方向)に向かって勢いよく飛び出る◆動いていなかったものが勢いよく動き出す、物事が動き出す、物事が始まる、行動を起こす◆隠れていたものが; 注:◆水を一か所に狙いを定めて流し入れる、流れを目的の方に集中するようにする◆心や力を一点に集中する◆字句の解説、また解釈を加える、同「註」◆書き記(しる)す、記載
kk_発病_はつびょう,発病,はつびょう,発:◆矢を放つ、外(離れて行く方向)に向かって勢いよく飛び出る◆動いていなかったものが勢いよく動き出す、物事が動き出す、物事が始まる、行動を起こす◆隠れていたものが; 病:◆体調や精神状態が正常でなくなる◆不調なさま、普段の或いは正常な状態でないさま◆体や心を痛める、憂える、苦しむ,N1,on,on+on,,発:◆矢を放つ、外(離れて行く方向)に向かって勢いよく飛び出る◆動いていなかったものが勢いよく動き出す、物事が動き出す、物事が始まる、行動を起こす◆隠れていたものが; 病:◆体調や精神状態が正常でなくなる◆不調なさま、普段の或いは正常な状態でないさま◆体や心を痛める、憂える、苦しむ
kk_発端_ほったん,発端,ほったん,発:◆矢を放つ、外(離れて行く方向)に向かって勢いよく飛び出る◆動いていなかったものが勢いよく動き出す、物事が動き出す、物事が始まる、行動を起こす◆隠れていたものが; 端:◆物事の始まり、最初、「端緒(タンショ、タンチョ)」、同「耑」◆始め(始まり)か終わりのどちらか片方、「一端(イッタン)」「両端(リョウタン)」◆まっすぐなさま,N1,on,on+on,,発:◆矢を放つ、外(離れて行く方向)に向かって勢いよく飛び出る◆動いていなかったものが勢いよく動き出す、物事が動き出す、物事が始まる、行動を起こす◆隠れていたものが; 端:◆物事の始まり、最初、「端緒(タンショ、タンチョ)」、同「耑」◆始め(始まり)か終わりのどちらか片方、「一端(イッタン)」「両端(リョウタン)」◆まっすぐなさま
kk_発育_はついく,発育,はついく,発:◆矢を放つ、外(離れて行く方向)に向かって勢いよく飛び出る◆動いていなかったものが勢いよく動き出す、物事が動き出す、物事が始まる、行動を起こす◆隠れていたものが; 育:◆(生まれたばかりの子「𠫓」に)栄養や知識などを与えて成長させる、養分を与えて生長させる◆古「毓」,N1,on,on+on,,発:◆矢を放つ、外(離れて行く方向)に向かって勢いよく飛び出る◆動いていなかったものが勢いよく動き出す、物事が動き出す、物事が始まる、行動を起こす◆隠れていたものが; 育:◆(生まれたばかりの子「𠫓」に)栄養や知識などを与えて成長させる、養分を与えて生長させる◆古「毓」
kk_発足/はっそく_ほっそく,発足/はっそく,ほっそく,発:◆矢を放つ、外(離れて行く方向)に向かって勢いよく飛び出る◆動いていなかったものが勢いよく動き出す、物事が動き出す、物事が始まる、行動を起こす◆隠れていたものが; 足:◆体や物体の一部で、胴から分かれ出て伸び、地に接して体を支えたり、歩行・走行・跳躍などの運動機能を担う部分、現代の中国では「脚」◆「歩く」「走る」などの足を使っ,N1,on,on+on,IL1_okurigana(kun 96%) | A1_compound_oku(kun 90%) | A1_on_kun_mix(on+kun 65%),発:◆矢を放つ、外(離れて行く方向)に向かって勢いよく飛び出る◆動いていなかったものが勢いよく動き出す、物事が動き出す、物事が始まる、行動を起こす◆隠れていたものが; 足:◆体や物体の一部で、胴から分かれ出て伸び、地に接して体を支えたり、歩行・走行・跳躍などの運動機能を担う部分、現代の中国では「脚」◆「歩く」「走る」などの足を使っ
kk_登竜門_とうりゅうもん,登竜門,とうりゅうもん,登:◆高いところに上がる、高い方(上の方)に進む、同「陞」、一般に道や階段や梯子(はしご)などの足場を伝いながら上がることをいい、足場がなく浮くように上がるのは「昇; 竜:◆角(つの)と鬚(ひげ)を持ち体は細長く鱗(うろこ)があり、春分に天に昇り秋分に淵(ふち)に潜むという想像上の動物◆天子・君主・皇帝を指す語、「龍飛(リュウヒ、; 門:◆敷地の囲いの一部に設けた出入口、囲われたものの内から外へ(外から内へ)出入りするところ、同「𨳇」「閅」◆同じ入口から入って来た人、同じ囲いの中にいる人、同じ目,N1,on,on+on+on,A4_multi_on(on+on+on 65%),登:◆高いところに上がる、高い方(上の方)に進む、同「陞」、一般に道や階段や梯子(はしご)などの足場を伝いながら上がることをいい、足場がなく浮くように上がるのは「昇; 竜:◆角(つの)と鬚(ひげ)を持ち体は細長く鱗(うろこ)があり、春分に天に昇り秋分に淵(ふち)に潜むという想像上の動物◆天子・君主・皇帝を指す語、「龍飛(リュウヒ、; 門:◆敷地の囲いの一部に設けた出入口、囲われたものの内から外へ(外から内へ)出入りするところ、同「𨳇」「閅」◆同じ入口から入って来た人、同じ囲いの中にいる人、同じ目
kk_登録_とうろく,登録,とうろく,登:◆高いところに上がる、高い方(上の方)に進む、同「陞」、一般に道や階段や梯子(はしご)などの足場を伝いながら上がることをいい、足場がなく浮くように上がるのは「昇; 録:◆刻む、刻み込む、彫る、彫り込む、同「彔」◆(板や金属の表面になどに)文字を刻み込む、文字を彫り込む◆書き記(しる)す、後々のために(或いは他に伝えるために)書,N1,on,on+on,B_noun_rad_金(kun 93%),登:◆高いところに上がる、高い方(上の方)に進む、同「陞」、一般に道や階段や梯子(はしご)などの足場を伝いながら上がることをいい、足場がなく浮くように上がるのは「昇; 録:◆刻む、刻み込む、彫る、彫り込む、同「彔」◆(板や金属の表面になどに)文字を刻み込む、文字を彫り込む◆書き記(しる)す、後々のために(或いは他に伝えるために)書
kk_白状_はくじょう,白状,はくじょう,白:◆無色、雪の色、どんな色にも染まっていないさま、同「㿟」「皛」◆曇りがないさま、汚(けが)れがないさま、清(きよ)いさま◆何もないさま、あるがままであるさま、「; 状:◆形、姿形(すがたかたち)、有様(ありさま)、情況(ジョウキョウ)、様子(ヨウシ、ようす)◆様子を述べる、言い表す、またその文書や手紙,N1,on,on+on,,白:◆無色、雪の色、どんな色にも染まっていないさま、同「㿟」「皛」◆曇りがないさま、汚(けが)れがないさま、清(きよ)いさま◆何もないさま、あるがままであるさま、「; 状:◆形、姿形(すがたかたち)、有様(ありさま)、情況(ジョウキョウ)、様子(ヨウシ、ようす)◆様子を述べる、言い表す、またその文書や手紙
kk_的_まと,的,まと,的:◆弓で矢を射(い)る時の目標とするもの、同「㢩」「墑」◆額(ひたい)の部分だけが白い馬、またその額の白い部分、女性が額に施(ほどこ)す(赤い点状の)装飾◆(弓の,N1,kun,kun,IL2_single_default(kun 84%),的:◆弓で矢を射(い)る時の目標とするもの、同「㢩」「墑」◆額(ひたい)の部分だけが白い馬、またその額の白い部分、女性が額に施(ほどこ)す(赤い点状の)装飾◆(弓の
kk_皇居_こうきょ,皇居,こうきょ,皇:◆君主、偉大な王、天下を治める者◆大きい、偉大な、神々(こうごう)しい◆煌々(コウコウ)と光り輝く、輝かしい、明々とした光が四方に広がる、同「煌」◆祖先に対する; 居:◆座る、腰を据(す)える、腰を落ち着ける、またその場所◆長く腰を落ち着けて住む、住まい◆一定の場所を占める、存在する◆貯(たくわ)える、得たものを置いておく,N1,on,on+on,A3_short_compound(on+on 71%),皇:◆君主、偉大な王、天下を治める者◆大きい、偉大な、神々(こうごう)しい◆煌々(コウコウ)と光り輝く、輝かしい、明々とした光が四方に広がる、同「煌」◆祖先に対する; 居:◆座る、腰を据(す)える、腰を落ち着ける、またその場所◆長く腰を落ち着けて住む、住まい◆一定の場所を占める、存在する◆貯(たくわ)える、得たものを置いておく
kk_盗作_とうさく,盗作,とうさく,盗:◆本来自分のものではないのものを(相手の許しを得ないまま、こっそりと)自分のものにする; 作:◆働(はたらく)く、力や手を加える、為(な)す、「作業(サギョウ)」「作為(サクイ)」◆力や手を加えることによって物事や状態を変化させる、また他に影響を与える、,N1,on,on+on,,盗:◆本来自分のものではないのものを(相手の許しを得ないまま、こっそりと)自分のものにする; 作:◆働(はたらく)く、力や手を加える、為(な)す、「作業(サギョウ)」「作為(サクイ)」◆力や手を加えることによって物事や状態を変化させる、また他に影響を与える、
kk_盛り付け_もりつけ,盛り付け,もりつけ,盛:◆器(うつわ)に山のようにものを入れる、山のように積み上げる、これ以上は入らないという程に入れる◆一杯になるさま、満ち溢(あふ)れるさま、豊かなさま◆力や勢いが; 付:◆手ずから授(さず)ける、直接手を取って与える、同「仅」◆渡し与える、渡して任せる、委(ゆだ)ねる◆[日]他のものに加える、また添える、また足す、同「附」,N1,kun,kun+kun~,IL1_okurigana(kun 96%) | A1_compound_oku(kun 90%) | A1_on_kun_mix(on+kun 65%),盛:◆器(うつわ)に山のようにものを入れる、山のように積み上げる、これ以上は入らないという程に入れる◆一杯になるさま、満ち溢(あふ)れるさま、豊かなさま◆力や勢いが; 付:◆手ずから授(さず)ける、直接手を取って与える、同「仅」◆渡し与える、渡して任せる、委(ゆだ)ねる◆[日]他のものに加える、また添える、また足す、同「附」
kk_盛大_せいだい,盛大,せいだい,盛:◆器(うつわ)に山のようにものを入れる、山のように積み上げる、これ以上は入らないという程に入れる◆一杯になるさま、満ち溢(あふ)れるさま、豊かなさま◆力や勢いが; 大:◆形・数・量・力・程度などが比較しようとしているもの以上である、求められる(必要とされる、必要な)形・数・量・力・程度などを超(こ)えている、優(すぐ)れる、長,N1,on,on+on,,盛:◆器(うつわ)に山のようにものを入れる、山のように積み上げる、これ以上は入らないという程に入れる◆一杯になるさま、満ち溢(あふ)れるさま、豊かなさま◆力や勢いが; 大:◆形・数・量・力・程度などが比較しようとしているもの以上である、求められる(必要とされる、必要な)形・数・量・力・程度などを超(こ)えている、優(すぐ)れる、長
kk_盛装_せいそう,盛装,せいそう,盛:◆器(うつわ)に山のようにものを入れる、山のように積み上げる、これ以上は入らないという程に入れる◆一杯になるさま、満ち溢(あふ)れるさま、豊かなさま◆力や勢いが; 装:◆(包んだり覆ったりして)外側を飾る◆(衣服や装飾品などのような、上辺を繕うための)飾り◆(飾り付けをしたりして)外見を整える◆(衣服を纏ったり化粧をしたりして,N1,on,on+on,,盛:◆器(うつわ)に山のようにものを入れる、山のように積み上げる、これ以上は入らないという程に入れる◆一杯になるさま、満ち溢(あふ)れるさま、豊かなさま◆力や勢いが; 装:◆(包んだり覆ったりして)外側を飾る◆(衣服や装飾品などのような、上辺を繕うための)飾り◆(飾り付けをしたりして)外見を整える◆(衣服を纏ったり化粧をしたりして
kk_目まぐるしい_めまぐるしい,目まぐるしい,めまぐるしい,目:◆眼(め、眼球ガンキュウ、黒目くろめ)・白目(しろめ、結膜ケツマク)・視神経などを含むものを見る器官全体、またその形状や様子や機能◆ものを見る、また見分ける◆眼,N1,kun,kun,IL1_okurigana(kun 96%) | IL2_single_okuri(kun 96%),目:◆眼(め、眼球ガンキュウ、黒目くろめ)・白目(しろめ、結膜ケツマク)・視神経などを含むものを見る器官全体、またその形状や様子や機能◆ものを見る、また見分ける◆眼
kk_目下_もっか,目下,もっか,目:◆眼(め、眼球ガンキュウ、黒目くろめ)・白目(しろめ、結膜ケツマク)・視神経などを含むものを見る器官全体、またその形状や様子や機能◆ものを見る、また見分ける◆眼; 下:◆位置・場所・地位などが低い、低い方にある◆低い方に移る、降りる、落ちる◆順序・時間などが後(あと)、後の方にある◆後の方に移る、後(うし)ろの方へ退く◆等級・,N1,other,mixed+mixed~,A3_short_compound(on+on 71%),目:◆眼(め、眼球ガンキュウ、黒目くろめ)・白目(しろめ、結膜ケツマク)・視神経などを含むものを見る器官全体、またその形状や様子や機能◆ものを見る、また見分ける◆眼; 下:◆位置・場所・地位などが低い、低い方にある◆低い方に移る、降りる、落ちる◆順序・時間などが後(あと)、後の方にある◆後の方に移る、後(うし)ろの方へ退く◆等級・
kk_目先_めさき,目先,めさき,目:◆眼(め、眼球ガンキュウ、黒目くろめ)・白目(しろめ、結膜ケツマク)・視神経などを含むものを見る器官全体、またその形状や様子や機能◆ものを見る、また見分ける◆眼; 先:◆基準になる位置や時間よりも前、同「前」、逆は「後」◆前に向かって進む、またその方向、同「前」◆以前、時間的に過去の方向◆ま・ず、最初に、～の前に,N1,kun,kun+kun~,A3_short_compound(on+on 71%),目:◆眼(め、眼球ガンキュウ、黒目くろめ)・白目(しろめ、結膜ケツマク)・視神経などを含むものを見る器官全体、またその形状や様子や機能◆ものを見る、また見分ける◆眼; 先:◆基準になる位置や時間よりも前、同「前」、逆は「後」◆前に向かって進む、またその方向、同「前」◆以前、時間的に過去の方向◆ま・ず、最初に、～の前に
kk_目処_めど,目処,めど,目:◆眼(め、眼球ガンキュウ、黒目くろめ)・白目(しろめ、結膜ケツマク)・視神経などを含むものを見る器官全体、またその形状や様子や機能◆ものを見る、また見分ける◆眼; 処:◆腰を落ち着ける、居(い)る、止(とど)まる、またその場所◆腰を落ち着けて留(とど)まっているさま、「処士(ショシ、能力がありながら出仕しない人))」「処女(シ,N1,other,mixed+mixed~,A3_short_compound(on+on 71%),目:◆眼(め、眼球ガンキュウ、黒目くろめ)・白目(しろめ、結膜ケツマク)・視神経などを含むものを見る器官全体、またその形状や様子や機能◆ものを見る、また見分ける◆眼; 処:◆腰を落ち着ける、居(い)る、止(とど)まる、またその場所◆腰を落ち着けて留(とど)まっているさま、「処士(ショシ、能力がありながら出仕しない人))」「処女(シ
kk_目当て_めあて,目当て,めあて,目:◆眼(め、眼球ガンキュウ、黒目くろめ)・白目(しろめ、結膜ケツマク)・視神経などを含むものを見る器官全体、またその形状や様子や機能◆ものを見る、また見分ける◆眼; 当:◆正面からぶつかる、正面から向き合う、相対する、同「噹」◆適合する、相応しい◆受け持つ、引き受ける◆そうするべき、そうあるべき◆この(this)、今、此処(ここ,N1,kun,kun+kun,IL1_okurigana(kun 96%) | A1_compound_oku(kun 90%) | A1_on_kun_mix(on+kun 65%),目:◆眼(め、眼球ガンキュウ、黒目くろめ)・白目(しろめ、結膜ケツマク)・視神経などを含むものを見る器官全体、またその形状や様子や機能◆ものを見る、また見分ける◆眼; 当:◆正面からぶつかる、正面から向き合う、相対する、同「噹」◆適合する、相応しい◆受け持つ、引き受ける◆そうするべき、そうあるべき◆この(this)、今、此処(ここ
kk_目盛り_めもり,目盛り,めもり,目:◆眼(め、眼球ガンキュウ、黒目くろめ)・白目(しろめ、結膜ケツマク)・視神経などを含むものを見る器官全体、またその形状や様子や機能◆ものを見る、また見分ける◆眼; 盛:◆器(うつわ)に山のようにものを入れる、山のように積み上げる、これ以上は入らないという程に入れる◆一杯になるさま、満ち溢(あふ)れるさま、豊かなさま◆力や勢いが,N1,kun,kun+kun,IL1_okurigana(kun 96%) | A1_compound_oku(kun 90%) | A1_on_kun_mix(on+kun 65%),目:◆眼(め、眼球ガンキュウ、黒目くろめ)・白目(しろめ、結膜ケツマク)・視神経などを含むものを見る器官全体、またその形状や様子や機能◆ものを見る、また見分ける◆眼; 盛:◆器(うつわ)に山のようにものを入れる、山のように積み上げる、これ以上は入らないという程に入れる◆一杯になるさま、満ち溢(あふ)れるさま、豊かなさま◆力や勢いが
kk_目覚ましい_めざましい,目覚ましい,めざましい,目:◆眼(め、眼球ガンキュウ、黒目くろめ)・白目(しろめ、結膜ケツマク)・視神経などを含むものを見る器官全体、またその形状や様子や機能◆ものを見る、また見分ける◆眼; 覚:◆目を醒(さ)ます、眠りから醒める、正常な認識や判断ができない状態から抜け出る◆迷いや暗がりから抜け出る、明るみに出る◆辺りの状況が意識・認識できるようになる、,N1,other,mixed+mixed~,IL1_okurigana(kun 96%) | A1_compound_oku(kun 90%) | A1_on_kun_mix(on+kun 65%),目:◆眼(め、眼球ガンキュウ、黒目くろめ)・白目(しろめ、結膜ケツマク)・視神経などを含むものを見る器官全体、またその形状や様子や機能◆ものを見る、また見分ける◆眼; 覚:◆目を醒(さ)ます、眠りから醒める、正常な認識や判断ができない状態から抜け出る◆迷いや暗がりから抜け出る、明るみに出る◆辺りの状況が意識・認識できるようになる、
kk_目論む_もくろむ,目論む,もくろむ,目:◆眼(め、眼球ガンキュウ、黒目くろめ)・白目(しろめ、結膜ケツマク)・視神経などを含むものを見る器官全体、またその形状や様子や機能◆ものを見る、また見分ける◆眼; 論:◆理(リ、道理ドウリ、筋目すじめ)に沿って考える、理に適(かな)った考え◆きちんと筋道(すじみち、道理)に沿って(順序立てて)述べる◆道理(筋や理)に照らして物,N1,other,mixed+mixed~,IL1_okurigana(kun 96%) | A1_compound_oku(kun 90%) | A1_on_kun_mix(on+kun 65%),目:◆眼(め、眼球ガンキュウ、黒目くろめ)・白目(しろめ、結膜ケツマク)・視神経などを含むものを見る器官全体、またその形状や様子や機能◆ものを見る、また見分ける◆眼; 論:◆理(リ、道理ドウリ、筋目すじめ)に沿って考える、理に適(かな)った考え◆きちんと筋道(すじみち、道理)に沿って(順序立てて)述べる◆道理(筋や理)に照らして物
kk_目論見_もくろみ,目論見,もくろみ,目:◆眼(め、眼球ガンキュウ、黒目くろめ)・白目(しろめ、結膜ケツマク)・視神経などを含むものを見る器官全体、またその形状や様子や機能◆ものを見る、また見分ける◆眼; 論:◆理(リ、道理ドウリ、筋目すじめ)に沿って考える、理に適(かな)った考え◆きちんと筋道(すじみち、道理)に沿って(順序立てて)述べる◆道理(筋や理)に照らして物; 見:◆目でものや状況を認識する、目に入る◆(見たものの)認識の仕方、考え◆人と顔を合わせる、対面する◆みる、部首名,N1,other,mixed+mixed+mixed~,A4_multi_on(on+on+on 65%) | B_verb_rad_言(kun 80%),目:◆眼(め、眼球ガンキュウ、黒目くろめ)・白目(しろめ、結膜ケツマク)・視神経などを含むものを見る器官全体、またその形状や様子や機能◆ものを見る、また見分ける◆眼; 論:◆理(リ、道理ドウリ、筋目すじめ)に沿って考える、理に適(かな)った考え◆きちんと筋道(すじみち、道理)に沿って(順序立てて)述べる◆道理(筋や理)に照らして物; 見:◆目でものや状況を認識する、目に入る◆(見たものの)認識の仕方、考え◆人と顔を合わせる、対面する◆みる、部首名
kk_目録_もくろく,目録,もくろく,目:◆眼(め、眼球ガンキュウ、黒目くろめ)・白目(しろめ、結膜ケツマク)・視神経などを含むものを見る器官全体、またその形状や様子や機能◆ものを見る、また見分ける◆眼; 録:◆刻む、刻み込む、彫る、彫り込む、同「彔」◆(板や金属の表面になどに)文字を刻み込む、文字を彫り込む◆書き記(しる)す、後々のために(或いは他に伝えるために)書,N1,on,on+on,B_noun_rad_金(kun 93%),目:◆眼(め、眼球ガンキュウ、黒目くろめ)・白目(しろめ、結膜ケツマク)・視神経などを含むものを見る器官全体、またその形状や様子や機能◆ものを見る、また見分ける◆眼; 録:◆刻む、刻み込む、彫る、彫り込む、同「彔」◆(板や金属の表面になどに)文字を刻み込む、文字を彫り込む◆書き記(しる)す、後々のために(或いは他に伝えるために)書
kk_盲点_もうてん,盲点,もうてん,盲:◆(視力が失われて)目が見えない、またそのような人、同「盳」「𥇋」「朚」「𤷐」◆物事をはっきりと理解・判断できない、道理に暗い◆しっかりと考える(吟味する)こと; 点:◆小さな(黒い)染(し)み・瑕(きず)・印(しるし)、またそのようなものを付ける、「汚点(オテン)」◆小さく狭く限られた場所・範囲・位置・事柄、「地点(チテン),N1,on,on+on,,盲:◆(視力が失われて)目が見えない、またそのような人、同「盳」「𥇋」「朚」「𤷐」◆物事をはっきりと理解・判断できない、道理に暗い◆しっかりと考える(吟味する)こと; 点:◆小さな(黒い)染(し)み・瑕(きず)・印(しるし)、またそのようなものを付ける、「汚点(オテン)」◆小さく狭く限られた場所・範囲・位置・事柄、「地点(チテン)
kk_盲目的_もうもくてき,盲目的,もうもくてき,盲:◆(視力が失われて)目が見えない、またそのような人、同「盳」「𥇋」「朚」「𤷐」◆物事をはっきりと理解・判断できない、道理に暗い◆しっかりと考える(吟味する)こと; 目:◆眼(め、眼球ガンキュウ、黒目くろめ)・白目(しろめ、結膜ケツマク)・視神経などを含むものを見る器官全体、またその形状や様子や機能◆ものを見る、また見分ける◆眼; 的:◆弓で矢を射(い)る時の目標とするもの、同「㢩」「墑」◆額(ひたい)の部分だけが白い馬、またその額の白い部分、女性が額に施(ほどこ)す(赤い点状の)装飾◆(弓の,N1,on,on+on+on,A4_multi_on(on+on+on 65%),盲:◆(視力が失われて)目が見えない、またそのような人、同「盳」「𥇋」「朚」「𤷐」◆物事をはっきりと理解・判断できない、道理に暗い◆しっかりと考える(吟味する)こと; 目:◆眼(め、眼球ガンキュウ、黒目くろめ)・白目(しろめ、結膜ケツマク)・視神経などを含むものを見る器官全体、またその形状や様子や機能◆ものを見る、また見分ける◆眼; 的:◆弓で矢を射(い)る時の目標とするもの、同「㢩」「墑」◆額(ひたい)の部分だけが白い馬、またその額の白い部分、女性が額に施(ほどこ)す(赤い点状の)装飾◆(弓の
kk_直感_ちょっかん,直感,ちょっかん,直:◆ものをまっすぐによく見る◆まっすぐなさま、曲がったり折れたり歪(ゆが)んだりしない(していない)さま、「正直(ショウジキ、まっすぐなこと、嘘や偽りがないこと); 感:◆外部から受けた刺激を知覚する◆外部からの刺激を受けて心や体が反応する、また動く,N1,on,mixed+on~,,直:◆ものをまっすぐによく見る◆まっすぐなさま、曲がったり折れたり歪(ゆが)んだりしない(していない)さま、「正直(ショウジキ、まっすぐなこと、嘘や偽りがないこと); 感:◆外部から受けた刺激を知覚する◆外部からの刺激を受けて心や体が反応する、また動く
kk_直訴_じきそ,直訴,じきそ,直:◆ものをまっすぐによく見る◆まっすぐなさま、曲がったり折れたり歪(ゆが)んだりしない(していない)さま、「正直(ショウジキ、まっすぐなこと、嘘や偽りがないこと); 訴:◆告げる、述べる◆「告訴(コクソ)」◇事情や状態を人に告げる◇不当・不正なことについて上に申し出て解決・是正を求める,N1,on,on+on,A3_short_compound(on+on 71%) | B_verb_rad_言(kun 80%),直:◆ものをまっすぐによく見る◆まっすぐなさま、曲がったり折れたり歪(ゆが)んだりしない(していない)さま、「正直(ショウジキ、まっすぐなこと、嘘や偽りがないこと); 訴:◆告げる、述べる◆「告訴(コクソ)」◇事情や状態を人に告げる◇不当・不正なことについて上に申し出て解決・是正を求める
kk_直面_ちょくめん,直面,ちょくめん,直:◆ものをまっすぐによく見る◆まっすぐなさま、曲がったり折れたり歪(ゆが)んだりしない(していない)さま、「正直(ショウジキ、まっすぐなこと、嘘や偽りがないこと); 面:◆顔(かお)、頭の目鼻口がある側◆顔を対象(タイショウ、目標や相手)に向ける、また向く◆(顔が)向いている側、向き、向いている方向◆ものの表(おもて)、前(まえ,N1,on,on+on,,直:◆ものをまっすぐによく見る◆まっすぐなさま、曲がったり折れたり歪(ゆが)んだりしない(していない)さま、「正直(ショウジキ、まっすぐなこと、嘘や偽りがないこと); 面:◆顔(かお)、頭の目鼻口がある側◆顔を対象(タイショウ、目標や相手)に向ける、また向く◆(顔が)向いている側、向き、向いている方向◆ものの表(おもて)、前(まえ
kk_相場_そうば,相場,そうば,相:◆(対象となるものを)よく見る◆互(たが)いに～(しあう)、「互相(ゴソウ、相互ソウゴ)」◆二つのものの間に起こること、また関係し合うこと、片方から他方へ働き掛; 場:◆(日当たりのよい、収穫した穀物の乾燥・脱穀などをする、また多くの人やものが集まる)広く平らなところ、「広場」、同「塲」◆一段と高くし上を平らに作ったところ、台,N1,mixed,on+kun~,A3_short_compound(on+on 71%),相:◆(対象となるものを)よく見る◆互(たが)いに～(しあう)、「互相(ゴソウ、相互ソウゴ)」◆二つのものの間に起こること、また関係し合うこと、片方から他方へ働き掛; 場:◆(日当たりのよい、収穫した穀物の乾燥・脱穀などをする、また多くの人やものが集まる)広く平らなところ、「広場」、同「塲」◆一段と高くし上を平らに作ったところ、台
kk_相容れない_あいいれない,相容れない,あいいれない,相:◆(対象となるものを)よく見る◆互(たが)いに～(しあう)、「互相(ゴソウ、相互ソウゴ)」◆二つのものの間に起こること、また関係し合うこと、片方から他方へ働き掛; 容:◆ものを器(うつわ)などの周りが囲まれているものの中に入れる、またそこに入っているもの、中身(なかみ)◆人や意見などを受け入れる、許す、認める◆顔の表情、姿形(,N1,kun,kun+kun,IL1_okurigana(kun 96%) | A1_compound_oku(kun 90%) | A1_on_kun_mix(on+kun 65%),相:◆(対象となるものを)よく見る◆互(たが)いに～(しあう)、「互相(ゴソウ、相互ソウゴ)」◆二つのものの間に起こること、また関係し合うこと、片方から他方へ働き掛; 容:◆ものを器(うつわ)などの周りが囲まれているものの中に入れる、またそこに入っているもの、中身(なかみ)◆人や意見などを受け入れる、許す、認める◆顔の表情、姿形(
kk_相対_そうたい,相対,そうたい,相:◆(対象となるものを)よく見る◆互(たが)いに～(しあう)、「互相(ゴソウ、相互ソウゴ)」◆二つのものの間に起こること、また関係し合うこと、片方から他方へ働き掛; 対:◆向かい合う、向き合う◆二つで一組になるもの◆二つを並べ比較する◆問いに答える、依頼や指示に応(こた)える、相手からの働きかけに応(おう)じた結果を返す,N1,on,on+on,,相:◆(対象となるものを)よく見る◆互(たが)いに～(しあう)、「互相(ゴソウ、相互ソウゴ)」◆二つのものの間に起こること、また関係し合うこと、片方から他方へ働き掛; 対:◆向かい合う、向き合う◆二つで一組になるもの◆二つを並べ比較する◆問いに答える、依頼や指示に応(こた)える、相手からの働きかけに応(おう)じた結果を返す
kk_相席_あいせき,相席,あいせき,相:◆(対象となるものを)よく見る◆互(たが)いに～(しあう)、「互相(ゴソウ、相互ソウゴ)」◆二つのものの間に起こること、また関係し合うこと、片方から他方へ働き掛; 席:◆むしろ、竹や藁(わら、乾燥させた草の茎)を並べ紐(ひも)で編んだ敷物、人が座ったり横になったりするところに敷くもの、同「蓆」◆座るところ、居並ぶ時の座る位置◆,N1,mixed,kun+on~,B_noun_rad_巾(kun 93%),相:◆(対象となるものを)よく見る◆互(たが)いに～(しあう)、「互相(ゴソウ、相互ソウゴ)」◆二つのものの間に起こること、また関係し合うこと、片方から他方へ働き掛; 席:◆むしろ、竹や藁(わら、乾燥させた草の茎)を並べ紐(ひも)で編んだ敷物、人が座ったり横になったりするところに敷くもの、同「蓆」◆座るところ、居並ぶ時の座る位置◆
kk_相応_そうおう,相応,そうおう,相:◆(対象となるものを)よく見る◆互(たが)いに～(しあう)、「互相(ゴソウ、相互ソウゴ)」◆二つのものの間に起こること、また関係し合うこと、片方から他方へ働き掛; 応:◆相手からの問い掛けや働き掛けに対して自分の意思を態度で示す、言葉で返すのは「答」◆相手の求めを受け入れる◆当然～すべき、当然～であろう,N1,on,on+on,,相:◆(対象となるものを)よく見る◆互(たが)いに～(しあう)、「互相(ゴソウ、相互ソウゴ)」◆二つのものの間に起こること、また関係し合うこと、片方から他方へ働き掛; 応:◆相手からの問い掛けや働き掛けに対して自分の意思を態度で示す、言葉で返すのは「答」◆相手の求めを受け入れる◆当然～すべき、当然～であろう
kk_相応しい_ふさわしい,相応しい,ふさわしい,相:◆(対象となるものを)よく見る◆互(たが)いに～(しあう)、「互相(ゴソウ、相互ソウゴ)」◆二つのものの間に起こること、また関係し合うこと、片方から他方へ働き掛; 応:◆相手からの問い掛けや働き掛けに対して自分の意思を態度で示す、言葉で返すのは「答」◆相手の求めを受け入れる◆当然～すべき、当然～であろう,N1,other,mixed+mixed~,IL1_okurigana(kun 96%) | A1_compound_oku(kun 90%) | A1_on_kun_mix(on+kun 65%),相:◆(対象となるものを)よく見る◆互(たが)いに～(しあう)、「互相(ゴソウ、相互ソウゴ)」◆二つのものの間に起こること、また関係し合うこと、片方から他方へ働き掛; 応:◆相手からの問い掛けや働き掛けに対して自分の意思を態度で示す、言葉で返すのは「答」◆相手の求めを受け入れる◆当然～すべき、当然～であろう
kk_相性_あいしょう,相性,あいしょう,相:◆(対象となるものを)よく見る◆互(たが)いに～(しあう)、「互相(ゴソウ、相互ソウゴ)」◆二つのものの間に起こること、また関係し合うこと、片方から他方へ働き掛; 性:◆生まれながらに持っている能力・性格・習癖・運命などの無形のもの◆男女・雄雌の別、男女間また雄雌間の本能的な関係◆物事が具えている資質や能力,N1,on,on+on~,,相:◆(対象となるものを)よく見る◆互(たが)いに～(しあう)、「互相(ゴソウ、相互ソウゴ)」◆二つのものの間に起こること、また関係し合うこと、片方から他方へ働き掛; 性:◆生まれながらに持っている能力・性格・習癖・運命などの無形のもの◆男女・雄雌の別、男女間また雄雌間の本能的な関係◆物事が具えている資質や能力
kk_相手取る_あいてどる,相手取る,あいてどる,相:◆(対象となるものを)よく見る◆互(たが)いに～(しあう)、「互相(ゴソウ、相互ソウゴ)」◆二つのものの間に起こること、また関係し合うこと、片方から他方へ働き掛; 手:◆体や物体の一部で、胴から分かれ出て伸び、持つ・握る・叩く・ものを作る・操作するなどの機能を持つ部分、掌(たなごころ)と指を合わせた全体、腕の先の部分 ◆自(み; 取:◆捕(つか)まえる、捕(と)らえる、縄(なわ)を掛ける◆手に入れる、手の中に収(おさ)める、手で受ける◆(多くの中から一部を、或いは一つを)選ぶ、選択する◆娶(,N1,other,mixed+mixed+mixed~,IL1_okurigana(kun 96%) | A1_compound_oku(kun 90%) | A1_on_kun_mix(on+kun 65%),相:◆(対象となるものを)よく見る◆互(たが)いに～(しあう)、「互相(ゴソウ、相互ソウゴ)」◆二つのものの間に起こること、また関係し合うこと、片方から他方へ働き掛; 手:◆体や物体の一部で、胴から分かれ出て伸び、持つ・握る・叩く・ものを作る・操作するなどの機能を持つ部分、掌(たなごころ)と指を合わせた全体、腕の先の部分 ◆自(み; 取:◆捕(つか)まえる、捕(と)らえる、縄(なわ)を掛ける◆手に入れる、手の中に収(おさ)める、手で受ける◆(多くの中から一部を、或いは一つを)選ぶ、選択する◆娶(
kk_相方_あいかた,相方,あいかた,相:◆(対象となるものを)よく見る◆互(たが)いに～(しあう)、「互相(ゴソウ、相互ソウゴ)」◆二つのものの間に起こること、また関係し合うこと、片方から他方へ働き掛; 方:◆四角、四角いさま、角(かど)が直角になっているさま、「方形(ホウケイ)」◆数学で二つの数を掛け合わせた数(正方形・長方形の一つの角を成す二辺を掛け合わせた数),N1,kun,kun+kun~,,相:◆(対象となるものを)よく見る◆互(たが)いに～(しあう)、「互相(ゴソウ、相互ソウゴ)」◆二つのものの間に起こること、また関係し合うこと、片方から他方へ働き掛; 方:◆四角、四角いさま、角(かど)が直角になっているさま、「方形(ホウケイ)」◆数学で二つの数を掛け合わせた数(正方形・長方形の一つの角を成す二辺を掛け合わせた数)
kk_相次ぐ_あいつぐ,相次ぐ,あいつぐ,相:◆(対象となるものを)よく見る◆互(たが)いに～(しあう)、「互相(ゴソウ、相互ソウゴ)」◆二つのものの間に起こること、また関係し合うこと、片方から他方へ働き掛; 次:◆並びや繰り返しの先頭の後に続く二番目◆後(あと)に続く、～の後に続いて～◆順序、「次第(シダイ)」◆繰り返される物事の回数、また順序、「数次(スウジ、数回)」,N1,kun,kun+kun,IL1_okurigana(kun 96%) | A1_compound_oku(kun 90%) | A1_on_kun_mix(on+kun 65%),相:◆(対象となるものを)よく見る◆互(たが)いに～(しあう)、「互相(ゴソウ、相互ソウゴ)」◆二つのものの間に起こること、また関係し合うこと、片方から他方へ働き掛; 次:◆並びや繰り返しの先頭の後に続く二番目◆後(あと)に続く、～の後に続いて～◆順序、「次第(シダイ)」◆繰り返される物事の回数、また順序、「数次(スウジ、数回)」
kk_相殺_そうさい,相殺,そうさい,相:◆(対象となるものを)よく見る◆互(たが)いに～(しあう)、「互相(ゴソウ、相互ソウゴ)」◆二つのものの間に起こること、また関係し合うこと、片方から他方へ働き掛; 殺:◆ころ・す、人や動物の生命を奪う、同「𠮁」「煞」「𤋣」「𢼡」「𢿔」「𣪖」「𢽮」「𢽯」「𢽺」「𢽅」「𢾈」「𢽘」「𢽆」「𢼯」「𢼴」「𣪆」「𢁛」「𧤿」「𣀎」「𢿹」◆そ,N1,mixed,on+kun~,,相:◆(対象となるものを)よく見る◆互(たが)いに～(しあう)、「互相(ゴソウ、相互ソウゴ)」◆二つのものの間に起こること、また関係し合うこと、片方から他方へ働き掛; 殺:◆ころ・す、人や動物の生命を奪う、同「𠮁」「煞」「𤋣」「𢼡」「𢿔」「𣪖」「𢽮」「𢽯」「𢽺」「𢽅」「𢾈」「𢽘」「𢽆」「𢼯」「𢼴」「𣪆」「𢁛」「𧤿」「𣀎」「𢿹」◆そ
kk_省みる_かえりみる,省みる,かえりみる,省:◆目を細めて詳(くわ)しく見る、同「䚇」◆かえり・みる、これまでの自分の思いや行いなどを詳しく振り返ってみる◆はぶ・く、必要な部分だけを残して不要な部分を取り除,N1,kun,kun,IL1_okurigana(kun 96%) | IL2_single_okuri(kun 96%),省:◆目を細めて詳(くわ)しく見る、同「䚇」◆かえり・みる、これまでの自分の思いや行いなどを詳しく振り返ってみる◆はぶ・く、必要な部分だけを残して不要な部分を取り除
kk_眉毛_まゆげ,眉毛,まゆげ,眉:◆目の上の弓状に僅かに飛び出た部分に生える毛、同「𣮮」 ◆(眉のように)隆起したところ◆(眉のような)細い弓状の形、「眉月(ビゲツ、眉のように細い弓状の月、新月; 毛:◆生物の表皮に生える細長い糸状のもの◆細長いものがたくさんあるさま、細く弱々しいさま◆草木が生え出る◆草木や穀物が生える、また草木や穀物◆粗末なさま◆[日]千分,N1,other,mixed+mixed~,A3_short_compound(on+on 71%),眉:◆目の上の弓状に僅かに飛び出た部分に生える毛、同「𣮮」 ◆(眉のように)隆起したところ◆(眉のような)細い弓状の形、「眉月(ビゲツ、眉のように細い弓状の月、新月; 毛:◆生物の表皮に生える細長い糸状のもの◆細長いものがたくさんあるさま、細く弱々しいさま◆草木が生え出る◆草木や穀物が生える、また草木や穀物◆粗末なさま◆[日]千分
kk_看護_かんご,看護,かんご,看:◆目の上に掌(てのひら)を翳(かざ)して見る、また望む、同「𥉏」◆目を凝(こ)らして見る、注意深く見る、観察する、「看過(カンカ、見逃す)」◆見守る、「看病(カ; 護:◆周(まわ)りを囲んで中のものを守る、庇(かば)い守る、外からの災禍(サイカ)や危害(キガイ)などを防ぎ守る、「保護(ホゴ)」,N1,on,on+on,A3_short_compound(on+on 71%) | B_verb_rad_言(kun 80%),看:◆目の上に掌(てのひら)を翳(かざ)して見る、また望む、同「𥉏」◆目を凝(こ)らして見る、注意深く見る、観察する、「看過(カンカ、見逃す)」◆見守る、「看病(カ; 護:◆周(まわ)りを囲んで中のものを守る、庇(かば)い守る、外からの災禍(サイカ)や危害(キガイ)などを防ぎ守る、「保護(ホゴ)」
kk_真_しん,真,しん,真:◆手が加えられていない、本来の、本当の、確かな、嘘(うそ)や偽(いつわ)りがない◆正しい、正当な,N1,on,on,IL2_single_default(kun 84%),真:◆手が加えられていない、本来の、本当の、確かな、嘘(うそ)や偽(いつわ)りがない◆正しい、正当な
kk_真っ二つ_まっぷたつ,真っ二つ,まっぷたつ,真:◆手が加えられていない、本来の、本当の、確かな、嘘(うそ)や偽(いつわ)りがない◆正しい、正当な; 二:◆数の名、(数の)一の次の数 ◆(二つに)分ける、分けて別々にする、対(ツイ、二つで一組になるもの)になる◆に、部首名¶別「𠄞」,N1,other,mixed+mixed~,IL1_okurigana(kun 96%) | A1_compound_oku(kun 90%) | A1_on_kun_mix(on+kun 65%),真:◆手が加えられていない、本来の、本当の、確かな、嘘(うそ)や偽(いつわ)りがない◆正しい、正当な; 二:◆数の名、(数の)一の次の数 ◆(二つに)分ける、分けて別々にする、対(ツイ、二つで一組になるもの)になる◆に、部首名¶別「𠄞」
kk_真ん丸い_まんまるい,真ん丸い,まんまるい,真:◆手が加えられていない、本来の、本当の、確かな、嘘(うそ)や偽(いつわ)りがない◆正しい、正当な; 丸:◆球状または円形、またそのような形のもの、またそのような形にする◆角(かど)が尖(とが)っていない、またそのような形のもの、またそのような形にする◆球状のものを,N1,kun,kun+kun~,IL1_okurigana(kun 96%) | A1_compound_oku(kun 90%) | A1_on_kun_mix(on+kun 65%),真:◆手が加えられていない、本来の、本当の、確かな、嘘(うそ)や偽(いつわ)りがない◆正しい、正当な; 丸:◆球状または円形、またそのような形のもの、またそのような形にする◆角(かど)が尖(とが)っていない、またそのような形のもの、またそのような形にする◆球状のものを
kk_真上_まうえ,真上,まうえ,真:◆手が加えられていない、本来の、本当の、確かな、嘘(うそ)や偽(いつわ)りがない◆正しい、正当な; 上:◆位置・場所・地位などが高い、高い方にある◆高い方に移る、昇る、登る◆順序・時間などが前、前の方にある◆前の方に移る◆等級・品質などが高い、優れている◆殿様、皇,N1,kun,kun+kun~,A3_short_compound(on+on 71%),真:◆手が加えられていない、本来の、本当の、確かな、嘘(うそ)や偽(いつわ)りがない◆正しい、正当な; 上:◆位置・場所・地位などが高い、高い方にある◆高い方に移る、昇る、登る◆順序・時間などが前、前の方にある◆前の方に移る◆等級・品質などが高い、優れている◆殿様、皇
kk_真下_ました,真下,ました,真:◆手が加えられていない、本来の、本当の、確かな、嘘(うそ)や偽(いつわ)りがない◆正しい、正当な; 下:◆位置・場所・地位などが低い、低い方にある◆低い方に移る、降りる、落ちる◆順序・時間などが後(あと)、後の方にある◆後の方に移る、後(うし)ろの方へ退く◆等級・,N1,kun,kun+kun~,A3_short_compound(on+on 71%),真:◆手が加えられていない、本来の、本当の、確かな、嘘(うそ)や偽(いつわ)りがない◆正しい、正当な; 下:◆位置・場所・地位などが低い、低い方にある◆低い方に移る、降りる、落ちる◆順序・時間などが後(あと)、後の方にある◆後の方に移る、後(うし)ろの方へ退く◆等級・
kk_真実_しんじつ,真実,しんじつ,真:◆手が加えられていない、本来の、本当の、確かな、嘘(うそ)や偽(いつわ)りがない◆正しい、正当な; 実:◆蓄(たくわ)えが家に満ちているさま◆隙間なく詰まって虚(うつ)ろなところがないさま◆ぎっしりと詰まった中身、草木などの稔(みの)って中がぎっしりと詰まったもの,N1,on,on+on,B_noun_rad_宀(kun 93%),真:◆手が加えられていない、本来の、本当の、確かな、嘘(うそ)や偽(いつわ)りがない◆正しい、正当な; 実:◆蓄(たくわ)えが家に満ちているさま◆隙間なく詰まって虚(うつ)ろなところがないさま◆ぎっしりと詰まった中身、草木などの稔(みの)って中がぎっしりと詰まったもの
kk_真心_まごころ,真心,まごころ,真:◆手が加えられていない、本来の、本当の、確かな、嘘(うそ)や偽(いつわ)りがない◆正しい、正当な; 心:◆血液を循環させる働きをする臓器で五臓(心シン・肝カン・脾ヒ・肺ハイ・腎ジン)の一つ ◆ものの真(ま)ん中、真ん中(中心)にあるもの、ものの重要な部分、ものの本,N1,other,mixed+mixed~,,真:◆手が加えられていない、本来の、本当の、確かな、嘘(うそ)や偽(いつわ)りがない◆正しい、正当な; 心:◆血液を循環させる働きをする臓器で五臓(心シン・肝カン・脾ヒ・肺ハイ・腎ジン)の一つ ◆ものの真(ま)ん中、真ん中(中心)にあるもの、ものの重要な部分、ものの本
kk_真珠_しんじゅ,真珠,しんじゅ,真:◆手が加えられていない、本来の、本当の、確かな、嘘(うそ)や偽(いつわ)りがない◆正しい、正当な; 珠:◆貝などの中にできる乳白色の丸く美しい玉(たま)、玉状の宝石◆「珠母(シュボ)」、珠(シュ、真珠)を産する貝の総称◆丸い粒(つぶ)、丸い粒状のもの,N1,other,mixed+mixed~,A3_short_compound(on+on 71%),真:◆手が加えられていない、本来の、本当の、確かな、嘘(うそ)や偽(いつわ)りがない◆正しい、正当な; 珠:◆貝などの中にできる乳白色の丸く美しい玉(たま)、玉状の宝石◆「珠母(シュボ)」、珠(シュ、真珠)を産する貝の総称◆丸い粒(つぶ)、丸い粒状のもの
kk_真理_しんり,真理,しんり,真:◆手が加えられていない、本来の、本当の、確かな、嘘(うそ)や偽(いつわ)りがない◆正しい、正当な; 理:◆玉(ギョク、大変美しい石)の筋目(すじめ)、規則正しく並んだ筋目◆物事の正しい筋道◆筋道を立てる、また立っている、筋を通す、また通っている◆筋道に沿って判断す,N1,on,on+on,A3_short_compound(on+on 71%),真:◆手が加えられていない、本来の、本当の、確かな、嘘(うそ)や偽(いつわ)りがない◆正しい、正当な; 理:◆玉(ギョク、大変美しい石)の筋目(すじめ)、規則正しく並んだ筋目◆物事の正しい筋道◆筋道を立てる、また立っている、筋を通す、また通っている◆筋道に沿って判断す
kk_真相_しんそう,真相,しんそう,真:◆手が加えられていない、本来の、本当の、確かな、嘘(うそ)や偽(いつわ)りがない◆正しい、正当な; 相:◆(対象となるものを)よく見る◆互(たが)いに～(しあう)、「互相(ゴソウ、相互ソウゴ)」◆二つのものの間に起こること、また関係し合うこと、片方から他方へ働き掛,N1,on,on+on,,真:◆手が加えられていない、本来の、本当の、確かな、嘘(うそ)や偽(いつわ)りがない◆正しい、正当な; 相:◆(対象となるものを)よく見る◆互(たが)いに～(しあう)、「互相(ゴソウ、相互ソウゴ)」◆二つのものの間に起こること、また関係し合うこと、片方から他方へ働き掛
kk_真面_まとも,真面,まとも,真:◆手が加えられていない、本来の、本当の、確かな、嘘(うそ)や偽(いつわ)りがない◆正しい、正当な; 面:◆顔(かお)、頭の目鼻口がある側◆顔を対象(タイショウ、目標や相手)に向ける、また向く◆(顔が)向いている側、向き、向いている方向◆ものの表(おもて)、前(まえ,N1,other,mixed+mixed~,A3_short_compound(on+on 71%),真:◆手が加えられていない、本来の、本当の、確かな、嘘(うそ)や偽(いつわ)りがない◆正しい、正当な; 面:◆顔(かお)、頭の目鼻口がある側◆顔を対象(タイショウ、目標や相手)に向ける、また向く◆(顔が)向いている側、向き、向いている方向◆ものの表(おもて)、前(まえ
kk_眼差し_まなざし,眼差し,まなざし,眼:◆目玉(めだま)、目の球状(黒目くろめ、眼球ガンキュウ)の部分、「目」はこの「眼」と「白眼(ハクガン、白目しろめ、結膜ケツマク)」・視神経などを含む、ものを見る; 差:◆違いがある、揃(そろ)わない◆引き算をした時に余りが出る、またその時の余り◆(同じ差ごとに)区分けする、区別する◆やや～(違う、差がある、不足する、など)◆使,N1,other,mixed+mixed~,IL1_okurigana(kun 96%) | A1_compound_oku(kun 90%) | A1_on_kun_mix(on+kun 65%),眼:◆目玉(めだま)、目の球状(黒目くろめ、眼球ガンキュウ)の部分、「目」はこの「眼」と「白眼(ハクガン、白目しろめ、結膜ケツマク)」・視神経などを含む、ものを見る; 差:◆違いがある、揃(そろ)わない◆引き算をした時に余りが出る、またその時の余り◆(同じ差ごとに)区分けする、区別する◆やや～(違う、差がある、不足する、など)◆使
kk_眼科_がんか,眼科,がんか,眼:◆目玉(めだま)、目の球状(黒目くろめ、眼球ガンキュウ)の部分、「目」はこの「眼」と「白眼(ハクガン、白目しろめ、結膜ケツマク)」・視神経などを含む、ものを見る; 科:◆穀物の生産量や品質の良し悪しの程度を幾つかに区分し順に並べたもの、等級◆罪の軽重に従い量刑を定める、またそれを適用する(科する)◆分類し同等のものを一つに纏(,N1,on,on+on,A3_short_compound(on+on 71%),眼:◆目玉(めだま)、目の球状(黒目くろめ、眼球ガンキュウ)の部分、「目」はこの「眼」と「白眼(ハクガン、白目しろめ、結膜ケツマク)」・視神経などを含む、ものを見る; 科:◆穀物の生産量や品質の良し悪しの程度を幾つかに区分し順に並べたもの、等級◆罪の軽重に従い量刑を定める、またそれを適用する(科する)◆分類し同等のものを一つに纏(
kk_着工_ちゃっこう,着工,ちゃっこう,着:◆目的や目標としている物事・場所などに届く、また達する、また到る、同「著」◆他のものに付く、同「著」◆き・る、衣服を身に付ける、同「著」◆火や明かりを点(つ)け; 工:◆物をつくる巧(たく)みな技(わざ)、また物づくりが巧みなさま◆できばえが精巧(セイコウ)なさま、同「㣉」◆匠(たくみ)、物をつくる技術・技能に秀(ひい)でた人,N1,mixed,kun+on~,,着:◆目的や目標としている物事・場所などに届く、また達する、また到る、同「著」◆他のものに付く、同「著」◆き・る、衣服を身に付ける、同「著」◆火や明かりを点(つ)け; 工:◆物をつくる巧(たく)みな技(わざ)、また物づくりが巧みなさま◆できばえが精巧(セイコウ)なさま、同「㣉」◆匠(たくみ)、物をつくる技術・技能に秀(ひい)でた人
kk_着席_ちゃくせき,着席,ちゃくせき,着:◆目的や目標としている物事・場所などに届く、また達する、また到る、同「著」◆他のものに付く、同「著」◆き・る、衣服を身に付ける、同「著」◆火や明かりを点(つ)け; 席:◆むしろ、竹や藁(わら、乾燥させた草の茎)を並べ紐(ひも)で編んだ敷物、人が座ったり横になったりするところに敷くもの、同「蓆」◆座るところ、居並ぶ時の座る位置◆,N1,on,on+on,B_noun_rad_巾(kun 93%),着:◆目的や目標としている物事・場所などに届く、また達する、また到る、同「著」◆他のものに付く、同「著」◆き・る、衣服を身に付ける、同「著」◆火や明かりを点(つ)け; 席:◆むしろ、竹や藁(わら、乾燥させた草の茎)を並べ紐(ひも)で編んだ敷物、人が座ったり横になったりするところに敷くもの、同「蓆」◆座るところ、居並ぶ時の座る位置◆
kk_着手_ちゃくしゅ,着手,ちゃくしゅ,着:◆目的や目標としている物事・場所などに届く、また達する、また到る、同「著」◆他のものに付く、同「著」◆き・る、衣服を身に付ける、同「著」◆火や明かりを点(つ)け; 手:◆体や物体の一部で、胴から分かれ出て伸び、持つ・握る・叩く・ものを作る・操作するなどの機能を持つ部分、掌(たなごころ)と指を合わせた全体、腕の先の部分 ◆自(み,N1,on,on+on,A3_short_compound(on+on 71%) | B_verb_rad_手(kun 80%),着:◆目的や目標としている物事・場所などに届く、また達する、また到る、同「著」◆他のものに付く、同「著」◆き・る、衣服を身に付ける、同「著」◆火や明かりを点(つ)け; 手:◆体や物体の一部で、胴から分かれ出て伸び、持つ・握る・叩く・ものを作る・操作するなどの機能を持つ部分、掌(たなごころ)と指を合わせた全体、腕の先の部分 ◆自(み
kk_着目_ちゃくもく,着目,ちゃくもく,着:◆目的や目標としている物事・場所などに届く、また達する、また到る、同「著」◆他のものに付く、同「著」◆き・る、衣服を身に付ける、同「著」◆火や明かりを点(つ)け; 目:◆眼(め、眼球ガンキュウ、黒目くろめ)・白目(しろめ、結膜ケツマク)・視神経などを含むものを見る器官全体、またその形状や様子や機能◆ものを見る、また見分ける◆眼,N1,on,on+on,,着:◆目的や目標としている物事・場所などに届く、また達する、また到る、同「著」◆他のものに付く、同「著」◆き・る、衣服を身に付ける、同「著」◆火や明かりを点(つ)け; 目:◆眼(め、眼球ガンキュウ、黒目くろめ)・白目(しろめ、結膜ケツマク)・視神経などを含むものを見る器官全体、またその形状や様子や機能◆ものを見る、また見分ける◆眼
kk_着色_ちゃくしょく,着色,ちゃくしょく,着:◆目的や目標としている物事・場所などに届く、また達する、また到る、同「著」◆他のものに付く、同「著」◆き・る、衣服を身に付ける、同「著」◆火や明かりを点(つ)け; 色:◆視覚によって認識するものの内、形状以外のもの、(特に顔の)表情、彩(いろどり)り、具合(ぐあい)、様子◆男女間の情欲(ジョウヨク)◆種類、二色=二種類◆いろ、,N1,on,on+on,,着:◆目的や目標としている物事・場所などに届く、また達する、また到る、同「著」◆他のものに付く、同「著」◆き・る、衣服を身に付ける、同「著」◆火や明かりを点(つ)け; 色:◆視覚によって認識するものの内、形状以外のもの、(特に顔の)表情、彩(いろどり)り、具合(ぐあい)、様子◆男女間の情欲(ジョウヨク)◆種類、二色=二種類◆いろ、
kk_着陸_ちゃくりく,着陸,ちゃくりく,着:◆目的や目標としている物事・場所などに届く、また達する、また到る、同「著」◆他のものに付く、同「著」◆き・る、衣服を身に付ける、同「著」◆火や明かりを点(つ)け; 陸:◆おか、くが、広い台地、土が厚く積み重なって水面より高くなったところ、水に覆われていない平らに広がる土地◆水に覆われていない土地、「陸路(りくろ)」◆途切れるこ,N1,on,on+on,,着:◆目的や目標としている物事・場所などに届く、また達する、また到る、同「著」◆他のものに付く、同「著」◆き・る、衣服を身に付ける、同「著」◆火や明かりを点(つ)け; 陸:◆おか、くが、広い台地、土が厚く積み重なって水面より高くなったところ、水に覆われていない平らに広がる土地◆水に覆われていない土地、「陸路(りくろ)」◆途切れるこ
kk_着飾る_きかざる,着飾る,きかざる,着:◆目的や目標としている物事・場所などに届く、また達する、また到る、同「著」◆他のものに付く、同「著」◆き・る、衣服を身に付ける、同「著」◆火や明かりを点(つ)け; 飾:◆表面(人の目に触れるところ)の汚れや不要なものを取り去って、また粗削りなところに手を加えて、美しくする、「修飾(シュウショク)」◆上から覆(おお)って美しく見,N1,kun,kun+kun,IL1_okurigana(kun 96%) | A1_compound_oku(kun 90%) | A1_on_kun_mix(on+kun 65%),着:◆目的や目標としている物事・場所などに届く、また達する、また到る、同「著」◆他のものに付く、同「著」◆き・る、衣服を身に付ける、同「著」◆火や明かりを点(つ)け; 飾:◆表面(人の目に触れるところ)の汚れや不要なものを取り去って、また粗削りなところに手を加えて、美しくする、「修飾(シュウショク)」◆上から覆(おお)って美しく見
kk_瞑る_つぶる,瞑る,つぶる,瞑:◆目を閉じる◆目を閉じていて見えない◆目を閉じて眠る、永眠する,N1,kun,kun,IL1_okurigana(kun 96%) | IL2_single_okuri(kun 96%),瞑:◆目を閉じる◆目を閉じていて見えない◆目を閉じて眠る、永眠する
kk_瞬き_まばたき,瞬き,まばたき,瞬:◆瞼(まぶた)を開閉する◆(まばたきすることで)意図や意思を伝える◆(まばたきのように)明かりが明滅する◆「一瞬(イッシュン)」、(まばたき一回程の)ほんの僅(,N1,kun,kun,IL1_okurigana(kun 96%) | IL2_single_okuri(kun 96%),瞬:◆瞼(まぶた)を開閉する◆(まばたきすることで)意図や意思を伝える◆(まばたきのように)明かりが明滅する◆「一瞬(イッシュン)」、(まばたき一回程の)ほんの僅(
kk_瞬く_またたく,瞬く,またたく,瞬:◆瞼(まぶた)を開閉する◆(まばたきすることで)意図や意思を伝える◆(まばたきのように)明かりが明滅する◆「一瞬(イッシュン)」、(まばたき一回程の)ほんの僅(,N1,kun,kun,IL1_okurigana(kun 96%) | IL2_single_okuri(kun 96%),瞬:◆瞼(まぶた)を開閉する◆(まばたきすることで)意図や意思を伝える◆(まばたきのように)明かりが明滅する◆「一瞬(イッシュン)」、(まばたき一回程の)ほんの僅(
kk_矢_や,矢,や,矢:◆弓を使って離れている獲物を仕留めるための棒状の武器、竹製の矢は特に「箭(セン)」という ◆まっすぐなさま、まっすぐに進むさま◆きっぱりと(ずばりと)言う、誓(,N1,kun,kun,IL2_single_default(kun 84%),矢:◆弓を使って離れている獲物を仕留めるための棒状の武器、竹製の矢は特に「箭(セン)」という ◆まっすぐなさま、まっすぐに進むさま◆きっぱりと(ずばりと)言う、誓(
kk_矢鱈_やたら,矢鱈,やたら,矢:◆弓を使って離れている獲物を仕留めるための棒状の武器、竹製の矢は特に「箭(セン)」という ◆まっすぐなさま、まっすぐに進むさま◆きっぱりと(ずばりと)言う、誓(; 鱈:◆タラ(鱈)、タラ科の海水魚、また同科の魚の総称,N1,kun,kun+kun~,A3_short_compound(on+on 71%) | B_noun_rad_魚(kun 93%),矢:◆弓を使って離れている獲物を仕留めるための棒状の武器、竹製の矢は特に「箭(セン)」という ◆まっすぐなさま、まっすぐに進むさま◆きっぱりと(ずばりと)言う、誓(; 鱈:◆タラ(鱈)、タラ科の海水魚、また同科の魚の総称
kk_知性_ちせい,知性,ちせい,知:◆(矢のように素早く、矢が的の中央に当たるように的確に)認識する、見定める、「察知(サッチ)」「知識(チシキ)」、「智」は「見知ったことを理解しその正邪を正しく; 性:◆生まれながらに持っている能力・性格・習癖・運命などの無形のもの◆男女・雄雌の別、男女間また雄雌間の本能的な関係◆物事が具えている資質や能力,N1,on,on+on,A3_short_compound(on+on 71%),知:◆(矢のように素早く、矢が的の中央に当たるように的確に)認識する、見定める、「察知(サッチ)」「知識(チシキ)」、「智」は「見知ったことを理解しその正邪を正しく; 性:◆生まれながらに持っている能力・性格・習癖・運命などの無形のもの◆男女・雄雌の別、男女間また雄雌間の本能的な関係◆物事が具えている資質や能力
kk_知的_ちてき,知的,ちてき,知:◆(矢のように素早く、矢が的の中央に当たるように的確に)認識する、見定める、「察知(サッチ)」「知識(チシキ)」、「智」は「見知ったことを理解しその正邪を正しく; 的:◆弓で矢を射(い)る時の目標とするもの、同「㢩」「墑」◆額(ひたい)の部分だけが白い馬、またその額の白い部分、女性が額に施(ほどこ)す(赤い点状の)装飾◆(弓の,N1,on,on+on,A3_short_compound(on+on 71%),知:◆(矢のように素早く、矢が的の中央に当たるように的確に)認識する、見定める、「察知(サッチ)」「知識(チシキ)」、「智」は「見知ったことを理解しその正邪を正しく; 的:◆弓で矢を射(い)る時の目標とするもの、同「㢩」「墑」◆額(ひたい)の部分だけが白い馬、またその額の白い部分、女性が額に施(ほどこ)す(赤い点状の)装飾◆(弓の
kk_知育_ちいく,知育,ちいく,知:◆(矢のように素早く、矢が的の中央に当たるように的確に)認識する、見定める、「察知(サッチ)」「知識(チシキ)」、「智」は「見知ったことを理解しその正邪を正しく; 育:◆(生まれたばかりの子「𠫓」に)栄養や知識などを与えて成長させる、養分を与えて生長させる◆古「毓」,N1,on,on+on,A3_short_compound(on+on 71%),知:◆(矢のように素早く、矢が的の中央に当たるように的確に)認識する、見定める、「察知(サッチ)」「知識(チシキ)」、「智」は「見知ったことを理解しその正邪を正しく; 育:◆(生まれたばかりの子「𠫓」に)栄養や知識などを与えて成長させる、養分を与えて生長させる◆古「毓」
kk_短波_たんぱ,短波,たんぱ,短:◆長さや時間が足りない、また足りていない、「短促(タンソク、短いさま、慌ただしいさま)」◆長くない、早い、小さい、少ない、「短世(タンセイ、早世すること)」◆足; 波:◆(水が撹拌されることによって)水面が上下に揺れ動きながら(うねりながら)流れるさま、またその動き、またその形、「【爾雅注疏:釋地】河水清且瀾漪大波為瀾…小波為,N1,other,mixed+mixed~,A3_short_compound(on+on 71%),短:◆長さや時間が足りない、また足りていない、「短促(タンソク、短いさま、慌ただしいさま)」◆長くない、早い、小さい、少ない、「短世(タンセイ、早世すること)」◆足; 波:◆(水が撹拌されることによって)水面が上下に揺れ動きながら(うねりながら)流れるさま、またその動き、またその形、「【爾雅注疏:釋地】河水清且瀾漪大波為瀾…小波為
kk_矯正_きょうせい,矯正,きょうせい,矯:◆(弓のように曲がっているものの)狂いや歪(ゆが)みを調整して本来の曲がり具合にする、本来の形に整える、正しい形に直(なお)す、同「撟」、「矯正(キョウセイ)」; 正:◆まっすぐなさま、曲がり・歪(ゆが)み・偏(かたよ)りなどがないさま◆他のものが雑(ま)じっていないさま、また混(ま)じっていないさま、また交(ま)じっていない,N1,on,on+on,,矯:◆(弓のように曲がっているものの)狂いや歪(ゆが)みを調整して本来の曲がり具合にする、本来の形に整える、正しい形に直(なお)す、同「撟」、「矯正(キョウセイ)」; 正:◆まっすぐなさま、曲がり・歪(ゆが)み・偏(かたよ)りなどがないさま◆他のものが雑(ま)じっていないさま、また混(ま)じっていないさま、また交(ま)じっていない
kk_砂利_じゃり,砂利,じゃり,砂:◆細かい粒状の石、同「沙」◆小さく硬い粒状のもの; 利:◆先が尖(とが)る、先が鋭(するど)く尖った刃物◆よく切れるさま、切れ味が良いさま、鋭いさま◆(よく切れる刃物のように)すぱっと、さっと、一気に◆(よく切れる刃,N1,other,mixed+mixed~,A3_short_compound(on+on 71%) | B_verb_rad_刀(kun 80%),砂:◆細かい粒状の石、同「沙」◆小さく硬い粒状のもの; 利:◆先が尖(とが)る、先が鋭(するど)く尖った刃物◆よく切れるさま、切れ味が良いさま、鋭いさま◆(よく切れる刃物のように)すぱっと、さっと、一気に◆(よく切れる刃
kk_研ぐ_とぐ,研ぐ,とぐ,研:◆(石を使って)磨(みが)く、擦(こす)って表面を平らにする、同「揅」◆硯(すずり)、硯で墨を磨(す)る◆技術や学問に磨きをかける、またより深く究める、同「揅」,N1,kun,kun,IL1_okurigana(kun 96%) | IL2_single_okuri(kun 96%),研:◆(石を使って)磨(みが)く、擦(こす)って表面を平らにする、同「揅」◆硯(すずり)、硯で墨を磨(す)る◆技術や学問に磨きをかける、またより深く究める、同「揅」
kk_破局_はきょく,破局,はきょく,破:◆石を砕(くだ)く◆壊(こわ)す、壊れる、本来の形や状態でなくなる◆限界(区切りとなる線や面)を突き抜ける、突いて穴をあける◆敵の防御線を突き抜ける、敵を打ち負; 局:◆周りが囲まれ区切られた部分や場所◆限定された一部分、狭い範囲◆曲げる、曲げて縮こまる、「狭いところに押し込められている」の意◆将棋などの盤、また形勢・情勢、「,N1,on,on+on,A3_short_compound(on+on 71%),破:◆石を砕(くだ)く◆壊(こわ)す、壊れる、本来の形や状態でなくなる◆限界(区切りとなる線や面)を突き抜ける、突いて穴をあける◆敵の防御線を突き抜ける、敵を打ち負; 局:◆周りが囲まれ区切られた部分や場所◆限定された一部分、狭い範囲◆曲げる、曲げて縮こまる、「狭いところに押し込められている」の意◆将棋などの盤、また形勢・情勢、「
kk_破損_はそん,破損,はそん,破:◆石を砕(くだ)く◆壊(こわ)す、壊れる、本来の形や状態でなくなる◆限界(区切りとなる線や面)を突き抜ける、突いて穴をあける◆敵の防御線を突き抜ける、敵を打ち負; 損:◆減らす、失う、失(しっ)する、欠ける、傷付ける、貶(おとし)める、貶(けな)す、価値が低下したり状態が悪化したりすることを指す,N1,on,on+on,A3_short_compound(on+on 71%) | B_verb_rad_手(kun 80%),破:◆石を砕(くだ)く◆壊(こわ)す、壊れる、本来の形や状態でなくなる◆限界(区切りとなる線や面)を突き抜ける、突いて穴をあける◆敵の防御線を突き抜ける、敵を打ち負; 損:◆減らす、失う、失(しっ)する、欠ける、傷付ける、貶(おとし)める、貶(けな)す、価値が低下したり状態が悪化したりすることを指す
kk_破棄_はき,破棄,はき,破:◆石を砕(くだ)く◆壊(こわ)す、壊れる、本来の形や状態でなくなる◆限界(区切りとなる線や面)を突き抜ける、突いて穴をあける◆敵の防御線を突き抜ける、敵を打ち負; 棄:◆捨(す)てる、投げ捨てる、放(ほう)り出す◆忘れ去る,N1,on,on+on,A3_short_compound(on+on 71%) | B_noun_rad_木(kun 93%),破:◆石を砕(くだ)く◆壊(こわ)す、壊れる、本来の形や状態でなくなる◆限界(区切りとなる線や面)を突き抜ける、突いて穴をあける◆敵の防御線を突き抜ける、敵を打ち負; 棄:◆捨(す)てる、投げ捨てる、放(ほう)り出す◆忘れ去る
kk_破綻_はたん,破綻,はたん,破:◆石を砕(くだ)く◆壊(こわ)す、壊れる、本来の形や状態でなくなる◆限界(区切りとなる線や面)を突き抜ける、突いて穴をあける◆敵の防御線を突き抜ける、敵を打ち負; 綻:◆衣服が破れる、解(ほど)けて中が見える、裂けて中が露(あらわ)になる◆蕾が開く,N1,on,on+on,A3_short_compound(on+on 71%),破:◆石を砕(くだ)く◆壊(こわ)す、壊れる、本来の形や状態でなくなる◆限界(区切りとなる線や面)を突き抜ける、突いて穴をあける◆敵の防御線を突き抜ける、敵を打ち負; 綻:◆衣服が破れる、解(ほど)けて中が見える、裂けて中が露(あらわ)になる◆蕾が開く
kk_破裂_はれつ,破裂,はれつ,破:◆石を砕(くだ)く◆壊(こわ)す、壊れる、本来の形や状態でなくなる◆限界(区切りとなる線や面)を突き抜ける、突いて穴をあける◆敵の防御線を突き抜ける、敵を打ち負; 裂:◆きれ、裁断した後に残る布、端切れ(はぎれ)◆破(やぶ)ける、綻(ほころ)び破れる◆さ・く、二つに切り割(さ)く、裂け目が平滑ではないもの、同「列」,N1,on,on+on,A3_short_compound(on+on 71%),破:◆石を砕(くだ)く◆壊(こわ)す、壊れる、本来の形や状態でなくなる◆限界(区切りとなる線や面)を突き抜ける、突いて穴をあける◆敵の防御線を突き抜ける、敵を打ち負; 裂:◆きれ、裁断した後に残る布、端切れ(はぎれ)◆破(やぶ)ける、綻(ほころ)び破れる◆さ・く、二つに切り割(さ)く、裂け目が平滑ではないもの、同「列」
kk_碌（に）_ろく（に）,碌（に）,ろく（に）,碌:◆小石がごろごろしているさま、「碌䃚(ロクシュク)」◆「碌碌(ロクロク)」◇小石がごろごろしているさま◇平凡なさま、凡庸(ボンヨウ)なさま◇「ごろごろ」と回転す,N1,on,on,IL1_okurigana(kun 96%) | IL2_single_okuri(kun 96%),碌:◆小石がごろごろしているさま、「碌䃚(ロクシュク)」◆「碌碌(ロクロク)」◇小石がごろごろしているさま◇平凡なさま、凡庸(ボンヨウ)なさま◇「ごろごろ」と回転す
kk_確たる_かくたる,確たる,かくたる,確:◆石のように堅(かた)い、堅くしっかりとしていて揺るぎがない◆間違いない◆簡「确」,N1,on,on,IL1_okurigana(kun 96%) | IL2_single_okuri(kun 96%),確:◆石のように堅(かた)い、堅くしっかりとしていて揺るぎがない◆間違いない◆簡「确」
kk_確保_かくほ,確保,かくほ,確:◆石のように堅(かた)い、堅くしっかりとしていて揺るぎがない◆間違いない◆簡「确」; 保:◆(子供などを)大切に守り育てる、「保護(ホゴ)」◆傍(そば)に付き添い助け守る、「保母(ホボ)」、傍に付き添いながら助言・教育する、「太保(タイホ、古代の官職,N1,on,on+on,A3_short_compound(on+on 71%),確:◆石のように堅(かた)い、堅くしっかりとしていて揺るぎがない◆間違いない◆簡「确」; 保:◆(子供などを)大切に守り育てる、「保護(ホゴ)」◆傍(そば)に付き添い助け守る、「保母(ホボ)」、傍に付き添いながら助言・教育する、「太保(タイホ、古代の官職
kk_確信_かくしん,確信,かくしん,確:◆石のように堅(かた)い、堅くしっかりとしていて揺るぎがない◆間違いない◆簡「确」; 信:◆誠実なさま、嘘偽りがないさま、言ったことを違(たが)えないさま◆確かであるとして疑わない、一点の疑いもない、「信用する」の意◆確かな、間違いない、確かに、本当,N1,on,on+on,,確:◆石のように堅(かた)い、堅くしっかりとしていて揺るぎがない◆間違いない◆簡「确」; 信:◆誠実なさま、嘘偽りがないさま、言ったことを違(たが)えないさま◆確かであるとして疑わない、一点の疑いもない、「信用する」の意◆確かな、間違いない、確かに、本当
kk_確定_かくてい,確定,かくてい,確:◆石のように堅(かた)い、堅くしっかりとしていて揺るぎがない◆間違いない◆簡「确」; 定:◆さだ・まる、動きや乱れが鎮(しず)まって変化・変動しない状態になる、平静になる、落ち着く、「鎮定(チンテイ)」◆さだ・める、動いたり揺らいだりしない状態にする,N1,on,on+on,B_noun_rad_宀(kun 93%),確:◆石のように堅(かた)い、堅くしっかりとしていて揺るぎがない◆間違いない◆簡「确」; 定:◆さだ・まる、動きや乱れが鎮(しず)まって変化・変動しない状態になる、平静になる、落ち着く、「鎮定(チンテイ)」◆さだ・める、動いたり揺らいだりしない状態にする
kk_確立_かくりつ,確立,かくりつ,確:◆石のように堅(かた)い、堅くしっかりとしていて揺るぎがない◆間違いない◆簡「确」; 立:◆地(チ、地面、土台、基盤)に足を着け垂直にする、また垂直になる、地から上に向かって伸ばす、また伸びる◆しっかりとした土台を築いてその上にものを作り上げて行く、,N1,on,on+on,,確:◆石のように堅(かた)い、堅くしっかりとしていて揺るぎがない◆間違いない◆簡「确」; 立:◆地(チ、地面、土台、基盤)に足を着け垂直にする、また垂直になる、地から上に向かって伸ばす、また伸びる◆しっかりとした土台を築いてその上にものを作り上げて行く、
kk_磨り潰す/擂り潰す_すりつぶす,磨り潰す/擂り潰す,すりつぶす,磨:◆研(みが)く、擦(こす)り合わせる、石や玉(ギョク、大変美しい石)を擦って形を整える、また表面を滑らかにする◆石臼(いしうす)、回転させながら穀物などを粉砕す; 潰:◆堤防が崩れる、崩れて水が漏(も)れ出る◆外に溢(あふ)れ出た(漏れ出た)水が流れる、同「洚」◆崩れて元の形を成さなくなる、崩れて散り散りになる◆体の組織が爛(; 擂:◆す・る、磨(す)り潰す、石臼をごろごろと挽(ひ)く◆どんどんと鼓を打つ、同「攂」,N1,kun,kun+kun+kun+kun~,IL1_okurigana(kun 96%) | A1_compound_oku(kun 90%) | A1_on_kun_mix(on+kun 65%),磨:◆研(みが)く、擦(こす)り合わせる、石や玉(ギョク、大変美しい石)を擦って形を整える、また表面を滑らかにする◆石臼(いしうす)、回転させながら穀物などを粉砕す; 潰:◆堤防が崩れる、崩れて水が漏(も)れ出る◆外に溢(あふ)れ出た(漏れ出た)水が流れる、同「洚」◆崩れて元の形を成さなくなる、崩れて散り散りになる◆体の組織が爛(; 擂:◆す・る、磨(す)り潰す、石臼をごろごろと挽(ひ)く◆どんどんと鼓を打つ、同「攂」
kk_示唆_しさ,示唆,しさ,示:◆(天上の神が地上のものに齎す物事の意思・意図を)はっきりと分かるように目の前に出して見せる、また見せて知らしめる、同「視」◆しめす、しめすへん、部首名; 唆:◆そそのか・す、嗾(けしか)けて悪いことをさせようとする◆「囉唆(ラサ)」、話が回りくどい、話がくどく鬱陶(ウットウ)しい,N1,on,on+on,A3_short_compound(on+on 71%),示:◆(天上の神が地上のものに齎す物事の意思・意図を)はっきりと分かるように目の前に出して見せる、また見せて知らしめる、同「視」◆しめす、しめすへん、部首名; 唆:◆そそのか・す、嗾(けしか)けて悪いことをさせようとする◆「囉唆(ラサ)」、話が回りくどい、話がくどく鬱陶(ウットウ)しい
kk_社交_しゃこう,社交,しゃこう,"社:◆土地の神、土地の神を祀った所◆同種また同じ目的を持つ人から成る集まり; 交:◆形や状態などが""＋Ｘ""字形(交差する)ような形になるさま、違う方向から進んできたものが一点で出会うさま、交叉(コウサ)するさま、同「䢒」◆互いに行き来し合う、",N1,on,on+on,A3_short_compound(on+on 71%),"社:◆土地の神、土地の神を祀った所◆同種また同じ目的を持つ人から成る集まり; 交:◆形や状態などが""＋Ｘ""字形(交差する)ような形になるさま、違う方向から進んできたものが一点で出会うさま、交叉(コウサ)するさま、同「䢒」◆互いに行き来し合う、"
kk_祝賀_しゅくが,祝賀,しゅくが,祝:◆神前で祈祷(キトウ)する、神に申し上げる、またその言葉、またその人◆「巫祝(フシュク)」、祭祀(サイシ)などの神事を司(つかさど)る人◆人に幸い・喜びを賜りま; 賀:◆品物を贈り祝福する、また祝福の言葉を述べる、「祝賀(シュクガ)」◆荷物を馬や牛の背に載せる,N1,on,on+on,A3_short_compound(on+on 71%),祝:◆神前で祈祷(キトウ)する、神に申し上げる、またその言葉、またその人◆「巫祝(フシュク)」、祭祀(サイシ)などの神事を司(つかさど)る人◆人に幸い・喜びを賜りま; 賀:◆品物を贈り祝福する、また祝福の言葉を述べる、「祝賀(シュクガ)」◆荷物を馬や牛の背に載せる
kk_神秘_しんぴ,神秘,しんぴ,神:◆人の力や理解が及ばない現象を引き起こすと考えられたもの、不思議なはたらきをするもの◆心(こころ)、魂(コン、たましい、思考や感情など); 秘:◆外から見えない、人目に触れない、またそのようににする◆奥が深く人知では伺い知れない、滅多に目にすることができない,N1,other,mixed+mixed~,A3_short_compound(on+on 71%),神:◆人の力や理解が及ばない現象を引き起こすと考えられたもの、不思議なはたらきをするもの◆心(こころ)、魂(コン、たましい、思考や感情など); 秘:◆外から見えない、人目に触れない、またそのようににする◆奥が深く人知では伺い知れない、滅多に目にすることができない
kk_神経質_しんけいしつ,神経質,しんけいしつ,神:◆人の力や理解が及ばない現象を引き起こすと考えられたもの、不思議なはたらきをするもの◆心(こころ)、魂(コン、たましい、思考や感情など); 経:◆たていと、布の縦方向の糸、横は「緯」◆南北の方向、東西は「緯」◆筋道、筋が通っている◆筋が通っていて変わることがない、常に◆どんな場合も変わることがない方向や; 質:◆本来の、元々(もともと)の、「本質(ホンシツ)」◆本来のままであるさま、素(す)のままであるさま、「質素(シッソ)」◆そのものが持つ本来の価値や中身、また性格,N1,on,on+on+on,A4_multi_on(on+on+on 65%),神:◆人の力や理解が及ばない現象を引き起こすと考えられたもの、不思議なはたらきをするもの◆心(こころ)、魂(コン、たましい、思考や感情など); 経:◆たていと、布の縦方向の糸、横は「緯」◆南北の方向、東西は「緯」◆筋道、筋が通っている◆筋が通っていて変わることがない、常に◆どんな場合も変わることがない方向や; 質:◆本来の、元々(もともと)の、「本質(ホンシツ)」◆本来のままであるさま、素(す)のままであるさま、「質素(シッソ)」◆そのものが持つ本来の価値や中身、また性格
kk_禁物_きんもつ,禁物,きんもつ,禁:◆吉凶(キッキョウ)の忌(キ)、忌(い)み避ける◆止(と)める、押し止(とど)める、制(セイ)する◆戒(いまし)める、慎(つつし)む、「軽々とした行いを禁じる」; 物:◆(天地の間に存在する)人以外の形のあるもの、人は「者」、形のないものは「事」,N1,on,on+on,B_noun_rad_牛(kun 93%),禁:◆吉凶(キッキョウ)の忌(キ)、忌(い)み避ける◆止(と)める、押し止(とど)める、制(セイ)する◆戒(いまし)める、慎(つつし)む、「軽々とした行いを禁じる」; 物:◆(天地の間に存在する)人以外の形のあるもの、人は「者」、形のないものは「事」
kk_福利_ふくり,福利,ふくり,福:◆天や神から授(さず)かる豊かな恵み、幸せ◆満ち足りた、豊かな、ふくよかな; 利:◆先が尖(とが)る、先が鋭(するど)く尖った刃物◆よく切れるさま、切れ味が良いさま、鋭いさま◆(よく切れる刃物のように)すぱっと、さっと、一気に◆(よく切れる刃,N1,on,on+on,A3_short_compound(on+on 71%) | B_verb_rad_刀(kun 80%),福:◆天や神から授(さず)かる豊かな恵み、幸せ◆満ち足りた、豊かな、ふくよかな; 利:◆先が尖(とが)る、先が鋭(するど)く尖った刃物◆よく切れるさま、切れ味が良いさま、鋭いさま◆(よく切れる刃物のように)すぱっと、さっと、一気に◆(よく切れる刃
kk_禿げる_はげる,禿げる,はげる,禿:◆髪が(毛が)ないさま、髪が(毛が)抜け落ちているさま◆草木の枝葉が散り落ちているさま、草木が生えていないさま◆何も被(かぶ)っていないさま、覆(おお)うものが,N1,kun,kun,IL1_okurigana(kun 96%) | IL2_single_okuri(kun 96%),禿:◆髪が(毛が)ないさま、髪が(毛が)抜け落ちているさま◆草木の枝葉が散り落ちているさま、草木が生えていないさま◆何も被(かぶ)っていないさま、覆(おお)うものが
kk_私情_しじょう,私情,しじょう,私:◆自分、某(それがし)◆自分自身の、自分や自分の身内や自分の知り合いだけの、個人的な、公(おおやけ)でない◆公のことを顧(かえり)みずに自分の利益だけを優先する; 情:◆物事(特に他の人)からの働き掛けで起こる喜怒哀楽愛好悪欲などの心の動き、「感情(カンジョウ)」◆他に寄せる思い、「愛情(アイジョウ)」◆異性に寄せる思い、好意,N1,on,on+on,A3_short_compound(on+on 71%),私:◆自分、某(それがし)◆自分自身の、自分や自分の身内や自分の知り合いだけの、個人的な、公(おおやけ)でない◆公のことを顧(かえり)みずに自分の利益だけを優先する; 情:◆物事(特に他の人)からの働き掛けで起こる喜怒哀楽愛好悪欲などの心の動き、「感情(カンジョウ)」◆他に寄せる思い、「愛情(アイジョウ)」◆異性に寄せる思い、好意
kk_私物_しぶつ,私物,しぶつ,私:◆自分、某(それがし)◆自分自身の、自分や自分の身内や自分の知り合いだけの、個人的な、公(おおやけ)でない◆公のことを顧(かえり)みずに自分の利益だけを優先する; 物:◆(天地の間に存在する)人以外の形のあるもの、人は「者」、形のないものは「事」,N1,on,on+on,A3_short_compound(on+on 71%) | B_noun_rad_牛(kun 93%),私:◆自分、某(それがし)◆自分自身の、自分や自分の身内や自分の知り合いだけの、個人的な、公(おおやけ)でない◆公のことを顧(かえり)みずに自分の利益だけを優先する; 物:◆(天地の間に存在する)人以外の形のあるもの、人は「者」、形のないものは「事」
kk_私用_しよう,私用,しよう,私:◆自分、某(それがし)◆自分自身の、自分や自分の身内や自分の知り合いだけの、個人的な、公(おおやけ)でない◆公のことを顧(かえり)みずに自分の利益だけを優先する; 用:◆人や物、或いはその特性や能力を使う、また使ってあることを行う、また役立たせる◆働かせる、発揮させる、またそのために必要な特性・能力・金銭など◆以(もっ)て◆[,N1,on,on+on,A3_short_compound(on+on 71%),私:◆自分、某(それがし)◆自分自身の、自分や自分の身内や自分の知り合いだけの、個人的な、公(おおやけ)でない◆公のことを顧(かえり)みずに自分の利益だけを優先する; 用:◆人や物、或いはその特性や能力を使う、また使ってあることを行う、また役立たせる◆働かせる、発揮させる、またそのために必要な特性・能力・金銭など◆以(もっ)て◆[
kk_秋晴れ_あきばれ,秋晴れ,あきばれ,秋:◆穀物の実が成熟して収穫する季節◆物事に取り掛かる時、機が熟す重要な時、大切な時期; 晴:◆(雨や雪が止んで)雲がなくなる、雲がなく空が澄み渡る、同「夝」「暒」,N1,other,mixed+mixed~,IL1_okurigana(kun 96%) | A1_compound_oku(kun 90%) | A1_on_kun_mix(on+kun 65%),秋:◆穀物の実が成熟して収穫する季節◆物事に取り掛かる時、機が熟す重要な時、大切な時期; 晴:◆(雨や雪が止んで)雲がなくなる、雲がなく空が澄み渡る、同「夝」「暒」
kk_秘める_ひめる,秘める,ひめる,秘:◆外から見えない、人目に触れない、またそのようににする◆奥が深く人知では伺い知れない、滅多に目にすることができない,N1,kun,kun,IL1_okurigana(kun 96%) | IL2_single_okuri(kun 96%),秘:◆外から見えない、人目に触れない、またそのようににする◆奥が深く人知では伺い知れない、滅多に目にすることができない
kk_称する_しょうする,称する,しょうする,称:◆ものの重さを量(はか)る、同「秤」「銓」◆釣り合う、釣り合いが取れる◆挙(あ)げる、高く上げる、同「偁」◆褒(ほ)める、褒め称(たた)える、持ち上げる、同「偁,N1,on,on,IL1_okurigana(kun 96%) | IL2_single_okuri(kun 96%),称:◆ものの重さを量(はか)る、同「秤」「銓」◆釣り合う、釣り合いが取れる◆挙(あ)げる、高く上げる、同「偁」◆褒(ほ)める、褒め称(たた)える、持ち上げる、同「偁
kk_移り変わり_うつりかわり,移り変わり,うつりかわり,移:◆位置がずれる、次へ次へと位置や状況などが変わって行く◆ものを今あるところから別のところに動かす、また動く、位置を変える、位置が変わる、同「迻」「徙」「乁」◆次; 変:◆これまでとは違ったものになる、また改まる、これまでとは違ったものにする、また改める、まだ元の様子が分かる程度の変化・全体の中の一部だけの変化を指し、全く別のも,N1,kun,kun+kun~,IL1_okurigana(kun 96%) | A1_compound_oku(kun 90%) | A1_on_kun_mix(on+kun 65%),移:◆位置がずれる、次へ次へと位置や状況などが変わって行く◆ものを今あるところから別のところに動かす、また動く、位置を変える、位置が変わる、同「迻」「徙」「乁」◆次; 変:◆これまでとは違ったものになる、また改まる、これまでとは違ったものにする、また改める、まだ元の様子が分かる程度の変化・全体の中の一部だけの変化を指し、全く別のも
kk_移住_いじゅう,移住,いじゅう,移:◆位置がずれる、次へ次へと位置や状況などが変わって行く◆ものを今あるところから別のところに動かす、また動く、位置を変える、位置が変わる、同「迻」「徙」「乁」◆次; 住:◆同じ場所に長期間に亘(わた)って留(とど)まる◆場所を定めて生活する、またその居所(きょしょ、いどころ)◆動詞の後に置いて「同じ場所や状態に留(とど)まる、同,N1,on,on+on,A3_short_compound(on+on 71%),移:◆位置がずれる、次へ次へと位置や状況などが変わって行く◆ものを今あるところから別のところに動かす、また動く、位置を変える、位置が変わる、同「迻」「徙」「乁」◆次; 住:◆同じ場所に長期間に亘(わた)って留(とど)まる◆場所を定めて生活する、またその居所(きょしょ、いどころ)◆動詞の後に置いて「同じ場所や状態に留(とど)まる、同
kk_移植_いしょく,移植,いしょく,移:◆位置がずれる、次へ次へと位置や状況などが変わって行く◆ものを今あるところから別のところに動かす、また動く、位置を変える、位置が変わる、同「迻」「徙」「乁」◆次; 植:◆草木の根を土中に埋めて茎(ケイ、くき)や幹(カン、みき)の部分をまっすぐに立たせる◆まっすぐに立てる、しっかりと立てる、しっかりと据(す)える、同「樹」「置」,N1,on,on+on,A3_short_compound(on+on 71%) | B_noun_rad_木(kun 93%),移:◆位置がずれる、次へ次へと位置や状況などが変わって行く◆ものを今あるところから別のところに動かす、また動く、位置を変える、位置が変わる、同「迻」「徙」「乁」◆次; 植:◆草木の根を土中に埋めて茎(ケイ、くき)や幹(カン、みき)の部分をまっすぐに立たせる◆まっすぐに立てる、しっかりと立てる、しっかりと据(す)える、同「樹」「置」
kk_移籍_いせき,移籍,いせき,移:◆位置がずれる、次へ次へと位置や状況などが変わって行く◆ものを今あるところから別のところに動かす、また動く、位置を変える、位置が変わる、同「迻」「徙」「乁」◆次; 籍:◆書物、文書◆人(家族・家族関係・居住所など)や土地(場所・位置・所有者など)などの明細を記録した文書、所属や所有関係を記した文書◆「門籍(モンセキ)」、その人,N1,on,on+on,A3_short_compound(on+on 71%) | B_noun_rad_竹(kun 93%),移:◆位置がずれる、次へ次へと位置や状況などが変わって行く◆ものを今あるところから別のところに動かす、また動く、位置を変える、位置が変わる、同「迻」「徙」「乁」◆次; 籍:◆書物、文書◆人(家族・家族関係・居住所など)や土地(場所・位置・所有者など)などの明細を記録した文書、所属や所有関係を記した文書◆「門籍(モンセキ)」、その人
kk_移行_いこう,移行,いこう,移:◆位置がずれる、次へ次へと位置や状況などが変わって行く◆ものを今あるところから別のところに動かす、また動く、位置を変える、位置が変わる、同「迻」「徙」「乁」◆次; 行:◆左足を前に出し(彳)次に右足を前に出す(亍)、足を交互に動かして前に進む◆目的とするところに向かって進む◆遠くに出掛ける、旅に出る◆道、人が往来する道路、同「,N1,on,on+on,A3_short_compound(on+on 71%),移:◆位置がずれる、次へ次へと位置や状況などが変わって行く◆ものを今あるところから別のところに動かす、また動く、位置を変える、位置が変わる、同「迻」「徙」「乁」◆次; 行:◆左足を前に出し(彳)次に右足を前に出す(亍)、足を交互に動かして前に進む◆目的とするところに向かって進む◆遠くに出掛ける、旅に出る◆道、人が往来する道路、同「
kk_税務署_ぜいむしょ,税務署,ぜいむしょ,税:◆国や領主に納める収穫物や金銭、租(田畑などからの収穫物)・庸(労役)・調(穀物以外の布などの現物)の総称◆収穫物や商売などによって得た利益の一部を(税として); 務:◆成すべきこと、ひたすら力を注(そそ)ぐべきこと◆努(つと)める、成すべきことにひたすら力を尽くす、同「敄」◆強(し)いて、押して、無理にでも; 署:◆役目を与えて人を配置する、「部署(ブショ)」◆共通の役割毎に纏(まと)めた組織、役所、役人が執務する所◆書く、書き記(しる)す、「署名(ショメイ)」,N1,on,on+on+on,A4_multi_on(on+on+on 65%) | B_verb_rad_力(kun 80%),税:◆国や領主に納める収穫物や金銭、租(田畑などからの収穫物)・庸(労役)・調(穀物以外の布などの現物)の総称◆収穫物や商売などによって得た利益の一部を(税として); 務:◆成すべきこと、ひたすら力を注(そそ)ぐべきこと◆努(つと)める、成すべきことにひたすら力を尽くす、同「敄」◆強(し)いて、押して、無理にでも; 署:◆役目を与えて人を配置する、「部署(ブショ)」◆共通の役割毎に纏(まと)めた組織、役所、役人が執務する所◆書く、書き記(しる)す、「署名(ショメイ)」
kk_種々_しゅじゅ,種々,しゅじゅ,種:◆(植物が)生長し実を結ぶ元になるもの、またそれを植え付ける、またそれを蒔(ま)く◆起源を同じにするもの、共通性のあるもの、またその集まり◆簡「种」,N1,on,on,IL2_single_default(kun 84%),種:◆(植物が)生長し実を結ぶ元になるもの、またそれを植え付ける、またそれを蒔(ま)く◆起源を同じにするもの、共通性のあるもの、またその集まり◆簡「种」
kk_稲光_いなびかり,稲光,いなびかり,稲:◆イネ(稲)、イネ科イネ属の穀物、また同科同属の植物の称、その実を「米」(中国では「大米」)という; 光:◆明かるく輝(かがや)く、きらきらと輝(かがや)く◆辺りを明るく照らすさま、同「炚」「炛」◆(光り輝き)美しい◆景色(ケシキ)、「風光(フウコウ)」◆(四方に光,N1,other,mixed+mixed~,,稲:◆イネ(稲)、イネ科イネ属の穀物、また同科同属の植物の称、その実を「米」(中国では「大米」)という; 光:◆明かるく輝(かがや)く、きらきらと輝(かがや)く◆辺りを明るく照らすさま、同「炚」「炛」◆(光り輝き)美しい◆景色(ケシキ)、「風光(フウコウ)」◆(四方に光
kk_稼働/稼動_かどう,稼働/稼動,かどう,稼:◆穀物の種を蒔(ま)く◆穀物の実、穀物◆「稼穡(カショウ)」◇種を蒔き収穫すること◇農作業、農業◆[日]働いて収入(銭や物)を得る; 働:◆[日]仕事をする◆[日]他に対して作用する◆俗「仂」、但し和製の簡体字で、中国で「仂」は、「働く」の義はない; 稼:◆穀物の種を蒔(ま)く◆穀物の実、穀物◆「稼穡(カショウ)」◇種を蒔き収穫すること◇農作業、農業◆[日]働いて収入(銭や物)を得る,N1,on,on+on+on+on~,A4_multi_on(on+on+on+on 65%) | B_verb_rad_力(kun 80%),稼:◆穀物の種を蒔(ま)く◆穀物の実、穀物◆「稼穡(カショウ)」◇種を蒔き収穫すること◇農作業、農業◆[日]働いて収入(銭や物)を得る; 働:◆[日]仕事をする◆[日]他に対して作用する◆俗「仂」、但し和製の簡体字で、中国で「仂」は、「働く」の義はない; 稼:◆穀物の種を蒔(ま)く◆穀物の実、穀物◆「稼穡(カショウ)」◇種を蒔き収穫すること◇農作業、農業◆[日]働いて収入(銭や物)を得る
kk_穂_ほ,穂,ほ,穂:◆長い茎の先に多数の花実が並ぶように付いたもの、またそのような形◆[日]筆や槍などの尖っているものの先,N1,kun,kun,IL2_single_default(kun 84%),穂:◆長い茎の先に多数の花実が並ぶように付いたもの、またそのような形◆[日]筆や槍などの尖っているものの先
kk_穴埋め_あなうめ,穴埋め,あなうめ,"穴:◆土や岩などの""⊂""字状に窪(くぼ)んだ空間、窟(いわや)、またそのような地形また形、反対側に突き抜けないもの、「洞穴(ドウケツ)」、突き抜けているものは「孔」; 埋:◆ものを中に入れて塞(ふさ)ぐ、土などで覆(おお)って外から見えなくする、「埋葬(マイソウ)」、同「薶」",N1,kun,kun+kun,IL1_okurigana(kun 96%) | A1_compound_oku(kun 90%) | A1_on_kun_mix(on+kun 65%),"穴:◆土や岩などの""⊂""字状に窪(くぼ)んだ空間、窟(いわや)、またそのような地形また形、反対側に突き抜けないもの、「洞穴(ドウケツ)」、突き抜けているものは「孔」; 埋:◆ものを中に入れて塞(ふさ)ぐ、土などで覆(おお)って外から見えなくする、「埋葬(マイソウ)」、同「薶」"
kk_究める_きわめる,究める,きわめる,究:◆極める、奥深い穴の突き当たりまで行く、極まる、突き当たりまで行き着く◆窮(きわ)める、(奥深い穴の)隅々まで調べ尽くす◆とどのつまり、結局,N1,kun,kun,IL1_okurigana(kun 96%) | IL2_single_okuri(kun 96%),究:◆極める、奥深い穴の突き当たりまで行く、極まる、突き当たりまで行き着く◆窮(きわ)める、(奥深い穴の)隅々まで調べ尽くす◆とどのつまり、結局
kk_究明_きゅうめい,究明,きゅうめい,究:◆極める、奥深い穴の突き当たりまで行く、極まる、突き当たりまで行き着く◆窮(きわ)める、(奥深い穴の)隅々まで調べ尽くす◆とどのつまり、結局; 明:◆(太陽や月の)光が差す、光が当たる、光を当てる◆光が当たってはっきりと見える(分かる)、誰の目にもはっきりとしている、はっきりとさせる◆隠されたところ(陰にな,N1,on,on+on,,究:◆極める、奥深い穴の突き当たりまで行く、極まる、突き当たりまで行き着く◆窮(きわ)める、(奥深い穴の)隅々まで調べ尽くす◆とどのつまり、結局; 明:◆(太陽や月の)光が差す、光が当たる、光を当てる◆光が当たってはっきりと見える(分かる)、誰の目にもはっきりとしている、はっきりとさせる◆隠されたところ(陰にな
kk_究極/窮極_きゅうきょく,究極/窮極,きゅうきょく,究:◆極める、奥深い穴の突き当たりまで行く、極まる、突き当たりまで行き着く◆窮(きわ)める、(奥深い穴の)隅々まで調べ尽くす◆とどのつまり、結局; 極:◆屋根の棟(むね)、最も高いところ、またそこに渡した木、棟木(むなぎ)◆頂点、先端◆これ以上はない、それより先はない、またそこに達する◆究(きわ)まる、尽(つ); 窮:◆限界まで行き着く、これ以上はない(それより先はない)ところまで行き着く、極(きわ)まる◆行き詰る、行き詰まって身動きができない,N1,on,on+on+on+on~,A4_multi_on(on+on+on+on 65%) | B_noun_rad_木(kun 93%) | B_noun_rad_木(kun 93%),究:◆極める、奥深い穴の突き当たりまで行く、極まる、突き当たりまで行き着く◆窮(きわ)める、(奥深い穴の)隅々まで調べ尽くす◆とどのつまり、結局; 極:◆屋根の棟(むね)、最も高いところ、またそこに渡した木、棟木(むなぎ)◆頂点、先端◆これ以上はない、それより先はない、またそこに達する◆究(きわ)まる、尽(つ); 窮:◆限界まで行き着く、これ以上はない(それより先はない)ところまで行き着く、極(きわ)まる◆行き詰る、行き詰まって身動きができない
kk_空き巣_あきす,空き巣,あきす,空:◆(中に)何もない、何も含まれていない、虚(うつ)ろなさま◆何もないところ、天と地の間(あいだ); 巣:◆木の上に作られた栖(す、鳥の巣)、動物の凹状・穴状の住処(すみか)、またそれを造る◆(他からは見えにくい、探しにくい)特に悪人などの住処、隠れ家(が)◆「巣菜,N1,kun,kun+kun~,IL1_okurigana(kun 96%) | A1_compound_oku(kun 90%) | A1_on_kun_mix(on+kun 65%),空:◆(中に)何もない、何も含まれていない、虚(うつ)ろなさま◆何もないところ、天と地の間(あいだ); 巣:◆木の上に作られた栖(す、鳥の巣)、動物の凹状・穴状の住処(すみか)、またそれを造る◆(他からは見えにくい、探しにくい)特に悪人などの住処、隠れ家(が)◆「巣菜
kk_空しい/虚しい_むなしい,空しい/虚しい,むなしい,空:◆(中に)何もない、何も含まれていない、虚(うつ)ろなさま◆何もないところ、天と地の間(あいだ); 虚:◆外から見える部分はそれらしく見えるが中には何もないさま、中身が空っぽなさま◆外からは見えないが内部は細り衰えているさま◆外見は立派だが中身がそれに伴わないさま,N1,kun,kun+kun~,IL1_okurigana(kun 96%) | A1_compound_oku(kun 90%) | A1_on_kun_mix(on+kun 65%),空:◆(中に)何もない、何も含まれていない、虚(うつ)ろなさま◆何もないところ、天と地の間(あいだ); 虚:◆外から見える部分はそれらしく見えるが中には何もないさま、中身が空っぽなさま◆外からは見えないが内部は細り衰えているさま◆外見は立派だが中身がそれに伴わないさま
kk_空爆_くうばく,空爆,くうばく,空:◆(中に)何もない、何も含まれていない、虚(うつ)ろなさま◆何もないところ、天と地の間(あいだ); 爆:◆は・ぜる、火が弾(はじ)ける、火が勢いよく飛び散る◆(熱を加えることで)物が破裂し激しい勢いで飛び散る、炸裂(さくれつ)する◆急に膨(ふく)れる◆食材を熱い油,N1,on,on+on,,空:◆(中に)何もない、何も含まれていない、虚(うつ)ろなさま◆何もないところ、天と地の間(あいだ); 爆:◆は・ぜる、火が弾(はじ)ける、火が勢いよく飛び散る◆(熱を加えることで)物が破裂し激しい勢いで飛び散る、炸裂(さくれつ)する◆急に膨(ふく)れる◆食材を熱い油
kk_空白_くうはく,空白,くうはく,空:◆(中に)何もない、何も含まれていない、虚(うつ)ろなさま◆何もないところ、天と地の間(あいだ); 白:◆無色、雪の色、どんな色にも染まっていないさま、同「㿟」「皛」◆曇りがないさま、汚(けが)れがないさま、清(きよ)いさま◆何もないさま、あるがままであるさま、「,N1,on,on+on,,空:◆(中に)何もない、何も含まれていない、虚(うつ)ろなさま◆何もないところ、天と地の間(あいだ); 白:◆無色、雪の色、どんな色にも染まっていないさま、同「㿟」「皛」◆曇りがないさま、汚(けが)れがないさま、清(きよ)いさま◆何もないさま、あるがままであるさま、「
kk_空間_くうかん,空間,くうかん,空:◆(中に)何もない、何も含まれていない、虚(うつ)ろなさま◆何もないところ、天と地の間(あいだ); 間:◆両側からぴったりと閉じられずに開いているところ、(空間・時間・物事・関係などが)連続せずに途切れているところ、開いたり途切れたりして何もないところ、隙(すき),N1,on,on+on,,空:◆(中に)何もない、何も含まれていない、虚(うつ)ろなさま◆何もないところ、天と地の間(あいだ); 間:◆両側からぴったりと閉じられずに開いているところ、(空間・時間・物事・関係などが)連続せずに途切れているところ、開いたり途切れたりして何もないところ、隙(すき)
kk_突き出す_つきだす,突き出す,つきだす,突:◆犬が穴から急に飛び出す、また飛び出てくる◆急に、不意に◆つ・く、撞(つ)く、(棒状のものを正面から)まっすぐに当てる◆そこだけ凸状に飛び出ているさま、またその; 出:◆範囲・領域・組織や区切り・境界の内(内側、内部、裏側、こちら側、私的なところ)から外(外側、外部、表側、向こう側、公のところ)に移る、また移す、外から内へ移る,N1,kun,kun+kun~,IL1_okurigana(kun 96%) | A1_compound_oku(kun 90%) | A1_on_kun_mix(on+kun 65%),突:◆犬が穴から急に飛び出す、また飛び出てくる◆急に、不意に◆つ・く、撞(つ)く、(棒状のものを正面から)まっすぐに当てる◆そこだけ凸状に飛び出ているさま、またその; 出:◆範囲・領域・組織や区切り・境界の内(内側、内部、裏側、こちら側、私的なところ)から外(外側、外部、表側、向こう側、公のところ)に移る、また移す、外から内へ移る
kk_突く_つつく,突く,つつく,突:◆犬が穴から急に飛び出す、また飛び出てくる◆急に、不意に◆つ・く、撞(つ)く、(棒状のものを正面から)まっすぐに当てる◆そこだけ凸状に飛び出ているさま、またその,N1,kun,kun,IL1_okurigana(kun 96%) | IL2_single_okuri(kun 96%),突:◆犬が穴から急に飛び出す、また飛び出てくる◆急に、不意に◆つ・く、撞(つ)く、(棒状のものを正面から)まっすぐに当てる◆そこだけ凸状に飛び出ているさま、またその
kk_突っ張る_つっぱる,突っ張る,つっぱる,突:◆犬が穴から急に飛び出す、また飛び出てくる◆急に、不意に◆つ・く、撞(つ)く、(棒状のものを正面から)まっすぐに当てる◆そこだけ凸状に飛び出ているさま、またその; 張:◆弓や弦楽器の弦(ゲン、つる)を弛(たる)まないように掛ける、二点間に糸や網などを渡す◆弛(ゆる)みがないようにぴんと伸ばす、皺(しわ)にならないようにぴんと延,N1,other,mixed+mixed~,IL1_okurigana(kun 96%) | A1_compound_oku(kun 90%) | A1_on_kun_mix(on+kun 65%),突:◆犬が穴から急に飛び出す、また飛び出てくる◆急に、不意に◆つ・く、撞(つ)く、(棒状のものを正面から)まっすぐに当てる◆そこだけ凸状に飛び出ているさま、またその; 張:◆弓や弦楽器の弦(ゲン、つる)を弛(たる)まないように掛ける、二点間に糸や網などを渡す◆弛(ゆる)みがないようにぴんと伸ばす、皺(しわ)にならないようにぴんと延
kk_突っ突く_つっつく,突っ突く,つっつく,突:◆犬が穴から急に飛び出す、また飛び出てくる◆急に、不意に◆つ・く、撞(つ)く、(棒状のものを正面から)まっすぐに当てる◆そこだけ凸状に飛び出ているさま、またその; 突:◆犬が穴から急に飛び出す、また飛び出てくる◆急に、不意に◆つ・く、撞(つ)く、(棒状のものを正面から)まっすぐに当てる◆そこだけ凸状に飛び出ているさま、またその,N1,kun,kun+kun,IL1_okurigana(kun 96%) | A1_compound_oku(kun 90%) | A1_on_kun_mix(on+kun 65%),突:◆犬が穴から急に飛び出す、また飛び出てくる◆急に、不意に◆つ・く、撞(つ)く、(棒状のものを正面から)まっすぐに当てる◆そこだけ凸状に飛び出ているさま、またその; 突:◆犬が穴から急に飛び出す、また飛び出てくる◆急に、不意に◆つ・く、撞(つ)く、(棒状のものを正面から)まっすぐに当てる◆そこだけ凸状に飛び出ているさま、またその
kk_突如_とつじょ,突如,とつじょ,突:◆犬が穴から急に飛び出す、また飛び出てくる◆急に、不意に◆つ・く、撞(つ)く、(棒状のものを正面から)まっすぐに当てる◆そこだけ凸状に飛び出ているさま、またその; 如:◆ごと・く、～のよう、～と程度や様子が同じよう、～と同じと言ってよい◆し・く、及ぶ、至る、届く、「同様、同程度」の意,N1,on,on+on,A3_short_compound(on+on 71%),突:◆犬が穴から急に飛び出す、また飛び出てくる◆急に、不意に◆つ・く、撞(つ)く、(棒状のものを正面から)まっすぐに当てる◆そこだけ凸状に飛び出ているさま、またその; 如:◆ごと・く、～のよう、～と程度や様子が同じよう、～と同じと言ってよい◆し・く、及ぶ、至る、届く、「同様、同程度」の意
kk_突拍子もない_とっぴょうしもない,突拍子もない,とっぴょうしもない,突:◆犬が穴から急に飛び出す、また飛び出てくる◆急に、不意に◆つ・く、撞(つ)く、(棒状のものを正面から)まっすぐに当てる◆そこだけ凸状に飛び出ているさま、またその; 拍:◆両手を(軽く、ぱんぱんと)打ち合せる◆リズムrhythmや脈(みゃく)などの波状に繰り返される高低や強弱の一周期; 子:◆母親から産まれるもの、古くは男女を問わず「子」といったが、現代中国では男の子(息子)を指す◆新しく産まれる(生まれる)ものの元となるもの、植物の種や実、動物の,N1,on,mixed+on+mixed~,IL1_okurigana(kun 96%) | A1_compound_oku(kun 90%) | A1_on_kun_mix(on+kun 65%),突:◆犬が穴から急に飛び出す、また飛び出てくる◆急に、不意に◆つ・く、撞(つ)く、(棒状のものを正面から)まっすぐに当てる◆そこだけ凸状に飛び出ているさま、またその; 拍:◆両手を(軽く、ぱんぱんと)打ち合せる◆リズムrhythmや脈(みゃく)などの波状に繰り返される高低や強弱の一周期; 子:◆母親から産まれるもの、古くは男女を問わず「子」といったが、現代中国では男の子(息子)を指す◆新しく産まれる(生まれる)ものの元となるもの、植物の種や実、動物の
kk_突発的_とっぱつてき,突発的,とっぱつてき,突:◆犬が穴から急に飛び出す、また飛び出てくる◆急に、不意に◆つ・く、撞(つ)く、(棒状のものを正面から)まっすぐに当てる◆そこだけ凸状に飛び出ているさま、またその; 発:◆矢を放つ、外(離れて行く方向)に向かって勢いよく飛び出る◆動いていなかったものが勢いよく動き出す、物事が動き出す、物事が始まる、行動を起こす◆隠れていたものが; 的:◆弓で矢を射(い)る時の目標とするもの、同「㢩」「墑」◆額(ひたい)の部分だけが白い馬、またその額の白い部分、女性が額に施(ほどこ)す(赤い点状の)装飾◆(弓の,N1,other,mixed+mixed+mixed~,A4_multi_on(on+on+on 65%),突:◆犬が穴から急に飛び出す、また飛び出てくる◆急に、不意に◆つ・く、撞(つ)く、(棒状のものを正面から)まっすぐに当てる◆そこだけ凸状に飛び出ているさま、またその; 発:◆矢を放つ、外(離れて行く方向)に向かって勢いよく飛び出る◆動いていなかったものが勢いよく動き出す、物事が動き出す、物事が始まる、行動を起こす◆隠れていたものが; 的:◆弓で矢を射(い)る時の目標とするもの、同「㢩」「墑」◆額(ひたい)の部分だけが白い馬、またその額の白い部分、女性が額に施(ほどこ)す(赤い点状の)装飾◆(弓の
kk_突破_とっぱ,突破,とっぱ,突:◆犬が穴から急に飛び出す、また飛び出てくる◆急に、不意に◆つ・く、撞(つ)く、(棒状のものを正面から)まっすぐに当てる◆そこだけ凸状に飛び出ているさま、またその; 破:◆石を砕(くだ)く◆壊(こわ)す、壊れる、本来の形や状態でなくなる◆限界(区切りとなる線や面)を突き抜ける、突いて穴をあける◆敵の防御線を突き抜ける、敵を打ち負,N1,other,mixed+mixed~,A3_short_compound(on+on 71%),突:◆犬が穴から急に飛び出す、また飛び出てくる◆急に、不意に◆つ・く、撞(つ)く、(棒状のものを正面から)まっすぐに当てる◆そこだけ凸状に飛び出ているさま、またその; 破:◆石を砕(くだ)く◆壊(こわ)す、壊れる、本来の形や状態でなくなる◆限界(区切りとなる線や面)を突き抜ける、突いて穴をあける◆敵の防御線を突き抜ける、敵を打ち負
kk_窒息_ちっそく,窒息,ちっそく,窒:◆孔(あな、反対側まで貫通している穴)が塞(ふさ)がってその先に進めない◆塞(ふさ)ぐ、隙間を埋める、塞がる、同「塞」; 息:◆いき、口や鼻で吐いたり吸ったりする空気◆呼吸する、一度吐いて吸うことを「一息」という◆生きている◆止(や)む、鎮(しず)まる、落ち着く、同「熄」◆休む、休憩す,N1,on,on+on,,窒:◆孔(あな、反対側まで貫通している穴)が塞(ふさ)がってその先に進めない◆塞(ふさ)ぐ、隙間を埋める、塞がる、同「塞」; 息:◆いき、口や鼻で吐いたり吸ったりする空気◆呼吸する、一度吐いて吸うことを「一息」という◆生きている◆止(や)む、鎮(しず)まる、落ち着く、同「熄」◆休む、休憩す
kk_窮乏_きゅうぼう,窮乏,きゅうぼう,窮:◆限界まで行き着く、これ以上はない(それより先はない)ところまで行き着く、極(きわ)まる◆行き詰る、行き詰まって身動きができない; 乏:◆貯(たくわ)えが底を突く、金や物や力が尽きる、同「匱」◆空(あ)く、空(から)になる◆矢を遮(さえぎ)る盾(たて)、また衝立(ついたて)¶「正」を左右に反転さ,N1,on,on+on,,窮:◆限界まで行き着く、これ以上はない(それより先はない)ところまで行き着く、極(きわ)まる◆行き詰る、行き詰まって身動きができない; 乏:◆貯(たくわ)えが底を突く、金や物や力が尽きる、同「匱」◆空(あ)く、空(から)になる◆矢を遮(さえぎ)る盾(たて)、また衝立(ついたて)¶「正」を左右に反転さ
kk_窮屈_きゅうくつ,窮屈,きゅうくつ,窮:◆限界まで行き着く、これ以上はない(それより先はない)ところまで行き着く、極(きわ)まる◆行き詰る、行き詰まって身動きができない; 屈:◆(身体を)曲げる、折り曲げる、「屈伸(クッシン、曲げ或いは伸ばす)」「屈伏(クップク、体を折って伏せる、ひれ伏す)」◆主張や信念などを曲げる、強く迫られて折れ,N1,on,on+on,,窮:◆限界まで行き着く、これ以上はない(それより先はない)ところまで行き着く、極(きわ)まる◆行き詰る、行き詰まって身動きができない; 屈:◆(身体を)曲げる、折り曲げる、「屈伸(クッシン、曲げ或いは伸ばす)」「屈伏(クップク、体を折って伏せる、ひれ伏す)」◆主張や信念などを曲げる、強く迫られて折れ
kk_立ち会う_たちあう,立ち会う,たちあう,立:◆地(チ、地面、土台、基盤)に足を着け垂直にする、また垂直になる、地から上に向かって伸ばす、また伸びる◆しっかりとした土台を築いてその上にものを作り上げて行く、; 会:◆人が集まる、同じ時間や場所に(同じ目的で)集まる、「会合(カイゴウ)」◆多くの人が(出向いて)集まる、また集まったところ、「集会(シュウカイ)」「都会(トカイ,N1,kun,kun+kun~,IL1_okurigana(kun 96%) | A1_compound_oku(kun 90%) | A1_on_kun_mix(on+kun 65%),立:◆地(チ、地面、土台、基盤)に足を着け垂直にする、また垂直になる、地から上に向かって伸ばす、また伸びる◆しっかりとした土台を築いてその上にものを作り上げて行く、; 会:◆人が集まる、同じ時間や場所に(同じ目的で)集まる、「会合(カイゴウ)」◆多くの人が(出向いて)集まる、また集まったところ、「集会(シュウカイ)」「都会(トカイ
kk_立ち往生_たちおうじょう,立ち往生,たちおうじょう,立:◆地(チ、地面、土台、基盤)に足を着け垂直にする、また垂直になる、地から上に向かって伸ばす、また伸びる◆しっかりとした土台を築いてその上にものを作り上げて行く、; 往:◆目的とする方に向かって行く、遠ざかって行く、去って行く、手前に向かって来るのは「復」◆過ぎ去る、行ってしまう◆以前、昔、嘗(かつ)て◆死ぬ、「死後の世界に行く; 生:◆う・まれる、それまでになかった新しいものが現れ出る、また新しいことが起こる◆い・きる、成長し活動できる状態で存在する、またその状態◆なま、現れ出た時のそのまま,N1,mixed,kun+on+kun~,IL1_okurigana(kun 96%) | A1_compound_oku(kun 90%) | A1_on_kun_mix(on+kun 65%),立:◆地(チ、地面、土台、基盤)に足を着け垂直にする、また垂直になる、地から上に向かって伸ばす、また伸びる◆しっかりとした土台を築いてその上にものを作り上げて行く、; 往:◆目的とする方に向かって行く、遠ざかって行く、去って行く、手前に向かって来るのは「復」◆過ぎ去る、行ってしまう◆以前、昔、嘗(かつ)て◆死ぬ、「死後の世界に行く; 生:◆う・まれる、それまでになかった新しいものが現れ出る、また新しいことが起こる◆い・きる、成長し活動できる状態で存在する、またその状態◆なま、現れ出た時のそのまま
kk_立ち竦む_たちすくむ,立ち竦む,たちすくむ,立:◆地(チ、地面、土台、基盤)に足を着け垂直にする、また垂直になる、地から上に向かって伸ばす、また伸びる◆しっかりとした土台を築いてその上にものを作り上げて行く、; 竦:◆体を強張(こわば)らせる、同「捒」「𢷜」「𢖗」◆敬い畏(かしこ)まる、身を(体を、気持ちを、姿勢を、態度を)ぐっと引き締めて畏まる,N1,kun,kun+kun~,IL1_okurigana(kun 96%) | A1_compound_oku(kun 90%) | A1_on_kun_mix(on+kun 65%),立:◆地(チ、地面、土台、基盤)に足を着け垂直にする、また垂直になる、地から上に向かって伸ばす、また伸びる◆しっかりとした土台を築いてその上にものを作り上げて行く、; 竦:◆体を強張(こわば)らせる、同「捒」「𢷜」「𢖗」◆敬い畏(かしこ)まる、身を(体を、気持ちを、姿勢を、態度を)ぐっと引き締めて畏まる
kk_立ち退く_たちのく,立ち退く,たちのく,立:◆地(チ、地面、土台、基盤)に足を着け垂直にする、また垂直になる、地から上に向かって伸ばす、また伸びる◆しっかりとした土台を築いてその上にものを作り上げて行く、; 退:◆後ろに向かう、後ろへ下がる、後ろ向きに進む、逆は「進」◆今いる場所から遠ざかる方に向かう、その場を立ち去る◆体を後へ引く、身を引く◆状態が悪くなる(衰える、弱,N1,kun,kun+kun~,IL1_okurigana(kun 96%) | A1_compound_oku(kun 90%) | A1_on_kun_mix(on+kun 65%),立:◆地(チ、地面、土台、基盤)に足を着け垂直にする、また垂直になる、地から上に向かって伸ばす、また伸びる◆しっかりとした土台を築いてその上にものを作り上げて行く、; 退:◆後ろに向かう、後ろへ下がる、後ろ向きに進む、逆は「進」◆今いる場所から遠ざかる方に向かう、その場を立ち去る◆体を後へ引く、身を引く◆状態が悪くなる(衰える、弱
kk_立ち～_たち～,立ち～,たち～,立:◆地(チ、地面、土台、基盤)に足を着け垂直にする、また垂直になる、地から上に向かって伸ばす、また伸びる◆しっかりとした土台を築いてその上にものを作り上げて行く、,N1,kun,kun,IL1_okurigana(kun 96%) | IL2_single_okuri(kun 96%),立:◆地(チ、地面、土台、基盤)に足を着け垂直にする、また垂直になる、地から上に向かって伸ばす、また伸びる◆しっかりとした土台を築いてその上にものを作り上げて行く、
kk_立て替える_たてかえる,立て替える,たてかえる,立:◆地(チ、地面、土台、基盤)に足を着け垂直にする、また垂直になる、地から上に向かって伸ばす、また伸びる◆しっかりとした土台を築いてその上にものを作り上げて行く、; 替:◆廃(すた)る、衰(おとろ)える、用を成(な)さなくなる、「衰替(スイタイ)」◆それまでのもの(今あるもの)や廃れたもの(衰えたもの、用を成さないもの)を別のも,N1,kun,kun+kun~,IL1_okurigana(kun 96%) | A1_compound_oku(kun 90%) | A1_on_kun_mix(on+kun 65%),立:◆地(チ、地面、土台、基盤)に足を着け垂直にする、また垂直になる、地から上に向かって伸ばす、また伸びる◆しっかりとした土台を築いてその上にものを作り上げて行く、; 替:◆廃(すた)る、衰(おとろ)える、用を成(な)さなくなる、「衰替(スイタイ)」◆それまでのもの(今あるもの)や廃れたもの(衰えたもの、用を成さないもの)を別のも
kk_立体_りったい,立体,りったい,立:◆地(チ、地面、土台、基盤)に足を着け垂直にする、また垂直になる、地から上に向かって伸ばす、また伸びる◆しっかりとした土台を築いてその上にものを作り上げて行く、; 体:◆頭から足の先までの全身、ものの全部、ものの主要な部分、またその姿形や様子、「身体(シンタイ、体、肉体)」「本体(ホンタイ、ものの本当の姿、ものの中心的部分)」,N1,on,on+on,,立:◆地(チ、地面、土台、基盤)に足を着け垂直にする、また垂直になる、地から上に向かって伸ばす、また伸びる◆しっかりとした土台を築いてその上にものを作り上げて行く、; 体:◆頭から足の先までの全身、ものの全部、ものの主要な部分、またその姿形や様子、「身体(シンタイ、体、肉体)」「本体(ホンタイ、ものの本当の姿、ものの中心的部分)」
kk_立食_りっしょく,立食,りっしょく,立:◆地(チ、地面、土台、基盤)に足を着け垂直にする、また垂直になる、地から上に向かって伸ばす、また伸びる◆しっかりとした土台を築いてその上にものを作り上げて行く、; 食:◆(固形の食べ物を)口の中でよく噛んで胃に入れる、よく噛んで胃に入れるもの、噛まずに胃に入れるのは「飲」◆(生きていくために必要な食べ物を得るための)俸禄(ホウ,N1,on,on+on,,立:◆地(チ、地面、土台、基盤)に足を着け垂直にする、また垂直になる、地から上に向かって伸ばす、また伸びる◆しっかりとした土台を築いてその上にものを作り上げて行く、; 食:◆(固形の食べ物を)口の中でよく噛んで胃に入れる、よく噛んで胃に入れるもの、噛まずに胃に入れるのは「飲」◆(生きていくために必要な食べ物を得るための)俸禄(ホウ
kk_端的_たんてき,端的,たんてき,端:◆物事の始まり、最初、「端緒(タンショ、タンチョ)」、同「耑」◆始め(始まり)か終わりのどちらか片方、「一端(イッタン)」「両端(リョウタン)」◆まっすぐなさま; 的:◆弓で矢を射(い)る時の目標とするもの、同「㢩」「墑」◆額(ひたい)の部分だけが白い馬、またその額の白い部分、女性が額に施(ほどこ)す(赤い点状の)装飾◆(弓の,N1,on,on+on,,端:◆物事の始まり、最初、「端緒(タンショ、タンチョ)」、同「耑」◆始め(始まり)か終わりのどちらか片方、「一端(イッタン)」「両端(リョウタン)」◆まっすぐなさま; 的:◆弓で矢を射(い)る時の目標とするもの、同「㢩」「墑」◆額(ひたい)の部分だけが白い馬、またその額の白い部分、女性が額に施(ほどこ)す(赤い点状の)装飾◆(弓の
kk_競う_きそう,競う,きそう,競:◆互いに勝負(かちまけ)や優劣を争い合う、張り合う◆強い、しっかりとしている、曲がったり歪(ゆが)んだり挫(くじ)けたりすることがない、【春秋左傳正義:卷十一:,N1,kun,kun,IL1_okurigana(kun 96%) | IL2_single_okuri(kun 96%),競:◆互いに勝負(かちまけ)や優劣を争い合う、張り合う◆強い、しっかりとしている、曲がったり歪(ゆが)んだり挫(くじ)けたりすることがない、【春秋左傳正義:卷十一:
kk_競合_きょうごう,競合,きょうごう,競:◆互いに勝負(かちまけ)や優劣を争い合う、張り合う◆強い、しっかりとしている、曲がったり歪(ゆが)んだり挫(くじ)けたりすることがない、【春秋左傳正義:卷十一:; 合:◆人や物が集まって一緒になる、また一つになる◆幾つかのものを集め一緒にする、幾つかのものが集まり同じになる◆同じものを纏(まと)めた全体◆ぴったりと一致する、当,N1,on,on+on,,競:◆互いに勝負(かちまけ)や優劣を争い合う、張り合う◆強い、しっかりとしている、曲がったり歪(ゆが)んだり挫(くじ)けたりすることがない、【春秋左傳正義:卷十一:; 合:◆人や物が集まって一緒になる、また一つになる◆幾つかのものを集め一緒にする、幾つかのものが集まり同じになる◆同じものを纏(まと)めた全体◆ぴったりと一致する、当
kk_競売_きょうばい,競売,きょうばい,競:◆互いに勝負(かちまけ)や優劣を争い合う、張り合う◆強い、しっかりとしている、曲がったり歪(ゆが)んだり挫(くじ)けたりすることがない、【春秋左傳正義:卷十一:; 売:◆相手が欲しいと思っているものを渡して金銭(対価)を得る、金銭(対価)を渡して欲しいものを得るのは「買」,N1,on,on+on,,競:◆互いに勝負(かちまけ)や優劣を争い合う、張り合う◆強い、しっかりとしている、曲がったり歪(ゆが)んだり挫(くじ)けたりすることがない、【春秋左傳正義:卷十一:; 売:◆相手が欲しいと思っているものを渡して金銭(対価)を得る、金銭(対価)を渡して欲しいものを得るのは「買」
kk_筒_つつ,筒,つつ,筒:◆竹の茎の中空の部分、同「筩」◆細長い円柱状で内部が空洞になっている形のもの、同「筩」,N1,kun,kun,IL2_single_default(kun 84%) | B_noun_rad_竹(kun 93%),筒:◆竹の茎の中空の部分、同「筩」◆細長い円柱状で内部が空洞になっている形のもの、同「筩」
kk_策_さく,策,さく,策:◆(竹製の)鞭(むち)、鞭打つ、同「敇」「箠」◆文字(文章)を記すための細長い竹製の札、竹簡(チクカン)◆符命(フメイ)、天子の意であることの証(あかし、署名や,N1,on,on,IL2_on_only(on 99%) | B_noun_rad_竹(kun 93%),策:◆(竹製の)鞭(むち)、鞭打つ、同「敇」「箠」◆文字(文章)を記すための細長い竹製の札、竹簡(チクカン)◆符命(フメイ)、天子の意であることの証(あかし、署名や
kk_箇条書き_かじょうがき,箇条書き,かじょうがき,箇:◆形のあるものや一塊(ひとかたまり)になっているものの数を数える語、「一箇(個)」「二箇条」「三箇月」など、同「個」「个」; 条:◆小枝、細く長い枝、同「樤」◆細長いもの、筋(すじ)状のもの◆筋、道筋、「条理(ジョウリ、道理、筋道)」◆一纏(ひとまと)まりごとに分けて(段ごとに区切って)記; 書:◆文字を筆(聿)などで記(しる)す、著(あらわ)す、「書物(ショモツ)」「文書(ブンショ)」◆手紙、「書信(ショシン)」◆「書経(ショキョウ、別名尚書ショウショ,N1,mixed,on+on+kun~,IL1_okurigana(kun 96%) | A1_compound_oku(kun 90%) | A1_on_kun_mix(on+kun 65%),箇:◆形のあるものや一塊(ひとかたまり)になっているものの数を数える語、「一箇(個)」「二箇条」「三箇月」など、同「個」「个」; 条:◆小枝、細く長い枝、同「樤」◆細長いもの、筋(すじ)状のもの◆筋、道筋、「条理(ジョウリ、道理、筋道)」◆一纏(ひとまと)まりごとに分けて(段ごとに区切って)記; 書:◆文字を筆(聿)などで記(しる)す、著(あらわ)す、「書物(ショモツ)」「文書(ブンショ)」◆手紙、「書信(ショシン)」◆「書経(ショキョウ、別名尚書ショウショ
kk_節句_せっく,節句,せっく,"節:◆タケ(竹、イネ科タケ亜科の木)の中空の茎が途中で区切られ外側に硬く盛り上がっているところ、イネ科の植物に多くみられる◆区切り、変わり目、段落、けじめ◆区切りで; 句:◆曲がる、湾曲する、同「勾」◆言葉や文章の区切り、""」(閉じ鉤括弧、縦書きの場合は""Ｌ""のような形で表す)""、現代では読点(、頓号)・コンマcomma(,逗号)",N1,on,on+on,A3_short_compound(on+on 71%) | B_noun_rad_竹(kun 93%),"節:◆タケ(竹、イネ科タケ亜科の木)の中空の茎が途中で区切られ外側に硬く盛り上がっているところ、イネ科の植物に多くみられる◆区切り、変わり目、段落、けじめ◆区切りで; 句:◆曲がる、湾曲する、同「勾」◆言葉や文章の区切り、""」(閉じ鉤括弧、縦書きの場合は""Ｌ""のような形で表す)""、現代では読点(、頓号)・コンマcomma(,逗号)"
kk_築く_きずく,築く,きずく,築:◆土を搗(つ)き固める、しっかりした土台を造(つく)る◆しっかりした土台の上に建造物を造る、またものを作り上げる◆簡「築」,N1,kun,kun,IL1_okurigana(kun 96%) | IL2_single_okuri(kun 96%) | B_noun_rad_竹(kun 93%),築:◆土を搗(つ)き固める、しっかりした土台を造(つく)る◆しっかりした土台の上に建造物を造る、またものを作り上げる◆簡「築」
kk_簡易_かんい,簡易,かんい,簡:◆文字(文章)を記すための竹製の細長い札(ふだ)、多くは一枚一行で、これを順に紐で綴じたものが一つの文書や手紙となる◆信書、手紙、文書、同「柬」◆仕分けて選び出; 易:◆換(か)える、替(か)える、代(か)える、交換する◆占いの書、また占いの法、「爻(コウ)」と呼ばれる「陽と「陰」の並びを換えながら組み合わせた「八卦」「六十四,N1,on,on+on,A3_short_compound(on+on 71%) | B_noun_rad_竹(kun 93%),簡:◆文字(文章)を記すための竹製の細長い札(ふだ)、多くは一枚一行で、これを順に紐で綴じたものが一つの文書や手紙となる◆信書、手紙、文書、同「柬」◆仕分けて選び出; 易:◆換(か)える、替(か)える、代(か)える、交換する◆占いの書、また占いの法、「爻(コウ)」と呼ばれる「陽と「陰」の並びを換えながら組み合わせた「八卦」「六十四
kk_簡潔_かんけつ,簡潔,かんけつ,簡:◆文字(文章)を記すための竹製の細長い札(ふだ)、多くは一枚一行で、これを順に紐で綴じたものが一つの文書や手紙となる◆信書、手紙、文書、同「柬」◆仕分けて選び出; 潔:◆清(きよ)い、澄(す)んでいる、穢(けが)れがない、またそのような水或いは川、同「洁」◆余計なものが混じっていない、すっきりしている◆余計なことにこだわらない,N1,on,on+on,B_noun_rad_竹(kun 93%),簡:◆文字(文章)を記すための竹製の細長い札(ふだ)、多くは一枚一行で、これを順に紐で綴じたものが一つの文書や手紙となる◆信書、手紙、文書、同「柬」◆仕分けて選び出; 潔:◆清(きよ)い、澄(す)んでいる、穢(けが)れがない、またそのような水或いは川、同「洁」◆余計なものが混じっていない、すっきりしている◆余計なことにこだわらない
kk_簡略_かんりゃく,簡略,かんりゃく,簡:◆文字(文章)を記すための竹製の細長い札(ふだ)、多くは一枚一行で、これを順に紐で綴じたものが一つの文書や手紙となる◆信書、手紙、文書、同「柬」◆仕分けて選び出; 略:◆治(おさ)める、統治する、またそのための方策、またその土地・領地、またその境界◆掠(かす)める、奪い取る、同「掠」◆主要な部分だけを残してそれ以外を省(はぶ),N1,on,on+on,B_noun_rad_竹(kun 93%),簡:◆文字(文章)を記すための竹製の細長い札(ふだ)、多くは一枚一行で、これを順に紐で綴じたものが一つの文書や手紙となる◆信書、手紙、文書、同「柬」◆仕分けて選び出; 略:◆治(おさ)める、統治する、またそのための方策、またその土地・領地、またその境界◆掠(かす)める、奪い取る、同「掠」◆主要な部分だけを残してそれ以外を省(はぶ)
kk_簡素_かんそ,簡素,かんそ,簡:◆文字(文章)を記すための竹製の細長い札(ふだ)、多くは一枚一行で、これを順に紐で綴じたものが一つの文書や手紙となる◆信書、手紙、文書、同「柬」◆仕分けて選び出; 素:◆色を染める前の白い糸◆白い、無地の◆形は整えられているが、それ以上には手が加えられていない、本来の、元のままの、「素質(ソシツ)」◆飾らない、飾り気のない、「,N1,on,on+on,A3_short_compound(on+on 71%) | B_noun_rad_竹(kun 93%),簡:◆文字(文章)を記すための竹製の細長い札(ふだ)、多くは一枚一行で、これを順に紐で綴じたものが一つの文書や手紙となる◆信書、手紙、文書、同「柬」◆仕分けて選び出; 素:◆色を染める前の白い糸◆白い、無地の◆形は整えられているが、それ以上には手が加えられていない、本来の、元のままの、「素質(ソシツ)」◆飾らない、飾り気のない、「
kk_籠る_こもる,籠る,こもる,籠:◆竹を編んで作った入れ物(盆状・桶状・笊状・筒状のものなど)の総称、またそれに入れる◆箙(えびら)、矢を入れて背負う竹製筒状(箱形・筒形・袋形など)の容器◆中に,N1,kun,kun,IL1_okurigana(kun 96%) | IL2_single_okuri(kun 96%) | B_noun_rad_竹(kun 93%),籠:◆竹を編んで作った入れ物(盆状・桶状・笊状・筒状のものなど)の総称、またそれに入れる◆箙(えびら)、矢を入れて背負う竹製筒状(箱形・筒形・袋形など)の容器◆中に
kk_粉々_こなごな,粉々,こなごな,粉:◆穀物を細かく砕いたもの、「粒」よりも更に細かいもの、またそのような形状のもの◆小さく細かくする◆白くするために砕いて細かくしたもの、顔などに叩(はた)いたり油,N1,kun,kun,IL2_single_default(kun 84%) | B_noun_rad_米(kun 93%),粉:◆穀物を細かく砕いたもの、「粒」よりも更に細かいもの、またそのような形状のもの◆小さく細かくする◆白くするために砕いて細かくしたもの、顔などに叩(はた)いたり油
kk_粉末_ふんまつ,粉末,ふんまつ,粉:◆穀物を細かく砕いたもの、「粒」よりも更に細かいもの、またそのような形状のもの◆小さく細かくする◆白くするために砕いて細かくしたもの、顔などに叩(はた)いたり油; 末:◆木の先(さき)の細い部分、端(はじ)、先端◆物事の最後、終わり◆細いさま、細(こま)かいさま、小さいさま◆(端の方にあって或いは細かくて)取るに足りない、些細,N1,on,on+on,B_noun_rad_米(kun 93%) | B_noun_rad_木(kun 93%),粉:◆穀物を細かく砕いたもの、「粒」よりも更に細かいもの、またそのような形状のもの◆小さく細かくする◆白くするために砕いて細かくしたもの、顔などに叩(はた)いたり油; 末:◆木の先(さき)の細い部分、端(はじ)、先端◆物事の最後、終わり◆細いさま、細(こま)かいさま、小さいさま◆(端の方にあって或いは細かくて)取るに足りない、些細
kk_粋_いき,粋,いき,粋:◆他のものが全く混じっていないさま、「純粋(ジュンスイ)」◆[日]いき、身形(みなり)や立ち振る舞いが垢抜けしているさま,N1,kun,kun,IL2_single_default(kun 84%) | B_noun_rad_米(kun 93%),粋:◆他のものが全く混じっていないさま、「純粋(ジュンスイ)」◆[日]いき、身形(みなり)や立ち振る舞いが垢抜けしているさま
kk_粋_すい,粋,すい,粋:◆他のものが全く混じっていないさま、「純粋(ジュンスイ)」◆[日]いき、身形(みなり)や立ち振る舞いが垢抜けしているさま,N1,on,on,IL2_single_default(kun 84%) | B_noun_rad_米(kun 93%),粋:◆他のものが全く混じっていないさま、「純粋(ジュンスイ)」◆[日]いき、身形(みなり)や立ち振る舞いが垢抜けしているさま
kk_粗方_あらかた,粗方,あらかた,粗:◆脱穀したままで精白していない米、十分に磨(みが)かれていない米、同「𥼗」◆よく手が加えられていないさま、洗練されていないさま◆きれいに整えられていない(揃って; 方:◆四角、四角いさま、角(かど)が直角になっているさま、「方形(ホウケイ)」◆数学で二つの数を掛け合わせた数(正方形・長方形の一つの角を成す二辺を掛け合わせた数),N1,kun,kun+kun~,B_noun_rad_米(kun 93%),粗:◆脱穀したままで精白していない米、十分に磨(みが)かれていない米、同「𥼗」◆よく手が加えられていないさま、洗練されていないさま◆きれいに整えられていない(揃って; 方:◆四角、四角いさま、角(かど)が直角になっているさま、「方形(ホウケイ)」◆数学で二つの数を掛け合わせた数(正方形・長方形の一つの角を成す二辺を掛け合わせた数)
kk_粘り_ねばり,粘り,ねばり,粘:◆糊のように柔らかくくっつき易い、ねばねばする、べとべとする,N1,kun,kun,IL1_okurigana(kun 96%) | IL2_single_okuri(kun 96%) | B_noun_rad_米(kun 93%),粘:◆糊のように柔らかくくっつき易い、ねばねばする、べとべとする
kk_粘り強い_ねばりづよい,粘り強い,ねばりづよい,粘:◆糊のように柔らかくくっつき易い、ねばねばする、べとべとする; 強:◆堅(かた)く曲がったり歪(ゆが)んだり弛(ゆる)んだりすることがないさま、どんな力にも揺(ゆら)らがないさま◆力や勢いがあるさま、体力・気力が漲(みなぎ)って,N1,other,mixed+mixed~,IL1_okurigana(kun 96%) | A1_compound_oku(kun 90%) | A1_on_kun_mix(on+kun 65%),粘:◆糊のように柔らかくくっつき易い、ねばねばする、べとべとする; 強:◆堅(かた)く曲がったり歪(ゆが)んだり弛(ゆる)んだりすることがないさま、どんな力にも揺(ゆら)らがないさま◆力や勢いがあるさま、体力・気力が漲(みなぎ)って
kk_粘る_ねばる,粘る,ねばる,粘:◆糊のように柔らかくくっつき易い、ねばねばする、べとべとする,N1,kun,kun,IL1_okurigana(kun 96%) | IL2_single_okuri(kun 96%) | B_noun_rad_米(kun 93%),粘:◆糊のように柔らかくくっつき易い、ねばねばする、べとべとする
kk_粘着_ねんちゃく,粘着,ねんちゃく,粘:◆糊のように柔らかくくっつき易い、ねばねばする、べとべとする; 着:◆目的や目標としている物事・場所などに届く、また達する、また到る、同「著」◆他のものに付く、同「著」◆き・る、衣服を身に付ける、同「著」◆火や明かりを点(つ)け,N1,on,on+on,B_noun_rad_米(kun 93%),粘:◆糊のように柔らかくくっつき易い、ねばねばする、べとべとする; 着:◆目的や目標としている物事・場所などに届く、また達する、また到る、同「著」◆他のものに付く、同「著」◆き・る、衣服を身に付ける、同「著」◆火や明かりを点(つ)け
kk_精力_せいりょく,精力,せいりょく,精:◆選(え)りすぐられた透き通るように真っ白な米◆選りすぐる、よいものだけを選ぶ◆瑕(きず)や汚れがない、濁りや混じり気がない◆瑕や濁りを取り去ったもの、清らかな; 力:◆ものを動かすもの、ものを動かしているもの、ものに働(はたら)くもの、「強力(キョウリョク、強い力)」◆働く、務(つと)める、勤(つと)める、「努力(ドリョク、,N1,on,on+on,B_noun_rad_米(kun 93%) | B_verb_rad_力(kun 80%),精:◆選(え)りすぐられた透き通るように真っ白な米◆選りすぐる、よいものだけを選ぶ◆瑕(きず)や汚れがない、濁りや混じり気がない◆瑕や濁りを取り去ったもの、清らかな; 力:◆ものを動かすもの、ものを動かしているもの、ものに働(はたら)くもの、「強力(キョウリョク、強い力)」◆働く、務(つと)める、勤(つと)める、「努力(ドリョク、
kk_精密_せいみつ,精密,せいみつ,精:◆選(え)りすぐられた透き通るように真っ白な米◆選りすぐる、よいものだけを選ぶ◆瑕(きず)や汚れがない、濁りや混じり気がない◆瑕や濁りを取り去ったもの、清らかな; 密:◆ぴったりとくっついて隙間がない◆閉ざされていて或いは奥まっていて外から見えない、また窺い知れない◆広く大きく物音や人の声が届いて来ない、ひっそりとした◆山深く,N1,on,on+on,B_noun_rad_米(kun 93%) | B_noun_rad_宀(kun 93%),精:◆選(え)りすぐられた透き通るように真っ白な米◆選りすぐる、よいものだけを選ぶ◆瑕(きず)や汚れがない、濁りや混じり気がない◆瑕や濁りを取り去ったもの、清らかな; 密:◆ぴったりとくっついて隙間がない◆閉ざされていて或いは奥まっていて外から見えない、また窺い知れない◆広く大きく物音や人の声が届いて来ない、ひっそりとした◆山深く
kk_精巧_せいこう,精巧,せいこう,精:◆選(え)りすぐられた透き通るように真っ白な米◆選りすぐる、よいものだけを選ぶ◆瑕(きず)や汚れがない、濁りや混じり気がない◆瑕や濁りを取り去ったもの、清らかな; 巧:◆技(わざ)、技術が秀(ひい)でているさま、器用なさま◆上手(じょうず)な、上手(うま)い◆技術、技量,N1,on,on+on,B_noun_rad_米(kun 93%),精:◆選(え)りすぐられた透き通るように真っ白な米◆選りすぐる、よいものだけを選ぶ◆瑕(きず)や汚れがない、濁りや混じり気がない◆瑕や濁りを取り去ったもの、清らかな; 巧:◆技(わざ)、技術が秀(ひい)でているさま、器用なさま◆上手(じょうず)な、上手(うま)い◆技術、技量
kk_精算_せいさん,精算,せいさん,精:◆選(え)りすぐられた透き通るように真っ白な米◆選りすぐる、よいものだけを選ぶ◆瑕(きず)や汚れがない、濁りや混じり気がない◆瑕や濁りを取り去ったもの、清らかな; 算:◆数(かず)を数(かぞ)える、同「筭」◆数を計算する(本数や置き方によって数を表す)ための竹の棒、占いにも用いる、同「籌」、「算籌(サンチュウ、計算また占いに用,N1,on,on+on,B_noun_rad_米(kun 93%) | B_noun_rad_竹(kun 93%),精:◆選(え)りすぐられた透き通るように真っ白な米◆選りすぐる、よいものだけを選ぶ◆瑕(きず)や汚れがない、濁りや混じり気がない◆瑕や濁りを取り去ったもの、清らかな; 算:◆数(かず)を数(かぞ)える、同「筭」◆数を計算する(本数や置き方によって数を表す)ための竹の棒、占いにも用いる、同「籌」、「算籌(サンチュウ、計算また占いに用
kk_精算機_せいさんき,精算機,せいさんき,精:◆選(え)りすぐられた透き通るように真っ白な米◆選りすぐる、よいものだけを選ぶ◆瑕(きず)や汚れがない、濁りや混じり気がない◆瑕や濁りを取り去ったもの、清らかな; 算:◆数(かず)を数(かぞ)える、同「筭」◆数を計算する(本数や置き方によって数を表す)ための竹の棒、占いにも用いる、同「籌」、「算籌(サンチュウ、計算また占いに用; 機:◆布を織る装置、「機織(キショク、はたおり)」◆ある仕事をさせる(する)ために人や部品を組み合わせて作り上げた仕組みや仕掛け(組織や装置)◆「機関(キカン)」◇,N1,on,on+on+on,A4_multi_on(on+on+on 65%) | B_noun_rad_米(kun 93%) | B_noun_rad_竹(kun 93%),精:◆選(え)りすぐられた透き通るように真っ白な米◆選りすぐる、よいものだけを選ぶ◆瑕(きず)や汚れがない、濁りや混じり気がない◆瑕や濁りを取り去ったもの、清らかな; 算:◆数(かず)を数(かぞ)える、同「筭」◆数を計算する(本数や置き方によって数を表す)ための竹の棒、占いにも用いる、同「籌」、「算籌(サンチュウ、計算また占いに用; 機:◆布を織る装置、「機織(キショク、はたおり)」◆ある仕事をさせる(する)ために人や部品を組み合わせて作り上げた仕組みや仕掛け(組織や装置)◆「機関(キカン)」◇
kk_精細_せいさい,精細,せいさい,精:◆選(え)りすぐられた透き通るように真っ白な米◆選りすぐる、よいものだけを選ぶ◆瑕(きず)や汚れがない、濁りや混じり気がない◆瑕や濁りを取り去ったもの、清らかな; 細:◆小さい◆幅が狭い◆(細く)弱々しいさま、しなやかなさま◆(細部にまで亘って)詳(くわ)しい,N1,on,on+on,B_noun_rad_米(kun 93%),精:◆選(え)りすぐられた透き通るように真っ白な米◆選りすぐる、よいものだけを選ぶ◆瑕(きず)や汚れがない、濁りや混じり気がない◆瑕や濁りを取り去ったもの、清らかな; 細:◆小さい◆幅が狭い◆(細く)弱々しいさま、しなやかなさま◆(細部にまで亘って)詳(くわ)しい
kk_紆余曲折_うよきょくせつ,紆余曲折,うよきょくせつ,"紆:◆曲がる、折れ曲がる、曲がりくねる、「紆回(ウカイ)」◆絡(から)む、縺(もつ)れる、巻き付く、「紆軫(ウシン、絡み合うさま、縺れるさま)」「紆結(ウケツ、絡み; 余:◆われ(我)◆それ以外の、他の◆あま・す、あま・り◇必要な分を取り除いた後に残る、音・匂い・味・印象などがその元となるものがなくなった後も残る◇食べ物の量が多く; 曲:◆真っ直(す)ぐでない、撓(たわ)む、""(""字形のように弧を描くように曲がることを指し""〈""字のように鋭角に曲がることを「折」という◆歪む、正しい状態や方向から",N1,on,on+on+on+on,A4_multi_on(on+on+on+on 65%) | B_verb_rad_手(kun 80%),"紆:◆曲がる、折れ曲がる、曲がりくねる、「紆回(ウカイ)」◆絡(から)む、縺(もつ)れる、巻き付く、「紆軫(ウシン、絡み合うさま、縺れるさま)」「紆結(ウケツ、絡み; 余:◆われ(我)◆それ以外の、他の◆あま・す、あま・り◇必要な分を取り除いた後に残る、音・匂い・味・印象などがその元となるものがなくなった後も残る◇食べ物の量が多く; 曲:◆真っ直(す)ぐでない、撓(たわ)む、""(""字形のように弧を描くように曲がることを指し""〈""字のように鋭角に曲がることを「折」という◆歪む、正しい状態や方向から"
kk_納入_のうにゅう,納入,のうにゅう,納:◆外にあるものを内(うち)に入れる、建物や容器の中に入れる◆他のものを受け入れる、自分のものを他へ渡す◆ここで止(や)めて終わりにする、これまでのことを終わりに; 入:◆範囲・領域・組織や区切り・境界の外(外側、外部、表側、向こう側、公のところ)から内(内側、内部、裏側、こちら側、私的なところ)に移る、また移す、内から外へ移る,N1,on,on+on,,納:◆外にあるものを内(うち)に入れる、建物や容器の中に入れる◆他のものを受け入れる、自分のものを他へ渡す◆ここで止(や)めて終わりにする、これまでのことを終わりに; 入:◆範囲・領域・組織や区切り・境界の外(外側、外部、表側、向こう側、公のところ)から内(内側、内部、裏側、こちら側、私的なところ)に移る、また移す、内から外へ移る
kk_納品_のうひん,納品,のうひん,納:◆外にあるものを内(うち)に入れる、建物や容器の中に入れる◆他のものを受け入れる、自分のものを他へ渡す◆ここで止(や)めて終わりにする、これまでのことを終わりに; 品:◆物(もの)、多くの物、様々な物◆もの(人や物)の本質・価値・程度を判断する◆ものの値打ち、また価値、また程度・等級,N1,on,on+on,,納:◆外にあるものを内(うち)に入れる、建物や容器の中に入れる◆他のものを受け入れる、自分のものを他へ渡す◆ここで止(や)めて終わりにする、これまでのことを終わりに; 品:◆物(もの)、多くの物、様々な物◆もの(人や物)の本質・価値・程度を判断する◆ものの値打ち、また価値、また程度・等級
kk_納期_のうき,納期,のうき,納:◆外にあるものを内(うち)に入れる、建物や容器の中に入れる◆他のものを受け入れる、自分のものを他へ渡す◆ここで止(や)めて終わりにする、これまでのことを終わりに; 期:◆予定されている(約束されている)時(とき、時期、時間)、「時期(ジキ)」「期間(キカン、二つの時の間、始めの時から終わりの時までの間)」◆決められた時(時期、,N1,on,on+on,A3_short_compound(on+on 71%),納:◆外にあるものを内(うち)に入れる、建物や容器の中に入れる◆他のものを受け入れる、自分のものを他へ渡す◆ここで止(や)めて終わりにする、これまでのことを終わりに; 期:◆予定されている(約束されている)時(とき、時期、時間)、「時期(ジキ)」「期間(キカン、二つの時の間、始めの時から終わりの時までの間)」◆決められた時(時期、
kk_紛らわしい_まぎらわしい,紛らわしい,まぎらわしい,紛:◆旗などがひらひらと激しくはためくさま、馬の尾がひらひらと揺れ乱れるさま◆細かいもの(細いもの、小さいもの)が入り乱れる、乱れて絡(から)み合う、縺(もつ)れ合,N1,kun,kun,IL1_okurigana(kun 96%) | IL2_single_okuri(kun 96%),紛:◆旗などがひらひらと激しくはためくさま、馬の尾がひらひらと揺れ乱れるさま◆細かいもの(細いもの、小さいもの)が入り乱れる、乱れて絡(から)み合う、縺(もつ)れ合
kk_紛れる_まぎれる,紛れる,まぎれる,紛:◆旗などがひらひらと激しくはためくさま、馬の尾がひらひらと揺れ乱れるさま◆細かいもの(細いもの、小さいもの)が入り乱れる、乱れて絡(から)み合う、縺(もつ)れ合,N1,kun,kun,IL1_okurigana(kun 96%) | IL2_single_okuri(kun 96%),紛:◆旗などがひらひらと激しくはためくさま、馬の尾がひらひらと揺れ乱れるさま◆細かいもの(細いもの、小さいもの)が入り乱れる、乱れて絡(から)み合う、縺(もつ)れ合
kk_素っ気無い_そっけない,素っ気無い,そっけない,素:◆色を染める前の白い糸◆白い、無地の◆形は整えられているが、それ以上には手が加えられていない、本来の、元のままの、「素質(ソシツ)」◆飾らない、飾り気のない、「; 気:◆中国古来の考えで、天地全ての事物の基本要素、目に見えず形状は一定しない、あらゆる事物の生死・盛衰などの変化・変動はこの「気」の移動・集散によるものと考えられた; 無:◆ない、存在しない、有(ゆう)していない◆～ではない、～であってはならない◆簡「无」,N1,mixed,on+on+kun~,IL1_okurigana(kun 96%) | A1_compound_oku(kun 90%) | A1_on_kun_mix(on+kun 65%),素:◆色を染める前の白い糸◆白い、無地の◆形は整えられているが、それ以上には手が加えられていない、本来の、元のままの、「素質(ソシツ)」◆飾らない、飾り気のない、「; 気:◆中国古来の考えで、天地全ての事物の基本要素、目に見えず形状は一定しない、あらゆる事物の生死・盛衰などの変化・変動はこの「気」の移動・集散によるものと考えられた; 無:◆ない、存在しない、有(ゆう)していない◆～ではない、～であってはならない◆簡「无」
kk_素朴_そぼく,素朴,そぼく,素:◆色を染める前の白い糸◆白い、無地の◆形は整えられているが、それ以上には手が加えられていない、本来の、元のままの、「素質(ソシツ)」◆飾らない、飾り気のない、「; 朴:◆切り出されたままの手が加えられていない木、本来の姿のままで手が加えられていないさま、自然で飾り気がないさま、同繁「樸」◆「厚朴(コウボク)」、モクレン科モクレ,N1,on,on+on,A3_short_compound(on+on 71%) | B_noun_rad_木(kun 93%),素:◆色を染める前の白い糸◆白い、無地の◆形は整えられているが、それ以上には手が加えられていない、本来の、元のままの、「素質(ソシツ)」◆飾らない、飾り気のない、「; 朴:◆切り出されたままの手が加えられていない木、本来の姿のままで手が加えられていないさま、自然で飾り気がないさま、同繁「樸」◆「厚朴(コウボク)」、モクレン科モクレ
kk_細やか_こまやか,細やか,こまやか,細:◆小さい◆幅が狭い◆(細く)弱々しいさま、しなやかなさま◆(細部にまで亘って)詳(くわ)しい,N1,kun,kun,IL1_okurigana(kun 96%) | IL2_single_okuri(kun 96%),細:◆小さい◆幅が狭い◆(細く)弱々しいさま、しなやかなさま◆(細部にまで亘って)詳(くわ)しい
kk_細心_さいしん,細心,さいしん,細:◆小さい◆幅が狭い◆(細く)弱々しいさま、しなやかなさま◆(細部にまで亘って)詳(くわ)しい; 心:◆血液を循環させる働きをする臓器で五臓(心シン・肝カン・脾ヒ・肺ハイ・腎ジン)の一つ ◆ものの真(ま)ん中、真ん中(中心)にあるもの、ものの重要な部分、ものの本,N1,on,on+on,,細:◆小さい◆幅が狭い◆(細く)弱々しいさま、しなやかなさま◆(細部にまで亘って)詳(くわ)しい; 心:◆血液を循環させる働きをする臓器で五臓(心シン・肝カン・脾ヒ・肺ハイ・腎ジン)の一つ ◆ものの真(ま)ん中、真ん中(中心)にあるもの、ものの重要な部分、ものの本
kk_細目に_こまめに,細目に,こまめに,細:◆小さい◆幅が狭い◆(細く)弱々しいさま、しなやかなさま◆(細部にまで亘って)詳(くわ)しい; 目:◆眼(め、眼球ガンキュウ、黒目くろめ)・白目(しろめ、結膜ケツマク)・視神経などを含むものを見る器官全体、またその形状や様子や機能◆ものを見る、また見分ける◆眼,N1,kun,kun+kun,IL1_okurigana(kun 96%) | A1_compound_oku(kun 90%) | A1_on_kun_mix(on+kun 65%),細:◆小さい◆幅が狭い◆(細く)弱々しいさま、しなやかなさま◆(細部にまで亘って)詳(くわ)しい; 目:◆眼(め、眼球ガンキュウ、黒目くろめ)・白目(しろめ、結膜ケツマク)・視神経などを含むものを見る器官全体、またその形状や様子や機能◆ものを見る、また見分ける◆眼
kk_細胞_さいぼう,細胞,さいぼう,細:◆小さい◆幅が狭い◆(細く)弱々しいさま、しなやかなさま◆(細部にまで亘って)詳(くわ)しい; 胞:◆胎児を包む薄い皮膜、「胞衣(ホウイ、えな)」◆同じ父母から生まれた子、実の兄弟姉妹、同じ国で生まれた人、「同胞(ドウホウ、同じ母親から生まれた兄弟、同郷・同国,N1,on,mixed+on~,,細:◆小さい◆幅が狭い◆(細く)弱々しいさま、しなやかなさま◆(細部にまで亘って)詳(くわ)しい; 胞:◆胎児を包む薄い皮膜、「胞衣(ホウイ、えな)」◆同じ父母から生まれた子、実の兄弟姉妹、同じ国で生まれた人、「同胞(ドウホウ、同じ母親から生まれた兄弟、同郷・同国
kk_終息_しゅうそく,終息,しゅうそく,終:◆途切れずに続いているものの後方の部分、始まりの部分は「始」◆続いていたものが尽きる、これから先はないところにまで到(いた)る◆最後に、ついに、しまいに、とうと; 息:◆いき、口や鼻で吐いたり吸ったりする空気◆呼吸する、一度吐いて吸うことを「一息」という◆生きている◆止(や)む、鎮(しず)まる、落ち着く、同「熄」◆休む、休憩す,N1,on,on+on,,終:◆途切れずに続いているものの後方の部分、始まりの部分は「始」◆続いていたものが尽きる、これから先はないところにまで到(いた)る◆最後に、ついに、しまいに、とうと; 息:◆いき、口や鼻で吐いたり吸ったりする空気◆呼吸する、一度吐いて吸うことを「一息」という◆生きている◆止(や)む、鎮(しず)まる、落ち着く、同「熄」◆休む、休憩す
kk_終日_しゅうじつ,終日,しゅうじつ,終:◆途切れずに続いているものの後方の部分、始まりの部分は「始」◆続いていたものが尽きる、これから先はないところにまで到(いた)る◆最後に、ついに、しまいに、とうと; 日:◆太陽◆太陽が出ている間、昼間、夜明けから日没まで◆一昼夜、朝から次の朝まで、またその繰り返し、またその繰り返しを数える語◆候(コウ)、時節、頃(ケイ、ころ)◆,N1,on,on+on,,終:◆途切れずに続いているものの後方の部分、始まりの部分は「始」◆続いていたものが尽きる、これから先はないところにまで到(いた)る◆最後に、ついに、しまいに、とうと; 日:◆太陽◆太陽が出ている間、昼間、夜明けから日没まで◆一昼夜、朝から次の朝まで、またその繰り返し、またその繰り返しを数える語◆候(コウ)、時節、頃(ケイ、ころ)◆
kk_終止符_しゅうしふ,終止符,しゅうしふ,終:◆途切れずに続いているものの後方の部分、始まりの部分は「始」◆続いていたものが尽きる、これから先はないところにまで到(いた)る◆最後に、ついに、しまいに、とうと; 止:◆ものが動かないように(しっかりと)立つための支えとなる基(もと、土台)◆体を支える足(あし)◆同じ所に留(とど)まって動かない[†「止」は止まったまま動かない; 符:◆真正(シンセイ)な相手であることを確認し合うための二つに割った札(ふだ)、これを双方が持ち、当人自身が相手に会うことができないような場合に使者にこれを持たせて,N1,on,on+on+on,A4_multi_on(on+on+on 65%) | B_noun_rad_竹(kun 93%),終:◆途切れずに続いているものの後方の部分、始まりの部分は「始」◆続いていたものが尽きる、これから先はないところにまで到(いた)る◆最後に、ついに、しまいに、とうと; 止:◆ものが動かないように(しっかりと)立つための支えとなる基(もと、土台)◆体を支える足(あし)◆同じ所に留(とど)まって動かない[†「止」は止まったまま動かない; 符:◆真正(シンセイ)な相手であることを確認し合うための二つに割った札(ふだ)、これを双方が持ち、当人自身が相手に会うことができないような場合に使者にこれを持たせて
kk_終発_しゅうはつ,終発,しゅうはつ,終:◆途切れずに続いているものの後方の部分、始まりの部分は「始」◆続いていたものが尽きる、これから先はないところにまで到(いた)る◆最後に、ついに、しまいに、とうと; 発:◆矢を放つ、外(離れて行く方向)に向かって勢いよく飛び出る◆動いていなかったものが勢いよく動き出す、物事が動き出す、物事が始まる、行動を起こす◆隠れていたものが,N1,on,on+on,,終:◆途切れずに続いているものの後方の部分、始まりの部分は「始」◆続いていたものが尽きる、これから先はないところにまで到(いた)る◆最後に、ついに、しまいに、とうと; 発:◆矢を放つ、外(離れて行く方向)に向かって勢いよく飛び出る◆動いていなかったものが勢いよく動き出す、物事が動き出す、物事が始まる、行動を起こす◆隠れていたものが
kk_組み込む_くみこむ,組み込む,くみこむ,組:◆糸や紐(ひも)を編んだ紐、「組紐(くみひも)」◆幾つかのものを合わせて一つに纏(まと)める、また一つに纏まったもの◆「組織(ソシキ)」◇紐を編み糸を織ること◇; 込:◆[日]中に(内に、裏に、見えないところに)入(はい)る、入(い)れる,N1,kun,kun+kun,IL1_okurigana(kun 96%) | A1_compound_oku(kun 90%) | A1_on_kun_mix(on+kun 65%),組:◆糸や紐(ひも)を編んだ紐、「組紐(くみひも)」◆幾つかのものを合わせて一つに纏(まと)める、また一つに纏まったもの◆「組織(ソシキ)」◇紐を編み糸を織ること◇; 込:◆[日]中に(内に、裏に、見えないところに)入(はい)る、入(い)れる
kk_絆_きずな,絆,きずな,絆:◆馬を制御(セイギョ)するために足に絡(から)める紐(ひも)・縄(なわ)・綱(つな)、首は「羈」◆ほだ・す、自由に動けなくする、ほだ・される、身動きが思うように,N1,kun,kun,IL2_single_default(kun 84%),絆:◆馬を制御(セイギョ)するために足に絡(から)める紐(ひも)・縄(なわ)・綱(つな)、首は「羈」◆ほだ・す、自由に動けなくする、ほだ・される、身動きが思うように
kk_経る_へる,経る,へる,経:◆たていと、布の縦方向の糸、横は「緯」◆南北の方向、東西は「緯」◆筋道、筋が通っている◆筋が通っていて変わることがない、常に◆どんな場合も変わることがない方向や,N1,kun,kun,IL1_okurigana(kun 96%) | IL2_single_okuri(kun 96%),経:◆たていと、布の縦方向の糸、横は「緯」◆南北の方向、東西は「緯」◆筋道、筋が通っている◆筋が通っていて変わることがない、常に◆どんな場合も変わることがない方向や
kk_経歴_けいれき,経歴,けいれき,経:◆たていと、布の縦方向の糸、横は「緯」◆南北の方向、東西は「緯」◆筋道、筋が通っている◆筋が通っていて変わることがない、常に◆どんな場合も変わることがない方向や; 歴:◆通過点(時・時間や場所・位置など)を通(とお)って行く、また踏み越えて行く、通り過ぎる、経(へ)る、経過(ケイカ)する◆過ぎ去ったこと、通り過ぎたこと◆明らか,N1,on,on+on,,経:◆たていと、布の縦方向の糸、横は「緯」◆南北の方向、東西は「緯」◆筋道、筋が通っている◆筋が通っていて変わることがない、常に◆どんな場合も変わることがない方向や; 歴:◆通過点(時・時間や場所・位置など)を通(とお)って行く、また踏み越えて行く、通り過ぎる、経(へ)る、経過(ケイカ)する◆過ぎ去ったこと、通り過ぎたこと◆明らか
kk_経理_けいり,経理,けいり,経:◆たていと、布の縦方向の糸、横は「緯」◆南北の方向、東西は「緯」◆筋道、筋が通っている◆筋が通っていて変わることがない、常に◆どんな場合も変わることがない方向や; 理:◆玉(ギョク、大変美しい石)の筋目(すじめ)、規則正しく並んだ筋目◆物事の正しい筋道◆筋道を立てる、また立っている、筋を通す、また通っている◆筋道に沿って判断す,N1,on,on+on,A3_short_compound(on+on 71%),経:◆たていと、布の縦方向の糸、横は「緯」◆南北の方向、東西は「緯」◆筋道、筋が通っている◆筋が通っていて変わることがない、常に◆どんな場合も変わることがない方向や; 理:◆玉(ギョク、大変美しい石)の筋目(すじめ)、規則正しく並んだ筋目◆物事の正しい筋道◆筋道を立てる、また立っている、筋を通す、また通っている◆筋道に沿って判断す
kk_経緯_いきさつ,経緯,いきさつ,経:◆たていと、布の縦方向の糸、横は「緯」◆南北の方向、東西は「緯」◆筋道、筋が通っている◆筋が通っていて変わることがない、常に◆どんな場合も変わることがない方向や; 緯:◆よこいと、布の横方向の糸、縦糸は「経」◆東西の方向に延びる線状のもの、南北は「経」◆「讖緯(シンイ)」、主に漢代(前202年～220年)に広まった予言などにつ,N1,other,mixed+mixed~,,経:◆たていと、布の縦方向の糸、横は「緯」◆南北の方向、東西は「緯」◆筋道、筋が通っている◆筋が通っていて変わることがない、常に◆どんな場合も変わることがない方向や; 緯:◆よこいと、布の横方向の糸、縦糸は「経」◆東西の方向に延びる線状のもの、南北は「経」◆「讖緯(シンイ)」、主に漢代(前202年～220年)に広まった予言などにつ
kk_経緯_けいい,経緯,けいい,経:◆たていと、布の縦方向の糸、横は「緯」◆南北の方向、東西は「緯」◆筋道、筋が通っている◆筋が通っていて変わることがない、常に◆どんな場合も変わることがない方向や; 緯:◆よこいと、布の横方向の糸、縦糸は「経」◆東西の方向に延びる線状のもの、南北は「経」◆「讖緯(シンイ)」、主に漢代(前202年～220年)に広まった予言などにつ,N1,on,on+on,A3_short_compound(on+on 71%),経:◆たていと、布の縦方向の糸、横は「緯」◆南北の方向、東西は「緯」◆筋道、筋が通っている◆筋が通っていて変わることがない、常に◆どんな場合も変わることがない方向や; 緯:◆よこいと、布の横方向の糸、縦糸は「経」◆東西の方向に延びる線状のもの、南北は「経」◆「讖緯(シンイ)」、主に漢代(前202年～220年)に広まった予言などにつ
kk_経路_けいろ,経路,けいろ,経:◆たていと、布の縦方向の糸、横は「緯」◆南北の方向、東西は「緯」◆筋道、筋が通っている◆筋が通っていて変わることがない、常に◆どんな場合も変わることがない方向や; 路:◆通り道、都市内・集落内・城内・邸内などの連絡用の道◆道、人などが往来する道、「道路(ドウロ)」、同「道」◆行き方、方法◆天子や諸侯が乗る車、同「輅」◆宋(96,N1,on,on+on,A3_short_compound(on+on 71%) | B_verb_rad_足(kun 80%),経:◆たていと、布の縦方向の糸、横は「緯」◆南北の方向、東西は「緯」◆筋道、筋が通っている◆筋が通っていて変わることがない、常に◆どんな場合も変わることがない方向や; 路:◆通り道、都市内・集落内・城内・邸内などの連絡用の道◆道、人などが往来する道、「道路(ドウロ)」、同「道」◆行き方、方法◆天子や諸侯が乗る車、同「輅」◆宋(96
kk_経過_けいか,経過,けいか,経:◆たていと、布の縦方向の糸、横は「緯」◆南北の方向、東西は「緯」◆筋道、筋が通っている◆筋が通っていて変わることがない、常に◆どんな場合も変わることがない方向や; 過:◆度(ド、度合、節度、法度、限度、程度など)を越える(超える)◆度を越えて(超えて)しまう、誤(あやま)る◆時(とき、時代、時期、季節、月日、時間など)を通り越,N1,on,on+on,A3_short_compound(on+on 71%),経:◆たていと、布の縦方向の糸、横は「緯」◆南北の方向、東西は「緯」◆筋道、筋が通っている◆筋が通っていて変わることがない、常に◆どんな場合も変わることがない方向や; 過:◆度(ド、度合、節度、法度、限度、程度など)を越える(超える)◆度を越えて(超えて)しまう、誤(あやま)る◆時(とき、時代、時期、季節、月日、時間など)を通り越
kk_結び付き_むすびつき,結び付き,むすびつき,結:◆糸や紐(ひも)・縄(なわ)・綱(つな)などの両端を繋(つな)いで解(ほど)けないようにする◆解けたり緩(ゆる)んだりしないように締(し)める、しっかりと繋ぐ◆; 付:◆手ずから授(さず)ける、直接手を取って与える、同「仅」◆渡し与える、渡して任せる、委(ゆだ)ねる◆[日]他のものに加える、また添える、また足す、同「附」,N1,kun,kun+kun~,IL1_okurigana(kun 96%) | A1_compound_oku(kun 90%) | A1_on_kun_mix(on+kun 65%),結:◆糸や紐(ひも)・縄(なわ)・綱(つな)などの両端を繋(つな)いで解(ほど)けないようにする◆解けたり緩(ゆる)んだりしないように締(し)める、しっかりと繋ぐ◆; 付:◆手ずから授(さず)ける、直接手を取って与える、同「仅」◆渡し与える、渡して任せる、委(ゆだ)ねる◆[日]他のものに加える、また添える、また足す、同「附」
kk_結合_けつごう,結合,けつごう,結:◆糸や紐(ひも)・縄(なわ)・綱(つな)などの両端を繋(つな)いで解(ほど)けないようにする◆解けたり緩(ゆる)んだりしないように締(し)める、しっかりと繋ぐ◆; 合:◆人や物が集まって一緒になる、また一つになる◆幾つかのものを集め一緒にする、幾つかのものが集まり同じになる◆同じものを纏(まと)めた全体◆ぴったりと一致する、当,N1,on,on+on,,結:◆糸や紐(ひも)・縄(なわ)・綱(つな)などの両端を繋(つな)いで解(ほど)けないようにする◆解けたり緩(ゆる)んだりしないように締(し)める、しっかりと繋ぐ◆; 合:◆人や物が集まって一緒になる、また一つになる◆幾つかのものを集め一緒にする、幾つかのものが集まり同じになる◆同じものを纏(まと)めた全体◆ぴったりと一致する、当
kk_結成_けっせい,結成,けっせい,結:◆糸や紐(ひも)・縄(なわ)・綱(つな)などの両端を繋(つな)いで解(ほど)けないようにする◆解けたり緩(ゆる)んだりしないように締(し)める、しっかりと繋ぐ◆; 成:◆為(な)す、形や状態などを変えようとする、また変わろうとする◆本来の形や状態になる、目的・目標を持って働き、当初の目的・目標に達する、出来上がる、仕上がる、「,N1,on,on+on,,結:◆糸や紐(ひも)・縄(なわ)・綱(つな)などの両端を繋(つな)いで解(ほど)けないようにする◆解けたり緩(ゆる)んだりしないように締(し)める、しっかりと繋ぐ◆; 成:◆為(な)す、形や状態などを変えようとする、また変わろうとする◆本来の形や状態になる、目的・目標を持って働き、当初の目的・目標に達する、出来上がる、仕上がる、「
kk_結晶_けっしょう,結晶,けっしょう,結:◆糸や紐(ひも)・縄(なわ)・綱(つな)などの両端を繋(つな)いで解(ほど)けないようにする◆解けたり緩(ゆる)んだりしないように締(し)める、しっかりと繋ぐ◆; 晶:◆汚(けが)れがなく澄(す)んだ光、それがきらきらと光る、光り輝(かがや)く◆「水晶(スイショウ)」の略称,N1,on,on+on,,結:◆糸や紐(ひも)・縄(なわ)・綱(つな)などの両端を繋(つな)いで解(ほど)けないようにする◆解けたり緩(ゆる)んだりしないように締(し)める、しっかりと繋ぐ◆; 晶:◆汚(けが)れがなく澄(す)んだ光、それがきらきらと光る、光り輝(かがや)く◆「水晶(スイショウ)」の略称
kk_結束_けっそく,結束,けっそく,結:◆糸や紐(ひも)・縄(なわ)・綱(つな)などの両端を繋(つな)いで解(ほど)けないようにする◆解けたり緩(ゆる)んだりしないように締(し)める、しっかりと繋ぐ◆; 束:◆(長いものを)縛(しば)って一つにする、一つに纏(まと)める、同「捒」◆縛って一つにしたものの数を表す語◆縛る、縛ってばらばらにならないようにする、自由を制限,N1,on,on+on,B_noun_rad_木(kun 93%),結:◆糸や紐(ひも)・縄(なわ)・綱(つな)などの両端を繋(つな)いで解(ほど)けないようにする◆解けたり緩(ゆる)んだりしないように締(し)める、しっかりと繋ぐ◆; 束:◆(長いものを)縛(しば)って一つにする、一つに纏(まと)める、同「捒」◆縛って一つにしたものの数を表す語◆縛る、縛ってばらばらにならないようにする、自由を制限
kk_絡む_からむ,絡む,からむ,絡:◆短い糸の繊維、同「絮」、「【 說文解字:糸部:絡】絮也一曰麻未漚也」◆短い糸(或いは糸状・筋状のもの)が縺(もつ)れる、縺れ繋(つな)がる◆短い糸を繋げる、次,N1,kun,kun,IL1_okurigana(kun 96%) | IL2_single_okuri(kun 96%),絡:◆短い糸の繊維、同「絮」、「【 說文解字:糸部:絡】絮也一曰麻未漚也」◆短い糸(或いは糸状・筋状のもの)が縺(もつ)れる、縺れ繋(つな)がる◆短い糸を繋げる、次
kk_給う/賜う_たまう,給う/賜う,たまう,給:◆足りていないところ(加える必要があるところ)に足して繋(つな)ぎ合わせる◆必要があるところに必要とするものを補(おぎな)う、足して足りるようにする◆上位の人(; 賜:◆上位の者が下位の者に物や位などを与える、恵(めぐ)む◆下位の者が上位の者から物や位などを頂戴する、授(さず)かりもの,N1,kun,kun+kun~,IL1_okurigana(kun 96%) | A1_compound_oku(kun 90%) | A1_on_kun_mix(on+kun 65%),給:◆足りていないところ(加える必要があるところ)に足して繋(つな)ぎ合わせる◆必要があるところに必要とするものを補(おぎな)う、足して足りるようにする◆上位の人(; 賜:◆上位の者が下位の者に物や位などを与える、恵(めぐ)む◆下位の者が上位の者から物や位などを頂戴する、授(さず)かりもの
kk_統制_とうせい,統制,とうせい,統:◆糸口、糸や物事の端緒◆一つの糸口に繋がって伸び広がる、また続いて行く、遡れば一つの端緒に行き着く、またそのような物事◆一つの物事を端緒・頂点としてその下にばら; 制:◆断(た)つ、切る◆断って目的とする形にする、また形を整(ととの)える、同繁「製」、同「剬」◆決まり、規則、法(ホウ)◆枠(わく)をはみ出さないように押さえる、,N1,on,on+on,B_verb_rad_刀(kun 80%),統:◆糸口、糸や物事の端緒◆一つの糸口に繋がって伸び広がる、また続いて行く、遡れば一つの端緒に行き着く、またそのような物事◆一つの物事を端緒・頂点としてその下にばら; 制:◆断(た)つ、切る◆断って目的とする形にする、また形を整(ととの)える、同繁「製」、同「剬」◆決まり、規則、法(ホウ)◆枠(わく)をはみ出さないように押さえる、
kk_統合_とうごう,統合,とうごう,統:◆糸口、糸や物事の端緒◆一つの糸口に繋がって伸び広がる、また続いて行く、遡れば一つの端緒に行き着く、またそのような物事◆一つの物事を端緒・頂点としてその下にばら; 合:◆人や物が集まって一緒になる、また一つになる◆幾つかのものを集め一緒にする、幾つかのものが集まり同じになる◆同じものを纏(まと)めた全体◆ぴったりと一致する、当,N1,on,on+on,,統:◆糸口、糸や物事の端緒◆一つの糸口に繋がって伸び広がる、また続いて行く、遡れば一つの端緒に行き着く、またそのような物事◆一つの物事を端緒・頂点としてその下にばら; 合:◆人や物が集まって一緒になる、また一つになる◆幾つかのものを集め一緒にする、幾つかのものが集まり同じになる◆同じものを纏(まと)めた全体◆ぴったりと一致する、当
kk_統率_とうそつ,統率,とうそつ,統:◆糸口、糸や物事の端緒◆一つの糸口に繋がって伸び広がる、また続いて行く、遡れば一つの端緒に行き着く、またそのような物事◆一つの物事を端緒・頂点としてその下にばら; 率:◆鳥を捕らえるための網、一網打尽にする網◆ひき・いる、全体(集団)が乱れないよう一つに纏(まと)める、「統率(トウソツ)」◆従う、纏まり・基準などからはみ出ない,N1,on,on+on,,統:◆糸口、糸や物事の端緒◆一つの糸口に繋がって伸び広がる、また続いて行く、遡れば一つの端緒に行き着く、またそのような物事◆一つの物事を端緒・頂点としてその下にばら; 率:◆鳥を捕らえるための網、一網打尽にする網◆ひき・いる、全体(集団)が乱れないよう一つに纏(まと)める、「統率(トウソツ)」◆従う、纏まり・基準などからはみ出ない
kk_絶望_ぜつぼう,絶望,ぜつぼう,絶:◆(一本の糸・続いているもの・繋がっているものを途中で)断(た)ち切る、切り離す、同「𢇍」「𠤉」◆きっぱりと分(わ)かつ◆(それまで続いていたもの・繋がっていた; 望:◆待っている人や物事の到着をまだかまだかと待つ、期待する、そうなって欲しいと思う◆(待ち望む方を)見やる、遠くを見やる◆仰ぎ見る、他から仰ぎ見られる◆もち、陰暦,N1,on,on+on,,絶:◆(一本の糸・続いているもの・繋がっているものを途中で)断(た)ち切る、切り離す、同「𢇍」「𠤉」◆きっぱりと分(わ)かつ◆(それまで続いていたもの・繋がっていた; 望:◆待っている人や物事の到着をまだかまだかと待つ、期待する、そうなって欲しいと思う◆(待ち望む方を)見やる、遠くを見やる◆仰ぎ見る、他から仰ぎ見られる◆もち、陰暦
kk_絶版_ぜっぱん,絶版,ぜっぱん,絶:◆(一本の糸・続いているもの・繋がっているものを途中で)断(た)ち切る、切り離す、同「𢇍」「𠤉」◆きっぱりと分(わ)かつ◆(それまで続いていたもの・繋がっていた; 版:◆印刷する文字や絵などを彫(ほ)り込んだ板、同「板」◆印刷物用の板(版)に関する語、「出版(シュッパン、出版物の印刷が出来上がること、書籍・出版物を刊行すること,N1,on,mixed+on~,,絶:◆(一本の糸・続いているもの・繋がっているものを途中で)断(た)ち切る、切り離す、同「𢇍」「𠤉」◆きっぱりと分(わ)かつ◆(それまで続いていたもの・繋がっていた; 版:◆印刷する文字や絵などを彫(ほ)り込んだ板、同「板」◆印刷物用の板(版)に関する語、「出版(シュッパン、出版物の印刷が出来上がること、書籍・出版物を刊行すること
kk_継ぎ目_つぎめ,継ぎ目,つぎめ,継:◆切れている糸を繋(つな)ぐ、途切れないように前にあるものの後に続ける(続く)、同「㡭」◆前の物事を受けて続ける◆[日]まま、法的には親子関係であるが親と子の間; 目:◆眼(め、眼球ガンキュウ、黒目くろめ)・白目(しろめ、結膜ケツマク)・視神経などを含むものを見る器官全体、またその形状や様子や機能◆ものを見る、また見分ける◆眼,N1,kun,kun+kun~,IL1_okurigana(kun 96%) | A1_compound_oku(kun 90%) | A1_on_kun_mix(on+kun 65%),継:◆切れている糸を繋(つな)ぐ、途切れないように前にあるものの後に続ける(続く)、同「㡭」◆前の物事を受けて続ける◆[日]まま、法的には親子関係であるが親と子の間; 目:◆眼(め、眼球ガンキュウ、黒目くろめ)・白目(しろめ、結膜ケツマク)・視神経などを含むものを見る器官全体、またその形状や様子や機能◆ものを見る、また見分ける◆眼
kk_継ぐ_つぐ,継ぐ,つぐ,継:◆切れている糸を繋(つな)ぐ、途切れないように前にあるものの後に続ける(続く)、同「㡭」◆前の物事を受けて続ける◆[日]まま、法的には親子関係であるが親と子の間,N1,kun,kun,IL1_okurigana(kun 96%) | IL2_single_okuri(kun 96%),継:◆切れている糸を繋(つな)ぐ、途切れないように前にあるものの後に続ける(続く)、同「㡭」◆前の物事を受けて続ける◆[日]まま、法的には親子関係であるが親と子の間
kk_継承_けいしょう,継承,けいしょう,継:◆切れている糸を繋(つな)ぐ、途切れないように前にあるものの後に続ける(続く)、同「㡭」◆前の物事を受けて続ける◆[日]まま、法的には親子関係であるが親と子の間; 承:◆上にあるものを掌(てのひら)で受ける◆上位者からの授(さず)かりものを下位者が恭(うやうや)しく両手で受ける、また受け取る◆上位者からの命令や意向などを受ける,N1,on,on+on,B_verb_rad_手(kun 80%),継:◆切れている糸を繋(つな)ぐ、途切れないように前にあるものの後に続ける(続く)、同「㡭」◆前の物事を受けて続ける◆[日]まま、法的には親子関係であるが親と子の間; 承:◆上にあるものを掌(てのひら)で受ける◆上位者からの授(さず)かりものを下位者が恭(うやうや)しく両手で受ける、また受け取る◆上位者からの命令や意向などを受ける
kk_続々と_ぞくぞくと,続々と,ぞくぞくと,続:◆切れることなく繋(つな)がる、また連(つら)なる◆前との関係を保ちながら次々に繋がって行く、「継続(ケイゾク)」「連続(レンゾク)」◆前の物事を受け、それを後,N1,on,on,IL1_okurigana(kun 96%) | IL2_single_okuri(kun 96%),続:◆切れることなく繋(つな)がる、また連(つら)なる◆前との関係を保ちながら次々に繋がって行く、「継続(ケイゾク)」「連続(レンゾク)」◆前の物事を受け、それを後
kk_綴じる_とじる,綴じる,とじる,綴:◆糸で縫(ぬ)い繋(つな)ぎ合わせる、縫い合わせる◆隙(すき)がないように繋ぐ、また連(つら)ねる◆言葉を繋ぎ連ねて文章などを作る,N1,kun,kun,IL1_okurigana(kun 96%) | IL2_single_okuri(kun 96%),綴:◆糸で縫(ぬ)い繋(つな)ぎ合わせる、縫い合わせる◆隙(すき)がないように繋ぐ、また連(つら)ねる◆言葉を繋ぎ連ねて文章などを作る
kk_綻びる_ほころびる,綻びる,ほころびる,綻:◆衣服が破れる、解(ほど)けて中が見える、裂けて中が露(あらわ)になる◆蕾が開く,N1,kun,kun,IL1_okurigana(kun 96%) | IL2_single_okuri(kun 96%),綻:◆衣服が破れる、解(ほど)けて中が見える、裂けて中が露(あらわ)になる◆蕾が開く
kk_緊密_きんみつ,緊密,きんみつ,緊:◆きつく縒(よ)り合わせる◆隙間ができないように強く締める、堅く引き締める、弛(たる)みがないようにピンと張る◆隙間がないさま、余裕がないさま; 密:◆ぴったりとくっついて隙間がない◆閉ざされていて或いは奥まっていて外から見えない、また窺い知れない◆広く大きく物音や人の声が届いて来ない、ひっそりとした◆山深く,N1,on,on+on,B_noun_rad_宀(kun 93%),緊:◆きつく縒(よ)り合わせる◆隙間ができないように強く締める、堅く引き締める、弛(たる)みがないようにピンと張る◆隙間がないさま、余裕がないさま; 密:◆ぴったりとくっついて隙間がない◆閉ざされていて或いは奥まっていて外から見えない、また窺い知れない◆広く大きく物音や人の声が届いて来ない、ひっそりとした◆山深く
kk_総会_そうかい,総会,そうかい,総:◆纏(まと)める、纏めて一つにする、同「總」「揔」「惣」◆すべ・て、全て、皆(みな)、遍(あまね)く、同「總」「揔」「惣」◆ふさ、長い糸や紐の一方を束ね、もう片; 会:◆人が集まる、同じ時間や場所に(同じ目的で)集まる、「会合(カイゴウ)」◆多くの人が(出向いて)集まる、また集まったところ、「集会(シュウカイ)」「都会(トカイ,N1,on,on+on,,総:◆纏(まと)める、纏めて一つにする、同「總」「揔」「惣」◆すべ・て、全て、皆(みな)、遍(あまね)く、同「總」「揔」「惣」◆ふさ、長い糸や紐の一方を束ね、もう片; 会:◆人が集まる、同じ時間や場所に(同じ目的で)集まる、「会合(カイゴウ)」◆多くの人が(出向いて)集まる、また集まったところ、「集会(シュウカイ)」「都会(トカイ
kk_総長_そうちょう,総長,そうちょう,総:◆纏(まと)める、纏めて一つにする、同「總」「揔」「惣」◆すべ・て、全て、皆(みな)、遍(あまね)く、同「總」「揔」「惣」◆ふさ、長い糸や紐の一方を束ね、もう片; 長:◆距離や時間などが途切れることなく連なっている、離れたところまでずぅっと続いている、途切れなく続いているものの二点(両端)が大きく隔(へだ)たっている、またその,N1,on,on+on,,総:◆纏(まと)める、纏めて一つにする、同「總」「揔」「惣」◆すべ・て、全て、皆(みな)、遍(あまね)く、同「總」「揔」「惣」◆ふさ、長い糸や紐の一方を束ね、もう片; 長:◆距離や時間などが途切れることなく連なっている、離れたところまでずぅっと続いている、途切れなく続いているものの二点(両端)が大きく隔(へだ)たっている、またその
kk_線香_せんこう,線香,せんこう,線:◆糸や紐(ひも)、糸や紐のように細く長いもの、同「綫」「絤」「𦇫」「綖」◆糸や紐のように途切れずに長く延びているもの、二つの点と点を結ぶもの、またその形状や状態; 香:◆(穀物の)良い匂い、甘く芳(かぐわ)しい匂い、同「𪏽」「䅨」◆芳(かんば)しい、甘く芳(かぐわ)しい◆甘く良い匂いを発するもの◆美味(おい)しい、美味しいそう,N1,on,on+on,,線:◆糸や紐(ひも)、糸や紐のように細く長いもの、同「綫」「絤」「𦇫」「綖」◆糸や紐のように途切れずに長く延びているもの、二つの点と点を結ぶもの、またその形状や状態; 香:◆(穀物の)良い匂い、甘く芳(かぐわ)しい匂い、同「𪏽」「䅨」◆芳(かんば)しい、甘く芳(かぐわ)しい◆甘く良い匂いを発するもの◆美味(おい)しい、美味しいそう
kk_締結_ていけつ,締結,ていけつ,締:◆しっかりと結ぶ、解(ほど)けたり緩(ゆる)んだりしないように結ぶ、結び合わせる◆しっかりと閉(と)じる、閉(し)める◆[日]すっかりおしまいにする、合計する; 結:◆糸や紐(ひも)・縄(なわ)・綱(つな)などの両端を繋(つな)いで解(ほど)けないようにする◆解けたり緩(ゆる)んだりしないように締(し)める、しっかりと繋ぐ◆,N1,on,on+on,,締:◆しっかりと結ぶ、解(ほど)けたり緩(ゆる)んだりしないように結ぶ、結び合わせる◆しっかりと閉(と)じる、閉(し)める◆[日]すっかりおしまいにする、合計する; 結:◆糸や紐(ひも)・縄(なわ)・綱(つな)などの両端を繋(つな)いで解(ほど)けないようにする◆解けたり緩(ゆる)んだりしないように締(し)める、しっかりと繋ぐ◆
kk_編成_へんせい,編成,へんせい,編:◆竹簡や木簡を一つの纏まった文書・記録・書物になるように順に揃え結わいて綴じる、またそのための綴じ紐◆ばらばらのものを集め順序立てて並べ一つのものに組み上げる◆; 成:◆為(な)す、形や状態などを変えようとする、また変わろうとする◆本来の形や状態になる、目的・目標を持って働き、当初の目的・目標に達する、出来上がる、仕上がる、「,N1,on,on+on,,編:◆竹簡や木簡を一つの纏まった文書・記録・書物になるように順に揃え結わいて綴じる、またそのための綴じ紐◆ばらばらのものを集め順序立てて並べ一つのものに組み上げる◆; 成:◆為(な)す、形や状態などを変えようとする、また変わろうとする◆本来の形や状態になる、目的・目標を持って働き、当初の目的・目標に達する、出来上がる、仕上がる、「
kk_緩む_ゆるむ,緩む,ゆるむ,緩:◆ゆったりとした、きつくない◆張り詰めていた力や締め付けていた力を抜く◆負荷を軽くする、余裕を持たす◆ゆっくりした、鈍(のろ)い,N1,kun,kun,IL1_okurigana(kun 96%) | IL2_single_okuri(kun 96%),緩:◆ゆったりとした、きつくない◆張り詰めていた力や締め付けていた力を抜く◆負荷を軽くする、余裕を持たす◆ゆっくりした、鈍(のろ)い
kk_緩める/弛める_ゆるめる,緩める/弛める,ゆるめる,緩:◆ゆったりとした、きつくない◆張り詰めていた力や締め付けていた力を抜く◆負荷を軽くする、余裕を持たす◆ゆっくりした、鈍(のろ)い; 弛:◆ぴんと張っていた弦を緩(ゆる)める、張り詰めていた力や気を抜く,N1,kun,kun+kun~,IL1_okurigana(kun 96%) | A1_compound_oku(kun 90%) | A1_on_kun_mix(on+kun 65%),緩:◆ゆったりとした、きつくない◆張り詰めていた力や締め付けていた力を抜く◆負荷を軽くする、余裕を持たす◆ゆっくりした、鈍(のろ)い; 弛:◆ぴんと張っていた弦を緩(ゆる)める、張り詰めていた力や気を抜く
kk_緩やか_ゆるやか,緩やか,ゆるやか,緩:◆ゆったりとした、きつくない◆張り詰めていた力や締め付けていた力を抜く◆負荷を軽くする、余裕を持たす◆ゆっくりした、鈍(のろ)い,N1,kun,kun,IL1_okurigana(kun 96%) | IL2_single_okuri(kun 96%),緩:◆ゆったりとした、きつくない◆張り詰めていた力や締め付けていた力を抜く◆負荷を軽くする、余裕を持たす◆ゆっくりした、鈍(のろ)い
kk_緩和_かんわ,緩和,かんわ,緩:◆ゆったりとした、きつくない◆張り詰めていた力や締め付けていた力を抜く◆負荷を軽くする、余裕を持たす◆ゆっくりした、鈍(のろ)い; 和:◆大き過ぎず小さ過ぎない、硬過ぎず柔らか過ぎない、暑過ぎず寒過ぎない、釣り合いが取れてちょうどよいさま、程好(ほどよ)いさま、適度なさま◆気に掛ることも気に障る,N1,on,on+on,A3_short_compound(on+on 71%),緩:◆ゆったりとした、きつくない◆張り詰めていた力や締め付けていた力を抜く◆負荷を軽くする、余裕を持たす◆ゆっくりした、鈍(のろ)い; 和:◆大き過ぎず小さ過ぎない、硬過ぎず柔らか過ぎない、暑過ぎず寒過ぎない、釣り合いが取れてちょうどよいさま、程好(ほどよ)いさま、適度なさま◆気に掛ることも気に障る
kk_練る_ねる,練る,ねる,練:◆生糸や絹布を繰り返し煮て柔らかく白くする、同「湅」◆熟(こな)れていないものを繰り返し鍛(きた)える、鍛えて良いものにする◆習熟(シュウジュク)する、繰り返し,N1,kun,kun,IL1_okurigana(kun 96%) | IL2_single_okuri(kun 96%),練:◆生糸や絹布を繰り返し煮て柔らかく白くする、同「湅」◆熟(こな)れていないものを繰り返し鍛(きた)える、鍛えて良いものにする◆習熟(シュウジュク)する、繰り返し
kk_縁_えん,縁,えん,縁:◆衣服の端(はじ)◆面状のものの先端、物の周辺部、一般にはそこで途切れその先がないところを指す、その先も同じような状態で続いているものの境目は「辺」、線状・棒状,N1,on,on,IL2_single_default(kun 84%),縁:◆衣服の端(はじ)◆面状のものの先端、物の周辺部、一般にはそこで途切れその先がないところを指す、その先も同じような状態で続いているものの境目は「辺」、線状・棒状
kk_縁談_えんだん,縁談,えんだん,縁:◆衣服の端(はじ)◆面状のものの先端、物の周辺部、一般にはそこで途切れその先がないところを指す、その先も同じような状態で続いているものの境目は「辺」、線状・棒状; 談:◆物語、物語る、同「譚」◆寛いで話をする、盛んに語り合う,N1,on,on+on,B_verb_rad_言(kun 80%),縁:◆衣服の端(はじ)◆面状のものの先端、物の周辺部、一般にはそこで途切れその先がないところを指す、その先も同じような状態で続いているものの境目は「辺」、線状・棒状; 談:◆物語、物語る、同「譚」◆寛いで話をする、盛んに語り合う
kk_縁起_えんぎ,縁起,えんぎ,縁:◆衣服の端(はじ)◆面状のものの先端、物の周辺部、一般にはそこで途切れその先がないところを指す、その先も同じような状態で続いているものの境目は「辺」、線状・棒状; 起:◆(横になっている状態・低い状態から上に向かって)立つ、立ち上がる、立たせる、立ち上げる◆(それまで動きのなかった物事が)動き出す、動き始める◆物事を動かす、始,N1,other,mixed+mixed~,A3_short_compound(on+on 71%),縁:◆衣服の端(はじ)◆面状のものの先端、物の周辺部、一般にはそこで途切れその先がないところを指す、その先も同じような状態で続いているものの境目は「辺」、線状・棒状; 起:◆(横になっている状態・低い状態から上に向かって)立つ、立ち上がる、立たせる、立ち上げる◆(それまで動きのなかった物事が)動き出す、動き始める◆物事を動かす、始
kk_縁起物_えんぎもの,縁起物,えんぎもの,縁:◆衣服の端(はじ)◆面状のものの先端、物の周辺部、一般にはそこで途切れその先がないところを指す、その先も同じような状態で続いているものの境目は「辺」、線状・棒状; 起:◆(横になっている状態・低い状態から上に向かって)立つ、立ち上がる、立たせる、立ち上げる◆(それまで動きのなかった物事が)動き出す、動き始める◆物事を動かす、始; 物:◆(天地の間に存在する)人以外の形のあるもの、人は「者」、形のないものは「事」,N1,other,mixed+mixed+mixed~,A4_multi_on(on+on+on 65%) | B_noun_rad_牛(kun 93%),縁:◆衣服の端(はじ)◆面状のものの先端、物の周辺部、一般にはそこで途切れその先がないところを指す、その先も同じような状態で続いているものの境目は「辺」、線状・棒状; 起:◆(横になっている状態・低い状態から上に向かって)立つ、立ち上がる、立たせる、立ち上げる◆(それまで動きのなかった物事が)動き出す、動き始める◆物事を動かす、始; 物:◆(天地の間に存在する)人以外の形のあるもの、人は「者」、形のないものは「事」
kk_縺れる_もつれる,縺れる,もつれる,縺:◆(糸や紐などが)絡(から)み合う、絡み合って解(と)けない,N1,kun,kun,IL1_okurigana(kun 96%) | IL2_single_okuri(kun 96%),縺:◆(糸や紐などが)絡(から)み合う、絡み合って解(と)けない
kk_繁盛_はんじょう,繁盛,はんじょう,繁:◆(馬の鬣たてがみの)房状の飾り、同「緐」「𥿋」◆数や回数が多いさま、夥(おびただ)しいさま◆盛んなさま、勢いや活力があるさま、「繁華(ハンカ◇花が咲き乱れるさ; 盛:◆器(うつわ)に山のようにものを入れる、山のように積み上げる、これ以上は入らないという程に入れる◆一杯になるさま、満ち溢(あふ)れるさま、豊かなさま◆力や勢いが,N1,on,on+on,,繁:◆(馬の鬣たてがみの)房状の飾り、同「緐」「𥿋」◆数や回数が多いさま、夥(おびただ)しいさま◆盛んなさま、勢いや活力があるさま、「繁華(ハンカ◇花が咲き乱れるさ; 盛:◆器(うつわ)に山のようにものを入れる、山のように積み上げる、これ以上は入らないという程に入れる◆一杯になるさま、満ち溢(あふ)れるさま、豊かなさま◆力や勢いが
kk_繊細_せんさい,繊細,せんさい,繊:◆細(ほそ)い、細(こま)かい、小さい◆細い絹糸で織った薄い布◆金銭や損得に細かい◆10の-7乗; 細:◆小さい◆幅が狭い◆(細く)弱々しいさま、しなやかなさま◆(細部にまで亘って)詳(くわ)しい,N1,on,on+on,,繊:◆細(ほそ)い、細(こま)かい、小さい◆細い絹糸で織った薄い布◆金銭や損得に細かい◆10の-7乗; 細:◆小さい◆幅が狭い◆(細く)弱々しいさま、しなやかなさま◆(細部にまで亘って)詳(くわ)しい
kk_織る_おる,織る,おる,"織:◆経糸(たていと)と緯糸(よこいと)を""十""状に交差させて布を作る、またそのようにして作り上げた布、「機織(はたおり)」◆幾つかのものを組み合わせて一つのものに",N1,kun,kun,IL1_okurigana(kun 96%) | IL2_single_okuri(kun 96%),"織:◆経糸(たていと)と緯糸(よこいと)を""十""状に交差させて布を作る、またそのようにして作り上げた布、「機織(はたおり)」◆幾つかのものを組み合わせて一つのものに"
kk_繕う_つくろう,繕う,つくろう,繕:◆衣服の綻(ほころ)びなどを元通りにする、補修する、同「敾」◆間違いや欠けたところなどを補い修正しながら書き写す、同「𧭽」,N1,kun,kun,IL1_okurigana(kun 96%) | IL2_single_okuri(kun 96%),繕:◆衣服の綻(ほころ)びなどを元通りにする、補修する、同「敾」◆間違いや欠けたところなどを補い修正しながら書き写す、同「𧭽」
kk_纏まり_まとまり,纏まり,まとまり,纏:◆周りから幾つかのものを解(ほつ)れないようにしっかりと付ける、「衣服を纏う」は「開(はだ)けたり脱げ落ちたりしないようにしっかりと身に着ける」の意◆幾つかのも,N1,kun,kun,IL1_okurigana(kun 96%) | IL2_single_okuri(kun 96%),纏:◆周りから幾つかのものを解(ほつ)れないようにしっかりと付ける、「衣服を纏う」は「開(はだ)けたり脱げ落ちたりしないようにしっかりと身に着ける」の意◆幾つかのも
kk_罵る_ののしる,罵る,ののしる,罵:◆悪口を浴びせ掛ける、「罵詈(バリ)」◆刑罰の一つ、罪を厳しく責(せ)め咎(とが)める言葉を浴びせ掛ける刑罰、同「傌」,N1,kun,kun,IL1_okurigana(kun 96%) | IL2_single_okuri(kun 96%),罵:◆悪口を浴びせ掛ける、「罵詈(バリ)」◆刑罰の一つ、罪を厳しく責(せ)め咎(とが)める言葉を浴びせ掛ける刑罰、同「傌」
kk_群がる_むらがる,群がる,むらがる,群:◆同類のものが数多く集まる、またそのさま◆同類のものの集団,N1,kun,kun,IL1_okurigana(kun 96%) | IL2_single_okuri(kun 96%),群:◆同類のものが数多く集まる、またそのさま◆同類のものの集団
kk_群衆_ぐんしゅう,群衆,ぐんしゅう,群:◆同類のものが数多く集まる、またそのさま◆同類のものの集団; 衆:◆大勢の人、多くの人、同「乑」「𧰨」◆一般の人、「【後漢書:卷七十九:王充王符仲長統列傳】…然則寡者爲人上者也衆者爲人下者也…」◆大勢の、たくさんの、多い,N1,on,on+on,,群:◆同類のものが数多く集まる、またそのさま◆同類のものの集団; 衆:◆大勢の人、多くの人、同「乑」「𧰨」◆一般の人、「【後漢書:卷七十九:王充王符仲長統列傳】…然則寡者爲人上者也衆者爲人下者也…」◆大勢の、たくさんの、多い
kk_群集_ぐんしゅう,群集,ぐんしゅう,群:◆同類のものが数多く集まる、またそのさま◆同類のものの集団; 集:◆多くのものが同じところに寄り合う、多くの人が同じところに会(カイ)する◆多くのものが一つになる、また一つにする、また一つになったもの、また一つにしたもの◆多く,N1,on,on+on,,群:◆同類のものが数多く集まる、またそのさま◆同類のものの集団; 集:◆多くのものが同じところに寄り合う、多くの人が同じところに会(カイ)する◆多くのものが一つになる、また一つにする、また一つになったもの、また一つにしたもの◆多く
kk_義理_ぎり,義理,ぎり,義:◆広く良い・正しいと認められていること、また経験則(多くの経験を積むことで得られる道理)に適(かな)っていること◆人が進むべき道、則(のっと)るべき考え、「義士; 理:◆玉(ギョク、大変美しい石)の筋目(すじめ)、規則正しく並んだ筋目◆物事の正しい筋道◆筋道を立てる、また立っている、筋を通す、また通っている◆筋道に沿って判断す,N1,on,on+on,A3_short_compound(on+on 71%),義:◆広く良い・正しいと認められていること、また経験則(多くの経験を積むことで得られる道理)に適(かな)っていること◆人が進むべき道、則(のっと)るべき考え、「義士; 理:◆玉(ギョク、大変美しい石)の筋目(すじめ)、規則正しく並んだ筋目◆物事の正しい筋道◆筋道を立てる、また立っている、筋を通す、また通っている◆筋道に沿って判断す
kk_義理堅い_ぎりがたい,義理堅い,ぎりがたい,義:◆広く良い・正しいと認められていること、また経験則(多くの経験を積むことで得られる道理)に適(かな)っていること◆人が進むべき道、則(のっと)るべき考え、「義士; 理:◆玉(ギョク、大変美しい石)の筋目(すじめ)、規則正しく並んだ筋目◆物事の正しい筋道◆筋道を立てる、また立っている、筋を通す、また通っている◆筋道に沿って判断す; 堅:◆しっかりしている、しっかりしていて揺(ゆ)るがない、また緩(ゆる)まない¶「固」「硬」,N1,on,on+mixed+mixed~,IL1_okurigana(kun 96%) | A1_compound_oku(kun 90%) | A1_on_kun_mix(on+kun 65%),義:◆広く良い・正しいと認められていること、また経験則(多くの経験を積むことで得られる道理)に適(かな)っていること◆人が進むべき道、則(のっと)るべき考え、「義士; 理:◆玉(ギョク、大変美しい石)の筋目(すじめ)、規則正しく並んだ筋目◆物事の正しい筋道◆筋道を立てる、また立っている、筋を通す、また通っている◆筋道に沿って判断す; 堅:◆しっかりしている、しっかりしていて揺(ゆ)るがない、また緩(ゆる)まない¶「固」「硬」
kk_老いる_おいる,老いる,おいる,老:◆年齢を重ねる、年齢を重ねて髪が白くなる、また衰(おとろ)える、またそのような人やもの◆年齢を重ねて多くの経験を積む、また積んだ人、またそのような人に対する敬称,N1,kun,kun,IL1_okurigana(kun 96%) | IL2_single_okuri(kun 96%),老:◆年齢を重ねる、年齢を重ねて髪が白くなる、また衰(おとろ)える、またそのような人やもの◆年齢を重ねて多くの経験を積む、また積んだ人、またそのような人に対する敬称
kk_老若男女_ろうにゃくなんにょ,老若男女,ろうにゃくなんにょ,老:◆年齢を重ねる、年齢を重ねて髪が白くなる、また衰(おとろ)える、またそのような人やもの◆年齢を重ねて多くの経験を積む、また積んだ人、またそのような人に対する敬称; 若:◆わか・い、柔(やわ)らかくしなやかなさま、生まれて間もないさま◆柔らかい(しなやかな、若い)草木◆逆(さか)らわずに従(したが)う◆もし～、仮に、或いは、もし; 男:◆雄(ユウ、おす)としての特性を持つ人、女(雌めすとしての特性を持つ人)と対になる性の一方、「田畑で力仕事をする人」の意◆息子(むすこ)◆親に対しての息子の自称,N1,on,on+on+on+on,A4_multi_on(on+on+on+on 65%),老:◆年齢を重ねる、年齢を重ねて髪が白くなる、また衰(おとろ)える、またそのような人やもの◆年齢を重ねて多くの経験を積む、また積んだ人、またそのような人に対する敬称; 若:◆わか・い、柔(やわ)らかくしなやかなさま、生まれて間もないさま◆柔らかい(しなやかな、若い)草木◆逆(さか)らわずに従(したが)う◆もし～、仮に、或いは、もし; 男:◆雄(ユウ、おす)としての特性を持つ人、女(雌めすとしての特性を持つ人)と対になる性の一方、「田畑で力仕事をする人」の意◆息子(むすこ)◆親に対しての息子の自称
kk_老衰_ろうすい,老衰,ろうすい,老:◆年齢を重ねる、年齢を重ねて髪が白くなる、また衰(おとろ)える、またそのような人やもの◆年齢を重ねて多くの経験を積む、また積んだ人、またそのような人に対する敬称; 衰:◆少しずつ小さくなる、大きいものが小さくなる、次第に細る、太いものが細くなる、次第に弱る、強いものが弱くなる◆蓑(みの)、背中に羽織って雨雪を防ぐ藁などで作った,N1,on,on+on,,老:◆年齢を重ねる、年齢を重ねて髪が白くなる、また衰(おとろ)える、またそのような人やもの◆年齢を重ねて多くの経験を積む、また積んだ人、またそのような人に対する敬称; 衰:◆少しずつ小さくなる、大きいものが小さくなる、次第に細る、太いものが細くなる、次第に弱る、強いものが弱くなる◆蓑(みの)、背中に羽織って雨雪を防ぐ藁などで作った
kk_耐える_たえる,耐える,たえる,耐:◆粘り強く厳しさや辛(つら)さなどを我慢する、また持ち堪(こた)える◆能(よ)くする◆懲(こ)らしめのために頬髭(ほおひげ)を剃(そ)り落とす、軽い刑罰の一つ、,N1,kun,kun,IL1_okurigana(kun 96%) | IL2_single_okuri(kun 96%),耐:◆粘り強く厳しさや辛(つら)さなどを我慢する、また持ち堪(こた)える◆能(よ)くする◆懲(こ)らしめのために頬髭(ほおひげ)を剃(そ)り落とす、軽い刑罰の一つ、
kk_耐久力_たいきゅうりょく,耐久力,たいきゅうりょく,耐:◆粘り強く厳しさや辛(つら)さなどを我慢する、また持ち堪(こた)える◆能(よ)くする◆懲(こ)らしめのために頬髭(ほおひげ)を剃(そ)り落とす、軽い刑罰の一つ、; 久:◆長い時間が経っている◆長い間同じような状態で続いている◆灸を据える、同「灸」; 力:◆ものを動かすもの、ものを動かしているもの、ものに働(はたら)くもの、「強力(キョウリョク、強い力)」◆働く、務(つと)める、勤(つと)める、「努力(ドリョク、,N1,on,on+on+on,A4_multi_on(on+on+on 65%) | B_verb_rad_力(kun 80%),耐:◆粘り強く厳しさや辛(つら)さなどを我慢する、また持ち堪(こた)える◆能(よ)くする◆懲(こ)らしめのために頬髭(ほおひげ)を剃(そ)り落とす、軽い刑罰の一つ、; 久:◆長い時間が経っている◆長い間同じような状態で続いている◆灸を据える、同「灸」; 力:◆ものを動かすもの、ものを動かしているもの、ものに働(はたら)くもの、「強力(キョウリョク、強い力)」◆働く、務(つと)める、勤(つと)める、「努力(ドリョク、
kk_耕作_こうさく,耕作,こうさく,耕:◆田畑の土を掘り返す、土を柔らかくすると同時に土中に空気を入れる作業をいう◆怠らず力を尽くす、「【揚子法言:卷第一:學行】曰耕道而得道獵德而得德是穫饗已」「【正; 作:◆働(はたらく)く、力や手を加える、為(な)す、「作業(サギョウ)」「作為(サクイ)」◆力や手を加えることによって物事や状態を変化させる、また他に影響を与える、,N1,on,on+on,,耕:◆田畑の土を掘り返す、土を柔らかくすると同時に土中に空気を入れる作業をいう◆怠らず力を尽くす、「【揚子法言:卷第一:學行】曰耕道而得道獵德而得德是穫饗已」「【正; 作:◆働(はたらく)く、力や手を加える、為(な)す、「作業(サギョウ)」「作為(サクイ)」◆力や手を加えることによって物事や状態を変化させる、また他に影響を与える、
kk_耽る_ふける,耽る,ふける,耽:◆夢中になる、他のことを忘れてのめり込む、同「眈」,N1,kun,kun,IL1_okurigana(kun 96%) | IL2_single_okuri(kun 96%),耽:◆夢中になる、他のことを忘れてのめり込む、同「眈」
kk_聞き逃す_ききのがす,聞き逃す,ききのがす,聞:◆(声や音や噂うわさや知らせなどが)耳に届く、耳に伝わってくる、「【說文解字注:耳部:聞】知聲也(往曰聽來曰聞…)[†「こちらから聞く」ことを「聽」、「向こうか; 逃:◆受け入れ難い状態から抜け出る、受け入れ難い状態に陥らない方向に向かって行く、避けて遠ざかる,N1,kun,kun+kun~,IL1_okurigana(kun 96%) | A1_compound_oku(kun 90%) | A1_on_kun_mix(on+kun 65%),聞:◆(声や音や噂うわさや知らせなどが)耳に届く、耳に伝わってくる、「【說文解字注:耳部:聞】知聲也(往曰聽來曰聞…)[†「こちらから聞く」ことを「聽」、「向こうか; 逃:◆受け入れ難い状態から抜け出る、受け入れ難い状態に陥らない方向に向かって行く、避けて遠ざかる
kk_聳える_そびえる,聳える,そびえる,聳:◆(生まれながらにして)声や音が聞こえない、同「聾」◆(耳を)高く立てる、またまっすぐに立てる◆まっすぐに立つ、直立する、(驚く・怯える・畏れるなどして)立ち竦,N1,kun,kun,IL1_okurigana(kun 96%) | IL2_single_okuri(kun 96%),聳:◆(生まれながらにして)声や音が聞こえない、同「聾」◆(耳を)高く立てる、またまっすぐに立てる◆まっすぐに立つ、直立する、(驚く・怯える・畏れるなどして)立ち竦
kk_聴診器_ちょうしんき,聴診器,ちょうしんき,聴:◆耳を傾けて言わんとするところをしっかりと聞く◆聞いたことを受け入れる、聞き入れる◆聞き入れてその通りにさせる、思い通りにさせる; 診:◆医者が(脈を見て)病状や健康状態をよく調べる◆実際に見て調べる; 器:◆入れもの、(周りや底を囲って)中にものを入れるためのもの、「食器(ショッキ)」◆中に入る量、ものを受け入れることができる量、入れ物の大きさ、「器量(キリョウ),N1,on,on+on+on,A4_multi_on(on+on+on 65%) | B_verb_rad_言(kun 80%),聴:◆耳を傾けて言わんとするところをしっかりと聞く◆聞いたことを受け入れる、聞き入れる◆聞き入れてその通りにさせる、思い通りにさせる; 診:◆医者が(脈を見て)病状や健康状態をよく調べる◆実際に見て調べる; 器:◆入れもの、(周りや底を囲って)中にものを入れるためのもの、「食器(ショッキ)」◆中に入る量、ものを受け入れることができる量、入れ物の大きさ、「器量(キリョウ)
kk_肌寒い_はださむい,肌寒い,はださむい,肌:◆皮膚や肉や筋肉など人や動物の骨を除いた部分、「肌肉(キニク、筋肉)」「肌膚(キフ、肉と皮膚)」「肌骨(キコツ、肉と骨、骨身)」◆肉の表面、皮膚◆[日]はだ、も; 寒:◆凍(こご)える、冷(ひ)える、同「𣽬」◆気温が低い、空気が冷(つめ)たい◆物が乏(とぼ)しい、貧(まず)しい,N1,kun,kun+kun,IL1_okurigana(kun 96%) | A1_compound_oku(kun 90%) | A1_on_kun_mix(on+kun 65%),肌:◆皮膚や肉や筋肉など人や動物の骨を除いた部分、「肌肉(キニク、筋肉)」「肌膚(キフ、肉と皮膚)」「肌骨(キコツ、肉と骨、骨身)」◆肉の表面、皮膚◆[日]はだ、も; 寒:◆凍(こご)える、冷(ひ)える、同「𣽬」◆気温が低い、空気が冷(つめ)たい◆物が乏(とぼ)しい、貧(まず)しい
kk_肖る_あやかる,肖る,あやかる,肖:◆(子が親などに)似る、(姿形が)似ている、「不肖(フショウ、親に似ない、親に似ず至らない、親に似ず愚か、私の謙譲語)」◆元になるものに似せる、「肖像(ショウゾ,N1,kun,kun,IL1_okurigana(kun 96%) | IL2_single_okuri(kun 96%),肖:◆(子が親などに)似る、(姿形が)似ている、「不肖(フショウ、親に似ない、親に似ず至らない、親に似ず愚か、私の謙譲語)」◆元になるものに似せる、「肖像(ショウゾ
kk_肝心_かんじん,肝心,かんじん,肝:◆五臓(心・肝・脾・肺・腎)の一つ、多機能の臓器 ◆人や動物の最も大切な臓器、物事の大切なもの、根幹となるもの、「【釋名:釋形體】肝幹也五行屬木故其體狀有枝幹也; 心:◆血液を循環させる働きをする臓器で五臓(心シン・肝カン・脾ヒ・肺ハイ・腎ジン)の一つ ◆ものの真(ま)ん中、真ん中(中心)にあるもの、ものの重要な部分、ものの本,N1,other,mixed+mixed~,,肝:◆五臓(心・肝・脾・肺・腎)の一つ、多機能の臓器 ◆人や動物の最も大切な臓器、物事の大切なもの、根幹となるもの、「【釋名:釋形體】肝幹也五行屬木故其體狀有枝幹也; 心:◆血液を循環させる働きをする臓器で五臓(心シン・肝カン・脾ヒ・肺ハイ・腎ジン)の一つ ◆ものの真(ま)ん中、真ん中(中心)にあるもの、ものの重要な部分、ものの本
kk_肝要_かんよう,肝要,かんよう,肝:◆五臓(心・肝・脾・肺・腎)の一つ、多機能の臓器 ◆人や動物の最も大切な臓器、物事の大切なもの、根幹となるもの、「【釋名:釋形體】肝幹也五行屬木故其體狀有枝幹也; 要:◆(体の要かなめとなる)腰(こし)◆物事の中心となるところ、非常に大切なところ◆求める、強く乞(こ)う、「要求(ヨウキュウ)」「要請(ヨウセイ、請い求める、強く,N1,on,on+on,,肝:◆五臓(心・肝・脾・肺・腎)の一つ、多機能の臓器 ◆人や動物の最も大切な臓器、物事の大切なもの、根幹となるもの、「【釋名:釋形體】肝幹也五行屬木故其體狀有枝幹也; 要:◆(体の要かなめとなる)腰(こし)◆物事の中心となるところ、非常に大切なところ◆求める、強く乞(こ)う、「要求(ヨウキュウ)」「要請(ヨウセイ、請い求める、強く
kk_肥える_こえる,肥える,こえる,肥:◆脂肪を多く含んだ肉が付いている、脂肪を多く含んだ肉が付いて太っている、肉付きが良い◆土がたっぷりと養分を含んでいる、地味(ちみ)が良い◆地味(ちみ)を良くする,N1,kun,kun,IL1_okurigana(kun 96%) | IL2_single_okuri(kun 96%),肥:◆脂肪を多く含んだ肉が付いている、脂肪を多く含んだ肉が付いて太っている、肉付きが良い◆土がたっぷりと養分を含んでいる、地味(ちみ)が良い◆地味(ちみ)を良くする
kk_肩代わり_かたがわり,肩代わり,かたがわり,肩:◆首の付け根から腕の付け根までの部分、四足の動物の場合は両前足の付け根の間の部分 ◆責任や任務などを担(にな)う、またそれによく耐える、「【爾雅注疏:釋詁】犯奢; 代:◆替(か)える、それまでのもの(今あるもの)を別のものに替える、入れ替える、また入れ替わる◆同じ家主や国主がその地位にある期間、同じ種(シュ、起源を同じにするも,N1,kun,kun+kun~,IL1_okurigana(kun 96%) | A1_compound_oku(kun 90%) | A1_on_kun_mix(on+kun 65%),肩:◆首の付け根から腕の付け根までの部分、四足の動物の場合は両前足の付け根の間の部分 ◆責任や任務などを担(にな)う、またそれによく耐える、「【爾雅注疏:釋詁】犯奢; 代:◆替(か)える、それまでのもの(今あるもの)を別のものに替える、入れ替える、また入れ替わる◆同じ家主や国主がその地位にある期間、同じ種(シュ、起源を同じにするも
kk_育む_はぐくむ,育む,はぐくむ,育:◆(生まれたばかりの子「𠫓」に)栄養や知識などを与えて成長させる、養分を与えて生長させる◆古「毓」,N1,kun,kun,IL1_okurigana(kun 96%) | IL2_single_okuri(kun 96%),育:◆(生まれたばかりの子「𠫓」に)栄養や知識などを与えて成長させる、養分を与えて生長させる◆古「毓」
kk_育成_いくせい,育成,いくせい,育:◆(生まれたばかりの子「𠫓」に)栄養や知識などを与えて成長させる、養分を与えて生長させる◆古「毓」; 成:◆為(な)す、形や状態などを変えようとする、また変わろうとする◆本来の形や状態になる、目的・目標を持って働き、当初の目的・目標に達する、出来上がる、仕上がる、「,N1,on,on+on,,育:◆(生まれたばかりの子「𠫓」に)栄養や知識などを与えて成長させる、養分を与えて生長させる◆古「毓」; 成:◆為(な)す、形や状態などを変えようとする、また変わろうとする◆本来の形や状態になる、目的・目標を持って働き、当初の目的・目標に達する、出来上がる、仕上がる、「
kk_背く_そむく,背く,そむく,背:◆体の後ろ側の肩から腰までの部分、腹の反対側、裏側、「自分からは見えない部分」をいう ◆荷や仕事などを担(にな)う、負(お)う◆相手が見えない方を向く、相手が見,N1,kun,kun,IL1_okurigana(kun 96%) | IL2_single_okuri(kun 96%),背:◆体の後ろ側の肩から腰までの部分、腹の反対側、裏側、「自分からは見えない部分」をいう ◆荷や仕事などを担(にな)う、負(お)う◆相手が見えない方を向く、相手が見
kk_背後_はいご,背後,はいご,背:◆体の後ろ側の肩から腰までの部分、腹の反対側、裏側、「自分からは見えない部分」をいう ◆荷や仕事などを担(にな)う、負(お)う◆相手が見えない方を向く、相手が見; 後:◆位置的には背の方向、時間的には未来の方向、順位・順序では下位の方向、逆は「前」「先」◆遅れる、遅れて来る◆家を継ぐ子、子孫◆簡「后」,N1,on,on+on,A3_short_compound(on+on 71%),背:◆体の後ろ側の肩から腰までの部分、腹の反対側、裏側、「自分からは見えない部分」をいう ◆荷や仕事などを担(にな)う、負(お)う◆相手が見えない方を向く、相手が見; 後:◆位置的には背の方向、時間的には未来の方向、順位・順序では下位の方向、逆は「前」「先」◆遅れる、遅れて来る◆家を継ぐ子、子孫◆簡「后」
kk_背景_はいけい,背景,はいけい,背:◆体の後ろ側の肩から腰までの部分、腹の反対側、裏側、「自分からは見えない部分」をいう ◆荷や仕事などを担(にな)う、負(お)う◆相手が見えない方を向く、相手が見; 景:◆光(ひかり)、光が当たることでできる影、光と影◆光と影があることで見える姿形(すがたかたち)や様子(ようす)・状態、「景色(ケイショク、けしき)」「風景(フウ,N1,on,on+on,,背:◆体の後ろ側の肩から腰までの部分、腹の反対側、裏側、「自分からは見えない部分」をいう ◆荷や仕事などを担(にな)う、負(お)う◆相手が見えない方を向く、相手が見; 景:◆光(ひかり)、光が当たることでできる影、光と影◆光と影があることで見える姿形(すがたかたち)や様子(ようす)・状態、「景色(ケイショク、けしき)」「風景(フウ
kk_脅かす_おびやかす,脅かす,おびやかす,脅:◆脇(わき)、胸の両側面の部分、上腕を垂らしたときに体の側面と合わさる部分、同「脇」「䏩」 ◆両側からぐっと押え付ける、力で押え付けて迫る、また恐れさせる、威嚇,N1,kun,kun,IL1_okurigana(kun 96%) | IL2_single_okuri(kun 96%),脅:◆脇(わき)、胸の両側面の部分、上腕を垂らしたときに体の側面と合わさる部分、同「脇」「䏩」 ◆両側からぐっと押え付ける、力で押え付けて迫る、また恐れさせる、威嚇
kk_脅す/嚇す/威す_おどす,脅す/嚇す/威す,おどす,脅:◆脇(わき)、胸の両側面の部分、上腕を垂らしたときに体の側面と合わさる部分、同「脇」「䏩」 ◆両側からぐっと押え付ける、力で押え付けて迫る、また恐れさせる、威嚇; 嚇:◆顔を真っ赤にして怒(いか)る◆顔を真っ赤にして怒鳴(どな)り付ける、また脅(おど)し付ける、同「哧」; 威:◆(無言のうちに)人を圧(おさ)え畏(おそ)れさせるような強い力(圧力、気力、能力、権力など)、またその力で人を畏れ従わせる、「威力(イリョク、人を畏れ従わせる,N1,kun,kun+kun+kun~,IL1_okurigana(kun 96%) | A1_compound_oku(kun 90%) | A1_on_kun_mix(on+kun 65%),脅:◆脇(わき)、胸の両側面の部分、上腕を垂らしたときに体の側面と合わさる部分、同「脇」「䏩」 ◆両側からぐっと押え付ける、力で押え付けて迫る、また恐れさせる、威嚇; 嚇:◆顔を真っ赤にして怒(いか)る◆顔を真っ赤にして怒鳴(どな)り付ける、また脅(おど)し付ける、同「哧」; 威:◆(無言のうちに)人を圧(おさ)え畏(おそ)れさせるような強い力(圧力、気力、能力、権力など)、またその力で人を畏れ従わせる、「威力(イリョク、人を畏れ従わせる
kk_脅迫_きょうはく,脅迫,きょうはく,脅:◆脇(わき)、胸の両側面の部分、上腕を垂らしたときに体の側面と合わさる部分、同「脇」「䏩」 ◆両側からぐっと押え付ける、力で押え付けて迫る、また恐れさせる、威嚇; 迫:◆間近(まじか)まで近づく、間(あいだ)が狭まる、間(ま)が詰まる、「逼迫(ヒッパク)」◆(身動きができないところまで)間を詰める、追い詰める、「強迫(キョウハ,N1,on,on+on,,脅:◆脇(わき)、胸の両側面の部分、上腕を垂らしたときに体の側面と合わさる部分、同「脇」「䏩」 ◆両側からぐっと押え付ける、力で押え付けて迫る、また恐れさせる、威嚇; 迫:◆間近(まじか)まで近づく、間(あいだ)が狭まる、間(ま)が詰まる、「逼迫(ヒッパク)」◆(身動きができないところまで)間を詰める、追い詰める、「強迫(キョウハ
kk_脆い_もろい,脆い,もろい,脆:◆壊れやすい、崩れやすい、解(ほぐ)れやすい◆「清脆(セイセイ)」、澄んではっきりしている,N1,kun,kun,IL1_okurigana(kun 96%) | IL2_single_okuri(kun 96%),脆:◆壊れやすい、崩れやすい、解(ほぐ)れやすい◆「清脆(セイセイ)」、澄んではっきりしている
kk_脚本_きゃくほん,脚本,きゃくほん,脚:◆膝(ひざ)から足首までの部分、小腿(ショウタイ)、後に膝から爪先までの部分を指すようになった、日本では腰の下の太腿(ふともも)から爪先までの部分 ◆体や物体の; 本:◆木の根(ね)◆植物や物事の生まれ始まりの部分、ものの根源また起源、「本来(ホンライ、元々、初めから)」◆ものを支えているもの、基(もと)となるもの、拠(よ)り,N1,on,on+on,B_noun_rad_木(kun 93%),脚:◆膝(ひざ)から足首までの部分、小腿(ショウタイ)、後に膝から爪先までの部分を指すようになった、日本では腰の下の太腿(ふともも)から爪先までの部分 ◆体や物体の; 本:◆木の根(ね)◆植物や物事の生まれ始まりの部分、ものの根源また起源、「本来(ホンライ、元々、初めから)」◆ものを支えているもの、基(もと)となるもの、拠(よ)り
kk_脚立_きゃたつ,脚立,きゃたつ,脚:◆膝(ひざ)から足首までの部分、小腿(ショウタイ)、後に膝から爪先までの部分を指すようになった、日本では腰の下の太腿(ふともも)から爪先までの部分 ◆体や物体の; 立:◆地(チ、地面、土台、基盤)に足を着け垂直にする、また垂直になる、地から上に向かって伸ばす、また伸びる◆しっかりとした土台を築いてその上にものを作り上げて行く、,N1,mixed,on+kun~,A3_short_compound(on+on 71%),脚:◆膝(ひざ)から足首までの部分、小腿(ショウタイ)、後に膝から爪先までの部分を指すようになった、日本では腰の下の太腿(ふともも)から爪先までの部分 ◆体や物体の; 立:◆地(チ、地面、土台、基盤)に足を着け垂直にする、また垂直になる、地から上に向かって伸ばす、また伸びる◆しっかりとした土台を築いてその上にものを作り上げて行く、
kk_脚色_きゃくしょく,脚色,きゃくしょく,脚:◆膝(ひざ)から足首までの部分、小腿(ショウタイ)、後に膝から爪先までの部分を指すようになった、日本では腰の下の太腿(ふともも)から爪先までの部分 ◆体や物体の; 色:◆視覚によって認識するものの内、形状以外のもの、(特に顔の)表情、彩(いろどり)り、具合(ぐあい)、様子◆男女間の情欲(ジョウヨク)◆種類、二色=二種類◆いろ、,N1,on,on+on,,脚:◆膝(ひざ)から足首までの部分、小腿(ショウタイ)、後に膝から爪先までの部分を指すようになった、日本では腰の下の太腿(ふともも)から爪先までの部分 ◆体や物体の; 色:◆視覚によって認識するものの内、形状以外のもの、(特に顔の)表情、彩(いろどり)り、具合(ぐあい)、様子◆男女間の情欲(ジョウヨク)◆種類、二色=二種類◆いろ、
kk_脱する_だっする,脱する,だっする,脱:◆肉から骨や皮を剥(は)ぎ取る、剥(む)き取る◆覆っているものを取り去る、覆っているものから抜け出る◆取り去る、外(はず)す◆抜(ぬ)ける、抜け落ちる、抜け出る,N1,on,on,IL1_okurigana(kun 96%) | IL2_single_okuri(kun 96%),脱:◆肉から骨や皮を剥(は)ぎ取る、剥(む)き取る◆覆っているものを取り去る、覆っているものから抜け出る◆取り去る、外(はず)す◆抜(ぬ)ける、抜け落ちる、抜け出る
kk_脱出_だっしゅつ,脱出,だっしゅつ,脱:◆肉から骨や皮を剥(は)ぎ取る、剥(む)き取る◆覆っているものを取り去る、覆っているものから抜け出る◆取り去る、外(はず)す◆抜(ぬ)ける、抜け落ちる、抜け出る; 出:◆範囲・領域・組織や区切り・境界の内(内側、内部、裏側、こちら側、私的なところ)から外(外側、外部、表側、向こう側、公のところ)に移る、また移す、外から内へ移る,N1,on,on+on,,脱:◆肉から骨や皮を剥(は)ぎ取る、剥(む)き取る◆覆っているものを取り去る、覆っているものから抜け出る◆取り去る、外(はず)す◆抜(ぬ)ける、抜け落ちる、抜け出る; 出:◆範囲・領域・組織や区切り・境界の内(内側、内部、裏側、こちら側、私的なところ)から外(外側、外部、表側、向こう側、公のところ)に移る、また移す、外から内へ移る
kk_脱退_だったい,脱退,だったい,脱:◆肉から骨や皮を剥(は)ぎ取る、剥(む)き取る◆覆っているものを取り去る、覆っているものから抜け出る◆取り去る、外(はず)す◆抜(ぬ)ける、抜け落ちる、抜け出る; 退:◆後ろに向かう、後ろへ下がる、後ろ向きに進む、逆は「進」◆今いる場所から遠ざかる方に向かう、その場を立ち去る◆体を後へ引く、身を引く◆状態が悪くなる(衰える、弱,N1,on,on+on,,脱:◆肉から骨や皮を剥(は)ぎ取る、剥(む)き取る◆覆っているものを取り去る、覆っているものから抜け出る◆取り去る、外(はず)す◆抜(ぬ)ける、抜け落ちる、抜け出る; 退:◆後ろに向かう、後ろへ下がる、後ろ向きに進む、逆は「進」◆今いる場所から遠ざかる方に向かう、その場を立ち去る◆体を後へ引く、身を引く◆状態が悪くなる(衰える、弱
kk_脱～_だつ～,脱～,だつ～,脱:◆肉から骨や皮を剥(は)ぎ取る、剥(む)き取る◆覆っているものを取り去る、覆っているものから抜け出る◆取り去る、外(はず)す◆抜(ぬ)ける、抜け落ちる、抜け出る,N1,on,on,IL2_single_default(kun 84%),脱:◆肉から骨や皮を剥(は)ぎ取る、剥(む)き取る◆覆っているものを取り去る、覆っているものから抜け出る◆取り去る、外(はず)す◆抜(ぬ)ける、抜け落ちる、抜け出る
kk_腕前_うでまえ,腕前,うでまえ,腕:◆手首、「臂(ヒ、日本でいう「腕」)」と「手」を繋ぐ関節部分、同「𢮘」 ◆技量、力量◆「手腕(シュワン)」◇手首◇技量、力量、能力◆[日]肩口から手首までの部分; 前:◆(前に)進む、またその方向、同「先」、「前途(ぜんと、目的地に向かう道のり、将来)」◆位置的には先の方向、時間的には過去の方向、順序では上位の方向、同「先」、,N1,kun,kun+kun~,B_verb_rad_刀(kun 80%),腕:◆手首、「臂(ヒ、日本でいう「腕」)」と「手」を繋ぐ関節部分、同「𢮘」 ◆技量、力量◆「手腕(シュワン)」◇手首◇技量、力量、能力◆[日]肩口から手首までの部分; 前:◆(前に)進む、またその方向、同「先」、「前途(ぜんと、目的地に向かう道のり、将来)」◆位置的には先の方向、時間的には過去の方向、順序では上位の方向、同「先」、
kk_腫れる_はれる,腫れる,はれる,腫:◆体や皮膚の一部が打撲(ダホク)・化膿(カノウ)・炎症(エンショウ)などによって膨(ふく)れる、体の組織の一部が膨(ふく)れる、「水腫(スイシュ)」「浮腫(フシ,N1,kun,kun,IL1_okurigana(kun 96%) | IL2_single_okuri(kun 96%),腫:◆体や皮膚の一部が打撲(ダホク)・化膿(カノウ)・炎症(エンショウ)などによって膨(ふく)れる、体の組織の一部が膨(ふく)れる、「水腫(スイシュ)」「浮腫(フシ
kk_腫れ上がる_はれあがる,腫れ上がる,はれあがる,腫:◆体や皮膚の一部が打撲(ダホク)・化膿(カノウ)・炎症(エンショウ)などによって膨(ふく)れる、体の組織の一部が膨(ふく)れる、「水腫(スイシュ)」「浮腫(フシ; 上:◆位置・場所・地位などが高い、高い方にある◆高い方に移る、昇る、登る◆順序・時間などが前、前の方にある◆前の方に移る◆等級・品質などが高い、優れている◆殿様、皇,N1,kun,kun+kun~,IL1_okurigana(kun 96%) | A1_compound_oku(kun 90%) | A1_on_kun_mix(on+kun 65%),腫:◆体や皮膚の一部が打撲(ダホク)・化膿(カノウ)・炎症(エンショウ)などによって膨(ふく)れる、体の組織の一部が膨(ふく)れる、「水腫(スイシュ)」「浮腫(フシ; 上:◆位置・場所・地位などが高い、高い方にある◆高い方に移る、昇る、登る◆順序・時間などが前、前の方にある◆前の方に移る◆等級・品質などが高い、優れている◆殿様、皇
kk_腹が立つ_はらがたつ,腹が立つ,はらがたつ,腹:◆体の前側(四足・多足の動物の場合は下側)の胸の下から骨盤までの胃や腸のある部分、同「肚」 ◆ものの前面、背の反対側◆胎内、ものの内部、心の内、心の内にある考え; 立:◆地(チ、地面、土台、基盤)に足を着け垂直にする、また垂直になる、地から上に向かって伸ばす、また伸びる◆しっかりとした土台を築いてその上にものを作り上げて行く、,N1,kun,kun+kun~,IL1_okurigana(kun 96%) | A1_compound_oku(kun 90%) | A1_on_kun_mix(on+kun 65%),腹:◆体の前側(四足・多足の動物の場合は下側)の胸の下から骨盤までの胃や腸のある部分、同「肚」 ◆ものの前面、背の反対側◆胎内、ものの内部、心の内、心の内にある考え; 立:◆地(チ、地面、土台、基盤)に足を着け垂直にする、また垂直になる、地から上に向かって伸ばす、また伸びる◆しっかりとした土台を築いてその上にものを作り上げて行く、
kk_腹立たしい_はらだたしい,腹立たしい,はらだたしい,腹:◆体の前側(四足・多足の動物の場合は下側)の胸の下から骨盤までの胃や腸のある部分、同「肚」 ◆ものの前面、背の反対側◆胎内、ものの内部、心の内、心の内にある考え; 立:◆地(チ、地面、土台、基盤)に足を着け垂直にする、また垂直になる、地から上に向かって伸ばす、また伸びる◆しっかりとした土台を築いてその上にものを作り上げて行く、,N1,kun,kun+kun~,IL1_okurigana(kun 96%) | A1_compound_oku(kun 90%) | A1_on_kun_mix(on+kun 65%),腹:◆体の前側(四足・多足の動物の場合は下側)の胸の下から骨盤までの胃や腸のある部分、同「肚」 ◆ものの前面、背の反対側◆胎内、ものの内部、心の内、心の内にある考え; 立:◆地(チ、地面、土台、基盤)に足を着け垂直にする、また垂直になる、地から上に向かって伸ばす、また伸びる◆しっかりとした土台を築いてその上にものを作り上げて行く、
kk_膨張/膨脹_ぼうちょう,膨張/膨脹,ぼうちょう,膨:◆腹が大きく突き出る、内側から外に向かって張り出す、同「𤺬」◆体積や程度が大きくなる、「膨張(ボウチョウ)」; 張:◆弓や弦楽器の弦(ゲン、つる)を弛(たる)まないように掛ける、二点間に糸や網などを渡す◆弛(ゆる)みがないようにぴんと伸ばす、皺(しわ)にならないようにぴんと延; 膨:◆腹が大きく突き出る、内側から外に向かって張り出す、同「𤺬」◆体積や程度が大きくなる、「膨張(ボウチョウ)」,N1,on,on+on+on+on~,A4_multi_on(on+on+on+on 65%),膨:◆腹が大きく突き出る、内側から外に向かって張り出す、同「𤺬」◆体積や程度が大きくなる、「膨張(ボウチョウ)」; 張:◆弓や弦楽器の弦(ゲン、つる)を弛(たる)まないように掛ける、二点間に糸や網などを渡す◆弛(ゆる)みがないようにぴんと伸ばす、皺(しわ)にならないようにぴんと延; 膨:◆腹が大きく突き出る、内側から外に向かって張り出す、同「𤺬」◆体積や程度が大きくなる、「膨張(ボウチョウ)」
kk_臆病_おくびょう,臆病,おくびょう,臆:◆胸、胸の骨◆胸の奥にある考えや気持ち、心の内を推し量る◆気後(きおく)れする、怖がる; 病:◆体調や精神状態が正常でなくなる◆不調なさま、普段の或いは正常な状態でないさま◆体や心を痛める、憂える、苦しむ,N1,on,on+on,,臆:◆胸、胸の骨◆胸の奥にある考えや気持ち、心の内を推し量る◆気後(きおく)れする、怖がる; 病:◆体調や精神状態が正常でなくなる◆不調なさま、普段の或いは正常な状態でないさま◆体や心を痛める、憂える、苦しむ
kk_臨む_のぞむ,臨む,のぞむ,臨:◆高いところから低いところを見る、見下ろす◆高位の者が(高い席から)下位の者(低いところに控えている者)と会う、高位の者が(高いところから下に降り)一般の人のと,N1,kun,kun,IL1_okurigana(kun 96%) | IL2_single_okuri(kun 96%),臨:◆高いところから低いところを見る、見下ろす◆高位の者が(高い席から)下位の者(低いところに控えている者)と会う、高位の者が(高いところから下に降り)一般の人のと
kk_自ずから_おのずから,自ずから,おのずから,自:◆みずか・ら、己(おのれ)、己の◆おの・ずから、己ひとりで、他からの影響を受けずに、それのみの力や意志で◆～から、～より、場所や時間の起点を表す◆みずから、部首,N1,kun,kun,IL1_okurigana(kun 96%) | IL2_single_okuri(kun 96%),自:◆みずか・ら、己(おのれ)、己の◆おの・ずから、己ひとりで、他からの影響を受けずに、それのみの力や意志で◆～から、～より、場所や時間の起点を表す◆みずから、部首
kk_自ずと_おのずと,自ずと,おのずと,自:◆みずか・ら、己(おのれ)、己の◆おの・ずから、己ひとりで、他からの影響を受けずに、それのみの力や意志で◆～から、～より、場所や時間の起点を表す◆みずから、部首,N1,kun,kun,IL1_okurigana(kun 96%) | IL2_single_okuri(kun 96%),自:◆みずか・ら、己(おのれ)、己の◆おの・ずから、己ひとりで、他からの影響を受けずに、それのみの力や意志で◆～から、～より、場所や時間の起点を表す◆みずから、部首
kk_自主_じしゅ,自主,じしゅ,自:◆みずか・ら、己(おのれ)、己の◆おの・ずから、己ひとりで、他からの影響を受けずに、それのみの力や意志で◆～から、～より、場所や時間の起点を表す◆みずから、部首; 主:◆蝋燭やランプなどの灯心、同「炷」◆多くの中で特に重要な、またそのような人◆中心となるもの、中心にあるもの、またそのような人◆司(つかさど)る、中心となって統治,N1,on,on+on,A3_short_compound(on+on 71%),自:◆みずか・ら、己(おのれ)、己の◆おの・ずから、己ひとりで、他からの影響を受けずに、それのみの力や意志で◆～から、～より、場所や時間の起点を表す◆みずから、部首; 主:◆蝋燭やランプなどの灯心、同「炷」◆多くの中で特に重要な、またそのような人◆中心となるもの、中心にあるもの、またそのような人◆司(つかさど)る、中心となって統治
kk_自営_じえい,自営,じえい,自:◆みずか・ら、己(おのれ)、己の◆おの・ずから、己ひとりで、他からの影響を受けずに、それのみの力や意志で◆～から、～より、場所や時間の起点を表す◆みずから、部首; 営:◆住居(生活するところ)の周りに壁や塀などを巡らす◆軍隊が駐留するために周りに土塁などを巡らす、また土塁などを巡らせた場所◆周りを囲って外敵から守る◆生活する(,N1,on,on+on,A3_short_compound(on+on 71%),自:◆みずか・ら、己(おのれ)、己の◆おの・ずから、己ひとりで、他からの影響を受けずに、それのみの力や意志で◆～から、～より、場所や時間の起点を表す◆みずから、部首; 営:◆住居(生活するところ)の周りに壁や塀などを巡らす◆軍隊が駐留するために周りに土塁などを巡らす、また土塁などを巡らせた場所◆周りを囲って外敵から守る◆生活する(
kk_自在_じざい,自在,じざい,自:◆みずか・ら、己(おのれ)、己の◆おの・ずから、己ひとりで、他からの影響を受けずに、それのみの力や意志で◆～から、～より、場所や時間の起点を表す◆みずから、部首; 在:◆そこに居(い)る、同じ状態で一定のところに留(とど)まっている、またその場所◆～に於(お)いて、～(場所)で(at),N1,on,on+on,A3_short_compound(on+on 71%),自:◆みずか・ら、己(おのれ)、己の◆おの・ずから、己ひとりで、他からの影響を受けずに、それのみの力や意志で◆～から、～より、場所や時間の起点を表す◆みずから、部首; 在:◆そこに居(い)る、同じ状態で一定のところに留(とど)まっている、またその場所◆～に於(お)いて、～(場所)で(at)
kk_自尊心_じそんしん,自尊心,じそんしん,自:◆みずか・ら、己(おのれ)、己の◆おの・ずから、己ひとりで、他からの影響を受けずに、それのみの力や意志で◆～から、～より、場所や時間の起点を表す◆みずから、部首; 尊:◆身分・地位が高い、またそのような人、同「貴」◆上にあるさま、高いさま、低いのは「卑」、「【周易正義(周易注疏):卷十一:繫辭上】天尊地卑乾坤定矣」◆重んじる、; 心:◆血液を循環させる働きをする臓器で五臓(心シン・肝カン・脾ヒ・肺ハイ・腎ジン)の一つ ◆ものの真(ま)ん中、真ん中(中心)にあるもの、ものの重要な部分、ものの本,N1,on,on+on+on,A4_multi_on(on+on+on 65%),自:◆みずか・ら、己(おのれ)、己の◆おの・ずから、己ひとりで、他からの影響を受けずに、それのみの力や意志で◆～から、～より、場所や時間の起点を表す◆みずから、部首; 尊:◆身分・地位が高い、またそのような人、同「貴」◆上にあるさま、高いさま、低いのは「卑」、「【周易正義(周易注疏):卷十一:繫辭上】天尊地卑乾坤定矣」◆重んじる、; 心:◆血液を循環させる働きをする臓器で五臓(心シン・肝カン・脾ヒ・肺ハイ・腎ジン)の一つ ◆ものの真(ま)ん中、真ん中(中心)にあるもの、ものの重要な部分、ものの本
kk_自惚れる/己惚れる_うぬぼれる,自惚れる/己惚れる,うぬぼれる,自:◆みずか・ら、己(おのれ)、己の◆おの・ずから、己ひとりで、他からの影響を受けずに、それのみの力や意志で◆～から、～より、場所や時間の起点を表す◆みずから、部首; 惚:◆ぼうっとして思考や行動が鈍くなる、ぼんやりするさま◆微(かす)かで見分けがつかないさま◆「恍惚(コウコツ)」◇頭が空っぽになって何も考えらないさま、ぼうっとす; 己:◆おのれ、自分◆つちのと、十干(ジッカン、甲・乙・丙・丁・戊・己・庚・辛・壬・癸)の六番目 ◆[日]おのれ、相手を罵って言う言葉◆おのれ、き、つちのと、部首名,N1,other,mixed+mixed+mixed+mixed~,IL1_okurigana(kun 96%) | A1_compound_oku(kun 90%) | A1_on_kun_mix(on+kun 65%),自:◆みずか・ら、己(おのれ)、己の◆おの・ずから、己ひとりで、他からの影響を受けずに、それのみの力や意志で◆～から、～より、場所や時間の起点を表す◆みずから、部首; 惚:◆ぼうっとして思考や行動が鈍くなる、ぼんやりするさま◆微(かす)かで見分けがつかないさま◆「恍惚(コウコツ)」◇頭が空っぽになって何も考えらないさま、ぼうっとす; 己:◆おのれ、自分◆つちのと、十干(ジッカン、甲・乙・丙・丁・戊・己・庚・辛・壬・癸)の六番目 ◆[日]おのれ、相手を罵って言う言葉◆おのれ、き、つちのと、部首名
kk_自炊_じすい,自炊,じすい,自:◆みずか・ら、己(おのれ)、己の◆おの・ずから、己ひとりで、他からの影響を受けずに、それのみの力や意志で◆～から、～より、場所や時間の起点を表す◆みずから、部首; 炊:◆吹いて火を起こす、火を起こし食べ物に熱を加える、米を水に浸し熱を加えて柔らかくする◆食事の仕度をする,N1,on,on+on,A3_short_compound(on+on 71%),自:◆みずか・ら、己(おのれ)、己の◆おの・ずから、己ひとりで、他からの影響を受けずに、それのみの力や意志で◆～から、～より、場所や時間の起点を表す◆みずから、部首; 炊:◆吹いて火を起こす、火を起こし食べ物に熱を加える、米を水に浸し熱を加えて柔らかくする◆食事の仕度をする
kk_自粛_じしゅく,自粛,じしゅく,自:◆みずか・ら、己(おのれ)、己の◆おの・ずから、己ひとりで、他からの影響を受けずに、それのみの力や意志で◆～から、～より、場所や時間の起点を表す◆みずから、部首; 粛:◆身や心を引き締める、また引き締まる、「肅正(シュクセイ)」◆畏(おそ)れる、身を引き締めて畏(かしこ)まる◆恭(うやうや)しい、慎(つつし)み深い◆縮(ちち),N1,on,on+on,A3_short_compound(on+on 71%),自:◆みずか・ら、己(おのれ)、己の◆おの・ずから、己ひとりで、他からの影響を受けずに、それのみの力や意志で◆～から、～より、場所や時間の起点を表す◆みずから、部首; 粛:◆身や心を引き締める、また引き締まる、「肅正(シュクセイ)」◆畏(おそ)れる、身を引き締めて畏(かしこ)まる◆恭(うやうや)しい、慎(つつし)み深い◆縮(ちち)
kk_自給_じきゅう,自給,じきゅう,自:◆みずか・ら、己(おのれ)、己の◆おの・ずから、己ひとりで、他からの影響を受けずに、それのみの力や意志で◆～から、～より、場所や時間の起点を表す◆みずから、部首; 給:◆足りていないところ(加える必要があるところ)に足して繋(つな)ぎ合わせる◆必要があるところに必要とするものを補(おぎな)う、足して足りるようにする◆上位の人(,N1,on,on+on,A3_short_compound(on+on 71%),自:◆みずか・ら、己(おのれ)、己の◆おの・ずから、己ひとりで、他からの影響を受けずに、それのみの力や意志で◆～から、～より、場所や時間の起点を表す◆みずから、部首; 給:◆足りていないところ(加える必要があるところ)に足して繋(つな)ぎ合わせる◆必要があるところに必要とするものを補(おぎな)う、足して足りるようにする◆上位の人(
kk_自覚_じかく,自覚,じかく,自:◆みずか・ら、己(おのれ)、己の◆おの・ずから、己ひとりで、他からの影響を受けずに、それのみの力や意志で◆～から、～より、場所や時間の起点を表す◆みずから、部首; 覚:◆目を醒(さ)ます、眠りから醒める、正常な認識や判断ができない状態から抜け出る◆迷いや暗がりから抜け出る、明るみに出る◆辺りの状況が意識・認識できるようになる、,N1,on,on+on,A3_short_compound(on+on 71%),自:◆みずか・ら、己(おのれ)、己の◆おの・ずから、己ひとりで、他からの影響を受けずに、それのみの力や意志で◆～から、～より、場所や時間の起点を表す◆みずから、部首; 覚:◆目を醒(さ)ます、眠りから醒める、正常な認識や判断ができない状態から抜け出る◆迷いや暗がりから抜け出る、明るみに出る◆辺りの状況が意識・認識できるようになる、
kk_至って_いたって,至って,いたって,至:◆目指すところに行き着く(達する、届く)、ある時間・状態になる(達する、届く)、同「到」◆自分ところに届く、やって来る◆それより先がない(これ以上はない)ところ,N1,kun,kun,IL1_okurigana(kun 96%) | IL2_single_okuri(kun 96%),至:◆目指すところに行き着く(達する、届く)、ある時間・状態になる(達する、届く)、同「到」◆自分ところに届く、やって来る◆それより先がない(これ以上はない)ところ
kk_至れり尽くせり_いたれりつくせり,至れり尽くせり,いたれりつくせり,至:◆目指すところに行き着く(達する、届く)、ある時間・状態になる(達する、届く)、同「到」◆自分ところに届く、やって来る◆それより先がない(これ以上はない)ところ; 尽:◆器の中身を空(から)にする、全てを出し切る、同「儘」◆全て終える、最後まで全(まっと)うする◆ことごと・く、全て、余すところなく、あるものを残らず◆繁「盡」◆,N1,kun,kun+kun~,IL1_okurigana(kun 96%) | A1_compound_oku(kun 90%) | A1_on_kun_mix(on+kun 65%),至:◆目指すところに行き着く(達する、届く)、ある時間・状態になる(達する、届く)、同「到」◆自分ところに届く、やって来る◆それより先がない(これ以上はない)ところ; 尽:◆器の中身を空(から)にする、全てを出し切る、同「儘」◆全て終える、最後まで全(まっと)うする◆ことごと・く、全て、余すところなく、あるものを残らず◆繁「盡」◆
kk_致し方ない_いたしかたない,致し方ない,いたしかたない,致:◆相手方まで持って行って届ける、「送致」◆招き寄せる、こちらまで来させる、「招致」◆～に至る、～に至らしめる、「致死」◆～という結果に行く着く、～になる、「一致; 方:◆四角、四角いさま、角(かど)が直角になっているさま、「方形(ホウケイ)」◆数学で二つの数を掛け合わせた数(正方形・長方形の一つの角を成す二辺を掛け合わせた数),N1,kun,kun+kun~,IL1_okurigana(kun 96%) | A1_compound_oku(kun 90%) | A1_on_kun_mix(on+kun 65%),致:◆相手方まで持って行って届ける、「送致」◆招き寄せる、こちらまで来させる、「招致」◆～に至る、～に至らしめる、「致死」◆～という結果に行く着く、～になる、「一致; 方:◆四角、四角いさま、角(かど)が直角になっているさま、「方形(ホウケイ)」◆数学で二つの数を掛け合わせた数(正方形・長方形の一つの角を成す二辺を掛け合わせた数)
kk_興じる_きょうじる,興じる,きょうじる,興:◆起き上がる、すっくと立つ◆持ち上げる、高く挙(あ)げる◆高(たか)ぶる、高揚(コウヨウ)する、盛り上がる◆盛んになる、栄える,N1,on,on,IL1_okurigana(kun 96%) | IL2_single_okuri(kun 96%),興:◆起き上がる、すっくと立つ◆持ち上げる、高く挙(あ)げる◆高(たか)ぶる、高揚(コウヨウ)する、盛り上がる◆盛んになる、栄える
kk_興業_こうぎょう,興業,こうぎょう,興:◆起き上がる、すっくと立つ◆持ち上げる、高く挙(あ)げる◆高(たか)ぶる、高揚(コウヨウ)する、盛り上がる◆盛んになる、栄える; 業:◆鍾(ショウ)や磬(ケイ)などの打楽器を吊るすための横木(筍)の上の横板、吊るした楽器の位置が演奏中にずれないように凹みや突起がついていたという、「业」はそれを,N1,on,on+on,B_noun_rad_木(kun 93%),興:◆起き上がる、すっくと立つ◆持ち上げる、高く挙(あ)げる◆高(たか)ぶる、高揚(コウヨウ)する、盛り上がる◆盛んになる、栄える; 業:◆鍾(ショウ)や磬(ケイ)などの打楽器を吊るすための横木(筍)の上の横板、吊るした楽器の位置が演奏中にずれないように凹みや突起がついていたという、「业」はそれを
kk_興行_こうぎょう,興行,こうぎょう,興:◆起き上がる、すっくと立つ◆持ち上げる、高く挙(あ)げる◆高(たか)ぶる、高揚(コウヨウ)する、盛り上がる◆盛んになる、栄える; 行:◆左足を前に出し(彳)次に右足を前に出す(亍)、足を交互に動かして前に進む◆目的とするところに向かって進む◆遠くに出掛ける、旅に出る◆道、人が往来する道路、同「,N1,on,on+on,,興:◆起き上がる、すっくと立つ◆持ち上げる、高く挙(あ)げる◆高(たか)ぶる、高揚(コウヨウ)する、盛り上がる◆盛んになる、栄える; 行:◆左足を前に出し(彳)次に右足を前に出す(亍)、足を交互に動かして前に進む◆目的とするところに向かって進む◆遠くに出掛ける、旅に出る◆道、人が往来する道路、同「
kk_舐める/嘗める_なめる,舐める/嘗める,なめる,舐:◆舌先で撫(な)でるようにする、舌先で掬(すく)い取る; 嘗:◆舌で舐(な)める、舐めて味見する◆試(ため)す、試しに◆その年の収穫物を供え祖先を祭(まつ)るために秋に行われる祭礼の名、春は「礿(夏代、商代)」「祠(周代),N1,kun,kun+kun~,IL1_okurigana(kun 96%) | A1_compound_oku(kun 90%) | A1_on_kun_mix(on+kun 65%),舐:◆舌先で撫(な)でるようにする、舌先で掬(すく)い取る; 嘗:◆舌で舐(な)める、舐めて味見する◆試(ため)す、試しに◆その年の収穫物を供え祖先を祭(まつ)るために秋に行われる祭礼の名、春は「礿(夏代、商代)」「祠(周代)
kk_舞い上がる_まいあがる,舞い上がる,まいあがる,舞:◆手足や体を動かし踊(おど)り喜怒哀楽(キドアイラク)を表現する、同「儛」「𦐀」◆(舞うように)飛ぶ、(舞うように)揺(ゆ)らす◆弄(いじ)くって変えてしまう; 上:◆位置・場所・地位などが高い、高い方にある◆高い方に移る、昇る、登る◆順序・時間などが前、前の方にある◆前の方に移る◆等級・品質などが高い、優れている◆殿様、皇,N1,kun,kun+kun,IL1_okurigana(kun 96%) | A1_compound_oku(kun 90%) | A1_on_kun_mix(on+kun 65%),舞:◆手足や体を動かし踊(おど)り喜怒哀楽(キドアイラク)を表現する、同「儛」「𦐀」◆(舞うように)飛ぶ、(舞うように)揺(ゆ)らす◆弄(いじ)くって変えてしまう; 上:◆位置・場所・地位などが高い、高い方にある◆高い方に移る、昇る、登る◆順序・時間などが前、前の方にある◆前の方に移る◆等級・品質などが高い、優れている◆殿様、皇
kk_舞う_まう,舞う,まう,舞:◆手足や体を動かし踊(おど)り喜怒哀楽(キドアイラク)を表現する、同「儛」「𦐀」◆(舞うように)飛ぶ、(舞うように)揺(ゆ)らす◆弄(いじ)くって変えてしまう,N1,kun,kun,IL1_okurigana(kun 96%) | IL2_single_okuri(kun 96%),舞:◆手足や体を動かし踊(おど)り喜怒哀楽(キドアイラク)を表現する、同「儛」「𦐀」◆(舞うように)飛ぶ、(舞うように)揺(ゆ)らす◆弄(いじ)くって変えてしまう
kk_良し悪し_よしあし,良し悪し,よしあし,良:◆自分或いは多くの人の判断基準より上である、(「優(ユウ)」には及ばないが)一般的・標準的な水準・程度を超えている、善(よ)い、勝(まさ)る、好(この)ましい、; 悪:◆良くない、劣る、好ましくない◆憎む、好ましくない(良くない)感情を抱く◆不快な、不吉な◆忌(いま)まわしい、醜(みにく)い、またそのように行い◆道を誤る、道義,N1,kun,kun+kun~,IL1_okurigana(kun 96%) | A1_compound_oku(kun 90%) | A1_on_kun_mix(on+kun 65%),良:◆自分或いは多くの人の判断基準より上である、(「優(ユウ)」には及ばないが)一般的・標準的な水準・程度を超えている、善(よ)い、勝(まさ)る、好(この)ましい、; 悪:◆良くない、劣る、好ましくない◆憎む、好ましくない(良くない)感情を抱く◆不快な、不吉な◆忌(いま)まわしい、醜(みにく)い、またそのように行い◆道を誤る、道義
kk_良好_りょうこう,良好,りょうこう,良:◆自分或いは多くの人の判断基準より上である、(「優(ユウ)」には及ばないが)一般的・標準的な水準・程度を超えている、善(よ)い、勝(まさ)る、好(この)ましい、; 好:◆自分にとって快く受け入れることができること(事・言)やもの(物・者)、その逆が「悪」、「好悪(コウオ)」◆良い、善(よ)い、心地良い、丁度良い、勝手(かって、,N1,on,on+on,,良:◆自分或いは多くの人の判断基準より上である、(「優(ユウ)」には及ばないが)一般的・標準的な水準・程度を超えている、善(よ)い、勝(まさ)る、好(この)ましい、; 好:◆自分にとって快く受け入れることができること(事・言)やもの(物・者)、その逆が「悪」、「好悪(コウオ)」◆良い、善(よ)い、心地良い、丁度良い、勝手(かって、
kk_良心_りょうしん,良心,りょうしん,良:◆自分或いは多くの人の判断基準より上である、(「優(ユウ)」には及ばないが)一般的・標準的な水準・程度を超えている、善(よ)い、勝(まさ)る、好(この)ましい、; 心:◆血液を循環させる働きをする臓器で五臓(心シン・肝カン・脾ヒ・肺ハイ・腎ジン)の一つ ◆ものの真(ま)ん中、真ん中(中心)にあるもの、ものの重要な部分、ものの本,N1,on,on+on,,良:◆自分或いは多くの人の判断基準より上である、(「優(ユウ)」には及ばないが)一般的・標準的な水準・程度を超えている、善(よ)い、勝(まさ)る、好(この)ましい、; 心:◆血液を循環させる働きをする臓器で五臓(心シン・肝カン・脾ヒ・肺ハイ・腎ジン)の一つ ◆ものの真(ま)ん中、真ん中(中心)にあるもの、ものの重要な部分、ものの本
kk_良識_りょうしき,良識,りょうしき,良:◆自分或いは多くの人の判断基準より上である、(「優(ユウ)」には及ばないが)一般的・標準的な水準・程度を超えている、善(よ)い、勝(まさ)る、好(この)ましい、; 識:◆知ったことが他とどう違うのかを理解する◆他との違いをはっきりと見分ける、またその働き、またその能力、またその内容◆記(しる)す、書き記す、同「誌」◆幟(のぼり,N1,on,on+on,B_verb_rad_言(kun 80%),良:◆自分或いは多くの人の判断基準より上である、(「優(ユウ)」には及ばないが)一般的・標準的な水準・程度を超えている、善(よ)い、勝(まさ)る、好(この)ましい、; 識:◆知ったことが他とどう違うのかを理解する◆他との違いをはっきりと見分ける、またその働き、またその能力、またその内容◆記(しる)す、書き記す、同「誌」◆幟(のぼり
kk_色合い_いろあい,色合い,いろあい,色:◆視覚によって認識するものの内、形状以外のもの、(特に顔の)表情、彩(いろどり)り、具合(ぐあい)、様子◆男女間の情欲(ジョウヨク)◆種類、二色=二種類◆いろ、; 合:◆人や物が集まって一緒になる、また一つになる◆幾つかのものを集め一緒にする、幾つかのものが集まり同じになる◆同じものを纏(まと)めた全体◆ぴったりと一致する、当,N1,kun,kun+kun,IL1_okurigana(kun 96%) | A1_compound_oku(kun 90%) | A1_on_kun_mix(on+kun 65%),色:◆視覚によって認識するものの内、形状以外のもの、(特に顔の)表情、彩(いろどり)り、具合(ぐあい)、様子◆男女間の情欲(ジョウヨク)◆種類、二色=二種類◆いろ、; 合:◆人や物が集まって一緒になる、また一つになる◆幾つかのものを集め一緒にする、幾つかのものが集まり同じになる◆同じものを纏(まと)めた全体◆ぴったりと一致する、当
kk_色彩_しきさい,色彩,しきさい,色:◆視覚によって認識するものの内、形状以外のもの、(特に顔の)表情、彩(いろどり)り、具合(ぐあい)、様子◆男女間の情欲(ジョウヨク)◆種類、二色=二種類◆いろ、; 彩:◆色の取り合わせが良いさま、また美しいさま、華やかで美しい模様、同「綵」◆色合い、色の取り合わせ、様子、姿、同「采」◆それに合った色を選び組み合わせて模様を描く,N1,on,on+on,,色:◆視覚によって認識するものの内、形状以外のもの、(特に顔の)表情、彩(いろどり)り、具合(ぐあい)、様子◆男女間の情欲(ジョウヨク)◆種類、二色=二種類◆いろ、; 彩:◆色の取り合わせが良いさま、また美しいさま、華やかで美しい模様、同「綵」◆色合い、色の取り合わせ、様子、姿、同「采」◆それに合った色を選び組み合わせて模様を描く
kk_色直し_いろなおし,色直し,いろなおし,色:◆視覚によって認識するものの内、形状以外のもの、(特に顔の)表情、彩(いろどり)り、具合(ぐあい)、様子◆男女間の情欲(ジョウヨク)◆種類、二色=二種類◆いろ、; 直:◆ものをまっすぐによく見る◆まっすぐなさま、曲がったり折れたり歪(ゆが)んだりしない(していない)さま、「正直(ショウジキ、まっすぐなこと、嘘や偽りがないこと),N1,kun,kun+kun,IL1_okurigana(kun 96%) | A1_compound_oku(kun 90%) | A1_on_kun_mix(on+kun 65%),色:◆視覚によって認識するものの内、形状以外のもの、(特に顔の)表情、彩(いろどり)り、具合(ぐあい)、様子◆男女間の情欲(ジョウヨク)◆種類、二色=二種類◆いろ、; 直:◆ものをまっすぐによく見る◆まっすぐなさま、曲がったり折れたり歪(ゆが)んだりしない(していない)さま、「正直(ショウジキ、まっすぐなこと、嘘や偽りがないこと)
kk_花弁_はなびら,花弁,はなびら,花:◆種子植物の生殖のための器官、雌蕊(シズイ、めしべ)や雄蕊(ユウズイ、おしべ)やその外側にある部分を総じた名 ◆(花のように)美しいさま、華(はな)やかなさま、; 弁:◆頭に被(かぶ)る冠(かんむり)や帽子、冕(ベン、高位の人の正装用の冠)なども含む、同「㝸」「𢍍」◆冠を被(かぶ)る、同「𠭛」◆元服(ゲンプク、男子が成人したこ,N1,other,mixed+mixed~,,花:◆種子植物の生殖のための器官、雌蕊(シズイ、めしべ)や雄蕊(ユウズイ、おしべ)やその外側にある部分を総じた名 ◆(花のように)美しいさま、華(はな)やかなさま、; 弁:◆頭に被(かぶ)る冠(かんむり)や帽子、冕(ベン、高位の人の正装用の冠)なども含む、同「㝸」「𢍍」◆冠を被(かぶ)る、同「𠭛」◆元服(ゲンプク、男子が成人したこ
kk_花粉_かふん,花粉,かふん,花:◆種子植物の生殖のための器官、雌蕊(シズイ、めしべ)や雄蕊(ユウズイ、おしべ)やその外側にある部分を総じた名 ◆(花のように)美しいさま、華(はな)やかなさま、; 粉:◆穀物を細かく砕いたもの、「粒」よりも更に細かいもの、またそのような形状のもの◆小さく細かくする◆白くするために砕いて細かくしたもの、顔などに叩(はた)いたり油,N1,on,on+on,A3_short_compound(on+on 71%) | B_noun_rad_米(kun 93%),花:◆種子植物の生殖のための器官、雌蕊(シズイ、めしべ)や雄蕊(ユウズイ、おしべ)やその外側にある部分を総じた名 ◆(花のように)美しいさま、華(はな)やかなさま、; 粉:◆穀物を細かく砕いたもの、「粒」よりも更に細かいもの、またそのような形状のもの◆小さく細かくする◆白くするために砕いて細かくしたもの、顔などに叩(はた)いたり油
kk_芳しい_かんばしい,芳しい,かんばしい,芳:◆草花の良い香り◆香(こう)ばしい、香(かぐわ)しい、同「香」◆良い、素晴らしい、美しい、「芳聲(ホウセイ、芳しい評判)」◆人に対する敬称・美称,N1,kun,kun,IL1_okurigana(kun 96%) | IL2_single_okuri(kun 96%),芳:◆草花の良い香り◆香(こう)ばしい、香(かぐわ)しい、同「香」◆良い、素晴らしい、美しい、「芳聲(ホウセイ、芳しい評判)」◆人に対する敬称・美称
kk_若しくは_もしくは,若しくは,もしくは,若:◆わか・い、柔(やわ)らかくしなやかなさま、生まれて間もないさま◆柔らかい(しなやかな、若い)草木◆逆(さか)らわずに従(したが)う◆もし～、仮に、或いは、もし,N1,kun,kun,IL1_okurigana(kun 96%) | IL2_single_okuri(kun 96%),若:◆わか・い、柔(やわ)らかくしなやかなさま、生まれて間もないさま◆柔らかい(しなやかな、若い)草木◆逆(さか)らわずに従(したが)う◆もし～、仮に、或いは、もし
kk_苦_く,苦,く,苦:◆渋味やえぐ味などの不快に感じる味、五味(甘・酸・鹹・苦・辛)の一つ◆不快なことや思うようにならないことなどに困り果てる、押さえ付けられているような(重苦しい),N1,on,on,IL2_single_default(kun 84%),苦:◆渋味やえぐ味などの不快に感じる味、五味(甘・酸・鹹・苦・辛)の一つ◆不快なことや思うようにならないことなどに困り果てる、押さえ付けられているような(重苦しい)
kk_苦渋_くじゅう,苦渋,くじゅう,苦:◆渋味やえぐ味などの不快に感じる味、五味(甘・酸・鹹・苦・辛)の一つ◆不快なことや思うようにならないことなどに困り果てる、押さえ付けられているような(重苦しい); 渋:◆流れては淀(よど)み流れては淀みする、滑(なめ)らかに進まない、すんなりといかない、同「歮」◆熟していないカキ(柿、カキノキ科カキノキ属の木)の実の味、舌がざ,N1,on,on+on,A3_short_compound(on+on 71%),苦:◆渋味やえぐ味などの不快に感じる味、五味(甘・酸・鹹・苦・辛)の一つ◆不快なことや思うようにならないことなどに困り果てる、押さえ付けられているような(重苦しい); 渋:◆流れては淀(よど)み流れては淀みする、滑(なめ)らかに進まない、すんなりといかない、同「歮」◆熟していないカキ(柿、カキノキ科カキノキ属の木)の実の味、舌がざ
kk_英字_えいじ,英字,えいじ,英:◆秀(ひい)でる、傑出している、またそのような人、万人に一人の逸材(イツザイ)、同「偀」、「【春秋繁露:卷八:爵國第二十八】…萬人者曰英千人者曰俊百人者曰傑十人; 字:◆子を生む、生まれた子を慈(いつく)しみ育てる、同「𡥜」◆あざな、成人時に名付ける本名以外の名、男子は二十歳で成人とし初めて冠を被り、女子は許嫁(キョカ、いいな,N1,on,on+on,A3_short_compound(on+on 71%),英:◆秀(ひい)でる、傑出している、またそのような人、万人に一人の逸材(イツザイ)、同「偀」、「【春秋繁露:卷八:爵國第二十八】…萬人者曰英千人者曰俊百人者曰傑十人; 字:◆子を生む、生まれた子を慈(いつく)しみ育てる、同「𡥜」◆あざな、成人時に名付ける本名以外の名、男子は二十歳で成人とし初めて冠を被り、女子は許嫁(キョカ、いいな
kk_英雄_えいゆう,英雄,えいゆう,英:◆秀(ひい)でる、傑出している、またそのような人、万人に一人の逸材(イツザイ)、同「偀」、「【春秋繁露:卷八:爵國第二十八】…萬人者曰英千人者曰俊百人者曰傑十人; 雄:◆鳥の父性、鳥の母性は「雌(シ、めす)」、獣の父性は「牡(ボウ、おす)」、獣の母性は「牝(ヒン、めす)」◆大きく堂々としているさま、強く逞しいさま,N1,on,on+on,,英:◆秀(ひい)でる、傑出している、またそのような人、万人に一人の逸材(イツザイ)、同「偀」、「【春秋繁露:卷八:爵國第二十八】…萬人者曰英千人者曰俊百人者曰傑十人; 雄:◆鳥の父性、鳥の母性は「雌(シ、めす)」、獣の父性は「牡(ボウ、おす)」、獣の母性は「牝(ヒン、めす)」◆大きく堂々としているさま、強く逞しいさま
kk_茶の湯_ちゃのゆ,茶の湯,ちゃのゆ,茶:◆チャ(茶)、チャノキ(茶の木)、ツバキ科ツバキ属の木 ◆チャノキの若葉を摘(つ)み煎(せん)じて飲料用に加工したもの、遅い時期に摘み取った茶葉を使ったものは「; 湯:◆温かい水、熱い水、沸騰した水◆熱いスープsoup、スープ状のもの、「菜湯(サイタン)、野菜のスープ」「濃湯(ノウタン、ノンタン)、シチューstewなどのような,N1,mixed,on+kun~,IL1_okurigana(kun 96%) | A1_compound_oku(kun 90%) | A1_on_kun_mix(on+kun 65%),茶:◆チャ(茶)、チャノキ(茶の木)、ツバキ科ツバキ属の木 ◆チャノキの若葉を摘(つ)み煎(せん)じて飲料用に加工したもの、遅い時期に摘み取った茶葉を使ったものは「; 湯:◆温かい水、熱い水、沸騰した水◆熱いスープsoup、スープ状のもの、「菜湯(サイタン)、野菜のスープ」「濃湯(ノウタン、ノンタン)、シチューstewなどのような
kk_茶飯事_さはんじ,茶飯事,さはんじ,茶:◆チャ(茶)、チャノキ(茶の木)、ツバキ科ツバキ属の木 ◆チャノキの若葉を摘(つ)み煎(せん)じて飲料用に加工したもの、遅い時期に摘み取った茶葉を使ったものは「; 飯:◆米などの穀物を煮たり炊(た)いたりして柔らかくした(食べやすくした)もの◆(毎日定期的に摂とる)食事◆食べ物を食べる、食べ物を与える; 事:◆こと、動作・現象・状態など形のないものを指す語、形のあるものは「物」、「事情(ジジョウ、ことの様子)」「無事(ブジ、何事もないさま)」◆職(ショク)、仕事や役,N1,on,on+on+on,A4_multi_on(on+on+on 65%),茶:◆チャ(茶)、チャノキ(茶の木)、ツバキ科ツバキ属の木 ◆チャノキの若葉を摘(つ)み煎(せん)じて飲料用に加工したもの、遅い時期に摘み取った茶葉を使ったものは「; 飯:◆米などの穀物を煮たり炊(た)いたりして柔らかくした(食べやすくした)もの◆(毎日定期的に摂とる)食事◆食べ物を食べる、食べ物を与える; 事:◆こと、動作・現象・状態など形のないものを指す語、形のあるものは「物」、「事情(ジジョウ、ことの様子)」「無事(ブジ、何事もないさま)」◆職(ショク)、仕事や役
kk_荒っぽい_あらっぽい,荒っぽい,あらっぽい,荒:◆雑草が伸び放題なさま、人の手が入っておらず耕作や居住に向かないさま、またそのような地◆廃(すた)れる、長い間人の手が加えられた様子がないさま◆(人の手が及ばす,N1,kun,kun,IL1_okurigana(kun 96%) | IL2_single_okuri(kun 96%),荒:◆雑草が伸び放題なさま、人の手が入っておらず耕作や居住に向かないさま、またそのような地◆廃(すた)れる、長い間人の手が加えられた様子がないさま◆(人の手が及ばす
kk_荒らす_あらす,荒らす,あらす,荒:◆雑草が伸び放題なさま、人の手が入っておらず耕作や居住に向かないさま、またそのような地◆廃(すた)れる、長い間人の手が加えられた様子がないさま◆(人の手が及ばす,N1,kun,kun,IL1_okurigana(kun 96%) | IL2_single_okuri(kun 96%),荒:◆雑草が伸び放題なさま、人の手が入っておらず耕作や居住に向かないさま、またそのような地◆廃(すた)れる、長い間人の手が加えられた様子がないさま◆(人の手が及ばす
kk_荒廃_こうはい,荒廃,こうはい,荒:◆雑草が伸び放題なさま、人の手が入っておらず耕作や居住に向かないさま、またそのような地◆廃(すた)れる、長い間人の手が加えられた様子がないさま◆(人の手が及ばす; 廃:◆建物が傾き倒れる◆すた・る、使えなくなる、使われなくなる、役に立たなくなる◆それまでしていたことを止める、使うことを止める,N1,on,on+on,B_noun_rad_广(kun 93%),荒:◆雑草が伸び放題なさま、人の手が入っておらず耕作や居住に向かないさま、またそのような地◆廃(すた)れる、長い間人の手が加えられた様子がないさま◆(人の手が及ばす; 廃:◆建物が傾き倒れる◆すた・る、使えなくなる、使われなくなる、役に立たなくなる◆それまでしていたことを止める、使うことを止める
kk_荷_に,荷,に,荷:◆ハス(蓮)、ハス科ハス属の水草、ハスの花・実・茎・根茎など全体を指す、別名「芙蕖(フキョ)」、「【爾雅注疏:釋草】荷芙渠(…)其莖茄其葉蕸其本蔤(《注》莖下白,N1,kun,kun,IL2_single_default(kun 84%),荷:◆ハス(蓮)、ハス科ハス属の水草、ハスの花・実・茎・根茎など全体を指す、別名「芙蕖(フキョ)」、「【爾雅注疏:釋草】荷芙渠(…)其莖茄其葉蕸其本蔤(《注》莖下白
kk_荷造り_にづくり,荷造り,にづくり,荷:◆ハス(蓮)、ハス科ハス属の水草、ハスの花・実・茎・根茎など全体を指す、別名「芙蕖(フキョ)」、「【爾雅注疏:釋草】荷芙渠(…)其莖茄其葉蕸其本蔤(《注》莖下白; 造:◆(素材に手を加えて、組み合わせて)作り上げる◆成(な)る、為(な)す、成し遂(と)げる◆到(いた)る、行き着く◆慌てる、慌ただしい◆「造次(ゾウジ)」◇ごく短,N1,other,mixed+mixed~,IL1_okurigana(kun 96%) | A1_compound_oku(kun 90%) | A1_on_kun_mix(on+kun 65%),荷:◆ハス(蓮)、ハス科ハス属の水草、ハスの花・実・茎・根茎など全体を指す、別名「芙蕖(フキョ)」、「【爾雅注疏:釋草】荷芙渠(…)其莖茄其葉蕸其本蔤(《注》莖下白; 造:◆(素材に手を加えて、組み合わせて)作り上げる◆成(な)る、為(な)す、成し遂(と)げる◆到(いた)る、行き着く◆慌てる、慌ただしい◆「造次(ゾウジ)」◇ごく短
kk_華々しい_はなばなしい,華々しい,はなばなしい,華:◆花(はな)、同「花」◆花が咲き開くさま◆花のように美しいさま、美しい光を放つさま、同「花」◆栄えるさま、「栄華(エイガ)」◆漢民族の国、中国、「華夏(カカ)」,N1,kun,kun,IL1_okurigana(kun 96%) | IL2_single_okuri(kun 96%),華:◆花(はな)、同「花」◆花が咲き開くさま◆花のように美しいさま、美しい光を放つさま、同「花」◆栄えるさま、「栄華(エイガ)」◆漢民族の国、中国、「華夏(カカ)」
kk_華やか_はなやか,華やか,はなやか,華:◆花(はな)、同「花」◆花が咲き開くさま◆花のように美しいさま、美しい光を放つさま、同「花」◆栄えるさま、「栄華(エイガ)」◆漢民族の国、中国、「華夏(カカ)」,N1,kun,kun,IL1_okurigana(kun 96%) | IL2_single_okuri(kun 96%),華:◆花(はな)、同「花」◆花が咲き開くさま◆花のように美しいさま、美しい光を放つさま、同「花」◆栄えるさま、「栄華(エイガ)」◆漢民族の国、中国、「華夏(カカ)」
kk_華奢/かしゃ_きゃしゃ,華奢/かしゃ,きゃしゃ,華:◆花(はな)、同「花」◆花が咲き開くさま◆花のように美しいさま、美しい光を放つさま、同「花」◆栄えるさま、「栄華(エイガ)」◆漢民族の国、中国、「華夏(カカ)」; 奢:◆分限(身分や立場に見合うこと)を弁(わきま)えずにそれを超えるさま、またそのような行為◆分限以上に貯め込み使う、分を超えて贅沢する,N1,other,mixed+mixed~,IL1_okurigana(kun 96%) | A1_compound_oku(kun 90%) | A1_on_kun_mix(on+kun 65%),華:◆花(はな)、同「花」◆花が咲き開くさま◆花のように美しいさま、美しい光を放つさま、同「花」◆栄えるさま、「栄華(エイガ)」◆漢民族の国、中国、「華夏(カカ)」; 奢:◆分限(身分や立場に見合うこと)を弁(わきま)えずにそれを超えるさま、またそのような行為◆分限以上に貯め込み使う、分を超えて贅沢する
kk_萎びる_しなびる,萎びる,しなびる,萎:◆草木が水分を失って弱る、弱って張(は)りが失われる◆病(やまい)などで弱る、活力が失われる、同「痿」◆「萎蕤(イズイ)」、アマドコロ(甘野老)、キジカクシ科ア,N1,kun,kun,IL1_okurigana(kun 96%) | IL2_single_okuri(kun 96%),萎:◆草木が水分を失って弱る、弱って張(は)りが失われる◆病(やまい)などで弱る、活力が失われる、同「痿」◆「萎蕤(イズイ)」、アマドコロ(甘野老)、キジカクシ科ア
kk_萎れる_しおれる,萎れる,しおれる,萎:◆草木が水分を失って弱る、弱って張(は)りが失われる◆病(やまい)などで弱る、活力が失われる、同「痿」◆「萎蕤(イズイ)」、アマドコロ(甘野老)、キジカクシ科ア,N1,kun,kun,IL1_okurigana(kun 96%) | IL2_single_okuri(kun 96%),萎:◆草木が水分を失って弱る、弱って張(は)りが失われる◆病(やまい)などで弱る、活力が失われる、同「痿」◆「萎蕤(イズイ)」、アマドコロ(甘野老)、キジカクシ科ア
kk_萎縮_いしゅく,萎縮,いしゅく,萎:◆草木が水分を失って弱る、弱って張(は)りが失われる◆病(やまい)などで弱る、活力が失われる、同「痿」◆「萎蕤(イズイ)」、アマドコロ(甘野老)、キジカクシ科ア; 縮:◆縄を巻いてぎゅっと締め付ける、周りから締め付けて小さくする、「収縮(シュウシュク)」◆酒の入った袋を周りから締め付けて小さくする、搾(しぼ)る◆大きく広がって,N1,on,on+on,A3_short_compound(on+on 71%),萎:◆草木が水分を失って弱る、弱って張(は)りが失われる◆病(やまい)などで弱る、活力が失われる、同「痿」◆「萎蕤(イズイ)」、アマドコロ(甘野老)、キジカクシ科ア; 縮:◆縄を巻いてぎゅっと締め付ける、周りから締め付けて小さくする、「収縮(シュウシュク)」◆酒の入った袋を周りから締め付けて小さくする、搾(しぼ)る◆大きく広がって
kk_落ち度_おちど,落ち度,おちど,落:◆上にあったものが下に移動する、高い所から下に位置を変える、「落下(ラッカ)」「墜落(ツイラク)」◆枯れ衰える、(枯れた葉が)地に墜ちる、「没落(ボツラク)」「; 度:◆長さを測(はか)る際に基準となる物差し(ものさし)、またその目盛(めもり)、「度量(ドリョウ、長さと容量、人の言動をどの程度容認できるかの大きさ)」「法度(ハ,N1,mixed,kun+on~,IL1_okurigana(kun 96%) | A1_compound_oku(kun 90%) | A1_on_kun_mix(on+kun 65%),落:◆上にあったものが下に移動する、高い所から下に位置を変える、「落下(ラッカ)」「墜落(ツイラク)」◆枯れ衰える、(枯れた葉が)地に墜ちる、「没落(ボツラク)」「; 度:◆長さを測(はか)る際に基準となる物差し(ものさし)、またその目盛(めもり)、「度量(ドリョウ、長さと容量、人の言動をどの程度容認できるかの大きさ)」「法度(ハ
kk_落下_らっか,落下,らっか,落:◆上にあったものが下に移動する、高い所から下に位置を変える、「落下(ラッカ)」「墜落(ツイラク)」◆枯れ衰える、(枯れた葉が)地に墜ちる、「没落(ボツラク)」「; 下:◆位置・場所・地位などが低い、低い方にある◆低い方に移る、降りる、落ちる◆順序・時間などが後(あと)、後の方にある◆後の方に移る、後(うし)ろの方へ退く◆等級・,N1,other,mixed+mixed~,A3_short_compound(on+on 71%),落:◆上にあったものが下に移動する、高い所から下に位置を変える、「落下(ラッカ)」「墜落(ツイラク)」◆枯れ衰える、(枯れた葉が)地に墜ちる、「没落(ボツラク)」「; 下:◆位置・場所・地位などが低い、低い方にある◆低い方に移る、降りる、落ちる◆順序・時間などが後(あと)、後の方にある◆後の方に移る、後(うし)ろの方へ退く◆等級・
kk_落書き_らくがき,落書き,らくがき,落:◆上にあったものが下に移動する、高い所から下に位置を変える、「落下(ラッカ)」「墜落(ツイラク)」◆枯れ衰える、(枯れた葉が)地に墜ちる、「没落(ボツラク)」「; 書:◆文字を筆(聿)などで記(しる)す、著(あらわ)す、「書物(ショモツ)」「文書(ブンショ)」◆手紙、「書信(ショシン)」◆「書経(ショキョウ、別名尚書ショウショ,N1,other,mixed+mixed~,IL1_okurigana(kun 96%) | A1_compound_oku(kun 90%) | A1_on_kun_mix(on+kun 65%),落:◆上にあったものが下に移動する、高い所から下に位置を変える、「落下(ラッカ)」「墜落(ツイラク)」◆枯れ衰える、(枯れた葉が)地に墜ちる、「没落(ボツラク)」「; 書:◆文字を筆(聿)などで記(しる)す、著(あらわ)す、「書物(ショモツ)」「文書(ブンショ)」◆手紙、「書信(ショシン)」◆「書経(ショキョウ、別名尚書ショウショ
kk_落胆_らくたん,落胆,らくたん,落:◆上にあったものが下に移動する、高い所から下に位置を変える、「落下(ラッカ)」「墜落(ツイラク)」◆枯れ衰える、(枯れた葉が)地に墜ちる、「没落(ボツラク)」「; 胆:◆肝臓で作られる脂肪の消化吸収を助ける液体(胆汁)を貯える器官、「胆嚢(タンノウ)」 ◆気力や勇気の源(みなもと)◆ものの内部にあって、ものを入れることができも,N1,on,on+on,,落:◆上にあったものが下に移動する、高い所から下に位置を変える、「落下(ラッカ)」「墜落(ツイラク)」◆枯れ衰える、(枯れた葉が)地に墜ちる、「没落(ボツラク)」「; 胆:◆肝臓で作られる脂肪の消化吸収を助ける液体(胆汁)を貯える器官、「胆嚢(タンノウ)」 ◆気力や勇気の源(みなもと)◆ものの内部にあって、ものを入れることができも
kk_著しい_いちじるしい,著しい,いちじるしい,著:◆他との違い(或いは正誤)をはっきりと示す、誰の目にも明らかにする、明確にする、同「箸」「𣋐」◆(間違いや誤解がないように)文章などに書き表す、書かれた文章、同,N1,kun,kun,IL1_okurigana(kun 96%) | IL2_single_okuri(kun 96%),著:◆他との違い(或いは正誤)をはっきりと示す、誰の目にも明らかにする、明確にする、同「箸」「𣋐」◆(間違いや誤解がないように)文章などに書き表す、書かれた文章、同
kk_著名_ちょめい,著名,ちょめい,著:◆他との違い(或いは正誤)をはっきりと示す、誰の目にも明らかにする、明確にする、同「箸」「𣋐」◆(間違いや誤解がないように)文章などに書き表す、書かれた文章、同; 名:◆人に付ける呼称、また動物・もの・出来事などを呼んだり指し示したり識別したりするためにその各々に付ける呼称、「名称(メイショウ)」◆呼称を付ける、「命名(メイメ,N1,on,on+on,A3_short_compound(on+on 71%),著:◆他との違い(或いは正誤)をはっきりと示す、誰の目にも明らかにする、明確にする、同「箸」「𣋐」◆(間違いや誤解がないように)文章などに書き表す、書かれた文章、同; 名:◆人に付ける呼称、また動物・もの・出来事などを呼んだり指し示したり識別したりするためにその各々に付ける呼称、「名称(メイショウ)」◆呼称を付ける、「命名(メイメ
kk_著書_ちょしょ,著書,ちょしょ,著:◆他との違い(或いは正誤)をはっきりと示す、誰の目にも明らかにする、明確にする、同「箸」「𣋐」◆(間違いや誤解がないように)文章などに書き表す、書かれた文章、同; 書:◆文字を筆(聿)などで記(しる)す、著(あらわ)す、「書物(ショモツ)」「文書(ブンショ)」◆手紙、「書信(ショシン)」◆「書経(ショキョウ、別名尚書ショウショ,N1,on,on+on,A3_short_compound(on+on 71%),著:◆他との違い(或いは正誤)をはっきりと示す、誰の目にも明らかにする、明確にする、同「箸」「𣋐」◆(間違いや誤解がないように)文章などに書き表す、書かれた文章、同; 書:◆文字を筆(聿)などで記(しる)す、著(あらわ)す、「書物(ショモツ)」「文書(ブンショ)」◆手紙、「書信(ショシン)」◆「書経(ショキョウ、別名尚書ショウショ
kk_葬る_ほうむる,葬る,ほうむる,葬:◆周りから見えないように覆(おお)い隠(かく)す◆死者を他人の目に触れないように隠(かく)す、死者を土に埋める、同「𦽱」¶「葬」は「艸」「死」「艸」の合字で、「,N1,kun,kun,IL1_okurigana(kun 96%) | IL2_single_okuri(kun 96%),葬:◆周りから見えないように覆(おお)い隠(かく)す◆死者を他人の目に触れないように隠(かく)す、死者を土に埋める、同「𦽱」¶「葬」は「艸」「死」「艸」の合字で、「
kk_蓄積_ちくせき,蓄積,ちくせき,蓄:◆(冬に備えて野菜を)貯(たくわ)える、集めて堆(うずたか)く積む、しまっておく、「備蓄(ビチク)」、同「畜」「𧁃」「稸」◆飼(か)う、飼い育てる、養(やしな); 積:◆(刈り取った穀物を)集めて次々に重ねて行く、上へ上へと重ねて行く◆堆(うずたか)く蓄(たくわ)える、貯(た)める◆数学で掛け算の結果◆「疳積(カンシャク)」、,N1,on,on+on,,蓄:◆(冬に備えて野菜を)貯(たくわ)える、集めて堆(うずたか)く積む、しまっておく、「備蓄(ビチク)」、同「畜」「𧁃」「稸」◆飼(か)う、飼い育てる、養(やしな); 積:◆(刈り取った穀物を)集めて次々に重ねて行く、上へ上へと重ねて行く◆堆(うずたか)く蓄(たくわ)える、貯(た)める◆数学で掛け算の結果◆「疳積(カンシャク)」、
kk_蕩ける_とろける,蕩ける,とろける,蕩:◆揺(ゆ)れ動く、揺り動かす、同「盪」◆(揺すって)器の汚れを洗い流す、きれいに取り除く、一掃する、同「盪」◆当てもなくふらふらとするさま、勝手気ままなさま、酒,N1,kun,kun,IL1_okurigana(kun 96%) | IL2_single_okuri(kun 96%),蕩:◆揺(ゆ)れ動く、揺り動かす、同「盪」◆(揺すって)器の汚れを洗い流す、きれいに取り除く、一掃する、同「盪」◆当てもなくふらふらとするさま、勝手気ままなさま、酒
kk_薄弱_はくじゃく,薄弱,はくじゃく,薄:◆草木がびっしりと(隙間なく)生えているさま、「【說文解字注:艸部:薄】林薄也(…劉注曰薄不入之叢也按林木相迫不可入曰薄引伸凡相迫皆曰薄)」◆互いの間が近い、間; 弱:◆(何かをするために必要な)力が十分でない、力が足りない、力が劣(おと)っている、力強さがない◆やや足りない、やや及ばない◆衰(おとろ)える、力強さがなくなる◆,N1,on,on+on,,薄:◆草木がびっしりと(隙間なく)生えているさま、「【說文解字注:艸部:薄】林薄也(…劉注曰薄不入之叢也按林木相迫不可入曰薄引伸凡相迫皆曰薄)」◆互いの間が近い、間; 弱:◆(何かをするために必要な)力が十分でない、力が足りない、力が劣(おと)っている、力強さがない◆やや足りない、やや及ばない◆衰(おとろ)える、力強さがなくなる◆
kk_藻掻く/蔉く_もがく,藻掻く/蔉く,もがく,藻:◆水中に生息する植物などの総称、また「藻類(ソウルイ)」「海草(カイソウ)」「水草(スイソウ、みずくさ)」などの水中に生える草の総称◆色鮮やかな模様、同「繅」◆; 掻:◆爪を立て引っ掛けるようにして引く、また爪立ててものを寄せ集める◆騒ぐ、同「騒」◆[日]手を忙(せわ)しく動かすさま; 蔉:◆苗の根元に土を盛って育てる,N1,on,mixed+mixed+on~,IL1_okurigana(kun 96%) | A1_compound_oku(kun 90%) | A1_on_kun_mix(on+kun 65%),藻:◆水中に生息する植物などの総称、また「藻類(ソウルイ)」「海草(カイソウ)」「水草(スイソウ、みずくさ)」などの水中に生える草の総称◆色鮮やかな模様、同「繅」◆; 掻:◆爪を立て引っ掛けるようにして引く、また爪立ててものを寄せ集める◆騒ぐ、同「騒」◆[日]手を忙(せわ)しく動かすさま; 蔉:◆苗の根元に土を盛って育てる
kk_蘇る_よみがえる,蘇る,よみがえる,蘇:◆シソ(紫蘇)などのシソ科シソ属の草の称 ◆雑草を取り除く、同「穌」◆滞(とどこお)っていたもの(血液や気)が流れ始める◆息を吹き返す、(眠りや迷いなどから)醒,N1,kun,kun,IL1_okurigana(kun 96%) | IL2_single_okuri(kun 96%),蘇:◆シソ(紫蘇)などのシソ科シソ属の草の称 ◆雑草を取り除く、同「穌」◆滞(とどこお)っていたもの(血液や気)が流れ始める◆息を吹き返す、(眠りや迷いなどから)醒
kk_虐待_ぎゃくたい,虐待,ぎゃくたい,虐:◆酷(むご)い仕打ちをする、苛(いじめ)め苦しめる; 待:◆その人・時間・機会などが来るまで(その状態になるまで)その場に止(とど)まる、同「𥩳」◆持て成す(もてなす)、準備を整えて応接する、心を尽くして応対する◆「不,N1,on,on+on,,虐:◆酷(むご)い仕打ちをする、苛(いじめ)め苦しめる; 待:◆その人・時間・機会などが来るまで(その状態になるまで)その場に止(とど)まる、同「𥩳」◆持て成す(もてなす)、準備を整えて応接する、心を尽くして応対する◆「不
kk_虚ろ/空ろ_うつろ,虚ろ/空ろ,うつろ,虚:◆外から見える部分はそれらしく見えるが中には何もないさま、中身が空っぽなさま◆外からは見えないが内部は細り衰えているさま◆外見は立派だが中身がそれに伴わないさま; 空:◆(中に)何もない、何も含まれていない、虚(うつ)ろなさま◆何もないところ、天と地の間(あいだ),N1,kun,kun+kun~,IL1_okurigana(kun 96%) | A1_compound_oku(kun 90%) | A1_on_kun_mix(on+kun 65%),虚:◆外から見える部分はそれらしく見えるが中には何もないさま、中身が空っぽなさま◆外からは見えないが内部は細り衰えているさま◆外見は立派だが中身がそれに伴わないさま; 空:◆(中に)何もない、何も含まれていない、虚(うつ)ろなさま◆何もないところ、天と地の間(あいだ)
kk_蛋白質_たんぱくしつ,蛋白質,たんぱくしつ,蛋:◆卵、鳥などの卵◆中国南方の福建省・広東省・広西コウセイ壮チワン族自治区・海南省などの沿海で水上(船上)生活をする人達、疍民(タンミン)、同「疍」「蜑」; 白:◆無色、雪の色、どんな色にも染まっていないさま、同「㿟」「皛」◆曇りがないさま、汚(けが)れがないさま、清(きよ)いさま◆何もないさま、あるがままであるさま、「; 質:◆本来の、元々(もともと)の、「本質(ホンシツ)」◆本来のままであるさま、素(す)のままであるさま、「質素(シッソ)」◆そのものが持つ本来の価値や中身、また性格,N1,on,on+mixed+mixed~,A4_multi_on(on+on+on 65%) | B_noun_rad_虫(kun 93%),蛋:◆卵、鳥などの卵◆中国南方の福建省・広東省・広西コウセイ壮チワン族自治区・海南省などの沿海で水上(船上)生活をする人達、疍民(タンミン)、同「疍」「蜑」; 白:◆無色、雪の色、どんな色にも染まっていないさま、同「㿟」「皛」◆曇りがないさま、汚(けが)れがないさま、清(きよ)いさま◆何もないさま、あるがままであるさま、「; 質:◆本来の、元々(もともと)の、「本質(ホンシツ)」◆本来のままであるさま、素(す)のままであるさま、「質素(シッソ)」◆そのものが持つ本来の価値や中身、また性格
kk_蝉_せみ,蝉,せみ,蝉:◆セミ(蝉)、セミ科の昆虫、同「蜩」「䗁」、別名「蜩螗(チョウトウ)」、「【方言:第十一】蟬楚謂之蜩(音調)宋衛之閒謂之螗蜩(今胡蟬也似蟬而小鳴聲清亮江南呼螗蛦,N1,kun,kun,IL2_single_default(kun 84%) | B_noun_rad_虫(kun 93%),蝉:◆セミ(蝉)、セミ科の昆虫、同「蜩」「䗁」、別名「蜩螗(チョウトウ)」、「【方言:第十一】蟬楚謂之蜩(音調)宋衛之閒謂之螗蜩(今胡蟬也似蟬而小鳴聲清亮江南呼螗蛦
kk_融資_ゆうし,融資,ゆうし,融:◆固形のものが(熱によって)柔らかくなる、また液状になる、固かったものが柔らかくなる◆打ち解(と)ける、蟠(わだかま)りなく互いに通じ合う; 資:◆何かを成そうとするために必要となるもの、何かをするために先立つもの、前以(まえもっ)て備えておくもの、「資財(シザイ)」「資格(シカク)」◆天性の(生まれつき,N1,on,on+on,A3_short_compound(on+on 71%) | B_noun_rad_虫(kun 93%),融:◆固形のものが(熱によって)柔らかくなる、また液状になる、固かったものが柔らかくなる◆打ち解(と)ける、蟠(わだかま)りなく互いに通じ合う; 資:◆何かを成そうとするために必要となるもの、何かをするために先立つもの、前以(まえもっ)て備えておくもの、「資財(シザイ)」「資格(シカク)」◆天性の(生まれつき
kk_融通_ゆうずう,融通,ゆうずう,融:◆固形のものが(熱によって)柔らかくなる、また液状になる、固かったものが柔らかくなる◆打ち解(と)ける、蟠(わだかま)りなく互いに通じ合う; 通:◆途中に障害となるようなものがなく反対側・向こう側・相手方・目的地まで達する、また達している◆支障なく行き来ができる、また行き来する、また行き来ができるようにす,N1,other,mixed+mixed~,B_noun_rad_虫(kun 93%),融:◆固形のものが(熱によって)柔らかくなる、また液状になる、固かったものが柔らかくなる◆打ち解(と)ける、蟠(わだかま)りなく互いに通じ合う; 通:◆途中に障害となるようなものがなく反対側・向こう側・相手方・目的地まで達する、また達している◆支障なく行き来ができる、また行き来する、また行き来ができるようにす
kk_螺子回し_ねじまわし,螺子回し,ねじまわし,螺:◆タニシ(田螺)やカタツムリ(蝸牛)などの渦巻状の貝を背負う虫◆渦巻き状のもの、またそのような形、「螺絲(ラシ、螺子ねじ)」「螺紋(ラモン、指紋、螺子山ねじやま; 子:◆母親から産まれるもの、古くは男女を問わず「子」といったが、現代中国では男の子(息子)を指す◆新しく産まれる(生まれる)ものの元となるもの、植物の種や実、動物の; 回:◆円を描(えが)くように動く、一周して(一巡して)元に戻る、同「廻」「迴」、「回復(カイフク)」「回帰(カイキ)」◆元に戻す、元に返す、「回答(カイトウ)」◆(,N1,other,mixed+mixed+mixed~,IL1_okurigana(kun 96%) | A1_compound_oku(kun 90%) | A1_on_kun_mix(on+kun 65%),螺:◆タニシ(田螺)やカタツムリ(蝸牛)などの渦巻状の貝を背負う虫◆渦巻き状のもの、またそのような形、「螺絲(ラシ、螺子ねじ)」「螺紋(ラモン、指紋、螺子山ねじやま; 子:◆母親から産まれるもの、古くは男女を問わず「子」といったが、現代中国では男の子(息子)を指す◆新しく産まれる(生まれる)ものの元となるもの、植物の種や実、動物の; 回:◆円を描(えが)くように動く、一周して(一巡して)元に戻る、同「廻」「迴」、「回復(カイフク)」「回帰(カイキ)」◆元に戻す、元に返す、「回答(カイトウ)」◆(
kk_血管_けっかん,血管,けっかん,血:◆動物の体内を循環し養分や老廃物を運ぶ役目をする液体◆同じ親を持つ人、またその人たちの代々の繋(つな)がり◆「血気(ケッキ)」、体を維持する血液と体を動かす気力; 管:◆息を吹き込んで音を出す笛(ふえ)などの細長い筒(つつ)状の楽器◆細長い円柱状で内部が空洞になっているもの、またそのような形のもの◆「管鍵(カンケン)」、鍵穴(,N1,on,on+on,B_noun_rad_竹(kun 93%),血:◆動物の体内を循環し養分や老廃物を運ぶ役目をする液体◆同じ親を持つ人、またその人たちの代々の繋(つな)がり◆「血気(ケッキ)」、体を維持する血液と体を動かす気力; 管:◆息を吹き込んで音を出す笛(ふえ)などの細長い筒(つつ)状の楽器◆細長い円柱状で内部が空洞になっているもの、またそのような形のもの◆「管鍵(カンケン)」、鍵穴(
kk_行き届く_ゆきとどく,行き届く,ゆきとどく,行:◆左足を前に出し(彳)次に右足を前に出す(亍)、足を交互に動かして前に進む◆目的とするところに向かって進む◆遠くに出掛ける、旅に出る◆道、人が往来する道路、同「; 届:◆目標・目的とした場所や時間に行き着く、到(いた)る、達する◆[日]とど・け、監督者に提出する申請・報告などの文書,N1,kun,kun+kun~,IL1_okurigana(kun 96%) | A1_compound_oku(kun 90%) | A1_on_kun_mix(on+kun 65%),行:◆左足を前に出し(彳)次に右足を前に出す(亍)、足を交互に動かして前に進む◆目的とするところに向かって進む◆遠くに出掛ける、旅に出る◆道、人が往来する道路、同「; 届:◆目標・目的とした場所や時間に行き着く、到(いた)る、達する◆[日]とど・け、監督者に提出する申請・報告などの文書
kk_行き当たりばったり_いきあたりばったり,行き当たりばったり,いきあたりばったり,行:◆左足を前に出し(彳)次に右足を前に出す(亍)、足を交互に動かして前に進む◆目的とするところに向かって進む◆遠くに出掛ける、旅に出る◆道、人が往来する道路、同「; 当:◆正面からぶつかる、正面から向き合う、相対する、同「噹」◆適合する、相応しい◆受け持つ、引き受ける◆そうするべき、そうあるべき◆この(this)、今、此処(ここ,N1,kun,kun+kun~,IL1_okurigana(kun 96%) | A1_compound_oku(kun 90%) | A1_on_kun_mix(on+kun 65%),行:◆左足を前に出し(彳)次に右足を前に出す(亍)、足を交互に動かして前に進む◆目的とするところに向かって進む◆遠くに出掛ける、旅に出る◆道、人が往来する道路、同「; 当:◆正面からぶつかる、正面から向き合う、相対する、同「噹」◆適合する、相応しい◆受け持つ、引き受ける◆そうするべき、そうあるべき◆この(this)、今、此処(ここ
kk_行き詰る_いきづまる,行き詰る,いきづまる,行:◆左足を前に出し(彳)次に右足を前に出す(亍)、足を交互に動かして前に進む◆目的とするところに向かって進む◆遠くに出掛ける、旅に出る◆道、人が往来する道路、同「; 詰:◆厳(きび)しく問い責(せ)める◆追及(ツイキュウ)する、「詰問(キツモン、厳しく問い返事を迫る)」◆曲がる、屈(かが)む◆次の日、「詰旦(キッタン、次の日の明,N1,other,mixed+mixed~,IL1_okurigana(kun 96%) | A1_compound_oku(kun 90%) | A1_on_kun_mix(on+kun 65%),行:◆左足を前に出し(彳)次に右足を前に出す(亍)、足を交互に動かして前に進む◆目的とするところに向かって進む◆遠くに出掛ける、旅に出る◆道、人が往来する道路、同「; 詰:◆厳(きび)しく問い責(せ)める◆追及(ツイキュウ)する、「詰問(キツモン、厳しく問い返事を迫る)」◆曲がる、屈(かが)む◆次の日、「詰旦(キッタン、次の日の明
kk_行き違う_いきちがう,行き違う,いきちがう,行:◆左足を前に出し(彳)次に右足を前に出す(亍)、足を交互に動かして前に進む◆目的とするところに向かって進む◆遠くに出掛ける、旅に出る◆道、人が往来する道路、同「; 違:◆背(せ)を向ける、背を向け去る、背(そむ)く◆あるべき形や様子と異なる、また反している、また合っていない◆守るべきものを守らない、従(したが)わない,N1,mixed,kun+on~,IL1_okurigana(kun 96%) | A1_compound_oku(kun 90%) | A1_on_kun_mix(on+kun 65%),行:◆左足を前に出し(彳)次に右足を前に出す(亍)、足を交互に動かして前に進む◆目的とするところに向かって進む◆遠くに出掛ける、旅に出る◆道、人が往来する道路、同「; 違:◆背(せ)を向ける、背を向け去る、背(そむ)く◆あるべき形や様子と異なる、また反している、また合っていない◆守るべきものを守らない、従(したが)わない
kk_行く手_ゆくて,行く手,ゆくて,行:◆左足を前に出し(彳)次に右足を前に出す(亍)、足を交互に動かして前に進む◆目的とするところに向かって進む◆遠くに出掛ける、旅に出る◆道、人が往来する道路、同「; 手:◆体や物体の一部で、胴から分かれ出て伸び、持つ・握る・叩く・ものを作る・操作するなどの機能を持つ部分、掌(たなごころ)と指を合わせた全体、腕の先の部分 ◆自(み,N1,kun,kun+kun~,IL1_okurigana(kun 96%) | A1_compound_oku(kun 90%) | A1_on_kun_mix(on+kun 65%),行:◆左足を前に出し(彳)次に右足を前に出す(亍)、足を交互に動かして前に進む◆目的とするところに向かって進む◆遠くに出掛ける、旅に出る◆道、人が往来する道路、同「; 手:◆体や物体の一部で、胴から分かれ出て伸び、持つ・握る・叩く・ものを作る・操作するなどの機能を持つ部分、掌(たなごころ)と指を合わせた全体、腕の先の部分 ◆自(み
kk_行進_こうしん,行進,こうしん,行:◆左足を前に出し(彳)次に右足を前に出す(亍)、足を交互に動かして前に進む◆目的とするところに向かって進む◆遠くに出掛ける、旅に出る◆道、人が往来する道路、同「; 進:◆前に向かって動く(行く)、前に出る、登る、上に向かって動く(行く)、昇って行く、状態が良い方向に向かう、逆は「退」◆位や程度が上がる◆人にものを差し出す、また,N1,on,on+on,,行:◆左足を前に出し(彳)次に右足を前に出す(亍)、足を交互に動かして前に進む◆目的とするところに向かって進む◆遠くに出掛ける、旅に出る◆道、人が往来する道路、同「; 進:◆前に向かって動く(行く)、前に出る、登る、上に向かって動く(行く)、昇って行く、状態が良い方向に向かう、逆は「退」◆位や程度が上がる◆人にものを差し出す、また
kk_街道_かいどう,街道,かいどう,街:◆市中(シチュウ)の大通り、市中を区切るように通した道、四方に通じる道、「街道(カイドウ)」、大通りから外れた小路(こうじ)は「巷」◆その道で区切られた区画、「; 道:◆出発地から目的地へ通じている路(みち)、人や動物などが往来する通り路、「道路(ドウロ)」、同「路」◆目的を達するための経路、手順や方法◆導(みちび)く、手引き,N1,on,on+on,,街:◆市中(シチュウ)の大通り、市中を区切るように通した道、四方に通じる道、「街道(カイドウ)」、大通りから外れた小路(こうじ)は「巷」◆その道で区切られた区画、「; 道:◆出発地から目的地へ通じている路(みち)、人や動物などが往来する通り路、「道路(ドウロ)」、同「路」◆目的を達するための経路、手順や方法◆導(みちび)く、手引き
kk_衝撃_しょうげき,衝撃,しょうげき,衝:◆街を突き抜けるように通る道路、交通のための主要な通り◆大きな通りが集まっている所、要所、要点◆突き進んでぶつかる、突き当たる◆簡「冲」; 撃:◆(軽く繰り返すのではなく一挙に)強く打つ、また撲(なぐ)る、また叩(たた)く◆相手に激しく突き掛かる◆敵を攻める、また滅ぼす,N1,on,on+on,B_verb_rad_手(kun 80%),衝:◆街を突き抜けるように通る道路、交通のための主要な通り◆大きな通りが集まっている所、要所、要点◆突き進んでぶつかる、突き当たる◆簡「冲」; 撃:◆(軽く繰り返すのではなく一挙に)強く打つ、また撲(なぐ)る、また叩(たた)く◆相手に激しく突き掛かる◆敵を攻める、また滅ぼす
kk_衣替え_ころもがえ,衣替え,ころもがえ,衣:◆身に纏(まと)う着物の総称、特に上半身に纏う着物、下半身に纏う着物は「裳」◆身に纏う◆包み込む、覆う◆ころも、部首名; 替:◆廃(すた)る、衰(おとろ)える、用を成(な)さなくなる、「衰替(スイタイ)」◆それまでのもの(今あるもの)や廃れたもの(衰えたもの、用を成さないもの)を別のも,N1,other,mixed+mixed~,IL1_okurigana(kun 96%) | A1_compound_oku(kun 90%) | A1_on_kun_mix(on+kun 65%),衣:◆身に纏(まと)う着物の総称、特に上半身に纏う着物、下半身に纏う着物は「裳」◆身に纏う◆包み込む、覆う◆ころも、部首名; 替:◆廃(すた)る、衰(おとろ)える、用を成(な)さなくなる、「衰替(スイタイ)」◆それまでのもの(今あるもの)や廃れたもの(衰えたもの、用を成さないもの)を別のも
kk_衣装_いしょう,衣装,いしょう,衣:◆身に纏(まと)う着物の総称、特に上半身に纏う着物、下半身に纏う着物は「裳」◆身に纏う◆包み込む、覆う◆ころも、部首名; 装:◆(包んだり覆ったりして)外側を飾る◆(衣服や装飾品などのような、上辺を繕うための)飾り◆(飾り付けをしたりして)外見を整える◆(衣服を纏ったり化粧をしたりして,N1,on,on+on,A3_short_compound(on+on 71%),衣:◆身に纏(まと)う着物の総称、特に上半身に纏う着物、下半身に纏う着物は「裳」◆身に纏う◆包み込む、覆う◆ころも、部首名; 装:◆(包んだり覆ったりして)外側を飾る◆(衣服や装飾品などのような、上辺を繕うための)飾り◆(飾り付けをしたりして)外見を整える◆(衣服を纏ったり化粧をしたりして
kk_表する_ひょうする,表する,ひょうする,表:◆重ね着をする際に最も上(外側)に羽織(はお)る衣服、上着(うわぎ)、外衣(ガイイ)、本「𧘝」、同「𧞧」◆外側、外側に面した部分◆人の目に触れる、またその部分◆,N1,on,on,IL1_okurigana(kun 96%) | IL2_single_okuri(kun 96%),表:◆重ね着をする際に最も上(外側)に羽織(はお)る衣服、上着(うわぎ)、外衣(ガイイ)、本「𧘝」、同「𧞧」◆外側、外側に面した部分◆人の目に触れる、またその部分◆
kk_表彰_ひょうしょう,表彰,ひょうしょう,表:◆重ね着をする際に最も上(外側)に羽織(はお)る衣服、上着(うわぎ)、外衣(ガイイ)、本「𧘝」、同「𧞧」◆外側、外側に面した部分◆人の目に触れる、またその部分◆; 彰:◆くっきりとして鮮やかなさま、はっきりとしていて目立つさま◆はっきりと示す、誰の目にも明らかにする,N1,on,on+on,,表:◆重ね着をする際に最も上(外側)に羽織(はお)る衣服、上着(うわぎ)、外衣(ガイイ)、本「𧘝」、同「𧞧」◆外側、外側に面した部分◆人の目に触れる、またその部分◆; 彰:◆くっきりとして鮮やかなさま、はっきりとしていて目立つさま◆はっきりと示す、誰の目にも明らかにする
kk_衰える_おとろえる,衰える,おとろえる,衰:◆少しずつ小さくなる、大きいものが小さくなる、次第に細る、太いものが細くなる、次第に弱る、強いものが弱くなる◆蓑(みの)、背中に羽織って雨雪を防ぐ藁などで作った,N1,kun,kun,IL1_okurigana(kun 96%) | IL2_single_okuri(kun 96%),衰:◆少しずつ小さくなる、大きいものが小さくなる、次第に細る、太いものが細くなる、次第に弱る、強いものが弱くなる◆蓑(みの)、背中に羽織って雨雪を防ぐ藁などで作った
kk_被る_こうむる,被る,こうむる,被:◆布や衣を上から掛ける、また羽織る◆掛布団◆上から掛けて覆う◆(「被～」の形で受け身を表す語、「～」は動詞)～れる、～られる、～される、「被害(ヒガイ、害をこう,N1,kun,kun,IL1_okurigana(kun 96%) | IL2_single_okuri(kun 96%),被:◆布や衣を上から掛ける、また羽織る◆掛布団◆上から掛けて覆う◆(「被～」の形で受け身を表す語、「～」は動詞)～れる、～られる、～される、「被害(ヒガイ、害をこう
kk_裁く_さばく,裁く,さばく,裁:◆形に合わせて布(ぬの)を断(た)つ、布を断ち衣服に仕立てる、同「製」「𧚶」◆断(た)つ、切る◆切って形を整える、同「財」◆型(かた)、形式、様式(ヨウシキ)◆,N1,kun,kun,IL1_okurigana(kun 96%) | IL2_single_okuri(kun 96%),裁:◆形に合わせて布(ぬの)を断(た)つ、布を断ち衣服に仕立てる、同「製」「𧚶」◆断(た)つ、切る◆切って形を整える、同「財」◆型(かた)、形式、様式(ヨウシキ)◆
kk_裁つ_たつ,裁つ,たつ,裁:◆形に合わせて布(ぬの)を断(た)つ、布を断ち衣服に仕立てる、同「製」「𧚶」◆断(た)つ、切る◆切って形を整える、同「財」◆型(かた)、形式、様式(ヨウシキ)◆,N1,kun,kun,IL1_okurigana(kun 96%) | IL2_single_okuri(kun 96%),裁:◆形に合わせて布(ぬの)を断(た)つ、布を断ち衣服に仕立てる、同「製」「𧚶」◆断(た)つ、切る◆切って形を整える、同「財」◆型(かた)、形式、様式(ヨウシキ)◆
kk_裁決_さいけつ,裁決,さいけつ,裁:◆形に合わせて布(ぬの)を断(た)つ、布を断ち衣服に仕立てる、同「製」「𧚶」◆断(た)つ、切る◆切って形を整える、同「財」◆型(かた)、形式、様式(ヨウシキ)◆; 決:◆堤(つつみ)などが破(やぶ)れる、また(堤防などが破れて)水が流れ出る◆破る、突き破る◆(妨げとなっている物や事を突き破って、押し退けて)きっぱりと、「決断(,N1,on,on+on,,裁:◆形に合わせて布(ぬの)を断(た)つ、布を断ち衣服に仕立てる、同「製」「𧚶」◆断(た)つ、切る◆切って形を整える、同「財」◆型(かた)、形式、様式(ヨウシキ)◆; 決:◆堤(つつみ)などが破(やぶ)れる、また(堤防などが破れて)水が流れ出る◆破る、突き破る◆(妨げとなっている物や事を突き破って、押し退けて)きっぱりと、「決断(
kk_裂ける_さける,裂ける,さける,裂:◆きれ、裁断した後に残る布、端切れ(はぎれ)◆破(やぶ)ける、綻(ほころ)び破れる◆さ・く、二つに切り割(さ)く、裂け目が平滑ではないもの、同「列」,N1,kun,kun,IL1_okurigana(kun 96%) | IL2_single_okuri(kun 96%),裂:◆きれ、裁断した後に残る布、端切れ(はぎれ)◆破(やぶ)ける、綻(ほころ)び破れる◆さ・く、二つに切り割(さ)く、裂け目が平滑ではないもの、同「列」
kk_装う_よそおう,装う,よそおう,装:◆(包んだり覆ったりして)外側を飾る◆(衣服や装飾品などのような、上辺を繕うための)飾り◆(飾り付けをしたりして)外見を整える◆(衣服を纏ったり化粧をしたりして,N1,kun,kun,IL1_okurigana(kun 96%) | IL2_single_okuri(kun 96%),装:◆(包んだり覆ったりして)外側を飾る◆(衣服や装飾品などのような、上辺を繕うための)飾り◆(飾り付けをしたりして)外見を整える◆(衣服を纏ったり化粧をしたりして
kk_装備_そうび,装備,そうび,装:◆(包んだり覆ったりして)外側を飾る◆(衣服や装飾品などのような、上辺を繕うための)飾り◆(飾り付けをしたりして)外見を整える◆(衣服を纏ったり化粧をしたりして; 備:◆必要なものを用意しておく、(いざという時のために)予め揃えておく◆身に付いている、身に具(そな)わる◆つぶさ・に、必要なものは全て、ことごとく,N1,on,on+on,A3_short_compound(on+on 71%),装:◆(包んだり覆ったりして)外側を飾る◆(衣服や装飾品などのような、上辺を繕うための)飾り◆(飾り付けをしたりして)外見を整える◆(衣服を纏ったり化粧をしたりして; 備:◆必要なものを用意しておく、(いざという時のために)予め揃えておく◆身に付いている、身に具(そな)わる◆つぶさ・に、必要なものは全て、ことごとく
kk_裏返し_うらがえし,裏返し,うらがえし,裏:◆衣服の内側の布、裏地(うらじ)◆内側、内部、簡「里」; 返:◆帰る、行った先から出発したところに戻る、同「𢓉」◆元に戻る、元に戻す◆[日]反対向きにする、反対向きになる,N1,other,mixed+mixed~,IL1_okurigana(kun 96%) | A1_compound_oku(kun 90%) | A1_on_kun_mix(on+kun 65%),裏:◆衣服の内側の布、裏地(うらじ)◆内側、内部、簡「里」; 返:◆帰る、行った先から出発したところに戻る、同「𢓉」◆元に戻る、元に戻す◆[日]反対向きにする、反対向きになる
kk_裕福_ゆうふく,裕福,ゆうふく,裕:◆(衣類も穀類も)あり余るほど多いさま、豊かなさま◆大きく広くゆったりとしているさま; 福:◆天や神から授(さず)かる豊かな恵み、幸せ◆満ち足りた、豊かな、ふくよかな,N1,on,on+on,,裕:◆(衣類も穀類も)あり余るほど多いさま、豊かなさま◆大きく広くゆったりとしているさま; 福:◆天や神から授(さず)かる豊かな恵み、幸せ◆満ち足りた、豊かな、ふくよかな
kk_補償_ほしょう,補償,ほしょう,補:◆衣服の綻(ほころ)びを繕(つくろ)う◆割れ目や欠けたところや足りないところを埋める◆力を貸し支え助ける◆数の単位、10兆=1經、10經=1垓、10垓=1補; 償:◆犯した罪・与えた損害・借りなどをそれに見合うもの(金・労役・代りの品物など)で返す、返して貸し借りがない状態に戻す,N1,on,on+on,A3_short_compound(on+on 71%),補:◆衣服の綻(ほころ)びを繕(つくろ)う◆割れ目や欠けたところや足りないところを埋める◆力を貸し支え助ける◆数の単位、10兆=1經、10經=1垓、10垓=1補; 償:◆犯した罪・与えた損害・借りなどをそれに見合うもの(金・労役・代りの品物など)で返す、返して貸し借りがない状態に戻す
kk_補充_ほじゅう,補充,ほじゅう,補:◆衣服の綻(ほころ)びを繕(つくろ)う◆割れ目や欠けたところや足りないところを埋める◆力を貸し支え助ける◆数の単位、10兆=1經、10經=1垓、10垓=1補; 充:◆あ・てる、足し加えて満たす、空いているところを埋める◆み・ちる、満ちる、いっぱいになる,N1,on,on+on,A3_short_compound(on+on 71%),補:◆衣服の綻(ほころ)びを繕(つくろ)う◆割れ目や欠けたところや足りないところを埋める◆力を貸し支え助ける◆数の単位、10兆=1經、10經=1垓、10垓=1補; 充:◆あ・てる、足し加えて満たす、空いているところを埋める◆み・ちる、満ちる、いっぱいになる
kk_補助_ほじょ,補助,ほじょ,補:◆衣服の綻(ほころ)びを繕(つくろ)う◆割れ目や欠けたところや足りないところを埋める◆力を貸し支え助ける◆数の単位、10兆=1經、10經=1垓、10垓=1補; 助:◆力や手を貸す、力や手を貸し支る、力になる◆「助法(ジョホウ)」、殷代(イン、約前17世紀～約前11世紀) の税法で、土地を縦横それぞれ三分して九区画(各七十畝,N1,on,on+on,A3_short_compound(on+on 71%) | B_verb_rad_力(kun 80%),補:◆衣服の綻(ほころ)びを繕(つくろ)う◆割れ目や欠けたところや足りないところを埋める◆力を貸し支え助ける◆数の単位、10兆=1經、10經=1垓、10垓=1補; 助:◆力や手を貸す、力や手を貸し支る、力になる◆「助法(ジョホウ)」、殷代(イン、約前17世紀～約前11世紀) の税法で、土地を縦横それぞれ三分して九区画(各七十畝
kk_補強_ほきょう,補強,ほきょう,補:◆衣服の綻(ほころ)びを繕(つくろ)う◆割れ目や欠けたところや足りないところを埋める◆力を貸し支え助ける◆数の単位、10兆=1經、10經=1垓、10垓=1補; 強:◆堅(かた)く曲がったり歪(ゆが)んだり弛(ゆる)んだりすることがないさま、どんな力にも揺(ゆら)らがないさま◆力や勢いがあるさま、体力・気力が漲(みなぎ)って,N1,on,on+on,A3_short_compound(on+on 71%),補:◆衣服の綻(ほころ)びを繕(つくろ)う◆割れ目や欠けたところや足りないところを埋める◆力を貸し支え助ける◆数の単位、10兆=1經、10經=1垓、10垓=1補; 強:◆堅(かた)く曲がったり歪(ゆが)んだり弛(ゆる)んだりすることがないさま、どんな力にも揺(ゆら)らがないさま◆力や勢いがあるさま、体力・気力が漲(みなぎ)って
kk_補給_ほきゅう,補給,ほきゅう,補:◆衣服の綻(ほころ)びを繕(つくろ)う◆割れ目や欠けたところや足りないところを埋める◆力を貸し支え助ける◆数の単位、10兆=1經、10經=1垓、10垓=1補; 給:◆足りていないところ(加える必要があるところ)に足して繋(つな)ぎ合わせる◆必要があるところに必要とするものを補(おぎな)う、足して足りるようにする◆上位の人(,N1,on,on+on,A3_short_compound(on+on 71%),補:◆衣服の綻(ほころ)びを繕(つくろ)う◆割れ目や欠けたところや足りないところを埋める◆力を貸し支え助ける◆数の単位、10兆=1經、10經=1垓、10垓=1補; 給:◆足りていないところ(加える必要があるところ)に足して繋(つな)ぎ合わせる◆必要があるところに必要とするものを補(おぎな)う、足して足りるようにする◆上位の人(
kk_補足_ほそく,補足,ほそく,補:◆衣服の綻(ほころ)びを繕(つくろ)う◆割れ目や欠けたところや足りないところを埋める◆力を貸し支え助ける◆数の単位、10兆=1經、10經=1垓、10垓=1補; 足:◆体や物体の一部で、胴から分かれ出て伸び、地に接して体を支えたり、歩行・走行・跳躍などの運動機能を担う部分、現代の中国では「脚」◆「歩く」「走る」などの足を使っ,N1,on,on+on,A3_short_compound(on+on 71%) | B_verb_rad_足(kun 80%),補:◆衣服の綻(ほころ)びを繕(つくろ)う◆割れ目や欠けたところや足りないところを埋める◆力を貸し支え助ける◆数の単位、10兆=1經、10經=1垓、10垓=1補; 足:◆体や物体の一部で、胴から分かれ出て伸び、地に接して体を支えたり、歩行・走行・跳躍などの運動機能を担う部分、現代の中国では「脚」◆「歩く」「走る」などの足を使っ
kk_裸足_はだし,裸足,はだし,裸:◆肌が露(あら)わになっているさま、衣服をはだけて肌を露(あら)わにする、何も身に着けていない、同「躶」「倮」「𧝹」◆覆(おお)うものがなく中身が剥(む)き出し; 足:◆体や物体の一部で、胴から分かれ出て伸び、地に接して体を支えたり、歩行・走行・跳躍などの運動機能を担う部分、現代の中国では「脚」◆「歩く」「走る」などの足を使っ,N1,other,mixed+mixed~,A3_short_compound(on+on 71%) | B_verb_rad_足(kun 80%),裸:◆肌が露(あら)わになっているさま、衣服をはだけて肌を露(あら)わにする、何も身に着けていない、同「躶」「倮」「𧝹」◆覆(おお)うものがなく中身が剥(む)き出し; 足:◆体や物体の一部で、胴から分かれ出て伸び、地に接して体を支えたり、歩行・走行・跳躍などの運動機能を担う部分、現代の中国では「脚」◆「歩く」「走る」などの足を使っ
kk_製法_せいほう,製法,せいほう,製:◆形に合わせて布(ぬの)を断(た)つ、布を断ち衣服に仕立てる、同「裁」◆目的とする形に作る、また形を整(ととの)える、同簡「制」; 法:◆規律を維持するための決まり、守り従うべき制度や規則、私的なものではなく公(おおやけ)のものを指す◆標準的な或いは慣例となっているやり方、またそれらに従う◆基準,N1,on,on+on,,製:◆形に合わせて布(ぬの)を断(た)つ、布を断ち衣服に仕立てる、同「裁」◆目的とする形に作る、また形を整(ととの)える、同簡「制」; 法:◆規律を維持するための決まり、守り従うべき制度や規則、私的なものではなく公(おおやけ)のものを指す◆標準的な或いは慣例となっているやり方、またそれらに従う◆基準
kk_製菓_せいか,製菓,せいか,製:◆形に合わせて布(ぬの)を断(た)つ、布を断ち衣服に仕立てる、同「裁」◆目的とする形に作る、また形を整(ととの)える、同簡「制」; 菓:◆食用となる草木の実や果実、同「果」◆[日]食事以外に食(しょく)する食べ物、「菓子(かし)」,N1,on,on+on,A3_short_compound(on+on 71%),製:◆形に合わせて布(ぬの)を断(た)つ、布を断ち衣服に仕立てる、同「裁」◆目的とする形に作る、また形を整(ととの)える、同簡「制」; 菓:◆食用となる草木の実や果実、同「果」◆[日]食事以外に食(しょく)する食べ物、「菓子(かし)」
kk_複合_ふくごう,複合,ふくごう,複:◆布を重ねて縫い上げた(裏地の付いた)衣服、袷(あわせ)、同「𧜰」◆重(かさ)なる、重ねる、同「𠣾」、同簡「复」; 合:◆人や物が集まって一緒になる、また一つになる◆幾つかのものを集め一緒にする、幾つかのものが集まり同じになる◆同じものを纏(まと)めた全体◆ぴったりと一致する、当,N1,on,on+on,,複:◆布を重ねて縫い上げた(裏地の付いた)衣服、袷(あわせ)、同「𧜰」◆重(かさ)なる、重ねる、同「𠣾」、同簡「复」; 合:◆人や物が集まって一緒になる、また一つになる◆幾つかのものを集め一緒にする、幾つかのものが集まり同じになる◆同じものを纏(まと)めた全体◆ぴったりと一致する、当
kk_褒め称える_ほめたたえる,褒め称える,ほめたたえる,褒:◆衣服がゆったりしているさま、「褒明(ホウメイ、ゆったりとした衣服、ゆったりと寛くつろげる衣服、普段着)」◆相手から受けた善(よ)い行いに報(むく)いるために相; 称:◆ものの重さを量(はか)る、同「秤」「銓」◆釣り合う、釣り合いが取れる◆挙(あ)げる、高く上げる、同「偁」◆褒(ほ)める、褒め称(たた)える、持ち上げる、同「偁,N1,mixed,on+kun~,IL1_okurigana(kun 96%) | A1_compound_oku(kun 90%) | A1_on_kun_mix(on+kun 65%),褒:◆衣服がゆったりしているさま、「褒明(ホウメイ、ゆったりとした衣服、ゆったりと寛くつろげる衣服、普段着)」◆相手から受けた善(よ)い行いに報(むく)いるために相; 称:◆ものの重さを量(はか)る、同「秤」「銓」◆釣り合う、釣り合いが取れる◆挙(あ)げる、高く上げる、同「偁」◆褒(ほ)める、褒め称(たた)える、持ち上げる、同「偁
kk_褒美_ほうび,褒美,ほうび,褒:◆衣服がゆったりしているさま、「褒明(ホウメイ、ゆったりとした衣服、ゆったりと寛くつろげる衣服、普段着)」◆相手から受けた善(よ)い行いに報(むく)いるために相; 美:◆綺麗な、姿形が良い◆善(よ)い、良い、優(すぐ)れている◆美味しい、味が良い、甘い◆褒(ほ)める、称賛する,N1,on,on+on,A3_short_compound(on+on 71%),褒:◆衣服がゆったりしているさま、「褒明(ホウメイ、ゆったりとした衣服、ゆったりと寛くつろげる衣服、普段着)」◆相手から受けた善(よ)い行いに報(むく)いるために相; 美:◆綺麗な、姿形が良い◆善(よ)い、良い、優(すぐ)れている◆美味しい、味が良い、甘い◆褒(ほ)める、称賛する
kk_褪せる_あせる,褪せる,あせる,褪:◆衣服を脱いで、そのまま下に下(お)ろす◆花が散る、花が萎(しぼ)む◆勢いがなくなる、鮮(あざ)やかさや美しさが少しずつ失われていく、同「退」,N1,kun,kun,IL1_okurigana(kun 96%) | IL2_single_okuri(kun 96%),褪:◆衣服を脱いで、そのまま下に下(お)ろす◆花が散る、花が萎(しぼ)む◆勢いがなくなる、鮮(あざ)やかさや美しさが少しずつ失われていく、同「退」
kk_襤褸襤褸_ぼろぼろ,襤褸襤褸,ぼろぼろ,襤:◆縁(へり)が解(ほつ)れたり破れたりした衣服、ぼろ(襤褸)、同「藍」; 褸:◆衣服の襟(キン、和服の前身頃に当たる部分、特に胸を覆う部分)、衽(おくみ、着物の左右の幅にゆとりをもたせるため身頃に縫い足した部分)◆傷み綻(ほころ)んだ布ま; 襤:◆縁(へり)が解(ほつ)れたり破れたりした衣服、ぼろ(襤褸)、同「藍」,N1,on,on+on+on+on~,A4_multi_on(on+on+on+on 65%),襤:◆縁(へり)が解(ほつ)れたり破れたりした衣服、ぼろ(襤褸)、同「藍」; 褸:◆衣服の襟(キン、和服の前身頃に当たる部分、特に胸を覆う部分)、衽(おくみ、着物の左右の幅にゆとりをもたせるため身頃に縫い足した部分)◆傷み綻(ほころ)んだ布ま; 襤:◆縁(へり)が解(ほつ)れたり破れたりした衣服、ぼろ(襤褸)、同「藍」
kk_要する_ようする,要する,ようする,要:◆(体の要かなめとなる)腰(こし)◆物事の中心となるところ、非常に大切なところ◆求める、強く乞(こ)う、「要求(ヨウキュウ)」「要請(ヨウセイ、請い求める、強く,N1,on,on,IL1_okurigana(kun 96%) | IL2_single_okuri(kun 96%),要:◆(体の要かなめとなる)腰(こし)◆物事の中心となるところ、非常に大切なところ◆求める、強く乞(こ)う、「要求(ヨウキュウ)」「要請(ヨウセイ、請い求める、強く
kk_要因_よういん,要因,よういん,要:◆(体の要かなめとなる)腰(こし)◆物事の中心となるところ、非常に大切なところ◆求める、強く乞(こ)う、「要求(ヨウキュウ)」「要請(ヨウセイ、請い求める、強く; 因:◆基(もと)づく、土台となるものの上に順々に積み重なっていく◆物事がそうなるに至った理由や事情、「全て物事は基となるものに様々な物事が繋がり積み重なった結果」の,N1,on,on+on,,要:◆(体の要かなめとなる)腰(こし)◆物事の中心となるところ、非常に大切なところ◆求める、強く乞(こ)う、「要求(ヨウキュウ)」「要請(ヨウセイ、請い求める、強く; 因:◆基(もと)づく、土台となるものの上に順々に積み重なっていく◆物事がそうなるに至った理由や事情、「全て物事は基となるものに様々な物事が繋がり積み重なった結果」の
kk_要請_ようせい,要請,ようせい,要:◆(体の要かなめとなる)腰(こし)◆物事の中心となるところ、非常に大切なところ◆求める、強く乞(こ)う、「要求(ヨウキュウ)」「要請(ヨウセイ、請い求める、強く; 請:◆乞(こ)う、頼む、頼みごとをする、君主や神仏などにお願いする◆どうか(～して下さい)◆招く、招きに応(こた)えて来てくれた人を大切にもてなす◆依頼を受ける、頼,N1,on,on+on,B_verb_rad_言(kun 80%),要:◆(体の要かなめとなる)腰(こし)◆物事の中心となるところ、非常に大切なところ◆求める、強く乞(こ)う、「要求(ヨウキュウ)」「要請(ヨウセイ、請い求める、強く; 請:◆乞(こ)う、頼む、頼みごとをする、君主や神仏などにお願いする◆どうか(～して下さい)◆招く、招きに応(こた)えて来てくれた人を大切にもてなす◆依頼を受ける、頼
kk_覆す_くつがえす,覆す,くつがえす,覆:◆傾けて(倒して)逆にする、傾いて(倒れて)逆になる、ひっくり返す、ひっくり返る◆ものを伏せて被(かぶ)せる、また被さる◆元の位置や状態に戻す、また戻る、同「復,N1,kun,kun,IL1_okurigana(kun 96%) | IL2_single_okuri(kun 96%),覆:◆傾けて(倒して)逆にする、傾いて(倒れて)逆になる、ひっくり返す、ひっくり返る◆ものを伏せて被(かぶ)せる、また被さる◆元の位置や状態に戻す、また戻る、同「復
kk_覆面_ふくめん,覆面,ふくめん,覆:◆傾けて(倒して)逆にする、傾いて(倒れて)逆になる、ひっくり返す、ひっくり返る◆ものを伏せて被(かぶ)せる、また被さる◆元の位置や状態に戻す、また戻る、同「復; 面:◆顔(かお)、頭の目鼻口がある側◆顔を対象(タイショウ、目標や相手)に向ける、また向く◆(顔が)向いている側、向き、向いている方向◆ものの表(おもて)、前(まえ,N1,on,on+on,,覆:◆傾けて(倒して)逆にする、傾いて(倒れて)逆になる、ひっくり返す、ひっくり返る◆ものを伏せて被(かぶ)せる、また被さる◆元の位置や状態に戻す、また戻る、同「復; 面:◆顔(かお)、頭の目鼻口がある側◆顔を対象(タイショウ、目標や相手)に向ける、また向く◆(顔が)向いている側、向き、向いている方向◆ものの表(おもて)、前(まえ
kk_見せびらかす_みせびらかす,見せびらかす,みせびらかす,見:◆目でものや状況を認識する、目に入る◆(見たものの)認識の仕方、考え◆人と顔を合わせる、対面する◆みる、部首名,N1,kun,kun,IL1_okurigana(kun 96%) | IL2_single_okuri(kun 96%),見:◆目でものや状況を認識する、目に入る◆(見たものの)認識の仕方、考え◆人と顔を合わせる、対面する◆みる、部首名
kk_見世物_みせもの,見世物,みせもの,見:◆目でものや状況を認識する、目に入る◆(見たものの)認識の仕方、考え◆人と顔を合わせる、対面する◆みる、部首名; 世:◆地位や家督を継(つ)いでから次の代(ダイ)に引き継ぐまでの期間、同「代」◆家督(カトク)を継(つ)ぐ、「【前漢書(漢書):卷四十八:賈誼傳】…賈嘉最好學世其家; 物:◆(天地の間に存在する)人以外の形のあるもの、人は「者」、形のないものは「事」,N1,mixed,kun+on+kun~,A4_multi_on(on+on+on 65%) | B_noun_rad_牛(kun 93%),見:◆目でものや状況を認識する、目に入る◆(見たものの)認識の仕方、考え◆人と顔を合わせる、対面する◆みる、部首名; 世:◆地位や家督を継(つ)いでから次の代(ダイ)に引き継ぐまでの期間、同「代」◆家督(カトク)を継(つ)ぐ、「【前漢書(漢書):卷四十八:賈誼傳】…賈嘉最好學世其家; 物:◆(天地の間に存在する)人以外の形のあるもの、人は「者」、形のないものは「事」
kk_見做す_みなす,見做す,みなす,見:◆目でものや状況を認識する、目に入る◆(見たものの)認識の仕方、考え◆人と顔を合わせる、対面する◆みる、部首名; 做:◆働(はたらく)く、力や手を加える、為(な)す、同「作」◆作る、力や手を加えたり頭を使ったりしてものを作る、同「作」◆[日]見做す(みな・す)、他のものと同じで,N1,kun,kun+kun,IL1_okurigana(kun 96%) | A1_compound_oku(kun 90%) | A1_on_kun_mix(on+kun 65%),見:◆目でものや状況を認識する、目に入る◆(見たものの)認識の仕方、考え◆人と顔を合わせる、対面する◆みる、部首名; 做:◆働(はたらく)く、力や手を加える、為(な)す、同「作」◆作る、力や手を加えたり頭を使ったりしてものを作る、同「作」◆[日]見做す(みな・す)、他のものと同じで
kk_見入る_みいる,見入る,みいる,見:◆目でものや状況を認識する、目に入る◆(見たものの)認識の仕方、考え◆人と顔を合わせる、対面する◆みる、部首名; 入:◆範囲・領域・組織や区切り・境界の外(外側、外部、表側、向こう側、公のところ)から内(内側、内部、裏側、こちら側、私的なところ)に移る、また移す、内から外へ移る,N1,kun,kun+kun,IL1_okurigana(kun 96%) | A1_compound_oku(kun 90%) | A1_on_kun_mix(on+kun 65%),見:◆目でものや状況を認識する、目に入る◆(見たものの)認識の仕方、考え◆人と顔を合わせる、対面する◆みる、部首名; 入:◆範囲・領域・組織や区切り・境界の外(外側、外部、表側、向こう側、公のところ)から内(内側、内部、裏側、こちら側、私的なところ)に移る、また移す、内から外へ移る
kk_見劣り_みおとり,見劣り,みおとり,見:◆目でものや状況を認識する、目に入る◆(見たものの)認識の仕方、考え◆人と顔を合わせる、対面する◆みる、部首名; 劣:◆他のものや標準的・平均的なものと比較して(まったく欠けているわけではないが、やや)少ない、また小さい、また足りない、また及ばない、また低い、また弱い、また良く,N1,kun,kun+kun,IL1_okurigana(kun 96%) | A1_compound_oku(kun 90%) | A1_on_kun_mix(on+kun 65%),見:◆目でものや状況を認識する、目に入る◆(見たものの)認識の仕方、考え◆人と顔を合わせる、対面する◆みる、部首名; 劣:◆他のものや標準的・平均的なものと比較して(まったく欠けているわけではないが、やや)少ない、また小さい、また足りない、また及ばない、また低い、また弱い、また良く
kk_見合わせる_みあわせる,見合わせる,みあわせる,見:◆目でものや状況を認識する、目に入る◆(見たものの)認識の仕方、考え◆人と顔を合わせる、対面する◆みる、部首名; 合:◆人や物が集まって一緒になる、また一つになる◆幾つかのものを集め一緒にする、幾つかのものが集まり同じになる◆同じものを纏(まと)めた全体◆ぴったりと一致する、当,N1,kun,kun+kun,IL1_okurigana(kun 96%) | A1_compound_oku(kun 90%) | A1_on_kun_mix(on+kun 65%),見:◆目でものや状況を認識する、目に入る◆(見たものの)認識の仕方、考え◆人と顔を合わせる、対面する◆みる、部首名; 合:◆人や物が集まって一緒になる、また一つになる◆幾つかのものを集め一緒にする、幾つかのものが集まり同じになる◆同じものを纏(まと)めた全体◆ぴったりと一致する、当
kk_見地_けんち,見地,けんち,見:◆目でものや状況を認識する、目に入る◆(見たものの)認識の仕方、考え◆人と顔を合わせる、対面する◆みる、部首名; 地:◆重い陰気が(下に沈み)集まるところ、万物が居並ぶ(存在する)ところ、軽い陽気が(上に浮き)集まるところを「天(テン)」、「【說文解字注:土部:地】元气初分輕清,N1,on,on+on,A3_short_compound(on+on 71%),見:◆目でものや状況を認識する、目に入る◆(見たものの)認識の仕方、考え◆人と顔を合わせる、対面する◆みる、部首名; 地:◆重い陰気が(下に沈み)集まるところ、万物が居並ぶ(存在する)ところ、軽い陽気が(上に浮き)集まるところを「天(テン)」、「【說文解字注:土部:地】元气初分輕清
kk_見失う_みうしなう,見失う,みうしなう,見:◆目でものや状況を認識する、目に入る◆(見たものの)認識の仕方、考え◆人と顔を合わせる、対面する◆みる、部首名; 失:◆指の間から(隙間から)するりと抜け出る、手にしていたもの(それまであったもの)をなくす◆逸(イッ)する、なくす、なくなる◆すべきことや選ぶべき道・時などを見逃,N1,kun,kun+kun,IL1_okurigana(kun 96%) | A1_compound_oku(kun 90%) | A1_on_kun_mix(on+kun 65%),見:◆目でものや状況を認識する、目に入る◆(見たものの)認識の仕方、考え◆人と顔を合わせる、対面する◆みる、部首名; 失:◆指の間から(隙間から)するりと抜け出る、手にしていたもの(それまであったもの)をなくす◆逸(イッ)する、なくす、なくなる◆すべきことや選ぶべき道・時などを見逃
kk_見張る_みはる,見張る,みはる,見:◆目でものや状況を認識する、目に入る◆(見たものの)認識の仕方、考え◆人と顔を合わせる、対面する◆みる、部首名; 張:◆弓や弦楽器の弦(ゲン、つる)を弛(たる)まないように掛ける、二点間に糸や網などを渡す◆弛(ゆる)みがないようにぴんと伸ばす、皺(しわ)にならないようにぴんと延,N1,kun,kun+kun,IL1_okurigana(kun 96%) | A1_compound_oku(kun 90%) | A1_on_kun_mix(on+kun 65%),見:◆目でものや状況を認識する、目に入る◆(見たものの)認識の仕方、考え◆人と顔を合わせる、対面する◆みる、部首名; 張:◆弓や弦楽器の弦(ゲン、つる)を弛(たる)まないように掛ける、二点間に糸や網などを渡す◆弛(ゆる)みがないようにぴんと伸ばす、皺(しわ)にならないようにぴんと延
kk_見当たる_みあたる,見当たる,みあたる,見:◆目でものや状況を認識する、目に入る◆(見たものの)認識の仕方、考え◆人と顔を合わせる、対面する◆みる、部首名; 当:◆正面からぶつかる、正面から向き合う、相対する、同「噹」◆適合する、相応しい◆受け持つ、引き受ける◆そうするべき、そうあるべき◆この(this)、今、此処(ここ,N1,kun,kun+kun,IL1_okurigana(kun 96%) | A1_compound_oku(kun 90%) | A1_on_kun_mix(on+kun 65%),見:◆目でものや状況を認識する、目に入る◆(見たものの)認識の仕方、考え◆人と顔を合わせる、対面する◆みる、部首名; 当:◆正面からぶつかる、正面から向き合う、相対する、同「噹」◆適合する、相応しい◆受け持つ、引き受ける◆そうするべき、そうあるべき◆この(this)、今、此処(ここ
kk_見所_みどころ,見所,みどころ,見:◆目でものや状況を認識する、目に入る◆(見たものの)認識の仕方、考え◆人と顔を合わせる、対面する◆みる、部首名; 所:◆処(ところ)、ものがある場また位置(要所・箇所など)、ことをする場また位置(住所・裁判所など)◆～のこと、「所感(感じること)」「所存(考え思っていること)◆,N1,other,mixed+mixed~,,見:◆目でものや状況を認識する、目に入る◆(見たものの)認識の仕方、考え◆人と顔を合わせる、対面する◆みる、部首名; 所:◆処(ところ)、ものがある場また位置(要所・箇所など)、ことをする場また位置(住所・裁判所など)◆～のこと、「所感(感じること)」「所存(考え思っていること)◆
kk_見晴らし_みはらし,見晴らし,みはらし,見:◆目でものや状況を認識する、目に入る◆(見たものの)認識の仕方、考え◆人と顔を合わせる、対面する◆みる、部首名; 晴:◆(雨や雪が止んで)雲がなくなる、雲がなく空が澄み渡る、同「夝」「暒」,N1,kun,kun+kun,IL1_okurigana(kun 96%) | A1_compound_oku(kun 90%) | A1_on_kun_mix(on+kun 65%),見:◆目でものや状況を認識する、目に入る◆(見たものの)認識の仕方、考え◆人と顔を合わせる、対面する◆みる、部首名; 晴:◆(雨や雪が止んで)雲がなくなる、雲がなく空が澄み渡る、同「夝」「暒」
kk_見栄え_みばえ,見栄え,みばえ,見:◆目でものや状況を認識する、目に入る◆(見たものの)認識の仕方、考え◆人と顔を合わせる、対面する◆みる、部首名; 栄:◆草木が盛んに茂る、花が華やかに咲き盛る◆繁盛する◆華やかなさま、目立つさま◆軒先(のきさき)の両端の反り上がった部分、「【說文解字:木部:榮】屋梠之兩頭起者為,N1,other,mixed+mixed~,IL1_okurigana(kun 96%) | A1_compound_oku(kun 90%) | A1_on_kun_mix(on+kun 65%),見:◆目でものや状況を認識する、目に入る◆(見たものの)認識の仕方、考え◆人と顔を合わせる、対面する◆みる、部首名; 栄:◆草木が盛んに茂る、花が華やかに咲き盛る◆繁盛する◆華やかなさま、目立つさま◆軒先(のきさき)の両端の反り上がった部分、「【說文解字:木部:榮】屋梠之兩頭起者為
kk_見極める_みきわめる,見極める,みきわめる,見:◆目でものや状況を認識する、目に入る◆(見たものの)認識の仕方、考え◆人と顔を合わせる、対面する◆みる、部首名; 極:◆屋根の棟(むね)、最も高いところ、またそこに渡した木、棟木(むなぎ)◆頂点、先端◆これ以上はない、それより先はない、またそこに達する◆究(きわ)まる、尽(つ),N1,kun,kun+kun,IL1_okurigana(kun 96%) | A1_compound_oku(kun 90%) | A1_on_kun_mix(on+kun 65%),見:◆目でものや状況を認識する、目に入る◆(見たものの)認識の仕方、考え◆人と顔を合わせる、対面する◆みる、部首名; 極:◆屋根の棟(むね)、最も高いところ、またそこに渡した木、棟木(むなぎ)◆頂点、先端◆これ以上はない、それより先はない、またそこに達する◆究(きわ)まる、尽(つ)
kk_見破る_みやぶる,見破る,みやぶる,見:◆目でものや状況を認識する、目に入る◆(見たものの)認識の仕方、考え◆人と顔を合わせる、対面する◆みる、部首名; 破:◆石を砕(くだ)く◆壊(こわ)す、壊れる、本来の形や状態でなくなる◆限界(区切りとなる線や面)を突き抜ける、突いて穴をあける◆敵の防御線を突き抜ける、敵を打ち負,N1,kun,kun+kun,IL1_okurigana(kun 96%) | A1_compound_oku(kun 90%) | A1_on_kun_mix(on+kun 65%),見:◆目でものや状況を認識する、目に入る◆(見たものの)認識の仕方、考え◆人と顔を合わせる、対面する◆みる、部首名; 破:◆石を砕(くだ)く◆壊(こわ)す、壊れる、本来の形や状態でなくなる◆限界(区切りとなる線や面)を突き抜ける、突いて穴をあける◆敵の防御線を突き抜ける、敵を打ち負
kk_見積もる_みつもる,見積もる,みつもる,見:◆目でものや状況を認識する、目に入る◆(見たものの)認識の仕方、考え◆人と顔を合わせる、対面する◆みる、部首名; 積:◆(刈り取った穀物を)集めて次々に重ねて行く、上へ上へと重ねて行く◆堆(うずたか)く蓄(たくわ)える、貯(た)める◆数学で掛け算の結果◆「疳積(カンシャク)」、,N1,kun,kun+kun,IL1_okurigana(kun 96%) | A1_compound_oku(kun 90%) | A1_on_kun_mix(on+kun 65%),見:◆目でものや状況を認識する、目に入る◆(見たものの)認識の仕方、考え◆人と顔を合わせる、対面する◆みる、部首名; 積:◆(刈り取った穀物を)集めて次々に重ねて行く、上へ上へと重ねて行く◆堆(うずたか)く蓄(たくわ)える、貯(た)める◆数学で掛け算の結果◆「疳積(カンシャク)」、
kk_見習う_みならう,見習う,みならう,見:◆目でものや状況を認識する、目に入る◆(見たものの)認識の仕方、考え◆人と顔を合わせる、対面する◆みる、部首名; 習:◆何度も繰り返す、何度も繰り返すことによって身に付ける、同「慣」◆なら・わし、繰り返されることで身に付いたこと、普段から繰り返し行われること、同「慣」,N1,kun,kun+kun,IL1_okurigana(kun 96%) | A1_compound_oku(kun 90%) | A1_on_kun_mix(on+kun 65%),見:◆目でものや状況を認識する、目に入る◆(見たものの)認識の仕方、考え◆人と顔を合わせる、対面する◆みる、部首名; 習:◆何度も繰り返す、何度も繰り返すことによって身に付ける、同「慣」◆なら・わし、繰り返されることで身に付いたこと、普段から繰り返し行われること、同「慣」
kk_見聞_けんぶん,見聞,けんぶん,見:◆目でものや状況を認識する、目に入る◆(見たものの)認識の仕方、考え◆人と顔を合わせる、対面する◆みる、部首名; 聞:◆(声や音や噂うわさや知らせなどが)耳に届く、耳に伝わってくる、「【說文解字注:耳部:聞】知聲也(往曰聽來曰聞…)[†「こちらから聞く」ことを「聽」、「向こうか,N1,on,on+on,,見:◆目でものや状況を認識する、目に入る◆(見たものの)認識の仕方、考え◆人と顔を合わせる、対面する◆みる、部首名; 聞:◆(声や音や噂うわさや知らせなどが)耳に届く、耳に伝わってくる、「【說文解字注:耳部:聞】知聲也(往曰聽來曰聞…)[†「こちらから聞く」ことを「聽」、「向こうか
kk_見苦しい_みぐるしい,見苦しい,みぐるしい,見:◆目でものや状況を認識する、目に入る◆(見たものの)認識の仕方、考え◆人と顔を合わせる、対面する◆みる、部首名; 苦:◆渋味やえぐ味などの不快に感じる味、五味(甘・酸・鹹・苦・辛)の一つ◆不快なことや思うようにならないことなどに困り果てる、押さえ付けられているような(重苦しい),N1,other,mixed+mixed~,IL1_okurigana(kun 96%) | A1_compound_oku(kun 90%) | A1_on_kun_mix(on+kun 65%),見:◆目でものや状況を認識する、目に入る◆(見たものの)認識の仕方、考え◆人と顔を合わせる、対面する◆みる、部首名; 苦:◆渋味やえぐ味などの不快に感じる味、五味(甘・酸・鹹・苦・辛)の一つ◆不快なことや思うようにならないことなどに困り果てる、押さえ付けられているような(重苦しい)
kk_見落とす_みおとす,見落とす,みおとす,見:◆目でものや状況を認識する、目に入る◆(見たものの)認識の仕方、考え◆人と顔を合わせる、対面する◆みる、部首名; 落:◆上にあったものが下に移動する、高い所から下に位置を変える、「落下(ラッカ)」「墜落(ツイラク)」◆枯れ衰える、(枯れた葉が)地に墜ちる、「没落(ボツラク)」「,N1,kun,kun+kun,IL1_okurigana(kun 96%) | A1_compound_oku(kun 90%) | A1_on_kun_mix(on+kun 65%),見:◆目でものや状況を認識する、目に入る◆(見たものの)認識の仕方、考え◆人と顔を合わせる、対面する◆みる、部首名; 落:◆上にあったものが下に移動する、高い所から下に位置を変える、「落下(ラッカ)」「墜落(ツイラク)」◆枯れ衰える、(枯れた葉が)地に墜ちる、「没落(ボツラク)」「
kk_見計らう_みはからう,見計らう,みはからう,見:◆目でものや状況を認識する、目に入る◆(見たものの)認識の仕方、考え◆人と顔を合わせる、対面する◆みる、部首名; 計:◆数える、測る◆(その年の)出納を合わせる◆見積もる、見当をつける,N1,kun,kun+kun,IL1_okurigana(kun 96%) | A1_compound_oku(kun 90%) | A1_on_kun_mix(on+kun 65%),見:◆目でものや状況を認識する、目に入る◆(見たものの)認識の仕方、考え◆人と顔を合わせる、対面する◆みる、部首名; 計:◆数える、測る◆(その年の)出納を合わせる◆見積もる、見当をつける
kk_見識_けんしき,見識,けんしき,見:◆目でものや状況を認識する、目に入る◆(見たものの)認識の仕方、考え◆人と顔を合わせる、対面する◆みる、部首名; 識:◆知ったことが他とどう違うのかを理解する◆他との違いをはっきりと見分ける、またその働き、またその能力、またその内容◆記(しる)す、書き記す、同「誌」◆幟(のぼり,N1,on,on+on,B_verb_rad_言(kun 80%),見:◆目でものや状況を認識する、目に入る◆(見たものの)認識の仕方、考え◆人と顔を合わせる、対面する◆みる、部首名; 識:◆知ったことが他とどう違うのかを理解する◆他との違いをはっきりと見分ける、またその働き、またその能力、またその内容◆記(しる)す、書き記す、同「誌」◆幟(のぼり
kk_見込み_みこみ,見込み,みこみ,見:◆目でものや状況を認識する、目に入る◆(見たものの)認識の仕方、考え◆人と顔を合わせる、対面する◆みる、部首名; 込:◆[日]中に(内に、裏に、見えないところに)入(はい)る、入(い)れる,N1,kun,kun+kun,IL1_okurigana(kun 96%) | A1_compound_oku(kun 90%) | A1_on_kun_mix(on+kun 65%),見:◆目でものや状況を認識する、目に入る◆(見たものの)認識の仕方、考え◆人と顔を合わせる、対面する◆みる、部首名; 込:◆[日]中に(内に、裏に、見えないところに)入(はい)る、入(い)れる
kk_見逃す_みのがす,見逃す,みのがす,見:◆目でものや状況を認識する、目に入る◆(見たものの)認識の仕方、考え◆人と顔を合わせる、対面する◆みる、部首名; 逃:◆受け入れ難い状態から抜け出る、受け入れ難い状態に陥らない方向に向かって行く、避けて遠ざかる,N1,kun,kun+kun,IL1_okurigana(kun 96%) | A1_compound_oku(kun 90%) | A1_on_kun_mix(on+kun 65%),見:◆目でものや状況を認識する、目に入る◆(見たものの)認識の仕方、考え◆人と顔を合わせる、対面する◆みる、部首名; 逃:◆受け入れ難い状態から抜け出る、受け入れ難い状態に陥らない方向に向かって行く、避けて遠ざかる
kk_見通し_みとおし,見通し,みとおし,見:◆目でものや状況を認識する、目に入る◆(見たものの)認識の仕方、考え◆人と顔を合わせる、対面する◆みる、部首名; 通:◆途中に障害となるようなものがなく反対側・向こう側・相手方・目的地まで達する、また達している◆支障なく行き来ができる、また行き来する、また行き来ができるようにす,N1,kun,kun+kun,IL1_okurigana(kun 96%) | A1_compound_oku(kun 90%) | A1_on_kun_mix(on+kun 65%),見:◆目でものや状況を認識する、目に入る◆(見たものの)認識の仕方、考え◆人と顔を合わせる、対面する◆みる、部首名; 通:◆途中に障害となるようなものがなく反対側・向こう側・相手方・目的地まで達する、また達している◆支障なく行き来ができる、また行き来する、また行き来ができるようにす
kk_規制_きせい,規制,きせい,規:◆ぶんまわし(規)、コンパスcompass、正しく円を描く道具、直線や角度を描く道具は「矩」◆基準・標準となるもの、基準・標準とすべき決まりごと◆基準・標準とな; 制:◆断(た)つ、切る◆断って目的とする形にする、また形を整(ととの)える、同繁「製」、同「剬」◆決まり、規則、法(ホウ)◆枠(わく)をはみ出さないように押さえる、,N1,on,on+on,A3_short_compound(on+on 71%) | B_verb_rad_刀(kun 80%),規:◆ぶんまわし(規)、コンパスcompass、正しく円を描く道具、直線や角度を描く道具は「矩」◆基準・標準となるもの、基準・標準とすべき決まりごと◆基準・標準とな; 制:◆断(た)つ、切る◆断って目的とする形にする、また形を整(ととの)える、同繁「製」、同「剬」◆決まり、規則、法(ホウ)◆枠(わく)をはみ出さないように押さえる、
kk_規定_きてい,規定,きてい,規:◆ぶんまわし(規)、コンパスcompass、正しく円を描く道具、直線や角度を描く道具は「矩」◆基準・標準となるもの、基準・標準とすべき決まりごと◆基準・標準とな; 定:◆さだ・まる、動きや乱れが鎮(しず)まって変化・変動しない状態になる、平静になる、落ち着く、「鎮定(チンテイ)」◆さだ・める、動いたり揺らいだりしない状態にする,N1,on,on+on,A3_short_compound(on+on 71%) | B_noun_rad_宀(kun 93%),規:◆ぶんまわし(規)、コンパスcompass、正しく円を描く道具、直線や角度を描く道具は「矩」◆基準・標準となるもの、基準・標準とすべき決まりごと◆基準・標準とな; 定:◆さだ・まる、動きや乱れが鎮(しず)まって変化・変動しない状態になる、平静になる、落ち着く、「鎮定(チンテイ)」◆さだ・める、動いたり揺らいだりしない状態にする
kk_規格_きかく,規格,きかく,規:◆ぶんまわし(規)、コンパスcompass、正しく円を描く道具、直線や角度を描く道具は「矩」◆基準・標準となるもの、基準・標準とすべき決まりごと◆基準・標準とな; 格:◆長く伸びた木の枝、その枝が交差するさま◆四角い枠(わく)、四角く枠をはめる◆ものの外枠、規則や基準◆限界(外枠)まで至る、行き着く、窮(きわ)まる、同「𢓜」◆,N1,on,on+on,A3_short_compound(on+on 71%) | B_noun_rad_木(kun 93%),規:◆ぶんまわし(規)、コンパスcompass、正しく円を描く道具、直線や角度を描く道具は「矩」◆基準・標準となるもの、基準・標準とすべき決まりごと◆基準・標準とな; 格:◆長く伸びた木の枝、その枝が交差するさま◆四角い枠(わく)、四角く枠をはめる◆ものの外枠、規則や基準◆限界(外枠)まで至る、行き着く、窮(きわ)まる、同「𢓜」◆
kk_規範_きはん,規範,きはん,規:◆ぶんまわし(規)、コンパスcompass、正しく円を描く道具、直線や角度を描く道具は「矩」◆基準・標準となるもの、基準・標準とすべき決まりごと◆基準・標準とな; 範:◆目的の形に造るための竹製の型(かた)、土製は「型」、金属製は「鎔」、木製は「模」、同簡「范」、同「笵」◆枠(わく)、枠で限られたところ、またその内側、「範圍(,N1,on,on+on,A3_short_compound(on+on 71%) | B_noun_rad_竹(kun 93%),規:◆ぶんまわし(規)、コンパスcompass、正しく円を描く道具、直線や角度を描く道具は「矩」◆基準・標準となるもの、基準・標準とすべき決まりごと◆基準・標準とな; 範:◆目的の形に造るための竹製の型(かた)、土製は「型」、金属製は「鎔」、木製は「模」、同簡「范」、同「笵」◆枠(わく)、枠で限られたところ、またその内側、「範圍(
kk_規約_きやく,規約,きやく,規:◆ぶんまわし(規)、コンパスcompass、正しく円を描く道具、直線や角度を描く道具は「矩」◆基準・標準となるもの、基準・標準とすべき決まりごと◆基準・標準とな; 約:◆束ねる、纏(まと)めて束ねる、小さく纏める、同「𠣩」◆結ぶ、結び目、「約定(ヤクジョウ、互いに取り決め結び合うこと)」◆「約束(ヤクソク)」◇しっかりと縛(し,N1,on,on+on,A3_short_compound(on+on 71%),規:◆ぶんまわし(規)、コンパスcompass、正しく円を描く道具、直線や角度を描く道具は「矩」◆基準・標準となるもの、基準・標準とすべき決まりごと◆基準・標準とな; 約:◆束ねる、纏(まと)めて束ねる、小さく纏める、同「𠣩」◆結ぶ、結び目、「約定(ヤクジョウ、互いに取り決め結び合うこと)」◆「約束(ヤクソク)」◇しっかりと縛(し
kk_視察_しさつ,視察,しさつ,視:◆(自然に目に入ってきたものではなく、見ようとするものに視線を向けて)見る、よく見る、注意深く見る、よく比べながら見る◆見守る、見守り世話する◆示(しめ)す、は; 察:◆余すところなくその本質を知るために詳しく見て調べる、詳しく見調べてその本質を余すところなく明らかにする、また余すところなく知る、形勢・状態などを見極める、同「,N1,on,on+on,A3_short_compound(on+on 71%) | B_noun_rad_宀(kun 93%),視:◆(自然に目に入ってきたものではなく、見ようとするものに視線を向けて)見る、よく見る、注意深く見る、よく比べながら見る◆見守る、見守り世話する◆示(しめ)す、は; 察:◆余すところなくその本質を知るために詳しく見て調べる、詳しく見調べてその本質を余すところなく明らかにする、また余すところなく知る、形勢・状態などを見極める、同「
kk_視点_してん,視点,してん,視:◆(自然に目に入ってきたものではなく、見ようとするものに視線を向けて)見る、よく見る、注意深く見る、よく比べながら見る◆見守る、見守り世話する◆示(しめ)す、は; 点:◆小さな(黒い)染(し)み・瑕(きず)・印(しるし)、またそのようなものを付ける、「汚点(オテン)」◆小さく狭く限られた場所・範囲・位置・事柄、「地点(チテン),N1,on,on+on,A3_short_compound(on+on 71%),視:◆(自然に目に入ってきたものではなく、見ようとするものに視線を向けて)見る、よく見る、注意深く見る、よく比べながら見る◆見守る、見守り世話する◆示(しめ)す、は; 点:◆小さな(黒い)染(し)み・瑕(きず)・印(しるし)、またそのようなものを付ける、「汚点(オテン)」◆小さく狭く限られた場所・範囲・位置・事柄、「地点(チテン)
kk_視界_しかい,視界,しかい,視:◆(自然に目に入ってきたものではなく、見ようとするものに視線を向けて)見る、よく見る、注意深く見る、よく比べながら見る◆見守る、見守り世話する◆示(しめ)す、は; 界:◆境(さかい)、境目(さかいめ)、区切り、同「堺」「𨺬」◆周(まわ)りが仕切られているところの内側、範囲(ハンイ),N1,on,on+on,A3_short_compound(on+on 71%),視:◆(自然に目に入ってきたものではなく、見ようとするものに視線を向けて)見る、よく見る、注意深く見る、よく比べながら見る◆見守る、見守り世話する◆示(しめ)す、は; 界:◆境(さかい)、境目(さかいめ)、区切り、同「堺」「𨺬」◆周(まわ)りが仕切られているところの内側、範囲(ハンイ)
kk_視野_しや,視野,しや,視:◆(自然に目に入ってきたものではなく、見ようとするものに視線を向けて)見る、よく見る、注意深く見る、よく比べながら見る◆見守る、見守り世話する◆示(しめ)す、は; 野:◆郊外(コウガイ)、都(みやこ)を囲む城壁の外に広がる地で都から百里以内の地を「郊」、その外を「野」、その外を「林」、その外を「冂」といった、「【說文解字: 冂,N1,on,on+on,A3_short_compound(on+on 71%),視:◆(自然に目に入ってきたものではなく、見ようとするものに視線を向けて)見る、よく見る、注意深く見る、よく比べながら見る◆見守る、見守り世話する◆示(しめ)す、は; 野:◆郊外(コウガイ)、都(みやこ)を囲む城壁の外に広がる地で都から百里以内の地を「郊」、その外を「野」、その外を「林」、その外を「冂」といった、「【說文解字: 冂
kk_覚え_おぼえ,覚え,おぼえ,覚:◆目を醒(さ)ます、眠りから醒める、正常な認識や判断ができない状態から抜け出る◆迷いや暗がりから抜け出る、明るみに出る◆辺りの状況が意識・認識できるようになる、,N1,kun,kun,IL1_okurigana(kun 96%) | IL2_single_okuri(kun 96%),覚:◆目を醒(さ)ます、眠りから醒める、正常な認識や判断ができない状態から抜け出る◆迷いや暗がりから抜け出る、明るみに出る◆辺りの状況が意識・認識できるようになる、
kk_覚束ない_おぼつかない,覚束ない,おぼつかない,覚:◆目を醒(さ)ます、眠りから醒める、正常な認識や判断ができない状態から抜け出る◆迷いや暗がりから抜け出る、明るみに出る◆辺りの状況が意識・認識できるようになる、; 束:◆(長いものを)縛(しば)って一つにする、一つに纏(まと)める、同「捒」◆縛って一つにしたものの数を表す語◆縛る、縛ってばらばらにならないようにする、自由を制限,N1,kun,kun+kun,IL1_okurigana(kun 96%) | A1_compound_oku(kun 90%) | A1_on_kun_mix(on+kun 65%),覚:◆目を醒(さ)ます、眠りから醒める、正常な認識や判断ができない状態から抜け出る◆迷いや暗がりから抜け出る、明るみに出る◆辺りの状況が意識・認識できるようになる、; 束:◆(長いものを)縛(しば)って一つにする、一つに纏(まと)める、同「捒」◆縛って一つにしたものの数を表す語◆縛る、縛ってばらばらにならないようにする、自由を制限
kk_覚醒剤_かくせいざい,覚醒剤,かくせいざい,覚:◆目を醒(さ)ます、眠りから醒める、正常な認識や判断ができない状態から抜け出る◆迷いや暗がりから抜け出る、明るみに出る◆辺りの状況が意識・認識できるようになる、; 醒:◆酔ったり眠ったりして正常な認識や判断ができない状態を脱して元の状態に戻る◆目が覚(さ)める、迷いから覚めて何時もの状態に戻る; 剤:◆ちょうどよい具合に整える、同「斉」◆草木を切り揃える◆薬の効果がちょうどよい具合になるように調合する◆調合された薬を数える単位、一劑＝服用一回分◆質札(しちふ,N1,on,on+on+on,A4_multi_on(on+on+on 65%) | B_verb_rad_刀(kun 80%),覚:◆目を醒(さ)ます、眠りから醒める、正常な認識や判断ができない状態から抜け出る◆迷いや暗がりから抜け出る、明るみに出る◆辺りの状況が意識・認識できるようになる、; 醒:◆酔ったり眠ったりして正常な認識や判断ができない状態を脱して元の状態に戻る◆目が覚(さ)める、迷いから覚めて何時もの状態に戻る; 剤:◆ちょうどよい具合に整える、同「斉」◆草木を切り揃える◆薬の効果がちょうどよい具合になるように調合する◆調合された薬を数える単位、一劑＝服用一回分◆質札(しちふ
kk_親兄弟_おやきょうだい,親兄弟,おやきょうだい,親:◆身近にいる、近しい◆関係が近い、関係が深い◆父母◆血縁・婚姻関係にある人◆深く付き合う、気兼ねなく接することができる、気の置けない◆自ら、自分で; 兄:◆同じ親を持つ自分よりも先に生まれた男子、同「哥哥(カカ)」、自分よりも後から生まれた男子は「弟」◆年長また同世代の男子に対する敬称; 弟:◆同じ親を持つ自分よりも後から生まれた男子、同「𠂖」、先に生まれた男子は「兄」◆年長者や兄姉を敬い従う、同「悌」◆「弟靡(テイビ)」、逆らうことなく従う、「【莊,N1,mixed,kun+on+on~,A4_multi_on(on+on+on 65%),親:◆身近にいる、近しい◆関係が近い、関係が深い◆父母◆血縁・婚姻関係にある人◆深く付き合う、気兼ねなく接することができる、気の置けない◆自ら、自分で; 兄:◆同じ親を持つ自分よりも先に生まれた男子、同「哥哥(カカ)」、自分よりも後から生まれた男子は「弟」◆年長また同世代の男子に対する敬称; 弟:◆同じ親を持つ自分よりも後から生まれた男子、同「𠂖」、先に生まれた男子は「兄」◆年長者や兄姉を敬い従う、同「悌」◆「弟靡(テイビ)」、逆らうことなく従う、「【莊
kk_親善_しんぜん,親善,しんぜん,親:◆身近にいる、近しい◆関係が近い、関係が深い◆父母◆血縁・婚姻関係にある人◆深く付き合う、気兼ねなく接することができる、気の置けない◆自ら、自分で; 善:◆めでたい、喜ばしい◆良い、好ましい◆美しい、魅力的な◆優(すぐ)れている、立派な◆正しい、正しい行い◆親しい、友好的な,N1,on,on+on,,親:◆身近にいる、近しい◆関係が近い、関係が深い◆父母◆血縁・婚姻関係にある人◆深く付き合う、気兼ねなく接することができる、気の置けない◆自ら、自分で; 善:◆めでたい、喜ばしい◆良い、好ましい◆美しい、魅力的な◆優(すぐ)れている、立派な◆正しい、正しい行い◆親しい、友好的な
kk_親孝行_おやこうこう,親孝行,おやこうこう,親:◆身近にいる、近しい◆関係が近い、関係が深い◆父母◆血縁・婚姻関係にある人◆深く付き合う、気兼ねなく接することができる、気の置けない◆自ら、自分で; 孝:◆父母の言い付けに従い心を尽くして大切にする◆祖先を敬い大切にする◆喪服、喪中に着る衣服、地域により黒であったり白であったりするという、「孝服(コウフク)」; 行:◆左足を前に出し(彳)次に右足を前に出す(亍)、足を交互に動かして前に進む◆目的とするところに向かって進む◆遠くに出掛ける、旅に出る◆道、人が往来する道路、同「,N1,mixed,kun+on+on~,A4_multi_on(on+on+on 65%),親:◆身近にいる、近しい◆関係が近い、関係が深い◆父母◆血縁・婚姻関係にある人◆深く付き合う、気兼ねなく接することができる、気の置けない◆自ら、自分で; 孝:◆父母の言い付けに従い心を尽くして大切にする◆祖先を敬い大切にする◆喪服、喪中に着る衣服、地域により黒であったり白であったりするという、「孝服(コウフク)」; 行:◆左足を前に出し(彳)次に右足を前に出す(亍)、足を交互に動かして前に進む◆目的とするところに向かって進む◆遠くに出掛ける、旅に出る◆道、人が往来する道路、同「
kk_親密_しんみつ,親密,しんみつ,親:◆身近にいる、近しい◆関係が近い、関係が深い◆父母◆血縁・婚姻関係にある人◆深く付き合う、気兼ねなく接することができる、気の置けない◆自ら、自分で; 密:◆ぴったりとくっついて隙間がない◆閉ざされていて或いは奥まっていて外から見えない、また窺い知れない◆広く大きく物音や人の声が届いて来ない、ひっそりとした◆山深く,N1,on,on+on,B_noun_rad_宀(kun 93%),親:◆身近にいる、近しい◆関係が近い、関係が深い◆父母◆血縁・婚姻関係にある人◆深く付き合う、気兼ねなく接することができる、気の置けない◆自ら、自分で; 密:◆ぴったりとくっついて隙間がない◆閉ざされていて或いは奥まっていて外から見えない、また窺い知れない◆広く大きく物音や人の声が届いて来ない、ひっそりとした◆山深く
kk_親心_おやごころ,親心,おやごころ,親:◆身近にいる、近しい◆関係が近い、関係が深い◆父母◆血縁・婚姻関係にある人◆深く付き合う、気兼ねなく接することができる、気の置けない◆自ら、自分で; 心:◆血液を循環させる働きをする臓器で五臓(心シン・肝カン・脾ヒ・肺ハイ・腎ジン)の一つ ◆ものの真(ま)ん中、真ん中(中心)にあるもの、ものの重要な部分、ものの本,N1,other,mixed+mixed~,,親:◆身近にいる、近しい◆関係が近い、関係が深い◆父母◆血縁・婚姻関係にある人◆深く付き合う、気兼ねなく接することができる、気の置けない◆自ら、自分で; 心:◆血液を循環させる働きをする臓器で五臓(心シン・肝カン・脾ヒ・肺ハイ・腎ジン)の一つ ◆ものの真(ま)ん中、真ん中(中心)にあるもの、ものの重要な部分、ものの本
kk_親方_おやかた,親方,おやかた,親:◆身近にいる、近しい◆関係が近い、関係が深い◆父母◆血縁・婚姻関係にある人◆深く付き合う、気兼ねなく接することができる、気の置けない◆自ら、自分で; 方:◆四角、四角いさま、角(かど)が直角になっているさま、「方形(ホウケイ)」◆数学で二つの数を掛け合わせた数(正方形・長方形の一つの角を成す二辺を掛け合わせた数),N1,kun,kun+kun~,,親:◆身近にいる、近しい◆関係が近い、関係が深い◆父母◆血縁・婚姻関係にある人◆深く付き合う、気兼ねなく接することができる、気の置けない◆自ら、自分で; 方:◆四角、四角いさま、角(かど)が直角になっているさま、「方形(ホウケイ)」◆数学で二つの数を掛け合わせた数(正方形・長方形の一つの角を成す二辺を掛け合わせた数)
kk_親近感_しんきんかん,親近感,しんきんかん,親:◆身近にいる、近しい◆関係が近い、関係が深い◆父母◆血縁・婚姻関係にある人◆深く付き合う、気兼ねなく接することができる、気の置けない◆自ら、自分で; 近:◆位置・時間・関係・状態などがすぐ傍(そば)にある◆迫(せま)る、すぐ傍まで寄る、また寄せる◆親(ちか)しい、親(した)しい(間柄や関係などが近い)◆似ている(; 感:◆外部から受けた刺激を知覚する◆外部からの刺激を受けて心や体が反応する、また動く,N1,on,on+on+on,A4_multi_on(on+on+on 65%),親:◆身近にいる、近しい◆関係が近い、関係が深い◆父母◆血縁・婚姻関係にある人◆深く付き合う、気兼ねなく接することができる、気の置けない◆自ら、自分で; 近:◆位置・時間・関係・状態などがすぐ傍(そば)にある◆迫(せま)る、すぐ傍まで寄る、また寄せる◆親(ちか)しい、親(した)しい(間柄や関係などが近い)◆似ている(; 感:◆外部から受けた刺激を知覚する◆外部からの刺激を受けて心や体が反応する、また動く
kk_親～_おや～,親～,おや～,親:◆身近にいる、近しい◆関係が近い、関係が深い◆父母◆血縁・婚姻関係にある人◆深く付き合う、気兼ねなく接することができる、気の置けない◆自ら、自分で,N1,kun,kun,IL2_single_default(kun 84%),親:◆身近にいる、近しい◆関係が近い、関係が深い◆父母◆血縁・婚姻関係にある人◆深く付き合う、気兼ねなく接することができる、気の置けない◆自ら、自分で
kk_観点_かんてん,観点,かんてん,観:◆隅々までしっかりと見る、余すところなく見尽くす、「觀察(カンサツ、細部まで詳しく見て調べる)」、「【說文解字注:見部:觀】諦視也(宷諦之視也穀梁傳曰常事曰視非; 点:◆小さな(黒い)染(し)み・瑕(きず)・印(しるし)、またそのようなものを付ける、「汚点(オテン)」◆小さく狭く限られた場所・範囲・位置・事柄、「地点(チテン),N1,on,on+on,,観:◆隅々までしっかりと見る、余すところなく見尽くす、「觀察(カンサツ、細部まで詳しく見て調べる)」、「【說文解字注:見部:觀】諦視也(宷諦之視也穀梁傳曰常事曰視非; 点:◆小さな(黒い)染(し)み・瑕(きず)・印(しるし)、またそのようなものを付ける、「汚点(オテン)」◆小さく狭く限られた場所・範囲・位置・事柄、「地点(チテン)
kk_観覧_かんらん,観覧,かんらん,観:◆隅々までしっかりと見る、余すところなく見尽くす、「觀察(カンサツ、細部まで詳しく見て調べる)」、「【說文解字注:見部:觀】諦視也(宷諦之視也穀梁傳曰常事曰視非; 覧:◆見渡す、見て回る◆全体を見る、全体に目を通す,N1,on,on+on,,観:◆隅々までしっかりと見る、余すところなく見尽くす、「觀察(カンサツ、細部まで詳しく見て調べる)」、「【說文解字注:見部:觀】諦視也(宷諦之視也穀梁傳曰常事曰視非; 覧:◆見渡す、見て回る◆全体を見る、全体に目を通す
kk_角_つの,角,つの,角:◆つの、動物などの頭部から突き出た骨質状また角質状のもの、またそのように先が尖ったもの、またそのように先が尖った状態◆(角を突き合わせて)力を競い合う◆すみ、か,N1,kun,kun,IL2_single_default(kun 84%),角:◆つの、動物などの頭部から突き出た骨質状また角質状のもの、またそのように先が尖ったもの、またそのように先が尖った状態◆(角を突き合わせて)力を競い合う◆すみ、か
kk_解ける_ほどける,解ける,ほどける,解:◆一つになっているもの(固まっているもの)をばらばらにする、また柔らかくする、また融(と)かす、また和(やわ)らげる、「解散(カイサン)」「分解(ブンカイ)」◆,N1,kun,kun,IL1_okurigana(kun 96%) | IL2_single_okuri(kun 96%),解:◆一つになっているもの(固まっているもの)をばらばらにする、また柔らかくする、また融(と)かす、また和(やわ)らげる、「解散(カイサン)」「分解(ブンカイ)」◆
kk_解剖_かいぼう,解剖,かいぼう,解:◆一つになっているもの(固まっているもの)をばらばらにする、また柔らかくする、また融(と)かす、また和(やわ)らげる、「解散(カイサン)」「分解(ブンカイ)」◆; 剖:◆二つに割(さ)く、二つに切り分ける◆見分ける,N1,on,on+on,B_verb_rad_刀(kun 80%),解:◆一つになっているもの(固まっているもの)をばらばらにする、また柔らかくする、また融(と)かす、また和(やわ)らげる、「解散(カイサン)」「分解(ブンカイ)」◆; 剖:◆二つに割(さ)く、二つに切り分ける◆見分ける
kk_解除_かいじょ,解除,かいじょ,解:◆一つになっているもの(固まっているもの)をばらばらにする、また柔らかくする、また融(と)かす、また和(やわ)らげる、「解散(カイサン)」「分解(ブンカイ)」◆; 除:◆そこにあるものを押し退(の)ける、押し退けて場所をあける◆取り払う、取り去る◆それまでの官職を解(と)いて新しい官職に就(つ)ける、「除官(ジョカン)」◆それ,N1,on,on+on,A3_short_compound(on+on 71%),解:◆一つになっているもの(固まっているもの)をばらばらにする、また柔らかくする、また融(と)かす、また和(やわ)らげる、「解散(カイサン)」「分解(ブンカイ)」◆; 除:◆そこにあるものを押し退(の)ける、押し退けて場所をあける◆取り払う、取り去る◆それまでの官職を解(と)いて新しい官職に就(つ)ける、「除官(ジョカン)」◆それ
kk_触れ合い_ふれあい,触れ合い,ふれあい,触:◆角(つの)の先端が当たる、尖(とが)ったものの先端が軽く当たる、同「𧢻」◆一部分(全体の中のある限られた部分、狭い部分)に当たる、また押し当てる◆法で禁じられ; 合:◆人や物が集まって一緒になる、また一つになる◆幾つかのものを集め一緒にする、幾つかのものが集まり同じになる◆同じものを纏(まと)めた全体◆ぴったりと一致する、当,N1,kun,kun+kun~,IL1_okurigana(kun 96%) | A1_compound_oku(kun 90%) | A1_on_kun_mix(on+kun 65%),触:◆角(つの)の先端が当たる、尖(とが)ったものの先端が軽く当たる、同「𧢻」◆一部分(全体の中のある限られた部分、狭い部分)に当たる、また押し当てる◆法で禁じられ; 合:◆人や物が集まって一緒になる、また一つになる◆幾つかのものを集め一緒にする、幾つかのものが集まり同じになる◆同じものを纏(まと)めた全体◆ぴったりと一致する、当
kk_触発_しょくはつ,触発,しょくはつ,触:◆角(つの)の先端が当たる、尖(とが)ったものの先端が軽く当たる、同「𧢻」◆一部分(全体の中のある限られた部分、狭い部分)に当たる、また押し当てる◆法で禁じられ; 発:◆矢を放つ、外(離れて行く方向)に向かって勢いよく飛び出る◆動いていなかったものが勢いよく動き出す、物事が動き出す、物事が始まる、行動を起こす◆隠れていたものが,N1,on,on+on,,触:◆角(つの)の先端が当たる、尖(とが)ったものの先端が軽く当たる、同「𧢻」◆一部分(全体の中のある限られた部分、狭い部分)に当たる、また押し当てる◆法で禁じられ; 発:◆矢を放つ、外(離れて行く方向)に向かって勢いよく飛び出る◆動いていなかったものが勢いよく動き出す、物事が動き出す、物事が始まる、行動を起こす◆隠れていたものが
kk_言いそびれる_いいそびれる,言いそびれる,いいそびれる,言:◆相手に伝えたいことを声に出してはっきりと述べる、またその内容、またそのための語(ゴ、互いに意思の疎通を図るための言葉)◆字(ジ)、文字◆我(われ)、自分を指す,N1,kun,kun,IL1_okurigana(kun 96%) | IL2_single_okuri(kun 96%) | B_verb_rad_言(kun 80%),言:◆相手に伝えたいことを声に出してはっきりと述べる、またその内容、またそのための語(ゴ、互いに意思の疎通を図るための言葉)◆字(ジ)、文字◆我(われ)、自分を指す
kk_言い張る_いいはる,言い張る,いいはる,言:◆相手に伝えたいことを声に出してはっきりと述べる、またその内容、またそのための語(ゴ、互いに意思の疎通を図るための言葉)◆字(ジ)、文字◆我(われ)、自分を指す; 張:◆弓や弦楽器の弦(ゲン、つる)を弛(たる)まないように掛ける、二点間に糸や網などを渡す◆弛(ゆる)みがないようにぴんと伸ばす、皺(しわ)にならないようにぴんと延,N1,kun,kun+kun~,IL1_okurigana(kun 96%) | A1_compound_oku(kun 90%) | A1_on_kun_mix(on+kun 65%),言:◆相手に伝えたいことを声に出してはっきりと述べる、またその内容、またそのための語(ゴ、互いに意思の疎通を図るための言葉)◆字(ジ)、文字◆我(われ)、自分を指す; 張:◆弓や弦楽器の弦(ゲン、つる)を弛(たる)まないように掛ける、二点間に糸や網などを渡す◆弛(ゆる)みがないようにぴんと伸ばす、皺(しわ)にならないようにぴんと延
kk_言い淀む_いいよどむ,言い淀む,いいよどむ,言:◆相手に伝えたいことを声に出してはっきりと述べる、またその内容、またそのための語(ゴ、互いに意思の疎通を図るための言葉)◆字(ジ)、文字◆我(われ)、自分を指す; 淀:◆水が浅い、浅い沼や池や湖、同「𣵦」◆水の流れが滞(とどこお)る、水が流れずに浅く溜(たま)まる、同「澱」◆澱(おり)、水底に沈み溜まった泥土、同「澱」◆繁「澱,N1,kun,kun+kun~,IL1_okurigana(kun 96%) | A1_compound_oku(kun 90%) | A1_on_kun_mix(on+kun 65%),言:◆相手に伝えたいことを声に出してはっきりと述べる、またその内容、またそのための語(ゴ、互いに意思の疎通を図るための言葉)◆字(ジ)、文字◆我(われ)、自分を指す; 淀:◆水が浅い、浅い沼や池や湖、同「𣵦」◆水の流れが滞(とどこお)る、水が流れずに浅く溜(たま)まる、同「澱」◆澱(おり)、水底に沈み溜まった泥土、同「澱」◆繁「澱
kk_言い渡す_いいわたす,言い渡す,いいわたす,言:◆相手に伝えたいことを声に出してはっきりと述べる、またその内容、またそのための語(ゴ、互いに意思の疎通を図るための言葉)◆字(ジ)、文字◆我(われ)、自分を指す; 渡:◆川や海などの水で隔(へだ)てられた対岸に行く、越えて行く、「渡河(トカ)」「渡江(トコウ)」「渡水(トスイ)」◆船着き場、対岸に人や物を運ぶ船が発着するところ,N1,kun,kun+kun~,IL1_okurigana(kun 96%) | A1_compound_oku(kun 90%) | A1_on_kun_mix(on+kun 65%),言:◆相手に伝えたいことを声に出してはっきりと述べる、またその内容、またそのための語(ゴ、互いに意思の疎通を図るための言葉)◆字(ジ)、文字◆我(われ)、自分を指す; 渡:◆川や海などの水で隔(へだ)てられた対岸に行く、越えて行く、「渡河(トカ)」「渡江(トコウ)」「渡水(トスイ)」◆船着き場、対岸に人や物を運ぶ船が発着するところ
kk_言伝_ことづて,言伝,ことづて,言:◆相手に伝えたいことを声に出してはっきりと述べる、またその内容、またそのための語(ゴ、互いに意思の疎通を図るための言葉)◆字(ジ)、文字◆我(われ)、自分を指す; 伝:◆「伝伝(ウンウン)」、雲のように留(とど)まることなく漂い行くさま、「【白虎通義:卷八:情性】魂魄者何謂魂猶伝伝也行不休於外也主於情…」◆[日]同「傳」,N1,other,mixed+mixed~,B_verb_rad_言(kun 80%),言:◆相手に伝えたいことを声に出してはっきりと述べる、またその内容、またそのための語(ゴ、互いに意思の疎通を図るための言葉)◆字(ジ)、文字◆我(われ)、自分を指す; 伝:◆「伝伝(ウンウン)」、雲のように留(とど)まることなく漂い行くさま、「【白虎通義:卷八:情性】魂魄者何謂魂猶伝伝也行不休於外也主於情…」◆[日]同「傳」
kk_言動_げんどう,言動,げんどう,言:◆相手に伝えたいことを声に出してはっきりと述べる、またその内容、またそのための語(ゴ、互いに意思の疎通を図るための言葉)◆字(ジ)、文字◆我(われ)、自分を指す; 動:◆位置・姿勢・感情・状態・事情などが変わる、また変える、また変わり始める、「動作」「行動」「感動」◆やや・もすれば、どうかすると(～になる、～になりやすい),N1,on,on+on,B_verb_rad_言(kun 80%) | B_verb_rad_力(kun 80%),言:◆相手に伝えたいことを声に出してはっきりと述べる、またその内容、またそのための語(ゴ、互いに意思の疎通を図るための言葉)◆字(ジ)、文字◆我(われ)、自分を指す; 動:◆位置・姿勢・感情・状態・事情などが変わる、また変える、また変わり始める、「動作」「行動」「感動」◆やや・もすれば、どうかすると(～になる、～になりやすい)
kk_言及_げんきゅう,言及,げんきゅう,言:◆相手に伝えたいことを声に出してはっきりと述べる、またその内容、またそのための語(ゴ、互いに意思の疎通を図るための言葉)◆字(ジ)、文字◆我(われ)、自分を指す; 及:◆～の状態が継続してここに(今に)至る、同「迨」◆～(の状態、の時刻・時期・時機)になる、～に至(いた)る、同「迨」「逮」◆～(の状態、の場所、の段階)に達する,N1,on,on+on,B_verb_rad_言(kun 80%),言:◆相手に伝えたいことを声に出してはっきりと述べる、またその内容、またそのための語(ゴ、互いに意思の疎通を図るための言葉)◆字(ジ)、文字◆我(われ)、自分を指す; 及:◆～の状態が継続してここに(今に)至る、同「迨」◆～(の状態、の時刻・時期・時機)になる、～に至(いた)る、同「迨」「逮」◆～(の状態、の場所、の段階)に達する
kk_言行_げんこう,言行,げんこう,言:◆相手に伝えたいことを声に出してはっきりと述べる、またその内容、またそのための語(ゴ、互いに意思の疎通を図るための言葉)◆字(ジ)、文字◆我(われ)、自分を指す; 行:◆左足を前に出し(彳)次に右足を前に出す(亍)、足を交互に動かして前に進む◆目的とするところに向かって進む◆遠くに出掛ける、旅に出る◆道、人が往来する道路、同「,N1,on,on+on,B_verb_rad_言(kun 80%),言:◆相手に伝えたいことを声に出してはっきりと述べる、またその内容、またそのための語(ゴ、互いに意思の疎通を図るための言葉)◆字(ジ)、文字◆我(われ)、自分を指す; 行:◆左足を前に出し(彳)次に右足を前に出す(亍)、足を交互に動かして前に進む◆目的とするところに向かって進む◆遠くに出掛ける、旅に出る◆道、人が往来する道路、同「
kk_言語道断_ごんごどうだん,言語道断,ごんごどうだん,言:◆相手に伝えたいことを声に出してはっきりと述べる、またその内容、またそのための語(ゴ、互いに意思の疎通を図るための言葉)◆字(ジ)、文字◆我(われ)、自分を指す; 語:◆他に向かって述べる、また告げる、考えや思い・言い伝えなどを話す◆意味を持つ言葉、話(はなし); 道:◆出発地から目的地へ通じている路(みち)、人や動物などが往来する通り路、「道路(ドウロ)」、同「路」◆目的を達するための経路、手順や方法◆導(みちび)く、手引き,N1,on,on+on+on+on,A4_multi_on(on+on+on+on 65%) | B_verb_rad_言(kun 80%) | B_verb_rad_言(kun 80%),言:◆相手に伝えたいことを声に出してはっきりと述べる、またその内容、またそのための語(ゴ、互いに意思の疎通を図るための言葉)◆字(ジ)、文字◆我(われ)、自分を指す; 語:◆他に向かって述べる、また告げる、考えや思い・言い伝えなどを話す◆意味を持つ言葉、話(はなし); 道:◆出発地から目的地へ通じている路(みち)、人や動物などが往来する通り路、「道路(ドウロ)」、同「路」◆目的を達するための経路、手順や方法◆導(みちび)く、手引き
kk_訂正_ていせい,訂正,ていせい,訂:◆議論し意見を一つに纏める◆違いや誤りを改め正す◆綴じる、製本する◆条約・契約などを締結する; 正:◆まっすぐなさま、曲がり・歪(ゆが)み・偏(かたよ)りなどがないさま◆他のものが雑(ま)じっていないさま、また混(ま)じっていないさま、また交(ま)じっていない,N1,on,on+on,B_verb_rad_言(kun 80%),訂:◆議論し意見を一つに纏める◆違いや誤りを改め正す◆綴じる、製本する◆条約・契約などを締結する; 正:◆まっすぐなさま、曲がり・歪(ゆが)み・偏(かたよ)りなどがないさま◆他のものが雑(ま)じっていないさま、また混(ま)じっていないさま、また交(ま)じっていない
kk_計り知れない_はかりしれない,計り知れない,はかりしれない,計:◆数える、測る◆(その年の)出納を合わせる◆見積もる、見当をつける; 知:◆(矢のように素早く、矢が的の中央に当たるように的確に)認識する、見定める、「察知(サッチ)」「知識(チシキ)」、「智」は「見知ったことを理解しその正邪を正しく,N1,kun,kun+kun~,IL1_okurigana(kun 96%) | A1_compound_oku(kun 90%) | A1_on_kun_mix(on+kun 65%),計:◆数える、測る◆(その年の)出納を合わせる◆見積もる、見当をつける; 知:◆(矢のように素早く、矢が的の中央に当たるように的確に)認識する、見定める、「察知(サッチ)」「知識(チシキ)」、「智」は「見知ったことを理解しその正邪を正しく
kk_計算高い_けいさんだかい,計算高い,けいさんだかい,計:◆数える、測る◆(その年の)出納を合わせる◆見積もる、見当をつける; 算:◆数(かず)を数(かぞ)える、同「筭」◆数を計算する(本数や置き方によって数を表す)ための竹の棒、占いにも用いる、同「籌」、「算籌(サンチュウ、計算また占いに用; 高:◆上下の方向で上の方、標準的・平均的な程度よりも上にある◆幾つかのものを比べた時に上にある、また優(すぐ)れている、また尊(とうと)い◆標準・基準や想定・期待を,N1,on,mixed+on+mixed~,IL1_okurigana(kun 96%) | A1_compound_oku(kun 90%) | A1_on_kun_mix(on+kun 65%),計:◆数える、測る◆(その年の)出納を合わせる◆見積もる、見当をつける; 算:◆数(かず)を数(かぞ)える、同「筭」◆数を計算する(本数や置き方によって数を表す)ための竹の棒、占いにも用いる、同「籌」、「算籌(サンチュウ、計算また占いに用; 高:◆上下の方向で上の方、標準的・平均的な程度よりも上にある◆幾つかのものを比べた時に上にある、また優(すぐ)れている、また尊(とうと)い◆標準・基準や想定・期待を
kk_討論_とうろん,討論,とうろん,討:◆反乱や暴動を鎮圧する◆罪を責めて殺す◆問い質す◆尋ね調べる; 論:◆理(リ、道理ドウリ、筋目すじめ)に沿って考える、理に適(かな)った考え◆きちんと筋道(すじみち、道理)に沿って(順序立てて)述べる◆道理(筋や理)に照らして物,N1,on,on+on,B_verb_rad_言(kun 80%) | B_verb_rad_言(kun 80%),討:◆反乱や暴動を鎮圧する◆罪を責めて殺す◆問い質す◆尋ね調べる; 論:◆理(リ、道理ドウリ、筋目すじめ)に沿って考える、理に適(かな)った考え◆きちんと筋道(すじみち、道理)に沿って(順序立てて)述べる◆道理(筋や理)に照らして物
kk_討議_とうぎ,討議,とうぎ,討:◆反乱や暴動を鎮圧する◆罪を責めて殺す◆問い質す◆尋ね調べる; 議:◆互いに意見を交わし合う◆物事の是非について意見を交わし合う、またそれよって適切な結論を得る◆文章様式の一種で、物事の理非についての意見を記述したもの,N1,on,on+on,A3_short_compound(on+on 71%) | B_verb_rad_言(kun 80%) | B_verb_rad_言(kun 80%),討:◆反乱や暴動を鎮圧する◆罪を責めて殺す◆問い質す◆尋ね調べる; 議:◆互いに意見を交わし合う◆物事の是非について意見を交わし合う、またそれよって適切な結論を得る◆文章様式の一種で、物事の理非についての意見を記述したもの
kk_託ける_かこつける,託ける,かこつける,託:◆自分のものを他人(ひと)に預(あず)け、その取り扱いをその人の裁量(サイリョウ)に委(ゆだ)ねる、信頼して任(まか)せる、安心して委(ゆだ)ねる、同「乇」「仛,N1,kun,kun,IL1_okurigana(kun 96%) | IL2_single_okuri(kun 96%) | B_verb_rad_言(kun 80%),託:◆自分のものを他人(ひと)に預(あず)け、その取り扱いをその人の裁量(サイリョウ)に委(ゆだ)ねる、信頼して任(まか)せる、安心して委(ゆだ)ねる、同「乇」「仛
kk_記す_しるす,記す,しるす,記:◆(忘れないように)覚えておく、「記憶(キオク)」◆(忘れないように)書き留(と)める、書き付ける、また書き留めたもの、「記録(キロク)」「記事(キジ、書き記さ,N1,kun,kun,IL1_okurigana(kun 96%) | IL2_single_okuri(kun 96%) | B_verb_rad_言(kun 80%),記:◆(忘れないように)覚えておく、「記憶(キオク)」◆(忘れないように)書き留(と)める、書き付ける、また書き留めたもの、「記録(キロク)」「記事(キジ、書き記さ
kk_記名_きめい,記名,きめい,記:◆(忘れないように)覚えておく、「記憶(キオク)」◆(忘れないように)書き留(と)める、書き付ける、また書き留めたもの、「記録(キロク)」「記事(キジ、書き記さ; 名:◆人に付ける呼称、また動物・もの・出来事などを呼んだり指し示したり識別したりするためにその各々に付ける呼称、「名称(メイショウ)」◆呼称を付ける、「命名(メイメ,N1,on,on+on,A3_short_compound(on+on 71%) | B_verb_rad_言(kun 80%),記:◆(忘れないように)覚えておく、「記憶(キオク)」◆(忘れないように)書き留(と)める、書き付ける、また書き留めたもの、「記録(キロク)」「記事(キジ、書き記さ; 名:◆人に付ける呼称、また動物・もの・出来事などを呼んだり指し示したり識別したりするためにその各々に付ける呼称、「名称(メイショウ)」◆呼称を付ける、「命名(メイメ
kk_記載_きさい,記載,きさい,記:◆(忘れないように)覚えておく、「記憶(キオク)」◆(忘れないように)書き留(と)める、書き付ける、また書き留めたもの、「記録(キロク)」「記事(キジ、書き記さ; 載:◆車や船などの上に乗る、乗って行く、また積む、積んで運ぶ◆(平らなものの)上に乗る、また乗せる◆本や帳面などに書き付ける◆歳(サイ、とし)、年(ネン、とし)、「,N1,on,on+on,A3_short_compound(on+on 71%) | B_verb_rad_言(kun 80%),記:◆(忘れないように)覚えておく、「記憶(キオク)」◆(忘れないように)書き留(と)める、書き付ける、また書き留めたもの、「記録(キロク)」「記事(キジ、書き記さ; 載:◆車や船などの上に乗る、乗って行く、また積む、積んで運ぶ◆(平らなものの)上に乗る、また乗せる◆本や帳面などに書き付ける◆歳(サイ、とし)、年(ネン、とし)、「
kk_記述_きじゅつ,記述,きじゅつ,記:◆(忘れないように)覚えておく、「記憶(キオク)」◆(忘れないように)書き留(と)める、書き付ける、また書き留めたもの、「記録(キロク)」「記事(キジ、書き記さ; 述:◆既に道筋が付いているものや頼りになるものに沿って行く、先例などに従う、同「循」◆先人の事績を受け継ぎ伝える、そのために文章に書き表す、或いは言葉で言い表す◆考,N1,on,on+on,A3_short_compound(on+on 71%) | B_verb_rad_言(kun 80%),記:◆(忘れないように)覚えておく、「記憶(キオク)」◆(忘れないように)書き留(と)める、書き付ける、また書き留めたもの、「記録(キロク)」「記事(キジ、書き記さ; 述:◆既に道筋が付いているものや頼りになるものに沿って行く、先例などに従う、同「循」◆先人の事績を受け継ぎ伝える、そのために文章に書き表す、或いは言葉で言い表す◆考
kk_訛り_なまり,訛り,なまり,訛:◆本来のものとは違った使い方をする、意図して誤った使い方をする◆偽(いつわ)る、騙(だま)す◆文字・言葉・意味・発音などが時代・世代・地域・環境などの違いで変化,N1,kun,kun,IL1_okurigana(kun 96%) | IL2_single_okuri(kun 96%) | B_verb_rad_言(kun 80%),訛:◆本来のものとは違った使い方をする、意図して誤った使い方をする◆偽(いつわ)る、騙(だま)す◆文字・言葉・意味・発音などが時代・世代・地域・環境などの違いで変化
kk_設ける_もうける,設ける,もうける,設:◆作る、作って据(す)える、拵(こしら)える◆据え置く、必要なものを揃えて並べ置く◆もし～、if,N1,kun,kun,IL1_okurigana(kun 96%) | IL2_single_okuri(kun 96%) | B_verb_rad_言(kun 80%),設:◆作る、作って据(す)える、拵(こしら)える◆据え置く、必要なものを揃えて並べ置く◆もし～、if
kk_設立_せつりつ,設立,せつりつ,設:◆作る、作って据(す)える、拵(こしら)える◆据え置く、必要なものを揃えて並べ置く◆もし～、if; 立:◆地(チ、地面、土台、基盤)に足を着け垂直にする、また垂直になる、地から上に向かって伸ばす、また伸びる◆しっかりとした土台を築いてその上にものを作り上げて行く、,N1,on,on+on,B_verb_rad_言(kun 80%),設:◆作る、作って据(す)える、拵(こしら)える◆据え置く、必要なものを揃えて並べ置く◆もし～、if; 立:◆地(チ、地面、土台、基盤)に足を着け垂直にする、また垂直になる、地から上に向かって伸ばす、また伸びる◆しっかりとした土台を築いてその上にものを作り上げて行く、
kk_許容_きょよう,許容,きょよう,許:◆ゆる・す、願いや話を聞き入れる、受け入れる◆ゆる・す、認める◆もと、～のところ(処、所)◆ばか・り、凡(おおよ)そ～、～程(ほど)◆「何許(カキョ)」◇何処(; 容:◆ものを器(うつわ)などの周りが囲まれているものの中に入れる、またそこに入っているもの、中身(なかみ)◆人や意見などを受け入れる、許す、認める◆顔の表情、姿形(,N1,on,on+on,A3_short_compound(on+on 71%) | B_verb_rad_言(kun 80%) | B_noun_rad_宀(kun 93%),許:◆ゆる・す、願いや話を聞き入れる、受け入れる◆ゆる・す、認める◆もと、～のところ(処、所)◆ばか・り、凡(おおよ)そ～、～程(ほど)◆「何許(カキョ)」◇何処(; 容:◆ものを器(うつわ)などの周りが囲まれているものの中に入れる、またそこに入っているもの、中身(なかみ)◆人や意見などを受け入れる、許す、認める◆顔の表情、姿形(
kk_訴訟_そしょう,訴訟,そしょう,訴:◆告げる、述べる◆「告訴(コクソ)」◇事情や状態を人に告げる◇不当・不正なことについて上に申し出て解決・是正を求める; 訟:◆口々に言い合う、言い争う、同「吅」◆法廷などの公(おおやけ)の場で理非曲直(リヒキョクチョク、理に適っているかどうか、正しいかどうか)について論争する,N1,on,on+on,A3_short_compound(on+on 71%) | B_verb_rad_言(kun 80%) | B_verb_rad_言(kun 80%),訴:◆告げる、述べる◆「告訴(コクソ)」◇事情や状態を人に告げる◇不当・不正なことについて上に申し出て解決・是正を求める; 訟:◆口々に言い合う、言い争う、同「吅」◆法廷などの公(おおやけ)の場で理非曲直(リヒキョクチョク、理に適っているかどうか、正しいかどうか)について論争する
kk_証_あかし,証,あかし,証:◆諌(いさ)める、過(あやま)ちを咎(とが)め正すよう意見する◆病気の徴候や状態、症状、同「症」◆正当であること(事実であること)を根拠を示して明らかにする、ま,N1,kun,kun,IL2_single_default(kun 84%) | B_verb_rad_言(kun 80%),証:◆諌(いさ)める、過(あやま)ちを咎(とが)め正すよう意見する◆病気の徴候や状態、症状、同「症」◆正当であること(事実であること)を根拠を示して明らかにする、ま
kk_証言_しょうげん,証言,しょうげん,証:◆諌(いさ)める、過(あやま)ちを咎(とが)め正すよう意見する◆病気の徴候や状態、症状、同「症」◆正当であること(事実であること)を根拠を示して明らかにする、ま; 言:◆相手に伝えたいことを声に出してはっきりと述べる、またその内容、またそのための語(ゴ、互いに意思の疎通を図るための言葉)◆字(ジ)、文字◆我(われ)、自分を指す,N1,on,on+on,B_verb_rad_言(kun 80%) | B_verb_rad_言(kun 80%),証:◆諌(いさ)める、過(あやま)ちを咎(とが)め正すよう意見する◆病気の徴候や状態、症状、同「症」◆正当であること(事実であること)を根拠を示して明らかにする、ま; 言:◆相手に伝えたいことを声に出してはっきりと述べる、またその内容、またそのための語(ゴ、互いに意思の疎通を図るための言葉)◆字(ジ)、文字◆我(われ)、自分を指す
kk_詐欺_さぎ,詐欺,さぎ,詐:◆言葉巧みに人を騙(だま)す、作り事(つくりごと)を言って欺(あざむ)く◆～のふりをする; 欺:◆偽(いつわ)る、騙(だま)す◆相手を軽(かろ)んじる、馬鹿にする,N1,on,on+on,A3_short_compound(on+on 71%) | B_verb_rad_言(kun 80%),詐:◆言葉巧みに人を騙(だま)す、作り事(つくりごと)を言って欺(あざむ)く◆～のふりをする; 欺:◆偽(いつわ)る、騙(だま)す◆相手を軽(かろ)んじる、馬鹿にする
kk_試み_こころみ,試み,こころみ,試:◆先(ま)ずはしてみる、また使ってみる、「試用(シヨウ)」,N1,kun,kun,IL1_okurigana(kun 96%) | IL2_single_okuri(kun 96%) | B_verb_rad_言(kun 80%),試:◆先(ま)ずはしてみる、また使ってみる、「試用(シヨウ)」
kk_試みる_こころみる,試みる,こころみる,試:◆先(ま)ずはしてみる、また使ってみる、「試用(シヨウ)」,N1,kun,kun,IL1_okurigana(kun 96%) | IL2_single_okuri(kun 96%) | B_verb_rad_言(kun 80%),試:◆先(ま)ずはしてみる、また使ってみる、「試用(シヨウ)」
kk_試案_しあん,試案,しあん,試:◆先(ま)ずはしてみる、また使ってみる、「試用(シヨウ)」; 案:◆机、テーブルtable、方形で比較的小さなものや低いものを指す、料理を載(の)せる脚付きの台や座った時に肘(ひじ)などを載せて体を凭(もた)れ掛ける脇息(キョ,N1,on,on+on,A3_short_compound(on+on 71%) | B_verb_rad_言(kun 80%) | B_noun_rad_木(kun 93%),試:◆先(ま)ずはしてみる、また使ってみる、「試用(シヨウ)」; 案:◆机、テーブルtable、方形で比較的小さなものや低いものを指す、料理を載(の)せる脚付きの台や座った時に肘(ひじ)などを載せて体を凭(もた)れ掛ける脇息(キョ
kk_試練_しれん,試練,しれん,試:◆先(ま)ずはしてみる、また使ってみる、「試用(シヨウ)」; 練:◆生糸や絹布を繰り返し煮て柔らかく白くする、同「湅」◆熟(こな)れていないものを繰り返し鍛(きた)える、鍛えて良いものにする◆習熟(シュウジュク)する、繰り返し,N1,on,on+on,A3_short_compound(on+on 71%) | B_verb_rad_言(kun 80%),試:◆先(ま)ずはしてみる、また使ってみる、「試用(シヨウ)」; 練:◆生糸や絹布を繰り返し煮て柔らかく白くする、同「湅」◆熟(こな)れていないものを繰り返し鍛(きた)える、鍛えて良いものにする◆習熟(シュウジュク)する、繰り返し
kk_試行_しこう,試行,しこう,試:◆先(ま)ずはしてみる、また使ってみる、「試用(シヨウ)」; 行:◆左足を前に出し(彳)次に右足を前に出す(亍)、足を交互に動かして前に進む◆目的とするところに向かって進む◆遠くに出掛ける、旅に出る◆道、人が往来する道路、同「,N1,on,on+on,A3_short_compound(on+on 71%) | B_verb_rad_言(kun 80%),試:◆先(ま)ずはしてみる、また使ってみる、「試用(シヨウ)」; 行:◆左足を前に出し(彳)次に右足を前に出す(亍)、足を交互に動かして前に進む◆目的とするところに向かって進む◆遠くに出掛ける、旅に出る◆道、人が往来する道路、同「
kk_試行錯誤_しこうさくご,試行錯誤,しこうさくご,試:◆先(ま)ずはしてみる、また使ってみる、「試用(シヨウ)」; 行:◆左足を前に出し(彳)次に右足を前に出す(亍)、足を交互に動かして前に進む◆目的とするところに向かって進む◆遠くに出掛ける、旅に出る◆道、人が往来する道路、同「; 錯:◆複雑に入り交(まじ)る、交互に入(い)り組む、きちんと揃っていない◆入れ違う、食い違う、行き違う、間違う◆砥石(といし)や鑢(やすり)などで磨く、また擦(こす,N1,on,on+on+on+on,A4_multi_on(on+on+on+on 65%) | B_verb_rad_言(kun 80%) | B_noun_rad_金(kun 93%),試:◆先(ま)ずはしてみる、また使ってみる、「試用(シヨウ)」; 行:◆左足を前に出し(彳)次に右足を前に出す(亍)、足を交互に動かして前に進む◆目的とするところに向かって進む◆遠くに出掛ける、旅に出る◆道、人が往来する道路、同「; 錯:◆複雑に入り交(まじ)る、交互に入(い)り組む、きちんと揃っていない◆入れ違う、食い違う、行き違う、間違う◆砥石(といし)や鑢(やすり)などで磨く、また擦(こす
kk_試飲_しいん,試飲,しいん,試:◆先(ま)ずはしてみる、また使ってみる、「試用(シヨウ)」; 飲:◆液状のもの(水・酒・汁など)を口に入れ噛(か)まずに嚥下(エンカ、エンゲ、咽下)する、またそのようにして体に取り入れる水・酒・汁など、同「㱃」、噛(か)んで胃,N1,on,on+on,A3_short_compound(on+on 71%) | B_verb_rad_言(kun 80%),試:◆先(ま)ずはしてみる、また使ってみる、「試用(シヨウ)」; 飲:◆液状のもの(水・酒・汁など)を口に入れ噛(か)まずに嚥下(エンカ、エンゲ、咽下)する、またそのようにして体に取り入れる水・酒・汁など、同「㱃」、噛(か)んで胃
kk_詰る_なじる,詰る,なじる,詰:◆厳(きび)しく問い責(せ)める◆追及(ツイキュウ)する、「詰問(キツモン、厳しく問い返事を迫る)」◆曲がる、屈(かが)む◆次の日、「詰旦(キッタン、次の日の明,N1,kun,kun,IL1_okurigana(kun 96%) | IL2_single_okuri(kun 96%) | B_verb_rad_言(kun 80%),詰:◆厳(きび)しく問い責(せ)める◆追及(ツイキュウ)する、「詰問(キツモン、厳しく問い返事を迫る)」◆曲がる、屈(かが)む◆次の日、「詰旦(キッタン、次の日の明
kk_該当_がいとう,該当,がいとう,該:◆軍中での取り決め、戦略、同「胲」◆隅々まで行き渡る、全体をカバーcoverする、同「賅」「晐」◆備わる、兼ね備わる、全てが揃(そろ)っている、漏れなく含む◆(; 当:◆正面からぶつかる、正面から向き合う、相対する、同「噹」◆適合する、相応しい◆受け持つ、引き受ける◆そうするべき、そうあるべき◆この(this)、今、此処(ここ,N1,on,on+on,B_verb_rad_言(kun 80%),該:◆軍中での取り決め、戦略、同「胲」◆隅々まで行き渡る、全体をカバーcoverする、同「賅」「晐」◆備わる、兼ね備わる、全てが揃(そろ)っている、漏れなく含む◆(; 当:◆正面からぶつかる、正面から向き合う、相対する、同「噹」◆適合する、相応しい◆受け持つ、引き受ける◆そうするべき、そうあるべき◆この(this)、今、此処(ここ
kk_詳細_しょうさい,詳細,しょうさい,詳:◆細かいことまで漏れがないさま◆細かく漏れがないように説明する、また報告する、また理解する◆漏らすことなく調べ論じて細部まで明らかにする; 細:◆小さい◆幅が狭い◆(細く)弱々しいさま、しなやかなさま◆(細部にまで亘って)詳(くわ)しい,N1,on,on+on,B_verb_rad_言(kun 80%),詳:◆細かいことまで漏れがないさま◆細かく漏れがないように説明する、また報告する、また理解する◆漏らすことなく調べ論じて細部まで明らかにする; 細:◆小さい◆幅が狭い◆(細く)弱々しいさま、しなやかなさま◆(細部にまで亘って)詳(くわ)しい
kk_誂える_あつらえる,誂える,あつらえる,誂:◆誘(さそ)う、言葉巧みにそうなるように仕向ける、唆(そそのか)してその気を起こさせる、同「挑」◆からかう、ふざけてからかう、馬鹿にする、同「𠻩」◆[日]あつら,N1,kun,kun,IL1_okurigana(kun 96%) | IL2_single_okuri(kun 96%) | B_verb_rad_言(kun 80%),誂:◆誘(さそ)う、言葉巧みにそうなるように仕向ける、唆(そそのか)してその気を起こさせる、同「挑」◆からかう、ふざけてからかう、馬鹿にする、同「𠻩」◆[日]あつら
kk_誇張_こちょう,誇張,こちょう,誇:◆話は大きく派手だが中身がないさま、話が大袈裟なさま、同簡「夸」◆[日]ほこ・り、自らの誉れとすること; 張:◆弓や弦楽器の弦(ゲン、つる)を弛(たる)まないように掛ける、二点間に糸や網などを渡す◆弛(ゆる)みがないようにぴんと伸ばす、皺(しわ)にならないようにぴんと延,N1,on,on+on,A3_short_compound(on+on 71%) | B_verb_rad_言(kun 80%),誇:◆話は大きく派手だが中身がないさま、話が大袈裟なさま、同簡「夸」◆[日]ほこ・り、自らの誉れとすること; 張:◆弓や弦楽器の弦(ゲン、つる)を弛(たる)まないように掛ける、二点間に糸や網などを渡す◆弛(ゆる)みがないようにぴんと伸ばす、皺(しわ)にならないようにぴんと延
kk_認知症_にんちしょう,認知症,にんちしょう,認:◆見分ける、それが何かを見定める◆しっかりと見定めて受け入れる、聞き入れる、納得(ナットク)する◆[日]したた・める、整える、(膳を整え)食事をする◆[日]した; 知:◆(矢のように素早く、矢が的の中央に当たるように的確に)認識する、見定める、「察知(サッチ)」「知識(チシキ)」、「智」は「見知ったことを理解しその正邪を正しく; 症:◆病気の状態、病状◆繁「癥」,N1,on,on+on+on,A4_multi_on(on+on+on 65%) | B_verb_rad_言(kun 80%),認:◆見分ける、それが何かを見定める◆しっかりと見定めて受け入れる、聞き入れる、納得(ナットク)する◆[日]したた・める、整える、(膳を整え)食事をする◆[日]した; 知:◆(矢のように素早く、矢が的の中央に当たるように的確に)認識する、見定める、「察知(サッチ)」「知識(チシキ)」、「智」は「見知ったことを理解しその正邪を正しく; 症:◆病気の状態、病状◆繁「癥」
kk_誘導_ゆうどう,誘導,ゆうどう,誘:◆道を示しながら先導する◆一緒に～するよう勧める、説いて～をさせる◆引き寄せる、引き起こす; 導:◆道案内する、手引きする、行く道を誤らないように手助けする、同「道」,N1,on,on+on,B_verb_rad_言(kun 80%),誘:◆道を示しながら先導する◆一緒に～するよう勧める、説いて～をさせる◆引き寄せる、引き起こす; 導:◆道案内する、手引きする、行く道を誤らないように手助けする、同「道」
kk_誘惑_ゆうわく,誘惑,ゆうわく,誘:◆道を示しながら先導する◆一緒に～するよう勧める、説いて～をさせる◆引き寄せる、引き起こす; 惑:◆あれこれと心が乱れる、どうしてよいか分からずに迷う、判断や区別が定まらない◆人を迷わせる,N1,on,on+on,B_verb_rad_言(kun 80%),誘:◆道を示しながら先導する◆一緒に～するよう勧める、説いて～をさせる◆引き寄せる、引き起こす; 惑:◆あれこれと心が乱れる、どうしてよいか分からずに迷う、判断や区別が定まらない◆人を迷わせる
kk_誘致_ゆうち,誘致,ゆうち,誘:◆道を示しながら先導する◆一緒に～するよう勧める、説いて～をさせる◆引き寄せる、引き起こす; 致:◆相手方まで持って行って届ける、「送致」◆招き寄せる、こちらまで来させる、「招致」◆～に至る、～に至らしめる、「致死」◆～という結果に行く着く、～になる、「一致,N1,on,on+on,A3_short_compound(on+on 71%) | B_verb_rad_言(kun 80%),誘:◆道を示しながら先導する◆一緒に～するよう勧める、説いて～をさせる◆引き寄せる、引き起こす; 致:◆相手方まで持って行って届ける、「送致」◆招き寄せる、こちらまで来させる、「招致」◆～に至る、～に至らしめる、「致死」◆～という結果に行く着く、～になる、「一致
kk_誠意_せいい,誠意,せいい,誠:◆真心(まごころ)、真実(シンジツ)◆言行(ゲンコウ、言葉と行為・行動)に嘘偽(うそいつわ)りがない◆真(まこと)に、本当に、嘘偽りなく; 意:◆心の中にあって外(言葉や態度・行動など)には出さない思いや考え、心の動きや働き、気持ち◆物事の内にあって表には現れ出ないもの、内に込められているもの,N1,on,on+on,A3_short_compound(on+on 71%) | B_verb_rad_言(kun 80%),誠:◆真心(まごころ)、真実(シンジツ)◆言行(ゲンコウ、言葉と行為・行動)に嘘偽(うそいつわ)りがない◆真(まこと)に、本当に、嘘偽りなく; 意:◆心の中にあって外(言葉や態度・行動など)には出さない思いや考え、心の動きや働き、気持ち◆物事の内にあって表には現れ出ないもの、内に込められているもの
kk_誤る_あやまる,誤る,あやまる,誤:◆間違う、本来の仕方(しかた、やり方・方法・手段など)を違(たが)える、理解・判断・行動の際の基準(基準の選択、基準の本来の意味)を取り違える◆判断を間違う、思,N1,kun,kun,IL1_okurigana(kun 96%) | IL2_single_okuri(kun 96%) | B_verb_rad_言(kun 80%),誤:◆間違う、本来の仕方(しかた、やり方・方法・手段など)を違(たが)える、理解・判断・行動の際の基準(基準の選択、基準の本来の意味)を取り違える◆判断を間違う、思
kk_誤作動_ごさどう,誤作動,ごさどう,誤:◆間違う、本来の仕方(しかた、やり方・方法・手段など)を違(たが)える、理解・判断・行動の際の基準(基準の選択、基準の本来の意味)を取り違える◆判断を間違う、思; 作:◆働(はたらく)く、力や手を加える、為(な)す、「作業(サギョウ)」「作為(サクイ)」◆力や手を加えることによって物事や状態を変化させる、また他に影響を与える、; 動:◆位置・姿勢・感情・状態・事情などが変わる、また変える、また変わり始める、「動作」「行動」「感動」◆やや・もすれば、どうかすると(～になる、～になりやすい),N1,on,on+on+on,A4_multi_on(on+on+on 65%) | B_verb_rad_言(kun 80%) | B_verb_rad_力(kun 80%),誤:◆間違う、本来の仕方(しかた、やり方・方法・手段など)を違(たが)える、理解・判断・行動の際の基準(基準の選択、基準の本来の意味)を取り違える◆判断を間違う、思; 作:◆働(はたらく)く、力や手を加える、為(な)す、「作業(サギョウ)」「作為(サクイ)」◆力や手を加えることによって物事や状態を変化させる、また他に影響を与える、; 動:◆位置・姿勢・感情・状態・事情などが変わる、また変える、また変わり始める、「動作」「行動」「感動」◆やや・もすれば、どうかすると(～になる、～になりやすい)
kk_誤差_ごさ,誤差,ごさ,誤:◆間違う、本来の仕方(しかた、やり方・方法・手段など)を違(たが)える、理解・判断・行動の際の基準(基準の選択、基準の本来の意味)を取り違える◆判断を間違う、思; 差:◆違いがある、揃(そろ)わない◆引き算をした時に余りが出る、またその時の余り◆(同じ差ごとに)区分けする、区別する◆やや～(違う、差がある、不足する、など)◆使,N1,on,on+on,A3_short_compound(on+on 71%) | B_verb_rad_言(kun 80%),誤:◆間違う、本来の仕方(しかた、やり方・方法・手段など)を違(たが)える、理解・判断・行動の際の基準(基準の選択、基準の本来の意味)を取り違える◆判断を間違う、思; 差:◆違いがある、揃(そろ)わない◆引き算をした時に余りが出る、またその時の余り◆(同じ差ごとに)区分けする、区別する◆やや～(違う、差がある、不足する、など)◆使
kk_誤魔化す_ごまかす,誤魔化す,ごまかす,誤:◆間違う、本来の仕方(しかた、やり方・方法・手段など)を違(たが)える、理解・判断・行動の際の基準(基準の選択、基準の本来の意味)を取り違える◆判断を間違う、思; 魔:◆心を乱し惑わせ、悟りを開くための修行を妨(さまた)げようとする悪神、「魔羅(マラ、Māra[梵]の音写)」◆人の心に入り込み、道から外(はず)れるように誘い仕; 化:◆性質・形状・状態などが元とは全く違ったものに変わる、まだ元の様子が分かる程度の変化は「変」◆他の影響を受けて、また時間を経ることによって考えや態度などが変わる,N1,on,on+on+on~,IL1_okurigana(kun 96%) | A1_compound_oku(kun 90%) | A1_on_kun_mix(on+kun 65%),誤:◆間違う、本来の仕方(しかた、やり方・方法・手段など)を違(たが)える、理解・判断・行動の際の基準(基準の選択、基準の本来の意味)を取り違える◆判断を間違う、思; 魔:◆心を乱し惑わせ、悟りを開くための修行を妨(さまた)げようとする悪神、「魔羅(マラ、Māra[梵]の音写)」◆人の心に入り込み、道から外(はず)れるように誘い仕; 化:◆性質・形状・状態などが元とは全く違ったものに変わる、まだ元の様子が分かる程度の変化は「変」◆他の影響を受けて、また時間を経ることによって考えや態度などが変わる
kk_説く_とく,説く,とく,説:◆解き明かす、解釈する、またそれを言葉にしたもの◆あることに対する意見◆意味することが分かるように順序立てて話す,N1,kun,kun,IL1_okurigana(kun 96%) | IL2_single_okuri(kun 96%) | B_verb_rad_言(kun 80%),説:◆解き明かす、解釈する、またそれを言葉にしたもの◆あることに対する意見◆意味することが分かるように順序立てて話す
kk_説教_せっきょう,説教,せっきょう,説:◆解き明かす、解釈する、またそれを言葉にしたもの◆あることに対する意見◆意味することが分かるように順序立てて話す; 教:◆自分の持つ知識・技術などをそれを持たない他の人に授(さず)ける、また見習わせる、またその内容、教えを受け見て倣い習得することを「学」◆神仏の説く道、道を示し導,N1,on,on+on,B_verb_rad_言(kun 80%),説:◆解き明かす、解釈する、またそれを言葉にしたもの◆あることに対する意見◆意味することが分かるように順序立てて話す; 教:◆自分の持つ知識・技術などをそれを持たない他の人に授(さず)ける、また見習わせる、またその内容、教えを受け見て倣い習得することを「学」◆神仏の説く道、道を示し導
kk_読み上げる_よみあげる,読み上げる,よみあげる,読:◆文章を内容が理解しやすいように区切りながら抑揚(ヨクヨウ)をつけながら声に出す◆文の中に置く読みの区切り、「、」で表す、コンマcomma、「読点、逗点(トウテ; 上:◆位置・場所・地位などが高い、高い方にある◆高い方に移る、昇る、登る◆順序・時間などが前、前の方にある◆前の方に移る◆等級・品質などが高い、優れている◆殿様、皇,N1,kun,kun+kun~,IL1_okurigana(kun 96%) | A1_compound_oku(kun 90%) | A1_on_kun_mix(on+kun 65%),読:◆文章を内容が理解しやすいように区切りながら抑揚(ヨクヨウ)をつけながら声に出す◆文の中に置く読みの区切り、「、」で表す、コンマcomma、「読点、逗点(トウテ; 上:◆位置・場所・地位などが高い、高い方にある◆高い方に移る、昇る、登る◆順序・時間などが前、前の方にある◆前の方に移る◆等級・品質などが高い、優れている◆殿様、皇
kk_課する_かする,課する,かする,課:◆成果(セイカ)・結果(ケッカ)がどうか(どうなるか)を調べる、試(ため)す◆官吏(カンリ)登用の試験(シケン)◆税(ゼイ)、国や領主に納(おさ)める金銭・収穫,N1,on,on~,IL1_okurigana(kun 96%) | IL2_single_okuri(kun 96%) | B_verb_rad_言(kun 80%),課:◆成果(セイカ)・結果(ケッカ)がどうか(どうなるか)を調べる、試(ため)す◆官吏(カンリ)登用の試験(シケン)◆税(ゼイ)、国や領主に納(おさ)める金銭・収穫
kk_調停_ちょうてい,調停,ちょうてい,調:◆整える、釣り合いを取る、バランスbalanceを取る、不均衡・不公平などでない状態にする、不快感・違和感などを感じない状態に整える、「調和(チョウワ)」◆音律; 停:◆連続・継続する動きや流れ(道程・工程・時間・年月など)の途中で一旦(イッタン、少しの間、一時的に)同じ場所や状態に留(とど)まる、同「亭」◆止(とど)まる、止,N1,on,on+on,B_verb_rad_言(kun 80%),調:◆整える、釣り合いを取る、バランスbalanceを取る、不均衡・不公平などでない状態にする、不快感・違和感などを感じない状態に整える、「調和(チョウワ)」◆音律; 停:◆連続・継続する動きや流れ(道程・工程・時間・年月など)の途中で一旦(イッタン、少しの間、一時的に)同じ場所や状態に留(とど)まる、同「亭」◆止(とど)まる、止
kk_調印_ちょういん,調印,ちょういん,調:◆整える、釣り合いを取る、バランスbalanceを取る、不均衡・不公平などでない状態にする、不快感・違和感などを感じない状態に整える、「調和(チョウワ)」◆音律; 印:◆しるし、真正(シンセイ)であることの証(あかし)とするもの、それであることを見分けるための標(しるし)◆判子(はんこ)、特に公的な印鑑を指す◆木や石や金属に文,N1,on,on+on,B_verb_rad_言(kun 80%),調:◆整える、釣り合いを取る、バランスbalanceを取る、不均衡・不公平などでない状態にする、不快感・違和感などを感じない状態に整える、「調和(チョウワ)」◆音律; 印:◆しるし、真正(シンセイ)であることの証(あかし)とするもの、それであることを見分けるための標(しるし)◆判子(はんこ)、特に公的な印鑑を指す◆木や石や金属に文
kk_調和_ちょうわ,調和,ちょうわ,調:◆整える、釣り合いを取る、バランスbalanceを取る、不均衡・不公平などでない状態にする、不快感・違和感などを感じない状態に整える、「調和(チョウワ)」◆音律; 和:◆大き過ぎず小さ過ぎない、硬過ぎず柔らか過ぎない、暑過ぎず寒過ぎない、釣り合いが取れてちょうどよいさま、程好(ほどよ)いさま、適度なさま◆気に掛ることも気に障る,N1,on,on+on,A3_short_compound(on+on 71%) | B_verb_rad_言(kun 80%),調:◆整える、釣り合いを取る、バランスbalanceを取る、不均衡・不公平などでない状態にする、不快感・違和感などを感じない状態に整える、「調和(チョウワ)」◆音律; 和:◆大き過ぎず小さ過ぎない、硬過ぎず柔らか過ぎない、暑過ぎず寒過ぎない、釣り合いが取れてちょうどよいさま、程好(ほどよ)いさま、適度なさま◆気に掛ることも気に障る
kk_調理_ちょうり,調理,ちょうり,調:◆整える、釣り合いを取る、バランスbalanceを取る、不均衡・不公平などでない状態にする、不快感・違和感などを感じない状態に整える、「調和(チョウワ)」◆音律; 理:◆玉(ギョク、大変美しい石)の筋目(すじめ)、規則正しく並んだ筋目◆物事の正しい筋道◆筋道を立てる、また立っている、筋を通す、また通っている◆筋道に沿って判断す,N1,on,on+on,A3_short_compound(on+on 71%) | B_verb_rad_言(kun 80%),調:◆整える、釣り合いを取る、バランスbalanceを取る、不均衡・不公平などでない状態にする、不快感・違和感などを感じない状態に整える、「調和(チョウワ)」◆音律; 理:◆玉(ギョク、大変美しい石)の筋目(すじめ)、規則正しく並んだ筋目◆物事の正しい筋道◆筋道を立てる、また立っている、筋を通す、また通っている◆筋道に沿って判断す
kk_調達_ちょうたつ,調達,ちょうたつ,調:◆整える、釣り合いを取る、バランスbalanceを取る、不均衡・不公平などでない状態にする、不快感・違和感などを感じない状態に整える、「調和(チョウワ)」◆音律; 達:◆道が滞(とどこお)ることなく通じる◆目的とするところまで行き着く、また届く◆目標としたことを成し遂げる◆物事の奥深くまで通じる、また理解する◆[日]だち、たち,N1,on,on+on,B_verb_rad_言(kun 80%),調:◆整える、釣り合いを取る、バランスbalanceを取る、不均衡・不公平などでない状態にする、不快感・違和感などを感じない状態に整える、「調和(チョウワ)」◆音律; 達:◆道が滞(とどこお)ることなく通じる◆目的とするところまで行き着く、また届く◆目標としたことを成し遂げる◆物事の奥深くまで通じる、また理解する◆[日]だち、たち
kk_請け合う_うけあう,請け合う,うけあう,請:◆乞(こ)う、頼む、頼みごとをする、君主や神仏などにお願いする◆どうか(～して下さい)◆招く、招きに応(こた)えて来てくれた人を大切にもてなす◆依頼を受ける、頼; 合:◆人や物が集まって一緒になる、また一つになる◆幾つかのものを集め一緒にする、幾つかのものが集まり同じになる◆同じものを纏(まと)めた全体◆ぴったりと一致する、当,N1,kun,kun+kun~,IL1_okurigana(kun 96%) | A1_compound_oku(kun 90%) | A1_on_kun_mix(on+kun 65%),請:◆乞(こ)う、頼む、頼みごとをする、君主や神仏などにお願いする◆どうか(～して下さい)◆招く、招きに応(こた)えて来てくれた人を大切にもてなす◆依頼を受ける、頼; 合:◆人や物が集まって一緒になる、また一つになる◆幾つかのものを集め一緒にする、幾つかのものが集まり同じになる◆同じものを纏(まと)めた全体◆ぴったりと一致する、当
kk_請け負う_うけおう,請け負う,うけおう,請:◆乞(こ)う、頼む、頼みごとをする、君主や神仏などにお願いする◆どうか(～して下さい)◆招く、招きに応(こた)えて来てくれた人を大切にもてなす◆依頼を受ける、頼; 負:◆荷を背に載(の)せる、肩は「擔」「担」◆荷や仕事や責任などを引き受ける、「重い荷を背負う」の意◆(背後にあるものを)頼る、頼りにする、当てにする◆背を向ける、,N1,kun,kun+kun~,IL1_okurigana(kun 96%) | A1_compound_oku(kun 90%) | A1_on_kun_mix(on+kun 65%),請:◆乞(こ)う、頼む、頼みごとをする、君主や神仏などにお願いする◆どうか(～して下さい)◆招く、招きに応(こた)えて来てくれた人を大切にもてなす◆依頼を受ける、頼; 負:◆荷を背に載(の)せる、肩は「擔」「担」◆荷や仕事や責任などを引き受ける、「重い荷を背負う」の意◆(背後にあるものを)頼る、頼りにする、当てにする◆背を向ける、
kk_論理_ろんり,論理,ろんり,論:◆理(リ、道理ドウリ、筋目すじめ)に沿って考える、理に適(かな)った考え◆きちんと筋道(すじみち、道理)に沿って(順序立てて)述べる◆道理(筋や理)に照らして物; 理:◆玉(ギョク、大変美しい石)の筋目(すじめ)、規則正しく並んだ筋目◆物事の正しい筋道◆筋道を立てる、また立っている、筋を通す、また通っている◆筋道に沿って判断す,N1,on,on+on,A3_short_compound(on+on 71%) | B_verb_rad_言(kun 80%),論:◆理(リ、道理ドウリ、筋目すじめ)に沿って考える、理に適(かな)った考え◆きちんと筋道(すじみち、道理)に沿って(順序立てて)述べる◆道理(筋や理)に照らして物; 理:◆玉(ギョク、大変美しい石)の筋目(すじめ)、規則正しく並んだ筋目◆物事の正しい筋道◆筋道を立てる、また立っている、筋を通す、また通っている◆筋道に沿って判断す
kk_論議_ろんぎ,論議,ろんぎ,論:◆理(リ、道理ドウリ、筋目すじめ)に沿って考える、理に適(かな)った考え◆きちんと筋道(すじみち、道理)に沿って(順序立てて)述べる◆道理(筋や理)に照らして物; 議:◆互いに意見を交わし合う◆物事の是非について意見を交わし合う、またそれよって適切な結論を得る◆文章様式の一種で、物事の理非についての意見を記述したもの,N1,on,on+on,A3_short_compound(on+on 71%) | B_verb_rad_言(kun 80%) | B_verb_rad_言(kun 80%),論:◆理(リ、道理ドウリ、筋目すじめ)に沿って考える、理に適(かな)った考え◆きちんと筋道(すじみち、道理)に沿って(順序立てて)述べる◆道理(筋や理)に照らして物; 議:◆互いに意見を交わし合う◆物事の是非について意見を交わし合う、またそれよって適切な結論を得る◆文章様式の一種で、物事の理非についての意見を記述したもの
kk_諦め_あきらめ,諦め,あきらめ,諦:◆詳細に調べる、また調べて細部まで明らかにする◆真理、物事のあるべき姿◆[日]あきら・める、やむを得ず途中で止(や)める,N1,kun,kun,IL1_okurigana(kun 96%) | IL2_single_okuri(kun 96%) | B_verb_rad_言(kun 80%),諦:◆詳細に調べる、また調べて細部まで明らかにする◆真理、物事のあるべき姿◆[日]あきら・める、やむを得ず途中で止(や)める
kk_諭す_さとす,諭す,さとす,諭:◆分からない点・疑問に思っている点・誤っている点などについて(例を引いて)分かりやすく説明し理解させる、同「喩」◆譬(たと)える、理解を促(うなが)すために別の,N1,kun,kun,IL1_okurigana(kun 96%) | IL2_single_okuri(kun 96%) | B_verb_rad_言(kun 80%),諭:◆分からない点・疑問に思っている点・誤っている点などについて(例を引いて)分かりやすく説明し理解させる、同「喩」◆譬(たと)える、理解を促(うなが)すために別の
kk_諮る_はかる,諮る,はかる,諮:◆上位者が下位者に意見や助言を求める、同「咨」、「諮問(シモン)」,N1,kun,kun,IL1_okurigana(kun 96%) | IL2_single_okuri(kun 96%) | B_verb_rad_言(kun 80%),諮:◆上位者が下位者に意見や助言を求める、同「咨」、「諮問(シモン)」
kk_謙る/遜る_へりくだる,謙る/遜る,へりくだる,謙:◆人を敬い譲って自分は控え目にする、慎み深い◆快いさま、心が満たされるさま、心穏やかなさま、同「慊」; 遜:◆へりくだ・る、他を敬って自ら一歩退(ひ)く、自ら一歩退(しりぞ)き控え目に振る舞う◆自ら地位などを退(しりぞ)き他に譲る◆逃(のが)れ身を隠す、同「遁」,N1,kun,kun+kun~,IL1_okurigana(kun 96%) | A1_compound_oku(kun 90%) | A1_on_kun_mix(on+kun 65%),謙:◆人を敬い譲って自分は控え目にする、慎み深い◆快いさま、心が満たされるさま、心穏やかなさま、同「慊」; 遜:◆へりくだ・る、他を敬って自ら一歩退(ひ)く、自ら一歩退(しりぞ)き控え目に振る舞う◆自ら地位などを退(しりぞ)き他に譲る◆逃(のが)れ身を隠す、同「遁」
kk_講壇_こうだん,講壇,こうだん,講:◆相手に分かるように説(と)く、解説・説明する◆互いに相手の立場を理解し合う、和解(ワカイ)する、「講解(コウカイ)」「講和(コウワ)」; 壇:◆周(まわ)りよりも一段と高く土を盛り上を平らにしたところ、祭祀(サイシ)や天子と諸侯の会見・会盟などを執(と)り行う際に上る台◆周りよりも一段と高く上が平らな,N1,on,on+on,B_verb_rad_言(kun 80%),講:◆相手に分かるように説(と)く、解説・説明する◆互いに相手の立場を理解し合う、和解(ワカイ)する、「講解(コウカイ)」「講和(コウワ)」; 壇:◆周(まわ)りよりも一段と高く土を盛り上を平らにしたところ、祭祀(サイシ)や天子と諸侯の会見・会盟などを執(と)り行う際に上る台◆周りよりも一段と高く上が平らな
kk_講習_こうしゅう,講習,こうしゅう,講:◆相手に分かるように説(と)く、解説・説明する◆互いに相手の立場を理解し合う、和解(ワカイ)する、「講解(コウカイ)」「講和(コウワ)」; 習:◆何度も繰り返す、何度も繰り返すことによって身に付ける、同「慣」◆なら・わし、繰り返されることで身に付いたこと、普段から繰り返し行われること、同「慣」,N1,on,on+on,B_verb_rad_言(kun 80%),講:◆相手に分かるように説(と)く、解説・説明する◆互いに相手の立場を理解し合う、和解(ワカイ)する、「講解(コウカイ)」「講和(コウワ)」; 習:◆何度も繰り返す、何度も繰り返すことによって身に付ける、同「慣」◆なら・わし、繰り返されることで身に付いたこと、普段から繰り返し行われること、同「慣」
kk_講読_こうどく,講読,こうどく,講:◆相手に分かるように説(と)く、解説・説明する◆互いに相手の立場を理解し合う、和解(ワカイ)する、「講解(コウカイ)」「講和(コウワ)」; 読:◆文章を内容が理解しやすいように区切りながら抑揚(ヨクヨウ)をつけながら声に出す◆文の中に置く読みの区切り、「、」で表す、コンマcomma、「読点、逗点(トウテ,N1,on,on+on,B_verb_rad_言(kun 80%) | B_verb_rad_言(kun 80%),講:◆相手に分かるように説(と)く、解説・説明する◆互いに相手の立場を理解し合う、和解(ワカイ)する、「講解(コウカイ)」「講和(コウワ)」; 読:◆文章を内容が理解しやすいように区切りながら抑揚(ヨクヨウ)をつけながら声に出す◆文の中に置く読みの区切り、「、」で表す、コンマcomma、「読点、逗点(トウテ
kk_謝意_しゃい,謝意,しゃい,謝:◆相手の誘いや勧(すす)めに、ありがたくは思うが、応(こた)えられない旨(感謝しつつも断りの言葉)を述べる、詫(わ)びて断る、辞退する、「謝絶(シャゼツ)」◆別; 意:◆心の中にあって外(言葉や態度・行動など)には出さない思いや考え、心の動きや働き、気持ち◆物事の内にあって表には現れ出ないもの、内に込められているもの,N1,on,on+on,A3_short_compound(on+on 71%) | B_verb_rad_言(kun 80%),謝:◆相手の誘いや勧(すす)めに、ありがたくは思うが、応(こた)えられない旨(感謝しつつも断りの言葉)を述べる、詫(わ)びて断る、辞退する、「謝絶(シャゼツ)」◆別; 意:◆心の中にあって外(言葉や態度・行動など)には出さない思いや考え、心の動きや働き、気持ち◆物事の内にあって表には現れ出ないもの、内に込められているもの
kk_謝絶_しゃぜつ,謝絶,しゃぜつ,謝:◆相手の誘いや勧(すす)めに、ありがたくは思うが、応(こた)えられない旨(感謝しつつも断りの言葉)を述べる、詫(わ)びて断る、辞退する、「謝絶(シャゼツ)」◆別; 絶:◆(一本の糸・続いているもの・繋がっているものを途中で)断(た)ち切る、切り離す、同「𢇍」「𠤉」◆きっぱりと分(わ)かつ◆(それまで続いていたもの・繋がっていた,N1,on,on+on,A3_short_compound(on+on 71%) | B_verb_rad_言(kun 80%),謝:◆相手の誘いや勧(すす)めに、ありがたくは思うが、応(こた)えられない旨(感謝しつつも断りの言葉)を述べる、詫(わ)びて断る、辞退する、「謝絶(シャゼツ)」◆別; 絶:◆(一本の糸・続いているもの・繋がっているものを途中で)断(た)ち切る、切り離す、同「𢇍」「𠤉」◆きっぱりと分(わ)かつ◆(それまで続いていたもの・繋がっていた
kk_謝罪_しゃざい,謝罪,しゃざい,謝:◆相手の誘いや勧(すす)めに、ありがたくは思うが、応(こた)えられない旨(感謝しつつも断りの言葉)を述べる、詫(わ)びて断る、辞退する、「謝絶(シャゼツ)」◆別; 罪:◆魚を獲(と)るための竹製の網◆法(ホウ)を犯す、法に反する、またそのような行為、罰せられるべき過(あやま)ち、またそのような行為をした者、またそのような者を罰,N1,on,on+on,A3_short_compound(on+on 71%) | B_verb_rad_言(kun 80%),謝:◆相手の誘いや勧(すす)めに、ありがたくは思うが、応(こた)えられない旨(感謝しつつも断りの言葉)を述べる、詫(わ)びて断る、辞退する、「謝絶(シャゼツ)」◆別; 罪:◆魚を獲(と)るための竹製の網◆法(ホウ)を犯す、法に反する、またそのような行為、罰せられるべき過(あやま)ち、またそのような行為をした者、またそのような者を罰
kk_警戒_けいかい,警戒,けいかい,警:◆戒(いまし)める、注意(チュウイ、意を注ぐ)し用心(ヨウジン、心を用いる)させる、また注意し用心する、「警戒(ケイカイ)」◆注意し用心するよう促(うなが)す、; 戒:◆気を引き締めて用心する、憂いがないように備(そな)える◆自ら言動を慎む◆誡(いまし)める、強く注意して悟らせる、過(あやま)たないように教え諭す、同「誡」,N1,on,on+on,B_verb_rad_言(kun 80%),警:◆戒(いまし)める、注意(チュウイ、意を注ぐ)し用心(ヨウジン、心を用いる)させる、また注意し用心する、「警戒(ケイカイ)」◆注意し用心するよう促(うなが)す、; 戒:◆気を引き締めて用心する、憂いがないように備(そな)える◆自ら言動を慎む◆誡(いまし)める、強く注意して悟らせる、過(あやま)たないように教え諭す、同「誡」
kk_議事堂_ぎじどう,議事堂,ぎじどう,議:◆互いに意見を交わし合う◆物事の是非について意見を交わし合う、またそれよって適切な結論を得る◆文章様式の一種で、物事の理非についての意見を記述したもの; 事:◆こと、動作・現象・状態など形のないものを指す語、形のあるものは「物」、「事情(ジジョウ、ことの様子)」「無事(ブジ、何事もないさま)」◆職(ショク)、仕事や役; 堂:◆賓客の接待や重要な行事などに使われる最も正式な建物、高く大きな建物、重要な建物、どちらも南向きで前が大きく開けているものをいう◆政(まつりごと)や祭礼を行うた,N1,on,on+on+on,A4_multi_on(on+on+on 65%) | B_verb_rad_言(kun 80%),議:◆互いに意見を交わし合う◆物事の是非について意見を交わし合う、またそれよって適切な結論を得る◆文章様式の一種で、物事の理非についての意見を記述したもの; 事:◆こと、動作・現象・状態など形のないものを指す語、形のあるものは「物」、「事情(ジジョウ、ことの様子)」「無事(ブジ、何事もないさま)」◆職(ショク)、仕事や役; 堂:◆賓客の接待や重要な行事などに使われる最も正式な建物、高く大きな建物、重要な建物、どちらも南向きで前が大きく開けているものをいう◆政(まつりごと)や祭礼を行うた
kk_議決_ぎけつ,議決,ぎけつ,議:◆互いに意見を交わし合う◆物事の是非について意見を交わし合う、またそれよって適切な結論を得る◆文章様式の一種で、物事の理非についての意見を記述したもの; 決:◆堤(つつみ)などが破(やぶ)れる、また(堤防などが破れて)水が流れ出る◆破る、突き破る◆(妨げとなっている物や事を突き破って、押し退けて)きっぱりと、「決断(,N1,on,on+on,A3_short_compound(on+on 71%) | B_verb_rad_言(kun 80%),議:◆互いに意見を交わし合う◆物事の是非について意見を交わし合う、またそれよって適切な結論を得る◆文章様式の一種で、物事の理非についての意見を記述したもの; 決:◆堤(つつみ)などが破(やぶ)れる、また(堤防などが破れて)水が流れ出る◆破る、突き破る◆(妨げとなっている物や事を突き破って、押し退けて)きっぱりと、「決断(
kk_譲歩_じょうほ,譲歩,じょうほ,譲:◆自ら退(しりぞ)き他人を先にする◆位・場所・立場などから自ら退き空いたところを人に進める、対価を求めずに人に渡す◆控え目に(他人の先に出ることがないように)振; 歩:◆片足を地に着け止め、残る片足を前に運んで止める、という動作を左右の足で交互に繰り返す、この動作を速く繰り返すことを「走」◆物事が前に進む、またその進み具合◆左,N1,on,on+on,A3_short_compound(on+on 71%) | B_verb_rad_言(kun 80%),譲:◆自ら退(しりぞ)き他人を先にする◆位・場所・立場などから自ら退き空いたところを人に進める、対価を求めずに人に渡す◆控え目に(他人の先に出ることがないように)振; 歩:◆片足を地に着け止め、残る片足を前に運んで止める、という動作を左右の足で交互に繰り返す、この動作を速く繰り返すことを「走」◆物事が前に進む、またその進み具合◆左
kk_負う_おう,負う,おう,負:◆荷を背に載(の)せる、肩は「擔」「担」◆荷や仕事や責任などを引き受ける、「重い荷を背負う」の意◆(背後にあるものを)頼る、頼りにする、当てにする◆背を向ける、,N1,kun,kun,IL1_okurigana(kun 96%) | IL2_single_okuri(kun 96%),負:◆荷を背に載(の)せる、肩は「擔」「担」◆荷や仕事や責任などを引き受ける、「重い荷を背負う」の意◆(背後にあるものを)頼る、頼りにする、当てにする◆背を向ける、
kk_負債_ふさい,負債,ふさい,負:◆荷を背に載(の)せる、肩は「擔」「担」◆荷や仕事や責任などを引き受ける、「重い荷を背負う」の意◆(背後にあるものを)頼る、頼りにする、当てにする◆背を向ける、; 債:◆清算すべき責(せき、果たすべきこと、為すべきこと)を負う借り貸し◆「債務(さいむ)」、借りたものを返すべき義務◆「債権(さいけん)」、貸したものを返してもらう,N1,on,on+on,A3_short_compound(on+on 71%),負:◆荷を背に載(の)せる、肩は「擔」「担」◆荷や仕事や責任などを引き受ける、「重い荷を背負う」の意◆(背後にあるものを)頼る、頼りにする、当てにする◆背を向ける、; 債:◆清算すべき責(せき、果たすべきこと、為すべきこと)を負う借り貸し◆「債務(さいむ)」、借りたものを返すべき義務◆「債権(さいけん)」、貸したものを返してもらう
kk_財_ざい,財,ざい,財:◆金銭・品物・土地・知識・人材などの有用なもの、同「材」◆金銭・品物・土地・知識・人材などの価値のあるもの、宝、富(とみ)◆形を整える、同「裁」◆僅(わず)か、,N1,on,on,IL2_on_only(on 99%),財:◆金銭・品物・土地・知識・人材などの有用なもの、同「材」◆金銭・品物・土地・知識・人材などの価値のあるもの、宝、富(とみ)◆形を整える、同「裁」◆僅(わず)か、
kk_財務_ざいむ,財務,ざいむ,財:◆金銭・品物・土地・知識・人材などの有用なもの、同「材」◆金銭・品物・土地・知識・人材などの価値のあるもの、宝、富(とみ)◆形を整える、同「裁」◆僅(わず)か、; 務:◆成すべきこと、ひたすら力を注(そそ)ぐべきこと◆努(つと)める、成すべきことにひたすら力を尽くす、同「敄」◆強(し)いて、押して、無理にでも,N1,on,on+on,A3_short_compound(on+on 71%) | B_verb_rad_力(kun 80%),財:◆金銭・品物・土地・知識・人材などの有用なもの、同「材」◆金銭・品物・土地・知識・人材などの価値のあるもの、宝、富(とみ)◆形を整える、同「裁」◆僅(わず)か、; 務:◆成すべきこと、ひたすら力を注(そそ)ぐべきこと◆努(つと)める、成すべきことにひたすら力を尽くす、同「敄」◆強(し)いて、押して、無理にでも
kk_財政_ざいせい,財政,ざいせい,財:◆金銭・品物・土地・知識・人材などの有用なもの、同「材」◆金銭・品物・土地・知識・人材などの価値のあるもの、宝、富(とみ)◆形を整える、同「裁」◆僅(わず)か、; 政:◆正(ただ)す、正しくする、同「正」◆社会などの秩序(チツジョ)を公正・公平に保(たも)つこと、またその仕事、またその手順・方法、「政治(セイジ、国を治めること,N1,on,on+on,,財:◆金銭・品物・土地・知識・人材などの有用なもの、同「材」◆金銭・品物・土地・知識・人材などの価値のあるもの、宝、富(とみ)◆形を整える、同「裁」◆僅(わず)か、; 政:◆正(ただ)す、正しくする、同「正」◆社会などの秩序(チツジョ)を公正・公平に保(たも)つこと、またその仕事、またその手順・方法、「政治(セイジ、国を治めること
kk_財源_ざいげん,財源,ざいげん,財:◆金銭・品物・土地・知識・人材などの有用なもの、同「材」◆金銭・品物・土地・知識・人材などの価値のあるもの、宝、富(とみ)◆形を整える、同「裁」◆僅(わず)か、; 源:◆地下水が地表に湧(わ)き出るところ、同「厵」「原」◆物事の始まり、物事の大本(おおもと)、物事の根本(コンポン)、物事の基本、同「原」,N1,on,on+on,,財:◆金銭・品物・土地・知識・人材などの有用なもの、同「材」◆金銭・品物・土地・知識・人材などの価値のあるもの、宝、富(とみ)◆形を整える、同「裁」◆僅(わず)か、; 源:◆地下水が地表に湧(わ)き出るところ、同「厵」「原」◆物事の始まり、物事の大本(おおもと)、物事の根本(コンポン)、物事の基本、同「原」
kk_貧乏_びんぼう,貧乏,びんぼう,貧:◆貯(たくわ)えが乏(とぼ)しい、生活するための財貨が足りていない、「貧乏(ビンボウ)」「貧困(ヒンコン)」◆経験や知識が足りていない、「貧僧(ヒンソウ、僧侶の; 乏:◆貯(たくわ)えが底を突く、金や物や力が尽きる、同「匱」◆空(あ)く、空(から)になる◆矢を遮(さえぎ)る盾(たて)、また衝立(ついたて)¶「正」を左右に反転さ,N1,on,on+on,,貧:◆貯(たくわ)えが乏(とぼ)しい、生活するための財貨が足りていない、「貧乏(ビンボウ)」「貧困(ヒンコン)」◆経験や知識が足りていない、「貧僧(ヒンソウ、僧侶の; 乏:◆貯(たくわ)えが底を突く、金や物や力が尽きる、同「匱」◆空(あ)く、空(から)になる◆矢を遮(さえぎ)る盾(たて)、また衝立(ついたて)¶「正」を左右に反転さ
kk_貧弱_ひんじゃく,貧弱,ひんじゃく,貧:◆貯(たくわ)えが乏(とぼ)しい、生活するための財貨が足りていない、「貧乏(ビンボウ)」「貧困(ヒンコン)」◆経験や知識が足りていない、「貧僧(ヒンソウ、僧侶の; 弱:◆(何かをするために必要な)力が十分でない、力が足りない、力が劣(おと)っている、力強さがない◆やや足りない、やや及ばない◆衰(おとろ)える、力強さがなくなる◆,N1,on,on+on,,貧:◆貯(たくわ)えが乏(とぼ)しい、生活するための財貨が足りていない、「貧乏(ビンボウ)」「貧困(ヒンコン)」◆経験や知識が足りていない、「貧僧(ヒンソウ、僧侶の; 弱:◆(何かをするために必要な)力が十分でない、力が足りない、力が劣(おと)っている、力強さがない◆やや足りない、やや及ばない◆衰(おとろ)える、力強さがなくなる◆
kk_貧血_ひんけつ,貧血,ひんけつ,貧:◆貯(たくわ)えが乏(とぼ)しい、生活するための財貨が足りていない、「貧乏(ビンボウ)」「貧困(ヒンコン)」◆経験や知識が足りていない、「貧僧(ヒンソウ、僧侶の; 血:◆動物の体内を循環し養分や老廃物を運ぶ役目をする液体◆同じ親を持つ人、またその人たちの代々の繋(つな)がり◆「血気(ケッキ)」、体を維持する血液と体を動かす気力,N1,on,on+on,,貧:◆貯(たくわ)えが乏(とぼ)しい、生活するための財貨が足りていない、「貧乏(ビンボウ)」「貧困(ヒンコン)」◆経験や知識が足りていない、「貧僧(ヒンソウ、僧侶の; 血:◆動物の体内を循環し養分や老廃物を運ぶ役目をする液体◆同じ親を持つ人、またその人たちの代々の繋(つな)がり◆「血気(ケッキ)」、体を維持する血液と体を動かす気力
kk_販路_はんろ,販路,はんろ,販:◆品物を安く買い高く売る、「【說文解字:貝部:販】買賤賣貴者」◆市場に行って品物を売る、商売する、「【周禮:地官司徒】…夕市夕時而市販夫販婦爲主(…販夫販婦朝資; 路:◆通り道、都市内・集落内・城内・邸内などの連絡用の道◆道、人などが往来する道、「道路(ドウロ)」、同「道」◆行き方、方法◆天子や諸侯が乗る車、同「輅」◆宋(96,N1,on,on+on,A3_short_compound(on+on 71%) | B_verb_rad_足(kun 80%),販:◆品物を安く買い高く売る、「【說文解字:貝部:販】買賤賣貴者」◆市場に行って品物を売る、商売する、「【周禮:地官司徒】…夕市夕時而市販夫販婦爲主(…販夫販婦朝資; 路:◆通り道、都市内・集落内・城内・邸内などの連絡用の道◆道、人などが往来する道、「道路(ドウロ)」、同「道」◆行き方、方法◆天子や諸侯が乗る車、同「輅」◆宋(96
kk_貪る_むさぼる,貪る,むさぼる,貪:◆必要以上に(また能力以上に)ものを得ようとする、欲張(よくば)る、「貪欲(ドンヨク)」◆どこまでも追い求める、同「探」、「貪求(タンキュウ)」,N1,kun,kun,IL1_okurigana(kun 96%) | IL2_single_okuri(kun 96%),貪:◆必要以上に(また能力以上に)ものを得ようとする、欲張(よくば)る、「貪欲(ドンヨク)」◆どこまでも追い求める、同「探」、「貪求(タンキュウ)」
kk_貫く_つらぬく,貫く,つらぬく,貫:◆反対側まで突き抜ける穴(孔)を開ける、穿(うが)つ◆始めから終わりまで途中で途切れることなく通す、また通っている◆途切れることなく繰り返し続いている慣(なら),N1,kun,kun,IL1_okurigana(kun 96%) | IL2_single_okuri(kun 96%),貫:◆反対側まで突き抜ける穴(孔)を開ける、穿(うが)つ◆始めから終わりまで途中で途切れることなく通す、また通っている◆途切れることなく繰り返し続いている慣(なら)
kk_貫禄_かんろく,貫禄,かんろく,貫:◆反対側まで突き抜ける穴(孔)を開ける、穿(うが)つ◆始めから終わりまで途中で途切れることなく通す、また通っている◆途切れることなく繰り返し続いている慣(なら); 禄:◆天から授(さず)かる豊かな恵(めぐ)み、また幸(さいわ)い◆「天禄(テンロク)」◇天から授かる位(くらい)、天子の位◇想像上の動物の名、魔除け(まよけ)の神獣,N1,on,on+on,,貫:◆反対側まで突き抜ける穴(孔)を開ける、穿(うが)つ◆始めから終わりまで途中で途切れることなく通す、また通っている◆途切れることなく繰り返し続いている慣(なら); 禄:◆天から授(さず)かる豊かな恵(めぐ)み、また幸(さいわ)い◆「天禄(テンロク)」◇天から授かる位(くらい)、天子の位◇想像上の動物の名、魔除け(まよけ)の神獣
kk_責務_せきむ,責務,せきむ,責:◆強く求められる務(つと)め、果たすべきこと、為(な)すべきこと◆(果たすべきことを果たすよう)強く求める、(為すべきことを為さないことを)厳(きび)しく咎(と; 務:◆成すべきこと、ひたすら力を注(そそ)ぐべきこと◆努(つと)める、成すべきことにひたすら力を尽くす、同「敄」◆強(し)いて、押して、無理にでも,N1,on,on+on,A3_short_compound(on+on 71%) | B_verb_rad_力(kun 80%),責:◆強く求められる務(つと)め、果たすべきこと、為(な)すべきこと◆(果たすべきことを果たすよう)強く求める、(為すべきことを為さないことを)厳(きび)しく咎(と; 務:◆成すべきこと、ひたすら力を注(そそ)ぐべきこと◆努(つと)める、成すべきことにひたすら力を尽くす、同「敄」◆強(し)いて、押して、無理にでも
kk_貯蓄_ちょちく,貯蓄,ちょちく,貯:◆集めて蓄(たくわ)える、集めてしまっておく、同「𡪄」、後の備えのために貯えるのは「蓄」、「貯蓄(チョチク)」; 蓄:◆(冬に備えて野菜を)貯(たくわ)える、集めて堆(うずたか)く積む、しまっておく、「備蓄(ビチク)」、同「畜」「𧁃」「稸」◆飼(か)う、飼い育てる、養(やしな),N1,on,on+on,A3_short_compound(on+on 71%),貯:◆集めて蓄(たくわ)える、集めてしまっておく、同「𡪄」、後の備えのために貯えるのは「蓄」、「貯蓄(チョチク)」; 蓄:◆(冬に備えて野菜を)貯(たくわ)える、集めて堆(うずたか)く積む、しまっておく、「備蓄(ビチク)」、同「畜」「𧁃」「稸」◆飼(か)う、飼い育てる、養(やしな)
kk_貶す_けなす,貶す,けなす,貶:◆人の評判や地位などを落とす、人の地位や価値などを下げる、人の評価や品格などに傷を付ける、損(そこ)ねる◆人を謗(そし)る、悪く言う,N1,kun,kun,IL1_okurigana(kun 96%) | IL2_single_okuri(kun 96%),貶:◆人の評判や地位などを落とす、人の地位や価値などを下げる、人の評価や品格などに傷を付ける、損(そこ)ねる◆人を謗(そし)る、悪く言う
kk_賃上げ_ちんあげ,賃上げ,ちんあげ,賃:◆金を払って人を雇う◆雇用者に支払う報酬、「賃金(チンギン)」◆金を払って借り貸しする; 上:◆位置・場所・地位などが高い、高い方にある◆高い方に移る、昇る、登る◆順序・時間などが前、前の方にある◆前の方に移る◆等級・品質などが高い、優れている◆殿様、皇,N1,mixed,on+kun,IL1_okurigana(kun 96%) | A1_compound_oku(kun 90%) | A1_on_kun_mix(on+kun 65%),賃:◆金を払って人を雇う◆雇用者に支払う報酬、「賃金(チンギン)」◆金を払って借り貸しする; 上:◆位置・場所・地位などが高い、高い方にある◆高い方に移る、昇る、登る◆順序・時間などが前、前の方にある◆前の方に移る◆等級・品質などが高い、優れている◆殿様、皇
kk_賃下げ_ちんさげ,賃下げ,ちんさげ,賃:◆金を払って人を雇う◆雇用者に支払う報酬、「賃金(チンギン)」◆金を払って借り貸しする; 下:◆位置・場所・地位などが低い、低い方にある◆低い方に移る、降りる、落ちる◆順序・時間などが後(あと)、後の方にある◆後の方に移る、後(うし)ろの方へ退く◆等級・,N1,on,on+on,IL1_okurigana(kun 96%) | A1_compound_oku(kun 90%) | A1_on_kun_mix(on+kun 65%),賃:◆金を払って人を雇う◆雇用者に支払う報酬、「賃金(チンギン)」◆金を払って借り貸しする; 下:◆位置・場所・地位などが低い、低い方にある◆低い方に移る、降りる、落ちる◆順序・時間などが後(あと)、後の方にある◆後の方に移る、後(うし)ろの方へ退く◆等級・
kk_賄う_まかなう,賄う,まかなう,賄:◆財貨、金品◆金品を贈る◆「賄賂(ワイロ)」、(自らの利益になるように便宜を図って貰おうという)不正な意図をもって他人に金品を贈る◆[日]食事の支度をする、食事,N1,kun,kun,IL1_okurigana(kun 96%) | IL2_single_okuri(kun 96%),賄:◆財貨、金品◆金品を贈る◆「賄賂(ワイロ)」、(自らの利益になるように便宜を図って貰おうという)不正な意図をもって他人に金品を贈る◆[日]食事の支度をする、食事
kk_賑わう_にぎわう,賑わう,にぎわう,賑:◆豊かなさま、富(と)むさま◆人や物や富(とみ)が多いさま、「殷賑(インシン)」◆富を分け与えて救い助ける、また奮(ふる)い立たせる、「賑給(シンキュウ)」「賑,N1,kun,kun,IL1_okurigana(kun 96%) | IL2_single_okuri(kun 96%),賑:◆豊かなさま、富(と)むさま◆人や物や富(とみ)が多いさま、「殷賑(インシン)」◆富を分け与えて救い助ける、また奮(ふる)い立たせる、「賑給(シンキュウ)」「賑
kk_賛否_さんぴ,賛否,さんぴ,賛:◆主人の両脇に付き添い手助けする、傍から手を貸す、手を貸して助ける◆褒め称える、同「讚」◆褒め言葉、また文章、同「讚」; 否:◆いな、いや、いいや、同意できない、認められない、受け入れられない、否定・不同意の言葉、同「不」◆然(しか)らずんば、～でなければ～、同「否」◆そうではない、他,N1,on,on+mixed~,A3_short_compound(on+on 71%),賛:◆主人の両脇に付き添い手助けする、傍から手を貸す、手を貸して助ける◆褒め称える、同「讚」◆褒め言葉、また文章、同「讚」; 否:◆いな、いや、いいや、同意できない、認められない、受け入れられない、否定・不同意の言葉、同「不」◆然(しか)らずんば、～でなければ～、同「否」◆そうではない、他
kk_賛美_さんび,賛美,さんび,賛:◆主人の両脇に付き添い手助けする、傍から手を貸す、手を貸して助ける◆褒め称える、同「讚」◆褒め言葉、また文章、同「讚」; 美:◆綺麗な、姿形が良い◆善(よ)い、良い、優(すぐ)れている◆美味しい、味が良い、甘い◆褒(ほ)める、称賛する,N1,on,on+on,A3_short_compound(on+on 71%),賛:◆主人の両脇に付き添い手助けする、傍から手を貸す、手を貸して助ける◆褒め称える、同「讚」◆褒め言葉、また文章、同「讚」; 美:◆綺麗な、姿形が良い◆善(よ)い、良い、優(すぐ)れている◆美味しい、味が良い、甘い◆褒(ほ)める、称賛する
kk_賜わる_たまわる,賜わる,たまわる,賜:◆上位の者が下位の者に物や位などを与える、恵(めぐ)む◆下位の者が上位の者から物や位などを頂戴する、授(さず)かりもの,N1,kun,kun,IL1_okurigana(kun 96%) | IL2_single_okuri(kun 96%),賜:◆上位の者が下位の者に物や位などを与える、恵(めぐ)む◆下位の者が上位の者から物や位などを頂戴する、授(さず)かりもの
kk_賞与_しょうよ,賞与,しょうよ,賞:◆優れた働きをした者を褒め称える、またその者に金品を与える◆愛(め)でる、愛(め)で楽しむ; 与:◆上位の者が下位の者に物などをやる、授(さず)ける、同「賜予(シヨ)」◆同じ目的を持った仲間に加わる、また加わって共に行動する、組する、同「與」◆関(かか)わる,N1,on,on+on,A3_short_compound(on+on 71%),賞:◆優れた働きをした者を褒め称える、またその者に金品を与える◆愛(め)でる、愛(め)で楽しむ; 与:◆上位の者が下位の者に物などをやる、授(さず)ける、同「賜予(シヨ)」◆同じ目的を持った仲間に加わる、また加わって共に行動する、組する、同「與」◆関(かか)わる
kk_賢明_けんめい,賢明,けんめい,賢:◆才智に富むさま、才能豊かなさま、またそのような人◆相手(特に同輩や後輩)や相手に関することをいう語の頭に付けて敬意の意味を表す、自分に関することに謙遜の意を表; 明:◆(太陽や月の)光が差す、光が当たる、光を当てる◆光が当たってはっきりと見える(分かる)、誰の目にもはっきりとしている、はっきりとさせる◆隠されたところ(陰にな,N1,on,on+on,,賢:◆才智に富むさま、才能豊かなさま、またそのような人◆相手(特に同輩や後輩)や相手に関することをいう語の頭に付けて敬意の意味を表す、自分に関することに謙遜の意を表; 明:◆(太陽や月の)光が差す、光が当たる、光を当てる◆光が当たってはっきりと見える(分かる)、誰の目にもはっきりとしている、はっきりとさせる◆隠されたところ(陰にな
kk_質_たち,質,たち,質:◆本来の、元々(もともと)の、「本質(ホンシツ)」◆本来のままであるさま、素(す)のままであるさま、「質素(シッソ)」◆そのものが持つ本来の価値や中身、また性格,N1,kun,kun,IL2_single_default(kun 84%),質:◆本来の、元々(もともと)の、「本質(ホンシツ)」◆本来のままであるさま、素(す)のままであるさま、「質素(シッソ)」◆そのものが持つ本来の価値や中身、また性格
kk_質屋_しちや,質屋,しちや,質:◆本来の、元々(もともと)の、「本質(ホンシツ)」◆本来のままであるさま、素(す)のままであるさま、「質素(シッソ)」◆そのものが持つ本来の価値や中身、また性格; 屋:◆日差しや雨風を遮(さえぎ)るための覆(おお)い、同「幄」◆建物の上部の日差しや雨風を遮(さえぎ)るための覆い、「屋頂(オクテイ、オクチョウ、屋根)」◆(屋根に,N1,mixed,on+kun~,A3_short_compound(on+on 71%),質:◆本来の、元々(もともと)の、「本質(ホンシツ)」◆本来のままであるさま、素(す)のままであるさま、「質素(シッソ)」◆そのものが持つ本来の価値や中身、また性格; 屋:◆日差しや雨風を遮(さえぎ)るための覆(おお)い、同「幄」◆建物の上部の日差しや雨風を遮(さえぎ)るための覆い、「屋頂(オクテイ、オクチョウ、屋根)」◆(屋根に
kk_質疑_しつぎ,質疑,しつぎ,質:◆本来の、元々(もともと)の、「本質(ホンシツ)」◆本来のままであるさま、素(す)のままであるさま、「質素(シッソ)」◆そのものが持つ本来の価値や中身、また性格; 疑:◆ああかもしれないこうかもしれないと思いが乱れ一歩を踏み出せない、もしかしたらと惑(まど)いどちらとも決め兼ねる◆(はっきりとした根拠はないが)もしかしたらと思,N1,on,on+on,A3_short_compound(on+on 71%),質:◆本来の、元々(もともと)の、「本質(ホンシツ)」◆本来のままであるさま、素(す)のままであるさま、「質素(シッソ)」◆そのものが持つ本来の価値や中身、また性格; 疑:◆ああかもしれないこうかもしれないと思いが乱れ一歩を踏み出せない、もしかしたらと惑(まど)いどちらとも決め兼ねる◆(はっきりとした根拠はないが)もしかしたらと思
kk_賭ける_かける,賭ける,かける,賭:◆金品を出し合い勝負し、その結果、勝った方がそれを得る博奕(ばくち)などの遊び、また金品を出し合い博奕(ばくち)をする、博奕に金品を出す◆どうなるか分からないこ,N1,kun,kun,IL1_okurigana(kun 96%) | IL2_single_okuri(kun 96%),賭:◆金品を出し合い勝負し、その結果、勝った方がそれを得る博奕(ばくち)などの遊び、また金品を出し合い博奕(ばくち)をする、博奕に金品を出す◆どうなるか分からないこ
kk_購読_こうどく,購読,こうどく,購:◆財貨を出して欲しいものを手に入れる、買う、「購買(コウバイ)」「購入(コウニュウ)」◆賞金を掛け欲しいものを募(つの)る、「購募(コウボ)」◆タカヨモギ(高蓬; 読:◆文章を内容が理解しやすいように区切りながら抑揚(ヨクヨウ)をつけながら声に出す◆文の中に置く読みの区切り、「、」で表す、コンマcomma、「読点、逗点(トウテ,N1,on,on+on,B_verb_rad_言(kun 80%),購:◆財貨を出して欲しいものを手に入れる、買う、「購買(コウバイ)」「購入(コウニュウ)」◆賞金を掛け欲しいものを募(つの)る、「購募(コウボ)」◆タカヨモギ(高蓬; 読:◆文章を内容が理解しやすいように区切りながら抑揚(ヨクヨウ)をつけながら声に出す◆文の中に置く読みの区切り、「、」で表す、コンマcomma、「読点、逗点(トウテ
kk_購買_こうばい,購買,こうばい,購:◆財貨を出して欲しいものを手に入れる、買う、「購買(コウバイ)」「購入(コウニュウ)」◆賞金を掛け欲しいものを募(つの)る、「購募(コウボ)」◆タカヨモギ(高蓬; 買:◆金銭(対価)を渡して欲しいものを得る、相手が欲しいと思っているものを渡して金銭(対価)を得るのは「売」◆自ら招き寄せる、自ら進んで(面倒なことや良くないことを,N1,on,on+on,,購:◆財貨を出して欲しいものを手に入れる、買う、「購買(コウバイ)」「購入(コウニュウ)」◆賞金を掛け欲しいものを募(つの)る、「購募(コウボ)」◆タカヨモギ(高蓬; 買:◆金銭(対価)を渡して欲しいものを得る、相手が欲しいと思っているものを渡して金銭(対価)を得るのは「売」◆自ら招き寄せる、自ら進んで(面倒なことや良くないことを
kk_赤らむ_あからむ,赤らむ,あからむ,赤:◆南方の色、「赤道(セキドウ)」、[†「あらゆるものを焼き尽くすような太陽の強い光や熱の色」の意かと思われる†]◆顔や体が火照(ほて)ったときの色、ものが焼ける,N1,kun,kun,IL1_okurigana(kun 96%) | IL2_single_okuri(kun 96%),赤:◆南方の色、「赤道(セキドウ)」、[†「あらゆるものを焼き尽くすような太陽の強い光や熱の色」の意かと思われる†]◆顔や体が火照(ほて)ったときの色、ものが焼ける
kk_走行_そうこう,走行,そうこう,走:◆片足を地に着け止め、残る片足を前に運んで止める、という動作を左右の足で交互に速く繰り返す、早足(はやあし)で行く、同「趨」、ゆっくり繰り返すことを「歩」◆逃(; 行:◆左足を前に出し(彳)次に右足を前に出す(亍)、足を交互に動かして前に進む◆目的とするところに向かって進む◆遠くに出掛ける、旅に出る◆道、人が往来する道路、同「,N1,on,on+on,,走:◆片足を地に着け止め、残る片足を前に運んで止める、という動作を左右の足で交互に速く繰り返す、早足(はやあし)で行く、同「趨」、ゆっくり繰り返すことを「歩」◆逃(; 行:◆左足を前に出し(彳)次に右足を前に出す(亍)、足を交互に動かして前に進む◆目的とするところに向かって進む◆遠くに出掛ける、旅に出る◆道、人が往来する道路、同「
kk_赴く_おもむく,赴く,おもむく,赴:◆目的とする場所を目指して急ぎ行く◆駆(か)け付ける、馳(は)せ参じる◆人の死を急ぎ知らせる、同「訃」,N1,kun,kun,IL1_okurigana(kun 96%) | IL2_single_okuri(kun 96%),赴:◆目的とする場所を目指して急ぎ行く◆駆(か)け付ける、馳(は)せ参じる◆人の死を急ぎ知らせる、同「訃」
kk_赴任_ふにん,赴任,ふにん,赴:◆目的とする場所を目指して急ぎ行く◆駆(か)け付ける、馳(は)せ参じる◆人の死を急ぎ知らせる、同「訃」; 任:◆役目や仕事を与える、また委(ゆだ)ねる、また託(たく)す、「任命(ニンメイ)」◆(仕事を託し、その)扱いをその人の裁量(サイリョウ)に委ねる、「放任(ホウニン,N1,on,on+on,A3_short_compound(on+on 71%),赴:◆目的とする場所を目指して急ぎ行く◆駆(か)け付ける、馳(は)せ参じる◆人の死を急ぎ知らせる、同「訃」; 任:◆役目や仕事を与える、また委(ゆだ)ねる、また託(たく)す、「任命(ニンメイ)」◆(仕事を託し、その)扱いをその人の裁量(サイリョウ)に委ねる、「放任(ホウニン
kk_起伏_きふく,起伏,きふく,起:◆(横になっている状態・低い状態から上に向かって)立つ、立ち上がる、立たせる、立ち上げる◆(それまで動きのなかった物事が)動き出す、動き始める◆物事を動かす、始; 伏:◆体を屈(かが)め頭を下げ視線を下に向ける◆腹這い(はらばい)になる◆姿勢を低くして(頭を下げて)物の下に隠れる、また隠す◆(願い事をする・目上の人に申し上げる,N1,on,on+on,A3_short_compound(on+on 71%),起:◆(横になっている状態・低い状態から上に向かって)立つ、立ち上がる、立たせる、立ち上げる◆(それまで動きのなかった物事が)動き出す、動き始める◆物事を動かす、始; 伏:◆体を屈(かが)め頭を下げ視線を下に向ける◆腹這い(はらばい)になる◆姿勢を低くして(頭を下げて)物の下に隠れる、また隠す◆(願い事をする・目上の人に申し上げる
kk_起源_きげん,起源,きげん,起:◆(横になっている状態・低い状態から上に向かって)立つ、立ち上がる、立たせる、立ち上げる◆(それまで動きのなかった物事が)動き出す、動き始める◆物事を動かす、始; 源:◆地下水が地表に湧(わ)き出るところ、同「厵」「原」◆物事の始まり、物事の大本(おおもと)、物事の根本(コンポン)、物事の基本、同「原」,N1,on,on+on,A3_short_compound(on+on 71%),起:◆(横になっている状態・低い状態から上に向かって)立つ、立ち上がる、立たせる、立ち上げる◆(それまで動きのなかった物事が)動き出す、動き始める◆物事を動かす、始; 源:◆地下水が地表に湧(わ)き出るところ、同「厵」「原」◆物事の始まり、物事の大本(おおもと)、物事の根本(コンポン)、物事の基本、同「原」
kk_趣_おもむき,趣,おもむき,趣:◆おもむ・く、足早(あしばや、「歩」よりは速く「走」よりは遅い速さ)に行く、さっさっと(すたすたと)行く、急いで行く、同「趨」「趍」◆急がせる、促(うなが)す◆,N1,kun,kun,IL2_single_default(kun 84%),趣:◆おもむ・く、足早(あしばや、「歩」よりは速く「走」よりは遅い速さ)に行く、さっさっと(すたすたと)行く、急いで行く、同「趨」「趍」◆急がせる、促(うなが)す◆
kk_趣旨_しゅし,趣旨,しゅし,趣:◆おもむ・く、足早(あしばや、「歩」よりは速く「走」よりは遅い速さ)に行く、さっさっと(すたすたと)行く、急いで行く、同「趨」「趍」◆急がせる、促(うなが)す◆; 旨:◆うま・い、美味(おい)しい、甘(あま)く美味しい◆意図(イト)していること、意向(イコウ)、本意(ホンイ)◆天子や上位者の指示や命令、またその考えや意向,N1,on,on+on,A3_short_compound(on+on 71%),趣:◆おもむ・く、足早(あしばや、「歩」よりは速く「走」よりは遅い速さ)に行く、さっさっと(すたすたと)行く、急いで行く、同「趨」「趍」◆急がせる、促(うなが)す◆; 旨:◆うま・い、美味(おい)しい、甘(あま)く美味しい◆意図(イト)していること、意向(イコウ)、本意(ホンイ)◆天子や上位者の指示や命令、またその考えや意向
kk_足がかり_あしがかり,足がかり,あしがかり,足:◆体や物体の一部で、胴から分かれ出て伸び、地に接して体を支えたり、歩行・走行・跳躍などの運動機能を担う部分、現代の中国では「脚」◆「歩く」「走る」などの足を使っ,N1,kun,kun,IL1_okurigana(kun 96%) | IL2_single_okuri(kun 96%) | B_verb_rad_足(kun 80%),足:◆体や物体の一部で、胴から分かれ出て伸び、地に接して体を支えたり、歩行・走行・跳躍などの運動機能を担う部分、現代の中国では「脚」◆「歩く」「走る」などの足を使っ
kk_足取り_あしどり,足取り,あしどり,足:◆体や物体の一部で、胴から分かれ出て伸び、地に接して体を支えたり、歩行・走行・跳躍などの運動機能を担う部分、現代の中国では「脚」◆「歩く」「走る」などの足を使っ; 取:◆捕(つか)まえる、捕(と)らえる、縄(なわ)を掛ける◆手に入れる、手の中に収(おさ)める、手で受ける◆(多くの中から一部を、或いは一つを)選ぶ、選択する◆娶(,N1,other,mixed+mixed~,IL1_okurigana(kun 96%) | A1_compound_oku(kun 90%) | A1_on_kun_mix(on+kun 65%),足:◆体や物体の一部で、胴から分かれ出て伸び、地に接して体を支えたり、歩行・走行・跳躍などの運動機能を担う部分、現代の中国では「脚」◆「歩く」「走る」などの足を使っ; 取:◆捕(つか)まえる、捕(と)らえる、縄(なわ)を掛ける◆手に入れる、手の中に収(おさ)める、手で受ける◆(多くの中から一部を、或いは一つを)選ぶ、選択する◆娶(
kk_足固め_あしがため,足固め,あしがため,足:◆体や物体の一部で、胴から分かれ出て伸び、地に接して体を支えたり、歩行・走行・跳躍などの運動機能を担う部分、現代の中国では「脚」◆「歩く」「走る」などの足を使っ; 固:◆(周りを囲まれていて)形・位置・状態が変わらない(変えない)、同じ形・位置・状態が枠内に収まっている(収める)、「固定(コテイ)」◆もと・より、元来(ガンライ,N1,other,mixed+mixed~,IL1_okurigana(kun 96%) | A1_compound_oku(kun 90%) | A1_on_kun_mix(on+kun 65%),足:◆体や物体の一部で、胴から分かれ出て伸び、地に接して体を支えたり、歩行・走行・跳躍などの運動機能を担う部分、現代の中国では「脚」◆「歩く」「走る」などの足を使っ; 固:◆(周りを囲まれていて)形・位置・状態が変わらない(変えない)、同じ形・位置・状態が枠内に収まっている(収める)、「固定(コテイ)」◆もと・より、元来(ガンライ
kk_足場_あしば,足場,あしば,足:◆体や物体の一部で、胴から分かれ出て伸び、地に接して体を支えたり、歩行・走行・跳躍などの運動機能を担う部分、現代の中国では「脚」◆「歩く」「走る」などの足を使っ; 場:◆(日当たりのよい、収穫した穀物の乾燥・脱穀などをする、また多くの人やものが集まる)広く平らなところ、「広場」、同「塲」◆一段と高くし上を平らに作ったところ、台,N1,kun,kun+kun~,A3_short_compound(on+on 71%) | B_verb_rad_足(kun 80%),足:◆体や物体の一部で、胴から分かれ出て伸び、地に接して体を支えたり、歩行・走行・跳躍などの運動機能を担う部分、現代の中国では「脚」◆「歩く」「走る」などの足を使っ; 場:◆(日当たりのよい、収穫した穀物の乾燥・脱穀などをする、また多くの人やものが集まる)広く平らなところ、「広場」、同「塲」◆一段と高くし上を平らに作ったところ、台
kk_足踏み_あしぶみ,足踏み,あしぶみ,足:◆体や物体の一部で、胴から分かれ出て伸び、地に接して体を支えたり、歩行・走行・跳躍などの運動機能を担う部分、現代の中国では「脚」◆「歩く」「走る」などの足を使っ; 踏:◆足を地に着ける、足で押える、同「踐」,N1,other,mixed+mixed~,IL1_okurigana(kun 96%) | A1_compound_oku(kun 90%) | A1_on_kun_mix(on+kun 65%),足:◆体や物体の一部で、胴から分かれ出て伸び、地に接して体を支えたり、歩行・走行・跳躍などの運動機能を担う部分、現代の中国では「脚」◆「歩く」「走る」などの足を使っ; 踏:◆足を地に着ける、足で押える、同「踐」
kk_跡継ぎ_あとつぎ,跡継ぎ,あとつぎ,跡:◆歩いた所、歩いた所に残る足の印(しるし)◆物や出来事があった所に残る痕跡、同「迹」「蹟」◆簡「迹」; 継:◆切れている糸を繋(つな)ぐ、途切れないように前にあるものの後に続ける(続く)、同「㡭」◆前の物事を受けて続ける◆[日]まま、法的には親子関係であるが親と子の間,N1,kun,kun+kun,IL1_okurigana(kun 96%) | A1_compound_oku(kun 90%) | A1_on_kun_mix(on+kun 65%),跡:◆歩いた所、歩いた所に残る足の印(しるし)◆物や出来事があった所に残る痕跡、同「迹」「蹟」◆簡「迹」; 継:◆切れている糸を繋(つな)ぐ、途切れないように前にあるものの後に続ける(続く)、同「㡭」◆前の物事を受けて続ける◆[日]まま、法的には親子関係であるが親と子の間
kk_跨る_またがる,跨る,またがる,跨:◆股(また)の内側の部分、股間、同「胯」◆股を広げてものの上を越える、股を広げてものの上に乗る,N1,kun,kun,IL1_okurigana(kun 96%) | IL2_single_okuri(kun 96%) | B_verb_rad_足(kun 80%),跨:◆股(また)の内側の部分、股間、同「胯」◆股を広げてものの上を越える、股を広げてものの上に乗る
kk_路地_ろじ,路地,ろじ,路:◆通り道、都市内・集落内・城内・邸内などの連絡用の道◆道、人などが往来する道、「道路(ドウロ)」、同「道」◆行き方、方法◆天子や諸侯が乗る車、同「輅」◆宋(96; 地:◆重い陰気が(下に沈み)集まるところ、万物が居並ぶ(存在する)ところ、軽い陽気が(上に浮き)集まるところを「天(テン)」、「【說文解字注:土部:地】元气初分輕清,N1,on,on+on,A3_short_compound(on+on 71%) | B_verb_rad_足(kun 80%),路:◆通り道、都市内・集落内・城内・邸内などの連絡用の道◆道、人などが往来する道、「道路(ドウロ)」、同「道」◆行き方、方法◆天子や諸侯が乗る車、同「輅」◆宋(96; 地:◆重い陰気が(下に沈み)集まるところ、万物が居並ぶ(存在する)ところ、軽い陽気が(上に浮き)集まるところを「天(テン)」、「【說文解字注:土部:地】元气初分輕清
kk_踏まえる_ふまえる,踏まえる,ふまえる,踏:◆足を地に着ける、足で押える、同「踐」,N1,kun,kun,IL1_okurigana(kun 96%) | IL2_single_okuri(kun 96%) | B_verb_rad_足(kun 80%),踏:◆足を地に着ける、足で押える、同「踐」
kk_踏み場_ふみば,踏み場,ふみば,踏:◆足を地に着ける、足で押える、同「踐」; 場:◆(日当たりのよい、収穫した穀物の乾燥・脱穀などをする、また多くの人やものが集まる)広く平らなところ、「広場」、同「塲」◆一段と高くし上を平らに作ったところ、台,N1,kun,kun+kun~,IL1_okurigana(kun 96%) | A1_compound_oku(kun 90%) | A1_on_kun_mix(on+kun 65%),踏:◆足を地に着ける、足で押える、同「踐」; 場:◆(日当たりのよい、収穫した穀物の乾燥・脱穀などをする、また多くの人やものが集まる)広く平らなところ、「広場」、同「塲」◆一段と高くし上を平らに作ったところ、台
kk_踏み込む_ふみこむ,踏み込む,ふみこむ,踏:◆足を地に着ける、足で押える、同「踐」; 込:◆[日]中に(内に、裏に、見えないところに)入(はい)る、入(い)れる,N1,kun,kun+kun~,IL1_okurigana(kun 96%) | A1_compound_oku(kun 90%) | A1_on_kun_mix(on+kun 65%),踏:◆足を地に着ける、足で押える、同「踐」; 込:◆[日]中に(内に、裏に、見えないところに)入(はい)る、入(い)れる
kk_踏襲_とうしゅう,踏襲,とうしゅう,踏:◆足を地に着ける、足で押える、同「踐」; 襲:◆かさね、外衣(ガイイ)、衣服の上に羽織る(重ねて着る)衣服、同「褶」◆重(かさ)ねる、同じように繰り返す、それまで通りにする、受け継ぐ、引き継ぐ、「襲用(シュ,N1,on,on+on,B_verb_rad_足(kun 80%),踏:◆足を地に着ける、足で押える、同「踐」; 襲:◆かさね、外衣(ガイイ)、衣服の上に羽織る(重ねて着る)衣服、同「褶」◆重(かさ)ねる、同じように繰り返す、それまで通りにする、受け継ぐ、引き継ぐ、「襲用(シュ
kk_蹴飛ばす_けとばす,蹴飛ばす,けとばす,蹴:◆折った膝を勢いよく伸ばしたときの力で足をものに当て跳ね飛ばす◆踏む、踏み付ける◆追い掛ける、後を追う◆「蹴蹴(シュクシュク)」、畏(おそ)れてまた恐(おそ)れ; 飛:◆鳥や昆虫などが翼(つばさ)を羽ばたかせて空中を行く◆空中を移動する、「飛語(ヒゴ、素早く広まる話、根拠のない噂話)」◆(飛ぶように)ぱっと(速く)移動するさま,N1,kun,kun+kun,IL1_okurigana(kun 96%) | A1_compound_oku(kun 90%) | A1_on_kun_mix(on+kun 65%),蹴:◆折った膝を勢いよく伸ばしたときの力で足をものに当て跳ね飛ばす◆踏む、踏み付ける◆追い掛ける、後を追う◆「蹴蹴(シュクシュク)」、畏(おそ)れてまた恐(おそ)れ; 飛:◆鳥や昆虫などが翼(つばさ)を羽ばたかせて空中を行く◆空中を移動する、「飛語(ヒゴ、素早く広まる話、根拠のない噂話)」◆(飛ぶように)ぱっと(速く)移動するさま
kk_身ごなし_みごなし,身ごなし,みごなし,身:◆(頭部を除いた)体(からだ)、躯体(クタイ)、同「躯」「躬」◆中に含まれているもの、また入っているもの、本体◆人の一生、命(いのち)◆吾(われ)、我(わ)が、,N1,kun,kun,IL1_okurigana(kun 96%) | IL2_single_okuri(kun 96%),身:◆(頭部を除いた)体(からだ)、躯体(クタイ)、同「躯」「躬」◆中に含まれているもの、また入っているもの、本体◆人の一生、命(いのち)◆吾(われ)、我(わ)が、
kk_身なり_みなり,身なり,みなり,身:◆(頭部を除いた)体(からだ)、躯体(クタイ)、同「躯」「躬」◆中に含まれているもの、また入っているもの、本体◆人の一生、命(いのち)◆吾(われ)、我(わ)が、,N1,kun,kun,IL1_okurigana(kun 96%) | IL2_single_okuri(kun 96%),身:◆(頭部を除いた)体(からだ)、躯体(クタイ)、同「躯」「躬」◆中に含まれているもの、また入っているもの、本体◆人の一生、命(いのち)◆吾(われ)、我(わ)が、
kk_身の上_みのうえ,身の上,みのうえ,身:◆(頭部を除いた)体(からだ)、躯体(クタイ)、同「躯」「躬」◆中に含まれているもの、また入っているもの、本体◆人の一生、命(いのち)◆吾(われ)、我(わ)が、; 上:◆位置・場所・地位などが高い、高い方にある◆高い方に移る、昇る、登る◆順序・時間などが前、前の方にある◆前の方に移る◆等級・品質などが高い、優れている◆殿様、皇,N1,kun,kun+kun~,IL1_okurigana(kun 96%) | A1_compound_oku(kun 90%) | A1_on_kun_mix(on+kun 65%),身:◆(頭部を除いた)体(からだ)、躯体(クタイ)、同「躯」「躬」◆中に含まれているもの、また入っているもの、本体◆人の一生、命(いのち)◆吾(われ)、我(わ)が、; 上:◆位置・場所・地位などが高い、高い方にある◆高い方に移る、昇る、登る◆順序・時間などが前、前の方にある◆前の方に移る◆等級・品質などが高い、優れている◆殿様、皇
kk_身の回り_みのまわり,身の回り,みのまわり,身:◆(頭部を除いた)体(からだ)、躯体(クタイ)、同「躯」「躬」◆中に含まれているもの、また入っているもの、本体◆人の一生、命(いのち)◆吾(われ)、我(わ)が、; 回:◆円を描(えが)くように動く、一周して(一巡して)元に戻る、同「廻」「迴」、「回復(カイフク)」「回帰(カイキ)」◆元に戻す、元に返す、「回答(カイトウ)」◆(,N1,kun,kun+kun~,IL1_okurigana(kun 96%) | A1_compound_oku(kun 90%) | A1_on_kun_mix(on+kun 65%),身:◆(頭部を除いた)体(からだ)、躯体(クタイ)、同「躯」「躬」◆中に含まれているもの、また入っているもの、本体◆人の一生、命(いのち)◆吾(われ)、我(わ)が、; 回:◆円を描(えが)くように動く、一周して(一巡して)元に戻る、同「廻」「迴」、「回復(カイフク)」「回帰(カイキ)」◆元に戻す、元に返す、「回答(カイトウ)」◆(
kk_身元_みもと,身元,みもと,身:◆(頭部を除いた)体(からだ)、躯体(クタイ)、同「躯」「躬」◆中に含まれているもの、また入っているもの、本体◆人の一生、命(いのち)◆吾(われ)、我(わ)が、; 元:◆物事の発端(ホッタン)、起源、始まり、「元年(ガンネン)」◆物事の基(もと)となるもの、根本(コンポン)◆物事の先頭にあるもの、頭(かしら)、「元首(ゲンシュ,N1,kun,kun+kun~,A3_short_compound(on+on 71%),身:◆(頭部を除いた)体(からだ)、躯体(クタイ)、同「躯」「躬」◆中に含まれているもの、また入っているもの、本体◆人の一生、命(いのち)◆吾(われ)、我(わ)が、; 元:◆物事の発端(ホッタン)、起源、始まり、「元年(ガンネン)」◆物事の基(もと)となるもの、根本(コンポン)◆物事の先頭にあるもの、頭(かしら)、「元首(ゲンシュ
kk_身振り_みぶり,身振り,みぶり,身:◆(頭部を除いた)体(からだ)、躯体(クタイ)、同「躯」「躬」◆中に含まれているもの、また入っているもの、本体◆人の一生、命(いのち)◆吾(われ)、我(わ)が、; 振:◆揺(ゆ)する、揺るがす、揺り動かす◆揺すって奮(ふる)い起こす、また奮い立たせる◆励(はげ)ます、励まし救(すく)う◆盛んなさま、勢(いきお)いがあるさま、「,N1,other,mixed+mixed~,IL1_okurigana(kun 96%) | A1_compound_oku(kun 90%) | A1_on_kun_mix(on+kun 65%),身:◆(頭部を除いた)体(からだ)、躯体(クタイ)、同「躯」「躬」◆中に含まれているもの、また入っているもの、本体◆人の一生、命(いのち)◆吾(われ)、我(わ)が、; 振:◆揺(ゆ)する、揺るがす、揺り動かす◆揺すって奮(ふる)い起こす、また奮い立たせる◆励(はげ)ます、励まし救(すく)う◆盛んなさま、勢(いきお)いがあるさま、「
kk_身近_みぢか,身近,みぢか,身:◆(頭部を除いた)体(からだ)、躯体(クタイ)、同「躯」「躬」◆中に含まれているもの、また入っているもの、本体◆人の一生、命(いのち)◆吾(われ)、我(わ)が、; 近:◆位置・時間・関係・状態などがすぐ傍(そば)にある◆迫(せま)る、すぐ傍まで寄る、また寄せる◆親(ちか)しい、親(した)しい(間柄や関係などが近い)◆似ている(,N1,other,mixed+mixed~,A3_short_compound(on+on 71%),身:◆(頭部を除いた)体(からだ)、躯体(クタイ)、同「躯」「躬」◆中に含まれているもの、また入っているもの、本体◆人の一生、命(いのち)◆吾(われ)、我(わ)が、; 近:◆位置・時間・関係・状態などがすぐ傍(そば)にある◆迫(せま)る、すぐ傍まで寄る、また寄せる◆親(ちか)しい、親(した)しい(間柄や関係などが近い)◆似ている(
kk_躾_しつけ,躾,しつけ,躾:◆[日]礼儀作法、礼儀作法を身に付けさせる,N1,kun,kun,IL2_kun_only(kun 99%),躾:◆[日]礼儀作法、礼儀作法を身に付けさせる
kk_軋む_きしむ,軋む,きしむ,軋:◆車輪で物を轢き潰す、またその音◆物が擦れ合って出る音,N1,kun,kun,IL1_okurigana(kun 96%) | IL2_single_okuri(kun 96%),軋:◆車輪で物を轢き潰す、またその音◆物が擦れ合って出る音
kk_軌道_きどう,軌道,きどう,軌:◆二つの車輪の間隔◆二本の轍(わだち)、筋状に続く二本の車輪の跡◆回転しながら動く車や天体の通る道筋◆一定の道筋、則るべき道筋、規範; 道:◆出発地から目的地へ通じている路(みち)、人や動物などが往来する通り路、「道路(ドウロ)」、同「路」◆目的を達するための経路、手順や方法◆導(みちび)く、手引き,N1,on,on+on,A3_short_compound(on+on 71%),軌:◆二つの車輪の間隔◆二本の轍(わだち)、筋状に続く二本の車輪の跡◆回転しながら動く車や天体の通る道筋◆一定の道筋、則るべき道筋、規範; 道:◆出発地から目的地へ通じている路(みち)、人や動物などが往来する通り路、「道路(ドウロ)」、同「路」◆目的を達するための経路、手順や方法◆導(みちび)く、手引き
kk_軒並み_のきなみ,軒並み,のきなみ,軒:◆重心を後寄りにして前部が持ち上がるようにした車、大夫(タイフ)以上の高位の人が乗る車、重心を前寄りにして後部が持ち上がる車を「輊」◆屋根の建物から外に張り出し; 並:◆二つの同じものが隣り合って同じ方向を向く、また同じ方向を向いて立つ◆～と同様に、～と同時に◆皆と同じ、程度が普通,N1,kun,kun+kun,IL1_okurigana(kun 96%) | A1_compound_oku(kun 90%) | A1_on_kun_mix(on+kun 65%),軒:◆重心を後寄りにして前部が持ち上がるようにした車、大夫(タイフ)以上の高位の人が乗る車、重心を前寄りにして後部が持ち上がる車を「輊」◆屋根の建物から外に張り出し; 並:◆二つの同じものが隣り合って同じ方向を向く、また同じ方向を向いて立つ◆～と同様に、～と同時に◆皆と同じ、程度が普通
kk_転じる_てんじる,転じる,てんじる,転:◆(車輪が回るように)ごろりと回る、ぐるりと回る、「回転(カイテン)」◆(車輪が接地する位置を変えながら転がり進んで行くように次へ次へと)位置や方向を変える、ま,N1,on,on,IL1_okurigana(kun 96%) | IL2_single_okuri(kun 96%),転:◆(車輪が回るように)ごろりと回る、ぐるりと回る、「回転(カイテン)」◆(車輪が接地する位置を変えながら転がり進んで行くように次へ次へと)位置や方向を変える、ま
kk_転任_てんにん,転任,てんにん,転:◆(車輪が回るように)ごろりと回る、ぐるりと回る、「回転(カイテン)」◆(車輪が接地する位置を変えながら転がり進んで行くように次へ次へと)位置や方向を変える、ま; 任:◆役目や仕事を与える、また委(ゆだ)ねる、また託(たく)す、「任命(ニンメイ)」◆(仕事を託し、その)扱いをその人の裁量(サイリョウ)に委ねる、「放任(ホウニン,N1,on,on+on,,転:◆(車輪が回るように)ごろりと回る、ぐるりと回る、「回転(カイテン)」◆(車輪が接地する位置を変えながら転がり進んで行くように次へ次へと)位置や方向を変える、ま; 任:◆役目や仕事を与える、また委(ゆだ)ねる、また託(たく)す、「任命(ニンメイ)」◆(仕事を託し、その)扱いをその人の裁量(サイリョウ)に委ねる、「放任(ホウニン
kk_転嫁_てんか,転嫁,てんか,転:◆(車輪が回るように)ごろりと回る、ぐるりと回る、「回転(カイテン)」◆(車輪が接地する位置を変えながら転がり進んで行くように次へ次へと)位置や方向を変える、ま; 嫁:◆女性が自分の家を出て行く、女性が自家を出て結婚相手の男性の家に行く、またその女性◆損害や責任などを他人に押し付ける◆[日]よめ、息子の妻,N1,on,on+on,A3_short_compound(on+on 71%),転:◆(車輪が回るように)ごろりと回る、ぐるりと回る、「回転(カイテン)」◆(車輪が接地する位置を変えながら転がり進んで行くように次へ次へと)位置や方向を変える、ま; 嫁:◆女性が自分の家を出て行く、女性が自家を出て結婚相手の男性の家に行く、またその女性◆損害や責任などを他人に押し付ける◆[日]よめ、息子の妻
kk_転寝_うたたね,転寝,うたたね,転:◆(車輪が回るように)ごろりと回る、ぐるりと回る、「回転(カイテン)」◆(車輪が接地する位置を変えながら転がり進んで行くように次へ次へと)位置や方向を変える、ま; 寝:◆体を横にして休む、「寝台・寝床・寝室などで横になり休む」ことをいう◆体を横にして眠る◆睡眠をとるところ、ゆっくりと寛(くつろ)ぐ部屋や建物、「寢殿(シンデン、,N1,kun,kun+kun~,B_noun_rad_宀(kun 93%),転:◆(車輪が回るように)ごろりと回る、ぐるりと回る、「回転(カイテン)」◆(車輪が接地する位置を変えながら転がり進んで行くように次へ次へと)位置や方向を変える、ま; 寝:◆体を横にして休む、「寝台・寝床・寝室などで横になり休む」ことをいう◆体を横にして眠る◆睡眠をとるところ、ゆっくりと寛(くつろ)ぐ部屋や建物、「寢殿(シンデン、
kk_転居_てんきょ,転居,てんきょ,転:◆(車輪が回るように)ごろりと回る、ぐるりと回る、「回転(カイテン)」◆(車輪が接地する位置を変えながら転がり進んで行くように次へ次へと)位置や方向を変える、ま; 居:◆座る、腰を据(す)える、腰を落ち着ける、またその場所◆長く腰を落ち着けて住む、住まい◆一定の場所を占める、存在する◆貯(たくわ)える、得たものを置いておく,N1,on,on+on,A3_short_compound(on+on 71%),転:◆(車輪が回るように)ごろりと回る、ぐるりと回る、「回転(カイテン)」◆(車輪が接地する位置を変えながら転がり進んで行くように次へ次へと)位置や方向を変える、ま; 居:◆座る、腰を据(す)える、腰を落ち着ける、またその場所◆長く腰を落ち着けて住む、住まい◆一定の場所を占める、存在する◆貯(たくわ)える、得たものを置いておく
kk_転落_てんらく,転落,てんらく,転:◆(車輪が回るように)ごろりと回る、ぐるりと回る、「回転(カイテン)」◆(車輪が接地する位置を変えながら転がり進んで行くように次へ次へと)位置や方向を変える、ま; 落:◆上にあったものが下に移動する、高い所から下に位置を変える、「落下(ラッカ)」「墜落(ツイラク)」◆枯れ衰える、(枯れた葉が)地に墜ちる、「没落(ボツラク)」「,N1,on,on+on,,転:◆(車輪が回るように)ごろりと回る、ぐるりと回る、「回転(カイテン)」◆(車輪が接地する位置を変えながら転がり進んで行くように次へ次へと)位置や方向を変える、ま; 落:◆上にあったものが下に移動する、高い所から下に位置を変える、「落下(ラッカ)」「墜落(ツイラク)」◆枯れ衰える、(枯れた葉が)地に墜ちる、「没落(ボツラク)」「
kk_軸_じく,軸,じく,軸:◆車輪の中心に通して車輪の回転を支える棒 ◆回転するものの中心にある棒、心棒(シンボウ)◆全体の中心にあって重要な働きをするもの、中心的なもの,N1,on,on,IL2_on_only(on 99%),軸:◆車輪の中心に通して車輪の回転を支える棒 ◆回転するものの中心にある棒、心棒(シンボウ)◆全体の中心にあって重要な働きをするもの、中心的なもの
kk_軽んじる_かろんじる,軽んじる,かろんじる,軽:◆重くない、重くなく素早く動ける(車)、重くなく扱い易い(車)◆積載量が少ない、重さや程度が少ない◆重みがない、どっしりとしていない◆重要ではない,N1,kun,kun,IL1_okurigana(kun 96%) | IL2_single_okuri(kun 96%),軽:◆重くない、重くなく素早く動ける(車)、重くなく扱い易い(車)◆積載量が少ない、重さや程度が少ない◆重みがない、どっしりとしていない◆重要ではない
kk_軽快_けいかい,軽快,けいかい,軽:◆重くない、重くなく素早く動ける(車)、重くなく扱い易い(車)◆積載量が少ない、重さや程度が少ない◆重みがない、どっしりとしていない◆重要ではない; 快:◆こころよ・い、心がすっきりする、心地がよい、気持ちがよい、「爽快(ソウカイ)」◆すっきりとするさま、さっぱりとしたさま、すっぱりとしたさま◆動きが速い,N1,on,on+on,,軽:◆重くない、重くなく素早く動ける(車)、重くなく扱い易い(車)◆積載量が少ない、重さや程度が少ない◆重みがない、どっしりとしていない◆重要ではない; 快:◆こころよ・い、心がすっきりする、心地がよい、気持ちがよい、「爽快(ソウカイ)」◆すっきりとするさま、さっぱりとしたさま、すっぱりとしたさま◆動きが速い
kk_軽減_けいげん,軽減,けいげん,軽:◆重くない、重くなく素早く動ける(車)、重くなく扱い易い(車)◆積載量が少ない、重さや程度が少ない◆重みがない、どっしりとしていない◆重要ではない; 減:◆少なくなる、全体から一部がなくなる◆軽くなる、落ちる、下がる◆差し引く,N1,on,on+on,,軽:◆重くない、重くなく素早く動ける(車)、重くなく扱い易い(車)◆積載量が少ない、重さや程度が少ない◆重みがない、どっしりとしていない◆重要ではない; 減:◆少なくなる、全体から一部がなくなる◆軽くなる、落ちる、下がる◆差し引く
kk_軽率_けいそつ,軽率,けいそつ,軽:◆重くない、重くなく素早く動ける(車)、重くなく扱い易い(車)◆積載量が少ない、重さや程度が少ない◆重みがない、どっしりとしていない◆重要ではない; 率:◆鳥を捕らえるための網、一網打尽にする網◆ひき・いる、全体(集団)が乱れないよう一つに纏(まと)める、「統率(トウソツ)」◆従う、纏まり・基準などからはみ出ない,N1,on,on+on,,軽:◆重くない、重くなく素早く動ける(車)、重くなく扱い易い(車)◆積載量が少ない、重さや程度が少ない◆重みがない、どっしりとしていない◆重要ではない; 率:◆鳥を捕らえるための網、一網打尽にする網◆ひき・いる、全体(集団)が乱れないよう一つに纏(まと)める、「統率(トウソツ)」◆従う、纏まり・基準などからはみ出ない
kk_軽蔑_けいべつ,軽蔑,けいべつ,軽:◆重くない、重くなく素早く動ける(車)、重くなく扱い易い(車)◆積載量が少ない、重さや程度が少ない◆重みがない、どっしりとしていない◆重要ではない; 蔑:◆目が充血したり腫(は)れたりして、よく見えない、殆(ほとん)ど見えない◆殆ど見ない、しっかりと注目しない◆目に入らない、軽んずる、無視する◆見下す、軽く見る、,N1,on,on+on,,軽:◆重くない、重くなく素早く動ける(車)、重くなく扱い易い(車)◆積載量が少ない、重さや程度が少ない◆重みがない、どっしりとしていない◆重要ではない; 蔑:◆目が充血したり腫(は)れたりして、よく見えない、殆(ほとん)ど見えない◆殆ど見ない、しっかりと注目しない◆目に入らない、軽んずる、無視する◆見下す、軽く見る、
kk_輝かしい_かがやかしい,輝かしい,かがやかしい,輝:◆明々とした火の光、またその光が四方に広がる、同「暉」「煇」,N1,kun,kun,IL1_okurigana(kun 96%) | IL2_single_okuri(kun 96%),輝:◆明々とした火の光、またその光が四方に広がる、同「暉」「煇」
kk_輪郭_りんかく,輪郭,りんかく,輪:◆回りながら車の移動を容易にするための円形で中央部が空いている部品、丸太を輪切りにしたようなものは「輇」 ◆円形で中央部が空いている形、またそのような形のもの◆; 郭:◆(日本の城下町に当たる)都市を二重に囲む高い壁のうちの外側の壁、外城(ガイジョウ)、またその壁で囲まれた市街、同「廓」「郛」、内側の壁を「城」という◆壁や塀な,N1,on,on+on,,輪:◆回りながら車の移動を容易にするための円形で中央部が空いている部品、丸太を輪切りにしたようなものは「輇」 ◆円形で中央部が空いている形、またそのような形のもの◆; 郭:◆(日本の城下町に当たる)都市を二重に囲む高い壁のうちの外側の壁、外城(ガイジョウ)、またその壁で囲まれた市街、同「廓」「郛」、内側の壁を「城」という◆壁や塀な
kk_辛うじて_かろうじて,辛うじて,かろうじて,辛:◆舌がひりひりと痛むような味、五味(甘・酸・鹹・苦・辛)の一つ◆涙が出るような(泣き出しそうな)痛み、突き刺されるような痛み◆かのと、十干(ジッカン、甲・乙・丙,N1,kun,kun,IL1_okurigana(kun 96%) | IL2_single_okuri(kun 96%),辛:◆舌がひりひりと痛むような味、五味(甘・酸・鹹・苦・辛)の一つ◆涙が出るような(泣き出しそうな)痛み、突き刺されるような痛み◆かのと、十干(ジッカン、甲・乙・丙
kk_辛抱_しんぼう,辛抱,しんぼう,辛:◆舌がひりひりと痛むような味、五味(甘・酸・鹹・苦・辛)の一つ◆涙が出るような(泣き出しそうな)痛み、突き刺されるような痛み◆かのと、十干(ジッカン、甲・乙・丙; 抱:◆腕を回し胸の中に入れる、中に包み込む◆胸に(心に)考え・思いを持つ、同「懷」,N1,on,on+on,B_verb_rad_手(kun 80%),辛:◆舌がひりひりと痛むような味、五味(甘・酸・鹹・苦・辛)の一つ◆涙が出るような(泣き出しそうな)痛み、突き刺されるような痛み◆かのと、十干(ジッカン、甲・乙・丙; 抱:◆腕を回し胸の中に入れる、中に包み込む◆胸に(心に)考え・思いを持つ、同「懷」
kk_辛抱強い_しんぼうづよい,辛抱強い,しんぼうづよい,辛:◆舌がひりひりと痛むような味、五味(甘・酸・鹹・苦・辛)の一つ◆涙が出るような(泣き出しそうな)痛み、突き刺されるような痛み◆かのと、十干(ジッカン、甲・乙・丙; 抱:◆腕を回し胸の中に入れる、中に包み込む◆胸に(心に)考え・思いを持つ、同「懷」; 強:◆堅(かた)く曲がったり歪(ゆが)んだり弛(ゆる)んだりすることがないさま、どんな力にも揺(ゆら)らがないさま◆力や勢いがあるさま、体力・気力が漲(みなぎ)って,N1,mixed,on+on+kun~,IL1_okurigana(kun 96%) | A1_compound_oku(kun 90%) | A1_on_kun_mix(on+kun 65%),辛:◆舌がひりひりと痛むような味、五味(甘・酸・鹹・苦・辛)の一つ◆涙が出るような(泣き出しそうな)痛み、突き刺されるような痛み◆かのと、十干(ジッカン、甲・乙・丙; 抱:◆腕を回し胸の中に入れる、中に包み込む◆胸に(心に)考え・思いを持つ、同「懷」; 強:◆堅(かた)く曲がったり歪(ゆが)んだり弛(ゆる)んだりすることがないさま、どんな力にも揺(ゆら)らがないさま◆力や勢いがあるさま、体力・気力が漲(みなぎ)って
kk_辟易_へきえき,辟易,へきえき,辟:◆法、法律や規則、手順や作法、基準や標準、「【說文解字注:辟部:辟】法也从卩从辛節制其辠也」◆罪、法に反する◆刑罰、罪を責めて罰する◆考えや行いが普通(多くの人; 易:◆換(か)える、替(か)える、代(か)える、交換する◆占いの書、また占いの法、「爻(コウ)」と呼ばれる「陽と「陰」の並びを換えながら組み合わせた「八卦」「六十四,N1,on,on+on,,辟:◆法、法律や規則、手順や作法、基準や標準、「【說文解字注:辟部:辟】法也从卩从辛節制其辠也」◆罪、法に反する◆刑罰、罪を責めて罰する◆考えや行いが普通(多くの人; 易:◆換(か)える、替(か)える、代(か)える、交換する◆占いの書、また占いの法、「爻(コウ)」と呼ばれる「陽と「陰」の並びを換えながら組み合わせた「八卦」「六十四
kk_辻褄_つじつま,辻褄,つじつま,辻:◆[日]十字に交わっている道◆[日]路傍; 褄:◆[日]和服の左右の衽(おくみ)の下端角(かど)の部分、「褄先(つまさき)」,N1,kun,kun+kun~,,辻:◆[日]十字に交わっている道◆[日]路傍; 褄:◆[日]和服の左右の衽(おくみ)の下端角(かど)の部分、「褄先(つまさき)」
kk_込み上げる_こみあげる,込み上げる,こみあげる,込:◆[日]中に(内に、裏に、見えないところに)入(はい)る、入(い)れる; 上:◆位置・場所・地位などが高い、高い方にある◆高い方に移る、昇る、登る◆順序・時間などが前、前の方にある◆前の方に移る◆等級・品質などが高い、優れている◆殿様、皇,N1,kun,kun+kun~,IL1_okurigana(kun 96%) | A1_compound_oku(kun 90%) | A1_kun_kun_mix(kun+kun 70%),込:◆[日]中に(内に、裏に、見えないところに)入(はい)る、入(い)れる; 上:◆位置・場所・地位などが高い、高い方にある◆高い方に移る、昇る、登る◆順序・時間などが前、前の方にある◆前の方に移る◆等級・品質などが高い、優れている◆殿様、皇
kk_辿り着く_たどりつく,辿り着く,たどりつく,辿:◆確認しながら或いは探しながら一歩一歩(ゆっくりと)進む; 着:◆目的や目標としている物事・場所などに届く、また達する、また到る、同「著」◆他のものに付く、同「著」◆き・る、衣服を身に付ける、同「著」◆火や明かりを点(つ)け,N1,kun,kun+kun~,IL1_okurigana(kun 96%) | A1_compound_oku(kun 90%) | A1_on_kun_mix(on+kun 65%),辿:◆確認しながら或いは探しながら一歩一歩(ゆっくりと)進む; 着:◆目的や目標としている物事・場所などに届く、また達する、また到る、同「著」◆他のものに付く、同「著」◆き・る、衣服を身に付ける、同「著」◆火や明かりを点(つ)け
kk_辿る_たどる,辿る,たどる,辿:◆確認しながら或いは探しながら一歩一歩(ゆっくりと)進む,N1,kun,kun,IL1_okurigana(kun 96%) | IL2_single_okuri(kun 96%),辿:◆確認しながら或いは探しながら一歩一歩(ゆっくりと)進む
kk_迂回_うかい,迂回,うかい,迂:◆まっすぐの道を避けて遠回りして行く、回り道する◆「迂闊(ウカツ)」◇遥(はる)か遠いさま、遠く離れているさま、「【中論:夭壽】…天道迂濶闇昧難明…」◇本質と(; 回:◆円を描(えが)くように動く、一周して(一巡して)元に戻る、同「廻」「迴」、「回復(カイフク)」「回帰(カイキ)」◆元に戻す、元に返す、「回答(カイトウ)」◆(,N1,on,on+on,A3_short_compound(on+on 71%),迂:◆まっすぐの道を避けて遠回りして行く、回り道する◆「迂闊(ウカツ)」◇遥(はる)か遠いさま、遠く離れているさま、「【中論:夭壽】…天道迂濶闇昧難明…」◇本質と(; 回:◆円を描(えが)くように動く、一周して(一巡して)元に戻る、同「廻」「迴」、「回復(カイフク)」「回帰(カイキ)」◆元に戻す、元に返す、「回答(カイトウ)」◆(
kk_迂闊_うかつ,迂闊,うかつ,迂:◆まっすぐの道を避けて遠回りして行く、回り道する◆「迂闊(ウカツ)」◇遥(はる)か遠いさま、遠く離れているさま、「【中論:夭壽】…天道迂濶闇昧難明…」◇本質と(; 闊:◆内部が広々としている◆広々としていて空疎(クウソ)なさま◆間(あいだ)が空いている、遠く離れている,N1,on,on+on,A3_short_compound(on+on 71%),迂:◆まっすぐの道を避けて遠回りして行く、回り道する◆「迂闊(ウカツ)」◇遥(はる)か遠いさま、遠く離れているさま、「【中論:夭壽】…天道迂濶闇昧難明…」◇本質と(; 闊:◆内部が広々としている◆広々としていて空疎(クウソ)なさま◆間(あいだ)が空いている、遠く離れている
kk_迅速_じんそく,迅速,じんそく,迅:◆動きが早い、飛ぶように速い◆急激なさま、激しいさま; 速:◆あっという間に、瞬(またた)く間に、間を置かずに、さっと◆疾(はや)い、あっという間に位置が変わる、また通り過ぎて行く、同「遬」◆間を置かずに動作・反応・対応,N1,on,on+on,,迅:◆動きが早い、飛ぶように速い◆急激なさま、激しいさま; 速:◆あっという間に、瞬(またた)く間に、間を置かずに、さっと◆疾(はや)い、あっという間に位置が変わる、また通り過ぎて行く、同「遬」◆間を置かずに動作・反応・対応
kk_近郊_きんこう,近郊,きんこう,近:◆位置・時間・関係・状態などがすぐ傍(そば)にある◆迫(せま)る、すぐ傍まで寄る、また寄せる◆親(ちか)しい、親(した)しい(間柄や関係などが近い)◆似ている(; 郊:◆都(みやこ)を囲む城壁の外に広がる地で都から百里以内の地、五十里までを「近郊」、百里までを「遠郊」といった、また「郊」の外を「野」、その外を「林」、その外を「,N1,on,on+on,,近:◆位置・時間・関係・状態などがすぐ傍(そば)にある◆迫(せま)る、すぐ傍まで寄る、また寄せる◆親(ちか)しい、親(した)しい(間柄や関係などが近い)◆似ている(; 郊:◆都(みやこ)を囲む城壁の外に広がる地で都から百里以内の地、五十里までを「近郊」、百里までを「遠郊」といった、また「郊」の外を「野」、その外を「林」、その外を「
kk_返上_へんじょう,返上,へんじょう,返:◆帰る、行った先から出発したところに戻る、同「𢓉」◆元に戻る、元に戻す◆[日]反対向きにする、反対向きになる; 上:◆位置・場所・地位などが高い、高い方にある◆高い方に移る、昇る、登る◆順序・時間などが前、前の方にある◆前の方に移る◆等級・品質などが高い、優れている◆殿様、皇,N1,on,on+on,,返:◆帰る、行った先から出発したところに戻る、同「𢓉」◆元に戻る、元に戻す◆[日]反対向きにする、反対向きになる; 上:◆位置・場所・地位などが高い、高い方にある◆高い方に移る、昇る、登る◆順序・時間などが前、前の方にある◆前の方に移る◆等級・品質などが高い、優れている◆殿様、皇
kk_返却_へんきゃく,返却,へんきゃく,返:◆帰る、行った先から出発したところに戻る、同「𢓉」◆元に戻る、元に戻す◆[日]反対向きにする、反対向きになる; 却:◆退(しりぞ)く、後退(あとずさ)りする、「退却(タイキャク)」◆退ける、受け入れずに返す、向かって来るものを押し返す、「返却(ヘンキャク)」◆かえ・って、逆に,N1,on,on+on,,返:◆帰る、行った先から出発したところに戻る、同「𢓉」◆元に戻る、元に戻す◆[日]反対向きにする、反対向きになる; 却:◆退(しりぞ)く、後退(あとずさ)りする、「退却(タイキャク)」◆退ける、受け入れずに返す、向かって来るものを押し返す、「返却(ヘンキャク)」◆かえ・って、逆に
kk_返品_へんぴん,返品,へんぴん,返:◆帰る、行った先から出発したところに戻る、同「𢓉」◆元に戻る、元に戻す◆[日]反対向きにする、反対向きになる; 品:◆物(もの)、多くの物、様々な物◆もの(人や物)の本質・価値・程度を判断する◆ものの値打ち、また価値、また程度・等級,N1,other,mixed+mixed~,,返:◆帰る、行った先から出発したところに戻る、同「𢓉」◆元に戻る、元に戻す◆[日]反対向きにする、反対向きになる; 品:◆物(もの)、多くの物、様々な物◆もの(人や物)の本質・価値・程度を判断する◆ものの値打ち、また価値、また程度・等級
kk_返済_へんさい,返済,へんさい,返:◆帰る、行った先から出発したところに戻る、同「𢓉」◆元に戻る、元に戻す◆[日]反対向きにする、反対向きになる; 済:◆(舟で)川を渡る◆(難所を、難事を)渡り切る、(互いに手を貸しあって)乗り切る◆手を貸して救い上げる、困っている人に手を貸して(足りないものを補い合って)みな,N1,on,on+on,,返:◆帰る、行った先から出発したところに戻る、同「𢓉」◆元に戻る、元に戻す◆[日]反対向きにする、反対向きになる; 済:◆(舟で)川を渡る◆(難所を、難事を)渡り切る、(互いに手を貸しあって)乗り切る◆手を貸して救い上げる、困っている人に手を貸して(足りないものを補い合って)みな
kk_返答_へんとう,返答,へんとう,返:◆帰る、行った先から出発したところに戻る、同「𢓉」◆元に戻る、元に戻す◆[日]反対向きにする、反対向きになる; 答:◆相手からの問い掛けや働き掛けに対して自分の意思を言葉や態度で返す、返事をする◆相手からの問い掛けや働き掛けに応対する、応(こた)える◆相手の心遣いなどに言葉や,N1,on,on+on,B_noun_rad_竹(kun 93%),返:◆帰る、行った先から出発したところに戻る、同「𢓉」◆元に戻る、元に戻す◆[日]反対向きにする、反対向きになる; 答:◆相手からの問い掛けや働き掛けに対して自分の意思を言葉や態度で返す、返事をする◆相手からの問い掛けや働き掛けに応対する、応(こた)える◆相手の心遣いなどに言葉や
kk_返還_へんかん,返還,へんかん,返:◆帰る、行った先から出発したところに戻る、同「𢓉」◆元に戻る、元に戻す◆[日]反対向きにする、反対向きになる; 還:◆移動したり変化した後に同じ道筋を逆に辿(たど)って元に戻る、元と同じ状態・位置に戻る、また戻す、同「𢕼」「復」「返」◆ぐるりと廻(めぐ)って元に戻る、行って戻,N1,on,on+on,,返:◆帰る、行った先から出発したところに戻る、同「𢓉」◆元に戻る、元に戻す◆[日]反対向きにする、反対向きになる; 還:◆移動したり変化した後に同じ道筋を逆に辿(たど)って元に戻る、元と同じ状態・位置に戻る、また戻す、同「𢕼」「復」「返」◆ぐるりと廻(めぐ)って元に戻る、行って戻
kk_追い出す_おいだす,追い出す,おいだす,追:◆先に行った者の跡を辿(たど)って行く、済んだ物事と同じ道を逆に辿る、現在(結果)に至るまでの道筋を過去(原因)に向かって遡(さかのぼ)って行く、「追跡(ツイセ; 出:◆範囲・領域・組織や区切り・境界の内(内側、内部、裏側、こちら側、私的なところ)から外(外側、外部、表側、向こう側、公のところ)に移る、また移す、外から内へ移る,N1,kun,kun+kun,IL1_okurigana(kun 96%) | A1_compound_oku(kun 90%) | A1_on_kun_mix(on+kun 65%),追:◆先に行った者の跡を辿(たど)って行く、済んだ物事と同じ道を逆に辿る、現在(結果)に至るまでの道筋を過去(原因)に向かって遡(さかのぼ)って行く、「追跡(ツイセ; 出:◆範囲・領域・組織や区切り・境界の内(内側、内部、裏側、こちら側、私的なところ)から外(外側、外部、表側、向こう側、公のところ)に移る、また移す、外から内へ移る
kk_追い込む_おいこむ,追い込む,おいこむ,追:◆先に行った者の跡を辿(たど)って行く、済んだ物事と同じ道を逆に辿る、現在(結果)に至るまでの道筋を過去(原因)に向かって遡(さかのぼ)って行く、「追跡(ツイセ; 込:◆[日]中に(内に、裏に、見えないところに)入(はい)る、入(い)れる,N1,kun,kun+kun~,IL1_okurigana(kun 96%) | A1_compound_oku(kun 90%) | A1_on_kun_mix(on+kun 65%),追:◆先に行った者の跡を辿(たど)って行く、済んだ物事と同じ道を逆に辿る、現在(結果)に至るまでの道筋を過去(原因)に向かって遡(さかのぼ)って行く、「追跡(ツイセ; 込:◆[日]中に(内に、裏に、見えないところに)入(はい)る、入(い)れる
kk_追及_ついきゅう,追及,ついきゅう,追:◆先に行った者の跡を辿(たど)って行く、済んだ物事と同じ道を逆に辿る、現在(結果)に至るまでの道筋を過去(原因)に向かって遡(さかのぼ)って行く、「追跡(ツイセ; 及:◆～の状態が継続してここに(今に)至る、同「迨」◆～(の状態、の時刻・時期・時機)になる、～に至(いた)る、同「迨」「逮」◆～(の状態、の場所、の段階)に達する,N1,on,on+on,,追:◆先に行った者の跡を辿(たど)って行く、済んだ物事と同じ道を逆に辿る、現在(結果)に至るまでの道筋を過去(原因)に向かって遡(さかのぼ)って行く、「追跡(ツイセ; 及:◆～の状態が継続してここに(今に)至る、同「迨」◆～(の状態、の時刻・時期・時機)になる、～に至(いた)る、同「迨」「逮」◆～(の状態、の場所、の段階)に達する
kk_追放_ついほう,追放,ついほう,追:◆先に行った者の跡を辿(たど)って行く、済んだ物事と同じ道を逆に辿る、現在(結果)に至るまでの道筋を過去(原因)に向かって遡(さかのぼ)って行く、「追跡(ツイセ; 放:◆制限(セイゲン)・束縛(ソクバク)・拘束(コウソク)され自由に動けない状態であったものを自由に動ける状態にする、制限・束縛・拘束を解(と)く、「開放(カイホウ,N1,on,on+on,,追:◆先に行った者の跡を辿(たど)って行く、済んだ物事と同じ道を逆に辿る、現在(結果)に至るまでの道筋を過去(原因)に向かって遡(さかのぼ)って行く、「追跡(ツイセ; 放:◆制限(セイゲン)・束縛(ソクバク)・拘束(コウソク)され自由に動けない状態であったものを自由に動ける状態にする、制限・束縛・拘束を解(と)く、「開放(カイホウ
kk_追究/追窮_ついきゅう,追究/追窮,ついきゅう,追:◆先に行った者の跡を辿(たど)って行く、済んだ物事と同じ道を逆に辿る、現在(結果)に至るまでの道筋を過去(原因)に向かって遡(さかのぼ)って行く、「追跡(ツイセ; 究:◆極める、奥深い穴の突き当たりまで行く、極まる、突き当たりまで行き着く◆窮(きわ)める、(奥深い穴の)隅々まで調べ尽くす◆とどのつまり、結局; 追:◆先に行った者の跡を辿(たど)って行く、済んだ物事と同じ道を逆に辿る、現在(結果)に至るまでの道筋を過去(原因)に向かって遡(さかのぼ)って行く、「追跡(ツイセ,N1,on,on+on+on+on~,A4_multi_on(on+on+on+on 65%),追:◆先に行った者の跡を辿(たど)って行く、済んだ物事と同じ道を逆に辿る、現在(結果)に至るまでの道筋を過去(原因)に向かって遡(さかのぼ)って行く、「追跡(ツイセ; 究:◆極める、奥深い穴の突き当たりまで行く、極まる、突き当たりまで行き着く◆窮(きわ)める、(奥深い穴の)隅々まで調べ尽くす◆とどのつまり、結局; 追:◆先に行った者の跡を辿(たど)って行く、済んだ物事と同じ道を逆に辿る、現在(結果)に至るまでの道筋を過去(原因)に向かって遡(さかのぼ)って行く、「追跡(ツイセ
kk_追跡_ついせき,追跡,ついせき,追:◆先に行った者の跡を辿(たど)って行く、済んだ物事と同じ道を逆に辿る、現在(結果)に至るまでの道筋を過去(原因)に向かって遡(さかのぼ)って行く、「追跡(ツイセ; 跡:◆歩いた所、歩いた所に残る足の印(しるし)◆物や出来事があった所に残る痕跡、同「迹」「蹟」◆簡「迹」,N1,on,on+on,B_verb_rad_足(kun 80%),追:◆先に行った者の跡を辿(たど)って行く、済んだ物事と同じ道を逆に辿る、現在(結果)に至るまでの道筋を過去(原因)に向かって遡(さかのぼ)って行く、「追跡(ツイセ; 跡:◆歩いた所、歩いた所に残る足の印(しるし)◆物や出来事があった所に残る痕跡、同「迹」「蹟」◆簡「迹」
kk_退く_しりぞく,退く,しりぞく,退:◆後ろに向かう、後ろへ下がる、後ろ向きに進む、逆は「進」◆今いる場所から遠ざかる方に向かう、その場を立ち去る◆体を後へ引く、身を引く◆状態が悪くなる(衰える、弱,N1,kun,kun,IL1_okurigana(kun 96%) | IL2_single_okuri(kun 96%),退:◆後ろに向かう、後ろへ下がる、後ろ向きに進む、逆は「進」◆今いる場所から遠ざかる方に向かう、その場を立ち去る◆体を後へ引く、身を引く◆状態が悪くなる(衰える、弱
kk_退化_たいか,退化,たいか,退:◆後ろに向かう、後ろへ下がる、後ろ向きに進む、逆は「進」◆今いる場所から遠ざかる方に向かう、その場を立ち去る◆体を後へ引く、身を引く◆状態が悪くなる(衰える、弱; 化:◆性質・形状・状態などが元とは全く違ったものに変わる、まだ元の様子が分かる程度の変化は「変」◆他の影響を受けて、また時間を経ることによって考えや態度などが変わる,N1,on,on+on,A3_short_compound(on+on 71%),退:◆後ろに向かう、後ろへ下がる、後ろ向きに進む、逆は「進」◆今いる場所から遠ざかる方に向かう、その場を立ち去る◆体を後へ引く、身を引く◆状態が悪くなる(衰える、弱; 化:◆性質・形状・状態などが元とは全く違ったものに変わる、まだ元の様子が分かる程度の変化は「変」◆他の影響を受けて、また時間を経ることによって考えや態度などが変わる
kk_退治_たいじ,退治,たいじ,退:◆後ろに向かう、後ろへ下がる、後ろ向きに進む、逆は「進」◆今いる場所から遠ざかる方に向かう、その場を立ち去る◆体を後へ引く、身を引く◆状態が悪くなる(衰える、弱; 治:◆氾濫(ハンラン)を防いだり水を利用しやすくするために川の流れを変える、筋(すじ)を通す、同「理」◆手を加えて乱れがないようにする、また秩序ある状態にする、また,N1,on,on+on,A3_short_compound(on+on 71%),退:◆後ろに向かう、後ろへ下がる、後ろ向きに進む、逆は「進」◆今いる場所から遠ざかる方に向かう、その場を立ち去る◆体を後へ引く、身を引く◆状態が悪くなる(衰える、弱; 治:◆氾濫(ハンラン)を防いだり水を利用しやすくするために川の流れを変える、筋(すじ)を通す、同「理」◆手を加えて乱れがないようにする、また秩序ある状態にする、また
kk_送り状_おくりじょう,送り状,おくりじょう,送:◆行く人(別れる人、帰る人、旅立つ人、亡くなった人など)と途中まで同道する、出向いて行って迎えるのは「迎」◆ものを目的地へ運び届ける◆贈(おく)る、遣(つか)わ; 状:◆形、姿形(すがたかたち)、有様(ありさま)、情況(ジョウキョウ)、様子(ヨウシ、ようす)◆様子を述べる、言い表す、またその文書や手紙,N1,mixed,kun+on~,IL1_okurigana(kun 96%) | A1_compound_oku(kun 90%) | A1_on_kun_mix(on+kun 65%),送:◆行く人(別れる人、帰る人、旅立つ人、亡くなった人など)と途中まで同道する、出向いて行って迎えるのは「迎」◆ものを目的地へ運び届ける◆贈(おく)る、遣(つか)わ; 状:◆形、姿形(すがたかたち)、有様(ありさま)、情況(ジョウキョウ)、様子(ヨウシ、ようす)◆様子を述べる、言い表す、またその文書や手紙
kk_送付_そうふ,送付,そうふ,送:◆行く人(別れる人、帰る人、旅立つ人、亡くなった人など)と途中まで同道する、出向いて行って迎えるのは「迎」◆ものを目的地へ運び届ける◆贈(おく)る、遣(つか)わ; 付:◆手ずから授(さず)ける、直接手を取って与える、同「仅」◆渡し与える、渡して任せる、委(ゆだ)ねる◆[日]他のものに加える、また添える、また足す、同「附」,N1,on,on+on,A3_short_compound(on+on 71%),送:◆行く人(別れる人、帰る人、旅立つ人、亡くなった人など)と途中まで同道する、出向いて行って迎えるのは「迎」◆ものを目的地へ運び届ける◆贈(おく)る、遣(つか)わ; 付:◆手ずから授(さず)ける、直接手を取って与える、同「仅」◆渡し与える、渡して任せる、委(ゆだ)ねる◆[日]他のものに加える、また添える、また足す、同「附」
kk_逃す_のがす,逃す,のがす,逃:◆受け入れ難い状態から抜け出る、受け入れ難い状態に陥らない方向に向かって行く、避けて遠ざかる,N1,kun,kun,IL1_okurigana(kun 96%) | IL2_single_okuri(kun 96%),逃:◆受け入れ難い状態から抜け出る、受け入れ難い状態に陥らない方向に向かって行く、避けて遠ざかる
kk_逃れる_のがれる,逃れる,のがれる,逃:◆受け入れ難い状態から抜け出る、受け入れ難い状態に陥らない方向に向かって行く、避けて遠ざかる,N1,kun,kun,IL1_okurigana(kun 96%) | IL2_single_okuri(kun 96%),逃:◆受け入れ難い状態から抜け出る、受け入れ難い状態に陥らない方向に向かって行く、避けて遠ざかる
kk_逃亡_とうぼう,逃亡,とうぼう,逃:◆受け入れ難い状態から抜け出る、受け入れ難い状態に陥らない方向に向かって行く、避けて遠ざかる; 亡:◆(そこにいた人が)逃げる、姿を消す、「逃亡(トウボウ)」◆(それまで生きていた人が)死ぬ、「死亡(シボウ)」◆(それまでそこにあったものが衰え弱り小さくなって,N1,on,on+on,,逃:◆受け入れ難い状態から抜け出る、受け入れ難い状態に陥らない方向に向かって行く、避けて遠ざかる; 亡:◆(そこにいた人が)逃げる、姿を消す、「逃亡(トウボウ)」◆(それまで生きていた人が)死ぬ、「死亡(シボウ)」◆(それまでそこにあったものが衰え弱り小さくなって
kk_逃走_とうそう,逃走,とうそう,逃:◆受け入れ難い状態から抜け出る、受け入れ難い状態に陥らない方向に向かって行く、避けて遠ざかる; 走:◆片足を地に着け止め、残る片足を前に運んで止める、という動作を左右の足で交互に速く繰り返す、早足(はやあし)で行く、同「趨」、ゆっくり繰り返すことを「歩」◆逃(,N1,on,on+on,,逃:◆受け入れ難い状態から抜け出る、受け入れ難い状態に陥らない方向に向かって行く、避けて遠ざかる; 走:◆片足を地に着け止め、残る片足を前に運んで止める、という動作を左右の足で交互に速く繰り返す、早足(はやあし)で行く、同「趨」、ゆっくり繰り返すことを「歩」◆逃(
kk_逆上_ぎゃくじょう,逆上,ぎゃくじょう,"逆:◆""→""向きに進むべきものが""←""向きに進む、進むべき道(道理や道徳など)に反する、本来の(一般的な)方向や順序と反対向きである、「逆行(ギャッコウ)」「逆流(; 上:◆位置・場所・地位などが高い、高い方にある◆高い方に移る、昇る、登る◆順序・時間などが前、前の方にある◆前の方に移る◆等級・品質などが高い、優れている◆殿様、皇",N1,on,on+on,,"逆:◆""→""向きに進むべきものが""←""向きに進む、進むべき道(道理や道徳など)に反する、本来の(一般的な)方向や順序と反対向きである、「逆行(ギャッコウ)」「逆流(; 上:◆位置・場所・地位などが高い、高い方にある◆高い方に移る、昇る、登る◆順序・時間などが前、前の方にある◆前の方に移る◆等級・品質などが高い、優れている◆殿様、皇"
kk_途上_とじょう,途上,とじょう,途:◆(途切れることなく繋がっている)道、道路、同「涂」「塗」◆(目的とするところに達するための)道、道筋; 上:◆位置・場所・地位などが高い、高い方にある◆高い方に移る、昇る、登る◆順序・時間などが前、前の方にある◆前の方に移る◆等級・品質などが高い、優れている◆殿様、皇,N1,on,on+on,A3_short_compound(on+on 71%),途:◆(途切れることなく繋がっている)道、道路、同「涂」「塗」◆(目的とするところに達するための)道、道筋; 上:◆位置・場所・地位などが高い、高い方にある◆高い方に移る、昇る、登る◆順序・時間などが前、前の方にある◆前の方に移る◆等級・品質などが高い、優れている◆殿様、皇
kk_途切れる_とぎれる,途切れる,とぎれる,途:◆(途切れることなく繋がっている)道、道路、同「涂」「塗」◆(目的とするところに達するための)道、道筋; 切:◆刃物などですっと断(た)つ、裁(た)つ、割(さ)く◆ぴったりとしたさま、隙(すき)がないさま、「親切(シンセツ)」◆近くまで迫(せま)る、差し迫る、「切近(セ,N1,other,mixed+mixed~,IL1_okurigana(kun 96%) | A1_compound_oku(kun 90%) | A1_on_kun_mix(on+kun 65%),途:◆(途切れることなく繋がっている)道、道路、同「涂」「塗」◆(目的とするところに達するための)道、道筋; 切:◆刃物などですっと断(た)つ、裁(た)つ、割(さ)く◆ぴったりとしたさま、隙(すき)がないさま、「親切(シンセツ)」◆近くまで迫(せま)る、差し迫る、「切近(セ
kk_途方もない_とほうもない,途方もない,とほうもない,途:◆(途切れることなく繋がっている)道、道路、同「涂」「塗」◆(目的とするところに達するための)道、道筋; 方:◆四角、四角いさま、角(かど)が直角になっているさま、「方形(ホウケイ)」◆数学で二つの数を掛け合わせた数(正方形・長方形の一つの角を成す二辺を掛け合わせた数),N1,on,on+on~,IL1_okurigana(kun 96%) | A1_compound_oku(kun 90%) | A1_on_kun_mix(on+kun 65%),途:◆(途切れることなく繋がっている)道、道路、同「涂」「塗」◆(目的とするところに達するための)道、道筋; 方:◆四角、四角いさま、角(かど)が直角になっているさま、「方形(ホウケイ)」◆数学で二つの数を掛け合わせた数(正方形・長方形の一つの角を成す二辺を掛け合わせた数)
kk_途絶える_とだえる,途絶える,とだえる,途:◆(途切れることなく繋がっている)道、道路、同「涂」「塗」◆(目的とするところに達するための)道、道筋; 絶:◆(一本の糸・続いているもの・繋がっているものを途中で)断(た)ち切る、切り離す、同「𢇍」「𠤉」◆きっぱりと分(わ)かつ◆(それまで続いていたもの・繋がっていた,N1,other,mixed+mixed~,IL1_okurigana(kun 96%) | A1_compound_oku(kun 90%) | A1_on_kun_mix(on+kun 65%),途:◆(途切れることなく繋がっている)道、道路、同「涂」「塗」◆(目的とするところに達するための)道、道筋; 絶:◆(一本の糸・続いているもの・繋がっているものを途中で)断(た)ち切る、切り離す、同「𢇍」「𠤉」◆きっぱりと分(わ)かつ◆(それまで続いていたもの・繋がっていた
kk_通報_つうほう,通報,つうほう,通:◆途中に障害となるようなものがなく反対側・向こう側・相手方・目的地まで達する、また達している◆支障なく行き来ができる、また行き来する、また行き来ができるようにす; 報:◆相手から受けた物事に対して相応(ソウオウ)の物事で返す、相手に与えた物事に対して相応の物事が返ってくる、罪科の程度に相応する罰を与える(「罪を犯せば相応の罰が,N1,on,on+on,,通:◆途中に障害となるようなものがなく反対側・向こう側・相手方・目的地まで達する、また達している◆支障なく行き来ができる、また行き来する、また行き来ができるようにす; 報:◆相手から受けた物事に対して相応(ソウオウ)の物事で返す、相手に与えた物事に対して相応の物事が返ってくる、罪科の程度に相応する罰を与える(「罪を犯せば相応の罰が
kk_通念_つうねん,通念,つうねん,通:◆途中に障害となるようなものがなく反対側・向こう側・相手方・目的地まで達する、また達している◆支障なく行き来ができる、また行き来する、また行き来ができるようにす; 念:◆常に心に留めて思い考える、心の中に留まり去らない思いや考え◆口をほとんど閉じた状態で低い声を長く伸ばして読む◆二十、「廿」の大写字(「二」は「貳」、「三」は「,N1,on,on+on,,通:◆途中に障害となるようなものがなく反対側・向こう側・相手方・目的地まで達する、また達している◆支障なく行き来ができる、また行き来する、また行き来ができるようにす; 念:◆常に心に留めて思い考える、心の中に留まり去らない思いや考え◆口をほとんど閉じた状態で低い声を長く伸ばして読む◆二十、「廿」の大写字(「二」は「貳」、「三」は「
kk_通達_つうたつ,通達,つうたつ,通:◆途中に障害となるようなものがなく反対側・向こう側・相手方・目的地まで達する、また達している◆支障なく行き来ができる、また行き来する、また行き来ができるようにす; 達:◆道が滞(とどこお)ることなく通じる◆目的とするところまで行き着く、また届く◆目標としたことを成し遂げる◆物事の奥深くまで通じる、また理解する◆[日]だち、たち,N1,on,on+on,,通:◆途中に障害となるようなものがなく反対側・向こう側・相手方・目的地まで達する、また達している◆支障なく行き来ができる、また行き来する、また行き来ができるようにす; 達:◆道が滞(とどこお)ることなく通じる◆目的とするところまで行き着く、また届く◆目標としたことを成し遂げる◆物事の奥深くまで通じる、また理解する◆[日]だち、たち
kk_逞しい_たくましい,逞しい,たくましい,逞:◆思いの通りになる、意に叶(かな)う◆思いのままに振る舞う◆「不逞(フテイ)」、思い通りにならないさま、意に叶わず不満に思うさま◆勢いがあるさま、力強いさま、「,N1,kun,kun,IL1_okurigana(kun 96%) | IL2_single_okuri(kun 96%),逞:◆思いの通りになる、意に叶(かな)う◆思いのままに振る舞う◆「不逞(フテイ)」、思い通りにならないさま、意に叶わず不満に思うさま◆勢いがあるさま、力強いさま、「
kk_連なる_つらなる,連なる,つらなる,連:◆途切れずに続く、次々に間を置かずに続く、また繋(つな)がる◆結び付く、関わり合いを持つ◆一緒に行動する◆続々と、次々に、間を置かずに,N1,kun,kun,IL1_okurigana(kun 96%) | IL2_single_okuri(kun 96%),連:◆途切れずに続く、次々に間を置かずに続く、また繋(つな)がる◆結び付く、関わり合いを持つ◆一緒に行動する◆続々と、次々に、間を置かずに
kk_連ねる_つらねる,連ねる,つらねる,連:◆途切れずに続く、次々に間を置かずに続く、また繋(つな)がる◆結び付く、関わり合いを持つ◆一緒に行動する◆続々と、次々に、間を置かずに,N1,kun,kun,IL1_okurigana(kun 96%) | IL2_single_okuri(kun 96%),連:◆途切れずに続く、次々に間を置かずに続く、また繋(つな)がる◆結び付く、関わり合いを持つ◆一緒に行動する◆続々と、次々に、間を置かずに
kk_連中_れんちゅう,連中,れんちゅう,連:◆途切れずに続く、次々に間を置かずに続く、また繋(つな)がる◆結び付く、関わり合いを持つ◆一緒に行動する◆続々と、次々に、間を置かずに; 中:◆ものとものの間にあってどちらにも偏(かたよ)らない位置◆上下・高低・大小などの間(あいだ)に位置する人や物や場所、同「仲」◆始点(出発地)から終点(目的地)ま,N1,on,on+on,,連:◆途切れずに続く、次々に間を置かずに続く、また繋(つな)がる◆結び付く、関わり合いを持つ◆一緒に行動する◆続々と、次々に、間を置かずに; 中:◆ものとものの間にあってどちらにも偏(かたよ)らない位置◆上下・高低・大小などの間(あいだ)に位置する人や物や場所、同「仲」◆始点(出発地)から終点(目的地)ま
kk_連帯_れんたい,連帯,れんたい,連:◆途切れずに続く、次々に間を置かずに続く、また繋(つな)がる◆結び付く、関わり合いを持つ◆一緒に行動する◆続々と、次々に、間を置かずに; 帯:◆衣服が開(はだ)けないように胸の下に辺りに巻いて結ぶ長く幅広の布、またそれを巻く ◆(帯に挟んだり、帯のように巻いたり結わえたりして)身に着ける、着用する◆(,N1,on,on+on,B_noun_rad_巾(kun 93%),連:◆途切れずに続く、次々に間を置かずに続く、また繋(つな)がる◆結び付く、関わり合いを持つ◆一緒に行動する◆続々と、次々に、間を置かずに; 帯:◆衣服が開(はだ)けないように胸の下に辺りに巻いて結ぶ長く幅広の布、またそれを巻く ◆(帯に挟んだり、帯のように巻いたり結わえたりして)身に着ける、着用する◆(
kk_連携_れんけい,連携,れんけい,連:◆途切れずに続く、次々に間を置かずに続く、また繋(つな)がる◆結び付く、関わり合いを持つ◆一緒に行動する◆続々と、次々に、間を置かずに; 携:◆手にぶら下げて持つ、(紐などで繋いだものをぶら下げるようにして)身に帯びる◆手を繋ぐ、手を取る、手を取り合う◆手を取って一緒に行く、引き連れる,N1,on,on+on,B_verb_rad_手(kun 80%),連:◆途切れずに続く、次々に間を置かずに続く、また繋(つな)がる◆結び付く、関わり合いを持つ◆一緒に行動する◆続々と、次々に、間を置かずに; 携:◆手にぶら下げて持つ、(紐などで繋いだものをぶら下げるようにして)身に帯びる◆手を繋ぐ、手を取る、手を取り合う◆手を取って一緒に行く、引き連れる
kk_連邦_れんぽう,連邦,れんぽう,連:◆途切れずに続く、次々に間を置かずに続く、また繋(つな)がる◆結び付く、関わり合いを持つ◆一緒に行動する◆続々と、次々に、間を置かずに; 邦:◆君主から与えられた領土、大きいものを「邦」、小さいものは「国」◆国、国土、国家,N1,other,mixed+mixed~,,連:◆途切れずに続く、次々に間を置かずに続く、また繋(つな)がる◆結び付く、関わり合いを持つ◆一緒に行動する◆続々と、次々に、間を置かずに; 邦:◆君主から与えられた領土、大きいものを「邦」、小さいものは「国」◆国、国土、国家
kk_進呈_しんてい,進呈,しんてい,進:◆前に向かって動く(行く)、前に出る、登る、上に向かって動く(行く)、昇って行く、状態が良い方向に向かう、逆は「退」◆位や程度が上がる◆人にものを差し出す、また; 呈:◆示(しめ)す、はっきりと分かるように広げて見せる、同「𧵋」◆まっすぐに差し出す◆下級の者が上級の者に差し出す文書¶本来の字形は{⿱口𡈼}、「𡈼{⿱ノ土}」の音,N1,on,on+on,,進:◆前に向かって動く(行く)、前に出る、登る、上に向かって動く(行く)、昇って行く、状態が良い方向に向かう、逆は「退」◆位や程度が上がる◆人にものを差し出す、また; 呈:◆示(しめ)す、はっきりと分かるように広げて見せる、同「𧵋」◆まっすぐに差し出す◆下級の者が上級の者に差し出す文書¶本来の字形は{⿱口𡈼}、「𡈼{⿱ノ土}」の音
kk_進展_しんてん,進展,しんてん,進:◆前に向かって動く(行く)、前に出る、登る、上に向かって動く(行く)、昇って行く、状態が良い方向に向かう、逆は「退」◆位や程度が上がる◆人にものを差し出す、また; 展:◆転(ころ)がす、巻いてあるものを転がして広げる◆巻いたり折ってあるものなどを開き広げる、そのままでは見えないもの(ものの中にあって見えないもの)を広げて見る、,N1,on,on+on,,進:◆前に向かって動く(行く)、前に出る、登る、上に向かって動く(行く)、昇って行く、状態が良い方向に向かう、逆は「退」◆位や程度が上がる◆人にものを差し出す、また; 展:◆転(ころ)がす、巻いてあるものを転がして広げる◆巻いたり折ってあるものなどを開き広げる、そのままでは見えないもの(ものの中にあって見えないもの)を広げて見る、
kk_進捗_しんちょく,進捗,しんちょく,進:◆前に向かって動く(行く)、前に出る、登る、上に向かって動く(行く)、昇って行く、状態が良い方向に向かう、逆は「退」◆位や程度が上がる◆人にものを差し出す、また; 捗:◆打つ◆「捗攎(ホロ)」、未詳、「散らばった草を拾い集める」の意か?、「【集韻:卷二:平聲:模第十一:荹捗】荹攎收亂艸或从手」◆[日]はかど・る、仕事が順調に進,N1,on,on+on,B_verb_rad_手(kun 80%),進:◆前に向かって動く(行く)、前に出る、登る、上に向かって動く(行く)、昇って行く、状態が良い方向に向かう、逆は「退」◆位や程度が上がる◆人にものを差し出す、また; 捗:◆打つ◆「捗攎(ホロ)」、未詳、「散らばった草を拾い集める」の意か?、「【集韻:卷二:平聲:模第十一:荹捗】荹攎收亂艸或从手」◆[日]はかど・る、仕事が順調に進
kk_逸らす_そらす,逸らす,そらす,逸:◆逃(のが)れる、(指や網の隙間から、するりと)抜ける◆(収まっているべきところから、うっかり)外に出る、外(はず)れる◆枠を一段と超えている、抜きん出ている◆,N1,kun,kun,IL1_okurigana(kun 96%) | IL2_single_okuri(kun 96%),逸:◆逃(のが)れる、(指や網の隙間から、するりと)抜ける◆(収まっているべきところから、うっかり)外に出る、外(はず)れる◆枠を一段と超えている、抜きん出ている◆
kk_逸材_いつざい,逸材,いつざい,逸:◆逃(のが)れる、(指や網の隙間から、するりと)抜ける◆(収まっているべきところから、うっかり)外に出る、外(はず)れる◆枠を一段と超えている、抜きん出ている◆; 材:◆切り出した木、立木は「樹」◆さまざまな構築物や工作物などに用いられる木◆ものを作り上げるための元となる物◆有用なもの、有能な人,N1,on,on+on,B_noun_rad_木(kun 93%),逸:◆逃(のが)れる、(指や網の隙間から、するりと)抜ける◆(収まっているべきところから、うっかり)外に出る、外(はず)れる◆枠を一段と超えている、抜きん出ている◆; 材:◆切り出した木、立木は「樹」◆さまざまな構築物や工作物などに用いられる木◆ものを作り上げるための元となる物◆有用なもの、有能な人
kk_遅延_ちえん,遅延,ちえん,遅:◆ゆっくりしたさま、次の動作までに時間が掛るさま◆ゆっくりと進む、鈍(のろ)い◆決まっている時間・期間の終わりの頃になる、またその頃を過ぎる◆決まっている時(瞬; 延:◆時間や道などが途切れずに遠くまで伸びている、また続いている◆長く(広く)引き伸ばす、また伸びる◆人を招(まね)く¶別「𢌛」,N1,on,on+on,A3_short_compound(on+on 71%),遅:◆ゆっくりしたさま、次の動作までに時間が掛るさま◆ゆっくりと進む、鈍(のろ)い◆決まっている時間・期間の終わりの頃になる、またその頃を過ぎる◆決まっている時(瞬; 延:◆時間や道などが途切れずに遠くまで伸びている、また続いている◆長く(広く)引き伸ばす、また伸びる◆人を招(まね)く¶別「𢌛」
kk_遅番_おそばん,遅番,おそばん,遅:◆ゆっくりしたさま、次の動作までに時間が掛るさま◆ゆっくりと進む、鈍(のろ)い◆決まっている時間・期間の終わりの頃になる、またその頃を過ぎる◆決まっている時(瞬; 番:◆順に並んでいるものを次々に入れ替えながら繰り返すこと、またその順位、またその順位に当たること、「輪番(リンバン、順番に交替しながら繰り返すこと)」「當番(トウ,N1,mixed,kun+on~,,遅:◆ゆっくりしたさま、次の動作までに時間が掛るさま◆ゆっくりと進む、鈍(のろ)い◆決まっている時間・期間の終わりの頃になる、またその頃を過ぎる◆決まっている時(瞬; 番:◆順に並んでいるものを次々に入れ替えながら繰り返すこと、またその順位、またその順位に当たること、「輪番(リンバン、順番に交替しながら繰り返すこと)」「當番(トウ
kk_遊興_ゆうきょう,遊興,ゆうきょう,遊:◆同じところに留(とど)まらずにあちこち巡(めぐ)り歩く、あちこちに出向いて行く、同「游」◆気の向くままに楽しむ、同「游」◆互いに行き来して親しく交わる、同「游; 興:◆起き上がる、すっくと立つ◆持ち上げる、高く挙(あ)げる◆高(たか)ぶる、高揚(コウヨウ)する、盛り上がる◆盛んになる、栄える,N1,on,on+on,,遊:◆同じところに留(とど)まらずにあちこち巡(めぐ)り歩く、あちこちに出向いて行く、同「游」◆気の向くままに楽しむ、同「游」◆互いに行き来して親しく交わる、同「游; 興:◆起き上がる、すっくと立つ◆持ち上げる、高く挙(あ)げる◆高(たか)ぶる、高揚(コウヨウ)する、盛り上がる◆盛んになる、栄える
kk_運営_うんえい,運営,うんえい,運:◆場所や位置を移し変える、移動する、移転する、「運行(ウンコウ)」◆止(とど)まることなく位置や状況などが移り変わる、止(と)まらないように次へ次へと場所や位置; 営:◆住居(生活するところ)の周りに壁や塀などを巡らす◆軍隊が駐留するために周りに土塁などを巡らす、また土塁などを巡らせた場所◆周りを囲って外敵から守る◆生活する(,N1,on,on+on,,運:◆場所や位置を移し変える、移動する、移転する、「運行(ウンコウ)」◆止(とど)まることなく位置や状況などが移り変わる、止(と)まらないように次へ次へと場所や位置; 営:◆住居(生活するところ)の周りに壁や塀などを巡らす◆軍隊が駐留するために周りに土塁などを巡らす、また土塁などを巡らせた場所◆周りを囲って外敵から守る◆生活する(
kk_運搬_うんぱん,運搬,うんぱん,運:◆場所や位置を移し変える、移動する、移転する、「運行(ウンコウ)」◆止(とど)まることなく位置や状況などが移り変わる、止(と)まらないように次へ次へと場所や位置; 搬:◆物を別の場所へ移す,N1,on,mixed+on~,B_verb_rad_手(kun 80%),運:◆場所や位置を移し変える、移動する、移転する、「運行(ウンコウ)」◆止(とど)まることなく位置や状況などが移り変わる、止(と)まらないように次へ次へと場所や位置; 搬:◆物を別の場所へ移す
kk_運用_うんよう,運用,うんよう,運:◆場所や位置を移し変える、移動する、移転する、「運行(ウンコウ)」◆止(とど)まることなく位置や状況などが移り変わる、止(と)まらないように次へ次へと場所や位置; 用:◆人や物、或いはその特性や能力を使う、また使ってあることを行う、また役立たせる◆働かせる、発揮させる、またそのために必要な特性・能力・金銭など◆以(もっ)て◆[,N1,on,on+on,,運:◆場所や位置を移し変える、移動する、移転する、「運行(ウンコウ)」◆止(とど)まることなく位置や状況などが移り変わる、止(と)まらないように次へ次へと場所や位置; 用:◆人や物、或いはその特性や能力を使う、また使ってあることを行う、また役立たせる◆働かせる、発揮させる、またそのために必要な特性・能力・金銭など◆以(もっ)て◆[
kk_運賃_うんちん,運賃,うんちん,運:◆場所や位置を移し変える、移動する、移転する、「運行(ウンコウ)」◆止(とど)まることなく位置や状況などが移り変わる、止(と)まらないように次へ次へと場所や位置; 賃:◆金を払って人を雇う◆雇用者に支払う報酬、「賃金(チンギン)」◆金を払って借り貸しする,N1,on,on+on,,運:◆場所や位置を移し変える、移動する、移転する、「運行(ウンコウ)」◆止(とど)まることなく位置や状況などが移り変わる、止(と)まらないように次へ次へと場所や位置; 賃:◆金を払って人を雇う◆雇用者に支払う報酬、「賃金(チンギン)」◆金を払って借り貸しする
kk_運送_うんそう,運送,うんそう,運:◆場所や位置を移し変える、移動する、移転する、「運行(ウンコウ)」◆止(とど)まることなく位置や状況などが移り変わる、止(と)まらないように次へ次へと場所や位置; 送:◆行く人(別れる人、帰る人、旅立つ人、亡くなった人など)と途中まで同道する、出向いて行って迎えるのは「迎」◆ものを目的地へ運び届ける◆贈(おく)る、遣(つか)わ,N1,on,on+on,,運:◆場所や位置を移し変える、移動する、移転する、「運行(ウンコウ)」◆止(とど)まることなく位置や状況などが移り変わる、止(と)まらないように次へ次へと場所や位置; 送:◆行く人(別れる人、帰る人、旅立つ人、亡くなった人など)と途中まで同道する、出向いて行って迎えるのは「迎」◆ものを目的地へ運び届ける◆贈(おく)る、遣(つか)わ
kk_過ち_あやまち,過ち,あやまち,過:◆度(ド、度合、節度、法度、限度、程度など)を越える(超える)◆度を越えて(超えて)しまう、誤(あやま)る◆時(とき、時代、時期、季節、月日、時間など)を通り越,N1,kun,kun,IL1_okurigana(kun 96%) | IL2_single_okuri(kun 96%),過:◆度(ド、度合、節度、法度、限度、程度など)を越える(超える)◆度を越えて(超えて)しまう、誤(あやま)る◆時(とき、時代、時期、季節、月日、時間など)を通り越
kk_過保護_かほご,過保護,かほご,過:◆度(ド、度合、節度、法度、限度、程度など)を越える(超える)◆度を越えて(超えて)しまう、誤(あやま)る◆時(とき、時代、時期、季節、月日、時間など)を通り越; 保:◆(子供などを)大切に守り育てる、「保護(ホゴ)」◆傍(そば)に付き添い助け守る、「保母(ホボ)」、傍に付き添いながら助言・教育する、「太保(タイホ、古代の官職; 護:◆周(まわ)りを囲んで中のものを守る、庇(かば)い守る、外からの災禍(サイカ)や危害(キガイ)などを防ぎ守る、「保護(ホゴ)」,N1,on,on+on+on,A4_multi_on(on+on+on 65%) | B_verb_rad_言(kun 80%),過:◆度(ド、度合、節度、法度、限度、程度など)を越える(超える)◆度を越えて(超えて)しまう、誤(あやま)る◆時(とき、時代、時期、季節、月日、時間など)を通り越; 保:◆(子供などを)大切に守り育てる、「保護(ホゴ)」◆傍(そば)に付き添い助け守る、「保母(ホボ)」、傍に付き添いながら助言・教育する、「太保(タイホ、古代の官職; 護:◆周(まわ)りを囲んで中のものを守る、庇(かば)い守る、外からの災禍(サイカ)や危害(キガイ)などを防ぎ守る、「保護(ホゴ)」
kk_過密_かみつ,過密,かみつ,過:◆度(ド、度合、節度、法度、限度、程度など)を越える(超える)◆度を越えて(超えて)しまう、誤(あやま)る◆時(とき、時代、時期、季節、月日、時間など)を通り越; 密:◆ぴったりとくっついて隙間がない◆閉ざされていて或いは奥まっていて外から見えない、また窺い知れない◆広く大きく物音や人の声が届いて来ない、ひっそりとした◆山深く,N1,on,on+on,A3_short_compound(on+on 71%) | B_noun_rad_宀(kun 93%),過:◆度(ド、度合、節度、法度、限度、程度など)を越える(超える)◆度を越えて(超えて)しまう、誤(あやま)る◆時(とき、時代、時期、季節、月日、時間など)を通り越; 密:◆ぴったりとくっついて隙間がない◆閉ざされていて或いは奥まっていて外から見えない、また窺い知れない◆広く大きく物音や人の声が届いて来ない、ひっそりとした◆山深く
kk_過敏_かびん,過敏,かびん,過:◆度(ド、度合、節度、法度、限度、程度など)を越える(超える)◆度を越えて(超えて)しまう、誤(あやま)る◆時(とき、時代、時期、季節、月日、時間など)を通り越; 敏:◆速(はや)い、動作や反応が速い、理解や判断が速い,N1,on,on+on,A3_short_compound(on+on 71%),過:◆度(ド、度合、節度、法度、限度、程度など)を越える(超える)◆度を越えて(超えて)しまう、誤(あやま)る◆時(とき、時代、時期、季節、月日、時間など)を通り越; 敏:◆速(はや)い、動作や反応が速い、理解や判断が速い
kk_過激_かげき,過激,かげき,過:◆度(ド、度合、節度、法度、限度、程度など)を越える(超える)◆度を越えて(超えて)しまう、誤(あやま)る◆時(とき、時代、時期、季節、月日、時間など)を通り越; 激:◆水が岩などに当たりしぶきとなって高く飛び散るさま◆勢いが強いさま、猛烈なさま◆強く人の心を揺さぶるさま,N1,on,on+on,A3_short_compound(on+on 71%),過:◆度(ド、度合、節度、法度、限度、程度など)を越える(超える)◆度を越えて(超えて)しまう、誤(あやま)る◆時(とき、時代、時期、季節、月日、時間など)を通り越; 激:◆水が岩などに当たりしぶきとなって高く飛び散るさま◆勢いが強いさま、猛烈なさま◆強く人の心を揺さぶるさま
kk_過酷_かこく,過酷,かこく,過:◆度(ド、度合、節度、法度、限度、程度など)を越える(超える)◆度を越えて(超えて)しまう、誤(あやま)る◆時(とき、時代、時期、季節、月日、時間など)を通り越; 酷:◆酒の味や臭(にお)いが濃(こ)い、また強い◆度が過ぎる、甚(はなは)だしい、極(きわ)まる、惨(むご)い、惨たらしい◆厳しくする、厳しい仕打(しう)ちをする、,N1,on,on+on,A3_short_compound(on+on 71%),過:◆度(ド、度合、節度、法度、限度、程度など)を越える(超える)◆度を越えて(超えて)しまう、誤(あやま)る◆時(とき、時代、時期、季節、月日、時間など)を通り越; 酷:◆酒の味や臭(にお)いが濃(こ)い、また強い◆度が過ぎる、甚(はなは)だしい、極(きわ)まる、惨(むご)い、惨たらしい◆厳しくする、厳しい仕打(しう)ちをする、
kk_道場_どうじょう,道場,どうじょう,道:◆出発地から目的地へ通じている路(みち)、人や動物などが往来する通り路、「道路(ドウロ)」、同「路」◆目的を達するための経路、手順や方法◆導(みちび)く、手引き; 場:◆(日当たりのよい、収穫した穀物の乾燥・脱穀などをする、また多くの人やものが集まる)広く平らなところ、「広場」、同「塲」◆一段と高くし上を平らに作ったところ、台,N1,on,on+on,,道:◆出発地から目的地へ通じている路(みち)、人や動物などが往来する通り路、「道路(ドウロ)」、同「路」◆目的を達するための経路、手順や方法◆導(みちび)く、手引き; 場:◆(日当たりのよい、収穫した穀物の乾燥・脱穀などをする、また多くの人やものが集まる)広く平らなところ、「広場」、同「塲」◆一段と高くし上を平らに作ったところ、台
kk_道理で_どうりで,道理で,どうりで,道:◆出発地から目的地へ通じている路(みち)、人や動物などが往来する通り路、「道路(ドウロ)」、同「路」◆目的を達するための経路、手順や方法◆導(みちび)く、手引き; 理:◆玉(ギョク、大変美しい石)の筋目(すじめ)、規則正しく並んだ筋目◆物事の正しい筋道◆筋道を立てる、また立っている、筋を通す、また通っている◆筋道に沿って判断す,N1,on,on+on~,IL1_okurigana(kun 96%) | A1_compound_oku(kun 90%) | A1_on_kun_mix(on+kun 65%),道:◆出発地から目的地へ通じている路(みち)、人や動物などが往来する通り路、「道路(ドウロ)」、同「路」◆目的を達するための経路、手順や方法◆導(みちび)く、手引き; 理:◆玉(ギョク、大変美しい石)の筋目(すじめ)、規則正しく並んだ筋目◆物事の正しい筋道◆筋道を立てる、また立っている、筋を通す、また通っている◆筋道に沿って判断す
kk_道程_みちのり,道程,みちのり,道:◆出発地から目的地へ通じている路(みち)、人や動物などが往来する通り路、「道路(ドウロ)」、同「路」◆目的を達するための経路、手順や方法◆導(みちび)く、手引き; 程:◆ものの大小・長短・軽重・強弱・優劣などをはかる(測る・量る・計る)際の基準・規格◆一定の決まり・手順・方法◆定まっている基準・規格・決まり・区切り・手順・方法,N1,other,mixed+mixed~,,道:◆出発地から目的地へ通じている路(みち)、人や動物などが往来する通り路、「道路(ドウロ)」、同「路」◆目的を達するための経路、手順や方法◆導(みちび)く、手引き; 程:◆ものの大小・長短・軽重・強弱・優劣などをはかる(測る・量る・計る)際の基準・規格◆一定の決まり・手順・方法◆定まっている基準・規格・決まり・区切り・手順・方法
kk_道連れ_みちづれ,道連れ,みちづれ,道:◆出発地から目的地へ通じている路(みち)、人や動物などが往来する通り路、「道路(ドウロ)」、同「路」◆目的を達するための経路、手順や方法◆導(みちび)く、手引き; 連:◆途切れずに続く、次々に間を置かずに続く、また繋(つな)がる◆結び付く、関わり合いを持つ◆一緒に行動する◆続々と、次々に、間を置かずに,N1,other,mixed+mixed~,IL1_okurigana(kun 96%) | A1_compound_oku(kun 90%) | A1_on_kun_mix(on+kun 65%),道:◆出発地から目的地へ通じている路(みち)、人や動物などが往来する通り路、「道路(ドウロ)」、同「路」◆目的を達するための経路、手順や方法◆導(みちび)く、手引き; 連:◆途切れずに続く、次々に間を置かずに続く、また繋(つな)がる◆結び付く、関わり合いを持つ◆一緒に行動する◆続々と、次々に、間を置かずに
kk_達者_たっしゃ,達者,たっしゃ,達:◆道が滞(とどこお)ることなく通じる◆目的とするところまで行き着く、また届く◆目標としたことを成し遂げる◆物事の奥深くまで通じる、また理解する◆[日]だち、たち; 者:◆～の人、～する人、「使者(ししゃ、使いをする人、運び届けること)」◆こと(事)、もの(物)、「再者(サイシャ、更に付け加えること、追伸)」「前者(ゼンシャ、前,N1,on,on+on,A3_short_compound(on+on 71%),達:◆道が滞(とどこお)ることなく通じる◆目的とするところまで行き着く、また届く◆目標としたことを成し遂げる◆物事の奥深くまで通じる、また理解する◆[日]だち、たち; 者:◆～の人、～する人、「使者(ししゃ、使いをする人、運び届けること)」◆こと(事)、もの(物)、「再者(サイシャ、更に付け加えること、追伸)」「前者(ゼンシャ、前
kk_違和感_いわかん,違和感,いわかん,違:◆背(せ)を向ける、背を向け去る、背(そむ)く◆あるべき形や様子と異なる、また反している、また合っていない◆守るべきものを守らない、従(したが)わない; 和:◆大き過ぎず小さ過ぎない、硬過ぎず柔らか過ぎない、暑過ぎず寒過ぎない、釣り合いが取れてちょうどよいさま、程好(ほどよ)いさま、適度なさま◆気に掛ることも気に障る; 感:◆外部から受けた刺激を知覚する◆外部からの刺激を受けて心や体が反応する、また動く,N1,on,on+on+on,A4_multi_on(on+on+on 65%),違:◆背(せ)を向ける、背を向け去る、背(そむ)く◆あるべき形や様子と異なる、また反している、また合っていない◆守るべきものを守らない、従(したが)わない; 和:◆大き過ぎず小さ過ぎない、硬過ぎず柔らか過ぎない、暑過ぎず寒過ぎない、釣り合いが取れてちょうどよいさま、程好(ほどよ)いさま、適度なさま◆気に掛ることも気に障る; 感:◆外部から受けた刺激を知覚する◆外部からの刺激を受けて心や体が反応する、また動く
kk_遠ざかる_とおざかる,遠ざかる,とおざかる,遠:◆場所や時間などが遥(はる)かに離れている、間(あいだ)が大きく空(あ)いている◆間を離す、大きく空ける◆関係が薄い,N1,kun,kun,IL1_okurigana(kun 96%) | IL2_single_okuri(kun 96%),遠:◆場所や時間などが遥(はる)かに離れている、間(あいだ)が大きく空(あ)いている◆間を離す、大きく空ける◆関係が薄い
kk_遠回り_とおまわり,遠回り,とおまわり,遠:◆場所や時間などが遥(はる)かに離れている、間(あいだ)が大きく空(あ)いている◆間を離す、大きく空ける◆関係が薄い; 回:◆円を描(えが)くように動く、一周して(一巡して)元に戻る、同「廻」「迴」、「回復(カイフク)」「回帰(カイキ)」◆元に戻す、元に返す、「回答(カイトウ)」◆(,N1,kun,kun+kun,IL1_okurigana(kun 96%) | A1_compound_oku(kun 90%) | A1_on_kun_mix(on+kun 65%),遠:◆場所や時間などが遥(はる)かに離れている、間(あいだ)が大きく空(あ)いている◆間を離す、大きく空ける◆関係が薄い; 回:◆円を描(えが)くように動く、一周して(一巡して)元に戻る、同「廻」「迴」、「回復(カイフク)」「回帰(カイキ)」◆元に戻す、元に返す、「回答(カイトウ)」◆(
kk_遠方_えんぽう,遠方,えんぽう,遠:◆場所や時間などが遥(はる)かに離れている、間(あいだ)が大きく空(あ)いている◆間を離す、大きく空ける◆関係が薄い; 方:◆四角、四角いさま、角(かど)が直角になっているさま、「方形(ホウケイ)」◆数学で二つの数を掛け合わせた数(正方形・長方形の一つの角を成す二辺を掛け合わせた数),N1,other,mixed+mixed~,,遠:◆場所や時間などが遥(はる)かに離れている、間(あいだ)が大きく空(あ)いている◆間を離す、大きく空ける◆関係が薄い; 方:◆四角、四角いさま、角(かど)が直角になっているさま、「方形(ホウケイ)」◆数学で二つの数を掛け合わせた数(正方形・長方形の一つの角を成す二辺を掛け合わせた数)
kk_遣って退ける_やってのける,遣って退ける,やってのける,遣:◆人を行かせる、差し向ける、「派遣(ハケン)」◆追いやる、追い払う◆人や物を送る◆死者を葬(ほうむ)る際に共に埋葬する副葬品、「遣車(ケンシャ、副葬品を載せる車; 退:◆後ろに向かう、後ろへ下がる、後ろ向きに進む、逆は「進」◆今いる場所から遠ざかる方に向かう、その場を立ち去る◆体を後へ引く、身を引く◆状態が悪くなる(衰える、弱,N1,kun,kun+kun~,IL1_okurigana(kun 96%) | A1_compound_oku(kun 90%) | A1_on_kun_mix(on+kun 65%),遣:◆人を行かせる、差し向ける、「派遣(ハケン)」◆追いやる、追い払う◆人や物を送る◆死者を葬(ほうむ)る際に共に埋葬する副葬品、「遣車(ケンシャ、副葬品を載せる車; 退:◆後ろに向かう、後ろへ下がる、後ろ向きに進む、逆は「進」◆今いる場所から遠ざかる方に向かう、その場を立ち去る◆体を後へ引く、身を引く◆状態が悪くなる(衰える、弱
kk_遣り熟す_やりこなす,遣り熟す,やりこなす,遣:◆人を行かせる、差し向ける、「派遣(ハケン)」◆追いやる、追い払う◆人や物を送る◆死者を葬(ほうむ)る際に共に埋葬する副葬品、「遣車(ケンシャ、副葬品を載せる車; 熟:◆食べ頃になるまで十分に火を通す、また煮る、また焼く、同「孰」◆十分に食べ頃になる、十分に良い状態になる、十分に成長する◆十分な状態になるまで～する,N1,kun,kun+kun~,IL1_okurigana(kun 96%) | A1_compound_oku(kun 90%) | A1_on_kun_mix(on+kun 65%),遣:◆人を行かせる、差し向ける、「派遣(ハケン)」◆追いやる、追い払う◆人や物を送る◆死者を葬(ほうむ)る際に共に埋葬する副葬品、「遣車(ケンシャ、副葬品を載せる車; 熟:◆食べ頃になるまで十分に火を通す、また煮る、また焼く、同「孰」◆十分に食べ頃になる、十分に良い状態になる、十分に成長する◆十分な状態になるまで～する
kk_遣り繰り_やりくり,遣り繰り,やりくり,遣:◆人を行かせる、差し向ける、「派遣(ハケン)」◆追いやる、追い払う◆人や物を送る◆死者を葬(ほうむ)る際に共に埋葬する副葬品、「遣車(ケンシャ、副葬品を載せる車; 繰:◆繭(まゆ)から糸を引き出す、同「繅」◆色とりどりの糸を使って撚(よ)り上げた紐(ひも)、組紐、同「繅」◆経糸(たていと)と緯糸(よこいと)を二本ずつにして織っ,N1,kun,kun+kun~,IL1_okurigana(kun 96%) | A1_compound_oku(kun 90%) | A1_on_kun_mix(on+kun 65%),遣:◆人を行かせる、差し向ける、「派遣(ハケン)」◆追いやる、追い払う◆人や物を送る◆死者を葬(ほうむ)る際に共に埋葬する副葬品、「遣車(ケンシャ、副葬品を載せる車; 繰:◆繭(まゆ)から糸を引き出す、同「繅」◆色とりどりの糸を使って撚(よ)り上げた紐(ひも)、組紐、同「繅」◆経糸(たていと)と緯糸(よこいと)を二本ずつにして織っ
kk_遥か_はるか,遥か,はるか,遥:◆どこまでもどこまでも続いているさま、遠く遠く離れているさま◆ゆらゆらと動く、ぶらぶらする◆「逍遥(ショウヨウ)」◇思いのままにあちこち歩き回る◇思いのままにゆ,N1,kun,kun,IL1_okurigana(kun 96%) | IL2_single_okuri(kun 96%),遥:◆どこまでもどこまでも続いているさま、遠く遠く離れているさま◆ゆらゆらと動く、ぶらぶらする◆「逍遥(ショウヨウ)」◇思いのままにあちこち歩き回る◇思いのままにゆ
kk_適う_かなう,適う,かなう,適:◆(目的とする方に向かって)往く、(目的とする方に)向かう◆向かう方向が目的に合っている、意に沿(そ)っている、相応(ふさわ)しい◆(ちょうど合っていて、自分の,N1,kun,kun,IL1_okurigana(kun 96%) | IL2_single_okuri(kun 96%),適:◆(目的とする方に向かって)往く、(目的とする方に)向かう◆向かう方向が目的に合っている、意に沿(そ)っている、相応(ふさわ)しい◆(ちょうど合っていて、自分の
kk_適宜_てきぎ,適宜,てきぎ,適:◆(目的とする方に向かって)往く、(目的とする方に)向かう◆向かう方向が目的に合っている、意に沿(そ)っている、相応(ふさわ)しい◆(ちょうど合っていて、自分の; 宜:◆理(リ)に適(かな)う、適(テキ)する、ちょうど良い、「事宜(ジギ、事をするのにちょうど良い頃合い)」◆むべ、当然な、尤(もっと)もな◆～するのがよい、～した,N1,on,on+on,A3_short_compound(on+on 71%) | B_noun_rad_宀(kun 93%),適:◆(目的とする方に向かって)往く、(目的とする方に)向かう◆向かう方向が目的に合っている、意に沿(そ)っている、相応(ふさわ)しい◆(ちょうど合っていて、自分の; 宜:◆理(リ)に適(かな)う、適(テキ)する、ちょうど良い、「事宜(ジギ、事をするのにちょうど良い頃合い)」◆むべ、当然な、尤(もっと)もな◆～するのがよい、～した
kk_適応_てきおう,適応,てきおう,適:◆(目的とする方に向かって)往く、(目的とする方に)向かう◆向かう方向が目的に合っている、意に沿(そ)っている、相応(ふさわ)しい◆(ちょうど合っていて、自分の; 応:◆相手からの問い掛けや働き掛けに対して自分の意思を態度で示す、言葉で返すのは「答」◆相手の求めを受け入れる◆当然～すべき、当然～であろう,N1,on,on+on,,適:◆(目的とする方に向かって)往く、(目的とする方に)向かう◆向かう方向が目的に合っている、意に沿(そ)っている、相応(ふさわ)しい◆(ちょうど合っていて、自分の; 応:◆相手からの問い掛けや働き掛けに対して自分の意思を態度で示す、言葉で返すのは「答」◆相手の求めを受け入れる◆当然～すべき、当然～であろう
kk_適性_てきせい,適性,てきせい,適:◆(目的とする方に向かって)往く、(目的とする方に)向かう◆向かう方向が目的に合っている、意に沿(そ)っている、相応(ふさわ)しい◆(ちょうど合っていて、自分の; 性:◆生まれながらに持っている能力・性格・習癖・運命などの無形のもの◆男女・雄雌の別、男女間また雄雌間の本能的な関係◆物事が具えている資質や能力,N1,on,on+on,,適:◆(目的とする方に向かって)往く、(目的とする方に)向かう◆向かう方向が目的に合っている、意に沿(そ)っている、相応(ふさわ)しい◆(ちょうど合っていて、自分の; 性:◆生まれながらに持っている能力・性格・習癖・運命などの無形のもの◆男女・雄雌の別、男女間また雄雌間の本能的な関係◆物事が具えている資質や能力
kk_遮断_しゃだん,遮断,しゃだん,遮:◆寄ってくるものを止(とど)める、そこから先に行かせない、通さない◆覆って中に入ってこないようにする; 断:◆繋(つな)がっているものを(連続しているものを)途中で切る、切って二つに分ける、切り離す◆ぷっつりと途切れる、絶(た)える◆すっぱりと区切る、きっぱりと決める,N1,on,on+on,A3_short_compound(on+on 71%),遮:◆寄ってくるものを止(とど)める、そこから先に行かせない、通さない◆覆って中に入ってこないようにする; 断:◆繋(つな)がっているものを(連続しているものを)途中で切る、切って二つに分ける、切り離す◆ぷっつりと途切れる、絶(た)える◆すっぱりと区切る、きっぱりと決める
kk_選考_せんこう,選考,せんこう,選:◆多くのものを基準に従って仕分ける、また仕分けて目的のものを抜き出す、「選択(センタク)」「選抜(センバツ)」、同「撰」◆仕分け抜き出したものを纏(まと)めたも; 考:◆老いているさま、高齢なさま、「壽考(ジュコウ、長生きなさま、長生きな人)」◆亡くなった父親に対する呼称、母親は「妣」、妻は「嬪」、「考妣(コウヒ、両親、亡くな,N1,on,on+on,,選:◆多くのものを基準に従って仕分ける、また仕分けて目的のものを抜き出す、「選択(センタク)」「選抜(センバツ)」、同「撰」◆仕分け抜き出したものを纏(まと)めたも; 考:◆老いているさま、高齢なさま、「壽考(ジュコウ、長生きなさま、長生きな人)」◆亡くなった父親に対する呼称、母親は「妣」、妻は「嬪」、「考妣(コウヒ、両親、亡くな
kk_遺憾_いかん,遺憾,いかん,遺:◆置いたままにする、置いたままにして去る、「遺失(イシツ)」◆(なくなった)後も残る、後に残る、また残す、「遺産(イサン)」◆取り残す、取り漏(も)らす、漏れ落; 憾:◆恨(うら)む、(思いの通りにならないことを、或いはならなかったことを)残念に思う、思いが満たされない、同「恨」◆「遺憾(イカン)」、満たされない思いが残る,N1,on,on+on,A3_short_compound(on+on 71%),遺:◆置いたままにする、置いたままにして去る、「遺失(イシツ)」◆(なくなった)後も残る、後に残る、また残す、「遺産(イサン)」◆取り残す、取り漏(も)らす、漏れ落; 憾:◆恨(うら)む、(思いの通りにならないことを、或いはならなかったことを)残念に思う、思いが満たされない、同「恨」◆「遺憾(イカン)」、満たされない思いが残る
kk_遺棄_いき,遺棄,いき,遺:◆置いたままにする、置いたままにして去る、「遺失(イシツ)」◆(なくなった)後も残る、後に残る、また残す、「遺産(イサン)」◆取り残す、取り漏(も)らす、漏れ落; 棄:◆捨(す)てる、投げ捨てる、放(ほう)り出す◆忘れ去る,N1,on,on+on,A3_short_compound(on+on 71%) | B_noun_rad_木(kun 93%),遺:◆置いたままにする、置いたままにして去る、「遺失(イシツ)」◆(なくなった)後も残る、後に残る、また残す、「遺産(イサン)」◆取り残す、取り漏(も)らす、漏れ落; 棄:◆捨(す)てる、投げ捨てる、放(ほう)り出す◆忘れ去る
kk_遺跡_いせき,遺跡,いせき,遺:◆置いたままにする、置いたままにして去る、「遺失(イシツ)」◆(なくなった)後も残る、後に残る、また残す、「遺産(イサン)」◆取り残す、取り漏(も)らす、漏れ落; 跡:◆歩いた所、歩いた所に残る足の印(しるし)◆物や出来事があった所に残る痕跡、同「迹」「蹟」◆簡「迹」,N1,on,on+on,A3_short_compound(on+on 71%) | B_verb_rad_足(kun 80%),遺:◆置いたままにする、置いたままにして去る、「遺失(イシツ)」◆(なくなった)後も残る、後に残る、また残す、「遺産(イサン)」◆取り残す、取り漏(も)らす、漏れ落; 跡:◆歩いた所、歩いた所に残る足の印(しるし)◆物や出来事があった所に残る痕跡、同「迹」「蹟」◆簡「迹」
kk_避難_ひなん,避難,ひなん,避:◆障害となるものに当たらないような位置・場所に移動する、当たらないように身を躱(かわ)す、身を逸(そ)らす、同「辟」、「迴避、回避(カイヒ)」◆中心から去る、退; 難:◆思いの通りにいかない(ならない)、～するのは容易でない、～しにくい、～しづらい、同「艱」◆災(わざわ)い、禍(カ、わざわい)、手の施(ほどこ)しようのない(思,N1,on,on+on,A3_short_compound(on+on 71%),避:◆障害となるものに当たらないような位置・場所に移動する、当たらないように身を躱(かわ)す、身を逸(そ)らす、同「辟」、「迴避、回避(カイヒ)」◆中心から去る、退; 難:◆思いの通りにいかない(ならない)、～するのは容易でない、～しにくい、～しづらい、同「艱」◆災(わざわ)い、禍(カ、わざわい)、手の施(ほどこ)しようのない(思
kk_還元_かんげん,還元,かんげん,還:◆移動したり変化した後に同じ道筋を逆に辿(たど)って元に戻る、元と同じ状態・位置に戻る、また戻す、同「𢕼」「復」「返」◆ぐるりと廻(めぐ)って元に戻る、行って戻; 元:◆物事の発端(ホッタン)、起源、始まり、「元年(ガンネン)」◆物事の基(もと)となるもの、根本(コンポン)◆物事の先頭にあるもの、頭(かしら)、「元首(ゲンシュ,N1,on,on+on,,還:◆移動したり変化した後に同じ道筋を逆に辿(たど)って元に戻る、元と同じ状態・位置に戻る、また戻す、同「𢕼」「復」「返」◆ぐるりと廻(めぐ)って元に戻る、行って戻; 元:◆物事の発端(ホッタン)、起源、始まり、「元年(ガンネン)」◆物事の基(もと)となるもの、根本(コンポン)◆物事の先頭にあるもの、頭(かしら)、「元首(ゲンシュ
kk_還暦_かんれき,還暦,かんれき,還:◆移動したり変化した後に同じ道筋を逆に辿(たど)って元に戻る、元と同じ状態・位置に戻る、また戻す、同「𢕼」「復」「返」◆ぐるりと廻(めぐ)って元に戻る、行って戻; 暦:◆太陽・月・星の運行とその相互の(位置)関係を基に、月・日・季節を計算・予測すること、またその方法、「曆法(レキホウ)」◆(一年の)月・日・季節を記したもの、カ,N1,on,on+on,,還:◆移動したり変化した後に同じ道筋を逆に辿(たど)って元に戻る、元と同じ状態・位置に戻る、また戻す、同「𢕼」「復」「返」◆ぐるりと廻(めぐ)って元に戻る、行って戻; 暦:◆太陽・月・星の運行とその相互の(位置)関係を基に、月・日・季節を計算・予測すること、またその方法、「曆法(レキホウ)」◆(一年の)月・日・季節を記したもの、カ
kk_邦人_ほうじん,邦人,ほうじん,邦:◆君主から与えられた領土、大きいものを「邦」、小さいものは「国」◆国、国土、国家; 人:◆霊長目ヒト科ヒト属の生物、ホモ・サピエンスHomo sapiens(「知恵の人」の意)、同「儿」◆自分以外の者、「人我(ジンガ、他人と自分)」◆人の数(かず),N1,on,on+on,,邦:◆君主から与えられた領土、大きいものを「邦」、小さいものは「国」◆国、国土、国家; 人:◆霊長目ヒト科ヒト属の生物、ホモ・サピエンスHomo sapiens(「知恵の人」の意)、同「儿」◆自分以外の者、「人我(ジンガ、他人と自分)」◆人の数(かず)
kk_郷土_きょうど,郷土,きょうど,"郷:◆都から離れた土地、(特に地方の)町村、田舎◆出生地、「故郷(コキョウ、ふるさと)」◆中国周代では12,500戸を単位とする行政区画、「【前漢書:卷二十四上:食; 土:◆泥や細かい砂などから成るもの◆生(セイ)あるものを生み出すもの、「【說文解字:巻一三下:土部:土】地之吐生物者也二象地之下地之中物出形」◆地に根差したもの、そ",N1,on,on+on,A3_short_compound(on+on 71%),"郷:◆都から離れた土地、(特に地方の)町村、田舎◆出生地、「故郷(コキョウ、ふるさと)」◆中国周代では12,500戸を単位とする行政区画、「【前漢書:卷二十四上:食; 土:◆泥や細かい砂などから成るもの◆生(セイ)あるものを生み出すもの、「【說文解字:巻一三下:土部:土】地之吐生物者也二象地之下地之中物出形」◆地に根差したもの、そ"
kk_郷愁_きょうしゅう,郷愁,きょうしゅう,"郷:◆都から離れた土地、(特に地方の)町村、田舎◆出生地、「故郷(コキョウ、ふるさと)」◆中国周代では12,500戸を単位とする行政区画、「【前漢書:卷二十四上:食; 愁:◆もの悲しく思う、侘びしい、秋の心情◆憂(うれ)える、あれこれと思いが巡(めぐ)り心が揺れ動く",N1,on,on+on,,"郷:◆都から離れた土地、(特に地方の)町村、田舎◆出生地、「故郷(コキョウ、ふるさと)」◆中国周代では12,500戸を単位とする行政区画、「【前漢書:卷二十四上:食; 愁:◆もの悲しく思う、侘びしい、秋の心情◆憂(うれ)える、あれこれと思いが巡(めぐ)り心が揺れ動く"
kk_郷里_きょうり,郷里,きょうり,"郷:◆都から離れた土地、(特に地方の)町村、田舎◆出生地、「故郷(コキョウ、ふるさと)」◆中国周代では12,500戸を単位とする行政区画、「【前漢書:卷二十四上:食; 里:◆(郊外の)人家が集まっている区画、また区域◆都(みやこ)から離れた田舎(いなか)、田舎のようなさま、鄙(ひな)びているさま、雅(みやび)な都とは違う(俗っぽい",N1,on,on+on,A3_short_compound(on+on 71%),"郷:◆都から離れた土地、(特に地方の)町村、田舎◆出生地、「故郷(コキョウ、ふるさと)」◆中国周代では12,500戸を単位とする行政区画、「【前漢書:卷二十四上:食; 里:◆(郊外の)人家が集まっている区画、また区域◆都(みやこ)から離れた田舎(いなか)、田舎のようなさま、鄙(ひな)びているさま、雅(みやび)な都とは違う(俗っぽい"
kk_配付_はいふ,配付,はいふ,配:◆釣り合いが取れるようにする、相応(ふさわ)しい形や状態にする◆幾つかのものを合わせて(結び付けて)整える、調和させる◆結婚した相手、また妻、「配偶(ハイグウ、; 付:◆手ずから授(さず)ける、直接手を取って与える、同「仅」◆渡し与える、渡して任せる、委(ゆだ)ねる◆[日]他のものに加える、また添える、また足す、同「附」,N1,on,on+on,A3_short_compound(on+on 71%),配:◆釣り合いが取れるようにする、相応(ふさわ)しい形や状態にする◆幾つかのものを合わせて(結び付けて)整える、調和させる◆結婚した相手、また妻、「配偶(ハイグウ、; 付:◆手ずから授(さず)ける、直接手を取って与える、同「仅」◆渡し与える、渡して任せる、委(ゆだ)ねる◆[日]他のものに加える、また添える、また足す、同「附」
kk_配分_はいぶん,配分,はいぶん,配:◆釣り合いが取れるようにする、相応(ふさわ)しい形や状態にする◆幾つかのものを合わせて(結び付けて)整える、調和させる◆結婚した相手、また妻、「配偶(ハイグウ、; 分:◆一つに纏(まと)まっているものを幾つかに切り離す、また幾つかに仕切る(区切る)、「分割(ブンカツ)」、切り離したものを仕分けることを「別」◆一つの纏まりから一,N1,on,on+on,B_verb_rad_刀(kun 80%),配:◆釣り合いが取れるようにする、相応(ふさわ)しい形や状態にする◆幾つかのものを合わせて(結び付けて)整える、調和させる◆結婚した相手、また妻、「配偶(ハイグウ、; 分:◆一つに纏(まと)まっているものを幾つかに切り離す、また幾つかに仕切る(区切る)、「分割(ブンカツ)」、切り離したものを仕分けることを「別」◆一つの纏まりから一
kk_配列_はいれつ,配列,はいれつ,配:◆釣り合いが取れるようにする、相応(ふさわ)しい形や状態にする◆幾つかのものを合わせて(結び付けて)整える、調和させる◆結婚した相手、また妻、「配偶(ハイグウ、; 列:◆横方向の並び、横方向に順序に従って(重ならないように)並ぶ、同「排」、縦方向の列を「行」◆ずらりと人が居並ぶ◆裂(さ)く、二つに切り割(さ)く、同「裂」「𠜺」,N1,on,on+on,B_verb_rad_刀(kun 80%),配:◆釣り合いが取れるようにする、相応(ふさわ)しい形や状態にする◆幾つかのものを合わせて(結び付けて)整える、調和させる◆結婚した相手、また妻、「配偶(ハイグウ、; 列:◆横方向の並び、横方向に順序に従って(重ならないように)並ぶ、同「排」、縦方向の列を「行」◆ずらりと人が居並ぶ◆裂(さ)く、二つに切り割(さ)く、同「裂」「𠜺」
kk_配布_はいふ,配布,はいふ,"配:◆釣り合いが取れるようにする、相応(ふさわ)しい形や状態にする◆幾つかのものを合わせて(結び付けて)整える、調和させる◆結婚した相手、また妻、「配偶(ハイグウ、; 布:◆経糸(よこいと)と緯糸(たていと)を""十""状に交差させながら織ったもの、一般にはアサ(麻)やワタ(綿)などの植物繊維で織ったものを指し、繭(まゆ)から紡(つむ",N1,on,on+on,A3_short_compound(on+on 71%) | B_noun_rad_巾(kun 93%),"配:◆釣り合いが取れるようにする、相応(ふさわ)しい形や状態にする◆幾つかのものを合わせて(結び付けて)整える、調和させる◆結婚した相手、また妻、「配偶(ハイグウ、; 布:◆経糸(よこいと)と緯糸(たていと)を""十""状に交差させながら織ったもの、一般にはアサ(麻)やワタ(綿)などの植物繊維で織ったものを指し、繭(まゆ)から紡(つむ"
kk_配給_はいきゅう,配給,はいきゅう,配:◆釣り合いが取れるようにする、相応(ふさわ)しい形や状態にする◆幾つかのものを合わせて(結び付けて)整える、調和させる◆結婚した相手、また妻、「配偶(ハイグウ、; 給:◆足りていないところ(加える必要があるところ)に足して繋(つな)ぎ合わせる◆必要があるところに必要とするものを補(おぎな)う、足して足りるようにする◆上位の人(,N1,on,on+on,,配:◆釣り合いが取れるようにする、相応(ふさわ)しい形や状態にする◆幾つかのものを合わせて(結び付けて)整える、調和させる◆結婚した相手、また妻、「配偶(ハイグウ、; 給:◆足りていないところ(加える必要があるところ)に足して繋(つな)ぎ合わせる◆必要があるところに必要とするものを補(おぎな)う、足して足りるようにする◆上位の人(
kk_配線_はいせん,配線,はいせん,配:◆釣り合いが取れるようにする、相応(ふさわ)しい形や状態にする◆幾つかのものを合わせて(結び付けて)整える、調和させる◆結婚した相手、また妻、「配偶(ハイグウ、; 線:◆糸や紐(ひも)、糸や紐のように細く長いもの、同「綫」「絤」「𦇫」「綖」◆糸や紐のように途切れずに長く延びているもの、二つの点と点を結ぶもの、またその形状や状態,N1,on,on+on,,配:◆釣り合いが取れるようにする、相応(ふさわ)しい形や状態にする◆幾つかのものを合わせて(結び付けて)整える、調和させる◆結婚した相手、また妻、「配偶(ハイグウ、; 線:◆糸や紐(ひも)、糸や紐のように細く長いもの、同「綫」「絤」「𦇫」「綖」◆糸や紐のように途切れずに長く延びているもの、二つの点と点を結ぶもの、またその形状や状態
kk_配置_はいち,配置,はいち,配:◆釣り合いが取れるようにする、相応(ふさわ)しい形や状態にする◆幾つかのものを合わせて(結び付けて)整える、調和させる◆結婚した相手、また妻、「配偶(ハイグウ、; 置:◆まっすぐに立てる、動かないように(傾いたり揺らいだり位置や状態が変わったりしないように)しっかりと据(す)える、同「寘」◆設(もう)ける、あるべきところに据え,N1,on,on+on,A3_short_compound(on+on 71%),配:◆釣り合いが取れるようにする、相応(ふさわ)しい形や状態にする◆幾つかのものを合わせて(結び付けて)整える、調和させる◆結婚した相手、また妻、「配偶(ハイグウ、; 置:◆まっすぐに立てる、動かないように(傾いたり揺らいだり位置や状態が変わったりしないように)しっかりと据(す)える、同「寘」◆設(もう)ける、あるべきところに据え
kk_酪農_らくのう,酪農,らくのう,酪:◆牛や羊などの乳に熱を加え攪拌し、冷めるのを待って表面にできたもの(「酥」という)を取り除いて発酵させたもの、またそれを固化させたバターbutterやチーズch; 農:◆田畑を耕し、作物の種を播(ま)き育て収穫する、またその仕事、またそれ従事する人、「農業(ノウギョウ)」「農夫(ノウフ)」◆「神農(シンノウ)」、伝承上の人で、,N1,on,on+on,,酪:◆牛や羊などの乳に熱を加え攪拌し、冷めるのを待って表面にできたもの(「酥」という)を取り除いて発酵させたもの、またそれを固化させたバターbutterやチーズch; 農:◆田畑を耕し、作物の種を播(ま)き育て収穫する、またその仕事、またそれ従事する人、「農業(ノウギョウ)」「農夫(ノウフ)」◆「神農(シンノウ)」、伝承上の人で、
kk_醸し出す_かもしだす,醸し出す,かもしだす,醸:◆発酵作用を利用して酒・酢・醤(ひしお)などを造る、特に酒を造る◆混じり合い変化(発酵)し次第に別のものが生まれる; 出:◆範囲・領域・組織や区切り・境界の内(内側、内部、裏側、こちら側、私的なところ)から外(外側、外部、表側、向こう側、公のところ)に移る、また移す、外から内へ移る,N1,kun,kun+kun~,IL1_okurigana(kun 96%) | A1_compound_oku(kun 90%) | A1_on_kun_mix(on+kun 65%),醸:◆発酵作用を利用して酒・酢・醤(ひしお)などを造る、特に酒を造る◆混じり合い変化(発酵)し次第に別のものが生まれる; 出:◆範囲・領域・組織や区切り・境界の内(内側、内部、裏側、こちら側、私的なところ)から外(外側、外部、表側、向こう側、公のところ)に移る、また移す、外から内へ移る
kk_釈明_しゃくめい,釈明,しゃくめい,釈:◆解(と)く、縛られ固定されているものの縛りを解く、締め付けていたものを外して解き放つ◆固まって動かなかったものが解(ほぐ)れて動くようになる、氷解(ヒョウカイ; 明:◆(太陽や月の)光が差す、光が当たる、光を当てる◆光が当たってはっきりと見える(分かる)、誰の目にもはっきりとしている、はっきりとさせる◆隠されたところ(陰にな,N1,on,on+on,,釈:◆解(と)く、縛られ固定されているものの縛りを解く、締め付けていたものを外して解き放つ◆固まって動かなかったものが解(ほぐ)れて動くようになる、氷解(ヒョウカイ; 明:◆(太陽や月の)光が差す、光が当たる、光を当てる◆光が当たってはっきりと見える(分かる)、誰の目にもはっきりとしている、はっきりとさせる◆隠されたところ(陰にな
kk_重み_おもみ,重み,おもみ,重:◆層になる、上に載る、下になったものに上から大きな力が掛かる、負担が大きい◆再び、繰り返して、何度も、何層にも◆何層にも心配りがされていて手厚い、丁寧な◆何層に,N1,kun,kun,IL1_okurigana(kun 96%) | IL2_single_okuri(kun 96%),重:◆層になる、上に載る、下になったものに上から大きな力が掛かる、負担が大きい◆再び、繰り返して、何度も、何層にも◆何層にも心配りがされていて手厚い、丁寧な◆何層に
kk_重圧_じゅうあつ,重圧,じゅうあつ,重:◆層になる、上に載る、下になったものに上から大きな力が掛かる、負担が大きい◆再び、繰り返して、何度も、何層にも◆何層にも心配りがされていて手厚い、丁寧な◆何層に; 圧:◆上から下に向けて押え付けるように力を加える◆力で押え付ける、押え付けて従わせる¶「圧」は日本・韓国などで用いられる「壓」の簡体字、中国では「压」,N1,on,on+on,,重:◆層になる、上に載る、下になったものに上から大きな力が掛かる、負担が大きい◆再び、繰り返して、何度も、何層にも◆何層にも心配りがされていて手厚い、丁寧な◆何層に; 圧:◆上から下に向けて押え付けるように力を加える◆力で押え付ける、押え付けて従わせる¶「圧」は日本・韓国などで用いられる「壓」の簡体字、中国では「压」
kk_重宝_ちょうほう,重宝,ちょうほう,重:◆層になる、上に載る、下になったものに上から大きな力が掛かる、負担が大きい◆再び、繰り返して、何度も、何層にも◆何層にも心配りがされていて手厚い、丁寧な◆何層に; 宝:◆大切にしまっておくもの、珍しく貴重なもの、高価なもの、「宝石」「宝物」「財宝」「家宝」◆秘蔵する、大切にする、珍重する◆玉(ギョク、大変美しい石)製の品物、玉,N1,on,on+on,B_noun_rad_宀(kun 93%),重:◆層になる、上に載る、下になったものに上から大きな力が掛かる、負担が大きい◆再び、繰り返して、何度も、何層にも◆何層にも心配りがされていて手厚い、丁寧な◆何層に; 宝:◆大切にしまっておくもの、珍しく貴重なもの、高価なもの、「宝石」「宝物」「財宝」「家宝」◆秘蔵する、大切にする、珍重する◆玉(ギョク、大変美しい石)製の品物、玉
kk_重心_じゅうしん,重心,じゅうしん,重:◆層になる、上に載る、下になったものに上から大きな力が掛かる、負担が大きい◆再び、繰り返して、何度も、何層にも◆何層にも心配りがされていて手厚い、丁寧な◆何層に; 心:◆血液を循環させる働きをする臓器で五臓(心シン・肝カン・脾ヒ・肺ハイ・腎ジン)の一つ ◆ものの真(ま)ん中、真ん中(中心)にあるもの、ものの重要な部分、ものの本,N1,on,on+on,,重:◆層になる、上に載る、下になったものに上から大きな力が掛かる、負担が大きい◆再び、繰り返して、何度も、何層にも◆何層にも心配りがされていて手厚い、丁寧な◆何層に; 心:◆血液を循環させる働きをする臓器で五臓(心シン・肝カン・脾ヒ・肺ハイ・腎ジン)の一つ ◆ものの真(ま)ん中、真ん中(中心)にあるもの、ものの重要な部分、ものの本
kk_重苦しい_おもくるしい,重苦しい,おもくるしい,重:◆層になる、上に載る、下になったものに上から大きな力が掛かる、負担が大きい◆再び、繰り返して、何度も、何層にも◆何層にも心配りがされていて手厚い、丁寧な◆何層に; 苦:◆渋味やえぐ味などの不快に感じる味、五味(甘・酸・鹹・苦・辛)の一つ◆不快なことや思うようにならないことなどに困り果てる、押さえ付けられているような(重苦しい),N1,kun,kun+kun,IL1_okurigana(kun 96%) | A1_compound_oku(kun 90%) | A1_on_kun_mix(on+kun 65%),重:◆層になる、上に載る、下になったものに上から大きな力が掛かる、負担が大きい◆再び、繰り返して、何度も、何層にも◆何層にも心配りがされていて手厚い、丁寧な◆何層に; 苦:◆渋味やえぐ味などの不快に感じる味、五味(甘・酸・鹹・苦・辛)の一つ◆不快なことや思うようにならないことなどに困り果てる、押さえ付けられているような(重苦しい)
kk_野心_やしん,野心,やしん,野:◆郊外(コウガイ)、都(みやこ)を囲む城壁の外に広がる地で都から百里以内の地を「郊」、その外を「野」、その外を「林」、その外を「冂」といった、「【說文解字: 冂; 心:◆血液を循環させる働きをする臓器で五臓(心シン・肝カン・脾ヒ・肺ハイ・腎ジン)の一つ ◆ものの真(ま)ん中、真ん中(中心)にあるもの、ものの重要な部分、ものの本,N1,on,on+on,A3_short_compound(on+on 71%),野:◆郊外(コウガイ)、都(みやこ)を囲む城壁の外に広がる地で都から百里以内の地を「郊」、その外を「野」、その外を「林」、その外を「冂」といった、「【說文解字: 冂; 心:◆血液を循環させる働きをする臓器で五臓(心シン・肝カン・脾ヒ・肺ハイ・腎ジン)の一つ ◆ものの真(ま)ん中、真ん中(中心)にあるもの、ものの重要な部分、ものの本
kk_量産_りょうさん,量産,りょうさん,量:◆容積(体積)またその軽重・大小の程度、またそれを計測する、またそれを計測するための容器 ◆ものの大きさや重さを推(お)し測る◆入れ物(いれもの)の大きさ、もの; 産:◆子を生む◆生まれ◆新たに(新たなものを)生み出す、作り出す、また生み出されたもの、「生産(セイサン)」◆土地や財物◆音孔が三つの籥(ヤク、縦笛)、籥よりも太く,N1,on,on+on,,量:◆容積(体積)またその軽重・大小の程度、またそれを計測する、またそれを計測するための容器 ◆ものの大きさや重さを推(お)し測る◆入れ物(いれもの)の大きさ、もの; 産:◆子を生む◆生まれ◆新たに(新たなものを)生み出す、作り出す、また生み出されたもの、「生産(セイサン)」◆土地や財物◆音孔が三つの籥(ヤク、縦笛)、籥よりも太く
kk_量販_りょうはん,量販,りょうはん,量:◆容積(体積)またその軽重・大小の程度、またそれを計測する、またそれを計測するための容器 ◆ものの大きさや重さを推(お)し測る◆入れ物(いれもの)の大きさ、もの; 販:◆品物を安く買い高く売る、「【說文解字:貝部:販】買賤賣貴者」◆市場に行って品物を売る、商売する、「【周禮:地官司徒】…夕市夕時而市販夫販婦爲主(…販夫販婦朝資,N1,on,on+on,,量:◆容積(体積)またその軽重・大小の程度、またそれを計測する、またそれを計測するための容器 ◆ものの大きさや重さを推(お)し測る◆入れ物(いれもの)の大きさ、もの; 販:◆品物を安く買い高く売る、「【說文解字:貝部:販】買賤賣貴者」◆市場に行って品物を売る、商売する、「【周禮:地官司徒】…夕市夕時而市販夫販婦爲主(…販夫販婦朝資
kk_金槌_かなづち,金槌,かなづち,金:◆黄金・白銀・赤銅・青銅・青鉛・黒鉄などの総称、金属の総称◆(黄金のように)黄色い、輝く、美しい、貴重な、(金属のように)堅い◆金属製のもの◆銭(ぜに)、またそ; 槌:◆ものを打ちつける道具、ものを叩(たた)くための道具、木製の頭に柄(え)を付けたもの、ハンマーhammer、同「椎」、鉄製の頭のものは「鎚」「金槌(かなづち、鉄,N1,other,mixed+mixed~,B_noun_rad_金(kun 93%) | B_noun_rad_木(kun 93%),金:◆黄金・白銀・赤銅・青銅・青鉛・黒鉄などの総称、金属の総称◆(黄金のように)黄色い、輝く、美しい、貴重な、(金属のように)堅い◆金属製のもの◆銭(ぜに)、またそ; 槌:◆ものを打ちつける道具、ものを叩(たた)くための道具、木製の頭に柄(え)を付けたもの、ハンマーhammer、同「椎」、鉄製の頭のものは「鎚」「金槌(かなづち、鉄
kk_釣られる_つられる,釣られる,つられる,釣:◆鉤(かぎ、先を曲げた金具)に引っ掛ける、また引っ掛けて魚を獲(と)る、同「魡」◆(餌をぶら下げて)誘(おび)き出す、誘き出して手に入れる◆吊(つ)る、吊り下げ,N1,kun,kun,IL1_okurigana(kun 96%) | IL2_single_okuri(kun 96%) | B_noun_rad_金(kun 93%),釣:◆鉤(かぎ、先を曲げた金具)に引っ掛ける、また引っ掛けて魚を獲(と)る、同「魡」◆(餌をぶら下げて)誘(おび)き出す、誘き出して手に入れる◆吊(つ)る、吊り下げ
kk_釣鐘_つりがね,釣鐘,つりがね,釣:◆鉤(かぎ、先を曲げた金具)に引っ掛ける、また引っ掛けて魚を獲(と)る、同「魡」◆(餌をぶら下げて)誘(おび)き出す、誘き出して手に入れる◆吊(つ)る、吊り下げ; 鐘:◆叩いて鳴らす青銅製の打楽器、側面から見た場合に口は弧を成す、音律に合わせて大きさを変え組にしたものを「編鐘(ヘンショウ)」といい、単独で使う大形のものを「特鐘,N1,other,mixed+mixed~,B_noun_rad_金(kun 93%) | B_noun_rad_金(kun 93%),釣:◆鉤(かぎ、先を曲げた金具)に引っ掛ける、また引っ掛けて魚を獲(と)る、同「魡」◆(餌をぶら下げて)誘(おび)き出す、誘き出して手に入れる◆吊(つ)る、吊り下げ; 鐘:◆叩いて鳴らす青銅製の打楽器、側面から見た場合に口は弧を成す、音律に合わせて大きさを変え組にしたものを「編鐘(ヘンショウ)」といい、単独で使う大形のものを「特鐘
kk_鈍る_にぶる,鈍る,にぶる,鈍:◆鋭くない◆刃物の切れ味が悪い、また悪くなる◆反応が遅い、また遅くなる,N1,kun,kun,IL1_okurigana(kun 96%) | IL2_single_okuri(kun 96%) | B_noun_rad_金(kun 93%),鈍:◆鋭くない◆刃物の切れ味が悪い、また悪くなる◆反応が遅い、また遅くなる
kk_鈍感_どんかん,鈍感,どんかん,鈍:◆鋭くない◆刃物の切れ味が悪い、また悪くなる◆反応が遅い、また遅くなる; 感:◆外部から受けた刺激を知覚する◆外部からの刺激を受けて心や体が反応する、また動く,N1,on,on+on,B_noun_rad_金(kun 93%),鈍:◆鋭くない◆刃物の切れ味が悪い、また悪くなる◆反応が遅い、また遅くなる; 感:◆外部から受けた刺激を知覚する◆外部からの刺激を受けて心や体が反応する、また動く
kk_鉄棒_てつぼう,鉄棒,てつぼう,鉄:◆金属の一種、黒金(くろがね、鉄の古名)◆黒いさま◆堅く強いさま◆金属製の武器◆鉄(Ferrum[羅]、Fe)、元素名; 棒:◆(手で握れる程度の太さのまっすぐで)丸く長い木、「棍棒(コンボウ)」「棒杖(ボウジョウ)」、同「㭋」「棓」◆(棒で)打つ◆[日](ある程度の太さのある)まっす,N1,on,on+on,B_noun_rad_金(kun 93%) | B_noun_rad_木(kun 93%),鉄:◆金属の一種、黒金(くろがね、鉄の古名)◆黒いさま◆堅く強いさま◆金属製の武器◆鉄(Ferrum[羅]、Fe)、元素名; 棒:◆(手で握れる程度の太さのまっすぐで)丸く長い木、「棍棒(コンボウ)」「棒杖(ボウジョウ)」、同「㭋」「棓」◆(棒で)打つ◆[日](ある程度の太さのある)まっす
kk_鉄筋_てっきん,鉄筋,てっきん,鉄:◆金属の一種、黒金(くろがね、鉄の古名)◆黒いさま◆堅く強いさま◆金属製の武器◆鉄(Ferrum[羅]、Fe)、元素名; 筋:◆動物の肉(皮膚と骨を繋いで一定の形や位置を保つ役割を担う組織、筋肉と脂肪とからなる)を構成する伸縮性のある強靱な線状の組織、「【集韻:卷二:平聲:欣第二十一:,N1,on,on+on,B_noun_rad_金(kun 93%) | B_noun_rad_竹(kun 93%),鉄:◆金属の一種、黒金(くろがね、鉄の古名)◆黒いさま◆堅く強いさま◆金属製の武器◆鉄(Ferrum[羅]、Fe)、元素名; 筋:◆動物の肉(皮膚と骨を繋いで一定の形や位置を保つ役割を担う組織、筋肉と脂肪とからなる)を構成する伸縮性のある強靱な線状の組織、「【集韻:卷二:平聲:欣第二十一:
kk_鉱石_こうせき,鉱石,こうせき,鉱:◆掘り出したままで加工されていない有用な物質を含む天然の原石、同「礦」「磺」「𥐫」「卝」; 石:◆地殻を構成する鉱物で硬(かた)く塊(かたまり)状をしたもの、堅く塊状をしたもの、多く岩(いわ、山のように大きな石)よりも小さく、砂(すな、小さな粒状の石)より,N1,on,on+on,B_noun_rad_金(kun 93%),鉱:◆掘り出したままで加工されていない有用な物質を含む天然の原石、同「礦」「磺」「𥐫」「卝」; 石:◆地殻を構成する鉱物で硬(かた)く塊(かたまり)状をしたもの、堅く塊状をしたもの、多く岩(いわ、山のように大きな石)よりも小さく、砂(すな、小さな粒状の石)より
kk_錯誤_さくご,錯誤,さくご,錯:◆複雑に入り交(まじ)る、交互に入(い)り組む、きちんと揃っていない◆入れ違う、食い違う、行き違う、間違う◆砥石(といし)や鑢(やすり)などで磨く、また擦(こす; 誤:◆間違う、本来の仕方(しかた、やり方・方法・手段など)を違(たが)える、理解・判断・行動の際の基準(基準の選択、基準の本来の意味)を取り違える◆判断を間違う、思,N1,on,on+on,A3_short_compound(on+on 71%) | B_noun_rad_金(kun 93%) | B_verb_rad_言(kun 80%),錯:◆複雑に入り交(まじ)る、交互に入(い)り組む、きちんと揃っていない◆入れ違う、食い違う、行き違う、間違う◆砥石(といし)や鑢(やすり)などで磨く、また擦(こす; 誤:◆間違う、本来の仕方(しかた、やり方・方法・手段など)を違(たが)える、理解・判断・行動の際の基準(基準の選択、基準の本来の意味)を取り違える◆判断を間違う、思
kk_鍛える_きたえる,鍛える,きたえる,鍛:◆金属を(熱し)叩いて質を良くする、同「煅」◆槌(つち)などで打つ、叩いて平らにする◆修練や訓練を重ねて精神や技術を高める,N1,kun,kun,IL1_okurigana(kun 96%) | IL2_single_okuri(kun 96%) | B_noun_rad_金(kun 93%),鍛:◆金属を(熱し)叩いて質を良くする、同「煅」◆槌(つち)などで打つ、叩いて平らにする◆修練や訓練を重ねて精神や技術を高める
kk_長々_ながなが,長々,ながなが,長:◆距離や時間などが途切れることなく連なっている、離れたところまでずぅっと続いている、途切れなく続いているものの二点(両端)が大きく隔(へだ)たっている、またその,N1,kun,kun,IL2_single_default(kun 84%),長:◆距離や時間などが途切れることなく連なっている、離れたところまでずぅっと続いている、途切れなく続いているものの二点(両端)が大きく隔(へだ)たっている、またその
kk_長編_ちょうへん,長編,ちょうへん,長:◆距離や時間などが途切れることなく連なっている、離れたところまでずぅっと続いている、途切れなく続いているものの二点(両端)が大きく隔(へだ)たっている、またその; 編:◆竹簡や木簡を一つの纏まった文書・記録・書物になるように順に揃え結わいて綴じる、またそのための綴じ紐◆ばらばらのものを集め順序立てて並べ一つのものに組み上げる◆,N1,on,on+on,,長:◆距離や時間などが途切れることなく連なっている、離れたところまでずぅっと続いている、途切れなく続いているものの二点(両端)が大きく隔(へだ)たっている、またその; 編:◆竹簡や木簡を一つの纏まった文書・記録・書物になるように順に揃え結わいて綴じる、またそのための綴じ紐◆ばらばらのものを集め順序立てて並べ一つのものに組み上げる◆
kk_長閑_のどか,長閑,のどか,長:◆距離や時間などが途切れることなく連なっている、離れたところまでずぅっと続いている、途切れなく続いているものの二点(両端)が大きく隔(へだ)たっている、またその; 閑:◆間(あいだ)が空いているさま◆何もなくゆったりとしているさま◆(隙間のある)柵(さく)、遮(さえぎ)る◆境目、境界、区切り、けじめ◆越えてはならないこと、守る,N1,other,mixed+mixed~,A3_short_compound(on+on 71%),長:◆距離や時間などが途切れることなく連なっている、離れたところまでずぅっと続いている、途切れなく続いているものの二点(両端)が大きく隔(へだ)たっている、またその; 閑:◆間(あいだ)が空いているさま◆何もなくゆったりとしているさま◆(隙間のある)柵(さく)、遮(さえぎ)る◆境目、境界、区切り、けじめ◆越えてはならないこと、守る
kk_閃く_ひらめく,閃く,ひらめく,閃:◆僅(わず)かに開いた門扉(モンピ)の隙(すき)から門内の人を見る、(視野が狭い上に人が動くため)一瞬見えたと思えば次の瞬間には見えなくなる、「【禮記注疏(禮記,N1,kun,kun,IL1_okurigana(kun 96%) | IL2_single_okuri(kun 96%),閃:◆僅(わず)かに開いた門扉(モンピ)の隙(すき)から門内の人を見る、(視野が狭い上に人が動くため)一瞬見えたと思えば次の瞬間には見えなくなる、「【禮記注疏(禮記
kk_閉じ籠る_とじこもる,閉じ籠る,とじこもる,閉:◆ものが出入りするところ(門・戸・窓・穴など)から出たり入ったりできないようにする、塞ぐ、「密閉」「閉塞」◆中に入れて外に出られないようにする、「幽閉」◆しっか; 籠:◆竹を編んで作った入れ物(盆状・桶状・笊状・筒状のものなど)の総称、またそれに入れる◆箙(えびら)、矢を入れて背負う竹製筒状(箱形・筒形・袋形など)の容器◆中に,N1,mixed,kun+on~,IL1_okurigana(kun 96%) | A1_compound_oku(kun 90%) | A1_on_kun_mix(on+kun 65%),閉:◆ものが出入りするところ(門・戸・窓・穴など)から出たり入ったりできないようにする、塞ぐ、「密閉」「閉塞」◆中に入れて外に出られないようにする、「幽閉」◆しっか; 籠:◆竹を編んで作った入れ物(盆状・桶状・笊状・筒状のものなど)の総称、またそれに入れる◆箙(えびら)、矢を入れて背負う竹製筒状(箱形・筒形・袋形など)の容器◆中に
kk_開拓_かいたく,開拓,かいたく,開:◆啓(ひら)く、閉じられている扉を真ん中から左右に押し除(の)ける◆仕切っているもの(塞ふさいでいるもの、妨さまたげているもの)を取る、「開放(カイホウ)」◆明; 拓:◆切り開く、押し広げる、広げる◆凹凸があるものに紙を当て上からたんぽ(綿などを丸め棒の先に取り付け墨を含ませたもの)で叩きながら文字や絵柄を写し取る、石摺(いし,N1,on,on+on,B_verb_rad_手(kun 80%),開:◆啓(ひら)く、閉じられている扉を真ん中から左右に押し除(の)ける◆仕切っているもの(塞ふさいでいるもの、妨さまたげているもの)を取る、「開放(カイホウ)」◆明; 拓:◆切り開く、押し広げる、広げる◆凹凸があるものに紙を当て上からたんぽ(綿などを丸め棒の先に取り付け墨を含ませたもの)で叩きながら文字や絵柄を写し取る、石摺(いし
kk_閑古鳥_かんこどり,閑古鳥,かんこどり,閑:◆間(あいだ)が空いているさま◆何もなくゆったりとしているさま◆(隙間のある)柵(さく)、遮(さえぎ)る◆境目、境界、区切り、けじめ◆越えてはならないこと、守る; 古:◆以前、昔(むかし)、以前の、昔の、同「故」◆長い時を経(へ)ているさま; 鳥:◆羽毛に覆(おお)われ嘴(くちばし)があり二足で卵生の動物の総称◆とり、とりへん、部首名,N1,other,mixed+mixed+mixed~,A4_multi_on(on+on+on 65%),閑:◆間(あいだ)が空いているさま◆何もなくゆったりとしているさま◆(隙間のある)柵(さく)、遮(さえぎ)る◆境目、境界、区切り、けじめ◆越えてはならないこと、守る; 古:◆以前、昔(むかし)、以前の、昔の、同「故」◆長い時を経(へ)ているさま; 鳥:◆羽毛に覆(おお)われ嘴(くちばし)があり二足で卵生の動物の総称◆とり、とりへん、部首名
kk_閑静_かんせい,閑静,かんせい,閑:◆間(あいだ)が空いているさま◆何もなくゆったりとしているさま◆(隙間のある)柵(さく)、遮(さえぎ)る◆境目、境界、区切り、けじめ◆越えてはならないこと、守る; 静:◆動きや乱れなどが鎮(しず)まる、治(おさ)まる◆何事もなく穏やかなさま◆しんとして音や声がしないさま、じっと動かないさま,N1,on,on+on,,閑:◆間(あいだ)が空いているさま◆何もなくゆったりとしているさま◆(隙間のある)柵(さく)、遮(さえぎ)る◆境目、境界、区切り、けじめ◆越えてはならないこと、守る; 静:◆動きや乱れなどが鎮(しず)まる、治(おさ)まる◆何事もなく穏やかなさま◆しんとして音や声がしないさま、じっと動かないさま
kk_間柄_あいだから,間柄,あいだから,間:◆両側からぴったりと閉じられずに開いているところ、(空間・時間・物事・関係などが)連続せずに途切れているところ、開いたり途切れたりして何もないところ、隙(すき); 柄:◆茎や枝から伸びて花や葉を支えている枝状の部分、「花柄(カヘイ)」「葉柄(ヨウヘイ)」という◆器物に取り付けて手で握るための棒 ◆手に握る、握って自由に操る、ま,N1,other,mixed+mixed~,B_noun_rad_木(kun 93%),間:◆両側からぴったりと閉じられずに開いているところ、(空間・時間・物事・関係などが)連続せずに途切れているところ、開いたり途切れたりして何もないところ、隙(すき); 柄:◆茎や枝から伸びて花や葉を支えている枝状の部分、「花柄(カヘイ)」「葉柄(ヨウヘイ)」という◆器物に取り付けて手で握るための棒 ◆手に握る、握って自由に操る、ま
kk_間際_まぎわ,間際,まぎわ,間:◆両側からぴったりと閉じられずに開いているところ、(空間・時間・物事・関係などが)連続せずに途切れているところ、開いたり途切れたりして何もないところ、隙(すき); 際:◆他と触(ふ)れ合う、付き合う、「交際(コウサイ、交わり接すること、付き合うこと)」◆他と合(あ)わさるところ、接するところ、境目、「水際(スイサイ、みずぎわ),N1,other,mixed+mixed~,A3_short_compound(on+on 71%),間:◆両側からぴったりと閉じられずに開いているところ、(空間・時間・物事・関係などが)連続せずに途切れているところ、開いたり途切れたりして何もないところ、隙(すき); 際:◆他と触(ふ)れ合う、付き合う、「交際(コウサイ、交わり接すること、付き合うこと)」◆他と合(あ)わさるところ、接するところ、境目、「水際(スイサイ、みずぎわ)
kk_関与_かんよ,関与,かんよ,関:◆閂(かんぬき)、扉を閉め内側から横に渡して扉が開かないようにするための横木、同「閞」◆門を閉じる、門を閉じて閂を掛ける◆国や領地などの周りを囲った境界に設けら; 与:◆上位の者が下位の者に物などをやる、授(さず)ける、同「賜予(シヨ)」◆同じ目的を持った仲間に加わる、また加わって共に行動する、組する、同「與」◆関(かか)わる,N1,on,on+on,A3_short_compound(on+on 71%),関:◆閂(かんぬき)、扉を閉め内側から横に渡して扉が開かないようにするための横木、同「閞」◆門を閉じる、門を閉じて閂を掛ける◆国や領地などの周りを囲った境界に設けら; 与:◆上位の者が下位の者に物などをやる、授(さず)ける、同「賜予(シヨ)」◆同じ目的を持った仲間に加わる、また加わって共に行動する、組する、同「與」◆関(かか)わる
kk_関知_かんち,関知,かんち,関:◆閂(かんぬき)、扉を閉め内側から横に渡して扉が開かないようにするための横木、同「閞」◆門を閉じる、門を閉じて閂を掛ける◆国や領地などの周りを囲った境界に設けら; 知:◆(矢のように素早く、矢が的の中央に当たるように的確に)認識する、見定める、「察知(サッチ)」「知識(チシキ)」、「智」は「見知ったことを理解しその正邪を正しく,N1,on,on+on,A3_short_compound(on+on 71%),関:◆閂(かんぬき)、扉を閉め内側から横に渡して扉が開かないようにするための横木、同「閞」◆門を閉じる、門を閉じて閂を掛ける◆国や領地などの周りを囲った境界に設けら; 知:◆(矢のように素早く、矢が的の中央に当たるように的確に)認識する、見定める、「察知(サッチ)」「知識(チシキ)」、「智」は「見知ったことを理解しその正邪を正しく
kk_関税_かんぜい,関税,かんぜい,関:◆閂(かんぬき)、扉を閉め内側から横に渡して扉が開かないようにするための横木、同「閞」◆門を閉じる、門を閉じて閂を掛ける◆国や領地などの周りを囲った境界に設けら; 税:◆国や領主に納める収穫物や金銭、租(田畑などからの収穫物)・庸(労役)・調(穀物以外の布などの現物)の総称◆収穫物や商売などによって得た利益の一部を(税として),N1,on,on+on,,関:◆閂(かんぬき)、扉を閉め内側から横に渡して扉が開かないようにするための横木、同「閞」◆門を閉じる、門を閉じて閂を掛ける◆国や領地などの周りを囲った境界に設けら; 税:◆国や領主に納める収穫物や金銭、租(田畑などからの収穫物)・庸(労役)・調(穀物以外の布などの現物)の総称◆収穫物や商売などによって得た利益の一部を(税として)
kk_関節_かんせつ,関節,かんせつ,関:◆閂(かんぬき)、扉を閉め内側から横に渡して扉が開かないようにするための横木、同「閞」◆門を閉じる、門を閉じて閂を掛ける◆国や領地などの周りを囲った境界に設けら; 節:◆タケ(竹、イネ科タケ亜科の木)の中空の茎が途中で区切られ外側に硬く盛り上がっているところ、イネ科の植物に多くみられる◆区切り、変わり目、段落、けじめ◆区切りで,N1,on,on+on,B_noun_rad_竹(kun 93%),関:◆閂(かんぬき)、扉を閉め内側から横に渡して扉が開かないようにするための横木、同「閞」◆門を閉じる、門を閉じて閂を掛ける◆国や領地などの周りを囲った境界に設けら; 節:◆タケ(竹、イネ科タケ亜科の木)の中空の茎が途中で区切られ外側に硬く盛り上がっているところ、イネ科の植物に多くみられる◆区切り、変わり目、段落、けじめ◆区切りで
kk_閲覧_えつらん,閲覧,えつらん,閲:◆一つ一つ数える、一つ一つ確認する◆詳しく調べる、点検する◆一つ一つ確かめながら見る、また読む◆一日一日と日を重ねる◆容(い)れる、受け入れる◆功績や手柄を記し; 覧:◆見渡す、見て回る◆全体を見る、全体に目を通す,N1,on,on+on,,閲:◆一つ一つ数える、一つ一つ確認する◆詳しく調べる、点検する◆一つ一つ確かめながら見る、また読む◆一日一日と日を重ねる◆容(い)れる、受け入れる◆功績や手柄を記し; 覧:◆見渡す、見て回る◆全体を見る、全体に目を通す
kk_闇_やみ,闇,やみ,闇:◆門を閉める◆暗い、薄暗い、ぼんやりしている、「門が閉じられ光りが遮られる」ことから◆よく見えない、訳が分からない、ものの道理が分からない「門が閉じられ外の様子,N1,kun,kun,IL2_single_default(kun 84%),闇:◆門を閉める◆暗い、薄暗い、ぼんやりしている、「門が閉じられ光りが遮られる」ことから◆よく見えない、訳が分からない、ものの道理が分からない「門が閉じられ外の様子
kk_防衛_ぼうえい,防衛,ぼうえい,防:◆堤(つつみ)、水が溢(あふ)れ出てくることがないように或いは流れを変えるために土や石などを高く盛って遮(さえぎ)る、「堤防(テイボウ)」◆災害や危険などが及ば; 衛:◆建物の周りを見回(みまわ)る、周りを巡(めぐ)る◆見回って近づくものから中を守る、外からの侵入を防ぐ、外敵から国境を防ぎ守る、「防衛(ボウエイ)」◆諸侯国名、,N1,on,on+on,,防:◆堤(つつみ)、水が溢(あふ)れ出てくることがないように或いは流れを変えるために土や石などを高く盛って遮(さえぎ)る、「堤防(テイボウ)」◆災害や危険などが及ば; 衛:◆建物の周りを見回(みまわ)る、周りを巡(めぐ)る◆見回って近づくものから中を守る、外からの侵入を防ぐ、外敵から国境を防ぎ守る、「防衛(ボウエイ)」◆諸侯国名、
kk_阻む_はばむ,阻む,はばむ,阻:◆(山や川が)行く手を遮(さえぎ)る、立ちはだかる、(前進・進行を)妨(さまた)げる、(侵入・進行を)食(く)い止める、同「沮」◆「険阻(ケンソ)」、行く手を妨,N1,kun,kun,IL1_okurigana(kun 96%) | IL2_single_okuri(kun 96%),阻:◆(山や川が)行く手を遮(さえぎ)る、立ちはだかる、(前進・進行を)妨(さまた)げる、(侵入・進行を)食(く)い止める、同「沮」◆「険阻(ケンソ)」、行く手を妨
kk_阻止_そし,阻止,そし,阻:◆(山や川が)行く手を遮(さえぎ)る、立ちはだかる、(前進・進行を)妨(さまた)げる、(侵入・進行を)食(く)い止める、同「沮」◆「険阻(ケンソ)」、行く手を妨; 止:◆ものが動かないように(しっかりと)立つための支えとなる基(もと、土台)◆体を支える足(あし)◆同じ所に留(とど)まって動かない[†「止」は止まったまま動かない,N1,on,on+on,A3_short_compound(on+on 71%),阻:◆(山や川が)行く手を遮(さえぎ)る、立ちはだかる、(前進・進行を)妨(さまた)げる、(侵入・進行を)食(く)い止める、同「沮」◆「険阻(ケンソ)」、行く手を妨; 止:◆ものが動かないように(しっかりと)立つための支えとなる基(もと、土台)◆体を支える足(あし)◆同じ所に留(とど)まって動かない[†「止」は止まったまま動かない
kk_降伏_こうふく,降伏,こうふく,降:◆下(くだ)る、高いところから低いところに移る◆下(お)りる、下りて来る、上から下に落ちる◆下(さ)げる、下(お)ろす、低くする、「降伏(コウフク、姿勢を低くし; 伏:◆体を屈(かが)め頭を下げ視線を下に向ける◆腹這い(はらばい)になる◆姿勢を低くして(頭を下げて)物の下に隠れる、また隠す◆(願い事をする・目上の人に申し上げる,N1,on,on+on,,降:◆下(くだ)る、高いところから低いところに移る◆下(お)りる、下りて来る、上から下に落ちる◆下(さ)げる、下(お)ろす、低くする、「降伏(コウフク、姿勢を低くし; 伏:◆体を屈(かが)め頭を下げ視線を下に向ける◆腹這い(はらばい)になる◆姿勢を低くして(頭を下げて)物の下に隠れる、また隠す◆(願い事をする・目上の人に申し上げる
kk_除外_じょがい,除外,じょがい,除:◆そこにあるものを押し退(の)ける、押し退けて場所をあける◆取り払う、取り去る◆それまでの官職を解(と)いて新しい官職に就(つ)ける、「除官(ジョカン)」◆それ; 外:◆そと、範囲・領域・組織や区切り・境界の内(内側、内部)から出たもの、表に出ている(表に面している)もの、見えるところにあるもの、またそのようなところ、逆は「内,N1,on,on+on,A3_short_compound(on+on 71%),除:◆そこにあるものを押し退(の)ける、押し退けて場所をあける◆取り払う、取り去る◆それまでの官職を解(と)いて新しい官職に就(つ)ける、「除官(ジョカン)」◆それ; 外:◆そと、範囲・領域・組織や区切り・境界の内(内側、内部)から出たもの、表に出ている(表に面している)もの、見えるところにあるもの、またそのようなところ、逆は「内
kk_陥る_おちいる,陥る,おちいる,陥:◆穴、地面が落ち窪(くぼ)んだ穴、同「臽」◆落とし穴、「陷阱、陷穽(カンセイ)」◆穴に落ち込む、穴に填(は)まり込む◆穴や罠(わな)に落とし入れる、攻め落とす,N1,kun,kun,IL1_okurigana(kun 96%) | IL2_single_okuri(kun 96%),陥:◆穴、地面が落ち窪(くぼ)んだ穴、同「臽」◆落とし穴、「陷阱、陷穽(カンセイ)」◆穴に落ち込む、穴に填(は)まり込む◆穴や罠(わな)に落とし入れる、攻め落とす
kk_陥落_かんらく,陥落,かんらく,陥:◆穴、地面が落ち窪(くぼ)んだ穴、同「臽」◆落とし穴、「陷阱、陷穽(カンセイ)」◆穴に落ち込む、穴に填(は)まり込む◆穴や罠(わな)に落とし入れる、攻め落とす; 落:◆上にあったものが下に移動する、高い所から下に位置を変える、「落下(ラッカ)」「墜落(ツイラク)」◆枯れ衰える、(枯れた葉が)地に墜ちる、「没落(ボツラク)」「,N1,on,on+on,,陥:◆穴、地面が落ち窪(くぼ)んだ穴、同「臽」◆落とし穴、「陷阱、陷穽(カンセイ)」◆穴に落ち込む、穴に填(は)まり込む◆穴や罠(わな)に落とし入れる、攻め落とす; 落:◆上にあったものが下に移動する、高い所から下に位置を変える、「落下(ラッカ)」「墜落(ツイラク)」◆枯れ衰える、(枯れた葉が)地に墜ちる、「没落(ボツラク)」「
kk_陰気_いんき,陰気,いんき,陰:◆物に遮(さえぎ)られて光(日光)が届かない、日光が届かずに暗い、またそのようなところ、日光が当たるところは「陽」◆山の北側、川の南側、日光が当たらない側、逆は; 気:◆中国古来の考えで、天地全ての事物の基本要素、目に見えず形状は一定しない、あらゆる事物の生死・盛衰などの変化・変動はこの「気」の移動・集散によるものと考えられた,N1,on,on+on,A3_short_compound(on+on 71%),陰:◆物に遮(さえぎ)られて光(日光)が届かない、日光が届かずに暗い、またそのようなところ、日光が当たるところは「陽」◆山の北側、川の南側、日光が当たらない側、逆は; 気:◆中国古来の考えで、天地全ての事物の基本要素、目に見えず形状は一定しない、あらゆる事物の生死・盛衰などの変化・変動はこの「気」の移動・集散によるものと考えられた
kk_陰湿_いんしつ,陰湿,いんしつ,陰:◆物に遮(さえぎ)られて光(日光)が届かない、日光が届かずに暗い、またそのようなところ、日光が当たるところは「陽」◆山の北側、川の南側、日光が当たらない側、逆は; 湿:◆僅かに水分(液体)を含んでいるさま、水気を帯びる、水気を含んでいるが水が滲み出るほどではない状態を指す,N1,on,on+on,,陰:◆物に遮(さえぎ)られて光(日光)が届かない、日光が届かずに暗い、またそのようなところ、日光が当たるところは「陽」◆山の北側、川の南側、日光が当たらない側、逆は; 湿:◆僅かに水分(液体)を含んでいるさま、水気を帯びる、水気を含んでいるが水が滲み出るほどではない状態を指す
kk_陳列_ちんれつ,陳列,ちんれつ,陳:◆順に並べる、一列に並べる、広げ並べる、また並ぶ、同「敶」「𨸬」「𢽬」◆順を追って述べる、よく分かるように述べる、同「𨸬」「𢽬」◆古い、旧式な、長い時が経ってい; 列:◆横方向の並び、横方向に順序に従って(重ならないように)並ぶ、同「排」、縦方向の列を「行」◆ずらりと人が居並ぶ◆裂(さ)く、二つに切り割(さ)く、同「裂」「𠜺」,N1,on,on+on,B_verb_rad_刀(kun 80%),陳:◆順に並べる、一列に並べる、広げ並べる、また並ぶ、同「敶」「𨸬」「𢽬」◆順を追って述べる、よく分かるように述べる、同「𨸬」「𢽬」◆古い、旧式な、長い時が経ってい; 列:◆横方向の並び、横方向に順序に従って(重ならないように)並ぶ、同「排」、縦方向の列を「行」◆ずらりと人が居並ぶ◆裂(さ)く、二つに切り割(さ)く、同「裂」「𠜺」
kk_陸上_りくじょう,陸上,りくじょう,陸:◆おか、くが、広い台地、土が厚く積み重なって水面より高くなったところ、水に覆われていない平らに広がる土地◆水に覆われていない土地、「陸路(りくろ)」◆途切れるこ; 上:◆位置・場所・地位などが高い、高い方にある◆高い方に移る、昇る、登る◆順序・時間などが前、前の方にある◆前の方に移る◆等級・品質などが高い、優れている◆殿様、皇,N1,on,on+on,,陸:◆おか、くが、広い台地、土が厚く積み重なって水面より高くなったところ、水に覆われていない平らに広がる土地◆水に覆われていない土地、「陸路(りくろ)」◆途切れるこ; 上:◆位置・場所・地位などが高い、高い方にある◆高い方に移る、昇る、登る◆順序・時間などが前、前の方にある◆前の方に移る◆等級・品質などが高い、優れている◆殿様、皇
kk_階層_かいそう,階層,かいそう,階:◆同じ高さの段(ダン、積み重ねて層をなしたもの)、上り下りするために同じ高さに揃え積み重ねたもの、「階段(カイダン)」◆梯子(テイシ、はしご)◆高低の区切りの一; 層:◆同質のものが積み重(かさ)なる、また繰り返される、同「曾」◆二階以上の建物、その重なった有様、同「樓」◆階級、等級,N1,on,on+on,,階:◆同じ高さの段(ダン、積み重ねて層をなしたもの)、上り下りするために同じ高さに揃え積み重ねたもの、「階段(カイダン)」◆梯子(テイシ、はしご)◆高低の区切りの一; 層:◆同質のものが積み重(かさ)なる、また繰り返される、同「曾」◆二階以上の建物、その重なった有様、同「樓」◆階級、等級
kk_階級_かいきゅう,階級,かいきゅう,階:◆同じ高さの段(ダン、積み重ねて層をなしたもの)、上り下りするために同じ高さに揃え積み重ねたもの、「階段(カイダン)」◆梯子(テイシ、はしご)◆高低の区切りの一; 級:◆品質や地位などの程度◆上下の順序、同「𨸚」「階」◆切り取った敵の首(くび),N1,on,on+on,,階:◆同じ高さの段(ダン、積み重ねて層をなしたもの)、上り下りするために同じ高さに揃え積み重ねたもの、「階段(カイダン)」◆梯子(テイシ、はしご)◆高低の区切りの一; 級:◆品質や地位などの程度◆上下の順序、同「𨸚」「階」◆切り取った敵の首(くび)
kk_隔日_かくじつ,隔日,かくじつ,隔:◆間(あいだ)を仕切る、仕切って内(手前、こちら)と外(向こう、あちら)の行き来ができないようにする◆時間や距離などの間を空(あ)ける◆他との関(かか)わりに距; 日:◆太陽◆太陽が出ている間、昼間、夜明けから日没まで◆一昼夜、朝から次の朝まで、またその繰り返し、またその繰り返しを数える語◆候(コウ)、時節、頃(ケイ、ころ)◆,N1,on,on+on,,隔:◆間(あいだ)を仕切る、仕切って内(手前、こちら)と外(向こう、あちら)の行き来ができないようにする◆時間や距離などの間を空(あ)ける◆他との関(かか)わりに距; 日:◆太陽◆太陽が出ている間、昼間、夜明けから日没まで◆一昼夜、朝から次の朝まで、またその繰り返し、またその繰り返しを数える語◆候(コウ)、時節、頃(ケイ、ころ)◆
kk_障る_さわる,障る,さわる,障:◆間が仕切られている、仕切る◆仕切られていて向こう側へ行けない、仕切って行く手を遮(さえぎ)る、妨げる◆仕切って遮(さえぎ)るもの、壁や塀・障子や衝立など◆差し,N1,kun,kun,IL1_okurigana(kun 96%) | IL2_single_okuri(kun 96%),障:◆間が仕切られている、仕切る◆仕切られていて向こう側へ行けない、仕切って行く手を遮(さえぎ)る、妨げる◆仕切って遮(さえぎ)るもの、壁や塀・障子や衝立など◆差し
kk_隠れ家_かくれが,隠れ家,かくれが,隠:◆(逃げて或いは退いて)人目を避ける、人目を憚(はばか)る◆他から見えないようにする、また見えなくなる◆外から見えない、表に出ない◆人知れず思う、人知れない悩み; 家:◆屋根(「宀」)があり四周が戸や壁で遮(さえぎ)られている建物、豕(いのこ、ブタ)などの大切な家畜を飼(か)う建物◆同じ屋根の下で親子や一族が共に生活する、人が,N1,mixed,kun+on~,IL1_okurigana(kun 96%) | A1_compound_oku(kun 90%) | A1_on_kun_mix(on+kun 65%),隠:◆(逃げて或いは退いて)人目を避ける、人目を憚(はばか)る◆他から見えないようにする、また見えなくなる◆外から見えない、表に出ない◆人知れず思う、人知れない悩み; 家:◆屋根(「宀」)があり四周が戸や壁で遮(さえぎ)られている建物、豕(いのこ、ブタ)などの大切な家畜を飼(か)う建物◆同じ屋根の下で親子や一族が共に生活する、人が
kk_隠蔽_いんぺい,隠蔽,いんぺい,隠:◆(逃げて或いは退いて)人目を避ける、人目を憚(はばか)る◆他から見えないようにする、また見えなくなる◆外から見えない、表に出ない◆人知れず思う、人知れない悩み; 蔽:◆上から被(かぶ)せて全体を覆(おお)う、周りから見えないように覆(おお)って隠す◆遮(さえぎ)る、阻(はば)む◆全体を一つにまとめる,N1,other,mixed+mixed~,,隠:◆(逃げて或いは退いて)人目を避ける、人目を憚(はばか)る◆他から見えないようにする、また見えなくなる◆外から見えない、表に出ない◆人知れず思う、人知れない悩み; 蔽:◆上から被(かぶ)せて全体を覆(おお)う、周りから見えないように覆(おお)って隠す◆遮(さえぎ)る、阻(はば)む◆全体を一つにまとめる
kk_集大成_しゅうたいせい,集大成,しゅうたいせい,集:◆多くのものが同じところに寄り合う、多くの人が同じところに会(カイ)する◆多くのものが一つになる、また一つにする、また一つになったもの、また一つにしたもの◆多く; 大:◆形・数・量・力・程度などが比較しようとしているもの以上である、求められる(必要とされる、必要な)形・数・量・力・程度などを超(こ)えている、優(すぐ)れる、長; 成:◆為(な)す、形や状態などを変えようとする、また変わろうとする◆本来の形や状態になる、目的・目標を持って働き、当初の目的・目標に達する、出来上がる、仕上がる、「,N1,on,on+on+on,A4_multi_on(on+on+on 65%),集:◆多くのものが同じところに寄り合う、多くの人が同じところに会(カイ)する◆多くのものが一つになる、また一つにする、また一つになったもの、また一つにしたもの◆多く; 大:◆形・数・量・力・程度などが比較しようとしているもの以上である、求められる(必要とされる、必要な)形・数・量・力・程度などを超(こ)えている、優(すぐ)れる、長; 成:◆為(な)す、形や状態などを変えようとする、また変わろうとする◆本来の形や状態になる、目的・目標を持って働き、当初の目的・目標に達する、出来上がる、仕上がる、「
kk_雑木_ぞうき,雑木,ぞうき,雑:◆それぞれの性質は保ったままいろいろな物が寄せ集まる、また入り交る、入り交って元の性質が失われるのは「混」◆入り交って纏(まと)まりがないさま、きちんと整ってい; 木:◆植物の一分類、例外もあるが一般に表皮が硬く寒暖差などによって年輪を生ずるもの、またそれを使ったもの◆五行(水・火・木・金・土)の一つ ◆自然で飾り気がないさま,N1,mixed,on+kun~,A3_short_compound(on+on 71%) | B_noun_rad_木(kun 93%),雑:◆それぞれの性質は保ったままいろいろな物が寄せ集まる、また入り交る、入り交って元の性質が失われるのは「混」◆入り交って纏(まと)まりがないさま、きちんと整ってい; 木:◆植物の一分類、例外もあるが一般に表皮が硬く寒暖差などによって年輪を生ずるもの、またそれを使ったもの◆五行(水・火・木・金・土)の一つ ◆自然で飾り気がないさま
kk_雑貨_ざっか,雑貨,ざっか,雑:◆それぞれの性質は保ったままいろいろな物が寄せ集まる、また入り交る、入り交って元の性質が失われるのは「混」◆入り交って纏(まと)まりがないさま、きちんと整ってい; 貨:◆品物を買うための金銭、「貨幣(カヘイ)」◆金銭に交換できる(金銭と同じ価値がある)品物、財物◆商品、売り物、(金銭に変えることができる)品物◆賂(まいない)、,N1,on,on+on,A3_short_compound(on+on 71%),雑:◆それぞれの性質は保ったままいろいろな物が寄せ集まる、また入り交る、入り交って元の性質が失われるのは「混」◆入り交って纏(まと)まりがないさま、きちんと整ってい; 貨:◆品物を買うための金銭、「貨幣(カヘイ)」◆金銭に交換できる(金銭と同じ価値がある)品物、財物◆商品、売り物、(金銭に変えることができる)品物◆賂(まいない)、
kk_雑費_ざっぴ,雑費,ざっぴ,雑:◆それぞれの性質は保ったままいろいろな物が寄せ集まる、また入り交る、入り交って元の性質が失われるのは「混」◆入り交って纏(まと)まりがないさま、きちんと整ってい; 費:◆金銭・品物・労力などを使う、時間・手間などがかかる◆ものなどを買うために用いる金銭、「費用(ヒヨウ)」◆使い減らす、「浪費(ロウヒ)」◆魯ロ国(前11世紀～前,N1,other,mixed+mixed~,A3_short_compound(on+on 71%),雑:◆それぞれの性質は保ったままいろいろな物が寄せ集まる、また入り交る、入り交って元の性質が失われるのは「混」◆入り交って纏(まと)まりがないさま、きちんと整ってい; 費:◆金銭・品物・労力などを使う、時間・手間などがかかる◆ものなどを買うために用いる金銭、「費用(ヒヨウ)」◆使い減らす、「浪費(ロウヒ)」◆魯ロ国(前11世紀～前
kk_離れ離れ_はなればなれ,離れ離れ,はなればなれ,離:◆間(あいだ)を空(あ)ける、隔(へだ)てる、分(わ)ける、別(わか)れる◆間が空いている、隔たっている、分かれている、別れている◆八卦(ハッカ、「乾・兌・離・; 離:◆間(あいだ)を空(あ)ける、隔(へだ)てる、分(わ)ける、別(わか)れる◆間が空いている、隔たっている、分かれている、別れている◆八卦(ハッカ、「乾・兌・離・,N1,kun,kun+kun~,IL1_okurigana(kun 96%) | A1_compound_oku(kun 90%) | A1_on_kun_mix(on+kun 65%),離:◆間(あいだ)を空(あ)ける、隔(へだ)てる、分(わ)ける、別(わか)れる◆間が空いている、隔たっている、分かれている、別れている◆八卦(ハッカ、「乾・兌・離・; 離:◆間(あいだ)を空(あ)ける、隔(へだ)てる、分(わ)ける、別(わか)れる◆間が空いている、隔たっている、分かれている、別れている◆八卦(ハッカ、「乾・兌・離・
kk_難航_なんこう,難航,なんこう,難:◆思いの通りにいかない(ならない)、～するのは容易でない、～しにくい、～しづらい、同「艱」◆災(わざわ)い、禍(カ、わざわい)、手の施(ほどこ)しようのない(思; 航:◆方舟(はこぶね)、二艘(そう、船の数の単位)の舟を並べ互いに繋ぎ合わせた舟(船首が二つあるような形の舟)、同「斻」「舫」◆船が並んで進むさま、同「𦨵」◆舟、船,N1,on,on+on,,難:◆思いの通りにいかない(ならない)、～するのは容易でない、～しにくい、～しづらい、同「艱」◆災(わざわ)い、禍(カ、わざわい)、手の施(ほどこ)しようのない(思; 航:◆方舟(はこぶね)、二艘(そう、船の数の単位)の舟を並べ互いに繋ぎ合わせた舟(船首が二つあるような形の舟)、同「斻」「舫」◆船が並んで進むさま、同「𦨵」◆舟、船
kk_難色_なんしょく,難色,なんしょく,難:◆思いの通りにいかない(ならない)、～するのは容易でない、～しにくい、～しづらい、同「艱」◆災(わざわ)い、禍(カ、わざわい)、手の施(ほどこ)しようのない(思; 色:◆視覚によって認識するものの内、形状以外のもの、(特に顔の)表情、彩(いろどり)り、具合(ぐあい)、様子◆男女間の情欲(ジョウヨク)◆種類、二色=二種類◆いろ、,N1,on,on+on,,難:◆思いの通りにいかない(ならない)、～するのは容易でない、～しにくい、～しづらい、同「艱」◆災(わざわ)い、禍(カ、わざわい)、手の施(ほどこ)しようのない(思; 色:◆視覚によって認識するものの内、形状以外のもの、(特に顔の)表情、彩(いろどり)り、具合(ぐあい)、様子◆男女間の情欲(ジョウヨク)◆種類、二色=二種類◆いろ、
kk_雨具_あまぐ,雨具,あまぐ,雨:◆大気中の水蒸気が集まって水滴となり、浮かんでいることができずに落下するもの ◆(雨や雪が、小さなものが無数に)降る、上から下に落ちて来る◆あめ、あめかんむり、; 具:◆そな・わる、そな・える、必要なものが揃っている、必要なものを揃える◆必要なものが身に付いている◆(食事のための器具、戦うための武具、作業するための道具などの),N1,mixed,kun+on~,A3_short_compound(on+on 71%) | B_noun_rad_雨(kun 93%),雨:◆大気中の水蒸気が集まって水滴となり、浮かんでいることができずに落下するもの ◆(雨や雪が、小さなものが無数に)降る、上から下に落ちて来る◆あめ、あめかんむり、; 具:◆そな・わる、そな・える、必要なものが揃っている、必要なものを揃える◆必要なものが身に付いている◆(食事のための器具、戦うための武具、作業するための道具などの)
kk_雪崩_なだれ,雪崩,なだれ,雪:◆ゆき、空中の水蒸気が結晶となって降ってくるもの ◆(雪のように)白いさま◆すす・ぐ、穢れや恥を洗い清める; 崩:◆山が裂け土石が落下する、壊れて倒れる◆破れる、ばらばらになる、決裂する◆天子の死、「【禮記注疏(禮記正義):曲禮下】天子死曰崩諸侯曰薨大夫曰卒士曰不祿庶人曰死,N1,other,mixed+mixed~,A3_short_compound(on+on 71%) | B_noun_rad_雨(kun 93%),雪:◆ゆき、空中の水蒸気が結晶となって降ってくるもの ◆(雪のように)白いさま◆すす・ぐ、穢れや恥を洗い清める; 崩:◆山が裂け土石が落下する、壊れて倒れる◆破れる、ばらばらになる、決裂する◆天子の死、「【禮記注疏(禮記正義):曲禮下】天子死曰崩諸侯曰薨大夫曰卒士曰不祿庶人曰死
kk_零細_れいさい,零細,れいさい,零:◆細かい雨が静かに降る、細かい水の粒がぽとぽとと滴(したた)り落ちる◆落ちる、衰える、萎(しお)れる、寂(さび)れる、無(な)くなる◆小さい、少ない、非常に小さ; 細:◆小さい◆幅が狭い◆(細く)弱々しいさま、しなやかなさま◆(細部にまで亘って)詳(くわ)しい,N1,on,on+on,B_noun_rad_雨(kun 93%),零:◆細かい雨が静かに降る、細かい水の粒がぽとぽとと滴(したた)り落ちる◆落ちる、衰える、萎(しお)れる、寂(さび)れる、無(な)くなる◆小さい、少ない、非常に小さ; 細:◆小さい◆幅が狭い◆(細く)弱々しいさま、しなやかなさま◆(細部にまで亘って)詳(くわ)しい
kk_霞む/翳む_かすむ,霞む/翳む,かすむ,霞:◆空中の微細な水滴や粒子のために先が見えにくいさま、またぼんやりと見えるさま◆朝夕に空中の微細な水滴や粒子のために日光を受けて赤く見える現象、朝焼けや夕焼け; 翳:◆日光などを遮(さえぎ)るための長い柄(え)の先に羽飾りを付けた大きな団扇(うちわ)◆物で覆(おお)って日光などを遮(さえぎ)る、また遮られて陰(かげ)になる◆,N1,other,mixed+mixed~,IL1_okurigana(kun 96%) | A1_compound_oku(kun 90%) | A1_on_kun_mix(on+kun 65%),霞:◆空中の微細な水滴や粒子のために先が見えにくいさま、またぼんやりと見えるさま◆朝夕に空中の微細な水滴や粒子のために日光を受けて赤く見える現象、朝焼けや夕焼け; 翳:◆日光などを遮(さえぎ)るための長い柄(え)の先に羽飾りを付けた大きな団扇(うちわ)◆物で覆(おお)って日光などを遮(さえぎ)る、また遮られて陰(かげ)になる◆
kk_霰_あられ,霰,あられ,霰:◆雨粒が凍り氷の粒となったもの、日本では氷の直径が5mm未満のもので直径が5mm以上のものは「雹(ひょう)」、中国では「霰」を「軟雹」、「雹」を「冰雹」ともいう,N1,kun,kun,IL2_single_default(kun 84%) | B_noun_rad_雨(kun 93%),霰:◆雨粒が凍り氷の粒となったもの、日本では氷の直径が5mm未満のもので直径が5mm以上のものは「雹(ひょう)」、中国では「霰」を「軟雹」、「雹」を「冰雹」ともいう
kk_露骨_ろこつ,露骨,ろこつ,露:◆大気中の水蒸気が物に付着して水滴となったもの◆屋根などの覆いがない、屋外◆覆い隠すものがなく雨や露などが直接当たる◆覆い隠すものがなく外から見える、また見える; 骨:◆脊椎(セキツイ)動物の体の内側にあって、体の各組織の位置や形を支え、保ち、また保護する役目を担う堅い組織◆人の芯(シン)を貫いているもの、人となり、人としての,N1,on,on+on,A3_short_compound(on+on 71%) | B_noun_rad_雨(kun 93%),露:◆大気中の水蒸気が物に付着して水滴となったもの◆屋根などの覆いがない、屋外◆覆い隠すものがなく雨や露などが直接当たる◆覆い隠すものがなく外から見える、また見える; 骨:◆脊椎(セキツイ)動物の体の内側にあって、体の各組織の位置や形を支え、保ち、また保護する役目を担う堅い組織◆人の芯(シン)を貫いているもの、人となり、人としての
kk_青二才_あおにさい,青二才,あおにさい,青:◆植物などの芽生えの時の若々しく瑞瑞(みずみず)しい色、緑(みどり)色、またその色の名◆濃い色でくすみがなく瑞瑞しい深緑(ふかみどり)・紺(コン)・藍(アイ)色; 二:◆数の名、(数の)一の次の数 ◆(二つに)分ける、分けて別々にする、対(ツイ、二つで一組になるもの)になる◆に、部首名¶別「𠄞」; 才:◆資質(シシツ)、素質(ソシツ)、もの本来が持つ性格や力、またそれを発揮すること、また発揮する人、「才能(サイノウ、素質と能力)」◆僅(わず)か～、ほんの少し～,N1,mixed,kun+on+on~,A4_multi_on(on+on+on 65%) | B_verb_rad_手(kun 80%),青:◆植物などの芽生えの時の若々しく瑞瑞(みずみず)しい色、緑(みどり)色、またその色の名◆濃い色でくすみがなく瑞瑞しい深緑(ふかみどり)・紺(コン)・藍(アイ)色; 二:◆数の名、(数の)一の次の数 ◆(二つに)分ける、分けて別々にする、対(ツイ、二つで一組になるもの)になる◆に、部首名¶別「𠄞」; 才:◆資質(シシツ)、素質(ソシツ)、もの本来が持つ性格や力、またそれを発揮すること、また発揮する人、「才能(サイノウ、素質と能力)」◆僅(わず)か～、ほんの少し～
kk_青写真_あおじゃしん,青写真,あおじゃしん,青:◆植物などの芽生えの時の若々しく瑞瑞(みずみず)しい色、緑(みどり)色、またその色の名◆濃い色でくすみがなく瑞瑞しい深緑(ふかみどり)・紺(コン)・藍(アイ)色; 写:◆別の場所に移(うつ)す、他に移す◆書く、描く、「墨や絵の具を紙などに移す」の意◆元になるものに倣(なら)って別のものに書く、或いは描く; 真:◆手が加えられていない、本来の、本当の、確かな、嘘(うそ)や偽(いつわ)りがない◆正しい、正当な,N1,other,mixed+mixed+mixed~,A4_multi_on(on+on+on 65%),青:◆植物などの芽生えの時の若々しく瑞瑞(みずみず)しい色、緑(みどり)色、またその色の名◆濃い色でくすみがなく瑞瑞しい深緑(ふかみどり)・紺(コン)・藍(アイ)色; 写:◆別の場所に移(うつ)す、他に移す◆書く、描く、「墨や絵の具を紙などに移す」の意◆元になるものに倣(なら)って別のものに書く、或いは描く; 真:◆手が加えられていない、本来の、本当の、確かな、嘘(うそ)や偽(いつわ)りがない◆正しい、正当な
kk_静まり返る_しずまりかえる,静まり返る,しずまりかえる,静:◆動きや乱れなどが鎮(しず)まる、治(おさ)まる◆何事もなく穏やかなさま◆しんとして音や声がしないさま、じっと動かないさま; 返:◆帰る、行った先から出発したところに戻る、同「𢓉」◆元に戻る、元に戻す◆[日]反対向きにする、反対向きになる,N1,kun,kun+kun~,IL1_okurigana(kun 96%) | A1_compound_oku(kun 90%) | A1_on_kun_mix(on+kun 65%),静:◆動きや乱れなどが鎮(しず)まる、治(おさ)まる◆何事もなく穏やかなさま◆しんとして音や声がしないさま、じっと動かないさま; 返:◆帰る、行った先から出発したところに戻る、同「𢓉」◆元に戻る、元に戻す◆[日]反対向きにする、反対向きになる
kk_静止_せいし,静止,せいし,静:◆動きや乱れなどが鎮(しず)まる、治(おさ)まる◆何事もなく穏やかなさま◆しんとして音や声がしないさま、じっと動かないさま; 止:◆ものが動かないように(しっかりと)立つための支えとなる基(もと、土台)◆体を支える足(あし)◆同じ所に留(とど)まって動かない[†「止」は止まったまま動かない,N1,on,on+on,A3_short_compound(on+on 71%),静:◆動きや乱れなどが鎮(しず)まる、治(おさ)まる◆何事もなく穏やかなさま◆しんとして音や声がしないさま、じっと動かないさま; 止:◆ものが動かないように(しっかりと)立つための支えとなる基(もと、土台)◆体を支える足(あし)◆同じ所に留(とど)まって動かない[†「止」は止まったまま動かない
kk_静的_せいてき,静的,せいてき,静:◆動きや乱れなどが鎮(しず)まる、治(おさ)まる◆何事もなく穏やかなさま◆しんとして音や声がしないさま、じっと動かないさま; 的:◆弓で矢を射(い)る時の目標とするもの、同「㢩」「墑」◆額(ひたい)の部分だけが白い馬、またその額の白い部分、女性が額に施(ほどこ)す(赤い点状の)装飾◆(弓の,N1,on,on+on,,静:◆動きや乱れなどが鎮(しず)まる、治(おさ)まる◆何事もなく穏やかなさま◆しんとして音や声がしないさま、じっと動かないさま; 的:◆弓で矢を射(い)る時の目標とするもの、同「㢩」「墑」◆額(ひたい)の部分だけが白い馬、またその額の白い部分、女性が額に施(ほどこ)す(赤い点状の)装飾◆(弓の
kk_非力_ひりき,非力,ひりき,非:◆～ではない、否定を表す言葉、同「匪」◆違っている、誤っている、正しくない◆「是非(ゼヒ)」◇物事の正邪、良し悪し◇(都合の良し悪しに拘らず)どうしても◆あらず; 力:◆ものを動かすもの、ものを動かしているもの、ものに働(はたら)くもの、「強力(キョウリョク、強い力)」◆働く、務(つと)める、勤(つと)める、「努力(ドリョク、,N1,on,on+on,A3_short_compound(on+on 71%) | B_verb_rad_力(kun 80%),非:◆～ではない、否定を表す言葉、同「匪」◆違っている、誤っている、正しくない◆「是非(ゼヒ)」◇物事の正邪、良し悪し◇(都合の良し悪しに拘らず)どうしても◆あらず; 力:◆ものを動かすもの、ものを動かしているもの、ものに働(はたら)くもの、「強力(キョウリョク、強い力)」◆働く、務(つと)める、勤(つと)める、「努力(ドリョク、
kk_非常勤_ひじょうきん,非常勤,ひじょうきん,非:◆～ではない、否定を表す言葉、同「匪」◆違っている、誤っている、正しくない◆「是非(ゼヒ)」◇物事の正邪、良し悪し◇(都合の良し悪しに拘らず)どうしても◆あらず; 常:◆何時も、何時もと変わらない◆変わることなく一定の、長い間変わることがない◆普通の、一般的な◆長さの単位、1常=2尋、1尋=8尺、「尋常」は「普通の、一般的な」; 勤:◆すべきことに(仕事に)力を注(そそ)ぐ、励(はげ)む、精(セイ)を出す、同「廑」,N1,on,on+on+on,A4_multi_on(on+on+on 65%) | B_noun_rad_巾(kun 93%) | B_verb_rad_力(kun 80%),非:◆～ではない、否定を表す言葉、同「匪」◆違っている、誤っている、正しくない◆「是非(ゼヒ)」◇物事の正邪、良し悪し◇(都合の良し悪しに拘らず)どうしても◆あらず; 常:◆何時も、何時もと変わらない◆変わることなく一定の、長い間変わることがない◆普通の、一般的な◆長さの単位、1常=2尋、1尋=8尺、「尋常」は「普通の、一般的な」; 勤:◆すべきことに(仕事に)力を注(そそ)ぐ、励(はげ)む、精(セイ)を出す、同「廑」
kk_非難_ひなん,非難,ひなん,非:◆～ではない、否定を表す言葉、同「匪」◆違っている、誤っている、正しくない◆「是非(ゼヒ)」◇物事の正邪、良し悪し◇(都合の良し悪しに拘らず)どうしても◆あらず; 難:◆思いの通りにいかない(ならない)、～するのは容易でない、～しにくい、～しづらい、同「艱」◆災(わざわ)い、禍(カ、わざわい)、手の施(ほどこ)しようのない(思,N1,on,on+on,A3_short_compound(on+on 71%),非:◆～ではない、否定を表す言葉、同「匪」◆違っている、誤っている、正しくない◆「是非(ゼヒ)」◇物事の正邪、良し悪し◇(都合の良し悪しに拘らず)どうしても◆あらず; 難:◆思いの通りにいかない(ならない)、～するのは容易でない、～しにくい、～しづらい、同「艱」◆災(わざわ)い、禍(カ、わざわい)、手の施(ほどこ)しようのない(思
kk_面_つら,面,つら,面:◆顔(かお)、頭の目鼻口がある側◆顔を対象(タイショウ、目標や相手)に向ける、また向く◆(顔が)向いている側、向き、向いている方向◆ものの表(おもて)、前(まえ,N1,kun,kun,IL2_single_default(kun 84%),面:◆顔(かお)、頭の目鼻口がある側◆顔を対象(タイショウ、目標や相手)に向ける、また向く◆(顔が)向いている側、向き、向いている方向◆ものの表(おもて)、前(まえ
kk_面する_めんする,面する,めんする,面:◆顔(かお)、頭の目鼻口がある側◆顔を対象(タイショウ、目標や相手)に向ける、また向く◆(顔が)向いている側、向き、向いている方向◆ものの表(おもて)、前(まえ,N1,on,on,IL1_okurigana(kun 96%) | IL2_single_okuri(kun 96%),面:◆顔(かお)、頭の目鼻口がある側◆顔を対象(タイショウ、目標や相手)に向ける、また向く◆(顔が)向いている側、向き、向いている方向◆ものの表(おもて)、前(まえ
kk_面会_めんかい,面会,めんかい,面:◆顔(かお)、頭の目鼻口がある側◆顔を対象(タイショウ、目標や相手)に向ける、また向く◆(顔が)向いている側、向き、向いている方向◆ものの表(おもて)、前(まえ; 会:◆人が集まる、同じ時間や場所に(同じ目的で)集まる、「会合(カイゴウ)」◆多くの人が(出向いて)集まる、また集まったところ、「集会(シュウカイ)」「都会(トカイ,N1,on,on+on,,面:◆顔(かお)、頭の目鼻口がある側◆顔を対象(タイショウ、目標や相手)に向ける、また向く◆(顔が)向いている側、向き、向いている方向◆ものの表(おもて)、前(まえ; 会:◆人が集まる、同じ時間や場所に(同じ目的で)集まる、「会合(カイゴウ)」◆多くの人が(出向いて)集まる、また集まったところ、「集会(シュウカイ)」「都会(トカイ
kk_面影_おもかげ,面影,おもかげ,面:◆顔(かお)、頭の目鼻口がある側◆顔を対象(タイショウ、目標や相手)に向ける、また向く◆(顔が)向いている側、向き、向いている方向◆ものの表(おもて)、前(まえ; 影:◆光が遮(さえぎ)られてできる像(ゾウ)◆鏡などに映(うつ)った像、実物と同じような姿や形◆写真、肖像、映像、映画◆[日](ものの影になって)光の当たらないさま,N1,kun,kun+kun~,,面:◆顔(かお)、頭の目鼻口がある側◆顔を対象(タイショウ、目標や相手)に向ける、また向く◆(顔が)向いている側、向き、向いている方向◆ものの表(おもて)、前(まえ; 影:◆光が遮(さえぎ)られてできる像(ゾウ)◆鏡などに映(うつ)った像、実物と同じような姿や形◆写真、肖像、映像、映画◆[日](ものの影になって)光の当たらないさま
kk_面目_めんぼく,面目,めんぼく,面:◆顔(かお)、頭の目鼻口がある側◆顔を対象(タイショウ、目標や相手)に向ける、また向く◆(顔が)向いている側、向き、向いている方向◆ものの表(おもて)、前(まえ; 目:◆眼(め、眼球ガンキュウ、黒目くろめ)・白目(しろめ、結膜ケツマク)・視神経などを含むものを見る器官全体、またその形状や様子や機能◆ものを見る、また見分ける◆眼,N1,on,on+on,,面:◆顔(かお)、頭の目鼻口がある側◆顔を対象(タイショウ、目標や相手)に向ける、また向く◆(顔が)向いている側、向き、向いている方向◆ものの表(おもて)、前(まえ; 目:◆眼(め、眼球ガンキュウ、黒目くろめ)・白目(しろめ、結膜ケツマク)・視神経などを含むものを見る器官全体、またその形状や様子や機能◆ものを見る、また見分ける◆眼
kk_革新_かくしん,革新,かくしん,革:◆動物の皮を剥(は)いで毛を抜き乾かしたもの、生皮は「皮」、鞣(なめ)したものは「韋」◆改(あらた)める、改まる、「革変(カクヘン)」◆取り消す、取り除く、「革; 新:◆切ったばかりの木、切ったばかりで何の手も加えられていない木◆それまでにはなかった形状・状態・様子・性質になるさま、それまではなかったものが初めて現れるさま◆改,N1,on,on+on,,革:◆動物の皮を剥(は)いで毛を抜き乾かしたもの、生皮は「皮」、鞣(なめ)したものは「韋」◆改(あらた)める、改まる、「革変(カクヘン)」◆取り消す、取り除く、「革; 新:◆切ったばかりの木、切ったばかりで何の手も加えられていない木◆それまでにはなかった形状・状態・様子・性質になるさま、それまではなかったものが初めて現れるさま◆改
kk_音_ね,音,ね,音:◆聴覚で認識できるものの総称、特に楽器のもの、高低強弱などの抑揚がある音が連続し全体として意味を持つものを「声」◆耳に届いて来るもの、便り◆[日]漢字の中国伝来,N1,kun,kun,IL2_single_default(kun 84%),音:◆聴覚で認識できるものの総称、特に楽器のもの、高低強弱などの抑揚がある音が連続し全体として意味を持つものを「声」◆耳に届いて来るもの、便り◆[日]漢字の中国伝来
kk_頑な_かたくな,頑な,かたくな,頑:◆頭が固くやり方や考えを変えないさま、強情(ゴウジョウ)なさま、「頑固(ガンコ)」◆鈍いさま、愚かなさま、「頭が固くやり方や考えを変えられない」ことから、「頑迷,N1,kun,kun,IL1_okurigana(kun 96%) | IL2_single_okuri(kun 96%),頑:◆頭が固くやり方や考えを変えないさま、強情(ゴウジョウ)なさま、「頑固(ガンコ)」◆鈍いさま、愚かなさま、「頭が固くやり方や考えを変えられない」ことから、「頑迷
kk_頑丈_がんじょう,頑丈,がんじょう,頑:◆頭が固くやり方や考えを変えないさま、強情(ゴウジョウ)なさま、「頑固(ガンコ)」◆鈍いさま、愚かなさま、「頭が固くやり方や考えを変えられない」ことから、「頑迷; 丈:◆長さの単位、1丈=10尺 ◆年長者また老人に対する敬称、「老丈(ロウジョウ、ご老人)」◆「丈夫(ジョウフ)」◇夫(おっと)◇男(おとこ)、成人の男性◇堂々(ド,N1,on,on+on,,頑:◆頭が固くやり方や考えを変えないさま、強情(ゴウジョウ)なさま、「頑固(ガンコ)」◆鈍いさま、愚かなさま、「頭が固くやり方や考えを変えられない」ことから、「頑迷; 丈:◆長さの単位、1丈=10尺 ◆年長者また老人に対する敬称、「老丈(ロウジョウ、ご老人)」◆「丈夫(ジョウフ)」◇夫(おっと)◇男(おとこ)、成人の男性◇堂々(ド
kk_頗る_すこぶる,頗る,すこぶる,頗:◆偏(かたよ)る、傾く、真ん中から外れてどちらか片方に寄る◆公平でない◆非常に、とても、かなり、「程度が大きい(多い)さま」をいう◆少し、稍(やや)、「程度が小,N1,kun,kun,IL1_okurigana(kun 96%) | IL2_single_okuri(kun 96%),頗:◆偏(かたよ)る、傾く、真ん中から外れてどちらか片方に寄る◆公平でない◆非常に、とても、かなり、「程度が大きい(多い)さま」をいう◆少し、稍(やや)、「程度が小
kk_領土_りょうど,領土,りょうど,領:◆項(うなじ)、頸(くび、頭と胴の間にあって頭を支える部分)の後ろ側(背側)◆首、頸(くび)◆衣服の首周りの縁(へり)の部分、首元で交差させるものは「交領(コウ; 土:◆泥や細かい砂などから成るもの◆生(セイ)あるものを生み出すもの、「【說文解字:巻一三下:土部:土】地之吐生物者也二象地之下地之中物出形」◆地に根差したもの、そ,N1,on,on+on,A3_short_compound(on+on 71%),領:◆項(うなじ)、頸(くび、頭と胴の間にあって頭を支える部分)の後ろ側(背側)◆首、頸(くび)◆衣服の首周りの縁(へり)の部分、首元で交差させるものは「交領(コウ; 土:◆泥や細かい砂などから成るもの◆生(セイ)あるものを生み出すもの、「【說文解字:巻一三下:土部:土】地之吐生物者也二象地之下地之中物出形」◆地に根差したもの、そ
kk_領地_りょうち,領地,りょうち,領:◆項(うなじ)、頸(くび、頭と胴の間にあって頭を支える部分)の後ろ側(背側)◆首、頸(くび)◆衣服の首周りの縁(へり)の部分、首元で交差させるものは「交領(コウ; 地:◆重い陰気が(下に沈み)集まるところ、万物が居並ぶ(存在する)ところ、軽い陽気が(上に浮き)集まるところを「天(テン)」、「【說文解字注:土部:地】元气初分輕清,N1,on,on+on,A3_short_compound(on+on 71%),領:◆項(うなじ)、頸(くび、頭と胴の間にあって頭を支える部分)の後ろ側(背側)◆首、頸(くび)◆衣服の首周りの縁(へり)の部分、首元で交差させるものは「交領(コウ; 地:◆重い陰気が(下に沈み)集まるところ、万物が居並ぶ(存在する)ところ、軽い陽気が(上に浮き)集まるところを「天(テン)」、「【說文解字注:土部:地】元气初分輕清
kk_領域_りょういき,領域,りょういき,領:◆項(うなじ)、頸(くび、頭と胴の間にあって頭を支える部分)の後ろ側(背側)◆首、頸(くび)◆衣服の首周りの縁(へり)の部分、首元で交差させるものは「交領(コウ; 域:◆境界、区切り◆境界の内側、周りを囲った内側、範囲◆邦(くに)、領土、国土,N1,on,on+on,,領:◆項(うなじ)、頸(くび、頭と胴の間にあって頭を支える部分)の後ろ側(背側)◆首、頸(くび)◆衣服の首周りの縁(へり)の部分、首元で交差させるものは「交領(コウ; 域:◆境界、区切り◆境界の内側、周りを囲った内側、範囲◆邦(くに)、領土、国土
kk_領海_りょうかい,領海,りょうかい,領:◆項(うなじ)、頸(くび、頭と胴の間にあって頭を支える部分)の後ろ側(背側)◆首、頸(くび)◆衣服の首周りの縁(へり)の部分、首元で交差させるものは「交領(コウ; 海:◆大地を取り囲むように広がる深く広大な水溜まり(みずたまり)、陸地内の大きな水溜まりは「湖」◆広く大きいさま◆たくさんのものが集まっているさま,N1,on,on+on,,領:◆項(うなじ)、頸(くび、頭と胴の間にあって頭を支える部分)の後ろ側(背側)◆首、頸(くび)◆衣服の首周りの縁(へり)の部分、首元で交差させるものは「交領(コウ; 海:◆大地を取り囲むように広がる深く広大な水溜まり(みずたまり)、陸地内の大きな水溜まりは「湖」◆広く大きいさま◆たくさんのものが集まっているさま
kk_頭_かしら,頭,かしら,頭:◆身体の最上部(四足・多足の動物の場合は先端部)、胴体の肩よりも上(先)にある部分 ◆物事の端(はじ)、物事の始まり(先端、最初)や終わり(後端、最終)、「先頭,N1,kun,kun,IL2_single_default(kun 84%),頭:◆身体の最上部(四足・多足の動物の場合は先端部)、胴体の肩よりも上(先)にある部分 ◆物事の端(はじ)、物事の始まり(先端、最初)や終わり(後端、最終)、「先頭
kk_頻繁_ひんぱん,頻繁,ひんぱん,頻:◆水際、水が打ち寄せるぎりぎりの所、同「瀕」(「頻」は「瀕」の省字)◆顰(ひそ)める、不満・不快・愁嘆・心痛などで眉間や鼻などに皺を寄せる、同「顰」◆ぎりぎりま; 繁:◆(馬の鬣たてがみの)房状の飾り、同「緐」「𥿋」◆数や回数が多いさま、夥(おびただ)しいさま◆盛んなさま、勢いや活力があるさま、「繁華(ハンカ◇花が咲き乱れるさ,N1,other,mixed+mixed~,,頻:◆水際、水が打ち寄せるぎりぎりの所、同「瀕」(「頻」は「瀕」の省字)◆顰(ひそ)める、不満・不快・愁嘆・心痛などで眉間や鼻などに皺を寄せる、同「顰」◆ぎりぎりま; 繁:◆(馬の鬣たてがみの)房状の飾り、同「緐」「𥿋」◆数や回数が多いさま、夥(おびただ)しいさま◆盛んなさま、勢いや活力があるさま、「繁華(ハンカ◇花が咲き乱れるさ
kk_題する_だいする,題する,だいする,題:◆額(ひたい)、おでこ、同「頟」「顁」◆ものの頭(最初、先頭)にあるもの◆初めに記される短い文章、全体を表現する簡潔な文章、「問題(モンダイ)」「話題(ワダイ),N1,on,on,IL1_okurigana(kun 96%) | IL2_single_okuri(kun 96%),題:◆額(ひたい)、おでこ、同「頟」「顁」◆ものの頭(最初、先頭)にあるもの◆初めに記される短い文章、全体を表現する簡潔な文章、「問題(モンダイ)」「話題(ワダイ)
kk_顔立ち_かおだち,顔立ち,かおだち,顔:◆額(ひたい)◆頭の前面、前に向いている面、またその容貌や表情◆様子、情景、彩(あや)、彩(いろど)り; 立:◆地(チ、地面、土台、基盤)に足を着け垂直にする、また垂直になる、地から上に向かって伸ばす、また伸びる◆しっかりとした土台を築いてその上にものを作り上げて行く、,N1,other,mixed+mixed~,IL1_okurigana(kun 96%) | A1_compound_oku(kun 90%) | A1_on_kun_mix(on+kun 65%),顔:◆額(ひたい)◆頭の前面、前に向いている面、またその容貌や表情◆様子、情景、彩(あや)、彩(いろど)り; 立:◆地(チ、地面、土台、基盤)に足を着け垂直にする、また垂直になる、地から上に向かって伸ばす、また伸びる◆しっかりとした土台を築いてその上にものを作り上げて行く、
kk_顔負け_かおまけ,顔負け,かおまけ,顔:◆額(ひたい)◆頭の前面、前に向いている面、またその容貌や表情◆様子、情景、彩(あや)、彩(いろど)り; 負:◆荷を背に載(の)せる、肩は「擔」「担」◆荷や仕事や責任などを引き受ける、「重い荷を背負う」の意◆(背後にあるものを)頼る、頼りにする、当てにする◆背を向ける、,N1,kun,kun+kun,IL1_okurigana(kun 96%) | A1_compound_oku(kun 90%) | A1_on_kun_mix(on+kun 65%),顔:◆額(ひたい)◆頭の前面、前に向いている面、またその容貌や表情◆様子、情景、彩(あや)、彩(いろど)り; 負:◆荷を背に載(の)せる、肩は「擔」「担」◆荷や仕事や責任などを引き受ける、「重い荷を背負う」の意◆(背後にあるものを)頼る、頼りにする、当てにする◆背を向ける、
kk_顕著_けんちょ,顕著,けんちょ,顕:◆表に現れる、はっきりと見える◆はっきりと示す、明らかにする◆明らか、目立つ◆身分や地位が高い、声望が高い; 著:◆他との違い(或いは正誤)をはっきりと示す、誰の目にも明らかにする、明確にする、同「箸」「𣋐」◆(間違いや誤解がないように)文章などに書き表す、書かれた文章、同,N1,on,on+on,A3_short_compound(on+on 71%),顕:◆表に現れる、はっきりと見える◆はっきりと示す、明らかにする◆明らか、目立つ◆身分や地位が高い、声望が高い; 著:◆他との違い(或いは正誤)をはっきりと示す、誰の目にも明らかにする、明確にする、同「箸」「𣋐」◆(間違いや誤解がないように)文章などに書き表す、書かれた文章、同
kk_類_たぐい,類,たぐい,類:◆よく似ている、よく似たもの、よく似たものの集まり◆性格・性質が共通しているもの、またその集まり◆凡そ、大体、「似たもの、似ている」の意,N1,kun,kun,IL2_single_default(kun 84%),類:◆よく似ている、よく似たもの、よく似たものの集まり◆性格・性質が共通しているもの、またその集まり◆凡そ、大体、「似たもの、似ている」の意
kk_類_るい,類,るい,類:◆よく似ている、よく似たもの、よく似たものの集まり◆性格・性質が共通しているもの、またその集まり◆凡そ、大体、「似たもの、似ている」の意,N1,on,on,IL2_single_default(kun 84%),類:◆よく似ている、よく似たもの、よく似たものの集まり◆性格・性質が共通しているもの、またその集まり◆凡そ、大体、「似たもの、似ている」の意
kk_類する_るいする,類する,るいする,類:◆よく似ている、よく似たもの、よく似たものの集まり◆性格・性質が共通しているもの、またその集まり◆凡そ、大体、「似たもの、似ている」の意,N1,on,on,IL1_okurigana(kun 96%) | IL2_single_okuri(kun 96%),類:◆よく似ている、よく似たもの、よく似たものの集まり◆性格・性質が共通しているもの、またその集まり◆凡そ、大体、「似たもの、似ている」の意
kk_類型_るいけい,類型,るいけい,類:◆よく似ている、よく似たもの、よく似たものの集まり◆性格・性質が共通しているもの、またその集まり◆凡そ、大体、「似たもの、似ている」の意; 型:◆これから作ろうとする物の形に作ったもの、溶かした金属を流し入れて目的の形に造るためのもの、「鋳型(いがた)」、木製は「模」、竹製は「範」◆模範(モハン)、手本,N1,on,on+on,,類:◆よく似ている、よく似たもの、よく似たものの集まり◆性格・性質が共通しているもの、またその集まり◆凡そ、大体、「似たもの、似ている」の意; 型:◆これから作ろうとする物の形に作ったもの、溶かした金属を流し入れて目的の形に造るためのもの、「鋳型(いがた)」、木製は「模」、竹製は「範」◆模範(モハン)、手本
kk_類型的_るいけいてき,類型的,るいけいてき,類:◆よく似ている、よく似たもの、よく似たものの集まり◆性格・性質が共通しているもの、またその集まり◆凡そ、大体、「似たもの、似ている」の意; 型:◆これから作ろうとする物の形に作ったもの、溶かした金属を流し入れて目的の形に造るためのもの、「鋳型(いがた)」、木製は「模」、竹製は「範」◆模範(モハン)、手本; 的:◆弓で矢を射(い)る時の目標とするもの、同「㢩」「墑」◆額(ひたい)の部分だけが白い馬、またその額の白い部分、女性が額に施(ほどこ)す(赤い点状の)装飾◆(弓の,N1,on,on+on+on,A4_multi_on(on+on+on 65%),類:◆よく似ている、よく似たもの、よく似たものの集まり◆性格・性質が共通しているもの、またその集まり◆凡そ、大体、「似たもの、似ている」の意; 型:◆これから作ろうとする物の形に作ったもの、溶かした金属を流し入れて目的の形に造るためのもの、「鋳型(いがた)」、木製は「模」、竹製は「範」◆模範(モハン)、手本; 的:◆弓で矢を射(い)る時の目標とするもの、同「㢩」「墑」◆額(ひたい)の部分だけが白い馬、またその額の白い部分、女性が額に施(ほどこ)す(赤い点状の)装飾◆(弓の
kk_顧みる_かえりみる,顧みる,かえりみる,顧:◆頭を回転させて周りを(左右や後ろを)見る、「回顧(カイコ)」◆後ろを振り向いて見る、(後ろを、過去を)振り返る◆周りに心を振り向ける、気配りをする,N1,kun,kun,IL1_okurigana(kun 96%) | IL2_single_okuri(kun 96%),顧:◆頭を回転させて周りを(左右や後ろを)見る、「回顧(カイコ)」◆後ろを振り向いて見る、(後ろを、過去を)振り返る◆周りに心を振り向ける、気配りをする
kk_顧問_こもん,顧問,こもん,顧:◆頭を回転させて周りを(左右や後ろを)見る、「回顧(カイコ)」◆後ろを振り向いて見る、(後ろを、過去を)振り返る◆周りに心を振り向ける、気配りをする; 問:◆分からないことやはっきりしないことを質(ただ)す◆罪や責任などの有無について聞く◆様子などを尋ねる,N1,on,on+on,A3_short_compound(on+on 71%),顧:◆頭を回転させて周りを(左右や後ろを)見る、「回顧(カイコ)」◆後ろを振り向いて見る、(後ろを、過去を)振り返る◆周りに心を振り向ける、気配りをする; 問:◆分からないことやはっきりしないことを質(ただ)す◆罪や責任などの有無について聞く◆様子などを尋ねる
kk_風俗_ふうぞく,風俗,ふうぞく,風:◆大気の流れや揺らぎ ◆(風に乗って)どこからともなく届いて来る話や様子◆(風のように自然に広まる)一般的な習慣や傾向◆譬える、似たもの◆かぜ、部首名; 俗:◆世間一般の風習・考え・行為・規範など、上流階級は「風」◆平凡な、普通の、一般の◆出家(家を出て仏門に入ること)した人以外の人、世間一般の人,N1,on,on+on,,風:◆大気の流れや揺らぎ ◆(風に乗って)どこからともなく届いて来る話や様子◆(風のように自然に広まる)一般的な習慣や傾向◆譬える、似たもの◆かぜ、部首名; 俗:◆世間一般の風習・考え・行為・規範など、上流階級は「風」◆平凡な、普通の、一般の◆出家(家を出て仏門に入ること)した人以外の人、世間一般の人
kk_飛び入り_とびいり,飛び入り,とびいり,飛:◆鳥や昆虫などが翼(つばさ)を羽ばたかせて空中を行く◆空中を移動する、「飛語(ヒゴ、素早く広まる話、根拠のない噂話)」◆(飛ぶように)ぱっと(速く)移動するさま; 入:◆範囲・領域・組織や区切り・境界の外(外側、外部、表側、向こう側、公のところ)から内(内側、内部、裏側、こちら側、私的なところ)に移る、また移す、内から外へ移る,N1,kun,kun+kun~,IL1_okurigana(kun 96%) | A1_compound_oku(kun 90%) | A1_on_kun_mix(on+kun 65%),飛:◆鳥や昆虫などが翼(つばさ)を羽ばたかせて空中を行く◆空中を移動する、「飛語(ヒゴ、素早く広まる話、根拠のない噂話)」◆(飛ぶように)ぱっと(速く)移動するさま; 入:◆範囲・領域・組織や区切り・境界の外(外側、外部、表側、向こう側、公のところ)から内(内側、内部、裏側、こちら側、私的なところ)に移る、また移す、内から外へ移る
kk_食い止める_くいとめる,食い止める,くいとめる,食:◆(固形の食べ物を)口の中でよく噛んで胃に入れる、よく噛んで胃に入れるもの、噛まずに胃に入れるのは「飲」◆(生きていくために必要な食べ物を得るための)俸禄(ホウ; 止:◆ものが動かないように(しっかりと)立つための支えとなる基(もと、土台)◆体を支える足(あし)◆同じ所に留(とど)まって動かない[†「止」は止まったまま動かない,N1,mixed,on+kun~,IL1_okurigana(kun 96%) | A1_compound_oku(kun 90%) | A1_on_kun_mix(on+kun 65%),食:◆(固形の食べ物を)口の中でよく噛んで胃に入れる、よく噛んで胃に入れるもの、噛まずに胃に入れるのは「飲」◆(生きていくために必要な食べ物を得るための)俸禄(ホウ; 止:◆ものが動かないように(しっかりと)立つための支えとなる基(もと、土台)◆体を支える足(あし)◆同じ所に留(とど)まって動かない[†「止」は止まったまま動かない
kk_食い違い_くいちがい,食い違い,くいちがい,食:◆(固形の食べ物を)口の中でよく噛んで胃に入れる、よく噛んで胃に入れるもの、噛まずに胃に入れるのは「飲」◆(生きていくために必要な食べ物を得るための)俸禄(ホウ; 違:◆背(せ)を向ける、背を向け去る、背(そむ)く◆あるべき形や様子と異なる、また反している、また合っていない◆守るべきものを守らない、従(したが)わない,N1,on,on+on,IL1_okurigana(kun 96%) | A1_compound_oku(kun 90%) | A1_on_kun_mix(on+kun 65%),食:◆(固形の食べ物を)口の中でよく噛んで胃に入れる、よく噛んで胃に入れるもの、噛まずに胃に入れるのは「飲」◆(生きていくために必要な食べ物を得るための)俸禄(ホウ; 違:◆背(せ)を向ける、背を向け去る、背(そむ)く◆あるべき形や様子と異なる、また反している、また合っていない◆守るべきものを守らない、従(したが)わない
kk_食い違う_くいちがう,食い違う,くいちがう,食:◆(固形の食べ物を)口の中でよく噛んで胃に入れる、よく噛んで胃に入れるもの、噛まずに胃に入れるのは「飲」◆(生きていくために必要な食べ物を得るための)俸禄(ホウ; 違:◆背(せ)を向ける、背を向け去る、背(そむ)く◆あるべき形や様子と異なる、また反している、また合っていない◆守るべきものを守らない、従(したが)わない,N1,on,on+on~,IL1_okurigana(kun 96%) | A1_compound_oku(kun 90%) | A1_on_kun_mix(on+kun 65%),食:◆(固形の食べ物を)口の中でよく噛んで胃に入れる、よく噛んで胃に入れるもの、噛まずに胃に入れるのは「飲」◆(生きていくために必要な食べ物を得るための)俸禄(ホウ; 違:◆背(せ)を向ける、背を向け去る、背(そむ)く◆あるべき形や様子と異なる、また反している、また合っていない◆守るべきものを守らない、従(したが)わない
kk_飲み込む_のみこむ,飲み込む,のみこむ,飲:◆液状のもの(水・酒・汁など)を口に入れ噛(か)まずに嚥下(エンカ、エンゲ、咽下)する、またそのようにして体に取り入れる水・酒・汁など、同「㱃」、噛(か)んで胃; 込:◆[日]中に(内に、裏に、見えないところに)入(はい)る、入(い)れる,N1,kun,kun+kun~,IL1_okurigana(kun 96%) | A1_compound_oku(kun 90%) | A1_on_kun_mix(on+kun 65%),飲:◆液状のもの(水・酒・汁など)を口に入れ噛(か)まずに嚥下(エンカ、エンゲ、咽下)する、またそのようにして体に取り入れる水・酒・汁など、同「㱃」、噛(か)んで胃; 込:◆[日]中に(内に、裏に、見えないところに)入(はい)る、入(い)れる
kk_飲用_いんよう,飲用,いんよう,飲:◆液状のもの(水・酒・汁など)を口に入れ噛(か)まずに嚥下(エンカ、エンゲ、咽下)する、またそのようにして体に取り入れる水・酒・汁など、同「㱃」、噛(か)んで胃; 用:◆人や物、或いはその特性や能力を使う、また使ってあることを行う、また役立たせる◆働かせる、発揮させる、またそのために必要な特性・能力・金銭など◆以(もっ)て◆[,N1,on,on+on,,飲:◆液状のもの(水・酒・汁など)を口に入れ噛(か)まずに嚥下(エンカ、エンゲ、咽下)する、またそのようにして体に取り入れる水・酒・汁など、同「㱃」、噛(か)んで胃; 用:◆人や物、或いはその特性や能力を使う、また使ってあることを行う、また役立たせる◆働かせる、発揮させる、またそのために必要な特性・能力・金銭など◆以(もっ)て◆[
kk_飽和_ほうわ,飽和,ほうわ,飽:◆十分に食べたり飲んだりして腹がいっぱいになる、満腹になる◆満ち足りる、満足する◆十分な量や程度を超える、もうこれ以上は要(い)らないというほどになる、十分に過; 和:◆大き過ぎず小さ過ぎない、硬過ぎず柔らか過ぎない、暑過ぎず寒過ぎない、釣り合いが取れてちょうどよいさま、程好(ほどよ)いさま、適度なさま◆気に掛ることも気に障る,N1,on,on+on,A3_short_compound(on+on 71%),飽:◆十分に食べたり飲んだりして腹がいっぱいになる、満腹になる◆満ち足りる、満足する◆十分な量や程度を超える、もうこれ以上は要(い)らないというほどになる、十分に過; 和:◆大き過ぎず小さ過ぎない、硬過ぎず柔らか過ぎない、暑過ぎず寒過ぎない、釣り合いが取れてちょうどよいさま、程好(ほどよ)いさま、適度なさま◆気に掛ることも気に障る
kk_養う_やしなう,養う,やしなう,養:◆人・家畜・植物などが育つために必要なものを与える、また与えて大きく立派に育てる◆人が立派に育つために必要なことを教える、また教え導く,N1,kun,kun,IL1_okurigana(kun 96%) | IL2_single_okuri(kun 96%),養:◆人・家畜・植物などが育つために必要なものを与える、また与えて大きく立派に育てる◆人が立派に育つために必要なことを教える、また教え導く
kk_養成_ようせい,養成,ようせい,養:◆人・家畜・植物などが育つために必要なものを与える、また与えて大きく立派に育てる◆人が立派に育つために必要なことを教える、また教え導く; 成:◆為(な)す、形や状態などを変えようとする、また変わろうとする◆本来の形や状態になる、目的・目標を持って働き、当初の目的・目標に達する、出来上がる、仕上がる、「,N1,on,on+on,,養:◆人・家畜・植物などが育つために必要なものを与える、また与えて大きく立派に育てる◆人が立派に育つために必要なことを教える、また教え導く; 成:◆為(な)す、形や状態などを変えようとする、また変わろうとする◆本来の形や状態になる、目的・目標を持って働き、当初の目的・目標に達する、出来上がる、仕上がる、「
kk_首脳_しゅのう,首脳,しゅのう,首:◆頭と頭を支える部分、多く「頭を支える部分」の意で用いられるが、本来は頭と頸(くび、頭と胴の間にあって頭を支える部分)を合わせた部分を指す、「首級(シュキュウ、; 脳:◆頭蓋骨に覆われた動物の活動全般を司る中枢器官、またその機能◆ものの全体を制御・維持するために欠かせない主要なもの、またそのような人,N1,on,on+on,A3_short_compound(on+on 71%),首:◆頭と頭を支える部分、多く「頭を支える部分」の意で用いられるが、本来は頭と頸(くび、頭と胴の間にあって頭を支える部分)を合わせた部分を指す、「首級(シュキュウ、; 脳:◆頭蓋骨に覆われた動物の活動全般を司る中枢器官、またその機能◆ものの全体を制御・維持するために欠かせない主要なもの、またそのような人
kk_首輪_くびわ,首輪,くびわ,首:◆頭と頭を支える部分、多く「頭を支える部分」の意で用いられるが、本来は頭と頸(くび、頭と胴の間にあって頭を支える部分)を合わせた部分を指す、「首級(シュキュウ、; 輪:◆回りながら車の移動を容易にするための円形で中央部が空いている部品、丸太を輪切りにしたようなものは「輇」 ◆円形で中央部が空いている形、またそのような形のもの◆,N1,kun,kun+kun~,A3_short_compound(on+on 71%),首:◆頭と頭を支える部分、多く「頭を支える部分」の意で用いられるが、本来は頭と頸(くび、頭と胴の間にあって頭を支える部分)を合わせた部分を指す、「首級(シュキュウ、; 輪:◆回りながら車の移動を容易にするための円形で中央部が空いている部品、丸太を輪切りにしたようなものは「輇」 ◆円形で中央部が空いている形、またそのような形のもの◆
kk_香辛料_こうしんりょう,香辛料,こうしんりょう,香:◆(穀物の)良い匂い、甘く芳(かぐわ)しい匂い、同「𪏽」「䅨」◆芳(かんば)しい、甘く芳(かぐわ)しい◆甘く良い匂いを発するもの◆美味(おい)しい、美味しいそう; 辛:◆舌がひりひりと痛むような味、五味(甘・酸・鹹・苦・辛)の一つ◆涙が出るような(泣き出しそうな)痛み、突き刺されるような痛み◆かのと、十干(ジッカン、甲・乙・丙; 料:◆升(ます、枡)で米などの物の嵩(かさ)を量(はか)る◆人や物の資質(シシツ)を量る、推(お)し量る、見当を付ける◆ものを作る際に量を決めて使うもの、それを使っ,N1,on,on+on+on,A4_multi_on(on+on+on 65%),香:◆(穀物の)良い匂い、甘く芳(かぐわ)しい匂い、同「𪏽」「䅨」◆芳(かんば)しい、甘く芳(かぐわ)しい◆甘く良い匂いを発するもの◆美味(おい)しい、美味しいそう; 辛:◆舌がひりひりと痛むような味、五味(甘・酸・鹹・苦・辛)の一つ◆涙が出るような(泣き出しそうな)痛み、突き刺されるような痛み◆かのと、十干(ジッカン、甲・乙・丙; 料:◆升(ます、枡)で米などの物の嵩(かさ)を量(はか)る◆人や物の資質(シシツ)を量る、推(お)し量る、見当を付ける◆ものを作る際に量を決めて使うもの、それを使っ
kk_馬鹿馬鹿しい_ばかばかしい,馬鹿馬鹿しい,ばかばかしい,馬:◆ウマ(馬)、ウマ科の哺乳類の総称◆うま、うまへん、部首名; 鹿:◆シカ(鹿)、シカ科の哺乳類の総称◆権力またその地位◆穀物などを貯蔵するための方形の倉庫、円形は「囷」◆しか、しかへん、部首名; 馬:◆ウマ(馬)、ウマ科の哺乳類の総称◆うま、うまへん、部首名,N1,mixed,on+kun+on+kun~,IL1_okurigana(kun 96%) | A1_compound_oku(kun 90%) | A1_on_kun_mix(on+kun 65%),馬:◆ウマ(馬)、ウマ科の哺乳類の総称◆うま、うまへん、部首名; 鹿:◆シカ(鹿)、シカ科の哺乳類の総称◆権力またその地位◆穀物などを貯蔵するための方形の倉庫、円形は「囷」◆しか、しかへん、部首名; 馬:◆ウマ(馬)、ウマ科の哺乳類の総称◆うま、うまへん、部首名
kk_馴らす_ならす,馴らす,ならす,馴:◆人の指示に従うように(馬を)訓練する、訓練によって従うようになる◆従順な◆慣れる,N1,kun,kun,IL1_okurigana(kun 96%) | IL2_single_okuri(kun 96%),馴:◆人の指示に従うように(馬を)訓練する、訓練によって従うようになる◆従順な◆慣れる
kk_馴れ初め_なれそめ,馴れ初め,なれそめ,馴:◆人の指示に従うように(馬を)訓練する、訓練によって従うようになる◆従順な◆慣れる; 初:◆物事の起こり、物事の発端、「衣服を作り始める時にまず布を切る」の意、「初」は「物事はまず初めに～する、～の初め」、「始」は「物事はまず～から始める、～から始ま,N1,mixed,kun+on~,IL1_okurigana(kun 96%) | A1_compound_oku(kun 90%) | A1_on_kun_mix(on+kun 65%),馴:◆人の指示に従うように(馬を)訓練する、訓練によって従うようになる◆従順な◆慣れる; 初:◆物事の起こり、物事の発端、「衣服を作り始める時にまず布を切る」の意、「初」は「物事はまず初めに～する、～の初め」、「始」は「物事はまず～から始める、～から始ま
kk_馴れ馴れしい_なれなれしい,馴れ馴れしい,なれなれしい,馴:◆人の指示に従うように(馬を)訓練する、訓練によって従うようになる◆従順な◆慣れる; 馴:◆人の指示に従うように(馬を)訓練する、訓練によって従うようになる◆従順な◆慣れる,N1,kun,kun+kun~,IL1_okurigana(kun 96%) | A1_compound_oku(kun 90%) | A1_on_kun_mix(on+kun 65%),馴:◆人の指示に従うように(馬を)訓練する、訓練によって従うようになる◆従順な◆慣れる; 馴:◆人の指示に従うように(馬を)訓練する、訓練によって従うようになる◆従順な◆慣れる
kk_馴染む_なじむ,馴染む,なじむ,馴:◆人の指示に従うように(馬を)訓練する、訓練によって従うようになる◆従順な◆慣れる; 染:◆液体が小さな隙間に滲(し)み込む、布などを液体に浸(ひた)して着色する、色を滲み込ませる◆色や匂いなどが付着する、またそれによってそれまでとは別のものになる、,N1,other,mixed+mixed~,IL1_okurigana(kun 96%) | A1_compound_oku(kun 90%) | A1_on_kun_mix(on+kun 65%),馴:◆人の指示に従うように(馬を)訓練する、訓練によって従うようになる◆従順な◆慣れる; 染:◆液体が小さな隙間に滲(し)み込む、布などを液体に浸(ひた)して着色する、色を滲み込ませる◆色や匂いなどが付着する、またそれによってそれまでとは別のものになる、
kk_駄作_ださく,駄作,ださく,駄:◆牛馬などの家畜の背に荷物を載せる、同「駝」◆牛馬などに背負わせる荷物◆[日]あまり役に立たない、あまり値打ちがない、「荷物の運搬用にしか使えない馬」の意; 作:◆働(はたらく)く、力や手を加える、為(な)す、「作業(サギョウ)」「作為(サクイ)」◆力や手を加えることによって物事や状態を変化させる、また他に影響を与える、,N1,on,on+on,A3_short_compound(on+on 71%),駄:◆牛馬などの家畜の背に荷物を載せる、同「駝」◆牛馬などに背負わせる荷物◆[日]あまり役に立たない、あまり値打ちがない、「荷物の運搬用にしか使えない馬」の意; 作:◆働(はたらく)く、力や手を加える、為(な)す、「作業(サギョウ)」「作為(サクイ)」◆力や手を加えることによって物事や状態を変化させる、また他に影響を与える、
kk_駆け足_かけあし,駆け足,かけあし,駆:◆馬に鞭(むち)を当て走らせる◆追い立てる、急(せ)かす◆追う、追い払う、追い遣(や)る◆速く走る、疾走する; 足:◆体や物体の一部で、胴から分かれ出て伸び、地に接して体を支えたり、歩行・走行・跳躍などの運動機能を担う部分、現代の中国では「脚」◆「歩く」「走る」などの足を使っ,N1,kun,kun+kun~,IL1_okurigana(kun 96%) | A1_compound_oku(kun 90%) | A1_on_kun_mix(on+kun 65%),駆:◆馬に鞭(むち)を当て走らせる◆追い立てる、急(せ)かす◆追う、追い払う、追い遣(や)る◆速く走る、疾走する; 足:◆体や物体の一部で、胴から分かれ出て伸び、地に接して体を支えたり、歩行・走行・跳躍などの運動機能を担う部分、現代の中国では「脚」◆「歩く」「走る」などの足を使っ
kk_駆られる_かられる,駆られる,かられる,駆:◆馬に鞭(むち)を当て走らせる◆追い立てる、急(せ)かす◆追う、追い払う、追い遣(や)る◆速く走る、疾走する,N1,kun,kun,IL1_okurigana(kun 96%) | IL2_single_okuri(kun 96%),駆:◆馬に鞭(むち)を当て走らせる◆追い立てる、急(せ)かす◆追う、追い払う、追い遣(や)る◆速く走る、疾走する
kk_駆除_くじょ,駆除,くじょ,駆:◆馬に鞭(むち)を当て走らせる◆追い立てる、急(せ)かす◆追う、追い払う、追い遣(や)る◆速く走る、疾走する; 除:◆そこにあるものを押し退(の)ける、押し退けて場所をあける◆取り払う、取り去る◆それまでの官職を解(と)いて新しい官職に就(つ)ける、「除官(ジョカン)」◆それ,N1,on,on+on,A3_short_compound(on+on 71%),駆:◆馬に鞭(むち)を当て走らせる◆追い立てる、急(せ)かす◆追う、追い払う、追い遣(や)る◆速く走る、疾走する; 除:◆そこにあるものを押し退(の)ける、押し退けて場所をあける◆取り払う、取り去る◆それまでの官職を解(と)いて新しい官職に就(つ)ける、「除官(ジョカン)」◆それ
kk_騒動_そうどう,騒動,そうどう,騒:◆苛立(いらだ)って落ち着きがなくなる、そわそわする◆ざわざわする、がやがやする、多くの物や事が入り乱れて秩序がなくなる◆思い煩(わずら)って落ち着かない; 動:◆位置・姿勢・感情・状態・事情などが変わる、また変える、また変わり始める、「動作」「行動」「感動」◆やや・もすれば、どうかすると(～になる、～になりやすい),N1,on,on+on,B_verb_rad_力(kun 80%),騒:◆苛立(いらだ)って落ち着きがなくなる、そわそわする◆ざわざわする、がやがやする、多くの物や事が入り乱れて秩序がなくなる◆思い煩(わずら)って落ち着かない; 動:◆位置・姿勢・感情・状態・事情などが変わる、また変える、また変わり始める、「動作」「行動」「感動」◆やや・もすれば、どうかすると(～になる、～になりやすい)
kk_驕る_おごる,驕る,おごる,驕:◆見上げるように背の高い(六尺もある)馬、大きく逞(たくま)しい馬、同「䮦」◆高い所から他人を見下す◆高慢で自分勝手なさま、「驕矜(キョウキョウ)」,N1,kun,kun,IL1_okurigana(kun 96%) | IL2_single_okuri(kun 96%),驕:◆見上げるように背の高い(六尺もある)馬、大きく逞(たくま)しい馬、同「䮦」◆高い所から他人を見下す◆高慢で自分勝手なさま、「驕矜(キョウキョウ)」
kk_驚異_きょうい,驚異,きょうい,驚:◆(馬が)不意のことにぎょっとする、びっくりする、同簡「惊」; 異:◆こと・なる、(あれとは、これとは)別の、違った、同じでない◆普通(平常、一般)とは違っている、怪しい◆別々にする、分ける◆簡「异」,N1,on,on+on,A3_short_compound(on+on 71%),驚:◆(馬が)不意のことにぎょっとする、びっくりする、同簡「惊」; 異:◆こと・なる、(あれとは、これとは)別の、違った、同じでない◆普通(平常、一般)とは違っている、怪しい◆別々にする、分ける◆簡「异」
kk_驚異的_きょういてき,驚異的,きょういてき,驚:◆(馬が)不意のことにぎょっとする、びっくりする、同簡「惊」; 異:◆こと・なる、(あれとは、これとは)別の、違った、同じでない◆普通(平常、一般)とは違っている、怪しい◆別々にする、分ける◆簡「异」; 的:◆弓で矢を射(い)る時の目標とするもの、同「㢩」「墑」◆額(ひたい)の部分だけが白い馬、またその額の白い部分、女性が額に施(ほどこ)す(赤い点状の)装飾◆(弓の,N1,on,on+on+on,A4_multi_on(on+on+on 65%),驚:◆(馬が)不意のことにぎょっとする、びっくりする、同簡「惊」; 異:◆こと・なる、(あれとは、これとは)別の、違った、同じでない◆普通(平常、一般)とは違っている、怪しい◆別々にする、分ける◆簡「异」; 的:◆弓で矢を射(い)る時の目標とするもの、同「㢩」「墑」◆額(ひたい)の部分だけが白い馬、またその額の白い部分、女性が額に施(ほどこ)す(赤い点状の)装飾◆(弓の
kk_骨董_こっとう,骨董,こっとう,骨:◆脊椎(セキツイ)動物の体の内側にあって、体の各組織の位置や形を支え、保ち、また保護する役目を担う堅い組織◆人の芯(シン)を貫いているもの、人となり、人としての; 董:◆正す、取り締まる、管理監督する◆大切にしまい込む◆「董事(トンシー)」、団体の理事、会社の取締役,N1,on,on+on,,骨:◆脊椎(セキツイ)動物の体の内側にあって、体の各組織の位置や形を支え、保ち、また保護する役目を担う堅い組織◆人の芯(シン)を貫いているもの、人となり、人としての; 董:◆正す、取り締まる、管理監督する◆大切にしまい込む◆「董事(トンシー)」、団体の理事、会社の取締役
kk_高々_たかだか,高々,たかだか,高:◆上下の方向で上の方、標準的・平均的な程度よりも上にある◆幾つかのものを比べた時に上にある、また優(すぐ)れている、また尊(とうと)い◆標準・基準や想定・期待を,N1,kun,kun,IL2_single_default(kun 84%),高:◆上下の方向で上の方、標準的・平均的な程度よりも上にある◆幾つかのものを比べた時に上にある、また優(すぐ)れている、また尊(とうと)い◆標準・基準や想定・期待を
kk_高が_たかが,高が,たかが,高:◆上下の方向で上の方、標準的・平均的な程度よりも上にある◆幾つかのものを比べた時に上にある、また優(すぐ)れている、また尊(とうと)い◆標準・基準や想定・期待を,N1,kun,kun,IL1_okurigana(kun 96%) | IL2_single_okuri(kun 96%),高:◆上下の方向で上の方、標準的・平均的な程度よりも上にある◆幾つかのものを比べた時に上にある、また優(すぐ)れている、また尊(とうと)い◆標準・基準や想定・期待を
kk_高み_たかみ,高み,たかみ,高:◆上下の方向で上の方、標準的・平均的な程度よりも上にある◆幾つかのものを比べた時に上にある、また優(すぐ)れている、また尊(とうと)い◆標準・基準や想定・期待を,N1,kun,kun,IL1_okurigana(kun 96%) | IL2_single_okuri(kun 96%),高:◆上下の方向で上の方、標準的・平均的な程度よりも上にある◆幾つかのものを比べた時に上にある、また優(すぐ)れている、また尊(とうと)い◆標準・基準や想定・期待を
kk_高低_こうてい,高低,こうてい,高:◆上下の方向で上の方、標準的・平均的な程度よりも上にある◆幾つかのものを比べた時に上にある、また優(すぐ)れている、また尊(とうと)い◆標準・基準や想定・期待を; 低:◆上下の方向で下の方、標準的・平均的な程度よりも下にある◆幾つかのものを比べた時に下にある、また劣っている、また卑(いや)しい◆標準・基準や想定・期待に届かない,N1,on,on+on,,高:◆上下の方向で上の方、標準的・平均的な程度よりも上にある◆幾つかのものを比べた時に上にある、また優(すぐ)れている、また尊(とうと)い◆標準・基準や想定・期待を; 低:◆上下の方向で下の方、標準的・平均的な程度よりも下にある◆幾つかのものを比べた時に下にある、また劣っている、また卑(いや)しい◆標準・基準や想定・期待に届かない
kk_高原_こうげん,高原,こうげん,高:◆上下の方向で上の方、標準的・平均的な程度よりも上にある◆幾つかのものを比べた時に上にある、また優(すぐ)れている、また尊(とうと)い◆標準・基準や想定・期待を; 原:◆源(みなもと)、地下水が地表に湧(わ)き出るところ、同「厡」「源」[†「原」は「厂(崖や岸)」「泉(水が地表に湧き出るところ)」の合字†]◆物事の始まり、物事,N1,on,on+on,,高:◆上下の方向で上の方、標準的・平均的な程度よりも上にある◆幾つかのものを比べた時に上にある、また優(すぐ)れている、また尊(とうと)い◆標準・基準や想定・期待を; 原:◆源(みなもと)、地下水が地表に湧(わ)き出るところ、同「厡」「源」[†「原」は「厂(崖や岸)」「泉(水が地表に湧き出るところ)」の合字†]◆物事の始まり、物事
kk_高台_たかだい,高台,たかだい,高:◆上下の方向で上の方、標準的・平均的な程度よりも上にある◆幾つかのものを比べた時に上にある、また優(すぐ)れている、また尊(とうと)い◆標準・基準や想定・期待を; 台:◆我(われ)、自分を指す語、同「吾」「余」「予」◆「三台星(サンタイセイ)、三台(サンタイ)」、紫微垣(シビエン、天の北極を中心とした区画で天帝が住むとされた、,N1,mixed,kun+on~,,高:◆上下の方向で上の方、標準的・平均的な程度よりも上にある◆幾つかのものを比べた時に上にある、また優(すぐ)れている、また尊(とうと)い◆標準・基準や想定・期待を; 台:◆我(われ)、自分を指す語、同「吾」「余」「予」◆「三台星(サンタイセイ)、三台(サンタイ)」、紫微垣(シビエン、天の北極を中心とした区画で天帝が住むとされた、
kk_高尚_こうしょう,高尚,こうしょう,高:◆上下の方向で上の方、標準的・平均的な程度よりも上にある◆幾つかのものを比べた時に上にある、また優(すぐ)れている、また尊(とうと)い◆標準・基準や想定・期待を; 尚:◆～と同じように、～でさえも、「他の同じようなものと比べてもあまり変わり(差異)はない」の意◆(～と同じようであるばかりでなく)更に、その上に◆希(こいねが)う,N1,on,on+on,,高:◆上下の方向で上の方、標準的・平均的な程度よりも上にある◆幾つかのものを比べた時に上にある、また優(すぐ)れている、また尊(とうと)い◆標準・基準や想定・期待を; 尚:◆～と同じように、～でさえも、「他の同じようなものと比べてもあまり変わり(差異)はない」の意◆(～と同じようであるばかりでなく)更に、その上に◆希(こいねが)う
kk_高揚_こうよう,高揚,こうよう,高:◆上下の方向で上の方、標準的・平均的な程度よりも上にある◆幾つかのものを比べた時に上にある、また優(すぐ)れている、また尊(とうと)い◆標準・基準や想定・期待を; 揚:◆高く上がる、高く上げる◆(気持ちや声などが)高まる、高める◆(名前や評判などが)高まり広まる、広く伝わる◆[日]熱した油の中に食材を入れて調理する,N1,on,on+on,B_verb_rad_手(kun 80%),高:◆上下の方向で上の方、標準的・平均的な程度よりも上にある◆幾つかのものを比べた時に上にある、また優(すぐ)れている、また尊(とうと)い◆標準・基準や想定・期待を; 揚:◆高く上がる、高く上げる◆(気持ちや声などが)高まる、高める◆(名前や評判などが)高まり広まる、広く伝わる◆[日]熱した油の中に食材を入れて調理する
kk_高配_こうはい,高配,こうはい,高:◆上下の方向で上の方、標準的・平均的な程度よりも上にある◆幾つかのものを比べた時に上にある、また優(すぐ)れている、また尊(とうと)い◆標準・基準や想定・期待を; 配:◆釣り合いが取れるようにする、相応(ふさわ)しい形や状態にする◆幾つかのものを合わせて(結び付けて)整える、調和させる◆結婚した相手、また妻、「配偶(ハイグウ、,N1,on,on+on,,高:◆上下の方向で上の方、標準的・平均的な程度よりも上にある◆幾つかのものを比べた時に上にある、また優(すぐ)れている、また尊(とうと)い◆標準・基準や想定・期待を; 配:◆釣り合いが取れるようにする、相応(ふさわ)しい形や状態にする◆幾つかのものを合わせて(結び付けて)整える、調和させる◆結婚した相手、また妻、「配偶(ハイグウ、
kk_高額_こうがく,高額,こうがく,高:◆上下の方向で上の方、標準的・平均的な程度よりも上にある◆幾つかのものを比べた時に上にある、また優(すぐ)れている、また尊(とうと)い◆標準・基準や想定・期待を; 額:◆髪の生え際から眉の上まで部分、顔の目より上の部分◆建物の正面入口や門の上部中央に掲げる平板、額(ひたい、顔の上部)と同じような位置に掲げることから◆予(あらか,N1,on,on+on,,高:◆上下の方向で上の方、標準的・平均的な程度よりも上にある◆幾つかのものを比べた時に上にある、また優(すぐ)れている、また尊(とうと)い◆標準・基準や想定・期待を; 額:◆髪の生え際から眉の上まで部分、顔の目より上の部分◆建物の正面入口や門の上部中央に掲げる平板、額(ひたい、顔の上部)と同じような位置に掲げることから◆予(あらか
kk_高飛車_たかびしゃ,高飛車,たかびしゃ,高:◆上下の方向で上の方、標準的・平均的な程度よりも上にある◆幾つかのものを比べた時に上にある、また優(すぐ)れている、また尊(とうと)い◆標準・基準や想定・期待を; 飛:◆鳥や昆虫などが翼(つばさ)を羽ばたかせて空中を行く◆空中を移動する、「飛語(ヒゴ、素早く広まる話、根拠のない噂話)」◆(飛ぶように)ぱっと(速く)移動するさま; 車:◆二つの輪(リン、車輪)の中心に軸(ジク、車軸)を通し、その上に人や物を乗せるための台(車台)を設(しつら)えたもの ◆輪状・円状のものが軸を中心として回転する,N1,other,mixed+mixed+mixed~,A4_multi_on(on+on+on 65%),高:◆上下の方向で上の方、標準的・平均的な程度よりも上にある◆幾つかのものを比べた時に上にある、また優(すぐ)れている、また尊(とうと)い◆標準・基準や想定・期待を; 飛:◆鳥や昆虫などが翼(つばさ)を羽ばたかせて空中を行く◆空中を移動する、「飛語(ヒゴ、素早く広まる話、根拠のない噂話)」◆(飛ぶように)ぱっと(速く)移動するさま; 車:◆二つの輪(リン、車輪)の中心に軸(ジク、車軸)を通し、その上に人や物を乗せるための台(車台)を設(しつら)えたもの ◆輪状・円状のものが軸を中心として回転する
kk_鬱病_うつびょう,鬱病,うつびょう,鬱:◆木が辺りを塞(ふさ)ぐように生い茂るさま、同「鬰」「䖇」◆樹木の香りが辺りに立ち籠(こ)める、籠(こ)もる、周りを塞がれて行き所がなくなる、「鬱陶(ウットウ); 病:◆体調や精神状態が正常でなくなる◆不調なさま、普段の或いは正常な状態でないさま◆体や心を痛める、憂える、苦しむ,N1,on,on+on,,鬱:◆木が辺りを塞(ふさ)ぐように生い茂るさま、同「鬰」「䖇」◆樹木の香りが辺りに立ち籠(こ)める、籠(こ)もる、周りを塞がれて行き所がなくなる、「鬱陶(ウットウ); 病:◆体調や精神状態が正常でなくなる◆不調なさま、普段の或いは正常な状態でないさま◆体や心を痛める、憂える、苦しむ
kk_鬱陶しい_うっとうしい,鬱陶しい,うっとうしい,鬱:◆木が辺りを塞(ふさ)ぐように生い茂るさま、同「鬰」「䖇」◆樹木の香りが辺りに立ち籠(こ)める、籠(こ)もる、周りを塞がれて行き所がなくなる、「鬱陶(ウットウ); 陶:◆土を捏(こ)ねて形を作り焼く、またそうして作ったもの、同「匋」「𡍒」◆「陶器(トウキ)」、土を捏(こ)ねて形を作り焼いたものの総称、焼物(やきもの)、素焼きの,N1,on,on+on~,IL1_okurigana(kun 96%) | A1_compound_oku(kun 90%) | A1_on_kun_mix(on+kun 65%),鬱:◆木が辺りを塞(ふさ)ぐように生い茂るさま、同「鬰」「䖇」◆樹木の香りが辺りに立ち籠(こ)める、籠(こ)もる、周りを塞がれて行き所がなくなる、「鬱陶(ウットウ); 陶:◆土を捏(こ)ねて形を作り焼く、またそうして作ったもの、同「匋」「𡍒」◆「陶器(トウキ)」、土を捏(こ)ねて形を作り焼いたものの総称、焼物(やきもの)、素焼きの
kk_魂_たましい,魂,たましい,魂:◆陽の精気、人の思考や感情などを掌(つかさど)ると考えられたもの、死後は肉体を離れ滅びることなく存在すると考えられたもの、陰の精気で肉体を掌るのは「魄」◆心、精,N1,kun,kun,IL2_single_default(kun 84%),魂:◆陽の精気、人の思考や感情などを掌(つかさど)ると考えられたもの、死後は肉体を離れ滅びることなく存在すると考えられたもの、陰の精気で肉体を掌るのは「魄」◆心、精
kk_魅了_みりょう,魅了,みりょう,魅:◆人の心を引き付けて惑わす◆得体の知れない怪しいもの、物の怪(もののけ)、妖怪(ヨウカイ)、同「鬽」◆山林の精気から生じ人に災(わざわ)いを齎(もたら)すという; 了:◆～し終わる、～し終える、完結する◆はっきりと分かる、はっきりしている、明らかなさま、同「瞭」◆全く、すっかり,N1,on,on+on,A3_short_compound(on+on 71%),魅:◆人の心を引き付けて惑わす◆得体の知れない怪しいもの、物の怪(もののけ)、妖怪(ヨウカイ)、同「鬽」◆山林の精気から生じ人に災(わざわ)いを齎(もたら)すという; 了:◆～し終わる、～し終える、完結する◆はっきりと分かる、はっきりしている、明らかなさま、同「瞭」◆全く、すっかり
kk_鮨詰め_すしづめ,鮨詰め,すしづめ,鮨:◆麹(こうじ)・糟(ソウ、かす、酒粕)などに塩を加え、これに魚に漬けて発酵させたもの、魚醤(ギョショウ)、同「鮓」◆ハタ(羽太)、ハタ科ハタ亜科に属する魚の総称; 詰:◆厳(きび)しく問い責(せ)める◆追及(ツイキュウ)する、「詰問(キツモン、厳しく問い返事を迫る)」◆曲がる、屈(かが)む◆次の日、「詰旦(キッタン、次の日の明,N1,other,mixed+mixed~,IL1_okurigana(kun 96%) | A1_compound_oku(kun 90%) | A1_on_kun_mix(on+kun 65%),鮨:◆麹(こうじ)・糟(ソウ、かす、酒粕)などに塩を加え、これに魚に漬けて発酵させたもの、魚醤(ギョショウ)、同「鮓」◆ハタ(羽太)、ハタ科ハタ亜科に属する魚の総称; 詰:◆厳(きび)しく問い責(せ)める◆追及(ツイキュウ)する、「詰問(キツモン、厳しく問い返事を迫る)」◆曲がる、屈(かが)む◆次の日、「詰旦(キッタン、次の日の明
kk_鮮やか_あざやか,鮮やか,あざやか,鮮:◆新たに捌いたばかりの魚や肉◆新しく瑞々(みずみず)しいさま、艶々(つやつや)として干乾(ひから)びたり腐ったりしていないさま◆くすみや汚(けが)れがないさま、,N1,kun,kun,IL1_okurigana(kun 96%) | IL2_single_okuri(kun 96%) | B_noun_rad_魚(kun 93%),鮮:◆新たに捌いたばかりの魚や肉◆新しく瑞々(みずみず)しいさま、艶々(つやつや)として干乾(ひから)びたり腐ったりしていないさま◆くすみや汚(けが)れがないさま、
kk_鯨_くじら,鯨,くじら,鯨:◆クジラ(鯨)、クジラ目の水棲哺乳動物の総称、特に雄を指す、雌は「鯢」,N1,kun,kun,IL2_single_default(kun 84%) | B_noun_rad_魚(kun 93%),鯨:◆クジラ(鯨)、クジラ目の水棲哺乳動物の総称、特に雄を指す、雌は「鯢」
kk_鳴り物入り_なりものいり,鳴り物入り,なりものいり,鳴:◆鳥が声を発する、またその声◆鳥・獣(けもの)・昆虫などの発する声、楽器や物などが発する音、またその音がする、またその音が伝わり聞こえて来る; 物:◆(天地の間に存在する)人以外の形のあるもの、人は「者」、形のないものは「事」; 入:◆範囲・領域・組織や区切り・境界の外(外側、外部、表側、向こう側、公のところ)から内(内側、内部、裏側、こちら側、私的なところ)に移る、また移す、内から外へ移る,N1,kun,kun+kun+kun~,IL1_okurigana(kun 96%) | A1_compound_oku(kun 90%) | A1_on_kun_mix(on+kun 65%),鳴:◆鳥が声を発する、またその声◆鳥・獣(けもの)・昆虫などの発する声、楽器や物などが発する音、またその音がする、またその音が伝わり聞こえて来る; 物:◆(天地の間に存在する)人以外の形のあるもの、人は「者」、形のないものは「事」; 入:◆範囲・領域・組織や区切り・境界の外(外側、外部、表側、向こう側、公のところ)から内(内側、内部、裏側、こちら側、私的なところ)に移る、また移す、内から外へ移る
kk_鵜呑み_うのみ,鵜呑み,うのみ,鵜:◆ペリカンpelican、ペリカン科の水鳥、同「鵜鶘、鴺鶘(テイコ)」「鴮鸅(オタク)」◆「鵜鴂(テイケツ)」、カッコウ(郭公)やホトトギス(杜鵑)などカッコウ; 呑:◆口に入れたものを噛(か)まずに嚥下(エンカ、エンゲ、咽下)する、丸のまま飲み込む◆相手を飲み込む、丸飲みにする、「兼吞(ケンドン、他国を自国の支配下に併合する,N1,kun,kun+kun,IL1_okurigana(kun 96%) | A1_compound_oku(kun 90%) | A1_on_kun_mix(on+kun 65%),鵜:◆ペリカンpelican、ペリカン科の水鳥、同「鵜鶘、鴺鶘(テイコ)」「鴮鸅(オタク)」◆「鵜鴂(テイケツ)」、カッコウ(郭公)やホトトギス(杜鵑)などカッコウ; 呑:◆口に入れたものを噛(か)まずに嚥下(エンカ、エンゲ、咽下)する、丸のまま飲み込む◆相手を飲み込む、丸飲みにする、「兼吞(ケンドン、他国を自国の支配下に併合する
kk_麗しい_うるわしい,麗しい,うるわしい,麗:◆形が整い立派で美しい◆(鹿の角のように)ペアpair(対)になって並ぶ◆連なる◆[日]うら・らか、晴れて穏やかなさま,N1,kun,kun,IL1_okurigana(kun 96%) | IL2_single_okuri(kun 96%),麗:◆形が整い立派で美しい◆(鹿の角のように)ペアpair(対)になって並ぶ◆連なる◆[日]うら・らか、晴れて穏やかなさま
kk_麻痺_まひ,麻痺,まひ,麻:◆アサ(麻)、アサ科アサ属の草、また同科同属の植物の称 ◆「苧麻(チョマ)」「亜麻(アマ)」「大麻(タイマ)」など繊維を採(と)る植物の総称◆「胡麻(ゴマ)」、; 痺:◆筋肉や関節が痛んだり麻痺(まひ、感覚がなくなる)したりする、同「痹」◆雌のウズラ(鶉)、キジ科のウズラ属・ヤマウズラ属など、またミフウズラ科・ナンベイウズラ科,N1,on,on+on,A3_short_compound(on+on 71%),麻:◆アサ(麻)、アサ科アサ属の草、また同科同属の植物の称 ◆「苧麻(チョマ)」「亜麻(アマ)」「大麻(タイマ)」など繊維を採(と)る植物の総称◆「胡麻(ゴマ)」、; 痺:◆筋肉や関節が痛んだり麻痺(まひ、感覚がなくなる)したりする、同「痹」◆雌のウズラ(鶉)、キジ科のウズラ属・ヤマウズラ属など、またミフウズラ科・ナンベイウズラ科
kk_黙々_もくもく,黙々,もくもく,黙:◆(話を止めて)口を噤(つぐ)む、語(かた)らない、口を利かず静かにする,N1,on,on,IL2_single_default(kun 84%),黙:◆(話を止めて)口を噤(つぐ)む、語(かた)らない、口を利かず静かにする
kk_齎す_もたらす,齎す,もたらす,齎:◆もたら・す、持って行って相手に与える、持って来たものを相手に渡す,N1,kun,kun,IL1_okurigana(kun 96%) | IL2_single_okuri(kun 96%),齎:◆もたら・す、持って行って相手に与える、持って来たものを相手に渡す
kk_（宛/恰）_あたかも,（宛/恰）,あたかも,宛:◆曲がる、くねる、緩(ゆる)やかに曲がる、同「惌」◆あたか・も、まるで、まるで～のよう、「宛然(エンゼン)」◆「大宛(ダイエン)」、古国名、漢代(前202年～2; 恰:◆あたか・も、丁度(ちょうど)、正(まさ)しく、ぴったりと、「恰恰(コウコウ、丁度、正しく)」「恰当(コウトウ、丁度よいさま、ぴったりと合うさま)」「恰好(コウ,N1,kun,kun+kun~,B_noun_rad_宀(kun 93%),宛:◆曲がる、くねる、緩(ゆる)やかに曲がる、同「惌」◆あたか・も、まるで、まるで～のよう、「宛然(エンゼン)」◆「大宛(ダイエン)」、古国名、漢代(前202年～2; 恰:◆あたか・も、丁度(ちょうど)、正(まさ)しく、ぴったりと、「恰恰(コウコウ、丁度、正しく)」「恰当(コウトウ、丁度よいさま、ぴったりと合うさま)」「恰好(コウ
kk_（間誤付く）_まごつく,（間誤付く）,まごつく,間:◆両側からぴったりと閉じられずに開いているところ、(空間・時間・物事・関係などが)連続せずに途切れているところ、開いたり途切れたりして何もないところ、隙(すき); 誤:◆間違う、本来の仕方(しかた、やり方・方法・手段など)を違(たが)える、理解・判断・行動の際の基準(基準の選択、基準の本来の意味)を取り違える◆判断を間違う、思; 付:◆手ずから授(さず)ける、直接手を取って与える、同「仅」◆渡し与える、渡して任せる、委(ゆだ)ねる◆[日]他のものに加える、また添える、また足す、同「附」,N1,mixed,kun+on+kun~,IL1_okurigana(kun 96%) | A1_compound_oku(kun 90%) | A1_on_kun_mix(on+kun 65%),間:◆両側からぴったりと閉じられずに開いているところ、(空間・時間・物事・関係などが)連続せずに途切れているところ、開いたり途切れたりして何もないところ、隙(すき); 誤:◆間違う、本来の仕方(しかた、やり方・方法・手段など)を違(たが)える、理解・判断・行動の際の基準(基準の選択、基準の本来の意味)を取り違える◆判断を間違う、思; 付:◆手ずから授(さず)ける、直接手を取って与える、同「仅」◆渡し与える、渡して任せる、委(ゆだ)ねる◆[日]他のものに加える、また添える、また足す、同「附」
kk_～ん坊_～んぼう,～ん坊,～んぼう,坊:◆市街を区画(クカク)する道、街巷(ガイコウ)、里巷(リコウ)◆市街の道で区切られた区画◆住まい、住居、同「房」「𠩝」◆防(ふせ)ぐ、遮(さえぎ)る、同「防」◆,N1,on,on~,IL1_okurigana(kun 96%) | IL2_single_okuri(kun 96%),坊:◆市街を区画(クカク)する道、街巷(ガイコウ)、里巷(リコウ)◆市街の道で区切られた区画◆住まい、住居、同「房」「𠩝」◆防(ふせ)ぐ、遮(さえぎ)る、同「防」◆
kk_～主_～ぬし,～主,～ぬし,主:◆蝋燭やランプなどの灯心、同「炷」◆多くの中で特に重要な、またそのような人◆中心となるもの、中心にあるもの、またそのような人◆司(つかさど)る、中心となって統治,N1,kun,kun,IL2_single_default(kun 84%),主:◆蝋燭やランプなどの灯心、同「炷」◆多くの中で特に重要な、またそのような人◆中心となるもの、中心にあるもの、またそのような人◆司(つかさど)る、中心となって統治
kk_～交う_～かう,～交う,～かう,"交:◆形や状態などが""＋Ｘ""字形(交差する)ような形になるさま、違う方向から進んできたものが一点で出会うさま、交叉(コウサ)するさま、同「䢒」◆互いに行き来し合う、",N1,kun,kun,IL1_okurigana(kun 96%) | IL2_single_okuri(kun 96%),"交:◆形や状態などが""＋Ｘ""字形(交差する)ような形になるさま、違う方向から進んできたものが一点で出会うさま、交叉(コウサ)するさま、同「䢒」◆互いに行き来し合う、"
kk_～付け_～つけ,～付け,～つけ,付:◆手ずから授(さず)ける、直接手を取って与える、同「仅」◆渡し与える、渡して任せる、委(ゆだ)ねる◆[日]他のものに加える、また添える、また足す、同「附」,N1,kun,kun,IL1_okurigana(kun 96%) | IL2_single_okuri(kun 96%),付:◆手ずから授(さず)ける、直接手を取って与える、同「仅」◆渡し与える、渡して任せる、委(ゆだ)ねる◆[日]他のものに加える、また添える、また足す、同「附」
kk_～作_～さく,～作,～さく,作:◆働(はたらく)く、力や手を加える、為(な)す、「作業(サギョウ)」「作為(サクイ)」◆力や手を加えることによって物事や状態を変化させる、また他に影響を与える、,N1,other,unknown,IL2_single_default(kun 84%),作:◆働(はたらく)く、力や手を加える、為(な)す、「作業(サギョウ)」「作為(サクイ)」◆力や手を加えることによって物事や状態を変化させる、また他に影響を与える、
kk_～像_～ぞう,～像,～ぞう,像:◆象(かたど)る、人や物の姿形(すがたかたち)に似せる、また似る、また似せて作ったもの、同「象」◆もの(者や物)の姿形(すがたかたち)、また様子(ようす)、同「,N1,on,on~,IL2_on_only(on 99%),像:◆象(かたど)る、人や物の姿形(すがたかたち)に似せる、また似る、また似せて作ったもの、同「象」◆もの(者や物)の姿形(すがたかたち)、また様子(ようす)、同「
kk_～児_～じ,～児,～じ,児:◆生まれたばかりの(男の)子、乳飲み子、囟(シン、頭蓋の左右の骨の額から後頭部にかけての接合部分)が骨化していない2歳くらいまでの幼い子◆小さく弱々しいさま、初,N1,other,unknown,IL2_single_default(kun 84%),児:◆生まれたばかりの(男の)子、乳飲み子、囟(シン、頭蓋の左右の骨の額から後頭部にかけての接合部分)が骨化していない2歳くらいまでの幼い子◆小さく弱々しいさま、初
kk_～其の物_～そのもの,～其の物,～そのもの,其:◆人(その人)や事柄(そのこと、それ)や物(それ)などを指す語、that、it; 物:◆(天地の間に存在する)人以外の形のあるもの、人は「者」、形のないものは「事」,N1,kun,kun+kun~,IL1_okurigana(kun 96%) | A1_compound_oku(kun 90%) | A1_on_kun_mix(on+kun 65%),其:◆人(その人)や事柄(そのこと、それ)や物(それ)などを指す語、that、it; 物:◆(天地の間に存在する)人以外の形のあるもの、人は「者」、形のないものは「事」
kk_～圏_～けん,～圏,～けん,圏:◆家畜を飼(か)うために柵(さく)などを巡(めぐ)らせた囲(かこ)い◆囲われたところ、領域◆周りを囲う、取り囲む◆木などを曲げて丸く作った器、同「棬」,N1,on,on~,IL2_on_only(on 99%),圏:◆家畜を飼(か)うために柵(さく)などを巡(めぐ)らせた囲(かこ)い◆囲われたところ、領域◆周りを囲う、取り囲む◆木などを曲げて丸く作った器、同「棬」
kk_～増し_～まし,～増し,～まし,増:◆同質のものが積み重(かさ)なる、また繰り返される、同「曾」「層」◆付け加わる、大きくなる、多くなる,N1,kun,kun,IL1_okurigana(kun 96%) | IL2_single_okuri(kun 96%),増:◆同質のものが積み重(かさ)なる、また繰り返される、同「曾」「層」◆付け加わる、大きくなる、多くなる
kk_～士_～し,～士,～し,士:◆男(おとこ)、男子◆実務を担(にな)う下級の役人、またその官職名◆学徳や知能に秀(ひい)でた人、有能な人◆兵(つわもの)、「兵士(ヘイシ)」「士卒(シソツ)」,N1,on,on~,IL2_on_only(on 99%),士:◆男(おとこ)、男子◆実務を担(にな)う下級の役人、またその官職名◆学徳や知能に秀(ひい)でた人、有能な人◆兵(つわもの)、「兵士(ヘイシ)」「士卒(シソツ)」
kk_～外れ_～はずれ,～外れ,～はずれ,外:◆そと、範囲・領域・組織や区切り・境界の内(内側、内部)から出たもの、表に出ている(表に面している)もの、見えるところにあるもの、またそのようなところ、逆は「内,N1,kun,kun,IL1_okurigana(kun 96%) | IL2_single_okuri(kun 96%),外:◆そと、範囲・領域・組織や区切り・境界の内(内側、内部)から出たもの、表に出ている(表に面している)もの、見えるところにあるもの、またそのようなところ、逆は「内
kk_～尽くす_～つくす,～尽くす,～つくす,尽:◆器の中身を空(から)にする、全てを出し切る、同「儘」◆全て終える、最後まで全(まっと)うする◆ことごと・く、全て、余すところなく、あるものを残らず◆繁「盡」◆,N1,kun,kun,IL1_okurigana(kun 96%) | IL2_single_okuri(kun 96%),尽:◆器の中身を空(から)にする、全てを出し切る、同「儘」◆全て終える、最後まで全(まっと)うする◆ことごと・く、全て、余すところなく、あるものを残らず◆繁「盡」◆
kk_～層_～そう,～層,～そう,層:◆同質のものが積み重(かさ)なる、また繰り返される、同「曾」◆二階以上の建物、その重なった有様、同「樓」◆階級、等級,N1,on,on~,IL2_on_only(on 99%),層:◆同質のものが積み重(かさ)なる、また繰り返される、同「曾」◆二階以上の建物、その重なった有様、同「樓」◆階級、等級
kk_～干し_～ぼし,～干し,～ぼし,干:◆他の領域に入り込む、侵(おか)す、犯(おか)す◆求める、欲しいものを得ようとする◆相手の攻撃を防ぐ、くい止める、盾(たて)となる、盾◆「欄干(ランカン)」、長,N1,other,unknown,IL1_okurigana(kun 96%) | IL2_single_okuri(kun 96%),干:◆他の領域に入り込む、侵(おか)す、犯(おか)す◆求める、欲しいものを得ようとする◆相手の攻撃を防ぐ、くい止める、盾(たて)となる、盾◆「欄干(ランカン)」、長
kk_～張る_～ばる,～張る,～ばる,張:◆弓や弦楽器の弦(ゲン、つる)を弛(たる)まないように掛ける、二点間に糸や網などを渡す◆弛(ゆる)みがないようにぴんと伸ばす、皺(しわ)にならないようにぴんと延,N1,other,unknown,IL1_okurigana(kun 96%) | IL2_single_okuri(kun 96%),張:◆弓や弦楽器の弦(ゲン、つる)を弛(たる)まないように掛ける、二点間に糸や網などを渡す◆弛(ゆる)みがないようにぴんと伸ばす、皺(しわ)にならないようにぴんと延
kk_～心_～しん,～心,～しん,心:◆血液を循環させる働きをする臓器で五臓(心シン・肝カン・脾ヒ・肺ハイ・腎ジン)の一つ ◆ものの真(ま)ん中、真ん中(中心)にあるもの、ものの重要な部分、ものの本,N1,other,unknown,IL2_single_default(kun 84%),心:◆血液を循環させる働きをする臓器で五臓(心シン・肝カン・脾ヒ・肺ハイ・腎ジン)の一つ ◆ものの真(ま)ん中、真ん中(中心)にあるもの、ものの重要な部分、ものの本
kk_～心地_～ごこち,～心地,～ごこち,心:◆血液を循環させる働きをする臓器で五臓(心シン・肝カン・脾ヒ・肺ハイ・腎ジン)の一つ ◆ものの真(ま)ん中、真ん中(中心)にあるもの、ものの重要な部分、ものの本; 地:◆重い陰気が(下に沈み)集まるところ、万物が居並ぶ(存在する)ところ、軽い陽気が(上に浮き)集まるところを「天(テン)」、「【說文解字注:土部:地】元气初分輕清,N1,other,mixed+mixed~,,心:◆血液を循環させる働きをする臓器で五臓(心シン・肝カン・脾ヒ・肺ハイ・腎ジン)の一つ ◆ものの真(ま)ん中、真ん中(中心)にあるもの、ものの重要な部分、ものの本; 地:◆重い陰気が(下に沈み)集まるところ、万物が居並ぶ(存在する)ところ、軽い陽気が(上に浮き)集まるところを「天(テン)」、「【說文解字注:土部:地】元气初分輕清
kk_～慣らす_～ならす,～慣らす,～ならす,慣:◆何度も繰り返す、何度も繰り返すことによって身に付ける、同「習」「摜」◆なら・わし、繰り返されることで身に付いたこと、普段から繰り返し行われること、同「習」,N1,kun,kun,IL1_okurigana(kun 96%) | IL2_single_okuri(kun 96%),慣:◆何度も繰り返す、何度も繰り返すことによって身に付ける、同「習」「摜」◆なら・わし、繰り返されることで身に付いたこと、普段から繰り返し行われること、同「習」
kk_～扱い_～あつかい,～扱い,～あつかい,扱:◆挟(はさ)む、狭いところに差し入れる、同「插(挿)」◆引く、手前に引く、引き上げる◆搔(か)き集める、一カ所に集める、また集め取る、集めて片付ける、「【禮記注,N1,kun,kun,IL1_okurigana(kun 96%) | IL2_single_okuri(kun 96%) | B_verb_rad_手(kun 80%),扱:◆挟(はさ)む、狭いところに差し入れる、同「插(挿)」◆引く、手前に引く、引き上げる◆搔(か)き集める、一カ所に集める、また集め取る、集めて片付ける、「【禮記注
kk_～損なう_～そこなう,～損なう,～そこなう,損:◆減らす、失う、失(しっ)する、欠ける、傷付ける、貶(おとし)める、貶(けな)す、価値が低下したり状態が悪化したりすることを指す,N1,kun,kun,IL1_okurigana(kun 96%) | IL2_single_okuri(kun 96%) | B_verb_rad_手(kun 80%),損:◆減らす、失う、失(しっ)する、欠ける、傷付ける、貶(おとし)める、貶(けな)す、価値が低下したり状態が悪化したりすることを指す
kk_～果てる_～はてる,～果てる,～はてる,果:◆木の実、同「菓」◆は・たす、最後まで成し遂げる◆(芽を出し生長し花を咲かせ最終的には実が成ることから)物事の結末、最後まで成し遂げることによって得るもの、「結,N1,kun,kun,IL1_okurigana(kun 96%) | IL2_single_okuri(kun 96%) | B_noun_rad_木(kun 93%),果:◆木の実、同「菓」◆は・たす、最後まで成し遂げる◆(芽を出し生長し花を咲かせ最終的には実が成ることから)物事の結末、最後まで成し遂げることによって得るもの、「結
kk_～染みる_～じみる,～染みる,～じみる,染:◆液体が小さな隙間に滲(し)み込む、布などを液体に浸(ひた)して着色する、色を滲み込ませる◆色や匂いなどが付着する、またそれによってそれまでとは別のものになる、,N1,other,unknown,IL1_okurigana(kun 96%) | IL2_single_okuri(kun 96%) | B_noun_rad_木(kun 93%),染:◆液体が小さな隙間に滲(し)み込む、布などを液体に浸(ひた)して着色する、色を滲み込ませる◆色や匂いなどが付着する、またそれによってそれまでとは別のものになる、
kk_～橋_～きょう,～橋,～きょう,"橋:◆川や谷などの深く""ＵＶ""字状になっている上を横切るように板・棒・綱などを架け人が渡れるようにしたもの◆高いところに横に掛け渡した棒、またそのような形のもの◆高",N1,other,unknown,IL2_single_default(kun 84%) | B_noun_rad_木(kun 93%),"橋:◆川や谷などの深く""ＵＶ""字状になっている上を横切るように板・棒・綱などを架け人が渡れるようにしたもの◆高いところに横に掛け渡した棒、またそのような形のもの◆高"
kk_～止め_～どめ,～止め,～どめ,止:◆ものが動かないように(しっかりと)立つための支えとなる基(もと、土台)◆体を支える足(あし)◆同じ所に留(とど)まって動かない[†「止」は止まったまま動かない,N1,other,unknown,IL1_okurigana(kun 96%) | IL2_single_okuri(kun 96%),止:◆ものが動かないように(しっかりと)立つための支えとなる基(もと、土台)◆体を支える足(あし)◆同じ所に留(とど)まって動かない[†「止」は止まったまま動かない
kk_～気触れ_～かぶれ,～気触れ,～かぶれ,気:◆中国古来の考えで、天地全ての事物の基本要素、目に見えず形状は一定しない、あらゆる事物の生死・盛衰などの変化・変動はこの「気」の移動・集散によるものと考えられた; 触:◆角(つの)の先端が当たる、尖(とが)ったものの先端が軽く当たる、同「𧢻」◆一部分(全体の中のある限られた部分、狭い部分)に当たる、また押し当てる◆法で禁じられ,N1,on,on+mixed~,IL1_okurigana(kun 96%) | A1_compound_oku(kun 90%) | A1_on_kun_mix(on+kun 65%),気:◆中国古来の考えで、天地全ての事物の基本要素、目に見えず形状は一定しない、あらゆる事物の生死・盛衰などの変化・変動はこの「気」の移動・集散によるものと考えられた; 触:◆角(つの)の先端が当たる、尖(とが)ったものの先端が軽く当たる、同「𧢻」◆一部分(全体の中のある限られた部分、狭い部分)に当たる、また押し当てる◆法で禁じられ
kk_～派_～は,～派,～は,派:◆本流から枝分かれした流れ◆本筋の流れ(本流、主流、本家)から分かれ出たもの◆本(もと)の一部を割(さ)いて、本とは違う場所・方向に向かわせる、「派遣(ハケン),N1,on,on~,IL2_on_only(on 99%),派:◆本流から枝分かれした流れ◆本筋の流れ(本流、主流、本家)から分かれ出たもの◆本(もと)の一部を割(さ)いて、本とは違う場所・方向に向かわせる、「派遣(ハケン)
kk_～渡る_～わたる,～渡る,～わたる,渡:◆川や海などの水で隔(へだ)てられた対岸に行く、越えて行く、「渡河(トカ)」「渡江(トコウ)」「渡水(トスイ)」◆船着き場、対岸に人や物を運ぶ船が発着するところ,N1,kun,kun,IL1_okurigana(kun 96%) | IL2_single_okuri(kun 96%),渡:◆川や海などの水で隔(へだ)てられた対岸に行く、越えて行く、「渡河(トカ)」「渡江(トコウ)」「渡水(トスイ)」◆船着き場、対岸に人や物を運ぶ船が発着するところ
kk_～漏らす_～もらす,～漏らす,～もらす,漏:◆(屋根に滲み込んだ雨が)隙間から少しずつ滴(したた)り落ちる、同「屚」◆液体や臭いや隠していることなどが隙間を抜けて少しずつ外に零(こぼ)れ出る◆水時計、小さ,N1,kun,kun,IL1_okurigana(kun 96%) | IL2_single_okuri(kun 96%),漏:◆(屋根に滲み込んだ雨が)隙間から少しずつ滴(したた)り落ちる、同「屚」◆液体や臭いや隠していることなどが隙間を抜けて少しずつ外に零(こぼ)れ出る◆水時計、小さ
kk_～煩う_～わずらう,～煩う,～わずらう,煩:◆あれこれ多くの物や事が入り乱れるさま◆あれこれ多くの物や事が身に降りかかる、またそれで頭を痛める、また苛々(いらいら)する、また思い悩む、「煩悶(ハンモン)」,N1,kun,kun,IL1_okurigana(kun 96%) | IL2_single_okuri(kun 96%),煩:◆あれこれ多くの物や事が入り乱れるさま◆あれこれ多くの物や事が身に降りかかる、またそれで頭を痛める、また苛々(いらいら)する、また思い悩む、「煩悶(ハンモン)」
kk_～熟す_～こなす,～熟す,～こなす,熟:◆食べ頃になるまで十分に火を通す、また煮る、また焼く、同「孰」◆十分に食べ頃になる、十分に良い状態になる、十分に成長する◆十分な状態になるまで～する,N1,kun,kun,IL1_okurigana(kun 96%) | IL2_single_okuri(kun 96%),熟:◆食べ頃になるまで十分に火を通す、また煮る、また焼く、同「孰」◆十分に食べ頃になる、十分に良い状態になる、十分に成長する◆十分な状態になるまで～する
kk_～画_～が,～画,～が,画:◆筆で線を引く、また線を引いて区切る、同「划」◆漢字の線や点の数(画数)を数える語◆輪郭(リンカク)を描く◆事に先立って案を作る、計画する、同「図」◆絵、絵を描,N1,other,unknown,IL2_single_default(kun 84%),画:◆筆で線を引く、また線を引いて区切る、同「划」◆漢字の線や点の数(画数)を数える語◆輪郭(リンカク)を描く◆事に先立って案を作る、計画する、同「図」◆絵、絵を描
kk_～症_～しょう,～症,～しょう,症:◆病気の状態、病状◆繁「癥」,N1,on,on~,IL2_on_only(on 99%),症:◆病気の状態、病状◆繁「癥」
kk_～系_～けい,～系,～けい,系:◆切れている糸を(途切れているものを)繋(つな)ぐ、繋いで結び付ける、途切れないように継(つ)ぐ、同「繫」「係」◆関わる、関わりを持つ、繋がりを持つ、同「係」◆,N1,on,on~,IL2_on_only(on 99%),系:◆切れている糸を(途切れているものを)繋(つな)ぐ、繋いで結び付ける、途切れないように継(つ)ぐ、同「繫」「係」◆関わる、関わりを持つ、繋がりを持つ、同「係」◆
kk_～網_～もう,～網,～もう,網:◆糸や紐(ひも)を格子状に目を粗(あら)く編んだ魚や鳥獣を捕(と)らえる道具、特に魚を捕る網を指す、鳥を捕る網は「羅」、「網羅(モウラ、魚を捕る網と鳥を捕る網、,N1,other,unknown,IL2_single_default(kun 84%),網:◆糸や紐(ひも)を格子状に目を粗(あら)く編んだ魚や鳥獣を捕(と)らえる道具、特に魚を捕る網を指す、鳥を捕る網は「羅」、「網羅(モウラ、魚を捕る網と鳥を捕る網、
kk_～自体_～じたい,～自体,～じたい,自:◆みずか・ら、己(おのれ)、己の◆おの・ずから、己ひとりで、他からの影響を受けずに、それのみの力や意志で◆～から、～より、場所や時間の起点を表す◆みずから、部首; 体:◆頭から足の先までの全身、ものの全部、ものの主要な部分、またその姿形や様子、「身体(シンタイ、体、肉体)」「本体(ホンタイ、ものの本当の姿、ものの中心的部分)」,N1,on,on+on,,自:◆みずか・ら、己(おのれ)、己の◆おの・ずから、己ひとりで、他からの影響を受けずに、それのみの力や意志で◆～から、～より、場所や時間の起点を表す◆みずから、部首; 体:◆頭から足の先までの全身、ものの全部、ものの主要な部分、またその姿形や様子、「身体(シンタイ、体、肉体)」「本体(ホンタイ、ものの本当の姿、ものの中心的部分)」
kk_～視_～し,～視,～し,視:◆(自然に目に入ってきたものではなく、見ようとするものに視線を向けて)見る、よく見る、注意深く見る、よく比べながら見る◆見守る、見守り世話する◆示(しめ)す、は,N1,other,unknown,IL2_single_default(kun 84%),視:◆(自然に目に入ってきたものではなく、見ようとするものに視線を向けて)見る、よく見る、注意深く見る、よく比べながら見る◆見守る、見守り世話する◆示(しめ)す、は
kk_～観_～かん,～観,～かん,観:◆隅々までしっかりと見る、余すところなく見尽くす、「觀察(カンサツ、細部まで詳しく見て調べる)」、「【說文解字注:見部:觀】諦視也(宷諦之視也穀梁傳曰常事曰視非,N1,other,unknown,IL2_single_default(kun 84%),観:◆隅々までしっかりと見る、余すところなく見尽くす、「觀察(カンサツ、細部まで詳しく見て調べる)」、「【說文解字注:見部:觀】諦視也(宷諦之視也穀梁傳曰常事曰視非
kk_～財_～ざい,～財,～ざい,財:◆金銭・品物・土地・知識・人材などの有用なもの、同「材」◆金銭・品物・土地・知識・人材などの価値のあるもの、宝、富(とみ)◆形を整える、同「裁」◆僅(わず)か、,N1,on,on~,IL2_on_only(on 99%),財:◆金銭・品物・土地・知識・人材などの有用なもの、同「材」◆金銭・品物・土地・知識・人材などの価値のあるもの、宝、富(とみ)◆形を整える、同「裁」◆僅(わず)か、
kk_～越し_～ごし,～越し,～ごし,越:◆行く手(ゆくて)を阻(はば)んでいるものの上を跨(また)ぐようにしてその先に行く、区切りや障害となっているものの先に行く、同「逾」◆度(ど、区切り・限度・程度,N1,other,unknown,IL1_okurigana(kun 96%) | IL2_single_okuri(kun 96%),越:◆行く手(ゆくて)を阻(はば)んでいるものの上を跨(また)ぐようにしてその先に行く、区切りや障害となっているものの先に行く、同「逾」◆度(ど、区切り・限度・程度
kk_～身_～み,～身,～み,身:◆(頭部を除いた)体(からだ)、躯体(クタイ)、同「躯」「躬」◆中に含まれているもの、また入っているもの、本体◆人の一生、命(いのち)◆吾(われ)、我(わ)が、,N1,kun,kun,IL2_single_default(kun 84%),身:◆(頭部を除いた)体(からだ)、躯体(クタイ)、同「躯」「躬」◆中に含まれているもの、また入っているもの、本体◆人の一生、命(いのち)◆吾(われ)、我(わ)が、
kk_～陣_～じん,～陣,～じん,陣:◆戦いのために兵や兵車を配置したところ、同「塦」◆戦いのための軍勢の隊形、また隊列◆合戦、戦い◆盛衰・進退・増減などの寄せては引くような波状の動き◆「一陣(イチ,N1,on,on~,IL2_on_only(on 99%),陣:◆戦いのために兵や兵車を配置したところ、同「塦」◆戦いのための軍勢の隊形、また隊列◆合戦、戦い◆盛衰・進退・増減などの寄せては引くような波状の動き◆「一陣(イチ
kk_～隊_～たい,～隊,～たい,隊:◆同じ目的を持って行動する集団、特に軍の役割や機能ごとに組織した集団◆高い所から(ごろごろと転がりながら落ちるのではなく空中をまっすぐ下に)落ちる、落下する、同,N1,on,on~,IL2_on_only(on 99%),隊:◆同じ目的を持って行動する集団、特に軍の役割や機能ごとに組織した集団◆高い所から(ごろごろと転がりながら落ちるのではなく空中をまっすぐ下に)落ちる、落下する、同
kk_～類_～るい,～類,～るい,類:◆よく似ている、よく似たもの、よく似たものの集まり◆性格・性質が共通しているもの、またその集まり◆凡そ、大体、「似たもの、似ている」の意,N1,other,unknown,IL2_single_default(kun 84%),類:◆よく似ている、よく似たもの、よく似たものの集まり◆性格・性質が共通しているもの、またその集まり◆凡そ、大体、「似たもの、似ている」の意
kk_～高_～だか,～高,～だか,高:◆上下の方向で上の方、標準的・平均的な程度よりも上にある◆幾つかのものを比べた時に上にある、また優(すぐ)れている、また尊(とうと)い◆標準・基準や想定・期待を,N1,other,unknown,IL2_single_default(kun 84%),高:◆上下の方向で上の方、標準的・平均的な程度よりも上にある◆幾つかのものを比べた時に上にある、また優(すぐ)れている、また尊(とうと)い◆標準・基準や想定・期待を
